
Gurobi 13.0.2 (linux64) logging started Wed Jul 22 14:06:05 2026

Set parameter LogFile to value "/tmp/sweep_20260721_030322_iran_alt400km_s75_i1_v4_gurobi.log"
Set parameter Method to value 1
Set parameter NodefileStart to value 4
Set parameter RINS to value 50
Gurobi Optimizer version 13.0.2 build v13.0.2rc1 (linux64 - "Debian GNU/Linux 13 (trixie)")

CPU model: Intel(R) Xeon(R) Platinum 8375C CPU @ 2.90GHz, instruction set [SSE2|AVX|AVX2|AVX512]
Thread count: 16 physical cores, 32 logical processors, using up to 32 threads

Non-default parameters:
TimeLimit  14400
MIPGap  0.001
Method  1
LPWarmStart  1
Heuristics  0.2
MIPFocus  1
NodefileStart  4
RINS  50
Symmetry  2
Cuts  2
CoverCuts  2
LogToConsole  0

Academic license 2812613 - for non-commercial use only - registered to no___@gatech.edu
Optimize a model with 63184 rows, 50260 columns and 8616000 nonzeros (Min)
Model fingerprint: 0x86e3c7ab
Model has 50260 linear objective coefficients
Variable types: 0 continuous, 50260 integer (50260 binary)
Coefficient statistics:
  Matrix range     [1e+00, 1e+00]
  Objective range  [1e+00, 1e+00]
  Bounds range     [1e+00, 1e+00]
  RHS range        [8e+01, 8e+01]

Found heuristic solution: objective 34864.000000
Presolve removed 0 rows and 0 columns (presolve time = 5s)...
Presolve removed 0 rows and 0 columns (presolve time = 10s)...
Presolve removed 0 rows and 0 columns (presolve time = 15s)...
Presolve removed 0 rows and 0 columns (presolve time = 20s)...
Presolve removed 0 rows and 0 columns (presolve time = 25s)...
Presolve removed 0 rows and 0 columns (presolve time = 30s)...
Presolve removed 0 rows and 0 columns (presolve time = 35s)...
Presolve removed 0 rows and 0 columns (presolve time = 40s)...
Presolve removed 0 rows and 0 columns (presolve time = 45s)...
Presolve removed 0 rows and 0 columns (presolve time = 50s)...
Presolve removed 0 rows and 0 columns (presolve time = 55s)...
Presolve removed 0 rows and 0 columns (presolve time = 60s)...
Presolve removed 0 rows and 0 columns (presolve time = 65s)...
Presolve removed 0 rows and 0 columns (presolve time = 70s)...
Presolve removed 0 rows and 0 columns (presolve time = 75s)...
Presolve removed 0 rows and 0 columns (presolve time = 80s)...
Presolve removed 0 rows and 0 columns (presolve time = 85s)...
Presolve removed 0 rows and 0 columns (presolve time = 90s)...
Presolve time: 91.42s
Presolved: 63184 rows, 50260 columns, 8616000 nonzeros
Variable types: 0 continuous, 50260 integer (50260 binary)

Root simplex log...

Iteration    Objective       Primal Inf.    Dual Inf.      Time
       0    0.0000000e+00   4.738800e+06   0.000000e+00     93s
    1854    1.9567425e+04   2.527049e+06   0.000000e+00     95s
Warning: Markowitz tolerance tightened to 0.03125
    3304    2.0295969e+04   2.170198e+07   0.000000e+00    101s
    4319    2.0452444e+04   2.975090e+07   0.000000e+00    106s
    5189    2.0644934e+04   6.139475e+06   0.000000e+00    111s
    5909    2.0765429e+04   4.862734e+06   0.000000e+00    115s
Warning: Markowitz tolerance tightened to 0.0625
    6634    2.0878376e+04   1.178734e+07   0.000000e+00    120s
    7359    2.0997987e+04   1.630272e+07   0.000000e+00    125s
    7959    2.1102452e+04   7.825345e+06   0.000000e+00    130s
    8609    2.1186994e+04   1.254936e+06   0.000000e+00    135s
    9239    2.1263814e+04   8.369074e+06   0.000000e+00    141s
    9739    2.1321241e+04   1.234958e+07   0.000000e+00    145s
   10339    2.1393789e+04   2.494828e+06   0.000000e+00    151s
   10809    2.1434605e+04   9.601030e+06   0.000000e+00    155s
   11259    2.1481073e+04   4.340239e+06   0.000000e+00    160s
   11809    2.1535654e+04   2.798486e+06   0.000000e+00    166s
   12259    2.1571583e+04   6.809669e+06   0.000000e+00    171s
   12709    2.1605819e+04   5.678507e+07   0.000000e+00    176s
   13159    2.1640336e+04   1.101118e+06   0.000000e+00    181s
   13609    2.1671442e+04   1.299321e+06   0.000000e+00    186s
   14059    2.1708388e+04   2.540893e+07   0.000000e+00    191s
   14419    2.1734413e+04   5.860507e+06   0.000000e+00    195s
   14869    2.1768954e+04   2.063269e+06   0.000000e+00    201s
   15319    2.1798482e+04   7.452621e+05   0.000000e+00    206s
   15669    2.1820099e+04   5.389538e+06   0.000000e+00    210s
   16079    2.1847149e+04   5.712037e+06   0.000000e+00    215s
   16479    2.1872168e+04   9.479323e+05   0.000000e+00    220s
   16879    2.1896150e+04   2.845184e+06   0.000000e+00    226s
   17279    2.1917792e+04   1.886359e+06   0.000000e+00    231s
   17679    2.1941080e+04   1.526554e+06   0.000000e+00    236s
   18079    2.1963257e+04   1.543839e+06   0.000000e+00    241s
   18399    2.1980377e+04   4.010752e+06   0.000000e+00    245s
   18799    2.2003601e+04   3.305221e+06   0.000000e+00    251s
   19199    2.2023862e+04   7.687164e+05   0.000000e+00    256s
   19519    2.2038899e+04   2.338879e+06   0.000000e+00    260s
   19919    2.2057694e+04   7.774177e+06   0.000000e+00    266s
   20239    2.2070304e+04   1.857522e+06   0.000000e+00    270s
   20619    2.2087057e+04   2.346516e+06   0.000000e+00    276s
   20919    2.2099629e+04   5.586827e+06   0.000000e+00    280s
   21289    2.2115360e+04   5.730853e+05   0.000000e+00    286s
   21579    2.2128676e+04   1.218672e+06   0.000000e+00    290s
   21929    2.2144354e+04   3.647742e+06   0.000000e+00    296s
   22279    2.2158272e+04   2.166049e+07   0.000000e+00    301s
   22559    2.2168934e+04   6.124086e+06   0.000000e+00    305s
   22909    2.2183544e+04   6.439490e+05   0.000000e+00    311s
   23189    2.2194709e+04   2.023810e+06   0.000000e+00    315s
   23539    2.2207457e+04   5.251044e+06   0.000000e+00    321s
   23819    2.2217853e+04   2.064883e+06   0.000000e+00    326s
   24099    2.2229137e+04   1.601581e+06   0.000000e+00    330s
   24449    2.2241807e+04   1.665255e+06   0.000000e+00    336s
   24729    2.2250942e+04   7.821676e+05   0.000000e+00    340s
   25009    2.2260275e+04   1.597830e+06   0.000000e+00    345s
   25359    2.2271721e+04   2.443475e+07   0.000000e+00    351s
   25639    2.2281590e+04   4.611596e+06   0.000000e+00    356s
   25919    2.2290975e+04   6.862640e+05   0.000000e+00    361s
   26199    2.2298817e+04   7.226979e+05   0.000000e+00    365s
   26479    2.2307241e+04   3.875197e+05   0.000000e+00    370s
   26829    2.2318420e+04   1.078772e+06   0.000000e+00    376s
   27109    2.2328022e+04   1.740708e+06   0.000000e+00    381s
   27389    2.2337728e+04   2.378328e+06   0.000000e+00    386s
   27669    2.2346627e+04   1.966797e+06   0.000000e+00    391s
   27949    2.2354577e+04   7.304472e+06   0.000000e+00    396s
   28229    2.2363000e+04   1.668857e+06   0.000000e+00    401s
   28509    2.2370184e+04   2.822702e+06   0.000000e+00    406s
   28719    2.2376761e+04   2.415136e+06   0.000000e+00    410s
   28999    2.2383981e+04   4.514802e+06   0.000000e+00    415s
   29279    2.2392442e+04   1.257631e+06   0.000000e+00    421s
   29529    2.2399267e+04   4.409929e+06   0.000000e+00    425s
   29809    2.2406465e+04   8.004599e+05   0.000000e+00    430s
   30089    2.2413783e+04   1.201570e+07   0.000000e+00    436s
   30399    2.2421122e+04   1.146940e+06   0.000000e+00    441s
   30639    2.2426580e+04   8.978322e+05   0.000000e+00    446s
   30939    2.2433099e+04   2.502844e+06   0.000000e+00    452s
   31179    2.2438736e+04   1.887922e+06   0.000000e+00    456s
   31399    2.2442410e+04   3.806259e+06   0.000000e+00    460s
   31679    2.2448421e+04   1.422538e+06   0.000000e+00    466s
   31949    2.2455152e+04   4.172599e+06   0.000000e+00    471s
   32149    2.2459390e+04   5.975517e+05   0.000000e+00    475s
   32389    2.2464417e+04   3.855186e+06   0.000000e+00    480s
   32659    2.2469327e+04   5.776569e+06   0.000000e+00    486s
   32919    2.2475335e+04   1.023751e+06   0.000000e+00    491s
   33219    2.2482331e+04   1.018550e+06   0.000000e+00    497s
   33439    2.2487204e+04   2.697988e+06   0.000000e+00    501s
   33639    2.2491927e+04   7.786253e+06   0.000000e+00    505s
   33939    2.2497931e+04   8.366116e+05   0.000000e+00    511s
   34159    2.2502377e+04   1.123075e+06   0.000000e+00    515s
   34489    2.2508882e+04   5.162498e+05   0.000000e+00    522s
   34709    2.2513418e+04   1.827255e+06   0.000000e+00    526s
   34929    2.2517780e+04   7.113355e+05   0.000000e+00    531s
   35149    2.2521777e+04   1.335159e+06   0.000000e+00    535s
   35479    2.2527414e+04   1.191343e+07   0.000000e+00    542s
   35689    2.2531177e+04   1.049923e+06   0.000000e+00    546s
   35899    2.2534722e+04   6.226253e+06   0.000000e+00    550s
   36219    2.2539936e+04   6.213638e+06   0.000000e+00    557s
   36429    2.2542633e+04   3.875862e+05   0.000000e+00    561s
   36629    2.2545801e+04   5.307508e+06   0.000000e+00    565s
   36949    2.2551388e+04   9.518664e+05   0.000000e+00    572s
   37159    2.2555151e+04   4.987013e+05   0.000000e+00    576s
   37369    2.2558348e+04   9.720123e+05   0.000000e+00    581s
   37569    2.2561724e+04   1.096467e+06   0.000000e+00    585s
   37869    2.2567265e+04   6.351354e+05   0.000000e+00    592s
   38089    2.2571065e+04   2.627318e+06   0.000000e+00    596s
   38289    2.2574534e+04   8.715833e+05   0.000000e+00    600s
   38589    2.2579245e+04   1.366998e+06   0.000000e+00    607s
   38789    2.2582235e+04   6.286608e+05   0.000000e+00    611s
   38989    2.2585042e+04   1.659092e+07   0.000000e+00    616s
   39199    2.2588099e+04   4.025112e+06   0.000000e+00    620s
   39499    2.2592692e+04   3.188459e+06   0.000000e+00    627s
   39699    2.2595546e+04   3.491007e+05   0.000000e+00    631s
   39899    2.2598093e+04   2.007237e+06   0.000000e+00    636s
   40199    2.2601629e+04   9.870747e+05   0.000000e+00    642s
   40399    2.2604740e+04   2.685437e+05   0.000000e+00    647s
   40599    2.2607510e+04   3.442133e+06   0.000000e+00    651s
   40799    2.2610171e+04   1.562563e+06   0.000000e+00    656s
   40999    2.2613100e+04   7.363750e+05   0.000000e+00    660s
   41299    2.2617524e+04   6.331393e+05   0.000000e+00    667s
   41499    2.2620974e+04   6.418558e+06   0.000000e+00    672s
   41699    2.2623785e+04   2.045977e+06   0.000000e+00    676s
   41899    2.2626227e+04   6.430074e+05   0.000000e+00    681s
   42099    2.2629639e+04   1.847909e+06   0.000000e+00    685s
   42399    2.2634102e+04   1.091832e+06   0.000000e+00    692s
   42599    2.2636905e+04   3.040330e+06   0.000000e+00    697s
   42799    2.2639533e+04   3.142155e+06   0.000000e+00    701s
   42999    2.2642193e+04   3.508747e+06   0.000000e+00    706s
   43199    2.2644892e+04   9.399985e+05   0.000000e+00    711s
   43399    2.2647566e+04   1.917972e+06   0.000000e+00    715s
   43599    2.2651029e+04   1.253826e+06   0.000000e+00    720s
   43899    2.2655622e+04   2.890773e+05   0.000000e+00    727s
   44099    2.2657913e+04   4.018939e+06   0.000000e+00    732s
   44299    2.2660221e+04   3.634403e+05   0.000000e+00    737s
   44499    2.2662710e+04   7.340306e+05   0.000000e+00    742s
   44699    2.2665713e+04   1.553526e+06   0.000000e+00    746s
   44889    2.2668336e+04   1.051264e+06   0.000000e+00    751s
   45079    2.2670640e+04   1.244004e+06   0.000000e+00    756s
   45279    2.2673344e+04   6.165583e+05   0.000000e+00    760s
   45479    2.2675716e+04   6.854825e+05   0.000000e+00    765s
   45679    2.2678290e+04   4.854303e+06   0.000000e+00    770s
   45969    2.2681684e+04   1.166540e+06   0.000000e+00    777s
   46159    2.2683904e+04   1.572349e+06   0.000000e+00    782s
   46359    2.2686185e+04   2.360829e+06   0.000000e+00    787s
   46549    2.2688474e+04   1.802632e+06   0.000000e+00    791s
   46739    2.2690478e+04   1.352088e+06   0.000000e+00    796s
   46929    2.2692963e+04   7.976237e+05   0.000000e+00    801s
   47119    2.2695259e+04   7.117416e+05   0.000000e+00    805s
   47309    2.2697820e+04   5.275019e+05   0.000000e+00    810s
   47599    2.2701680e+04   1.635997e+06   0.000000e+00    817s
   47779    2.2703849e+04   7.411401e+05   0.000000e+00    822s
   47959    2.2705986e+04   1.903111e+06   0.000000e+00    827s
   48139    2.2708352e+04   6.380901e+05   0.000000e+00    831s
   48319    2.2710364e+04   8.446024e+05   0.000000e+00    836s
   48509    2.2712703e+04   4.231554e+05   0.000000e+00    841s
   48689    2.2714747e+04   4.429639e+06   0.000000e+00    845s
   48959    2.2718200e+04   1.213804e+06   0.000000e+00    852s
   49139    2.2720161e+04   3.250863e+07   0.000000e+00    857s
   49329    2.2722356e+04   3.987427e+06   0.000000e+00    862s
   49509    2.2724629e+04   3.564658e+05   0.000000e+00    866s
   49689    2.2726621e+04   2.658771e+06   0.000000e+00    871s
   49879    2.2728923e+04   4.545614e+05   0.000000e+00    876s
   50059    2.2730936e+04   5.244573e+05   0.000000e+00    881s
   50239    2.2733087e+04   8.851937e+05   0.000000e+00    886s
   50419    2.2734940e+04   2.284135e+06   0.000000e+00    890s
   50599    2.2736465e+04   7.725606e+06   0.000000e+00    895s
   50869    2.2739138e+04   7.208889e+05   0.000000e+00    902s
   51049    2.2741158e+04   3.029573e+06   0.000000e+00    907s
   51229    2.2742769e+04   2.427226e+06   0.000000e+00    912s
   51409    2.2744485e+04   8.606947e+05   0.000000e+00    917s
   51589    2.2746267e+04   1.154579e+06   0.000000e+00    922s
   51789    2.2748436e+04   4.550383e+05   0.000000e+00    927s
   51969    2.2750124e+04   1.758346e+06   0.000000e+00    932s
   52159    2.2751957e+04   6.202018e+05   0.000000e+00    937s
   52359    2.2754016e+04   7.572288e+05   0.000000e+00    943s
   52449    2.2754847e+04   1.578789e+06   0.000000e+00    945s
   52629    2.2756541e+04   8.357481e+05   0.000000e+00    950s
   52809    2.2758194e+04   4.773577e+05   0.000000e+00    955s
   53079    2.2760563e+04   4.431376e+05   0.000000e+00    962s
   53259    2.2762360e+04   4.191110e+05   0.000000e+00    967s
   53439    2.2764192e+04   1.518191e+06   0.000000e+00    972s
   53619    2.2765895e+04   5.316692e+05   0.000000e+00    977s
   53819    2.2767567e+04   8.461434e+05   0.000000e+00    982s
   53919    2.2768587e+04   6.864455e+05   0.000000e+00    985s
   54099    2.2770427e+04   9.572118e+05   0.000000e+00    990s
   54279    2.2772036e+04   5.909421e+05   0.000000e+00    995s
   54459    2.2773670e+04   3.224426e+06   0.000000e+00   1000s
   54639    2.2775245e+04   5.174454e+05   0.000000e+00   1005s
   54849    2.2776700e+04   1.252400e+06   0.000000e+00   1011s
   55049    2.2778596e+04   3.699662e+05   0.000000e+00   1017s
   55229    2.2780153e+04   5.906827e+05   0.000000e+00   1022s
   55409    2.2781830e+04   2.711245e+05   0.000000e+00   1027s
   55619    2.2783631e+04   4.737507e+05   0.000000e+00   1033s
   55739    2.2784337e+04   3.366299e+06   0.000000e+00   1036s
   55939    2.2785762e+04   8.633678e+05   0.000000e+00   1042s
   56149    2.2787500e+04   2.917945e+05   0.000000e+00   1048s
   56249    2.2788629e+04   2.681653e+06   0.000000e+00   1050s
   56469    2.2790856e+04   3.569819e+06   0.000000e+00   1056s
   56709    2.2793034e+04   1.540484e+06   0.000000e+00   1063s
   56809    2.2793984e+04   1.335611e+06   0.000000e+00   1066s
   57029    2.2795770e+04   1.013194e+06   0.000000e+00   1072s
   57149    2.2796610e+04   2.252440e+06   0.000000e+00   1075s
   57379    2.2798508e+04   4.460302e+05   0.000000e+00   1082s
   57619    2.2800691e+04   4.127681e+05   0.000000e+00   1088s
   57719    2.2801331e+04   3.433058e+06   0.000000e+00   1091s
   57949    2.2803283e+04   5.150260e+05   0.000000e+00   1098s
   58059    2.2804120e+04   2.170934e+06   0.000000e+00   1101s
   58289    2.2806244e+04   7.736759e+05   0.000000e+00   1107s
   58409    2.2806968e+04   5.009867e+06   0.000000e+00   1110s
   58649    2.2808860e+04   6.390645e+05   0.000000e+00   1117s
   58749    2.2809561e+04   4.475083e+05   0.000000e+00   1120s
   58959    2.2811110e+04   2.313661e+06   0.000000e+00   1126s
   59179    2.2812652e+04   1.777002e+06   0.000000e+00   1132s
   59289    2.2813566e+04   3.048638e+05   0.000000e+00   1135s
   59519    2.2815289e+04   9.298090e+05   0.000000e+00   1142s
   59629    2.2816193e+04   9.634909e+05   0.000000e+00   1145s
   59829    2.2817803e+04   3.250032e+05   0.000000e+00   1151s
   60049    2.2819241e+04   2.722703e+06   0.000000e+00   1157s
   60159    2.2819947e+04   5.791282e+05   0.000000e+00   1160s
   60369    2.2821253e+04   7.352373e+05   0.000000e+00   1166s
   60589    2.2823031e+04   6.954448e+05   0.000000e+00   1172s
   60709    2.2823744e+04   3.053786e+05   0.000000e+00   1176s
   60919    2.2825232e+04   6.683982e+05   0.000000e+00   1182s
   61139    2.2826960e+04   4.495679e+05   0.000000e+00   1188s
   61249    2.2827749e+04   7.313573e+05   0.000000e+00   1191s
   61469    2.2829379e+04   1.904082e+06   0.000000e+00   1197s
   61579    2.2830169e+04   1.523117e+05   0.000000e+00   1201s
   61799    2.2831552e+04   2.226343e+05   0.000000e+00   1207s
   61909    2.2832392e+04   6.329502e+05   0.000000e+00   1210s
   62129    2.2833669e+04   5.452119e+05   0.000000e+00   1217s
   62249    2.2834501e+04   8.971855e+05   0.000000e+00   1220s
   62469    2.2836019e+04   2.995194e+06   0.000000e+00   1226s
   62689    2.2837471e+04   1.352073e+06   0.000000e+00   1233s
   62799    2.2838163e+04   6.465798e+05   0.000000e+00   1236s
   63039    2.2839905e+04   8.072375e+05   0.000000e+00   1243s
   63149    2.2840565e+04   6.059996e+05   0.000000e+00   1246s
   63379    2.2841916e+04   2.060583e+06   0.000000e+00   1252s
   63499    2.2842437e+04   9.718480e+05   0.000000e+00   1256s
   63709    2.2843939e+04   5.076579e+05   0.000000e+00   1262s
   63929    2.2845459e+04   4.954026e+05   0.000000e+00   1268s
   64039    2.2846026e+04   7.221326e+05   0.000000e+00   1271s
   64249    2.2847347e+04   5.353130e+05   0.000000e+00   1278s
   64359    2.2847857e+04   1.317181e+06   0.000000e+00   1281s
   64589    2.2849652e+04   3.553612e+05   0.000000e+00   1287s
   64699    2.2850266e+04   4.062366e+05   0.000000e+00   1291s
   64929    2.2851695e+04   1.472250e+06   0.000000e+00   1297s
   65039    2.2852324e+04   4.659874e+05   0.000000e+00   1301s
   65259    2.2853799e+04   1.083964e+06   0.000000e+00   1307s
   65369    2.2854665e+04   9.236630e+05   0.000000e+00   1311s
   65589    2.2855972e+04   1.291321e+06   0.000000e+00   1317s
   65699    2.2856792e+04   4.140657e+05   0.000000e+00   1321s
   65919    2.2858278e+04   2.858021e+05   0.000000e+00   1327s
   66029    2.2858955e+04   6.695457e+05   0.000000e+00   1330s
   66259    2.2860182e+04   2.233390e+05   0.000000e+00   1337s
   66369    2.2860749e+04   7.452909e+05   0.000000e+00   1340s
   66589    2.2861933e+04   1.296783e+06   0.000000e+00   1347s
   66699    2.2862555e+04   9.415074e+05   0.000000e+00   1350s
   66919    2.2864035e+04   3.216763e+06   0.000000e+00   1357s
   67029    2.2864690e+04   6.240294e+06   0.000000e+00   1361s
   67249    2.2865939e+04   2.322579e+05   0.000000e+00   1367s
   67359    2.2866645e+04   2.299235e+06   0.000000e+00   1371s
   67579    2.2867891e+04   4.837222e+05   0.000000e+00   1377s
   67689    2.2868537e+04   2.919544e+05   0.000000e+00   1381s
   67919    2.2869852e+04   6.358085e+06   0.000000e+00   1387s
   68029    2.2870466e+04   1.615718e+06   0.000000e+00   1391s
   68249    2.2871572e+04   8.268600e+05   0.000000e+00   1397s
   68359    2.2872211e+04   8.956057e+05   0.000000e+00   1401s
   68579    2.2873665e+04   6.719182e+05   0.000000e+00   1407s
   68689    2.2874415e+04   6.698570e+05   0.000000e+00   1411s
   68909    2.2875898e+04   2.398212e+06   0.000000e+00   1418s
   69019    2.2876486e+04   3.682722e+06   0.000000e+00   1421s
   69239    2.2877696e+04   4.790277e+05   0.000000e+00   1428s
   69349    2.2878356e+04   1.361403e+06   0.000000e+00   1432s
   69459    2.2879024e+04   9.385282e+05   0.000000e+00   1435s
   69679    2.2880282e+04   1.412165e+06   0.000000e+00   1442s
   69789    2.2880940e+04   1.458015e+06   0.000000e+00   1445s
   70009    2.2882109e+04   1.414239e+06   0.000000e+00   1452s
   70119    2.2882556e+04   3.522585e+05   0.000000e+00   1456s
   70339    2.2883682e+04   1.479230e+06   0.000000e+00   1463s
   70449    2.2884236e+04   1.100622e+06   0.000000e+00   1466s
   70669    2.2885443e+04   2.466629e+06   0.000000e+00   1473s
   70779    2.2886085e+04   3.905509e+05   0.000000e+00   1476s
   70999    2.2887280e+04   7.279627e+05   0.000000e+00   1483s
   71109    2.2887884e+04   4.519414e+05   0.000000e+00   1487s
   71219    2.2888382e+04   2.978637e+07   0.000000e+00   1490s
   71439    2.2889414e+04   8.796027e+05   0.000000e+00   1497s
   71549    2.2890002e+04   2.393485e+05   0.000000e+00   1501s
   71769    2.2891087e+04   3.444874e+05   0.000000e+00   1507s
   71879    2.2891553e+04   4.374462e+05   0.000000e+00   1511s
   72099    2.2892514e+04   3.708326e+05   0.000000e+00   1518s
   72209    2.2893016e+04   1.995456e+06   0.000000e+00   1521s
   72429    2.2894106e+04   3.650877e+05   0.000000e+00   1528s
   72539    2.2894674e+04   7.958415e+05   0.000000e+00   1532s
   72649    2.2895148e+04   5.782854e+05   0.000000e+00   1535s
   72869    2.2896308e+04   1.916817e+05   0.000000e+00   1542s
   72979    2.2897003e+04   1.363889e+06   0.000000e+00   1546s
   73199    2.2898273e+04   2.409123e+05   0.000000e+00   1553s
   73309    2.2898885e+04   1.290022e+06   0.000000e+00   1556s
   73529    2.2899754e+04   7.718995e+05   0.000000e+00   1563s
   73639    2.2900238e+04   2.623849e+06   0.000000e+00   1567s
   73749    2.2900723e+04   3.746317e+05   0.000000e+00   1570s
   73969    2.2901614e+04   3.407848e+05   0.000000e+00   1577s
   74079    2.2902115e+04   3.765774e+05   0.000000e+00   1581s
   74299    2.2903076e+04   4.291817e+05   0.000000e+00   1588s
   74409    2.2903516e+04   8.705501e+05   0.000000e+00   1591s
   74629    2.2904470e+04   8.404057e+05   0.000000e+00   1598s
   74739    2.2905053e+04   3.473908e+05   0.000000e+00   1601s
   74959    2.2906242e+04   4.716550e+05   0.000000e+00   1608s
   75069    2.2906826e+04   2.665916e+05   0.000000e+00   1612s
   75179    2.2907361e+04   4.904521e+05   0.000000e+00   1615s
   75399    2.2908323e+04   8.373326e+05   0.000000e+00   1622s
   75509    2.2908868e+04   1.057845e+06   0.000000e+00   1626s
   75729    2.2909855e+04   6.397038e+05   0.000000e+00   1633s
   75839    2.2910333e+04   5.110435e+05   0.000000e+00   1637s
   75949    2.2910874e+04   6.641839e+05   0.000000e+00   1640s
   76169    2.2911847e+04   2.463056e+05   0.000000e+00   1647s
   76279    2.2912301e+04   6.046658e+05   0.000000e+00   1651s
   76499    2.2913269e+04   3.291445e+06   0.000000e+00   1658s
   76609    2.2913775e+04   3.417525e+05   0.000000e+00   1661s
   76829    2.2914728e+04   4.064840e+05   0.000000e+00   1668s
   76939    2.2915138e+04   5.171272e+05   0.000000e+00   1672s
   77049    2.2915606e+04   5.107873e+05   0.000000e+00   1676s
   77269    2.2916624e+04   3.235983e+05   0.000000e+00   1683s
   77379    2.2917023e+04   1.794569e+06   0.000000e+00   1686s
   77599    2.2918012e+04   3.160832e+05   0.000000e+00   1693s
   77709    2.2918469e+04   3.844138e+05   0.000000e+00   1697s
   77819    2.2918968e+04   6.437382e+05   0.000000e+00   1701s
   78039    2.2919754e+04   9.117817e+05   0.000000e+00   1708s
   78149    2.2920149e+04   9.853013e+05   0.000000e+00   1711s
   78369    2.2921059e+04   2.673962e+05   0.000000e+00   1719s
   78479    2.2921459e+04   3.540042e+05   0.000000e+00   1722s
   78589    2.2921848e+04   2.216307e+05   0.000000e+00   1726s
   78809    2.2922810e+04   4.645050e+05   0.000000e+00   1733s
   78919    2.2923245e+04   2.786561e+05   0.000000e+00   1736s
   79139    2.2924034e+04   4.627854e+05   0.000000e+00   1743s
   79249    2.2924370e+04   1.776327e+06   0.000000e+00   1747s
   79359    2.2924812e+04   4.323020e+05   0.000000e+00   1751s
   79569    2.2925704e+04   8.947707e+05   0.000000e+00   1758s
   79669    2.2926185e+04   9.689788e+05   0.000000e+00   1761s
   79879    2.2927105e+04   1.257765e+06   0.000000e+00   1768s
   79979    2.2927570e+04   3.239022e+05   0.000000e+00   1772s
   80089    2.2928042e+04   4.263286e+05   0.000000e+00   1775s
   80309    2.2929048e+04   3.744727e+05   0.000000e+00   1783s
   80419    2.2929480e+04   4.983388e+05   0.000000e+00   1786s
   80639    2.2930282e+04   6.098099e+05   0.000000e+00   1793s
   80749    2.2930729e+04   4.378643e+05   0.000000e+00   1797s
   80859    2.2931222e+04   5.535229e+05   0.000000e+00   1801s
   81069    2.2932046e+04   2.591228e+05   0.000000e+00   1808s
   81169    2.2932443e+04   3.675929e+06   0.000000e+00   1811s
   81389    2.2933377e+04   3.478774e+05   0.000000e+00   1819s
   81499    2.2933823e+04   8.526515e+05   0.000000e+00   1822s
   81599    2.2934145e+04   5.621192e+06   0.000000e+00   1826s
   81799    2.2934980e+04   1.841712e+05   0.000000e+00   1832s
   81909    2.2935377e+04   2.397215e+05   0.000000e+00   1836s
   82129    2.2936200e+04   3.387493e+05   0.000000e+00   1843s
   82229    2.2936583e+04   6.416232e+05   0.000000e+00   1847s
   82339    2.2937040e+04   3.174414e+05   0.000000e+00   1851s
   82549    2.2937813e+04   2.160880e+06   0.000000e+00   1858s
   82659    2.2938209e+04   9.856903e+05   0.000000e+00   1861s
   82769    2.2938482e+04   2.371713e+06   0.000000e+00   1865s
   82989    2.2939255e+04   8.690515e+05   0.000000e+00   1872s
   83089    2.2939513e+04   1.366499e+05   0.000000e+00   1876s
   83309    2.2940230e+04   3.074824e+06   0.000000e+00   1883s
   83419    2.2940532e+04   2.528846e+05   0.000000e+00   1887s
   83529    2.2940897e+04   1.567786e+06   0.000000e+00   1890s
   83739    2.2941818e+04   8.933270e+05   0.000000e+00   1898s
   83849    2.2942278e+04   7.110648e+05   0.000000e+00   1901s
   84069    2.2943069e+04   5.631639e+05   0.000000e+00   1909s
   84169    2.2943388e+04   1.054326e+06   0.000000e+00   1912s
   84279    2.2943739e+04   1.340400e+06   0.000000e+00   1916s
   84489    2.2944388e+04   2.148329e+05   0.000000e+00   1923s
   84589    2.2944654e+04   3.758068e+05   0.000000e+00   1926s
   84809    2.2945232e+04   6.470126e+05   0.000000e+00   1934s
   84909    2.2945538e+04   3.985589e+05   0.000000e+00   1937s
   85009    2.2945869e+04   1.055141e+06   0.000000e+00   1941s
   85209    2.2946462e+04   6.454993e+05   0.000000e+00   1947s
   85309    2.2946766e+04   1.352585e+06   0.000000e+00   1951s
   85519    2.2947278e+04   5.132141e+05   0.000000e+00   1958s
   85629    2.2947523e+04   5.443385e+05   0.000000e+00   1962s
   85729    2.2947815e+04   3.832103e+05   0.000000e+00   1965s
   85949    2.2948463e+04   2.329199e+06   0.000000e+00   1973s
   86049    2.2948770e+04   3.331811e+05   0.000000e+00   1976s
   86259    2.2949507e+04   9.118012e+05   0.000000e+00   1983s
   86369    2.2949802e+04   4.517505e+05   0.000000e+00   1987s
   86479    2.2950086e+04   1.728610e+05   0.000000e+00   1991s
   86689    2.2950678e+04   7.287761e+05   0.000000e+00   1998s
   86799    2.2951069e+04   2.371235e+05   0.000000e+00   2002s
   86899    2.2951499e+04   1.900228e+05   0.000000e+00   2005s
   87099    2.2952216e+04   4.494930e+05   0.000000e+00   2012s
   87209    2.2952541e+04   3.378184e+05   0.000000e+00   2016s
   87419    2.2953166e+04   1.024477e+06   0.000000e+00   2023s
   87529    2.2953593e+04   1.561937e+06   0.000000e+00   2027s
   87639    2.2953970e+04   8.602864e+05   0.000000e+00   2030s
   87859    2.2954580e+04   1.109562e+06   0.000000e+00   2038s
   87959    2.2954819e+04   9.942894e+05   0.000000e+00   2041s
   88159    2.2955300e+04   3.831307e+05   0.000000e+00   2048s
   88259    2.2955585e+04   2.858315e+05   0.000000e+00   2052s
   88359    2.2955847e+04   1.422371e+05   0.000000e+00   2055s
   88569    2.2956514e+04   3.248989e+05   0.000000e+00   2062s
   88669    2.2956890e+04   3.107897e+05   0.000000e+00   2066s
   88869    2.2957641e+04   1.096442e+06   0.000000e+00   2073s
   88979    2.2957999e+04   4.451758e+05   0.000000e+00   2077s
   89079    2.2958248e+04   4.207422e+05   0.000000e+00   2080s
   89279    2.2958864e+04   6.160467e+05   0.000000e+00   2087s
   89379    2.2959186e+04   9.880011e+05   0.000000e+00   2091s
   89579    2.2959757e+04   2.279522e+05   0.000000e+00   2098s
   89679    2.2960064e+04   2.365333e+05   0.000000e+00   2102s
   89779    2.2960408e+04   5.292583e+05   0.000000e+00   2105s
   89979    2.2961056e+04   1.711979e+06   0.000000e+00   2112s
   90079    2.2961278e+04   1.731138e+06   0.000000e+00   2116s
   90289    2.2961888e+04   4.695421e+05   0.000000e+00   2123s
   90399    2.2962206e+04   5.165419e+05   0.000000e+00   2127s
   90499    2.2962491e+04   5.920776e+05   0.000000e+00   2131s
   90699    2.2963016e+04   5.649090e+05   0.000000e+00   2138s
   90799    2.2963309e+04   3.129732e+05   0.000000e+00   2141s
   90909    2.2963613e+04   6.943314e+05   0.000000e+00   2145s
   91109    2.2964075e+04   7.669137e+05   0.000000e+00   2152s
   91219    2.2964371e+04   5.952448e+05   0.000000e+00   2156s
   91419    2.2964958e+04   3.667863e+06   0.000000e+00   2163s
   91529    2.2965200e+04   6.968604e+06   0.000000e+00   2167s
   91639    2.2965483e+04   1.066049e+06   0.000000e+00   2171s
   91839    2.2966071e+04   6.061592e+05   0.000000e+00   2178s
   91949    2.2966423e+04   4.236422e+05   0.000000e+00   2181s
   92049    2.2966751e+04   6.886484e+05   0.000000e+00   2185s
   92249    2.2967238e+04   1.210474e+06   0.000000e+00   2192s
   92349    2.2967455e+04   7.600361e+05   0.000000e+00   2196s
   92549    2.2967899e+04   1.565549e+06   0.000000e+00   2203s
   92649    2.2968155e+04   1.034989e+06   0.000000e+00   2206s
   92849    2.2968683e+04   1.383905e+06   0.000000e+00   2213s
   92949    2.2968933e+04   4.929672e+05   0.000000e+00   2217s
   93049    2.2969269e+04   2.032743e+06   0.000000e+00   2221s
   93249    2.2969868e+04   4.836797e+05   0.000000e+00   2228s
   93359    2.2970203e+04   5.797858e+05   0.000000e+00   2231s
   93559    2.2970732e+04   1.713168e+05   0.000000e+00   2239s
   93659    2.2970981e+04   3.507171e+05   0.000000e+00   2242s
   93759    2.2971222e+04   1.669796e+06   0.000000e+00   2246s
   93959    2.2971717e+04   2.672144e+05   0.000000e+00   2253s
   94059    2.2971996e+04   8.225625e+05   0.000000e+00   2256s
   94259    2.2972560e+04   4.766466e+05   0.000000e+00   2263s
   94369    2.2972786e+04   2.874727e+05   0.000000e+00   2267s
   94469    2.2972989e+04   2.879347e+05   0.000000e+00   2271s
   94669    2.2973457e+04   7.587666e+05   0.000000e+00   2278s
   94769    2.2973704e+04   1.984187e+06   0.000000e+00   2281s
   94869    2.2973956e+04   8.997571e+05   0.000000e+00   2285s
   95089    2.2974610e+04   1.343972e+06   0.000000e+00   2293s
   95189    2.2974843e+04   1.132164e+05   0.000000e+00   2296s
   95299    2.2975111e+04   1.938027e+05   0.000000e+00   2300s
   95509    2.2975596e+04   9.687129e+05   0.000000e+00   2307s
   95609    2.2975853e+04   1.014348e+06   0.000000e+00   2311s
   95829    2.2976339e+04   2.735851e+06   0.000000e+00   2318s
   95929    2.2976623e+04   3.325076e+05   0.000000e+00   2322s
   96029    2.2976950e+04   3.287065e+05   0.000000e+00   2326s
   96229    2.2977477e+04   1.548549e+06   0.000000e+00   2333s
   96329    2.2977760e+04   2.444051e+05   0.000000e+00   2336s
   96539    2.2978368e+04   2.590557e+05   0.000000e+00   2344s
   96639    2.2978575e+04   1.952786e+06   0.000000e+00   2347s
   96739    2.2978779e+04   1.488072e+05   0.000000e+00   2351s
   96939    2.2979316e+04   4.807631e+05   0.000000e+00   2358s
   97039    2.2979544e+04   1.927689e+05   0.000000e+00   2362s
   97139    2.2979751e+04   3.512412e+05   0.000000e+00   2365s
   97339    2.2980240e+04   8.872641e+05   0.000000e+00   2372s
   97449    2.2980514e+04   8.602946e+05   0.000000e+00   2376s
   97649    2.2980950e+04   4.376180e+05   0.000000e+00   2383s
   97759    2.2981198e+04   2.876532e+05   0.000000e+00   2387s
   97869    2.2981477e+04   2.210356e+05   0.000000e+00   2391s
   98079    2.2982036e+04   1.157864e+06   0.000000e+00   2398s
   98179    2.2982272e+04   2.338335e+05   0.000000e+00   2402s
   98279    2.2982488e+04   4.632241e+05   0.000000e+00   2405s
   98479    2.2982912e+04   4.595198e+06   0.000000e+00   2412s
   98579    2.2983109e+04   2.873812e+05   0.000000e+00   2416s
   98779    2.2983508e+04   4.267313e+05   0.000000e+00   2423s
   98879    2.2983768e+04   2.612373e+05   0.000000e+00   2427s
   98979    2.2983996e+04   5.160820e+05   0.000000e+00   2430s
   99199    2.2984498e+04   1.000224e+05   0.000000e+00   2438s
   99309    2.2984758e+04   4.163749e+06   0.000000e+00   2442s
   99409    2.2985006e+04   4.959866e+05   0.000000e+00   2446s
   99609    2.2985589e+04   1.257870e+06   0.000000e+00   2453s
   99709    2.2985826e+04   3.721478e+05   0.000000e+00   2457s
   99809    2.2986054e+04   1.758357e+05   0.000000e+00   2460s
  100009    2.2986477e+04   3.846896e+05   0.000000e+00   2467s
  100109    2.2986759e+04   4.191406e+05   0.000000e+00   2471s
  100309    2.2987268e+04   2.282052e+05   0.000000e+00   2478s
  100409    2.2987455e+04   7.529368e+05   0.000000e+00   2482s
  100509    2.2987667e+04   3.947038e+06   0.000000e+00   2485s
  100709    2.2988121e+04   7.085332e+05   0.000000e+00   2492s
  100809    2.2988431e+04   4.270488e+05   0.000000e+00   2496s
  101009    2.2988855e+04   3.168343e+05   0.000000e+00   2503s
  101129    2.2989150e+04   1.126494e+06   0.000000e+00   2507s
  101239    2.2989439e+04   1.586950e+06   0.000000e+00   2511s
  101349    2.2989640e+04   1.878667e+05   0.000000e+00   2515s
  101569    2.2990131e+04   1.608670e+05   0.000000e+00   2523s
  101669    2.2990368e+04   1.102230e+06   0.000000e+00   2527s
  101779    2.2990576e+04   2.670100e+05   0.000000e+00   2530s
  101979    2.2991072e+04   1.777288e+05   0.000000e+00   2538s
  102079    2.2991310e+04   6.607404e+05   0.000000e+00   2541s
  102279    2.2991729e+04   2.700964e+06   0.000000e+00   2549s
  102379    2.2991941e+04   5.787126e+05   0.000000e+00   2552s
  102479    2.2992136e+04   4.898113e+06   0.000000e+00   2556s
  102699    2.2992623e+04   3.088829e+05   0.000000e+00   2564s
  102809    2.2992859e+04   3.021444e+05   0.000000e+00   2568s
  102909    2.2993060e+04   2.543944e+05   0.000000e+00   2571s
  103019    2.2993309e+04   2.804936e+05   0.000000e+00   2575s
  103219    2.2993723e+04   1.019779e+06   0.000000e+00   2582s
  103329    2.2993941e+04   2.373276e+05   0.000000e+00   2586s
  103439    2.2994123e+04   2.996482e+05   0.000000e+00   2590s
  103639    2.2994477e+04   1.722771e+06   0.000000e+00   2597s
  103739    2.2994681e+04   9.073462e+05   0.000000e+00   2601s
  103949    2.2995135e+04   1.658416e+06   0.000000e+00   2608s
  104049    2.2995302e+04   8.656420e+05   0.000000e+00   2612s
  104149    2.2995422e+04   1.789154e+05   0.000000e+00   2616s
  104359    2.2995783e+04   2.209770e+07   0.000000e+00   2623s
  104459    2.2995931e+04   4.213415e+05   0.000000e+00   2627s
  104559    2.2996103e+04   1.378178e+06   0.000000e+00   2630s
  104759    2.2996484e+04   1.027186e+05   0.000000e+00   2637s
  104859    2.2996651e+04   7.195575e+05   0.000000e+00   2641s
  104979    2.2996854e+04   4.143906e+05   0.000000e+00   2645s
  105189    2.2997291e+04   3.761954e+05   0.000000e+00   2653s
  105309    2.2997534e+04   6.242170e+05   0.000000e+00   2657s
  105419    2.2997790e+04   2.834215e+05   0.000000e+00   2661s
  105629    2.2998205e+04   7.761836e+05   0.000000e+00   2668s
  105729    2.2998438e+04   7.557053e+05   0.000000e+00   2672s
  105829    2.2998598e+04   3.358319e+05   0.000000e+00   2676s
  106059    2.2998977e+04   1.272390e+06   0.000000e+00   2684s
  106169    2.2999176e+04   2.763180e+05   0.000000e+00   2688s
  106279    2.2999352e+04   2.010323e+07   0.000000e+00   2692s
  106379    2.2999493e+04   1.141790e+06   0.000000e+00   2695s
  106609    2.2999978e+04   6.407060e+05   0.000000e+00   2704s
  106719    2.3000200e+04   3.001947e+05   0.000000e+00   2707s
  106819    2.3000422e+04   5.130735e+05   0.000000e+00   2711s
  106929    2.3000639e+04   9.247160e+05   0.000000e+00   2715s
  107129    2.3000962e+04   1.705496e+07   0.000000e+00   2722s
  107229    2.3001101e+04   5.624473e+05   0.000000e+00   2726s
  107429    2.3001524e+04   6.974386e+05   0.000000e+00   2734s
  107539    2.3001749e+04   3.474567e+05   0.000000e+00   2737s
  107649    2.3001966e+04   2.656036e+05   0.000000e+00   2741s
  107769    2.3002234e+04   4.243301e+05   0.000000e+00   2746s
  107989    2.3002611e+04   3.368071e+05   0.000000e+00   2754s
  108099    2.3002797e+04   2.797078e+05   0.000000e+00   2758s
  108199    2.3002975e+04   5.781759e+05   0.000000e+00   2761s
  108399    2.3003394e+04   1.414551e+05   0.000000e+00   2769s
  108499    2.3003590e+04   3.162998e+05   0.000000e+00   2772s
  108599    2.3003749e+04   2.064998e+05   0.000000e+00   2776s
  108799    2.3004137e+04   1.472798e+06   0.000000e+00   2783s
  108899    2.3004327e+04   2.620235e+05   0.000000e+00   2787s
  108999    2.3004485e+04   1.762773e+05   0.000000e+00   2790s
  109219    2.3004907e+04   3.129681e+05   0.000000e+00   2799s
  109319    2.3005067e+04   5.052014e+05   0.000000e+00   2802s
  109419    2.3005270e+04   7.999120e+05   0.000000e+00   2806s
  109529    2.3005457e+04   1.436701e+06   0.000000e+00   2810s
  109739    2.3005807e+04   3.448550e+05   0.000000e+00   2818s
  109839    2.3005954e+04   9.853179e+05   0.000000e+00   2822s
  109949    2.3006084e+04   6.282144e+05   0.000000e+00   2826s
  110179    2.3006465e+04   2.707136e+05   0.000000e+00   2834s
  110299    2.3006667e+04   2.481537e+05   0.000000e+00   2838s
  110409    2.3006903e+04   3.734498e+05   0.000000e+00   2843s
  110529    2.3007088e+04   9.546908e+05   0.000000e+00   2847s
  110639    2.3007295e+04   3.488508e+05   0.000000e+00   2851s
  110849    2.3007710e+04   5.513070e+05   0.000000e+00   2859s
  110969    2.3007909e+04   4.437865e+05   0.000000e+00   2863s
  111079    2.3008066e+04   4.083407e+05   0.000000e+00   2867s
  111179    2.3008237e+04   9.959672e+05   0.000000e+00   2871s
  111379    2.3008563e+04   1.242309e+06   0.000000e+00   2878s
  111479    2.3008701e+04   2.351460e+05   0.000000e+00   2882s
  111589    2.3008865e+04   1.392079e+06   0.000000e+00   2886s
  111789    2.3009197e+04   1.482188e+06   0.000000e+00   2893s
  111889    2.3009382e+04   1.410790e+06   0.000000e+00   2897s
  111989    2.3009552e+04   4.454254e+05   0.000000e+00   2901s
  112189    2.3009828e+04   2.538111e+05   0.000000e+00   2908s
  112299    2.3009985e+04   2.311134e+05   0.000000e+00   2912s
  112409    2.3010148e+04   4.604555e+05   0.000000e+00   2916s
  112519    2.3010341e+04   2.458743e+05   0.000000e+00   2920s
  112759    2.3010752e+04   9.922109e+04   0.000000e+00   2929s
  112879    2.3010935e+04   6.844651e+04   0.000000e+00   2933s
  112989    2.3011091e+04   1.253977e+05   0.000000e+00   2938s
  113099    2.3011284e+04   2.876514e+05   0.000000e+00   2942s
  113219    2.3011485e+04   2.339932e+05   0.000000e+00   2946s
  113339    2.3011656e+04   1.436895e+05   0.000000e+00   2950s
  113569    2.3012002e+04   3.552051e+05   0.000000e+00   2959s
  113689    2.3012173e+04   1.802147e+05   0.000000e+00   2963s
  113799    2.3012321e+04   4.787482e+05   0.000000e+00   2967s
  113899    2.3012433e+04   2.945441e+05   0.000000e+00   2971s
  114109    2.3012781e+04   2.777583e+05   0.000000e+00   2979s
  114219    2.3012943e+04   1.080648e+06   0.000000e+00   2983s
  114319    2.3013095e+04   2.049567e+05   0.000000e+00   2987s
  114419    2.3013301e+04   2.161884e+05   0.000000e+00   2991s
  114619    2.3013677e+04   5.374600e+05   0.000000e+00   2998s
  114729    2.3013882e+04   2.656248e+05   0.000000e+00   3002s
  114839    2.3014027e+04   3.357424e+05   0.000000e+00   3006s
  114939    2.3014194e+04   4.696458e+05   0.000000e+00   3010s
  115139    2.3014535e+04   2.385694e+05   0.000000e+00   3018s
  115249    2.3014726e+04   3.211139e+05   0.000000e+00   3022s
  115359    2.3014922e+04   3.889261e+05   0.000000e+00   3026s
  115559    2.3015184e+04   4.039476e+05   0.000000e+00   3033s
  115659    2.3015366e+04   1.337308e+05   0.000000e+00   3037s
  115759    2.3015507e+04   8.986081e+06   0.000000e+00   3041s
  115959    2.3015824e+04   1.497820e+05   0.000000e+00   3049s
  116069    2.3015941e+04   4.059512e+05   0.000000e+00   3053s
  116189    2.3016098e+04   1.798391e+05   0.000000e+00   3057s
  116299    2.3016257e+04   5.853483e+05   0.000000e+00   3061s
  116419    2.3016407e+04   5.713493e+05   0.000000e+00   3066s
  116529    2.3016545e+04   1.649683e+06   0.000000e+00   3070s
  116759    2.3016854e+04   7.944798e+05   0.000000e+00   3079s
  116869    2.3017005e+04   7.184424e+05   0.000000e+00   3083s
  116989    2.3017172e+04   1.902814e+05   0.000000e+00   3087s
  117109    2.3017375e+04   1.742924e+05   0.000000e+00   3092s
  117229    2.3017550e+04   5.085997e+05   0.000000e+00   3096s
  117349    2.3017713e+04   2.646207e+06   0.000000e+00   3101s
  117569    2.3018009e+04   8.453322e+04   0.000000e+00   3109s
  117679    2.3018130e+04   1.128760e+06   0.000000e+00   3113s
  117799    2.3018258e+04   2.097046e+05   0.000000e+00   3118s
  117919    2.3018424e+04   3.025963e+05   0.000000e+00   3122s
  118029    2.3018565e+04   1.352829e+05   0.000000e+00   3126s
  118149    2.3018711e+04   6.739508e+05   0.000000e+00   3131s
  118269    2.3018850e+04   8.941536e+06   0.000000e+00   3135s
  118499    2.3019144e+04   2.507484e+05   0.000000e+00   3144s
  118619    2.3019317e+04   1.514864e+05   0.000000e+00   3148s
  118739    2.3019453e+04   3.695363e+05   0.000000e+00   3153s
  118859    2.3019605e+04   1.895372e+05   0.000000e+00   3157s
  118979    2.3019751e+04   3.267573e+05   0.000000e+00   3162s
  119099    2.3019899e+04   5.076539e+05   0.000000e+00   3166s
  119219    2.3020049e+04   6.330018e+05   0.000000e+00   3171s
  119449    2.3020264e+04   5.094364e+05   0.000000e+00   3179s
  119569    2.3020394e+04   2.230183e+05   0.000000e+00   3184s
  119689    2.3020523e+04   2.788906e+06   0.000000e+00   3188s
  119799    2.3020677e+04   3.010920e+05   0.000000e+00   3193s
  119909    2.3020793e+04   6.009236e+06   0.000000e+00   3197s
  120029    2.3020904e+04   1.088695e+06   0.000000e+00   3201s
  120149    2.3021046e+04   1.270207e+06   0.000000e+00   3206s
  120269    2.3021220e+04   2.019455e+05   0.000000e+00   3210s
  120509    2.3021515e+04   7.131985e+04   0.000000e+00   3219s
  120639    2.3021734e+04   8.135677e+05   0.000000e+00   3224s
  120759    2.3021872e+04   8.144701e+05   0.000000e+00   3229s
  120869    2.3022016e+04   8.201616e+05   0.000000e+00   3233s
  120979    2.3022153e+04   3.422116e+05   0.000000e+00   3237s
  121089    2.3022312e+04   1.243541e+05   0.000000e+00   3241s
  121209    2.3022420e+04   2.810592e+05   0.000000e+00   3245s
  121439    2.3022772e+04   9.714217e+04   0.000000e+00   3254s
  121559    2.3022964e+04   9.292930e+05   0.000000e+00   3259s
  121679    2.3023108e+04   2.122518e+05   0.000000e+00   3263s
  121799    2.3023238e+04   1.827996e+05   0.000000e+00   3268s
  121909    2.3023363e+04   2.616505e+05   0.000000e+00   3272s
  122019    2.3023526e+04   2.200472e+05   0.000000e+00   3276s
  122139    2.3023708e+04   4.441512e+05   0.000000e+00   3281s
  122359    2.3023990e+04   2.135205e+05   0.000000e+00   3289s
  122479    2.3024179e+04   1.003268e+06   0.000000e+00   3293s
  122589    2.3024353e+04   3.101149e+05   0.000000e+00   3298s
  122699    2.3024492e+04   5.902220e+05   0.000000e+00   3302s
  122819    2.3024629e+04   4.646924e+05   0.000000e+00   3307s
  122939    2.3024780e+04   4.759454e+05   0.000000e+00   3311s
  123059    2.3024925e+04   2.271785e+05   0.000000e+00   3316s
  123179    2.3025071e+04   4.925999e+05   0.000000e+00   3320s
  123399    2.3025303e+04   3.784786e+05   0.000000e+00   3329s
  123519    2.3025426e+04   1.114046e+05   0.000000e+00   3333s
  123639    2.3025542e+04   3.484134e+05   0.000000e+00   3337s
  123759    2.3025687e+04   1.099797e+06   0.000000e+00   3342s
  123879    2.3025841e+04   4.479708e+05   0.000000e+00   3347s
  123999    2.3025976e+04   2.397076e+05   0.000000e+00   3351s
  124119    2.3026101e+04   1.057785e+06   0.000000e+00   3356s
  124249    2.3026218e+04   2.349617e+05   0.000000e+00   3360s
  124489    2.3026522e+04   3.549236e+05   0.000000e+00   3369s
  124609    2.3026697e+04   2.239927e+05   0.000000e+00   3374s
  124729    2.3026831e+04   4.962110e+05   0.000000e+00   3378s
  124849    2.3026959e+04   1.951586e+05   0.000000e+00   3383s
  124969    2.3027061e+04   1.153739e+06   0.000000e+00   3387s
  125089    2.3027201e+04   1.581882e+06   0.000000e+00   3392s
  125209    2.3027348e+04   5.642425e+05   0.000000e+00   3397s
  125329    2.3027480e+04   1.663149e+06   0.000000e+00   3401s
  125449    2.3027585e+04   7.732244e+05   0.000000e+00   3406s
  125569    2.3027741e+04   9.303019e+04   0.000000e+00   3410s
  125789    2.3028009e+04   3.314848e+05   0.000000e+00   3419s
  125909    2.3028162e+04   2.342561e+05   0.000000e+00   3423s
  126029    2.3028323e+04   7.988323e+05   0.000000e+00   3428s
  126149    2.3028480e+04   1.906465e+05   0.000000e+00   3432s
  126269    2.3028631e+04   1.592542e+05   0.000000e+00   3437s
  126389    2.3028763e+04   5.484333e+05   0.000000e+00   3441s
  126509    2.3028887e+04   7.130505e+05   0.000000e+00   3446s
  126629    2.3028993e+04   9.239007e+05   0.000000e+00   3451s
  126749    2.3029133e+04   9.178216e+05   0.000000e+00   3455s
  126989    2.3029395e+04   8.463907e+04   0.000000e+00   3464s
  127099    2.3029530e+04   5.633380e+05   0.000000e+00   3469s
  127209    2.3029657e+04   5.209676e+05   0.000000e+00   3473s
  127319    2.3029781e+04   7.101764e+05   0.000000e+00   3477s
  127439    2.3029924e+04   1.690206e+05   0.000000e+00   3482s
  127559    2.3030062e+04   2.401397e+06   0.000000e+00   3486s
  127679    2.3030191e+04   1.531558e+05   0.000000e+00   3491s
  127799    2.3030349e+04   5.389459e+05   0.000000e+00   3496s
  127919    2.3030501e+04   4.022954e+05   0.000000e+00   3500s
  128159    2.3030757e+04   1.344592e+06   0.000000e+00   3510s
  128279    2.3030916e+04   3.579021e+05   0.000000e+00   3514s
  128399    2.3031049e+04   8.385993e+05   0.000000e+00   3519s
  128519    2.3031190e+04   2.876228e+05   0.000000e+00   3523s
  128639    2.3031324e+04   7.017917e+05   0.000000e+00   3528s
  128759    2.3031487e+04   2.630789e+06   0.000000e+00   3533s
  128879    2.3031638e+04   2.446489e+06   0.000000e+00   3537s
  128999    2.3031787e+04   2.431334e+05   0.000000e+00   3542s
  129119    2.3031935e+04   3.277561e+05   0.000000e+00   3546s
  129239    2.3032077e+04   5.311799e+05   0.000000e+00   3551s
  129359    2.3032203e+04   4.289556e+05   0.000000e+00   3556s
  129479    2.3032333e+04   4.173352e+06   0.000000e+00   3560s
  129719    2.3032584e+04   6.913019e+06   0.000000e+00   3569s
  129839    2.3032704e+04   1.326258e+05   0.000000e+00   3574s
  129959    2.3032822e+04   1.848735e+06   0.000000e+00   3579s
  130079    2.3032937e+04   4.672278e+06   0.000000e+00   3583s
  130199    2.3033059e+04   1.026349e+06   0.000000e+00   3588s
  130319    2.3033160e+04   2.186909e+06   0.000000e+00   3592s
  130439    2.3033292e+04   3.955549e+05   0.000000e+00   3597s
  130559    2.3033441e+04   2.288958e+05   0.000000e+00   3602s
  130679    2.3033590e+04   1.204944e+06   0.000000e+00   3606s
  130799    2.3033733e+04   4.235373e+05   0.000000e+00   3611s
  130919    2.3033852e+04   1.362122e+06   0.000000e+00   3615s
  131159    2.3034107e+04   5.105325e+05   0.000000e+00   3624s
  131279    2.3034258e+04   3.732208e+06   0.000000e+00   3629s
  131399    2.3034357e+04   1.211773e+05   0.000000e+00   3634s
  131519    2.3034476e+04   7.789787e+05   0.000000e+00   3638s
  131639    2.3034608e+04   6.840804e+05   0.000000e+00   3643s
  131759    2.3034750e+04   3.364165e+06   0.000000e+00   3648s
  131879    2.3034884e+04   7.112513e+04   0.000000e+00   3652s
  131999    2.3035029e+04   2.684898e+06   0.000000e+00   3657s
  132119    2.3035189e+04   1.631580e+05   0.000000e+00   3661s
  132239    2.3035296e+04   4.303306e+05   0.000000e+00   3666s
  132359    2.3035419e+04   1.888012e+05   0.000000e+00   3670s
  132599    2.3035704e+04   1.905753e+06   0.000000e+00   3680s
  132719    2.3035831e+04   6.320046e+05   0.000000e+00   3684s
  132839    2.3035973e+04   1.636817e+06   0.000000e+00   3689s
  132959    2.3036115e+04   1.418195e+06   0.000000e+00   3693s
  133079    2.3036214e+04   8.053072e+05   0.000000e+00   3698s
  133199    2.3036314e+04   3.657220e+05   0.000000e+00   3703s
  133319    2.3036463e+04   1.613266e+05   0.000000e+00   3707s
  133439    2.3036614e+04   2.220515e+06   0.000000e+00   3712s
  133559    2.3036731e+04   2.656138e+06   0.000000e+00   3717s
  133679    2.3036877e+04   1.328940e+05   0.000000e+00   3721s
  133799    2.3036988e+04   1.846981e+06   0.000000e+00   3726s
  133919    2.3037089e+04   2.815376e+05   0.000000e+00   3730s
  134159    2.3037310e+04   4.373796e+05   0.000000e+00   3739s
  134279    2.3037426e+04   1.699205e+05   0.000000e+00   3744s
  134399    2.3037571e+04   2.654648e+05   0.000000e+00   3749s
  134519    2.3037702e+04   2.337592e+05   0.000000e+00   3753s
  134639    2.3037834e+04   2.252736e+05   0.000000e+00   3758s
  134759    2.3037950e+04   2.099163e+05   0.000000e+00   3763s
  134879    2.3038048e+04   3.141400e+05   0.000000e+00   3767s
  134999    2.3038138e+04   2.499339e+05   0.000000e+00   3772s
  135119    2.3038257e+04   2.492803e+05   0.000000e+00   3777s
  135239    2.3038369e+04   2.364941e+05   0.000000e+00   3781s
  135359    2.3038485e+04   9.588457e+05   0.000000e+00   3786s
  135479    2.3038583e+04   1.739720e+05   0.000000e+00   3791s
  135599    2.3038719e+04   6.561122e+06   0.000000e+00   3795s
  135839    2.3038917e+04   2.660967e+05   0.000000e+00   3805s
  135959    2.3039039e+04   6.793299e+05   0.000000e+00   3809s
  136079    2.3039160e+04   1.576681e+06   0.000000e+00   3814s
  136199    2.3039244e+04   4.511690e+05   0.000000e+00   3819s
  136319    2.3039337e+04   4.514546e+05   0.000000e+00   3823s
  136439    2.3039459e+04   6.789296e+04   0.000000e+00   3828s
  136559    2.3039577e+04   2.070916e+05   0.000000e+00   3833s
  136679    2.3039688e+04   4.232590e+05   0.000000e+00   3838s
  136799    2.3039800e+04   1.873806e+05   0.000000e+00   3842s
  136919    2.3039906e+04   4.415681e+05   0.000000e+00   3847s
  137039    2.3040012e+04   6.196238e+05   0.000000e+00   3852s
  137159    2.3040155e+04   1.281697e+05   0.000000e+00   3856s
  137279    2.3040289e+04   1.158226e+06   0.000000e+00   3861s
  137399    2.3040375e+04   1.927251e+06   0.000000e+00   3866s
  137519    2.3040461e+04   7.349944e+05   0.000000e+00   3870s
  137759    2.3040697e+04   8.736850e+04   0.000000e+00   3880s
  137879    2.3040794e+04   1.558776e+05   0.000000e+00   3884s
  137999    2.3040917e+04   2.871611e+05   0.000000e+00   3889s
  138119    2.3041020e+04   2.671484e+06   0.000000e+00   3894s
  138249    2.3041155e+04   2.831561e+05   0.000000e+00   3899s
  138369    2.3041279e+04   1.571938e+06   0.000000e+00   3903s
  138489    2.3041390e+04   9.200689e+04   0.000000e+00   3908s
  138609    2.3041521e+04   1.091630e+05   0.000000e+00   3913s
  138729    2.3041637e+04   8.755717e+06   0.000000e+00   3917s
  138849    2.3041747e+04   2.677168e+05   0.000000e+00   3922s
  138969    2.3041852e+04   3.106279e+06   0.000000e+00   3926s
  139089    2.3041961e+04   1.200876e+06   0.000000e+00   3931s
  139209    2.3042077e+04   1.388299e+05   0.000000e+00   3936s
  139329    2.3042181e+04   1.593828e+05   0.000000e+00   3940s
  139449    2.3042291e+04   1.107046e+05   0.000000e+00   3945s
  139689    2.3042508e+04   1.386065e+05   0.000000e+00   3954s
  139809    2.3042612e+04   1.081528e+05   0.000000e+00   3959s
  139929    2.3042711e+04   1.531867e+05   0.000000e+00   3964s
  140049    2.3042843e+04   2.293201e+05   0.000000e+00   3968s
  140169    2.3042965e+04   1.581082e+05   0.000000e+00   3973s
  140289    2.3043058e+04   6.252984e+05   0.000000e+00   3978s
  140409    2.3043165e+04   7.331808e+04   0.000000e+00   3982s
  140529    2.3043275e+04   3.741316e+05   0.000000e+00   3987s
  140649    2.3043382e+04   5.318108e+05   0.000000e+00   3991s
  140769    2.3043489e+04   1.025122e+05   0.000000e+00   3996s
  140889    2.3043601e+04   2.413763e+05   0.000000e+00   4001s
  141009    2.3043705e+04   2.505724e+05   0.000000e+00   4005s
  141129    2.3043805e+04   2.386136e+06   0.000000e+00   4010s
  141369    2.3044008e+04   3.017790e+05   0.000000e+00   4019s
  141489    2.3044087e+04   7.764274e+05   0.000000e+00   4024s
  141609    2.3044178e+04   3.115011e+05   0.000000e+00   4029s
  141729    2.3044269e+04   1.182920e+05   0.000000e+00   4034s
  141849    2.3044401e+04   3.790183e+05   0.000000e+00   4038s
  141969    2.3044517e+04   2.533967e+05   0.000000e+00   4043s
  142089    2.3044639e+04   1.510549e+05   0.000000e+00   4048s
  142209    2.3044747e+04   1.084998e+05   0.000000e+00   4052s
  142329    2.3044853e+04   2.509657e+06   0.000000e+00   4057s
  142449    2.3044942e+04   2.349553e+05   0.000000e+00   4062s
  142569    2.3045034e+04   9.555250e+04   0.000000e+00   4066s
  142689    2.3045115e+04   3.400227e+05   0.000000e+00   4071s
  142809    2.3045198e+04   6.486989e+05   0.000000e+00   4076s
  142929    2.3045298e+04   1.490169e+05   0.000000e+00   4080s
  143169    2.3045519e+04   9.926991e+04   0.000000e+00   4089s
  143289    2.3045601e+04   1.995174e+05   0.000000e+00   4094s
  143409    2.3045688e+04   6.879861e+05   0.000000e+00   4099s
  143529    2.3045762e+04   1.257058e+07   0.000000e+00   4103s
  143649    2.3045859e+04   7.436474e+05   0.000000e+00   4108s
  143769    2.3045951e+04   4.770599e+05   0.000000e+00   4113s
  143889    2.3046054e+04   7.424955e+04   0.000000e+00   4117s
  144009    2.3046138e+04   1.843275e+06   0.000000e+00   4122s
  144129    2.3046245e+04   2.684282e+05   0.000000e+00   4127s
  144249    2.3046363e+04   3.553305e+05   0.000000e+00   4131s
  144369    2.3046446e+04   1.040980e+05   0.000000e+00   4136s
  144489    2.3046534e+04   1.845360e+06   0.000000e+00   4141s
  144609    2.3046599e+04   2.552739e+05   0.000000e+00   4145s
  144729    2.3046699e+04   4.188926e+05   0.000000e+00   4150s
  144969    2.3046877e+04   1.246802e+06   0.000000e+00   4160s
  145089    2.3046954e+04   8.506817e+05   0.000000e+00   4164s
  145209    2.3047050e+04   4.918338e+05   0.000000e+00   4169s
  145329    2.3047171e+04   7.709846e+05   0.000000e+00   4174s
  145449    2.3047297e+04   3.001039e+05   0.000000e+00   4178s
  145569    2.3047418e+04   2.996278e+05   0.000000e+00   4183s
  145689    2.3047531e+04   8.028045e+04   0.000000e+00   4188s
  145809    2.3047647e+04   2.951383e+05   0.000000e+00   4193s
  145929    2.3047742e+04   3.215905e+05   0.000000e+00   4197s
  146049    2.3047833e+04   2.973041e+05   0.000000e+00   4202s
  146169    2.3047923e+04   1.381370e+06   0.000000e+00   4207s
  146289    2.3048014e+04   7.487327e+05   0.000000e+00   4212s
  146409    2.3048103e+04   1.753725e+05   0.000000e+00   4216s
  146529    2.3048227e+04   1.259255e+05   0.000000e+00   4221s
  146649    2.3048323e+04   2.411725e+06   0.000000e+00   4226s
  146769    2.3048431e+04   2.089955e+05   0.000000e+00   4231s
  146889    2.3048543e+04   2.874871e+05   0.000000e+00   4235s
  147009    2.3048646e+04   1.486430e+05   0.000000e+00   4240s
  147249    2.3048821e+04   1.949561e+06   0.000000e+00   4249s
  147369    2.3048926e+04   1.984116e+05   0.000000e+00   4254s
  147489    2.3049020e+04   2.178977e+05   0.000000e+00   4259s
  147609    2.3049138e+04   1.512257e+05   0.000000e+00   4263s
  147729    2.3049236e+04   2.083513e+05   0.000000e+00   4268s
  147849    2.3049314e+04   2.421129e+05   0.000000e+00   4273s
  147969    2.3049419e+04   5.737804e+05   0.000000e+00   4278s
  148089    2.3049489e+04   1.664602e+07   0.000000e+00   4282s
  148209    2.3049552e+04   8.693948e+05   0.000000e+00   4287s
  148329    2.3049632e+04   7.729517e+05   0.000000e+00   4292s
  148449    2.3049723e+04   1.083977e+05   0.000000e+00   4296s
  148569    2.3049815e+04   4.563712e+06   0.000000e+00   4301s
  148689    2.3049892e+04   1.794590e+05   0.000000e+00   4306s
  148809    2.3049972e+04   1.037049e+06   0.000000e+00   4311s
  148929    2.3050056e+04   4.020265e+05   0.000000e+00   4315s
  149169    2.3050229e+04   6.804012e+05   0.000000e+00   4325s
  149289    2.3050308e+04   1.384833e+05   0.000000e+00   4329s
  149409    2.3050398e+04   6.254524e+05   0.000000e+00   4334s
  149529    2.3050500e+04   3.096251e+05   0.000000e+00   4339s
  149649    2.3050585e+04   9.401542e+04   0.000000e+00   4343s
  149769    2.3050687e+04   5.989959e+05   0.000000e+00   4348s
  149889    2.3050775e+04   1.456530e+05   0.000000e+00   4353s
  150009    2.3050874e+04   6.786325e+05   0.000000e+00   4357s
  150129    2.3050958e+04   2.888447e+05   0.000000e+00   4362s
  150249    2.3051047e+04   2.820377e+05   0.000000e+00   4367s
  150369    2.3051141e+04   2.422044e+06   0.000000e+00   4372s
  150489    2.3051234e+04   8.119134e+04   0.000000e+00   4376s
  150609    2.3051329e+04   3.025690e+05   0.000000e+00   4381s
  150729    2.3051411e+04   1.723647e+06   0.000000e+00   4386s
  150849    2.3051495e+04   2.599542e+06   0.000000e+00   4391s
  150969    2.3051549e+04   2.570106e+05   0.000000e+00   4395s
  151089    2.3051608e+04   4.005464e+05   0.000000e+00   4400s
  151329    2.3051781e+04   4.203748e+05   0.000000e+00   4409s
  151449    2.3051865e+04   1.298575e+05   0.000000e+00   4414s
  151569    2.3051947e+04   2.376990e+05   0.000000e+00   4419s
  151689    2.3052035e+04   4.151041e+05   0.000000e+00   4423s
  151809    2.3052150e+04   1.821073e+05   0.000000e+00   4428s
  151929    2.3052219e+04   6.173546e+05   0.000000e+00   4433s
  152049    2.3052320e+04   2.242973e+05   0.000000e+00   4438s
  152169    2.3052415e+04   8.210591e+04   0.000000e+00   4442s
  152289    2.3052502e+04   6.897197e+05   0.000000e+00   4447s
  152409    2.3052573e+04   4.166215e+05   0.000000e+00   4452s
  152529    2.3052644e+04   1.483065e+05   0.000000e+00   4457s
  152649    2.3052745e+04   8.725153e+04   0.000000e+00   4461s
  152769    2.3052828e+04   2.283037e+05   0.000000e+00   4466s
  152889    2.3052910e+04   1.105411e+06   0.000000e+00   4471s
  153009    2.3052996e+04   1.761023e+06   0.000000e+00   4476s
  153129    2.3053092e+04   3.517112e+05   0.000000e+00   4481s
  153249    2.3053179e+04   9.967171e+05   0.000000e+00   4485s
  153369    2.3053281e+04   2.923145e+05   0.000000e+00   4490s
  153609    2.3053472e+04   4.418024e+05   0.000000e+00   4500s
  153729    2.3053583e+04   1.972131e+05   0.000000e+00   4504s
  153849    2.3053664e+04   8.623526e+04   0.000000e+00   4509s
  153969    2.3053734e+04   2.862404e+05   0.000000e+00   4514s
  154089    2.3053823e+04   1.073564e+06   0.000000e+00   4519s
  154209    2.3053921e+04   2.081872e+05   0.000000e+00   4524s
  154329    2.3054018e+04   2.592547e+05   0.000000e+00   4528s
  154449    2.3054096e+04   3.383096e+05   0.000000e+00   4533s
  154569    2.3054177e+04   2.241505e+05   0.000000e+00   4538s
  154689    2.3054247e+04   3.668773e+05   0.000000e+00   4543s
  154809    2.3054323e+04   1.116577e+06   0.000000e+00   4547s
  154929    2.3054394e+04   2.328773e+05   0.000000e+00   4552s
  155049    2.3054465e+04   2.529169e+05   0.000000e+00   4557s
  155169    2.3054534e+04   9.634323e+05   0.000000e+00   4562s
  155289    2.3054612e+04   6.723913e+04   0.000000e+00   4566s
  155409    2.3054697e+04   2.240195e+05   0.000000e+00   4571s
  155529    2.3054772e+04   2.019825e+05   0.000000e+00   4576s
  155649    2.3054859e+04   1.820563e+06   0.000000e+00   4581s
  155769    2.3054958e+04   4.191136e+05   0.000000e+00   4585s
  155889    2.3055064e+04   6.955186e+05   0.000000e+00   4590s
  156129    2.3055257e+04   1.319122e+06   0.000000e+00   4600s
  156249    2.3055338e+04   1.243432e+05   0.000000e+00   4604s
  156369    2.3055439e+04   1.187595e+05   0.000000e+00   4609s
  156489    2.3055514e+04   3.012310e+05   0.000000e+00   4614s
  156609    2.3055604e+04   1.562439e+06   0.000000e+00   4619s
  156729    2.3055707e+04   1.703803e+05   0.000000e+00   4624s
  156849    2.3055789e+04   7.853143e+04   0.000000e+00   4628s
  156969    2.3055882e+04   9.662848e+05   0.000000e+00   4633s
  157089    2.3055958e+04   4.340148e+05   0.000000e+00   4638s
  157209    2.3056025e+04   1.079332e+06   0.000000e+00   4643s
  157329    2.3056095e+04   9.263645e+05   0.000000e+00   4647s
  157449    2.3056178e+04   1.274312e+05   0.000000e+00   4652s
  157569    2.3056257e+04   2.034157e+05   0.000000e+00   4657s
  157689    2.3056316e+04   3.383481e+06   0.000000e+00   4662s
  157809    2.3056382e+04   1.786079e+05   0.000000e+00   4666s
  157929    2.3056468e+04   1.234541e+05   0.000000e+00   4671s
  158049    2.3056539e+04   4.650326e+05   0.000000e+00   4676s
  158169    2.3056601e+04   8.795597e+05   0.000000e+00   4681s
  158289    2.3056682e+04   1.441003e+05   0.000000e+00   4685s
  158409    2.3056744e+04   2.416197e+05   0.000000e+00   4690s
  158529    2.3056825e+04   4.881313e+05   0.000000e+00   4695s
  158649    2.3056919e+04   2.227198e+05   0.000000e+00   4700s
  158889    2.3057099e+04   1.814020e+05   0.000000e+00   4710s
  159009    2.3057186e+04   8.747633e+04   0.000000e+00   4715s
  159129    2.3057272e+04   2.159581e+05   0.000000e+00   4719s
  159249    2.3057366e+04   8.774929e+04   0.000000e+00   4724s
  159369    2.3057446e+04   2.661610e+06   0.000000e+00   4729s
  159489    2.3057527e+04   2.494982e+05   0.000000e+00   4734s
  159609    2.3057602e+04   4.367050e+05   0.000000e+00   4739s
  159729    2.3057676e+04   1.088963e+05   0.000000e+00   4744s
  159849    2.3057744e+04   3.962471e+06   0.000000e+00   4748s
  159969    2.3057841e+04   9.645689e+05   0.000000e+00   4753s
  160089    2.3057917e+04   9.937823e+04   0.000000e+00   4758s
  160209    2.3058000e+04   2.208103e+05   0.000000e+00   4763s
  160329    2.3058088e+04   1.551593e+05   0.000000e+00   4768s
  160449    2.3058175e+04   2.749041e+05   0.000000e+00   4773s
  160569    2.3058251e+04   2.728870e+05   0.000000e+00   4777s
  160689    2.3058344e+04   5.133526e+05   0.000000e+00   4782s
  160809    2.3058431e+04   7.644404e+05   0.000000e+00   4787s
  160929    2.3058515e+04   4.309156e+05   0.000000e+00   4792s
  161049    2.3058583e+04   6.741885e+05   0.000000e+00   4797s
  161169    2.3058684e+04   1.796256e+05   0.000000e+00   4802s
  161289    2.3058764e+04   1.120713e+05   0.000000e+00   4807s
  161409    2.3058858e+04   3.115294e+05   0.000000e+00   4812s
  161529    2.3058928e+04   6.148076e+05   0.000000e+00   4817s
  161649    2.3059018e+04   1.522519e+05   0.000000e+00   4822s
  161769    2.3059129e+04   3.741518e+05   0.000000e+00   4827s
  161889    2.3059212e+04   6.166901e+05   0.000000e+00   4831s
  162009    2.3059320e+04   2.761479e+05   0.000000e+00   4836s
  162129    2.3059421e+04   5.696750e+05   0.000000e+00   4841s
  162249    2.3059496e+04   1.150869e+05   0.000000e+00   4846s
  162369    2.3059580e+04   2.766986e+05   0.000000e+00   4851s
  162489    2.3059666e+04   2.241027e+05   0.000000e+00   4856s
  162609    2.3059750e+04   1.747088e+05   0.000000e+00   4861s
  162729    2.3059834e+04   7.855809e+04   0.000000e+00   4866s
  162849    2.3059913e+04   5.421984e+05   0.000000e+00   4871s
  162969    2.3059985e+04   5.576719e+05   0.000000e+00   4876s
  163089    2.3060048e+04   4.298842e+05   0.000000e+00   4880s
  163209    2.3060108e+04   6.965213e+05   0.000000e+00   4885s
  163329    2.3060189e+04   3.582921e+05   0.000000e+00   4890s
  163449    2.3060259e+04   7.349350e+05   0.000000e+00   4895s
  163689    2.3060419e+04   8.212061e+04   0.000000e+00   4905s
  163809    2.3060506e+04   2.415023e+05   0.000000e+00   4910s
  163929    2.3060589e+04   4.664929e+05   0.000000e+00   4915s
  164049    2.3060686e+04   3.054465e+05   0.000000e+00   4920s
  164169    2.3060780e+04   6.539026e+04   0.000000e+00   4925s
  164289    2.3060870e+04   4.486712e+05   0.000000e+00   4930s
  164409    2.3060943e+04   2.013138e+05   0.000000e+00   4935s
  164529    2.3061020e+04   7.260770e+05   0.000000e+00   4940s
  164649    2.3061111e+04   2.316203e+05   0.000000e+00   4944s
  164769    2.3061189e+04   2.020116e+05   0.000000e+00   4949s
  164889    2.3061257e+04   7.802641e+05   0.000000e+00   4954s
  165009    2.3061334e+04   7.440754e+05   0.000000e+00   4959s
  165129    2.3061408e+04   9.421358e+04   0.000000e+00   4964s
  165259    2.3061479e+04   1.734546e+05   0.000000e+00   4969s
  165379    2.3061541e+04   1.491136e+06   0.000000e+00   4974s
  165499    2.3061616e+04   2.191511e+05   0.000000e+00   4979s
  165619    2.3061682e+04   9.211547e+04   0.000000e+00   4984s
  165739    2.3061745e+04   1.169449e+06   0.000000e+00   4988s
  165859    2.3061818e+04   9.961762e+05   0.000000e+00   4993s
  165979    2.3061884e+04   8.339957e+05   0.000000e+00   4998s
  166099    2.3061959e+04   4.563173e+05   0.000000e+00   5003s
  166219    2.3062035e+04   1.105152e+05   0.000000e+00   5008s
  166339    2.3062106e+04   9.305208e+04   0.000000e+00   5013s
  166459    2.3062188e+04   6.945624e+05   0.000000e+00   5018s
  166579    2.3062276e+04   1.969131e+05   0.000000e+00   5023s
  166699    2.3062353e+04   5.821632e+05   0.000000e+00   5028s
  166819    2.3062434e+04   7.470325e+05   0.000000e+00   5033s
  166939    2.3062501e+04   8.769105e+05   0.000000e+00   5038s
  167059    2.3062562e+04   1.014016e+06   0.000000e+00   5043s
  167179    2.3062630e+04   2.291170e+05   0.000000e+00   5047s
  167299    2.3062679e+04   3.296771e+05   0.000000e+00   5052s
  167419    2.3062753e+04   5.125366e+05   0.000000e+00   5057s
  167539    2.3062807e+04   4.317381e+05   0.000000e+00   5062s
  167659    2.3062865e+04   3.256762e+05   0.000000e+00   5067s
  167789    2.3062941e+04   6.873986e+04   0.000000e+00   5072s
  167909    2.3063010e+04   1.243567e+05   0.000000e+00   5077s
  168029    2.3063081e+04   2.738846e+05   0.000000e+00   5082s
  168149    2.3063132e+04   4.272501e+05   0.000000e+00   5087s
  168269    2.3063205e+04   1.029187e+05   0.000000e+00   5092s
  168389    2.3063273e+04   1.853339e+05   0.000000e+00   5097s
  168509    2.3063355e+04   1.706692e+05   0.000000e+00   5101s
  168629    2.3063426e+04   1.553457e+05   0.000000e+00   5106s
  168749    2.3063492e+04   7.781714e+04   0.000000e+00   5111s
  168869    2.3063569e+04   3.549725e+05   0.000000e+00   5116s
  168989    2.3063635e+04   1.460444e+05   0.000000e+00   5121s
  169109    2.3063705e+04   1.089173e+05   0.000000e+00   5126s
  169229    2.3063768e+04   2.580105e+06   0.000000e+00   5131s
  169339    2.3063830e+04   1.782636e+05   0.000000e+00   5135s
  169459    2.3063892e+04   2.102741e+05   0.000000e+00   5140s
  169579    2.3063974e+04   4.779679e+05   0.000000e+00   5145s
  169699    2.3064051e+04   1.950897e+05   0.000000e+00   5150s
  169829    2.3064122e+04   1.735752e+05   0.000000e+00   5155s
  169949    2.3064196e+04   5.974944e+05   0.000000e+00   5160s
  170069    2.3064263e+04   1.670377e+05   0.000000e+00   5165s
  170189    2.3064323e+04   1.984986e+05   0.000000e+00   5170s
  170309    2.3064391e+04   1.202306e+06   0.000000e+00   5175s
  170429    2.3064459e+04   5.419117e+05   0.000000e+00   5180s
  170549    2.3064531e+04   1.821111e+05   0.000000e+00   5185s
  170669    2.3064625e+04   9.091151e+05   0.000000e+00   5190s
  170909    2.3064768e+04   3.453758e+05   0.000000e+00   5200s
  171029    2.3064844e+04   1.050996e+06   0.000000e+00   5205s
  171139    2.3064908e+04   3.686157e+05   0.000000e+00   5209s
  171259    2.3064985e+04   1.693322e+05   0.000000e+00   5214s
  171389    2.3065057e+04   8.734390e+05   0.000000e+00   5220s
  171509    2.3065121e+04   3.145867e+05   0.000000e+00   5225s
  171629    2.3065173e+04   3.053767e+06   0.000000e+00   5230s
  171749    2.3065233e+04   6.607846e+05   0.000000e+00   5235s
  171869    2.3065307e+04   4.728251e+05   0.000000e+00   5239s
  171989    2.3065362e+04   1.141881e+05   0.000000e+00   5244s
  172109    2.3065421e+04   1.267794e+05   0.000000e+00   5249s
  172229    2.3065493e+04   9.091499e+04   0.000000e+00   5254s
  172349    2.3065562e+04   6.672342e+04   0.000000e+00   5259s
  172469    2.3065615e+04   5.788027e+04   0.000000e+00   5264s
  172589    2.3065688e+04   4.092038e+05   0.000000e+00   5269s
  172709    2.3065756e+04   1.778234e+05   0.000000e+00   5274s
  172829    2.3065831e+04   3.836808e+05   0.000000e+00   5279s
  172949    2.3065894e+04   2.180092e+06   0.000000e+00   5284s
  173069    2.3065951e+04   3.196768e+05   0.000000e+00   5289s
  173189    2.3066012e+04   1.051351e+05   0.000000e+00   5294s
  173309    2.3066071e+04   6.226518e+05   0.000000e+00   5299s
  173429    2.3066140e+04   8.680698e+04   0.000000e+00   5304s
  173549    2.3066196e+04   1.256979e+05   0.000000e+00   5309s
  173669    2.3066263e+04   2.663064e+05   0.000000e+00   5314s
  173799    2.3066341e+04   1.673473e+05   0.000000e+00   5319s
  173919    2.3066407e+04   3.560594e+05   0.000000e+00   5324s
  174039    2.3066461e+04   1.410455e+05   0.000000e+00   5329s
  174159    2.3066519e+04   1.502721e+06   0.000000e+00   5334s
  174279    2.3066576e+04   1.578085e+05   0.000000e+00   5339s
  174399    2.3066639e+04   8.137423e+04   0.000000e+00   5344s
  174519    2.3066691e+04   2.119574e+05   0.000000e+00   5349s
  174639    2.3066752e+04   5.793753e+05   0.000000e+00   5354s
  174759    2.3066820e+04   4.127615e+05   0.000000e+00   5359s
  174889    2.3066880e+04   3.215737e+05   0.000000e+00   5364s
  175009    2.3066942e+04   1.264070e+05   0.000000e+00   5369s
  175139    2.3067023e+04   1.484356e+05   0.000000e+00   5375s
  175259    2.3067088e+04   2.742408e+05   0.000000e+00   5380s
  175379    2.3067158e+04   6.306599e+05   0.000000e+00   5385s
  175499    2.3067221e+04   6.666352e+05   0.000000e+00   5390s
  175619    2.3067278e+04   1.534768e+06   0.000000e+00   5395s
  175739    2.3067338e+04   1.857299e+05   0.000000e+00   5400s
  175859    2.3067399e+04   1.411879e+05   0.000000e+00   5405s
  175979    2.3067461e+04   2.045974e+05   0.000000e+00   5410s
  176099    2.3067529e+04   1.241325e+05   0.000000e+00   5415s
  176219    2.3067587e+04   1.432216e+06   0.000000e+00   5420s
  176339    2.3067648e+04   3.999906e+05   0.000000e+00   5425s
  176469    2.3067722e+04   7.713061e+05   0.000000e+00   5430s
  176589    2.3067779e+04   5.622061e+05   0.000000e+00   5436s
  176709    2.3067843e+04   5.476827e+05   0.000000e+00   5441s
  176829    2.3067912e+04   3.181972e+05   0.000000e+00   5446s
  176949    2.3067995e+04   2.774232e+06   0.000000e+00   5451s
  177069    2.3068056e+04   1.124888e+05   0.000000e+00   5456s
  177189    2.3068123e+04   2.007597e+05   0.000000e+00   5461s
  177309    2.3068188e+04   3.450675e+05   0.000000e+00   5466s
  177429    2.3068249e+04   9.590764e+04   0.000000e+00   5471s
  177549    2.3068316e+04   9.006520e+04   0.000000e+00   5476s
  177679    2.3068373e+04   7.353713e+05   0.000000e+00   5481s
  177799    2.3068435e+04   8.025992e+04   0.000000e+00   5486s
  177929    2.3068512e+04   2.167288e+05   0.000000e+00   5492s
  178059    2.3068576e+04   5.076140e+05   0.000000e+00   5497s
  178179    2.3068647e+04   4.583318e+05   0.000000e+00   5502s
  178299    2.3068702e+04   7.673807e+05   0.000000e+00   5507s
  178419    2.3068775e+04   4.604051e+05   0.000000e+00   5512s
  178539    2.3068847e+04   6.218833e+05   0.000000e+00   5517s
  178669    2.3068906e+04   7.521880e+04   0.000000e+00   5522s
  178789    2.3068979e+04   3.909356e+05   0.000000e+00   5527s
  178909    2.3069051e+04   4.054553e+05   0.000000e+00   5532s
  179029    2.3069107e+04   7.323837e+04   0.000000e+00   5537s
  179149    2.3069186e+04   1.370678e+05   0.000000e+00   5542s
  179269    2.3069236e+04   7.336284e+04   0.000000e+00   5547s
  179389    2.3069286e+04   6.398741e+05   0.000000e+00   5552s
  179509    2.3069346e+04   1.063918e+06   0.000000e+00   5557s
  179619    2.3069400e+04   2.317143e+05   0.000000e+00   5562s
  179739    2.3069480e+04   1.416277e+06   0.000000e+00   5567s
  179869    2.3069560e+04   6.065588e+04   0.000000e+00   5572s
  179989    2.3069613e+04   1.273896e+05   0.000000e+00   5577s
  180109    2.3069673e+04   6.986560e+05   0.000000e+00   5582s
  180229    2.3069732e+04   8.252995e+04   0.000000e+00   5588s
  180349    2.3069796e+04   1.983283e+06   0.000000e+00   5593s
  180479    2.3069851e+04   9.693013e+04   0.000000e+00   5598s
  180599    2.3069916e+04   1.264615e+06   0.000000e+00   5603s
  180719    2.3069967e+04   1.690323e+05   0.000000e+00   5608s
  180839    2.3070028e+04   1.171294e+05   0.000000e+00   5613s
  180959    2.3070105e+04   7.128574e+04   0.000000e+00   5618s
  181089    2.3070179e+04   2.558807e+05   0.000000e+00   5623s
  181209    2.3070238e+04   5.570646e+05   0.000000e+00   5628s
  181329    2.3070296e+04   3.493438e+05   0.000000e+00   5633s
  181449    2.3070352e+04   3.221878e+05   0.000000e+00   5638s
  181569    2.3070427e+04   1.123834e+06   0.000000e+00   5643s
  181699    2.3070500e+04   1.079548e+05   0.000000e+00   5649s
  181819    2.3070560e+04   3.010378e+05   0.000000e+00   5654s
  181939    2.3070611e+04   1.360111e+05   0.000000e+00   5659s
  182059    2.3070667e+04   1.795381e+07   0.000000e+00   5664s
  182189    2.3070710e+04   6.858849e+05   0.000000e+00   5669s
  182309    2.3070760e+04   6.955398e+05   0.000000e+00   5674s
  182429    2.3070813e+04   8.228543e+04   0.000000e+00   5679s
  182549    2.3070872e+04   1.700447e+05   0.000000e+00   5684s
  182679    2.3070941e+04   1.604946e+05   0.000000e+00   5689s
  182809    2.3070998e+04   3.691552e+05   0.000000e+00   5694s
  182939    2.3071056e+04   3.184783e+04   0.000000e+00   5700s
  183059    2.3071108e+04   3.568410e+05   0.000000e+00   5705s
  183189    2.3071156e+04   1.616847e+05   0.000000e+00   5710s
  183329    2.3071215e+04   7.508599e+04   0.000000e+00   5716s
  183459    2.3071278e+04   3.225857e+05   0.000000e+00   5721s
  183579    2.3071331e+04   1.701034e+05   0.000000e+00   5726s
  183699    2.3071384e+04   2.669995e+05   0.000000e+00   5731s
  183819    2.3071428e+04   1.146121e+05   0.000000e+00   5736s
  183939    2.3071478e+04   5.719904e+04   0.000000e+00   5741s
  184069    2.3071524e+04   1.022019e+06   0.000000e+00   5746s
  184189    2.3071577e+04   1.986116e+05   0.000000e+00   5751s
  184309    2.3071639e+04   1.806997e+05   0.000000e+00   5756s
  184429    2.3071686e+04   1.494561e+06   0.000000e+00   5761s
  184549    2.3071742e+04   8.710980e+05   0.000000e+00   5766s
  184669    2.3071792e+04   1.501524e+05   0.000000e+00   5771s
  184789    2.3071853e+04   9.266180e+04   0.000000e+00   5776s
  184919    2.3071918e+04   4.472280e+04   0.000000e+00   5781s
  185049    2.3071990e+04   2.072014e+06   0.000000e+00   5787s
  185169    2.3072047e+04   9.801576e+04   0.000000e+00   5792s
  185299    2.3072113e+04   3.045300e+05   0.000000e+00   5797s
  185419    2.3072160e+04   1.836184e+05   0.000000e+00   5802s
  185539    2.3072210e+04   3.836013e+05   0.000000e+00   5807s
  185659    2.3072263e+04   1.909135e+05   0.000000e+00   5812s
  185779    2.3072326e+04   5.284760e+04   0.000000e+00   5818s
  185899    2.3072384e+04   5.736792e+04   0.000000e+00   5823s
  186019    2.3072443e+04   5.483038e+04   0.000000e+00   5828s
  186139    2.3072515e+04   3.701255e+05   0.000000e+00   5833s
  186269    2.3072583e+04   4.618639e+05   0.000000e+00   5838s
  186389    2.3072634e+04   8.651384e+04   0.000000e+00   5843s
  186509    2.3072679e+04   2.954124e+05   0.000000e+00   5848s
  186629    2.3072755e+04   1.413929e+05   0.000000e+00   5853s
  186759    2.3072811e+04   2.385704e+05   0.000000e+00   5859s
  186879    2.3072869e+04   5.493812e+05   0.000000e+00   5864s
  187009    2.3072934e+04   3.449030e+05   0.000000e+00   5869s
  187139    2.3072985e+04   2.051236e+05   0.000000e+00   5875s
  187279    2.3073029e+04   4.923183e+05   0.000000e+00   5880s
  187409    2.3073074e+04   3.966875e+05   0.000000e+00   5886s
  187529    2.3073133e+04   5.136603e+05   0.000000e+00   5891s
  187649    2.3073192e+04   4.724984e+05   0.000000e+00   5896s
  187779    2.3073248e+04   8.278542e+05   0.000000e+00   5901s
  187909    2.3073291e+04   1.128986e+06   0.000000e+00   5907s
  188029    2.3073335e+04   5.995570e+05   0.000000e+00   5912s
  188149    2.3073385e+04   1.188444e+05   0.000000e+00   5917s
  188279    2.3073449e+04   6.656852e+04   0.000000e+00   5922s
  188399    2.3073506e+04   1.555476e+06   0.000000e+00   5927s
  188519    2.3073566e+04   1.634799e+05   0.000000e+00   5933s
  188649    2.3073624e+04   1.434772e+05   0.000000e+00   5938s
  188779    2.3073689e+04   3.304907e+05   0.000000e+00   5944s
  188909    2.3073749e+04   3.902471e+05   0.000000e+00   5949s
  189039    2.3073805e+04   1.796287e+05   0.000000e+00   5955s
  189159    2.3073863e+04   1.664514e+05   0.000000e+00   5960s
  189289    2.3073919e+04   6.853893e+04   0.000000e+00   5965s
  189409    2.3073984e+04   4.181796e+05   0.000000e+00   5970s
  189539    2.3074035e+04   3.754695e+05   0.000000e+00   5976s
  189659    2.3074094e+04   4.009584e+05   0.000000e+00   5981s
  189779    2.3074134e+04   3.055206e+05   0.000000e+00   5986s
  189899    2.3074178e+04   1.073073e+05   0.000000e+00   5991s
  190019    2.3074229e+04   9.463728e+04   0.000000e+00   5996s
  190149    2.3074284e+04   3.120999e+05   0.000000e+00   6002s
  190269    2.3074326e+04   1.497510e+05   0.000000e+00   6007s
  190389    2.3074375e+04   2.174237e+06   0.000000e+00   6012s
  190519    2.3074423e+04   7.553401e+04   0.000000e+00   6017s
  190649    2.3074473e+04   4.504438e+05   0.000000e+00   6023s
  190779    2.3074526e+04   6.602718e+05   0.000000e+00   6028s
  190909    2.3074578e+04   4.769363e+05   0.000000e+00   6033s
  191039    2.3074632e+04   2.317359e+05   0.000000e+00   6039s
  191159    2.3074690e+04   6.470604e+04   0.000000e+00   6044s
  191289    2.3074751e+04   2.655571e+05   0.000000e+00   6049s
  191409    2.3074796e+04   4.600689e+05   0.000000e+00   6054s
  191539    2.3074862e+04   3.901627e+05   0.000000e+00   6059s
  191669    2.3074922e+04   5.111259e+05   0.000000e+00   6065s
  191789    2.3074972e+04   1.619993e+05   0.000000e+00   6070s
  191909    2.3075020e+04   2.557042e+05   0.000000e+00   6075s
  192029    2.3075068e+04   1.083743e+05   0.000000e+00   6080s
  192149    2.3075120e+04   7.973444e+04   0.000000e+00   6085s
  192269    2.3075175e+04   3.796306e+05   0.000000e+00   6090s
  192389    2.3075223e+04   3.061744e+05   0.000000e+00   6095s
  192509    2.3075268e+04   4.830774e+05   0.000000e+00   6100s
  192639    2.3075310e+04   1.753158e+05   0.000000e+00   6106s
  192759    2.3075357e+04   3.515313e+05   0.000000e+00   6111s
  192879    2.3075407e+04   8.409742e+04   0.000000e+00   6116s
  193009    2.3075462e+04   1.628494e+05   0.000000e+00   6121s
  193139    2.3075518e+04   3.536893e+05   0.000000e+00   6127s
  193269    2.3075577e+04   3.238358e+05   0.000000e+00   6132s
  193409    2.3075635e+04   3.549911e+05   0.000000e+00   6138s
  193539    2.3075685e+04   2.029622e+05   0.000000e+00   6144s
  193669    2.3075735e+04   3.792002e+05   0.000000e+00   6149s
  193799    2.3075792e+04   2.678669e+06   0.000000e+00   6154s
  193919    2.3075854e+04   1.398272e+05   0.000000e+00   6160s
  194049    2.3075920e+04   3.683393e+05   0.000000e+00   6165s
  194179    2.3075985e+04   3.482812e+05   0.000000e+00   6171s
  194319    2.3076044e+04   7.287500e+04   0.000000e+00   6176s
  194449    2.3076102e+04   6.546251e+04   0.000000e+00   6182s
  194579    2.3076157e+04   1.006228e+06   0.000000e+00   6187s
  194709    2.3076200e+04   1.742332e+05   0.000000e+00   6193s
  194839    2.3076246e+04   5.146063e+04   0.000000e+00   6198s
  194969    2.3076283e+04   1.800054e+05   0.000000e+00   6204s
  195099    2.3076339e+04   1.581395e+05   0.000000e+00   6209s
  195229    2.3076395e+04   6.104765e+05   0.000000e+00   6215s
  195349    2.3076450e+04   1.099245e+05   0.000000e+00   6220s
  195479    2.3076501e+04   8.473277e+04   0.000000e+00   6225s
  195609    2.3076550e+04   3.664997e+05   0.000000e+00   6231s
  195739    2.3076606e+04   1.212863e+05   0.000000e+00   6236s
  195879    2.3076677e+04   1.745456e+05   0.000000e+00   6242s
  196009    2.3076725e+04   6.999407e+05   0.000000e+00   6247s
  196129    2.3076763e+04   1.229597e+05   0.000000e+00   6252s
  196249    2.3076807e+04   1.620862e+05   0.000000e+00   6257s
  196379    2.3076873e+04   9.173878e+05   0.000000e+00   6263s
  196509    2.3076914e+04   1.183224e+06   0.000000e+00   6268s
  196629    2.3076967e+04   1.123691e+05   0.000000e+00   6273s
  196749    2.3077028e+04   2.972030e+05   0.000000e+00   6278s
  196869    2.3077086e+04   1.027489e+05   0.000000e+00   6284s
  196999    2.3077148e+04   3.748662e+05   0.000000e+00   6289s
  197119    2.3077198e+04   1.092071e+05   0.000000e+00   6294s
  197249    2.3077244e+04   1.363831e+05   0.000000e+00   6299s
  197379    2.3077295e+04   4.421630e+05   0.000000e+00   6305s
  197509    2.3077342e+04   6.163322e+05   0.000000e+00   6310s
  197649    2.3077406e+04   4.290104e+05   0.000000e+00   6316s
  197789    2.3077466e+04   3.900962e+05   0.000000e+00   6322s
  197909    2.3077523e+04   2.432288e+05   0.000000e+00   6327s
  198039    2.3077585e+04   5.516680e+05   0.000000e+00   6332s
  198169    2.3077644e+04   4.688825e+05   0.000000e+00   6338s
  198299    2.3077684e+04   2.365867e+05   0.000000e+00   6343s
  198429    2.3077747e+04   2.679682e+05   0.000000e+00   6349s
  198559    2.3077798e+04   1.568254e+06   0.000000e+00   6354s
  198699    2.3077856e+04   2.636987e+05   0.000000e+00   6360s
  198829    2.3077908e+04   5.844160e+05   0.000000e+00   6365s
  198969    2.3077966e+04   1.242668e+05   0.000000e+00   6371s
  199099    2.3078019e+04   2.363529e+05   0.000000e+00   6376s
  199229    2.3078073e+04   3.320304e+04   0.000000e+00   6382s
  199359    2.3078128e+04   3.299598e+05   0.000000e+00   6387s
  199479    2.3078174e+04   4.563409e+05   0.000000e+00   6392s
  199609    2.3078221e+04   1.664208e+05   0.000000e+00   6398s
  199729    2.3078262e+04   2.438122e+05   0.000000e+00   6403s
  199859    2.3078303e+04   1.514857e+05   0.000000e+00   6408s
  199989    2.3078356e+04   8.872018e+05   0.000000e+00   6413s
  200119    2.3078414e+04   1.376661e+06   0.000000e+00   6419s
  200249    2.3078465e+04   4.318920e+05   0.000000e+00   6424s
  200389    2.3078524e+04   9.055702e+04   0.000000e+00   6430s
  200529    2.3078570e+04   7.267510e+04   0.000000e+00   6436s
  200669    2.3078621e+04   1.088484e+06   0.000000e+00   6441s
  200809    2.3078672e+04   1.840182e+05   0.000000e+00   6447s
  200949    2.3078726e+04   2.101678e+05   0.000000e+00   6453s
  201089    2.3078763e+04   6.979103e+05   0.000000e+00   6459s
  201229    2.3078808e+04   7.899389e+04   0.000000e+00   6464s
  201359    2.3078847e+04   5.419418e+05   0.000000e+00   6470s
  201479    2.3078887e+04   5.359368e+05   0.000000e+00   6475s
  201609    2.3078924e+04   2.547939e+05   0.000000e+00   6480s
  201739    2.3078963e+04   3.432991e+05   0.000000e+00   6486s
  201859    2.3079000e+04   8.000566e+05   0.000000e+00   6491s
  201979    2.3079038e+04   5.145963e+04   0.000000e+00   6496s
  202109    2.3079077e+04   5.612764e+04   0.000000e+00   6501s
  202239    2.3079125e+04   1.681284e+05   0.000000e+00   6506s
  202379    2.3079173e+04   1.534776e+05   0.000000e+00   6512s
  202519    2.3079226e+04   3.089023e+05   0.000000e+00   6518s
  202649    2.3079268e+04   6.916157e+04   0.000000e+00   6523s
  202779    2.3079308e+04   1.130723e+05   0.000000e+00   6529s
  202919    2.3079356e+04   8.682785e+05   0.000000e+00   6534s
  203049    2.3079401e+04   1.136680e+05   0.000000e+00   6540s
  203169    2.3079439e+04   1.127488e+06   0.000000e+00   6545s
  203289    2.3079483e+04   2.111351e+05   0.000000e+00   6550s
  203419    2.3079532e+04   8.817434e+04   0.000000e+00   6555s
  203539    2.3079571e+04   1.277513e+05   0.000000e+00   6560s
  203669    2.3079611e+04   1.595405e+05   0.000000e+00   6566s
  203789    2.3079648e+04   4.031217e+04   0.000000e+00   6571s
  203919    2.3079695e+04   6.203587e+05   0.000000e+00   6576s
  204049    2.3079737e+04   5.869642e+04   0.000000e+00   6582s
  204179    2.3079780e+04   3.987027e+05   0.000000e+00   6587s
  204309    2.3079830e+04   1.901476e+05   0.000000e+00   6593s
  204439    2.3079876e+04   5.607030e+05   0.000000e+00   6598s
  204569    2.3079922e+04   1.654664e+05   0.000000e+00   6603s
  204699    2.3079972e+04   1.651756e+06   0.000000e+00   6609s
  204829    2.3080006e+04   7.146573e+04   0.000000e+00   6614s
  204959    2.3080040e+04   3.945731e+05   0.000000e+00   6620s
  205089    2.3080087e+04   5.661847e+05   0.000000e+00   6625s
  205219    2.3080123e+04   1.657602e+06   0.000000e+00   6630s
  205339    2.3080169e+04   1.244238e+05   0.000000e+00   6635s
  205469    2.3080221e+04   8.441147e+05   0.000000e+00   6641s
  205599    2.3080266e+04   4.753824e+04   0.000000e+00   6646s
  205729    2.3080311e+04   1.558316e+05   0.000000e+00   6652s
  205849    2.3080351e+04   5.067002e+04   0.000000e+00   6657s
  205969    2.3080391e+04   5.838952e+04   0.000000e+00   6662s
  206099    2.3080425e+04   5.552087e+05   0.000000e+00   6667s
  206229    2.3080452e+04   3.008871e+05   0.000000e+00   6673s
  206349    2.3080484e+04   1.447946e+05   0.000000e+00   6678s
  206479    2.3080525e+04   2.304317e+05   0.000000e+00   6683s
  206609    2.3080564e+04   2.226453e+06   0.000000e+00   6689s
  206749    2.3080611e+04   1.561839e+05   0.000000e+00   6694s
  206889    2.3080655e+04   1.376729e+05   0.000000e+00   6700s
  207029    2.3080708e+04   2.335358e+05   0.000000e+00   6706s
  207159    2.3080759e+04   7.552737e+05   0.000000e+00   6712s
  207289    2.3080796e+04   2.989506e+05   0.000000e+00   6717s
  207419    2.3080839e+04   1.276735e+05   0.000000e+00   6723s
  207549    2.3080881e+04   2.272017e+05   0.000000e+00   6728s
  207689    2.3080935e+04   7.202793e+04   0.000000e+00   6734s
  207829    2.3080976e+04   2.160036e+05   0.000000e+00   6740s
  207969    2.3081022e+04   1.050484e+06   0.000000e+00   6745s
  208109    2.3081058e+04   1.900392e+06   0.000000e+00   6751s
  208249    2.3081105e+04   1.260684e+06   0.000000e+00   6757s
  208379    2.3081153e+04   2.580398e+05   0.000000e+00   6763s
  208519    2.3081203e+04   1.785041e+06   0.000000e+00   6769s
  208649    2.3081247e+04   1.538878e+05   0.000000e+00   6774s
  208779    2.3081299e+04   6.965951e+05   0.000000e+00   6780s
  208919    2.3081345e+04   2.976377e+05   0.000000e+00   6786s
  209049    2.3081381e+04   2.558766e+05   0.000000e+00   6791s
  209179    2.3081425e+04   6.918990e+04   0.000000e+00   6796s
  209309    2.3081476e+04   2.533073e+05   0.000000e+00   6802s
  209439    2.3081521e+04   2.038233e+05   0.000000e+00   6807s
  209569    2.3081566e+04   1.831125e+05   0.000000e+00   6813s
  209709    2.3081612e+04   1.412881e+05   0.000000e+00   6819s
  209849    2.3081660e+04   1.214246e+06   0.000000e+00   6825s
  209989    2.3081706e+04   6.121709e+05   0.000000e+00   6830s
  210129    2.3081758e+04   4.757567e+05   0.000000e+00   6836s
  210269    2.3081805e+04   3.635211e+05   0.000000e+00   6842s
  210409    2.3081844e+04   6.439636e+05   0.000000e+00   6848s
  210549    2.3081897e+04   9.985024e+05   0.000000e+00   6854s
  210689    2.3081948e+04   1.133884e+05   0.000000e+00   6860s
  210819    2.3081994e+04   4.317892e+06   0.000000e+00   6866s
  210959    2.3082044e+04   1.324562e+05   0.000000e+00   6871s
  211089    2.3082092e+04   1.241350e+05   0.000000e+00   6877s
  211219    2.3082143e+04   9.599400e+05   0.000000e+00   6883s
  211359    2.3082184e+04   9.159003e+04   0.000000e+00   6889s
  211489    2.3082231e+04   4.514497e+05   0.000000e+00   6894s
  211629    2.3082274e+04   7.843359e+05   0.000000e+00   6900s
  211759    2.3082325e+04   7.933097e+05   0.000000e+00   6906s
  211889    2.3082377e+04   1.970396e+05   0.000000e+00   6911s
  212019    2.3082418e+04   2.347394e+05   0.000000e+00   6917s
  212149    2.3082460e+04   5.788340e+04   0.000000e+00   6922s
  212279    2.3082507e+04   3.324924e+05   0.000000e+00   6928s
  212409    2.3082549e+04   4.846687e+05   0.000000e+00   6933s
  212539    2.3082588e+04   9.978461e+04   0.000000e+00   6939s
  212659    2.3082622e+04   9.732774e+04   0.000000e+00   6944s
  212789    2.3082675e+04   1.337683e+05   0.000000e+00   6950s
  212929    2.3082727e+04   2.788730e+06   0.000000e+00   6956s
  213069    2.3082773e+04   4.979441e+05   0.000000e+00   6962s
  213199    2.3082822e+04   3.324936e+05   0.000000e+00   6967s
  213329    2.3082856e+04   1.104602e+06   0.000000e+00   6973s
  213469    2.3082906e+04   8.658411e+05   0.000000e+00   6979s
  213599    2.3082958e+04   4.704446e+04   0.000000e+00   6984s
  213729    2.3083009e+04   3.133492e+05   0.000000e+00   6990s
  213859    2.3083056e+04   2.212442e+05   0.000000e+00   6995s
  213999    2.3083105e+04   5.313021e+04   0.000000e+00   7001s
  214129    2.3083149e+04   3.568150e+04   0.000000e+00   7007s
  214269    2.3083195e+04   1.496119e+05   0.000000e+00   7013s
  214399    2.3083229e+04   2.679291e+05   0.000000e+00   7019s
  214529    2.3083269e+04   1.600181e+05   0.000000e+00   7024s
  214669    2.3083311e+04   1.554808e+05   0.000000e+00   7030s
  214799    2.3083345e+04   2.538713e+05   0.000000e+00   7036s
  214929    2.3083384e+04   1.229984e+05   0.000000e+00   7041s
  215059    2.3083411e+04   2.818053e+05   0.000000e+00   7047s
  215189    2.3083449e+04   1.360565e+05   0.000000e+00   7052s
  215319    2.3083482e+04   3.845311e+05   0.000000e+00   7058s
  215449    2.3083522e+04   7.896308e+05   0.000000e+00   7064s
  215579    2.3083562e+04   2.775595e+05   0.000000e+00   7069s
  215719    2.3083605e+04   7.549854e+05   0.000000e+00   7075s
  215849    2.3083653e+04   4.114288e+05   0.000000e+00   7081s
  215979    2.3083702e+04   4.364305e+05   0.000000e+00   7086s
  216119    2.3083745e+04   1.756281e+05   0.000000e+00   7092s
  216249    2.3083795e+04   1.215713e+05   0.000000e+00   7098s
  216379    2.3083840e+04   7.921176e+04   0.000000e+00   7104s
  216509    2.3083896e+04   1.010141e+06   0.000000e+00   7109s
  216639    2.3083937e+04   6.847790e+05   0.000000e+00   7115s
  216779    2.3083990e+04   2.370900e+05   0.000000e+00   7121s
  216919    2.3084026e+04   7.893616e+04   0.000000e+00   7127s
  217059    2.3084070e+04   1.097510e+05   0.000000e+00   7133s
  217189    2.3084112e+04   6.726074e+05   0.000000e+00   7138s
  217319    2.3084154e+04   3.420887e+05   0.000000e+00   7144s
  217449    2.3084196e+04   2.280834e+05   0.000000e+00   7149s
  217589    2.3084238e+04   2.978135e+06   0.000000e+00   7155s
  217719    2.3084277e+04   2.266854e+06   0.000000e+00   7161s
  217849    2.3084316e+04   1.860537e+05   0.000000e+00   7167s
  217989    2.3084369e+04   2.500287e+05   0.000000e+00   7173s
  218119    2.3084423e+04   5.825979e+04   0.000000e+00   7179s
  218249    2.3084463e+04   4.184046e+05   0.000000e+00   7184s
  218379    2.3084499e+04   6.561431e+04   0.000000e+00   7190s
  218519    2.3084539e+04   1.142621e+05   0.000000e+00   7196s
  218659    2.3084572e+04   5.234818e+04   0.000000e+00   7202s
  218789    2.3084617e+04   5.865691e+05   0.000000e+00   7207s
  218919    2.3084665e+04   6.640702e+05   0.000000e+00   7213s
  219059    2.3084715e+04   1.548990e+05   0.000000e+00   7219s
  219189    2.3084763e+04   7.345873e+05   0.000000e+00   7225s
  219319    2.3084803e+04   1.590375e+05   0.000000e+00   7230s
  219449    2.3084846e+04   1.133076e+06   0.000000e+00   7236s
  219589    2.3084892e+04   7.294807e+04   0.000000e+00   7242s
  219719    2.3084943e+04   2.391684e+05   0.000000e+00   7248s
  219849    2.3084987e+04   2.996520e+05   0.000000e+00   7253s
  219989    2.3085029e+04   1.084399e+06   0.000000e+00   7259s
  220119    2.3085067e+04   6.855976e+04   0.000000e+00   7265s
  220249    2.3085104e+04   1.012792e+05   0.000000e+00   7270s
  220389    2.3085151e+04   1.427778e+05   0.000000e+00   7276s
  220519    2.3085181e+04   3.964793e+05   0.000000e+00   7282s
  220649    2.3085215e+04   5.638453e+04   0.000000e+00   7287s
  220789    2.3085243e+04   6.739105e+05   0.000000e+00   7293s
  220929    2.3085279e+04   6.662870e+05   0.000000e+00   7299s
  221069    2.3085313e+04   7.625829e+04   0.000000e+00   7305s
  221209    2.3085346e+04   1.469426e+06   0.000000e+00   7311s
  221349    2.3085379e+04   1.130264e+05   0.000000e+00   7317s
  221479    2.3085423e+04   1.819159e+05   0.000000e+00   7323s
  221619    2.3085465e+04   2.160656e+05   0.000000e+00   7329s
  221749    2.3085503e+04   2.168814e+06   0.000000e+00   7335s
  221879    2.3085536e+04   8.761929e+04   0.000000e+00   7340s
  222009    2.3085579e+04   9.188737e+04   0.000000e+00   7346s
  222139    2.3085611e+04   1.600845e+05   0.000000e+00   7352s
  222269    2.3085647e+04   1.065174e+05   0.000000e+00   7357s
  222409    2.3085680e+04   7.812732e+04   0.000000e+00   7363s
  222549    2.3085711e+04   1.107676e+06   0.000000e+00   7369s
  222679    2.3085745e+04   6.683059e+04   0.000000e+00   7375s
  222809    2.3085786e+04   8.541914e+04   0.000000e+00   7380s
  222949    2.3085818e+04   4.044747e+05   0.000000e+00   7386s
  223079    2.3085858e+04   1.923087e+05   0.000000e+00   7392s
  223209    2.3085891e+04   3.045546e+06   0.000000e+00   7397s
  223339    2.3085929e+04   2.516095e+05   0.000000e+00   7403s
  223479    2.3085979e+04   2.084735e+05   0.000000e+00   7409s
  223609    2.3086013e+04   2.954251e+05   0.000000e+00   7415s
  223739    2.3086060e+04   2.468221e+05   0.000000e+00   7421s
  223879    2.3086105e+04   1.744183e+05   0.000000e+00   7427s
  224019    2.3086142e+04   2.321670e+05   0.000000e+00   7433s
  224149    2.3086179e+04   1.117586e+05   0.000000e+00   7438s
  224279    2.3086217e+04   3.748161e+05   0.000000e+00   7444s
  224419    2.3086257e+04   4.678892e+05   0.000000e+00   7450s
  224559    2.3086294e+04   5.247683e+05   0.000000e+00   7456s
  224689    2.3086329e+04   3.017307e+05   0.000000e+00   7462s
  224819    2.3086367e+04   5.887638e+05   0.000000e+00   7467s
  224949    2.3086404e+04   5.158284e+05   0.000000e+00   7473s
  225079    2.3086442e+04   6.447233e+04   0.000000e+00   7479s
  225209    2.3086478e+04   5.091212e+05   0.000000e+00   7484s
  225349    2.3086511e+04   3.648722e+05   0.000000e+00   7490s
  225479    2.3086540e+04   6.932338e+05   0.000000e+00   7496s
  225619    2.3086571e+04   1.280163e+05   0.000000e+00   7502s
  225759    2.3086605e+04   8.868449e+04   0.000000e+00   7508s
  225899    2.3086639e+04   2.597762e+05   0.000000e+00   7514s
  226039    2.3086669e+04   5.239687e+05   0.000000e+00   7520s
  226169    2.3086701e+04   1.546523e+05   0.000000e+00   7525s
  226299    2.3086738e+04   3.659292e+05   0.000000e+00   7531s
  226429    2.3086774e+04   3.891977e+06   0.000000e+00   7537s
  226569    2.3086802e+04   7.614863e+04   0.000000e+00   7543s
  226709    2.3086835e+04   7.058143e+05   0.000000e+00   7549s
  226839    2.3086869e+04   4.183323e+05   0.000000e+00   7555s
  226969    2.3086908e+04   3.220111e+05   0.000000e+00   7561s
  227099    2.3086949e+04   2.672612e+05   0.000000e+00   7566s
  227239    2.3086993e+04   1.534906e+05   0.000000e+00   7572s
  227379    2.3087028e+04   5.459876e+04   0.000000e+00   7578s
  227519    2.3087070e+04   5.061750e+05   0.000000e+00   7584s
  227649    2.3087116e+04   1.257332e+05   0.000000e+00   7590s
  227779    2.3087151e+04   1.067652e+05   0.000000e+00   7596s
  227919    2.3087186e+04   5.867101e+05   0.000000e+00   7602s
  228059    2.3087231e+04   4.669975e+04   0.000000e+00   7608s
  228199    2.3087274e+04   2.005363e+05   0.000000e+00   7614s
  228339    2.3087312e+04   6.653623e+04   0.000000e+00   7620s
  228469    2.3087343e+04   3.284701e+04   0.000000e+00   7625s
  228599    2.3087383e+04   4.081134e+05   0.000000e+00   7631s
  228739    2.3087427e+04   3.331670e+05   0.000000e+00   7637s
  228869    2.3087457e+04   1.048805e+05   0.000000e+00   7643s
  228999    2.3087488e+04   1.154311e+05   0.000000e+00   7649s
  229139    2.3087526e+04   1.350555e+05   0.000000e+00   7655s
  229269    2.3087562e+04   1.801589e+05   0.000000e+00   7660s
  229399    2.3087601e+04   1.020057e+06   0.000000e+00   7666s
  229529    2.3087629e+04   1.848785e+06   0.000000e+00   7672s
  229659    2.3087654e+04   3.224368e+05   0.000000e+00   7678s
  229789    2.3087693e+04   2.613471e+05   0.000000e+00   7683s
  229919    2.3087728e+04   1.541337e+05   0.000000e+00   7689s
  230049    2.3087761e+04   2.476396e+06   0.000000e+00   7695s
  230179    2.3087796e+04   8.899930e+04   0.000000e+00   7701s
  230309    2.3087829e+04   4.414305e+05   0.000000e+00   7706s
  230439    2.3087856e+04   9.721984e+05   0.000000e+00   7712s
  230569    2.3087882e+04   1.536362e+06   0.000000e+00   7718s
  230699    2.3087918e+04   9.786509e+04   0.000000e+00   7723s
  230829    2.3087950e+04   3.672510e+05   0.000000e+00   7729s
  230959    2.3087980e+04   2.308845e+05   0.000000e+00   7735s
  231089    2.3088009e+04   4.173129e+05   0.000000e+00   7741s
  231219    2.3088039e+04   9.492143e+05   0.000000e+00   7747s
  231349    2.3088070e+04   2.058393e+06   0.000000e+00   7752s
  231479    2.3088101e+04   2.914916e+04   0.000000e+00   7758s
  231609    2.3088140e+04   1.847272e+06   0.000000e+00   7764s
  231739    2.3088182e+04   1.454782e+06   0.000000e+00   7770s
  231869    2.3088213e+04   1.035026e+05   0.000000e+00   7775s
  231999    2.3088249e+04   7.109404e+04   0.000000e+00   7781s
  232139    2.3088281e+04   1.577160e+04   0.000000e+00   7787s
  232269    2.3088310e+04   2.022811e+06   0.000000e+00   7793s
  232399    2.3088349e+04   8.840646e+04   0.000000e+00   7799s
  232529    2.3088376e+04   8.093610e+04   0.000000e+00   7804s
  232659    2.3088411e+04   1.800065e+05   0.000000e+00   7810s
  232789    2.3088441e+04   2.134599e+05   0.000000e+00   7816s
  232919    2.3088477e+04   4.611263e+05   0.000000e+00   7822s
  233049    2.3088510e+04   8.027588e+04   0.000000e+00   7827s
  233179    2.3088538e+04   1.239106e+06   0.000000e+00   7833s
  233309    2.3088565e+04   8.244894e+04   0.000000e+00   7839s
  233439    2.3088598e+04   3.647891e+05   0.000000e+00   7845s
  233579    2.3088629e+04   1.381593e+06   0.000000e+00   7851s
  233709    2.3088659e+04   7.539224e+04   0.000000e+00   7857s
  233839    2.3088686e+04   1.084571e+05   0.000000e+00   7863s
  233969    2.3088716e+04   3.548922e+05   0.000000e+00   7868s
  234099    2.3088746e+04   2.923986e+05   0.000000e+00   7874s
  234229    2.3088781e+04   6.146389e+05   0.000000e+00   7880s
  234359    2.3088819e+04   7.241393e+05   0.000000e+00   7886s
  234489    2.3088852e+04   1.221014e+05   0.000000e+00   7891s
  234619    2.3088881e+04   1.826575e+05   0.000000e+00   7897s
  234749    2.3088915e+04   3.022881e+04   0.000000e+00   7903s
  234879    2.3088945e+04   3.222790e+05   0.000000e+00   7909s
  235009    2.3088987e+04   7.159074e+05   0.000000e+00   7914s
  235139    2.3089021e+04   2.117133e+05   0.000000e+00   7920s
  235269    2.3089056e+04   3.652049e+05   0.000000e+00   7926s
  235399    2.3089091e+04   1.622943e+05   0.000000e+00   7932s
  235529    2.3089127e+04   3.145268e+05   0.000000e+00   7937s
  235659    2.3089159e+04   8.776164e+04   0.000000e+00   7943s
  235789    2.3089200e+04   1.213108e+05   0.000000e+00   7949s
  235929    2.3089234e+04   2.473536e+05   0.000000e+00   7955s
  236059    2.3089266e+04   9.176058e+05   0.000000e+00   7961s
  236189    2.3089290e+04   3.940406e+05   0.000000e+00   7967s
  236329    2.3089319e+04   4.593872e+04   0.000000e+00   7973s
  236459    2.3089345e+04   4.947176e+05   0.000000e+00   7978s
  236599    2.3089375e+04   8.558098e+04   0.000000e+00   7984s
  236729    2.3089402e+04   2.875022e+05   0.000000e+00   7990s
  236859    2.3089434e+04   3.167125e+05   0.000000e+00   7996s
  236989    2.3089459e+04   7.079406e+04   0.000000e+00   8002s
  237129    2.3089494e+04   1.131384e+05   0.000000e+00   8008s
  237269    2.3089525e+04   5.405185e+04   0.000000e+00   8014s
  237399    2.3089553e+04   1.958727e+05   0.000000e+00   8020s
  237529    2.3089582e+04   2.510855e+05   0.000000e+00   8025s
  237659    2.3089610e+04   2.176922e+05   0.000000e+00   8031s
  237789    2.3089635e+04   7.470039e+04   0.000000e+00   8037s
  237919    2.3089671e+04   1.775616e+05   0.000000e+00   8043s
  238049    2.3089698e+04   2.410197e+04   0.000000e+00   8049s
  238179    2.3089729e+04   1.041996e+05   0.000000e+00   8055s
  238309    2.3089761e+04   4.456111e+05   0.000000e+00   8061s
  238439    2.3089789e+04   1.026477e+05   0.000000e+00   8066s
  238579    2.3089816e+04   6.898197e+04   0.000000e+00   8072s
  238719    2.3089850e+04   1.187791e+05   0.000000e+00   8079s
  238849    2.3089884e+04   1.614149e+05   0.000000e+00   8085s
  238979    2.3089915e+04   8.378554e+05   0.000000e+00   8091s
  239119    2.3089944e+04   5.893549e+05   0.000000e+00   8097s
  239249    2.3089968e+04   3.933651e+04   0.000000e+00   8103s
  239379    2.3090001e+04   1.237900e+05   0.000000e+00   8108s
  239509    2.3090032e+04   1.043106e+06   0.000000e+00   8114s
  239639    2.3090062e+04   8.080037e+04   0.000000e+00   8120s
  239769    2.3090095e+04   6.014128e+05   0.000000e+00   8126s
  239899    2.3090129e+04   1.254577e+05   0.000000e+00   8132s
  240029    2.3090162e+04   7.960598e+04   0.000000e+00   8138s
  240159    2.3090196e+04   1.292981e+05   0.000000e+00   8144s
  240289    2.3090226e+04   7.418566e+05   0.000000e+00   8149s
  240429    2.3090264e+04   1.261839e+05   0.000000e+00   8155s
  240569    2.3090300e+04   3.487599e+05   0.000000e+00   8162s
  240699    2.3090324e+04   4.043115e+05   0.000000e+00   8167s
  240829    2.3090350e+04   4.082781e+04   0.000000e+00   8173s
  240959    2.3090377e+04   8.698085e+04   0.000000e+00   8179s
  241089    2.3090418e+04   2.703391e+04   0.000000e+00   8185s
  241219    2.3090456e+04   1.923195e+05   0.000000e+00   8191s
  241359    2.3090489e+04   3.933953e+04   0.000000e+00   8197s
  241489    2.3090518e+04   1.048193e+05   0.000000e+00   8203s
  241619    2.3090540e+04   4.158660e+05   0.000000e+00   8209s
  241749    2.3090566e+04   2.762671e+05   0.000000e+00   8215s
  241879    2.3090598e+04   2.649344e+05   0.000000e+00   8221s
  242009    2.3090629e+04   1.579080e+05   0.000000e+00   8226s
  242139    2.3090662e+04   1.383716e+05   0.000000e+00   8232s
  242269    2.3090691e+04   5.482764e+05   0.000000e+00   8238s
  242399    2.3090720e+04   2.731370e+06   0.000000e+00   8244s
  242529    2.3090747e+04   5.871154e+05   0.000000e+00   8250s
  242659    2.3090777e+04   6.534435e+05   0.000000e+00   8255s
  242789    2.3090806e+04   7.253944e+05   0.000000e+00   8261s
  242919    2.3090834e+04   2.186119e+05   0.000000e+00   8267s
  243049    2.3090861e+04   3.402708e+05   0.000000e+00   8273s
  243189    2.3090888e+04   1.558791e+05   0.000000e+00   8279s
  243329    2.3090915e+04   3.842361e+05   0.000000e+00   8285s
  243459    2.3090944e+04   2.309514e+05   0.000000e+00   8291s
  243599    2.3090976e+04   1.494732e+05   0.000000e+00   8297s
  243729    2.3091004e+04   2.160674e+05   0.000000e+00   8303s
  243859    2.3091029e+04   1.651253e+05   0.000000e+00   8309s
  243989    2.3091049e+04   1.467564e+06   0.000000e+00   8315s
  244119    2.3091074e+04   9.269836e+04   0.000000e+00   8321s
  244259    2.3091105e+04   1.692108e+05   0.000000e+00   8327s
  244389    2.3091138e+04   4.451969e+04   0.000000e+00   8333s
  244519    2.3091163e+04   6.910799e+04   0.000000e+00   8338s
  244659    2.3091202e+04   3.927916e+04   0.000000e+00   8344s
  244799    2.3091236e+04   2.433161e+05   0.000000e+00   8351s
  244939    2.3091277e+04   6.676990e+05   0.000000e+00   8357s
  245069    2.3091307e+04   3.071848e+05   0.000000e+00   8363s
  245209    2.3091335e+04   3.838978e+04   0.000000e+00   8369s
  245339    2.3091363e+04   4.669037e+04   0.000000e+00   8375s
  245469    2.3091387e+04   1.558563e+05   0.000000e+00   8380s
  245599    2.3091405e+04   9.611237e+04   0.000000e+00   8386s
  245729    2.3091430e+04   4.592684e+05   0.000000e+00   8392s
  245859    2.3091454e+04   8.983430e+04   0.000000e+00   8398s
  245999    2.3091484e+04   3.539788e+04   0.000000e+00   8404s
  246139    2.3091511e+04   3.343523e+05   0.000000e+00   8410s
  246279    2.3091547e+04   1.313825e+06   0.000000e+00   8416s
  246409    2.3091570e+04   1.818270e+04   0.000000e+00   8422s
  246539    2.3091597e+04   5.252561e+04   0.000000e+00   8428s
  246679    2.3091622e+04   2.231953e+05   0.000000e+00   8434s
  246809    2.3091652e+04   1.047797e+05   0.000000e+00   8440s
  246949    2.3091683e+04   3.927497e+04   0.000000e+00   8446s
  247079    2.3091710e+04   5.310282e+05   0.000000e+00   8452s
  247219    2.3091738e+04   6.543746e+05   0.000000e+00   8458s
  247349    2.3091760e+04   2.348987e+05   0.000000e+00   8464s
  247479    2.3091783e+04   7.929417e+05   0.000000e+00   8470s
  247609    2.3091809e+04   1.082010e+05   0.000000e+00   8475s
  247739    2.3091841e+04   1.919335e+05   0.000000e+00   8481s
  247869    2.3091868e+04   2.116987e+05   0.000000e+00   8487s
  248009    2.3091893e+04   7.785694e+04   0.000000e+00   8493s
  248139    2.3091916e+04   1.688344e+05   0.000000e+00   8499s
  248269    2.3091937e+04   9.204258e+04   0.000000e+00   8505s
  248399    2.3091959e+04   1.268306e+05   0.000000e+00   8510s
  248529    2.3091980e+04   7.373266e+04   0.000000e+00   8516s
  248669    2.3091998e+04   3.882602e+04   0.000000e+00   8522s
  248809    2.3092022e+04   2.363067e+05   0.000000e+00   8528s
  248939    2.3092043e+04   1.785177e+06   0.000000e+00   8534s
  249069    2.3092077e+04   3.031886e+05   0.000000e+00   8540s
  249209    2.3092104e+04   9.187130e+04   0.000000e+00   8546s
  249349    2.3092132e+04   8.756395e+04   0.000000e+00   8552s
  249489    2.3092158e+04   7.680584e+04   0.000000e+00   8558s
  249629    2.3092185e+04   7.741925e+04   0.000000e+00   8564s
  249759    2.3092213e+04   5.406615e+05   0.000000e+00   8570s
  249899    2.3092242e+04   7.078067e+04   0.000000e+00   8576s
  250039    2.3092268e+04   7.030156e+04   0.000000e+00   8583s
  250189    2.3092297e+04   1.130090e+05   0.000000e+00   8589s
  250339    2.3092322e+04   7.672754e+04   0.000000e+00   8596s
  250479    2.3092339e+04   5.315182e+04   0.000000e+00   8602s
  250629    2.3092364e+04   1.036600e+05   0.000000e+00   8608s
  250769    2.3092392e+04   2.350834e+05   0.000000e+00   8614s
  250909    2.3092424e+04   2.993310e+05   0.000000e+00   8621s
  251049    2.3092452e+04   6.825942e+05   0.000000e+00   8627s
  251189    2.3092469e+04   2.684111e+05   0.000000e+00   8633s
  251329    2.3092492e+04   2.937574e+05   0.000000e+00   8640s
  251469    2.3092513e+04   9.150187e+04   0.000000e+00   8646s
  251619    2.3092536e+04   1.319178e+05   0.000000e+00   8652s
  251759    2.3092557e+04   2.155243e+05   0.000000e+00   8658s
  251909    2.3092583e+04   4.184928e+05   0.000000e+00   8665s
  252059    2.3092613e+04   5.611300e+04   0.000000e+00   8671s
  252199    2.3092639e+04   1.784136e+05   0.000000e+00   8678s
  252349    2.3092664e+04   2.770644e+04   0.000000e+00   8684s
  252489    2.3092696e+04   8.601962e+04   0.000000e+00   8690s
  252629    2.3092718e+04   1.727868e+05   0.000000e+00   8696s
  252769    2.3092740e+04   2.062712e+05   0.000000e+00   8703s
  252909    2.3092770e+04   1.530868e+05   0.000000e+00   8709s
  253039    2.3092795e+04   7.237502e+04   0.000000e+00   8714s
  253169    2.3092822e+04   3.291296e+05   0.000000e+00   8720s
  253309    2.3092845e+04   1.153026e+06   0.000000e+00   8726s
  253449    2.3092865e+04   1.099513e+05   0.000000e+00   8733s
  253589    2.3092891e+04   1.091640e+05   0.000000e+00   8739s
  253729    2.3092922e+04   1.033653e+05   0.000000e+00   8745s
  253859    2.3092948e+04   5.810371e+04   0.000000e+00   8751s
  253999    2.3092973e+04   3.451824e+05   0.000000e+00   8757s
  254139    2.3092989e+04   1.965574e+05   0.000000e+00   8763s
  254279    2.3093011e+04   3.660249e+04   0.000000e+00   8769s
  254419    2.3093031e+04   3.555612e+05   0.000000e+00   8775s
  254559    2.3093055e+04   2.092678e+05   0.000000e+00   8781s
  254699    2.3093082e+04   2.812663e+05   0.000000e+00   8788s
  254839    2.3093102e+04   2.619567e+05   0.000000e+00   8794s
  254979    2.3093125e+04   2.686093e+05   0.000000e+00   8800s
  255119    2.3093148e+04   1.925959e+05   0.000000e+00   8806s
  255259    2.3093164e+04   1.327298e+06   0.000000e+00   8812s
  255399    2.3093187e+04   1.410323e+05   0.000000e+00   8818s
  255539    2.3093210e+04   5.935421e+05   0.000000e+00   8825s
  255689    2.3093231e+04   3.116165e+05   0.000000e+00   8831s
  255839    2.3093254e+04   8.147053e+04   0.000000e+00   8838s
  255979    2.3093275e+04   6.167144e+05   0.000000e+00   8844s
  256119    2.3093297e+04   6.548127e+04   0.000000e+00   8850s
  256259    2.3093323e+04   1.901243e+05   0.000000e+00   8856s
  256399    2.3093344e+04   1.942011e+05   0.000000e+00   8862s
  256539    2.3093364e+04   3.247477e+05   0.000000e+00   8869s
  256679    2.3093377e+04   1.157298e+05   0.000000e+00   8875s
  256829    2.3093398e+04   4.746156e+04   0.000000e+00   8881s
  256979    2.3093423e+04   2.383662e+05   0.000000e+00   8888s
  257119    2.3093444e+04   4.536767e+05   0.000000e+00   8894s
  257269    2.3093467e+04   7.534897e+04   0.000000e+00   8900s
  257409    2.3093490e+04   3.794906e+05   0.000000e+00   8906s
  257549    2.3093509e+04   4.119940e+04   0.000000e+00   8913s
  257689    2.3093526e+04   2.827151e+05   0.000000e+00   8919s
  257829    2.3093546e+04   1.307441e+05   0.000000e+00   8925s
  257969    2.3093567e+04   7.083956e+04   0.000000e+00   8931s
  258109    2.3093585e+04   5.428860e+05   0.000000e+00   8937s
  258249    2.3093604e+04   1.583668e+05   0.000000e+00   8943s
  258379    2.3093624e+04   5.603022e+05   0.000000e+00   8949s
  258519    2.3093644e+04   1.416310e+06   0.000000e+00   8955s
  258659    2.3093664e+04   1.032360e+06   0.000000e+00   8961s
  258799    2.3093682e+04   1.653587e+06   0.000000e+00   8968s
  258949    2.3093699e+04   9.347187e+04   0.000000e+00   8974s
  259099    2.3093722e+04   1.066610e+06   0.000000e+00   8981s
  259249    2.3093749e+04   3.444214e+05   0.000000e+00   8987s
  259389    2.3093771e+04   6.664735e+04   0.000000e+00   8993s
  259539    2.3093799e+04   6.060343e+05   0.000000e+00   9000s
  259679    2.3093819e+04   4.554747e+05   0.000000e+00   9006s
  259819    2.3093836e+04   7.601746e+04   0.000000e+00   9012s
  259969    2.3093853e+04   5.941569e+04   0.000000e+00   9018s
  260109    2.3093872e+04   5.629365e+04   0.000000e+00   9025s
  260249    2.3093892e+04   1.736731e+05   0.000000e+00   9031s
  260389    2.3093908e+04   1.116625e+05   0.000000e+00   9037s
  260519    2.3093922e+04   2.495950e+04   0.000000e+00   9043s
  260659    2.3093940e+04   3.047490e+05   0.000000e+00   9049s
  260809    2.3093952e+04   3.727146e+04   0.000000e+00   9056s
  260949    2.3093970e+04   1.274477e+05   0.000000e+00   9062s
  261099    2.3093991e+04   9.836664e+05   0.000000e+00   9069s
  261239    2.3094011e+04   1.262784e+05   0.000000e+00   9075s
  261389    2.3094032e+04   5.378315e+05   0.000000e+00   9082s
  261529    2.3094048e+04   1.104084e+05   0.000000e+00   9088s
  261669    2.3094069e+04   2.438987e+05   0.000000e+00   9094s
  261809    2.3094087e+04   3.871450e+04   0.000000e+00   9100s
  261949    2.3094107e+04   2.481455e+04   0.000000e+00   9107s
  262079    2.3094127e+04   3.694848e+04   0.000000e+00   9113s
  262219    2.3094146e+04   4.076729e+04   0.000000e+00   9119s
  262369    2.3094165e+04   1.277576e+05   0.000000e+00   9126s
  262519    2.3094185e+04   1.002927e+06   0.000000e+00   9132s
  262659    2.3094201e+04   3.962572e+04   0.000000e+00   9139s
  262809    2.3094219e+04   3.199334e+05   0.000000e+00   9145s
  262949    2.3094235e+04   3.425007e+05   0.000000e+00   9152s
  263089    2.3094256e+04   2.011862e+05   0.000000e+00   9158s
  263239    2.3094281e+04   4.520077e+04   0.000000e+00   9165s
  263389    2.3094306e+04   1.633314e+05   0.000000e+00   9171s
  263539    2.3094327e+04   5.685135e+04   0.000000e+00   9178s
  263689    2.3094351e+04   1.416604e+05   0.000000e+00   9185s
  263829    2.3094369e+04   1.652690e+06   0.000000e+00   9191s
  263979    2.3094385e+04   1.909366e+06   0.000000e+00   9198s
  264119    2.3094403e+04   3.782663e+05   0.000000e+00   9204s
  264249    2.3094421e+04   1.311465e+05   0.000000e+00   9210s
  264389    2.3094438e+04   3.608568e+05   0.000000e+00   9216s
  264539    2.3094454e+04   1.919963e+05   0.000000e+00   9223s
  264679    2.3094476e+04   4.001481e+04   0.000000e+00   9229s
  264819    2.3094499e+04   1.942503e+05   0.000000e+00   9235s
  264959    2.3094518e+04   1.171759e+05   0.000000e+00   9242s
  265109    2.3094538e+04   1.150183e+05   0.000000e+00   9249s
  265259    2.3094560e+04   4.550060e+05   0.000000e+00   9255s
  265399    2.3094584e+04   2.149137e+05   0.000000e+00   9262s
  265539    2.3094602e+04   6.693285e+04   0.000000e+00   9268s
  265689    2.3094628e+04   3.033180e+05   0.000000e+00   9275s
  265839    2.3094647e+04   5.963064e+05   0.000000e+00   9282s
  265989    2.3094661e+04   3.974855e+05   0.000000e+00   9289s
  266129    2.3094675e+04   3.432308e+04   0.000000e+00   9295s
  266269    2.3094694e+04   3.848266e+05   0.000000e+00   9301s
  266419    2.3094718e+04   4.801199e+04   0.000000e+00   9308s
  266569    2.3094742e+04   7.026378e+04   0.000000e+00   9315s
  266719    2.3094760e+04   2.771627e+05   0.000000e+00   9322s
  266859    2.3094774e+04   2.105145e+05   0.000000e+00   9328s
  267009    2.3094789e+04   1.379661e+05   0.000000e+00   9335s
  267159    2.3094807e+04   6.316217e+04   0.000000e+00   9342s
  267309    2.3094825e+04   7.391705e+05   0.000000e+00   9348s
  267459    2.3094846e+04   3.984260e+05   0.000000e+00   9355s
  267609    2.3094860e+04   5.337360e+04   0.000000e+00   9362s
  267759    2.3094879e+04   1.661970e+04   0.000000e+00   9369s
  267909    2.3094901e+04   5.619297e+04   0.000000e+00   9375s
  268059    2.3094926e+04   2.170560e+05   0.000000e+00   9382s
  268209    2.3094943e+04   5.500532e+05   0.000000e+00   9389s
  268359    2.3094961e+04   5.194203e+05   0.000000e+00   9395s
  268509    2.3094980e+04   4.329257e+05   0.000000e+00   9402s
  268659    2.3095000e+04   8.548691e+05   0.000000e+00   9409s
  268809    2.3095021e+04   1.705236e+05   0.000000e+00   9416s
  268959    2.3095039e+04   2.683827e+05   0.000000e+00   9423s
  269109    2.3095055e+04   6.592346e+05   0.000000e+00   9429s
  269259    2.3095075e+04   2.665246e+05   0.000000e+00   9436s
  269409    2.3095096e+04   1.264680e+05   0.000000e+00   9443s
  269559    2.3095113e+04   8.869996e+05   0.000000e+00   9450s
  269709    2.3095130e+04   5.703826e+04   0.000000e+00   9456s
  269859    2.3095146e+04   6.254596e+04   0.000000e+00   9463s
  270009    2.3095161e+04   9.841638e+04   0.000000e+00   9470s
  270159    2.3095178e+04   1.401710e+05   0.000000e+00   9476s
  270309    2.3095198e+04   3.350404e+04   0.000000e+00   9483s
  270459    2.3095219e+04   9.981397e+05   0.000000e+00   9490s
  270609    2.3095239e+04   1.957114e+04   0.000000e+00   9497s
  270759    2.3095259e+04   9.222662e+04   0.000000e+00   9503s
  270909    2.3095282e+04   1.300876e+05   0.000000e+00   9510s
  271059    2.3095299e+04   3.661347e+05   0.000000e+00   9517s
  271209    2.3095312e+04   1.020979e+06   0.000000e+00   9524s
  271359    2.3095329e+04   1.645679e+05   0.000000e+00   9531s
  271499    2.3095342e+04   9.501150e+05   0.000000e+00   9537s
  271649    2.3095353e+04   5.605352e+04   0.000000e+00   9544s
  271799    2.3095373e+04   3.148266e+04   0.000000e+00   9550s
  271949    2.3095392e+04   3.695612e+05   0.000000e+00   9557s
  272099    2.3095406e+04   8.971701e+05   0.000000e+00   9564s
  272249    2.3095423e+04   3.136677e+05   0.000000e+00   9571s
  272399    2.3095438e+04   7.128097e+04   0.000000e+00   9578s
  272549    2.3095453e+04   2.130342e+05   0.000000e+00   9584s
  272699    2.3095470e+04   5.299662e+04   0.000000e+00   9591s
  272849    2.3095490e+04   1.556547e+04   0.000000e+00   9598s
  272989    2.3095508e+04   1.983619e+05   0.000000e+00   9604s
  273129    2.3095526e+04   1.486527e+05   0.000000e+00   9611s
  273279    2.3095545e+04   7.131595e+05   0.000000e+00   9618s
  273429    2.3095560e+04   5.959283e+04   0.000000e+00   9625s
  273579    2.3095578e+04   3.166047e+05   0.000000e+00   9631s
  273729    2.3095596e+04   1.730602e+05   0.000000e+00   9638s
  273879    2.3095611e+04   2.662664e+04   0.000000e+00   9645s
  274029    2.3095628e+04   5.179306e+04   0.000000e+00   9652s
  274189    2.3095644e+04   8.480993e+04   0.000000e+00   9659s
  274339    2.3095657e+04   4.356411e+04   0.000000e+00   9666s
  274489    2.3095673e+04   2.516976e+04   0.000000e+00   9673s
  274639    2.3095692e+04   2.319400e+05   0.000000e+00   9680s
  274789    2.3095704e+04   8.617036e+03   0.000000e+00   9687s
  274939    2.3095720e+04   4.564368e+04   0.000000e+00   9693s
  275089    2.3095733e+04   4.667138e+05   0.000000e+00   9700s
  275239    2.3095746e+04   2.518070e+05   0.000000e+00   9707s
  275399    2.3095759e+04   3.567939e+05   0.000000e+00   9714s
  275549    2.3095772e+04   2.694577e+05   0.000000e+00   9721s
  275699    2.3095785e+04   6.345624e+04   0.000000e+00   9727s
  275849    2.3095799e+04   2.769720e+05   0.000000e+00   9734s
  275999    2.3095812e+04   7.287275e+04   0.000000e+00   9741s
  276149    2.3095830e+04   2.196265e+06   0.000000e+00   9748s
  276299    2.3095843e+04   3.856165e+04   0.000000e+00   9755s
  276449    2.3095858e+04   2.674761e+05   0.000000e+00   9762s
  276599    2.3095870e+04   5.278437e+04   0.000000e+00   9769s
  276749    2.3095887e+04   1.072775e+05   0.000000e+00   9775s
  276899    2.3095899e+04   2.999119e+06   0.000000e+00   9782s
  277049    2.3095910e+04   3.728183e+04   0.000000e+00   9789s
  277199    2.3095926e+04   6.937099e+05   0.000000e+00   9796s
  277339    2.3095941e+04   2.417752e+04   0.000000e+00   9802s
  277489    2.3095959e+04   3.093382e+05   0.000000e+00   9809s
  277639    2.3095973e+04   1.424140e+05   0.000000e+00   9816s
  277789    2.3095987e+04   5.565909e+05   0.000000e+00   9823s
  277939    2.3095998e+04   3.503725e+05   0.000000e+00   9830s
  278089    2.3096011e+04   1.730886e+05   0.000000e+00   9836s
  278239    2.3096023e+04   1.754864e+05   0.000000e+00   9843s
  278389    2.3096032e+04   8.721676e+04   0.000000e+00   9850s
  278539    2.3096045e+04   1.188691e+05   0.000000e+00   9857s
  278689    2.3096056e+04   2.290374e+05   0.000000e+00   9864s
  278839    2.3096068e+04   4.762498e+05   0.000000e+00   9871s
  278989    2.3096078e+04   4.248278e+04   0.000000e+00   9878s
  279139    2.3096091e+04   4.477583e+05   0.000000e+00   9885s
  279289    2.3096103e+04   1.502692e+04   0.000000e+00   9891s
  279439    2.3096115e+04   1.820300e+05   0.000000e+00   9898s
  279589    2.3096126e+04   6.110513e+04   0.000000e+00   9905s
  279749    2.3096140e+04   9.580387e+04   0.000000e+00   9912s
  279899    2.3096155e+04   2.130644e+05   0.000000e+00   9919s
  280039    2.3096170e+04   8.314050e+04   0.000000e+00   9925s
  280179    2.3096186e+04   1.380329e+05   0.000000e+00   9932s
  280329    2.3096201e+04   9.314950e+05   0.000000e+00   9939s
  280479    2.3096215e+04   5.409368e+05   0.000000e+00   9946s
  280639    2.3096227e+04   5.549605e+04   0.000000e+00   9953s
  280789    2.3096242e+04   4.490986e+04   0.000000e+00   9960s
  280929    2.3096256e+04   3.598360e+04   0.000000e+00   9966s
  281069    2.3096269e+04   1.966396e+05   0.000000e+00   9973s
  281219    2.3096282e+04   1.928354e+04   0.000000e+00   9979s
  281369    2.3096296e+04   2.582842e+05   0.000000e+00   9986s
  281519    2.3096309e+04   7.385576e+05   0.000000e+00   9993s
  281669    2.3096321e+04   3.742392e+05   0.000000e+00  10000s
  281819    2.3096332e+04   1.077152e+05   0.000000e+00  10007s
  281969    2.3096348e+04   2.645167e+05   0.000000e+00  10014s
  282119    2.3096361e+04   2.242520e+05   0.000000e+00  10021s
  282269    2.3096371e+04   1.214799e+05   0.000000e+00  10027s
  282419    2.3096384e+04   4.115709e+04   0.000000e+00  10034s
  282569    2.3096396e+04   9.312503e+04   0.000000e+00  10041s
  282719    2.3096409e+04   5.683761e+04   0.000000e+00  10048s
  282869    2.3096421e+04   9.768761e+03   0.000000e+00  10055s
  283029    2.3096434e+04   1.052571e+05   0.000000e+00  10062s
  283179    2.3096445e+04   7.353595e+05   0.000000e+00  10069s
  283329    2.3096455e+04   3.968041e+05   0.000000e+00  10075s
  283479    2.3096464e+04   1.471926e+05   0.000000e+00  10082s
  283629    2.3096476e+04   1.943517e+06   0.000000e+00  10089s
  283779    2.3096488e+04   3.847170e+05   0.000000e+00  10096s
  283929    2.3096499e+04   7.071505e+05   0.000000e+00  10103s
  284079    2.3096515e+04   6.611957e+04   0.000000e+00  10110s
  284229    2.3096526e+04   1.599908e+05   0.000000e+00  10117s
  284379    2.3096544e+04   6.515306e+05   0.000000e+00  10124s
  284539    2.3096561e+04   7.127033e+05   0.000000e+00  10131s
  284699    2.3096579e+04   3.171055e+04   0.000000e+00  10138s
  284859    2.3096593e+04   5.388664e+04   0.000000e+00  10145s
  285009    2.3096606e+04   2.515798e+04   0.000000e+00  10152s
  285159    2.3096618e+04   3.352221e+05   0.000000e+00  10159s
  285309    2.3096630e+04   8.156170e+05   0.000000e+00  10166s
  285449    2.3096643e+04   6.228880e+04   0.000000e+00  10173s
  285599    2.3096654e+04   1.455392e+05   0.000000e+00  10180s
  285749    2.3096665e+04   6.397992e+04   0.000000e+00  10187s
  285899    2.3096675e+04   7.031273e+05   0.000000e+00  10194s
  286049    2.3096684e+04   1.561699e+06   0.000000e+00  10201s
  286199    2.3096694e+04   2.462651e+04   0.000000e+00  10208s
  286349    2.3096706e+04   8.818655e+04   0.000000e+00  10215s
  286499    2.3096715e+04   6.226026e+05   0.000000e+00  10222s
  286649    2.3096724e+04   1.463745e+05   0.000000e+00  10229s
  286809    2.3096734e+04   8.972050e+04   0.000000e+00  10237s
  286959    2.3096744e+04   5.872458e+03   0.000000e+00  10244s
  287119    2.3096757e+04   1.636825e+04   0.000000e+00  10251s
  287269    2.3096768e+04   5.237222e+04   0.000000e+00  10258s
  287419    2.3096782e+04   5.937513e+04   0.000000e+00  10265s
  287569    2.3096791e+04   2.819191e+05   0.000000e+00  10272s
  287719    2.3096804e+04   3.627887e+04   0.000000e+00  10280s
  287869    2.3096821e+04   4.032381e+05   0.000000e+00  10287s
  288029    2.3096835e+04   2.669521e+05   0.000000e+00  10294s
  288199    2.3096845e+04   2.538283e+05   0.000000e+00  10302s
  288349    2.3096856e+04   3.798263e+04   0.000000e+00  10309s
  288499    2.3096869e+04   1.310530e+05   0.000000e+00  10315s
  288649    2.3096882e+04   6.860026e+04   0.000000e+00  10322s
  288799    2.3096892e+04   4.140653e+04   0.000000e+00  10329s
  288949    2.3096902e+04   6.050123e+05   0.000000e+00  10336s
  289099    2.3096912e+04   6.753585e+04   0.000000e+00  10343s
  289249    2.3096924e+04   2.257225e+05   0.000000e+00  10350s
  289399    2.3096932e+04   1.448569e+05   0.000000e+00  10357s
  289559    2.3096943e+04   2.221188e+05   0.000000e+00  10365s
  289709    2.3096949e+04   3.969289e+05   0.000000e+00  10371s
  289859    2.3096958e+04   8.799551e+04   0.000000e+00  10378s
  290019    2.3096969e+04   3.706092e+04   0.000000e+00  10386s
  290169    2.3096980e+04   9.855571e+04   0.000000e+00  10393s
  290329    2.3096991e+04   3.169222e+04   0.000000e+00  10400s
  290489    2.3097005e+04   1.054502e+05   0.000000e+00  10407s
  290649    2.3097018e+04   4.454099e+04   0.000000e+00  10415s
  290799    2.3097027e+04   2.812687e+05   0.000000e+00  10422s
  290959    2.3097034e+04   2.434391e+05   0.000000e+00  10429s
  291119    2.3097043e+04   3.525693e+05   0.000000e+00  10437s
  291289    2.3097054e+04   1.542674e+06   0.000000e+00  10444s
  291449    2.3097066e+04   2.408589e+05   0.000000e+00  10452s
  291609    2.3097077e+04   3.149068e+05   0.000000e+00  10459s
  291759    2.3097087e+04   2.050923e+06   0.000000e+00  10466s
  291909    2.3097095e+04   1.745890e+05   0.000000e+00  10473s
  292069    2.3097107e+04   2.018607e+05   0.000000e+00  10481s
  292229    2.3097116e+04   4.994627e+04   0.000000e+00  10488s
  292379    2.3097125e+04   2.520522e+05   0.000000e+00  10496s
  292529    2.3097134e+04   9.305215e+04   0.000000e+00  10503s
  292689    2.3097143e+04   6.033549e+04   0.000000e+00  10510s
  292849    2.3097152e+04   4.293309e+04   0.000000e+00  10517s
  292999    2.3097164e+04   7.379884e+04   0.000000e+00  10525s
  293149    2.3097175e+04   8.020937e+04   0.000000e+00  10532s
  293309    2.3097183e+04   1.387937e+06   0.000000e+00  10539s
  293459    2.3097192e+04   1.193024e+05   0.000000e+00  10546s
  293609    2.3097203e+04   6.175652e+04   0.000000e+00  10553s
  293759    2.3097214e+04   3.105968e+04   0.000000e+00  10561s
  293909    2.3097224e+04   8.613947e+04   0.000000e+00  10568s
  294059    2.3097233e+04   7.977969e+03   0.000000e+00  10575s
  294209    2.3097241e+04   2.169324e+05   0.000000e+00  10582s
  294369    2.3097252e+04   6.163675e+04   0.000000e+00  10590s
  294529    2.3097263e+04   1.460459e+05   0.000000e+00  10597s
  294689    2.3097273e+04   1.569012e+06   0.000000e+00  10604s
  294839    2.3097280e+04   1.647491e+05   0.000000e+00  10612s
  294999    2.3097289e+04   2.897173e+04   0.000000e+00  10619s
  295159    2.3097296e+04   1.733439e+04   0.000000e+00  10626s
  295319    2.3097309e+04   5.264121e+05   0.000000e+00  10634s
  295479    2.3097318e+04   1.903371e+05   0.000000e+00  10642s
  295639    2.3097327e+04   2.028112e+05   0.000000e+00  10649s
  295799    2.3097335e+04   2.734865e+05   0.000000e+00  10657s
  295959    2.3097345e+04   5.113557e+05   0.000000e+00  10665s
  296109    2.3097352e+04   4.304288e+05   0.000000e+00  10672s
  296259    2.3097360e+04   7.198672e+04   0.000000e+00  10679s
  296419    2.3097369e+04   9.195267e+04   0.000000e+00  10687s
  296569    2.3097376e+04   1.212861e+05   0.000000e+00  10694s
  296729    2.3097385e+04   2.943389e+04   0.000000e+00  10702s
  296879    2.3097394e+04   7.977813e+04   0.000000e+00  10709s
  297029    2.3097402e+04   6.657625e+05   0.000000e+00  10716s
  297189    2.3097410e+04   4.474726e+04   0.000000e+00  10724s
  297339    2.3097413e+04   6.272292e+05   0.000000e+00  10731s
  297489    2.3097422e+04   7.655994e+05   0.000000e+00  10739s
  297649    2.3097431e+04   3.358708e+04   0.000000e+00  10746s
  297819    2.3097437e+04   7.012961e+04   0.000000e+00  10754s
  297989    2.3097445e+04   1.014719e+06   0.000000e+00  10762s
  298149    2.3097451e+04   1.581230e+05   0.000000e+00  10770s
  298309    2.3097460e+04   1.663362e+05   0.000000e+00  10778s
  298469    2.3097467e+04   2.721531e+04   0.000000e+00  10785s
  298629    2.3097475e+04   1.323497e+05   0.000000e+00  10793s
  298789    2.3097483e+04   3.309820e+04   0.000000e+00  10801s
  298949    2.3097494e+04   9.543440e+05   0.000000e+00  10808s
  299099    2.3097503e+04   3.707701e+05   0.000000e+00  10816s
  299259    2.3097513e+04   1.840773e+04   0.000000e+00  10823s
  299419    2.3097520e+04   8.731643e+04   0.000000e+00  10831s
  299569    2.3097529e+04   2.488662e+04   0.000000e+00  10838s
  299729    2.3097540e+04   1.289538e+05   0.000000e+00  10846s
  299889    2.3097549e+04   1.180856e+05   0.000000e+00  10854s
  300049    2.3097556e+04   1.046459e+05   0.000000e+00  10861s
  300219    2.3097563e+04   1.039077e+05   0.000000e+00  10869s
  300379    2.3097571e+04   9.579637e+04   0.000000e+00  10877s
  300539    2.3097580e+04   3.459332e+05   0.000000e+00  10884s
  300689    2.3097588e+04   3.748978e+04   0.000000e+00  10892s
  300849    2.3097595e+04   3.895610e+05   0.000000e+00  10899s
  301009    2.3097602e+04   3.192104e+04   0.000000e+00  10907s
  301169    2.3097610e+04   4.094537e+06   0.000000e+00  10915s
  301329    2.3097617e+04   1.364487e+04   0.000000e+00  10923s
  301489    2.3097624e+04   1.113206e+05   0.000000e+00  10930s
  301639    2.3097632e+04   2.937117e+04   0.000000e+00  10938s
  301799    2.3097638e+04   2.516850e+05   0.000000e+00  10945s
  301949    2.3097645e+04   3.529073e+04   0.000000e+00  10953s
  302109    2.3097653e+04   4.976927e+05   0.000000e+00  10961s
  302269    2.3097662e+04   1.342856e+04   0.000000e+00  10968s
  302429    2.3097670e+04   2.174308e+04   0.000000e+00  10976s
  302589    2.3097677e+04   5.682456e+06   0.000000e+00  10984s
  302749    2.3097686e+04   1.818622e+04   0.000000e+00  10992s
  302909    2.3097694e+04   1.250000e+05   0.000000e+00  11000s
  303069    2.3097703e+04   2.933048e+06   0.000000e+00  11008s
  303229    2.3097710e+04   3.235030e+05   0.000000e+00  11016s
  303389    2.3097720e+04   6.190310e+05   0.000000e+00  11023s
  303549    2.3097727e+04   2.673508e+04   0.000000e+00  11031s
  303709    2.3097737e+04   2.813545e+05   0.000000e+00  11039s
  303869    2.3097745e+04   5.808461e+04   0.000000e+00  11047s
  304019    2.3097750e+04   1.557003e+06   0.000000e+00  11054s
  304179    2.3097756e+04   1.801609e+05   0.000000e+00  11062s
  304339    2.3097762e+04   3.702527e+04   0.000000e+00  11070s
  304499    2.3097769e+04   4.392200e+04   0.000000e+00  11077s
  304659    2.3097773e+04   1.161248e+04   0.000000e+00  11085s
  304809    2.3097778e+04   8.543182e+04   0.000000e+00  11093s
  304969    2.3097784e+04   5.400299e+05   0.000000e+00  11100s
  305129    2.3097789e+04   8.144579e+03   0.000000e+00  11108s
  305289    2.3097796e+04   2.465810e+04   0.000000e+00  11116s
  305449    2.3097801e+04   1.627400e+04   0.000000e+00  11124s
  305619    2.3097804e+04   3.947816e+04   0.000000e+00  11132s
  305779    2.3097809e+04   3.695003e+04   0.000000e+00  11139s
  305939    2.3097814e+04   2.644113e+05   0.000000e+00  11147s
  306099    2.3097820e+04   2.325366e+05   0.000000e+00  11155s
  306259    2.3097826e+04   7.679109e+03   0.000000e+00  11163s
  306419    2.3097832e+04   2.519751e+04   0.000000e+00  11171s
  306589    2.3097838e+04   3.003956e+04   0.000000e+00  11179s
  306749    2.3097843e+04   5.319117e+05   0.000000e+00  11187s
  306909    2.3097850e+04   1.039116e+05   0.000000e+00  11194s
  307069    2.3097855e+04   1.247054e+05   0.000000e+00  11202s
  307229    2.3097860e+04   4.138454e+05   0.000000e+00  11210s
  307389    2.3097866e+04   1.373602e+05   0.000000e+00  11218s
  307549    2.3097870e+04   3.156592e+06   0.000000e+00  11226s
  307709    2.3097874e+04   6.174665e+05   0.000000e+00  11234s
  307869    2.3097878e+04   8.821735e+04   0.000000e+00  11241s
  308029    2.3097883e+04   8.409491e+04   0.000000e+00  11249s
  308189    2.3097886e+04   3.128180e+04   0.000000e+00  11257s
  308349    2.3097891e+04   1.496605e+05   0.000000e+00  11265s
  308509    2.3097896e+04   2.604519e+05   0.000000e+00  11273s
  308669    2.3097899e+04   8.020734e+04   0.000000e+00  11281s
  308829    2.3097903e+04   4.805294e+05   0.000000e+00  11288s
  308989    2.3097907e+04   7.216064e+04   0.000000e+00  11296s
  309149    2.3097912e+04   1.794324e+05   0.000000e+00  11304s
  309309    2.3097916e+04   3.242925e+05   0.000000e+00  11312s
  309469    2.3097921e+04   1.239929e+05   0.000000e+00  11320s
  309629    2.3097925e+04   1.879584e+05   0.000000e+00  11328s
  309789    2.3097929e+04   4.593512e+05   0.000000e+00  11336s
  309949    2.3097934e+04   2.051790e+05   0.000000e+00  11344s
  310109    2.3097938e+04   4.837985e+04   0.000000e+00  11351s
  310269    2.3097944e+04   5.137253e+05   0.000000e+00  11359s
  310429    2.3097948e+04   4.151018e+04   0.000000e+00  11367s
  310589    2.3097952e+04   3.584440e+04   0.000000e+00  11375s
  310749    2.3097957e+04   9.221782e+05   0.000000e+00  11383s
  310909    2.3097961e+04   3.324957e+05   0.000000e+00  11391s
  311059    2.3097966e+04   1.781071e+04   0.000000e+00  11399s
  311209    2.3097972e+04   2.874078e+05   0.000000e+00  11407s
  311359    2.3097978e+04   1.424599e+06   0.000000e+00  11414s
  311509    2.3097981e+04   2.754115e+05   0.000000e+00  11422s
  311669    2.3097985e+04   1.079218e+06   0.000000e+00  11430s
  311819    2.3097991e+04   1.346951e+06   0.000000e+00  11438s
  311969    2.3097996e+04   6.158107e+04   0.000000e+00  11445s
  312129    2.3098002e+04   7.957570e+05   0.000000e+00  11453s
  312289    2.3098007e+04   6.262324e+04   0.000000e+00  11461s
  312449    2.3098010e+04   5.852603e+05   0.000000e+00  11469s
  312609    2.3098013e+04   6.572928e+05   0.000000e+00  11477s
  312769    2.3098016e+04   2.433681e+04   0.000000e+00  11485s
  312929    2.3098020e+04   1.519446e+04   0.000000e+00  11493s
  313099    2.3098023e+04   1.290585e+05   0.000000e+00  11501s
  313269    2.3098026e+04   2.958318e+04   0.000000e+00  11510s
  313439    2.3098031e+04   6.063846e+04   0.000000e+00  11518s
  313599    2.3098035e+04   1.219885e+04   0.000000e+00  11526s
  313759    2.3098040e+04   7.712471e+03   0.000000e+00  11534s
  313919    2.3098044e+04   1.942165e+05   0.000000e+00  11542s
  314089    2.3098047e+04   3.808026e+04   0.000000e+00  11551s
  314249    2.3098052e+04   3.420039e+04   0.000000e+00  11558s
  314409    2.3098058e+04   1.440530e+06   0.000000e+00  11567s
  314569    2.3098062e+04   4.090409e+04   0.000000e+00  11575s
  314739    2.3098067e+04   2.401261e+05   0.000000e+00  11584s
  314899    2.3098070e+04   9.621143e+04   0.000000e+00  11592s
  315059    2.3098074e+04   2.095742e+05   0.000000e+00  11600s
  315219    2.3098079e+04   2.926107e+05   0.000000e+00  11608s
  315379    2.3098084e+04   7.489272e+04   0.000000e+00  11617s
  315539    2.3098088e+04   1.880791e+04   0.000000e+00  11625s
  315699    2.3098093e+04   8.982760e+03   0.000000e+00  11633s
  315869    2.3098097e+04   1.042507e+05   0.000000e+00  11641s
  316039    2.3098102e+04   7.224806e+05   0.000000e+00  11650s
  316209    2.3098106e+04   4.413394e+04   0.000000e+00  11658s
  316369    2.3098110e+04   8.661185e+05   0.000000e+00  11666s
  316529    2.3098113e+04   1.151520e+05   0.000000e+00  11674s
  316689    2.3098117e+04   2.456201e+06   0.000000e+00  11683s
  316849    2.3098123e+04   4.805820e+05   0.000000e+00  11691s
  317009    2.3098127e+04   8.419775e+05   0.000000e+00  11699s
  317179    2.3098132e+04   4.711501e+04   0.000000e+00  11707s
  317339    2.3098136e+04   8.770819e+04   0.000000e+00  11715s
  317499    2.3098141e+04   7.227962e+04   0.000000e+00  11724s
  317659    2.3098144e+04   1.082504e+05   0.000000e+00  11732s
  317819    2.3098148e+04   8.669592e+04   0.000000e+00  11740s
  317979    2.3098151e+04   1.752338e+04   0.000000e+00  11748s
  318149    2.3098155e+04   5.380815e+04   0.000000e+00  11756s
  318319    2.3098159e+04   2.340677e+04   0.000000e+00  11765s
  318479    2.3098161e+04   4.820344e+05   0.000000e+00  11773s
  318639    2.3098165e+04   6.176987e+05   0.000000e+00  11781s
  318799    2.3098167e+04   1.519948e+05   0.000000e+00  11790s
  318969    2.3098171e+04   1.500225e+04   0.000000e+00  11798s
  319139    2.3098174e+04   9.195548e+04   0.000000e+00  11807s
  319309    2.3098180e+04   9.952524e+04   0.000000e+00  11815s
  319479    2.3098185e+04   5.382716e+03   0.000000e+00  11824s
  319649    2.3098189e+04   4.700052e+05   0.000000e+00  11833s
  319819    2.3098192e+04   1.715592e+04   0.000000e+00  11841s
  319999    2.3098196e+04   5.535541e+04   0.000000e+00  11850s
  320159    2.3098200e+04   4.277964e+05   0.000000e+00  11858s
  320319    2.3098203e+04   2.709107e+05   0.000000e+00  11867s
  320479    2.3098207e+04   1.978019e+04   0.000000e+00  11875s
  320639    2.3098209e+04   3.033234e+04   0.000000e+00  11883s
  320799    2.3098214e+04   2.184121e+04   0.000000e+00  11891s
  320959    2.3098218e+04   4.165339e+04   0.000000e+00  11900s
  321129    2.3098223e+04   3.748218e+06   0.000000e+00  11908s
  321299    2.3098228e+04   1.600101e+06   0.000000e+00  11917s
  321469    2.3098232e+04   5.568320e+03   0.000000e+00  11926s
  321639    2.3098237e+04   5.029815e+05   0.000000e+00  11935s
  321809    2.3098241e+04   4.627007e+05   0.000000e+00  11943s
  321979    2.3098246e+04   9.399721e+04   0.000000e+00  11952s
  322139    2.3098250e+04   1.357169e+05   0.000000e+00  11960s
  322299    2.3098255e+04   4.456342e+04   0.000000e+00  11969s
  322459    2.3098258e+04   1.192855e+06   0.000000e+00  11977s
  322639    2.3098262e+04   1.586173e+04   0.000000e+00  11987s
  322809    2.3098266e+04   1.516185e+05   0.000000e+00  11996s
  322969    2.3098270e+04   6.749972e+05   0.000000e+00  12004s
  323139    2.3098274e+04   1.383496e+04   0.000000e+00  12012s
  323299    2.3098278e+04   8.169588e+03   0.000000e+00  12021s
  323459    2.3098282e+04   1.510271e+04   0.000000e+00  12029s
  323629    2.3098285e+04   9.180096e+04   0.000000e+00  12038s
  323789    2.3098288e+04   7.900571e+04   0.000000e+00  12046s
  323949    2.3098291e+04   1.817677e+05   0.000000e+00  12055s
  324119    2.3098294e+04   2.061281e+05   0.000000e+00  12063s
  324279    2.3098297e+04   2.458978e+05   0.000000e+00  12071s
  324439    2.3098299e+04   3.073022e+05   0.000000e+00  12080s
  324599    2.3098303e+04   2.729076e+04   0.000000e+00  12089s
  324759    2.3098307e+04   3.682284e+03   0.000000e+00  12098s
  324929    2.3098310e+04   1.097621e+04   0.000000e+00  12106s
  325099    2.3098314e+04   3.000064e+05   0.000000e+00  12115s
  325259    2.3098317e+04   7.177144e+04   0.000000e+00  12123s
  325419    2.3098319e+04   4.947717e+05   0.000000e+00  12132s
  325579    2.3098321e+04   1.321990e+06   0.000000e+00  12140s
  325749    2.3098324e+04   1.484703e+05   0.000000e+00  12149s
  325919    2.3098326e+04   5.206168e+04   0.000000e+00  12158s
  326079    2.3098329e+04   3.566654e+06   0.000000e+00  12166s
  326239    2.3098332e+04   1.071878e+06   0.000000e+00  12175s
  326409    2.3098333e+04   3.122986e+03   0.000000e+00  12184s
  326579    2.3098336e+04   1.810920e+04   0.000000e+00  12192s
  326759    2.3098339e+04   2.610170e+04   0.000000e+00  12201s
  326939    2.3098342e+04   9.958361e+03   0.000000e+00  12211s
  327119    2.3098346e+04   2.865050e+04   0.000000e+00  12220s
  327289    2.3098349e+04   9.351351e+06   0.000000e+00  12229s
  327459    2.3098353e+04   2.338520e+05   0.000000e+00  12237s
  327619    2.3098355e+04   2.972154e+04   0.000000e+00  12246s
  327789    2.3098357e+04   7.343929e+05   0.000000e+00  12255s
  327959    2.3098361e+04   9.789160e+03   0.000000e+00  12264s
  328119    2.3098363e+04   2.510141e+04   0.000000e+00  12273s
  328279    2.3098366e+04   3.900967e+03   0.000000e+00  12281s
  328449    2.3098369e+04   5.248751e+04   0.000000e+00  12290s
  328629    2.3098372e+04   4.233546e+05   0.000000e+00  12299s
  328809    2.3098374e+04   6.676338e+04   0.000000e+00  12308s
  328979    2.3098376e+04   2.312771e+05   0.000000e+00  12317s
  329139    2.3098379e+04   1.798079e+05   0.000000e+00  12326s
  329309    2.3098382e+04   8.187122e+04   0.000000e+00  12335s
  329479    2.3098384e+04   2.597836e+05   0.000000e+00  12344s
  329649    2.3098387e+04   1.139608e+04   0.000000e+00  12352s
  329819    2.3098390e+04   1.683092e+04   0.000000e+00  12361s
  329989    2.3098392e+04   6.542899e+04   0.000000e+00  12370s
  330159    2.3098395e+04   2.768471e+05   0.000000e+00  12379s
  330329    2.3098398e+04   1.428924e+05   0.000000e+00  12388s
  330499    2.3098401e+04   6.383559e+03   0.000000e+00  12397s
  330669    2.3098404e+04   1.585962e+05   0.000000e+00  12405s
  330839    2.3098407e+04   1.146193e+04   0.000000e+00  12414s
  331009    2.3098409e+04   4.270288e+05   0.000000e+00  12423s
  331179    2.3098412e+04   1.417950e+05   0.000000e+00  12432s
  331349    2.3098414e+04   1.842498e+06   0.000000e+00  12441s
  331529    2.3098417e+04   2.384201e+04   0.000000e+00  12450s
  331699    2.3098420e+04   1.226360e+04   0.000000e+00  12459s
  331869    2.3098422e+04   8.834263e+04   0.000000e+00  12468s
  332049    2.3098424e+04   1.087155e+04   0.000000e+00  12477s
  332229    2.3098426e+04   5.676808e+03   0.000000e+00  12486s
  332409    2.3098427e+04   2.396905e+05   0.000000e+00  12496s
  332589    2.3098430e+04   5.604864e+03   0.000000e+00  12505s
  332759    2.3098432e+04   2.047224e+04   0.000000e+00  12514s
  332929    2.3098433e+04   6.372923e+04   0.000000e+00  12523s
  333109    2.3098435e+04   3.124204e+05   0.000000e+00  12532s
  333289    2.3098438e+04   5.420833e+05   0.000000e+00  12542s
  333469    2.3098439e+04   3.616682e+05   0.000000e+00  12551s
  333639    2.3098442e+04   1.421328e+05   0.000000e+00  12560s
  333819    2.3098444e+04   5.332478e+04   0.000000e+00  12569s
  333989    2.3098446e+04   2.366274e+05   0.000000e+00  12579s
  334159    2.3098448e+04   6.608494e+04   0.000000e+00  12587s
  334329    2.3098451e+04   1.991696e+05   0.000000e+00  12596s
  334509    2.3098453e+04   1.112094e+04   0.000000e+00  12606s
  334679    2.3098456e+04   3.824151e+04   0.000000e+00  12615s
  334859    2.3098459e+04   1.962315e+04   0.000000e+00  12624s
  335039    2.3098461e+04   2.435537e+05   0.000000e+00  12634s
  335219    2.3098463e+04   2.287734e+04   0.000000e+00  12643s
  335399    2.3098466e+04   2.941076e+05   0.000000e+00  12652s
  335579    2.3098468e+04   1.819596e+05   0.000000e+00  12662s
  335749    2.3098470e+04   6.041815e+04   0.000000e+00  12671s
  335929    2.3098472e+04   1.197413e+04   0.000000e+00  12680s
  336109    2.3098474e+04   1.756601e+04   0.000000e+00  12690s
  336279    2.3098476e+04   4.017370e+04   0.000000e+00  12699s
  336449    2.3098478e+04   9.355554e+03   0.000000e+00  12708s
  336619    2.3098480e+04   2.866353e+05   0.000000e+00  12717s
  336799    2.3098482e+04   4.094751e+03   0.000000e+00  12727s
  336969    2.3098484e+04   3.174833e+04   0.000000e+00  12736s
  337149    2.3098486e+04   2.815030e+03   0.000000e+00  12745s
  337319    2.3098488e+04   3.643206e+05   0.000000e+00  12755s
  337489    2.3098489e+04   1.979565e+04   0.000000e+00  12764s
  337659    2.3098491e+04   8.384608e+04   0.000000e+00  12773s
  337839    2.3098492e+04   2.819931e+04   0.000000e+00  12783s
  338019    2.3098494e+04   5.241619e+04   0.000000e+00  12792s
  338199    2.3098496e+04   2.221131e+04   0.000000e+00  12802s
  338369    2.3098497e+04   1.982083e+05   0.000000e+00  12811s
  338549    2.3098498e+04   1.917937e+05   0.000000e+00  12821s
  338719    2.3098500e+04   7.696670e+03   0.000000e+00  12830s
  338889    2.3098502e+04   1.262345e+06   0.000000e+00  12839s
  339069    2.3098504e+04   3.383780e+03   0.000000e+00  12848s
  339249    2.3098506e+04   6.519913e+05   0.000000e+00  12858s
  339429    2.3098508e+04   5.458816e+05   0.000000e+00  12867s
  339609    2.3098510e+04   1.406908e+04   0.000000e+00  12877s
  339789    2.3098512e+04   9.934066e+04   0.000000e+00  12886s
  339969    2.3098514e+04   2.052151e+03   0.000000e+00  12895s
  340149    2.3098516e+04   4.910644e+04   0.000000e+00  12905s
  340319    2.3098519e+04   1.504009e+04   0.000000e+00  12914s
  340499    2.3098521e+04   4.843197e+04   0.000000e+00  12923s
  340679    2.3098522e+04   2.049415e+04   0.000000e+00  12933s
  340859    2.3098524e+04   1.109994e+04   0.000000e+00  12942s
  341039    2.3098527e+04   4.999465e+04   0.000000e+00  12952s
  341219    2.3098529e+04   2.191321e+05   0.000000e+00  12962s
  341409    2.3098531e+04   7.466532e+03   0.000000e+00  12971s
  341589    2.3098532e+04   6.160611e+03   0.000000e+00  12981s
  341769    2.3098534e+04   6.124210e+04   0.000000e+00  12990s
  341959    2.3098536e+04   8.170776e+04   0.000000e+00  13000s
  342129    2.3098538e+04   3.807552e+04   0.000000e+00  13009s
  342309    2.3098540e+04   2.746312e+03   0.000000e+00  13019s
  342489    2.3098543e+04   6.608283e+04   0.000000e+00  13028s
  342669    2.3098545e+04   1.687868e+04   0.000000e+00  13038s
  342849    2.3098547e+04   1.038122e+04   0.000000e+00  13047s
  343039    2.3098548e+04   2.222218e+03   0.000000e+00  13057s
  343229    2.3098550e+04   5.924594e+04   0.000000e+00  13067s
  343419    2.3098551e+04   5.491796e+02   0.000000e+00  13077s
  343609    2.3098553e+04   9.223126e+05   0.000000e+00  13087s
  343799    2.3098555e+04   6.774088e+03   0.000000e+00  13097s
  343989    2.3098557e+04   2.113635e+05   0.000000e+00  13107s
  344179    2.3098559e+04   1.875414e+04   0.000000e+00  13117s
  344369    2.3098561e+04   6.883008e+03   0.000000e+00  13127s
  344559    2.3098562e+04   4.846064e+05   0.000000e+00  13136s
  344749    2.3098564e+04   3.820121e+04   0.000000e+00  13146s
  344939    2.3098566e+04   6.747590e+03   0.000000e+00  13156s
  345119    2.3098568e+04   9.030761e+04   0.000000e+00  13166s
  345309    2.3098569e+04   2.072071e+04   0.000000e+00  13175s
  345499    2.3098571e+04   1.077399e+04   0.000000e+00  13185s
  345679    2.3098572e+04   4.426685e+03   0.000000e+00  13195s
  345849    2.3098574e+04   7.001468e+04   0.000000e+00  13204s
  346029    2.3098576e+04   4.452039e+04   0.000000e+00  13213s
  346199    2.3098577e+04   8.432735e+04   0.000000e+00  13222s
  346389    2.3098578e+04   1.164838e+04   0.000000e+00  13232s
  346579    2.3098580e+04   1.738059e+03   0.000000e+00  13242s
  346759    2.3098582e+04   3.114017e+02   0.000000e+00  13251s
  346939    2.3098584e+04   5.177236e+03   0.000000e+00  13261s
  347119    2.3098585e+04   8.430379e+03   0.000000e+00  13270s
  347299    2.3098587e+04   1.231204e+04   0.000000e+00  13280s
  347479    2.3098588e+04   3.327620e+03   0.000000e+00  13289s
  347669    2.3098590e+04   9.357188e+04   0.000000e+00  13299s
  347849    2.3098591e+04   1.651923e+04   0.000000e+00  13308s
  348029    2.3098593e+04   2.172301e+03   0.000000e+00  13318s
  348199    2.3098594e+04   4.139953e+03   0.000000e+00  13327s
  348389    2.3098595e+04   7.286664e+02   0.000000e+00  13336s
  348579    2.3098597e+04   1.294716e+04   0.000000e+00  13346s
  348769    2.3098598e+04   1.617402e+03   0.000000e+00  13356s
  348959    2.3098600e+04   7.392899e+03   0.000000e+00  13366s
  349159    2.3098602e+04   4.068240e+03   0.000000e+00  13376s
  349349    2.3098604e+04   2.345454e+04   0.000000e+00  13386s
  349539    2.3098605e+04   6.343778e+03   0.000000e+00  13395s
  349739    2.3098607e+04   7.070566e+03   0.000000e+00  13406s
  349929    2.3098608e+04   1.265327e+04   0.000000e+00  13415s
  350139    2.3098610e+04   8.601249e+02   0.000000e+00  13426s
  350339    2.3098611e+04   7.577613e+03   0.000000e+00  13436s
  350529    2.3098612e+04   2.124158e+03   0.000000e+00  13445s
  350729    2.3098614e+04   1.193661e+03   0.000000e+00  13456s
  350919    2.3098615e+04   3.153469e+03   0.000000e+00  13466s
  351109    2.3098617e+04   1.756147e+04   0.000000e+00  13475s
  351309    2.3098618e+04   1.102933e+03   0.000000e+00  13485s
  351499    2.3098620e+04   6.431593e+03   0.000000e+00  13495s
  351689    2.3098622e+04   5.157808e+03   0.000000e+00  13505s
  351879    2.3098624e+04   3.984449e+04   0.000000e+00  13515s
  352059    2.3098625e+04   3.679363e+02   0.000000e+00  13524s
  352259    2.3098627e+04   2.457052e+03   0.000000e+00  13534s
  352459    2.3098628e+04   1.313510e+04   0.000000e+00  13544s
  352649    2.3098630e+04   8.501244e+02   0.000000e+00  13554s
  352839    2.3098631e+04   3.202115e+03   0.000000e+00  13563s
  353049    2.3098633e+04   9.617697e+04   0.000000e+00  13573s
  353249    2.3098635e+04   2.189433e+03   0.000000e+00  13583s
  353439    2.3098637e+04   4.295159e+03   0.000000e+00  13593s
  353639    2.3098638e+04   3.207513e+04   0.000000e+00  13603s
  353839    2.3098640e+04   3.791274e+03   0.000000e+00  13613s
  354039    2.3098642e+04   1.336389e+05   0.000000e+00  13622s
  354229    2.3098644e+04   4.135681e+04   0.000000e+00  13632s
  354429    2.3098647e+04   9.251859e+02   0.000000e+00  13642s
  354629    2.3098648e+04   1.528842e+02   0.000000e+00  13652s
  354829    2.3098650e+04   3.273350e+03   0.000000e+00  13662s
  355019    2.3098652e+04   3.318855e+03   0.000000e+00  13672s
  355199    2.3098655e+04   1.674167e+04   0.000000e+00  13681s
  355389    2.3098657e+04   6.893952e+04   0.000000e+00  13691s
  355569    2.3098662e+04   2.134138e+06   0.000000e+00  13701s
  355739    2.3098668e+04   1.815769e+06   0.000000e+00  13711s
  355919    2.3098670e+04   6.729991e+05   0.000000e+00  13721s
  356089    2.3098671e+04   9.269090e+05   0.000000e+00  13731s
  356259    2.3098671e+04   1.094520e+06   0.000000e+00  13742s
  356429    2.3098672e+04   1.398749e+05   0.000000e+00  13752s
  356599    2.3098672e+04   3.186902e+05   0.000000e+00  13762s
  356779    2.3098672e+04   3.010222e+05   0.000000e+00  13771s
  356959    2.3098672e+04   1.803429e+04   0.000000e+00  13781s
  357149    2.3098672e+04   7.088227e+05   0.000000e+00  13792s
  357329    2.3098672e+04   4.808316e+03   0.000000e+00  13801s
  357509    2.3098672e+04   1.476726e+03   0.000000e+00  13811s
  357679    2.3098672e+04   2.692306e+03   0.000000e+00  13820s
  357849    2.3098672e+04   4.283852e+03   0.000000e+00  13829s
  358039    2.3098672e+04   5.548176e+03   0.000000e+00  13839s
  358229    2.3098672e+04   1.380399e+03   0.000000e+00  13848s
  358419    2.3098672e+04   1.431494e+03   0.000000e+00  13858s
  358609    2.3098672e+04   8.617844e+03   0.000000e+00  13868s
  358799    2.3098672e+04   5.374376e+02   0.000000e+00  13877s
  358989    2.3098672e+04   4.247444e+03   0.000000e+00  13887s
  359189    2.3098672e+04   8.149980e+02   0.000000e+00  13896s
  359389    2.3098672e+04   7.524254e+03   0.000000e+00  13906s
  359589    2.3098672e+04   1.100055e+03   0.000000e+00  13916s
  359779    2.3098672e+04   2.740507e+03   0.000000e+00  13925s
  359979    2.3098672e+04   1.106268e+04   0.000000e+00  13935s
  360189    2.3098672e+04   2.900670e+03   0.000000e+00  13945s
  360379    2.3098672e+04   6.537018e+03   0.000000e+00  13954s
  360589    2.3098672e+04   1.385855e+02   0.000000e+00  13963s
  360799    2.3098672e+04   2.921926e+01   0.000000e+00  13973s
  360949    2.3098672e+04   0.000000e+00   0.000000e+00  13980s

Root relaxation: objective 2.309863e+04, 360949 iterations, 13889.59 seconds (31168.32 work units)

    Nodes    |    Current Node    |     Objective Bounds      |     Work
 Expl Unexpl |  Obj  Depth IntInf | Incumbent    BestBd   Gap | It/Node Time

     0     0 23098.6287    0 9334 34864.0000 23098.6287  33.7%     - 14400s

Explored 1 nodes (368356 simplex iterations) in 14400.14 seconds (32168.76 work units)
Thread count was 32 (of 32 available processors)

Solution count 1: 34864 

Time limit reached
Best objective 3.486400000000e+04, best bound 2.309900000000e+04, gap 33.7454%

User-callback calls 7844, time in user-callback 0.11 sec
