slot_index,a_km,e,i_deg,raan_deg,argp_deg,arg_lat_deg
0,6640.441128,0.000000,42.000000,15.750000,0.000000,0.000000
1,6640.441128,0.000000,42.000000,15.248607,0.000000,351.977716
2,6640.441128,0.000000,42.000000,14.747214,0.000000,343.955432
3,6640.441128,0.000000,42.000000,14.245822,0.000000,335.933148
4,6640.441128,0.000000,42.000000,13.744429,0.000000,327.910864
5,6640.441128,0.000000,42.000000,13.243036,0.000000,319.888579
6,6640.441128,0.000000,42.000000,12.741643,0.000000,311.866295
7,6640.441128,0.000000,42.000000,12.240251,0.000000,303.844011
8,6640.441128,0.000000,42.000000,11.738858,0.000000,295.821727
9,6640.441128,0.000000,42.000000,11.237465,0.000000,287.799443
10,6640.441128,0.000000,42.000000,10.736072,0.000000,279.777159
11,6640.441128,0.000000,42.000000,10.234680,0.000000,271.754875
12,6640.441128,0.000000,42.000000,9.733287,0.000000,263.732591
13,6640.441128,0.000000,42.000000,9.231894,0.000000,255.710306
14,6640.441128,0.000000,42.000000,8.730501,0.000000,247.688022
15,6640.441128,0.000000,42.000000,8.229109,0.000000,239.665738
16,6640.441128,0.000000,42.000000,7.727716,0.000000,231.643454
17,6640.441128,0.000000,42.000000,7.226323,0.000000,223.621170
18,6640.441128,0.000000,42.000000,6.724930,0.000000,215.598886
19,6640.441128,0.000000,42.000000,6.223538,0.000000,207.576602
20,6640.441128,0.000000,42.000000,5.722145,0.000000,199.554318
21,6640.441128,0.000000,42.000000,5.220752,0.000000,191.532033
22,6640.441128,0.000000,42.000000,4.719359,0.000000,183.509749
23,6640.441128,0.000000,42.000000,4.217967,0.000000,175.487465
24,6640.441128,0.000000,42.000000,3.716574,0.000000,167.465181
25,6640.441128,0.000000,42.000000,3.215181,0.000000,159.442897
26,6640.441128,0.000000,42.000000,2.713788,0.000000,151.420613
27,6640.441128,0.000000,42.000000,2.212396,0.000000,143.398329
28,6640.441128,0.000000,42.000000,1.711003,0.000000,135.376045
29,6640.441128,0.000000,42.000000,1.209610,0.000000,127.353760
30,6640.441128,0.000000,42.000000,0.708217,0.000000,119.331476
31,6640.441128,0.000000,42.000000,0.206825,0.000000,111.309192
32,6640.441128,0.000000,42.000000,359.705432,0.000000,103.286908
33,6640.441128,0.000000,42.000000,359.204039,0.000000,95.264624
34,6640.441128,0.000000,42.000000,358.702646,0.000000,87.242340
35,6640.441128,0.000000,42.000000,358.201253,0.000000,79.220056
36,6640.441128,0.000000,42.000000,357.699861,0.000000,71.197772
37,6640.441128,0.000000,42.000000,357.198468,0.000000,63.175487
38,6640.441128,0.000000,42.000000,356.697075,0.000000,55.153203
39,6640.441128,0.000000,42.000000,356.195682,0.000000,47.130919
40,6640.441128,0.000000,42.000000,355.694290,0.000000,39.108635
41,6640.441128,0.000000,42.000000,355.192897,0.000000,31.086351
42,6640.441128,0.000000,42.000000,354.691504,0.000000,23.064067
43,6640.441128,0.000000,42.000000,354.190111,0.000000,15.041783
44,6640.441128,0.000000,42.000000,353.688719,0.000000,7.019499
45,6640.441128,0.000000,42.000000,353.187326,0.000000,358.997214
46,6640.441128,0.000000,42.000000,352.685933,0.000000,350.974930
47,6640.441128,0.000000,42.000000,352.184540,0.000000,342.952646
48,6640.441128,0.000000,42.000000,351.683148,0.000000,334.930362
49,6640.441128,0.000000,42.000000,351.181755,0.000000,326.908078
50,6640.441128,0.000000,42.000000,350.680362,0.000000,318.885794
51,6640.441128,0.000000,42.000000,350.178969,0.000000,310.863510
52,6640.441128,0.000000,42.000000,349.677577,0.000000,302.841226
53,6640.441128,0.000000,42.000000,349.176184,0.000000,294.818942
54,6640.441128,0.000000,42.000000,348.674791,0.000000,286.796657
55,6640.441128,0.000000,42.000000,348.173398,0.000000,278.774373
56,6640.441128,0.000000,42.000000,347.672006,0.000000,270.752089
57,6640.441128,0.000000,42.000000,347.170613,0.000000,262.729805
58,6640.441128,0.000000,42.000000,346.669220,0.000000,254.707521
59,6640.441128,0.000000,42.000000,346.167827,0.000000,246.685237
60,6640.441128,0.000000,42.000000,345.666435,0.000000,238.662953
61,6640.441128,0.000000,42.000000,345.165042,0.000000,230.640669
62,6640.441128,0.000000,42.000000,344.663649,0.000000,222.618384
63,6640.441128,0.000000,42.000000,344.162256,0.000000,214.596100
64,6640.441128,0.000000,42.000000,343.660864,0.000000,206.573816
65,6640.441128,0.000000,42.000000,343.159471,0.000000,198.551532
66,6640.441128,0.000000,42.000000,342.658078,0.000000,190.529248
67,6640.441128,0.000000,42.000000,342.156685,0.000000,182.506964
68,6640.441128,0.000000,42.000000,341.655292,0.000000,174.484680
69,6640.441128,0.000000,42.000000,341.153900,0.000000,166.462396
70,6640.441128,0.000000,42.000000,340.652507,0.000000,158.440111
71,6640.441128,0.000000,42.000000,340.151114,0.000000,150.417827
72,6640.441128,0.000000,42.000000,339.649721,0.000000,142.395543
73,6640.441128,0.000000,42.000000,339.148329,0.000000,134.373259
74,6640.441128,0.000000,42.000000,338.646936,0.000000,126.350975
75,6640.441128,0.000000,42.000000,338.145543,0.000000,118.328691
76,6640.441128,0.000000,42.000000,337.644150,0.000000,110.306407
77,6640.441128,0.000000,42.000000,337.142758,0.000000,102.284123
78,6640.441128,0.000000,42.000000,336.641365,0.000000,94.261838
79,6640.441128,0.000000,42.000000,336.139972,0.000000,86.239554
80,6640.441128,0.000000,42.000000,335.638579,0.000000,78.217270
81,6640.441128,0.000000,42.000000,335.137187,0.000000,70.194986
82,6640.441128,0.000000,42.000000,334.635794,0.000000,62.172702
83,6640.441128,0.000000,42.000000,334.134401,0.000000,54.150418
84,6640.441128,0.000000,42.000000,333.633008,0.000000,46.128134
85,6640.441128,0.000000,42.000000,333.131616,0.000000,38.105850
86,6640.441128,0.000000,42.000000,332.630223,0.000000,30.083565
87,6640.441128,0.000000,42.000000,332.128830,0.000000,22.061281
88,6640.441128,0.000000,42.000000,331.627437,0.000000,14.038997
89,6640.441128,0.000000,42.000000,331.126045,0.000000,6.016713
90,6640.441128,0.000000,42.000000,330.624652,0.000000,357.994429
91,6640.441128,0.000000,42.000000,330.123259,0.000000,349.972145
92,6640.441128,0.000000,42.000000,329.621866,0.000000,341.949861
93,6640.441128,0.000000,42.000000,329.120474,0.000000,333.927577
94,6640.441128,0.000000,42.000000,328.619081,0.000000,325.905292
95,6640.441128,0.000000,42.000000,328.117688,0.000000,317.883008
96,6640.441128,0.000000,42.000000,327.616295,0.000000,309.860724
97,6640.441128,0.000000,42.000000,327.114903,0.000000,301.838440
98,6640.441128,0.000000,42.000000,326.613510,0.000000,293.816156
99,6640.441128,0.000000,42.000000,326.112117,0.000000,285.793872
100,6640.441128,0.000000,42.000000,325.610724,0.000000,277.771588
101,6640.441128,0.000000,42.000000,325.109331,0.000000,269.749304
102,6640.441128,0.000000,42.000000,324.607939,0.000000,261.727019
103,6640.441128,0.000000,42.000000,324.106546,0.000000,253.704735
104,6640.441128,0.000000,42.000000,323.605153,0.000000,245.682451
105,6640.441128,0.000000,42.000000,323.103760,0.000000,237.660167
106,6640.441128,0.000000,42.000000,322.602368,0.000000,229.637883
107,6640.441128,0.000000,42.000000,322.100975,0.000000,221.615599
108,6640.441128,0.000000,42.000000,321.599582,0.000000,213.593315
109,6640.441128,0.000000,42.000000,321.098189,0.000000,205.571031
110,6640.441128,0.000000,42.000000,320.596797,0.000000,197.548747
111,6640.441128,0.000000,42.000000,320.095404,0.000000,189.526462
112,6640.441128,0.000000,42.000000,319.594011,0.000000,181.504178
113,6640.441128,0.000000,42.000000,319.092618,0.000000,173.481894
114,6640.441128,0.000000,42.000000,318.591226,0.000000,165.459610
115,6640.441128,0.000000,42.000000,318.089833,0.000000,157.437326
116,6640.441128,0.000000,42.000000,317.588440,0.000000,149.415042
117,6640.441128,0.000000,42.000000,317.087047,0.000000,141.392758
118,6640.441128,0.000000,42.000000,316.585655,0.000000,133.370474
119,6640.441128,0.000000,42.000000,316.084262,0.000000,125.348189
120,6640.441128,0.000000,42.000000,315.582869,0.000000,117.325905
121,6640.441128,0.000000,42.000000,315.081476,0.000000,109.303621
122,6640.441128,0.000000,42.000000,314.580084,0.000000,101.281337
123,6640.441128,0.000000,42.000000,314.078691,0.000000,93.259053
124,6640.441128,0.000000,42.000000,313.577298,0.000000,85.236769
125,6640.441128,0.000000,42.000000,313.075905,0.000000,77.214485
126,6640.441128,0.000000,42.000000,312.574513,0.000000,69.192201
127,6640.441128,0.000000,42.000000,312.073120,0.000000,61.169916
128,6640.441128,0.000000,42.000000,311.571727,0.000000,53.147632
129,6640.441128,0.000000,42.000000,311.070334,0.000000,45.125348
130,6640.441128,0.000000,42.000000,310.568942,0.000000,37.103064
131,6640.441128,0.000000,42.000000,310.067549,0.000000,29.080780
132,6640.441128,0.000000,42.000000,309.566156,0.000000,21.058496
133,6640.441128,0.000000,42.000000,309.064763,0.000000,13.036212
134,6640.441128,0.000000,42.000000,308.563370,0.000000,5.013928
135,6640.441128,0.000000,42.000000,308.061978,0.000000,356.991643
136,6640.441128,0.000000,42.000000,307.560585,0.000000,348.969359
137,6640.441128,0.000000,42.000000,307.059192,0.000000,340.947075
138,6640.441128,0.000000,42.000000,306.557799,0.000000,332.924791
139,6640.441128,0.000000,42.000000,306.056407,0.000000,324.902507
140,6640.441128,0.000000,42.000000,305.555014,0.000000,316.880223
141,6640.441128,0.000000,42.000000,305.053621,0.000000,308.857939
142,6640.441128,0.000000,42.000000,304.552228,0.000000,300.835655
143,6640.441128,0.000000,42.000000,304.050836,0.000000,292.813370
144,6640.441128,0.000000,42.000000,303.549443,0.000000,284.791086
145,6640.441128,0.000000,42.000000,303.048050,0.000000,276.768802
146,6640.441128,0.000000,42.000000,302.546657,0.000000,268.746518
147,6640.441128,0.000000,42.000000,302.045265,0.000000,260.724234
148,6640.441128,0.000000,42.000000,301.543872,0.000000,252.701950
149,6640.441128,0.000000,42.000000,301.042479,0.000000,244.679666
150,6640.441128,0.000000,42.000000,300.541086,0.000000,236.657382
151,6640.441128,0.000000,42.000000,300.039694,0.000000,228.635097
152,6640.441128,0.000000,42.000000,299.538301,0.000000,220.612813
153,6640.441128,0.000000,42.000000,299.036908,0.000000,212.590529
154,6640.441128,0.000000,42.000000,298.535515,0.000000,204.568245
155,6640.441128,0.000000,42.000000,298.034123,0.000000,196.545961
156,6640.441128,0.000000,42.000000,297.532730,0.000000,188.523677
157,6640.441128,0.000000,42.000000,297.031337,0.000000,180.501393
158,6640.441128,0.000000,42.000000,296.529944,0.000000,172.479109
159,6640.441128,0.000000,42.000000,296.028552,0.000000,164.456825
160,6640.441128,0.000000,42.000000,295.527159,0.000000,156.434540
161,6640.441128,0.000000,42.000000,295.025766,0.000000,148.412256
162,6640.441128,0.000000,42.000000,294.524373,0.000000,140.389972
163,6640.441128,0.000000,42.000000,294.022981,0.000000,132.367688
164,6640.441128,0.000000,42.000000,293.521588,0.000000,124.345404
165,6640.441128,0.000000,42.000000,293.020195,0.000000,116.323120
166,6640.441128,0.000000,42.000000,292.518802,0.000000,108.300836
167,6640.441128,0.000000,42.000000,292.017409,0.000000,100.278552
168,6640.441128,0.000000,42.000000,291.516017,0.000000,92.256267
169,6640.441128,0.000000,42.000000,291.014624,0.000000,84.233983
170,6640.441128,0.000000,42.000000,290.513231,0.000000,76.211699
171,6640.441128,0.000000,42.000000,290.011838,0.000000,68.189415
172,6640.441128,0.000000,42.000000,289.510446,0.000000,60.167131
173,6640.441128,0.000000,42.000000,289.009053,0.000000,52.144847
174,6640.441128,0.000000,42.000000,288.507660,0.000000,44.122563
175,6640.441128,0.000000,42.000000,288.006267,0.000000,36.100279
176,6640.441128,0.000000,42.000000,287.504875,0.000000,28.077994
177,6640.441128,0.000000,42.000000,287.003482,0.000000,20.055710
178,6640.441128,0.000000,42.000000,286.502089,0.000000,12.033426
179,6640.441128,0.000000,42.000000,286.000696,0.000000,4.011142
180,6640.441128,0.000000,42.000000,285.499304,0.000000,355.988858
181,6640.441128,0.000000,42.000000,284.997911,0.000000,347.966574
182,6640.441128,0.000000,42.000000,284.496518,0.000000,339.944290
183,6640.441128,0.000000,42.000000,283.995125,0.000000,331.922006
184,6640.441128,0.000000,42.000000,283.493733,0.000000,323.899721
185,6640.441128,0.000000,42.000000,282.992340,0.000000,315.877437
186,6640.441128,0.000000,42.000000,282.490947,0.000000,307.855153
187,6640.441128,0.000000,42.000000,281.989554,0.000000,299.832869
188,6640.441128,0.000000,42.000000,281.488162,0.000000,291.810585
189,6640.441128,0.000000,42.000000,280.986769,0.000000,283.788301
190,6640.441128,0.000000,42.000000,280.485376,0.000000,275.766017
191,6640.441128,0.000000,42.000000,279.983983,0.000000,267.743733
192,6640.441128,0.000000,42.000000,279.482591,0.000000,259.721448
193,6640.441128,0.000000,42.000000,278.981198,0.000000,251.699164
194,6640.441128,0.000000,42.000000,278.479805,0.000000,243.676880
195,6640.441128,0.000000,42.000000,277.978412,0.000000,235.654596
196,6640.441128,0.000000,42.000000,277.477019,0.000000,227.632312
197,6640.441128,0.000000,42.000000,276.975627,0.000000,219.610028
198,6640.441128,0.000000,42.000000,276.474234,0.000000,211.587744
199,6640.441128,0.000000,42.000000,275.972841,0.000000,203.565460
200,6640.441128,0.000000,42.000000,275.471448,0.000000,195.543175
201,6640.441128,0.000000,42.000000,274.970056,0.000000,187.520891
202,6640.441128,0.000000,42.000000,274.468663,0.000000,179.498607
203,6640.441128,0.000000,42.000000,273.967270,0.000000,171.476323
204,6640.441128,0.000000,42.000000,273.465877,0.000000,163.454039
205,6640.441128,0.000000,42.000000,272.964485,0.000000,155.431755
206,6640.441128,0.000000,42.000000,272.463092,0.000000,147.409471
207,6640.441128,0.000000,42.000000,271.961699,0.000000,139.387187
208,6640.441128,0.000000,42.000000,271.460306,0.000000,131.364903
209,6640.441128,0.000000,42.000000,270.958914,0.000000,123.342618
210,6640.441128,0.000000,42.000000,270.457521,0.000000,115.320334
211,6640.441128,0.000000,42.000000,269.956128,0.000000,107.298050
212,6640.441128,0.000000,42.000000,269.454735,0.000000,99.275766
213,6640.441128,0.000000,42.000000,268.953343,0.000000,91.253482
214,6640.441128,0.000000,42.000000,268.451950,0.000000,83.231198
215,6640.441128,0.000000,42.000000,267.950557,0.000000,75.208914
216,6640.441128,0.000000,42.000000,267.449164,0.000000,67.186630
217,6640.441128,0.000000,42.000000,266.947772,0.000000,59.164345
218,6640.441128,0.000000,42.000000,266.446379,0.000000,51.142061
219,6640.441128,0.000000,42.000000,265.944986,0.000000,43.119777
220,6640.441128,0.000000,42.000000,265.443593,0.000000,35.097493
221,6640.441128,0.000000,42.000000,264.942201,0.000000,27.075209
222,6640.441128,0.000000,42.000000,264.440808,0.000000,19.052925
223,6640.441128,0.000000,42.000000,263.939415,0.000000,11.030641
224,6640.441128,0.000000,42.000000,263.438022,0.000000,3.008357
225,6640.441128,0.000000,42.000000,262.936630,0.000000,354.986072
226,6640.441128,0.000000,42.000000,262.435237,0.000000,346.963788
227,6640.441128,0.000000,42.000000,261.933844,0.000000,338.941504
228,6640.441128,0.000000,42.000000,261.432451,0.000000,330.919220
229,6640.441128,0.000000,42.000000,260.931058,0.000000,322.896936
230,6640.441128,0.000000,42.000000,260.429666,0.000000,314.874652
231,6640.441128,0.000000,42.000000,259.928273,0.000000,306.852368
232,6640.441128,0.000000,42.000000,259.426880,0.000000,298.830084
233,6640.441128,0.000000,42.000000,258.925487,0.000000,290.807799
234,6640.441128,0.000000,42.000000,258.424095,0.000000,282.785515
235,6640.441128,0.000000,42.000000,257.922702,0.000000,274.763231
236,6640.441128,0.000000,42.000000,257.421309,0.000000,266.740947
237,6640.441128,0.000000,42.000000,256.919916,0.000000,258.718663
238,6640.441128,0.000000,42.000000,256.418524,0.000000,250.696379
239,6640.441128,0.000000,42.000000,255.917131,0.000000,242.674095
240,6640.441128,0.000000,42.000000,255.415738,0.000000,234.651811
241,6640.441128,0.000000,42.000000,254.914345,0.000000,226.629526
242,6640.441128,0.000000,42.000000,254.412953,0.000000,218.607242
243,6640.441128,0.000000,42.000000,253.911560,0.000000,210.584958
244,6640.441128,0.000000,42.000000,253.410167,0.000000,202.562674
245,6640.441128,0.000000,42.000000,252.908774,0.000000,194.540390
246,6640.441128,0.000000,42.000000,252.407382,0.000000,186.518106
247,6640.441128,0.000000,42.000000,251.905989,0.000000,178.495822
248,6640.441128,0.000000,42.000000,251.404596,0.000000,170.473538
249,6640.441128,0.000000,42.000000,250.903203,0.000000,162.451253
250,6640.441128,0.000000,42.000000,250.401811,0.000000,154.428969
251,6640.441128,0.000000,42.000000,249.900418,0.000000,146.406685
252,6640.441128,0.000000,42.000000,249.399025,0.000000,138.384401
253,6640.441128,0.000000,42.000000,248.897632,0.000000,130.362117
254,6640.441128,0.000000,42.000000,248.396240,0.000000,122.339833
255,6640.441128,0.000000,42.000000,247.894847,0.000000,114.317549
256,6640.441128,0.000000,42.000000,247.393454,0.000000,106.295265
257,6640.441128,0.000000,42.000000,246.892061,0.000000,98.272981
258,6640.441128,0.000000,42.000000,246.390669,0.000000,90.250696
259,6640.441128,0.000000,42.000000,245.889276,0.000000,82.228412
260,6640.441128,0.000000,42.000000,245.387883,0.000000,74.206128
261,6640.441128,0.000000,42.000000,244.886490,0.000000,66.183844
262,6640.441128,0.000000,42.000000,244.385097,0.000000,58.161560
263,6640.441128,0.000000,42.000000,243.883705,0.000000,50.139276
264,6640.441128,0.000000,42.000000,243.382312,0.000000,42.116992
265,6640.441128,0.000000,42.000000,242.880919,0.000000,34.094708
266,6640.441128,0.000000,42.000000,242.379526,0.000000,26.072423
267,6640.441128,0.000000,42.000000,241.878134,0.000000,18.050139
268,6640.441128,0.000000,42.000000,241.376741,0.000000,10.027855
269,6640.441128,0.000000,42.000000,240.875348,0.000000,2.005571
270,6640.441128,0.000000,42.000000,240.373955,0.000000,353.983287
271,6640.441128,0.000000,42.000000,239.872563,0.000000,345.961003
272,6640.441128,0.000000,42.000000,239.371170,0.000000,337.938719
273,6640.441128,0.000000,42.000000,238.869777,0.000000,329.916435
274,6640.441128,0.000000,42.000000,238.368384,0.000000,321.894150
275,6640.441128,0.000000,42.000000,237.866992,0.000000,313.871866
276,6640.441128,0.000000,42.000000,237.365599,0.000000,305.849582
277,6640.441128,0.000000,42.000000,236.864206,0.000000,297.827298
278,6640.441128,0.000000,42.000000,236.362813,0.000000,289.805014
279,6640.441128,0.000000,42.000000,235.861421,0.000000,281.782730
280,6640.441128,0.000000,42.000000,235.360028,0.000000,273.760446
281,6640.441128,0.000000,42.000000,234.858635,0.000000,265.738162
282,6640.441128,0.000000,42.000000,234.357242,0.000000,257.715877
283,6640.441128,0.000000,42.000000,233.855850,0.000000,249.693593
284,6640.441128,0.000000,42.000000,233.354457,0.000000,241.671309
285,6640.441128,0.000000,42.000000,232.853064,0.000000,233.649025
286,6640.441128,0.000000,42.000000,232.351671,0.000000,225.626741
287,6640.441128,0.000000,42.000000,231.850279,0.000000,217.604457
288,6640.441128,0.000000,42.000000,231.348886,0.000000,209.582173
289,6640.441128,0.000000,42.000000,230.847493,0.000000,201.559889
290,6640.441128,0.000000,42.000000,230.346100,0.000000,193.537604
291,6640.441128,0.000000,42.000000,229.844708,0.000000,185.515320
292,6640.441128,0.000000,42.000000,229.343315,0.000000,177.493036
293,6640.441128,0.000000,42.000000,228.841922,0.000000,169.470752
294,6640.441128,0.000000,42.000000,228.340529,0.000000,161.448468
295,6640.441128,0.000000,42.000000,227.839136,0.000000,153.426184
296,6640.441128,0.000000,42.000000,227.337744,0.000000,145.403900
297,6640.441128,0.000000,42.000000,226.836351,0.000000,137.381616
298,6640.441128,0.000000,42.000000,226.334958,0.000000,129.359331
299,6640.441128,0.000000,42.000000,225.833565,0.000000,121.337047
300,6640.441128,0.000000,42.000000,225.332173,0.000000,113.314763
301,6640.441128,0.000000,42.000000,224.830780,0.000000,105.292479
302,6640.441128,0.000000,42.000000,224.329387,0.000000,97.270195
303,6640.441128,0.000000,42.000000,223.827994,0.000000,89.247911
304,6640.441128,0.000000,42.000000,223.326602,0.000000,81.225627
305,6640.441128,0.000000,42.000000,222.825209,0.000000,73.203343
306,6640.441128,0.000000,42.000000,222.323816,0.000000,65.181058
307,6640.441128,0.000000,42.000000,221.822423,0.000000,57.158774
308,6640.441128,0.000000,42.000000,221.321031,0.000000,49.136490
309,6640.441128,0.000000,42.000000,220.819638,0.000000,41.114206
310,6640.441128,0.000000,42.000000,220.318245,0.000000,33.091922
311,6640.441128,0.000000,42.000000,219.816852,0.000000,25.069638
312,6640.441128,0.000000,42.000000,219.315460,0.000000,17.047354
313,6640.441128,0.000000,42.000000,218.814067,0.000000,9.025070
314,6640.441128,0.000000,42.000000,218.312674,0.000000,1.002786
315,6640.441128,0.000000,42.000000,217.811281,0.000000,352.980501
316,6640.441128,0.000000,42.000000,217.309889,0.000000,344.958217
317,6640.441128,0.000000,42.000000,216.808496,0.000000,336.935933
318,6640.441128,0.000000,42.000000,216.307103,0.000000,328.913649
319,6640.441128,0.000000,42.000000,215.805710,0.000000,320.891365
320,6640.441128,0.000000,42.000000,215.304318,0.000000,312.869081
321,6640.441128,0.000000,42.000000,214.802925,0.000000,304.846797
322,6640.441128,0.000000,42.000000,214.301532,0.000000,296.824513
323,6640.441128,0.000000,42.000000,213.800139,0.000000,288.802228
324,6640.441128,0.000000,42.000000,213.298747,0.000000,280.779944
325,6640.441128,0.000000,42.000000,212.797354,0.000000,272.757660
326,6640.441128,0.000000,42.000000,212.295961,0.000000,264.735376
327,6640.441128,0.000000,42.000000,211.794568,0.000000,256.713092
328,6640.441128,0.000000,42.000000,211.293175,0.000000,248.690808
329,6640.441128,0.000000,42.000000,210.791783,0.000000,240.668524
330,6640.441128,0.000000,42.000000,210.290390,0.000000,232.646240
331,6640.441128,0.000000,42.000000,209.788997,0.000000,224.623955
332,6640.441128,0.000000,42.000000,209.287604,0.000000,216.601671
333,6640.441128,0.000000,42.000000,208.786212,0.000000,208.579387
334,6640.441128,0.000000,42.000000,208.284819,0.000000,200.557103
335,6640.441128,0.000000,42.000000,207.783426,0.000000,192.534819
336,6640.441128,0.000000,42.000000,207.282033,0.000000,184.512535
337,6640.441128,0.000000,42.000000,206.780641,0.000000,176.490251
338,6640.441128,0.000000,42.000000,206.279248,0.000000,168.467967
339,6640.441128,0.000000,42.000000,205.777855,0.000000,160.445682
340,6640.441128,0.000000,42.000000,205.276462,0.000000,152.423398
341,6640.441128,0.000000,42.000000,204.775070,0.000000,144.401114
342,6640.441128,0.000000,42.000000,204.273677,0.000000,136.378830
343,6640.441128,0.000000,42.000000,203.772284,0.000000,128.356546
344,6640.441128,0.000000,42.000000,203.270891,0.000000,120.334262
345,6640.441128,0.000000,42.000000,202.769499,0.000000,112.311978
346,6640.441128,0.000000,42.000000,202.268106,0.000000,104.289694
347,6640.441128,0.000000,42.000000,201.766713,0.000000,96.267409
348,6640.441128,0.000000,42.000000,201.265320,0.000000,88.245125
349,6640.441128,0.000000,42.000000,200.763928,0.000000,80.222841
350,6640.441128,0.000000,42.000000,200.262535,0.000000,72.200557
351,6640.441128,0.000000,42.000000,199.761142,0.000000,64.178273
352,6640.441128,0.000000,42.000000,199.259749,0.000000,56.155989
353,6640.441128,0.000000,42.000000,198.758357,0.000000,48.133705
354,6640.441128,0.000000,42.000000,198.256964,0.000000,40.111421
355,6640.441128,0.000000,42.000000,197.755571,0.000000,32.089136
356,6640.441128,0.000000,42.000000,197.254178,0.000000,24.066852
357,6640.441128,0.000000,42.000000,196.752786,0.000000,16.044568
358,6640.441128,0.000000,42.000000,196.251393,0.000000,8.022284
359,6640.441128,0.000000,42.000000,195.750000,0.000000,360.000000
360,6640.441128,0.000000,42.000000,195.248607,0.000000,351.977716
361,6640.441128,0.000000,42.000000,194.747214,0.000000,343.955432
362,6640.441128,0.000000,42.000000,194.245822,0.000000,335.933148
363,6640.441128,0.000000,42.000000,193.744429,0.000000,327.910864
364,6640.441128,0.000000,42.000000,193.243036,0.000000,319.888579
365,6640.441128,0.000000,42.000000,192.741643,0.000000,311.866295
366,6640.441128,0.000000,42.000000,192.240251,0.000000,303.844011
367,6640.441128,0.000000,42.000000,191.738858,0.000000,295.821727
368,6640.441128,0.000000,42.000000,191.237465,0.000000,287.799443
369,6640.441128,0.000000,42.000000,190.736072,0.000000,279.777159
370,6640.441128,0.000000,42.000000,190.234680,0.000000,271.754875
371,6640.441128,0.000000,42.000000,189.733287,0.000000,263.732591
372,6640.441128,0.000000,42.000000,189.231894,0.000000,255.710306
373,6640.441128,0.000000,42.000000,188.730501,0.000000,247.688022
374,6640.441128,0.000000,42.000000,188.229109,0.000000,239.665738
375,6640.441128,0.000000,42.000000,187.727716,0.000000,231.643454
376,6640.441128,0.000000,42.000000,187.226323,0.000000,223.621170
377,6640.441128,0.000000,42.000000,186.724930,0.000000,215.598886
378,6640.441128,0.000000,42.000000,186.223538,0.000000,207.576602
379,6640.441128,0.000000,42.000000,185.722145,0.000000,199.554318
380,6640.441128,0.000000,42.000000,185.220752,0.000000,191.532033
381,6640.441128,0.000000,42.000000,184.719359,0.000000,183.509749
382,6640.441128,0.000000,42.000000,184.217967,0.000000,175.487465
383,6640.441128,0.000000,42.000000,183.716574,0.000000,167.465181
384,6640.441128,0.000000,42.000000,183.215181,0.000000,159.442897
385,6640.441128,0.000000,42.000000,182.713788,0.000000,151.420613
386,6640.441128,0.000000,42.000000,182.212396,0.000000,143.398329
387,6640.441128,0.000000,42.000000,181.711003,0.000000,135.376045
388,6640.441128,0.000000,42.000000,181.209610,0.000000,127.353760
389,6640.441128,0.000000,42.000000,180.708217,0.000000,119.331476
390,6640.441128,0.000000,42.000000,180.206825,0.000000,111.309192
391,6640.441128,0.000000,42.000000,179.705432,0.000000,103.286908
392,6640.441128,0.000000,42.000000,179.204039,0.000000,95.264624
393,6640.441128,0.000000,42.000000,178.702646,0.000000,87.242340
394,6640.441128,0.000000,42.000000,178.201253,0.000000,79.220056
395,6640.441128,0.000000,42.000000,177.699861,0.000000,71.197772
396,6640.441128,0.000000,42.000000,177.198468,0.000000,63.175487
397,6640.441128,0.000000,42.000000,176.697075,0.000000,55.153203
398,6640.441128,0.000000,42.000000,176.195682,0.000000,47.130919
399,6640.441128,0.000000,42.000000,175.694290,0.000000,39.108635
400,6640.441128,0.000000,42.000000,175.192897,0.000000,31.086351
401,6640.441128,0.000000,42.000000,174.691504,0.000000,23.064067
402,6640.441128,0.000000,42.000000,174.190111,0.000000,15.041783
403,6640.441128,0.000000,42.000000,173.688719,0.000000,7.019499
404,6640.441128,0.000000,42.000000,173.187326,0.000000,358.997214
405,6640.441128,0.000000,42.000000,172.685933,0.000000,350.974930
406,6640.441128,0.000000,42.000000,172.184540,0.000000,342.952646
407,6640.441128,0.000000,42.000000,171.683148,0.000000,334.930362
408,6640.441128,0.000000,42.000000,171.181755,0.000000,326.908078
409,6640.441128,0.000000,42.000000,170.680362,0.000000,318.885794
410,6640.441128,0.000000,42.000000,170.178969,0.000000,310.863510
411,6640.441128,0.000000,42.000000,169.677577,0.000000,302.841226
412,6640.441128,0.000000,42.000000,169.176184,0.000000,294.818942
413,6640.441128,0.000000,42.000000,168.674791,0.000000,286.796657
414,6640.441128,0.000000,42.000000,168.173398,0.000000,278.774373
415,6640.441128,0.000000,42.000000,167.672006,0.000000,270.752089
416,6640.441128,0.000000,42.000000,167.170613,0.000000,262.729805
417,6640.441128,0.000000,42.000000,166.669220,0.000000,254.707521
418,6640.441128,0.000000,42.000000,166.167827,0.000000,246.685237
419,6640.441128,0.000000,42.000000,165.666435,0.000000,238.662953
420,6640.441128,0.000000,42.000000,165.165042,0.000000,230.640669
421,6640.441128,0.000000,42.000000,164.663649,0.000000,222.618384
422,6640.441128,0.000000,42.000000,164.162256,0.000000,214.596100
423,6640.441128,0.000000,42.000000,163.660864,0.000000,206.573816
424,6640.441128,0.000000,42.000000,163.159471,0.000000,198.551532
425,6640.441128,0.000000,42.000000,162.658078,0.000000,190.529248
426,6640.441128,0.000000,42.000000,162.156685,0.000000,182.506964
427,6640.441128,0.000000,42.000000,161.655292,0.000000,174.484680
428,6640.441128,0.000000,42.000000,161.153900,0.000000,166.462396
429,6640.441128,0.000000,42.000000,160.652507,0.000000,158.440111
430,6640.441128,0.000000,42.000000,160.151114,0.000000,150.417827
431,6640.441128,0.000000,42.000000,159.649721,0.000000,142.395543
432,6640.441128,0.000000,42.000000,159.148329,0.000000,134.373259
433,6640.441128,0.000000,42.000000,158.646936,0.000000,126.350975
434,6640.441128,0.000000,42.000000,158.145543,0.000000,118.328691
435,6640.441128,0.000000,42.000000,157.644150,0.000000,110.306407
436,6640.441128,0.000000,42.000000,157.142758,0.000000,102.284123
437,6640.441128,0.000000,42.000000,156.641365,0.000000,94.261838
438,6640.441128,0.000000,42.000000,156.139972,0.000000,86.239554
439,6640.441128,0.000000,42.000000,155.638579,0.000000,78.217270
440,6640.441128,0.000000,42.000000,155.137187,0.000000,70.194986
441,6640.441128,0.000000,42.000000,154.635794,0.000000,62.172702
442,6640.441128,0.000000,42.000000,154.134401,0.000000,54.150418
443,6640.441128,0.000000,42.000000,153.633008,0.000000,46.128134
444,6640.441128,0.000000,42.000000,153.131616,0.000000,38.105850
445,6640.441128,0.000000,42.000000,152.630223,0.000000,30.083565
446,6640.441128,0.000000,42.000000,152.128830,0.000000,22.061281
447,6640.441128,0.000000,42.000000,151.627437,0.000000,14.038997
448,6640.441128,0.000000,42.000000,151.126045,0.000000,6.016713
449,6640.441128,0.000000,42.000000,150.624652,0.000000,357.994429
450,6640.441128,0.000000,42.000000,150.123259,0.000000,349.972145
451,6640.441128,0.000000,42.000000,149.621866,0.000000,341.949861
452,6640.441128,0.000000,42.000000,149.120474,0.000000,333.927577
453,6640.441128,0.000000,42.000000,148.619081,0.000000,325.905292
454,6640.441128,0.000000,42.000000,148.117688,0.000000,317.883008
455,6640.441128,0.000000,42.000000,147.616295,0.000000,309.860724
456,6640.441128,0.000000,42.000000,147.114903,0.000000,301.838440
457,6640.441128,0.000000,42.000000,146.613510,0.000000,293.816156
458,6640.441128,0.000000,42.000000,146.112117,0.000000,285.793872
459,6640.441128,0.000000,42.000000,145.610724,0.000000,277.771588
460,6640.441128,0.000000,42.000000,145.109331,0.000000,269.749304
461,6640.441128,0.000000,42.000000,144.607939,0.000000,261.727019
462,6640.441128,0.000000,42.000000,144.106546,0.000000,253.704735
463,6640.441128,0.000000,42.000000,143.605153,0.000000,245.682451
464,6640.441128,0.000000,42.000000,143.103760,0.000000,237.660167
465,6640.441128,0.000000,42.000000,142.602368,0.000000,229.637883
466,6640.441128,0.000000,42.000000,142.100975,0.000000,221.615599
467,6640.441128,0.000000,42.000000,141.599582,0.000000,213.593315
468,6640.441128,0.000000,42.000000,141.098189,0.000000,205.571031
469,6640.441128,0.000000,42.000000,140.596797,0.000000,197.548747
470,6640.441128,0.000000,42.000000,140.095404,0.000000,189.526462
471,6640.441128,0.000000,42.000000,139.594011,0.000000,181.504178
472,6640.441128,0.000000,42.000000,139.092618,0.000000,173.481894
473,6640.441128,0.000000,42.000000,138.591226,0.000000,165.459610
474,6640.441128,0.000000,42.000000,138.089833,0.000000,157.437326
475,6640.441128,0.000000,42.000000,137.588440,0.000000,149.415042
476,6640.441128,0.000000,42.000000,137.087047,0.000000,141.392758
477,6640.441128,0.000000,42.000000,136.585655,0.000000,133.370474
478,6640.441128,0.000000,42.000000,136.084262,0.000000,125.348189
479,6640.441128,0.000000,42.000000,135.582869,0.000000,117.325905
480,6640.441128,0.000000,42.000000,135.081476,0.000000,109.303621
481,6640.441128,0.000000,42.000000,134.580084,0.000000,101.281337
482,6640.441128,0.000000,42.000000,134.078691,0.000000,93.259053
483,6640.441128,0.000000,42.000000,133.577298,0.000000,85.236769
484,6640.441128,0.000000,42.000000,133.075905,0.000000,77.214485
485,6640.441128,0.000000,42.000000,132.574513,0.000000,69.192201
486,6640.441128,0.000000,42.000000,132.073120,0.000000,61.169916
487,6640.441128,0.000000,42.000000,131.571727,0.000000,53.147632
488,6640.441128,0.000000,42.000000,131.070334,0.000000,45.125348
489,6640.441128,0.000000,42.000000,130.568942,0.000000,37.103064
490,6640.441128,0.000000,42.000000,130.067549,0.000000,29.080780
491,6640.441128,0.000000,42.000000,129.566156,0.000000,21.058496
492,6640.441128,0.000000,42.000000,129.064763,0.000000,13.036212
493,6640.441128,0.000000,42.000000,128.563370,0.000000,5.013928
494,6640.441128,0.000000,42.000000,128.061978,0.000000,356.991643
495,6640.441128,0.000000,42.000000,127.560585,0.000000,348.969359
496,6640.441128,0.000000,42.000000,127.059192,0.000000,340.947075
497,6640.441128,0.000000,42.000000,126.557799,0.000000,332.924791
498,6640.441128,0.000000,42.000000,126.056407,0.000000,324.902507
499,6640.441128,0.000000,42.000000,125.555014,0.000000,316.880223
500,6640.441128,0.000000,42.000000,125.053621,0.000000,308.857939
501,6640.441128,0.000000,42.000000,124.552228,0.000000,300.835655
502,6640.441128,0.000000,42.000000,124.050836,0.000000,292.813370
503,6640.441128,0.000000,42.000000,123.549443,0.000000,284.791086
504,6640.441128,0.000000,42.000000,123.048050,0.000000,276.768802
505,6640.441128,0.000000,42.000000,122.546657,0.000000,268.746518
506,6640.441128,0.000000,42.000000,122.045265,0.000000,260.724234
507,6640.441128,0.000000,42.000000,121.543872,0.000000,252.701950
508,6640.441128,0.000000,42.000000,121.042479,0.000000,244.679666
509,6640.441128,0.000000,42.000000,120.541086,0.000000,236.657382
510,6640.441128,0.000000,42.000000,120.039694,0.000000,228.635097
511,6640.441128,0.000000,42.000000,119.538301,0.000000,220.612813
512,6640.441128,0.000000,42.000000,119.036908,0.000000,212.590529
513,6640.441128,0.000000,42.000000,118.535515,0.000000,204.568245
514,6640.441128,0.000000,42.000000,118.034123,0.000000,196.545961
515,6640.441128,0.000000,42.000000,117.532730,0.000000,188.523677
516,6640.441128,0.000000,42.000000,117.031337,0.000000,180.501393
517,6640.441128,0.000000,42.000000,116.529944,0.000000,172.479109
518,6640.441128,0.000000,42.000000,116.028552,0.000000,164.456825
519,6640.441128,0.000000,42.000000,115.527159,0.000000,156.434540
520,6640.441128,0.000000,42.000000,115.025766,0.000000,148.412256
521,6640.441128,0.000000,42.000000,114.524373,0.000000,140.389972
522,6640.441128,0.000000,42.000000,114.022981,0.000000,132.367688
523,6640.441128,0.000000,42.000000,113.521588,0.000000,124.345404
524,6640.441128,0.000000,42.000000,113.020195,0.000000,116.323120
525,6640.441128,0.000000,42.000000,112.518802,0.000000,108.300836
526,6640.441128,0.000000,42.000000,112.017409,0.000000,100.278552
527,6640.441128,0.000000,42.000000,111.516017,0.000000,92.256267
528,6640.441128,0.000000,42.000000,111.014624,0.000000,84.233983
529,6640.441128,0.000000,42.000000,110.513231,0.000000,76.211699
530,6640.441128,0.000000,42.000000,110.011838,0.000000,68.189415
531,6640.441128,0.000000,42.000000,109.510446,0.000000,60.167131
532,6640.441128,0.000000,42.000000,109.009053,0.000000,52.144847
533,6640.441128,0.000000,42.000000,108.507660,0.000000,44.122563
534,6640.441128,0.000000,42.000000,108.006267,0.000000,36.100279
535,6640.441128,0.000000,42.000000,107.504875,0.000000,28.077994
536,6640.441128,0.000000,42.000000,107.003482,0.000000,20.055710
537,6640.441128,0.000000,42.000000,106.502089,0.000000,12.033426
538,6640.441128,0.000000,42.000000,106.000696,0.000000,4.011142
539,6640.441128,0.000000,42.000000,105.499304,0.000000,355.988858
540,6640.441128,0.000000,42.000000,104.997911,0.000000,347.966574
541,6640.441128,0.000000,42.000000,104.496518,0.000000,339.944290
542,6640.441128,0.000000,42.000000,103.995125,0.000000,331.922006
543,6640.441128,0.000000,42.000000,103.493733,0.000000,323.899721
544,6640.441128,0.000000,42.000000,102.992340,0.000000,315.877437
545,6640.441128,0.000000,42.000000,102.490947,0.000000,307.855153
546,6640.441128,0.000000,42.000000,101.989554,0.000000,299.832869
547,6640.441128,0.000000,42.000000,101.488162,0.000000,291.810585
548,6640.441128,0.000000,42.000000,100.986769,0.000000,283.788301
549,6640.441128,0.000000,42.000000,100.485376,0.000000,275.766017
550,6640.441128,0.000000,42.000000,99.983983,0.000000,267.743733
551,6640.441128,0.000000,42.000000,99.482591,0.000000,259.721448
552,6640.441128,0.000000,42.000000,98.981198,0.000000,251.699164
553,6640.441128,0.000000,42.000000,98.479805,0.000000,243.676880
554,6640.441128,0.000000,42.000000,97.978412,0.000000,235.654596
555,6640.441128,0.000000,42.000000,97.477019,0.000000,227.632312
556,6640.441128,0.000000,42.000000,96.975627,0.000000,219.610028
557,6640.441128,0.000000,42.000000,96.474234,0.000000,211.587744
558,6640.441128,0.000000,42.000000,95.972841,0.000000,203.565460
559,6640.441128,0.000000,42.000000,95.471448,0.000000,195.543175
560,6640.441128,0.000000,42.000000,94.970056,0.000000,187.520891
561,6640.441128,0.000000,42.000000,94.468663,0.000000,179.498607
562,6640.441128,0.000000,42.000000,93.967270,0.000000,171.476323
563,6640.441128,0.000000,42.000000,93.465877,0.000000,163.454039
564,6640.441128,0.000000,42.000000,92.964485,0.000000,155.431755
565,6640.441128,0.000000,42.000000,92.463092,0.000000,147.409471
566,6640.441128,0.000000,42.000000,91.961699,0.000000,139.387187
567,6640.441128,0.000000,42.000000,91.460306,0.000000,131.364903
568,6640.441128,0.000000,42.000000,90.958914,0.000000,123.342618
569,6640.441128,0.000000,42.000000,90.457521,0.000000,115.320334
570,6640.441128,0.000000,42.000000,89.956128,0.000000,107.298050
571,6640.441128,0.000000,42.000000,89.454735,0.000000,99.275766
572,6640.441128,0.000000,42.000000,88.953343,0.000000,91.253482
573,6640.441128,0.000000,42.000000,88.451950,0.000000,83.231198
574,6640.441128,0.000000,42.000000,87.950557,0.000000,75.208914
575,6640.441128,0.000000,42.000000,87.449164,0.000000,67.186630
576,6640.441128,0.000000,42.000000,86.947772,0.000000,59.164345
577,6640.441128,0.000000,42.000000,86.446379,0.000000,51.142061
578,6640.441128,0.000000,42.000000,85.944986,0.000000,43.119777
579,6640.441128,0.000000,42.000000,85.443593,0.000000,35.097493
580,6640.441128,0.000000,42.000000,84.942201,0.000000,27.075209
581,6640.441128,0.000000,42.000000,84.440808,0.000000,19.052925
582,6640.441128,0.000000,42.000000,83.939415,0.000000,11.030641
583,6640.441128,0.000000,42.000000,83.438022,0.000000,3.008357
584,6640.441128,0.000000,42.000000,82.936630,0.000000,354.986072
585,6640.441128,0.000000,42.000000,82.435237,0.000000,346.963788
586,6640.441128,0.000000,42.000000,81.933844,0.000000,338.941504
587,6640.441128,0.000000,42.000000,81.432451,0.000000,330.919220
588,6640.441128,0.000000,42.000000,80.931058,0.000000,322.896936
589,6640.441128,0.000000,42.000000,80.429666,0.000000,314.874652
590,6640.441128,0.000000,42.000000,79.928273,0.000000,306.852368
591,6640.441128,0.000000,42.000000,79.426880,0.000000,298.830084
592,6640.441128,0.000000,42.000000,78.925487,0.000000,290.807799
593,6640.441128,0.000000,42.000000,78.424095,0.000000,282.785515
594,6640.441128,0.000000,42.000000,77.922702,0.000000,274.763231
595,6640.441128,0.000000,42.000000,77.421309,0.000000,266.740947
596,6640.441128,0.000000,42.000000,76.919916,0.000000,258.718663
597,6640.441128,0.000000,42.000000,76.418524,0.000000,250.696379
598,6640.441128,0.000000,42.000000,75.917131,0.000000,242.674095
599,6640.441128,0.000000,42.000000,75.415738,0.000000,234.651811
600,6640.441128,0.000000,42.000000,74.914345,0.000000,226.629526
601,6640.441128,0.000000,42.000000,74.412953,0.000000,218.607242
602,6640.441128,0.000000,42.000000,73.911560,0.000000,210.584958
603,6640.441128,0.000000,42.000000,73.410167,0.000000,202.562674
604,6640.441128,0.000000,42.000000,72.908774,0.000000,194.540390
605,6640.441128,0.000000,42.000000,72.407382,0.000000,186.518106
606,6640.441128,0.000000,42.000000,71.905989,0.000000,178.495822
607,6640.441128,0.000000,42.000000,71.404596,0.000000,170.473538
608,6640.441128,0.000000,42.000000,70.903203,0.000000,162.451253
609,6640.441128,0.000000,42.000000,70.401811,0.000000,154.428969
610,6640.441128,0.000000,42.000000,69.900418,0.000000,146.406685
611,6640.441128,0.000000,42.000000,69.399025,0.000000,138.384401
612,6640.441128,0.000000,42.000000,68.897632,0.000000,130.362117
613,6640.441128,0.000000,42.000000,68.396240,0.000000,122.339833
614,6640.441128,0.000000,42.000000,67.894847,0.000000,114.317549
615,6640.441128,0.000000,42.000000,67.393454,0.000000,106.295265
616,6640.441128,0.000000,42.000000,66.892061,0.000000,98.272981
617,6640.441128,0.000000,42.000000,66.390669,0.000000,90.250696
618,6640.441128,0.000000,42.000000,65.889276,0.000000,82.228412
619,6640.441128,0.000000,42.000000,65.387883,0.000000,74.206128
620,6640.441128,0.000000,42.000000,64.886490,0.000000,66.183844
621,6640.441128,0.000000,42.000000,64.385097,0.000000,58.161560
622,6640.441128,0.000000,42.000000,63.883705,0.000000,50.139276
623,6640.441128,0.000000,42.000000,63.382312,0.000000,42.116992
624,6640.441128,0.000000,42.000000,62.880919,0.000000,34.094708
625,6640.441128,0.000000,42.000000,62.379526,0.000000,26.072423
626,6640.441128,0.000000,42.000000,61.878134,0.000000,18.050139
627,6640.441128,0.000000,42.000000,61.376741,0.000000,10.027855
628,6640.441128,0.000000,42.000000,60.875348,0.000000,2.005571
629,6640.441128,0.000000,42.000000,60.373955,0.000000,353.983287
630,6640.441128,0.000000,42.000000,59.872563,0.000000,345.961003
631,6640.441128,0.000000,42.000000,59.371170,0.000000,337.938719
632,6640.441128,0.000000,42.000000,58.869777,0.000000,329.916435
633,6640.441128,0.000000,42.000000,58.368384,0.000000,321.894150
634,6640.441128,0.000000,42.000000,57.866992,0.000000,313.871866
635,6640.441128,0.000000,42.000000,57.365599,0.000000,305.849582
636,6640.441128,0.000000,42.000000,56.864206,0.000000,297.827298
637,6640.441128,0.000000,42.000000,56.362813,0.000000,289.805014
638,6640.441128,0.000000,42.000000,55.861421,0.000000,281.782730
639,6640.441128,0.000000,42.000000,55.360028,0.000000,273.760446
640,6640.441128,0.000000,42.000000,54.858635,0.000000,265.738162
641,6640.441128,0.000000,42.000000,54.357242,0.000000,257.715877
642,6640.441128,0.000000,42.000000,53.855850,0.000000,249.693593
643,6640.441128,0.000000,42.000000,53.354457,0.000000,241.671309
644,6640.441128,0.000000,42.000000,52.853064,0.000000,233.649025
645,6640.441128,0.000000,42.000000,52.351671,0.000000,225.626741
646,6640.441128,0.000000,42.000000,51.850279,0.000000,217.604457
647,6640.441128,0.000000,42.000000,51.348886,0.000000,209.582173
648,6640.441128,0.000000,42.000000,50.847493,0.000000,201.559889
649,6640.441128,0.000000,42.000000,50.346100,0.000000,193.537604
650,6640.441128,0.000000,42.000000,49.844708,0.000000,185.515320
651,6640.441128,0.000000,42.000000,49.343315,0.000000,177.493036
652,6640.441128,0.000000,42.000000,48.841922,0.000000,169.470752
653,6640.441128,0.000000,42.000000,48.340529,0.000000,161.448468
654,6640.441128,0.000000,42.000000,47.839136,0.000000,153.426184
655,6640.441128,0.000000,42.000000,47.337744,0.000000,145.403900
656,6640.441128,0.000000,42.000000,46.836351,0.000000,137.381616
657,6640.441128,0.000000,42.000000,46.334958,0.000000,129.359331
658,6640.441128,0.000000,42.000000,45.833565,0.000000,121.337047
659,6640.441128,0.000000,42.000000,45.332173,0.000000,113.314763
660,6640.441128,0.000000,42.000000,44.830780,0.000000,105.292479
661,6640.441128,0.000000,42.000000,44.329387,0.000000,97.270195
662,6640.441128,0.000000,42.000000,43.827994,0.000000,89.247911
663,6640.441128,0.000000,42.000000,43.326602,0.000000,81.225627
664,6640.441128,0.000000,42.000000,42.825209,0.000000,73.203343
665,6640.441128,0.000000,42.000000,42.323816,0.000000,65.181058
666,6640.441128,0.000000,42.000000,41.822423,0.000000,57.158774
667,6640.441128,0.000000,42.000000,41.321031,0.000000,49.136490
668,6640.441128,0.000000,42.000000,40.819638,0.000000,41.114206
669,6640.441128,0.000000,42.000000,40.318245,0.000000,33.091922
670,6640.441128,0.000000,42.000000,39.816852,0.000000,25.069638
671,6640.441128,0.000000,42.000000,39.315460,0.000000,17.047354
672,6640.441128,0.000000,42.000000,38.814067,0.000000,9.025070
673,6640.441128,0.000000,42.000000,38.312674,0.000000,1.002786
674,6640.441128,0.000000,42.000000,37.811281,0.000000,352.980501
675,6640.441128,0.000000,42.000000,37.309889,0.000000,344.958217
676,6640.441128,0.000000,42.000000,36.808496,0.000000,336.935933
677,6640.441128,0.000000,42.000000,36.307103,0.000000,328.913649
678,6640.441128,0.000000,42.000000,35.805710,0.000000,320.891365
679,6640.441128,0.000000,42.000000,35.304318,0.000000,312.869081
680,6640.441128,0.000000,42.000000,34.802925,0.000000,304.846797
681,6640.441128,0.000000,42.000000,34.301532,0.000000,296.824513
682,6640.441128,0.000000,42.000000,33.800139,0.000000,288.802228
683,6640.441128,0.000000,42.000000,33.298747,0.000000,280.779944
684,6640.441128,0.000000,42.000000,32.797354,0.000000,272.757660
685,6640.441128,0.000000,42.000000,32.295961,0.000000,264.735376
686,6640.441128,0.000000,42.000000,31.794568,0.000000,256.713092
687,6640.441128,0.000000,42.000000,31.293175,0.000000,248.690808
688,6640.441128,0.000000,42.000000,30.791783,0.000000,240.668524
689,6640.441128,0.000000,42.000000,30.290390,0.000000,232.646240
690,6640.441128,0.000000,42.000000,29.788997,0.000000,224.623955
691,6640.441128,0.000000,42.000000,29.287604,0.000000,216.601671
692,6640.441128,0.000000,42.000000,28.786212,0.000000,208.579387
693,6640.441128,0.000000,42.000000,28.284819,0.000000,200.557103
694,6640.441128,0.000000,42.000000,27.783426,0.000000,192.534819
695,6640.441128,0.000000,42.000000,27.282033,0.000000,184.512535
696,6640.441128,0.000000,42.000000,26.780641,0.000000,176.490251
697,6640.441128,0.000000,42.000000,26.279248,0.000000,168.467967
698,6640.441128,0.000000,42.000000,25.777855,0.000000,160.445682
699,6640.441128,0.000000,42.000000,25.276462,0.000000,152.423398
700,6640.441128,0.000000,42.000000,24.775070,0.000000,144.401114
701,6640.441128,0.000000,42.000000,24.273677,0.000000,136.378830
702,6640.441128,0.000000,42.000000,23.772284,0.000000,128.356546
703,6640.441128,0.000000,42.000000,23.270891,0.000000,120.334262
704,6640.441128,0.000000,42.000000,22.769499,0.000000,112.311978
705,6640.441128,0.000000,42.000000,22.268106,0.000000,104.289694
706,6640.441128,0.000000,42.000000,21.766713,0.000000,96.267409
707,6640.441128,0.000000,42.000000,21.265320,0.000000,88.245125
708,6640.441128,0.000000,42.000000,20.763928,0.000000,80.222841
709,6640.441128,0.000000,42.000000,20.262535,0.000000,72.200557
710,6640.441128,0.000000,42.000000,19.761142,0.000000,64.178273
711,6640.441128,0.000000,42.000000,19.259749,0.000000,56.155989
712,6640.441128,0.000000,42.000000,18.758357,0.000000,48.133705
713,6640.441128,0.000000,42.000000,18.256964,0.000000,40.111421
714,6640.441128,0.000000,42.000000,17.755571,0.000000,32.089136
715,6640.441128,0.000000,42.000000,17.254178,0.000000,24.066852
716,6640.441128,0.000000,42.000000,16.752786,0.000000,16.044568
717,6640.441128,0.000000,42.000000,16.251393,0.000000,8.022284
2154,6640.441128,0.000000,41.000000,18.000000,0.000000,0.000000
2155,6640.441128,0.000000,41.000000,17.498607,0.000000,351.977716
2156,6640.441128,0.000000,41.000000,16.997214,0.000000,343.955432
2157,6640.441128,0.000000,41.000000,16.495822,0.000000,335.933148
2158,6640.441128,0.000000,41.000000,15.994429,0.000000,327.910864
2159,6640.441128,0.000000,41.000000,15.493036,0.000000,319.888579
2160,6640.441128,0.000000,41.000000,14.991643,0.000000,311.866295
2161,6640.441128,0.000000,41.000000,14.490251,0.000000,303.844011
2162,6640.441128,0.000000,41.000000,13.988858,0.000000,295.821727
2163,6640.441128,0.000000,41.000000,13.487465,0.000000,287.799443
2164,6640.441128,0.000000,41.000000,12.986072,0.000000,279.777159
2165,6640.441128,0.000000,41.000000,12.484680,0.000000,271.754875
2166,6640.441128,0.000000,41.000000,11.983287,0.000000,263.732591
2167,6640.441128,0.000000,41.000000,11.481894,0.000000,255.710306
2168,6640.441128,0.000000,41.000000,10.980501,0.000000,247.688022
2169,6640.441128,0.000000,41.000000,10.479109,0.000000,239.665738
2170,6640.441128,0.000000,41.000000,9.977716,0.000000,231.643454
2171,6640.441128,0.000000,41.000000,9.476323,0.000000,223.621170
2172,6640.441128,0.000000,41.000000,8.974930,0.000000,215.598886
2173,6640.441128,0.000000,41.000000,8.473538,0.000000,207.576602
2174,6640.441128,0.000000,41.000000,7.972145,0.000000,199.554318
2175,6640.441128,0.000000,41.000000,7.470752,0.000000,191.532033
2176,6640.441128,0.000000,41.000000,6.969359,0.000000,183.509749
2177,6640.441128,0.000000,41.000000,6.467967,0.000000,175.487465
2178,6640.441128,0.000000,41.000000,5.966574,0.000000,167.465181
2179,6640.441128,0.000000,41.000000,5.465181,0.000000,159.442897
2180,6640.441128,0.000000,41.000000,4.963788,0.000000,151.420613
2181,6640.441128,0.000000,41.000000,4.462396,0.000000,143.398329
2182,6640.441128,0.000000,41.000000,3.961003,0.000000,135.376045
2183,6640.441128,0.000000,41.000000,3.459610,0.000000,127.353760
2184,6640.441128,0.000000,41.000000,2.958217,0.000000,119.331476
2185,6640.441128,0.000000,41.000000,2.456825,0.000000,111.309192
2186,6640.441128,0.000000,41.000000,1.955432,0.000000,103.286908
2187,6640.441128,0.000000,41.000000,1.454039,0.000000,95.264624
2188,6640.441128,0.000000,41.000000,0.952646,0.000000,87.242340
2189,6640.441128,0.000000,41.000000,0.451253,0.000000,79.220056
2190,6640.441128,0.000000,41.000000,359.949861,0.000000,71.197772
2191,6640.441128,0.000000,41.000000,359.448468,0.000000,63.175487
2192,6640.441128,0.000000,41.000000,358.947075,0.000000,55.153203
2193,6640.441128,0.000000,41.000000,358.445682,0.000000,47.130919
2194,6640.441128,0.000000,41.000000,357.944290,0.000000,39.108635
2195,6640.441128,0.000000,41.000000,357.442897,0.000000,31.086351
2196,6640.441128,0.000000,41.000000,356.941504,0.000000,23.064067
2197,6640.441128,0.000000,41.000000,356.440111,0.000000,15.041783
2198,6640.441128,0.000000,41.000000,355.938719,0.000000,7.019499
2199,6640.441128,0.000000,41.000000,355.437326,0.000000,358.997214
2200,6640.441128,0.000000,41.000000,354.935933,0.000000,350.974930
2201,6640.441128,0.000000,41.000000,354.434540,0.000000,342.952646
2202,6640.441128,0.000000,41.000000,353.933148,0.000000,334.930362
2203,6640.441128,0.000000,41.000000,353.431755,0.000000,326.908078
2204,6640.441128,0.000000,41.000000,352.930362,0.000000,318.885794
2205,6640.441128,0.000000,41.000000,352.428969,0.000000,310.863510
2206,6640.441128,0.000000,41.000000,351.927577,0.000000,302.841226
2207,6640.441128,0.000000,41.000000,351.426184,0.000000,294.818942
2208,6640.441128,0.000000,41.000000,350.924791,0.000000,286.796657
2209,6640.441128,0.000000,41.000000,350.423398,0.000000,278.774373
2210,6640.441128,0.000000,41.000000,349.922006,0.000000,270.752089
2211,6640.441128,0.000000,41.000000,349.420613,0.000000,262.729805
2212,6640.441128,0.000000,41.000000,348.919220,0.000000,254.707521
2213,6640.441128,0.000000,41.000000,348.417827,0.000000,246.685237
2214,6640.441128,0.000000,41.000000,347.916435,0.000000,238.662953
2215,6640.441128,0.000000,41.000000,347.415042,0.000000,230.640669
2216,6640.441128,0.000000,41.000000,346.913649,0.000000,222.618384
2217,6640.441128,0.000000,41.000000,346.412256,0.000000,214.596100
2218,6640.441128,0.000000,41.000000,345.910864,0.000000,206.573816
2219,6640.441128,0.000000,41.000000,345.409471,0.000000,198.551532
2220,6640.441128,0.000000,41.000000,344.908078,0.000000,190.529248
2221,6640.441128,0.000000,41.000000,344.406685,0.000000,182.506964
2222,6640.441128,0.000000,41.000000,343.905292,0.000000,174.484680
2223,6640.441128,0.000000,41.000000,343.403900,0.000000,166.462396
2224,6640.441128,0.000000,41.000000,342.902507,0.000000,158.440111
2225,6640.441128,0.000000,41.000000,342.401114,0.000000,150.417827
2226,6640.441128,0.000000,41.000000,341.899721,0.000000,142.395543
2227,6640.441128,0.000000,41.000000,341.398329,0.000000,134.373259
2228,6640.441128,0.000000,41.000000,340.896936,0.000000,126.350975
2229,6640.441128,0.000000,41.000000,340.395543,0.000000,118.328691
2230,6640.441128,0.000000,41.000000,339.894150,0.000000,110.306407
2231,6640.441128,0.000000,41.000000,339.392758,0.000000,102.284123
2232,6640.441128,0.000000,41.000000,338.891365,0.000000,94.261838
2233,6640.441128,0.000000,41.000000,338.389972,0.000000,86.239554
2234,6640.441128,0.000000,41.000000,337.888579,0.000000,78.217270
2235,6640.441128,0.000000,41.000000,337.387187,0.000000,70.194986
2236,6640.441128,0.000000,41.000000,336.885794,0.000000,62.172702
2237,6640.441128,0.000000,41.000000,336.384401,0.000000,54.150418
2238,6640.441128,0.000000,41.000000,335.883008,0.000000,46.128134
2239,6640.441128,0.000000,41.000000,335.381616,0.000000,38.105850
2240,6640.441128,0.000000,41.000000,334.880223,0.000000,30.083565
2241,6640.441128,0.000000,41.000000,334.378830,0.000000,22.061281
2242,6640.441128,0.000000,41.000000,333.877437,0.000000,14.038997
2243,6640.441128,0.000000,41.000000,333.376045,0.000000,6.016713
2244,6640.441128,0.000000,41.000000,332.874652,0.000000,357.994429
2245,6640.441128,0.000000,41.000000,332.373259,0.000000,349.972145
2246,6640.441128,0.000000,41.000000,331.871866,0.000000,341.949861
2247,6640.441128,0.000000,41.000000,331.370474,0.000000,333.927577
2248,6640.441128,0.000000,41.000000,330.869081,0.000000,325.905292
2249,6640.441128,0.000000,41.000000,330.367688,0.000000,317.883008
2250,6640.441128,0.000000,41.000000,329.866295,0.000000,309.860724
2251,6640.441128,0.000000,41.000000,329.364903,0.000000,301.838440
2252,6640.441128,0.000000,41.000000,328.863510,0.000000,293.816156
2253,6640.441128,0.000000,41.000000,328.362117,0.000000,285.793872
2254,6640.441128,0.000000,41.000000,327.860724,0.000000,277.771588
2255,6640.441128,0.000000,41.000000,327.359331,0.000000,269.749304
2256,6640.441128,0.000000,41.000000,326.857939,0.000000,261.727019
2257,6640.441128,0.000000,41.000000,326.356546,0.000000,253.704735
2258,6640.441128,0.000000,41.000000,325.855153,0.000000,245.682451
2259,6640.441128,0.000000,41.000000,325.353760,0.000000,237.660167
2260,6640.441128,0.000000,41.000000,324.852368,0.000000,229.637883
2261,6640.441128,0.000000,41.000000,324.350975,0.000000,221.615599
2262,6640.441128,0.000000,41.000000,323.849582,0.000000,213.593315
2263,6640.441128,0.000000,41.000000,323.348189,0.000000,205.571031
2264,6640.441128,0.000000,41.000000,322.846797,0.000000,197.548747
2265,6640.441128,0.000000,41.000000,322.345404,0.000000,189.526462
2266,6640.441128,0.000000,41.000000,321.844011,0.000000,181.504178
2267,6640.441128,0.000000,41.000000,321.342618,0.000000,173.481894
2268,6640.441128,0.000000,41.000000,320.841226,0.000000,165.459610
2269,6640.441128,0.000000,41.000000,320.339833,0.000000,157.437326
2270,6640.441128,0.000000,41.000000,319.838440,0.000000,149.415042
2271,6640.441128,0.000000,41.000000,319.337047,0.000000,141.392758
2272,6640.441128,0.000000,41.000000,318.835655,0.000000,133.370474
2273,6640.441128,0.000000,41.000000,318.334262,0.000000,125.348189
2274,6640.441128,0.000000,41.000000,317.832869,0.000000,117.325905
2275,6640.441128,0.000000,41.000000,317.331476,0.000000,109.303621
2276,6640.441128,0.000000,41.000000,316.830084,0.000000,101.281337
2277,6640.441128,0.000000,41.000000,316.328691,0.000000,93.259053
2278,6640.441128,0.000000,41.000000,315.827298,0.000000,85.236769
2279,6640.441128,0.000000,41.000000,315.325905,0.000000,77.214485
2280,6640.441128,0.000000,41.000000,314.824513,0.000000,69.192201
2281,6640.441128,0.000000,41.000000,314.323120,0.000000,61.169916
2282,6640.441128,0.000000,41.000000,313.821727,0.000000,53.147632
2283,6640.441128,0.000000,41.000000,313.320334,0.000000,45.125348
2284,6640.441128,0.000000,41.000000,312.818942,0.000000,37.103064
2285,6640.441128,0.000000,41.000000,312.317549,0.000000,29.080780
2286,6640.441128,0.000000,41.000000,311.816156,0.000000,21.058496
2287,6640.441128,0.000000,41.000000,311.314763,0.000000,13.036212
2288,6640.441128,0.000000,41.000000,310.813370,0.000000,5.013928
2289,6640.441128,0.000000,41.000000,310.311978,0.000000,356.991643
2290,6640.441128,0.000000,41.000000,309.810585,0.000000,348.969359
2291,6640.441128,0.000000,41.000000,309.309192,0.000000,340.947075
2292,6640.441128,0.000000,41.000000,308.807799,0.000000,332.924791
2293,6640.441128,0.000000,41.000000,308.306407,0.000000,324.902507
2294,6640.441128,0.000000,41.000000,307.805014,0.000000,316.880223
2295,6640.441128,0.000000,41.000000,307.303621,0.000000,308.857939
2296,6640.441128,0.000000,41.000000,306.802228,0.000000,300.835655
2297,6640.441128,0.000000,41.000000,306.300836,0.000000,292.813370
2298,6640.441128,0.000000,41.000000,305.799443,0.000000,284.791086
2299,6640.441128,0.000000,41.000000,305.298050,0.000000,276.768802
2300,6640.441128,0.000000,41.000000,304.796657,0.000000,268.746518
2301,6640.441128,0.000000,41.000000,304.295265,0.000000,260.724234
2302,6640.441128,0.000000,41.000000,303.793872,0.000000,252.701950
2303,6640.441128,0.000000,41.000000,303.292479,0.000000,244.679666
2304,6640.441128,0.000000,41.000000,302.791086,0.000000,236.657382
2305,6640.441128,0.000000,41.000000,302.289694,0.000000,228.635097
2306,6640.441128,0.000000,41.000000,301.788301,0.000000,220.612813
2307,6640.441128,0.000000,41.000000,301.286908,0.000000,212.590529
2308,6640.441128,0.000000,41.000000,300.785515,0.000000,204.568245
2309,6640.441128,0.000000,41.000000,300.284123,0.000000,196.545961
2310,6640.441128,0.000000,41.000000,299.782730,0.000000,188.523677
2311,6640.441128,0.000000,41.000000,299.281337,0.000000,180.501393
2312,6640.441128,0.000000,41.000000,298.779944,0.000000,172.479109
2313,6640.441128,0.000000,41.000000,298.278552,0.000000,164.456825
2314,6640.441128,0.000000,41.000000,297.777159,0.000000,156.434540
2315,6640.441128,0.000000,41.000000,297.275766,0.000000,148.412256
2316,6640.441128,0.000000,41.000000,296.774373,0.000000,140.389972
2317,6640.441128,0.000000,41.000000,296.272981,0.000000,132.367688
2318,6640.441128,0.000000,41.000000,295.771588,0.000000,124.345404
2319,6640.441128,0.000000,41.000000,295.270195,0.000000,116.323120
2320,6640.441128,0.000000,41.000000,294.768802,0.000000,108.300836
2321,6640.441128,0.000000,41.000000,294.267409,0.000000,100.278552
2322,6640.441128,0.000000,41.000000,293.766017,0.000000,92.256267
2323,6640.441128,0.000000,41.000000,293.264624,0.000000,84.233983
2324,6640.441128,0.000000,41.000000,292.763231,0.000000,76.211699
2325,6640.441128,0.000000,41.000000,292.261838,0.000000,68.189415
2326,6640.441128,0.000000,41.000000,291.760446,0.000000,60.167131
2327,6640.441128,0.000000,41.000000,291.259053,0.000000,52.144847
2328,6640.441128,0.000000,41.000000,290.757660,0.000000,44.122563
2329,6640.441128,0.000000,41.000000,290.256267,0.000000,36.100279
2330,6640.441128,0.000000,41.000000,289.754875,0.000000,28.077994
2332,6640.441128,0.000000,41.000000,288.752089,0.000000,12.033426
2333,6640.441128,0.000000,41.000000,288.250696,0.000000,4.011142
2334,6640.441128,0.000000,41.000000,287.749304,0.000000,355.988858
2335,6640.441128,0.000000,41.000000,287.247911,0.000000,347.966574
2336,6640.441128,0.000000,41.000000,286.746518,0.000000,339.944290
2337,6640.441128,0.000000,41.000000,286.245125,0.000000,331.922006
2338,6640.441128,0.000000,41.000000,285.743733,0.000000,323.899721
2339,6640.441128,0.000000,41.000000,285.242340,0.000000,315.877437
2340,6640.441128,0.000000,41.000000,284.740947,0.000000,307.855153
2341,6640.441128,0.000000,41.000000,284.239554,0.000000,299.832869
2342,6640.441128,0.000000,41.000000,283.738162,0.000000,291.810585
2343,6640.441128,0.000000,41.000000,283.236769,0.000000,283.788301
2344,6640.441128,0.000000,41.000000,282.735376,0.000000,275.766017
2345,6640.441128,0.000000,41.000000,282.233983,0.000000,267.743733
2346,6640.441128,0.000000,41.000000,281.732591,0.000000,259.721448
2347,6640.441128,0.000000,41.000000,281.231198,0.000000,251.699164
2348,6640.441128,0.000000,41.000000,280.729805,0.000000,243.676880
2349,6640.441128,0.000000,41.000000,280.228412,0.000000,235.654596
2350,6640.441128,0.000000,41.000000,279.727019,0.000000,227.632312
2351,6640.441128,0.000000,41.000000,279.225627,0.000000,219.610028
2352,6640.441128,0.000000,41.000000,278.724234,0.000000,211.587744
2353,6640.441128,0.000000,41.000000,278.222841,0.000000,203.565460
2354,6640.441128,0.000000,41.000000,277.721448,0.000000,195.543175
2355,6640.441128,0.000000,41.000000,277.220056,0.000000,187.520891
2356,6640.441128,0.000000,41.000000,276.718663,0.000000,179.498607
2357,6640.441128,0.000000,41.000000,276.217270,0.000000,171.476323
2358,6640.441128,0.000000,41.000000,275.715877,0.000000,163.454039
2359,6640.441128,0.000000,41.000000,275.214485,0.000000,155.431755
2360,6640.441128,0.000000,41.000000,274.713092,0.000000,147.409471
2361,6640.441128,0.000000,41.000000,274.211699,0.000000,139.387187
2362,6640.441128,0.000000,41.000000,273.710306,0.000000,131.364903
2363,6640.441128,0.000000,41.000000,273.208914,0.000000,123.342618
2364,6640.441128,0.000000,41.000000,272.707521,0.000000,115.320334
2365,6640.441128,0.000000,41.000000,272.206128,0.000000,107.298050
2366,6640.441128,0.000000,41.000000,271.704735,0.000000,99.275766
2367,6640.441128,0.000000,41.000000,271.203343,0.000000,91.253482
2368,6640.441128,0.000000,41.000000,270.701950,0.000000,83.231198
2369,6640.441128,0.000000,41.000000,270.200557,0.000000,75.208914
2370,6640.441128,0.000000,41.000000,269.699164,0.000000,67.186630
2371,6640.441128,0.000000,41.000000,269.197772,0.000000,59.164345
2372,6640.441128,0.000000,41.000000,268.696379,0.000000,51.142061
2373,6640.441128,0.000000,41.000000,268.194986,0.000000,43.119777
2374,6640.441128,0.000000,41.000000,267.693593,0.000000,35.097493
2375,6640.441128,0.000000,41.000000,267.192201,0.000000,27.075209
2376,6640.441128,0.000000,41.000000,266.690808,0.000000,19.052925
2377,6640.441128,0.000000,41.000000,266.189415,0.000000,11.030641
2378,6640.441128,0.000000,41.000000,265.688022,0.000000,3.008357
2379,6640.441128,0.000000,41.000000,265.186630,0.000000,354.986072
2380,6640.441128,0.000000,41.000000,264.685237,0.000000,346.963788
2381,6640.441128,0.000000,41.000000,264.183844,0.000000,338.941504
2382,6640.441128,0.000000,41.000000,263.682451,0.000000,330.919220
2383,6640.441128,0.000000,41.000000,263.181058,0.000000,322.896936
2384,6640.441128,0.000000,41.000000,262.679666,0.000000,314.874652
2385,6640.441128,0.000000,41.000000,262.178273,0.000000,306.852368
2386,6640.441128,0.000000,41.000000,261.676880,0.000000,298.830084
2388,6640.441128,0.000000,41.000000,260.674095,0.000000,282.785515
2389,6640.441128,0.000000,41.000000,260.172702,0.000000,274.763231
2390,6640.441128,0.000000,41.000000,259.671309,0.000000,266.740947
2391,6640.441128,0.000000,41.000000,259.169916,0.000000,258.718663
2392,6640.441128,0.000000,41.000000,258.668524,0.000000,250.696379
2393,6640.441128,0.000000,41.000000,258.167131,0.000000,242.674095
2394,6640.441128,0.000000,41.000000,257.665738,0.000000,234.651811
2395,6640.441128,0.000000,41.000000,257.164345,0.000000,226.629526
2396,6640.441128,0.000000,41.000000,256.662953,0.000000,218.607242
2397,6640.441128,0.000000,41.000000,256.161560,0.000000,210.584958
2398,6640.441128,0.000000,41.000000,255.660167,0.000000,202.562674
2399,6640.441128,0.000000,41.000000,255.158774,0.000000,194.540390
2400,6640.441128,0.000000,41.000000,254.657382,0.000000,186.518106
2401,6640.441128,0.000000,41.000000,254.155989,0.000000,178.495822
2402,6640.441128,0.000000,41.000000,253.654596,0.000000,170.473538
2403,6640.441128,0.000000,41.000000,253.153203,0.000000,162.451253
2404,6640.441128,0.000000,41.000000,252.651811,0.000000,154.428969
2405,6640.441128,0.000000,41.000000,252.150418,0.000000,146.406685
2406,6640.441128,0.000000,41.000000,251.649025,0.000000,138.384401
2407,6640.441128,0.000000,41.000000,251.147632,0.000000,130.362117
2408,6640.441128,0.000000,41.000000,250.646240,0.000000,122.339833
2409,6640.441128,0.000000,41.000000,250.144847,0.000000,114.317549
2410,6640.441128,0.000000,41.000000,249.643454,0.000000,106.295265
2411,6640.441128,0.000000,41.000000,249.142061,0.000000,98.272981
2412,6640.441128,0.000000,41.000000,248.640669,0.000000,90.250696
2413,6640.441128,0.000000,41.000000,248.139276,0.000000,82.228412
2414,6640.441128,0.000000,41.000000,247.637883,0.000000,74.206128
2415,6640.441128,0.000000,41.000000,247.136490,0.000000,66.183844
2416,6640.441128,0.000000,41.000000,246.635097,0.000000,58.161560
2417,6640.441128,0.000000,41.000000,246.133705,0.000000,50.139276
2418,6640.441128,0.000000,41.000000,245.632312,0.000000,42.116992
2419,6640.441128,0.000000,41.000000,245.130919,0.000000,34.094708
2420,6640.441128,0.000000,41.000000,244.629526,0.000000,26.072423
2421,6640.441128,0.000000,41.000000,244.128134,0.000000,18.050139
2422,6640.441128,0.000000,41.000000,243.626741,0.000000,10.027855
2423,6640.441128,0.000000,41.000000,243.125348,0.000000,2.005571
2424,6640.441128,0.000000,41.000000,242.623955,0.000000,353.983287
2425,6640.441128,0.000000,41.000000,242.122563,0.000000,345.961003
2426,6640.441128,0.000000,41.000000,241.621170,0.000000,337.938719
2427,6640.441128,0.000000,41.000000,241.119777,0.000000,329.916435
2428,6640.441128,0.000000,41.000000,240.618384,0.000000,321.894150
2429,6640.441128,0.000000,41.000000,240.116992,0.000000,313.871866
2430,6640.441128,0.000000,41.000000,239.615599,0.000000,305.849582
2431,6640.441128,0.000000,41.000000,239.114206,0.000000,297.827298
2432,6640.441128,0.000000,41.000000,238.612813,0.000000,289.805014
2433,6640.441128,0.000000,41.000000,238.111421,0.000000,281.782730
2434,6640.441128,0.000000,41.000000,237.610028,0.000000,273.760446
2435,6640.441128,0.000000,41.000000,237.108635,0.000000,265.738162
2436,6640.441128,0.000000,41.000000,236.607242,0.000000,257.715877
2437,6640.441128,0.000000,41.000000,236.105850,0.000000,249.693593
2438,6640.441128,0.000000,41.000000,235.604457,0.000000,241.671309
2439,6640.441128,0.000000,41.000000,235.103064,0.000000,233.649025
2440,6640.441128,0.000000,41.000000,234.601671,0.000000,225.626741
2441,6640.441128,0.000000,41.000000,234.100279,0.000000,217.604457
2442,6640.441128,0.000000,41.000000,233.598886,0.000000,209.582173
2443,6640.441128,0.000000,41.000000,233.097493,0.000000,201.559889
2444,6640.441128,0.000000,41.000000,232.596100,0.000000,193.537604
2445,6640.441128,0.000000,41.000000,232.094708,0.000000,185.515320
2446,6640.441128,0.000000,41.000000,231.593315,0.000000,177.493036
2447,6640.441128,0.000000,41.000000,231.091922,0.000000,169.470752
2448,6640.441128,0.000000,41.000000,230.590529,0.000000,161.448468
2449,6640.441128,0.000000,41.000000,230.089136,0.000000,153.426184
2450,6640.441128,0.000000,41.000000,229.587744,0.000000,145.403900
2451,6640.441128,0.000000,41.000000,229.086351,0.000000,137.381616
2452,6640.441128,0.000000,41.000000,228.584958,0.000000,129.359331
2453,6640.441128,0.000000,41.000000,228.083565,0.000000,121.337047
2454,6640.441128,0.000000,41.000000,227.582173,0.000000,113.314763
2455,6640.441128,0.000000,41.000000,227.080780,0.000000,105.292479
2456,6640.441128,0.000000,41.000000,226.579387,0.000000,97.270195
2457,6640.441128,0.000000,41.000000,226.077994,0.000000,89.247911
2458,6640.441128,0.000000,41.000000,225.576602,0.000000,81.225627
2459,6640.441128,0.000000,41.000000,225.075209,0.000000,73.203343
2460,6640.441128,0.000000,41.000000,224.573816,0.000000,65.181058
2461,6640.441128,0.000000,41.000000,224.072423,0.000000,57.158774
2462,6640.441128,0.000000,41.000000,223.571031,0.000000,49.136490
2463,6640.441128,0.000000,41.000000,223.069638,0.000000,41.114206
2464,6640.441128,0.000000,41.000000,222.568245,0.000000,33.091922
2465,6640.441128,0.000000,41.000000,222.066852,0.000000,25.069638
2466,6640.441128,0.000000,41.000000,221.565460,0.000000,17.047354
2467,6640.441128,0.000000,41.000000,221.064067,0.000000,9.025070
2468,6640.441128,0.000000,41.000000,220.562674,0.000000,1.002786
2469,6640.441128,0.000000,41.000000,220.061281,0.000000,352.980501
2470,6640.441128,0.000000,41.000000,219.559889,0.000000,344.958217
2471,6640.441128,0.000000,41.000000,219.058496,0.000000,336.935933
2472,6640.441128,0.000000,41.000000,218.557103,0.000000,328.913649
2473,6640.441128,0.000000,41.000000,218.055710,0.000000,320.891365
2474,6640.441128,0.000000,41.000000,217.554318,0.000000,312.869081
2475,6640.441128,0.000000,41.000000,217.052925,0.000000,304.846797
2476,6640.441128,0.000000,41.000000,216.551532,0.000000,296.824513
2477,6640.441128,0.000000,41.000000,216.050139,0.000000,288.802228
2478,6640.441128,0.000000,41.000000,215.548747,0.000000,280.779944
2479,6640.441128,0.000000,41.000000,215.047354,0.000000,272.757660
2480,6640.441128,0.000000,41.000000,214.545961,0.000000,264.735376
2481,6640.441128,0.000000,41.000000,214.044568,0.000000,256.713092
2482,6640.441128,0.000000,41.000000,213.543175,0.000000,248.690808
2483,6640.441128,0.000000,41.000000,213.041783,0.000000,240.668524
2484,6640.441128,0.000000,41.000000,212.540390,0.000000,232.646240
2485,6640.441128,0.000000,41.000000,212.038997,0.000000,224.623955
2486,6640.441128,0.000000,41.000000,211.537604,0.000000,216.601671
2487,6640.441128,0.000000,41.000000,211.036212,0.000000,208.579387
2488,6640.441128,0.000000,41.000000,210.534819,0.000000,200.557103
2489,6640.441128,0.000000,41.000000,210.033426,0.000000,192.534819
2490,6640.441128,0.000000,41.000000,209.532033,0.000000,184.512535
2491,6640.441128,0.000000,41.000000,209.030641,0.000000,176.490251
2492,6640.441128,0.000000,41.000000,208.529248,0.000000,168.467967
2493,6640.441128,0.000000,41.000000,208.027855,0.000000,160.445682
2494,6640.441128,0.000000,41.000000,207.526462,0.000000,152.423398
2495,6640.441128,0.000000,41.000000,207.025070,0.000000,144.401114
2496,6640.441128,0.000000,41.000000,206.523677,0.000000,136.378830
2497,6640.441128,0.000000,41.000000,206.022284,0.000000,128.356546
2498,6640.441128,0.000000,41.000000,205.520891,0.000000,120.334262
2499,6640.441128,0.000000,41.000000,205.019499,0.000000,112.311978
2500,6640.441128,0.000000,41.000000,204.518106,0.000000,104.289694
2501,6640.441128,0.000000,41.000000,204.016713,0.000000,96.267409
2502,6640.441128,0.000000,41.000000,203.515320,0.000000,88.245125
2503,6640.441128,0.000000,41.000000,203.013928,0.000000,80.222841
2504,6640.441128,0.000000,41.000000,202.512535,0.000000,72.200557
2505,6640.441128,0.000000,41.000000,202.011142,0.000000,64.178273
2506,6640.441128,0.000000,41.000000,201.509749,0.000000,56.155989
2507,6640.441128,0.000000,41.000000,201.008357,0.000000,48.133705
2509,6640.441128,0.000000,41.000000,200.005571,0.000000,32.089136
2510,6640.441128,0.000000,41.000000,199.504178,0.000000,24.066852
2511,6640.441128,0.000000,41.000000,199.002786,0.000000,16.044568
2512,6640.441128,0.000000,41.000000,198.501393,0.000000,8.022284
2513,6640.441128,0.000000,41.000000,198.000000,0.000000,360.000000
2514,6640.441128,0.000000,41.000000,197.498607,0.000000,351.977716
2515,6640.441128,0.000000,41.000000,196.997214,0.000000,343.955432
2516,6640.441128,0.000000,41.000000,196.495822,0.000000,335.933148
2517,6640.441128,0.000000,41.000000,195.994429,0.000000,327.910864
2518,6640.441128,0.000000,41.000000,195.493036,0.000000,319.888579
2519,6640.441128,0.000000,41.000000,194.991643,0.000000,311.866295
2520,6640.441128,0.000000,41.000000,194.490251,0.000000,303.844011
2521,6640.441128,0.000000,41.000000,193.988858,0.000000,295.821727
2522,6640.441128,0.000000,41.000000,193.487465,0.000000,287.799443
2523,6640.441128,0.000000,41.000000,192.986072,0.000000,279.777159
2524,6640.441128,0.000000,41.000000,192.484680,0.000000,271.754875
2525,6640.441128,0.000000,41.000000,191.983287,0.000000,263.732591
2526,6640.441128,0.000000,41.000000,191.481894,0.000000,255.710306
2527,6640.441128,0.000000,41.000000,190.980501,0.000000,247.688022
2528,6640.441128,0.000000,41.000000,190.479109,0.000000,239.665738
2529,6640.441128,0.000000,41.000000,189.977716,0.000000,231.643454
2530,6640.441128,0.000000,41.000000,189.476323,0.000000,223.621170
2531,6640.441128,0.000000,41.000000,188.974930,0.000000,215.598886
2532,6640.441128,0.000000,41.000000,188.473538,0.000000,207.576602
2533,6640.441128,0.000000,41.000000,187.972145,0.000000,199.554318
2534,6640.441128,0.000000,41.000000,187.470752,0.000000,191.532033
2535,6640.441128,0.000000,41.000000,186.969359,0.000000,183.509749
2536,6640.441128,0.000000,41.000000,186.467967,0.000000,175.487465
2537,6640.441128,0.000000,41.000000,185.966574,0.000000,167.465181
2538,6640.441128,0.000000,41.000000,185.465181,0.000000,159.442897
2539,6640.441128,0.000000,41.000000,184.963788,0.000000,151.420613
2540,6640.441128,0.000000,41.000000,184.462396,0.000000,143.398329
2541,6640.441128,0.000000,41.000000,183.961003,0.000000,135.376045
2542,6640.441128,0.000000,41.000000,183.459610,0.000000,127.353760
2543,6640.441128,0.000000,41.000000,182.958217,0.000000,119.331476
2544,6640.441128,0.000000,41.000000,182.456825,0.000000,111.309192
2545,6640.441128,0.000000,41.000000,181.955432,0.000000,103.286908
2546,6640.441128,0.000000,41.000000,181.454039,0.000000,95.264624
2547,6640.441128,0.000000,41.000000,180.952646,0.000000,87.242340
2548,6640.441128,0.000000,41.000000,180.451253,0.000000,79.220056
2549,6640.441128,0.000000,41.000000,179.949861,0.000000,71.197772
2550,6640.441128,0.000000,41.000000,179.448468,0.000000,63.175487
2551,6640.441128,0.000000,41.000000,178.947075,0.000000,55.153203
2552,6640.441128,0.000000,41.000000,178.445682,0.000000,47.130919
2553,6640.441128,0.000000,41.000000,177.944290,0.000000,39.108635
2554,6640.441128,0.000000,41.000000,177.442897,0.000000,31.086351
2555,6640.441128,0.000000,41.000000,176.941504,0.000000,23.064067
2556,6640.441128,0.000000,41.000000,176.440111,0.000000,15.041783
2557,6640.441128,0.000000,41.000000,175.938719,0.000000,7.019499
2558,6640.441128,0.000000,41.000000,175.437326,0.000000,358.997214
2559,6640.441128,0.000000,41.000000,174.935933,0.000000,350.974930
2560,6640.441128,0.000000,41.000000,174.434540,0.000000,342.952646
2561,6640.441128,0.000000,41.000000,173.933148,0.000000,334.930362
2562,6640.441128,0.000000,41.000000,173.431755,0.000000,326.908078
2563,6640.441128,0.000000,41.000000,172.930362,0.000000,318.885794
2564,6640.441128,0.000000,41.000000,172.428969,0.000000,310.863510
2565,6640.441128,0.000000,41.000000,171.927577,0.000000,302.841226
2566,6640.441128,0.000000,41.000000,171.426184,0.000000,294.818942
2567,6640.441128,0.000000,41.000000,170.924791,0.000000,286.796657
2568,6640.441128,0.000000,41.000000,170.423398,0.000000,278.774373
2569,6640.441128,0.000000,41.000000,169.922006,0.000000,270.752089
2570,6640.441128,0.000000,41.000000,169.420613,0.000000,262.729805
2571,6640.441128,0.000000,41.000000,168.919220,0.000000,254.707521
2572,6640.441128,0.000000,41.000000,168.417827,0.000000,246.685237
2573,6640.441128,0.000000,41.000000,167.916435,0.000000,238.662953
2574,6640.441128,0.000000,41.000000,167.415042,0.000000,230.640669
2575,6640.441128,0.000000,41.000000,166.913649,0.000000,222.618384
2576,6640.441128,0.000000,41.000000,166.412256,0.000000,214.596100
2577,6640.441128,0.000000,41.000000,165.910864,0.000000,206.573816
2578,6640.441128,0.000000,41.000000,165.409471,0.000000,198.551532
2579,6640.441128,0.000000,41.000000,164.908078,0.000000,190.529248
2580,6640.441128,0.000000,41.000000,164.406685,0.000000,182.506964
2581,6640.441128,0.000000,41.000000,163.905292,0.000000,174.484680
2582,6640.441128,0.000000,41.000000,163.403900,0.000000,166.462396
2583,6640.441128,0.000000,41.000000,162.902507,0.000000,158.440111
2584,6640.441128,0.000000,41.000000,162.401114,0.000000,150.417827
2585,6640.441128,0.000000,41.000000,161.899721,0.000000,142.395543
2586,6640.441128,0.000000,41.000000,161.398329,0.000000,134.373259
2587,6640.441128,0.000000,41.000000,160.896936,0.000000,126.350975
2588,6640.441128,0.000000,41.000000,160.395543,0.000000,118.328691
2589,6640.441128,0.000000,41.000000,159.894150,0.000000,110.306407
2590,6640.441128,0.000000,41.000000,159.392758,0.000000,102.284123
2591,6640.441128,0.000000,41.000000,158.891365,0.000000,94.261838
2592,6640.441128,0.000000,41.000000,158.389972,0.000000,86.239554
2593,6640.441128,0.000000,41.000000,157.888579,0.000000,78.217270
2594,6640.441128,0.000000,41.000000,157.387187,0.000000,70.194986
2595,6640.441128,0.000000,41.000000,156.885794,0.000000,62.172702
2596,6640.441128,0.000000,41.000000,156.384401,0.000000,54.150418
2597,6640.441128,0.000000,41.000000,155.883008,0.000000,46.128134
2598,6640.441128,0.000000,41.000000,155.381616,0.000000,38.105850
2599,6640.441128,0.000000,41.000000,154.880223,0.000000,30.083565
2600,6640.441128,0.000000,41.000000,154.378830,0.000000,22.061281
2601,6640.441128,0.000000,41.000000,153.877437,0.000000,14.038997
2602,6640.441128,0.000000,41.000000,153.376045,0.000000,6.016713
2603,6640.441128,0.000000,41.000000,152.874652,0.000000,357.994429
2604,6640.441128,0.000000,41.000000,152.373259,0.000000,349.972145
2605,6640.441128,0.000000,41.000000,151.871866,0.000000,341.949861
2606,6640.441128,0.000000,41.000000,151.370474,0.000000,333.927577
2607,6640.441128,0.000000,41.000000,150.869081,0.000000,325.905292
2608,6640.441128,0.000000,41.000000,150.367688,0.000000,317.883008
2609,6640.441128,0.000000,41.000000,149.866295,0.000000,309.860724
2610,6640.441128,0.000000,41.000000,149.364903,0.000000,301.838440
2611,6640.441128,0.000000,41.000000,148.863510,0.000000,293.816156
2612,6640.441128,0.000000,41.000000,148.362117,0.000000,285.793872
2613,6640.441128,0.000000,41.000000,147.860724,0.000000,277.771588
2614,6640.441128,0.000000,41.000000,147.359331,0.000000,269.749304
2615,6640.441128,0.000000,41.000000,146.857939,0.000000,261.727019
2616,6640.441128,0.000000,41.000000,146.356546,0.000000,253.704735
2617,6640.441128,0.000000,41.000000,145.855153,0.000000,245.682451
2618,6640.441128,0.000000,41.000000,145.353760,0.000000,237.660167
2619,6640.441128,0.000000,41.000000,144.852368,0.000000,229.637883
2620,6640.441128,0.000000,41.000000,144.350975,0.000000,221.615599
2621,6640.441128,0.000000,41.000000,143.849582,0.000000,213.593315
2622,6640.441128,0.000000,41.000000,143.348189,0.000000,205.571031
2623,6640.441128,0.000000,41.000000,142.846797,0.000000,197.548747
2624,6640.441128,0.000000,41.000000,142.345404,0.000000,189.526462
2625,6640.441128,0.000000,41.000000,141.844011,0.000000,181.504178
2626,6640.441128,0.000000,41.000000,141.342618,0.000000,173.481894
2627,6640.441128,0.000000,41.000000,140.841226,0.000000,165.459610
2628,6640.441128,0.000000,41.000000,140.339833,0.000000,157.437326
2629,6640.441128,0.000000,41.000000,139.838440,0.000000,149.415042
2630,6640.441128,0.000000,41.000000,139.337047,0.000000,141.392758
2631,6640.441128,0.000000,41.000000,138.835655,0.000000,133.370474
2632,6640.441128,0.000000,41.000000,138.334262,0.000000,125.348189
2633,6640.441128,0.000000,41.000000,137.832869,0.000000,117.325905
2634,6640.441128,0.000000,41.000000,137.331476,0.000000,109.303621
2635,6640.441128,0.000000,41.000000,136.830084,0.000000,101.281337
2636,6640.441128,0.000000,41.000000,136.328691,0.000000,93.259053
2637,6640.441128,0.000000,41.000000,135.827298,0.000000,85.236769
2638,6640.441128,0.000000,41.000000,135.325905,0.000000,77.214485
2639,6640.441128,0.000000,41.000000,134.824513,0.000000,69.192201
2640,6640.441128,0.000000,41.000000,134.323120,0.000000,61.169916
2641,6640.441128,0.000000,41.000000,133.821727,0.000000,53.147632
2642,6640.441128,0.000000,41.000000,133.320334,0.000000,45.125348
2643,6640.441128,0.000000,41.000000,132.818942,0.000000,37.103064
2644,6640.441128,0.000000,41.000000,132.317549,0.000000,29.080780
2645,6640.441128,0.000000,41.000000,131.816156,0.000000,21.058496
2646,6640.441128,0.000000,41.000000,131.314763,0.000000,13.036212
2647,6640.441128,0.000000,41.000000,130.813370,0.000000,5.013928
2648,6640.441128,0.000000,41.000000,130.311978,0.000000,356.991643
2649,6640.441128,0.000000,41.000000,129.810585,0.000000,348.969359
2650,6640.441128,0.000000,41.000000,129.309192,0.000000,340.947075
2651,6640.441128,0.000000,41.000000,128.807799,0.000000,332.924791
2652,6640.441128,0.000000,41.000000,128.306407,0.000000,324.902507
2653,6640.441128,0.000000,41.000000,127.805014,0.000000,316.880223
2654,6640.441128,0.000000,41.000000,127.303621,0.000000,308.857939
2655,6640.441128,0.000000,41.000000,126.802228,0.000000,300.835655
2656,6640.441128,0.000000,41.000000,126.300836,0.000000,292.813370
2657,6640.441128,0.000000,41.000000,125.799443,0.000000,284.791086
2658,6640.441128,0.000000,41.000000,125.298050,0.000000,276.768802
2659,6640.441128,0.000000,41.000000,124.796657,0.000000,268.746518
2660,6640.441128,0.000000,41.000000,124.295265,0.000000,260.724234
2661,6640.441128,0.000000,41.000000,123.793872,0.000000,252.701950
2662,6640.441128,0.000000,41.000000,123.292479,0.000000,244.679666
2663,6640.441128,0.000000,41.000000,122.791086,0.000000,236.657382
2664,6640.441128,0.000000,41.000000,122.289694,0.000000,228.635097
2665,6640.441128,0.000000,41.000000,121.788301,0.000000,220.612813
2666,6640.441128,0.000000,41.000000,121.286908,0.000000,212.590529
2667,6640.441128,0.000000,41.000000,120.785515,0.000000,204.568245
2668,6640.441128,0.000000,41.000000,120.284123,0.000000,196.545961
2669,6640.441128,0.000000,41.000000,119.782730,0.000000,188.523677
2670,6640.441128,0.000000,41.000000,119.281337,0.000000,180.501393
2671,6640.441128,0.000000,41.000000,118.779944,0.000000,172.479109
2672,6640.441128,0.000000,41.000000,118.278552,0.000000,164.456825
2673,6640.441128,0.000000,41.000000,117.777159,0.000000,156.434540
2674,6640.441128,0.000000,41.000000,117.275766,0.000000,148.412256
2675,6640.441128,0.000000,41.000000,116.774373,0.000000,140.389972
2676,6640.441128,0.000000,41.000000,116.272981,0.000000,132.367688
2677,6640.441128,0.000000,41.000000,115.771588,0.000000,124.345404
2678,6640.441128,0.000000,41.000000,115.270195,0.000000,116.323120
2679,6640.441128,0.000000,41.000000,114.768802,0.000000,108.300836
2680,6640.441128,0.000000,41.000000,114.267409,0.000000,100.278552
2681,6640.441128,0.000000,41.000000,113.766017,0.000000,92.256267
2682,6640.441128,0.000000,41.000000,113.264624,0.000000,84.233983
2683,6640.441128,0.000000,41.000000,112.763231,0.000000,76.211699
2684,6640.441128,0.000000,41.000000,112.261838,0.000000,68.189415
2685,6640.441128,0.000000,41.000000,111.760446,0.000000,60.167131
2686,6640.441128,0.000000,41.000000,111.259053,0.000000,52.144847
2687,6640.441128,0.000000,41.000000,110.757660,0.000000,44.122563
2688,6640.441128,0.000000,41.000000,110.256267,0.000000,36.100279
2689,6640.441128,0.000000,41.000000,109.754875,0.000000,28.077994
2690,6640.441128,0.000000,41.000000,109.253482,0.000000,20.055710
2691,6640.441128,0.000000,41.000000,108.752089,0.000000,12.033426
2692,6640.441128,0.000000,41.000000,108.250696,0.000000,4.011142
2693,6640.441128,0.000000,41.000000,107.749304,0.000000,355.988858
2694,6640.441128,0.000000,41.000000,107.247911,0.000000,347.966574
2695,6640.441128,0.000000,41.000000,106.746518,0.000000,339.944290
2696,6640.441128,0.000000,41.000000,106.245125,0.000000,331.922006
2697,6640.441128,0.000000,41.000000,105.743733,0.000000,323.899721
2698,6640.441128,0.000000,41.000000,105.242340,0.000000,315.877437
2699,6640.441128,0.000000,41.000000,104.740947,0.000000,307.855153
2700,6640.441128,0.000000,41.000000,104.239554,0.000000,299.832869
2701,6640.441128,0.000000,41.000000,103.738162,0.000000,291.810585
2702,6640.441128,0.000000,41.000000,103.236769,0.000000,283.788301
2703,6640.441128,0.000000,41.000000,102.735376,0.000000,275.766017
2704,6640.441128,0.000000,41.000000,102.233983,0.000000,267.743733
2705,6640.441128,0.000000,41.000000,101.732591,0.000000,259.721448
2706,6640.441128,0.000000,41.000000,101.231198,0.000000,251.699164
2707,6640.441128,0.000000,41.000000,100.729805,0.000000,243.676880
2708,6640.441128,0.000000,41.000000,100.228412,0.000000,235.654596
2709,6640.441128,0.000000,41.000000,99.727019,0.000000,227.632312
2710,6640.441128,0.000000,41.000000,99.225627,0.000000,219.610028
2711,6640.441128,0.000000,41.000000,98.724234,0.000000,211.587744
2712,6640.441128,0.000000,41.000000,98.222841,0.000000,203.565460
2713,6640.441128,0.000000,41.000000,97.721448,0.000000,195.543175
2715,6640.441128,0.000000,41.000000,96.718663,0.000000,179.498607
2716,6640.441128,0.000000,41.000000,96.217270,0.000000,171.476323
2717,6640.441128,0.000000,41.000000,95.715877,0.000000,163.454039
2718,6640.441128,0.000000,41.000000,95.214485,0.000000,155.431755
2719,6640.441128,0.000000,41.000000,94.713092,0.000000,147.409471
2720,6640.441128,0.000000,41.000000,94.211699,0.000000,139.387187
2721,6640.441128,0.000000,41.000000,93.710306,0.000000,131.364903
2722,6640.441128,0.000000,41.000000,93.208914,0.000000,123.342618
2723,6640.441128,0.000000,41.000000,92.707521,0.000000,115.320334
2724,6640.441128,0.000000,41.000000,92.206128,0.000000,107.298050
2725,6640.441128,0.000000,41.000000,91.704735,0.000000,99.275766
2726,6640.441128,0.000000,41.000000,91.203343,0.000000,91.253482
2727,6640.441128,0.000000,41.000000,90.701950,0.000000,83.231198
2728,6640.441128,0.000000,41.000000,90.200557,0.000000,75.208914
2729,6640.441128,0.000000,41.000000,89.699164,0.000000,67.186630
2730,6640.441128,0.000000,41.000000,89.197772,0.000000,59.164345
2731,6640.441128,0.000000,41.000000,88.696379,0.000000,51.142061
2732,6640.441128,0.000000,41.000000,88.194986,0.000000,43.119777
2733,6640.441128,0.000000,41.000000,87.693593,0.000000,35.097493
2734,6640.441128,0.000000,41.000000,87.192201,0.000000,27.075209
2735,6640.441128,0.000000,41.000000,86.690808,0.000000,19.052925
2736,6640.441128,0.000000,41.000000,86.189415,0.000000,11.030641
2737,6640.441128,0.000000,41.000000,85.688022,0.000000,3.008357
2738,6640.441128,0.000000,41.000000,85.186630,0.000000,354.986072
2739,6640.441128,0.000000,41.000000,84.685237,0.000000,346.963788
2740,6640.441128,0.000000,41.000000,84.183844,0.000000,338.941504
2741,6640.441128,0.000000,41.000000,83.682451,0.000000,330.919220
2742,6640.441128,0.000000,41.000000,83.181058,0.000000,322.896936
2743,6640.441128,0.000000,41.000000,82.679666,0.000000,314.874652
2744,6640.441128,0.000000,41.000000,82.178273,0.000000,306.852368
2745,6640.441128,0.000000,41.000000,81.676880,0.000000,298.830084
2746,6640.441128,0.000000,41.000000,81.175487,0.000000,290.807799
2747,6640.441128,0.000000,41.000000,80.674095,0.000000,282.785515
2748,6640.441128,0.000000,41.000000,80.172702,0.000000,274.763231
2749,6640.441128,0.000000,41.000000,79.671309,0.000000,266.740947
2750,6640.441128,0.000000,41.000000,79.169916,0.000000,258.718663
2751,6640.441128,0.000000,41.000000,78.668524,0.000000,250.696379
2752,6640.441128,0.000000,41.000000,78.167131,0.000000,242.674095
2753,6640.441128,0.000000,41.000000,77.665738,0.000000,234.651811
2754,6640.441128,0.000000,41.000000,77.164345,0.000000,226.629526
2755,6640.441128,0.000000,41.000000,76.662953,0.000000,218.607242
2756,6640.441128,0.000000,41.000000,76.161560,0.000000,210.584958
2757,6640.441128,0.000000,41.000000,75.660167,0.000000,202.562674
2758,6640.441128,0.000000,41.000000,75.158774,0.000000,194.540390
2759,6640.441128,0.000000,41.000000,74.657382,0.000000,186.518106
2761,6640.441128,0.000000,41.000000,73.654596,0.000000,170.473538
2762,6640.441128,0.000000,41.000000,73.153203,0.000000,162.451253
2763,6640.441128,0.000000,41.000000,72.651811,0.000000,154.428969
2764,6640.441128,0.000000,41.000000,72.150418,0.000000,146.406685
2765,6640.441128,0.000000,41.000000,71.649025,0.000000,138.384401
2766,6640.441128,0.000000,41.000000,71.147632,0.000000,130.362117
2767,6640.441128,0.000000,41.000000,70.646240,0.000000,122.339833
2768,6640.441128,0.000000,41.000000,70.144847,0.000000,114.317549
2769,6640.441128,0.000000,41.000000,69.643454,0.000000,106.295265
2770,6640.441128,0.000000,41.000000,69.142061,0.000000,98.272981
2771,6640.441128,0.000000,41.000000,68.640669,0.000000,90.250696
2772,6640.441128,0.000000,41.000000,68.139276,0.000000,82.228412
2773,6640.441128,0.000000,41.000000,67.637883,0.000000,74.206128
2774,6640.441128,0.000000,41.000000,67.136490,0.000000,66.183844
2775,6640.441128,0.000000,41.000000,66.635097,0.000000,58.161560
2776,6640.441128,0.000000,41.000000,66.133705,0.000000,50.139276
2777,6640.441128,0.000000,41.000000,65.632312,0.000000,42.116992
2778,6640.441128,0.000000,41.000000,65.130919,0.000000,34.094708
2779,6640.441128,0.000000,41.000000,64.629526,0.000000,26.072423
2780,6640.441128,0.000000,41.000000,64.128134,0.000000,18.050139
2781,6640.441128,0.000000,41.000000,63.626741,0.000000,10.027855
2782,6640.441128,0.000000,41.000000,63.125348,0.000000,2.005571
2783,6640.441128,0.000000,41.000000,62.623955,0.000000,353.983287
2784,6640.441128,0.000000,41.000000,62.122563,0.000000,345.961003
2785,6640.441128,0.000000,41.000000,61.621170,0.000000,337.938719
2786,6640.441128,0.000000,41.000000,61.119777,0.000000,329.916435
2787,6640.441128,0.000000,41.000000,60.618384,0.000000,321.894150
2788,6640.441128,0.000000,41.000000,60.116992,0.000000,313.871866
2789,6640.441128,0.000000,41.000000,59.615599,0.000000,305.849582
2790,6640.441128,0.000000,41.000000,59.114206,0.000000,297.827298
2791,6640.441128,0.000000,41.000000,58.612813,0.000000,289.805014
2792,6640.441128,0.000000,41.000000,58.111421,0.000000,281.782730
2793,6640.441128,0.000000,41.000000,57.610028,0.000000,273.760446
2794,6640.441128,0.000000,41.000000,57.108635,0.000000,265.738162
2795,6640.441128,0.000000,41.000000,56.607242,0.000000,257.715877
2796,6640.441128,0.000000,41.000000,56.105850,0.000000,249.693593
2797,6640.441128,0.000000,41.000000,55.604457,0.000000,241.671309
2798,6640.441128,0.000000,41.000000,55.103064,0.000000,233.649025
2799,6640.441128,0.000000,41.000000,54.601671,0.000000,225.626741
2800,6640.441128,0.000000,41.000000,54.100279,0.000000,217.604457
2801,6640.441128,0.000000,41.000000,53.598886,0.000000,209.582173
2802,6640.441128,0.000000,41.000000,53.097493,0.000000,201.559889
2803,6640.441128,0.000000,41.000000,52.596100,0.000000,193.537604
2804,6640.441128,0.000000,41.000000,52.094708,0.000000,185.515320
2805,6640.441128,0.000000,41.000000,51.593315,0.000000,177.493036
2806,6640.441128,0.000000,41.000000,51.091922,0.000000,169.470752
2807,6640.441128,0.000000,41.000000,50.590529,0.000000,161.448468
2808,6640.441128,0.000000,41.000000,50.089136,0.000000,153.426184
2809,6640.441128,0.000000,41.000000,49.587744,0.000000,145.403900
2810,6640.441128,0.000000,41.000000,49.086351,0.000000,137.381616
2811,6640.441128,0.000000,41.000000,48.584958,0.000000,129.359331
2812,6640.441128,0.000000,41.000000,48.083565,0.000000,121.337047
2813,6640.441128,0.000000,41.000000,47.582173,0.000000,113.314763
2814,6640.441128,0.000000,41.000000,47.080780,0.000000,105.292479
2815,6640.441128,0.000000,41.000000,46.579387,0.000000,97.270195
2816,6640.441128,0.000000,41.000000,46.077994,0.000000,89.247911
2817,6640.441128,0.000000,41.000000,45.576602,0.000000,81.225627
2818,6640.441128,0.000000,41.000000,45.075209,0.000000,73.203343
2819,6640.441128,0.000000,41.000000,44.573816,0.000000,65.181058
2820,6640.441128,0.000000,41.000000,44.072423,0.000000,57.158774
2821,6640.441128,0.000000,41.000000,43.571031,0.000000,49.136490
2822,6640.441128,0.000000,41.000000,43.069638,0.000000,41.114206
2823,6640.441128,0.000000,41.000000,42.568245,0.000000,33.091922
2824,6640.441128,0.000000,41.000000,42.066852,0.000000,25.069638
2825,6640.441128,0.000000,41.000000,41.565460,0.000000,17.047354
2826,6640.441128,0.000000,41.000000,41.064067,0.000000,9.025070
2827,6640.441128,0.000000,41.000000,40.562674,0.000000,1.002786
2828,6640.441128,0.000000,41.000000,40.061281,0.000000,352.980501
2829,6640.441128,0.000000,41.000000,39.559889,0.000000,344.958217
2830,6640.441128,0.000000,41.000000,39.058496,0.000000,336.935933
2831,6640.441128,0.000000,41.000000,38.557103,0.000000,328.913649
2832,6640.441128,0.000000,41.000000,38.055710,0.000000,320.891365
2833,6640.441128,0.000000,41.000000,37.554318,0.000000,312.869081
2834,6640.441128,0.000000,41.000000,37.052925,0.000000,304.846797
2835,6640.441128,0.000000,41.000000,36.551532,0.000000,296.824513
2836,6640.441128,0.000000,41.000000,36.050139,0.000000,288.802228
2837,6640.441128,0.000000,41.000000,35.548747,0.000000,280.779944
2838,6640.441128,0.000000,41.000000,35.047354,0.000000,272.757660
2839,6640.441128,0.000000,41.000000,34.545961,0.000000,264.735376
2840,6640.441128,0.000000,41.000000,34.044568,0.000000,256.713092
2841,6640.441128,0.000000,41.000000,33.543175,0.000000,248.690808
2842,6640.441128,0.000000,41.000000,33.041783,0.000000,240.668524
2843,6640.441128,0.000000,41.000000,32.540390,0.000000,232.646240
2844,6640.441128,0.000000,41.000000,32.038997,0.000000,224.623955
2845,6640.441128,0.000000,41.000000,31.537604,0.000000,216.601671
2846,6640.441128,0.000000,41.000000,31.036212,0.000000,208.579387
2847,6640.441128,0.000000,41.000000,30.534819,0.000000,200.557103
2848,6640.441128,0.000000,41.000000,30.033426,0.000000,192.534819
2849,6640.441128,0.000000,41.000000,29.532033,0.000000,184.512535
2850,6640.441128,0.000000,41.000000,29.030641,0.000000,176.490251
2851,6640.441128,0.000000,41.000000,28.529248,0.000000,168.467967
2852,6640.441128,0.000000,41.000000,28.027855,0.000000,160.445682
2853,6640.441128,0.000000,41.000000,27.526462,0.000000,152.423398
2854,6640.441128,0.000000,41.000000,27.025070,0.000000,144.401114
2855,6640.441128,0.000000,41.000000,26.523677,0.000000,136.378830
2856,6640.441128,0.000000,41.000000,26.022284,0.000000,128.356546
2857,6640.441128,0.000000,41.000000,25.520891,0.000000,120.334262
2858,6640.441128,0.000000,41.000000,25.019499,0.000000,112.311978
2859,6640.441128,0.000000,41.000000,24.518106,0.000000,104.289694
2860,6640.441128,0.000000,41.000000,24.016713,0.000000,96.267409
2861,6640.441128,0.000000,41.000000,23.515320,0.000000,88.245125
2862,6640.441128,0.000000,41.000000,23.013928,0.000000,80.222841
2863,6640.441128,0.000000,41.000000,22.512535,0.000000,72.200557
2864,6640.441128,0.000000,41.000000,22.011142,0.000000,64.178273
2865,6640.441128,0.000000,41.000000,21.509749,0.000000,56.155989
2866,6640.441128,0.000000,41.000000,21.008357,0.000000,48.133705
2867,6640.441128,0.000000,41.000000,20.506964,0.000000,40.111421
2868,6640.441128,0.000000,41.000000,20.005571,0.000000,32.089136
2869,6640.441128,0.000000,41.000000,19.504178,0.000000,24.066852
2870,6640.441128,0.000000,41.000000,19.002786,0.000000,16.044568
2871,6640.441128,0.000000,41.000000,18.501393,0.000000,8.022284
2872,6640.441128,0.000000,45.000000,6.750000,0.000000,0.000000
2874,6640.441128,0.000000,45.000000,5.747214,0.000000,343.955432
2875,6640.441128,0.000000,45.000000,5.245822,0.000000,335.933148
2879,6640.441128,0.000000,45.000000,3.240251,0.000000,303.844011
2880,6640.441128,0.000000,45.000000,2.738858,0.000000,295.821727
2882,6640.441128,0.000000,45.000000,1.736072,0.000000,279.777159
2884,6640.441128,0.000000,45.000000,0.733287,0.000000,263.732591
2886,6640.441128,0.000000,45.000000,359.730501,0.000000,247.688022
2887,6640.441128,0.000000,45.000000,359.229109,0.000000,239.665738
2891,6640.441128,0.000000,45.000000,357.223538,0.000000,207.576602
2895,6640.441128,0.000000,45.000000,355.217967,0.000000,175.487465
2896,6640.441128,0.000000,45.000000,354.716574,0.000000,167.465181
2898,6640.441128,0.000000,45.000000,353.713788,0.000000,151.420613
2899,6640.441128,0.000000,45.000000,353.212396,0.000000,143.398329
2903,6640.441128,0.000000,45.000000,351.206825,0.000000,111.309192
2904,6640.441128,0.000000,45.000000,350.705432,0.000000,103.286908
2906,6640.441128,0.000000,45.000000,349.702646,0.000000,87.242340
2907,6640.441128,0.000000,45.000000,349.201253,0.000000,79.220056
2908,6640.441128,0.000000,45.000000,348.699861,0.000000,71.197772
2910,6640.441128,0.000000,45.000000,347.697075,0.000000,55.153203
2911,6640.441128,0.000000,45.000000,347.195682,0.000000,47.130919
2912,6640.441128,0.000000,45.000000,346.694290,0.000000,39.108635
2913,6640.441128,0.000000,45.000000,346.192897,0.000000,31.086351
2914,6640.441128,0.000000,45.000000,345.691504,0.000000,23.064067
2916,6640.441128,0.000000,45.000000,344.688719,0.000000,7.019499
2918,6640.441128,0.000000,45.000000,343.685933,0.000000,350.974930
2919,6640.441128,0.000000,45.000000,343.184540,0.000000,342.952646
2920,6640.441128,0.000000,45.000000,342.683148,0.000000,334.930362
2922,6640.441128,0.000000,45.000000,341.680362,0.000000,318.885794
2924,6640.441128,0.000000,45.000000,340.677577,0.000000,302.841226
2926,6640.441128,0.000000,45.000000,339.674791,0.000000,286.796657
2928,6640.441128,0.000000,45.000000,338.672006,0.000000,270.752089
2936,6640.441128,0.000000,45.000000,334.660864,0.000000,206.573816
2937,6640.441128,0.000000,45.000000,334.159471,0.000000,198.551532
2940,6640.441128,0.000000,45.000000,332.655292,0.000000,174.484680
2945,6640.441128,0.000000,45.000000,330.148329,0.000000,134.373259
2946,6640.441128,0.000000,45.000000,329.646936,0.000000,126.350975
2948,6640.441128,0.000000,45.000000,328.644150,0.000000,110.306407
2950,6640.441128,0.000000,45.000000,327.641365,0.000000,94.261838
2952,6640.441128,0.000000,45.000000,326.638579,0.000000,78.217270
2954,6640.441128,0.000000,45.000000,325.635794,0.000000,62.172702
2955,6640.441128,0.000000,45.000000,325.134401,0.000000,54.150418
2957,6640.441128,0.000000,45.000000,324.131616,0.000000,38.105850
2962,6640.441128,0.000000,45.000000,321.624652,0.000000,357.994429
2965,6640.441128,0.000000,45.000000,320.120474,0.000000,333.927577
2968,6640.441128,0.000000,45.000000,318.616295,0.000000,309.860724
2969,6640.441128,0.000000,45.000000,318.114903,0.000000,301.838440
2970,6640.441128,0.000000,45.000000,317.613510,0.000000,293.816156
2972,6640.441128,0.000000,45.000000,316.610724,0.000000,277.771588
2974,6640.441128,0.000000,45.000000,315.607939,0.000000,261.727019
2978,6640.441128,0.000000,45.000000,313.602368,0.000000,229.637883
2979,6640.441128,0.000000,45.000000,313.100975,0.000000,221.615599
2980,6640.441128,0.000000,45.000000,312.599582,0.000000,213.593315
2981,6640.441128,0.000000,45.000000,312.098189,0.000000,205.571031
2984,6640.441128,0.000000,45.000000,310.594011,0.000000,181.504178
2986,6640.441128,0.000000,45.000000,309.591226,0.000000,165.459610
2987,6640.441128,0.000000,45.000000,309.089833,0.000000,157.437326
2988,6640.441128,0.000000,45.000000,308.588440,0.000000,149.415042
2989,6640.441128,0.000000,45.000000,308.087047,0.000000,141.392758
2995,6640.441128,0.000000,45.000000,305.078691,0.000000,93.259053
2996,6640.441128,0.000000,45.000000,304.577298,0.000000,85.236769
3001,6640.441128,0.000000,45.000000,302.070334,0.000000,45.125348
3005,6640.441128,0.000000,45.000000,300.064763,0.000000,13.036212
3006,6640.441128,0.000000,45.000000,299.563370,0.000000,5.013928
3009,6640.441128,0.000000,45.000000,298.059192,0.000000,340.947075
3012,6640.441128,0.000000,45.000000,296.555014,0.000000,316.880223
3013,6640.441128,0.000000,45.000000,296.053621,0.000000,308.857939
3015,6640.441128,0.000000,45.000000,295.050836,0.000000,292.813370
3016,6640.441128,0.000000,45.000000,294.549443,0.000000,284.791086
3017,6640.441128,0.000000,45.000000,294.048050,0.000000,276.768802
3019,6640.441128,0.000000,45.000000,293.045265,0.000000,260.724234
3022,6640.441128,0.000000,45.000000,291.541086,0.000000,236.657382
3023,6640.441128,0.000000,45.000000,291.039694,0.000000,228.635097
3025,6640.441128,0.000000,45.000000,290.036908,0.000000,212.590529
3033,6640.441128,0.000000,45.000000,286.025766,0.000000,148.412256
3034,6640.441128,0.000000,45.000000,285.524373,0.000000,140.389972
3035,6640.441128,0.000000,45.000000,285.022981,0.000000,132.367688
3036,6640.441128,0.000000,45.000000,284.521588,0.000000,124.345404
3038,6640.441128,0.000000,45.000000,283.518802,0.000000,108.300836
3041,6640.441128,0.000000,45.000000,282.014624,0.000000,84.233983
3044,6640.441128,0.000000,45.000000,280.510446,0.000000,60.167131
3046,6640.441128,0.000000,45.000000,279.507660,0.000000,44.122563
3047,6640.441128,0.000000,45.000000,279.006267,0.000000,36.100279
3048,6640.441128,0.000000,45.000000,278.504875,0.000000,28.077994
3049,6640.441128,0.000000,45.000000,278.003482,0.000000,20.055710
3050,6640.441128,0.000000,45.000000,277.502089,0.000000,12.033426
3053,6640.441128,0.000000,45.000000,275.997911,0.000000,347.966574
3054,6640.441128,0.000000,45.000000,275.496518,0.000000,339.944290
3057,6640.441128,0.000000,45.000000,273.992340,0.000000,315.877437
3061,6640.441128,0.000000,45.000000,271.986769,0.000000,283.788301
3063,6640.441128,0.000000,45.000000,270.983983,0.000000,267.743733
3064,6640.441128,0.000000,45.000000,270.482591,0.000000,259.721448
3066,6640.441128,0.000000,45.000000,269.479805,0.000000,243.676880
3067,6640.441128,0.000000,45.000000,268.978412,0.000000,235.654596
3068,6640.441128,0.000000,45.000000,268.477019,0.000000,227.632312
3070,6640.441128,0.000000,45.000000,267.474234,0.000000,211.587744
3071,6640.441128,0.000000,45.000000,266.972841,0.000000,203.565460
3073,6640.441128,0.000000,45.000000,265.970056,0.000000,187.520891
3074,6640.441128,0.000000,45.000000,265.468663,0.000000,179.498607
3075,6640.441128,0.000000,45.000000,264.967270,0.000000,171.476323
3076,6640.441128,0.000000,45.000000,264.465877,0.000000,163.454039
3078,6640.441128,0.000000,45.000000,263.463092,0.000000,147.409471
3083,6640.441128,0.000000,45.000000,260.956128,0.000000,107.298050
3085,6640.441128,0.000000,45.000000,259.953343,0.000000,91.253482
3088,6640.441128,0.000000,45.000000,258.449164,0.000000,67.186630
3089,6640.441128,0.000000,45.000000,257.947772,0.000000,59.164345
3092,6640.441128,0.000000,45.000000,256.443593,0.000000,35.097493
3093,6640.441128,0.000000,45.000000,255.942201,0.000000,27.075209
3095,6640.441128,0.000000,45.000000,254.939415,0.000000,11.030641
3096,6640.441128,0.000000,45.000000,254.438022,0.000000,3.008357
3099,6640.441128,0.000000,45.000000,252.933844,0.000000,338.941504
3100,6640.441128,0.000000,45.000000,252.432451,0.000000,330.919220
3102,6640.441128,0.000000,45.000000,251.429666,0.000000,314.874652
3104,6640.441128,0.000000,45.000000,250.426880,0.000000,298.830084
3106,6640.441128,0.000000,45.000000,249.424095,0.000000,282.785515
3107,6640.441128,0.000000,45.000000,248.922702,0.000000,274.763231
3108,6640.441128,0.000000,45.000000,248.421309,0.000000,266.740947
3109,6640.441128,0.000000,45.000000,247.919916,0.000000,258.718663
3110,6640.441128,0.000000,45.000000,247.418524,0.000000,250.696379
3111,6640.441128,0.000000,45.000000,246.917131,0.000000,242.674095
3113,6640.441128,0.000000,45.000000,245.914345,0.000000,226.629526
3115,6640.441128,0.000000,45.000000,244.911560,0.000000,210.584958
3119,6640.441128,0.000000,45.000000,242.905989,0.000000,178.495822
3123,6640.441128,0.000000,45.000000,240.900418,0.000000,146.406685
3124,6640.441128,0.000000,45.000000,240.399025,0.000000,138.384401
3125,6640.441128,0.000000,45.000000,239.897632,0.000000,130.362117
3126,6640.441128,0.000000,45.000000,239.396240,0.000000,122.339833
3129,6640.441128,0.000000,45.000000,237.892061,0.000000,98.272981
3131,6640.441128,0.000000,45.000000,236.889276,0.000000,82.228412
3133,6640.441128,0.000000,45.000000,235.886490,0.000000,66.183844
3136,6640.441128,0.000000,45.000000,234.382312,0.000000,42.116992
3137,6640.441128,0.000000,45.000000,233.880919,0.000000,34.094708
3139,6640.441128,0.000000,45.000000,232.878134,0.000000,18.050139
3142,6640.441128,0.000000,45.000000,231.373955,0.000000,353.983287
3143,6640.441128,0.000000,45.000000,230.872563,0.000000,345.961003
3144,6640.441128,0.000000,45.000000,230.371170,0.000000,337.938719
3147,6640.441128,0.000000,45.000000,228.866992,0.000000,313.871866
3148,6640.441128,0.000000,45.000000,228.365599,0.000000,305.849582
3149,6640.441128,0.000000,45.000000,227.864206,0.000000,297.827298
3150,6640.441128,0.000000,45.000000,227.362813,0.000000,289.805014
3151,6640.441128,0.000000,45.000000,226.861421,0.000000,281.782730
3153,6640.441128,0.000000,45.000000,225.858635,0.000000,265.738162
3156,6640.441128,0.000000,45.000000,224.354457,0.000000,241.671309
3158,6640.441128,0.000000,45.000000,223.351671,0.000000,225.626741
3160,6640.441128,0.000000,45.000000,222.348886,0.000000,209.582173
3161,6640.441128,0.000000,45.000000,221.847493,0.000000,201.559889
3164,6640.441128,0.000000,45.000000,220.343315,0.000000,177.493036
3166,6640.441128,0.000000,45.000000,219.340529,0.000000,161.448468
3167,6640.441128,0.000000,45.000000,218.839136,0.000000,153.426184
3170,6640.441128,0.000000,45.000000,217.334958,0.000000,129.359331
3173,6640.441128,0.000000,45.000000,215.830780,0.000000,105.292479
3177,6640.441128,0.000000,45.000000,213.825209,0.000000,73.203343
3178,6640.441128,0.000000,45.000000,213.323816,0.000000,65.181058
3179,6640.441128,0.000000,45.000000,212.822423,0.000000,57.158774
3180,6640.441128,0.000000,45.000000,212.321031,0.000000,49.136490
3181,6640.441128,0.000000,45.000000,211.819638,0.000000,41.114206
3183,6640.441128,0.000000,45.000000,210.816852,0.000000,25.069638
3185,6640.441128,0.000000,45.000000,209.814067,0.000000,9.025070
3188,6640.441128,0.000000,45.000000,208.309889,0.000000,344.958217
3189,6640.441128,0.000000,45.000000,207.808496,0.000000,336.935933
3191,6640.441128,0.000000,45.000000,206.805710,0.000000,320.891365
3193,6640.441128,0.000000,45.000000,205.802925,0.000000,304.846797
3194,6640.441128,0.000000,45.000000,205.301532,0.000000,296.824513
3195,6640.441128,0.000000,45.000000,204.800139,0.000000,288.802228
3197,6640.441128,0.000000,45.000000,203.797354,0.000000,272.757660
3198,6640.441128,0.000000,45.000000,203.295961,0.000000,264.735376
3199,6640.441128,0.000000,45.000000,202.794568,0.000000,256.713092
3202,6640.441128,0.000000,45.000000,201.290390,0.000000,232.646240
3208,6640.441128,0.000000,45.000000,198.282033,0.000000,184.512535
3213,6640.441128,0.000000,45.000000,195.775070,0.000000,144.401114
3214,6640.441128,0.000000,45.000000,195.273677,0.000000,136.378830
3221,6640.441128,0.000000,45.000000,191.763928,0.000000,80.222841
3222,6640.441128,0.000000,45.000000,191.262535,0.000000,72.200557
3227,6640.441128,0.000000,45.000000,188.755571,0.000000,32.089136
3229,6640.441128,0.000000,45.000000,187.752786,0.000000,16.044568
3231,6640.441128,0.000000,45.000000,186.750000,0.000000,360.000000
3238,6640.441128,0.000000,45.000000,183.240251,0.000000,303.844011
3239,6640.441128,0.000000,45.000000,182.738858,0.000000,295.821727
3241,6640.441128,0.000000,45.000000,181.736072,0.000000,279.777159
3242,6640.441128,0.000000,45.000000,181.234680,0.000000,271.754875
3244,6640.441128,0.000000,45.000000,180.231894,0.000000,255.710306
3246,6640.441128,0.000000,45.000000,179.229109,0.000000,239.665738
3248,6640.441128,0.000000,45.000000,178.226323,0.000000,223.621170
3250,6640.441128,0.000000,45.000000,177.223538,0.000000,207.576602
3254,6640.441128,0.000000,45.000000,175.217967,0.000000,175.487465
3255,6640.441128,0.000000,45.000000,174.716574,0.000000,167.465181
3256,6640.441128,0.000000,45.000000,174.215181,0.000000,159.442897
3258,6640.441128,0.000000,45.000000,173.212396,0.000000,143.398329
3259,6640.441128,0.000000,45.000000,172.711003,0.000000,135.376045
3260,6640.441128,0.000000,45.000000,172.209610,0.000000,127.353760
3261,6640.441128,0.000000,45.000000,171.708217,0.000000,119.331476
3263,6640.441128,0.000000,45.000000,170.705432,0.000000,103.286908
3265,6640.441128,0.000000,45.000000,169.702646,0.000000,87.242340
3267,6640.441128,0.000000,45.000000,168.699861,0.000000,71.197772
3268,6640.441128,0.000000,45.000000,168.198468,0.000000,63.175487
3271,6640.441128,0.000000,45.000000,166.694290,0.000000,39.108635
3273,6640.441128,0.000000,45.000000,165.691504,0.000000,23.064067
3275,6640.441128,0.000000,45.000000,164.688719,0.000000,7.019499
3276,6640.441128,0.000000,45.000000,164.187326,0.000000,358.997214
3278,6640.441128,0.000000,45.000000,163.184540,0.000000,342.952646
3280,6640.441128,0.000000,45.000000,162.181755,0.000000,326.908078
3281,6640.441128,0.000000,45.000000,161.680362,0.000000,318.885794
3282,6640.441128,0.000000,45.000000,161.178969,0.000000,310.863510
3284,6640.441128,0.000000,45.000000,160.176184,0.000000,294.818942
3285,6640.441128,0.000000,45.000000,159.674791,0.000000,286.796657
3287,6640.441128,0.000000,45.000000,158.672006,0.000000,270.752089
3288,6640.441128,0.000000,45.000000,158.170613,0.000000,262.729805
3290,6640.441128,0.000000,45.000000,157.167827,0.000000,246.685237
3294,6640.441128,0.000000,45.000000,155.162256,0.000000,214.596100
3295,6640.441128,0.000000,45.000000,154.660864,0.000000,206.573816
3296,6640.441128,0.000000,45.000000,154.159471,0.000000,198.551532
3297,6640.441128,0.000000,45.000000,153.658078,0.000000,190.529248
3298,6640.441128,0.000000,45.000000,153.156685,0.000000,182.506964
3307,6640.441128,0.000000,45.000000,148.644150,0.000000,110.306407
3311,6640.441128,0.000000,45.000000,146.638579,0.000000,78.217270
3314,6640.441128,0.000000,45.000000,145.134401,0.000000,54.150418
3315,6640.441128,0.000000,45.000000,144.633008,0.000000,46.128134
3317,6640.441128,0.000000,45.000000,143.630223,0.000000,30.083565
3319,6640.441128,0.000000,45.000000,142.627437,0.000000,14.038997
3321,6640.441128,0.000000,45.000000,141.624652,0.000000,357.994429
3322,6640.441128,0.000000,45.000000,141.123259,0.000000,349.972145
3323,6640.441128,0.000000,45.000000,140.621866,0.000000,341.949861
3324,6640.441128,0.000000,45.000000,140.120474,0.000000,333.927577
3328,6640.441128,0.000000,45.000000,138.114903,0.000000,301.838440
3331,6640.441128,0.000000,45.000000,136.610724,0.000000,277.771588
3334,6640.441128,0.000000,45.000000,135.106546,0.000000,253.704735
3336,6640.441128,0.000000,45.000000,134.103760,0.000000,237.660167
3338,6640.441128,0.000000,45.000000,133.100975,0.000000,221.615599
3339,6640.441128,0.000000,45.000000,132.599582,0.000000,213.593315
3343,6640.441128,0.000000,45.000000,130.594011,0.000000,181.504178
3344,6640.441128,0.000000,45.000000,130.092618,0.000000,173.481894
3345,6640.441128,0.000000,45.000000,129.591226,0.000000,165.459610
3348,6640.441128,0.000000,45.000000,128.087047,0.000000,141.392758
3349,6640.441128,0.000000,45.000000,127.585655,0.000000,133.370474
3351,6640.441128,0.000000,45.000000,126.582869,0.000000,117.325905
3352,6640.441128,0.000000,45.000000,126.081476,0.000000,109.303621
3354,6640.441128,0.000000,45.000000,125.078691,0.000000,93.259053
3355,6640.441128,0.000000,45.000000,124.577298,0.000000,85.236769
3356,6640.441128,0.000000,45.000000,124.075905,0.000000,77.214485
3357,6640.441128,0.000000,45.000000,123.574513,0.000000,69.192201
3361,6640.441128,0.000000,45.000000,121.568942,0.000000,37.103064
3363,6640.441128,0.000000,45.000000,120.566156,0.000000,21.058496
3369,6640.441128,0.000000,45.000000,117.557799,0.000000,332.924791
3372,6640.441128,0.000000,45.000000,116.053621,0.000000,308.857939
3375,6640.441128,0.000000,45.000000,114.549443,0.000000,284.791086
3378,6640.441128,0.000000,45.000000,113.045265,0.000000,260.724234
3379,6640.441128,0.000000,45.000000,112.543872,0.000000,252.701950
3383,6640.441128,0.000000,45.000000,110.538301,0.000000,220.612813
3385,6640.441128,0.000000,45.000000,109.535515,0.000000,204.568245
3386,6640.441128,0.000000,45.000000,109.034123,0.000000,196.545961
3388,6640.441128,0.000000,45.000000,108.031337,0.000000,180.501393
3390,6640.441128,0.000000,45.000000,107.028552,0.000000,164.456825
3392,6640.441128,0.000000,45.000000,106.025766,0.000000,148.412256
3394,6640.441128,0.000000,45.000000,105.022981,0.000000,132.367688
3395,6640.441128,0.000000,45.000000,104.521588,0.000000,124.345404
3397,6640.441128,0.000000,45.000000,103.518802,0.000000,108.300836
3402,6640.441128,0.000000,45.000000,101.011838,0.000000,68.189415
3403,6640.441128,0.000000,45.000000,100.510446,0.000000,60.167131
3404,6640.441128,0.000000,45.000000,100.009053,0.000000,52.144847
3405,6640.441128,0.000000,45.000000,99.507660,0.000000,44.122563
3407,6640.441128,0.000000,45.000000,98.504875,0.000000,28.077994
3409,6640.441128,0.000000,45.000000,97.502089,0.000000,12.033426
3411,6640.441128,0.000000,45.000000,96.499304,0.000000,355.988858
3412,6640.441128,0.000000,45.000000,95.997911,0.000000,347.966574
3414,6640.441128,0.000000,45.000000,94.995125,0.000000,331.922006
3416,6640.441128,0.000000,45.000000,93.992340,0.000000,315.877437
3418,6640.441128,0.000000,45.000000,92.989554,0.000000,299.832869
3420,6640.441128,0.000000,45.000000,91.986769,0.000000,283.788301
3421,6640.441128,0.000000,45.000000,91.485376,0.000000,275.766017
3422,6640.441128,0.000000,45.000000,90.983983,0.000000,267.743733
3424,6640.441128,0.000000,45.000000,89.981198,0.000000,251.699164
3426,6640.441128,0.000000,45.000000,88.978412,0.000000,235.654596
3427,6640.441128,0.000000,45.000000,88.477019,0.000000,227.632312
3429,6640.441128,0.000000,45.000000,87.474234,0.000000,211.587744
3431,6640.441128,0.000000,45.000000,86.471448,0.000000,195.543175
3432,6640.441128,0.000000,45.000000,85.970056,0.000000,187.520891
3434,6640.441128,0.000000,45.000000,84.967270,0.000000,171.476323
3436,6640.441128,0.000000,45.000000,83.964485,0.000000,155.431755
3437,6640.441128,0.000000,45.000000,83.463092,0.000000,147.409471
3439,6640.441128,0.000000,45.000000,82.460306,0.000000,131.364903
3441,6640.441128,0.000000,45.000000,81.457521,0.000000,115.320334
3445,6640.441128,0.000000,45.000000,79.451950,0.000000,83.231198
3446,6640.441128,0.000000,45.000000,78.950557,0.000000,75.208914
3447,6640.441128,0.000000,45.000000,78.449164,0.000000,67.186630
3448,6640.441128,0.000000,45.000000,77.947772,0.000000,59.164345
3449,6640.441128,0.000000,45.000000,77.446379,0.000000,51.142061
3451,6640.441128,0.000000,45.000000,76.443593,0.000000,35.097493
3453,6640.441128,0.000000,45.000000,75.440808,0.000000,19.052925
3456,6640.441128,0.000000,45.000000,73.936630,0.000000,354.986072
3458,6640.441128,0.000000,45.000000,72.933844,0.000000,338.941504
3462,6640.441128,0.000000,45.000000,70.928273,0.000000,306.852368
3463,6640.441128,0.000000,45.000000,70.426880,0.000000,298.830084
3465,6640.441128,0.000000,45.000000,69.424095,0.000000,282.785515
3466,6640.441128,0.000000,45.000000,68.922702,0.000000,274.763231
3467,6640.441128,0.000000,45.000000,68.421309,0.000000,266.740947
3468,6640.441128,0.000000,45.000000,67.919916,0.000000,258.718663
3470,6640.441128,0.000000,45.000000,66.917131,0.000000,242.674095
3471,6640.441128,0.000000,45.000000,66.415738,0.000000,234.651811
3473,6640.441128,0.000000,45.000000,65.412953,0.000000,218.607242
3474,6640.441128,0.000000,45.000000,64.911560,0.000000,210.584958
3477,6640.441128,0.000000,45.000000,63.407382,0.000000,186.518106
3478,6640.441128,0.000000,45.000000,62.905989,0.000000,178.495822
3480,6640.441128,0.000000,45.000000,61.903203,0.000000,162.451253
3481,6640.441128,0.000000,45.000000,61.401811,0.000000,154.428969
3483,6640.441128,0.000000,45.000000,60.399025,0.000000,138.384401
3485,6640.441128,0.000000,45.000000,59.396240,0.000000,122.339833
3487,6640.441128,0.000000,45.000000,58.393454,0.000000,106.295265
3489,6640.441128,0.000000,45.000000,57.390669,0.000000,90.250696
3490,6640.441128,0.000000,45.000000,56.889276,0.000000,82.228412
3492,6640.441128,0.000000,45.000000,55.886490,0.000000,66.183844
3493,6640.441128,0.000000,45.000000,55.385097,0.000000,58.161560
3494,6640.441128,0.000000,45.000000,54.883705,0.000000,50.139276
3495,6640.441128,0.000000,45.000000,54.382312,0.000000,42.116992
3496,6640.441128,0.000000,45.000000,53.880919,0.000000,34.094708
3498,6640.441128,0.000000,45.000000,52.878134,0.000000,18.050139
3499,6640.441128,0.000000,45.000000,52.376741,0.000000,10.027855
3500,6640.441128,0.000000,45.000000,51.875348,0.000000,2.005571
3503,6640.441128,0.000000,45.000000,50.371170,0.000000,337.938719
3505,6640.441128,0.000000,45.000000,49.368384,0.000000,321.894150
3506,6640.441128,0.000000,45.000000,48.866992,0.000000,313.871866
3507,6640.441128,0.000000,45.000000,48.365599,0.000000,305.849582
3509,6640.441128,0.000000,45.000000,47.362813,0.000000,289.805014
3512,6640.441128,0.000000,45.000000,45.858635,0.000000,265.738162
3515,6640.441128,0.000000,45.000000,44.354457,0.000000,241.671309
3518,6640.441128,0.000000,45.000000,42.850279,0.000000,217.604457
3519,6640.441128,0.000000,45.000000,42.348886,0.000000,209.582173
3520,6640.441128,0.000000,45.000000,41.847493,0.000000,201.559889
3521,6640.441128,0.000000,45.000000,41.346100,0.000000,193.537604
3522,6640.441128,0.000000,45.000000,40.844708,0.000000,185.515320
3523,6640.441128,0.000000,45.000000,40.343315,0.000000,177.493036
3525,6640.441128,0.000000,45.000000,39.340529,0.000000,161.448468
3526,6640.441128,0.000000,45.000000,38.839136,0.000000,153.426184
3529,6640.441128,0.000000,45.000000,37.334958,0.000000,129.359331
3533,6640.441128,0.000000,45.000000,35.329387,0.000000,97.270195
3535,6640.441128,0.000000,45.000000,34.326602,0.000000,81.225627
3537,6640.441128,0.000000,45.000000,33.323816,0.000000,65.181058
3541,6640.441128,0.000000,45.000000,31.318245,0.000000,33.091922
3545,6640.441128,0.000000,45.000000,29.312674,0.000000,1.002786
3546,6640.441128,0.000000,45.000000,28.811281,0.000000,352.980501
3547,6640.441128,0.000000,45.000000,28.309889,0.000000,344.958217
3548,6640.441128,0.000000,45.000000,27.808496,0.000000,336.935933
3553,6640.441128,0.000000,45.000000,25.301532,0.000000,296.824513
3556,6640.441128,0.000000,45.000000,23.797354,0.000000,272.757660
3559,6640.441128,0.000000,45.000000,22.293175,0.000000,248.690808
3560,6640.441128,0.000000,45.000000,21.791783,0.000000,240.668524
3564,6640.441128,0.000000,45.000000,19.786212,0.000000,208.579387
3565,6640.441128,0.000000,45.000000,19.284819,0.000000,200.557103
3566,6640.441128,0.000000,45.000000,18.783426,0.000000,192.534819
3567,6640.441128,0.000000,45.000000,18.282033,0.000000,184.512535
3569,6640.441128,0.000000,45.000000,17.279248,0.000000,168.467967
3572,6640.441128,0.000000,45.000000,15.775070,0.000000,144.401114
3575,6640.441128,0.000000,45.000000,14.270891,0.000000,120.334262
3576,6640.441128,0.000000,45.000000,13.769499,0.000000,112.311978
3577,6640.441128,0.000000,45.000000,13.268106,0.000000,104.289694
3580,6640.441128,0.000000,45.000000,11.763928,0.000000,80.222841
3582,6640.441128,0.000000,45.000000,10.761142,0.000000,64.178273
3583,6640.441128,0.000000,45.000000,10.259749,0.000000,56.155989
3589,6640.441128,0.000000,45.000000,7.251393,0.000000,8.022284
4337,6640.441128,0.000000,38.000000,358.959610,0.000000,127.353760
4344,6640.441128,0.000000,38.000000,355.449861,0.000000,71.197772
4378,6640.441128,0.000000,38.000000,338.402507,0.000000,158.440111
4413,6640.441128,0.000000,38.000000,320.853760,0.000000,237.660167
4432,6640.441128,0.000000,38.000000,311.327298,0.000000,85.236769
4565,6640.441128,0.000000,38.000000,244.642061,0.000000,98.272981
4569,6640.441128,0.000000,38.000000,242.636490,0.000000,66.183844
4578,6640.441128,0.000000,38.000000,238.123955,0.000000,353.983287
4619,6640.441128,0.000000,38.000000,217.566852,0.000000,25.069638
4694,6640.441128,0.000000,38.000000,179.962396,0.000000,143.398329
4705,6640.441128,0.000000,38.000000,174.447075,0.000000,55.153203
4707,6640.441128,0.000000,38.000000,173.444290,0.000000,39.108635
4714,6640.441128,0.000000,38.000000,169.934540,0.000000,342.952646
4720,6640.441128,0.000000,38.000000,166.926184,0.000000,294.818942
4740,6640.441128,0.000000,38.000000,156.898329,0.000000,134.373259
4747,6640.441128,0.000000,38.000000,153.388579,0.000000,78.217270
4748,6640.441128,0.000000,38.000000,152.887187,0.000000,70.194986
4750,6640.441128,0.000000,38.000000,151.884401,0.000000,54.150418
4765,6640.441128,0.000000,38.000000,144.363510,0.000000,293.816156
4767,6640.441128,0.000000,38.000000,143.360724,0.000000,277.771588
4790,6640.441128,0.000000,38.000000,131.828691,0.000000,93.259053
4808,6640.441128,0.000000,38.000000,122.803621,0.000000,308.857939
4816,6640.441128,0.000000,38.000000,118.792479,0.000000,244.679666
4817,6640.441128,0.000000,38.000000,118.291086,0.000000,236.657382
4837,6640.441128,0.000000,38.000000,108.263231,0.000000,76.211699
4888,6640.441128,0.000000,38.000000,82.692201,0.000000,27.075209
4894,6640.441128,0.000000,38.000000,79.683844,0.000000,338.941504
4904,6640.441128,0.000000,38.000000,74.669916,0.000000,258.718663
4935,6640.441128,0.000000,38.000000,59.126741,0.000000,10.027855
4941,6640.441128,0.000000,38.000000,56.118384,0.000000,321.894150
4962,6640.441128,0.000000,38.000000,45.589136,0.000000,153.426184
4992,6640.441128,0.000000,38.000000,30.547354,0.000000,272.757660
4996,6640.441128,0.000000,38.000000,28.541783,0.000000,240.668524
5005,6640.441128,0.000000,38.000000,24.029248,0.000000,168.467967
5744,6640.441128,0.000000,48.000000,9.000000,0.000000,0.000000
5745,6640.441128,0.000000,48.000000,8.498607,0.000000,351.977716
5746,6640.441128,0.000000,48.000000,7.997214,0.000000,343.955432
5747,6640.441128,0.000000,48.000000,7.495822,0.000000,335.933148
5748,6640.441128,0.000000,48.000000,6.994429,0.000000,327.910864
5749,6640.441128,0.000000,48.000000,6.493036,0.000000,319.888579
5750,6640.441128,0.000000,48.000000,5.991643,0.000000,311.866295
5751,6640.441128,0.000000,48.000000,5.490251,0.000000,303.844011
5752,6640.441128,0.000000,48.000000,4.988858,0.000000,295.821727
5753,6640.441128,0.000000,48.000000,4.487465,0.000000,287.799443
5754,6640.441128,0.000000,48.000000,3.986072,0.000000,279.777159
5755,6640.441128,0.000000,48.000000,3.484680,0.000000,271.754875
5756,6640.441128,0.000000,48.000000,2.983287,0.000000,263.732591
5757,6640.441128,0.000000,48.000000,2.481894,0.000000,255.710306
5758,6640.441128,0.000000,48.000000,1.980501,0.000000,247.688022
5759,6640.441128,0.000000,48.000000,1.479109,0.000000,239.665738
5760,6640.441128,0.000000,48.000000,0.977716,0.000000,231.643454
5761,6640.441128,0.000000,48.000000,0.476323,0.000000,223.621170
5762,6640.441128,0.000000,48.000000,359.974930,0.000000,215.598886
5763,6640.441128,0.000000,48.000000,359.473538,0.000000,207.576602
5764,6640.441128,0.000000,48.000000,358.972145,0.000000,199.554318
5765,6640.441128,0.000000,48.000000,358.470752,0.000000,191.532033
5766,6640.441128,0.000000,48.000000,357.969359,0.000000,183.509749
5767,6640.441128,0.000000,48.000000,357.467967,0.000000,175.487465
5768,6640.441128,0.000000,48.000000,356.966574,0.000000,167.465181
5769,6640.441128,0.000000,48.000000,356.465181,0.000000,159.442897
5770,6640.441128,0.000000,48.000000,355.963788,0.000000,151.420613
5771,6640.441128,0.000000,48.000000,355.462396,0.000000,143.398329
5772,6640.441128,0.000000,48.000000,354.961003,0.000000,135.376045
5773,6640.441128,0.000000,48.000000,354.459610,0.000000,127.353760
5774,6640.441128,0.000000,48.000000,353.958217,0.000000,119.331476
5775,6640.441128,0.000000,48.000000,353.456825,0.000000,111.309192
5776,6640.441128,0.000000,48.000000,352.955432,0.000000,103.286908
5777,6640.441128,0.000000,48.000000,352.454039,0.000000,95.264624
5778,6640.441128,0.000000,48.000000,351.952646,0.000000,87.242340
5779,6640.441128,0.000000,48.000000,351.451253,0.000000,79.220056
5780,6640.441128,0.000000,48.000000,350.949861,0.000000,71.197772
5781,6640.441128,0.000000,48.000000,350.448468,0.000000,63.175487
5782,6640.441128,0.000000,48.000000,349.947075,0.000000,55.153203
5783,6640.441128,0.000000,48.000000,349.445682,0.000000,47.130919
5784,6640.441128,0.000000,48.000000,348.944290,0.000000,39.108635
5785,6640.441128,0.000000,48.000000,348.442897,0.000000,31.086351
5786,6640.441128,0.000000,48.000000,347.941504,0.000000,23.064067
5787,6640.441128,0.000000,48.000000,347.440111,0.000000,15.041783
5788,6640.441128,0.000000,48.000000,346.938719,0.000000,7.019499
5789,6640.441128,0.000000,48.000000,346.437326,0.000000,358.997214
5790,6640.441128,0.000000,48.000000,345.935933,0.000000,350.974930
5791,6640.441128,0.000000,48.000000,345.434540,0.000000,342.952646
5792,6640.441128,0.000000,48.000000,344.933148,0.000000,334.930362
5793,6640.441128,0.000000,48.000000,344.431755,0.000000,326.908078
5794,6640.441128,0.000000,48.000000,343.930362,0.000000,318.885794
5795,6640.441128,0.000000,48.000000,343.428969,0.000000,310.863510
5796,6640.441128,0.000000,48.000000,342.927577,0.000000,302.841226
5797,6640.441128,0.000000,48.000000,342.426184,0.000000,294.818942
5798,6640.441128,0.000000,48.000000,341.924791,0.000000,286.796657
5799,6640.441128,0.000000,48.000000,341.423398,0.000000,278.774373
5800,6640.441128,0.000000,48.000000,340.922006,0.000000,270.752089
5801,6640.441128,0.000000,48.000000,340.420613,0.000000,262.729805
5802,6640.441128,0.000000,48.000000,339.919220,0.000000,254.707521
5803,6640.441128,0.000000,48.000000,339.417827,0.000000,246.685237
5804,6640.441128,0.000000,48.000000,338.916435,0.000000,238.662953
5805,6640.441128,0.000000,48.000000,338.415042,0.000000,230.640669
5806,6640.441128,0.000000,48.000000,337.913649,0.000000,222.618384
5807,6640.441128,0.000000,48.000000,337.412256,0.000000,214.596100
5808,6640.441128,0.000000,48.000000,336.910864,0.000000,206.573816
5809,6640.441128,0.000000,48.000000,336.409471,0.000000,198.551532
5810,6640.441128,0.000000,48.000000,335.908078,0.000000,190.529248
5811,6640.441128,0.000000,48.000000,335.406685,0.000000,182.506964
5812,6640.441128,0.000000,48.000000,334.905292,0.000000,174.484680
5813,6640.441128,0.000000,48.000000,334.403900,0.000000,166.462396
5814,6640.441128,0.000000,48.000000,333.902507,0.000000,158.440111
5815,6640.441128,0.000000,48.000000,333.401114,0.000000,150.417827
5816,6640.441128,0.000000,48.000000,332.899721,0.000000,142.395543
5817,6640.441128,0.000000,48.000000,332.398329,0.000000,134.373259
5818,6640.441128,0.000000,48.000000,331.896936,0.000000,126.350975
5819,6640.441128,0.000000,48.000000,331.395543,0.000000,118.328691
5820,6640.441128,0.000000,48.000000,330.894150,0.000000,110.306407
5821,6640.441128,0.000000,48.000000,330.392758,0.000000,102.284123
5822,6640.441128,0.000000,48.000000,329.891365,0.000000,94.261838
5823,6640.441128,0.000000,48.000000,329.389972,0.000000,86.239554
5824,6640.441128,0.000000,48.000000,328.888579,0.000000,78.217270
5825,6640.441128,0.000000,48.000000,328.387187,0.000000,70.194986
5826,6640.441128,0.000000,48.000000,327.885794,0.000000,62.172702
5827,6640.441128,0.000000,48.000000,327.384401,0.000000,54.150418
5828,6640.441128,0.000000,48.000000,326.883008,0.000000,46.128134
5829,6640.441128,0.000000,48.000000,326.381616,0.000000,38.105850
5830,6640.441128,0.000000,48.000000,325.880223,0.000000,30.083565
5831,6640.441128,0.000000,48.000000,325.378830,0.000000,22.061281
5832,6640.441128,0.000000,48.000000,324.877437,0.000000,14.038997
5833,6640.441128,0.000000,48.000000,324.376045,0.000000,6.016713
5834,6640.441128,0.000000,48.000000,323.874652,0.000000,357.994429
5835,6640.441128,0.000000,48.000000,323.373259,0.000000,349.972145
5836,6640.441128,0.000000,48.000000,322.871866,0.000000,341.949861
5837,6640.441128,0.000000,48.000000,322.370474,0.000000,333.927577
5838,6640.441128,0.000000,48.000000,321.869081,0.000000,325.905292
5839,6640.441128,0.000000,48.000000,321.367688,0.000000,317.883008
5840,6640.441128,0.000000,48.000000,320.866295,0.000000,309.860724
5841,6640.441128,0.000000,48.000000,320.364903,0.000000,301.838440
5842,6640.441128,0.000000,48.000000,319.863510,0.000000,293.816156
5843,6640.441128,0.000000,48.000000,319.362117,0.000000,285.793872
5844,6640.441128,0.000000,48.000000,318.860724,0.000000,277.771588
5845,6640.441128,0.000000,48.000000,318.359331,0.000000,269.749304
5846,6640.441128,0.000000,48.000000,317.857939,0.000000,261.727019
5847,6640.441128,0.000000,48.000000,317.356546,0.000000,253.704735
5848,6640.441128,0.000000,48.000000,316.855153,0.000000,245.682451
5849,6640.441128,0.000000,48.000000,316.353760,0.000000,237.660167
5850,6640.441128,0.000000,48.000000,315.852368,0.000000,229.637883
5851,6640.441128,0.000000,48.000000,315.350975,0.000000,221.615599
5852,6640.441128,0.000000,48.000000,314.849582,0.000000,213.593315
5853,6640.441128,0.000000,48.000000,314.348189,0.000000,205.571031
5854,6640.441128,0.000000,48.000000,313.846797,0.000000,197.548747
5855,6640.441128,0.000000,48.000000,313.345404,0.000000,189.526462
5856,6640.441128,0.000000,48.000000,312.844011,0.000000,181.504178
5857,6640.441128,0.000000,48.000000,312.342618,0.000000,173.481894
5858,6640.441128,0.000000,48.000000,311.841226,0.000000,165.459610
5859,6640.441128,0.000000,48.000000,311.339833,0.000000,157.437326
5860,6640.441128,0.000000,48.000000,310.838440,0.000000,149.415042
5861,6640.441128,0.000000,48.000000,310.337047,0.000000,141.392758
5862,6640.441128,0.000000,48.000000,309.835655,0.000000,133.370474
5863,6640.441128,0.000000,48.000000,309.334262,0.000000,125.348189
5864,6640.441128,0.000000,48.000000,308.832869,0.000000,117.325905
5865,6640.441128,0.000000,48.000000,308.331476,0.000000,109.303621
5866,6640.441128,0.000000,48.000000,307.830084,0.000000,101.281337
5867,6640.441128,0.000000,48.000000,307.328691,0.000000,93.259053
5868,6640.441128,0.000000,48.000000,306.827298,0.000000,85.236769
5869,6640.441128,0.000000,48.000000,306.325905,0.000000,77.214485
5870,6640.441128,0.000000,48.000000,305.824513,0.000000,69.192201
5871,6640.441128,0.000000,48.000000,305.323120,0.000000,61.169916
5872,6640.441128,0.000000,48.000000,304.821727,0.000000,53.147632
5873,6640.441128,0.000000,48.000000,304.320334,0.000000,45.125348
5874,6640.441128,0.000000,48.000000,303.818942,0.000000,37.103064
5875,6640.441128,0.000000,48.000000,303.317549,0.000000,29.080780
5876,6640.441128,0.000000,48.000000,302.816156,0.000000,21.058496
5877,6640.441128,0.000000,48.000000,302.314763,0.000000,13.036212
5878,6640.441128,0.000000,48.000000,301.813370,0.000000,5.013928
5879,6640.441128,0.000000,48.000000,301.311978,0.000000,356.991643
5880,6640.441128,0.000000,48.000000,300.810585,0.000000,348.969359
5881,6640.441128,0.000000,48.000000,300.309192,0.000000,340.947075
5882,6640.441128,0.000000,48.000000,299.807799,0.000000,332.924791
5883,6640.441128,0.000000,48.000000,299.306407,0.000000,324.902507
5884,6640.441128,0.000000,48.000000,298.805014,0.000000,316.880223
5885,6640.441128,0.000000,48.000000,298.303621,0.000000,308.857939
5886,6640.441128,0.000000,48.000000,297.802228,0.000000,300.835655
5887,6640.441128,0.000000,48.000000,297.300836,0.000000,292.813370
5888,6640.441128,0.000000,48.000000,296.799443,0.000000,284.791086
5889,6640.441128,0.000000,48.000000,296.298050,0.000000,276.768802
5890,6640.441128,0.000000,48.000000,295.796657,0.000000,268.746518
5891,6640.441128,0.000000,48.000000,295.295265,0.000000,260.724234
5892,6640.441128,0.000000,48.000000,294.793872,0.000000,252.701950
5893,6640.441128,0.000000,48.000000,294.292479,0.000000,244.679666
5894,6640.441128,0.000000,48.000000,293.791086,0.000000,236.657382
5895,6640.441128,0.000000,48.000000,293.289694,0.000000,228.635097
5896,6640.441128,0.000000,48.000000,292.788301,0.000000,220.612813
5897,6640.441128,0.000000,48.000000,292.286908,0.000000,212.590529
5898,6640.441128,0.000000,48.000000,291.785515,0.000000,204.568245
5899,6640.441128,0.000000,48.000000,291.284123,0.000000,196.545961
5900,6640.441128,0.000000,48.000000,290.782730,0.000000,188.523677
5901,6640.441128,0.000000,48.000000,290.281337,0.000000,180.501393
5902,6640.441128,0.000000,48.000000,289.779944,0.000000,172.479109
5903,6640.441128,0.000000,48.000000,289.278552,0.000000,164.456825
5904,6640.441128,0.000000,48.000000,288.777159,0.000000,156.434540
5905,6640.441128,0.000000,48.000000,288.275766,0.000000,148.412256
5906,6640.441128,0.000000,48.000000,287.774373,0.000000,140.389972
5907,6640.441128,0.000000,48.000000,287.272981,0.000000,132.367688
5908,6640.441128,0.000000,48.000000,286.771588,0.000000,124.345404
5909,6640.441128,0.000000,48.000000,286.270195,0.000000,116.323120
5910,6640.441128,0.000000,48.000000,285.768802,0.000000,108.300836
5911,6640.441128,0.000000,48.000000,285.267409,0.000000,100.278552
5912,6640.441128,0.000000,48.000000,284.766017,0.000000,92.256267
5913,6640.441128,0.000000,48.000000,284.264624,0.000000,84.233983
5914,6640.441128,0.000000,48.000000,283.763231,0.000000,76.211699
5915,6640.441128,0.000000,48.000000,283.261838,0.000000,68.189415
5916,6640.441128,0.000000,48.000000,282.760446,0.000000,60.167131
5917,6640.441128,0.000000,48.000000,282.259053,0.000000,52.144847
5918,6640.441128,0.000000,48.000000,281.757660,0.000000,44.122563
5919,6640.441128,0.000000,48.000000,281.256267,0.000000,36.100279
5920,6640.441128,0.000000,48.000000,280.754875,0.000000,28.077994
5921,6640.441128,0.000000,48.000000,280.253482,0.000000,20.055710
5922,6640.441128,0.000000,48.000000,279.752089,0.000000,12.033426
5923,6640.441128,0.000000,48.000000,279.250696,0.000000,4.011142
5924,6640.441128,0.000000,48.000000,278.749304,0.000000,355.988858
5925,6640.441128,0.000000,48.000000,278.247911,0.000000,347.966574
5926,6640.441128,0.000000,48.000000,277.746518,0.000000,339.944290
5927,6640.441128,0.000000,48.000000,277.245125,0.000000,331.922006
5928,6640.441128,0.000000,48.000000,276.743733,0.000000,323.899721
5929,6640.441128,0.000000,48.000000,276.242340,0.000000,315.877437
5930,6640.441128,0.000000,48.000000,275.740947,0.000000,307.855153
5931,6640.441128,0.000000,48.000000,275.239554,0.000000,299.832869
5932,6640.441128,0.000000,48.000000,274.738162,0.000000,291.810585
5933,6640.441128,0.000000,48.000000,274.236769,0.000000,283.788301
5934,6640.441128,0.000000,48.000000,273.735376,0.000000,275.766017
5935,6640.441128,0.000000,48.000000,273.233983,0.000000,267.743733
5936,6640.441128,0.000000,48.000000,272.732591,0.000000,259.721448
5937,6640.441128,0.000000,48.000000,272.231198,0.000000,251.699164
5938,6640.441128,0.000000,48.000000,271.729805,0.000000,243.676880
5939,6640.441128,0.000000,48.000000,271.228412,0.000000,235.654596
5940,6640.441128,0.000000,48.000000,270.727019,0.000000,227.632312
5941,6640.441128,0.000000,48.000000,270.225627,0.000000,219.610028
5942,6640.441128,0.000000,48.000000,269.724234,0.000000,211.587744
5943,6640.441128,0.000000,48.000000,269.222841,0.000000,203.565460
5944,6640.441128,0.000000,48.000000,268.721448,0.000000,195.543175
5945,6640.441128,0.000000,48.000000,268.220056,0.000000,187.520891
5946,6640.441128,0.000000,48.000000,267.718663,0.000000,179.498607
5947,6640.441128,0.000000,48.000000,267.217270,0.000000,171.476323
5948,6640.441128,0.000000,48.000000,266.715877,0.000000,163.454039
5949,6640.441128,0.000000,48.000000,266.214485,0.000000,155.431755
5950,6640.441128,0.000000,48.000000,265.713092,0.000000,147.409471
5951,6640.441128,0.000000,48.000000,265.211699,0.000000,139.387187
5952,6640.441128,0.000000,48.000000,264.710306,0.000000,131.364903
5953,6640.441128,0.000000,48.000000,264.208914,0.000000,123.342618
5954,6640.441128,0.000000,48.000000,263.707521,0.000000,115.320334
5955,6640.441128,0.000000,48.000000,263.206128,0.000000,107.298050
5956,6640.441128,0.000000,48.000000,262.704735,0.000000,99.275766
5957,6640.441128,0.000000,48.000000,262.203343,0.000000,91.253482
5958,6640.441128,0.000000,48.000000,261.701950,0.000000,83.231198
5959,6640.441128,0.000000,48.000000,261.200557,0.000000,75.208914
5960,6640.441128,0.000000,48.000000,260.699164,0.000000,67.186630
5961,6640.441128,0.000000,48.000000,260.197772,0.000000,59.164345
5962,6640.441128,0.000000,48.000000,259.696379,0.000000,51.142061
5963,6640.441128,0.000000,48.000000,259.194986,0.000000,43.119777
5964,6640.441128,0.000000,48.000000,258.693593,0.000000,35.097493
5965,6640.441128,0.000000,48.000000,258.192201,0.000000,27.075209
5966,6640.441128,0.000000,48.000000,257.690808,0.000000,19.052925
5967,6640.441128,0.000000,48.000000,257.189415,0.000000,11.030641
5968,6640.441128,0.000000,48.000000,256.688022,0.000000,3.008357
5969,6640.441128,0.000000,48.000000,256.186630,0.000000,354.986072
5970,6640.441128,0.000000,48.000000,255.685237,0.000000,346.963788
5971,6640.441128,0.000000,48.000000,255.183844,0.000000,338.941504
5973,6640.441128,0.000000,48.000000,254.181058,0.000000,322.896936
5974,6640.441128,0.000000,48.000000,253.679666,0.000000,314.874652
5975,6640.441128,0.000000,48.000000,253.178273,0.000000,306.852368
5976,6640.441128,0.000000,48.000000,252.676880,0.000000,298.830084
5977,6640.441128,0.000000,48.000000,252.175487,0.000000,290.807799
5978,6640.441128,0.000000,48.000000,251.674095,0.000000,282.785515
5979,6640.441128,0.000000,48.000000,251.172702,0.000000,274.763231
5980,6640.441128,0.000000,48.000000,250.671309,0.000000,266.740947
5981,6640.441128,0.000000,48.000000,250.169916,0.000000,258.718663
5982,6640.441128,0.000000,48.000000,249.668524,0.000000,250.696379
5983,6640.441128,0.000000,48.000000,249.167131,0.000000,242.674095
5984,6640.441128,0.000000,48.000000,248.665738,0.000000,234.651811
5985,6640.441128,0.000000,48.000000,248.164345,0.000000,226.629526
5986,6640.441128,0.000000,48.000000,247.662953,0.000000,218.607242
5987,6640.441128,0.000000,48.000000,247.161560,0.000000,210.584958
5988,6640.441128,0.000000,48.000000,246.660167,0.000000,202.562674
5989,6640.441128,0.000000,48.000000,246.158774,0.000000,194.540390
5990,6640.441128,0.000000,48.000000,245.657382,0.000000,186.518106
5991,6640.441128,0.000000,48.000000,245.155989,0.000000,178.495822
5992,6640.441128,0.000000,48.000000,244.654596,0.000000,170.473538
5993,6640.441128,0.000000,48.000000,244.153203,0.000000,162.451253
5994,6640.441128,0.000000,48.000000,243.651811,0.000000,154.428969
5995,6640.441128,0.000000,48.000000,243.150418,0.000000,146.406685
5996,6640.441128,0.000000,48.000000,242.649025,0.000000,138.384401
5997,6640.441128,0.000000,48.000000,242.147632,0.000000,130.362117
5998,6640.441128,0.000000,48.000000,241.646240,0.000000,122.339833
5999,6640.441128,0.000000,48.000000,241.144847,0.000000,114.317549
6000,6640.441128,0.000000,48.000000,240.643454,0.000000,106.295265
6001,6640.441128,0.000000,48.000000,240.142061,0.000000,98.272981
6002,6640.441128,0.000000,48.000000,239.640669,0.000000,90.250696
6003,6640.441128,0.000000,48.000000,239.139276,0.000000,82.228412
6004,6640.441128,0.000000,48.000000,238.637883,0.000000,74.206128
6005,6640.441128,0.000000,48.000000,238.136490,0.000000,66.183844
6006,6640.441128,0.000000,48.000000,237.635097,0.000000,58.161560
6007,6640.441128,0.000000,48.000000,237.133705,0.000000,50.139276
6008,6640.441128,0.000000,48.000000,236.632312,0.000000,42.116992
6010,6640.441128,0.000000,48.000000,235.629526,0.000000,26.072423
6011,6640.441128,0.000000,48.000000,235.128134,0.000000,18.050139
6012,6640.441128,0.000000,48.000000,234.626741,0.000000,10.027855
6013,6640.441128,0.000000,48.000000,234.125348,0.000000,2.005571
6014,6640.441128,0.000000,48.000000,233.623955,0.000000,353.983287
6015,6640.441128,0.000000,48.000000,233.122563,0.000000,345.961003
6016,6640.441128,0.000000,48.000000,232.621170,0.000000,337.938719
6017,6640.441128,0.000000,48.000000,232.119777,0.000000,329.916435
6018,6640.441128,0.000000,48.000000,231.618384,0.000000,321.894150
6019,6640.441128,0.000000,48.000000,231.116992,0.000000,313.871866
6020,6640.441128,0.000000,48.000000,230.615599,0.000000,305.849582
6021,6640.441128,0.000000,48.000000,230.114206,0.000000,297.827298
6022,6640.441128,0.000000,48.000000,229.612813,0.000000,289.805014
6023,6640.441128,0.000000,48.000000,229.111421,0.000000,281.782730
6024,6640.441128,0.000000,48.000000,228.610028,0.000000,273.760446
6025,6640.441128,0.000000,48.000000,228.108635,0.000000,265.738162
6026,6640.441128,0.000000,48.000000,227.607242,0.000000,257.715877
6027,6640.441128,0.000000,48.000000,227.105850,0.000000,249.693593
6028,6640.441128,0.000000,48.000000,226.604457,0.000000,241.671309
6029,6640.441128,0.000000,48.000000,226.103064,0.000000,233.649025
6030,6640.441128,0.000000,48.000000,225.601671,0.000000,225.626741
6031,6640.441128,0.000000,48.000000,225.100279,0.000000,217.604457
6032,6640.441128,0.000000,48.000000,224.598886,0.000000,209.582173
6033,6640.441128,0.000000,48.000000,224.097493,0.000000,201.559889
6034,6640.441128,0.000000,48.000000,223.596100,0.000000,193.537604
6035,6640.441128,0.000000,48.000000,223.094708,0.000000,185.515320
6036,6640.441128,0.000000,48.000000,222.593315,0.000000,177.493036
6037,6640.441128,0.000000,48.000000,222.091922,0.000000,169.470752
6038,6640.441128,0.000000,48.000000,221.590529,0.000000,161.448468
6039,6640.441128,0.000000,48.000000,221.089136,0.000000,153.426184
6040,6640.441128,0.000000,48.000000,220.587744,0.000000,145.403900
6041,6640.441128,0.000000,48.000000,220.086351,0.000000,137.381616
6042,6640.441128,0.000000,48.000000,219.584958,0.000000,129.359331
6043,6640.441128,0.000000,48.000000,219.083565,0.000000,121.337047
6044,6640.441128,0.000000,48.000000,218.582173,0.000000,113.314763
6045,6640.441128,0.000000,48.000000,218.080780,0.000000,105.292479
6046,6640.441128,0.000000,48.000000,217.579387,0.000000,97.270195
6047,6640.441128,0.000000,48.000000,217.077994,0.000000,89.247911
6048,6640.441128,0.000000,48.000000,216.576602,0.000000,81.225627
6049,6640.441128,0.000000,48.000000,216.075209,0.000000,73.203343
6050,6640.441128,0.000000,48.000000,215.573816,0.000000,65.181058
6051,6640.441128,0.000000,48.000000,215.072423,0.000000,57.158774
6052,6640.441128,0.000000,48.000000,214.571031,0.000000,49.136490
6053,6640.441128,0.000000,48.000000,214.069638,0.000000,41.114206
6054,6640.441128,0.000000,48.000000,213.568245,0.000000,33.091922
6055,6640.441128,0.000000,48.000000,213.066852,0.000000,25.069638
6056,6640.441128,0.000000,48.000000,212.565460,0.000000,17.047354
6057,6640.441128,0.000000,48.000000,212.064067,0.000000,9.025070
6058,6640.441128,0.000000,48.000000,211.562674,0.000000,1.002786
6059,6640.441128,0.000000,48.000000,211.061281,0.000000,352.980501
6060,6640.441128,0.000000,48.000000,210.559889,0.000000,344.958217
6061,6640.441128,0.000000,48.000000,210.058496,0.000000,336.935933
6062,6640.441128,0.000000,48.000000,209.557103,0.000000,328.913649
6063,6640.441128,0.000000,48.000000,209.055710,0.000000,320.891365
6064,6640.441128,0.000000,48.000000,208.554318,0.000000,312.869081
6065,6640.441128,0.000000,48.000000,208.052925,0.000000,304.846797
6066,6640.441128,0.000000,48.000000,207.551532,0.000000,296.824513
6067,6640.441128,0.000000,48.000000,207.050139,0.000000,288.802228
6068,6640.441128,0.000000,48.000000,206.548747,0.000000,280.779944
6069,6640.441128,0.000000,48.000000,206.047354,0.000000,272.757660
6070,6640.441128,0.000000,48.000000,205.545961,0.000000,264.735376
6071,6640.441128,0.000000,48.000000,205.044568,0.000000,256.713092
6072,6640.441128,0.000000,48.000000,204.543175,0.000000,248.690808
6073,6640.441128,0.000000,48.000000,204.041783,0.000000,240.668524
6074,6640.441128,0.000000,48.000000,203.540390,0.000000,232.646240
6075,6640.441128,0.000000,48.000000,203.038997,0.000000,224.623955
6076,6640.441128,0.000000,48.000000,202.537604,0.000000,216.601671
6077,6640.441128,0.000000,48.000000,202.036212,0.000000,208.579387
6078,6640.441128,0.000000,48.000000,201.534819,0.000000,200.557103
6079,6640.441128,0.000000,48.000000,201.033426,0.000000,192.534819
6080,6640.441128,0.000000,48.000000,200.532033,0.000000,184.512535
6081,6640.441128,0.000000,48.000000,200.030641,0.000000,176.490251
6082,6640.441128,0.000000,48.000000,199.529248,0.000000,168.467967
6083,6640.441128,0.000000,48.000000,199.027855,0.000000,160.445682
6084,6640.441128,0.000000,48.000000,198.526462,0.000000,152.423398
6085,6640.441128,0.000000,48.000000,198.025070,0.000000,144.401114
6086,6640.441128,0.000000,48.000000,197.523677,0.000000,136.378830
6087,6640.441128,0.000000,48.000000,197.022284,0.000000,128.356546
6088,6640.441128,0.000000,48.000000,196.520891,0.000000,120.334262
6089,6640.441128,0.000000,48.000000,196.019499,0.000000,112.311978
6090,6640.441128,0.000000,48.000000,195.518106,0.000000,104.289694
6091,6640.441128,0.000000,48.000000,195.016713,0.000000,96.267409
6092,6640.441128,0.000000,48.000000,194.515320,0.000000,88.245125
6093,6640.441128,0.000000,48.000000,194.013928,0.000000,80.222841
6094,6640.441128,0.000000,48.000000,193.512535,0.000000,72.200557
6095,6640.441128,0.000000,48.000000,193.011142,0.000000,64.178273
6096,6640.441128,0.000000,48.000000,192.509749,0.000000,56.155989
6097,6640.441128,0.000000,48.000000,192.008357,0.000000,48.133705
6098,6640.441128,0.000000,48.000000,191.506964,0.000000,40.111421
6099,6640.441128,0.000000,48.000000,191.005571,0.000000,32.089136
6100,6640.441128,0.000000,48.000000,190.504178,0.000000,24.066852
6101,6640.441128,0.000000,48.000000,190.002786,0.000000,16.044568
6102,6640.441128,0.000000,48.000000,189.501393,0.000000,8.022284
6103,6640.441128,0.000000,48.000000,189.000000,0.000000,360.000000
6104,6640.441128,0.000000,48.000000,188.498607,0.000000,351.977716
6105,6640.441128,0.000000,48.000000,187.997214,0.000000,343.955432
6106,6640.441128,0.000000,48.000000,187.495822,0.000000,335.933148
6107,6640.441128,0.000000,48.000000,186.994429,0.000000,327.910864
6108,6640.441128,0.000000,48.000000,186.493036,0.000000,319.888579
6109,6640.441128,0.000000,48.000000,185.991643,0.000000,311.866295
6110,6640.441128,0.000000,48.000000,185.490251,0.000000,303.844011
6111,6640.441128,0.000000,48.000000,184.988858,0.000000,295.821727
6112,6640.441128,0.000000,48.000000,184.487465,0.000000,287.799443
6113,6640.441128,0.000000,48.000000,183.986072,0.000000,279.777159
6114,6640.441128,0.000000,48.000000,183.484680,0.000000,271.754875
6115,6640.441128,0.000000,48.000000,182.983287,0.000000,263.732591
6116,6640.441128,0.000000,48.000000,182.481894,0.000000,255.710306
6117,6640.441128,0.000000,48.000000,181.980501,0.000000,247.688022
6118,6640.441128,0.000000,48.000000,181.479109,0.000000,239.665738
6119,6640.441128,0.000000,48.000000,180.977716,0.000000,231.643454
6120,6640.441128,0.000000,48.000000,180.476323,0.000000,223.621170
6121,6640.441128,0.000000,48.000000,179.974930,0.000000,215.598886
6122,6640.441128,0.000000,48.000000,179.473538,0.000000,207.576602
6123,6640.441128,0.000000,48.000000,178.972145,0.000000,199.554318
6124,6640.441128,0.000000,48.000000,178.470752,0.000000,191.532033
6125,6640.441128,0.000000,48.000000,177.969359,0.000000,183.509749
6126,6640.441128,0.000000,48.000000,177.467967,0.000000,175.487465
6127,6640.441128,0.000000,48.000000,176.966574,0.000000,167.465181
6128,6640.441128,0.000000,48.000000,176.465181,0.000000,159.442897
6129,6640.441128,0.000000,48.000000,175.963788,0.000000,151.420613
6130,6640.441128,0.000000,48.000000,175.462396,0.000000,143.398329
6131,6640.441128,0.000000,48.000000,174.961003,0.000000,135.376045
6132,6640.441128,0.000000,48.000000,174.459610,0.000000,127.353760
6133,6640.441128,0.000000,48.000000,173.958217,0.000000,119.331476
6134,6640.441128,0.000000,48.000000,173.456825,0.000000,111.309192
6135,6640.441128,0.000000,48.000000,172.955432,0.000000,103.286908
6136,6640.441128,0.000000,48.000000,172.454039,0.000000,95.264624
6137,6640.441128,0.000000,48.000000,171.952646,0.000000,87.242340
6138,6640.441128,0.000000,48.000000,171.451253,0.000000,79.220056
6139,6640.441128,0.000000,48.000000,170.949861,0.000000,71.197772
6140,6640.441128,0.000000,48.000000,170.448468,0.000000,63.175487
6141,6640.441128,0.000000,48.000000,169.947075,0.000000,55.153203
6142,6640.441128,0.000000,48.000000,169.445682,0.000000,47.130919
6143,6640.441128,0.000000,48.000000,168.944290,0.000000,39.108635
6144,6640.441128,0.000000,48.000000,168.442897,0.000000,31.086351
6145,6640.441128,0.000000,48.000000,167.941504,0.000000,23.064067
6146,6640.441128,0.000000,48.000000,167.440111,0.000000,15.041783
6147,6640.441128,0.000000,48.000000,166.938719,0.000000,7.019499
6148,6640.441128,0.000000,48.000000,166.437326,0.000000,358.997214
6149,6640.441128,0.000000,48.000000,165.935933,0.000000,350.974930
6150,6640.441128,0.000000,48.000000,165.434540,0.000000,342.952646
6151,6640.441128,0.000000,48.000000,164.933148,0.000000,334.930362
6152,6640.441128,0.000000,48.000000,164.431755,0.000000,326.908078
6153,6640.441128,0.000000,48.000000,163.930362,0.000000,318.885794
6154,6640.441128,0.000000,48.000000,163.428969,0.000000,310.863510
6155,6640.441128,0.000000,48.000000,162.927577,0.000000,302.841226
6156,6640.441128,0.000000,48.000000,162.426184,0.000000,294.818942
6157,6640.441128,0.000000,48.000000,161.924791,0.000000,286.796657
6158,6640.441128,0.000000,48.000000,161.423398,0.000000,278.774373
6159,6640.441128,0.000000,48.000000,160.922006,0.000000,270.752089
6160,6640.441128,0.000000,48.000000,160.420613,0.000000,262.729805
6161,6640.441128,0.000000,48.000000,159.919220,0.000000,254.707521
6162,6640.441128,0.000000,48.000000,159.417827,0.000000,246.685237
6163,6640.441128,0.000000,48.000000,158.916435,0.000000,238.662953
6164,6640.441128,0.000000,48.000000,158.415042,0.000000,230.640669
6165,6640.441128,0.000000,48.000000,157.913649,0.000000,222.618384
6166,6640.441128,0.000000,48.000000,157.412256,0.000000,214.596100
6167,6640.441128,0.000000,48.000000,156.910864,0.000000,206.573816
6168,6640.441128,0.000000,48.000000,156.409471,0.000000,198.551532
6169,6640.441128,0.000000,48.000000,155.908078,0.000000,190.529248
6170,6640.441128,0.000000,48.000000,155.406685,0.000000,182.506964
6171,6640.441128,0.000000,48.000000,154.905292,0.000000,174.484680
6172,6640.441128,0.000000,48.000000,154.403900,0.000000,166.462396
6173,6640.441128,0.000000,48.000000,153.902507,0.000000,158.440111
6174,6640.441128,0.000000,48.000000,153.401114,0.000000,150.417827
6175,6640.441128,0.000000,48.000000,152.899721,0.000000,142.395543
6176,6640.441128,0.000000,48.000000,152.398329,0.000000,134.373259
6177,6640.441128,0.000000,48.000000,151.896936,0.000000,126.350975
6178,6640.441128,0.000000,48.000000,151.395543,0.000000,118.328691
6179,6640.441128,0.000000,48.000000,150.894150,0.000000,110.306407
6180,6640.441128,0.000000,48.000000,150.392758,0.000000,102.284123
6181,6640.441128,0.000000,48.000000,149.891365,0.000000,94.261838
6182,6640.441128,0.000000,48.000000,149.389972,0.000000,86.239554
6183,6640.441128,0.000000,48.000000,148.888579,0.000000,78.217270
6184,6640.441128,0.000000,48.000000,148.387187,0.000000,70.194986
6185,6640.441128,0.000000,48.000000,147.885794,0.000000,62.172702
6186,6640.441128,0.000000,48.000000,147.384401,0.000000,54.150418
6187,6640.441128,0.000000,48.000000,146.883008,0.000000,46.128134
6188,6640.441128,0.000000,48.000000,146.381616,0.000000,38.105850
6189,6640.441128,0.000000,48.000000,145.880223,0.000000,30.083565
6190,6640.441128,0.000000,48.000000,145.378830,0.000000,22.061281
6191,6640.441128,0.000000,48.000000,144.877437,0.000000,14.038997
6192,6640.441128,0.000000,48.000000,144.376045,0.000000,6.016713
6193,6640.441128,0.000000,48.000000,143.874652,0.000000,357.994429
6194,6640.441128,0.000000,48.000000,143.373259,0.000000,349.972145
6195,6640.441128,0.000000,48.000000,142.871866,0.000000,341.949861
6196,6640.441128,0.000000,48.000000,142.370474,0.000000,333.927577
6197,6640.441128,0.000000,48.000000,141.869081,0.000000,325.905292
6198,6640.441128,0.000000,48.000000,141.367688,0.000000,317.883008
6199,6640.441128,0.000000,48.000000,140.866295,0.000000,309.860724
6200,6640.441128,0.000000,48.000000,140.364903,0.000000,301.838440
6201,6640.441128,0.000000,48.000000,139.863510,0.000000,293.816156
6202,6640.441128,0.000000,48.000000,139.362117,0.000000,285.793872
6203,6640.441128,0.000000,48.000000,138.860724,0.000000,277.771588
6204,6640.441128,0.000000,48.000000,138.359331,0.000000,269.749304
6205,6640.441128,0.000000,48.000000,137.857939,0.000000,261.727019
6206,6640.441128,0.000000,48.000000,137.356546,0.000000,253.704735
6207,6640.441128,0.000000,48.000000,136.855153,0.000000,245.682451
6208,6640.441128,0.000000,48.000000,136.353760,0.000000,237.660167
6209,6640.441128,0.000000,48.000000,135.852368,0.000000,229.637883
6210,6640.441128,0.000000,48.000000,135.350975,0.000000,221.615599
6211,6640.441128,0.000000,48.000000,134.849582,0.000000,213.593315
6212,6640.441128,0.000000,48.000000,134.348189,0.000000,205.571031
6213,6640.441128,0.000000,48.000000,133.846797,0.000000,197.548747
6214,6640.441128,0.000000,48.000000,133.345404,0.000000,189.526462
6215,6640.441128,0.000000,48.000000,132.844011,0.000000,181.504178
6216,6640.441128,0.000000,48.000000,132.342618,0.000000,173.481894
6217,6640.441128,0.000000,48.000000,131.841226,0.000000,165.459610
6218,6640.441128,0.000000,48.000000,131.339833,0.000000,157.437326
6219,6640.441128,0.000000,48.000000,130.838440,0.000000,149.415042
6220,6640.441128,0.000000,48.000000,130.337047,0.000000,141.392758
6221,6640.441128,0.000000,48.000000,129.835655,0.000000,133.370474
6222,6640.441128,0.000000,48.000000,129.334262,0.000000,125.348189
6223,6640.441128,0.000000,48.000000,128.832869,0.000000,117.325905
6224,6640.441128,0.000000,48.000000,128.331476,0.000000,109.303621
6225,6640.441128,0.000000,48.000000,127.830084,0.000000,101.281337
6226,6640.441128,0.000000,48.000000,127.328691,0.000000,93.259053
6227,6640.441128,0.000000,48.000000,126.827298,0.000000,85.236769
6228,6640.441128,0.000000,48.000000,126.325905,0.000000,77.214485
6229,6640.441128,0.000000,48.000000,125.824513,0.000000,69.192201
6230,6640.441128,0.000000,48.000000,125.323120,0.000000,61.169916
6231,6640.441128,0.000000,48.000000,124.821727,0.000000,53.147632
6232,6640.441128,0.000000,48.000000,124.320334,0.000000,45.125348
6233,6640.441128,0.000000,48.000000,123.818942,0.000000,37.103064
6234,6640.441128,0.000000,48.000000,123.317549,0.000000,29.080780
6235,6640.441128,0.000000,48.000000,122.816156,0.000000,21.058496
6236,6640.441128,0.000000,48.000000,122.314763,0.000000,13.036212
6237,6640.441128,0.000000,48.000000,121.813370,0.000000,5.013928
6238,6640.441128,0.000000,48.000000,121.311978,0.000000,356.991643
6239,6640.441128,0.000000,48.000000,120.810585,0.000000,348.969359
6240,6640.441128,0.000000,48.000000,120.309192,0.000000,340.947075
6241,6640.441128,0.000000,48.000000,119.807799,0.000000,332.924791
6242,6640.441128,0.000000,48.000000,119.306407,0.000000,324.902507
6243,6640.441128,0.000000,48.000000,118.805014,0.000000,316.880223
6244,6640.441128,0.000000,48.000000,118.303621,0.000000,308.857939
6245,6640.441128,0.000000,48.000000,117.802228,0.000000,300.835655
6246,6640.441128,0.000000,48.000000,117.300836,0.000000,292.813370
6247,6640.441128,0.000000,48.000000,116.799443,0.000000,284.791086
6248,6640.441128,0.000000,48.000000,116.298050,0.000000,276.768802
6249,6640.441128,0.000000,48.000000,115.796657,0.000000,268.746518
6250,6640.441128,0.000000,48.000000,115.295265,0.000000,260.724234
6251,6640.441128,0.000000,48.000000,114.793872,0.000000,252.701950
6252,6640.441128,0.000000,48.000000,114.292479,0.000000,244.679666
6253,6640.441128,0.000000,48.000000,113.791086,0.000000,236.657382
6254,6640.441128,0.000000,48.000000,113.289694,0.000000,228.635097
6255,6640.441128,0.000000,48.000000,112.788301,0.000000,220.612813
6256,6640.441128,0.000000,48.000000,112.286908,0.000000,212.590529
6257,6640.441128,0.000000,48.000000,111.785515,0.000000,204.568245
6258,6640.441128,0.000000,48.000000,111.284123,0.000000,196.545961
6259,6640.441128,0.000000,48.000000,110.782730,0.000000,188.523677
6260,6640.441128,0.000000,48.000000,110.281337,0.000000,180.501393
6261,6640.441128,0.000000,48.000000,109.779944,0.000000,172.479109
6262,6640.441128,0.000000,48.000000,109.278552,0.000000,164.456825
6263,6640.441128,0.000000,48.000000,108.777159,0.000000,156.434540
6264,6640.441128,0.000000,48.000000,108.275766,0.000000,148.412256
6265,6640.441128,0.000000,48.000000,107.774373,0.000000,140.389972
6266,6640.441128,0.000000,48.000000,107.272981,0.000000,132.367688
6267,6640.441128,0.000000,48.000000,106.771588,0.000000,124.345404
6268,6640.441128,0.000000,48.000000,106.270195,0.000000,116.323120
6269,6640.441128,0.000000,48.000000,105.768802,0.000000,108.300836
6270,6640.441128,0.000000,48.000000,105.267409,0.000000,100.278552
6271,6640.441128,0.000000,48.000000,104.766017,0.000000,92.256267
6272,6640.441128,0.000000,48.000000,104.264624,0.000000,84.233983
6273,6640.441128,0.000000,48.000000,103.763231,0.000000,76.211699
6274,6640.441128,0.000000,48.000000,103.261838,0.000000,68.189415
6275,6640.441128,0.000000,48.000000,102.760446,0.000000,60.167131
6276,6640.441128,0.000000,48.000000,102.259053,0.000000,52.144847
6277,6640.441128,0.000000,48.000000,101.757660,0.000000,44.122563
6278,6640.441128,0.000000,48.000000,101.256267,0.000000,36.100279
6279,6640.441128,0.000000,48.000000,100.754875,0.000000,28.077994
6280,6640.441128,0.000000,48.000000,100.253482,0.000000,20.055710
6281,6640.441128,0.000000,48.000000,99.752089,0.000000,12.033426
6282,6640.441128,0.000000,48.000000,99.250696,0.000000,4.011142
6283,6640.441128,0.000000,48.000000,98.749304,0.000000,355.988858
6284,6640.441128,0.000000,48.000000,98.247911,0.000000,347.966574
6285,6640.441128,0.000000,48.000000,97.746518,0.000000,339.944290
6286,6640.441128,0.000000,48.000000,97.245125,0.000000,331.922006
6287,6640.441128,0.000000,48.000000,96.743733,0.000000,323.899721
6288,6640.441128,0.000000,48.000000,96.242340,0.000000,315.877437
6289,6640.441128,0.000000,48.000000,95.740947,0.000000,307.855153
6290,6640.441128,0.000000,48.000000,95.239554,0.000000,299.832869
6291,6640.441128,0.000000,48.000000,94.738162,0.000000,291.810585
6292,6640.441128,0.000000,48.000000,94.236769,0.000000,283.788301
6293,6640.441128,0.000000,48.000000,93.735376,0.000000,275.766017
6294,6640.441128,0.000000,48.000000,93.233983,0.000000,267.743733
6295,6640.441128,0.000000,48.000000,92.732591,0.000000,259.721448
6296,6640.441128,0.000000,48.000000,92.231198,0.000000,251.699164
6297,6640.441128,0.000000,48.000000,91.729805,0.000000,243.676880
6298,6640.441128,0.000000,48.000000,91.228412,0.000000,235.654596
6299,6640.441128,0.000000,48.000000,90.727019,0.000000,227.632312
6300,6640.441128,0.000000,48.000000,90.225627,0.000000,219.610028
6301,6640.441128,0.000000,48.000000,89.724234,0.000000,211.587744
6302,6640.441128,0.000000,48.000000,89.222841,0.000000,203.565460
6303,6640.441128,0.000000,48.000000,88.721448,0.000000,195.543175
6304,6640.441128,0.000000,48.000000,88.220056,0.000000,187.520891
6305,6640.441128,0.000000,48.000000,87.718663,0.000000,179.498607
6306,6640.441128,0.000000,48.000000,87.217270,0.000000,171.476323
6307,6640.441128,0.000000,48.000000,86.715877,0.000000,163.454039
6308,6640.441128,0.000000,48.000000,86.214485,0.000000,155.431755
6309,6640.441128,0.000000,48.000000,85.713092,0.000000,147.409471
6310,6640.441128,0.000000,48.000000,85.211699,0.000000,139.387187
6311,6640.441128,0.000000,48.000000,84.710306,0.000000,131.364903
6312,6640.441128,0.000000,48.000000,84.208914,0.000000,123.342618
6313,6640.441128,0.000000,48.000000,83.707521,0.000000,115.320334
6314,6640.441128,0.000000,48.000000,83.206128,0.000000,107.298050
6315,6640.441128,0.000000,48.000000,82.704735,0.000000,99.275766
6316,6640.441128,0.000000,48.000000,82.203343,0.000000,91.253482
6317,6640.441128,0.000000,48.000000,81.701950,0.000000,83.231198
6318,6640.441128,0.000000,48.000000,81.200557,0.000000,75.208914
6319,6640.441128,0.000000,48.000000,80.699164,0.000000,67.186630
6320,6640.441128,0.000000,48.000000,80.197772,0.000000,59.164345
6321,6640.441128,0.000000,48.000000,79.696379,0.000000,51.142061
6322,6640.441128,0.000000,48.000000,79.194986,0.000000,43.119777
6323,6640.441128,0.000000,48.000000,78.693593,0.000000,35.097493
6324,6640.441128,0.000000,48.000000,78.192201,0.000000,27.075209
6325,6640.441128,0.000000,48.000000,77.690808,0.000000,19.052925
6326,6640.441128,0.000000,48.000000,77.189415,0.000000,11.030641
6327,6640.441128,0.000000,48.000000,76.688022,0.000000,3.008357
6328,6640.441128,0.000000,48.000000,76.186630,0.000000,354.986072
6329,6640.441128,0.000000,48.000000,75.685237,0.000000,346.963788
6330,6640.441128,0.000000,48.000000,75.183844,0.000000,338.941504
6331,6640.441128,0.000000,48.000000,74.682451,0.000000,330.919220
6332,6640.441128,0.000000,48.000000,74.181058,0.000000,322.896936
6333,6640.441128,0.000000,48.000000,73.679666,0.000000,314.874652
6334,6640.441128,0.000000,48.000000,73.178273,0.000000,306.852368
6335,6640.441128,0.000000,48.000000,72.676880,0.000000,298.830084
6336,6640.441128,0.000000,48.000000,72.175487,0.000000,290.807799
6337,6640.441128,0.000000,48.000000,71.674095,0.000000,282.785515
6338,6640.441128,0.000000,48.000000,71.172702,0.000000,274.763231
6339,6640.441128,0.000000,48.000000,70.671309,0.000000,266.740947
6340,6640.441128,0.000000,48.000000,70.169916,0.000000,258.718663
6341,6640.441128,0.000000,48.000000,69.668524,0.000000,250.696379
6342,6640.441128,0.000000,48.000000,69.167131,0.000000,242.674095
6343,6640.441128,0.000000,48.000000,68.665738,0.000000,234.651811
6344,6640.441128,0.000000,48.000000,68.164345,0.000000,226.629526
6345,6640.441128,0.000000,48.000000,67.662953,0.000000,218.607242
6346,6640.441128,0.000000,48.000000,67.161560,0.000000,210.584958
6347,6640.441128,0.000000,48.000000,66.660167,0.000000,202.562674
6348,6640.441128,0.000000,48.000000,66.158774,0.000000,194.540390
6349,6640.441128,0.000000,48.000000,65.657382,0.000000,186.518106
6350,6640.441128,0.000000,48.000000,65.155989,0.000000,178.495822
6351,6640.441128,0.000000,48.000000,64.654596,0.000000,170.473538
6352,6640.441128,0.000000,48.000000,64.153203,0.000000,162.451253
6353,6640.441128,0.000000,48.000000,63.651811,0.000000,154.428969
6354,6640.441128,0.000000,48.000000,63.150418,0.000000,146.406685
6355,6640.441128,0.000000,48.000000,62.649025,0.000000,138.384401
6356,6640.441128,0.000000,48.000000,62.147632,0.000000,130.362117
6357,6640.441128,0.000000,48.000000,61.646240,0.000000,122.339833
6358,6640.441128,0.000000,48.000000,61.144847,0.000000,114.317549
6359,6640.441128,0.000000,48.000000,60.643454,0.000000,106.295265
6360,6640.441128,0.000000,48.000000,60.142061,0.000000,98.272981
6361,6640.441128,0.000000,48.000000,59.640669,0.000000,90.250696
6362,6640.441128,0.000000,48.000000,59.139276,0.000000,82.228412
6363,6640.441128,0.000000,48.000000,58.637883,0.000000,74.206128
6364,6640.441128,0.000000,48.000000,58.136490,0.000000,66.183844
6365,6640.441128,0.000000,48.000000,57.635097,0.000000,58.161560
6366,6640.441128,0.000000,48.000000,57.133705,0.000000,50.139276
6367,6640.441128,0.000000,48.000000,56.632312,0.000000,42.116992
6368,6640.441128,0.000000,48.000000,56.130919,0.000000,34.094708
6369,6640.441128,0.000000,48.000000,55.629526,0.000000,26.072423
6370,6640.441128,0.000000,48.000000,55.128134,0.000000,18.050139
6371,6640.441128,0.000000,48.000000,54.626741,0.000000,10.027855
6372,6640.441128,0.000000,48.000000,54.125348,0.000000,2.005571
6373,6640.441128,0.000000,48.000000,53.623955,0.000000,353.983287
6374,6640.441128,0.000000,48.000000,53.122563,0.000000,345.961003
6375,6640.441128,0.000000,48.000000,52.621170,0.000000,337.938719
6376,6640.441128,0.000000,48.000000,52.119777,0.000000,329.916435
6377,6640.441128,0.000000,48.000000,51.618384,0.000000,321.894150
6378,6640.441128,0.000000,48.000000,51.116992,0.000000,313.871866
6379,6640.441128,0.000000,48.000000,50.615599,0.000000,305.849582
6380,6640.441128,0.000000,48.000000,50.114206,0.000000,297.827298
6381,6640.441128,0.000000,48.000000,49.612813,0.000000,289.805014
6382,6640.441128,0.000000,48.000000,49.111421,0.000000,281.782730
6383,6640.441128,0.000000,48.000000,48.610028,0.000000,273.760446
6384,6640.441128,0.000000,48.000000,48.108635,0.000000,265.738162
6385,6640.441128,0.000000,48.000000,47.607242,0.000000,257.715877
6386,6640.441128,0.000000,48.000000,47.105850,0.000000,249.693593
6387,6640.441128,0.000000,48.000000,46.604457,0.000000,241.671309
6388,6640.441128,0.000000,48.000000,46.103064,0.000000,233.649025
6389,6640.441128,0.000000,48.000000,45.601671,0.000000,225.626741
6390,6640.441128,0.000000,48.000000,45.100279,0.000000,217.604457
6391,6640.441128,0.000000,48.000000,44.598886,0.000000,209.582173
6392,6640.441128,0.000000,48.000000,44.097493,0.000000,201.559889
6393,6640.441128,0.000000,48.000000,43.596100,0.000000,193.537604
6394,6640.441128,0.000000,48.000000,43.094708,0.000000,185.515320
6395,6640.441128,0.000000,48.000000,42.593315,0.000000,177.493036
6396,6640.441128,0.000000,48.000000,42.091922,0.000000,169.470752
6397,6640.441128,0.000000,48.000000,41.590529,0.000000,161.448468
6398,6640.441128,0.000000,48.000000,41.089136,0.000000,153.426184
6399,6640.441128,0.000000,48.000000,40.587744,0.000000,145.403900
6400,6640.441128,0.000000,48.000000,40.086351,0.000000,137.381616
6401,6640.441128,0.000000,48.000000,39.584958,0.000000,129.359331
6402,6640.441128,0.000000,48.000000,39.083565,0.000000,121.337047
6403,6640.441128,0.000000,48.000000,38.582173,0.000000,113.314763
6404,6640.441128,0.000000,48.000000,38.080780,0.000000,105.292479
6405,6640.441128,0.000000,48.000000,37.579387,0.000000,97.270195
6406,6640.441128,0.000000,48.000000,37.077994,0.000000,89.247911
6407,6640.441128,0.000000,48.000000,36.576602,0.000000,81.225627
6408,6640.441128,0.000000,48.000000,36.075209,0.000000,73.203343
6409,6640.441128,0.000000,48.000000,35.573816,0.000000,65.181058
6410,6640.441128,0.000000,48.000000,35.072423,0.000000,57.158774
6411,6640.441128,0.000000,48.000000,34.571031,0.000000,49.136490
6412,6640.441128,0.000000,48.000000,34.069638,0.000000,41.114206
6413,6640.441128,0.000000,48.000000,33.568245,0.000000,33.091922
6414,6640.441128,0.000000,48.000000,33.066852,0.000000,25.069638
6415,6640.441128,0.000000,48.000000,32.565460,0.000000,17.047354
6416,6640.441128,0.000000,48.000000,32.064067,0.000000,9.025070
6417,6640.441128,0.000000,48.000000,31.562674,0.000000,1.002786
6418,6640.441128,0.000000,48.000000,31.061281,0.000000,352.980501
6419,6640.441128,0.000000,48.000000,30.559889,0.000000,344.958217
6420,6640.441128,0.000000,48.000000,30.058496,0.000000,336.935933
6421,6640.441128,0.000000,48.000000,29.557103,0.000000,328.913649
6422,6640.441128,0.000000,48.000000,29.055710,0.000000,320.891365
6423,6640.441128,0.000000,48.000000,28.554318,0.000000,312.869081
6424,6640.441128,0.000000,48.000000,28.052925,0.000000,304.846797
6425,6640.441128,0.000000,48.000000,27.551532,0.000000,296.824513
6426,6640.441128,0.000000,48.000000,27.050139,0.000000,288.802228
6427,6640.441128,0.000000,48.000000,26.548747,0.000000,280.779944
6428,6640.441128,0.000000,48.000000,26.047354,0.000000,272.757660
6429,6640.441128,0.000000,48.000000,25.545961,0.000000,264.735376
6430,6640.441128,0.000000,48.000000,25.044568,0.000000,256.713092
6431,6640.441128,0.000000,48.000000,24.543175,0.000000,248.690808
6432,6640.441128,0.000000,48.000000,24.041783,0.000000,240.668524
6433,6640.441128,0.000000,48.000000,23.540390,0.000000,232.646240
6434,6640.441128,0.000000,48.000000,23.038997,0.000000,224.623955
6435,6640.441128,0.000000,48.000000,22.537604,0.000000,216.601671
6436,6640.441128,0.000000,48.000000,22.036212,0.000000,208.579387
6437,6640.441128,0.000000,48.000000,21.534819,0.000000,200.557103
6438,6640.441128,0.000000,48.000000,21.033426,0.000000,192.534819
6439,6640.441128,0.000000,48.000000,20.532033,0.000000,184.512535
6440,6640.441128,0.000000,48.000000,20.030641,0.000000,176.490251
6441,6640.441128,0.000000,48.000000,19.529248,0.000000,168.467967
6442,6640.441128,0.000000,48.000000,19.027855,0.000000,160.445682
6443,6640.441128,0.000000,48.000000,18.526462,0.000000,152.423398
6444,6640.441128,0.000000,48.000000,18.025070,0.000000,144.401114
6445,6640.441128,0.000000,48.000000,17.523677,0.000000,136.378830
6446,6640.441128,0.000000,48.000000,17.022284,0.000000,128.356546
6447,6640.441128,0.000000,48.000000,16.520891,0.000000,120.334262
6448,6640.441128,0.000000,48.000000,16.019499,0.000000,112.311978
6449,6640.441128,0.000000,48.000000,15.518106,0.000000,104.289694
6450,6640.441128,0.000000,48.000000,15.016713,0.000000,96.267409
6451,6640.441128,0.000000,48.000000,14.515320,0.000000,88.245125
6452,6640.441128,0.000000,48.000000,14.013928,0.000000,80.222841
6453,6640.441128,0.000000,48.000000,13.512535,0.000000,72.200557
6454,6640.441128,0.000000,48.000000,13.011142,0.000000,64.178273
6455,6640.441128,0.000000,48.000000,12.509749,0.000000,56.155989
6456,6640.441128,0.000000,48.000000,12.008357,0.000000,48.133705
6457,6640.441128,0.000000,48.000000,11.506964,0.000000,40.111421
6458,6640.441128,0.000000,48.000000,11.005571,0.000000,32.089136
6459,6640.441128,0.000000,48.000000,10.504178,0.000000,24.066852
6460,6640.441128,0.000000,48.000000,10.002786,0.000000,16.044568
6461,6640.441128,0.000000,48.000000,9.501393,0.000000,8.022284
6462,6640.441128,0.000000,49.000000,15.750000,0.000000,0.000000
6463,6640.441128,0.000000,49.000000,15.248607,0.000000,351.977716
6464,6640.441128,0.000000,49.000000,14.747214,0.000000,343.955432
6465,6640.441128,0.000000,49.000000,14.245822,0.000000,335.933148
6466,6640.441128,0.000000,49.000000,13.744429,0.000000,327.910864
6467,6640.441128,0.000000,49.000000,13.243036,0.000000,319.888579
6468,6640.441128,0.000000,49.000000,12.741643,0.000000,311.866295
6469,6640.441128,0.000000,49.000000,12.240251,0.000000,303.844011
6470,6640.441128,0.000000,49.000000,11.738858,0.000000,295.821727
6471,6640.441128,0.000000,49.000000,11.237465,0.000000,287.799443
6472,6640.441128,0.000000,49.000000,10.736072,0.000000,279.777159
6473,6640.441128,0.000000,49.000000,10.234680,0.000000,271.754875
6474,6640.441128,0.000000,49.000000,9.733287,0.000000,263.732591
6475,6640.441128,0.000000,49.000000,9.231894,0.000000,255.710306
6476,6640.441128,0.000000,49.000000,8.730501,0.000000,247.688022
6477,6640.441128,0.000000,49.000000,8.229109,0.000000,239.665738
6478,6640.441128,0.000000,49.000000,7.727716,0.000000,231.643454
6479,6640.441128,0.000000,49.000000,7.226323,0.000000,223.621170
6480,6640.441128,0.000000,49.000000,6.724930,0.000000,215.598886
6481,6640.441128,0.000000,49.000000,6.223538,0.000000,207.576602
6482,6640.441128,0.000000,49.000000,5.722145,0.000000,199.554318
6483,6640.441128,0.000000,49.000000,5.220752,0.000000,191.532033
6484,6640.441128,0.000000,49.000000,4.719359,0.000000,183.509749
6485,6640.441128,0.000000,49.000000,4.217967,0.000000,175.487465
6486,6640.441128,0.000000,49.000000,3.716574,0.000000,167.465181
6487,6640.441128,0.000000,49.000000,3.215181,0.000000,159.442897
6488,6640.441128,0.000000,49.000000,2.713788,0.000000,151.420613
6489,6640.441128,0.000000,49.000000,2.212396,0.000000,143.398329
6490,6640.441128,0.000000,49.000000,1.711003,0.000000,135.376045
6491,6640.441128,0.000000,49.000000,1.209610,0.000000,127.353760
6492,6640.441128,0.000000,49.000000,0.708217,0.000000,119.331476
6493,6640.441128,0.000000,49.000000,0.206825,0.000000,111.309192
6494,6640.441128,0.000000,49.000000,359.705432,0.000000,103.286908
6495,6640.441128,0.000000,49.000000,359.204039,0.000000,95.264624
6496,6640.441128,0.000000,49.000000,358.702646,0.000000,87.242340
6497,6640.441128,0.000000,49.000000,358.201253,0.000000,79.220056
6498,6640.441128,0.000000,49.000000,357.699861,0.000000,71.197772
6499,6640.441128,0.000000,49.000000,357.198468,0.000000,63.175487
6500,6640.441128,0.000000,49.000000,356.697075,0.000000,55.153203
6501,6640.441128,0.000000,49.000000,356.195682,0.000000,47.130919
6502,6640.441128,0.000000,49.000000,355.694290,0.000000,39.108635
6503,6640.441128,0.000000,49.000000,355.192897,0.000000,31.086351
6504,6640.441128,0.000000,49.000000,354.691504,0.000000,23.064067
6505,6640.441128,0.000000,49.000000,354.190111,0.000000,15.041783
6506,6640.441128,0.000000,49.000000,353.688719,0.000000,7.019499
6507,6640.441128,0.000000,49.000000,353.187326,0.000000,358.997214
6508,6640.441128,0.000000,49.000000,352.685933,0.000000,350.974930
6509,6640.441128,0.000000,49.000000,352.184540,0.000000,342.952646
6510,6640.441128,0.000000,49.000000,351.683148,0.000000,334.930362
6511,6640.441128,0.000000,49.000000,351.181755,0.000000,326.908078
6512,6640.441128,0.000000,49.000000,350.680362,0.000000,318.885794
6513,6640.441128,0.000000,49.000000,350.178969,0.000000,310.863510
6514,6640.441128,0.000000,49.000000,349.677577,0.000000,302.841226
6515,6640.441128,0.000000,49.000000,349.176184,0.000000,294.818942
6516,6640.441128,0.000000,49.000000,348.674791,0.000000,286.796657
6517,6640.441128,0.000000,49.000000,348.173398,0.000000,278.774373
6518,6640.441128,0.000000,49.000000,347.672006,0.000000,270.752089
6519,6640.441128,0.000000,49.000000,347.170613,0.000000,262.729805
6520,6640.441128,0.000000,49.000000,346.669220,0.000000,254.707521
6521,6640.441128,0.000000,49.000000,346.167827,0.000000,246.685237
6522,6640.441128,0.000000,49.000000,345.666435,0.000000,238.662953
6523,6640.441128,0.000000,49.000000,345.165042,0.000000,230.640669
6524,6640.441128,0.000000,49.000000,344.663649,0.000000,222.618384
6525,6640.441128,0.000000,49.000000,344.162256,0.000000,214.596100
6526,6640.441128,0.000000,49.000000,343.660864,0.000000,206.573816
6527,6640.441128,0.000000,49.000000,343.159471,0.000000,198.551532
6528,6640.441128,0.000000,49.000000,342.658078,0.000000,190.529248
6529,6640.441128,0.000000,49.000000,342.156685,0.000000,182.506964
6530,6640.441128,0.000000,49.000000,341.655292,0.000000,174.484680
6531,6640.441128,0.000000,49.000000,341.153900,0.000000,166.462396
6532,6640.441128,0.000000,49.000000,340.652507,0.000000,158.440111
6533,6640.441128,0.000000,49.000000,340.151114,0.000000,150.417827
6534,6640.441128,0.000000,49.000000,339.649721,0.000000,142.395543
6535,6640.441128,0.000000,49.000000,339.148329,0.000000,134.373259
6536,6640.441128,0.000000,49.000000,338.646936,0.000000,126.350975
6537,6640.441128,0.000000,49.000000,338.145543,0.000000,118.328691
6538,6640.441128,0.000000,49.000000,337.644150,0.000000,110.306407
6539,6640.441128,0.000000,49.000000,337.142758,0.000000,102.284123
6540,6640.441128,0.000000,49.000000,336.641365,0.000000,94.261838
6541,6640.441128,0.000000,49.000000,336.139972,0.000000,86.239554
6542,6640.441128,0.000000,49.000000,335.638579,0.000000,78.217270
6543,6640.441128,0.000000,49.000000,335.137187,0.000000,70.194986
6544,6640.441128,0.000000,49.000000,334.635794,0.000000,62.172702
6545,6640.441128,0.000000,49.000000,334.134401,0.000000,54.150418
6546,6640.441128,0.000000,49.000000,333.633008,0.000000,46.128134
6547,6640.441128,0.000000,49.000000,333.131616,0.000000,38.105850
6548,6640.441128,0.000000,49.000000,332.630223,0.000000,30.083565
6549,6640.441128,0.000000,49.000000,332.128830,0.000000,22.061281
6550,6640.441128,0.000000,49.000000,331.627437,0.000000,14.038997
6551,6640.441128,0.000000,49.000000,331.126045,0.000000,6.016713
6552,6640.441128,0.000000,49.000000,330.624652,0.000000,357.994429
6553,6640.441128,0.000000,49.000000,330.123259,0.000000,349.972145
6554,6640.441128,0.000000,49.000000,329.621866,0.000000,341.949861
6555,6640.441128,0.000000,49.000000,329.120474,0.000000,333.927577
6556,6640.441128,0.000000,49.000000,328.619081,0.000000,325.905292
6557,6640.441128,0.000000,49.000000,328.117688,0.000000,317.883008
6558,6640.441128,0.000000,49.000000,327.616295,0.000000,309.860724
6559,6640.441128,0.000000,49.000000,327.114903,0.000000,301.838440
6560,6640.441128,0.000000,49.000000,326.613510,0.000000,293.816156
6561,6640.441128,0.000000,49.000000,326.112117,0.000000,285.793872
6562,6640.441128,0.000000,49.000000,325.610724,0.000000,277.771588
6563,6640.441128,0.000000,49.000000,325.109331,0.000000,269.749304
6564,6640.441128,0.000000,49.000000,324.607939,0.000000,261.727019
6565,6640.441128,0.000000,49.000000,324.106546,0.000000,253.704735
6566,6640.441128,0.000000,49.000000,323.605153,0.000000,245.682451
6567,6640.441128,0.000000,49.000000,323.103760,0.000000,237.660167
6568,6640.441128,0.000000,49.000000,322.602368,0.000000,229.637883
6569,6640.441128,0.000000,49.000000,322.100975,0.000000,221.615599
6570,6640.441128,0.000000,49.000000,321.599582,0.000000,213.593315
6571,6640.441128,0.000000,49.000000,321.098189,0.000000,205.571031
6572,6640.441128,0.000000,49.000000,320.596797,0.000000,197.548747
6573,6640.441128,0.000000,49.000000,320.095404,0.000000,189.526462
6574,6640.441128,0.000000,49.000000,319.594011,0.000000,181.504178
6575,6640.441128,0.000000,49.000000,319.092618,0.000000,173.481894
6576,6640.441128,0.000000,49.000000,318.591226,0.000000,165.459610
6577,6640.441128,0.000000,49.000000,318.089833,0.000000,157.437326
6578,6640.441128,0.000000,49.000000,317.588440,0.000000,149.415042
6579,6640.441128,0.000000,49.000000,317.087047,0.000000,141.392758
6580,6640.441128,0.000000,49.000000,316.585655,0.000000,133.370474
6581,6640.441128,0.000000,49.000000,316.084262,0.000000,125.348189
6582,6640.441128,0.000000,49.000000,315.582869,0.000000,117.325905
6583,6640.441128,0.000000,49.000000,315.081476,0.000000,109.303621
6584,6640.441128,0.000000,49.000000,314.580084,0.000000,101.281337
6585,6640.441128,0.000000,49.000000,314.078691,0.000000,93.259053
6586,6640.441128,0.000000,49.000000,313.577298,0.000000,85.236769
6587,6640.441128,0.000000,49.000000,313.075905,0.000000,77.214485
6588,6640.441128,0.000000,49.000000,312.574513,0.000000,69.192201
6589,6640.441128,0.000000,49.000000,312.073120,0.000000,61.169916
6590,6640.441128,0.000000,49.000000,311.571727,0.000000,53.147632
6591,6640.441128,0.000000,49.000000,311.070334,0.000000,45.125348
6592,6640.441128,0.000000,49.000000,310.568942,0.000000,37.103064
6593,6640.441128,0.000000,49.000000,310.067549,0.000000,29.080780
6594,6640.441128,0.000000,49.000000,309.566156,0.000000,21.058496
6595,6640.441128,0.000000,49.000000,309.064763,0.000000,13.036212
6596,6640.441128,0.000000,49.000000,308.563370,0.000000,5.013928
6597,6640.441128,0.000000,49.000000,308.061978,0.000000,356.991643
6598,6640.441128,0.000000,49.000000,307.560585,0.000000,348.969359
6599,6640.441128,0.000000,49.000000,307.059192,0.000000,340.947075
6600,6640.441128,0.000000,49.000000,306.557799,0.000000,332.924791
6601,6640.441128,0.000000,49.000000,306.056407,0.000000,324.902507
6602,6640.441128,0.000000,49.000000,305.555014,0.000000,316.880223
6603,6640.441128,0.000000,49.000000,305.053621,0.000000,308.857939
6604,6640.441128,0.000000,49.000000,304.552228,0.000000,300.835655
6605,6640.441128,0.000000,49.000000,304.050836,0.000000,292.813370
6606,6640.441128,0.000000,49.000000,303.549443,0.000000,284.791086
6607,6640.441128,0.000000,49.000000,303.048050,0.000000,276.768802
6608,6640.441128,0.000000,49.000000,302.546657,0.000000,268.746518
6609,6640.441128,0.000000,49.000000,302.045265,0.000000,260.724234
6610,6640.441128,0.000000,49.000000,301.543872,0.000000,252.701950
6611,6640.441128,0.000000,49.000000,301.042479,0.000000,244.679666
6612,6640.441128,0.000000,49.000000,300.541086,0.000000,236.657382
6613,6640.441128,0.000000,49.000000,300.039694,0.000000,228.635097
6614,6640.441128,0.000000,49.000000,299.538301,0.000000,220.612813
6615,6640.441128,0.000000,49.000000,299.036908,0.000000,212.590529
6616,6640.441128,0.000000,49.000000,298.535515,0.000000,204.568245
6617,6640.441128,0.000000,49.000000,298.034123,0.000000,196.545961
6618,6640.441128,0.000000,49.000000,297.532730,0.000000,188.523677
6619,6640.441128,0.000000,49.000000,297.031337,0.000000,180.501393
6620,6640.441128,0.000000,49.000000,296.529944,0.000000,172.479109
6621,6640.441128,0.000000,49.000000,296.028552,0.000000,164.456825
6622,6640.441128,0.000000,49.000000,295.527159,0.000000,156.434540
6623,6640.441128,0.000000,49.000000,295.025766,0.000000,148.412256
6624,6640.441128,0.000000,49.000000,294.524373,0.000000,140.389972
6625,6640.441128,0.000000,49.000000,294.022981,0.000000,132.367688
6626,6640.441128,0.000000,49.000000,293.521588,0.000000,124.345404
6627,6640.441128,0.000000,49.000000,293.020195,0.000000,116.323120
6628,6640.441128,0.000000,49.000000,292.518802,0.000000,108.300836
6629,6640.441128,0.000000,49.000000,292.017409,0.000000,100.278552
6630,6640.441128,0.000000,49.000000,291.516017,0.000000,92.256267
6631,6640.441128,0.000000,49.000000,291.014624,0.000000,84.233983
6632,6640.441128,0.000000,49.000000,290.513231,0.000000,76.211699
6633,6640.441128,0.000000,49.000000,290.011838,0.000000,68.189415
6634,6640.441128,0.000000,49.000000,289.510446,0.000000,60.167131
6635,6640.441128,0.000000,49.000000,289.009053,0.000000,52.144847
6636,6640.441128,0.000000,49.000000,288.507660,0.000000,44.122563
6637,6640.441128,0.000000,49.000000,288.006267,0.000000,36.100279
6638,6640.441128,0.000000,49.000000,287.504875,0.000000,28.077994
6639,6640.441128,0.000000,49.000000,287.003482,0.000000,20.055710
6640,6640.441128,0.000000,49.000000,286.502089,0.000000,12.033426
6641,6640.441128,0.000000,49.000000,286.000696,0.000000,4.011142
6642,6640.441128,0.000000,49.000000,285.499304,0.000000,355.988858
6643,6640.441128,0.000000,49.000000,284.997911,0.000000,347.966574
6644,6640.441128,0.000000,49.000000,284.496518,0.000000,339.944290
6645,6640.441128,0.000000,49.000000,283.995125,0.000000,331.922006
6646,6640.441128,0.000000,49.000000,283.493733,0.000000,323.899721
6647,6640.441128,0.000000,49.000000,282.992340,0.000000,315.877437
6648,6640.441128,0.000000,49.000000,282.490947,0.000000,307.855153
6649,6640.441128,0.000000,49.000000,281.989554,0.000000,299.832869
6650,6640.441128,0.000000,49.000000,281.488162,0.000000,291.810585
6651,6640.441128,0.000000,49.000000,280.986769,0.000000,283.788301
6652,6640.441128,0.000000,49.000000,280.485376,0.000000,275.766017
6653,6640.441128,0.000000,49.000000,279.983983,0.000000,267.743733
6654,6640.441128,0.000000,49.000000,279.482591,0.000000,259.721448
6655,6640.441128,0.000000,49.000000,278.981198,0.000000,251.699164
6656,6640.441128,0.000000,49.000000,278.479805,0.000000,243.676880
6657,6640.441128,0.000000,49.000000,277.978412,0.000000,235.654596
6658,6640.441128,0.000000,49.000000,277.477019,0.000000,227.632312
6659,6640.441128,0.000000,49.000000,276.975627,0.000000,219.610028
6660,6640.441128,0.000000,49.000000,276.474234,0.000000,211.587744
6661,6640.441128,0.000000,49.000000,275.972841,0.000000,203.565460
6662,6640.441128,0.000000,49.000000,275.471448,0.000000,195.543175
6663,6640.441128,0.000000,49.000000,274.970056,0.000000,187.520891
6664,6640.441128,0.000000,49.000000,274.468663,0.000000,179.498607
6665,6640.441128,0.000000,49.000000,273.967270,0.000000,171.476323
6666,6640.441128,0.000000,49.000000,273.465877,0.000000,163.454039
6667,6640.441128,0.000000,49.000000,272.964485,0.000000,155.431755
6668,6640.441128,0.000000,49.000000,272.463092,0.000000,147.409471
6669,6640.441128,0.000000,49.000000,271.961699,0.000000,139.387187
6670,6640.441128,0.000000,49.000000,271.460306,0.000000,131.364903
6671,6640.441128,0.000000,49.000000,270.958914,0.000000,123.342618
6672,6640.441128,0.000000,49.000000,270.457521,0.000000,115.320334
6673,6640.441128,0.000000,49.000000,269.956128,0.000000,107.298050
6674,6640.441128,0.000000,49.000000,269.454735,0.000000,99.275766
6675,6640.441128,0.000000,49.000000,268.953343,0.000000,91.253482
6676,6640.441128,0.000000,49.000000,268.451950,0.000000,83.231198
6677,6640.441128,0.000000,49.000000,267.950557,0.000000,75.208914
6678,6640.441128,0.000000,49.000000,267.449164,0.000000,67.186630
6679,6640.441128,0.000000,49.000000,266.947772,0.000000,59.164345
6680,6640.441128,0.000000,49.000000,266.446379,0.000000,51.142061
6681,6640.441128,0.000000,49.000000,265.944986,0.000000,43.119777
6682,6640.441128,0.000000,49.000000,265.443593,0.000000,35.097493
6683,6640.441128,0.000000,49.000000,264.942201,0.000000,27.075209
6684,6640.441128,0.000000,49.000000,264.440808,0.000000,19.052925
6685,6640.441128,0.000000,49.000000,263.939415,0.000000,11.030641
6686,6640.441128,0.000000,49.000000,263.438022,0.000000,3.008357
6687,6640.441128,0.000000,49.000000,262.936630,0.000000,354.986072
6688,6640.441128,0.000000,49.000000,262.435237,0.000000,346.963788
6689,6640.441128,0.000000,49.000000,261.933844,0.000000,338.941504
6690,6640.441128,0.000000,49.000000,261.432451,0.000000,330.919220
6691,6640.441128,0.000000,49.000000,260.931058,0.000000,322.896936
6692,6640.441128,0.000000,49.000000,260.429666,0.000000,314.874652
6693,6640.441128,0.000000,49.000000,259.928273,0.000000,306.852368
6694,6640.441128,0.000000,49.000000,259.426880,0.000000,298.830084
6695,6640.441128,0.000000,49.000000,258.925487,0.000000,290.807799
6696,6640.441128,0.000000,49.000000,258.424095,0.000000,282.785515
6697,6640.441128,0.000000,49.000000,257.922702,0.000000,274.763231
6698,6640.441128,0.000000,49.000000,257.421309,0.000000,266.740947
6699,6640.441128,0.000000,49.000000,256.919916,0.000000,258.718663
6700,6640.441128,0.000000,49.000000,256.418524,0.000000,250.696379
6701,6640.441128,0.000000,49.000000,255.917131,0.000000,242.674095
6702,6640.441128,0.000000,49.000000,255.415738,0.000000,234.651811
6703,6640.441128,0.000000,49.000000,254.914345,0.000000,226.629526
6704,6640.441128,0.000000,49.000000,254.412953,0.000000,218.607242
6705,6640.441128,0.000000,49.000000,253.911560,0.000000,210.584958
6706,6640.441128,0.000000,49.000000,253.410167,0.000000,202.562674
6707,6640.441128,0.000000,49.000000,252.908774,0.000000,194.540390
6708,6640.441128,0.000000,49.000000,252.407382,0.000000,186.518106
6709,6640.441128,0.000000,49.000000,251.905989,0.000000,178.495822
6710,6640.441128,0.000000,49.000000,251.404596,0.000000,170.473538
6711,6640.441128,0.000000,49.000000,250.903203,0.000000,162.451253
6712,6640.441128,0.000000,49.000000,250.401811,0.000000,154.428969
6713,6640.441128,0.000000,49.000000,249.900418,0.000000,146.406685
6714,6640.441128,0.000000,49.000000,249.399025,0.000000,138.384401
6715,6640.441128,0.000000,49.000000,248.897632,0.000000,130.362117
6716,6640.441128,0.000000,49.000000,248.396240,0.000000,122.339833
6717,6640.441128,0.000000,49.000000,247.894847,0.000000,114.317549
6718,6640.441128,0.000000,49.000000,247.393454,0.000000,106.295265
6719,6640.441128,0.000000,49.000000,246.892061,0.000000,98.272981
6720,6640.441128,0.000000,49.000000,246.390669,0.000000,90.250696
6721,6640.441128,0.000000,49.000000,245.889276,0.000000,82.228412
6722,6640.441128,0.000000,49.000000,245.387883,0.000000,74.206128
6723,6640.441128,0.000000,49.000000,244.886490,0.000000,66.183844
6724,6640.441128,0.000000,49.000000,244.385097,0.000000,58.161560
6725,6640.441128,0.000000,49.000000,243.883705,0.000000,50.139276
6726,6640.441128,0.000000,49.000000,243.382312,0.000000,42.116992
6727,6640.441128,0.000000,49.000000,242.880919,0.000000,34.094708
6728,6640.441128,0.000000,49.000000,242.379526,0.000000,26.072423
6729,6640.441128,0.000000,49.000000,241.878134,0.000000,18.050139
6730,6640.441128,0.000000,49.000000,241.376741,0.000000,10.027855
6731,6640.441128,0.000000,49.000000,240.875348,0.000000,2.005571
6732,6640.441128,0.000000,49.000000,240.373955,0.000000,353.983287
6733,6640.441128,0.000000,49.000000,239.872563,0.000000,345.961003
6734,6640.441128,0.000000,49.000000,239.371170,0.000000,337.938719
6735,6640.441128,0.000000,49.000000,238.869777,0.000000,329.916435
6736,6640.441128,0.000000,49.000000,238.368384,0.000000,321.894150
6737,6640.441128,0.000000,49.000000,237.866992,0.000000,313.871866
6738,6640.441128,0.000000,49.000000,237.365599,0.000000,305.849582
6739,6640.441128,0.000000,49.000000,236.864206,0.000000,297.827298
6740,6640.441128,0.000000,49.000000,236.362813,0.000000,289.805014
6741,6640.441128,0.000000,49.000000,235.861421,0.000000,281.782730
6742,6640.441128,0.000000,49.000000,235.360028,0.000000,273.760446
6743,6640.441128,0.000000,49.000000,234.858635,0.000000,265.738162
6744,6640.441128,0.000000,49.000000,234.357242,0.000000,257.715877
6745,6640.441128,0.000000,49.000000,233.855850,0.000000,249.693593
6746,6640.441128,0.000000,49.000000,233.354457,0.000000,241.671309
6747,6640.441128,0.000000,49.000000,232.853064,0.000000,233.649025
6748,6640.441128,0.000000,49.000000,232.351671,0.000000,225.626741
6749,6640.441128,0.000000,49.000000,231.850279,0.000000,217.604457
6750,6640.441128,0.000000,49.000000,231.348886,0.000000,209.582173
6751,6640.441128,0.000000,49.000000,230.847493,0.000000,201.559889
6752,6640.441128,0.000000,49.000000,230.346100,0.000000,193.537604
6753,6640.441128,0.000000,49.000000,229.844708,0.000000,185.515320
6754,6640.441128,0.000000,49.000000,229.343315,0.000000,177.493036
6755,6640.441128,0.000000,49.000000,228.841922,0.000000,169.470752
6756,6640.441128,0.000000,49.000000,228.340529,0.000000,161.448468
6757,6640.441128,0.000000,49.000000,227.839136,0.000000,153.426184
6758,6640.441128,0.000000,49.000000,227.337744,0.000000,145.403900
6759,6640.441128,0.000000,49.000000,226.836351,0.000000,137.381616
6760,6640.441128,0.000000,49.000000,226.334958,0.000000,129.359331
6761,6640.441128,0.000000,49.000000,225.833565,0.000000,121.337047
6762,6640.441128,0.000000,49.000000,225.332173,0.000000,113.314763
6763,6640.441128,0.000000,49.000000,224.830780,0.000000,105.292479
6764,6640.441128,0.000000,49.000000,224.329387,0.000000,97.270195
6765,6640.441128,0.000000,49.000000,223.827994,0.000000,89.247911
6766,6640.441128,0.000000,49.000000,223.326602,0.000000,81.225627
6767,6640.441128,0.000000,49.000000,222.825209,0.000000,73.203343
6768,6640.441128,0.000000,49.000000,222.323816,0.000000,65.181058
6769,6640.441128,0.000000,49.000000,221.822423,0.000000,57.158774
6770,6640.441128,0.000000,49.000000,221.321031,0.000000,49.136490
6771,6640.441128,0.000000,49.000000,220.819638,0.000000,41.114206
6772,6640.441128,0.000000,49.000000,220.318245,0.000000,33.091922
6773,6640.441128,0.000000,49.000000,219.816852,0.000000,25.069638
6774,6640.441128,0.000000,49.000000,219.315460,0.000000,17.047354
6775,6640.441128,0.000000,49.000000,218.814067,0.000000,9.025070
6776,6640.441128,0.000000,49.000000,218.312674,0.000000,1.002786
6777,6640.441128,0.000000,49.000000,217.811281,0.000000,352.980501
6778,6640.441128,0.000000,49.000000,217.309889,0.000000,344.958217
6779,6640.441128,0.000000,49.000000,216.808496,0.000000,336.935933
6780,6640.441128,0.000000,49.000000,216.307103,0.000000,328.913649
6781,6640.441128,0.000000,49.000000,215.805710,0.000000,320.891365
6782,6640.441128,0.000000,49.000000,215.304318,0.000000,312.869081
6783,6640.441128,0.000000,49.000000,214.802925,0.000000,304.846797
6784,6640.441128,0.000000,49.000000,214.301532,0.000000,296.824513
6785,6640.441128,0.000000,49.000000,213.800139,0.000000,288.802228
6786,6640.441128,0.000000,49.000000,213.298747,0.000000,280.779944
6787,6640.441128,0.000000,49.000000,212.797354,0.000000,272.757660
6788,6640.441128,0.000000,49.000000,212.295961,0.000000,264.735376
6789,6640.441128,0.000000,49.000000,211.794568,0.000000,256.713092
6790,6640.441128,0.000000,49.000000,211.293175,0.000000,248.690808
6791,6640.441128,0.000000,49.000000,210.791783,0.000000,240.668524
6792,6640.441128,0.000000,49.000000,210.290390,0.000000,232.646240
6793,6640.441128,0.000000,49.000000,209.788997,0.000000,224.623955
6794,6640.441128,0.000000,49.000000,209.287604,0.000000,216.601671
6795,6640.441128,0.000000,49.000000,208.786212,0.000000,208.579387
6796,6640.441128,0.000000,49.000000,208.284819,0.000000,200.557103
6797,6640.441128,0.000000,49.000000,207.783426,0.000000,192.534819
6798,6640.441128,0.000000,49.000000,207.282033,0.000000,184.512535
6799,6640.441128,0.000000,49.000000,206.780641,0.000000,176.490251
6800,6640.441128,0.000000,49.000000,206.279248,0.000000,168.467967
6801,6640.441128,0.000000,49.000000,205.777855,0.000000,160.445682
6802,6640.441128,0.000000,49.000000,205.276462,0.000000,152.423398
6803,6640.441128,0.000000,49.000000,204.775070,0.000000,144.401114
6804,6640.441128,0.000000,49.000000,204.273677,0.000000,136.378830
6805,6640.441128,0.000000,49.000000,203.772284,0.000000,128.356546
6806,6640.441128,0.000000,49.000000,203.270891,0.000000,120.334262
6807,6640.441128,0.000000,49.000000,202.769499,0.000000,112.311978
6808,6640.441128,0.000000,49.000000,202.268106,0.000000,104.289694
6809,6640.441128,0.000000,49.000000,201.766713,0.000000,96.267409
6810,6640.441128,0.000000,49.000000,201.265320,0.000000,88.245125
6811,6640.441128,0.000000,49.000000,200.763928,0.000000,80.222841
6812,6640.441128,0.000000,49.000000,200.262535,0.000000,72.200557
6813,6640.441128,0.000000,49.000000,199.761142,0.000000,64.178273
6814,6640.441128,0.000000,49.000000,199.259749,0.000000,56.155989
6815,6640.441128,0.000000,49.000000,198.758357,0.000000,48.133705
6816,6640.441128,0.000000,49.000000,198.256964,0.000000,40.111421
6817,6640.441128,0.000000,49.000000,197.755571,0.000000,32.089136
6818,6640.441128,0.000000,49.000000,197.254178,0.000000,24.066852
6819,6640.441128,0.000000,49.000000,196.752786,0.000000,16.044568
6820,6640.441128,0.000000,49.000000,196.251393,0.000000,8.022284
6821,6640.441128,0.000000,49.000000,195.750000,0.000000,360.000000
6822,6640.441128,0.000000,49.000000,195.248607,0.000000,351.977716
6823,6640.441128,0.000000,49.000000,194.747214,0.000000,343.955432
6824,6640.441128,0.000000,49.000000,194.245822,0.000000,335.933148
6825,6640.441128,0.000000,49.000000,193.744429,0.000000,327.910864
6826,6640.441128,0.000000,49.000000,193.243036,0.000000,319.888579
6827,6640.441128,0.000000,49.000000,192.741643,0.000000,311.866295
6828,6640.441128,0.000000,49.000000,192.240251,0.000000,303.844011
6829,6640.441128,0.000000,49.000000,191.738858,0.000000,295.821727
6830,6640.441128,0.000000,49.000000,191.237465,0.000000,287.799443
6831,6640.441128,0.000000,49.000000,190.736072,0.000000,279.777159
6832,6640.441128,0.000000,49.000000,190.234680,0.000000,271.754875
6833,6640.441128,0.000000,49.000000,189.733287,0.000000,263.732591
6834,6640.441128,0.000000,49.000000,189.231894,0.000000,255.710306
6835,6640.441128,0.000000,49.000000,188.730501,0.000000,247.688022
6836,6640.441128,0.000000,49.000000,188.229109,0.000000,239.665738
6837,6640.441128,0.000000,49.000000,187.727716,0.000000,231.643454
6838,6640.441128,0.000000,49.000000,187.226323,0.000000,223.621170
6839,6640.441128,0.000000,49.000000,186.724930,0.000000,215.598886
6840,6640.441128,0.000000,49.000000,186.223538,0.000000,207.576602
6841,6640.441128,0.000000,49.000000,185.722145,0.000000,199.554318
6842,6640.441128,0.000000,49.000000,185.220752,0.000000,191.532033
6843,6640.441128,0.000000,49.000000,184.719359,0.000000,183.509749
6844,6640.441128,0.000000,49.000000,184.217967,0.000000,175.487465
6845,6640.441128,0.000000,49.000000,183.716574,0.000000,167.465181
6846,6640.441128,0.000000,49.000000,183.215181,0.000000,159.442897
6847,6640.441128,0.000000,49.000000,182.713788,0.000000,151.420613
6848,6640.441128,0.000000,49.000000,182.212396,0.000000,143.398329
6849,6640.441128,0.000000,49.000000,181.711003,0.000000,135.376045
6850,6640.441128,0.000000,49.000000,181.209610,0.000000,127.353760
6851,6640.441128,0.000000,49.000000,180.708217,0.000000,119.331476
6852,6640.441128,0.000000,49.000000,180.206825,0.000000,111.309192
6853,6640.441128,0.000000,49.000000,179.705432,0.000000,103.286908
6855,6640.441128,0.000000,49.000000,178.702646,0.000000,87.242340
6856,6640.441128,0.000000,49.000000,178.201253,0.000000,79.220056
6857,6640.441128,0.000000,49.000000,177.699861,0.000000,71.197772
6858,6640.441128,0.000000,49.000000,177.198468,0.000000,63.175487
6859,6640.441128,0.000000,49.000000,176.697075,0.000000,55.153203
6860,6640.441128,0.000000,49.000000,176.195682,0.000000,47.130919
6861,6640.441128,0.000000,49.000000,175.694290,0.000000,39.108635
6862,6640.441128,0.000000,49.000000,175.192897,0.000000,31.086351
6863,6640.441128,0.000000,49.000000,174.691504,0.000000,23.064067
6864,6640.441128,0.000000,49.000000,174.190111,0.000000,15.041783
6865,6640.441128,0.000000,49.000000,173.688719,0.000000,7.019499
6866,6640.441128,0.000000,49.000000,173.187326,0.000000,358.997214
6867,6640.441128,0.000000,49.000000,172.685933,0.000000,350.974930
6868,6640.441128,0.000000,49.000000,172.184540,0.000000,342.952646
6869,6640.441128,0.000000,49.000000,171.683148,0.000000,334.930362
6870,6640.441128,0.000000,49.000000,171.181755,0.000000,326.908078
6871,6640.441128,0.000000,49.000000,170.680362,0.000000,318.885794
6872,6640.441128,0.000000,49.000000,170.178969,0.000000,310.863510
6873,6640.441128,0.000000,49.000000,169.677577,0.000000,302.841226
6874,6640.441128,0.000000,49.000000,169.176184,0.000000,294.818942
6875,6640.441128,0.000000,49.000000,168.674791,0.000000,286.796657
6876,6640.441128,0.000000,49.000000,168.173398,0.000000,278.774373
6877,6640.441128,0.000000,49.000000,167.672006,0.000000,270.752089
6878,6640.441128,0.000000,49.000000,167.170613,0.000000,262.729805
6879,6640.441128,0.000000,49.000000,166.669220,0.000000,254.707521
6880,6640.441128,0.000000,49.000000,166.167827,0.000000,246.685237
6881,6640.441128,0.000000,49.000000,165.666435,0.000000,238.662953
6882,6640.441128,0.000000,49.000000,165.165042,0.000000,230.640669
6883,6640.441128,0.000000,49.000000,164.663649,0.000000,222.618384
6884,6640.441128,0.000000,49.000000,164.162256,0.000000,214.596100
6885,6640.441128,0.000000,49.000000,163.660864,0.000000,206.573816
6886,6640.441128,0.000000,49.000000,163.159471,0.000000,198.551532
6887,6640.441128,0.000000,49.000000,162.658078,0.000000,190.529248
6888,6640.441128,0.000000,49.000000,162.156685,0.000000,182.506964
6889,6640.441128,0.000000,49.000000,161.655292,0.000000,174.484680
6890,6640.441128,0.000000,49.000000,161.153900,0.000000,166.462396
6891,6640.441128,0.000000,49.000000,160.652507,0.000000,158.440111
6892,6640.441128,0.000000,49.000000,160.151114,0.000000,150.417827
6893,6640.441128,0.000000,49.000000,159.649721,0.000000,142.395543
6894,6640.441128,0.000000,49.000000,159.148329,0.000000,134.373259
6895,6640.441128,0.000000,49.000000,158.646936,0.000000,126.350975
6896,6640.441128,0.000000,49.000000,158.145543,0.000000,118.328691
6897,6640.441128,0.000000,49.000000,157.644150,0.000000,110.306407
6898,6640.441128,0.000000,49.000000,157.142758,0.000000,102.284123
6899,6640.441128,0.000000,49.000000,156.641365,0.000000,94.261838
6900,6640.441128,0.000000,49.000000,156.139972,0.000000,86.239554
6901,6640.441128,0.000000,49.000000,155.638579,0.000000,78.217270
6902,6640.441128,0.000000,49.000000,155.137187,0.000000,70.194986
6903,6640.441128,0.000000,49.000000,154.635794,0.000000,62.172702
6904,6640.441128,0.000000,49.000000,154.134401,0.000000,54.150418
6905,6640.441128,0.000000,49.000000,153.633008,0.000000,46.128134
6906,6640.441128,0.000000,49.000000,153.131616,0.000000,38.105850
6907,6640.441128,0.000000,49.000000,152.630223,0.000000,30.083565
6908,6640.441128,0.000000,49.000000,152.128830,0.000000,22.061281
6909,6640.441128,0.000000,49.000000,151.627437,0.000000,14.038997
6910,6640.441128,0.000000,49.000000,151.126045,0.000000,6.016713
6911,6640.441128,0.000000,49.000000,150.624652,0.000000,357.994429
6912,6640.441128,0.000000,49.000000,150.123259,0.000000,349.972145
6913,6640.441128,0.000000,49.000000,149.621866,0.000000,341.949861
6914,6640.441128,0.000000,49.000000,149.120474,0.000000,333.927577
6915,6640.441128,0.000000,49.000000,148.619081,0.000000,325.905292
6916,6640.441128,0.000000,49.000000,148.117688,0.000000,317.883008
6917,6640.441128,0.000000,49.000000,147.616295,0.000000,309.860724
6918,6640.441128,0.000000,49.000000,147.114903,0.000000,301.838440
6919,6640.441128,0.000000,49.000000,146.613510,0.000000,293.816156
6920,6640.441128,0.000000,49.000000,146.112117,0.000000,285.793872
6921,6640.441128,0.000000,49.000000,145.610724,0.000000,277.771588
6922,6640.441128,0.000000,49.000000,145.109331,0.000000,269.749304
6923,6640.441128,0.000000,49.000000,144.607939,0.000000,261.727019
6924,6640.441128,0.000000,49.000000,144.106546,0.000000,253.704735
6925,6640.441128,0.000000,49.000000,143.605153,0.000000,245.682451
6926,6640.441128,0.000000,49.000000,143.103760,0.000000,237.660167
6927,6640.441128,0.000000,49.000000,142.602368,0.000000,229.637883
6928,6640.441128,0.000000,49.000000,142.100975,0.000000,221.615599
6929,6640.441128,0.000000,49.000000,141.599582,0.000000,213.593315
6930,6640.441128,0.000000,49.000000,141.098189,0.000000,205.571031
6931,6640.441128,0.000000,49.000000,140.596797,0.000000,197.548747
6932,6640.441128,0.000000,49.000000,140.095404,0.000000,189.526462
6933,6640.441128,0.000000,49.000000,139.594011,0.000000,181.504178
6934,6640.441128,0.000000,49.000000,139.092618,0.000000,173.481894
6935,6640.441128,0.000000,49.000000,138.591226,0.000000,165.459610
6936,6640.441128,0.000000,49.000000,138.089833,0.000000,157.437326
6937,6640.441128,0.000000,49.000000,137.588440,0.000000,149.415042
6938,6640.441128,0.000000,49.000000,137.087047,0.000000,141.392758
6939,6640.441128,0.000000,49.000000,136.585655,0.000000,133.370474
6940,6640.441128,0.000000,49.000000,136.084262,0.000000,125.348189
6941,6640.441128,0.000000,49.000000,135.582869,0.000000,117.325905
6942,6640.441128,0.000000,49.000000,135.081476,0.000000,109.303621
6943,6640.441128,0.000000,49.000000,134.580084,0.000000,101.281337
6944,6640.441128,0.000000,49.000000,134.078691,0.000000,93.259053
6945,6640.441128,0.000000,49.000000,133.577298,0.000000,85.236769
6946,6640.441128,0.000000,49.000000,133.075905,0.000000,77.214485
6947,6640.441128,0.000000,49.000000,132.574513,0.000000,69.192201
6948,6640.441128,0.000000,49.000000,132.073120,0.000000,61.169916
6949,6640.441128,0.000000,49.000000,131.571727,0.000000,53.147632
6950,6640.441128,0.000000,49.000000,131.070334,0.000000,45.125348
6951,6640.441128,0.000000,49.000000,130.568942,0.000000,37.103064
6952,6640.441128,0.000000,49.000000,130.067549,0.000000,29.080780
6953,6640.441128,0.000000,49.000000,129.566156,0.000000,21.058496
6954,6640.441128,0.000000,49.000000,129.064763,0.000000,13.036212
6955,6640.441128,0.000000,49.000000,128.563370,0.000000,5.013928
6956,6640.441128,0.000000,49.000000,128.061978,0.000000,356.991643
6957,6640.441128,0.000000,49.000000,127.560585,0.000000,348.969359
6958,6640.441128,0.000000,49.000000,127.059192,0.000000,340.947075
6959,6640.441128,0.000000,49.000000,126.557799,0.000000,332.924791
6960,6640.441128,0.000000,49.000000,126.056407,0.000000,324.902507
6961,6640.441128,0.000000,49.000000,125.555014,0.000000,316.880223
6962,6640.441128,0.000000,49.000000,125.053621,0.000000,308.857939
6963,6640.441128,0.000000,49.000000,124.552228,0.000000,300.835655
6964,6640.441128,0.000000,49.000000,124.050836,0.000000,292.813370
6965,6640.441128,0.000000,49.000000,123.549443,0.000000,284.791086
6966,6640.441128,0.000000,49.000000,123.048050,0.000000,276.768802
6967,6640.441128,0.000000,49.000000,122.546657,0.000000,268.746518
6968,6640.441128,0.000000,49.000000,122.045265,0.000000,260.724234
6969,6640.441128,0.000000,49.000000,121.543872,0.000000,252.701950
6970,6640.441128,0.000000,49.000000,121.042479,0.000000,244.679666
6971,6640.441128,0.000000,49.000000,120.541086,0.000000,236.657382
6972,6640.441128,0.000000,49.000000,120.039694,0.000000,228.635097
6973,6640.441128,0.000000,49.000000,119.538301,0.000000,220.612813
6974,6640.441128,0.000000,49.000000,119.036908,0.000000,212.590529
6975,6640.441128,0.000000,49.000000,118.535515,0.000000,204.568245
6976,6640.441128,0.000000,49.000000,118.034123,0.000000,196.545961
6977,6640.441128,0.000000,49.000000,117.532730,0.000000,188.523677
6978,6640.441128,0.000000,49.000000,117.031337,0.000000,180.501393
6979,6640.441128,0.000000,49.000000,116.529944,0.000000,172.479109
6980,6640.441128,0.000000,49.000000,116.028552,0.000000,164.456825
6981,6640.441128,0.000000,49.000000,115.527159,0.000000,156.434540
6982,6640.441128,0.000000,49.000000,115.025766,0.000000,148.412256
6983,6640.441128,0.000000,49.000000,114.524373,0.000000,140.389972
6984,6640.441128,0.000000,49.000000,114.022981,0.000000,132.367688
6986,6640.441128,0.000000,49.000000,113.020195,0.000000,116.323120
6987,6640.441128,0.000000,49.000000,112.518802,0.000000,108.300836
6988,6640.441128,0.000000,49.000000,112.017409,0.000000,100.278552
6989,6640.441128,0.000000,49.000000,111.516017,0.000000,92.256267
6990,6640.441128,0.000000,49.000000,111.014624,0.000000,84.233983
6991,6640.441128,0.000000,49.000000,110.513231,0.000000,76.211699
6992,6640.441128,0.000000,49.000000,110.011838,0.000000,68.189415
6993,6640.441128,0.000000,49.000000,109.510446,0.000000,60.167131
6994,6640.441128,0.000000,49.000000,109.009053,0.000000,52.144847
6995,6640.441128,0.000000,49.000000,108.507660,0.000000,44.122563
6996,6640.441128,0.000000,49.000000,108.006267,0.000000,36.100279
6997,6640.441128,0.000000,49.000000,107.504875,0.000000,28.077994
6998,6640.441128,0.000000,49.000000,107.003482,0.000000,20.055710
6999,6640.441128,0.000000,49.000000,106.502089,0.000000,12.033426
7000,6640.441128,0.000000,49.000000,106.000696,0.000000,4.011142
7001,6640.441128,0.000000,49.000000,105.499304,0.000000,355.988858
7002,6640.441128,0.000000,49.000000,104.997911,0.000000,347.966574
7003,6640.441128,0.000000,49.000000,104.496518,0.000000,339.944290
7004,6640.441128,0.000000,49.000000,103.995125,0.000000,331.922006
7005,6640.441128,0.000000,49.000000,103.493733,0.000000,323.899721
7006,6640.441128,0.000000,49.000000,102.992340,0.000000,315.877437
7007,6640.441128,0.000000,49.000000,102.490947,0.000000,307.855153
7008,6640.441128,0.000000,49.000000,101.989554,0.000000,299.832869
7009,6640.441128,0.000000,49.000000,101.488162,0.000000,291.810585
7010,6640.441128,0.000000,49.000000,100.986769,0.000000,283.788301
7011,6640.441128,0.000000,49.000000,100.485376,0.000000,275.766017
7012,6640.441128,0.000000,49.000000,99.983983,0.000000,267.743733
7013,6640.441128,0.000000,49.000000,99.482591,0.000000,259.721448
7014,6640.441128,0.000000,49.000000,98.981198,0.000000,251.699164
7015,6640.441128,0.000000,49.000000,98.479805,0.000000,243.676880
7016,6640.441128,0.000000,49.000000,97.978412,0.000000,235.654596
7017,6640.441128,0.000000,49.000000,97.477019,0.000000,227.632312
7018,6640.441128,0.000000,49.000000,96.975627,0.000000,219.610028
7019,6640.441128,0.000000,49.000000,96.474234,0.000000,211.587744
7020,6640.441128,0.000000,49.000000,95.972841,0.000000,203.565460
7021,6640.441128,0.000000,49.000000,95.471448,0.000000,195.543175
7022,6640.441128,0.000000,49.000000,94.970056,0.000000,187.520891
7023,6640.441128,0.000000,49.000000,94.468663,0.000000,179.498607
7024,6640.441128,0.000000,49.000000,93.967270,0.000000,171.476323
7025,6640.441128,0.000000,49.000000,93.465877,0.000000,163.454039
7026,6640.441128,0.000000,49.000000,92.964485,0.000000,155.431755
7027,6640.441128,0.000000,49.000000,92.463092,0.000000,147.409471
7028,6640.441128,0.000000,49.000000,91.961699,0.000000,139.387187
7029,6640.441128,0.000000,49.000000,91.460306,0.000000,131.364903
7030,6640.441128,0.000000,49.000000,90.958914,0.000000,123.342618
7031,6640.441128,0.000000,49.000000,90.457521,0.000000,115.320334
7032,6640.441128,0.000000,49.000000,89.956128,0.000000,107.298050
7033,6640.441128,0.000000,49.000000,89.454735,0.000000,99.275766
7034,6640.441128,0.000000,49.000000,88.953343,0.000000,91.253482
7035,6640.441128,0.000000,49.000000,88.451950,0.000000,83.231198
7036,6640.441128,0.000000,49.000000,87.950557,0.000000,75.208914
7037,6640.441128,0.000000,49.000000,87.449164,0.000000,67.186630
7038,6640.441128,0.000000,49.000000,86.947772,0.000000,59.164345
7039,6640.441128,0.000000,49.000000,86.446379,0.000000,51.142061
7040,6640.441128,0.000000,49.000000,85.944986,0.000000,43.119777
7041,6640.441128,0.000000,49.000000,85.443593,0.000000,35.097493
7042,6640.441128,0.000000,49.000000,84.942201,0.000000,27.075209
7043,6640.441128,0.000000,49.000000,84.440808,0.000000,19.052925
7044,6640.441128,0.000000,49.000000,83.939415,0.000000,11.030641
7045,6640.441128,0.000000,49.000000,83.438022,0.000000,3.008357
7046,6640.441128,0.000000,49.000000,82.936630,0.000000,354.986072
7047,6640.441128,0.000000,49.000000,82.435237,0.000000,346.963788
7048,6640.441128,0.000000,49.000000,81.933844,0.000000,338.941504
7049,6640.441128,0.000000,49.000000,81.432451,0.000000,330.919220
7050,6640.441128,0.000000,49.000000,80.931058,0.000000,322.896936
7051,6640.441128,0.000000,49.000000,80.429666,0.000000,314.874652
7052,6640.441128,0.000000,49.000000,79.928273,0.000000,306.852368
7053,6640.441128,0.000000,49.000000,79.426880,0.000000,298.830084
7054,6640.441128,0.000000,49.000000,78.925487,0.000000,290.807799
7055,6640.441128,0.000000,49.000000,78.424095,0.000000,282.785515
7056,6640.441128,0.000000,49.000000,77.922702,0.000000,274.763231
7057,6640.441128,0.000000,49.000000,77.421309,0.000000,266.740947
7058,6640.441128,0.000000,49.000000,76.919916,0.000000,258.718663
7059,6640.441128,0.000000,49.000000,76.418524,0.000000,250.696379
7060,6640.441128,0.000000,49.000000,75.917131,0.000000,242.674095
7061,6640.441128,0.000000,49.000000,75.415738,0.000000,234.651811
7062,6640.441128,0.000000,49.000000,74.914345,0.000000,226.629526
7063,6640.441128,0.000000,49.000000,74.412953,0.000000,218.607242
7064,6640.441128,0.000000,49.000000,73.911560,0.000000,210.584958
7065,6640.441128,0.000000,49.000000,73.410167,0.000000,202.562674
7066,6640.441128,0.000000,49.000000,72.908774,0.000000,194.540390
7067,6640.441128,0.000000,49.000000,72.407382,0.000000,186.518106
7068,6640.441128,0.000000,49.000000,71.905989,0.000000,178.495822
7069,6640.441128,0.000000,49.000000,71.404596,0.000000,170.473538
7070,6640.441128,0.000000,49.000000,70.903203,0.000000,162.451253
7071,6640.441128,0.000000,49.000000,70.401811,0.000000,154.428969
7072,6640.441128,0.000000,49.000000,69.900418,0.000000,146.406685
7073,6640.441128,0.000000,49.000000,69.399025,0.000000,138.384401
7074,6640.441128,0.000000,49.000000,68.897632,0.000000,130.362117
7075,6640.441128,0.000000,49.000000,68.396240,0.000000,122.339833
7076,6640.441128,0.000000,49.000000,67.894847,0.000000,114.317549
7077,6640.441128,0.000000,49.000000,67.393454,0.000000,106.295265
7078,6640.441128,0.000000,49.000000,66.892061,0.000000,98.272981
7079,6640.441128,0.000000,49.000000,66.390669,0.000000,90.250696
7080,6640.441128,0.000000,49.000000,65.889276,0.000000,82.228412
7081,6640.441128,0.000000,49.000000,65.387883,0.000000,74.206128
7082,6640.441128,0.000000,49.000000,64.886490,0.000000,66.183844
7083,6640.441128,0.000000,49.000000,64.385097,0.000000,58.161560
7084,6640.441128,0.000000,49.000000,63.883705,0.000000,50.139276
7085,6640.441128,0.000000,49.000000,63.382312,0.000000,42.116992
7086,6640.441128,0.000000,49.000000,62.880919,0.000000,34.094708
7087,6640.441128,0.000000,49.000000,62.379526,0.000000,26.072423
7088,6640.441128,0.000000,49.000000,61.878134,0.000000,18.050139
7089,6640.441128,0.000000,49.000000,61.376741,0.000000,10.027855
7090,6640.441128,0.000000,49.000000,60.875348,0.000000,2.005571
7091,6640.441128,0.000000,49.000000,60.373955,0.000000,353.983287
7092,6640.441128,0.000000,49.000000,59.872563,0.000000,345.961003
7093,6640.441128,0.000000,49.000000,59.371170,0.000000,337.938719
7094,6640.441128,0.000000,49.000000,58.869777,0.000000,329.916435
7095,6640.441128,0.000000,49.000000,58.368384,0.000000,321.894150
7096,6640.441128,0.000000,49.000000,57.866992,0.000000,313.871866
7097,6640.441128,0.000000,49.000000,57.365599,0.000000,305.849582
7098,6640.441128,0.000000,49.000000,56.864206,0.000000,297.827298
7099,6640.441128,0.000000,49.000000,56.362813,0.000000,289.805014
7100,6640.441128,0.000000,49.000000,55.861421,0.000000,281.782730
7101,6640.441128,0.000000,49.000000,55.360028,0.000000,273.760446
7102,6640.441128,0.000000,49.000000,54.858635,0.000000,265.738162
7103,6640.441128,0.000000,49.000000,54.357242,0.000000,257.715877
7104,6640.441128,0.000000,49.000000,53.855850,0.000000,249.693593
7105,6640.441128,0.000000,49.000000,53.354457,0.000000,241.671309
7106,6640.441128,0.000000,49.000000,52.853064,0.000000,233.649025
7107,6640.441128,0.000000,49.000000,52.351671,0.000000,225.626741
7108,6640.441128,0.000000,49.000000,51.850279,0.000000,217.604457
7109,6640.441128,0.000000,49.000000,51.348886,0.000000,209.582173
7110,6640.441128,0.000000,49.000000,50.847493,0.000000,201.559889
7111,6640.441128,0.000000,49.000000,50.346100,0.000000,193.537604
7112,6640.441128,0.000000,49.000000,49.844708,0.000000,185.515320
7113,6640.441128,0.000000,49.000000,49.343315,0.000000,177.493036
7114,6640.441128,0.000000,49.000000,48.841922,0.000000,169.470752
7115,6640.441128,0.000000,49.000000,48.340529,0.000000,161.448468
7116,6640.441128,0.000000,49.000000,47.839136,0.000000,153.426184
7117,6640.441128,0.000000,49.000000,47.337744,0.000000,145.403900
7118,6640.441128,0.000000,49.000000,46.836351,0.000000,137.381616
7119,6640.441128,0.000000,49.000000,46.334958,0.000000,129.359331
7120,6640.441128,0.000000,49.000000,45.833565,0.000000,121.337047
7121,6640.441128,0.000000,49.000000,45.332173,0.000000,113.314763
7122,6640.441128,0.000000,49.000000,44.830780,0.000000,105.292479
7123,6640.441128,0.000000,49.000000,44.329387,0.000000,97.270195
7124,6640.441128,0.000000,49.000000,43.827994,0.000000,89.247911
7125,6640.441128,0.000000,49.000000,43.326602,0.000000,81.225627
7126,6640.441128,0.000000,49.000000,42.825209,0.000000,73.203343
7127,6640.441128,0.000000,49.000000,42.323816,0.000000,65.181058
7128,6640.441128,0.000000,49.000000,41.822423,0.000000,57.158774
7129,6640.441128,0.000000,49.000000,41.321031,0.000000,49.136490
7130,6640.441128,0.000000,49.000000,40.819638,0.000000,41.114206
7131,6640.441128,0.000000,49.000000,40.318245,0.000000,33.091922
7132,6640.441128,0.000000,49.000000,39.816852,0.000000,25.069638
7133,6640.441128,0.000000,49.000000,39.315460,0.000000,17.047354
7134,6640.441128,0.000000,49.000000,38.814067,0.000000,9.025070
7135,6640.441128,0.000000,49.000000,38.312674,0.000000,1.002786
7136,6640.441128,0.000000,49.000000,37.811281,0.000000,352.980501
7137,6640.441128,0.000000,49.000000,37.309889,0.000000,344.958217
7138,6640.441128,0.000000,49.000000,36.808496,0.000000,336.935933
7139,6640.441128,0.000000,49.000000,36.307103,0.000000,328.913649
7140,6640.441128,0.000000,49.000000,35.805710,0.000000,320.891365
7141,6640.441128,0.000000,49.000000,35.304318,0.000000,312.869081
7142,6640.441128,0.000000,49.000000,34.802925,0.000000,304.846797
7143,6640.441128,0.000000,49.000000,34.301532,0.000000,296.824513
7144,6640.441128,0.000000,49.000000,33.800139,0.000000,288.802228
7145,6640.441128,0.000000,49.000000,33.298747,0.000000,280.779944
7146,6640.441128,0.000000,49.000000,32.797354,0.000000,272.757660
7147,6640.441128,0.000000,49.000000,32.295961,0.000000,264.735376
7148,6640.441128,0.000000,49.000000,31.794568,0.000000,256.713092
7149,6640.441128,0.000000,49.000000,31.293175,0.000000,248.690808
7150,6640.441128,0.000000,49.000000,30.791783,0.000000,240.668524
7151,6640.441128,0.000000,49.000000,30.290390,0.000000,232.646240
7152,6640.441128,0.000000,49.000000,29.788997,0.000000,224.623955
7153,6640.441128,0.000000,49.000000,29.287604,0.000000,216.601671
7154,6640.441128,0.000000,49.000000,28.786212,0.000000,208.579387
7155,6640.441128,0.000000,49.000000,28.284819,0.000000,200.557103
7156,6640.441128,0.000000,49.000000,27.783426,0.000000,192.534819
7157,6640.441128,0.000000,49.000000,27.282033,0.000000,184.512535
7158,6640.441128,0.000000,49.000000,26.780641,0.000000,176.490251
7159,6640.441128,0.000000,49.000000,26.279248,0.000000,168.467967
7160,6640.441128,0.000000,49.000000,25.777855,0.000000,160.445682
7161,6640.441128,0.000000,49.000000,25.276462,0.000000,152.423398
7162,6640.441128,0.000000,49.000000,24.775070,0.000000,144.401114
7163,6640.441128,0.000000,49.000000,24.273677,0.000000,136.378830
7164,6640.441128,0.000000,49.000000,23.772284,0.000000,128.356546
7165,6640.441128,0.000000,49.000000,23.270891,0.000000,120.334262
7166,6640.441128,0.000000,49.000000,22.769499,0.000000,112.311978
7167,6640.441128,0.000000,49.000000,22.268106,0.000000,104.289694
7168,6640.441128,0.000000,49.000000,21.766713,0.000000,96.267409
7169,6640.441128,0.000000,49.000000,21.265320,0.000000,88.245125
7170,6640.441128,0.000000,49.000000,20.763928,0.000000,80.222841
7171,6640.441128,0.000000,49.000000,20.262535,0.000000,72.200557
7172,6640.441128,0.000000,49.000000,19.761142,0.000000,64.178273
7173,6640.441128,0.000000,49.000000,19.259749,0.000000,56.155989
7174,6640.441128,0.000000,49.000000,18.758357,0.000000,48.133705
7175,6640.441128,0.000000,49.000000,18.256964,0.000000,40.111421
7176,6640.441128,0.000000,49.000000,17.755571,0.000000,32.089136
7177,6640.441128,0.000000,49.000000,17.254178,0.000000,24.066852
7178,6640.441128,0.000000,49.000000,16.752786,0.000000,16.044568
7179,6640.441128,0.000000,49.000000,16.251393,0.000000,8.022284
7180,6640.441128,0.000000,29.000000,2.250000,0.000000,0.000000
7181,6640.441128,0.000000,29.000000,1.748607,0.000000,351.977716
7182,6640.441128,0.000000,29.000000,1.247214,0.000000,343.955432
7183,6640.441128,0.000000,29.000000,0.745822,0.000000,335.933148
7184,6640.441128,0.000000,29.000000,0.244429,0.000000,327.910864
7185,6640.441128,0.000000,29.000000,359.743036,0.000000,319.888579
7186,6640.441128,0.000000,29.000000,359.241643,0.000000,311.866295
7187,6640.441128,0.000000,29.000000,358.740251,0.000000,303.844011
7188,6640.441128,0.000000,29.000000,358.238858,0.000000,295.821727
7189,6640.441128,0.000000,29.000000,357.737465,0.000000,287.799443
7190,6640.441128,0.000000,29.000000,357.236072,0.000000,279.777159
7191,6640.441128,0.000000,29.000000,356.734680,0.000000,271.754875
7192,6640.441128,0.000000,29.000000,356.233287,0.000000,263.732591
7193,6640.441128,0.000000,29.000000,355.731894,0.000000,255.710306
7194,6640.441128,0.000000,29.000000,355.230501,0.000000,247.688022
7195,6640.441128,0.000000,29.000000,354.729109,0.000000,239.665738
7196,6640.441128,0.000000,29.000000,354.227716,0.000000,231.643454
7197,6640.441128,0.000000,29.000000,353.726323,0.000000,223.621170
7198,6640.441128,0.000000,29.000000,353.224930,0.000000,215.598886
7199,6640.441128,0.000000,29.000000,352.723538,0.000000,207.576602
7200,6640.441128,0.000000,29.000000,352.222145,0.000000,199.554318
7201,6640.441128,0.000000,29.000000,351.720752,0.000000,191.532033
7202,6640.441128,0.000000,29.000000,351.219359,0.000000,183.509749
7203,6640.441128,0.000000,29.000000,350.717967,0.000000,175.487465
7204,6640.441128,0.000000,29.000000,350.216574,0.000000,167.465181
7205,6640.441128,0.000000,29.000000,349.715181,0.000000,159.442897
7206,6640.441128,0.000000,29.000000,349.213788,0.000000,151.420613
7207,6640.441128,0.000000,29.000000,348.712396,0.000000,143.398329
7208,6640.441128,0.000000,29.000000,348.211003,0.000000,135.376045
7209,6640.441128,0.000000,29.000000,347.709610,0.000000,127.353760
7210,6640.441128,0.000000,29.000000,347.208217,0.000000,119.331476
7211,6640.441128,0.000000,29.000000,346.706825,0.000000,111.309192
7212,6640.441128,0.000000,29.000000,346.205432,0.000000,103.286908
7213,6640.441128,0.000000,29.000000,345.704039,0.000000,95.264624
7214,6640.441128,0.000000,29.000000,345.202646,0.000000,87.242340
7215,6640.441128,0.000000,29.000000,344.701253,0.000000,79.220056
7216,6640.441128,0.000000,29.000000,344.199861,0.000000,71.197772
7217,6640.441128,0.000000,29.000000,343.698468,0.000000,63.175487
7218,6640.441128,0.000000,29.000000,343.197075,0.000000,55.153203
7219,6640.441128,0.000000,29.000000,342.695682,0.000000,47.130919
7220,6640.441128,0.000000,29.000000,342.194290,0.000000,39.108635
7221,6640.441128,0.000000,29.000000,341.692897,0.000000,31.086351
7222,6640.441128,0.000000,29.000000,341.191504,0.000000,23.064067
7223,6640.441128,0.000000,29.000000,340.690111,0.000000,15.041783
7224,6640.441128,0.000000,29.000000,340.188719,0.000000,7.019499
7225,6640.441128,0.000000,29.000000,339.687326,0.000000,358.997214
7226,6640.441128,0.000000,29.000000,339.185933,0.000000,350.974930
7227,6640.441128,0.000000,29.000000,338.684540,0.000000,342.952646
7228,6640.441128,0.000000,29.000000,338.183148,0.000000,334.930362
7229,6640.441128,0.000000,29.000000,337.681755,0.000000,326.908078
7230,6640.441128,0.000000,29.000000,337.180362,0.000000,318.885794
7231,6640.441128,0.000000,29.000000,336.678969,0.000000,310.863510
7232,6640.441128,0.000000,29.000000,336.177577,0.000000,302.841226
7233,6640.441128,0.000000,29.000000,335.676184,0.000000,294.818942
7234,6640.441128,0.000000,29.000000,335.174791,0.000000,286.796657
7235,6640.441128,0.000000,29.000000,334.673398,0.000000,278.774373
7236,6640.441128,0.000000,29.000000,334.172006,0.000000,270.752089
7237,6640.441128,0.000000,29.000000,333.670613,0.000000,262.729805
7238,6640.441128,0.000000,29.000000,333.169220,0.000000,254.707521
7239,6640.441128,0.000000,29.000000,332.667827,0.000000,246.685237
7240,6640.441128,0.000000,29.000000,332.166435,0.000000,238.662953
7241,6640.441128,0.000000,29.000000,331.665042,0.000000,230.640669
7242,6640.441128,0.000000,29.000000,331.163649,0.000000,222.618384
7243,6640.441128,0.000000,29.000000,330.662256,0.000000,214.596100
7244,6640.441128,0.000000,29.000000,330.160864,0.000000,206.573816
7245,6640.441128,0.000000,29.000000,329.659471,0.000000,198.551532
7246,6640.441128,0.000000,29.000000,329.158078,0.000000,190.529248
7247,6640.441128,0.000000,29.000000,328.656685,0.000000,182.506964
7248,6640.441128,0.000000,29.000000,328.155292,0.000000,174.484680
7249,6640.441128,0.000000,29.000000,327.653900,0.000000,166.462396
7250,6640.441128,0.000000,29.000000,327.152507,0.000000,158.440111
7251,6640.441128,0.000000,29.000000,326.651114,0.000000,150.417827
7252,6640.441128,0.000000,29.000000,326.149721,0.000000,142.395543
7253,6640.441128,0.000000,29.000000,325.648329,0.000000,134.373259
7254,6640.441128,0.000000,29.000000,325.146936,0.000000,126.350975
7255,6640.441128,0.000000,29.000000,324.645543,0.000000,118.328691
7256,6640.441128,0.000000,29.000000,324.144150,0.000000,110.306407
7257,6640.441128,0.000000,29.000000,323.642758,0.000000,102.284123
7258,6640.441128,0.000000,29.000000,323.141365,0.000000,94.261838
7259,6640.441128,0.000000,29.000000,322.639972,0.000000,86.239554
7260,6640.441128,0.000000,29.000000,322.138579,0.000000,78.217270
7261,6640.441128,0.000000,29.000000,321.637187,0.000000,70.194986
7262,6640.441128,0.000000,29.000000,321.135794,0.000000,62.172702
7263,6640.441128,0.000000,29.000000,320.634401,0.000000,54.150418
7264,6640.441128,0.000000,29.000000,320.133008,0.000000,46.128134
7265,6640.441128,0.000000,29.000000,319.631616,0.000000,38.105850
7266,6640.441128,0.000000,29.000000,319.130223,0.000000,30.083565
7267,6640.441128,0.000000,29.000000,318.628830,0.000000,22.061281
7268,6640.441128,0.000000,29.000000,318.127437,0.000000,14.038997
7269,6640.441128,0.000000,29.000000,317.626045,0.000000,6.016713
7270,6640.441128,0.000000,29.000000,317.124652,0.000000,357.994429
7271,6640.441128,0.000000,29.000000,316.623259,0.000000,349.972145
7272,6640.441128,0.000000,29.000000,316.121866,0.000000,341.949861
7273,6640.441128,0.000000,29.000000,315.620474,0.000000,333.927577
7274,6640.441128,0.000000,29.000000,315.119081,0.000000,325.905292
7275,6640.441128,0.000000,29.000000,314.617688,0.000000,317.883008
7276,6640.441128,0.000000,29.000000,314.116295,0.000000,309.860724
7277,6640.441128,0.000000,29.000000,313.614903,0.000000,301.838440
7278,6640.441128,0.000000,29.000000,313.113510,0.000000,293.816156
7279,6640.441128,0.000000,29.000000,312.612117,0.000000,285.793872
7280,6640.441128,0.000000,29.000000,312.110724,0.000000,277.771588
7281,6640.441128,0.000000,29.000000,311.609331,0.000000,269.749304
7282,6640.441128,0.000000,29.000000,311.107939,0.000000,261.727019
7283,6640.441128,0.000000,29.000000,310.606546,0.000000,253.704735
7284,6640.441128,0.000000,29.000000,310.105153,0.000000,245.682451
7285,6640.441128,0.000000,29.000000,309.603760,0.000000,237.660167
7286,6640.441128,0.000000,29.000000,309.102368,0.000000,229.637883
7287,6640.441128,0.000000,29.000000,308.600975,0.000000,221.615599
7288,6640.441128,0.000000,29.000000,308.099582,0.000000,213.593315
7289,6640.441128,0.000000,29.000000,307.598189,0.000000,205.571031
7290,6640.441128,0.000000,29.000000,307.096797,0.000000,197.548747
7291,6640.441128,0.000000,29.000000,306.595404,0.000000,189.526462
7292,6640.441128,0.000000,29.000000,306.094011,0.000000,181.504178
7294,6640.441128,0.000000,29.000000,305.091226,0.000000,165.459610
7295,6640.441128,0.000000,29.000000,304.589833,0.000000,157.437326
7296,6640.441128,0.000000,29.000000,304.088440,0.000000,149.415042
7297,6640.441128,0.000000,29.000000,303.587047,0.000000,141.392758
7298,6640.441128,0.000000,29.000000,303.085655,0.000000,133.370474
7299,6640.441128,0.000000,29.000000,302.584262,0.000000,125.348189
7300,6640.441128,0.000000,29.000000,302.082869,0.000000,117.325905
7301,6640.441128,0.000000,29.000000,301.581476,0.000000,109.303621
7302,6640.441128,0.000000,29.000000,301.080084,0.000000,101.281337
7303,6640.441128,0.000000,29.000000,300.578691,0.000000,93.259053
7304,6640.441128,0.000000,29.000000,300.077298,0.000000,85.236769
7305,6640.441128,0.000000,29.000000,299.575905,0.000000,77.214485
7306,6640.441128,0.000000,29.000000,299.074513,0.000000,69.192201
7307,6640.441128,0.000000,29.000000,298.573120,0.000000,61.169916
7308,6640.441128,0.000000,29.000000,298.071727,0.000000,53.147632
7309,6640.441128,0.000000,29.000000,297.570334,0.000000,45.125348
7310,6640.441128,0.000000,29.000000,297.068942,0.000000,37.103064
7311,6640.441128,0.000000,29.000000,296.567549,0.000000,29.080780
7312,6640.441128,0.000000,29.000000,296.066156,0.000000,21.058496
7313,6640.441128,0.000000,29.000000,295.564763,0.000000,13.036212
7314,6640.441128,0.000000,29.000000,295.063370,0.000000,5.013928
7315,6640.441128,0.000000,29.000000,294.561978,0.000000,356.991643
7316,6640.441128,0.000000,29.000000,294.060585,0.000000,348.969359
7317,6640.441128,0.000000,29.000000,293.559192,0.000000,340.947075
7318,6640.441128,0.000000,29.000000,293.057799,0.000000,332.924791
7319,6640.441128,0.000000,29.000000,292.556407,0.000000,324.902507
7320,6640.441128,0.000000,29.000000,292.055014,0.000000,316.880223
7321,6640.441128,0.000000,29.000000,291.553621,0.000000,308.857939
7322,6640.441128,0.000000,29.000000,291.052228,0.000000,300.835655
7323,6640.441128,0.000000,29.000000,290.550836,0.000000,292.813370
7324,6640.441128,0.000000,29.000000,290.049443,0.000000,284.791086
7325,6640.441128,0.000000,29.000000,289.548050,0.000000,276.768802
7326,6640.441128,0.000000,29.000000,289.046657,0.000000,268.746518
7327,6640.441128,0.000000,29.000000,288.545265,0.000000,260.724234
7328,6640.441128,0.000000,29.000000,288.043872,0.000000,252.701950
7329,6640.441128,0.000000,29.000000,287.542479,0.000000,244.679666
7330,6640.441128,0.000000,29.000000,287.041086,0.000000,236.657382
7331,6640.441128,0.000000,29.000000,286.539694,0.000000,228.635097
7332,6640.441128,0.000000,29.000000,286.038301,0.000000,220.612813
7333,6640.441128,0.000000,29.000000,285.536908,0.000000,212.590529
7334,6640.441128,0.000000,29.000000,285.035515,0.000000,204.568245
7335,6640.441128,0.000000,29.000000,284.534123,0.000000,196.545961
7336,6640.441128,0.000000,29.000000,284.032730,0.000000,188.523677
7337,6640.441128,0.000000,29.000000,283.531337,0.000000,180.501393
7338,6640.441128,0.000000,29.000000,283.029944,0.000000,172.479109
7339,6640.441128,0.000000,29.000000,282.528552,0.000000,164.456825
7340,6640.441128,0.000000,29.000000,282.027159,0.000000,156.434540
7341,6640.441128,0.000000,29.000000,281.525766,0.000000,148.412256
7342,6640.441128,0.000000,29.000000,281.024373,0.000000,140.389972
7343,6640.441128,0.000000,29.000000,280.522981,0.000000,132.367688
7344,6640.441128,0.000000,29.000000,280.021588,0.000000,124.345404
7345,6640.441128,0.000000,29.000000,279.520195,0.000000,116.323120
7346,6640.441128,0.000000,29.000000,279.018802,0.000000,108.300836
7347,6640.441128,0.000000,29.000000,278.517409,0.000000,100.278552
7348,6640.441128,0.000000,29.000000,278.016017,0.000000,92.256267
7349,6640.441128,0.000000,29.000000,277.514624,0.000000,84.233983
7350,6640.441128,0.000000,29.000000,277.013231,0.000000,76.211699
7351,6640.441128,0.000000,29.000000,276.511838,0.000000,68.189415
7352,6640.441128,0.000000,29.000000,276.010446,0.000000,60.167131
7353,6640.441128,0.000000,29.000000,275.509053,0.000000,52.144847
7354,6640.441128,0.000000,29.000000,275.007660,0.000000,44.122563
7355,6640.441128,0.000000,29.000000,274.506267,0.000000,36.100279
7356,6640.441128,0.000000,29.000000,274.004875,0.000000,28.077994
7357,6640.441128,0.000000,29.000000,273.503482,0.000000,20.055710
7358,6640.441128,0.000000,29.000000,273.002089,0.000000,12.033426
7359,6640.441128,0.000000,29.000000,272.500696,0.000000,4.011142
7360,6640.441128,0.000000,29.000000,271.999304,0.000000,355.988858
7361,6640.441128,0.000000,29.000000,271.497911,0.000000,347.966574
7362,6640.441128,0.000000,29.000000,270.996518,0.000000,339.944290
7363,6640.441128,0.000000,29.000000,270.495125,0.000000,331.922006
7364,6640.441128,0.000000,29.000000,269.993733,0.000000,323.899721
7365,6640.441128,0.000000,29.000000,269.492340,0.000000,315.877437
7366,6640.441128,0.000000,29.000000,268.990947,0.000000,307.855153
7367,6640.441128,0.000000,29.000000,268.489554,0.000000,299.832869
7368,6640.441128,0.000000,29.000000,267.988162,0.000000,291.810585
7369,6640.441128,0.000000,29.000000,267.486769,0.000000,283.788301
7370,6640.441128,0.000000,29.000000,266.985376,0.000000,275.766017
7371,6640.441128,0.000000,29.000000,266.483983,0.000000,267.743733
7372,6640.441128,0.000000,29.000000,265.982591,0.000000,259.721448
7373,6640.441128,0.000000,29.000000,265.481198,0.000000,251.699164
7374,6640.441128,0.000000,29.000000,264.979805,0.000000,243.676880
7375,6640.441128,0.000000,29.000000,264.478412,0.000000,235.654596
7376,6640.441128,0.000000,29.000000,263.977019,0.000000,227.632312
7377,6640.441128,0.000000,29.000000,263.475627,0.000000,219.610028
7378,6640.441128,0.000000,29.000000,262.974234,0.000000,211.587744
7379,6640.441128,0.000000,29.000000,262.472841,0.000000,203.565460
7380,6640.441128,0.000000,29.000000,261.971448,0.000000,195.543175
7381,6640.441128,0.000000,29.000000,261.470056,0.000000,187.520891
7382,6640.441128,0.000000,29.000000,260.968663,0.000000,179.498607
7383,6640.441128,0.000000,29.000000,260.467270,0.000000,171.476323
7384,6640.441128,0.000000,29.000000,259.965877,0.000000,163.454039
7385,6640.441128,0.000000,29.000000,259.464485,0.000000,155.431755
7386,6640.441128,0.000000,29.000000,258.963092,0.000000,147.409471
7387,6640.441128,0.000000,29.000000,258.461699,0.000000,139.387187
7388,6640.441128,0.000000,29.000000,257.960306,0.000000,131.364903
7389,6640.441128,0.000000,29.000000,257.458914,0.000000,123.342618
7390,6640.441128,0.000000,29.000000,256.957521,0.000000,115.320334
7391,6640.441128,0.000000,29.000000,256.456128,0.000000,107.298050
7392,6640.441128,0.000000,29.000000,255.954735,0.000000,99.275766
7393,6640.441128,0.000000,29.000000,255.453343,0.000000,91.253482
7394,6640.441128,0.000000,29.000000,254.951950,0.000000,83.231198
7395,6640.441128,0.000000,29.000000,254.450557,0.000000,75.208914
7396,6640.441128,0.000000,29.000000,253.949164,0.000000,67.186630
7397,6640.441128,0.000000,29.000000,253.447772,0.000000,59.164345
7398,6640.441128,0.000000,29.000000,252.946379,0.000000,51.142061
7399,6640.441128,0.000000,29.000000,252.444986,0.000000,43.119777
7400,6640.441128,0.000000,29.000000,251.943593,0.000000,35.097493
7401,6640.441128,0.000000,29.000000,251.442201,0.000000,27.075209
7402,6640.441128,0.000000,29.000000,250.940808,0.000000,19.052925
7403,6640.441128,0.000000,29.000000,250.439415,0.000000,11.030641
7404,6640.441128,0.000000,29.000000,249.938022,0.000000,3.008357
7405,6640.441128,0.000000,29.000000,249.436630,0.000000,354.986072
7406,6640.441128,0.000000,29.000000,248.935237,0.000000,346.963788
7407,6640.441128,0.000000,29.000000,248.433844,0.000000,338.941504
7408,6640.441128,0.000000,29.000000,247.932451,0.000000,330.919220
7409,6640.441128,0.000000,29.000000,247.431058,0.000000,322.896936
7410,6640.441128,0.000000,29.000000,246.929666,0.000000,314.874652
7411,6640.441128,0.000000,29.000000,246.428273,0.000000,306.852368
7412,6640.441128,0.000000,29.000000,245.926880,0.000000,298.830084
7413,6640.441128,0.000000,29.000000,245.425487,0.000000,290.807799
7414,6640.441128,0.000000,29.000000,244.924095,0.000000,282.785515
7415,6640.441128,0.000000,29.000000,244.422702,0.000000,274.763231
7416,6640.441128,0.000000,29.000000,243.921309,0.000000,266.740947
7417,6640.441128,0.000000,29.000000,243.419916,0.000000,258.718663
7418,6640.441128,0.000000,29.000000,242.918524,0.000000,250.696379
7419,6640.441128,0.000000,29.000000,242.417131,0.000000,242.674095
7420,6640.441128,0.000000,29.000000,241.915738,0.000000,234.651811
7421,6640.441128,0.000000,29.000000,241.414345,0.000000,226.629526
7422,6640.441128,0.000000,29.000000,240.912953,0.000000,218.607242
7423,6640.441128,0.000000,29.000000,240.411560,0.000000,210.584958
7424,6640.441128,0.000000,29.000000,239.910167,0.000000,202.562674
7425,6640.441128,0.000000,29.000000,239.408774,0.000000,194.540390
7426,6640.441128,0.000000,29.000000,238.907382,0.000000,186.518106
7427,6640.441128,0.000000,29.000000,238.405989,0.000000,178.495822
7428,6640.441128,0.000000,29.000000,237.904596,0.000000,170.473538
7429,6640.441128,0.000000,29.000000,237.403203,0.000000,162.451253
7430,6640.441128,0.000000,29.000000,236.901811,0.000000,154.428969
7431,6640.441128,0.000000,29.000000,236.400418,0.000000,146.406685
7432,6640.441128,0.000000,29.000000,235.899025,0.000000,138.384401
7433,6640.441128,0.000000,29.000000,235.397632,0.000000,130.362117
7434,6640.441128,0.000000,29.000000,234.896240,0.000000,122.339833
7435,6640.441128,0.000000,29.000000,234.394847,0.000000,114.317549
7436,6640.441128,0.000000,29.000000,233.893454,0.000000,106.295265
7437,6640.441128,0.000000,29.000000,233.392061,0.000000,98.272981
7438,6640.441128,0.000000,29.000000,232.890669,0.000000,90.250696
7439,6640.441128,0.000000,29.000000,232.389276,0.000000,82.228412
7440,6640.441128,0.000000,29.000000,231.887883,0.000000,74.206128
7441,6640.441128,0.000000,29.000000,231.386490,0.000000,66.183844
7442,6640.441128,0.000000,29.000000,230.885097,0.000000,58.161560
7443,6640.441128,0.000000,29.000000,230.383705,0.000000,50.139276
7444,6640.441128,0.000000,29.000000,229.882312,0.000000,42.116992
7445,6640.441128,0.000000,29.000000,229.380919,0.000000,34.094708
7446,6640.441128,0.000000,29.000000,228.879526,0.000000,26.072423
7447,6640.441128,0.000000,29.000000,228.378134,0.000000,18.050139
7448,6640.441128,0.000000,29.000000,227.876741,0.000000,10.027855
7449,6640.441128,0.000000,29.000000,227.375348,0.000000,2.005571
7450,6640.441128,0.000000,29.000000,226.873955,0.000000,353.983287
7451,6640.441128,0.000000,29.000000,226.372563,0.000000,345.961003
7452,6640.441128,0.000000,29.000000,225.871170,0.000000,337.938719
7453,6640.441128,0.000000,29.000000,225.369777,0.000000,329.916435
7454,6640.441128,0.000000,29.000000,224.868384,0.000000,321.894150
7455,6640.441128,0.000000,29.000000,224.366992,0.000000,313.871866
7456,6640.441128,0.000000,29.000000,223.865599,0.000000,305.849582
7457,6640.441128,0.000000,29.000000,223.364206,0.000000,297.827298
7458,6640.441128,0.000000,29.000000,222.862813,0.000000,289.805014
7459,6640.441128,0.000000,29.000000,222.361421,0.000000,281.782730
7460,6640.441128,0.000000,29.000000,221.860028,0.000000,273.760446
7461,6640.441128,0.000000,29.000000,221.358635,0.000000,265.738162
7462,6640.441128,0.000000,29.000000,220.857242,0.000000,257.715877
7463,6640.441128,0.000000,29.000000,220.355850,0.000000,249.693593
7464,6640.441128,0.000000,29.000000,219.854457,0.000000,241.671309
7465,6640.441128,0.000000,29.000000,219.353064,0.000000,233.649025
7466,6640.441128,0.000000,29.000000,218.851671,0.000000,225.626741
7467,6640.441128,0.000000,29.000000,218.350279,0.000000,217.604457
7468,6640.441128,0.000000,29.000000,217.848886,0.000000,209.582173
7469,6640.441128,0.000000,29.000000,217.347493,0.000000,201.559889
7470,6640.441128,0.000000,29.000000,216.846100,0.000000,193.537604
7471,6640.441128,0.000000,29.000000,216.344708,0.000000,185.515320
7472,6640.441128,0.000000,29.000000,215.843315,0.000000,177.493036
7473,6640.441128,0.000000,29.000000,215.341922,0.000000,169.470752
7474,6640.441128,0.000000,29.000000,214.840529,0.000000,161.448468
7475,6640.441128,0.000000,29.000000,214.339136,0.000000,153.426184
7476,6640.441128,0.000000,29.000000,213.837744,0.000000,145.403900
7477,6640.441128,0.000000,29.000000,213.336351,0.000000,137.381616
7478,6640.441128,0.000000,29.000000,212.834958,0.000000,129.359331
7479,6640.441128,0.000000,29.000000,212.333565,0.000000,121.337047
7480,6640.441128,0.000000,29.000000,211.832173,0.000000,113.314763
7481,6640.441128,0.000000,29.000000,211.330780,0.000000,105.292479
7482,6640.441128,0.000000,29.000000,210.829387,0.000000,97.270195
7483,6640.441128,0.000000,29.000000,210.327994,0.000000,89.247911
7484,6640.441128,0.000000,29.000000,209.826602,0.000000,81.225627
7485,6640.441128,0.000000,29.000000,209.325209,0.000000,73.203343
7486,6640.441128,0.000000,29.000000,208.823816,0.000000,65.181058
7487,6640.441128,0.000000,29.000000,208.322423,0.000000,57.158774
7488,6640.441128,0.000000,29.000000,207.821031,0.000000,49.136490
7489,6640.441128,0.000000,29.000000,207.319638,0.000000,41.114206
7490,6640.441128,0.000000,29.000000,206.818245,0.000000,33.091922
7491,6640.441128,0.000000,29.000000,206.316852,0.000000,25.069638
7492,6640.441128,0.000000,29.000000,205.815460,0.000000,17.047354
7493,6640.441128,0.000000,29.000000,205.314067,0.000000,9.025070
7494,6640.441128,0.000000,29.000000,204.812674,0.000000,1.002786
7495,6640.441128,0.000000,29.000000,204.311281,0.000000,352.980501
7496,6640.441128,0.000000,29.000000,203.809889,0.000000,344.958217
7497,6640.441128,0.000000,29.000000,203.308496,0.000000,336.935933
7498,6640.441128,0.000000,29.000000,202.807103,0.000000,328.913649
7499,6640.441128,0.000000,29.000000,202.305710,0.000000,320.891365
7500,6640.441128,0.000000,29.000000,201.804318,0.000000,312.869081
7501,6640.441128,0.000000,29.000000,201.302925,0.000000,304.846797
7502,6640.441128,0.000000,29.000000,200.801532,0.000000,296.824513
7503,6640.441128,0.000000,29.000000,200.300139,0.000000,288.802228
7504,6640.441128,0.000000,29.000000,199.798747,0.000000,280.779944
7505,6640.441128,0.000000,29.000000,199.297354,0.000000,272.757660
7506,6640.441128,0.000000,29.000000,198.795961,0.000000,264.735376
7507,6640.441128,0.000000,29.000000,198.294568,0.000000,256.713092
7508,6640.441128,0.000000,29.000000,197.793175,0.000000,248.690808
7509,6640.441128,0.000000,29.000000,197.291783,0.000000,240.668524
7510,6640.441128,0.000000,29.000000,196.790390,0.000000,232.646240
7511,6640.441128,0.000000,29.000000,196.288997,0.000000,224.623955
7512,6640.441128,0.000000,29.000000,195.787604,0.000000,216.601671
7513,6640.441128,0.000000,29.000000,195.286212,0.000000,208.579387
7514,6640.441128,0.000000,29.000000,194.784819,0.000000,200.557103
7515,6640.441128,0.000000,29.000000,194.283426,0.000000,192.534819
7516,6640.441128,0.000000,29.000000,193.782033,0.000000,184.512535
7517,6640.441128,0.000000,29.000000,193.280641,0.000000,176.490251
7518,6640.441128,0.000000,29.000000,192.779248,0.000000,168.467967
7519,6640.441128,0.000000,29.000000,192.277855,0.000000,160.445682
7520,6640.441128,0.000000,29.000000,191.776462,0.000000,152.423398
7521,6640.441128,0.000000,29.000000,191.275070,0.000000,144.401114
7522,6640.441128,0.000000,29.000000,190.773677,0.000000,136.378830
7523,6640.441128,0.000000,29.000000,190.272284,0.000000,128.356546
7524,6640.441128,0.000000,29.000000,189.770891,0.000000,120.334262
7525,6640.441128,0.000000,29.000000,189.269499,0.000000,112.311978
7526,6640.441128,0.000000,29.000000,188.768106,0.000000,104.289694
7527,6640.441128,0.000000,29.000000,188.266713,0.000000,96.267409
7528,6640.441128,0.000000,29.000000,187.765320,0.000000,88.245125
7529,6640.441128,0.000000,29.000000,187.263928,0.000000,80.222841
7530,6640.441128,0.000000,29.000000,186.762535,0.000000,72.200557
7531,6640.441128,0.000000,29.000000,186.261142,0.000000,64.178273
7532,6640.441128,0.000000,29.000000,185.759749,0.000000,56.155989
7533,6640.441128,0.000000,29.000000,185.258357,0.000000,48.133705
7534,6640.441128,0.000000,29.000000,184.756964,0.000000,40.111421
7535,6640.441128,0.000000,29.000000,184.255571,0.000000,32.089136
7536,6640.441128,0.000000,29.000000,183.754178,0.000000,24.066852
7537,6640.441128,0.000000,29.000000,183.252786,0.000000,16.044568
7538,6640.441128,0.000000,29.000000,182.751393,0.000000,8.022284
7539,6640.441128,0.000000,29.000000,182.250000,0.000000,360.000000
7540,6640.441128,0.000000,29.000000,181.748607,0.000000,351.977716
7541,6640.441128,0.000000,29.000000,181.247214,0.000000,343.955432
7542,6640.441128,0.000000,29.000000,180.745822,0.000000,335.933148
7543,6640.441128,0.000000,29.000000,180.244429,0.000000,327.910864
7544,6640.441128,0.000000,29.000000,179.743036,0.000000,319.888579
7545,6640.441128,0.000000,29.000000,179.241643,0.000000,311.866295
7546,6640.441128,0.000000,29.000000,178.740251,0.000000,303.844011
7547,6640.441128,0.000000,29.000000,178.238858,0.000000,295.821727
7548,6640.441128,0.000000,29.000000,177.737465,0.000000,287.799443
7549,6640.441128,0.000000,29.000000,177.236072,0.000000,279.777159
7550,6640.441128,0.000000,29.000000,176.734680,0.000000,271.754875
7551,6640.441128,0.000000,29.000000,176.233287,0.000000,263.732591
7552,6640.441128,0.000000,29.000000,175.731894,0.000000,255.710306
7553,6640.441128,0.000000,29.000000,175.230501,0.000000,247.688022
7554,6640.441128,0.000000,29.000000,174.729109,0.000000,239.665738
7555,6640.441128,0.000000,29.000000,174.227716,0.000000,231.643454
7556,6640.441128,0.000000,29.000000,173.726323,0.000000,223.621170
7557,6640.441128,0.000000,29.000000,173.224930,0.000000,215.598886
7558,6640.441128,0.000000,29.000000,172.723538,0.000000,207.576602
7559,6640.441128,0.000000,29.000000,172.222145,0.000000,199.554318
7560,6640.441128,0.000000,29.000000,171.720752,0.000000,191.532033
7561,6640.441128,0.000000,29.000000,171.219359,0.000000,183.509749
7562,6640.441128,0.000000,29.000000,170.717967,0.000000,175.487465
7563,6640.441128,0.000000,29.000000,170.216574,0.000000,167.465181
7564,6640.441128,0.000000,29.000000,169.715181,0.000000,159.442897
7565,6640.441128,0.000000,29.000000,169.213788,0.000000,151.420613
7566,6640.441128,0.000000,29.000000,168.712396,0.000000,143.398329
7567,6640.441128,0.000000,29.000000,168.211003,0.000000,135.376045
7568,6640.441128,0.000000,29.000000,167.709610,0.000000,127.353760
7569,6640.441128,0.000000,29.000000,167.208217,0.000000,119.331476
7570,6640.441128,0.000000,29.000000,166.706825,0.000000,111.309192
7571,6640.441128,0.000000,29.000000,166.205432,0.000000,103.286908
7572,6640.441128,0.000000,29.000000,165.704039,0.000000,95.264624
7573,6640.441128,0.000000,29.000000,165.202646,0.000000,87.242340
7574,6640.441128,0.000000,29.000000,164.701253,0.000000,79.220056
7575,6640.441128,0.000000,29.000000,164.199861,0.000000,71.197772
7576,6640.441128,0.000000,29.000000,163.698468,0.000000,63.175487
7577,6640.441128,0.000000,29.000000,163.197075,0.000000,55.153203
7578,6640.441128,0.000000,29.000000,162.695682,0.000000,47.130919
7579,6640.441128,0.000000,29.000000,162.194290,0.000000,39.108635
7580,6640.441128,0.000000,29.000000,161.692897,0.000000,31.086351
7581,6640.441128,0.000000,29.000000,161.191504,0.000000,23.064067
7582,6640.441128,0.000000,29.000000,160.690111,0.000000,15.041783
7583,6640.441128,0.000000,29.000000,160.188719,0.000000,7.019499
7584,6640.441128,0.000000,29.000000,159.687326,0.000000,358.997214
7585,6640.441128,0.000000,29.000000,159.185933,0.000000,350.974930
7586,6640.441128,0.000000,29.000000,158.684540,0.000000,342.952646
7587,6640.441128,0.000000,29.000000,158.183148,0.000000,334.930362
7588,6640.441128,0.000000,29.000000,157.681755,0.000000,326.908078
7589,6640.441128,0.000000,29.000000,157.180362,0.000000,318.885794
7590,6640.441128,0.000000,29.000000,156.678969,0.000000,310.863510
7591,6640.441128,0.000000,29.000000,156.177577,0.000000,302.841226
7592,6640.441128,0.000000,29.000000,155.676184,0.000000,294.818942
7593,6640.441128,0.000000,29.000000,155.174791,0.000000,286.796657
7594,6640.441128,0.000000,29.000000,154.673398,0.000000,278.774373
7595,6640.441128,0.000000,29.000000,154.172006,0.000000,270.752089
7596,6640.441128,0.000000,29.000000,153.670613,0.000000,262.729805
7597,6640.441128,0.000000,29.000000,153.169220,0.000000,254.707521
7598,6640.441128,0.000000,29.000000,152.667827,0.000000,246.685237
7599,6640.441128,0.000000,29.000000,152.166435,0.000000,238.662953
7600,6640.441128,0.000000,29.000000,151.665042,0.000000,230.640669
7601,6640.441128,0.000000,29.000000,151.163649,0.000000,222.618384
7602,6640.441128,0.000000,29.000000,150.662256,0.000000,214.596100
7603,6640.441128,0.000000,29.000000,150.160864,0.000000,206.573816
7604,6640.441128,0.000000,29.000000,149.659471,0.000000,198.551532
7605,6640.441128,0.000000,29.000000,149.158078,0.000000,190.529248
7606,6640.441128,0.000000,29.000000,148.656685,0.000000,182.506964
7607,6640.441128,0.000000,29.000000,148.155292,0.000000,174.484680
7608,6640.441128,0.000000,29.000000,147.653900,0.000000,166.462396
7609,6640.441128,0.000000,29.000000,147.152507,0.000000,158.440111
7610,6640.441128,0.000000,29.000000,146.651114,0.000000,150.417827
7611,6640.441128,0.000000,29.000000,146.149721,0.000000,142.395543
7612,6640.441128,0.000000,29.000000,145.648329,0.000000,134.373259
7613,6640.441128,0.000000,29.000000,145.146936,0.000000,126.350975
7614,6640.441128,0.000000,29.000000,144.645543,0.000000,118.328691
7615,6640.441128,0.000000,29.000000,144.144150,0.000000,110.306407
7616,6640.441128,0.000000,29.000000,143.642758,0.000000,102.284123
7617,6640.441128,0.000000,29.000000,143.141365,0.000000,94.261838
7618,6640.441128,0.000000,29.000000,142.639972,0.000000,86.239554
7619,6640.441128,0.000000,29.000000,142.138579,0.000000,78.217270
7620,6640.441128,0.000000,29.000000,141.637187,0.000000,70.194986
7621,6640.441128,0.000000,29.000000,141.135794,0.000000,62.172702
7622,6640.441128,0.000000,29.000000,140.634401,0.000000,54.150418
7623,6640.441128,0.000000,29.000000,140.133008,0.000000,46.128134
7624,6640.441128,0.000000,29.000000,139.631616,0.000000,38.105850
7625,6640.441128,0.000000,29.000000,139.130223,0.000000,30.083565
7626,6640.441128,0.000000,29.000000,138.628830,0.000000,22.061281
7627,6640.441128,0.000000,29.000000,138.127437,0.000000,14.038997
7628,6640.441128,0.000000,29.000000,137.626045,0.000000,6.016713
7629,6640.441128,0.000000,29.000000,137.124652,0.000000,357.994429
7630,6640.441128,0.000000,29.000000,136.623259,0.000000,349.972145
7631,6640.441128,0.000000,29.000000,136.121866,0.000000,341.949861
7632,6640.441128,0.000000,29.000000,135.620474,0.000000,333.927577
7633,6640.441128,0.000000,29.000000,135.119081,0.000000,325.905292
7634,6640.441128,0.000000,29.000000,134.617688,0.000000,317.883008
7635,6640.441128,0.000000,29.000000,134.116295,0.000000,309.860724
7636,6640.441128,0.000000,29.000000,133.614903,0.000000,301.838440
7637,6640.441128,0.000000,29.000000,133.113510,0.000000,293.816156
7638,6640.441128,0.000000,29.000000,132.612117,0.000000,285.793872
7639,6640.441128,0.000000,29.000000,132.110724,0.000000,277.771588
7640,6640.441128,0.000000,29.000000,131.609331,0.000000,269.749304
7641,6640.441128,0.000000,29.000000,131.107939,0.000000,261.727019
7642,6640.441128,0.000000,29.000000,130.606546,0.000000,253.704735
7643,6640.441128,0.000000,29.000000,130.105153,0.000000,245.682451
7644,6640.441128,0.000000,29.000000,129.603760,0.000000,237.660167
7645,6640.441128,0.000000,29.000000,129.102368,0.000000,229.637883
7646,6640.441128,0.000000,29.000000,128.600975,0.000000,221.615599
7647,6640.441128,0.000000,29.000000,128.099582,0.000000,213.593315
7648,6640.441128,0.000000,29.000000,127.598189,0.000000,205.571031
7649,6640.441128,0.000000,29.000000,127.096797,0.000000,197.548747
7650,6640.441128,0.000000,29.000000,126.595404,0.000000,189.526462
7651,6640.441128,0.000000,29.000000,126.094011,0.000000,181.504178
7652,6640.441128,0.000000,29.000000,125.592618,0.000000,173.481894
7653,6640.441128,0.000000,29.000000,125.091226,0.000000,165.459610
7654,6640.441128,0.000000,29.000000,124.589833,0.000000,157.437326
7655,6640.441128,0.000000,29.000000,124.088440,0.000000,149.415042
7656,6640.441128,0.000000,29.000000,123.587047,0.000000,141.392758
7657,6640.441128,0.000000,29.000000,123.085655,0.000000,133.370474
7658,6640.441128,0.000000,29.000000,122.584262,0.000000,125.348189
7659,6640.441128,0.000000,29.000000,122.082869,0.000000,117.325905
7660,6640.441128,0.000000,29.000000,121.581476,0.000000,109.303621
7661,6640.441128,0.000000,29.000000,121.080084,0.000000,101.281337
7662,6640.441128,0.000000,29.000000,120.578691,0.000000,93.259053
7663,6640.441128,0.000000,29.000000,120.077298,0.000000,85.236769
7664,6640.441128,0.000000,29.000000,119.575905,0.000000,77.214485
7665,6640.441128,0.000000,29.000000,119.074513,0.000000,69.192201
7666,6640.441128,0.000000,29.000000,118.573120,0.000000,61.169916
7667,6640.441128,0.000000,29.000000,118.071727,0.000000,53.147632
7668,6640.441128,0.000000,29.000000,117.570334,0.000000,45.125348
7669,6640.441128,0.000000,29.000000,117.068942,0.000000,37.103064
7670,6640.441128,0.000000,29.000000,116.567549,0.000000,29.080780
7671,6640.441128,0.000000,29.000000,116.066156,0.000000,21.058496
7672,6640.441128,0.000000,29.000000,115.564763,0.000000,13.036212
7673,6640.441128,0.000000,29.000000,115.063370,0.000000,5.013928
7674,6640.441128,0.000000,29.000000,114.561978,0.000000,356.991643
7675,6640.441128,0.000000,29.000000,114.060585,0.000000,348.969359
7676,6640.441128,0.000000,29.000000,113.559192,0.000000,340.947075
7677,6640.441128,0.000000,29.000000,113.057799,0.000000,332.924791
7678,6640.441128,0.000000,29.000000,112.556407,0.000000,324.902507
7679,6640.441128,0.000000,29.000000,112.055014,0.000000,316.880223
7680,6640.441128,0.000000,29.000000,111.553621,0.000000,308.857939
7681,6640.441128,0.000000,29.000000,111.052228,0.000000,300.835655
7682,6640.441128,0.000000,29.000000,110.550836,0.000000,292.813370
7683,6640.441128,0.000000,29.000000,110.049443,0.000000,284.791086
7684,6640.441128,0.000000,29.000000,109.548050,0.000000,276.768802
7685,6640.441128,0.000000,29.000000,109.046657,0.000000,268.746518
7686,6640.441128,0.000000,29.000000,108.545265,0.000000,260.724234
7687,6640.441128,0.000000,29.000000,108.043872,0.000000,252.701950
7688,6640.441128,0.000000,29.000000,107.542479,0.000000,244.679666
7689,6640.441128,0.000000,29.000000,107.041086,0.000000,236.657382
7690,6640.441128,0.000000,29.000000,106.539694,0.000000,228.635097
7691,6640.441128,0.000000,29.000000,106.038301,0.000000,220.612813
7692,6640.441128,0.000000,29.000000,105.536908,0.000000,212.590529
7693,6640.441128,0.000000,29.000000,105.035515,0.000000,204.568245
7694,6640.441128,0.000000,29.000000,104.534123,0.000000,196.545961
7695,6640.441128,0.000000,29.000000,104.032730,0.000000,188.523677
7696,6640.441128,0.000000,29.000000,103.531337,0.000000,180.501393
7697,6640.441128,0.000000,29.000000,103.029944,0.000000,172.479109
7698,6640.441128,0.000000,29.000000,102.528552,0.000000,164.456825
7699,6640.441128,0.000000,29.000000,102.027159,0.000000,156.434540
7700,6640.441128,0.000000,29.000000,101.525766,0.000000,148.412256
7701,6640.441128,0.000000,29.000000,101.024373,0.000000,140.389972
7702,6640.441128,0.000000,29.000000,100.522981,0.000000,132.367688
7703,6640.441128,0.000000,29.000000,100.021588,0.000000,124.345404
7704,6640.441128,0.000000,29.000000,99.520195,0.000000,116.323120
7705,6640.441128,0.000000,29.000000,99.018802,0.000000,108.300836
7706,6640.441128,0.000000,29.000000,98.517409,0.000000,100.278552
7707,6640.441128,0.000000,29.000000,98.016017,0.000000,92.256267
7708,6640.441128,0.000000,29.000000,97.514624,0.000000,84.233983
7709,6640.441128,0.000000,29.000000,97.013231,0.000000,76.211699
7710,6640.441128,0.000000,29.000000,96.511838,0.000000,68.189415
7711,6640.441128,0.000000,29.000000,96.010446,0.000000,60.167131
7712,6640.441128,0.000000,29.000000,95.509053,0.000000,52.144847
7713,6640.441128,0.000000,29.000000,95.007660,0.000000,44.122563
7714,6640.441128,0.000000,29.000000,94.506267,0.000000,36.100279
7715,6640.441128,0.000000,29.000000,94.004875,0.000000,28.077994
7716,6640.441128,0.000000,29.000000,93.503482,0.000000,20.055710
7717,6640.441128,0.000000,29.000000,93.002089,0.000000,12.033426
7718,6640.441128,0.000000,29.000000,92.500696,0.000000,4.011142
7719,6640.441128,0.000000,29.000000,91.999304,0.000000,355.988858
7720,6640.441128,0.000000,29.000000,91.497911,0.000000,347.966574
7721,6640.441128,0.000000,29.000000,90.996518,0.000000,339.944290
7722,6640.441128,0.000000,29.000000,90.495125,0.000000,331.922006
7723,6640.441128,0.000000,29.000000,89.993733,0.000000,323.899721
7724,6640.441128,0.000000,29.000000,89.492340,0.000000,315.877437
7725,6640.441128,0.000000,29.000000,88.990947,0.000000,307.855153
7726,6640.441128,0.000000,29.000000,88.489554,0.000000,299.832869
7727,6640.441128,0.000000,29.000000,87.988162,0.000000,291.810585
7728,6640.441128,0.000000,29.000000,87.486769,0.000000,283.788301
7729,6640.441128,0.000000,29.000000,86.985376,0.000000,275.766017
7730,6640.441128,0.000000,29.000000,86.483983,0.000000,267.743733
7731,6640.441128,0.000000,29.000000,85.982591,0.000000,259.721448
7732,6640.441128,0.000000,29.000000,85.481198,0.000000,251.699164
7733,6640.441128,0.000000,29.000000,84.979805,0.000000,243.676880
7734,6640.441128,0.000000,29.000000,84.478412,0.000000,235.654596
7735,6640.441128,0.000000,29.000000,83.977019,0.000000,227.632312
7736,6640.441128,0.000000,29.000000,83.475627,0.000000,219.610028
7737,6640.441128,0.000000,29.000000,82.974234,0.000000,211.587744
7738,6640.441128,0.000000,29.000000,82.472841,0.000000,203.565460
7739,6640.441128,0.000000,29.000000,81.971448,0.000000,195.543175
7740,6640.441128,0.000000,29.000000,81.470056,0.000000,187.520891
7741,6640.441128,0.000000,29.000000,80.968663,0.000000,179.498607
7742,6640.441128,0.000000,29.000000,80.467270,0.000000,171.476323
7743,6640.441128,0.000000,29.000000,79.965877,0.000000,163.454039
7744,6640.441128,0.000000,29.000000,79.464485,0.000000,155.431755
7745,6640.441128,0.000000,29.000000,78.963092,0.000000,147.409471
7746,6640.441128,0.000000,29.000000,78.461699,0.000000,139.387187
7747,6640.441128,0.000000,29.000000,77.960306,0.000000,131.364903
7748,6640.441128,0.000000,29.000000,77.458914,0.000000,123.342618
7749,6640.441128,0.000000,29.000000,76.957521,0.000000,115.320334
7750,6640.441128,0.000000,29.000000,76.456128,0.000000,107.298050
7751,6640.441128,0.000000,29.000000,75.954735,0.000000,99.275766
7752,6640.441128,0.000000,29.000000,75.453343,0.000000,91.253482
7753,6640.441128,0.000000,29.000000,74.951950,0.000000,83.231198
7754,6640.441128,0.000000,29.000000,74.450557,0.000000,75.208914
7755,6640.441128,0.000000,29.000000,73.949164,0.000000,67.186630
7756,6640.441128,0.000000,29.000000,73.447772,0.000000,59.164345
7757,6640.441128,0.000000,29.000000,72.946379,0.000000,51.142061
7758,6640.441128,0.000000,29.000000,72.444986,0.000000,43.119777
7759,6640.441128,0.000000,29.000000,71.943593,0.000000,35.097493
7760,6640.441128,0.000000,29.000000,71.442201,0.000000,27.075209
7761,6640.441128,0.000000,29.000000,70.940808,0.000000,19.052925
7762,6640.441128,0.000000,29.000000,70.439415,0.000000,11.030641
7763,6640.441128,0.000000,29.000000,69.938022,0.000000,3.008357
7764,6640.441128,0.000000,29.000000,69.436630,0.000000,354.986072
7765,6640.441128,0.000000,29.000000,68.935237,0.000000,346.963788
7766,6640.441128,0.000000,29.000000,68.433844,0.000000,338.941504
7767,6640.441128,0.000000,29.000000,67.932451,0.000000,330.919220
7768,6640.441128,0.000000,29.000000,67.431058,0.000000,322.896936
7769,6640.441128,0.000000,29.000000,66.929666,0.000000,314.874652
7770,6640.441128,0.000000,29.000000,66.428273,0.000000,306.852368
7771,6640.441128,0.000000,29.000000,65.926880,0.000000,298.830084
7772,6640.441128,0.000000,29.000000,65.425487,0.000000,290.807799
7773,6640.441128,0.000000,29.000000,64.924095,0.000000,282.785515
7774,6640.441128,0.000000,29.000000,64.422702,0.000000,274.763231
7775,6640.441128,0.000000,29.000000,63.921309,0.000000,266.740947
7776,6640.441128,0.000000,29.000000,63.419916,0.000000,258.718663
7777,6640.441128,0.000000,29.000000,62.918524,0.000000,250.696379
7778,6640.441128,0.000000,29.000000,62.417131,0.000000,242.674095
7779,6640.441128,0.000000,29.000000,61.915738,0.000000,234.651811
7780,6640.441128,0.000000,29.000000,61.414345,0.000000,226.629526
7781,6640.441128,0.000000,29.000000,60.912953,0.000000,218.607242
7782,6640.441128,0.000000,29.000000,60.411560,0.000000,210.584958
7783,6640.441128,0.000000,29.000000,59.910167,0.000000,202.562674
7784,6640.441128,0.000000,29.000000,59.408774,0.000000,194.540390
7785,6640.441128,0.000000,29.000000,58.907382,0.000000,186.518106
7786,6640.441128,0.000000,29.000000,58.405989,0.000000,178.495822
7787,6640.441128,0.000000,29.000000,57.904596,0.000000,170.473538
7788,6640.441128,0.000000,29.000000,57.403203,0.000000,162.451253
7789,6640.441128,0.000000,29.000000,56.901811,0.000000,154.428969
7790,6640.441128,0.000000,29.000000,56.400418,0.000000,146.406685
7791,6640.441128,0.000000,29.000000,55.899025,0.000000,138.384401
7792,6640.441128,0.000000,29.000000,55.397632,0.000000,130.362117
7793,6640.441128,0.000000,29.000000,54.896240,0.000000,122.339833
7794,6640.441128,0.000000,29.000000,54.394847,0.000000,114.317549
7795,6640.441128,0.000000,29.000000,53.893454,0.000000,106.295265
7796,6640.441128,0.000000,29.000000,53.392061,0.000000,98.272981
7797,6640.441128,0.000000,29.000000,52.890669,0.000000,90.250696
7798,6640.441128,0.000000,29.000000,52.389276,0.000000,82.228412
7799,6640.441128,0.000000,29.000000,51.887883,0.000000,74.206128
7800,6640.441128,0.000000,29.000000,51.386490,0.000000,66.183844
7801,6640.441128,0.000000,29.000000,50.885097,0.000000,58.161560
7802,6640.441128,0.000000,29.000000,50.383705,0.000000,50.139276
7803,6640.441128,0.000000,29.000000,49.882312,0.000000,42.116992
7804,6640.441128,0.000000,29.000000,49.380919,0.000000,34.094708
7805,6640.441128,0.000000,29.000000,48.879526,0.000000,26.072423
7806,6640.441128,0.000000,29.000000,48.378134,0.000000,18.050139
7807,6640.441128,0.000000,29.000000,47.876741,0.000000,10.027855
7808,6640.441128,0.000000,29.000000,47.375348,0.000000,2.005571
7809,6640.441128,0.000000,29.000000,46.873955,0.000000,353.983287
7810,6640.441128,0.000000,29.000000,46.372563,0.000000,345.961003
7811,6640.441128,0.000000,29.000000,45.871170,0.000000,337.938719
7812,6640.441128,0.000000,29.000000,45.369777,0.000000,329.916435
7813,6640.441128,0.000000,29.000000,44.868384,0.000000,321.894150
7814,6640.441128,0.000000,29.000000,44.366992,0.000000,313.871866
7815,6640.441128,0.000000,29.000000,43.865599,0.000000,305.849582
7816,6640.441128,0.000000,29.000000,43.364206,0.000000,297.827298
7817,6640.441128,0.000000,29.000000,42.862813,0.000000,289.805014
7818,6640.441128,0.000000,29.000000,42.361421,0.000000,281.782730
7819,6640.441128,0.000000,29.000000,41.860028,0.000000,273.760446
7820,6640.441128,0.000000,29.000000,41.358635,0.000000,265.738162
7821,6640.441128,0.000000,29.000000,40.857242,0.000000,257.715877
7822,6640.441128,0.000000,29.000000,40.355850,0.000000,249.693593
7823,6640.441128,0.000000,29.000000,39.854457,0.000000,241.671309
7824,6640.441128,0.000000,29.000000,39.353064,0.000000,233.649025
7825,6640.441128,0.000000,29.000000,38.851671,0.000000,225.626741
7826,6640.441128,0.000000,29.000000,38.350279,0.000000,217.604457
7827,6640.441128,0.000000,29.000000,37.848886,0.000000,209.582173
7828,6640.441128,0.000000,29.000000,37.347493,0.000000,201.559889
7829,6640.441128,0.000000,29.000000,36.846100,0.000000,193.537604
7830,6640.441128,0.000000,29.000000,36.344708,0.000000,185.515320
7831,6640.441128,0.000000,29.000000,35.843315,0.000000,177.493036
7832,6640.441128,0.000000,29.000000,35.341922,0.000000,169.470752
7833,6640.441128,0.000000,29.000000,34.840529,0.000000,161.448468
7834,6640.441128,0.000000,29.000000,34.339136,0.000000,153.426184
7835,6640.441128,0.000000,29.000000,33.837744,0.000000,145.403900
7836,6640.441128,0.000000,29.000000,33.336351,0.000000,137.381616
7837,6640.441128,0.000000,29.000000,32.834958,0.000000,129.359331
7838,6640.441128,0.000000,29.000000,32.333565,0.000000,121.337047
7839,6640.441128,0.000000,29.000000,31.832173,0.000000,113.314763
7840,6640.441128,0.000000,29.000000,31.330780,0.000000,105.292479
7841,6640.441128,0.000000,29.000000,30.829387,0.000000,97.270195
7842,6640.441128,0.000000,29.000000,30.327994,0.000000,89.247911
7843,6640.441128,0.000000,29.000000,29.826602,0.000000,81.225627
7844,6640.441128,0.000000,29.000000,29.325209,0.000000,73.203343
7845,6640.441128,0.000000,29.000000,28.823816,0.000000,65.181058
7846,6640.441128,0.000000,29.000000,28.322423,0.000000,57.158774
7847,6640.441128,0.000000,29.000000,27.821031,0.000000,49.136490
7848,6640.441128,0.000000,29.000000,27.319638,0.000000,41.114206
7849,6640.441128,0.000000,29.000000,26.818245,0.000000,33.091922
7850,6640.441128,0.000000,29.000000,26.316852,0.000000,25.069638
7851,6640.441128,0.000000,29.000000,25.815460,0.000000,17.047354
7852,6640.441128,0.000000,29.000000,25.314067,0.000000,9.025070
7853,6640.441128,0.000000,29.000000,24.812674,0.000000,1.002786
7854,6640.441128,0.000000,29.000000,24.311281,0.000000,352.980501
7855,6640.441128,0.000000,29.000000,23.809889,0.000000,344.958217
7856,6640.441128,0.000000,29.000000,23.308496,0.000000,336.935933
7857,6640.441128,0.000000,29.000000,22.807103,0.000000,328.913649
7858,6640.441128,0.000000,29.000000,22.305710,0.000000,320.891365
7859,6640.441128,0.000000,29.000000,21.804318,0.000000,312.869081
7860,6640.441128,0.000000,29.000000,21.302925,0.000000,304.846797
7861,6640.441128,0.000000,29.000000,20.801532,0.000000,296.824513
7862,6640.441128,0.000000,29.000000,20.300139,0.000000,288.802228
7863,6640.441128,0.000000,29.000000,19.798747,0.000000,280.779944
7864,6640.441128,0.000000,29.000000,19.297354,0.000000,272.757660
7865,6640.441128,0.000000,29.000000,18.795961,0.000000,264.735376
7866,6640.441128,0.000000,29.000000,18.294568,0.000000,256.713092
7867,6640.441128,0.000000,29.000000,17.793175,0.000000,248.690808
7868,6640.441128,0.000000,29.000000,17.291783,0.000000,240.668524
7869,6640.441128,0.000000,29.000000,16.790390,0.000000,232.646240
7870,6640.441128,0.000000,29.000000,16.288997,0.000000,224.623955
7871,6640.441128,0.000000,29.000000,15.787604,0.000000,216.601671
7872,6640.441128,0.000000,29.000000,15.286212,0.000000,208.579387
7873,6640.441128,0.000000,29.000000,14.784819,0.000000,200.557103
7874,6640.441128,0.000000,29.000000,14.283426,0.000000,192.534819
7875,6640.441128,0.000000,29.000000,13.782033,0.000000,184.512535
7876,6640.441128,0.000000,29.000000,13.280641,0.000000,176.490251
7877,6640.441128,0.000000,29.000000,12.779248,0.000000,168.467967
7878,6640.441128,0.000000,29.000000,12.277855,0.000000,160.445682
7879,6640.441128,0.000000,29.000000,11.776462,0.000000,152.423398
7880,6640.441128,0.000000,29.000000,11.275070,0.000000,144.401114
7881,6640.441128,0.000000,29.000000,10.773677,0.000000,136.378830
7882,6640.441128,0.000000,29.000000,10.272284,0.000000,128.356546
7883,6640.441128,0.000000,29.000000,9.770891,0.000000,120.334262
7884,6640.441128,0.000000,29.000000,9.269499,0.000000,112.311978
7885,6640.441128,0.000000,29.000000,8.768106,0.000000,104.289694
7886,6640.441128,0.000000,29.000000,8.266713,0.000000,96.267409
7887,6640.441128,0.000000,29.000000,7.765320,0.000000,88.245125
7888,6640.441128,0.000000,29.000000,7.263928,0.000000,80.222841
7889,6640.441128,0.000000,29.000000,6.762535,0.000000,72.200557
7890,6640.441128,0.000000,29.000000,6.261142,0.000000,64.178273
7891,6640.441128,0.000000,29.000000,5.759749,0.000000,56.155989
7892,6640.441128,0.000000,29.000000,5.258357,0.000000,48.133705
7893,6640.441128,0.000000,29.000000,4.756964,0.000000,40.111421
7894,6640.441128,0.000000,29.000000,4.255571,0.000000,32.089136
7895,6640.441128,0.000000,29.000000,3.754178,0.000000,24.066852
7896,6640.441128,0.000000,29.000000,3.252786,0.000000,16.044568
7897,6640.441128,0.000000,29.000000,2.751393,0.000000,8.022284
8616,6640.441128,0.000000,51.000000,2.250000,0.000000,0.000000
8617,6640.441128,0.000000,51.000000,1.748607,0.000000,351.977716
8618,6640.441128,0.000000,51.000000,1.247214,0.000000,343.955432
8619,6640.441128,0.000000,51.000000,0.745822,0.000000,335.933148
8620,6640.441128,0.000000,51.000000,0.244429,0.000000,327.910864
8621,6640.441128,0.000000,51.000000,359.743036,0.000000,319.888579
8622,6640.441128,0.000000,51.000000,359.241643,0.000000,311.866295
8623,6640.441128,0.000000,51.000000,358.740251,0.000000,303.844011
8624,6640.441128,0.000000,51.000000,358.238858,0.000000,295.821727
8625,6640.441128,0.000000,51.000000,357.737465,0.000000,287.799443
8626,6640.441128,0.000000,51.000000,357.236072,0.000000,279.777159
8627,6640.441128,0.000000,51.000000,356.734680,0.000000,271.754875
8628,6640.441128,0.000000,51.000000,356.233287,0.000000,263.732591
8629,6640.441128,0.000000,51.000000,355.731894,0.000000,255.710306
8630,6640.441128,0.000000,51.000000,355.230501,0.000000,247.688022
8631,6640.441128,0.000000,51.000000,354.729109,0.000000,239.665738
8632,6640.441128,0.000000,51.000000,354.227716,0.000000,231.643454
8633,6640.441128,0.000000,51.000000,353.726323,0.000000,223.621170
8634,6640.441128,0.000000,51.000000,353.224930,0.000000,215.598886
8635,6640.441128,0.000000,51.000000,352.723538,0.000000,207.576602
8636,6640.441128,0.000000,51.000000,352.222145,0.000000,199.554318
8637,6640.441128,0.000000,51.000000,351.720752,0.000000,191.532033
8638,6640.441128,0.000000,51.000000,351.219359,0.000000,183.509749
8639,6640.441128,0.000000,51.000000,350.717967,0.000000,175.487465
8640,6640.441128,0.000000,51.000000,350.216574,0.000000,167.465181
8641,6640.441128,0.000000,51.000000,349.715181,0.000000,159.442897
8642,6640.441128,0.000000,51.000000,349.213788,0.000000,151.420613
8643,6640.441128,0.000000,51.000000,348.712396,0.000000,143.398329
8644,6640.441128,0.000000,51.000000,348.211003,0.000000,135.376045
8645,6640.441128,0.000000,51.000000,347.709610,0.000000,127.353760
8646,6640.441128,0.000000,51.000000,347.208217,0.000000,119.331476
8647,6640.441128,0.000000,51.000000,346.706825,0.000000,111.309192
8648,6640.441128,0.000000,51.000000,346.205432,0.000000,103.286908
8649,6640.441128,0.000000,51.000000,345.704039,0.000000,95.264624
8650,6640.441128,0.000000,51.000000,345.202646,0.000000,87.242340
8651,6640.441128,0.000000,51.000000,344.701253,0.000000,79.220056
8652,6640.441128,0.000000,51.000000,344.199861,0.000000,71.197772
8653,6640.441128,0.000000,51.000000,343.698468,0.000000,63.175487
8654,6640.441128,0.000000,51.000000,343.197075,0.000000,55.153203
8655,6640.441128,0.000000,51.000000,342.695682,0.000000,47.130919
8656,6640.441128,0.000000,51.000000,342.194290,0.000000,39.108635
8657,6640.441128,0.000000,51.000000,341.692897,0.000000,31.086351
8658,6640.441128,0.000000,51.000000,341.191504,0.000000,23.064067
8659,6640.441128,0.000000,51.000000,340.690111,0.000000,15.041783
8660,6640.441128,0.000000,51.000000,340.188719,0.000000,7.019499
8661,6640.441128,0.000000,51.000000,339.687326,0.000000,358.997214
8662,6640.441128,0.000000,51.000000,339.185933,0.000000,350.974930
8663,6640.441128,0.000000,51.000000,338.684540,0.000000,342.952646
8664,6640.441128,0.000000,51.000000,338.183148,0.000000,334.930362
8665,6640.441128,0.000000,51.000000,337.681755,0.000000,326.908078
8666,6640.441128,0.000000,51.000000,337.180362,0.000000,318.885794
8667,6640.441128,0.000000,51.000000,336.678969,0.000000,310.863510
8668,6640.441128,0.000000,51.000000,336.177577,0.000000,302.841226
8669,6640.441128,0.000000,51.000000,335.676184,0.000000,294.818942
8670,6640.441128,0.000000,51.000000,335.174791,0.000000,286.796657
8671,6640.441128,0.000000,51.000000,334.673398,0.000000,278.774373
8672,6640.441128,0.000000,51.000000,334.172006,0.000000,270.752089
8673,6640.441128,0.000000,51.000000,333.670613,0.000000,262.729805
8674,6640.441128,0.000000,51.000000,333.169220,0.000000,254.707521
8675,6640.441128,0.000000,51.000000,332.667827,0.000000,246.685237
8676,6640.441128,0.000000,51.000000,332.166435,0.000000,238.662953
8677,6640.441128,0.000000,51.000000,331.665042,0.000000,230.640669
8678,6640.441128,0.000000,51.000000,331.163649,0.000000,222.618384
8679,6640.441128,0.000000,51.000000,330.662256,0.000000,214.596100
8680,6640.441128,0.000000,51.000000,330.160864,0.000000,206.573816
8681,6640.441128,0.000000,51.000000,329.659471,0.000000,198.551532
8682,6640.441128,0.000000,51.000000,329.158078,0.000000,190.529248
8683,6640.441128,0.000000,51.000000,328.656685,0.000000,182.506964
8684,6640.441128,0.000000,51.000000,328.155292,0.000000,174.484680
8685,6640.441128,0.000000,51.000000,327.653900,0.000000,166.462396
8686,6640.441128,0.000000,51.000000,327.152507,0.000000,158.440111
8687,6640.441128,0.000000,51.000000,326.651114,0.000000,150.417827
8688,6640.441128,0.000000,51.000000,326.149721,0.000000,142.395543
8689,6640.441128,0.000000,51.000000,325.648329,0.000000,134.373259
8690,6640.441128,0.000000,51.000000,325.146936,0.000000,126.350975
8691,6640.441128,0.000000,51.000000,324.645543,0.000000,118.328691
8692,6640.441128,0.000000,51.000000,324.144150,0.000000,110.306407
8693,6640.441128,0.000000,51.000000,323.642758,0.000000,102.284123
8694,6640.441128,0.000000,51.000000,323.141365,0.000000,94.261838
8695,6640.441128,0.000000,51.000000,322.639972,0.000000,86.239554
8696,6640.441128,0.000000,51.000000,322.138579,0.000000,78.217270
8697,6640.441128,0.000000,51.000000,321.637187,0.000000,70.194986
8698,6640.441128,0.000000,51.000000,321.135794,0.000000,62.172702
8699,6640.441128,0.000000,51.000000,320.634401,0.000000,54.150418
8700,6640.441128,0.000000,51.000000,320.133008,0.000000,46.128134
8701,6640.441128,0.000000,51.000000,319.631616,0.000000,38.105850
8702,6640.441128,0.000000,51.000000,319.130223,0.000000,30.083565
8703,6640.441128,0.000000,51.000000,318.628830,0.000000,22.061281
8704,6640.441128,0.000000,51.000000,318.127437,0.000000,14.038997
8705,6640.441128,0.000000,51.000000,317.626045,0.000000,6.016713
8706,6640.441128,0.000000,51.000000,317.124652,0.000000,357.994429
8707,6640.441128,0.000000,51.000000,316.623259,0.000000,349.972145
8708,6640.441128,0.000000,51.000000,316.121866,0.000000,341.949861
8709,6640.441128,0.000000,51.000000,315.620474,0.000000,333.927577
8710,6640.441128,0.000000,51.000000,315.119081,0.000000,325.905292
8711,6640.441128,0.000000,51.000000,314.617688,0.000000,317.883008
8712,6640.441128,0.000000,51.000000,314.116295,0.000000,309.860724
8713,6640.441128,0.000000,51.000000,313.614903,0.000000,301.838440
8714,6640.441128,0.000000,51.000000,313.113510,0.000000,293.816156
8715,6640.441128,0.000000,51.000000,312.612117,0.000000,285.793872
8716,6640.441128,0.000000,51.000000,312.110724,0.000000,277.771588
8717,6640.441128,0.000000,51.000000,311.609331,0.000000,269.749304
8718,6640.441128,0.000000,51.000000,311.107939,0.000000,261.727019
8719,6640.441128,0.000000,51.000000,310.606546,0.000000,253.704735
8720,6640.441128,0.000000,51.000000,310.105153,0.000000,245.682451
8721,6640.441128,0.000000,51.000000,309.603760,0.000000,237.660167
8722,6640.441128,0.000000,51.000000,309.102368,0.000000,229.637883
8723,6640.441128,0.000000,51.000000,308.600975,0.000000,221.615599
8724,6640.441128,0.000000,51.000000,308.099582,0.000000,213.593315
8725,6640.441128,0.000000,51.000000,307.598189,0.000000,205.571031
8726,6640.441128,0.000000,51.000000,307.096797,0.000000,197.548747
8727,6640.441128,0.000000,51.000000,306.595404,0.000000,189.526462
8728,6640.441128,0.000000,51.000000,306.094011,0.000000,181.504178
8729,6640.441128,0.000000,51.000000,305.592618,0.000000,173.481894
8730,6640.441128,0.000000,51.000000,305.091226,0.000000,165.459610
8731,6640.441128,0.000000,51.000000,304.589833,0.000000,157.437326
8732,6640.441128,0.000000,51.000000,304.088440,0.000000,149.415042
8733,6640.441128,0.000000,51.000000,303.587047,0.000000,141.392758
8734,6640.441128,0.000000,51.000000,303.085655,0.000000,133.370474
8735,6640.441128,0.000000,51.000000,302.584262,0.000000,125.348189
8736,6640.441128,0.000000,51.000000,302.082869,0.000000,117.325905
8737,6640.441128,0.000000,51.000000,301.581476,0.000000,109.303621
8738,6640.441128,0.000000,51.000000,301.080084,0.000000,101.281337
8739,6640.441128,0.000000,51.000000,300.578691,0.000000,93.259053
8740,6640.441128,0.000000,51.000000,300.077298,0.000000,85.236769
8741,6640.441128,0.000000,51.000000,299.575905,0.000000,77.214485
8742,6640.441128,0.000000,51.000000,299.074513,0.000000,69.192201
8743,6640.441128,0.000000,51.000000,298.573120,0.000000,61.169916
8744,6640.441128,0.000000,51.000000,298.071727,0.000000,53.147632
8745,6640.441128,0.000000,51.000000,297.570334,0.000000,45.125348
8746,6640.441128,0.000000,51.000000,297.068942,0.000000,37.103064
8747,6640.441128,0.000000,51.000000,296.567549,0.000000,29.080780
8748,6640.441128,0.000000,51.000000,296.066156,0.000000,21.058496
8749,6640.441128,0.000000,51.000000,295.564763,0.000000,13.036212
8750,6640.441128,0.000000,51.000000,295.063370,0.000000,5.013928
8751,6640.441128,0.000000,51.000000,294.561978,0.000000,356.991643
8752,6640.441128,0.000000,51.000000,294.060585,0.000000,348.969359
8753,6640.441128,0.000000,51.000000,293.559192,0.000000,340.947075
8754,6640.441128,0.000000,51.000000,293.057799,0.000000,332.924791
8755,6640.441128,0.000000,51.000000,292.556407,0.000000,324.902507
8756,6640.441128,0.000000,51.000000,292.055014,0.000000,316.880223
8757,6640.441128,0.000000,51.000000,291.553621,0.000000,308.857939
8758,6640.441128,0.000000,51.000000,291.052228,0.000000,300.835655
8759,6640.441128,0.000000,51.000000,290.550836,0.000000,292.813370
8760,6640.441128,0.000000,51.000000,290.049443,0.000000,284.791086
8761,6640.441128,0.000000,51.000000,289.548050,0.000000,276.768802
8762,6640.441128,0.000000,51.000000,289.046657,0.000000,268.746518
8763,6640.441128,0.000000,51.000000,288.545265,0.000000,260.724234
8764,6640.441128,0.000000,51.000000,288.043872,0.000000,252.701950
8765,6640.441128,0.000000,51.000000,287.542479,0.000000,244.679666
8766,6640.441128,0.000000,51.000000,287.041086,0.000000,236.657382
8767,6640.441128,0.000000,51.000000,286.539694,0.000000,228.635097
8768,6640.441128,0.000000,51.000000,286.038301,0.000000,220.612813
8769,6640.441128,0.000000,51.000000,285.536908,0.000000,212.590529
8770,6640.441128,0.000000,51.000000,285.035515,0.000000,204.568245
8771,6640.441128,0.000000,51.000000,284.534123,0.000000,196.545961
8772,6640.441128,0.000000,51.000000,284.032730,0.000000,188.523677
8773,6640.441128,0.000000,51.000000,283.531337,0.000000,180.501393
8774,6640.441128,0.000000,51.000000,283.029944,0.000000,172.479109
8775,6640.441128,0.000000,51.000000,282.528552,0.000000,164.456825
8776,6640.441128,0.000000,51.000000,282.027159,0.000000,156.434540
8777,6640.441128,0.000000,51.000000,281.525766,0.000000,148.412256
8778,6640.441128,0.000000,51.000000,281.024373,0.000000,140.389972
8779,6640.441128,0.000000,51.000000,280.522981,0.000000,132.367688
8780,6640.441128,0.000000,51.000000,280.021588,0.000000,124.345404
8781,6640.441128,0.000000,51.000000,279.520195,0.000000,116.323120
8782,6640.441128,0.000000,51.000000,279.018802,0.000000,108.300836
8783,6640.441128,0.000000,51.000000,278.517409,0.000000,100.278552
8784,6640.441128,0.000000,51.000000,278.016017,0.000000,92.256267
8785,6640.441128,0.000000,51.000000,277.514624,0.000000,84.233983
8786,6640.441128,0.000000,51.000000,277.013231,0.000000,76.211699
8787,6640.441128,0.000000,51.000000,276.511838,0.000000,68.189415
8788,6640.441128,0.000000,51.000000,276.010446,0.000000,60.167131
8789,6640.441128,0.000000,51.000000,275.509053,0.000000,52.144847
8790,6640.441128,0.000000,51.000000,275.007660,0.000000,44.122563
8791,6640.441128,0.000000,51.000000,274.506267,0.000000,36.100279
8792,6640.441128,0.000000,51.000000,274.004875,0.000000,28.077994
8793,6640.441128,0.000000,51.000000,273.503482,0.000000,20.055710
8794,6640.441128,0.000000,51.000000,273.002089,0.000000,12.033426
8795,6640.441128,0.000000,51.000000,272.500696,0.000000,4.011142
8796,6640.441128,0.000000,51.000000,271.999304,0.000000,355.988858
8797,6640.441128,0.000000,51.000000,271.497911,0.000000,347.966574
8798,6640.441128,0.000000,51.000000,270.996518,0.000000,339.944290
8799,6640.441128,0.000000,51.000000,270.495125,0.000000,331.922006
8800,6640.441128,0.000000,51.000000,269.993733,0.000000,323.899721
8801,6640.441128,0.000000,51.000000,269.492340,0.000000,315.877437
8802,6640.441128,0.000000,51.000000,268.990947,0.000000,307.855153
8803,6640.441128,0.000000,51.000000,268.489554,0.000000,299.832869
8804,6640.441128,0.000000,51.000000,267.988162,0.000000,291.810585
8805,6640.441128,0.000000,51.000000,267.486769,0.000000,283.788301
8806,6640.441128,0.000000,51.000000,266.985376,0.000000,275.766017
8807,6640.441128,0.000000,51.000000,266.483983,0.000000,267.743733
8808,6640.441128,0.000000,51.000000,265.982591,0.000000,259.721448
8809,6640.441128,0.000000,51.000000,265.481198,0.000000,251.699164
8810,6640.441128,0.000000,51.000000,264.979805,0.000000,243.676880
8811,6640.441128,0.000000,51.000000,264.478412,0.000000,235.654596
8812,6640.441128,0.000000,51.000000,263.977019,0.000000,227.632312
8813,6640.441128,0.000000,51.000000,263.475627,0.000000,219.610028
8814,6640.441128,0.000000,51.000000,262.974234,0.000000,211.587744
8815,6640.441128,0.000000,51.000000,262.472841,0.000000,203.565460
8816,6640.441128,0.000000,51.000000,261.971448,0.000000,195.543175
8817,6640.441128,0.000000,51.000000,261.470056,0.000000,187.520891
8818,6640.441128,0.000000,51.000000,260.968663,0.000000,179.498607
8819,6640.441128,0.000000,51.000000,260.467270,0.000000,171.476323
8820,6640.441128,0.000000,51.000000,259.965877,0.000000,163.454039
8821,6640.441128,0.000000,51.000000,259.464485,0.000000,155.431755
8822,6640.441128,0.000000,51.000000,258.963092,0.000000,147.409471
8823,6640.441128,0.000000,51.000000,258.461699,0.000000,139.387187
8824,6640.441128,0.000000,51.000000,257.960306,0.000000,131.364903
8825,6640.441128,0.000000,51.000000,257.458914,0.000000,123.342618
8826,6640.441128,0.000000,51.000000,256.957521,0.000000,115.320334
8827,6640.441128,0.000000,51.000000,256.456128,0.000000,107.298050
8828,6640.441128,0.000000,51.000000,255.954735,0.000000,99.275766
8829,6640.441128,0.000000,51.000000,255.453343,0.000000,91.253482
8830,6640.441128,0.000000,51.000000,254.951950,0.000000,83.231198
8831,6640.441128,0.000000,51.000000,254.450557,0.000000,75.208914
8832,6640.441128,0.000000,51.000000,253.949164,0.000000,67.186630
8833,6640.441128,0.000000,51.000000,253.447772,0.000000,59.164345
8834,6640.441128,0.000000,51.000000,252.946379,0.000000,51.142061
8835,6640.441128,0.000000,51.000000,252.444986,0.000000,43.119777
8836,6640.441128,0.000000,51.000000,251.943593,0.000000,35.097493
8837,6640.441128,0.000000,51.000000,251.442201,0.000000,27.075209
8838,6640.441128,0.000000,51.000000,250.940808,0.000000,19.052925
8839,6640.441128,0.000000,51.000000,250.439415,0.000000,11.030641
8840,6640.441128,0.000000,51.000000,249.938022,0.000000,3.008357
8841,6640.441128,0.000000,51.000000,249.436630,0.000000,354.986072
8842,6640.441128,0.000000,51.000000,248.935237,0.000000,346.963788
8843,6640.441128,0.000000,51.000000,248.433844,0.000000,338.941504
8844,6640.441128,0.000000,51.000000,247.932451,0.000000,330.919220
8845,6640.441128,0.000000,51.000000,247.431058,0.000000,322.896936
8846,6640.441128,0.000000,51.000000,246.929666,0.000000,314.874652
8847,6640.441128,0.000000,51.000000,246.428273,0.000000,306.852368
8848,6640.441128,0.000000,51.000000,245.926880,0.000000,298.830084
8849,6640.441128,0.000000,51.000000,245.425487,0.000000,290.807799
8850,6640.441128,0.000000,51.000000,244.924095,0.000000,282.785515
8851,6640.441128,0.000000,51.000000,244.422702,0.000000,274.763231
8852,6640.441128,0.000000,51.000000,243.921309,0.000000,266.740947
8853,6640.441128,0.000000,51.000000,243.419916,0.000000,258.718663
8854,6640.441128,0.000000,51.000000,242.918524,0.000000,250.696379
8855,6640.441128,0.000000,51.000000,242.417131,0.000000,242.674095
8856,6640.441128,0.000000,51.000000,241.915738,0.000000,234.651811
8857,6640.441128,0.000000,51.000000,241.414345,0.000000,226.629526
8858,6640.441128,0.000000,51.000000,240.912953,0.000000,218.607242
8859,6640.441128,0.000000,51.000000,240.411560,0.000000,210.584958
8860,6640.441128,0.000000,51.000000,239.910167,0.000000,202.562674
8861,6640.441128,0.000000,51.000000,239.408774,0.000000,194.540390
8862,6640.441128,0.000000,51.000000,238.907382,0.000000,186.518106
8863,6640.441128,0.000000,51.000000,238.405989,0.000000,178.495822
8864,6640.441128,0.000000,51.000000,237.904596,0.000000,170.473538
8865,6640.441128,0.000000,51.000000,237.403203,0.000000,162.451253
8866,6640.441128,0.000000,51.000000,236.901811,0.000000,154.428969
8867,6640.441128,0.000000,51.000000,236.400418,0.000000,146.406685
8868,6640.441128,0.000000,51.000000,235.899025,0.000000,138.384401
8869,6640.441128,0.000000,51.000000,235.397632,0.000000,130.362117
8870,6640.441128,0.000000,51.000000,234.896240,0.000000,122.339833
8871,6640.441128,0.000000,51.000000,234.394847,0.000000,114.317549
8872,6640.441128,0.000000,51.000000,233.893454,0.000000,106.295265
8873,6640.441128,0.000000,51.000000,233.392061,0.000000,98.272981
8874,6640.441128,0.000000,51.000000,232.890669,0.000000,90.250696
8875,6640.441128,0.000000,51.000000,232.389276,0.000000,82.228412
8876,6640.441128,0.000000,51.000000,231.887883,0.000000,74.206128
8877,6640.441128,0.000000,51.000000,231.386490,0.000000,66.183844
8878,6640.441128,0.000000,51.000000,230.885097,0.000000,58.161560
8879,6640.441128,0.000000,51.000000,230.383705,0.000000,50.139276
8880,6640.441128,0.000000,51.000000,229.882312,0.000000,42.116992
8881,6640.441128,0.000000,51.000000,229.380919,0.000000,34.094708
8882,6640.441128,0.000000,51.000000,228.879526,0.000000,26.072423
8883,6640.441128,0.000000,51.000000,228.378134,0.000000,18.050139
8884,6640.441128,0.000000,51.000000,227.876741,0.000000,10.027855
8885,6640.441128,0.000000,51.000000,227.375348,0.000000,2.005571
8886,6640.441128,0.000000,51.000000,226.873955,0.000000,353.983287
8887,6640.441128,0.000000,51.000000,226.372563,0.000000,345.961003
8888,6640.441128,0.000000,51.000000,225.871170,0.000000,337.938719
8889,6640.441128,0.000000,51.000000,225.369777,0.000000,329.916435
8890,6640.441128,0.000000,51.000000,224.868384,0.000000,321.894150
8891,6640.441128,0.000000,51.000000,224.366992,0.000000,313.871866
8892,6640.441128,0.000000,51.000000,223.865599,0.000000,305.849582
8893,6640.441128,0.000000,51.000000,223.364206,0.000000,297.827298
8894,6640.441128,0.000000,51.000000,222.862813,0.000000,289.805014
8895,6640.441128,0.000000,51.000000,222.361421,0.000000,281.782730
8896,6640.441128,0.000000,51.000000,221.860028,0.000000,273.760446
8897,6640.441128,0.000000,51.000000,221.358635,0.000000,265.738162
8898,6640.441128,0.000000,51.000000,220.857242,0.000000,257.715877
8899,6640.441128,0.000000,51.000000,220.355850,0.000000,249.693593
8900,6640.441128,0.000000,51.000000,219.854457,0.000000,241.671309
8901,6640.441128,0.000000,51.000000,219.353064,0.000000,233.649025
8902,6640.441128,0.000000,51.000000,218.851671,0.000000,225.626741
8903,6640.441128,0.000000,51.000000,218.350279,0.000000,217.604457
8904,6640.441128,0.000000,51.000000,217.848886,0.000000,209.582173
8905,6640.441128,0.000000,51.000000,217.347493,0.000000,201.559889
8906,6640.441128,0.000000,51.000000,216.846100,0.000000,193.537604
8907,6640.441128,0.000000,51.000000,216.344708,0.000000,185.515320
8908,6640.441128,0.000000,51.000000,215.843315,0.000000,177.493036
8909,6640.441128,0.000000,51.000000,215.341922,0.000000,169.470752
8910,6640.441128,0.000000,51.000000,214.840529,0.000000,161.448468
8911,6640.441128,0.000000,51.000000,214.339136,0.000000,153.426184
8912,6640.441128,0.000000,51.000000,213.837744,0.000000,145.403900
8913,6640.441128,0.000000,51.000000,213.336351,0.000000,137.381616
8914,6640.441128,0.000000,51.000000,212.834958,0.000000,129.359331
8915,6640.441128,0.000000,51.000000,212.333565,0.000000,121.337047
8916,6640.441128,0.000000,51.000000,211.832173,0.000000,113.314763
8917,6640.441128,0.000000,51.000000,211.330780,0.000000,105.292479
8918,6640.441128,0.000000,51.000000,210.829387,0.000000,97.270195
8919,6640.441128,0.000000,51.000000,210.327994,0.000000,89.247911
8920,6640.441128,0.000000,51.000000,209.826602,0.000000,81.225627
8921,6640.441128,0.000000,51.000000,209.325209,0.000000,73.203343
8922,6640.441128,0.000000,51.000000,208.823816,0.000000,65.181058
8923,6640.441128,0.000000,51.000000,208.322423,0.000000,57.158774
8924,6640.441128,0.000000,51.000000,207.821031,0.000000,49.136490
8925,6640.441128,0.000000,51.000000,207.319638,0.000000,41.114206
8926,6640.441128,0.000000,51.000000,206.818245,0.000000,33.091922
8927,6640.441128,0.000000,51.000000,206.316852,0.000000,25.069638
8928,6640.441128,0.000000,51.000000,205.815460,0.000000,17.047354
8929,6640.441128,0.000000,51.000000,205.314067,0.000000,9.025070
8930,6640.441128,0.000000,51.000000,204.812674,0.000000,1.002786
8931,6640.441128,0.000000,51.000000,204.311281,0.000000,352.980501
8932,6640.441128,0.000000,51.000000,203.809889,0.000000,344.958217
8933,6640.441128,0.000000,51.000000,203.308496,0.000000,336.935933
8934,6640.441128,0.000000,51.000000,202.807103,0.000000,328.913649
8935,6640.441128,0.000000,51.000000,202.305710,0.000000,320.891365
8936,6640.441128,0.000000,51.000000,201.804318,0.000000,312.869081
8937,6640.441128,0.000000,51.000000,201.302925,0.000000,304.846797
8938,6640.441128,0.000000,51.000000,200.801532,0.000000,296.824513
8939,6640.441128,0.000000,51.000000,200.300139,0.000000,288.802228
8940,6640.441128,0.000000,51.000000,199.798747,0.000000,280.779944
8941,6640.441128,0.000000,51.000000,199.297354,0.000000,272.757660
8942,6640.441128,0.000000,51.000000,198.795961,0.000000,264.735376
8943,6640.441128,0.000000,51.000000,198.294568,0.000000,256.713092
8944,6640.441128,0.000000,51.000000,197.793175,0.000000,248.690808
8945,6640.441128,0.000000,51.000000,197.291783,0.000000,240.668524
8946,6640.441128,0.000000,51.000000,196.790390,0.000000,232.646240
8947,6640.441128,0.000000,51.000000,196.288997,0.000000,224.623955
8948,6640.441128,0.000000,51.000000,195.787604,0.000000,216.601671
8949,6640.441128,0.000000,51.000000,195.286212,0.000000,208.579387
8950,6640.441128,0.000000,51.000000,194.784819,0.000000,200.557103
8951,6640.441128,0.000000,51.000000,194.283426,0.000000,192.534819
8952,6640.441128,0.000000,51.000000,193.782033,0.000000,184.512535
8953,6640.441128,0.000000,51.000000,193.280641,0.000000,176.490251
8954,6640.441128,0.000000,51.000000,192.779248,0.000000,168.467967
8955,6640.441128,0.000000,51.000000,192.277855,0.000000,160.445682
8956,6640.441128,0.000000,51.000000,191.776462,0.000000,152.423398
8957,6640.441128,0.000000,51.000000,191.275070,0.000000,144.401114
8958,6640.441128,0.000000,51.000000,190.773677,0.000000,136.378830
8959,6640.441128,0.000000,51.000000,190.272284,0.000000,128.356546
8960,6640.441128,0.000000,51.000000,189.770891,0.000000,120.334262
8961,6640.441128,0.000000,51.000000,189.269499,0.000000,112.311978
8962,6640.441128,0.000000,51.000000,188.768106,0.000000,104.289694
8963,6640.441128,0.000000,51.000000,188.266713,0.000000,96.267409
8964,6640.441128,0.000000,51.000000,187.765320,0.000000,88.245125
8965,6640.441128,0.000000,51.000000,187.263928,0.000000,80.222841
8966,6640.441128,0.000000,51.000000,186.762535,0.000000,72.200557
8967,6640.441128,0.000000,51.000000,186.261142,0.000000,64.178273
8968,6640.441128,0.000000,51.000000,185.759749,0.000000,56.155989
8969,6640.441128,0.000000,51.000000,185.258357,0.000000,48.133705
8970,6640.441128,0.000000,51.000000,184.756964,0.000000,40.111421
8971,6640.441128,0.000000,51.000000,184.255571,0.000000,32.089136
8972,6640.441128,0.000000,51.000000,183.754178,0.000000,24.066852
8973,6640.441128,0.000000,51.000000,183.252786,0.000000,16.044568
8974,6640.441128,0.000000,51.000000,182.751393,0.000000,8.022284
8975,6640.441128,0.000000,51.000000,182.250000,0.000000,360.000000
8976,6640.441128,0.000000,51.000000,181.748607,0.000000,351.977716
8977,6640.441128,0.000000,51.000000,181.247214,0.000000,343.955432
8978,6640.441128,0.000000,51.000000,180.745822,0.000000,335.933148
8979,6640.441128,0.000000,51.000000,180.244429,0.000000,327.910864
8980,6640.441128,0.000000,51.000000,179.743036,0.000000,319.888579
8981,6640.441128,0.000000,51.000000,179.241643,0.000000,311.866295
8982,6640.441128,0.000000,51.000000,178.740251,0.000000,303.844011
8983,6640.441128,0.000000,51.000000,178.238858,0.000000,295.821727
8984,6640.441128,0.000000,51.000000,177.737465,0.000000,287.799443
8985,6640.441128,0.000000,51.000000,177.236072,0.000000,279.777159
8986,6640.441128,0.000000,51.000000,176.734680,0.000000,271.754875
8987,6640.441128,0.000000,51.000000,176.233287,0.000000,263.732591
8988,6640.441128,0.000000,51.000000,175.731894,0.000000,255.710306
8989,6640.441128,0.000000,51.000000,175.230501,0.000000,247.688022
8990,6640.441128,0.000000,51.000000,174.729109,0.000000,239.665738
8991,6640.441128,0.000000,51.000000,174.227716,0.000000,231.643454
8992,6640.441128,0.000000,51.000000,173.726323,0.000000,223.621170
8993,6640.441128,0.000000,51.000000,173.224930,0.000000,215.598886
8994,6640.441128,0.000000,51.000000,172.723538,0.000000,207.576602
8995,6640.441128,0.000000,51.000000,172.222145,0.000000,199.554318
8996,6640.441128,0.000000,51.000000,171.720752,0.000000,191.532033
8997,6640.441128,0.000000,51.000000,171.219359,0.000000,183.509749
8998,6640.441128,0.000000,51.000000,170.717967,0.000000,175.487465
8999,6640.441128,0.000000,51.000000,170.216574,0.000000,167.465181
9000,6640.441128,0.000000,51.000000,169.715181,0.000000,159.442897
9001,6640.441128,0.000000,51.000000,169.213788,0.000000,151.420613
9002,6640.441128,0.000000,51.000000,168.712396,0.000000,143.398329
9003,6640.441128,0.000000,51.000000,168.211003,0.000000,135.376045
9004,6640.441128,0.000000,51.000000,167.709610,0.000000,127.353760
9005,6640.441128,0.000000,51.000000,167.208217,0.000000,119.331476
9006,6640.441128,0.000000,51.000000,166.706825,0.000000,111.309192
9007,6640.441128,0.000000,51.000000,166.205432,0.000000,103.286908
9008,6640.441128,0.000000,51.000000,165.704039,0.000000,95.264624
9009,6640.441128,0.000000,51.000000,165.202646,0.000000,87.242340
9010,6640.441128,0.000000,51.000000,164.701253,0.000000,79.220056
9011,6640.441128,0.000000,51.000000,164.199861,0.000000,71.197772
9012,6640.441128,0.000000,51.000000,163.698468,0.000000,63.175487
9013,6640.441128,0.000000,51.000000,163.197075,0.000000,55.153203
9014,6640.441128,0.000000,51.000000,162.695682,0.000000,47.130919
9015,6640.441128,0.000000,51.000000,162.194290,0.000000,39.108635
9016,6640.441128,0.000000,51.000000,161.692897,0.000000,31.086351
9017,6640.441128,0.000000,51.000000,161.191504,0.000000,23.064067
9018,6640.441128,0.000000,51.000000,160.690111,0.000000,15.041783
9019,6640.441128,0.000000,51.000000,160.188719,0.000000,7.019499
9020,6640.441128,0.000000,51.000000,159.687326,0.000000,358.997214
9021,6640.441128,0.000000,51.000000,159.185933,0.000000,350.974930
9022,6640.441128,0.000000,51.000000,158.684540,0.000000,342.952646
9023,6640.441128,0.000000,51.000000,158.183148,0.000000,334.930362
9024,6640.441128,0.000000,51.000000,157.681755,0.000000,326.908078
9025,6640.441128,0.000000,51.000000,157.180362,0.000000,318.885794
9026,6640.441128,0.000000,51.000000,156.678969,0.000000,310.863510
9027,6640.441128,0.000000,51.000000,156.177577,0.000000,302.841226
9028,6640.441128,0.000000,51.000000,155.676184,0.000000,294.818942
9029,6640.441128,0.000000,51.000000,155.174791,0.000000,286.796657
9030,6640.441128,0.000000,51.000000,154.673398,0.000000,278.774373
9031,6640.441128,0.000000,51.000000,154.172006,0.000000,270.752089
9032,6640.441128,0.000000,51.000000,153.670613,0.000000,262.729805
9033,6640.441128,0.000000,51.000000,153.169220,0.000000,254.707521
9034,6640.441128,0.000000,51.000000,152.667827,0.000000,246.685237
9035,6640.441128,0.000000,51.000000,152.166435,0.000000,238.662953
9036,6640.441128,0.000000,51.000000,151.665042,0.000000,230.640669
9037,6640.441128,0.000000,51.000000,151.163649,0.000000,222.618384
9038,6640.441128,0.000000,51.000000,150.662256,0.000000,214.596100
9039,6640.441128,0.000000,51.000000,150.160864,0.000000,206.573816
9040,6640.441128,0.000000,51.000000,149.659471,0.000000,198.551532
9041,6640.441128,0.000000,51.000000,149.158078,0.000000,190.529248
9042,6640.441128,0.000000,51.000000,148.656685,0.000000,182.506964
9043,6640.441128,0.000000,51.000000,148.155292,0.000000,174.484680
9044,6640.441128,0.000000,51.000000,147.653900,0.000000,166.462396
9045,6640.441128,0.000000,51.000000,147.152507,0.000000,158.440111
9046,6640.441128,0.000000,51.000000,146.651114,0.000000,150.417827
9047,6640.441128,0.000000,51.000000,146.149721,0.000000,142.395543
9048,6640.441128,0.000000,51.000000,145.648329,0.000000,134.373259
9049,6640.441128,0.000000,51.000000,145.146936,0.000000,126.350975
9050,6640.441128,0.000000,51.000000,144.645543,0.000000,118.328691
9051,6640.441128,0.000000,51.000000,144.144150,0.000000,110.306407
9052,6640.441128,0.000000,51.000000,143.642758,0.000000,102.284123
9053,6640.441128,0.000000,51.000000,143.141365,0.000000,94.261838
9054,6640.441128,0.000000,51.000000,142.639972,0.000000,86.239554
9055,6640.441128,0.000000,51.000000,142.138579,0.000000,78.217270
9056,6640.441128,0.000000,51.000000,141.637187,0.000000,70.194986
9057,6640.441128,0.000000,51.000000,141.135794,0.000000,62.172702
9058,6640.441128,0.000000,51.000000,140.634401,0.000000,54.150418
9059,6640.441128,0.000000,51.000000,140.133008,0.000000,46.128134
9060,6640.441128,0.000000,51.000000,139.631616,0.000000,38.105850
9061,6640.441128,0.000000,51.000000,139.130223,0.000000,30.083565
9062,6640.441128,0.000000,51.000000,138.628830,0.000000,22.061281
9063,6640.441128,0.000000,51.000000,138.127437,0.000000,14.038997
9064,6640.441128,0.000000,51.000000,137.626045,0.000000,6.016713
9065,6640.441128,0.000000,51.000000,137.124652,0.000000,357.994429
9066,6640.441128,0.000000,51.000000,136.623259,0.000000,349.972145
9067,6640.441128,0.000000,51.000000,136.121866,0.000000,341.949861
9068,6640.441128,0.000000,51.000000,135.620474,0.000000,333.927577
9069,6640.441128,0.000000,51.000000,135.119081,0.000000,325.905292
9070,6640.441128,0.000000,51.000000,134.617688,0.000000,317.883008
9071,6640.441128,0.000000,51.000000,134.116295,0.000000,309.860724
9072,6640.441128,0.000000,51.000000,133.614903,0.000000,301.838440
9073,6640.441128,0.000000,51.000000,133.113510,0.000000,293.816156
9074,6640.441128,0.000000,51.000000,132.612117,0.000000,285.793872
9075,6640.441128,0.000000,51.000000,132.110724,0.000000,277.771588
9076,6640.441128,0.000000,51.000000,131.609331,0.000000,269.749304
9077,6640.441128,0.000000,51.000000,131.107939,0.000000,261.727019
9078,6640.441128,0.000000,51.000000,130.606546,0.000000,253.704735
9079,6640.441128,0.000000,51.000000,130.105153,0.000000,245.682451
9080,6640.441128,0.000000,51.000000,129.603760,0.000000,237.660167
9081,6640.441128,0.000000,51.000000,129.102368,0.000000,229.637883
9082,6640.441128,0.000000,51.000000,128.600975,0.000000,221.615599
9083,6640.441128,0.000000,51.000000,128.099582,0.000000,213.593315
9084,6640.441128,0.000000,51.000000,127.598189,0.000000,205.571031
9085,6640.441128,0.000000,51.000000,127.096797,0.000000,197.548747
9086,6640.441128,0.000000,51.000000,126.595404,0.000000,189.526462
9087,6640.441128,0.000000,51.000000,126.094011,0.000000,181.504178
9088,6640.441128,0.000000,51.000000,125.592618,0.000000,173.481894
9089,6640.441128,0.000000,51.000000,125.091226,0.000000,165.459610
9090,6640.441128,0.000000,51.000000,124.589833,0.000000,157.437326
9091,6640.441128,0.000000,51.000000,124.088440,0.000000,149.415042
9092,6640.441128,0.000000,51.000000,123.587047,0.000000,141.392758
9093,6640.441128,0.000000,51.000000,123.085655,0.000000,133.370474
9094,6640.441128,0.000000,51.000000,122.584262,0.000000,125.348189
9095,6640.441128,0.000000,51.000000,122.082869,0.000000,117.325905
9096,6640.441128,0.000000,51.000000,121.581476,0.000000,109.303621
9097,6640.441128,0.000000,51.000000,121.080084,0.000000,101.281337
9098,6640.441128,0.000000,51.000000,120.578691,0.000000,93.259053
9099,6640.441128,0.000000,51.000000,120.077298,0.000000,85.236769
9100,6640.441128,0.000000,51.000000,119.575905,0.000000,77.214485
9101,6640.441128,0.000000,51.000000,119.074513,0.000000,69.192201
9102,6640.441128,0.000000,51.000000,118.573120,0.000000,61.169916
9103,6640.441128,0.000000,51.000000,118.071727,0.000000,53.147632
9104,6640.441128,0.000000,51.000000,117.570334,0.000000,45.125348
9105,6640.441128,0.000000,51.000000,117.068942,0.000000,37.103064
9106,6640.441128,0.000000,51.000000,116.567549,0.000000,29.080780
9107,6640.441128,0.000000,51.000000,116.066156,0.000000,21.058496
9108,6640.441128,0.000000,51.000000,115.564763,0.000000,13.036212
9109,6640.441128,0.000000,51.000000,115.063370,0.000000,5.013928
9110,6640.441128,0.000000,51.000000,114.561978,0.000000,356.991643
9111,6640.441128,0.000000,51.000000,114.060585,0.000000,348.969359
9112,6640.441128,0.000000,51.000000,113.559192,0.000000,340.947075
9113,6640.441128,0.000000,51.000000,113.057799,0.000000,332.924791
9114,6640.441128,0.000000,51.000000,112.556407,0.000000,324.902507
9115,6640.441128,0.000000,51.000000,112.055014,0.000000,316.880223
9116,6640.441128,0.000000,51.000000,111.553621,0.000000,308.857939
9117,6640.441128,0.000000,51.000000,111.052228,0.000000,300.835655
9118,6640.441128,0.000000,51.000000,110.550836,0.000000,292.813370
9119,6640.441128,0.000000,51.000000,110.049443,0.000000,284.791086
9120,6640.441128,0.000000,51.000000,109.548050,0.000000,276.768802
9121,6640.441128,0.000000,51.000000,109.046657,0.000000,268.746518
9122,6640.441128,0.000000,51.000000,108.545265,0.000000,260.724234
9123,6640.441128,0.000000,51.000000,108.043872,0.000000,252.701950
9124,6640.441128,0.000000,51.000000,107.542479,0.000000,244.679666
9125,6640.441128,0.000000,51.000000,107.041086,0.000000,236.657382
9126,6640.441128,0.000000,51.000000,106.539694,0.000000,228.635097
9127,6640.441128,0.000000,51.000000,106.038301,0.000000,220.612813
9128,6640.441128,0.000000,51.000000,105.536908,0.000000,212.590529
9129,6640.441128,0.000000,51.000000,105.035515,0.000000,204.568245
9130,6640.441128,0.000000,51.000000,104.534123,0.000000,196.545961
9131,6640.441128,0.000000,51.000000,104.032730,0.000000,188.523677
9132,6640.441128,0.000000,51.000000,103.531337,0.000000,180.501393
9133,6640.441128,0.000000,51.000000,103.029944,0.000000,172.479109
9134,6640.441128,0.000000,51.000000,102.528552,0.000000,164.456825
9135,6640.441128,0.000000,51.000000,102.027159,0.000000,156.434540
9136,6640.441128,0.000000,51.000000,101.525766,0.000000,148.412256
9137,6640.441128,0.000000,51.000000,101.024373,0.000000,140.389972
9138,6640.441128,0.000000,51.000000,100.522981,0.000000,132.367688
9139,6640.441128,0.000000,51.000000,100.021588,0.000000,124.345404
9140,6640.441128,0.000000,51.000000,99.520195,0.000000,116.323120
9141,6640.441128,0.000000,51.000000,99.018802,0.000000,108.300836
9142,6640.441128,0.000000,51.000000,98.517409,0.000000,100.278552
9143,6640.441128,0.000000,51.000000,98.016017,0.000000,92.256267
9144,6640.441128,0.000000,51.000000,97.514624,0.000000,84.233983
9145,6640.441128,0.000000,51.000000,97.013231,0.000000,76.211699
9146,6640.441128,0.000000,51.000000,96.511838,0.000000,68.189415
9147,6640.441128,0.000000,51.000000,96.010446,0.000000,60.167131
9148,6640.441128,0.000000,51.000000,95.509053,0.000000,52.144847
9149,6640.441128,0.000000,51.000000,95.007660,0.000000,44.122563
9150,6640.441128,0.000000,51.000000,94.506267,0.000000,36.100279
9151,6640.441128,0.000000,51.000000,94.004875,0.000000,28.077994
9152,6640.441128,0.000000,51.000000,93.503482,0.000000,20.055710
9153,6640.441128,0.000000,51.000000,93.002089,0.000000,12.033426
9154,6640.441128,0.000000,51.000000,92.500696,0.000000,4.011142
9155,6640.441128,0.000000,51.000000,91.999304,0.000000,355.988858
9156,6640.441128,0.000000,51.000000,91.497911,0.000000,347.966574
9157,6640.441128,0.000000,51.000000,90.996518,0.000000,339.944290
9158,6640.441128,0.000000,51.000000,90.495125,0.000000,331.922006
9159,6640.441128,0.000000,51.000000,89.993733,0.000000,323.899721
9160,6640.441128,0.000000,51.000000,89.492340,0.000000,315.877437
9161,6640.441128,0.000000,51.000000,88.990947,0.000000,307.855153
9162,6640.441128,0.000000,51.000000,88.489554,0.000000,299.832869
9163,6640.441128,0.000000,51.000000,87.988162,0.000000,291.810585
9164,6640.441128,0.000000,51.000000,87.486769,0.000000,283.788301
9165,6640.441128,0.000000,51.000000,86.985376,0.000000,275.766017
9166,6640.441128,0.000000,51.000000,86.483983,0.000000,267.743733
9167,6640.441128,0.000000,51.000000,85.982591,0.000000,259.721448
9168,6640.441128,0.000000,51.000000,85.481198,0.000000,251.699164
9169,6640.441128,0.000000,51.000000,84.979805,0.000000,243.676880
9170,6640.441128,0.000000,51.000000,84.478412,0.000000,235.654596
9171,6640.441128,0.000000,51.000000,83.977019,0.000000,227.632312
9172,6640.441128,0.000000,51.000000,83.475627,0.000000,219.610028
9173,6640.441128,0.000000,51.000000,82.974234,0.000000,211.587744
9174,6640.441128,0.000000,51.000000,82.472841,0.000000,203.565460
9175,6640.441128,0.000000,51.000000,81.971448,0.000000,195.543175
9176,6640.441128,0.000000,51.000000,81.470056,0.000000,187.520891
9177,6640.441128,0.000000,51.000000,80.968663,0.000000,179.498607
9178,6640.441128,0.000000,51.000000,80.467270,0.000000,171.476323
9179,6640.441128,0.000000,51.000000,79.965877,0.000000,163.454039
9180,6640.441128,0.000000,51.000000,79.464485,0.000000,155.431755
9181,6640.441128,0.000000,51.000000,78.963092,0.000000,147.409471
9182,6640.441128,0.000000,51.000000,78.461699,0.000000,139.387187
9183,6640.441128,0.000000,51.000000,77.960306,0.000000,131.364903
9184,6640.441128,0.000000,51.000000,77.458914,0.000000,123.342618
9185,6640.441128,0.000000,51.000000,76.957521,0.000000,115.320334
9186,6640.441128,0.000000,51.000000,76.456128,0.000000,107.298050
9187,6640.441128,0.000000,51.000000,75.954735,0.000000,99.275766
9188,6640.441128,0.000000,51.000000,75.453343,0.000000,91.253482
9189,6640.441128,0.000000,51.000000,74.951950,0.000000,83.231198
9190,6640.441128,0.000000,51.000000,74.450557,0.000000,75.208914
9191,6640.441128,0.000000,51.000000,73.949164,0.000000,67.186630
9192,6640.441128,0.000000,51.000000,73.447772,0.000000,59.164345
9193,6640.441128,0.000000,51.000000,72.946379,0.000000,51.142061
9194,6640.441128,0.000000,51.000000,72.444986,0.000000,43.119777
9195,6640.441128,0.000000,51.000000,71.943593,0.000000,35.097493
9196,6640.441128,0.000000,51.000000,71.442201,0.000000,27.075209
9197,6640.441128,0.000000,51.000000,70.940808,0.000000,19.052925
9198,6640.441128,0.000000,51.000000,70.439415,0.000000,11.030641
9199,6640.441128,0.000000,51.000000,69.938022,0.000000,3.008357
9200,6640.441128,0.000000,51.000000,69.436630,0.000000,354.986072
9201,6640.441128,0.000000,51.000000,68.935237,0.000000,346.963788
9202,6640.441128,0.000000,51.000000,68.433844,0.000000,338.941504
9203,6640.441128,0.000000,51.000000,67.932451,0.000000,330.919220
9204,6640.441128,0.000000,51.000000,67.431058,0.000000,322.896936
9205,6640.441128,0.000000,51.000000,66.929666,0.000000,314.874652
9206,6640.441128,0.000000,51.000000,66.428273,0.000000,306.852368
9207,6640.441128,0.000000,51.000000,65.926880,0.000000,298.830084
9208,6640.441128,0.000000,51.000000,65.425487,0.000000,290.807799
9209,6640.441128,0.000000,51.000000,64.924095,0.000000,282.785515
9210,6640.441128,0.000000,51.000000,64.422702,0.000000,274.763231
9211,6640.441128,0.000000,51.000000,63.921309,0.000000,266.740947
9212,6640.441128,0.000000,51.000000,63.419916,0.000000,258.718663
9213,6640.441128,0.000000,51.000000,62.918524,0.000000,250.696379
9214,6640.441128,0.000000,51.000000,62.417131,0.000000,242.674095
9215,6640.441128,0.000000,51.000000,61.915738,0.000000,234.651811
9216,6640.441128,0.000000,51.000000,61.414345,0.000000,226.629526
9217,6640.441128,0.000000,51.000000,60.912953,0.000000,218.607242
9218,6640.441128,0.000000,51.000000,60.411560,0.000000,210.584958
9219,6640.441128,0.000000,51.000000,59.910167,0.000000,202.562674
9220,6640.441128,0.000000,51.000000,59.408774,0.000000,194.540390
9221,6640.441128,0.000000,51.000000,58.907382,0.000000,186.518106
9222,6640.441128,0.000000,51.000000,58.405989,0.000000,178.495822
9223,6640.441128,0.000000,51.000000,57.904596,0.000000,170.473538
9224,6640.441128,0.000000,51.000000,57.403203,0.000000,162.451253
9225,6640.441128,0.000000,51.000000,56.901811,0.000000,154.428969
9226,6640.441128,0.000000,51.000000,56.400418,0.000000,146.406685
9227,6640.441128,0.000000,51.000000,55.899025,0.000000,138.384401
9228,6640.441128,0.000000,51.000000,55.397632,0.000000,130.362117
9229,6640.441128,0.000000,51.000000,54.896240,0.000000,122.339833
9230,6640.441128,0.000000,51.000000,54.394847,0.000000,114.317549
9231,6640.441128,0.000000,51.000000,53.893454,0.000000,106.295265
9232,6640.441128,0.000000,51.000000,53.392061,0.000000,98.272981
9233,6640.441128,0.000000,51.000000,52.890669,0.000000,90.250696
9234,6640.441128,0.000000,51.000000,52.389276,0.000000,82.228412
9235,6640.441128,0.000000,51.000000,51.887883,0.000000,74.206128
9236,6640.441128,0.000000,51.000000,51.386490,0.000000,66.183844
9237,6640.441128,0.000000,51.000000,50.885097,0.000000,58.161560
9238,6640.441128,0.000000,51.000000,50.383705,0.000000,50.139276
9239,6640.441128,0.000000,51.000000,49.882312,0.000000,42.116992
9240,6640.441128,0.000000,51.000000,49.380919,0.000000,34.094708
9241,6640.441128,0.000000,51.000000,48.879526,0.000000,26.072423
9242,6640.441128,0.000000,51.000000,48.378134,0.000000,18.050139
9243,6640.441128,0.000000,51.000000,47.876741,0.000000,10.027855
9244,6640.441128,0.000000,51.000000,47.375348,0.000000,2.005571
9245,6640.441128,0.000000,51.000000,46.873955,0.000000,353.983287
9246,6640.441128,0.000000,51.000000,46.372563,0.000000,345.961003
9247,6640.441128,0.000000,51.000000,45.871170,0.000000,337.938719
9248,6640.441128,0.000000,51.000000,45.369777,0.000000,329.916435
9249,6640.441128,0.000000,51.000000,44.868384,0.000000,321.894150
9250,6640.441128,0.000000,51.000000,44.366992,0.000000,313.871866
9251,6640.441128,0.000000,51.000000,43.865599,0.000000,305.849582
9252,6640.441128,0.000000,51.000000,43.364206,0.000000,297.827298
9253,6640.441128,0.000000,51.000000,42.862813,0.000000,289.805014
9254,6640.441128,0.000000,51.000000,42.361421,0.000000,281.782730
9255,6640.441128,0.000000,51.000000,41.860028,0.000000,273.760446
9256,6640.441128,0.000000,51.000000,41.358635,0.000000,265.738162
9257,6640.441128,0.000000,51.000000,40.857242,0.000000,257.715877
9258,6640.441128,0.000000,51.000000,40.355850,0.000000,249.693593
9259,6640.441128,0.000000,51.000000,39.854457,0.000000,241.671309
9260,6640.441128,0.000000,51.000000,39.353064,0.000000,233.649025
9261,6640.441128,0.000000,51.000000,38.851671,0.000000,225.626741
9262,6640.441128,0.000000,51.000000,38.350279,0.000000,217.604457
9263,6640.441128,0.000000,51.000000,37.848886,0.000000,209.582173
9264,6640.441128,0.000000,51.000000,37.347493,0.000000,201.559889
9265,6640.441128,0.000000,51.000000,36.846100,0.000000,193.537604
9266,6640.441128,0.000000,51.000000,36.344708,0.000000,185.515320
9267,6640.441128,0.000000,51.000000,35.843315,0.000000,177.493036
9268,6640.441128,0.000000,51.000000,35.341922,0.000000,169.470752
9269,6640.441128,0.000000,51.000000,34.840529,0.000000,161.448468
9270,6640.441128,0.000000,51.000000,34.339136,0.000000,153.426184
9271,6640.441128,0.000000,51.000000,33.837744,0.000000,145.403900
9272,6640.441128,0.000000,51.000000,33.336351,0.000000,137.381616
9273,6640.441128,0.000000,51.000000,32.834958,0.000000,129.359331
9274,6640.441128,0.000000,51.000000,32.333565,0.000000,121.337047
9275,6640.441128,0.000000,51.000000,31.832173,0.000000,113.314763
9276,6640.441128,0.000000,51.000000,31.330780,0.000000,105.292479
9277,6640.441128,0.000000,51.000000,30.829387,0.000000,97.270195
9278,6640.441128,0.000000,51.000000,30.327994,0.000000,89.247911
9279,6640.441128,0.000000,51.000000,29.826602,0.000000,81.225627
9280,6640.441128,0.000000,51.000000,29.325209,0.000000,73.203343
9281,6640.441128,0.000000,51.000000,28.823816,0.000000,65.181058
9282,6640.441128,0.000000,51.000000,28.322423,0.000000,57.158774
9283,6640.441128,0.000000,51.000000,27.821031,0.000000,49.136490
9284,6640.441128,0.000000,51.000000,27.319638,0.000000,41.114206
9285,6640.441128,0.000000,51.000000,26.818245,0.000000,33.091922
9286,6640.441128,0.000000,51.000000,26.316852,0.000000,25.069638
9287,6640.441128,0.000000,51.000000,25.815460,0.000000,17.047354
9288,6640.441128,0.000000,51.000000,25.314067,0.000000,9.025070
9289,6640.441128,0.000000,51.000000,24.812674,0.000000,1.002786
9290,6640.441128,0.000000,51.000000,24.311281,0.000000,352.980501
9291,6640.441128,0.000000,51.000000,23.809889,0.000000,344.958217
9292,6640.441128,0.000000,51.000000,23.308496,0.000000,336.935933
9293,6640.441128,0.000000,51.000000,22.807103,0.000000,328.913649
9294,6640.441128,0.000000,51.000000,22.305710,0.000000,320.891365
9295,6640.441128,0.000000,51.000000,21.804318,0.000000,312.869081
9296,6640.441128,0.000000,51.000000,21.302925,0.000000,304.846797
9297,6640.441128,0.000000,51.000000,20.801532,0.000000,296.824513
9298,6640.441128,0.000000,51.000000,20.300139,0.000000,288.802228
9299,6640.441128,0.000000,51.000000,19.798747,0.000000,280.779944
9300,6640.441128,0.000000,51.000000,19.297354,0.000000,272.757660
9301,6640.441128,0.000000,51.000000,18.795961,0.000000,264.735376
9302,6640.441128,0.000000,51.000000,18.294568,0.000000,256.713092
9303,6640.441128,0.000000,51.000000,17.793175,0.000000,248.690808
9304,6640.441128,0.000000,51.000000,17.291783,0.000000,240.668524
9305,6640.441128,0.000000,51.000000,16.790390,0.000000,232.646240
9306,6640.441128,0.000000,51.000000,16.288997,0.000000,224.623955
9307,6640.441128,0.000000,51.000000,15.787604,0.000000,216.601671
9308,6640.441128,0.000000,51.000000,15.286212,0.000000,208.579387
9309,6640.441128,0.000000,51.000000,14.784819,0.000000,200.557103
9310,6640.441128,0.000000,51.000000,14.283426,0.000000,192.534819
9311,6640.441128,0.000000,51.000000,13.782033,0.000000,184.512535
9312,6640.441128,0.000000,51.000000,13.280641,0.000000,176.490251
9313,6640.441128,0.000000,51.000000,12.779248,0.000000,168.467967
9314,6640.441128,0.000000,51.000000,12.277855,0.000000,160.445682
9315,6640.441128,0.000000,51.000000,11.776462,0.000000,152.423398
9316,6640.441128,0.000000,51.000000,11.275070,0.000000,144.401114
9317,6640.441128,0.000000,51.000000,10.773677,0.000000,136.378830
9318,6640.441128,0.000000,51.000000,10.272284,0.000000,128.356546
9319,6640.441128,0.000000,51.000000,9.770891,0.000000,120.334262
9320,6640.441128,0.000000,51.000000,9.269499,0.000000,112.311978
9321,6640.441128,0.000000,51.000000,8.768106,0.000000,104.289694
9322,6640.441128,0.000000,51.000000,8.266713,0.000000,96.267409
9323,6640.441128,0.000000,51.000000,7.765320,0.000000,88.245125
9324,6640.441128,0.000000,51.000000,7.263928,0.000000,80.222841
9325,6640.441128,0.000000,51.000000,6.762535,0.000000,72.200557
9326,6640.441128,0.000000,51.000000,6.261142,0.000000,64.178273
9327,6640.441128,0.000000,51.000000,5.759749,0.000000,56.155989
9328,6640.441128,0.000000,51.000000,5.258357,0.000000,48.133705
9329,6640.441128,0.000000,51.000000,4.756964,0.000000,40.111421
9330,6640.441128,0.000000,51.000000,4.255571,0.000000,32.089136
9331,6640.441128,0.000000,51.000000,3.754178,0.000000,24.066852
9332,6640.441128,0.000000,51.000000,3.252786,0.000000,16.044568
9333,6640.441128,0.000000,51.000000,2.751393,0.000000,8.022284
9466,6640.441128,0.000000,52.000000,307.316156,0.000000,21.058496
9774,6640.441128,0.000000,52.000000,152.887187,0.000000,70.194986
9857,6640.441128,0.000000,52.000000,111.271588,0.000000,124.345404
10580,6640.441128,0.000000,53.000000,106.514624,0.000000,84.233983
10602,6640.441128,0.000000,53.000000,95.483983,0.000000,267.743733
10688,6640.441128,0.000000,53.000000,52.364206,0.000000,297.827298
10770,6640.441128,0.000000,54.000000,13.500000,0.000000,0.000000
10771,6640.441128,0.000000,54.000000,12.998607,0.000000,351.977716
10772,6640.441128,0.000000,54.000000,12.497214,0.000000,343.955432
10773,6640.441128,0.000000,54.000000,11.995822,0.000000,335.933148
10774,6640.441128,0.000000,54.000000,11.494429,0.000000,327.910864
10775,6640.441128,0.000000,54.000000,10.993036,0.000000,319.888579
10776,6640.441128,0.000000,54.000000,10.491643,0.000000,311.866295
10777,6640.441128,0.000000,54.000000,9.990251,0.000000,303.844011
10778,6640.441128,0.000000,54.000000,9.488858,0.000000,295.821727
10779,6640.441128,0.000000,54.000000,8.987465,0.000000,287.799443
10780,6640.441128,0.000000,54.000000,8.486072,0.000000,279.777159
10781,6640.441128,0.000000,54.000000,7.984680,0.000000,271.754875
10782,6640.441128,0.000000,54.000000,7.483287,0.000000,263.732591
10783,6640.441128,0.000000,54.000000,6.981894,0.000000,255.710306
10784,6640.441128,0.000000,54.000000,6.480501,0.000000,247.688022
10785,6640.441128,0.000000,54.000000,5.979109,0.000000,239.665738
10786,6640.441128,0.000000,54.000000,5.477716,0.000000,231.643454
10787,6640.441128,0.000000,54.000000,4.976323,0.000000,223.621170
10788,6640.441128,0.000000,54.000000,4.474930,0.000000,215.598886
10789,6640.441128,0.000000,54.000000,3.973538,0.000000,207.576602
10790,6640.441128,0.000000,54.000000,3.472145,0.000000,199.554318
10791,6640.441128,0.000000,54.000000,2.970752,0.000000,191.532033
10792,6640.441128,0.000000,54.000000,2.469359,0.000000,183.509749
10793,6640.441128,0.000000,54.000000,1.967967,0.000000,175.487465
10794,6640.441128,0.000000,54.000000,1.466574,0.000000,167.465181
10795,6640.441128,0.000000,54.000000,0.965181,0.000000,159.442897
10796,6640.441128,0.000000,54.000000,0.463788,0.000000,151.420613
10797,6640.441128,0.000000,54.000000,359.962396,0.000000,143.398329
10798,6640.441128,0.000000,54.000000,359.461003,0.000000,135.376045
10799,6640.441128,0.000000,54.000000,358.959610,0.000000,127.353760
10800,6640.441128,0.000000,54.000000,358.458217,0.000000,119.331476
10801,6640.441128,0.000000,54.000000,357.956825,0.000000,111.309192
10802,6640.441128,0.000000,54.000000,357.455432,0.000000,103.286908
10803,6640.441128,0.000000,54.000000,356.954039,0.000000,95.264624
10804,6640.441128,0.000000,54.000000,356.452646,0.000000,87.242340
10805,6640.441128,0.000000,54.000000,355.951253,0.000000,79.220056
10806,6640.441128,0.000000,54.000000,355.449861,0.000000,71.197772
10807,6640.441128,0.000000,54.000000,354.948468,0.000000,63.175487
10808,6640.441128,0.000000,54.000000,354.447075,0.000000,55.153203
10809,6640.441128,0.000000,54.000000,353.945682,0.000000,47.130919
10810,6640.441128,0.000000,54.000000,353.444290,0.000000,39.108635
10811,6640.441128,0.000000,54.000000,352.942897,0.000000,31.086351
10812,6640.441128,0.000000,54.000000,352.441504,0.000000,23.064067
10813,6640.441128,0.000000,54.000000,351.940111,0.000000,15.041783
10814,6640.441128,0.000000,54.000000,351.438719,0.000000,7.019499
10815,6640.441128,0.000000,54.000000,350.937326,0.000000,358.997214
10816,6640.441128,0.000000,54.000000,350.435933,0.000000,350.974930
10817,6640.441128,0.000000,54.000000,349.934540,0.000000,342.952646
10818,6640.441128,0.000000,54.000000,349.433148,0.000000,334.930362
10819,6640.441128,0.000000,54.000000,348.931755,0.000000,326.908078
10820,6640.441128,0.000000,54.000000,348.430362,0.000000,318.885794
10821,6640.441128,0.000000,54.000000,347.928969,0.000000,310.863510
10822,6640.441128,0.000000,54.000000,347.427577,0.000000,302.841226
10823,6640.441128,0.000000,54.000000,346.926184,0.000000,294.818942
10824,6640.441128,0.000000,54.000000,346.424791,0.000000,286.796657
10825,6640.441128,0.000000,54.000000,345.923398,0.000000,278.774373
10826,6640.441128,0.000000,54.000000,345.422006,0.000000,270.752089
10827,6640.441128,0.000000,54.000000,344.920613,0.000000,262.729805
10828,6640.441128,0.000000,54.000000,344.419220,0.000000,254.707521
10829,6640.441128,0.000000,54.000000,343.917827,0.000000,246.685237
10830,6640.441128,0.000000,54.000000,343.416435,0.000000,238.662953
10831,6640.441128,0.000000,54.000000,342.915042,0.000000,230.640669
10832,6640.441128,0.000000,54.000000,342.413649,0.000000,222.618384
10833,6640.441128,0.000000,54.000000,341.912256,0.000000,214.596100
10834,6640.441128,0.000000,54.000000,341.410864,0.000000,206.573816
10835,6640.441128,0.000000,54.000000,340.909471,0.000000,198.551532
10836,6640.441128,0.000000,54.000000,340.408078,0.000000,190.529248
10837,6640.441128,0.000000,54.000000,339.906685,0.000000,182.506964
10838,6640.441128,0.000000,54.000000,339.405292,0.000000,174.484680
10839,6640.441128,0.000000,54.000000,338.903900,0.000000,166.462396
10840,6640.441128,0.000000,54.000000,338.402507,0.000000,158.440111
10841,6640.441128,0.000000,54.000000,337.901114,0.000000,150.417827
10842,6640.441128,0.000000,54.000000,337.399721,0.000000,142.395543
10843,6640.441128,0.000000,54.000000,336.898329,0.000000,134.373259
10844,6640.441128,0.000000,54.000000,336.396936,0.000000,126.350975
10845,6640.441128,0.000000,54.000000,335.895543,0.000000,118.328691
10846,6640.441128,0.000000,54.000000,335.394150,0.000000,110.306407
10847,6640.441128,0.000000,54.000000,334.892758,0.000000,102.284123
10848,6640.441128,0.000000,54.000000,334.391365,0.000000,94.261838
10849,6640.441128,0.000000,54.000000,333.889972,0.000000,86.239554
10850,6640.441128,0.000000,54.000000,333.388579,0.000000,78.217270
10851,6640.441128,0.000000,54.000000,332.887187,0.000000,70.194986
10852,6640.441128,0.000000,54.000000,332.385794,0.000000,62.172702
10853,6640.441128,0.000000,54.000000,331.884401,0.000000,54.150418
10854,6640.441128,0.000000,54.000000,331.383008,0.000000,46.128134
10855,6640.441128,0.000000,54.000000,330.881616,0.000000,38.105850
10856,6640.441128,0.000000,54.000000,330.380223,0.000000,30.083565
10857,6640.441128,0.000000,54.000000,329.878830,0.000000,22.061281
10858,6640.441128,0.000000,54.000000,329.377437,0.000000,14.038997
10859,6640.441128,0.000000,54.000000,328.876045,0.000000,6.016713
10860,6640.441128,0.000000,54.000000,328.374652,0.000000,357.994429
10861,6640.441128,0.000000,54.000000,327.873259,0.000000,349.972145
10862,6640.441128,0.000000,54.000000,327.371866,0.000000,341.949861
10863,6640.441128,0.000000,54.000000,326.870474,0.000000,333.927577
10864,6640.441128,0.000000,54.000000,326.369081,0.000000,325.905292
10865,6640.441128,0.000000,54.000000,325.867688,0.000000,317.883008
10866,6640.441128,0.000000,54.000000,325.366295,0.000000,309.860724
10867,6640.441128,0.000000,54.000000,324.864903,0.000000,301.838440
10868,6640.441128,0.000000,54.000000,324.363510,0.000000,293.816156
10869,6640.441128,0.000000,54.000000,323.862117,0.000000,285.793872
10870,6640.441128,0.000000,54.000000,323.360724,0.000000,277.771588
10871,6640.441128,0.000000,54.000000,322.859331,0.000000,269.749304
10872,6640.441128,0.000000,54.000000,322.357939,0.000000,261.727019
10873,6640.441128,0.000000,54.000000,321.856546,0.000000,253.704735
10874,6640.441128,0.000000,54.000000,321.355153,0.000000,245.682451
10875,6640.441128,0.000000,54.000000,320.853760,0.000000,237.660167
10876,6640.441128,0.000000,54.000000,320.352368,0.000000,229.637883
10877,6640.441128,0.000000,54.000000,319.850975,0.000000,221.615599
10878,6640.441128,0.000000,54.000000,319.349582,0.000000,213.593315
10879,6640.441128,0.000000,54.000000,318.848189,0.000000,205.571031
10880,6640.441128,0.000000,54.000000,318.346797,0.000000,197.548747
10881,6640.441128,0.000000,54.000000,317.845404,0.000000,189.526462
10882,6640.441128,0.000000,54.000000,317.344011,0.000000,181.504178
10883,6640.441128,0.000000,54.000000,316.842618,0.000000,173.481894
10884,6640.441128,0.000000,54.000000,316.341226,0.000000,165.459610
10885,6640.441128,0.000000,54.000000,315.839833,0.000000,157.437326
10886,6640.441128,0.000000,54.000000,315.338440,0.000000,149.415042
10887,6640.441128,0.000000,54.000000,314.837047,0.000000,141.392758
10888,6640.441128,0.000000,54.000000,314.335655,0.000000,133.370474
10889,6640.441128,0.000000,54.000000,313.834262,0.000000,125.348189
10890,6640.441128,0.000000,54.000000,313.332869,0.000000,117.325905
10891,6640.441128,0.000000,54.000000,312.831476,0.000000,109.303621
10892,6640.441128,0.000000,54.000000,312.330084,0.000000,101.281337
10893,6640.441128,0.000000,54.000000,311.828691,0.000000,93.259053
10894,6640.441128,0.000000,54.000000,311.327298,0.000000,85.236769
10895,6640.441128,0.000000,54.000000,310.825905,0.000000,77.214485
10896,6640.441128,0.000000,54.000000,310.324513,0.000000,69.192201
10897,6640.441128,0.000000,54.000000,309.823120,0.000000,61.169916
10898,6640.441128,0.000000,54.000000,309.321727,0.000000,53.147632
10899,6640.441128,0.000000,54.000000,308.820334,0.000000,45.125348
10900,6640.441128,0.000000,54.000000,308.318942,0.000000,37.103064
10901,6640.441128,0.000000,54.000000,307.817549,0.000000,29.080780
10903,6640.441128,0.000000,54.000000,306.814763,0.000000,13.036212
10904,6640.441128,0.000000,54.000000,306.313370,0.000000,5.013928
10905,6640.441128,0.000000,54.000000,305.811978,0.000000,356.991643
10906,6640.441128,0.000000,54.000000,305.310585,0.000000,348.969359
10907,6640.441128,0.000000,54.000000,304.809192,0.000000,340.947075
10908,6640.441128,0.000000,54.000000,304.307799,0.000000,332.924791
10909,6640.441128,0.000000,54.000000,303.806407,0.000000,324.902507
10910,6640.441128,0.000000,54.000000,303.305014,0.000000,316.880223
10911,6640.441128,0.000000,54.000000,302.803621,0.000000,308.857939
10912,6640.441128,0.000000,54.000000,302.302228,0.000000,300.835655
10913,6640.441128,0.000000,54.000000,301.800836,0.000000,292.813370
10914,6640.441128,0.000000,54.000000,301.299443,0.000000,284.791086
10915,6640.441128,0.000000,54.000000,300.798050,0.000000,276.768802
10916,6640.441128,0.000000,54.000000,300.296657,0.000000,268.746518
10917,6640.441128,0.000000,54.000000,299.795265,0.000000,260.724234
10918,6640.441128,0.000000,54.000000,299.293872,0.000000,252.701950
10919,6640.441128,0.000000,54.000000,298.792479,0.000000,244.679666
10920,6640.441128,0.000000,54.000000,298.291086,0.000000,236.657382
10921,6640.441128,0.000000,54.000000,297.789694,0.000000,228.635097
10922,6640.441128,0.000000,54.000000,297.288301,0.000000,220.612813
10923,6640.441128,0.000000,54.000000,296.786908,0.000000,212.590529
10924,6640.441128,0.000000,54.000000,296.285515,0.000000,204.568245
10925,6640.441128,0.000000,54.000000,295.784123,0.000000,196.545961
10926,6640.441128,0.000000,54.000000,295.282730,0.000000,188.523677
10927,6640.441128,0.000000,54.000000,294.781337,0.000000,180.501393
10928,6640.441128,0.000000,54.000000,294.279944,0.000000,172.479109
10929,6640.441128,0.000000,54.000000,293.778552,0.000000,164.456825
10930,6640.441128,0.000000,54.000000,293.277159,0.000000,156.434540
10931,6640.441128,0.000000,54.000000,292.775766,0.000000,148.412256
10932,6640.441128,0.000000,54.000000,292.274373,0.000000,140.389972
10933,6640.441128,0.000000,54.000000,291.772981,0.000000,132.367688
10934,6640.441128,0.000000,54.000000,291.271588,0.000000,124.345404
10935,6640.441128,0.000000,54.000000,290.770195,0.000000,116.323120
10936,6640.441128,0.000000,54.000000,290.268802,0.000000,108.300836
10937,6640.441128,0.000000,54.000000,289.767409,0.000000,100.278552
10938,6640.441128,0.000000,54.000000,289.266017,0.000000,92.256267
10939,6640.441128,0.000000,54.000000,288.764624,0.000000,84.233983
10940,6640.441128,0.000000,54.000000,288.263231,0.000000,76.211699
10941,6640.441128,0.000000,54.000000,287.761838,0.000000,68.189415
10942,6640.441128,0.000000,54.000000,287.260446,0.000000,60.167131
10943,6640.441128,0.000000,54.000000,286.759053,0.000000,52.144847
10944,6640.441128,0.000000,54.000000,286.257660,0.000000,44.122563
10945,6640.441128,0.000000,54.000000,285.756267,0.000000,36.100279
10946,6640.441128,0.000000,54.000000,285.254875,0.000000,28.077994
10947,6640.441128,0.000000,54.000000,284.753482,0.000000,20.055710
10948,6640.441128,0.000000,54.000000,284.252089,0.000000,12.033426
10949,6640.441128,0.000000,54.000000,283.750696,0.000000,4.011142
10950,6640.441128,0.000000,54.000000,283.249304,0.000000,355.988858
10951,6640.441128,0.000000,54.000000,282.747911,0.000000,347.966574
10952,6640.441128,0.000000,54.000000,282.246518,0.000000,339.944290
10953,6640.441128,0.000000,54.000000,281.745125,0.000000,331.922006
10954,6640.441128,0.000000,54.000000,281.243733,0.000000,323.899721
10955,6640.441128,0.000000,54.000000,280.742340,0.000000,315.877437
10956,6640.441128,0.000000,54.000000,280.240947,0.000000,307.855153
10957,6640.441128,0.000000,54.000000,279.739554,0.000000,299.832869
10958,6640.441128,0.000000,54.000000,279.238162,0.000000,291.810585
10959,6640.441128,0.000000,54.000000,278.736769,0.000000,283.788301
10960,6640.441128,0.000000,54.000000,278.235376,0.000000,275.766017
10961,6640.441128,0.000000,54.000000,277.733983,0.000000,267.743733
10962,6640.441128,0.000000,54.000000,277.232591,0.000000,259.721448
10963,6640.441128,0.000000,54.000000,276.731198,0.000000,251.699164
10964,6640.441128,0.000000,54.000000,276.229805,0.000000,243.676880
10965,6640.441128,0.000000,54.000000,275.728412,0.000000,235.654596
10966,6640.441128,0.000000,54.000000,275.227019,0.000000,227.632312
10967,6640.441128,0.000000,54.000000,274.725627,0.000000,219.610028
10968,6640.441128,0.000000,54.000000,274.224234,0.000000,211.587744
10969,6640.441128,0.000000,54.000000,273.722841,0.000000,203.565460
10970,6640.441128,0.000000,54.000000,273.221448,0.000000,195.543175
10971,6640.441128,0.000000,54.000000,272.720056,0.000000,187.520891
10972,6640.441128,0.000000,54.000000,272.218663,0.000000,179.498607
10973,6640.441128,0.000000,54.000000,271.717270,0.000000,171.476323
10974,6640.441128,0.000000,54.000000,271.215877,0.000000,163.454039
10975,6640.441128,0.000000,54.000000,270.714485,0.000000,155.431755
10976,6640.441128,0.000000,54.000000,270.213092,0.000000,147.409471
10977,6640.441128,0.000000,54.000000,269.711699,0.000000,139.387187
10978,6640.441128,0.000000,54.000000,269.210306,0.000000,131.364903
10979,6640.441128,0.000000,54.000000,268.708914,0.000000,123.342618
10980,6640.441128,0.000000,54.000000,268.207521,0.000000,115.320334
10981,6640.441128,0.000000,54.000000,267.706128,0.000000,107.298050
10982,6640.441128,0.000000,54.000000,267.204735,0.000000,99.275766
10983,6640.441128,0.000000,54.000000,266.703343,0.000000,91.253482
10984,6640.441128,0.000000,54.000000,266.201950,0.000000,83.231198
10985,6640.441128,0.000000,54.000000,265.700557,0.000000,75.208914
10986,6640.441128,0.000000,54.000000,265.199164,0.000000,67.186630
10987,6640.441128,0.000000,54.000000,264.697772,0.000000,59.164345
10988,6640.441128,0.000000,54.000000,264.196379,0.000000,51.142061
10989,6640.441128,0.000000,54.000000,263.694986,0.000000,43.119777
10990,6640.441128,0.000000,54.000000,263.193593,0.000000,35.097493
10991,6640.441128,0.000000,54.000000,262.692201,0.000000,27.075209
10992,6640.441128,0.000000,54.000000,262.190808,0.000000,19.052925
10993,6640.441128,0.000000,54.000000,261.689415,0.000000,11.030641
10994,6640.441128,0.000000,54.000000,261.188022,0.000000,3.008357
10995,6640.441128,0.000000,54.000000,260.686630,0.000000,354.986072
10996,6640.441128,0.000000,54.000000,260.185237,0.000000,346.963788
10997,6640.441128,0.000000,54.000000,259.683844,0.000000,338.941504
10998,6640.441128,0.000000,54.000000,259.182451,0.000000,330.919220
10999,6640.441128,0.000000,54.000000,258.681058,0.000000,322.896936
11000,6640.441128,0.000000,54.000000,258.179666,0.000000,314.874652
11001,6640.441128,0.000000,54.000000,257.678273,0.000000,306.852368
11002,6640.441128,0.000000,54.000000,257.176880,0.000000,298.830084
11003,6640.441128,0.000000,54.000000,256.675487,0.000000,290.807799
11004,6640.441128,0.000000,54.000000,256.174095,0.000000,282.785515
11005,6640.441128,0.000000,54.000000,255.672702,0.000000,274.763231
11006,6640.441128,0.000000,54.000000,255.171309,0.000000,266.740947
11007,6640.441128,0.000000,54.000000,254.669916,0.000000,258.718663
11008,6640.441128,0.000000,54.000000,254.168524,0.000000,250.696379
11009,6640.441128,0.000000,54.000000,253.667131,0.000000,242.674095
11010,6640.441128,0.000000,54.000000,253.165738,0.000000,234.651811
11011,6640.441128,0.000000,54.000000,252.664345,0.000000,226.629526
11012,6640.441128,0.000000,54.000000,252.162953,0.000000,218.607242
11013,6640.441128,0.000000,54.000000,251.661560,0.000000,210.584958
11014,6640.441128,0.000000,54.000000,251.160167,0.000000,202.562674
11015,6640.441128,0.000000,54.000000,250.658774,0.000000,194.540390
11016,6640.441128,0.000000,54.000000,250.157382,0.000000,186.518106
11017,6640.441128,0.000000,54.000000,249.655989,0.000000,178.495822
11018,6640.441128,0.000000,54.000000,249.154596,0.000000,170.473538
11019,6640.441128,0.000000,54.000000,248.653203,0.000000,162.451253
11020,6640.441128,0.000000,54.000000,248.151811,0.000000,154.428969
11021,6640.441128,0.000000,54.000000,247.650418,0.000000,146.406685
11022,6640.441128,0.000000,54.000000,247.149025,0.000000,138.384401
11023,6640.441128,0.000000,54.000000,246.647632,0.000000,130.362117
11024,6640.441128,0.000000,54.000000,246.146240,0.000000,122.339833
11025,6640.441128,0.000000,54.000000,245.644847,0.000000,114.317549
11026,6640.441128,0.000000,54.000000,245.143454,0.000000,106.295265
11027,6640.441128,0.000000,54.000000,244.642061,0.000000,98.272981
11028,6640.441128,0.000000,54.000000,244.140669,0.000000,90.250696
11029,6640.441128,0.000000,54.000000,243.639276,0.000000,82.228412
11030,6640.441128,0.000000,54.000000,243.137883,0.000000,74.206128
11031,6640.441128,0.000000,54.000000,242.636490,0.000000,66.183844
11032,6640.441128,0.000000,54.000000,242.135097,0.000000,58.161560
11033,6640.441128,0.000000,54.000000,241.633705,0.000000,50.139276
11034,6640.441128,0.000000,54.000000,241.132312,0.000000,42.116992
11035,6640.441128,0.000000,54.000000,240.630919,0.000000,34.094708
11036,6640.441128,0.000000,54.000000,240.129526,0.000000,26.072423
11037,6640.441128,0.000000,54.000000,239.628134,0.000000,18.050139
11038,6640.441128,0.000000,54.000000,239.126741,0.000000,10.027855
11039,6640.441128,0.000000,54.000000,238.625348,0.000000,2.005571
11040,6640.441128,0.000000,54.000000,238.123955,0.000000,353.983287
11041,6640.441128,0.000000,54.000000,237.622563,0.000000,345.961003
11042,6640.441128,0.000000,54.000000,237.121170,0.000000,337.938719
11043,6640.441128,0.000000,54.000000,236.619777,0.000000,329.916435
11044,6640.441128,0.000000,54.000000,236.118384,0.000000,321.894150
11045,6640.441128,0.000000,54.000000,235.616992,0.000000,313.871866
11046,6640.441128,0.000000,54.000000,235.115599,0.000000,305.849582
11047,6640.441128,0.000000,54.000000,234.614206,0.000000,297.827298
11048,6640.441128,0.000000,54.000000,234.112813,0.000000,289.805014
11049,6640.441128,0.000000,54.000000,233.611421,0.000000,281.782730
11050,6640.441128,0.000000,54.000000,233.110028,0.000000,273.760446
11051,6640.441128,0.000000,54.000000,232.608635,0.000000,265.738162
11052,6640.441128,0.000000,54.000000,232.107242,0.000000,257.715877
11053,6640.441128,0.000000,54.000000,231.605850,0.000000,249.693593
11054,6640.441128,0.000000,54.000000,231.104457,0.000000,241.671309
11055,6640.441128,0.000000,54.000000,230.603064,0.000000,233.649025
11056,6640.441128,0.000000,54.000000,230.101671,0.000000,225.626741
11057,6640.441128,0.000000,54.000000,229.600279,0.000000,217.604457
11058,6640.441128,0.000000,54.000000,229.098886,0.000000,209.582173
11059,6640.441128,0.000000,54.000000,228.597493,0.000000,201.559889
11060,6640.441128,0.000000,54.000000,228.096100,0.000000,193.537604
11061,6640.441128,0.000000,54.000000,227.594708,0.000000,185.515320
11062,6640.441128,0.000000,54.000000,227.093315,0.000000,177.493036
11063,6640.441128,0.000000,54.000000,226.591922,0.000000,169.470752
11064,6640.441128,0.000000,54.000000,226.090529,0.000000,161.448468
11065,6640.441128,0.000000,54.000000,225.589136,0.000000,153.426184
11066,6640.441128,0.000000,54.000000,225.087744,0.000000,145.403900
11067,6640.441128,0.000000,54.000000,224.586351,0.000000,137.381616
11068,6640.441128,0.000000,54.000000,224.084958,0.000000,129.359331
11069,6640.441128,0.000000,54.000000,223.583565,0.000000,121.337047
11070,6640.441128,0.000000,54.000000,223.082173,0.000000,113.314763
11071,6640.441128,0.000000,54.000000,222.580780,0.000000,105.292479
11072,6640.441128,0.000000,54.000000,222.079387,0.000000,97.270195
11073,6640.441128,0.000000,54.000000,221.577994,0.000000,89.247911
11074,6640.441128,0.000000,54.000000,221.076602,0.000000,81.225627
11075,6640.441128,0.000000,54.000000,220.575209,0.000000,73.203343
11076,6640.441128,0.000000,54.000000,220.073816,0.000000,65.181058
11077,6640.441128,0.000000,54.000000,219.572423,0.000000,57.158774
11078,6640.441128,0.000000,54.000000,219.071031,0.000000,49.136490
11079,6640.441128,0.000000,54.000000,218.569638,0.000000,41.114206
11080,6640.441128,0.000000,54.000000,218.068245,0.000000,33.091922
11081,6640.441128,0.000000,54.000000,217.566852,0.000000,25.069638
11082,6640.441128,0.000000,54.000000,217.065460,0.000000,17.047354
11083,6640.441128,0.000000,54.000000,216.564067,0.000000,9.025070
11084,6640.441128,0.000000,54.000000,216.062674,0.000000,1.002786
11085,6640.441128,0.000000,54.000000,215.561281,0.000000,352.980501
11086,6640.441128,0.000000,54.000000,215.059889,0.000000,344.958217
11087,6640.441128,0.000000,54.000000,214.558496,0.000000,336.935933
11088,6640.441128,0.000000,54.000000,214.057103,0.000000,328.913649
11089,6640.441128,0.000000,54.000000,213.555710,0.000000,320.891365
11090,6640.441128,0.000000,54.000000,213.054318,0.000000,312.869081
11091,6640.441128,0.000000,54.000000,212.552925,0.000000,304.846797
11092,6640.441128,0.000000,54.000000,212.051532,0.000000,296.824513
11093,6640.441128,0.000000,54.000000,211.550139,0.000000,288.802228
11094,6640.441128,0.000000,54.000000,211.048747,0.000000,280.779944
11095,6640.441128,0.000000,54.000000,210.547354,0.000000,272.757660
11096,6640.441128,0.000000,54.000000,210.045961,0.000000,264.735376
11097,6640.441128,0.000000,54.000000,209.544568,0.000000,256.713092
11098,6640.441128,0.000000,54.000000,209.043175,0.000000,248.690808
11099,6640.441128,0.000000,54.000000,208.541783,0.000000,240.668524
11100,6640.441128,0.000000,54.000000,208.040390,0.000000,232.646240
11101,6640.441128,0.000000,54.000000,207.538997,0.000000,224.623955
11102,6640.441128,0.000000,54.000000,207.037604,0.000000,216.601671
11103,6640.441128,0.000000,54.000000,206.536212,0.000000,208.579387
11104,6640.441128,0.000000,54.000000,206.034819,0.000000,200.557103
11105,6640.441128,0.000000,54.000000,205.533426,0.000000,192.534819
11106,6640.441128,0.000000,54.000000,205.032033,0.000000,184.512535
11107,6640.441128,0.000000,54.000000,204.530641,0.000000,176.490251
11108,6640.441128,0.000000,54.000000,204.029248,0.000000,168.467967
11109,6640.441128,0.000000,54.000000,203.527855,0.000000,160.445682
11110,6640.441128,0.000000,54.000000,203.026462,0.000000,152.423398
11111,6640.441128,0.000000,54.000000,202.525070,0.000000,144.401114
11112,6640.441128,0.000000,54.000000,202.023677,0.000000,136.378830
11113,6640.441128,0.000000,54.000000,201.522284,0.000000,128.356546
11114,6640.441128,0.000000,54.000000,201.020891,0.000000,120.334262
11115,6640.441128,0.000000,54.000000,200.519499,0.000000,112.311978
11116,6640.441128,0.000000,54.000000,200.018106,0.000000,104.289694
11117,6640.441128,0.000000,54.000000,199.516713,0.000000,96.267409
11118,6640.441128,0.000000,54.000000,199.015320,0.000000,88.245125
11119,6640.441128,0.000000,54.000000,198.513928,0.000000,80.222841
11120,6640.441128,0.000000,54.000000,198.012535,0.000000,72.200557
11121,6640.441128,0.000000,54.000000,197.511142,0.000000,64.178273
11122,6640.441128,0.000000,54.000000,197.009749,0.000000,56.155989
11123,6640.441128,0.000000,54.000000,196.508357,0.000000,48.133705
11124,6640.441128,0.000000,54.000000,196.006964,0.000000,40.111421
11125,6640.441128,0.000000,54.000000,195.505571,0.000000,32.089136
11126,6640.441128,0.000000,54.000000,195.004178,0.000000,24.066852
11127,6640.441128,0.000000,54.000000,194.502786,0.000000,16.044568
11128,6640.441128,0.000000,54.000000,194.001393,0.000000,8.022284
11129,6640.441128,0.000000,54.000000,193.500000,0.000000,360.000000
11130,6640.441128,0.000000,54.000000,192.998607,0.000000,351.977716
11131,6640.441128,0.000000,54.000000,192.497214,0.000000,343.955432
11132,6640.441128,0.000000,54.000000,191.995822,0.000000,335.933148
11133,6640.441128,0.000000,54.000000,191.494429,0.000000,327.910864
11134,6640.441128,0.000000,54.000000,190.993036,0.000000,319.888579
11135,6640.441128,0.000000,54.000000,190.491643,0.000000,311.866295
11136,6640.441128,0.000000,54.000000,189.990251,0.000000,303.844011
11137,6640.441128,0.000000,54.000000,189.488858,0.000000,295.821727
11138,6640.441128,0.000000,54.000000,188.987465,0.000000,287.799443
11139,6640.441128,0.000000,54.000000,188.486072,0.000000,279.777159
11140,6640.441128,0.000000,54.000000,187.984680,0.000000,271.754875
11141,6640.441128,0.000000,54.000000,187.483287,0.000000,263.732591
11142,6640.441128,0.000000,54.000000,186.981894,0.000000,255.710306
11143,6640.441128,0.000000,54.000000,186.480501,0.000000,247.688022
11144,6640.441128,0.000000,54.000000,185.979109,0.000000,239.665738
11145,6640.441128,0.000000,54.000000,185.477716,0.000000,231.643454
11146,6640.441128,0.000000,54.000000,184.976323,0.000000,223.621170
11147,6640.441128,0.000000,54.000000,184.474930,0.000000,215.598886
11148,6640.441128,0.000000,54.000000,183.973538,0.000000,207.576602
11149,6640.441128,0.000000,54.000000,183.472145,0.000000,199.554318
11150,6640.441128,0.000000,54.000000,182.970752,0.000000,191.532033
11151,6640.441128,0.000000,54.000000,182.469359,0.000000,183.509749
11152,6640.441128,0.000000,54.000000,181.967967,0.000000,175.487465
11153,6640.441128,0.000000,54.000000,181.466574,0.000000,167.465181
11154,6640.441128,0.000000,54.000000,180.965181,0.000000,159.442897
11155,6640.441128,0.000000,54.000000,180.463788,0.000000,151.420613
11156,6640.441128,0.000000,54.000000,179.962396,0.000000,143.398329
11157,6640.441128,0.000000,54.000000,179.461003,0.000000,135.376045
11158,6640.441128,0.000000,54.000000,178.959610,0.000000,127.353760
11159,6640.441128,0.000000,54.000000,178.458217,0.000000,119.331476
11160,6640.441128,0.000000,54.000000,177.956825,0.000000,111.309192
11161,6640.441128,0.000000,54.000000,177.455432,0.000000,103.286908
11162,6640.441128,0.000000,54.000000,176.954039,0.000000,95.264624
11163,6640.441128,0.000000,54.000000,176.452646,0.000000,87.242340
11164,6640.441128,0.000000,54.000000,175.951253,0.000000,79.220056
11165,6640.441128,0.000000,54.000000,175.449861,0.000000,71.197772
11166,6640.441128,0.000000,54.000000,174.948468,0.000000,63.175487
11167,6640.441128,0.000000,54.000000,174.447075,0.000000,55.153203
11168,6640.441128,0.000000,54.000000,173.945682,0.000000,47.130919
11169,6640.441128,0.000000,54.000000,173.444290,0.000000,39.108635
11170,6640.441128,0.000000,54.000000,172.942897,0.000000,31.086351
11171,6640.441128,0.000000,54.000000,172.441504,0.000000,23.064067
11172,6640.441128,0.000000,54.000000,171.940111,0.000000,15.041783
11173,6640.441128,0.000000,54.000000,171.438719,0.000000,7.019499
11174,6640.441128,0.000000,54.000000,170.937326,0.000000,358.997214
11175,6640.441128,0.000000,54.000000,170.435933,0.000000,350.974930
11176,6640.441128,0.000000,54.000000,169.934540,0.000000,342.952646
11177,6640.441128,0.000000,54.000000,169.433148,0.000000,334.930362
11178,6640.441128,0.000000,54.000000,168.931755,0.000000,326.908078
11179,6640.441128,0.000000,54.000000,168.430362,0.000000,318.885794
11180,6640.441128,0.000000,54.000000,167.928969,0.000000,310.863510
11181,6640.441128,0.000000,54.000000,167.427577,0.000000,302.841226
11182,6640.441128,0.000000,54.000000,166.926184,0.000000,294.818942
11183,6640.441128,0.000000,54.000000,166.424791,0.000000,286.796657
11184,6640.441128,0.000000,54.000000,165.923398,0.000000,278.774373
11185,6640.441128,0.000000,54.000000,165.422006,0.000000,270.752089
11186,6640.441128,0.000000,54.000000,164.920613,0.000000,262.729805
11187,6640.441128,0.000000,54.000000,164.419220,0.000000,254.707521
11188,6640.441128,0.000000,54.000000,163.917827,0.000000,246.685237
11189,6640.441128,0.000000,54.000000,163.416435,0.000000,238.662953
11190,6640.441128,0.000000,54.000000,162.915042,0.000000,230.640669
11191,6640.441128,0.000000,54.000000,162.413649,0.000000,222.618384
11192,6640.441128,0.000000,54.000000,161.912256,0.000000,214.596100
11193,6640.441128,0.000000,54.000000,161.410864,0.000000,206.573816
11194,6640.441128,0.000000,54.000000,160.909471,0.000000,198.551532
11195,6640.441128,0.000000,54.000000,160.408078,0.000000,190.529248
11196,6640.441128,0.000000,54.000000,159.906685,0.000000,182.506964
11197,6640.441128,0.000000,54.000000,159.405292,0.000000,174.484680
11198,6640.441128,0.000000,54.000000,158.903900,0.000000,166.462396
11199,6640.441128,0.000000,54.000000,158.402507,0.000000,158.440111
11200,6640.441128,0.000000,54.000000,157.901114,0.000000,150.417827
11201,6640.441128,0.000000,54.000000,157.399721,0.000000,142.395543
11202,6640.441128,0.000000,54.000000,156.898329,0.000000,134.373259
11203,6640.441128,0.000000,54.000000,156.396936,0.000000,126.350975
11204,6640.441128,0.000000,54.000000,155.895543,0.000000,118.328691
11205,6640.441128,0.000000,54.000000,155.394150,0.000000,110.306407
11206,6640.441128,0.000000,54.000000,154.892758,0.000000,102.284123
11207,6640.441128,0.000000,54.000000,154.391365,0.000000,94.261838
11208,6640.441128,0.000000,54.000000,153.889972,0.000000,86.239554
11209,6640.441128,0.000000,54.000000,153.388579,0.000000,78.217270
11211,6640.441128,0.000000,54.000000,152.385794,0.000000,62.172702
11212,6640.441128,0.000000,54.000000,151.884401,0.000000,54.150418
11213,6640.441128,0.000000,54.000000,151.383008,0.000000,46.128134
11214,6640.441128,0.000000,54.000000,150.881616,0.000000,38.105850
11215,6640.441128,0.000000,54.000000,150.380223,0.000000,30.083565
11216,6640.441128,0.000000,54.000000,149.878830,0.000000,22.061281
11217,6640.441128,0.000000,54.000000,149.377437,0.000000,14.038997
11218,6640.441128,0.000000,54.000000,148.876045,0.000000,6.016713
11219,6640.441128,0.000000,54.000000,148.374652,0.000000,357.994429
11220,6640.441128,0.000000,54.000000,147.873259,0.000000,349.972145
11221,6640.441128,0.000000,54.000000,147.371866,0.000000,341.949861
11222,6640.441128,0.000000,54.000000,146.870474,0.000000,333.927577
11223,6640.441128,0.000000,54.000000,146.369081,0.000000,325.905292
11224,6640.441128,0.000000,54.000000,145.867688,0.000000,317.883008
11225,6640.441128,0.000000,54.000000,145.366295,0.000000,309.860724
11226,6640.441128,0.000000,54.000000,144.864903,0.000000,301.838440
11227,6640.441128,0.000000,54.000000,144.363510,0.000000,293.816156
11228,6640.441128,0.000000,54.000000,143.862117,0.000000,285.793872
11229,6640.441128,0.000000,54.000000,143.360724,0.000000,277.771588
11230,6640.441128,0.000000,54.000000,142.859331,0.000000,269.749304
11231,6640.441128,0.000000,54.000000,142.357939,0.000000,261.727019
11232,6640.441128,0.000000,54.000000,141.856546,0.000000,253.704735
11233,6640.441128,0.000000,54.000000,141.355153,0.000000,245.682451
11234,6640.441128,0.000000,54.000000,140.853760,0.000000,237.660167
11235,6640.441128,0.000000,54.000000,140.352368,0.000000,229.637883
11236,6640.441128,0.000000,54.000000,139.850975,0.000000,221.615599
11237,6640.441128,0.000000,54.000000,139.349582,0.000000,213.593315
11238,6640.441128,0.000000,54.000000,138.848189,0.000000,205.571031
11239,6640.441128,0.000000,54.000000,138.346797,0.000000,197.548747
11240,6640.441128,0.000000,54.000000,137.845404,0.000000,189.526462
11241,6640.441128,0.000000,54.000000,137.344011,0.000000,181.504178
11242,6640.441128,0.000000,54.000000,136.842618,0.000000,173.481894
11243,6640.441128,0.000000,54.000000,136.341226,0.000000,165.459610
11244,6640.441128,0.000000,54.000000,135.839833,0.000000,157.437326
11245,6640.441128,0.000000,54.000000,135.338440,0.000000,149.415042
11246,6640.441128,0.000000,54.000000,134.837047,0.000000,141.392758
11247,6640.441128,0.000000,54.000000,134.335655,0.000000,133.370474
11248,6640.441128,0.000000,54.000000,133.834262,0.000000,125.348189
11249,6640.441128,0.000000,54.000000,133.332869,0.000000,117.325905
11250,6640.441128,0.000000,54.000000,132.831476,0.000000,109.303621
11251,6640.441128,0.000000,54.000000,132.330084,0.000000,101.281337
11252,6640.441128,0.000000,54.000000,131.828691,0.000000,93.259053
11253,6640.441128,0.000000,54.000000,131.327298,0.000000,85.236769
11254,6640.441128,0.000000,54.000000,130.825905,0.000000,77.214485
11255,6640.441128,0.000000,54.000000,130.324513,0.000000,69.192201
11256,6640.441128,0.000000,54.000000,129.823120,0.000000,61.169916
11257,6640.441128,0.000000,54.000000,129.321727,0.000000,53.147632
11258,6640.441128,0.000000,54.000000,128.820334,0.000000,45.125348
11259,6640.441128,0.000000,54.000000,128.318942,0.000000,37.103064
11260,6640.441128,0.000000,54.000000,127.817549,0.000000,29.080780
11261,6640.441128,0.000000,54.000000,127.316156,0.000000,21.058496
11262,6640.441128,0.000000,54.000000,126.814763,0.000000,13.036212
11263,6640.441128,0.000000,54.000000,126.313370,0.000000,5.013928
11264,6640.441128,0.000000,54.000000,125.811978,0.000000,356.991643
11265,6640.441128,0.000000,54.000000,125.310585,0.000000,348.969359
11266,6640.441128,0.000000,54.000000,124.809192,0.000000,340.947075
11267,6640.441128,0.000000,54.000000,124.307799,0.000000,332.924791
11268,6640.441128,0.000000,54.000000,123.806407,0.000000,324.902507
11269,6640.441128,0.000000,54.000000,123.305014,0.000000,316.880223
11270,6640.441128,0.000000,54.000000,122.803621,0.000000,308.857939
11271,6640.441128,0.000000,54.000000,122.302228,0.000000,300.835655
11272,6640.441128,0.000000,54.000000,121.800836,0.000000,292.813370
11273,6640.441128,0.000000,54.000000,121.299443,0.000000,284.791086
11274,6640.441128,0.000000,54.000000,120.798050,0.000000,276.768802
11275,6640.441128,0.000000,54.000000,120.296657,0.000000,268.746518
11276,6640.441128,0.000000,54.000000,119.795265,0.000000,260.724234
11277,6640.441128,0.000000,54.000000,119.293872,0.000000,252.701950
11278,6640.441128,0.000000,54.000000,118.792479,0.000000,244.679666
11279,6640.441128,0.000000,54.000000,118.291086,0.000000,236.657382
11280,6640.441128,0.000000,54.000000,117.789694,0.000000,228.635097
11281,6640.441128,0.000000,54.000000,117.288301,0.000000,220.612813
11282,6640.441128,0.000000,54.000000,116.786908,0.000000,212.590529
11283,6640.441128,0.000000,54.000000,116.285515,0.000000,204.568245
11284,6640.441128,0.000000,54.000000,115.784123,0.000000,196.545961
11285,6640.441128,0.000000,54.000000,115.282730,0.000000,188.523677
11286,6640.441128,0.000000,54.000000,114.781337,0.000000,180.501393
11287,6640.441128,0.000000,54.000000,114.279944,0.000000,172.479109
11288,6640.441128,0.000000,54.000000,113.778552,0.000000,164.456825
11289,6640.441128,0.000000,54.000000,113.277159,0.000000,156.434540
11290,6640.441128,0.000000,54.000000,112.775766,0.000000,148.412256
11291,6640.441128,0.000000,54.000000,112.274373,0.000000,140.389972
11292,6640.441128,0.000000,54.000000,111.772981,0.000000,132.367688
11293,6640.441128,0.000000,54.000000,111.271588,0.000000,124.345404
11294,6640.441128,0.000000,54.000000,110.770195,0.000000,116.323120
11295,6640.441128,0.000000,54.000000,110.268802,0.000000,108.300836
11296,6640.441128,0.000000,54.000000,109.767409,0.000000,100.278552
11297,6640.441128,0.000000,54.000000,109.266017,0.000000,92.256267
11298,6640.441128,0.000000,54.000000,108.764624,0.000000,84.233983
11299,6640.441128,0.000000,54.000000,108.263231,0.000000,76.211699
11300,6640.441128,0.000000,54.000000,107.761838,0.000000,68.189415
11301,6640.441128,0.000000,54.000000,107.260446,0.000000,60.167131
11302,6640.441128,0.000000,54.000000,106.759053,0.000000,52.144847
11303,6640.441128,0.000000,54.000000,106.257660,0.000000,44.122563
11304,6640.441128,0.000000,54.000000,105.756267,0.000000,36.100279
11305,6640.441128,0.000000,54.000000,105.254875,0.000000,28.077994
11306,6640.441128,0.000000,54.000000,104.753482,0.000000,20.055710
11307,6640.441128,0.000000,54.000000,104.252089,0.000000,12.033426
11308,6640.441128,0.000000,54.000000,103.750696,0.000000,4.011142
11309,6640.441128,0.000000,54.000000,103.249304,0.000000,355.988858
11310,6640.441128,0.000000,54.000000,102.747911,0.000000,347.966574
11311,6640.441128,0.000000,54.000000,102.246518,0.000000,339.944290
11312,6640.441128,0.000000,54.000000,101.745125,0.000000,331.922006
11313,6640.441128,0.000000,54.000000,101.243733,0.000000,323.899721
11314,6640.441128,0.000000,54.000000,100.742340,0.000000,315.877437
11315,6640.441128,0.000000,54.000000,100.240947,0.000000,307.855153
11316,6640.441128,0.000000,54.000000,99.739554,0.000000,299.832869
11317,6640.441128,0.000000,54.000000,99.238162,0.000000,291.810585
11318,6640.441128,0.000000,54.000000,98.736769,0.000000,283.788301
11319,6640.441128,0.000000,54.000000,98.235376,0.000000,275.766017
11320,6640.441128,0.000000,54.000000,97.733983,0.000000,267.743733
11321,6640.441128,0.000000,54.000000,97.232591,0.000000,259.721448
11322,6640.441128,0.000000,54.000000,96.731198,0.000000,251.699164
11323,6640.441128,0.000000,54.000000,96.229805,0.000000,243.676880
11324,6640.441128,0.000000,54.000000,95.728412,0.000000,235.654596
11325,6640.441128,0.000000,54.000000,95.227019,0.000000,227.632312
11326,6640.441128,0.000000,54.000000,94.725627,0.000000,219.610028
11327,6640.441128,0.000000,54.000000,94.224234,0.000000,211.587744
11328,6640.441128,0.000000,54.000000,93.722841,0.000000,203.565460
11329,6640.441128,0.000000,54.000000,93.221448,0.000000,195.543175
11330,6640.441128,0.000000,54.000000,92.720056,0.000000,187.520891
11331,6640.441128,0.000000,54.000000,92.218663,0.000000,179.498607
11332,6640.441128,0.000000,54.000000,91.717270,0.000000,171.476323
11333,6640.441128,0.000000,54.000000,91.215877,0.000000,163.454039
11334,6640.441128,0.000000,54.000000,90.714485,0.000000,155.431755
11335,6640.441128,0.000000,54.000000,90.213092,0.000000,147.409471
11336,6640.441128,0.000000,54.000000,89.711699,0.000000,139.387187
11337,6640.441128,0.000000,54.000000,89.210306,0.000000,131.364903
11338,6640.441128,0.000000,54.000000,88.708914,0.000000,123.342618
11339,6640.441128,0.000000,54.000000,88.207521,0.000000,115.320334
11340,6640.441128,0.000000,54.000000,87.706128,0.000000,107.298050
11341,6640.441128,0.000000,54.000000,87.204735,0.000000,99.275766
11342,6640.441128,0.000000,54.000000,86.703343,0.000000,91.253482
11343,6640.441128,0.000000,54.000000,86.201950,0.000000,83.231198
11344,6640.441128,0.000000,54.000000,85.700557,0.000000,75.208914
11345,6640.441128,0.000000,54.000000,85.199164,0.000000,67.186630
11346,6640.441128,0.000000,54.000000,84.697772,0.000000,59.164345
11347,6640.441128,0.000000,54.000000,84.196379,0.000000,51.142061
11348,6640.441128,0.000000,54.000000,83.694986,0.000000,43.119777
11349,6640.441128,0.000000,54.000000,83.193593,0.000000,35.097493
11350,6640.441128,0.000000,54.000000,82.692201,0.000000,27.075209
11351,6640.441128,0.000000,54.000000,82.190808,0.000000,19.052925
11352,6640.441128,0.000000,54.000000,81.689415,0.000000,11.030641
11353,6640.441128,0.000000,54.000000,81.188022,0.000000,3.008357
11354,6640.441128,0.000000,54.000000,80.686630,0.000000,354.986072
11355,6640.441128,0.000000,54.000000,80.185237,0.000000,346.963788
11356,6640.441128,0.000000,54.000000,79.683844,0.000000,338.941504
11357,6640.441128,0.000000,54.000000,79.182451,0.000000,330.919220
11358,6640.441128,0.000000,54.000000,78.681058,0.000000,322.896936
11359,6640.441128,0.000000,54.000000,78.179666,0.000000,314.874652
11360,6640.441128,0.000000,54.000000,77.678273,0.000000,306.852368
11361,6640.441128,0.000000,54.000000,77.176880,0.000000,298.830084
11362,6640.441128,0.000000,54.000000,76.675487,0.000000,290.807799
11363,6640.441128,0.000000,54.000000,76.174095,0.000000,282.785515
11364,6640.441128,0.000000,54.000000,75.672702,0.000000,274.763231
11365,6640.441128,0.000000,54.000000,75.171309,0.000000,266.740947
11366,6640.441128,0.000000,54.000000,74.669916,0.000000,258.718663
11367,6640.441128,0.000000,54.000000,74.168524,0.000000,250.696379
11368,6640.441128,0.000000,54.000000,73.667131,0.000000,242.674095
11369,6640.441128,0.000000,54.000000,73.165738,0.000000,234.651811
11370,6640.441128,0.000000,54.000000,72.664345,0.000000,226.629526
11371,6640.441128,0.000000,54.000000,72.162953,0.000000,218.607242
11372,6640.441128,0.000000,54.000000,71.661560,0.000000,210.584958
11373,6640.441128,0.000000,54.000000,71.160167,0.000000,202.562674
11374,6640.441128,0.000000,54.000000,70.658774,0.000000,194.540390
11375,6640.441128,0.000000,54.000000,70.157382,0.000000,186.518106
11376,6640.441128,0.000000,54.000000,69.655989,0.000000,178.495822
11377,6640.441128,0.000000,54.000000,69.154596,0.000000,170.473538
11378,6640.441128,0.000000,54.000000,68.653203,0.000000,162.451253
11379,6640.441128,0.000000,54.000000,68.151811,0.000000,154.428969
11380,6640.441128,0.000000,54.000000,67.650418,0.000000,146.406685
11381,6640.441128,0.000000,54.000000,67.149025,0.000000,138.384401
11382,6640.441128,0.000000,54.000000,66.647632,0.000000,130.362117
11383,6640.441128,0.000000,54.000000,66.146240,0.000000,122.339833
11384,6640.441128,0.000000,54.000000,65.644847,0.000000,114.317549
11385,6640.441128,0.000000,54.000000,65.143454,0.000000,106.295265
11386,6640.441128,0.000000,54.000000,64.642061,0.000000,98.272981
11387,6640.441128,0.000000,54.000000,64.140669,0.000000,90.250696
11388,6640.441128,0.000000,54.000000,63.639276,0.000000,82.228412
11389,6640.441128,0.000000,54.000000,63.137883,0.000000,74.206128
11390,6640.441128,0.000000,54.000000,62.636490,0.000000,66.183844
11391,6640.441128,0.000000,54.000000,62.135097,0.000000,58.161560
11392,6640.441128,0.000000,54.000000,61.633705,0.000000,50.139276
11393,6640.441128,0.000000,54.000000,61.132312,0.000000,42.116992
11394,6640.441128,0.000000,54.000000,60.630919,0.000000,34.094708
11395,6640.441128,0.000000,54.000000,60.129526,0.000000,26.072423
11396,6640.441128,0.000000,54.000000,59.628134,0.000000,18.050139
11397,6640.441128,0.000000,54.000000,59.126741,0.000000,10.027855
11398,6640.441128,0.000000,54.000000,58.625348,0.000000,2.005571
11399,6640.441128,0.000000,54.000000,58.123955,0.000000,353.983287
11400,6640.441128,0.000000,54.000000,57.622563,0.000000,345.961003
11401,6640.441128,0.000000,54.000000,57.121170,0.000000,337.938719
11402,6640.441128,0.000000,54.000000,56.619777,0.000000,329.916435
11403,6640.441128,0.000000,54.000000,56.118384,0.000000,321.894150
11404,6640.441128,0.000000,54.000000,55.616992,0.000000,313.871866
11405,6640.441128,0.000000,54.000000,55.115599,0.000000,305.849582
11406,6640.441128,0.000000,54.000000,54.614206,0.000000,297.827298
11407,6640.441128,0.000000,54.000000,54.112813,0.000000,289.805014
11408,6640.441128,0.000000,54.000000,53.611421,0.000000,281.782730
11409,6640.441128,0.000000,54.000000,53.110028,0.000000,273.760446
11410,6640.441128,0.000000,54.000000,52.608635,0.000000,265.738162
11411,6640.441128,0.000000,54.000000,52.107242,0.000000,257.715877
11412,6640.441128,0.000000,54.000000,51.605850,0.000000,249.693593
11413,6640.441128,0.000000,54.000000,51.104457,0.000000,241.671309
11414,6640.441128,0.000000,54.000000,50.603064,0.000000,233.649025
11415,6640.441128,0.000000,54.000000,50.101671,0.000000,225.626741
11416,6640.441128,0.000000,54.000000,49.600279,0.000000,217.604457
11417,6640.441128,0.000000,54.000000,49.098886,0.000000,209.582173
11418,6640.441128,0.000000,54.000000,48.597493,0.000000,201.559889
11419,6640.441128,0.000000,54.000000,48.096100,0.000000,193.537604
11420,6640.441128,0.000000,54.000000,47.594708,0.000000,185.515320
11421,6640.441128,0.000000,54.000000,47.093315,0.000000,177.493036
11422,6640.441128,0.000000,54.000000,46.591922,0.000000,169.470752
11423,6640.441128,0.000000,54.000000,46.090529,0.000000,161.448468
11424,6640.441128,0.000000,54.000000,45.589136,0.000000,153.426184
11425,6640.441128,0.000000,54.000000,45.087744,0.000000,145.403900
11426,6640.441128,0.000000,54.000000,44.586351,0.000000,137.381616
11427,6640.441128,0.000000,54.000000,44.084958,0.000000,129.359331
11428,6640.441128,0.000000,54.000000,43.583565,0.000000,121.337047
11429,6640.441128,0.000000,54.000000,43.082173,0.000000,113.314763
11430,6640.441128,0.000000,54.000000,42.580780,0.000000,105.292479
11431,6640.441128,0.000000,54.000000,42.079387,0.000000,97.270195
11432,6640.441128,0.000000,54.000000,41.577994,0.000000,89.247911
11433,6640.441128,0.000000,54.000000,41.076602,0.000000,81.225627
11434,6640.441128,0.000000,54.000000,40.575209,0.000000,73.203343
11435,6640.441128,0.000000,54.000000,40.073816,0.000000,65.181058
11436,6640.441128,0.000000,54.000000,39.572423,0.000000,57.158774
11437,6640.441128,0.000000,54.000000,39.071031,0.000000,49.136490
11438,6640.441128,0.000000,54.000000,38.569638,0.000000,41.114206
11439,6640.441128,0.000000,54.000000,38.068245,0.000000,33.091922
11440,6640.441128,0.000000,54.000000,37.566852,0.000000,25.069638
11441,6640.441128,0.000000,54.000000,37.065460,0.000000,17.047354
11442,6640.441128,0.000000,54.000000,36.564067,0.000000,9.025070
11443,6640.441128,0.000000,54.000000,36.062674,0.000000,1.002786
11444,6640.441128,0.000000,54.000000,35.561281,0.000000,352.980501
11445,6640.441128,0.000000,54.000000,35.059889,0.000000,344.958217
11446,6640.441128,0.000000,54.000000,34.558496,0.000000,336.935933
11447,6640.441128,0.000000,54.000000,34.057103,0.000000,328.913649
11448,6640.441128,0.000000,54.000000,33.555710,0.000000,320.891365
11449,6640.441128,0.000000,54.000000,33.054318,0.000000,312.869081
11450,6640.441128,0.000000,54.000000,32.552925,0.000000,304.846797
11451,6640.441128,0.000000,54.000000,32.051532,0.000000,296.824513
11452,6640.441128,0.000000,54.000000,31.550139,0.000000,288.802228
11453,6640.441128,0.000000,54.000000,31.048747,0.000000,280.779944
11454,6640.441128,0.000000,54.000000,30.547354,0.000000,272.757660
11455,6640.441128,0.000000,54.000000,30.045961,0.000000,264.735376
11456,6640.441128,0.000000,54.000000,29.544568,0.000000,256.713092
11457,6640.441128,0.000000,54.000000,29.043175,0.000000,248.690808
11458,6640.441128,0.000000,54.000000,28.541783,0.000000,240.668524
11459,6640.441128,0.000000,54.000000,28.040390,0.000000,232.646240
11460,6640.441128,0.000000,54.000000,27.538997,0.000000,224.623955
11461,6640.441128,0.000000,54.000000,27.037604,0.000000,216.601671
11462,6640.441128,0.000000,54.000000,26.536212,0.000000,208.579387
11463,6640.441128,0.000000,54.000000,26.034819,0.000000,200.557103
11464,6640.441128,0.000000,54.000000,25.533426,0.000000,192.534819
11465,6640.441128,0.000000,54.000000,25.032033,0.000000,184.512535
11466,6640.441128,0.000000,54.000000,24.530641,0.000000,176.490251
11467,6640.441128,0.000000,54.000000,24.029248,0.000000,168.467967
11468,6640.441128,0.000000,54.000000,23.527855,0.000000,160.445682
11469,6640.441128,0.000000,54.000000,23.026462,0.000000,152.423398
11470,6640.441128,0.000000,54.000000,22.525070,0.000000,144.401114
11471,6640.441128,0.000000,54.000000,22.023677,0.000000,136.378830
11472,6640.441128,0.000000,54.000000,21.522284,0.000000,128.356546
11473,6640.441128,0.000000,54.000000,21.020891,0.000000,120.334262
11474,6640.441128,0.000000,54.000000,20.519499,0.000000,112.311978
11475,6640.441128,0.000000,54.000000,20.018106,0.000000,104.289694
11476,6640.441128,0.000000,54.000000,19.516713,0.000000,96.267409
11477,6640.441128,0.000000,54.000000,19.015320,0.000000,88.245125
11478,6640.441128,0.000000,54.000000,18.513928,0.000000,80.222841
11479,6640.441128,0.000000,54.000000,18.012535,0.000000,72.200557
11480,6640.441128,0.000000,54.000000,17.511142,0.000000,64.178273
11481,6640.441128,0.000000,54.000000,17.009749,0.000000,56.155989
11482,6640.441128,0.000000,54.000000,16.508357,0.000000,48.133705
11483,6640.441128,0.000000,54.000000,16.006964,0.000000,40.111421
11484,6640.441128,0.000000,54.000000,15.505571,0.000000,32.089136
11485,6640.441128,0.000000,54.000000,15.004178,0.000000,24.066852
11486,6640.441128,0.000000,54.000000,14.502786,0.000000,16.044568
11487,6640.441128,0.000000,54.000000,14.001393,0.000000,8.022284
11488,6640.441128,0.000000,55.000000,2.250000,0.000000,0.000000
11489,6640.441128,0.000000,55.000000,1.748607,0.000000,351.977716
11490,6640.441128,0.000000,55.000000,1.247214,0.000000,343.955432
11491,6640.441128,0.000000,55.000000,0.745822,0.000000,335.933148
11492,6640.441128,0.000000,55.000000,0.244429,0.000000,327.910864
11493,6640.441128,0.000000,55.000000,359.743036,0.000000,319.888579
11494,6640.441128,0.000000,55.000000,359.241643,0.000000,311.866295
11495,6640.441128,0.000000,55.000000,358.740251,0.000000,303.844011
11496,6640.441128,0.000000,55.000000,358.238858,0.000000,295.821727
11497,6640.441128,0.000000,55.000000,357.737465,0.000000,287.799443
11498,6640.441128,0.000000,55.000000,357.236072,0.000000,279.777159
11499,6640.441128,0.000000,55.000000,356.734680,0.000000,271.754875
11500,6640.441128,0.000000,55.000000,356.233287,0.000000,263.732591
11501,6640.441128,0.000000,55.000000,355.731894,0.000000,255.710306
11502,6640.441128,0.000000,55.000000,355.230501,0.000000,247.688022
11503,6640.441128,0.000000,55.000000,354.729109,0.000000,239.665738
11504,6640.441128,0.000000,55.000000,354.227716,0.000000,231.643454
11505,6640.441128,0.000000,55.000000,353.726323,0.000000,223.621170
11506,6640.441128,0.000000,55.000000,353.224930,0.000000,215.598886
11507,6640.441128,0.000000,55.000000,352.723538,0.000000,207.576602
11508,6640.441128,0.000000,55.000000,352.222145,0.000000,199.554318
11509,6640.441128,0.000000,55.000000,351.720752,0.000000,191.532033
11510,6640.441128,0.000000,55.000000,351.219359,0.000000,183.509749
11511,6640.441128,0.000000,55.000000,350.717967,0.000000,175.487465
11512,6640.441128,0.000000,55.000000,350.216574,0.000000,167.465181
11513,6640.441128,0.000000,55.000000,349.715181,0.000000,159.442897
11514,6640.441128,0.000000,55.000000,349.213788,0.000000,151.420613
11515,6640.441128,0.000000,55.000000,348.712396,0.000000,143.398329
11516,6640.441128,0.000000,55.000000,348.211003,0.000000,135.376045
11517,6640.441128,0.000000,55.000000,347.709610,0.000000,127.353760
11518,6640.441128,0.000000,55.000000,347.208217,0.000000,119.331476
11519,6640.441128,0.000000,55.000000,346.706825,0.000000,111.309192
11520,6640.441128,0.000000,55.000000,346.205432,0.000000,103.286908
11521,6640.441128,0.000000,55.000000,345.704039,0.000000,95.264624
11522,6640.441128,0.000000,55.000000,345.202646,0.000000,87.242340
11523,6640.441128,0.000000,55.000000,344.701253,0.000000,79.220056
11524,6640.441128,0.000000,55.000000,344.199861,0.000000,71.197772
11525,6640.441128,0.000000,55.000000,343.698468,0.000000,63.175487
11526,6640.441128,0.000000,55.000000,343.197075,0.000000,55.153203
11527,6640.441128,0.000000,55.000000,342.695682,0.000000,47.130919
11528,6640.441128,0.000000,55.000000,342.194290,0.000000,39.108635
11529,6640.441128,0.000000,55.000000,341.692897,0.000000,31.086351
11530,6640.441128,0.000000,55.000000,341.191504,0.000000,23.064067
11531,6640.441128,0.000000,55.000000,340.690111,0.000000,15.041783
11532,6640.441128,0.000000,55.000000,340.188719,0.000000,7.019499
11533,6640.441128,0.000000,55.000000,339.687326,0.000000,358.997214
11534,6640.441128,0.000000,55.000000,339.185933,0.000000,350.974930
11535,6640.441128,0.000000,55.000000,338.684540,0.000000,342.952646
11536,6640.441128,0.000000,55.000000,338.183148,0.000000,334.930362
11537,6640.441128,0.000000,55.000000,337.681755,0.000000,326.908078
11538,6640.441128,0.000000,55.000000,337.180362,0.000000,318.885794
11539,6640.441128,0.000000,55.000000,336.678969,0.000000,310.863510
11540,6640.441128,0.000000,55.000000,336.177577,0.000000,302.841226
11541,6640.441128,0.000000,55.000000,335.676184,0.000000,294.818942
11542,6640.441128,0.000000,55.000000,335.174791,0.000000,286.796657
11543,6640.441128,0.000000,55.000000,334.673398,0.000000,278.774373
11544,6640.441128,0.000000,55.000000,334.172006,0.000000,270.752089
11545,6640.441128,0.000000,55.000000,333.670613,0.000000,262.729805
11546,6640.441128,0.000000,55.000000,333.169220,0.000000,254.707521
11547,6640.441128,0.000000,55.000000,332.667827,0.000000,246.685237
11548,6640.441128,0.000000,55.000000,332.166435,0.000000,238.662953
11549,6640.441128,0.000000,55.000000,331.665042,0.000000,230.640669
11550,6640.441128,0.000000,55.000000,331.163649,0.000000,222.618384
11551,6640.441128,0.000000,55.000000,330.662256,0.000000,214.596100
11552,6640.441128,0.000000,55.000000,330.160864,0.000000,206.573816
11553,6640.441128,0.000000,55.000000,329.659471,0.000000,198.551532
11554,6640.441128,0.000000,55.000000,329.158078,0.000000,190.529248
11555,6640.441128,0.000000,55.000000,328.656685,0.000000,182.506964
11556,6640.441128,0.000000,55.000000,328.155292,0.000000,174.484680
11557,6640.441128,0.000000,55.000000,327.653900,0.000000,166.462396
11558,6640.441128,0.000000,55.000000,327.152507,0.000000,158.440111
11559,6640.441128,0.000000,55.000000,326.651114,0.000000,150.417827
11560,6640.441128,0.000000,55.000000,326.149721,0.000000,142.395543
11561,6640.441128,0.000000,55.000000,325.648329,0.000000,134.373259
11562,6640.441128,0.000000,55.000000,325.146936,0.000000,126.350975
11563,6640.441128,0.000000,55.000000,324.645543,0.000000,118.328691
11564,6640.441128,0.000000,55.000000,324.144150,0.000000,110.306407
11565,6640.441128,0.000000,55.000000,323.642758,0.000000,102.284123
11566,6640.441128,0.000000,55.000000,323.141365,0.000000,94.261838
11567,6640.441128,0.000000,55.000000,322.639972,0.000000,86.239554
11568,6640.441128,0.000000,55.000000,322.138579,0.000000,78.217270
11569,6640.441128,0.000000,55.000000,321.637187,0.000000,70.194986
11570,6640.441128,0.000000,55.000000,321.135794,0.000000,62.172702
11571,6640.441128,0.000000,55.000000,320.634401,0.000000,54.150418
11572,6640.441128,0.000000,55.000000,320.133008,0.000000,46.128134
11573,6640.441128,0.000000,55.000000,319.631616,0.000000,38.105850
11574,6640.441128,0.000000,55.000000,319.130223,0.000000,30.083565
11575,6640.441128,0.000000,55.000000,318.628830,0.000000,22.061281
11576,6640.441128,0.000000,55.000000,318.127437,0.000000,14.038997
11577,6640.441128,0.000000,55.000000,317.626045,0.000000,6.016713
11578,6640.441128,0.000000,55.000000,317.124652,0.000000,357.994429
11579,6640.441128,0.000000,55.000000,316.623259,0.000000,349.972145
11580,6640.441128,0.000000,55.000000,316.121866,0.000000,341.949861
11581,6640.441128,0.000000,55.000000,315.620474,0.000000,333.927577
11582,6640.441128,0.000000,55.000000,315.119081,0.000000,325.905292
11583,6640.441128,0.000000,55.000000,314.617688,0.000000,317.883008
11584,6640.441128,0.000000,55.000000,314.116295,0.000000,309.860724
11585,6640.441128,0.000000,55.000000,313.614903,0.000000,301.838440
11586,6640.441128,0.000000,55.000000,313.113510,0.000000,293.816156
11587,6640.441128,0.000000,55.000000,312.612117,0.000000,285.793872
11588,6640.441128,0.000000,55.000000,312.110724,0.000000,277.771588
11589,6640.441128,0.000000,55.000000,311.609331,0.000000,269.749304
11590,6640.441128,0.000000,55.000000,311.107939,0.000000,261.727019
11591,6640.441128,0.000000,55.000000,310.606546,0.000000,253.704735
11592,6640.441128,0.000000,55.000000,310.105153,0.000000,245.682451
11593,6640.441128,0.000000,55.000000,309.603760,0.000000,237.660167
11594,6640.441128,0.000000,55.000000,309.102368,0.000000,229.637883
11595,6640.441128,0.000000,55.000000,308.600975,0.000000,221.615599
11596,6640.441128,0.000000,55.000000,308.099582,0.000000,213.593315
11597,6640.441128,0.000000,55.000000,307.598189,0.000000,205.571031
11598,6640.441128,0.000000,55.000000,307.096797,0.000000,197.548747
11599,6640.441128,0.000000,55.000000,306.595404,0.000000,189.526462
11600,6640.441128,0.000000,55.000000,306.094011,0.000000,181.504178
11601,6640.441128,0.000000,55.000000,305.592618,0.000000,173.481894
11602,6640.441128,0.000000,55.000000,305.091226,0.000000,165.459610
11603,6640.441128,0.000000,55.000000,304.589833,0.000000,157.437326
11604,6640.441128,0.000000,55.000000,304.088440,0.000000,149.415042
11605,6640.441128,0.000000,55.000000,303.587047,0.000000,141.392758
11606,6640.441128,0.000000,55.000000,303.085655,0.000000,133.370474
11607,6640.441128,0.000000,55.000000,302.584262,0.000000,125.348189
11608,6640.441128,0.000000,55.000000,302.082869,0.000000,117.325905
11609,6640.441128,0.000000,55.000000,301.581476,0.000000,109.303621
11610,6640.441128,0.000000,55.000000,301.080084,0.000000,101.281337
11611,6640.441128,0.000000,55.000000,300.578691,0.000000,93.259053
11612,6640.441128,0.000000,55.000000,300.077298,0.000000,85.236769
11613,6640.441128,0.000000,55.000000,299.575905,0.000000,77.214485
11614,6640.441128,0.000000,55.000000,299.074513,0.000000,69.192201
11615,6640.441128,0.000000,55.000000,298.573120,0.000000,61.169916
11616,6640.441128,0.000000,55.000000,298.071727,0.000000,53.147632
11617,6640.441128,0.000000,55.000000,297.570334,0.000000,45.125348
11618,6640.441128,0.000000,55.000000,297.068942,0.000000,37.103064
11619,6640.441128,0.000000,55.000000,296.567549,0.000000,29.080780
11620,6640.441128,0.000000,55.000000,296.066156,0.000000,21.058496
11621,6640.441128,0.000000,55.000000,295.564763,0.000000,13.036212
11622,6640.441128,0.000000,55.000000,295.063370,0.000000,5.013928
11623,6640.441128,0.000000,55.000000,294.561978,0.000000,356.991643
11624,6640.441128,0.000000,55.000000,294.060585,0.000000,348.969359
11625,6640.441128,0.000000,55.000000,293.559192,0.000000,340.947075
11626,6640.441128,0.000000,55.000000,293.057799,0.000000,332.924791
11627,6640.441128,0.000000,55.000000,292.556407,0.000000,324.902507
11628,6640.441128,0.000000,55.000000,292.055014,0.000000,316.880223
11629,6640.441128,0.000000,55.000000,291.553621,0.000000,308.857939
11630,6640.441128,0.000000,55.000000,291.052228,0.000000,300.835655
11631,6640.441128,0.000000,55.000000,290.550836,0.000000,292.813370
11632,6640.441128,0.000000,55.000000,290.049443,0.000000,284.791086
11634,6640.441128,0.000000,55.000000,289.046657,0.000000,268.746518
11635,6640.441128,0.000000,55.000000,288.545265,0.000000,260.724234
11636,6640.441128,0.000000,55.000000,288.043872,0.000000,252.701950
11637,6640.441128,0.000000,55.000000,287.542479,0.000000,244.679666
11638,6640.441128,0.000000,55.000000,287.041086,0.000000,236.657382
11639,6640.441128,0.000000,55.000000,286.539694,0.000000,228.635097
11640,6640.441128,0.000000,55.000000,286.038301,0.000000,220.612813
11641,6640.441128,0.000000,55.000000,285.536908,0.000000,212.590529
11642,6640.441128,0.000000,55.000000,285.035515,0.000000,204.568245
11643,6640.441128,0.000000,55.000000,284.534123,0.000000,196.545961
11644,6640.441128,0.000000,55.000000,284.032730,0.000000,188.523677
11645,6640.441128,0.000000,55.000000,283.531337,0.000000,180.501393
11646,6640.441128,0.000000,55.000000,283.029944,0.000000,172.479109
11647,6640.441128,0.000000,55.000000,282.528552,0.000000,164.456825
11648,6640.441128,0.000000,55.000000,282.027159,0.000000,156.434540
11649,6640.441128,0.000000,55.000000,281.525766,0.000000,148.412256
11650,6640.441128,0.000000,55.000000,281.024373,0.000000,140.389972
11651,6640.441128,0.000000,55.000000,280.522981,0.000000,132.367688
11652,6640.441128,0.000000,55.000000,280.021588,0.000000,124.345404
11653,6640.441128,0.000000,55.000000,279.520195,0.000000,116.323120
11654,6640.441128,0.000000,55.000000,279.018802,0.000000,108.300836
11655,6640.441128,0.000000,55.000000,278.517409,0.000000,100.278552
11656,6640.441128,0.000000,55.000000,278.016017,0.000000,92.256267
11657,6640.441128,0.000000,55.000000,277.514624,0.000000,84.233983
11658,6640.441128,0.000000,55.000000,277.013231,0.000000,76.211699
11659,6640.441128,0.000000,55.000000,276.511838,0.000000,68.189415
11660,6640.441128,0.000000,55.000000,276.010446,0.000000,60.167131
11661,6640.441128,0.000000,55.000000,275.509053,0.000000,52.144847
11662,6640.441128,0.000000,55.000000,275.007660,0.000000,44.122563
11663,6640.441128,0.000000,55.000000,274.506267,0.000000,36.100279
11664,6640.441128,0.000000,55.000000,274.004875,0.000000,28.077994
11665,6640.441128,0.000000,55.000000,273.503482,0.000000,20.055710
11666,6640.441128,0.000000,55.000000,273.002089,0.000000,12.033426
11667,6640.441128,0.000000,55.000000,272.500696,0.000000,4.011142
11668,6640.441128,0.000000,55.000000,271.999304,0.000000,355.988858
11669,6640.441128,0.000000,55.000000,271.497911,0.000000,347.966574
11670,6640.441128,0.000000,55.000000,270.996518,0.000000,339.944290
11671,6640.441128,0.000000,55.000000,270.495125,0.000000,331.922006
11672,6640.441128,0.000000,55.000000,269.993733,0.000000,323.899721
11673,6640.441128,0.000000,55.000000,269.492340,0.000000,315.877437
11674,6640.441128,0.000000,55.000000,268.990947,0.000000,307.855153
11675,6640.441128,0.000000,55.000000,268.489554,0.000000,299.832869
11676,6640.441128,0.000000,55.000000,267.988162,0.000000,291.810585
11677,6640.441128,0.000000,55.000000,267.486769,0.000000,283.788301
11678,6640.441128,0.000000,55.000000,266.985376,0.000000,275.766017
11679,6640.441128,0.000000,55.000000,266.483983,0.000000,267.743733
11680,6640.441128,0.000000,55.000000,265.982591,0.000000,259.721448
11681,6640.441128,0.000000,55.000000,265.481198,0.000000,251.699164
11682,6640.441128,0.000000,55.000000,264.979805,0.000000,243.676880
11683,6640.441128,0.000000,55.000000,264.478412,0.000000,235.654596
11684,6640.441128,0.000000,55.000000,263.977019,0.000000,227.632312
11685,6640.441128,0.000000,55.000000,263.475627,0.000000,219.610028
11686,6640.441128,0.000000,55.000000,262.974234,0.000000,211.587744
11687,6640.441128,0.000000,55.000000,262.472841,0.000000,203.565460
11688,6640.441128,0.000000,55.000000,261.971448,0.000000,195.543175
11689,6640.441128,0.000000,55.000000,261.470056,0.000000,187.520891
11690,6640.441128,0.000000,55.000000,260.968663,0.000000,179.498607
11691,6640.441128,0.000000,55.000000,260.467270,0.000000,171.476323
11692,6640.441128,0.000000,55.000000,259.965877,0.000000,163.454039
11693,6640.441128,0.000000,55.000000,259.464485,0.000000,155.431755
11694,6640.441128,0.000000,55.000000,258.963092,0.000000,147.409471
11695,6640.441128,0.000000,55.000000,258.461699,0.000000,139.387187
11696,6640.441128,0.000000,55.000000,257.960306,0.000000,131.364903
11697,6640.441128,0.000000,55.000000,257.458914,0.000000,123.342618
11698,6640.441128,0.000000,55.000000,256.957521,0.000000,115.320334
11699,6640.441128,0.000000,55.000000,256.456128,0.000000,107.298050
11700,6640.441128,0.000000,55.000000,255.954735,0.000000,99.275766
11701,6640.441128,0.000000,55.000000,255.453343,0.000000,91.253482
11702,6640.441128,0.000000,55.000000,254.951950,0.000000,83.231198
11703,6640.441128,0.000000,55.000000,254.450557,0.000000,75.208914
11704,6640.441128,0.000000,55.000000,253.949164,0.000000,67.186630
11705,6640.441128,0.000000,55.000000,253.447772,0.000000,59.164345
11706,6640.441128,0.000000,55.000000,252.946379,0.000000,51.142061
11707,6640.441128,0.000000,55.000000,252.444986,0.000000,43.119777
11708,6640.441128,0.000000,55.000000,251.943593,0.000000,35.097493
11709,6640.441128,0.000000,55.000000,251.442201,0.000000,27.075209
11710,6640.441128,0.000000,55.000000,250.940808,0.000000,19.052925
11711,6640.441128,0.000000,55.000000,250.439415,0.000000,11.030641
11712,6640.441128,0.000000,55.000000,249.938022,0.000000,3.008357
11713,6640.441128,0.000000,55.000000,249.436630,0.000000,354.986072
11714,6640.441128,0.000000,55.000000,248.935237,0.000000,346.963788
11715,6640.441128,0.000000,55.000000,248.433844,0.000000,338.941504
11716,6640.441128,0.000000,55.000000,247.932451,0.000000,330.919220
11717,6640.441128,0.000000,55.000000,247.431058,0.000000,322.896936
11718,6640.441128,0.000000,55.000000,246.929666,0.000000,314.874652
11719,6640.441128,0.000000,55.000000,246.428273,0.000000,306.852368
11720,6640.441128,0.000000,55.000000,245.926880,0.000000,298.830084
11721,6640.441128,0.000000,55.000000,245.425487,0.000000,290.807799
11722,6640.441128,0.000000,55.000000,244.924095,0.000000,282.785515
11723,6640.441128,0.000000,55.000000,244.422702,0.000000,274.763231
11724,6640.441128,0.000000,55.000000,243.921309,0.000000,266.740947
11725,6640.441128,0.000000,55.000000,243.419916,0.000000,258.718663
11726,6640.441128,0.000000,55.000000,242.918524,0.000000,250.696379
11727,6640.441128,0.000000,55.000000,242.417131,0.000000,242.674095
11728,6640.441128,0.000000,55.000000,241.915738,0.000000,234.651811
11729,6640.441128,0.000000,55.000000,241.414345,0.000000,226.629526
11730,6640.441128,0.000000,55.000000,240.912953,0.000000,218.607242
11731,6640.441128,0.000000,55.000000,240.411560,0.000000,210.584958
11732,6640.441128,0.000000,55.000000,239.910167,0.000000,202.562674
11733,6640.441128,0.000000,55.000000,239.408774,0.000000,194.540390
11734,6640.441128,0.000000,55.000000,238.907382,0.000000,186.518106
11735,6640.441128,0.000000,55.000000,238.405989,0.000000,178.495822
11736,6640.441128,0.000000,55.000000,237.904596,0.000000,170.473538
11737,6640.441128,0.000000,55.000000,237.403203,0.000000,162.451253
11738,6640.441128,0.000000,55.000000,236.901811,0.000000,154.428969
11739,6640.441128,0.000000,55.000000,236.400418,0.000000,146.406685
11740,6640.441128,0.000000,55.000000,235.899025,0.000000,138.384401
11741,6640.441128,0.000000,55.000000,235.397632,0.000000,130.362117
11742,6640.441128,0.000000,55.000000,234.896240,0.000000,122.339833
11743,6640.441128,0.000000,55.000000,234.394847,0.000000,114.317549
11744,6640.441128,0.000000,55.000000,233.893454,0.000000,106.295265
11745,6640.441128,0.000000,55.000000,233.392061,0.000000,98.272981
11746,6640.441128,0.000000,55.000000,232.890669,0.000000,90.250696
11747,6640.441128,0.000000,55.000000,232.389276,0.000000,82.228412
11748,6640.441128,0.000000,55.000000,231.887883,0.000000,74.206128
11749,6640.441128,0.000000,55.000000,231.386490,0.000000,66.183844
11750,6640.441128,0.000000,55.000000,230.885097,0.000000,58.161560
11751,6640.441128,0.000000,55.000000,230.383705,0.000000,50.139276
11752,6640.441128,0.000000,55.000000,229.882312,0.000000,42.116992
11753,6640.441128,0.000000,55.000000,229.380919,0.000000,34.094708
11754,6640.441128,0.000000,55.000000,228.879526,0.000000,26.072423
11755,6640.441128,0.000000,55.000000,228.378134,0.000000,18.050139
11756,6640.441128,0.000000,55.000000,227.876741,0.000000,10.027855
11757,6640.441128,0.000000,55.000000,227.375348,0.000000,2.005571
11758,6640.441128,0.000000,55.000000,226.873955,0.000000,353.983287
11759,6640.441128,0.000000,55.000000,226.372563,0.000000,345.961003
11760,6640.441128,0.000000,55.000000,225.871170,0.000000,337.938719
11761,6640.441128,0.000000,55.000000,225.369777,0.000000,329.916435
11762,6640.441128,0.000000,55.000000,224.868384,0.000000,321.894150
11763,6640.441128,0.000000,55.000000,224.366992,0.000000,313.871866
11764,6640.441128,0.000000,55.000000,223.865599,0.000000,305.849582
11765,6640.441128,0.000000,55.000000,223.364206,0.000000,297.827298
11766,6640.441128,0.000000,55.000000,222.862813,0.000000,289.805014
11767,6640.441128,0.000000,55.000000,222.361421,0.000000,281.782730
11768,6640.441128,0.000000,55.000000,221.860028,0.000000,273.760446
11769,6640.441128,0.000000,55.000000,221.358635,0.000000,265.738162
11770,6640.441128,0.000000,55.000000,220.857242,0.000000,257.715877
11771,6640.441128,0.000000,55.000000,220.355850,0.000000,249.693593
11772,6640.441128,0.000000,55.000000,219.854457,0.000000,241.671309
11773,6640.441128,0.000000,55.000000,219.353064,0.000000,233.649025
11774,6640.441128,0.000000,55.000000,218.851671,0.000000,225.626741
11775,6640.441128,0.000000,55.000000,218.350279,0.000000,217.604457
11776,6640.441128,0.000000,55.000000,217.848886,0.000000,209.582173
11777,6640.441128,0.000000,55.000000,217.347493,0.000000,201.559889
11778,6640.441128,0.000000,55.000000,216.846100,0.000000,193.537604
11779,6640.441128,0.000000,55.000000,216.344708,0.000000,185.515320
11780,6640.441128,0.000000,55.000000,215.843315,0.000000,177.493036
11781,6640.441128,0.000000,55.000000,215.341922,0.000000,169.470752
11782,6640.441128,0.000000,55.000000,214.840529,0.000000,161.448468
11783,6640.441128,0.000000,55.000000,214.339136,0.000000,153.426184
11784,6640.441128,0.000000,55.000000,213.837744,0.000000,145.403900
11785,6640.441128,0.000000,55.000000,213.336351,0.000000,137.381616
11786,6640.441128,0.000000,55.000000,212.834958,0.000000,129.359331
11787,6640.441128,0.000000,55.000000,212.333565,0.000000,121.337047
11788,6640.441128,0.000000,55.000000,211.832173,0.000000,113.314763
11789,6640.441128,0.000000,55.000000,211.330780,0.000000,105.292479
11790,6640.441128,0.000000,55.000000,210.829387,0.000000,97.270195
11791,6640.441128,0.000000,55.000000,210.327994,0.000000,89.247911
11792,6640.441128,0.000000,55.000000,209.826602,0.000000,81.225627
11793,6640.441128,0.000000,55.000000,209.325209,0.000000,73.203343
11794,6640.441128,0.000000,55.000000,208.823816,0.000000,65.181058
11795,6640.441128,0.000000,55.000000,208.322423,0.000000,57.158774
11796,6640.441128,0.000000,55.000000,207.821031,0.000000,49.136490
11797,6640.441128,0.000000,55.000000,207.319638,0.000000,41.114206
11798,6640.441128,0.000000,55.000000,206.818245,0.000000,33.091922
11799,6640.441128,0.000000,55.000000,206.316852,0.000000,25.069638
11800,6640.441128,0.000000,55.000000,205.815460,0.000000,17.047354
11801,6640.441128,0.000000,55.000000,205.314067,0.000000,9.025070
11802,6640.441128,0.000000,55.000000,204.812674,0.000000,1.002786
11803,6640.441128,0.000000,55.000000,204.311281,0.000000,352.980501
11804,6640.441128,0.000000,55.000000,203.809889,0.000000,344.958217
11805,6640.441128,0.000000,55.000000,203.308496,0.000000,336.935933
11806,6640.441128,0.000000,55.000000,202.807103,0.000000,328.913649
11807,6640.441128,0.000000,55.000000,202.305710,0.000000,320.891365
11808,6640.441128,0.000000,55.000000,201.804318,0.000000,312.869081
11809,6640.441128,0.000000,55.000000,201.302925,0.000000,304.846797
11810,6640.441128,0.000000,55.000000,200.801532,0.000000,296.824513
11811,6640.441128,0.000000,55.000000,200.300139,0.000000,288.802228
11812,6640.441128,0.000000,55.000000,199.798747,0.000000,280.779944
11813,6640.441128,0.000000,55.000000,199.297354,0.000000,272.757660
11814,6640.441128,0.000000,55.000000,198.795961,0.000000,264.735376
11815,6640.441128,0.000000,55.000000,198.294568,0.000000,256.713092
11816,6640.441128,0.000000,55.000000,197.793175,0.000000,248.690808
11817,6640.441128,0.000000,55.000000,197.291783,0.000000,240.668524
11818,6640.441128,0.000000,55.000000,196.790390,0.000000,232.646240
11819,6640.441128,0.000000,55.000000,196.288997,0.000000,224.623955
11820,6640.441128,0.000000,55.000000,195.787604,0.000000,216.601671
11821,6640.441128,0.000000,55.000000,195.286212,0.000000,208.579387
11822,6640.441128,0.000000,55.000000,194.784819,0.000000,200.557103
11823,6640.441128,0.000000,55.000000,194.283426,0.000000,192.534819
11824,6640.441128,0.000000,55.000000,193.782033,0.000000,184.512535
11825,6640.441128,0.000000,55.000000,193.280641,0.000000,176.490251
11826,6640.441128,0.000000,55.000000,192.779248,0.000000,168.467967
11827,6640.441128,0.000000,55.000000,192.277855,0.000000,160.445682
11828,6640.441128,0.000000,55.000000,191.776462,0.000000,152.423398
11829,6640.441128,0.000000,55.000000,191.275070,0.000000,144.401114
11830,6640.441128,0.000000,55.000000,190.773677,0.000000,136.378830
11831,6640.441128,0.000000,55.000000,190.272284,0.000000,128.356546
11832,6640.441128,0.000000,55.000000,189.770891,0.000000,120.334262
11833,6640.441128,0.000000,55.000000,189.269499,0.000000,112.311978
11834,6640.441128,0.000000,55.000000,188.768106,0.000000,104.289694
11835,6640.441128,0.000000,55.000000,188.266713,0.000000,96.267409
11836,6640.441128,0.000000,55.000000,187.765320,0.000000,88.245125
11837,6640.441128,0.000000,55.000000,187.263928,0.000000,80.222841
11838,6640.441128,0.000000,55.000000,186.762535,0.000000,72.200557
11839,6640.441128,0.000000,55.000000,186.261142,0.000000,64.178273
11840,6640.441128,0.000000,55.000000,185.759749,0.000000,56.155989
11841,6640.441128,0.000000,55.000000,185.258357,0.000000,48.133705
11842,6640.441128,0.000000,55.000000,184.756964,0.000000,40.111421
11843,6640.441128,0.000000,55.000000,184.255571,0.000000,32.089136
11844,6640.441128,0.000000,55.000000,183.754178,0.000000,24.066852
11845,6640.441128,0.000000,55.000000,183.252786,0.000000,16.044568
11846,6640.441128,0.000000,55.000000,182.751393,0.000000,8.022284
11847,6640.441128,0.000000,55.000000,182.250000,0.000000,360.000000
11848,6640.441128,0.000000,55.000000,181.748607,0.000000,351.977716
11849,6640.441128,0.000000,55.000000,181.247214,0.000000,343.955432
11850,6640.441128,0.000000,55.000000,180.745822,0.000000,335.933148
11851,6640.441128,0.000000,55.000000,180.244429,0.000000,327.910864
11852,6640.441128,0.000000,55.000000,179.743036,0.000000,319.888579
11853,6640.441128,0.000000,55.000000,179.241643,0.000000,311.866295
11854,6640.441128,0.000000,55.000000,178.740251,0.000000,303.844011
11855,6640.441128,0.000000,55.000000,178.238858,0.000000,295.821727
11856,6640.441128,0.000000,55.000000,177.737465,0.000000,287.799443
11857,6640.441128,0.000000,55.000000,177.236072,0.000000,279.777159
11858,6640.441128,0.000000,55.000000,176.734680,0.000000,271.754875
11859,6640.441128,0.000000,55.000000,176.233287,0.000000,263.732591
11860,6640.441128,0.000000,55.000000,175.731894,0.000000,255.710306
11861,6640.441128,0.000000,55.000000,175.230501,0.000000,247.688022
11862,6640.441128,0.000000,55.000000,174.729109,0.000000,239.665738
11863,6640.441128,0.000000,55.000000,174.227716,0.000000,231.643454
11864,6640.441128,0.000000,55.000000,173.726323,0.000000,223.621170
11865,6640.441128,0.000000,55.000000,173.224930,0.000000,215.598886
11866,6640.441128,0.000000,55.000000,172.723538,0.000000,207.576602
11867,6640.441128,0.000000,55.000000,172.222145,0.000000,199.554318
11868,6640.441128,0.000000,55.000000,171.720752,0.000000,191.532033
11869,6640.441128,0.000000,55.000000,171.219359,0.000000,183.509749
11870,6640.441128,0.000000,55.000000,170.717967,0.000000,175.487465
11871,6640.441128,0.000000,55.000000,170.216574,0.000000,167.465181
11872,6640.441128,0.000000,55.000000,169.715181,0.000000,159.442897
11873,6640.441128,0.000000,55.000000,169.213788,0.000000,151.420613
11874,6640.441128,0.000000,55.000000,168.712396,0.000000,143.398329
11875,6640.441128,0.000000,55.000000,168.211003,0.000000,135.376045
11876,6640.441128,0.000000,55.000000,167.709610,0.000000,127.353760
11877,6640.441128,0.000000,55.000000,167.208217,0.000000,119.331476
11878,6640.441128,0.000000,55.000000,166.706825,0.000000,111.309192
11879,6640.441128,0.000000,55.000000,166.205432,0.000000,103.286908
11880,6640.441128,0.000000,55.000000,165.704039,0.000000,95.264624
11881,6640.441128,0.000000,55.000000,165.202646,0.000000,87.242340
11882,6640.441128,0.000000,55.000000,164.701253,0.000000,79.220056
11883,6640.441128,0.000000,55.000000,164.199861,0.000000,71.197772
11884,6640.441128,0.000000,55.000000,163.698468,0.000000,63.175487
11885,6640.441128,0.000000,55.000000,163.197075,0.000000,55.153203
11886,6640.441128,0.000000,55.000000,162.695682,0.000000,47.130919
11887,6640.441128,0.000000,55.000000,162.194290,0.000000,39.108635
11888,6640.441128,0.000000,55.000000,161.692897,0.000000,31.086351
11889,6640.441128,0.000000,55.000000,161.191504,0.000000,23.064067
11890,6640.441128,0.000000,55.000000,160.690111,0.000000,15.041783
11891,6640.441128,0.000000,55.000000,160.188719,0.000000,7.019499
11892,6640.441128,0.000000,55.000000,159.687326,0.000000,358.997214
11893,6640.441128,0.000000,55.000000,159.185933,0.000000,350.974930
11894,6640.441128,0.000000,55.000000,158.684540,0.000000,342.952646
11895,6640.441128,0.000000,55.000000,158.183148,0.000000,334.930362
11896,6640.441128,0.000000,55.000000,157.681755,0.000000,326.908078
11897,6640.441128,0.000000,55.000000,157.180362,0.000000,318.885794
11898,6640.441128,0.000000,55.000000,156.678969,0.000000,310.863510
11899,6640.441128,0.000000,55.000000,156.177577,0.000000,302.841226
11900,6640.441128,0.000000,55.000000,155.676184,0.000000,294.818942
11901,6640.441128,0.000000,55.000000,155.174791,0.000000,286.796657
11902,6640.441128,0.000000,55.000000,154.673398,0.000000,278.774373
11903,6640.441128,0.000000,55.000000,154.172006,0.000000,270.752089
11904,6640.441128,0.000000,55.000000,153.670613,0.000000,262.729805
11905,6640.441128,0.000000,55.000000,153.169220,0.000000,254.707521
11906,6640.441128,0.000000,55.000000,152.667827,0.000000,246.685237
11907,6640.441128,0.000000,55.000000,152.166435,0.000000,238.662953
11908,6640.441128,0.000000,55.000000,151.665042,0.000000,230.640669
11909,6640.441128,0.000000,55.000000,151.163649,0.000000,222.618384
11910,6640.441128,0.000000,55.000000,150.662256,0.000000,214.596100
11911,6640.441128,0.000000,55.000000,150.160864,0.000000,206.573816
11912,6640.441128,0.000000,55.000000,149.659471,0.000000,198.551532
11913,6640.441128,0.000000,55.000000,149.158078,0.000000,190.529248
11914,6640.441128,0.000000,55.000000,148.656685,0.000000,182.506964
11915,6640.441128,0.000000,55.000000,148.155292,0.000000,174.484680
11916,6640.441128,0.000000,55.000000,147.653900,0.000000,166.462396
11917,6640.441128,0.000000,55.000000,147.152507,0.000000,158.440111
11918,6640.441128,0.000000,55.000000,146.651114,0.000000,150.417827
11919,6640.441128,0.000000,55.000000,146.149721,0.000000,142.395543
11920,6640.441128,0.000000,55.000000,145.648329,0.000000,134.373259
11921,6640.441128,0.000000,55.000000,145.146936,0.000000,126.350975
11922,6640.441128,0.000000,55.000000,144.645543,0.000000,118.328691
11923,6640.441128,0.000000,55.000000,144.144150,0.000000,110.306407
11924,6640.441128,0.000000,55.000000,143.642758,0.000000,102.284123
11925,6640.441128,0.000000,55.000000,143.141365,0.000000,94.261838
11926,6640.441128,0.000000,55.000000,142.639972,0.000000,86.239554
11927,6640.441128,0.000000,55.000000,142.138579,0.000000,78.217270
11928,6640.441128,0.000000,55.000000,141.637187,0.000000,70.194986
11929,6640.441128,0.000000,55.000000,141.135794,0.000000,62.172702
11930,6640.441128,0.000000,55.000000,140.634401,0.000000,54.150418
11931,6640.441128,0.000000,55.000000,140.133008,0.000000,46.128134
11932,6640.441128,0.000000,55.000000,139.631616,0.000000,38.105850
11933,6640.441128,0.000000,55.000000,139.130223,0.000000,30.083565
11934,6640.441128,0.000000,55.000000,138.628830,0.000000,22.061281
11935,6640.441128,0.000000,55.000000,138.127437,0.000000,14.038997
11936,6640.441128,0.000000,55.000000,137.626045,0.000000,6.016713
11937,6640.441128,0.000000,55.000000,137.124652,0.000000,357.994429
11938,6640.441128,0.000000,55.000000,136.623259,0.000000,349.972145
11939,6640.441128,0.000000,55.000000,136.121866,0.000000,341.949861
11940,6640.441128,0.000000,55.000000,135.620474,0.000000,333.927577
11941,6640.441128,0.000000,55.000000,135.119081,0.000000,325.905292
11942,6640.441128,0.000000,55.000000,134.617688,0.000000,317.883008
11943,6640.441128,0.000000,55.000000,134.116295,0.000000,309.860724
11944,6640.441128,0.000000,55.000000,133.614903,0.000000,301.838440
11945,6640.441128,0.000000,55.000000,133.113510,0.000000,293.816156
11946,6640.441128,0.000000,55.000000,132.612117,0.000000,285.793872
11947,6640.441128,0.000000,55.000000,132.110724,0.000000,277.771588
11948,6640.441128,0.000000,55.000000,131.609331,0.000000,269.749304
11949,6640.441128,0.000000,55.000000,131.107939,0.000000,261.727019
11950,6640.441128,0.000000,55.000000,130.606546,0.000000,253.704735
11951,6640.441128,0.000000,55.000000,130.105153,0.000000,245.682451
11952,6640.441128,0.000000,55.000000,129.603760,0.000000,237.660167
11953,6640.441128,0.000000,55.000000,129.102368,0.000000,229.637883
11954,6640.441128,0.000000,55.000000,128.600975,0.000000,221.615599
11955,6640.441128,0.000000,55.000000,128.099582,0.000000,213.593315
11956,6640.441128,0.000000,55.000000,127.598189,0.000000,205.571031
11957,6640.441128,0.000000,55.000000,127.096797,0.000000,197.548747
11958,6640.441128,0.000000,55.000000,126.595404,0.000000,189.526462
11959,6640.441128,0.000000,55.000000,126.094011,0.000000,181.504178
11960,6640.441128,0.000000,55.000000,125.592618,0.000000,173.481894
11961,6640.441128,0.000000,55.000000,125.091226,0.000000,165.459610
11962,6640.441128,0.000000,55.000000,124.589833,0.000000,157.437326
11963,6640.441128,0.000000,55.000000,124.088440,0.000000,149.415042
11964,6640.441128,0.000000,55.000000,123.587047,0.000000,141.392758
11965,6640.441128,0.000000,55.000000,123.085655,0.000000,133.370474
11966,6640.441128,0.000000,55.000000,122.584262,0.000000,125.348189
11968,6640.441128,0.000000,55.000000,121.581476,0.000000,109.303621
11969,6640.441128,0.000000,55.000000,121.080084,0.000000,101.281337
11970,6640.441128,0.000000,55.000000,120.578691,0.000000,93.259053
11971,6640.441128,0.000000,55.000000,120.077298,0.000000,85.236769
11972,6640.441128,0.000000,55.000000,119.575905,0.000000,77.214485
11973,6640.441128,0.000000,55.000000,119.074513,0.000000,69.192201
11974,6640.441128,0.000000,55.000000,118.573120,0.000000,61.169916
11975,6640.441128,0.000000,55.000000,118.071727,0.000000,53.147632
11976,6640.441128,0.000000,55.000000,117.570334,0.000000,45.125348
11977,6640.441128,0.000000,55.000000,117.068942,0.000000,37.103064
11978,6640.441128,0.000000,55.000000,116.567549,0.000000,29.080780
11979,6640.441128,0.000000,55.000000,116.066156,0.000000,21.058496
11980,6640.441128,0.000000,55.000000,115.564763,0.000000,13.036212
11981,6640.441128,0.000000,55.000000,115.063370,0.000000,5.013928
11982,6640.441128,0.000000,55.000000,114.561978,0.000000,356.991643
11983,6640.441128,0.000000,55.000000,114.060585,0.000000,348.969359
11984,6640.441128,0.000000,55.000000,113.559192,0.000000,340.947075
11985,6640.441128,0.000000,55.000000,113.057799,0.000000,332.924791
11986,6640.441128,0.000000,55.000000,112.556407,0.000000,324.902507
11987,6640.441128,0.000000,55.000000,112.055014,0.000000,316.880223
11988,6640.441128,0.000000,55.000000,111.553621,0.000000,308.857939
11989,6640.441128,0.000000,55.000000,111.052228,0.000000,300.835655
11990,6640.441128,0.000000,55.000000,110.550836,0.000000,292.813370
11991,6640.441128,0.000000,55.000000,110.049443,0.000000,284.791086
11992,6640.441128,0.000000,55.000000,109.548050,0.000000,276.768802
11993,6640.441128,0.000000,55.000000,109.046657,0.000000,268.746518
11994,6640.441128,0.000000,55.000000,108.545265,0.000000,260.724234
11995,6640.441128,0.000000,55.000000,108.043872,0.000000,252.701950
11996,6640.441128,0.000000,55.000000,107.542479,0.000000,244.679666
11997,6640.441128,0.000000,55.000000,107.041086,0.000000,236.657382
11998,6640.441128,0.000000,55.000000,106.539694,0.000000,228.635097
11999,6640.441128,0.000000,55.000000,106.038301,0.000000,220.612813
12000,6640.441128,0.000000,55.000000,105.536908,0.000000,212.590529
12001,6640.441128,0.000000,55.000000,105.035515,0.000000,204.568245
12002,6640.441128,0.000000,55.000000,104.534123,0.000000,196.545961
12003,6640.441128,0.000000,55.000000,104.032730,0.000000,188.523677
12004,6640.441128,0.000000,55.000000,103.531337,0.000000,180.501393
12005,6640.441128,0.000000,55.000000,103.029944,0.000000,172.479109
12006,6640.441128,0.000000,55.000000,102.528552,0.000000,164.456825
12007,6640.441128,0.000000,55.000000,102.027159,0.000000,156.434540
12008,6640.441128,0.000000,55.000000,101.525766,0.000000,148.412256
12009,6640.441128,0.000000,55.000000,101.024373,0.000000,140.389972
12010,6640.441128,0.000000,55.000000,100.522981,0.000000,132.367688
12011,6640.441128,0.000000,55.000000,100.021588,0.000000,124.345404
12012,6640.441128,0.000000,55.000000,99.520195,0.000000,116.323120
12013,6640.441128,0.000000,55.000000,99.018802,0.000000,108.300836
12014,6640.441128,0.000000,55.000000,98.517409,0.000000,100.278552
12015,6640.441128,0.000000,55.000000,98.016017,0.000000,92.256267
12016,6640.441128,0.000000,55.000000,97.514624,0.000000,84.233983
12017,6640.441128,0.000000,55.000000,97.013231,0.000000,76.211699
12018,6640.441128,0.000000,55.000000,96.511838,0.000000,68.189415
12019,6640.441128,0.000000,55.000000,96.010446,0.000000,60.167131
12020,6640.441128,0.000000,55.000000,95.509053,0.000000,52.144847
12021,6640.441128,0.000000,55.000000,95.007660,0.000000,44.122563
12022,6640.441128,0.000000,55.000000,94.506267,0.000000,36.100279
12023,6640.441128,0.000000,55.000000,94.004875,0.000000,28.077994
12024,6640.441128,0.000000,55.000000,93.503482,0.000000,20.055710
12025,6640.441128,0.000000,55.000000,93.002089,0.000000,12.033426
12026,6640.441128,0.000000,55.000000,92.500696,0.000000,4.011142
12027,6640.441128,0.000000,55.000000,91.999304,0.000000,355.988858
12028,6640.441128,0.000000,55.000000,91.497911,0.000000,347.966574
12029,6640.441128,0.000000,55.000000,90.996518,0.000000,339.944290
12030,6640.441128,0.000000,55.000000,90.495125,0.000000,331.922006
12031,6640.441128,0.000000,55.000000,89.993733,0.000000,323.899721
12032,6640.441128,0.000000,55.000000,89.492340,0.000000,315.877437
12033,6640.441128,0.000000,55.000000,88.990947,0.000000,307.855153
12034,6640.441128,0.000000,55.000000,88.489554,0.000000,299.832869
12035,6640.441128,0.000000,55.000000,87.988162,0.000000,291.810585
12036,6640.441128,0.000000,55.000000,87.486769,0.000000,283.788301
12037,6640.441128,0.000000,55.000000,86.985376,0.000000,275.766017
12038,6640.441128,0.000000,55.000000,86.483983,0.000000,267.743733
12039,6640.441128,0.000000,55.000000,85.982591,0.000000,259.721448
12040,6640.441128,0.000000,55.000000,85.481198,0.000000,251.699164
12041,6640.441128,0.000000,55.000000,84.979805,0.000000,243.676880
12042,6640.441128,0.000000,55.000000,84.478412,0.000000,235.654596
12043,6640.441128,0.000000,55.000000,83.977019,0.000000,227.632312
12044,6640.441128,0.000000,55.000000,83.475627,0.000000,219.610028
12045,6640.441128,0.000000,55.000000,82.974234,0.000000,211.587744
12046,6640.441128,0.000000,55.000000,82.472841,0.000000,203.565460
12047,6640.441128,0.000000,55.000000,81.971448,0.000000,195.543175
12048,6640.441128,0.000000,55.000000,81.470056,0.000000,187.520891
12049,6640.441128,0.000000,55.000000,80.968663,0.000000,179.498607
12050,6640.441128,0.000000,55.000000,80.467270,0.000000,171.476323
12051,6640.441128,0.000000,55.000000,79.965877,0.000000,163.454039
12052,6640.441128,0.000000,55.000000,79.464485,0.000000,155.431755
12053,6640.441128,0.000000,55.000000,78.963092,0.000000,147.409471
12054,6640.441128,0.000000,55.000000,78.461699,0.000000,139.387187
12055,6640.441128,0.000000,55.000000,77.960306,0.000000,131.364903
12056,6640.441128,0.000000,55.000000,77.458914,0.000000,123.342618
12057,6640.441128,0.000000,55.000000,76.957521,0.000000,115.320334
12058,6640.441128,0.000000,55.000000,76.456128,0.000000,107.298050
12059,6640.441128,0.000000,55.000000,75.954735,0.000000,99.275766
12060,6640.441128,0.000000,55.000000,75.453343,0.000000,91.253482
12061,6640.441128,0.000000,55.000000,74.951950,0.000000,83.231198
12062,6640.441128,0.000000,55.000000,74.450557,0.000000,75.208914
12063,6640.441128,0.000000,55.000000,73.949164,0.000000,67.186630
12064,6640.441128,0.000000,55.000000,73.447772,0.000000,59.164345
12065,6640.441128,0.000000,55.000000,72.946379,0.000000,51.142061
12066,6640.441128,0.000000,55.000000,72.444986,0.000000,43.119777
12067,6640.441128,0.000000,55.000000,71.943593,0.000000,35.097493
12068,6640.441128,0.000000,55.000000,71.442201,0.000000,27.075209
12069,6640.441128,0.000000,55.000000,70.940808,0.000000,19.052925
12070,6640.441128,0.000000,55.000000,70.439415,0.000000,11.030641
12071,6640.441128,0.000000,55.000000,69.938022,0.000000,3.008357
12072,6640.441128,0.000000,55.000000,69.436630,0.000000,354.986072
12073,6640.441128,0.000000,55.000000,68.935237,0.000000,346.963788
12074,6640.441128,0.000000,55.000000,68.433844,0.000000,338.941504
12075,6640.441128,0.000000,55.000000,67.932451,0.000000,330.919220
12076,6640.441128,0.000000,55.000000,67.431058,0.000000,322.896936
12077,6640.441128,0.000000,55.000000,66.929666,0.000000,314.874652
12078,6640.441128,0.000000,55.000000,66.428273,0.000000,306.852368
12079,6640.441128,0.000000,55.000000,65.926880,0.000000,298.830084
12080,6640.441128,0.000000,55.000000,65.425487,0.000000,290.807799
12081,6640.441128,0.000000,55.000000,64.924095,0.000000,282.785515
12082,6640.441128,0.000000,55.000000,64.422702,0.000000,274.763231
12083,6640.441128,0.000000,55.000000,63.921309,0.000000,266.740947
12084,6640.441128,0.000000,55.000000,63.419916,0.000000,258.718663
12085,6640.441128,0.000000,55.000000,62.918524,0.000000,250.696379
12086,6640.441128,0.000000,55.000000,62.417131,0.000000,242.674095
12087,6640.441128,0.000000,55.000000,61.915738,0.000000,234.651811
12088,6640.441128,0.000000,55.000000,61.414345,0.000000,226.629526
12089,6640.441128,0.000000,55.000000,60.912953,0.000000,218.607242
12090,6640.441128,0.000000,55.000000,60.411560,0.000000,210.584958
12091,6640.441128,0.000000,55.000000,59.910167,0.000000,202.562674
12092,6640.441128,0.000000,55.000000,59.408774,0.000000,194.540390
12093,6640.441128,0.000000,55.000000,58.907382,0.000000,186.518106
12094,6640.441128,0.000000,55.000000,58.405989,0.000000,178.495822
12095,6640.441128,0.000000,55.000000,57.904596,0.000000,170.473538
12096,6640.441128,0.000000,55.000000,57.403203,0.000000,162.451253
12097,6640.441128,0.000000,55.000000,56.901811,0.000000,154.428969
12098,6640.441128,0.000000,55.000000,56.400418,0.000000,146.406685
12099,6640.441128,0.000000,55.000000,55.899025,0.000000,138.384401
12100,6640.441128,0.000000,55.000000,55.397632,0.000000,130.362117
12101,6640.441128,0.000000,55.000000,54.896240,0.000000,122.339833
12102,6640.441128,0.000000,55.000000,54.394847,0.000000,114.317549
12103,6640.441128,0.000000,55.000000,53.893454,0.000000,106.295265
12104,6640.441128,0.000000,55.000000,53.392061,0.000000,98.272981
12105,6640.441128,0.000000,55.000000,52.890669,0.000000,90.250696
12106,6640.441128,0.000000,55.000000,52.389276,0.000000,82.228412
12107,6640.441128,0.000000,55.000000,51.887883,0.000000,74.206128
12108,6640.441128,0.000000,55.000000,51.386490,0.000000,66.183844
12109,6640.441128,0.000000,55.000000,50.885097,0.000000,58.161560
12110,6640.441128,0.000000,55.000000,50.383705,0.000000,50.139276
12111,6640.441128,0.000000,55.000000,49.882312,0.000000,42.116992
12112,6640.441128,0.000000,55.000000,49.380919,0.000000,34.094708
12113,6640.441128,0.000000,55.000000,48.879526,0.000000,26.072423
12114,6640.441128,0.000000,55.000000,48.378134,0.000000,18.050139
12115,6640.441128,0.000000,55.000000,47.876741,0.000000,10.027855
12116,6640.441128,0.000000,55.000000,47.375348,0.000000,2.005571
12117,6640.441128,0.000000,55.000000,46.873955,0.000000,353.983287
12118,6640.441128,0.000000,55.000000,46.372563,0.000000,345.961003
12119,6640.441128,0.000000,55.000000,45.871170,0.000000,337.938719
12120,6640.441128,0.000000,55.000000,45.369777,0.000000,329.916435
12121,6640.441128,0.000000,55.000000,44.868384,0.000000,321.894150
12122,6640.441128,0.000000,55.000000,44.366992,0.000000,313.871866
12123,6640.441128,0.000000,55.000000,43.865599,0.000000,305.849582
12124,6640.441128,0.000000,55.000000,43.364206,0.000000,297.827298
12125,6640.441128,0.000000,55.000000,42.862813,0.000000,289.805014
12126,6640.441128,0.000000,55.000000,42.361421,0.000000,281.782730
12127,6640.441128,0.000000,55.000000,41.860028,0.000000,273.760446
12128,6640.441128,0.000000,55.000000,41.358635,0.000000,265.738162
12129,6640.441128,0.000000,55.000000,40.857242,0.000000,257.715877
12130,6640.441128,0.000000,55.000000,40.355850,0.000000,249.693593
12131,6640.441128,0.000000,55.000000,39.854457,0.000000,241.671309
12132,6640.441128,0.000000,55.000000,39.353064,0.000000,233.649025
12133,6640.441128,0.000000,55.000000,38.851671,0.000000,225.626741
12134,6640.441128,0.000000,55.000000,38.350279,0.000000,217.604457
12135,6640.441128,0.000000,55.000000,37.848886,0.000000,209.582173
12136,6640.441128,0.000000,55.000000,37.347493,0.000000,201.559889
12137,6640.441128,0.000000,55.000000,36.846100,0.000000,193.537604
12138,6640.441128,0.000000,55.000000,36.344708,0.000000,185.515320
12139,6640.441128,0.000000,55.000000,35.843315,0.000000,177.493036
12140,6640.441128,0.000000,55.000000,35.341922,0.000000,169.470752
12141,6640.441128,0.000000,55.000000,34.840529,0.000000,161.448468
12142,6640.441128,0.000000,55.000000,34.339136,0.000000,153.426184
12143,6640.441128,0.000000,55.000000,33.837744,0.000000,145.403900
12144,6640.441128,0.000000,55.000000,33.336351,0.000000,137.381616
12145,6640.441128,0.000000,55.000000,32.834958,0.000000,129.359331
12146,6640.441128,0.000000,55.000000,32.333565,0.000000,121.337047
12147,6640.441128,0.000000,55.000000,31.832173,0.000000,113.314763
12148,6640.441128,0.000000,55.000000,31.330780,0.000000,105.292479
12149,6640.441128,0.000000,55.000000,30.829387,0.000000,97.270195
12150,6640.441128,0.000000,55.000000,30.327994,0.000000,89.247911
12151,6640.441128,0.000000,55.000000,29.826602,0.000000,81.225627
12152,6640.441128,0.000000,55.000000,29.325209,0.000000,73.203343
12153,6640.441128,0.000000,55.000000,28.823816,0.000000,65.181058
12154,6640.441128,0.000000,55.000000,28.322423,0.000000,57.158774
12155,6640.441128,0.000000,55.000000,27.821031,0.000000,49.136490
12156,6640.441128,0.000000,55.000000,27.319638,0.000000,41.114206
12157,6640.441128,0.000000,55.000000,26.818245,0.000000,33.091922
12158,6640.441128,0.000000,55.000000,26.316852,0.000000,25.069638
12159,6640.441128,0.000000,55.000000,25.815460,0.000000,17.047354
12160,6640.441128,0.000000,55.000000,25.314067,0.000000,9.025070
12161,6640.441128,0.000000,55.000000,24.812674,0.000000,1.002786
12162,6640.441128,0.000000,55.000000,24.311281,0.000000,352.980501
12163,6640.441128,0.000000,55.000000,23.809889,0.000000,344.958217
12164,6640.441128,0.000000,55.000000,23.308496,0.000000,336.935933
12165,6640.441128,0.000000,55.000000,22.807103,0.000000,328.913649
12166,6640.441128,0.000000,55.000000,22.305710,0.000000,320.891365
12167,6640.441128,0.000000,55.000000,21.804318,0.000000,312.869081
12168,6640.441128,0.000000,55.000000,21.302925,0.000000,304.846797
12169,6640.441128,0.000000,55.000000,20.801532,0.000000,296.824513
12170,6640.441128,0.000000,55.000000,20.300139,0.000000,288.802228
12171,6640.441128,0.000000,55.000000,19.798747,0.000000,280.779944
12172,6640.441128,0.000000,55.000000,19.297354,0.000000,272.757660
12173,6640.441128,0.000000,55.000000,18.795961,0.000000,264.735376
12174,6640.441128,0.000000,55.000000,18.294568,0.000000,256.713092
12175,6640.441128,0.000000,55.000000,17.793175,0.000000,248.690808
12176,6640.441128,0.000000,55.000000,17.291783,0.000000,240.668524
12177,6640.441128,0.000000,55.000000,16.790390,0.000000,232.646240
12178,6640.441128,0.000000,55.000000,16.288997,0.000000,224.623955
12179,6640.441128,0.000000,55.000000,15.787604,0.000000,216.601671
12180,6640.441128,0.000000,55.000000,15.286212,0.000000,208.579387
12181,6640.441128,0.000000,55.000000,14.784819,0.000000,200.557103
12182,6640.441128,0.000000,55.000000,14.283426,0.000000,192.534819
12183,6640.441128,0.000000,55.000000,13.782033,0.000000,184.512535
12184,6640.441128,0.000000,55.000000,13.280641,0.000000,176.490251
12185,6640.441128,0.000000,55.000000,12.779248,0.000000,168.467967
12186,6640.441128,0.000000,55.000000,12.277855,0.000000,160.445682
12187,6640.441128,0.000000,55.000000,11.776462,0.000000,152.423398
12188,6640.441128,0.000000,55.000000,11.275070,0.000000,144.401114
12189,6640.441128,0.000000,55.000000,10.773677,0.000000,136.378830
12190,6640.441128,0.000000,55.000000,10.272284,0.000000,128.356546
12191,6640.441128,0.000000,55.000000,9.770891,0.000000,120.334262
12192,6640.441128,0.000000,55.000000,9.269499,0.000000,112.311978
12193,6640.441128,0.000000,55.000000,8.768106,0.000000,104.289694
12194,6640.441128,0.000000,55.000000,8.266713,0.000000,96.267409
12195,6640.441128,0.000000,55.000000,7.765320,0.000000,88.245125
12196,6640.441128,0.000000,55.000000,7.263928,0.000000,80.222841
12197,6640.441128,0.000000,55.000000,6.762535,0.000000,72.200557
12198,6640.441128,0.000000,55.000000,6.261142,0.000000,64.178273
12199,6640.441128,0.000000,55.000000,5.759749,0.000000,56.155989
12200,6640.441128,0.000000,55.000000,5.258357,0.000000,48.133705
12201,6640.441128,0.000000,55.000000,4.756964,0.000000,40.111421
12202,6640.441128,0.000000,55.000000,4.255571,0.000000,32.089136
12203,6640.441128,0.000000,55.000000,3.754178,0.000000,24.066852
12204,6640.441128,0.000000,55.000000,3.252786,0.000000,16.044568
12205,6640.441128,0.000000,55.000000,2.751393,0.000000,8.022284
12206,6640.441128,0.000000,56.000000,0.000000,0.000000,0.000000
12207,6640.441128,0.000000,56.000000,359.498607,0.000000,351.977716
12208,6640.441128,0.000000,56.000000,358.997214,0.000000,343.955432
12209,6640.441128,0.000000,56.000000,358.495822,0.000000,335.933148
12210,6640.441128,0.000000,56.000000,357.994429,0.000000,327.910864
12211,6640.441128,0.000000,56.000000,357.493036,0.000000,319.888579
12212,6640.441128,0.000000,56.000000,356.991643,0.000000,311.866295
12213,6640.441128,0.000000,56.000000,356.490251,0.000000,303.844011
12214,6640.441128,0.000000,56.000000,355.988858,0.000000,295.821727
12215,6640.441128,0.000000,56.000000,355.487465,0.000000,287.799443
12216,6640.441128,0.000000,56.000000,354.986072,0.000000,279.777159
12217,6640.441128,0.000000,56.000000,354.484680,0.000000,271.754875
12218,6640.441128,0.000000,56.000000,353.983287,0.000000,263.732591
12219,6640.441128,0.000000,56.000000,353.481894,0.000000,255.710306
12220,6640.441128,0.000000,56.000000,352.980501,0.000000,247.688022
12221,6640.441128,0.000000,56.000000,352.479109,0.000000,239.665738
12222,6640.441128,0.000000,56.000000,351.977716,0.000000,231.643454
12223,6640.441128,0.000000,56.000000,351.476323,0.000000,223.621170
12224,6640.441128,0.000000,56.000000,350.974930,0.000000,215.598886
12225,6640.441128,0.000000,56.000000,350.473538,0.000000,207.576602
12226,6640.441128,0.000000,56.000000,349.972145,0.000000,199.554318
12227,6640.441128,0.000000,56.000000,349.470752,0.000000,191.532033
12228,6640.441128,0.000000,56.000000,348.969359,0.000000,183.509749
12229,6640.441128,0.000000,56.000000,348.467967,0.000000,175.487465
12230,6640.441128,0.000000,56.000000,347.966574,0.000000,167.465181
12231,6640.441128,0.000000,56.000000,347.465181,0.000000,159.442897
12232,6640.441128,0.000000,56.000000,346.963788,0.000000,151.420613
12233,6640.441128,0.000000,56.000000,346.462396,0.000000,143.398329
12234,6640.441128,0.000000,56.000000,345.961003,0.000000,135.376045
12235,6640.441128,0.000000,56.000000,345.459610,0.000000,127.353760
12236,6640.441128,0.000000,56.000000,344.958217,0.000000,119.331476
12237,6640.441128,0.000000,56.000000,344.456825,0.000000,111.309192
12238,6640.441128,0.000000,56.000000,343.955432,0.000000,103.286908
12239,6640.441128,0.000000,56.000000,343.454039,0.000000,95.264624
12240,6640.441128,0.000000,56.000000,342.952646,0.000000,87.242340
12241,6640.441128,0.000000,56.000000,342.451253,0.000000,79.220056
12242,6640.441128,0.000000,56.000000,341.949861,0.000000,71.197772
12243,6640.441128,0.000000,56.000000,341.448468,0.000000,63.175487
12244,6640.441128,0.000000,56.000000,340.947075,0.000000,55.153203
12245,6640.441128,0.000000,56.000000,340.445682,0.000000,47.130919
12246,6640.441128,0.000000,56.000000,339.944290,0.000000,39.108635
12247,6640.441128,0.000000,56.000000,339.442897,0.000000,31.086351
12248,6640.441128,0.000000,56.000000,338.941504,0.000000,23.064067
12249,6640.441128,0.000000,56.000000,338.440111,0.000000,15.041783
12250,6640.441128,0.000000,56.000000,337.938719,0.000000,7.019499
12251,6640.441128,0.000000,56.000000,337.437326,0.000000,358.997214
12252,6640.441128,0.000000,56.000000,336.935933,0.000000,350.974930
12253,6640.441128,0.000000,56.000000,336.434540,0.000000,342.952646
12254,6640.441128,0.000000,56.000000,335.933148,0.000000,334.930362
12255,6640.441128,0.000000,56.000000,335.431755,0.000000,326.908078
12256,6640.441128,0.000000,56.000000,334.930362,0.000000,318.885794
12257,6640.441128,0.000000,56.000000,334.428969,0.000000,310.863510
12258,6640.441128,0.000000,56.000000,333.927577,0.000000,302.841226
12259,6640.441128,0.000000,56.000000,333.426184,0.000000,294.818942
12260,6640.441128,0.000000,56.000000,332.924791,0.000000,286.796657
12261,6640.441128,0.000000,56.000000,332.423398,0.000000,278.774373
12262,6640.441128,0.000000,56.000000,331.922006,0.000000,270.752089
12263,6640.441128,0.000000,56.000000,331.420613,0.000000,262.729805
12264,6640.441128,0.000000,56.000000,330.919220,0.000000,254.707521
12265,6640.441128,0.000000,56.000000,330.417827,0.000000,246.685237
12266,6640.441128,0.000000,56.000000,329.916435,0.000000,238.662953
12267,6640.441128,0.000000,56.000000,329.415042,0.000000,230.640669
12268,6640.441128,0.000000,56.000000,328.913649,0.000000,222.618384
12269,6640.441128,0.000000,56.000000,328.412256,0.000000,214.596100
12270,6640.441128,0.000000,56.000000,327.910864,0.000000,206.573816
12271,6640.441128,0.000000,56.000000,327.409471,0.000000,198.551532
12272,6640.441128,0.000000,56.000000,326.908078,0.000000,190.529248
12273,6640.441128,0.000000,56.000000,326.406685,0.000000,182.506964
12274,6640.441128,0.000000,56.000000,325.905292,0.000000,174.484680
12275,6640.441128,0.000000,56.000000,325.403900,0.000000,166.462396
12276,6640.441128,0.000000,56.000000,324.902507,0.000000,158.440111
12277,6640.441128,0.000000,56.000000,324.401114,0.000000,150.417827
12278,6640.441128,0.000000,56.000000,323.899721,0.000000,142.395543
12279,6640.441128,0.000000,56.000000,323.398329,0.000000,134.373259
12280,6640.441128,0.000000,56.000000,322.896936,0.000000,126.350975
12281,6640.441128,0.000000,56.000000,322.395543,0.000000,118.328691
12282,6640.441128,0.000000,56.000000,321.894150,0.000000,110.306407
12283,6640.441128,0.000000,56.000000,321.392758,0.000000,102.284123
12284,6640.441128,0.000000,56.000000,320.891365,0.000000,94.261838
12285,6640.441128,0.000000,56.000000,320.389972,0.000000,86.239554
12286,6640.441128,0.000000,56.000000,319.888579,0.000000,78.217270
12287,6640.441128,0.000000,56.000000,319.387187,0.000000,70.194986
12288,6640.441128,0.000000,56.000000,318.885794,0.000000,62.172702
12289,6640.441128,0.000000,56.000000,318.384401,0.000000,54.150418
12290,6640.441128,0.000000,56.000000,317.883008,0.000000,46.128134
12291,6640.441128,0.000000,56.000000,317.381616,0.000000,38.105850
12292,6640.441128,0.000000,56.000000,316.880223,0.000000,30.083565
12293,6640.441128,0.000000,56.000000,316.378830,0.000000,22.061281
12294,6640.441128,0.000000,56.000000,315.877437,0.000000,14.038997
12295,6640.441128,0.000000,56.000000,315.376045,0.000000,6.016713
12296,6640.441128,0.000000,56.000000,314.874652,0.000000,357.994429
12297,6640.441128,0.000000,56.000000,314.373259,0.000000,349.972145
12298,6640.441128,0.000000,56.000000,313.871866,0.000000,341.949861
12299,6640.441128,0.000000,56.000000,313.370474,0.000000,333.927577
12300,6640.441128,0.000000,56.000000,312.869081,0.000000,325.905292
12301,6640.441128,0.000000,56.000000,312.367688,0.000000,317.883008
12302,6640.441128,0.000000,56.000000,311.866295,0.000000,309.860724
12303,6640.441128,0.000000,56.000000,311.364903,0.000000,301.838440
12304,6640.441128,0.000000,56.000000,310.863510,0.000000,293.816156
12305,6640.441128,0.000000,56.000000,310.362117,0.000000,285.793872
12306,6640.441128,0.000000,56.000000,309.860724,0.000000,277.771588
12307,6640.441128,0.000000,56.000000,309.359331,0.000000,269.749304
12308,6640.441128,0.000000,56.000000,308.857939,0.000000,261.727019
12309,6640.441128,0.000000,56.000000,308.356546,0.000000,253.704735
12310,6640.441128,0.000000,56.000000,307.855153,0.000000,245.682451
12311,6640.441128,0.000000,56.000000,307.353760,0.000000,237.660167
12312,6640.441128,0.000000,56.000000,306.852368,0.000000,229.637883
12313,6640.441128,0.000000,56.000000,306.350975,0.000000,221.615599
12314,6640.441128,0.000000,56.000000,305.849582,0.000000,213.593315
12315,6640.441128,0.000000,56.000000,305.348189,0.000000,205.571031
12316,6640.441128,0.000000,56.000000,304.846797,0.000000,197.548747
12317,6640.441128,0.000000,56.000000,304.345404,0.000000,189.526462
12318,6640.441128,0.000000,56.000000,303.844011,0.000000,181.504178
12319,6640.441128,0.000000,56.000000,303.342618,0.000000,173.481894
12320,6640.441128,0.000000,56.000000,302.841226,0.000000,165.459610
12321,6640.441128,0.000000,56.000000,302.339833,0.000000,157.437326
12322,6640.441128,0.000000,56.000000,301.838440,0.000000,149.415042
12323,6640.441128,0.000000,56.000000,301.337047,0.000000,141.392758
12324,6640.441128,0.000000,56.000000,300.835655,0.000000,133.370474
12325,6640.441128,0.000000,56.000000,300.334262,0.000000,125.348189
12326,6640.441128,0.000000,56.000000,299.832869,0.000000,117.325905
12327,6640.441128,0.000000,56.000000,299.331476,0.000000,109.303621
12328,6640.441128,0.000000,56.000000,298.830084,0.000000,101.281337
12329,6640.441128,0.000000,56.000000,298.328691,0.000000,93.259053
12330,6640.441128,0.000000,56.000000,297.827298,0.000000,85.236769
12331,6640.441128,0.000000,56.000000,297.325905,0.000000,77.214485
12332,6640.441128,0.000000,56.000000,296.824513,0.000000,69.192201
12333,6640.441128,0.000000,56.000000,296.323120,0.000000,61.169916
12334,6640.441128,0.000000,56.000000,295.821727,0.000000,53.147632
12335,6640.441128,0.000000,56.000000,295.320334,0.000000,45.125348
12336,6640.441128,0.000000,56.000000,294.818942,0.000000,37.103064
12337,6640.441128,0.000000,56.000000,294.317549,0.000000,29.080780
12338,6640.441128,0.000000,56.000000,293.816156,0.000000,21.058496
12339,6640.441128,0.000000,56.000000,293.314763,0.000000,13.036212
12340,6640.441128,0.000000,56.000000,292.813370,0.000000,5.013928
12341,6640.441128,0.000000,56.000000,292.311978,0.000000,356.991643
12342,6640.441128,0.000000,56.000000,291.810585,0.000000,348.969359
12343,6640.441128,0.000000,56.000000,291.309192,0.000000,340.947075
12344,6640.441128,0.000000,56.000000,290.807799,0.000000,332.924791
12345,6640.441128,0.000000,56.000000,290.306407,0.000000,324.902507
12346,6640.441128,0.000000,56.000000,289.805014,0.000000,316.880223
12347,6640.441128,0.000000,56.000000,289.303621,0.000000,308.857939
12348,6640.441128,0.000000,56.000000,288.802228,0.000000,300.835655
12349,6640.441128,0.000000,56.000000,288.300836,0.000000,292.813370
12350,6640.441128,0.000000,56.000000,287.799443,0.000000,284.791086
12351,6640.441128,0.000000,56.000000,287.298050,0.000000,276.768802
12352,6640.441128,0.000000,56.000000,286.796657,0.000000,268.746518
12353,6640.441128,0.000000,56.000000,286.295265,0.000000,260.724234
12354,6640.441128,0.000000,56.000000,285.793872,0.000000,252.701950
12355,6640.441128,0.000000,56.000000,285.292479,0.000000,244.679666
12356,6640.441128,0.000000,56.000000,284.791086,0.000000,236.657382
12357,6640.441128,0.000000,56.000000,284.289694,0.000000,228.635097
12358,6640.441128,0.000000,56.000000,283.788301,0.000000,220.612813
12359,6640.441128,0.000000,56.000000,283.286908,0.000000,212.590529
12360,6640.441128,0.000000,56.000000,282.785515,0.000000,204.568245
12361,6640.441128,0.000000,56.000000,282.284123,0.000000,196.545961
12362,6640.441128,0.000000,56.000000,281.782730,0.000000,188.523677
12363,6640.441128,0.000000,56.000000,281.281337,0.000000,180.501393
12364,6640.441128,0.000000,56.000000,280.779944,0.000000,172.479109
12365,6640.441128,0.000000,56.000000,280.278552,0.000000,164.456825
12366,6640.441128,0.000000,56.000000,279.777159,0.000000,156.434540
12367,6640.441128,0.000000,56.000000,279.275766,0.000000,148.412256
12368,6640.441128,0.000000,56.000000,278.774373,0.000000,140.389972
12369,6640.441128,0.000000,56.000000,278.272981,0.000000,132.367688
12370,6640.441128,0.000000,56.000000,277.771588,0.000000,124.345404
12371,6640.441128,0.000000,56.000000,277.270195,0.000000,116.323120
12372,6640.441128,0.000000,56.000000,276.768802,0.000000,108.300836
12373,6640.441128,0.000000,56.000000,276.267409,0.000000,100.278552
12374,6640.441128,0.000000,56.000000,275.766017,0.000000,92.256267
12375,6640.441128,0.000000,56.000000,275.264624,0.000000,84.233983
12376,6640.441128,0.000000,56.000000,274.763231,0.000000,76.211699
12377,6640.441128,0.000000,56.000000,274.261838,0.000000,68.189415
12378,6640.441128,0.000000,56.000000,273.760446,0.000000,60.167131
12379,6640.441128,0.000000,56.000000,273.259053,0.000000,52.144847
12380,6640.441128,0.000000,56.000000,272.757660,0.000000,44.122563
12381,6640.441128,0.000000,56.000000,272.256267,0.000000,36.100279
12382,6640.441128,0.000000,56.000000,271.754875,0.000000,28.077994
12383,6640.441128,0.000000,56.000000,271.253482,0.000000,20.055710
12384,6640.441128,0.000000,56.000000,270.752089,0.000000,12.033426
12385,6640.441128,0.000000,56.000000,270.250696,0.000000,4.011142
12386,6640.441128,0.000000,56.000000,269.749304,0.000000,355.988858
12387,6640.441128,0.000000,56.000000,269.247911,0.000000,347.966574
12388,6640.441128,0.000000,56.000000,268.746518,0.000000,339.944290
12389,6640.441128,0.000000,56.000000,268.245125,0.000000,331.922006
12390,6640.441128,0.000000,56.000000,267.743733,0.000000,323.899721
12391,6640.441128,0.000000,56.000000,267.242340,0.000000,315.877437
12392,6640.441128,0.000000,56.000000,266.740947,0.000000,307.855153
12393,6640.441128,0.000000,56.000000,266.239554,0.000000,299.832869
12394,6640.441128,0.000000,56.000000,265.738162,0.000000,291.810585
12395,6640.441128,0.000000,56.000000,265.236769,0.000000,283.788301
12396,6640.441128,0.000000,56.000000,264.735376,0.000000,275.766017
12397,6640.441128,0.000000,56.000000,264.233983,0.000000,267.743733
12398,6640.441128,0.000000,56.000000,263.732591,0.000000,259.721448
12399,6640.441128,0.000000,56.000000,263.231198,0.000000,251.699164
12400,6640.441128,0.000000,56.000000,262.729805,0.000000,243.676880
12401,6640.441128,0.000000,56.000000,262.228412,0.000000,235.654596
12402,6640.441128,0.000000,56.000000,261.727019,0.000000,227.632312
12403,6640.441128,0.000000,56.000000,261.225627,0.000000,219.610028
12404,6640.441128,0.000000,56.000000,260.724234,0.000000,211.587744
12405,6640.441128,0.000000,56.000000,260.222841,0.000000,203.565460
12406,6640.441128,0.000000,56.000000,259.721448,0.000000,195.543175
12407,6640.441128,0.000000,56.000000,259.220056,0.000000,187.520891
12408,6640.441128,0.000000,56.000000,258.718663,0.000000,179.498607
12409,6640.441128,0.000000,56.000000,258.217270,0.000000,171.476323
12410,6640.441128,0.000000,56.000000,257.715877,0.000000,163.454039
12411,6640.441128,0.000000,56.000000,257.214485,0.000000,155.431755
12412,6640.441128,0.000000,56.000000,256.713092,0.000000,147.409471
12413,6640.441128,0.000000,56.000000,256.211699,0.000000,139.387187
12414,6640.441128,0.000000,56.000000,255.710306,0.000000,131.364903
12415,6640.441128,0.000000,56.000000,255.208914,0.000000,123.342618
12416,6640.441128,0.000000,56.000000,254.707521,0.000000,115.320334
12417,6640.441128,0.000000,56.000000,254.206128,0.000000,107.298050
12418,6640.441128,0.000000,56.000000,253.704735,0.000000,99.275766
12419,6640.441128,0.000000,56.000000,253.203343,0.000000,91.253482
12420,6640.441128,0.000000,56.000000,252.701950,0.000000,83.231198
12421,6640.441128,0.000000,56.000000,252.200557,0.000000,75.208914
12422,6640.441128,0.000000,56.000000,251.699164,0.000000,67.186630
12423,6640.441128,0.000000,56.000000,251.197772,0.000000,59.164345
12424,6640.441128,0.000000,56.000000,250.696379,0.000000,51.142061
12425,6640.441128,0.000000,56.000000,250.194986,0.000000,43.119777
12426,6640.441128,0.000000,56.000000,249.693593,0.000000,35.097493
12427,6640.441128,0.000000,56.000000,249.192201,0.000000,27.075209
12428,6640.441128,0.000000,56.000000,248.690808,0.000000,19.052925
12429,6640.441128,0.000000,56.000000,248.189415,0.000000,11.030641
12430,6640.441128,0.000000,56.000000,247.688022,0.000000,3.008357
12431,6640.441128,0.000000,56.000000,247.186630,0.000000,354.986072
12432,6640.441128,0.000000,56.000000,246.685237,0.000000,346.963788
12433,6640.441128,0.000000,56.000000,246.183844,0.000000,338.941504
12434,6640.441128,0.000000,56.000000,245.682451,0.000000,330.919220
12435,6640.441128,0.000000,56.000000,245.181058,0.000000,322.896936
12436,6640.441128,0.000000,56.000000,244.679666,0.000000,314.874652
12437,6640.441128,0.000000,56.000000,244.178273,0.000000,306.852368
12438,6640.441128,0.000000,56.000000,243.676880,0.000000,298.830084
12439,6640.441128,0.000000,56.000000,243.175487,0.000000,290.807799
12440,6640.441128,0.000000,56.000000,242.674095,0.000000,282.785515
12441,6640.441128,0.000000,56.000000,242.172702,0.000000,274.763231
12442,6640.441128,0.000000,56.000000,241.671309,0.000000,266.740947
12443,6640.441128,0.000000,56.000000,241.169916,0.000000,258.718663
12444,6640.441128,0.000000,56.000000,240.668524,0.000000,250.696379
12445,6640.441128,0.000000,56.000000,240.167131,0.000000,242.674095
12446,6640.441128,0.000000,56.000000,239.665738,0.000000,234.651811
12447,6640.441128,0.000000,56.000000,239.164345,0.000000,226.629526
12448,6640.441128,0.000000,56.000000,238.662953,0.000000,218.607242
12449,6640.441128,0.000000,56.000000,238.161560,0.000000,210.584958
12450,6640.441128,0.000000,56.000000,237.660167,0.000000,202.562674
12451,6640.441128,0.000000,56.000000,237.158774,0.000000,194.540390
12452,6640.441128,0.000000,56.000000,236.657382,0.000000,186.518106
12453,6640.441128,0.000000,56.000000,236.155989,0.000000,178.495822
12454,6640.441128,0.000000,56.000000,235.654596,0.000000,170.473538
12455,6640.441128,0.000000,56.000000,235.153203,0.000000,162.451253
12456,6640.441128,0.000000,56.000000,234.651811,0.000000,154.428969
12457,6640.441128,0.000000,56.000000,234.150418,0.000000,146.406685
12458,6640.441128,0.000000,56.000000,233.649025,0.000000,138.384401
12459,6640.441128,0.000000,56.000000,233.147632,0.000000,130.362117
12460,6640.441128,0.000000,56.000000,232.646240,0.000000,122.339833
12461,6640.441128,0.000000,56.000000,232.144847,0.000000,114.317549
12462,6640.441128,0.000000,56.000000,231.643454,0.000000,106.295265
12463,6640.441128,0.000000,56.000000,231.142061,0.000000,98.272981
12464,6640.441128,0.000000,56.000000,230.640669,0.000000,90.250696
12465,6640.441128,0.000000,56.000000,230.139276,0.000000,82.228412
12466,6640.441128,0.000000,56.000000,229.637883,0.000000,74.206128
12467,6640.441128,0.000000,56.000000,229.136490,0.000000,66.183844
12468,6640.441128,0.000000,56.000000,228.635097,0.000000,58.161560
12469,6640.441128,0.000000,56.000000,228.133705,0.000000,50.139276
12470,6640.441128,0.000000,56.000000,227.632312,0.000000,42.116992
12471,6640.441128,0.000000,56.000000,227.130919,0.000000,34.094708
12472,6640.441128,0.000000,56.000000,226.629526,0.000000,26.072423
12473,6640.441128,0.000000,56.000000,226.128134,0.000000,18.050139
12474,6640.441128,0.000000,56.000000,225.626741,0.000000,10.027855
12475,6640.441128,0.000000,56.000000,225.125348,0.000000,2.005571
12476,6640.441128,0.000000,56.000000,224.623955,0.000000,353.983287
12477,6640.441128,0.000000,56.000000,224.122563,0.000000,345.961003
12478,6640.441128,0.000000,56.000000,223.621170,0.000000,337.938719
12479,6640.441128,0.000000,56.000000,223.119777,0.000000,329.916435
12480,6640.441128,0.000000,56.000000,222.618384,0.000000,321.894150
12481,6640.441128,0.000000,56.000000,222.116992,0.000000,313.871866
12482,6640.441128,0.000000,56.000000,221.615599,0.000000,305.849582
12483,6640.441128,0.000000,56.000000,221.114206,0.000000,297.827298
12484,6640.441128,0.000000,56.000000,220.612813,0.000000,289.805014
12485,6640.441128,0.000000,56.000000,220.111421,0.000000,281.782730
12486,6640.441128,0.000000,56.000000,219.610028,0.000000,273.760446
12487,6640.441128,0.000000,56.000000,219.108635,0.000000,265.738162
12488,6640.441128,0.000000,56.000000,218.607242,0.000000,257.715877
12489,6640.441128,0.000000,56.000000,218.105850,0.000000,249.693593
12490,6640.441128,0.000000,56.000000,217.604457,0.000000,241.671309
12491,6640.441128,0.000000,56.000000,217.103064,0.000000,233.649025
12492,6640.441128,0.000000,56.000000,216.601671,0.000000,225.626741
12493,6640.441128,0.000000,56.000000,216.100279,0.000000,217.604457
12494,6640.441128,0.000000,56.000000,215.598886,0.000000,209.582173
12495,6640.441128,0.000000,56.000000,215.097493,0.000000,201.559889
12496,6640.441128,0.000000,56.000000,214.596100,0.000000,193.537604
12497,6640.441128,0.000000,56.000000,214.094708,0.000000,185.515320
12498,6640.441128,0.000000,56.000000,213.593315,0.000000,177.493036
12499,6640.441128,0.000000,56.000000,213.091922,0.000000,169.470752
12500,6640.441128,0.000000,56.000000,212.590529,0.000000,161.448468
12501,6640.441128,0.000000,56.000000,212.089136,0.000000,153.426184
12502,6640.441128,0.000000,56.000000,211.587744,0.000000,145.403900
12503,6640.441128,0.000000,56.000000,211.086351,0.000000,137.381616
12504,6640.441128,0.000000,56.000000,210.584958,0.000000,129.359331
12505,6640.441128,0.000000,56.000000,210.083565,0.000000,121.337047
12506,6640.441128,0.000000,56.000000,209.582173,0.000000,113.314763
12507,6640.441128,0.000000,56.000000,209.080780,0.000000,105.292479
12508,6640.441128,0.000000,56.000000,208.579387,0.000000,97.270195
12509,6640.441128,0.000000,56.000000,208.077994,0.000000,89.247911
12510,6640.441128,0.000000,56.000000,207.576602,0.000000,81.225627
12511,6640.441128,0.000000,56.000000,207.075209,0.000000,73.203343
12512,6640.441128,0.000000,56.000000,206.573816,0.000000,65.181058
12513,6640.441128,0.000000,56.000000,206.072423,0.000000,57.158774
12514,6640.441128,0.000000,56.000000,205.571031,0.000000,49.136490
12515,6640.441128,0.000000,56.000000,205.069638,0.000000,41.114206
12516,6640.441128,0.000000,56.000000,204.568245,0.000000,33.091922
12517,6640.441128,0.000000,56.000000,204.066852,0.000000,25.069638
12518,6640.441128,0.000000,56.000000,203.565460,0.000000,17.047354
12519,6640.441128,0.000000,56.000000,203.064067,0.000000,9.025070
12520,6640.441128,0.000000,56.000000,202.562674,0.000000,1.002786
12521,6640.441128,0.000000,56.000000,202.061281,0.000000,352.980501
12522,6640.441128,0.000000,56.000000,201.559889,0.000000,344.958217
12523,6640.441128,0.000000,56.000000,201.058496,0.000000,336.935933
12524,6640.441128,0.000000,56.000000,200.557103,0.000000,328.913649
12525,6640.441128,0.000000,56.000000,200.055710,0.000000,320.891365
12526,6640.441128,0.000000,56.000000,199.554318,0.000000,312.869081
12527,6640.441128,0.000000,56.000000,199.052925,0.000000,304.846797
12528,6640.441128,0.000000,56.000000,198.551532,0.000000,296.824513
12529,6640.441128,0.000000,56.000000,198.050139,0.000000,288.802228
12530,6640.441128,0.000000,56.000000,197.548747,0.000000,280.779944
12531,6640.441128,0.000000,56.000000,197.047354,0.000000,272.757660
12532,6640.441128,0.000000,56.000000,196.545961,0.000000,264.735376
12533,6640.441128,0.000000,56.000000,196.044568,0.000000,256.713092
12534,6640.441128,0.000000,56.000000,195.543175,0.000000,248.690808
12535,6640.441128,0.000000,56.000000,195.041783,0.000000,240.668524
12536,6640.441128,0.000000,56.000000,194.540390,0.000000,232.646240
12537,6640.441128,0.000000,56.000000,194.038997,0.000000,224.623955
12538,6640.441128,0.000000,56.000000,193.537604,0.000000,216.601671
12539,6640.441128,0.000000,56.000000,193.036212,0.000000,208.579387
12540,6640.441128,0.000000,56.000000,192.534819,0.000000,200.557103
12541,6640.441128,0.000000,56.000000,192.033426,0.000000,192.534819
12542,6640.441128,0.000000,56.000000,191.532033,0.000000,184.512535
12543,6640.441128,0.000000,56.000000,191.030641,0.000000,176.490251
12544,6640.441128,0.000000,56.000000,190.529248,0.000000,168.467967
12545,6640.441128,0.000000,56.000000,190.027855,0.000000,160.445682
12546,6640.441128,0.000000,56.000000,189.526462,0.000000,152.423398
12547,6640.441128,0.000000,56.000000,189.025070,0.000000,144.401114
12548,6640.441128,0.000000,56.000000,188.523677,0.000000,136.378830
12549,6640.441128,0.000000,56.000000,188.022284,0.000000,128.356546
12550,6640.441128,0.000000,56.000000,187.520891,0.000000,120.334262
12551,6640.441128,0.000000,56.000000,187.019499,0.000000,112.311978
12552,6640.441128,0.000000,56.000000,186.518106,0.000000,104.289694
12553,6640.441128,0.000000,56.000000,186.016713,0.000000,96.267409
12554,6640.441128,0.000000,56.000000,185.515320,0.000000,88.245125
12555,6640.441128,0.000000,56.000000,185.013928,0.000000,80.222841
12556,6640.441128,0.000000,56.000000,184.512535,0.000000,72.200557
12557,6640.441128,0.000000,56.000000,184.011142,0.000000,64.178273
12558,6640.441128,0.000000,56.000000,183.509749,0.000000,56.155989
12559,6640.441128,0.000000,56.000000,183.008357,0.000000,48.133705
12560,6640.441128,0.000000,56.000000,182.506964,0.000000,40.111421
12561,6640.441128,0.000000,56.000000,182.005571,0.000000,32.089136
12562,6640.441128,0.000000,56.000000,181.504178,0.000000,24.066852
12563,6640.441128,0.000000,56.000000,181.002786,0.000000,16.044568
12564,6640.441128,0.000000,56.000000,180.501393,0.000000,8.022284
12565,6640.441128,0.000000,56.000000,180.000000,0.000000,360.000000
12566,6640.441128,0.000000,56.000000,179.498607,0.000000,351.977716
12567,6640.441128,0.000000,56.000000,178.997214,0.000000,343.955432
12568,6640.441128,0.000000,56.000000,178.495822,0.000000,335.933148
12569,6640.441128,0.000000,56.000000,177.994429,0.000000,327.910864
12570,6640.441128,0.000000,56.000000,177.493036,0.000000,319.888579
12571,6640.441128,0.000000,56.000000,176.991643,0.000000,311.866295
12572,6640.441128,0.000000,56.000000,176.490251,0.000000,303.844011
12573,6640.441128,0.000000,56.000000,175.988858,0.000000,295.821727
12574,6640.441128,0.000000,56.000000,175.487465,0.000000,287.799443
12575,6640.441128,0.000000,56.000000,174.986072,0.000000,279.777159
12576,6640.441128,0.000000,56.000000,174.484680,0.000000,271.754875
12577,6640.441128,0.000000,56.000000,173.983287,0.000000,263.732591
12578,6640.441128,0.000000,56.000000,173.481894,0.000000,255.710306
12579,6640.441128,0.000000,56.000000,172.980501,0.000000,247.688022
12580,6640.441128,0.000000,56.000000,172.479109,0.000000,239.665738
12581,6640.441128,0.000000,56.000000,171.977716,0.000000,231.643454
12582,6640.441128,0.000000,56.000000,171.476323,0.000000,223.621170
12583,6640.441128,0.000000,56.000000,170.974930,0.000000,215.598886
12584,6640.441128,0.000000,56.000000,170.473538,0.000000,207.576602
12585,6640.441128,0.000000,56.000000,169.972145,0.000000,199.554318
12586,6640.441128,0.000000,56.000000,169.470752,0.000000,191.532033
12587,6640.441128,0.000000,56.000000,168.969359,0.000000,183.509749
12588,6640.441128,0.000000,56.000000,168.467967,0.000000,175.487465
12589,6640.441128,0.000000,56.000000,167.966574,0.000000,167.465181
12590,6640.441128,0.000000,56.000000,167.465181,0.000000,159.442897
12591,6640.441128,0.000000,56.000000,166.963788,0.000000,151.420613
12592,6640.441128,0.000000,56.000000,166.462396,0.000000,143.398329
12593,6640.441128,0.000000,56.000000,165.961003,0.000000,135.376045
12594,6640.441128,0.000000,56.000000,165.459610,0.000000,127.353760
12595,6640.441128,0.000000,56.000000,164.958217,0.000000,119.331476
12596,6640.441128,0.000000,56.000000,164.456825,0.000000,111.309192
12597,6640.441128,0.000000,56.000000,163.955432,0.000000,103.286908
12598,6640.441128,0.000000,56.000000,163.454039,0.000000,95.264624
12599,6640.441128,0.000000,56.000000,162.952646,0.000000,87.242340
12600,6640.441128,0.000000,56.000000,162.451253,0.000000,79.220056
12601,6640.441128,0.000000,56.000000,161.949861,0.000000,71.197772
12602,6640.441128,0.000000,56.000000,161.448468,0.000000,63.175487
12603,6640.441128,0.000000,56.000000,160.947075,0.000000,55.153203
12604,6640.441128,0.000000,56.000000,160.445682,0.000000,47.130919
12605,6640.441128,0.000000,56.000000,159.944290,0.000000,39.108635
12606,6640.441128,0.000000,56.000000,159.442897,0.000000,31.086351
12607,6640.441128,0.000000,56.000000,158.941504,0.000000,23.064067
12608,6640.441128,0.000000,56.000000,158.440111,0.000000,15.041783
12609,6640.441128,0.000000,56.000000,157.938719,0.000000,7.019499
12610,6640.441128,0.000000,56.000000,157.437326,0.000000,358.997214
12611,6640.441128,0.000000,56.000000,156.935933,0.000000,350.974930
12612,6640.441128,0.000000,56.000000,156.434540,0.000000,342.952646
12613,6640.441128,0.000000,56.000000,155.933148,0.000000,334.930362
12614,6640.441128,0.000000,56.000000,155.431755,0.000000,326.908078
12615,6640.441128,0.000000,56.000000,154.930362,0.000000,318.885794
12616,6640.441128,0.000000,56.000000,154.428969,0.000000,310.863510
12617,6640.441128,0.000000,56.000000,153.927577,0.000000,302.841226
12618,6640.441128,0.000000,56.000000,153.426184,0.000000,294.818942
12619,6640.441128,0.000000,56.000000,152.924791,0.000000,286.796657
12620,6640.441128,0.000000,56.000000,152.423398,0.000000,278.774373
12621,6640.441128,0.000000,56.000000,151.922006,0.000000,270.752089
12622,6640.441128,0.000000,56.000000,151.420613,0.000000,262.729805
12623,6640.441128,0.000000,56.000000,150.919220,0.000000,254.707521
12624,6640.441128,0.000000,56.000000,150.417827,0.000000,246.685237
12625,6640.441128,0.000000,56.000000,149.916435,0.000000,238.662953
12626,6640.441128,0.000000,56.000000,149.415042,0.000000,230.640669
12627,6640.441128,0.000000,56.000000,148.913649,0.000000,222.618384
12628,6640.441128,0.000000,56.000000,148.412256,0.000000,214.596100
12629,6640.441128,0.000000,56.000000,147.910864,0.000000,206.573816
12630,6640.441128,0.000000,56.000000,147.409471,0.000000,198.551532
12631,6640.441128,0.000000,56.000000,146.908078,0.000000,190.529248
12632,6640.441128,0.000000,56.000000,146.406685,0.000000,182.506964
12633,6640.441128,0.000000,56.000000,145.905292,0.000000,174.484680
12634,6640.441128,0.000000,56.000000,145.403900,0.000000,166.462396
12635,6640.441128,0.000000,56.000000,144.902507,0.000000,158.440111
12636,6640.441128,0.000000,56.000000,144.401114,0.000000,150.417827
12637,6640.441128,0.000000,56.000000,143.899721,0.000000,142.395543
12638,6640.441128,0.000000,56.000000,143.398329,0.000000,134.373259
12639,6640.441128,0.000000,56.000000,142.896936,0.000000,126.350975
12640,6640.441128,0.000000,56.000000,142.395543,0.000000,118.328691
12641,6640.441128,0.000000,56.000000,141.894150,0.000000,110.306407
12642,6640.441128,0.000000,56.000000,141.392758,0.000000,102.284123
12643,6640.441128,0.000000,56.000000,140.891365,0.000000,94.261838
12644,6640.441128,0.000000,56.000000,140.389972,0.000000,86.239554
12645,6640.441128,0.000000,56.000000,139.888579,0.000000,78.217270
12646,6640.441128,0.000000,56.000000,139.387187,0.000000,70.194986
12647,6640.441128,0.000000,56.000000,138.885794,0.000000,62.172702
12648,6640.441128,0.000000,56.000000,138.384401,0.000000,54.150418
12649,6640.441128,0.000000,56.000000,137.883008,0.000000,46.128134
12650,6640.441128,0.000000,56.000000,137.381616,0.000000,38.105850
12651,6640.441128,0.000000,56.000000,136.880223,0.000000,30.083565
12652,6640.441128,0.000000,56.000000,136.378830,0.000000,22.061281
12653,6640.441128,0.000000,56.000000,135.877437,0.000000,14.038997
12654,6640.441128,0.000000,56.000000,135.376045,0.000000,6.016713
12655,6640.441128,0.000000,56.000000,134.874652,0.000000,357.994429
12656,6640.441128,0.000000,56.000000,134.373259,0.000000,349.972145
12657,6640.441128,0.000000,56.000000,133.871866,0.000000,341.949861
12658,6640.441128,0.000000,56.000000,133.370474,0.000000,333.927577
12659,6640.441128,0.000000,56.000000,132.869081,0.000000,325.905292
12660,6640.441128,0.000000,56.000000,132.367688,0.000000,317.883008
12661,6640.441128,0.000000,56.000000,131.866295,0.000000,309.860724
12662,6640.441128,0.000000,56.000000,131.364903,0.000000,301.838440
12663,6640.441128,0.000000,56.000000,130.863510,0.000000,293.816156
12664,6640.441128,0.000000,56.000000,130.362117,0.000000,285.793872
12665,6640.441128,0.000000,56.000000,129.860724,0.000000,277.771588
12666,6640.441128,0.000000,56.000000,129.359331,0.000000,269.749304
12667,6640.441128,0.000000,56.000000,128.857939,0.000000,261.727019
12668,6640.441128,0.000000,56.000000,128.356546,0.000000,253.704735
12669,6640.441128,0.000000,56.000000,127.855153,0.000000,245.682451
12670,6640.441128,0.000000,56.000000,127.353760,0.000000,237.660167
12671,6640.441128,0.000000,56.000000,126.852368,0.000000,229.637883
12672,6640.441128,0.000000,56.000000,126.350975,0.000000,221.615599
12673,6640.441128,0.000000,56.000000,125.849582,0.000000,213.593315
12674,6640.441128,0.000000,56.000000,125.348189,0.000000,205.571031
12675,6640.441128,0.000000,56.000000,124.846797,0.000000,197.548747
12676,6640.441128,0.000000,56.000000,124.345404,0.000000,189.526462
12677,6640.441128,0.000000,56.000000,123.844011,0.000000,181.504178
12678,6640.441128,0.000000,56.000000,123.342618,0.000000,173.481894
12679,6640.441128,0.000000,56.000000,122.841226,0.000000,165.459610
12680,6640.441128,0.000000,56.000000,122.339833,0.000000,157.437326
12681,6640.441128,0.000000,56.000000,121.838440,0.000000,149.415042
12682,6640.441128,0.000000,56.000000,121.337047,0.000000,141.392758
12683,6640.441128,0.000000,56.000000,120.835655,0.000000,133.370474
12684,6640.441128,0.000000,56.000000,120.334262,0.000000,125.348189
12685,6640.441128,0.000000,56.000000,119.832869,0.000000,117.325905
12686,6640.441128,0.000000,56.000000,119.331476,0.000000,109.303621
12687,6640.441128,0.000000,56.000000,118.830084,0.000000,101.281337
12688,6640.441128,0.000000,56.000000,118.328691,0.000000,93.259053
12689,6640.441128,0.000000,56.000000,117.827298,0.000000,85.236769
12690,6640.441128,0.000000,56.000000,117.325905,0.000000,77.214485
12691,6640.441128,0.000000,56.000000,116.824513,0.000000,69.192201
12692,6640.441128,0.000000,56.000000,116.323120,0.000000,61.169916
12693,6640.441128,0.000000,56.000000,115.821727,0.000000,53.147632
12694,6640.441128,0.000000,56.000000,115.320334,0.000000,45.125348
12695,6640.441128,0.000000,56.000000,114.818942,0.000000,37.103064
12696,6640.441128,0.000000,56.000000,114.317549,0.000000,29.080780
12697,6640.441128,0.000000,56.000000,113.816156,0.000000,21.058496
12698,6640.441128,0.000000,56.000000,113.314763,0.000000,13.036212
12699,6640.441128,0.000000,56.000000,112.813370,0.000000,5.013928
12700,6640.441128,0.000000,56.000000,112.311978,0.000000,356.991643
12701,6640.441128,0.000000,56.000000,111.810585,0.000000,348.969359
12702,6640.441128,0.000000,56.000000,111.309192,0.000000,340.947075
12703,6640.441128,0.000000,56.000000,110.807799,0.000000,332.924791
12704,6640.441128,0.000000,56.000000,110.306407,0.000000,324.902507
12705,6640.441128,0.000000,56.000000,109.805014,0.000000,316.880223
12706,6640.441128,0.000000,56.000000,109.303621,0.000000,308.857939
12707,6640.441128,0.000000,56.000000,108.802228,0.000000,300.835655
12708,6640.441128,0.000000,56.000000,108.300836,0.000000,292.813370
12709,6640.441128,0.000000,56.000000,107.799443,0.000000,284.791086
12710,6640.441128,0.000000,56.000000,107.298050,0.000000,276.768802
12711,6640.441128,0.000000,56.000000,106.796657,0.000000,268.746518
12712,6640.441128,0.000000,56.000000,106.295265,0.000000,260.724234
12713,6640.441128,0.000000,56.000000,105.793872,0.000000,252.701950
12714,6640.441128,0.000000,56.000000,105.292479,0.000000,244.679666
12715,6640.441128,0.000000,56.000000,104.791086,0.000000,236.657382
12716,6640.441128,0.000000,56.000000,104.289694,0.000000,228.635097
12717,6640.441128,0.000000,56.000000,103.788301,0.000000,220.612813
12718,6640.441128,0.000000,56.000000,103.286908,0.000000,212.590529
12719,6640.441128,0.000000,56.000000,102.785515,0.000000,204.568245
12720,6640.441128,0.000000,56.000000,102.284123,0.000000,196.545961
12721,6640.441128,0.000000,56.000000,101.782730,0.000000,188.523677
12722,6640.441128,0.000000,56.000000,101.281337,0.000000,180.501393
12723,6640.441128,0.000000,56.000000,100.779944,0.000000,172.479109
12724,6640.441128,0.000000,56.000000,100.278552,0.000000,164.456825
12725,6640.441128,0.000000,56.000000,99.777159,0.000000,156.434540
12726,6640.441128,0.000000,56.000000,99.275766,0.000000,148.412256
12727,6640.441128,0.000000,56.000000,98.774373,0.000000,140.389972
12728,6640.441128,0.000000,56.000000,98.272981,0.000000,132.367688
12729,6640.441128,0.000000,56.000000,97.771588,0.000000,124.345404
12730,6640.441128,0.000000,56.000000,97.270195,0.000000,116.323120
12731,6640.441128,0.000000,56.000000,96.768802,0.000000,108.300836
12732,6640.441128,0.000000,56.000000,96.267409,0.000000,100.278552
12733,6640.441128,0.000000,56.000000,95.766017,0.000000,92.256267
12734,6640.441128,0.000000,56.000000,95.264624,0.000000,84.233983
12735,6640.441128,0.000000,56.000000,94.763231,0.000000,76.211699
12736,6640.441128,0.000000,56.000000,94.261838,0.000000,68.189415
12737,6640.441128,0.000000,56.000000,93.760446,0.000000,60.167131
12738,6640.441128,0.000000,56.000000,93.259053,0.000000,52.144847
12739,6640.441128,0.000000,56.000000,92.757660,0.000000,44.122563
12740,6640.441128,0.000000,56.000000,92.256267,0.000000,36.100279
12741,6640.441128,0.000000,56.000000,91.754875,0.000000,28.077994
12742,6640.441128,0.000000,56.000000,91.253482,0.000000,20.055710
12743,6640.441128,0.000000,56.000000,90.752089,0.000000,12.033426
12744,6640.441128,0.000000,56.000000,90.250696,0.000000,4.011142
12745,6640.441128,0.000000,56.000000,89.749304,0.000000,355.988858
12746,6640.441128,0.000000,56.000000,89.247911,0.000000,347.966574
12747,6640.441128,0.000000,56.000000,88.746518,0.000000,339.944290
12748,6640.441128,0.000000,56.000000,88.245125,0.000000,331.922006
12749,6640.441128,0.000000,56.000000,87.743733,0.000000,323.899721
12750,6640.441128,0.000000,56.000000,87.242340,0.000000,315.877437
12751,6640.441128,0.000000,56.000000,86.740947,0.000000,307.855153
12752,6640.441128,0.000000,56.000000,86.239554,0.000000,299.832869
12753,6640.441128,0.000000,56.000000,85.738162,0.000000,291.810585
12754,6640.441128,0.000000,56.000000,85.236769,0.000000,283.788301
12755,6640.441128,0.000000,56.000000,84.735376,0.000000,275.766017
12756,6640.441128,0.000000,56.000000,84.233983,0.000000,267.743733
12757,6640.441128,0.000000,56.000000,83.732591,0.000000,259.721448
12758,6640.441128,0.000000,56.000000,83.231198,0.000000,251.699164
12759,6640.441128,0.000000,56.000000,82.729805,0.000000,243.676880
12760,6640.441128,0.000000,56.000000,82.228412,0.000000,235.654596
12761,6640.441128,0.000000,56.000000,81.727019,0.000000,227.632312
12762,6640.441128,0.000000,56.000000,81.225627,0.000000,219.610028
12763,6640.441128,0.000000,56.000000,80.724234,0.000000,211.587744
12764,6640.441128,0.000000,56.000000,80.222841,0.000000,203.565460
12765,6640.441128,0.000000,56.000000,79.721448,0.000000,195.543175
12766,6640.441128,0.000000,56.000000,79.220056,0.000000,187.520891
12767,6640.441128,0.000000,56.000000,78.718663,0.000000,179.498607
12768,6640.441128,0.000000,56.000000,78.217270,0.000000,171.476323
12769,6640.441128,0.000000,56.000000,77.715877,0.000000,163.454039
12770,6640.441128,0.000000,56.000000,77.214485,0.000000,155.431755
12771,6640.441128,0.000000,56.000000,76.713092,0.000000,147.409471
12772,6640.441128,0.000000,56.000000,76.211699,0.000000,139.387187
12773,6640.441128,0.000000,56.000000,75.710306,0.000000,131.364903
12774,6640.441128,0.000000,56.000000,75.208914,0.000000,123.342618
12775,6640.441128,0.000000,56.000000,74.707521,0.000000,115.320334
12776,6640.441128,0.000000,56.000000,74.206128,0.000000,107.298050
12777,6640.441128,0.000000,56.000000,73.704735,0.000000,99.275766
12778,6640.441128,0.000000,56.000000,73.203343,0.000000,91.253482
12779,6640.441128,0.000000,56.000000,72.701950,0.000000,83.231198
12780,6640.441128,0.000000,56.000000,72.200557,0.000000,75.208914
12781,6640.441128,0.000000,56.000000,71.699164,0.000000,67.186630
12782,6640.441128,0.000000,56.000000,71.197772,0.000000,59.164345
12783,6640.441128,0.000000,56.000000,70.696379,0.000000,51.142061
12784,6640.441128,0.000000,56.000000,70.194986,0.000000,43.119777
12785,6640.441128,0.000000,56.000000,69.693593,0.000000,35.097493
12786,6640.441128,0.000000,56.000000,69.192201,0.000000,27.075209
12787,6640.441128,0.000000,56.000000,68.690808,0.000000,19.052925
12788,6640.441128,0.000000,56.000000,68.189415,0.000000,11.030641
12789,6640.441128,0.000000,56.000000,67.688022,0.000000,3.008357
12790,6640.441128,0.000000,56.000000,67.186630,0.000000,354.986072
12791,6640.441128,0.000000,56.000000,66.685237,0.000000,346.963788
12792,6640.441128,0.000000,56.000000,66.183844,0.000000,338.941504
12793,6640.441128,0.000000,56.000000,65.682451,0.000000,330.919220
12794,6640.441128,0.000000,56.000000,65.181058,0.000000,322.896936
12795,6640.441128,0.000000,56.000000,64.679666,0.000000,314.874652
12796,6640.441128,0.000000,56.000000,64.178273,0.000000,306.852368
12797,6640.441128,0.000000,56.000000,63.676880,0.000000,298.830084
12798,6640.441128,0.000000,56.000000,63.175487,0.000000,290.807799
12799,6640.441128,0.000000,56.000000,62.674095,0.000000,282.785515
12800,6640.441128,0.000000,56.000000,62.172702,0.000000,274.763231
12801,6640.441128,0.000000,56.000000,61.671309,0.000000,266.740947
12802,6640.441128,0.000000,56.000000,61.169916,0.000000,258.718663
12803,6640.441128,0.000000,56.000000,60.668524,0.000000,250.696379
12804,6640.441128,0.000000,56.000000,60.167131,0.000000,242.674095
12805,6640.441128,0.000000,56.000000,59.665738,0.000000,234.651811
12806,6640.441128,0.000000,56.000000,59.164345,0.000000,226.629526
12807,6640.441128,0.000000,56.000000,58.662953,0.000000,218.607242
12808,6640.441128,0.000000,56.000000,58.161560,0.000000,210.584958
12809,6640.441128,0.000000,56.000000,57.660167,0.000000,202.562674
12810,6640.441128,0.000000,56.000000,57.158774,0.000000,194.540390
12811,6640.441128,0.000000,56.000000,56.657382,0.000000,186.518106
12812,6640.441128,0.000000,56.000000,56.155989,0.000000,178.495822
12813,6640.441128,0.000000,56.000000,55.654596,0.000000,170.473538
12814,6640.441128,0.000000,56.000000,55.153203,0.000000,162.451253
12815,6640.441128,0.000000,56.000000,54.651811,0.000000,154.428969
12816,6640.441128,0.000000,56.000000,54.150418,0.000000,146.406685
12817,6640.441128,0.000000,56.000000,53.649025,0.000000,138.384401
12818,6640.441128,0.000000,56.000000,53.147632,0.000000,130.362117
12819,6640.441128,0.000000,56.000000,52.646240,0.000000,122.339833
12820,6640.441128,0.000000,56.000000,52.144847,0.000000,114.317549
12821,6640.441128,0.000000,56.000000,51.643454,0.000000,106.295265
12822,6640.441128,0.000000,56.000000,51.142061,0.000000,98.272981
12823,6640.441128,0.000000,56.000000,50.640669,0.000000,90.250696
12824,6640.441128,0.000000,56.000000,50.139276,0.000000,82.228412
12825,6640.441128,0.000000,56.000000,49.637883,0.000000,74.206128
12826,6640.441128,0.000000,56.000000,49.136490,0.000000,66.183844
12827,6640.441128,0.000000,56.000000,48.635097,0.000000,58.161560
12828,6640.441128,0.000000,56.000000,48.133705,0.000000,50.139276
12829,6640.441128,0.000000,56.000000,47.632312,0.000000,42.116992
12830,6640.441128,0.000000,56.000000,47.130919,0.000000,34.094708
12831,6640.441128,0.000000,56.000000,46.629526,0.000000,26.072423
12832,6640.441128,0.000000,56.000000,46.128134,0.000000,18.050139
12833,6640.441128,0.000000,56.000000,45.626741,0.000000,10.027855
12834,6640.441128,0.000000,56.000000,45.125348,0.000000,2.005571
12835,6640.441128,0.000000,56.000000,44.623955,0.000000,353.983287
12836,6640.441128,0.000000,56.000000,44.122563,0.000000,345.961003
12837,6640.441128,0.000000,56.000000,43.621170,0.000000,337.938719
12838,6640.441128,0.000000,56.000000,43.119777,0.000000,329.916435
12839,6640.441128,0.000000,56.000000,42.618384,0.000000,321.894150
12840,6640.441128,0.000000,56.000000,42.116992,0.000000,313.871866
12841,6640.441128,0.000000,56.000000,41.615599,0.000000,305.849582
12842,6640.441128,0.000000,56.000000,41.114206,0.000000,297.827298
12843,6640.441128,0.000000,56.000000,40.612813,0.000000,289.805014
12844,6640.441128,0.000000,56.000000,40.111421,0.000000,281.782730
12845,6640.441128,0.000000,56.000000,39.610028,0.000000,273.760446
12846,6640.441128,0.000000,56.000000,39.108635,0.000000,265.738162
12847,6640.441128,0.000000,56.000000,38.607242,0.000000,257.715877
12848,6640.441128,0.000000,56.000000,38.105850,0.000000,249.693593
12849,6640.441128,0.000000,56.000000,37.604457,0.000000,241.671309
12850,6640.441128,0.000000,56.000000,37.103064,0.000000,233.649025
12851,6640.441128,0.000000,56.000000,36.601671,0.000000,225.626741
12852,6640.441128,0.000000,56.000000,36.100279,0.000000,217.604457
12853,6640.441128,0.000000,56.000000,35.598886,0.000000,209.582173
12854,6640.441128,0.000000,56.000000,35.097493,0.000000,201.559889
12855,6640.441128,0.000000,56.000000,34.596100,0.000000,193.537604
12856,6640.441128,0.000000,56.000000,34.094708,0.000000,185.515320
12857,6640.441128,0.000000,56.000000,33.593315,0.000000,177.493036
12858,6640.441128,0.000000,56.000000,33.091922,0.000000,169.470752
12859,6640.441128,0.000000,56.000000,32.590529,0.000000,161.448468
12860,6640.441128,0.000000,56.000000,32.089136,0.000000,153.426184
12861,6640.441128,0.000000,56.000000,31.587744,0.000000,145.403900
12862,6640.441128,0.000000,56.000000,31.086351,0.000000,137.381616
12863,6640.441128,0.000000,56.000000,30.584958,0.000000,129.359331
12864,6640.441128,0.000000,56.000000,30.083565,0.000000,121.337047
12865,6640.441128,0.000000,56.000000,29.582173,0.000000,113.314763
12866,6640.441128,0.000000,56.000000,29.080780,0.000000,105.292479
12867,6640.441128,0.000000,56.000000,28.579387,0.000000,97.270195
12868,6640.441128,0.000000,56.000000,28.077994,0.000000,89.247911
12869,6640.441128,0.000000,56.000000,27.576602,0.000000,81.225627
12870,6640.441128,0.000000,56.000000,27.075209,0.000000,73.203343
12871,6640.441128,0.000000,56.000000,26.573816,0.000000,65.181058
12872,6640.441128,0.000000,56.000000,26.072423,0.000000,57.158774
12873,6640.441128,0.000000,56.000000,25.571031,0.000000,49.136490
12874,6640.441128,0.000000,56.000000,25.069638,0.000000,41.114206
12875,6640.441128,0.000000,56.000000,24.568245,0.000000,33.091922
12876,6640.441128,0.000000,56.000000,24.066852,0.000000,25.069638
12877,6640.441128,0.000000,56.000000,23.565460,0.000000,17.047354
12878,6640.441128,0.000000,56.000000,23.064067,0.000000,9.025070
12879,6640.441128,0.000000,56.000000,22.562674,0.000000,1.002786
12880,6640.441128,0.000000,56.000000,22.061281,0.000000,352.980501
12881,6640.441128,0.000000,56.000000,21.559889,0.000000,344.958217
12882,6640.441128,0.000000,56.000000,21.058496,0.000000,336.935933
12883,6640.441128,0.000000,56.000000,20.557103,0.000000,328.913649
12884,6640.441128,0.000000,56.000000,20.055710,0.000000,320.891365
12885,6640.441128,0.000000,56.000000,19.554318,0.000000,312.869081
12886,6640.441128,0.000000,56.000000,19.052925,0.000000,304.846797
12887,6640.441128,0.000000,56.000000,18.551532,0.000000,296.824513
12888,6640.441128,0.000000,56.000000,18.050139,0.000000,288.802228
12889,6640.441128,0.000000,56.000000,17.548747,0.000000,280.779944
12890,6640.441128,0.000000,56.000000,17.047354,0.000000,272.757660
12891,6640.441128,0.000000,56.000000,16.545961,0.000000,264.735376
12892,6640.441128,0.000000,56.000000,16.044568,0.000000,256.713092
12893,6640.441128,0.000000,56.000000,15.543175,0.000000,248.690808
12894,6640.441128,0.000000,56.000000,15.041783,0.000000,240.668524
12895,6640.441128,0.000000,56.000000,14.540390,0.000000,232.646240
12896,6640.441128,0.000000,56.000000,14.038997,0.000000,224.623955
12897,6640.441128,0.000000,56.000000,13.537604,0.000000,216.601671
12898,6640.441128,0.000000,56.000000,13.036212,0.000000,208.579387
12899,6640.441128,0.000000,56.000000,12.534819,0.000000,200.557103
12900,6640.441128,0.000000,56.000000,12.033426,0.000000,192.534819
12901,6640.441128,0.000000,56.000000,11.532033,0.000000,184.512535
12902,6640.441128,0.000000,56.000000,11.030641,0.000000,176.490251
12903,6640.441128,0.000000,56.000000,10.529248,0.000000,168.467967
12904,6640.441128,0.000000,56.000000,10.027855,0.000000,160.445682
12905,6640.441128,0.000000,56.000000,9.526462,0.000000,152.423398
12906,6640.441128,0.000000,56.000000,9.025070,0.000000,144.401114
12907,6640.441128,0.000000,56.000000,8.523677,0.000000,136.378830
12908,6640.441128,0.000000,56.000000,8.022284,0.000000,128.356546
12909,6640.441128,0.000000,56.000000,7.520891,0.000000,120.334262
12910,6640.441128,0.000000,56.000000,7.019499,0.000000,112.311978
12911,6640.441128,0.000000,56.000000,6.518106,0.000000,104.289694
12912,6640.441128,0.000000,56.000000,6.016713,0.000000,96.267409
12913,6640.441128,0.000000,56.000000,5.515320,0.000000,88.245125
12914,6640.441128,0.000000,56.000000,5.013928,0.000000,80.222841
12915,6640.441128,0.000000,56.000000,4.512535,0.000000,72.200557
12916,6640.441128,0.000000,56.000000,4.011142,0.000000,64.178273
12917,6640.441128,0.000000,56.000000,3.509749,0.000000,56.155989
12918,6640.441128,0.000000,56.000000,3.008357,0.000000,48.133705
12919,6640.441128,0.000000,56.000000,2.506964,0.000000,40.111421
12920,6640.441128,0.000000,56.000000,2.005571,0.000000,32.089136
12921,6640.441128,0.000000,56.000000,1.504178,0.000000,24.066852
12922,6640.441128,0.000000,56.000000,1.002786,0.000000,16.044568
12923,6640.441128,0.000000,56.000000,0.501393,0.000000,8.022284
13560,6640.441128,0.000000,46.000000,50.114206,0.000000,297.827298
14360,6640.441128,0.000000,47.000000,0.000000,0.000000,0.000000
14361,6640.441128,0.000000,47.000000,359.498607,0.000000,351.977716
14362,6640.441128,0.000000,47.000000,358.997214,0.000000,343.955432
14363,6640.441128,0.000000,47.000000,358.495822,0.000000,335.933148
14364,6640.441128,0.000000,47.000000,357.994429,0.000000,327.910864
14365,6640.441128,0.000000,47.000000,357.493036,0.000000,319.888579
14366,6640.441128,0.000000,47.000000,356.991643,0.000000,311.866295
14367,6640.441128,0.000000,47.000000,356.490251,0.000000,303.844011
14368,6640.441128,0.000000,47.000000,355.988858,0.000000,295.821727
14369,6640.441128,0.000000,47.000000,355.487465,0.000000,287.799443
14370,6640.441128,0.000000,47.000000,354.986072,0.000000,279.777159
14371,6640.441128,0.000000,47.000000,354.484680,0.000000,271.754875
14372,6640.441128,0.000000,47.000000,353.983287,0.000000,263.732591
14373,6640.441128,0.000000,47.000000,353.481894,0.000000,255.710306
14374,6640.441128,0.000000,47.000000,352.980501,0.000000,247.688022
14375,6640.441128,0.000000,47.000000,352.479109,0.000000,239.665738
14376,6640.441128,0.000000,47.000000,351.977716,0.000000,231.643454
14377,6640.441128,0.000000,47.000000,351.476323,0.000000,223.621170
14378,6640.441128,0.000000,47.000000,350.974930,0.000000,215.598886
14379,6640.441128,0.000000,47.000000,350.473538,0.000000,207.576602
14380,6640.441128,0.000000,47.000000,349.972145,0.000000,199.554318
14381,6640.441128,0.000000,47.000000,349.470752,0.000000,191.532033
14382,6640.441128,0.000000,47.000000,348.969359,0.000000,183.509749
14383,6640.441128,0.000000,47.000000,348.467967,0.000000,175.487465
14384,6640.441128,0.000000,47.000000,347.966574,0.000000,167.465181
14385,6640.441128,0.000000,47.000000,347.465181,0.000000,159.442897
14386,6640.441128,0.000000,47.000000,346.963788,0.000000,151.420613
14387,6640.441128,0.000000,47.000000,346.462396,0.000000,143.398329
14388,6640.441128,0.000000,47.000000,345.961003,0.000000,135.376045
14389,6640.441128,0.000000,47.000000,345.459610,0.000000,127.353760
14390,6640.441128,0.000000,47.000000,344.958217,0.000000,119.331476
14391,6640.441128,0.000000,47.000000,344.456825,0.000000,111.309192
14392,6640.441128,0.000000,47.000000,343.955432,0.000000,103.286908
14393,6640.441128,0.000000,47.000000,343.454039,0.000000,95.264624
14394,6640.441128,0.000000,47.000000,342.952646,0.000000,87.242340
14395,6640.441128,0.000000,47.000000,342.451253,0.000000,79.220056
14396,6640.441128,0.000000,47.000000,341.949861,0.000000,71.197772
14397,6640.441128,0.000000,47.000000,341.448468,0.000000,63.175487
14398,6640.441128,0.000000,47.000000,340.947075,0.000000,55.153203
14399,6640.441128,0.000000,47.000000,340.445682,0.000000,47.130919
14400,6640.441128,0.000000,47.000000,339.944290,0.000000,39.108635
14401,6640.441128,0.000000,47.000000,339.442897,0.000000,31.086351
14402,6640.441128,0.000000,47.000000,338.941504,0.000000,23.064067
14403,6640.441128,0.000000,47.000000,338.440111,0.000000,15.041783
14404,6640.441128,0.000000,47.000000,337.938719,0.000000,7.019499
14405,6640.441128,0.000000,47.000000,337.437326,0.000000,358.997214
14406,6640.441128,0.000000,47.000000,336.935933,0.000000,350.974930
14407,6640.441128,0.000000,47.000000,336.434540,0.000000,342.952646
14408,6640.441128,0.000000,47.000000,335.933148,0.000000,334.930362
14409,6640.441128,0.000000,47.000000,335.431755,0.000000,326.908078
14410,6640.441128,0.000000,47.000000,334.930362,0.000000,318.885794
14411,6640.441128,0.000000,47.000000,334.428969,0.000000,310.863510
14412,6640.441128,0.000000,47.000000,333.927577,0.000000,302.841226
14413,6640.441128,0.000000,47.000000,333.426184,0.000000,294.818942
14414,6640.441128,0.000000,47.000000,332.924791,0.000000,286.796657
14415,6640.441128,0.000000,47.000000,332.423398,0.000000,278.774373
14416,6640.441128,0.000000,47.000000,331.922006,0.000000,270.752089
14417,6640.441128,0.000000,47.000000,331.420613,0.000000,262.729805
14418,6640.441128,0.000000,47.000000,330.919220,0.000000,254.707521
14419,6640.441128,0.000000,47.000000,330.417827,0.000000,246.685237
14420,6640.441128,0.000000,47.000000,329.916435,0.000000,238.662953
14421,6640.441128,0.000000,47.000000,329.415042,0.000000,230.640669
14422,6640.441128,0.000000,47.000000,328.913649,0.000000,222.618384
14423,6640.441128,0.000000,47.000000,328.412256,0.000000,214.596100
14424,6640.441128,0.000000,47.000000,327.910864,0.000000,206.573816
14425,6640.441128,0.000000,47.000000,327.409471,0.000000,198.551532
14426,6640.441128,0.000000,47.000000,326.908078,0.000000,190.529248
14427,6640.441128,0.000000,47.000000,326.406685,0.000000,182.506964
14428,6640.441128,0.000000,47.000000,325.905292,0.000000,174.484680
14429,6640.441128,0.000000,47.000000,325.403900,0.000000,166.462396
14430,6640.441128,0.000000,47.000000,324.902507,0.000000,158.440111
14431,6640.441128,0.000000,47.000000,324.401114,0.000000,150.417827
14432,6640.441128,0.000000,47.000000,323.899721,0.000000,142.395543
14433,6640.441128,0.000000,47.000000,323.398329,0.000000,134.373259
14434,6640.441128,0.000000,47.000000,322.896936,0.000000,126.350975
14435,6640.441128,0.000000,47.000000,322.395543,0.000000,118.328691
14436,6640.441128,0.000000,47.000000,321.894150,0.000000,110.306407
14437,6640.441128,0.000000,47.000000,321.392758,0.000000,102.284123
14438,6640.441128,0.000000,47.000000,320.891365,0.000000,94.261838
14439,6640.441128,0.000000,47.000000,320.389972,0.000000,86.239554
14440,6640.441128,0.000000,47.000000,319.888579,0.000000,78.217270
14441,6640.441128,0.000000,47.000000,319.387187,0.000000,70.194986
14442,6640.441128,0.000000,47.000000,318.885794,0.000000,62.172702
14443,6640.441128,0.000000,47.000000,318.384401,0.000000,54.150418
14444,6640.441128,0.000000,47.000000,317.883008,0.000000,46.128134
14445,6640.441128,0.000000,47.000000,317.381616,0.000000,38.105850
14446,6640.441128,0.000000,47.000000,316.880223,0.000000,30.083565
14447,6640.441128,0.000000,47.000000,316.378830,0.000000,22.061281
14448,6640.441128,0.000000,47.000000,315.877437,0.000000,14.038997
14449,6640.441128,0.000000,47.000000,315.376045,0.000000,6.016713
14450,6640.441128,0.000000,47.000000,314.874652,0.000000,357.994429
14451,6640.441128,0.000000,47.000000,314.373259,0.000000,349.972145
14452,6640.441128,0.000000,47.000000,313.871866,0.000000,341.949861
14453,6640.441128,0.000000,47.000000,313.370474,0.000000,333.927577
14454,6640.441128,0.000000,47.000000,312.869081,0.000000,325.905292
14455,6640.441128,0.000000,47.000000,312.367688,0.000000,317.883008
14456,6640.441128,0.000000,47.000000,311.866295,0.000000,309.860724
14457,6640.441128,0.000000,47.000000,311.364903,0.000000,301.838440
14458,6640.441128,0.000000,47.000000,310.863510,0.000000,293.816156
14459,6640.441128,0.000000,47.000000,310.362117,0.000000,285.793872
14460,6640.441128,0.000000,47.000000,309.860724,0.000000,277.771588
14461,6640.441128,0.000000,47.000000,309.359331,0.000000,269.749304
14462,6640.441128,0.000000,47.000000,308.857939,0.000000,261.727019
14463,6640.441128,0.000000,47.000000,308.356546,0.000000,253.704735
14464,6640.441128,0.000000,47.000000,307.855153,0.000000,245.682451
14465,6640.441128,0.000000,47.000000,307.353760,0.000000,237.660167
14466,6640.441128,0.000000,47.000000,306.852368,0.000000,229.637883
14467,6640.441128,0.000000,47.000000,306.350975,0.000000,221.615599
14468,6640.441128,0.000000,47.000000,305.849582,0.000000,213.593315
14469,6640.441128,0.000000,47.000000,305.348189,0.000000,205.571031
14470,6640.441128,0.000000,47.000000,304.846797,0.000000,197.548747
14471,6640.441128,0.000000,47.000000,304.345404,0.000000,189.526462
14472,6640.441128,0.000000,47.000000,303.844011,0.000000,181.504178
14473,6640.441128,0.000000,47.000000,303.342618,0.000000,173.481894
14474,6640.441128,0.000000,47.000000,302.841226,0.000000,165.459610
14475,6640.441128,0.000000,47.000000,302.339833,0.000000,157.437326
14476,6640.441128,0.000000,47.000000,301.838440,0.000000,149.415042
14477,6640.441128,0.000000,47.000000,301.337047,0.000000,141.392758
14478,6640.441128,0.000000,47.000000,300.835655,0.000000,133.370474
14479,6640.441128,0.000000,47.000000,300.334262,0.000000,125.348189
14480,6640.441128,0.000000,47.000000,299.832869,0.000000,117.325905
14481,6640.441128,0.000000,47.000000,299.331476,0.000000,109.303621
14482,6640.441128,0.000000,47.000000,298.830084,0.000000,101.281337
14483,6640.441128,0.000000,47.000000,298.328691,0.000000,93.259053
14484,6640.441128,0.000000,47.000000,297.827298,0.000000,85.236769
14485,6640.441128,0.000000,47.000000,297.325905,0.000000,77.214485
14486,6640.441128,0.000000,47.000000,296.824513,0.000000,69.192201
14487,6640.441128,0.000000,47.000000,296.323120,0.000000,61.169916
14488,6640.441128,0.000000,47.000000,295.821727,0.000000,53.147632
14489,6640.441128,0.000000,47.000000,295.320334,0.000000,45.125348
14490,6640.441128,0.000000,47.000000,294.818942,0.000000,37.103064
14491,6640.441128,0.000000,47.000000,294.317549,0.000000,29.080780
14492,6640.441128,0.000000,47.000000,293.816156,0.000000,21.058496
14493,6640.441128,0.000000,47.000000,293.314763,0.000000,13.036212
14494,6640.441128,0.000000,47.000000,292.813370,0.000000,5.013928
14495,6640.441128,0.000000,47.000000,292.311978,0.000000,356.991643
14496,6640.441128,0.000000,47.000000,291.810585,0.000000,348.969359
14497,6640.441128,0.000000,47.000000,291.309192,0.000000,340.947075
14498,6640.441128,0.000000,47.000000,290.807799,0.000000,332.924791
14499,6640.441128,0.000000,47.000000,290.306407,0.000000,324.902507
14500,6640.441128,0.000000,47.000000,289.805014,0.000000,316.880223
14501,6640.441128,0.000000,47.000000,289.303621,0.000000,308.857939
14502,6640.441128,0.000000,47.000000,288.802228,0.000000,300.835655
14504,6640.441128,0.000000,47.000000,287.799443,0.000000,284.791086
14505,6640.441128,0.000000,47.000000,287.298050,0.000000,276.768802
14506,6640.441128,0.000000,47.000000,286.796657,0.000000,268.746518
14507,6640.441128,0.000000,47.000000,286.295265,0.000000,260.724234
14508,6640.441128,0.000000,47.000000,285.793872,0.000000,252.701950
14509,6640.441128,0.000000,47.000000,285.292479,0.000000,244.679666
14511,6640.441128,0.000000,47.000000,284.289694,0.000000,228.635097
14512,6640.441128,0.000000,47.000000,283.788301,0.000000,220.612813
14513,6640.441128,0.000000,47.000000,283.286908,0.000000,212.590529
14514,6640.441128,0.000000,47.000000,282.785515,0.000000,204.568245
14515,6640.441128,0.000000,47.000000,282.284123,0.000000,196.545961
14516,6640.441128,0.000000,47.000000,281.782730,0.000000,188.523677
14517,6640.441128,0.000000,47.000000,281.281337,0.000000,180.501393
14518,6640.441128,0.000000,47.000000,280.779944,0.000000,172.479109
14519,6640.441128,0.000000,47.000000,280.278552,0.000000,164.456825
14520,6640.441128,0.000000,47.000000,279.777159,0.000000,156.434540
14521,6640.441128,0.000000,47.000000,279.275766,0.000000,148.412256
14522,6640.441128,0.000000,47.000000,278.774373,0.000000,140.389972
14523,6640.441128,0.000000,47.000000,278.272981,0.000000,132.367688
14524,6640.441128,0.000000,47.000000,277.771588,0.000000,124.345404
14525,6640.441128,0.000000,47.000000,277.270195,0.000000,116.323120
14526,6640.441128,0.000000,47.000000,276.768802,0.000000,108.300836
14527,6640.441128,0.000000,47.000000,276.267409,0.000000,100.278552
14528,6640.441128,0.000000,47.000000,275.766017,0.000000,92.256267
14529,6640.441128,0.000000,47.000000,275.264624,0.000000,84.233983
14530,6640.441128,0.000000,47.000000,274.763231,0.000000,76.211699
14531,6640.441128,0.000000,47.000000,274.261838,0.000000,68.189415
14532,6640.441128,0.000000,47.000000,273.760446,0.000000,60.167131
14533,6640.441128,0.000000,47.000000,273.259053,0.000000,52.144847
14534,6640.441128,0.000000,47.000000,272.757660,0.000000,44.122563
14535,6640.441128,0.000000,47.000000,272.256267,0.000000,36.100279
14536,6640.441128,0.000000,47.000000,271.754875,0.000000,28.077994
14537,6640.441128,0.000000,47.000000,271.253482,0.000000,20.055710
14538,6640.441128,0.000000,47.000000,270.752089,0.000000,12.033426
14539,6640.441128,0.000000,47.000000,270.250696,0.000000,4.011142
14540,6640.441128,0.000000,47.000000,269.749304,0.000000,355.988858
14541,6640.441128,0.000000,47.000000,269.247911,0.000000,347.966574
14542,6640.441128,0.000000,47.000000,268.746518,0.000000,339.944290
14543,6640.441128,0.000000,47.000000,268.245125,0.000000,331.922006
14544,6640.441128,0.000000,47.000000,267.743733,0.000000,323.899721
14545,6640.441128,0.000000,47.000000,267.242340,0.000000,315.877437
14546,6640.441128,0.000000,47.000000,266.740947,0.000000,307.855153
14547,6640.441128,0.000000,47.000000,266.239554,0.000000,299.832869
14548,6640.441128,0.000000,47.000000,265.738162,0.000000,291.810585
14549,6640.441128,0.000000,47.000000,265.236769,0.000000,283.788301
14550,6640.441128,0.000000,47.000000,264.735376,0.000000,275.766017
14551,6640.441128,0.000000,47.000000,264.233983,0.000000,267.743733
14552,6640.441128,0.000000,47.000000,263.732591,0.000000,259.721448
14553,6640.441128,0.000000,47.000000,263.231198,0.000000,251.699164
14554,6640.441128,0.000000,47.000000,262.729805,0.000000,243.676880
14555,6640.441128,0.000000,47.000000,262.228412,0.000000,235.654596
14556,6640.441128,0.000000,47.000000,261.727019,0.000000,227.632312
14557,6640.441128,0.000000,47.000000,261.225627,0.000000,219.610028
14558,6640.441128,0.000000,47.000000,260.724234,0.000000,211.587744
14559,6640.441128,0.000000,47.000000,260.222841,0.000000,203.565460
14560,6640.441128,0.000000,47.000000,259.721448,0.000000,195.543175
14561,6640.441128,0.000000,47.000000,259.220056,0.000000,187.520891
14562,6640.441128,0.000000,47.000000,258.718663,0.000000,179.498607
14563,6640.441128,0.000000,47.000000,258.217270,0.000000,171.476323
14564,6640.441128,0.000000,47.000000,257.715877,0.000000,163.454039
14565,6640.441128,0.000000,47.000000,257.214485,0.000000,155.431755
14566,6640.441128,0.000000,47.000000,256.713092,0.000000,147.409471
14567,6640.441128,0.000000,47.000000,256.211699,0.000000,139.387187
14568,6640.441128,0.000000,47.000000,255.710306,0.000000,131.364903
14569,6640.441128,0.000000,47.000000,255.208914,0.000000,123.342618
14570,6640.441128,0.000000,47.000000,254.707521,0.000000,115.320334
14571,6640.441128,0.000000,47.000000,254.206128,0.000000,107.298050
14572,6640.441128,0.000000,47.000000,253.704735,0.000000,99.275766
14573,6640.441128,0.000000,47.000000,253.203343,0.000000,91.253482
14574,6640.441128,0.000000,47.000000,252.701950,0.000000,83.231198
14575,6640.441128,0.000000,47.000000,252.200557,0.000000,75.208914
14576,6640.441128,0.000000,47.000000,251.699164,0.000000,67.186630
14577,6640.441128,0.000000,47.000000,251.197772,0.000000,59.164345
14578,6640.441128,0.000000,47.000000,250.696379,0.000000,51.142061
14579,6640.441128,0.000000,47.000000,250.194986,0.000000,43.119777
14580,6640.441128,0.000000,47.000000,249.693593,0.000000,35.097493
14581,6640.441128,0.000000,47.000000,249.192201,0.000000,27.075209
14582,6640.441128,0.000000,47.000000,248.690808,0.000000,19.052925
14583,6640.441128,0.000000,47.000000,248.189415,0.000000,11.030641
14584,6640.441128,0.000000,47.000000,247.688022,0.000000,3.008357
14585,6640.441128,0.000000,47.000000,247.186630,0.000000,354.986072
14586,6640.441128,0.000000,47.000000,246.685237,0.000000,346.963788
14587,6640.441128,0.000000,47.000000,246.183844,0.000000,338.941504
14588,6640.441128,0.000000,47.000000,245.682451,0.000000,330.919220
14589,6640.441128,0.000000,47.000000,245.181058,0.000000,322.896936
14590,6640.441128,0.000000,47.000000,244.679666,0.000000,314.874652
14591,6640.441128,0.000000,47.000000,244.178273,0.000000,306.852368
14592,6640.441128,0.000000,47.000000,243.676880,0.000000,298.830084
14593,6640.441128,0.000000,47.000000,243.175487,0.000000,290.807799
14594,6640.441128,0.000000,47.000000,242.674095,0.000000,282.785515
14595,6640.441128,0.000000,47.000000,242.172702,0.000000,274.763231
14596,6640.441128,0.000000,47.000000,241.671309,0.000000,266.740947
14597,6640.441128,0.000000,47.000000,241.169916,0.000000,258.718663
14598,6640.441128,0.000000,47.000000,240.668524,0.000000,250.696379
14599,6640.441128,0.000000,47.000000,240.167131,0.000000,242.674095
14600,6640.441128,0.000000,47.000000,239.665738,0.000000,234.651811
14601,6640.441128,0.000000,47.000000,239.164345,0.000000,226.629526
14602,6640.441128,0.000000,47.000000,238.662953,0.000000,218.607242
14603,6640.441128,0.000000,47.000000,238.161560,0.000000,210.584958
14604,6640.441128,0.000000,47.000000,237.660167,0.000000,202.562674
14605,6640.441128,0.000000,47.000000,237.158774,0.000000,194.540390
14606,6640.441128,0.000000,47.000000,236.657382,0.000000,186.518106
14607,6640.441128,0.000000,47.000000,236.155989,0.000000,178.495822
14608,6640.441128,0.000000,47.000000,235.654596,0.000000,170.473538
14609,6640.441128,0.000000,47.000000,235.153203,0.000000,162.451253
14610,6640.441128,0.000000,47.000000,234.651811,0.000000,154.428969
14611,6640.441128,0.000000,47.000000,234.150418,0.000000,146.406685
14612,6640.441128,0.000000,47.000000,233.649025,0.000000,138.384401
14613,6640.441128,0.000000,47.000000,233.147632,0.000000,130.362117
14614,6640.441128,0.000000,47.000000,232.646240,0.000000,122.339833
14615,6640.441128,0.000000,47.000000,232.144847,0.000000,114.317549
14616,6640.441128,0.000000,47.000000,231.643454,0.000000,106.295265
14617,6640.441128,0.000000,47.000000,231.142061,0.000000,98.272981
14618,6640.441128,0.000000,47.000000,230.640669,0.000000,90.250696
14619,6640.441128,0.000000,47.000000,230.139276,0.000000,82.228412
14620,6640.441128,0.000000,47.000000,229.637883,0.000000,74.206128
14621,6640.441128,0.000000,47.000000,229.136490,0.000000,66.183844
14622,6640.441128,0.000000,47.000000,228.635097,0.000000,58.161560
14623,6640.441128,0.000000,47.000000,228.133705,0.000000,50.139276
14624,6640.441128,0.000000,47.000000,227.632312,0.000000,42.116992
14625,6640.441128,0.000000,47.000000,227.130919,0.000000,34.094708
14626,6640.441128,0.000000,47.000000,226.629526,0.000000,26.072423
14627,6640.441128,0.000000,47.000000,226.128134,0.000000,18.050139
14628,6640.441128,0.000000,47.000000,225.626741,0.000000,10.027855
14629,6640.441128,0.000000,47.000000,225.125348,0.000000,2.005571
14630,6640.441128,0.000000,47.000000,224.623955,0.000000,353.983287
14631,6640.441128,0.000000,47.000000,224.122563,0.000000,345.961003
14632,6640.441128,0.000000,47.000000,223.621170,0.000000,337.938719
14633,6640.441128,0.000000,47.000000,223.119777,0.000000,329.916435
14634,6640.441128,0.000000,47.000000,222.618384,0.000000,321.894150
14635,6640.441128,0.000000,47.000000,222.116992,0.000000,313.871866
14636,6640.441128,0.000000,47.000000,221.615599,0.000000,305.849582
14637,6640.441128,0.000000,47.000000,221.114206,0.000000,297.827298
14638,6640.441128,0.000000,47.000000,220.612813,0.000000,289.805014
14639,6640.441128,0.000000,47.000000,220.111421,0.000000,281.782730
14640,6640.441128,0.000000,47.000000,219.610028,0.000000,273.760446
14641,6640.441128,0.000000,47.000000,219.108635,0.000000,265.738162
14642,6640.441128,0.000000,47.000000,218.607242,0.000000,257.715877
14643,6640.441128,0.000000,47.000000,218.105850,0.000000,249.693593
14644,6640.441128,0.000000,47.000000,217.604457,0.000000,241.671309
14645,6640.441128,0.000000,47.000000,217.103064,0.000000,233.649025
14646,6640.441128,0.000000,47.000000,216.601671,0.000000,225.626741
14647,6640.441128,0.000000,47.000000,216.100279,0.000000,217.604457
14648,6640.441128,0.000000,47.000000,215.598886,0.000000,209.582173
14649,6640.441128,0.000000,47.000000,215.097493,0.000000,201.559889
14650,6640.441128,0.000000,47.000000,214.596100,0.000000,193.537604
14651,6640.441128,0.000000,47.000000,214.094708,0.000000,185.515320
14652,6640.441128,0.000000,47.000000,213.593315,0.000000,177.493036
14653,6640.441128,0.000000,47.000000,213.091922,0.000000,169.470752
14654,6640.441128,0.000000,47.000000,212.590529,0.000000,161.448468
14655,6640.441128,0.000000,47.000000,212.089136,0.000000,153.426184
14656,6640.441128,0.000000,47.000000,211.587744,0.000000,145.403900
14657,6640.441128,0.000000,47.000000,211.086351,0.000000,137.381616
14658,6640.441128,0.000000,47.000000,210.584958,0.000000,129.359331
14659,6640.441128,0.000000,47.000000,210.083565,0.000000,121.337047
14660,6640.441128,0.000000,47.000000,209.582173,0.000000,113.314763
14661,6640.441128,0.000000,47.000000,209.080780,0.000000,105.292479
14662,6640.441128,0.000000,47.000000,208.579387,0.000000,97.270195
14663,6640.441128,0.000000,47.000000,208.077994,0.000000,89.247911
14664,6640.441128,0.000000,47.000000,207.576602,0.000000,81.225627
14665,6640.441128,0.000000,47.000000,207.075209,0.000000,73.203343
14666,6640.441128,0.000000,47.000000,206.573816,0.000000,65.181058
14667,6640.441128,0.000000,47.000000,206.072423,0.000000,57.158774
14668,6640.441128,0.000000,47.000000,205.571031,0.000000,49.136490
14669,6640.441128,0.000000,47.000000,205.069638,0.000000,41.114206
14670,6640.441128,0.000000,47.000000,204.568245,0.000000,33.091922
14671,6640.441128,0.000000,47.000000,204.066852,0.000000,25.069638
14672,6640.441128,0.000000,47.000000,203.565460,0.000000,17.047354
14673,6640.441128,0.000000,47.000000,203.064067,0.000000,9.025070
14674,6640.441128,0.000000,47.000000,202.562674,0.000000,1.002786
14675,6640.441128,0.000000,47.000000,202.061281,0.000000,352.980501
14676,6640.441128,0.000000,47.000000,201.559889,0.000000,344.958217
14677,6640.441128,0.000000,47.000000,201.058496,0.000000,336.935933
14678,6640.441128,0.000000,47.000000,200.557103,0.000000,328.913649
14679,6640.441128,0.000000,47.000000,200.055710,0.000000,320.891365
14680,6640.441128,0.000000,47.000000,199.554318,0.000000,312.869081
14681,6640.441128,0.000000,47.000000,199.052925,0.000000,304.846797
14682,6640.441128,0.000000,47.000000,198.551532,0.000000,296.824513
14683,6640.441128,0.000000,47.000000,198.050139,0.000000,288.802228
14684,6640.441128,0.000000,47.000000,197.548747,0.000000,280.779944
14685,6640.441128,0.000000,47.000000,197.047354,0.000000,272.757660
14686,6640.441128,0.000000,47.000000,196.545961,0.000000,264.735376
14687,6640.441128,0.000000,47.000000,196.044568,0.000000,256.713092
14688,6640.441128,0.000000,47.000000,195.543175,0.000000,248.690808
14689,6640.441128,0.000000,47.000000,195.041783,0.000000,240.668524
14690,6640.441128,0.000000,47.000000,194.540390,0.000000,232.646240
14691,6640.441128,0.000000,47.000000,194.038997,0.000000,224.623955
14692,6640.441128,0.000000,47.000000,193.537604,0.000000,216.601671
14693,6640.441128,0.000000,47.000000,193.036212,0.000000,208.579387
14694,6640.441128,0.000000,47.000000,192.534819,0.000000,200.557103
14695,6640.441128,0.000000,47.000000,192.033426,0.000000,192.534819
14696,6640.441128,0.000000,47.000000,191.532033,0.000000,184.512535
14697,6640.441128,0.000000,47.000000,191.030641,0.000000,176.490251
14698,6640.441128,0.000000,47.000000,190.529248,0.000000,168.467967
14699,6640.441128,0.000000,47.000000,190.027855,0.000000,160.445682
14700,6640.441128,0.000000,47.000000,189.526462,0.000000,152.423398
14701,6640.441128,0.000000,47.000000,189.025070,0.000000,144.401114
14702,6640.441128,0.000000,47.000000,188.523677,0.000000,136.378830
14703,6640.441128,0.000000,47.000000,188.022284,0.000000,128.356546
14704,6640.441128,0.000000,47.000000,187.520891,0.000000,120.334262
14705,6640.441128,0.000000,47.000000,187.019499,0.000000,112.311978
14706,6640.441128,0.000000,47.000000,186.518106,0.000000,104.289694
14707,6640.441128,0.000000,47.000000,186.016713,0.000000,96.267409
14708,6640.441128,0.000000,47.000000,185.515320,0.000000,88.245125
14709,6640.441128,0.000000,47.000000,185.013928,0.000000,80.222841
14710,6640.441128,0.000000,47.000000,184.512535,0.000000,72.200557
14711,6640.441128,0.000000,47.000000,184.011142,0.000000,64.178273
14712,6640.441128,0.000000,47.000000,183.509749,0.000000,56.155989
14713,6640.441128,0.000000,47.000000,183.008357,0.000000,48.133705
14714,6640.441128,0.000000,47.000000,182.506964,0.000000,40.111421
14715,6640.441128,0.000000,47.000000,182.005571,0.000000,32.089136
14716,6640.441128,0.000000,47.000000,181.504178,0.000000,24.066852
14717,6640.441128,0.000000,47.000000,181.002786,0.000000,16.044568
14718,6640.441128,0.000000,47.000000,180.501393,0.000000,8.022284
14719,6640.441128,0.000000,47.000000,180.000000,0.000000,360.000000
14720,6640.441128,0.000000,47.000000,179.498607,0.000000,351.977716
14721,6640.441128,0.000000,47.000000,178.997214,0.000000,343.955432
14722,6640.441128,0.000000,47.000000,178.495822,0.000000,335.933148
14723,6640.441128,0.000000,47.000000,177.994429,0.000000,327.910864
14724,6640.441128,0.000000,47.000000,177.493036,0.000000,319.888579
14725,6640.441128,0.000000,47.000000,176.991643,0.000000,311.866295
14726,6640.441128,0.000000,47.000000,176.490251,0.000000,303.844011
14727,6640.441128,0.000000,47.000000,175.988858,0.000000,295.821727
14728,6640.441128,0.000000,47.000000,175.487465,0.000000,287.799443
14729,6640.441128,0.000000,47.000000,174.986072,0.000000,279.777159
14730,6640.441128,0.000000,47.000000,174.484680,0.000000,271.754875
14731,6640.441128,0.000000,47.000000,173.983287,0.000000,263.732591
14732,6640.441128,0.000000,47.000000,173.481894,0.000000,255.710306
14733,6640.441128,0.000000,47.000000,172.980501,0.000000,247.688022
14734,6640.441128,0.000000,47.000000,172.479109,0.000000,239.665738
14735,6640.441128,0.000000,47.000000,171.977716,0.000000,231.643454
14736,6640.441128,0.000000,47.000000,171.476323,0.000000,223.621170
14737,6640.441128,0.000000,47.000000,170.974930,0.000000,215.598886
14738,6640.441128,0.000000,47.000000,170.473538,0.000000,207.576602
14739,6640.441128,0.000000,47.000000,169.972145,0.000000,199.554318
14740,6640.441128,0.000000,47.000000,169.470752,0.000000,191.532033
14741,6640.441128,0.000000,47.000000,168.969359,0.000000,183.509749
14742,6640.441128,0.000000,47.000000,168.467967,0.000000,175.487465
14743,6640.441128,0.000000,47.000000,167.966574,0.000000,167.465181
14744,6640.441128,0.000000,47.000000,167.465181,0.000000,159.442897
14745,6640.441128,0.000000,47.000000,166.963788,0.000000,151.420613
14746,6640.441128,0.000000,47.000000,166.462396,0.000000,143.398329
14747,6640.441128,0.000000,47.000000,165.961003,0.000000,135.376045
14748,6640.441128,0.000000,47.000000,165.459610,0.000000,127.353760
14749,6640.441128,0.000000,47.000000,164.958217,0.000000,119.331476
14750,6640.441128,0.000000,47.000000,164.456825,0.000000,111.309192
14751,6640.441128,0.000000,47.000000,163.955432,0.000000,103.286908
14752,6640.441128,0.000000,47.000000,163.454039,0.000000,95.264624
14753,6640.441128,0.000000,47.000000,162.952646,0.000000,87.242340
14754,6640.441128,0.000000,47.000000,162.451253,0.000000,79.220056
14755,6640.441128,0.000000,47.000000,161.949861,0.000000,71.197772
14756,6640.441128,0.000000,47.000000,161.448468,0.000000,63.175487
14757,6640.441128,0.000000,47.000000,160.947075,0.000000,55.153203
14758,6640.441128,0.000000,47.000000,160.445682,0.000000,47.130919
14759,6640.441128,0.000000,47.000000,159.944290,0.000000,39.108635
14760,6640.441128,0.000000,47.000000,159.442897,0.000000,31.086351
14761,6640.441128,0.000000,47.000000,158.941504,0.000000,23.064067
14762,6640.441128,0.000000,47.000000,158.440111,0.000000,15.041783
14763,6640.441128,0.000000,47.000000,157.938719,0.000000,7.019499
14764,6640.441128,0.000000,47.000000,157.437326,0.000000,358.997214
14765,6640.441128,0.000000,47.000000,156.935933,0.000000,350.974930
14766,6640.441128,0.000000,47.000000,156.434540,0.000000,342.952646
14767,6640.441128,0.000000,47.000000,155.933148,0.000000,334.930362
14768,6640.441128,0.000000,47.000000,155.431755,0.000000,326.908078
14769,6640.441128,0.000000,47.000000,154.930362,0.000000,318.885794
14770,6640.441128,0.000000,47.000000,154.428969,0.000000,310.863510
14771,6640.441128,0.000000,47.000000,153.927577,0.000000,302.841226
14772,6640.441128,0.000000,47.000000,153.426184,0.000000,294.818942
14773,6640.441128,0.000000,47.000000,152.924791,0.000000,286.796657
14774,6640.441128,0.000000,47.000000,152.423398,0.000000,278.774373
14775,6640.441128,0.000000,47.000000,151.922006,0.000000,270.752089
14776,6640.441128,0.000000,47.000000,151.420613,0.000000,262.729805
14777,6640.441128,0.000000,47.000000,150.919220,0.000000,254.707521
14778,6640.441128,0.000000,47.000000,150.417827,0.000000,246.685237
14779,6640.441128,0.000000,47.000000,149.916435,0.000000,238.662953
14780,6640.441128,0.000000,47.000000,149.415042,0.000000,230.640669
14781,6640.441128,0.000000,47.000000,148.913649,0.000000,222.618384
14782,6640.441128,0.000000,47.000000,148.412256,0.000000,214.596100
14783,6640.441128,0.000000,47.000000,147.910864,0.000000,206.573816
14784,6640.441128,0.000000,47.000000,147.409471,0.000000,198.551532
14785,6640.441128,0.000000,47.000000,146.908078,0.000000,190.529248
14786,6640.441128,0.000000,47.000000,146.406685,0.000000,182.506964
14787,6640.441128,0.000000,47.000000,145.905292,0.000000,174.484680
14788,6640.441128,0.000000,47.000000,145.403900,0.000000,166.462396
14789,6640.441128,0.000000,47.000000,144.902507,0.000000,158.440111
14790,6640.441128,0.000000,47.000000,144.401114,0.000000,150.417827
14791,6640.441128,0.000000,47.000000,143.899721,0.000000,142.395543
14792,6640.441128,0.000000,47.000000,143.398329,0.000000,134.373259
14793,6640.441128,0.000000,47.000000,142.896936,0.000000,126.350975
14794,6640.441128,0.000000,47.000000,142.395543,0.000000,118.328691
14795,6640.441128,0.000000,47.000000,141.894150,0.000000,110.306407
14796,6640.441128,0.000000,47.000000,141.392758,0.000000,102.284123
14797,6640.441128,0.000000,47.000000,140.891365,0.000000,94.261838
14798,6640.441128,0.000000,47.000000,140.389972,0.000000,86.239554
14799,6640.441128,0.000000,47.000000,139.888579,0.000000,78.217270
14800,6640.441128,0.000000,47.000000,139.387187,0.000000,70.194986
14801,6640.441128,0.000000,47.000000,138.885794,0.000000,62.172702
14802,6640.441128,0.000000,47.000000,138.384401,0.000000,54.150418
14803,6640.441128,0.000000,47.000000,137.883008,0.000000,46.128134
14804,6640.441128,0.000000,47.000000,137.381616,0.000000,38.105850
14805,6640.441128,0.000000,47.000000,136.880223,0.000000,30.083565
14806,6640.441128,0.000000,47.000000,136.378830,0.000000,22.061281
14807,6640.441128,0.000000,47.000000,135.877437,0.000000,14.038997
14808,6640.441128,0.000000,47.000000,135.376045,0.000000,6.016713
14809,6640.441128,0.000000,47.000000,134.874652,0.000000,357.994429
14810,6640.441128,0.000000,47.000000,134.373259,0.000000,349.972145
14811,6640.441128,0.000000,47.000000,133.871866,0.000000,341.949861
14812,6640.441128,0.000000,47.000000,133.370474,0.000000,333.927577
14813,6640.441128,0.000000,47.000000,132.869081,0.000000,325.905292
14814,6640.441128,0.000000,47.000000,132.367688,0.000000,317.883008
14815,6640.441128,0.000000,47.000000,131.866295,0.000000,309.860724
14816,6640.441128,0.000000,47.000000,131.364903,0.000000,301.838440
14817,6640.441128,0.000000,47.000000,130.863510,0.000000,293.816156
14818,6640.441128,0.000000,47.000000,130.362117,0.000000,285.793872
14819,6640.441128,0.000000,47.000000,129.860724,0.000000,277.771588
14820,6640.441128,0.000000,47.000000,129.359331,0.000000,269.749304
14821,6640.441128,0.000000,47.000000,128.857939,0.000000,261.727019
14822,6640.441128,0.000000,47.000000,128.356546,0.000000,253.704735
14823,6640.441128,0.000000,47.000000,127.855153,0.000000,245.682451
14824,6640.441128,0.000000,47.000000,127.353760,0.000000,237.660167
14825,6640.441128,0.000000,47.000000,126.852368,0.000000,229.637883
14826,6640.441128,0.000000,47.000000,126.350975,0.000000,221.615599
14827,6640.441128,0.000000,47.000000,125.849582,0.000000,213.593315
14828,6640.441128,0.000000,47.000000,125.348189,0.000000,205.571031
14829,6640.441128,0.000000,47.000000,124.846797,0.000000,197.548747
14830,6640.441128,0.000000,47.000000,124.345404,0.000000,189.526462
14831,6640.441128,0.000000,47.000000,123.844011,0.000000,181.504178
14833,6640.441128,0.000000,47.000000,122.841226,0.000000,165.459610
14834,6640.441128,0.000000,47.000000,122.339833,0.000000,157.437326
14835,6640.441128,0.000000,47.000000,121.838440,0.000000,149.415042
14836,6640.441128,0.000000,47.000000,121.337047,0.000000,141.392758
14837,6640.441128,0.000000,47.000000,120.835655,0.000000,133.370474
14838,6640.441128,0.000000,47.000000,120.334262,0.000000,125.348189
14839,6640.441128,0.000000,47.000000,119.832869,0.000000,117.325905
14840,6640.441128,0.000000,47.000000,119.331476,0.000000,109.303621
14841,6640.441128,0.000000,47.000000,118.830084,0.000000,101.281337
14842,6640.441128,0.000000,47.000000,118.328691,0.000000,93.259053
14843,6640.441128,0.000000,47.000000,117.827298,0.000000,85.236769
14844,6640.441128,0.000000,47.000000,117.325905,0.000000,77.214485
14845,6640.441128,0.000000,47.000000,116.824513,0.000000,69.192201
14846,6640.441128,0.000000,47.000000,116.323120,0.000000,61.169916
14847,6640.441128,0.000000,47.000000,115.821727,0.000000,53.147632
14848,6640.441128,0.000000,47.000000,115.320334,0.000000,45.125348
14849,6640.441128,0.000000,47.000000,114.818942,0.000000,37.103064
14850,6640.441128,0.000000,47.000000,114.317549,0.000000,29.080780
14851,6640.441128,0.000000,47.000000,113.816156,0.000000,21.058496
14852,6640.441128,0.000000,47.000000,113.314763,0.000000,13.036212
14853,6640.441128,0.000000,47.000000,112.813370,0.000000,5.013928
14854,6640.441128,0.000000,47.000000,112.311978,0.000000,356.991643
14855,6640.441128,0.000000,47.000000,111.810585,0.000000,348.969359
14856,6640.441128,0.000000,47.000000,111.309192,0.000000,340.947075
14857,6640.441128,0.000000,47.000000,110.807799,0.000000,332.924791
14858,6640.441128,0.000000,47.000000,110.306407,0.000000,324.902507
14859,6640.441128,0.000000,47.000000,109.805014,0.000000,316.880223
14860,6640.441128,0.000000,47.000000,109.303621,0.000000,308.857939
14861,6640.441128,0.000000,47.000000,108.802228,0.000000,300.835655
14862,6640.441128,0.000000,47.000000,108.300836,0.000000,292.813370
14863,6640.441128,0.000000,47.000000,107.799443,0.000000,284.791086
14864,6640.441128,0.000000,47.000000,107.298050,0.000000,276.768802
14865,6640.441128,0.000000,47.000000,106.796657,0.000000,268.746518
14867,6640.441128,0.000000,47.000000,105.793872,0.000000,252.701950
14868,6640.441128,0.000000,47.000000,105.292479,0.000000,244.679666
14869,6640.441128,0.000000,47.000000,104.791086,0.000000,236.657382
14870,6640.441128,0.000000,47.000000,104.289694,0.000000,228.635097
14871,6640.441128,0.000000,47.000000,103.788301,0.000000,220.612813
14872,6640.441128,0.000000,47.000000,103.286908,0.000000,212.590529
14873,6640.441128,0.000000,47.000000,102.785515,0.000000,204.568245
14874,6640.441128,0.000000,47.000000,102.284123,0.000000,196.545961
14875,6640.441128,0.000000,47.000000,101.782730,0.000000,188.523677
14876,6640.441128,0.000000,47.000000,101.281337,0.000000,180.501393
14877,6640.441128,0.000000,47.000000,100.779944,0.000000,172.479109
14878,6640.441128,0.000000,47.000000,100.278552,0.000000,164.456825
14879,6640.441128,0.000000,47.000000,99.777159,0.000000,156.434540
14880,6640.441128,0.000000,47.000000,99.275766,0.000000,148.412256
14881,6640.441128,0.000000,47.000000,98.774373,0.000000,140.389972
14882,6640.441128,0.000000,47.000000,98.272981,0.000000,132.367688
14883,6640.441128,0.000000,47.000000,97.771588,0.000000,124.345404
14884,6640.441128,0.000000,47.000000,97.270195,0.000000,116.323120
14885,6640.441128,0.000000,47.000000,96.768802,0.000000,108.300836
14886,6640.441128,0.000000,47.000000,96.267409,0.000000,100.278552
14887,6640.441128,0.000000,47.000000,95.766017,0.000000,92.256267
14888,6640.441128,0.000000,47.000000,95.264624,0.000000,84.233983
14889,6640.441128,0.000000,47.000000,94.763231,0.000000,76.211699
14890,6640.441128,0.000000,47.000000,94.261838,0.000000,68.189415
14891,6640.441128,0.000000,47.000000,93.760446,0.000000,60.167131
14892,6640.441128,0.000000,47.000000,93.259053,0.000000,52.144847
14893,6640.441128,0.000000,47.000000,92.757660,0.000000,44.122563
14894,6640.441128,0.000000,47.000000,92.256267,0.000000,36.100279
14895,6640.441128,0.000000,47.000000,91.754875,0.000000,28.077994
14896,6640.441128,0.000000,47.000000,91.253482,0.000000,20.055710
14897,6640.441128,0.000000,47.000000,90.752089,0.000000,12.033426
14898,6640.441128,0.000000,47.000000,90.250696,0.000000,4.011142
14899,6640.441128,0.000000,47.000000,89.749304,0.000000,355.988858
14900,6640.441128,0.000000,47.000000,89.247911,0.000000,347.966574
14901,6640.441128,0.000000,47.000000,88.746518,0.000000,339.944290
14902,6640.441128,0.000000,47.000000,88.245125,0.000000,331.922006
14903,6640.441128,0.000000,47.000000,87.743733,0.000000,323.899721
14904,6640.441128,0.000000,47.000000,87.242340,0.000000,315.877437
14905,6640.441128,0.000000,47.000000,86.740947,0.000000,307.855153
14906,6640.441128,0.000000,47.000000,86.239554,0.000000,299.832869
14907,6640.441128,0.000000,47.000000,85.738162,0.000000,291.810585
14908,6640.441128,0.000000,47.000000,85.236769,0.000000,283.788301
14909,6640.441128,0.000000,47.000000,84.735376,0.000000,275.766017
14910,6640.441128,0.000000,47.000000,84.233983,0.000000,267.743733
14911,6640.441128,0.000000,47.000000,83.732591,0.000000,259.721448
14912,6640.441128,0.000000,47.000000,83.231198,0.000000,251.699164
14913,6640.441128,0.000000,47.000000,82.729805,0.000000,243.676880
14914,6640.441128,0.000000,47.000000,82.228412,0.000000,235.654596
14915,6640.441128,0.000000,47.000000,81.727019,0.000000,227.632312
14916,6640.441128,0.000000,47.000000,81.225627,0.000000,219.610028
14917,6640.441128,0.000000,47.000000,80.724234,0.000000,211.587744
14918,6640.441128,0.000000,47.000000,80.222841,0.000000,203.565460
14919,6640.441128,0.000000,47.000000,79.721448,0.000000,195.543175
14920,6640.441128,0.000000,47.000000,79.220056,0.000000,187.520891
14921,6640.441128,0.000000,47.000000,78.718663,0.000000,179.498607
14922,6640.441128,0.000000,47.000000,78.217270,0.000000,171.476323
14923,6640.441128,0.000000,47.000000,77.715877,0.000000,163.454039
14924,6640.441128,0.000000,47.000000,77.214485,0.000000,155.431755
14925,6640.441128,0.000000,47.000000,76.713092,0.000000,147.409471
14926,6640.441128,0.000000,47.000000,76.211699,0.000000,139.387187
14927,6640.441128,0.000000,47.000000,75.710306,0.000000,131.364903
14928,6640.441128,0.000000,47.000000,75.208914,0.000000,123.342618
14929,6640.441128,0.000000,47.000000,74.707521,0.000000,115.320334
14930,6640.441128,0.000000,47.000000,74.206128,0.000000,107.298050
14931,6640.441128,0.000000,47.000000,73.704735,0.000000,99.275766
14932,6640.441128,0.000000,47.000000,73.203343,0.000000,91.253482
14933,6640.441128,0.000000,47.000000,72.701950,0.000000,83.231198
14934,6640.441128,0.000000,47.000000,72.200557,0.000000,75.208914
14935,6640.441128,0.000000,47.000000,71.699164,0.000000,67.186630
14936,6640.441128,0.000000,47.000000,71.197772,0.000000,59.164345
14937,6640.441128,0.000000,47.000000,70.696379,0.000000,51.142061
14938,6640.441128,0.000000,47.000000,70.194986,0.000000,43.119777
14939,6640.441128,0.000000,47.000000,69.693593,0.000000,35.097493
14940,6640.441128,0.000000,47.000000,69.192201,0.000000,27.075209
14941,6640.441128,0.000000,47.000000,68.690808,0.000000,19.052925
14942,6640.441128,0.000000,47.000000,68.189415,0.000000,11.030641
14943,6640.441128,0.000000,47.000000,67.688022,0.000000,3.008357
14944,6640.441128,0.000000,47.000000,67.186630,0.000000,354.986072
14945,6640.441128,0.000000,47.000000,66.685237,0.000000,346.963788
14946,6640.441128,0.000000,47.000000,66.183844,0.000000,338.941504
14947,6640.441128,0.000000,47.000000,65.682451,0.000000,330.919220
14948,6640.441128,0.000000,47.000000,65.181058,0.000000,322.896936
14949,6640.441128,0.000000,47.000000,64.679666,0.000000,314.874652
14950,6640.441128,0.000000,47.000000,64.178273,0.000000,306.852368
14951,6640.441128,0.000000,47.000000,63.676880,0.000000,298.830084
14952,6640.441128,0.000000,47.000000,63.175487,0.000000,290.807799
14953,6640.441128,0.000000,47.000000,62.674095,0.000000,282.785515
14954,6640.441128,0.000000,47.000000,62.172702,0.000000,274.763231
14955,6640.441128,0.000000,47.000000,61.671309,0.000000,266.740947
14956,6640.441128,0.000000,47.000000,61.169916,0.000000,258.718663
14957,6640.441128,0.000000,47.000000,60.668524,0.000000,250.696379
14958,6640.441128,0.000000,47.000000,60.167131,0.000000,242.674095
14959,6640.441128,0.000000,47.000000,59.665738,0.000000,234.651811
14960,6640.441128,0.000000,47.000000,59.164345,0.000000,226.629526
14961,6640.441128,0.000000,47.000000,58.662953,0.000000,218.607242
14962,6640.441128,0.000000,47.000000,58.161560,0.000000,210.584958
14963,6640.441128,0.000000,47.000000,57.660167,0.000000,202.562674
14964,6640.441128,0.000000,47.000000,57.158774,0.000000,194.540390
14965,6640.441128,0.000000,47.000000,56.657382,0.000000,186.518106
14966,6640.441128,0.000000,47.000000,56.155989,0.000000,178.495822
14967,6640.441128,0.000000,47.000000,55.654596,0.000000,170.473538
14968,6640.441128,0.000000,47.000000,55.153203,0.000000,162.451253
14969,6640.441128,0.000000,47.000000,54.651811,0.000000,154.428969
14970,6640.441128,0.000000,47.000000,54.150418,0.000000,146.406685
14971,6640.441128,0.000000,47.000000,53.649025,0.000000,138.384401
14972,6640.441128,0.000000,47.000000,53.147632,0.000000,130.362117
14973,6640.441128,0.000000,47.000000,52.646240,0.000000,122.339833
14974,6640.441128,0.000000,47.000000,52.144847,0.000000,114.317549
14975,6640.441128,0.000000,47.000000,51.643454,0.000000,106.295265
14976,6640.441128,0.000000,47.000000,51.142061,0.000000,98.272981
14977,6640.441128,0.000000,47.000000,50.640669,0.000000,90.250696
14978,6640.441128,0.000000,47.000000,50.139276,0.000000,82.228412
14979,6640.441128,0.000000,47.000000,49.637883,0.000000,74.206128
14980,6640.441128,0.000000,47.000000,49.136490,0.000000,66.183844
14981,6640.441128,0.000000,47.000000,48.635097,0.000000,58.161560
14982,6640.441128,0.000000,47.000000,48.133705,0.000000,50.139276
14983,6640.441128,0.000000,47.000000,47.632312,0.000000,42.116992
14984,6640.441128,0.000000,47.000000,47.130919,0.000000,34.094708
14985,6640.441128,0.000000,47.000000,46.629526,0.000000,26.072423
14986,6640.441128,0.000000,47.000000,46.128134,0.000000,18.050139
14987,6640.441128,0.000000,47.000000,45.626741,0.000000,10.027855
14988,6640.441128,0.000000,47.000000,45.125348,0.000000,2.005571
14989,6640.441128,0.000000,47.000000,44.623955,0.000000,353.983287
14990,6640.441128,0.000000,47.000000,44.122563,0.000000,345.961003
14991,6640.441128,0.000000,47.000000,43.621170,0.000000,337.938719
14992,6640.441128,0.000000,47.000000,43.119777,0.000000,329.916435
14993,6640.441128,0.000000,47.000000,42.618384,0.000000,321.894150
14994,6640.441128,0.000000,47.000000,42.116992,0.000000,313.871866
14996,6640.441128,0.000000,47.000000,41.114206,0.000000,297.827298
14997,6640.441128,0.000000,47.000000,40.612813,0.000000,289.805014
14998,6640.441128,0.000000,47.000000,40.111421,0.000000,281.782730
14999,6640.441128,0.000000,47.000000,39.610028,0.000000,273.760446
15000,6640.441128,0.000000,47.000000,39.108635,0.000000,265.738162
15001,6640.441128,0.000000,47.000000,38.607242,0.000000,257.715877
15002,6640.441128,0.000000,47.000000,38.105850,0.000000,249.693593
15003,6640.441128,0.000000,47.000000,37.604457,0.000000,241.671309
15004,6640.441128,0.000000,47.000000,37.103064,0.000000,233.649025
15005,6640.441128,0.000000,47.000000,36.601671,0.000000,225.626741
15006,6640.441128,0.000000,47.000000,36.100279,0.000000,217.604457
15007,6640.441128,0.000000,47.000000,35.598886,0.000000,209.582173
15008,6640.441128,0.000000,47.000000,35.097493,0.000000,201.559889
15009,6640.441128,0.000000,47.000000,34.596100,0.000000,193.537604
15010,6640.441128,0.000000,47.000000,34.094708,0.000000,185.515320
15011,6640.441128,0.000000,47.000000,33.593315,0.000000,177.493036
15012,6640.441128,0.000000,47.000000,33.091922,0.000000,169.470752
15013,6640.441128,0.000000,47.000000,32.590529,0.000000,161.448468
15014,6640.441128,0.000000,47.000000,32.089136,0.000000,153.426184
15015,6640.441128,0.000000,47.000000,31.587744,0.000000,145.403900
15016,6640.441128,0.000000,47.000000,31.086351,0.000000,137.381616
15017,6640.441128,0.000000,47.000000,30.584958,0.000000,129.359331
15018,6640.441128,0.000000,47.000000,30.083565,0.000000,121.337047
15019,6640.441128,0.000000,47.000000,29.582173,0.000000,113.314763
15020,6640.441128,0.000000,47.000000,29.080780,0.000000,105.292479
15021,6640.441128,0.000000,47.000000,28.579387,0.000000,97.270195
15022,6640.441128,0.000000,47.000000,28.077994,0.000000,89.247911
15023,6640.441128,0.000000,47.000000,27.576602,0.000000,81.225627
15024,6640.441128,0.000000,47.000000,27.075209,0.000000,73.203343
15025,6640.441128,0.000000,47.000000,26.573816,0.000000,65.181058
15026,6640.441128,0.000000,47.000000,26.072423,0.000000,57.158774
15027,6640.441128,0.000000,47.000000,25.571031,0.000000,49.136490
15028,6640.441128,0.000000,47.000000,25.069638,0.000000,41.114206
15029,6640.441128,0.000000,47.000000,24.568245,0.000000,33.091922
15030,6640.441128,0.000000,47.000000,24.066852,0.000000,25.069638
15031,6640.441128,0.000000,47.000000,23.565460,0.000000,17.047354
15032,6640.441128,0.000000,47.000000,23.064067,0.000000,9.025070
15033,6640.441128,0.000000,47.000000,22.562674,0.000000,1.002786
15034,6640.441128,0.000000,47.000000,22.061281,0.000000,352.980501
15035,6640.441128,0.000000,47.000000,21.559889,0.000000,344.958217
15036,6640.441128,0.000000,47.000000,21.058496,0.000000,336.935933
15037,6640.441128,0.000000,47.000000,20.557103,0.000000,328.913649
15038,6640.441128,0.000000,47.000000,20.055710,0.000000,320.891365
15039,6640.441128,0.000000,47.000000,19.554318,0.000000,312.869081
15040,6640.441128,0.000000,47.000000,19.052925,0.000000,304.846797
15041,6640.441128,0.000000,47.000000,18.551532,0.000000,296.824513
15042,6640.441128,0.000000,47.000000,18.050139,0.000000,288.802228
15043,6640.441128,0.000000,47.000000,17.548747,0.000000,280.779944
15044,6640.441128,0.000000,47.000000,17.047354,0.000000,272.757660
15045,6640.441128,0.000000,47.000000,16.545961,0.000000,264.735376
15046,6640.441128,0.000000,47.000000,16.044568,0.000000,256.713092
15047,6640.441128,0.000000,47.000000,15.543175,0.000000,248.690808
15048,6640.441128,0.000000,47.000000,15.041783,0.000000,240.668524
15049,6640.441128,0.000000,47.000000,14.540390,0.000000,232.646240
15050,6640.441128,0.000000,47.000000,14.038997,0.000000,224.623955
15051,6640.441128,0.000000,47.000000,13.537604,0.000000,216.601671
15052,6640.441128,0.000000,47.000000,13.036212,0.000000,208.579387
15053,6640.441128,0.000000,47.000000,12.534819,0.000000,200.557103
15054,6640.441128,0.000000,47.000000,12.033426,0.000000,192.534819
15055,6640.441128,0.000000,47.000000,11.532033,0.000000,184.512535
15056,6640.441128,0.000000,47.000000,11.030641,0.000000,176.490251
15057,6640.441128,0.000000,47.000000,10.529248,0.000000,168.467967
15058,6640.441128,0.000000,47.000000,10.027855,0.000000,160.445682
15059,6640.441128,0.000000,47.000000,9.526462,0.000000,152.423398
15060,6640.441128,0.000000,47.000000,9.025070,0.000000,144.401114
15061,6640.441128,0.000000,47.000000,8.523677,0.000000,136.378830
15062,6640.441128,0.000000,47.000000,8.022284,0.000000,128.356546
15063,6640.441128,0.000000,47.000000,7.520891,0.000000,120.334262
15064,6640.441128,0.000000,47.000000,7.019499,0.000000,112.311978
15065,6640.441128,0.000000,47.000000,6.518106,0.000000,104.289694
15066,6640.441128,0.000000,47.000000,6.016713,0.000000,96.267409
15067,6640.441128,0.000000,47.000000,5.515320,0.000000,88.245125
15068,6640.441128,0.000000,47.000000,5.013928,0.000000,80.222841
15069,6640.441128,0.000000,47.000000,4.512535,0.000000,72.200557
15070,6640.441128,0.000000,47.000000,4.011142,0.000000,64.178273
15071,6640.441128,0.000000,47.000000,3.509749,0.000000,56.155989
15072,6640.441128,0.000000,47.000000,3.008357,0.000000,48.133705
15073,6640.441128,0.000000,47.000000,2.506964,0.000000,40.111421
15074,6640.441128,0.000000,47.000000,2.005571,0.000000,32.089136
15075,6640.441128,0.000000,47.000000,1.504178,0.000000,24.066852
15076,6640.441128,0.000000,47.000000,1.002786,0.000000,16.044568
15077,6640.441128,0.000000,47.000000,0.501393,0.000000,8.022284
15079,6640.441128,0.000000,37.000000,15.248607,0.000000,351.977716
15081,6640.441128,0.000000,37.000000,14.245822,0.000000,335.933148
15083,6640.441128,0.000000,37.000000,13.243036,0.000000,319.888579
15084,6640.441128,0.000000,37.000000,12.741643,0.000000,311.866295
15085,6640.441128,0.000000,37.000000,12.240251,0.000000,303.844011
15089,6640.441128,0.000000,37.000000,10.234680,0.000000,271.754875
15092,6640.441128,0.000000,37.000000,8.730501,0.000000,247.688022
15093,6640.441128,0.000000,37.000000,8.229109,0.000000,239.665738
15094,6640.441128,0.000000,37.000000,7.727716,0.000000,231.643454
15097,6640.441128,0.000000,37.000000,6.223538,0.000000,207.576602
15100,6640.441128,0.000000,37.000000,4.719359,0.000000,183.509749
15102,6640.441128,0.000000,37.000000,3.716574,0.000000,167.465181
15103,6640.441128,0.000000,37.000000,3.215181,0.000000,159.442897
15104,6640.441128,0.000000,37.000000,2.713788,0.000000,151.420613
15106,6640.441128,0.000000,37.000000,1.711003,0.000000,135.376045
15108,6640.441128,0.000000,37.000000,0.708217,0.000000,119.331476
15111,6640.441128,0.000000,37.000000,359.204039,0.000000,95.264624
15112,6640.441128,0.000000,37.000000,358.702646,0.000000,87.242340
15113,6640.441128,0.000000,37.000000,358.201253,0.000000,79.220056
15116,6640.441128,0.000000,37.000000,356.697075,0.000000,55.153203
15117,6640.441128,0.000000,37.000000,356.195682,0.000000,47.130919
15118,6640.441128,0.000000,37.000000,355.694290,0.000000,39.108635
15124,6640.441128,0.000000,37.000000,352.685933,0.000000,350.974930
15125,6640.441128,0.000000,37.000000,352.184540,0.000000,342.952646
15127,6640.441128,0.000000,37.000000,351.181755,0.000000,326.908078
15128,6640.441128,0.000000,37.000000,350.680362,0.000000,318.885794
15129,6640.441128,0.000000,37.000000,350.178969,0.000000,310.863510
15130,6640.441128,0.000000,37.000000,349.677577,0.000000,302.841226
15131,6640.441128,0.000000,37.000000,349.176184,0.000000,294.818942
15132,6640.441128,0.000000,37.000000,348.674791,0.000000,286.796657
15133,6640.441128,0.000000,37.000000,348.173398,0.000000,278.774373
15137,6640.441128,0.000000,37.000000,346.167827,0.000000,246.685237
15140,6640.441128,0.000000,37.000000,344.663649,0.000000,222.618384
15142,6640.441128,0.000000,37.000000,343.660864,0.000000,206.573816
15143,6640.441128,0.000000,37.000000,343.159471,0.000000,198.551532
15145,6640.441128,0.000000,37.000000,342.156685,0.000000,182.506964
15146,6640.441128,0.000000,37.000000,341.655292,0.000000,174.484680
15149,6640.441128,0.000000,37.000000,340.151114,0.000000,150.417827
15150,6640.441128,0.000000,37.000000,339.649721,0.000000,142.395543
15152,6640.441128,0.000000,37.000000,338.646936,0.000000,126.350975
15153,6640.441128,0.000000,37.000000,338.145543,0.000000,118.328691
15154,6640.441128,0.000000,37.000000,337.644150,0.000000,110.306407
15156,6640.441128,0.000000,37.000000,336.641365,0.000000,94.261838
15157,6640.441128,0.000000,37.000000,336.139972,0.000000,86.239554
15158,6640.441128,0.000000,37.000000,335.638579,0.000000,78.217270
15159,6640.441128,0.000000,37.000000,335.137187,0.000000,70.194986
15163,6640.441128,0.000000,37.000000,333.131616,0.000000,38.105850
15166,6640.441128,0.000000,37.000000,331.627437,0.000000,14.038997
15174,6640.441128,0.000000,37.000000,327.616295,0.000000,309.860724
15180,6640.441128,0.000000,37.000000,324.607939,0.000000,261.727019
15182,6640.441128,0.000000,37.000000,323.605153,0.000000,245.682451
15184,6640.441128,0.000000,37.000000,322.602368,0.000000,229.637883
15185,6640.441128,0.000000,37.000000,322.100975,0.000000,221.615599
15186,6640.441128,0.000000,37.000000,321.599582,0.000000,213.593315
15188,6640.441128,0.000000,37.000000,320.596797,0.000000,197.548747
15190,6640.441128,0.000000,37.000000,319.594011,0.000000,181.504178
15191,6640.441128,0.000000,37.000000,319.092618,0.000000,173.481894
15193,6640.441128,0.000000,37.000000,318.089833,0.000000,157.437326
15194,6640.441128,0.000000,37.000000,317.588440,0.000000,149.415042
15195,6640.441128,0.000000,37.000000,317.087047,0.000000,141.392758
15196,6640.441128,0.000000,37.000000,316.585655,0.000000,133.370474
15199,6640.441128,0.000000,37.000000,315.081476,0.000000,109.303621
15200,6640.441128,0.000000,37.000000,314.580084,0.000000,101.281337
15201,6640.441128,0.000000,37.000000,314.078691,0.000000,93.259053
15203,6640.441128,0.000000,37.000000,313.075905,0.000000,77.214485
15205,6640.441128,0.000000,37.000000,312.073120,0.000000,61.169916
15206,6640.441128,0.000000,37.000000,311.571727,0.000000,53.147632
15207,6640.441128,0.000000,37.000000,311.070334,0.000000,45.125348
15208,6640.441128,0.000000,37.000000,310.568942,0.000000,37.103064
15210,6640.441128,0.000000,37.000000,309.566156,0.000000,21.058496
15212,6640.441128,0.000000,37.000000,308.563370,0.000000,5.013928
15214,6640.441128,0.000000,37.000000,307.560585,0.000000,348.969359
15215,6640.441128,0.000000,37.000000,307.059192,0.000000,340.947075
15220,6640.441128,0.000000,37.000000,304.552228,0.000000,300.835655
15222,6640.441128,0.000000,37.000000,303.549443,0.000000,284.791086
15226,6640.441128,0.000000,37.000000,301.543872,0.000000,252.701950
15227,6640.441128,0.000000,37.000000,301.042479,0.000000,244.679666
15229,6640.441128,0.000000,37.000000,300.039694,0.000000,228.635097
15231,6640.441128,0.000000,37.000000,299.036908,0.000000,212.590529
15232,6640.441128,0.000000,37.000000,298.535515,0.000000,204.568245
15238,6640.441128,0.000000,37.000000,295.527159,0.000000,156.434540
15239,6640.441128,0.000000,37.000000,295.025766,0.000000,148.412256
15241,6640.441128,0.000000,37.000000,294.022981,0.000000,132.367688
15242,6640.441128,0.000000,37.000000,293.521588,0.000000,124.345404
15243,6640.441128,0.000000,37.000000,293.020195,0.000000,116.323120
15246,6640.441128,0.000000,37.000000,291.516017,0.000000,92.256267
15248,6640.441128,0.000000,37.000000,290.513231,0.000000,76.211699
15249,6640.441128,0.000000,37.000000,290.011838,0.000000,68.189415
15251,6640.441128,0.000000,37.000000,289.009053,0.000000,52.144847
15253,6640.441128,0.000000,37.000000,288.006267,0.000000,36.100279
15254,6640.441128,0.000000,37.000000,287.504875,0.000000,28.077994
15255,6640.441128,0.000000,37.000000,287.003482,0.000000,20.055710
15258,6640.441128,0.000000,37.000000,285.499304,0.000000,355.988858
15261,6640.441128,0.000000,37.000000,283.995125,0.000000,331.922006
15265,6640.441128,0.000000,37.000000,281.989554,0.000000,299.832869
15267,6640.441128,0.000000,37.000000,280.986769,0.000000,283.788301
15269,6640.441128,0.000000,37.000000,279.983983,0.000000,267.743733
15270,6640.441128,0.000000,37.000000,279.482591,0.000000,259.721448
15271,6640.441128,0.000000,37.000000,278.981198,0.000000,251.699164
15274,6640.441128,0.000000,37.000000,277.477019,0.000000,227.632312
15275,6640.441128,0.000000,37.000000,276.975627,0.000000,219.610028
15276,6640.441128,0.000000,37.000000,276.474234,0.000000,211.587744
15278,6640.441128,0.000000,37.000000,275.471448,0.000000,195.543175
15280,6640.441128,0.000000,37.000000,274.468663,0.000000,179.498607
15281,6640.441128,0.000000,37.000000,273.967270,0.000000,171.476323
15284,6640.441128,0.000000,37.000000,272.463092,0.000000,147.409471
15288,6640.441128,0.000000,37.000000,270.457521,0.000000,115.320334
15293,6640.441128,0.000000,37.000000,267.950557,0.000000,75.208914
15294,6640.441128,0.000000,37.000000,267.449164,0.000000,67.186630
15298,6640.441128,0.000000,37.000000,265.443593,0.000000,35.097493
15300,6640.441128,0.000000,37.000000,264.440808,0.000000,19.052925
15301,6640.441128,0.000000,37.000000,263.939415,0.000000,11.030641
15303,6640.441128,0.000000,37.000000,262.936630,0.000000,354.986072
15305,6640.441128,0.000000,37.000000,261.933844,0.000000,338.941504
15308,6640.441128,0.000000,37.000000,260.429666,0.000000,314.874652
15312,6640.441128,0.000000,37.000000,258.424095,0.000000,282.785515
15313,6640.441128,0.000000,37.000000,257.922702,0.000000,274.763231
15315,6640.441128,0.000000,37.000000,256.919916,0.000000,258.718663
15317,6640.441128,0.000000,37.000000,255.917131,0.000000,242.674095
15319,6640.441128,0.000000,37.000000,254.914345,0.000000,226.629526
15323,6640.441128,0.000000,37.000000,252.908774,0.000000,194.540390
15327,6640.441128,0.000000,37.000000,250.903203,0.000000,162.451253
15329,6640.441128,0.000000,37.000000,249.900418,0.000000,146.406685
15334,6640.441128,0.000000,37.000000,247.393454,0.000000,106.295265
15335,6640.441128,0.000000,37.000000,246.892061,0.000000,98.272981
15336,6640.441128,0.000000,37.000000,246.390669,0.000000,90.250696
15340,6640.441128,0.000000,37.000000,244.385097,0.000000,58.161560
15341,6640.441128,0.000000,37.000000,243.883705,0.000000,50.139276
15347,6640.441128,0.000000,37.000000,240.875348,0.000000,2.005571
15351,6640.441128,0.000000,37.000000,238.869777,0.000000,329.916435
15353,6640.441128,0.000000,37.000000,237.866992,0.000000,313.871866
15354,6640.441128,0.000000,37.000000,237.365599,0.000000,305.849582
15359,6640.441128,0.000000,37.000000,234.858635,0.000000,265.738162
15362,6640.441128,0.000000,37.000000,233.354457,0.000000,241.671309
15364,6640.441128,0.000000,37.000000,232.351671,0.000000,225.626741
15365,6640.441128,0.000000,37.000000,231.850279,0.000000,217.604457
15368,6640.441128,0.000000,37.000000,230.346100,0.000000,193.537604
15369,6640.441128,0.000000,37.000000,229.844708,0.000000,185.515320
15371,6640.441128,0.000000,37.000000,228.841922,0.000000,169.470752
15376,6640.441128,0.000000,37.000000,226.334958,0.000000,129.359331
15382,6640.441128,0.000000,37.000000,223.326602,0.000000,81.225627
15383,6640.441128,0.000000,37.000000,222.825209,0.000000,73.203343
15385,6640.441128,0.000000,37.000000,221.822423,0.000000,57.158774
15388,6640.441128,0.000000,37.000000,220.318245,0.000000,33.091922
15390,6640.441128,0.000000,37.000000,219.315460,0.000000,17.047354
15391,6640.441128,0.000000,37.000000,218.814067,0.000000,9.025070
15392,6640.441128,0.000000,37.000000,218.312674,0.000000,1.002786
15394,6640.441128,0.000000,37.000000,217.309889,0.000000,344.958217
15395,6640.441128,0.000000,37.000000,216.808496,0.000000,336.935933
15397,6640.441128,0.000000,37.000000,215.805710,0.000000,320.891365
15398,6640.441128,0.000000,37.000000,215.304318,0.000000,312.869081
15400,6640.441128,0.000000,37.000000,214.301532,0.000000,296.824513
15401,6640.441128,0.000000,37.000000,213.800139,0.000000,288.802228
15402,6640.441128,0.000000,37.000000,213.298747,0.000000,280.779944
15404,6640.441128,0.000000,37.000000,212.295961,0.000000,264.735376
15407,6640.441128,0.000000,37.000000,210.791783,0.000000,240.668524
15409,6640.441128,0.000000,37.000000,209.788997,0.000000,224.623955
15411,6640.441128,0.000000,37.000000,208.786212,0.000000,208.579387
15413,6640.441128,0.000000,37.000000,207.783426,0.000000,192.534819
15415,6640.441128,0.000000,37.000000,206.780641,0.000000,176.490251
15419,6640.441128,0.000000,37.000000,204.775070,0.000000,144.401114
15421,6640.441128,0.000000,37.000000,203.772284,0.000000,128.356546
15422,6640.441128,0.000000,37.000000,203.270891,0.000000,120.334262
15423,6640.441128,0.000000,37.000000,202.769499,0.000000,112.311978
15425,6640.441128,0.000000,37.000000,201.766713,0.000000,96.267409
15426,6640.441128,0.000000,37.000000,201.265320,0.000000,88.245125
15427,6640.441128,0.000000,37.000000,200.763928,0.000000,80.222841
15430,6640.441128,0.000000,37.000000,199.259749,0.000000,56.155989
15432,6640.441128,0.000000,37.000000,198.256964,0.000000,40.111421
15435,6640.441128,0.000000,37.000000,196.752786,0.000000,16.044568
15437,6640.441128,0.000000,37.000000,195.750000,0.000000,360.000000
15439,6640.441128,0.000000,37.000000,194.747214,0.000000,343.955432
15440,6640.441128,0.000000,37.000000,194.245822,0.000000,335.933148
15441,6640.441128,0.000000,37.000000,193.744429,0.000000,327.910864
15444,6640.441128,0.000000,37.000000,192.240251,0.000000,303.844011
15447,6640.441128,0.000000,37.000000,190.736072,0.000000,279.777159
15449,6640.441128,0.000000,37.000000,189.733287,0.000000,263.732591
15456,6640.441128,0.000000,37.000000,186.223538,0.000000,207.576602
15459,6640.441128,0.000000,37.000000,184.719359,0.000000,183.509749
15460,6640.441128,0.000000,37.000000,184.217967,0.000000,175.487465
15461,6640.441128,0.000000,37.000000,183.716574,0.000000,167.465181
15463,6640.441128,0.000000,37.000000,182.713788,0.000000,151.420613
15467,6640.441128,0.000000,37.000000,180.708217,0.000000,119.331476
15469,6640.441128,0.000000,37.000000,179.705432,0.000000,103.286908
15473,6640.441128,0.000000,37.000000,177.699861,0.000000,71.197772
15474,6640.441128,0.000000,37.000000,177.198468,0.000000,63.175487
15476,6640.441128,0.000000,37.000000,176.195682,0.000000,47.130919
15480,6640.441128,0.000000,37.000000,174.190111,0.000000,15.041783
15481,6640.441128,0.000000,37.000000,173.688719,0.000000,7.019499
15482,6640.441128,0.000000,37.000000,173.187326,0.000000,358.997214
15483,6640.441128,0.000000,37.000000,172.685933,0.000000,350.974930
15485,6640.441128,0.000000,37.000000,171.683148,0.000000,334.930362
15487,6640.441128,0.000000,37.000000,170.680362,0.000000,318.885794
15488,6640.441128,0.000000,37.000000,170.178969,0.000000,310.863510
15489,6640.441128,0.000000,37.000000,169.677577,0.000000,302.841226
15493,6640.441128,0.000000,37.000000,167.672006,0.000000,270.752089
15496,6640.441128,0.000000,37.000000,166.167827,0.000000,246.685237
15499,6640.441128,0.000000,37.000000,164.663649,0.000000,222.618384
15501,6640.441128,0.000000,37.000000,163.660864,0.000000,206.573816
15502,6640.441128,0.000000,37.000000,163.159471,0.000000,198.551532
15503,6640.441128,0.000000,37.000000,162.658078,0.000000,190.529248
15505,6640.441128,0.000000,37.000000,161.655292,0.000000,174.484680
15506,6640.441128,0.000000,37.000000,161.153900,0.000000,166.462396
15507,6640.441128,0.000000,37.000000,160.652507,0.000000,158.440111
15508,6640.441128,0.000000,37.000000,160.151114,0.000000,150.417827
15511,6640.441128,0.000000,37.000000,158.646936,0.000000,126.350975
15512,6640.441128,0.000000,37.000000,158.145543,0.000000,118.328691
15514,6640.441128,0.000000,37.000000,157.142758,0.000000,102.284123
15515,6640.441128,0.000000,37.000000,156.641365,0.000000,94.261838
15530,6640.441128,0.000000,37.000000,149.120474,0.000000,333.927577
15533,6640.441128,0.000000,37.000000,147.616295,0.000000,309.860724
15534,6640.441128,0.000000,37.000000,147.114903,0.000000,301.838440
15538,6640.441128,0.000000,37.000000,145.109331,0.000000,269.749304
15539,6640.441128,0.000000,37.000000,144.607939,0.000000,261.727019
15540,6640.441128,0.000000,37.000000,144.106546,0.000000,253.704735
15541,6640.441128,0.000000,37.000000,143.605153,0.000000,245.682451
15542,6640.441128,0.000000,37.000000,143.103760,0.000000,237.660167
15544,6640.441128,0.000000,37.000000,142.100975,0.000000,221.615599
15546,6640.441128,0.000000,37.000000,141.098189,0.000000,205.571031
15549,6640.441128,0.000000,37.000000,139.594011,0.000000,181.504178
15551,6640.441128,0.000000,37.000000,138.591226,0.000000,165.459610
15553,6640.441128,0.000000,37.000000,137.588440,0.000000,149.415042
15556,6640.441128,0.000000,37.000000,136.084262,0.000000,125.348189
15557,6640.441128,0.000000,37.000000,135.582869,0.000000,117.325905
15559,6640.441128,0.000000,37.000000,134.580084,0.000000,101.281337
15560,6640.441128,0.000000,37.000000,134.078691,0.000000,93.259053
15562,6640.441128,0.000000,37.000000,133.075905,0.000000,77.214485
15563,6640.441128,0.000000,37.000000,132.574513,0.000000,69.192201
15565,6640.441128,0.000000,37.000000,131.571727,0.000000,53.147632
15567,6640.441128,0.000000,37.000000,130.568942,0.000000,37.103064
15568,6640.441128,0.000000,37.000000,130.067549,0.000000,29.080780
15570,6640.441128,0.000000,37.000000,129.064763,0.000000,13.036212
15573,6640.441128,0.000000,37.000000,127.560585,0.000000,348.969359
15574,6640.441128,0.000000,37.000000,127.059192,0.000000,340.947075
15576,6640.441128,0.000000,37.000000,126.056407,0.000000,324.902507
15579,6640.441128,0.000000,37.000000,124.552228,0.000000,300.835655
15580,6640.441128,0.000000,37.000000,124.050836,0.000000,292.813370
15582,6640.441128,0.000000,37.000000,123.048050,0.000000,276.768802
15583,6640.441128,0.000000,37.000000,122.546657,0.000000,268.746518
15585,6640.441128,0.000000,37.000000,121.543872,0.000000,252.701950
15590,6640.441128,0.000000,37.000000,119.036908,0.000000,212.590529
15594,6640.441128,0.000000,37.000000,117.031337,0.000000,180.501393
15596,6640.441128,0.000000,37.000000,116.028552,0.000000,164.456825
15597,6640.441128,0.000000,37.000000,115.527159,0.000000,156.434540
15600,6640.441128,0.000000,37.000000,114.022981,0.000000,132.367688
15602,6640.441128,0.000000,37.000000,113.020195,0.000000,116.323120
15604,6640.441128,0.000000,37.000000,112.017409,0.000000,100.278552
15606,6640.441128,0.000000,37.000000,111.014624,0.000000,84.233983
15609,6640.441128,0.000000,37.000000,109.510446,0.000000,60.167131
15614,6640.441128,0.000000,37.000000,107.003482,0.000000,20.055710
15619,6640.441128,0.000000,37.000000,104.496518,0.000000,339.944290
15623,6640.441128,0.000000,37.000000,102.490947,0.000000,307.855153
15624,6640.441128,0.000000,37.000000,101.989554,0.000000,299.832869
15625,6640.441128,0.000000,37.000000,101.488162,0.000000,291.810585
15627,6640.441128,0.000000,37.000000,100.485376,0.000000,275.766017
15629,6640.441128,0.000000,37.000000,99.482591,0.000000,259.721448
15630,6640.441128,0.000000,37.000000,98.981198,0.000000,251.699164
15631,6640.441128,0.000000,37.000000,98.479805,0.000000,243.676880
15637,6640.441128,0.000000,37.000000,95.471448,0.000000,195.543175
15641,6640.441128,0.000000,37.000000,93.465877,0.000000,163.454039
15646,6640.441128,0.000000,37.000000,90.958914,0.000000,123.342618
15648,6640.441128,0.000000,37.000000,89.956128,0.000000,107.298050
15650,6640.441128,0.000000,37.000000,88.953343,0.000000,91.253482
15651,6640.441128,0.000000,37.000000,88.451950,0.000000,83.231198
15656,6640.441128,0.000000,37.000000,85.944986,0.000000,43.119777
15659,6640.441128,0.000000,37.000000,84.440808,0.000000,19.052925
15663,6640.441128,0.000000,37.000000,82.435237,0.000000,346.963788
15666,6640.441128,0.000000,37.000000,80.931058,0.000000,322.896936
15671,6640.441128,0.000000,37.000000,78.424095,0.000000,282.785515
15673,6640.441128,0.000000,37.000000,77.421309,0.000000,266.740947
15676,6640.441128,0.000000,37.000000,75.917131,0.000000,242.674095
15677,6640.441128,0.000000,37.000000,75.415738,0.000000,234.651811
15678,6640.441128,0.000000,37.000000,74.914345,0.000000,226.629526
15679,6640.441128,0.000000,37.000000,74.412953,0.000000,218.607242
15681,6640.441128,0.000000,37.000000,73.410167,0.000000,202.562674
15683,6640.441128,0.000000,37.000000,72.407382,0.000000,186.518106
15684,6640.441128,0.000000,37.000000,71.905989,0.000000,178.495822
15685,6640.441128,0.000000,37.000000,71.404596,0.000000,170.473538
15691,6640.441128,0.000000,37.000000,68.396240,0.000000,122.339833
15692,6640.441128,0.000000,37.000000,67.894847,0.000000,114.317549
15694,6640.441128,0.000000,37.000000,66.892061,0.000000,98.272981
15698,6640.441128,0.000000,37.000000,64.886490,0.000000,66.183844
15700,6640.441128,0.000000,37.000000,63.883705,0.000000,50.139276
15704,6640.441128,0.000000,37.000000,61.878134,0.000000,18.050139
15707,6640.441128,0.000000,37.000000,60.373955,0.000000,353.983287
15709,6640.441128,0.000000,37.000000,59.371170,0.000000,337.938719
15710,6640.441128,0.000000,37.000000,58.869777,0.000000,329.916435
15712,6640.441128,0.000000,37.000000,57.866992,0.000000,313.871866
15714,6640.441128,0.000000,37.000000,56.864206,0.000000,297.827298
15715,6640.441128,0.000000,37.000000,56.362813,0.000000,289.805014
15722,6640.441128,0.000000,37.000000,52.853064,0.000000,233.649025
15723,6640.441128,0.000000,37.000000,52.351671,0.000000,225.626741
15724,6640.441128,0.000000,37.000000,51.850279,0.000000,217.604457
15725,6640.441128,0.000000,37.000000,51.348886,0.000000,209.582173
15726,6640.441128,0.000000,37.000000,50.847493,0.000000,201.559889
15730,6640.441128,0.000000,37.000000,48.841922,0.000000,169.470752
15734,6640.441128,0.000000,37.000000,46.836351,0.000000,137.381616
15736,6640.441128,0.000000,37.000000,45.833565,0.000000,121.337047
15739,6640.441128,0.000000,37.000000,44.329387,0.000000,97.270195
15740,6640.441128,0.000000,37.000000,43.827994,0.000000,89.247911
15741,6640.441128,0.000000,37.000000,43.326602,0.000000,81.225627
15742,6640.441128,0.000000,37.000000,42.825209,0.000000,73.203343
15745,6640.441128,0.000000,37.000000,41.321031,0.000000,49.136490
15749,6640.441128,0.000000,37.000000,39.315460,0.000000,17.047354
15751,6640.441128,0.000000,37.000000,38.312674,0.000000,1.002786
15758,6640.441128,0.000000,37.000000,34.802925,0.000000,304.846797
15760,6640.441128,0.000000,37.000000,33.800139,0.000000,288.802228
15761,6640.441128,0.000000,37.000000,33.298747,0.000000,280.779944
15764,6640.441128,0.000000,37.000000,31.794568,0.000000,256.713092
15765,6640.441128,0.000000,37.000000,31.293175,0.000000,248.690808
15767,6640.441128,0.000000,37.000000,30.290390,0.000000,232.646240
15768,6640.441128,0.000000,37.000000,29.788997,0.000000,224.623955
15772,6640.441128,0.000000,37.000000,27.783426,0.000000,192.534819
15774,6640.441128,0.000000,37.000000,26.780641,0.000000,176.490251
15778,6640.441128,0.000000,37.000000,24.775070,0.000000,144.401114
15782,6640.441128,0.000000,37.000000,22.769499,0.000000,112.311978
15783,6640.441128,0.000000,37.000000,22.268106,0.000000,104.289694
15785,6640.441128,0.000000,37.000000,21.265320,0.000000,88.245125
15789,6640.441128,0.000000,37.000000,19.259749,0.000000,56.155989
15790,6640.441128,0.000000,37.000000,18.758357,0.000000,48.133705
15791,6640.441128,0.000000,37.000000,18.256964,0.000000,40.111421
15792,6640.441128,0.000000,37.000000,17.755571,0.000000,32.089136
15793,6640.441128,0.000000,37.000000,17.254178,0.000000,24.066852
15794,6640.441128,0.000000,37.000000,16.752786,0.000000,16.044568
16514,6640.441128,0.000000,35.000000,18.000000,0.000000,0.000000
16515,6640.441128,0.000000,35.000000,17.498607,0.000000,351.977716
16516,6640.441128,0.000000,35.000000,16.997214,0.000000,343.955432
16517,6640.441128,0.000000,35.000000,16.495822,0.000000,335.933148
16518,6640.441128,0.000000,35.000000,15.994429,0.000000,327.910864
16519,6640.441128,0.000000,35.000000,15.493036,0.000000,319.888579
16521,6640.441128,0.000000,35.000000,14.490251,0.000000,303.844011
16522,6640.441128,0.000000,35.000000,13.988858,0.000000,295.821727
16523,6640.441128,0.000000,35.000000,13.487465,0.000000,287.799443
16524,6640.441128,0.000000,35.000000,12.986072,0.000000,279.777159
16526,6640.441128,0.000000,35.000000,11.983287,0.000000,263.732591
16527,6640.441128,0.000000,35.000000,11.481894,0.000000,255.710306
16528,6640.441128,0.000000,35.000000,10.980501,0.000000,247.688022
16529,6640.441128,0.000000,35.000000,10.479109,0.000000,239.665738
16531,6640.441128,0.000000,35.000000,9.476323,0.000000,223.621170
16532,6640.441128,0.000000,35.000000,8.974930,0.000000,215.598886
16533,6640.441128,0.000000,35.000000,8.473538,0.000000,207.576602
16534,6640.441128,0.000000,35.000000,7.972145,0.000000,199.554318
16535,6640.441128,0.000000,35.000000,7.470752,0.000000,191.532033
16536,6640.441128,0.000000,35.000000,6.969359,0.000000,183.509749
16538,6640.441128,0.000000,35.000000,5.966574,0.000000,167.465181
16540,6640.441128,0.000000,35.000000,4.963788,0.000000,151.420613
16541,6640.441128,0.000000,35.000000,4.462396,0.000000,143.398329
16545,6640.441128,0.000000,35.000000,2.456825,0.000000,111.309192
16546,6640.441128,0.000000,35.000000,1.955432,0.000000,103.286908
16547,6640.441128,0.000000,35.000000,1.454039,0.000000,95.264624
16549,6640.441128,0.000000,35.000000,0.451253,0.000000,79.220056
16551,6640.441128,0.000000,35.000000,359.448468,0.000000,63.175487
16552,6640.441128,0.000000,35.000000,358.947075,0.000000,55.153203
16555,6640.441128,0.000000,35.000000,357.442897,0.000000,31.086351
16556,6640.441128,0.000000,35.000000,356.941504,0.000000,23.064067
16557,6640.441128,0.000000,35.000000,356.440111,0.000000,15.041783
16558,6640.441128,0.000000,35.000000,355.938719,0.000000,7.019499
16559,6640.441128,0.000000,35.000000,355.437326,0.000000,358.997214
16561,6640.441128,0.000000,35.000000,354.434540,0.000000,342.952646
16562,6640.441128,0.000000,35.000000,353.933148,0.000000,334.930362
16563,6640.441128,0.000000,35.000000,353.431755,0.000000,326.908078
16564,6640.441128,0.000000,35.000000,352.930362,0.000000,318.885794
16565,6640.441128,0.000000,35.000000,352.428969,0.000000,310.863510
16567,6640.441128,0.000000,35.000000,351.426184,0.000000,294.818942
16569,6640.441128,0.000000,35.000000,350.423398,0.000000,278.774373
16570,6640.441128,0.000000,35.000000,349.922006,0.000000,270.752089
16571,6640.441128,0.000000,35.000000,349.420613,0.000000,262.729805
16572,6640.441128,0.000000,35.000000,348.919220,0.000000,254.707521
16573,6640.441128,0.000000,35.000000,348.417827,0.000000,246.685237
16574,6640.441128,0.000000,35.000000,347.916435,0.000000,238.662953
16575,6640.441128,0.000000,35.000000,347.415042,0.000000,230.640669
16576,6640.441128,0.000000,35.000000,346.913649,0.000000,222.618384
16578,6640.441128,0.000000,35.000000,345.910864,0.000000,206.573816
16580,6640.441128,0.000000,35.000000,344.908078,0.000000,190.529248
16582,6640.441128,0.000000,35.000000,343.905292,0.000000,174.484680
16583,6640.441128,0.000000,35.000000,343.403900,0.000000,166.462396
16584,6640.441128,0.000000,35.000000,342.902507,0.000000,158.440111
16585,6640.441128,0.000000,35.000000,342.401114,0.000000,150.417827
16586,6640.441128,0.000000,35.000000,341.899721,0.000000,142.395543
16587,6640.441128,0.000000,35.000000,341.398329,0.000000,134.373259
16588,6640.441128,0.000000,35.000000,340.896936,0.000000,126.350975
16590,6640.441128,0.000000,35.000000,339.894150,0.000000,110.306407
16591,6640.441128,0.000000,35.000000,339.392758,0.000000,102.284123
16592,6640.441128,0.000000,35.000000,338.891365,0.000000,94.261838
16595,6640.441128,0.000000,35.000000,337.387187,0.000000,70.194986
16596,6640.441128,0.000000,35.000000,336.885794,0.000000,62.172702
16597,6640.441128,0.000000,35.000000,336.384401,0.000000,54.150418
16598,6640.441128,0.000000,35.000000,335.883008,0.000000,46.128134
16599,6640.441128,0.000000,35.000000,335.381616,0.000000,38.105850
16601,6640.441128,0.000000,35.000000,334.378830,0.000000,22.061281
16603,6640.441128,0.000000,35.000000,333.376045,0.000000,6.016713
16604,6640.441128,0.000000,35.000000,332.874652,0.000000,357.994429
16605,6640.441128,0.000000,35.000000,332.373259,0.000000,349.972145
16606,6640.441128,0.000000,35.000000,331.871866,0.000000,341.949861
16607,6640.441128,0.000000,35.000000,331.370474,0.000000,333.927577
16608,6640.441128,0.000000,35.000000,330.869081,0.000000,325.905292
16609,6640.441128,0.000000,35.000000,330.367688,0.000000,317.883008
16610,6640.441128,0.000000,35.000000,329.866295,0.000000,309.860724
16611,6640.441128,0.000000,35.000000,329.364903,0.000000,301.838440
16613,6640.441128,0.000000,35.000000,328.362117,0.000000,285.793872
16614,6640.441128,0.000000,35.000000,327.860724,0.000000,277.771588
16615,6640.441128,0.000000,35.000000,327.359331,0.000000,269.749304
16617,6640.441128,0.000000,35.000000,326.356546,0.000000,253.704735
16618,6640.441128,0.000000,35.000000,325.855153,0.000000,245.682451
16619,6640.441128,0.000000,35.000000,325.353760,0.000000,237.660167
16620,6640.441128,0.000000,35.000000,324.852368,0.000000,229.637883
16623,6640.441128,0.000000,35.000000,323.348189,0.000000,205.571031
16625,6640.441128,0.000000,35.000000,322.345404,0.000000,189.526462
16626,6640.441128,0.000000,35.000000,321.844011,0.000000,181.504178
16628,6640.441128,0.000000,35.000000,320.841226,0.000000,165.459610
16630,6640.441128,0.000000,35.000000,319.838440,0.000000,149.415042
16632,6640.441128,0.000000,35.000000,318.835655,0.000000,133.370474
16633,6640.441128,0.000000,35.000000,318.334262,0.000000,125.348189
16634,6640.441128,0.000000,35.000000,317.832869,0.000000,117.325905
16635,6640.441128,0.000000,35.000000,317.331476,0.000000,109.303621
16636,6640.441128,0.000000,35.000000,316.830084,0.000000,101.281337
16640,6640.441128,0.000000,35.000000,314.824513,0.000000,69.192201
16641,6640.441128,0.000000,35.000000,314.323120,0.000000,61.169916
16642,6640.441128,0.000000,35.000000,313.821727,0.000000,53.147632
16644,6640.441128,0.000000,35.000000,312.818942,0.000000,37.103064
16645,6640.441128,0.000000,35.000000,312.317549,0.000000,29.080780
16647,6640.441128,0.000000,35.000000,311.314763,0.000000,13.036212
16648,6640.441128,0.000000,35.000000,310.813370,0.000000,5.013928
16649,6640.441128,0.000000,35.000000,310.311978,0.000000,356.991643
16650,6640.441128,0.000000,35.000000,309.810585,0.000000,348.969359
16651,6640.441128,0.000000,35.000000,309.309192,0.000000,340.947075
16652,6640.441128,0.000000,35.000000,308.807799,0.000000,332.924791
16653,6640.441128,0.000000,35.000000,308.306407,0.000000,324.902507
16654,6640.441128,0.000000,35.000000,307.805014,0.000000,316.880223
16655,6640.441128,0.000000,35.000000,307.303621,0.000000,308.857939
16656,6640.441128,0.000000,35.000000,306.802228,0.000000,300.835655
16657,6640.441128,0.000000,35.000000,306.300836,0.000000,292.813370
16658,6640.441128,0.000000,35.000000,305.799443,0.000000,284.791086
16659,6640.441128,0.000000,35.000000,305.298050,0.000000,276.768802
16660,6640.441128,0.000000,35.000000,304.796657,0.000000,268.746518
16661,6640.441128,0.000000,35.000000,304.295265,0.000000,260.724234
16662,6640.441128,0.000000,35.000000,303.793872,0.000000,252.701950
16663,6640.441128,0.000000,35.000000,303.292479,0.000000,244.679666
16664,6640.441128,0.000000,35.000000,302.791086,0.000000,236.657382
16665,6640.441128,0.000000,35.000000,302.289694,0.000000,228.635097
16666,6640.441128,0.000000,35.000000,301.788301,0.000000,220.612813
16667,6640.441128,0.000000,35.000000,301.286908,0.000000,212.590529
16671,6640.441128,0.000000,35.000000,299.281337,0.000000,180.501393
16672,6640.441128,0.000000,35.000000,298.779944,0.000000,172.479109
16673,6640.441128,0.000000,35.000000,298.278552,0.000000,164.456825
16674,6640.441128,0.000000,35.000000,297.777159,0.000000,156.434540
16676,6640.441128,0.000000,35.000000,296.774373,0.000000,140.389972
16677,6640.441128,0.000000,35.000000,296.272981,0.000000,132.367688
16678,6640.441128,0.000000,35.000000,295.771588,0.000000,124.345404
16680,6640.441128,0.000000,35.000000,294.768802,0.000000,108.300836
16681,6640.441128,0.000000,35.000000,294.267409,0.000000,100.278552
16682,6640.441128,0.000000,35.000000,293.766017,0.000000,92.256267
16683,6640.441128,0.000000,35.000000,293.264624,0.000000,84.233983
16684,6640.441128,0.000000,35.000000,292.763231,0.000000,76.211699
16686,6640.441128,0.000000,35.000000,291.760446,0.000000,60.167131
16688,6640.441128,0.000000,35.000000,290.757660,0.000000,44.122563
16689,6640.441128,0.000000,35.000000,290.256267,0.000000,36.100279
16690,6640.441128,0.000000,35.000000,289.754875,0.000000,28.077994
16693,6640.441128,0.000000,35.000000,288.250696,0.000000,4.011142
16694,6640.441128,0.000000,35.000000,287.749304,0.000000,355.988858
16695,6640.441128,0.000000,35.000000,287.247911,0.000000,347.966574
16696,6640.441128,0.000000,35.000000,286.746518,0.000000,339.944290
16697,6640.441128,0.000000,35.000000,286.245125,0.000000,331.922006
16698,6640.441128,0.000000,35.000000,285.743733,0.000000,323.899721
16699,6640.441128,0.000000,35.000000,285.242340,0.000000,315.877437
16700,6640.441128,0.000000,35.000000,284.740947,0.000000,307.855153
16701,6640.441128,0.000000,35.000000,284.239554,0.000000,299.832869
16702,6640.441128,0.000000,35.000000,283.738162,0.000000,291.810585
16703,6640.441128,0.000000,35.000000,283.236769,0.000000,283.788301
16704,6640.441128,0.000000,35.000000,282.735376,0.000000,275.766017
16709,6640.441128,0.000000,35.000000,280.228412,0.000000,235.654596
16710,6640.441128,0.000000,35.000000,279.727019,0.000000,227.632312
16712,6640.441128,0.000000,35.000000,278.724234,0.000000,211.587744
16713,6640.441128,0.000000,35.000000,278.222841,0.000000,203.565460
16714,6640.441128,0.000000,35.000000,277.721448,0.000000,195.543175
16715,6640.441128,0.000000,35.000000,277.220056,0.000000,187.520891
16716,6640.441128,0.000000,35.000000,276.718663,0.000000,179.498607
16718,6640.441128,0.000000,35.000000,275.715877,0.000000,163.454039
16719,6640.441128,0.000000,35.000000,275.214485,0.000000,155.431755
16720,6640.441128,0.000000,35.000000,274.713092,0.000000,147.409471
16722,6640.441128,0.000000,35.000000,273.710306,0.000000,131.364903
16723,6640.441128,0.000000,35.000000,273.208914,0.000000,123.342618
16724,6640.441128,0.000000,35.000000,272.707521,0.000000,115.320334
16725,6640.441128,0.000000,35.000000,272.206128,0.000000,107.298050
16726,6640.441128,0.000000,35.000000,271.704735,0.000000,99.275766
16728,6640.441128,0.000000,35.000000,270.701950,0.000000,83.231198
16729,6640.441128,0.000000,35.000000,270.200557,0.000000,75.208914
16730,6640.441128,0.000000,35.000000,269.699164,0.000000,67.186630
16731,6640.441128,0.000000,35.000000,269.197772,0.000000,59.164345
16732,6640.441128,0.000000,35.000000,268.696379,0.000000,51.142061
16733,6640.441128,0.000000,35.000000,268.194986,0.000000,43.119777
16734,6640.441128,0.000000,35.000000,267.693593,0.000000,35.097493
16735,6640.441128,0.000000,35.000000,267.192201,0.000000,27.075209
16736,6640.441128,0.000000,35.000000,266.690808,0.000000,19.052925
16737,6640.441128,0.000000,35.000000,266.189415,0.000000,11.030641
16738,6640.441128,0.000000,35.000000,265.688022,0.000000,3.008357
16739,6640.441128,0.000000,35.000000,265.186630,0.000000,354.986072
16740,6640.441128,0.000000,35.000000,264.685237,0.000000,346.963788
16742,6640.441128,0.000000,35.000000,263.682451,0.000000,330.919220
16743,6640.441128,0.000000,35.000000,263.181058,0.000000,322.896936
16744,6640.441128,0.000000,35.000000,262.679666,0.000000,314.874652
16745,6640.441128,0.000000,35.000000,262.178273,0.000000,306.852368
16746,6640.441128,0.000000,35.000000,261.676880,0.000000,298.830084
16747,6640.441128,0.000000,35.000000,261.175487,0.000000,290.807799
16748,6640.441128,0.000000,35.000000,260.674095,0.000000,282.785515
16751,6640.441128,0.000000,35.000000,259.169916,0.000000,258.718663
16752,6640.441128,0.000000,35.000000,258.668524,0.000000,250.696379
16754,6640.441128,0.000000,35.000000,257.665738,0.000000,234.651811
16755,6640.441128,0.000000,35.000000,257.164345,0.000000,226.629526
16756,6640.441128,0.000000,35.000000,256.662953,0.000000,218.607242
16757,6640.441128,0.000000,35.000000,256.161560,0.000000,210.584958
16758,6640.441128,0.000000,35.000000,255.660167,0.000000,202.562674
16759,6640.441128,0.000000,35.000000,255.158774,0.000000,194.540390
16760,6640.441128,0.000000,35.000000,254.657382,0.000000,186.518106
16761,6640.441128,0.000000,35.000000,254.155989,0.000000,178.495822
16762,6640.441128,0.000000,35.000000,253.654596,0.000000,170.473538
16763,6640.441128,0.000000,35.000000,253.153203,0.000000,162.451253
16764,6640.441128,0.000000,35.000000,252.651811,0.000000,154.428969
16766,6640.441128,0.000000,35.000000,251.649025,0.000000,138.384401
16767,6640.441128,0.000000,35.000000,251.147632,0.000000,130.362117
16768,6640.441128,0.000000,35.000000,250.646240,0.000000,122.339833
16769,6640.441128,0.000000,35.000000,250.144847,0.000000,114.317549
16770,6640.441128,0.000000,35.000000,249.643454,0.000000,106.295265
16774,6640.441128,0.000000,35.000000,247.637883,0.000000,74.206128
16775,6640.441128,0.000000,35.000000,247.136490,0.000000,66.183844
16778,6640.441128,0.000000,35.000000,245.632312,0.000000,42.116992
16779,6640.441128,0.000000,35.000000,245.130919,0.000000,34.094708
16780,6640.441128,0.000000,35.000000,244.629526,0.000000,26.072423
16781,6640.441128,0.000000,35.000000,244.128134,0.000000,18.050139
16782,6640.441128,0.000000,35.000000,243.626741,0.000000,10.027855
16783,6640.441128,0.000000,35.000000,243.125348,0.000000,2.005571
16784,6640.441128,0.000000,35.000000,242.623955,0.000000,353.983287
16786,6640.441128,0.000000,35.000000,241.621170,0.000000,337.938719
16787,6640.441128,0.000000,35.000000,241.119777,0.000000,329.916435
16789,6640.441128,0.000000,35.000000,240.116992,0.000000,313.871866
16790,6640.441128,0.000000,35.000000,239.615599,0.000000,305.849582
16792,6640.441128,0.000000,35.000000,238.612813,0.000000,289.805014
16793,6640.441128,0.000000,35.000000,238.111421,0.000000,281.782730
16794,6640.441128,0.000000,35.000000,237.610028,0.000000,273.760446
16795,6640.441128,0.000000,35.000000,237.108635,0.000000,265.738162
16796,6640.441128,0.000000,35.000000,236.607242,0.000000,257.715877
16797,6640.441128,0.000000,35.000000,236.105850,0.000000,249.693593
16798,6640.441128,0.000000,35.000000,235.604457,0.000000,241.671309
16799,6640.441128,0.000000,35.000000,235.103064,0.000000,233.649025
16800,6640.441128,0.000000,35.000000,234.601671,0.000000,225.626741
16802,6640.441128,0.000000,35.000000,233.598886,0.000000,209.582173
16803,6640.441128,0.000000,35.000000,233.097493,0.000000,201.559889
16804,6640.441128,0.000000,35.000000,232.596100,0.000000,193.537604
16806,6640.441128,0.000000,35.000000,231.593315,0.000000,177.493036
16807,6640.441128,0.000000,35.000000,231.091922,0.000000,169.470752
16808,6640.441128,0.000000,35.000000,230.590529,0.000000,161.448468
16809,6640.441128,0.000000,35.000000,230.089136,0.000000,153.426184
16810,6640.441128,0.000000,35.000000,229.587744,0.000000,145.403900
16811,6640.441128,0.000000,35.000000,229.086351,0.000000,137.381616
16812,6640.441128,0.000000,35.000000,228.584958,0.000000,129.359331
16813,6640.441128,0.000000,35.000000,228.083565,0.000000,121.337047
16814,6640.441128,0.000000,35.000000,227.582173,0.000000,113.314763
16815,6640.441128,0.000000,35.000000,227.080780,0.000000,105.292479
16816,6640.441128,0.000000,35.000000,226.579387,0.000000,97.270195
16817,6640.441128,0.000000,35.000000,226.077994,0.000000,89.247911
16818,6640.441128,0.000000,35.000000,225.576602,0.000000,81.225627
16820,6640.441128,0.000000,35.000000,224.573816,0.000000,65.181058
16821,6640.441128,0.000000,35.000000,224.072423,0.000000,57.158774
16822,6640.441128,0.000000,35.000000,223.571031,0.000000,49.136490
16823,6640.441128,0.000000,35.000000,223.069638,0.000000,41.114206
16824,6640.441128,0.000000,35.000000,222.568245,0.000000,33.091922
16825,6640.441128,0.000000,35.000000,222.066852,0.000000,25.069638
16827,6640.441128,0.000000,35.000000,221.064067,0.000000,9.025070
16829,6640.441128,0.000000,35.000000,220.061281,0.000000,352.980501
16830,6640.441128,0.000000,35.000000,219.559889,0.000000,344.958217
16832,6640.441128,0.000000,35.000000,218.557103,0.000000,328.913649
16833,6640.441128,0.000000,35.000000,218.055710,0.000000,320.891365
16834,6640.441128,0.000000,35.000000,217.554318,0.000000,312.869081
16835,6640.441128,0.000000,35.000000,217.052925,0.000000,304.846797
16836,6640.441128,0.000000,35.000000,216.551532,0.000000,296.824513
16837,6640.441128,0.000000,35.000000,216.050139,0.000000,288.802228
16839,6640.441128,0.000000,35.000000,215.047354,0.000000,272.757660
16840,6640.441128,0.000000,35.000000,214.545961,0.000000,264.735376
16841,6640.441128,0.000000,35.000000,214.044568,0.000000,256.713092
16843,6640.441128,0.000000,35.000000,213.041783,0.000000,240.668524
16844,6640.441128,0.000000,35.000000,212.540390,0.000000,232.646240
16845,6640.441128,0.000000,35.000000,212.038997,0.000000,224.623955
16846,6640.441128,0.000000,35.000000,211.537604,0.000000,216.601671
16847,6640.441128,0.000000,35.000000,211.036212,0.000000,208.579387
16848,6640.441128,0.000000,35.000000,210.534819,0.000000,200.557103
16849,6640.441128,0.000000,35.000000,210.033426,0.000000,192.534819
16850,6640.441128,0.000000,35.000000,209.532033,0.000000,184.512535
16851,6640.441128,0.000000,35.000000,209.030641,0.000000,176.490251
16852,6640.441128,0.000000,35.000000,208.529248,0.000000,168.467967
16853,6640.441128,0.000000,35.000000,208.027855,0.000000,160.445682
16854,6640.441128,0.000000,35.000000,207.526462,0.000000,152.423398
16855,6640.441128,0.000000,35.000000,207.025070,0.000000,144.401114
16856,6640.441128,0.000000,35.000000,206.523677,0.000000,136.378830
16857,6640.441128,0.000000,35.000000,206.022284,0.000000,128.356546
16858,6640.441128,0.000000,35.000000,205.520891,0.000000,120.334262
16859,6640.441128,0.000000,35.000000,205.019499,0.000000,112.311978
16860,6640.441128,0.000000,35.000000,204.518106,0.000000,104.289694
16861,6640.441128,0.000000,35.000000,204.016713,0.000000,96.267409
16862,6640.441128,0.000000,35.000000,203.515320,0.000000,88.245125
16864,6640.441128,0.000000,35.000000,202.512535,0.000000,72.200557
16865,6640.441128,0.000000,35.000000,202.011142,0.000000,64.178273
16866,6640.441128,0.000000,35.000000,201.509749,0.000000,56.155989
16867,6640.441128,0.000000,35.000000,201.008357,0.000000,48.133705
16868,6640.441128,0.000000,35.000000,200.506964,0.000000,40.111421
16869,6640.441128,0.000000,35.000000,200.005571,0.000000,32.089136
16870,6640.441128,0.000000,35.000000,199.504178,0.000000,24.066852
16871,6640.441128,0.000000,35.000000,199.002786,0.000000,16.044568
16872,6640.441128,0.000000,35.000000,198.501393,0.000000,8.022284
16873,6640.441128,0.000000,35.000000,198.000000,0.000000,360.000000
16874,6640.441128,0.000000,35.000000,197.498607,0.000000,351.977716
16876,6640.441128,0.000000,35.000000,196.495822,0.000000,335.933148
16878,6640.441128,0.000000,35.000000,195.493036,0.000000,319.888579
16879,6640.441128,0.000000,35.000000,194.991643,0.000000,311.866295
16881,6640.441128,0.000000,35.000000,193.988858,0.000000,295.821727
16882,6640.441128,0.000000,35.000000,193.487465,0.000000,287.799443
16883,6640.441128,0.000000,35.000000,192.986072,0.000000,279.777159
16884,6640.441128,0.000000,35.000000,192.484680,0.000000,271.754875
16885,6640.441128,0.000000,35.000000,191.983287,0.000000,263.732591
16886,6640.441128,0.000000,35.000000,191.481894,0.000000,255.710306
16887,6640.441128,0.000000,35.000000,190.980501,0.000000,247.688022
16888,6640.441128,0.000000,35.000000,190.479109,0.000000,239.665738
16889,6640.441128,0.000000,35.000000,189.977716,0.000000,231.643454
16890,6640.441128,0.000000,35.000000,189.476323,0.000000,223.621170
16891,6640.441128,0.000000,35.000000,188.974930,0.000000,215.598886
16892,6640.441128,0.000000,35.000000,188.473538,0.000000,207.576602
16893,6640.441128,0.000000,35.000000,187.972145,0.000000,199.554318
16894,6640.441128,0.000000,35.000000,187.470752,0.000000,191.532033
16895,6640.441128,0.000000,35.000000,186.969359,0.000000,183.509749
16896,6640.441128,0.000000,35.000000,186.467967,0.000000,175.487465
16898,6640.441128,0.000000,35.000000,185.465181,0.000000,159.442897
16899,6640.441128,0.000000,35.000000,184.963788,0.000000,151.420613
16900,6640.441128,0.000000,35.000000,184.462396,0.000000,143.398329
16901,6640.441128,0.000000,35.000000,183.961003,0.000000,135.376045
16902,6640.441128,0.000000,35.000000,183.459610,0.000000,127.353760
16903,6640.441128,0.000000,35.000000,182.958217,0.000000,119.331476
16904,6640.441128,0.000000,35.000000,182.456825,0.000000,111.309192
16905,6640.441128,0.000000,35.000000,181.955432,0.000000,103.286908
16906,6640.441128,0.000000,35.000000,181.454039,0.000000,95.264624
16907,6640.441128,0.000000,35.000000,180.952646,0.000000,87.242340
16908,6640.441128,0.000000,35.000000,180.451253,0.000000,79.220056
16909,6640.441128,0.000000,35.000000,179.949861,0.000000,71.197772
16911,6640.441128,0.000000,35.000000,178.947075,0.000000,55.153203
16912,6640.441128,0.000000,35.000000,178.445682,0.000000,47.130919
16913,6640.441128,0.000000,35.000000,177.944290,0.000000,39.108635
16915,6640.441128,0.000000,35.000000,176.941504,0.000000,23.064067
16917,6640.441128,0.000000,35.000000,175.938719,0.000000,7.019499
16920,6640.441128,0.000000,35.000000,174.434540,0.000000,342.952646
16921,6640.441128,0.000000,35.000000,173.933148,0.000000,334.930362
16922,6640.441128,0.000000,35.000000,173.431755,0.000000,326.908078
16926,6640.441128,0.000000,35.000000,171.426184,0.000000,294.818942
16927,6640.441128,0.000000,35.000000,170.924791,0.000000,286.796657
16928,6640.441128,0.000000,35.000000,170.423398,0.000000,278.774373
16929,6640.441128,0.000000,35.000000,169.922006,0.000000,270.752089
16930,6640.441128,0.000000,35.000000,169.420613,0.000000,262.729805
16931,6640.441128,0.000000,35.000000,168.919220,0.000000,254.707521
16933,6640.441128,0.000000,35.000000,167.916435,0.000000,238.662953
16934,6640.441128,0.000000,35.000000,167.415042,0.000000,230.640669
16935,6640.441128,0.000000,35.000000,166.913649,0.000000,222.618384
16936,6640.441128,0.000000,35.000000,166.412256,0.000000,214.596100
16939,6640.441128,0.000000,35.000000,164.908078,0.000000,190.529248
16940,6640.441128,0.000000,35.000000,164.406685,0.000000,182.506964
16941,6640.441128,0.000000,35.000000,163.905292,0.000000,174.484680
16944,6640.441128,0.000000,35.000000,162.401114,0.000000,150.417827
16945,6640.441128,0.000000,35.000000,161.899721,0.000000,142.395543
16949,6640.441128,0.000000,35.000000,159.894150,0.000000,110.306407
16950,6640.441128,0.000000,35.000000,159.392758,0.000000,102.284123
16952,6640.441128,0.000000,35.000000,158.389972,0.000000,86.239554
16953,6640.441128,0.000000,35.000000,157.888579,0.000000,78.217270
16955,6640.441128,0.000000,35.000000,156.885794,0.000000,62.172702
16957,6640.441128,0.000000,35.000000,155.883008,0.000000,46.128134
16958,6640.441128,0.000000,35.000000,155.381616,0.000000,38.105850
16959,6640.441128,0.000000,35.000000,154.880223,0.000000,30.083565
16960,6640.441128,0.000000,35.000000,154.378830,0.000000,22.061281
16961,6640.441128,0.000000,35.000000,153.877437,0.000000,14.038997
16962,6640.441128,0.000000,35.000000,153.376045,0.000000,6.016713
16963,6640.441128,0.000000,35.000000,152.874652,0.000000,357.994429
16964,6640.441128,0.000000,35.000000,152.373259,0.000000,349.972145
16965,6640.441128,0.000000,35.000000,151.871866,0.000000,341.949861
16967,6640.441128,0.000000,35.000000,150.869081,0.000000,325.905292
16968,6640.441128,0.000000,35.000000,150.367688,0.000000,317.883008
16969,6640.441128,0.000000,35.000000,149.866295,0.000000,309.860724
16970,6640.441128,0.000000,35.000000,149.364903,0.000000,301.838440
16971,6640.441128,0.000000,35.000000,148.863510,0.000000,293.816156
16972,6640.441128,0.000000,35.000000,148.362117,0.000000,285.793872
16973,6640.441128,0.000000,35.000000,147.860724,0.000000,277.771588
16974,6640.441128,0.000000,35.000000,147.359331,0.000000,269.749304
16977,6640.441128,0.000000,35.000000,145.855153,0.000000,245.682451
16979,6640.441128,0.000000,35.000000,144.852368,0.000000,229.637883
16980,6640.441128,0.000000,35.000000,144.350975,0.000000,221.615599
16981,6640.441128,0.000000,35.000000,143.849582,0.000000,213.593315
16982,6640.441128,0.000000,35.000000,143.348189,0.000000,205.571031
16983,6640.441128,0.000000,35.000000,142.846797,0.000000,197.548747
16984,6640.441128,0.000000,35.000000,142.345404,0.000000,189.526462
16985,6640.441128,0.000000,35.000000,141.844011,0.000000,181.504178
16986,6640.441128,0.000000,35.000000,141.342618,0.000000,173.481894
16987,6640.441128,0.000000,35.000000,140.841226,0.000000,165.459610
16988,6640.441128,0.000000,35.000000,140.339833,0.000000,157.437326
16989,6640.441128,0.000000,35.000000,139.838440,0.000000,149.415042
16990,6640.441128,0.000000,35.000000,139.337047,0.000000,141.392758
16991,6640.441128,0.000000,35.000000,138.835655,0.000000,133.370474
16992,6640.441128,0.000000,35.000000,138.334262,0.000000,125.348189
16994,6640.441128,0.000000,35.000000,137.331476,0.000000,109.303621
16995,6640.441128,0.000000,35.000000,136.830084,0.000000,101.281337
16998,6640.441128,0.000000,35.000000,135.325905,0.000000,77.214485
17000,6640.441128,0.000000,35.000000,134.323120,0.000000,61.169916
17001,6640.441128,0.000000,35.000000,133.821727,0.000000,53.147632
17002,6640.441128,0.000000,35.000000,133.320334,0.000000,45.125348
17003,6640.441128,0.000000,35.000000,132.818942,0.000000,37.103064
17004,6640.441128,0.000000,35.000000,132.317549,0.000000,29.080780
17005,6640.441128,0.000000,35.000000,131.816156,0.000000,21.058496
17006,6640.441128,0.000000,35.000000,131.314763,0.000000,13.036212
17007,6640.441128,0.000000,35.000000,130.813370,0.000000,5.013928
17008,6640.441128,0.000000,35.000000,130.311978,0.000000,356.991643
17009,6640.441128,0.000000,35.000000,129.810585,0.000000,348.969359
17010,6640.441128,0.000000,35.000000,129.309192,0.000000,340.947075
17011,6640.441128,0.000000,35.000000,128.807799,0.000000,332.924791
17012,6640.441128,0.000000,35.000000,128.306407,0.000000,324.902507
17013,6640.441128,0.000000,35.000000,127.805014,0.000000,316.880223
17014,6640.441128,0.000000,35.000000,127.303621,0.000000,308.857939
17015,6640.441128,0.000000,35.000000,126.802228,0.000000,300.835655
17016,6640.441128,0.000000,35.000000,126.300836,0.000000,292.813370
17017,6640.441128,0.000000,35.000000,125.799443,0.000000,284.791086
17018,6640.441128,0.000000,35.000000,125.298050,0.000000,276.768802
17019,6640.441128,0.000000,35.000000,124.796657,0.000000,268.746518
17020,6640.441128,0.000000,35.000000,124.295265,0.000000,260.724234
17021,6640.441128,0.000000,35.000000,123.793872,0.000000,252.701950
17022,6640.441128,0.000000,35.000000,123.292479,0.000000,244.679666
17023,6640.441128,0.000000,35.000000,122.791086,0.000000,236.657382
17024,6640.441128,0.000000,35.000000,122.289694,0.000000,228.635097
17025,6640.441128,0.000000,35.000000,121.788301,0.000000,220.612813
17026,6640.441128,0.000000,35.000000,121.286908,0.000000,212.590529
17027,6640.441128,0.000000,35.000000,120.785515,0.000000,204.568245
17028,6640.441128,0.000000,35.000000,120.284123,0.000000,196.545961
17029,6640.441128,0.000000,35.000000,119.782730,0.000000,188.523677
17030,6640.441128,0.000000,35.000000,119.281337,0.000000,180.501393
17031,6640.441128,0.000000,35.000000,118.779944,0.000000,172.479109
17032,6640.441128,0.000000,35.000000,118.278552,0.000000,164.456825
17033,6640.441128,0.000000,35.000000,117.777159,0.000000,156.434540
17034,6640.441128,0.000000,35.000000,117.275766,0.000000,148.412256
17035,6640.441128,0.000000,35.000000,116.774373,0.000000,140.389972
17036,6640.441128,0.000000,35.000000,116.272981,0.000000,132.367688
17037,6640.441128,0.000000,35.000000,115.771588,0.000000,124.345404
17038,6640.441128,0.000000,35.000000,115.270195,0.000000,116.323120
17039,6640.441128,0.000000,35.000000,114.768802,0.000000,108.300836
17041,6640.441128,0.000000,35.000000,113.766017,0.000000,92.256267
17042,6640.441128,0.000000,35.000000,113.264624,0.000000,84.233983
17043,6640.441128,0.000000,35.000000,112.763231,0.000000,76.211699
17044,6640.441128,0.000000,35.000000,112.261838,0.000000,68.189415
17045,6640.441128,0.000000,35.000000,111.760446,0.000000,60.167131
17046,6640.441128,0.000000,35.000000,111.259053,0.000000,52.144847
17047,6640.441128,0.000000,35.000000,110.757660,0.000000,44.122563
17048,6640.441128,0.000000,35.000000,110.256267,0.000000,36.100279
17049,6640.441128,0.000000,35.000000,109.754875,0.000000,28.077994
17050,6640.441128,0.000000,35.000000,109.253482,0.000000,20.055710
17051,6640.441128,0.000000,35.000000,108.752089,0.000000,12.033426
17052,6640.441128,0.000000,35.000000,108.250696,0.000000,4.011142
17053,6640.441128,0.000000,35.000000,107.749304,0.000000,355.988858
17054,6640.441128,0.000000,35.000000,107.247911,0.000000,347.966574
17056,6640.441128,0.000000,35.000000,106.245125,0.000000,331.922006
17057,6640.441128,0.000000,35.000000,105.743733,0.000000,323.899721
17058,6640.441128,0.000000,35.000000,105.242340,0.000000,315.877437
17060,6640.441128,0.000000,35.000000,104.239554,0.000000,299.832869
17062,6640.441128,0.000000,35.000000,103.236769,0.000000,283.788301
17063,6640.441128,0.000000,35.000000,102.735376,0.000000,275.766017
17065,6640.441128,0.000000,35.000000,101.732591,0.000000,259.721448
17066,6640.441128,0.000000,35.000000,101.231198,0.000000,251.699164
17068,6640.441128,0.000000,35.000000,100.228412,0.000000,235.654596
17069,6640.441128,0.000000,35.000000,99.727019,0.000000,227.632312
17070,6640.441128,0.000000,35.000000,99.225627,0.000000,219.610028
17071,6640.441128,0.000000,35.000000,98.724234,0.000000,211.587744
17072,6640.441128,0.000000,35.000000,98.222841,0.000000,203.565460
17073,6640.441128,0.000000,35.000000,97.721448,0.000000,195.543175
17074,6640.441128,0.000000,35.000000,97.220056,0.000000,187.520891
17075,6640.441128,0.000000,35.000000,96.718663,0.000000,179.498607
17076,6640.441128,0.000000,35.000000,96.217270,0.000000,171.476323
17077,6640.441128,0.000000,35.000000,95.715877,0.000000,163.454039
17078,6640.441128,0.000000,35.000000,95.214485,0.000000,155.431755
17079,6640.441128,0.000000,35.000000,94.713092,0.000000,147.409471
17080,6640.441128,0.000000,35.000000,94.211699,0.000000,139.387187
17081,6640.441128,0.000000,35.000000,93.710306,0.000000,131.364903
17082,6640.441128,0.000000,35.000000,93.208914,0.000000,123.342618
17083,6640.441128,0.000000,35.000000,92.707521,0.000000,115.320334
17085,6640.441128,0.000000,35.000000,91.704735,0.000000,99.275766
17087,6640.441128,0.000000,35.000000,90.701950,0.000000,83.231198
17088,6640.441128,0.000000,35.000000,90.200557,0.000000,75.208914
17089,6640.441128,0.000000,35.000000,89.699164,0.000000,67.186630
17091,6640.441128,0.000000,35.000000,88.696379,0.000000,51.142061
17092,6640.441128,0.000000,35.000000,88.194986,0.000000,43.119777
17093,6640.441128,0.000000,35.000000,87.693593,0.000000,35.097493
17094,6640.441128,0.000000,35.000000,87.192201,0.000000,27.075209
17096,6640.441128,0.000000,35.000000,86.189415,0.000000,11.030641
17097,6640.441128,0.000000,35.000000,85.688022,0.000000,3.008357
17098,6640.441128,0.000000,35.000000,85.186630,0.000000,354.986072
17099,6640.441128,0.000000,35.000000,84.685237,0.000000,346.963788
17100,6640.441128,0.000000,35.000000,84.183844,0.000000,338.941504
17102,6640.441128,0.000000,35.000000,83.181058,0.000000,322.896936
17103,6640.441128,0.000000,35.000000,82.679666,0.000000,314.874652
17104,6640.441128,0.000000,35.000000,82.178273,0.000000,306.852368
17105,6640.441128,0.000000,35.000000,81.676880,0.000000,298.830084
17106,6640.441128,0.000000,35.000000,81.175487,0.000000,290.807799
17107,6640.441128,0.000000,35.000000,80.674095,0.000000,282.785515
17108,6640.441128,0.000000,35.000000,80.172702,0.000000,274.763231
17109,6640.441128,0.000000,35.000000,79.671309,0.000000,266.740947
17110,6640.441128,0.000000,35.000000,79.169916,0.000000,258.718663
17111,6640.441128,0.000000,35.000000,78.668524,0.000000,250.696379
17112,6640.441128,0.000000,35.000000,78.167131,0.000000,242.674095
17114,6640.441128,0.000000,35.000000,77.164345,0.000000,226.629526
17116,6640.441128,0.000000,35.000000,76.161560,0.000000,210.584958
17117,6640.441128,0.000000,35.000000,75.660167,0.000000,202.562674
17118,6640.441128,0.000000,35.000000,75.158774,0.000000,194.540390
17119,6640.441128,0.000000,35.000000,74.657382,0.000000,186.518106
17121,6640.441128,0.000000,35.000000,73.654596,0.000000,170.473538
17122,6640.441128,0.000000,35.000000,73.153203,0.000000,162.451253
17123,6640.441128,0.000000,35.000000,72.651811,0.000000,154.428969
17124,6640.441128,0.000000,35.000000,72.150418,0.000000,146.406685
17126,6640.441128,0.000000,35.000000,71.147632,0.000000,130.362117
17127,6640.441128,0.000000,35.000000,70.646240,0.000000,122.339833
17129,6640.441128,0.000000,35.000000,69.643454,0.000000,106.295265
17131,6640.441128,0.000000,35.000000,68.640669,0.000000,90.250696
17132,6640.441128,0.000000,35.000000,68.139276,0.000000,82.228412
17133,6640.441128,0.000000,35.000000,67.637883,0.000000,74.206128
17134,6640.441128,0.000000,35.000000,67.136490,0.000000,66.183844
17135,6640.441128,0.000000,35.000000,66.635097,0.000000,58.161560
17136,6640.441128,0.000000,35.000000,66.133705,0.000000,50.139276
17138,6640.441128,0.000000,35.000000,65.130919,0.000000,34.094708
17139,6640.441128,0.000000,35.000000,64.629526,0.000000,26.072423
17140,6640.441128,0.000000,35.000000,64.128134,0.000000,18.050139
17141,6640.441128,0.000000,35.000000,63.626741,0.000000,10.027855
17142,6640.441128,0.000000,35.000000,63.125348,0.000000,2.005571
17143,6640.441128,0.000000,35.000000,62.623955,0.000000,353.983287
17144,6640.441128,0.000000,35.000000,62.122563,0.000000,345.961003
17145,6640.441128,0.000000,35.000000,61.621170,0.000000,337.938719
17146,6640.441128,0.000000,35.000000,61.119777,0.000000,329.916435
17147,6640.441128,0.000000,35.000000,60.618384,0.000000,321.894150
17148,6640.441128,0.000000,35.000000,60.116992,0.000000,313.871866
17149,6640.441128,0.000000,35.000000,59.615599,0.000000,305.849582
17151,6640.441128,0.000000,35.000000,58.612813,0.000000,289.805014
17152,6640.441128,0.000000,35.000000,58.111421,0.000000,281.782730
17153,6640.441128,0.000000,35.000000,57.610028,0.000000,273.760446
17154,6640.441128,0.000000,35.000000,57.108635,0.000000,265.738162
17155,6640.441128,0.000000,35.000000,56.607242,0.000000,257.715877
17156,6640.441128,0.000000,35.000000,56.105850,0.000000,249.693593
17157,6640.441128,0.000000,35.000000,55.604457,0.000000,241.671309
17158,6640.441128,0.000000,35.000000,55.103064,0.000000,233.649025
17159,6640.441128,0.000000,35.000000,54.601671,0.000000,225.626741
17160,6640.441128,0.000000,35.000000,54.100279,0.000000,217.604457
17162,6640.441128,0.000000,35.000000,53.097493,0.000000,201.559889
17163,6640.441128,0.000000,35.000000,52.596100,0.000000,193.537604
17164,6640.441128,0.000000,35.000000,52.094708,0.000000,185.515320
17165,6640.441128,0.000000,35.000000,51.593315,0.000000,177.493036
17166,6640.441128,0.000000,35.000000,51.091922,0.000000,169.470752
17167,6640.441128,0.000000,35.000000,50.590529,0.000000,161.448468
17168,6640.441128,0.000000,35.000000,50.089136,0.000000,153.426184
17169,6640.441128,0.000000,35.000000,49.587744,0.000000,145.403900
17170,6640.441128,0.000000,35.000000,49.086351,0.000000,137.381616
17171,6640.441128,0.000000,35.000000,48.584958,0.000000,129.359331
17172,6640.441128,0.000000,35.000000,48.083565,0.000000,121.337047
17173,6640.441128,0.000000,35.000000,47.582173,0.000000,113.314763
17174,6640.441128,0.000000,35.000000,47.080780,0.000000,105.292479
17175,6640.441128,0.000000,35.000000,46.579387,0.000000,97.270195
17176,6640.441128,0.000000,35.000000,46.077994,0.000000,89.247911
17177,6640.441128,0.000000,35.000000,45.576602,0.000000,81.225627
17179,6640.441128,0.000000,35.000000,44.573816,0.000000,65.181058
17180,6640.441128,0.000000,35.000000,44.072423,0.000000,57.158774
17181,6640.441128,0.000000,35.000000,43.571031,0.000000,49.136490
17183,6640.441128,0.000000,35.000000,42.568245,0.000000,33.091922
17184,6640.441128,0.000000,35.000000,42.066852,0.000000,25.069638
17185,6640.441128,0.000000,35.000000,41.565460,0.000000,17.047354
17186,6640.441128,0.000000,35.000000,41.064067,0.000000,9.025070
17187,6640.441128,0.000000,35.000000,40.562674,0.000000,1.002786
17188,6640.441128,0.000000,35.000000,40.061281,0.000000,352.980501
17189,6640.441128,0.000000,35.000000,39.559889,0.000000,344.958217
17190,6640.441128,0.000000,35.000000,39.058496,0.000000,336.935933
17191,6640.441128,0.000000,35.000000,38.557103,0.000000,328.913649
17192,6640.441128,0.000000,35.000000,38.055710,0.000000,320.891365
17193,6640.441128,0.000000,35.000000,37.554318,0.000000,312.869081
17194,6640.441128,0.000000,35.000000,37.052925,0.000000,304.846797
17197,6640.441128,0.000000,35.000000,35.548747,0.000000,280.779944
17198,6640.441128,0.000000,35.000000,35.047354,0.000000,272.757660
17199,6640.441128,0.000000,35.000000,34.545961,0.000000,264.735376
17200,6640.441128,0.000000,35.000000,34.044568,0.000000,256.713092
17201,6640.441128,0.000000,35.000000,33.543175,0.000000,248.690808
17203,6640.441128,0.000000,35.000000,32.540390,0.000000,232.646240
17205,6640.441128,0.000000,35.000000,31.537604,0.000000,216.601671
17206,6640.441128,0.000000,35.000000,31.036212,0.000000,208.579387
17207,6640.441128,0.000000,35.000000,30.534819,0.000000,200.557103
17208,6640.441128,0.000000,35.000000,30.033426,0.000000,192.534819
17209,6640.441128,0.000000,35.000000,29.532033,0.000000,184.512535
17210,6640.441128,0.000000,35.000000,29.030641,0.000000,176.490251
17211,6640.441128,0.000000,35.000000,28.529248,0.000000,168.467967
17212,6640.441128,0.000000,35.000000,28.027855,0.000000,160.445682
17213,6640.441128,0.000000,35.000000,27.526462,0.000000,152.423398
17214,6640.441128,0.000000,35.000000,27.025070,0.000000,144.401114
17215,6640.441128,0.000000,35.000000,26.523677,0.000000,136.378830
17216,6640.441128,0.000000,35.000000,26.022284,0.000000,128.356546
17217,6640.441128,0.000000,35.000000,25.520891,0.000000,120.334262
17220,6640.441128,0.000000,35.000000,24.016713,0.000000,96.267409
17222,6640.441128,0.000000,35.000000,23.013928,0.000000,80.222841
17223,6640.441128,0.000000,35.000000,22.512535,0.000000,72.200557
17224,6640.441128,0.000000,35.000000,22.011142,0.000000,64.178273
17225,6640.441128,0.000000,35.000000,21.509749,0.000000,56.155989
17226,6640.441128,0.000000,35.000000,21.008357,0.000000,48.133705
17227,6640.441128,0.000000,35.000000,20.506964,0.000000,40.111421
17228,6640.441128,0.000000,35.000000,20.005571,0.000000,32.089136
17229,6640.441128,0.000000,35.000000,19.504178,0.000000,24.066852
17230,6640.441128,0.000000,35.000000,19.002786,0.000000,16.044568
17231,6640.441128,0.000000,35.000000,18.501393,0.000000,8.022284
17232,6640.441128,0.000000,33.000000,11.250000,0.000000,0.000000
17233,6640.441128,0.000000,33.000000,10.748607,0.000000,351.977716
17234,6640.441128,0.000000,33.000000,10.247214,0.000000,343.955432
17235,6640.441128,0.000000,33.000000,9.745822,0.000000,335.933148
17236,6640.441128,0.000000,33.000000,9.244429,0.000000,327.910864
17237,6640.441128,0.000000,33.000000,8.743036,0.000000,319.888579
17238,6640.441128,0.000000,33.000000,8.241643,0.000000,311.866295
17239,6640.441128,0.000000,33.000000,7.740251,0.000000,303.844011
17240,6640.441128,0.000000,33.000000,7.238858,0.000000,295.821727
17241,6640.441128,0.000000,33.000000,6.737465,0.000000,287.799443
17242,6640.441128,0.000000,33.000000,6.236072,0.000000,279.777159
17243,6640.441128,0.000000,33.000000,5.734680,0.000000,271.754875
17244,6640.441128,0.000000,33.000000,5.233287,0.000000,263.732591
17245,6640.441128,0.000000,33.000000,4.731894,0.000000,255.710306
17246,6640.441128,0.000000,33.000000,4.230501,0.000000,247.688022
17247,6640.441128,0.000000,33.000000,3.729109,0.000000,239.665738
17248,6640.441128,0.000000,33.000000,3.227716,0.000000,231.643454
17249,6640.441128,0.000000,33.000000,2.726323,0.000000,223.621170
17250,6640.441128,0.000000,33.000000,2.224930,0.000000,215.598886
17251,6640.441128,0.000000,33.000000,1.723538,0.000000,207.576602
17252,6640.441128,0.000000,33.000000,1.222145,0.000000,199.554318
17253,6640.441128,0.000000,33.000000,0.720752,0.000000,191.532033
17254,6640.441128,0.000000,33.000000,0.219359,0.000000,183.509749
17255,6640.441128,0.000000,33.000000,359.717967,0.000000,175.487465
17256,6640.441128,0.000000,33.000000,359.216574,0.000000,167.465181
17257,6640.441128,0.000000,33.000000,358.715181,0.000000,159.442897
17258,6640.441128,0.000000,33.000000,358.213788,0.000000,151.420613
17259,6640.441128,0.000000,33.000000,357.712396,0.000000,143.398329
17260,6640.441128,0.000000,33.000000,357.211003,0.000000,135.376045
17261,6640.441128,0.000000,33.000000,356.709610,0.000000,127.353760
17262,6640.441128,0.000000,33.000000,356.208217,0.000000,119.331476
17263,6640.441128,0.000000,33.000000,355.706825,0.000000,111.309192
17264,6640.441128,0.000000,33.000000,355.205432,0.000000,103.286908
17265,6640.441128,0.000000,33.000000,354.704039,0.000000,95.264624
17266,6640.441128,0.000000,33.000000,354.202646,0.000000,87.242340
17267,6640.441128,0.000000,33.000000,353.701253,0.000000,79.220056
17268,6640.441128,0.000000,33.000000,353.199861,0.000000,71.197772
17269,6640.441128,0.000000,33.000000,352.698468,0.000000,63.175487
17270,6640.441128,0.000000,33.000000,352.197075,0.000000,55.153203
17271,6640.441128,0.000000,33.000000,351.695682,0.000000,47.130919
17272,6640.441128,0.000000,33.000000,351.194290,0.000000,39.108635
17273,6640.441128,0.000000,33.000000,350.692897,0.000000,31.086351
17274,6640.441128,0.000000,33.000000,350.191504,0.000000,23.064067
17275,6640.441128,0.000000,33.000000,349.690111,0.000000,15.041783
17276,6640.441128,0.000000,33.000000,349.188719,0.000000,7.019499
17277,6640.441128,0.000000,33.000000,348.687326,0.000000,358.997214
17278,6640.441128,0.000000,33.000000,348.185933,0.000000,350.974930
17279,6640.441128,0.000000,33.000000,347.684540,0.000000,342.952646
17280,6640.441128,0.000000,33.000000,347.183148,0.000000,334.930362
17281,6640.441128,0.000000,33.000000,346.681755,0.000000,326.908078
17282,6640.441128,0.000000,33.000000,346.180362,0.000000,318.885794
17283,6640.441128,0.000000,33.000000,345.678969,0.000000,310.863510
17284,6640.441128,0.000000,33.000000,345.177577,0.000000,302.841226
17285,6640.441128,0.000000,33.000000,344.676184,0.000000,294.818942
17286,6640.441128,0.000000,33.000000,344.174791,0.000000,286.796657
17287,6640.441128,0.000000,33.000000,343.673398,0.000000,278.774373
17288,6640.441128,0.000000,33.000000,343.172006,0.000000,270.752089
17289,6640.441128,0.000000,33.000000,342.670613,0.000000,262.729805
17290,6640.441128,0.000000,33.000000,342.169220,0.000000,254.707521
17291,6640.441128,0.000000,33.000000,341.667827,0.000000,246.685237
17292,6640.441128,0.000000,33.000000,341.166435,0.000000,238.662953
17293,6640.441128,0.000000,33.000000,340.665042,0.000000,230.640669
17294,6640.441128,0.000000,33.000000,340.163649,0.000000,222.618384
17295,6640.441128,0.000000,33.000000,339.662256,0.000000,214.596100
17296,6640.441128,0.000000,33.000000,339.160864,0.000000,206.573816
17297,6640.441128,0.000000,33.000000,338.659471,0.000000,198.551532
17298,6640.441128,0.000000,33.000000,338.158078,0.000000,190.529248
17299,6640.441128,0.000000,33.000000,337.656685,0.000000,182.506964
17300,6640.441128,0.000000,33.000000,337.155292,0.000000,174.484680
17301,6640.441128,0.000000,33.000000,336.653900,0.000000,166.462396
17302,6640.441128,0.000000,33.000000,336.152507,0.000000,158.440111
17303,6640.441128,0.000000,33.000000,335.651114,0.000000,150.417827
17304,6640.441128,0.000000,33.000000,335.149721,0.000000,142.395543
17305,6640.441128,0.000000,33.000000,334.648329,0.000000,134.373259
17306,6640.441128,0.000000,33.000000,334.146936,0.000000,126.350975
17307,6640.441128,0.000000,33.000000,333.645543,0.000000,118.328691
17308,6640.441128,0.000000,33.000000,333.144150,0.000000,110.306407
17309,6640.441128,0.000000,33.000000,332.642758,0.000000,102.284123
17310,6640.441128,0.000000,33.000000,332.141365,0.000000,94.261838
17311,6640.441128,0.000000,33.000000,331.639972,0.000000,86.239554
17312,6640.441128,0.000000,33.000000,331.138579,0.000000,78.217270
17313,6640.441128,0.000000,33.000000,330.637187,0.000000,70.194986
17314,6640.441128,0.000000,33.000000,330.135794,0.000000,62.172702
17315,6640.441128,0.000000,33.000000,329.634401,0.000000,54.150418
17316,6640.441128,0.000000,33.000000,329.133008,0.000000,46.128134
17317,6640.441128,0.000000,33.000000,328.631616,0.000000,38.105850
17318,6640.441128,0.000000,33.000000,328.130223,0.000000,30.083565
17319,6640.441128,0.000000,33.000000,327.628830,0.000000,22.061281
17320,6640.441128,0.000000,33.000000,327.127437,0.000000,14.038997
17321,6640.441128,0.000000,33.000000,326.626045,0.000000,6.016713
17322,6640.441128,0.000000,33.000000,326.124652,0.000000,357.994429
17323,6640.441128,0.000000,33.000000,325.623259,0.000000,349.972145
17324,6640.441128,0.000000,33.000000,325.121866,0.000000,341.949861
17325,6640.441128,0.000000,33.000000,324.620474,0.000000,333.927577
17326,6640.441128,0.000000,33.000000,324.119081,0.000000,325.905292
17327,6640.441128,0.000000,33.000000,323.617688,0.000000,317.883008
17328,6640.441128,0.000000,33.000000,323.116295,0.000000,309.860724
17329,6640.441128,0.000000,33.000000,322.614903,0.000000,301.838440
17330,6640.441128,0.000000,33.000000,322.113510,0.000000,293.816156
17331,6640.441128,0.000000,33.000000,321.612117,0.000000,285.793872
17332,6640.441128,0.000000,33.000000,321.110724,0.000000,277.771588
17333,6640.441128,0.000000,33.000000,320.609331,0.000000,269.749304
17334,6640.441128,0.000000,33.000000,320.107939,0.000000,261.727019
17335,6640.441128,0.000000,33.000000,319.606546,0.000000,253.704735
17336,6640.441128,0.000000,33.000000,319.105153,0.000000,245.682451
17337,6640.441128,0.000000,33.000000,318.603760,0.000000,237.660167
17338,6640.441128,0.000000,33.000000,318.102368,0.000000,229.637883
17339,6640.441128,0.000000,33.000000,317.600975,0.000000,221.615599
17340,6640.441128,0.000000,33.000000,317.099582,0.000000,213.593315
17341,6640.441128,0.000000,33.000000,316.598189,0.000000,205.571031
17342,6640.441128,0.000000,33.000000,316.096797,0.000000,197.548747
17343,6640.441128,0.000000,33.000000,315.595404,0.000000,189.526462
17344,6640.441128,0.000000,33.000000,315.094011,0.000000,181.504178
17345,6640.441128,0.000000,33.000000,314.592618,0.000000,173.481894
17346,6640.441128,0.000000,33.000000,314.091226,0.000000,165.459610
17347,6640.441128,0.000000,33.000000,313.589833,0.000000,157.437326
17348,6640.441128,0.000000,33.000000,313.088440,0.000000,149.415042
17349,6640.441128,0.000000,33.000000,312.587047,0.000000,141.392758
17350,6640.441128,0.000000,33.000000,312.085655,0.000000,133.370474
17351,6640.441128,0.000000,33.000000,311.584262,0.000000,125.348189
17352,6640.441128,0.000000,33.000000,311.082869,0.000000,117.325905
17353,6640.441128,0.000000,33.000000,310.581476,0.000000,109.303621
17354,6640.441128,0.000000,33.000000,310.080084,0.000000,101.281337
17355,6640.441128,0.000000,33.000000,309.578691,0.000000,93.259053
17356,6640.441128,0.000000,33.000000,309.077298,0.000000,85.236769
17357,6640.441128,0.000000,33.000000,308.575905,0.000000,77.214485
17358,6640.441128,0.000000,33.000000,308.074513,0.000000,69.192201
17359,6640.441128,0.000000,33.000000,307.573120,0.000000,61.169916
17360,6640.441128,0.000000,33.000000,307.071727,0.000000,53.147632
17361,6640.441128,0.000000,33.000000,306.570334,0.000000,45.125348
17362,6640.441128,0.000000,33.000000,306.068942,0.000000,37.103064
17363,6640.441128,0.000000,33.000000,305.567549,0.000000,29.080780
17364,6640.441128,0.000000,33.000000,305.066156,0.000000,21.058496
17365,6640.441128,0.000000,33.000000,304.564763,0.000000,13.036212
17366,6640.441128,0.000000,33.000000,304.063370,0.000000,5.013928
17367,6640.441128,0.000000,33.000000,303.561978,0.000000,356.991643
17368,6640.441128,0.000000,33.000000,303.060585,0.000000,348.969359
17369,6640.441128,0.000000,33.000000,302.559192,0.000000,340.947075
17370,6640.441128,0.000000,33.000000,302.057799,0.000000,332.924791
17371,6640.441128,0.000000,33.000000,301.556407,0.000000,324.902507
17372,6640.441128,0.000000,33.000000,301.055014,0.000000,316.880223
17373,6640.441128,0.000000,33.000000,300.553621,0.000000,308.857939
17374,6640.441128,0.000000,33.000000,300.052228,0.000000,300.835655
17375,6640.441128,0.000000,33.000000,299.550836,0.000000,292.813370
17376,6640.441128,0.000000,33.000000,299.049443,0.000000,284.791086
17377,6640.441128,0.000000,33.000000,298.548050,0.000000,276.768802
17378,6640.441128,0.000000,33.000000,298.046657,0.000000,268.746518
17379,6640.441128,0.000000,33.000000,297.545265,0.000000,260.724234
17380,6640.441128,0.000000,33.000000,297.043872,0.000000,252.701950
17381,6640.441128,0.000000,33.000000,296.542479,0.000000,244.679666
17382,6640.441128,0.000000,33.000000,296.041086,0.000000,236.657382
17383,6640.441128,0.000000,33.000000,295.539694,0.000000,228.635097
17384,6640.441128,0.000000,33.000000,295.038301,0.000000,220.612813
17385,6640.441128,0.000000,33.000000,294.536908,0.000000,212.590529
17386,6640.441128,0.000000,33.000000,294.035515,0.000000,204.568245
17387,6640.441128,0.000000,33.000000,293.534123,0.000000,196.545961
17388,6640.441128,0.000000,33.000000,293.032730,0.000000,188.523677
17389,6640.441128,0.000000,33.000000,292.531337,0.000000,180.501393
17390,6640.441128,0.000000,33.000000,292.029944,0.000000,172.479109
17391,6640.441128,0.000000,33.000000,291.528552,0.000000,164.456825
17392,6640.441128,0.000000,33.000000,291.027159,0.000000,156.434540
17393,6640.441128,0.000000,33.000000,290.525766,0.000000,148.412256
17394,6640.441128,0.000000,33.000000,290.024373,0.000000,140.389972
17395,6640.441128,0.000000,33.000000,289.522981,0.000000,132.367688
17396,6640.441128,0.000000,33.000000,289.021588,0.000000,124.345404
17397,6640.441128,0.000000,33.000000,288.520195,0.000000,116.323120
17398,6640.441128,0.000000,33.000000,288.018802,0.000000,108.300836
17399,6640.441128,0.000000,33.000000,287.517409,0.000000,100.278552
17400,6640.441128,0.000000,33.000000,287.016017,0.000000,92.256267
17401,6640.441128,0.000000,33.000000,286.514624,0.000000,84.233983
17402,6640.441128,0.000000,33.000000,286.013231,0.000000,76.211699
17403,6640.441128,0.000000,33.000000,285.511838,0.000000,68.189415
17404,6640.441128,0.000000,33.000000,285.010446,0.000000,60.167131
17405,6640.441128,0.000000,33.000000,284.509053,0.000000,52.144847
17406,6640.441128,0.000000,33.000000,284.007660,0.000000,44.122563
17408,6640.441128,0.000000,33.000000,283.004875,0.000000,28.077994
17409,6640.441128,0.000000,33.000000,282.503482,0.000000,20.055710
17410,6640.441128,0.000000,33.000000,282.002089,0.000000,12.033426
17411,6640.441128,0.000000,33.000000,281.500696,0.000000,4.011142
17412,6640.441128,0.000000,33.000000,280.999304,0.000000,355.988858
17413,6640.441128,0.000000,33.000000,280.497911,0.000000,347.966574
17414,6640.441128,0.000000,33.000000,279.996518,0.000000,339.944290
17415,6640.441128,0.000000,33.000000,279.495125,0.000000,331.922006
17416,6640.441128,0.000000,33.000000,278.993733,0.000000,323.899721
17417,6640.441128,0.000000,33.000000,278.492340,0.000000,315.877437
17418,6640.441128,0.000000,33.000000,277.990947,0.000000,307.855153
17419,6640.441128,0.000000,33.000000,277.489554,0.000000,299.832869
17420,6640.441128,0.000000,33.000000,276.988162,0.000000,291.810585
17421,6640.441128,0.000000,33.000000,276.486769,0.000000,283.788301
17422,6640.441128,0.000000,33.000000,275.985376,0.000000,275.766017
17423,6640.441128,0.000000,33.000000,275.483983,0.000000,267.743733
17424,6640.441128,0.000000,33.000000,274.982591,0.000000,259.721448
17425,6640.441128,0.000000,33.000000,274.481198,0.000000,251.699164
17426,6640.441128,0.000000,33.000000,273.979805,0.000000,243.676880
17427,6640.441128,0.000000,33.000000,273.478412,0.000000,235.654596
17428,6640.441128,0.000000,33.000000,272.977019,0.000000,227.632312
17429,6640.441128,0.000000,33.000000,272.475627,0.000000,219.610028
17430,6640.441128,0.000000,33.000000,271.974234,0.000000,211.587744
17431,6640.441128,0.000000,33.000000,271.472841,0.000000,203.565460
17432,6640.441128,0.000000,33.000000,270.971448,0.000000,195.543175
17433,6640.441128,0.000000,33.000000,270.470056,0.000000,187.520891
17434,6640.441128,0.000000,33.000000,269.968663,0.000000,179.498607
17435,6640.441128,0.000000,33.000000,269.467270,0.000000,171.476323
17436,6640.441128,0.000000,33.000000,268.965877,0.000000,163.454039
17437,6640.441128,0.000000,33.000000,268.464485,0.000000,155.431755
17438,6640.441128,0.000000,33.000000,267.963092,0.000000,147.409471
17439,6640.441128,0.000000,33.000000,267.461699,0.000000,139.387187
17440,6640.441128,0.000000,33.000000,266.960306,0.000000,131.364903
17441,6640.441128,0.000000,33.000000,266.458914,0.000000,123.342618
17442,6640.441128,0.000000,33.000000,265.957521,0.000000,115.320334
17443,6640.441128,0.000000,33.000000,265.456128,0.000000,107.298050
17444,6640.441128,0.000000,33.000000,264.954735,0.000000,99.275766
17445,6640.441128,0.000000,33.000000,264.453343,0.000000,91.253482
17446,6640.441128,0.000000,33.000000,263.951950,0.000000,83.231198
17447,6640.441128,0.000000,33.000000,263.450557,0.000000,75.208914
17448,6640.441128,0.000000,33.000000,262.949164,0.000000,67.186630
17449,6640.441128,0.000000,33.000000,262.447772,0.000000,59.164345
17450,6640.441128,0.000000,33.000000,261.946379,0.000000,51.142061
17451,6640.441128,0.000000,33.000000,261.444986,0.000000,43.119777
17452,6640.441128,0.000000,33.000000,260.943593,0.000000,35.097493
17453,6640.441128,0.000000,33.000000,260.442201,0.000000,27.075209
17454,6640.441128,0.000000,33.000000,259.940808,0.000000,19.052925
17455,6640.441128,0.000000,33.000000,259.439415,0.000000,11.030641
17456,6640.441128,0.000000,33.000000,258.938022,0.000000,3.008357
17457,6640.441128,0.000000,33.000000,258.436630,0.000000,354.986072
17458,6640.441128,0.000000,33.000000,257.935237,0.000000,346.963788
17459,6640.441128,0.000000,33.000000,257.433844,0.000000,338.941504
17460,6640.441128,0.000000,33.000000,256.932451,0.000000,330.919220
17461,6640.441128,0.000000,33.000000,256.431058,0.000000,322.896936
17462,6640.441128,0.000000,33.000000,255.929666,0.000000,314.874652
17463,6640.441128,0.000000,33.000000,255.428273,0.000000,306.852368
17464,6640.441128,0.000000,33.000000,254.926880,0.000000,298.830084
17465,6640.441128,0.000000,33.000000,254.425487,0.000000,290.807799
17466,6640.441128,0.000000,33.000000,253.924095,0.000000,282.785515
17467,6640.441128,0.000000,33.000000,253.422702,0.000000,274.763231
17468,6640.441128,0.000000,33.000000,252.921309,0.000000,266.740947
17469,6640.441128,0.000000,33.000000,252.419916,0.000000,258.718663
17470,6640.441128,0.000000,33.000000,251.918524,0.000000,250.696379
17471,6640.441128,0.000000,33.000000,251.417131,0.000000,242.674095
17472,6640.441128,0.000000,33.000000,250.915738,0.000000,234.651811
17473,6640.441128,0.000000,33.000000,250.414345,0.000000,226.629526
17474,6640.441128,0.000000,33.000000,249.912953,0.000000,218.607242
17475,6640.441128,0.000000,33.000000,249.411560,0.000000,210.584958
17476,6640.441128,0.000000,33.000000,248.910167,0.000000,202.562674
17477,6640.441128,0.000000,33.000000,248.408774,0.000000,194.540390
17478,6640.441128,0.000000,33.000000,247.907382,0.000000,186.518106
17479,6640.441128,0.000000,33.000000,247.405989,0.000000,178.495822
17480,6640.441128,0.000000,33.000000,246.904596,0.000000,170.473538
17481,6640.441128,0.000000,33.000000,246.403203,0.000000,162.451253
17482,6640.441128,0.000000,33.000000,245.901811,0.000000,154.428969
17483,6640.441128,0.000000,33.000000,245.400418,0.000000,146.406685
17484,6640.441128,0.000000,33.000000,244.899025,0.000000,138.384401
17485,6640.441128,0.000000,33.000000,244.397632,0.000000,130.362117
17486,6640.441128,0.000000,33.000000,243.896240,0.000000,122.339833
17487,6640.441128,0.000000,33.000000,243.394847,0.000000,114.317549
17488,6640.441128,0.000000,33.000000,242.893454,0.000000,106.295265
17489,6640.441128,0.000000,33.000000,242.392061,0.000000,98.272981
17490,6640.441128,0.000000,33.000000,241.890669,0.000000,90.250696
17491,6640.441128,0.000000,33.000000,241.389276,0.000000,82.228412
17492,6640.441128,0.000000,33.000000,240.887883,0.000000,74.206128
17493,6640.441128,0.000000,33.000000,240.386490,0.000000,66.183844
17494,6640.441128,0.000000,33.000000,239.885097,0.000000,58.161560
17495,6640.441128,0.000000,33.000000,239.383705,0.000000,50.139276
17496,6640.441128,0.000000,33.000000,238.882312,0.000000,42.116992
17497,6640.441128,0.000000,33.000000,238.380919,0.000000,34.094708
17498,6640.441128,0.000000,33.000000,237.879526,0.000000,26.072423
17499,6640.441128,0.000000,33.000000,237.378134,0.000000,18.050139
17500,6640.441128,0.000000,33.000000,236.876741,0.000000,10.027855
17501,6640.441128,0.000000,33.000000,236.375348,0.000000,2.005571
17502,6640.441128,0.000000,33.000000,235.873955,0.000000,353.983287
17503,6640.441128,0.000000,33.000000,235.372563,0.000000,345.961003
17504,6640.441128,0.000000,33.000000,234.871170,0.000000,337.938719
17505,6640.441128,0.000000,33.000000,234.369777,0.000000,329.916435
17506,6640.441128,0.000000,33.000000,233.868384,0.000000,321.894150
17507,6640.441128,0.000000,33.000000,233.366992,0.000000,313.871866
17508,6640.441128,0.000000,33.000000,232.865599,0.000000,305.849582
17509,6640.441128,0.000000,33.000000,232.364206,0.000000,297.827298
17510,6640.441128,0.000000,33.000000,231.862813,0.000000,289.805014
17511,6640.441128,0.000000,33.000000,231.361421,0.000000,281.782730
17512,6640.441128,0.000000,33.000000,230.860028,0.000000,273.760446
17513,6640.441128,0.000000,33.000000,230.358635,0.000000,265.738162
17514,6640.441128,0.000000,33.000000,229.857242,0.000000,257.715877
17515,6640.441128,0.000000,33.000000,229.355850,0.000000,249.693593
17516,6640.441128,0.000000,33.000000,228.854457,0.000000,241.671309
17517,6640.441128,0.000000,33.000000,228.353064,0.000000,233.649025
17518,6640.441128,0.000000,33.000000,227.851671,0.000000,225.626741
17519,6640.441128,0.000000,33.000000,227.350279,0.000000,217.604457
17520,6640.441128,0.000000,33.000000,226.848886,0.000000,209.582173
17521,6640.441128,0.000000,33.000000,226.347493,0.000000,201.559889
17522,6640.441128,0.000000,33.000000,225.846100,0.000000,193.537604
17523,6640.441128,0.000000,33.000000,225.344708,0.000000,185.515320
17524,6640.441128,0.000000,33.000000,224.843315,0.000000,177.493036
17525,6640.441128,0.000000,33.000000,224.341922,0.000000,169.470752
17526,6640.441128,0.000000,33.000000,223.840529,0.000000,161.448468
17527,6640.441128,0.000000,33.000000,223.339136,0.000000,153.426184
17528,6640.441128,0.000000,33.000000,222.837744,0.000000,145.403900
17529,6640.441128,0.000000,33.000000,222.336351,0.000000,137.381616
17530,6640.441128,0.000000,33.000000,221.834958,0.000000,129.359331
17531,6640.441128,0.000000,33.000000,221.333565,0.000000,121.337047
17532,6640.441128,0.000000,33.000000,220.832173,0.000000,113.314763
17533,6640.441128,0.000000,33.000000,220.330780,0.000000,105.292479
17534,6640.441128,0.000000,33.000000,219.829387,0.000000,97.270195
17535,6640.441128,0.000000,33.000000,219.327994,0.000000,89.247911
17536,6640.441128,0.000000,33.000000,218.826602,0.000000,81.225627
17537,6640.441128,0.000000,33.000000,218.325209,0.000000,73.203343
17538,6640.441128,0.000000,33.000000,217.823816,0.000000,65.181058
17539,6640.441128,0.000000,33.000000,217.322423,0.000000,57.158774
17540,6640.441128,0.000000,33.000000,216.821031,0.000000,49.136490
17541,6640.441128,0.000000,33.000000,216.319638,0.000000,41.114206
17542,6640.441128,0.000000,33.000000,215.818245,0.000000,33.091922
17543,6640.441128,0.000000,33.000000,215.316852,0.000000,25.069638
17544,6640.441128,0.000000,33.000000,214.815460,0.000000,17.047354
17545,6640.441128,0.000000,33.000000,214.314067,0.000000,9.025070
17546,6640.441128,0.000000,33.000000,213.812674,0.000000,1.002786
17547,6640.441128,0.000000,33.000000,213.311281,0.000000,352.980501
17548,6640.441128,0.000000,33.000000,212.809889,0.000000,344.958217
17549,6640.441128,0.000000,33.000000,212.308496,0.000000,336.935933
17550,6640.441128,0.000000,33.000000,211.807103,0.000000,328.913649
17551,6640.441128,0.000000,33.000000,211.305710,0.000000,320.891365
17552,6640.441128,0.000000,33.000000,210.804318,0.000000,312.869081
17553,6640.441128,0.000000,33.000000,210.302925,0.000000,304.846797
17554,6640.441128,0.000000,33.000000,209.801532,0.000000,296.824513
17555,6640.441128,0.000000,33.000000,209.300139,0.000000,288.802228
17556,6640.441128,0.000000,33.000000,208.798747,0.000000,280.779944
17557,6640.441128,0.000000,33.000000,208.297354,0.000000,272.757660
17558,6640.441128,0.000000,33.000000,207.795961,0.000000,264.735376
17559,6640.441128,0.000000,33.000000,207.294568,0.000000,256.713092
17560,6640.441128,0.000000,33.000000,206.793175,0.000000,248.690808
17561,6640.441128,0.000000,33.000000,206.291783,0.000000,240.668524
17562,6640.441128,0.000000,33.000000,205.790390,0.000000,232.646240
17563,6640.441128,0.000000,33.000000,205.288997,0.000000,224.623955
17564,6640.441128,0.000000,33.000000,204.787604,0.000000,216.601671
17565,6640.441128,0.000000,33.000000,204.286212,0.000000,208.579387
17566,6640.441128,0.000000,33.000000,203.784819,0.000000,200.557103
17567,6640.441128,0.000000,33.000000,203.283426,0.000000,192.534819
17568,6640.441128,0.000000,33.000000,202.782033,0.000000,184.512535
17569,6640.441128,0.000000,33.000000,202.280641,0.000000,176.490251
17570,6640.441128,0.000000,33.000000,201.779248,0.000000,168.467967
17571,6640.441128,0.000000,33.000000,201.277855,0.000000,160.445682
17572,6640.441128,0.000000,33.000000,200.776462,0.000000,152.423398
17573,6640.441128,0.000000,33.000000,200.275070,0.000000,144.401114
17574,6640.441128,0.000000,33.000000,199.773677,0.000000,136.378830
17575,6640.441128,0.000000,33.000000,199.272284,0.000000,128.356546
17576,6640.441128,0.000000,33.000000,198.770891,0.000000,120.334262
17577,6640.441128,0.000000,33.000000,198.269499,0.000000,112.311978
17578,6640.441128,0.000000,33.000000,197.768106,0.000000,104.289694
17579,6640.441128,0.000000,33.000000,197.266713,0.000000,96.267409
17580,6640.441128,0.000000,33.000000,196.765320,0.000000,88.245125
17581,6640.441128,0.000000,33.000000,196.263928,0.000000,80.222841
17582,6640.441128,0.000000,33.000000,195.762535,0.000000,72.200557
17583,6640.441128,0.000000,33.000000,195.261142,0.000000,64.178273
17584,6640.441128,0.000000,33.000000,194.759749,0.000000,56.155989
17585,6640.441128,0.000000,33.000000,194.258357,0.000000,48.133705
17586,6640.441128,0.000000,33.000000,193.756964,0.000000,40.111421
17587,6640.441128,0.000000,33.000000,193.255571,0.000000,32.089136
17588,6640.441128,0.000000,33.000000,192.754178,0.000000,24.066852
17589,6640.441128,0.000000,33.000000,192.252786,0.000000,16.044568
17590,6640.441128,0.000000,33.000000,191.751393,0.000000,8.022284
17591,6640.441128,0.000000,33.000000,191.250000,0.000000,360.000000
17592,6640.441128,0.000000,33.000000,190.748607,0.000000,351.977716
17593,6640.441128,0.000000,33.000000,190.247214,0.000000,343.955432
17594,6640.441128,0.000000,33.000000,189.745822,0.000000,335.933148
17595,6640.441128,0.000000,33.000000,189.244429,0.000000,327.910864
17596,6640.441128,0.000000,33.000000,188.743036,0.000000,319.888579
17597,6640.441128,0.000000,33.000000,188.241643,0.000000,311.866295
17598,6640.441128,0.000000,33.000000,187.740251,0.000000,303.844011
17599,6640.441128,0.000000,33.000000,187.238858,0.000000,295.821727
17600,6640.441128,0.000000,33.000000,186.737465,0.000000,287.799443
17601,6640.441128,0.000000,33.000000,186.236072,0.000000,279.777159
17602,6640.441128,0.000000,33.000000,185.734680,0.000000,271.754875
17603,6640.441128,0.000000,33.000000,185.233287,0.000000,263.732591
17604,6640.441128,0.000000,33.000000,184.731894,0.000000,255.710306
17605,6640.441128,0.000000,33.000000,184.230501,0.000000,247.688022
17606,6640.441128,0.000000,33.000000,183.729109,0.000000,239.665738
17607,6640.441128,0.000000,33.000000,183.227716,0.000000,231.643454
17608,6640.441128,0.000000,33.000000,182.726323,0.000000,223.621170
17609,6640.441128,0.000000,33.000000,182.224930,0.000000,215.598886
17610,6640.441128,0.000000,33.000000,181.723538,0.000000,207.576602
17611,6640.441128,0.000000,33.000000,181.222145,0.000000,199.554318
17612,6640.441128,0.000000,33.000000,180.720752,0.000000,191.532033
17613,6640.441128,0.000000,33.000000,180.219359,0.000000,183.509749
17614,6640.441128,0.000000,33.000000,179.717967,0.000000,175.487465
17615,6640.441128,0.000000,33.000000,179.216574,0.000000,167.465181
17616,6640.441128,0.000000,33.000000,178.715181,0.000000,159.442897
17618,6640.441128,0.000000,33.000000,177.712396,0.000000,143.398329
17619,6640.441128,0.000000,33.000000,177.211003,0.000000,135.376045
17620,6640.441128,0.000000,33.000000,176.709610,0.000000,127.353760
17621,6640.441128,0.000000,33.000000,176.208217,0.000000,119.331476
17622,6640.441128,0.000000,33.000000,175.706825,0.000000,111.309192
17623,6640.441128,0.000000,33.000000,175.205432,0.000000,103.286908
17624,6640.441128,0.000000,33.000000,174.704039,0.000000,95.264624
17625,6640.441128,0.000000,33.000000,174.202646,0.000000,87.242340
17626,6640.441128,0.000000,33.000000,173.701253,0.000000,79.220056
17627,6640.441128,0.000000,33.000000,173.199861,0.000000,71.197772
17628,6640.441128,0.000000,33.000000,172.698468,0.000000,63.175487
17629,6640.441128,0.000000,33.000000,172.197075,0.000000,55.153203
17630,6640.441128,0.000000,33.000000,171.695682,0.000000,47.130919
17631,6640.441128,0.000000,33.000000,171.194290,0.000000,39.108635
17632,6640.441128,0.000000,33.000000,170.692897,0.000000,31.086351
17633,6640.441128,0.000000,33.000000,170.191504,0.000000,23.064067
17634,6640.441128,0.000000,33.000000,169.690111,0.000000,15.041783
17635,6640.441128,0.000000,33.000000,169.188719,0.000000,7.019499
17636,6640.441128,0.000000,33.000000,168.687326,0.000000,358.997214
17637,6640.441128,0.000000,33.000000,168.185933,0.000000,350.974930
17638,6640.441128,0.000000,33.000000,167.684540,0.000000,342.952646
17639,6640.441128,0.000000,33.000000,167.183148,0.000000,334.930362
17640,6640.441128,0.000000,33.000000,166.681755,0.000000,326.908078
17641,6640.441128,0.000000,33.000000,166.180362,0.000000,318.885794
17642,6640.441128,0.000000,33.000000,165.678969,0.000000,310.863510
17643,6640.441128,0.000000,33.000000,165.177577,0.000000,302.841226
17644,6640.441128,0.000000,33.000000,164.676184,0.000000,294.818942
17645,6640.441128,0.000000,33.000000,164.174791,0.000000,286.796657
17647,6640.441128,0.000000,33.000000,163.172006,0.000000,270.752089
17648,6640.441128,0.000000,33.000000,162.670613,0.000000,262.729805
17649,6640.441128,0.000000,33.000000,162.169220,0.000000,254.707521
17650,6640.441128,0.000000,33.000000,161.667827,0.000000,246.685237
17651,6640.441128,0.000000,33.000000,161.166435,0.000000,238.662953
17652,6640.441128,0.000000,33.000000,160.665042,0.000000,230.640669
17653,6640.441128,0.000000,33.000000,160.163649,0.000000,222.618384
17654,6640.441128,0.000000,33.000000,159.662256,0.000000,214.596100
17655,6640.441128,0.000000,33.000000,159.160864,0.000000,206.573816
17656,6640.441128,0.000000,33.000000,158.659471,0.000000,198.551532
17657,6640.441128,0.000000,33.000000,158.158078,0.000000,190.529248
17658,6640.441128,0.000000,33.000000,157.656685,0.000000,182.506964
17659,6640.441128,0.000000,33.000000,157.155292,0.000000,174.484680
17660,6640.441128,0.000000,33.000000,156.653900,0.000000,166.462396
17661,6640.441128,0.000000,33.000000,156.152507,0.000000,158.440111
17662,6640.441128,0.000000,33.000000,155.651114,0.000000,150.417827
17663,6640.441128,0.000000,33.000000,155.149721,0.000000,142.395543
17664,6640.441128,0.000000,33.000000,154.648329,0.000000,134.373259
17665,6640.441128,0.000000,33.000000,154.146936,0.000000,126.350975
17666,6640.441128,0.000000,33.000000,153.645543,0.000000,118.328691
17667,6640.441128,0.000000,33.000000,153.144150,0.000000,110.306407
17668,6640.441128,0.000000,33.000000,152.642758,0.000000,102.284123
17669,6640.441128,0.000000,33.000000,152.141365,0.000000,94.261838
17670,6640.441128,0.000000,33.000000,151.639972,0.000000,86.239554
17671,6640.441128,0.000000,33.000000,151.138579,0.000000,78.217270
17672,6640.441128,0.000000,33.000000,150.637187,0.000000,70.194986
17673,6640.441128,0.000000,33.000000,150.135794,0.000000,62.172702
17674,6640.441128,0.000000,33.000000,149.634401,0.000000,54.150418
17675,6640.441128,0.000000,33.000000,149.133008,0.000000,46.128134
17676,6640.441128,0.000000,33.000000,148.631616,0.000000,38.105850
17677,6640.441128,0.000000,33.000000,148.130223,0.000000,30.083565
17678,6640.441128,0.000000,33.000000,147.628830,0.000000,22.061281
17679,6640.441128,0.000000,33.000000,147.127437,0.000000,14.038997
17680,6640.441128,0.000000,33.000000,146.626045,0.000000,6.016713
17681,6640.441128,0.000000,33.000000,146.124652,0.000000,357.994429
17682,6640.441128,0.000000,33.000000,145.623259,0.000000,349.972145
17683,6640.441128,0.000000,33.000000,145.121866,0.000000,341.949861
17684,6640.441128,0.000000,33.000000,144.620474,0.000000,333.927577
17685,6640.441128,0.000000,33.000000,144.119081,0.000000,325.905292
17686,6640.441128,0.000000,33.000000,143.617688,0.000000,317.883008
17687,6640.441128,0.000000,33.000000,143.116295,0.000000,309.860724
17688,6640.441128,0.000000,33.000000,142.614903,0.000000,301.838440
17689,6640.441128,0.000000,33.000000,142.113510,0.000000,293.816156
17690,6640.441128,0.000000,33.000000,141.612117,0.000000,285.793872
17691,6640.441128,0.000000,33.000000,141.110724,0.000000,277.771588
17692,6640.441128,0.000000,33.000000,140.609331,0.000000,269.749304
17693,6640.441128,0.000000,33.000000,140.107939,0.000000,261.727019
17694,6640.441128,0.000000,33.000000,139.606546,0.000000,253.704735
17695,6640.441128,0.000000,33.000000,139.105153,0.000000,245.682451
17696,6640.441128,0.000000,33.000000,138.603760,0.000000,237.660167
17697,6640.441128,0.000000,33.000000,138.102368,0.000000,229.637883
17699,6640.441128,0.000000,33.000000,137.099582,0.000000,213.593315
17700,6640.441128,0.000000,33.000000,136.598189,0.000000,205.571031
17701,6640.441128,0.000000,33.000000,136.096797,0.000000,197.548747
17702,6640.441128,0.000000,33.000000,135.595404,0.000000,189.526462
17703,6640.441128,0.000000,33.000000,135.094011,0.000000,181.504178
17704,6640.441128,0.000000,33.000000,134.592618,0.000000,173.481894
17705,6640.441128,0.000000,33.000000,134.091226,0.000000,165.459610
17706,6640.441128,0.000000,33.000000,133.589833,0.000000,157.437326
17707,6640.441128,0.000000,33.000000,133.088440,0.000000,149.415042
17708,6640.441128,0.000000,33.000000,132.587047,0.000000,141.392758
17709,6640.441128,0.000000,33.000000,132.085655,0.000000,133.370474
17710,6640.441128,0.000000,33.000000,131.584262,0.000000,125.348189
17711,6640.441128,0.000000,33.000000,131.082869,0.000000,117.325905
17712,6640.441128,0.000000,33.000000,130.581476,0.000000,109.303621
17713,6640.441128,0.000000,33.000000,130.080084,0.000000,101.281337
17714,6640.441128,0.000000,33.000000,129.578691,0.000000,93.259053
17715,6640.441128,0.000000,33.000000,129.077298,0.000000,85.236769
17716,6640.441128,0.000000,33.000000,128.575905,0.000000,77.214485
17717,6640.441128,0.000000,33.000000,128.074513,0.000000,69.192201
17718,6640.441128,0.000000,33.000000,127.573120,0.000000,61.169916
17719,6640.441128,0.000000,33.000000,127.071727,0.000000,53.147632
17720,6640.441128,0.000000,33.000000,126.570334,0.000000,45.125348
17721,6640.441128,0.000000,33.000000,126.068942,0.000000,37.103064
17722,6640.441128,0.000000,33.000000,125.567549,0.000000,29.080780
17723,6640.441128,0.000000,33.000000,125.066156,0.000000,21.058496
17724,6640.441128,0.000000,33.000000,124.564763,0.000000,13.036212
17725,6640.441128,0.000000,33.000000,124.063370,0.000000,5.013928
17726,6640.441128,0.000000,33.000000,123.561978,0.000000,356.991643
17727,6640.441128,0.000000,33.000000,123.060585,0.000000,348.969359
17728,6640.441128,0.000000,33.000000,122.559192,0.000000,340.947075
17729,6640.441128,0.000000,33.000000,122.057799,0.000000,332.924791
17730,6640.441128,0.000000,33.000000,121.556407,0.000000,324.902507
17731,6640.441128,0.000000,33.000000,121.055014,0.000000,316.880223
17732,6640.441128,0.000000,33.000000,120.553621,0.000000,308.857939
17733,6640.441128,0.000000,33.000000,120.052228,0.000000,300.835655
17734,6640.441128,0.000000,33.000000,119.550836,0.000000,292.813370
17735,6640.441128,0.000000,33.000000,119.049443,0.000000,284.791086
17736,6640.441128,0.000000,33.000000,118.548050,0.000000,276.768802
17737,6640.441128,0.000000,33.000000,118.046657,0.000000,268.746518
17738,6640.441128,0.000000,33.000000,117.545265,0.000000,260.724234
17739,6640.441128,0.000000,33.000000,117.043872,0.000000,252.701950
17740,6640.441128,0.000000,33.000000,116.542479,0.000000,244.679666
17741,6640.441128,0.000000,33.000000,116.041086,0.000000,236.657382
17742,6640.441128,0.000000,33.000000,115.539694,0.000000,228.635097
17743,6640.441128,0.000000,33.000000,115.038301,0.000000,220.612813
17744,6640.441128,0.000000,33.000000,114.536908,0.000000,212.590529
17745,6640.441128,0.000000,33.000000,114.035515,0.000000,204.568245
17746,6640.441128,0.000000,33.000000,113.534123,0.000000,196.545961
17747,6640.441128,0.000000,33.000000,113.032730,0.000000,188.523677
17748,6640.441128,0.000000,33.000000,112.531337,0.000000,180.501393
17749,6640.441128,0.000000,33.000000,112.029944,0.000000,172.479109
17750,6640.441128,0.000000,33.000000,111.528552,0.000000,164.456825
17751,6640.441128,0.000000,33.000000,111.027159,0.000000,156.434540
17752,6640.441128,0.000000,33.000000,110.525766,0.000000,148.412256
17753,6640.441128,0.000000,33.000000,110.024373,0.000000,140.389972
17754,6640.441128,0.000000,33.000000,109.522981,0.000000,132.367688
17755,6640.441128,0.000000,33.000000,109.021588,0.000000,124.345404
17756,6640.441128,0.000000,33.000000,108.520195,0.000000,116.323120
17757,6640.441128,0.000000,33.000000,108.018802,0.000000,108.300836
17758,6640.441128,0.000000,33.000000,107.517409,0.000000,100.278552
17759,6640.441128,0.000000,33.000000,107.016017,0.000000,92.256267
17760,6640.441128,0.000000,33.000000,106.514624,0.000000,84.233983
17761,6640.441128,0.000000,33.000000,106.013231,0.000000,76.211699
17762,6640.441128,0.000000,33.000000,105.511838,0.000000,68.189415
17763,6640.441128,0.000000,33.000000,105.010446,0.000000,60.167131
17764,6640.441128,0.000000,33.000000,104.509053,0.000000,52.144847
17765,6640.441128,0.000000,33.000000,104.007660,0.000000,44.122563
17766,6640.441128,0.000000,33.000000,103.506267,0.000000,36.100279
17767,6640.441128,0.000000,33.000000,103.004875,0.000000,28.077994
17768,6640.441128,0.000000,33.000000,102.503482,0.000000,20.055710
17769,6640.441128,0.000000,33.000000,102.002089,0.000000,12.033426
17770,6640.441128,0.000000,33.000000,101.500696,0.000000,4.011142
17771,6640.441128,0.000000,33.000000,100.999304,0.000000,355.988858
17772,6640.441128,0.000000,33.000000,100.497911,0.000000,347.966574
17773,6640.441128,0.000000,33.000000,99.996518,0.000000,339.944290
17774,6640.441128,0.000000,33.000000,99.495125,0.000000,331.922006
17775,6640.441128,0.000000,33.000000,98.993733,0.000000,323.899721
17776,6640.441128,0.000000,33.000000,98.492340,0.000000,315.877437
17777,6640.441128,0.000000,33.000000,97.990947,0.000000,307.855153
17778,6640.441128,0.000000,33.000000,97.489554,0.000000,299.832869
17779,6640.441128,0.000000,33.000000,96.988162,0.000000,291.810585
17780,6640.441128,0.000000,33.000000,96.486769,0.000000,283.788301
17781,6640.441128,0.000000,33.000000,95.985376,0.000000,275.766017
17782,6640.441128,0.000000,33.000000,95.483983,0.000000,267.743733
17783,6640.441128,0.000000,33.000000,94.982591,0.000000,259.721448
17784,6640.441128,0.000000,33.000000,94.481198,0.000000,251.699164
17785,6640.441128,0.000000,33.000000,93.979805,0.000000,243.676880
17786,6640.441128,0.000000,33.000000,93.478412,0.000000,235.654596
17787,6640.441128,0.000000,33.000000,92.977019,0.000000,227.632312
17788,6640.441128,0.000000,33.000000,92.475627,0.000000,219.610028
17789,6640.441128,0.000000,33.000000,91.974234,0.000000,211.587744
17790,6640.441128,0.000000,33.000000,91.472841,0.000000,203.565460
17791,6640.441128,0.000000,33.000000,90.971448,0.000000,195.543175
17792,6640.441128,0.000000,33.000000,90.470056,0.000000,187.520891
17793,6640.441128,0.000000,33.000000,89.968663,0.000000,179.498607
17794,6640.441128,0.000000,33.000000,89.467270,0.000000,171.476323
17795,6640.441128,0.000000,33.000000,88.965877,0.000000,163.454039
17796,6640.441128,0.000000,33.000000,88.464485,0.000000,155.431755
17797,6640.441128,0.000000,33.000000,87.963092,0.000000,147.409471
17798,6640.441128,0.000000,33.000000,87.461699,0.000000,139.387187
17799,6640.441128,0.000000,33.000000,86.960306,0.000000,131.364903
17800,6640.441128,0.000000,33.000000,86.458914,0.000000,123.342618
17801,6640.441128,0.000000,33.000000,85.957521,0.000000,115.320334
17802,6640.441128,0.000000,33.000000,85.456128,0.000000,107.298050
17803,6640.441128,0.000000,33.000000,84.954735,0.000000,99.275766
17804,6640.441128,0.000000,33.000000,84.453343,0.000000,91.253482
17805,6640.441128,0.000000,33.000000,83.951950,0.000000,83.231198
17806,6640.441128,0.000000,33.000000,83.450557,0.000000,75.208914
17807,6640.441128,0.000000,33.000000,82.949164,0.000000,67.186630
17808,6640.441128,0.000000,33.000000,82.447772,0.000000,59.164345
17809,6640.441128,0.000000,33.000000,81.946379,0.000000,51.142061
17810,6640.441128,0.000000,33.000000,81.444986,0.000000,43.119777
17811,6640.441128,0.000000,33.000000,80.943593,0.000000,35.097493
17812,6640.441128,0.000000,33.000000,80.442201,0.000000,27.075209
17813,6640.441128,0.000000,33.000000,79.940808,0.000000,19.052925
17814,6640.441128,0.000000,33.000000,79.439415,0.000000,11.030641
17815,6640.441128,0.000000,33.000000,78.938022,0.000000,3.008357
17816,6640.441128,0.000000,33.000000,78.436630,0.000000,354.986072
17817,6640.441128,0.000000,33.000000,77.935237,0.000000,346.963788
17818,6640.441128,0.000000,33.000000,77.433844,0.000000,338.941504
17819,6640.441128,0.000000,33.000000,76.932451,0.000000,330.919220
17820,6640.441128,0.000000,33.000000,76.431058,0.000000,322.896936
17821,6640.441128,0.000000,33.000000,75.929666,0.000000,314.874652
17822,6640.441128,0.000000,33.000000,75.428273,0.000000,306.852368
17823,6640.441128,0.000000,33.000000,74.926880,0.000000,298.830084
17824,6640.441128,0.000000,33.000000,74.425487,0.000000,290.807799
17825,6640.441128,0.000000,33.000000,73.924095,0.000000,282.785515
17826,6640.441128,0.000000,33.000000,73.422702,0.000000,274.763231
17827,6640.441128,0.000000,33.000000,72.921309,0.000000,266.740947
17828,6640.441128,0.000000,33.000000,72.419916,0.000000,258.718663
17829,6640.441128,0.000000,33.000000,71.918524,0.000000,250.696379
17830,6640.441128,0.000000,33.000000,71.417131,0.000000,242.674095
17831,6640.441128,0.000000,33.000000,70.915738,0.000000,234.651811
17832,6640.441128,0.000000,33.000000,70.414345,0.000000,226.629526
17833,6640.441128,0.000000,33.000000,69.912953,0.000000,218.607242
17834,6640.441128,0.000000,33.000000,69.411560,0.000000,210.584958
17835,6640.441128,0.000000,33.000000,68.910167,0.000000,202.562674
17836,6640.441128,0.000000,33.000000,68.408774,0.000000,194.540390
17837,6640.441128,0.000000,33.000000,67.907382,0.000000,186.518106
17838,6640.441128,0.000000,33.000000,67.405989,0.000000,178.495822
17839,6640.441128,0.000000,33.000000,66.904596,0.000000,170.473538
17840,6640.441128,0.000000,33.000000,66.403203,0.000000,162.451253
17841,6640.441128,0.000000,33.000000,65.901811,0.000000,154.428969
17842,6640.441128,0.000000,33.000000,65.400418,0.000000,146.406685
17843,6640.441128,0.000000,33.000000,64.899025,0.000000,138.384401
17844,6640.441128,0.000000,33.000000,64.397632,0.000000,130.362117
17845,6640.441128,0.000000,33.000000,63.896240,0.000000,122.339833
17846,6640.441128,0.000000,33.000000,63.394847,0.000000,114.317549
17847,6640.441128,0.000000,33.000000,62.893454,0.000000,106.295265
17848,6640.441128,0.000000,33.000000,62.392061,0.000000,98.272981
17849,6640.441128,0.000000,33.000000,61.890669,0.000000,90.250696
17850,6640.441128,0.000000,33.000000,61.389276,0.000000,82.228412
17851,6640.441128,0.000000,33.000000,60.887883,0.000000,74.206128
17852,6640.441128,0.000000,33.000000,60.386490,0.000000,66.183844
17853,6640.441128,0.000000,33.000000,59.885097,0.000000,58.161560
17854,6640.441128,0.000000,33.000000,59.383705,0.000000,50.139276
17855,6640.441128,0.000000,33.000000,58.882312,0.000000,42.116992
17856,6640.441128,0.000000,33.000000,58.380919,0.000000,34.094708
17857,6640.441128,0.000000,33.000000,57.879526,0.000000,26.072423
17858,6640.441128,0.000000,33.000000,57.378134,0.000000,18.050139
17859,6640.441128,0.000000,33.000000,56.876741,0.000000,10.027855
17860,6640.441128,0.000000,33.000000,56.375348,0.000000,2.005571
17861,6640.441128,0.000000,33.000000,55.873955,0.000000,353.983287
17862,6640.441128,0.000000,33.000000,55.372563,0.000000,345.961003
17863,6640.441128,0.000000,33.000000,54.871170,0.000000,337.938719
17864,6640.441128,0.000000,33.000000,54.369777,0.000000,329.916435
17865,6640.441128,0.000000,33.000000,53.868384,0.000000,321.894150
17866,6640.441128,0.000000,33.000000,53.366992,0.000000,313.871866
17867,6640.441128,0.000000,33.000000,52.865599,0.000000,305.849582
17868,6640.441128,0.000000,33.000000,52.364206,0.000000,297.827298
17869,6640.441128,0.000000,33.000000,51.862813,0.000000,289.805014
17870,6640.441128,0.000000,33.000000,51.361421,0.000000,281.782730
17871,6640.441128,0.000000,33.000000,50.860028,0.000000,273.760446
17872,6640.441128,0.000000,33.000000,50.358635,0.000000,265.738162
17873,6640.441128,0.000000,33.000000,49.857242,0.000000,257.715877
17874,6640.441128,0.000000,33.000000,49.355850,0.000000,249.693593
17875,6640.441128,0.000000,33.000000,48.854457,0.000000,241.671309
17876,6640.441128,0.000000,33.000000,48.353064,0.000000,233.649025
17877,6640.441128,0.000000,33.000000,47.851671,0.000000,225.626741
17878,6640.441128,0.000000,33.000000,47.350279,0.000000,217.604457
17879,6640.441128,0.000000,33.000000,46.848886,0.000000,209.582173
17880,6640.441128,0.000000,33.000000,46.347493,0.000000,201.559889
17881,6640.441128,0.000000,33.000000,45.846100,0.000000,193.537604
17882,6640.441128,0.000000,33.000000,45.344708,0.000000,185.515320
17883,6640.441128,0.000000,33.000000,44.843315,0.000000,177.493036
17884,6640.441128,0.000000,33.000000,44.341922,0.000000,169.470752
17885,6640.441128,0.000000,33.000000,43.840529,0.000000,161.448468
17886,6640.441128,0.000000,33.000000,43.339136,0.000000,153.426184
17887,6640.441128,0.000000,33.000000,42.837744,0.000000,145.403900
17888,6640.441128,0.000000,33.000000,42.336351,0.000000,137.381616
17889,6640.441128,0.000000,33.000000,41.834958,0.000000,129.359331
17890,6640.441128,0.000000,33.000000,41.333565,0.000000,121.337047
17891,6640.441128,0.000000,33.000000,40.832173,0.000000,113.314763
17892,6640.441128,0.000000,33.000000,40.330780,0.000000,105.292479
17893,6640.441128,0.000000,33.000000,39.829387,0.000000,97.270195
17894,6640.441128,0.000000,33.000000,39.327994,0.000000,89.247911
17895,6640.441128,0.000000,33.000000,38.826602,0.000000,81.225627
17896,6640.441128,0.000000,33.000000,38.325209,0.000000,73.203343
17897,6640.441128,0.000000,33.000000,37.823816,0.000000,65.181058
17898,6640.441128,0.000000,33.000000,37.322423,0.000000,57.158774
17899,6640.441128,0.000000,33.000000,36.821031,0.000000,49.136490
17900,6640.441128,0.000000,33.000000,36.319638,0.000000,41.114206
17901,6640.441128,0.000000,33.000000,35.818245,0.000000,33.091922
17902,6640.441128,0.000000,33.000000,35.316852,0.000000,25.069638
17903,6640.441128,0.000000,33.000000,34.815460,0.000000,17.047354
17904,6640.441128,0.000000,33.000000,34.314067,0.000000,9.025070
17905,6640.441128,0.000000,33.000000,33.812674,0.000000,1.002786
17906,6640.441128,0.000000,33.000000,33.311281,0.000000,352.980501
17907,6640.441128,0.000000,33.000000,32.809889,0.000000,344.958217
17908,6640.441128,0.000000,33.000000,32.308496,0.000000,336.935933
17909,6640.441128,0.000000,33.000000,31.807103,0.000000,328.913649
17910,6640.441128,0.000000,33.000000,31.305710,0.000000,320.891365
17911,6640.441128,0.000000,33.000000,30.804318,0.000000,312.869081
17912,6640.441128,0.000000,33.000000,30.302925,0.000000,304.846797
17913,6640.441128,0.000000,33.000000,29.801532,0.000000,296.824513
17914,6640.441128,0.000000,33.000000,29.300139,0.000000,288.802228
17915,6640.441128,0.000000,33.000000,28.798747,0.000000,280.779944
17916,6640.441128,0.000000,33.000000,28.297354,0.000000,272.757660
17917,6640.441128,0.000000,33.000000,27.795961,0.000000,264.735376
17918,6640.441128,0.000000,33.000000,27.294568,0.000000,256.713092
17919,6640.441128,0.000000,33.000000,26.793175,0.000000,248.690808
17920,6640.441128,0.000000,33.000000,26.291783,0.000000,240.668524
17921,6640.441128,0.000000,33.000000,25.790390,0.000000,232.646240
17922,6640.441128,0.000000,33.000000,25.288997,0.000000,224.623955
17923,6640.441128,0.000000,33.000000,24.787604,0.000000,216.601671
17924,6640.441128,0.000000,33.000000,24.286212,0.000000,208.579387
17925,6640.441128,0.000000,33.000000,23.784819,0.000000,200.557103
17926,6640.441128,0.000000,33.000000,23.283426,0.000000,192.534819
17927,6640.441128,0.000000,33.000000,22.782033,0.000000,184.512535
17928,6640.441128,0.000000,33.000000,22.280641,0.000000,176.490251
17929,6640.441128,0.000000,33.000000,21.779248,0.000000,168.467967
17930,6640.441128,0.000000,33.000000,21.277855,0.000000,160.445682
17931,6640.441128,0.000000,33.000000,20.776462,0.000000,152.423398
17932,6640.441128,0.000000,33.000000,20.275070,0.000000,144.401114
17933,6640.441128,0.000000,33.000000,19.773677,0.000000,136.378830
17934,6640.441128,0.000000,33.000000,19.272284,0.000000,128.356546
17935,6640.441128,0.000000,33.000000,18.770891,0.000000,120.334262
17936,6640.441128,0.000000,33.000000,18.269499,0.000000,112.311978
17938,6640.441128,0.000000,33.000000,17.266713,0.000000,96.267409
17939,6640.441128,0.000000,33.000000,16.765320,0.000000,88.245125
17940,6640.441128,0.000000,33.000000,16.263928,0.000000,80.222841
17941,6640.441128,0.000000,33.000000,15.762535,0.000000,72.200557
17942,6640.441128,0.000000,33.000000,15.261142,0.000000,64.178273
17943,6640.441128,0.000000,33.000000,14.759749,0.000000,56.155989
17944,6640.441128,0.000000,33.000000,14.258357,0.000000,48.133705
17945,6640.441128,0.000000,33.000000,13.756964,0.000000,40.111421
17946,6640.441128,0.000000,33.000000,13.255571,0.000000,32.089136
17948,6640.441128,0.000000,33.000000,12.252786,0.000000,16.044568
17949,6640.441128,0.000000,33.000000,11.751393,0.000000,8.022284
18107,6640.441128,0.000000,32.000000,283.531337,0.000000,180.501393
18334,6640.441128,0.000000,32.000000,169.715181,0.000000,159.442897
19191,6640.441128,0.000000,57.000000,115.771588,0.000000,124.345404
19209,6640.441128,0.000000,57.000000,106.746518,0.000000,339.944290
19220,6640.441128,0.000000,57.000000,101.231198,0.000000,251.699164
19386,6640.441128,0.000000,58.000000,4.500000,0.000000,0.000000
19387,6640.441128,0.000000,58.000000,3.998607,0.000000,351.977716
19388,6640.441128,0.000000,58.000000,3.497214,0.000000,343.955432
19390,6640.441128,0.000000,58.000000,2.494429,0.000000,327.910864
19391,6640.441128,0.000000,58.000000,1.993036,0.000000,319.888579
19392,6640.441128,0.000000,58.000000,1.491643,0.000000,311.866295
19393,6640.441128,0.000000,58.000000,0.990251,0.000000,303.844011
19394,6640.441128,0.000000,58.000000,0.488858,0.000000,295.821727
19395,6640.441128,0.000000,58.000000,359.987465,0.000000,287.799443
19396,6640.441128,0.000000,58.000000,359.486072,0.000000,279.777159
19397,6640.441128,0.000000,58.000000,358.984680,0.000000,271.754875
19398,6640.441128,0.000000,58.000000,358.483287,0.000000,263.732591
19399,6640.441128,0.000000,58.000000,357.981894,0.000000,255.710306
19400,6640.441128,0.000000,58.000000,357.480501,0.000000,247.688022
19401,6640.441128,0.000000,58.000000,356.979109,0.000000,239.665738
19402,6640.441128,0.000000,58.000000,356.477716,0.000000,231.643454
19403,6640.441128,0.000000,58.000000,355.976323,0.000000,223.621170
19404,6640.441128,0.000000,58.000000,355.474930,0.000000,215.598886
19405,6640.441128,0.000000,58.000000,354.973538,0.000000,207.576602
19406,6640.441128,0.000000,58.000000,354.472145,0.000000,199.554318
19407,6640.441128,0.000000,58.000000,353.970752,0.000000,191.532033
19408,6640.441128,0.000000,58.000000,353.469359,0.000000,183.509749
19409,6640.441128,0.000000,58.000000,352.967967,0.000000,175.487465
19410,6640.441128,0.000000,58.000000,352.466574,0.000000,167.465181
19411,6640.441128,0.000000,58.000000,351.965181,0.000000,159.442897
19412,6640.441128,0.000000,58.000000,351.463788,0.000000,151.420613
19413,6640.441128,0.000000,58.000000,350.962396,0.000000,143.398329
19414,6640.441128,0.000000,58.000000,350.461003,0.000000,135.376045
19415,6640.441128,0.000000,58.000000,349.959610,0.000000,127.353760
19416,6640.441128,0.000000,58.000000,349.458217,0.000000,119.331476
19417,6640.441128,0.000000,58.000000,348.956825,0.000000,111.309192
19418,6640.441128,0.000000,58.000000,348.455432,0.000000,103.286908
19419,6640.441128,0.000000,58.000000,347.954039,0.000000,95.264624
19420,6640.441128,0.000000,58.000000,347.452646,0.000000,87.242340
19421,6640.441128,0.000000,58.000000,346.951253,0.000000,79.220056
19422,6640.441128,0.000000,58.000000,346.449861,0.000000,71.197772
19423,6640.441128,0.000000,58.000000,345.948468,0.000000,63.175487
19424,6640.441128,0.000000,58.000000,345.447075,0.000000,55.153203
19425,6640.441128,0.000000,58.000000,344.945682,0.000000,47.130919
19426,6640.441128,0.000000,58.000000,344.444290,0.000000,39.108635
19427,6640.441128,0.000000,58.000000,343.942897,0.000000,31.086351
19428,6640.441128,0.000000,58.000000,343.441504,0.000000,23.064067
19429,6640.441128,0.000000,58.000000,342.940111,0.000000,15.041783
19430,6640.441128,0.000000,58.000000,342.438719,0.000000,7.019499
19431,6640.441128,0.000000,58.000000,341.937326,0.000000,358.997214
19432,6640.441128,0.000000,58.000000,341.435933,0.000000,350.974930
19433,6640.441128,0.000000,58.000000,340.934540,0.000000,342.952646
19434,6640.441128,0.000000,58.000000,340.433148,0.000000,334.930362
19435,6640.441128,0.000000,58.000000,339.931755,0.000000,326.908078
19436,6640.441128,0.000000,58.000000,339.430362,0.000000,318.885794
19437,6640.441128,0.000000,58.000000,338.928969,0.000000,310.863510
19438,6640.441128,0.000000,58.000000,338.427577,0.000000,302.841226
19439,6640.441128,0.000000,58.000000,337.926184,0.000000,294.818942
19440,6640.441128,0.000000,58.000000,337.424791,0.000000,286.796657
19441,6640.441128,0.000000,58.000000,336.923398,0.000000,278.774373
19442,6640.441128,0.000000,58.000000,336.422006,0.000000,270.752089
19443,6640.441128,0.000000,58.000000,335.920613,0.000000,262.729805
19444,6640.441128,0.000000,58.000000,335.419220,0.000000,254.707521
19445,6640.441128,0.000000,58.000000,334.917827,0.000000,246.685237
19446,6640.441128,0.000000,58.000000,334.416435,0.000000,238.662953
19447,6640.441128,0.000000,58.000000,333.915042,0.000000,230.640669
19448,6640.441128,0.000000,58.000000,333.413649,0.000000,222.618384
19449,6640.441128,0.000000,58.000000,332.912256,0.000000,214.596100
19450,6640.441128,0.000000,58.000000,332.410864,0.000000,206.573816
19451,6640.441128,0.000000,58.000000,331.909471,0.000000,198.551532
19452,6640.441128,0.000000,58.000000,331.408078,0.000000,190.529248
19453,6640.441128,0.000000,58.000000,330.906685,0.000000,182.506964
19454,6640.441128,0.000000,58.000000,330.405292,0.000000,174.484680
19455,6640.441128,0.000000,58.000000,329.903900,0.000000,166.462396
19456,6640.441128,0.000000,58.000000,329.402507,0.000000,158.440111
19457,6640.441128,0.000000,58.000000,328.901114,0.000000,150.417827
19458,6640.441128,0.000000,58.000000,328.399721,0.000000,142.395543
19459,6640.441128,0.000000,58.000000,327.898329,0.000000,134.373259
19460,6640.441128,0.000000,58.000000,327.396936,0.000000,126.350975
19461,6640.441128,0.000000,58.000000,326.895543,0.000000,118.328691
19462,6640.441128,0.000000,58.000000,326.394150,0.000000,110.306407
19463,6640.441128,0.000000,58.000000,325.892758,0.000000,102.284123
19464,6640.441128,0.000000,58.000000,325.391365,0.000000,94.261838
19465,6640.441128,0.000000,58.000000,324.889972,0.000000,86.239554
19466,6640.441128,0.000000,58.000000,324.388579,0.000000,78.217270
19467,6640.441128,0.000000,58.000000,323.887187,0.000000,70.194986
19468,6640.441128,0.000000,58.000000,323.385794,0.000000,62.172702
19469,6640.441128,0.000000,58.000000,322.884401,0.000000,54.150418
19470,6640.441128,0.000000,58.000000,322.383008,0.000000,46.128134
19471,6640.441128,0.000000,58.000000,321.881616,0.000000,38.105850
19472,6640.441128,0.000000,58.000000,321.380223,0.000000,30.083565
19473,6640.441128,0.000000,58.000000,320.878830,0.000000,22.061281
19474,6640.441128,0.000000,58.000000,320.377437,0.000000,14.038997
19475,6640.441128,0.000000,58.000000,319.876045,0.000000,6.016713
19476,6640.441128,0.000000,58.000000,319.374652,0.000000,357.994429
19477,6640.441128,0.000000,58.000000,318.873259,0.000000,349.972145
19478,6640.441128,0.000000,58.000000,318.371866,0.000000,341.949861
19479,6640.441128,0.000000,58.000000,317.870474,0.000000,333.927577
19480,6640.441128,0.000000,58.000000,317.369081,0.000000,325.905292
19481,6640.441128,0.000000,58.000000,316.867688,0.000000,317.883008
19482,6640.441128,0.000000,58.000000,316.366295,0.000000,309.860724
19483,6640.441128,0.000000,58.000000,315.864903,0.000000,301.838440
19484,6640.441128,0.000000,58.000000,315.363510,0.000000,293.816156
19485,6640.441128,0.000000,58.000000,314.862117,0.000000,285.793872
19486,6640.441128,0.000000,58.000000,314.360724,0.000000,277.771588
19487,6640.441128,0.000000,58.000000,313.859331,0.000000,269.749304
19488,6640.441128,0.000000,58.000000,313.357939,0.000000,261.727019
19489,6640.441128,0.000000,58.000000,312.856546,0.000000,253.704735
19490,6640.441128,0.000000,58.000000,312.355153,0.000000,245.682451
19491,6640.441128,0.000000,58.000000,311.853760,0.000000,237.660167
19492,6640.441128,0.000000,58.000000,311.352368,0.000000,229.637883
19493,6640.441128,0.000000,58.000000,310.850975,0.000000,221.615599
19494,6640.441128,0.000000,58.000000,310.349582,0.000000,213.593315
19495,6640.441128,0.000000,58.000000,309.848189,0.000000,205.571031
19496,6640.441128,0.000000,58.000000,309.346797,0.000000,197.548747
19497,6640.441128,0.000000,58.000000,308.845404,0.000000,189.526462
19498,6640.441128,0.000000,58.000000,308.344011,0.000000,181.504178
19499,6640.441128,0.000000,58.000000,307.842618,0.000000,173.481894
19500,6640.441128,0.000000,58.000000,307.341226,0.000000,165.459610
19501,6640.441128,0.000000,58.000000,306.839833,0.000000,157.437326
19502,6640.441128,0.000000,58.000000,306.338440,0.000000,149.415042
19503,6640.441128,0.000000,58.000000,305.837047,0.000000,141.392758
19504,6640.441128,0.000000,58.000000,305.335655,0.000000,133.370474
19505,6640.441128,0.000000,58.000000,304.834262,0.000000,125.348189
19506,6640.441128,0.000000,58.000000,304.332869,0.000000,117.325905
19507,6640.441128,0.000000,58.000000,303.831476,0.000000,109.303621
19508,6640.441128,0.000000,58.000000,303.330084,0.000000,101.281337
19509,6640.441128,0.000000,58.000000,302.828691,0.000000,93.259053
19510,6640.441128,0.000000,58.000000,302.327298,0.000000,85.236769
19511,6640.441128,0.000000,58.000000,301.825905,0.000000,77.214485
19512,6640.441128,0.000000,58.000000,301.324513,0.000000,69.192201
19513,6640.441128,0.000000,58.000000,300.823120,0.000000,61.169916
19514,6640.441128,0.000000,58.000000,300.321727,0.000000,53.147632
19515,6640.441128,0.000000,58.000000,299.820334,0.000000,45.125348
19516,6640.441128,0.000000,58.000000,299.318942,0.000000,37.103064
19517,6640.441128,0.000000,58.000000,298.817549,0.000000,29.080780
19518,6640.441128,0.000000,58.000000,298.316156,0.000000,21.058496
19519,6640.441128,0.000000,58.000000,297.814763,0.000000,13.036212
19520,6640.441128,0.000000,58.000000,297.313370,0.000000,5.013928
19521,6640.441128,0.000000,58.000000,296.811978,0.000000,356.991643
19522,6640.441128,0.000000,58.000000,296.310585,0.000000,348.969359
19523,6640.441128,0.000000,58.000000,295.809192,0.000000,340.947075
19525,6640.441128,0.000000,58.000000,294.806407,0.000000,324.902507
19526,6640.441128,0.000000,58.000000,294.305014,0.000000,316.880223
19527,6640.441128,0.000000,58.000000,293.803621,0.000000,308.857939
19528,6640.441128,0.000000,58.000000,293.302228,0.000000,300.835655
19529,6640.441128,0.000000,58.000000,292.800836,0.000000,292.813370
19530,6640.441128,0.000000,58.000000,292.299443,0.000000,284.791086
19531,6640.441128,0.000000,58.000000,291.798050,0.000000,276.768802
19532,6640.441128,0.000000,58.000000,291.296657,0.000000,268.746518
19533,6640.441128,0.000000,58.000000,290.795265,0.000000,260.724234
19534,6640.441128,0.000000,58.000000,290.293872,0.000000,252.701950
19535,6640.441128,0.000000,58.000000,289.792479,0.000000,244.679666
19536,6640.441128,0.000000,58.000000,289.291086,0.000000,236.657382
19537,6640.441128,0.000000,58.000000,288.789694,0.000000,228.635097
19538,6640.441128,0.000000,58.000000,288.288301,0.000000,220.612813
19539,6640.441128,0.000000,58.000000,287.786908,0.000000,212.590529
19540,6640.441128,0.000000,58.000000,287.285515,0.000000,204.568245
19541,6640.441128,0.000000,58.000000,286.784123,0.000000,196.545961
19542,6640.441128,0.000000,58.000000,286.282730,0.000000,188.523677
19543,6640.441128,0.000000,58.000000,285.781337,0.000000,180.501393
19544,6640.441128,0.000000,58.000000,285.279944,0.000000,172.479109
19545,6640.441128,0.000000,58.000000,284.778552,0.000000,164.456825
19546,6640.441128,0.000000,58.000000,284.277159,0.000000,156.434540
19547,6640.441128,0.000000,58.000000,283.775766,0.000000,148.412256
19548,6640.441128,0.000000,58.000000,283.274373,0.000000,140.389972
19549,6640.441128,0.000000,58.000000,282.772981,0.000000,132.367688
19550,6640.441128,0.000000,58.000000,282.271588,0.000000,124.345404
19551,6640.441128,0.000000,58.000000,281.770195,0.000000,116.323120
19552,6640.441128,0.000000,58.000000,281.268802,0.000000,108.300836
19553,6640.441128,0.000000,58.000000,280.767409,0.000000,100.278552
19554,6640.441128,0.000000,58.000000,280.266017,0.000000,92.256267
19555,6640.441128,0.000000,58.000000,279.764624,0.000000,84.233983
19556,6640.441128,0.000000,58.000000,279.263231,0.000000,76.211699
19557,6640.441128,0.000000,58.000000,278.761838,0.000000,68.189415
19558,6640.441128,0.000000,58.000000,278.260446,0.000000,60.167131
19559,6640.441128,0.000000,58.000000,277.759053,0.000000,52.144847
19560,6640.441128,0.000000,58.000000,277.257660,0.000000,44.122563
19561,6640.441128,0.000000,58.000000,276.756267,0.000000,36.100279
19562,6640.441128,0.000000,58.000000,276.254875,0.000000,28.077994
19563,6640.441128,0.000000,58.000000,275.753482,0.000000,20.055710
19564,6640.441128,0.000000,58.000000,275.252089,0.000000,12.033426
19565,6640.441128,0.000000,58.000000,274.750696,0.000000,4.011142
19566,6640.441128,0.000000,58.000000,274.249304,0.000000,355.988858
19567,6640.441128,0.000000,58.000000,273.747911,0.000000,347.966574
19568,6640.441128,0.000000,58.000000,273.246518,0.000000,339.944290
19569,6640.441128,0.000000,58.000000,272.745125,0.000000,331.922006
19570,6640.441128,0.000000,58.000000,272.243733,0.000000,323.899721
19571,6640.441128,0.000000,58.000000,271.742340,0.000000,315.877437
19572,6640.441128,0.000000,58.000000,271.240947,0.000000,307.855153
19573,6640.441128,0.000000,58.000000,270.739554,0.000000,299.832869
19574,6640.441128,0.000000,58.000000,270.238162,0.000000,291.810585
19575,6640.441128,0.000000,58.000000,269.736769,0.000000,283.788301
19576,6640.441128,0.000000,58.000000,269.235376,0.000000,275.766017
19577,6640.441128,0.000000,58.000000,268.733983,0.000000,267.743733
19578,6640.441128,0.000000,58.000000,268.232591,0.000000,259.721448
19579,6640.441128,0.000000,58.000000,267.731198,0.000000,251.699164
19580,6640.441128,0.000000,58.000000,267.229805,0.000000,243.676880
19581,6640.441128,0.000000,58.000000,266.728412,0.000000,235.654596
19582,6640.441128,0.000000,58.000000,266.227019,0.000000,227.632312
19583,6640.441128,0.000000,58.000000,265.725627,0.000000,219.610028
19584,6640.441128,0.000000,58.000000,265.224234,0.000000,211.587744
19586,6640.441128,0.000000,58.000000,264.221448,0.000000,195.543175
19587,6640.441128,0.000000,58.000000,263.720056,0.000000,187.520891
19588,6640.441128,0.000000,58.000000,263.218663,0.000000,179.498607
19589,6640.441128,0.000000,58.000000,262.717270,0.000000,171.476323
19590,6640.441128,0.000000,58.000000,262.215877,0.000000,163.454039
19591,6640.441128,0.000000,58.000000,261.714485,0.000000,155.431755
19592,6640.441128,0.000000,58.000000,261.213092,0.000000,147.409471
19593,6640.441128,0.000000,58.000000,260.711699,0.000000,139.387187
19594,6640.441128,0.000000,58.000000,260.210306,0.000000,131.364903
19595,6640.441128,0.000000,58.000000,259.708914,0.000000,123.342618
19596,6640.441128,0.000000,58.000000,259.207521,0.000000,115.320334
19597,6640.441128,0.000000,58.000000,258.706128,0.000000,107.298050
19598,6640.441128,0.000000,58.000000,258.204735,0.000000,99.275766
19599,6640.441128,0.000000,58.000000,257.703343,0.000000,91.253482
19600,6640.441128,0.000000,58.000000,257.201950,0.000000,83.231198
19601,6640.441128,0.000000,58.000000,256.700557,0.000000,75.208914
19602,6640.441128,0.000000,58.000000,256.199164,0.000000,67.186630
19603,6640.441128,0.000000,58.000000,255.697772,0.000000,59.164345
19604,6640.441128,0.000000,58.000000,255.196379,0.000000,51.142061
19605,6640.441128,0.000000,58.000000,254.694986,0.000000,43.119777
19606,6640.441128,0.000000,58.000000,254.193593,0.000000,35.097493
19607,6640.441128,0.000000,58.000000,253.692201,0.000000,27.075209
19608,6640.441128,0.000000,58.000000,253.190808,0.000000,19.052925
19609,6640.441128,0.000000,58.000000,252.689415,0.000000,11.030641
19610,6640.441128,0.000000,58.000000,252.188022,0.000000,3.008357
19611,6640.441128,0.000000,58.000000,251.686630,0.000000,354.986072
19612,6640.441128,0.000000,58.000000,251.185237,0.000000,346.963788
19613,6640.441128,0.000000,58.000000,250.683844,0.000000,338.941504
19614,6640.441128,0.000000,58.000000,250.182451,0.000000,330.919220
19615,6640.441128,0.000000,58.000000,249.681058,0.000000,322.896936
19616,6640.441128,0.000000,58.000000,249.179666,0.000000,314.874652
19617,6640.441128,0.000000,58.000000,248.678273,0.000000,306.852368
19618,6640.441128,0.000000,58.000000,248.176880,0.000000,298.830084
19619,6640.441128,0.000000,58.000000,247.675487,0.000000,290.807799
19620,6640.441128,0.000000,58.000000,247.174095,0.000000,282.785515
19621,6640.441128,0.000000,58.000000,246.672702,0.000000,274.763231
19622,6640.441128,0.000000,58.000000,246.171309,0.000000,266.740947
19623,6640.441128,0.000000,58.000000,245.669916,0.000000,258.718663
19624,6640.441128,0.000000,58.000000,245.168524,0.000000,250.696379
19625,6640.441128,0.000000,58.000000,244.667131,0.000000,242.674095
19626,6640.441128,0.000000,58.000000,244.165738,0.000000,234.651811
19627,6640.441128,0.000000,58.000000,243.664345,0.000000,226.629526
19628,6640.441128,0.000000,58.000000,243.162953,0.000000,218.607242
19629,6640.441128,0.000000,58.000000,242.661560,0.000000,210.584958
19630,6640.441128,0.000000,58.000000,242.160167,0.000000,202.562674
19631,6640.441128,0.000000,58.000000,241.658774,0.000000,194.540390
19632,6640.441128,0.000000,58.000000,241.157382,0.000000,186.518106
19633,6640.441128,0.000000,58.000000,240.655989,0.000000,178.495822
19634,6640.441128,0.000000,58.000000,240.154596,0.000000,170.473538
19635,6640.441128,0.000000,58.000000,239.653203,0.000000,162.451253
19636,6640.441128,0.000000,58.000000,239.151811,0.000000,154.428969
19637,6640.441128,0.000000,58.000000,238.650418,0.000000,146.406685
19638,6640.441128,0.000000,58.000000,238.149025,0.000000,138.384401
19639,6640.441128,0.000000,58.000000,237.647632,0.000000,130.362117
19640,6640.441128,0.000000,58.000000,237.146240,0.000000,122.339833
19642,6640.441128,0.000000,58.000000,236.143454,0.000000,106.295265
19643,6640.441128,0.000000,58.000000,235.642061,0.000000,98.272981
19644,6640.441128,0.000000,58.000000,235.140669,0.000000,90.250696
19645,6640.441128,0.000000,58.000000,234.639276,0.000000,82.228412
19646,6640.441128,0.000000,58.000000,234.137883,0.000000,74.206128
19647,6640.441128,0.000000,58.000000,233.636490,0.000000,66.183844
19648,6640.441128,0.000000,58.000000,233.135097,0.000000,58.161560
19649,6640.441128,0.000000,58.000000,232.633705,0.000000,50.139276
19650,6640.441128,0.000000,58.000000,232.132312,0.000000,42.116992
19651,6640.441128,0.000000,58.000000,231.630919,0.000000,34.094708
19652,6640.441128,0.000000,58.000000,231.129526,0.000000,26.072423
19653,6640.441128,0.000000,58.000000,230.628134,0.000000,18.050139
19654,6640.441128,0.000000,58.000000,230.126741,0.000000,10.027855
19655,6640.441128,0.000000,58.000000,229.625348,0.000000,2.005571
19656,6640.441128,0.000000,58.000000,229.123955,0.000000,353.983287
19657,6640.441128,0.000000,58.000000,228.622563,0.000000,345.961003
19659,6640.441128,0.000000,58.000000,227.619777,0.000000,329.916435
19660,6640.441128,0.000000,58.000000,227.118384,0.000000,321.894150
19661,6640.441128,0.000000,58.000000,226.616992,0.000000,313.871866
19662,6640.441128,0.000000,58.000000,226.115599,0.000000,305.849582
19663,6640.441128,0.000000,58.000000,225.614206,0.000000,297.827298
19665,6640.441128,0.000000,58.000000,224.611421,0.000000,281.782730
19666,6640.441128,0.000000,58.000000,224.110028,0.000000,273.760446
19667,6640.441128,0.000000,58.000000,223.608635,0.000000,265.738162
19668,6640.441128,0.000000,58.000000,223.107242,0.000000,257.715877
19669,6640.441128,0.000000,58.000000,222.605850,0.000000,249.693593
19670,6640.441128,0.000000,58.000000,222.104457,0.000000,241.671309
19671,6640.441128,0.000000,58.000000,221.603064,0.000000,233.649025
19672,6640.441128,0.000000,58.000000,221.101671,0.000000,225.626741
19673,6640.441128,0.000000,58.000000,220.600279,0.000000,217.604457
19674,6640.441128,0.000000,58.000000,220.098886,0.000000,209.582173
19675,6640.441128,0.000000,58.000000,219.597493,0.000000,201.559889
19676,6640.441128,0.000000,58.000000,219.096100,0.000000,193.537604
19677,6640.441128,0.000000,58.000000,218.594708,0.000000,185.515320
19678,6640.441128,0.000000,58.000000,218.093315,0.000000,177.493036
19679,6640.441128,0.000000,58.000000,217.591922,0.000000,169.470752
19680,6640.441128,0.000000,58.000000,217.090529,0.000000,161.448468
19681,6640.441128,0.000000,58.000000,216.589136,0.000000,153.426184
19682,6640.441128,0.000000,58.000000,216.087744,0.000000,145.403900
19683,6640.441128,0.000000,58.000000,215.586351,0.000000,137.381616
19684,6640.441128,0.000000,58.000000,215.084958,0.000000,129.359331
19685,6640.441128,0.000000,58.000000,214.583565,0.000000,121.337047
19686,6640.441128,0.000000,58.000000,214.082173,0.000000,113.314763
19687,6640.441128,0.000000,58.000000,213.580780,0.000000,105.292479
19688,6640.441128,0.000000,58.000000,213.079387,0.000000,97.270195
19689,6640.441128,0.000000,58.000000,212.577994,0.000000,89.247911
19690,6640.441128,0.000000,58.000000,212.076602,0.000000,81.225627
19691,6640.441128,0.000000,58.000000,211.575209,0.000000,73.203343
19692,6640.441128,0.000000,58.000000,211.073816,0.000000,65.181058
19693,6640.441128,0.000000,58.000000,210.572423,0.000000,57.158774
19694,6640.441128,0.000000,58.000000,210.071031,0.000000,49.136490
19695,6640.441128,0.000000,58.000000,209.569638,0.000000,41.114206
19696,6640.441128,0.000000,58.000000,209.068245,0.000000,33.091922
19697,6640.441128,0.000000,58.000000,208.566852,0.000000,25.069638
19698,6640.441128,0.000000,58.000000,208.065460,0.000000,17.047354
19699,6640.441128,0.000000,58.000000,207.564067,0.000000,9.025070
19700,6640.441128,0.000000,58.000000,207.062674,0.000000,1.002786
19701,6640.441128,0.000000,58.000000,206.561281,0.000000,352.980501
19702,6640.441128,0.000000,58.000000,206.059889,0.000000,344.958217
19703,6640.441128,0.000000,58.000000,205.558496,0.000000,336.935933
19704,6640.441128,0.000000,58.000000,205.057103,0.000000,328.913649
19705,6640.441128,0.000000,58.000000,204.555710,0.000000,320.891365
19706,6640.441128,0.000000,58.000000,204.054318,0.000000,312.869081
19707,6640.441128,0.000000,58.000000,203.552925,0.000000,304.846797
19708,6640.441128,0.000000,58.000000,203.051532,0.000000,296.824513
19709,6640.441128,0.000000,58.000000,202.550139,0.000000,288.802228
19710,6640.441128,0.000000,58.000000,202.048747,0.000000,280.779944
19711,6640.441128,0.000000,58.000000,201.547354,0.000000,272.757660
19712,6640.441128,0.000000,58.000000,201.045961,0.000000,264.735376
19714,6640.441128,0.000000,58.000000,200.043175,0.000000,248.690808
19715,6640.441128,0.000000,58.000000,199.541783,0.000000,240.668524
19716,6640.441128,0.000000,58.000000,199.040390,0.000000,232.646240
19717,6640.441128,0.000000,58.000000,198.538997,0.000000,224.623955
19718,6640.441128,0.000000,58.000000,198.037604,0.000000,216.601671
19719,6640.441128,0.000000,58.000000,197.536212,0.000000,208.579387
19720,6640.441128,0.000000,58.000000,197.034819,0.000000,200.557103
19721,6640.441128,0.000000,58.000000,196.533426,0.000000,192.534819
19722,6640.441128,0.000000,58.000000,196.032033,0.000000,184.512535
19724,6640.441128,0.000000,58.000000,195.029248,0.000000,168.467967
19725,6640.441128,0.000000,58.000000,194.527855,0.000000,160.445682
19726,6640.441128,0.000000,58.000000,194.026462,0.000000,152.423398
19727,6640.441128,0.000000,58.000000,193.525070,0.000000,144.401114
19728,6640.441128,0.000000,58.000000,193.023677,0.000000,136.378830
19729,6640.441128,0.000000,58.000000,192.522284,0.000000,128.356546
19730,6640.441128,0.000000,58.000000,192.020891,0.000000,120.334262
19731,6640.441128,0.000000,58.000000,191.519499,0.000000,112.311978
19732,6640.441128,0.000000,58.000000,191.018106,0.000000,104.289694
19733,6640.441128,0.000000,58.000000,190.516713,0.000000,96.267409
19734,6640.441128,0.000000,58.000000,190.015320,0.000000,88.245125
19735,6640.441128,0.000000,58.000000,189.513928,0.000000,80.222841
19736,6640.441128,0.000000,58.000000,189.012535,0.000000,72.200557
19737,6640.441128,0.000000,58.000000,188.511142,0.000000,64.178273
19738,6640.441128,0.000000,58.000000,188.009749,0.000000,56.155989
19739,6640.441128,0.000000,58.000000,187.508357,0.000000,48.133705
19740,6640.441128,0.000000,58.000000,187.006964,0.000000,40.111421
19741,6640.441128,0.000000,58.000000,186.505571,0.000000,32.089136
19742,6640.441128,0.000000,58.000000,186.004178,0.000000,24.066852
19743,6640.441128,0.000000,58.000000,185.502786,0.000000,16.044568
19744,6640.441128,0.000000,58.000000,185.001393,0.000000,8.022284
19745,6640.441128,0.000000,58.000000,184.500000,0.000000,360.000000
19746,6640.441128,0.000000,58.000000,183.998607,0.000000,351.977716
19747,6640.441128,0.000000,58.000000,183.497214,0.000000,343.955432
19748,6640.441128,0.000000,58.000000,182.995822,0.000000,335.933148
19749,6640.441128,0.000000,58.000000,182.494429,0.000000,327.910864
19750,6640.441128,0.000000,58.000000,181.993036,0.000000,319.888579
19751,6640.441128,0.000000,58.000000,181.491643,0.000000,311.866295
19752,6640.441128,0.000000,58.000000,180.990251,0.000000,303.844011
19753,6640.441128,0.000000,58.000000,180.488858,0.000000,295.821727
19754,6640.441128,0.000000,58.000000,179.987465,0.000000,287.799443
19755,6640.441128,0.000000,58.000000,179.486072,0.000000,279.777159
19756,6640.441128,0.000000,58.000000,178.984680,0.000000,271.754875
19757,6640.441128,0.000000,58.000000,178.483287,0.000000,263.732591
19758,6640.441128,0.000000,58.000000,177.981894,0.000000,255.710306
19759,6640.441128,0.000000,58.000000,177.480501,0.000000,247.688022
19760,6640.441128,0.000000,58.000000,176.979109,0.000000,239.665738
19761,6640.441128,0.000000,58.000000,176.477716,0.000000,231.643454
19762,6640.441128,0.000000,58.000000,175.976323,0.000000,223.621170
19763,6640.441128,0.000000,58.000000,175.474930,0.000000,215.598886
19764,6640.441128,0.000000,58.000000,174.973538,0.000000,207.576602
19765,6640.441128,0.000000,58.000000,174.472145,0.000000,199.554318
19766,6640.441128,0.000000,58.000000,173.970752,0.000000,191.532033
19767,6640.441128,0.000000,58.000000,173.469359,0.000000,183.509749
19768,6640.441128,0.000000,58.000000,172.967967,0.000000,175.487465
19769,6640.441128,0.000000,58.000000,172.466574,0.000000,167.465181
19770,6640.441128,0.000000,58.000000,171.965181,0.000000,159.442897
19771,6640.441128,0.000000,58.000000,171.463788,0.000000,151.420613
19772,6640.441128,0.000000,58.000000,170.962396,0.000000,143.398329
19773,6640.441128,0.000000,58.000000,170.461003,0.000000,135.376045
19774,6640.441128,0.000000,58.000000,169.959610,0.000000,127.353760
19775,6640.441128,0.000000,58.000000,169.458217,0.000000,119.331476
19776,6640.441128,0.000000,58.000000,168.956825,0.000000,111.309192
19777,6640.441128,0.000000,58.000000,168.455432,0.000000,103.286908
19778,6640.441128,0.000000,58.000000,167.954039,0.000000,95.264624
19779,6640.441128,0.000000,58.000000,167.452646,0.000000,87.242340
19780,6640.441128,0.000000,58.000000,166.951253,0.000000,79.220056
19782,6640.441128,0.000000,58.000000,165.948468,0.000000,63.175487
19783,6640.441128,0.000000,58.000000,165.447075,0.000000,55.153203
19784,6640.441128,0.000000,58.000000,164.945682,0.000000,47.130919
19785,6640.441128,0.000000,58.000000,164.444290,0.000000,39.108635
19786,6640.441128,0.000000,58.000000,163.942897,0.000000,31.086351
19787,6640.441128,0.000000,58.000000,163.441504,0.000000,23.064067
19788,6640.441128,0.000000,58.000000,162.940111,0.000000,15.041783
19789,6640.441128,0.000000,58.000000,162.438719,0.000000,7.019499
19791,6640.441128,0.000000,58.000000,161.435933,0.000000,350.974930
19792,6640.441128,0.000000,58.000000,160.934540,0.000000,342.952646
19793,6640.441128,0.000000,58.000000,160.433148,0.000000,334.930362
19794,6640.441128,0.000000,58.000000,159.931755,0.000000,326.908078
19795,6640.441128,0.000000,58.000000,159.430362,0.000000,318.885794
19796,6640.441128,0.000000,58.000000,158.928969,0.000000,310.863510
19797,6640.441128,0.000000,58.000000,158.427577,0.000000,302.841226
19798,6640.441128,0.000000,58.000000,157.926184,0.000000,294.818942
19799,6640.441128,0.000000,58.000000,157.424791,0.000000,286.796657
19800,6640.441128,0.000000,58.000000,156.923398,0.000000,278.774373
19801,6640.441128,0.000000,58.000000,156.422006,0.000000,270.752089
19802,6640.441128,0.000000,58.000000,155.920613,0.000000,262.729805
19803,6640.441128,0.000000,58.000000,155.419220,0.000000,254.707521
19804,6640.441128,0.000000,58.000000,154.917827,0.000000,246.685237
19805,6640.441128,0.000000,58.000000,154.416435,0.000000,238.662953
19806,6640.441128,0.000000,58.000000,153.915042,0.000000,230.640669
19807,6640.441128,0.000000,58.000000,153.413649,0.000000,222.618384
19808,6640.441128,0.000000,58.000000,152.912256,0.000000,214.596100
19809,6640.441128,0.000000,58.000000,152.410864,0.000000,206.573816
19810,6640.441128,0.000000,58.000000,151.909471,0.000000,198.551532
19811,6640.441128,0.000000,58.000000,151.408078,0.000000,190.529248
19812,6640.441128,0.000000,58.000000,150.906685,0.000000,182.506964
19813,6640.441128,0.000000,58.000000,150.405292,0.000000,174.484680
19814,6640.441128,0.000000,58.000000,149.903900,0.000000,166.462396
19815,6640.441128,0.000000,58.000000,149.402507,0.000000,158.440111
19816,6640.441128,0.000000,58.000000,148.901114,0.000000,150.417827
19817,6640.441128,0.000000,58.000000,148.399721,0.000000,142.395543
19818,6640.441128,0.000000,58.000000,147.898329,0.000000,134.373259
19819,6640.441128,0.000000,58.000000,147.396936,0.000000,126.350975
19820,6640.441128,0.000000,58.000000,146.895543,0.000000,118.328691
19821,6640.441128,0.000000,58.000000,146.394150,0.000000,110.306407
19822,6640.441128,0.000000,58.000000,145.892758,0.000000,102.284123
19823,6640.441128,0.000000,58.000000,145.391365,0.000000,94.261838
19824,6640.441128,0.000000,58.000000,144.889972,0.000000,86.239554
19825,6640.441128,0.000000,58.000000,144.388579,0.000000,78.217270
19826,6640.441128,0.000000,58.000000,143.887187,0.000000,70.194986
19827,6640.441128,0.000000,58.000000,143.385794,0.000000,62.172702
19828,6640.441128,0.000000,58.000000,142.884401,0.000000,54.150418
19829,6640.441128,0.000000,58.000000,142.383008,0.000000,46.128134
19830,6640.441128,0.000000,58.000000,141.881616,0.000000,38.105850
19831,6640.441128,0.000000,58.000000,141.380223,0.000000,30.083565
19832,6640.441128,0.000000,58.000000,140.878830,0.000000,22.061281
19833,6640.441128,0.000000,58.000000,140.377437,0.000000,14.038997
19834,6640.441128,0.000000,58.000000,139.876045,0.000000,6.016713
19835,6640.441128,0.000000,58.000000,139.374652,0.000000,357.994429
19836,6640.441128,0.000000,58.000000,138.873259,0.000000,349.972145
19837,6640.441128,0.000000,58.000000,138.371866,0.000000,341.949861
19838,6640.441128,0.000000,58.000000,137.870474,0.000000,333.927577
19839,6640.441128,0.000000,58.000000,137.369081,0.000000,325.905292
19840,6640.441128,0.000000,58.000000,136.867688,0.000000,317.883008
19841,6640.441128,0.000000,58.000000,136.366295,0.000000,309.860724
19842,6640.441128,0.000000,58.000000,135.864903,0.000000,301.838440
19843,6640.441128,0.000000,58.000000,135.363510,0.000000,293.816156
19844,6640.441128,0.000000,58.000000,134.862117,0.000000,285.793872
19845,6640.441128,0.000000,58.000000,134.360724,0.000000,277.771588
19846,6640.441128,0.000000,58.000000,133.859331,0.000000,269.749304
19847,6640.441128,0.000000,58.000000,133.357939,0.000000,261.727019
19848,6640.441128,0.000000,58.000000,132.856546,0.000000,253.704735
19849,6640.441128,0.000000,58.000000,132.355153,0.000000,245.682451
19850,6640.441128,0.000000,58.000000,131.853760,0.000000,237.660167
19851,6640.441128,0.000000,58.000000,131.352368,0.000000,229.637883
19852,6640.441128,0.000000,58.000000,130.850975,0.000000,221.615599
19853,6640.441128,0.000000,58.000000,130.349582,0.000000,213.593315
19854,6640.441128,0.000000,58.000000,129.848189,0.000000,205.571031
19855,6640.441128,0.000000,58.000000,129.346797,0.000000,197.548747
19856,6640.441128,0.000000,58.000000,128.845404,0.000000,189.526462
19857,6640.441128,0.000000,58.000000,128.344011,0.000000,181.504178
19858,6640.441128,0.000000,58.000000,127.842618,0.000000,173.481894
19859,6640.441128,0.000000,58.000000,127.341226,0.000000,165.459610
19860,6640.441128,0.000000,58.000000,126.839833,0.000000,157.437326
19861,6640.441128,0.000000,58.000000,126.338440,0.000000,149.415042
19862,6640.441128,0.000000,58.000000,125.837047,0.000000,141.392758
19863,6640.441128,0.000000,58.000000,125.335655,0.000000,133.370474
19864,6640.441128,0.000000,58.000000,124.834262,0.000000,125.348189
19865,6640.441128,0.000000,58.000000,124.332869,0.000000,117.325905
19866,6640.441128,0.000000,58.000000,123.831476,0.000000,109.303621
19867,6640.441128,0.000000,58.000000,123.330084,0.000000,101.281337
19868,6640.441128,0.000000,58.000000,122.828691,0.000000,93.259053
19869,6640.441128,0.000000,58.000000,122.327298,0.000000,85.236769
19870,6640.441128,0.000000,58.000000,121.825905,0.000000,77.214485
19871,6640.441128,0.000000,58.000000,121.324513,0.000000,69.192201
19872,6640.441128,0.000000,58.000000,120.823120,0.000000,61.169916
19873,6640.441128,0.000000,58.000000,120.321727,0.000000,53.147632
19874,6640.441128,0.000000,58.000000,119.820334,0.000000,45.125348
19875,6640.441128,0.000000,58.000000,119.318942,0.000000,37.103064
19876,6640.441128,0.000000,58.000000,118.817549,0.000000,29.080780
19877,6640.441128,0.000000,58.000000,118.316156,0.000000,21.058496
19878,6640.441128,0.000000,58.000000,117.814763,0.000000,13.036212
19879,6640.441128,0.000000,58.000000,117.313370,0.000000,5.013928
19880,6640.441128,0.000000,58.000000,116.811978,0.000000,356.991643
19881,6640.441128,0.000000,58.000000,116.310585,0.000000,348.969359
19882,6640.441128,0.000000,58.000000,115.809192,0.000000,340.947075
19884,6640.441128,0.000000,58.000000,114.806407,0.000000,324.902507
19885,6640.441128,0.000000,58.000000,114.305014,0.000000,316.880223
19886,6640.441128,0.000000,58.000000,113.803621,0.000000,308.857939
19887,6640.441128,0.000000,58.000000,113.302228,0.000000,300.835655
19888,6640.441128,0.000000,58.000000,112.800836,0.000000,292.813370
19889,6640.441128,0.000000,58.000000,112.299443,0.000000,284.791086
19890,6640.441128,0.000000,58.000000,111.798050,0.000000,276.768802
19891,6640.441128,0.000000,58.000000,111.296657,0.000000,268.746518
19892,6640.441128,0.000000,58.000000,110.795265,0.000000,260.724234
19893,6640.441128,0.000000,58.000000,110.293872,0.000000,252.701950
19894,6640.441128,0.000000,58.000000,109.792479,0.000000,244.679666
19895,6640.441128,0.000000,58.000000,109.291086,0.000000,236.657382
19896,6640.441128,0.000000,58.000000,108.789694,0.000000,228.635097
19897,6640.441128,0.000000,58.000000,108.288301,0.000000,220.612813
19898,6640.441128,0.000000,58.000000,107.786908,0.000000,212.590529
19899,6640.441128,0.000000,58.000000,107.285515,0.000000,204.568245
19900,6640.441128,0.000000,58.000000,106.784123,0.000000,196.545961
19901,6640.441128,0.000000,58.000000,106.282730,0.000000,188.523677
19902,6640.441128,0.000000,58.000000,105.781337,0.000000,180.501393
19903,6640.441128,0.000000,58.000000,105.279944,0.000000,172.479109
19904,6640.441128,0.000000,58.000000,104.778552,0.000000,164.456825
19905,6640.441128,0.000000,58.000000,104.277159,0.000000,156.434540
19906,6640.441128,0.000000,58.000000,103.775766,0.000000,148.412256
19907,6640.441128,0.000000,58.000000,103.274373,0.000000,140.389972
19908,6640.441128,0.000000,58.000000,102.772981,0.000000,132.367688
19909,6640.441128,0.000000,58.000000,102.271588,0.000000,124.345404
19910,6640.441128,0.000000,58.000000,101.770195,0.000000,116.323120
19911,6640.441128,0.000000,58.000000,101.268802,0.000000,108.300836
19912,6640.441128,0.000000,58.000000,100.767409,0.000000,100.278552
19913,6640.441128,0.000000,58.000000,100.266017,0.000000,92.256267
19914,6640.441128,0.000000,58.000000,99.764624,0.000000,84.233983
19915,6640.441128,0.000000,58.000000,99.263231,0.000000,76.211699
19917,6640.441128,0.000000,58.000000,98.260446,0.000000,60.167131
19918,6640.441128,0.000000,58.000000,97.759053,0.000000,52.144847
19919,6640.441128,0.000000,58.000000,97.257660,0.000000,44.122563
19920,6640.441128,0.000000,58.000000,96.756267,0.000000,36.100279
19921,6640.441128,0.000000,58.000000,96.254875,0.000000,28.077994
19922,6640.441128,0.000000,58.000000,95.753482,0.000000,20.055710
19923,6640.441128,0.000000,58.000000,95.252089,0.000000,12.033426
19924,6640.441128,0.000000,58.000000,94.750696,0.000000,4.011142
19925,6640.441128,0.000000,58.000000,94.249304,0.000000,355.988858
19926,6640.441128,0.000000,58.000000,93.747911,0.000000,347.966574
19927,6640.441128,0.000000,58.000000,93.246518,0.000000,339.944290
19928,6640.441128,0.000000,58.000000,92.745125,0.000000,331.922006
19929,6640.441128,0.000000,58.000000,92.243733,0.000000,323.899721
19930,6640.441128,0.000000,58.000000,91.742340,0.000000,315.877437
19931,6640.441128,0.000000,58.000000,91.240947,0.000000,307.855153
19932,6640.441128,0.000000,58.000000,90.739554,0.000000,299.832869
19933,6640.441128,0.000000,58.000000,90.238162,0.000000,291.810585
19934,6640.441128,0.000000,58.000000,89.736769,0.000000,283.788301
19935,6640.441128,0.000000,58.000000,89.235376,0.000000,275.766017
19936,6640.441128,0.000000,58.000000,88.733983,0.000000,267.743733
19937,6640.441128,0.000000,58.000000,88.232591,0.000000,259.721448
19938,6640.441128,0.000000,58.000000,87.731198,0.000000,251.699164
19940,6640.441128,0.000000,58.000000,86.728412,0.000000,235.654596
19941,6640.441128,0.000000,58.000000,86.227019,0.000000,227.632312
19942,6640.441128,0.000000,58.000000,85.725627,0.000000,219.610028
19943,6640.441128,0.000000,58.000000,85.224234,0.000000,211.587744
19944,6640.441128,0.000000,58.000000,84.722841,0.000000,203.565460
19945,6640.441128,0.000000,58.000000,84.221448,0.000000,195.543175
19946,6640.441128,0.000000,58.000000,83.720056,0.000000,187.520891
19947,6640.441128,0.000000,58.000000,83.218663,0.000000,179.498607
19948,6640.441128,0.000000,58.000000,82.717270,0.000000,171.476323
19949,6640.441128,0.000000,58.000000,82.215877,0.000000,163.454039
19950,6640.441128,0.000000,58.000000,81.714485,0.000000,155.431755
19951,6640.441128,0.000000,58.000000,81.213092,0.000000,147.409471
19952,6640.441128,0.000000,58.000000,80.711699,0.000000,139.387187
19953,6640.441128,0.000000,58.000000,80.210306,0.000000,131.364903
19954,6640.441128,0.000000,58.000000,79.708914,0.000000,123.342618
19955,6640.441128,0.000000,58.000000,79.207521,0.000000,115.320334
19956,6640.441128,0.000000,58.000000,78.706128,0.000000,107.298050
19957,6640.441128,0.000000,58.000000,78.204735,0.000000,99.275766
19958,6640.441128,0.000000,58.000000,77.703343,0.000000,91.253482
19959,6640.441128,0.000000,58.000000,77.201950,0.000000,83.231198
19960,6640.441128,0.000000,58.000000,76.700557,0.000000,75.208914
19961,6640.441128,0.000000,58.000000,76.199164,0.000000,67.186630
19962,6640.441128,0.000000,58.000000,75.697772,0.000000,59.164345
19963,6640.441128,0.000000,58.000000,75.196379,0.000000,51.142061
19964,6640.441128,0.000000,58.000000,74.694986,0.000000,43.119777
19965,6640.441128,0.000000,58.000000,74.193593,0.000000,35.097493
19966,6640.441128,0.000000,58.000000,73.692201,0.000000,27.075209
19967,6640.441128,0.000000,58.000000,73.190808,0.000000,19.052925
19968,6640.441128,0.000000,58.000000,72.689415,0.000000,11.030641
19969,6640.441128,0.000000,58.000000,72.188022,0.000000,3.008357
19970,6640.441128,0.000000,58.000000,71.686630,0.000000,354.986072
19971,6640.441128,0.000000,58.000000,71.185237,0.000000,346.963788
19972,6640.441128,0.000000,58.000000,70.683844,0.000000,338.941504
19973,6640.441128,0.000000,58.000000,70.182451,0.000000,330.919220
19974,6640.441128,0.000000,58.000000,69.681058,0.000000,322.896936
19975,6640.441128,0.000000,58.000000,69.179666,0.000000,314.874652
19976,6640.441128,0.000000,58.000000,68.678273,0.000000,306.852368
19977,6640.441128,0.000000,58.000000,68.176880,0.000000,298.830084
19978,6640.441128,0.000000,58.000000,67.675487,0.000000,290.807799
19979,6640.441128,0.000000,58.000000,67.174095,0.000000,282.785515
19980,6640.441128,0.000000,58.000000,66.672702,0.000000,274.763231
19981,6640.441128,0.000000,58.000000,66.171309,0.000000,266.740947
19982,6640.441128,0.000000,58.000000,65.669916,0.000000,258.718663
19983,6640.441128,0.000000,58.000000,65.168524,0.000000,250.696379
19984,6640.441128,0.000000,58.000000,64.667131,0.000000,242.674095
19985,6640.441128,0.000000,58.000000,64.165738,0.000000,234.651811
19986,6640.441128,0.000000,58.000000,63.664345,0.000000,226.629526
19987,6640.441128,0.000000,58.000000,63.162953,0.000000,218.607242
19988,6640.441128,0.000000,58.000000,62.661560,0.000000,210.584958
19989,6640.441128,0.000000,58.000000,62.160167,0.000000,202.562674
19990,6640.441128,0.000000,58.000000,61.658774,0.000000,194.540390
19991,6640.441128,0.000000,58.000000,61.157382,0.000000,186.518106
19992,6640.441128,0.000000,58.000000,60.655989,0.000000,178.495822
19993,6640.441128,0.000000,58.000000,60.154596,0.000000,170.473538
19994,6640.441128,0.000000,58.000000,59.653203,0.000000,162.451253
19995,6640.441128,0.000000,58.000000,59.151811,0.000000,154.428969
19996,6640.441128,0.000000,58.000000,58.650418,0.000000,146.406685
19997,6640.441128,0.000000,58.000000,58.149025,0.000000,138.384401
19998,6640.441128,0.000000,58.000000,57.647632,0.000000,130.362117
19999,6640.441128,0.000000,58.000000,57.146240,0.000000,122.339833
20000,6640.441128,0.000000,58.000000,56.644847,0.000000,114.317549
20001,6640.441128,0.000000,58.000000,56.143454,0.000000,106.295265
20002,6640.441128,0.000000,58.000000,55.642061,0.000000,98.272981
20003,6640.441128,0.000000,58.000000,55.140669,0.000000,90.250696
20004,6640.441128,0.000000,58.000000,54.639276,0.000000,82.228412
20005,6640.441128,0.000000,58.000000,54.137883,0.000000,74.206128
20006,6640.441128,0.000000,58.000000,53.636490,0.000000,66.183844
20007,6640.441128,0.000000,58.000000,53.135097,0.000000,58.161560
20008,6640.441128,0.000000,58.000000,52.633705,0.000000,50.139276
20009,6640.441128,0.000000,58.000000,52.132312,0.000000,42.116992
20010,6640.441128,0.000000,58.000000,51.630919,0.000000,34.094708
20011,6640.441128,0.000000,58.000000,51.129526,0.000000,26.072423
20012,6640.441128,0.000000,58.000000,50.628134,0.000000,18.050139
20013,6640.441128,0.000000,58.000000,50.126741,0.000000,10.027855
20014,6640.441128,0.000000,58.000000,49.625348,0.000000,2.005571
20015,6640.441128,0.000000,58.000000,49.123955,0.000000,353.983287
20016,6640.441128,0.000000,58.000000,48.622563,0.000000,345.961003
20017,6640.441128,0.000000,58.000000,48.121170,0.000000,337.938719
20018,6640.441128,0.000000,58.000000,47.619777,0.000000,329.916435
20019,6640.441128,0.000000,58.000000,47.118384,0.000000,321.894150
20020,6640.441128,0.000000,58.000000,46.616992,0.000000,313.871866
20021,6640.441128,0.000000,58.000000,46.115599,0.000000,305.849582
20023,6640.441128,0.000000,58.000000,45.112813,0.000000,289.805014
20024,6640.441128,0.000000,58.000000,44.611421,0.000000,281.782730
20025,6640.441128,0.000000,58.000000,44.110028,0.000000,273.760446
20026,6640.441128,0.000000,58.000000,43.608635,0.000000,265.738162
20027,6640.441128,0.000000,58.000000,43.107242,0.000000,257.715877
20028,6640.441128,0.000000,58.000000,42.605850,0.000000,249.693593
20029,6640.441128,0.000000,58.000000,42.104457,0.000000,241.671309
20030,6640.441128,0.000000,58.000000,41.603064,0.000000,233.649025
20031,6640.441128,0.000000,58.000000,41.101671,0.000000,225.626741
20033,6640.441128,0.000000,58.000000,40.098886,0.000000,209.582173
20034,6640.441128,0.000000,58.000000,39.597493,0.000000,201.559889
20035,6640.441128,0.000000,58.000000,39.096100,0.000000,193.537604
20036,6640.441128,0.000000,58.000000,38.594708,0.000000,185.515320
20037,6640.441128,0.000000,58.000000,38.093315,0.000000,177.493036
20038,6640.441128,0.000000,58.000000,37.591922,0.000000,169.470752
20039,6640.441128,0.000000,58.000000,37.090529,0.000000,161.448468
20040,6640.441128,0.000000,58.000000,36.589136,0.000000,153.426184
20041,6640.441128,0.000000,58.000000,36.087744,0.000000,145.403900
20042,6640.441128,0.000000,58.000000,35.586351,0.000000,137.381616
20043,6640.441128,0.000000,58.000000,35.084958,0.000000,129.359331
20044,6640.441128,0.000000,58.000000,34.583565,0.000000,121.337047
20045,6640.441128,0.000000,58.000000,34.082173,0.000000,113.314763
20046,6640.441128,0.000000,58.000000,33.580780,0.000000,105.292479
20047,6640.441128,0.000000,58.000000,33.079387,0.000000,97.270195
20048,6640.441128,0.000000,58.000000,32.577994,0.000000,89.247911
20049,6640.441128,0.000000,58.000000,32.076602,0.000000,81.225627
20050,6640.441128,0.000000,58.000000,31.575209,0.000000,73.203343
20051,6640.441128,0.000000,58.000000,31.073816,0.000000,65.181058
20052,6640.441128,0.000000,58.000000,30.572423,0.000000,57.158774
20053,6640.441128,0.000000,58.000000,30.071031,0.000000,49.136490
20054,6640.441128,0.000000,58.000000,29.569638,0.000000,41.114206
20055,6640.441128,0.000000,58.000000,29.068245,0.000000,33.091922
20056,6640.441128,0.000000,58.000000,28.566852,0.000000,25.069638
20057,6640.441128,0.000000,58.000000,28.065460,0.000000,17.047354
20058,6640.441128,0.000000,58.000000,27.564067,0.000000,9.025070
20059,6640.441128,0.000000,58.000000,27.062674,0.000000,1.002786
20060,6640.441128,0.000000,58.000000,26.561281,0.000000,352.980501
20061,6640.441128,0.000000,58.000000,26.059889,0.000000,344.958217
20062,6640.441128,0.000000,58.000000,25.558496,0.000000,336.935933
20063,6640.441128,0.000000,58.000000,25.057103,0.000000,328.913649
20064,6640.441128,0.000000,58.000000,24.555710,0.000000,320.891365
20066,6640.441128,0.000000,58.000000,23.552925,0.000000,304.846797
20067,6640.441128,0.000000,58.000000,23.051532,0.000000,296.824513
20068,6640.441128,0.000000,58.000000,22.550139,0.000000,288.802228
20069,6640.441128,0.000000,58.000000,22.048747,0.000000,280.779944
20070,6640.441128,0.000000,58.000000,21.547354,0.000000,272.757660
20072,6640.441128,0.000000,58.000000,20.544568,0.000000,256.713092
20073,6640.441128,0.000000,58.000000,20.043175,0.000000,248.690808
20074,6640.441128,0.000000,58.000000,19.541783,0.000000,240.668524
20075,6640.441128,0.000000,58.000000,19.040390,0.000000,232.646240
20076,6640.441128,0.000000,58.000000,18.538997,0.000000,224.623955
20077,6640.441128,0.000000,58.000000,18.037604,0.000000,216.601671
20078,6640.441128,0.000000,58.000000,17.536212,0.000000,208.579387
20079,6640.441128,0.000000,58.000000,17.034819,0.000000,200.557103
20080,6640.441128,0.000000,58.000000,16.533426,0.000000,192.534819
20081,6640.441128,0.000000,58.000000,16.032033,0.000000,184.512535
20082,6640.441128,0.000000,58.000000,15.530641,0.000000,176.490251
20083,6640.441128,0.000000,58.000000,15.029248,0.000000,168.467967
20084,6640.441128,0.000000,58.000000,14.527855,0.000000,160.445682
20085,6640.441128,0.000000,58.000000,14.026462,0.000000,152.423398
20086,6640.441128,0.000000,58.000000,13.525070,0.000000,144.401114
20087,6640.441128,0.000000,58.000000,13.023677,0.000000,136.378830
20088,6640.441128,0.000000,58.000000,12.522284,0.000000,128.356546
20089,6640.441128,0.000000,58.000000,12.020891,0.000000,120.334262
20090,6640.441128,0.000000,58.000000,11.519499,0.000000,112.311978
20091,6640.441128,0.000000,58.000000,11.018106,0.000000,104.289694
20092,6640.441128,0.000000,58.000000,10.516713,0.000000,96.267409
20093,6640.441128,0.000000,58.000000,10.015320,0.000000,88.245125
20094,6640.441128,0.000000,58.000000,9.513928,0.000000,80.222841
20095,6640.441128,0.000000,58.000000,9.012535,0.000000,72.200557
20096,6640.441128,0.000000,58.000000,8.511142,0.000000,64.178273
20097,6640.441128,0.000000,58.000000,8.009749,0.000000,56.155989
20098,6640.441128,0.000000,58.000000,7.508357,0.000000,48.133705
20099,6640.441128,0.000000,58.000000,7.006964,0.000000,40.111421
20100,6640.441128,0.000000,58.000000,6.505571,0.000000,32.089136
20101,6640.441128,0.000000,58.000000,6.004178,0.000000,24.066852
20102,6640.441128,0.000000,58.000000,5.502786,0.000000,16.044568
20103,6640.441128,0.000000,58.000000,5.001393,0.000000,8.022284
20521,6640.441128,0.000000,31.000000,155.419220,0.000000,254.707521
20580,6640.441128,0.000000,31.000000,125.837047,0.000000,141.392758
20808,6640.441128,0.000000,31.000000,11.519499,0.000000,112.311978
20960,6640.441128,0.000000,59.000000,290.807799,0.000000,332.924791
21149,6640.441128,0.000000,59.000000,196.044568,0.000000,256.713092
21217,6640.441128,0.000000,59.000000,161.949861,0.000000,71.197772
21458,6640.441128,0.000000,59.000000,41.114206,0.000000,297.827298
21838,6640.441128,0.000000,60.000000,210.584958,0.000000,129.359331
22101,6640.441128,0.000000,60.000000,78.718663,0.000000,179.498607
22241,6640.441128,0.000000,60.000000,8.523677,0.000000,136.378830
22652,6640.441128,0.000000,61.000000,164.701253,0.000000,79.220056
23137,6640.441128,0.000000,62.000000,281.525766,0.000000,148.412256
23175,6640.441128,0.000000,62.000000,262.472841,0.000000,203.565460
23240,6640.441128,0.000000,62.000000,229.882312,0.000000,42.116992
23335,6640.441128,0.000000,62.000000,182.250000,0.000000,360.000000
23362,6640.441128,0.000000,62.000000,168.712396,0.000000,143.398329
23413,6640.441128,0.000000,62.000000,143.141365,0.000000,94.261838
23715,6640.441128,0.000000,63.000000,356.220752,0.000000,191.532033
23887,6640.441128,0.000000,63.000000,269.981198,0.000000,251.699164
23996,6640.441128,0.000000,63.000000,215.329387,0.000000,97.270195
24020,6640.441128,0.000000,63.000000,203.295961,0.000000,264.735376
24117,6640.441128,0.000000,63.000000,154.660864,0.000000,206.573816
24203,6640.441128,0.000000,63.000000,111.541086,0.000000,236.657382
24247,6640.441128,0.000000,63.000000,89.479805,0.000000,243.676880
24289,6640.441128,0.000000,63.000000,68.421309,0.000000,266.740947
24393,6640.441128,0.000000,63.000000,16.276462,0.000000,152.423398
24412,6640.441128,0.000000,30.000000,11.250000,0.000000,0.000000
24419,6640.441128,0.000000,30.000000,7.740251,0.000000,303.844011
24422,6640.441128,0.000000,30.000000,6.236072,0.000000,279.777159
24426,6640.441128,0.000000,30.000000,4.230501,0.000000,247.688022
24428,6640.441128,0.000000,30.000000,3.227716,0.000000,231.643454
24432,6640.441128,0.000000,30.000000,1.222145,0.000000,199.554318
24435,6640.441128,0.000000,30.000000,359.717967,0.000000,175.487465
24439,6640.441128,0.000000,30.000000,357.712396,0.000000,143.398329
24444,6640.441128,0.000000,30.000000,355.205432,0.000000,103.286908
24450,6640.441128,0.000000,30.000000,352.197075,0.000000,55.153203
24451,6640.441128,0.000000,30.000000,351.695682,0.000000,47.130919
24452,6640.441128,0.000000,30.000000,351.194290,0.000000,39.108635
24454,6640.441128,0.000000,30.000000,350.191504,0.000000,23.064067
24456,6640.441128,0.000000,30.000000,349.188719,0.000000,7.019499
24458,6640.441128,0.000000,30.000000,348.185933,0.000000,350.974930
24460,6640.441128,0.000000,30.000000,347.183148,0.000000,334.930362
24461,6640.441128,0.000000,30.000000,346.681755,0.000000,326.908078
24468,6640.441128,0.000000,30.000000,343.172006,0.000000,270.752089
24473,6640.441128,0.000000,30.000000,340.665042,0.000000,230.640669
24480,6640.441128,0.000000,30.000000,337.155292,0.000000,174.484680
24488,6640.441128,0.000000,30.000000,333.144150,0.000000,110.306407
24490,6640.441128,0.000000,30.000000,332.141365,0.000000,94.261838
24492,6640.441128,0.000000,30.000000,331.138579,0.000000,78.217270
24500,6640.441128,0.000000,30.000000,327.127437,0.000000,14.038997
24502,6640.441128,0.000000,30.000000,326.124652,0.000000,357.994429
24504,6640.441128,0.000000,30.000000,325.121866,0.000000,341.949861
24510,6640.441128,0.000000,30.000000,322.113510,0.000000,293.816156
24514,6640.441128,0.000000,30.000000,320.107939,0.000000,261.727019
24519,6640.441128,0.000000,30.000000,317.600975,0.000000,221.615599
24524,6640.441128,0.000000,30.000000,315.094011,0.000000,181.504178
24526,6640.441128,0.000000,30.000000,314.091226,0.000000,165.459610
24527,6640.441128,0.000000,30.000000,313.589833,0.000000,157.437326
24528,6640.441128,0.000000,30.000000,313.088440,0.000000,149.415042
24531,6640.441128,0.000000,30.000000,311.584262,0.000000,125.348189
24534,6640.441128,0.000000,30.000000,310.080084,0.000000,101.281337
24537,6640.441128,0.000000,30.000000,308.575905,0.000000,77.214485
24541,6640.441128,0.000000,30.000000,306.570334,0.000000,45.125348
24543,6640.441128,0.000000,30.000000,305.567549,0.000000,29.080780
24546,6640.441128,0.000000,30.000000,304.063370,0.000000,5.013928
24557,6640.441128,0.000000,30.000000,298.548050,0.000000,276.768802
24560,6640.441128,0.000000,30.000000,297.043872,0.000000,252.701950
24562,6640.441128,0.000000,30.000000,296.041086,0.000000,236.657382
24563,6640.441128,0.000000,30.000000,295.539694,0.000000,228.635097
24565,6640.441128,0.000000,30.000000,294.536908,0.000000,212.590529
24567,6640.441128,0.000000,30.000000,293.534123,0.000000,196.545961
24569,6640.441128,0.000000,30.000000,292.531337,0.000000,180.501393
24573,6640.441128,0.000000,30.000000,290.525766,0.000000,148.412256
24582,6640.441128,0.000000,30.000000,286.013231,0.000000,76.211699
24583,6640.441128,0.000000,30.000000,285.511838,0.000000,68.189415
24587,6640.441128,0.000000,30.000000,283.506267,0.000000,36.100279
24590,6640.441128,0.000000,30.000000,282.002089,0.000000,12.033426
24593,6640.441128,0.000000,30.000000,280.497911,0.000000,347.966574
24597,6640.441128,0.000000,30.000000,278.492340,0.000000,315.877437
24604,6640.441128,0.000000,30.000000,274.982591,0.000000,259.721448
24607,6640.441128,0.000000,30.000000,273.478412,0.000000,235.654596
24609,6640.441128,0.000000,30.000000,272.475627,0.000000,219.610028
24613,6640.441128,0.000000,30.000000,270.470056,0.000000,187.520891
24619,6640.441128,0.000000,30.000000,267.461699,0.000000,139.387187
24623,6640.441128,0.000000,30.000000,265.456128,0.000000,107.298050
24625,6640.441128,0.000000,30.000000,264.453343,0.000000,91.253482
24632,6640.441128,0.000000,30.000000,260.943593,0.000000,35.097493
24642,6640.441128,0.000000,30.000000,255.929666,0.000000,314.874652
24643,6640.441128,0.000000,30.000000,255.428273,0.000000,306.852368
24644,6640.441128,0.000000,30.000000,254.926880,0.000000,298.830084
24646,6640.441128,0.000000,30.000000,253.924095,0.000000,282.785515
24647,6640.441128,0.000000,30.000000,253.422702,0.000000,274.763231
24648,6640.441128,0.000000,30.000000,252.921309,0.000000,266.740947
24655,6640.441128,0.000000,30.000000,249.411560,0.000000,210.584958
24663,6640.441128,0.000000,30.000000,245.400418,0.000000,146.406685
24665,6640.441128,0.000000,30.000000,244.397632,0.000000,130.362117
24668,6640.441128,0.000000,30.000000,242.893454,0.000000,106.295265
24669,6640.441128,0.000000,30.000000,242.392061,0.000000,98.272981
24670,6640.441128,0.000000,30.000000,241.890669,0.000000,90.250696
24671,6640.441128,0.000000,30.000000,241.389276,0.000000,82.228412
24673,6640.441128,0.000000,30.000000,240.386490,0.000000,66.183844
24674,6640.441128,0.000000,30.000000,239.885097,0.000000,58.161560
24675,6640.441128,0.000000,30.000000,239.383705,0.000000,50.139276
24678,6640.441128,0.000000,30.000000,237.879526,0.000000,26.072423
24680,6640.441128,0.000000,30.000000,236.876741,0.000000,10.027855
24682,6640.441128,0.000000,30.000000,235.873955,0.000000,353.983287
24683,6640.441128,0.000000,30.000000,235.372563,0.000000,345.961003
24688,6640.441128,0.000000,30.000000,232.865599,0.000000,305.849582
24696,6640.441128,0.000000,30.000000,228.854457,0.000000,241.671309
24698,6640.441128,0.000000,30.000000,227.851671,0.000000,225.626741
24700,6640.441128,0.000000,30.000000,226.848886,0.000000,209.582173
24705,6640.441128,0.000000,30.000000,224.341922,0.000000,169.470752
24712,6640.441128,0.000000,30.000000,220.832173,0.000000,113.314763
24717,6640.441128,0.000000,30.000000,218.325209,0.000000,73.203343
24720,6640.441128,0.000000,30.000000,216.821031,0.000000,49.136490
24722,6640.441128,0.000000,30.000000,215.818245,0.000000,33.091922
24724,6640.441128,0.000000,30.000000,214.815460,0.000000,17.047354
24728,6640.441128,0.000000,30.000000,212.809889,0.000000,344.958217
24729,6640.441128,0.000000,30.000000,212.308496,0.000000,336.935933
24736,6640.441128,0.000000,30.000000,208.798747,0.000000,280.779944
24738,6640.441128,0.000000,30.000000,207.795961,0.000000,264.735376
24769,6640.441128,0.000000,30.000000,192.252786,0.000000,16.044568
24780,6640.441128,0.000000,30.000000,186.737465,0.000000,287.799443
24786,6640.441128,0.000000,30.000000,183.729109,0.000000,239.665738
24788,6640.441128,0.000000,30.000000,182.726323,0.000000,223.621170
24790,6640.441128,0.000000,30.000000,181.723538,0.000000,207.576602
24798,6640.441128,0.000000,30.000000,177.712396,0.000000,143.398329
24800,6640.441128,0.000000,30.000000,176.709610,0.000000,127.353760
24808,6640.441128,0.000000,30.000000,172.698468,0.000000,63.175487
24810,6640.441128,0.000000,30.000000,171.695682,0.000000,47.130919
24811,6640.441128,0.000000,30.000000,171.194290,0.000000,39.108635
24812,6640.441128,0.000000,30.000000,170.692897,0.000000,31.086351
24813,6640.441128,0.000000,30.000000,170.191504,0.000000,23.064067
24814,6640.441128,0.000000,30.000000,169.690111,0.000000,15.041783
24816,6640.441128,0.000000,30.000000,168.687326,0.000000,358.997214
24820,6640.441128,0.000000,30.000000,166.681755,0.000000,326.908078
24830,6640.441128,0.000000,30.000000,161.667827,0.000000,246.685237
24834,6640.441128,0.000000,30.000000,159.662256,0.000000,214.596100
24846,6640.441128,0.000000,30.000000,153.645543,0.000000,118.328691
24852,6640.441128,0.000000,30.000000,150.637187,0.000000,70.194986
24855,6640.441128,0.000000,30.000000,149.133008,0.000000,46.128134
24858,6640.441128,0.000000,30.000000,147.628830,0.000000,22.061281
24860,6640.441128,0.000000,30.000000,146.626045,0.000000,6.016713
24862,6640.441128,0.000000,30.000000,145.623259,0.000000,349.972145
24878,6640.441128,0.000000,30.000000,137.600975,0.000000,221.615599
24880,6640.441128,0.000000,30.000000,136.598189,0.000000,205.571031
24883,6640.441128,0.000000,30.000000,135.094011,0.000000,181.504178
24889,6640.441128,0.000000,30.000000,132.085655,0.000000,133.370474
24909,6640.441128,0.000000,30.000000,122.057799,0.000000,332.924791
24919,6640.441128,0.000000,30.000000,117.043872,0.000000,252.701950
24921,6640.441128,0.000000,30.000000,116.041086,0.000000,236.657382
24923,6640.441128,0.000000,30.000000,115.038301,0.000000,220.612813
24925,6640.441128,0.000000,30.000000,114.035515,0.000000,204.568245
24940,6640.441128,0.000000,30.000000,106.514624,0.000000,84.233983
24945,6640.441128,0.000000,30.000000,104.007660,0.000000,44.122563
24948,6640.441128,0.000000,30.000000,102.503482,0.000000,20.055710
24949,6640.441128,0.000000,30.000000,102.002089,0.000000,12.033426
24951,6640.441128,0.000000,30.000000,100.999304,0.000000,355.988858
24953,6640.441128,0.000000,30.000000,99.996518,0.000000,339.944290
24954,6640.441128,0.000000,30.000000,99.495125,0.000000,331.922006
24956,6640.441128,0.000000,30.000000,98.492340,0.000000,315.877437
24957,6640.441128,0.000000,30.000000,97.990947,0.000000,307.855153
24958,6640.441128,0.000000,30.000000,97.489554,0.000000,299.832869
24959,6640.441128,0.000000,30.000000,96.988162,0.000000,291.810585
24961,6640.441128,0.000000,30.000000,95.985376,0.000000,275.766017
24969,6640.441128,0.000000,30.000000,91.974234,0.000000,211.587744
24971,6640.441128,0.000000,30.000000,90.971448,0.000000,195.543175
24973,6640.441128,0.000000,30.000000,89.968663,0.000000,179.498607
24975,6640.441128,0.000000,30.000000,88.965877,0.000000,163.454039
24977,6640.441128,0.000000,30.000000,87.963092,0.000000,147.409471
24978,6640.441128,0.000000,30.000000,87.461699,0.000000,139.387187
24981,6640.441128,0.000000,30.000000,85.957521,0.000000,115.320334
24987,6640.441128,0.000000,30.000000,82.949164,0.000000,67.186630
24988,6640.441128,0.000000,30.000000,82.447772,0.000000,59.164345
24999,6640.441128,0.000000,30.000000,76.932451,0.000000,330.919220
25003,6640.441128,0.000000,30.000000,74.926880,0.000000,298.830084
25004,6640.441128,0.000000,30.000000,74.425487,0.000000,290.807799
25005,6640.441128,0.000000,30.000000,73.924095,0.000000,282.785515
25015,6640.441128,0.000000,30.000000,68.910167,0.000000,202.562674
25022,6640.441128,0.000000,30.000000,65.400418,0.000000,146.406685
25023,6640.441128,0.000000,30.000000,64.899025,0.000000,138.384401
25026,6640.441128,0.000000,30.000000,63.394847,0.000000,114.317549
25027,6640.441128,0.000000,30.000000,62.893454,0.000000,106.295265
25029,6640.441128,0.000000,30.000000,61.890669,0.000000,90.250696
25037,6640.441128,0.000000,30.000000,57.879526,0.000000,26.072423
25039,6640.441128,0.000000,30.000000,56.876741,0.000000,10.027855
25055,6640.441128,0.000000,30.000000,48.854457,0.000000,241.671309
25060,6640.441128,0.000000,30.000000,46.347493,0.000000,201.559889
25061,6640.441128,0.000000,30.000000,45.846100,0.000000,193.537604
25071,6640.441128,0.000000,30.000000,40.832173,0.000000,113.314763
25080,6640.441128,0.000000,30.000000,36.319638,0.000000,41.114206
25086,6640.441128,0.000000,30.000000,33.311281,0.000000,352.980501
25087,6640.441128,0.000000,30.000000,32.809889,0.000000,344.958217
25088,6640.441128,0.000000,30.000000,32.308496,0.000000,336.935933
25092,6640.441128,0.000000,30.000000,30.302925,0.000000,304.846797
25093,6640.441128,0.000000,30.000000,29.801532,0.000000,296.824513
25096,6640.441128,0.000000,30.000000,28.297354,0.000000,272.757660
25099,6640.441128,0.000000,30.000000,26.793175,0.000000,248.690808
25111,6640.441128,0.000000,30.000000,20.776462,0.000000,152.423398
25114,6640.441128,0.000000,30.000000,19.272284,0.000000,128.356546
25115,6640.441128,0.000000,30.000000,18.770891,0.000000,120.334262
25116,6640.441128,0.000000,30.000000,18.269499,0.000000,112.311978
25117,6640.441128,0.000000,30.000000,17.768106,0.000000,104.289694
25120,6640.441128,0.000000,30.000000,16.263928,0.000000,80.222841
25121,6640.441128,0.000000,30.000000,15.762535,0.000000,72.200557
25130,6640.441128,0.000000,64.000000,2.250000,0.000000,0.000000
25131,6640.441128,0.000000,64.000000,1.748607,0.000000,351.977716
25132,6640.441128,0.000000,64.000000,1.247214,0.000000,343.955432
25133,6640.441128,0.000000,64.000000,0.745822,0.000000,335.933148
25134,6640.441128,0.000000,64.000000,0.244429,0.000000,327.910864
25135,6640.441128,0.000000,64.000000,359.743036,0.000000,319.888579
25137,6640.441128,0.000000,64.000000,358.740251,0.000000,303.844011
25138,6640.441128,0.000000,64.000000,358.238858,0.000000,295.821727
25140,6640.441128,0.000000,64.000000,357.236072,0.000000,279.777159
25141,6640.441128,0.000000,64.000000,356.734680,0.000000,271.754875
25142,6640.441128,0.000000,64.000000,356.233287,0.000000,263.732591
25143,6640.441128,0.000000,64.000000,355.731894,0.000000,255.710306
25144,6640.441128,0.000000,64.000000,355.230501,0.000000,247.688022
25145,6640.441128,0.000000,64.000000,354.729109,0.000000,239.665738
25146,6640.441128,0.000000,64.000000,354.227716,0.000000,231.643454
25147,6640.441128,0.000000,64.000000,353.726323,0.000000,223.621170
25151,6640.441128,0.000000,64.000000,351.720752,0.000000,191.532033
25152,6640.441128,0.000000,64.000000,351.219359,0.000000,183.509749
25154,6640.441128,0.000000,64.000000,350.216574,0.000000,167.465181
25155,6640.441128,0.000000,64.000000,349.715181,0.000000,159.442897
25157,6640.441128,0.000000,64.000000,348.712396,0.000000,143.398329
25162,6640.441128,0.000000,64.000000,346.205432,0.000000,103.286908
25163,6640.441128,0.000000,64.000000,345.704039,0.000000,95.264624
25164,6640.441128,0.000000,64.000000,345.202646,0.000000,87.242340
25165,6640.441128,0.000000,64.000000,344.701253,0.000000,79.220056
25166,6640.441128,0.000000,64.000000,344.199861,0.000000,71.197772
25168,6640.441128,0.000000,64.000000,343.197075,0.000000,55.153203
25169,6640.441128,0.000000,64.000000,342.695682,0.000000,47.130919
25170,6640.441128,0.000000,64.000000,342.194290,0.000000,39.108635
25171,6640.441128,0.000000,64.000000,341.692897,0.000000,31.086351
25174,6640.441128,0.000000,64.000000,340.188719,0.000000,7.019499
25175,6640.441128,0.000000,64.000000,339.687326,0.000000,358.997214
25176,6640.441128,0.000000,64.000000,339.185933,0.000000,350.974930
25177,6640.441128,0.000000,64.000000,338.684540,0.000000,342.952646
25178,6640.441128,0.000000,64.000000,338.183148,0.000000,334.930362
25179,6640.441128,0.000000,64.000000,337.681755,0.000000,326.908078
25180,6640.441128,0.000000,64.000000,337.180362,0.000000,318.885794
25181,6640.441128,0.000000,64.000000,336.678969,0.000000,310.863510
25182,6640.441128,0.000000,64.000000,336.177577,0.000000,302.841226
25183,6640.441128,0.000000,64.000000,335.676184,0.000000,294.818942
25184,6640.441128,0.000000,64.000000,335.174791,0.000000,286.796657
25186,6640.441128,0.000000,64.000000,334.172006,0.000000,270.752089
25187,6640.441128,0.000000,64.000000,333.670613,0.000000,262.729805
25188,6640.441128,0.000000,64.000000,333.169220,0.000000,254.707521
25189,6640.441128,0.000000,64.000000,332.667827,0.000000,246.685237
25190,6640.441128,0.000000,64.000000,332.166435,0.000000,238.662953
25191,6640.441128,0.000000,64.000000,331.665042,0.000000,230.640669
25192,6640.441128,0.000000,64.000000,331.163649,0.000000,222.618384
25193,6640.441128,0.000000,64.000000,330.662256,0.000000,214.596100
25194,6640.441128,0.000000,64.000000,330.160864,0.000000,206.573816
25195,6640.441128,0.000000,64.000000,329.659471,0.000000,198.551532
25196,6640.441128,0.000000,64.000000,329.158078,0.000000,190.529248
25197,6640.441128,0.000000,64.000000,328.656685,0.000000,182.506964
25198,6640.441128,0.000000,64.000000,328.155292,0.000000,174.484680
25199,6640.441128,0.000000,64.000000,327.653900,0.000000,166.462396
25200,6640.441128,0.000000,64.000000,327.152507,0.000000,158.440111
25202,6640.441128,0.000000,64.000000,326.149721,0.000000,142.395543
25203,6640.441128,0.000000,64.000000,325.648329,0.000000,134.373259
25204,6640.441128,0.000000,64.000000,325.146936,0.000000,126.350975
25205,6640.441128,0.000000,64.000000,324.645543,0.000000,118.328691
25206,6640.441128,0.000000,64.000000,324.144150,0.000000,110.306407
25207,6640.441128,0.000000,64.000000,323.642758,0.000000,102.284123
25208,6640.441128,0.000000,64.000000,323.141365,0.000000,94.261838
25209,6640.441128,0.000000,64.000000,322.639972,0.000000,86.239554
25210,6640.441128,0.000000,64.000000,322.138579,0.000000,78.217270
25211,6640.441128,0.000000,64.000000,321.637187,0.000000,70.194986
25212,6640.441128,0.000000,64.000000,321.135794,0.000000,62.172702
25213,6640.441128,0.000000,64.000000,320.634401,0.000000,54.150418
25216,6640.441128,0.000000,64.000000,319.130223,0.000000,30.083565
25217,6640.441128,0.000000,64.000000,318.628830,0.000000,22.061281
25220,6640.441128,0.000000,64.000000,317.124652,0.000000,357.994429
25221,6640.441128,0.000000,64.000000,316.623259,0.000000,349.972145
25222,6640.441128,0.000000,64.000000,316.121866,0.000000,341.949861
25223,6640.441128,0.000000,64.000000,315.620474,0.000000,333.927577
25224,6640.441128,0.000000,64.000000,315.119081,0.000000,325.905292
25225,6640.441128,0.000000,64.000000,314.617688,0.000000,317.883008
25226,6640.441128,0.000000,64.000000,314.116295,0.000000,309.860724
25227,6640.441128,0.000000,64.000000,313.614903,0.000000,301.838440
25228,6640.441128,0.000000,64.000000,313.113510,0.000000,293.816156
25229,6640.441128,0.000000,64.000000,312.612117,0.000000,285.793872
25230,6640.441128,0.000000,64.000000,312.110724,0.000000,277.771588
25231,6640.441128,0.000000,64.000000,311.609331,0.000000,269.749304
25232,6640.441128,0.000000,64.000000,311.107939,0.000000,261.727019
25233,6640.441128,0.000000,64.000000,310.606546,0.000000,253.704735
25234,6640.441128,0.000000,64.000000,310.105153,0.000000,245.682451
25235,6640.441128,0.000000,64.000000,309.603760,0.000000,237.660167
25236,6640.441128,0.000000,64.000000,309.102368,0.000000,229.637883
25238,6640.441128,0.000000,64.000000,308.099582,0.000000,213.593315
25239,6640.441128,0.000000,64.000000,307.598189,0.000000,205.571031
25240,6640.441128,0.000000,64.000000,307.096797,0.000000,197.548747
25241,6640.441128,0.000000,64.000000,306.595404,0.000000,189.526462
25242,6640.441128,0.000000,64.000000,306.094011,0.000000,181.504178
25243,6640.441128,0.000000,64.000000,305.592618,0.000000,173.481894
25245,6640.441128,0.000000,64.000000,304.589833,0.000000,157.437326
25246,6640.441128,0.000000,64.000000,304.088440,0.000000,149.415042
25247,6640.441128,0.000000,64.000000,303.587047,0.000000,141.392758
25248,6640.441128,0.000000,64.000000,303.085655,0.000000,133.370474
25249,6640.441128,0.000000,64.000000,302.584262,0.000000,125.348189
25250,6640.441128,0.000000,64.000000,302.082869,0.000000,117.325905
25251,6640.441128,0.000000,64.000000,301.581476,0.000000,109.303621
25252,6640.441128,0.000000,64.000000,301.080084,0.000000,101.281337
25253,6640.441128,0.000000,64.000000,300.578691,0.000000,93.259053
25254,6640.441128,0.000000,64.000000,300.077298,0.000000,85.236769
25255,6640.441128,0.000000,64.000000,299.575905,0.000000,77.214485
25256,6640.441128,0.000000,64.000000,299.074513,0.000000,69.192201
25258,6640.441128,0.000000,64.000000,298.071727,0.000000,53.147632
25259,6640.441128,0.000000,64.000000,297.570334,0.000000,45.125348
25260,6640.441128,0.000000,64.000000,297.068942,0.000000,37.103064
25262,6640.441128,0.000000,64.000000,296.066156,0.000000,21.058496
25263,6640.441128,0.000000,64.000000,295.564763,0.000000,13.036212
25264,6640.441128,0.000000,64.000000,295.063370,0.000000,5.013928
25265,6640.441128,0.000000,64.000000,294.561978,0.000000,356.991643
25266,6640.441128,0.000000,64.000000,294.060585,0.000000,348.969359
25267,6640.441128,0.000000,64.000000,293.559192,0.000000,340.947075
25268,6640.441128,0.000000,64.000000,293.057799,0.000000,332.924791
25269,6640.441128,0.000000,64.000000,292.556407,0.000000,324.902507
25270,6640.441128,0.000000,64.000000,292.055014,0.000000,316.880223
25271,6640.441128,0.000000,64.000000,291.553621,0.000000,308.857939
25272,6640.441128,0.000000,64.000000,291.052228,0.000000,300.835655
25275,6640.441128,0.000000,64.000000,289.548050,0.000000,276.768802
25276,6640.441128,0.000000,64.000000,289.046657,0.000000,268.746518
25278,6640.441128,0.000000,64.000000,288.043872,0.000000,252.701950
25279,6640.441128,0.000000,64.000000,287.542479,0.000000,244.679666
25281,6640.441128,0.000000,64.000000,286.539694,0.000000,228.635097
25283,6640.441128,0.000000,64.000000,285.536908,0.000000,212.590529
25284,6640.441128,0.000000,64.000000,285.035515,0.000000,204.568245
25285,6640.441128,0.000000,64.000000,284.534123,0.000000,196.545961
25286,6640.441128,0.000000,64.000000,284.032730,0.000000,188.523677
25288,6640.441128,0.000000,64.000000,283.029944,0.000000,172.479109
25289,6640.441128,0.000000,64.000000,282.528552,0.000000,164.456825
25292,6640.441128,0.000000,64.000000,281.024373,0.000000,140.389972
25293,6640.441128,0.000000,64.000000,280.522981,0.000000,132.367688
25294,6640.441128,0.000000,64.000000,280.021588,0.000000,124.345404
25295,6640.441128,0.000000,64.000000,279.520195,0.000000,116.323120
25296,6640.441128,0.000000,64.000000,279.018802,0.000000,108.300836
25297,6640.441128,0.000000,64.000000,278.517409,0.000000,100.278552
25299,6640.441128,0.000000,64.000000,277.514624,0.000000,84.233983
25301,6640.441128,0.000000,64.000000,276.511838,0.000000,68.189415
25302,6640.441128,0.000000,64.000000,276.010446,0.000000,60.167131
25303,6640.441128,0.000000,64.000000,275.509053,0.000000,52.144847
25305,6640.441128,0.000000,64.000000,274.506267,0.000000,36.100279
25306,6640.441128,0.000000,64.000000,274.004875,0.000000,28.077994
25308,6640.441128,0.000000,64.000000,273.002089,0.000000,12.033426
25309,6640.441128,0.000000,64.000000,272.500696,0.000000,4.011142
25310,6640.441128,0.000000,64.000000,271.999304,0.000000,355.988858
25312,6640.441128,0.000000,64.000000,270.996518,0.000000,339.944290
25315,6640.441128,0.000000,64.000000,269.492340,0.000000,315.877437
25317,6640.441128,0.000000,64.000000,268.489554,0.000000,299.832869
25318,6640.441128,0.000000,64.000000,267.988162,0.000000,291.810585
25319,6640.441128,0.000000,64.000000,267.486769,0.000000,283.788301
25321,6640.441128,0.000000,64.000000,266.483983,0.000000,267.743733
25324,6640.441128,0.000000,64.000000,264.979805,0.000000,243.676880
25325,6640.441128,0.000000,64.000000,264.478412,0.000000,235.654596
25326,6640.441128,0.000000,64.000000,263.977019,0.000000,227.632312
25327,6640.441128,0.000000,64.000000,263.475627,0.000000,219.610028
25328,6640.441128,0.000000,64.000000,262.974234,0.000000,211.587744
25329,6640.441128,0.000000,64.000000,262.472841,0.000000,203.565460
25330,6640.441128,0.000000,64.000000,261.971448,0.000000,195.543175
25331,6640.441128,0.000000,64.000000,261.470056,0.000000,187.520891
25332,6640.441128,0.000000,64.000000,260.968663,0.000000,179.498607
25333,6640.441128,0.000000,64.000000,260.467270,0.000000,171.476323
25334,6640.441128,0.000000,64.000000,259.965877,0.000000,163.454039
25335,6640.441128,0.000000,64.000000,259.464485,0.000000,155.431755
25336,6640.441128,0.000000,64.000000,258.963092,0.000000,147.409471
25337,6640.441128,0.000000,64.000000,258.461699,0.000000,139.387187
25340,6640.441128,0.000000,64.000000,256.957521,0.000000,115.320334
25341,6640.441128,0.000000,64.000000,256.456128,0.000000,107.298050
25342,6640.441128,0.000000,64.000000,255.954735,0.000000,99.275766
25343,6640.441128,0.000000,64.000000,255.453343,0.000000,91.253482
25344,6640.441128,0.000000,64.000000,254.951950,0.000000,83.231198
25345,6640.441128,0.000000,64.000000,254.450557,0.000000,75.208914
25346,6640.441128,0.000000,64.000000,253.949164,0.000000,67.186630
25347,6640.441128,0.000000,64.000000,253.447772,0.000000,59.164345
25348,6640.441128,0.000000,64.000000,252.946379,0.000000,51.142061
25351,6640.441128,0.000000,64.000000,251.442201,0.000000,27.075209
25352,6640.441128,0.000000,64.000000,250.940808,0.000000,19.052925
25353,6640.441128,0.000000,64.000000,250.439415,0.000000,11.030641
25355,6640.441128,0.000000,64.000000,249.436630,0.000000,354.986072
25356,6640.441128,0.000000,64.000000,248.935237,0.000000,346.963788
25357,6640.441128,0.000000,64.000000,248.433844,0.000000,338.941504
25358,6640.441128,0.000000,64.000000,247.932451,0.000000,330.919220
25359,6640.441128,0.000000,64.000000,247.431058,0.000000,322.896936
25360,6640.441128,0.000000,64.000000,246.929666,0.000000,314.874652
25361,6640.441128,0.000000,64.000000,246.428273,0.000000,306.852368
25364,6640.441128,0.000000,64.000000,244.924095,0.000000,282.785515
25365,6640.441128,0.000000,64.000000,244.422702,0.000000,274.763231
25366,6640.441128,0.000000,64.000000,243.921309,0.000000,266.740947
25367,6640.441128,0.000000,64.000000,243.419916,0.000000,258.718663
25368,6640.441128,0.000000,64.000000,242.918524,0.000000,250.696379
25369,6640.441128,0.000000,64.000000,242.417131,0.000000,242.674095
25370,6640.441128,0.000000,64.000000,241.915738,0.000000,234.651811
25371,6640.441128,0.000000,64.000000,241.414345,0.000000,226.629526
25372,6640.441128,0.000000,64.000000,240.912953,0.000000,218.607242
25373,6640.441128,0.000000,64.000000,240.411560,0.000000,210.584958
25374,6640.441128,0.000000,64.000000,239.910167,0.000000,202.562674
25375,6640.441128,0.000000,64.000000,239.408774,0.000000,194.540390
25376,6640.441128,0.000000,64.000000,238.907382,0.000000,186.518106
25377,6640.441128,0.000000,64.000000,238.405989,0.000000,178.495822
25378,6640.441128,0.000000,64.000000,237.904596,0.000000,170.473538
25381,6640.441128,0.000000,64.000000,236.400418,0.000000,146.406685
25382,6640.441128,0.000000,64.000000,235.899025,0.000000,138.384401
25383,6640.441128,0.000000,64.000000,235.397632,0.000000,130.362117
25384,6640.441128,0.000000,64.000000,234.896240,0.000000,122.339833
25385,6640.441128,0.000000,64.000000,234.394847,0.000000,114.317549
25387,6640.441128,0.000000,64.000000,233.392061,0.000000,98.272981
25388,6640.441128,0.000000,64.000000,232.890669,0.000000,90.250696
25389,6640.441128,0.000000,64.000000,232.389276,0.000000,82.228412
25390,6640.441128,0.000000,64.000000,231.887883,0.000000,74.206128
25391,6640.441128,0.000000,64.000000,231.386490,0.000000,66.183844
25392,6640.441128,0.000000,64.000000,230.885097,0.000000,58.161560
25393,6640.441128,0.000000,64.000000,230.383705,0.000000,50.139276
25396,6640.441128,0.000000,64.000000,228.879526,0.000000,26.072423
25397,6640.441128,0.000000,64.000000,228.378134,0.000000,18.050139
25398,6640.441128,0.000000,64.000000,227.876741,0.000000,10.027855
25399,6640.441128,0.000000,64.000000,227.375348,0.000000,2.005571
25401,6640.441128,0.000000,64.000000,226.372563,0.000000,345.961003
25402,6640.441128,0.000000,64.000000,225.871170,0.000000,337.938719
25403,6640.441128,0.000000,64.000000,225.369777,0.000000,329.916435
25404,6640.441128,0.000000,64.000000,224.868384,0.000000,321.894150
25405,6640.441128,0.000000,64.000000,224.366992,0.000000,313.871866
25406,6640.441128,0.000000,64.000000,223.865599,0.000000,305.849582
25407,6640.441128,0.000000,64.000000,223.364206,0.000000,297.827298
25408,6640.441128,0.000000,64.000000,222.862813,0.000000,289.805014
25410,6640.441128,0.000000,64.000000,221.860028,0.000000,273.760446
25411,6640.441128,0.000000,64.000000,221.358635,0.000000,265.738162
25413,6640.441128,0.000000,64.000000,220.355850,0.000000,249.693593
25414,6640.441128,0.000000,64.000000,219.854457,0.000000,241.671309
25415,6640.441128,0.000000,64.000000,219.353064,0.000000,233.649025
25416,6640.441128,0.000000,64.000000,218.851671,0.000000,225.626741
25417,6640.441128,0.000000,64.000000,218.350279,0.000000,217.604457
25418,6640.441128,0.000000,64.000000,217.848886,0.000000,209.582173
25419,6640.441128,0.000000,64.000000,217.347493,0.000000,201.559889
25420,6640.441128,0.000000,64.000000,216.846100,0.000000,193.537604
25423,6640.441128,0.000000,64.000000,215.341922,0.000000,169.470752
25424,6640.441128,0.000000,64.000000,214.840529,0.000000,161.448468
25430,6640.441128,0.000000,64.000000,211.832173,0.000000,113.314763
25431,6640.441128,0.000000,64.000000,211.330780,0.000000,105.292479
25434,6640.441128,0.000000,64.000000,209.826602,0.000000,81.225627
25435,6640.441128,0.000000,64.000000,209.325209,0.000000,73.203343
25436,6640.441128,0.000000,64.000000,208.823816,0.000000,65.181058
25438,6640.441128,0.000000,64.000000,207.821031,0.000000,49.136490
25439,6640.441128,0.000000,64.000000,207.319638,0.000000,41.114206
25441,6640.441128,0.000000,64.000000,206.316852,0.000000,25.069638
25443,6640.441128,0.000000,64.000000,205.314067,0.000000,9.025070
25444,6640.441128,0.000000,64.000000,204.812674,0.000000,1.002786
25445,6640.441128,0.000000,64.000000,204.311281,0.000000,352.980501
25446,6640.441128,0.000000,64.000000,203.809889,0.000000,344.958217
25447,6640.441128,0.000000,64.000000,203.308496,0.000000,336.935933
25448,6640.441128,0.000000,64.000000,202.807103,0.000000,328.913649
25450,6640.441128,0.000000,64.000000,201.804318,0.000000,312.869081
25451,6640.441128,0.000000,64.000000,201.302925,0.000000,304.846797
25453,6640.441128,0.000000,64.000000,200.300139,0.000000,288.802228
25454,6640.441128,0.000000,64.000000,199.798747,0.000000,280.779944
25456,6640.441128,0.000000,64.000000,198.795961,0.000000,264.735376
25458,6640.441128,0.000000,64.000000,197.793175,0.000000,248.690808
25459,6640.441128,0.000000,64.000000,197.291783,0.000000,240.668524
25460,6640.441128,0.000000,64.000000,196.790390,0.000000,232.646240
25461,6640.441128,0.000000,64.000000,196.288997,0.000000,224.623955
25463,6640.441128,0.000000,64.000000,195.286212,0.000000,208.579387
25466,6640.441128,0.000000,64.000000,193.782033,0.000000,184.512535
25467,6640.441128,0.000000,64.000000,193.280641,0.000000,176.490251
25469,6640.441128,0.000000,64.000000,192.277855,0.000000,160.445682
25470,6640.441128,0.000000,64.000000,191.776462,0.000000,152.423398
25471,6640.441128,0.000000,64.000000,191.275070,0.000000,144.401114
25472,6640.441128,0.000000,64.000000,190.773677,0.000000,136.378830
25473,6640.441128,0.000000,64.000000,190.272284,0.000000,128.356546
25474,6640.441128,0.000000,64.000000,189.770891,0.000000,120.334262
25476,6640.441128,0.000000,64.000000,188.768106,0.000000,104.289694
25477,6640.441128,0.000000,64.000000,188.266713,0.000000,96.267409
25480,6640.441128,0.000000,64.000000,186.762535,0.000000,72.200557
25481,6640.441128,0.000000,64.000000,186.261142,0.000000,64.178273
25484,6640.441128,0.000000,64.000000,184.756964,0.000000,40.111421
25486,6640.441128,0.000000,64.000000,183.754178,0.000000,24.066852
25487,6640.441128,0.000000,64.000000,183.252786,0.000000,16.044568
25490,6640.441128,0.000000,64.000000,181.748607,0.000000,351.977716
25491,6640.441128,0.000000,64.000000,181.247214,0.000000,343.955432
25493,6640.441128,0.000000,64.000000,180.244429,0.000000,327.910864
25494,6640.441128,0.000000,64.000000,179.743036,0.000000,319.888579
25495,6640.441128,0.000000,64.000000,179.241643,0.000000,311.866295
25496,6640.441128,0.000000,64.000000,178.740251,0.000000,303.844011
25497,6640.441128,0.000000,64.000000,178.238858,0.000000,295.821727
25498,6640.441128,0.000000,64.000000,177.737465,0.000000,287.799443
25499,6640.441128,0.000000,64.000000,177.236072,0.000000,279.777159
25501,6640.441128,0.000000,64.000000,176.233287,0.000000,263.732591
25503,6640.441128,0.000000,64.000000,175.230501,0.000000,247.688022
25504,6640.441128,0.000000,64.000000,174.729109,0.000000,239.665738
25506,6640.441128,0.000000,64.000000,173.726323,0.000000,223.621170
25507,6640.441128,0.000000,64.000000,173.224930,0.000000,215.598886
25508,6640.441128,0.000000,64.000000,172.723538,0.000000,207.576602
25509,6640.441128,0.000000,64.000000,172.222145,0.000000,199.554318
25510,6640.441128,0.000000,64.000000,171.720752,0.000000,191.532033
25511,6640.441128,0.000000,64.000000,171.219359,0.000000,183.509749
25512,6640.441128,0.000000,64.000000,170.717967,0.000000,175.487465
25513,6640.441128,0.000000,64.000000,170.216574,0.000000,167.465181
25514,6640.441128,0.000000,64.000000,169.715181,0.000000,159.442897
25515,6640.441128,0.000000,64.000000,169.213788,0.000000,151.420613
25516,6640.441128,0.000000,64.000000,168.712396,0.000000,143.398329
25517,6640.441128,0.000000,64.000000,168.211003,0.000000,135.376045
25518,6640.441128,0.000000,64.000000,167.709610,0.000000,127.353760
25519,6640.441128,0.000000,64.000000,167.208217,0.000000,119.331476
25520,6640.441128,0.000000,64.000000,166.706825,0.000000,111.309192
25521,6640.441128,0.000000,64.000000,166.205432,0.000000,103.286908
25522,6640.441128,0.000000,64.000000,165.704039,0.000000,95.264624
25526,6640.441128,0.000000,64.000000,163.698468,0.000000,63.175487
25527,6640.441128,0.000000,64.000000,163.197075,0.000000,55.153203
25528,6640.441128,0.000000,64.000000,162.695682,0.000000,47.130919
25529,6640.441128,0.000000,64.000000,162.194290,0.000000,39.108635
25530,6640.441128,0.000000,64.000000,161.692897,0.000000,31.086351
25531,6640.441128,0.000000,64.000000,161.191504,0.000000,23.064067
25532,6640.441128,0.000000,64.000000,160.690111,0.000000,15.041783
25533,6640.441128,0.000000,64.000000,160.188719,0.000000,7.019499
25534,6640.441128,0.000000,64.000000,159.687326,0.000000,358.997214
25535,6640.441128,0.000000,64.000000,159.185933,0.000000,350.974930
25536,6640.441128,0.000000,64.000000,158.684540,0.000000,342.952646
25537,6640.441128,0.000000,64.000000,158.183148,0.000000,334.930362
25538,6640.441128,0.000000,64.000000,157.681755,0.000000,326.908078
25539,6640.441128,0.000000,64.000000,157.180362,0.000000,318.885794
25540,6640.441128,0.000000,64.000000,156.678969,0.000000,310.863510
25544,6640.441128,0.000000,64.000000,154.673398,0.000000,278.774373
25545,6640.441128,0.000000,64.000000,154.172006,0.000000,270.752089
25546,6640.441128,0.000000,64.000000,153.670613,0.000000,262.729805
25547,6640.441128,0.000000,64.000000,153.169220,0.000000,254.707521
25550,6640.441128,0.000000,64.000000,151.665042,0.000000,230.640669
25553,6640.441128,0.000000,64.000000,150.160864,0.000000,206.573816
25554,6640.441128,0.000000,64.000000,149.659471,0.000000,198.551532
25555,6640.441128,0.000000,64.000000,149.158078,0.000000,190.529248
25556,6640.441128,0.000000,64.000000,148.656685,0.000000,182.506964
25557,6640.441128,0.000000,64.000000,148.155292,0.000000,174.484680
25558,6640.441128,0.000000,64.000000,147.653900,0.000000,166.462396
25559,6640.441128,0.000000,64.000000,147.152507,0.000000,158.440111
25560,6640.441128,0.000000,64.000000,146.651114,0.000000,150.417827
25561,6640.441128,0.000000,64.000000,146.149721,0.000000,142.395543
25564,6640.441128,0.000000,64.000000,144.645543,0.000000,118.328691
25565,6640.441128,0.000000,64.000000,144.144150,0.000000,110.306407
25566,6640.441128,0.000000,64.000000,143.642758,0.000000,102.284123
25568,6640.441128,0.000000,64.000000,142.639972,0.000000,86.239554
25569,6640.441128,0.000000,64.000000,142.138579,0.000000,78.217270
25570,6640.441128,0.000000,64.000000,141.637187,0.000000,70.194986
25571,6640.441128,0.000000,64.000000,141.135794,0.000000,62.172702
25573,6640.441128,0.000000,64.000000,140.133008,0.000000,46.128134
25574,6640.441128,0.000000,64.000000,139.631616,0.000000,38.105850
25575,6640.441128,0.000000,64.000000,139.130223,0.000000,30.083565
25577,6640.441128,0.000000,64.000000,138.127437,0.000000,14.038997
25578,6640.441128,0.000000,64.000000,137.626045,0.000000,6.016713
25579,6640.441128,0.000000,64.000000,137.124652,0.000000,357.994429
25580,6640.441128,0.000000,64.000000,136.623259,0.000000,349.972145
25581,6640.441128,0.000000,64.000000,136.121866,0.000000,341.949861
25582,6640.441128,0.000000,64.000000,135.620474,0.000000,333.927577
25585,6640.441128,0.000000,64.000000,134.116295,0.000000,309.860724
25586,6640.441128,0.000000,64.000000,133.614903,0.000000,301.838440
25587,6640.441128,0.000000,64.000000,133.113510,0.000000,293.816156
25592,6640.441128,0.000000,64.000000,130.606546,0.000000,253.704735
25594,6640.441128,0.000000,64.000000,129.603760,0.000000,237.660167
25595,6640.441128,0.000000,64.000000,129.102368,0.000000,229.637883
25596,6640.441128,0.000000,64.000000,128.600975,0.000000,221.615599
25597,6640.441128,0.000000,64.000000,128.099582,0.000000,213.593315
25598,6640.441128,0.000000,64.000000,127.598189,0.000000,205.571031
25599,6640.441128,0.000000,64.000000,127.096797,0.000000,197.548747
25600,6640.441128,0.000000,64.000000,126.595404,0.000000,189.526462
25602,6640.441128,0.000000,64.000000,125.592618,0.000000,173.481894
25603,6640.441128,0.000000,64.000000,125.091226,0.000000,165.459610
25606,6640.441128,0.000000,64.000000,123.587047,0.000000,141.392758
25607,6640.441128,0.000000,64.000000,123.085655,0.000000,133.370474
25608,6640.441128,0.000000,64.000000,122.584262,0.000000,125.348189
25609,6640.441128,0.000000,64.000000,122.082869,0.000000,117.325905
25610,6640.441128,0.000000,64.000000,121.581476,0.000000,109.303621
25611,6640.441128,0.000000,64.000000,121.080084,0.000000,101.281337
25612,6640.441128,0.000000,64.000000,120.578691,0.000000,93.259053
25613,6640.441128,0.000000,64.000000,120.077298,0.000000,85.236769
25615,6640.441128,0.000000,64.000000,119.074513,0.000000,69.192201
25616,6640.441128,0.000000,64.000000,118.573120,0.000000,61.169916
25617,6640.441128,0.000000,64.000000,118.071727,0.000000,53.147632
25620,6640.441128,0.000000,64.000000,116.567549,0.000000,29.080780
25621,6640.441128,0.000000,64.000000,116.066156,0.000000,21.058496
25622,6640.441128,0.000000,64.000000,115.564763,0.000000,13.036212
25624,6640.441128,0.000000,64.000000,114.561978,0.000000,356.991643
25625,6640.441128,0.000000,64.000000,114.060585,0.000000,348.969359
25626,6640.441128,0.000000,64.000000,113.559192,0.000000,340.947075
25627,6640.441128,0.000000,64.000000,113.057799,0.000000,332.924791
25628,6640.441128,0.000000,64.000000,112.556407,0.000000,324.902507
25630,6640.441128,0.000000,64.000000,111.553621,0.000000,308.857939
25632,6640.441128,0.000000,64.000000,110.550836,0.000000,292.813370
25633,6640.441128,0.000000,64.000000,110.049443,0.000000,284.791086
25634,6640.441128,0.000000,64.000000,109.548050,0.000000,276.768802
25635,6640.441128,0.000000,64.000000,109.046657,0.000000,268.746518
25637,6640.441128,0.000000,64.000000,108.043872,0.000000,252.701950
25638,6640.441128,0.000000,64.000000,107.542479,0.000000,244.679666
25640,6640.441128,0.000000,64.000000,106.539694,0.000000,228.635097
25641,6640.441128,0.000000,64.000000,106.038301,0.000000,220.612813
25642,6640.441128,0.000000,64.000000,105.536908,0.000000,212.590529
25643,6640.441128,0.000000,64.000000,105.035515,0.000000,204.568245
25644,6640.441128,0.000000,64.000000,104.534123,0.000000,196.545961
25645,6640.441128,0.000000,64.000000,104.032730,0.000000,188.523677
25646,6640.441128,0.000000,64.000000,103.531337,0.000000,180.501393
25648,6640.441128,0.000000,64.000000,102.528552,0.000000,164.456825
25649,6640.441128,0.000000,64.000000,102.027159,0.000000,156.434540
25650,6640.441128,0.000000,64.000000,101.525766,0.000000,148.412256
25651,6640.441128,0.000000,64.000000,101.024373,0.000000,140.389972
25652,6640.441128,0.000000,64.000000,100.522981,0.000000,132.367688
25653,6640.441128,0.000000,64.000000,100.021588,0.000000,124.345404
25654,6640.441128,0.000000,64.000000,99.520195,0.000000,116.323120
25655,6640.441128,0.000000,64.000000,99.018802,0.000000,108.300836
25656,6640.441128,0.000000,64.000000,98.517409,0.000000,100.278552
25657,6640.441128,0.000000,64.000000,98.016017,0.000000,92.256267
25658,6640.441128,0.000000,64.000000,97.514624,0.000000,84.233983
25659,6640.441128,0.000000,64.000000,97.013231,0.000000,76.211699
25660,6640.441128,0.000000,64.000000,96.511838,0.000000,68.189415
25661,6640.441128,0.000000,64.000000,96.010446,0.000000,60.167131
25662,6640.441128,0.000000,64.000000,95.509053,0.000000,52.144847
25663,6640.441128,0.000000,64.000000,95.007660,0.000000,44.122563
25665,6640.441128,0.000000,64.000000,94.004875,0.000000,28.077994
25666,6640.441128,0.000000,64.000000,93.503482,0.000000,20.055710
25667,6640.441128,0.000000,64.000000,93.002089,0.000000,12.033426
25668,6640.441128,0.000000,64.000000,92.500696,0.000000,4.011142
25669,6640.441128,0.000000,64.000000,91.999304,0.000000,355.988858
25671,6640.441128,0.000000,64.000000,90.996518,0.000000,339.944290
25672,6640.441128,0.000000,64.000000,90.495125,0.000000,331.922006
25673,6640.441128,0.000000,64.000000,89.993733,0.000000,323.899721
25674,6640.441128,0.000000,64.000000,89.492340,0.000000,315.877437
25675,6640.441128,0.000000,64.000000,88.990947,0.000000,307.855153
25677,6640.441128,0.000000,64.000000,87.988162,0.000000,291.810585
25678,6640.441128,0.000000,64.000000,87.486769,0.000000,283.788301
25679,6640.441128,0.000000,64.000000,86.985376,0.000000,275.766017
25680,6640.441128,0.000000,64.000000,86.483983,0.000000,267.743733
25681,6640.441128,0.000000,64.000000,85.982591,0.000000,259.721448
25683,6640.441128,0.000000,64.000000,84.979805,0.000000,243.676880
25684,6640.441128,0.000000,64.000000,84.478412,0.000000,235.654596
25685,6640.441128,0.000000,64.000000,83.977019,0.000000,227.632312
25692,6640.441128,0.000000,64.000000,80.467270,0.000000,171.476323
25693,6640.441128,0.000000,64.000000,79.965877,0.000000,163.454039
25694,6640.441128,0.000000,64.000000,79.464485,0.000000,155.431755
25695,6640.441128,0.000000,64.000000,78.963092,0.000000,147.409471
25696,6640.441128,0.000000,64.000000,78.461699,0.000000,139.387187
25698,6640.441128,0.000000,64.000000,77.458914,0.000000,123.342618
25699,6640.441128,0.000000,64.000000,76.957521,0.000000,115.320334
25700,6640.441128,0.000000,64.000000,76.456128,0.000000,107.298050
25701,6640.441128,0.000000,64.000000,75.954735,0.000000,99.275766
25702,6640.441128,0.000000,64.000000,75.453343,0.000000,91.253482
25703,6640.441128,0.000000,64.000000,74.951950,0.000000,83.231198
25704,6640.441128,0.000000,64.000000,74.450557,0.000000,75.208914
25705,6640.441128,0.000000,64.000000,73.949164,0.000000,67.186630
25706,6640.441128,0.000000,64.000000,73.447772,0.000000,59.164345
25707,6640.441128,0.000000,64.000000,72.946379,0.000000,51.142061
25708,6640.441128,0.000000,64.000000,72.444986,0.000000,43.119777
25709,6640.441128,0.000000,64.000000,71.943593,0.000000,35.097493
25712,6640.441128,0.000000,64.000000,70.439415,0.000000,11.030641
25714,6640.441128,0.000000,64.000000,69.436630,0.000000,354.986072
25715,6640.441128,0.000000,64.000000,68.935237,0.000000,346.963788
25716,6640.441128,0.000000,64.000000,68.433844,0.000000,338.941504
25717,6640.441128,0.000000,64.000000,67.932451,0.000000,330.919220
25718,6640.441128,0.000000,64.000000,67.431058,0.000000,322.896936
25719,6640.441128,0.000000,64.000000,66.929666,0.000000,314.874652
25720,6640.441128,0.000000,64.000000,66.428273,0.000000,306.852368
25721,6640.441128,0.000000,64.000000,65.926880,0.000000,298.830084
25722,6640.441128,0.000000,64.000000,65.425487,0.000000,290.807799
25726,6640.441128,0.000000,64.000000,63.419916,0.000000,258.718663
25728,6640.441128,0.000000,64.000000,62.417131,0.000000,242.674095
25729,6640.441128,0.000000,64.000000,61.915738,0.000000,234.651811
25730,6640.441128,0.000000,64.000000,61.414345,0.000000,226.629526
25732,6640.441128,0.000000,64.000000,60.411560,0.000000,210.584958
25733,6640.441128,0.000000,64.000000,59.910167,0.000000,202.562674
25734,6640.441128,0.000000,64.000000,59.408774,0.000000,194.540390
25735,6640.441128,0.000000,64.000000,58.907382,0.000000,186.518106
25736,6640.441128,0.000000,64.000000,58.405989,0.000000,178.495822
25738,6640.441128,0.000000,64.000000,57.403203,0.000000,162.451253
25739,6640.441128,0.000000,64.000000,56.901811,0.000000,154.428969
25741,6640.441128,0.000000,64.000000,55.899025,0.000000,138.384401
25742,6640.441128,0.000000,64.000000,55.397632,0.000000,130.362117
25745,6640.441128,0.000000,64.000000,53.893454,0.000000,106.295265
25746,6640.441128,0.000000,64.000000,53.392061,0.000000,98.272981
25749,6640.441128,0.000000,64.000000,51.887883,0.000000,74.206128
25753,6640.441128,0.000000,64.000000,49.882312,0.000000,42.116992
25754,6640.441128,0.000000,64.000000,49.380919,0.000000,34.094708
25755,6640.441128,0.000000,64.000000,48.879526,0.000000,26.072423
25756,6640.441128,0.000000,64.000000,48.378134,0.000000,18.050139
25757,6640.441128,0.000000,64.000000,47.876741,0.000000,10.027855
25758,6640.441128,0.000000,64.000000,47.375348,0.000000,2.005571
25759,6640.441128,0.000000,64.000000,46.873955,0.000000,353.983287
25760,6640.441128,0.000000,64.000000,46.372563,0.000000,345.961003
25761,6640.441128,0.000000,64.000000,45.871170,0.000000,337.938719
25762,6640.441128,0.000000,64.000000,45.369777,0.000000,329.916435
25763,6640.441128,0.000000,64.000000,44.868384,0.000000,321.894150
25764,6640.441128,0.000000,64.000000,44.366992,0.000000,313.871866
25765,6640.441128,0.000000,64.000000,43.865599,0.000000,305.849582
25767,6640.441128,0.000000,64.000000,42.862813,0.000000,289.805014
25768,6640.441128,0.000000,64.000000,42.361421,0.000000,281.782730
25769,6640.441128,0.000000,64.000000,41.860028,0.000000,273.760446
25771,6640.441128,0.000000,64.000000,40.857242,0.000000,257.715877
25772,6640.441128,0.000000,64.000000,40.355850,0.000000,249.693593
25774,6640.441128,0.000000,64.000000,39.353064,0.000000,233.649025
25775,6640.441128,0.000000,64.000000,38.851671,0.000000,225.626741
25776,6640.441128,0.000000,64.000000,38.350279,0.000000,217.604457
25777,6640.441128,0.000000,64.000000,37.848886,0.000000,209.582173
25778,6640.441128,0.000000,64.000000,37.347493,0.000000,201.559889
25779,6640.441128,0.000000,64.000000,36.846100,0.000000,193.537604
25780,6640.441128,0.000000,64.000000,36.344708,0.000000,185.515320
25781,6640.441128,0.000000,64.000000,35.843315,0.000000,177.493036
25782,6640.441128,0.000000,64.000000,35.341922,0.000000,169.470752
25783,6640.441128,0.000000,64.000000,34.840529,0.000000,161.448468
25784,6640.441128,0.000000,64.000000,34.339136,0.000000,153.426184
25787,6640.441128,0.000000,64.000000,32.834958,0.000000,129.359331
25788,6640.441128,0.000000,64.000000,32.333565,0.000000,121.337047
25789,6640.441128,0.000000,64.000000,31.832173,0.000000,113.314763
25791,6640.441128,0.000000,64.000000,30.829387,0.000000,97.270195
25792,6640.441128,0.000000,64.000000,30.327994,0.000000,89.247911
25793,6640.441128,0.000000,64.000000,29.826602,0.000000,81.225627
25794,6640.441128,0.000000,64.000000,29.325209,0.000000,73.203343
25795,6640.441128,0.000000,64.000000,28.823816,0.000000,65.181058
25796,6640.441128,0.000000,64.000000,28.322423,0.000000,57.158774
25798,6640.441128,0.000000,64.000000,27.319638,0.000000,41.114206
25799,6640.441128,0.000000,64.000000,26.818245,0.000000,33.091922
25800,6640.441128,0.000000,64.000000,26.316852,0.000000,25.069638
25801,6640.441128,0.000000,64.000000,25.815460,0.000000,17.047354
25802,6640.441128,0.000000,64.000000,25.314067,0.000000,9.025070
25804,6640.441128,0.000000,64.000000,24.311281,0.000000,352.980501
25805,6640.441128,0.000000,64.000000,23.809889,0.000000,344.958217
25806,6640.441128,0.000000,64.000000,23.308496,0.000000,336.935933
25807,6640.441128,0.000000,64.000000,22.807103,0.000000,328.913649
25809,6640.441128,0.000000,64.000000,21.804318,0.000000,312.869081
25810,6640.441128,0.000000,64.000000,21.302925,0.000000,304.846797
25812,6640.441128,0.000000,64.000000,20.300139,0.000000,288.802228
25814,6640.441128,0.000000,64.000000,19.297354,0.000000,272.757660
25815,6640.441128,0.000000,64.000000,18.795961,0.000000,264.735376
25816,6640.441128,0.000000,64.000000,18.294568,0.000000,256.713092
25817,6640.441128,0.000000,64.000000,17.793175,0.000000,248.690808
25818,6640.441128,0.000000,64.000000,17.291783,0.000000,240.668524
25819,6640.441128,0.000000,64.000000,16.790390,0.000000,232.646240
25820,6640.441128,0.000000,64.000000,16.288997,0.000000,224.623955
25821,6640.441128,0.000000,64.000000,15.787604,0.000000,216.601671
25822,6640.441128,0.000000,64.000000,15.286212,0.000000,208.579387
25823,6640.441128,0.000000,64.000000,14.784819,0.000000,200.557103
25824,6640.441128,0.000000,64.000000,14.283426,0.000000,192.534819
25825,6640.441128,0.000000,64.000000,13.782033,0.000000,184.512535
25827,6640.441128,0.000000,64.000000,12.779248,0.000000,168.467967
25830,6640.441128,0.000000,64.000000,11.275070,0.000000,144.401114
25832,6640.441128,0.000000,64.000000,10.272284,0.000000,128.356546
25833,6640.441128,0.000000,64.000000,9.770891,0.000000,120.334262
25834,6640.441128,0.000000,64.000000,9.269499,0.000000,112.311978
25835,6640.441128,0.000000,64.000000,8.768106,0.000000,104.289694
25836,6640.441128,0.000000,64.000000,8.266713,0.000000,96.267409
25837,6640.441128,0.000000,64.000000,7.765320,0.000000,88.245125
25839,6640.441128,0.000000,64.000000,6.762535,0.000000,72.200557
25840,6640.441128,0.000000,64.000000,6.261142,0.000000,64.178273
25841,6640.441128,0.000000,64.000000,5.759749,0.000000,56.155989
25843,6640.441128,0.000000,64.000000,4.756964,0.000000,40.111421
25845,6640.441128,0.000000,64.000000,3.754178,0.000000,24.066852
25846,6640.441128,0.000000,64.000000,3.252786,0.000000,16.044568
25847,6640.441128,0.000000,64.000000,2.751393,0.000000,8.022284
26484,6640.441128,0.000000,65.000000,45.614206,0.000000,297.827298
26621,6640.441128,0.000000,66.000000,334.673398,0.000000,278.774373
26697,6640.441128,0.000000,66.000000,296.567549,0.000000,29.080780
26959,6640.441128,0.000000,66.000000,165.202646,0.000000,87.242340
27040,6640.441128,0.000000,66.000000,124.589833,0.000000,157.437326
28680,6640.441128,0.000000,67.000000,24.555710,0.000000,320.891365
28685,6640.441128,0.000000,67.000000,22.048747,0.000000,280.779944
33339,6640.441128,0.000000,75.000000,224.316852,0.000000,25.069638
33586,6640.441128,0.000000,75.000000,100.472841,0.000000,203.565460
