
Gurobi 13.0.2 (linux64) logging started Wed Jul  1 05:55:58 2026

Set parameter LogFile to value "/tmp/sweep_20260701_010247_iran_alt400km_s2_i2_v6_gurobi.log"
Set parameter Method to value 1
Set parameter NodefileStart to value 4
Set parameter RINS to value 50
Gurobi Optimizer version 13.0.2 build v13.0.2rc1 (linux64 - "Debian GNU/Linux 13 (trixie)")

CPU model: Intel(R) Xeon(R) Platinum 8375C CPU @ 2.90GHz, instruction set [SSE2|AVX|AVX2|AVX512]
Thread count: 16 physical cores, 32 logical processors, using up to 32 threads

Non-default parameters:
TimeLimit  18000
MIPGap  0.001
Method  1
LPWarmStart  1
Heuristics  0.2
MIPFocus  1
NodefileStart  4
RINS  50
Symmetry  2
Cuts  2
CoverCuts  2
LogToConsole  0

Academic license 2812613 - for non-commercial use only - registered to no___@gatech.edu
Optimize a model with 63184 rows, 14360 columns and 7465764 nonzeros (Min)
Model fingerprint: 0x2bf58aa9
Model has 14360 linear objective coefficients
Variable types: 0 continuous, 14360 integer (14360 binary)
Coefficient statistics:
  Matrix range     [1e+00, 1e+00]
  Objective range  [1e+00, 1e+00]
  Bounds range     [1e+00, 1e+00]
  RHS range        [1e+00, 1e+00]

Found heuristic solution: objective 458.0000000
Presolve removed 0 rows and 0 columns (presolve time = 5s)...
Presolve removed 0 rows and 0 columns (presolve time = 10s)...
Presolve removed 8616 rows and 0 columns (presolve time = 15s)...
Presolve removed 8616 rows and 0 columns (presolve time = 21s)...
Presolve removed 8616 rows and 0 columns (presolve time = 25s)...
Presolve removed 8616 rows and 0 columns (presolve time = 30s)...
Presolve removed 8616 rows and 0 columns (presolve time = 35s)...
Presolve removed 8616 rows and 0 columns (presolve time = 40s)...
Presolve removed 8616 rows and 0 columns (presolve time = 45s)...
Presolve removed 8616 rows and 0 columns (presolve time = 50s)...
Presolve removed 8616 rows and 0 columns (presolve time = 55s)...
Presolve removed 8616 rows and 0 columns (presolve time = 60s)...
Presolve removed 8616 rows and 0 columns (presolve time = 65s)...
Presolve removed 8616 rows and 0 columns (presolve time = 70s)...
Presolve removed 8616 rows and 0 columns (presolve time = 75s)...
Presolve removed 8616 rows and 0 columns
Presolve time: 79.52s
Presolved: 54568 rows, 14360 columns, 6414612 nonzeros
Variable types: 0 continuous, 14360 integer (14360 binary)

Root simplex log...

Iteration    Objective       Primal Inf.    Dual Inf.      Time
       0    0.0000000e+00   5.456800e+04   0.000000e+00     80s
Warning: Markowitz tolerance tightened to 0.125
    3051    1.0516439e+02   9.767583e+05   0.000000e+00     85s
    4547    1.1117350e+02   5.038807e+05   0.000000e+00     90s
    5907    1.1583192e+02   2.894600e+05   0.000000e+00     95s
    7119    1.1873154e+02   2.456930e+05   0.000000e+00    100s
    8328    1.2125692e+02   2.187290e+05   0.000000e+00    106s
    9462    1.2309775e+02   8.374012e+05   0.000000e+00    111s
   10356    1.2444868e+02   8.837034e+05   0.000000e+00    115s
   11276    1.2598145e+02   1.849191e+05   0.000000e+00    120s
   12156    1.2724728e+02   2.142673e+05   0.000000e+00    125s
   13036    1.2838085e+02   1.382509e+06   0.000000e+00    130s
   13896    1.2932260e+02   1.123594e+05   0.000000e+00    136s
   14616    1.3002635e+02   8.831931e+05   0.000000e+00    140s
   15456    1.3099780e+02   2.849824e+05   0.000000e+00    146s
   16176    1.3168102e+02   8.251480e+06   0.000000e+00    151s
   16886    1.3220973e+02   1.064807e+05   0.000000e+00    155s
   17586    1.3280991e+02   6.770795e+04   0.000000e+00    160s
   18256    1.3334568e+02   1.024443e+05   0.000000e+00    165s
   18936    1.3386031e+02   5.135636e+05   0.000000e+00    170s
   19626    1.3436345e+02   8.895707e+04   0.000000e+00    175s
   20286    1.3482725e+02   1.718986e+05   0.000000e+00    181s
   20836    1.3525141e+02   9.943591e+04   0.000000e+00    185s
   21496    1.3578176e+02   1.383546e+05   0.000000e+00    190s
   22046    1.3620962e+02   6.589390e+04   0.000000e+00    195s
   22706    1.3662026e+02   1.419413e+06   0.000000e+00    201s
   23256    1.3691748e+02   9.686625e+04   0.000000e+00    205s
   23896    1.3737871e+02   1.382732e+05   0.000000e+00    211s
   24456    1.3769031e+02   9.497703e+04   0.000000e+00    216s
   25006    1.3803493e+02   9.120715e+04   0.000000e+00    221s
   25556    1.3838207e+02   2.408375e+05   0.000000e+00    226s
   26096    1.3869228e+02   1.614188e+06   0.000000e+00    231s
   26646    1.3895041e+02   2.343553e+05   0.000000e+00    236s
   27176    1.3922085e+02   7.683410e+04   0.000000e+00    241s
   27716    1.3948995e+02   2.415519e+06   0.000000e+00    246s
   28166    1.3970479e+02   7.131760e+04   0.000000e+00    250s
   28716    1.3998582e+02   4.178995e+05   0.000000e+00    256s
   29256    1.4023006e+02   2.192711e+05   0.000000e+00    261s
   29696    1.4043412e+02   2.449502e+05   0.000000e+00    266s
   30226    1.4066511e+02   1.079702e+07   0.000000e+00    271s
   30656    1.4084098e+02   1.042369e+06   0.000000e+00    275s
   31186    1.4105783e+02   8.787699e+05   0.000000e+00    281s
   31606    1.4120935e+02   4.368499e+05   0.000000e+00    285s
   32026    1.4141420e+02   1.567857e+05   0.000000e+00    290s
   32556    1.4162221e+02   8.460791e+04   0.000000e+00    296s
   32966    1.4176407e+02   2.536848e+05   0.000000e+00    300s
   33466    1.4196192e+02   5.259881e+04   0.000000e+00    306s
   33906    1.4212613e+02   1.361035e+05   0.000000e+00    311s
   34366    1.4230482e+02   1.244545e+05   0.000000e+00    316s
   34816    1.4247071e+02   8.684542e+04   0.000000e+00    321s
   35276    1.4258871e+02   1.712696e+06   0.000000e+00    326s
   35726    1.4273083e+02   1.355025e+05   0.000000e+00    331s
   36126    1.4287185e+02   3.116834e+05   0.000000e+00    336s
   36616    1.4302595e+02   3.357094e+06   0.000000e+00    342s
   37026    1.4314228e+02   5.089061e+04   0.000000e+00    346s
   37416    1.4328596e+02   1.491967e+05   0.000000e+00    351s
   37776    1.4343934e+02   8.420053e+04   0.000000e+00    355s
   38316    1.4363627e+02   2.782972e+05   0.000000e+00    361s
   38766    1.4379438e+02   1.172669e+05   0.000000e+00    367s
   39116    1.4391962e+02   6.358429e+05   0.000000e+00    371s
   39656    1.4410956e+02   2.207917e+05   0.000000e+00    377s
   39976    1.4422040e+02   5.345380e+04   0.000000e+00    381s
   40386    1.4436318e+02   8.121117e+04   0.000000e+00    386s
   40826    1.4449978e+02   5.052126e+05   0.000000e+00    391s
   41216    1.4465835e+02   6.369306e+04   0.000000e+00    396s
   41686    1.4479670e+02   1.349844e+05   0.000000e+00    401s
   42146    1.4490940e+02   1.628503e+05   0.000000e+00    407s
   42536    1.4502496e+02   3.328996e+05   0.000000e+00    412s
   42836    1.4509887e+02   5.695149e+04   0.000000e+00    415s
   43246    1.4521631e+02   7.495810e+04   0.000000e+00    420s
   43736    1.4536796e+02   3.980182e+05   0.000000e+00    426s
   44066    1.4545689e+02   4.784260e+05   0.000000e+00    431s
   44576    1.4559900e+02   4.957306e+04   0.000000e+00    437s
   44916    1.4567394e+02   6.644267e+05   0.000000e+00    441s
   45246    1.4577978e+02   2.258190e+06   0.000000e+00    445s
   45756    1.4591499e+02   4.633522e+04   0.000000e+00    452s
   46096    1.4600162e+02   1.590731e+05   0.000000e+00    456s
   46436    1.4609803e+02   5.165536e+04   0.000000e+00    461s
   46936    1.4623116e+02   5.988418e+05   0.000000e+00    467s
   47276    1.4633055e+02   2.020873e+06   0.000000e+00    471s
   47606    1.4642100e+02   1.522537e+05   0.000000e+00    476s
   48086    1.4653797e+02   1.747254e+06   0.000000e+00    482s
   48416    1.4661927e+02   1.287560e+05   0.000000e+00    486s
   48736    1.4670485e+02   7.433556e+04   0.000000e+00    491s
   49226    1.4682801e+02   1.035118e+05   0.000000e+00    497s
   49536    1.4692653e+02   4.004996e+05   0.000000e+00    501s
   49856    1.4700660e+02   1.588945e+05   0.000000e+00    506s
   50336    1.4713001e+02   2.847378e+05   0.000000e+00    512s
   50666    1.4720864e+02   9.697079e+04   0.000000e+00    516s
   50996    1.4728210e+02   7.410385e+05   0.000000e+00    521s
   51336    1.4734681e+02   3.781951e+05   0.000000e+00    525s
   51826    1.4745200e+02   3.701403e+05   0.000000e+00    532s
   52156    1.4752510e+02   2.893705e+05   0.000000e+00    536s
   52486    1.4759913e+02   1.633932e+05   0.000000e+00    540s
   52976    1.4770507e+02   5.604778e+05   0.000000e+00    547s
   53296    1.4776766e+02   2.150008e+05   0.000000e+00    551s
   53616    1.4783144e+02   3.688714e+05   0.000000e+00    556s
   53946    1.4790795e+02   1.112541e+05   0.000000e+00    560s
   54456    1.4804609e+02   2.553798e+05   0.000000e+00    567s
   54776    1.4811385e+02   1.049585e+05   0.000000e+00    571s
   55096    1.4818819e+02   2.718334e+05   0.000000e+00    576s
   55586    1.4831286e+02   8.040256e+04   0.000000e+00    582s
   55916    1.4838463e+02   1.176414e+05   0.000000e+00    586s
   56236    1.4846521e+02   2.626230e+05   0.000000e+00    591s
   56556    1.4852290e+02   8.422233e+05   0.000000e+00    595s
   57046    1.4861454e+02   1.504062e+05   0.000000e+00    602s
   57366    1.4867328e+02   2.536632e+05   0.000000e+00    607s
   57696    1.4873952e+02   1.455406e+05   0.000000e+00    611s
   58026    1.4880020e+02   6.098417e+05   0.000000e+00    616s
   58346    1.4886704e+02   8.171075e+05   0.000000e+00    620s
   58856    1.4896386e+02   7.082352e+04   0.000000e+00    627s
   59166    1.4903133e+02   1.113000e+05   0.000000e+00    631s
   59476    1.4909647e+02   7.817895e+04   0.000000e+00    636s
   59796    1.4915375e+02   3.085243e+05   0.000000e+00    640s
   60116    1.4921326e+02   1.952971e+05   0.000000e+00    645s
   60586    1.4930108e+02   5.303204e+05   0.000000e+00    652s
   60906    1.4935968e+02   1.154220e+06   0.000000e+00    656s
   61236    1.4941585e+02   1.178604e+05   0.000000e+00    661s
   61556    1.4948406e+02   7.155986e+04   0.000000e+00    666s
   61876    1.4955616e+02   8.607324e+04   0.000000e+00    670s
   62356    1.4964623e+02   1.946853e+05   0.000000e+00    677s
   62676    1.4970615e+02   1.363769e+05   0.000000e+00    682s
   62996    1.4976838e+02   1.266763e+05   0.000000e+00    687s
   63316    1.4983041e+02   6.365636e+04   0.000000e+00    691s
   63636    1.4988243e+02   1.495097e+05   0.000000e+00    696s
   63956    1.4993921e+02   6.467680e+04   0.000000e+00    701s
   64266    1.4999974e+02   5.074476e+04   0.000000e+00    705s
   64566    1.5005006e+02   1.866722e+05   0.000000e+00    710s
   65026    1.5011560e+02   9.787906e+04   0.000000e+00    717s
   65336    1.5016724e+02   1.330124e+05   0.000000e+00    721s
   65646    1.5021879e+02   2.544603e+05   0.000000e+00    726s
   65966    1.5026584e+02   1.167262e+06   0.000000e+00    731s
   66276    1.5032028e+02   5.652400e+05   0.000000e+00    736s
   66586    1.5037303e+02   1.026436e+05   0.000000e+00    740s
   66896    1.5043637e+02   8.021940e+05   0.000000e+00    745s
   67366    1.5051249e+02   2.961362e+05   0.000000e+00    752s
   67676    1.5057027e+02   1.787939e+05   0.000000e+00    757s
   67986    1.5061935e+02   6.602232e+04   0.000000e+00    761s
   68286    1.5066901e+02   2.490853e+05   0.000000e+00    766s
   68596    1.5070982e+02   4.359355e+05   0.000000e+00    770s
   68906    1.5076221e+02   3.841818e+05   0.000000e+00    775s
   69386    1.5082722e+02   6.798383e+04   0.000000e+00    782s
   69676    1.5087727e+02   2.022831e+05   0.000000e+00    787s
   69986    1.5093289e+02   4.721403e+04   0.000000e+00    792s
   70286    1.5097841e+02   9.261729e+04   0.000000e+00    796s
   70596    1.5103189e+02   2.500446e+05   0.000000e+00    801s
   70906    1.5108763e+02   1.331048e+06   0.000000e+00    806s
   71216    1.5113134e+02   4.472150e+04   0.000000e+00    810s
   71516    1.5117908e+02   9.657129e+04   0.000000e+00    815s
   71966    1.5125281e+02   2.280026e+05   0.000000e+00    822s
   72266    1.5130275e+02   4.747009e+04   0.000000e+00    827s
   72576    1.5135229e+02   1.188842e+05   0.000000e+00    831s
   72886    1.5138742e+02   1.950793e+05   0.000000e+00    836s
   73186    1.5143248e+02   5.977517e+04   0.000000e+00    841s
   73496    1.5147593e+02   4.358362e+05   0.000000e+00    846s
   73806    1.5151244e+02   1.410463e+05   0.000000e+00    850s
   74126    1.5156141e+02   1.230570e+05   0.000000e+00    855s
   74446    1.5161897e+02   2.747922e+05   0.000000e+00    860s
   74916    1.5167480e+02   2.162112e+05   0.000000e+00    867s
   75226    1.5171407e+02   9.836074e+04   0.000000e+00    872s
   75536    1.5175412e+02   2.079530e+05   0.000000e+00    877s
   75836    1.5179711e+02   9.702442e+04   0.000000e+00    882s
   76146    1.5184314e+02   1.774925e+05   0.000000e+00    886s
   76446    1.5188470e+02   1.375845e+05   0.000000e+00    891s
   76746    1.5192399e+02   3.971182e+05   0.000000e+00    896s
   77056    1.5196583e+02   7.851157e+04   0.000000e+00    901s
   77366    1.5201729e+02   8.697119e+04   0.000000e+00    906s
   77666    1.5206889e+02   7.840017e+04   0.000000e+00    910s
   77966    1.5211280e+02   3.423897e+04   0.000000e+00    915s
   78416    1.5218292e+02   4.909261e+04   0.000000e+00    922s
   78716    1.5223057e+02   5.817778e+04   0.000000e+00    927s
   79016    1.5226962e+02   1.321508e+05   0.000000e+00    932s
   79326    1.5231774e+02   1.155267e+05   0.000000e+00    937s
   79636    1.5236093e+02   2.419853e+05   0.000000e+00    942s
   79946    1.5240497e+02   3.336258e+05   0.000000e+00    947s
   80276    1.5245083e+02   2.868285e+05   0.000000e+00    952s
   80596    1.5248970e+02   1.794249e+05   0.000000e+00    957s
   80906    1.5253287e+02   9.731837e+04   0.000000e+00    962s
   81216    1.5258112e+02   4.051162e+04   0.000000e+00    967s
   81516    1.5261574e+02   8.730109e+04   0.000000e+00    972s
   81816    1.5265021e+02   1.959733e+05   0.000000e+00    977s
   82106    1.5269477e+02   5.267482e+05   0.000000e+00    981s
   82396    1.5273782e+02   1.411774e+05   0.000000e+00    986s
   82696    1.5276808e+02   9.260559e+04   0.000000e+00    991s
   83016    1.5280085e+02   3.028400e+04   0.000000e+00    997s
   83326    1.5284425e+02   9.399146e+04   0.000000e+00   1002s
   83636    1.5287344e+02   4.469870e+05   0.000000e+00   1007s
   83936    1.5290747e+02   1.803698e+06   0.000000e+00   1012s
   84236    1.5294784e+02   4.416547e+04   0.000000e+00   1017s
   84546    1.5298446e+02   9.411960e+04   0.000000e+00   1021s
   84836    1.5302106e+02   1.919676e+05   0.000000e+00   1026s
   85136    1.5305554e+02   3.109449e+05   0.000000e+00   1031s
   85426    1.5309058e+02   8.378699e+04   0.000000e+00   1036s
   85756    1.5313321e+02   1.641220e+05   0.000000e+00   1042s
   86096    1.5317533e+02   1.092853e+05   0.000000e+00   1047s
   86406    1.5321750e+02   2.648881e+05   0.000000e+00   1052s
   86716    1.5324678e+02   3.537041e+06   0.000000e+00   1057s
   87016    1.5328267e+02   4.435632e+05   0.000000e+00   1062s
   87186    1.5329704e+02   1.313700e+05   0.000000e+00   1065s
   87526    1.5332757e+02   3.782037e+04   0.000000e+00   1071s
   87846    1.5336045e+02   8.192307e+04   0.000000e+00   1076s
   88146    1.5339843e+02   1.335996e+05   0.000000e+00   1081s
   88436    1.5343182e+02   5.770982e+04   0.000000e+00   1086s
   88736    1.5346893e+02   3.859562e+04   0.000000e+00   1091s
   89046    1.5350646e+02   7.824582e+04   0.000000e+00   1096s
   89356    1.5354954e+02   7.215355e+04   0.000000e+00   1101s
   89656    1.5357928e+02   1.474333e+05   0.000000e+00   1106s
   89956    1.5360688e+02   8.134259e+05   0.000000e+00   1110s
   90236    1.5364066e+02   9.000049e+04   0.000000e+00   1115s
   90526    1.5367289e+02   1.923535e+05   0.000000e+00   1120s
   90826    1.5370754e+02   3.311407e+05   0.000000e+00   1125s
   91116    1.5373856e+02   1.846507e+05   0.000000e+00   1130s
   91416    1.5377254e+02   1.040847e+05   0.000000e+00   1135s
   91706    1.5380151e+02   2.062191e+05   0.000000e+00   1140s
   91996    1.5383321e+02   1.326598e+06   0.000000e+00   1145s
   92316    1.5385989e+02   4.559429e+05   0.000000e+00   1150s
   92626    1.5388982e+02   2.532145e+05   0.000000e+00   1156s
   92916    1.5391817e+02   3.237462e+05   0.000000e+00   1161s
   93216    1.5394855e+02   4.404260e+04   0.000000e+00   1166s
   93516    1.5398352e+02   7.949198e+04   0.000000e+00   1171s
   93796    1.5401423e+02   4.843765e+04   0.000000e+00   1176s
   94096    1.5404513e+02   4.365981e+05   0.000000e+00   1181s
   94386    1.5407373e+02   1.937011e+05   0.000000e+00   1186s
   94666    1.5410130e+02   8.227257e+04   0.000000e+00   1191s
   95006    1.5413032e+02   1.850261e+05   0.000000e+00   1196s
   95316    1.5415871e+02   1.389665e+05   0.000000e+00   1201s
   95606    1.5418543e+02   1.770221e+05   0.000000e+00   1206s
   95906    1.5421665e+02   1.050021e+05   0.000000e+00   1211s
   96206    1.5424850e+02   2.877282e+05   0.000000e+00   1216s
   96496    1.5427675e+02   4.165230e+04   0.000000e+00   1221s
   96776    1.5430867e+02   1.904004e+05   0.000000e+00   1226s
   97076    1.5433697e+02   2.819415e+05   0.000000e+00   1231s
   97366    1.5436781e+02   8.355864e+04   0.000000e+00   1236s
   97656    1.5439970e+02   1.179177e+06   0.000000e+00   1242s
   97996    1.5443180e+02   6.158522e+04   0.000000e+00   1247s
   98306    1.5446322e+02   4.777846e+04   0.000000e+00   1252s
   98606    1.5449054e+02   7.996320e+05   0.000000e+00   1257s
   98906    1.5452347e+02   3.450877e+05   0.000000e+00   1262s
   99206    1.5454883e+02   9.237068e+04   0.000000e+00   1267s
   99496    1.5457638e+02   8.483916e+04   0.000000e+00   1272s
   99786    1.5460705e+02   1.410459e+05   0.000000e+00   1277s
  100106    1.5463903e+02   3.426385e+04   0.000000e+00   1283s
  100266    1.5465265e+02   4.718867e+04   0.000000e+00   1285s
  100576    1.5468188e+02   2.441334e+05   0.000000e+00   1290s
  100866    1.5471425e+02   7.785495e+04   0.000000e+00   1295s
  101146    1.5474453e+02   9.557445e+04   0.000000e+00   1300s
  101446    1.5477380e+02   1.551957e+05   0.000000e+00   1305s
  101736    1.5481629e+02   1.740984e+05   0.000000e+00   1310s
  102056    1.5484798e+02   3.910637e+04   0.000000e+00   1316s
  102346    1.5487109e+02   1.067302e+05   0.000000e+00   1321s
  102636    1.5490745e+02   9.845978e+04   0.000000e+00   1326s
  102946    1.5493442e+02   1.250541e+06   0.000000e+00   1331s
  103266    1.5497073e+02   6.836311e+04   0.000000e+00   1337s
  103446    1.5498984e+02   7.632670e+05   0.000000e+00   1340s
  103796    1.5502914e+02   3.403436e+04   0.000000e+00   1346s
  104116    1.5505990e+02   7.740652e+04   0.000000e+00   1352s
  104446    1.5508653e+02   1.105714e+05   0.000000e+00   1357s
  104606    1.5510060e+02   5.188429e+04   0.000000e+00   1360s
  104896    1.5512966e+02   6.459191e+05   0.000000e+00   1365s
  105226    1.5515324e+02   6.978229e+04   0.000000e+00   1371s
  105526    1.5517788e+02   7.158822e+04   0.000000e+00   1376s
  105826    1.5520574e+02   5.176808e+04   0.000000e+00   1381s
  106106    1.5523527e+02   5.709428e+04   0.000000e+00   1386s
  106456    1.5526919e+02   8.600219e+04   0.000000e+00   1392s
  106626    1.5528527e+02   7.079672e+05   0.000000e+00   1395s
  106936    1.5531068e+02   4.563196e+04   0.000000e+00   1401s
  107226    1.5534358e+02   9.816020e+04   0.000000e+00   1406s
  107526    1.5537341e+02   8.055005e+04   0.000000e+00   1411s
  107856    1.5540424e+02   2.450710e+04   0.000000e+00   1416s
  108146    1.5543198e+02   8.500173e+04   0.000000e+00   1422s
  108446    1.5545645e+02   9.342929e+04   0.000000e+00   1427s
  108766    1.5548822e+02   7.102729e+04   0.000000e+00   1432s
  109086    1.5552057e+02   6.480946e+04   0.000000e+00   1438s
  109266    1.5553867e+02   3.882900e+05   0.000000e+00   1441s
  109596    1.5556686e+02   1.338797e+05   0.000000e+00   1447s
  109916    1.5559885e+02   2.252411e+05   0.000000e+00   1452s
  110106    1.5561524e+02   4.017291e+05   0.000000e+00   1456s
  110436    1.5564372e+02   8.456231e+04   0.000000e+00   1461s
  110746    1.5567762e+02   2.484247e+05   0.000000e+00   1467s
  111046    1.5570811e+02   2.378254e+05   0.000000e+00   1472s
  111356    1.5573808e+02   2.668892e+05   0.000000e+00   1477s
  111656    1.5575900e+02   4.063353e+04   0.000000e+00   1483s
  111816    1.5576815e+02   7.125337e+05   0.000000e+00   1485s
  112176    1.5578982e+02   3.554370e+05   0.000000e+00   1491s
  112526    1.5581332e+02   1.011719e+05   0.000000e+00   1497s
  112686    1.5582650e+02   4.564860e+04   0.000000e+00   1500s
  112996    1.5584741e+02   1.321678e+05   0.000000e+00   1505s
  113286    1.5587214e+02   1.279400e+05   0.000000e+00   1511s
  113646    1.5590103e+02   1.145246e+05   0.000000e+00   1517s
  113966    1.5592487e+02   1.448869e+05   0.000000e+00   1522s
  114146    1.5593835e+02   4.888955e+04   0.000000e+00   1525s
  114486    1.5596867e+02   3.931052e+04   0.000000e+00   1531s
  114776    1.5599186e+02   3.561972e+05   0.000000e+00   1537s
  115096    1.5601340e+02   2.406284e+05   0.000000e+00   1542s
  115416    1.5603722e+02   7.162398e+04   0.000000e+00   1548s
  115566    1.5604813e+02   9.166353e+04   0.000000e+00   1551s
  115926    1.5607898e+02   2.848080e+04   0.000000e+00   1557s
  116096    1.5609074e+02   6.467736e+04   0.000000e+00   1560s
  116466    1.5612051e+02   1.190233e+05   0.000000e+00   1566s
  116826    1.5615332e+02   1.237748e+05   0.000000e+00   1573s
  117016    1.5617069e+02   3.551707e+04   0.000000e+00   1576s
  117336    1.5619539e+02   3.758020e+05   0.000000e+00   1582s
  117516    1.5620801e+02   8.631991e+05   0.000000e+00   1585s
  117886    1.5623477e+02   5.524400e+04   0.000000e+00   1592s
  118216    1.5626181e+02   5.658714e+04   0.000000e+00   1598s
  118386    1.5628034e+02   2.068395e+05   0.000000e+00   1601s
  118716    1.5630963e+02   4.423154e+05   0.000000e+00   1606s
  119076    1.5633545e+02   6.744432e+04   0.000000e+00   1613s
  119266    1.5635356e+02   2.855130e+05   0.000000e+00   1616s
  119646    1.5638068e+02   4.610111e+04   0.000000e+00   1623s
  119846    1.5639384e+02   1.737354e+05   0.000000e+00   1626s
  120246    1.5641922e+02   1.171047e+05   0.000000e+00   1633s
  120416    1.5642932e+02   4.724944e+04   0.000000e+00   1636s
  120716    1.5645612e+02   4.713974e+04   0.000000e+00   1641s
  121036    1.5648201e+02   2.319152e+05   0.000000e+00   1647s
  121406    1.5650392e+02   1.257216e+05   0.000000e+00   1653s
  121576    1.5651484e+02   1.032194e+05   0.000000e+00   1656s
  121926    1.5653944e+02   5.579721e+04   0.000000e+00   1662s
  122226    1.5656527e+02   1.757690e+06   0.000000e+00   1667s
  122366    1.5657673e+02   2.259493e+05   0.000000e+00   1670s
  122686    1.5661061e+02   1.772906e+06   0.000000e+00   1676s
  123046    1.5663005e+02   2.799074e+05   0.000000e+00   1682s
  123366    1.5665468e+02   1.616997e+05   0.000000e+00   1687s
  123546    1.5666698e+02   6.806271e+04   0.000000e+00   1690s
  123886    1.5668930e+02   2.627082e+04   0.000000e+00   1696s
  124196    1.5670890e+02   1.180114e+05   0.000000e+00   1702s
  124496    1.5673036e+02   8.460503e+04   0.000000e+00   1707s
  124656    1.5674391e+02   1.608627e+05   0.000000e+00   1710s
  124966    1.5676890e+02   4.951366e+05   0.000000e+00   1716s
  125316    1.5679412e+02   6.857983e+04   0.000000e+00   1722s
  125676    1.5683090e+02   3.520515e+04   0.000000e+00   1728s
  125846    1.5684713e+02   2.110771e+05   0.000000e+00   1731s
  126146    1.5686515e+02   8.214830e+05   0.000000e+00   1736s
  126476    1.5688708e+02   1.722559e+05   0.000000e+00   1742s
  126776    1.5690913e+02   4.852020e+04   0.000000e+00   1747s
  127106    1.5693340e+02   5.159897e+04   0.000000e+00   1753s
  127266    1.5694589e+02   6.031464e+05   0.000000e+00   1755s
  127556    1.5696283e+02   1.325264e+05   0.000000e+00   1761s
  127846    1.5698480e+02   3.573010e+04   0.000000e+00   1766s
  128166    1.5700616e+02   5.232430e+04   0.000000e+00   1771s
  128486    1.5702832e+02   6.032597e+04   0.000000e+00   1777s
  128806    1.5705236e+02   4.479811e+05   0.000000e+00   1782s
  128996    1.5706383e+02   6.703416e+05   0.000000e+00   1785s
  129336    1.5709028e+02   5.985641e+04   0.000000e+00   1791s
  129686    1.5711092e+02   6.089981e+04   0.000000e+00   1797s
  129876    1.5712484e+02   1.175564e+05   0.000000e+00   1801s
  130206    1.5715024e+02   1.408111e+05   0.000000e+00   1806s
  130556    1.5717413e+02   3.502120e+04   0.000000e+00   1812s
  130716    1.5718228e+02   1.232271e+05   0.000000e+00   1815s
  131026    1.5720108e+02   4.242948e+04   0.000000e+00   1821s
  131366    1.5722287e+02   1.797861e+05   0.000000e+00   1827s
  131706    1.5724416e+02   5.919612e+04   0.000000e+00   1833s
  131876    1.5725406e+02   5.474589e+04   0.000000e+00   1835s
  132196    1.5727103e+02   6.274402e+04   0.000000e+00   1841s
  132576    1.5729907e+02   2.748408e+05   0.000000e+00   1848s
  132746    1.5731184e+02   4.768829e+04   0.000000e+00   1851s
  133106    1.5733742e+02   4.453021e+04   0.000000e+00   1857s
  133446    1.5735403e+02   5.143169e+04   0.000000e+00   1863s
  133616    1.5736296e+02   1.628748e+05   0.000000e+00   1866s
  133956    1.5738300e+02   2.162049e+05   0.000000e+00   1872s
  134286    1.5740120e+02   3.151182e+05   0.000000e+00   1878s
  134466    1.5741510e+02   7.853912e+04   0.000000e+00   1881s
  134796    1.5743171e+02   7.060455e+04   0.000000e+00   1887s
  135116    1.5745407e+02   2.837844e+05   0.000000e+00   1892s
  135436    1.5747274e+02   2.540172e+05   0.000000e+00   1898s
  135576    1.5748366e+02   7.758964e+04   0.000000e+00   1900s
  135946    1.5751029e+02   1.204357e+05   0.000000e+00   1907s
  136306    1.5753320e+02   6.950267e+04   0.000000e+00   1913s
  136466    1.5754606e+02   2.510837e+04   0.000000e+00   1915s
  136796    1.5756657e+02   8.282172e+04   0.000000e+00   1921s
  137146    1.5759048e+02   6.399857e+04   0.000000e+00   1927s
  137446    1.5760820e+02   2.532956e+05   0.000000e+00   1933s
  137616    1.5761899e+02   3.613148e+04   0.000000e+00   1935s
  137946    1.5763673e+02   3.489557e+05   0.000000e+00   1941s
  138266    1.5765733e+02   3.715578e+05   0.000000e+00   1947s
  138576    1.5767443e+02   3.581329e+04   0.000000e+00   1952s
  138756    1.5768566e+02   1.363864e+05   0.000000e+00   1955s
  139076    1.5770467e+02   2.519629e+05   0.000000e+00   1961s
  139436    1.5772857e+02   5.692530e+04   0.000000e+00   1967s
  139606    1.5773814e+02   9.671040e+04   0.000000e+00   1970s
  139916    1.5775974e+02   9.773786e+04   0.000000e+00   1975s
  140226    1.5777761e+02   1.732945e+05   0.000000e+00   1981s
  140546    1.5779601e+02   4.725031e+04   0.000000e+00   1986s
  140836    1.5781794e+02   3.916271e+05   0.000000e+00   1991s
  141136    1.5783318e+02   4.005255e+05   0.000000e+00   1996s
  141426    1.5785003e+02   3.888432e+04   0.000000e+00   2001s
  141756    1.5787111e+02   7.756939e+04   0.000000e+00   2007s
  142046    1.5789113e+02   3.815758e+04   0.000000e+00   2012s
  142326    1.5791067e+02   4.969024e+04   0.000000e+00   2017s
  142616    1.5792700e+02   3.607326e+04   0.000000e+00   2022s
  142906    1.5794627e+02   6.352566e+04   0.000000e+00   2027s
  143076    1.5795664e+02   1.733790e+05   0.000000e+00   2030s
  143406    1.5797929e+02   7.934952e+04   0.000000e+00   2036s
  143776    1.5800278e+02   1.073763e+05   0.000000e+00   2042s
  143936    1.5801253e+02   8.927791e+04   0.000000e+00   2045s
  144256    1.5802749e+02   3.870517e+04   0.000000e+00   2051s
  144586    1.5804608e+02   6.434477e+04   0.000000e+00   2057s
  144896    1.5805993e+02   5.828361e+04   0.000000e+00   2062s
  145236    1.5807778e+02   7.407934e+04   0.000000e+00   2068s
  145416    1.5808636e+02   2.616563e+04   0.000000e+00   2071s
  145776    1.5810594e+02   6.580190e+04   0.000000e+00   2077s
  146096    1.5812607e+02   5.143080e+04   0.000000e+00   2082s
  146396    1.5814107e+02   3.074447e+05   0.000000e+00   2088s
  146546    1.5814782e+02   1.488458e+05   0.000000e+00   2090s
  146866    1.5816551e+02   1.536727e+05   0.000000e+00   2096s
  147166    1.5818076e+02   6.169545e+04   0.000000e+00   2101s
  147526    1.5819718e+02   8.790465e+05   0.000000e+00   2107s
  147726    1.5820998e+02   8.320812e+04   0.000000e+00   2110s
  148056    1.5823035e+02   3.776603e+04   0.000000e+00   2116s
  148346    1.5824743e+02   3.204952e+04   0.000000e+00   2121s
  148646    1.5826452e+02   1.560846e+05   0.000000e+00   2126s
  148926    1.5827723e+02   4.209583e+04   0.000000e+00   2131s
  149216    1.5829359e+02   2.256379e+05   0.000000e+00   2136s
  149536    1.5830757e+02   3.338150e+04   0.000000e+00   2142s
  149846    1.5832265e+02   6.556713e+04   0.000000e+00   2147s
  150006    1.5833100e+02   5.994348e+04   0.000000e+00   2150s
  150356    1.5835059e+02   3.507397e+05   0.000000e+00   2156s
  150666    1.5836544e+02   5.328948e+04   0.000000e+00   2162s
  150966    1.5837877e+02   3.077785e+05   0.000000e+00   2167s
  151336    1.5839327e+02   8.538725e+04   0.000000e+00   2173s
  151506    1.5840170e+02   6.361573e+04   0.000000e+00   2176s
  151866    1.5842317e+02   5.473336e+04   0.000000e+00   2182s
  152026    1.5843010e+02   4.136782e+04   0.000000e+00   2185s
  152346    1.5844579e+02   8.260212e+05   0.000000e+00   2191s
  152716    1.5846443e+02   1.407016e+04   0.000000e+00   2197s
  153016    1.5848156e+02   5.981422e+04   0.000000e+00   2202s
  153376    1.5849948e+02   8.192372e+04   0.000000e+00   2208s
  153566    1.5850655e+02   2.863509e+05   0.000000e+00   2211s
  153886    1.5852258e+02   6.368353e+04   0.000000e+00   2217s
  154186    1.5853572e+02   7.381468e+04   0.000000e+00   2222s
  154506    1.5855148e+02   2.144868e+04   0.000000e+00   2227s
  154806    1.5856757e+02   4.513225e+04   0.000000e+00   2232s
  155136    1.5858143e+02   1.206768e+05   0.000000e+00   2238s
  155326    1.5858976e+02   6.246550e+04   0.000000e+00   2241s
  155646    1.5860440e+02   7.344441e+04   0.000000e+00   2246s
  155986    1.5862191e+02   3.703722e+04   0.000000e+00   2252s
  156276    1.5863590e+02   1.389078e+05   0.000000e+00   2257s
  156426    1.5864238e+02   2.701558e+04   0.000000e+00   2260s
  156776    1.5865773e+02   6.681069e+04   0.000000e+00   2266s
  157136    1.5867705e+02   6.209132e+04   0.000000e+00   2272s
  157296    1.5868625e+02   5.209239e+04   0.000000e+00   2275s
  157606    1.5870226e+02   4.006076e+04   0.000000e+00   2280s
  157926    1.5872198e+02   2.555308e+05   0.000000e+00   2286s
  158236    1.5873828e+02   4.298482e+04   0.000000e+00   2291s
  158526    1.5875289e+02   5.083700e+04   0.000000e+00   2297s
  158806    1.5877033e+02   1.598398e+04   0.000000e+00   2302s
  159096    1.5878225e+02   4.638249e+04   0.000000e+00   2307s
  159416    1.5879987e+02   2.109648e+04   0.000000e+00   2312s
  159576    1.5881102e+02   3.601350e+04   0.000000e+00   2315s
  159946    1.5882929e+02   1.989221e+04   0.000000e+00   2321s
  160276    1.5884454e+02   3.275734e+05   0.000000e+00   2327s
  160606    1.5886042e+02   4.877850e+04   0.000000e+00   2332s
  160766    1.5887087e+02   1.121027e+05   0.000000e+00   2335s
  161076    1.5888599e+02   5.247713e+04   0.000000e+00   2340s
  161376    1.5889995e+02   2.123178e+05   0.000000e+00   2346s
  161686    1.5891487e+02   4.536300e+04   0.000000e+00   2351s
  162026    1.5892893e+02   8.893000e+04   0.000000e+00   2357s
  162216    1.5893960e+02   8.605761e+04   0.000000e+00   2360s
  162536    1.5895487e+02   1.451352e+05   0.000000e+00   2366s
  162846    1.5896594e+02   3.035386e+04   0.000000e+00   2371s
  163176    1.5898163e+02   3.535824e+04   0.000000e+00   2377s
  163486    1.5899342e+02   7.409932e+04   0.000000e+00   2383s
  163666    1.5899979e+02   3.640452e+04   0.000000e+00   2386s
  164016    1.5901700e+02   1.096896e+05   0.000000e+00   2392s
  164246    1.5902884e+02   6.482489e+07   0.000000e+00   2397s
  164466    1.5903957e+02   8.152845e+05   0.000000e+00   2402s
  164676    1.5904937e+02   2.089029e+06   0.000000e+00   2407s
  164946    1.5906104e+02   8.225657e+05   0.000000e+00   2413s
  165066    1.5906698e+02   1.805481e+05   0.000000e+00   2415s
  165286    1.5907743e+02   2.043369e+05   0.000000e+00   2420s
  165506    1.5909063e+02   1.277514e+05   0.000000e+00   2426s
  165706    1.5910348e+02   8.727816e+05   0.000000e+00   2430s
  165926    1.5911349e+02   1.459689e+07   0.000000e+00   2435s
  166176    1.5912860e+02   3.764635e+05   0.000000e+00   2441s
  166406    1.5913826e+02   6.333011e+05   0.000000e+00   2446s
  166656    1.5915061e+02   1.272641e+05   0.000000e+00   2452s
  166876    1.5916340e+02   1.050470e+06   0.000000e+00   2457s
  167096    1.5918007e+02   5.548014e+05   0.000000e+00   2462s
  167326    1.5919008e+02   6.650497e+05   0.000000e+00   2467s
  167556    1.5920443e+02   3.333707e+06   0.000000e+00   2472s
  167686    1.5921026e+02   1.910511e+06   0.000000e+00   2475s
  167926    1.5922239e+02   2.779960e+05   0.000000e+00   2481s
  168146    1.5923373e+02   2.661596e+05   0.000000e+00   2486s
  168366    1.5924303e+02   3.904143e+06   0.000000e+00   2491s
  168616    1.5925769e+02   1.055233e+06   0.000000e+00   2496s
  168836    1.5926968e+02   1.402496e+07   0.000000e+00   2501s
  169056    1.5928065e+02   1.178702e+07   0.000000e+00   2506s
  169266    1.5929344e+02   1.222495e+06   0.000000e+00   2511s
  169486    1.5930310e+02   1.213854e+06   0.000000e+00   2516s
  169706    1.5931386e+02   1.411733e+06   0.000000e+00   2521s
  169926    1.5932407e+02   7.638421e+04   0.000000e+00   2526s
  170136    1.5933930e+02   1.040085e+05   0.000000e+00   2530s
  170346    1.5935621e+02   3.431253e+05   0.000000e+00   2535s
  170566    1.5936735e+02   2.043239e+05   0.000000e+00   2540s
  170786    1.5937845e+02   1.125227e+05   0.000000e+00   2545s
  171086    1.5939731e+02   2.901402e+05   0.000000e+00   2552s
  171306    1.5940847e+02   6.117936e+05   0.000000e+00   2557s
  171516    1.5941978e+02   2.187799e+07   0.000000e+00   2561s
  171726    1.5943060e+02   1.638142e+06   0.000000e+00   2566s
  171936    1.5944292e+02   5.069396e+04   0.000000e+00   2571s
  172136    1.5945629e+02   7.491046e+06   0.000000e+00   2575s
  172346    1.5947091e+02   5.922720e+05   0.000000e+00   2580s
  172676    1.5948859e+02   8.844705e+04   0.000000e+00   2587s
  172896    1.5950172e+02   4.104368e+04   0.000000e+00   2592s
  173106    1.5951340e+02   3.015039e+05   0.000000e+00   2597s
  173326    1.5952490e+02   2.932071e+06   0.000000e+00   2602s
  173546    1.5953494e+02   2.267429e+05   0.000000e+00   2607s
  173756    1.5954683e+02   5.208614e+05   0.000000e+00   2611s
  173976    1.5955804e+02   2.362131e+05   0.000000e+00   2616s
  174186    1.5956774e+02   1.222688e+06   0.000000e+00   2621s
  174386    1.5957836e+02   1.375281e+05   0.000000e+00   2625s
  174596    1.5958700e+02   7.608789e+05   0.000000e+00   2630s
  174916    1.5960119e+02   5.099956e+05   0.000000e+00   2637s
  175136    1.5961136e+02   9.214028e+04   0.000000e+00   2642s
  175346    1.5962232e+02   2.445613e+06   0.000000e+00   2647s
  175546    1.5963221e+02   1.455778e+06   0.000000e+00   2651s
  175746    1.5964274e+02   3.636442e+05   0.000000e+00   2656s
  176046    1.5966044e+02   5.856656e+05   0.000000e+00   2662s
  176266    1.5966976e+02   9.431578e+04   0.000000e+00   2667s
  176476    1.5968097e+02   4.646119e+05   0.000000e+00   2672s
  176696    1.5969268e+02   5.858758e+06   0.000000e+00   2676s
  176906    1.5970026e+02   2.031909e+05   0.000000e+00   2681s
  177116    1.5971177e+02   2.077436e+05   0.000000e+00   2686s
  177326    1.5972287e+02   3.533098e+06   0.000000e+00   2690s
  177546    1.5973278e+02   2.425424e+06   0.000000e+00   2695s
  177876    1.5974659e+02   9.698662e+05   0.000000e+00   2702s
  178086    1.5975484e+02   1.433849e+06   0.000000e+00   2707s
  178296    1.5976639e+02   4.997254e+06   0.000000e+00   2711s
  178516    1.5977996e+02   1.997431e+06   0.000000e+00   2716s
  178736    1.5978903e+02   1.648517e+05   0.000000e+00   2721s
  178956    1.5979938e+02   6.284383e+05   0.000000e+00   2726s
  179176    1.5981187e+02   6.955145e+05   0.000000e+00   2730s
  179486    1.5982718e+02   1.527924e+05   0.000000e+00   2737s
  179696    1.5983851e+02   1.433904e+05   0.000000e+00   2742s
  179916    1.5984902e+02   3.955144e+05   0.000000e+00   2747s
  180136    1.5986086e+02   2.347406e+05   0.000000e+00   2751s
  180356    1.5987235e+02   6.618862e+05   0.000000e+00   2756s
  180576    1.5988205e+02   5.937761e+05   0.000000e+00   2760s
  180796    1.5989091e+02   8.578224e+05   0.000000e+00   2765s
  181136    1.5990393e+02   5.285530e+06   0.000000e+00   2772s
  181356    1.5991431e+02   2.486486e+07   0.000000e+00   2777s
  181566    1.5992297e+02   1.492505e+06   0.000000e+00   2781s
  181786    1.5993176e+02   7.830076e+05   0.000000e+00   2786s
  182006    1.5994244e+02   4.438238e+04   0.000000e+00   2791s
  182226    1.5995323e+02   4.382816e+05   0.000000e+00   2795s
  182556    1.5996738e+02   7.085556e+04   0.000000e+00   2802s
  182776    1.5997841e+02   4.988306e+06   0.000000e+00   2807s
  182996    1.5998457e+02   7.316188e+05   0.000000e+00   2812s
  183216    1.5999538e+02   1.614167e+06   0.000000e+00   2816s
  183436    1.6000344e+02   4.144400e+04   0.000000e+00   2821s
  183646    1.6001449e+02   3.345690e+05   0.000000e+00   2826s
  183966    1.6003300e+02   9.075360e+06   0.000000e+00   2832s
  184186    1.6004379e+02   9.080691e+05   0.000000e+00   2837s
  184416    1.6005232e+02   5.500563e+05   0.000000e+00   2842s
  184636    1.6006402e+02   4.214883e+04   0.000000e+00   2846s
  184856    1.6007556e+02   4.829805e+05   0.000000e+00   2851s
  185076    1.6008407e+02   5.317596e+06   0.000000e+00   2855s
  185386    1.6009654e+02   1.021056e+05   0.000000e+00   2862s
  185606    1.6010709e+02   2.102171e+05   0.000000e+00   2867s
  185826    1.6011665e+02   1.508686e+07   0.000000e+00   2871s
  186046    1.6012582e+02   9.149460e+04   0.000000e+00   2876s
  186266    1.6013641e+02   2.433931e+05   0.000000e+00   2880s
  186486    1.6014822e+02   5.357539e+04   0.000000e+00   2885s
  186806    1.6015974e+02   5.137436e+05   0.000000e+00   2892s
  187026    1.6016830e+02   2.896713e+05   0.000000e+00   2896s
  187236    1.6017947e+02   3.876136e+06   0.000000e+00   2901s
  187456    1.6018744e+02   6.002743e+04   0.000000e+00   2905s
  187676    1.6019697e+02   1.191790e+05   0.000000e+00   2910s
  188006    1.6021321e+02   2.825658e+05   0.000000e+00   2917s
  188226    1.6022128e+02   3.250341e+05   0.000000e+00   2922s
  188446    1.6023384e+02   5.369566e+04   0.000000e+00   2926s
  188666    1.6024197e+02   2.768603e+06   0.000000e+00   2931s
  188886    1.6025021e+02   9.760138e+05   0.000000e+00   2936s
  189196    1.6026239e+02   6.958549e+05   0.000000e+00   2942s
  189416    1.6027225e+02   3.151655e+06   0.000000e+00   2947s
  189626    1.6028175e+02   4.175740e+05   0.000000e+00   2951s
  189846    1.6029104e+02   6.828274e+04   0.000000e+00   2956s
  190056    1.6029991e+02   9.970831e+04   0.000000e+00   2960s
  190366    1.6031490e+02   1.101409e+05   0.000000e+00   2967s
  190586    1.6032558e+02   2.016457e+06   0.000000e+00   2972s
  190806    1.6033366e+02   8.792530e+04   0.000000e+00   2976s
  191016    1.6034069e+02   7.153336e+05   0.000000e+00   2981s
  191246    1.6034886e+02   1.554863e+05   0.000000e+00   2985s
  191566    1.6035883e+02   3.784896e+05   0.000000e+00   2992s
  191786    1.6036447e+02   3.815470e+05   0.000000e+00   2996s
  192006    1.6037207e+02   1.359193e+05   0.000000e+00   3001s
  192226    1.6037965e+02   1.032300e+06   0.000000e+00   3006s
  192546    1.6039046e+02   4.503583e+04   0.000000e+00   3012s
  192766    1.6040035e+02   9.905210e+04   0.000000e+00   3017s
  192986    1.6040834e+02   1.495658e+05   0.000000e+00   3021s
  193206    1.6041604e+02   7.280486e+05   0.000000e+00   3026s
  193426    1.6042290e+02   2.990515e+05   0.000000e+00   3030s
  193646    1.6043294e+02   8.327948e+05   0.000000e+00   3035s
  193976    1.6044620e+02   7.481782e+05   0.000000e+00   3042s
  194196    1.6045423e+02   1.077895e+06   0.000000e+00   3047s
  194406    1.6046338e+02   2.652954e+05   0.000000e+00   3051s
  194636    1.6047128e+02   1.398401e+05   0.000000e+00   3056s
  194866    1.6047850e+02   8.387043e+05   0.000000e+00   3060s
  195196    1.6048939e+02   6.374911e+05   0.000000e+00   3067s
  195416    1.6049630e+02   1.791074e+04   0.000000e+00   3072s
  195636    1.6050267e+02   2.016111e+04   0.000000e+00   3076s
  195856    1.6050928e+02   1.781454e+05   0.000000e+00   3081s
  196076    1.6051650e+02   2.443655e+06   0.000000e+00   3085s
  196406    1.6052764e+02   1.727494e+06   0.000000e+00   3092s
  196616    1.6053463e+02   4.370583e+05   0.000000e+00   3096s
  196836    1.6054376e+02   6.083332e+04   0.000000e+00   3101s
  197056    1.6055043e+02   3.230036e+05   0.000000e+00   3105s
  197376    1.6056191e+02   1.314521e+05   0.000000e+00   3112s
  197596    1.6057019e+02   2.787749e+04   0.000000e+00   3116s
  197816    1.6057685e+02   3.165881e+04   0.000000e+00   3121s
  198036    1.6058448e+02   6.876912e+05   0.000000e+00   3125s
  198376    1.6059594e+02   1.263257e+06   0.000000e+00   3132s
  198596    1.6060461e+02   1.228601e+05   0.000000e+00   3137s
  198816    1.6061439e+02   9.890752e+04   0.000000e+00   3141s
  199036    1.6062100e+02   2.744044e+05   0.000000e+00   3145s
  199366    1.6063073e+02   2.598627e+04   0.000000e+00   3152s
  199586    1.6064026e+02   8.295007e+04   0.000000e+00   3156s
  199806    1.6064699e+02   4.809242e+04   0.000000e+00   3161s
  200026    1.6065336e+02   3.071594e+04   0.000000e+00   3165s
  200356    1.6066513e+02   1.706775e+05   0.000000e+00   3172s
  200576    1.6067141e+02   8.899689e+05   0.000000e+00   3176s
  200796    1.6067871e+02   2.685324e+04   0.000000e+00   3180s
  201136    1.6068845e+02   6.039240e+04   0.000000e+00   3187s
  201356    1.6069311e+02   6.152757e+05   0.000000e+00   3191s
  201576    1.6069929e+02   3.866060e+04   0.000000e+00   3196s
  201796    1.6070531e+02   2.532410e+05   0.000000e+00   3200s
  202126    1.6071604e+02   2.826381e+05   0.000000e+00   3207s
  202346    1.6072301e+02   5.778390e+04   0.000000e+00   3211s
  202566    1.6072990e+02   2.701916e+04   0.000000e+00   3216s
  202776    1.6073724e+02   5.297884e+04   0.000000e+00   3220s
  203116    1.6074673e+02   4.338267e+04   0.000000e+00   3227s
  203336    1.6075366e+02   2.949170e+06   0.000000e+00   3231s
  203556    1.6076106e+02   1.971798e+05   0.000000e+00   3236s
  203776    1.6076687e+02   1.308636e+05   0.000000e+00   3240s
  204106    1.6077836e+02   3.372947e+04   0.000000e+00   3247s
  204326    1.6078463e+02   1.800919e+05   0.000000e+00   3251s
  204546    1.6079248e+02   3.950114e+05   0.000000e+00   3256s
  204876    1.6080549e+02   2.200524e+04   0.000000e+00   3262s
  205096    1.6081318e+02   5.722778e+04   0.000000e+00   3267s
  205316    1.6081902e+02   3.577997e+04   0.000000e+00   3271s
  205536    1.6082509e+02   3.249511e+05   0.000000e+00   3275s
  205866    1.6083534e+02   1.007487e+06   0.000000e+00   3282s
  206086    1.6084146e+02   4.050093e+05   0.000000e+00   3286s
  206306    1.6084682e+02   6.631142e+04   0.000000e+00   3291s
  206636    1.6085557e+02   3.850295e+05   0.000000e+00   3297s
  206866    1.6086057e+02   7.209268e+04   0.000000e+00   3301s
  207086    1.6086801e+02   1.818524e+05   0.000000e+00   3306s
  207316    1.6087678e+02   1.077162e+05   0.000000e+00   3310s
  207656    1.6088657e+02   6.384594e+04   0.000000e+00   3317s
  207876    1.6089349e+02   5.191840e+05   0.000000e+00   3322s
  208096    1.6089960e+02   5.378240e+05   0.000000e+00   3326s
  208326    1.6090727e+02   2.698607e+04   0.000000e+00   3330s
  208656    1.6091792e+02   2.090125e+04   0.000000e+00   3337s
  208876    1.6092412e+02   6.988139e+04   0.000000e+00   3341s
  209096    1.6092967e+02   9.810724e+05   0.000000e+00   3346s
  209316    1.6093522e+02   3.404094e+05   0.000000e+00   3350s
  209646    1.6094459e+02   6.965718e+04   0.000000e+00   3357s
  209876    1.6095153e+02   3.934224e+04   0.000000e+00   3361s
  210096    1.6095792e+02   8.079119e+04   0.000000e+00   3366s
  210426    1.6096739e+02   2.182315e+05   0.000000e+00   3372s
  210646    1.6097269e+02   4.971359e+05   0.000000e+00   3376s
  210866    1.6097768e+02   2.600900e+04   0.000000e+00   3381s
  211086    1.6098330e+02   8.362599e+04   0.000000e+00   3385s
  211416    1.6099203e+02   3.089816e+05   0.000000e+00   3392s
  211646    1.6099837e+02   7.883490e+05   0.000000e+00   3396s
  211866    1.6100462e+02   5.137295e+04   0.000000e+00   3401s
  212086    1.6101176e+02   3.301866e+05   0.000000e+00   3405s
  212416    1.6102221e+02   4.841963e+05   0.000000e+00   3412s
  212636    1.6102752e+02   2.330517e+05   0.000000e+00   3416s
  212856    1.6103282e+02   6.887568e+05   0.000000e+00   3420s
  213196    1.6104449e+02   2.695329e+05   0.000000e+00   3427s
  213416    1.6105022e+02   6.239713e+04   0.000000e+00   3431s
  213636    1.6105655e+02   2.919790e+05   0.000000e+00   3435s
  213966    1.6106552e+02   1.711638e+05   0.000000e+00   3442s
  214186    1.6107091e+02   2.573589e+05   0.000000e+00   3446s
  214406    1.6107688e+02   2.829546e+04   0.000000e+00   3450s
  214736    1.6108626e+02   4.710796e+05   0.000000e+00   3457s
  214956    1.6109243e+02   8.265316e+04   0.000000e+00   3461s
  215196    1.6109766e+02   1.212604e+05   0.000000e+00   3466s
  215536    1.6110393e+02   4.406245e+05   0.000000e+00   3472s
  215766    1.6110883e+02   1.406413e+05   0.000000e+00   3476s
  215986    1.6111507e+02   1.438609e+05   0.000000e+00   3481s
  216316    1.6112460e+02   3.717983e+05   0.000000e+00   3487s
  216556    1.6112974e+02   7.549994e+05   0.000000e+00   3491s
  216786    1.6113374e+02   2.201644e+05   0.000000e+00   3496s
  217026    1.6113863e+02   1.621029e+05   0.000000e+00   3500s
  217376    1.6114462e+02   3.212178e+05   0.000000e+00   3507s
  217616    1.6114919e+02   1.320358e+04   0.000000e+00   3511s
  217846    1.6115435e+02   9.941734e+04   0.000000e+00   3516s
  218076    1.6116205e+02   5.905877e+04   0.000000e+00   3520s
  218406    1.6117277e+02   2.758826e+04   0.000000e+00   3527s
  218636    1.6117900e+02   5.481559e+05   0.000000e+00   3531s
  218866    1.6118493e+02   1.735986e+05   0.000000e+00   3536s
  219206    1.6119406e+02   9.830277e+05   0.000000e+00   3542s
  219446    1.6119879e+02   8.227949e+03   0.000000e+00   3547s
  219666    1.6120501e+02   1.254913e+05   0.000000e+00   3551s
  219886    1.6121108e+02   3.149887e+05   0.000000e+00   3555s
  220226    1.6121931e+02   3.579509e+04   0.000000e+00   3562s
  220456    1.6122453e+02   4.709369e+04   0.000000e+00   3566s
  220686    1.6123041e+02   1.013314e+05   0.000000e+00   3570s
  221016    1.6123878e+02   5.043287e+04   0.000000e+00   3577s
  221236    1.6124342e+02   7.852714e+05   0.000000e+00   3581s
  221466    1.6124851e+02   4.299094e+05   0.000000e+00   3585s
  221816    1.6125578e+02   8.006713e+04   0.000000e+00   3592s
  222046    1.6126141e+02   5.790273e+04   0.000000e+00   3596s
  222266    1.6126622e+02   6.599871e+05   0.000000e+00   3601s
  222486    1.6127187e+02   1.988661e+05   0.000000e+00   3605s
  222826    1.6127954e+02   9.974576e+05   0.000000e+00   3612s
  223046    1.6128561e+02   1.941533e+04   0.000000e+00   3616s
  223266    1.6129120e+02   3.143064e+05   0.000000e+00   3620s
  223596    1.6129963e+02   7.980598e+04   0.000000e+00   3627s
  223826    1.6130441e+02   7.474330e+05   0.000000e+00   3631s
  224046    1.6130932e+02   1.920155e+05   0.000000e+00   3635s
  224396    1.6131764e+02   2.627952e+05   0.000000e+00   3642s
  224626    1.6132280e+02   3.460027e+05   0.000000e+00   3646s
  224866    1.6132667e+02   3.204585e+06   0.000000e+00   3651s
  225096    1.6133203e+02   1.531595e+05   0.000000e+00   3655s
  225436    1.6133963e+02   5.246232e+05   0.000000e+00   3662s
  225656    1.6134449e+02   4.248693e+05   0.000000e+00   3666s
  225896    1.6134945e+02   7.324407e+05   0.000000e+00   3670s
  226236    1.6135775e+02   7.111807e+03   0.000000e+00   3677s
  226476    1.6136276e+02   7.664828e+04   0.000000e+00   3682s
  226696    1.6136778e+02   1.030361e+05   0.000000e+00   3686s
  226926    1.6137298e+02   2.983364e+04   0.000000e+00   3690s
  227256    1.6138027e+02   2.912793e+04   0.000000e+00   3697s
  227476    1.6138525e+02   4.276100e+04   0.000000e+00   3701s
  227696    1.6138922e+02   5.474076e+05   0.000000e+00   3705s
  228036    1.6139674e+02   6.909247e+05   0.000000e+00   3712s
  228256    1.6140220e+02   2.602155e+04   0.000000e+00   3716s
  228476    1.6140792e+02   1.464988e+07   0.000000e+00   3720s
  228816    1.6141479e+02   4.784499e+04   0.000000e+00   3727s
  229036    1.6142081e+02   8.613707e+05   0.000000e+00   3731s
  229256    1.6142681e+02   8.893292e+04   0.000000e+00   3735s
  229586    1.6143496e+02   7.730865e+04   0.000000e+00   3742s
  229816    1.6144003e+02   3.517384e+04   0.000000e+00   3746s
  230036    1.6144684e+02   1.343439e+05   0.000000e+00   3751s
  230366    1.6145641e+02   1.261203e+05   0.000000e+00   3757s
  230586    1.6146173e+02   1.741656e+06   0.000000e+00   3761s
  230806    1.6146775e+02   8.838766e+05   0.000000e+00   3766s
  231036    1.6147211e+02   2.285311e+05   0.000000e+00   3770s
  231366    1.6147934e+02   5.361684e+04   0.000000e+00   3776s
  231586    1.6148368e+02   4.067489e+04   0.000000e+00   3781s
  231826    1.6148879e+02   5.469809e+05   0.000000e+00   3785s
  232176    1.6149623e+02   8.856089e+04   0.000000e+00   3792s
  232406    1.6150101e+02   3.792891e+04   0.000000e+00   3796s
  232636    1.6150568e+02   2.172370e+06   0.000000e+00   3800s
  232966    1.6151222e+02   1.021912e+05   0.000000e+00   3807s
  233186    1.6151771e+02   1.130989e+04   0.000000e+00   3811s
  233416    1.6152321e+02   5.866552e+04   0.000000e+00   3816s
  233636    1.6152832e+02   1.298761e+06   0.000000e+00   3820s
  233976    1.6153669e+02   1.029059e+05   0.000000e+00   3827s
  234196    1.6154184e+02   1.817238e+04   0.000000e+00   3831s
  234416    1.6154620e+02   6.612079e+04   0.000000e+00   3835s
  234746    1.6155253e+02   2.740047e+05   0.000000e+00   3842s
  234966    1.6155681e+02   9.516537e+04   0.000000e+00   3846s
  235186    1.6156125e+02   6.470882e+04   0.000000e+00   3851s
  235406    1.6156684e+02   1.012548e+05   0.000000e+00   3855s
  235746    1.6157356e+02   1.179719e+06   0.000000e+00   3862s
  235976    1.6157849e+02   6.102239e+04   0.000000e+00   3866s
  236206    1.6158305e+02   1.931773e+06   0.000000e+00   3871s
  236436    1.6158697e+02   1.840330e+04   0.000000e+00   3875s
  236776    1.6159443e+02   1.901945e+04   0.000000e+00   3882s
  236996    1.6159925e+02   7.082945e+04   0.000000e+00   3886s
  237216    1.6160436e+02   4.296307e+04   0.000000e+00   3891s
  237446    1.6161049e+02   5.878358e+05   0.000000e+00   3895s
  237776    1.6161791e+02   1.730257e+04   0.000000e+00   3901s
  237996    1.6162393e+02   6.800265e+04   0.000000e+00   3906s
  238226    1.6162884e+02   1.179670e+06   0.000000e+00   3910s
  238546    1.6163612e+02   2.101162e+05   0.000000e+00   3917s
  238766    1.6164067e+02   2.638774e+05   0.000000e+00   3921s
  238986    1.6164616e+02   1.886957e+05   0.000000e+00   3926s
  239206    1.6165116e+02   1.276041e+05   0.000000e+00   3930s
  239536    1.6165872e+02   4.624640e+04   0.000000e+00   3937s
  239756    1.6166445e+02   6.504153e+05   0.000000e+00   3941s
  239976    1.6166818e+02   3.105695e+05   0.000000e+00   3946s
  240306    1.6167439e+02   2.320978e+04   0.000000e+00   3952s
  240526    1.6167978e+02   5.911259e+04   0.000000e+00   3956s
  240746    1.6168382e+02   2.744145e+05   0.000000e+00   3961s
  241076    1.6169049e+02   1.236382e+05   0.000000e+00   3967s
  241306    1.6169529e+02   2.088564e+04   0.000000e+00   3971s
  241536    1.6169964e+02   7.328950e+04   0.000000e+00   3976s
  241756    1.6170447e+02   5.355940e+04   0.000000e+00   3980s
  242086    1.6171069e+02   1.568221e+05   0.000000e+00   3987s
  242316    1.6171493e+02   6.805023e+05   0.000000e+00   3991s
  242546    1.6171983e+02   8.727418e+05   0.000000e+00   3996s
  242786    1.6172452e+02   1.707766e+04   0.000000e+00   4000s
  243106    1.6173184e+02   1.096650e+05   0.000000e+00   4007s
  243326    1.6173679e+02   7.445597e+04   0.000000e+00   4011s
  243546    1.6174115e+02   6.225381e+05   0.000000e+00   4016s
  243876    1.6174709e+02   1.124802e+05   0.000000e+00   4022s
  244106    1.6175008e+02   8.058048e+04   0.000000e+00   4027s
  244346    1.6175366e+02   1.802692e+04   0.000000e+00   4031s
  244566    1.6175785e+02   1.968682e+04   0.000000e+00   4036s
  244786    1.6176190e+02   1.068621e+05   0.000000e+00   4040s
  245116    1.6176779e+02   7.326552e+04   0.000000e+00   4047s
  245346    1.6177205e+02   2.087707e+04   0.000000e+00   4051s
  245566    1.6177592e+02   6.965952e+05   0.000000e+00   4056s
  245796    1.6178019e+02   1.593888e+04   0.000000e+00   4060s
  246126    1.6178673e+02   9.134784e+04   0.000000e+00   4067s
  246346    1.6179112e+02   1.092466e+05   0.000000e+00   4071s
  246566    1.6179486e+02   4.158070e+04   0.000000e+00   4076s
  246786    1.6179959e+02   1.223849e+06   0.000000e+00   4080s
  247116    1.6180702e+02   1.956589e+05   0.000000e+00   4087s
  247336    1.6181050e+02   1.702789e+05   0.000000e+00   4091s
  247566    1.6181426e+02   1.480102e+05   0.000000e+00   4096s
  247786    1.6181797e+02   8.032504e+04   0.000000e+00   4100s
  248116    1.6182318e+02   4.573495e+04   0.000000e+00   4107s
  248336    1.6182678e+02   7.039384e+04   0.000000e+00   4111s
  248556    1.6183065e+02   5.041576e+04   0.000000e+00   4116s
  248776    1.6183409e+02   1.129667e+04   0.000000e+00   4120s
  249106    1.6184062e+02   1.308580e+05   0.000000e+00   4127s
  249326    1.6184365e+02   3.107278e+05   0.000000e+00   4131s
  249546    1.6184705e+02   9.036502e+05   0.000000e+00   4136s
  249766    1.6185159e+02   3.722805e+05   0.000000e+00   4140s
  250096    1.6185810e+02   4.887707e+04   0.000000e+00   4147s
  250316    1.6186119e+02   6.074464e+04   0.000000e+00   4151s
  250546    1.6186530e+02   5.030018e+04   0.000000e+00   4156s
  250766    1.6186887e+02   1.422131e+06   0.000000e+00   4160s
  251096    1.6187474e+02   2.710641e+05   0.000000e+00   4167s
  251316    1.6187912e+02   3.255843e+04   0.000000e+00   4172s
  251536    1.6188295e+02   1.915718e+05   0.000000e+00   4176s
  251756    1.6188678e+02   1.755375e+06   0.000000e+00   4180s
  251976    1.6189041e+02   1.179614e+04   0.000000e+00   4185s
  252306    1.6189519e+02   2.397895e+04   0.000000e+00   4192s
  252526    1.6189921e+02   6.952779e+04   0.000000e+00   4196s
  252736    1.6190302e+02   6.733666e+05   0.000000e+00   4201s
  253066    1.6190884e+02   3.065254e+05   0.000000e+00   4207s
  253286    1.6191273e+02   1.888181e+05   0.000000e+00   4212s
  253506    1.6191604e+02   6.667361e+04   0.000000e+00   4216s
  253726    1.6191928e+02   3.155332e+05   0.000000e+00   4221s
  253946    1.6192356e+02   1.926959e+06   0.000000e+00   4225s
  254276    1.6192844e+02   5.338912e+04   0.000000e+00   4232s
  254496    1.6193196e+02   1.349204e+05   0.000000e+00   4236s
  254716    1.6193614e+02   2.752406e+04   0.000000e+00   4241s
  254936    1.6193913e+02   4.122466e+06   0.000000e+00   4245s
  255266    1.6194435e+02   3.020252e+04   0.000000e+00   4252s
  255486    1.6194894e+02   4.153933e+05   0.000000e+00   4257s
  255706    1.6195253e+02   3.363591e+04   0.000000e+00   4261s
  255926    1.6195690e+02   1.242971e+06   0.000000e+00   4266s
  256146    1.6196106e+02   1.021351e+06   0.000000e+00   4270s
  256466    1.6196750e+02   2.281404e+04   0.000000e+00   4277s
  256686    1.6197113e+02   5.795521e+04   0.000000e+00   4281s
  256906    1.6197485e+02   6.149347e+05   0.000000e+00   4286s
  257126    1.6197867e+02   1.451494e+05   0.000000e+00   4290s
  257456    1.6198407e+02   2.906024e+04   0.000000e+00   4297s
  257676    1.6198886e+02   3.457903e+04   0.000000e+00   4302s
  257896    1.6199195e+02   7.819620e+04   0.000000e+00   4306s
  258106    1.6199589e+02   2.077431e+05   0.000000e+00   4311s
  258326    1.6199933e+02   7.375318e+04   0.000000e+00   4315s
  258656    1.6200371e+02   1.233208e+04   0.000000e+00   4322s
  258876    1.6200679e+02   3.590200e+04   0.000000e+00   4326s
  259096    1.6201071e+02   3.357151e+04   0.000000e+00   4331s
  259306    1.6201404e+02   2.157794e+05   0.000000e+00   4335s
  259606    1.6201988e+02   7.311118e+04   0.000000e+00   4342s
  259816    1.6202393e+02   5.443407e+04   0.000000e+00   4347s
  260026    1.6202789e+02   7.390285e+05   0.000000e+00   4351s
  260236    1.6203142e+02   1.842718e+06   0.000000e+00   4356s
  260446    1.6203474e+02   2.845439e+05   0.000000e+00   4360s
  260756    1.6204015e+02   7.995637e+04   0.000000e+00   4367s
  260976    1.6204343e+02   2.878707e+04   0.000000e+00   4371s
  261196    1.6204736e+02   3.259859e+04   0.000000e+00   4376s
  261406    1.6205076e+02   1.496264e+04   0.000000e+00   4381s
  261716    1.6205655e+02   2.586849e+04   0.000000e+00   4387s
  261936    1.6206048e+02   6.539875e+05   0.000000e+00   4392s
  262146    1.6206411e+02   3.520303e+04   0.000000e+00   4397s
  262356    1.6206732e+02   5.344566e+05   0.000000e+00   4401s
  262566    1.6207012e+02   6.524428e+04   0.000000e+00   4406s
  262786    1.6207288e+02   3.479341e+04   0.000000e+00   4410s
  263106    1.6207834e+02   1.324643e+05   0.000000e+00   4417s
  263326    1.6208154e+02   2.303143e+05   0.000000e+00   4422s
  263546    1.6208622e+02   2.492912e+05   0.000000e+00   4426s
  263766    1.6209048e+02   3.581208e+04   0.000000e+00   4431s
  263976    1.6209425e+02   1.094189e+06   0.000000e+00   4436s
  264186    1.6209784e+02   2.128782e+05   0.000000e+00   4440s
  264516    1.6210301e+02   1.166991e+05   0.000000e+00   4447s
  264736    1.6210647e+02   1.377477e+04   0.000000e+00   4452s
  264956    1.6210994e+02   1.794978e+06   0.000000e+00   4457s
  265166    1.6211269e+02   2.444859e+04   0.000000e+00   4461s
  265386    1.6211570e+02   3.853882e+05   0.000000e+00   4466s
  265606    1.6211889e+02   3.379305e+04   0.000000e+00   4471s
  265826    1.6212262e+02   1.165807e+05   0.000000e+00   4475s
  266156    1.6212768e+02   1.073959e+04   0.000000e+00   4482s
  266376    1.6213073e+02   2.844970e+04   0.000000e+00   4487s
  266606    1.6213457e+02   3.090973e+04   0.000000e+00   4492s
  266826    1.6213847e+02   7.876121e+04   0.000000e+00   4496s
  267046    1.6214130e+02   2.114967e+05   0.000000e+00   4501s
  267266    1.6214507e+02   8.361056e+04   0.000000e+00   4506s
  267486    1.6214841e+02   1.565529e+05   0.000000e+00   4510s
  267806    1.6215322e+02   7.304244e+04   0.000000e+00   4517s
  268006    1.6215652e+02   1.728530e+05   0.000000e+00   4522s
  268216    1.6216024e+02   1.686472e+05   0.000000e+00   4526s
  268436    1.6216312e+02   1.365949e+05   0.000000e+00   4531s
  268636    1.6216555e+02   1.356526e+06   0.000000e+00   4535s
  268966    1.6216955e+02   8.642709e+04   0.000000e+00   4542s
  269186    1.6217253e+02   1.957086e+05   0.000000e+00   4547s
  269406    1.6217572e+02   1.348787e+05   0.000000e+00   4552s
  269626    1.6217878e+02   2.111252e+04   0.000000e+00   4556s
  269836    1.6218160e+02   1.286849e+04   0.000000e+00   4561s
  270056    1.6218470e+02   3.194576e+04   0.000000e+00   4566s
  270266    1.6218831e+02   1.803280e+06   0.000000e+00   4570s
  270596    1.6219205e+02   5.031784e+04   0.000000e+00   4577s
  270806    1.6219536e+02   1.554522e+04   0.000000e+00   4582s
  271026    1.6219772e+02   3.898295e+04   0.000000e+00   4586s
  271236    1.6220079e+02   8.573358e+04   0.000000e+00   4591s
  271456    1.6220400e+02   4.748560e+04   0.000000e+00   4595s
  271786    1.6220856e+02   3.097329e+04   0.000000e+00   4602s
  272006    1.6221204e+02   1.708249e+05   0.000000e+00   4607s
  272216    1.6221459e+02   3.031191e+05   0.000000e+00   4611s
  272436    1.6221687e+02   3.950579e+04   0.000000e+00   4616s
  272656    1.6221961e+02   5.454239e+05   0.000000e+00   4621s
  272876    1.6222243e+02   1.717038e+05   0.000000e+00   4625s
  273206    1.6222638e+02   7.620453e+04   0.000000e+00   4632s
  273416    1.6222932e+02   1.202570e+05   0.000000e+00   4637s
  273626    1.6223242e+02   3.759375e+04   0.000000e+00   4641s
  273846    1.6223588e+02   7.296283e+05   0.000000e+00   4646s
  274056    1.6223894e+02   7.421630e+04   0.000000e+00   4651s
  274266    1.6224250e+02   1.249177e+05   0.000000e+00   4655s
  274486    1.6224556e+02   5.717416e+04   0.000000e+00   4660s
  274796    1.6224942e+02   1.846393e+05   0.000000e+00   4667s
  275016    1.6225249e+02   1.593931e+05   0.000000e+00   4672s
  275236    1.6225546e+02   7.749425e+04   0.000000e+00   4676s
  275456    1.6225851e+02   1.771817e+05   0.000000e+00   4681s
  275676    1.6226211e+02   1.885621e+04   0.000000e+00   4686s
  275896    1.6226538e+02   3.068598e+04   0.000000e+00   4690s
  276216    1.6227014e+02   1.031454e+05   0.000000e+00   4697s
  276436    1.6227288e+02   2.659122e+04   0.000000e+00   4702s
  276656    1.6227621e+02   3.158215e+05   0.000000e+00   4706s
  276876    1.6227905e+02   2.757696e+05   0.000000e+00   4711s
  277096    1.6228156e+02   4.665790e+04   0.000000e+00   4716s
  277306    1.6228448e+02   3.764526e+04   0.000000e+00   4720s
  277636    1.6228907e+02   1.328589e+05   0.000000e+00   4727s
  277856    1.6229193e+02   1.126819e+04   0.000000e+00   4732s
  278076    1.6229521e+02   2.666217e+04   0.000000e+00   4737s
  278286    1.6229832e+02   2.352846e+05   0.000000e+00   4741s
  278496    1.6230110e+02   2.499164e+05   0.000000e+00   4746s
  278716    1.6230312e+02   1.554738e+04   0.000000e+00   4750s
  278936    1.6230606e+02   1.901189e+05   0.000000e+00   4755s
  279266    1.6231003e+02   2.294108e+05   0.000000e+00   4762s
  279486    1.6231281e+02   1.836796e+04   0.000000e+00   4767s
  279706    1.6231489e+02   7.011505e+04   0.000000e+00   4772s
  279916    1.6231799e+02   1.739219e+05   0.000000e+00   4776s
  280126    1.6232109e+02   8.871255e+04   0.000000e+00   4781s
  280346    1.6232360e+02   3.733141e+05   0.000000e+00   4785s
  280566    1.6232594e+02   3.982897e+04   0.000000e+00   4790s
  280886    1.6233029e+02   6.109480e+04   0.000000e+00   4797s
  281106    1.6233248e+02   1.135579e+05   0.000000e+00   4802s
  281306    1.6233476e+02   2.565106e+04   0.000000e+00   4806s
  281526    1.6233762e+02   1.747177e+05   0.000000e+00   4811s
  281736    1.6234004e+02   7.119180e+04   0.000000e+00   4815s
  282036    1.6234395e+02   1.241546e+06   0.000000e+00   4822s
  282246    1.6234658e+02   3.224906e+05   0.000000e+00   4826s
  282466    1.6234938e+02   4.582005e+04   0.000000e+00   4831s
  282666    1.6235152e+02   7.928742e+03   0.000000e+00   4836s
  282886    1.6235393e+02   2.807229e+04   0.000000e+00   4840s
  283206    1.6235721e+02   5.020099e+04   0.000000e+00   4847s
  283416    1.6235960e+02   5.300145e+04   0.000000e+00   4852s
  283636    1.6236251e+02   1.365247e+04   0.000000e+00   4856s
  283856    1.6236549e+02   9.451871e+04   0.000000e+00   4861s
  284076    1.6236760e+02   2.779945e+05   0.000000e+00   4866s
  284296    1.6236989e+02   1.276303e+04   0.000000e+00   4870s
  284626    1.6237325e+02   7.916761e+05   0.000000e+00   4877s
  284846    1.6237560e+02   2.267281e+05   0.000000e+00   4882s
  285066    1.6237845e+02   3.460428e+04   0.000000e+00   4887s
  285276    1.6238156e+02   1.307419e+05   0.000000e+00   4891s
  285496    1.6238336e+02   8.286210e+05   0.000000e+00   4896s
  285716    1.6238567e+02   1.213673e+06   0.000000e+00   4900s
  285936    1.6238837e+02   1.515946e+05   0.000000e+00   4905s
  286266    1.6239237e+02   6.133881e+04   0.000000e+00   4912s
  286486    1.6239515e+02   3.180635e+04   0.000000e+00   4917s
  286706    1.6239772e+02   8.479909e+04   0.000000e+00   4922s
  286926    1.6240063e+02   3.227885e+05   0.000000e+00   4926s
  287146    1.6240318e+02   2.416626e+05   0.000000e+00   4931s
  287366    1.6240574e+02   1.242050e+05   0.000000e+00   4936s
  287576    1.6240881e+02   6.198400e+04   0.000000e+00   4941s
  287796    1.6241130e+02   3.664740e+04   0.000000e+00   4945s
  288116    1.6241531e+02   2.453315e+05   0.000000e+00   4952s
  288336    1.6241740e+02   5.145794e+04   0.000000e+00   4957s
  288586    1.6242023e+02   1.731390e+04   0.000000e+00   4962s
  288806    1.6242222e+02   2.169005e+05   0.000000e+00   4967s
  289016    1.6242512e+02   4.828797e+05   0.000000e+00   4972s
  289236    1.6242806e+02   3.657545e+04   0.000000e+00   4976s
  289486    1.6243114e+02   1.416321e+05   0.000000e+00   4982s
  289736    1.6243421e+02   8.104083e+04   0.000000e+00   4987s
  289956    1.6243736e+02   5.400436e+04   0.000000e+00   4992s
  290206    1.6244014e+02   1.040643e+04   0.000000e+00   4998s
  290326    1.6244186e+02   7.201911e+04   0.000000e+00   5000s
  290576    1.6244538e+02   5.874988e+05   0.000000e+00   5005s
  290816    1.6244844e+02   2.816056e+04   0.000000e+00   5011s
  291046    1.6245120e+02   6.901622e+04   0.000000e+00   5016s
  291256    1.6245396e+02   1.409790e+04   0.000000e+00   5020s
  291566    1.6245733e+02   1.196794e+05   0.000000e+00   5027s
  291766    1.6245960e+02   4.486726e+04   0.000000e+00   5032s
  292016    1.6246263e+02   1.919692e+04   0.000000e+00   5037s
  292266    1.6246560e+02   7.369389e+04   0.000000e+00   5043s
  292386    1.6246677e+02   1.616146e+04   0.000000e+00   5045s
  292606    1.6246959e+02   1.997047e+04   0.000000e+00   5050s
  292846    1.6247253e+02   1.512353e+05   0.000000e+00   5055s
  293086    1.6247587e+02   1.942766e+05   0.000000e+00   5061s
  293316    1.6247874e+02   6.812517e+04   0.000000e+00   5066s
  293536    1.6248112e+02   8.717541e+04   0.000000e+00   5071s
  293776    1.6248335e+02   3.232645e+04   0.000000e+00   5076s
  294016    1.6248647e+02   5.415346e+04   0.000000e+00   5081s
  294256    1.6248911e+02   5.402244e+04   0.000000e+00   5087s
  294486    1.6249116e+02   2.336241e+04   0.000000e+00   5092s
  294716    1.6249389e+02   3.241084e+05   0.000000e+00   5097s
  294936    1.6249670e+02   3.479469e+04   0.000000e+00   5102s
  295176    1.6249940e+02   5.451854e+04   0.000000e+00   5107s
  295426    1.6250230e+02   1.818037e+04   0.000000e+00   5112s
  295646    1.6250574e+02   6.334537e+04   0.000000e+00   5117s
  295886    1.6250778e+02   1.060895e+05   0.000000e+00   5123s
  295996    1.6250869e+02   4.892400e+04   0.000000e+00   5125s
  296326    1.6251183e+02   8.867743e+04   0.000000e+00   5132s
  296546    1.6251410e+02   4.346015e+05   0.000000e+00   5137s
  296746    1.6251632e+02   1.977663e+04   0.000000e+00   5142s
  296976    1.6251886e+02   4.018942e+04   0.000000e+00   5147s
  297226    1.6252141e+02   3.054580e+05   0.000000e+00   5152s
  297446    1.6252390e+02   2.927227e+04   0.000000e+00   5157s
  297686    1.6252634e+02   1.740739e+04   0.000000e+00   5162s
  297906    1.6252856e+02   2.640277e+04   0.000000e+00   5167s
  298126    1.6253067e+02   1.972644e+04   0.000000e+00   5172s
  298336    1.6253340e+02   6.160109e+03   0.000000e+00   5177s
  298546    1.6253628e+02   2.897161e+05   0.000000e+00   5182s
  298756    1.6253874e+02   6.432373e+04   0.000000e+00   5186s
  299026    1.6254228e+02   7.029866e+04   0.000000e+00   5192s
  299156    1.6254394e+02   3.110320e+04   0.000000e+00   5195s
  299386    1.6254669e+02   2.160991e+04   0.000000e+00   5200s
  299626    1.6254958e+02   8.385561e+04   0.000000e+00   5206s
  299846    1.6255189e+02   1.590401e+04   0.000000e+00   5211s
  300066    1.6255401e+02   6.265909e+04   0.000000e+00   5215s
  300286    1.6255602e+02   1.116126e+04   0.000000e+00   5220s
  300526    1.6255893e+02   3.220907e+04   0.000000e+00   5226s
  300776    1.6256152e+02   1.178784e+06   0.000000e+00   5231s
  301006    1.6256398e+02   4.653251e+05   0.000000e+00   5236s
  301266    1.6256625e+02   7.672271e+04   0.000000e+00   5242s
  301506    1.6256864e+02   1.214274e+04   0.000000e+00   5247s
  301726    1.6257129e+02   5.312668e+04   0.000000e+00   5252s
  301976    1.6257361e+02   4.108934e+04   0.000000e+00   5257s
  302086    1.6257492e+02   3.512129e+04   0.000000e+00   5260s
  302346    1.6257727e+02   2.492801e+04   0.000000e+00   5266s
  302616    1.6258067e+02   2.079574e+04   0.000000e+00   5272s
  302866    1.6258432e+02   8.577371e+04   0.000000e+00   5277s
  302996    1.6258548e+02   9.753914e+04   0.000000e+00   5280s
  303256    1.6258812e+02   1.918985e+05   0.000000e+00   5286s
  303506    1.6259101e+02   4.869452e+04   0.000000e+00   5292s
  303736    1.6259333e+02   4.136529e+03   0.000000e+00   5297s
  303946    1.6259544e+02   2.250524e+04   0.000000e+00   5302s
  304206    1.6259824e+02   5.624054e+04   0.000000e+00   5307s
  304346    1.6259952e+02   3.068346e+04   0.000000e+00   5310s
  304616    1.6260208e+02   4.522713e+04   0.000000e+00   5317s
  304876    1.6260492e+02   2.388104e+04   0.000000e+00   5322s
  305006    1.6260632e+02   3.016541e+05   0.000000e+00   5325s
  305286    1.6260918e+02   6.784093e+04   0.000000e+00   5331s
  305556    1.6261248e+02   1.216176e+05   0.000000e+00   5338s
  305696    1.6261428e+02   8.245341e+03   0.000000e+00   5341s
  305946    1.6261687e+02   1.707879e+05   0.000000e+00   5346s
  306216    1.6261978e+02   6.348009e+04   0.000000e+00   5353s
  306346    1.6262160e+02   1.530060e+05   0.000000e+00   5356s
  306616    1.6262466e+02   3.750291e+04   0.000000e+00   5362s
  306886    1.6262764e+02   1.983796e+04   0.000000e+00   5368s
  307026    1.6262903e+02   5.234240e+04   0.000000e+00   5371s
  307306    1.6263224e+02   1.544140e+04   0.000000e+00   5378s
  307446    1.6263342e+02   3.419502e+04   0.000000e+00   5381s
  307726    1.6263660e+02   9.258084e+03   0.000000e+00   5387s
  307996    1.6263898e+02   1.340434e+05   0.000000e+00   5393s
  308116    1.6264071e+02   3.710207e+04   0.000000e+00   5396s
  308376    1.6264348e+02   8.926732e+04   0.000000e+00   5402s
  308626    1.6264672e+02   1.182865e+04   0.000000e+00   5407s
  308756    1.6264807e+02   1.324296e+04   0.000000e+00   5410s
  309026    1.6265062e+02   4.562235e+04   0.000000e+00   5417s
  309306    1.6265291e+02   1.045939e+04   0.000000e+00   5423s
  309446    1.6265409e+02   9.338908e+03   0.000000e+00   5426s
  309736    1.6265669e+02   2.778506e+03   0.000000e+00   5432s
  309866    1.6265760e+02   8.119064e+03   0.000000e+00   5435s
  310116    1.6265978e+02   1.073569e+04   0.000000e+00   5441s
  310376    1.6266245e+02   6.540556e+03   0.000000e+00   5447s
  310626    1.6266518e+02   3.753870e+04   0.000000e+00   5452s
  310856    1.6266716e+02   3.336970e+04   0.000000e+00   5458s
  310986    1.6266850e+02   8.188152e+03   0.000000e+00   5461s
  311266    1.6267085e+02   1.071626e+05   0.000000e+00   5467s
  311406    1.6267231e+02   6.144342e+03   0.000000e+00   5470s
  311656    1.6267462e+02   5.855884e+04   0.000000e+00   5476s
  311916    1.6267684e+02   1.352846e+05   0.000000e+00   5482s
  312056    1.6267789e+02   1.324677e+05   0.000000e+00   5485s
  312326    1.6268035e+02   1.230109e+04   0.000000e+00   5491s
  312606    1.6268322e+02   1.162383e+05   0.000000e+00   5498s
  312746    1.6268434e+02   6.909988e+04   0.000000e+00   5501s
  313016    1.6268680e+02   6.370476e+04   0.000000e+00   5507s
  313266    1.6268937e+02   2.998840e+05   0.000000e+00   5512s
  313396    1.6269043e+02   6.389441e+04   0.000000e+00   5515s
  313676    1.6269295e+02   8.735943e+04   0.000000e+00   5522s
  313946    1.6269546e+02   3.186453e+05   0.000000e+00   5528s
  314086    1.6269652e+02   2.768760e+04   0.000000e+00   5531s
  314366    1.6269958e+02   2.803157e+04   0.000000e+00   5537s
  314516    1.6270077e+02   5.067459e+04   0.000000e+00   5540s
  314796    1.6270306e+02   2.092104e+04   0.000000e+00   5547s
  314936    1.6270431e+02   2.522456e+04   0.000000e+00   5550s
  315216    1.6270742e+02   3.895544e+04   0.000000e+00   5556s
  315496    1.6270997e+02   1.974957e+04   0.000000e+00   5563s
  315636    1.6271115e+02   9.908631e+03   0.000000e+00   5566s
  315916    1.6271402e+02   2.484434e+04   0.000000e+00   5572s
  316056    1.6271583e+02   9.322194e+03   0.000000e+00   5575s
  316306    1.6271859e+02   2.219949e+04   0.000000e+00   5581s
  316576    1.6272094e+02   4.302544e+04   0.000000e+00   5587s
  316716    1.6272189e+02   7.180206e+04   0.000000e+00   5591s
  316986    1.6272416e+02   1.076532e+05   0.000000e+00   5597s
  317116    1.6272533e+02   1.794904e+04   0.000000e+00   5600s
  317396    1.6272768e+02   8.676607e+03   0.000000e+00   5606s
  317676    1.6273010e+02   5.691824e+04   0.000000e+00   5613s
  317806    1.6273112e+02   1.045694e+04   0.000000e+00   5616s
  318076    1.6273369e+02   3.783520e+04   0.000000e+00   5622s
  318216    1.6273502e+02   2.563088e+04   0.000000e+00   5625s
  318496    1.6273802e+02   3.604327e+04   0.000000e+00   5632s
  318776    1.6274088e+02   1.297275e+04   0.000000e+00   5638s
  318916    1.6274185e+02   5.559972e+03   0.000000e+00   5641s
  319186    1.6274459e+02   9.777411e+04   0.000000e+00   5647s
  319316    1.6274600e+02   5.736865e+04   0.000000e+00   5651s
  319596    1.6274862e+02   1.583977e+04   0.000000e+00   5657s
  319866    1.6275106e+02   9.029885e+04   0.000000e+00   5663s
  320006    1.6275215e+02   8.910107e+04   0.000000e+00   5666s
  320286    1.6275485e+02   1.780771e+04   0.000000e+00   5673s
  320426    1.6275615e+02   1.652181e+04   0.000000e+00   5676s
  320706    1.6275879e+02   8.977265e+05   0.000000e+00   5682s
  320846    1.6276019e+02   1.939873e+05   0.000000e+00   5685s
  321126    1.6276343e+02   1.557177e+05   0.000000e+00   5692s
  321406    1.6276677e+02   6.195360e+04   0.000000e+00   5698s
  321536    1.6276819e+02   4.814380e+03   0.000000e+00   5701s
  321806    1.6277066e+02   2.899654e+04   0.000000e+00   5708s
  321946    1.6277146e+02   1.854278e+05   0.000000e+00   5711s
  322216    1.6277362e+02   2.927023e+04   0.000000e+00   5717s
  322346    1.6277463e+02   7.868798e+04   0.000000e+00   5720s
  322606    1.6277730e+02   5.620229e+04   0.000000e+00   5726s
  322866    1.6277977e+02   2.427478e+04   0.000000e+00   5733s
  322996    1.6278071e+02   3.777477e+04   0.000000e+00   5736s
  323276    1.6278309e+02   1.975194e+04   0.000000e+00   5742s
  323406    1.6278448e+02   1.302304e+04   0.000000e+00   5745s
  323666    1.6278744e+02   3.866538e+04   0.000000e+00   5752s
  323936    1.6279040e+02   3.392979e+04   0.000000e+00   5758s
  324066    1.6279197e+02   1.073460e+05   0.000000e+00   5761s
  324346    1.6279461e+02   1.071822e+05   0.000000e+00   5768s
  324486    1.6279565e+02   6.492039e+04   0.000000e+00   5771s
  324756    1.6279863e+02   5.116187e+04   0.000000e+00   5777s
  324886    1.6279974e+02   2.641314e+04   0.000000e+00   5780s
  325166    1.6280210e+02   1.683991e+04   0.000000e+00   5787s
  325296    1.6280338e+02   8.554818e+03   0.000000e+00   5790s
  325566    1.6280602e+02   7.728720e+04   0.000000e+00   5796s
  325836    1.6280817e+02   9.154267e+05   0.000000e+00   5803s
  325966    1.6280962e+02   1.978688e+04   0.000000e+00   5806s
  326236    1.6281218e+02   1.074917e+04   0.000000e+00   5812s
  326366    1.6281331e+02   4.304318e+04   0.000000e+00   5815s
  326636    1.6281556e+02   1.014885e+04   0.000000e+00   5822s
  326776    1.6281695e+02   3.252129e+05   0.000000e+00   5825s
  327046    1.6281916e+02   2.913478e+04   0.000000e+00   5831s
  327326    1.6282177e+02   3.056413e+04   0.000000e+00   5838s
  327456    1.6282309e+02   9.934530e+04   0.000000e+00   5841s
  327716    1.6282553e+02   1.828019e+05   0.000000e+00   5847s
  327846    1.6282689e+02   2.988039e+04   0.000000e+00   5850s
  328126    1.6282931e+02   4.114950e+04   0.000000e+00   5857s
  328256    1.6283062e+02   9.226632e+04   0.000000e+00   5860s
  328526    1.6283324e+02   6.071108e+04   0.000000e+00   5867s
  328786    1.6283634e+02   8.762864e+04   0.000000e+00   5873s
  328926    1.6283786e+02   2.895535e+04   0.000000e+00   5876s
  329186    1.6284070e+02   1.617500e+04   0.000000e+00   5883s
  329326    1.6284192e+02   5.163011e+04   0.000000e+00   5886s
  329596    1.6284444e+02   5.752966e+04   0.000000e+00   5892s
  329726    1.6284590e+02   5.418045e+04   0.000000e+00   5895s
  329996    1.6284821e+02   1.967950e+04   0.000000e+00   5902s
  330266    1.6285085e+02   7.732772e+03   0.000000e+00   5908s
  330396    1.6285241e+02   4.695575e+03   0.000000e+00   5911s
  330666    1.6285500e+02   5.008735e+03   0.000000e+00   5917s
  330796    1.6285634e+02   1.365233e+04   0.000000e+00   5921s
  331066    1.6285907e+02   1.916270e+05   0.000000e+00   5927s
  331206    1.6286002e+02   3.356025e+05   0.000000e+00   5930s
  331476    1.6286231e+02   1.818159e+04   0.000000e+00   5937s
  331616    1.6286347e+02   8.582329e+04   0.000000e+00   5940s
  331876    1.6286591e+02   9.994721e+04   0.000000e+00   5947s
  332016    1.6286700e+02   8.071539e+04   0.000000e+00   5950s
  332276    1.6286891e+02   9.532878e+04   0.000000e+00   5956s
  332536    1.6287104e+02   3.850141e+04   0.000000e+00   5963s
  332666    1.6287220e+02   1.489857e+05   0.000000e+00   5966s
  332926    1.6287454e+02   1.903248e+04   0.000000e+00   5972s
  333056    1.6287571e+02   4.414541e+04   0.000000e+00   5975s
  333316    1.6287871e+02   4.315907e+04   0.000000e+00   5982s
  333566    1.6288057e+02   3.509136e+04   0.000000e+00   5988s
  333686    1.6288144e+02   3.650166e+04   0.000000e+00   5991s
  333936    1.6288324e+02   1.080799e+05   0.000000e+00   5997s
  334066    1.6288456e+02   2.405693e+04   0.000000e+00   6000s
  334326    1.6288703e+02   8.411136e+03   0.000000e+00   6006s
  334586    1.6288952e+02   5.456481e+03   0.000000e+00   6013s
  334716    1.6289097e+02   5.982840e+04   0.000000e+00   6016s
  334986    1.6289293e+02   5.912306e+04   0.000000e+00   6022s
  335116    1.6289418e+02   1.776235e+04   0.000000e+00   6025s
  335376    1.6289654e+02   2.312263e+05   0.000000e+00   6031s
  335636    1.6289897e+02   8.102695e+03   0.000000e+00   6038s
  335776    1.6289990e+02   2.509377e+04   0.000000e+00   6041s
  336036    1.6290206e+02   2.904960e+04   0.000000e+00   6047s
  336166    1.6290320e+02   4.354018e+03   0.000000e+00   6051s
  336446    1.6290543e+02   6.476700e+04   0.000000e+00   6057s
  336576    1.6290622e+02   7.387815e+04   0.000000e+00   6060s
  336836    1.6290847e+02   6.456896e+04   0.000000e+00   6067s
  337096    1.6291047e+02   1.159576e+04   0.000000e+00   6073s
  337236    1.6291158e+02   4.465283e+04   0.000000e+00   6076s
  337506    1.6291364e+02   2.248153e+04   0.000000e+00   6083s
  337636    1.6291478e+02   1.601556e+05   0.000000e+00   6086s
  337896    1.6291714e+02   2.045012e+04   0.000000e+00   6092s
  338026    1.6291842e+02   3.086689e+04   0.000000e+00   6096s
  338286    1.6292092e+02   3.514330e+04   0.000000e+00   6102s
  338416    1.6292236e+02   1.123690e+04   0.000000e+00   6105s
  338676    1.6292409e+02   5.205484e+04   0.000000e+00   6112s
  338936    1.6292588e+02   2.007434e+05   0.000000e+00   6118s
  339076    1.6292729e+02   5.816674e+04   0.000000e+00   6121s
  339356    1.6292973e+02   4.290685e+04   0.000000e+00   6128s
  339496    1.6293111e+02   5.717330e+04   0.000000e+00   6131s
  339756    1.6293388e+02   8.387499e+03   0.000000e+00   6138s
  339896    1.6293497e+02   1.422446e+04   0.000000e+00   6141s
  340166    1.6293727e+02   9.308367e+03   0.000000e+00   6148s
  340306    1.6293836e+02   4.481310e+03   0.000000e+00   6151s
  340566    1.6294051e+02   2.535208e+04   0.000000e+00   6157s
  340696    1.6294162e+02   9.885475e+03   0.000000e+00   6160s
  340956    1.6294408e+02   1.726286e+05   0.000000e+00   6167s
  341106    1.6294540e+02   4.963757e+04   0.000000e+00   6170s
  341396    1.6294858e+02   2.074330e+04   0.000000e+00   6178s
  341536    1.6294994e+02   2.699416e+04   0.000000e+00   6181s
  341816    1.6295251e+02   1.692678e+05   0.000000e+00   6188s
  341946    1.6295353e+02   4.464556e+04   0.000000e+00   6191s
  342226    1.6295631e+02   7.298775e+03   0.000000e+00   6198s
  342366    1.6295718e+02   3.222026e+04   0.000000e+00   6201s
  342626    1.6295925e+02   1.332430e+05   0.000000e+00   6207s
  342756    1.6296052e+02   3.794899e+04   0.000000e+00   6211s
  343006    1.6296237e+02   1.287224e+04   0.000000e+00   6217s
  343146    1.6296342e+02   3.026977e+04   0.000000e+00   6220s
  343406    1.6296549e+02   3.234285e+04   0.000000e+00   6227s
  343666    1.6296750e+02   7.510685e+04   0.000000e+00   6233s
  343816    1.6296863e+02   4.190833e+04   0.000000e+00   6237s
  344086    1.6297065e+02   3.532088e+05   0.000000e+00   6243s
  344216    1.6297170e+02   2.190732e+04   0.000000e+00   6246s
  344476    1.6297400e+02   3.254002e+04   0.000000e+00   6253s
  344606    1.6297522e+02   9.672241e+04   0.000000e+00   6256s
  344866    1.6297735e+02   4.724037e+04   0.000000e+00   6263s
  344986    1.6297815e+02   1.826260e+04   0.000000e+00   6266s
  345246    1.6298015e+02   3.298465e+03   0.000000e+00   6272s
  345376    1.6298121e+02   2.972724e+04   0.000000e+00   6275s
  345646    1.6298300e+02   5.296625e+04   0.000000e+00   6282s
  345786    1.6298387e+02   1.315716e+04   0.000000e+00   6285s
  346066    1.6298567e+02   3.165275e+04   0.000000e+00   6292s
  346226    1.6298670e+02   1.284896e+04   0.000000e+00   6296s
  346496    1.6298846e+02   5.400256e+04   0.000000e+00   6302s
  346626    1.6298949e+02   5.300296e+04   0.000000e+00   6305s
  346886    1.6299132e+02   1.849176e+04   0.000000e+00   6312s
  347016    1.6299211e+02   1.225291e+04   0.000000e+00   6315s
  347266    1.6299339e+02   7.610610e+04   0.000000e+00   6321s
  347526    1.6299477e+02   4.164869e+04   0.000000e+00   6328s
  347656    1.6299565e+02   9.903189e+04   0.000000e+00   6331s
  347926    1.6299758e+02   9.421311e+04   0.000000e+00   6338s
  348056    1.6299844e+02   3.356251e+04   0.000000e+00   6341s
  348306    1.6299970e+02   1.402221e+04   0.000000e+00   6347s
  348456    1.6300036e+02   2.492419e+04   0.000000e+00   6351s
  348756    1.6300229e+02   5.567176e+05   0.000000e+00   6358s
  348906    1.6300333e+02   4.348371e+04   0.000000e+00   6361s
  349176    1.6300523e+02   9.193251e+04   0.000000e+00   6368s
  349316    1.6300607e+02   2.386283e+04   0.000000e+00   6372s
  349576    1.6300803e+02   1.800216e+04   0.000000e+00   6378s
  349706    1.6300917e+02   1.658397e+04   0.000000e+00   6381s
  349976    1.6301143e+02   6.313459e+04   0.000000e+00   6388s
  350136    1.6301249e+02   1.001778e+04   0.000000e+00   6391s
  350406    1.6301464e+02   9.955688e+03   0.000000e+00   6398s
  350556    1.6301561e+02   3.068923e+04   0.000000e+00   6402s
  350826    1.6301748e+02   2.127746e+04   0.000000e+00   6408s
  350946    1.6301824e+02   2.551381e+04   0.000000e+00   6411s
  351216    1.6302002e+02   1.077406e+04   0.000000e+00   6418s
  351356    1.6302117e+02   5.372607e+03   0.000000e+00   6421s
  351636    1.6302344e+02   2.134345e+05   0.000000e+00   6428s
  351786    1.6302454e+02   1.671669e+04   0.000000e+00   6432s
  351936    1.6302555e+02   5.228028e+04   0.000000e+00   6436s
  352236    1.6302749e+02   1.248553e+04   0.000000e+00   6443s
  352366    1.6302841e+02   8.344342e+03   0.000000e+00   6446s
  352626    1.6303040e+02   4.497467e+03   0.000000e+00   6452s
  352766    1.6303136e+02   2.496552e+05   0.000000e+00   6456s
  353076    1.6303384e+02   1.810461e+04   0.000000e+00   6463s
  353206    1.6303488e+02   2.223962e+04   0.000000e+00   6467s
  353346    1.6303581e+02   1.735173e+05   0.000000e+00   6470s
  353626    1.6303788e+02   3.592232e+04   0.000000e+00   6477s
  353776    1.6303887e+02   2.856217e+04   0.000000e+00   6481s
  354086    1.6304087e+02   7.140122e+03   0.000000e+00   6488s
  354236    1.6304195e+02   1.673574e+04   0.000000e+00   6492s
  354376    1.6304290e+02   1.958480e+05   0.000000e+00   6495s
  354666    1.6304518e+02   3.350736e+04   0.000000e+00   6502s
  354826    1.6304624e+02   1.379755e+05   0.000000e+00   6506s
  355126    1.6304809e+02   6.458032e+03   0.000000e+00   6513s
  355276    1.6304896e+02   3.826634e+04   0.000000e+00   6517s
  355416    1.6304978e+02   1.083212e+05   0.000000e+00   6521s
  355676    1.6305180e+02   8.218125e+03   0.000000e+00   6527s
  355816    1.6305303e+02   8.080098e+04   0.000000e+00   6531s
  356106    1.6305464e+02   3.081056e+04   0.000000e+00   6538s
  356266    1.6305550e+02   2.434346e+04   0.000000e+00   6542s
  356416    1.6305639e+02   1.595535e+04   0.000000e+00   6545s
  356696    1.6305875e+02   3.765496e+04   0.000000e+00   6552s
  356836    1.6305964e+02   2.054175e+04   0.000000e+00   6556s
  357096    1.6306200e+02   7.228031e+03   0.000000e+00   6562s
  357226    1.6306338e+02   1.111162e+05   0.000000e+00   6566s
  357516    1.6306538e+02   5.434726e+04   0.000000e+00   6573s
  357666    1.6306667e+02   4.243128e+04   0.000000e+00   6577s
  357806    1.6306777e+02   7.251778e+04   0.000000e+00   6580s
  358076    1.6306943e+02   2.404397e+04   0.000000e+00   6587s
  358216    1.6307039e+02   1.281490e+05   0.000000e+00   6591s
  358496    1.6307235e+02   1.277410e+04   0.000000e+00   6598s
  358626    1.6307344e+02   3.653404e+04   0.000000e+00   6601s
  358886    1.6307551e+02   6.957018e+03   0.000000e+00   6608s
  359016    1.6307640e+02   9.050980e+04   0.000000e+00   6611s
  359266    1.6307840e+02   6.233457e+04   0.000000e+00   6617s
  359386    1.6307931e+02   5.175049e+04   0.000000e+00   6620s
  359656    1.6308159e+02   9.855380e+03   0.000000e+00   6627s
  359786    1.6308259e+02   4.554806e+04   0.000000e+00   6630s
  360036    1.6308427e+02   5.992205e+06   0.000000e+00   6637s
  360176    1.6308537e+02   4.632977e+04   0.000000e+00   6640s
  360486    1.6308821e+02   3.843691e+04   0.000000e+00   6648s
  360626    1.6308894e+02   1.080236e+05   0.000000e+00   6651s
  360896    1.6309082e+02   4.815932e+03   0.000000e+00   6658s
  361046    1.6309203e+02   1.163585e+05   0.000000e+00   6662s
  361186    1.6309294e+02   2.628350e+04   0.000000e+00   6666s
  361456    1.6309528e+02   2.716651e+04   0.000000e+00   6673s
  361606    1.6309648e+02   6.672137e+03   0.000000e+00   6677s
  361756    1.6309747e+02   5.217784e+04   0.000000e+00   6680s
  362046    1.6309923e+02   1.966031e+04   0.000000e+00   6688s
  362186    1.6310042e+02   1.612438e+04   0.000000e+00   6691s
  362336    1.6310156e+02   9.215832e+04   0.000000e+00   6695s
  362636    1.6310386e+02   1.173187e+04   0.000000e+00   6703s
  362796    1.6310521e+02   3.776144e+03   0.000000e+00   6707s
  362946    1.6310621e+02   2.123652e+03   0.000000e+00   6711s
  363266    1.6310788e+02   3.933428e+05   0.000000e+00   6719s
  363426    1.6310876e+02   1.791244e+04   0.000000e+00   6723s
  363576    1.6310978e+02   1.983602e+04   0.000000e+00   6727s
  363736    1.6311085e+02   3.612520e+03   0.000000e+00   6731s
  364026    1.6311285e+02   2.235108e+04   0.000000e+00   6738s
  364176    1.6311395e+02   5.724496e+04   0.000000e+00   6742s
  364326    1.6311491e+02   6.787852e+04   0.000000e+00   6746s
  364626    1.6311707e+02   2.519872e+03   0.000000e+00   6753s
  364776    1.6311817e+02   1.472832e+04   0.000000e+00   6757s
  364926    1.6311911e+02   2.689261e+03   0.000000e+00   6761s
  365226    1.6312144e+02   1.192369e+04   0.000000e+00   6769s
  365376    1.6312282e+02   1.395220e+04   0.000000e+00   6773s
  365526    1.6312383e+02   4.859158e+04   0.000000e+00   6776s
  365676    1.6312494e+02   1.454984e+04   0.000000e+00   6780s
  365986    1.6312696e+02   4.611548e+04   0.000000e+00   6788s
  366126    1.6312766e+02   8.706269e+03   0.000000e+00   6792s
  366266    1.6312857e+02   1.773442e+04   0.000000e+00   6795s
  366566    1.6313069e+02   5.911193e+04   0.000000e+00   6803s
  366716    1.6313164e+02   9.871778e+03   0.000000e+00   6807s
  366876    1.6313278e+02   1.149321e+04   0.000000e+00   6811s
  367186    1.6313508e+02   4.527373e+04   0.000000e+00   6818s
  367326    1.6313603e+02   7.365087e+03   0.000000e+00   6822s
  367456    1.6313693e+02   1.841844e+05   0.000000e+00   6825s
  367756    1.6313879e+02   5.938578e+04   0.000000e+00   6833s
  367916    1.6313982e+02   5.033079e+04   0.000000e+00   6837s
  368076    1.6314100e+02   1.291720e+04   0.000000e+00   6841s
  368236    1.6314233e+02   1.579394e+04   0.000000e+00   6845s
  368546    1.6314451e+02   8.839512e+03   0.000000e+00   6853s
  368696    1.6314538e+02   1.608211e+04   0.000000e+00   6857s
  368846    1.6314623e+02   2.157132e+04   0.000000e+00   6861s
  369146    1.6314790e+02   8.763216e+04   0.000000e+00   6869s
  369296    1.6314862e+02   2.182986e+04   0.000000e+00   6873s
  369456    1.6314952e+02   2.011461e+04   0.000000e+00   6877s
  369606    1.6315062e+02   4.717542e+03   0.000000e+00   6881s
  369926    1.6315253e+02   8.071072e+03   0.000000e+00   6889s
  370086    1.6315363e+02   1.845985e+04   0.000000e+00   6893s
  370246    1.6315469e+02   2.022576e+04   0.000000e+00   6897s
  370396    1.6315554e+02   1.263506e+04   0.000000e+00   6900s
  370716    1.6315738e+02   1.445124e+04   0.000000e+00   6908s
  370876    1.6315820e+02   1.120653e+05   0.000000e+00   6912s
  371026    1.6315920e+02   1.753337e+04   0.000000e+00   6916s
  371186    1.6316030e+02   1.921209e+04   0.000000e+00   6920s
  371506    1.6316222e+02   1.595118e+04   0.000000e+00   6928s
  371646    1.6316322e+02   3.470162e+04   0.000000e+00   6932s
  371806    1.6316428e+02   3.128212e+04   0.000000e+00   6936s
  372106    1.6316642e+02   6.398583e+04   0.000000e+00   6944s
  372266    1.6316745e+02   2.162206e+04   0.000000e+00   6948s
  372416    1.6316853e+02   5.063892e+04   0.000000e+00   6952s
  372566    1.6316935e+02   1.438652e+04   0.000000e+00   6956s
  372866    1.6317124e+02   4.025347e+04   0.000000e+00   6964s
  373016    1.6317212e+02   2.057534e+04   0.000000e+00   6968s
  373166    1.6317299e+02   2.180145e+04   0.000000e+00   6972s
  373316    1.6317384e+02   1.232048e+04   0.000000e+00   6975s
  373616    1.6317593e+02   1.027661e+04   0.000000e+00   6983s
  373776    1.6317712e+02   4.358302e+03   0.000000e+00   6987s
  373926    1.6317789e+02   1.651430e+04   0.000000e+00   6991s
  374076    1.6317880e+02   3.954444e+04   0.000000e+00   6995s
  374376    1.6318072e+02   3.437106e+04   0.000000e+00   7003s
  374526    1.6318186e+02   9.050133e+03   0.000000e+00   7007s
  374686    1.6318301e+02   4.603558e+03   0.000000e+00   7011s
  374836    1.6318401e+02   1.212122e+04   0.000000e+00   7015s
  375136    1.6318606e+02   5.831008e+04   0.000000e+00   7023s
  375286    1.6318678e+02   7.347527e+04   0.000000e+00   7027s
  375436    1.6318758e+02   3.716485e+03   0.000000e+00   7031s
  375586    1.6318840e+02   1.674131e+04   0.000000e+00   7035s
  375896    1.6318999e+02   2.473500e+04   0.000000e+00   7043s
  376046    1.6319069e+02   8.045393e+04   0.000000e+00   7047s
  376196    1.6319170e+02   7.097590e+04   0.000000e+00   7051s
  376496    1.6319348e+02   2.324748e+04   0.000000e+00   7059s
  376646    1.6319425e+02   3.726275e+04   0.000000e+00   7063s
  376786    1.6319493e+02   9.136902e+03   0.000000e+00   7066s
  376936    1.6319569e+02   1.739661e+04   0.000000e+00   7070s
  377246    1.6319738e+02   3.650296e+05   0.000000e+00   7079s
  377396    1.6319825e+02   2.269370e+04   0.000000e+00   7083s
  377546    1.6319924e+02   8.933108e+03   0.000000e+00   7087s
  377696    1.6320028e+02   3.725671e+03   0.000000e+00   7090s
  377986    1.6320216e+02   1.052397e+04   0.000000e+00   7098s
  378136    1.6320313e+02   1.354830e+05   0.000000e+00   7102s
  378286    1.6320387e+02   1.562255e+04   0.000000e+00   7106s
  378436    1.6320494e+02   3.932112e+04   0.000000e+00   7110s
  378736    1.6320683e+02   5.882786e+03   0.000000e+00   7118s
  378886    1.6320792e+02   1.904731e+04   0.000000e+00   7122s
  379026    1.6320878e+02   1.853129e+05   0.000000e+00   7126s
  379176    1.6320999e+02   3.478968e+04   0.000000e+00   7130s
  379476    1.6321187e+02   2.231121e+03   0.000000e+00   7138s
  379626    1.6321283e+02   2.396724e+04   0.000000e+00   7142s
  379796    1.6321396e+02   4.658504e+03   0.000000e+00   7147s
  379946    1.6321480e+02   1.607200e+04   0.000000e+00   7151s
  380096    1.6321585e+02   1.747899e+04   0.000000e+00   7155s
  380396    1.6321774e+02   4.008095e+03   0.000000e+00   7163s
  380566    1.6321859e+02   2.171182e+04   0.000000e+00   7168s
  380726    1.6321948e+02   1.243427e+04   0.000000e+00   7172s
  380876    1.6322042e+02   1.370390e+04   0.000000e+00   7176s
  381046    1.6322144e+02   8.474192e+04   0.000000e+00   7180s
  381346    1.6322329e+02   2.817456e+03   0.000000e+00   7189s
  381496    1.6322412e+02   6.052806e+03   0.000000e+00   7193s
  381646    1.6322490e+02   5.431836e+04   0.000000e+00   7197s
  381796    1.6322543e+02   5.954292e+04   0.000000e+00   7201s
  382086    1.6322692e+02   3.956200e+04   0.000000e+00   7209s
  382236    1.6322774e+02   1.562664e+04   0.000000e+00   7213s
  382396    1.6322847e+02   5.897879e+03   0.000000e+00   7217s
  382546    1.6322958e+02   1.524511e+04   0.000000e+00   7221s
  382846    1.6323165e+02   2.687652e+04   0.000000e+00   7229s
  382996    1.6323266e+02   9.256461e+03   0.000000e+00   7233s
  383146    1.6323350e+02   9.906453e+03   0.000000e+00   7237s
  383296    1.6323424e+02   1.463296e+03   0.000000e+00   7241s
  383596    1.6323570e+02   8.752181e+03   0.000000e+00   7249s
  383736    1.6323627e+02   5.177301e+04   0.000000e+00   7253s
  383886    1.6323697e+02   8.512643e+04   0.000000e+00   7257s
  384036    1.6323778e+02   3.019759e+04   0.000000e+00   7261s
  384316    1.6323944e+02   5.029056e+04   0.000000e+00   7269s
  384476    1.6324017e+02   1.804114e+05   0.000000e+00   7273s
  384626    1.6324089e+02   4.832585e+04   0.000000e+00   7277s
  384786    1.6324157e+02   1.258894e+04   0.000000e+00   7282s
  384936    1.6324233e+02   3.016812e+04   0.000000e+00   7286s
  385226    1.6324434e+02   1.387095e+04   0.000000e+00   7294s
  385366    1.6324540e+02   7.807213e+04   0.000000e+00   7298s
  385526    1.6324627e+02   1.009194e+04   0.000000e+00   7302s
  385686    1.6324709e+02   1.516663e+04   0.000000e+00   7306s
  385836    1.6324799e+02   1.231525e+04   0.000000e+00   7310s
  386136    1.6324975e+02   7.335729e+04   0.000000e+00   7318s
  386286    1.6325049e+02   9.060016e+03   0.000000e+00   7322s
  386436    1.6325124e+02   1.047212e+04   0.000000e+00   7326s
  386586    1.6325212e+02   7.314505e+03   0.000000e+00   7330s
  386866    1.6325348e+02   3.181982e+04   0.000000e+00   7338s
  387026    1.6325432e+02   7.991435e+03   0.000000e+00   7343s
  387186    1.6325520e+02   2.030871e+04   0.000000e+00   7347s
  387336    1.6325617e+02   4.869901e+04   0.000000e+00   7351s
  387486    1.6325735e+02   1.767069e+04   0.000000e+00   7355s
  387786    1.6325911e+02   1.211654e+04   0.000000e+00   7363s
  387936    1.6326012e+02   9.195377e+03   0.000000e+00   7367s
  388086    1.6326103e+02   7.183021e+03   0.000000e+00   7371s
  388226    1.6326203e+02   3.583278e+03   0.000000e+00   7375s
  388516    1.6326387e+02   6.915191e+03   0.000000e+00   7383s
  388656    1.6326492e+02   7.392070e+03   0.000000e+00   7387s
  388796    1.6326589e+02   8.240563e+04   0.000000e+00   7391s
  388936    1.6326671e+02   1.000878e+04   0.000000e+00   7395s
  389236    1.6326848e+02   1.226263e+04   0.000000e+00   7404s
  389376    1.6326919e+02   7.353049e+03   0.000000e+00   7407s
  389516    1.6326998e+02   1.784135e+05   0.000000e+00   7411s
  389656    1.6327084e+02   3.777891e+04   0.000000e+00   7415s
  389976    1.6327278e+02   4.221205e+03   0.000000e+00   7424s
  390126    1.6327381e+02   3.415531e+03   0.000000e+00   7428s
  390276    1.6327451e+02   1.226802e+04   0.000000e+00   7432s
  390426    1.6327546e+02   6.488508e+03   0.000000e+00   7436s
  390576    1.6327644e+02   1.747576e+04   0.000000e+00   7441s
  390876    1.6327798e+02   3.326517e+04   0.000000e+00   7449s
  391016    1.6327901e+02   2.717215e+04   0.000000e+00   7453s
  391156    1.6327986e+02   7.898823e+03   0.000000e+00   7457s
  391306    1.6328063e+02   1.559211e+04   0.000000e+00   7461s
  391456    1.6328144e+02   2.146858e+03   0.000000e+00   7465s
  391786    1.6328305e+02   1.339088e+04   0.000000e+00   7474s
  391946    1.6328404e+02   3.103243e+04   0.000000e+00   7478s
  392106    1.6328482e+02   3.071417e+03   0.000000e+00   7482s
  392256    1.6328577e+02   5.118839e+04   0.000000e+00   7486s
  392406    1.6328657e+02   1.212013e+04   0.000000e+00   7491s
  392696    1.6328785e+02   4.630672e+04   0.000000e+00   7498s
  392836    1.6328863e+02   2.301606e+04   0.000000e+00   7503s
  392986    1.6328939e+02   5.529778e+04   0.000000e+00   7507s
  393126    1.6328998e+02   2.257627e+04   0.000000e+00   7511s
  393426    1.6329158e+02   3.699750e+04   0.000000e+00   7519s
  393576    1.6329235e+02   1.483618e+04   0.000000e+00   7523s
  393726    1.6329330e+02   1.340377e+03   0.000000e+00   7527s
  393886    1.6329442e+02   2.201020e+04   0.000000e+00   7532s
  394056    1.6329566e+02   7.684518e+03   0.000000e+00   7536s
  394216    1.6329655e+02   4.032070e+04   0.000000e+00   7541s
  394516    1.6329837e+02   4.492178e+04   0.000000e+00   7549s
  394666    1.6329932e+02   3.735764e+03   0.000000e+00   7553s
  394836    1.6330010e+02   1.221619e+04   0.000000e+00   7558s
  394986    1.6330078e+02   8.132062e+03   0.000000e+00   7562s
  395136    1.6330159e+02   6.003631e+04   0.000000e+00   7566s
  395286    1.6330247e+02   1.470795e+04   0.000000e+00   7570s
  395576    1.6330420e+02   2.110188e+04   0.000000e+00   7578s
  395716    1.6330495e+02   5.326677e+04   0.000000e+00   7582s
  395866    1.6330574e+02   3.555202e+04   0.000000e+00   7587s
  396026    1.6330697e+02   7.333939e+04   0.000000e+00   7591s
  396176    1.6330785e+02   1.294380e+04   0.000000e+00   7595s
  396476    1.6331015e+02   9.381899e+03   0.000000e+00   7603s
  396636    1.6331110e+02   1.282576e+05   0.000000e+00   7608s
  396796    1.6331204e+02   1.246560e+04   0.000000e+00   7613s
  396946    1.6331299e+02   1.952815e+04   0.000000e+00   7617s
  397096    1.6331422e+02   2.975542e+04   0.000000e+00   7621s
  397246    1.6331523e+02   1.162755e+05   0.000000e+00   7625s
  397556    1.6331699e+02   2.890023e+03   0.000000e+00   7634s
  397716    1.6331799e+02   2.394999e+04   0.000000e+00   7639s
  397886    1.6331905e+02   2.813035e+04   0.000000e+00   7643s
  398036    1.6331999e+02   1.863819e+04   0.000000e+00   7647s
  398186    1.6332084e+02   3.114359e+04   0.000000e+00   7652s
  398356    1.6332189e+02   5.671473e+04   0.000000e+00   7656s
  398506    1.6332287e+02   3.526441e+05   0.000000e+00   7661s
  398666    1.6332358e+02   8.131756e+03   0.000000e+00   7665s
  398996    1.6332509e+02   9.924625e+03   0.000000e+00   7674s
  399166    1.6332601e+02   3.127717e+04   0.000000e+00   7679s
  399336    1.6332698e+02   4.114012e+04   0.000000e+00   7684s
  399506    1.6332784e+02   2.779021e+03   0.000000e+00   7689s
  399676    1.6332868e+02   8.130435e+04   0.000000e+00   7693s
  399826    1.6332942e+02   1.338662e+05   0.000000e+00   7698s
  399986    1.6333016e+02   1.048719e+04   0.000000e+00   7702s
  400146    1.6333100e+02   5.842123e+03   0.000000e+00   7707s
  400316    1.6333191e+02   1.936573e+04   0.000000e+00   7711s
  400476    1.6333276e+02   3.842009e+03   0.000000e+00   7716s
  400646    1.6333369e+02   3.791636e+03   0.000000e+00   7720s
  400976    1.6333505e+02   5.181938e+03   0.000000e+00   7729s
  401146    1.6333580e+02   6.085133e+03   0.000000e+00   7734s
  401306    1.6333650e+02   2.035864e+04   0.000000e+00   7738s
  401466    1.6333737e+02   3.568172e+04   0.000000e+00   7743s
  401636    1.6333808e+02   1.049788e+04   0.000000e+00   7748s
  401806    1.6333880e+02   4.368253e+03   0.000000e+00   7752s
  401966    1.6333941e+02   3.128277e+04   0.000000e+00   7757s
  402126    1.6334005e+02   3.275663e+04   0.000000e+00   7761s
  402276    1.6334063e+02   1.138191e+04   0.000000e+00   7765s
  402576    1.6334193e+02   4.633040e+03   0.000000e+00   7774s
  402736    1.6334298e+02   3.536563e+04   0.000000e+00   7778s
  402906    1.6334361e+02   3.757456e+03   0.000000e+00   7783s
  403066    1.6334427e+02   1.179084e+04   0.000000e+00   7788s
  403226    1.6334508e+02   5.556515e+04   0.000000e+00   7792s
  403376    1.6334581e+02   1.129487e+05   0.000000e+00   7796s
  403526    1.6334655e+02   5.516944e+04   0.000000e+00   7801s
  403686    1.6334737e+02   3.259306e+03   0.000000e+00   7805s
  403996    1.6334898e+02   4.904233e+03   0.000000e+00   7814s
  404156    1.6335001e+02   4.173674e+03   0.000000e+00   7818s
  404326    1.6335066e+02   8.725806e+03   0.000000e+00   7823s
  404476    1.6335133e+02   1.046153e+04   0.000000e+00   7828s
  404636    1.6335223e+02   6.897179e+03   0.000000e+00   7832s
  404796    1.6335292e+02   1.791750e+04   0.000000e+00   7837s
  404956    1.6335363e+02   2.456801e+04   0.000000e+00   7841s
  405106    1.6335437e+02   2.374795e+04   0.000000e+00   7846s
  405266    1.6335531e+02   1.185653e+04   0.000000e+00   7850s
  405596    1.6335711e+02   1.940838e+04   0.000000e+00   7859s
  405766    1.6335824e+02   2.547988e+03   0.000000e+00   7864s
  405926    1.6335895e+02   8.913600e+03   0.000000e+00   7869s
  406086    1.6335972e+02   2.231928e+04   0.000000e+00   7874s
  406256    1.6336060e+02   4.376364e+03   0.000000e+00   7878s
  406426    1.6336140e+02   3.257964e+04   0.000000e+00   7883s
  406596    1.6336212e+02   8.793008e+03   0.000000e+00   7888s
  406766    1.6336278e+02   1.045513e+05   0.000000e+00   7893s
  406936    1.6336377e+02   1.186201e+04   0.000000e+00   7897s
  407096    1.6336458e+02   6.673427e+03   0.000000e+00   7902s
  407266    1.6336565e+02   3.296833e+04   0.000000e+00   7907s
  407436    1.6336652e+02   4.537178e+03   0.000000e+00   7912s
  407606    1.6336726e+02   8.222045e+03   0.000000e+00   7917s
  407766    1.6336793e+02   5.624627e+03   0.000000e+00   7922s
  407936    1.6336880e+02   1.384212e+05   0.000000e+00   7926s
  408106    1.6336975e+02   3.888736e+03   0.000000e+00   7931s
  408276    1.6337051e+02   5.513470e+03   0.000000e+00   7936s
  408436    1.6337142e+02   1.523217e+04   0.000000e+00   7941s
  408606    1.6337201e+02   5.125254e+03   0.000000e+00   7946s
  408766    1.6337283e+02   6.020030e+04   0.000000e+00   7950s
  408936    1.6337354e+02   3.198603e+04   0.000000e+00   7955s
  409106    1.6337438e+02   3.423791e+04   0.000000e+00   7960s
  409446    1.6337587e+02   1.476026e+04   0.000000e+00   7970s
  409616    1.6337668e+02   6.458208e+04   0.000000e+00   7975s
  409796    1.6337751e+02   6.572343e+03   0.000000e+00   7980s
  409966    1.6337825e+02   1.626637e+05   0.000000e+00   7984s
  410136    1.6337902e+02   4.175396e+03   0.000000e+00   7989s
  410316    1.6337976e+02   2.638333e+03   0.000000e+00   7994s
  410486    1.6338051e+02   1.633394e+04   0.000000e+00   7999s
  410656    1.6338118e+02   6.700857e+03   0.000000e+00   8004s
  410816    1.6338175e+02   1.487614e+05   0.000000e+00   8009s
  410986    1.6338243e+02   1.600301e+04   0.000000e+00   8014s
  411156    1.6338309e+02   4.607881e+03   0.000000e+00   8018s
  411326    1.6338384e+02   1.039449e+04   0.000000e+00   8023s
  411496    1.6338461e+02   9.707320e+03   0.000000e+00   8028s
  411666    1.6338551e+02   1.900402e+04   0.000000e+00   8033s
  411836    1.6338629e+02   7.469313e+03   0.000000e+00   8038s
  412006    1.6338712e+02   4.088085e+03   0.000000e+00   8043s
  412176    1.6338808e+02   1.046757e+04   0.000000e+00   8048s
  412346    1.6338887e+02   1.529265e+04   0.000000e+00   8052s
  412516    1.6338952e+02   2.736710e+04   0.000000e+00   8057s
  412686    1.6339034e+02   2.032172e+05   0.000000e+00   8062s
  412866    1.6339092e+02   3.570434e+05   0.000000e+00   8067s
  413026    1.6339183e+02   5.192336e+04   0.000000e+00   8072s
  413196    1.6339273e+02   2.723436e+04   0.000000e+00   8077s
  413366    1.6339360e+02   2.257721e+03   0.000000e+00   8082s
  413536    1.6339447e+02   1.440129e+04   0.000000e+00   8087s
  413706    1.6339516e+02   1.522579e+04   0.000000e+00   8091s
  413876    1.6339587e+02   2.682429e+04   0.000000e+00   8096s
  414036    1.6339662e+02   4.672541e+04   0.000000e+00   8101s
  414206    1.6339742e+02   4.310242e+04   0.000000e+00   8106s
  414366    1.6339861e+02   6.170611e+03   0.000000e+00   8111s
  414526    1.6339937e+02   1.230681e+04   0.000000e+00   8116s
  414706    1.6340022e+02   4.530066e+03   0.000000e+00   8121s
  414886    1.6340106e+02   6.151488e+04   0.000000e+00   8126s
  415056    1.6340191e+02   2.780736e+03   0.000000e+00   8132s
  415226    1.6340273e+02   1.003600e+05   0.000000e+00   8137s
  415376    1.6340348e+02   1.814394e+04   0.000000e+00   8141s
  415536    1.6340423e+02   1.208809e+04   0.000000e+00   8146s
  415696    1.6340512e+02   1.928900e+05   0.000000e+00   8151s
  415856    1.6340591e+02   9.481269e+04   0.000000e+00   8155s
  416016    1.6340667e+02   7.543652e+03   0.000000e+00   8160s
  416186    1.6340767e+02   8.745024e+03   0.000000e+00   8165s
  416366    1.6340860e+02   3.967526e+03   0.000000e+00   8171s
  416526    1.6340922e+02   4.736954e+03   0.000000e+00   8175s
  416696    1.6340980e+02   4.196354e+04   0.000000e+00   8180s
  416876    1.6341060e+02   5.306677e+03   0.000000e+00   8186s
  417046    1.6341146e+02   4.990437e+03   0.000000e+00   8191s
  417206    1.6341207e+02   6.395615e+03   0.000000e+00   8195s
  417356    1.6341284e+02   1.865489e+04   0.000000e+00   8200s
  417676    1.6341460e+02   1.938004e+04   0.000000e+00   8210s
  417836    1.6341537e+02   3.113196e+03   0.000000e+00   8215s
  417996    1.6341609e+02   1.241283e+03   0.000000e+00   8219s
  418166    1.6341690e+02   4.222602e+03   0.000000e+00   8224s
  418326    1.6341770e+02   1.300301e+04   0.000000e+00   8229s
  418486    1.6341866e+02   3.437835e+04   0.000000e+00   8234s
  418646    1.6341946e+02   2.879568e+04   0.000000e+00   8239s
  418806    1.6342032e+02   3.392417e+04   0.000000e+00   8243s
  418966    1.6342127e+02   9.411198e+04   0.000000e+00   8248s
  419126    1.6342210e+02   4.119748e+04   0.000000e+00   8253s
  419286    1.6342311e+02   4.815423e+04   0.000000e+00   8258s
  419456    1.6342406e+02   1.506676e+04   0.000000e+00   8263s
  419616    1.6342517e+02   2.680694e+03   0.000000e+00   8268s
  419796    1.6342609e+02   9.356751e+03   0.000000e+00   8273s
  419966    1.6342688e+02   1.767271e+03   0.000000e+00   8278s
  420136    1.6342762e+02   2.473141e+04   0.000000e+00   8283s
  420316    1.6342840e+02   9.699651e+03   0.000000e+00   8288s
  420486    1.6342919e+02   1.525385e+04   0.000000e+00   8294s
  420656    1.6343008e+02   6.092464e+04   0.000000e+00   8299s
  420826    1.6343082e+02   9.084415e+03   0.000000e+00   8304s
  420996    1.6343154e+02   8.421294e+03   0.000000e+00   8309s
  421156    1.6343260e+02   1.298279e+04   0.000000e+00   8314s
  421316    1.6343350e+02   3.147411e+03   0.000000e+00   8319s
  421476    1.6343437e+02   8.037462e+03   0.000000e+00   8324s
  421646    1.6343530e+02   8.122918e+04   0.000000e+00   8329s
  421816    1.6343614e+02   2.183120e+04   0.000000e+00   8335s
  421996    1.6343706e+02   1.653635e+04   0.000000e+00   8340s
  422176    1.6343810e+02   1.514291e+04   0.000000e+00   8345s
  422346    1.6343910e+02   2.101443e+05   0.000000e+00   8350s
  422516    1.6343996e+02   3.642338e+04   0.000000e+00   8356s
  422696    1.6344080e+02   6.530540e+04   0.000000e+00   8361s
  422866    1.6344164e+02   3.072542e+04   0.000000e+00   8366s
  423036    1.6344254e+02   6.496546e+03   0.000000e+00   8371s
  423196    1.6344344e+02   1.812042e+05   0.000000e+00   8376s
  423376    1.6344445e+02   2.790447e+03   0.000000e+00   8381s
  423546    1.6344506e+02   8.901260e+03   0.000000e+00   8386s
  423736    1.6344595e+02   1.989003e+04   0.000000e+00   8392s
  423916    1.6344685e+02   7.246536e+03   0.000000e+00   8397s
  424096    1.6344779e+02   2.467808e+04   0.000000e+00   8402s
  424266    1.6344846e+02   1.506450e+04   0.000000e+00   8408s
  424436    1.6344924e+02   1.117111e+03   0.000000e+00   8413s
  424606    1.6345006e+02   8.321258e+04   0.000000e+00   8418s
  424766    1.6345108e+02   3.207893e+04   0.000000e+00   8423s
  424926    1.6345198e+02   5.194533e+04   0.000000e+00   8429s
  425086    1.6345284e+02   4.069229e+04   0.000000e+00   8434s
  425256    1.6345357e+02   1.724715e+03   0.000000e+00   8439s
  425426    1.6345420e+02   9.123055e+03   0.000000e+00   8444s
  425586    1.6345505e+02   8.991541e+03   0.000000e+00   8449s
  425746    1.6345580e+02   5.195029e+04   0.000000e+00   8454s
  425926    1.6345663e+02   5.928160e+03   0.000000e+00   8459s
  426096    1.6345735e+02   7.894580e+03   0.000000e+00   8464s
  426276    1.6345826e+02   7.648919e+03   0.000000e+00   8470s
  426446    1.6345897e+02   1.155040e+04   0.000000e+00   8475s
  426606    1.6345972e+02   3.152622e+03   0.000000e+00   8480s
  426776    1.6346037e+02   8.197090e+03   0.000000e+00   8485s
  426956    1.6346111e+02   3.132238e+03   0.000000e+00   8490s
  427136    1.6346187e+02   9.314896e+04   0.000000e+00   8496s
  427306    1.6346262e+02   2.493746e+04   0.000000e+00   8501s
  427476    1.6346324e+02   2.748404e+03   0.000000e+00   8506s
  427636    1.6346379e+02   3.569657e+03   0.000000e+00   8511s
  427796    1.6346461e+02   1.524248e+05   0.000000e+00   8516s
  427956    1.6346521e+02   1.580743e+05   0.000000e+00   8521s
  428116    1.6346584e+02   1.891462e+04   0.000000e+00   8526s
  428276    1.6346654e+02   5.677658e+04   0.000000e+00   8530s
  428446    1.6346736e+02   4.663032e+03   0.000000e+00   8536s
  428616    1.6346805e+02   4.811946e+04   0.000000e+00   8541s
  428796    1.6346894e+02   3.590766e+04   0.000000e+00   8546s
  428976    1.6346979e+02   7.274921e+03   0.000000e+00   8552s
  429146    1.6347054e+02   4.374322e+03   0.000000e+00   8557s
  429336    1.6347129e+02   4.725698e+04   0.000000e+00   8562s
  429506    1.6347200e+02   1.015788e+04   0.000000e+00   8568s
  429676    1.6347272e+02   3.186930e+04   0.000000e+00   8573s
  429846    1.6347332e+02   1.829522e+03   0.000000e+00   8578s
  430006    1.6347406e+02   1.277459e+04   0.000000e+00   8583s
  430166    1.6347498e+02   1.067989e+04   0.000000e+00   8588s
  430326    1.6347570e+02   2.464768e+04   0.000000e+00   8593s
  430486    1.6347630e+02   8.754959e+03   0.000000e+00   8598s
  430646    1.6347709e+02   1.328371e+03   0.000000e+00   8603s
  430806    1.6347799e+02   8.536320e+03   0.000000e+00   8608s
  430966    1.6347870e+02   2.623934e+04   0.000000e+00   8613s
  431146    1.6347942e+02   6.452407e+03   0.000000e+00   8618s
  431306    1.6348002e+02   3.562176e+03   0.000000e+00   8623s
  431476    1.6348074e+02   5.176964e+03   0.000000e+00   8629s
  431656    1.6348162e+02   2.778067e+03   0.000000e+00   8634s
  431826    1.6348224e+02   7.639829e+04   0.000000e+00   8639s
  431986    1.6348289e+02   7.651311e+03   0.000000e+00   8644s
  432166    1.6348367e+02   1.886572e+04   0.000000e+00   8650s
  432336    1.6348430e+02   3.544636e+03   0.000000e+00   8655s
  432516    1.6348488e+02   2.333284e+03   0.000000e+00   8660s
  432686    1.6348554e+02   8.040828e+03   0.000000e+00   8666s
  432856    1.6348616e+02   4.820433e+03   0.000000e+00   8671s
  433036    1.6348679e+02   1.637071e+04   0.000000e+00   8676s
  433206    1.6348736e+02   1.424625e+05   0.000000e+00   8682s
  433376    1.6348789e+02   4.510565e+03   0.000000e+00   8687s
  433546    1.6348856e+02   5.571937e+04   0.000000e+00   8692s
  433716    1.6348935e+02   5.608677e+03   0.000000e+00   8697s
  433906    1.6349026e+02   4.264495e+03   0.000000e+00   8703s
  434096    1.6349108e+02   5.188532e+04   0.000000e+00   8709s
  434286    1.6349177e+02   5.061920e+03   0.000000e+00   8714s
  434476    1.6349245e+02   9.558899e+03   0.000000e+00   8720s
  434666    1.6349308e+02   8.668329e+04   0.000000e+00   8726s
  434856    1.6349389e+02   1.749979e+04   0.000000e+00   8732s
  435046    1.6349447e+02   7.396766e+04   0.000000e+00   8738s
  435226    1.6349516e+02   2.663103e+04   0.000000e+00   8743s
  435416    1.6349586e+02   5.103758e+03   0.000000e+00   8749s
  435596    1.6349647e+02   6.909458e+03   0.000000e+00   8754s
  435766    1.6349722e+02   6.933798e+03   0.000000e+00   8760s
  435926    1.6349791e+02   1.598826e+04   0.000000e+00   8765s
  436086    1.6349851e+02   2.368853e+03   0.000000e+00   8770s
  436246    1.6349916e+02   6.942703e+03   0.000000e+00   8775s
  436426    1.6349990e+02   2.387209e+03   0.000000e+00   8780s
  436606    1.6350068e+02   5.443151e+04   0.000000e+00   8786s
  436766    1.6350138e+02   1.169066e+04   0.000000e+00   8791s
  436946    1.6350220e+02   1.344878e+04   0.000000e+00   8797s
  437136    1.6350294e+02   3.149669e+04   0.000000e+00   8802s
  437316    1.6350370e+02   6.096825e+03   0.000000e+00   8808s
  437496    1.6350429e+02   2.058056e+03   0.000000e+00   8813s
  437666    1.6350483e+02   1.291014e+04   0.000000e+00   8819s
  437836    1.6350551e+02   7.905481e+03   0.000000e+00   8824s
  438016    1.6350630e+02   6.289560e+03   0.000000e+00   8830s
  438196    1.6350719e+02   8.229268e+03   0.000000e+00   8835s
  438376    1.6350797e+02   2.678512e+03   0.000000e+00   8841s
  438556    1.6350862e+02   2.360016e+04   0.000000e+00   8846s
  438726    1.6350921e+02   2.575777e+04   0.000000e+00   8852s
  438906    1.6350988e+02   4.314485e+03   0.000000e+00   8857s
  439076    1.6351059e+02   6.340229e+03   0.000000e+00   8862s
  439256    1.6351136e+02   1.017922e+04   0.000000e+00   8868s
  439426    1.6351226e+02   1.061890e+04   0.000000e+00   8874s
  439606    1.6351285e+02   2.713564e+04   0.000000e+00   8879s
  439786    1.6351339e+02   1.093696e+04   0.000000e+00   8885s
  439956    1.6351406e+02   1.613255e+04   0.000000e+00   8890s
  440126    1.6351460e+02   1.777533e+04   0.000000e+00   8896s
  440306    1.6351552e+02   6.028896e+03   0.000000e+00   8901s
  440476    1.6351621e+02   2.166863e+03   0.000000e+00   8906s
  440656    1.6351693e+02   2.976517e+03   0.000000e+00   8912s
  440826    1.6351760e+02   6.933079e+04   0.000000e+00   8917s
  441006    1.6351827e+02   4.285005e+04   0.000000e+00   8923s
  441176    1.6351891e+02   3.557407e+03   0.000000e+00   8929s
  441356    1.6351962e+02   1.446186e+04   0.000000e+00   8934s
  441526    1.6352016e+02   1.356699e+04   0.000000e+00   8940s
  441706    1.6352090e+02   7.622669e+03   0.000000e+00   8945s
  441886    1.6352154e+02   7.353850e+02   0.000000e+00   8951s
  442076    1.6352217e+02   1.050386e+04   0.000000e+00   8957s
  442256    1.6352287e+02   1.320229e+04   0.000000e+00   8963s
  442446    1.6352353e+02   4.450267e+03   0.000000e+00   8969s
  442606    1.6352411e+02   1.691047e+04   0.000000e+00   8974s
  442776    1.6352471e+02   5.273421e+03   0.000000e+00   8979s
  442956    1.6352534e+02   3.539626e+03   0.000000e+00   8985s
  443136    1.6352614e+02   9.752389e+04   0.000000e+00   8991s
  443316    1.6352694e+02   3.080805e+03   0.000000e+00   8997s
  443496    1.6352773e+02   6.357785e+04   0.000000e+00   9002s
  443676    1.6352839e+02   3.075045e+03   0.000000e+00   9008s
  443846    1.6352907e+02   1.352888e+04   0.000000e+00   9014s
  444026    1.6352985e+02   1.407392e+04   0.000000e+00   9019s
  444206    1.6353047e+02   3.837788e+03   0.000000e+00   9025s
  444386    1.6353113e+02   6.232592e+03   0.000000e+00   9031s
  444556    1.6353177e+02   1.568230e+04   0.000000e+00   9036s
  444736    1.6353254e+02   6.744775e+03   0.000000e+00   9042s
  444926    1.6353315e+02   1.178486e+03   0.000000e+00   9048s
  445116    1.6353380e+02   1.440281e+03   0.000000e+00   9054s
  445296    1.6353452e+02   2.653282e+03   0.000000e+00   9060s
  445476    1.6353504e+02   2.280161e+04   0.000000e+00   9066s
  445676    1.6353583e+02   1.876041e+04   0.000000e+00   9072s
  445866    1.6353663e+02   1.219612e+04   0.000000e+00   9078s
  446056    1.6353730e+02   7.660488e+03   0.000000e+00   9084s
  446236    1.6353796e+02   4.898622e+03   0.000000e+00   9090s
  446406    1.6353865e+02   6.637653e+03   0.000000e+00   9095s
  446596    1.6353935e+02   6.291176e+03   0.000000e+00   9101s
  446776    1.6354005e+02   1.167374e+04   0.000000e+00   9107s
  446956    1.6354070e+02   2.961764e+04   0.000000e+00   9113s
  447136    1.6354124e+02   1.694849e+04   0.000000e+00   9118s
  447316    1.6354187e+02   1.641631e+04   0.000000e+00   9124s
  447496    1.6354246e+02   8.928524e+03   0.000000e+00   9130s
  447666    1.6354319e+02   6.887610e+03   0.000000e+00   9136s
  447846    1.6354396e+02   1.222363e+04   0.000000e+00   9142s
  448026    1.6354460e+02   2.364550e+04   0.000000e+00   9147s
  448206    1.6354545e+02   5.324610e+04   0.000000e+00   9153s
  448386    1.6354620e+02   6.547684e+03   0.000000e+00   9159s
  448556    1.6354675e+02   9.345219e+03   0.000000e+00   9165s
  448736    1.6354726e+02   5.144197e+03   0.000000e+00   9171s
  448916    1.6354784e+02   1.932660e+03   0.000000e+00   9176s
  449086    1.6354855e+02   2.607689e+04   0.000000e+00   9182s
  449266    1.6354925e+02   1.617823e+03   0.000000e+00   9188s
  449456    1.6354996e+02   2.598498e+03   0.000000e+00   9194s
  449636    1.6355059e+02   7.196975e+03   0.000000e+00   9200s
  449816    1.6355129e+02   1.152873e+04   0.000000e+00   9206s
  449996    1.6355190e+02   7.391992e+03   0.000000e+00   9212s
  450176    1.6355251e+02   4.054413e+03   0.000000e+00   9218s
  450356    1.6355308e+02   1.652243e+03   0.000000e+00   9223s
  450546    1.6355379e+02   1.783539e+03   0.000000e+00   9230s
  450746    1.6355445e+02   1.554788e+03   0.000000e+00   9236s
  450936    1.6355495e+02   6.511260e+03   0.000000e+00   9242s
  451116    1.6355560e+02   6.845406e+03   0.000000e+00   9248s
  451306    1.6355633e+02   2.579862e+03   0.000000e+00   9254s
  451496    1.6355692e+02   2.253458e+03   0.000000e+00   9260s
  451676    1.6355756e+02   1.603125e+04   0.000000e+00   9266s
  451866    1.6355814e+02   6.063465e+04   0.000000e+00   9272s
  452046    1.6355876e+02   1.264234e+04   0.000000e+00   9278s
  452246    1.6355949e+02   1.330396e+05   0.000000e+00   9285s
  452446    1.6356014e+02   1.127939e+03   0.000000e+00   9291s
  452636    1.6356078e+02   8.577980e+03   0.000000e+00   9297s
  452816    1.6356137e+02   4.161076e+03   0.000000e+00   9303s
  452986    1.6356194e+02   6.634959e+02   0.000000e+00   9309s
  453176    1.6356263e+02   1.143496e+04   0.000000e+00   9315s
  453366    1.6356345e+02   3.502487e+03   0.000000e+00   9321s
  453546    1.6356395e+02   9.561636e+03   0.000000e+00   9327s
  453716    1.6356452e+02   5.249427e+03   0.000000e+00   9333s
  453886    1.6356512e+02   6.698752e+03   0.000000e+00   9338s
  454056    1.6356558e+02   1.268045e+04   0.000000e+00   9344s
  454236    1.6356626e+02   5.376851e+03   0.000000e+00   9350s
  454396    1.6356681e+02   2.052396e+03   0.000000e+00   9356s
  454566    1.6356738e+02   5.451883e+03   0.000000e+00   9361s
  454736    1.6356810e+02   2.665768e+03   0.000000e+00   9367s
  454916    1.6356877e+02   4.354663e+03   0.000000e+00   9373s
  455096    1.6356926e+02   5.177799e+03   0.000000e+00   9379s
  455276    1.6356987e+02   1.107785e+04   0.000000e+00   9384s
  455446    1.6357044e+02   2.192703e+04   0.000000e+00   9390s
  455636    1.6357115e+02   1.358084e+04   0.000000e+00   9396s
  455816    1.6357171e+02   1.275806e+03   0.000000e+00   9402s
  455996    1.6357245e+02   4.231215e+03   0.000000e+00   9408s
  456176    1.6357312e+02   2.011636e+03   0.000000e+00   9414s
  456376    1.6357383e+02   1.593110e+04   0.000000e+00   9421s
  456586    1.6357464e+02   3.309215e+03   0.000000e+00   9427s
  456786    1.6357535e+02   2.859932e+03   0.000000e+00   9434s
  456976    1.6357607e+02   7.556875e+03   0.000000e+00   9440s
  457156    1.6357658e+02   3.571407e+04   0.000000e+00   9446s
  457336    1.6357713e+02   2.441613e+04   0.000000e+00   9452s
  457516    1.6357757e+02   8.585662e+02   0.000000e+00   9458s
  457716    1.6357802e+02   6.802234e+03   0.000000e+00   9464s
  457896    1.6357854e+02   6.710728e+02   0.000000e+00   9470s
  458076    1.6357901e+02   2.275300e+03   0.000000e+00   9476s
  458256    1.6357955e+02   1.013164e+04   0.000000e+00   9482s
  458426    1.6358015e+02   3.401584e+04   0.000000e+00   9488s
  458606    1.6358060e+02   2.111693e+03   0.000000e+00   9493s
  458776    1.6358110e+02   5.970379e+03   0.000000e+00   9499s
  458946    1.6358155e+02   1.996887e+03   0.000000e+00   9505s
  459136    1.6358206e+02   1.301877e+04   0.000000e+00   9511s
  459316    1.6358251e+02   2.003886e+04   0.000000e+00   9517s
  459506    1.6358316e+02   1.394951e+03   0.000000e+00   9523s
  459706    1.6358363e+02   1.315151e+04   0.000000e+00   9530s
  459906    1.6358416e+02   3.102556e+03   0.000000e+00   9537s
  460106    1.6358471e+02   2.331054e+03   0.000000e+00   9544s
  460306    1.6358522e+02   5.289327e+03   0.000000e+00   9550s
  460506    1.6358585e+02   8.190105e+03   0.000000e+00   9557s
  460706    1.6358648e+02   9.925184e+03   0.000000e+00   9563s
  460906    1.6358713e+02   2.180232e+03   0.000000e+00   9570s
  461086    1.6358772e+02   2.106635e+03   0.000000e+00   9576s
  461276    1.6358837e+02   8.058656e+03   0.000000e+00   9582s
  461476    1.6358909e+02   1.164389e+04   0.000000e+00   9589s
  461656    1.6358968e+02   2.383276e+03   0.000000e+00   9595s
  461846    1.6359020e+02   5.339193e+03   0.000000e+00   9602s
  462026    1.6359066e+02   4.634478e+03   0.000000e+00   9608s
  462206    1.6359107e+02   1.335415e+03   0.000000e+00   9614s
  462396    1.6359147e+02   2.855118e+03   0.000000e+00   9620s
  462566    1.6359189e+02   2.488425e+03   0.000000e+00   9626s
  462756    1.6359231e+02   1.546256e+04   0.000000e+00   9632s
  462956    1.6359283e+02   1.781975e+04   0.000000e+00   9639s
  463156    1.6359339e+02   2.219701e+03   0.000000e+00   9645s
  463326    1.6359388e+02   1.974259e+04   0.000000e+00   9651s
  463506    1.6359448e+02   1.795734e+04   0.000000e+00   9657s
  463686    1.6359509e+02   1.736071e+04   0.000000e+00   9663s
  463866    1.6359565e+02   4.543585e+03   0.000000e+00   9669s
  464046    1.6359612e+02   2.721789e+03   0.000000e+00   9676s
  464226    1.6359665e+02   1.185641e+04   0.000000e+00   9682s
  464426    1.6359715e+02   2.305420e+03   0.000000e+00   9688s
  464616    1.6359769e+02   2.839067e+03   0.000000e+00   9694s
  464806    1.6359828e+02   8.683676e+03   0.000000e+00   9701s
  465006    1.6359893e+02   1.315150e+03   0.000000e+00   9707s
  465206    1.6359958e+02   1.449339e+04   0.000000e+00   9714s
  465396    1.6360013e+02   1.235381e+03   0.000000e+00   9721s
  465596    1.6360057e+02   2.168095e+03   0.000000e+00   9727s
  465786    1.6360095e+02   2.951750e+04   0.000000e+00   9734s
  465976    1.6360147e+02   3.869932e+03   0.000000e+00   9740s
  466156    1.6360200e+02   4.860476e+03   0.000000e+00   9747s
  466366    1.6360252e+02   2.526561e+03   0.000000e+00   9753s
  466566    1.6360300e+02   1.523779e+03   0.000000e+00   9760s
  466776    1.6360364e+02   2.300571e+04   0.000000e+00   9767s
  466976    1.6360418e+02   1.941554e+03   0.000000e+00   9774s
  467166    1.6360465e+02   1.751555e+03   0.000000e+00   9780s
  467346    1.6360509e+02   3.621726e+03   0.000000e+00   9786s
  467526    1.6360543e+02   9.153415e+03   0.000000e+00   9793s
  467696    1.6360597e+02   1.193891e+03   0.000000e+00   9799s
  467876    1.6360656e+02   1.055188e+04   0.000000e+00   9805s
  468066    1.6360711e+02   1.097267e+04   0.000000e+00   9811s
  468286    1.6360780e+02   9.511389e+02   0.000000e+00   9819s
  468486    1.6360837e+02   3.973822e+04   0.000000e+00   9826s
  468686    1.6360897e+02   4.162242e+03   0.000000e+00   9832s
  468886    1.6360945e+02   4.327511e+03   0.000000e+00   9839s
  469076    1.6361001e+02   3.499793e+03   0.000000e+00   9846s
  469256    1.6361052e+02   2.029570e+03   0.000000e+00   9852s
  469426    1.6361094e+02   8.801658e+03   0.000000e+00   9858s
  469606    1.6361145e+02   1.887229e+03   0.000000e+00   9864s
  469796    1.6361202e+02   5.760464e+03   0.000000e+00   9871s
  469996    1.6361246e+02   1.090884e+04   0.000000e+00   9878s
  470206    1.6361302e+02   6.611059e+02   0.000000e+00   9885s
  470406    1.6361350e+02   1.373387e+04   0.000000e+00   9892s
  470606    1.6361399e+02   3.987499e+03   0.000000e+00   9899s
  470816    1.6361463e+02   8.237991e+03   0.000000e+00   9906s
  471026    1.6361525e+02   7.091952e+03   0.000000e+00   9912s
  471216    1.6361589e+02   3.759624e+03   0.000000e+00   9919s
  471426    1.6361646e+02   1.636452e+03   0.000000e+00   9926s
  471626    1.6361704e+02   5.255920e+03   0.000000e+00   9933s
  471836    1.6361760e+02   1.701799e+03   0.000000e+00   9940s
  472026    1.6361819e+02   9.775817e+03   0.000000e+00   9947s
  472246    1.6361898e+02   2.034227e+04   0.000000e+00   9954s
  472466    1.6361958e+02   1.057638e+03   0.000000e+00   9962s
  472666    1.6362015e+02   2.537395e+04   0.000000e+00   9969s
  472866    1.6362094e+02   1.405732e+05   0.000000e+00   9975s
  473066    1.6362147e+02   2.332661e+03   0.000000e+00   9982s
  473266    1.6362198e+02   1.183386e+04   0.000000e+00   9989s
  473476    1.6362252e+02   4.697733e+03   0.000000e+00   9996s
  473676    1.6362300e+02   1.009836e+03   0.000000e+00  10003s
  473866    1.6362374e+02   2.611788e+04   0.000000e+00  10010s
  474076    1.6362457e+02   2.565085e+03   0.000000e+00  10018s
  474276    1.6362549e+02   4.504644e+04   0.000000e+00  10025s
  474476    1.6362618e+02   2.034671e+03   0.000000e+00  10032s
  474656    1.6362672e+02   1.784136e+03   0.000000e+00  10038s
  474856    1.6362727e+02   1.690927e+04   0.000000e+00  10046s
  475056    1.6362776e+02   2.370407e+03   0.000000e+00  10053s
  475256    1.6362821e+02   2.211598e+04   0.000000e+00  10059s
  475446    1.6362867e+02   4.214765e+03   0.000000e+00  10066s
  475646    1.6362927e+02   3.278150e+03   0.000000e+00  10074s
  475856    1.6362993e+02   9.685641e+03   0.000000e+00  10081s
  476046    1.6363040e+02   2.663266e+04   0.000000e+00  10088s
  476246    1.6363096e+02   1.800171e+03   0.000000e+00  10095s
  476456    1.6363151e+02   4.354355e+03   0.000000e+00  10102s
  476666    1.6363197e+02   2.548195e+03   0.000000e+00  10109s
  476876    1.6363260e+02   1.007662e+04   0.000000e+00  10116s
  477076    1.6363319e+02   8.326517e+03   0.000000e+00  10123s
  477266    1.6363387e+02   3.359526e+03   0.000000e+00  10130s
  477456    1.6363439e+02   6.608478e+04   0.000000e+00  10137s
  477646    1.6363485e+02   2.342880e+04   0.000000e+00  10143s
  477846    1.6363551e+02   1.751485e+04   0.000000e+00  10150s
  478036    1.6363608e+02   5.517335e+03   0.000000e+00  10157s
  478226    1.6363668e+02   1.321727e+03   0.000000e+00  10164s
  478426    1.6363737e+02   1.364457e+03   0.000000e+00  10171s
  478616    1.6363782e+02   1.794093e+04   0.000000e+00  10177s
  478826    1.6363831e+02   6.424127e+03   0.000000e+00  10185s
  479016    1.6363874e+02   6.727981e+03   0.000000e+00  10191s
  479206    1.6363918e+02   4.619950e+03   0.000000e+00  10198s
  479396    1.6363967e+02   1.976999e+03   0.000000e+00  10205s
  479596    1.6364031e+02   7.917279e+02   0.000000e+00  10212s
  479796    1.6364093e+02   5.189428e+03   0.000000e+00  10219s
  479996    1.6364131e+02   6.444688e+03   0.000000e+00  10226s
  480186    1.6364179e+02   1.649333e+04   0.000000e+00  10233s
  480396    1.6364251e+02   4.108959e+03   0.000000e+00  10240s
  480606    1.6364316e+02   1.390868e+04   0.000000e+00  10248s
  480816    1.6364374e+02   2.000120e+03   0.000000e+00  10255s
  481006    1.6364420e+02   9.639810e+03   0.000000e+00  10262s
  481196    1.6364476e+02   7.589568e+03   0.000000e+00  10269s
  481406    1.6364527e+02   7.383969e+03   0.000000e+00  10276s
  481616    1.6364582e+02   7.232036e+02   0.000000e+00  10284s
  481816    1.6364631e+02   9.623116e+02   0.000000e+00  10291s
  482006    1.6364672e+02   1.211419e+04   0.000000e+00  10298s
  482206    1.6364723e+02   5.645471e+02   0.000000e+00  10305s
  482416    1.6364787e+02   3.912306e+03   0.000000e+00  10313s
  482626    1.6364858e+02   2.430119e+04   0.000000e+00  10320s
  482836    1.6364919e+02   2.214324e+03   0.000000e+00  10328s
  483026    1.6364969e+02   3.903181e+04   0.000000e+00  10335s
  483236    1.6365023e+02   1.263086e+03   0.000000e+00  10342s
  483426    1.6365072e+02   2.309500e+04   0.000000e+00  10349s
  483616    1.6365117e+02   2.036002e+03   0.000000e+00  10356s
  483816    1.6365167e+02   1.799776e+03   0.000000e+00  10363s
  484016    1.6365218e+02   5.214713e+03   0.000000e+00  10370s
  484206    1.6365276e+02   1.573173e+03   0.000000e+00  10377s
  484406    1.6365329e+02   1.809972e+03   0.000000e+00  10384s
  484606    1.6365378e+02   2.832838e+03   0.000000e+00  10391s
  484816    1.6365429e+02   3.389672e+03   0.000000e+00  10399s
  485026    1.6365478e+02   3.556002e+03   0.000000e+00  10406s
  485246    1.6365534e+02   6.796746e+02   0.000000e+00  10414s
  485456    1.6365573e+02   1.386517e+03   0.000000e+00  10422s
  485656    1.6365620e+02   2.209605e+04   0.000000e+00  10429s
  485846    1.6365666e+02   2.514795e+03   0.000000e+00  10436s
  486046    1.6365701e+02   1.312155e+03   0.000000e+00  10443s
  486246    1.6365748e+02   6.882154e+02   0.000000e+00  10451s
  486446    1.6365789e+02   3.970419e+04   0.000000e+00  10458s
  486656    1.6365836e+02   8.452411e+03   0.000000e+00  10465s
  486876    1.6365897e+02   3.621202e+03   0.000000e+00  10473s
  487086    1.6365946e+02   8.975388e+02   0.000000e+00  10481s
  487286    1.6366000e+02   5.039779e+03   0.000000e+00  10489s
  487526    1.6366065e+02   4.130393e+03   0.000000e+00  10497s
  487766    1.6366131e+02   2.248453e+04   0.000000e+00  10505s
  487976    1.6366181e+02   2.552728e+02   0.000000e+00  10513s
  488186    1.6366238e+02   1.554478e+03   0.000000e+00  10520s
  488396    1.6366280e+02   2.550556e+03   0.000000e+00  10527s
  488606    1.6366322e+02   8.335991e+03   0.000000e+00  10535s
  488816    1.6366372e+02   4.555876e+04   0.000000e+00  10542s
  489046    1.6366416e+02   5.062119e+03   0.000000e+00  10551s
  489256    1.6366467e+02   9.513222e+03   0.000000e+00  10558s
  489466    1.6366503e+02   6.732759e+02   0.000000e+00  10566s
  489676    1.6366540e+02   2.269966e+03   0.000000e+00  10573s
  489886    1.6366588e+02   6.577490e+03   0.000000e+00  10581s
  490086    1.6366645e+02   8.995547e+03   0.000000e+00  10588s
  490276    1.6366693e+02   5.301847e+03   0.000000e+00  10595s
  490476    1.6366743e+02   1.251285e+04   0.000000e+00  10603s
  490676    1.6366790e+02   6.592958e+03   0.000000e+00  10610s
  490866    1.6366827e+02   2.793598e+03   0.000000e+00  10617s
  491056    1.6366872e+02   5.921647e+03   0.000000e+00  10624s
  491256    1.6366920e+02   8.904677e+02   0.000000e+00  10632s
  491466    1.6366959e+02   3.316798e+03   0.000000e+00  10639s
  491686    1.6367012e+02   2.189019e+03   0.000000e+00  10647s
  491906    1.6367059e+02   7.787404e+03   0.000000e+00  10655s
  492116    1.6367112e+02   5.177187e+03   0.000000e+00  10663s
  492316    1.6367154e+02   1.860796e+03   0.000000e+00  10670s
  492526    1.6367200e+02   2.435819e+03   0.000000e+00  10678s
  492736    1.6367244e+02   1.396280e+03   0.000000e+00  10686s
  492956    1.6367291e+02   7.663300e+02   0.000000e+00  10694s
  493176    1.6367332e+02   5.507776e+02   0.000000e+00  10702s
  493396    1.6367383e+02   3.800057e+03   0.000000e+00  10710s
  493606    1.6367423e+02   3.851856e+03   0.000000e+00  10717s
  493826    1.6367462e+02   3.363214e+03   0.000000e+00  10725s
  494036    1.6367502e+02   9.573582e+02   0.000000e+00  10733s
  494256    1.6367543e+02   2.507257e+03   0.000000e+00  10741s
  494466    1.6367596e+02   3.331657e+03   0.000000e+00  10749s
  494666    1.6367646e+02   3.748837e+03   0.000000e+00  10757s
  494886    1.6367697e+02   9.066014e+02   0.000000e+00  10765s
  495086    1.6367734e+02   4.448981e+02   0.000000e+00  10772s
  495326    1.6367781e+02   1.664266e+03   0.000000e+00  10781s
  495566    1.6367834e+02   3.139817e+03   0.000000e+00  10790s
  495806    1.6367896e+02   1.452627e+03   0.000000e+00  10799s
  496036    1.6367942e+02   1.548592e+03   0.000000e+00  10807s
  496246    1.6367984e+02   5.816823e+02   0.000000e+00  10815s
  496456    1.6368024e+02   1.408339e+03   0.000000e+00  10823s
  496656    1.6368065e+02   7.286727e+03   0.000000e+00  10831s
  496866    1.6368101e+02   3.741171e+03   0.000000e+00  10838s
  497076    1.6368129e+02   3.024789e+03   0.000000e+00  10846s
  497296    1.6368171e+02   8.057589e+02   0.000000e+00  10855s
  497516    1.6368213e+02   1.013146e+03   0.000000e+00  10863s
  497746    1.6368251e+02   1.962553e+03   0.000000e+00  10872s
  497956    1.6368298e+02   5.801570e+03   0.000000e+00  10880s
  498176    1.6368344e+02   2.985433e+03   0.000000e+00  10888s
  498376    1.6368388e+02   5.494502e+03   0.000000e+00  10896s
  498586    1.6368429e+02   1.166670e+04   0.000000e+00  10903s
  498786    1.6368471e+02   1.658922e+02   0.000000e+00  10911s
  498986    1.6368517e+02   5.296247e+02   0.000000e+00  10919s
  499196    1.6368557e+02   1.925175e+04   0.000000e+00  10927s
  499406    1.6368591e+02   1.769556e+03   0.000000e+00  10935s
  499616    1.6368635e+02   1.203322e+04   0.000000e+00  10943s
  499826    1.6368688e+02   5.231602e+03   0.000000e+00  10951s
  500036    1.6368739e+02   1.143973e+02   0.000000e+00  10959s
  500266    1.6368792e+02   1.159483e+03   0.000000e+00  10968s
  500476    1.6368838e+02   3.260350e+03   0.000000e+00  10976s
  500686    1.6368878e+02   5.085626e+02   0.000000e+00  10983s
  500896    1.6368920e+02   6.704970e+03   0.000000e+00  10991s
  501096    1.6368972e+02   1.102948e+03   0.000000e+00  10999s
  501316    1.6369012e+02   1.404732e+03   0.000000e+00  11007s
  501516    1.6369054e+02   4.567936e+02   0.000000e+00  11015s
  501726    1.6369102e+02   9.486423e+02   0.000000e+00  11023s
  501946    1.6369144e+02   7.033889e+02   0.000000e+00  11031s
  502166    1.6369190e+02   7.567192e+02   0.000000e+00  11040s
  502366    1.6369222e+02   3.851711e+03   0.000000e+00  11048s
  502566    1.6369267e+02   5.031295e+04   0.000000e+00  11056s
  502796    1.6369308e+02   1.746469e+03   0.000000e+00  11064s
  503016    1.6369354e+02   1.110192e+03   0.000000e+00  11073s
  503256    1.6369398e+02   3.720830e+02   0.000000e+00  11082s
  503486    1.6369439e+02   1.297408e+04   0.000000e+00  11090s
  503706    1.6369487e+02   1.284073e+03   0.000000e+00  11099s
  503926    1.6369529e+02   4.145080e+03   0.000000e+00  11108s
  504136    1.6369569e+02   6.612284e+02   0.000000e+00  11116s
  504346    1.6369609e+02   2.256615e+04   0.000000e+00  11124s
  504546    1.6369653e+02   9.942395e+02   0.000000e+00  11132s
  504766    1.6369699e+02   2.925922e+03   0.000000e+00  11141s
  505006    1.6369745e+02   5.565655e+03   0.000000e+00  11150s
  505226    1.6369787e+02   5.165851e+05   0.000000e+00  11159s
  505446    1.6369828e+02   1.981735e+04   0.000000e+00  11167s
  505656    1.6369868e+02   3.987609e+04   0.000000e+00  11176s
  505866    1.6369911e+02   5.057545e+03   0.000000e+00  11184s
  506076    1.6369955e+02   4.030457e+03   0.000000e+00  11192s
  506286    1.6369998e+02   5.931747e+02   0.000000e+00  11201s
  506506    1.6370050e+02   4.991207e+03   0.000000e+00  11209s
  506726    1.6370103e+02   1.518922e+04   0.000000e+00  11218s
  506966    1.6370162e+02   1.134730e+03   0.000000e+00  11227s
  507186    1.6370203e+02   1.007348e+03   0.000000e+00  11236s
  507416    1.6370247e+02   1.468856e+03   0.000000e+00  11245s
  507656    1.6370303e+02   3.522757e+02   0.000000e+00  11254s
  507886    1.6370373e+02   7.573623e+02   0.000000e+00  11263s
  508096    1.6370421e+02   8.474426e+02   0.000000e+00  11271s
  508306    1.6370471e+02   5.112669e+03   0.000000e+00  11280s
  508526    1.6370526e+02   1.246588e+03   0.000000e+00  11289s
  508736    1.6370578e+02   2.871531e+02   0.000000e+00  11297s
  508956    1.6370620e+02   1.244116e+03   0.000000e+00  11306s
  509176    1.6370662e+02   3.362058e+03   0.000000e+00  11315s
  509406    1.6370711e+02   5.495005e+02   0.000000e+00  11324s
  509626    1.6370759e+02   7.355551e+02   0.000000e+00  11332s
  509836    1.6370813e+02   2.500957e+03   0.000000e+00  11341s
  510056    1.6370878e+02   2.502683e+04   0.000000e+00  11350s
  510256    1.6370937e+02   3.502048e+03   0.000000e+00  11358s
  510476    1.6370983e+02   1.213315e+04   0.000000e+00  11367s
  510696    1.6371026e+02   1.067091e+04   0.000000e+00  11375s
  510916    1.6371062e+02   3.206769e+02   0.000000e+00  11385s
  511126    1.6371106e+02   2.336111e+02   0.000000e+00  11393s
  511366    1.6371150e+02   3.408937e+03   0.000000e+00  11403s
  511586    1.6371203e+02   1.489098e+03   0.000000e+00  11411s
  511806    1.6371263e+02   2.054687e+03   0.000000e+00  11420s
  512026    1.6371316e+02   1.548339e+03   0.000000e+00  11429s
  512246    1.6371361e+02   3.591106e+03   0.000000e+00  11438s
  512486    1.6371411e+02   7.472690e+03   0.000000e+00  11448s
  512726    1.6371448e+02   1.002901e+03   0.000000e+00  11457s
  512956    1.6371495e+02   3.278939e+02   0.000000e+00  11466s
  513176    1.6371566e+02   1.287245e+02   0.000000e+00  11475s
  513396    1.6371621e+02   8.549507e+03   0.000000e+00  11484s
  513616    1.6371670e+02   3.359108e+04   0.000000e+00  11493s
  513826    1.6371717e+02   9.698972e+03   0.000000e+00  11502s
  514046    1.6371760e+02   2.908755e+03   0.000000e+00  11511s
  514266    1.6371817e+02   5.071401e+03   0.000000e+00  11520s
  514506    1.6371864e+02   1.118346e+03   0.000000e+00  11529s
  514746    1.6371906e+02   2.493969e+03   0.000000e+00  11539s
  514986    1.6371961e+02   9.934297e+02   0.000000e+00  11548s
  515216    1.6372025e+02   8.980582e+02   0.000000e+00  11557s
  515456    1.6372095e+02   8.654837e+02   0.000000e+00  11567s
  515666    1.6372151e+02   2.437324e+03   0.000000e+00  11576s
  515886    1.6372192e+02   3.631482e+02   0.000000e+00  11585s
  516106    1.6372245e+02   8.988281e+02   0.000000e+00  11594s
  516336    1.6372295e+02   8.587251e+02   0.000000e+00  11604s
  516556    1.6372341e+02   1.441205e+02   0.000000e+00  11613s
  516786    1.6372398e+02   2.951712e+03   0.000000e+00  11622s
  517006    1.6372446e+02   1.907968e+02   0.000000e+00  11632s
  517236    1.6372488e+02   4.556774e+02   0.000000e+00  11641s
  517456    1.6372535e+02   6.520642e+01   0.000000e+00  11650s
  517676    1.6372597e+02   8.585037e+02   0.000000e+00  11659s
  517896    1.6372673e+02   1.065423e+03   0.000000e+00  11669s
  518126    1.6372756e+02   8.239258e+00   0.000000e+00  11678s
  518291    1.6372874e+02   0.000000e+00   0.000000e+00  11685s

Root relaxation: objective 1.637280e+02, 518291 iterations, 11606.09 seconds (25837.92 work units)

    Nodes    |    Current Node    |     Objective Bounds      |     Work
 Expl Unexpl |  Obj  Depth IntInf | Incumbent    BestBd   Gap | It/Node Time

     0     0  163.72803    0 7180  458.00000  163.72803  64.3%     - 11689s
H    0     0                     457.0000000  163.72803  64.2%     - 11689s
H    0     0                     369.0000000  163.72803  55.6%     - 11705s
H    0     0                     361.0000000  163.72803  54.6%     - 11705s
H    0     0                     354.0000000  163.72803  53.7%     - 11716s
H    0     0                     349.0000000  163.72803  53.1%     - 11761s
H    0     0                     347.0000000  163.72803  52.8%     - 11797s
H    0     0                     346.0000000  163.72803  52.7%     - 11797s
H    0     0                     344.0000000  163.72803  52.4%     - 11862s
H    0     0                     341.0000000  163.72803  52.0%     - 11907s
H    0     0                     339.0000000  163.72803  51.7%     - 12040s
H    0     0                     334.0000000  163.72803  51.0%     - 12046s
H    0     0                     330.0000000  163.72803  50.4%     - 12119s
H    0     0                     327.0000000  163.72803  49.9%     - 12154s
H    0     0                     323.0000000  163.72803  49.3%     - 12188s
H    0     0                     321.0000000  163.72803  49.0%     - 12188s
H    0     0                     316.0000000  163.72803  48.2%     - 12222s
H    0     0                     315.0000000  163.72803  48.0%     - 12222s
H    0     0                     313.0000000  163.72803  47.7%     - 12222s
H    0     0                     312.0000000  163.72803  47.5%     - 12246s
H    0     0                     310.0000000  163.72803  47.2%     - 12246s
H    0     0                     308.0000000  163.72803  46.8%     - 12246s
H    0     0                     306.0000000  163.72803  46.5%     - 12271s
H    0     0                     304.0000000  163.72803  46.1%     - 12296s
H    0     0                     303.0000000  163.72803  46.0%     - 12296s
H    0     0                     301.0000000  163.72803  45.6%     - 12368s
H    0     0                     298.0000000  163.72803  45.1%     - 12368s
H    0     0                     296.0000000  163.72803  44.7%     - 12429s
H    0     0                     295.0000000  163.72803  44.5%     - 12458s
H    0     0                     294.0000000  163.72803  44.3%     - 12486s
H    0     0                     293.0000000  163.72803  44.1%     - 12486s
H    0     0                     290.0000000  163.72803  43.5%     - 12516s
H    0     0                     289.0000000  163.72803  43.3%     - 12540s
H    0     0                     288.0000000  163.72803  43.1%     - 12569s
H    0     0                     287.0000000  163.72803  43.0%     - 12569s
H    0     0                     286.0000000  163.72803  42.8%     - 12619s
H    0     0                     285.0000000  163.72803  42.6%     - 12643s
H    0     0                     284.0000000  163.72803  42.3%     - 12707s
H    0     0                     283.0000000  163.72803  42.1%     - 12757s
H    0     0                     282.0000000  163.72803  41.9%     - 13041s
H    0     0                     281.0000000  163.72803  41.7%     - 13461s
H    0     0                     280.0000000  163.72803  41.5%     - 13467s
H    0     0                     279.0000000  163.72803  41.3%     - 13486s

Cutting planes:
  Flow cover: 298

Explored 1 nodes (518291 simplex iterations) in 18003.04 seconds (31469.24 work units)
Thread count was 32 (of 32 available processors)

Solution count 10: 279 280 281 ... 288

Time limit reached
Best objective 2.790000000000e+02, best bound 1.640000000000e+02, gap 41.2186%

User-callback calls 283879, time in user-callback 0.77 sec
