
Gurobi 13.0.2 (linux64) logging started Tue Jul 28 02:58:13 2026

Set parameter LogFile to value "/tmp/sweep_20260727_224955_iran_alt400km_s10_i6_v10_gurobi.log"
Set parameter Method to value 1
Set parameter NodefileStart to value 4
Set parameter RINS to value 50
Gurobi Optimizer version 13.0.2 build v13.0.2rc1 (linux64 - "Debian GNU/Linux 13 (trixie)")

CPU model: Intel(R) Xeon(R) Platinum 8375C CPU @ 2.90GHz, instruction set [SSE2|AVX|AVX2|AVX512]
Thread count: 16 physical cores, 32 logical processors, using up to 32 threads

Non-default parameters:
TimeLimit  14400
MIPGap  0.001
Method  1
LPWarmStart  1
Heuristics  0.2
MIPFocus  1
NodefileStart  4
RINS  50
Symmetry  2
Cuts  2
CoverCuts  2
LogToConsole  0

Academic license 2812613 - for non-commercial use only - registered to no___@gatech.edu
Optimize a model with 63184 rows, 21540 columns and 19381692 nonzeros (Min)
Model fingerprint: 0x0934ccba
Model has 21540 linear objective coefficients
Variable types: 0 continuous, 21540 integer (21540 binary)
Coefficient statistics:
  Matrix range     [1e+00, 1e+00]
  Objective range  [1e+00, 1e+00]
  Bounds range     [1e+00, 1e+00]
  RHS range        [2e+00, 2e+00]

Found heuristic solution: objective 718.0000000
Presolve removed 0 rows and 0 columns (presolve time = 5s)...
Presolve removed 0 rows and 0 columns (presolve time = 11s)...
Presolve removed 0 rows and 0 columns (presolve time = 15s)...
Presolve removed 0 rows and 0 columns (presolve time = 20s)...
Presolve removed 0 rows and 0 columns (presolve time = 26s)...
Presolve removed 0 rows and 0 columns (presolve time = 30s)...
Presolve removed 0 rows and 0 columns (presolve time = 35s)...
Presolve removed 0 rows and 0 columns (presolve time = 40s)...
Presolve removed 0 rows and 0 columns (presolve time = 45s)...
Presolve removed 0 rows and 0 columns (presolve time = 50s)...
Presolve removed 0 rows and 0 columns (presolve time = 55s)...
Presolve removed 0 rows and 0 columns (presolve time = 60s)...
Presolve removed 0 rows and 0 columns (presolve time = 65s)...
Presolve removed 0 rows and 0 columns (presolve time = 70s)...
Presolve removed 0 rows and 0 columns (presolve time = 75s)...
Presolve removed 0 rows and 0 columns (presolve time = 80s)...
Presolve removed 0 rows and 0 columns (presolve time = 85s)...
Presolve removed 0 rows and 0 columns (presolve time = 90s)...
Presolve removed 0 rows and 0 columns (presolve time = 95s)...
Presolve removed 0 rows and 0 columns (presolve time = 100s)...
Presolve removed 0 rows and 0 columns (presolve time = 105s)...
Presolve removed 0 rows and 0 columns (presolve time = 110s)...
Presolve removed 0 rows and 0 columns (presolve time = 115s)...
Presolve removed 0 rows and 0 columns (presolve time = 120s)...
Presolve removed 0 rows and 0 columns (presolve time = 125s)...
Presolve removed 0 rows and 0 columns (presolve time = 130s)...
Presolve removed 0 rows and 0 columns (presolve time = 135s)...
Presolve removed 0 rows and 0 columns (presolve time = 140s)...
Presolve removed 0 rows and 0 columns (presolve time = 145s)...
Presolve removed 0 rows and 0 columns (presolve time = 150s)...
Presolve removed 0 rows and 0 columns (presolve time = 155s)...
Presolve removed 0 rows and 0 columns (presolve time = 160s)...
Presolve removed 0 rows and 0 columns (presolve time = 165s)...
Presolve removed 0 rows and 0 columns (presolve time = 170s)...
Presolve time: 173.03s
Presolved: 63184 rows, 21540 columns, 19381692 nonzeros
Variable types: 0 continuous, 21540 integer (21540 binary)

Root simplex log...

Iteration    Objective       Primal Inf.    Dual Inf.      Time
       0    0.0000000e+00   1.263680e+05   0.000000e+00    176s
    1859    1.0549448e+02   6.073253e+07   0.000000e+00    180s
    2948    1.1014611e+02   1.110074e+07   0.000000e+00    186s
Warning: Markowitz tolerance tightened to 0.25
    3759    1.1237199e+02   2.982646e+07   0.000000e+00    191s
    4469    1.1418123e+02   1.866413e+07   0.000000e+00    197s
    5119    1.1574254e+02   5.337510e+07   0.000000e+00    202s
    5559    1.1666677e+02   3.011675e+07   0.000000e+00    206s
    6059    1.1759909e+02   4.781677e+07   0.000000e+00    211s
    6509    1.1841953e+02   4.298025e+06   0.000000e+00    215s
    7069    1.1935876e+02   2.733328e+07   0.000000e+00    221s
    7469    1.2012656e+02   8.121968e+06   0.000000e+00    226s
    7849    1.2063472e+02   5.872513e+06   0.000000e+00    230s
    8329    1.2128123e+02   9.265738e+05   0.000000e+00    236s
    8689    1.2176910e+02   1.239663e+07   0.000000e+00    241s
    9029    1.2217576e+02   7.754106e+07   0.000000e+00    246s
    9359    1.2253188e+02   1.039680e+06   0.000000e+00    251s
    9689    1.2285973e+02   2.831684e+06   0.000000e+00    255s
   10019    1.2317608e+02   9.775525e+06   0.000000e+00    260s
   10329    1.2348693e+02   2.671566e+06   0.000000e+00    265s
   10649    1.2382078e+02   1.499943e+06   0.000000e+00    270s
   10959    1.2407772e+02   1.027475e+07   0.000000e+00    275s
   11259    1.2431236e+02   1.353117e+07   0.000000e+00    280s
   11559    1.2459118e+02   6.534642e+06   0.000000e+00    286s
   11859    1.2485910e+02   4.246122e+05   0.000000e+00    291s
   12159    1.2507871e+02   7.402922e+06   0.000000e+00    296s
   12449    1.2528611e+02   2.828372e+06   0.000000e+00    301s
   12729    1.2553473e+02   5.794160e+05   0.000000e+00    307s
   12919    1.2568017e+02   2.098377e+07   0.000000e+00    310s
   13199    1.2588658e+02   7.014425e+05   0.000000e+00    316s
   13509    1.2607957e+02   7.134758e+05   0.000000e+00    322s
   13719    1.2625896e+02   3.228915e+06   0.000000e+00    326s
   14019    1.2644137e+02   5.412082e+05   0.000000e+00    332s
   14219    1.2655255e+02   3.298445e+05   0.000000e+00    336s
   14439    1.2670899e+02   9.490497e+04   0.000000e+00    340s
   14719    1.2688299e+02   3.984695e+06   0.000000e+00    346s
   14939    1.2702366e+02   4.355222e+06   0.000000e+00    351s
   15189    1.2720664e+02   8.244687e+05   0.000000e+00    356s
   15429    1.2736108e+02   1.481808e+06   0.000000e+00    361s
   15669    1.2749990e+02   1.760619e+06   0.000000e+00    367s
   15919    1.2763390e+02   3.509527e+05   0.000000e+00    372s
   16159    1.2773800e+02   2.292317e+06   0.000000e+00    378s
   16279    1.2779759e+02   1.512755e+07   0.000000e+00    380s
   16519    1.2792694e+02   2.119054e+05   0.000000e+00    386s
   16759    1.2804144e+02   9.844055e+05   0.000000e+00    391s
   16999    1.2815889e+02   2.712269e+05   0.000000e+00    397s
   17239    1.2828087e+02   6.752106e+06   0.000000e+00    402s
   17359    1.2834246e+02   1.402580e+06   0.000000e+00    405s
   17599    1.2845243e+02   2.252651e+06   0.000000e+00    411s
   17839    1.2856820e+02   1.030888e+06   0.000000e+00    416s
   18079    1.2865624e+02   5.121986e+05   0.000000e+00    422s
   18199    1.2872321e+02   3.947786e+05   0.000000e+00    425s
   18429    1.2885010e+02   6.194648e+05   0.000000e+00    431s
   18659    1.2896817e+02   2.769536e+06   0.000000e+00    436s
   18889    1.2906351e+02   1.224734e+08   0.000000e+00    442s
   19109    1.2915679e+02   2.883328e+05   0.000000e+00    448s
   19229    1.2920906e+02   1.976184e+05   0.000000e+00    451s
   19449    1.2930057e+02   1.230252e+06   0.000000e+00    456s
   19669    1.2939920e+02   3.585498e+05   0.000000e+00    462s
   19889    1.2950069e+02   2.374822e+06   0.000000e+00    468s
   19999    1.2953888e+02   1.383516e+05   0.000000e+00    471s
   20239    1.2963514e+02   1.240501e+06   0.000000e+00    477s
   20459    1.2972147e+02   3.670918e+06   0.000000e+00    483s
   20569    1.2976753e+02   1.524201e+05   0.000000e+00    486s
   20789    1.2986201e+02   1.882400e+07   0.000000e+00    492s
   21009    1.2995116e+02   9.999279e+04   0.000000e+00    498s
   21119    1.2999747e+02   3.710217e+06   0.000000e+00    501s
   21339    1.3009355e+02   3.840836e+05   0.000000e+00    507s
   21559    1.3017540e+02   1.089935e+07   0.000000e+00    513s
   21679    1.3021448e+02   6.072133e+06   0.000000e+00    516s
   21919    1.3027883e+02   8.863976e+05   0.000000e+00    523s
   22029    1.3030764e+02   9.282837e+05   0.000000e+00    526s
   22259    1.3039823e+02   3.322369e+05   0.000000e+00    532s
   22369    1.3044386e+02   3.551806e+05   0.000000e+00    536s
   22589    1.3051195e+02   8.165002e+05   0.000000e+00    542s
   22809    1.3059711e+02   2.884812e+06   0.000000e+00    548s
   22919    1.3064060e+02   2.410500e+05   0.000000e+00    551s
   23139    1.3070976e+02   1.457120e+07   0.000000e+00    558s
   23269    1.3075869e+02   1.337157e+06   0.000000e+00    561s
   23399    1.3080491e+02   6.166417e+06   0.000000e+00    565s
   23639    1.3086461e+02   1.010672e+06   0.000000e+00    572s
   23749    1.3089581e+02   7.117433e+05   0.000000e+00    575s
   23999    1.3095389e+02   4.123297e+05   0.000000e+00    583s
   24129    1.3099302e+02   9.550060e+05   0.000000e+00    587s
   24249    1.3103099e+02   5.423099e+05   0.000000e+00    590s
   24499    1.3112383e+02   4.875730e+05   0.000000e+00    598s
   24619    1.3116682e+02   9.561256e+05   0.000000e+00    601s
   24869    1.3122756e+02   8.966826e+05   0.000000e+00    609s
   24989    1.3126472e+02   1.215985e+05   0.000000e+00    612s
   25099    1.3130003e+02   3.376277e+06   0.000000e+00    615s
   25339    1.3136029e+02   1.777789e+06   0.000000e+00    623s
   25459    1.3139992e+02   2.099715e+05   0.000000e+00    626s
   25589    1.3144785e+02   1.663952e+06   0.000000e+00    630s
   25829    1.3152543e+02   3.934259e+05   0.000000e+00    638s
   25949    1.3156071e+02   3.840367e+06   0.000000e+00    642s
   26079    1.3159807e+02   2.711020e+06   0.000000e+00    646s
   26339    1.3166947e+02   1.397710e+06   0.000000e+00    654s
   26469    1.3170428e+02   3.864069e+05   0.000000e+00    658s
   26599    1.3174677e+02   6.879854e+05   0.000000e+00    662s
   26729    1.3177841e+02   7.428714e+06   0.000000e+00    665s
   26989    1.3184793e+02   3.504983e+06   0.000000e+00    674s
   27119    1.3188325e+02   7.354246e+05   0.000000e+00    678s
   27239    1.3191630e+02   4.437378e+06   0.000000e+00    681s
   27359    1.3193688e+02   1.490376e+07   0.000000e+00    685s
   27619    1.3200237e+02   3.030209e+06   0.000000e+00    693s
   27749    1.3203604e+02   1.278279e+07   0.000000e+00    697s
   27869    1.3206646e+02   6.931373e+05   0.000000e+00    701s
   27999    1.3209323e+02   2.747825e+06   0.000000e+00    705s
   28239    1.3214084e+02   9.110532e+05   0.000000e+00    713s
   28369    1.3217069e+02   1.310947e+06   0.000000e+00    717s
   28489    1.3220152e+02   8.221724e+05   0.000000e+00    721s
   28619    1.3222980e+02   2.216118e+05   0.000000e+00    725s
   28869    1.3228785e+02   4.411456e+05   0.000000e+00    733s
   28989    1.3231892e+02   2.772718e+05   0.000000e+00    737s
   29119    1.3234849e+02   3.173438e+05   0.000000e+00    742s
   29239    1.3237623e+02   1.517823e+06   0.000000e+00    746s
   29479    1.3242850e+02   5.513730e+06   0.000000e+00    754s
   29599    1.3245657e+02   1.756335e+06   0.000000e+00    758s
   29719    1.3249661e+02   3.514714e+05   0.000000e+00    762s
   29849    1.3253618e+02   1.118400e+07   0.000000e+00    766s
   30089    1.3259150e+02   2.379429e+05   0.000000e+00    774s
   30209    1.3262323e+02   2.636327e+06   0.000000e+00    778s
   30329    1.3265127e+02   1.461457e+06   0.000000e+00    782s
   30449    1.3268334e+02   1.465857e+06   0.000000e+00    786s
   30689    1.3273096e+02   2.823199e+05   0.000000e+00    794s
   30819    1.3276008e+02   1.100075e+05   0.000000e+00    798s
   30939    1.3278868e+02   2.076337e+06   0.000000e+00    802s
   31059    1.3281678e+02   2.827584e+05   0.000000e+00    806s
   31179    1.3284660e+02   6.454418e+05   0.000000e+00    810s
   31419    1.3290090e+02   3.558472e+05   0.000000e+00    819s
   31539    1.3292267e+02   1.346225e+06   0.000000e+00    823s
   31659    1.3295792e+02   2.694548e+05   0.000000e+00    827s
   31779    1.3299138e+02   3.704843e+06   0.000000e+00    831s
   32019    1.3305432e+02   4.781456e+05   0.000000e+00    839s
   32139    1.3307722e+02   2.204928e+05   0.000000e+00    843s
   32259    1.3310132e+02   2.093748e+05   0.000000e+00    847s
   32379    1.3312587e+02   6.384602e+05   0.000000e+00    851s
   32509    1.3315614e+02   2.161117e+05   0.000000e+00    856s
   32629    1.3317871e+02   2.091801e+06   0.000000e+00    860s
   32879    1.3324715e+02   1.251429e+05   0.000000e+00    869s
   33009    1.3328255e+02   1.313757e+06   0.000000e+00    873s
   33129    1.3331651e+02   1.861196e+06   0.000000e+00    877s
   33249    1.3334861e+02   3.682065e+05   0.000000e+00    882s
   33369    1.3337508e+02   4.377430e+05   0.000000e+00    886s
   33499    1.3340136e+02   1.465866e+06   0.000000e+00    890s
   33759    1.3345675e+02   2.543281e+06   0.000000e+00    899s
   33879    1.3347771e+02   4.421869e+07   0.000000e+00    904s
   33999    1.3349599e+02   2.897788e+07   0.000000e+00    908s
   34119    1.3351465e+02   2.111720e+05   0.000000e+00    912s
   34239    1.3353933e+02   1.097362e+06   0.000000e+00    916s
   34369    1.3357289e+02   3.160432e+05   0.000000e+00    921s
   34489    1.3360239e+02   2.995062e+06   0.000000e+00    925s
   34729    1.3365533e+02   9.787958e+05   0.000000e+00    934s
   34839    1.3367966e+02   6.170250e+06   0.000000e+00    938s
   34959    1.3370190e+02   1.727769e+05   0.000000e+00    942s
   35069    1.3372439e+02   1.207372e+07   0.000000e+00    947s
   35199    1.3375007e+02   4.251153e+05   0.000000e+00    951s
   35329    1.3378207e+02   5.966412e+05   0.000000e+00    956s
   35469    1.3380973e+02   1.565889e+05   0.000000e+00    961s
   35589    1.3383182e+02   7.092190e+05   0.000000e+00    965s
   35719    1.3386197e+02   4.315262e+06   0.000000e+00    970s
   35849    1.3389412e+02   1.538221e+06   0.000000e+00    975s
   36089    1.3394143e+02   1.978428e+06   0.000000e+00    984s
   36209    1.3396595e+02   1.054693e+06   0.000000e+00    988s
   36319    1.3398230e+02   1.576240e+06   0.000000e+00    993s
   36449    1.3400775e+02   6.498209e+05   0.000000e+00    997s
   36569    1.3403904e+02   1.159721e+07   0.000000e+00   1002s
   36699    1.3406522e+02   2.213726e+05   0.000000e+00   1007s
   36829    1.3409217e+02   3.685618e+06   0.000000e+00   1012s
   36959    1.3411240e+02   1.606814e+06   0.000000e+00   1017s
   37099    1.3414291e+02   2.191310e+06   0.000000e+00   1022s
   37239    1.3416736e+02   1.139573e+06   0.000000e+00   1027s
   37359    1.3419128e+02   4.916898e+05   0.000000e+00   1032s
   37489    1.3421408e+02   3.130003e+06   0.000000e+00   1037s
   37609    1.3423716e+02   1.099968e+06   0.000000e+00   1041s
   37739    1.3426640e+02   1.641419e+07   0.000000e+00   1046s
   37869    1.3429356e+02   3.193767e+05   0.000000e+00   1051s
   37999    1.3431456e+02   9.347824e+05   0.000000e+00   1056s
   38119    1.3432961e+02   6.826123e+06   0.000000e+00   1061s
   38239    1.3435424e+02   2.991573e+05   0.000000e+00   1065s
   38479    1.3439928e+02   3.607619e+05   0.000000e+00   1074s
   38609    1.3442365e+02   2.063302e+05   0.000000e+00   1079s
   38729    1.3444892e+02   1.591742e+06   0.000000e+00   1084s
   38859    1.3446652e+02   3.528975e+05   0.000000e+00   1089s
   38989    1.3448721e+02   1.061783e+06   0.000000e+00   1094s
   39109    1.3450609e+02   4.810626e+07   0.000000e+00   1099s
   39229    1.3452770e+02   1.972016e+05   0.000000e+00   1103s
   39359    1.3454707e+02   1.829689e+06   0.000000e+00   1108s
   39479    1.3456540e+02   7.430522e+06   0.000000e+00   1113s
   39609    1.3458231e+02   4.593612e+06   0.000000e+00   1118s
   39739    1.3460315e+02   8.297297e+05   0.000000e+00   1123s
   39869    1.3462338e+02   1.275416e+06   0.000000e+00   1128s
   39999    1.3464699e+02   1.264180e+06   0.000000e+00   1133s
   40129    1.3466981e+02   6.328192e+05   0.000000e+00   1138s
   40269    1.3469612e+02   3.495640e+06   0.000000e+00   1143s
   40399    1.3472058e+02   5.569227e+06   0.000000e+00   1149s
   40529    1.3473849e+02   7.076600e+06   0.000000e+00   1154s
   40659    1.3475961e+02   6.340007e+05   0.000000e+00   1159s
   40789    1.3478179e+02   1.970317e+06   0.000000e+00   1164s
   40919    1.3479988e+02   5.261092e+05   0.000000e+00   1169s
   41039    1.3482542e+02   2.328271e+06   0.000000e+00   1174s
   41159    1.3484690e+02   3.109240e+06   0.000000e+00   1178s
   41289    1.3486727e+02   7.688693e+06   0.000000e+00   1183s
   41429    1.3488943e+02   6.896132e+05   0.000000e+00   1189s
   41559    1.3491012e+02   1.482157e+06   0.000000e+00   1194s
   41679    1.3493405e+02   2.620341e+05   0.000000e+00   1199s
   41809    1.3495665e+02   7.634539e+05   0.000000e+00   1204s
   41939    1.3498486e+02   3.295585e+05   0.000000e+00   1209s
   42069    1.3500876e+02   1.049588e+05   0.000000e+00   1214s
   42199    1.3503056e+02   7.420014e+05   0.000000e+00   1219s
   42319    1.3505164e+02   7.157229e+05   0.000000e+00   1224s
   42449    1.3507495e+02   1.188203e+06   0.000000e+00   1229s
   42589    1.3509492e+02   9.766997e+05   0.000000e+00   1235s
   42719    1.3511704e+02   8.076856e+05   0.000000e+00   1240s
   42849    1.3513646e+02   2.068962e+06   0.000000e+00   1245s
   42979    1.3515473e+02   3.041186e+06   0.000000e+00   1251s
   43109    1.3518362e+02   4.336645e+05   0.000000e+00   1256s
   43229    1.3520210e+02   1.215804e+06   0.000000e+00   1261s
   43359    1.3523094e+02   4.323403e+05   0.000000e+00   1266s
   43489    1.3525515e+02   2.054024e+06   0.000000e+00   1271s
   43609    1.3527477e+02   1.401453e+06   0.000000e+00   1276s
   43739    1.3529322e+02   6.748596e+06   0.000000e+00   1281s
   43869    1.3531522e+02   3.513577e+06   0.000000e+00   1287s
   43999    1.3533494e+02   2.193885e+06   0.000000e+00   1292s
   44129    1.3535755e+02   1.034606e+05   0.000000e+00   1297s
   44249    1.3537683e+02   2.384204e+06   0.000000e+00   1302s
   44379    1.3540071e+02   6.362406e+05   0.000000e+00   1307s
   44499    1.3542251e+02   7.813333e+05   0.000000e+00   1312s
   44619    1.3544275e+02   1.812799e+05   0.000000e+00   1317s
   44739    1.3545763e+02   3.382412e+05   0.000000e+00   1322s
   44869    1.3547800e+02   4.446111e+05   0.000000e+00   1327s
   44989    1.3549828e+02   5.666027e+05   0.000000e+00   1332s
   45109    1.3551732e+02   1.968726e+05   0.000000e+00   1337s
   45229    1.3554026e+02   2.448428e+05   0.000000e+00   1342s
   45349    1.3556598e+02   2.203009e+05   0.000000e+00   1347s
   45469    1.3557992e+02   2.094183e+05   0.000000e+00   1352s
   45599    1.3560111e+02   2.585760e+05   0.000000e+00   1357s
   45729    1.3561980e+02   1.258289e+05   0.000000e+00   1362s
   45849    1.3563894e+02   1.386958e+06   0.000000e+00   1367s
   45969    1.3565985e+02   3.181966e+05   0.000000e+00   1372s
   46099    1.3567805e+02   8.019079e+04   0.000000e+00   1377s
   46229    1.3569840e+02   1.038548e+06   0.000000e+00   1382s
   46359    1.3572079e+02   1.429410e+05   0.000000e+00   1387s
   46489    1.3573985e+02   1.029835e+07   0.000000e+00   1392s
   46619    1.3576059e+02   3.123089e+05   0.000000e+00   1398s
   46739    1.3577737e+02   6.395871e+05   0.000000e+00   1403s
   46869    1.3579812e+02   4.322009e+05   0.000000e+00   1408s
   46989    1.3581683e+02   1.212405e+05   0.000000e+00   1413s
   47109    1.3583597e+02   1.679508e+06   0.000000e+00   1418s
   47229    1.3585019e+02   7.139674e+05   0.000000e+00   1423s
   47349    1.3586917e+02   1.776323e+06   0.000000e+00   1428s
   47479    1.3588586e+02   1.819591e+05   0.000000e+00   1433s
   47599    1.3590610e+02   4.384890e+05   0.000000e+00   1438s
   47729    1.3592975e+02   1.938457e+05   0.000000e+00   1443s
   47859    1.3595648e+02   2.122992e+05   0.000000e+00   1449s
   47989    1.3598382e+02   3.009948e+05   0.000000e+00   1454s
   48109    1.3600385e+02   3.489565e+05   0.000000e+00   1459s
   48229    1.3602276e+02   2.402556e+05   0.000000e+00   1464s
   48349    1.3604627e+02   9.629782e+05   0.000000e+00   1469s
   48469    1.3606659e+02   9.212696e+07   0.000000e+00   1474s
   48589    1.3608393e+02   2.557849e+05   0.000000e+00   1479s
   48709    1.3610861e+02   7.298554e+05   0.000000e+00   1484s
   48829    1.3612611e+02   2.394105e+05   0.000000e+00   1489s
   48949    1.3614048e+02   2.956169e+05   0.000000e+00   1493s
   49069    1.3615998e+02   2.614234e+05   0.000000e+00   1498s
   49189    1.3617792e+02   1.016879e+05   0.000000e+00   1503s
   49319    1.3619823e+02   1.118357e+05   0.000000e+00   1509s
   49439    1.3621870e+02   1.186166e+05   0.000000e+00   1513s
   49559    1.3623380e+02   1.208982e+05   0.000000e+00   1518s
   49689    1.3625241e+02   8.366523e+04   0.000000e+00   1523s
   49819    1.3627031e+02   1.754393e+06   0.000000e+00   1529s
   49949    1.3628824e+02   5.055519e+05   0.000000e+00   1534s
   50079    1.3631024e+02   3.134655e+05   0.000000e+00   1539s
   50209    1.3632750e+02   1.261682e+05   0.000000e+00   1544s
   50339    1.3634521e+02   1.312521e+06   0.000000e+00   1549s
   50459    1.3635844e+02   2.303823e+05   0.000000e+00   1554s
   50589    1.3637802e+02   1.495849e+05   0.000000e+00   1559s
   50709    1.3639202e+02   1.060979e+05   0.000000e+00   1564s
   50849    1.3640642e+02   5.340694e+05   0.000000e+00   1570s
   50989    1.3642576e+02   1.161801e+06   0.000000e+00   1575s
   51119    1.3644342e+02   1.421085e+05   0.000000e+00   1581s
   51249    1.3646322e+02   3.770303e+05   0.000000e+00   1586s
   51379    1.3648172e+02   1.240208e+05   0.000000e+00   1591s
   51509    1.3650075e+02   2.653838e+05   0.000000e+00   1596s
   51639    1.3651968e+02   1.767116e+06   0.000000e+00   1601s
   51769    1.3653419e+02   2.894919e+05   0.000000e+00   1606s
   51899    1.3654562e+02   2.073767e+05   0.000000e+00   1611s
   52019    1.3655939e+02   8.284604e+06   0.000000e+00   1616s
   52139    1.3657562e+02   7.742739e+04   0.000000e+00   1621s
   52269    1.3658902e+02   5.372565e+05   0.000000e+00   1626s
   52389    1.3660388e+02   1.576872e+06   0.000000e+00   1631s
   52509    1.3661844e+02   2.587472e+05   0.000000e+00   1636s
   52639    1.3663439e+02   1.326593e+05   0.000000e+00   1642s
   52769    1.3664830e+02   9.998361e+04   0.000000e+00   1647s
   52909    1.3666557e+02   6.966795e+05   0.000000e+00   1652s
   53039    1.3667736e+02   1.655069e+06   0.000000e+00   1657s
   53179    1.3669250e+02   7.252080e+05   0.000000e+00   1663s
   53319    1.3670970e+02   6.573927e+05   0.000000e+00   1669s
   53449    1.3672573e+02   3.750974e+05   0.000000e+00   1674s
   53579    1.3674008e+02   6.881774e+05   0.000000e+00   1680s
   53709    1.3675718e+02   4.314050e+05   0.000000e+00   1685s
   53849    1.3677425e+02   1.057555e+05   0.000000e+00   1690s
   53979    1.3679112e+02   1.665971e+06   0.000000e+00   1695s
   54119    1.3681040e+02   2.302570e+05   0.000000e+00   1701s
   54269    1.3682828e+02   1.107742e+05   0.000000e+00   1707s
   54409    1.3684774e+02   1.176289e+05   0.000000e+00   1712s
   54549    1.3686620e+02   7.976324e+05   0.000000e+00   1718s
   54689    1.3688492e+02   4.715150e+05   0.000000e+00   1724s
   54829    1.3690186e+02   2.563297e+05   0.000000e+00   1729s
   54979    1.3692053e+02   9.908326e+05   0.000000e+00   1735s
   55109    1.3693427e+02   2.600438e+05   0.000000e+00   1740s
   55239    1.3695165e+02   3.469369e+05   0.000000e+00   1745s
   55369    1.3696469e+02   1.330372e+05   0.000000e+00   1750s
   55499    1.3698068e+02   8.084016e+04   0.000000e+00   1755s
   55619    1.3699676e+02   2.626237e+05   0.000000e+00   1760s
   55749    1.3701599e+02   4.616908e+05   0.000000e+00   1765s
   55879    1.3703018e+02   9.378494e+04   0.000000e+00   1771s
   56019    1.3704558e+02   1.579244e+05   0.000000e+00   1776s
   56149    1.3706144e+02   2.824134e+05   0.000000e+00   1781s
   56279    1.3707485e+02   6.530618e+05   0.000000e+00   1786s
   56419    1.3709053e+02   8.121213e+05   0.000000e+00   1792s
   56549    1.3710592e+02   1.696799e+05   0.000000e+00   1797s
   56679    1.3712049e+02   5.500898e+05   0.000000e+00   1802s
   56809    1.3713463e+02   9.922982e+04   0.000000e+00   1807s
   56939    1.3714760e+02   2.303310e+06   0.000000e+00   1812s
   57069    1.3716120e+02   3.105738e+06   0.000000e+00   1817s
   57199    1.3717591e+02   3.675815e+05   0.000000e+00   1822s
   57329    1.3719023e+02   1.113147e+05   0.000000e+00   1827s
   57459    1.3720339e+02   8.935265e+04   0.000000e+00   1832s
   57589    1.3721644e+02   1.343613e+05   0.000000e+00   1838s
   57719    1.3722722e+02   1.145208e+06   0.000000e+00   1843s
   57849    1.3724056e+02   1.138929e+05   0.000000e+00   1848s
   57979    1.3725186e+02   1.076750e+05   0.000000e+00   1853s
   58099    1.3726191e+02   7.772832e+05   0.000000e+00   1858s
   58229    1.3727348e+02   1.108839e+05   0.000000e+00   1863s
   58359    1.3728461e+02   8.971804e+05   0.000000e+00   1868s
   58479    1.3729539e+02   6.803561e+04   0.000000e+00   1873s
   58609    1.3730426e+02   7.603422e+05   0.000000e+00   1878s
   58739    1.3731760e+02   2.362766e+06   0.000000e+00   1883s
   58869    1.3733180e+02   3.197287e+05   0.000000e+00   1888s
   58999    1.3734514e+02   3.016242e+05   0.000000e+00   1893s
   59129    1.3735537e+02   2.887803e+05   0.000000e+00   1898s
   59259    1.3736763e+02   3.038003e+05   0.000000e+00   1903s
   59389    1.3738386e+02   3.810421e+05   0.000000e+00   1908s
   59519    1.3739790e+02   6.650218e+04   0.000000e+00   1913s
   59649    1.3741238e+02   5.773390e+05   0.000000e+00   1919s
   59779    1.3742677e+02   1.451911e+05   0.000000e+00   1924s
   59909    1.3744144e+02   6.059451e+05   0.000000e+00   1929s
   60039    1.3745386e+02   2.034516e+05   0.000000e+00   1934s
   60169    1.3746625e+02   2.021982e+05   0.000000e+00   1939s
   60299    1.3747779e+02   1.170760e+05   0.000000e+00   1944s
   60429    1.3748790e+02   9.554629e+04   0.000000e+00   1949s
   60559    1.3750068e+02   3.346047e+05   0.000000e+00   1954s
   60689    1.3751611e+02   1.209952e+05   0.000000e+00   1959s
   60819    1.3752864e+02   1.985548e+05   0.000000e+00   1964s
   60949    1.3754161e+02   2.202821e+05   0.000000e+00   1969s
   61079    1.3755707e+02   6.403929e+04   0.000000e+00   1974s
   61209    1.3756983e+02   1.989301e+05   0.000000e+00   1979s
   61339    1.3758221e+02   1.158641e+05   0.000000e+00   1984s
   61489    1.3759620e+02   9.154509e+05   0.000000e+00   1990s
   61629    1.3760919e+02   1.570745e+05   0.000000e+00   1995s
   61759    1.3761901e+02   1.815516e+05   0.000000e+00   2000s
   61889    1.3763109e+02   8.134312e+04   0.000000e+00   2005s
   62019    1.3764087e+02   1.148867e+06   0.000000e+00   2010s
   62149    1.3765351e+02   5.213635e+05   0.000000e+00   2015s
   62279    1.3766845e+02   6.029525e+04   0.000000e+00   2020s
   62419    1.3767994e+02   1.285810e+05   0.000000e+00   2025s
   62559    1.3769331e+02   7.597495e+05   0.000000e+00   2031s
   62689    1.3770676e+02   1.264163e+05   0.000000e+00   2036s
   62819    1.3772028e+02   3.318458e+05   0.000000e+00   2041s
   62949    1.3773368e+02   8.100128e+04   0.000000e+00   2046s
   63079    1.3774895e+02   2.119069e+05   0.000000e+00   2051s
   63209    1.3776168e+02   1.474925e+05   0.000000e+00   2056s
   63339    1.3777870e+02   4.089629e+06   0.000000e+00   2061s
   63469    1.3779087e+02   3.208310e+05   0.000000e+00   2066s
   63599    1.3779887e+02   7.977965e+05   0.000000e+00   2071s
   63729    1.3780848e+02   2.226963e+06   0.000000e+00   2076s
   63859    1.3782145e+02   1.326519e+05   0.000000e+00   2081s
   63999    1.3783559e+02   7.470381e+05   0.000000e+00   2086s
   64129    1.3784867e+02   1.034242e+05   0.000000e+00   2091s
   64259    1.3786094e+02   2.902146e+05   0.000000e+00   2096s
   64379    1.3787234e+02   5.192161e+05   0.000000e+00   2101s
   64509    1.3788587e+02   5.099872e+05   0.000000e+00   2106s
   64629    1.3789838e+02   1.195390e+06   0.000000e+00   2111s
   64759    1.3791173e+02   9.487475e+05   0.000000e+00   2116s
   64889    1.3792517e+02   1.794408e+05   0.000000e+00   2121s
   65009    1.3793407e+02   1.245028e+05   0.000000e+00   2126s
   65129    1.3794580e+02   1.215284e+06   0.000000e+00   2131s
   65259    1.3795980e+02   6.224236e+05   0.000000e+00   2137s
   65389    1.3797306e+02   1.421454e+05   0.000000e+00   2142s
   65519    1.3798798e+02   9.616540e+04   0.000000e+00   2147s
   65649    1.3800011e+02   9.038617e+05   0.000000e+00   2153s
   65779    1.3800917e+02   7.874317e+05   0.000000e+00   2158s
   65909    1.3802130e+02   7.764770e+05   0.000000e+00   2163s
   66029    1.3803393e+02   3.330790e+05   0.000000e+00   2169s
   66149    1.3804852e+02   7.533075e+04   0.000000e+00   2174s
   66269    1.3806513e+02   1.200543e+06   0.000000e+00   2179s
   66399    1.3807995e+02   2.087462e+05   0.000000e+00   2184s
   66529    1.3809495e+02   3.158822e+05   0.000000e+00   2190s
   66649    1.3811391e+02   7.058594e+05   0.000000e+00   2195s
   66779    1.3812567e+02   1.446261e+05   0.000000e+00   2200s
   66909    1.3813818e+02   7.965392e+06   0.000000e+00   2206s
   67039    1.3815471e+02   4.219701e+06   0.000000e+00   2211s
   67159    1.3816523e+02   8.113251e+04   0.000000e+00   2216s
   67289    1.3817858e+02   2.119796e+05   0.000000e+00   2222s
   67419    1.3819294e+02   3.674120e+05   0.000000e+00   2228s
   67549    1.3820698e+02   1.517450e+05   0.000000e+00   2233s
   67679    1.3822130e+02   2.360446e+05   0.000000e+00   2239s
   67799    1.3823460e+02   8.463355e+05   0.000000e+00   2244s
   67919    1.3824646e+02   1.640858e+05   0.000000e+00   2249s
   68049    1.3826291e+02   2.636562e+05   0.000000e+00   2254s
   68179    1.3827989e+02   1.420955e+05   0.000000e+00   2260s
   68299    1.3829153e+02   2.479627e+05   0.000000e+00   2265s
   68419    1.3830257e+02   1.019442e+05   0.000000e+00   2270s
   68549    1.3831438e+02   2.725724e+05   0.000000e+00   2276s
   68679    1.3832447e+02   2.490187e+05   0.000000e+00   2281s
   68809    1.3833668e+02   3.465787e+05   0.000000e+00   2287s
   68929    1.3834806e+02   3.648430e+05   0.000000e+00   2292s
   69059    1.3835770e+02   2.289076e+06   0.000000e+00   2298s
   69189    1.3836973e+02   2.166798e+05   0.000000e+00   2303s
   69319    1.3838311e+02   2.061902e+05   0.000000e+00   2309s
   69439    1.3839846e+02   8.319476e+05   0.000000e+00   2314s
   69569    1.3840838e+02   1.015626e+07   0.000000e+00   2320s
   69689    1.3842039e+02   8.030167e+05   0.000000e+00   2325s
   69809    1.3843553e+02   2.161517e+05   0.000000e+00   2330s
   69939    1.3844666e+02   2.076991e+06   0.000000e+00   2336s
   70069    1.3845622e+02   3.657175e+05   0.000000e+00   2341s
   70199    1.3846626e+02   1.954258e+05   0.000000e+00   2347s
   70329    1.3848207e+02   2.816785e+05   0.000000e+00   2353s
   70459    1.3849451e+02   3.195407e+05   0.000000e+00   2358s
   70589    1.3850714e+02   4.223260e+05   0.000000e+00   2364s
   70719    1.3851908e+02   6.089637e+05   0.000000e+00   2370s
   70839    1.3853103e+02   2.473793e+05   0.000000e+00   2375s
   70959    1.3854197e+02   8.764622e+05   0.000000e+00   2381s
   71089    1.3855197e+02   5.304228e+05   0.000000e+00   2386s
   71209    1.3856442e+02   1.547698e+06   0.000000e+00   2392s
   71329    1.3857382e+02   2.577012e+06   0.000000e+00   2397s
   71459    1.3858409e+02   2.499075e+06   0.000000e+00   2402s
   71589    1.3860040e+02   3.344358e+05   0.000000e+00   2408s
   71709    1.3861552e+02   1.512300e+06   0.000000e+00   2414s
   71839    1.3862972e+02   1.942330e+05   0.000000e+00   2420s
   71959    1.3864251e+02   2.421424e+06   0.000000e+00   2425s
   72089    1.3865520e+02   6.755563e+05   0.000000e+00   2431s
   72219    1.3866695e+02   1.837272e+06   0.000000e+00   2437s
   72349    1.3867699e+02   3.057174e+05   0.000000e+00   2443s
   72469    1.3868654e+02   1.178504e+06   0.000000e+00   2448s
   72599    1.3870026e+02   5.328274e+05   0.000000e+00   2454s
   72719    1.3871371e+02   2.779577e+05   0.000000e+00   2460s
   72839    1.3872569e+02   2.355133e+05   0.000000e+00   2465s
   72959    1.3873813e+02   1.240740e+05   0.000000e+00   2471s
   73079    1.3875402e+02   1.237707e+05   0.000000e+00   2476s
   73209    1.3876610e+02   9.178721e+04   0.000000e+00   2482s
   73329    1.3877708e+02   3.052947e+05   0.000000e+00   2487s
   73449    1.3878673e+02   8.826574e+06   0.000000e+00   2493s
   73559    1.3879404e+02   1.099303e+06   0.000000e+00   2498s
   73679    1.3880494e+02   1.053053e+07   0.000000e+00   2503s
   73799    1.3881383e+02   1.239935e+07   0.000000e+00   2509s
   73929    1.3882241e+02   2.510386e+05   0.000000e+00   2515s
   74059    1.3883425e+02   8.350453e+05   0.000000e+00   2521s
   74179    1.3884705e+02   8.876463e+05   0.000000e+00   2527s
   74309    1.3885730e+02   2.228214e+05   0.000000e+00   2533s
   74429    1.3886712e+02   2.994062e+05   0.000000e+00   2538s
   74549    1.3887929e+02   1.240876e+06   0.000000e+00   2544s
   74679    1.3889172e+02   2.634058e+05   0.000000e+00   2549s
   74809    1.3890436e+02   1.976090e+05   0.000000e+00   2555s
   74929    1.3891514e+02   7.517121e+05   0.000000e+00   2561s
   75049    1.3892590e+02   2.926994e+05   0.000000e+00   2566s
   75169    1.3893761e+02   7.234909e+05   0.000000e+00   2572s
   75309    1.3895163e+02   1.617083e+05   0.000000e+00   2578s
   75449    1.3896747e+02   2.114119e+05   0.000000e+00   2584s
   75589    1.3898243e+02   1.507788e+06   0.000000e+00   2591s
   75719    1.3899448e+02   5.640184e+05   0.000000e+00   2596s
   75849    1.3900725e+02   3.574983e+06   0.000000e+00   2602s
   75979    1.3901655e+02   1.258793e+06   0.000000e+00   2608s
   76109    1.3902644e+02   1.242006e+07   0.000000e+00   2614s
   76239    1.3903940e+02   6.376642e+04   0.000000e+00   2620s
   76369    1.3904924e+02   3.324963e+05   0.000000e+00   2626s
   76499    1.3905867e+02   2.953056e+05   0.000000e+00   2632s
   76629    1.3906630e+02   1.137969e+05   0.000000e+00   2638s
   76759    1.3907732e+02   9.609649e+04   0.000000e+00   2644s
   76889    1.3909162e+02   6.861585e+06   0.000000e+00   2650s
   77019    1.3910810e+02   5.370872e+05   0.000000e+00   2656s
   77159    1.3911998e+02   6.401354e+05   0.000000e+00   2662s
   77299    1.3913299e+02   2.725579e+05   0.000000e+00   2669s
   77439    1.3914672e+02   2.119738e+06   0.000000e+00   2675s
   77569    1.3915842e+02   9.081718e+04   0.000000e+00   2681s
   77699    1.3917221e+02   1.261395e+05   0.000000e+00   2687s
   77829    1.3918344e+02   1.327844e+05   0.000000e+00   2693s
   77959    1.3919733e+02   5.029607e+05   0.000000e+00   2699s
   78089    1.3920978e+02   5.876700e+05   0.000000e+00   2705s
   78219    1.3922628e+02   1.845677e+05   0.000000e+00   2711s
   78349    1.3923740e+02   1.600638e+05   0.000000e+00   2717s
   78479    1.3924976e+02   2.097615e+05   0.000000e+00   2723s
   78609    1.3926302e+02   2.280621e+06   0.000000e+00   2729s
   78739    1.3927332e+02   1.454820e+06   0.000000e+00   2736s
   78869    1.3928359e+02   5.357482e+05   0.000000e+00   2742s
   78999    1.3929164e+02   1.081021e+05   0.000000e+00   2748s
   79129    1.3930273e+02   2.329967e+05   0.000000e+00   2754s
   79259    1.3931230e+02   2.099869e+06   0.000000e+00   2760s
   79399    1.3932779e+02   5.218855e+05   0.000000e+00   2766s
   79529    1.3933763e+02   1.699892e+06   0.000000e+00   2772s
   79659    1.3934787e+02   3.690535e+06   0.000000e+00   2779s
   79789    1.3935729e+02   3.849371e+06   0.000000e+00   2784s
   79909    1.3936723e+02   5.065146e+05   0.000000e+00   2790s
   80029    1.3937666e+02   2.157217e+05   0.000000e+00   2796s
   80149    1.3938609e+02   1.607385e+05   0.000000e+00   2802s
   80279    1.3939491e+02   7.554597e+05   0.000000e+00   2808s
   80389    1.3940280e+02   6.325434e+05   0.000000e+00   2813s
   80509    1.3941140e+02   1.981658e+05   0.000000e+00   2819s
   80639    1.3942103e+02   2.070746e+05   0.000000e+00   2825s
   80769    1.3943348e+02   4.346941e+05   0.000000e+00   2831s
   80899    1.3944645e+02   1.173382e+07   0.000000e+00   2837s
   81029    1.3945653e+02   1.052981e+05   0.000000e+00   2843s
   81149    1.3946328e+02   1.339212e+05   0.000000e+00   2849s
   81279    1.3947698e+02   6.285273e+05   0.000000e+00   2855s
   81399    1.3948780e+02   4.827176e+05   0.000000e+00   2861s
   81519    1.3949794e+02   2.790068e+06   0.000000e+00   2867s
   81649    1.3950984e+02   3.793089e+05   0.000000e+00   2873s
   81779    1.3952079e+02   1.913092e+05   0.000000e+00   2879s
   81909    1.3953137e+02   2.576774e+05   0.000000e+00   2885s
   82039    1.3954278e+02   1.227705e+05   0.000000e+00   2891s
   82169    1.3955419e+02   7.269797e+05   0.000000e+00   2897s
   82299    1.3956312e+02   2.828968e+05   0.000000e+00   2903s
   82429    1.3957286e+02   4.105118e+06   0.000000e+00   2909s
   82559    1.3958487e+02   1.214217e+05   0.000000e+00   2915s
   82689    1.3959473e+02   3.215446e+05   0.000000e+00   2921s
   82819    1.3960525e+02   8.960896e+05   0.000000e+00   2928s
   82949    1.3961795e+02   1.130956e+05   0.000000e+00   2934s
   83079    1.3963154e+02   1.529725e+06   0.000000e+00   2940s
   83209    1.3964374e+02   5.306744e+05   0.000000e+00   2946s
   83339    1.3965342e+02   9.255684e+05   0.000000e+00   2952s
   83469    1.3966181e+02   9.754671e+04   0.000000e+00   2958s
   83599    1.3967033e+02   2.367781e+05   0.000000e+00   2964s
   83729    1.3968102e+02   1.777891e+05   0.000000e+00   2970s
   83859    1.3969376e+02   8.054908e+05   0.000000e+00   2977s
   83989    1.3970255e+02   1.043991e+07   0.000000e+00   2983s
   84119    1.3971336e+02   1.159818e+07   0.000000e+00   2989s
   84239    1.3972315e+02   2.497783e+05   0.000000e+00   2995s
   84369    1.3973333e+02   1.448320e+05   0.000000e+00   3001s
   84499    1.3974432e+02   3.665108e+05   0.000000e+00   3008s
   84639    1.3975606e+02   1.322915e+05   0.000000e+00   3014s
   84769    1.3976803e+02   8.370319e+06   0.000000e+00   3020s
   84899    1.3978165e+02   3.789995e+05   0.000000e+00   3027s
   85029    1.3979190e+02   2.628301e+05   0.000000e+00   3033s
   85159    1.3980301e+02   8.222734e+05   0.000000e+00   3039s
   85289    1.3981360e+02   9.947412e+04   0.000000e+00   3045s
   85409    1.3982423e+02   3.957809e+04   0.000000e+00   3051s
   85529    1.3983412e+02   4.876100e+05   0.000000e+00   3057s
   85649    1.3984309e+02   4.378443e+05   0.000000e+00   3062s
   85769    1.3985392e+02   7.873338e+06   0.000000e+00   3068s
   85899    1.3986786e+02   5.268500e+05   0.000000e+00   3075s
   86029    1.3988095e+02   1.950237e+05   0.000000e+00   3081s
   86159    1.3989110e+02   1.592159e+06   0.000000e+00   3087s
   86279    1.3989984e+02   4.488704e+05   0.000000e+00   3093s
   86399    1.3991075e+02   1.914230e+05   0.000000e+00   3099s
   86519    1.3992110e+02   5.008185e+05   0.000000e+00   3105s
   86639    1.3993125e+02   2.178981e+05   0.000000e+00   3111s
   86759    1.3994188e+02   7.729964e+05   0.000000e+00   3117s
   86889    1.3995395e+02   5.851019e+04   0.000000e+00   3123s
   87009    1.3996392e+02   4.636103e+06   0.000000e+00   3129s
   87139    1.3997284e+02   8.951187e+04   0.000000e+00   3135s
   87269    1.3998077e+02   1.598324e+05   0.000000e+00   3141s
   87399    1.3999151e+02   4.414750e+04   0.000000e+00   3147s
   87529    1.4000531e+02   2.972248e+05   0.000000e+00   3153s
   87649    1.4001615e+02   1.774135e+06   0.000000e+00   3159s
   87779    1.4002423e+02   2.213486e+06   0.000000e+00   3165s
   87899    1.4003291e+02   2.798629e+05   0.000000e+00   3171s
   88019    1.4004208e+02   4.487806e+06   0.000000e+00   3177s
   88149    1.4005359e+02   3.166657e+05   0.000000e+00   3183s
   88279    1.4006256e+02   4.651181e+05   0.000000e+00   3190s
   88399    1.4007299e+02   4.494907e+05   0.000000e+00   3196s
   88529    1.4008411e+02   1.895644e+06   0.000000e+00   3202s
   88669    1.4009372e+02   4.165981e+05   0.000000e+00   3208s
   88799    1.4010195e+02   1.601358e+06   0.000000e+00   3215s
   88929    1.4011083e+02   9.140210e+04   0.000000e+00   3221s
   89059    1.4012077e+02   2.017336e+05   0.000000e+00   3227s
   89189    1.4012949e+02   5.062562e+06   0.000000e+00   3233s
   89319    1.4013768e+02   5.650799e+05   0.000000e+00   3240s
   89439    1.4014688e+02   9.190323e+04   0.000000e+00   3246s
   89569    1.4015584e+02   2.331504e+05   0.000000e+00   3252s
   89709    1.4016830e+02   7.117123e+05   0.000000e+00   3258s
   89839    1.4017848e+02   6.605142e+06   0.000000e+00   3265s
   89959    1.4018761e+02   1.697115e+05   0.000000e+00   3271s
   90089    1.4019741e+02   1.514660e+05   0.000000e+00   3277s
   90219    1.4020673e+02   1.690102e+05   0.000000e+00   3283s
   90349    1.4021638e+02   1.376327e+05   0.000000e+00   3290s
   90489    1.4022863e+02   1.078407e+06   0.000000e+00   3296s
   90619    1.4023959e+02   1.033240e+05   0.000000e+00   3303s
   90759    1.4025130e+02   7.307852e+04   0.000000e+00   3309s
   90889    1.4026080e+02   2.621853e+05   0.000000e+00   3316s
   91029    1.4027034e+02   1.736402e+05   0.000000e+00   3322s
   91149    1.4027941e+02   2.019985e+05   0.000000e+00   3329s
   91279    1.4028922e+02   3.104678e+05   0.000000e+00   3335s
   91409    1.4029912e+02   8.495770e+05   0.000000e+00   3341s
   91529    1.4030563e+02   4.769551e+05   0.000000e+00   3347s
   91649    1.4031469e+02   3.507285e+05   0.000000e+00   3353s
   91779    1.4032232e+02   2.116977e+06   0.000000e+00   3360s
   91909    1.4033221e+02   5.716376e+05   0.000000e+00   3366s
   92039    1.4034145e+02   1.588926e+05   0.000000e+00   3372s
   92169    1.4034955e+02   1.578693e+06   0.000000e+00   3379s
   92299    1.4035876e+02   2.191326e+05   0.000000e+00   3385s
   92439    1.4036995e+02   9.729164e+05   0.000000e+00   3392s
   92569    1.4037998e+02   9.693530e+04   0.000000e+00   3398s
   92699    1.4038845e+02   1.112746e+06   0.000000e+00   3404s
   92829    1.4039786e+02   1.979414e+05   0.000000e+00   3411s
   92959    1.4040858e+02   1.253561e+05   0.000000e+00   3417s
   93089    1.4041830e+02   1.551758e+06   0.000000e+00   3424s
   93219    1.4042825e+02   5.190304e+05   0.000000e+00   3430s
   93349    1.4043759e+02   1.791722e+05   0.000000e+00   3436s
   93469    1.4044912e+02   1.266335e+05   0.000000e+00   3442s
   93599    1.4045742e+02   8.180806e+04   0.000000e+00   3449s
   93729    1.4046662e+02   6.602439e+04   0.000000e+00   3455s
   93859    1.4047458e+02   2.418826e+05   0.000000e+00   3461s
   94009    1.4048425e+02   2.402603e+06   0.000000e+00   3468s
   94139    1.4049213e+02   9.487762e+05   0.000000e+00   3474s
   94279    1.4050174e+02   1.209601e+06   0.000000e+00   3481s
   94409    1.4051001e+02   1.440571e+05   0.000000e+00   3487s
   94549    1.4052063e+02   1.924239e+05   0.000000e+00   3494s
   94689    1.4053105e+02   1.072161e+05   0.000000e+00   3501s
   94819    1.4053952e+02   9.651117e+04   0.000000e+00   3507s
   94959    1.4055023e+02   1.667901e+05   0.000000e+00   3514s
   95089    1.4055994e+02   2.110757e+05   0.000000e+00   3520s
   95229    1.4057002e+02   8.093599e+04   0.000000e+00   3527s
   95359    1.4057842e+02   2.001831e+06   0.000000e+00   3533s
   95489    1.4058668e+02   6.446178e+05   0.000000e+00   3539s
   95619    1.4059558e+02   9.356905e+05   0.000000e+00   3545s
   95749    1.4060518e+02   3.079427e+06   0.000000e+00   3552s
   95879    1.4061372e+02   3.060796e+07   0.000000e+00   3558s
   96009    1.4062122e+02   7.679062e+04   0.000000e+00   3564s
   96139    1.4062873e+02   1.081195e+06   0.000000e+00   3570s
   96259    1.4063716e+02   6.670688e+05   0.000000e+00   3576s
   96399    1.4064814e+02   7.926477e+04   0.000000e+00   3583s
   96539    1.4065833e+02   1.994917e+05   0.000000e+00   3589s
   96679    1.4066923e+02   1.123741e+05   0.000000e+00   3596s
   96809    1.4067686e+02   3.147389e+05   0.000000e+00   3602s
   96939    1.4068579e+02   2.320007e+05   0.000000e+00   3609s
   97059    1.4069545e+02   1.838137e+05   0.000000e+00   3615s
   97179    1.4070653e+02   1.619190e+06   0.000000e+00   3621s
   97299    1.4071580e+02   6.097029e+05   0.000000e+00   3626s
   97419    1.4072408e+02   9.847218e+05   0.000000e+00   3632s
   97549    1.4073216e+02   2.239266e+05   0.000000e+00   3639s
   97689    1.4074202e+02   1.278715e+06   0.000000e+00   3645s
   97819    1.4074970e+02   4.955904e+06   0.000000e+00   3652s
   97939    1.4075908e+02   8.065477e+05   0.000000e+00   3658s
   98069    1.4076687e+02   3.829450e+05   0.000000e+00   3664s
   98209    1.4077888e+02   1.732577e+05   0.000000e+00   3671s
   98339    1.4079031e+02   1.026041e+05   0.000000e+00   3678s
   98479    1.4080075e+02   8.336601e+04   0.000000e+00   3684s
   98609    1.4081177e+02   1.926751e+05   0.000000e+00   3691s
   98739    1.4081951e+02   1.867416e+06   0.000000e+00   3697s
   98879    1.4082703e+02   9.549270e+04   0.000000e+00   3704s
   99019    1.4083564e+02   3.033410e+05   0.000000e+00   3710s
   99149    1.4084471e+02   1.447245e+05   0.000000e+00   3717s
   99279    1.4085199e+02   5.625505e+06   0.000000e+00   3723s
   99409    1.4085815e+02   7.231959e+05   0.000000e+00   3730s
   99529    1.4086730e+02   1.374800e+05   0.000000e+00   3736s
   99649    1.4087292e+02   6.057536e+04   0.000000e+00   3742s
   99769    1.4088163e+02   3.457124e+05   0.000000e+00   3747s
   99899    1.4089123e+02   1.659905e+05   0.000000e+00   3754s
  100029    1.4090158e+02   6.287200e+04   0.000000e+00   3760s
  100159    1.4090948e+02   2.832538e+06   0.000000e+00   3766s
  100299    1.4091874e+02   3.579719e+05   0.000000e+00   3773s
  100439    1.4092779e+02   4.122218e+05   0.000000e+00   3780s
  100579    1.4093626e+02   6.634918e+05   0.000000e+00   3786s
  100709    1.4094318e+02   1.493639e+06   0.000000e+00   3792s
  100839    1.4094951e+02   2.033990e+05   0.000000e+00   3799s
  100969    1.4095720e+02   2.433013e+06   0.000000e+00   3805s
  101099    1.4096739e+02   1.691954e+06   0.000000e+00   3811s
  101229    1.4097713e+02   1.170304e+05   0.000000e+00   3817s
  101369    1.4098572e+02   2.486371e+05   0.000000e+00   3824s
  101499    1.4099538e+02   3.916568e+05   0.000000e+00   3830s
  101629    1.4100292e+02   5.424830e+05   0.000000e+00   3836s
  101759    1.4101122e+02   1.633020e+05   0.000000e+00   3843s
  101889    1.4101923e+02   9.018427e+05   0.000000e+00   3849s
  102029    1.4102793e+02   5.800802e+05   0.000000e+00   3856s
  102159    1.4103520e+02   2.136423e+05   0.000000e+00   3862s
  102289    1.4104555e+02   5.710910e+05   0.000000e+00   3868s
  102429    1.4105383e+02   1.979602e+05   0.000000e+00   3875s
  102559    1.4106152e+02   1.631062e+05   0.000000e+00   3881s
  102699    1.4106715e+02   1.150329e+05   0.000000e+00   3888s
  102839    1.4107501e+02   1.642741e+06   0.000000e+00   3894s
  102969    1.4108502e+02   6.680272e+05   0.000000e+00   3901s
  103109    1.4109458e+02   1.191830e+06   0.000000e+00   3907s
  103249    1.4110200e+02   1.848427e+05   0.000000e+00   3914s
  103379    1.4111057e+02   5.638719e+05   0.000000e+00   3920s
  103509    1.4111912e+02   7.752240e+04   0.000000e+00   3926s
  103649    1.4113006e+02   1.646321e+05   0.000000e+00   3933s
  103789    1.4113858e+02   7.471251e+04   0.000000e+00   3940s
  103919    1.4114348e+02   1.306723e+05   0.000000e+00   3946s
  104049    1.4115211e+02   9.164281e+04   0.000000e+00   3952s
  104189    1.4116045e+02   1.691441e+06   0.000000e+00   3959s
  104319    1.4116613e+02   1.254716e+05   0.000000e+00   3965s
  104439    1.4117366e+02   5.250819e+06   0.000000e+00   3971s
  104569    1.4118153e+02   3.024897e+06   0.000000e+00   3977s
  104699    1.4119059e+02   3.482732e+05   0.000000e+00   3984s
  104839    1.4119802e+02   2.737337e+05   0.000000e+00   3990s
  104979    1.4120397e+02   8.810724e+05   0.000000e+00   3997s
  105109    1.4121049e+02   5.203327e+05   0.000000e+00   4003s
  105249    1.4121783e+02   1.932968e+05   0.000000e+00   4010s
  105389    1.4122619e+02   1.043391e+06   0.000000e+00   4017s
  105519    1.4123267e+02   9.758623e+04   0.000000e+00   4023s
  105639    1.4123871e+02   1.281459e+05   0.000000e+00   4029s
  105769    1.4124573e+02   2.024871e+05   0.000000e+00   4035s
  105899    1.4125668e+02   7.083414e+05   0.000000e+00   4041s
  106029    1.4126413e+02   8.255697e+04   0.000000e+00   4048s
  106159    1.4127138e+02   3.591763e+05   0.000000e+00   4054s
  106279    1.4127823e+02   7.225943e+05   0.000000e+00   4060s
  106409    1.4128577e+02   2.003717e+05   0.000000e+00   4066s
  106539    1.4129545e+02   1.564001e+05   0.000000e+00   4073s
  106669    1.4130501e+02   4.583725e+06   0.000000e+00   4079s
  106799    1.4131333e+02   1.557897e+05   0.000000e+00   4085s
  106929    1.4132155e+02   2.686248e+05   0.000000e+00   4091s
  107069    1.4133157e+02   1.324642e+05   0.000000e+00   4098s
  107209    1.4133964e+02   7.460359e+05   0.000000e+00   4105s
  107339    1.4134709e+02   1.933526e+05   0.000000e+00   4111s
  107469    1.4135423e+02   2.597220e+05   0.000000e+00   4117s
  107589    1.4136035e+02   3.740208e+05   0.000000e+00   4123s
  107719    1.4136827e+02   1.806776e+05   0.000000e+00   4130s
  107859    1.4137644e+02   4.264578e+05   0.000000e+00   4136s
  107989    1.4138406e+02   1.988306e+05   0.000000e+00   4143s
  108119    1.4139200e+02   2.181771e+05   0.000000e+00   4149s
  108249    1.4139889e+02   4.251700e+05   0.000000e+00   4155s
  108369    1.4140594e+02   6.622575e+04   0.000000e+00   4161s
  108499    1.4141436e+02   6.287303e+06   0.000000e+00   4167s
  108639    1.4142369e+02   2.479483e+05   0.000000e+00   4174s
  108759    1.4143053e+02   3.484219e+06   0.000000e+00   4180s
  108889    1.4143848e+02   4.495139e+04   0.000000e+00   4186s
  109019    1.4144579e+02   3.137636e+05   0.000000e+00   4192s
  109139    1.4145396e+02   9.651483e+04   0.000000e+00   4198s
  109269    1.4146222e+02   1.714164e+05   0.000000e+00   4204s
  109399    1.4146795e+02   1.629340e+05   0.000000e+00   4211s
  109519    1.4147611e+02   3.921292e+05   0.000000e+00   4216s
  109649    1.4148447e+02   8.019467e+04   0.000000e+00   4223s
  109779    1.4149152e+02   2.488367e+05   0.000000e+00   4229s
  109919    1.4150248e+02   4.055111e+05   0.000000e+00   4236s
  110049    1.4151265e+02   1.800527e+05   0.000000e+00   4242s
  110179    1.4151934e+02   8.499157e+04   0.000000e+00   4248s
  110309    1.4152653e+02   4.212063e+05   0.000000e+00   4255s
  110449    1.4153372e+02   3.978653e+05   0.000000e+00   4261s
  110589    1.4154299e+02   2.074802e+05   0.000000e+00   4268s
  110719    1.4155006e+02   6.733251e+06   0.000000e+00   4274s
  110849    1.4155642e+02   2.784384e+05   0.000000e+00   4280s
  110979    1.4156368e+02   4.395609e+05   0.000000e+00   4287s
  111099    1.4157165e+02   4.292838e+04   0.000000e+00   4293s
  111219    1.4157942e+02   1.972557e+05   0.000000e+00   4298s
  111349    1.4158880e+02   1.287403e+05   0.000000e+00   4305s
  111469    1.4159492e+02   1.620311e+05   0.000000e+00   4310s
  111609    1.4160434e+02   1.813002e+05   0.000000e+00   4317s
  111749    1.4161282e+02   7.492800e+04   0.000000e+00   4324s
  111899    1.4162236e+02   1.407558e+05   0.000000e+00   4330s
  112029    1.4162907e+02   3.198919e+05   0.000000e+00   4337s
  112159    1.4163802e+02   1.411210e+05   0.000000e+00   4343s
  112289    1.4164635e+02   1.100856e+05   0.000000e+00   4349s
  112419    1.4165261e+02   4.079083e+05   0.000000e+00   4355s
  112549    1.4165921e+02   6.589046e+04   0.000000e+00   4361s
  112689    1.4166570e+02   3.450623e+06   0.000000e+00   4368s
  112819    1.4167094e+02   6.169994e+05   0.000000e+00   4374s
  112949    1.4167721e+02   7.628561e+05   0.000000e+00   4380s
  113079    1.4168457e+02   1.292187e+06   0.000000e+00   4386s
  113209    1.4169082e+02   1.162601e+05   0.000000e+00   4392s
  113339    1.4169729e+02   2.967802e+06   0.000000e+00   4399s
  113469    1.4170339e+02   7.120953e+05   0.000000e+00   4405s
  113599    1.4170962e+02   8.686561e+04   0.000000e+00   4411s
  113719    1.4171452e+02   2.141213e+06   0.000000e+00   4417s
  113849    1.4172071e+02   1.968699e+05   0.000000e+00   4423s
  113979    1.4172777e+02   2.882724e+05   0.000000e+00   4430s
  114099    1.4173414e+02   1.868379e+05   0.000000e+00   4435s
  114229    1.4173939e+02   2.971873e+05   0.000000e+00   4441s
  114349    1.4174625e+02   1.868071e+05   0.000000e+00   4447s
  114469    1.4175314e+02   1.328604e+05   0.000000e+00   4453s
  114599    1.4176130e+02   3.418387e+04   0.000000e+00   4459s
  114739    1.4176869e+02   4.123832e+04   0.000000e+00   4466s
  114879    1.4177503e+02   1.940209e+05   0.000000e+00   4472s
  114999    1.4178119e+02   1.139675e+05   0.000000e+00   4478s
  115119    1.4178761e+02   6.818569e+06   0.000000e+00   4483s
  115249    1.4179486e+02   1.745221e+05   0.000000e+00   4490s
  115379    1.4180203e+02   1.485017e+05   0.000000e+00   4495s
  115509    1.4180787e+02   2.094557e+06   0.000000e+00   4501s
  115639    1.4181398e+02   4.273546e+05   0.000000e+00   4507s
  115759    1.4182226e+02   1.356931e+05   0.000000e+00   4513s
  115879    1.4183011e+02   2.169244e+05   0.000000e+00   4519s
  116009    1.4183778e+02   2.333726e+05   0.000000e+00   4525s
  116139    1.4184486e+02   2.894867e+05   0.000000e+00   4531s
  116269    1.4185078e+02   2.300839e+06   0.000000e+00   4537s
  116399    1.4185613e+02   5.617399e+05   0.000000e+00   4543s
  116529    1.4186261e+02   1.797991e+05   0.000000e+00   4549s
  116659    1.4186889e+02   1.348116e+05   0.000000e+00   4556s
  116789    1.4187652e+02   2.063361e+05   0.000000e+00   4562s
  116919    1.4188393e+02   1.779654e+05   0.000000e+00   4568s
  117049    1.4189293e+02   7.493726e+04   0.000000e+00   4574s
  117159    1.4189931e+02   5.168611e+04   0.000000e+00   4580s
  117279    1.4190479e+02   1.689080e+05   0.000000e+00   4586s
  117409    1.4191019e+02   9.027205e+05   0.000000e+00   4591s
  117529    1.4191672e+02   1.156903e+05   0.000000e+00   4597s
  117659    1.4192275e+02   2.113201e+05   0.000000e+00   4603s
  117779    1.4192860e+02   1.552410e+05   0.000000e+00   4609s
  117909    1.4193423e+02   1.346578e+05   0.000000e+00   4615s
  118029    1.4194114e+02   6.692379e+04   0.000000e+00   4621s
  118159    1.4194652e+02   2.757475e+06   0.000000e+00   4627s
  118279    1.4195155e+02   3.936292e+05   0.000000e+00   4633s
  118409    1.4195903e+02   1.753633e+06   0.000000e+00   4639s
  118539    1.4196453e+02   1.094941e+06   0.000000e+00   4646s
  118669    1.4197286e+02   1.771064e+05   0.000000e+00   4652s
  118799    1.4198060e+02   6.842103e+05   0.000000e+00   4658s
  118929    1.4198648e+02   2.266667e+06   0.000000e+00   4664s
  119059    1.4199330e+02   1.725987e+05   0.000000e+00   4670s
  119189    1.4200132e+02   1.735375e+05   0.000000e+00   4677s
  119319    1.4200856e+02   2.053236e+05   0.000000e+00   4683s
  119449    1.4201495e+02   2.584414e+05   0.000000e+00   4689s
  119579    1.4202066e+02   4.452027e+06   0.000000e+00   4695s
  119709    1.4202595e+02   3.190689e+06   0.000000e+00   4701s
  119849    1.4203312e+02   1.866073e+05   0.000000e+00   4708s
  119979    1.4203873e+02   7.290732e+05   0.000000e+00   4714s
  120109    1.4204449e+02   4.920724e+05   0.000000e+00   4720s
  120249    1.4205273e+02   3.378623e+05   0.000000e+00   4727s
  120389    1.4205894e+02   5.601533e+04   0.000000e+00   4733s
  120519    1.4206474e+02   1.153644e+05   0.000000e+00   4739s
  120649    1.4207334e+02   7.297071e+04   0.000000e+00   4746s
  120769    1.4208027e+02   1.313447e+05   0.000000e+00   4752s
  120899    1.4208763e+02   5.869643e+04   0.000000e+00   4758s
  121029    1.4209361e+02   4.838260e+04   0.000000e+00   4764s
  121169    1.4209929e+02   2.363995e+05   0.000000e+00   4770s
  121299    1.4210428e+02   2.134219e+06   0.000000e+00   4776s
  121419    1.4211069e+02   8.665260e+04   0.000000e+00   4783s
  121559    1.4211846e+02   9.922580e+04   0.000000e+00   4789s
  121699    1.4212325e+02   3.932933e+05   0.000000e+00   4796s
  121829    1.4212823e+02   2.343138e+05   0.000000e+00   4802s
  121969    1.4213403e+02   9.013209e+04   0.000000e+00   4808s
  122099    1.4214083e+02   9.541336e+05   0.000000e+00   4814s
  122229    1.4214682e+02   3.682496e+05   0.000000e+00   4820s
  122359    1.4215226e+02   1.310863e+06   0.000000e+00   4827s
  122479    1.4215860e+02   4.213444e+05   0.000000e+00   4833s
  122609    1.4216535e+02   4.533501e+05   0.000000e+00   4839s
  122739    1.4217080e+02   1.733633e+05   0.000000e+00   4845s
  122869    1.4217651e+02   4.119417e+05   0.000000e+00   4851s
  122989    1.4218306e+02   1.948565e+05   0.000000e+00   4857s
  123119    1.4219002e+02   2.280410e+05   0.000000e+00   4863s
  123249    1.4219665e+02   2.566973e+05   0.000000e+00   4869s
  123389    1.4220394e+02   6.675966e+04   0.000000e+00   4876s
  123519    1.4221010e+02   4.369471e+04   0.000000e+00   4882s
  123649    1.4221575e+02   2.766036e+05   0.000000e+00   4888s
  123789    1.4222300e+02   2.040205e+05   0.000000e+00   4895s
  123919    1.4222913e+02   5.700042e+05   0.000000e+00   4901s
  124049    1.4223385e+02   1.895600e+06   0.000000e+00   4907s
  124189    1.4223957e+02   1.115527e+06   0.000000e+00   4914s
  124329    1.4224578e+02   4.663757e+05   0.000000e+00   4920s
  124459    1.4225091e+02   2.079593e+05   0.000000e+00   4926s
  124589    1.4225565e+02   3.007199e+05   0.000000e+00   4932s
  124719    1.4226250e+02   1.103070e+05   0.000000e+00   4939s
  124849    1.4226817e+02   1.334791e+06   0.000000e+00   4945s
  124979    1.4227349e+02   2.128009e+05   0.000000e+00   4951s
  125119    1.4228058e+02   1.472747e+05   0.000000e+00   4957s
  125249    1.4228591e+02   1.660745e+06   0.000000e+00   4964s
  125389    1.4229362e+02   7.497009e+04   0.000000e+00   4970s
  125519    1.4229966e+02   9.315898e+04   0.000000e+00   4977s
  125659    1.4230483e+02   2.171130e+05   0.000000e+00   4983s
  125789    1.4231042e+02   1.218710e+06   0.000000e+00   4989s
  125919    1.4231648e+02   5.125964e+04   0.000000e+00   4995s
  126059    1.4232309e+02   5.088238e+05   0.000000e+00   5002s
  126199    1.4232952e+02   4.362380e+05   0.000000e+00   5008s
  126329    1.4233407e+02   7.989270e+05   0.000000e+00   5014s
  126459    1.4233927e+02   1.452324e+06   0.000000e+00   5021s
  126589    1.4234485e+02   9.181061e+05   0.000000e+00   5027s
  126729    1.4235175e+02   7.462924e+05   0.000000e+00   5034s
  126869    1.4235839e+02   1.060771e+05   0.000000e+00   5040s
  126999    1.4236429e+02   5.215765e+04   0.000000e+00   5046s
  127129    1.4236947e+02   9.754772e+04   0.000000e+00   5053s
  127259    1.4237430e+02   2.017091e+05   0.000000e+00   5059s
  127389    1.4237966e+02   1.179228e+05   0.000000e+00   5065s
  127509    1.4238575e+02   6.688143e+05   0.000000e+00   5071s
  127639    1.4239043e+02   5.773863e+05   0.000000e+00   5077s
  127779    1.4239526e+02   1.795948e+05   0.000000e+00   5083s
  127909    1.4240134e+02   3.928049e+05   0.000000e+00   5090s
  128039    1.4240642e+02   2.093246e+05   0.000000e+00   5096s
  128169    1.4241222e+02   6.427769e+04   0.000000e+00   5102s
  128299    1.4241812e+02   4.121573e+05   0.000000e+00   5108s
  128439    1.4242398e+02   3.877271e+05   0.000000e+00   5115s
  128579    1.4243021e+02   4.427895e+05   0.000000e+00   5121s
  128699    1.4243696e+02   2.659900e+05   0.000000e+00   5127s
  128829    1.4244235e+02   8.285283e+04   0.000000e+00   5134s
  128949    1.4244771e+02   1.480876e+05   0.000000e+00   5139s
  129079    1.4245280e+02   1.800084e+06   0.000000e+00   5146s
  129219    1.4245894e+02   8.960603e+05   0.000000e+00   5152s
  129359    1.4246506e+02   2.847886e+07   0.000000e+00   5159s
  129489    1.4247234e+02   4.245989e+05   0.000000e+00   5165s
  129609    1.4247788e+02   1.230929e+05   0.000000e+00   5171s
  129739    1.4248416e+02   1.027142e+05   0.000000e+00   5178s
  129869    1.4249153e+02   4.543082e+04   0.000000e+00   5184s
  129989    1.4249738e+02   4.615379e+05   0.000000e+00   5190s
  130129    1.4250359e+02   9.573617e+05   0.000000e+00   5196s
  130269    1.4251027e+02   1.588003e+05   0.000000e+00   5203s
  130409    1.4251667e+02   1.286138e+06   0.000000e+00   5209s
  130529    1.4252360e+02   2.249412e+05   0.000000e+00   5215s
  130659    1.4253059e+02   4.515980e+04   0.000000e+00   5222s
  130799    1.4253798e+02   4.843279e+04   0.000000e+00   5228s
  130929    1.4254339e+02   1.074057e+05   0.000000e+00   5235s
  131059    1.4254821e+02   7.133526e+04   0.000000e+00   5241s
  131189    1.4255420e+02   1.843448e+05   0.000000e+00   5247s
  131319    1.4256140e+02   9.163473e+04   0.000000e+00   5253s
  131449    1.4256661e+02   1.867793e+06   0.000000e+00   5260s
  131589    1.4257213e+02   5.399738e+04   0.000000e+00   5266s
  131719    1.4257891e+02   5.895934e+04   0.000000e+00   5273s
  131839    1.4258436e+02   2.538500e+05   0.000000e+00   5279s
  131979    1.4259105e+02   3.665450e+05   0.000000e+00   5285s
  132119    1.4259767e+02   5.461245e+04   0.000000e+00   5292s
  132269    1.4260555e+02   1.693272e+05   0.000000e+00   5299s
  132409    1.4261193e+02   1.056141e+05   0.000000e+00   5305s
  132549    1.4261901e+02   1.765907e+05   0.000000e+00   5312s
  132699    1.4262610e+02   7.931091e+04   0.000000e+00   5319s
  132819    1.4263143e+02   3.329849e+04   0.000000e+00   5325s
  132949    1.4263708e+02   2.179824e+05   0.000000e+00   5331s
  133089    1.4264341e+02   1.872653e+05   0.000000e+00   5337s
  133229    1.4264965e+02   1.108830e+05   0.000000e+00   5344s
  133359    1.4265492e+02   4.755686e+06   0.000000e+00   5351s
  133489    1.4266058e+02   2.453167e+05   0.000000e+00   5357s
  133619    1.4266583e+02   1.435591e+05   0.000000e+00   5363s
  133749    1.4267065e+02   4.183770e+05   0.000000e+00   5369s
  133879    1.4267562e+02   8.470114e+04   0.000000e+00   5375s
  134019    1.4268146e+02   3.943369e+04   0.000000e+00   5382s
  134159    1.4268732e+02   5.605026e+04   0.000000e+00   5388s
  134289    1.4269085e+02   2.607767e+05   0.000000e+00   5394s
  134419    1.4269568e+02   4.081340e+05   0.000000e+00   5401s
  134549    1.4270184e+02   1.566876e+05   0.000000e+00   5407s
  134679    1.4270761e+02   2.815974e+05   0.000000e+00   5413s
  134819    1.4271281e+02   6.550530e+04   0.000000e+00   5420s
  134959    1.4271919e+02   8.972572e+04   0.000000e+00   5426s
  135109    1.4272692e+02   1.630763e+05   0.000000e+00   5433s
  135249    1.4273240e+02   7.207602e+04   0.000000e+00   5439s
  135379    1.4273785e+02   4.044805e+04   0.000000e+00   5445s
  135499    1.4274170e+02   5.710647e+05   0.000000e+00   5451s
  135629    1.4274640e+02   2.107630e+05   0.000000e+00   5457s
  135759    1.4275126e+02   3.178195e+05   0.000000e+00   5463s
  135879    1.4275669e+02   1.877698e+05   0.000000e+00   5469s
  136009    1.4276325e+02   1.294511e+05   0.000000e+00   5475s
  136139    1.4276907e+02   1.965601e+05   0.000000e+00   5481s
  136269    1.4277454e+02   2.293654e+05   0.000000e+00   5488s
  136399    1.4278041e+02   1.065522e+05   0.000000e+00   5494s
  136529    1.4278718e+02   1.039505e+05   0.000000e+00   5500s
  136659    1.4279341e+02   7.186198e+05   0.000000e+00   5506s
  136789    1.4279862e+02   6.681383e+04   0.000000e+00   5512s
  136909    1.4280306e+02   1.703330e+05   0.000000e+00   5518s
  137039    1.4280849e+02   7.090457e+04   0.000000e+00   5524s
  137169    1.4281581e+02   3.175875e+05   0.000000e+00   5530s
  137309    1.4282273e+02   1.841214e+05   0.000000e+00   5537s
  137439    1.4282695e+02   8.984075e+05   0.000000e+00   5543s
  137569    1.4283108e+02   1.251099e+06   0.000000e+00   5549s
  137699    1.4283544e+02   1.806092e+05   0.000000e+00   5555s
  137819    1.4284021e+02   1.131955e+06   0.000000e+00   5561s
  137939    1.4284620e+02   2.192484e+05   0.000000e+00   5567s
  138069    1.4285153e+02   1.478479e+05   0.000000e+00   5573s
  138209    1.4285801e+02   2.824266e+05   0.000000e+00   5580s
  138339    1.4286413e+02   7.447731e+04   0.000000e+00   5586s
  138479    1.4286984e+02   6.292944e+06   0.000000e+00   5592s
  138599    1.4287573e+02   4.105424e+05   0.000000e+00   5598s
  138719    1.4288254e+02   7.253553e+05   0.000000e+00   5604s
  138849    1.4288771e+02   1.362855e+06   0.000000e+00   5610s
  138989    1.4289395e+02   2.927023e+05   0.000000e+00   5616s
  139119    1.4289865e+02   1.573244e+05   0.000000e+00   5623s
  139249    1.4290393e+02   6.824927e+04   0.000000e+00   5629s
  139379    1.4291019e+02   4.048167e+05   0.000000e+00   5635s
  139509    1.4291522e+02   8.196006e+05   0.000000e+00   5641s
  139639    1.4291945e+02   1.515337e+06   0.000000e+00   5647s
  139769    1.4292406e+02   3.314061e+04   0.000000e+00   5653s
  139899    1.4292781e+02   6.151090e+04   0.000000e+00   5659s
  140039    1.4293291e+02   2.738052e+05   0.000000e+00   5666s
  140179    1.4293747e+02   1.600038e+05   0.000000e+00   5672s
  140329    1.4294291e+02   2.517169e+05   0.000000e+00   5679s
  140459    1.4294851e+02   2.065191e+06   0.000000e+00   5685s
  140599    1.4295395e+02   4.245902e+05   0.000000e+00   5692s
  140729    1.4295977e+02   3.478420e+04   0.000000e+00   5698s
  140859    1.4296398e+02   1.073212e+06   0.000000e+00   5704s
  140989    1.4296742e+02   5.224544e+05   0.000000e+00   5710s
  141119    1.4297019e+02   1.442735e+05   0.000000e+00   5716s
  141249    1.4297584e+02   1.225279e+05   0.000000e+00   5722s
  141369    1.4298065e+02   1.348359e+05   0.000000e+00   5728s
  141489    1.4298487e+02   4.136237e+05   0.000000e+00   5734s
  141619    1.4298830e+02   1.808005e+05   0.000000e+00   5740s
  141749    1.4299253e+02   2.524083e+05   0.000000e+00   5747s
  141879    1.4299715e+02   2.882947e+06   0.000000e+00   5753s
  142009    1.4300267e+02   7.575572e+05   0.000000e+00   5759s
  142129    1.4300722e+02   5.621919e+05   0.000000e+00   5765s
  142259    1.4301242e+02   6.364297e+05   0.000000e+00   5771s
  142389    1.4301804e+02   1.283874e+05   0.000000e+00   5778s
  142519    1.4302267e+02   1.249168e+06   0.000000e+00   5784s
  142649    1.4302699e+02   4.507534e+05   0.000000e+00   5790s
  142779    1.4303285e+02   1.926014e+05   0.000000e+00   5796s
  142899    1.4303817e+02   6.735337e+05   0.000000e+00   5802s
  143029    1.4304331e+02   1.183359e+05   0.000000e+00   5809s
  143149    1.4304738e+02   2.577708e+05   0.000000e+00   5815s
  143279    1.4305329e+02   8.391004e+04   0.000000e+00   5821s
  143399    1.4305809e+02   4.393459e+05   0.000000e+00   5827s
  143519    1.4306226e+02   1.811418e+05   0.000000e+00   5832s
  143649    1.4306707e+02   7.283687e+04   0.000000e+00   5839s
  143779    1.4307239e+02   2.687471e+05   0.000000e+00   5845s
  143909    1.4307716e+02   1.926320e+05   0.000000e+00   5851s
  144049    1.4308311e+02   1.103814e+05   0.000000e+00   5858s
  144189    1.4308884e+02   7.113261e+04   0.000000e+00   5865s
  144319    1.4309437e+02   1.886669e+05   0.000000e+00   5871s
  144439    1.4309950e+02   8.132827e+04   0.000000e+00   5877s
  144559    1.4310363e+02   5.715901e+05   0.000000e+00   5883s
  144699    1.4310862e+02   8.312133e+04   0.000000e+00   5890s
  144829    1.4311345e+02   6.893526e+04   0.000000e+00   5896s
  144969    1.4311851e+02   2.671414e+05   0.000000e+00   5903s
  145109    1.4312384e+02   5.960078e+05   0.000000e+00   5910s
  145249    1.4312893e+02   2.987884e+05   0.000000e+00   5916s
  145379    1.4313429e+02   7.252329e+04   0.000000e+00   5922s
  145509    1.4313877e+02   6.095941e+04   0.000000e+00   5929s
  145629    1.4314249e+02   2.494575e+05   0.000000e+00   5935s
  145749    1.4314722e+02   3.090432e+05   0.000000e+00   5941s
  145879    1.4315263e+02   7.848295e+04   0.000000e+00   5947s
  146009    1.4315829e+02   2.025709e+05   0.000000e+00   5953s
  146139    1.4316349e+02   8.416557e+05   0.000000e+00   5959s
  146269    1.4316843e+02   4.281908e+05   0.000000e+00   5966s
  146399    1.4317463e+02   8.502702e+04   0.000000e+00   5972s
  146529    1.4318057e+02   1.022301e+05   0.000000e+00   5978s
  146659    1.4318605e+02   5.470615e+05   0.000000e+00   5984s
  146789    1.4319069e+02   1.652609e+05   0.000000e+00   5991s
  146909    1.4319538e+02   4.081349e+05   0.000000e+00   5997s
  147029    1.4320038e+02   1.708055e+05   0.000000e+00   6003s
  147159    1.4320488e+02   7.625196e+05   0.000000e+00   6009s
  147299    1.4321005e+02   2.073035e+06   0.000000e+00   6015s
  147439    1.4321503e+02   5.453789e+04   0.000000e+00   6022s
  147579    1.4322061e+02   1.603440e+05   0.000000e+00   6029s
  147719    1.4322704e+02   1.962412e+05   0.000000e+00   6035s
  147849    1.4323131e+02   6.749273e+04   0.000000e+00   6041s
  147989    1.4323689e+02   1.891462e+05   0.000000e+00   6048s
  148129    1.4324233e+02   6.532266e+04   0.000000e+00   6055s
  148259    1.4324692e+02   1.008532e+05   0.000000e+00   6061s
  148389    1.4325163e+02   5.244161e+04   0.000000e+00   6067s
  148529    1.4325677e+02   4.054094e+05   0.000000e+00   6074s
  148659    1.4326104e+02   9.272083e+05   0.000000e+00   6080s
  148789    1.4326462e+02   2.762698e+05   0.000000e+00   6086s
  148919    1.4326815e+02   3.625893e+05   0.000000e+00   6093s
  149049    1.4327087e+02   2.730867e+05   0.000000e+00   6099s
  149179    1.4327563e+02   1.079309e+05   0.000000e+00   6105s
  149309    1.4327943e+02   1.685630e+06   0.000000e+00   6111s
  149439    1.4328430e+02   5.300862e+05   0.000000e+00   6118s
  149559    1.4328960e+02   1.177089e+06   0.000000e+00   6124s
  149679    1.4329270e+02   1.397760e+05   0.000000e+00   6129s
  149809    1.4329727e+02   2.289051e+05   0.000000e+00   6136s
  149939    1.4330252e+02   5.185490e+05   0.000000e+00   6142s
  150069    1.4330601e+02   1.512621e+05   0.000000e+00   6148s
  150199    1.4331041e+02   1.894563e+06   0.000000e+00   6154s
  150339    1.4331422e+02   7.047662e+04   0.000000e+00   6161s
  150469    1.4331888e+02   1.580504e+05   0.000000e+00   6167s
  150599    1.4332281e+02   6.279277e+04   0.000000e+00   6173s
  150729    1.4332815e+02   2.236995e+06   0.000000e+00   6180s
  150859    1.4333296e+02   1.444928e+06   0.000000e+00   6186s
  150989    1.4333776e+02   2.435999e+05   0.000000e+00   6192s
  151119    1.4334293e+02   1.730358e+06   0.000000e+00   6198s
  151249    1.4334717e+02   1.694678e+06   0.000000e+00   6205s
  151379    1.4335127e+02   1.156496e+05   0.000000e+00   6211s
  151519    1.4335546e+02   2.425725e+05   0.000000e+00   6217s
  151649    1.4335918e+02   5.353662e+05   0.000000e+00   6223s
  151789    1.4336381e+02   7.432616e+04   0.000000e+00   6230s
  151929    1.4336920e+02   2.281851e+05   0.000000e+00   6236s
  152069    1.4337366e+02   4.584048e+04   0.000000e+00   6243s
  152199    1.4337772e+02   1.031612e+05   0.000000e+00   6249s
  152339    1.4338174e+02   4.776910e+04   0.000000e+00   6256s
  152469    1.4338631e+02   1.072490e+05   0.000000e+00   6262s
  152599    1.4339136e+02   3.842312e+05   0.000000e+00   6268s
  152729    1.4339528e+02   6.302177e+04   0.000000e+00   6274s
  152859    1.4339869e+02   4.456196e+05   0.000000e+00   6280s
  152989    1.4340229e+02   1.132461e+05   0.000000e+00   6287s
  153119    1.4340559e+02   1.044349e+06   0.000000e+00   6293s
  153239    1.4340935e+02   1.046449e+05   0.000000e+00   6299s
  153369    1.4341349e+02   7.033147e+04   0.000000e+00   6305s
  153499    1.4341720e+02   2.650822e+05   0.000000e+00   6311s
  153629    1.4342192e+02   1.910796e+05   0.000000e+00   6318s
  153759    1.4342713e+02   5.094524e+05   0.000000e+00   6324s
  153889    1.4343287e+02   1.231849e+05   0.000000e+00   6330s
  154009    1.4343660e+02   2.131842e+05   0.000000e+00   6336s
  154129    1.4344025e+02   1.821832e+05   0.000000e+00   6342s
  154249    1.4344467e+02   1.512536e+05   0.000000e+00   6348s
  154369    1.4344738e+02   5.172256e+05   0.000000e+00   6354s
  154499    1.4345147e+02   1.129113e+05   0.000000e+00   6360s
  154629    1.4345605e+02   1.861005e+06   0.000000e+00   6366s
  154769    1.4346091e+02   1.144265e+05   0.000000e+00   6373s
  154899    1.4346557e+02   1.149168e+05   0.000000e+00   6379s
  155039    1.4347109e+02   2.009692e+05   0.000000e+00   6386s
  155169    1.4347574e+02   6.264522e+04   0.000000e+00   6392s
  155309    1.4347993e+02   2.460886e+05   0.000000e+00   6399s
  155449    1.4348549e+02   4.254655e+05   0.000000e+00   6405s
  155589    1.4349131e+02   6.702824e+04   0.000000e+00   6412s
  155739    1.4349608e+02   3.052348e+05   0.000000e+00   6419s
  155889    1.4350127e+02   2.697264e+05   0.000000e+00   6426s
  156029    1.4350528e+02   9.739002e+04   0.000000e+00   6433s
  156169    1.4350924e+02   6.456701e+05   0.000000e+00   6439s
  156309    1.4351493e+02   1.600406e+05   0.000000e+00   6446s
  156449    1.4351964e+02   3.660219e+05   0.000000e+00   6452s
  156579    1.4352441e+02   1.369770e+05   0.000000e+00   6459s
  156709    1.4352841e+02   1.010754e+05   0.000000e+00   6465s
  156839    1.4353098e+02   1.308134e+05   0.000000e+00   6471s
  156969    1.4353477e+02   1.434718e+05   0.000000e+00   6477s
  157099    1.4353932e+02   1.417840e+05   0.000000e+00   6484s
  157229    1.4354291e+02   1.577890e+06   0.000000e+00   6490s
  157359    1.4354749e+02   1.438407e+05   0.000000e+00   6496s
  157499    1.4355285e+02   4.997713e+04   0.000000e+00   6503s
  157629    1.4355694e+02   6.721483e+05   0.000000e+00   6509s
  157759    1.4356137e+02   6.686915e+04   0.000000e+00   6515s
  157889    1.4356507e+02   1.019903e+05   0.000000e+00   6522s
  158019    1.4356978e+02   1.120349e+05   0.000000e+00   6528s
  158139    1.4357408e+02   2.850024e+05   0.000000e+00   6534s
  158259    1.4357782e+02   2.095390e+05   0.000000e+00   6540s
  158389    1.4358161e+02   4.880446e+05   0.000000e+00   6546s
  158519    1.4358540e+02   2.292784e+05   0.000000e+00   6552s
  158649    1.4359010e+02   2.084512e+05   0.000000e+00   6559s
  158779    1.4359536e+02   2.136102e+05   0.000000e+00   6565s
  158909    1.4359997e+02   6.836779e+04   0.000000e+00   6571s
  159039    1.4360379e+02   1.462975e+05   0.000000e+00   6578s
  159179    1.4360776e+02   8.967959e+04   0.000000e+00   6584s
  159309    1.4361115e+02   7.455278e+05   0.000000e+00   6590s
  159449    1.4361566e+02   4.696746e+05   0.000000e+00   6597s
  159579    1.4361973e+02   3.877966e+05   0.000000e+00   6603s
  159719    1.4362383e+02   3.487252e+05   0.000000e+00   6610s
  159849    1.4362760e+02   5.752442e+05   0.000000e+00   6616s
  159979    1.4363144e+02   6.548160e+04   0.000000e+00   6622s
  160109    1.4363478e+02   3.949551e+04   0.000000e+00   6628s
  160239    1.4363832e+02   9.249803e+04   0.000000e+00   6635s
  160369    1.4364301e+02   1.239846e+06   0.000000e+00   6641s
  160509    1.4364689e+02   1.275165e+05   0.000000e+00   6647s
  160649    1.4365087e+02   2.655701e+05   0.000000e+00   6654s
  160799    1.4365469e+02   1.632551e+05   0.000000e+00   6661s
  160939    1.4365919e+02   1.269286e+05   0.000000e+00   6667s
  161079    1.4366421e+02   7.179795e+05   0.000000e+00   6674s
  161219    1.4366912e+02   8.341510e+05   0.000000e+00   6681s
  161359    1.4367408e+02   1.055707e+05   0.000000e+00   6687s
  161499    1.4367841e+02   1.374679e+06   0.000000e+00   6694s
  161639    1.4368282e+02   7.766515e+04   0.000000e+00   6700s
  161769    1.4368701e+02   6.265455e+05   0.000000e+00   6707s
  161899    1.4369107e+02   1.198811e+05   0.000000e+00   6713s
  162029    1.4369534e+02   5.705186e+04   0.000000e+00   6719s
  162169    1.4369927e+02   1.779988e+05   0.000000e+00   6726s
  162309    1.4370346e+02   3.000236e+05   0.000000e+00   6732s
  162439    1.4370706e+02   3.385279e+05   0.000000e+00   6739s
  162579    1.4371119e+02   4.649418e+04   0.000000e+00   6745s
  162709    1.4371430e+02   4.926495e+05   0.000000e+00   6752s
  162849    1.4371867e+02   3.192405e+05   0.000000e+00   6758s
  162979    1.4372253e+02   2.149496e+05   0.000000e+00   6765s
  163119    1.4372603e+02   7.546295e+04   0.000000e+00   6772s
  163269    1.4373070e+02   1.665700e+05   0.000000e+00   6778s
  163409    1.4373593e+02   9.296195e+04   0.000000e+00   6785s
  163549    1.4374129e+02   5.166377e+04   0.000000e+00   6792s
  163679    1.4374587e+02   3.172587e+05   0.000000e+00   6798s
  163809    1.4375034e+02   1.141551e+05   0.000000e+00   6804s
  163939    1.4375528e+02   1.144476e+05   0.000000e+00   6811s
  164059    1.4375872e+02   5.872791e+04   0.000000e+00   6817s
  164199    1.4376209e+02   6.679304e+05   0.000000e+00   6823s
  164339    1.4376712e+02   3.214292e+04   0.000000e+00   6830s
  164479    1.4377142e+02   2.673475e+05   0.000000e+00   6837s
  164609    1.4377675e+02   5.435838e+04   0.000000e+00   6843s
  164739    1.4378043e+02   1.379149e+05   0.000000e+00   6849s
  164889    1.4378523e+02   1.084200e+05   0.000000e+00   6856s
  165019    1.4378904e+02   5.770866e+05   0.000000e+00   6863s
  165159    1.4379329e+02   6.309768e+04   0.000000e+00   6870s
  165299    1.4379752e+02   3.260317e+04   0.000000e+00   6876s
  165439    1.4380316e+02   1.950994e+05   0.000000e+00   6883s
  165579    1.4380713e+02   1.104592e+06   0.000000e+00   6890s
  165729    1.4381066e+02   1.556785e+05   0.000000e+00   6897s
  165869    1.4381394e+02   8.258276e+04   0.000000e+00   6903s
  166009    1.4381697e+02   1.501049e+05   0.000000e+00   6910s
  166139    1.4382003e+02   8.608568e+05   0.000000e+00   6917s
  166279    1.4382342e+02   2.359530e+05   0.000000e+00   6924s
  166419    1.4382613e+02   1.972612e+05   0.000000e+00   6930s
  166549    1.4382923e+02   3.245365e+05   0.000000e+00   6937s
  166699    1.4383355e+02   1.077127e+05   0.000000e+00   6944s
  166829    1.4383688e+02   5.845784e+04   0.000000e+00   6950s
  166969    1.4384034e+02   7.963240e+04   0.000000e+00   6957s
  167109    1.4384406e+02   5.714716e+04   0.000000e+00   6963s
  167249    1.4384732e+02   6.518005e+04   0.000000e+00   6970s
  167389    1.4385138e+02   8.155227e+04   0.000000e+00   6977s
  167519    1.4385446e+02   3.819746e+04   0.000000e+00   6983s
  167649    1.4385872e+02   2.626954e+05   0.000000e+00   6989s
  167779    1.4386219e+02   1.362892e+05   0.000000e+00   6996s
  167909    1.4386598e+02   7.687811e+04   0.000000e+00   7002s
  168049    1.4386965e+02   5.648114e+05   0.000000e+00   7008s
  168179    1.4387313e+02   1.316713e+05   0.000000e+00   7015s
  168299    1.4387515e+02   3.622538e+06   0.000000e+00   7021s
  168419    1.4387753e+02   8.078520e+04   0.000000e+00   7027s
  168559    1.4388155e+02   1.425590e+05   0.000000e+00   7033s
  168689    1.4388448e+02   1.122778e+05   0.000000e+00   7040s
  168829    1.4388804e+02   7.410246e+04   0.000000e+00   7046s
  168959    1.4389097e+02   1.053810e+05   0.000000e+00   7053s
  169099    1.4389416e+02   2.494046e+06   0.000000e+00   7059s
  169239    1.4389740e+02   4.306759e+05   0.000000e+00   7066s
  169379    1.4390036e+02   2.152679e+05   0.000000e+00   7073s
  169519    1.4390369e+02   1.252003e+06   0.000000e+00   7079s
  169659    1.4390756e+02   4.300668e+05   0.000000e+00   7086s
  169799    1.4391173e+02   1.520826e+05   0.000000e+00   7093s
  169929    1.4391435e+02   6.754354e+04   0.000000e+00   7099s
  170059    1.4391708e+02   1.232390e+05   0.000000e+00   7106s
  170189    1.4391907e+02   8.342256e+05   0.000000e+00   7112s
  170339    1.4392269e+02   8.116263e+04   0.000000e+00   7119s
  170489    1.4392710e+02   2.973368e+05   0.000000e+00   7126s
  170629    1.4393071e+02   3.191132e+05   0.000000e+00   7133s
  170769    1.4393423e+02   2.759629e+05   0.000000e+00   7140s
  170899    1.4393719e+02   2.721667e+05   0.000000e+00   7147s
  171029    1.4394012e+02   1.633165e+05   0.000000e+00   7153s
  171159    1.4394389e+02   3.447715e+04   0.000000e+00   7160s
  171299    1.4394711e+02   7.043817e+05   0.000000e+00   7166s
  171439    1.4395061e+02   5.099743e+05   0.000000e+00   7173s
  171589    1.4395353e+02   3.566344e+04   0.000000e+00   7180s
  171729    1.4395671e+02   7.716548e+04   0.000000e+00   7187s
  171869    1.4396138e+02   3.708680e+05   0.000000e+00   7194s
  172009    1.4396640e+02   1.447133e+05   0.000000e+00   7201s
  172149    1.4397026e+02   3.627475e+05   0.000000e+00   7207s
  172289    1.4397386e+02   5.345444e+04   0.000000e+00   7214s
  172429    1.4397772e+02   2.191868e+05   0.000000e+00   7221s
  172569    1.4398179e+02   1.723828e+05   0.000000e+00   7227s
  172699    1.4398534e+02   9.304298e+04   0.000000e+00   7234s
  172829    1.4398836e+02   5.189736e+05   0.000000e+00   7240s
  172969    1.4399134e+02   6.925440e+04   0.000000e+00   7247s
  173109    1.4399534e+02   2.233158e+05   0.000000e+00   7253s
  173249    1.4399956e+02   8.870595e+04   0.000000e+00   7260s
  173399    1.4400333e+02   4.037039e+05   0.000000e+00   7267s
  173529    1.4400600e+02   3.843209e+05   0.000000e+00   7274s
  173659    1.4400947e+02   3.294773e+05   0.000000e+00   7280s
  173789    1.4401332e+02   4.553785e+04   0.000000e+00   7287s
  173919    1.4401636e+02   2.707298e+04   0.000000e+00   7293s
  174049    1.4401907e+02   1.019019e+05   0.000000e+00   7299s
  174189    1.4402298e+02   1.581550e+05   0.000000e+00   7306s
  174319    1.4402717e+02   1.598560e+06   0.000000e+00   7312s
  174459    1.4403040e+02   3.100315e+07   0.000000e+00   7319s
  174599    1.4403305e+02   4.134878e+05   0.000000e+00   7325s
  174739    1.4403633e+02   6.123533e+04   0.000000e+00   7332s
  174869    1.4403943e+02   5.440126e+05   0.000000e+00   7339s
  175009    1.4404254e+02   3.875974e+05   0.000000e+00   7345s
  175149    1.4404521e+02   5.594113e+04   0.000000e+00   7352s
  175289    1.4404924e+02   5.599436e+04   0.000000e+00   7359s
  175429    1.4405280e+02   2.477981e+05   0.000000e+00   7365s
  175579    1.4405575e+02   8.385283e+05   0.000000e+00   7372s
  175729    1.4405872e+02   3.559424e+05   0.000000e+00   7379s
  175869    1.4406161e+02   8.088006e+04   0.000000e+00   7386s
  175999    1.4406435e+02   1.440446e+05   0.000000e+00   7392s
  176129    1.4406771e+02   8.743297e+04   0.000000e+00   7398s
  176269    1.4407056e+02   3.829404e+05   0.000000e+00   7405s
  176409    1.4407420e+02   9.860809e+04   0.000000e+00   7412s
  176549    1.4407725e+02   1.189352e+05   0.000000e+00   7418s
  176699    1.4407992e+02   7.268102e+04   0.000000e+00   7425s
  176839    1.4408301e+02   2.436782e+05   0.000000e+00   7432s
  176979    1.4408605e+02   1.297259e+05   0.000000e+00   7439s
  177119    1.4408906e+02   2.380347e+05   0.000000e+00   7445s
  177259    1.4409292e+02   4.260295e+04   0.000000e+00   7452s
  177389    1.4409688e+02   1.384488e+05   0.000000e+00   7458s
  177529    1.4410002e+02   1.082818e+05   0.000000e+00   7465s
  177659    1.4410314e+02   2.694277e+05   0.000000e+00   7471s
  177799    1.4410563e+02   9.481514e+04   0.000000e+00   7477s
  177929    1.4410882e+02   2.305104e+05   0.000000e+00   7484s
  178069    1.4411222e+02   8.320843e+04   0.000000e+00   7490s
  178209    1.4411660e+02   4.955390e+04   0.000000e+00   7497s
  178349    1.4412087e+02   9.564620e+04   0.000000e+00   7504s
  178499    1.4412637e+02   7.864661e+04   0.000000e+00   7510s
  178639    1.4413006e+02   2.347622e+05   0.000000e+00   7517s
  178789    1.4413382e+02   1.289219e+05   0.000000e+00   7524s
  178929    1.4413602e+02   1.552754e+05   0.000000e+00   7531s
  179059    1.4413891e+02   6.198634e+05   0.000000e+00   7537s
  179199    1.4414193e+02   4.710912e+05   0.000000e+00   7544s
  179329    1.4414411e+02   3.239407e+04   0.000000e+00   7550s
  179459    1.4414727e+02   5.214174e+04   0.000000e+00   7557s
  179599    1.4415033e+02   2.816026e+04   0.000000e+00   7563s
  179739    1.4415375e+02   1.087913e+05   0.000000e+00   7570s
  179879    1.4415697e+02   1.751248e+05   0.000000e+00   7576s
  180019    1.4415988e+02   1.239342e+05   0.000000e+00   7583s
  180149    1.4416256e+02   1.565263e+06   0.000000e+00   7589s
  180289    1.4416618e+02   2.480066e+06   0.000000e+00   7596s
  180439    1.4416960e+02   6.569580e+05   0.000000e+00   7603s
  180579    1.4417229e+02   2.627699e+05   0.000000e+00   7610s
  180729    1.4417541e+02   2.837353e+05   0.000000e+00   7617s
  180869    1.4417893e+02   8.704691e+05   0.000000e+00   7624s
  180999    1.4418260e+02   2.285801e+05   0.000000e+00   7630s
  181129    1.4418630e+02   9.611013e+04   0.000000e+00   7636s
  181259    1.4418973e+02   8.210525e+04   0.000000e+00   7642s
  181399    1.4419228e+02   5.123359e+04   0.000000e+00   7649s
  181529    1.4419523e+02   4.604210e+05   0.000000e+00   7655s
  181669    1.4419902e+02   6.763418e+04   0.000000e+00   7662s
  181809    1.4420316e+02   6.310832e+04   0.000000e+00   7669s
  181959    1.4420714e+02   6.754790e+05   0.000000e+00   7676s
  182089    1.4421024e+02   7.235755e+04   0.000000e+00   7682s
  182229    1.4421432e+02   6.712051e+04   0.000000e+00   7689s
  182369    1.4421803e+02   4.137555e+04   0.000000e+00   7696s
  182509    1.4422208e+02   2.459287e+05   0.000000e+00   7703s
  182659    1.4422623e+02   1.039990e+05   0.000000e+00   7710s
  182799    1.4422916e+02   3.925083e+05   0.000000e+00   7717s
  182929    1.4423153e+02   1.033829e+05   0.000000e+00   7723s
  183059    1.4423434e+02   3.841300e+05   0.000000e+00   7729s
  183179    1.4423712e+02   5.168100e+06   0.000000e+00   7735s
  183319    1.4424068e+02   2.099262e+05   0.000000e+00   7742s
  183449    1.4424334e+02   4.175068e+04   0.000000e+00   7748s
  183579    1.4424714e+02   4.500162e+05   0.000000e+00   7754s
  183709    1.4424987e+02   4.725810e+05   0.000000e+00   7761s
  183839    1.4425222e+02   1.577875e+05   0.000000e+00   7767s
  183969    1.4425510e+02   4.749174e+05   0.000000e+00   7774s
  184099    1.4425899e+02   4.138688e+04   0.000000e+00   7780s
  184229    1.4426252e+02   5.447089e+04   0.000000e+00   7786s
  184369    1.4426616e+02   1.413348e+05   0.000000e+00   7793s
  184499    1.4426880e+02   4.780718e+04   0.000000e+00   7800s
  184639    1.4427304e+02   3.591414e+05   0.000000e+00   7806s
  184779    1.4427744e+02   9.985924e+04   0.000000e+00   7813s
  184919    1.4428048e+02   2.055939e+05   0.000000e+00   7820s
  185049    1.4428369e+02   3.987047e+04   0.000000e+00   7826s
  185189    1.4428715e+02   9.511974e+04   0.000000e+00   7833s
  185329    1.4429083e+02   5.099201e+04   0.000000e+00   7840s
  185469    1.4429400e+02   4.538680e+04   0.000000e+00   7847s
  185609    1.4429710e+02   2.873632e+05   0.000000e+00   7854s
  185749    1.4429993e+02   1.440879e+05   0.000000e+00   7861s
  185879    1.4430210e+02   1.322053e+05   0.000000e+00   7867s
  186019    1.4430482e+02   6.251512e+05   0.000000e+00   7874s
  186169    1.4430839e+02   2.287278e+05   0.000000e+00   7881s
  186309    1.4431115e+02   7.748742e+04   0.000000e+00   7888s
  186449    1.4431512e+02   2.409640e+05   0.000000e+00   7894s
  186579    1.4431745e+02   3.020254e+04   0.000000e+00   7901s
  186709    1.4432044e+02   5.584974e+05   0.000000e+00   7907s
  186839    1.4432276e+02   3.655637e+05   0.000000e+00   7913s
  186969    1.4432552e+02   5.179117e+04   0.000000e+00   7920s
  187109    1.4432839e+02   3.755148e+04   0.000000e+00   7927s
  187249    1.4433162e+02   4.126212e+04   0.000000e+00   7933s
  187389    1.4433442e+02   1.793121e+05   0.000000e+00   7940s
  187539    1.4433804e+02   4.532427e+04   0.000000e+00   7947s
  187669    1.4434081e+02   2.432273e+05   0.000000e+00   7953s
  187809    1.4434363e+02   3.282623e+04   0.000000e+00   7960s
  187939    1.4434605e+02   6.708894e+04   0.000000e+00   7966s
  188069    1.4434874e+02   8.372532e+04   0.000000e+00   7972s
  188209    1.4435194e+02   5.687722e+04   0.000000e+00   7979s
  188339    1.4435478e+02   2.438073e+05   0.000000e+00   7985s
  188479    1.4435754e+02   1.431455e+06   0.000000e+00   7992s
  188619    1.4436125e+02   5.225649e+04   0.000000e+00   7998s
  188749    1.4436430e+02   6.345030e+05   0.000000e+00   8004s
  188879    1.4436733e+02   1.583801e+05   0.000000e+00   8011s
  189009    1.4437030e+02   8.560058e+05   0.000000e+00   8017s
  189129    1.4437288e+02   4.627177e+05   0.000000e+00   8023s
  189259    1.4437558e+02   4.135912e+04   0.000000e+00   8029s
  189389    1.4437872e+02   1.820225e+05   0.000000e+00   8035s
  189509    1.4438173e+02   1.004200e+05   0.000000e+00   8041s
  189629    1.4438412e+02   3.136926e+05   0.000000e+00   8047s
  189769    1.4438734e+02   1.220262e+05   0.000000e+00   8053s
  189919    1.4439046e+02   1.457685e+05   0.000000e+00   8060s
  190049    1.4439284e+02   4.916397e+04   0.000000e+00   8066s
  190199    1.4439619e+02   4.137179e+04   0.000000e+00   8073s
  190349    1.4439946e+02   6.139172e+04   0.000000e+00   8080s
  190489    1.4440271e+02   8.409695e+04   0.000000e+00   8086s
  190619    1.4440597e+02   5.682468e+04   0.000000e+00   8092s
  190759    1.4440902e+02   3.899872e+04   0.000000e+00   8099s
  190899    1.4441176e+02   6.649981e+04   0.000000e+00   8106s
  191039    1.4441402e+02   7.045344e+04   0.000000e+00   8112s
  191179    1.4441669e+02   1.222300e+05   0.000000e+00   8119s
  191309    1.4441910e+02   1.717728e+05   0.000000e+00   8125s
  191449    1.4442129e+02   1.106119e+05   0.000000e+00   8131s
  191599    1.4442411e+02   6.619937e+04   0.000000e+00   8138s
  191729    1.4442612e+02   7.942959e+05   0.000000e+00   8144s
  191859    1.4442837e+02   2.041992e+05   0.000000e+00   8150s
  191989    1.4443102e+02   4.796169e+05   0.000000e+00   8156s
  192139    1.4443386e+02   6.049699e+04   0.000000e+00   8163s
  192279    1.4443778e+02   1.720207e+05   0.000000e+00   8170s
  192419    1.4444104e+02   8.581504e+04   0.000000e+00   8177s
  192559    1.4444390e+02   1.005218e+05   0.000000e+00   8183s
  192689    1.4444666e+02   6.706206e+05   0.000000e+00   8189s
  192829    1.4444923e+02   8.546763e+04   0.000000e+00   8196s
  192969    1.4445316e+02   4.030169e+05   0.000000e+00   8203s
  193099    1.4445687e+02   4.334830e+05   0.000000e+00   8209s
  193239    1.4446033e+02   5.452221e+04   0.000000e+00   8216s
  193379    1.4446419e+02   2.883129e+04   0.000000e+00   8222s
  193519    1.4446684e+02   3.426500e+04   0.000000e+00   8229s
  193659    1.4446970e+02   1.554783e+05   0.000000e+00   8235s
  193799    1.4447235e+02   2.282375e+05   0.000000e+00   8242s
  193929    1.4447449e+02   9.278991e+04   0.000000e+00   8248s
  194069    1.4447704e+02   1.039276e+05   0.000000e+00   8255s
  194209    1.4448051e+02   2.215502e+04   0.000000e+00   8261s
  194349    1.4448317e+02   9.091514e+04   0.000000e+00   8267s
  194499    1.4448601e+02   1.040662e+05   0.000000e+00   8274s
  194629    1.4448823e+02   3.463367e+05   0.000000e+00   8280s
  194769    1.4449140e+02   9.801452e+04   0.000000e+00   8287s
  194909    1.4449441e+02   3.864198e+04   0.000000e+00   8293s
  195039    1.4449764e+02   6.834562e+04   0.000000e+00   8299s
  195169    1.4449991e+02   3.603512e+05   0.000000e+00   8305s
  195309    1.4450295e+02   8.715181e+04   0.000000e+00   8312s
  195439    1.4450509e+02   7.156277e+04   0.000000e+00   8318s
  195569    1.4450797e+02   2.749703e+04   0.000000e+00   8324s
  195709    1.4451112e+02   7.509608e+04   0.000000e+00   8331s
  195839    1.4451350e+02   1.179926e+06   0.000000e+00   8337s
  195969    1.4451620e+02   4.089727e+04   0.000000e+00   8343s
  196109    1.4451882e+02   1.719356e+04   0.000000e+00   8349s
  196249    1.4452187e+02   1.488494e+05   0.000000e+00   8356s
  196389    1.4452444e+02   2.976601e+04   0.000000e+00   8362s
  196519    1.4452668e+02   3.635223e+04   0.000000e+00   8369s
  196659    1.4452947e+02   9.741603e+04   0.000000e+00   8375s
  196799    1.4453201e+02   9.542661e+04   0.000000e+00   8381s
  196939    1.4453500e+02   1.663684e+05   0.000000e+00   8388s
  197079    1.4453880e+02   2.558439e+05   0.000000e+00   8394s
  197209    1.4454086e+02   1.094192e+04   0.000000e+00   8401s
  197339    1.4454233e+02   1.636303e+05   0.000000e+00   8407s
  197479    1.4454421e+02   8.624920e+04   0.000000e+00   8413s
  197609    1.4454685e+02   3.610868e+05   0.000000e+00   8420s
  197739    1.4454953e+02   8.461884e+04   0.000000e+00   8426s
  197869    1.4455164e+02   2.228391e+06   0.000000e+00   8432s
  198009    1.4455404e+02   1.674199e+05   0.000000e+00   8438s
  198139    1.4455712e+02   7.492384e+04   0.000000e+00   8445s
  198269    1.4456034e+02   4.977029e+04   0.000000e+00   8451s
  198399    1.4456296e+02   2.535434e+05   0.000000e+00   8457s
  198539    1.4456673e+02   1.818144e+04   0.000000e+00   8464s
  198669    1.4456948e+02   3.652262e+04   0.000000e+00   8470s
  198809    1.4457266e+02   1.143523e+06   0.000000e+00   8477s
  198949    1.4457541e+02   4.291609e+04   0.000000e+00   8483s
  199079    1.4457830e+02   2.021261e+05   0.000000e+00   8490s
  199219    1.4457997e+02   5.477752e+04   0.000000e+00   8496s
  199349    1.4458256e+02   8.835289e+04   0.000000e+00   8502s
  199489    1.4458616e+02   1.063908e+05   0.000000e+00   8509s
  199619    1.4458881e+02   6.777889e+04   0.000000e+00   8515s
  199759    1.4459131e+02   6.170101e+05   0.000000e+00   8521s
  199899    1.4459402e+02   2.753653e+05   0.000000e+00   8528s
  200029    1.4459689e+02   2.755829e+05   0.000000e+00   8534s
  200159    1.4460007e+02   3.678332e+04   0.000000e+00   8541s
  200289    1.4460293e+02   4.582536e+04   0.000000e+00   8547s
  200419    1.4460522e+02   6.555562e+04   0.000000e+00   8553s
  200549    1.4460759e+02   7.499693e+04   0.000000e+00   8559s
  200679    1.4460989e+02   1.881583e+05   0.000000e+00   8565s
  200819    1.4461231e+02   8.030395e+04   0.000000e+00   8572s
  200959    1.4461548e+02   3.303177e+04   0.000000e+00   8578s
  201099    1.4461814e+02   1.000170e+05   0.000000e+00   8585s
  201239    1.4462073e+02   1.016154e+05   0.000000e+00   8591s
  201369    1.4462283e+02   1.141768e+05   0.000000e+00   8598s
  201519    1.4462525e+02   1.339275e+05   0.000000e+00   8604s
  201649    1.4462787e+02   3.215505e+04   0.000000e+00   8611s
  201789    1.4463092e+02   6.731897e+04   0.000000e+00   8617s
  201919    1.4463414e+02   7.109554e+04   0.000000e+00   8623s
  202049    1.4463691e+02   5.542041e+04   0.000000e+00   8629s
  202169    1.4464015e+02   6.711260e+05   0.000000e+00   8635s
  202309    1.4464369e+02   1.842394e+05   0.000000e+00   8642s
  202439    1.4464623e+02   1.477855e+05   0.000000e+00   8648s
  202579    1.4464917e+02   3.195864e+04   0.000000e+00   8655s
  202709    1.4465213e+02   1.954858e+05   0.000000e+00   8661s
  202849    1.4465576e+02   1.245623e+05   0.000000e+00   8668s
  202999    1.4465808e+02   4.667822e+04   0.000000e+00   8674s
  203139    1.4466044e+02   1.161302e+06   0.000000e+00   8681s
  203279    1.4466342e+02   1.701119e+05   0.000000e+00   8688s
  203429    1.4466574e+02   9.771949e+04   0.000000e+00   8694s
  203579    1.4466913e+02   4.052943e+04   0.000000e+00   8701s
  203719    1.4467190e+02   3.566328e+04   0.000000e+00   8708s
  203859    1.4467432e+02   2.175473e+05   0.000000e+00   8714s
  203989    1.4467730e+02   5.971616e+04   0.000000e+00   8721s
  204129    1.4467981e+02   1.317479e+05   0.000000e+00   8727s
  204269    1.4468323e+02   5.232491e+05   0.000000e+00   8734s
  204409    1.4468619e+02   2.063724e+05   0.000000e+00   8741s
  204539    1.4468826e+02   3.652388e+05   0.000000e+00   8747s
  204669    1.4469088e+02   1.278006e+05   0.000000e+00   8753s
  204809    1.4469442e+02   7.634274e+04   0.000000e+00   8759s
  204949    1.4469735e+02   9.409816e+05   0.000000e+00   8766s
  205099    1.4469959e+02   7.831569e+04   0.000000e+00   8772s
  205239    1.4470169e+02   7.321502e+05   0.000000e+00   8779s
  205379    1.4470479e+02   4.482170e+04   0.000000e+00   8785s
  205519    1.4470737e+02   1.863765e+05   0.000000e+00   8792s
  205659    1.4470979e+02   5.379299e+04   0.000000e+00   8798s
  205789    1.4471292e+02   7.046918e+04   0.000000e+00   8805s
  205929    1.4471570e+02   1.085682e+05   0.000000e+00   8811s
  206069    1.4471774e+02   9.994736e+04   0.000000e+00   8817s
  206209    1.4472037e+02   3.229283e+04   0.000000e+00   8824s
  206349    1.4472307e+02   2.267254e+05   0.000000e+00   8830s
  206489    1.4472488e+02   3.208510e+04   0.000000e+00   8837s
  206629    1.4472768e+02   2.008987e+04   0.000000e+00   8843s
  206769    1.4473054e+02   4.927625e+05   0.000000e+00   8850s
  206899    1.4473319e+02   7.594905e+04   0.000000e+00   8856s
  207039    1.4473592e+02   2.742707e+05   0.000000e+00   8862s
  207189    1.4473843e+02   6.603658e+05   0.000000e+00   8869s
  207329    1.4474102e+02   5.302024e+04   0.000000e+00   8875s
  207479    1.4474421e+02   1.915035e+04   0.000000e+00   8882s
  207629    1.4474788e+02   7.036044e+04   0.000000e+00   8889s
  207779    1.4475030e+02   9.350480e+04   0.000000e+00   8896s
  207909    1.4475261e+02   1.569323e+05   0.000000e+00   8902s
  208059    1.4475554e+02   5.917242e+04   0.000000e+00   8909s
  208199    1.4475810e+02   5.989303e+04   0.000000e+00   8915s
  208329    1.4476048e+02   1.463538e+05   0.000000e+00   8921s
  208459    1.4476272e+02   1.389199e+05   0.000000e+00   8927s
  208599    1.4476563e+02   1.301336e+05   0.000000e+00   8934s
  208739    1.4476780e+02   4.510412e+04   0.000000e+00   8940s
  208879    1.4477076e+02   7.560263e+04   0.000000e+00   8947s
  209009    1.4477320e+02   1.511238e+05   0.000000e+00   8953s
  209139    1.4477576e+02   2.351085e+05   0.000000e+00   8959s
  209279    1.4477892e+02   3.596745e+04   0.000000e+00   8966s
  209409    1.4478098e+02   5.483185e+04   0.000000e+00   8972s
  209539    1.4478295e+02   1.484186e+05   0.000000e+00   8978s
  209679    1.4478563e+02   1.731391e+05   0.000000e+00   8984s
  209819    1.4478801e+02   9.717926e+04   0.000000e+00   8991s
  209949    1.4479047e+02   1.077946e+05   0.000000e+00   8997s
  210099    1.4479379e+02   2.570882e+04   0.000000e+00   9003s
  210239    1.4479621e+02   1.652126e+05   0.000000e+00   9010s
  210389    1.4479866e+02   1.687676e+05   0.000000e+00   9017s
  210529    1.4480135e+02   4.554272e+04   0.000000e+00   9023s
  210659    1.4480360e+02   5.539444e+04   0.000000e+00   9029s
  210799    1.4480601e+02   2.820228e+05   0.000000e+00   9035s
  210939    1.4480896e+02   3.955509e+04   0.000000e+00   9042s
  211089    1.4481158e+02   1.871244e+05   0.000000e+00   9048s
  211239    1.4481387e+02   5.247757e+05   0.000000e+00   9055s
  211379    1.4481658e+02   5.742963e+05   0.000000e+00   9062s
  211519    1.4481924e+02   5.030454e+05   0.000000e+00   9068s
  211659    1.4482160e+02   4.917317e+04   0.000000e+00   9075s
  211809    1.4482373e+02   8.179491e+05   0.000000e+00   9082s
  211949    1.4482594e+02   4.288954e+05   0.000000e+00   9088s
  212089    1.4482829e+02   3.542502e+04   0.000000e+00   9095s
  212229    1.4483017e+02   2.876155e+04   0.000000e+00   9101s
  212379    1.4483258e+02   5.454981e+04   0.000000e+00   9108s
  212519    1.4483469e+02   4.568738e+05   0.000000e+00   9115s
  212659    1.4483734e+02   1.225310e+05   0.000000e+00   9121s
  212799    1.4484014e+02   2.357660e+05   0.000000e+00   9127s
  212939    1.4484242e+02   3.750996e+04   0.000000e+00   9134s
  213079    1.4484443e+02   5.231236e+06   0.000000e+00   9141s
  213229    1.4484728e+02   5.598227e+04   0.000000e+00   9147s
  213379    1.4484970e+02   1.778540e+05   0.000000e+00   9154s
  213529    1.4485294e+02   1.378579e+05   0.000000e+00   9161s
  213689    1.4485593e+02   5.211104e+04   0.000000e+00   9168s
  213849    1.4485897e+02   1.257758e+05   0.000000e+00   9175s
  213999    1.4486125e+02   1.773846e+05   0.000000e+00   9182s
  214149    1.4486438e+02   1.691487e+05   0.000000e+00   9189s
  214289    1.4486663e+02   3.486674e+04   0.000000e+00   9195s
  214429    1.4486967e+02   2.343872e+04   0.000000e+00   9202s
  214569    1.4487112e+02   2.183178e+05   0.000000e+00   9208s
  214719    1.4487319e+02   4.100186e+04   0.000000e+00   9215s
  214879    1.4487533e+02   1.404399e+05   0.000000e+00   9222s
  215029    1.4487773e+02   1.997015e+05   0.000000e+00   9229s
  215169    1.4488026e+02   1.297484e+05   0.000000e+00   9236s
  215319    1.4488301e+02   3.047532e+04   0.000000e+00   9242s
  215459    1.4488541e+02   6.725441e+04   0.000000e+00   9249s
  215609    1.4488804e+02   5.268963e+04   0.000000e+00   9256s
  215759    1.4489042e+02   1.417349e+05   0.000000e+00   9263s
  215909    1.4489279e+02   1.037242e+05   0.000000e+00   9270s
  216059    1.4489555e+02   1.520239e+05   0.000000e+00   9277s
  216209    1.4489828e+02   5.120185e+04   0.000000e+00   9283s
  216359    1.4490087e+02   2.892864e+04   0.000000e+00   9290s
  216509    1.4490321e+02   1.987936e+05   0.000000e+00   9297s
  216659    1.4490538e+02   3.268226e+04   0.000000e+00   9303s
  216809    1.4490804e+02   3.277926e+04   0.000000e+00   9310s
  216949    1.4491014e+02   3.460733e+04   0.000000e+00   9317s
  217089    1.4491240e+02   5.491903e+04   0.000000e+00   9323s
  217229    1.4491510e+02   9.453873e+04   0.000000e+00   9330s
  217379    1.4491842e+02   1.855355e+04   0.000000e+00   9336s
  217529    1.4492129e+02   7.856690e+04   0.000000e+00   9343s
  217679    1.4492360e+02   3.452169e+04   0.000000e+00   9350s
  217819    1.4492600e+02   7.969548e+04   0.000000e+00   9356s
  217959    1.4492892e+02   1.041611e+05   0.000000e+00   9363s
  218089    1.4493104e+02   5.016863e+05   0.000000e+00   9369s
  218219    1.4493258e+02   3.593931e+04   0.000000e+00   9375s
  218359    1.4493513e+02   6.849086e+04   0.000000e+00   9381s
  218509    1.4493777e+02   1.046955e+05   0.000000e+00   9388s
  218659    1.4494029e+02   7.994628e+05   0.000000e+00   9394s
  218799    1.4494263e+02   7.695584e+04   0.000000e+00   9401s
  218949    1.4494529e+02   4.943198e+04   0.000000e+00   9408s
  219099    1.4494793e+02   5.533077e+04   0.000000e+00   9414s
  219229    1.4494992e+02   4.650405e+04   0.000000e+00   9420s
  219369    1.4495189e+02   7.342781e+04   0.000000e+00   9426s
  219509    1.4495365e+02   4.692464e+04   0.000000e+00   9433s
  219649    1.4495551e+02   1.822068e+05   0.000000e+00   9439s
  219799    1.4495757e+02   1.763121e+05   0.000000e+00   9446s
  219939    1.4495958e+02   2.265531e+04   0.000000e+00   9452s
  220089    1.4496188e+02   3.813655e+04   0.000000e+00   9459s
  220239    1.4496505e+02   4.605680e+04   0.000000e+00   9465s
  220369    1.4496740e+02   1.343589e+05   0.000000e+00   9472s
  220519    1.4496933e+02   3.351358e+04   0.000000e+00   9478s
  220669    1.4497158e+02   5.525781e+04   0.000000e+00   9485s
  220819    1.4497367e+02   1.175525e+05   0.000000e+00   9492s
  220969    1.4497593e+02   1.371237e+05   0.000000e+00   9499s
  221109    1.4497803e+02   5.134103e+05   0.000000e+00   9505s
  221249    1.4497971e+02   1.216103e+05   0.000000e+00   9511s
  221389    1.4498151e+02   6.590062e+04   0.000000e+00   9517s
  221529    1.4498399e+02   4.938964e+04   0.000000e+00   9524s
  221659    1.4498605e+02   3.200492e+04   0.000000e+00   9530s
  221799    1.4498853e+02   3.284693e+04   0.000000e+00   9536s
  221949    1.4499132e+02   5.976051e+04   0.000000e+00   9543s
  222109    1.4499430e+02   7.446519e+04   0.000000e+00   9549s
  222259    1.4499651e+02   5.880502e+04   0.000000e+00   9556s
  222389    1.4499869e+02   6.784076e+04   0.000000e+00   9561s
  222549    1.4500131e+02   2.014437e+04   0.000000e+00   9568s
  222699    1.4500364e+02   1.881964e+04   0.000000e+00   9575s
  222839    1.4500577e+02   1.300708e+05   0.000000e+00   9581s
  222989    1.4500835e+02   2.128462e+05   0.000000e+00   9588s
  223129    1.4501033e+02   5.585976e+04   0.000000e+00   9594s
  223269    1.4501246e+02   2.096379e+04   0.000000e+00   9600s
  223409    1.4501431e+02   2.077645e+05   0.000000e+00   9606s
  223539    1.4501632e+02   2.797480e+04   0.000000e+00   9612s
  223669    1.4501779e+02   4.355211e+04   0.000000e+00   9618s
  223809    1.4501960e+02   2.487325e+04   0.000000e+00   9624s
  223949    1.4502163e+02   1.555987e+04   0.000000e+00   9631s
  224089    1.4502341e+02   4.587587e+04   0.000000e+00   9637s
  224239    1.4502519e+02   5.366667e+04   0.000000e+00   9643s
  224379    1.4502662e+02   3.062519e+04   0.000000e+00   9650s
  224529    1.4502866e+02   2.555296e+04   0.000000e+00   9656s
  224669    1.4503052e+02   2.565398e+05   0.000000e+00   9663s
  224819    1.4503214e+02   4.412685e+04   0.000000e+00   9669s
  224969    1.4503373e+02   5.899373e+04   0.000000e+00   9676s
  225109    1.4503605e+02   8.583979e+04   0.000000e+00   9682s
  225259    1.4503788e+02   1.050102e+05   0.000000e+00   9688s
  225409    1.4504030e+02   2.100307e+04   0.000000e+00   9695s
  225559    1.4504259e+02   1.090552e+05   0.000000e+00   9702s
  225699    1.4504451e+02   4.736327e+04   0.000000e+00   9708s
  225839    1.4504648e+02   5.632088e+04   0.000000e+00   9715s
  225979    1.4504868e+02   1.045107e+05   0.000000e+00   9721s
  226119    1.4505030e+02   3.619914e+05   0.000000e+00   9727s
  226259    1.4505222e+02   5.083912e+04   0.000000e+00   9734s
  226399    1.4505381e+02   2.357471e+04   0.000000e+00   9740s
  226549    1.4505570e+02   1.052849e+05   0.000000e+00   9747s
  226689    1.4505818e+02   1.056738e+05   0.000000e+00   9753s
  226839    1.4506024e+02   7.459038e+04   0.000000e+00   9759s
  226989    1.4506239e+02   3.741877e+04   0.000000e+00   9766s
  227129    1.4506418e+02   1.273097e+05   0.000000e+00   9772s
  227269    1.4506596e+02   6.511525e+04   0.000000e+00   9778s
  227409    1.4506750e+02   2.138406e+04   0.000000e+00   9785s
  227559    1.4506959e+02   3.997455e+04   0.000000e+00   9791s
  227699    1.4507220e+02   5.320927e+04   0.000000e+00   9798s
  227839    1.4507400e+02   5.861604e+04   0.000000e+00   9804s
  227979    1.4507556e+02   2.603118e+04   0.000000e+00   9810s
  228129    1.4507760e+02   6.865457e+05   0.000000e+00   9817s
  228279    1.4507926e+02   3.119516e+05   0.000000e+00   9824s
  228429    1.4508111e+02   1.126157e+06   0.000000e+00   9831s
  228579    1.4508297e+02   5.294656e+04   0.000000e+00   9837s
  228729    1.4508502e+02   1.402899e+05   0.000000e+00   9844s
  228879    1.4508702e+02   2.521270e+04   0.000000e+00   9850s
  229019    1.4508874e+02   4.001347e+04   0.000000e+00   9856s
  229169    1.4509089e+02   3.636087e+04   0.000000e+00   9863s
  229319    1.4509277e+02   1.377377e+05   0.000000e+00   9869s
  229469    1.4509481e+02   4.032542e+04   0.000000e+00   9876s
  229609    1.4509677e+02   3.987597e+04   0.000000e+00   9882s
  229749    1.4509896e+02   6.538829e+04   0.000000e+00   9888s
  229889    1.4510087e+02   1.149269e+05   0.000000e+00   9895s
  230029    1.4510240e+02   5.665139e+04   0.000000e+00   9901s
  230169    1.4510476e+02   9.637711e+04   0.000000e+00   9907s
  230319    1.4510682e+02   8.559126e+04   0.000000e+00   9914s
  230469    1.4510856e+02   4.285691e+04   0.000000e+00   9921s
  230609    1.4511005e+02   8.039232e+04   0.000000e+00   9927s
  230759    1.4511165e+02   6.764659e+05   0.000000e+00   9933s
  230909    1.4511327e+02   4.061962e+04   0.000000e+00   9940s
  231059    1.4511568e+02   5.596588e+04   0.000000e+00   9946s
  231199    1.4511743e+02   3.368369e+05   0.000000e+00   9952s
  231349    1.4511886e+02   3.306303e+04   0.000000e+00   9959s
  231499    1.4512056e+02   1.541432e+04   0.000000e+00   9966s
  231649    1.4512218e+02   4.484839e+04   0.000000e+00   9972s
  231799    1.4512394e+02   3.376467e+05   0.000000e+00   9979s
  231949    1.4512577e+02   2.175761e+04   0.000000e+00   9985s
  232099    1.4512748e+02   1.176623e+04   0.000000e+00   9992s
  232249    1.4512909e+02   8.679946e+04   0.000000e+00   9998s
  232399    1.4513105e+02   2.276271e+04   0.000000e+00  10004s
  232549    1.4513292e+02   5.408796e+04   0.000000e+00  10011s
  232699    1.4513453e+02   4.760885e+04   0.000000e+00  10017s
  232849    1.4513655e+02   3.493087e+04   0.000000e+00  10024s
  232989    1.4513830e+02   1.757251e+04   0.000000e+00  10030s
  233129    1.4513992e+02   8.894649e+04   0.000000e+00  10036s
  233269    1.4514125e+02   1.319335e+04   0.000000e+00  10043s
  233409    1.4514299e+02   2.557667e+04   0.000000e+00  10049s
  233549    1.4514497e+02   1.670927e+05   0.000000e+00  10055s
  233689    1.4514705e+02   1.891125e+05   0.000000e+00  10061s
  233839    1.4514843e+02   3.440734e+04   0.000000e+00  10068s
  233989    1.4515008e+02   9.144460e+04   0.000000e+00  10074s
  234149    1.4515248e+02   7.114920e+04   0.000000e+00  10081s
  234299    1.4515458e+02   7.326957e+04   0.000000e+00  10088s
  234439    1.4515634e+02   9.510490e+04   0.000000e+00  10094s
  234579    1.4515852e+02   7.500885e+04   0.000000e+00  10100s
  234739    1.4516057e+02   1.368999e+05   0.000000e+00  10107s
  234889    1.4516264e+02   1.066351e+05   0.000000e+00  10113s
  235029    1.4516373e+02   1.300875e+05   0.000000e+00  10119s
  235169    1.4516545e+02   9.095770e+03   0.000000e+00  10126s
  235329    1.4516773e+02   3.484142e+04   0.000000e+00  10132s
  235469    1.4516929e+02   2.608664e+05   0.000000e+00  10139s
  235609    1.4517049e+02   6.339443e+05   0.000000e+00  10145s
  235749    1.4517186e+02   6.183128e+04   0.000000e+00  10151s
  235889    1.4517333e+02   7.609677e+04   0.000000e+00  10157s
  236039    1.4517505e+02   4.216401e+04   0.000000e+00  10164s
  236189    1.4517695e+02   1.622218e+04   0.000000e+00  10170s
  236339    1.4517865e+02   2.101627e+04   0.000000e+00  10177s
  236499    1.4518062e+02   1.595670e+05   0.000000e+00  10183s
  236649    1.4518240e+02   3.599188e+04   0.000000e+00  10190s
  236809    1.4518436e+02   1.748112e+04   0.000000e+00  10196s
  236959    1.4518602e+02   2.839832e+04   0.000000e+00  10203s
  237119    1.4518763e+02   4.035283e+04   0.000000e+00  10210s
  237279    1.4518951e+02   1.015861e+05   0.000000e+00  10217s
  237439    1.4519114e+02   3.143193e+04   0.000000e+00  10224s
  237589    1.4519317e+02   8.953141e+04   0.000000e+00  10230s
  237759    1.4519574e+02   6.430914e+03   0.000000e+00  10237s
  237909    1.4519779e+02   5.794714e+04   0.000000e+00  10243s
  238059    1.4519929e+02   1.218462e+04   0.000000e+00  10250s
  238209    1.4520056e+02   4.107152e+04   0.000000e+00  10256s
  238349    1.4520205e+02   7.123949e+04   0.000000e+00  10263s
  238489    1.4520365e+02   1.522944e+04   0.000000e+00  10269s
  238639    1.4520526e+02   4.791240e+04   0.000000e+00  10276s
  238789    1.4520698e+02   9.540070e+04   0.000000e+00  10282s
  238939    1.4520844e+02   8.714015e+04   0.000000e+00  10289s
  239079    1.4520991e+02   2.766439e+04   0.000000e+00  10295s
  239229    1.4521164e+02   3.034109e+05   0.000000e+00  10302s
  239369    1.4521359e+02   2.338557e+04   0.000000e+00  10308s
  239509    1.4521510e+02   7.802170e+03   0.000000e+00  10314s
  239639    1.4521644e+02   3.253873e+04   0.000000e+00  10320s
  239779    1.4521784e+02   4.692514e+05   0.000000e+00  10326s
  239919    1.4521925e+02   5.251117e+04   0.000000e+00  10333s
  240089    1.4522113e+02   8.104473e+04   0.000000e+00  10340s
  240249    1.4522272e+02   3.080291e+04   0.000000e+00  10347s
  240399    1.4522433e+02   5.546990e+04   0.000000e+00  10353s
  240559    1.4522627e+02   3.046570e+05   0.000000e+00  10360s
  240709    1.4522808e+02   4.765793e+04   0.000000e+00  10366s
  240869    1.4522991e+02   1.660063e+04   0.000000e+00  10373s
  241029    1.4523136e+02   2.140029e+04   0.000000e+00  10379s
  241189    1.4523296e+02   2.539144e+03   0.000000e+00  10386s
  241339    1.4523469e+02   8.305200e+04   0.000000e+00  10392s
  241499    1.4523612e+02   1.072064e+05   0.000000e+00  10399s
  241659    1.4523805e+02   5.613719e+04   0.000000e+00  10406s
  241809    1.4523965e+02   4.545769e+04   0.000000e+00  10413s
  241959    1.4524101e+02   8.790246e+04   0.000000e+00  10419s
  242109    1.4524235e+02   2.130681e+04   0.000000e+00  10426s
  242259    1.4524387e+02   2.099991e+04   0.000000e+00  10432s
  242419    1.4524519e+02   1.064193e+05   0.000000e+00  10439s
  242569    1.4524644e+02   4.904495e+04   0.000000e+00  10445s
  242719    1.4524808e+02   1.376910e+05   0.000000e+00  10452s
  242869    1.4524936e+02   3.343578e+05   0.000000e+00  10458s
  243019    1.4525063e+02   4.125635e+04   0.000000e+00  10464s
  243159    1.4525185e+02   5.608516e+03   0.000000e+00  10471s
  243319    1.4525351e+02   1.984689e+05   0.000000e+00  10478s
  243469    1.4525495e+02   5.424008e+04   0.000000e+00  10484s
  243609    1.4525659e+02   2.601100e+04   0.000000e+00  10490s
  243749    1.4525782e+02   5.040793e+04   0.000000e+00  10496s
  243889    1.4525961e+02   2.401863e+04   0.000000e+00  10502s
  244039    1.4526137e+02   2.983090e+04   0.000000e+00  10509s
  244189    1.4526274e+02   1.837097e+04   0.000000e+00  10515s
  244339    1.4526374e+02   1.712698e+04   0.000000e+00  10522s
  244479    1.4526457e+02   2.833751e+04   0.000000e+00  10528s
  244629    1.4526576e+02   2.675012e+04   0.000000e+00  10534s
  244779    1.4526751e+02   3.072168e+04   0.000000e+00  10540s
  244919    1.4526907e+02   1.827139e+04   0.000000e+00  10547s
  245069    1.4527079e+02   2.167262e+04   0.000000e+00  10553s
  245219    1.4527227e+02   1.231705e+04   0.000000e+00  10559s
  245369    1.4527368e+02   5.284800e+04   0.000000e+00  10566s
  245519    1.4527494e+02   2.794190e+04   0.000000e+00  10572s
  245659    1.4527659e+02   7.534141e+03   0.000000e+00  10578s
  245819    1.4527846e+02   4.349295e+04   0.000000e+00  10584s
  245969    1.4527989e+02   3.855322e+04   0.000000e+00  10591s
  246109    1.4528119e+02   6.519440e+04   0.000000e+00  10597s
  246249    1.4528268e+02   3.712619e+04   0.000000e+00  10603s
  246399    1.4528415e+02   5.368079e+03   0.000000e+00  10609s
  246559    1.4528600e+02   5.908741e+04   0.000000e+00  10616s
  246719    1.4528802e+02   1.374396e+04   0.000000e+00  10623s
  246869    1.4528962e+02   6.183441e+04   0.000000e+00  10630s
  247019    1.4529138e+02   2.817328e+04   0.000000e+00  10636s
  247179    1.4529283e+02   1.291184e+05   0.000000e+00  10643s
  247329    1.4529416e+02   1.661728e+04   0.000000e+00  10649s
  247489    1.4529581e+02   1.639785e+04   0.000000e+00  10656s
  247649    1.4529719e+02   2.500025e+04   0.000000e+00  10663s
  247799    1.4529836e+02   7.211552e+03   0.000000e+00  10669s
  247959    1.4529977e+02   1.750587e+04   0.000000e+00  10676s
  248109    1.4530155e+02   1.079595e+04   0.000000e+00  10682s
  248269    1.4530287e+02   5.591496e+03   0.000000e+00  10689s
  248419    1.4530430e+02   1.161482e+04   0.000000e+00  10695s
  248569    1.4530601e+02   1.716154e+04   0.000000e+00  10702s
  248729    1.4530774e+02   2.407905e+04   0.000000e+00  10708s
  248889    1.4530948e+02   1.345262e+04   0.000000e+00  10715s
  249039    1.4531119e+02   1.826920e+04   0.000000e+00  10721s
  249189    1.4531265e+02   7.482923e+04   0.000000e+00  10728s
  249339    1.4531430e+02   2.581792e+04   0.000000e+00  10734s
  249489    1.4531610e+02   3.153196e+05   0.000000e+00  10740s
  249639    1.4531751e+02   4.319076e+04   0.000000e+00  10747s
  249799    1.4531874e+02   3.166933e+04   0.000000e+00  10753s
  249949    1.4532020e+02   3.005828e+04   0.000000e+00  10760s
  250099    1.4532168e+02   1.515434e+04   0.000000e+00  10767s
  250269    1.4532319e+02   3.725301e+04   0.000000e+00  10774s
  250429    1.4532460e+02   2.207691e+04   0.000000e+00  10780s
  250589    1.4532578e+02   8.857864e+03   0.000000e+00  10787s
  250759    1.4532727e+02   3.309907e+04   0.000000e+00  10794s
  250919    1.4532883e+02   6.865755e+03   0.000000e+00  10801s
  251089    1.4533010e+02   4.306757e+04   0.000000e+00  10808s
  251239    1.4533111e+02   1.333418e+04   0.000000e+00  10814s
  251389    1.4533238e+02   3.321951e+04   0.000000e+00  10821s
  251539    1.4533363e+02   3.639893e+04   0.000000e+00  10827s
  251689    1.4533487e+02   1.174726e+04   0.000000e+00  10834s
  251839    1.4533600e+02   8.209276e+04   0.000000e+00  10840s
  251989    1.4533740e+02   2.521056e+04   0.000000e+00  10846s
  252139    1.4533887e+02   2.715138e+04   0.000000e+00  10853s
  252289    1.4534042e+02   1.711317e+04   0.000000e+00  10859s
  252439    1.4534174e+02   1.953080e+04   0.000000e+00  10865s
  252579    1.4534307e+02   1.633985e+05   0.000000e+00  10871s
  252749    1.4534478e+02   3.843165e+04   0.000000e+00  10878s
  252909    1.4534613e+02   1.984129e+04   0.000000e+00  10885s
  253069    1.4534753e+02   2.217451e+04   0.000000e+00  10891s
  253219    1.4534889e+02   4.040432e+04   0.000000e+00  10898s
  253379    1.4535016e+02   7.432369e+04   0.000000e+00  10904s
  253549    1.4535170e+02   6.966358e+04   0.000000e+00  10911s
  253709    1.4535294e+02   4.902936e+04   0.000000e+00  10918s
  253879    1.4535422e+02   2.574166e+04   0.000000e+00  10924s
  254049    1.4535599e+02   1.167410e+04   0.000000e+00  10931s
  254209    1.4535722e+02   3.180397e+04   0.000000e+00  10938s
  254369    1.4535836e+02   7.379227e+04   0.000000e+00  10944s
  254519    1.4535937e+02   1.093078e+04   0.000000e+00  10950s
  254669    1.4536040e+02   1.714307e+04   0.000000e+00  10957s
  254819    1.4536168e+02   6.151224e+04   0.000000e+00  10963s
  254969    1.4536270e+02   3.142026e+04   0.000000e+00  10969s
  255129    1.4536396e+02   9.762026e+03   0.000000e+00  10976s
  255299    1.4536541e+02   3.139256e+04   0.000000e+00  10983s
  255469    1.4536652e+02   1.415779e+05   0.000000e+00  10990s
  255629    1.4536782e+02   7.190239e+04   0.000000e+00  10997s
  255779    1.4536890e+02   2.402312e+04   0.000000e+00  11003s
  255939    1.4536989e+02   1.712016e+04   0.000000e+00  11010s
  256089    1.4537086e+02   5.397323e+03   0.000000e+00  11016s
  256239    1.4537169e+02   1.108112e+04   0.000000e+00  11022s
  256389    1.4537293e+02   1.102133e+04   0.000000e+00  11029s
  256539    1.4537434e+02   2.305622e+05   0.000000e+00  11035s
  256689    1.4537570e+02   3.217670e+05   0.000000e+00  11041s
  256839    1.4537659e+02   2.901222e+04   0.000000e+00  11047s
  256999    1.4537756e+02   2.162099e+05   0.000000e+00  11054s
  257159    1.4537886e+02   1.391727e+05   0.000000e+00  11060s
  257319    1.4538005e+02   1.121688e+04   0.000000e+00  11067s
  257489    1.4538099e+02   4.763142e+04   0.000000e+00  11073s
  257649    1.4538199e+02   1.226327e+04   0.000000e+00  11080s
  257799    1.4538292e+02   2.411658e+04   0.000000e+00  11086s
  257959    1.4538396e+02   2.231888e+04   0.000000e+00  11092s
  258119    1.4538506e+02   5.369613e+04   0.000000e+00  11099s
  258279    1.4538614e+02   1.921450e+04   0.000000e+00  11106s
  258429    1.4538735e+02   8.491113e+03   0.000000e+00  11112s
  258589    1.4538826e+02   5.451560e+04   0.000000e+00  11118s
  258749    1.4538951e+02   2.998170e+04   0.000000e+00  11125s
  258919    1.4539061e+02   7.553124e+04   0.000000e+00  11132s
  259069    1.4539168e+02   9.627648e+03   0.000000e+00  11138s
  259229    1.4539262e+02   6.311723e+03   0.000000e+00  11145s
  259379    1.4539379e+02   5.806759e+03   0.000000e+00  11151s
  259539    1.4539473e+02   4.242398e+04   0.000000e+00  11158s
  259699    1.4539589e+02   2.127895e+04   0.000000e+00  11165s
  259859    1.4539673e+02   1.320254e+04   0.000000e+00  11171s
  260009    1.4539784e+02   3.014597e+05   0.000000e+00  11178s
  260169    1.4539884e+02   4.932467e+04   0.000000e+00  11184s
  260329    1.4539974e+02   4.302185e+03   0.000000e+00  11191s
  260499    1.4540052e+02   2.690848e+04   0.000000e+00  11198s
  260669    1.4540153e+02   3.123461e+04   0.000000e+00  11205s
  260839    1.4540262e+02   3.496830e+04   0.000000e+00  11212s
  260999    1.4540377e+02   3.324838e+04   0.000000e+00  11218s
  261159    1.4540499e+02   7.064023e+03   0.000000e+00  11225s
  261319    1.4540609e+02   2.460067e+04   0.000000e+00  11231s
  261479    1.4540765e+02   8.847441e+03   0.000000e+00  11238s
  261639    1.4540901e+02   1.023104e+04   0.000000e+00  11245s
  261809    1.4541033e+02   6.404248e+03   0.000000e+00  11252s
  261969    1.4541140e+02   3.293092e+04   0.000000e+00  11258s
  262129    1.4541263e+02   2.716994e+04   0.000000e+00  11265s
  262289    1.4541380e+02   2.542488e+03   0.000000e+00  11272s
  262449    1.4541495e+02   2.962255e+04   0.000000e+00  11278s
  262609    1.4541592e+02   1.496274e+04   0.000000e+00  11285s
  262779    1.4541722e+02   1.249721e+04   0.000000e+00  11292s
  262949    1.4541833e+02   2.460448e+04   0.000000e+00  11299s
  263119    1.4541930e+02   5.525898e+03   0.000000e+00  11306s
  263279    1.4542040e+02   2.050894e+04   0.000000e+00  11312s
  263439    1.4542139e+02   2.950046e+04   0.000000e+00  11319s
  263599    1.4542227e+02   9.805411e+03   0.000000e+00  11326s
  263759    1.4542339e+02   1.413787e+04   0.000000e+00  11332s
  263919    1.4542431e+02   3.375474e+04   0.000000e+00  11339s
  264079    1.4542524e+02   3.100416e+03   0.000000e+00  11346s
  264239    1.4542652e+02   2.628165e+04   0.000000e+00  11352s
  264409    1.4542760e+02   3.462120e+04   0.000000e+00  11359s
  264579    1.4542877e+02   3.208749e+03   0.000000e+00  11366s
  264749    1.4542981e+02   1.869895e+04   0.000000e+00  11373s
  264919    1.4543098e+02   1.462285e+04   0.000000e+00  11380s
  265079    1.4543200e+02   1.070404e+04   0.000000e+00  11387s
  265239    1.4543325e+02   1.848588e+04   0.000000e+00  11394s
  265389    1.4543427e+02   1.631823e+04   0.000000e+00  11400s
  265559    1.4543544e+02   1.479372e+04   0.000000e+00  11407s
  265719    1.4543628e+02   7.682698e+03   0.000000e+00  11414s
  265889    1.4543715e+02   4.879339e+04   0.000000e+00  11421s
  266059    1.4543834e+02   1.208502e+04   0.000000e+00  11428s
  266219    1.4543927e+02   1.913273e+04   0.000000e+00  11435s
  266389    1.4544025e+02   4.082071e+04   0.000000e+00  11442s
  266559    1.4544116e+02   2.086314e+04   0.000000e+00  11449s
  266729    1.4544199e+02   2.311081e+03   0.000000e+00  11456s
  266899    1.4544302e+02   5.457112e+04   0.000000e+00  11463s
  267069    1.4544402e+02   3.954744e+03   0.000000e+00  11470s
  267249    1.4544505e+02   1.392658e+04   0.000000e+00  11477s
  267429    1.4544639e+02   3.403010e+04   0.000000e+00  11485s
  267609    1.4544766e+02   8.582276e+03   0.000000e+00  11492s
  267779    1.4544881e+02   2.739244e+04   0.000000e+00  11499s
  267949    1.4545006e+02   1.320951e+04   0.000000e+00  11506s
  268109    1.4545105e+02   2.885412e+04   0.000000e+00  11513s
  268269    1.4545186e+02   2.694752e+04   0.000000e+00  11520s
  268419    1.4545268e+02   1.570879e+04   0.000000e+00  11527s
  268579    1.4545345e+02   5.887351e+03   0.000000e+00  11533s
  268739    1.4545431e+02   2.468889e+04   0.000000e+00  11540s
  268899    1.4545537e+02   9.178271e+03   0.000000e+00  11547s
  269069    1.4545634e+02   1.294176e+04   0.000000e+00  11554s
  269239    1.4545742e+02   1.882941e+04   0.000000e+00  11561s
  269399    1.4545834e+02   4.078117e+04   0.000000e+00  11567s
  269559    1.4545910e+02   3.155908e+04   0.000000e+00  11574s
  269719    1.4546006e+02   2.086688e+04   0.000000e+00  11581s
  269889    1.4546120e+02   3.646707e+03   0.000000e+00  11588s
  270059    1.4546210e+02   4.488749e+03   0.000000e+00  11595s
  270229    1.4546305e+02   1.696434e+04   0.000000e+00  11602s
  270389    1.4546381e+02   5.390891e+04   0.000000e+00  11609s
  270549    1.4546473e+02   6.132045e+03   0.000000e+00  11615s
  270709    1.4546573e+02   1.463240e+04   0.000000e+00  11622s
  270879    1.4546644e+02   4.602739e+04   0.000000e+00  11629s
  271049    1.4546733e+02   7.955135e+04   0.000000e+00  11636s
  271229    1.4546842e+02   4.009023e+04   0.000000e+00  11643s
  271399    1.4546950e+02   4.777108e+04   0.000000e+00  11651s
  271569    1.4547062e+02   5.618737e+03   0.000000e+00  11658s
  271749    1.4547157e+02   6.765170e+03   0.000000e+00  11665s
  271909    1.4547230e+02   1.292351e+04   0.000000e+00  11672s
  272079    1.4547328e+02   4.484034e+03   0.000000e+00  11679s
  272239    1.4547412e+02   2.450341e+03   0.000000e+00  11686s
  272399    1.4547483e+02   2.069765e+04   0.000000e+00  11693s
  272559    1.4547585e+02   6.079466e+04   0.000000e+00  11699s
  272719    1.4547674e+02   8.166594e+03   0.000000e+00  11706s
  272879    1.4547772e+02   3.457563e+03   0.000000e+00  11713s
  273039    1.4547857e+02   1.415616e+04   0.000000e+00  11720s
  273199    1.4547941e+02   2.765027e+03   0.000000e+00  11727s
  273359    1.4548048e+02   5.156085e+03   0.000000e+00  11733s
  273539    1.4548152e+02   2.176520e+03   0.000000e+00  11741s
  273719    1.4548256e+02   1.689720e+04   0.000000e+00  11748s
  273889    1.4548337e+02   2.045931e+04   0.000000e+00  11755s
  274049    1.4548408e+02   2.265208e+04   0.000000e+00  11762s
  274219    1.4548496e+02   4.957102e+03   0.000000e+00  11769s
  274389    1.4548575e+02   4.318671e+03   0.000000e+00  11776s
  274549    1.4548658e+02   1.780140e+04   0.000000e+00  11783s
  274719    1.4548748e+02   1.796814e+04   0.000000e+00  11790s
  274879    1.4548827e+02   1.709571e+04   0.000000e+00  11797s
  275049    1.4548898e+02   5.004251e+03   0.000000e+00  11804s
  275209    1.4548979e+02   2.086765e+04   0.000000e+00  11811s
  275369    1.4549053e+02   2.434426e+04   0.000000e+00  11818s
  275549    1.4549123e+02   3.740905e+04   0.000000e+00  11825s
  275729    1.4549218e+02   1.592006e+03   0.000000e+00  11832s
  275899    1.4549315e+02   6.568614e+03   0.000000e+00  11840s
  276059    1.4549391e+02   9.380089e+03   0.000000e+00  11847s
  276219    1.4549467e+02   1.999564e+04   0.000000e+00  11853s
  276389    1.4549554e+02   4.743154e+03   0.000000e+00  11861s
  276549    1.4549627e+02   3.643485e+04   0.000000e+00  11867s
  276709    1.4549688e+02   2.969112e+04   0.000000e+00  11874s
  276869    1.4549755e+02   1.556994e+04   0.000000e+00  11881s
  277029    1.4549836e+02   4.324010e+03   0.000000e+00  11888s
  277199    1.4549916e+02   1.682315e+04   0.000000e+00  11895s
  277359    1.4549994e+02   5.249537e+03   0.000000e+00  11902s
  277529    1.4550088e+02   2.637617e+04   0.000000e+00  11909s
  277699    1.4550169e+02   2.518160e+04   0.000000e+00  11916s
  277869    1.4550244e+02   1.583295e+03   0.000000e+00  11923s
  278039    1.4550310e+02   3.495731e+04   0.000000e+00  11931s
  278209    1.4550379e+02   1.794885e+05   0.000000e+00  11938s
  278369    1.4550450e+02   4.551615e+03   0.000000e+00  11944s
  278539    1.4550532e+02   1.045794e+04   0.000000e+00  11952s
  278699    1.4550597e+02   6.826185e+03   0.000000e+00  11958s
  278859    1.4550672e+02   6.073830e+03   0.000000e+00  11965s
  279029    1.4550746e+02   2.499685e+04   0.000000e+00  11972s
  279189    1.4550805e+02   2.160368e+04   0.000000e+00  11979s
  279359    1.4550883e+02   5.840273e+03   0.000000e+00  11987s
  279529    1.4550954e+02   2.837447e+04   0.000000e+00  11994s
  279709    1.4551022e+02   7.876155e+03   0.000000e+00  12001s
  279889    1.4551105e+02   2.775148e+04   0.000000e+00  12009s
  280059    1.4551179e+02   1.782233e+03   0.000000e+00  12016s
  280229    1.4551238e+02   1.882630e+04   0.000000e+00  12023s
  280409    1.4551304e+02   1.832577e+04   0.000000e+00  12031s
  280579    1.4551367e+02   3.861036e+03   0.000000e+00  12038s
  280759    1.4551439e+02   5.519145e+03   0.000000e+00  12046s
  280929    1.4551505e+02   9.628119e+03   0.000000e+00  12053s
  281099    1.4551568e+02   7.348322e+03   0.000000e+00  12060s
  281269    1.4551631e+02   2.358585e+04   0.000000e+00  12068s
  281439    1.4551698e+02   1.024446e+04   0.000000e+00  12075s
  281609    1.4551761e+02   3.162088e+04   0.000000e+00  12082s
  281769    1.4551836e+02   1.913865e+04   0.000000e+00  12089s
  281939    1.4551908e+02   9.853394e+03   0.000000e+00  12096s
  282119    1.4551999e+02   9.356829e+03   0.000000e+00  12104s
  282309    1.4552055e+02   1.313652e+03   0.000000e+00  12112s
  282489    1.4552136e+02   2.960589e+03   0.000000e+00  12119s
  282669    1.4552205e+02   4.023660e+03   0.000000e+00  12127s
  282849    1.4552269e+02   2.743849e+04   0.000000e+00  12135s
  283029    1.4552338e+02   3.477451e+03   0.000000e+00  12142s
  283209    1.4552410e+02   1.037724e+05   0.000000e+00  12150s
  283379    1.4552487e+02   7.342914e+03   0.000000e+00  12157s
  283549    1.4552557e+02   3.210055e+03   0.000000e+00  12164s
  283719    1.4552618e+02   1.010021e+04   0.000000e+00  12172s
  283889    1.4552682e+02   1.764027e+04   0.000000e+00  12179s
  284059    1.4552737e+02   6.567173e+03   0.000000e+00  12186s
  284229    1.4552807e+02   2.637999e+04   0.000000e+00  12194s
  284409    1.4552881e+02   4.438797e+04   0.000000e+00  12201s
  284599    1.4552958e+02   8.373012e+03   0.000000e+00  12209s
  284779    1.4553049e+02   1.646286e+04   0.000000e+00  12217s
  284959    1.4553146e+02   1.081260e+04   0.000000e+00  12224s
  285149    1.4553209e+02   1.789443e+04   0.000000e+00  12232s
  285329    1.4553272e+02   2.020880e+03   0.000000e+00  12240s
  285499    1.4553336e+02   1.170679e+05   0.000000e+00  12247s
  285669    1.4553392e+02   3.663648e+04   0.000000e+00  12254s
  285839    1.4553461e+02   3.256411e+03   0.000000e+00  12262s
  286009    1.4553534e+02   6.914737e+03   0.000000e+00  12269s
  286189    1.4553625e+02   1.329194e+04   0.000000e+00  12277s
  286359    1.4553696e+02   1.577587e+04   0.000000e+00  12284s
  286539    1.4553763e+02   2.918938e+03   0.000000e+00  12292s
  286729    1.4553832e+02   4.298434e+03   0.000000e+00  12300s
  286899    1.4553912e+02   6.237006e+03   0.000000e+00  12307s
  287069    1.4553979e+02   4.833647e+03   0.000000e+00  12315s
  287249    1.4554056e+02   1.337886e+03   0.000000e+00  12322s
  287429    1.4554118e+02   2.485940e+03   0.000000e+00  12330s
  287609    1.4554181e+02   8.379814e+02   0.000000e+00  12338s
  287789    1.4554262e+02   1.161595e+04   0.000000e+00  12345s
  287959    1.4554320e+02   3.655382e+03   0.000000e+00  12353s
  288129    1.4554374e+02   3.173704e+03   0.000000e+00  12360s
  288309    1.4554435e+02   7.974058e+03   0.000000e+00  12368s
  288499    1.4554503e+02   4.144442e+04   0.000000e+00  12376s
  288689    1.4554570e+02   2.679469e+03   0.000000e+00  12384s
  288869    1.4554634e+02   7.861189e+03   0.000000e+00  12392s
  289049    1.4554702e+02   3.989599e+03   0.000000e+00  12399s
  289229    1.4554750e+02   2.485285e+03   0.000000e+00  12407s
  289409    1.4554815e+02   1.060948e+04   0.000000e+00  12415s
  289589    1.4554862e+02   1.557995e+03   0.000000e+00  12423s
  289759    1.4554908e+02   7.649910e+03   0.000000e+00  12430s
  289919    1.4554951e+02   4.060304e+04   0.000000e+00  12438s
  290079    1.4554998e+02   1.068390e+04   0.000000e+00  12445s
  290249    1.4555060e+02   3.285324e+04   0.000000e+00  12452s
  290429    1.4555127e+02   1.372200e+04   0.000000e+00  12460s
  290599    1.4555196e+02   1.567945e+04   0.000000e+00  12468s
  290789    1.4555257e+02   1.144880e+04   0.000000e+00  12476s
  290959    1.4555318e+02   2.282792e+03   0.000000e+00  12484s
  291129    1.4555369e+02   2.675937e+04   0.000000e+00  12492s
  291309    1.4555430e+02   2.030755e+04   0.000000e+00  12499s
  291479    1.4555491e+02   4.229299e+03   0.000000e+00  12507s
  291659    1.4555554e+02   2.385625e+04   0.000000e+00  12515s
  291829    1.4555608e+02   2.990872e+04   0.000000e+00  12522s
  291999    1.4555656e+02   2.528586e+04   0.000000e+00  12530s
  292189    1.4555706e+02   7.233773e+03   0.000000e+00  12538s
  292369    1.4555766e+02   6.814373e+03   0.000000e+00  12546s
  292549    1.4555825e+02   4.823522e+03   0.000000e+00  12554s
  292719    1.4555876e+02   1.412070e+04   0.000000e+00  12562s
  292889    1.4555923e+02   6.633076e+03   0.000000e+00  12569s
  293049    1.4555972e+02   4.847012e+03   0.000000e+00  12577s
  293219    1.4556019e+02   4.850179e+02   0.000000e+00  12584s
  293389    1.4556068e+02   6.416780e+04   0.000000e+00  12592s
  293559    1.4556112e+02   4.912641e+03   0.000000e+00  12599s
  293729    1.4556175e+02   9.528289e+03   0.000000e+00  12607s
  293909    1.4556237e+02   7.290661e+03   0.000000e+00  12614s
  294089    1.4556281e+02   2.150297e+03   0.000000e+00  12622s
  294269    1.4556334e+02   2.641744e+03   0.000000e+00  12630s
  294459    1.4556388e+02   8.099945e+03   0.000000e+00  12639s
  294639    1.4556445e+02   1.556005e+05   0.000000e+00  12647s
  294809    1.4556491e+02   9.844937e+02   0.000000e+00  12654s
  294989    1.4556542e+02   4.232759e+04   0.000000e+00  12662s
  295169    1.4556581e+02   4.347651e+03   0.000000e+00  12670s
  295349    1.4556619e+02   1.885647e+03   0.000000e+00  12678s
  295519    1.4556647e+02   3.489678e+03   0.000000e+00  12685s
  295689    1.4556684e+02   2.276461e+04   0.000000e+00  12693s
  295849    1.4556719e+02   1.791083e+03   0.000000e+00  12701s
  296019    1.4556760e+02   1.932459e+03   0.000000e+00  12708s
  296199    1.4556805e+02   3.114641e+03   0.000000e+00  12716s
  296379    1.4556858e+02   1.822756e+03   0.000000e+00  12725s
  296559    1.4556914e+02   4.328998e+04   0.000000e+00  12733s
  296739    1.4556963e+02   7.776076e+03   0.000000e+00  12741s
  296919    1.4557014e+02   1.314643e+03   0.000000e+00  12749s
  297109    1.4557062e+02   1.837791e+04   0.000000e+00  12757s
  297279    1.4557098e+02   2.236149e+04   0.000000e+00  12765s
  297449    1.4557142e+02   4.424026e+03   0.000000e+00  12773s
  297629    1.4557186e+02   7.505799e+04   0.000000e+00  12781s
  297809    1.4557223e+02   6.700637e+03   0.000000e+00  12789s
  297979    1.4557265e+02   3.071352e+03   0.000000e+00  12797s
  298139    1.4557316e+02   1.927367e+03   0.000000e+00  12804s
  298299    1.4557349e+02   1.173839e+04   0.000000e+00  12811s
  298479    1.4557391e+02   5.429324e+03   0.000000e+00  12820s
  298659    1.4557432e+02   1.646154e+03   0.000000e+00  12828s
  298849    1.4557474e+02   1.791660e+04   0.000000e+00  12836s
  299029    1.4557520e+02   4.080906e+03   0.000000e+00  12845s
  299199    1.4557561e+02   3.020540e+03   0.000000e+00  12852s
  299379    1.4557612e+02   3.353463e+03   0.000000e+00  12860s
  299549    1.4557649e+02   1.903261e+04   0.000000e+00  12868s
  299719    1.4557696e+02   2.506803e+03   0.000000e+00  12876s
  299899    1.4557731e+02   1.925646e+03   0.000000e+00  12884s
  300099    1.4557765e+02   3.352366e+02   0.000000e+00  12893s
  300289    1.4557801e+02   2.511299e+03   0.000000e+00  12901s
  300469    1.4557831e+02   4.105367e+03   0.000000e+00  12909s
  300659    1.4557862e+02   5.404857e+04   0.000000e+00  12918s
  300839    1.4557910e+02   1.515539e+03   0.000000e+00  12926s
  301019    1.4557944e+02   3.702930e+03   0.000000e+00  12934s
  301199    1.4557976e+02   5.564295e+03   0.000000e+00  12942s
  301389    1.4558014e+02   1.941180e+03   0.000000e+00  12950s
  301579    1.4558043e+02   3.404660e+03   0.000000e+00  12959s
  301759    1.4558076e+02   1.081359e+04   0.000000e+00  12967s
  301929    1.4558109e+02   3.564870e+02   0.000000e+00  12975s
  302119    1.4558148e+02   1.094237e+03   0.000000e+00  12983s
  302309    1.4558196e+02   1.837556e+03   0.000000e+00  12992s
  302489    1.4558244e+02   2.306617e+04   0.000000e+00  13000s
  302659    1.4558268e+02   7.504744e+02   0.000000e+00  13008s
  302839    1.4558295e+02   5.397542e+03   0.000000e+00  13016s
  303029    1.4558327e+02   5.217162e+02   0.000000e+00  13024s
  303209    1.4558352e+02   3.967351e+03   0.000000e+00  13032s
  303379    1.4558382e+02   2.426774e+02   0.000000e+00  13040s
  303559    1.4558414e+02   4.021806e+02   0.000000e+00  13048s
  303739    1.4558447e+02   1.151735e+03   0.000000e+00  13056s
  303919    1.4558475e+02   5.512260e+03   0.000000e+00  13064s
  304099    1.4558499e+02   2.729868e+02   0.000000e+00  13072s
  304279    1.4558523e+02   2.071794e+03   0.000000e+00  13080s
  304459    1.4558547e+02   6.561119e+01   0.000000e+00  13089s
  304649    1.4558568e+02   4.899990e+01   0.000000e+00  13097s
  304849    1.4558582e+02   2.411025e+01   0.000000e+00  13106s
  305049    1.4558589e+02   0.000000e+00   0.000000e+00  13114s
  305050    1.4558525e+02   0.000000e+00   0.000000e+00  13117s

Root relaxation: objective 1.455853e+02, 305050 iterations, 12942.09 seconds (30791.11 work units)

    Nodes    |    Current Node    |     Objective Bounds      |     Work
 Expl Unexpl |  Obj  Depth IntInf | Incumbent    BestBd   Gap | It/Node Time

     0     0  145.58525    0 4308  718.00000  145.58525  79.7%     - 13119s
H    0     0                     404.0000000  145.58525  64.0%     - 13119s
H    0     0                     359.0000000  145.58525  59.4%     - 13277s
H    0     0                     296.0000000  145.58525  50.8%     - 13277s
H    0     0                     281.0000000  145.58525  48.2%     - 13277s
H    0     0                     273.0000000  145.58525  46.7%     - 13278s
H    0     0                     272.0000000  145.58525  46.5%     - 13419s
H    0     0                     271.0000000  145.58525  46.3%     - 13419s
H    0     0                     267.0000000  145.58525  45.5%     - 13562s
H    0     0                     253.0000000  145.58525  42.5%     - 13562s
H    0     0                     250.0000000  145.58525  41.8%     - 13562s
H    0     0                     249.0000000  145.58525  41.5%     - 13814s
H    0     0                     248.0000000  145.58525  41.3%     - 13814s
H    0     0                     247.0000000  145.58525  41.1%     - 13885s
H    0     0                     246.0000000  145.58525  40.8%     - 13886s
H    0     0                     245.0000000  145.58525  40.6%     - 14101s
H    0     0                     244.0000000  145.58525  40.3%     - 14327s
H    0     0                     243.0000000  145.58525  40.1%     - 14397s

Explored 1 nodes (305050 simplex iterations) in 14400.25 seconds (33946.20 work units)
Thread count was 32 (of 32 available processors)

Solution count 10: 243 244 245 ... 267

Time limit reached
Best objective 2.430000000000e+02, best bound 1.460000000000e+02, gap 39.9177%

User-callback calls 363276, time in user-callback 0.66 sec
