slot_index,a_km,e,i_deg,raan_deg,argp_deg,arg_lat_deg
0,6782.489349,0.000000,43.000000,1.161290,0.000000,0.000000
1,6782.489349,0.000000,43.000000,1.662683,0.000000,352.228412
2,6782.489349,0.000000,43.000000,2.164076,0.000000,344.456825
3,6782.489349,0.000000,43.000000,2.665469,0.000000,336.685237
4,6782.489349,0.000000,43.000000,3.166861,0.000000,328.913649
5,6782.489349,0.000000,43.000000,3.668254,0.000000,321.142061
6,6782.489349,0.000000,43.000000,4.169647,0.000000,313.370474
7,6782.489349,0.000000,43.000000,4.671040,0.000000,305.598886
8,6782.489349,0.000000,43.000000,5.172432,0.000000,297.827298
9,6782.489349,0.000000,43.000000,5.673825,0.000000,290.055710
10,6782.489349,0.000000,43.000000,6.175218,0.000000,282.284123
11,6782.489349,0.000000,43.000000,6.676611,0.000000,274.512535
12,6782.489349,0.000000,43.000000,7.178003,0.000000,266.740947
13,6782.489349,0.000000,43.000000,7.679396,0.000000,258.969359
14,6782.489349,0.000000,43.000000,8.180789,0.000000,251.197772
15,6782.489349,0.000000,43.000000,8.682182,0.000000,243.426184
16,6782.489349,0.000000,43.000000,9.183574,0.000000,235.654596
17,6782.489349,0.000000,43.000000,9.684967,0.000000,227.883008
18,6782.489349,0.000000,43.000000,10.186360,0.000000,220.111421
19,6782.489349,0.000000,43.000000,10.687753,0.000000,212.339833
20,6782.489349,0.000000,43.000000,11.189145,0.000000,204.568245
21,6782.489349,0.000000,43.000000,11.690538,0.000000,196.796657
22,6782.489349,0.000000,43.000000,12.191931,0.000000,189.025070
23,6782.489349,0.000000,43.000000,12.693324,0.000000,181.253482
24,6782.489349,0.000000,43.000000,13.194717,0.000000,173.481894
25,6782.489349,0.000000,43.000000,13.696109,0.000000,165.710306
26,6782.489349,0.000000,43.000000,14.197502,0.000000,157.938719
27,6782.489349,0.000000,43.000000,14.698895,0.000000,150.167131
28,6782.489349,0.000000,43.000000,15.200288,0.000000,142.395543
29,6782.489349,0.000000,43.000000,15.701680,0.000000,134.623955
30,6782.489349,0.000000,43.000000,16.203073,0.000000,126.852368
31,6782.489349,0.000000,43.000000,16.704466,0.000000,119.080780
32,6782.489349,0.000000,43.000000,17.205859,0.000000,111.309192
33,6782.489349,0.000000,43.000000,17.707251,0.000000,103.537604
34,6782.489349,0.000000,43.000000,18.208644,0.000000,95.766017
35,6782.489349,0.000000,43.000000,18.710037,0.000000,87.994429
36,6782.489349,0.000000,43.000000,19.211430,0.000000,80.222841
37,6782.489349,0.000000,43.000000,19.712822,0.000000,72.451253
38,6782.489349,0.000000,43.000000,20.214215,0.000000,64.679666
39,6782.489349,0.000000,43.000000,20.715608,0.000000,56.908078
40,6782.489349,0.000000,43.000000,21.217001,0.000000,49.136490
41,6782.489349,0.000000,43.000000,21.718393,0.000000,41.364903
42,6782.489349,0.000000,43.000000,22.219786,0.000000,33.593315
43,6782.489349,0.000000,43.000000,22.721179,0.000000,25.821727
44,6782.489349,0.000000,43.000000,23.222572,0.000000,18.050139
45,6782.489349,0.000000,43.000000,23.723964,0.000000,10.278552
46,6782.489349,0.000000,43.000000,24.225357,0.000000,2.506964
47,6782.489349,0.000000,43.000000,24.726750,0.000000,354.735376
48,6782.489349,0.000000,43.000000,25.228143,0.000000,346.963788
49,6782.489349,0.000000,43.000000,25.729535,0.000000,339.192201
50,6782.489349,0.000000,43.000000,26.230928,0.000000,331.420613
51,6782.489349,0.000000,43.000000,26.732321,0.000000,323.649025
52,6782.489349,0.000000,43.000000,27.233714,0.000000,315.877437
53,6782.489349,0.000000,43.000000,27.735106,0.000000,308.105850
54,6782.489349,0.000000,43.000000,28.236499,0.000000,300.334262
55,6782.489349,0.000000,43.000000,28.737892,0.000000,292.562674
56,6782.489349,0.000000,43.000000,29.239285,0.000000,284.791086
57,6782.489349,0.000000,43.000000,29.740678,0.000000,277.019499
58,6782.489349,0.000000,43.000000,30.242070,0.000000,269.247911
59,6782.489349,0.000000,43.000000,30.743463,0.000000,261.476323
60,6782.489349,0.000000,43.000000,31.244856,0.000000,253.704735
61,6782.489349,0.000000,43.000000,31.746249,0.000000,245.933148
62,6782.489349,0.000000,43.000000,32.247641,0.000000,238.161560
63,6782.489349,0.000000,43.000000,32.749034,0.000000,230.389972
64,6782.489349,0.000000,43.000000,33.250427,0.000000,222.618384
65,6782.489349,0.000000,43.000000,33.751820,0.000000,214.846797
66,6782.489349,0.000000,43.000000,34.253212,0.000000,207.075209
67,6782.489349,0.000000,43.000000,34.754605,0.000000,199.303621
68,6782.489349,0.000000,43.000000,35.255998,0.000000,191.532033
69,6782.489349,0.000000,43.000000,35.757391,0.000000,183.760446
70,6782.489349,0.000000,43.000000,36.258783,0.000000,175.988858
71,6782.489349,0.000000,43.000000,36.760176,0.000000,168.217270
72,6782.489349,0.000000,43.000000,37.261569,0.000000,160.445682
73,6782.489349,0.000000,43.000000,37.762962,0.000000,152.674095
74,6782.489349,0.000000,43.000000,38.264354,0.000000,144.902507
75,6782.489349,0.000000,43.000000,38.765747,0.000000,137.130919
76,6782.489349,0.000000,43.000000,39.267140,0.000000,129.359331
77,6782.489349,0.000000,43.000000,39.768533,0.000000,121.587744
78,6782.489349,0.000000,43.000000,40.269925,0.000000,113.816156
79,6782.489349,0.000000,43.000000,40.771318,0.000000,106.044568
80,6782.489349,0.000000,43.000000,41.272711,0.000000,98.272981
81,6782.489349,0.000000,43.000000,41.774104,0.000000,90.501393
82,6782.489349,0.000000,43.000000,42.275496,0.000000,82.729805
83,6782.489349,0.000000,43.000000,42.776889,0.000000,74.958217
84,6782.489349,0.000000,43.000000,43.278282,0.000000,67.186630
85,6782.489349,0.000000,43.000000,43.779675,0.000000,59.415042
86,6782.489349,0.000000,43.000000,44.281067,0.000000,51.643454
87,6782.489349,0.000000,43.000000,44.782460,0.000000,43.871866
88,6782.489349,0.000000,43.000000,45.283853,0.000000,36.100279
89,6782.489349,0.000000,43.000000,45.785246,0.000000,28.328691
90,6782.489349,0.000000,43.000000,46.286639,0.000000,20.557103
91,6782.489349,0.000000,43.000000,46.788031,0.000000,12.785515
92,6782.489349,0.000000,43.000000,47.289424,0.000000,5.013928
93,6782.489349,0.000000,43.000000,47.790817,0.000000,357.242340
94,6782.489349,0.000000,43.000000,48.292210,0.000000,349.470752
95,6782.489349,0.000000,43.000000,48.793602,0.000000,341.699164
96,6782.489349,0.000000,43.000000,49.294995,0.000000,333.927577
97,6782.489349,0.000000,43.000000,49.796388,0.000000,326.155989
98,6782.489349,0.000000,43.000000,50.297781,0.000000,318.384401
99,6782.489349,0.000000,43.000000,50.799173,0.000000,310.612813
100,6782.489349,0.000000,43.000000,51.300566,0.000000,302.841226
101,6782.489349,0.000000,43.000000,51.801959,0.000000,295.069638
102,6782.489349,0.000000,43.000000,52.303352,0.000000,287.298050
103,6782.489349,0.000000,43.000000,52.804744,0.000000,279.526462
104,6782.489349,0.000000,43.000000,53.306137,0.000000,271.754875
105,6782.489349,0.000000,43.000000,53.807530,0.000000,263.983287
106,6782.489349,0.000000,43.000000,54.308923,0.000000,256.211699
107,6782.489349,0.000000,43.000000,54.810315,0.000000,248.440111
108,6782.489349,0.000000,43.000000,55.311708,0.000000,240.668524
109,6782.489349,0.000000,43.000000,55.813101,0.000000,232.896936
110,6782.489349,0.000000,43.000000,56.314494,0.000000,225.125348
111,6782.489349,0.000000,43.000000,56.815886,0.000000,217.353760
112,6782.489349,0.000000,43.000000,57.317279,0.000000,209.582173
113,6782.489349,0.000000,43.000000,57.818672,0.000000,201.810585
114,6782.489349,0.000000,43.000000,58.320065,0.000000,194.038997
115,6782.489349,0.000000,43.000000,58.821457,0.000000,186.267409
116,6782.489349,0.000000,43.000000,59.322850,0.000000,178.495822
117,6782.489349,0.000000,43.000000,59.824243,0.000000,170.724234
118,6782.489349,0.000000,43.000000,60.325636,0.000000,162.952646
119,6782.489349,0.000000,43.000000,60.827028,0.000000,155.181058
120,6782.489349,0.000000,43.000000,61.328421,0.000000,147.409471
121,6782.489349,0.000000,43.000000,61.829814,0.000000,139.637883
122,6782.489349,0.000000,43.000000,62.331207,0.000000,131.866295
123,6782.489349,0.000000,43.000000,62.832600,0.000000,124.094708
124,6782.489349,0.000000,43.000000,63.333992,0.000000,116.323120
125,6782.489349,0.000000,43.000000,63.835385,0.000000,108.551532
126,6782.489349,0.000000,43.000000,64.336778,0.000000,100.779944
127,6782.489349,0.000000,43.000000,64.838171,0.000000,93.008357
128,6782.489349,0.000000,43.000000,65.339563,0.000000,85.236769
129,6782.489349,0.000000,43.000000,65.840956,0.000000,77.465181
130,6782.489349,0.000000,43.000000,66.342349,0.000000,69.693593
131,6782.489349,0.000000,43.000000,66.843742,0.000000,61.922006
132,6782.489349,0.000000,43.000000,67.345134,0.000000,54.150418
133,6782.489349,0.000000,43.000000,67.846527,0.000000,46.378830
134,6782.489349,0.000000,43.000000,68.347920,0.000000,38.607242
135,6782.489349,0.000000,43.000000,68.849313,0.000000,30.835655
136,6782.489349,0.000000,43.000000,69.350705,0.000000,23.064067
137,6782.489349,0.000000,43.000000,69.852098,0.000000,15.292479
138,6782.489349,0.000000,43.000000,70.353491,0.000000,7.520891
139,6782.489349,0.000000,43.000000,70.854884,0.000000,359.749304
140,6782.489349,0.000000,43.000000,71.356276,0.000000,351.977716
141,6782.489349,0.000000,43.000000,71.857669,0.000000,344.206128
142,6782.489349,0.000000,43.000000,72.359062,0.000000,336.434540
143,6782.489349,0.000000,43.000000,72.860455,0.000000,328.662953
144,6782.489349,0.000000,43.000000,73.361847,0.000000,320.891365
145,6782.489349,0.000000,43.000000,73.863240,0.000000,313.119777
146,6782.489349,0.000000,43.000000,74.364633,0.000000,305.348189
147,6782.489349,0.000000,43.000000,74.866026,0.000000,297.576602
148,6782.489349,0.000000,43.000000,75.367418,0.000000,289.805014
149,6782.489349,0.000000,43.000000,75.868811,0.000000,282.033426
150,6782.489349,0.000000,43.000000,76.370204,0.000000,274.261838
151,6782.489349,0.000000,43.000000,76.871597,0.000000,266.490251
152,6782.489349,0.000000,43.000000,77.372989,0.000000,258.718663
153,6782.489349,0.000000,43.000000,77.874382,0.000000,250.947075
154,6782.489349,0.000000,43.000000,78.375775,0.000000,243.175487
155,6782.489349,0.000000,43.000000,78.877168,0.000000,235.403900
156,6782.489349,0.000000,43.000000,79.378561,0.000000,227.632312
157,6782.489349,0.000000,43.000000,79.879953,0.000000,219.860724
158,6782.489349,0.000000,43.000000,80.381346,0.000000,212.089136
159,6782.489349,0.000000,43.000000,80.882739,0.000000,204.317549
160,6782.489349,0.000000,43.000000,81.384132,0.000000,196.545961
161,6782.489349,0.000000,43.000000,81.885524,0.000000,188.774373
162,6782.489349,0.000000,43.000000,82.386917,0.000000,181.002786
163,6782.489349,0.000000,43.000000,82.888310,0.000000,173.231198
164,6782.489349,0.000000,43.000000,83.389703,0.000000,165.459610
165,6782.489349,0.000000,43.000000,83.891095,0.000000,157.688022
166,6782.489349,0.000000,43.000000,84.392488,0.000000,149.916435
167,6782.489349,0.000000,43.000000,84.893881,0.000000,142.144847
168,6782.489349,0.000000,43.000000,85.395274,0.000000,134.373259
169,6782.489349,0.000000,43.000000,85.896666,0.000000,126.601671
170,6782.489349,0.000000,43.000000,86.398059,0.000000,118.830084
171,6782.489349,0.000000,43.000000,86.899452,0.000000,111.058496
172,6782.489349,0.000000,43.000000,87.400845,0.000000,103.286908
173,6782.489349,0.000000,43.000000,87.902237,0.000000,95.515320
174,6782.489349,0.000000,43.000000,88.403630,0.000000,87.743733
175,6782.489349,0.000000,43.000000,88.905023,0.000000,79.972145
176,6782.489349,0.000000,43.000000,89.406416,0.000000,72.200557
177,6782.489349,0.000000,43.000000,89.907808,0.000000,64.428969
178,6782.489349,0.000000,43.000000,90.409201,0.000000,56.657382
179,6782.489349,0.000000,43.000000,90.910594,0.000000,48.885794
180,6782.489349,0.000000,43.000000,91.411987,0.000000,41.114206
181,6782.489349,0.000000,43.000000,91.913379,0.000000,33.342618
182,6782.489349,0.000000,43.000000,92.414772,0.000000,25.571031
183,6782.489349,0.000000,43.000000,92.916165,0.000000,17.799443
184,6782.489349,0.000000,43.000000,93.417558,0.000000,10.027855
185,6782.489349,0.000000,43.000000,93.918950,0.000000,2.256267
186,6782.489349,0.000000,43.000000,94.420343,0.000000,354.484680
187,6782.489349,0.000000,43.000000,94.921736,0.000000,346.713092
188,6782.489349,0.000000,43.000000,95.423129,0.000000,338.941504
189,6782.489349,0.000000,43.000000,95.924522,0.000000,331.169916
190,6782.489349,0.000000,43.000000,96.425914,0.000000,323.398329
191,6782.489349,0.000000,43.000000,96.927307,0.000000,315.626741
192,6782.489349,0.000000,43.000000,97.428700,0.000000,307.855153
193,6782.489349,0.000000,43.000000,97.930093,0.000000,300.083565
194,6782.489349,0.000000,43.000000,98.431485,0.000000,292.311978
195,6782.489349,0.000000,43.000000,98.932878,0.000000,284.540390
196,6782.489349,0.000000,43.000000,99.434271,0.000000,276.768802
197,6782.489349,0.000000,43.000000,99.935664,0.000000,268.997214
198,6782.489349,0.000000,43.000000,100.437056,0.000000,261.225627
199,6782.489349,0.000000,43.000000,100.938449,0.000000,253.454039
200,6782.489349,0.000000,43.000000,101.439842,0.000000,245.682451
201,6782.489349,0.000000,43.000000,101.941235,0.000000,237.910864
202,6782.489349,0.000000,43.000000,102.442627,0.000000,230.139276
203,6782.489349,0.000000,43.000000,102.944020,0.000000,222.367688
204,6782.489349,0.000000,43.000000,103.445413,0.000000,214.596100
205,6782.489349,0.000000,43.000000,103.946806,0.000000,206.824513
206,6782.489349,0.000000,43.000000,104.448198,0.000000,199.052925
207,6782.489349,0.000000,43.000000,104.949591,0.000000,191.281337
208,6782.489349,0.000000,43.000000,105.450984,0.000000,183.509749
209,6782.489349,0.000000,43.000000,105.952377,0.000000,175.738162
210,6782.489349,0.000000,43.000000,106.453769,0.000000,167.966574
211,6782.489349,0.000000,43.000000,106.955162,0.000000,160.194986
212,6782.489349,0.000000,43.000000,107.456555,0.000000,152.423398
213,6782.489349,0.000000,43.000000,107.957948,0.000000,144.651811
214,6782.489349,0.000000,43.000000,108.459340,0.000000,136.880223
215,6782.489349,0.000000,43.000000,108.960733,0.000000,129.108635
216,6782.489349,0.000000,43.000000,109.462126,0.000000,121.337047
217,6782.489349,0.000000,43.000000,109.963519,0.000000,113.565460
218,6782.489349,0.000000,43.000000,110.464911,0.000000,105.793872
219,6782.489349,0.000000,43.000000,110.966304,0.000000,98.022284
220,6782.489349,0.000000,43.000000,111.467697,0.000000,90.250696
221,6782.489349,0.000000,43.000000,111.969090,0.000000,82.479109
222,6782.489349,0.000000,43.000000,112.470483,0.000000,74.707521
223,6782.489349,0.000000,43.000000,112.971875,0.000000,66.935933
224,6782.489349,0.000000,43.000000,113.473268,0.000000,59.164345
225,6782.489349,0.000000,43.000000,113.974661,0.000000,51.392758
226,6782.489349,0.000000,43.000000,114.476054,0.000000,43.621170
227,6782.489349,0.000000,43.000000,114.977446,0.000000,35.849582
228,6782.489349,0.000000,43.000000,115.478839,0.000000,28.077994
229,6782.489349,0.000000,43.000000,115.980232,0.000000,20.306407
230,6782.489349,0.000000,43.000000,116.481625,0.000000,12.534819
231,6782.489349,0.000000,43.000000,116.983017,0.000000,4.763231
232,6782.489349,0.000000,43.000000,117.484410,0.000000,356.991643
233,6782.489349,0.000000,43.000000,117.985803,0.000000,349.220056
234,6782.489349,0.000000,43.000000,118.487196,0.000000,341.448468
235,6782.489349,0.000000,43.000000,118.988588,0.000000,333.676880
236,6782.489349,0.000000,43.000000,119.489981,0.000000,325.905292
237,6782.489349,0.000000,43.000000,119.991374,0.000000,318.133705
238,6782.489349,0.000000,43.000000,120.492767,0.000000,310.362117
239,6782.489349,0.000000,43.000000,120.994159,0.000000,302.590529
240,6782.489349,0.000000,43.000000,121.495552,0.000000,294.818942
241,6782.489349,0.000000,43.000000,121.996945,0.000000,287.047354
242,6782.489349,0.000000,43.000000,122.498338,0.000000,279.275766
243,6782.489349,0.000000,43.000000,122.999730,0.000000,271.504178
244,6782.489349,0.000000,43.000000,123.501123,0.000000,263.732591
245,6782.489349,0.000000,43.000000,124.002516,0.000000,255.961003
246,6782.489349,0.000000,43.000000,124.503909,0.000000,248.189415
247,6782.489349,0.000000,43.000000,125.005301,0.000000,240.417827
248,6782.489349,0.000000,43.000000,125.506694,0.000000,232.646240
249,6782.489349,0.000000,43.000000,126.008087,0.000000,224.874652
250,6782.489349,0.000000,43.000000,126.509480,0.000000,217.103064
251,6782.489349,0.000000,43.000000,127.010872,0.000000,209.331476
252,6782.489349,0.000000,43.000000,127.512265,0.000000,201.559889
253,6782.489349,0.000000,43.000000,128.013658,0.000000,193.788301
254,6782.489349,0.000000,43.000000,128.515051,0.000000,186.016713
255,6782.489349,0.000000,43.000000,129.016444,0.000000,178.245125
256,6782.489349,0.000000,43.000000,129.517836,0.000000,170.473538
257,6782.489349,0.000000,43.000000,130.019229,0.000000,162.701950
258,6782.489349,0.000000,43.000000,130.520622,0.000000,154.930362
259,6782.489349,0.000000,43.000000,131.022015,0.000000,147.158774
260,6782.489349,0.000000,43.000000,131.523407,0.000000,139.387187
261,6782.489349,0.000000,43.000000,132.024800,0.000000,131.615599
262,6782.489349,0.000000,43.000000,132.526193,0.000000,123.844011
263,6782.489349,0.000000,43.000000,133.027586,0.000000,116.072423
264,6782.489349,0.000000,43.000000,133.528978,0.000000,108.300836
265,6782.489349,0.000000,43.000000,134.030371,0.000000,100.529248
266,6782.489349,0.000000,43.000000,134.531764,0.000000,92.757660
267,6782.489349,0.000000,43.000000,135.033157,0.000000,84.986072
268,6782.489349,0.000000,43.000000,135.534549,0.000000,77.214485
269,6782.489349,0.000000,43.000000,136.035942,0.000000,69.442897
270,6782.489349,0.000000,43.000000,136.537335,0.000000,61.671309
271,6782.489349,0.000000,43.000000,137.038728,0.000000,53.899721
272,6782.489349,0.000000,43.000000,137.540120,0.000000,46.128134
273,6782.489349,0.000000,43.000000,138.041513,0.000000,38.356546
274,6782.489349,0.000000,43.000000,138.542906,0.000000,30.584958
275,6782.489349,0.000000,43.000000,139.044299,0.000000,22.813370
276,6782.489349,0.000000,43.000000,139.545691,0.000000,15.041783
277,6782.489349,0.000000,43.000000,140.047084,0.000000,7.270195
278,6782.489349,0.000000,43.000000,140.548477,0.000000,359.498607
279,6782.489349,0.000000,43.000000,141.049870,0.000000,351.727019
280,6782.489349,0.000000,43.000000,141.551262,0.000000,343.955432
281,6782.489349,0.000000,43.000000,142.052655,0.000000,336.183844
282,6782.489349,0.000000,43.000000,142.554048,0.000000,328.412256
283,6782.489349,0.000000,43.000000,143.055441,0.000000,320.640669
284,6782.489349,0.000000,43.000000,143.556833,0.000000,312.869081
285,6782.489349,0.000000,43.000000,144.058226,0.000000,305.097493
286,6782.489349,0.000000,43.000000,144.559619,0.000000,297.325905
287,6782.489349,0.000000,43.000000,145.061012,0.000000,289.554318
288,6782.489349,0.000000,43.000000,145.562405,0.000000,281.782730
289,6782.489349,0.000000,43.000000,146.063797,0.000000,274.011142
290,6782.489349,0.000000,43.000000,146.565190,0.000000,266.239554
291,6782.489349,0.000000,43.000000,147.066583,0.000000,258.467967
292,6782.489349,0.000000,43.000000,147.567976,0.000000,250.696379
293,6782.489349,0.000000,43.000000,148.069368,0.000000,242.924791
294,6782.489349,0.000000,43.000000,148.570761,0.000000,235.153203
295,6782.489349,0.000000,43.000000,149.072154,0.000000,227.381616
296,6782.489349,0.000000,43.000000,149.573547,0.000000,219.610028
297,6782.489349,0.000000,43.000000,150.074939,0.000000,211.838440
298,6782.489349,0.000000,43.000000,150.576332,0.000000,204.066852
299,6782.489349,0.000000,43.000000,151.077725,0.000000,196.295265
300,6782.489349,0.000000,43.000000,151.579118,0.000000,188.523677
301,6782.489349,0.000000,43.000000,152.080510,0.000000,180.752089
302,6782.489349,0.000000,43.000000,152.581903,0.000000,172.980501
303,6782.489349,0.000000,43.000000,153.083296,0.000000,165.208914
304,6782.489349,0.000000,43.000000,153.584689,0.000000,157.437326
305,6782.489349,0.000000,43.000000,154.086081,0.000000,149.665738
306,6782.489349,0.000000,43.000000,154.587474,0.000000,141.894150
307,6782.489349,0.000000,43.000000,155.088867,0.000000,134.122563
308,6782.489349,0.000000,43.000000,155.590260,0.000000,126.350975
309,6782.489349,0.000000,43.000000,156.091652,0.000000,118.579387
310,6782.489349,0.000000,43.000000,156.593045,0.000000,110.807799
311,6782.489349,0.000000,43.000000,157.094438,0.000000,103.036212
312,6782.489349,0.000000,43.000000,157.595831,0.000000,95.264624
313,6782.489349,0.000000,43.000000,158.097223,0.000000,87.493036
314,6782.489349,0.000000,43.000000,158.598616,0.000000,79.721448
315,6782.489349,0.000000,43.000000,159.100009,0.000000,71.949861
316,6782.489349,0.000000,43.000000,159.601402,0.000000,64.178273
317,6782.489349,0.000000,43.000000,160.102795,0.000000,56.406685
318,6782.489349,0.000000,43.000000,160.604187,0.000000,48.635097
319,6782.489349,0.000000,43.000000,161.105580,0.000000,40.863510
320,6782.489349,0.000000,43.000000,161.606973,0.000000,33.091922
321,6782.489349,0.000000,43.000000,162.108366,0.000000,25.320334
322,6782.489349,0.000000,43.000000,162.609758,0.000000,17.548747
323,6782.489349,0.000000,43.000000,163.111151,0.000000,9.777159
324,6782.489349,0.000000,43.000000,163.612544,0.000000,2.005571
325,6782.489349,0.000000,43.000000,164.113937,0.000000,354.233983
326,6782.489349,0.000000,43.000000,164.615329,0.000000,346.462396
327,6782.489349,0.000000,43.000000,165.116722,0.000000,338.690808
328,6782.489349,0.000000,43.000000,165.618115,0.000000,330.919220
329,6782.489349,0.000000,43.000000,166.119508,0.000000,323.147632
330,6782.489349,0.000000,43.000000,166.620900,0.000000,315.376045
331,6782.489349,0.000000,43.000000,167.122293,0.000000,307.604457
332,6782.489349,0.000000,43.000000,167.623686,0.000000,299.832869
333,6782.489349,0.000000,43.000000,168.125079,0.000000,292.061281
334,6782.489349,0.000000,43.000000,168.626471,0.000000,284.289694
335,6782.489349,0.000000,43.000000,169.127864,0.000000,276.518106
336,6782.489349,0.000000,43.000000,169.629257,0.000000,268.746518
337,6782.489349,0.000000,43.000000,170.130650,0.000000,260.974930
338,6782.489349,0.000000,43.000000,170.632042,0.000000,253.203343
339,6782.489349,0.000000,43.000000,171.133435,0.000000,245.431755
340,6782.489349,0.000000,43.000000,171.634828,0.000000,237.660167
341,6782.489349,0.000000,43.000000,172.136221,0.000000,229.888579
342,6782.489349,0.000000,43.000000,172.637613,0.000000,222.116992
343,6782.489349,0.000000,43.000000,173.139006,0.000000,214.345404
344,6782.489349,0.000000,43.000000,173.640399,0.000000,206.573816
345,6782.489349,0.000000,43.000000,174.141792,0.000000,198.802228
346,6782.489349,0.000000,43.000000,174.643184,0.000000,191.030641
347,6782.489349,0.000000,43.000000,175.144577,0.000000,183.259053
348,6782.489349,0.000000,43.000000,175.645970,0.000000,175.487465
349,6782.489349,0.000000,43.000000,176.147363,0.000000,167.715877
350,6782.489349,0.000000,43.000000,176.648756,0.000000,159.944290
351,6782.489349,0.000000,43.000000,177.150148,0.000000,152.172702
352,6782.489349,0.000000,43.000000,177.651541,0.000000,144.401114
353,6782.489349,0.000000,43.000000,178.152934,0.000000,136.629526
354,6782.489349,0.000000,43.000000,178.654327,0.000000,128.857939
355,6782.489349,0.000000,43.000000,179.155719,0.000000,121.086351
356,6782.489349,0.000000,43.000000,179.657112,0.000000,113.314763
357,6782.489349,0.000000,43.000000,180.158505,0.000000,105.543175
358,6782.489349,0.000000,43.000000,180.659898,0.000000,97.771588
359,6782.489349,0.000000,43.000000,181.161290,0.000000,90.000000
360,6782.489349,0.000000,43.000000,181.662683,0.000000,82.228412
361,6782.489349,0.000000,43.000000,182.164076,0.000000,74.456825
362,6782.489349,0.000000,43.000000,182.665469,0.000000,66.685237
363,6782.489349,0.000000,43.000000,183.166861,0.000000,58.913649
364,6782.489349,0.000000,43.000000,183.668254,0.000000,51.142061
365,6782.489349,0.000000,43.000000,184.169647,0.000000,43.370474
366,6782.489349,0.000000,43.000000,184.671040,0.000000,35.598886
367,6782.489349,0.000000,43.000000,185.172432,0.000000,27.827298
368,6782.489349,0.000000,43.000000,185.673825,0.000000,20.055710
369,6782.489349,0.000000,43.000000,186.175218,0.000000,12.284123
370,6782.489349,0.000000,43.000000,186.676611,0.000000,4.512535
371,6782.489349,0.000000,43.000000,187.178003,0.000000,356.740947
372,6782.489349,0.000000,43.000000,187.679396,0.000000,348.969359
373,6782.489349,0.000000,43.000000,188.180789,0.000000,341.197772
374,6782.489349,0.000000,43.000000,188.682182,0.000000,333.426184
375,6782.489349,0.000000,43.000000,189.183574,0.000000,325.654596
376,6782.489349,0.000000,43.000000,189.684967,0.000000,317.883008
377,6782.489349,0.000000,43.000000,190.186360,0.000000,310.111421
378,6782.489349,0.000000,43.000000,190.687753,0.000000,302.339833
379,6782.489349,0.000000,43.000000,191.189145,0.000000,294.568245
380,6782.489349,0.000000,43.000000,191.690538,0.000000,286.796657
381,6782.489349,0.000000,43.000000,192.191931,0.000000,279.025070
382,6782.489349,0.000000,43.000000,192.693324,0.000000,271.253482
383,6782.489349,0.000000,43.000000,193.194717,0.000000,263.481894
384,6782.489349,0.000000,43.000000,193.696109,0.000000,255.710306
385,6782.489349,0.000000,43.000000,194.197502,0.000000,247.938719
386,6782.489349,0.000000,43.000000,194.698895,0.000000,240.167131
387,6782.489349,0.000000,43.000000,195.200288,0.000000,232.395543
388,6782.489349,0.000000,43.000000,195.701680,0.000000,224.623955
389,6782.489349,0.000000,43.000000,196.203073,0.000000,216.852368
390,6782.489349,0.000000,43.000000,196.704466,0.000000,209.080780
391,6782.489349,0.000000,43.000000,197.205859,0.000000,201.309192
392,6782.489349,0.000000,43.000000,197.707251,0.000000,193.537604
393,6782.489349,0.000000,43.000000,198.208644,0.000000,185.766017
394,6782.489349,0.000000,43.000000,198.710037,0.000000,177.994429
395,6782.489349,0.000000,43.000000,199.211430,0.000000,170.222841
396,6782.489349,0.000000,43.000000,199.712822,0.000000,162.451253
397,6782.489349,0.000000,43.000000,200.214215,0.000000,154.679666
398,6782.489349,0.000000,43.000000,200.715608,0.000000,146.908078
399,6782.489349,0.000000,43.000000,201.217001,0.000000,139.136490
400,6782.489349,0.000000,43.000000,201.718393,0.000000,131.364903
401,6782.489349,0.000000,43.000000,202.219786,0.000000,123.593315
402,6782.489349,0.000000,43.000000,202.721179,0.000000,115.821727
403,6782.489349,0.000000,43.000000,203.222572,0.000000,108.050139
404,6782.489349,0.000000,43.000000,203.723964,0.000000,100.278552
405,6782.489349,0.000000,43.000000,204.225357,0.000000,92.506964
406,6782.489349,0.000000,43.000000,204.726750,0.000000,84.735376
407,6782.489349,0.000000,43.000000,205.228143,0.000000,76.963788
408,6782.489349,0.000000,43.000000,205.729535,0.000000,69.192201
409,6782.489349,0.000000,43.000000,206.230928,0.000000,61.420613
410,6782.489349,0.000000,43.000000,206.732321,0.000000,53.649025
411,6782.489349,0.000000,43.000000,207.233714,0.000000,45.877437
412,6782.489349,0.000000,43.000000,207.735106,0.000000,38.105850
413,6782.489349,0.000000,43.000000,208.236499,0.000000,30.334262
414,6782.489349,0.000000,43.000000,208.737892,0.000000,22.562674
415,6782.489349,0.000000,43.000000,209.239285,0.000000,14.791086
416,6782.489349,0.000000,43.000000,209.740678,0.000000,7.019499
417,6782.489349,0.000000,43.000000,210.242070,0.000000,359.247911
418,6782.489349,0.000000,43.000000,210.743463,0.000000,351.476323
419,6782.489349,0.000000,43.000000,211.244856,0.000000,343.704735
420,6782.489349,0.000000,43.000000,211.746249,0.000000,335.933148
421,6782.489349,0.000000,43.000000,212.247641,0.000000,328.161560
422,6782.489349,0.000000,43.000000,212.749034,0.000000,320.389972
423,6782.489349,0.000000,43.000000,213.250427,0.000000,312.618384
424,6782.489349,0.000000,43.000000,213.751820,0.000000,304.846797
425,6782.489349,0.000000,43.000000,214.253212,0.000000,297.075209
426,6782.489349,0.000000,43.000000,214.754605,0.000000,289.303621
427,6782.489349,0.000000,43.000000,215.255998,0.000000,281.532033
428,6782.489349,0.000000,43.000000,215.757391,0.000000,273.760446
429,6782.489349,0.000000,43.000000,216.258783,0.000000,265.988858
430,6782.489349,0.000000,43.000000,216.760176,0.000000,258.217270
431,6782.489349,0.000000,43.000000,217.261569,0.000000,250.445682
432,6782.489349,0.000000,43.000000,217.762962,0.000000,242.674095
433,6782.489349,0.000000,43.000000,218.264354,0.000000,234.902507
434,6782.489349,0.000000,43.000000,218.765747,0.000000,227.130919
435,6782.489349,0.000000,43.000000,219.267140,0.000000,219.359331
436,6782.489349,0.000000,43.000000,219.768533,0.000000,211.587744
437,6782.489349,0.000000,43.000000,220.269925,0.000000,203.816156
438,6782.489349,0.000000,43.000000,220.771318,0.000000,196.044568
439,6782.489349,0.000000,43.000000,221.272711,0.000000,188.272981
440,6782.489349,0.000000,43.000000,221.774104,0.000000,180.501393
441,6782.489349,0.000000,43.000000,222.275496,0.000000,172.729805
442,6782.489349,0.000000,43.000000,222.776889,0.000000,164.958217
443,6782.489349,0.000000,43.000000,223.278282,0.000000,157.186630
444,6782.489349,0.000000,43.000000,223.779675,0.000000,149.415042
445,6782.489349,0.000000,43.000000,224.281067,0.000000,141.643454
446,6782.489349,0.000000,43.000000,224.782460,0.000000,133.871866
447,6782.489349,0.000000,43.000000,225.283853,0.000000,126.100279
448,6782.489349,0.000000,43.000000,225.785246,0.000000,118.328691
449,6782.489349,0.000000,43.000000,226.286639,0.000000,110.557103
450,6782.489349,0.000000,43.000000,226.788031,0.000000,102.785515
451,6782.489349,0.000000,43.000000,227.289424,0.000000,95.013928
452,6782.489349,0.000000,43.000000,227.790817,0.000000,87.242340
453,6782.489349,0.000000,43.000000,228.292210,0.000000,79.470752
454,6782.489349,0.000000,43.000000,228.793602,0.000000,71.699164
455,6782.489349,0.000000,43.000000,229.294995,0.000000,63.927577
456,6782.489349,0.000000,43.000000,229.796388,0.000000,56.155989
457,6782.489349,0.000000,43.000000,230.297781,0.000000,48.384401
458,6782.489349,0.000000,43.000000,230.799173,0.000000,40.612813
459,6782.489349,0.000000,43.000000,231.300566,0.000000,32.841226
460,6782.489349,0.000000,43.000000,231.801959,0.000000,25.069638
461,6782.489349,0.000000,43.000000,232.303352,0.000000,17.298050
462,6782.489349,0.000000,43.000000,232.804744,0.000000,9.526462
463,6782.489349,0.000000,43.000000,233.306137,0.000000,1.754875
464,6782.489349,0.000000,43.000000,233.807530,0.000000,353.983287
465,6782.489349,0.000000,43.000000,234.308923,0.000000,346.211699
466,6782.489349,0.000000,43.000000,234.810315,0.000000,338.440111
467,6782.489349,0.000000,43.000000,235.311708,0.000000,330.668524
468,6782.489349,0.000000,43.000000,235.813101,0.000000,322.896936
469,6782.489349,0.000000,43.000000,236.314494,0.000000,315.125348
470,6782.489349,0.000000,43.000000,236.815886,0.000000,307.353760
471,6782.489349,0.000000,43.000000,237.317279,0.000000,299.582173
472,6782.489349,0.000000,43.000000,237.818672,0.000000,291.810585
473,6782.489349,0.000000,43.000000,238.320065,0.000000,284.038997
474,6782.489349,0.000000,43.000000,238.821457,0.000000,276.267409
475,6782.489349,0.000000,43.000000,239.322850,0.000000,268.495822
476,6782.489349,0.000000,43.000000,239.824243,0.000000,260.724234
477,6782.489349,0.000000,43.000000,240.325636,0.000000,252.952646
478,6782.489349,0.000000,43.000000,240.827028,0.000000,245.181058
479,6782.489349,0.000000,43.000000,241.328421,0.000000,237.409471
480,6782.489349,0.000000,43.000000,241.829814,0.000000,229.637883
481,6782.489349,0.000000,43.000000,242.331207,0.000000,221.866295
482,6782.489349,0.000000,43.000000,242.832600,0.000000,214.094708
483,6782.489349,0.000000,43.000000,243.333992,0.000000,206.323120
484,6782.489349,0.000000,43.000000,243.835385,0.000000,198.551532
485,6782.489349,0.000000,43.000000,244.336778,0.000000,190.779944
486,6782.489349,0.000000,43.000000,244.838171,0.000000,183.008357
487,6782.489349,0.000000,43.000000,245.339563,0.000000,175.236769
488,6782.489349,0.000000,43.000000,245.840956,0.000000,167.465181
489,6782.489349,0.000000,43.000000,246.342349,0.000000,159.693593
490,6782.489349,0.000000,43.000000,246.843742,0.000000,151.922006
491,6782.489349,0.000000,43.000000,247.345134,0.000000,144.150418
492,6782.489349,0.000000,43.000000,247.846527,0.000000,136.378830
493,6782.489349,0.000000,43.000000,248.347920,0.000000,128.607242
494,6782.489349,0.000000,43.000000,248.849313,0.000000,120.835655
495,6782.489349,0.000000,43.000000,249.350705,0.000000,113.064067
496,6782.489349,0.000000,43.000000,249.852098,0.000000,105.292479
497,6782.489349,0.000000,43.000000,250.353491,0.000000,97.520891
498,6782.489349,0.000000,43.000000,250.854884,0.000000,89.749304
499,6782.489349,0.000000,43.000000,251.356276,0.000000,81.977716
500,6782.489349,0.000000,43.000000,251.857669,0.000000,74.206128
501,6782.489349,0.000000,43.000000,252.359062,0.000000,66.434540
502,6782.489349,0.000000,43.000000,252.860455,0.000000,58.662953
503,6782.489349,0.000000,43.000000,253.361847,0.000000,50.891365
504,6782.489349,0.000000,43.000000,253.863240,0.000000,43.119777
505,6782.489349,0.000000,43.000000,254.364633,0.000000,35.348189
506,6782.489349,0.000000,43.000000,254.866026,0.000000,27.576602
507,6782.489349,0.000000,43.000000,255.367418,0.000000,19.805014
508,6782.489349,0.000000,43.000000,255.868811,0.000000,12.033426
509,6782.489349,0.000000,43.000000,256.370204,0.000000,4.261838
510,6782.489349,0.000000,43.000000,256.871597,0.000000,356.490251
511,6782.489349,0.000000,43.000000,257.372989,0.000000,348.718663
512,6782.489349,0.000000,43.000000,257.874382,0.000000,340.947075
513,6782.489349,0.000000,43.000000,258.375775,0.000000,333.175487
514,6782.489349,0.000000,43.000000,258.877168,0.000000,325.403900
515,6782.489349,0.000000,43.000000,259.378561,0.000000,317.632312
516,6782.489349,0.000000,43.000000,259.879953,0.000000,309.860724
517,6782.489349,0.000000,43.000000,260.381346,0.000000,302.089136
518,6782.489349,0.000000,43.000000,260.882739,0.000000,294.317549
519,6782.489349,0.000000,43.000000,261.384132,0.000000,286.545961
520,6782.489349,0.000000,43.000000,261.885524,0.000000,278.774373
521,6782.489349,0.000000,43.000000,262.386917,0.000000,271.002786
522,6782.489349,0.000000,43.000000,262.888310,0.000000,263.231198
523,6782.489349,0.000000,43.000000,263.389703,0.000000,255.459610
524,6782.489349,0.000000,43.000000,263.891095,0.000000,247.688022
525,6782.489349,0.000000,43.000000,264.392488,0.000000,239.916435
526,6782.489349,0.000000,43.000000,264.893881,0.000000,232.144847
527,6782.489349,0.000000,43.000000,265.395274,0.000000,224.373259
528,6782.489349,0.000000,43.000000,265.896666,0.000000,216.601671
529,6782.489349,0.000000,43.000000,266.398059,0.000000,208.830084
530,6782.489349,0.000000,43.000000,266.899452,0.000000,201.058496
531,6782.489349,0.000000,43.000000,267.400845,0.000000,193.286908
532,6782.489349,0.000000,43.000000,267.902237,0.000000,185.515320
533,6782.489349,0.000000,43.000000,268.403630,0.000000,177.743733
534,6782.489349,0.000000,43.000000,268.905023,0.000000,169.972145
535,6782.489349,0.000000,43.000000,269.406416,0.000000,162.200557
536,6782.489349,0.000000,43.000000,269.907808,0.000000,154.428969
537,6782.489349,0.000000,43.000000,270.409201,0.000000,146.657382
538,6782.489349,0.000000,43.000000,270.910594,0.000000,138.885794
539,6782.489349,0.000000,43.000000,271.411987,0.000000,131.114206
540,6782.489349,0.000000,43.000000,271.913379,0.000000,123.342618
541,6782.489349,0.000000,43.000000,272.414772,0.000000,115.571031
542,6782.489349,0.000000,43.000000,272.916165,0.000000,107.799443
543,6782.489349,0.000000,43.000000,273.417558,0.000000,100.027855
544,6782.489349,0.000000,43.000000,273.918950,0.000000,92.256267
545,6782.489349,0.000000,43.000000,274.420343,0.000000,84.484680
546,6782.489349,0.000000,43.000000,274.921736,0.000000,76.713092
547,6782.489349,0.000000,43.000000,275.423129,0.000000,68.941504
548,6782.489349,0.000000,43.000000,275.924522,0.000000,61.169916
549,6782.489349,0.000000,43.000000,276.425914,0.000000,53.398329
550,6782.489349,0.000000,43.000000,276.927307,0.000000,45.626741
551,6782.489349,0.000000,43.000000,277.428700,0.000000,37.855153
552,6782.489349,0.000000,43.000000,277.930093,0.000000,30.083565
553,6782.489349,0.000000,43.000000,278.431485,0.000000,22.311978
554,6782.489349,0.000000,43.000000,278.932878,0.000000,14.540390
555,6782.489349,0.000000,43.000000,279.434271,0.000000,6.768802
556,6782.489349,0.000000,43.000000,279.935664,0.000000,358.997214
557,6782.489349,0.000000,43.000000,280.437056,0.000000,351.225627
558,6782.489349,0.000000,43.000000,280.938449,0.000000,343.454039
559,6782.489349,0.000000,43.000000,281.439842,0.000000,335.682451
560,6782.489349,0.000000,43.000000,281.941235,0.000000,327.910864
561,6782.489349,0.000000,43.000000,282.442627,0.000000,320.139276
562,6782.489349,0.000000,43.000000,282.944020,0.000000,312.367688
563,6782.489349,0.000000,43.000000,283.445413,0.000000,304.596100
564,6782.489349,0.000000,43.000000,283.946806,0.000000,296.824513
565,6782.489349,0.000000,43.000000,284.448198,0.000000,289.052925
566,6782.489349,0.000000,43.000000,284.949591,0.000000,281.281337
567,6782.489349,0.000000,43.000000,285.450984,0.000000,273.509749
568,6782.489349,0.000000,43.000000,285.952377,0.000000,265.738162
569,6782.489349,0.000000,43.000000,286.453769,0.000000,257.966574
570,6782.489349,0.000000,43.000000,286.955162,0.000000,250.194986
571,6782.489349,0.000000,43.000000,287.456555,0.000000,242.423398
572,6782.489349,0.000000,43.000000,287.957948,0.000000,234.651811
573,6782.489349,0.000000,43.000000,288.459340,0.000000,226.880223
574,6782.489349,0.000000,43.000000,288.960733,0.000000,219.108635
575,6782.489349,0.000000,43.000000,289.462126,0.000000,211.337047
576,6782.489349,0.000000,43.000000,289.963519,0.000000,203.565460
577,6782.489349,0.000000,43.000000,290.464911,0.000000,195.793872
578,6782.489349,0.000000,43.000000,290.966304,0.000000,188.022284
579,6782.489349,0.000000,43.000000,291.467697,0.000000,180.250696
580,6782.489349,0.000000,43.000000,291.969090,0.000000,172.479109
581,6782.489349,0.000000,43.000000,292.470483,0.000000,164.707521
582,6782.489349,0.000000,43.000000,292.971875,0.000000,156.935933
583,6782.489349,0.000000,43.000000,293.473268,0.000000,149.164345
584,6782.489349,0.000000,43.000000,293.974661,0.000000,141.392758
585,6782.489349,0.000000,43.000000,294.476054,0.000000,133.621170
586,6782.489349,0.000000,43.000000,294.977446,0.000000,125.849582
587,6782.489349,0.000000,43.000000,295.478839,0.000000,118.077994
588,6782.489349,0.000000,43.000000,295.980232,0.000000,110.306407
589,6782.489349,0.000000,43.000000,296.481625,0.000000,102.534819
590,6782.489349,0.000000,43.000000,296.983017,0.000000,94.763231
591,6782.489349,0.000000,43.000000,297.484410,0.000000,86.991643
592,6782.489349,0.000000,43.000000,297.985803,0.000000,79.220056
593,6782.489349,0.000000,43.000000,298.487196,0.000000,71.448468
594,6782.489349,0.000000,43.000000,298.988588,0.000000,63.676880
595,6782.489349,0.000000,43.000000,299.489981,0.000000,55.905292
596,6782.489349,0.000000,43.000000,299.991374,0.000000,48.133705
597,6782.489349,0.000000,43.000000,300.492767,0.000000,40.362117
598,6782.489349,0.000000,43.000000,300.994159,0.000000,32.590529
599,6782.489349,0.000000,43.000000,301.495552,0.000000,24.818942
600,6782.489349,0.000000,43.000000,301.996945,0.000000,17.047354
601,6782.489349,0.000000,43.000000,302.498338,0.000000,9.275766
602,6782.489349,0.000000,43.000000,302.999730,0.000000,1.504178
603,6782.489349,0.000000,43.000000,303.501123,0.000000,353.732591
604,6782.489349,0.000000,43.000000,304.002516,0.000000,345.961003
605,6782.489349,0.000000,43.000000,304.503909,0.000000,338.189415
606,6782.489349,0.000000,43.000000,305.005301,0.000000,330.417827
607,6782.489349,0.000000,43.000000,305.506694,0.000000,322.646240
608,6782.489349,0.000000,43.000000,306.008087,0.000000,314.874652
609,6782.489349,0.000000,43.000000,306.509480,0.000000,307.103064
610,6782.489349,0.000000,43.000000,307.010872,0.000000,299.331476
611,6782.489349,0.000000,43.000000,307.512265,0.000000,291.559889
612,6782.489349,0.000000,43.000000,308.013658,0.000000,283.788301
613,6782.489349,0.000000,43.000000,308.515051,0.000000,276.016713
614,6782.489349,0.000000,43.000000,309.016444,0.000000,268.245125
615,6782.489349,0.000000,43.000000,309.517836,0.000000,260.473538
616,6782.489349,0.000000,43.000000,310.019229,0.000000,252.701950
617,6782.489349,0.000000,43.000000,310.520622,0.000000,244.930362
618,6782.489349,0.000000,43.000000,311.022015,0.000000,237.158774
619,6782.489349,0.000000,43.000000,311.523407,0.000000,229.387187
620,6782.489349,0.000000,43.000000,312.024800,0.000000,221.615599
621,6782.489349,0.000000,43.000000,312.526193,0.000000,213.844011
622,6782.489349,0.000000,43.000000,313.027586,0.000000,206.072423
623,6782.489349,0.000000,43.000000,313.528978,0.000000,198.300836
624,6782.489349,0.000000,43.000000,314.030371,0.000000,190.529248
625,6782.489349,0.000000,43.000000,314.531764,0.000000,182.757660
626,6782.489349,0.000000,43.000000,315.033157,0.000000,174.986072
627,6782.489349,0.000000,43.000000,315.534549,0.000000,167.214485
628,6782.489349,0.000000,43.000000,316.035942,0.000000,159.442897
629,6782.489349,0.000000,43.000000,316.537335,0.000000,151.671309
630,6782.489349,0.000000,43.000000,317.038728,0.000000,143.899721
631,6782.489349,0.000000,43.000000,317.540120,0.000000,136.128134
632,6782.489349,0.000000,43.000000,318.041513,0.000000,128.356546
633,6782.489349,0.000000,43.000000,318.542906,0.000000,120.584958
634,6782.489349,0.000000,43.000000,319.044299,0.000000,112.813370
635,6782.489349,0.000000,43.000000,319.545691,0.000000,105.041783
636,6782.489349,0.000000,43.000000,320.047084,0.000000,97.270195
637,6782.489349,0.000000,43.000000,320.548477,0.000000,89.498607
638,6782.489349,0.000000,43.000000,321.049870,0.000000,81.727019
639,6782.489349,0.000000,43.000000,321.551262,0.000000,73.955432
640,6782.489349,0.000000,43.000000,322.052655,0.000000,66.183844
641,6782.489349,0.000000,43.000000,322.554048,0.000000,58.412256
642,6782.489349,0.000000,43.000000,323.055441,0.000000,50.640669
643,6782.489349,0.000000,43.000000,323.556833,0.000000,42.869081
644,6782.489349,0.000000,43.000000,324.058226,0.000000,35.097493
645,6782.489349,0.000000,43.000000,324.559619,0.000000,27.325905
646,6782.489349,0.000000,43.000000,325.061012,0.000000,19.554318
647,6782.489349,0.000000,43.000000,325.562405,0.000000,11.782730
648,6782.489349,0.000000,43.000000,326.063797,0.000000,4.011142
649,6782.489349,0.000000,43.000000,326.565190,0.000000,356.239554
650,6782.489349,0.000000,43.000000,327.066583,0.000000,348.467967
651,6782.489349,0.000000,43.000000,327.567976,0.000000,340.696379
652,6782.489349,0.000000,43.000000,328.069368,0.000000,332.924791
653,6782.489349,0.000000,43.000000,328.570761,0.000000,325.153203
654,6782.489349,0.000000,43.000000,329.072154,0.000000,317.381616
655,6782.489349,0.000000,43.000000,329.573547,0.000000,309.610028
656,6782.489349,0.000000,43.000000,330.074939,0.000000,301.838440
657,6782.489349,0.000000,43.000000,330.576332,0.000000,294.066852
658,6782.489349,0.000000,43.000000,331.077725,0.000000,286.295265
659,6782.489349,0.000000,43.000000,331.579118,0.000000,278.523677
660,6782.489349,0.000000,43.000000,332.080510,0.000000,270.752089
661,6782.489349,0.000000,43.000000,332.581903,0.000000,262.980501
662,6782.489349,0.000000,43.000000,333.083296,0.000000,255.208914
663,6782.489349,0.000000,43.000000,333.584689,0.000000,247.437326
664,6782.489349,0.000000,43.000000,334.086081,0.000000,239.665738
665,6782.489349,0.000000,43.000000,334.587474,0.000000,231.894150
666,6782.489349,0.000000,43.000000,335.088867,0.000000,224.122563
667,6782.489349,0.000000,43.000000,335.590260,0.000000,216.350975
668,6782.489349,0.000000,43.000000,336.091652,0.000000,208.579387
669,6782.489349,0.000000,43.000000,336.593045,0.000000,200.807799
670,6782.489349,0.000000,43.000000,337.094438,0.000000,193.036212
671,6782.489349,0.000000,43.000000,337.595831,0.000000,185.264624
672,6782.489349,0.000000,43.000000,338.097223,0.000000,177.493036
673,6782.489349,0.000000,43.000000,338.598616,0.000000,169.721448
674,6782.489349,0.000000,43.000000,339.100009,0.000000,161.949861
675,6782.489349,0.000000,43.000000,339.601402,0.000000,154.178273
676,6782.489349,0.000000,43.000000,340.102795,0.000000,146.406685
677,6782.489349,0.000000,43.000000,340.604187,0.000000,138.635097
678,6782.489349,0.000000,43.000000,341.105580,0.000000,130.863510
679,6782.489349,0.000000,43.000000,341.606973,0.000000,123.091922
680,6782.489349,0.000000,43.000000,342.108366,0.000000,115.320334
681,6782.489349,0.000000,43.000000,342.609758,0.000000,107.548747
682,6782.489349,0.000000,43.000000,343.111151,0.000000,99.777159
683,6782.489349,0.000000,43.000000,343.612544,0.000000,92.005571
684,6782.489349,0.000000,43.000000,344.113937,0.000000,84.233983
685,6782.489349,0.000000,43.000000,344.615329,0.000000,76.462396
686,6782.489349,0.000000,43.000000,345.116722,0.000000,68.690808
687,6782.489349,0.000000,43.000000,345.618115,0.000000,60.919220
688,6782.489349,0.000000,43.000000,346.119508,0.000000,53.147632
689,6782.489349,0.000000,43.000000,346.620900,0.000000,45.376045
690,6782.489349,0.000000,43.000000,347.122293,0.000000,37.604457
691,6782.489349,0.000000,43.000000,347.623686,0.000000,29.832869
692,6782.489349,0.000000,43.000000,348.125079,0.000000,22.061281
693,6782.489349,0.000000,43.000000,348.626471,0.000000,14.289694
694,6782.489349,0.000000,43.000000,349.127864,0.000000,6.518106
695,6782.489349,0.000000,43.000000,349.629257,0.000000,358.746518
696,6782.489349,0.000000,43.000000,350.130650,0.000000,350.974930
697,6782.489349,0.000000,43.000000,350.632042,0.000000,343.203343
698,6782.489349,0.000000,43.000000,351.133435,0.000000,335.431755
699,6782.489349,0.000000,43.000000,351.634828,0.000000,327.660167
700,6782.489349,0.000000,43.000000,352.136221,0.000000,319.888579
701,6782.489349,0.000000,43.000000,352.637613,0.000000,312.116992
702,6782.489349,0.000000,43.000000,353.139006,0.000000,304.345404
703,6782.489349,0.000000,43.000000,353.640399,0.000000,296.573816
704,6782.489349,0.000000,43.000000,354.141792,0.000000,288.802228
705,6782.489349,0.000000,43.000000,354.643184,0.000000,281.030641
706,6782.489349,0.000000,43.000000,355.144577,0.000000,273.259053
707,6782.489349,0.000000,43.000000,355.645970,0.000000,265.487465
708,6782.489349,0.000000,43.000000,356.147363,0.000000,257.715877
709,6782.489349,0.000000,43.000000,356.648756,0.000000,249.944290
710,6782.489349,0.000000,43.000000,357.150148,0.000000,242.172702
711,6782.489349,0.000000,43.000000,357.651541,0.000000,234.401114
712,6782.489349,0.000000,43.000000,358.152934,0.000000,226.629526
713,6782.489349,0.000000,43.000000,358.654327,0.000000,218.857939
714,6782.489349,0.000000,43.000000,359.155719,0.000000,211.086351
715,6782.489349,0.000000,43.000000,359.657112,0.000000,203.314763
716,6782.489349,0.000000,43.000000,0.158505,0.000000,195.543175
717,6782.489349,0.000000,43.000000,0.659898,0.000000,187.771588
718,6782.489349,0.000000,43.000000,1.161290,0.000000,180.000000
719,6782.489349,0.000000,43.000000,1.662683,0.000000,172.228412
720,6782.489349,0.000000,43.000000,2.164076,0.000000,164.456825
721,6782.489349,0.000000,43.000000,2.665469,0.000000,156.685237
722,6782.489349,0.000000,43.000000,3.166861,0.000000,148.913649
723,6782.489349,0.000000,43.000000,3.668254,0.000000,141.142061
724,6782.489349,0.000000,43.000000,4.169647,0.000000,133.370474
725,6782.489349,0.000000,43.000000,4.671040,0.000000,125.598886
726,6782.489349,0.000000,43.000000,5.172432,0.000000,117.827298
727,6782.489349,0.000000,43.000000,5.673825,0.000000,110.055710
728,6782.489349,0.000000,43.000000,6.175218,0.000000,102.284123
729,6782.489349,0.000000,43.000000,6.676611,0.000000,94.512535
730,6782.489349,0.000000,43.000000,7.178003,0.000000,86.740947
731,6782.489349,0.000000,43.000000,7.679396,0.000000,78.969359
732,6782.489349,0.000000,43.000000,8.180789,0.000000,71.197772
733,6782.489349,0.000000,43.000000,8.682182,0.000000,63.426184
734,6782.489349,0.000000,43.000000,9.183574,0.000000,55.654596
735,6782.489349,0.000000,43.000000,9.684967,0.000000,47.883008
736,6782.489349,0.000000,43.000000,10.186360,0.000000,40.111421
737,6782.489349,0.000000,43.000000,10.687753,0.000000,32.339833
738,6782.489349,0.000000,43.000000,11.189145,0.000000,24.568245
739,6782.489349,0.000000,43.000000,11.690538,0.000000,16.796657
740,6782.489349,0.000000,43.000000,12.191931,0.000000,9.025070
741,6782.489349,0.000000,43.000000,12.693324,0.000000,1.253482
742,6782.489349,0.000000,43.000000,13.194717,0.000000,353.481894
743,6782.489349,0.000000,43.000000,13.696109,0.000000,345.710306
744,6782.489349,0.000000,43.000000,14.197502,0.000000,337.938719
745,6782.489349,0.000000,43.000000,14.698895,0.000000,330.167131
746,6782.489349,0.000000,43.000000,15.200288,0.000000,322.395543
747,6782.489349,0.000000,43.000000,15.701680,0.000000,314.623955
748,6782.489349,0.000000,43.000000,16.203073,0.000000,306.852368
749,6782.489349,0.000000,43.000000,16.704466,0.000000,299.080780
750,6782.489349,0.000000,43.000000,17.205859,0.000000,291.309192
751,6782.489349,0.000000,43.000000,17.707251,0.000000,283.537604
752,6782.489349,0.000000,43.000000,18.208644,0.000000,275.766017
753,6782.489349,0.000000,43.000000,18.710037,0.000000,267.994429
754,6782.489349,0.000000,43.000000,19.211430,0.000000,260.222841
755,6782.489349,0.000000,43.000000,19.712822,0.000000,252.451253
756,6782.489349,0.000000,43.000000,20.214215,0.000000,244.679666
757,6782.489349,0.000000,43.000000,20.715608,0.000000,236.908078
758,6782.489349,0.000000,43.000000,21.217001,0.000000,229.136490
759,6782.489349,0.000000,43.000000,21.718393,0.000000,221.364903
760,6782.489349,0.000000,43.000000,22.219786,0.000000,213.593315
761,6782.489349,0.000000,43.000000,22.721179,0.000000,205.821727
762,6782.489349,0.000000,43.000000,23.222572,0.000000,198.050139
763,6782.489349,0.000000,43.000000,23.723964,0.000000,190.278552
764,6782.489349,0.000000,43.000000,24.225357,0.000000,182.506964
765,6782.489349,0.000000,43.000000,24.726750,0.000000,174.735376
766,6782.489349,0.000000,43.000000,25.228143,0.000000,166.963788
767,6782.489349,0.000000,43.000000,25.729535,0.000000,159.192201
768,6782.489349,0.000000,43.000000,26.230928,0.000000,151.420613
769,6782.489349,0.000000,43.000000,26.732321,0.000000,143.649025
770,6782.489349,0.000000,43.000000,27.233714,0.000000,135.877437
771,6782.489349,0.000000,43.000000,27.735106,0.000000,128.105850
772,6782.489349,0.000000,43.000000,28.236499,0.000000,120.334262
773,6782.489349,0.000000,43.000000,28.737892,0.000000,112.562674
774,6782.489349,0.000000,43.000000,29.239285,0.000000,104.791086
775,6782.489349,0.000000,43.000000,29.740678,0.000000,97.019499
776,6782.489349,0.000000,43.000000,30.242070,0.000000,89.247911
777,6782.489349,0.000000,43.000000,30.743463,0.000000,81.476323
778,6782.489349,0.000000,43.000000,31.244856,0.000000,73.704735
779,6782.489349,0.000000,43.000000,31.746249,0.000000,65.933148
780,6782.489349,0.000000,43.000000,32.247641,0.000000,58.161560
781,6782.489349,0.000000,43.000000,32.749034,0.000000,50.389972
782,6782.489349,0.000000,43.000000,33.250427,0.000000,42.618384
783,6782.489349,0.000000,43.000000,33.751820,0.000000,34.846797
784,6782.489349,0.000000,43.000000,34.253212,0.000000,27.075209
785,6782.489349,0.000000,43.000000,34.754605,0.000000,19.303621
786,6782.489349,0.000000,43.000000,35.255998,0.000000,11.532033
787,6782.489349,0.000000,43.000000,35.757391,0.000000,3.760446
788,6782.489349,0.000000,43.000000,36.258783,0.000000,355.988858
789,6782.489349,0.000000,43.000000,36.760176,0.000000,348.217270
790,6782.489349,0.000000,43.000000,37.261569,0.000000,340.445682
791,6782.489349,0.000000,43.000000,37.762962,0.000000,332.674095
792,6782.489349,0.000000,43.000000,38.264354,0.000000,324.902507
793,6782.489349,0.000000,43.000000,38.765747,0.000000,317.130919
794,6782.489349,0.000000,43.000000,39.267140,0.000000,309.359331
795,6782.489349,0.000000,43.000000,39.768533,0.000000,301.587744
796,6782.489349,0.000000,43.000000,40.269925,0.000000,293.816156
797,6782.489349,0.000000,43.000000,40.771318,0.000000,286.044568
798,6782.489349,0.000000,43.000000,41.272711,0.000000,278.272981
799,6782.489349,0.000000,43.000000,41.774104,0.000000,270.501393
800,6782.489349,0.000000,43.000000,42.275496,0.000000,262.729805
801,6782.489349,0.000000,43.000000,42.776889,0.000000,254.958217
802,6782.489349,0.000000,43.000000,43.278282,0.000000,247.186630
803,6782.489349,0.000000,43.000000,43.779675,0.000000,239.415042
804,6782.489349,0.000000,43.000000,44.281067,0.000000,231.643454
805,6782.489349,0.000000,43.000000,44.782460,0.000000,223.871866
806,6782.489349,0.000000,43.000000,45.283853,0.000000,216.100279
807,6782.489349,0.000000,43.000000,45.785246,0.000000,208.328691
808,6782.489349,0.000000,43.000000,46.286639,0.000000,200.557103
809,6782.489349,0.000000,43.000000,46.788031,0.000000,192.785515
810,6782.489349,0.000000,43.000000,47.289424,0.000000,185.013928
811,6782.489349,0.000000,43.000000,47.790817,0.000000,177.242340
812,6782.489349,0.000000,43.000000,48.292210,0.000000,169.470752
813,6782.489349,0.000000,43.000000,48.793602,0.000000,161.699164
814,6782.489349,0.000000,43.000000,49.294995,0.000000,153.927577
815,6782.489349,0.000000,43.000000,49.796388,0.000000,146.155989
816,6782.489349,0.000000,43.000000,50.297781,0.000000,138.384401
817,6782.489349,0.000000,43.000000,50.799173,0.000000,130.612813
818,6782.489349,0.000000,43.000000,51.300566,0.000000,122.841226
819,6782.489349,0.000000,43.000000,51.801959,0.000000,115.069638
820,6782.489349,0.000000,43.000000,52.303352,0.000000,107.298050
821,6782.489349,0.000000,43.000000,52.804744,0.000000,99.526462
822,6782.489349,0.000000,43.000000,53.306137,0.000000,91.754875
823,6782.489349,0.000000,43.000000,53.807530,0.000000,83.983287
824,6782.489349,0.000000,43.000000,54.308923,0.000000,76.211699
825,6782.489349,0.000000,43.000000,54.810315,0.000000,68.440111
826,6782.489349,0.000000,43.000000,55.311708,0.000000,60.668524
827,6782.489349,0.000000,43.000000,55.813101,0.000000,52.896936
828,6782.489349,0.000000,43.000000,56.314494,0.000000,45.125348
829,6782.489349,0.000000,43.000000,56.815886,0.000000,37.353760
830,6782.489349,0.000000,43.000000,57.317279,0.000000,29.582173
831,6782.489349,0.000000,43.000000,57.818672,0.000000,21.810585
832,6782.489349,0.000000,43.000000,58.320065,0.000000,14.038997
833,6782.489349,0.000000,43.000000,58.821457,0.000000,6.267409
834,6782.489349,0.000000,43.000000,59.322850,0.000000,358.495822
835,6782.489349,0.000000,43.000000,59.824243,0.000000,350.724234
836,6782.489349,0.000000,43.000000,60.325636,0.000000,342.952646
837,6782.489349,0.000000,43.000000,60.827028,0.000000,335.181058
838,6782.489349,0.000000,43.000000,61.328421,0.000000,327.409471
839,6782.489349,0.000000,43.000000,61.829814,0.000000,319.637883
840,6782.489349,0.000000,43.000000,62.331207,0.000000,311.866295
841,6782.489349,0.000000,43.000000,62.832600,0.000000,304.094708
842,6782.489349,0.000000,43.000000,63.333992,0.000000,296.323120
843,6782.489349,0.000000,43.000000,63.835385,0.000000,288.551532
844,6782.489349,0.000000,43.000000,64.336778,0.000000,280.779944
845,6782.489349,0.000000,43.000000,64.838171,0.000000,273.008357
846,6782.489349,0.000000,43.000000,65.339563,0.000000,265.236769
847,6782.489349,0.000000,43.000000,65.840956,0.000000,257.465181
848,6782.489349,0.000000,43.000000,66.342349,0.000000,249.693593
849,6782.489349,0.000000,43.000000,66.843742,0.000000,241.922006
850,6782.489349,0.000000,43.000000,67.345134,0.000000,234.150418
851,6782.489349,0.000000,43.000000,67.846527,0.000000,226.378830
852,6782.489349,0.000000,43.000000,68.347920,0.000000,218.607242
853,6782.489349,0.000000,43.000000,68.849313,0.000000,210.835655
854,6782.489349,0.000000,43.000000,69.350705,0.000000,203.064067
855,6782.489349,0.000000,43.000000,69.852098,0.000000,195.292479
856,6782.489349,0.000000,43.000000,70.353491,0.000000,187.520891
857,6782.489349,0.000000,43.000000,70.854884,0.000000,179.749304
858,6782.489349,0.000000,43.000000,71.356276,0.000000,171.977716
859,6782.489349,0.000000,43.000000,71.857669,0.000000,164.206128
860,6782.489349,0.000000,43.000000,72.359062,0.000000,156.434540
861,6782.489349,0.000000,43.000000,72.860455,0.000000,148.662953
862,6782.489349,0.000000,43.000000,73.361847,0.000000,140.891365
863,6782.489349,0.000000,43.000000,73.863240,0.000000,133.119777
864,6782.489349,0.000000,43.000000,74.364633,0.000000,125.348189
865,6782.489349,0.000000,43.000000,74.866026,0.000000,117.576602
866,6782.489349,0.000000,43.000000,75.367418,0.000000,109.805014
867,6782.489349,0.000000,43.000000,75.868811,0.000000,102.033426
868,6782.489349,0.000000,43.000000,76.370204,0.000000,94.261838
869,6782.489349,0.000000,43.000000,76.871597,0.000000,86.490251
870,6782.489349,0.000000,43.000000,77.372989,0.000000,78.718663
871,6782.489349,0.000000,43.000000,77.874382,0.000000,70.947075
872,6782.489349,0.000000,43.000000,78.375775,0.000000,63.175487
873,6782.489349,0.000000,43.000000,78.877168,0.000000,55.403900
874,6782.489349,0.000000,43.000000,79.378561,0.000000,47.632312
875,6782.489349,0.000000,43.000000,79.879953,0.000000,39.860724
876,6782.489349,0.000000,43.000000,80.381346,0.000000,32.089136
877,6782.489349,0.000000,43.000000,80.882739,0.000000,24.317549
878,6782.489349,0.000000,43.000000,81.384132,0.000000,16.545961
879,6782.489349,0.000000,43.000000,81.885524,0.000000,8.774373
880,6782.489349,0.000000,43.000000,82.386917,0.000000,1.002786
881,6782.489349,0.000000,43.000000,82.888310,0.000000,353.231198
882,6782.489349,0.000000,43.000000,83.389703,0.000000,345.459610
883,6782.489349,0.000000,43.000000,83.891095,0.000000,337.688022
884,6782.489349,0.000000,43.000000,84.392488,0.000000,329.916435
885,6782.489349,0.000000,43.000000,84.893881,0.000000,322.144847
886,6782.489349,0.000000,43.000000,85.395274,0.000000,314.373259
887,6782.489349,0.000000,43.000000,85.896666,0.000000,306.601671
888,6782.489349,0.000000,43.000000,86.398059,0.000000,298.830084
889,6782.489349,0.000000,43.000000,86.899452,0.000000,291.058496
890,6782.489349,0.000000,43.000000,87.400845,0.000000,283.286908
891,6782.489349,0.000000,43.000000,87.902237,0.000000,275.515320
892,6782.489349,0.000000,43.000000,88.403630,0.000000,267.743733
893,6782.489349,0.000000,43.000000,88.905023,0.000000,259.972145
894,6782.489349,0.000000,43.000000,89.406416,0.000000,252.200557
895,6782.489349,0.000000,43.000000,89.907808,0.000000,244.428969
896,6782.489349,0.000000,43.000000,90.409201,0.000000,236.657382
897,6782.489349,0.000000,43.000000,90.910594,0.000000,228.885794
898,6782.489349,0.000000,43.000000,91.411987,0.000000,221.114206
899,6782.489349,0.000000,43.000000,91.913379,0.000000,213.342618
900,6782.489349,0.000000,43.000000,92.414772,0.000000,205.571031
901,6782.489349,0.000000,43.000000,92.916165,0.000000,197.799443
902,6782.489349,0.000000,43.000000,93.417558,0.000000,190.027855
903,6782.489349,0.000000,43.000000,93.918950,0.000000,182.256267
904,6782.489349,0.000000,43.000000,94.420343,0.000000,174.484680
905,6782.489349,0.000000,43.000000,94.921736,0.000000,166.713092
906,6782.489349,0.000000,43.000000,95.423129,0.000000,158.941504
907,6782.489349,0.000000,43.000000,95.924522,0.000000,151.169916
908,6782.489349,0.000000,43.000000,96.425914,0.000000,143.398329
909,6782.489349,0.000000,43.000000,96.927307,0.000000,135.626741
910,6782.489349,0.000000,43.000000,97.428700,0.000000,127.855153
911,6782.489349,0.000000,43.000000,97.930093,0.000000,120.083565
912,6782.489349,0.000000,43.000000,98.431485,0.000000,112.311978
913,6782.489349,0.000000,43.000000,98.932878,0.000000,104.540390
914,6782.489349,0.000000,43.000000,99.434271,0.000000,96.768802
915,6782.489349,0.000000,43.000000,99.935664,0.000000,88.997214
916,6782.489349,0.000000,43.000000,100.437056,0.000000,81.225627
917,6782.489349,0.000000,43.000000,100.938449,0.000000,73.454039
918,6782.489349,0.000000,43.000000,101.439842,0.000000,65.682451
919,6782.489349,0.000000,43.000000,101.941235,0.000000,57.910864
920,6782.489349,0.000000,43.000000,102.442627,0.000000,50.139276
921,6782.489349,0.000000,43.000000,102.944020,0.000000,42.367688
922,6782.489349,0.000000,43.000000,103.445413,0.000000,34.596100
923,6782.489349,0.000000,43.000000,103.946806,0.000000,26.824513
924,6782.489349,0.000000,43.000000,104.448198,0.000000,19.052925
925,6782.489349,0.000000,43.000000,104.949591,0.000000,11.281337
926,6782.489349,0.000000,43.000000,105.450984,0.000000,3.509749
927,6782.489349,0.000000,43.000000,105.952377,0.000000,355.738162
928,6782.489349,0.000000,43.000000,106.453769,0.000000,347.966574
929,6782.489349,0.000000,43.000000,106.955162,0.000000,340.194986
930,6782.489349,0.000000,43.000000,107.456555,0.000000,332.423398
931,6782.489349,0.000000,43.000000,107.957948,0.000000,324.651811
932,6782.489349,0.000000,43.000000,108.459340,0.000000,316.880223
933,6782.489349,0.000000,43.000000,108.960733,0.000000,309.108635
934,6782.489349,0.000000,43.000000,109.462126,0.000000,301.337047
935,6782.489349,0.000000,43.000000,109.963519,0.000000,293.565460
936,6782.489349,0.000000,43.000000,110.464911,0.000000,285.793872
937,6782.489349,0.000000,43.000000,110.966304,0.000000,278.022284
938,6782.489349,0.000000,43.000000,111.467697,0.000000,270.250696
939,6782.489349,0.000000,43.000000,111.969090,0.000000,262.479109
940,6782.489349,0.000000,43.000000,112.470483,0.000000,254.707521
941,6782.489349,0.000000,43.000000,112.971875,0.000000,246.935933
942,6782.489349,0.000000,43.000000,113.473268,0.000000,239.164345
943,6782.489349,0.000000,43.000000,113.974661,0.000000,231.392758
944,6782.489349,0.000000,43.000000,114.476054,0.000000,223.621170
945,6782.489349,0.000000,43.000000,114.977446,0.000000,215.849582
946,6782.489349,0.000000,43.000000,115.478839,0.000000,208.077994
947,6782.489349,0.000000,43.000000,115.980232,0.000000,200.306407
948,6782.489349,0.000000,43.000000,116.481625,0.000000,192.534819
949,6782.489349,0.000000,43.000000,116.983017,0.000000,184.763231
950,6782.489349,0.000000,43.000000,117.484410,0.000000,176.991643
951,6782.489349,0.000000,43.000000,117.985803,0.000000,169.220056
952,6782.489349,0.000000,43.000000,118.487196,0.000000,161.448468
953,6782.489349,0.000000,43.000000,118.988588,0.000000,153.676880
954,6782.489349,0.000000,43.000000,119.489981,0.000000,145.905292
955,6782.489349,0.000000,43.000000,119.991374,0.000000,138.133705
956,6782.489349,0.000000,43.000000,120.492767,0.000000,130.362117
957,6782.489349,0.000000,43.000000,120.994159,0.000000,122.590529
958,6782.489349,0.000000,43.000000,121.495552,0.000000,114.818942
959,6782.489349,0.000000,43.000000,121.996945,0.000000,107.047354
960,6782.489349,0.000000,43.000000,122.498338,0.000000,99.275766
961,6782.489349,0.000000,43.000000,122.999730,0.000000,91.504178
962,6782.489349,0.000000,43.000000,123.501123,0.000000,83.732591
963,6782.489349,0.000000,43.000000,124.002516,0.000000,75.961003
964,6782.489349,0.000000,43.000000,124.503909,0.000000,68.189415
965,6782.489349,0.000000,43.000000,125.005301,0.000000,60.417827
966,6782.489349,0.000000,43.000000,125.506694,0.000000,52.646240
967,6782.489349,0.000000,43.000000,126.008087,0.000000,44.874652
968,6782.489349,0.000000,43.000000,126.509480,0.000000,37.103064
969,6782.489349,0.000000,43.000000,127.010872,0.000000,29.331476
970,6782.489349,0.000000,43.000000,127.512265,0.000000,21.559889
971,6782.489349,0.000000,43.000000,128.013658,0.000000,13.788301
972,6782.489349,0.000000,43.000000,128.515051,0.000000,6.016713
973,6782.489349,0.000000,43.000000,129.016444,0.000000,358.245125
974,6782.489349,0.000000,43.000000,129.517836,0.000000,350.473538
975,6782.489349,0.000000,43.000000,130.019229,0.000000,342.701950
976,6782.489349,0.000000,43.000000,130.520622,0.000000,334.930362
977,6782.489349,0.000000,43.000000,131.022015,0.000000,327.158774
978,6782.489349,0.000000,43.000000,131.523407,0.000000,319.387187
979,6782.489349,0.000000,43.000000,132.024800,0.000000,311.615599
980,6782.489349,0.000000,43.000000,132.526193,0.000000,303.844011
981,6782.489349,0.000000,43.000000,133.027586,0.000000,296.072423
982,6782.489349,0.000000,43.000000,133.528978,0.000000,288.300836
983,6782.489349,0.000000,43.000000,134.030371,0.000000,280.529248
984,6782.489349,0.000000,43.000000,134.531764,0.000000,272.757660
985,6782.489349,0.000000,43.000000,135.033157,0.000000,264.986072
986,6782.489349,0.000000,43.000000,135.534549,0.000000,257.214485
987,6782.489349,0.000000,43.000000,136.035942,0.000000,249.442897
988,6782.489349,0.000000,43.000000,136.537335,0.000000,241.671309
989,6782.489349,0.000000,43.000000,137.038728,0.000000,233.899721
990,6782.489349,0.000000,43.000000,137.540120,0.000000,226.128134
991,6782.489349,0.000000,43.000000,138.041513,0.000000,218.356546
992,6782.489349,0.000000,43.000000,138.542906,0.000000,210.584958
993,6782.489349,0.000000,43.000000,139.044299,0.000000,202.813370
994,6782.489349,0.000000,43.000000,139.545691,0.000000,195.041783
995,6782.489349,0.000000,43.000000,140.047084,0.000000,187.270195
996,6782.489349,0.000000,43.000000,140.548477,0.000000,179.498607
997,6782.489349,0.000000,43.000000,141.049870,0.000000,171.727019
998,6782.489349,0.000000,43.000000,141.551262,0.000000,163.955432
999,6782.489349,0.000000,43.000000,142.052655,0.000000,156.183844
1000,6782.489349,0.000000,43.000000,142.554048,0.000000,148.412256
1001,6782.489349,0.000000,43.000000,143.055441,0.000000,140.640669
1002,6782.489349,0.000000,43.000000,143.556833,0.000000,132.869081
1003,6782.489349,0.000000,43.000000,144.058226,0.000000,125.097493
1004,6782.489349,0.000000,43.000000,144.559619,0.000000,117.325905
1005,6782.489349,0.000000,43.000000,145.061012,0.000000,109.554318
1006,6782.489349,0.000000,43.000000,145.562405,0.000000,101.782730
1007,6782.489349,0.000000,43.000000,146.063797,0.000000,94.011142
1008,6782.489349,0.000000,43.000000,146.565190,0.000000,86.239554
1009,6782.489349,0.000000,43.000000,147.066583,0.000000,78.467967
1010,6782.489349,0.000000,43.000000,147.567976,0.000000,70.696379
1011,6782.489349,0.000000,43.000000,148.069368,0.000000,62.924791
1012,6782.489349,0.000000,43.000000,148.570761,0.000000,55.153203
1013,6782.489349,0.000000,43.000000,149.072154,0.000000,47.381616
1014,6782.489349,0.000000,43.000000,149.573547,0.000000,39.610028
1015,6782.489349,0.000000,43.000000,150.074939,0.000000,31.838440
1016,6782.489349,0.000000,43.000000,150.576332,0.000000,24.066852
1017,6782.489349,0.000000,43.000000,151.077725,0.000000,16.295265
1018,6782.489349,0.000000,43.000000,151.579118,0.000000,8.523677
1019,6782.489349,0.000000,43.000000,152.080510,0.000000,0.752089
1020,6782.489349,0.000000,43.000000,152.581903,0.000000,352.980501
1021,6782.489349,0.000000,43.000000,153.083296,0.000000,345.208914
1022,6782.489349,0.000000,43.000000,153.584689,0.000000,337.437326
1023,6782.489349,0.000000,43.000000,154.086081,0.000000,329.665738
1024,6782.489349,0.000000,43.000000,154.587474,0.000000,321.894150
1025,6782.489349,0.000000,43.000000,155.088867,0.000000,314.122563
1026,6782.489349,0.000000,43.000000,155.590260,0.000000,306.350975
1027,6782.489349,0.000000,43.000000,156.091652,0.000000,298.579387
1028,6782.489349,0.000000,43.000000,156.593045,0.000000,290.807799
1029,6782.489349,0.000000,43.000000,157.094438,0.000000,283.036212
1030,6782.489349,0.000000,43.000000,157.595831,0.000000,275.264624
1031,6782.489349,0.000000,43.000000,158.097223,0.000000,267.493036
1032,6782.489349,0.000000,43.000000,158.598616,0.000000,259.721448
1033,6782.489349,0.000000,43.000000,159.100009,0.000000,251.949861
1034,6782.489349,0.000000,43.000000,159.601402,0.000000,244.178273
1035,6782.489349,0.000000,43.000000,160.102795,0.000000,236.406685
1036,6782.489349,0.000000,43.000000,160.604187,0.000000,228.635097
1037,6782.489349,0.000000,43.000000,161.105580,0.000000,220.863510
1038,6782.489349,0.000000,43.000000,161.606973,0.000000,213.091922
1039,6782.489349,0.000000,43.000000,162.108366,0.000000,205.320334
1040,6782.489349,0.000000,43.000000,162.609758,0.000000,197.548747
1041,6782.489349,0.000000,43.000000,163.111151,0.000000,189.777159
1042,6782.489349,0.000000,43.000000,163.612544,0.000000,182.005571
1043,6782.489349,0.000000,43.000000,164.113937,0.000000,174.233983
1044,6782.489349,0.000000,43.000000,164.615329,0.000000,166.462396
1045,6782.489349,0.000000,43.000000,165.116722,0.000000,158.690808
1046,6782.489349,0.000000,43.000000,165.618115,0.000000,150.919220
1047,6782.489349,0.000000,43.000000,166.119508,0.000000,143.147632
1048,6782.489349,0.000000,43.000000,166.620900,0.000000,135.376045
1049,6782.489349,0.000000,43.000000,167.122293,0.000000,127.604457
1050,6782.489349,0.000000,43.000000,167.623686,0.000000,119.832869
1051,6782.489349,0.000000,43.000000,168.125079,0.000000,112.061281
1052,6782.489349,0.000000,43.000000,168.626471,0.000000,104.289694
1053,6782.489349,0.000000,43.000000,169.127864,0.000000,96.518106
1054,6782.489349,0.000000,43.000000,169.629257,0.000000,88.746518
1055,6782.489349,0.000000,43.000000,170.130650,0.000000,80.974930
1056,6782.489349,0.000000,43.000000,170.632042,0.000000,73.203343
1057,6782.489349,0.000000,43.000000,171.133435,0.000000,65.431755
1058,6782.489349,0.000000,43.000000,171.634828,0.000000,57.660167
1059,6782.489349,0.000000,43.000000,172.136221,0.000000,49.888579
1060,6782.489349,0.000000,43.000000,172.637613,0.000000,42.116992
1061,6782.489349,0.000000,43.000000,173.139006,0.000000,34.345404
1062,6782.489349,0.000000,43.000000,173.640399,0.000000,26.573816
1063,6782.489349,0.000000,43.000000,174.141792,0.000000,18.802228
1064,6782.489349,0.000000,43.000000,174.643184,0.000000,11.030641
1065,6782.489349,0.000000,43.000000,175.144577,0.000000,3.259053
1066,6782.489349,0.000000,43.000000,175.645970,0.000000,355.487465
1067,6782.489349,0.000000,43.000000,176.147363,0.000000,347.715877
1068,6782.489349,0.000000,43.000000,176.648756,0.000000,339.944290
1069,6782.489349,0.000000,43.000000,177.150148,0.000000,332.172702
1070,6782.489349,0.000000,43.000000,177.651541,0.000000,324.401114
1071,6782.489349,0.000000,43.000000,178.152934,0.000000,316.629526
1072,6782.489349,0.000000,43.000000,178.654327,0.000000,308.857939
1073,6782.489349,0.000000,43.000000,179.155719,0.000000,301.086351
1074,6782.489349,0.000000,43.000000,179.657112,0.000000,293.314763
1075,6782.489349,0.000000,43.000000,180.158505,0.000000,285.543175
1076,6782.489349,0.000000,43.000000,180.659898,0.000000,277.771588
1077,6782.489349,0.000000,43.000000,181.161290,0.000000,270.000000
1078,6782.489349,0.000000,43.000000,181.662683,0.000000,262.228412
1079,6782.489349,0.000000,43.000000,182.164076,0.000000,254.456825
1080,6782.489349,0.000000,43.000000,182.665469,0.000000,246.685237
1081,6782.489349,0.000000,43.000000,183.166861,0.000000,238.913649
1082,6782.489349,0.000000,43.000000,183.668254,0.000000,231.142061
1083,6782.489349,0.000000,43.000000,184.169647,0.000000,223.370474
1084,6782.489349,0.000000,43.000000,184.671040,0.000000,215.598886
1085,6782.489349,0.000000,43.000000,185.172432,0.000000,207.827298
1086,6782.489349,0.000000,43.000000,185.673825,0.000000,200.055710
1087,6782.489349,0.000000,43.000000,186.175218,0.000000,192.284123
1088,6782.489349,0.000000,43.000000,186.676611,0.000000,184.512535
1089,6782.489349,0.000000,43.000000,187.178003,0.000000,176.740947
1090,6782.489349,0.000000,43.000000,187.679396,0.000000,168.969359
1091,6782.489349,0.000000,43.000000,188.180789,0.000000,161.197772
1092,6782.489349,0.000000,43.000000,188.682182,0.000000,153.426184
1093,6782.489349,0.000000,43.000000,189.183574,0.000000,145.654596
1094,6782.489349,0.000000,43.000000,189.684967,0.000000,137.883008
1095,6782.489349,0.000000,43.000000,190.186360,0.000000,130.111421
1096,6782.489349,0.000000,43.000000,190.687753,0.000000,122.339833
1097,6782.489349,0.000000,43.000000,191.189145,0.000000,114.568245
1098,6782.489349,0.000000,43.000000,191.690538,0.000000,106.796657
1099,6782.489349,0.000000,43.000000,192.191931,0.000000,99.025070
1100,6782.489349,0.000000,43.000000,192.693324,0.000000,91.253482
1101,6782.489349,0.000000,43.000000,193.194717,0.000000,83.481894
1102,6782.489349,0.000000,43.000000,193.696109,0.000000,75.710306
1103,6782.489349,0.000000,43.000000,194.197502,0.000000,67.938719
1104,6782.489349,0.000000,43.000000,194.698895,0.000000,60.167131
1105,6782.489349,0.000000,43.000000,195.200288,0.000000,52.395543
1106,6782.489349,0.000000,43.000000,195.701680,0.000000,44.623955
1107,6782.489349,0.000000,43.000000,196.203073,0.000000,36.852368
1108,6782.489349,0.000000,43.000000,196.704466,0.000000,29.080780
1109,6782.489349,0.000000,43.000000,197.205859,0.000000,21.309192
1110,6782.489349,0.000000,43.000000,197.707251,0.000000,13.537604
1111,6782.489349,0.000000,43.000000,198.208644,0.000000,5.766017
1112,6782.489349,0.000000,43.000000,198.710037,0.000000,357.994429
1113,6782.489349,0.000000,43.000000,199.211430,0.000000,350.222841
1114,6782.489349,0.000000,43.000000,199.712822,0.000000,342.451253
1115,6782.489349,0.000000,43.000000,200.214215,0.000000,334.679666
1116,6782.489349,0.000000,43.000000,200.715608,0.000000,326.908078
1117,6782.489349,0.000000,43.000000,201.217001,0.000000,319.136490
1118,6782.489349,0.000000,43.000000,201.718393,0.000000,311.364903
1119,6782.489349,0.000000,43.000000,202.219786,0.000000,303.593315
1120,6782.489349,0.000000,43.000000,202.721179,0.000000,295.821727
1121,6782.489349,0.000000,43.000000,203.222572,0.000000,288.050139
1122,6782.489349,0.000000,43.000000,203.723964,0.000000,280.278552
1123,6782.489349,0.000000,43.000000,204.225357,0.000000,272.506964
1124,6782.489349,0.000000,43.000000,204.726750,0.000000,264.735376
1125,6782.489349,0.000000,43.000000,205.228143,0.000000,256.963788
1126,6782.489349,0.000000,43.000000,205.729535,0.000000,249.192201
1127,6782.489349,0.000000,43.000000,206.230928,0.000000,241.420613
1128,6782.489349,0.000000,43.000000,206.732321,0.000000,233.649025
1129,6782.489349,0.000000,43.000000,207.233714,0.000000,225.877437
1130,6782.489349,0.000000,43.000000,207.735106,0.000000,218.105850
1131,6782.489349,0.000000,43.000000,208.236499,0.000000,210.334262
1132,6782.489349,0.000000,43.000000,208.737892,0.000000,202.562674
1133,6782.489349,0.000000,43.000000,209.239285,0.000000,194.791086
1134,6782.489349,0.000000,43.000000,209.740678,0.000000,187.019499
1135,6782.489349,0.000000,43.000000,210.242070,0.000000,179.247911
1136,6782.489349,0.000000,43.000000,210.743463,0.000000,171.476323
1137,6782.489349,0.000000,43.000000,211.244856,0.000000,163.704735
1138,6782.489349,0.000000,43.000000,211.746249,0.000000,155.933148
1139,6782.489349,0.000000,43.000000,212.247641,0.000000,148.161560
1140,6782.489349,0.000000,43.000000,212.749034,0.000000,140.389972
1141,6782.489349,0.000000,43.000000,213.250427,0.000000,132.618384
1142,6782.489349,0.000000,43.000000,213.751820,0.000000,124.846797
1143,6782.489349,0.000000,43.000000,214.253212,0.000000,117.075209
1144,6782.489349,0.000000,43.000000,214.754605,0.000000,109.303621
1145,6782.489349,0.000000,43.000000,215.255998,0.000000,101.532033
1146,6782.489349,0.000000,43.000000,215.757391,0.000000,93.760446
1147,6782.489349,0.000000,43.000000,216.258783,0.000000,85.988858
1148,6782.489349,0.000000,43.000000,216.760176,0.000000,78.217270
1149,6782.489349,0.000000,43.000000,217.261569,0.000000,70.445682
1150,6782.489349,0.000000,43.000000,217.762962,0.000000,62.674095
1151,6782.489349,0.000000,43.000000,218.264354,0.000000,54.902507
1152,6782.489349,0.000000,43.000000,218.765747,0.000000,47.130919
1153,6782.489349,0.000000,43.000000,219.267140,0.000000,39.359331
1154,6782.489349,0.000000,43.000000,219.768533,0.000000,31.587744
1155,6782.489349,0.000000,43.000000,220.269925,0.000000,23.816156
1156,6782.489349,0.000000,43.000000,220.771318,0.000000,16.044568
1157,6782.489349,0.000000,43.000000,221.272711,0.000000,8.272981
1158,6782.489349,0.000000,43.000000,221.774104,0.000000,0.501393
1159,6782.489349,0.000000,43.000000,222.275496,0.000000,352.729805
1160,6782.489349,0.000000,43.000000,222.776889,0.000000,344.958217
1161,6782.489349,0.000000,43.000000,223.278282,0.000000,337.186630
1162,6782.489349,0.000000,43.000000,223.779675,0.000000,329.415042
1163,6782.489349,0.000000,43.000000,224.281067,0.000000,321.643454
1164,6782.489349,0.000000,43.000000,224.782460,0.000000,313.871866
1165,6782.489349,0.000000,43.000000,225.283853,0.000000,306.100279
1166,6782.489349,0.000000,43.000000,225.785246,0.000000,298.328691
1167,6782.489349,0.000000,43.000000,226.286639,0.000000,290.557103
1168,6782.489349,0.000000,43.000000,226.788031,0.000000,282.785515
1169,6782.489349,0.000000,43.000000,227.289424,0.000000,275.013928
1170,6782.489349,0.000000,43.000000,227.790817,0.000000,267.242340
1171,6782.489349,0.000000,43.000000,228.292210,0.000000,259.470752
1172,6782.489349,0.000000,43.000000,228.793602,0.000000,251.699164
1173,6782.489349,0.000000,43.000000,229.294995,0.000000,243.927577
1174,6782.489349,0.000000,43.000000,229.796388,0.000000,236.155989
1175,6782.489349,0.000000,43.000000,230.297781,0.000000,228.384401
1176,6782.489349,0.000000,43.000000,230.799173,0.000000,220.612813
1177,6782.489349,0.000000,43.000000,231.300566,0.000000,212.841226
1178,6782.489349,0.000000,43.000000,231.801959,0.000000,205.069638
1179,6782.489349,0.000000,43.000000,232.303352,0.000000,197.298050
1180,6782.489349,0.000000,43.000000,232.804744,0.000000,189.526462
1181,6782.489349,0.000000,43.000000,233.306137,0.000000,181.754875
1182,6782.489349,0.000000,43.000000,233.807530,0.000000,173.983287
1183,6782.489349,0.000000,43.000000,234.308923,0.000000,166.211699
1184,6782.489349,0.000000,43.000000,234.810315,0.000000,158.440111
1185,6782.489349,0.000000,43.000000,235.311708,0.000000,150.668524
1186,6782.489349,0.000000,43.000000,235.813101,0.000000,142.896936
1187,6782.489349,0.000000,43.000000,236.314494,0.000000,135.125348
1188,6782.489349,0.000000,43.000000,236.815886,0.000000,127.353760
1189,6782.489349,0.000000,43.000000,237.317279,0.000000,119.582173
1190,6782.489349,0.000000,43.000000,237.818672,0.000000,111.810585
1191,6782.489349,0.000000,43.000000,238.320065,0.000000,104.038997
1192,6782.489349,0.000000,43.000000,238.821457,0.000000,96.267409
1193,6782.489349,0.000000,43.000000,239.322850,0.000000,88.495822
1194,6782.489349,0.000000,43.000000,239.824243,0.000000,80.724234
1195,6782.489349,0.000000,43.000000,240.325636,0.000000,72.952646
1196,6782.489349,0.000000,43.000000,240.827028,0.000000,65.181058
1197,6782.489349,0.000000,43.000000,241.328421,0.000000,57.409471
1198,6782.489349,0.000000,43.000000,241.829814,0.000000,49.637883
1199,6782.489349,0.000000,43.000000,242.331207,0.000000,41.866295
1200,6782.489349,0.000000,43.000000,242.832600,0.000000,34.094708
1201,6782.489349,0.000000,43.000000,243.333992,0.000000,26.323120
1202,6782.489349,0.000000,43.000000,243.835385,0.000000,18.551532
1203,6782.489349,0.000000,43.000000,244.336778,0.000000,10.779944
1204,6782.489349,0.000000,43.000000,244.838171,0.000000,3.008357
1205,6782.489349,0.000000,43.000000,245.339563,0.000000,355.236769
1206,6782.489349,0.000000,43.000000,245.840956,0.000000,347.465181
1207,6782.489349,0.000000,43.000000,246.342349,0.000000,339.693593
1208,6782.489349,0.000000,43.000000,246.843742,0.000000,331.922006
1209,6782.489349,0.000000,43.000000,247.345134,0.000000,324.150418
1210,6782.489349,0.000000,43.000000,247.846527,0.000000,316.378830
1211,6782.489349,0.000000,43.000000,248.347920,0.000000,308.607242
1212,6782.489349,0.000000,43.000000,248.849313,0.000000,300.835655
1213,6782.489349,0.000000,43.000000,249.350705,0.000000,293.064067
1214,6782.489349,0.000000,43.000000,249.852098,0.000000,285.292479
1215,6782.489349,0.000000,43.000000,250.353491,0.000000,277.520891
1216,6782.489349,0.000000,43.000000,250.854884,0.000000,269.749304
1217,6782.489349,0.000000,43.000000,251.356276,0.000000,261.977716
1218,6782.489349,0.000000,43.000000,251.857669,0.000000,254.206128
1219,6782.489349,0.000000,43.000000,252.359062,0.000000,246.434540
1220,6782.489349,0.000000,43.000000,252.860455,0.000000,238.662953
1221,6782.489349,0.000000,43.000000,253.361847,0.000000,230.891365
1222,6782.489349,0.000000,43.000000,253.863240,0.000000,223.119777
1223,6782.489349,0.000000,43.000000,254.364633,0.000000,215.348189
1224,6782.489349,0.000000,43.000000,254.866026,0.000000,207.576602
1225,6782.489349,0.000000,43.000000,255.367418,0.000000,199.805014
1226,6782.489349,0.000000,43.000000,255.868811,0.000000,192.033426
1227,6782.489349,0.000000,43.000000,256.370204,0.000000,184.261838
1228,6782.489349,0.000000,43.000000,256.871597,0.000000,176.490251
1229,6782.489349,0.000000,43.000000,257.372989,0.000000,168.718663
1230,6782.489349,0.000000,43.000000,257.874382,0.000000,160.947075
1231,6782.489349,0.000000,43.000000,258.375775,0.000000,153.175487
1232,6782.489349,0.000000,43.000000,258.877168,0.000000,145.403900
1233,6782.489349,0.000000,43.000000,259.378561,0.000000,137.632312
1234,6782.489349,0.000000,43.000000,259.879953,0.000000,129.860724
1235,6782.489349,0.000000,43.000000,260.381346,0.000000,122.089136
1236,6782.489349,0.000000,43.000000,260.882739,0.000000,114.317549
1237,6782.489349,0.000000,43.000000,261.384132,0.000000,106.545961
1238,6782.489349,0.000000,43.000000,261.885524,0.000000,98.774373
1239,6782.489349,0.000000,43.000000,262.386917,0.000000,91.002786
1240,6782.489349,0.000000,43.000000,262.888310,0.000000,83.231198
1241,6782.489349,0.000000,43.000000,263.389703,0.000000,75.459610
1242,6782.489349,0.000000,43.000000,263.891095,0.000000,67.688022
1243,6782.489349,0.000000,43.000000,264.392488,0.000000,59.916435
1244,6782.489349,0.000000,43.000000,264.893881,0.000000,52.144847
1245,6782.489349,0.000000,43.000000,265.395274,0.000000,44.373259
1246,6782.489349,0.000000,43.000000,265.896666,0.000000,36.601671
1247,6782.489349,0.000000,43.000000,266.398059,0.000000,28.830084
1248,6782.489349,0.000000,43.000000,266.899452,0.000000,21.058496
1249,6782.489349,0.000000,43.000000,267.400845,0.000000,13.286908
1250,6782.489349,0.000000,43.000000,267.902237,0.000000,5.515320
1251,6782.489349,0.000000,43.000000,268.403630,0.000000,357.743733
1252,6782.489349,0.000000,43.000000,268.905023,0.000000,349.972145
1253,6782.489349,0.000000,43.000000,269.406416,0.000000,342.200557
1254,6782.489349,0.000000,43.000000,269.907808,0.000000,334.428969
1255,6782.489349,0.000000,43.000000,270.409201,0.000000,326.657382
1256,6782.489349,0.000000,43.000000,270.910594,0.000000,318.885794
1257,6782.489349,0.000000,43.000000,271.411987,0.000000,311.114206
1258,6782.489349,0.000000,43.000000,271.913379,0.000000,303.342618
1259,6782.489349,0.000000,43.000000,272.414772,0.000000,295.571031
1260,6782.489349,0.000000,43.000000,272.916165,0.000000,287.799443
1261,6782.489349,0.000000,43.000000,273.417558,0.000000,280.027855
1262,6782.489349,0.000000,43.000000,273.918950,0.000000,272.256267
1263,6782.489349,0.000000,43.000000,274.420343,0.000000,264.484680
1264,6782.489349,0.000000,43.000000,274.921736,0.000000,256.713092
1265,6782.489349,0.000000,43.000000,275.423129,0.000000,248.941504
1266,6782.489349,0.000000,43.000000,275.924522,0.000000,241.169916
1267,6782.489349,0.000000,43.000000,276.425914,0.000000,233.398329
1268,6782.489349,0.000000,43.000000,276.927307,0.000000,225.626741
1269,6782.489349,0.000000,43.000000,277.428700,0.000000,217.855153
1270,6782.489349,0.000000,43.000000,277.930093,0.000000,210.083565
1271,6782.489349,0.000000,43.000000,278.431485,0.000000,202.311978
1272,6782.489349,0.000000,43.000000,278.932878,0.000000,194.540390
1273,6782.489349,0.000000,43.000000,279.434271,0.000000,186.768802
1274,6782.489349,0.000000,43.000000,279.935664,0.000000,178.997214
1275,6782.489349,0.000000,43.000000,280.437056,0.000000,171.225627
1276,6782.489349,0.000000,43.000000,280.938449,0.000000,163.454039
1277,6782.489349,0.000000,43.000000,281.439842,0.000000,155.682451
1278,6782.489349,0.000000,43.000000,281.941235,0.000000,147.910864
1279,6782.489349,0.000000,43.000000,282.442627,0.000000,140.139276
1280,6782.489349,0.000000,43.000000,282.944020,0.000000,132.367688
1281,6782.489349,0.000000,43.000000,283.445413,0.000000,124.596100
1282,6782.489349,0.000000,43.000000,283.946806,0.000000,116.824513
1283,6782.489349,0.000000,43.000000,284.448198,0.000000,109.052925
1284,6782.489349,0.000000,43.000000,284.949591,0.000000,101.281337
1285,6782.489349,0.000000,43.000000,285.450984,0.000000,93.509749
1286,6782.489349,0.000000,43.000000,285.952377,0.000000,85.738162
1287,6782.489349,0.000000,43.000000,286.453769,0.000000,77.966574
1288,6782.489349,0.000000,43.000000,286.955162,0.000000,70.194986
1289,6782.489349,0.000000,43.000000,287.456555,0.000000,62.423398
1290,6782.489349,0.000000,43.000000,287.957948,0.000000,54.651811
1291,6782.489349,0.000000,43.000000,288.459340,0.000000,46.880223
1292,6782.489349,0.000000,43.000000,288.960733,0.000000,39.108635
1293,6782.489349,0.000000,43.000000,289.462126,0.000000,31.337047
1294,6782.489349,0.000000,43.000000,289.963519,0.000000,23.565460
1295,6782.489349,0.000000,43.000000,290.464911,0.000000,15.793872
1296,6782.489349,0.000000,43.000000,290.966304,0.000000,8.022284
1297,6782.489349,0.000000,43.000000,291.467697,0.000000,0.250696
1298,6782.489349,0.000000,43.000000,291.969090,0.000000,352.479109
1299,6782.489349,0.000000,43.000000,292.470483,0.000000,344.707521
1300,6782.489349,0.000000,43.000000,292.971875,0.000000,336.935933
1301,6782.489349,0.000000,43.000000,293.473268,0.000000,329.164345
1302,6782.489349,0.000000,43.000000,293.974661,0.000000,321.392758
1303,6782.489349,0.000000,43.000000,294.476054,0.000000,313.621170
1304,6782.489349,0.000000,43.000000,294.977446,0.000000,305.849582
1305,6782.489349,0.000000,43.000000,295.478839,0.000000,298.077994
1306,6782.489349,0.000000,43.000000,295.980232,0.000000,290.306407
1307,6782.489349,0.000000,43.000000,296.481625,0.000000,282.534819
1308,6782.489349,0.000000,43.000000,296.983017,0.000000,274.763231
1309,6782.489349,0.000000,43.000000,297.484410,0.000000,266.991643
1310,6782.489349,0.000000,43.000000,297.985803,0.000000,259.220056
1311,6782.489349,0.000000,43.000000,298.487196,0.000000,251.448468
1312,6782.489349,0.000000,43.000000,298.988588,0.000000,243.676880
1313,6782.489349,0.000000,43.000000,299.489981,0.000000,235.905292
1314,6782.489349,0.000000,43.000000,299.991374,0.000000,228.133705
1315,6782.489349,0.000000,43.000000,300.492767,0.000000,220.362117
1316,6782.489349,0.000000,43.000000,300.994159,0.000000,212.590529
1317,6782.489349,0.000000,43.000000,301.495552,0.000000,204.818942
1318,6782.489349,0.000000,43.000000,301.996945,0.000000,197.047354
1319,6782.489349,0.000000,43.000000,302.498338,0.000000,189.275766
1320,6782.489349,0.000000,43.000000,302.999730,0.000000,181.504178
1321,6782.489349,0.000000,43.000000,303.501123,0.000000,173.732591
1322,6782.489349,0.000000,43.000000,304.002516,0.000000,165.961003
1323,6782.489349,0.000000,43.000000,304.503909,0.000000,158.189415
1324,6782.489349,0.000000,43.000000,305.005301,0.000000,150.417827
1325,6782.489349,0.000000,43.000000,305.506694,0.000000,142.646240
1326,6782.489349,0.000000,43.000000,306.008087,0.000000,134.874652
1327,6782.489349,0.000000,43.000000,306.509480,0.000000,127.103064
1328,6782.489349,0.000000,43.000000,307.010872,0.000000,119.331476
1329,6782.489349,0.000000,43.000000,307.512265,0.000000,111.559889
1330,6782.489349,0.000000,43.000000,308.013658,0.000000,103.788301
1331,6782.489349,0.000000,43.000000,308.515051,0.000000,96.016713
1332,6782.489349,0.000000,43.000000,309.016444,0.000000,88.245125
1333,6782.489349,0.000000,43.000000,309.517836,0.000000,80.473538
1334,6782.489349,0.000000,43.000000,310.019229,0.000000,72.701950
1335,6782.489349,0.000000,43.000000,310.520622,0.000000,64.930362
1336,6782.489349,0.000000,43.000000,311.022015,0.000000,57.158774
1337,6782.489349,0.000000,43.000000,311.523407,0.000000,49.387187
1338,6782.489349,0.000000,43.000000,312.024800,0.000000,41.615599
1339,6782.489349,0.000000,43.000000,312.526193,0.000000,33.844011
1340,6782.489349,0.000000,43.000000,313.027586,0.000000,26.072423
1341,6782.489349,0.000000,43.000000,313.528978,0.000000,18.300836
1342,6782.489349,0.000000,43.000000,314.030371,0.000000,10.529248
1343,6782.489349,0.000000,43.000000,314.531764,0.000000,2.757660
1344,6782.489349,0.000000,43.000000,315.033157,0.000000,354.986072
1345,6782.489349,0.000000,43.000000,315.534549,0.000000,347.214485
1346,6782.489349,0.000000,43.000000,316.035942,0.000000,339.442897
1347,6782.489349,0.000000,43.000000,316.537335,0.000000,331.671309
1348,6782.489349,0.000000,43.000000,317.038728,0.000000,323.899721
1349,6782.489349,0.000000,43.000000,317.540120,0.000000,316.128134
1350,6782.489349,0.000000,43.000000,318.041513,0.000000,308.356546
1351,6782.489349,0.000000,43.000000,318.542906,0.000000,300.584958
1352,6782.489349,0.000000,43.000000,319.044299,0.000000,292.813370
1353,6782.489349,0.000000,43.000000,319.545691,0.000000,285.041783
1354,6782.489349,0.000000,43.000000,320.047084,0.000000,277.270195
1355,6782.489349,0.000000,43.000000,320.548477,0.000000,269.498607
1356,6782.489349,0.000000,43.000000,321.049870,0.000000,261.727019
1357,6782.489349,0.000000,43.000000,321.551262,0.000000,253.955432
1358,6782.489349,0.000000,43.000000,322.052655,0.000000,246.183844
1359,6782.489349,0.000000,43.000000,322.554048,0.000000,238.412256
1360,6782.489349,0.000000,43.000000,323.055441,0.000000,230.640669
1361,6782.489349,0.000000,43.000000,323.556833,0.000000,222.869081
1362,6782.489349,0.000000,43.000000,324.058226,0.000000,215.097493
1363,6782.489349,0.000000,43.000000,324.559619,0.000000,207.325905
1364,6782.489349,0.000000,43.000000,325.061012,0.000000,199.554318
1365,6782.489349,0.000000,43.000000,325.562405,0.000000,191.782730
1366,6782.489349,0.000000,43.000000,326.063797,0.000000,184.011142
1367,6782.489349,0.000000,43.000000,326.565190,0.000000,176.239554
1368,6782.489349,0.000000,43.000000,327.066583,0.000000,168.467967
1369,6782.489349,0.000000,43.000000,327.567976,0.000000,160.696379
1370,6782.489349,0.000000,43.000000,328.069368,0.000000,152.924791
1371,6782.489349,0.000000,43.000000,328.570761,0.000000,145.153203
1372,6782.489349,0.000000,43.000000,329.072154,0.000000,137.381616
1373,6782.489349,0.000000,43.000000,329.573547,0.000000,129.610028
1374,6782.489349,0.000000,43.000000,330.074939,0.000000,121.838440
1375,6782.489349,0.000000,43.000000,330.576332,0.000000,114.066852
1376,6782.489349,0.000000,43.000000,331.077725,0.000000,106.295265
1377,6782.489349,0.000000,43.000000,331.579118,0.000000,98.523677
1378,6782.489349,0.000000,43.000000,332.080510,0.000000,90.752089
1379,6782.489349,0.000000,43.000000,332.581903,0.000000,82.980501
1380,6782.489349,0.000000,43.000000,333.083296,0.000000,75.208914
1381,6782.489349,0.000000,43.000000,333.584689,0.000000,67.437326
1382,6782.489349,0.000000,43.000000,334.086081,0.000000,59.665738
1383,6782.489349,0.000000,43.000000,334.587474,0.000000,51.894150
1384,6782.489349,0.000000,43.000000,335.088867,0.000000,44.122563
1385,6782.489349,0.000000,43.000000,335.590260,0.000000,36.350975
1386,6782.489349,0.000000,43.000000,336.091652,0.000000,28.579387
1387,6782.489349,0.000000,43.000000,336.593045,0.000000,20.807799
1388,6782.489349,0.000000,43.000000,337.094438,0.000000,13.036212
1389,6782.489349,0.000000,43.000000,337.595831,0.000000,5.264624
1390,6782.489349,0.000000,43.000000,338.097223,0.000000,357.493036
1391,6782.489349,0.000000,43.000000,338.598616,0.000000,349.721448
1392,6782.489349,0.000000,43.000000,339.100009,0.000000,341.949861
1393,6782.489349,0.000000,43.000000,339.601402,0.000000,334.178273
1394,6782.489349,0.000000,43.000000,340.102795,0.000000,326.406685
1395,6782.489349,0.000000,43.000000,340.604187,0.000000,318.635097
1396,6782.489349,0.000000,43.000000,341.105580,0.000000,310.863510
1397,6782.489349,0.000000,43.000000,341.606973,0.000000,303.091922
1398,6782.489349,0.000000,43.000000,342.108366,0.000000,295.320334
1399,6782.489349,0.000000,43.000000,342.609758,0.000000,287.548747
1400,6782.489349,0.000000,43.000000,343.111151,0.000000,279.777159
1401,6782.489349,0.000000,43.000000,343.612544,0.000000,272.005571
1402,6782.489349,0.000000,43.000000,344.113937,0.000000,264.233983
1403,6782.489349,0.000000,43.000000,344.615329,0.000000,256.462396
1404,6782.489349,0.000000,43.000000,345.116722,0.000000,248.690808
1405,6782.489349,0.000000,43.000000,345.618115,0.000000,240.919220
1406,6782.489349,0.000000,43.000000,346.119508,0.000000,233.147632
1407,6782.489349,0.000000,43.000000,346.620900,0.000000,225.376045
1408,6782.489349,0.000000,43.000000,347.122293,0.000000,217.604457
1409,6782.489349,0.000000,43.000000,347.623686,0.000000,209.832869
1410,6782.489349,0.000000,43.000000,348.125079,0.000000,202.061281
1411,6782.489349,0.000000,43.000000,348.626471,0.000000,194.289694
1412,6782.489349,0.000000,43.000000,349.127864,0.000000,186.518106
1413,6782.489349,0.000000,43.000000,349.629257,0.000000,178.746518
1414,6782.489349,0.000000,43.000000,350.130650,0.000000,170.974930
1415,6782.489349,0.000000,43.000000,350.632042,0.000000,163.203343
1416,6782.489349,0.000000,43.000000,351.133435,0.000000,155.431755
1417,6782.489349,0.000000,43.000000,351.634828,0.000000,147.660167
1418,6782.489349,0.000000,43.000000,352.136221,0.000000,139.888579
1419,6782.489349,0.000000,43.000000,352.637613,0.000000,132.116992
1420,6782.489349,0.000000,43.000000,353.139006,0.000000,124.345404
1421,6782.489349,0.000000,43.000000,353.640399,0.000000,116.573816
1422,6782.489349,0.000000,43.000000,354.141792,0.000000,108.802228
1423,6782.489349,0.000000,43.000000,354.643184,0.000000,101.030641
1424,6782.489349,0.000000,43.000000,355.144577,0.000000,93.259053
1425,6782.489349,0.000000,43.000000,355.645970,0.000000,85.487465
1426,6782.489349,0.000000,43.000000,356.147363,0.000000,77.715877
1427,6782.489349,0.000000,43.000000,356.648756,0.000000,69.944290
1428,6782.489349,0.000000,43.000000,357.150148,0.000000,62.172702
1429,6782.489349,0.000000,43.000000,357.651541,0.000000,54.401114
1430,6782.489349,0.000000,43.000000,358.152934,0.000000,46.629526
1431,6782.489349,0.000000,43.000000,358.654327,0.000000,38.857939
1432,6782.489349,0.000000,43.000000,359.155719,0.000000,31.086351
1433,6782.489349,0.000000,43.000000,359.657112,0.000000,23.314763
1434,6782.489349,0.000000,43.000000,0.158505,0.000000,15.543175
1435,6782.489349,0.000000,43.000000,0.659898,0.000000,7.771588
1436,6782.489349,0.000000,42.000000,6.967742,0.000000,0.000000
1437,6782.489349,0.000000,42.000000,7.469135,0.000000,352.228412
1438,6782.489349,0.000000,42.000000,7.970527,0.000000,344.456825
1439,6782.489349,0.000000,42.000000,8.471920,0.000000,336.685237
1440,6782.489349,0.000000,42.000000,8.973313,0.000000,328.913649
1441,6782.489349,0.000000,42.000000,9.474706,0.000000,321.142061
1442,6782.489349,0.000000,42.000000,9.976098,0.000000,313.370474
1443,6782.489349,0.000000,42.000000,10.477491,0.000000,305.598886
1444,6782.489349,0.000000,42.000000,10.978884,0.000000,297.827298
1445,6782.489349,0.000000,42.000000,11.480277,0.000000,290.055710
1446,6782.489349,0.000000,42.000000,11.981670,0.000000,282.284123
1447,6782.489349,0.000000,42.000000,12.483062,0.000000,274.512535
1448,6782.489349,0.000000,42.000000,12.984455,0.000000,266.740947
1449,6782.489349,0.000000,42.000000,13.485848,0.000000,258.969359
1450,6782.489349,0.000000,42.000000,13.987241,0.000000,251.197772
1451,6782.489349,0.000000,42.000000,14.488633,0.000000,243.426184
1452,6782.489349,0.000000,42.000000,14.990026,0.000000,235.654596
1453,6782.489349,0.000000,42.000000,15.491419,0.000000,227.883008
1454,6782.489349,0.000000,42.000000,15.992812,0.000000,220.111421
1455,6782.489349,0.000000,42.000000,16.494204,0.000000,212.339833
1456,6782.489349,0.000000,42.000000,16.995597,0.000000,204.568245
1457,6782.489349,0.000000,42.000000,17.496990,0.000000,196.796657
1458,6782.489349,0.000000,42.000000,17.998383,0.000000,189.025070
1459,6782.489349,0.000000,42.000000,18.499775,0.000000,181.253482
1460,6782.489349,0.000000,42.000000,19.001168,0.000000,173.481894
1461,6782.489349,0.000000,42.000000,19.502561,0.000000,165.710306
1462,6782.489349,0.000000,42.000000,20.003954,0.000000,157.938719
1463,6782.489349,0.000000,42.000000,20.505346,0.000000,150.167131
1464,6782.489349,0.000000,42.000000,21.006739,0.000000,142.395543
1465,6782.489349,0.000000,42.000000,21.508132,0.000000,134.623955
1466,6782.489349,0.000000,42.000000,22.009525,0.000000,126.852368
1467,6782.489349,0.000000,42.000000,22.510917,0.000000,119.080780
1468,6782.489349,0.000000,42.000000,23.012310,0.000000,111.309192
1469,6782.489349,0.000000,42.000000,23.513703,0.000000,103.537604
1470,6782.489349,0.000000,42.000000,24.015096,0.000000,95.766017
1471,6782.489349,0.000000,42.000000,24.516488,0.000000,87.994429
1472,6782.489349,0.000000,42.000000,25.017881,0.000000,80.222841
1473,6782.489349,0.000000,42.000000,25.519274,0.000000,72.451253
1474,6782.489349,0.000000,42.000000,26.020667,0.000000,64.679666
1475,6782.489349,0.000000,42.000000,26.522059,0.000000,56.908078
1476,6782.489349,0.000000,42.000000,27.023452,0.000000,49.136490
1477,6782.489349,0.000000,42.000000,27.524845,0.000000,41.364903
1478,6782.489349,0.000000,42.000000,28.026238,0.000000,33.593315
1479,6782.489349,0.000000,42.000000,28.527631,0.000000,25.821727
1480,6782.489349,0.000000,42.000000,29.029023,0.000000,18.050139
1481,6782.489349,0.000000,42.000000,29.530416,0.000000,10.278552
1482,6782.489349,0.000000,42.000000,30.031809,0.000000,2.506964
1483,6782.489349,0.000000,42.000000,30.533202,0.000000,354.735376
1484,6782.489349,0.000000,42.000000,31.034594,0.000000,346.963788
1485,6782.489349,0.000000,42.000000,31.535987,0.000000,339.192201
1486,6782.489349,0.000000,42.000000,32.037380,0.000000,331.420613
1487,6782.489349,0.000000,42.000000,32.538773,0.000000,323.649025
1488,6782.489349,0.000000,42.000000,33.040165,0.000000,315.877437
1489,6782.489349,0.000000,42.000000,33.541558,0.000000,308.105850
1490,6782.489349,0.000000,42.000000,34.042951,0.000000,300.334262
1491,6782.489349,0.000000,42.000000,34.544344,0.000000,292.562674
1492,6782.489349,0.000000,42.000000,35.045736,0.000000,284.791086
1493,6782.489349,0.000000,42.000000,35.547129,0.000000,277.019499
1494,6782.489349,0.000000,42.000000,36.048522,0.000000,269.247911
1495,6782.489349,0.000000,42.000000,36.549915,0.000000,261.476323
1496,6782.489349,0.000000,42.000000,37.051307,0.000000,253.704735
1497,6782.489349,0.000000,42.000000,37.552700,0.000000,245.933148
1498,6782.489349,0.000000,42.000000,38.054093,0.000000,238.161560
1499,6782.489349,0.000000,42.000000,38.555486,0.000000,230.389972
1500,6782.489349,0.000000,42.000000,39.056878,0.000000,222.618384
1501,6782.489349,0.000000,42.000000,39.558271,0.000000,214.846797
1502,6782.489349,0.000000,42.000000,40.059664,0.000000,207.075209
1503,6782.489349,0.000000,42.000000,40.561057,0.000000,199.303621
1504,6782.489349,0.000000,42.000000,41.062449,0.000000,191.532033
1505,6782.489349,0.000000,42.000000,41.563842,0.000000,183.760446
1506,6782.489349,0.000000,42.000000,42.065235,0.000000,175.988858
1507,6782.489349,0.000000,42.000000,42.566628,0.000000,168.217270
1508,6782.489349,0.000000,42.000000,43.068020,0.000000,160.445682
1509,6782.489349,0.000000,42.000000,43.569413,0.000000,152.674095
1510,6782.489349,0.000000,42.000000,44.070806,0.000000,144.902507
1511,6782.489349,0.000000,42.000000,44.572199,0.000000,137.130919
1512,6782.489349,0.000000,42.000000,45.073592,0.000000,129.359331
1513,6782.489349,0.000000,42.000000,45.574984,0.000000,121.587744
1514,6782.489349,0.000000,42.000000,46.076377,0.000000,113.816156
1515,6782.489349,0.000000,42.000000,46.577770,0.000000,106.044568
1516,6782.489349,0.000000,42.000000,47.079163,0.000000,98.272981
1517,6782.489349,0.000000,42.000000,47.580555,0.000000,90.501393
1518,6782.489349,0.000000,42.000000,48.081948,0.000000,82.729805
1519,6782.489349,0.000000,42.000000,48.583341,0.000000,74.958217
1520,6782.489349,0.000000,42.000000,49.084734,0.000000,67.186630
1521,6782.489349,0.000000,42.000000,49.586126,0.000000,59.415042
1522,6782.489349,0.000000,42.000000,50.087519,0.000000,51.643454
1523,6782.489349,0.000000,42.000000,50.588912,0.000000,43.871866
1524,6782.489349,0.000000,42.000000,51.090305,0.000000,36.100279
1525,6782.489349,0.000000,42.000000,51.591697,0.000000,28.328691
1526,6782.489349,0.000000,42.000000,52.093090,0.000000,20.557103
1527,6782.489349,0.000000,42.000000,52.594483,0.000000,12.785515
1528,6782.489349,0.000000,42.000000,53.095876,0.000000,5.013928
1529,6782.489349,0.000000,42.000000,53.597268,0.000000,357.242340
1530,6782.489349,0.000000,42.000000,54.098661,0.000000,349.470752
1531,6782.489349,0.000000,42.000000,54.600054,0.000000,341.699164
1532,6782.489349,0.000000,42.000000,55.101447,0.000000,333.927577
1533,6782.489349,0.000000,42.000000,55.602839,0.000000,326.155989
1534,6782.489349,0.000000,42.000000,56.104232,0.000000,318.384401
1535,6782.489349,0.000000,42.000000,56.605625,0.000000,310.612813
1536,6782.489349,0.000000,42.000000,57.107018,0.000000,302.841226
1537,6782.489349,0.000000,42.000000,57.608410,0.000000,295.069638
1538,6782.489349,0.000000,42.000000,58.109803,0.000000,287.298050
1539,6782.489349,0.000000,42.000000,58.611196,0.000000,279.526462
1540,6782.489349,0.000000,42.000000,59.112589,0.000000,271.754875
1541,6782.489349,0.000000,42.000000,59.613981,0.000000,263.983287
1542,6782.489349,0.000000,42.000000,60.115374,0.000000,256.211699
1543,6782.489349,0.000000,42.000000,60.616767,0.000000,248.440111
1544,6782.489349,0.000000,42.000000,61.118160,0.000000,240.668524
1545,6782.489349,0.000000,42.000000,61.619553,0.000000,232.896936
1546,6782.489349,0.000000,42.000000,62.120945,0.000000,225.125348
1547,6782.489349,0.000000,42.000000,62.622338,0.000000,217.353760
1548,6782.489349,0.000000,42.000000,63.123731,0.000000,209.582173
1549,6782.489349,0.000000,42.000000,63.625124,0.000000,201.810585
1550,6782.489349,0.000000,42.000000,64.126516,0.000000,194.038997
1551,6782.489349,0.000000,42.000000,64.627909,0.000000,186.267409
1552,6782.489349,0.000000,42.000000,65.129302,0.000000,178.495822
1553,6782.489349,0.000000,42.000000,65.630695,0.000000,170.724234
1554,6782.489349,0.000000,42.000000,66.132087,0.000000,162.952646
1555,6782.489349,0.000000,42.000000,66.633480,0.000000,155.181058
1556,6782.489349,0.000000,42.000000,67.134873,0.000000,147.409471
1557,6782.489349,0.000000,42.000000,67.636266,0.000000,139.637883
1558,6782.489349,0.000000,42.000000,68.137658,0.000000,131.866295
1559,6782.489349,0.000000,42.000000,68.639051,0.000000,124.094708
1560,6782.489349,0.000000,42.000000,69.140444,0.000000,116.323120
1561,6782.489349,0.000000,42.000000,69.641837,0.000000,108.551532
1562,6782.489349,0.000000,42.000000,70.143229,0.000000,100.779944
1563,6782.489349,0.000000,42.000000,70.644622,0.000000,93.008357
1564,6782.489349,0.000000,42.000000,71.146015,0.000000,85.236769
1565,6782.489349,0.000000,42.000000,71.647408,0.000000,77.465181
1566,6782.489349,0.000000,42.000000,72.148800,0.000000,69.693593
1567,6782.489349,0.000000,42.000000,72.650193,0.000000,61.922006
1568,6782.489349,0.000000,42.000000,73.151586,0.000000,54.150418
1569,6782.489349,0.000000,42.000000,73.652979,0.000000,46.378830
1570,6782.489349,0.000000,42.000000,74.154371,0.000000,38.607242
1571,6782.489349,0.000000,42.000000,74.655764,0.000000,30.835655
1572,6782.489349,0.000000,42.000000,75.157157,0.000000,23.064067
1573,6782.489349,0.000000,42.000000,75.658550,0.000000,15.292479
1574,6782.489349,0.000000,42.000000,76.159942,0.000000,7.520891
1575,6782.489349,0.000000,42.000000,76.661335,0.000000,359.749304
1576,6782.489349,0.000000,42.000000,77.162728,0.000000,351.977716
1577,6782.489349,0.000000,42.000000,77.664121,0.000000,344.206128
1578,6782.489349,0.000000,42.000000,78.165514,0.000000,336.434540
1579,6782.489349,0.000000,42.000000,78.666906,0.000000,328.662953
1580,6782.489349,0.000000,42.000000,79.168299,0.000000,320.891365
1581,6782.489349,0.000000,42.000000,79.669692,0.000000,313.119777
1582,6782.489349,0.000000,42.000000,80.171085,0.000000,305.348189
1583,6782.489349,0.000000,42.000000,80.672477,0.000000,297.576602
1584,6782.489349,0.000000,42.000000,81.173870,0.000000,289.805014
1585,6782.489349,0.000000,42.000000,81.675263,0.000000,282.033426
1586,6782.489349,0.000000,42.000000,82.176656,0.000000,274.261838
1587,6782.489349,0.000000,42.000000,82.678048,0.000000,266.490251
1588,6782.489349,0.000000,42.000000,83.179441,0.000000,258.718663
1589,6782.489349,0.000000,42.000000,83.680834,0.000000,250.947075
1590,6782.489349,0.000000,42.000000,84.182227,0.000000,243.175487
1591,6782.489349,0.000000,42.000000,84.683619,0.000000,235.403900
1592,6782.489349,0.000000,42.000000,85.185012,0.000000,227.632312
1593,6782.489349,0.000000,42.000000,85.686405,0.000000,219.860724
1594,6782.489349,0.000000,42.000000,86.187798,0.000000,212.089136
1595,6782.489349,0.000000,42.000000,86.689190,0.000000,204.317549
1596,6782.489349,0.000000,42.000000,87.190583,0.000000,196.545961
1597,6782.489349,0.000000,42.000000,87.691976,0.000000,188.774373
1598,6782.489349,0.000000,42.000000,88.193369,0.000000,181.002786
1599,6782.489349,0.000000,42.000000,88.694761,0.000000,173.231198
1600,6782.489349,0.000000,42.000000,89.196154,0.000000,165.459610
1601,6782.489349,0.000000,42.000000,89.697547,0.000000,157.688022
1602,6782.489349,0.000000,42.000000,90.198940,0.000000,149.916435
1603,6782.489349,0.000000,42.000000,90.700332,0.000000,142.144847
1604,6782.489349,0.000000,42.000000,91.201725,0.000000,134.373259
1605,6782.489349,0.000000,42.000000,91.703118,0.000000,126.601671
1606,6782.489349,0.000000,42.000000,92.204511,0.000000,118.830084
1607,6782.489349,0.000000,42.000000,92.705903,0.000000,111.058496
1608,6782.489349,0.000000,42.000000,93.207296,0.000000,103.286908
1609,6782.489349,0.000000,42.000000,93.708689,0.000000,95.515320
1610,6782.489349,0.000000,42.000000,94.210082,0.000000,87.743733
1611,6782.489349,0.000000,42.000000,94.711475,0.000000,79.972145
1612,6782.489349,0.000000,42.000000,95.212867,0.000000,72.200557
1613,6782.489349,0.000000,42.000000,95.714260,0.000000,64.428969
1614,6782.489349,0.000000,42.000000,96.215653,0.000000,56.657382
1615,6782.489349,0.000000,42.000000,96.717046,0.000000,48.885794
1616,6782.489349,0.000000,42.000000,97.218438,0.000000,41.114206
1617,6782.489349,0.000000,42.000000,97.719831,0.000000,33.342618
1618,6782.489349,0.000000,42.000000,98.221224,0.000000,25.571031
1619,6782.489349,0.000000,42.000000,98.722617,0.000000,17.799443
1620,6782.489349,0.000000,42.000000,99.224009,0.000000,10.027855
1621,6782.489349,0.000000,42.000000,99.725402,0.000000,2.256267
1622,6782.489349,0.000000,42.000000,100.226795,0.000000,354.484680
1623,6782.489349,0.000000,42.000000,100.728188,0.000000,346.713092
1624,6782.489349,0.000000,42.000000,101.229580,0.000000,338.941504
1625,6782.489349,0.000000,42.000000,101.730973,0.000000,331.169916
1626,6782.489349,0.000000,42.000000,102.232366,0.000000,323.398329
1627,6782.489349,0.000000,42.000000,102.733759,0.000000,315.626741
1628,6782.489349,0.000000,42.000000,103.235151,0.000000,307.855153
1629,6782.489349,0.000000,42.000000,103.736544,0.000000,300.083565
1630,6782.489349,0.000000,42.000000,104.237937,0.000000,292.311978
1631,6782.489349,0.000000,42.000000,104.739330,0.000000,284.540390
1632,6782.489349,0.000000,42.000000,105.240722,0.000000,276.768802
1633,6782.489349,0.000000,42.000000,105.742115,0.000000,268.997214
1634,6782.489349,0.000000,42.000000,106.243508,0.000000,261.225627
1635,6782.489349,0.000000,42.000000,106.744901,0.000000,253.454039
1636,6782.489349,0.000000,42.000000,107.246293,0.000000,245.682451
1637,6782.489349,0.000000,42.000000,107.747686,0.000000,237.910864
1638,6782.489349,0.000000,42.000000,108.249079,0.000000,230.139276
1639,6782.489349,0.000000,42.000000,108.750472,0.000000,222.367688
1640,6782.489349,0.000000,42.000000,109.251864,0.000000,214.596100
1641,6782.489349,0.000000,42.000000,109.753257,0.000000,206.824513
1642,6782.489349,0.000000,42.000000,110.254650,0.000000,199.052925
1643,6782.489349,0.000000,42.000000,110.756043,0.000000,191.281337
1644,6782.489349,0.000000,42.000000,111.257436,0.000000,183.509749
1645,6782.489349,0.000000,42.000000,111.758828,0.000000,175.738162
1646,6782.489349,0.000000,42.000000,112.260221,0.000000,167.966574
1647,6782.489349,0.000000,42.000000,112.761614,0.000000,160.194986
1648,6782.489349,0.000000,42.000000,113.263007,0.000000,152.423398
1649,6782.489349,0.000000,42.000000,113.764399,0.000000,144.651811
1650,6782.489349,0.000000,42.000000,114.265792,0.000000,136.880223
1651,6782.489349,0.000000,42.000000,114.767185,0.000000,129.108635
1652,6782.489349,0.000000,42.000000,115.268578,0.000000,121.337047
1653,6782.489349,0.000000,42.000000,115.769970,0.000000,113.565460
1654,6782.489349,0.000000,42.000000,116.271363,0.000000,105.793872
1655,6782.489349,0.000000,42.000000,116.772756,0.000000,98.022284
1656,6782.489349,0.000000,42.000000,117.274149,0.000000,90.250696
1657,6782.489349,0.000000,42.000000,117.775541,0.000000,82.479109
1658,6782.489349,0.000000,42.000000,118.276934,0.000000,74.707521
1659,6782.489349,0.000000,42.000000,118.778327,0.000000,66.935933
1660,6782.489349,0.000000,42.000000,119.279720,0.000000,59.164345
1661,6782.489349,0.000000,42.000000,119.781112,0.000000,51.392758
1662,6782.489349,0.000000,42.000000,120.282505,0.000000,43.621170
1663,6782.489349,0.000000,42.000000,120.783898,0.000000,35.849582
1664,6782.489349,0.000000,42.000000,121.285291,0.000000,28.077994
1665,6782.489349,0.000000,42.000000,121.786683,0.000000,20.306407
1666,6782.489349,0.000000,42.000000,122.288076,0.000000,12.534819
1667,6782.489349,0.000000,42.000000,122.789469,0.000000,4.763231
1668,6782.489349,0.000000,42.000000,123.290862,0.000000,356.991643
1669,6782.489349,0.000000,42.000000,123.792254,0.000000,349.220056
1670,6782.489349,0.000000,42.000000,124.293647,0.000000,341.448468
1671,6782.489349,0.000000,42.000000,124.795040,0.000000,333.676880
1672,6782.489349,0.000000,42.000000,125.296433,0.000000,325.905292
1673,6782.489349,0.000000,42.000000,125.797826,0.000000,318.133705
1674,6782.489349,0.000000,42.000000,126.299218,0.000000,310.362117
1675,6782.489349,0.000000,42.000000,126.800611,0.000000,302.590529
1676,6782.489349,0.000000,42.000000,127.302004,0.000000,294.818942
1677,6782.489349,0.000000,42.000000,127.803397,0.000000,287.047354
1678,6782.489349,0.000000,42.000000,128.304789,0.000000,279.275766
1679,6782.489349,0.000000,42.000000,128.806182,0.000000,271.504178
1680,6782.489349,0.000000,42.000000,129.307575,0.000000,263.732591
1681,6782.489349,0.000000,42.000000,129.808968,0.000000,255.961003
1682,6782.489349,0.000000,42.000000,130.310360,0.000000,248.189415
1683,6782.489349,0.000000,42.000000,130.811753,0.000000,240.417827
1684,6782.489349,0.000000,42.000000,131.313146,0.000000,232.646240
1685,6782.489349,0.000000,42.000000,131.814539,0.000000,224.874652
1686,6782.489349,0.000000,42.000000,132.315931,0.000000,217.103064
1687,6782.489349,0.000000,42.000000,132.817324,0.000000,209.331476
1688,6782.489349,0.000000,42.000000,133.318717,0.000000,201.559889
1689,6782.489349,0.000000,42.000000,133.820110,0.000000,193.788301
1690,6782.489349,0.000000,42.000000,134.321502,0.000000,186.016713
1691,6782.489349,0.000000,42.000000,134.822895,0.000000,178.245125
1692,6782.489349,0.000000,42.000000,135.324288,0.000000,170.473538
1693,6782.489349,0.000000,42.000000,135.825681,0.000000,162.701950
1694,6782.489349,0.000000,42.000000,136.327073,0.000000,154.930362
1695,6782.489349,0.000000,42.000000,136.828466,0.000000,147.158774
1696,6782.489349,0.000000,42.000000,137.329859,0.000000,139.387187
1697,6782.489349,0.000000,42.000000,137.831252,0.000000,131.615599
1698,6782.489349,0.000000,42.000000,138.332644,0.000000,123.844011
1699,6782.489349,0.000000,42.000000,138.834037,0.000000,116.072423
1700,6782.489349,0.000000,42.000000,139.335430,0.000000,108.300836
1701,6782.489349,0.000000,42.000000,139.836823,0.000000,100.529248
1702,6782.489349,0.000000,42.000000,140.338215,0.000000,92.757660
1703,6782.489349,0.000000,42.000000,140.839608,0.000000,84.986072
1704,6782.489349,0.000000,42.000000,141.341001,0.000000,77.214485
1705,6782.489349,0.000000,42.000000,141.842394,0.000000,69.442897
1706,6782.489349,0.000000,42.000000,142.343787,0.000000,61.671309
1707,6782.489349,0.000000,42.000000,142.845179,0.000000,53.899721
1708,6782.489349,0.000000,42.000000,143.346572,0.000000,46.128134
1709,6782.489349,0.000000,42.000000,143.847965,0.000000,38.356546
1710,6782.489349,0.000000,42.000000,144.349358,0.000000,30.584958
1711,6782.489349,0.000000,42.000000,144.850750,0.000000,22.813370
1712,6782.489349,0.000000,42.000000,145.352143,0.000000,15.041783
1713,6782.489349,0.000000,42.000000,145.853536,0.000000,7.270195
1714,6782.489349,0.000000,42.000000,146.354929,0.000000,359.498607
1715,6782.489349,0.000000,42.000000,146.856321,0.000000,351.727019
1716,6782.489349,0.000000,42.000000,147.357714,0.000000,343.955432
1717,6782.489349,0.000000,42.000000,147.859107,0.000000,336.183844
1718,6782.489349,0.000000,42.000000,148.360500,0.000000,328.412256
1719,6782.489349,0.000000,42.000000,148.861892,0.000000,320.640669
1720,6782.489349,0.000000,42.000000,149.363285,0.000000,312.869081
1721,6782.489349,0.000000,42.000000,149.864678,0.000000,305.097493
1722,6782.489349,0.000000,42.000000,150.366071,0.000000,297.325905
1723,6782.489349,0.000000,42.000000,150.867463,0.000000,289.554318
1724,6782.489349,0.000000,42.000000,151.368856,0.000000,281.782730
1725,6782.489349,0.000000,42.000000,151.870249,0.000000,274.011142
1726,6782.489349,0.000000,42.000000,152.371642,0.000000,266.239554
1727,6782.489349,0.000000,42.000000,152.873034,0.000000,258.467967
1728,6782.489349,0.000000,42.000000,153.374427,0.000000,250.696379
1729,6782.489349,0.000000,42.000000,153.875820,0.000000,242.924791
1730,6782.489349,0.000000,42.000000,154.377213,0.000000,235.153203
1731,6782.489349,0.000000,42.000000,154.878605,0.000000,227.381616
1732,6782.489349,0.000000,42.000000,155.379998,0.000000,219.610028
1733,6782.489349,0.000000,42.000000,155.881391,0.000000,211.838440
1734,6782.489349,0.000000,42.000000,156.382784,0.000000,204.066852
1735,6782.489349,0.000000,42.000000,156.884176,0.000000,196.295265
1736,6782.489349,0.000000,42.000000,157.385569,0.000000,188.523677
1737,6782.489349,0.000000,42.000000,157.886962,0.000000,180.752089
1738,6782.489349,0.000000,42.000000,158.388355,0.000000,172.980501
1739,6782.489349,0.000000,42.000000,158.889748,0.000000,165.208914
1740,6782.489349,0.000000,42.000000,159.391140,0.000000,157.437326
1741,6782.489349,0.000000,42.000000,159.892533,0.000000,149.665738
1742,6782.489349,0.000000,42.000000,160.393926,0.000000,141.894150
1743,6782.489349,0.000000,42.000000,160.895319,0.000000,134.122563
1744,6782.489349,0.000000,42.000000,161.396711,0.000000,126.350975
1745,6782.489349,0.000000,42.000000,161.898104,0.000000,118.579387
1746,6782.489349,0.000000,42.000000,162.399497,0.000000,110.807799
1747,6782.489349,0.000000,42.000000,162.900890,0.000000,103.036212
1748,6782.489349,0.000000,42.000000,163.402282,0.000000,95.264624
1749,6782.489349,0.000000,42.000000,163.903675,0.000000,87.493036
1750,6782.489349,0.000000,42.000000,164.405068,0.000000,79.721448
1751,6782.489349,0.000000,42.000000,164.906461,0.000000,71.949861
1752,6782.489349,0.000000,42.000000,165.407853,0.000000,64.178273
1753,6782.489349,0.000000,42.000000,165.909246,0.000000,56.406685
1754,6782.489349,0.000000,42.000000,166.410639,0.000000,48.635097
1755,6782.489349,0.000000,42.000000,166.912032,0.000000,40.863510
1756,6782.489349,0.000000,42.000000,167.413424,0.000000,33.091922
1757,6782.489349,0.000000,42.000000,167.914817,0.000000,25.320334
1758,6782.489349,0.000000,42.000000,168.416210,0.000000,17.548747
1759,6782.489349,0.000000,42.000000,168.917603,0.000000,9.777159
1760,6782.489349,0.000000,42.000000,169.418995,0.000000,2.005571
1761,6782.489349,0.000000,42.000000,169.920388,0.000000,354.233983
1762,6782.489349,0.000000,42.000000,170.421781,0.000000,346.462396
1763,6782.489349,0.000000,42.000000,170.923174,0.000000,338.690808
1764,6782.489349,0.000000,42.000000,171.424566,0.000000,330.919220
1765,6782.489349,0.000000,42.000000,171.925959,0.000000,323.147632
1766,6782.489349,0.000000,42.000000,172.427352,0.000000,315.376045
1767,6782.489349,0.000000,42.000000,172.928745,0.000000,307.604457
1768,6782.489349,0.000000,42.000000,173.430137,0.000000,299.832869
1769,6782.489349,0.000000,42.000000,173.931530,0.000000,292.061281
1770,6782.489349,0.000000,42.000000,174.432923,0.000000,284.289694
1771,6782.489349,0.000000,42.000000,174.934316,0.000000,276.518106
1772,6782.489349,0.000000,42.000000,175.435709,0.000000,268.746518
1773,6782.489349,0.000000,42.000000,175.937101,0.000000,260.974930
1774,6782.489349,0.000000,42.000000,176.438494,0.000000,253.203343
1775,6782.489349,0.000000,42.000000,176.939887,0.000000,245.431755
1776,6782.489349,0.000000,42.000000,177.441280,0.000000,237.660167
1777,6782.489349,0.000000,42.000000,177.942672,0.000000,229.888579
1778,6782.489349,0.000000,42.000000,178.444065,0.000000,222.116992
1779,6782.489349,0.000000,42.000000,178.945458,0.000000,214.345404
1780,6782.489349,0.000000,42.000000,179.446851,0.000000,206.573816
1781,6782.489349,0.000000,42.000000,179.948243,0.000000,198.802228
1782,6782.489349,0.000000,42.000000,180.449636,0.000000,191.030641
1783,6782.489349,0.000000,42.000000,180.951029,0.000000,183.259053
1784,6782.489349,0.000000,42.000000,181.452422,0.000000,175.487465
1785,6782.489349,0.000000,42.000000,181.953814,0.000000,167.715877
1786,6782.489349,0.000000,42.000000,182.455207,0.000000,159.944290
1787,6782.489349,0.000000,42.000000,182.956600,0.000000,152.172702
1788,6782.489349,0.000000,42.000000,183.457993,0.000000,144.401114
1789,6782.489349,0.000000,42.000000,183.959385,0.000000,136.629526
1790,6782.489349,0.000000,42.000000,184.460778,0.000000,128.857939
1791,6782.489349,0.000000,42.000000,184.962171,0.000000,121.086351
1792,6782.489349,0.000000,42.000000,185.463564,0.000000,113.314763
1793,6782.489349,0.000000,42.000000,185.964956,0.000000,105.543175
1794,6782.489349,0.000000,42.000000,186.466349,0.000000,97.771588
1795,6782.489349,0.000000,42.000000,186.967742,0.000000,90.000000
1796,6782.489349,0.000000,42.000000,187.469135,0.000000,82.228412
1797,6782.489349,0.000000,42.000000,187.970527,0.000000,74.456825
1798,6782.489349,0.000000,42.000000,188.471920,0.000000,66.685237
1799,6782.489349,0.000000,42.000000,188.973313,0.000000,58.913649
1800,6782.489349,0.000000,42.000000,189.474706,0.000000,51.142061
1801,6782.489349,0.000000,42.000000,189.976098,0.000000,43.370474
1802,6782.489349,0.000000,42.000000,190.477491,0.000000,35.598886
1803,6782.489349,0.000000,42.000000,190.978884,0.000000,27.827298
1804,6782.489349,0.000000,42.000000,191.480277,0.000000,20.055710
1805,6782.489349,0.000000,42.000000,191.981670,0.000000,12.284123
1806,6782.489349,0.000000,42.000000,192.483062,0.000000,4.512535
1807,6782.489349,0.000000,42.000000,192.984455,0.000000,356.740947
1808,6782.489349,0.000000,42.000000,193.485848,0.000000,348.969359
1809,6782.489349,0.000000,42.000000,193.987241,0.000000,341.197772
1810,6782.489349,0.000000,42.000000,194.488633,0.000000,333.426184
1811,6782.489349,0.000000,42.000000,194.990026,0.000000,325.654596
1812,6782.489349,0.000000,42.000000,195.491419,0.000000,317.883008
1813,6782.489349,0.000000,42.000000,195.992812,0.000000,310.111421
1814,6782.489349,0.000000,42.000000,196.494204,0.000000,302.339833
1815,6782.489349,0.000000,42.000000,196.995597,0.000000,294.568245
1816,6782.489349,0.000000,42.000000,197.496990,0.000000,286.796657
1817,6782.489349,0.000000,42.000000,197.998383,0.000000,279.025070
1818,6782.489349,0.000000,42.000000,198.499775,0.000000,271.253482
1819,6782.489349,0.000000,42.000000,199.001168,0.000000,263.481894
1820,6782.489349,0.000000,42.000000,199.502561,0.000000,255.710306
1821,6782.489349,0.000000,42.000000,200.003954,0.000000,247.938719
1822,6782.489349,0.000000,42.000000,200.505346,0.000000,240.167131
1823,6782.489349,0.000000,42.000000,201.006739,0.000000,232.395543
1824,6782.489349,0.000000,42.000000,201.508132,0.000000,224.623955
1825,6782.489349,0.000000,42.000000,202.009525,0.000000,216.852368
1826,6782.489349,0.000000,42.000000,202.510917,0.000000,209.080780
1827,6782.489349,0.000000,42.000000,203.012310,0.000000,201.309192
1828,6782.489349,0.000000,42.000000,203.513703,0.000000,193.537604
1829,6782.489349,0.000000,42.000000,204.015096,0.000000,185.766017
1830,6782.489349,0.000000,42.000000,204.516488,0.000000,177.994429
1831,6782.489349,0.000000,42.000000,205.017881,0.000000,170.222841
1832,6782.489349,0.000000,42.000000,205.519274,0.000000,162.451253
1833,6782.489349,0.000000,42.000000,206.020667,0.000000,154.679666
1834,6782.489349,0.000000,42.000000,206.522059,0.000000,146.908078
1835,6782.489349,0.000000,42.000000,207.023452,0.000000,139.136490
1836,6782.489349,0.000000,42.000000,207.524845,0.000000,131.364903
1837,6782.489349,0.000000,42.000000,208.026238,0.000000,123.593315
1838,6782.489349,0.000000,42.000000,208.527631,0.000000,115.821727
1839,6782.489349,0.000000,42.000000,209.029023,0.000000,108.050139
1840,6782.489349,0.000000,42.000000,209.530416,0.000000,100.278552
1841,6782.489349,0.000000,42.000000,210.031809,0.000000,92.506964
1842,6782.489349,0.000000,42.000000,210.533202,0.000000,84.735376
1843,6782.489349,0.000000,42.000000,211.034594,0.000000,76.963788
1844,6782.489349,0.000000,42.000000,211.535987,0.000000,69.192201
1845,6782.489349,0.000000,42.000000,212.037380,0.000000,61.420613
1846,6782.489349,0.000000,42.000000,212.538773,0.000000,53.649025
1847,6782.489349,0.000000,42.000000,213.040165,0.000000,45.877437
1848,6782.489349,0.000000,42.000000,213.541558,0.000000,38.105850
1849,6782.489349,0.000000,42.000000,214.042951,0.000000,30.334262
1850,6782.489349,0.000000,42.000000,214.544344,0.000000,22.562674
1851,6782.489349,0.000000,42.000000,215.045736,0.000000,14.791086
1852,6782.489349,0.000000,42.000000,215.547129,0.000000,7.019499
1853,6782.489349,0.000000,42.000000,216.048522,0.000000,359.247911
1854,6782.489349,0.000000,42.000000,216.549915,0.000000,351.476323
1855,6782.489349,0.000000,42.000000,217.051307,0.000000,343.704735
1856,6782.489349,0.000000,42.000000,217.552700,0.000000,335.933148
1857,6782.489349,0.000000,42.000000,218.054093,0.000000,328.161560
1858,6782.489349,0.000000,42.000000,218.555486,0.000000,320.389972
1859,6782.489349,0.000000,42.000000,219.056878,0.000000,312.618384
1860,6782.489349,0.000000,42.000000,219.558271,0.000000,304.846797
1861,6782.489349,0.000000,42.000000,220.059664,0.000000,297.075209
1862,6782.489349,0.000000,42.000000,220.561057,0.000000,289.303621
1863,6782.489349,0.000000,42.000000,221.062449,0.000000,281.532033
1864,6782.489349,0.000000,42.000000,221.563842,0.000000,273.760446
1865,6782.489349,0.000000,42.000000,222.065235,0.000000,265.988858
1866,6782.489349,0.000000,42.000000,222.566628,0.000000,258.217270
1867,6782.489349,0.000000,42.000000,223.068020,0.000000,250.445682
1868,6782.489349,0.000000,42.000000,223.569413,0.000000,242.674095
1869,6782.489349,0.000000,42.000000,224.070806,0.000000,234.902507
1870,6782.489349,0.000000,42.000000,224.572199,0.000000,227.130919
1871,6782.489349,0.000000,42.000000,225.073592,0.000000,219.359331
1872,6782.489349,0.000000,42.000000,225.574984,0.000000,211.587744
1873,6782.489349,0.000000,42.000000,226.076377,0.000000,203.816156
1874,6782.489349,0.000000,42.000000,226.577770,0.000000,196.044568
1875,6782.489349,0.000000,42.000000,227.079163,0.000000,188.272981
1876,6782.489349,0.000000,42.000000,227.580555,0.000000,180.501393
1877,6782.489349,0.000000,42.000000,228.081948,0.000000,172.729805
1878,6782.489349,0.000000,42.000000,228.583341,0.000000,164.958217
1879,6782.489349,0.000000,42.000000,229.084734,0.000000,157.186630
1880,6782.489349,0.000000,42.000000,229.586126,0.000000,149.415042
1881,6782.489349,0.000000,42.000000,230.087519,0.000000,141.643454
1882,6782.489349,0.000000,42.000000,230.588912,0.000000,133.871866
1883,6782.489349,0.000000,42.000000,231.090305,0.000000,126.100279
1884,6782.489349,0.000000,42.000000,231.591697,0.000000,118.328691
1885,6782.489349,0.000000,42.000000,232.093090,0.000000,110.557103
1886,6782.489349,0.000000,42.000000,232.594483,0.000000,102.785515
1887,6782.489349,0.000000,42.000000,233.095876,0.000000,95.013928
1888,6782.489349,0.000000,42.000000,233.597268,0.000000,87.242340
1889,6782.489349,0.000000,42.000000,234.098661,0.000000,79.470752
1890,6782.489349,0.000000,42.000000,234.600054,0.000000,71.699164
1891,6782.489349,0.000000,42.000000,235.101447,0.000000,63.927577
1892,6782.489349,0.000000,42.000000,235.602839,0.000000,56.155989
1893,6782.489349,0.000000,42.000000,236.104232,0.000000,48.384401
1894,6782.489349,0.000000,42.000000,236.605625,0.000000,40.612813
1895,6782.489349,0.000000,42.000000,237.107018,0.000000,32.841226
1896,6782.489349,0.000000,42.000000,237.608410,0.000000,25.069638
1897,6782.489349,0.000000,42.000000,238.109803,0.000000,17.298050
1898,6782.489349,0.000000,42.000000,238.611196,0.000000,9.526462
1899,6782.489349,0.000000,42.000000,239.112589,0.000000,1.754875
1900,6782.489349,0.000000,42.000000,239.613981,0.000000,353.983287
1901,6782.489349,0.000000,42.000000,240.115374,0.000000,346.211699
1902,6782.489349,0.000000,42.000000,240.616767,0.000000,338.440111
1903,6782.489349,0.000000,42.000000,241.118160,0.000000,330.668524
1904,6782.489349,0.000000,42.000000,241.619553,0.000000,322.896936
1905,6782.489349,0.000000,42.000000,242.120945,0.000000,315.125348
1906,6782.489349,0.000000,42.000000,242.622338,0.000000,307.353760
1907,6782.489349,0.000000,42.000000,243.123731,0.000000,299.582173
1908,6782.489349,0.000000,42.000000,243.625124,0.000000,291.810585
1909,6782.489349,0.000000,42.000000,244.126516,0.000000,284.038997
1910,6782.489349,0.000000,42.000000,244.627909,0.000000,276.267409
1911,6782.489349,0.000000,42.000000,245.129302,0.000000,268.495822
1912,6782.489349,0.000000,42.000000,245.630695,0.000000,260.724234
1913,6782.489349,0.000000,42.000000,246.132087,0.000000,252.952646
1914,6782.489349,0.000000,42.000000,246.633480,0.000000,245.181058
1915,6782.489349,0.000000,42.000000,247.134873,0.000000,237.409471
1916,6782.489349,0.000000,42.000000,247.636266,0.000000,229.637883
1917,6782.489349,0.000000,42.000000,248.137658,0.000000,221.866295
1918,6782.489349,0.000000,42.000000,248.639051,0.000000,214.094708
1919,6782.489349,0.000000,42.000000,249.140444,0.000000,206.323120
1920,6782.489349,0.000000,42.000000,249.641837,0.000000,198.551532
1921,6782.489349,0.000000,42.000000,250.143229,0.000000,190.779944
1922,6782.489349,0.000000,42.000000,250.644622,0.000000,183.008357
1923,6782.489349,0.000000,42.000000,251.146015,0.000000,175.236769
1924,6782.489349,0.000000,42.000000,251.647408,0.000000,167.465181
1925,6782.489349,0.000000,42.000000,252.148800,0.000000,159.693593
1926,6782.489349,0.000000,42.000000,252.650193,0.000000,151.922006
1927,6782.489349,0.000000,42.000000,253.151586,0.000000,144.150418
1928,6782.489349,0.000000,42.000000,253.652979,0.000000,136.378830
1929,6782.489349,0.000000,42.000000,254.154371,0.000000,128.607242
1930,6782.489349,0.000000,42.000000,254.655764,0.000000,120.835655
1931,6782.489349,0.000000,42.000000,255.157157,0.000000,113.064067
1932,6782.489349,0.000000,42.000000,255.658550,0.000000,105.292479
1933,6782.489349,0.000000,42.000000,256.159942,0.000000,97.520891
1934,6782.489349,0.000000,42.000000,256.661335,0.000000,89.749304
1935,6782.489349,0.000000,42.000000,257.162728,0.000000,81.977716
1936,6782.489349,0.000000,42.000000,257.664121,0.000000,74.206128
1937,6782.489349,0.000000,42.000000,258.165514,0.000000,66.434540
1938,6782.489349,0.000000,42.000000,258.666906,0.000000,58.662953
1939,6782.489349,0.000000,42.000000,259.168299,0.000000,50.891365
1940,6782.489349,0.000000,42.000000,259.669692,0.000000,43.119777
1941,6782.489349,0.000000,42.000000,260.171085,0.000000,35.348189
1942,6782.489349,0.000000,42.000000,260.672477,0.000000,27.576602
1943,6782.489349,0.000000,42.000000,261.173870,0.000000,19.805014
1944,6782.489349,0.000000,42.000000,261.675263,0.000000,12.033426
1945,6782.489349,0.000000,42.000000,262.176656,0.000000,4.261838
1946,6782.489349,0.000000,42.000000,262.678048,0.000000,356.490251
1947,6782.489349,0.000000,42.000000,263.179441,0.000000,348.718663
1948,6782.489349,0.000000,42.000000,263.680834,0.000000,340.947075
1949,6782.489349,0.000000,42.000000,264.182227,0.000000,333.175487
1950,6782.489349,0.000000,42.000000,264.683619,0.000000,325.403900
1951,6782.489349,0.000000,42.000000,265.185012,0.000000,317.632312
1952,6782.489349,0.000000,42.000000,265.686405,0.000000,309.860724
1953,6782.489349,0.000000,42.000000,266.187798,0.000000,302.089136
1954,6782.489349,0.000000,42.000000,266.689190,0.000000,294.317549
1955,6782.489349,0.000000,42.000000,267.190583,0.000000,286.545961
1956,6782.489349,0.000000,42.000000,267.691976,0.000000,278.774373
1957,6782.489349,0.000000,42.000000,268.193369,0.000000,271.002786
1958,6782.489349,0.000000,42.000000,268.694761,0.000000,263.231198
1959,6782.489349,0.000000,42.000000,269.196154,0.000000,255.459610
1960,6782.489349,0.000000,42.000000,269.697547,0.000000,247.688022
1961,6782.489349,0.000000,42.000000,270.198940,0.000000,239.916435
1962,6782.489349,0.000000,42.000000,270.700332,0.000000,232.144847
1963,6782.489349,0.000000,42.000000,271.201725,0.000000,224.373259
1964,6782.489349,0.000000,42.000000,271.703118,0.000000,216.601671
1965,6782.489349,0.000000,42.000000,272.204511,0.000000,208.830084
1966,6782.489349,0.000000,42.000000,272.705903,0.000000,201.058496
1967,6782.489349,0.000000,42.000000,273.207296,0.000000,193.286908
1968,6782.489349,0.000000,42.000000,273.708689,0.000000,185.515320
1969,6782.489349,0.000000,42.000000,274.210082,0.000000,177.743733
1970,6782.489349,0.000000,42.000000,274.711475,0.000000,169.972145
1971,6782.489349,0.000000,42.000000,275.212867,0.000000,162.200557
1972,6782.489349,0.000000,42.000000,275.714260,0.000000,154.428969
1973,6782.489349,0.000000,42.000000,276.215653,0.000000,146.657382
1974,6782.489349,0.000000,42.000000,276.717046,0.000000,138.885794
1975,6782.489349,0.000000,42.000000,277.218438,0.000000,131.114206
1976,6782.489349,0.000000,42.000000,277.719831,0.000000,123.342618
1977,6782.489349,0.000000,42.000000,278.221224,0.000000,115.571031
1978,6782.489349,0.000000,42.000000,278.722617,0.000000,107.799443
1979,6782.489349,0.000000,42.000000,279.224009,0.000000,100.027855
1980,6782.489349,0.000000,42.000000,279.725402,0.000000,92.256267
1981,6782.489349,0.000000,42.000000,280.226795,0.000000,84.484680
1982,6782.489349,0.000000,42.000000,280.728188,0.000000,76.713092
1983,6782.489349,0.000000,42.000000,281.229580,0.000000,68.941504
1984,6782.489349,0.000000,42.000000,281.730973,0.000000,61.169916
1985,6782.489349,0.000000,42.000000,282.232366,0.000000,53.398329
1986,6782.489349,0.000000,42.000000,282.733759,0.000000,45.626741
1987,6782.489349,0.000000,42.000000,283.235151,0.000000,37.855153
1988,6782.489349,0.000000,42.000000,283.736544,0.000000,30.083565
1989,6782.489349,0.000000,42.000000,284.237937,0.000000,22.311978
1990,6782.489349,0.000000,42.000000,284.739330,0.000000,14.540390
1991,6782.489349,0.000000,42.000000,285.240722,0.000000,6.768802
1992,6782.489349,0.000000,42.000000,285.742115,0.000000,358.997214
1993,6782.489349,0.000000,42.000000,286.243508,0.000000,351.225627
1994,6782.489349,0.000000,42.000000,286.744901,0.000000,343.454039
1995,6782.489349,0.000000,42.000000,287.246293,0.000000,335.682451
1996,6782.489349,0.000000,42.000000,287.747686,0.000000,327.910864
1997,6782.489349,0.000000,42.000000,288.249079,0.000000,320.139276
1998,6782.489349,0.000000,42.000000,288.750472,0.000000,312.367688
1999,6782.489349,0.000000,42.000000,289.251864,0.000000,304.596100
2000,6782.489349,0.000000,42.000000,289.753257,0.000000,296.824513
2001,6782.489349,0.000000,42.000000,290.254650,0.000000,289.052925
2002,6782.489349,0.000000,42.000000,290.756043,0.000000,281.281337
2003,6782.489349,0.000000,42.000000,291.257436,0.000000,273.509749
2004,6782.489349,0.000000,42.000000,291.758828,0.000000,265.738162
2005,6782.489349,0.000000,42.000000,292.260221,0.000000,257.966574
2006,6782.489349,0.000000,42.000000,292.761614,0.000000,250.194986
2007,6782.489349,0.000000,42.000000,293.263007,0.000000,242.423398
2008,6782.489349,0.000000,42.000000,293.764399,0.000000,234.651811
2009,6782.489349,0.000000,42.000000,294.265792,0.000000,226.880223
2010,6782.489349,0.000000,42.000000,294.767185,0.000000,219.108635
2011,6782.489349,0.000000,42.000000,295.268578,0.000000,211.337047
2012,6782.489349,0.000000,42.000000,295.769970,0.000000,203.565460
2013,6782.489349,0.000000,42.000000,296.271363,0.000000,195.793872
2014,6782.489349,0.000000,42.000000,296.772756,0.000000,188.022284
2015,6782.489349,0.000000,42.000000,297.274149,0.000000,180.250696
2016,6782.489349,0.000000,42.000000,297.775541,0.000000,172.479109
2017,6782.489349,0.000000,42.000000,298.276934,0.000000,164.707521
2018,6782.489349,0.000000,42.000000,298.778327,0.000000,156.935933
2019,6782.489349,0.000000,42.000000,299.279720,0.000000,149.164345
2020,6782.489349,0.000000,42.000000,299.781112,0.000000,141.392758
2021,6782.489349,0.000000,42.000000,300.282505,0.000000,133.621170
2022,6782.489349,0.000000,42.000000,300.783898,0.000000,125.849582
2023,6782.489349,0.000000,42.000000,301.285291,0.000000,118.077994
2024,6782.489349,0.000000,42.000000,301.786683,0.000000,110.306407
2025,6782.489349,0.000000,42.000000,302.288076,0.000000,102.534819
2026,6782.489349,0.000000,42.000000,302.789469,0.000000,94.763231
2027,6782.489349,0.000000,42.000000,303.290862,0.000000,86.991643
2028,6782.489349,0.000000,42.000000,303.792254,0.000000,79.220056
2029,6782.489349,0.000000,42.000000,304.293647,0.000000,71.448468
2030,6782.489349,0.000000,42.000000,304.795040,0.000000,63.676880
2031,6782.489349,0.000000,42.000000,305.296433,0.000000,55.905292
2032,6782.489349,0.000000,42.000000,305.797826,0.000000,48.133705
2033,6782.489349,0.000000,42.000000,306.299218,0.000000,40.362117
2034,6782.489349,0.000000,42.000000,306.800611,0.000000,32.590529
2035,6782.489349,0.000000,42.000000,307.302004,0.000000,24.818942
2036,6782.489349,0.000000,42.000000,307.803397,0.000000,17.047354
2037,6782.489349,0.000000,42.000000,308.304789,0.000000,9.275766
2038,6782.489349,0.000000,42.000000,308.806182,0.000000,1.504178
2039,6782.489349,0.000000,42.000000,309.307575,0.000000,353.732591
2040,6782.489349,0.000000,42.000000,309.808968,0.000000,345.961003
2041,6782.489349,0.000000,42.000000,310.310360,0.000000,338.189415
2042,6782.489349,0.000000,42.000000,310.811753,0.000000,330.417827
2043,6782.489349,0.000000,42.000000,311.313146,0.000000,322.646240
2044,6782.489349,0.000000,42.000000,311.814539,0.000000,314.874652
2045,6782.489349,0.000000,42.000000,312.315931,0.000000,307.103064
2046,6782.489349,0.000000,42.000000,312.817324,0.000000,299.331476
2047,6782.489349,0.000000,42.000000,313.318717,0.000000,291.559889
2048,6782.489349,0.000000,42.000000,313.820110,0.000000,283.788301
2049,6782.489349,0.000000,42.000000,314.321502,0.000000,276.016713
2050,6782.489349,0.000000,42.000000,314.822895,0.000000,268.245125
2051,6782.489349,0.000000,42.000000,315.324288,0.000000,260.473538
2052,6782.489349,0.000000,42.000000,315.825681,0.000000,252.701950
2053,6782.489349,0.000000,42.000000,316.327073,0.000000,244.930362
2054,6782.489349,0.000000,42.000000,316.828466,0.000000,237.158774
2055,6782.489349,0.000000,42.000000,317.329859,0.000000,229.387187
2056,6782.489349,0.000000,42.000000,317.831252,0.000000,221.615599
2057,6782.489349,0.000000,42.000000,318.332644,0.000000,213.844011
2058,6782.489349,0.000000,42.000000,318.834037,0.000000,206.072423
2059,6782.489349,0.000000,42.000000,319.335430,0.000000,198.300836
2060,6782.489349,0.000000,42.000000,319.836823,0.000000,190.529248
2061,6782.489349,0.000000,42.000000,320.338215,0.000000,182.757660
2062,6782.489349,0.000000,42.000000,320.839608,0.000000,174.986072
2063,6782.489349,0.000000,42.000000,321.341001,0.000000,167.214485
2064,6782.489349,0.000000,42.000000,321.842394,0.000000,159.442897
2065,6782.489349,0.000000,42.000000,322.343787,0.000000,151.671309
2066,6782.489349,0.000000,42.000000,322.845179,0.000000,143.899721
2067,6782.489349,0.000000,42.000000,323.346572,0.000000,136.128134
2068,6782.489349,0.000000,42.000000,323.847965,0.000000,128.356546
2069,6782.489349,0.000000,42.000000,324.349358,0.000000,120.584958
2070,6782.489349,0.000000,42.000000,324.850750,0.000000,112.813370
2071,6782.489349,0.000000,42.000000,325.352143,0.000000,105.041783
2072,6782.489349,0.000000,42.000000,325.853536,0.000000,97.270195
2073,6782.489349,0.000000,42.000000,326.354929,0.000000,89.498607
2074,6782.489349,0.000000,42.000000,326.856321,0.000000,81.727019
2075,6782.489349,0.000000,42.000000,327.357714,0.000000,73.955432
2076,6782.489349,0.000000,42.000000,327.859107,0.000000,66.183844
2077,6782.489349,0.000000,42.000000,328.360500,0.000000,58.412256
2078,6782.489349,0.000000,42.000000,328.861892,0.000000,50.640669
2079,6782.489349,0.000000,42.000000,329.363285,0.000000,42.869081
2080,6782.489349,0.000000,42.000000,329.864678,0.000000,35.097493
2081,6782.489349,0.000000,42.000000,330.366071,0.000000,27.325905
2082,6782.489349,0.000000,42.000000,330.867463,0.000000,19.554318
2083,6782.489349,0.000000,42.000000,331.368856,0.000000,11.782730
2084,6782.489349,0.000000,42.000000,331.870249,0.000000,4.011142
2085,6782.489349,0.000000,42.000000,332.371642,0.000000,356.239554
2086,6782.489349,0.000000,42.000000,332.873034,0.000000,348.467967
2087,6782.489349,0.000000,42.000000,333.374427,0.000000,340.696379
2088,6782.489349,0.000000,42.000000,333.875820,0.000000,332.924791
2089,6782.489349,0.000000,42.000000,334.377213,0.000000,325.153203
2090,6782.489349,0.000000,42.000000,334.878605,0.000000,317.381616
2091,6782.489349,0.000000,42.000000,335.379998,0.000000,309.610028
2092,6782.489349,0.000000,42.000000,335.881391,0.000000,301.838440
2093,6782.489349,0.000000,42.000000,336.382784,0.000000,294.066852
2094,6782.489349,0.000000,42.000000,336.884176,0.000000,286.295265
2095,6782.489349,0.000000,42.000000,337.385569,0.000000,278.523677
2096,6782.489349,0.000000,42.000000,337.886962,0.000000,270.752089
2097,6782.489349,0.000000,42.000000,338.388355,0.000000,262.980501
2098,6782.489349,0.000000,42.000000,338.889748,0.000000,255.208914
2099,6782.489349,0.000000,42.000000,339.391140,0.000000,247.437326
2100,6782.489349,0.000000,42.000000,339.892533,0.000000,239.665738
2101,6782.489349,0.000000,42.000000,340.393926,0.000000,231.894150
2102,6782.489349,0.000000,42.000000,340.895319,0.000000,224.122563
2103,6782.489349,0.000000,42.000000,341.396711,0.000000,216.350975
2104,6782.489349,0.000000,42.000000,341.898104,0.000000,208.579387
2105,6782.489349,0.000000,42.000000,342.399497,0.000000,200.807799
2106,6782.489349,0.000000,42.000000,342.900890,0.000000,193.036212
2107,6782.489349,0.000000,42.000000,343.402282,0.000000,185.264624
2108,6782.489349,0.000000,42.000000,343.903675,0.000000,177.493036
2109,6782.489349,0.000000,42.000000,344.405068,0.000000,169.721448
2110,6782.489349,0.000000,42.000000,344.906461,0.000000,161.949861
2111,6782.489349,0.000000,42.000000,345.407853,0.000000,154.178273
2112,6782.489349,0.000000,42.000000,345.909246,0.000000,146.406685
2113,6782.489349,0.000000,42.000000,346.410639,0.000000,138.635097
2114,6782.489349,0.000000,42.000000,346.912032,0.000000,130.863510
2115,6782.489349,0.000000,42.000000,347.413424,0.000000,123.091922
2116,6782.489349,0.000000,42.000000,347.914817,0.000000,115.320334
2117,6782.489349,0.000000,42.000000,348.416210,0.000000,107.548747
2118,6782.489349,0.000000,42.000000,348.917603,0.000000,99.777159
2119,6782.489349,0.000000,42.000000,349.418995,0.000000,92.005571
2120,6782.489349,0.000000,42.000000,349.920388,0.000000,84.233983
2121,6782.489349,0.000000,42.000000,350.421781,0.000000,76.462396
2122,6782.489349,0.000000,42.000000,350.923174,0.000000,68.690808
2123,6782.489349,0.000000,42.000000,351.424566,0.000000,60.919220
2124,6782.489349,0.000000,42.000000,351.925959,0.000000,53.147632
2125,6782.489349,0.000000,42.000000,352.427352,0.000000,45.376045
2126,6782.489349,0.000000,42.000000,352.928745,0.000000,37.604457
2127,6782.489349,0.000000,42.000000,353.430137,0.000000,29.832869
2128,6782.489349,0.000000,42.000000,353.931530,0.000000,22.061281
2129,6782.489349,0.000000,42.000000,354.432923,0.000000,14.289694
2130,6782.489349,0.000000,42.000000,354.934316,0.000000,6.518106
2131,6782.489349,0.000000,42.000000,355.435709,0.000000,358.746518
2132,6782.489349,0.000000,42.000000,355.937101,0.000000,350.974930
2133,6782.489349,0.000000,42.000000,356.438494,0.000000,343.203343
2134,6782.489349,0.000000,42.000000,356.939887,0.000000,335.431755
2135,6782.489349,0.000000,42.000000,357.441280,0.000000,327.660167
2136,6782.489349,0.000000,42.000000,357.942672,0.000000,319.888579
2137,6782.489349,0.000000,42.000000,358.444065,0.000000,312.116992
2138,6782.489349,0.000000,42.000000,358.945458,0.000000,304.345404
2139,6782.489349,0.000000,42.000000,359.446851,0.000000,296.573816
2140,6782.489349,0.000000,42.000000,359.948243,0.000000,288.802228
2141,6782.489349,0.000000,42.000000,0.449636,0.000000,281.030641
2142,6782.489349,0.000000,42.000000,0.951029,0.000000,273.259053
2143,6782.489349,0.000000,42.000000,1.452422,0.000000,265.487465
2144,6782.489349,0.000000,42.000000,1.953814,0.000000,257.715877
2145,6782.489349,0.000000,42.000000,2.455207,0.000000,249.944290
2146,6782.489349,0.000000,42.000000,2.956600,0.000000,242.172702
2147,6782.489349,0.000000,42.000000,3.457993,0.000000,234.401114
2148,6782.489349,0.000000,42.000000,3.959385,0.000000,226.629526
2149,6782.489349,0.000000,42.000000,4.460778,0.000000,218.857939
2150,6782.489349,0.000000,42.000000,4.962171,0.000000,211.086351
2151,6782.489349,0.000000,42.000000,5.463564,0.000000,203.314763
2152,6782.489349,0.000000,42.000000,5.964956,0.000000,195.543175
2153,6782.489349,0.000000,42.000000,6.466349,0.000000,187.771588
2154,6782.489349,0.000000,42.000000,6.967742,0.000000,180.000000
2155,6782.489349,0.000000,42.000000,7.469135,0.000000,172.228412
2156,6782.489349,0.000000,42.000000,7.970527,0.000000,164.456825
2157,6782.489349,0.000000,42.000000,8.471920,0.000000,156.685237
2158,6782.489349,0.000000,42.000000,8.973313,0.000000,148.913649
2159,6782.489349,0.000000,42.000000,9.474706,0.000000,141.142061
2160,6782.489349,0.000000,42.000000,9.976098,0.000000,133.370474
2161,6782.489349,0.000000,42.000000,10.477491,0.000000,125.598886
2162,6782.489349,0.000000,42.000000,10.978884,0.000000,117.827298
2163,6782.489349,0.000000,42.000000,11.480277,0.000000,110.055710
2164,6782.489349,0.000000,42.000000,11.981670,0.000000,102.284123
2165,6782.489349,0.000000,42.000000,12.483062,0.000000,94.512535
2166,6782.489349,0.000000,42.000000,12.984455,0.000000,86.740947
2167,6782.489349,0.000000,42.000000,13.485848,0.000000,78.969359
2168,6782.489349,0.000000,42.000000,13.987241,0.000000,71.197772
2169,6782.489349,0.000000,42.000000,14.488633,0.000000,63.426184
2170,6782.489349,0.000000,42.000000,14.990026,0.000000,55.654596
2171,6782.489349,0.000000,42.000000,15.491419,0.000000,47.883008
2172,6782.489349,0.000000,42.000000,15.992812,0.000000,40.111421
2173,6782.489349,0.000000,42.000000,16.494204,0.000000,32.339833
2174,6782.489349,0.000000,42.000000,16.995597,0.000000,24.568245
2175,6782.489349,0.000000,42.000000,17.496990,0.000000,16.796657
2176,6782.489349,0.000000,42.000000,17.998383,0.000000,9.025070
2177,6782.489349,0.000000,42.000000,18.499775,0.000000,1.253482
2178,6782.489349,0.000000,42.000000,19.001168,0.000000,353.481894
2179,6782.489349,0.000000,42.000000,19.502561,0.000000,345.710306
2180,6782.489349,0.000000,42.000000,20.003954,0.000000,337.938719
2181,6782.489349,0.000000,42.000000,20.505346,0.000000,330.167131
2182,6782.489349,0.000000,42.000000,21.006739,0.000000,322.395543
2183,6782.489349,0.000000,42.000000,21.508132,0.000000,314.623955
2184,6782.489349,0.000000,42.000000,22.009525,0.000000,306.852368
2185,6782.489349,0.000000,42.000000,22.510917,0.000000,299.080780
2186,6782.489349,0.000000,42.000000,23.012310,0.000000,291.309192
2187,6782.489349,0.000000,42.000000,23.513703,0.000000,283.537604
2188,6782.489349,0.000000,42.000000,24.015096,0.000000,275.766017
2189,6782.489349,0.000000,42.000000,24.516488,0.000000,267.994429
2190,6782.489349,0.000000,42.000000,25.017881,0.000000,260.222841
2191,6782.489349,0.000000,42.000000,25.519274,0.000000,252.451253
2192,6782.489349,0.000000,42.000000,26.020667,0.000000,244.679666
2193,6782.489349,0.000000,42.000000,26.522059,0.000000,236.908078
2194,6782.489349,0.000000,42.000000,27.023452,0.000000,229.136490
2195,6782.489349,0.000000,42.000000,27.524845,0.000000,221.364903
2196,6782.489349,0.000000,42.000000,28.026238,0.000000,213.593315
2197,6782.489349,0.000000,42.000000,28.527631,0.000000,205.821727
2198,6782.489349,0.000000,42.000000,29.029023,0.000000,198.050139
2199,6782.489349,0.000000,42.000000,29.530416,0.000000,190.278552
2200,6782.489349,0.000000,42.000000,30.031809,0.000000,182.506964
2201,6782.489349,0.000000,42.000000,30.533202,0.000000,174.735376
2202,6782.489349,0.000000,42.000000,31.034594,0.000000,166.963788
2203,6782.489349,0.000000,42.000000,31.535987,0.000000,159.192201
2204,6782.489349,0.000000,42.000000,32.037380,0.000000,151.420613
2205,6782.489349,0.000000,42.000000,32.538773,0.000000,143.649025
2206,6782.489349,0.000000,42.000000,33.040165,0.000000,135.877437
2207,6782.489349,0.000000,42.000000,33.541558,0.000000,128.105850
2208,6782.489349,0.000000,42.000000,34.042951,0.000000,120.334262
2209,6782.489349,0.000000,42.000000,34.544344,0.000000,112.562674
2210,6782.489349,0.000000,42.000000,35.045736,0.000000,104.791086
2211,6782.489349,0.000000,42.000000,35.547129,0.000000,97.019499
2212,6782.489349,0.000000,42.000000,36.048522,0.000000,89.247911
2213,6782.489349,0.000000,42.000000,36.549915,0.000000,81.476323
2214,6782.489349,0.000000,42.000000,37.051307,0.000000,73.704735
2215,6782.489349,0.000000,42.000000,37.552700,0.000000,65.933148
2216,6782.489349,0.000000,42.000000,38.054093,0.000000,58.161560
2217,6782.489349,0.000000,42.000000,38.555486,0.000000,50.389972
2218,6782.489349,0.000000,42.000000,39.056878,0.000000,42.618384
2219,6782.489349,0.000000,42.000000,39.558271,0.000000,34.846797
2220,6782.489349,0.000000,42.000000,40.059664,0.000000,27.075209
2221,6782.489349,0.000000,42.000000,40.561057,0.000000,19.303621
2222,6782.489349,0.000000,42.000000,41.062449,0.000000,11.532033
2223,6782.489349,0.000000,42.000000,41.563842,0.000000,3.760446
2224,6782.489349,0.000000,42.000000,42.065235,0.000000,355.988858
2225,6782.489349,0.000000,42.000000,42.566628,0.000000,348.217270
2226,6782.489349,0.000000,42.000000,43.068020,0.000000,340.445682
2227,6782.489349,0.000000,42.000000,43.569413,0.000000,332.674095
2228,6782.489349,0.000000,42.000000,44.070806,0.000000,324.902507
2229,6782.489349,0.000000,42.000000,44.572199,0.000000,317.130919
2230,6782.489349,0.000000,42.000000,45.073592,0.000000,309.359331
2231,6782.489349,0.000000,42.000000,45.574984,0.000000,301.587744
2232,6782.489349,0.000000,42.000000,46.076377,0.000000,293.816156
2233,6782.489349,0.000000,42.000000,46.577770,0.000000,286.044568
2234,6782.489349,0.000000,42.000000,47.079163,0.000000,278.272981
2235,6782.489349,0.000000,42.000000,47.580555,0.000000,270.501393
2236,6782.489349,0.000000,42.000000,48.081948,0.000000,262.729805
2237,6782.489349,0.000000,42.000000,48.583341,0.000000,254.958217
2238,6782.489349,0.000000,42.000000,49.084734,0.000000,247.186630
2239,6782.489349,0.000000,42.000000,49.586126,0.000000,239.415042
2240,6782.489349,0.000000,42.000000,50.087519,0.000000,231.643454
2241,6782.489349,0.000000,42.000000,50.588912,0.000000,223.871866
2242,6782.489349,0.000000,42.000000,51.090305,0.000000,216.100279
2243,6782.489349,0.000000,42.000000,51.591697,0.000000,208.328691
2244,6782.489349,0.000000,42.000000,52.093090,0.000000,200.557103
2245,6782.489349,0.000000,42.000000,52.594483,0.000000,192.785515
2246,6782.489349,0.000000,42.000000,53.095876,0.000000,185.013928
2247,6782.489349,0.000000,42.000000,53.597268,0.000000,177.242340
2248,6782.489349,0.000000,42.000000,54.098661,0.000000,169.470752
2249,6782.489349,0.000000,42.000000,54.600054,0.000000,161.699164
2250,6782.489349,0.000000,42.000000,55.101447,0.000000,153.927577
2251,6782.489349,0.000000,42.000000,55.602839,0.000000,146.155989
2252,6782.489349,0.000000,42.000000,56.104232,0.000000,138.384401
2253,6782.489349,0.000000,42.000000,56.605625,0.000000,130.612813
2254,6782.489349,0.000000,42.000000,57.107018,0.000000,122.841226
2255,6782.489349,0.000000,42.000000,57.608410,0.000000,115.069638
2256,6782.489349,0.000000,42.000000,58.109803,0.000000,107.298050
2257,6782.489349,0.000000,42.000000,58.611196,0.000000,99.526462
2258,6782.489349,0.000000,42.000000,59.112589,0.000000,91.754875
2259,6782.489349,0.000000,42.000000,59.613981,0.000000,83.983287
2260,6782.489349,0.000000,42.000000,60.115374,0.000000,76.211699
2261,6782.489349,0.000000,42.000000,60.616767,0.000000,68.440111
2262,6782.489349,0.000000,42.000000,61.118160,0.000000,60.668524
2263,6782.489349,0.000000,42.000000,61.619553,0.000000,52.896936
2264,6782.489349,0.000000,42.000000,62.120945,0.000000,45.125348
2265,6782.489349,0.000000,42.000000,62.622338,0.000000,37.353760
2266,6782.489349,0.000000,42.000000,63.123731,0.000000,29.582173
2267,6782.489349,0.000000,42.000000,63.625124,0.000000,21.810585
2268,6782.489349,0.000000,42.000000,64.126516,0.000000,14.038997
2269,6782.489349,0.000000,42.000000,64.627909,0.000000,6.267409
2270,6782.489349,0.000000,42.000000,65.129302,0.000000,358.495822
2271,6782.489349,0.000000,42.000000,65.630695,0.000000,350.724234
2272,6782.489349,0.000000,42.000000,66.132087,0.000000,342.952646
2273,6782.489349,0.000000,42.000000,66.633480,0.000000,335.181058
2274,6782.489349,0.000000,42.000000,67.134873,0.000000,327.409471
2275,6782.489349,0.000000,42.000000,67.636266,0.000000,319.637883
2276,6782.489349,0.000000,42.000000,68.137658,0.000000,311.866295
2277,6782.489349,0.000000,42.000000,68.639051,0.000000,304.094708
2278,6782.489349,0.000000,42.000000,69.140444,0.000000,296.323120
2279,6782.489349,0.000000,42.000000,69.641837,0.000000,288.551532
2280,6782.489349,0.000000,42.000000,70.143229,0.000000,280.779944
2281,6782.489349,0.000000,42.000000,70.644622,0.000000,273.008357
2282,6782.489349,0.000000,42.000000,71.146015,0.000000,265.236769
2283,6782.489349,0.000000,42.000000,71.647408,0.000000,257.465181
2284,6782.489349,0.000000,42.000000,72.148800,0.000000,249.693593
2285,6782.489349,0.000000,42.000000,72.650193,0.000000,241.922006
2286,6782.489349,0.000000,42.000000,73.151586,0.000000,234.150418
2287,6782.489349,0.000000,42.000000,73.652979,0.000000,226.378830
2288,6782.489349,0.000000,42.000000,74.154371,0.000000,218.607242
2289,6782.489349,0.000000,42.000000,74.655764,0.000000,210.835655
2290,6782.489349,0.000000,42.000000,75.157157,0.000000,203.064067
2291,6782.489349,0.000000,42.000000,75.658550,0.000000,195.292479
2292,6782.489349,0.000000,42.000000,76.159942,0.000000,187.520891
2293,6782.489349,0.000000,42.000000,76.661335,0.000000,179.749304
2294,6782.489349,0.000000,42.000000,77.162728,0.000000,171.977716
2295,6782.489349,0.000000,42.000000,77.664121,0.000000,164.206128
2296,6782.489349,0.000000,42.000000,78.165514,0.000000,156.434540
2297,6782.489349,0.000000,42.000000,78.666906,0.000000,148.662953
2298,6782.489349,0.000000,42.000000,79.168299,0.000000,140.891365
2299,6782.489349,0.000000,42.000000,79.669692,0.000000,133.119777
2300,6782.489349,0.000000,42.000000,80.171085,0.000000,125.348189
2301,6782.489349,0.000000,42.000000,80.672477,0.000000,117.576602
2302,6782.489349,0.000000,42.000000,81.173870,0.000000,109.805014
2303,6782.489349,0.000000,42.000000,81.675263,0.000000,102.033426
2304,6782.489349,0.000000,42.000000,82.176656,0.000000,94.261838
2305,6782.489349,0.000000,42.000000,82.678048,0.000000,86.490251
2306,6782.489349,0.000000,42.000000,83.179441,0.000000,78.718663
2307,6782.489349,0.000000,42.000000,83.680834,0.000000,70.947075
2308,6782.489349,0.000000,42.000000,84.182227,0.000000,63.175487
2309,6782.489349,0.000000,42.000000,84.683619,0.000000,55.403900
2310,6782.489349,0.000000,42.000000,85.185012,0.000000,47.632312
2311,6782.489349,0.000000,42.000000,85.686405,0.000000,39.860724
2312,6782.489349,0.000000,42.000000,86.187798,0.000000,32.089136
2313,6782.489349,0.000000,42.000000,86.689190,0.000000,24.317549
2314,6782.489349,0.000000,42.000000,87.190583,0.000000,16.545961
2315,6782.489349,0.000000,42.000000,87.691976,0.000000,8.774373
2316,6782.489349,0.000000,42.000000,88.193369,0.000000,1.002786
2317,6782.489349,0.000000,42.000000,88.694761,0.000000,353.231198
2318,6782.489349,0.000000,42.000000,89.196154,0.000000,345.459610
2319,6782.489349,0.000000,42.000000,89.697547,0.000000,337.688022
2320,6782.489349,0.000000,42.000000,90.198940,0.000000,329.916435
2321,6782.489349,0.000000,42.000000,90.700332,0.000000,322.144847
2322,6782.489349,0.000000,42.000000,91.201725,0.000000,314.373259
2323,6782.489349,0.000000,42.000000,91.703118,0.000000,306.601671
2324,6782.489349,0.000000,42.000000,92.204511,0.000000,298.830084
2325,6782.489349,0.000000,42.000000,92.705903,0.000000,291.058496
2326,6782.489349,0.000000,42.000000,93.207296,0.000000,283.286908
2327,6782.489349,0.000000,42.000000,93.708689,0.000000,275.515320
2328,6782.489349,0.000000,42.000000,94.210082,0.000000,267.743733
2329,6782.489349,0.000000,42.000000,94.711475,0.000000,259.972145
2330,6782.489349,0.000000,42.000000,95.212867,0.000000,252.200557
2331,6782.489349,0.000000,42.000000,95.714260,0.000000,244.428969
2332,6782.489349,0.000000,42.000000,96.215653,0.000000,236.657382
2333,6782.489349,0.000000,42.000000,96.717046,0.000000,228.885794
2334,6782.489349,0.000000,42.000000,97.218438,0.000000,221.114206
2335,6782.489349,0.000000,42.000000,97.719831,0.000000,213.342618
2336,6782.489349,0.000000,42.000000,98.221224,0.000000,205.571031
2337,6782.489349,0.000000,42.000000,98.722617,0.000000,197.799443
2338,6782.489349,0.000000,42.000000,99.224009,0.000000,190.027855
2339,6782.489349,0.000000,42.000000,99.725402,0.000000,182.256267
2340,6782.489349,0.000000,42.000000,100.226795,0.000000,174.484680
2341,6782.489349,0.000000,42.000000,100.728188,0.000000,166.713092
2342,6782.489349,0.000000,42.000000,101.229580,0.000000,158.941504
2343,6782.489349,0.000000,42.000000,101.730973,0.000000,151.169916
2344,6782.489349,0.000000,42.000000,102.232366,0.000000,143.398329
2345,6782.489349,0.000000,42.000000,102.733759,0.000000,135.626741
2346,6782.489349,0.000000,42.000000,103.235151,0.000000,127.855153
2347,6782.489349,0.000000,42.000000,103.736544,0.000000,120.083565
2348,6782.489349,0.000000,42.000000,104.237937,0.000000,112.311978
2349,6782.489349,0.000000,42.000000,104.739330,0.000000,104.540390
2350,6782.489349,0.000000,42.000000,105.240722,0.000000,96.768802
2351,6782.489349,0.000000,42.000000,105.742115,0.000000,88.997214
2352,6782.489349,0.000000,42.000000,106.243508,0.000000,81.225627
2353,6782.489349,0.000000,42.000000,106.744901,0.000000,73.454039
2354,6782.489349,0.000000,42.000000,107.246293,0.000000,65.682451
2355,6782.489349,0.000000,42.000000,107.747686,0.000000,57.910864
2356,6782.489349,0.000000,42.000000,108.249079,0.000000,50.139276
2357,6782.489349,0.000000,42.000000,108.750472,0.000000,42.367688
2358,6782.489349,0.000000,42.000000,109.251864,0.000000,34.596100
2359,6782.489349,0.000000,42.000000,109.753257,0.000000,26.824513
2360,6782.489349,0.000000,42.000000,110.254650,0.000000,19.052925
2361,6782.489349,0.000000,42.000000,110.756043,0.000000,11.281337
2362,6782.489349,0.000000,42.000000,111.257436,0.000000,3.509749
2363,6782.489349,0.000000,42.000000,111.758828,0.000000,355.738162
2364,6782.489349,0.000000,42.000000,112.260221,0.000000,347.966574
2365,6782.489349,0.000000,42.000000,112.761614,0.000000,340.194986
2366,6782.489349,0.000000,42.000000,113.263007,0.000000,332.423398
2367,6782.489349,0.000000,42.000000,113.764399,0.000000,324.651811
2368,6782.489349,0.000000,42.000000,114.265792,0.000000,316.880223
2369,6782.489349,0.000000,42.000000,114.767185,0.000000,309.108635
2370,6782.489349,0.000000,42.000000,115.268578,0.000000,301.337047
2371,6782.489349,0.000000,42.000000,115.769970,0.000000,293.565460
2372,6782.489349,0.000000,42.000000,116.271363,0.000000,285.793872
2373,6782.489349,0.000000,42.000000,116.772756,0.000000,278.022284
2374,6782.489349,0.000000,42.000000,117.274149,0.000000,270.250696
2375,6782.489349,0.000000,42.000000,117.775541,0.000000,262.479109
2376,6782.489349,0.000000,42.000000,118.276934,0.000000,254.707521
2377,6782.489349,0.000000,42.000000,118.778327,0.000000,246.935933
2378,6782.489349,0.000000,42.000000,119.279720,0.000000,239.164345
2379,6782.489349,0.000000,42.000000,119.781112,0.000000,231.392758
2380,6782.489349,0.000000,42.000000,120.282505,0.000000,223.621170
2381,6782.489349,0.000000,42.000000,120.783898,0.000000,215.849582
2382,6782.489349,0.000000,42.000000,121.285291,0.000000,208.077994
2383,6782.489349,0.000000,42.000000,121.786683,0.000000,200.306407
2384,6782.489349,0.000000,42.000000,122.288076,0.000000,192.534819
2385,6782.489349,0.000000,42.000000,122.789469,0.000000,184.763231
2386,6782.489349,0.000000,42.000000,123.290862,0.000000,176.991643
2387,6782.489349,0.000000,42.000000,123.792254,0.000000,169.220056
2388,6782.489349,0.000000,42.000000,124.293647,0.000000,161.448468
2389,6782.489349,0.000000,42.000000,124.795040,0.000000,153.676880
2390,6782.489349,0.000000,42.000000,125.296433,0.000000,145.905292
2391,6782.489349,0.000000,42.000000,125.797826,0.000000,138.133705
2392,6782.489349,0.000000,42.000000,126.299218,0.000000,130.362117
2393,6782.489349,0.000000,42.000000,126.800611,0.000000,122.590529
2394,6782.489349,0.000000,42.000000,127.302004,0.000000,114.818942
2395,6782.489349,0.000000,42.000000,127.803397,0.000000,107.047354
2396,6782.489349,0.000000,42.000000,128.304789,0.000000,99.275766
2397,6782.489349,0.000000,42.000000,128.806182,0.000000,91.504178
2398,6782.489349,0.000000,42.000000,129.307575,0.000000,83.732591
2399,6782.489349,0.000000,42.000000,129.808968,0.000000,75.961003
2400,6782.489349,0.000000,42.000000,130.310360,0.000000,68.189415
2401,6782.489349,0.000000,42.000000,130.811753,0.000000,60.417827
2402,6782.489349,0.000000,42.000000,131.313146,0.000000,52.646240
2403,6782.489349,0.000000,42.000000,131.814539,0.000000,44.874652
2404,6782.489349,0.000000,42.000000,132.315931,0.000000,37.103064
2405,6782.489349,0.000000,42.000000,132.817324,0.000000,29.331476
2406,6782.489349,0.000000,42.000000,133.318717,0.000000,21.559889
2407,6782.489349,0.000000,42.000000,133.820110,0.000000,13.788301
2408,6782.489349,0.000000,42.000000,134.321502,0.000000,6.016713
2409,6782.489349,0.000000,42.000000,134.822895,0.000000,358.245125
2410,6782.489349,0.000000,42.000000,135.324288,0.000000,350.473538
2411,6782.489349,0.000000,42.000000,135.825681,0.000000,342.701950
2412,6782.489349,0.000000,42.000000,136.327073,0.000000,334.930362
2413,6782.489349,0.000000,42.000000,136.828466,0.000000,327.158774
2414,6782.489349,0.000000,42.000000,137.329859,0.000000,319.387187
2415,6782.489349,0.000000,42.000000,137.831252,0.000000,311.615599
2416,6782.489349,0.000000,42.000000,138.332644,0.000000,303.844011
2417,6782.489349,0.000000,42.000000,138.834037,0.000000,296.072423
2418,6782.489349,0.000000,42.000000,139.335430,0.000000,288.300836
2419,6782.489349,0.000000,42.000000,139.836823,0.000000,280.529248
2420,6782.489349,0.000000,42.000000,140.338215,0.000000,272.757660
2421,6782.489349,0.000000,42.000000,140.839608,0.000000,264.986072
2422,6782.489349,0.000000,42.000000,141.341001,0.000000,257.214485
2423,6782.489349,0.000000,42.000000,141.842394,0.000000,249.442897
2424,6782.489349,0.000000,42.000000,142.343787,0.000000,241.671309
2425,6782.489349,0.000000,42.000000,142.845179,0.000000,233.899721
2426,6782.489349,0.000000,42.000000,143.346572,0.000000,226.128134
2427,6782.489349,0.000000,42.000000,143.847965,0.000000,218.356546
2428,6782.489349,0.000000,42.000000,144.349358,0.000000,210.584958
2429,6782.489349,0.000000,42.000000,144.850750,0.000000,202.813370
2430,6782.489349,0.000000,42.000000,145.352143,0.000000,195.041783
2431,6782.489349,0.000000,42.000000,145.853536,0.000000,187.270195
2432,6782.489349,0.000000,42.000000,146.354929,0.000000,179.498607
2433,6782.489349,0.000000,42.000000,146.856321,0.000000,171.727019
2434,6782.489349,0.000000,42.000000,147.357714,0.000000,163.955432
2435,6782.489349,0.000000,42.000000,147.859107,0.000000,156.183844
2436,6782.489349,0.000000,42.000000,148.360500,0.000000,148.412256
2437,6782.489349,0.000000,42.000000,148.861892,0.000000,140.640669
2438,6782.489349,0.000000,42.000000,149.363285,0.000000,132.869081
2439,6782.489349,0.000000,42.000000,149.864678,0.000000,125.097493
2440,6782.489349,0.000000,42.000000,150.366071,0.000000,117.325905
2441,6782.489349,0.000000,42.000000,150.867463,0.000000,109.554318
2442,6782.489349,0.000000,42.000000,151.368856,0.000000,101.782730
2443,6782.489349,0.000000,42.000000,151.870249,0.000000,94.011142
2444,6782.489349,0.000000,42.000000,152.371642,0.000000,86.239554
2445,6782.489349,0.000000,42.000000,152.873034,0.000000,78.467967
2446,6782.489349,0.000000,42.000000,153.374427,0.000000,70.696379
2447,6782.489349,0.000000,42.000000,153.875820,0.000000,62.924791
2448,6782.489349,0.000000,42.000000,154.377213,0.000000,55.153203
2449,6782.489349,0.000000,42.000000,154.878605,0.000000,47.381616
2450,6782.489349,0.000000,42.000000,155.379998,0.000000,39.610028
2451,6782.489349,0.000000,42.000000,155.881391,0.000000,31.838440
2452,6782.489349,0.000000,42.000000,156.382784,0.000000,24.066852
2453,6782.489349,0.000000,42.000000,156.884176,0.000000,16.295265
2454,6782.489349,0.000000,42.000000,157.385569,0.000000,8.523677
2455,6782.489349,0.000000,42.000000,157.886962,0.000000,0.752089
2456,6782.489349,0.000000,42.000000,158.388355,0.000000,352.980501
2457,6782.489349,0.000000,42.000000,158.889748,0.000000,345.208914
2458,6782.489349,0.000000,42.000000,159.391140,0.000000,337.437326
2459,6782.489349,0.000000,42.000000,159.892533,0.000000,329.665738
2460,6782.489349,0.000000,42.000000,160.393926,0.000000,321.894150
2461,6782.489349,0.000000,42.000000,160.895319,0.000000,314.122563
2462,6782.489349,0.000000,42.000000,161.396711,0.000000,306.350975
2463,6782.489349,0.000000,42.000000,161.898104,0.000000,298.579387
2464,6782.489349,0.000000,42.000000,162.399497,0.000000,290.807799
2465,6782.489349,0.000000,42.000000,162.900890,0.000000,283.036212
2466,6782.489349,0.000000,42.000000,163.402282,0.000000,275.264624
2467,6782.489349,0.000000,42.000000,163.903675,0.000000,267.493036
2468,6782.489349,0.000000,42.000000,164.405068,0.000000,259.721448
2469,6782.489349,0.000000,42.000000,164.906461,0.000000,251.949861
2470,6782.489349,0.000000,42.000000,165.407853,0.000000,244.178273
2471,6782.489349,0.000000,42.000000,165.909246,0.000000,236.406685
2472,6782.489349,0.000000,42.000000,166.410639,0.000000,228.635097
2473,6782.489349,0.000000,42.000000,166.912032,0.000000,220.863510
2474,6782.489349,0.000000,42.000000,167.413424,0.000000,213.091922
2475,6782.489349,0.000000,42.000000,167.914817,0.000000,205.320334
2476,6782.489349,0.000000,42.000000,168.416210,0.000000,197.548747
2477,6782.489349,0.000000,42.000000,168.917603,0.000000,189.777159
2478,6782.489349,0.000000,42.000000,169.418995,0.000000,182.005571
2479,6782.489349,0.000000,42.000000,169.920388,0.000000,174.233983
2480,6782.489349,0.000000,42.000000,170.421781,0.000000,166.462396
2481,6782.489349,0.000000,42.000000,170.923174,0.000000,158.690808
2482,6782.489349,0.000000,42.000000,171.424566,0.000000,150.919220
2483,6782.489349,0.000000,42.000000,171.925959,0.000000,143.147632
2484,6782.489349,0.000000,42.000000,172.427352,0.000000,135.376045
2485,6782.489349,0.000000,42.000000,172.928745,0.000000,127.604457
2486,6782.489349,0.000000,42.000000,173.430137,0.000000,119.832869
2487,6782.489349,0.000000,42.000000,173.931530,0.000000,112.061281
2488,6782.489349,0.000000,42.000000,174.432923,0.000000,104.289694
2489,6782.489349,0.000000,42.000000,174.934316,0.000000,96.518106
2490,6782.489349,0.000000,42.000000,175.435709,0.000000,88.746518
2491,6782.489349,0.000000,42.000000,175.937101,0.000000,80.974930
2492,6782.489349,0.000000,42.000000,176.438494,0.000000,73.203343
2493,6782.489349,0.000000,42.000000,176.939887,0.000000,65.431755
2494,6782.489349,0.000000,42.000000,177.441280,0.000000,57.660167
2495,6782.489349,0.000000,42.000000,177.942672,0.000000,49.888579
2496,6782.489349,0.000000,42.000000,178.444065,0.000000,42.116992
2497,6782.489349,0.000000,42.000000,178.945458,0.000000,34.345404
2498,6782.489349,0.000000,42.000000,179.446851,0.000000,26.573816
2499,6782.489349,0.000000,42.000000,179.948243,0.000000,18.802228
2500,6782.489349,0.000000,42.000000,180.449636,0.000000,11.030641
2501,6782.489349,0.000000,42.000000,180.951029,0.000000,3.259053
2502,6782.489349,0.000000,42.000000,181.452422,0.000000,355.487465
2503,6782.489349,0.000000,42.000000,181.953814,0.000000,347.715877
2504,6782.489349,0.000000,42.000000,182.455207,0.000000,339.944290
2505,6782.489349,0.000000,42.000000,182.956600,0.000000,332.172702
2506,6782.489349,0.000000,42.000000,183.457993,0.000000,324.401114
2507,6782.489349,0.000000,42.000000,183.959385,0.000000,316.629526
2508,6782.489349,0.000000,42.000000,184.460778,0.000000,308.857939
2509,6782.489349,0.000000,42.000000,184.962171,0.000000,301.086351
2510,6782.489349,0.000000,42.000000,185.463564,0.000000,293.314763
2511,6782.489349,0.000000,42.000000,185.964956,0.000000,285.543175
2512,6782.489349,0.000000,42.000000,186.466349,0.000000,277.771588
2513,6782.489349,0.000000,42.000000,186.967742,0.000000,270.000000
2514,6782.489349,0.000000,42.000000,187.469135,0.000000,262.228412
2515,6782.489349,0.000000,42.000000,187.970527,0.000000,254.456825
2516,6782.489349,0.000000,42.000000,188.471920,0.000000,246.685237
2517,6782.489349,0.000000,42.000000,188.973313,0.000000,238.913649
2518,6782.489349,0.000000,42.000000,189.474706,0.000000,231.142061
2519,6782.489349,0.000000,42.000000,189.976098,0.000000,223.370474
2520,6782.489349,0.000000,42.000000,190.477491,0.000000,215.598886
2521,6782.489349,0.000000,42.000000,190.978884,0.000000,207.827298
2522,6782.489349,0.000000,42.000000,191.480277,0.000000,200.055710
2523,6782.489349,0.000000,42.000000,191.981670,0.000000,192.284123
2524,6782.489349,0.000000,42.000000,192.483062,0.000000,184.512535
2525,6782.489349,0.000000,42.000000,192.984455,0.000000,176.740947
2526,6782.489349,0.000000,42.000000,193.485848,0.000000,168.969359
2527,6782.489349,0.000000,42.000000,193.987241,0.000000,161.197772
2528,6782.489349,0.000000,42.000000,194.488633,0.000000,153.426184
2529,6782.489349,0.000000,42.000000,194.990026,0.000000,145.654596
2530,6782.489349,0.000000,42.000000,195.491419,0.000000,137.883008
2531,6782.489349,0.000000,42.000000,195.992812,0.000000,130.111421
2532,6782.489349,0.000000,42.000000,196.494204,0.000000,122.339833
2533,6782.489349,0.000000,42.000000,196.995597,0.000000,114.568245
2534,6782.489349,0.000000,42.000000,197.496990,0.000000,106.796657
2535,6782.489349,0.000000,42.000000,197.998383,0.000000,99.025070
2536,6782.489349,0.000000,42.000000,198.499775,0.000000,91.253482
2537,6782.489349,0.000000,42.000000,199.001168,0.000000,83.481894
2538,6782.489349,0.000000,42.000000,199.502561,0.000000,75.710306
2539,6782.489349,0.000000,42.000000,200.003954,0.000000,67.938719
2540,6782.489349,0.000000,42.000000,200.505346,0.000000,60.167131
2541,6782.489349,0.000000,42.000000,201.006739,0.000000,52.395543
2542,6782.489349,0.000000,42.000000,201.508132,0.000000,44.623955
2543,6782.489349,0.000000,42.000000,202.009525,0.000000,36.852368
2544,6782.489349,0.000000,42.000000,202.510917,0.000000,29.080780
2545,6782.489349,0.000000,42.000000,203.012310,0.000000,21.309192
2546,6782.489349,0.000000,42.000000,203.513703,0.000000,13.537604
2547,6782.489349,0.000000,42.000000,204.015096,0.000000,5.766017
2548,6782.489349,0.000000,42.000000,204.516488,0.000000,357.994429
2549,6782.489349,0.000000,42.000000,205.017881,0.000000,350.222841
2550,6782.489349,0.000000,42.000000,205.519274,0.000000,342.451253
2551,6782.489349,0.000000,42.000000,206.020667,0.000000,334.679666
2552,6782.489349,0.000000,42.000000,206.522059,0.000000,326.908078
2553,6782.489349,0.000000,42.000000,207.023452,0.000000,319.136490
2554,6782.489349,0.000000,42.000000,207.524845,0.000000,311.364903
2555,6782.489349,0.000000,42.000000,208.026238,0.000000,303.593315
2556,6782.489349,0.000000,42.000000,208.527631,0.000000,295.821727
2557,6782.489349,0.000000,42.000000,209.029023,0.000000,288.050139
2558,6782.489349,0.000000,42.000000,209.530416,0.000000,280.278552
2559,6782.489349,0.000000,42.000000,210.031809,0.000000,272.506964
2560,6782.489349,0.000000,42.000000,210.533202,0.000000,264.735376
2561,6782.489349,0.000000,42.000000,211.034594,0.000000,256.963788
2562,6782.489349,0.000000,42.000000,211.535987,0.000000,249.192201
2563,6782.489349,0.000000,42.000000,212.037380,0.000000,241.420613
2564,6782.489349,0.000000,42.000000,212.538773,0.000000,233.649025
2565,6782.489349,0.000000,42.000000,213.040165,0.000000,225.877437
2566,6782.489349,0.000000,42.000000,213.541558,0.000000,218.105850
2567,6782.489349,0.000000,42.000000,214.042951,0.000000,210.334262
2568,6782.489349,0.000000,42.000000,214.544344,0.000000,202.562674
2569,6782.489349,0.000000,42.000000,215.045736,0.000000,194.791086
2570,6782.489349,0.000000,42.000000,215.547129,0.000000,187.019499
2571,6782.489349,0.000000,42.000000,216.048522,0.000000,179.247911
2572,6782.489349,0.000000,42.000000,216.549915,0.000000,171.476323
2573,6782.489349,0.000000,42.000000,217.051307,0.000000,163.704735
2574,6782.489349,0.000000,42.000000,217.552700,0.000000,155.933148
2575,6782.489349,0.000000,42.000000,218.054093,0.000000,148.161560
2576,6782.489349,0.000000,42.000000,218.555486,0.000000,140.389972
2577,6782.489349,0.000000,42.000000,219.056878,0.000000,132.618384
2578,6782.489349,0.000000,42.000000,219.558271,0.000000,124.846797
2579,6782.489349,0.000000,42.000000,220.059664,0.000000,117.075209
2580,6782.489349,0.000000,42.000000,220.561057,0.000000,109.303621
2581,6782.489349,0.000000,42.000000,221.062449,0.000000,101.532033
2582,6782.489349,0.000000,42.000000,221.563842,0.000000,93.760446
2583,6782.489349,0.000000,42.000000,222.065235,0.000000,85.988858
2584,6782.489349,0.000000,42.000000,222.566628,0.000000,78.217270
2585,6782.489349,0.000000,42.000000,223.068020,0.000000,70.445682
2586,6782.489349,0.000000,42.000000,223.569413,0.000000,62.674095
2587,6782.489349,0.000000,42.000000,224.070806,0.000000,54.902507
2588,6782.489349,0.000000,42.000000,224.572199,0.000000,47.130919
2589,6782.489349,0.000000,42.000000,225.073592,0.000000,39.359331
2590,6782.489349,0.000000,42.000000,225.574984,0.000000,31.587744
2591,6782.489349,0.000000,42.000000,226.076377,0.000000,23.816156
2592,6782.489349,0.000000,42.000000,226.577770,0.000000,16.044568
2593,6782.489349,0.000000,42.000000,227.079163,0.000000,8.272981
2594,6782.489349,0.000000,42.000000,227.580555,0.000000,0.501393
2595,6782.489349,0.000000,42.000000,228.081948,0.000000,352.729805
2596,6782.489349,0.000000,42.000000,228.583341,0.000000,344.958217
2597,6782.489349,0.000000,42.000000,229.084734,0.000000,337.186630
2598,6782.489349,0.000000,42.000000,229.586126,0.000000,329.415042
2599,6782.489349,0.000000,42.000000,230.087519,0.000000,321.643454
2600,6782.489349,0.000000,42.000000,230.588912,0.000000,313.871866
2601,6782.489349,0.000000,42.000000,231.090305,0.000000,306.100279
2602,6782.489349,0.000000,42.000000,231.591697,0.000000,298.328691
2603,6782.489349,0.000000,42.000000,232.093090,0.000000,290.557103
2604,6782.489349,0.000000,42.000000,232.594483,0.000000,282.785515
2605,6782.489349,0.000000,42.000000,233.095876,0.000000,275.013928
2606,6782.489349,0.000000,42.000000,233.597268,0.000000,267.242340
2607,6782.489349,0.000000,42.000000,234.098661,0.000000,259.470752
2608,6782.489349,0.000000,42.000000,234.600054,0.000000,251.699164
2609,6782.489349,0.000000,42.000000,235.101447,0.000000,243.927577
2610,6782.489349,0.000000,42.000000,235.602839,0.000000,236.155989
2611,6782.489349,0.000000,42.000000,236.104232,0.000000,228.384401
2612,6782.489349,0.000000,42.000000,236.605625,0.000000,220.612813
2613,6782.489349,0.000000,42.000000,237.107018,0.000000,212.841226
2614,6782.489349,0.000000,42.000000,237.608410,0.000000,205.069638
2615,6782.489349,0.000000,42.000000,238.109803,0.000000,197.298050
2616,6782.489349,0.000000,42.000000,238.611196,0.000000,189.526462
2617,6782.489349,0.000000,42.000000,239.112589,0.000000,181.754875
2618,6782.489349,0.000000,42.000000,239.613981,0.000000,173.983287
2619,6782.489349,0.000000,42.000000,240.115374,0.000000,166.211699
2620,6782.489349,0.000000,42.000000,240.616767,0.000000,158.440111
2621,6782.489349,0.000000,42.000000,241.118160,0.000000,150.668524
2622,6782.489349,0.000000,42.000000,241.619553,0.000000,142.896936
2623,6782.489349,0.000000,42.000000,242.120945,0.000000,135.125348
2624,6782.489349,0.000000,42.000000,242.622338,0.000000,127.353760
2625,6782.489349,0.000000,42.000000,243.123731,0.000000,119.582173
2626,6782.489349,0.000000,42.000000,243.625124,0.000000,111.810585
2627,6782.489349,0.000000,42.000000,244.126516,0.000000,104.038997
2628,6782.489349,0.000000,42.000000,244.627909,0.000000,96.267409
2629,6782.489349,0.000000,42.000000,245.129302,0.000000,88.495822
2630,6782.489349,0.000000,42.000000,245.630695,0.000000,80.724234
2631,6782.489349,0.000000,42.000000,246.132087,0.000000,72.952646
2632,6782.489349,0.000000,42.000000,246.633480,0.000000,65.181058
2633,6782.489349,0.000000,42.000000,247.134873,0.000000,57.409471
2634,6782.489349,0.000000,42.000000,247.636266,0.000000,49.637883
2635,6782.489349,0.000000,42.000000,248.137658,0.000000,41.866295
2636,6782.489349,0.000000,42.000000,248.639051,0.000000,34.094708
2637,6782.489349,0.000000,42.000000,249.140444,0.000000,26.323120
2638,6782.489349,0.000000,42.000000,249.641837,0.000000,18.551532
2639,6782.489349,0.000000,42.000000,250.143229,0.000000,10.779944
2640,6782.489349,0.000000,42.000000,250.644622,0.000000,3.008357
2641,6782.489349,0.000000,42.000000,251.146015,0.000000,355.236769
2642,6782.489349,0.000000,42.000000,251.647408,0.000000,347.465181
2643,6782.489349,0.000000,42.000000,252.148800,0.000000,339.693593
2644,6782.489349,0.000000,42.000000,252.650193,0.000000,331.922006
2645,6782.489349,0.000000,42.000000,253.151586,0.000000,324.150418
2646,6782.489349,0.000000,42.000000,253.652979,0.000000,316.378830
2647,6782.489349,0.000000,42.000000,254.154371,0.000000,308.607242
2648,6782.489349,0.000000,42.000000,254.655764,0.000000,300.835655
2649,6782.489349,0.000000,42.000000,255.157157,0.000000,293.064067
2650,6782.489349,0.000000,42.000000,255.658550,0.000000,285.292479
2651,6782.489349,0.000000,42.000000,256.159942,0.000000,277.520891
2652,6782.489349,0.000000,42.000000,256.661335,0.000000,269.749304
2653,6782.489349,0.000000,42.000000,257.162728,0.000000,261.977716
2654,6782.489349,0.000000,42.000000,257.664121,0.000000,254.206128
2655,6782.489349,0.000000,42.000000,258.165514,0.000000,246.434540
2656,6782.489349,0.000000,42.000000,258.666906,0.000000,238.662953
2657,6782.489349,0.000000,42.000000,259.168299,0.000000,230.891365
2658,6782.489349,0.000000,42.000000,259.669692,0.000000,223.119777
2659,6782.489349,0.000000,42.000000,260.171085,0.000000,215.348189
2660,6782.489349,0.000000,42.000000,260.672477,0.000000,207.576602
2661,6782.489349,0.000000,42.000000,261.173870,0.000000,199.805014
2662,6782.489349,0.000000,42.000000,261.675263,0.000000,192.033426
2663,6782.489349,0.000000,42.000000,262.176656,0.000000,184.261838
2664,6782.489349,0.000000,42.000000,262.678048,0.000000,176.490251
2665,6782.489349,0.000000,42.000000,263.179441,0.000000,168.718663
2666,6782.489349,0.000000,42.000000,263.680834,0.000000,160.947075
2667,6782.489349,0.000000,42.000000,264.182227,0.000000,153.175487
2668,6782.489349,0.000000,42.000000,264.683619,0.000000,145.403900
2669,6782.489349,0.000000,42.000000,265.185012,0.000000,137.632312
2670,6782.489349,0.000000,42.000000,265.686405,0.000000,129.860724
2671,6782.489349,0.000000,42.000000,266.187798,0.000000,122.089136
2672,6782.489349,0.000000,42.000000,266.689190,0.000000,114.317549
2673,6782.489349,0.000000,42.000000,267.190583,0.000000,106.545961
2674,6782.489349,0.000000,42.000000,267.691976,0.000000,98.774373
2675,6782.489349,0.000000,42.000000,268.193369,0.000000,91.002786
2676,6782.489349,0.000000,42.000000,268.694761,0.000000,83.231198
2677,6782.489349,0.000000,42.000000,269.196154,0.000000,75.459610
2678,6782.489349,0.000000,42.000000,269.697547,0.000000,67.688022
2679,6782.489349,0.000000,42.000000,270.198940,0.000000,59.916435
2680,6782.489349,0.000000,42.000000,270.700332,0.000000,52.144847
2681,6782.489349,0.000000,42.000000,271.201725,0.000000,44.373259
2682,6782.489349,0.000000,42.000000,271.703118,0.000000,36.601671
2683,6782.489349,0.000000,42.000000,272.204511,0.000000,28.830084
2684,6782.489349,0.000000,42.000000,272.705903,0.000000,21.058496
2685,6782.489349,0.000000,42.000000,273.207296,0.000000,13.286908
2686,6782.489349,0.000000,42.000000,273.708689,0.000000,5.515320
2687,6782.489349,0.000000,42.000000,274.210082,0.000000,357.743733
2688,6782.489349,0.000000,42.000000,274.711475,0.000000,349.972145
2689,6782.489349,0.000000,42.000000,275.212867,0.000000,342.200557
2690,6782.489349,0.000000,42.000000,275.714260,0.000000,334.428969
2691,6782.489349,0.000000,42.000000,276.215653,0.000000,326.657382
2692,6782.489349,0.000000,42.000000,276.717046,0.000000,318.885794
2693,6782.489349,0.000000,42.000000,277.218438,0.000000,311.114206
2694,6782.489349,0.000000,42.000000,277.719831,0.000000,303.342618
2695,6782.489349,0.000000,42.000000,278.221224,0.000000,295.571031
2696,6782.489349,0.000000,42.000000,278.722617,0.000000,287.799443
2697,6782.489349,0.000000,42.000000,279.224009,0.000000,280.027855
2698,6782.489349,0.000000,42.000000,279.725402,0.000000,272.256267
2699,6782.489349,0.000000,42.000000,280.226795,0.000000,264.484680
2700,6782.489349,0.000000,42.000000,280.728188,0.000000,256.713092
2701,6782.489349,0.000000,42.000000,281.229580,0.000000,248.941504
2702,6782.489349,0.000000,42.000000,281.730973,0.000000,241.169916
2703,6782.489349,0.000000,42.000000,282.232366,0.000000,233.398329
2704,6782.489349,0.000000,42.000000,282.733759,0.000000,225.626741
2705,6782.489349,0.000000,42.000000,283.235151,0.000000,217.855153
2706,6782.489349,0.000000,42.000000,283.736544,0.000000,210.083565
2707,6782.489349,0.000000,42.000000,284.237937,0.000000,202.311978
2708,6782.489349,0.000000,42.000000,284.739330,0.000000,194.540390
2709,6782.489349,0.000000,42.000000,285.240722,0.000000,186.768802
2710,6782.489349,0.000000,42.000000,285.742115,0.000000,178.997214
2711,6782.489349,0.000000,42.000000,286.243508,0.000000,171.225627
2712,6782.489349,0.000000,42.000000,286.744901,0.000000,163.454039
2713,6782.489349,0.000000,42.000000,287.246293,0.000000,155.682451
2714,6782.489349,0.000000,42.000000,287.747686,0.000000,147.910864
2715,6782.489349,0.000000,42.000000,288.249079,0.000000,140.139276
2716,6782.489349,0.000000,42.000000,288.750472,0.000000,132.367688
2717,6782.489349,0.000000,42.000000,289.251864,0.000000,124.596100
2718,6782.489349,0.000000,42.000000,289.753257,0.000000,116.824513
2719,6782.489349,0.000000,42.000000,290.254650,0.000000,109.052925
2720,6782.489349,0.000000,42.000000,290.756043,0.000000,101.281337
2721,6782.489349,0.000000,42.000000,291.257436,0.000000,93.509749
2722,6782.489349,0.000000,42.000000,291.758828,0.000000,85.738162
2723,6782.489349,0.000000,42.000000,292.260221,0.000000,77.966574
2724,6782.489349,0.000000,42.000000,292.761614,0.000000,70.194986
2725,6782.489349,0.000000,42.000000,293.263007,0.000000,62.423398
2726,6782.489349,0.000000,42.000000,293.764399,0.000000,54.651811
2727,6782.489349,0.000000,42.000000,294.265792,0.000000,46.880223
2728,6782.489349,0.000000,42.000000,294.767185,0.000000,39.108635
2729,6782.489349,0.000000,42.000000,295.268578,0.000000,31.337047
2730,6782.489349,0.000000,42.000000,295.769970,0.000000,23.565460
2731,6782.489349,0.000000,42.000000,296.271363,0.000000,15.793872
2732,6782.489349,0.000000,42.000000,296.772756,0.000000,8.022284
2733,6782.489349,0.000000,42.000000,297.274149,0.000000,0.250696
2734,6782.489349,0.000000,42.000000,297.775541,0.000000,352.479109
2735,6782.489349,0.000000,42.000000,298.276934,0.000000,344.707521
2736,6782.489349,0.000000,42.000000,298.778327,0.000000,336.935933
2737,6782.489349,0.000000,42.000000,299.279720,0.000000,329.164345
2738,6782.489349,0.000000,42.000000,299.781112,0.000000,321.392758
2739,6782.489349,0.000000,42.000000,300.282505,0.000000,313.621170
2740,6782.489349,0.000000,42.000000,300.783898,0.000000,305.849582
2741,6782.489349,0.000000,42.000000,301.285291,0.000000,298.077994
2742,6782.489349,0.000000,42.000000,301.786683,0.000000,290.306407
2743,6782.489349,0.000000,42.000000,302.288076,0.000000,282.534819
2744,6782.489349,0.000000,42.000000,302.789469,0.000000,274.763231
2745,6782.489349,0.000000,42.000000,303.290862,0.000000,266.991643
2746,6782.489349,0.000000,42.000000,303.792254,0.000000,259.220056
2747,6782.489349,0.000000,42.000000,304.293647,0.000000,251.448468
2748,6782.489349,0.000000,42.000000,304.795040,0.000000,243.676880
2749,6782.489349,0.000000,42.000000,305.296433,0.000000,235.905292
2750,6782.489349,0.000000,42.000000,305.797826,0.000000,228.133705
2751,6782.489349,0.000000,42.000000,306.299218,0.000000,220.362117
2752,6782.489349,0.000000,42.000000,306.800611,0.000000,212.590529
2753,6782.489349,0.000000,42.000000,307.302004,0.000000,204.818942
2754,6782.489349,0.000000,42.000000,307.803397,0.000000,197.047354
2755,6782.489349,0.000000,42.000000,308.304789,0.000000,189.275766
2756,6782.489349,0.000000,42.000000,308.806182,0.000000,181.504178
2757,6782.489349,0.000000,42.000000,309.307575,0.000000,173.732591
2758,6782.489349,0.000000,42.000000,309.808968,0.000000,165.961003
2759,6782.489349,0.000000,42.000000,310.310360,0.000000,158.189415
2760,6782.489349,0.000000,42.000000,310.811753,0.000000,150.417827
2761,6782.489349,0.000000,42.000000,311.313146,0.000000,142.646240
2762,6782.489349,0.000000,42.000000,311.814539,0.000000,134.874652
2763,6782.489349,0.000000,42.000000,312.315931,0.000000,127.103064
2764,6782.489349,0.000000,42.000000,312.817324,0.000000,119.331476
2765,6782.489349,0.000000,42.000000,313.318717,0.000000,111.559889
2766,6782.489349,0.000000,42.000000,313.820110,0.000000,103.788301
2767,6782.489349,0.000000,42.000000,314.321502,0.000000,96.016713
2768,6782.489349,0.000000,42.000000,314.822895,0.000000,88.245125
2769,6782.489349,0.000000,42.000000,315.324288,0.000000,80.473538
2770,6782.489349,0.000000,42.000000,315.825681,0.000000,72.701950
2771,6782.489349,0.000000,42.000000,316.327073,0.000000,64.930362
2772,6782.489349,0.000000,42.000000,316.828466,0.000000,57.158774
2773,6782.489349,0.000000,42.000000,317.329859,0.000000,49.387187
2774,6782.489349,0.000000,42.000000,317.831252,0.000000,41.615599
2775,6782.489349,0.000000,42.000000,318.332644,0.000000,33.844011
2776,6782.489349,0.000000,42.000000,318.834037,0.000000,26.072423
2777,6782.489349,0.000000,42.000000,319.335430,0.000000,18.300836
2778,6782.489349,0.000000,42.000000,319.836823,0.000000,10.529248
2779,6782.489349,0.000000,42.000000,320.338215,0.000000,2.757660
2780,6782.489349,0.000000,42.000000,320.839608,0.000000,354.986072
2781,6782.489349,0.000000,42.000000,321.341001,0.000000,347.214485
2782,6782.489349,0.000000,42.000000,321.842394,0.000000,339.442897
2783,6782.489349,0.000000,42.000000,322.343787,0.000000,331.671309
2784,6782.489349,0.000000,42.000000,322.845179,0.000000,323.899721
2785,6782.489349,0.000000,42.000000,323.346572,0.000000,316.128134
2786,6782.489349,0.000000,42.000000,323.847965,0.000000,308.356546
2787,6782.489349,0.000000,42.000000,324.349358,0.000000,300.584958
2788,6782.489349,0.000000,42.000000,324.850750,0.000000,292.813370
2789,6782.489349,0.000000,42.000000,325.352143,0.000000,285.041783
2790,6782.489349,0.000000,42.000000,325.853536,0.000000,277.270195
2791,6782.489349,0.000000,42.000000,326.354929,0.000000,269.498607
2792,6782.489349,0.000000,42.000000,326.856321,0.000000,261.727019
2793,6782.489349,0.000000,42.000000,327.357714,0.000000,253.955432
2794,6782.489349,0.000000,42.000000,327.859107,0.000000,246.183844
2795,6782.489349,0.000000,42.000000,328.360500,0.000000,238.412256
2796,6782.489349,0.000000,42.000000,328.861892,0.000000,230.640669
2797,6782.489349,0.000000,42.000000,329.363285,0.000000,222.869081
2798,6782.489349,0.000000,42.000000,329.864678,0.000000,215.097493
2799,6782.489349,0.000000,42.000000,330.366071,0.000000,207.325905
2800,6782.489349,0.000000,42.000000,330.867463,0.000000,199.554318
2801,6782.489349,0.000000,42.000000,331.368856,0.000000,191.782730
2802,6782.489349,0.000000,42.000000,331.870249,0.000000,184.011142
2803,6782.489349,0.000000,42.000000,332.371642,0.000000,176.239554
2804,6782.489349,0.000000,42.000000,332.873034,0.000000,168.467967
2805,6782.489349,0.000000,42.000000,333.374427,0.000000,160.696379
2806,6782.489349,0.000000,42.000000,333.875820,0.000000,152.924791
2807,6782.489349,0.000000,42.000000,334.377213,0.000000,145.153203
2808,6782.489349,0.000000,42.000000,334.878605,0.000000,137.381616
2809,6782.489349,0.000000,42.000000,335.379998,0.000000,129.610028
2810,6782.489349,0.000000,42.000000,335.881391,0.000000,121.838440
2811,6782.489349,0.000000,42.000000,336.382784,0.000000,114.066852
2812,6782.489349,0.000000,42.000000,336.884176,0.000000,106.295265
2813,6782.489349,0.000000,42.000000,337.385569,0.000000,98.523677
2814,6782.489349,0.000000,42.000000,337.886962,0.000000,90.752089
2815,6782.489349,0.000000,42.000000,338.388355,0.000000,82.980501
2816,6782.489349,0.000000,42.000000,338.889748,0.000000,75.208914
2817,6782.489349,0.000000,42.000000,339.391140,0.000000,67.437326
2818,6782.489349,0.000000,42.000000,339.892533,0.000000,59.665738
2819,6782.489349,0.000000,42.000000,340.393926,0.000000,51.894150
2820,6782.489349,0.000000,42.000000,340.895319,0.000000,44.122563
2821,6782.489349,0.000000,42.000000,341.396711,0.000000,36.350975
2822,6782.489349,0.000000,42.000000,341.898104,0.000000,28.579387
2823,6782.489349,0.000000,42.000000,342.399497,0.000000,20.807799
2824,6782.489349,0.000000,42.000000,342.900890,0.000000,13.036212
2825,6782.489349,0.000000,42.000000,343.402282,0.000000,5.264624
2826,6782.489349,0.000000,42.000000,343.903675,0.000000,357.493036
2827,6782.489349,0.000000,42.000000,344.405068,0.000000,349.721448
2828,6782.489349,0.000000,42.000000,344.906461,0.000000,341.949861
2829,6782.489349,0.000000,42.000000,345.407853,0.000000,334.178273
2830,6782.489349,0.000000,42.000000,345.909246,0.000000,326.406685
2831,6782.489349,0.000000,42.000000,346.410639,0.000000,318.635097
2832,6782.489349,0.000000,42.000000,346.912032,0.000000,310.863510
2833,6782.489349,0.000000,42.000000,347.413424,0.000000,303.091922
2834,6782.489349,0.000000,42.000000,347.914817,0.000000,295.320334
2835,6782.489349,0.000000,42.000000,348.416210,0.000000,287.548747
2836,6782.489349,0.000000,42.000000,348.917603,0.000000,279.777159
2837,6782.489349,0.000000,42.000000,349.418995,0.000000,272.005571
2838,6782.489349,0.000000,42.000000,349.920388,0.000000,264.233983
2839,6782.489349,0.000000,42.000000,350.421781,0.000000,256.462396
2840,6782.489349,0.000000,42.000000,350.923174,0.000000,248.690808
2841,6782.489349,0.000000,42.000000,351.424566,0.000000,240.919220
2842,6782.489349,0.000000,42.000000,351.925959,0.000000,233.147632
2843,6782.489349,0.000000,42.000000,352.427352,0.000000,225.376045
2844,6782.489349,0.000000,42.000000,352.928745,0.000000,217.604457
2845,6782.489349,0.000000,42.000000,353.430137,0.000000,209.832869
2846,6782.489349,0.000000,42.000000,353.931530,0.000000,202.061281
2847,6782.489349,0.000000,42.000000,354.432923,0.000000,194.289694
2848,6782.489349,0.000000,42.000000,354.934316,0.000000,186.518106
2849,6782.489349,0.000000,42.000000,355.435709,0.000000,178.746518
2850,6782.489349,0.000000,42.000000,355.937101,0.000000,170.974930
2851,6782.489349,0.000000,42.000000,356.438494,0.000000,163.203343
2852,6782.489349,0.000000,42.000000,356.939887,0.000000,155.431755
2853,6782.489349,0.000000,42.000000,357.441280,0.000000,147.660167
2854,6782.489349,0.000000,42.000000,357.942672,0.000000,139.888579
2855,6782.489349,0.000000,42.000000,358.444065,0.000000,132.116992
2856,6782.489349,0.000000,42.000000,358.945458,0.000000,124.345404
2857,6782.489349,0.000000,42.000000,359.446851,0.000000,116.573816
2858,6782.489349,0.000000,42.000000,359.948243,0.000000,108.802228
2859,6782.489349,0.000000,42.000000,0.449636,0.000000,101.030641
2860,6782.489349,0.000000,42.000000,0.951029,0.000000,93.259053
2861,6782.489349,0.000000,42.000000,1.452422,0.000000,85.487465
2862,6782.489349,0.000000,42.000000,1.953814,0.000000,77.715877
2863,6782.489349,0.000000,42.000000,2.455207,0.000000,69.944290
2864,6782.489349,0.000000,42.000000,2.956600,0.000000,62.172702
2865,6782.489349,0.000000,42.000000,3.457993,0.000000,54.401114
2866,6782.489349,0.000000,42.000000,3.959385,0.000000,46.629526
2867,6782.489349,0.000000,42.000000,4.460778,0.000000,38.857939
2868,6782.489349,0.000000,42.000000,4.962171,0.000000,31.086351
2869,6782.489349,0.000000,42.000000,5.463564,0.000000,23.314763
2870,6782.489349,0.000000,42.000000,5.964956,0.000000,15.543175
2871,6782.489349,0.000000,42.000000,6.466349,0.000000,7.771588
2872,6782.489349,0.000000,49.000000,1.161290,0.000000,0.000000
2873,6782.489349,0.000000,49.000000,1.662683,0.000000,352.228412
2874,6782.489349,0.000000,49.000000,2.164076,0.000000,344.456825
2875,6782.489349,0.000000,49.000000,2.665469,0.000000,336.685237
2876,6782.489349,0.000000,49.000000,3.166861,0.000000,328.913649
2877,6782.489349,0.000000,49.000000,3.668254,0.000000,321.142061
2878,6782.489349,0.000000,49.000000,4.169647,0.000000,313.370474
2879,6782.489349,0.000000,49.000000,4.671040,0.000000,305.598886
2880,6782.489349,0.000000,49.000000,5.172432,0.000000,297.827298
2881,6782.489349,0.000000,49.000000,5.673825,0.000000,290.055710
2882,6782.489349,0.000000,49.000000,6.175218,0.000000,282.284123
2883,6782.489349,0.000000,49.000000,6.676611,0.000000,274.512535
2884,6782.489349,0.000000,49.000000,7.178003,0.000000,266.740947
2885,6782.489349,0.000000,49.000000,7.679396,0.000000,258.969359
2886,6782.489349,0.000000,49.000000,8.180789,0.000000,251.197772
2887,6782.489349,0.000000,49.000000,8.682182,0.000000,243.426184
2888,6782.489349,0.000000,49.000000,9.183574,0.000000,235.654596
2889,6782.489349,0.000000,49.000000,9.684967,0.000000,227.883008
2890,6782.489349,0.000000,49.000000,10.186360,0.000000,220.111421
2891,6782.489349,0.000000,49.000000,10.687753,0.000000,212.339833
2892,6782.489349,0.000000,49.000000,11.189145,0.000000,204.568245
2893,6782.489349,0.000000,49.000000,11.690538,0.000000,196.796657
2894,6782.489349,0.000000,49.000000,12.191931,0.000000,189.025070
2895,6782.489349,0.000000,49.000000,12.693324,0.000000,181.253482
2896,6782.489349,0.000000,49.000000,13.194717,0.000000,173.481894
2897,6782.489349,0.000000,49.000000,13.696109,0.000000,165.710306
2898,6782.489349,0.000000,49.000000,14.197502,0.000000,157.938719
2899,6782.489349,0.000000,49.000000,14.698895,0.000000,150.167131
2900,6782.489349,0.000000,49.000000,15.200288,0.000000,142.395543
2901,6782.489349,0.000000,49.000000,15.701680,0.000000,134.623955
2902,6782.489349,0.000000,49.000000,16.203073,0.000000,126.852368
2903,6782.489349,0.000000,49.000000,16.704466,0.000000,119.080780
2904,6782.489349,0.000000,49.000000,17.205859,0.000000,111.309192
2905,6782.489349,0.000000,49.000000,17.707251,0.000000,103.537604
2906,6782.489349,0.000000,49.000000,18.208644,0.000000,95.766017
2907,6782.489349,0.000000,49.000000,18.710037,0.000000,87.994429
2908,6782.489349,0.000000,49.000000,19.211430,0.000000,80.222841
2909,6782.489349,0.000000,49.000000,19.712822,0.000000,72.451253
2910,6782.489349,0.000000,49.000000,20.214215,0.000000,64.679666
2911,6782.489349,0.000000,49.000000,20.715608,0.000000,56.908078
2912,6782.489349,0.000000,49.000000,21.217001,0.000000,49.136490
2913,6782.489349,0.000000,49.000000,21.718393,0.000000,41.364903
2914,6782.489349,0.000000,49.000000,22.219786,0.000000,33.593315
2915,6782.489349,0.000000,49.000000,22.721179,0.000000,25.821727
2916,6782.489349,0.000000,49.000000,23.222572,0.000000,18.050139
2917,6782.489349,0.000000,49.000000,23.723964,0.000000,10.278552
2918,6782.489349,0.000000,49.000000,24.225357,0.000000,2.506964
2919,6782.489349,0.000000,49.000000,24.726750,0.000000,354.735376
2920,6782.489349,0.000000,49.000000,25.228143,0.000000,346.963788
2921,6782.489349,0.000000,49.000000,25.729535,0.000000,339.192201
2922,6782.489349,0.000000,49.000000,26.230928,0.000000,331.420613
2923,6782.489349,0.000000,49.000000,26.732321,0.000000,323.649025
2924,6782.489349,0.000000,49.000000,27.233714,0.000000,315.877437
2925,6782.489349,0.000000,49.000000,27.735106,0.000000,308.105850
2926,6782.489349,0.000000,49.000000,28.236499,0.000000,300.334262
2927,6782.489349,0.000000,49.000000,28.737892,0.000000,292.562674
2928,6782.489349,0.000000,49.000000,29.239285,0.000000,284.791086
2929,6782.489349,0.000000,49.000000,29.740678,0.000000,277.019499
2930,6782.489349,0.000000,49.000000,30.242070,0.000000,269.247911
2931,6782.489349,0.000000,49.000000,30.743463,0.000000,261.476323
2932,6782.489349,0.000000,49.000000,31.244856,0.000000,253.704735
2933,6782.489349,0.000000,49.000000,31.746249,0.000000,245.933148
2934,6782.489349,0.000000,49.000000,32.247641,0.000000,238.161560
2935,6782.489349,0.000000,49.000000,32.749034,0.000000,230.389972
2936,6782.489349,0.000000,49.000000,33.250427,0.000000,222.618384
2937,6782.489349,0.000000,49.000000,33.751820,0.000000,214.846797
2938,6782.489349,0.000000,49.000000,34.253212,0.000000,207.075209
2939,6782.489349,0.000000,49.000000,34.754605,0.000000,199.303621
2940,6782.489349,0.000000,49.000000,35.255998,0.000000,191.532033
2941,6782.489349,0.000000,49.000000,35.757391,0.000000,183.760446
2942,6782.489349,0.000000,49.000000,36.258783,0.000000,175.988858
2943,6782.489349,0.000000,49.000000,36.760176,0.000000,168.217270
2944,6782.489349,0.000000,49.000000,37.261569,0.000000,160.445682
2945,6782.489349,0.000000,49.000000,37.762962,0.000000,152.674095
2946,6782.489349,0.000000,49.000000,38.264354,0.000000,144.902507
2947,6782.489349,0.000000,49.000000,38.765747,0.000000,137.130919
2948,6782.489349,0.000000,49.000000,39.267140,0.000000,129.359331
2949,6782.489349,0.000000,49.000000,39.768533,0.000000,121.587744
2950,6782.489349,0.000000,49.000000,40.269925,0.000000,113.816156
2951,6782.489349,0.000000,49.000000,40.771318,0.000000,106.044568
2952,6782.489349,0.000000,49.000000,41.272711,0.000000,98.272981
2953,6782.489349,0.000000,49.000000,41.774104,0.000000,90.501393
2954,6782.489349,0.000000,49.000000,42.275496,0.000000,82.729805
2955,6782.489349,0.000000,49.000000,42.776889,0.000000,74.958217
2956,6782.489349,0.000000,49.000000,43.278282,0.000000,67.186630
2957,6782.489349,0.000000,49.000000,43.779675,0.000000,59.415042
2958,6782.489349,0.000000,49.000000,44.281067,0.000000,51.643454
2959,6782.489349,0.000000,49.000000,44.782460,0.000000,43.871866
2960,6782.489349,0.000000,49.000000,45.283853,0.000000,36.100279
2961,6782.489349,0.000000,49.000000,45.785246,0.000000,28.328691
2962,6782.489349,0.000000,49.000000,46.286639,0.000000,20.557103
2963,6782.489349,0.000000,49.000000,46.788031,0.000000,12.785515
2964,6782.489349,0.000000,49.000000,47.289424,0.000000,5.013928
2965,6782.489349,0.000000,49.000000,47.790817,0.000000,357.242340
2966,6782.489349,0.000000,49.000000,48.292210,0.000000,349.470752
2967,6782.489349,0.000000,49.000000,48.793602,0.000000,341.699164
2968,6782.489349,0.000000,49.000000,49.294995,0.000000,333.927577
2969,6782.489349,0.000000,49.000000,49.796388,0.000000,326.155989
2970,6782.489349,0.000000,49.000000,50.297781,0.000000,318.384401
2971,6782.489349,0.000000,49.000000,50.799173,0.000000,310.612813
2972,6782.489349,0.000000,49.000000,51.300566,0.000000,302.841226
2973,6782.489349,0.000000,49.000000,51.801959,0.000000,295.069638
2974,6782.489349,0.000000,49.000000,52.303352,0.000000,287.298050
2975,6782.489349,0.000000,49.000000,52.804744,0.000000,279.526462
2976,6782.489349,0.000000,49.000000,53.306137,0.000000,271.754875
2977,6782.489349,0.000000,49.000000,53.807530,0.000000,263.983287
2978,6782.489349,0.000000,49.000000,54.308923,0.000000,256.211699
2979,6782.489349,0.000000,49.000000,54.810315,0.000000,248.440111
2980,6782.489349,0.000000,49.000000,55.311708,0.000000,240.668524
2981,6782.489349,0.000000,49.000000,55.813101,0.000000,232.896936
2982,6782.489349,0.000000,49.000000,56.314494,0.000000,225.125348
2983,6782.489349,0.000000,49.000000,56.815886,0.000000,217.353760
2984,6782.489349,0.000000,49.000000,57.317279,0.000000,209.582173
2985,6782.489349,0.000000,49.000000,57.818672,0.000000,201.810585
2986,6782.489349,0.000000,49.000000,58.320065,0.000000,194.038997
2987,6782.489349,0.000000,49.000000,58.821457,0.000000,186.267409
2988,6782.489349,0.000000,49.000000,59.322850,0.000000,178.495822
2989,6782.489349,0.000000,49.000000,59.824243,0.000000,170.724234
2990,6782.489349,0.000000,49.000000,60.325636,0.000000,162.952646
2991,6782.489349,0.000000,49.000000,60.827028,0.000000,155.181058
2992,6782.489349,0.000000,49.000000,61.328421,0.000000,147.409471
2993,6782.489349,0.000000,49.000000,61.829814,0.000000,139.637883
2994,6782.489349,0.000000,49.000000,62.331207,0.000000,131.866295
2995,6782.489349,0.000000,49.000000,62.832600,0.000000,124.094708
2996,6782.489349,0.000000,49.000000,63.333992,0.000000,116.323120
2997,6782.489349,0.000000,49.000000,63.835385,0.000000,108.551532
2998,6782.489349,0.000000,49.000000,64.336778,0.000000,100.779944
2999,6782.489349,0.000000,49.000000,64.838171,0.000000,93.008357
3000,6782.489349,0.000000,49.000000,65.339563,0.000000,85.236769
3001,6782.489349,0.000000,49.000000,65.840956,0.000000,77.465181
3002,6782.489349,0.000000,49.000000,66.342349,0.000000,69.693593
3003,6782.489349,0.000000,49.000000,66.843742,0.000000,61.922006
3004,6782.489349,0.000000,49.000000,67.345134,0.000000,54.150418
3005,6782.489349,0.000000,49.000000,67.846527,0.000000,46.378830
3006,6782.489349,0.000000,49.000000,68.347920,0.000000,38.607242
3007,6782.489349,0.000000,49.000000,68.849313,0.000000,30.835655
3008,6782.489349,0.000000,49.000000,69.350705,0.000000,23.064067
3009,6782.489349,0.000000,49.000000,69.852098,0.000000,15.292479
3010,6782.489349,0.000000,49.000000,70.353491,0.000000,7.520891
3011,6782.489349,0.000000,49.000000,70.854884,0.000000,359.749304
3012,6782.489349,0.000000,49.000000,71.356276,0.000000,351.977716
3013,6782.489349,0.000000,49.000000,71.857669,0.000000,344.206128
3014,6782.489349,0.000000,49.000000,72.359062,0.000000,336.434540
3015,6782.489349,0.000000,49.000000,72.860455,0.000000,328.662953
3016,6782.489349,0.000000,49.000000,73.361847,0.000000,320.891365
3017,6782.489349,0.000000,49.000000,73.863240,0.000000,313.119777
3018,6782.489349,0.000000,49.000000,74.364633,0.000000,305.348189
3019,6782.489349,0.000000,49.000000,74.866026,0.000000,297.576602
3020,6782.489349,0.000000,49.000000,75.367418,0.000000,289.805014
3021,6782.489349,0.000000,49.000000,75.868811,0.000000,282.033426
3022,6782.489349,0.000000,49.000000,76.370204,0.000000,274.261838
3023,6782.489349,0.000000,49.000000,76.871597,0.000000,266.490251
3024,6782.489349,0.000000,49.000000,77.372989,0.000000,258.718663
3025,6782.489349,0.000000,49.000000,77.874382,0.000000,250.947075
3026,6782.489349,0.000000,49.000000,78.375775,0.000000,243.175487
3027,6782.489349,0.000000,49.000000,78.877168,0.000000,235.403900
3028,6782.489349,0.000000,49.000000,79.378561,0.000000,227.632312
3029,6782.489349,0.000000,49.000000,79.879953,0.000000,219.860724
3030,6782.489349,0.000000,49.000000,80.381346,0.000000,212.089136
3031,6782.489349,0.000000,49.000000,80.882739,0.000000,204.317549
3032,6782.489349,0.000000,49.000000,81.384132,0.000000,196.545961
3033,6782.489349,0.000000,49.000000,81.885524,0.000000,188.774373
3034,6782.489349,0.000000,49.000000,82.386917,0.000000,181.002786
3035,6782.489349,0.000000,49.000000,82.888310,0.000000,173.231198
3036,6782.489349,0.000000,49.000000,83.389703,0.000000,165.459610
3037,6782.489349,0.000000,49.000000,83.891095,0.000000,157.688022
3038,6782.489349,0.000000,49.000000,84.392488,0.000000,149.916435
3039,6782.489349,0.000000,49.000000,84.893881,0.000000,142.144847
3040,6782.489349,0.000000,49.000000,85.395274,0.000000,134.373259
3041,6782.489349,0.000000,49.000000,85.896666,0.000000,126.601671
3042,6782.489349,0.000000,49.000000,86.398059,0.000000,118.830084
3043,6782.489349,0.000000,49.000000,86.899452,0.000000,111.058496
3044,6782.489349,0.000000,49.000000,87.400845,0.000000,103.286908
3045,6782.489349,0.000000,49.000000,87.902237,0.000000,95.515320
3046,6782.489349,0.000000,49.000000,88.403630,0.000000,87.743733
3047,6782.489349,0.000000,49.000000,88.905023,0.000000,79.972145
3048,6782.489349,0.000000,49.000000,89.406416,0.000000,72.200557
3049,6782.489349,0.000000,49.000000,89.907808,0.000000,64.428969
3050,6782.489349,0.000000,49.000000,90.409201,0.000000,56.657382
3051,6782.489349,0.000000,49.000000,90.910594,0.000000,48.885794
3052,6782.489349,0.000000,49.000000,91.411987,0.000000,41.114206
3053,6782.489349,0.000000,49.000000,91.913379,0.000000,33.342618
3054,6782.489349,0.000000,49.000000,92.414772,0.000000,25.571031
3055,6782.489349,0.000000,49.000000,92.916165,0.000000,17.799443
3056,6782.489349,0.000000,49.000000,93.417558,0.000000,10.027855
3057,6782.489349,0.000000,49.000000,93.918950,0.000000,2.256267
3058,6782.489349,0.000000,49.000000,94.420343,0.000000,354.484680
3059,6782.489349,0.000000,49.000000,94.921736,0.000000,346.713092
3060,6782.489349,0.000000,49.000000,95.423129,0.000000,338.941504
3061,6782.489349,0.000000,49.000000,95.924522,0.000000,331.169916
3062,6782.489349,0.000000,49.000000,96.425914,0.000000,323.398329
3063,6782.489349,0.000000,49.000000,96.927307,0.000000,315.626741
3064,6782.489349,0.000000,49.000000,97.428700,0.000000,307.855153
3065,6782.489349,0.000000,49.000000,97.930093,0.000000,300.083565
3066,6782.489349,0.000000,49.000000,98.431485,0.000000,292.311978
3067,6782.489349,0.000000,49.000000,98.932878,0.000000,284.540390
3068,6782.489349,0.000000,49.000000,99.434271,0.000000,276.768802
3069,6782.489349,0.000000,49.000000,99.935664,0.000000,268.997214
3070,6782.489349,0.000000,49.000000,100.437056,0.000000,261.225627
3071,6782.489349,0.000000,49.000000,100.938449,0.000000,253.454039
3072,6782.489349,0.000000,49.000000,101.439842,0.000000,245.682451
3073,6782.489349,0.000000,49.000000,101.941235,0.000000,237.910864
3074,6782.489349,0.000000,49.000000,102.442627,0.000000,230.139276
3075,6782.489349,0.000000,49.000000,102.944020,0.000000,222.367688
3076,6782.489349,0.000000,49.000000,103.445413,0.000000,214.596100
3077,6782.489349,0.000000,49.000000,103.946806,0.000000,206.824513
3078,6782.489349,0.000000,49.000000,104.448198,0.000000,199.052925
3079,6782.489349,0.000000,49.000000,104.949591,0.000000,191.281337
3080,6782.489349,0.000000,49.000000,105.450984,0.000000,183.509749
3081,6782.489349,0.000000,49.000000,105.952377,0.000000,175.738162
3082,6782.489349,0.000000,49.000000,106.453769,0.000000,167.966574
3083,6782.489349,0.000000,49.000000,106.955162,0.000000,160.194986
3084,6782.489349,0.000000,49.000000,107.456555,0.000000,152.423398
3085,6782.489349,0.000000,49.000000,107.957948,0.000000,144.651811
3086,6782.489349,0.000000,49.000000,108.459340,0.000000,136.880223
3087,6782.489349,0.000000,49.000000,108.960733,0.000000,129.108635
3088,6782.489349,0.000000,49.000000,109.462126,0.000000,121.337047
3089,6782.489349,0.000000,49.000000,109.963519,0.000000,113.565460
3090,6782.489349,0.000000,49.000000,110.464911,0.000000,105.793872
3091,6782.489349,0.000000,49.000000,110.966304,0.000000,98.022284
3092,6782.489349,0.000000,49.000000,111.467697,0.000000,90.250696
3093,6782.489349,0.000000,49.000000,111.969090,0.000000,82.479109
3094,6782.489349,0.000000,49.000000,112.470483,0.000000,74.707521
3095,6782.489349,0.000000,49.000000,112.971875,0.000000,66.935933
3096,6782.489349,0.000000,49.000000,113.473268,0.000000,59.164345
3097,6782.489349,0.000000,49.000000,113.974661,0.000000,51.392758
3098,6782.489349,0.000000,49.000000,114.476054,0.000000,43.621170
3099,6782.489349,0.000000,49.000000,114.977446,0.000000,35.849582
3100,6782.489349,0.000000,49.000000,115.478839,0.000000,28.077994
3101,6782.489349,0.000000,49.000000,115.980232,0.000000,20.306407
3102,6782.489349,0.000000,49.000000,116.481625,0.000000,12.534819
3103,6782.489349,0.000000,49.000000,116.983017,0.000000,4.763231
3104,6782.489349,0.000000,49.000000,117.484410,0.000000,356.991643
3105,6782.489349,0.000000,49.000000,117.985803,0.000000,349.220056
3106,6782.489349,0.000000,49.000000,118.487196,0.000000,341.448468
3107,6782.489349,0.000000,49.000000,118.988588,0.000000,333.676880
3108,6782.489349,0.000000,49.000000,119.489981,0.000000,325.905292
3109,6782.489349,0.000000,49.000000,119.991374,0.000000,318.133705
3110,6782.489349,0.000000,49.000000,120.492767,0.000000,310.362117
3111,6782.489349,0.000000,49.000000,120.994159,0.000000,302.590529
3112,6782.489349,0.000000,49.000000,121.495552,0.000000,294.818942
3113,6782.489349,0.000000,49.000000,121.996945,0.000000,287.047354
3114,6782.489349,0.000000,49.000000,122.498338,0.000000,279.275766
3115,6782.489349,0.000000,49.000000,122.999730,0.000000,271.504178
3116,6782.489349,0.000000,49.000000,123.501123,0.000000,263.732591
3117,6782.489349,0.000000,49.000000,124.002516,0.000000,255.961003
3118,6782.489349,0.000000,49.000000,124.503909,0.000000,248.189415
3119,6782.489349,0.000000,49.000000,125.005301,0.000000,240.417827
3120,6782.489349,0.000000,49.000000,125.506694,0.000000,232.646240
3121,6782.489349,0.000000,49.000000,126.008087,0.000000,224.874652
3122,6782.489349,0.000000,49.000000,126.509480,0.000000,217.103064
3123,6782.489349,0.000000,49.000000,127.010872,0.000000,209.331476
3124,6782.489349,0.000000,49.000000,127.512265,0.000000,201.559889
3125,6782.489349,0.000000,49.000000,128.013658,0.000000,193.788301
3126,6782.489349,0.000000,49.000000,128.515051,0.000000,186.016713
3127,6782.489349,0.000000,49.000000,129.016444,0.000000,178.245125
3128,6782.489349,0.000000,49.000000,129.517836,0.000000,170.473538
3129,6782.489349,0.000000,49.000000,130.019229,0.000000,162.701950
3130,6782.489349,0.000000,49.000000,130.520622,0.000000,154.930362
3131,6782.489349,0.000000,49.000000,131.022015,0.000000,147.158774
3132,6782.489349,0.000000,49.000000,131.523407,0.000000,139.387187
3133,6782.489349,0.000000,49.000000,132.024800,0.000000,131.615599
3134,6782.489349,0.000000,49.000000,132.526193,0.000000,123.844011
3135,6782.489349,0.000000,49.000000,133.027586,0.000000,116.072423
3136,6782.489349,0.000000,49.000000,133.528978,0.000000,108.300836
3137,6782.489349,0.000000,49.000000,134.030371,0.000000,100.529248
3138,6782.489349,0.000000,49.000000,134.531764,0.000000,92.757660
3139,6782.489349,0.000000,49.000000,135.033157,0.000000,84.986072
3140,6782.489349,0.000000,49.000000,135.534549,0.000000,77.214485
3141,6782.489349,0.000000,49.000000,136.035942,0.000000,69.442897
3142,6782.489349,0.000000,49.000000,136.537335,0.000000,61.671309
3143,6782.489349,0.000000,49.000000,137.038728,0.000000,53.899721
3144,6782.489349,0.000000,49.000000,137.540120,0.000000,46.128134
3145,6782.489349,0.000000,49.000000,138.041513,0.000000,38.356546
3146,6782.489349,0.000000,49.000000,138.542906,0.000000,30.584958
3147,6782.489349,0.000000,49.000000,139.044299,0.000000,22.813370
3148,6782.489349,0.000000,49.000000,139.545691,0.000000,15.041783
3149,6782.489349,0.000000,49.000000,140.047084,0.000000,7.270195
3150,6782.489349,0.000000,49.000000,140.548477,0.000000,359.498607
3151,6782.489349,0.000000,49.000000,141.049870,0.000000,351.727019
3152,6782.489349,0.000000,49.000000,141.551262,0.000000,343.955432
3153,6782.489349,0.000000,49.000000,142.052655,0.000000,336.183844
3154,6782.489349,0.000000,49.000000,142.554048,0.000000,328.412256
3155,6782.489349,0.000000,49.000000,143.055441,0.000000,320.640669
3156,6782.489349,0.000000,49.000000,143.556833,0.000000,312.869081
3157,6782.489349,0.000000,49.000000,144.058226,0.000000,305.097493
3158,6782.489349,0.000000,49.000000,144.559619,0.000000,297.325905
3159,6782.489349,0.000000,49.000000,145.061012,0.000000,289.554318
3160,6782.489349,0.000000,49.000000,145.562405,0.000000,281.782730
3161,6782.489349,0.000000,49.000000,146.063797,0.000000,274.011142
3162,6782.489349,0.000000,49.000000,146.565190,0.000000,266.239554
3163,6782.489349,0.000000,49.000000,147.066583,0.000000,258.467967
3164,6782.489349,0.000000,49.000000,147.567976,0.000000,250.696379
3165,6782.489349,0.000000,49.000000,148.069368,0.000000,242.924791
3166,6782.489349,0.000000,49.000000,148.570761,0.000000,235.153203
3167,6782.489349,0.000000,49.000000,149.072154,0.000000,227.381616
3168,6782.489349,0.000000,49.000000,149.573547,0.000000,219.610028
3169,6782.489349,0.000000,49.000000,150.074939,0.000000,211.838440
3170,6782.489349,0.000000,49.000000,150.576332,0.000000,204.066852
3171,6782.489349,0.000000,49.000000,151.077725,0.000000,196.295265
3172,6782.489349,0.000000,49.000000,151.579118,0.000000,188.523677
3173,6782.489349,0.000000,49.000000,152.080510,0.000000,180.752089
3174,6782.489349,0.000000,49.000000,152.581903,0.000000,172.980501
3175,6782.489349,0.000000,49.000000,153.083296,0.000000,165.208914
3176,6782.489349,0.000000,49.000000,153.584689,0.000000,157.437326
3177,6782.489349,0.000000,49.000000,154.086081,0.000000,149.665738
3178,6782.489349,0.000000,49.000000,154.587474,0.000000,141.894150
3179,6782.489349,0.000000,49.000000,155.088867,0.000000,134.122563
3180,6782.489349,0.000000,49.000000,155.590260,0.000000,126.350975
3181,6782.489349,0.000000,49.000000,156.091652,0.000000,118.579387
3182,6782.489349,0.000000,49.000000,156.593045,0.000000,110.807799
3183,6782.489349,0.000000,49.000000,157.094438,0.000000,103.036212
3184,6782.489349,0.000000,49.000000,157.595831,0.000000,95.264624
3185,6782.489349,0.000000,49.000000,158.097223,0.000000,87.493036
3186,6782.489349,0.000000,49.000000,158.598616,0.000000,79.721448
3187,6782.489349,0.000000,49.000000,159.100009,0.000000,71.949861
3188,6782.489349,0.000000,49.000000,159.601402,0.000000,64.178273
3189,6782.489349,0.000000,49.000000,160.102795,0.000000,56.406685
3190,6782.489349,0.000000,49.000000,160.604187,0.000000,48.635097
3191,6782.489349,0.000000,49.000000,161.105580,0.000000,40.863510
3192,6782.489349,0.000000,49.000000,161.606973,0.000000,33.091922
3193,6782.489349,0.000000,49.000000,162.108366,0.000000,25.320334
3194,6782.489349,0.000000,49.000000,162.609758,0.000000,17.548747
3195,6782.489349,0.000000,49.000000,163.111151,0.000000,9.777159
3196,6782.489349,0.000000,49.000000,163.612544,0.000000,2.005571
3197,6782.489349,0.000000,49.000000,164.113937,0.000000,354.233983
3198,6782.489349,0.000000,49.000000,164.615329,0.000000,346.462396
3199,6782.489349,0.000000,49.000000,165.116722,0.000000,338.690808
3200,6782.489349,0.000000,49.000000,165.618115,0.000000,330.919220
3201,6782.489349,0.000000,49.000000,166.119508,0.000000,323.147632
3202,6782.489349,0.000000,49.000000,166.620900,0.000000,315.376045
3203,6782.489349,0.000000,49.000000,167.122293,0.000000,307.604457
3204,6782.489349,0.000000,49.000000,167.623686,0.000000,299.832869
3205,6782.489349,0.000000,49.000000,168.125079,0.000000,292.061281
3206,6782.489349,0.000000,49.000000,168.626471,0.000000,284.289694
3207,6782.489349,0.000000,49.000000,169.127864,0.000000,276.518106
3208,6782.489349,0.000000,49.000000,169.629257,0.000000,268.746518
3209,6782.489349,0.000000,49.000000,170.130650,0.000000,260.974930
3210,6782.489349,0.000000,49.000000,170.632042,0.000000,253.203343
3211,6782.489349,0.000000,49.000000,171.133435,0.000000,245.431755
3212,6782.489349,0.000000,49.000000,171.634828,0.000000,237.660167
3213,6782.489349,0.000000,49.000000,172.136221,0.000000,229.888579
3214,6782.489349,0.000000,49.000000,172.637613,0.000000,222.116992
3215,6782.489349,0.000000,49.000000,173.139006,0.000000,214.345404
3216,6782.489349,0.000000,49.000000,173.640399,0.000000,206.573816
3217,6782.489349,0.000000,49.000000,174.141792,0.000000,198.802228
3218,6782.489349,0.000000,49.000000,174.643184,0.000000,191.030641
3219,6782.489349,0.000000,49.000000,175.144577,0.000000,183.259053
3220,6782.489349,0.000000,49.000000,175.645970,0.000000,175.487465
3221,6782.489349,0.000000,49.000000,176.147363,0.000000,167.715877
3222,6782.489349,0.000000,49.000000,176.648756,0.000000,159.944290
3223,6782.489349,0.000000,49.000000,177.150148,0.000000,152.172702
3224,6782.489349,0.000000,49.000000,177.651541,0.000000,144.401114
3225,6782.489349,0.000000,49.000000,178.152934,0.000000,136.629526
3226,6782.489349,0.000000,49.000000,178.654327,0.000000,128.857939
3227,6782.489349,0.000000,49.000000,179.155719,0.000000,121.086351
3228,6782.489349,0.000000,49.000000,179.657112,0.000000,113.314763
3229,6782.489349,0.000000,49.000000,180.158505,0.000000,105.543175
3230,6782.489349,0.000000,49.000000,180.659898,0.000000,97.771588
3231,6782.489349,0.000000,49.000000,181.161290,0.000000,90.000000
3232,6782.489349,0.000000,49.000000,181.662683,0.000000,82.228412
3233,6782.489349,0.000000,49.000000,182.164076,0.000000,74.456825
3234,6782.489349,0.000000,49.000000,182.665469,0.000000,66.685237
3235,6782.489349,0.000000,49.000000,183.166861,0.000000,58.913649
3236,6782.489349,0.000000,49.000000,183.668254,0.000000,51.142061
3237,6782.489349,0.000000,49.000000,184.169647,0.000000,43.370474
3238,6782.489349,0.000000,49.000000,184.671040,0.000000,35.598886
3239,6782.489349,0.000000,49.000000,185.172432,0.000000,27.827298
3240,6782.489349,0.000000,49.000000,185.673825,0.000000,20.055710
3241,6782.489349,0.000000,49.000000,186.175218,0.000000,12.284123
3242,6782.489349,0.000000,49.000000,186.676611,0.000000,4.512535
3243,6782.489349,0.000000,49.000000,187.178003,0.000000,356.740947
3244,6782.489349,0.000000,49.000000,187.679396,0.000000,348.969359
3245,6782.489349,0.000000,49.000000,188.180789,0.000000,341.197772
3246,6782.489349,0.000000,49.000000,188.682182,0.000000,333.426184
3247,6782.489349,0.000000,49.000000,189.183574,0.000000,325.654596
3248,6782.489349,0.000000,49.000000,189.684967,0.000000,317.883008
3249,6782.489349,0.000000,49.000000,190.186360,0.000000,310.111421
3250,6782.489349,0.000000,49.000000,190.687753,0.000000,302.339833
3251,6782.489349,0.000000,49.000000,191.189145,0.000000,294.568245
3252,6782.489349,0.000000,49.000000,191.690538,0.000000,286.796657
3253,6782.489349,0.000000,49.000000,192.191931,0.000000,279.025070
3254,6782.489349,0.000000,49.000000,192.693324,0.000000,271.253482
3255,6782.489349,0.000000,49.000000,193.194717,0.000000,263.481894
3256,6782.489349,0.000000,49.000000,193.696109,0.000000,255.710306
3257,6782.489349,0.000000,49.000000,194.197502,0.000000,247.938719
3258,6782.489349,0.000000,49.000000,194.698895,0.000000,240.167131
3259,6782.489349,0.000000,49.000000,195.200288,0.000000,232.395543
3260,6782.489349,0.000000,49.000000,195.701680,0.000000,224.623955
3261,6782.489349,0.000000,49.000000,196.203073,0.000000,216.852368
3262,6782.489349,0.000000,49.000000,196.704466,0.000000,209.080780
3263,6782.489349,0.000000,49.000000,197.205859,0.000000,201.309192
3264,6782.489349,0.000000,49.000000,197.707251,0.000000,193.537604
3265,6782.489349,0.000000,49.000000,198.208644,0.000000,185.766017
3266,6782.489349,0.000000,49.000000,198.710037,0.000000,177.994429
3267,6782.489349,0.000000,49.000000,199.211430,0.000000,170.222841
3268,6782.489349,0.000000,49.000000,199.712822,0.000000,162.451253
3269,6782.489349,0.000000,49.000000,200.214215,0.000000,154.679666
3270,6782.489349,0.000000,49.000000,200.715608,0.000000,146.908078
3271,6782.489349,0.000000,49.000000,201.217001,0.000000,139.136490
3272,6782.489349,0.000000,49.000000,201.718393,0.000000,131.364903
3273,6782.489349,0.000000,49.000000,202.219786,0.000000,123.593315
3274,6782.489349,0.000000,49.000000,202.721179,0.000000,115.821727
3275,6782.489349,0.000000,49.000000,203.222572,0.000000,108.050139
3276,6782.489349,0.000000,49.000000,203.723964,0.000000,100.278552
3277,6782.489349,0.000000,49.000000,204.225357,0.000000,92.506964
3278,6782.489349,0.000000,49.000000,204.726750,0.000000,84.735376
3279,6782.489349,0.000000,49.000000,205.228143,0.000000,76.963788
3280,6782.489349,0.000000,49.000000,205.729535,0.000000,69.192201
3281,6782.489349,0.000000,49.000000,206.230928,0.000000,61.420613
3282,6782.489349,0.000000,49.000000,206.732321,0.000000,53.649025
3283,6782.489349,0.000000,49.000000,207.233714,0.000000,45.877437
3284,6782.489349,0.000000,49.000000,207.735106,0.000000,38.105850
3285,6782.489349,0.000000,49.000000,208.236499,0.000000,30.334262
3286,6782.489349,0.000000,49.000000,208.737892,0.000000,22.562674
3287,6782.489349,0.000000,49.000000,209.239285,0.000000,14.791086
3288,6782.489349,0.000000,49.000000,209.740678,0.000000,7.019499
3289,6782.489349,0.000000,49.000000,210.242070,0.000000,359.247911
3290,6782.489349,0.000000,49.000000,210.743463,0.000000,351.476323
3291,6782.489349,0.000000,49.000000,211.244856,0.000000,343.704735
3292,6782.489349,0.000000,49.000000,211.746249,0.000000,335.933148
3293,6782.489349,0.000000,49.000000,212.247641,0.000000,328.161560
3294,6782.489349,0.000000,49.000000,212.749034,0.000000,320.389972
3295,6782.489349,0.000000,49.000000,213.250427,0.000000,312.618384
3296,6782.489349,0.000000,49.000000,213.751820,0.000000,304.846797
3297,6782.489349,0.000000,49.000000,214.253212,0.000000,297.075209
3298,6782.489349,0.000000,49.000000,214.754605,0.000000,289.303621
3299,6782.489349,0.000000,49.000000,215.255998,0.000000,281.532033
3300,6782.489349,0.000000,49.000000,215.757391,0.000000,273.760446
3301,6782.489349,0.000000,49.000000,216.258783,0.000000,265.988858
3302,6782.489349,0.000000,49.000000,216.760176,0.000000,258.217270
3303,6782.489349,0.000000,49.000000,217.261569,0.000000,250.445682
3304,6782.489349,0.000000,49.000000,217.762962,0.000000,242.674095
3305,6782.489349,0.000000,49.000000,218.264354,0.000000,234.902507
3306,6782.489349,0.000000,49.000000,218.765747,0.000000,227.130919
3307,6782.489349,0.000000,49.000000,219.267140,0.000000,219.359331
3308,6782.489349,0.000000,49.000000,219.768533,0.000000,211.587744
3309,6782.489349,0.000000,49.000000,220.269925,0.000000,203.816156
3310,6782.489349,0.000000,49.000000,220.771318,0.000000,196.044568
3311,6782.489349,0.000000,49.000000,221.272711,0.000000,188.272981
3312,6782.489349,0.000000,49.000000,221.774104,0.000000,180.501393
3313,6782.489349,0.000000,49.000000,222.275496,0.000000,172.729805
3314,6782.489349,0.000000,49.000000,222.776889,0.000000,164.958217
3315,6782.489349,0.000000,49.000000,223.278282,0.000000,157.186630
3316,6782.489349,0.000000,49.000000,223.779675,0.000000,149.415042
3317,6782.489349,0.000000,49.000000,224.281067,0.000000,141.643454
3318,6782.489349,0.000000,49.000000,224.782460,0.000000,133.871866
3319,6782.489349,0.000000,49.000000,225.283853,0.000000,126.100279
3320,6782.489349,0.000000,49.000000,225.785246,0.000000,118.328691
3321,6782.489349,0.000000,49.000000,226.286639,0.000000,110.557103
3322,6782.489349,0.000000,49.000000,226.788031,0.000000,102.785515
3323,6782.489349,0.000000,49.000000,227.289424,0.000000,95.013928
3324,6782.489349,0.000000,49.000000,227.790817,0.000000,87.242340
3325,6782.489349,0.000000,49.000000,228.292210,0.000000,79.470752
3326,6782.489349,0.000000,49.000000,228.793602,0.000000,71.699164
3327,6782.489349,0.000000,49.000000,229.294995,0.000000,63.927577
3328,6782.489349,0.000000,49.000000,229.796388,0.000000,56.155989
3329,6782.489349,0.000000,49.000000,230.297781,0.000000,48.384401
3330,6782.489349,0.000000,49.000000,230.799173,0.000000,40.612813
3331,6782.489349,0.000000,49.000000,231.300566,0.000000,32.841226
3332,6782.489349,0.000000,49.000000,231.801959,0.000000,25.069638
3333,6782.489349,0.000000,49.000000,232.303352,0.000000,17.298050
3334,6782.489349,0.000000,49.000000,232.804744,0.000000,9.526462
3335,6782.489349,0.000000,49.000000,233.306137,0.000000,1.754875
3336,6782.489349,0.000000,49.000000,233.807530,0.000000,353.983287
3337,6782.489349,0.000000,49.000000,234.308923,0.000000,346.211699
3338,6782.489349,0.000000,49.000000,234.810315,0.000000,338.440111
3339,6782.489349,0.000000,49.000000,235.311708,0.000000,330.668524
3340,6782.489349,0.000000,49.000000,235.813101,0.000000,322.896936
3341,6782.489349,0.000000,49.000000,236.314494,0.000000,315.125348
3342,6782.489349,0.000000,49.000000,236.815886,0.000000,307.353760
3343,6782.489349,0.000000,49.000000,237.317279,0.000000,299.582173
3344,6782.489349,0.000000,49.000000,237.818672,0.000000,291.810585
3345,6782.489349,0.000000,49.000000,238.320065,0.000000,284.038997
3346,6782.489349,0.000000,49.000000,238.821457,0.000000,276.267409
3347,6782.489349,0.000000,49.000000,239.322850,0.000000,268.495822
3348,6782.489349,0.000000,49.000000,239.824243,0.000000,260.724234
3349,6782.489349,0.000000,49.000000,240.325636,0.000000,252.952646
3350,6782.489349,0.000000,49.000000,240.827028,0.000000,245.181058
3351,6782.489349,0.000000,49.000000,241.328421,0.000000,237.409471
3352,6782.489349,0.000000,49.000000,241.829814,0.000000,229.637883
3353,6782.489349,0.000000,49.000000,242.331207,0.000000,221.866295
3354,6782.489349,0.000000,49.000000,242.832600,0.000000,214.094708
3355,6782.489349,0.000000,49.000000,243.333992,0.000000,206.323120
3356,6782.489349,0.000000,49.000000,243.835385,0.000000,198.551532
3357,6782.489349,0.000000,49.000000,244.336778,0.000000,190.779944
3358,6782.489349,0.000000,49.000000,244.838171,0.000000,183.008357
3359,6782.489349,0.000000,49.000000,245.339563,0.000000,175.236769
3360,6782.489349,0.000000,49.000000,245.840956,0.000000,167.465181
3361,6782.489349,0.000000,49.000000,246.342349,0.000000,159.693593
3362,6782.489349,0.000000,49.000000,246.843742,0.000000,151.922006
3363,6782.489349,0.000000,49.000000,247.345134,0.000000,144.150418
3364,6782.489349,0.000000,49.000000,247.846527,0.000000,136.378830
3365,6782.489349,0.000000,49.000000,248.347920,0.000000,128.607242
3366,6782.489349,0.000000,49.000000,248.849313,0.000000,120.835655
3367,6782.489349,0.000000,49.000000,249.350705,0.000000,113.064067
3368,6782.489349,0.000000,49.000000,249.852098,0.000000,105.292479
3369,6782.489349,0.000000,49.000000,250.353491,0.000000,97.520891
3370,6782.489349,0.000000,49.000000,250.854884,0.000000,89.749304
3371,6782.489349,0.000000,49.000000,251.356276,0.000000,81.977716
3372,6782.489349,0.000000,49.000000,251.857669,0.000000,74.206128
3373,6782.489349,0.000000,49.000000,252.359062,0.000000,66.434540
3374,6782.489349,0.000000,49.000000,252.860455,0.000000,58.662953
3375,6782.489349,0.000000,49.000000,253.361847,0.000000,50.891365
3376,6782.489349,0.000000,49.000000,253.863240,0.000000,43.119777
3377,6782.489349,0.000000,49.000000,254.364633,0.000000,35.348189
3378,6782.489349,0.000000,49.000000,254.866026,0.000000,27.576602
3379,6782.489349,0.000000,49.000000,255.367418,0.000000,19.805014
3380,6782.489349,0.000000,49.000000,255.868811,0.000000,12.033426
3381,6782.489349,0.000000,49.000000,256.370204,0.000000,4.261838
3382,6782.489349,0.000000,49.000000,256.871597,0.000000,356.490251
3383,6782.489349,0.000000,49.000000,257.372989,0.000000,348.718663
3384,6782.489349,0.000000,49.000000,257.874382,0.000000,340.947075
3385,6782.489349,0.000000,49.000000,258.375775,0.000000,333.175487
3386,6782.489349,0.000000,49.000000,258.877168,0.000000,325.403900
3387,6782.489349,0.000000,49.000000,259.378561,0.000000,317.632312
3388,6782.489349,0.000000,49.000000,259.879953,0.000000,309.860724
3389,6782.489349,0.000000,49.000000,260.381346,0.000000,302.089136
3390,6782.489349,0.000000,49.000000,260.882739,0.000000,294.317549
3391,6782.489349,0.000000,49.000000,261.384132,0.000000,286.545961
3392,6782.489349,0.000000,49.000000,261.885524,0.000000,278.774373
3393,6782.489349,0.000000,49.000000,262.386917,0.000000,271.002786
3394,6782.489349,0.000000,49.000000,262.888310,0.000000,263.231198
3395,6782.489349,0.000000,49.000000,263.389703,0.000000,255.459610
3396,6782.489349,0.000000,49.000000,263.891095,0.000000,247.688022
3397,6782.489349,0.000000,49.000000,264.392488,0.000000,239.916435
3398,6782.489349,0.000000,49.000000,264.893881,0.000000,232.144847
3399,6782.489349,0.000000,49.000000,265.395274,0.000000,224.373259
3400,6782.489349,0.000000,49.000000,265.896666,0.000000,216.601671
3401,6782.489349,0.000000,49.000000,266.398059,0.000000,208.830084
3402,6782.489349,0.000000,49.000000,266.899452,0.000000,201.058496
3403,6782.489349,0.000000,49.000000,267.400845,0.000000,193.286908
3404,6782.489349,0.000000,49.000000,267.902237,0.000000,185.515320
3405,6782.489349,0.000000,49.000000,268.403630,0.000000,177.743733
3406,6782.489349,0.000000,49.000000,268.905023,0.000000,169.972145
3407,6782.489349,0.000000,49.000000,269.406416,0.000000,162.200557
3408,6782.489349,0.000000,49.000000,269.907808,0.000000,154.428969
3409,6782.489349,0.000000,49.000000,270.409201,0.000000,146.657382
3410,6782.489349,0.000000,49.000000,270.910594,0.000000,138.885794
3411,6782.489349,0.000000,49.000000,271.411987,0.000000,131.114206
3412,6782.489349,0.000000,49.000000,271.913379,0.000000,123.342618
3413,6782.489349,0.000000,49.000000,272.414772,0.000000,115.571031
3414,6782.489349,0.000000,49.000000,272.916165,0.000000,107.799443
3415,6782.489349,0.000000,49.000000,273.417558,0.000000,100.027855
3416,6782.489349,0.000000,49.000000,273.918950,0.000000,92.256267
3417,6782.489349,0.000000,49.000000,274.420343,0.000000,84.484680
3418,6782.489349,0.000000,49.000000,274.921736,0.000000,76.713092
3419,6782.489349,0.000000,49.000000,275.423129,0.000000,68.941504
3420,6782.489349,0.000000,49.000000,275.924522,0.000000,61.169916
3421,6782.489349,0.000000,49.000000,276.425914,0.000000,53.398329
3422,6782.489349,0.000000,49.000000,276.927307,0.000000,45.626741
3423,6782.489349,0.000000,49.000000,277.428700,0.000000,37.855153
3424,6782.489349,0.000000,49.000000,277.930093,0.000000,30.083565
3425,6782.489349,0.000000,49.000000,278.431485,0.000000,22.311978
3426,6782.489349,0.000000,49.000000,278.932878,0.000000,14.540390
3427,6782.489349,0.000000,49.000000,279.434271,0.000000,6.768802
3428,6782.489349,0.000000,49.000000,279.935664,0.000000,358.997214
3429,6782.489349,0.000000,49.000000,280.437056,0.000000,351.225627
3430,6782.489349,0.000000,49.000000,280.938449,0.000000,343.454039
3431,6782.489349,0.000000,49.000000,281.439842,0.000000,335.682451
3432,6782.489349,0.000000,49.000000,281.941235,0.000000,327.910864
3433,6782.489349,0.000000,49.000000,282.442627,0.000000,320.139276
3434,6782.489349,0.000000,49.000000,282.944020,0.000000,312.367688
3435,6782.489349,0.000000,49.000000,283.445413,0.000000,304.596100
3436,6782.489349,0.000000,49.000000,283.946806,0.000000,296.824513
3437,6782.489349,0.000000,49.000000,284.448198,0.000000,289.052925
3438,6782.489349,0.000000,49.000000,284.949591,0.000000,281.281337
3439,6782.489349,0.000000,49.000000,285.450984,0.000000,273.509749
3440,6782.489349,0.000000,49.000000,285.952377,0.000000,265.738162
3441,6782.489349,0.000000,49.000000,286.453769,0.000000,257.966574
3442,6782.489349,0.000000,49.000000,286.955162,0.000000,250.194986
3443,6782.489349,0.000000,49.000000,287.456555,0.000000,242.423398
3444,6782.489349,0.000000,49.000000,287.957948,0.000000,234.651811
3445,6782.489349,0.000000,49.000000,288.459340,0.000000,226.880223
3446,6782.489349,0.000000,49.000000,288.960733,0.000000,219.108635
3447,6782.489349,0.000000,49.000000,289.462126,0.000000,211.337047
3448,6782.489349,0.000000,49.000000,289.963519,0.000000,203.565460
3449,6782.489349,0.000000,49.000000,290.464911,0.000000,195.793872
3450,6782.489349,0.000000,49.000000,290.966304,0.000000,188.022284
3451,6782.489349,0.000000,49.000000,291.467697,0.000000,180.250696
3452,6782.489349,0.000000,49.000000,291.969090,0.000000,172.479109
3453,6782.489349,0.000000,49.000000,292.470483,0.000000,164.707521
3454,6782.489349,0.000000,49.000000,292.971875,0.000000,156.935933
3455,6782.489349,0.000000,49.000000,293.473268,0.000000,149.164345
3456,6782.489349,0.000000,49.000000,293.974661,0.000000,141.392758
3457,6782.489349,0.000000,49.000000,294.476054,0.000000,133.621170
3458,6782.489349,0.000000,49.000000,294.977446,0.000000,125.849582
3459,6782.489349,0.000000,49.000000,295.478839,0.000000,118.077994
3460,6782.489349,0.000000,49.000000,295.980232,0.000000,110.306407
3461,6782.489349,0.000000,49.000000,296.481625,0.000000,102.534819
3462,6782.489349,0.000000,49.000000,296.983017,0.000000,94.763231
3463,6782.489349,0.000000,49.000000,297.484410,0.000000,86.991643
3464,6782.489349,0.000000,49.000000,297.985803,0.000000,79.220056
3465,6782.489349,0.000000,49.000000,298.487196,0.000000,71.448468
3466,6782.489349,0.000000,49.000000,298.988588,0.000000,63.676880
3467,6782.489349,0.000000,49.000000,299.489981,0.000000,55.905292
3468,6782.489349,0.000000,49.000000,299.991374,0.000000,48.133705
3469,6782.489349,0.000000,49.000000,300.492767,0.000000,40.362117
3470,6782.489349,0.000000,49.000000,300.994159,0.000000,32.590529
3471,6782.489349,0.000000,49.000000,301.495552,0.000000,24.818942
3472,6782.489349,0.000000,49.000000,301.996945,0.000000,17.047354
3473,6782.489349,0.000000,49.000000,302.498338,0.000000,9.275766
3474,6782.489349,0.000000,49.000000,302.999730,0.000000,1.504178
3475,6782.489349,0.000000,49.000000,303.501123,0.000000,353.732591
3476,6782.489349,0.000000,49.000000,304.002516,0.000000,345.961003
3477,6782.489349,0.000000,49.000000,304.503909,0.000000,338.189415
3478,6782.489349,0.000000,49.000000,305.005301,0.000000,330.417827
3479,6782.489349,0.000000,49.000000,305.506694,0.000000,322.646240
3480,6782.489349,0.000000,49.000000,306.008087,0.000000,314.874652
3481,6782.489349,0.000000,49.000000,306.509480,0.000000,307.103064
3482,6782.489349,0.000000,49.000000,307.010872,0.000000,299.331476
3483,6782.489349,0.000000,49.000000,307.512265,0.000000,291.559889
3484,6782.489349,0.000000,49.000000,308.013658,0.000000,283.788301
3485,6782.489349,0.000000,49.000000,308.515051,0.000000,276.016713
3486,6782.489349,0.000000,49.000000,309.016444,0.000000,268.245125
3487,6782.489349,0.000000,49.000000,309.517836,0.000000,260.473538
3488,6782.489349,0.000000,49.000000,310.019229,0.000000,252.701950
3489,6782.489349,0.000000,49.000000,310.520622,0.000000,244.930362
3490,6782.489349,0.000000,49.000000,311.022015,0.000000,237.158774
3491,6782.489349,0.000000,49.000000,311.523407,0.000000,229.387187
3492,6782.489349,0.000000,49.000000,312.024800,0.000000,221.615599
3493,6782.489349,0.000000,49.000000,312.526193,0.000000,213.844011
3494,6782.489349,0.000000,49.000000,313.027586,0.000000,206.072423
3495,6782.489349,0.000000,49.000000,313.528978,0.000000,198.300836
3496,6782.489349,0.000000,49.000000,314.030371,0.000000,190.529248
3497,6782.489349,0.000000,49.000000,314.531764,0.000000,182.757660
3498,6782.489349,0.000000,49.000000,315.033157,0.000000,174.986072
3499,6782.489349,0.000000,49.000000,315.534549,0.000000,167.214485
3500,6782.489349,0.000000,49.000000,316.035942,0.000000,159.442897
3501,6782.489349,0.000000,49.000000,316.537335,0.000000,151.671309
3502,6782.489349,0.000000,49.000000,317.038728,0.000000,143.899721
3503,6782.489349,0.000000,49.000000,317.540120,0.000000,136.128134
3504,6782.489349,0.000000,49.000000,318.041513,0.000000,128.356546
3505,6782.489349,0.000000,49.000000,318.542906,0.000000,120.584958
3506,6782.489349,0.000000,49.000000,319.044299,0.000000,112.813370
3507,6782.489349,0.000000,49.000000,319.545691,0.000000,105.041783
3508,6782.489349,0.000000,49.000000,320.047084,0.000000,97.270195
3509,6782.489349,0.000000,49.000000,320.548477,0.000000,89.498607
3510,6782.489349,0.000000,49.000000,321.049870,0.000000,81.727019
3511,6782.489349,0.000000,49.000000,321.551262,0.000000,73.955432
3512,6782.489349,0.000000,49.000000,322.052655,0.000000,66.183844
3513,6782.489349,0.000000,49.000000,322.554048,0.000000,58.412256
3514,6782.489349,0.000000,49.000000,323.055441,0.000000,50.640669
3515,6782.489349,0.000000,49.000000,323.556833,0.000000,42.869081
3516,6782.489349,0.000000,49.000000,324.058226,0.000000,35.097493
3517,6782.489349,0.000000,49.000000,324.559619,0.000000,27.325905
3518,6782.489349,0.000000,49.000000,325.061012,0.000000,19.554318
3519,6782.489349,0.000000,49.000000,325.562405,0.000000,11.782730
3520,6782.489349,0.000000,49.000000,326.063797,0.000000,4.011142
3521,6782.489349,0.000000,49.000000,326.565190,0.000000,356.239554
3522,6782.489349,0.000000,49.000000,327.066583,0.000000,348.467967
3523,6782.489349,0.000000,49.000000,327.567976,0.000000,340.696379
3524,6782.489349,0.000000,49.000000,328.069368,0.000000,332.924791
3525,6782.489349,0.000000,49.000000,328.570761,0.000000,325.153203
3526,6782.489349,0.000000,49.000000,329.072154,0.000000,317.381616
3527,6782.489349,0.000000,49.000000,329.573547,0.000000,309.610028
3528,6782.489349,0.000000,49.000000,330.074939,0.000000,301.838440
3529,6782.489349,0.000000,49.000000,330.576332,0.000000,294.066852
3530,6782.489349,0.000000,49.000000,331.077725,0.000000,286.295265
3531,6782.489349,0.000000,49.000000,331.579118,0.000000,278.523677
3532,6782.489349,0.000000,49.000000,332.080510,0.000000,270.752089
3533,6782.489349,0.000000,49.000000,332.581903,0.000000,262.980501
3534,6782.489349,0.000000,49.000000,333.083296,0.000000,255.208914
3535,6782.489349,0.000000,49.000000,333.584689,0.000000,247.437326
3536,6782.489349,0.000000,49.000000,334.086081,0.000000,239.665738
3537,6782.489349,0.000000,49.000000,334.587474,0.000000,231.894150
3538,6782.489349,0.000000,49.000000,335.088867,0.000000,224.122563
3539,6782.489349,0.000000,49.000000,335.590260,0.000000,216.350975
3540,6782.489349,0.000000,49.000000,336.091652,0.000000,208.579387
3541,6782.489349,0.000000,49.000000,336.593045,0.000000,200.807799
3542,6782.489349,0.000000,49.000000,337.094438,0.000000,193.036212
3543,6782.489349,0.000000,49.000000,337.595831,0.000000,185.264624
3544,6782.489349,0.000000,49.000000,338.097223,0.000000,177.493036
3545,6782.489349,0.000000,49.000000,338.598616,0.000000,169.721448
3546,6782.489349,0.000000,49.000000,339.100009,0.000000,161.949861
3547,6782.489349,0.000000,49.000000,339.601402,0.000000,154.178273
3548,6782.489349,0.000000,49.000000,340.102795,0.000000,146.406685
3549,6782.489349,0.000000,49.000000,340.604187,0.000000,138.635097
3550,6782.489349,0.000000,49.000000,341.105580,0.000000,130.863510
3551,6782.489349,0.000000,49.000000,341.606973,0.000000,123.091922
3552,6782.489349,0.000000,49.000000,342.108366,0.000000,115.320334
3553,6782.489349,0.000000,49.000000,342.609758,0.000000,107.548747
3554,6782.489349,0.000000,49.000000,343.111151,0.000000,99.777159
3555,6782.489349,0.000000,49.000000,343.612544,0.000000,92.005571
3556,6782.489349,0.000000,49.000000,344.113937,0.000000,84.233983
3557,6782.489349,0.000000,49.000000,344.615329,0.000000,76.462396
3558,6782.489349,0.000000,49.000000,345.116722,0.000000,68.690808
3559,6782.489349,0.000000,49.000000,345.618115,0.000000,60.919220
3560,6782.489349,0.000000,49.000000,346.119508,0.000000,53.147632
3561,6782.489349,0.000000,49.000000,346.620900,0.000000,45.376045
3562,6782.489349,0.000000,49.000000,347.122293,0.000000,37.604457
3563,6782.489349,0.000000,49.000000,347.623686,0.000000,29.832869
3564,6782.489349,0.000000,49.000000,348.125079,0.000000,22.061281
3565,6782.489349,0.000000,49.000000,348.626471,0.000000,14.289694
3566,6782.489349,0.000000,49.000000,349.127864,0.000000,6.518106
3567,6782.489349,0.000000,49.000000,349.629257,0.000000,358.746518
3568,6782.489349,0.000000,49.000000,350.130650,0.000000,350.974930
3569,6782.489349,0.000000,49.000000,350.632042,0.000000,343.203343
3570,6782.489349,0.000000,49.000000,351.133435,0.000000,335.431755
3571,6782.489349,0.000000,49.000000,351.634828,0.000000,327.660167
3572,6782.489349,0.000000,49.000000,352.136221,0.000000,319.888579
3573,6782.489349,0.000000,49.000000,352.637613,0.000000,312.116992
3574,6782.489349,0.000000,49.000000,353.139006,0.000000,304.345404
3575,6782.489349,0.000000,49.000000,353.640399,0.000000,296.573816
3576,6782.489349,0.000000,49.000000,354.141792,0.000000,288.802228
3577,6782.489349,0.000000,49.000000,354.643184,0.000000,281.030641
3578,6782.489349,0.000000,49.000000,355.144577,0.000000,273.259053
3579,6782.489349,0.000000,49.000000,355.645970,0.000000,265.487465
3580,6782.489349,0.000000,49.000000,356.147363,0.000000,257.715877
3581,6782.489349,0.000000,49.000000,356.648756,0.000000,249.944290
3582,6782.489349,0.000000,49.000000,357.150148,0.000000,242.172702
3583,6782.489349,0.000000,49.000000,357.651541,0.000000,234.401114
3584,6782.489349,0.000000,49.000000,358.152934,0.000000,226.629526
3585,6782.489349,0.000000,49.000000,358.654327,0.000000,218.857939
3586,6782.489349,0.000000,49.000000,359.155719,0.000000,211.086351
3587,6782.489349,0.000000,49.000000,359.657112,0.000000,203.314763
3588,6782.489349,0.000000,49.000000,0.158505,0.000000,195.543175
3589,6782.489349,0.000000,49.000000,0.659898,0.000000,187.771588
3590,6782.489349,0.000000,49.000000,1.161290,0.000000,180.000000
3591,6782.489349,0.000000,49.000000,1.662683,0.000000,172.228412
3592,6782.489349,0.000000,49.000000,2.164076,0.000000,164.456825
3593,6782.489349,0.000000,49.000000,2.665469,0.000000,156.685237
3594,6782.489349,0.000000,49.000000,3.166861,0.000000,148.913649
3595,6782.489349,0.000000,49.000000,3.668254,0.000000,141.142061
3596,6782.489349,0.000000,49.000000,4.169647,0.000000,133.370474
3597,6782.489349,0.000000,49.000000,4.671040,0.000000,125.598886
3598,6782.489349,0.000000,49.000000,5.172432,0.000000,117.827298
3599,6782.489349,0.000000,49.000000,5.673825,0.000000,110.055710
3600,6782.489349,0.000000,49.000000,6.175218,0.000000,102.284123
3601,6782.489349,0.000000,49.000000,6.676611,0.000000,94.512535
3602,6782.489349,0.000000,49.000000,7.178003,0.000000,86.740947
3603,6782.489349,0.000000,49.000000,7.679396,0.000000,78.969359
3604,6782.489349,0.000000,49.000000,8.180789,0.000000,71.197772
3605,6782.489349,0.000000,49.000000,8.682182,0.000000,63.426184
3606,6782.489349,0.000000,49.000000,9.183574,0.000000,55.654596
3607,6782.489349,0.000000,49.000000,9.684967,0.000000,47.883008
3608,6782.489349,0.000000,49.000000,10.186360,0.000000,40.111421
3609,6782.489349,0.000000,49.000000,10.687753,0.000000,32.339833
3610,6782.489349,0.000000,49.000000,11.189145,0.000000,24.568245
3611,6782.489349,0.000000,49.000000,11.690538,0.000000,16.796657
3612,6782.489349,0.000000,49.000000,12.191931,0.000000,9.025070
3613,6782.489349,0.000000,49.000000,12.693324,0.000000,1.253482
3614,6782.489349,0.000000,49.000000,13.194717,0.000000,353.481894
3615,6782.489349,0.000000,49.000000,13.696109,0.000000,345.710306
3616,6782.489349,0.000000,49.000000,14.197502,0.000000,337.938719
3617,6782.489349,0.000000,49.000000,14.698895,0.000000,330.167131
3618,6782.489349,0.000000,49.000000,15.200288,0.000000,322.395543
3619,6782.489349,0.000000,49.000000,15.701680,0.000000,314.623955
3620,6782.489349,0.000000,49.000000,16.203073,0.000000,306.852368
3621,6782.489349,0.000000,49.000000,16.704466,0.000000,299.080780
3622,6782.489349,0.000000,49.000000,17.205859,0.000000,291.309192
3623,6782.489349,0.000000,49.000000,17.707251,0.000000,283.537604
3624,6782.489349,0.000000,49.000000,18.208644,0.000000,275.766017
3625,6782.489349,0.000000,49.000000,18.710037,0.000000,267.994429
3626,6782.489349,0.000000,49.000000,19.211430,0.000000,260.222841
3627,6782.489349,0.000000,49.000000,19.712822,0.000000,252.451253
3628,6782.489349,0.000000,49.000000,20.214215,0.000000,244.679666
3629,6782.489349,0.000000,49.000000,20.715608,0.000000,236.908078
3630,6782.489349,0.000000,49.000000,21.217001,0.000000,229.136490
3631,6782.489349,0.000000,49.000000,21.718393,0.000000,221.364903
3632,6782.489349,0.000000,49.000000,22.219786,0.000000,213.593315
3633,6782.489349,0.000000,49.000000,22.721179,0.000000,205.821727
3634,6782.489349,0.000000,49.000000,23.222572,0.000000,198.050139
3635,6782.489349,0.000000,49.000000,23.723964,0.000000,190.278552
3636,6782.489349,0.000000,49.000000,24.225357,0.000000,182.506964
3637,6782.489349,0.000000,49.000000,24.726750,0.000000,174.735376
3638,6782.489349,0.000000,49.000000,25.228143,0.000000,166.963788
3639,6782.489349,0.000000,49.000000,25.729535,0.000000,159.192201
3640,6782.489349,0.000000,49.000000,26.230928,0.000000,151.420613
3641,6782.489349,0.000000,49.000000,26.732321,0.000000,143.649025
3642,6782.489349,0.000000,49.000000,27.233714,0.000000,135.877437
3643,6782.489349,0.000000,49.000000,27.735106,0.000000,128.105850
3644,6782.489349,0.000000,49.000000,28.236499,0.000000,120.334262
3645,6782.489349,0.000000,49.000000,28.737892,0.000000,112.562674
3646,6782.489349,0.000000,49.000000,29.239285,0.000000,104.791086
3647,6782.489349,0.000000,49.000000,29.740678,0.000000,97.019499
3648,6782.489349,0.000000,49.000000,30.242070,0.000000,89.247911
3649,6782.489349,0.000000,49.000000,30.743463,0.000000,81.476323
3650,6782.489349,0.000000,49.000000,31.244856,0.000000,73.704735
3651,6782.489349,0.000000,49.000000,31.746249,0.000000,65.933148
3652,6782.489349,0.000000,49.000000,32.247641,0.000000,58.161560
3653,6782.489349,0.000000,49.000000,32.749034,0.000000,50.389972
3654,6782.489349,0.000000,49.000000,33.250427,0.000000,42.618384
3655,6782.489349,0.000000,49.000000,33.751820,0.000000,34.846797
3656,6782.489349,0.000000,49.000000,34.253212,0.000000,27.075209
3657,6782.489349,0.000000,49.000000,34.754605,0.000000,19.303621
3658,6782.489349,0.000000,49.000000,35.255998,0.000000,11.532033
3659,6782.489349,0.000000,49.000000,35.757391,0.000000,3.760446
3660,6782.489349,0.000000,49.000000,36.258783,0.000000,355.988858
3661,6782.489349,0.000000,49.000000,36.760176,0.000000,348.217270
3662,6782.489349,0.000000,49.000000,37.261569,0.000000,340.445682
3663,6782.489349,0.000000,49.000000,37.762962,0.000000,332.674095
3664,6782.489349,0.000000,49.000000,38.264354,0.000000,324.902507
3665,6782.489349,0.000000,49.000000,38.765747,0.000000,317.130919
3666,6782.489349,0.000000,49.000000,39.267140,0.000000,309.359331
3667,6782.489349,0.000000,49.000000,39.768533,0.000000,301.587744
3668,6782.489349,0.000000,49.000000,40.269925,0.000000,293.816156
3669,6782.489349,0.000000,49.000000,40.771318,0.000000,286.044568
3670,6782.489349,0.000000,49.000000,41.272711,0.000000,278.272981
3671,6782.489349,0.000000,49.000000,41.774104,0.000000,270.501393
3672,6782.489349,0.000000,49.000000,42.275496,0.000000,262.729805
3673,6782.489349,0.000000,49.000000,42.776889,0.000000,254.958217
3674,6782.489349,0.000000,49.000000,43.278282,0.000000,247.186630
3675,6782.489349,0.000000,49.000000,43.779675,0.000000,239.415042
3676,6782.489349,0.000000,49.000000,44.281067,0.000000,231.643454
3677,6782.489349,0.000000,49.000000,44.782460,0.000000,223.871866
3678,6782.489349,0.000000,49.000000,45.283853,0.000000,216.100279
3679,6782.489349,0.000000,49.000000,45.785246,0.000000,208.328691
3680,6782.489349,0.000000,49.000000,46.286639,0.000000,200.557103
3681,6782.489349,0.000000,49.000000,46.788031,0.000000,192.785515
3682,6782.489349,0.000000,49.000000,47.289424,0.000000,185.013928
3683,6782.489349,0.000000,49.000000,47.790817,0.000000,177.242340
3684,6782.489349,0.000000,49.000000,48.292210,0.000000,169.470752
3685,6782.489349,0.000000,49.000000,48.793602,0.000000,161.699164
3686,6782.489349,0.000000,49.000000,49.294995,0.000000,153.927577
3687,6782.489349,0.000000,49.000000,49.796388,0.000000,146.155989
3688,6782.489349,0.000000,49.000000,50.297781,0.000000,138.384401
3689,6782.489349,0.000000,49.000000,50.799173,0.000000,130.612813
3690,6782.489349,0.000000,49.000000,51.300566,0.000000,122.841226
3691,6782.489349,0.000000,49.000000,51.801959,0.000000,115.069638
3692,6782.489349,0.000000,49.000000,52.303352,0.000000,107.298050
3693,6782.489349,0.000000,49.000000,52.804744,0.000000,99.526462
3694,6782.489349,0.000000,49.000000,53.306137,0.000000,91.754875
3695,6782.489349,0.000000,49.000000,53.807530,0.000000,83.983287
3696,6782.489349,0.000000,49.000000,54.308923,0.000000,76.211699
3697,6782.489349,0.000000,49.000000,54.810315,0.000000,68.440111
3698,6782.489349,0.000000,49.000000,55.311708,0.000000,60.668524
3699,6782.489349,0.000000,49.000000,55.813101,0.000000,52.896936
3700,6782.489349,0.000000,49.000000,56.314494,0.000000,45.125348
3701,6782.489349,0.000000,49.000000,56.815886,0.000000,37.353760
3702,6782.489349,0.000000,49.000000,57.317279,0.000000,29.582173
3703,6782.489349,0.000000,49.000000,57.818672,0.000000,21.810585
3704,6782.489349,0.000000,49.000000,58.320065,0.000000,14.038997
3705,6782.489349,0.000000,49.000000,58.821457,0.000000,6.267409
3706,6782.489349,0.000000,49.000000,59.322850,0.000000,358.495822
3707,6782.489349,0.000000,49.000000,59.824243,0.000000,350.724234
3708,6782.489349,0.000000,49.000000,60.325636,0.000000,342.952646
3709,6782.489349,0.000000,49.000000,60.827028,0.000000,335.181058
3710,6782.489349,0.000000,49.000000,61.328421,0.000000,327.409471
3711,6782.489349,0.000000,49.000000,61.829814,0.000000,319.637883
3712,6782.489349,0.000000,49.000000,62.331207,0.000000,311.866295
3713,6782.489349,0.000000,49.000000,62.832600,0.000000,304.094708
3714,6782.489349,0.000000,49.000000,63.333992,0.000000,296.323120
3715,6782.489349,0.000000,49.000000,63.835385,0.000000,288.551532
3716,6782.489349,0.000000,49.000000,64.336778,0.000000,280.779944
3717,6782.489349,0.000000,49.000000,64.838171,0.000000,273.008357
3718,6782.489349,0.000000,49.000000,65.339563,0.000000,265.236769
3719,6782.489349,0.000000,49.000000,65.840956,0.000000,257.465181
3720,6782.489349,0.000000,49.000000,66.342349,0.000000,249.693593
3721,6782.489349,0.000000,49.000000,66.843742,0.000000,241.922006
3722,6782.489349,0.000000,49.000000,67.345134,0.000000,234.150418
3723,6782.489349,0.000000,49.000000,67.846527,0.000000,226.378830
3724,6782.489349,0.000000,49.000000,68.347920,0.000000,218.607242
3725,6782.489349,0.000000,49.000000,68.849313,0.000000,210.835655
3726,6782.489349,0.000000,49.000000,69.350705,0.000000,203.064067
3727,6782.489349,0.000000,49.000000,69.852098,0.000000,195.292479
3728,6782.489349,0.000000,49.000000,70.353491,0.000000,187.520891
3729,6782.489349,0.000000,49.000000,70.854884,0.000000,179.749304
3730,6782.489349,0.000000,49.000000,71.356276,0.000000,171.977716
3731,6782.489349,0.000000,49.000000,71.857669,0.000000,164.206128
3732,6782.489349,0.000000,49.000000,72.359062,0.000000,156.434540
3733,6782.489349,0.000000,49.000000,72.860455,0.000000,148.662953
3734,6782.489349,0.000000,49.000000,73.361847,0.000000,140.891365
3735,6782.489349,0.000000,49.000000,73.863240,0.000000,133.119777
3736,6782.489349,0.000000,49.000000,74.364633,0.000000,125.348189
3737,6782.489349,0.000000,49.000000,74.866026,0.000000,117.576602
3738,6782.489349,0.000000,49.000000,75.367418,0.000000,109.805014
3739,6782.489349,0.000000,49.000000,75.868811,0.000000,102.033426
3740,6782.489349,0.000000,49.000000,76.370204,0.000000,94.261838
3741,6782.489349,0.000000,49.000000,76.871597,0.000000,86.490251
3742,6782.489349,0.000000,49.000000,77.372989,0.000000,78.718663
3743,6782.489349,0.000000,49.000000,77.874382,0.000000,70.947075
3744,6782.489349,0.000000,49.000000,78.375775,0.000000,63.175487
3745,6782.489349,0.000000,49.000000,78.877168,0.000000,55.403900
3746,6782.489349,0.000000,49.000000,79.378561,0.000000,47.632312
3747,6782.489349,0.000000,49.000000,79.879953,0.000000,39.860724
3748,6782.489349,0.000000,49.000000,80.381346,0.000000,32.089136
3749,6782.489349,0.000000,49.000000,80.882739,0.000000,24.317549
3750,6782.489349,0.000000,49.000000,81.384132,0.000000,16.545961
3751,6782.489349,0.000000,49.000000,81.885524,0.000000,8.774373
3752,6782.489349,0.000000,49.000000,82.386917,0.000000,1.002786
3753,6782.489349,0.000000,49.000000,82.888310,0.000000,353.231198
3754,6782.489349,0.000000,49.000000,83.389703,0.000000,345.459610
3755,6782.489349,0.000000,49.000000,83.891095,0.000000,337.688022
3756,6782.489349,0.000000,49.000000,84.392488,0.000000,329.916435
3757,6782.489349,0.000000,49.000000,84.893881,0.000000,322.144847
3758,6782.489349,0.000000,49.000000,85.395274,0.000000,314.373259
3759,6782.489349,0.000000,49.000000,85.896666,0.000000,306.601671
3760,6782.489349,0.000000,49.000000,86.398059,0.000000,298.830084
3761,6782.489349,0.000000,49.000000,86.899452,0.000000,291.058496
3762,6782.489349,0.000000,49.000000,87.400845,0.000000,283.286908
3763,6782.489349,0.000000,49.000000,87.902237,0.000000,275.515320
3764,6782.489349,0.000000,49.000000,88.403630,0.000000,267.743733
3765,6782.489349,0.000000,49.000000,88.905023,0.000000,259.972145
3766,6782.489349,0.000000,49.000000,89.406416,0.000000,252.200557
3767,6782.489349,0.000000,49.000000,89.907808,0.000000,244.428969
3768,6782.489349,0.000000,49.000000,90.409201,0.000000,236.657382
3769,6782.489349,0.000000,49.000000,90.910594,0.000000,228.885794
3770,6782.489349,0.000000,49.000000,91.411987,0.000000,221.114206
3771,6782.489349,0.000000,49.000000,91.913379,0.000000,213.342618
3772,6782.489349,0.000000,49.000000,92.414772,0.000000,205.571031
3773,6782.489349,0.000000,49.000000,92.916165,0.000000,197.799443
3774,6782.489349,0.000000,49.000000,93.417558,0.000000,190.027855
3775,6782.489349,0.000000,49.000000,93.918950,0.000000,182.256267
3776,6782.489349,0.000000,49.000000,94.420343,0.000000,174.484680
3777,6782.489349,0.000000,49.000000,94.921736,0.000000,166.713092
3778,6782.489349,0.000000,49.000000,95.423129,0.000000,158.941504
3779,6782.489349,0.000000,49.000000,95.924522,0.000000,151.169916
3780,6782.489349,0.000000,49.000000,96.425914,0.000000,143.398329
3781,6782.489349,0.000000,49.000000,96.927307,0.000000,135.626741
3782,6782.489349,0.000000,49.000000,97.428700,0.000000,127.855153
3783,6782.489349,0.000000,49.000000,97.930093,0.000000,120.083565
3784,6782.489349,0.000000,49.000000,98.431485,0.000000,112.311978
3785,6782.489349,0.000000,49.000000,98.932878,0.000000,104.540390
3786,6782.489349,0.000000,49.000000,99.434271,0.000000,96.768802
3787,6782.489349,0.000000,49.000000,99.935664,0.000000,88.997214
3788,6782.489349,0.000000,49.000000,100.437056,0.000000,81.225627
3789,6782.489349,0.000000,49.000000,100.938449,0.000000,73.454039
3790,6782.489349,0.000000,49.000000,101.439842,0.000000,65.682451
3791,6782.489349,0.000000,49.000000,101.941235,0.000000,57.910864
3792,6782.489349,0.000000,49.000000,102.442627,0.000000,50.139276
3793,6782.489349,0.000000,49.000000,102.944020,0.000000,42.367688
3794,6782.489349,0.000000,49.000000,103.445413,0.000000,34.596100
3795,6782.489349,0.000000,49.000000,103.946806,0.000000,26.824513
3796,6782.489349,0.000000,49.000000,104.448198,0.000000,19.052925
3797,6782.489349,0.000000,49.000000,104.949591,0.000000,11.281337
3798,6782.489349,0.000000,49.000000,105.450984,0.000000,3.509749
3799,6782.489349,0.000000,49.000000,105.952377,0.000000,355.738162
3800,6782.489349,0.000000,49.000000,106.453769,0.000000,347.966574
3801,6782.489349,0.000000,49.000000,106.955162,0.000000,340.194986
3802,6782.489349,0.000000,49.000000,107.456555,0.000000,332.423398
3803,6782.489349,0.000000,49.000000,107.957948,0.000000,324.651811
3804,6782.489349,0.000000,49.000000,108.459340,0.000000,316.880223
3805,6782.489349,0.000000,49.000000,108.960733,0.000000,309.108635
3806,6782.489349,0.000000,49.000000,109.462126,0.000000,301.337047
3807,6782.489349,0.000000,49.000000,109.963519,0.000000,293.565460
3808,6782.489349,0.000000,49.000000,110.464911,0.000000,285.793872
3809,6782.489349,0.000000,49.000000,110.966304,0.000000,278.022284
3810,6782.489349,0.000000,49.000000,111.467697,0.000000,270.250696
3811,6782.489349,0.000000,49.000000,111.969090,0.000000,262.479109
3812,6782.489349,0.000000,49.000000,112.470483,0.000000,254.707521
3813,6782.489349,0.000000,49.000000,112.971875,0.000000,246.935933
3814,6782.489349,0.000000,49.000000,113.473268,0.000000,239.164345
3815,6782.489349,0.000000,49.000000,113.974661,0.000000,231.392758
3816,6782.489349,0.000000,49.000000,114.476054,0.000000,223.621170
3817,6782.489349,0.000000,49.000000,114.977446,0.000000,215.849582
3818,6782.489349,0.000000,49.000000,115.478839,0.000000,208.077994
3819,6782.489349,0.000000,49.000000,115.980232,0.000000,200.306407
3820,6782.489349,0.000000,49.000000,116.481625,0.000000,192.534819
3821,6782.489349,0.000000,49.000000,116.983017,0.000000,184.763231
3822,6782.489349,0.000000,49.000000,117.484410,0.000000,176.991643
3823,6782.489349,0.000000,49.000000,117.985803,0.000000,169.220056
3824,6782.489349,0.000000,49.000000,118.487196,0.000000,161.448468
3825,6782.489349,0.000000,49.000000,118.988588,0.000000,153.676880
3826,6782.489349,0.000000,49.000000,119.489981,0.000000,145.905292
3827,6782.489349,0.000000,49.000000,119.991374,0.000000,138.133705
3828,6782.489349,0.000000,49.000000,120.492767,0.000000,130.362117
3829,6782.489349,0.000000,49.000000,120.994159,0.000000,122.590529
3830,6782.489349,0.000000,49.000000,121.495552,0.000000,114.818942
3831,6782.489349,0.000000,49.000000,121.996945,0.000000,107.047354
3832,6782.489349,0.000000,49.000000,122.498338,0.000000,99.275766
3833,6782.489349,0.000000,49.000000,122.999730,0.000000,91.504178
3834,6782.489349,0.000000,49.000000,123.501123,0.000000,83.732591
3835,6782.489349,0.000000,49.000000,124.002516,0.000000,75.961003
3836,6782.489349,0.000000,49.000000,124.503909,0.000000,68.189415
3837,6782.489349,0.000000,49.000000,125.005301,0.000000,60.417827
3838,6782.489349,0.000000,49.000000,125.506694,0.000000,52.646240
3839,6782.489349,0.000000,49.000000,126.008087,0.000000,44.874652
3840,6782.489349,0.000000,49.000000,126.509480,0.000000,37.103064
3841,6782.489349,0.000000,49.000000,127.010872,0.000000,29.331476
3842,6782.489349,0.000000,49.000000,127.512265,0.000000,21.559889
3843,6782.489349,0.000000,49.000000,128.013658,0.000000,13.788301
3844,6782.489349,0.000000,49.000000,128.515051,0.000000,6.016713
3845,6782.489349,0.000000,49.000000,129.016444,0.000000,358.245125
3846,6782.489349,0.000000,49.000000,129.517836,0.000000,350.473538
3847,6782.489349,0.000000,49.000000,130.019229,0.000000,342.701950
3848,6782.489349,0.000000,49.000000,130.520622,0.000000,334.930362
3849,6782.489349,0.000000,49.000000,131.022015,0.000000,327.158774
3850,6782.489349,0.000000,49.000000,131.523407,0.000000,319.387187
3851,6782.489349,0.000000,49.000000,132.024800,0.000000,311.615599
3852,6782.489349,0.000000,49.000000,132.526193,0.000000,303.844011
3853,6782.489349,0.000000,49.000000,133.027586,0.000000,296.072423
3854,6782.489349,0.000000,49.000000,133.528978,0.000000,288.300836
3855,6782.489349,0.000000,49.000000,134.030371,0.000000,280.529248
3856,6782.489349,0.000000,49.000000,134.531764,0.000000,272.757660
3857,6782.489349,0.000000,49.000000,135.033157,0.000000,264.986072
3858,6782.489349,0.000000,49.000000,135.534549,0.000000,257.214485
3859,6782.489349,0.000000,49.000000,136.035942,0.000000,249.442897
3860,6782.489349,0.000000,49.000000,136.537335,0.000000,241.671309
3861,6782.489349,0.000000,49.000000,137.038728,0.000000,233.899721
3862,6782.489349,0.000000,49.000000,137.540120,0.000000,226.128134
3863,6782.489349,0.000000,49.000000,138.041513,0.000000,218.356546
3864,6782.489349,0.000000,49.000000,138.542906,0.000000,210.584958
3865,6782.489349,0.000000,49.000000,139.044299,0.000000,202.813370
3866,6782.489349,0.000000,49.000000,139.545691,0.000000,195.041783
3867,6782.489349,0.000000,49.000000,140.047084,0.000000,187.270195
3868,6782.489349,0.000000,49.000000,140.548477,0.000000,179.498607
3869,6782.489349,0.000000,49.000000,141.049870,0.000000,171.727019
3870,6782.489349,0.000000,49.000000,141.551262,0.000000,163.955432
3871,6782.489349,0.000000,49.000000,142.052655,0.000000,156.183844
3872,6782.489349,0.000000,49.000000,142.554048,0.000000,148.412256
3873,6782.489349,0.000000,49.000000,143.055441,0.000000,140.640669
3874,6782.489349,0.000000,49.000000,143.556833,0.000000,132.869081
3875,6782.489349,0.000000,49.000000,144.058226,0.000000,125.097493
3876,6782.489349,0.000000,49.000000,144.559619,0.000000,117.325905
3877,6782.489349,0.000000,49.000000,145.061012,0.000000,109.554318
3878,6782.489349,0.000000,49.000000,145.562405,0.000000,101.782730
3879,6782.489349,0.000000,49.000000,146.063797,0.000000,94.011142
3880,6782.489349,0.000000,49.000000,146.565190,0.000000,86.239554
3881,6782.489349,0.000000,49.000000,147.066583,0.000000,78.467967
3882,6782.489349,0.000000,49.000000,147.567976,0.000000,70.696379
3883,6782.489349,0.000000,49.000000,148.069368,0.000000,62.924791
3884,6782.489349,0.000000,49.000000,148.570761,0.000000,55.153203
3885,6782.489349,0.000000,49.000000,149.072154,0.000000,47.381616
3886,6782.489349,0.000000,49.000000,149.573547,0.000000,39.610028
3887,6782.489349,0.000000,49.000000,150.074939,0.000000,31.838440
3888,6782.489349,0.000000,49.000000,150.576332,0.000000,24.066852
3889,6782.489349,0.000000,49.000000,151.077725,0.000000,16.295265
3890,6782.489349,0.000000,49.000000,151.579118,0.000000,8.523677
3891,6782.489349,0.000000,49.000000,152.080510,0.000000,0.752089
3892,6782.489349,0.000000,49.000000,152.581903,0.000000,352.980501
3893,6782.489349,0.000000,49.000000,153.083296,0.000000,345.208914
3894,6782.489349,0.000000,49.000000,153.584689,0.000000,337.437326
3895,6782.489349,0.000000,49.000000,154.086081,0.000000,329.665738
3896,6782.489349,0.000000,49.000000,154.587474,0.000000,321.894150
3897,6782.489349,0.000000,49.000000,155.088867,0.000000,314.122563
3898,6782.489349,0.000000,49.000000,155.590260,0.000000,306.350975
3899,6782.489349,0.000000,49.000000,156.091652,0.000000,298.579387
3900,6782.489349,0.000000,49.000000,156.593045,0.000000,290.807799
3901,6782.489349,0.000000,49.000000,157.094438,0.000000,283.036212
3902,6782.489349,0.000000,49.000000,157.595831,0.000000,275.264624
3903,6782.489349,0.000000,49.000000,158.097223,0.000000,267.493036
3904,6782.489349,0.000000,49.000000,158.598616,0.000000,259.721448
3905,6782.489349,0.000000,49.000000,159.100009,0.000000,251.949861
3906,6782.489349,0.000000,49.000000,159.601402,0.000000,244.178273
3907,6782.489349,0.000000,49.000000,160.102795,0.000000,236.406685
3908,6782.489349,0.000000,49.000000,160.604187,0.000000,228.635097
3909,6782.489349,0.000000,49.000000,161.105580,0.000000,220.863510
3910,6782.489349,0.000000,49.000000,161.606973,0.000000,213.091922
3911,6782.489349,0.000000,49.000000,162.108366,0.000000,205.320334
3912,6782.489349,0.000000,49.000000,162.609758,0.000000,197.548747
3913,6782.489349,0.000000,49.000000,163.111151,0.000000,189.777159
3914,6782.489349,0.000000,49.000000,163.612544,0.000000,182.005571
3915,6782.489349,0.000000,49.000000,164.113937,0.000000,174.233983
3916,6782.489349,0.000000,49.000000,164.615329,0.000000,166.462396
3917,6782.489349,0.000000,49.000000,165.116722,0.000000,158.690808
3918,6782.489349,0.000000,49.000000,165.618115,0.000000,150.919220
3919,6782.489349,0.000000,49.000000,166.119508,0.000000,143.147632
3920,6782.489349,0.000000,49.000000,166.620900,0.000000,135.376045
3921,6782.489349,0.000000,49.000000,167.122293,0.000000,127.604457
3922,6782.489349,0.000000,49.000000,167.623686,0.000000,119.832869
3923,6782.489349,0.000000,49.000000,168.125079,0.000000,112.061281
3924,6782.489349,0.000000,49.000000,168.626471,0.000000,104.289694
3925,6782.489349,0.000000,49.000000,169.127864,0.000000,96.518106
3926,6782.489349,0.000000,49.000000,169.629257,0.000000,88.746518
3927,6782.489349,0.000000,49.000000,170.130650,0.000000,80.974930
3928,6782.489349,0.000000,49.000000,170.632042,0.000000,73.203343
3929,6782.489349,0.000000,49.000000,171.133435,0.000000,65.431755
3930,6782.489349,0.000000,49.000000,171.634828,0.000000,57.660167
3931,6782.489349,0.000000,49.000000,172.136221,0.000000,49.888579
3932,6782.489349,0.000000,49.000000,172.637613,0.000000,42.116992
3933,6782.489349,0.000000,49.000000,173.139006,0.000000,34.345404
3934,6782.489349,0.000000,49.000000,173.640399,0.000000,26.573816
3935,6782.489349,0.000000,49.000000,174.141792,0.000000,18.802228
3936,6782.489349,0.000000,49.000000,174.643184,0.000000,11.030641
3937,6782.489349,0.000000,49.000000,175.144577,0.000000,3.259053
3938,6782.489349,0.000000,49.000000,175.645970,0.000000,355.487465
3939,6782.489349,0.000000,49.000000,176.147363,0.000000,347.715877
3940,6782.489349,0.000000,49.000000,176.648756,0.000000,339.944290
3941,6782.489349,0.000000,49.000000,177.150148,0.000000,332.172702
3942,6782.489349,0.000000,49.000000,177.651541,0.000000,324.401114
3943,6782.489349,0.000000,49.000000,178.152934,0.000000,316.629526
3944,6782.489349,0.000000,49.000000,178.654327,0.000000,308.857939
3945,6782.489349,0.000000,49.000000,179.155719,0.000000,301.086351
3946,6782.489349,0.000000,49.000000,179.657112,0.000000,293.314763
3947,6782.489349,0.000000,49.000000,180.158505,0.000000,285.543175
3948,6782.489349,0.000000,49.000000,180.659898,0.000000,277.771588
3949,6782.489349,0.000000,49.000000,181.161290,0.000000,270.000000
3950,6782.489349,0.000000,49.000000,181.662683,0.000000,262.228412
3951,6782.489349,0.000000,49.000000,182.164076,0.000000,254.456825
3952,6782.489349,0.000000,49.000000,182.665469,0.000000,246.685237
3953,6782.489349,0.000000,49.000000,183.166861,0.000000,238.913649
3954,6782.489349,0.000000,49.000000,183.668254,0.000000,231.142061
3955,6782.489349,0.000000,49.000000,184.169647,0.000000,223.370474
3956,6782.489349,0.000000,49.000000,184.671040,0.000000,215.598886
3957,6782.489349,0.000000,49.000000,185.172432,0.000000,207.827298
3958,6782.489349,0.000000,49.000000,185.673825,0.000000,200.055710
3959,6782.489349,0.000000,49.000000,186.175218,0.000000,192.284123
3960,6782.489349,0.000000,49.000000,186.676611,0.000000,184.512535
3961,6782.489349,0.000000,49.000000,187.178003,0.000000,176.740947
3962,6782.489349,0.000000,49.000000,187.679396,0.000000,168.969359
3963,6782.489349,0.000000,49.000000,188.180789,0.000000,161.197772
3964,6782.489349,0.000000,49.000000,188.682182,0.000000,153.426184
3965,6782.489349,0.000000,49.000000,189.183574,0.000000,145.654596
3966,6782.489349,0.000000,49.000000,189.684967,0.000000,137.883008
3967,6782.489349,0.000000,49.000000,190.186360,0.000000,130.111421
3968,6782.489349,0.000000,49.000000,190.687753,0.000000,122.339833
3969,6782.489349,0.000000,49.000000,191.189145,0.000000,114.568245
3970,6782.489349,0.000000,49.000000,191.690538,0.000000,106.796657
3971,6782.489349,0.000000,49.000000,192.191931,0.000000,99.025070
3972,6782.489349,0.000000,49.000000,192.693324,0.000000,91.253482
3973,6782.489349,0.000000,49.000000,193.194717,0.000000,83.481894
3974,6782.489349,0.000000,49.000000,193.696109,0.000000,75.710306
3975,6782.489349,0.000000,49.000000,194.197502,0.000000,67.938719
3976,6782.489349,0.000000,49.000000,194.698895,0.000000,60.167131
3977,6782.489349,0.000000,49.000000,195.200288,0.000000,52.395543
3978,6782.489349,0.000000,49.000000,195.701680,0.000000,44.623955
3979,6782.489349,0.000000,49.000000,196.203073,0.000000,36.852368
3980,6782.489349,0.000000,49.000000,196.704466,0.000000,29.080780
3981,6782.489349,0.000000,49.000000,197.205859,0.000000,21.309192
3982,6782.489349,0.000000,49.000000,197.707251,0.000000,13.537604
3983,6782.489349,0.000000,49.000000,198.208644,0.000000,5.766017
3984,6782.489349,0.000000,49.000000,198.710037,0.000000,357.994429
3985,6782.489349,0.000000,49.000000,199.211430,0.000000,350.222841
3986,6782.489349,0.000000,49.000000,199.712822,0.000000,342.451253
3987,6782.489349,0.000000,49.000000,200.214215,0.000000,334.679666
3988,6782.489349,0.000000,49.000000,200.715608,0.000000,326.908078
3989,6782.489349,0.000000,49.000000,201.217001,0.000000,319.136490
3990,6782.489349,0.000000,49.000000,201.718393,0.000000,311.364903
3991,6782.489349,0.000000,49.000000,202.219786,0.000000,303.593315
3992,6782.489349,0.000000,49.000000,202.721179,0.000000,295.821727
3993,6782.489349,0.000000,49.000000,203.222572,0.000000,288.050139
3994,6782.489349,0.000000,49.000000,203.723964,0.000000,280.278552
3995,6782.489349,0.000000,49.000000,204.225357,0.000000,272.506964
3996,6782.489349,0.000000,49.000000,204.726750,0.000000,264.735376
3997,6782.489349,0.000000,49.000000,205.228143,0.000000,256.963788
3998,6782.489349,0.000000,49.000000,205.729535,0.000000,249.192201
3999,6782.489349,0.000000,49.000000,206.230928,0.000000,241.420613
4000,6782.489349,0.000000,49.000000,206.732321,0.000000,233.649025
4001,6782.489349,0.000000,49.000000,207.233714,0.000000,225.877437
4002,6782.489349,0.000000,49.000000,207.735106,0.000000,218.105850
4003,6782.489349,0.000000,49.000000,208.236499,0.000000,210.334262
4004,6782.489349,0.000000,49.000000,208.737892,0.000000,202.562674
4005,6782.489349,0.000000,49.000000,209.239285,0.000000,194.791086
4006,6782.489349,0.000000,49.000000,209.740678,0.000000,187.019499
4007,6782.489349,0.000000,49.000000,210.242070,0.000000,179.247911
4008,6782.489349,0.000000,49.000000,210.743463,0.000000,171.476323
4009,6782.489349,0.000000,49.000000,211.244856,0.000000,163.704735
4010,6782.489349,0.000000,49.000000,211.746249,0.000000,155.933148
4011,6782.489349,0.000000,49.000000,212.247641,0.000000,148.161560
4012,6782.489349,0.000000,49.000000,212.749034,0.000000,140.389972
4013,6782.489349,0.000000,49.000000,213.250427,0.000000,132.618384
4014,6782.489349,0.000000,49.000000,213.751820,0.000000,124.846797
4015,6782.489349,0.000000,49.000000,214.253212,0.000000,117.075209
4016,6782.489349,0.000000,49.000000,214.754605,0.000000,109.303621
4017,6782.489349,0.000000,49.000000,215.255998,0.000000,101.532033
4018,6782.489349,0.000000,49.000000,215.757391,0.000000,93.760446
4019,6782.489349,0.000000,49.000000,216.258783,0.000000,85.988858
4020,6782.489349,0.000000,49.000000,216.760176,0.000000,78.217270
4021,6782.489349,0.000000,49.000000,217.261569,0.000000,70.445682
4022,6782.489349,0.000000,49.000000,217.762962,0.000000,62.674095
4023,6782.489349,0.000000,49.000000,218.264354,0.000000,54.902507
4024,6782.489349,0.000000,49.000000,218.765747,0.000000,47.130919
4025,6782.489349,0.000000,49.000000,219.267140,0.000000,39.359331
4026,6782.489349,0.000000,49.000000,219.768533,0.000000,31.587744
4027,6782.489349,0.000000,49.000000,220.269925,0.000000,23.816156
4028,6782.489349,0.000000,49.000000,220.771318,0.000000,16.044568
4029,6782.489349,0.000000,49.000000,221.272711,0.000000,8.272981
4030,6782.489349,0.000000,49.000000,221.774104,0.000000,0.501393
4031,6782.489349,0.000000,49.000000,222.275496,0.000000,352.729805
4032,6782.489349,0.000000,49.000000,222.776889,0.000000,344.958217
4033,6782.489349,0.000000,49.000000,223.278282,0.000000,337.186630
4034,6782.489349,0.000000,49.000000,223.779675,0.000000,329.415042
4035,6782.489349,0.000000,49.000000,224.281067,0.000000,321.643454
4036,6782.489349,0.000000,49.000000,224.782460,0.000000,313.871866
4037,6782.489349,0.000000,49.000000,225.283853,0.000000,306.100279
4038,6782.489349,0.000000,49.000000,225.785246,0.000000,298.328691
4039,6782.489349,0.000000,49.000000,226.286639,0.000000,290.557103
4040,6782.489349,0.000000,49.000000,226.788031,0.000000,282.785515
4041,6782.489349,0.000000,49.000000,227.289424,0.000000,275.013928
4042,6782.489349,0.000000,49.000000,227.790817,0.000000,267.242340
4043,6782.489349,0.000000,49.000000,228.292210,0.000000,259.470752
4044,6782.489349,0.000000,49.000000,228.793602,0.000000,251.699164
4045,6782.489349,0.000000,49.000000,229.294995,0.000000,243.927577
4046,6782.489349,0.000000,49.000000,229.796388,0.000000,236.155989
4047,6782.489349,0.000000,49.000000,230.297781,0.000000,228.384401
4048,6782.489349,0.000000,49.000000,230.799173,0.000000,220.612813
4049,6782.489349,0.000000,49.000000,231.300566,0.000000,212.841226
4050,6782.489349,0.000000,49.000000,231.801959,0.000000,205.069638
4051,6782.489349,0.000000,49.000000,232.303352,0.000000,197.298050
4052,6782.489349,0.000000,49.000000,232.804744,0.000000,189.526462
4053,6782.489349,0.000000,49.000000,233.306137,0.000000,181.754875
4054,6782.489349,0.000000,49.000000,233.807530,0.000000,173.983287
4055,6782.489349,0.000000,49.000000,234.308923,0.000000,166.211699
4056,6782.489349,0.000000,49.000000,234.810315,0.000000,158.440111
4057,6782.489349,0.000000,49.000000,235.311708,0.000000,150.668524
4058,6782.489349,0.000000,49.000000,235.813101,0.000000,142.896936
4059,6782.489349,0.000000,49.000000,236.314494,0.000000,135.125348
4060,6782.489349,0.000000,49.000000,236.815886,0.000000,127.353760
4061,6782.489349,0.000000,49.000000,237.317279,0.000000,119.582173
4062,6782.489349,0.000000,49.000000,237.818672,0.000000,111.810585
4063,6782.489349,0.000000,49.000000,238.320065,0.000000,104.038997
4064,6782.489349,0.000000,49.000000,238.821457,0.000000,96.267409
4065,6782.489349,0.000000,49.000000,239.322850,0.000000,88.495822
4066,6782.489349,0.000000,49.000000,239.824243,0.000000,80.724234
4067,6782.489349,0.000000,49.000000,240.325636,0.000000,72.952646
4068,6782.489349,0.000000,49.000000,240.827028,0.000000,65.181058
4069,6782.489349,0.000000,49.000000,241.328421,0.000000,57.409471
4070,6782.489349,0.000000,49.000000,241.829814,0.000000,49.637883
4071,6782.489349,0.000000,49.000000,242.331207,0.000000,41.866295
4072,6782.489349,0.000000,49.000000,242.832600,0.000000,34.094708
4073,6782.489349,0.000000,49.000000,243.333992,0.000000,26.323120
4074,6782.489349,0.000000,49.000000,243.835385,0.000000,18.551532
4075,6782.489349,0.000000,49.000000,244.336778,0.000000,10.779944
4076,6782.489349,0.000000,49.000000,244.838171,0.000000,3.008357
4077,6782.489349,0.000000,49.000000,245.339563,0.000000,355.236769
4078,6782.489349,0.000000,49.000000,245.840956,0.000000,347.465181
4079,6782.489349,0.000000,49.000000,246.342349,0.000000,339.693593
4080,6782.489349,0.000000,49.000000,246.843742,0.000000,331.922006
4081,6782.489349,0.000000,49.000000,247.345134,0.000000,324.150418
4082,6782.489349,0.000000,49.000000,247.846527,0.000000,316.378830
4083,6782.489349,0.000000,49.000000,248.347920,0.000000,308.607242
4084,6782.489349,0.000000,49.000000,248.849313,0.000000,300.835655
4085,6782.489349,0.000000,49.000000,249.350705,0.000000,293.064067
4086,6782.489349,0.000000,49.000000,249.852098,0.000000,285.292479
4087,6782.489349,0.000000,49.000000,250.353491,0.000000,277.520891
4088,6782.489349,0.000000,49.000000,250.854884,0.000000,269.749304
4089,6782.489349,0.000000,49.000000,251.356276,0.000000,261.977716
4090,6782.489349,0.000000,49.000000,251.857669,0.000000,254.206128
4091,6782.489349,0.000000,49.000000,252.359062,0.000000,246.434540
4092,6782.489349,0.000000,49.000000,252.860455,0.000000,238.662953
4093,6782.489349,0.000000,49.000000,253.361847,0.000000,230.891365
4094,6782.489349,0.000000,49.000000,253.863240,0.000000,223.119777
4095,6782.489349,0.000000,49.000000,254.364633,0.000000,215.348189
4096,6782.489349,0.000000,49.000000,254.866026,0.000000,207.576602
4097,6782.489349,0.000000,49.000000,255.367418,0.000000,199.805014
4098,6782.489349,0.000000,49.000000,255.868811,0.000000,192.033426
4099,6782.489349,0.000000,49.000000,256.370204,0.000000,184.261838
4100,6782.489349,0.000000,49.000000,256.871597,0.000000,176.490251
4101,6782.489349,0.000000,49.000000,257.372989,0.000000,168.718663
4102,6782.489349,0.000000,49.000000,257.874382,0.000000,160.947075
4103,6782.489349,0.000000,49.000000,258.375775,0.000000,153.175487
4104,6782.489349,0.000000,49.000000,258.877168,0.000000,145.403900
4105,6782.489349,0.000000,49.000000,259.378561,0.000000,137.632312
4106,6782.489349,0.000000,49.000000,259.879953,0.000000,129.860724
4107,6782.489349,0.000000,49.000000,260.381346,0.000000,122.089136
4108,6782.489349,0.000000,49.000000,260.882739,0.000000,114.317549
4109,6782.489349,0.000000,49.000000,261.384132,0.000000,106.545961
4110,6782.489349,0.000000,49.000000,261.885524,0.000000,98.774373
4111,6782.489349,0.000000,49.000000,262.386917,0.000000,91.002786
4112,6782.489349,0.000000,49.000000,262.888310,0.000000,83.231198
4113,6782.489349,0.000000,49.000000,263.389703,0.000000,75.459610
4114,6782.489349,0.000000,49.000000,263.891095,0.000000,67.688022
4115,6782.489349,0.000000,49.000000,264.392488,0.000000,59.916435
4116,6782.489349,0.000000,49.000000,264.893881,0.000000,52.144847
4117,6782.489349,0.000000,49.000000,265.395274,0.000000,44.373259
4118,6782.489349,0.000000,49.000000,265.896666,0.000000,36.601671
4119,6782.489349,0.000000,49.000000,266.398059,0.000000,28.830084
4120,6782.489349,0.000000,49.000000,266.899452,0.000000,21.058496
4121,6782.489349,0.000000,49.000000,267.400845,0.000000,13.286908
4122,6782.489349,0.000000,49.000000,267.902237,0.000000,5.515320
4123,6782.489349,0.000000,49.000000,268.403630,0.000000,357.743733
4124,6782.489349,0.000000,49.000000,268.905023,0.000000,349.972145
4125,6782.489349,0.000000,49.000000,269.406416,0.000000,342.200557
4126,6782.489349,0.000000,49.000000,269.907808,0.000000,334.428969
4127,6782.489349,0.000000,49.000000,270.409201,0.000000,326.657382
4128,6782.489349,0.000000,49.000000,270.910594,0.000000,318.885794
4129,6782.489349,0.000000,49.000000,271.411987,0.000000,311.114206
4130,6782.489349,0.000000,49.000000,271.913379,0.000000,303.342618
4131,6782.489349,0.000000,49.000000,272.414772,0.000000,295.571031
4132,6782.489349,0.000000,49.000000,272.916165,0.000000,287.799443
4133,6782.489349,0.000000,49.000000,273.417558,0.000000,280.027855
4134,6782.489349,0.000000,49.000000,273.918950,0.000000,272.256267
4135,6782.489349,0.000000,49.000000,274.420343,0.000000,264.484680
4136,6782.489349,0.000000,49.000000,274.921736,0.000000,256.713092
4137,6782.489349,0.000000,49.000000,275.423129,0.000000,248.941504
4138,6782.489349,0.000000,49.000000,275.924522,0.000000,241.169916
4139,6782.489349,0.000000,49.000000,276.425914,0.000000,233.398329
4140,6782.489349,0.000000,49.000000,276.927307,0.000000,225.626741
4141,6782.489349,0.000000,49.000000,277.428700,0.000000,217.855153
4142,6782.489349,0.000000,49.000000,277.930093,0.000000,210.083565
4143,6782.489349,0.000000,49.000000,278.431485,0.000000,202.311978
4144,6782.489349,0.000000,49.000000,278.932878,0.000000,194.540390
4145,6782.489349,0.000000,49.000000,279.434271,0.000000,186.768802
4146,6782.489349,0.000000,49.000000,279.935664,0.000000,178.997214
4147,6782.489349,0.000000,49.000000,280.437056,0.000000,171.225627
4148,6782.489349,0.000000,49.000000,280.938449,0.000000,163.454039
4149,6782.489349,0.000000,49.000000,281.439842,0.000000,155.682451
4150,6782.489349,0.000000,49.000000,281.941235,0.000000,147.910864
4151,6782.489349,0.000000,49.000000,282.442627,0.000000,140.139276
4152,6782.489349,0.000000,49.000000,282.944020,0.000000,132.367688
4153,6782.489349,0.000000,49.000000,283.445413,0.000000,124.596100
4154,6782.489349,0.000000,49.000000,283.946806,0.000000,116.824513
4155,6782.489349,0.000000,49.000000,284.448198,0.000000,109.052925
4156,6782.489349,0.000000,49.000000,284.949591,0.000000,101.281337
4157,6782.489349,0.000000,49.000000,285.450984,0.000000,93.509749
4158,6782.489349,0.000000,49.000000,285.952377,0.000000,85.738162
4159,6782.489349,0.000000,49.000000,286.453769,0.000000,77.966574
4160,6782.489349,0.000000,49.000000,286.955162,0.000000,70.194986
4161,6782.489349,0.000000,49.000000,287.456555,0.000000,62.423398
4162,6782.489349,0.000000,49.000000,287.957948,0.000000,54.651811
4163,6782.489349,0.000000,49.000000,288.459340,0.000000,46.880223
4164,6782.489349,0.000000,49.000000,288.960733,0.000000,39.108635
4165,6782.489349,0.000000,49.000000,289.462126,0.000000,31.337047
4166,6782.489349,0.000000,49.000000,289.963519,0.000000,23.565460
4167,6782.489349,0.000000,49.000000,290.464911,0.000000,15.793872
4168,6782.489349,0.000000,49.000000,290.966304,0.000000,8.022284
4169,6782.489349,0.000000,49.000000,291.467697,0.000000,0.250696
4170,6782.489349,0.000000,49.000000,291.969090,0.000000,352.479109
4171,6782.489349,0.000000,49.000000,292.470483,0.000000,344.707521
4172,6782.489349,0.000000,49.000000,292.971875,0.000000,336.935933
4173,6782.489349,0.000000,49.000000,293.473268,0.000000,329.164345
4174,6782.489349,0.000000,49.000000,293.974661,0.000000,321.392758
4175,6782.489349,0.000000,49.000000,294.476054,0.000000,313.621170
4176,6782.489349,0.000000,49.000000,294.977446,0.000000,305.849582
4177,6782.489349,0.000000,49.000000,295.478839,0.000000,298.077994
4178,6782.489349,0.000000,49.000000,295.980232,0.000000,290.306407
4179,6782.489349,0.000000,49.000000,296.481625,0.000000,282.534819
4180,6782.489349,0.000000,49.000000,296.983017,0.000000,274.763231
4181,6782.489349,0.000000,49.000000,297.484410,0.000000,266.991643
4182,6782.489349,0.000000,49.000000,297.985803,0.000000,259.220056
4183,6782.489349,0.000000,49.000000,298.487196,0.000000,251.448468
4184,6782.489349,0.000000,49.000000,298.988588,0.000000,243.676880
4185,6782.489349,0.000000,49.000000,299.489981,0.000000,235.905292
4186,6782.489349,0.000000,49.000000,299.991374,0.000000,228.133705
4187,6782.489349,0.000000,49.000000,300.492767,0.000000,220.362117
4188,6782.489349,0.000000,49.000000,300.994159,0.000000,212.590529
4189,6782.489349,0.000000,49.000000,301.495552,0.000000,204.818942
4190,6782.489349,0.000000,49.000000,301.996945,0.000000,197.047354
4191,6782.489349,0.000000,49.000000,302.498338,0.000000,189.275766
4192,6782.489349,0.000000,49.000000,302.999730,0.000000,181.504178
4193,6782.489349,0.000000,49.000000,303.501123,0.000000,173.732591
4194,6782.489349,0.000000,49.000000,304.002516,0.000000,165.961003
4195,6782.489349,0.000000,49.000000,304.503909,0.000000,158.189415
4196,6782.489349,0.000000,49.000000,305.005301,0.000000,150.417827
4197,6782.489349,0.000000,49.000000,305.506694,0.000000,142.646240
4198,6782.489349,0.000000,49.000000,306.008087,0.000000,134.874652
4199,6782.489349,0.000000,49.000000,306.509480,0.000000,127.103064
4200,6782.489349,0.000000,49.000000,307.010872,0.000000,119.331476
4201,6782.489349,0.000000,49.000000,307.512265,0.000000,111.559889
4202,6782.489349,0.000000,49.000000,308.013658,0.000000,103.788301
4203,6782.489349,0.000000,49.000000,308.515051,0.000000,96.016713
4204,6782.489349,0.000000,49.000000,309.016444,0.000000,88.245125
4205,6782.489349,0.000000,49.000000,309.517836,0.000000,80.473538
4206,6782.489349,0.000000,49.000000,310.019229,0.000000,72.701950
4207,6782.489349,0.000000,49.000000,310.520622,0.000000,64.930362
4208,6782.489349,0.000000,49.000000,311.022015,0.000000,57.158774
4209,6782.489349,0.000000,49.000000,311.523407,0.000000,49.387187
4210,6782.489349,0.000000,49.000000,312.024800,0.000000,41.615599
4211,6782.489349,0.000000,49.000000,312.526193,0.000000,33.844011
4212,6782.489349,0.000000,49.000000,313.027586,0.000000,26.072423
4213,6782.489349,0.000000,49.000000,313.528978,0.000000,18.300836
4214,6782.489349,0.000000,49.000000,314.030371,0.000000,10.529248
4215,6782.489349,0.000000,49.000000,314.531764,0.000000,2.757660
4216,6782.489349,0.000000,49.000000,315.033157,0.000000,354.986072
4217,6782.489349,0.000000,49.000000,315.534549,0.000000,347.214485
4218,6782.489349,0.000000,49.000000,316.035942,0.000000,339.442897
4219,6782.489349,0.000000,49.000000,316.537335,0.000000,331.671309
4220,6782.489349,0.000000,49.000000,317.038728,0.000000,323.899721
4221,6782.489349,0.000000,49.000000,317.540120,0.000000,316.128134
4222,6782.489349,0.000000,49.000000,318.041513,0.000000,308.356546
4223,6782.489349,0.000000,49.000000,318.542906,0.000000,300.584958
4224,6782.489349,0.000000,49.000000,319.044299,0.000000,292.813370
4225,6782.489349,0.000000,49.000000,319.545691,0.000000,285.041783
4226,6782.489349,0.000000,49.000000,320.047084,0.000000,277.270195
4227,6782.489349,0.000000,49.000000,320.548477,0.000000,269.498607
4228,6782.489349,0.000000,49.000000,321.049870,0.000000,261.727019
4229,6782.489349,0.000000,49.000000,321.551262,0.000000,253.955432
4230,6782.489349,0.000000,49.000000,322.052655,0.000000,246.183844
4231,6782.489349,0.000000,49.000000,322.554048,0.000000,238.412256
4232,6782.489349,0.000000,49.000000,323.055441,0.000000,230.640669
4233,6782.489349,0.000000,49.000000,323.556833,0.000000,222.869081
4234,6782.489349,0.000000,49.000000,324.058226,0.000000,215.097493
4235,6782.489349,0.000000,49.000000,324.559619,0.000000,207.325905
4236,6782.489349,0.000000,49.000000,325.061012,0.000000,199.554318
4237,6782.489349,0.000000,49.000000,325.562405,0.000000,191.782730
4238,6782.489349,0.000000,49.000000,326.063797,0.000000,184.011142
4239,6782.489349,0.000000,49.000000,326.565190,0.000000,176.239554
4240,6782.489349,0.000000,49.000000,327.066583,0.000000,168.467967
4241,6782.489349,0.000000,49.000000,327.567976,0.000000,160.696379
4242,6782.489349,0.000000,49.000000,328.069368,0.000000,152.924791
4243,6782.489349,0.000000,49.000000,328.570761,0.000000,145.153203
4244,6782.489349,0.000000,49.000000,329.072154,0.000000,137.381616
4245,6782.489349,0.000000,49.000000,329.573547,0.000000,129.610028
4246,6782.489349,0.000000,49.000000,330.074939,0.000000,121.838440
4247,6782.489349,0.000000,49.000000,330.576332,0.000000,114.066852
4248,6782.489349,0.000000,49.000000,331.077725,0.000000,106.295265
4249,6782.489349,0.000000,49.000000,331.579118,0.000000,98.523677
4250,6782.489349,0.000000,49.000000,332.080510,0.000000,90.752089
4251,6782.489349,0.000000,49.000000,332.581903,0.000000,82.980501
4252,6782.489349,0.000000,49.000000,333.083296,0.000000,75.208914
4253,6782.489349,0.000000,49.000000,333.584689,0.000000,67.437326
4254,6782.489349,0.000000,49.000000,334.086081,0.000000,59.665738
4255,6782.489349,0.000000,49.000000,334.587474,0.000000,51.894150
4256,6782.489349,0.000000,49.000000,335.088867,0.000000,44.122563
4257,6782.489349,0.000000,49.000000,335.590260,0.000000,36.350975
4258,6782.489349,0.000000,49.000000,336.091652,0.000000,28.579387
4259,6782.489349,0.000000,49.000000,336.593045,0.000000,20.807799
4260,6782.489349,0.000000,49.000000,337.094438,0.000000,13.036212
4261,6782.489349,0.000000,49.000000,337.595831,0.000000,5.264624
4262,6782.489349,0.000000,49.000000,338.097223,0.000000,357.493036
4263,6782.489349,0.000000,49.000000,338.598616,0.000000,349.721448
4264,6782.489349,0.000000,49.000000,339.100009,0.000000,341.949861
4265,6782.489349,0.000000,49.000000,339.601402,0.000000,334.178273
4266,6782.489349,0.000000,49.000000,340.102795,0.000000,326.406685
4267,6782.489349,0.000000,49.000000,340.604187,0.000000,318.635097
4268,6782.489349,0.000000,49.000000,341.105580,0.000000,310.863510
4269,6782.489349,0.000000,49.000000,341.606973,0.000000,303.091922
4270,6782.489349,0.000000,49.000000,342.108366,0.000000,295.320334
4271,6782.489349,0.000000,49.000000,342.609758,0.000000,287.548747
4272,6782.489349,0.000000,49.000000,343.111151,0.000000,279.777159
4273,6782.489349,0.000000,49.000000,343.612544,0.000000,272.005571
4274,6782.489349,0.000000,49.000000,344.113937,0.000000,264.233983
4275,6782.489349,0.000000,49.000000,344.615329,0.000000,256.462396
4276,6782.489349,0.000000,49.000000,345.116722,0.000000,248.690808
4277,6782.489349,0.000000,49.000000,345.618115,0.000000,240.919220
4278,6782.489349,0.000000,49.000000,346.119508,0.000000,233.147632
4279,6782.489349,0.000000,49.000000,346.620900,0.000000,225.376045
4280,6782.489349,0.000000,49.000000,347.122293,0.000000,217.604457
4281,6782.489349,0.000000,49.000000,347.623686,0.000000,209.832869
4282,6782.489349,0.000000,49.000000,348.125079,0.000000,202.061281
4283,6782.489349,0.000000,49.000000,348.626471,0.000000,194.289694
4284,6782.489349,0.000000,49.000000,349.127864,0.000000,186.518106
4285,6782.489349,0.000000,49.000000,349.629257,0.000000,178.746518
4286,6782.489349,0.000000,49.000000,350.130650,0.000000,170.974930
4287,6782.489349,0.000000,49.000000,350.632042,0.000000,163.203343
4288,6782.489349,0.000000,49.000000,351.133435,0.000000,155.431755
4289,6782.489349,0.000000,49.000000,351.634828,0.000000,147.660167
4290,6782.489349,0.000000,49.000000,352.136221,0.000000,139.888579
4291,6782.489349,0.000000,49.000000,352.637613,0.000000,132.116992
4292,6782.489349,0.000000,49.000000,353.139006,0.000000,124.345404
4293,6782.489349,0.000000,49.000000,353.640399,0.000000,116.573816
4294,6782.489349,0.000000,49.000000,354.141792,0.000000,108.802228
4295,6782.489349,0.000000,49.000000,354.643184,0.000000,101.030641
4296,6782.489349,0.000000,49.000000,355.144577,0.000000,93.259053
4297,6782.489349,0.000000,49.000000,355.645970,0.000000,85.487465
4298,6782.489349,0.000000,49.000000,356.147363,0.000000,77.715877
4299,6782.489349,0.000000,49.000000,356.648756,0.000000,69.944290
4300,6782.489349,0.000000,49.000000,357.150148,0.000000,62.172702
4301,6782.489349,0.000000,49.000000,357.651541,0.000000,54.401114
4302,6782.489349,0.000000,49.000000,358.152934,0.000000,46.629526
4303,6782.489349,0.000000,49.000000,358.654327,0.000000,38.857939
4304,6782.489349,0.000000,49.000000,359.155719,0.000000,31.086351
4305,6782.489349,0.000000,49.000000,359.657112,0.000000,23.314763
4306,6782.489349,0.000000,49.000000,0.158505,0.000000,15.543175
4307,6782.489349,0.000000,49.000000,0.659898,0.000000,7.771588
4308,6782.489349,0.000000,53.000000,1.161290,0.000000,0.000000
4309,6782.489349,0.000000,53.000000,1.662683,0.000000,352.228412
4310,6782.489349,0.000000,53.000000,2.164076,0.000000,344.456825
4311,6782.489349,0.000000,53.000000,2.665469,0.000000,336.685237
4312,6782.489349,0.000000,53.000000,3.166861,0.000000,328.913649
4313,6782.489349,0.000000,53.000000,3.668254,0.000000,321.142061
4314,6782.489349,0.000000,53.000000,4.169647,0.000000,313.370474
4315,6782.489349,0.000000,53.000000,4.671040,0.000000,305.598886
4316,6782.489349,0.000000,53.000000,5.172432,0.000000,297.827298
4317,6782.489349,0.000000,53.000000,5.673825,0.000000,290.055710
4318,6782.489349,0.000000,53.000000,6.175218,0.000000,282.284123
4319,6782.489349,0.000000,53.000000,6.676611,0.000000,274.512535
4320,6782.489349,0.000000,53.000000,7.178003,0.000000,266.740947
4321,6782.489349,0.000000,53.000000,7.679396,0.000000,258.969359
4322,6782.489349,0.000000,53.000000,8.180789,0.000000,251.197772
4323,6782.489349,0.000000,53.000000,8.682182,0.000000,243.426184
4324,6782.489349,0.000000,53.000000,9.183574,0.000000,235.654596
4325,6782.489349,0.000000,53.000000,9.684967,0.000000,227.883008
4326,6782.489349,0.000000,53.000000,10.186360,0.000000,220.111421
4327,6782.489349,0.000000,53.000000,10.687753,0.000000,212.339833
4328,6782.489349,0.000000,53.000000,11.189145,0.000000,204.568245
4329,6782.489349,0.000000,53.000000,11.690538,0.000000,196.796657
4330,6782.489349,0.000000,53.000000,12.191931,0.000000,189.025070
4331,6782.489349,0.000000,53.000000,12.693324,0.000000,181.253482
4332,6782.489349,0.000000,53.000000,13.194717,0.000000,173.481894
4333,6782.489349,0.000000,53.000000,13.696109,0.000000,165.710306
4334,6782.489349,0.000000,53.000000,14.197502,0.000000,157.938719
4335,6782.489349,0.000000,53.000000,14.698895,0.000000,150.167131
4336,6782.489349,0.000000,53.000000,15.200288,0.000000,142.395543
4337,6782.489349,0.000000,53.000000,15.701680,0.000000,134.623955
4338,6782.489349,0.000000,53.000000,16.203073,0.000000,126.852368
4339,6782.489349,0.000000,53.000000,16.704466,0.000000,119.080780
4340,6782.489349,0.000000,53.000000,17.205859,0.000000,111.309192
4341,6782.489349,0.000000,53.000000,17.707251,0.000000,103.537604
4342,6782.489349,0.000000,53.000000,18.208644,0.000000,95.766017
4343,6782.489349,0.000000,53.000000,18.710037,0.000000,87.994429
4344,6782.489349,0.000000,53.000000,19.211430,0.000000,80.222841
4345,6782.489349,0.000000,53.000000,19.712822,0.000000,72.451253
4346,6782.489349,0.000000,53.000000,20.214215,0.000000,64.679666
4347,6782.489349,0.000000,53.000000,20.715608,0.000000,56.908078
4348,6782.489349,0.000000,53.000000,21.217001,0.000000,49.136490
4349,6782.489349,0.000000,53.000000,21.718393,0.000000,41.364903
4350,6782.489349,0.000000,53.000000,22.219786,0.000000,33.593315
4351,6782.489349,0.000000,53.000000,22.721179,0.000000,25.821727
4352,6782.489349,0.000000,53.000000,23.222572,0.000000,18.050139
4353,6782.489349,0.000000,53.000000,23.723964,0.000000,10.278552
4354,6782.489349,0.000000,53.000000,24.225357,0.000000,2.506964
4355,6782.489349,0.000000,53.000000,24.726750,0.000000,354.735376
4356,6782.489349,0.000000,53.000000,25.228143,0.000000,346.963788
4357,6782.489349,0.000000,53.000000,25.729535,0.000000,339.192201
4358,6782.489349,0.000000,53.000000,26.230928,0.000000,331.420613
4359,6782.489349,0.000000,53.000000,26.732321,0.000000,323.649025
4360,6782.489349,0.000000,53.000000,27.233714,0.000000,315.877437
4361,6782.489349,0.000000,53.000000,27.735106,0.000000,308.105850
4362,6782.489349,0.000000,53.000000,28.236499,0.000000,300.334262
4363,6782.489349,0.000000,53.000000,28.737892,0.000000,292.562674
4364,6782.489349,0.000000,53.000000,29.239285,0.000000,284.791086
4365,6782.489349,0.000000,53.000000,29.740678,0.000000,277.019499
4366,6782.489349,0.000000,53.000000,30.242070,0.000000,269.247911
4367,6782.489349,0.000000,53.000000,30.743463,0.000000,261.476323
4368,6782.489349,0.000000,53.000000,31.244856,0.000000,253.704735
4369,6782.489349,0.000000,53.000000,31.746249,0.000000,245.933148
4370,6782.489349,0.000000,53.000000,32.247641,0.000000,238.161560
4371,6782.489349,0.000000,53.000000,32.749034,0.000000,230.389972
4372,6782.489349,0.000000,53.000000,33.250427,0.000000,222.618384
4373,6782.489349,0.000000,53.000000,33.751820,0.000000,214.846797
4374,6782.489349,0.000000,53.000000,34.253212,0.000000,207.075209
4375,6782.489349,0.000000,53.000000,34.754605,0.000000,199.303621
4376,6782.489349,0.000000,53.000000,35.255998,0.000000,191.532033
4377,6782.489349,0.000000,53.000000,35.757391,0.000000,183.760446
4378,6782.489349,0.000000,53.000000,36.258783,0.000000,175.988858
4379,6782.489349,0.000000,53.000000,36.760176,0.000000,168.217270
4380,6782.489349,0.000000,53.000000,37.261569,0.000000,160.445682
4381,6782.489349,0.000000,53.000000,37.762962,0.000000,152.674095
4382,6782.489349,0.000000,53.000000,38.264354,0.000000,144.902507
4383,6782.489349,0.000000,53.000000,38.765747,0.000000,137.130919
4384,6782.489349,0.000000,53.000000,39.267140,0.000000,129.359331
4385,6782.489349,0.000000,53.000000,39.768533,0.000000,121.587744
4386,6782.489349,0.000000,53.000000,40.269925,0.000000,113.816156
4387,6782.489349,0.000000,53.000000,40.771318,0.000000,106.044568
4388,6782.489349,0.000000,53.000000,41.272711,0.000000,98.272981
4389,6782.489349,0.000000,53.000000,41.774104,0.000000,90.501393
4390,6782.489349,0.000000,53.000000,42.275496,0.000000,82.729805
4391,6782.489349,0.000000,53.000000,42.776889,0.000000,74.958217
4392,6782.489349,0.000000,53.000000,43.278282,0.000000,67.186630
4393,6782.489349,0.000000,53.000000,43.779675,0.000000,59.415042
4394,6782.489349,0.000000,53.000000,44.281067,0.000000,51.643454
4395,6782.489349,0.000000,53.000000,44.782460,0.000000,43.871866
4396,6782.489349,0.000000,53.000000,45.283853,0.000000,36.100279
4397,6782.489349,0.000000,53.000000,45.785246,0.000000,28.328691
4398,6782.489349,0.000000,53.000000,46.286639,0.000000,20.557103
4399,6782.489349,0.000000,53.000000,46.788031,0.000000,12.785515
4400,6782.489349,0.000000,53.000000,47.289424,0.000000,5.013928
4401,6782.489349,0.000000,53.000000,47.790817,0.000000,357.242340
4402,6782.489349,0.000000,53.000000,48.292210,0.000000,349.470752
4403,6782.489349,0.000000,53.000000,48.793602,0.000000,341.699164
4404,6782.489349,0.000000,53.000000,49.294995,0.000000,333.927577
4405,6782.489349,0.000000,53.000000,49.796388,0.000000,326.155989
4406,6782.489349,0.000000,53.000000,50.297781,0.000000,318.384401
4407,6782.489349,0.000000,53.000000,50.799173,0.000000,310.612813
4408,6782.489349,0.000000,53.000000,51.300566,0.000000,302.841226
4409,6782.489349,0.000000,53.000000,51.801959,0.000000,295.069638
4410,6782.489349,0.000000,53.000000,52.303352,0.000000,287.298050
4411,6782.489349,0.000000,53.000000,52.804744,0.000000,279.526462
4412,6782.489349,0.000000,53.000000,53.306137,0.000000,271.754875
4413,6782.489349,0.000000,53.000000,53.807530,0.000000,263.983287
4414,6782.489349,0.000000,53.000000,54.308923,0.000000,256.211699
4415,6782.489349,0.000000,53.000000,54.810315,0.000000,248.440111
4416,6782.489349,0.000000,53.000000,55.311708,0.000000,240.668524
4417,6782.489349,0.000000,53.000000,55.813101,0.000000,232.896936
4418,6782.489349,0.000000,53.000000,56.314494,0.000000,225.125348
4419,6782.489349,0.000000,53.000000,56.815886,0.000000,217.353760
4420,6782.489349,0.000000,53.000000,57.317279,0.000000,209.582173
4421,6782.489349,0.000000,53.000000,57.818672,0.000000,201.810585
4422,6782.489349,0.000000,53.000000,58.320065,0.000000,194.038997
4423,6782.489349,0.000000,53.000000,58.821457,0.000000,186.267409
4424,6782.489349,0.000000,53.000000,59.322850,0.000000,178.495822
4425,6782.489349,0.000000,53.000000,59.824243,0.000000,170.724234
4426,6782.489349,0.000000,53.000000,60.325636,0.000000,162.952646
4427,6782.489349,0.000000,53.000000,60.827028,0.000000,155.181058
4428,6782.489349,0.000000,53.000000,61.328421,0.000000,147.409471
4429,6782.489349,0.000000,53.000000,61.829814,0.000000,139.637883
4430,6782.489349,0.000000,53.000000,62.331207,0.000000,131.866295
4431,6782.489349,0.000000,53.000000,62.832600,0.000000,124.094708
4432,6782.489349,0.000000,53.000000,63.333992,0.000000,116.323120
4433,6782.489349,0.000000,53.000000,63.835385,0.000000,108.551532
4434,6782.489349,0.000000,53.000000,64.336778,0.000000,100.779944
4435,6782.489349,0.000000,53.000000,64.838171,0.000000,93.008357
4436,6782.489349,0.000000,53.000000,65.339563,0.000000,85.236769
4437,6782.489349,0.000000,53.000000,65.840956,0.000000,77.465181
4438,6782.489349,0.000000,53.000000,66.342349,0.000000,69.693593
4439,6782.489349,0.000000,53.000000,66.843742,0.000000,61.922006
4440,6782.489349,0.000000,53.000000,67.345134,0.000000,54.150418
4441,6782.489349,0.000000,53.000000,67.846527,0.000000,46.378830
4442,6782.489349,0.000000,53.000000,68.347920,0.000000,38.607242
4443,6782.489349,0.000000,53.000000,68.849313,0.000000,30.835655
4444,6782.489349,0.000000,53.000000,69.350705,0.000000,23.064067
4445,6782.489349,0.000000,53.000000,69.852098,0.000000,15.292479
4446,6782.489349,0.000000,53.000000,70.353491,0.000000,7.520891
4447,6782.489349,0.000000,53.000000,70.854884,0.000000,359.749304
4448,6782.489349,0.000000,53.000000,71.356276,0.000000,351.977716
4449,6782.489349,0.000000,53.000000,71.857669,0.000000,344.206128
4450,6782.489349,0.000000,53.000000,72.359062,0.000000,336.434540
4451,6782.489349,0.000000,53.000000,72.860455,0.000000,328.662953
4452,6782.489349,0.000000,53.000000,73.361847,0.000000,320.891365
4453,6782.489349,0.000000,53.000000,73.863240,0.000000,313.119777
4454,6782.489349,0.000000,53.000000,74.364633,0.000000,305.348189
4455,6782.489349,0.000000,53.000000,74.866026,0.000000,297.576602
4456,6782.489349,0.000000,53.000000,75.367418,0.000000,289.805014
4457,6782.489349,0.000000,53.000000,75.868811,0.000000,282.033426
4458,6782.489349,0.000000,53.000000,76.370204,0.000000,274.261838
4459,6782.489349,0.000000,53.000000,76.871597,0.000000,266.490251
4460,6782.489349,0.000000,53.000000,77.372989,0.000000,258.718663
4461,6782.489349,0.000000,53.000000,77.874382,0.000000,250.947075
4462,6782.489349,0.000000,53.000000,78.375775,0.000000,243.175487
4463,6782.489349,0.000000,53.000000,78.877168,0.000000,235.403900
4464,6782.489349,0.000000,53.000000,79.378561,0.000000,227.632312
4465,6782.489349,0.000000,53.000000,79.879953,0.000000,219.860724
4466,6782.489349,0.000000,53.000000,80.381346,0.000000,212.089136
4467,6782.489349,0.000000,53.000000,80.882739,0.000000,204.317549
4468,6782.489349,0.000000,53.000000,81.384132,0.000000,196.545961
4469,6782.489349,0.000000,53.000000,81.885524,0.000000,188.774373
4470,6782.489349,0.000000,53.000000,82.386917,0.000000,181.002786
4471,6782.489349,0.000000,53.000000,82.888310,0.000000,173.231198
4472,6782.489349,0.000000,53.000000,83.389703,0.000000,165.459610
4473,6782.489349,0.000000,53.000000,83.891095,0.000000,157.688022
4474,6782.489349,0.000000,53.000000,84.392488,0.000000,149.916435
4475,6782.489349,0.000000,53.000000,84.893881,0.000000,142.144847
4476,6782.489349,0.000000,53.000000,85.395274,0.000000,134.373259
4477,6782.489349,0.000000,53.000000,85.896666,0.000000,126.601671
4478,6782.489349,0.000000,53.000000,86.398059,0.000000,118.830084
4479,6782.489349,0.000000,53.000000,86.899452,0.000000,111.058496
4480,6782.489349,0.000000,53.000000,87.400845,0.000000,103.286908
4481,6782.489349,0.000000,53.000000,87.902237,0.000000,95.515320
4482,6782.489349,0.000000,53.000000,88.403630,0.000000,87.743733
4483,6782.489349,0.000000,53.000000,88.905023,0.000000,79.972145
4484,6782.489349,0.000000,53.000000,89.406416,0.000000,72.200557
4485,6782.489349,0.000000,53.000000,89.907808,0.000000,64.428969
4486,6782.489349,0.000000,53.000000,90.409201,0.000000,56.657382
4487,6782.489349,0.000000,53.000000,90.910594,0.000000,48.885794
4488,6782.489349,0.000000,53.000000,91.411987,0.000000,41.114206
4489,6782.489349,0.000000,53.000000,91.913379,0.000000,33.342618
4490,6782.489349,0.000000,53.000000,92.414772,0.000000,25.571031
4491,6782.489349,0.000000,53.000000,92.916165,0.000000,17.799443
4492,6782.489349,0.000000,53.000000,93.417558,0.000000,10.027855
4493,6782.489349,0.000000,53.000000,93.918950,0.000000,2.256267
4494,6782.489349,0.000000,53.000000,94.420343,0.000000,354.484680
4495,6782.489349,0.000000,53.000000,94.921736,0.000000,346.713092
4496,6782.489349,0.000000,53.000000,95.423129,0.000000,338.941504
4497,6782.489349,0.000000,53.000000,95.924522,0.000000,331.169916
4498,6782.489349,0.000000,53.000000,96.425914,0.000000,323.398329
4499,6782.489349,0.000000,53.000000,96.927307,0.000000,315.626741
4500,6782.489349,0.000000,53.000000,97.428700,0.000000,307.855153
4501,6782.489349,0.000000,53.000000,97.930093,0.000000,300.083565
4502,6782.489349,0.000000,53.000000,98.431485,0.000000,292.311978
4503,6782.489349,0.000000,53.000000,98.932878,0.000000,284.540390
4504,6782.489349,0.000000,53.000000,99.434271,0.000000,276.768802
4505,6782.489349,0.000000,53.000000,99.935664,0.000000,268.997214
4506,6782.489349,0.000000,53.000000,100.437056,0.000000,261.225627
4507,6782.489349,0.000000,53.000000,100.938449,0.000000,253.454039
4508,6782.489349,0.000000,53.000000,101.439842,0.000000,245.682451
4509,6782.489349,0.000000,53.000000,101.941235,0.000000,237.910864
4510,6782.489349,0.000000,53.000000,102.442627,0.000000,230.139276
4511,6782.489349,0.000000,53.000000,102.944020,0.000000,222.367688
4512,6782.489349,0.000000,53.000000,103.445413,0.000000,214.596100
4513,6782.489349,0.000000,53.000000,103.946806,0.000000,206.824513
4514,6782.489349,0.000000,53.000000,104.448198,0.000000,199.052925
4515,6782.489349,0.000000,53.000000,104.949591,0.000000,191.281337
4516,6782.489349,0.000000,53.000000,105.450984,0.000000,183.509749
4517,6782.489349,0.000000,53.000000,105.952377,0.000000,175.738162
4518,6782.489349,0.000000,53.000000,106.453769,0.000000,167.966574
4519,6782.489349,0.000000,53.000000,106.955162,0.000000,160.194986
4520,6782.489349,0.000000,53.000000,107.456555,0.000000,152.423398
4521,6782.489349,0.000000,53.000000,107.957948,0.000000,144.651811
4522,6782.489349,0.000000,53.000000,108.459340,0.000000,136.880223
4523,6782.489349,0.000000,53.000000,108.960733,0.000000,129.108635
4524,6782.489349,0.000000,53.000000,109.462126,0.000000,121.337047
4525,6782.489349,0.000000,53.000000,109.963519,0.000000,113.565460
4526,6782.489349,0.000000,53.000000,110.464911,0.000000,105.793872
4527,6782.489349,0.000000,53.000000,110.966304,0.000000,98.022284
4528,6782.489349,0.000000,53.000000,111.467697,0.000000,90.250696
4529,6782.489349,0.000000,53.000000,111.969090,0.000000,82.479109
4530,6782.489349,0.000000,53.000000,112.470483,0.000000,74.707521
4531,6782.489349,0.000000,53.000000,112.971875,0.000000,66.935933
4532,6782.489349,0.000000,53.000000,113.473268,0.000000,59.164345
4533,6782.489349,0.000000,53.000000,113.974661,0.000000,51.392758
4534,6782.489349,0.000000,53.000000,114.476054,0.000000,43.621170
4535,6782.489349,0.000000,53.000000,114.977446,0.000000,35.849582
4536,6782.489349,0.000000,53.000000,115.478839,0.000000,28.077994
4537,6782.489349,0.000000,53.000000,115.980232,0.000000,20.306407
4538,6782.489349,0.000000,53.000000,116.481625,0.000000,12.534819
4539,6782.489349,0.000000,53.000000,116.983017,0.000000,4.763231
4540,6782.489349,0.000000,53.000000,117.484410,0.000000,356.991643
4541,6782.489349,0.000000,53.000000,117.985803,0.000000,349.220056
4542,6782.489349,0.000000,53.000000,118.487196,0.000000,341.448468
4543,6782.489349,0.000000,53.000000,118.988588,0.000000,333.676880
4544,6782.489349,0.000000,53.000000,119.489981,0.000000,325.905292
4545,6782.489349,0.000000,53.000000,119.991374,0.000000,318.133705
4546,6782.489349,0.000000,53.000000,120.492767,0.000000,310.362117
4547,6782.489349,0.000000,53.000000,120.994159,0.000000,302.590529
4548,6782.489349,0.000000,53.000000,121.495552,0.000000,294.818942
4549,6782.489349,0.000000,53.000000,121.996945,0.000000,287.047354
4550,6782.489349,0.000000,53.000000,122.498338,0.000000,279.275766
4551,6782.489349,0.000000,53.000000,122.999730,0.000000,271.504178
4552,6782.489349,0.000000,53.000000,123.501123,0.000000,263.732591
4553,6782.489349,0.000000,53.000000,124.002516,0.000000,255.961003
4554,6782.489349,0.000000,53.000000,124.503909,0.000000,248.189415
4555,6782.489349,0.000000,53.000000,125.005301,0.000000,240.417827
4556,6782.489349,0.000000,53.000000,125.506694,0.000000,232.646240
4557,6782.489349,0.000000,53.000000,126.008087,0.000000,224.874652
4558,6782.489349,0.000000,53.000000,126.509480,0.000000,217.103064
4559,6782.489349,0.000000,53.000000,127.010872,0.000000,209.331476
4560,6782.489349,0.000000,53.000000,127.512265,0.000000,201.559889
4561,6782.489349,0.000000,53.000000,128.013658,0.000000,193.788301
4562,6782.489349,0.000000,53.000000,128.515051,0.000000,186.016713
4563,6782.489349,0.000000,53.000000,129.016444,0.000000,178.245125
4564,6782.489349,0.000000,53.000000,129.517836,0.000000,170.473538
4565,6782.489349,0.000000,53.000000,130.019229,0.000000,162.701950
4566,6782.489349,0.000000,53.000000,130.520622,0.000000,154.930362
4567,6782.489349,0.000000,53.000000,131.022015,0.000000,147.158774
4568,6782.489349,0.000000,53.000000,131.523407,0.000000,139.387187
4569,6782.489349,0.000000,53.000000,132.024800,0.000000,131.615599
4570,6782.489349,0.000000,53.000000,132.526193,0.000000,123.844011
4571,6782.489349,0.000000,53.000000,133.027586,0.000000,116.072423
4572,6782.489349,0.000000,53.000000,133.528978,0.000000,108.300836
4573,6782.489349,0.000000,53.000000,134.030371,0.000000,100.529248
4574,6782.489349,0.000000,53.000000,134.531764,0.000000,92.757660
4575,6782.489349,0.000000,53.000000,135.033157,0.000000,84.986072
4576,6782.489349,0.000000,53.000000,135.534549,0.000000,77.214485
4577,6782.489349,0.000000,53.000000,136.035942,0.000000,69.442897
4578,6782.489349,0.000000,53.000000,136.537335,0.000000,61.671309
4579,6782.489349,0.000000,53.000000,137.038728,0.000000,53.899721
4580,6782.489349,0.000000,53.000000,137.540120,0.000000,46.128134
4581,6782.489349,0.000000,53.000000,138.041513,0.000000,38.356546
4582,6782.489349,0.000000,53.000000,138.542906,0.000000,30.584958
4583,6782.489349,0.000000,53.000000,139.044299,0.000000,22.813370
4584,6782.489349,0.000000,53.000000,139.545691,0.000000,15.041783
4585,6782.489349,0.000000,53.000000,140.047084,0.000000,7.270195
4586,6782.489349,0.000000,53.000000,140.548477,0.000000,359.498607
4587,6782.489349,0.000000,53.000000,141.049870,0.000000,351.727019
4588,6782.489349,0.000000,53.000000,141.551262,0.000000,343.955432
4589,6782.489349,0.000000,53.000000,142.052655,0.000000,336.183844
4590,6782.489349,0.000000,53.000000,142.554048,0.000000,328.412256
4591,6782.489349,0.000000,53.000000,143.055441,0.000000,320.640669
4592,6782.489349,0.000000,53.000000,143.556833,0.000000,312.869081
4593,6782.489349,0.000000,53.000000,144.058226,0.000000,305.097493
4594,6782.489349,0.000000,53.000000,144.559619,0.000000,297.325905
4595,6782.489349,0.000000,53.000000,145.061012,0.000000,289.554318
4596,6782.489349,0.000000,53.000000,145.562405,0.000000,281.782730
4597,6782.489349,0.000000,53.000000,146.063797,0.000000,274.011142
4598,6782.489349,0.000000,53.000000,146.565190,0.000000,266.239554
4599,6782.489349,0.000000,53.000000,147.066583,0.000000,258.467967
4600,6782.489349,0.000000,53.000000,147.567976,0.000000,250.696379
4601,6782.489349,0.000000,53.000000,148.069368,0.000000,242.924791
4602,6782.489349,0.000000,53.000000,148.570761,0.000000,235.153203
4603,6782.489349,0.000000,53.000000,149.072154,0.000000,227.381616
4604,6782.489349,0.000000,53.000000,149.573547,0.000000,219.610028
4605,6782.489349,0.000000,53.000000,150.074939,0.000000,211.838440
4606,6782.489349,0.000000,53.000000,150.576332,0.000000,204.066852
4607,6782.489349,0.000000,53.000000,151.077725,0.000000,196.295265
4608,6782.489349,0.000000,53.000000,151.579118,0.000000,188.523677
4609,6782.489349,0.000000,53.000000,152.080510,0.000000,180.752089
4610,6782.489349,0.000000,53.000000,152.581903,0.000000,172.980501
4611,6782.489349,0.000000,53.000000,153.083296,0.000000,165.208914
4612,6782.489349,0.000000,53.000000,153.584689,0.000000,157.437326
4613,6782.489349,0.000000,53.000000,154.086081,0.000000,149.665738
4614,6782.489349,0.000000,53.000000,154.587474,0.000000,141.894150
4615,6782.489349,0.000000,53.000000,155.088867,0.000000,134.122563
4616,6782.489349,0.000000,53.000000,155.590260,0.000000,126.350975
4617,6782.489349,0.000000,53.000000,156.091652,0.000000,118.579387
4618,6782.489349,0.000000,53.000000,156.593045,0.000000,110.807799
4619,6782.489349,0.000000,53.000000,157.094438,0.000000,103.036212
4620,6782.489349,0.000000,53.000000,157.595831,0.000000,95.264624
4621,6782.489349,0.000000,53.000000,158.097223,0.000000,87.493036
4622,6782.489349,0.000000,53.000000,158.598616,0.000000,79.721448
4623,6782.489349,0.000000,53.000000,159.100009,0.000000,71.949861
4624,6782.489349,0.000000,53.000000,159.601402,0.000000,64.178273
4625,6782.489349,0.000000,53.000000,160.102795,0.000000,56.406685
4626,6782.489349,0.000000,53.000000,160.604187,0.000000,48.635097
4627,6782.489349,0.000000,53.000000,161.105580,0.000000,40.863510
4628,6782.489349,0.000000,53.000000,161.606973,0.000000,33.091922
4629,6782.489349,0.000000,53.000000,162.108366,0.000000,25.320334
4630,6782.489349,0.000000,53.000000,162.609758,0.000000,17.548747
4631,6782.489349,0.000000,53.000000,163.111151,0.000000,9.777159
4632,6782.489349,0.000000,53.000000,163.612544,0.000000,2.005571
4633,6782.489349,0.000000,53.000000,164.113937,0.000000,354.233983
4634,6782.489349,0.000000,53.000000,164.615329,0.000000,346.462396
4635,6782.489349,0.000000,53.000000,165.116722,0.000000,338.690808
4636,6782.489349,0.000000,53.000000,165.618115,0.000000,330.919220
4637,6782.489349,0.000000,53.000000,166.119508,0.000000,323.147632
4638,6782.489349,0.000000,53.000000,166.620900,0.000000,315.376045
4639,6782.489349,0.000000,53.000000,167.122293,0.000000,307.604457
4640,6782.489349,0.000000,53.000000,167.623686,0.000000,299.832869
4641,6782.489349,0.000000,53.000000,168.125079,0.000000,292.061281
4642,6782.489349,0.000000,53.000000,168.626471,0.000000,284.289694
4643,6782.489349,0.000000,53.000000,169.127864,0.000000,276.518106
4644,6782.489349,0.000000,53.000000,169.629257,0.000000,268.746518
4645,6782.489349,0.000000,53.000000,170.130650,0.000000,260.974930
4646,6782.489349,0.000000,53.000000,170.632042,0.000000,253.203343
4647,6782.489349,0.000000,53.000000,171.133435,0.000000,245.431755
4648,6782.489349,0.000000,53.000000,171.634828,0.000000,237.660167
4649,6782.489349,0.000000,53.000000,172.136221,0.000000,229.888579
4650,6782.489349,0.000000,53.000000,172.637613,0.000000,222.116992
4651,6782.489349,0.000000,53.000000,173.139006,0.000000,214.345404
4652,6782.489349,0.000000,53.000000,173.640399,0.000000,206.573816
4653,6782.489349,0.000000,53.000000,174.141792,0.000000,198.802228
4654,6782.489349,0.000000,53.000000,174.643184,0.000000,191.030641
4655,6782.489349,0.000000,53.000000,175.144577,0.000000,183.259053
4656,6782.489349,0.000000,53.000000,175.645970,0.000000,175.487465
4657,6782.489349,0.000000,53.000000,176.147363,0.000000,167.715877
4658,6782.489349,0.000000,53.000000,176.648756,0.000000,159.944290
4659,6782.489349,0.000000,53.000000,177.150148,0.000000,152.172702
4660,6782.489349,0.000000,53.000000,177.651541,0.000000,144.401114
4661,6782.489349,0.000000,53.000000,178.152934,0.000000,136.629526
4662,6782.489349,0.000000,53.000000,178.654327,0.000000,128.857939
4663,6782.489349,0.000000,53.000000,179.155719,0.000000,121.086351
4664,6782.489349,0.000000,53.000000,179.657112,0.000000,113.314763
4665,6782.489349,0.000000,53.000000,180.158505,0.000000,105.543175
4666,6782.489349,0.000000,53.000000,180.659898,0.000000,97.771588
4667,6782.489349,0.000000,53.000000,181.161290,0.000000,90.000000
4668,6782.489349,0.000000,53.000000,181.662683,0.000000,82.228412
4669,6782.489349,0.000000,53.000000,182.164076,0.000000,74.456825
4670,6782.489349,0.000000,53.000000,182.665469,0.000000,66.685237
4671,6782.489349,0.000000,53.000000,183.166861,0.000000,58.913649
4672,6782.489349,0.000000,53.000000,183.668254,0.000000,51.142061
4673,6782.489349,0.000000,53.000000,184.169647,0.000000,43.370474
4674,6782.489349,0.000000,53.000000,184.671040,0.000000,35.598886
4675,6782.489349,0.000000,53.000000,185.172432,0.000000,27.827298
4676,6782.489349,0.000000,53.000000,185.673825,0.000000,20.055710
4677,6782.489349,0.000000,53.000000,186.175218,0.000000,12.284123
4678,6782.489349,0.000000,53.000000,186.676611,0.000000,4.512535
4679,6782.489349,0.000000,53.000000,187.178003,0.000000,356.740947
4680,6782.489349,0.000000,53.000000,187.679396,0.000000,348.969359
4681,6782.489349,0.000000,53.000000,188.180789,0.000000,341.197772
4682,6782.489349,0.000000,53.000000,188.682182,0.000000,333.426184
4683,6782.489349,0.000000,53.000000,189.183574,0.000000,325.654596
4684,6782.489349,0.000000,53.000000,189.684967,0.000000,317.883008
4685,6782.489349,0.000000,53.000000,190.186360,0.000000,310.111421
4686,6782.489349,0.000000,53.000000,190.687753,0.000000,302.339833
4687,6782.489349,0.000000,53.000000,191.189145,0.000000,294.568245
4688,6782.489349,0.000000,53.000000,191.690538,0.000000,286.796657
4689,6782.489349,0.000000,53.000000,192.191931,0.000000,279.025070
4690,6782.489349,0.000000,53.000000,192.693324,0.000000,271.253482
4691,6782.489349,0.000000,53.000000,193.194717,0.000000,263.481894
4692,6782.489349,0.000000,53.000000,193.696109,0.000000,255.710306
4693,6782.489349,0.000000,53.000000,194.197502,0.000000,247.938719
4694,6782.489349,0.000000,53.000000,194.698895,0.000000,240.167131
4695,6782.489349,0.000000,53.000000,195.200288,0.000000,232.395543
4696,6782.489349,0.000000,53.000000,195.701680,0.000000,224.623955
4697,6782.489349,0.000000,53.000000,196.203073,0.000000,216.852368
4698,6782.489349,0.000000,53.000000,196.704466,0.000000,209.080780
4699,6782.489349,0.000000,53.000000,197.205859,0.000000,201.309192
4700,6782.489349,0.000000,53.000000,197.707251,0.000000,193.537604
4701,6782.489349,0.000000,53.000000,198.208644,0.000000,185.766017
4702,6782.489349,0.000000,53.000000,198.710037,0.000000,177.994429
4703,6782.489349,0.000000,53.000000,199.211430,0.000000,170.222841
4704,6782.489349,0.000000,53.000000,199.712822,0.000000,162.451253
4705,6782.489349,0.000000,53.000000,200.214215,0.000000,154.679666
4706,6782.489349,0.000000,53.000000,200.715608,0.000000,146.908078
4707,6782.489349,0.000000,53.000000,201.217001,0.000000,139.136490
4708,6782.489349,0.000000,53.000000,201.718393,0.000000,131.364903
4709,6782.489349,0.000000,53.000000,202.219786,0.000000,123.593315
4710,6782.489349,0.000000,53.000000,202.721179,0.000000,115.821727
4711,6782.489349,0.000000,53.000000,203.222572,0.000000,108.050139
4712,6782.489349,0.000000,53.000000,203.723964,0.000000,100.278552
4713,6782.489349,0.000000,53.000000,204.225357,0.000000,92.506964
4714,6782.489349,0.000000,53.000000,204.726750,0.000000,84.735376
4715,6782.489349,0.000000,53.000000,205.228143,0.000000,76.963788
4716,6782.489349,0.000000,53.000000,205.729535,0.000000,69.192201
4717,6782.489349,0.000000,53.000000,206.230928,0.000000,61.420613
4718,6782.489349,0.000000,53.000000,206.732321,0.000000,53.649025
4719,6782.489349,0.000000,53.000000,207.233714,0.000000,45.877437
4720,6782.489349,0.000000,53.000000,207.735106,0.000000,38.105850
4721,6782.489349,0.000000,53.000000,208.236499,0.000000,30.334262
4722,6782.489349,0.000000,53.000000,208.737892,0.000000,22.562674
4723,6782.489349,0.000000,53.000000,209.239285,0.000000,14.791086
4724,6782.489349,0.000000,53.000000,209.740678,0.000000,7.019499
4725,6782.489349,0.000000,53.000000,210.242070,0.000000,359.247911
4726,6782.489349,0.000000,53.000000,210.743463,0.000000,351.476323
4727,6782.489349,0.000000,53.000000,211.244856,0.000000,343.704735
4728,6782.489349,0.000000,53.000000,211.746249,0.000000,335.933148
4729,6782.489349,0.000000,53.000000,212.247641,0.000000,328.161560
4730,6782.489349,0.000000,53.000000,212.749034,0.000000,320.389972
4731,6782.489349,0.000000,53.000000,213.250427,0.000000,312.618384
4732,6782.489349,0.000000,53.000000,213.751820,0.000000,304.846797
4733,6782.489349,0.000000,53.000000,214.253212,0.000000,297.075209
4734,6782.489349,0.000000,53.000000,214.754605,0.000000,289.303621
4735,6782.489349,0.000000,53.000000,215.255998,0.000000,281.532033
4736,6782.489349,0.000000,53.000000,215.757391,0.000000,273.760446
4737,6782.489349,0.000000,53.000000,216.258783,0.000000,265.988858
4738,6782.489349,0.000000,53.000000,216.760176,0.000000,258.217270
4739,6782.489349,0.000000,53.000000,217.261569,0.000000,250.445682
4740,6782.489349,0.000000,53.000000,217.762962,0.000000,242.674095
4741,6782.489349,0.000000,53.000000,218.264354,0.000000,234.902507
4742,6782.489349,0.000000,53.000000,218.765747,0.000000,227.130919
4743,6782.489349,0.000000,53.000000,219.267140,0.000000,219.359331
4744,6782.489349,0.000000,53.000000,219.768533,0.000000,211.587744
4745,6782.489349,0.000000,53.000000,220.269925,0.000000,203.816156
4746,6782.489349,0.000000,53.000000,220.771318,0.000000,196.044568
4747,6782.489349,0.000000,53.000000,221.272711,0.000000,188.272981
4748,6782.489349,0.000000,53.000000,221.774104,0.000000,180.501393
4749,6782.489349,0.000000,53.000000,222.275496,0.000000,172.729805
4750,6782.489349,0.000000,53.000000,222.776889,0.000000,164.958217
4751,6782.489349,0.000000,53.000000,223.278282,0.000000,157.186630
4752,6782.489349,0.000000,53.000000,223.779675,0.000000,149.415042
4753,6782.489349,0.000000,53.000000,224.281067,0.000000,141.643454
4754,6782.489349,0.000000,53.000000,224.782460,0.000000,133.871866
4755,6782.489349,0.000000,53.000000,225.283853,0.000000,126.100279
4756,6782.489349,0.000000,53.000000,225.785246,0.000000,118.328691
4757,6782.489349,0.000000,53.000000,226.286639,0.000000,110.557103
4758,6782.489349,0.000000,53.000000,226.788031,0.000000,102.785515
4759,6782.489349,0.000000,53.000000,227.289424,0.000000,95.013928
4760,6782.489349,0.000000,53.000000,227.790817,0.000000,87.242340
4761,6782.489349,0.000000,53.000000,228.292210,0.000000,79.470752
4762,6782.489349,0.000000,53.000000,228.793602,0.000000,71.699164
4763,6782.489349,0.000000,53.000000,229.294995,0.000000,63.927577
4764,6782.489349,0.000000,53.000000,229.796388,0.000000,56.155989
4765,6782.489349,0.000000,53.000000,230.297781,0.000000,48.384401
4766,6782.489349,0.000000,53.000000,230.799173,0.000000,40.612813
4767,6782.489349,0.000000,53.000000,231.300566,0.000000,32.841226
4768,6782.489349,0.000000,53.000000,231.801959,0.000000,25.069638
4769,6782.489349,0.000000,53.000000,232.303352,0.000000,17.298050
4770,6782.489349,0.000000,53.000000,232.804744,0.000000,9.526462
4771,6782.489349,0.000000,53.000000,233.306137,0.000000,1.754875
4772,6782.489349,0.000000,53.000000,233.807530,0.000000,353.983287
4773,6782.489349,0.000000,53.000000,234.308923,0.000000,346.211699
4774,6782.489349,0.000000,53.000000,234.810315,0.000000,338.440111
4775,6782.489349,0.000000,53.000000,235.311708,0.000000,330.668524
4776,6782.489349,0.000000,53.000000,235.813101,0.000000,322.896936
4777,6782.489349,0.000000,53.000000,236.314494,0.000000,315.125348
4778,6782.489349,0.000000,53.000000,236.815886,0.000000,307.353760
4779,6782.489349,0.000000,53.000000,237.317279,0.000000,299.582173
4780,6782.489349,0.000000,53.000000,237.818672,0.000000,291.810585
4781,6782.489349,0.000000,53.000000,238.320065,0.000000,284.038997
4782,6782.489349,0.000000,53.000000,238.821457,0.000000,276.267409
4783,6782.489349,0.000000,53.000000,239.322850,0.000000,268.495822
4784,6782.489349,0.000000,53.000000,239.824243,0.000000,260.724234
4785,6782.489349,0.000000,53.000000,240.325636,0.000000,252.952646
4786,6782.489349,0.000000,53.000000,240.827028,0.000000,245.181058
4787,6782.489349,0.000000,53.000000,241.328421,0.000000,237.409471
4788,6782.489349,0.000000,53.000000,241.829814,0.000000,229.637883
4789,6782.489349,0.000000,53.000000,242.331207,0.000000,221.866295
4790,6782.489349,0.000000,53.000000,242.832600,0.000000,214.094708
4791,6782.489349,0.000000,53.000000,243.333992,0.000000,206.323120
4792,6782.489349,0.000000,53.000000,243.835385,0.000000,198.551532
4793,6782.489349,0.000000,53.000000,244.336778,0.000000,190.779944
4794,6782.489349,0.000000,53.000000,244.838171,0.000000,183.008357
4795,6782.489349,0.000000,53.000000,245.339563,0.000000,175.236769
4796,6782.489349,0.000000,53.000000,245.840956,0.000000,167.465181
4797,6782.489349,0.000000,53.000000,246.342349,0.000000,159.693593
4798,6782.489349,0.000000,53.000000,246.843742,0.000000,151.922006
4799,6782.489349,0.000000,53.000000,247.345134,0.000000,144.150418
4800,6782.489349,0.000000,53.000000,247.846527,0.000000,136.378830
4801,6782.489349,0.000000,53.000000,248.347920,0.000000,128.607242
4802,6782.489349,0.000000,53.000000,248.849313,0.000000,120.835655
4803,6782.489349,0.000000,53.000000,249.350705,0.000000,113.064067
4804,6782.489349,0.000000,53.000000,249.852098,0.000000,105.292479
4805,6782.489349,0.000000,53.000000,250.353491,0.000000,97.520891
4806,6782.489349,0.000000,53.000000,250.854884,0.000000,89.749304
4807,6782.489349,0.000000,53.000000,251.356276,0.000000,81.977716
4808,6782.489349,0.000000,53.000000,251.857669,0.000000,74.206128
4809,6782.489349,0.000000,53.000000,252.359062,0.000000,66.434540
4810,6782.489349,0.000000,53.000000,252.860455,0.000000,58.662953
4811,6782.489349,0.000000,53.000000,253.361847,0.000000,50.891365
4812,6782.489349,0.000000,53.000000,253.863240,0.000000,43.119777
4813,6782.489349,0.000000,53.000000,254.364633,0.000000,35.348189
4814,6782.489349,0.000000,53.000000,254.866026,0.000000,27.576602
4815,6782.489349,0.000000,53.000000,255.367418,0.000000,19.805014
4816,6782.489349,0.000000,53.000000,255.868811,0.000000,12.033426
4817,6782.489349,0.000000,53.000000,256.370204,0.000000,4.261838
4818,6782.489349,0.000000,53.000000,256.871597,0.000000,356.490251
4819,6782.489349,0.000000,53.000000,257.372989,0.000000,348.718663
4820,6782.489349,0.000000,53.000000,257.874382,0.000000,340.947075
4821,6782.489349,0.000000,53.000000,258.375775,0.000000,333.175487
4822,6782.489349,0.000000,53.000000,258.877168,0.000000,325.403900
4823,6782.489349,0.000000,53.000000,259.378561,0.000000,317.632312
4824,6782.489349,0.000000,53.000000,259.879953,0.000000,309.860724
4825,6782.489349,0.000000,53.000000,260.381346,0.000000,302.089136
4826,6782.489349,0.000000,53.000000,260.882739,0.000000,294.317549
4827,6782.489349,0.000000,53.000000,261.384132,0.000000,286.545961
4828,6782.489349,0.000000,53.000000,261.885524,0.000000,278.774373
4829,6782.489349,0.000000,53.000000,262.386917,0.000000,271.002786
4830,6782.489349,0.000000,53.000000,262.888310,0.000000,263.231198
4831,6782.489349,0.000000,53.000000,263.389703,0.000000,255.459610
4832,6782.489349,0.000000,53.000000,263.891095,0.000000,247.688022
4833,6782.489349,0.000000,53.000000,264.392488,0.000000,239.916435
4834,6782.489349,0.000000,53.000000,264.893881,0.000000,232.144847
4835,6782.489349,0.000000,53.000000,265.395274,0.000000,224.373259
4836,6782.489349,0.000000,53.000000,265.896666,0.000000,216.601671
4837,6782.489349,0.000000,53.000000,266.398059,0.000000,208.830084
4838,6782.489349,0.000000,53.000000,266.899452,0.000000,201.058496
4839,6782.489349,0.000000,53.000000,267.400845,0.000000,193.286908
4840,6782.489349,0.000000,53.000000,267.902237,0.000000,185.515320
4841,6782.489349,0.000000,53.000000,268.403630,0.000000,177.743733
4842,6782.489349,0.000000,53.000000,268.905023,0.000000,169.972145
4843,6782.489349,0.000000,53.000000,269.406416,0.000000,162.200557
4844,6782.489349,0.000000,53.000000,269.907808,0.000000,154.428969
4845,6782.489349,0.000000,53.000000,270.409201,0.000000,146.657382
4846,6782.489349,0.000000,53.000000,270.910594,0.000000,138.885794
4847,6782.489349,0.000000,53.000000,271.411987,0.000000,131.114206
4848,6782.489349,0.000000,53.000000,271.913379,0.000000,123.342618
4849,6782.489349,0.000000,53.000000,272.414772,0.000000,115.571031
4850,6782.489349,0.000000,53.000000,272.916165,0.000000,107.799443
4851,6782.489349,0.000000,53.000000,273.417558,0.000000,100.027855
4852,6782.489349,0.000000,53.000000,273.918950,0.000000,92.256267
4853,6782.489349,0.000000,53.000000,274.420343,0.000000,84.484680
4854,6782.489349,0.000000,53.000000,274.921736,0.000000,76.713092
4855,6782.489349,0.000000,53.000000,275.423129,0.000000,68.941504
4856,6782.489349,0.000000,53.000000,275.924522,0.000000,61.169916
4857,6782.489349,0.000000,53.000000,276.425914,0.000000,53.398329
4858,6782.489349,0.000000,53.000000,276.927307,0.000000,45.626741
4859,6782.489349,0.000000,53.000000,277.428700,0.000000,37.855153
4860,6782.489349,0.000000,53.000000,277.930093,0.000000,30.083565
4861,6782.489349,0.000000,53.000000,278.431485,0.000000,22.311978
4862,6782.489349,0.000000,53.000000,278.932878,0.000000,14.540390
4863,6782.489349,0.000000,53.000000,279.434271,0.000000,6.768802
4864,6782.489349,0.000000,53.000000,279.935664,0.000000,358.997214
4865,6782.489349,0.000000,53.000000,280.437056,0.000000,351.225627
4866,6782.489349,0.000000,53.000000,280.938449,0.000000,343.454039
4867,6782.489349,0.000000,53.000000,281.439842,0.000000,335.682451
4868,6782.489349,0.000000,53.000000,281.941235,0.000000,327.910864
4869,6782.489349,0.000000,53.000000,282.442627,0.000000,320.139276
4870,6782.489349,0.000000,53.000000,282.944020,0.000000,312.367688
4871,6782.489349,0.000000,53.000000,283.445413,0.000000,304.596100
4872,6782.489349,0.000000,53.000000,283.946806,0.000000,296.824513
4873,6782.489349,0.000000,53.000000,284.448198,0.000000,289.052925
4874,6782.489349,0.000000,53.000000,284.949591,0.000000,281.281337
4875,6782.489349,0.000000,53.000000,285.450984,0.000000,273.509749
4876,6782.489349,0.000000,53.000000,285.952377,0.000000,265.738162
4877,6782.489349,0.000000,53.000000,286.453769,0.000000,257.966574
4878,6782.489349,0.000000,53.000000,286.955162,0.000000,250.194986
4879,6782.489349,0.000000,53.000000,287.456555,0.000000,242.423398
4880,6782.489349,0.000000,53.000000,287.957948,0.000000,234.651811
4881,6782.489349,0.000000,53.000000,288.459340,0.000000,226.880223
4882,6782.489349,0.000000,53.000000,288.960733,0.000000,219.108635
4883,6782.489349,0.000000,53.000000,289.462126,0.000000,211.337047
4884,6782.489349,0.000000,53.000000,289.963519,0.000000,203.565460
4885,6782.489349,0.000000,53.000000,290.464911,0.000000,195.793872
4886,6782.489349,0.000000,53.000000,290.966304,0.000000,188.022284
4887,6782.489349,0.000000,53.000000,291.467697,0.000000,180.250696
4888,6782.489349,0.000000,53.000000,291.969090,0.000000,172.479109
4889,6782.489349,0.000000,53.000000,292.470483,0.000000,164.707521
4890,6782.489349,0.000000,53.000000,292.971875,0.000000,156.935933
4891,6782.489349,0.000000,53.000000,293.473268,0.000000,149.164345
4892,6782.489349,0.000000,53.000000,293.974661,0.000000,141.392758
4893,6782.489349,0.000000,53.000000,294.476054,0.000000,133.621170
4894,6782.489349,0.000000,53.000000,294.977446,0.000000,125.849582
4895,6782.489349,0.000000,53.000000,295.478839,0.000000,118.077994
4896,6782.489349,0.000000,53.000000,295.980232,0.000000,110.306407
4897,6782.489349,0.000000,53.000000,296.481625,0.000000,102.534819
4898,6782.489349,0.000000,53.000000,296.983017,0.000000,94.763231
4899,6782.489349,0.000000,53.000000,297.484410,0.000000,86.991643
4900,6782.489349,0.000000,53.000000,297.985803,0.000000,79.220056
4901,6782.489349,0.000000,53.000000,298.487196,0.000000,71.448468
4902,6782.489349,0.000000,53.000000,298.988588,0.000000,63.676880
4903,6782.489349,0.000000,53.000000,299.489981,0.000000,55.905292
4904,6782.489349,0.000000,53.000000,299.991374,0.000000,48.133705
4905,6782.489349,0.000000,53.000000,300.492767,0.000000,40.362117
4906,6782.489349,0.000000,53.000000,300.994159,0.000000,32.590529
4907,6782.489349,0.000000,53.000000,301.495552,0.000000,24.818942
4908,6782.489349,0.000000,53.000000,301.996945,0.000000,17.047354
4909,6782.489349,0.000000,53.000000,302.498338,0.000000,9.275766
4910,6782.489349,0.000000,53.000000,302.999730,0.000000,1.504178
4911,6782.489349,0.000000,53.000000,303.501123,0.000000,353.732591
4912,6782.489349,0.000000,53.000000,304.002516,0.000000,345.961003
4913,6782.489349,0.000000,53.000000,304.503909,0.000000,338.189415
4914,6782.489349,0.000000,53.000000,305.005301,0.000000,330.417827
4915,6782.489349,0.000000,53.000000,305.506694,0.000000,322.646240
4916,6782.489349,0.000000,53.000000,306.008087,0.000000,314.874652
4917,6782.489349,0.000000,53.000000,306.509480,0.000000,307.103064
4918,6782.489349,0.000000,53.000000,307.010872,0.000000,299.331476
4919,6782.489349,0.000000,53.000000,307.512265,0.000000,291.559889
4920,6782.489349,0.000000,53.000000,308.013658,0.000000,283.788301
4921,6782.489349,0.000000,53.000000,308.515051,0.000000,276.016713
4922,6782.489349,0.000000,53.000000,309.016444,0.000000,268.245125
4923,6782.489349,0.000000,53.000000,309.517836,0.000000,260.473538
4924,6782.489349,0.000000,53.000000,310.019229,0.000000,252.701950
4925,6782.489349,0.000000,53.000000,310.520622,0.000000,244.930362
4926,6782.489349,0.000000,53.000000,311.022015,0.000000,237.158774
4927,6782.489349,0.000000,53.000000,311.523407,0.000000,229.387187
4928,6782.489349,0.000000,53.000000,312.024800,0.000000,221.615599
4929,6782.489349,0.000000,53.000000,312.526193,0.000000,213.844011
4930,6782.489349,0.000000,53.000000,313.027586,0.000000,206.072423
4931,6782.489349,0.000000,53.000000,313.528978,0.000000,198.300836
4932,6782.489349,0.000000,53.000000,314.030371,0.000000,190.529248
4933,6782.489349,0.000000,53.000000,314.531764,0.000000,182.757660
4934,6782.489349,0.000000,53.000000,315.033157,0.000000,174.986072
4935,6782.489349,0.000000,53.000000,315.534549,0.000000,167.214485
4936,6782.489349,0.000000,53.000000,316.035942,0.000000,159.442897
4937,6782.489349,0.000000,53.000000,316.537335,0.000000,151.671309
4938,6782.489349,0.000000,53.000000,317.038728,0.000000,143.899721
4939,6782.489349,0.000000,53.000000,317.540120,0.000000,136.128134
4940,6782.489349,0.000000,53.000000,318.041513,0.000000,128.356546
4941,6782.489349,0.000000,53.000000,318.542906,0.000000,120.584958
4942,6782.489349,0.000000,53.000000,319.044299,0.000000,112.813370
4943,6782.489349,0.000000,53.000000,319.545691,0.000000,105.041783
4944,6782.489349,0.000000,53.000000,320.047084,0.000000,97.270195
4945,6782.489349,0.000000,53.000000,320.548477,0.000000,89.498607
4946,6782.489349,0.000000,53.000000,321.049870,0.000000,81.727019
4947,6782.489349,0.000000,53.000000,321.551262,0.000000,73.955432
4948,6782.489349,0.000000,53.000000,322.052655,0.000000,66.183844
4949,6782.489349,0.000000,53.000000,322.554048,0.000000,58.412256
4950,6782.489349,0.000000,53.000000,323.055441,0.000000,50.640669
4951,6782.489349,0.000000,53.000000,323.556833,0.000000,42.869081
4952,6782.489349,0.000000,53.000000,324.058226,0.000000,35.097493
4953,6782.489349,0.000000,53.000000,324.559619,0.000000,27.325905
4954,6782.489349,0.000000,53.000000,325.061012,0.000000,19.554318
4955,6782.489349,0.000000,53.000000,325.562405,0.000000,11.782730
4956,6782.489349,0.000000,53.000000,326.063797,0.000000,4.011142
4957,6782.489349,0.000000,53.000000,326.565190,0.000000,356.239554
4958,6782.489349,0.000000,53.000000,327.066583,0.000000,348.467967
4959,6782.489349,0.000000,53.000000,327.567976,0.000000,340.696379
4960,6782.489349,0.000000,53.000000,328.069368,0.000000,332.924791
4961,6782.489349,0.000000,53.000000,328.570761,0.000000,325.153203
4962,6782.489349,0.000000,53.000000,329.072154,0.000000,317.381616
4963,6782.489349,0.000000,53.000000,329.573547,0.000000,309.610028
4964,6782.489349,0.000000,53.000000,330.074939,0.000000,301.838440
4965,6782.489349,0.000000,53.000000,330.576332,0.000000,294.066852
4966,6782.489349,0.000000,53.000000,331.077725,0.000000,286.295265
4967,6782.489349,0.000000,53.000000,331.579118,0.000000,278.523677
4968,6782.489349,0.000000,53.000000,332.080510,0.000000,270.752089
4969,6782.489349,0.000000,53.000000,332.581903,0.000000,262.980501
4970,6782.489349,0.000000,53.000000,333.083296,0.000000,255.208914
4971,6782.489349,0.000000,53.000000,333.584689,0.000000,247.437326
4972,6782.489349,0.000000,53.000000,334.086081,0.000000,239.665738
4973,6782.489349,0.000000,53.000000,334.587474,0.000000,231.894150
4974,6782.489349,0.000000,53.000000,335.088867,0.000000,224.122563
4975,6782.489349,0.000000,53.000000,335.590260,0.000000,216.350975
4976,6782.489349,0.000000,53.000000,336.091652,0.000000,208.579387
4977,6782.489349,0.000000,53.000000,336.593045,0.000000,200.807799
4978,6782.489349,0.000000,53.000000,337.094438,0.000000,193.036212
4979,6782.489349,0.000000,53.000000,337.595831,0.000000,185.264624
4980,6782.489349,0.000000,53.000000,338.097223,0.000000,177.493036
4981,6782.489349,0.000000,53.000000,338.598616,0.000000,169.721448
4982,6782.489349,0.000000,53.000000,339.100009,0.000000,161.949861
4983,6782.489349,0.000000,53.000000,339.601402,0.000000,154.178273
4984,6782.489349,0.000000,53.000000,340.102795,0.000000,146.406685
4985,6782.489349,0.000000,53.000000,340.604187,0.000000,138.635097
4986,6782.489349,0.000000,53.000000,341.105580,0.000000,130.863510
4987,6782.489349,0.000000,53.000000,341.606973,0.000000,123.091922
4988,6782.489349,0.000000,53.000000,342.108366,0.000000,115.320334
4989,6782.489349,0.000000,53.000000,342.609758,0.000000,107.548747
4990,6782.489349,0.000000,53.000000,343.111151,0.000000,99.777159
4991,6782.489349,0.000000,53.000000,343.612544,0.000000,92.005571
4992,6782.489349,0.000000,53.000000,344.113937,0.000000,84.233983
4993,6782.489349,0.000000,53.000000,344.615329,0.000000,76.462396
4994,6782.489349,0.000000,53.000000,345.116722,0.000000,68.690808
4995,6782.489349,0.000000,53.000000,345.618115,0.000000,60.919220
4996,6782.489349,0.000000,53.000000,346.119508,0.000000,53.147632
4997,6782.489349,0.000000,53.000000,346.620900,0.000000,45.376045
4998,6782.489349,0.000000,53.000000,347.122293,0.000000,37.604457
4999,6782.489349,0.000000,53.000000,347.623686,0.000000,29.832869
5000,6782.489349,0.000000,53.000000,348.125079,0.000000,22.061281
5001,6782.489349,0.000000,53.000000,348.626471,0.000000,14.289694
5002,6782.489349,0.000000,53.000000,349.127864,0.000000,6.518106
5003,6782.489349,0.000000,53.000000,349.629257,0.000000,358.746518
5004,6782.489349,0.000000,53.000000,350.130650,0.000000,350.974930
5005,6782.489349,0.000000,53.000000,350.632042,0.000000,343.203343
5006,6782.489349,0.000000,53.000000,351.133435,0.000000,335.431755
5007,6782.489349,0.000000,53.000000,351.634828,0.000000,327.660167
5008,6782.489349,0.000000,53.000000,352.136221,0.000000,319.888579
5009,6782.489349,0.000000,53.000000,352.637613,0.000000,312.116992
5010,6782.489349,0.000000,53.000000,353.139006,0.000000,304.345404
5011,6782.489349,0.000000,53.000000,353.640399,0.000000,296.573816
5012,6782.489349,0.000000,53.000000,354.141792,0.000000,288.802228
5013,6782.489349,0.000000,53.000000,354.643184,0.000000,281.030641
5014,6782.489349,0.000000,53.000000,355.144577,0.000000,273.259053
5015,6782.489349,0.000000,53.000000,355.645970,0.000000,265.487465
5016,6782.489349,0.000000,53.000000,356.147363,0.000000,257.715877
5017,6782.489349,0.000000,53.000000,356.648756,0.000000,249.944290
5018,6782.489349,0.000000,53.000000,357.150148,0.000000,242.172702
5019,6782.489349,0.000000,53.000000,357.651541,0.000000,234.401114
5020,6782.489349,0.000000,53.000000,358.152934,0.000000,226.629526
5021,6782.489349,0.000000,53.000000,358.654327,0.000000,218.857939
5022,6782.489349,0.000000,53.000000,359.155719,0.000000,211.086351
5023,6782.489349,0.000000,53.000000,359.657112,0.000000,203.314763
5024,6782.489349,0.000000,53.000000,0.158505,0.000000,195.543175
5025,6782.489349,0.000000,53.000000,0.659898,0.000000,187.771588
5026,6782.489349,0.000000,53.000000,1.161290,0.000000,180.000000
5027,6782.489349,0.000000,53.000000,1.662683,0.000000,172.228412
5028,6782.489349,0.000000,53.000000,2.164076,0.000000,164.456825
5029,6782.489349,0.000000,53.000000,2.665469,0.000000,156.685237
5030,6782.489349,0.000000,53.000000,3.166861,0.000000,148.913649
5031,6782.489349,0.000000,53.000000,3.668254,0.000000,141.142061
5032,6782.489349,0.000000,53.000000,4.169647,0.000000,133.370474
5033,6782.489349,0.000000,53.000000,4.671040,0.000000,125.598886
5034,6782.489349,0.000000,53.000000,5.172432,0.000000,117.827298
5035,6782.489349,0.000000,53.000000,5.673825,0.000000,110.055710
5036,6782.489349,0.000000,53.000000,6.175218,0.000000,102.284123
5037,6782.489349,0.000000,53.000000,6.676611,0.000000,94.512535
5038,6782.489349,0.000000,53.000000,7.178003,0.000000,86.740947
5039,6782.489349,0.000000,53.000000,7.679396,0.000000,78.969359
5040,6782.489349,0.000000,53.000000,8.180789,0.000000,71.197772
5041,6782.489349,0.000000,53.000000,8.682182,0.000000,63.426184
5042,6782.489349,0.000000,53.000000,9.183574,0.000000,55.654596
5043,6782.489349,0.000000,53.000000,9.684967,0.000000,47.883008
5044,6782.489349,0.000000,53.000000,10.186360,0.000000,40.111421
5045,6782.489349,0.000000,53.000000,10.687753,0.000000,32.339833
5046,6782.489349,0.000000,53.000000,11.189145,0.000000,24.568245
5047,6782.489349,0.000000,53.000000,11.690538,0.000000,16.796657
5048,6782.489349,0.000000,53.000000,12.191931,0.000000,9.025070
5049,6782.489349,0.000000,53.000000,12.693324,0.000000,1.253482
5050,6782.489349,0.000000,53.000000,13.194717,0.000000,353.481894
5051,6782.489349,0.000000,53.000000,13.696109,0.000000,345.710306
5052,6782.489349,0.000000,53.000000,14.197502,0.000000,337.938719
5053,6782.489349,0.000000,53.000000,14.698895,0.000000,330.167131
5054,6782.489349,0.000000,53.000000,15.200288,0.000000,322.395543
5055,6782.489349,0.000000,53.000000,15.701680,0.000000,314.623955
5056,6782.489349,0.000000,53.000000,16.203073,0.000000,306.852368
5057,6782.489349,0.000000,53.000000,16.704466,0.000000,299.080780
5058,6782.489349,0.000000,53.000000,17.205859,0.000000,291.309192
5059,6782.489349,0.000000,53.000000,17.707251,0.000000,283.537604
5060,6782.489349,0.000000,53.000000,18.208644,0.000000,275.766017
5061,6782.489349,0.000000,53.000000,18.710037,0.000000,267.994429
5062,6782.489349,0.000000,53.000000,19.211430,0.000000,260.222841
5063,6782.489349,0.000000,53.000000,19.712822,0.000000,252.451253
5064,6782.489349,0.000000,53.000000,20.214215,0.000000,244.679666
5065,6782.489349,0.000000,53.000000,20.715608,0.000000,236.908078
5066,6782.489349,0.000000,53.000000,21.217001,0.000000,229.136490
5067,6782.489349,0.000000,53.000000,21.718393,0.000000,221.364903
5068,6782.489349,0.000000,53.000000,22.219786,0.000000,213.593315
5069,6782.489349,0.000000,53.000000,22.721179,0.000000,205.821727
5070,6782.489349,0.000000,53.000000,23.222572,0.000000,198.050139
5071,6782.489349,0.000000,53.000000,23.723964,0.000000,190.278552
5072,6782.489349,0.000000,53.000000,24.225357,0.000000,182.506964
5073,6782.489349,0.000000,53.000000,24.726750,0.000000,174.735376
5074,6782.489349,0.000000,53.000000,25.228143,0.000000,166.963788
5075,6782.489349,0.000000,53.000000,25.729535,0.000000,159.192201
5076,6782.489349,0.000000,53.000000,26.230928,0.000000,151.420613
5077,6782.489349,0.000000,53.000000,26.732321,0.000000,143.649025
5078,6782.489349,0.000000,53.000000,27.233714,0.000000,135.877437
5079,6782.489349,0.000000,53.000000,27.735106,0.000000,128.105850
5080,6782.489349,0.000000,53.000000,28.236499,0.000000,120.334262
5081,6782.489349,0.000000,53.000000,28.737892,0.000000,112.562674
5082,6782.489349,0.000000,53.000000,29.239285,0.000000,104.791086
5083,6782.489349,0.000000,53.000000,29.740678,0.000000,97.019499
5084,6782.489349,0.000000,53.000000,30.242070,0.000000,89.247911
5085,6782.489349,0.000000,53.000000,30.743463,0.000000,81.476323
5086,6782.489349,0.000000,53.000000,31.244856,0.000000,73.704735
5087,6782.489349,0.000000,53.000000,31.746249,0.000000,65.933148
5088,6782.489349,0.000000,53.000000,32.247641,0.000000,58.161560
5089,6782.489349,0.000000,53.000000,32.749034,0.000000,50.389972
5090,6782.489349,0.000000,53.000000,33.250427,0.000000,42.618384
5091,6782.489349,0.000000,53.000000,33.751820,0.000000,34.846797
5092,6782.489349,0.000000,53.000000,34.253212,0.000000,27.075209
5093,6782.489349,0.000000,53.000000,34.754605,0.000000,19.303621
5094,6782.489349,0.000000,53.000000,35.255998,0.000000,11.532033
5095,6782.489349,0.000000,53.000000,35.757391,0.000000,3.760446
5096,6782.489349,0.000000,53.000000,36.258783,0.000000,355.988858
5097,6782.489349,0.000000,53.000000,36.760176,0.000000,348.217270
5098,6782.489349,0.000000,53.000000,37.261569,0.000000,340.445682
5099,6782.489349,0.000000,53.000000,37.762962,0.000000,332.674095
5100,6782.489349,0.000000,53.000000,38.264354,0.000000,324.902507
5101,6782.489349,0.000000,53.000000,38.765747,0.000000,317.130919
5102,6782.489349,0.000000,53.000000,39.267140,0.000000,309.359331
5103,6782.489349,0.000000,53.000000,39.768533,0.000000,301.587744
5104,6782.489349,0.000000,53.000000,40.269925,0.000000,293.816156
5105,6782.489349,0.000000,53.000000,40.771318,0.000000,286.044568
5106,6782.489349,0.000000,53.000000,41.272711,0.000000,278.272981
5107,6782.489349,0.000000,53.000000,41.774104,0.000000,270.501393
5108,6782.489349,0.000000,53.000000,42.275496,0.000000,262.729805
5109,6782.489349,0.000000,53.000000,42.776889,0.000000,254.958217
5110,6782.489349,0.000000,53.000000,43.278282,0.000000,247.186630
5111,6782.489349,0.000000,53.000000,43.779675,0.000000,239.415042
5112,6782.489349,0.000000,53.000000,44.281067,0.000000,231.643454
5113,6782.489349,0.000000,53.000000,44.782460,0.000000,223.871866
5114,6782.489349,0.000000,53.000000,45.283853,0.000000,216.100279
5115,6782.489349,0.000000,53.000000,45.785246,0.000000,208.328691
5116,6782.489349,0.000000,53.000000,46.286639,0.000000,200.557103
5117,6782.489349,0.000000,53.000000,46.788031,0.000000,192.785515
5118,6782.489349,0.000000,53.000000,47.289424,0.000000,185.013928
5119,6782.489349,0.000000,53.000000,47.790817,0.000000,177.242340
5120,6782.489349,0.000000,53.000000,48.292210,0.000000,169.470752
5121,6782.489349,0.000000,53.000000,48.793602,0.000000,161.699164
5122,6782.489349,0.000000,53.000000,49.294995,0.000000,153.927577
5123,6782.489349,0.000000,53.000000,49.796388,0.000000,146.155989
5124,6782.489349,0.000000,53.000000,50.297781,0.000000,138.384401
5125,6782.489349,0.000000,53.000000,50.799173,0.000000,130.612813
5126,6782.489349,0.000000,53.000000,51.300566,0.000000,122.841226
5127,6782.489349,0.000000,53.000000,51.801959,0.000000,115.069638
5128,6782.489349,0.000000,53.000000,52.303352,0.000000,107.298050
5129,6782.489349,0.000000,53.000000,52.804744,0.000000,99.526462
5130,6782.489349,0.000000,53.000000,53.306137,0.000000,91.754875
5131,6782.489349,0.000000,53.000000,53.807530,0.000000,83.983287
5132,6782.489349,0.000000,53.000000,54.308923,0.000000,76.211699
5133,6782.489349,0.000000,53.000000,54.810315,0.000000,68.440111
5134,6782.489349,0.000000,53.000000,55.311708,0.000000,60.668524
5135,6782.489349,0.000000,53.000000,55.813101,0.000000,52.896936
5136,6782.489349,0.000000,53.000000,56.314494,0.000000,45.125348
5137,6782.489349,0.000000,53.000000,56.815886,0.000000,37.353760
5138,6782.489349,0.000000,53.000000,57.317279,0.000000,29.582173
5139,6782.489349,0.000000,53.000000,57.818672,0.000000,21.810585
5140,6782.489349,0.000000,53.000000,58.320065,0.000000,14.038997
5141,6782.489349,0.000000,53.000000,58.821457,0.000000,6.267409
5142,6782.489349,0.000000,53.000000,59.322850,0.000000,358.495822
5143,6782.489349,0.000000,53.000000,59.824243,0.000000,350.724234
5144,6782.489349,0.000000,53.000000,60.325636,0.000000,342.952646
5145,6782.489349,0.000000,53.000000,60.827028,0.000000,335.181058
5146,6782.489349,0.000000,53.000000,61.328421,0.000000,327.409471
5147,6782.489349,0.000000,53.000000,61.829814,0.000000,319.637883
5148,6782.489349,0.000000,53.000000,62.331207,0.000000,311.866295
5149,6782.489349,0.000000,53.000000,62.832600,0.000000,304.094708
5150,6782.489349,0.000000,53.000000,63.333992,0.000000,296.323120
5151,6782.489349,0.000000,53.000000,63.835385,0.000000,288.551532
5152,6782.489349,0.000000,53.000000,64.336778,0.000000,280.779944
5153,6782.489349,0.000000,53.000000,64.838171,0.000000,273.008357
5154,6782.489349,0.000000,53.000000,65.339563,0.000000,265.236769
5155,6782.489349,0.000000,53.000000,65.840956,0.000000,257.465181
5156,6782.489349,0.000000,53.000000,66.342349,0.000000,249.693593
5157,6782.489349,0.000000,53.000000,66.843742,0.000000,241.922006
5158,6782.489349,0.000000,53.000000,67.345134,0.000000,234.150418
5159,6782.489349,0.000000,53.000000,67.846527,0.000000,226.378830
5160,6782.489349,0.000000,53.000000,68.347920,0.000000,218.607242
5161,6782.489349,0.000000,53.000000,68.849313,0.000000,210.835655
5162,6782.489349,0.000000,53.000000,69.350705,0.000000,203.064067
5163,6782.489349,0.000000,53.000000,69.852098,0.000000,195.292479
5164,6782.489349,0.000000,53.000000,70.353491,0.000000,187.520891
5165,6782.489349,0.000000,53.000000,70.854884,0.000000,179.749304
5166,6782.489349,0.000000,53.000000,71.356276,0.000000,171.977716
5167,6782.489349,0.000000,53.000000,71.857669,0.000000,164.206128
5168,6782.489349,0.000000,53.000000,72.359062,0.000000,156.434540
5169,6782.489349,0.000000,53.000000,72.860455,0.000000,148.662953
5170,6782.489349,0.000000,53.000000,73.361847,0.000000,140.891365
5171,6782.489349,0.000000,53.000000,73.863240,0.000000,133.119777
5172,6782.489349,0.000000,53.000000,74.364633,0.000000,125.348189
5173,6782.489349,0.000000,53.000000,74.866026,0.000000,117.576602
5174,6782.489349,0.000000,53.000000,75.367418,0.000000,109.805014
5175,6782.489349,0.000000,53.000000,75.868811,0.000000,102.033426
5176,6782.489349,0.000000,53.000000,76.370204,0.000000,94.261838
5177,6782.489349,0.000000,53.000000,76.871597,0.000000,86.490251
5178,6782.489349,0.000000,53.000000,77.372989,0.000000,78.718663
5179,6782.489349,0.000000,53.000000,77.874382,0.000000,70.947075
5180,6782.489349,0.000000,53.000000,78.375775,0.000000,63.175487
5181,6782.489349,0.000000,53.000000,78.877168,0.000000,55.403900
5182,6782.489349,0.000000,53.000000,79.378561,0.000000,47.632312
5183,6782.489349,0.000000,53.000000,79.879953,0.000000,39.860724
5184,6782.489349,0.000000,53.000000,80.381346,0.000000,32.089136
5185,6782.489349,0.000000,53.000000,80.882739,0.000000,24.317549
5186,6782.489349,0.000000,53.000000,81.384132,0.000000,16.545961
5187,6782.489349,0.000000,53.000000,81.885524,0.000000,8.774373
5188,6782.489349,0.000000,53.000000,82.386917,0.000000,1.002786
5189,6782.489349,0.000000,53.000000,82.888310,0.000000,353.231198
5190,6782.489349,0.000000,53.000000,83.389703,0.000000,345.459610
5191,6782.489349,0.000000,53.000000,83.891095,0.000000,337.688022
5192,6782.489349,0.000000,53.000000,84.392488,0.000000,329.916435
5193,6782.489349,0.000000,53.000000,84.893881,0.000000,322.144847
5194,6782.489349,0.000000,53.000000,85.395274,0.000000,314.373259
5195,6782.489349,0.000000,53.000000,85.896666,0.000000,306.601671
5196,6782.489349,0.000000,53.000000,86.398059,0.000000,298.830084
5197,6782.489349,0.000000,53.000000,86.899452,0.000000,291.058496
5198,6782.489349,0.000000,53.000000,87.400845,0.000000,283.286908
5199,6782.489349,0.000000,53.000000,87.902237,0.000000,275.515320
5200,6782.489349,0.000000,53.000000,88.403630,0.000000,267.743733
5201,6782.489349,0.000000,53.000000,88.905023,0.000000,259.972145
5202,6782.489349,0.000000,53.000000,89.406416,0.000000,252.200557
5203,6782.489349,0.000000,53.000000,89.907808,0.000000,244.428969
5204,6782.489349,0.000000,53.000000,90.409201,0.000000,236.657382
5205,6782.489349,0.000000,53.000000,90.910594,0.000000,228.885794
5206,6782.489349,0.000000,53.000000,91.411987,0.000000,221.114206
5207,6782.489349,0.000000,53.000000,91.913379,0.000000,213.342618
5208,6782.489349,0.000000,53.000000,92.414772,0.000000,205.571031
5209,6782.489349,0.000000,53.000000,92.916165,0.000000,197.799443
5210,6782.489349,0.000000,53.000000,93.417558,0.000000,190.027855
5211,6782.489349,0.000000,53.000000,93.918950,0.000000,182.256267
5212,6782.489349,0.000000,53.000000,94.420343,0.000000,174.484680
5213,6782.489349,0.000000,53.000000,94.921736,0.000000,166.713092
5214,6782.489349,0.000000,53.000000,95.423129,0.000000,158.941504
5215,6782.489349,0.000000,53.000000,95.924522,0.000000,151.169916
5216,6782.489349,0.000000,53.000000,96.425914,0.000000,143.398329
5217,6782.489349,0.000000,53.000000,96.927307,0.000000,135.626741
5218,6782.489349,0.000000,53.000000,97.428700,0.000000,127.855153
5219,6782.489349,0.000000,53.000000,97.930093,0.000000,120.083565
5220,6782.489349,0.000000,53.000000,98.431485,0.000000,112.311978
5221,6782.489349,0.000000,53.000000,98.932878,0.000000,104.540390
5222,6782.489349,0.000000,53.000000,99.434271,0.000000,96.768802
5223,6782.489349,0.000000,53.000000,99.935664,0.000000,88.997214
5224,6782.489349,0.000000,53.000000,100.437056,0.000000,81.225627
5225,6782.489349,0.000000,53.000000,100.938449,0.000000,73.454039
5226,6782.489349,0.000000,53.000000,101.439842,0.000000,65.682451
5227,6782.489349,0.000000,53.000000,101.941235,0.000000,57.910864
5228,6782.489349,0.000000,53.000000,102.442627,0.000000,50.139276
5229,6782.489349,0.000000,53.000000,102.944020,0.000000,42.367688
5230,6782.489349,0.000000,53.000000,103.445413,0.000000,34.596100
5231,6782.489349,0.000000,53.000000,103.946806,0.000000,26.824513
5232,6782.489349,0.000000,53.000000,104.448198,0.000000,19.052925
5233,6782.489349,0.000000,53.000000,104.949591,0.000000,11.281337
5234,6782.489349,0.000000,53.000000,105.450984,0.000000,3.509749
5235,6782.489349,0.000000,53.000000,105.952377,0.000000,355.738162
5236,6782.489349,0.000000,53.000000,106.453769,0.000000,347.966574
5237,6782.489349,0.000000,53.000000,106.955162,0.000000,340.194986
5238,6782.489349,0.000000,53.000000,107.456555,0.000000,332.423398
5239,6782.489349,0.000000,53.000000,107.957948,0.000000,324.651811
5240,6782.489349,0.000000,53.000000,108.459340,0.000000,316.880223
5241,6782.489349,0.000000,53.000000,108.960733,0.000000,309.108635
5242,6782.489349,0.000000,53.000000,109.462126,0.000000,301.337047
5243,6782.489349,0.000000,53.000000,109.963519,0.000000,293.565460
5244,6782.489349,0.000000,53.000000,110.464911,0.000000,285.793872
5245,6782.489349,0.000000,53.000000,110.966304,0.000000,278.022284
5246,6782.489349,0.000000,53.000000,111.467697,0.000000,270.250696
5247,6782.489349,0.000000,53.000000,111.969090,0.000000,262.479109
5248,6782.489349,0.000000,53.000000,112.470483,0.000000,254.707521
5249,6782.489349,0.000000,53.000000,112.971875,0.000000,246.935933
5250,6782.489349,0.000000,53.000000,113.473268,0.000000,239.164345
5251,6782.489349,0.000000,53.000000,113.974661,0.000000,231.392758
5252,6782.489349,0.000000,53.000000,114.476054,0.000000,223.621170
5253,6782.489349,0.000000,53.000000,114.977446,0.000000,215.849582
5254,6782.489349,0.000000,53.000000,115.478839,0.000000,208.077994
5255,6782.489349,0.000000,53.000000,115.980232,0.000000,200.306407
5256,6782.489349,0.000000,53.000000,116.481625,0.000000,192.534819
5257,6782.489349,0.000000,53.000000,116.983017,0.000000,184.763231
5258,6782.489349,0.000000,53.000000,117.484410,0.000000,176.991643
5259,6782.489349,0.000000,53.000000,117.985803,0.000000,169.220056
5260,6782.489349,0.000000,53.000000,118.487196,0.000000,161.448468
5261,6782.489349,0.000000,53.000000,118.988588,0.000000,153.676880
5262,6782.489349,0.000000,53.000000,119.489981,0.000000,145.905292
5263,6782.489349,0.000000,53.000000,119.991374,0.000000,138.133705
5264,6782.489349,0.000000,53.000000,120.492767,0.000000,130.362117
5265,6782.489349,0.000000,53.000000,120.994159,0.000000,122.590529
5266,6782.489349,0.000000,53.000000,121.495552,0.000000,114.818942
5267,6782.489349,0.000000,53.000000,121.996945,0.000000,107.047354
5268,6782.489349,0.000000,53.000000,122.498338,0.000000,99.275766
5269,6782.489349,0.000000,53.000000,122.999730,0.000000,91.504178
5270,6782.489349,0.000000,53.000000,123.501123,0.000000,83.732591
5271,6782.489349,0.000000,53.000000,124.002516,0.000000,75.961003
5272,6782.489349,0.000000,53.000000,124.503909,0.000000,68.189415
5273,6782.489349,0.000000,53.000000,125.005301,0.000000,60.417827
5274,6782.489349,0.000000,53.000000,125.506694,0.000000,52.646240
5275,6782.489349,0.000000,53.000000,126.008087,0.000000,44.874652
5276,6782.489349,0.000000,53.000000,126.509480,0.000000,37.103064
5277,6782.489349,0.000000,53.000000,127.010872,0.000000,29.331476
5278,6782.489349,0.000000,53.000000,127.512265,0.000000,21.559889
5279,6782.489349,0.000000,53.000000,128.013658,0.000000,13.788301
5280,6782.489349,0.000000,53.000000,128.515051,0.000000,6.016713
5281,6782.489349,0.000000,53.000000,129.016444,0.000000,358.245125
5282,6782.489349,0.000000,53.000000,129.517836,0.000000,350.473538
5283,6782.489349,0.000000,53.000000,130.019229,0.000000,342.701950
5284,6782.489349,0.000000,53.000000,130.520622,0.000000,334.930362
5285,6782.489349,0.000000,53.000000,131.022015,0.000000,327.158774
5286,6782.489349,0.000000,53.000000,131.523407,0.000000,319.387187
5287,6782.489349,0.000000,53.000000,132.024800,0.000000,311.615599
5288,6782.489349,0.000000,53.000000,132.526193,0.000000,303.844011
5289,6782.489349,0.000000,53.000000,133.027586,0.000000,296.072423
5290,6782.489349,0.000000,53.000000,133.528978,0.000000,288.300836
5291,6782.489349,0.000000,53.000000,134.030371,0.000000,280.529248
5292,6782.489349,0.000000,53.000000,134.531764,0.000000,272.757660
5293,6782.489349,0.000000,53.000000,135.033157,0.000000,264.986072
5294,6782.489349,0.000000,53.000000,135.534549,0.000000,257.214485
5295,6782.489349,0.000000,53.000000,136.035942,0.000000,249.442897
5296,6782.489349,0.000000,53.000000,136.537335,0.000000,241.671309
5297,6782.489349,0.000000,53.000000,137.038728,0.000000,233.899721
5298,6782.489349,0.000000,53.000000,137.540120,0.000000,226.128134
5299,6782.489349,0.000000,53.000000,138.041513,0.000000,218.356546
5300,6782.489349,0.000000,53.000000,138.542906,0.000000,210.584958
5301,6782.489349,0.000000,53.000000,139.044299,0.000000,202.813370
5302,6782.489349,0.000000,53.000000,139.545691,0.000000,195.041783
5303,6782.489349,0.000000,53.000000,140.047084,0.000000,187.270195
5304,6782.489349,0.000000,53.000000,140.548477,0.000000,179.498607
5305,6782.489349,0.000000,53.000000,141.049870,0.000000,171.727019
5306,6782.489349,0.000000,53.000000,141.551262,0.000000,163.955432
5307,6782.489349,0.000000,53.000000,142.052655,0.000000,156.183844
5308,6782.489349,0.000000,53.000000,142.554048,0.000000,148.412256
5309,6782.489349,0.000000,53.000000,143.055441,0.000000,140.640669
5310,6782.489349,0.000000,53.000000,143.556833,0.000000,132.869081
5311,6782.489349,0.000000,53.000000,144.058226,0.000000,125.097493
5312,6782.489349,0.000000,53.000000,144.559619,0.000000,117.325905
5313,6782.489349,0.000000,53.000000,145.061012,0.000000,109.554318
5314,6782.489349,0.000000,53.000000,145.562405,0.000000,101.782730
5315,6782.489349,0.000000,53.000000,146.063797,0.000000,94.011142
5316,6782.489349,0.000000,53.000000,146.565190,0.000000,86.239554
5317,6782.489349,0.000000,53.000000,147.066583,0.000000,78.467967
5318,6782.489349,0.000000,53.000000,147.567976,0.000000,70.696379
5319,6782.489349,0.000000,53.000000,148.069368,0.000000,62.924791
5320,6782.489349,0.000000,53.000000,148.570761,0.000000,55.153203
5321,6782.489349,0.000000,53.000000,149.072154,0.000000,47.381616
5322,6782.489349,0.000000,53.000000,149.573547,0.000000,39.610028
5323,6782.489349,0.000000,53.000000,150.074939,0.000000,31.838440
5324,6782.489349,0.000000,53.000000,150.576332,0.000000,24.066852
5325,6782.489349,0.000000,53.000000,151.077725,0.000000,16.295265
5326,6782.489349,0.000000,53.000000,151.579118,0.000000,8.523677
5327,6782.489349,0.000000,53.000000,152.080510,0.000000,0.752089
5328,6782.489349,0.000000,53.000000,152.581903,0.000000,352.980501
5329,6782.489349,0.000000,53.000000,153.083296,0.000000,345.208914
5330,6782.489349,0.000000,53.000000,153.584689,0.000000,337.437326
5331,6782.489349,0.000000,53.000000,154.086081,0.000000,329.665738
5332,6782.489349,0.000000,53.000000,154.587474,0.000000,321.894150
5333,6782.489349,0.000000,53.000000,155.088867,0.000000,314.122563
5334,6782.489349,0.000000,53.000000,155.590260,0.000000,306.350975
5335,6782.489349,0.000000,53.000000,156.091652,0.000000,298.579387
5336,6782.489349,0.000000,53.000000,156.593045,0.000000,290.807799
5337,6782.489349,0.000000,53.000000,157.094438,0.000000,283.036212
5338,6782.489349,0.000000,53.000000,157.595831,0.000000,275.264624
5339,6782.489349,0.000000,53.000000,158.097223,0.000000,267.493036
5340,6782.489349,0.000000,53.000000,158.598616,0.000000,259.721448
5341,6782.489349,0.000000,53.000000,159.100009,0.000000,251.949861
5342,6782.489349,0.000000,53.000000,159.601402,0.000000,244.178273
5343,6782.489349,0.000000,53.000000,160.102795,0.000000,236.406685
5344,6782.489349,0.000000,53.000000,160.604187,0.000000,228.635097
5345,6782.489349,0.000000,53.000000,161.105580,0.000000,220.863510
5346,6782.489349,0.000000,53.000000,161.606973,0.000000,213.091922
5347,6782.489349,0.000000,53.000000,162.108366,0.000000,205.320334
5348,6782.489349,0.000000,53.000000,162.609758,0.000000,197.548747
5349,6782.489349,0.000000,53.000000,163.111151,0.000000,189.777159
5350,6782.489349,0.000000,53.000000,163.612544,0.000000,182.005571
5351,6782.489349,0.000000,53.000000,164.113937,0.000000,174.233983
5352,6782.489349,0.000000,53.000000,164.615329,0.000000,166.462396
5353,6782.489349,0.000000,53.000000,165.116722,0.000000,158.690808
5354,6782.489349,0.000000,53.000000,165.618115,0.000000,150.919220
5355,6782.489349,0.000000,53.000000,166.119508,0.000000,143.147632
5356,6782.489349,0.000000,53.000000,166.620900,0.000000,135.376045
5357,6782.489349,0.000000,53.000000,167.122293,0.000000,127.604457
5358,6782.489349,0.000000,53.000000,167.623686,0.000000,119.832869
5359,6782.489349,0.000000,53.000000,168.125079,0.000000,112.061281
5360,6782.489349,0.000000,53.000000,168.626471,0.000000,104.289694
5361,6782.489349,0.000000,53.000000,169.127864,0.000000,96.518106
5362,6782.489349,0.000000,53.000000,169.629257,0.000000,88.746518
5363,6782.489349,0.000000,53.000000,170.130650,0.000000,80.974930
5364,6782.489349,0.000000,53.000000,170.632042,0.000000,73.203343
5365,6782.489349,0.000000,53.000000,171.133435,0.000000,65.431755
5366,6782.489349,0.000000,53.000000,171.634828,0.000000,57.660167
5367,6782.489349,0.000000,53.000000,172.136221,0.000000,49.888579
5368,6782.489349,0.000000,53.000000,172.637613,0.000000,42.116992
5369,6782.489349,0.000000,53.000000,173.139006,0.000000,34.345404
5370,6782.489349,0.000000,53.000000,173.640399,0.000000,26.573816
5371,6782.489349,0.000000,53.000000,174.141792,0.000000,18.802228
5372,6782.489349,0.000000,53.000000,174.643184,0.000000,11.030641
5373,6782.489349,0.000000,53.000000,175.144577,0.000000,3.259053
5374,6782.489349,0.000000,53.000000,175.645970,0.000000,355.487465
5375,6782.489349,0.000000,53.000000,176.147363,0.000000,347.715877
5376,6782.489349,0.000000,53.000000,176.648756,0.000000,339.944290
5377,6782.489349,0.000000,53.000000,177.150148,0.000000,332.172702
5378,6782.489349,0.000000,53.000000,177.651541,0.000000,324.401114
5379,6782.489349,0.000000,53.000000,178.152934,0.000000,316.629526
5380,6782.489349,0.000000,53.000000,178.654327,0.000000,308.857939
5381,6782.489349,0.000000,53.000000,179.155719,0.000000,301.086351
5382,6782.489349,0.000000,53.000000,179.657112,0.000000,293.314763
5383,6782.489349,0.000000,53.000000,180.158505,0.000000,285.543175
5384,6782.489349,0.000000,53.000000,180.659898,0.000000,277.771588
5385,6782.489349,0.000000,53.000000,181.161290,0.000000,270.000000
5386,6782.489349,0.000000,53.000000,181.662683,0.000000,262.228412
5387,6782.489349,0.000000,53.000000,182.164076,0.000000,254.456825
5388,6782.489349,0.000000,53.000000,182.665469,0.000000,246.685237
5389,6782.489349,0.000000,53.000000,183.166861,0.000000,238.913649
5390,6782.489349,0.000000,53.000000,183.668254,0.000000,231.142061
5391,6782.489349,0.000000,53.000000,184.169647,0.000000,223.370474
5392,6782.489349,0.000000,53.000000,184.671040,0.000000,215.598886
5393,6782.489349,0.000000,53.000000,185.172432,0.000000,207.827298
5394,6782.489349,0.000000,53.000000,185.673825,0.000000,200.055710
5395,6782.489349,0.000000,53.000000,186.175218,0.000000,192.284123
5396,6782.489349,0.000000,53.000000,186.676611,0.000000,184.512535
5397,6782.489349,0.000000,53.000000,187.178003,0.000000,176.740947
5398,6782.489349,0.000000,53.000000,187.679396,0.000000,168.969359
5399,6782.489349,0.000000,53.000000,188.180789,0.000000,161.197772
5400,6782.489349,0.000000,53.000000,188.682182,0.000000,153.426184
5401,6782.489349,0.000000,53.000000,189.183574,0.000000,145.654596
5402,6782.489349,0.000000,53.000000,189.684967,0.000000,137.883008
5403,6782.489349,0.000000,53.000000,190.186360,0.000000,130.111421
5404,6782.489349,0.000000,53.000000,190.687753,0.000000,122.339833
5405,6782.489349,0.000000,53.000000,191.189145,0.000000,114.568245
5406,6782.489349,0.000000,53.000000,191.690538,0.000000,106.796657
5407,6782.489349,0.000000,53.000000,192.191931,0.000000,99.025070
5408,6782.489349,0.000000,53.000000,192.693324,0.000000,91.253482
5409,6782.489349,0.000000,53.000000,193.194717,0.000000,83.481894
5410,6782.489349,0.000000,53.000000,193.696109,0.000000,75.710306
5411,6782.489349,0.000000,53.000000,194.197502,0.000000,67.938719
5412,6782.489349,0.000000,53.000000,194.698895,0.000000,60.167131
5413,6782.489349,0.000000,53.000000,195.200288,0.000000,52.395543
5414,6782.489349,0.000000,53.000000,195.701680,0.000000,44.623955
5415,6782.489349,0.000000,53.000000,196.203073,0.000000,36.852368
5416,6782.489349,0.000000,53.000000,196.704466,0.000000,29.080780
5417,6782.489349,0.000000,53.000000,197.205859,0.000000,21.309192
5418,6782.489349,0.000000,53.000000,197.707251,0.000000,13.537604
5419,6782.489349,0.000000,53.000000,198.208644,0.000000,5.766017
5420,6782.489349,0.000000,53.000000,198.710037,0.000000,357.994429
5421,6782.489349,0.000000,53.000000,199.211430,0.000000,350.222841
5422,6782.489349,0.000000,53.000000,199.712822,0.000000,342.451253
5423,6782.489349,0.000000,53.000000,200.214215,0.000000,334.679666
5424,6782.489349,0.000000,53.000000,200.715608,0.000000,326.908078
5425,6782.489349,0.000000,53.000000,201.217001,0.000000,319.136490
5426,6782.489349,0.000000,53.000000,201.718393,0.000000,311.364903
5427,6782.489349,0.000000,53.000000,202.219786,0.000000,303.593315
5428,6782.489349,0.000000,53.000000,202.721179,0.000000,295.821727
5429,6782.489349,0.000000,53.000000,203.222572,0.000000,288.050139
5430,6782.489349,0.000000,53.000000,203.723964,0.000000,280.278552
5431,6782.489349,0.000000,53.000000,204.225357,0.000000,272.506964
5432,6782.489349,0.000000,53.000000,204.726750,0.000000,264.735376
5433,6782.489349,0.000000,53.000000,205.228143,0.000000,256.963788
5434,6782.489349,0.000000,53.000000,205.729535,0.000000,249.192201
5435,6782.489349,0.000000,53.000000,206.230928,0.000000,241.420613
5436,6782.489349,0.000000,53.000000,206.732321,0.000000,233.649025
5437,6782.489349,0.000000,53.000000,207.233714,0.000000,225.877437
5438,6782.489349,0.000000,53.000000,207.735106,0.000000,218.105850
5439,6782.489349,0.000000,53.000000,208.236499,0.000000,210.334262
5440,6782.489349,0.000000,53.000000,208.737892,0.000000,202.562674
5441,6782.489349,0.000000,53.000000,209.239285,0.000000,194.791086
5442,6782.489349,0.000000,53.000000,209.740678,0.000000,187.019499
5443,6782.489349,0.000000,53.000000,210.242070,0.000000,179.247911
5444,6782.489349,0.000000,53.000000,210.743463,0.000000,171.476323
5445,6782.489349,0.000000,53.000000,211.244856,0.000000,163.704735
5446,6782.489349,0.000000,53.000000,211.746249,0.000000,155.933148
5447,6782.489349,0.000000,53.000000,212.247641,0.000000,148.161560
5448,6782.489349,0.000000,53.000000,212.749034,0.000000,140.389972
5449,6782.489349,0.000000,53.000000,213.250427,0.000000,132.618384
5450,6782.489349,0.000000,53.000000,213.751820,0.000000,124.846797
5451,6782.489349,0.000000,53.000000,214.253212,0.000000,117.075209
5452,6782.489349,0.000000,53.000000,214.754605,0.000000,109.303621
5453,6782.489349,0.000000,53.000000,215.255998,0.000000,101.532033
5454,6782.489349,0.000000,53.000000,215.757391,0.000000,93.760446
5455,6782.489349,0.000000,53.000000,216.258783,0.000000,85.988858
5456,6782.489349,0.000000,53.000000,216.760176,0.000000,78.217270
5457,6782.489349,0.000000,53.000000,217.261569,0.000000,70.445682
5458,6782.489349,0.000000,53.000000,217.762962,0.000000,62.674095
5459,6782.489349,0.000000,53.000000,218.264354,0.000000,54.902507
5460,6782.489349,0.000000,53.000000,218.765747,0.000000,47.130919
5461,6782.489349,0.000000,53.000000,219.267140,0.000000,39.359331
5462,6782.489349,0.000000,53.000000,219.768533,0.000000,31.587744
5463,6782.489349,0.000000,53.000000,220.269925,0.000000,23.816156
5464,6782.489349,0.000000,53.000000,220.771318,0.000000,16.044568
5465,6782.489349,0.000000,53.000000,221.272711,0.000000,8.272981
5466,6782.489349,0.000000,53.000000,221.774104,0.000000,0.501393
5467,6782.489349,0.000000,53.000000,222.275496,0.000000,352.729805
5468,6782.489349,0.000000,53.000000,222.776889,0.000000,344.958217
5469,6782.489349,0.000000,53.000000,223.278282,0.000000,337.186630
5470,6782.489349,0.000000,53.000000,223.779675,0.000000,329.415042
5471,6782.489349,0.000000,53.000000,224.281067,0.000000,321.643454
5472,6782.489349,0.000000,53.000000,224.782460,0.000000,313.871866
5473,6782.489349,0.000000,53.000000,225.283853,0.000000,306.100279
5474,6782.489349,0.000000,53.000000,225.785246,0.000000,298.328691
5475,6782.489349,0.000000,53.000000,226.286639,0.000000,290.557103
5476,6782.489349,0.000000,53.000000,226.788031,0.000000,282.785515
5477,6782.489349,0.000000,53.000000,227.289424,0.000000,275.013928
5478,6782.489349,0.000000,53.000000,227.790817,0.000000,267.242340
5479,6782.489349,0.000000,53.000000,228.292210,0.000000,259.470752
5480,6782.489349,0.000000,53.000000,228.793602,0.000000,251.699164
5481,6782.489349,0.000000,53.000000,229.294995,0.000000,243.927577
5482,6782.489349,0.000000,53.000000,229.796388,0.000000,236.155989
5483,6782.489349,0.000000,53.000000,230.297781,0.000000,228.384401
5484,6782.489349,0.000000,53.000000,230.799173,0.000000,220.612813
5485,6782.489349,0.000000,53.000000,231.300566,0.000000,212.841226
5486,6782.489349,0.000000,53.000000,231.801959,0.000000,205.069638
5487,6782.489349,0.000000,53.000000,232.303352,0.000000,197.298050
5488,6782.489349,0.000000,53.000000,232.804744,0.000000,189.526462
5489,6782.489349,0.000000,53.000000,233.306137,0.000000,181.754875
5490,6782.489349,0.000000,53.000000,233.807530,0.000000,173.983287
5491,6782.489349,0.000000,53.000000,234.308923,0.000000,166.211699
5492,6782.489349,0.000000,53.000000,234.810315,0.000000,158.440111
5493,6782.489349,0.000000,53.000000,235.311708,0.000000,150.668524
5494,6782.489349,0.000000,53.000000,235.813101,0.000000,142.896936
5495,6782.489349,0.000000,53.000000,236.314494,0.000000,135.125348
5496,6782.489349,0.000000,53.000000,236.815886,0.000000,127.353760
5497,6782.489349,0.000000,53.000000,237.317279,0.000000,119.582173
5498,6782.489349,0.000000,53.000000,237.818672,0.000000,111.810585
5499,6782.489349,0.000000,53.000000,238.320065,0.000000,104.038997
5500,6782.489349,0.000000,53.000000,238.821457,0.000000,96.267409
5501,6782.489349,0.000000,53.000000,239.322850,0.000000,88.495822
5502,6782.489349,0.000000,53.000000,239.824243,0.000000,80.724234
5503,6782.489349,0.000000,53.000000,240.325636,0.000000,72.952646
5504,6782.489349,0.000000,53.000000,240.827028,0.000000,65.181058
5505,6782.489349,0.000000,53.000000,241.328421,0.000000,57.409471
5506,6782.489349,0.000000,53.000000,241.829814,0.000000,49.637883
5507,6782.489349,0.000000,53.000000,242.331207,0.000000,41.866295
5508,6782.489349,0.000000,53.000000,242.832600,0.000000,34.094708
5509,6782.489349,0.000000,53.000000,243.333992,0.000000,26.323120
5510,6782.489349,0.000000,53.000000,243.835385,0.000000,18.551532
5511,6782.489349,0.000000,53.000000,244.336778,0.000000,10.779944
5512,6782.489349,0.000000,53.000000,244.838171,0.000000,3.008357
5513,6782.489349,0.000000,53.000000,245.339563,0.000000,355.236769
5514,6782.489349,0.000000,53.000000,245.840956,0.000000,347.465181
5515,6782.489349,0.000000,53.000000,246.342349,0.000000,339.693593
5516,6782.489349,0.000000,53.000000,246.843742,0.000000,331.922006
5517,6782.489349,0.000000,53.000000,247.345134,0.000000,324.150418
5518,6782.489349,0.000000,53.000000,247.846527,0.000000,316.378830
5519,6782.489349,0.000000,53.000000,248.347920,0.000000,308.607242
5520,6782.489349,0.000000,53.000000,248.849313,0.000000,300.835655
5521,6782.489349,0.000000,53.000000,249.350705,0.000000,293.064067
5522,6782.489349,0.000000,53.000000,249.852098,0.000000,285.292479
5523,6782.489349,0.000000,53.000000,250.353491,0.000000,277.520891
5524,6782.489349,0.000000,53.000000,250.854884,0.000000,269.749304
5525,6782.489349,0.000000,53.000000,251.356276,0.000000,261.977716
5526,6782.489349,0.000000,53.000000,251.857669,0.000000,254.206128
5527,6782.489349,0.000000,53.000000,252.359062,0.000000,246.434540
5528,6782.489349,0.000000,53.000000,252.860455,0.000000,238.662953
5529,6782.489349,0.000000,53.000000,253.361847,0.000000,230.891365
5530,6782.489349,0.000000,53.000000,253.863240,0.000000,223.119777
5531,6782.489349,0.000000,53.000000,254.364633,0.000000,215.348189
5532,6782.489349,0.000000,53.000000,254.866026,0.000000,207.576602
5533,6782.489349,0.000000,53.000000,255.367418,0.000000,199.805014
5534,6782.489349,0.000000,53.000000,255.868811,0.000000,192.033426
5535,6782.489349,0.000000,53.000000,256.370204,0.000000,184.261838
5536,6782.489349,0.000000,53.000000,256.871597,0.000000,176.490251
5537,6782.489349,0.000000,53.000000,257.372989,0.000000,168.718663
5538,6782.489349,0.000000,53.000000,257.874382,0.000000,160.947075
5539,6782.489349,0.000000,53.000000,258.375775,0.000000,153.175487
5540,6782.489349,0.000000,53.000000,258.877168,0.000000,145.403900
5541,6782.489349,0.000000,53.000000,259.378561,0.000000,137.632312
5542,6782.489349,0.000000,53.000000,259.879953,0.000000,129.860724
5543,6782.489349,0.000000,53.000000,260.381346,0.000000,122.089136
5544,6782.489349,0.000000,53.000000,260.882739,0.000000,114.317549
5545,6782.489349,0.000000,53.000000,261.384132,0.000000,106.545961
5546,6782.489349,0.000000,53.000000,261.885524,0.000000,98.774373
5547,6782.489349,0.000000,53.000000,262.386917,0.000000,91.002786
5548,6782.489349,0.000000,53.000000,262.888310,0.000000,83.231198
5549,6782.489349,0.000000,53.000000,263.389703,0.000000,75.459610
5550,6782.489349,0.000000,53.000000,263.891095,0.000000,67.688022
5551,6782.489349,0.000000,53.000000,264.392488,0.000000,59.916435
5552,6782.489349,0.000000,53.000000,264.893881,0.000000,52.144847
5553,6782.489349,0.000000,53.000000,265.395274,0.000000,44.373259
5554,6782.489349,0.000000,53.000000,265.896666,0.000000,36.601671
5555,6782.489349,0.000000,53.000000,266.398059,0.000000,28.830084
5556,6782.489349,0.000000,53.000000,266.899452,0.000000,21.058496
5557,6782.489349,0.000000,53.000000,267.400845,0.000000,13.286908
5558,6782.489349,0.000000,53.000000,267.902237,0.000000,5.515320
5559,6782.489349,0.000000,53.000000,268.403630,0.000000,357.743733
5560,6782.489349,0.000000,53.000000,268.905023,0.000000,349.972145
5561,6782.489349,0.000000,53.000000,269.406416,0.000000,342.200557
5562,6782.489349,0.000000,53.000000,269.907808,0.000000,334.428969
5563,6782.489349,0.000000,53.000000,270.409201,0.000000,326.657382
5564,6782.489349,0.000000,53.000000,270.910594,0.000000,318.885794
5565,6782.489349,0.000000,53.000000,271.411987,0.000000,311.114206
5566,6782.489349,0.000000,53.000000,271.913379,0.000000,303.342618
5567,6782.489349,0.000000,53.000000,272.414772,0.000000,295.571031
5568,6782.489349,0.000000,53.000000,272.916165,0.000000,287.799443
5569,6782.489349,0.000000,53.000000,273.417558,0.000000,280.027855
5570,6782.489349,0.000000,53.000000,273.918950,0.000000,272.256267
5571,6782.489349,0.000000,53.000000,274.420343,0.000000,264.484680
5572,6782.489349,0.000000,53.000000,274.921736,0.000000,256.713092
5573,6782.489349,0.000000,53.000000,275.423129,0.000000,248.941504
5574,6782.489349,0.000000,53.000000,275.924522,0.000000,241.169916
5575,6782.489349,0.000000,53.000000,276.425914,0.000000,233.398329
5576,6782.489349,0.000000,53.000000,276.927307,0.000000,225.626741
5577,6782.489349,0.000000,53.000000,277.428700,0.000000,217.855153
5578,6782.489349,0.000000,53.000000,277.930093,0.000000,210.083565
5579,6782.489349,0.000000,53.000000,278.431485,0.000000,202.311978
5580,6782.489349,0.000000,53.000000,278.932878,0.000000,194.540390
5581,6782.489349,0.000000,53.000000,279.434271,0.000000,186.768802
5582,6782.489349,0.000000,53.000000,279.935664,0.000000,178.997214
5583,6782.489349,0.000000,53.000000,280.437056,0.000000,171.225627
5584,6782.489349,0.000000,53.000000,280.938449,0.000000,163.454039
5585,6782.489349,0.000000,53.000000,281.439842,0.000000,155.682451
5586,6782.489349,0.000000,53.000000,281.941235,0.000000,147.910864
5587,6782.489349,0.000000,53.000000,282.442627,0.000000,140.139276
5588,6782.489349,0.000000,53.000000,282.944020,0.000000,132.367688
5589,6782.489349,0.000000,53.000000,283.445413,0.000000,124.596100
5590,6782.489349,0.000000,53.000000,283.946806,0.000000,116.824513
5591,6782.489349,0.000000,53.000000,284.448198,0.000000,109.052925
5592,6782.489349,0.000000,53.000000,284.949591,0.000000,101.281337
5593,6782.489349,0.000000,53.000000,285.450984,0.000000,93.509749
5594,6782.489349,0.000000,53.000000,285.952377,0.000000,85.738162
5595,6782.489349,0.000000,53.000000,286.453769,0.000000,77.966574
5596,6782.489349,0.000000,53.000000,286.955162,0.000000,70.194986
5597,6782.489349,0.000000,53.000000,287.456555,0.000000,62.423398
5598,6782.489349,0.000000,53.000000,287.957948,0.000000,54.651811
5599,6782.489349,0.000000,53.000000,288.459340,0.000000,46.880223
5600,6782.489349,0.000000,53.000000,288.960733,0.000000,39.108635
5601,6782.489349,0.000000,53.000000,289.462126,0.000000,31.337047
5602,6782.489349,0.000000,53.000000,289.963519,0.000000,23.565460
5603,6782.489349,0.000000,53.000000,290.464911,0.000000,15.793872
5604,6782.489349,0.000000,53.000000,290.966304,0.000000,8.022284
5605,6782.489349,0.000000,53.000000,291.467697,0.000000,0.250696
5606,6782.489349,0.000000,53.000000,291.969090,0.000000,352.479109
5607,6782.489349,0.000000,53.000000,292.470483,0.000000,344.707521
5608,6782.489349,0.000000,53.000000,292.971875,0.000000,336.935933
5609,6782.489349,0.000000,53.000000,293.473268,0.000000,329.164345
5610,6782.489349,0.000000,53.000000,293.974661,0.000000,321.392758
5611,6782.489349,0.000000,53.000000,294.476054,0.000000,313.621170
5612,6782.489349,0.000000,53.000000,294.977446,0.000000,305.849582
5613,6782.489349,0.000000,53.000000,295.478839,0.000000,298.077994
5614,6782.489349,0.000000,53.000000,295.980232,0.000000,290.306407
5615,6782.489349,0.000000,53.000000,296.481625,0.000000,282.534819
5616,6782.489349,0.000000,53.000000,296.983017,0.000000,274.763231
5617,6782.489349,0.000000,53.000000,297.484410,0.000000,266.991643
5618,6782.489349,0.000000,53.000000,297.985803,0.000000,259.220056
5619,6782.489349,0.000000,53.000000,298.487196,0.000000,251.448468
5620,6782.489349,0.000000,53.000000,298.988588,0.000000,243.676880
5621,6782.489349,0.000000,53.000000,299.489981,0.000000,235.905292
5622,6782.489349,0.000000,53.000000,299.991374,0.000000,228.133705
5623,6782.489349,0.000000,53.000000,300.492767,0.000000,220.362117
5624,6782.489349,0.000000,53.000000,300.994159,0.000000,212.590529
5625,6782.489349,0.000000,53.000000,301.495552,0.000000,204.818942
5626,6782.489349,0.000000,53.000000,301.996945,0.000000,197.047354
5627,6782.489349,0.000000,53.000000,302.498338,0.000000,189.275766
5628,6782.489349,0.000000,53.000000,302.999730,0.000000,181.504178
5629,6782.489349,0.000000,53.000000,303.501123,0.000000,173.732591
5630,6782.489349,0.000000,53.000000,304.002516,0.000000,165.961003
5631,6782.489349,0.000000,53.000000,304.503909,0.000000,158.189415
5632,6782.489349,0.000000,53.000000,305.005301,0.000000,150.417827
5633,6782.489349,0.000000,53.000000,305.506694,0.000000,142.646240
5634,6782.489349,0.000000,53.000000,306.008087,0.000000,134.874652
5635,6782.489349,0.000000,53.000000,306.509480,0.000000,127.103064
5636,6782.489349,0.000000,53.000000,307.010872,0.000000,119.331476
5637,6782.489349,0.000000,53.000000,307.512265,0.000000,111.559889
5638,6782.489349,0.000000,53.000000,308.013658,0.000000,103.788301
5639,6782.489349,0.000000,53.000000,308.515051,0.000000,96.016713
5640,6782.489349,0.000000,53.000000,309.016444,0.000000,88.245125
5641,6782.489349,0.000000,53.000000,309.517836,0.000000,80.473538
5642,6782.489349,0.000000,53.000000,310.019229,0.000000,72.701950
5643,6782.489349,0.000000,53.000000,310.520622,0.000000,64.930362
5644,6782.489349,0.000000,53.000000,311.022015,0.000000,57.158774
5645,6782.489349,0.000000,53.000000,311.523407,0.000000,49.387187
5646,6782.489349,0.000000,53.000000,312.024800,0.000000,41.615599
5647,6782.489349,0.000000,53.000000,312.526193,0.000000,33.844011
5648,6782.489349,0.000000,53.000000,313.027586,0.000000,26.072423
5649,6782.489349,0.000000,53.000000,313.528978,0.000000,18.300836
5650,6782.489349,0.000000,53.000000,314.030371,0.000000,10.529248
5651,6782.489349,0.000000,53.000000,314.531764,0.000000,2.757660
5652,6782.489349,0.000000,53.000000,315.033157,0.000000,354.986072
5653,6782.489349,0.000000,53.000000,315.534549,0.000000,347.214485
5654,6782.489349,0.000000,53.000000,316.035942,0.000000,339.442897
5655,6782.489349,0.000000,53.000000,316.537335,0.000000,331.671309
5656,6782.489349,0.000000,53.000000,317.038728,0.000000,323.899721
5657,6782.489349,0.000000,53.000000,317.540120,0.000000,316.128134
5658,6782.489349,0.000000,53.000000,318.041513,0.000000,308.356546
5659,6782.489349,0.000000,53.000000,318.542906,0.000000,300.584958
5660,6782.489349,0.000000,53.000000,319.044299,0.000000,292.813370
5661,6782.489349,0.000000,53.000000,319.545691,0.000000,285.041783
5662,6782.489349,0.000000,53.000000,320.047084,0.000000,277.270195
5663,6782.489349,0.000000,53.000000,320.548477,0.000000,269.498607
5664,6782.489349,0.000000,53.000000,321.049870,0.000000,261.727019
5665,6782.489349,0.000000,53.000000,321.551262,0.000000,253.955432
5666,6782.489349,0.000000,53.000000,322.052655,0.000000,246.183844
5667,6782.489349,0.000000,53.000000,322.554048,0.000000,238.412256
5668,6782.489349,0.000000,53.000000,323.055441,0.000000,230.640669
5669,6782.489349,0.000000,53.000000,323.556833,0.000000,222.869081
5670,6782.489349,0.000000,53.000000,324.058226,0.000000,215.097493
5671,6782.489349,0.000000,53.000000,324.559619,0.000000,207.325905
5672,6782.489349,0.000000,53.000000,325.061012,0.000000,199.554318
5673,6782.489349,0.000000,53.000000,325.562405,0.000000,191.782730
5674,6782.489349,0.000000,53.000000,326.063797,0.000000,184.011142
5675,6782.489349,0.000000,53.000000,326.565190,0.000000,176.239554
5676,6782.489349,0.000000,53.000000,327.066583,0.000000,168.467967
5677,6782.489349,0.000000,53.000000,327.567976,0.000000,160.696379
5678,6782.489349,0.000000,53.000000,328.069368,0.000000,152.924791
5679,6782.489349,0.000000,53.000000,328.570761,0.000000,145.153203
5680,6782.489349,0.000000,53.000000,329.072154,0.000000,137.381616
5681,6782.489349,0.000000,53.000000,329.573547,0.000000,129.610028
5682,6782.489349,0.000000,53.000000,330.074939,0.000000,121.838440
5683,6782.489349,0.000000,53.000000,330.576332,0.000000,114.066852
5684,6782.489349,0.000000,53.000000,331.077725,0.000000,106.295265
5685,6782.489349,0.000000,53.000000,331.579118,0.000000,98.523677
5686,6782.489349,0.000000,53.000000,332.080510,0.000000,90.752089
5687,6782.489349,0.000000,53.000000,332.581903,0.000000,82.980501
5688,6782.489349,0.000000,53.000000,333.083296,0.000000,75.208914
5689,6782.489349,0.000000,53.000000,333.584689,0.000000,67.437326
5690,6782.489349,0.000000,53.000000,334.086081,0.000000,59.665738
5691,6782.489349,0.000000,53.000000,334.587474,0.000000,51.894150
5692,6782.489349,0.000000,53.000000,335.088867,0.000000,44.122563
5693,6782.489349,0.000000,53.000000,335.590260,0.000000,36.350975
5694,6782.489349,0.000000,53.000000,336.091652,0.000000,28.579387
5695,6782.489349,0.000000,53.000000,336.593045,0.000000,20.807799
5696,6782.489349,0.000000,53.000000,337.094438,0.000000,13.036212
5697,6782.489349,0.000000,53.000000,337.595831,0.000000,5.264624
5698,6782.489349,0.000000,53.000000,338.097223,0.000000,357.493036
5699,6782.489349,0.000000,53.000000,338.598616,0.000000,349.721448
5700,6782.489349,0.000000,53.000000,339.100009,0.000000,341.949861
5701,6782.489349,0.000000,53.000000,339.601402,0.000000,334.178273
5702,6782.489349,0.000000,53.000000,340.102795,0.000000,326.406685
5703,6782.489349,0.000000,53.000000,340.604187,0.000000,318.635097
5704,6782.489349,0.000000,53.000000,341.105580,0.000000,310.863510
5705,6782.489349,0.000000,53.000000,341.606973,0.000000,303.091922
5706,6782.489349,0.000000,53.000000,342.108366,0.000000,295.320334
5707,6782.489349,0.000000,53.000000,342.609758,0.000000,287.548747
5708,6782.489349,0.000000,53.000000,343.111151,0.000000,279.777159
5709,6782.489349,0.000000,53.000000,343.612544,0.000000,272.005571
5710,6782.489349,0.000000,53.000000,344.113937,0.000000,264.233983
5711,6782.489349,0.000000,53.000000,344.615329,0.000000,256.462396
5712,6782.489349,0.000000,53.000000,345.116722,0.000000,248.690808
5713,6782.489349,0.000000,53.000000,345.618115,0.000000,240.919220
5714,6782.489349,0.000000,53.000000,346.119508,0.000000,233.147632
5715,6782.489349,0.000000,53.000000,346.620900,0.000000,225.376045
5716,6782.489349,0.000000,53.000000,347.122293,0.000000,217.604457
5717,6782.489349,0.000000,53.000000,347.623686,0.000000,209.832869
5718,6782.489349,0.000000,53.000000,348.125079,0.000000,202.061281
5719,6782.489349,0.000000,53.000000,348.626471,0.000000,194.289694
5720,6782.489349,0.000000,53.000000,349.127864,0.000000,186.518106
5721,6782.489349,0.000000,53.000000,349.629257,0.000000,178.746518
5722,6782.489349,0.000000,53.000000,350.130650,0.000000,170.974930
5723,6782.489349,0.000000,53.000000,350.632042,0.000000,163.203343
5724,6782.489349,0.000000,53.000000,351.133435,0.000000,155.431755
5725,6782.489349,0.000000,53.000000,351.634828,0.000000,147.660167
5726,6782.489349,0.000000,53.000000,352.136221,0.000000,139.888579
5727,6782.489349,0.000000,53.000000,352.637613,0.000000,132.116992
5728,6782.489349,0.000000,53.000000,353.139006,0.000000,124.345404
5729,6782.489349,0.000000,53.000000,353.640399,0.000000,116.573816
5730,6782.489349,0.000000,53.000000,354.141792,0.000000,108.802228
5731,6782.489349,0.000000,53.000000,354.643184,0.000000,101.030641
5732,6782.489349,0.000000,53.000000,355.144577,0.000000,93.259053
5733,6782.489349,0.000000,53.000000,355.645970,0.000000,85.487465
5734,6782.489349,0.000000,53.000000,356.147363,0.000000,77.715877
5735,6782.489349,0.000000,53.000000,356.648756,0.000000,69.944290
5736,6782.489349,0.000000,53.000000,357.150148,0.000000,62.172702
5737,6782.489349,0.000000,53.000000,357.651541,0.000000,54.401114
5738,6782.489349,0.000000,53.000000,358.152934,0.000000,46.629526
5739,6782.489349,0.000000,53.000000,358.654327,0.000000,38.857939
5740,6782.489349,0.000000,53.000000,359.155719,0.000000,31.086351
5741,6782.489349,0.000000,53.000000,359.657112,0.000000,23.314763
5742,6782.489349,0.000000,53.000000,0.158505,0.000000,15.543175
5743,6782.489349,0.000000,53.000000,0.659898,0.000000,7.771588
5744,6782.489349,0.000000,51.000000,8.129032,0.000000,0.000000
5745,6782.489349,0.000000,51.000000,8.630425,0.000000,352.228412
5746,6782.489349,0.000000,51.000000,9.131818,0.000000,344.456825
5747,6782.489349,0.000000,51.000000,9.633211,0.000000,336.685237
5748,6782.489349,0.000000,51.000000,10.134603,0.000000,328.913649
5749,6782.489349,0.000000,51.000000,10.635996,0.000000,321.142061
5750,6782.489349,0.000000,51.000000,11.137389,0.000000,313.370474
5751,6782.489349,0.000000,51.000000,11.638782,0.000000,305.598886
5752,6782.489349,0.000000,51.000000,12.140174,0.000000,297.827298
5753,6782.489349,0.000000,51.000000,12.641567,0.000000,290.055710
5754,6782.489349,0.000000,51.000000,13.142960,0.000000,282.284123
5755,6782.489349,0.000000,51.000000,13.644353,0.000000,274.512535
5756,6782.489349,0.000000,51.000000,14.145745,0.000000,266.740947
5757,6782.489349,0.000000,51.000000,14.647138,0.000000,258.969359
5758,6782.489349,0.000000,51.000000,15.148531,0.000000,251.197772
5759,6782.489349,0.000000,51.000000,15.649924,0.000000,243.426184
5760,6782.489349,0.000000,51.000000,16.151316,0.000000,235.654596
5761,6782.489349,0.000000,51.000000,16.652709,0.000000,227.883008
5762,6782.489349,0.000000,51.000000,17.154102,0.000000,220.111421
5763,6782.489349,0.000000,51.000000,17.655495,0.000000,212.339833
5764,6782.489349,0.000000,51.000000,18.156887,0.000000,204.568245
5765,6782.489349,0.000000,51.000000,18.658280,0.000000,196.796657
5766,6782.489349,0.000000,51.000000,19.159673,0.000000,189.025070
5767,6782.489349,0.000000,51.000000,19.661066,0.000000,181.253482
5768,6782.489349,0.000000,51.000000,20.162458,0.000000,173.481894
5769,6782.489349,0.000000,51.000000,20.663851,0.000000,165.710306
5770,6782.489349,0.000000,51.000000,21.165244,0.000000,157.938719
5771,6782.489349,0.000000,51.000000,21.666637,0.000000,150.167131
5772,6782.489349,0.000000,51.000000,22.168029,0.000000,142.395543
5773,6782.489349,0.000000,51.000000,22.669422,0.000000,134.623955
5774,6782.489349,0.000000,51.000000,23.170815,0.000000,126.852368
5775,6782.489349,0.000000,51.000000,23.672208,0.000000,119.080780
5776,6782.489349,0.000000,51.000000,24.173601,0.000000,111.309192
5777,6782.489349,0.000000,51.000000,24.674993,0.000000,103.537604
5778,6782.489349,0.000000,51.000000,25.176386,0.000000,95.766017
5779,6782.489349,0.000000,51.000000,25.677779,0.000000,87.994429
5780,6782.489349,0.000000,51.000000,26.179172,0.000000,80.222841
5781,6782.489349,0.000000,51.000000,26.680564,0.000000,72.451253
5782,6782.489349,0.000000,51.000000,27.181957,0.000000,64.679666
5783,6782.489349,0.000000,51.000000,27.683350,0.000000,56.908078
5784,6782.489349,0.000000,51.000000,28.184743,0.000000,49.136490
5785,6782.489349,0.000000,51.000000,28.686135,0.000000,41.364903
5786,6782.489349,0.000000,51.000000,29.187528,0.000000,33.593315
5787,6782.489349,0.000000,51.000000,29.688921,0.000000,25.821727
5788,6782.489349,0.000000,51.000000,30.190314,0.000000,18.050139
5789,6782.489349,0.000000,51.000000,30.691706,0.000000,10.278552
5790,6782.489349,0.000000,51.000000,31.193099,0.000000,2.506964
5791,6782.489349,0.000000,51.000000,31.694492,0.000000,354.735376
5792,6782.489349,0.000000,51.000000,32.195885,0.000000,346.963788
5793,6782.489349,0.000000,51.000000,32.697277,0.000000,339.192201
5794,6782.489349,0.000000,51.000000,33.198670,0.000000,331.420613
5795,6782.489349,0.000000,51.000000,33.700063,0.000000,323.649025
5796,6782.489349,0.000000,51.000000,34.201456,0.000000,315.877437
5797,6782.489349,0.000000,51.000000,34.702848,0.000000,308.105850
5798,6782.489349,0.000000,51.000000,35.204241,0.000000,300.334262
5799,6782.489349,0.000000,51.000000,35.705634,0.000000,292.562674
5800,6782.489349,0.000000,51.000000,36.207027,0.000000,284.791086
5801,6782.489349,0.000000,51.000000,36.708419,0.000000,277.019499
5802,6782.489349,0.000000,51.000000,37.209812,0.000000,269.247911
5803,6782.489349,0.000000,51.000000,37.711205,0.000000,261.476323
5804,6782.489349,0.000000,51.000000,38.212598,0.000000,253.704735
5805,6782.489349,0.000000,51.000000,38.713990,0.000000,245.933148
5806,6782.489349,0.000000,51.000000,39.215383,0.000000,238.161560
5807,6782.489349,0.000000,51.000000,39.716776,0.000000,230.389972
5808,6782.489349,0.000000,51.000000,40.218169,0.000000,222.618384
5809,6782.489349,0.000000,51.000000,40.719562,0.000000,214.846797
5810,6782.489349,0.000000,51.000000,41.220954,0.000000,207.075209
5811,6782.489349,0.000000,51.000000,41.722347,0.000000,199.303621
5812,6782.489349,0.000000,51.000000,42.223740,0.000000,191.532033
5813,6782.489349,0.000000,51.000000,42.725133,0.000000,183.760446
5814,6782.489349,0.000000,51.000000,43.226525,0.000000,175.988858
5815,6782.489349,0.000000,51.000000,43.727918,0.000000,168.217270
5816,6782.489349,0.000000,51.000000,44.229311,0.000000,160.445682
5817,6782.489349,0.000000,51.000000,44.730704,0.000000,152.674095
5818,6782.489349,0.000000,51.000000,45.232096,0.000000,144.902507
5819,6782.489349,0.000000,51.000000,45.733489,0.000000,137.130919
5820,6782.489349,0.000000,51.000000,46.234882,0.000000,129.359331
5821,6782.489349,0.000000,51.000000,46.736275,0.000000,121.587744
5822,6782.489349,0.000000,51.000000,47.237667,0.000000,113.816156
5823,6782.489349,0.000000,51.000000,47.739060,0.000000,106.044568
5824,6782.489349,0.000000,51.000000,48.240453,0.000000,98.272981
5825,6782.489349,0.000000,51.000000,48.741846,0.000000,90.501393
5826,6782.489349,0.000000,51.000000,49.243238,0.000000,82.729805
5827,6782.489349,0.000000,51.000000,49.744631,0.000000,74.958217
5828,6782.489349,0.000000,51.000000,50.246024,0.000000,67.186630
5829,6782.489349,0.000000,51.000000,50.747417,0.000000,59.415042
5830,6782.489349,0.000000,51.000000,51.248809,0.000000,51.643454
5831,6782.489349,0.000000,51.000000,51.750202,0.000000,43.871866
5832,6782.489349,0.000000,51.000000,52.251595,0.000000,36.100279
5833,6782.489349,0.000000,51.000000,52.752988,0.000000,28.328691
5834,6782.489349,0.000000,51.000000,53.254380,0.000000,20.557103
5835,6782.489349,0.000000,51.000000,53.755773,0.000000,12.785515
5836,6782.489349,0.000000,51.000000,54.257166,0.000000,5.013928
5837,6782.489349,0.000000,51.000000,54.758559,0.000000,357.242340
5838,6782.489349,0.000000,51.000000,55.259951,0.000000,349.470752
5839,6782.489349,0.000000,51.000000,55.761344,0.000000,341.699164
5840,6782.489349,0.000000,51.000000,56.262737,0.000000,333.927577
5841,6782.489349,0.000000,51.000000,56.764130,0.000000,326.155989
5842,6782.489349,0.000000,51.000000,57.265523,0.000000,318.384401
5843,6782.489349,0.000000,51.000000,57.766915,0.000000,310.612813
5844,6782.489349,0.000000,51.000000,58.268308,0.000000,302.841226
5845,6782.489349,0.000000,51.000000,58.769701,0.000000,295.069638
5846,6782.489349,0.000000,51.000000,59.271094,0.000000,287.298050
5847,6782.489349,0.000000,51.000000,59.772486,0.000000,279.526462
5848,6782.489349,0.000000,51.000000,60.273879,0.000000,271.754875
5849,6782.489349,0.000000,51.000000,60.775272,0.000000,263.983287
5850,6782.489349,0.000000,51.000000,61.276665,0.000000,256.211699
5851,6782.489349,0.000000,51.000000,61.778057,0.000000,248.440111
5852,6782.489349,0.000000,51.000000,62.279450,0.000000,240.668524
5853,6782.489349,0.000000,51.000000,62.780843,0.000000,232.896936
5854,6782.489349,0.000000,51.000000,63.282236,0.000000,225.125348
5855,6782.489349,0.000000,51.000000,63.783628,0.000000,217.353760
5856,6782.489349,0.000000,51.000000,64.285021,0.000000,209.582173
5857,6782.489349,0.000000,51.000000,64.786414,0.000000,201.810585
5858,6782.489349,0.000000,51.000000,65.287807,0.000000,194.038997
5859,6782.489349,0.000000,51.000000,65.789199,0.000000,186.267409
5860,6782.489349,0.000000,51.000000,66.290592,0.000000,178.495822
5861,6782.489349,0.000000,51.000000,66.791985,0.000000,170.724234
5862,6782.489349,0.000000,51.000000,67.293378,0.000000,162.952646
5863,6782.489349,0.000000,51.000000,67.794770,0.000000,155.181058
5864,6782.489349,0.000000,51.000000,68.296163,0.000000,147.409471
5865,6782.489349,0.000000,51.000000,68.797556,0.000000,139.637883
5866,6782.489349,0.000000,51.000000,69.298949,0.000000,131.866295
5867,6782.489349,0.000000,51.000000,69.800341,0.000000,124.094708
5868,6782.489349,0.000000,51.000000,70.301734,0.000000,116.323120
5869,6782.489349,0.000000,51.000000,70.803127,0.000000,108.551532
5870,6782.489349,0.000000,51.000000,71.304520,0.000000,100.779944
5871,6782.489349,0.000000,51.000000,71.805912,0.000000,93.008357
5872,6782.489349,0.000000,51.000000,72.307305,0.000000,85.236769
5873,6782.489349,0.000000,51.000000,72.808698,0.000000,77.465181
5874,6782.489349,0.000000,51.000000,73.310091,0.000000,69.693593
5875,6782.489349,0.000000,51.000000,73.811484,0.000000,61.922006
5876,6782.489349,0.000000,51.000000,74.312876,0.000000,54.150418
5877,6782.489349,0.000000,51.000000,74.814269,0.000000,46.378830
5878,6782.489349,0.000000,51.000000,75.315662,0.000000,38.607242
5879,6782.489349,0.000000,51.000000,75.817055,0.000000,30.835655
5880,6782.489349,0.000000,51.000000,76.318447,0.000000,23.064067
5881,6782.489349,0.000000,51.000000,76.819840,0.000000,15.292479
5882,6782.489349,0.000000,51.000000,77.321233,0.000000,7.520891
5883,6782.489349,0.000000,51.000000,77.822626,0.000000,359.749304
5884,6782.489349,0.000000,51.000000,78.324018,0.000000,351.977716
5885,6782.489349,0.000000,51.000000,78.825411,0.000000,344.206128
5886,6782.489349,0.000000,51.000000,79.326804,0.000000,336.434540
5887,6782.489349,0.000000,51.000000,79.828197,0.000000,328.662953
5888,6782.489349,0.000000,51.000000,80.329589,0.000000,320.891365
5889,6782.489349,0.000000,51.000000,80.830982,0.000000,313.119777
5890,6782.489349,0.000000,51.000000,81.332375,0.000000,305.348189
5891,6782.489349,0.000000,51.000000,81.833768,0.000000,297.576602
5892,6782.489349,0.000000,51.000000,82.335160,0.000000,289.805014
5893,6782.489349,0.000000,51.000000,82.836553,0.000000,282.033426
5894,6782.489349,0.000000,51.000000,83.337946,0.000000,274.261838
5895,6782.489349,0.000000,51.000000,83.839339,0.000000,266.490251
5896,6782.489349,0.000000,51.000000,84.340731,0.000000,258.718663
5897,6782.489349,0.000000,51.000000,84.842124,0.000000,250.947075
5898,6782.489349,0.000000,51.000000,85.343517,0.000000,243.175487
5899,6782.489349,0.000000,51.000000,85.844910,0.000000,235.403900
5900,6782.489349,0.000000,51.000000,86.346302,0.000000,227.632312
5901,6782.489349,0.000000,51.000000,86.847695,0.000000,219.860724
5902,6782.489349,0.000000,51.000000,87.349088,0.000000,212.089136
5903,6782.489349,0.000000,51.000000,87.850481,0.000000,204.317549
5904,6782.489349,0.000000,51.000000,88.351873,0.000000,196.545961
5905,6782.489349,0.000000,51.000000,88.853266,0.000000,188.774373
5906,6782.489349,0.000000,51.000000,89.354659,0.000000,181.002786
5907,6782.489349,0.000000,51.000000,89.856052,0.000000,173.231198
5908,6782.489349,0.000000,51.000000,90.357445,0.000000,165.459610
5909,6782.489349,0.000000,51.000000,90.858837,0.000000,157.688022
5910,6782.489349,0.000000,51.000000,91.360230,0.000000,149.916435
5911,6782.489349,0.000000,51.000000,91.861623,0.000000,142.144847
5912,6782.489349,0.000000,51.000000,92.363016,0.000000,134.373259
5913,6782.489349,0.000000,51.000000,92.864408,0.000000,126.601671
5914,6782.489349,0.000000,51.000000,93.365801,0.000000,118.830084
5915,6782.489349,0.000000,51.000000,93.867194,0.000000,111.058496
5916,6782.489349,0.000000,51.000000,94.368587,0.000000,103.286908
5917,6782.489349,0.000000,51.000000,94.869979,0.000000,95.515320
5918,6782.489349,0.000000,51.000000,95.371372,0.000000,87.743733
5919,6782.489349,0.000000,51.000000,95.872765,0.000000,79.972145
5920,6782.489349,0.000000,51.000000,96.374158,0.000000,72.200557
5921,6782.489349,0.000000,51.000000,96.875550,0.000000,64.428969
5922,6782.489349,0.000000,51.000000,97.376943,0.000000,56.657382
5923,6782.489349,0.000000,51.000000,97.878336,0.000000,48.885794
5924,6782.489349,0.000000,51.000000,98.379729,0.000000,41.114206
5925,6782.489349,0.000000,51.000000,98.881121,0.000000,33.342618
5926,6782.489349,0.000000,51.000000,99.382514,0.000000,25.571031
5927,6782.489349,0.000000,51.000000,99.883907,0.000000,17.799443
5928,6782.489349,0.000000,51.000000,100.385300,0.000000,10.027855
5929,6782.489349,0.000000,51.000000,100.886692,0.000000,2.256267
5930,6782.489349,0.000000,51.000000,101.388085,0.000000,354.484680
5931,6782.489349,0.000000,51.000000,101.889478,0.000000,346.713092
5932,6782.489349,0.000000,51.000000,102.390871,0.000000,338.941504
5933,6782.489349,0.000000,51.000000,102.892263,0.000000,331.169916
5934,6782.489349,0.000000,51.000000,103.393656,0.000000,323.398329
5935,6782.489349,0.000000,51.000000,103.895049,0.000000,315.626741
5936,6782.489349,0.000000,51.000000,104.396442,0.000000,307.855153
5937,6782.489349,0.000000,51.000000,104.897834,0.000000,300.083565
5938,6782.489349,0.000000,51.000000,105.399227,0.000000,292.311978
5939,6782.489349,0.000000,51.000000,105.900620,0.000000,284.540390
5940,6782.489349,0.000000,51.000000,106.402013,0.000000,276.768802
5941,6782.489349,0.000000,51.000000,106.903406,0.000000,268.997214
5942,6782.489349,0.000000,51.000000,107.404798,0.000000,261.225627
5943,6782.489349,0.000000,51.000000,107.906191,0.000000,253.454039
5944,6782.489349,0.000000,51.000000,108.407584,0.000000,245.682451
5945,6782.489349,0.000000,51.000000,108.908977,0.000000,237.910864
5946,6782.489349,0.000000,51.000000,109.410369,0.000000,230.139276
5947,6782.489349,0.000000,51.000000,109.911762,0.000000,222.367688
5948,6782.489349,0.000000,51.000000,110.413155,0.000000,214.596100
5949,6782.489349,0.000000,51.000000,110.914548,0.000000,206.824513
5950,6782.489349,0.000000,51.000000,111.415940,0.000000,199.052925
5951,6782.489349,0.000000,51.000000,111.917333,0.000000,191.281337
5952,6782.489349,0.000000,51.000000,112.418726,0.000000,183.509749
5953,6782.489349,0.000000,51.000000,112.920119,0.000000,175.738162
5954,6782.489349,0.000000,51.000000,113.421511,0.000000,167.966574
5955,6782.489349,0.000000,51.000000,113.922904,0.000000,160.194986
5956,6782.489349,0.000000,51.000000,114.424297,0.000000,152.423398
5957,6782.489349,0.000000,51.000000,114.925690,0.000000,144.651811
5958,6782.489349,0.000000,51.000000,115.427082,0.000000,136.880223
5959,6782.489349,0.000000,51.000000,115.928475,0.000000,129.108635
5960,6782.489349,0.000000,51.000000,116.429868,0.000000,121.337047
5961,6782.489349,0.000000,51.000000,116.931261,0.000000,113.565460
5962,6782.489349,0.000000,51.000000,117.432653,0.000000,105.793872
5963,6782.489349,0.000000,51.000000,117.934046,0.000000,98.022284
5964,6782.489349,0.000000,51.000000,118.435439,0.000000,90.250696
5965,6782.489349,0.000000,51.000000,118.936832,0.000000,82.479109
5966,6782.489349,0.000000,51.000000,119.438224,0.000000,74.707521
5967,6782.489349,0.000000,51.000000,119.939617,0.000000,66.935933
5968,6782.489349,0.000000,51.000000,120.441010,0.000000,59.164345
5969,6782.489349,0.000000,51.000000,120.942403,0.000000,51.392758
5970,6782.489349,0.000000,51.000000,121.443795,0.000000,43.621170
5971,6782.489349,0.000000,51.000000,121.945188,0.000000,35.849582
5972,6782.489349,0.000000,51.000000,122.446581,0.000000,28.077994
5973,6782.489349,0.000000,51.000000,122.947974,0.000000,20.306407
5974,6782.489349,0.000000,51.000000,123.449367,0.000000,12.534819
5975,6782.489349,0.000000,51.000000,123.950759,0.000000,4.763231
5976,6782.489349,0.000000,51.000000,124.452152,0.000000,356.991643
5977,6782.489349,0.000000,51.000000,124.953545,0.000000,349.220056
5978,6782.489349,0.000000,51.000000,125.454938,0.000000,341.448468
5979,6782.489349,0.000000,51.000000,125.956330,0.000000,333.676880
5980,6782.489349,0.000000,51.000000,126.457723,0.000000,325.905292
5981,6782.489349,0.000000,51.000000,126.959116,0.000000,318.133705
5982,6782.489349,0.000000,51.000000,127.460509,0.000000,310.362117
5983,6782.489349,0.000000,51.000000,127.961901,0.000000,302.590529
5984,6782.489349,0.000000,51.000000,128.463294,0.000000,294.818942
5985,6782.489349,0.000000,51.000000,128.964687,0.000000,287.047354
5986,6782.489349,0.000000,51.000000,129.466080,0.000000,279.275766
5987,6782.489349,0.000000,51.000000,129.967472,0.000000,271.504178
5988,6782.489349,0.000000,51.000000,130.468865,0.000000,263.732591
5989,6782.489349,0.000000,51.000000,130.970258,0.000000,255.961003
5990,6782.489349,0.000000,51.000000,131.471651,0.000000,248.189415
5991,6782.489349,0.000000,51.000000,131.973043,0.000000,240.417827
5992,6782.489349,0.000000,51.000000,132.474436,0.000000,232.646240
5993,6782.489349,0.000000,51.000000,132.975829,0.000000,224.874652
5994,6782.489349,0.000000,51.000000,133.477222,0.000000,217.103064
5995,6782.489349,0.000000,51.000000,133.978614,0.000000,209.331476
5996,6782.489349,0.000000,51.000000,134.480007,0.000000,201.559889
5997,6782.489349,0.000000,51.000000,134.981400,0.000000,193.788301
5998,6782.489349,0.000000,51.000000,135.482793,0.000000,186.016713
5999,6782.489349,0.000000,51.000000,135.984185,0.000000,178.245125
6000,6782.489349,0.000000,51.000000,136.485578,0.000000,170.473538
6001,6782.489349,0.000000,51.000000,136.986971,0.000000,162.701950
6002,6782.489349,0.000000,51.000000,137.488364,0.000000,154.930362
6003,6782.489349,0.000000,51.000000,137.989756,0.000000,147.158774
6004,6782.489349,0.000000,51.000000,138.491149,0.000000,139.387187
6005,6782.489349,0.000000,51.000000,138.992542,0.000000,131.615599
6006,6782.489349,0.000000,51.000000,139.493935,0.000000,123.844011
6007,6782.489349,0.000000,51.000000,139.995328,0.000000,116.072423
6008,6782.489349,0.000000,51.000000,140.496720,0.000000,108.300836
6009,6782.489349,0.000000,51.000000,140.998113,0.000000,100.529248
6010,6782.489349,0.000000,51.000000,141.499506,0.000000,92.757660
6011,6782.489349,0.000000,51.000000,142.000899,0.000000,84.986072
6012,6782.489349,0.000000,51.000000,142.502291,0.000000,77.214485
6013,6782.489349,0.000000,51.000000,143.003684,0.000000,69.442897
6014,6782.489349,0.000000,51.000000,143.505077,0.000000,61.671309
6015,6782.489349,0.000000,51.000000,144.006470,0.000000,53.899721
6016,6782.489349,0.000000,51.000000,144.507862,0.000000,46.128134
6017,6782.489349,0.000000,51.000000,145.009255,0.000000,38.356546
6018,6782.489349,0.000000,51.000000,145.510648,0.000000,30.584958
6019,6782.489349,0.000000,51.000000,146.012041,0.000000,22.813370
6020,6782.489349,0.000000,51.000000,146.513433,0.000000,15.041783
6021,6782.489349,0.000000,51.000000,147.014826,0.000000,7.270195
6022,6782.489349,0.000000,51.000000,147.516219,0.000000,359.498607
6023,6782.489349,0.000000,51.000000,148.017612,0.000000,351.727019
6024,6782.489349,0.000000,51.000000,148.519004,0.000000,343.955432
6025,6782.489349,0.000000,51.000000,149.020397,0.000000,336.183844
6026,6782.489349,0.000000,51.000000,149.521790,0.000000,328.412256
6027,6782.489349,0.000000,51.000000,150.023183,0.000000,320.640669
6028,6782.489349,0.000000,51.000000,150.524575,0.000000,312.869081
6029,6782.489349,0.000000,51.000000,151.025968,0.000000,305.097493
6030,6782.489349,0.000000,51.000000,151.527361,0.000000,297.325905
6031,6782.489349,0.000000,51.000000,152.028754,0.000000,289.554318
6032,6782.489349,0.000000,51.000000,152.530146,0.000000,281.782730
6033,6782.489349,0.000000,51.000000,153.031539,0.000000,274.011142
6034,6782.489349,0.000000,51.000000,153.532932,0.000000,266.239554
6035,6782.489349,0.000000,51.000000,154.034325,0.000000,258.467967
6036,6782.489349,0.000000,51.000000,154.535717,0.000000,250.696379
6037,6782.489349,0.000000,51.000000,155.037110,0.000000,242.924791
6038,6782.489349,0.000000,51.000000,155.538503,0.000000,235.153203
6039,6782.489349,0.000000,51.000000,156.039896,0.000000,227.381616
6040,6782.489349,0.000000,51.000000,156.541289,0.000000,219.610028
6041,6782.489349,0.000000,51.000000,157.042681,0.000000,211.838440
6042,6782.489349,0.000000,51.000000,157.544074,0.000000,204.066852
6043,6782.489349,0.000000,51.000000,158.045467,0.000000,196.295265
6044,6782.489349,0.000000,51.000000,158.546860,0.000000,188.523677
6045,6782.489349,0.000000,51.000000,159.048252,0.000000,180.752089
6046,6782.489349,0.000000,51.000000,159.549645,0.000000,172.980501
6047,6782.489349,0.000000,51.000000,160.051038,0.000000,165.208914
6048,6782.489349,0.000000,51.000000,160.552431,0.000000,157.437326
6049,6782.489349,0.000000,51.000000,161.053823,0.000000,149.665738
6050,6782.489349,0.000000,51.000000,161.555216,0.000000,141.894150
6051,6782.489349,0.000000,51.000000,162.056609,0.000000,134.122563
6052,6782.489349,0.000000,51.000000,162.558002,0.000000,126.350975
6053,6782.489349,0.000000,51.000000,163.059394,0.000000,118.579387
6054,6782.489349,0.000000,51.000000,163.560787,0.000000,110.807799
6055,6782.489349,0.000000,51.000000,164.062180,0.000000,103.036212
6056,6782.489349,0.000000,51.000000,164.563573,0.000000,95.264624
6057,6782.489349,0.000000,51.000000,165.064965,0.000000,87.493036
6058,6782.489349,0.000000,51.000000,165.566358,0.000000,79.721448
6059,6782.489349,0.000000,51.000000,166.067751,0.000000,71.949861
6060,6782.489349,0.000000,51.000000,166.569144,0.000000,64.178273
6061,6782.489349,0.000000,51.000000,167.070536,0.000000,56.406685
6062,6782.489349,0.000000,51.000000,167.571929,0.000000,48.635097
6063,6782.489349,0.000000,51.000000,168.073322,0.000000,40.863510
6064,6782.489349,0.000000,51.000000,168.574715,0.000000,33.091922
6065,6782.489349,0.000000,51.000000,169.076107,0.000000,25.320334
6066,6782.489349,0.000000,51.000000,169.577500,0.000000,17.548747
6067,6782.489349,0.000000,51.000000,170.078893,0.000000,9.777159
6068,6782.489349,0.000000,51.000000,170.580286,0.000000,2.005571
6069,6782.489349,0.000000,51.000000,171.081678,0.000000,354.233983
6070,6782.489349,0.000000,51.000000,171.583071,0.000000,346.462396
6071,6782.489349,0.000000,51.000000,172.084464,0.000000,338.690808
6072,6782.489349,0.000000,51.000000,172.585857,0.000000,330.919220
6073,6782.489349,0.000000,51.000000,173.087250,0.000000,323.147632
6074,6782.489349,0.000000,51.000000,173.588642,0.000000,315.376045
6075,6782.489349,0.000000,51.000000,174.090035,0.000000,307.604457
6076,6782.489349,0.000000,51.000000,174.591428,0.000000,299.832869
6077,6782.489349,0.000000,51.000000,175.092821,0.000000,292.061281
6078,6782.489349,0.000000,51.000000,175.594213,0.000000,284.289694
6079,6782.489349,0.000000,51.000000,176.095606,0.000000,276.518106
6080,6782.489349,0.000000,51.000000,176.596999,0.000000,268.746518
6081,6782.489349,0.000000,51.000000,177.098392,0.000000,260.974930
6082,6782.489349,0.000000,51.000000,177.599784,0.000000,253.203343
6083,6782.489349,0.000000,51.000000,178.101177,0.000000,245.431755
6084,6782.489349,0.000000,51.000000,178.602570,0.000000,237.660167
6085,6782.489349,0.000000,51.000000,179.103963,0.000000,229.888579
6086,6782.489349,0.000000,51.000000,179.605355,0.000000,222.116992
6087,6782.489349,0.000000,51.000000,180.106748,0.000000,214.345404
6088,6782.489349,0.000000,51.000000,180.608141,0.000000,206.573816
6089,6782.489349,0.000000,51.000000,181.109534,0.000000,198.802228
6090,6782.489349,0.000000,51.000000,181.610926,0.000000,191.030641
6091,6782.489349,0.000000,51.000000,182.112319,0.000000,183.259053
6092,6782.489349,0.000000,51.000000,182.613712,0.000000,175.487465
6093,6782.489349,0.000000,51.000000,183.115105,0.000000,167.715877
6094,6782.489349,0.000000,51.000000,183.616497,0.000000,159.944290
6095,6782.489349,0.000000,51.000000,184.117890,0.000000,152.172702
6096,6782.489349,0.000000,51.000000,184.619283,0.000000,144.401114
6097,6782.489349,0.000000,51.000000,185.120676,0.000000,136.629526
6098,6782.489349,0.000000,51.000000,185.622068,0.000000,128.857939
6099,6782.489349,0.000000,51.000000,186.123461,0.000000,121.086351
6100,6782.489349,0.000000,51.000000,186.624854,0.000000,113.314763
6101,6782.489349,0.000000,51.000000,187.126247,0.000000,105.543175
6102,6782.489349,0.000000,51.000000,187.627640,0.000000,97.771588
6103,6782.489349,0.000000,51.000000,188.129032,0.000000,90.000000
6104,6782.489349,0.000000,51.000000,188.630425,0.000000,82.228412
6105,6782.489349,0.000000,51.000000,189.131818,0.000000,74.456825
6106,6782.489349,0.000000,51.000000,189.633211,0.000000,66.685237
6107,6782.489349,0.000000,51.000000,190.134603,0.000000,58.913649
6108,6782.489349,0.000000,51.000000,190.635996,0.000000,51.142061
6109,6782.489349,0.000000,51.000000,191.137389,0.000000,43.370474
6110,6782.489349,0.000000,51.000000,191.638782,0.000000,35.598886
6111,6782.489349,0.000000,51.000000,192.140174,0.000000,27.827298
6112,6782.489349,0.000000,51.000000,192.641567,0.000000,20.055710
6113,6782.489349,0.000000,51.000000,193.142960,0.000000,12.284123
6114,6782.489349,0.000000,51.000000,193.644353,0.000000,4.512535
6115,6782.489349,0.000000,51.000000,194.145745,0.000000,356.740947
6116,6782.489349,0.000000,51.000000,194.647138,0.000000,348.969359
6117,6782.489349,0.000000,51.000000,195.148531,0.000000,341.197772
6118,6782.489349,0.000000,51.000000,195.649924,0.000000,333.426184
6119,6782.489349,0.000000,51.000000,196.151316,0.000000,325.654596
6120,6782.489349,0.000000,51.000000,196.652709,0.000000,317.883008
6121,6782.489349,0.000000,51.000000,197.154102,0.000000,310.111421
6122,6782.489349,0.000000,51.000000,197.655495,0.000000,302.339833
6123,6782.489349,0.000000,51.000000,198.156887,0.000000,294.568245
6124,6782.489349,0.000000,51.000000,198.658280,0.000000,286.796657
6125,6782.489349,0.000000,51.000000,199.159673,0.000000,279.025070
6126,6782.489349,0.000000,51.000000,199.661066,0.000000,271.253482
6127,6782.489349,0.000000,51.000000,200.162458,0.000000,263.481894
6128,6782.489349,0.000000,51.000000,200.663851,0.000000,255.710306
6129,6782.489349,0.000000,51.000000,201.165244,0.000000,247.938719
6130,6782.489349,0.000000,51.000000,201.666637,0.000000,240.167131
6131,6782.489349,0.000000,51.000000,202.168029,0.000000,232.395543
6132,6782.489349,0.000000,51.000000,202.669422,0.000000,224.623955
6133,6782.489349,0.000000,51.000000,203.170815,0.000000,216.852368
6134,6782.489349,0.000000,51.000000,203.672208,0.000000,209.080780
6135,6782.489349,0.000000,51.000000,204.173601,0.000000,201.309192
6136,6782.489349,0.000000,51.000000,204.674993,0.000000,193.537604
6137,6782.489349,0.000000,51.000000,205.176386,0.000000,185.766017
6138,6782.489349,0.000000,51.000000,205.677779,0.000000,177.994429
6139,6782.489349,0.000000,51.000000,206.179172,0.000000,170.222841
6140,6782.489349,0.000000,51.000000,206.680564,0.000000,162.451253
6141,6782.489349,0.000000,51.000000,207.181957,0.000000,154.679666
6142,6782.489349,0.000000,51.000000,207.683350,0.000000,146.908078
6143,6782.489349,0.000000,51.000000,208.184743,0.000000,139.136490
6144,6782.489349,0.000000,51.000000,208.686135,0.000000,131.364903
6145,6782.489349,0.000000,51.000000,209.187528,0.000000,123.593315
6146,6782.489349,0.000000,51.000000,209.688921,0.000000,115.821727
6147,6782.489349,0.000000,51.000000,210.190314,0.000000,108.050139
6148,6782.489349,0.000000,51.000000,210.691706,0.000000,100.278552
6149,6782.489349,0.000000,51.000000,211.193099,0.000000,92.506964
6150,6782.489349,0.000000,51.000000,211.694492,0.000000,84.735376
6151,6782.489349,0.000000,51.000000,212.195885,0.000000,76.963788
6152,6782.489349,0.000000,51.000000,212.697277,0.000000,69.192201
6153,6782.489349,0.000000,51.000000,213.198670,0.000000,61.420613
6154,6782.489349,0.000000,51.000000,213.700063,0.000000,53.649025
6155,6782.489349,0.000000,51.000000,214.201456,0.000000,45.877437
6156,6782.489349,0.000000,51.000000,214.702848,0.000000,38.105850
6157,6782.489349,0.000000,51.000000,215.204241,0.000000,30.334262
6158,6782.489349,0.000000,51.000000,215.705634,0.000000,22.562674
6159,6782.489349,0.000000,51.000000,216.207027,0.000000,14.791086
6160,6782.489349,0.000000,51.000000,216.708419,0.000000,7.019499
6161,6782.489349,0.000000,51.000000,217.209812,0.000000,359.247911
6162,6782.489349,0.000000,51.000000,217.711205,0.000000,351.476323
6163,6782.489349,0.000000,51.000000,218.212598,0.000000,343.704735
6164,6782.489349,0.000000,51.000000,218.713990,0.000000,335.933148
6165,6782.489349,0.000000,51.000000,219.215383,0.000000,328.161560
6166,6782.489349,0.000000,51.000000,219.716776,0.000000,320.389972
6167,6782.489349,0.000000,51.000000,220.218169,0.000000,312.618384
6168,6782.489349,0.000000,51.000000,220.719562,0.000000,304.846797
6169,6782.489349,0.000000,51.000000,221.220954,0.000000,297.075209
6170,6782.489349,0.000000,51.000000,221.722347,0.000000,289.303621
6171,6782.489349,0.000000,51.000000,222.223740,0.000000,281.532033
6172,6782.489349,0.000000,51.000000,222.725133,0.000000,273.760446
6173,6782.489349,0.000000,51.000000,223.226525,0.000000,265.988858
6174,6782.489349,0.000000,51.000000,223.727918,0.000000,258.217270
6175,6782.489349,0.000000,51.000000,224.229311,0.000000,250.445682
6176,6782.489349,0.000000,51.000000,224.730704,0.000000,242.674095
6177,6782.489349,0.000000,51.000000,225.232096,0.000000,234.902507
6178,6782.489349,0.000000,51.000000,225.733489,0.000000,227.130919
6179,6782.489349,0.000000,51.000000,226.234882,0.000000,219.359331
6180,6782.489349,0.000000,51.000000,226.736275,0.000000,211.587744
6181,6782.489349,0.000000,51.000000,227.237667,0.000000,203.816156
6182,6782.489349,0.000000,51.000000,227.739060,0.000000,196.044568
6183,6782.489349,0.000000,51.000000,228.240453,0.000000,188.272981
6184,6782.489349,0.000000,51.000000,228.741846,0.000000,180.501393
6185,6782.489349,0.000000,51.000000,229.243238,0.000000,172.729805
6186,6782.489349,0.000000,51.000000,229.744631,0.000000,164.958217
6187,6782.489349,0.000000,51.000000,230.246024,0.000000,157.186630
6188,6782.489349,0.000000,51.000000,230.747417,0.000000,149.415042
6189,6782.489349,0.000000,51.000000,231.248809,0.000000,141.643454
6190,6782.489349,0.000000,51.000000,231.750202,0.000000,133.871866
6191,6782.489349,0.000000,51.000000,232.251595,0.000000,126.100279
6192,6782.489349,0.000000,51.000000,232.752988,0.000000,118.328691
6193,6782.489349,0.000000,51.000000,233.254380,0.000000,110.557103
6194,6782.489349,0.000000,51.000000,233.755773,0.000000,102.785515
6195,6782.489349,0.000000,51.000000,234.257166,0.000000,95.013928
6196,6782.489349,0.000000,51.000000,234.758559,0.000000,87.242340
6197,6782.489349,0.000000,51.000000,235.259951,0.000000,79.470752
6198,6782.489349,0.000000,51.000000,235.761344,0.000000,71.699164
6199,6782.489349,0.000000,51.000000,236.262737,0.000000,63.927577
6200,6782.489349,0.000000,51.000000,236.764130,0.000000,56.155989
6201,6782.489349,0.000000,51.000000,237.265523,0.000000,48.384401
6202,6782.489349,0.000000,51.000000,237.766915,0.000000,40.612813
6203,6782.489349,0.000000,51.000000,238.268308,0.000000,32.841226
6204,6782.489349,0.000000,51.000000,238.769701,0.000000,25.069638
6205,6782.489349,0.000000,51.000000,239.271094,0.000000,17.298050
6206,6782.489349,0.000000,51.000000,239.772486,0.000000,9.526462
6207,6782.489349,0.000000,51.000000,240.273879,0.000000,1.754875
6208,6782.489349,0.000000,51.000000,240.775272,0.000000,353.983287
6209,6782.489349,0.000000,51.000000,241.276665,0.000000,346.211699
6210,6782.489349,0.000000,51.000000,241.778057,0.000000,338.440111
6211,6782.489349,0.000000,51.000000,242.279450,0.000000,330.668524
6212,6782.489349,0.000000,51.000000,242.780843,0.000000,322.896936
6213,6782.489349,0.000000,51.000000,243.282236,0.000000,315.125348
6214,6782.489349,0.000000,51.000000,243.783628,0.000000,307.353760
6215,6782.489349,0.000000,51.000000,244.285021,0.000000,299.582173
6216,6782.489349,0.000000,51.000000,244.786414,0.000000,291.810585
6217,6782.489349,0.000000,51.000000,245.287807,0.000000,284.038997
6218,6782.489349,0.000000,51.000000,245.789199,0.000000,276.267409
6219,6782.489349,0.000000,51.000000,246.290592,0.000000,268.495822
6220,6782.489349,0.000000,51.000000,246.791985,0.000000,260.724234
6221,6782.489349,0.000000,51.000000,247.293378,0.000000,252.952646
6222,6782.489349,0.000000,51.000000,247.794770,0.000000,245.181058
6223,6782.489349,0.000000,51.000000,248.296163,0.000000,237.409471
6224,6782.489349,0.000000,51.000000,248.797556,0.000000,229.637883
6225,6782.489349,0.000000,51.000000,249.298949,0.000000,221.866295
6226,6782.489349,0.000000,51.000000,249.800341,0.000000,214.094708
6227,6782.489349,0.000000,51.000000,250.301734,0.000000,206.323120
6228,6782.489349,0.000000,51.000000,250.803127,0.000000,198.551532
6229,6782.489349,0.000000,51.000000,251.304520,0.000000,190.779944
6230,6782.489349,0.000000,51.000000,251.805912,0.000000,183.008357
6231,6782.489349,0.000000,51.000000,252.307305,0.000000,175.236769
6232,6782.489349,0.000000,51.000000,252.808698,0.000000,167.465181
6233,6782.489349,0.000000,51.000000,253.310091,0.000000,159.693593
6234,6782.489349,0.000000,51.000000,253.811484,0.000000,151.922006
6235,6782.489349,0.000000,51.000000,254.312876,0.000000,144.150418
6236,6782.489349,0.000000,51.000000,254.814269,0.000000,136.378830
6237,6782.489349,0.000000,51.000000,255.315662,0.000000,128.607242
6238,6782.489349,0.000000,51.000000,255.817055,0.000000,120.835655
6239,6782.489349,0.000000,51.000000,256.318447,0.000000,113.064067
6240,6782.489349,0.000000,51.000000,256.819840,0.000000,105.292479
6241,6782.489349,0.000000,51.000000,257.321233,0.000000,97.520891
6242,6782.489349,0.000000,51.000000,257.822626,0.000000,89.749304
6243,6782.489349,0.000000,51.000000,258.324018,0.000000,81.977716
6244,6782.489349,0.000000,51.000000,258.825411,0.000000,74.206128
6245,6782.489349,0.000000,51.000000,259.326804,0.000000,66.434540
6246,6782.489349,0.000000,51.000000,259.828197,0.000000,58.662953
6247,6782.489349,0.000000,51.000000,260.329589,0.000000,50.891365
6248,6782.489349,0.000000,51.000000,260.830982,0.000000,43.119777
6249,6782.489349,0.000000,51.000000,261.332375,0.000000,35.348189
6250,6782.489349,0.000000,51.000000,261.833768,0.000000,27.576602
6251,6782.489349,0.000000,51.000000,262.335160,0.000000,19.805014
6252,6782.489349,0.000000,51.000000,262.836553,0.000000,12.033426
6253,6782.489349,0.000000,51.000000,263.337946,0.000000,4.261838
6254,6782.489349,0.000000,51.000000,263.839339,0.000000,356.490251
6255,6782.489349,0.000000,51.000000,264.340731,0.000000,348.718663
6256,6782.489349,0.000000,51.000000,264.842124,0.000000,340.947075
6257,6782.489349,0.000000,51.000000,265.343517,0.000000,333.175487
6258,6782.489349,0.000000,51.000000,265.844910,0.000000,325.403900
6259,6782.489349,0.000000,51.000000,266.346302,0.000000,317.632312
6260,6782.489349,0.000000,51.000000,266.847695,0.000000,309.860724
6261,6782.489349,0.000000,51.000000,267.349088,0.000000,302.089136
6262,6782.489349,0.000000,51.000000,267.850481,0.000000,294.317549
6263,6782.489349,0.000000,51.000000,268.351873,0.000000,286.545961
6264,6782.489349,0.000000,51.000000,268.853266,0.000000,278.774373
6265,6782.489349,0.000000,51.000000,269.354659,0.000000,271.002786
6266,6782.489349,0.000000,51.000000,269.856052,0.000000,263.231198
6267,6782.489349,0.000000,51.000000,270.357445,0.000000,255.459610
6268,6782.489349,0.000000,51.000000,270.858837,0.000000,247.688022
6269,6782.489349,0.000000,51.000000,271.360230,0.000000,239.916435
6270,6782.489349,0.000000,51.000000,271.861623,0.000000,232.144847
6271,6782.489349,0.000000,51.000000,272.363016,0.000000,224.373259
6272,6782.489349,0.000000,51.000000,272.864408,0.000000,216.601671
6273,6782.489349,0.000000,51.000000,273.365801,0.000000,208.830084
6274,6782.489349,0.000000,51.000000,273.867194,0.000000,201.058496
6275,6782.489349,0.000000,51.000000,274.368587,0.000000,193.286908
6276,6782.489349,0.000000,51.000000,274.869979,0.000000,185.515320
6277,6782.489349,0.000000,51.000000,275.371372,0.000000,177.743733
6278,6782.489349,0.000000,51.000000,275.872765,0.000000,169.972145
6279,6782.489349,0.000000,51.000000,276.374158,0.000000,162.200557
6280,6782.489349,0.000000,51.000000,276.875550,0.000000,154.428969
6281,6782.489349,0.000000,51.000000,277.376943,0.000000,146.657382
6282,6782.489349,0.000000,51.000000,277.878336,0.000000,138.885794
6283,6782.489349,0.000000,51.000000,278.379729,0.000000,131.114206
6284,6782.489349,0.000000,51.000000,278.881121,0.000000,123.342618
6285,6782.489349,0.000000,51.000000,279.382514,0.000000,115.571031
6286,6782.489349,0.000000,51.000000,279.883907,0.000000,107.799443
6287,6782.489349,0.000000,51.000000,280.385300,0.000000,100.027855
6288,6782.489349,0.000000,51.000000,280.886692,0.000000,92.256267
6289,6782.489349,0.000000,51.000000,281.388085,0.000000,84.484680
6290,6782.489349,0.000000,51.000000,281.889478,0.000000,76.713092
6291,6782.489349,0.000000,51.000000,282.390871,0.000000,68.941504
6292,6782.489349,0.000000,51.000000,282.892263,0.000000,61.169916
6293,6782.489349,0.000000,51.000000,283.393656,0.000000,53.398329
6294,6782.489349,0.000000,51.000000,283.895049,0.000000,45.626741
6295,6782.489349,0.000000,51.000000,284.396442,0.000000,37.855153
6296,6782.489349,0.000000,51.000000,284.897834,0.000000,30.083565
6297,6782.489349,0.000000,51.000000,285.399227,0.000000,22.311978
6298,6782.489349,0.000000,51.000000,285.900620,0.000000,14.540390
6299,6782.489349,0.000000,51.000000,286.402013,0.000000,6.768802
6300,6782.489349,0.000000,51.000000,286.903406,0.000000,358.997214
6301,6782.489349,0.000000,51.000000,287.404798,0.000000,351.225627
6302,6782.489349,0.000000,51.000000,287.906191,0.000000,343.454039
6303,6782.489349,0.000000,51.000000,288.407584,0.000000,335.682451
6304,6782.489349,0.000000,51.000000,288.908977,0.000000,327.910864
6305,6782.489349,0.000000,51.000000,289.410369,0.000000,320.139276
6306,6782.489349,0.000000,51.000000,289.911762,0.000000,312.367688
6307,6782.489349,0.000000,51.000000,290.413155,0.000000,304.596100
6308,6782.489349,0.000000,51.000000,290.914548,0.000000,296.824513
6309,6782.489349,0.000000,51.000000,291.415940,0.000000,289.052925
6310,6782.489349,0.000000,51.000000,291.917333,0.000000,281.281337
6311,6782.489349,0.000000,51.000000,292.418726,0.000000,273.509749
6312,6782.489349,0.000000,51.000000,292.920119,0.000000,265.738162
6313,6782.489349,0.000000,51.000000,293.421511,0.000000,257.966574
6314,6782.489349,0.000000,51.000000,293.922904,0.000000,250.194986
6315,6782.489349,0.000000,51.000000,294.424297,0.000000,242.423398
6316,6782.489349,0.000000,51.000000,294.925690,0.000000,234.651811
6317,6782.489349,0.000000,51.000000,295.427082,0.000000,226.880223
6318,6782.489349,0.000000,51.000000,295.928475,0.000000,219.108635
6319,6782.489349,0.000000,51.000000,296.429868,0.000000,211.337047
6320,6782.489349,0.000000,51.000000,296.931261,0.000000,203.565460
6321,6782.489349,0.000000,51.000000,297.432653,0.000000,195.793872
6322,6782.489349,0.000000,51.000000,297.934046,0.000000,188.022284
6323,6782.489349,0.000000,51.000000,298.435439,0.000000,180.250696
6324,6782.489349,0.000000,51.000000,298.936832,0.000000,172.479109
6325,6782.489349,0.000000,51.000000,299.438224,0.000000,164.707521
6326,6782.489349,0.000000,51.000000,299.939617,0.000000,156.935933
6327,6782.489349,0.000000,51.000000,300.441010,0.000000,149.164345
6328,6782.489349,0.000000,51.000000,300.942403,0.000000,141.392758
6329,6782.489349,0.000000,51.000000,301.443795,0.000000,133.621170
6330,6782.489349,0.000000,51.000000,301.945188,0.000000,125.849582
6331,6782.489349,0.000000,51.000000,302.446581,0.000000,118.077994
6332,6782.489349,0.000000,51.000000,302.947974,0.000000,110.306407
6333,6782.489349,0.000000,51.000000,303.449367,0.000000,102.534819
6334,6782.489349,0.000000,51.000000,303.950759,0.000000,94.763231
6335,6782.489349,0.000000,51.000000,304.452152,0.000000,86.991643
6336,6782.489349,0.000000,51.000000,304.953545,0.000000,79.220056
6337,6782.489349,0.000000,51.000000,305.454938,0.000000,71.448468
6338,6782.489349,0.000000,51.000000,305.956330,0.000000,63.676880
6339,6782.489349,0.000000,51.000000,306.457723,0.000000,55.905292
6340,6782.489349,0.000000,51.000000,306.959116,0.000000,48.133705
6341,6782.489349,0.000000,51.000000,307.460509,0.000000,40.362117
6342,6782.489349,0.000000,51.000000,307.961901,0.000000,32.590529
6343,6782.489349,0.000000,51.000000,308.463294,0.000000,24.818942
6344,6782.489349,0.000000,51.000000,308.964687,0.000000,17.047354
6345,6782.489349,0.000000,51.000000,309.466080,0.000000,9.275766
6346,6782.489349,0.000000,51.000000,309.967472,0.000000,1.504178
6347,6782.489349,0.000000,51.000000,310.468865,0.000000,353.732591
6348,6782.489349,0.000000,51.000000,310.970258,0.000000,345.961003
6349,6782.489349,0.000000,51.000000,311.471651,0.000000,338.189415
6350,6782.489349,0.000000,51.000000,311.973043,0.000000,330.417827
6351,6782.489349,0.000000,51.000000,312.474436,0.000000,322.646240
6352,6782.489349,0.000000,51.000000,312.975829,0.000000,314.874652
6353,6782.489349,0.000000,51.000000,313.477222,0.000000,307.103064
6354,6782.489349,0.000000,51.000000,313.978614,0.000000,299.331476
6355,6782.489349,0.000000,51.000000,314.480007,0.000000,291.559889
6356,6782.489349,0.000000,51.000000,314.981400,0.000000,283.788301
6357,6782.489349,0.000000,51.000000,315.482793,0.000000,276.016713
6358,6782.489349,0.000000,51.000000,315.984185,0.000000,268.245125
6359,6782.489349,0.000000,51.000000,316.485578,0.000000,260.473538
6360,6782.489349,0.000000,51.000000,316.986971,0.000000,252.701950
6361,6782.489349,0.000000,51.000000,317.488364,0.000000,244.930362
6362,6782.489349,0.000000,51.000000,317.989756,0.000000,237.158774
6363,6782.489349,0.000000,51.000000,318.491149,0.000000,229.387187
6364,6782.489349,0.000000,51.000000,318.992542,0.000000,221.615599
6365,6782.489349,0.000000,51.000000,319.493935,0.000000,213.844011
6366,6782.489349,0.000000,51.000000,319.995328,0.000000,206.072423
6367,6782.489349,0.000000,51.000000,320.496720,0.000000,198.300836
6368,6782.489349,0.000000,51.000000,320.998113,0.000000,190.529248
6369,6782.489349,0.000000,51.000000,321.499506,0.000000,182.757660
6370,6782.489349,0.000000,51.000000,322.000899,0.000000,174.986072
6371,6782.489349,0.000000,51.000000,322.502291,0.000000,167.214485
6372,6782.489349,0.000000,51.000000,323.003684,0.000000,159.442897
6373,6782.489349,0.000000,51.000000,323.505077,0.000000,151.671309
6374,6782.489349,0.000000,51.000000,324.006470,0.000000,143.899721
6375,6782.489349,0.000000,51.000000,324.507862,0.000000,136.128134
6376,6782.489349,0.000000,51.000000,325.009255,0.000000,128.356546
6377,6782.489349,0.000000,51.000000,325.510648,0.000000,120.584958
6378,6782.489349,0.000000,51.000000,326.012041,0.000000,112.813370
6379,6782.489349,0.000000,51.000000,326.513433,0.000000,105.041783
6380,6782.489349,0.000000,51.000000,327.014826,0.000000,97.270195
6381,6782.489349,0.000000,51.000000,327.516219,0.000000,89.498607
6382,6782.489349,0.000000,51.000000,328.017612,0.000000,81.727019
6383,6782.489349,0.000000,51.000000,328.519004,0.000000,73.955432
6384,6782.489349,0.000000,51.000000,329.020397,0.000000,66.183844
6385,6782.489349,0.000000,51.000000,329.521790,0.000000,58.412256
6386,6782.489349,0.000000,51.000000,330.023183,0.000000,50.640669
6387,6782.489349,0.000000,51.000000,330.524575,0.000000,42.869081
6388,6782.489349,0.000000,51.000000,331.025968,0.000000,35.097493
6389,6782.489349,0.000000,51.000000,331.527361,0.000000,27.325905
6390,6782.489349,0.000000,51.000000,332.028754,0.000000,19.554318
6391,6782.489349,0.000000,51.000000,332.530146,0.000000,11.782730
6392,6782.489349,0.000000,51.000000,333.031539,0.000000,4.011142
6393,6782.489349,0.000000,51.000000,333.532932,0.000000,356.239554
6394,6782.489349,0.000000,51.000000,334.034325,0.000000,348.467967
6395,6782.489349,0.000000,51.000000,334.535717,0.000000,340.696379
6396,6782.489349,0.000000,51.000000,335.037110,0.000000,332.924791
6397,6782.489349,0.000000,51.000000,335.538503,0.000000,325.153203
6398,6782.489349,0.000000,51.000000,336.039896,0.000000,317.381616
6399,6782.489349,0.000000,51.000000,336.541289,0.000000,309.610028
6400,6782.489349,0.000000,51.000000,337.042681,0.000000,301.838440
6401,6782.489349,0.000000,51.000000,337.544074,0.000000,294.066852
6402,6782.489349,0.000000,51.000000,338.045467,0.000000,286.295265
6403,6782.489349,0.000000,51.000000,338.546860,0.000000,278.523677
6404,6782.489349,0.000000,51.000000,339.048252,0.000000,270.752089
6405,6782.489349,0.000000,51.000000,339.549645,0.000000,262.980501
6406,6782.489349,0.000000,51.000000,340.051038,0.000000,255.208914
6407,6782.489349,0.000000,51.000000,340.552431,0.000000,247.437326
6408,6782.489349,0.000000,51.000000,341.053823,0.000000,239.665738
6409,6782.489349,0.000000,51.000000,341.555216,0.000000,231.894150
6410,6782.489349,0.000000,51.000000,342.056609,0.000000,224.122563
6411,6782.489349,0.000000,51.000000,342.558002,0.000000,216.350975
6412,6782.489349,0.000000,51.000000,343.059394,0.000000,208.579387
6413,6782.489349,0.000000,51.000000,343.560787,0.000000,200.807799
6414,6782.489349,0.000000,51.000000,344.062180,0.000000,193.036212
6415,6782.489349,0.000000,51.000000,344.563573,0.000000,185.264624
6416,6782.489349,0.000000,51.000000,345.064965,0.000000,177.493036
6417,6782.489349,0.000000,51.000000,345.566358,0.000000,169.721448
6418,6782.489349,0.000000,51.000000,346.067751,0.000000,161.949861
6419,6782.489349,0.000000,51.000000,346.569144,0.000000,154.178273
6420,6782.489349,0.000000,51.000000,347.070536,0.000000,146.406685
6421,6782.489349,0.000000,51.000000,347.571929,0.000000,138.635097
6422,6782.489349,0.000000,51.000000,348.073322,0.000000,130.863510
6423,6782.489349,0.000000,51.000000,348.574715,0.000000,123.091922
6424,6782.489349,0.000000,51.000000,349.076107,0.000000,115.320334
6425,6782.489349,0.000000,51.000000,349.577500,0.000000,107.548747
6426,6782.489349,0.000000,51.000000,350.078893,0.000000,99.777159
6427,6782.489349,0.000000,51.000000,350.580286,0.000000,92.005571
6428,6782.489349,0.000000,51.000000,351.081678,0.000000,84.233983
6429,6782.489349,0.000000,51.000000,351.583071,0.000000,76.462396
6430,6782.489349,0.000000,51.000000,352.084464,0.000000,68.690808
6431,6782.489349,0.000000,51.000000,352.585857,0.000000,60.919220
6432,6782.489349,0.000000,51.000000,353.087250,0.000000,53.147632
6433,6782.489349,0.000000,51.000000,353.588642,0.000000,45.376045
6434,6782.489349,0.000000,51.000000,354.090035,0.000000,37.604457
6435,6782.489349,0.000000,51.000000,354.591428,0.000000,29.832869
6436,6782.489349,0.000000,51.000000,355.092821,0.000000,22.061281
6437,6782.489349,0.000000,51.000000,355.594213,0.000000,14.289694
6438,6782.489349,0.000000,51.000000,356.095606,0.000000,6.518106
6439,6782.489349,0.000000,51.000000,356.596999,0.000000,358.746518
6440,6782.489349,0.000000,51.000000,357.098392,0.000000,350.974930
6441,6782.489349,0.000000,51.000000,357.599784,0.000000,343.203343
6442,6782.489349,0.000000,51.000000,358.101177,0.000000,335.431755
6443,6782.489349,0.000000,51.000000,358.602570,0.000000,327.660167
6444,6782.489349,0.000000,51.000000,359.103963,0.000000,319.888579
6445,6782.489349,0.000000,51.000000,359.605355,0.000000,312.116992
6446,6782.489349,0.000000,51.000000,0.106748,0.000000,304.345404
6447,6782.489349,0.000000,51.000000,0.608141,0.000000,296.573816
6448,6782.489349,0.000000,51.000000,1.109534,0.000000,288.802228
6449,6782.489349,0.000000,51.000000,1.610926,0.000000,281.030641
6450,6782.489349,0.000000,51.000000,2.112319,0.000000,273.259053
6451,6782.489349,0.000000,51.000000,2.613712,0.000000,265.487465
6452,6782.489349,0.000000,51.000000,3.115105,0.000000,257.715877
6453,6782.489349,0.000000,51.000000,3.616497,0.000000,249.944290
6454,6782.489349,0.000000,51.000000,4.117890,0.000000,242.172702
6455,6782.489349,0.000000,51.000000,4.619283,0.000000,234.401114
6456,6782.489349,0.000000,51.000000,5.120676,0.000000,226.629526
6457,6782.489349,0.000000,51.000000,5.622068,0.000000,218.857939
6458,6782.489349,0.000000,51.000000,6.123461,0.000000,211.086351
6459,6782.489349,0.000000,51.000000,6.624854,0.000000,203.314763
6460,6782.489349,0.000000,51.000000,7.126247,0.000000,195.543175
6461,6782.489349,0.000000,51.000000,7.627640,0.000000,187.771588
6462,6782.489349,0.000000,51.000000,8.129032,0.000000,180.000000
6463,6782.489349,0.000000,51.000000,8.630425,0.000000,172.228412
6464,6782.489349,0.000000,51.000000,9.131818,0.000000,164.456825
6465,6782.489349,0.000000,51.000000,9.633211,0.000000,156.685237
6466,6782.489349,0.000000,51.000000,10.134603,0.000000,148.913649
6467,6782.489349,0.000000,51.000000,10.635996,0.000000,141.142061
6468,6782.489349,0.000000,51.000000,11.137389,0.000000,133.370474
6469,6782.489349,0.000000,51.000000,11.638782,0.000000,125.598886
6470,6782.489349,0.000000,51.000000,12.140174,0.000000,117.827298
6471,6782.489349,0.000000,51.000000,12.641567,0.000000,110.055710
6472,6782.489349,0.000000,51.000000,13.142960,0.000000,102.284123
6473,6782.489349,0.000000,51.000000,13.644353,0.000000,94.512535
6474,6782.489349,0.000000,51.000000,14.145745,0.000000,86.740947
6475,6782.489349,0.000000,51.000000,14.647138,0.000000,78.969359
6476,6782.489349,0.000000,51.000000,15.148531,0.000000,71.197772
6477,6782.489349,0.000000,51.000000,15.649924,0.000000,63.426184
6478,6782.489349,0.000000,51.000000,16.151316,0.000000,55.654596
6479,6782.489349,0.000000,51.000000,16.652709,0.000000,47.883008
6480,6782.489349,0.000000,51.000000,17.154102,0.000000,40.111421
6481,6782.489349,0.000000,51.000000,17.655495,0.000000,32.339833
6482,6782.489349,0.000000,51.000000,18.156887,0.000000,24.568245
6483,6782.489349,0.000000,51.000000,18.658280,0.000000,16.796657
6484,6782.489349,0.000000,51.000000,19.159673,0.000000,9.025070
6485,6782.489349,0.000000,51.000000,19.661066,0.000000,1.253482
6486,6782.489349,0.000000,51.000000,20.162458,0.000000,353.481894
6487,6782.489349,0.000000,51.000000,20.663851,0.000000,345.710306
6488,6782.489349,0.000000,51.000000,21.165244,0.000000,337.938719
6489,6782.489349,0.000000,51.000000,21.666637,0.000000,330.167131
6490,6782.489349,0.000000,51.000000,22.168029,0.000000,322.395543
6491,6782.489349,0.000000,51.000000,22.669422,0.000000,314.623955
6492,6782.489349,0.000000,51.000000,23.170815,0.000000,306.852368
6493,6782.489349,0.000000,51.000000,23.672208,0.000000,299.080780
6494,6782.489349,0.000000,51.000000,24.173601,0.000000,291.309192
6495,6782.489349,0.000000,51.000000,24.674993,0.000000,283.537604
6496,6782.489349,0.000000,51.000000,25.176386,0.000000,275.766017
6497,6782.489349,0.000000,51.000000,25.677779,0.000000,267.994429
6498,6782.489349,0.000000,51.000000,26.179172,0.000000,260.222841
6499,6782.489349,0.000000,51.000000,26.680564,0.000000,252.451253
6500,6782.489349,0.000000,51.000000,27.181957,0.000000,244.679666
6501,6782.489349,0.000000,51.000000,27.683350,0.000000,236.908078
6502,6782.489349,0.000000,51.000000,28.184743,0.000000,229.136490
6503,6782.489349,0.000000,51.000000,28.686135,0.000000,221.364903
6504,6782.489349,0.000000,51.000000,29.187528,0.000000,213.593315
6505,6782.489349,0.000000,51.000000,29.688921,0.000000,205.821727
6506,6782.489349,0.000000,51.000000,30.190314,0.000000,198.050139
6507,6782.489349,0.000000,51.000000,30.691706,0.000000,190.278552
6508,6782.489349,0.000000,51.000000,31.193099,0.000000,182.506964
6509,6782.489349,0.000000,51.000000,31.694492,0.000000,174.735376
6510,6782.489349,0.000000,51.000000,32.195885,0.000000,166.963788
6511,6782.489349,0.000000,51.000000,32.697277,0.000000,159.192201
6512,6782.489349,0.000000,51.000000,33.198670,0.000000,151.420613
6513,6782.489349,0.000000,51.000000,33.700063,0.000000,143.649025
6514,6782.489349,0.000000,51.000000,34.201456,0.000000,135.877437
6515,6782.489349,0.000000,51.000000,34.702848,0.000000,128.105850
6516,6782.489349,0.000000,51.000000,35.204241,0.000000,120.334262
6517,6782.489349,0.000000,51.000000,35.705634,0.000000,112.562674
6518,6782.489349,0.000000,51.000000,36.207027,0.000000,104.791086
6519,6782.489349,0.000000,51.000000,36.708419,0.000000,97.019499
6520,6782.489349,0.000000,51.000000,37.209812,0.000000,89.247911
6521,6782.489349,0.000000,51.000000,37.711205,0.000000,81.476323
6522,6782.489349,0.000000,51.000000,38.212598,0.000000,73.704735
6523,6782.489349,0.000000,51.000000,38.713990,0.000000,65.933148
6524,6782.489349,0.000000,51.000000,39.215383,0.000000,58.161560
6525,6782.489349,0.000000,51.000000,39.716776,0.000000,50.389972
6526,6782.489349,0.000000,51.000000,40.218169,0.000000,42.618384
6527,6782.489349,0.000000,51.000000,40.719562,0.000000,34.846797
6528,6782.489349,0.000000,51.000000,41.220954,0.000000,27.075209
6529,6782.489349,0.000000,51.000000,41.722347,0.000000,19.303621
6530,6782.489349,0.000000,51.000000,42.223740,0.000000,11.532033
6531,6782.489349,0.000000,51.000000,42.725133,0.000000,3.760446
6532,6782.489349,0.000000,51.000000,43.226525,0.000000,355.988858
6533,6782.489349,0.000000,51.000000,43.727918,0.000000,348.217270
6534,6782.489349,0.000000,51.000000,44.229311,0.000000,340.445682
6535,6782.489349,0.000000,51.000000,44.730704,0.000000,332.674095
6536,6782.489349,0.000000,51.000000,45.232096,0.000000,324.902507
6537,6782.489349,0.000000,51.000000,45.733489,0.000000,317.130919
6538,6782.489349,0.000000,51.000000,46.234882,0.000000,309.359331
6539,6782.489349,0.000000,51.000000,46.736275,0.000000,301.587744
6540,6782.489349,0.000000,51.000000,47.237667,0.000000,293.816156
6541,6782.489349,0.000000,51.000000,47.739060,0.000000,286.044568
6542,6782.489349,0.000000,51.000000,48.240453,0.000000,278.272981
6543,6782.489349,0.000000,51.000000,48.741846,0.000000,270.501393
6544,6782.489349,0.000000,51.000000,49.243238,0.000000,262.729805
6545,6782.489349,0.000000,51.000000,49.744631,0.000000,254.958217
6546,6782.489349,0.000000,51.000000,50.246024,0.000000,247.186630
6547,6782.489349,0.000000,51.000000,50.747417,0.000000,239.415042
6548,6782.489349,0.000000,51.000000,51.248809,0.000000,231.643454
6549,6782.489349,0.000000,51.000000,51.750202,0.000000,223.871866
6550,6782.489349,0.000000,51.000000,52.251595,0.000000,216.100279
6551,6782.489349,0.000000,51.000000,52.752988,0.000000,208.328691
6552,6782.489349,0.000000,51.000000,53.254380,0.000000,200.557103
6553,6782.489349,0.000000,51.000000,53.755773,0.000000,192.785515
6554,6782.489349,0.000000,51.000000,54.257166,0.000000,185.013928
6555,6782.489349,0.000000,51.000000,54.758559,0.000000,177.242340
6556,6782.489349,0.000000,51.000000,55.259951,0.000000,169.470752
6557,6782.489349,0.000000,51.000000,55.761344,0.000000,161.699164
6558,6782.489349,0.000000,51.000000,56.262737,0.000000,153.927577
6559,6782.489349,0.000000,51.000000,56.764130,0.000000,146.155989
6560,6782.489349,0.000000,51.000000,57.265523,0.000000,138.384401
6561,6782.489349,0.000000,51.000000,57.766915,0.000000,130.612813
6562,6782.489349,0.000000,51.000000,58.268308,0.000000,122.841226
6563,6782.489349,0.000000,51.000000,58.769701,0.000000,115.069638
6564,6782.489349,0.000000,51.000000,59.271094,0.000000,107.298050
6565,6782.489349,0.000000,51.000000,59.772486,0.000000,99.526462
6566,6782.489349,0.000000,51.000000,60.273879,0.000000,91.754875
6567,6782.489349,0.000000,51.000000,60.775272,0.000000,83.983287
6568,6782.489349,0.000000,51.000000,61.276665,0.000000,76.211699
6569,6782.489349,0.000000,51.000000,61.778057,0.000000,68.440111
6570,6782.489349,0.000000,51.000000,62.279450,0.000000,60.668524
6571,6782.489349,0.000000,51.000000,62.780843,0.000000,52.896936
6572,6782.489349,0.000000,51.000000,63.282236,0.000000,45.125348
6573,6782.489349,0.000000,51.000000,63.783628,0.000000,37.353760
6574,6782.489349,0.000000,51.000000,64.285021,0.000000,29.582173
6575,6782.489349,0.000000,51.000000,64.786414,0.000000,21.810585
6576,6782.489349,0.000000,51.000000,65.287807,0.000000,14.038997
6577,6782.489349,0.000000,51.000000,65.789199,0.000000,6.267409
6578,6782.489349,0.000000,51.000000,66.290592,0.000000,358.495822
6579,6782.489349,0.000000,51.000000,66.791985,0.000000,350.724234
6580,6782.489349,0.000000,51.000000,67.293378,0.000000,342.952646
6581,6782.489349,0.000000,51.000000,67.794770,0.000000,335.181058
6582,6782.489349,0.000000,51.000000,68.296163,0.000000,327.409471
6583,6782.489349,0.000000,51.000000,68.797556,0.000000,319.637883
6584,6782.489349,0.000000,51.000000,69.298949,0.000000,311.866295
6585,6782.489349,0.000000,51.000000,69.800341,0.000000,304.094708
6586,6782.489349,0.000000,51.000000,70.301734,0.000000,296.323120
6587,6782.489349,0.000000,51.000000,70.803127,0.000000,288.551532
6588,6782.489349,0.000000,51.000000,71.304520,0.000000,280.779944
6589,6782.489349,0.000000,51.000000,71.805912,0.000000,273.008357
6590,6782.489349,0.000000,51.000000,72.307305,0.000000,265.236769
6591,6782.489349,0.000000,51.000000,72.808698,0.000000,257.465181
6592,6782.489349,0.000000,51.000000,73.310091,0.000000,249.693593
6593,6782.489349,0.000000,51.000000,73.811484,0.000000,241.922006
6594,6782.489349,0.000000,51.000000,74.312876,0.000000,234.150418
6595,6782.489349,0.000000,51.000000,74.814269,0.000000,226.378830
6596,6782.489349,0.000000,51.000000,75.315662,0.000000,218.607242
6597,6782.489349,0.000000,51.000000,75.817055,0.000000,210.835655
6598,6782.489349,0.000000,51.000000,76.318447,0.000000,203.064067
6599,6782.489349,0.000000,51.000000,76.819840,0.000000,195.292479
6600,6782.489349,0.000000,51.000000,77.321233,0.000000,187.520891
6601,6782.489349,0.000000,51.000000,77.822626,0.000000,179.749304
6602,6782.489349,0.000000,51.000000,78.324018,0.000000,171.977716
6603,6782.489349,0.000000,51.000000,78.825411,0.000000,164.206128
6604,6782.489349,0.000000,51.000000,79.326804,0.000000,156.434540
6605,6782.489349,0.000000,51.000000,79.828197,0.000000,148.662953
6606,6782.489349,0.000000,51.000000,80.329589,0.000000,140.891365
6607,6782.489349,0.000000,51.000000,80.830982,0.000000,133.119777
6608,6782.489349,0.000000,51.000000,81.332375,0.000000,125.348189
6609,6782.489349,0.000000,51.000000,81.833768,0.000000,117.576602
6610,6782.489349,0.000000,51.000000,82.335160,0.000000,109.805014
6611,6782.489349,0.000000,51.000000,82.836553,0.000000,102.033426
6612,6782.489349,0.000000,51.000000,83.337946,0.000000,94.261838
6613,6782.489349,0.000000,51.000000,83.839339,0.000000,86.490251
6614,6782.489349,0.000000,51.000000,84.340731,0.000000,78.718663
6615,6782.489349,0.000000,51.000000,84.842124,0.000000,70.947075
6616,6782.489349,0.000000,51.000000,85.343517,0.000000,63.175487
6617,6782.489349,0.000000,51.000000,85.844910,0.000000,55.403900
6618,6782.489349,0.000000,51.000000,86.346302,0.000000,47.632312
6619,6782.489349,0.000000,51.000000,86.847695,0.000000,39.860724
6620,6782.489349,0.000000,51.000000,87.349088,0.000000,32.089136
6621,6782.489349,0.000000,51.000000,87.850481,0.000000,24.317549
6622,6782.489349,0.000000,51.000000,88.351873,0.000000,16.545961
6623,6782.489349,0.000000,51.000000,88.853266,0.000000,8.774373
6624,6782.489349,0.000000,51.000000,89.354659,0.000000,1.002786
6625,6782.489349,0.000000,51.000000,89.856052,0.000000,353.231198
6626,6782.489349,0.000000,51.000000,90.357445,0.000000,345.459610
6627,6782.489349,0.000000,51.000000,90.858837,0.000000,337.688022
6628,6782.489349,0.000000,51.000000,91.360230,0.000000,329.916435
6629,6782.489349,0.000000,51.000000,91.861623,0.000000,322.144847
6630,6782.489349,0.000000,51.000000,92.363016,0.000000,314.373259
6631,6782.489349,0.000000,51.000000,92.864408,0.000000,306.601671
6632,6782.489349,0.000000,51.000000,93.365801,0.000000,298.830084
6633,6782.489349,0.000000,51.000000,93.867194,0.000000,291.058496
6634,6782.489349,0.000000,51.000000,94.368587,0.000000,283.286908
6635,6782.489349,0.000000,51.000000,94.869979,0.000000,275.515320
6636,6782.489349,0.000000,51.000000,95.371372,0.000000,267.743733
6637,6782.489349,0.000000,51.000000,95.872765,0.000000,259.972145
6638,6782.489349,0.000000,51.000000,96.374158,0.000000,252.200557
6639,6782.489349,0.000000,51.000000,96.875550,0.000000,244.428969
6640,6782.489349,0.000000,51.000000,97.376943,0.000000,236.657382
6641,6782.489349,0.000000,51.000000,97.878336,0.000000,228.885794
6642,6782.489349,0.000000,51.000000,98.379729,0.000000,221.114206
6643,6782.489349,0.000000,51.000000,98.881121,0.000000,213.342618
6644,6782.489349,0.000000,51.000000,99.382514,0.000000,205.571031
6645,6782.489349,0.000000,51.000000,99.883907,0.000000,197.799443
6646,6782.489349,0.000000,51.000000,100.385300,0.000000,190.027855
6647,6782.489349,0.000000,51.000000,100.886692,0.000000,182.256267
6648,6782.489349,0.000000,51.000000,101.388085,0.000000,174.484680
6649,6782.489349,0.000000,51.000000,101.889478,0.000000,166.713092
6650,6782.489349,0.000000,51.000000,102.390871,0.000000,158.941504
6651,6782.489349,0.000000,51.000000,102.892263,0.000000,151.169916
6652,6782.489349,0.000000,51.000000,103.393656,0.000000,143.398329
6653,6782.489349,0.000000,51.000000,103.895049,0.000000,135.626741
6654,6782.489349,0.000000,51.000000,104.396442,0.000000,127.855153
6655,6782.489349,0.000000,51.000000,104.897834,0.000000,120.083565
6656,6782.489349,0.000000,51.000000,105.399227,0.000000,112.311978
6657,6782.489349,0.000000,51.000000,105.900620,0.000000,104.540390
6658,6782.489349,0.000000,51.000000,106.402013,0.000000,96.768802
6659,6782.489349,0.000000,51.000000,106.903406,0.000000,88.997214
6660,6782.489349,0.000000,51.000000,107.404798,0.000000,81.225627
6661,6782.489349,0.000000,51.000000,107.906191,0.000000,73.454039
6662,6782.489349,0.000000,51.000000,108.407584,0.000000,65.682451
6663,6782.489349,0.000000,51.000000,108.908977,0.000000,57.910864
6664,6782.489349,0.000000,51.000000,109.410369,0.000000,50.139276
6665,6782.489349,0.000000,51.000000,109.911762,0.000000,42.367688
6666,6782.489349,0.000000,51.000000,110.413155,0.000000,34.596100
6667,6782.489349,0.000000,51.000000,110.914548,0.000000,26.824513
6668,6782.489349,0.000000,51.000000,111.415940,0.000000,19.052925
6669,6782.489349,0.000000,51.000000,111.917333,0.000000,11.281337
6670,6782.489349,0.000000,51.000000,112.418726,0.000000,3.509749
6671,6782.489349,0.000000,51.000000,112.920119,0.000000,355.738162
6672,6782.489349,0.000000,51.000000,113.421511,0.000000,347.966574
6673,6782.489349,0.000000,51.000000,113.922904,0.000000,340.194986
6674,6782.489349,0.000000,51.000000,114.424297,0.000000,332.423398
6675,6782.489349,0.000000,51.000000,114.925690,0.000000,324.651811
6676,6782.489349,0.000000,51.000000,115.427082,0.000000,316.880223
6677,6782.489349,0.000000,51.000000,115.928475,0.000000,309.108635
6678,6782.489349,0.000000,51.000000,116.429868,0.000000,301.337047
6679,6782.489349,0.000000,51.000000,116.931261,0.000000,293.565460
6680,6782.489349,0.000000,51.000000,117.432653,0.000000,285.793872
6681,6782.489349,0.000000,51.000000,117.934046,0.000000,278.022284
6682,6782.489349,0.000000,51.000000,118.435439,0.000000,270.250696
6683,6782.489349,0.000000,51.000000,118.936832,0.000000,262.479109
6684,6782.489349,0.000000,51.000000,119.438224,0.000000,254.707521
6685,6782.489349,0.000000,51.000000,119.939617,0.000000,246.935933
6686,6782.489349,0.000000,51.000000,120.441010,0.000000,239.164345
6687,6782.489349,0.000000,51.000000,120.942403,0.000000,231.392758
6688,6782.489349,0.000000,51.000000,121.443795,0.000000,223.621170
6689,6782.489349,0.000000,51.000000,121.945188,0.000000,215.849582
6690,6782.489349,0.000000,51.000000,122.446581,0.000000,208.077994
6691,6782.489349,0.000000,51.000000,122.947974,0.000000,200.306407
6692,6782.489349,0.000000,51.000000,123.449367,0.000000,192.534819
6693,6782.489349,0.000000,51.000000,123.950759,0.000000,184.763231
6694,6782.489349,0.000000,51.000000,124.452152,0.000000,176.991643
6695,6782.489349,0.000000,51.000000,124.953545,0.000000,169.220056
6696,6782.489349,0.000000,51.000000,125.454938,0.000000,161.448468
6697,6782.489349,0.000000,51.000000,125.956330,0.000000,153.676880
6698,6782.489349,0.000000,51.000000,126.457723,0.000000,145.905292
6699,6782.489349,0.000000,51.000000,126.959116,0.000000,138.133705
6700,6782.489349,0.000000,51.000000,127.460509,0.000000,130.362117
6701,6782.489349,0.000000,51.000000,127.961901,0.000000,122.590529
6702,6782.489349,0.000000,51.000000,128.463294,0.000000,114.818942
6703,6782.489349,0.000000,51.000000,128.964687,0.000000,107.047354
6704,6782.489349,0.000000,51.000000,129.466080,0.000000,99.275766
6705,6782.489349,0.000000,51.000000,129.967472,0.000000,91.504178
6706,6782.489349,0.000000,51.000000,130.468865,0.000000,83.732591
6707,6782.489349,0.000000,51.000000,130.970258,0.000000,75.961003
6708,6782.489349,0.000000,51.000000,131.471651,0.000000,68.189415
6709,6782.489349,0.000000,51.000000,131.973043,0.000000,60.417827
6710,6782.489349,0.000000,51.000000,132.474436,0.000000,52.646240
6711,6782.489349,0.000000,51.000000,132.975829,0.000000,44.874652
6712,6782.489349,0.000000,51.000000,133.477222,0.000000,37.103064
6713,6782.489349,0.000000,51.000000,133.978614,0.000000,29.331476
6714,6782.489349,0.000000,51.000000,134.480007,0.000000,21.559889
6715,6782.489349,0.000000,51.000000,134.981400,0.000000,13.788301
6716,6782.489349,0.000000,51.000000,135.482793,0.000000,6.016713
6717,6782.489349,0.000000,51.000000,135.984185,0.000000,358.245125
6718,6782.489349,0.000000,51.000000,136.485578,0.000000,350.473538
6719,6782.489349,0.000000,51.000000,136.986971,0.000000,342.701950
6720,6782.489349,0.000000,51.000000,137.488364,0.000000,334.930362
6721,6782.489349,0.000000,51.000000,137.989756,0.000000,327.158774
6722,6782.489349,0.000000,51.000000,138.491149,0.000000,319.387187
6723,6782.489349,0.000000,51.000000,138.992542,0.000000,311.615599
6724,6782.489349,0.000000,51.000000,139.493935,0.000000,303.844011
6725,6782.489349,0.000000,51.000000,139.995328,0.000000,296.072423
6726,6782.489349,0.000000,51.000000,140.496720,0.000000,288.300836
6727,6782.489349,0.000000,51.000000,140.998113,0.000000,280.529248
6728,6782.489349,0.000000,51.000000,141.499506,0.000000,272.757660
6729,6782.489349,0.000000,51.000000,142.000899,0.000000,264.986072
6730,6782.489349,0.000000,51.000000,142.502291,0.000000,257.214485
6731,6782.489349,0.000000,51.000000,143.003684,0.000000,249.442897
6732,6782.489349,0.000000,51.000000,143.505077,0.000000,241.671309
6733,6782.489349,0.000000,51.000000,144.006470,0.000000,233.899721
6734,6782.489349,0.000000,51.000000,144.507862,0.000000,226.128134
6735,6782.489349,0.000000,51.000000,145.009255,0.000000,218.356546
6736,6782.489349,0.000000,51.000000,145.510648,0.000000,210.584958
6737,6782.489349,0.000000,51.000000,146.012041,0.000000,202.813370
6738,6782.489349,0.000000,51.000000,146.513433,0.000000,195.041783
6739,6782.489349,0.000000,51.000000,147.014826,0.000000,187.270195
6740,6782.489349,0.000000,51.000000,147.516219,0.000000,179.498607
6741,6782.489349,0.000000,51.000000,148.017612,0.000000,171.727019
6742,6782.489349,0.000000,51.000000,148.519004,0.000000,163.955432
6743,6782.489349,0.000000,51.000000,149.020397,0.000000,156.183844
6744,6782.489349,0.000000,51.000000,149.521790,0.000000,148.412256
6745,6782.489349,0.000000,51.000000,150.023183,0.000000,140.640669
6746,6782.489349,0.000000,51.000000,150.524575,0.000000,132.869081
6747,6782.489349,0.000000,51.000000,151.025968,0.000000,125.097493
6748,6782.489349,0.000000,51.000000,151.527361,0.000000,117.325905
6749,6782.489349,0.000000,51.000000,152.028754,0.000000,109.554318
6750,6782.489349,0.000000,51.000000,152.530146,0.000000,101.782730
6751,6782.489349,0.000000,51.000000,153.031539,0.000000,94.011142
6752,6782.489349,0.000000,51.000000,153.532932,0.000000,86.239554
6753,6782.489349,0.000000,51.000000,154.034325,0.000000,78.467967
6754,6782.489349,0.000000,51.000000,154.535717,0.000000,70.696379
6755,6782.489349,0.000000,51.000000,155.037110,0.000000,62.924791
6756,6782.489349,0.000000,51.000000,155.538503,0.000000,55.153203
6757,6782.489349,0.000000,51.000000,156.039896,0.000000,47.381616
6758,6782.489349,0.000000,51.000000,156.541289,0.000000,39.610028
6759,6782.489349,0.000000,51.000000,157.042681,0.000000,31.838440
6760,6782.489349,0.000000,51.000000,157.544074,0.000000,24.066852
6761,6782.489349,0.000000,51.000000,158.045467,0.000000,16.295265
6762,6782.489349,0.000000,51.000000,158.546860,0.000000,8.523677
6763,6782.489349,0.000000,51.000000,159.048252,0.000000,0.752089
6764,6782.489349,0.000000,51.000000,159.549645,0.000000,352.980501
6765,6782.489349,0.000000,51.000000,160.051038,0.000000,345.208914
6766,6782.489349,0.000000,51.000000,160.552431,0.000000,337.437326
6767,6782.489349,0.000000,51.000000,161.053823,0.000000,329.665738
6768,6782.489349,0.000000,51.000000,161.555216,0.000000,321.894150
6769,6782.489349,0.000000,51.000000,162.056609,0.000000,314.122563
6770,6782.489349,0.000000,51.000000,162.558002,0.000000,306.350975
6771,6782.489349,0.000000,51.000000,163.059394,0.000000,298.579387
6772,6782.489349,0.000000,51.000000,163.560787,0.000000,290.807799
6773,6782.489349,0.000000,51.000000,164.062180,0.000000,283.036212
6774,6782.489349,0.000000,51.000000,164.563573,0.000000,275.264624
6775,6782.489349,0.000000,51.000000,165.064965,0.000000,267.493036
6776,6782.489349,0.000000,51.000000,165.566358,0.000000,259.721448
6777,6782.489349,0.000000,51.000000,166.067751,0.000000,251.949861
6778,6782.489349,0.000000,51.000000,166.569144,0.000000,244.178273
6779,6782.489349,0.000000,51.000000,167.070536,0.000000,236.406685
6780,6782.489349,0.000000,51.000000,167.571929,0.000000,228.635097
6781,6782.489349,0.000000,51.000000,168.073322,0.000000,220.863510
6782,6782.489349,0.000000,51.000000,168.574715,0.000000,213.091922
6783,6782.489349,0.000000,51.000000,169.076107,0.000000,205.320334
6784,6782.489349,0.000000,51.000000,169.577500,0.000000,197.548747
6785,6782.489349,0.000000,51.000000,170.078893,0.000000,189.777159
6786,6782.489349,0.000000,51.000000,170.580286,0.000000,182.005571
6787,6782.489349,0.000000,51.000000,171.081678,0.000000,174.233983
6788,6782.489349,0.000000,51.000000,171.583071,0.000000,166.462396
6789,6782.489349,0.000000,51.000000,172.084464,0.000000,158.690808
6790,6782.489349,0.000000,51.000000,172.585857,0.000000,150.919220
6791,6782.489349,0.000000,51.000000,173.087250,0.000000,143.147632
6792,6782.489349,0.000000,51.000000,173.588642,0.000000,135.376045
6793,6782.489349,0.000000,51.000000,174.090035,0.000000,127.604457
6794,6782.489349,0.000000,51.000000,174.591428,0.000000,119.832869
6795,6782.489349,0.000000,51.000000,175.092821,0.000000,112.061281
6796,6782.489349,0.000000,51.000000,175.594213,0.000000,104.289694
6797,6782.489349,0.000000,51.000000,176.095606,0.000000,96.518106
6798,6782.489349,0.000000,51.000000,176.596999,0.000000,88.746518
6799,6782.489349,0.000000,51.000000,177.098392,0.000000,80.974930
6800,6782.489349,0.000000,51.000000,177.599784,0.000000,73.203343
6801,6782.489349,0.000000,51.000000,178.101177,0.000000,65.431755
6802,6782.489349,0.000000,51.000000,178.602570,0.000000,57.660167
6803,6782.489349,0.000000,51.000000,179.103963,0.000000,49.888579
6804,6782.489349,0.000000,51.000000,179.605355,0.000000,42.116992
6805,6782.489349,0.000000,51.000000,180.106748,0.000000,34.345404
6806,6782.489349,0.000000,51.000000,180.608141,0.000000,26.573816
6807,6782.489349,0.000000,51.000000,181.109534,0.000000,18.802228
6808,6782.489349,0.000000,51.000000,181.610926,0.000000,11.030641
6809,6782.489349,0.000000,51.000000,182.112319,0.000000,3.259053
6810,6782.489349,0.000000,51.000000,182.613712,0.000000,355.487465
6811,6782.489349,0.000000,51.000000,183.115105,0.000000,347.715877
6812,6782.489349,0.000000,51.000000,183.616497,0.000000,339.944290
6813,6782.489349,0.000000,51.000000,184.117890,0.000000,332.172702
6814,6782.489349,0.000000,51.000000,184.619283,0.000000,324.401114
6815,6782.489349,0.000000,51.000000,185.120676,0.000000,316.629526
6816,6782.489349,0.000000,51.000000,185.622068,0.000000,308.857939
6817,6782.489349,0.000000,51.000000,186.123461,0.000000,301.086351
6818,6782.489349,0.000000,51.000000,186.624854,0.000000,293.314763
6819,6782.489349,0.000000,51.000000,187.126247,0.000000,285.543175
6820,6782.489349,0.000000,51.000000,187.627640,0.000000,277.771588
6821,6782.489349,0.000000,51.000000,188.129032,0.000000,270.000000
6822,6782.489349,0.000000,51.000000,188.630425,0.000000,262.228412
6823,6782.489349,0.000000,51.000000,189.131818,0.000000,254.456825
6824,6782.489349,0.000000,51.000000,189.633211,0.000000,246.685237
6825,6782.489349,0.000000,51.000000,190.134603,0.000000,238.913649
6826,6782.489349,0.000000,51.000000,190.635996,0.000000,231.142061
6827,6782.489349,0.000000,51.000000,191.137389,0.000000,223.370474
6828,6782.489349,0.000000,51.000000,191.638782,0.000000,215.598886
6829,6782.489349,0.000000,51.000000,192.140174,0.000000,207.827298
6830,6782.489349,0.000000,51.000000,192.641567,0.000000,200.055710
6831,6782.489349,0.000000,51.000000,193.142960,0.000000,192.284123
6832,6782.489349,0.000000,51.000000,193.644353,0.000000,184.512535
6833,6782.489349,0.000000,51.000000,194.145745,0.000000,176.740947
6834,6782.489349,0.000000,51.000000,194.647138,0.000000,168.969359
6835,6782.489349,0.000000,51.000000,195.148531,0.000000,161.197772
6836,6782.489349,0.000000,51.000000,195.649924,0.000000,153.426184
6837,6782.489349,0.000000,51.000000,196.151316,0.000000,145.654596
6838,6782.489349,0.000000,51.000000,196.652709,0.000000,137.883008
6839,6782.489349,0.000000,51.000000,197.154102,0.000000,130.111421
6840,6782.489349,0.000000,51.000000,197.655495,0.000000,122.339833
6841,6782.489349,0.000000,51.000000,198.156887,0.000000,114.568245
6842,6782.489349,0.000000,51.000000,198.658280,0.000000,106.796657
6843,6782.489349,0.000000,51.000000,199.159673,0.000000,99.025070
6844,6782.489349,0.000000,51.000000,199.661066,0.000000,91.253482
6845,6782.489349,0.000000,51.000000,200.162458,0.000000,83.481894
6846,6782.489349,0.000000,51.000000,200.663851,0.000000,75.710306
6847,6782.489349,0.000000,51.000000,201.165244,0.000000,67.938719
6848,6782.489349,0.000000,51.000000,201.666637,0.000000,60.167131
6849,6782.489349,0.000000,51.000000,202.168029,0.000000,52.395543
6850,6782.489349,0.000000,51.000000,202.669422,0.000000,44.623955
6851,6782.489349,0.000000,51.000000,203.170815,0.000000,36.852368
6852,6782.489349,0.000000,51.000000,203.672208,0.000000,29.080780
6853,6782.489349,0.000000,51.000000,204.173601,0.000000,21.309192
6854,6782.489349,0.000000,51.000000,204.674993,0.000000,13.537604
6855,6782.489349,0.000000,51.000000,205.176386,0.000000,5.766017
6856,6782.489349,0.000000,51.000000,205.677779,0.000000,357.994429
6857,6782.489349,0.000000,51.000000,206.179172,0.000000,350.222841
6858,6782.489349,0.000000,51.000000,206.680564,0.000000,342.451253
6859,6782.489349,0.000000,51.000000,207.181957,0.000000,334.679666
6860,6782.489349,0.000000,51.000000,207.683350,0.000000,326.908078
6861,6782.489349,0.000000,51.000000,208.184743,0.000000,319.136490
6862,6782.489349,0.000000,51.000000,208.686135,0.000000,311.364903
6863,6782.489349,0.000000,51.000000,209.187528,0.000000,303.593315
6864,6782.489349,0.000000,51.000000,209.688921,0.000000,295.821727
6865,6782.489349,0.000000,51.000000,210.190314,0.000000,288.050139
6866,6782.489349,0.000000,51.000000,210.691706,0.000000,280.278552
6867,6782.489349,0.000000,51.000000,211.193099,0.000000,272.506964
6868,6782.489349,0.000000,51.000000,211.694492,0.000000,264.735376
6869,6782.489349,0.000000,51.000000,212.195885,0.000000,256.963788
6870,6782.489349,0.000000,51.000000,212.697277,0.000000,249.192201
6871,6782.489349,0.000000,51.000000,213.198670,0.000000,241.420613
6872,6782.489349,0.000000,51.000000,213.700063,0.000000,233.649025
6873,6782.489349,0.000000,51.000000,214.201456,0.000000,225.877437
6874,6782.489349,0.000000,51.000000,214.702848,0.000000,218.105850
6875,6782.489349,0.000000,51.000000,215.204241,0.000000,210.334262
6876,6782.489349,0.000000,51.000000,215.705634,0.000000,202.562674
6877,6782.489349,0.000000,51.000000,216.207027,0.000000,194.791086
6878,6782.489349,0.000000,51.000000,216.708419,0.000000,187.019499
6879,6782.489349,0.000000,51.000000,217.209812,0.000000,179.247911
6880,6782.489349,0.000000,51.000000,217.711205,0.000000,171.476323
6881,6782.489349,0.000000,51.000000,218.212598,0.000000,163.704735
6882,6782.489349,0.000000,51.000000,218.713990,0.000000,155.933148
6883,6782.489349,0.000000,51.000000,219.215383,0.000000,148.161560
6884,6782.489349,0.000000,51.000000,219.716776,0.000000,140.389972
6885,6782.489349,0.000000,51.000000,220.218169,0.000000,132.618384
6886,6782.489349,0.000000,51.000000,220.719562,0.000000,124.846797
6887,6782.489349,0.000000,51.000000,221.220954,0.000000,117.075209
6888,6782.489349,0.000000,51.000000,221.722347,0.000000,109.303621
6889,6782.489349,0.000000,51.000000,222.223740,0.000000,101.532033
6890,6782.489349,0.000000,51.000000,222.725133,0.000000,93.760446
6891,6782.489349,0.000000,51.000000,223.226525,0.000000,85.988858
6892,6782.489349,0.000000,51.000000,223.727918,0.000000,78.217270
6893,6782.489349,0.000000,51.000000,224.229311,0.000000,70.445682
6894,6782.489349,0.000000,51.000000,224.730704,0.000000,62.674095
6895,6782.489349,0.000000,51.000000,225.232096,0.000000,54.902507
6896,6782.489349,0.000000,51.000000,225.733489,0.000000,47.130919
6897,6782.489349,0.000000,51.000000,226.234882,0.000000,39.359331
6898,6782.489349,0.000000,51.000000,226.736275,0.000000,31.587744
6899,6782.489349,0.000000,51.000000,227.237667,0.000000,23.816156
6900,6782.489349,0.000000,51.000000,227.739060,0.000000,16.044568
6901,6782.489349,0.000000,51.000000,228.240453,0.000000,8.272981
6902,6782.489349,0.000000,51.000000,228.741846,0.000000,0.501393
6903,6782.489349,0.000000,51.000000,229.243238,0.000000,352.729805
6904,6782.489349,0.000000,51.000000,229.744631,0.000000,344.958217
6905,6782.489349,0.000000,51.000000,230.246024,0.000000,337.186630
6906,6782.489349,0.000000,51.000000,230.747417,0.000000,329.415042
6907,6782.489349,0.000000,51.000000,231.248809,0.000000,321.643454
6908,6782.489349,0.000000,51.000000,231.750202,0.000000,313.871866
6909,6782.489349,0.000000,51.000000,232.251595,0.000000,306.100279
6910,6782.489349,0.000000,51.000000,232.752988,0.000000,298.328691
6911,6782.489349,0.000000,51.000000,233.254380,0.000000,290.557103
6912,6782.489349,0.000000,51.000000,233.755773,0.000000,282.785515
6913,6782.489349,0.000000,51.000000,234.257166,0.000000,275.013928
6914,6782.489349,0.000000,51.000000,234.758559,0.000000,267.242340
6915,6782.489349,0.000000,51.000000,235.259951,0.000000,259.470752
6916,6782.489349,0.000000,51.000000,235.761344,0.000000,251.699164
6917,6782.489349,0.000000,51.000000,236.262737,0.000000,243.927577
6918,6782.489349,0.000000,51.000000,236.764130,0.000000,236.155989
6919,6782.489349,0.000000,51.000000,237.265523,0.000000,228.384401
6920,6782.489349,0.000000,51.000000,237.766915,0.000000,220.612813
6921,6782.489349,0.000000,51.000000,238.268308,0.000000,212.841226
6922,6782.489349,0.000000,51.000000,238.769701,0.000000,205.069638
6923,6782.489349,0.000000,51.000000,239.271094,0.000000,197.298050
6924,6782.489349,0.000000,51.000000,239.772486,0.000000,189.526462
6925,6782.489349,0.000000,51.000000,240.273879,0.000000,181.754875
6926,6782.489349,0.000000,51.000000,240.775272,0.000000,173.983287
6927,6782.489349,0.000000,51.000000,241.276665,0.000000,166.211699
6928,6782.489349,0.000000,51.000000,241.778057,0.000000,158.440111
6929,6782.489349,0.000000,51.000000,242.279450,0.000000,150.668524
6930,6782.489349,0.000000,51.000000,242.780843,0.000000,142.896936
6931,6782.489349,0.000000,51.000000,243.282236,0.000000,135.125348
6932,6782.489349,0.000000,51.000000,243.783628,0.000000,127.353760
6933,6782.489349,0.000000,51.000000,244.285021,0.000000,119.582173
6934,6782.489349,0.000000,51.000000,244.786414,0.000000,111.810585
6935,6782.489349,0.000000,51.000000,245.287807,0.000000,104.038997
6936,6782.489349,0.000000,51.000000,245.789199,0.000000,96.267409
6937,6782.489349,0.000000,51.000000,246.290592,0.000000,88.495822
6938,6782.489349,0.000000,51.000000,246.791985,0.000000,80.724234
6939,6782.489349,0.000000,51.000000,247.293378,0.000000,72.952646
6940,6782.489349,0.000000,51.000000,247.794770,0.000000,65.181058
6941,6782.489349,0.000000,51.000000,248.296163,0.000000,57.409471
6942,6782.489349,0.000000,51.000000,248.797556,0.000000,49.637883
6943,6782.489349,0.000000,51.000000,249.298949,0.000000,41.866295
6944,6782.489349,0.000000,51.000000,249.800341,0.000000,34.094708
6945,6782.489349,0.000000,51.000000,250.301734,0.000000,26.323120
6946,6782.489349,0.000000,51.000000,250.803127,0.000000,18.551532
6947,6782.489349,0.000000,51.000000,251.304520,0.000000,10.779944
6948,6782.489349,0.000000,51.000000,251.805912,0.000000,3.008357
6949,6782.489349,0.000000,51.000000,252.307305,0.000000,355.236769
6950,6782.489349,0.000000,51.000000,252.808698,0.000000,347.465181
6951,6782.489349,0.000000,51.000000,253.310091,0.000000,339.693593
6952,6782.489349,0.000000,51.000000,253.811484,0.000000,331.922006
6953,6782.489349,0.000000,51.000000,254.312876,0.000000,324.150418
6954,6782.489349,0.000000,51.000000,254.814269,0.000000,316.378830
6955,6782.489349,0.000000,51.000000,255.315662,0.000000,308.607242
6956,6782.489349,0.000000,51.000000,255.817055,0.000000,300.835655
6957,6782.489349,0.000000,51.000000,256.318447,0.000000,293.064067
6958,6782.489349,0.000000,51.000000,256.819840,0.000000,285.292479
6959,6782.489349,0.000000,51.000000,257.321233,0.000000,277.520891
6960,6782.489349,0.000000,51.000000,257.822626,0.000000,269.749304
6961,6782.489349,0.000000,51.000000,258.324018,0.000000,261.977716
6962,6782.489349,0.000000,51.000000,258.825411,0.000000,254.206128
6963,6782.489349,0.000000,51.000000,259.326804,0.000000,246.434540
6964,6782.489349,0.000000,51.000000,259.828197,0.000000,238.662953
6965,6782.489349,0.000000,51.000000,260.329589,0.000000,230.891365
6966,6782.489349,0.000000,51.000000,260.830982,0.000000,223.119777
6967,6782.489349,0.000000,51.000000,261.332375,0.000000,215.348189
6968,6782.489349,0.000000,51.000000,261.833768,0.000000,207.576602
6969,6782.489349,0.000000,51.000000,262.335160,0.000000,199.805014
6970,6782.489349,0.000000,51.000000,262.836553,0.000000,192.033426
6971,6782.489349,0.000000,51.000000,263.337946,0.000000,184.261838
6972,6782.489349,0.000000,51.000000,263.839339,0.000000,176.490251
6973,6782.489349,0.000000,51.000000,264.340731,0.000000,168.718663
6974,6782.489349,0.000000,51.000000,264.842124,0.000000,160.947075
6975,6782.489349,0.000000,51.000000,265.343517,0.000000,153.175487
6976,6782.489349,0.000000,51.000000,265.844910,0.000000,145.403900
6977,6782.489349,0.000000,51.000000,266.346302,0.000000,137.632312
6978,6782.489349,0.000000,51.000000,266.847695,0.000000,129.860724
6979,6782.489349,0.000000,51.000000,267.349088,0.000000,122.089136
6980,6782.489349,0.000000,51.000000,267.850481,0.000000,114.317549
6981,6782.489349,0.000000,51.000000,268.351873,0.000000,106.545961
6982,6782.489349,0.000000,51.000000,268.853266,0.000000,98.774373
6983,6782.489349,0.000000,51.000000,269.354659,0.000000,91.002786
6984,6782.489349,0.000000,51.000000,269.856052,0.000000,83.231198
6985,6782.489349,0.000000,51.000000,270.357445,0.000000,75.459610
6986,6782.489349,0.000000,51.000000,270.858837,0.000000,67.688022
6987,6782.489349,0.000000,51.000000,271.360230,0.000000,59.916435
6988,6782.489349,0.000000,51.000000,271.861623,0.000000,52.144847
6989,6782.489349,0.000000,51.000000,272.363016,0.000000,44.373259
6990,6782.489349,0.000000,51.000000,272.864408,0.000000,36.601671
6991,6782.489349,0.000000,51.000000,273.365801,0.000000,28.830084
6992,6782.489349,0.000000,51.000000,273.867194,0.000000,21.058496
6993,6782.489349,0.000000,51.000000,274.368587,0.000000,13.286908
6994,6782.489349,0.000000,51.000000,274.869979,0.000000,5.515320
6995,6782.489349,0.000000,51.000000,275.371372,0.000000,357.743733
6996,6782.489349,0.000000,51.000000,275.872765,0.000000,349.972145
6997,6782.489349,0.000000,51.000000,276.374158,0.000000,342.200557
6998,6782.489349,0.000000,51.000000,276.875550,0.000000,334.428969
6999,6782.489349,0.000000,51.000000,277.376943,0.000000,326.657382
7000,6782.489349,0.000000,51.000000,277.878336,0.000000,318.885794
7001,6782.489349,0.000000,51.000000,278.379729,0.000000,311.114206
7002,6782.489349,0.000000,51.000000,278.881121,0.000000,303.342618
7003,6782.489349,0.000000,51.000000,279.382514,0.000000,295.571031
7004,6782.489349,0.000000,51.000000,279.883907,0.000000,287.799443
7005,6782.489349,0.000000,51.000000,280.385300,0.000000,280.027855
7006,6782.489349,0.000000,51.000000,280.886692,0.000000,272.256267
7007,6782.489349,0.000000,51.000000,281.388085,0.000000,264.484680
7008,6782.489349,0.000000,51.000000,281.889478,0.000000,256.713092
7009,6782.489349,0.000000,51.000000,282.390871,0.000000,248.941504
7010,6782.489349,0.000000,51.000000,282.892263,0.000000,241.169916
7011,6782.489349,0.000000,51.000000,283.393656,0.000000,233.398329
7012,6782.489349,0.000000,51.000000,283.895049,0.000000,225.626741
7013,6782.489349,0.000000,51.000000,284.396442,0.000000,217.855153
7014,6782.489349,0.000000,51.000000,284.897834,0.000000,210.083565
7015,6782.489349,0.000000,51.000000,285.399227,0.000000,202.311978
7016,6782.489349,0.000000,51.000000,285.900620,0.000000,194.540390
7017,6782.489349,0.000000,51.000000,286.402013,0.000000,186.768802
7018,6782.489349,0.000000,51.000000,286.903406,0.000000,178.997214
7019,6782.489349,0.000000,51.000000,287.404798,0.000000,171.225627
7020,6782.489349,0.000000,51.000000,287.906191,0.000000,163.454039
7021,6782.489349,0.000000,51.000000,288.407584,0.000000,155.682451
7022,6782.489349,0.000000,51.000000,288.908977,0.000000,147.910864
7023,6782.489349,0.000000,51.000000,289.410369,0.000000,140.139276
7024,6782.489349,0.000000,51.000000,289.911762,0.000000,132.367688
7025,6782.489349,0.000000,51.000000,290.413155,0.000000,124.596100
7026,6782.489349,0.000000,51.000000,290.914548,0.000000,116.824513
7027,6782.489349,0.000000,51.000000,291.415940,0.000000,109.052925
7028,6782.489349,0.000000,51.000000,291.917333,0.000000,101.281337
7029,6782.489349,0.000000,51.000000,292.418726,0.000000,93.509749
7030,6782.489349,0.000000,51.000000,292.920119,0.000000,85.738162
7031,6782.489349,0.000000,51.000000,293.421511,0.000000,77.966574
7032,6782.489349,0.000000,51.000000,293.922904,0.000000,70.194986
7033,6782.489349,0.000000,51.000000,294.424297,0.000000,62.423398
7034,6782.489349,0.000000,51.000000,294.925690,0.000000,54.651811
7035,6782.489349,0.000000,51.000000,295.427082,0.000000,46.880223
7036,6782.489349,0.000000,51.000000,295.928475,0.000000,39.108635
7037,6782.489349,0.000000,51.000000,296.429868,0.000000,31.337047
7038,6782.489349,0.000000,51.000000,296.931261,0.000000,23.565460
7039,6782.489349,0.000000,51.000000,297.432653,0.000000,15.793872
7040,6782.489349,0.000000,51.000000,297.934046,0.000000,8.022284
7041,6782.489349,0.000000,51.000000,298.435439,0.000000,0.250696
7042,6782.489349,0.000000,51.000000,298.936832,0.000000,352.479109
7043,6782.489349,0.000000,51.000000,299.438224,0.000000,344.707521
7044,6782.489349,0.000000,51.000000,299.939617,0.000000,336.935933
7045,6782.489349,0.000000,51.000000,300.441010,0.000000,329.164345
7046,6782.489349,0.000000,51.000000,300.942403,0.000000,321.392758
7047,6782.489349,0.000000,51.000000,301.443795,0.000000,313.621170
7048,6782.489349,0.000000,51.000000,301.945188,0.000000,305.849582
7049,6782.489349,0.000000,51.000000,302.446581,0.000000,298.077994
7050,6782.489349,0.000000,51.000000,302.947974,0.000000,290.306407
7051,6782.489349,0.000000,51.000000,303.449367,0.000000,282.534819
7052,6782.489349,0.000000,51.000000,303.950759,0.000000,274.763231
7053,6782.489349,0.000000,51.000000,304.452152,0.000000,266.991643
7054,6782.489349,0.000000,51.000000,304.953545,0.000000,259.220056
7055,6782.489349,0.000000,51.000000,305.454938,0.000000,251.448468
7056,6782.489349,0.000000,51.000000,305.956330,0.000000,243.676880
7057,6782.489349,0.000000,51.000000,306.457723,0.000000,235.905292
7058,6782.489349,0.000000,51.000000,306.959116,0.000000,228.133705
7059,6782.489349,0.000000,51.000000,307.460509,0.000000,220.362117
7060,6782.489349,0.000000,51.000000,307.961901,0.000000,212.590529
7061,6782.489349,0.000000,51.000000,308.463294,0.000000,204.818942
7062,6782.489349,0.000000,51.000000,308.964687,0.000000,197.047354
7063,6782.489349,0.000000,51.000000,309.466080,0.000000,189.275766
7064,6782.489349,0.000000,51.000000,309.967472,0.000000,181.504178
7065,6782.489349,0.000000,51.000000,310.468865,0.000000,173.732591
7066,6782.489349,0.000000,51.000000,310.970258,0.000000,165.961003
7067,6782.489349,0.000000,51.000000,311.471651,0.000000,158.189415
7068,6782.489349,0.000000,51.000000,311.973043,0.000000,150.417827
7069,6782.489349,0.000000,51.000000,312.474436,0.000000,142.646240
7070,6782.489349,0.000000,51.000000,312.975829,0.000000,134.874652
7071,6782.489349,0.000000,51.000000,313.477222,0.000000,127.103064
7072,6782.489349,0.000000,51.000000,313.978614,0.000000,119.331476
7073,6782.489349,0.000000,51.000000,314.480007,0.000000,111.559889
7074,6782.489349,0.000000,51.000000,314.981400,0.000000,103.788301
7075,6782.489349,0.000000,51.000000,315.482793,0.000000,96.016713
7076,6782.489349,0.000000,51.000000,315.984185,0.000000,88.245125
7077,6782.489349,0.000000,51.000000,316.485578,0.000000,80.473538
7078,6782.489349,0.000000,51.000000,316.986971,0.000000,72.701950
7079,6782.489349,0.000000,51.000000,317.488364,0.000000,64.930362
7080,6782.489349,0.000000,51.000000,317.989756,0.000000,57.158774
7081,6782.489349,0.000000,51.000000,318.491149,0.000000,49.387187
7082,6782.489349,0.000000,51.000000,318.992542,0.000000,41.615599
7083,6782.489349,0.000000,51.000000,319.493935,0.000000,33.844011
7084,6782.489349,0.000000,51.000000,319.995328,0.000000,26.072423
7085,6782.489349,0.000000,51.000000,320.496720,0.000000,18.300836
7086,6782.489349,0.000000,51.000000,320.998113,0.000000,10.529248
7087,6782.489349,0.000000,51.000000,321.499506,0.000000,2.757660
7088,6782.489349,0.000000,51.000000,322.000899,0.000000,354.986072
7089,6782.489349,0.000000,51.000000,322.502291,0.000000,347.214485
7090,6782.489349,0.000000,51.000000,323.003684,0.000000,339.442897
7091,6782.489349,0.000000,51.000000,323.505077,0.000000,331.671309
7092,6782.489349,0.000000,51.000000,324.006470,0.000000,323.899721
7093,6782.489349,0.000000,51.000000,324.507862,0.000000,316.128134
7094,6782.489349,0.000000,51.000000,325.009255,0.000000,308.356546
7095,6782.489349,0.000000,51.000000,325.510648,0.000000,300.584958
7096,6782.489349,0.000000,51.000000,326.012041,0.000000,292.813370
7097,6782.489349,0.000000,51.000000,326.513433,0.000000,285.041783
7098,6782.489349,0.000000,51.000000,327.014826,0.000000,277.270195
7099,6782.489349,0.000000,51.000000,327.516219,0.000000,269.498607
7100,6782.489349,0.000000,51.000000,328.017612,0.000000,261.727019
7101,6782.489349,0.000000,51.000000,328.519004,0.000000,253.955432
7102,6782.489349,0.000000,51.000000,329.020397,0.000000,246.183844
7103,6782.489349,0.000000,51.000000,329.521790,0.000000,238.412256
7104,6782.489349,0.000000,51.000000,330.023183,0.000000,230.640669
7105,6782.489349,0.000000,51.000000,330.524575,0.000000,222.869081
7106,6782.489349,0.000000,51.000000,331.025968,0.000000,215.097493
7107,6782.489349,0.000000,51.000000,331.527361,0.000000,207.325905
7108,6782.489349,0.000000,51.000000,332.028754,0.000000,199.554318
7109,6782.489349,0.000000,51.000000,332.530146,0.000000,191.782730
7110,6782.489349,0.000000,51.000000,333.031539,0.000000,184.011142
7111,6782.489349,0.000000,51.000000,333.532932,0.000000,176.239554
7112,6782.489349,0.000000,51.000000,334.034325,0.000000,168.467967
7113,6782.489349,0.000000,51.000000,334.535717,0.000000,160.696379
7114,6782.489349,0.000000,51.000000,335.037110,0.000000,152.924791
7115,6782.489349,0.000000,51.000000,335.538503,0.000000,145.153203
7116,6782.489349,0.000000,51.000000,336.039896,0.000000,137.381616
7117,6782.489349,0.000000,51.000000,336.541289,0.000000,129.610028
7118,6782.489349,0.000000,51.000000,337.042681,0.000000,121.838440
7119,6782.489349,0.000000,51.000000,337.544074,0.000000,114.066852
7120,6782.489349,0.000000,51.000000,338.045467,0.000000,106.295265
7121,6782.489349,0.000000,51.000000,338.546860,0.000000,98.523677
7122,6782.489349,0.000000,51.000000,339.048252,0.000000,90.752089
7123,6782.489349,0.000000,51.000000,339.549645,0.000000,82.980501
7124,6782.489349,0.000000,51.000000,340.051038,0.000000,75.208914
7125,6782.489349,0.000000,51.000000,340.552431,0.000000,67.437326
7126,6782.489349,0.000000,51.000000,341.053823,0.000000,59.665738
7127,6782.489349,0.000000,51.000000,341.555216,0.000000,51.894150
7128,6782.489349,0.000000,51.000000,342.056609,0.000000,44.122563
7129,6782.489349,0.000000,51.000000,342.558002,0.000000,36.350975
7130,6782.489349,0.000000,51.000000,343.059394,0.000000,28.579387
7131,6782.489349,0.000000,51.000000,343.560787,0.000000,20.807799
7132,6782.489349,0.000000,51.000000,344.062180,0.000000,13.036212
7133,6782.489349,0.000000,51.000000,344.563573,0.000000,5.264624
7134,6782.489349,0.000000,51.000000,345.064965,0.000000,357.493036
7135,6782.489349,0.000000,51.000000,345.566358,0.000000,349.721448
7136,6782.489349,0.000000,51.000000,346.067751,0.000000,341.949861
7137,6782.489349,0.000000,51.000000,346.569144,0.000000,334.178273
7138,6782.489349,0.000000,51.000000,347.070536,0.000000,326.406685
7139,6782.489349,0.000000,51.000000,347.571929,0.000000,318.635097
7140,6782.489349,0.000000,51.000000,348.073322,0.000000,310.863510
7141,6782.489349,0.000000,51.000000,348.574715,0.000000,303.091922
7142,6782.489349,0.000000,51.000000,349.076107,0.000000,295.320334
7143,6782.489349,0.000000,51.000000,349.577500,0.000000,287.548747
7144,6782.489349,0.000000,51.000000,350.078893,0.000000,279.777159
7145,6782.489349,0.000000,51.000000,350.580286,0.000000,272.005571
7146,6782.489349,0.000000,51.000000,351.081678,0.000000,264.233983
7147,6782.489349,0.000000,51.000000,351.583071,0.000000,256.462396
7148,6782.489349,0.000000,51.000000,352.084464,0.000000,248.690808
7149,6782.489349,0.000000,51.000000,352.585857,0.000000,240.919220
7150,6782.489349,0.000000,51.000000,353.087250,0.000000,233.147632
7151,6782.489349,0.000000,51.000000,353.588642,0.000000,225.376045
7152,6782.489349,0.000000,51.000000,354.090035,0.000000,217.604457
7153,6782.489349,0.000000,51.000000,354.591428,0.000000,209.832869
7154,6782.489349,0.000000,51.000000,355.092821,0.000000,202.061281
7155,6782.489349,0.000000,51.000000,355.594213,0.000000,194.289694
7156,6782.489349,0.000000,51.000000,356.095606,0.000000,186.518106
7157,6782.489349,0.000000,51.000000,356.596999,0.000000,178.746518
7158,6782.489349,0.000000,51.000000,357.098392,0.000000,170.974930
7159,6782.489349,0.000000,51.000000,357.599784,0.000000,163.203343
7160,6782.489349,0.000000,51.000000,358.101177,0.000000,155.431755
7161,6782.489349,0.000000,51.000000,358.602570,0.000000,147.660167
7162,6782.489349,0.000000,51.000000,359.103963,0.000000,139.888579
7163,6782.489349,0.000000,51.000000,359.605355,0.000000,132.116992
7164,6782.489349,0.000000,51.000000,0.106748,0.000000,124.345404
7165,6782.489349,0.000000,51.000000,0.608141,0.000000,116.573816
7166,6782.489349,0.000000,51.000000,1.109534,0.000000,108.802228
7167,6782.489349,0.000000,51.000000,1.610926,0.000000,101.030641
7168,6782.489349,0.000000,51.000000,2.112319,0.000000,93.259053
7169,6782.489349,0.000000,51.000000,2.613712,0.000000,85.487465
7170,6782.489349,0.000000,51.000000,3.115105,0.000000,77.715877
7171,6782.489349,0.000000,51.000000,3.616497,0.000000,69.944290
7172,6782.489349,0.000000,51.000000,4.117890,0.000000,62.172702
7173,6782.489349,0.000000,51.000000,4.619283,0.000000,54.401114
7174,6782.489349,0.000000,51.000000,5.120676,0.000000,46.629526
7175,6782.489349,0.000000,51.000000,5.622068,0.000000,38.857939
7176,6782.489349,0.000000,51.000000,6.123461,0.000000,31.086351
7177,6782.489349,0.000000,51.000000,6.624854,0.000000,23.314763
7178,6782.489349,0.000000,51.000000,7.126247,0.000000,15.543175
7179,6782.489349,0.000000,51.000000,7.627640,0.000000,7.771588
