slot_index,a_km,e,i_deg,raan_deg,argp_deg,arg_lat_deg
1,6640.441128,0.000000,42.000000,5.001393,0.000000,351.977716
2,6640.441128,0.000000,42.000000,5.502786,0.000000,343.955432
3,6640.441128,0.000000,42.000000,6.004178,0.000000,335.933148
4,6640.441128,0.000000,42.000000,6.505571,0.000000,327.910864
5,6640.441128,0.000000,42.000000,7.006964,0.000000,319.888579
6,6640.441128,0.000000,42.000000,7.508357,0.000000,311.866295
8,6640.441128,0.000000,42.000000,8.511142,0.000000,295.821727
9,6640.441128,0.000000,42.000000,9.012535,0.000000,287.799443
11,6640.441128,0.000000,42.000000,10.015320,0.000000,271.754875
12,6640.441128,0.000000,42.000000,10.516713,0.000000,263.732591
13,6640.441128,0.000000,42.000000,11.018106,0.000000,255.710306
15,6640.441128,0.000000,42.000000,12.020891,0.000000,239.665738
16,6640.441128,0.000000,42.000000,12.522284,0.000000,231.643454
17,6640.441128,0.000000,42.000000,13.023677,0.000000,223.621170
18,6640.441128,0.000000,42.000000,13.525070,0.000000,215.598886
19,6640.441128,0.000000,42.000000,14.026462,0.000000,207.576602
20,6640.441128,0.000000,42.000000,14.527855,0.000000,199.554318
21,6640.441128,0.000000,42.000000,15.029248,0.000000,191.532033
22,6640.441128,0.000000,42.000000,15.530641,0.000000,183.509749
24,6640.441128,0.000000,42.000000,16.533426,0.000000,167.465181
25,6640.441128,0.000000,42.000000,17.034819,0.000000,159.442897
26,6640.441128,0.000000,42.000000,17.536212,0.000000,151.420613
27,6640.441128,0.000000,42.000000,18.037604,0.000000,143.398329
28,6640.441128,0.000000,42.000000,18.538997,0.000000,135.376045
29,6640.441128,0.000000,42.000000,19.040390,0.000000,127.353760
30,6640.441128,0.000000,42.000000,19.541783,0.000000,119.331476
31,6640.441128,0.000000,42.000000,20.043175,0.000000,111.309192
33,6640.441128,0.000000,42.000000,21.045961,0.000000,95.264624
34,6640.441128,0.000000,42.000000,21.547354,0.000000,87.242340
35,6640.441128,0.000000,42.000000,22.048747,0.000000,79.220056
37,6640.441128,0.000000,42.000000,23.051532,0.000000,63.175487
39,6640.441128,0.000000,42.000000,24.054318,0.000000,47.130919
40,6640.441128,0.000000,42.000000,24.555710,0.000000,39.108635
41,6640.441128,0.000000,42.000000,25.057103,0.000000,31.086351
43,6640.441128,0.000000,42.000000,26.059889,0.000000,15.041783
44,6640.441128,0.000000,42.000000,26.561281,0.000000,7.019499
45,6640.441128,0.000000,42.000000,27.062674,0.000000,358.997214
46,6640.441128,0.000000,42.000000,27.564067,0.000000,350.974930
47,6640.441128,0.000000,42.000000,28.065460,0.000000,342.952646
48,6640.441128,0.000000,42.000000,28.566852,0.000000,334.930362
49,6640.441128,0.000000,42.000000,29.068245,0.000000,326.908078
50,6640.441128,0.000000,42.000000,29.569638,0.000000,318.885794
51,6640.441128,0.000000,42.000000,30.071031,0.000000,310.863510
52,6640.441128,0.000000,42.000000,30.572423,0.000000,302.841226
53,6640.441128,0.000000,42.000000,31.073816,0.000000,294.818942
54,6640.441128,0.000000,42.000000,31.575209,0.000000,286.796657
55,6640.441128,0.000000,42.000000,32.076602,0.000000,278.774373
57,6640.441128,0.000000,42.000000,33.079387,0.000000,262.729805
58,6640.441128,0.000000,42.000000,33.580780,0.000000,254.707521
59,6640.441128,0.000000,42.000000,34.082173,0.000000,246.685237
60,6640.441128,0.000000,42.000000,34.583565,0.000000,238.662953
61,6640.441128,0.000000,42.000000,35.084958,0.000000,230.640669
62,6640.441128,0.000000,42.000000,35.586351,0.000000,222.618384
63,6640.441128,0.000000,42.000000,36.087744,0.000000,214.596100
64,6640.441128,0.000000,42.000000,36.589136,0.000000,206.573816
66,6640.441128,0.000000,42.000000,37.591922,0.000000,190.529248
67,6640.441128,0.000000,42.000000,38.093315,0.000000,182.506964
68,6640.441128,0.000000,42.000000,38.594708,0.000000,174.484680
69,6640.441128,0.000000,42.000000,39.096100,0.000000,166.462396
70,6640.441128,0.000000,42.000000,39.597493,0.000000,158.440111
71,6640.441128,0.000000,42.000000,40.098886,0.000000,150.417827
72,6640.441128,0.000000,42.000000,40.600279,0.000000,142.395543
73,6640.441128,0.000000,42.000000,41.101671,0.000000,134.373259
74,6640.441128,0.000000,42.000000,41.603064,0.000000,126.350975
77,6640.441128,0.000000,42.000000,43.107242,0.000000,102.284123
78,6640.441128,0.000000,42.000000,43.608635,0.000000,94.261838
79,6640.441128,0.000000,42.000000,44.110028,0.000000,86.239554
80,6640.441128,0.000000,42.000000,44.611421,0.000000,78.217270
82,6640.441128,0.000000,42.000000,45.614206,0.000000,62.172702
83,6640.441128,0.000000,42.000000,46.115599,0.000000,54.150418
84,6640.441128,0.000000,42.000000,46.616992,0.000000,46.128134
86,6640.441128,0.000000,42.000000,47.619777,0.000000,30.083565
88,6640.441128,0.000000,42.000000,48.622563,0.000000,14.038997
89,6640.441128,0.000000,42.000000,49.123955,0.000000,6.016713
90,6640.441128,0.000000,42.000000,49.625348,0.000000,357.994429
91,6640.441128,0.000000,42.000000,50.126741,0.000000,349.972145
92,6640.441128,0.000000,42.000000,50.628134,0.000000,341.949861
93,6640.441128,0.000000,42.000000,51.129526,0.000000,333.927577
95,6640.441128,0.000000,42.000000,52.132312,0.000000,317.883008
96,6640.441128,0.000000,42.000000,52.633705,0.000000,309.860724
97,6640.441128,0.000000,42.000000,53.135097,0.000000,301.838440
99,6640.441128,0.000000,42.000000,54.137883,0.000000,285.793872
100,6640.441128,0.000000,42.000000,54.639276,0.000000,277.771588
103,6640.441128,0.000000,42.000000,56.143454,0.000000,253.704735
104,6640.441128,0.000000,42.000000,56.644847,0.000000,245.682451
105,6640.441128,0.000000,42.000000,57.146240,0.000000,237.660167
106,6640.441128,0.000000,42.000000,57.647632,0.000000,229.637883
107,6640.441128,0.000000,42.000000,58.149025,0.000000,221.615599
108,6640.441128,0.000000,42.000000,58.650418,0.000000,213.593315
109,6640.441128,0.000000,42.000000,59.151811,0.000000,205.571031
110,6640.441128,0.000000,42.000000,59.653203,0.000000,197.548747
111,6640.441128,0.000000,42.000000,60.154596,0.000000,189.526462
112,6640.441128,0.000000,42.000000,60.655989,0.000000,181.504178
113,6640.441128,0.000000,42.000000,61.157382,0.000000,173.481894
114,6640.441128,0.000000,42.000000,61.658774,0.000000,165.459610
115,6640.441128,0.000000,42.000000,62.160167,0.000000,157.437326
116,6640.441128,0.000000,42.000000,62.661560,0.000000,149.415042
118,6640.441128,0.000000,42.000000,63.664345,0.000000,133.370474
119,6640.441128,0.000000,42.000000,64.165738,0.000000,125.348189
122,6640.441128,0.000000,42.000000,65.669916,0.000000,101.281337
123,6640.441128,0.000000,42.000000,66.171309,0.000000,93.259053
125,6640.441128,0.000000,42.000000,67.174095,0.000000,77.214485
126,6640.441128,0.000000,42.000000,67.675487,0.000000,69.192201
128,6640.441128,0.000000,42.000000,68.678273,0.000000,53.147632
129,6640.441128,0.000000,42.000000,69.179666,0.000000,45.125348
130,6640.441128,0.000000,42.000000,69.681058,0.000000,37.103064
131,6640.441128,0.000000,42.000000,70.182451,0.000000,29.080780
132,6640.441128,0.000000,42.000000,70.683844,0.000000,21.058496
133,6640.441128,0.000000,42.000000,71.185237,0.000000,13.036212
134,6640.441128,0.000000,42.000000,71.686630,0.000000,5.013928
137,6640.441128,0.000000,42.000000,73.190808,0.000000,340.947075
138,6640.441128,0.000000,42.000000,73.692201,0.000000,332.924791
140,6640.441128,0.000000,42.000000,74.694986,0.000000,316.880223
143,6640.441128,0.000000,42.000000,76.199164,0.000000,292.813370
145,6640.441128,0.000000,42.000000,77.201950,0.000000,276.768802
146,6640.441128,0.000000,42.000000,77.703343,0.000000,268.746518
147,6640.441128,0.000000,42.000000,78.204735,0.000000,260.724234
148,6640.441128,0.000000,42.000000,78.706128,0.000000,252.701950
149,6640.441128,0.000000,42.000000,79.207521,0.000000,244.679666
150,6640.441128,0.000000,42.000000,79.708914,0.000000,236.657382
151,6640.441128,0.000000,42.000000,80.210306,0.000000,228.635097
152,6640.441128,0.000000,42.000000,80.711699,0.000000,220.612813
153,6640.441128,0.000000,42.000000,81.213092,0.000000,212.590529
155,6640.441128,0.000000,42.000000,82.215877,0.000000,196.545961
157,6640.441128,0.000000,42.000000,83.218663,0.000000,180.501393
158,6640.441128,0.000000,42.000000,83.720056,0.000000,172.479109
161,6640.441128,0.000000,42.000000,85.224234,0.000000,148.412256
162,6640.441128,0.000000,42.000000,85.725627,0.000000,140.389972
163,6640.441128,0.000000,42.000000,86.227019,0.000000,132.367688
164,6640.441128,0.000000,42.000000,86.728412,0.000000,124.345404
165,6640.441128,0.000000,42.000000,87.229805,0.000000,116.323120
167,6640.441128,0.000000,42.000000,88.232591,0.000000,100.278552
168,6640.441128,0.000000,42.000000,88.733983,0.000000,92.256267
169,6640.441128,0.000000,42.000000,89.235376,0.000000,84.233983
170,6640.441128,0.000000,42.000000,89.736769,0.000000,76.211699
171,6640.441128,0.000000,42.000000,90.238162,0.000000,68.189415
172,6640.441128,0.000000,42.000000,90.739554,0.000000,60.167131
173,6640.441128,0.000000,42.000000,91.240947,0.000000,52.144847
174,6640.441128,0.000000,42.000000,91.742340,0.000000,44.122563
175,6640.441128,0.000000,42.000000,92.243733,0.000000,36.100279
176,6640.441128,0.000000,42.000000,92.745125,0.000000,28.077994
177,6640.441128,0.000000,42.000000,93.246518,0.000000,20.055710
178,6640.441128,0.000000,42.000000,93.747911,0.000000,12.033426
179,6640.441128,0.000000,42.000000,94.249304,0.000000,4.011142
180,6640.441128,0.000000,42.000000,94.750696,0.000000,355.988858
181,6640.441128,0.000000,42.000000,95.252089,0.000000,347.966574
184,6640.441128,0.000000,42.000000,96.756267,0.000000,323.899721
185,6640.441128,0.000000,42.000000,97.257660,0.000000,315.877437
186,6640.441128,0.000000,42.000000,97.759053,0.000000,307.855153
189,6640.441128,0.000000,42.000000,99.263231,0.000000,283.788301
190,6640.441128,0.000000,42.000000,99.764624,0.000000,275.766017
191,6640.441128,0.000000,42.000000,100.266017,0.000000,267.743733
192,6640.441128,0.000000,42.000000,100.767409,0.000000,259.721448
193,6640.441128,0.000000,42.000000,101.268802,0.000000,251.699164
194,6640.441128,0.000000,42.000000,101.770195,0.000000,243.676880
195,6640.441128,0.000000,42.000000,102.271588,0.000000,235.654596
196,6640.441128,0.000000,42.000000,102.772981,0.000000,227.632312
198,6640.441128,0.000000,42.000000,103.775766,0.000000,211.587744
199,6640.441128,0.000000,42.000000,104.277159,0.000000,203.565460
200,6640.441128,0.000000,42.000000,104.778552,0.000000,195.543175
201,6640.441128,0.000000,42.000000,105.279944,0.000000,187.520891
202,6640.441128,0.000000,42.000000,105.781337,0.000000,179.498607
203,6640.441128,0.000000,42.000000,106.282730,0.000000,171.476323
204,6640.441128,0.000000,42.000000,106.784123,0.000000,163.454039
205,6640.441128,0.000000,42.000000,107.285515,0.000000,155.431755
206,6640.441128,0.000000,42.000000,107.786908,0.000000,147.409471
208,6640.441128,0.000000,42.000000,108.789694,0.000000,131.364903
209,6640.441128,0.000000,42.000000,109.291086,0.000000,123.342618
210,6640.441128,0.000000,42.000000,109.792479,0.000000,115.320334
211,6640.441128,0.000000,42.000000,110.293872,0.000000,107.298050
212,6640.441128,0.000000,42.000000,110.795265,0.000000,99.275766
213,6640.441128,0.000000,42.000000,111.296657,0.000000,91.253482
214,6640.441128,0.000000,42.000000,111.798050,0.000000,83.231198
215,6640.441128,0.000000,42.000000,112.299443,0.000000,75.208914
216,6640.441128,0.000000,42.000000,112.800836,0.000000,67.186630
218,6640.441128,0.000000,42.000000,113.803621,0.000000,51.142061
219,6640.441128,0.000000,42.000000,114.305014,0.000000,43.119777
220,6640.441128,0.000000,42.000000,114.806407,0.000000,35.097493
221,6640.441128,0.000000,42.000000,115.307799,0.000000,27.075209
223,6640.441128,0.000000,42.000000,116.310585,0.000000,11.030641
224,6640.441128,0.000000,42.000000,116.811978,0.000000,3.008357
225,6640.441128,0.000000,42.000000,117.313370,0.000000,354.986072
226,6640.441128,0.000000,42.000000,117.814763,0.000000,346.963788
228,6640.441128,0.000000,42.000000,118.817549,0.000000,330.919220
230,6640.441128,0.000000,42.000000,119.820334,0.000000,314.874652
231,6640.441128,0.000000,42.000000,120.321727,0.000000,306.852368
232,6640.441128,0.000000,42.000000,120.823120,0.000000,298.830084
233,6640.441128,0.000000,42.000000,121.324513,0.000000,290.807799
236,6640.441128,0.000000,42.000000,122.828691,0.000000,266.740947
237,6640.441128,0.000000,42.000000,123.330084,0.000000,258.718663
239,6640.441128,0.000000,42.000000,124.332869,0.000000,242.674095
241,6640.441128,0.000000,42.000000,125.335655,0.000000,226.629526
242,6640.441128,0.000000,42.000000,125.837047,0.000000,218.607242
243,6640.441128,0.000000,42.000000,126.338440,0.000000,210.584958
244,6640.441128,0.000000,42.000000,126.839833,0.000000,202.562674
245,6640.441128,0.000000,42.000000,127.341226,0.000000,194.540390
246,6640.441128,0.000000,42.000000,127.842618,0.000000,186.518106
247,6640.441128,0.000000,42.000000,128.344011,0.000000,178.495822
249,6640.441128,0.000000,42.000000,129.346797,0.000000,162.451253
251,6640.441128,0.000000,42.000000,130.349582,0.000000,146.406685
253,6640.441128,0.000000,42.000000,131.352368,0.000000,130.362117
255,6640.441128,0.000000,42.000000,132.355153,0.000000,114.317549
256,6640.441128,0.000000,42.000000,132.856546,0.000000,106.295265
257,6640.441128,0.000000,42.000000,133.357939,0.000000,98.272981
258,6640.441128,0.000000,42.000000,133.859331,0.000000,90.250696
259,6640.441128,0.000000,42.000000,134.360724,0.000000,82.228412
260,6640.441128,0.000000,42.000000,134.862117,0.000000,74.206128
262,6640.441128,0.000000,42.000000,135.864903,0.000000,58.161560
263,6640.441128,0.000000,42.000000,136.366295,0.000000,50.139276
264,6640.441128,0.000000,42.000000,136.867688,0.000000,42.116992
265,6640.441128,0.000000,42.000000,137.369081,0.000000,34.094708
266,6640.441128,0.000000,42.000000,137.870474,0.000000,26.072423
267,6640.441128,0.000000,42.000000,138.371866,0.000000,18.050139
269,6640.441128,0.000000,42.000000,139.374652,0.000000,2.005571
270,6640.441128,0.000000,42.000000,139.876045,0.000000,353.983287
271,6640.441128,0.000000,42.000000,140.377437,0.000000,345.961003
272,6640.441128,0.000000,42.000000,140.878830,0.000000,337.938719
273,6640.441128,0.000000,42.000000,141.380223,0.000000,329.916435
274,6640.441128,0.000000,42.000000,141.881616,0.000000,321.894150
275,6640.441128,0.000000,42.000000,142.383008,0.000000,313.871866
277,6640.441128,0.000000,42.000000,143.385794,0.000000,297.827298
279,6640.441128,0.000000,42.000000,144.388579,0.000000,281.782730
280,6640.441128,0.000000,42.000000,144.889972,0.000000,273.760446
281,6640.441128,0.000000,42.000000,145.391365,0.000000,265.738162
282,6640.441128,0.000000,42.000000,145.892758,0.000000,257.715877
283,6640.441128,0.000000,42.000000,146.394150,0.000000,249.693593
284,6640.441128,0.000000,42.000000,146.895543,0.000000,241.671309
285,6640.441128,0.000000,42.000000,147.396936,0.000000,233.649025
287,6640.441128,0.000000,42.000000,148.399721,0.000000,217.604457
288,6640.441128,0.000000,42.000000,148.901114,0.000000,209.582173
289,6640.441128,0.000000,42.000000,149.402507,0.000000,201.559889
290,6640.441128,0.000000,42.000000,149.903900,0.000000,193.537604
291,6640.441128,0.000000,42.000000,150.405292,0.000000,185.515320
294,6640.441128,0.000000,42.000000,151.909471,0.000000,161.448468
295,6640.441128,0.000000,42.000000,152.410864,0.000000,153.426184
297,6640.441128,0.000000,42.000000,153.413649,0.000000,137.381616
298,6640.441128,0.000000,42.000000,153.915042,0.000000,129.359331
300,6640.441128,0.000000,42.000000,154.917827,0.000000,113.314763
301,6640.441128,0.000000,42.000000,155.419220,0.000000,105.292479
302,6640.441128,0.000000,42.000000,155.920613,0.000000,97.270195
303,6640.441128,0.000000,42.000000,156.422006,0.000000,89.247911
304,6640.441128,0.000000,42.000000,156.923398,0.000000,81.225627
305,6640.441128,0.000000,42.000000,157.424791,0.000000,73.203343
306,6640.441128,0.000000,42.000000,157.926184,0.000000,65.181058
307,6640.441128,0.000000,42.000000,158.427577,0.000000,57.158774
308,6640.441128,0.000000,42.000000,158.928969,0.000000,49.136490
309,6640.441128,0.000000,42.000000,159.430362,0.000000,41.114206
310,6640.441128,0.000000,42.000000,159.931755,0.000000,33.091922
312,6640.441128,0.000000,42.000000,160.934540,0.000000,17.047354
313,6640.441128,0.000000,42.000000,161.435933,0.000000,9.025070
314,6640.441128,0.000000,42.000000,161.937326,0.000000,1.002786
315,6640.441128,0.000000,42.000000,162.438719,0.000000,352.980501
316,6640.441128,0.000000,42.000000,162.940111,0.000000,344.958217
317,6640.441128,0.000000,42.000000,163.441504,0.000000,336.935933
318,6640.441128,0.000000,42.000000,163.942897,0.000000,328.913649
319,6640.441128,0.000000,42.000000,164.444290,0.000000,320.891365
321,6640.441128,0.000000,42.000000,165.447075,0.000000,304.846797
322,6640.441128,0.000000,42.000000,165.948468,0.000000,296.824513
323,6640.441128,0.000000,42.000000,166.449861,0.000000,288.802228
324,6640.441128,0.000000,42.000000,166.951253,0.000000,280.779944
325,6640.441128,0.000000,42.000000,167.452646,0.000000,272.757660
326,6640.441128,0.000000,42.000000,167.954039,0.000000,264.735376
328,6640.441128,0.000000,42.000000,168.956825,0.000000,248.690808
329,6640.441128,0.000000,42.000000,169.458217,0.000000,240.668524
330,6640.441128,0.000000,42.000000,169.959610,0.000000,232.646240
331,6640.441128,0.000000,42.000000,170.461003,0.000000,224.623955
332,6640.441128,0.000000,42.000000,170.962396,0.000000,216.601671
333,6640.441128,0.000000,42.000000,171.463788,0.000000,208.579387
334,6640.441128,0.000000,42.000000,171.965181,0.000000,200.557103
335,6640.441128,0.000000,42.000000,172.466574,0.000000,192.534819
336,6640.441128,0.000000,42.000000,172.967967,0.000000,184.512535
337,6640.441128,0.000000,42.000000,173.469359,0.000000,176.490251
338,6640.441128,0.000000,42.000000,173.970752,0.000000,168.467967
339,6640.441128,0.000000,42.000000,174.472145,0.000000,160.445682
341,6640.441128,0.000000,42.000000,175.474930,0.000000,144.401114
342,6640.441128,0.000000,42.000000,175.976323,0.000000,136.378830
344,6640.441128,0.000000,42.000000,176.979109,0.000000,120.334262
345,6640.441128,0.000000,42.000000,177.480501,0.000000,112.311978
346,6640.441128,0.000000,42.000000,177.981894,0.000000,104.289694
347,6640.441128,0.000000,42.000000,178.483287,0.000000,96.267409
348,6640.441128,0.000000,42.000000,178.984680,0.000000,88.245125
349,6640.441128,0.000000,42.000000,179.486072,0.000000,80.222841
351,6640.441128,0.000000,42.000000,180.488858,0.000000,64.178273
352,6640.441128,0.000000,42.000000,180.990251,0.000000,56.155989
353,6640.441128,0.000000,42.000000,181.491643,0.000000,48.133705
354,6640.441128,0.000000,42.000000,181.993036,0.000000,40.111421
355,6640.441128,0.000000,42.000000,182.494429,0.000000,32.089136
356,6640.441128,0.000000,42.000000,182.995822,0.000000,24.066852
358,6640.441128,0.000000,42.000000,183.998607,0.000000,8.022284
359,6640.441128,0.000000,42.000000,184.500000,0.000000,360.000000
360,6640.441128,0.000000,42.000000,185.001393,0.000000,351.977716
361,6640.441128,0.000000,42.000000,185.502786,0.000000,343.955432
362,6640.441128,0.000000,42.000000,186.004178,0.000000,335.933148
363,6640.441128,0.000000,42.000000,186.505571,0.000000,327.910864
364,6640.441128,0.000000,42.000000,187.006964,0.000000,319.888579
365,6640.441128,0.000000,42.000000,187.508357,0.000000,311.866295
366,6640.441128,0.000000,42.000000,188.009749,0.000000,303.844011
367,6640.441128,0.000000,42.000000,188.511142,0.000000,295.821727
368,6640.441128,0.000000,42.000000,189.012535,0.000000,287.799443
369,6640.441128,0.000000,42.000000,189.513928,0.000000,279.777159
370,6640.441128,0.000000,42.000000,190.015320,0.000000,271.754875
372,6640.441128,0.000000,42.000000,191.018106,0.000000,255.710306
373,6640.441128,0.000000,42.000000,191.519499,0.000000,247.688022
374,6640.441128,0.000000,42.000000,192.020891,0.000000,239.665738
376,6640.441128,0.000000,42.000000,193.023677,0.000000,223.621170
377,6640.441128,0.000000,42.000000,193.525070,0.000000,215.598886
378,6640.441128,0.000000,42.000000,194.026462,0.000000,207.576602
379,6640.441128,0.000000,42.000000,194.527855,0.000000,199.554318
381,6640.441128,0.000000,42.000000,195.530641,0.000000,183.509749
382,6640.441128,0.000000,42.000000,196.032033,0.000000,175.487465
383,6640.441128,0.000000,42.000000,196.533426,0.000000,167.465181
384,6640.441128,0.000000,42.000000,197.034819,0.000000,159.442897
386,6640.441128,0.000000,42.000000,198.037604,0.000000,143.398329
387,6640.441128,0.000000,42.000000,198.538997,0.000000,135.376045
388,6640.441128,0.000000,42.000000,199.040390,0.000000,127.353760
389,6640.441128,0.000000,42.000000,199.541783,0.000000,119.331476
390,6640.441128,0.000000,42.000000,200.043175,0.000000,111.309192
391,6640.441128,0.000000,42.000000,200.544568,0.000000,103.286908
392,6640.441128,0.000000,42.000000,201.045961,0.000000,95.264624
393,6640.441128,0.000000,42.000000,201.547354,0.000000,87.242340
394,6640.441128,0.000000,42.000000,202.048747,0.000000,79.220056
395,6640.441128,0.000000,42.000000,202.550139,0.000000,71.197772
396,6640.441128,0.000000,42.000000,203.051532,0.000000,63.175487
398,6640.441128,0.000000,42.000000,204.054318,0.000000,47.130919
399,6640.441128,0.000000,42.000000,204.555710,0.000000,39.108635
400,6640.441128,0.000000,42.000000,205.057103,0.000000,31.086351
402,6640.441128,0.000000,42.000000,206.059889,0.000000,15.041783
403,6640.441128,0.000000,42.000000,206.561281,0.000000,7.019499
404,6640.441128,0.000000,42.000000,207.062674,0.000000,358.997214
405,6640.441128,0.000000,42.000000,207.564067,0.000000,350.974930
406,6640.441128,0.000000,42.000000,208.065460,0.000000,342.952646
408,6640.441128,0.000000,42.000000,209.068245,0.000000,326.908078
410,6640.441128,0.000000,42.000000,210.071031,0.000000,310.863510
412,6640.441128,0.000000,42.000000,211.073816,0.000000,294.818942
413,6640.441128,0.000000,42.000000,211.575209,0.000000,286.796657
414,6640.441128,0.000000,42.000000,212.076602,0.000000,278.774373
415,6640.441128,0.000000,42.000000,212.577994,0.000000,270.752089
416,6640.441128,0.000000,42.000000,213.079387,0.000000,262.729805
417,6640.441128,0.000000,42.000000,213.580780,0.000000,254.707521
419,6640.441128,0.000000,42.000000,214.583565,0.000000,238.662953
420,6640.441128,0.000000,42.000000,215.084958,0.000000,230.640669
422,6640.441128,0.000000,42.000000,216.087744,0.000000,214.596100
423,6640.441128,0.000000,42.000000,216.589136,0.000000,206.573816
425,6640.441128,0.000000,42.000000,217.591922,0.000000,190.529248
429,6640.441128,0.000000,42.000000,219.597493,0.000000,158.440111
430,6640.441128,0.000000,42.000000,220.098886,0.000000,150.417827
432,6640.441128,0.000000,42.000000,221.101671,0.000000,134.373259
433,6640.441128,0.000000,42.000000,221.603064,0.000000,126.350975
434,6640.441128,0.000000,42.000000,222.104457,0.000000,118.328691
436,6640.441128,0.000000,42.000000,223.107242,0.000000,102.284123
437,6640.441128,0.000000,42.000000,223.608635,0.000000,94.261838
439,6640.441128,0.000000,42.000000,224.611421,0.000000,78.217270
440,6640.441128,0.000000,42.000000,225.112813,0.000000,70.194986
441,6640.441128,0.000000,42.000000,225.614206,0.000000,62.172702
442,6640.441128,0.000000,42.000000,226.115599,0.000000,54.150418
445,6640.441128,0.000000,42.000000,227.619777,0.000000,30.083565
446,6640.441128,0.000000,42.000000,228.121170,0.000000,22.061281
447,6640.441128,0.000000,42.000000,228.622563,0.000000,14.038997
448,6640.441128,0.000000,42.000000,229.123955,0.000000,6.016713
449,6640.441128,0.000000,42.000000,229.625348,0.000000,357.994429
450,6640.441128,0.000000,42.000000,230.126741,0.000000,349.972145
451,6640.441128,0.000000,42.000000,230.628134,0.000000,341.949861
453,6640.441128,0.000000,42.000000,231.630919,0.000000,325.905292
454,6640.441128,0.000000,42.000000,232.132312,0.000000,317.883008
455,6640.441128,0.000000,42.000000,232.633705,0.000000,309.860724
456,6640.441128,0.000000,42.000000,233.135097,0.000000,301.838440
457,6640.441128,0.000000,42.000000,233.636490,0.000000,293.816156
458,6640.441128,0.000000,42.000000,234.137883,0.000000,285.793872
460,6640.441128,0.000000,42.000000,235.140669,0.000000,269.749304
461,6640.441128,0.000000,42.000000,235.642061,0.000000,261.727019
462,6640.441128,0.000000,42.000000,236.143454,0.000000,253.704735
464,6640.441128,0.000000,42.000000,237.146240,0.000000,237.660167
465,6640.441128,0.000000,42.000000,237.647632,0.000000,229.637883
466,6640.441128,0.000000,42.000000,238.149025,0.000000,221.615599
467,6640.441128,0.000000,42.000000,238.650418,0.000000,213.593315
469,6640.441128,0.000000,42.000000,239.653203,0.000000,197.548747
470,6640.441128,0.000000,42.000000,240.154596,0.000000,189.526462
471,6640.441128,0.000000,42.000000,240.655989,0.000000,181.504178
472,6640.441128,0.000000,42.000000,241.157382,0.000000,173.481894
473,6640.441128,0.000000,42.000000,241.658774,0.000000,165.459610
475,6640.441128,0.000000,42.000000,242.661560,0.000000,149.415042
476,6640.441128,0.000000,42.000000,243.162953,0.000000,141.392758
478,6640.441128,0.000000,42.000000,244.165738,0.000000,125.348189
479,6640.441128,0.000000,42.000000,244.667131,0.000000,117.325905
480,6640.441128,0.000000,42.000000,245.168524,0.000000,109.303621
482,6640.441128,0.000000,42.000000,246.171309,0.000000,93.259053
483,6640.441128,0.000000,42.000000,246.672702,0.000000,85.236769
485,6640.441128,0.000000,42.000000,247.675487,0.000000,69.192201
486,6640.441128,0.000000,42.000000,248.176880,0.000000,61.169916
487,6640.441128,0.000000,42.000000,248.678273,0.000000,53.147632
488,6640.441128,0.000000,42.000000,249.179666,0.000000,45.125348
489,6640.441128,0.000000,42.000000,249.681058,0.000000,37.103064
490,6640.441128,0.000000,42.000000,250.182451,0.000000,29.080780
492,6640.441128,0.000000,42.000000,251.185237,0.000000,13.036212
493,6640.441128,0.000000,42.000000,251.686630,0.000000,5.013928
495,6640.441128,0.000000,42.000000,252.689415,0.000000,348.969359
496,6640.441128,0.000000,42.000000,253.190808,0.000000,340.947075
497,6640.441128,0.000000,42.000000,253.692201,0.000000,332.924791
498,6640.441128,0.000000,42.000000,254.193593,0.000000,324.902507
499,6640.441128,0.000000,42.000000,254.694986,0.000000,316.880223
500,6640.441128,0.000000,42.000000,255.196379,0.000000,308.857939
501,6640.441128,0.000000,42.000000,255.697772,0.000000,300.835655
502,6640.441128,0.000000,42.000000,256.199164,0.000000,292.813370
503,6640.441128,0.000000,42.000000,256.700557,0.000000,284.791086
504,6640.441128,0.000000,42.000000,257.201950,0.000000,276.768802
505,6640.441128,0.000000,42.000000,257.703343,0.000000,268.746518
506,6640.441128,0.000000,42.000000,258.204735,0.000000,260.724234
507,6640.441128,0.000000,42.000000,258.706128,0.000000,252.701950
508,6640.441128,0.000000,42.000000,259.207521,0.000000,244.679666
509,6640.441128,0.000000,42.000000,259.708914,0.000000,236.657382
510,6640.441128,0.000000,42.000000,260.210306,0.000000,228.635097
511,6640.441128,0.000000,42.000000,260.711699,0.000000,220.612813
512,6640.441128,0.000000,42.000000,261.213092,0.000000,212.590529
513,6640.441128,0.000000,42.000000,261.714485,0.000000,204.568245
515,6640.441128,0.000000,42.000000,262.717270,0.000000,188.523677
516,6640.441128,0.000000,42.000000,263.218663,0.000000,180.501393
518,6640.441128,0.000000,42.000000,264.221448,0.000000,164.456825
519,6640.441128,0.000000,42.000000,264.722841,0.000000,156.434540
520,6640.441128,0.000000,42.000000,265.224234,0.000000,148.412256
521,6640.441128,0.000000,42.000000,265.725627,0.000000,140.389972
524,6640.441128,0.000000,42.000000,267.229805,0.000000,116.323120
525,6640.441128,0.000000,42.000000,267.731198,0.000000,108.300836
526,6640.441128,0.000000,42.000000,268.232591,0.000000,100.278552
527,6640.441128,0.000000,42.000000,268.733983,0.000000,92.256267
528,6640.441128,0.000000,42.000000,269.235376,0.000000,84.233983
529,6640.441128,0.000000,42.000000,269.736769,0.000000,76.211699
530,6640.441128,0.000000,42.000000,270.238162,0.000000,68.189415
531,6640.441128,0.000000,42.000000,270.739554,0.000000,60.167131
532,6640.441128,0.000000,42.000000,271.240947,0.000000,52.144847
533,6640.441128,0.000000,42.000000,271.742340,0.000000,44.122563
534,6640.441128,0.000000,42.000000,272.243733,0.000000,36.100279
535,6640.441128,0.000000,42.000000,272.745125,0.000000,28.077994
536,6640.441128,0.000000,42.000000,273.246518,0.000000,20.055710
537,6640.441128,0.000000,42.000000,273.747911,0.000000,12.033426
538,6640.441128,0.000000,42.000000,274.249304,0.000000,4.011142
539,6640.441128,0.000000,42.000000,274.750696,0.000000,355.988858
540,6640.441128,0.000000,42.000000,275.252089,0.000000,347.966574
541,6640.441128,0.000000,42.000000,275.753482,0.000000,339.944290
542,6640.441128,0.000000,42.000000,276.254875,0.000000,331.922006
544,6640.441128,0.000000,42.000000,277.257660,0.000000,315.877437
545,6640.441128,0.000000,42.000000,277.759053,0.000000,307.855153
546,6640.441128,0.000000,42.000000,278.260446,0.000000,299.832869
547,6640.441128,0.000000,42.000000,278.761838,0.000000,291.810585
548,6640.441128,0.000000,42.000000,279.263231,0.000000,283.788301
549,6640.441128,0.000000,42.000000,279.764624,0.000000,275.766017
550,6640.441128,0.000000,42.000000,280.266017,0.000000,267.743733
551,6640.441128,0.000000,42.000000,280.767409,0.000000,259.721448
552,6640.441128,0.000000,42.000000,281.268802,0.000000,251.699164
553,6640.441128,0.000000,42.000000,281.770195,0.000000,243.676880
554,6640.441128,0.000000,42.000000,282.271588,0.000000,235.654596
555,6640.441128,0.000000,42.000000,282.772981,0.000000,227.632312
556,6640.441128,0.000000,42.000000,283.274373,0.000000,219.610028
557,6640.441128,0.000000,42.000000,283.775766,0.000000,211.587744
558,6640.441128,0.000000,42.000000,284.277159,0.000000,203.565460
559,6640.441128,0.000000,42.000000,284.778552,0.000000,195.543175
560,6640.441128,0.000000,42.000000,285.279944,0.000000,187.520891
561,6640.441128,0.000000,42.000000,285.781337,0.000000,179.498607
562,6640.441128,0.000000,42.000000,286.282730,0.000000,171.476323
563,6640.441128,0.000000,42.000000,286.784123,0.000000,163.454039
564,6640.441128,0.000000,42.000000,287.285515,0.000000,155.431755
565,6640.441128,0.000000,42.000000,287.786908,0.000000,147.409471
566,6640.441128,0.000000,42.000000,288.288301,0.000000,139.387187
567,6640.441128,0.000000,42.000000,288.789694,0.000000,131.364903
568,6640.441128,0.000000,42.000000,289.291086,0.000000,123.342618
569,6640.441128,0.000000,42.000000,289.792479,0.000000,115.320334
570,6640.441128,0.000000,42.000000,290.293872,0.000000,107.298050
572,6640.441128,0.000000,42.000000,291.296657,0.000000,91.253482
573,6640.441128,0.000000,42.000000,291.798050,0.000000,83.231198
575,6640.441128,0.000000,42.000000,292.800836,0.000000,67.186630
577,6640.441128,0.000000,42.000000,293.803621,0.000000,51.142061
578,6640.441128,0.000000,42.000000,294.305014,0.000000,43.119777
579,6640.441128,0.000000,42.000000,294.806407,0.000000,35.097493
580,6640.441128,0.000000,42.000000,295.307799,0.000000,27.075209
581,6640.441128,0.000000,42.000000,295.809192,0.000000,19.052925
582,6640.441128,0.000000,42.000000,296.310585,0.000000,11.030641
583,6640.441128,0.000000,42.000000,296.811978,0.000000,3.008357
585,6640.441128,0.000000,42.000000,297.814763,0.000000,346.963788
586,6640.441128,0.000000,42.000000,298.316156,0.000000,338.941504
587,6640.441128,0.000000,42.000000,298.817549,0.000000,330.919220
588,6640.441128,0.000000,42.000000,299.318942,0.000000,322.896936
589,6640.441128,0.000000,42.000000,299.820334,0.000000,314.874652
590,6640.441128,0.000000,42.000000,300.321727,0.000000,306.852368
592,6640.441128,0.000000,42.000000,301.324513,0.000000,290.807799
593,6640.441128,0.000000,42.000000,301.825905,0.000000,282.785515
594,6640.441128,0.000000,42.000000,302.327298,0.000000,274.763231
595,6640.441128,0.000000,42.000000,302.828691,0.000000,266.740947
596,6640.441128,0.000000,42.000000,303.330084,0.000000,258.718663
597,6640.441128,0.000000,42.000000,303.831476,0.000000,250.696379
598,6640.441128,0.000000,42.000000,304.332869,0.000000,242.674095
599,6640.441128,0.000000,42.000000,304.834262,0.000000,234.651811
600,6640.441128,0.000000,42.000000,305.335655,0.000000,226.629526
601,6640.441128,0.000000,42.000000,305.837047,0.000000,218.607242
602,6640.441128,0.000000,42.000000,306.338440,0.000000,210.584958
603,6640.441128,0.000000,42.000000,306.839833,0.000000,202.562674
604,6640.441128,0.000000,42.000000,307.341226,0.000000,194.540390
605,6640.441128,0.000000,42.000000,307.842618,0.000000,186.518106
606,6640.441128,0.000000,42.000000,308.344011,0.000000,178.495822
607,6640.441128,0.000000,42.000000,308.845404,0.000000,170.473538
608,6640.441128,0.000000,42.000000,309.346797,0.000000,162.451253
610,6640.441128,0.000000,42.000000,310.349582,0.000000,146.406685
612,6640.441128,0.000000,42.000000,311.352368,0.000000,130.362117
613,6640.441128,0.000000,42.000000,311.853760,0.000000,122.339833
614,6640.441128,0.000000,42.000000,312.355153,0.000000,114.317549
617,6640.441128,0.000000,42.000000,313.859331,0.000000,90.250696
619,6640.441128,0.000000,42.000000,314.862117,0.000000,74.206128
620,6640.441128,0.000000,42.000000,315.363510,0.000000,66.183844
621,6640.441128,0.000000,42.000000,315.864903,0.000000,58.161560
622,6640.441128,0.000000,42.000000,316.366295,0.000000,50.139276
623,6640.441128,0.000000,42.000000,316.867688,0.000000,42.116992
624,6640.441128,0.000000,42.000000,317.369081,0.000000,34.094708
625,6640.441128,0.000000,42.000000,317.870474,0.000000,26.072423
626,6640.441128,0.000000,42.000000,318.371866,0.000000,18.050139
627,6640.441128,0.000000,42.000000,318.873259,0.000000,10.027855
628,6640.441128,0.000000,42.000000,319.374652,0.000000,2.005571
629,6640.441128,0.000000,42.000000,319.876045,0.000000,353.983287
630,6640.441128,0.000000,42.000000,320.377437,0.000000,345.961003
631,6640.441128,0.000000,42.000000,320.878830,0.000000,337.938719
632,6640.441128,0.000000,42.000000,321.380223,0.000000,329.916435
633,6640.441128,0.000000,42.000000,321.881616,0.000000,321.894150
635,6640.441128,0.000000,42.000000,322.884401,0.000000,305.849582
637,6640.441128,0.000000,42.000000,323.887187,0.000000,289.805014
640,6640.441128,0.000000,42.000000,325.391365,0.000000,265.738162
641,6640.441128,0.000000,42.000000,325.892758,0.000000,257.715877
643,6640.441128,0.000000,42.000000,326.895543,0.000000,241.671309
644,6640.441128,0.000000,42.000000,327.396936,0.000000,233.649025
645,6640.441128,0.000000,42.000000,327.898329,0.000000,225.626741
646,6640.441128,0.000000,42.000000,328.399721,0.000000,217.604457
647,6640.441128,0.000000,42.000000,328.901114,0.000000,209.582173
648,6640.441128,0.000000,42.000000,329.402507,0.000000,201.559889
649,6640.441128,0.000000,42.000000,329.903900,0.000000,193.537604
650,6640.441128,0.000000,42.000000,330.405292,0.000000,185.515320
651,6640.441128,0.000000,42.000000,330.906685,0.000000,177.493036
652,6640.441128,0.000000,42.000000,331.408078,0.000000,169.470752
653,6640.441128,0.000000,42.000000,331.909471,0.000000,161.448468
655,6640.441128,0.000000,42.000000,332.912256,0.000000,145.403900
656,6640.441128,0.000000,42.000000,333.413649,0.000000,137.381616
657,6640.441128,0.000000,42.000000,333.915042,0.000000,129.359331
659,6640.441128,0.000000,42.000000,334.917827,0.000000,113.314763
660,6640.441128,0.000000,42.000000,335.419220,0.000000,105.292479
661,6640.441128,0.000000,42.000000,335.920613,0.000000,97.270195
663,6640.441128,0.000000,42.000000,336.923398,0.000000,81.225627
664,6640.441128,0.000000,42.000000,337.424791,0.000000,73.203343
666,6640.441128,0.000000,42.000000,338.427577,0.000000,57.158774
668,6640.441128,0.000000,42.000000,339.430362,0.000000,41.114206
669,6640.441128,0.000000,42.000000,339.931755,0.000000,33.091922
670,6640.441128,0.000000,42.000000,340.433148,0.000000,25.069638
671,6640.441128,0.000000,42.000000,340.934540,0.000000,17.047354
672,6640.441128,0.000000,42.000000,341.435933,0.000000,9.025070
673,6640.441128,0.000000,42.000000,341.937326,0.000000,1.002786
674,6640.441128,0.000000,42.000000,342.438719,0.000000,352.980501
675,6640.441128,0.000000,42.000000,342.940111,0.000000,344.958217
676,6640.441128,0.000000,42.000000,343.441504,0.000000,336.935933
677,6640.441128,0.000000,42.000000,343.942897,0.000000,328.913649
678,6640.441128,0.000000,42.000000,344.444290,0.000000,320.891365
679,6640.441128,0.000000,42.000000,344.945682,0.000000,312.869081
680,6640.441128,0.000000,42.000000,345.447075,0.000000,304.846797
681,6640.441128,0.000000,42.000000,345.948468,0.000000,296.824513
682,6640.441128,0.000000,42.000000,346.449861,0.000000,288.802228
683,6640.441128,0.000000,42.000000,346.951253,0.000000,280.779944
684,6640.441128,0.000000,42.000000,347.452646,0.000000,272.757660
686,6640.441128,0.000000,42.000000,348.455432,0.000000,256.713092
689,6640.441128,0.000000,42.000000,349.959610,0.000000,232.646240
690,6640.441128,0.000000,42.000000,350.461003,0.000000,224.623955
691,6640.441128,0.000000,42.000000,350.962396,0.000000,216.601671
692,6640.441128,0.000000,42.000000,351.463788,0.000000,208.579387
695,6640.441128,0.000000,42.000000,352.967967,0.000000,184.512535
696,6640.441128,0.000000,42.000000,353.469359,0.000000,176.490251
697,6640.441128,0.000000,42.000000,353.970752,0.000000,168.467967
699,6640.441128,0.000000,42.000000,354.973538,0.000000,152.423398
700,6640.441128,0.000000,42.000000,355.474930,0.000000,144.401114
701,6640.441128,0.000000,42.000000,355.976323,0.000000,136.378830
702,6640.441128,0.000000,42.000000,356.477716,0.000000,128.356546
703,6640.441128,0.000000,42.000000,356.979109,0.000000,120.334262
704,6640.441128,0.000000,42.000000,357.480501,0.000000,112.311978
705,6640.441128,0.000000,42.000000,357.981894,0.000000,104.289694
706,6640.441128,0.000000,42.000000,358.483287,0.000000,96.267409
707,6640.441128,0.000000,42.000000,358.984680,0.000000,88.245125
708,6640.441128,0.000000,42.000000,359.486072,0.000000,80.222841
709,6640.441128,0.000000,42.000000,359.987465,0.000000,72.200557
711,6640.441128,0.000000,42.000000,0.990251,0.000000,56.155989
712,6640.441128,0.000000,42.000000,1.491643,0.000000,48.133705
714,6640.441128,0.000000,42.000000,2.494429,0.000000,32.089136
715,6640.441128,0.000000,42.000000,2.995822,0.000000,24.066852
716,6640.441128,0.000000,42.000000,3.497214,0.000000,16.044568
717,6640.441128,0.000000,42.000000,3.998607,0.000000,8.022284
718,6640.441128,0.000000,43.000000,0.000000,0.000000,0.000000
721,6640.441128,0.000000,43.000000,1.504178,0.000000,335.933148
724,6640.441128,0.000000,43.000000,3.008357,0.000000,311.866295
725,6640.441128,0.000000,43.000000,3.509749,0.000000,303.844011
726,6640.441128,0.000000,43.000000,4.011142,0.000000,295.821727
727,6640.441128,0.000000,43.000000,4.512535,0.000000,287.799443
728,6640.441128,0.000000,43.000000,5.013928,0.000000,279.777159
729,6640.441128,0.000000,43.000000,5.515320,0.000000,271.754875
731,6640.441128,0.000000,43.000000,6.518106,0.000000,255.710306
732,6640.441128,0.000000,43.000000,7.019499,0.000000,247.688022
734,6640.441128,0.000000,43.000000,8.022284,0.000000,231.643454
735,6640.441128,0.000000,43.000000,8.523677,0.000000,223.621170
736,6640.441128,0.000000,43.000000,9.025070,0.000000,215.598886
737,6640.441128,0.000000,43.000000,9.526462,0.000000,207.576602
738,6640.441128,0.000000,43.000000,10.027855,0.000000,199.554318
739,6640.441128,0.000000,43.000000,10.529248,0.000000,191.532033
740,6640.441128,0.000000,43.000000,11.030641,0.000000,183.509749
742,6640.441128,0.000000,43.000000,12.033426,0.000000,167.465181
744,6640.441128,0.000000,43.000000,13.036212,0.000000,151.420613
745,6640.441128,0.000000,43.000000,13.537604,0.000000,143.398329
746,6640.441128,0.000000,43.000000,14.038997,0.000000,135.376045
747,6640.441128,0.000000,43.000000,14.540390,0.000000,127.353760
748,6640.441128,0.000000,43.000000,15.041783,0.000000,119.331476
749,6640.441128,0.000000,43.000000,15.543175,0.000000,111.309192
750,6640.441128,0.000000,43.000000,16.044568,0.000000,103.286908
751,6640.441128,0.000000,43.000000,16.545961,0.000000,95.264624
752,6640.441128,0.000000,43.000000,17.047354,0.000000,87.242340
753,6640.441128,0.000000,43.000000,17.548747,0.000000,79.220056
754,6640.441128,0.000000,43.000000,18.050139,0.000000,71.197772
755,6640.441128,0.000000,43.000000,18.551532,0.000000,63.175487
756,6640.441128,0.000000,43.000000,19.052925,0.000000,55.153203
757,6640.441128,0.000000,43.000000,19.554318,0.000000,47.130919
758,6640.441128,0.000000,43.000000,20.055710,0.000000,39.108635
759,6640.441128,0.000000,43.000000,20.557103,0.000000,31.086351
760,6640.441128,0.000000,43.000000,21.058496,0.000000,23.064067
763,6640.441128,0.000000,43.000000,22.562674,0.000000,358.997214
764,6640.441128,0.000000,43.000000,23.064067,0.000000,350.974930
765,6640.441128,0.000000,43.000000,23.565460,0.000000,342.952646
767,6640.441128,0.000000,43.000000,24.568245,0.000000,326.908078
768,6640.441128,0.000000,43.000000,25.069638,0.000000,318.885794
769,6640.441128,0.000000,43.000000,25.571031,0.000000,310.863510
770,6640.441128,0.000000,43.000000,26.072423,0.000000,302.841226
771,6640.441128,0.000000,43.000000,26.573816,0.000000,294.818942
772,6640.441128,0.000000,43.000000,27.075209,0.000000,286.796657
773,6640.441128,0.000000,43.000000,27.576602,0.000000,278.774373
774,6640.441128,0.000000,43.000000,28.077994,0.000000,270.752089
775,6640.441128,0.000000,43.000000,28.579387,0.000000,262.729805
776,6640.441128,0.000000,43.000000,29.080780,0.000000,254.707521
777,6640.441128,0.000000,43.000000,29.582173,0.000000,246.685237
778,6640.441128,0.000000,43.000000,30.083565,0.000000,238.662953
779,6640.441128,0.000000,43.000000,30.584958,0.000000,230.640669
780,6640.441128,0.000000,43.000000,31.086351,0.000000,222.618384
781,6640.441128,0.000000,43.000000,31.587744,0.000000,214.596100
782,6640.441128,0.000000,43.000000,32.089136,0.000000,206.573816
783,6640.441128,0.000000,43.000000,32.590529,0.000000,198.551532
784,6640.441128,0.000000,43.000000,33.091922,0.000000,190.529248
785,6640.441128,0.000000,43.000000,33.593315,0.000000,182.506964
786,6640.441128,0.000000,43.000000,34.094708,0.000000,174.484680
787,6640.441128,0.000000,43.000000,34.596100,0.000000,166.462396
788,6640.441128,0.000000,43.000000,35.097493,0.000000,158.440111
789,6640.441128,0.000000,43.000000,35.598886,0.000000,150.417827
791,6640.441128,0.000000,43.000000,36.601671,0.000000,134.373259
792,6640.441128,0.000000,43.000000,37.103064,0.000000,126.350975
793,6640.441128,0.000000,43.000000,37.604457,0.000000,118.328691
795,6640.441128,0.000000,43.000000,38.607242,0.000000,102.284123
796,6640.441128,0.000000,43.000000,39.108635,0.000000,94.261838
797,6640.441128,0.000000,43.000000,39.610028,0.000000,86.239554
798,6640.441128,0.000000,43.000000,40.111421,0.000000,78.217270
799,6640.441128,0.000000,43.000000,40.612813,0.000000,70.194986
800,6640.441128,0.000000,43.000000,41.114206,0.000000,62.172702
801,6640.441128,0.000000,43.000000,41.615599,0.000000,54.150418
802,6640.441128,0.000000,43.000000,42.116992,0.000000,46.128134
803,6640.441128,0.000000,43.000000,42.618384,0.000000,38.105850
805,6640.441128,0.000000,43.000000,43.621170,0.000000,22.061281
806,6640.441128,0.000000,43.000000,44.122563,0.000000,14.038997
807,6640.441128,0.000000,43.000000,44.623955,0.000000,6.016713
808,6640.441128,0.000000,43.000000,45.125348,0.000000,357.994429
809,6640.441128,0.000000,43.000000,45.626741,0.000000,349.972145
810,6640.441128,0.000000,43.000000,46.128134,0.000000,341.949861
811,6640.441128,0.000000,43.000000,46.629526,0.000000,333.927577
813,6640.441128,0.000000,43.000000,47.632312,0.000000,317.883008
816,6640.441128,0.000000,43.000000,49.136490,0.000000,293.816156
818,6640.441128,0.000000,43.000000,50.139276,0.000000,277.771588
819,6640.441128,0.000000,43.000000,50.640669,0.000000,269.749304
821,6640.441128,0.000000,43.000000,51.643454,0.000000,253.704735
822,6640.441128,0.000000,43.000000,52.144847,0.000000,245.682451
824,6640.441128,0.000000,43.000000,53.147632,0.000000,229.637883
825,6640.441128,0.000000,43.000000,53.649025,0.000000,221.615599
826,6640.441128,0.000000,43.000000,54.150418,0.000000,213.593315
828,6640.441128,0.000000,43.000000,55.153203,0.000000,197.548747
829,6640.441128,0.000000,43.000000,55.654596,0.000000,189.526462
830,6640.441128,0.000000,43.000000,56.155989,0.000000,181.504178
831,6640.441128,0.000000,43.000000,56.657382,0.000000,173.481894
832,6640.441128,0.000000,43.000000,57.158774,0.000000,165.459610
833,6640.441128,0.000000,43.000000,57.660167,0.000000,157.437326
834,6640.441128,0.000000,43.000000,58.161560,0.000000,149.415042
835,6640.441128,0.000000,43.000000,58.662953,0.000000,141.392758
836,6640.441128,0.000000,43.000000,59.164345,0.000000,133.370474
837,6640.441128,0.000000,43.000000,59.665738,0.000000,125.348189
838,6640.441128,0.000000,43.000000,60.167131,0.000000,117.325905
839,6640.441128,0.000000,43.000000,60.668524,0.000000,109.303621
840,6640.441128,0.000000,43.000000,61.169916,0.000000,101.281337
841,6640.441128,0.000000,43.000000,61.671309,0.000000,93.259053
842,6640.441128,0.000000,43.000000,62.172702,0.000000,85.236769
843,6640.441128,0.000000,43.000000,62.674095,0.000000,77.214485
844,6640.441128,0.000000,43.000000,63.175487,0.000000,69.192201
847,6640.441128,0.000000,43.000000,64.679666,0.000000,45.125348
848,6640.441128,0.000000,43.000000,65.181058,0.000000,37.103064
849,6640.441128,0.000000,43.000000,65.682451,0.000000,29.080780
850,6640.441128,0.000000,43.000000,66.183844,0.000000,21.058496
851,6640.441128,0.000000,43.000000,66.685237,0.000000,13.036212
852,6640.441128,0.000000,43.000000,67.186630,0.000000,5.013928
853,6640.441128,0.000000,43.000000,67.688022,0.000000,356.991643
854,6640.441128,0.000000,43.000000,68.189415,0.000000,348.969359
856,6640.441128,0.000000,43.000000,69.192201,0.000000,332.924791
857,6640.441128,0.000000,43.000000,69.693593,0.000000,324.902507
858,6640.441128,0.000000,43.000000,70.194986,0.000000,316.880223
859,6640.441128,0.000000,43.000000,70.696379,0.000000,308.857939
860,6640.441128,0.000000,43.000000,71.197772,0.000000,300.835655
861,6640.441128,0.000000,43.000000,71.699164,0.000000,292.813370
864,6640.441128,0.000000,43.000000,73.203343,0.000000,268.746518
866,6640.441128,0.000000,43.000000,74.206128,0.000000,252.701950
867,6640.441128,0.000000,43.000000,74.707521,0.000000,244.679666
869,6640.441128,0.000000,43.000000,75.710306,0.000000,228.635097
870,6640.441128,0.000000,43.000000,76.211699,0.000000,220.612813
871,6640.441128,0.000000,43.000000,76.713092,0.000000,212.590529
872,6640.441128,0.000000,43.000000,77.214485,0.000000,204.568245
873,6640.441128,0.000000,43.000000,77.715877,0.000000,196.545961
875,6640.441128,0.000000,43.000000,78.718663,0.000000,180.501393
877,6640.441128,0.000000,43.000000,79.721448,0.000000,164.456825
878,6640.441128,0.000000,43.000000,80.222841,0.000000,156.434540
880,6640.441128,0.000000,43.000000,81.225627,0.000000,140.389972
881,6640.441128,0.000000,43.000000,81.727019,0.000000,132.367688
882,6640.441128,0.000000,43.000000,82.228412,0.000000,124.345404
883,6640.441128,0.000000,43.000000,82.729805,0.000000,116.323120
884,6640.441128,0.000000,43.000000,83.231198,0.000000,108.300836
886,6640.441128,0.000000,43.000000,84.233983,0.000000,92.256267
887,6640.441128,0.000000,43.000000,84.735376,0.000000,84.233983
889,6640.441128,0.000000,43.000000,85.738162,0.000000,68.189415
890,6640.441128,0.000000,43.000000,86.239554,0.000000,60.167131
891,6640.441128,0.000000,43.000000,86.740947,0.000000,52.144847
892,6640.441128,0.000000,43.000000,87.242340,0.000000,44.122563
893,6640.441128,0.000000,43.000000,87.743733,0.000000,36.100279
894,6640.441128,0.000000,43.000000,88.245125,0.000000,28.077994
895,6640.441128,0.000000,43.000000,88.746518,0.000000,20.055710
896,6640.441128,0.000000,43.000000,89.247911,0.000000,12.033426
897,6640.441128,0.000000,43.000000,89.749304,0.000000,4.011142
898,6640.441128,0.000000,43.000000,90.250696,0.000000,355.988858
899,6640.441128,0.000000,43.000000,90.752089,0.000000,347.966574
900,6640.441128,0.000000,43.000000,91.253482,0.000000,339.944290
901,6640.441128,0.000000,43.000000,91.754875,0.000000,331.922006
902,6640.441128,0.000000,43.000000,92.256267,0.000000,323.899721
903,6640.441128,0.000000,43.000000,92.757660,0.000000,315.877437
904,6640.441128,0.000000,43.000000,93.259053,0.000000,307.855153
905,6640.441128,0.000000,43.000000,93.760446,0.000000,299.832869
906,6640.441128,0.000000,43.000000,94.261838,0.000000,291.810585
908,6640.441128,0.000000,43.000000,95.264624,0.000000,275.766017
909,6640.441128,0.000000,43.000000,95.766017,0.000000,267.743733
911,6640.441128,0.000000,43.000000,96.768802,0.000000,251.699164
912,6640.441128,0.000000,43.000000,97.270195,0.000000,243.676880
913,6640.441128,0.000000,43.000000,97.771588,0.000000,235.654596
916,6640.441128,0.000000,43.000000,99.275766,0.000000,211.587744
917,6640.441128,0.000000,43.000000,99.777159,0.000000,203.565460
919,6640.441128,0.000000,43.000000,100.779944,0.000000,187.520891
920,6640.441128,0.000000,43.000000,101.281337,0.000000,179.498607
922,6640.441128,0.000000,43.000000,102.284123,0.000000,163.454039
923,6640.441128,0.000000,43.000000,102.785515,0.000000,155.431755
924,6640.441128,0.000000,43.000000,103.286908,0.000000,147.409471
925,6640.441128,0.000000,43.000000,103.788301,0.000000,139.387187
926,6640.441128,0.000000,43.000000,104.289694,0.000000,131.364903
927,6640.441128,0.000000,43.000000,104.791086,0.000000,123.342618
928,6640.441128,0.000000,43.000000,105.292479,0.000000,115.320334
929,6640.441128,0.000000,43.000000,105.793872,0.000000,107.298050
930,6640.441128,0.000000,43.000000,106.295265,0.000000,99.275766
931,6640.441128,0.000000,43.000000,106.796657,0.000000,91.253482
932,6640.441128,0.000000,43.000000,107.298050,0.000000,83.231198
933,6640.441128,0.000000,43.000000,107.799443,0.000000,75.208914
935,6640.441128,0.000000,43.000000,108.802228,0.000000,59.164345
936,6640.441128,0.000000,43.000000,109.303621,0.000000,51.142061
937,6640.441128,0.000000,43.000000,109.805014,0.000000,43.119777
938,6640.441128,0.000000,43.000000,110.306407,0.000000,35.097493
939,6640.441128,0.000000,43.000000,110.807799,0.000000,27.075209
940,6640.441128,0.000000,43.000000,111.309192,0.000000,19.052925
941,6640.441128,0.000000,43.000000,111.810585,0.000000,11.030641
942,6640.441128,0.000000,43.000000,112.311978,0.000000,3.008357
943,6640.441128,0.000000,43.000000,112.813370,0.000000,354.986072
944,6640.441128,0.000000,43.000000,113.314763,0.000000,346.963788
945,6640.441128,0.000000,43.000000,113.816156,0.000000,338.941504
946,6640.441128,0.000000,43.000000,114.317549,0.000000,330.919220
948,6640.441128,0.000000,43.000000,115.320334,0.000000,314.874652
949,6640.441128,0.000000,43.000000,115.821727,0.000000,306.852368
950,6640.441128,0.000000,43.000000,116.323120,0.000000,298.830084
951,6640.441128,0.000000,43.000000,116.824513,0.000000,290.807799
952,6640.441128,0.000000,43.000000,117.325905,0.000000,282.785515
953,6640.441128,0.000000,43.000000,117.827298,0.000000,274.763231
955,6640.441128,0.000000,43.000000,118.830084,0.000000,258.718663
957,6640.441128,0.000000,43.000000,119.832869,0.000000,242.674095
958,6640.441128,0.000000,43.000000,120.334262,0.000000,234.651811
960,6640.441128,0.000000,43.000000,121.337047,0.000000,218.607242
961,6640.441128,0.000000,43.000000,121.838440,0.000000,210.584958
963,6640.441128,0.000000,43.000000,122.841226,0.000000,194.540390
964,6640.441128,0.000000,43.000000,123.342618,0.000000,186.518106
965,6640.441128,0.000000,43.000000,123.844011,0.000000,178.495822
966,6640.441128,0.000000,43.000000,124.345404,0.000000,170.473538
967,6640.441128,0.000000,43.000000,124.846797,0.000000,162.451253
968,6640.441128,0.000000,43.000000,125.348189,0.000000,154.428969
969,6640.441128,0.000000,43.000000,125.849582,0.000000,146.406685
970,6640.441128,0.000000,43.000000,126.350975,0.000000,138.384401
971,6640.441128,0.000000,43.000000,126.852368,0.000000,130.362117
972,6640.441128,0.000000,43.000000,127.353760,0.000000,122.339833
973,6640.441128,0.000000,43.000000,127.855153,0.000000,114.317549
974,6640.441128,0.000000,43.000000,128.356546,0.000000,106.295265
975,6640.441128,0.000000,43.000000,128.857939,0.000000,98.272981
976,6640.441128,0.000000,43.000000,129.359331,0.000000,90.250696
977,6640.441128,0.000000,43.000000,129.860724,0.000000,82.228412
978,6640.441128,0.000000,43.000000,130.362117,0.000000,74.206128
980,6640.441128,0.000000,43.000000,131.364903,0.000000,58.161560
981,6640.441128,0.000000,43.000000,131.866295,0.000000,50.139276
982,6640.441128,0.000000,43.000000,132.367688,0.000000,42.116992
984,6640.441128,0.000000,43.000000,133.370474,0.000000,26.072423
985,6640.441128,0.000000,43.000000,133.871866,0.000000,18.050139
986,6640.441128,0.000000,43.000000,134.373259,0.000000,10.027855
987,6640.441128,0.000000,43.000000,134.874652,0.000000,2.005571
988,6640.441128,0.000000,43.000000,135.376045,0.000000,353.983287
990,6640.441128,0.000000,43.000000,136.378830,0.000000,337.938719
991,6640.441128,0.000000,43.000000,136.880223,0.000000,329.916435
992,6640.441128,0.000000,43.000000,137.381616,0.000000,321.894150
993,6640.441128,0.000000,43.000000,137.883008,0.000000,313.871866
995,6640.441128,0.000000,43.000000,138.885794,0.000000,297.827298
996,6640.441128,0.000000,43.000000,139.387187,0.000000,289.805014
998,6640.441128,0.000000,43.000000,140.389972,0.000000,273.760446
999,6640.441128,0.000000,43.000000,140.891365,0.000000,265.738162
1000,6640.441128,0.000000,43.000000,141.392758,0.000000,257.715877
1001,6640.441128,0.000000,43.000000,141.894150,0.000000,249.693593
1003,6640.441128,0.000000,43.000000,142.896936,0.000000,233.649025
1005,6640.441128,0.000000,43.000000,143.899721,0.000000,217.604457
1006,6640.441128,0.000000,43.000000,144.401114,0.000000,209.582173
1007,6640.441128,0.000000,43.000000,144.902507,0.000000,201.559889
1008,6640.441128,0.000000,43.000000,145.403900,0.000000,193.537604
1009,6640.441128,0.000000,43.000000,145.905292,0.000000,185.515320
1010,6640.441128,0.000000,43.000000,146.406685,0.000000,177.493036
1011,6640.441128,0.000000,43.000000,146.908078,0.000000,169.470752
1012,6640.441128,0.000000,43.000000,147.409471,0.000000,161.448468
1013,6640.441128,0.000000,43.000000,147.910864,0.000000,153.426184
1014,6640.441128,0.000000,43.000000,148.412256,0.000000,145.403900
1015,6640.441128,0.000000,43.000000,148.913649,0.000000,137.381616
1016,6640.441128,0.000000,43.000000,149.415042,0.000000,129.359331
1017,6640.441128,0.000000,43.000000,149.916435,0.000000,121.337047
1018,6640.441128,0.000000,43.000000,150.417827,0.000000,113.314763
1019,6640.441128,0.000000,43.000000,150.919220,0.000000,105.292479
1021,6640.441128,0.000000,43.000000,151.922006,0.000000,89.247911
1022,6640.441128,0.000000,43.000000,152.423398,0.000000,81.225627
1023,6640.441128,0.000000,43.000000,152.924791,0.000000,73.203343
1025,6640.441128,0.000000,43.000000,153.927577,0.000000,57.158774
1027,6640.441128,0.000000,43.000000,154.930362,0.000000,41.114206
1028,6640.441128,0.000000,43.000000,155.431755,0.000000,33.091922
1029,6640.441128,0.000000,43.000000,155.933148,0.000000,25.069638
1031,6640.441128,0.000000,43.000000,156.935933,0.000000,9.025070
1032,6640.441128,0.000000,43.000000,157.437326,0.000000,1.002786
1033,6640.441128,0.000000,43.000000,157.938719,0.000000,352.980501
1034,6640.441128,0.000000,43.000000,158.440111,0.000000,344.958217
1035,6640.441128,0.000000,43.000000,158.941504,0.000000,336.935933
1036,6640.441128,0.000000,43.000000,159.442897,0.000000,328.913649
1037,6640.441128,0.000000,43.000000,159.944290,0.000000,320.891365
1038,6640.441128,0.000000,43.000000,160.445682,0.000000,312.869081
1039,6640.441128,0.000000,43.000000,160.947075,0.000000,304.846797
1040,6640.441128,0.000000,43.000000,161.448468,0.000000,296.824513
1041,6640.441128,0.000000,43.000000,161.949861,0.000000,288.802228
1042,6640.441128,0.000000,43.000000,162.451253,0.000000,280.779944
1043,6640.441128,0.000000,43.000000,162.952646,0.000000,272.757660
1045,6640.441128,0.000000,43.000000,163.955432,0.000000,256.713092
1046,6640.441128,0.000000,43.000000,164.456825,0.000000,248.690808
1047,6640.441128,0.000000,43.000000,164.958217,0.000000,240.668524
1048,6640.441128,0.000000,43.000000,165.459610,0.000000,232.646240
1049,6640.441128,0.000000,43.000000,165.961003,0.000000,224.623955
1051,6640.441128,0.000000,43.000000,166.963788,0.000000,208.579387
1052,6640.441128,0.000000,43.000000,167.465181,0.000000,200.557103
1055,6640.441128,0.000000,43.000000,168.969359,0.000000,176.490251
1056,6640.441128,0.000000,43.000000,169.470752,0.000000,168.467967
1057,6640.441128,0.000000,43.000000,169.972145,0.000000,160.445682
1059,6640.441128,0.000000,43.000000,170.974930,0.000000,144.401114
1060,6640.441128,0.000000,43.000000,171.476323,0.000000,136.378830
1061,6640.441128,0.000000,43.000000,171.977716,0.000000,128.356546
1063,6640.441128,0.000000,43.000000,172.980501,0.000000,112.311978
1064,6640.441128,0.000000,43.000000,173.481894,0.000000,104.289694
1065,6640.441128,0.000000,43.000000,173.983287,0.000000,96.267409
1067,6640.441128,0.000000,43.000000,174.986072,0.000000,80.222841
1068,6640.441128,0.000000,43.000000,175.487465,0.000000,72.200557
1069,6640.441128,0.000000,43.000000,175.988858,0.000000,64.178273
1070,6640.441128,0.000000,43.000000,176.490251,0.000000,56.155989
1071,6640.441128,0.000000,43.000000,176.991643,0.000000,48.133705
1072,6640.441128,0.000000,43.000000,177.493036,0.000000,40.111421
1074,6640.441128,0.000000,43.000000,178.495822,0.000000,24.066852
1075,6640.441128,0.000000,43.000000,178.997214,0.000000,16.044568
1076,6640.441128,0.000000,43.000000,179.498607,0.000000,8.022284
1077,6640.441128,0.000000,43.000000,180.000000,0.000000,360.000000
1078,6640.441128,0.000000,43.000000,180.501393,0.000000,351.977716
1079,6640.441128,0.000000,43.000000,181.002786,0.000000,343.955432
1080,6640.441128,0.000000,43.000000,181.504178,0.000000,335.933148
1081,6640.441128,0.000000,43.000000,182.005571,0.000000,327.910864
1082,6640.441128,0.000000,43.000000,182.506964,0.000000,319.888579
1083,6640.441128,0.000000,43.000000,183.008357,0.000000,311.866295
1084,6640.441128,0.000000,43.000000,183.509749,0.000000,303.844011
1085,6640.441128,0.000000,43.000000,184.011142,0.000000,295.821727
1086,6640.441128,0.000000,43.000000,184.512535,0.000000,287.799443
1087,6640.441128,0.000000,43.000000,185.013928,0.000000,279.777159
1088,6640.441128,0.000000,43.000000,185.515320,0.000000,271.754875
1090,6640.441128,0.000000,43.000000,186.518106,0.000000,255.710306
1092,6640.441128,0.000000,43.000000,187.520891,0.000000,239.665738
1093,6640.441128,0.000000,43.000000,188.022284,0.000000,231.643454
1094,6640.441128,0.000000,43.000000,188.523677,0.000000,223.621170
1095,6640.441128,0.000000,43.000000,189.025070,0.000000,215.598886
1096,6640.441128,0.000000,43.000000,189.526462,0.000000,207.576602
1097,6640.441128,0.000000,43.000000,190.027855,0.000000,199.554318
1100,6640.441128,0.000000,43.000000,191.532033,0.000000,175.487465
1102,6640.441128,0.000000,43.000000,192.534819,0.000000,159.442897
1103,6640.441128,0.000000,43.000000,193.036212,0.000000,151.420613
1104,6640.441128,0.000000,43.000000,193.537604,0.000000,143.398329
1105,6640.441128,0.000000,43.000000,194.038997,0.000000,135.376045
1106,6640.441128,0.000000,43.000000,194.540390,0.000000,127.353760
1108,6640.441128,0.000000,43.000000,195.543175,0.000000,111.309192
1109,6640.441128,0.000000,43.000000,196.044568,0.000000,103.286908
1110,6640.441128,0.000000,43.000000,196.545961,0.000000,95.264624
1111,6640.441128,0.000000,43.000000,197.047354,0.000000,87.242340
1112,6640.441128,0.000000,43.000000,197.548747,0.000000,79.220056
1113,6640.441128,0.000000,43.000000,198.050139,0.000000,71.197772
1114,6640.441128,0.000000,43.000000,198.551532,0.000000,63.175487
1115,6640.441128,0.000000,43.000000,199.052925,0.000000,55.153203
1116,6640.441128,0.000000,43.000000,199.554318,0.000000,47.130919
1117,6640.441128,0.000000,43.000000,200.055710,0.000000,39.108635
1118,6640.441128,0.000000,43.000000,200.557103,0.000000,31.086351
1119,6640.441128,0.000000,43.000000,201.058496,0.000000,23.064067
1120,6640.441128,0.000000,43.000000,201.559889,0.000000,15.041783
1121,6640.441128,0.000000,43.000000,202.061281,0.000000,7.019499
1122,6640.441128,0.000000,43.000000,202.562674,0.000000,358.997214
1123,6640.441128,0.000000,43.000000,203.064067,0.000000,350.974930
1124,6640.441128,0.000000,43.000000,203.565460,0.000000,342.952646
1125,6640.441128,0.000000,43.000000,204.066852,0.000000,334.930362
1126,6640.441128,0.000000,43.000000,204.568245,0.000000,326.908078
1127,6640.441128,0.000000,43.000000,205.069638,0.000000,318.885794
1128,6640.441128,0.000000,43.000000,205.571031,0.000000,310.863510
1129,6640.441128,0.000000,43.000000,206.072423,0.000000,302.841226
1130,6640.441128,0.000000,43.000000,206.573816,0.000000,294.818942
1131,6640.441128,0.000000,43.000000,207.075209,0.000000,286.796657
1132,6640.441128,0.000000,43.000000,207.576602,0.000000,278.774373
1133,6640.441128,0.000000,43.000000,208.077994,0.000000,270.752089
1134,6640.441128,0.000000,43.000000,208.579387,0.000000,262.729805
1135,6640.441128,0.000000,43.000000,209.080780,0.000000,254.707521
1136,6640.441128,0.000000,43.000000,209.582173,0.000000,246.685237
1137,6640.441128,0.000000,43.000000,210.083565,0.000000,238.662953
1138,6640.441128,0.000000,43.000000,210.584958,0.000000,230.640669
1139,6640.441128,0.000000,43.000000,211.086351,0.000000,222.618384
1140,6640.441128,0.000000,43.000000,211.587744,0.000000,214.596100
1141,6640.441128,0.000000,43.000000,212.089136,0.000000,206.573816
1142,6640.441128,0.000000,43.000000,212.590529,0.000000,198.551532
1143,6640.441128,0.000000,43.000000,213.091922,0.000000,190.529248
1145,6640.441128,0.000000,43.000000,214.094708,0.000000,174.484680
1147,6640.441128,0.000000,43.000000,215.097493,0.000000,158.440111
1148,6640.441128,0.000000,43.000000,215.598886,0.000000,150.417827
1149,6640.441128,0.000000,43.000000,216.100279,0.000000,142.395543
1151,6640.441128,0.000000,43.000000,217.103064,0.000000,126.350975
1152,6640.441128,0.000000,43.000000,217.604457,0.000000,118.328691
1153,6640.441128,0.000000,43.000000,218.105850,0.000000,110.306407
1154,6640.441128,0.000000,43.000000,218.607242,0.000000,102.284123
1156,6640.441128,0.000000,43.000000,219.610028,0.000000,86.239554
1157,6640.441128,0.000000,43.000000,220.111421,0.000000,78.217270
1158,6640.441128,0.000000,43.000000,220.612813,0.000000,70.194986
1159,6640.441128,0.000000,43.000000,221.114206,0.000000,62.172702
1160,6640.441128,0.000000,43.000000,221.615599,0.000000,54.150418
1161,6640.441128,0.000000,43.000000,222.116992,0.000000,46.128134
1162,6640.441128,0.000000,43.000000,222.618384,0.000000,38.105850
1163,6640.441128,0.000000,43.000000,223.119777,0.000000,30.083565
1164,6640.441128,0.000000,43.000000,223.621170,0.000000,22.061281
1166,6640.441128,0.000000,43.000000,224.623955,0.000000,6.016713
1167,6640.441128,0.000000,43.000000,225.125348,0.000000,357.994429
1168,6640.441128,0.000000,43.000000,225.626741,0.000000,349.972145
1169,6640.441128,0.000000,43.000000,226.128134,0.000000,341.949861
1170,6640.441128,0.000000,43.000000,226.629526,0.000000,333.927577
1171,6640.441128,0.000000,43.000000,227.130919,0.000000,325.905292
1172,6640.441128,0.000000,43.000000,227.632312,0.000000,317.883008
1174,6640.441128,0.000000,43.000000,228.635097,0.000000,301.838440
1175,6640.441128,0.000000,43.000000,229.136490,0.000000,293.816156
1176,6640.441128,0.000000,43.000000,229.637883,0.000000,285.793872
1177,6640.441128,0.000000,43.000000,230.139276,0.000000,277.771588
1178,6640.441128,0.000000,43.000000,230.640669,0.000000,269.749304
1179,6640.441128,0.000000,43.000000,231.142061,0.000000,261.727019
1180,6640.441128,0.000000,43.000000,231.643454,0.000000,253.704735
1181,6640.441128,0.000000,43.000000,232.144847,0.000000,245.682451
1182,6640.441128,0.000000,43.000000,232.646240,0.000000,237.660167
1183,6640.441128,0.000000,43.000000,233.147632,0.000000,229.637883
1184,6640.441128,0.000000,43.000000,233.649025,0.000000,221.615599
1185,6640.441128,0.000000,43.000000,234.150418,0.000000,213.593315
1186,6640.441128,0.000000,43.000000,234.651811,0.000000,205.571031
1187,6640.441128,0.000000,43.000000,235.153203,0.000000,197.548747
1190,6640.441128,0.000000,43.000000,236.657382,0.000000,173.481894
1191,6640.441128,0.000000,43.000000,237.158774,0.000000,165.459610
1192,6640.441128,0.000000,43.000000,237.660167,0.000000,157.437326
1194,6640.441128,0.000000,43.000000,238.662953,0.000000,141.392758
1195,6640.441128,0.000000,43.000000,239.164345,0.000000,133.370474
1196,6640.441128,0.000000,43.000000,239.665738,0.000000,125.348189
1198,6640.441128,0.000000,43.000000,240.668524,0.000000,109.303621
1199,6640.441128,0.000000,43.000000,241.169916,0.000000,101.281337
1200,6640.441128,0.000000,43.000000,241.671309,0.000000,93.259053
1201,6640.441128,0.000000,43.000000,242.172702,0.000000,85.236769
1202,6640.441128,0.000000,43.000000,242.674095,0.000000,77.214485
1203,6640.441128,0.000000,43.000000,243.175487,0.000000,69.192201
1204,6640.441128,0.000000,43.000000,243.676880,0.000000,61.169916
1205,6640.441128,0.000000,43.000000,244.178273,0.000000,53.147632
1206,6640.441128,0.000000,43.000000,244.679666,0.000000,45.125348
1207,6640.441128,0.000000,43.000000,245.181058,0.000000,37.103064
1208,6640.441128,0.000000,43.000000,245.682451,0.000000,29.080780
1209,6640.441128,0.000000,43.000000,246.183844,0.000000,21.058496
1210,6640.441128,0.000000,43.000000,246.685237,0.000000,13.036212
1211,6640.441128,0.000000,43.000000,247.186630,0.000000,5.013928
1212,6640.441128,0.000000,43.000000,247.688022,0.000000,356.991643
1213,6640.441128,0.000000,43.000000,248.189415,0.000000,348.969359
1214,6640.441128,0.000000,43.000000,248.690808,0.000000,340.947075
1215,6640.441128,0.000000,43.000000,249.192201,0.000000,332.924791
1216,6640.441128,0.000000,43.000000,249.693593,0.000000,324.902507
1218,6640.441128,0.000000,43.000000,250.696379,0.000000,308.857939
1219,6640.441128,0.000000,43.000000,251.197772,0.000000,300.835655
1220,6640.441128,0.000000,43.000000,251.699164,0.000000,292.813370
1221,6640.441128,0.000000,43.000000,252.200557,0.000000,284.791086
1222,6640.441128,0.000000,43.000000,252.701950,0.000000,276.768802
1223,6640.441128,0.000000,43.000000,253.203343,0.000000,268.746518
1224,6640.441128,0.000000,43.000000,253.704735,0.000000,260.724234
1226,6640.441128,0.000000,43.000000,254.707521,0.000000,244.679666
1227,6640.441128,0.000000,43.000000,255.208914,0.000000,236.657382
1228,6640.441128,0.000000,43.000000,255.710306,0.000000,228.635097
1229,6640.441128,0.000000,43.000000,256.211699,0.000000,220.612813
1230,6640.441128,0.000000,43.000000,256.713092,0.000000,212.590529
1231,6640.441128,0.000000,43.000000,257.214485,0.000000,204.568245
1232,6640.441128,0.000000,43.000000,257.715877,0.000000,196.545961
1233,6640.441128,0.000000,43.000000,258.217270,0.000000,188.523677
1234,6640.441128,0.000000,43.000000,258.718663,0.000000,180.501393
1235,6640.441128,0.000000,43.000000,259.220056,0.000000,172.479109
1236,6640.441128,0.000000,43.000000,259.721448,0.000000,164.456825
1237,6640.441128,0.000000,43.000000,260.222841,0.000000,156.434540
1238,6640.441128,0.000000,43.000000,260.724234,0.000000,148.412256
1239,6640.441128,0.000000,43.000000,261.225627,0.000000,140.389972
1240,6640.441128,0.000000,43.000000,261.727019,0.000000,132.367688
1243,6640.441128,0.000000,43.000000,263.231198,0.000000,108.300836
1245,6640.441128,0.000000,43.000000,264.233983,0.000000,92.256267
1246,6640.441128,0.000000,43.000000,264.735376,0.000000,84.233983
1247,6640.441128,0.000000,43.000000,265.236769,0.000000,76.211699
1248,6640.441128,0.000000,43.000000,265.738162,0.000000,68.189415
1250,6640.441128,0.000000,43.000000,266.740947,0.000000,52.144847
1251,6640.441128,0.000000,43.000000,267.242340,0.000000,44.122563
1252,6640.441128,0.000000,43.000000,267.743733,0.000000,36.100279
1253,6640.441128,0.000000,43.000000,268.245125,0.000000,28.077994
1254,6640.441128,0.000000,43.000000,268.746518,0.000000,20.055710
1255,6640.441128,0.000000,43.000000,269.247911,0.000000,12.033426
1256,6640.441128,0.000000,43.000000,269.749304,0.000000,4.011142
1257,6640.441128,0.000000,43.000000,270.250696,0.000000,355.988858
1258,6640.441128,0.000000,43.000000,270.752089,0.000000,347.966574
1259,6640.441128,0.000000,43.000000,271.253482,0.000000,339.944290
1261,6640.441128,0.000000,43.000000,272.256267,0.000000,323.899721
1262,6640.441128,0.000000,43.000000,272.757660,0.000000,315.877437
1263,6640.441128,0.000000,43.000000,273.259053,0.000000,307.855153
1264,6640.441128,0.000000,43.000000,273.760446,0.000000,299.832869
1265,6640.441128,0.000000,43.000000,274.261838,0.000000,291.810585
1266,6640.441128,0.000000,43.000000,274.763231,0.000000,283.788301
1267,6640.441128,0.000000,43.000000,275.264624,0.000000,275.766017
1268,6640.441128,0.000000,43.000000,275.766017,0.000000,267.743733
1270,6640.441128,0.000000,43.000000,276.768802,0.000000,251.699164
1271,6640.441128,0.000000,43.000000,277.270195,0.000000,243.676880
1272,6640.441128,0.000000,43.000000,277.771588,0.000000,235.654596
1273,6640.441128,0.000000,43.000000,278.272981,0.000000,227.632312
1274,6640.441128,0.000000,43.000000,278.774373,0.000000,219.610028
1275,6640.441128,0.000000,43.000000,279.275766,0.000000,211.587744
1276,6640.441128,0.000000,43.000000,279.777159,0.000000,203.565460
1277,6640.441128,0.000000,43.000000,280.278552,0.000000,195.543175
1278,6640.441128,0.000000,43.000000,280.779944,0.000000,187.520891
1279,6640.441128,0.000000,43.000000,281.281337,0.000000,179.498607
1280,6640.441128,0.000000,43.000000,281.782730,0.000000,171.476323
1281,6640.441128,0.000000,43.000000,282.284123,0.000000,163.454039
1282,6640.441128,0.000000,43.000000,282.785515,0.000000,155.431755
1283,6640.441128,0.000000,43.000000,283.286908,0.000000,147.409471
1284,6640.441128,0.000000,43.000000,283.788301,0.000000,139.387187
1285,6640.441128,0.000000,43.000000,284.289694,0.000000,131.364903
1286,6640.441128,0.000000,43.000000,284.791086,0.000000,123.342618
1287,6640.441128,0.000000,43.000000,285.292479,0.000000,115.320334
1288,6640.441128,0.000000,43.000000,285.793872,0.000000,107.298050
1289,6640.441128,0.000000,43.000000,286.295265,0.000000,99.275766
1291,6640.441128,0.000000,43.000000,287.298050,0.000000,83.231198
1292,6640.441128,0.000000,43.000000,287.799443,0.000000,75.208914
1293,6640.441128,0.000000,43.000000,288.300836,0.000000,67.186630
1294,6640.441128,0.000000,43.000000,288.802228,0.000000,59.164345
1295,6640.441128,0.000000,43.000000,289.303621,0.000000,51.142061
1296,6640.441128,0.000000,43.000000,289.805014,0.000000,43.119777
1297,6640.441128,0.000000,43.000000,290.306407,0.000000,35.097493
1298,6640.441128,0.000000,43.000000,290.807799,0.000000,27.075209
1299,6640.441128,0.000000,43.000000,291.309192,0.000000,19.052925
1300,6640.441128,0.000000,43.000000,291.810585,0.000000,11.030641
1301,6640.441128,0.000000,43.000000,292.311978,0.000000,3.008357
1302,6640.441128,0.000000,43.000000,292.813370,0.000000,354.986072
1303,6640.441128,0.000000,43.000000,293.314763,0.000000,346.963788
1304,6640.441128,0.000000,43.000000,293.816156,0.000000,338.941504
1305,6640.441128,0.000000,43.000000,294.317549,0.000000,330.919220
1306,6640.441128,0.000000,43.000000,294.818942,0.000000,322.896936
1307,6640.441128,0.000000,43.000000,295.320334,0.000000,314.874652
1308,6640.441128,0.000000,43.000000,295.821727,0.000000,306.852368
1309,6640.441128,0.000000,43.000000,296.323120,0.000000,298.830084
1310,6640.441128,0.000000,43.000000,296.824513,0.000000,290.807799
1311,6640.441128,0.000000,43.000000,297.325905,0.000000,282.785515
1312,6640.441128,0.000000,43.000000,297.827298,0.000000,274.763231
1314,6640.441128,0.000000,43.000000,298.830084,0.000000,258.718663
1315,6640.441128,0.000000,43.000000,299.331476,0.000000,250.696379
1316,6640.441128,0.000000,43.000000,299.832869,0.000000,242.674095
1317,6640.441128,0.000000,43.000000,300.334262,0.000000,234.651811
1319,6640.441128,0.000000,43.000000,301.337047,0.000000,218.607242
1320,6640.441128,0.000000,43.000000,301.838440,0.000000,210.584958
1321,6640.441128,0.000000,43.000000,302.339833,0.000000,202.562674
1322,6640.441128,0.000000,43.000000,302.841226,0.000000,194.540390
1323,6640.441128,0.000000,43.000000,303.342618,0.000000,186.518106
1325,6640.441128,0.000000,43.000000,304.345404,0.000000,170.473538
1326,6640.441128,0.000000,43.000000,304.846797,0.000000,162.451253
1327,6640.441128,0.000000,43.000000,305.348189,0.000000,154.428969
1329,6640.441128,0.000000,43.000000,306.350975,0.000000,138.384401
1330,6640.441128,0.000000,43.000000,306.852368,0.000000,130.362117
1331,6640.441128,0.000000,43.000000,307.353760,0.000000,122.339833
1332,6640.441128,0.000000,43.000000,307.855153,0.000000,114.317549
1333,6640.441128,0.000000,43.000000,308.356546,0.000000,106.295265
1335,6640.441128,0.000000,43.000000,309.359331,0.000000,90.250696
1338,6640.441128,0.000000,43.000000,310.863510,0.000000,66.183844
1339,6640.441128,0.000000,43.000000,311.364903,0.000000,58.161560
1341,6640.441128,0.000000,43.000000,312.367688,0.000000,42.116992
1342,6640.441128,0.000000,43.000000,312.869081,0.000000,34.094708
1343,6640.441128,0.000000,43.000000,313.370474,0.000000,26.072423
1344,6640.441128,0.000000,43.000000,313.871866,0.000000,18.050139
1345,6640.441128,0.000000,43.000000,314.373259,0.000000,10.027855
1346,6640.441128,0.000000,43.000000,314.874652,0.000000,2.005571
1347,6640.441128,0.000000,43.000000,315.376045,0.000000,353.983287
1348,6640.441128,0.000000,43.000000,315.877437,0.000000,345.961003
1349,6640.441128,0.000000,43.000000,316.378830,0.000000,337.938719
1350,6640.441128,0.000000,43.000000,316.880223,0.000000,329.916435
1351,6640.441128,0.000000,43.000000,317.381616,0.000000,321.894150
1352,6640.441128,0.000000,43.000000,317.883008,0.000000,313.871866
1353,6640.441128,0.000000,43.000000,318.384401,0.000000,305.849582
1354,6640.441128,0.000000,43.000000,318.885794,0.000000,297.827298
1355,6640.441128,0.000000,43.000000,319.387187,0.000000,289.805014
1357,6640.441128,0.000000,43.000000,320.389972,0.000000,273.760446
1358,6640.441128,0.000000,43.000000,320.891365,0.000000,265.738162
1360,6640.441128,0.000000,43.000000,321.894150,0.000000,249.693593
1361,6640.441128,0.000000,43.000000,322.395543,0.000000,241.671309
1362,6640.441128,0.000000,43.000000,322.896936,0.000000,233.649025
1363,6640.441128,0.000000,43.000000,323.398329,0.000000,225.626741
1364,6640.441128,0.000000,43.000000,323.899721,0.000000,217.604457
1365,6640.441128,0.000000,43.000000,324.401114,0.000000,209.582173
1366,6640.441128,0.000000,43.000000,324.902507,0.000000,201.559889
1367,6640.441128,0.000000,43.000000,325.403900,0.000000,193.537604
1368,6640.441128,0.000000,43.000000,325.905292,0.000000,185.515320
1369,6640.441128,0.000000,43.000000,326.406685,0.000000,177.493036
1370,6640.441128,0.000000,43.000000,326.908078,0.000000,169.470752
1371,6640.441128,0.000000,43.000000,327.409471,0.000000,161.448468
1372,6640.441128,0.000000,43.000000,327.910864,0.000000,153.426184
1373,6640.441128,0.000000,43.000000,328.412256,0.000000,145.403900
1374,6640.441128,0.000000,43.000000,328.913649,0.000000,137.381616
1375,6640.441128,0.000000,43.000000,329.415042,0.000000,129.359331
1376,6640.441128,0.000000,43.000000,329.916435,0.000000,121.337047
1377,6640.441128,0.000000,43.000000,330.417827,0.000000,113.314763
1379,6640.441128,0.000000,43.000000,331.420613,0.000000,97.270195
1380,6640.441128,0.000000,43.000000,331.922006,0.000000,89.247911
1381,6640.441128,0.000000,43.000000,332.423398,0.000000,81.225627
1382,6640.441128,0.000000,43.000000,332.924791,0.000000,73.203343
1383,6640.441128,0.000000,43.000000,333.426184,0.000000,65.181058
1385,6640.441128,0.000000,43.000000,334.428969,0.000000,49.136490
1386,6640.441128,0.000000,43.000000,334.930362,0.000000,41.114206
1387,6640.441128,0.000000,43.000000,335.431755,0.000000,33.091922
1389,6640.441128,0.000000,43.000000,336.434540,0.000000,17.047354
1390,6640.441128,0.000000,43.000000,336.935933,0.000000,9.025070
1391,6640.441128,0.000000,43.000000,337.437326,0.000000,1.002786
1393,6640.441128,0.000000,43.000000,338.440111,0.000000,344.958217
1394,6640.441128,0.000000,43.000000,338.941504,0.000000,336.935933
1395,6640.441128,0.000000,43.000000,339.442897,0.000000,328.913649
1396,6640.441128,0.000000,43.000000,339.944290,0.000000,320.891365
1397,6640.441128,0.000000,43.000000,340.445682,0.000000,312.869081
1398,6640.441128,0.000000,43.000000,340.947075,0.000000,304.846797
1402,6640.441128,0.000000,43.000000,342.952646,0.000000,272.757660
1405,6640.441128,0.000000,43.000000,344.456825,0.000000,248.690808
1406,6640.441128,0.000000,43.000000,344.958217,0.000000,240.668524
1408,6640.441128,0.000000,43.000000,345.961003,0.000000,224.623955
1409,6640.441128,0.000000,43.000000,346.462396,0.000000,216.601671
1410,6640.441128,0.000000,43.000000,346.963788,0.000000,208.579387
1413,6640.441128,0.000000,43.000000,348.467967,0.000000,184.512535
1414,6640.441128,0.000000,43.000000,348.969359,0.000000,176.490251
1415,6640.441128,0.000000,43.000000,349.470752,0.000000,168.467967
1416,6640.441128,0.000000,43.000000,349.972145,0.000000,160.445682
1417,6640.441128,0.000000,43.000000,350.473538,0.000000,152.423398
1419,6640.441128,0.000000,43.000000,351.476323,0.000000,136.378830
1420,6640.441128,0.000000,43.000000,351.977716,0.000000,128.356546
1421,6640.441128,0.000000,43.000000,352.479109,0.000000,120.334262
1422,6640.441128,0.000000,43.000000,352.980501,0.000000,112.311978
1423,6640.441128,0.000000,43.000000,353.481894,0.000000,104.289694
1424,6640.441128,0.000000,43.000000,353.983287,0.000000,96.267409
1425,6640.441128,0.000000,43.000000,354.484680,0.000000,88.245125
1426,6640.441128,0.000000,43.000000,354.986072,0.000000,80.222841
1427,6640.441128,0.000000,43.000000,355.487465,0.000000,72.200557
1428,6640.441128,0.000000,43.000000,355.988858,0.000000,64.178273
1429,6640.441128,0.000000,43.000000,356.490251,0.000000,56.155989
1431,6640.441128,0.000000,43.000000,357.493036,0.000000,40.111421
1432,6640.441128,0.000000,43.000000,357.994429,0.000000,32.089136
1433,6640.441128,0.000000,43.000000,358.495822,0.000000,24.066852
1435,6640.441128,0.000000,43.000000,359.498607,0.000000,8.022284
1443,6640.441128,0.000000,48.000000,21.509749,0.000000,303.844011
1445,6640.441128,0.000000,48.000000,22.512535,0.000000,287.799443
1446,6640.441128,0.000000,48.000000,23.013928,0.000000,279.777159
1447,6640.441128,0.000000,48.000000,23.515320,0.000000,271.754875
1453,6640.441128,0.000000,48.000000,26.523677,0.000000,223.621170
1455,6640.441128,0.000000,48.000000,27.526462,0.000000,207.576602
1464,6640.441128,0.000000,48.000000,32.038997,0.000000,135.376045
1465,6640.441128,0.000000,48.000000,32.540390,0.000000,127.353760
1473,6640.441128,0.000000,48.000000,36.551532,0.000000,63.175487
1475,6640.441128,0.000000,48.000000,37.554318,0.000000,47.130919
1477,6640.441128,0.000000,48.000000,38.557103,0.000000,31.086351
1484,6640.441128,0.000000,48.000000,42.066852,0.000000,334.930362
1491,6640.441128,0.000000,48.000000,45.576602,0.000000,278.774373
1492,6640.441128,0.000000,48.000000,46.077994,0.000000,270.752089
1499,6640.441128,0.000000,48.000000,49.587744,0.000000,214.596100
1501,6640.441128,0.000000,48.000000,50.590529,0.000000,198.551532
1507,6640.441128,0.000000,48.000000,53.598886,0.000000,150.417827
1513,6640.441128,0.000000,48.000000,56.607242,0.000000,102.284123
1518,6640.441128,0.000000,48.000000,59.114206,0.000000,62.172702
1519,6640.441128,0.000000,48.000000,59.615599,0.000000,54.150418
1535,6640.441128,0.000000,48.000000,67.637883,0.000000,285.793872
1537,6640.441128,0.000000,48.000000,68.640669,0.000000,269.749304
1545,6640.441128,0.000000,48.000000,72.651811,0.000000,205.571031
1550,6640.441128,0.000000,48.000000,75.158774,0.000000,165.459610
1563,6640.441128,0.000000,48.000000,81.676880,0.000000,61.169916
1572,6640.441128,0.000000,48.000000,86.189415,0.000000,348.969359
1573,6640.441128,0.000000,48.000000,86.690808,0.000000,340.947075
1577,6640.441128,0.000000,48.000000,88.696379,0.000000,308.857939
1579,6640.441128,0.000000,48.000000,89.699164,0.000000,292.813370
1584,6640.441128,0.000000,48.000000,92.206128,0.000000,252.701950
1586,6640.441128,0.000000,48.000000,93.208914,0.000000,236.657382
1589,6640.441128,0.000000,48.000000,94.713092,0.000000,212.590529
1593,6640.441128,0.000000,48.000000,96.718663,0.000000,180.501393
1594,6640.441128,0.000000,48.000000,97.220056,0.000000,172.479109
1597,6640.441128,0.000000,48.000000,98.724234,0.000000,148.412256
1610,6640.441128,0.000000,48.000000,105.242340,0.000000,44.122563
1615,6640.441128,0.000000,48.000000,107.749304,0.000000,4.011142
1619,6640.441128,0.000000,48.000000,109.754875,0.000000,331.922006
1627,6640.441128,0.000000,48.000000,113.766017,0.000000,267.743733
1630,6640.441128,0.000000,48.000000,115.270195,0.000000,243.676880
1631,6640.441128,0.000000,48.000000,115.771588,0.000000,235.654596
1633,6640.441128,0.000000,48.000000,116.774373,0.000000,219.610028
1634,6640.441128,0.000000,48.000000,117.275766,0.000000,211.587744
1639,6640.441128,0.000000,48.000000,119.782730,0.000000,171.476323
1640,6640.441128,0.000000,48.000000,120.284123,0.000000,163.454039
1642,6640.441128,0.000000,48.000000,121.286908,0.000000,147.409471
1643,6640.441128,0.000000,48.000000,121.788301,0.000000,139.387187
1645,6640.441128,0.000000,48.000000,122.791086,0.000000,123.342618
1650,6640.441128,0.000000,48.000000,125.298050,0.000000,83.231198
1652,6640.441128,0.000000,48.000000,126.300836,0.000000,67.186630
1655,6640.441128,0.000000,48.000000,127.805014,0.000000,43.119777
1657,6640.441128,0.000000,48.000000,128.807799,0.000000,27.075209
1660,6640.441128,0.000000,48.000000,130.311978,0.000000,3.008357
1664,6640.441128,0.000000,48.000000,132.317549,0.000000,330.919220
1667,6640.441128,0.000000,48.000000,133.821727,0.000000,306.852368
1670,6640.441128,0.000000,48.000000,135.325905,0.000000,282.785515
1675,6640.441128,0.000000,48.000000,137.832869,0.000000,242.674095
1683,6640.441128,0.000000,48.000000,141.844011,0.000000,178.495822
1684,6640.441128,0.000000,48.000000,142.345404,0.000000,170.473538
1686,6640.441128,0.000000,48.000000,143.348189,0.000000,154.428969
1687,6640.441128,0.000000,48.000000,143.849582,0.000000,146.406685
1690,6640.441128,0.000000,48.000000,145.353760,0.000000,122.339833
1691,6640.441128,0.000000,48.000000,145.855153,0.000000,114.317549
1696,6640.441128,0.000000,48.000000,148.362117,0.000000,74.206128
1697,6640.441128,0.000000,48.000000,148.863510,0.000000,66.183844
1699,6640.441128,0.000000,48.000000,149.866295,0.000000,50.139276
1703,6640.441128,0.000000,48.000000,151.871866,0.000000,18.050139
1705,6640.441128,0.000000,48.000000,152.874652,0.000000,2.005571
1715,6640.441128,0.000000,48.000000,157.888579,0.000000,281.782730
1726,6640.441128,0.000000,48.000000,163.403900,0.000000,193.537604
1730,6640.441128,0.000000,48.000000,165.409471,0.000000,161.448468
1733,6640.441128,0.000000,48.000000,166.913649,0.000000,137.381616
1734,6640.441128,0.000000,48.000000,167.415042,0.000000,129.359331
1735,6640.441128,0.000000,48.000000,167.916435,0.000000,121.337047
1736,6640.441128,0.000000,48.000000,168.417827,0.000000,113.314763
1737,6640.441128,0.000000,48.000000,168.919220,0.000000,105.292479
1747,6640.441128,0.000000,48.000000,173.933148,0.000000,25.069638
1759,6640.441128,0.000000,48.000000,179.949861,0.000000,288.802228
1762,6640.441128,0.000000,48.000000,181.454039,0.000000,264.735376
1772,6640.441128,0.000000,48.000000,186.467967,0.000000,184.512535
1783,6640.441128,0.000000,48.000000,191.983287,0.000000,96.267409
1791,6640.441128,0.000000,48.000000,195.994429,0.000000,32.089136
1806,6640.441128,0.000000,48.000000,203.515320,0.000000,271.754875
1811,6640.441128,0.000000,48.000000,206.022284,0.000000,231.643454
1813,6640.441128,0.000000,48.000000,207.025070,0.000000,215.598886
1815,6640.441128,0.000000,48.000000,208.027855,0.000000,199.554318
1816,6640.441128,0.000000,48.000000,208.529248,0.000000,191.532033
1819,6640.441128,0.000000,48.000000,210.033426,0.000000,167.465181
1834,6640.441128,0.000000,48.000000,217.554318,0.000000,47.130919
1842,6640.441128,0.000000,48.000000,221.565460,0.000000,342.952646
1845,6640.441128,0.000000,48.000000,223.069638,0.000000,318.885794
1848,6640.441128,0.000000,48.000000,224.573816,0.000000,294.818942
1859,6640.441128,0.000000,48.000000,230.089136,0.000000,206.573816
1860,6640.441128,0.000000,48.000000,230.590529,0.000000,198.551532
1861,6640.441128,0.000000,48.000000,231.091922,0.000000,190.529248
1866,6640.441128,0.000000,48.000000,233.598886,0.000000,150.417827
1871,6640.441128,0.000000,48.000000,236.105850,0.000000,110.306407
1874,6640.441128,0.000000,48.000000,237.610028,0.000000,86.239554
1879,6640.441128,0.000000,48.000000,240.116992,0.000000,46.128134
1881,6640.441128,0.000000,48.000000,241.119777,0.000000,30.083565
1882,6640.441128,0.000000,48.000000,241.621170,0.000000,22.061281
1883,6640.441128,0.000000,48.000000,242.122563,0.000000,14.038997
1899,6640.441128,0.000000,48.000000,250.144847,0.000000,245.682451
1901,6640.441128,0.000000,48.000000,251.147632,0.000000,229.637883
1939,6640.441128,0.000000,48.000000,270.200557,0.000000,284.791086
1956,6640.441128,0.000000,48.000000,278.724234,0.000000,148.412256
1964,6640.441128,0.000000,48.000000,282.735376,0.000000,84.233983
1996,6640.441128,0.000000,48.000000,298.779944,0.000000,187.520891
2001,6640.441128,0.000000,48.000000,301.286908,0.000000,147.409471
2002,6640.441128,0.000000,48.000000,301.788301,0.000000,139.387187
2006,6640.441128,0.000000,48.000000,303.793872,0.000000,107.298050
2014,6640.441128,0.000000,48.000000,307.805014,0.000000,43.119777
2018,6640.441128,0.000000,48.000000,309.810585,0.000000,11.030641
2022,6640.441128,0.000000,48.000000,311.816156,0.000000,338.941504
2026,6640.441128,0.000000,48.000000,313.821727,0.000000,306.852368
2029,6640.441128,0.000000,48.000000,315.325905,0.000000,282.785515
2030,6640.441128,0.000000,48.000000,315.827298,0.000000,274.763231
2034,6640.441128,0.000000,48.000000,317.832869,0.000000,242.674095
2041,6640.441128,0.000000,48.000000,321.342618,0.000000,186.518106
2046,6640.441128,0.000000,48.000000,323.849582,0.000000,146.406685
2054,6640.441128,0.000000,48.000000,327.860724,0.000000,82.228412
2064,6640.441128,0.000000,48.000000,332.874652,0.000000,2.005571
2068,6640.441128,0.000000,48.000000,334.880223,0.000000,329.916435
2072,6640.441128,0.000000,48.000000,336.885794,0.000000,297.827298
2074,6640.441128,0.000000,48.000000,337.888579,0.000000,281.782730
2079,6640.441128,0.000000,48.000000,340.395543,0.000000,241.671309
2086,6640.441128,0.000000,48.000000,343.905292,0.000000,185.515320
2088,6640.441128,0.000000,48.000000,344.908078,0.000000,169.470752
2089,6640.441128,0.000000,48.000000,345.409471,0.000000,161.448468
2094,6640.441128,0.000000,48.000000,347.916435,0.000000,121.337047
2097,6640.441128,0.000000,48.000000,349.420613,0.000000,97.270195
2100,6640.441128,0.000000,48.000000,350.924791,0.000000,73.203343
2106,6640.441128,0.000000,48.000000,353.933148,0.000000,25.069638
2108,6640.441128,0.000000,48.000000,354.935933,0.000000,9.025070
2113,6640.441128,0.000000,48.000000,357.442897,0.000000,328.913649
2131,6640.441128,0.000000,48.000000,6.467967,0.000000,184.512535
2154,6640.441128,0.000000,31.000000,2.250000,0.000000,0.000000
2155,6640.441128,0.000000,31.000000,2.751393,0.000000,351.977716
2156,6640.441128,0.000000,31.000000,3.252786,0.000000,343.955432
2157,6640.441128,0.000000,31.000000,3.754178,0.000000,335.933148
2158,6640.441128,0.000000,31.000000,4.255571,0.000000,327.910864
2160,6640.441128,0.000000,31.000000,5.258357,0.000000,311.866295
2161,6640.441128,0.000000,31.000000,5.759749,0.000000,303.844011
2162,6640.441128,0.000000,31.000000,6.261142,0.000000,295.821727
2164,6640.441128,0.000000,31.000000,7.263928,0.000000,279.777159
2165,6640.441128,0.000000,31.000000,7.765320,0.000000,271.754875
2166,6640.441128,0.000000,31.000000,8.266713,0.000000,263.732591
2167,6640.441128,0.000000,31.000000,8.768106,0.000000,255.710306
2168,6640.441128,0.000000,31.000000,9.269499,0.000000,247.688022
2169,6640.441128,0.000000,31.000000,9.770891,0.000000,239.665738
2170,6640.441128,0.000000,31.000000,10.272284,0.000000,231.643454
2171,6640.441128,0.000000,31.000000,10.773677,0.000000,223.621170
2172,6640.441128,0.000000,31.000000,11.275070,0.000000,215.598886
2173,6640.441128,0.000000,31.000000,11.776462,0.000000,207.576602
2174,6640.441128,0.000000,31.000000,12.277855,0.000000,199.554318
2175,6640.441128,0.000000,31.000000,12.779248,0.000000,191.532033
2176,6640.441128,0.000000,31.000000,13.280641,0.000000,183.509749
2177,6640.441128,0.000000,31.000000,13.782033,0.000000,175.487465
2179,6640.441128,0.000000,31.000000,14.784819,0.000000,159.442897
2180,6640.441128,0.000000,31.000000,15.286212,0.000000,151.420613
2181,6640.441128,0.000000,31.000000,15.787604,0.000000,143.398329
2182,6640.441128,0.000000,31.000000,16.288997,0.000000,135.376045
2183,6640.441128,0.000000,31.000000,16.790390,0.000000,127.353760
2184,6640.441128,0.000000,31.000000,17.291783,0.000000,119.331476
2185,6640.441128,0.000000,31.000000,17.793175,0.000000,111.309192
2186,6640.441128,0.000000,31.000000,18.294568,0.000000,103.286908
2187,6640.441128,0.000000,31.000000,18.795961,0.000000,95.264624
2188,6640.441128,0.000000,31.000000,19.297354,0.000000,87.242340
2190,6640.441128,0.000000,31.000000,20.300139,0.000000,71.197772
2191,6640.441128,0.000000,31.000000,20.801532,0.000000,63.175487
2192,6640.441128,0.000000,31.000000,21.302925,0.000000,55.153203
2194,6640.441128,0.000000,31.000000,22.305710,0.000000,39.108635
2195,6640.441128,0.000000,31.000000,22.807103,0.000000,31.086351
2196,6640.441128,0.000000,31.000000,23.308496,0.000000,23.064067
2197,6640.441128,0.000000,31.000000,23.809889,0.000000,15.041783
2198,6640.441128,0.000000,31.000000,24.311281,0.000000,7.019499
2199,6640.441128,0.000000,31.000000,24.812674,0.000000,358.997214
2200,6640.441128,0.000000,31.000000,25.314067,0.000000,350.974930
2201,6640.441128,0.000000,31.000000,25.815460,0.000000,342.952646
2202,6640.441128,0.000000,31.000000,26.316852,0.000000,334.930362
2203,6640.441128,0.000000,31.000000,26.818245,0.000000,326.908078
2204,6640.441128,0.000000,31.000000,27.319638,0.000000,318.885794
2206,6640.441128,0.000000,31.000000,28.322423,0.000000,302.841226
2207,6640.441128,0.000000,31.000000,28.823816,0.000000,294.818942
2208,6640.441128,0.000000,31.000000,29.325209,0.000000,286.796657
2209,6640.441128,0.000000,31.000000,29.826602,0.000000,278.774373
2210,6640.441128,0.000000,31.000000,30.327994,0.000000,270.752089
2211,6640.441128,0.000000,31.000000,30.829387,0.000000,262.729805
2212,6640.441128,0.000000,31.000000,31.330780,0.000000,254.707521
2213,6640.441128,0.000000,31.000000,31.832173,0.000000,246.685237
2214,6640.441128,0.000000,31.000000,32.333565,0.000000,238.662953
2215,6640.441128,0.000000,31.000000,32.834958,0.000000,230.640669
2216,6640.441128,0.000000,31.000000,33.336351,0.000000,222.618384
2218,6640.441128,0.000000,31.000000,34.339136,0.000000,206.573816
2219,6640.441128,0.000000,31.000000,34.840529,0.000000,198.551532
2220,6640.441128,0.000000,31.000000,35.341922,0.000000,190.529248
2221,6640.441128,0.000000,31.000000,35.843315,0.000000,182.506964
2222,6640.441128,0.000000,31.000000,36.344708,0.000000,174.484680
2223,6640.441128,0.000000,31.000000,36.846100,0.000000,166.462396
2224,6640.441128,0.000000,31.000000,37.347493,0.000000,158.440111
2225,6640.441128,0.000000,31.000000,37.848886,0.000000,150.417827
2226,6640.441128,0.000000,31.000000,38.350279,0.000000,142.395543
2227,6640.441128,0.000000,31.000000,38.851671,0.000000,134.373259
2228,6640.441128,0.000000,31.000000,39.353064,0.000000,126.350975
2229,6640.441128,0.000000,31.000000,39.854457,0.000000,118.328691
2230,6640.441128,0.000000,31.000000,40.355850,0.000000,110.306407
2231,6640.441128,0.000000,31.000000,40.857242,0.000000,102.284123
2232,6640.441128,0.000000,31.000000,41.358635,0.000000,94.261838
2233,6640.441128,0.000000,31.000000,41.860028,0.000000,86.239554
2234,6640.441128,0.000000,31.000000,42.361421,0.000000,78.217270
2236,6640.441128,0.000000,31.000000,43.364206,0.000000,62.172702
2237,6640.441128,0.000000,31.000000,43.865599,0.000000,54.150418
2239,6640.441128,0.000000,31.000000,44.868384,0.000000,38.105850
2240,6640.441128,0.000000,31.000000,45.369777,0.000000,30.083565
2241,6640.441128,0.000000,31.000000,45.871170,0.000000,22.061281
2243,6640.441128,0.000000,31.000000,46.873955,0.000000,6.016713
2244,6640.441128,0.000000,31.000000,47.375348,0.000000,357.994429
2245,6640.441128,0.000000,31.000000,47.876741,0.000000,349.972145
2246,6640.441128,0.000000,31.000000,48.378134,0.000000,341.949861
2247,6640.441128,0.000000,31.000000,48.879526,0.000000,333.927577
2248,6640.441128,0.000000,31.000000,49.380919,0.000000,325.905292
2249,6640.441128,0.000000,31.000000,49.882312,0.000000,317.883008
2250,6640.441128,0.000000,31.000000,50.383705,0.000000,309.860724
2251,6640.441128,0.000000,31.000000,50.885097,0.000000,301.838440
2252,6640.441128,0.000000,31.000000,51.386490,0.000000,293.816156
2253,6640.441128,0.000000,31.000000,51.887883,0.000000,285.793872
2254,6640.441128,0.000000,31.000000,52.389276,0.000000,277.771588
2255,6640.441128,0.000000,31.000000,52.890669,0.000000,269.749304
2256,6640.441128,0.000000,31.000000,53.392061,0.000000,261.727019
2258,6640.441128,0.000000,31.000000,54.394847,0.000000,245.682451
2259,6640.441128,0.000000,31.000000,54.896240,0.000000,237.660167
2261,6640.441128,0.000000,31.000000,55.899025,0.000000,221.615599
2262,6640.441128,0.000000,31.000000,56.400418,0.000000,213.593315
2263,6640.441128,0.000000,31.000000,56.901811,0.000000,205.571031
2264,6640.441128,0.000000,31.000000,57.403203,0.000000,197.548747
2265,6640.441128,0.000000,31.000000,57.904596,0.000000,189.526462
2266,6640.441128,0.000000,31.000000,58.405989,0.000000,181.504178
2267,6640.441128,0.000000,31.000000,58.907382,0.000000,173.481894
2268,6640.441128,0.000000,31.000000,59.408774,0.000000,165.459610
2269,6640.441128,0.000000,31.000000,59.910167,0.000000,157.437326
2270,6640.441128,0.000000,31.000000,60.411560,0.000000,149.415042
2271,6640.441128,0.000000,31.000000,60.912953,0.000000,141.392758
2272,6640.441128,0.000000,31.000000,61.414345,0.000000,133.370474
2273,6640.441128,0.000000,31.000000,61.915738,0.000000,125.348189
2274,6640.441128,0.000000,31.000000,62.417131,0.000000,117.325905
2275,6640.441128,0.000000,31.000000,62.918524,0.000000,109.303621
2276,6640.441128,0.000000,31.000000,63.419916,0.000000,101.281337
2277,6640.441128,0.000000,31.000000,63.921309,0.000000,93.259053
2278,6640.441128,0.000000,31.000000,64.422702,0.000000,85.236769
2280,6640.441128,0.000000,31.000000,65.425487,0.000000,69.192201
2281,6640.441128,0.000000,31.000000,65.926880,0.000000,61.169916
2283,6640.441128,0.000000,31.000000,66.929666,0.000000,45.125348
2284,6640.441128,0.000000,31.000000,67.431058,0.000000,37.103064
2285,6640.441128,0.000000,31.000000,67.932451,0.000000,29.080780
2286,6640.441128,0.000000,31.000000,68.433844,0.000000,21.058496
2287,6640.441128,0.000000,31.000000,68.935237,0.000000,13.036212
2288,6640.441128,0.000000,31.000000,69.436630,0.000000,5.013928
2289,6640.441128,0.000000,31.000000,69.938022,0.000000,356.991643
2291,6640.441128,0.000000,31.000000,70.940808,0.000000,340.947075
2292,6640.441128,0.000000,31.000000,71.442201,0.000000,332.924791
2294,6640.441128,0.000000,31.000000,72.444986,0.000000,316.880223
2295,6640.441128,0.000000,31.000000,72.946379,0.000000,308.857939
2296,6640.441128,0.000000,31.000000,73.447772,0.000000,300.835655
2297,6640.441128,0.000000,31.000000,73.949164,0.000000,292.813370
2298,6640.441128,0.000000,31.000000,74.450557,0.000000,284.791086
2299,6640.441128,0.000000,31.000000,74.951950,0.000000,276.768802
2300,6640.441128,0.000000,31.000000,75.453343,0.000000,268.746518
2301,6640.441128,0.000000,31.000000,75.954735,0.000000,260.724234
2302,6640.441128,0.000000,31.000000,76.456128,0.000000,252.701950
2303,6640.441128,0.000000,31.000000,76.957521,0.000000,244.679666
2304,6640.441128,0.000000,31.000000,77.458914,0.000000,236.657382
2305,6640.441128,0.000000,31.000000,77.960306,0.000000,228.635097
2306,6640.441128,0.000000,31.000000,78.461699,0.000000,220.612813
2307,6640.441128,0.000000,31.000000,78.963092,0.000000,212.590529
2310,6640.441128,0.000000,31.000000,80.467270,0.000000,188.523677
2311,6640.441128,0.000000,31.000000,80.968663,0.000000,180.501393
2312,6640.441128,0.000000,31.000000,81.470056,0.000000,172.479109
2313,6640.441128,0.000000,31.000000,81.971448,0.000000,164.456825
2314,6640.441128,0.000000,31.000000,82.472841,0.000000,156.434540
2315,6640.441128,0.000000,31.000000,82.974234,0.000000,148.412256
2316,6640.441128,0.000000,31.000000,83.475627,0.000000,140.389972
2317,6640.441128,0.000000,31.000000,83.977019,0.000000,132.367688
2318,6640.441128,0.000000,31.000000,84.478412,0.000000,124.345404
2321,6640.441128,0.000000,31.000000,85.982591,0.000000,100.278552
2322,6640.441128,0.000000,31.000000,86.483983,0.000000,92.256267
2323,6640.441128,0.000000,31.000000,86.985376,0.000000,84.233983
2324,6640.441128,0.000000,31.000000,87.486769,0.000000,76.211699
2325,6640.441128,0.000000,31.000000,87.988162,0.000000,68.189415
2326,6640.441128,0.000000,31.000000,88.489554,0.000000,60.167131
2327,6640.441128,0.000000,31.000000,88.990947,0.000000,52.144847
2328,6640.441128,0.000000,31.000000,89.492340,0.000000,44.122563
2329,6640.441128,0.000000,31.000000,89.993733,0.000000,36.100279
2330,6640.441128,0.000000,31.000000,90.495125,0.000000,28.077994
2331,6640.441128,0.000000,31.000000,90.996518,0.000000,20.055710
2332,6640.441128,0.000000,31.000000,91.497911,0.000000,12.033426
2333,6640.441128,0.000000,31.000000,91.999304,0.000000,4.011142
2335,6640.441128,0.000000,31.000000,93.002089,0.000000,347.966574
2336,6640.441128,0.000000,31.000000,93.503482,0.000000,339.944290
2337,6640.441128,0.000000,31.000000,94.004875,0.000000,331.922006
2338,6640.441128,0.000000,31.000000,94.506267,0.000000,323.899721
2339,6640.441128,0.000000,31.000000,95.007660,0.000000,315.877437
2340,6640.441128,0.000000,31.000000,95.509053,0.000000,307.855153
2341,6640.441128,0.000000,31.000000,96.010446,0.000000,299.832869
2343,6640.441128,0.000000,31.000000,97.013231,0.000000,283.788301
2344,6640.441128,0.000000,31.000000,97.514624,0.000000,275.766017
2345,6640.441128,0.000000,31.000000,98.016017,0.000000,267.743733
2346,6640.441128,0.000000,31.000000,98.517409,0.000000,259.721448
2347,6640.441128,0.000000,31.000000,99.018802,0.000000,251.699164
2349,6640.441128,0.000000,31.000000,100.021588,0.000000,235.654596
2350,6640.441128,0.000000,31.000000,100.522981,0.000000,227.632312
2352,6640.441128,0.000000,31.000000,101.525766,0.000000,211.587744
2353,6640.441128,0.000000,31.000000,102.027159,0.000000,203.565460
2354,6640.441128,0.000000,31.000000,102.528552,0.000000,195.543175
2355,6640.441128,0.000000,31.000000,103.029944,0.000000,187.520891
2357,6640.441128,0.000000,31.000000,104.032730,0.000000,171.476323
2358,6640.441128,0.000000,31.000000,104.534123,0.000000,163.454039
2359,6640.441128,0.000000,31.000000,105.035515,0.000000,155.431755
2360,6640.441128,0.000000,31.000000,105.536908,0.000000,147.409471
2361,6640.441128,0.000000,31.000000,106.038301,0.000000,139.387187
2362,6640.441128,0.000000,31.000000,106.539694,0.000000,131.364903
2363,6640.441128,0.000000,31.000000,107.041086,0.000000,123.342618
2364,6640.441128,0.000000,31.000000,107.542479,0.000000,115.320334
2365,6640.441128,0.000000,31.000000,108.043872,0.000000,107.298050
2368,6640.441128,0.000000,31.000000,109.548050,0.000000,83.231198
2369,6640.441128,0.000000,31.000000,110.049443,0.000000,75.208914
2370,6640.441128,0.000000,31.000000,110.550836,0.000000,67.186630
2371,6640.441128,0.000000,31.000000,111.052228,0.000000,59.164345
2372,6640.441128,0.000000,31.000000,111.553621,0.000000,51.142061
2373,6640.441128,0.000000,31.000000,112.055014,0.000000,43.119777
2374,6640.441128,0.000000,31.000000,112.556407,0.000000,35.097493
2375,6640.441128,0.000000,31.000000,113.057799,0.000000,27.075209
2376,6640.441128,0.000000,31.000000,113.559192,0.000000,19.052925
2377,6640.441128,0.000000,31.000000,114.060585,0.000000,11.030641
2378,6640.441128,0.000000,31.000000,114.561978,0.000000,3.008357
2379,6640.441128,0.000000,31.000000,115.063370,0.000000,354.986072
2380,6640.441128,0.000000,31.000000,115.564763,0.000000,346.963788
2381,6640.441128,0.000000,31.000000,116.066156,0.000000,338.941504
2382,6640.441128,0.000000,31.000000,116.567549,0.000000,330.919220
2383,6640.441128,0.000000,31.000000,117.068942,0.000000,322.896936
2384,6640.441128,0.000000,31.000000,117.570334,0.000000,314.874652
2385,6640.441128,0.000000,31.000000,118.071727,0.000000,306.852368
2387,6640.441128,0.000000,31.000000,119.074513,0.000000,290.807799
2389,6640.441128,0.000000,31.000000,120.077298,0.000000,274.763231
2390,6640.441128,0.000000,31.000000,120.578691,0.000000,266.740947
2391,6640.441128,0.000000,31.000000,121.080084,0.000000,258.718663
2392,6640.441128,0.000000,31.000000,121.581476,0.000000,250.696379
2394,6640.441128,0.000000,31.000000,122.584262,0.000000,234.651811
2395,6640.441128,0.000000,31.000000,123.085655,0.000000,226.629526
2396,6640.441128,0.000000,31.000000,123.587047,0.000000,218.607242
2397,6640.441128,0.000000,31.000000,124.088440,0.000000,210.584958
2398,6640.441128,0.000000,31.000000,124.589833,0.000000,202.562674
2399,6640.441128,0.000000,31.000000,125.091226,0.000000,194.540390
2401,6640.441128,0.000000,31.000000,126.094011,0.000000,178.495822
2402,6640.441128,0.000000,31.000000,126.595404,0.000000,170.473538
2403,6640.441128,0.000000,31.000000,127.096797,0.000000,162.451253
2404,6640.441128,0.000000,31.000000,127.598189,0.000000,154.428969
2405,6640.441128,0.000000,31.000000,128.099582,0.000000,146.406685
2406,6640.441128,0.000000,31.000000,128.600975,0.000000,138.384401
2407,6640.441128,0.000000,31.000000,129.102368,0.000000,130.362117
2409,6640.441128,0.000000,31.000000,130.105153,0.000000,114.317549
2410,6640.441128,0.000000,31.000000,130.606546,0.000000,106.295265
2411,6640.441128,0.000000,31.000000,131.107939,0.000000,98.272981
2413,6640.441128,0.000000,31.000000,132.110724,0.000000,82.228412
2415,6640.441128,0.000000,31.000000,133.113510,0.000000,66.183844
2416,6640.441128,0.000000,31.000000,133.614903,0.000000,58.161560
2417,6640.441128,0.000000,31.000000,134.116295,0.000000,50.139276
2418,6640.441128,0.000000,31.000000,134.617688,0.000000,42.116992
2419,6640.441128,0.000000,31.000000,135.119081,0.000000,34.094708
2421,6640.441128,0.000000,31.000000,136.121866,0.000000,18.050139
2422,6640.441128,0.000000,31.000000,136.623259,0.000000,10.027855
2423,6640.441128,0.000000,31.000000,137.124652,0.000000,2.005571
2424,6640.441128,0.000000,31.000000,137.626045,0.000000,353.983287
2425,6640.441128,0.000000,31.000000,138.127437,0.000000,345.961003
2426,6640.441128,0.000000,31.000000,138.628830,0.000000,337.938719
2427,6640.441128,0.000000,31.000000,139.130223,0.000000,329.916435
2428,6640.441128,0.000000,31.000000,139.631616,0.000000,321.894150
2429,6640.441128,0.000000,31.000000,140.133008,0.000000,313.871866
2430,6640.441128,0.000000,31.000000,140.634401,0.000000,305.849582
2431,6640.441128,0.000000,31.000000,141.135794,0.000000,297.827298
2432,6640.441128,0.000000,31.000000,141.637187,0.000000,289.805014
2434,6640.441128,0.000000,31.000000,142.639972,0.000000,273.760446
2435,6640.441128,0.000000,31.000000,143.141365,0.000000,265.738162
2436,6640.441128,0.000000,31.000000,143.642758,0.000000,257.715877
2437,6640.441128,0.000000,31.000000,144.144150,0.000000,249.693593
2438,6640.441128,0.000000,31.000000,144.645543,0.000000,241.671309
2439,6640.441128,0.000000,31.000000,145.146936,0.000000,233.649025
2440,6640.441128,0.000000,31.000000,145.648329,0.000000,225.626741
2441,6640.441128,0.000000,31.000000,146.149721,0.000000,217.604457
2442,6640.441128,0.000000,31.000000,146.651114,0.000000,209.582173
2443,6640.441128,0.000000,31.000000,147.152507,0.000000,201.559889
2444,6640.441128,0.000000,31.000000,147.653900,0.000000,193.537604
2445,6640.441128,0.000000,31.000000,148.155292,0.000000,185.515320
2447,6640.441128,0.000000,31.000000,149.158078,0.000000,169.470752
2448,6640.441128,0.000000,31.000000,149.659471,0.000000,161.448468
2449,6640.441128,0.000000,31.000000,150.160864,0.000000,153.426184
2450,6640.441128,0.000000,31.000000,150.662256,0.000000,145.403900
2451,6640.441128,0.000000,31.000000,151.163649,0.000000,137.381616
2452,6640.441128,0.000000,31.000000,151.665042,0.000000,129.359331
2453,6640.441128,0.000000,31.000000,152.166435,0.000000,121.337047
2454,6640.441128,0.000000,31.000000,152.667827,0.000000,113.314763
2455,6640.441128,0.000000,31.000000,153.169220,0.000000,105.292479
2457,6640.441128,0.000000,31.000000,154.172006,0.000000,89.247911
2458,6640.441128,0.000000,31.000000,154.673398,0.000000,81.225627
2460,6640.441128,0.000000,31.000000,155.676184,0.000000,65.181058
2461,6640.441128,0.000000,31.000000,156.177577,0.000000,57.158774
2462,6640.441128,0.000000,31.000000,156.678969,0.000000,49.136490
2463,6640.441128,0.000000,31.000000,157.180362,0.000000,41.114206
2464,6640.441128,0.000000,31.000000,157.681755,0.000000,33.091922
2465,6640.441128,0.000000,31.000000,158.183148,0.000000,25.069638
2466,6640.441128,0.000000,31.000000,158.684540,0.000000,17.047354
2467,6640.441128,0.000000,31.000000,159.185933,0.000000,9.025070
2468,6640.441128,0.000000,31.000000,159.687326,0.000000,1.002786
2469,6640.441128,0.000000,31.000000,160.188719,0.000000,352.980501
2470,6640.441128,0.000000,31.000000,160.690111,0.000000,344.958217
2471,6640.441128,0.000000,31.000000,161.191504,0.000000,336.935933
2472,6640.441128,0.000000,31.000000,161.692897,0.000000,328.913649
2473,6640.441128,0.000000,31.000000,162.194290,0.000000,320.891365
2474,6640.441128,0.000000,31.000000,162.695682,0.000000,312.869081
2475,6640.441128,0.000000,31.000000,163.197075,0.000000,304.846797
2476,6640.441128,0.000000,31.000000,163.698468,0.000000,296.824513
2477,6640.441128,0.000000,31.000000,164.199861,0.000000,288.802228
2478,6640.441128,0.000000,31.000000,164.701253,0.000000,280.779944
2479,6640.441128,0.000000,31.000000,165.202646,0.000000,272.757660
2480,6640.441128,0.000000,31.000000,165.704039,0.000000,264.735376
2481,6640.441128,0.000000,31.000000,166.205432,0.000000,256.713092
2483,6640.441128,0.000000,31.000000,167.208217,0.000000,240.668524
2484,6640.441128,0.000000,31.000000,167.709610,0.000000,232.646240
2485,6640.441128,0.000000,31.000000,168.211003,0.000000,224.623955
2486,6640.441128,0.000000,31.000000,168.712396,0.000000,216.601671
2488,6640.441128,0.000000,31.000000,169.715181,0.000000,200.557103
2489,6640.441128,0.000000,31.000000,170.216574,0.000000,192.534819
2490,6640.441128,0.000000,31.000000,170.717967,0.000000,184.512535
2491,6640.441128,0.000000,31.000000,171.219359,0.000000,176.490251
2492,6640.441128,0.000000,31.000000,171.720752,0.000000,168.467967
2493,6640.441128,0.000000,31.000000,172.222145,0.000000,160.445682
2495,6640.441128,0.000000,31.000000,173.224930,0.000000,144.401114
2496,6640.441128,0.000000,31.000000,173.726323,0.000000,136.378830
2497,6640.441128,0.000000,31.000000,174.227716,0.000000,128.356546
2499,6640.441128,0.000000,31.000000,175.230501,0.000000,112.311978
2500,6640.441128,0.000000,31.000000,175.731894,0.000000,104.289694
2501,6640.441128,0.000000,31.000000,176.233287,0.000000,96.267409
2503,6640.441128,0.000000,31.000000,177.236072,0.000000,80.222841
2504,6640.441128,0.000000,31.000000,177.737465,0.000000,72.200557
2505,6640.441128,0.000000,31.000000,178.238858,0.000000,64.178273
2507,6640.441128,0.000000,31.000000,179.241643,0.000000,48.133705
2508,6640.441128,0.000000,31.000000,179.743036,0.000000,40.111421
2509,6640.441128,0.000000,31.000000,180.244429,0.000000,32.089136
2510,6640.441128,0.000000,31.000000,180.745822,0.000000,24.066852
2511,6640.441128,0.000000,31.000000,181.247214,0.000000,16.044568
2512,6640.441128,0.000000,31.000000,181.748607,0.000000,8.022284
2513,6640.441128,0.000000,31.000000,182.250000,0.000000,360.000000
2514,6640.441128,0.000000,31.000000,182.751393,0.000000,351.977716
2515,6640.441128,0.000000,31.000000,183.252786,0.000000,343.955432
2517,6640.441128,0.000000,31.000000,184.255571,0.000000,327.910864
2518,6640.441128,0.000000,31.000000,184.756964,0.000000,319.888579
2519,6640.441128,0.000000,31.000000,185.258357,0.000000,311.866295
2520,6640.441128,0.000000,31.000000,185.759749,0.000000,303.844011
2521,6640.441128,0.000000,31.000000,186.261142,0.000000,295.821727
2522,6640.441128,0.000000,31.000000,186.762535,0.000000,287.799443
2523,6640.441128,0.000000,31.000000,187.263928,0.000000,279.777159
2526,6640.441128,0.000000,31.000000,188.768106,0.000000,255.710306
2527,6640.441128,0.000000,31.000000,189.269499,0.000000,247.688022
2528,6640.441128,0.000000,31.000000,189.770891,0.000000,239.665738
2530,6640.441128,0.000000,31.000000,190.773677,0.000000,223.621170
2531,6640.441128,0.000000,31.000000,191.275070,0.000000,215.598886
2532,6640.441128,0.000000,31.000000,191.776462,0.000000,207.576602
2533,6640.441128,0.000000,31.000000,192.277855,0.000000,199.554318
2534,6640.441128,0.000000,31.000000,192.779248,0.000000,191.532033
2535,6640.441128,0.000000,31.000000,193.280641,0.000000,183.509749
2536,6640.441128,0.000000,31.000000,193.782033,0.000000,175.487465
2537,6640.441128,0.000000,31.000000,194.283426,0.000000,167.465181
2538,6640.441128,0.000000,31.000000,194.784819,0.000000,159.442897
2539,6640.441128,0.000000,31.000000,195.286212,0.000000,151.420613
2540,6640.441128,0.000000,31.000000,195.787604,0.000000,143.398329
2541,6640.441128,0.000000,31.000000,196.288997,0.000000,135.376045
2542,6640.441128,0.000000,31.000000,196.790390,0.000000,127.353760
2543,6640.441128,0.000000,31.000000,197.291783,0.000000,119.331476
2544,6640.441128,0.000000,31.000000,197.793175,0.000000,111.309192
2545,6640.441128,0.000000,31.000000,198.294568,0.000000,103.286908
2546,6640.441128,0.000000,31.000000,198.795961,0.000000,95.264624
2547,6640.441128,0.000000,31.000000,199.297354,0.000000,87.242340
2548,6640.441128,0.000000,31.000000,199.798747,0.000000,79.220056
2549,6640.441128,0.000000,31.000000,200.300139,0.000000,71.197772
2550,6640.441128,0.000000,31.000000,200.801532,0.000000,63.175487
2551,6640.441128,0.000000,31.000000,201.302925,0.000000,55.153203
2552,6640.441128,0.000000,31.000000,201.804318,0.000000,47.130919
2553,6640.441128,0.000000,31.000000,202.305710,0.000000,39.108635
2554,6640.441128,0.000000,31.000000,202.807103,0.000000,31.086351
2555,6640.441128,0.000000,31.000000,203.308496,0.000000,23.064067
2556,6640.441128,0.000000,31.000000,203.809889,0.000000,15.041783
2557,6640.441128,0.000000,31.000000,204.311281,0.000000,7.019499
2558,6640.441128,0.000000,31.000000,204.812674,0.000000,358.997214
2559,6640.441128,0.000000,31.000000,205.314067,0.000000,350.974930
2560,6640.441128,0.000000,31.000000,205.815460,0.000000,342.952646
2561,6640.441128,0.000000,31.000000,206.316852,0.000000,334.930362
2562,6640.441128,0.000000,31.000000,206.818245,0.000000,326.908078
2563,6640.441128,0.000000,31.000000,207.319638,0.000000,318.885794
2564,6640.441128,0.000000,31.000000,207.821031,0.000000,310.863510
2565,6640.441128,0.000000,31.000000,208.322423,0.000000,302.841226
2566,6640.441128,0.000000,31.000000,208.823816,0.000000,294.818942
2567,6640.441128,0.000000,31.000000,209.325209,0.000000,286.796657
2569,6640.441128,0.000000,31.000000,210.327994,0.000000,270.752089
2570,6640.441128,0.000000,31.000000,210.829387,0.000000,262.729805
2571,6640.441128,0.000000,31.000000,211.330780,0.000000,254.707521
2573,6640.441128,0.000000,31.000000,212.333565,0.000000,238.662953
2574,6640.441128,0.000000,31.000000,212.834958,0.000000,230.640669
2575,6640.441128,0.000000,31.000000,213.336351,0.000000,222.618384
2576,6640.441128,0.000000,31.000000,213.837744,0.000000,214.596100
2577,6640.441128,0.000000,31.000000,214.339136,0.000000,206.573816
2578,6640.441128,0.000000,31.000000,214.840529,0.000000,198.551532
2579,6640.441128,0.000000,31.000000,215.341922,0.000000,190.529248
2581,6640.441128,0.000000,31.000000,216.344708,0.000000,174.484680
2582,6640.441128,0.000000,31.000000,216.846100,0.000000,166.462396
2583,6640.441128,0.000000,31.000000,217.347493,0.000000,158.440111
2584,6640.441128,0.000000,31.000000,217.848886,0.000000,150.417827
2585,6640.441128,0.000000,31.000000,218.350279,0.000000,142.395543
2586,6640.441128,0.000000,31.000000,218.851671,0.000000,134.373259
2587,6640.441128,0.000000,31.000000,219.353064,0.000000,126.350975
2588,6640.441128,0.000000,31.000000,219.854457,0.000000,118.328691
2589,6640.441128,0.000000,31.000000,220.355850,0.000000,110.306407
2590,6640.441128,0.000000,31.000000,220.857242,0.000000,102.284123
2591,6640.441128,0.000000,31.000000,221.358635,0.000000,94.261838
2593,6640.441128,0.000000,31.000000,222.361421,0.000000,78.217270
2594,6640.441128,0.000000,31.000000,222.862813,0.000000,70.194986
2595,6640.441128,0.000000,31.000000,223.364206,0.000000,62.172702
2596,6640.441128,0.000000,31.000000,223.865599,0.000000,54.150418
2597,6640.441128,0.000000,31.000000,224.366992,0.000000,46.128134
2600,6640.441128,0.000000,31.000000,225.871170,0.000000,22.061281
2601,6640.441128,0.000000,31.000000,226.372563,0.000000,14.038997
2603,6640.441128,0.000000,31.000000,227.375348,0.000000,357.994429
2604,6640.441128,0.000000,31.000000,227.876741,0.000000,349.972145
2605,6640.441128,0.000000,31.000000,228.378134,0.000000,341.949861
2606,6640.441128,0.000000,31.000000,228.879526,0.000000,333.927577
2607,6640.441128,0.000000,31.000000,229.380919,0.000000,325.905292
2608,6640.441128,0.000000,31.000000,229.882312,0.000000,317.883008
2609,6640.441128,0.000000,31.000000,230.383705,0.000000,309.860724
2610,6640.441128,0.000000,31.000000,230.885097,0.000000,301.838440
2611,6640.441128,0.000000,31.000000,231.386490,0.000000,293.816156
2613,6640.441128,0.000000,31.000000,232.389276,0.000000,277.771588
2614,6640.441128,0.000000,31.000000,232.890669,0.000000,269.749304
2615,6640.441128,0.000000,31.000000,233.392061,0.000000,261.727019
2618,6640.441128,0.000000,31.000000,234.896240,0.000000,237.660167
2619,6640.441128,0.000000,31.000000,235.397632,0.000000,229.637883
2620,6640.441128,0.000000,31.000000,235.899025,0.000000,221.615599
2621,6640.441128,0.000000,31.000000,236.400418,0.000000,213.593315
2622,6640.441128,0.000000,31.000000,236.901811,0.000000,205.571031
2623,6640.441128,0.000000,31.000000,237.403203,0.000000,197.548747
2624,6640.441128,0.000000,31.000000,237.904596,0.000000,189.526462
2625,6640.441128,0.000000,31.000000,238.405989,0.000000,181.504178
2627,6640.441128,0.000000,31.000000,239.408774,0.000000,165.459610
2628,6640.441128,0.000000,31.000000,239.910167,0.000000,157.437326
2629,6640.441128,0.000000,31.000000,240.411560,0.000000,149.415042
2630,6640.441128,0.000000,31.000000,240.912953,0.000000,141.392758
2631,6640.441128,0.000000,31.000000,241.414345,0.000000,133.370474
2633,6640.441128,0.000000,31.000000,242.417131,0.000000,117.325905
2634,6640.441128,0.000000,31.000000,242.918524,0.000000,109.303621
2635,6640.441128,0.000000,31.000000,243.419916,0.000000,101.281337
2636,6640.441128,0.000000,31.000000,243.921309,0.000000,93.259053
2637,6640.441128,0.000000,31.000000,244.422702,0.000000,85.236769
2638,6640.441128,0.000000,31.000000,244.924095,0.000000,77.214485
2639,6640.441128,0.000000,31.000000,245.425487,0.000000,69.192201
2640,6640.441128,0.000000,31.000000,245.926880,0.000000,61.169916
2641,6640.441128,0.000000,31.000000,246.428273,0.000000,53.147632
2642,6640.441128,0.000000,31.000000,246.929666,0.000000,45.125348
2643,6640.441128,0.000000,31.000000,247.431058,0.000000,37.103064
2644,6640.441128,0.000000,31.000000,247.932451,0.000000,29.080780
2645,6640.441128,0.000000,31.000000,248.433844,0.000000,21.058496
2646,6640.441128,0.000000,31.000000,248.935237,0.000000,13.036212
2647,6640.441128,0.000000,31.000000,249.436630,0.000000,5.013928
2650,6640.441128,0.000000,31.000000,250.940808,0.000000,340.947075
2652,6640.441128,0.000000,31.000000,251.943593,0.000000,324.902507
2653,6640.441128,0.000000,31.000000,252.444986,0.000000,316.880223
2654,6640.441128,0.000000,31.000000,252.946379,0.000000,308.857939
2655,6640.441128,0.000000,31.000000,253.447772,0.000000,300.835655
2657,6640.441128,0.000000,31.000000,254.450557,0.000000,284.791086
2658,6640.441128,0.000000,31.000000,254.951950,0.000000,276.768802
2659,6640.441128,0.000000,31.000000,255.453343,0.000000,268.746518
2660,6640.441128,0.000000,31.000000,255.954735,0.000000,260.724234
2661,6640.441128,0.000000,31.000000,256.456128,0.000000,252.701950
2662,6640.441128,0.000000,31.000000,256.957521,0.000000,244.679666
2664,6640.441128,0.000000,31.000000,257.960306,0.000000,228.635097
2665,6640.441128,0.000000,31.000000,258.461699,0.000000,220.612813
2666,6640.441128,0.000000,31.000000,258.963092,0.000000,212.590529
2667,6640.441128,0.000000,31.000000,259.464485,0.000000,204.568245
2668,6640.441128,0.000000,31.000000,259.965877,0.000000,196.545961
2669,6640.441128,0.000000,31.000000,260.467270,0.000000,188.523677
2670,6640.441128,0.000000,31.000000,260.968663,0.000000,180.501393
2671,6640.441128,0.000000,31.000000,261.470056,0.000000,172.479109
2672,6640.441128,0.000000,31.000000,261.971448,0.000000,164.456825
2673,6640.441128,0.000000,31.000000,262.472841,0.000000,156.434540
2674,6640.441128,0.000000,31.000000,262.974234,0.000000,148.412256
2675,6640.441128,0.000000,31.000000,263.475627,0.000000,140.389972
2676,6640.441128,0.000000,31.000000,263.977019,0.000000,132.367688
2677,6640.441128,0.000000,31.000000,264.478412,0.000000,124.345404
2678,6640.441128,0.000000,31.000000,264.979805,0.000000,116.323120
2679,6640.441128,0.000000,31.000000,265.481198,0.000000,108.300836
2680,6640.441128,0.000000,31.000000,265.982591,0.000000,100.278552
2681,6640.441128,0.000000,31.000000,266.483983,0.000000,92.256267
2682,6640.441128,0.000000,31.000000,266.985376,0.000000,84.233983
2683,6640.441128,0.000000,31.000000,267.486769,0.000000,76.211699
2684,6640.441128,0.000000,31.000000,267.988162,0.000000,68.189415
2685,6640.441128,0.000000,31.000000,268.489554,0.000000,60.167131
2686,6640.441128,0.000000,31.000000,268.990947,0.000000,52.144847
2687,6640.441128,0.000000,31.000000,269.492340,0.000000,44.122563
2688,6640.441128,0.000000,31.000000,269.993733,0.000000,36.100279
2689,6640.441128,0.000000,31.000000,270.495125,0.000000,28.077994
2690,6640.441128,0.000000,31.000000,270.996518,0.000000,20.055710
2691,6640.441128,0.000000,31.000000,271.497911,0.000000,12.033426
2692,6640.441128,0.000000,31.000000,271.999304,0.000000,4.011142
2693,6640.441128,0.000000,31.000000,272.500696,0.000000,355.988858
2695,6640.441128,0.000000,31.000000,273.503482,0.000000,339.944290
2696,6640.441128,0.000000,31.000000,274.004875,0.000000,331.922006
2698,6640.441128,0.000000,31.000000,275.007660,0.000000,315.877437
2699,6640.441128,0.000000,31.000000,275.509053,0.000000,307.855153
2700,6640.441128,0.000000,31.000000,276.010446,0.000000,299.832869
2701,6640.441128,0.000000,31.000000,276.511838,0.000000,291.810585
2702,6640.441128,0.000000,31.000000,277.013231,0.000000,283.788301
2703,6640.441128,0.000000,31.000000,277.514624,0.000000,275.766017
2704,6640.441128,0.000000,31.000000,278.016017,0.000000,267.743733
2705,6640.441128,0.000000,31.000000,278.517409,0.000000,259.721448
2706,6640.441128,0.000000,31.000000,279.018802,0.000000,251.699164
2707,6640.441128,0.000000,31.000000,279.520195,0.000000,243.676880
2708,6640.441128,0.000000,31.000000,280.021588,0.000000,235.654596
2709,6640.441128,0.000000,31.000000,280.522981,0.000000,227.632312
2710,6640.441128,0.000000,31.000000,281.024373,0.000000,219.610028
2711,6640.441128,0.000000,31.000000,281.525766,0.000000,211.587744
2712,6640.441128,0.000000,31.000000,282.027159,0.000000,203.565460
2713,6640.441128,0.000000,31.000000,282.528552,0.000000,195.543175
2714,6640.441128,0.000000,31.000000,283.029944,0.000000,187.520891
2715,6640.441128,0.000000,31.000000,283.531337,0.000000,179.498607
2716,6640.441128,0.000000,31.000000,284.032730,0.000000,171.476323
2717,6640.441128,0.000000,31.000000,284.534123,0.000000,163.454039
2718,6640.441128,0.000000,31.000000,285.035515,0.000000,155.431755
2719,6640.441128,0.000000,31.000000,285.536908,0.000000,147.409471
2720,6640.441128,0.000000,31.000000,286.038301,0.000000,139.387187
2721,6640.441128,0.000000,31.000000,286.539694,0.000000,131.364903
2722,6640.441128,0.000000,31.000000,287.041086,0.000000,123.342618
2723,6640.441128,0.000000,31.000000,287.542479,0.000000,115.320334
2724,6640.441128,0.000000,31.000000,288.043872,0.000000,107.298050
2725,6640.441128,0.000000,31.000000,288.545265,0.000000,99.275766
2726,6640.441128,0.000000,31.000000,289.046657,0.000000,91.253482
2727,6640.441128,0.000000,31.000000,289.548050,0.000000,83.231198
2728,6640.441128,0.000000,31.000000,290.049443,0.000000,75.208914
2729,6640.441128,0.000000,31.000000,290.550836,0.000000,67.186630
2732,6640.441128,0.000000,31.000000,292.055014,0.000000,43.119777
2733,6640.441128,0.000000,31.000000,292.556407,0.000000,35.097493
2734,6640.441128,0.000000,31.000000,293.057799,0.000000,27.075209
2735,6640.441128,0.000000,31.000000,293.559192,0.000000,19.052925
2736,6640.441128,0.000000,31.000000,294.060585,0.000000,11.030641
2738,6640.441128,0.000000,31.000000,295.063370,0.000000,354.986072
2739,6640.441128,0.000000,31.000000,295.564763,0.000000,346.963788
2740,6640.441128,0.000000,31.000000,296.066156,0.000000,338.941504
2741,6640.441128,0.000000,31.000000,296.567549,0.000000,330.919220
2742,6640.441128,0.000000,31.000000,297.068942,0.000000,322.896936
2744,6640.441128,0.000000,31.000000,298.071727,0.000000,306.852368
2747,6640.441128,0.000000,31.000000,299.575905,0.000000,282.785515
2748,6640.441128,0.000000,31.000000,300.077298,0.000000,274.763231
2749,6640.441128,0.000000,31.000000,300.578691,0.000000,266.740947
2750,6640.441128,0.000000,31.000000,301.080084,0.000000,258.718663
2751,6640.441128,0.000000,31.000000,301.581476,0.000000,250.696379
2752,6640.441128,0.000000,31.000000,302.082869,0.000000,242.674095
2753,6640.441128,0.000000,31.000000,302.584262,0.000000,234.651811
2754,6640.441128,0.000000,31.000000,303.085655,0.000000,226.629526
2755,6640.441128,0.000000,31.000000,303.587047,0.000000,218.607242
2756,6640.441128,0.000000,31.000000,304.088440,0.000000,210.584958
2757,6640.441128,0.000000,31.000000,304.589833,0.000000,202.562674
2759,6640.441128,0.000000,31.000000,305.592618,0.000000,186.518106
2760,6640.441128,0.000000,31.000000,306.094011,0.000000,178.495822
2761,6640.441128,0.000000,31.000000,306.595404,0.000000,170.473538
2763,6640.441128,0.000000,31.000000,307.598189,0.000000,154.428969
2766,6640.441128,0.000000,31.000000,309.102368,0.000000,130.362117
2767,6640.441128,0.000000,31.000000,309.603760,0.000000,122.339833
2768,6640.441128,0.000000,31.000000,310.105153,0.000000,114.317549
2769,6640.441128,0.000000,31.000000,310.606546,0.000000,106.295265
2771,6640.441128,0.000000,31.000000,311.609331,0.000000,90.250696
2773,6640.441128,0.000000,31.000000,312.612117,0.000000,74.206128
2774,6640.441128,0.000000,31.000000,313.113510,0.000000,66.183844
2775,6640.441128,0.000000,31.000000,313.614903,0.000000,58.161560
2776,6640.441128,0.000000,31.000000,314.116295,0.000000,50.139276
2777,6640.441128,0.000000,31.000000,314.617688,0.000000,42.116992
2778,6640.441128,0.000000,31.000000,315.119081,0.000000,34.094708
2779,6640.441128,0.000000,31.000000,315.620474,0.000000,26.072423
2780,6640.441128,0.000000,31.000000,316.121866,0.000000,18.050139
2781,6640.441128,0.000000,31.000000,316.623259,0.000000,10.027855
2782,6640.441128,0.000000,31.000000,317.124652,0.000000,2.005571
2783,6640.441128,0.000000,31.000000,317.626045,0.000000,353.983287
2784,6640.441128,0.000000,31.000000,318.127437,0.000000,345.961003
2785,6640.441128,0.000000,31.000000,318.628830,0.000000,337.938719
2786,6640.441128,0.000000,31.000000,319.130223,0.000000,329.916435
2787,6640.441128,0.000000,31.000000,319.631616,0.000000,321.894150
2788,6640.441128,0.000000,31.000000,320.133008,0.000000,313.871866
2789,6640.441128,0.000000,31.000000,320.634401,0.000000,305.849582
2790,6640.441128,0.000000,31.000000,321.135794,0.000000,297.827298
2791,6640.441128,0.000000,31.000000,321.637187,0.000000,289.805014
2792,6640.441128,0.000000,31.000000,322.138579,0.000000,281.782730
2794,6640.441128,0.000000,31.000000,323.141365,0.000000,265.738162
2795,6640.441128,0.000000,31.000000,323.642758,0.000000,257.715877
2796,6640.441128,0.000000,31.000000,324.144150,0.000000,249.693593
2798,6640.441128,0.000000,31.000000,325.146936,0.000000,233.649025
2800,6640.441128,0.000000,31.000000,326.149721,0.000000,217.604457
2801,6640.441128,0.000000,31.000000,326.651114,0.000000,209.582173
2802,6640.441128,0.000000,31.000000,327.152507,0.000000,201.559889
2803,6640.441128,0.000000,31.000000,327.653900,0.000000,193.537604
2804,6640.441128,0.000000,31.000000,328.155292,0.000000,185.515320
2805,6640.441128,0.000000,31.000000,328.656685,0.000000,177.493036
2806,6640.441128,0.000000,31.000000,329.158078,0.000000,169.470752
2807,6640.441128,0.000000,31.000000,329.659471,0.000000,161.448468
2808,6640.441128,0.000000,31.000000,330.160864,0.000000,153.426184
2809,6640.441128,0.000000,31.000000,330.662256,0.000000,145.403900
2811,6640.441128,0.000000,31.000000,331.665042,0.000000,129.359331
2812,6640.441128,0.000000,31.000000,332.166435,0.000000,121.337047
2814,6640.441128,0.000000,31.000000,333.169220,0.000000,105.292479
2815,6640.441128,0.000000,31.000000,333.670613,0.000000,97.270195
2816,6640.441128,0.000000,31.000000,334.172006,0.000000,89.247911
2817,6640.441128,0.000000,31.000000,334.673398,0.000000,81.225627
2818,6640.441128,0.000000,31.000000,335.174791,0.000000,73.203343
2819,6640.441128,0.000000,31.000000,335.676184,0.000000,65.181058
2820,6640.441128,0.000000,31.000000,336.177577,0.000000,57.158774
2821,6640.441128,0.000000,31.000000,336.678969,0.000000,49.136490
2822,6640.441128,0.000000,31.000000,337.180362,0.000000,41.114206
2823,6640.441128,0.000000,31.000000,337.681755,0.000000,33.091922
2824,6640.441128,0.000000,31.000000,338.183148,0.000000,25.069638
2825,6640.441128,0.000000,31.000000,338.684540,0.000000,17.047354
2826,6640.441128,0.000000,31.000000,339.185933,0.000000,9.025070
2827,6640.441128,0.000000,31.000000,339.687326,0.000000,1.002786
2828,6640.441128,0.000000,31.000000,340.188719,0.000000,352.980501
2829,6640.441128,0.000000,31.000000,340.690111,0.000000,344.958217
2830,6640.441128,0.000000,31.000000,341.191504,0.000000,336.935933
2831,6640.441128,0.000000,31.000000,341.692897,0.000000,328.913649
2832,6640.441128,0.000000,31.000000,342.194290,0.000000,320.891365
2833,6640.441128,0.000000,31.000000,342.695682,0.000000,312.869081
2834,6640.441128,0.000000,31.000000,343.197075,0.000000,304.846797
2835,6640.441128,0.000000,31.000000,343.698468,0.000000,296.824513
2836,6640.441128,0.000000,31.000000,344.199861,0.000000,288.802228
2837,6640.441128,0.000000,31.000000,344.701253,0.000000,280.779944
2838,6640.441128,0.000000,31.000000,345.202646,0.000000,272.757660
2840,6640.441128,0.000000,31.000000,346.205432,0.000000,256.713092
2842,6640.441128,0.000000,31.000000,347.208217,0.000000,240.668524
2843,6640.441128,0.000000,31.000000,347.709610,0.000000,232.646240
2844,6640.441128,0.000000,31.000000,348.211003,0.000000,224.623955
2845,6640.441128,0.000000,31.000000,348.712396,0.000000,216.601671
2846,6640.441128,0.000000,31.000000,349.213788,0.000000,208.579387
2847,6640.441128,0.000000,31.000000,349.715181,0.000000,200.557103
2848,6640.441128,0.000000,31.000000,350.216574,0.000000,192.534819
2849,6640.441128,0.000000,31.000000,350.717967,0.000000,184.512535
2850,6640.441128,0.000000,31.000000,351.219359,0.000000,176.490251
2851,6640.441128,0.000000,31.000000,351.720752,0.000000,168.467967
2852,6640.441128,0.000000,31.000000,352.222145,0.000000,160.445682
2853,6640.441128,0.000000,31.000000,352.723538,0.000000,152.423398
2856,6640.441128,0.000000,31.000000,354.227716,0.000000,128.356546
2857,6640.441128,0.000000,31.000000,354.729109,0.000000,120.334262
2858,6640.441128,0.000000,31.000000,355.230501,0.000000,112.311978
2859,6640.441128,0.000000,31.000000,355.731894,0.000000,104.289694
2860,6640.441128,0.000000,31.000000,356.233287,0.000000,96.267409
2862,6640.441128,0.000000,31.000000,357.236072,0.000000,80.222841
2863,6640.441128,0.000000,31.000000,357.737465,0.000000,72.200557
2864,6640.441128,0.000000,31.000000,358.238858,0.000000,64.178273
2865,6640.441128,0.000000,31.000000,358.740251,0.000000,56.155989
2866,6640.441128,0.000000,31.000000,359.241643,0.000000,48.133705
2868,6640.441128,0.000000,31.000000,0.244429,0.000000,32.089136
2869,6640.441128,0.000000,31.000000,0.745822,0.000000,24.066852
2870,6640.441128,0.000000,31.000000,1.247214,0.000000,16.044568
2871,6640.441128,0.000000,31.000000,1.748607,0.000000,8.022284
2873,6640.441128,0.000000,52.000000,2.751393,0.000000,351.977716
2875,6640.441128,0.000000,52.000000,3.754178,0.000000,335.933148
2876,6640.441128,0.000000,52.000000,4.255571,0.000000,327.910864
2877,6640.441128,0.000000,52.000000,4.756964,0.000000,319.888579
2879,6640.441128,0.000000,52.000000,5.759749,0.000000,303.844011
2882,6640.441128,0.000000,52.000000,7.263928,0.000000,279.777159
2885,6640.441128,0.000000,52.000000,8.768106,0.000000,255.710306
2886,6640.441128,0.000000,52.000000,9.269499,0.000000,247.688022
2887,6640.441128,0.000000,52.000000,9.770891,0.000000,239.665738
2889,6640.441128,0.000000,52.000000,10.773677,0.000000,223.621170
2890,6640.441128,0.000000,52.000000,11.275070,0.000000,215.598886
2891,6640.441128,0.000000,52.000000,11.776462,0.000000,207.576602
2892,6640.441128,0.000000,52.000000,12.277855,0.000000,199.554318
2893,6640.441128,0.000000,52.000000,12.779248,0.000000,191.532033
2898,6640.441128,0.000000,52.000000,15.286212,0.000000,151.420613
2899,6640.441128,0.000000,52.000000,15.787604,0.000000,143.398329
2901,6640.441128,0.000000,52.000000,16.790390,0.000000,127.353760
2902,6640.441128,0.000000,52.000000,17.291783,0.000000,119.331476
2903,6640.441128,0.000000,52.000000,17.793175,0.000000,111.309192
2905,6640.441128,0.000000,52.000000,18.795961,0.000000,95.264624
2906,6640.441128,0.000000,52.000000,19.297354,0.000000,87.242340
2907,6640.441128,0.000000,52.000000,19.798747,0.000000,79.220056
2908,6640.441128,0.000000,52.000000,20.300139,0.000000,71.197772
2909,6640.441128,0.000000,52.000000,20.801532,0.000000,63.175487
2910,6640.441128,0.000000,52.000000,21.302925,0.000000,55.153203
2912,6640.441128,0.000000,52.000000,22.305710,0.000000,39.108635
2913,6640.441128,0.000000,52.000000,22.807103,0.000000,31.086351
2915,6640.441128,0.000000,52.000000,23.809889,0.000000,15.041783
2916,6640.441128,0.000000,52.000000,24.311281,0.000000,7.019499
2918,6640.441128,0.000000,52.000000,25.314067,0.000000,350.974930
2919,6640.441128,0.000000,52.000000,25.815460,0.000000,342.952646
2921,6640.441128,0.000000,52.000000,26.818245,0.000000,326.908078
2922,6640.441128,0.000000,52.000000,27.319638,0.000000,318.885794
2923,6640.441128,0.000000,52.000000,27.821031,0.000000,310.863510
2924,6640.441128,0.000000,52.000000,28.322423,0.000000,302.841226
2925,6640.441128,0.000000,52.000000,28.823816,0.000000,294.818942
2928,6640.441128,0.000000,52.000000,30.327994,0.000000,270.752089
2930,6640.441128,0.000000,52.000000,31.330780,0.000000,254.707521
2931,6640.441128,0.000000,52.000000,31.832173,0.000000,246.685237
2932,6640.441128,0.000000,52.000000,32.333565,0.000000,238.662953
2934,6640.441128,0.000000,52.000000,33.336351,0.000000,222.618384
2936,6640.441128,0.000000,52.000000,34.339136,0.000000,206.573816
2937,6640.441128,0.000000,52.000000,34.840529,0.000000,198.551532
2938,6640.441128,0.000000,52.000000,35.341922,0.000000,190.529248
2939,6640.441128,0.000000,52.000000,35.843315,0.000000,182.506964
2940,6640.441128,0.000000,52.000000,36.344708,0.000000,174.484680
2945,6640.441128,0.000000,52.000000,38.851671,0.000000,134.373259
2946,6640.441128,0.000000,52.000000,39.353064,0.000000,126.350975
2947,6640.441128,0.000000,52.000000,39.854457,0.000000,118.328691
2949,6640.441128,0.000000,52.000000,40.857242,0.000000,102.284123
2950,6640.441128,0.000000,52.000000,41.358635,0.000000,94.261838
2952,6640.441128,0.000000,52.000000,42.361421,0.000000,78.217270
2954,6640.441128,0.000000,52.000000,43.364206,0.000000,62.172702
2956,6640.441128,0.000000,52.000000,44.366992,0.000000,46.128134
2957,6640.441128,0.000000,52.000000,44.868384,0.000000,38.105850
2958,6640.441128,0.000000,52.000000,45.369777,0.000000,30.083565
2959,6640.441128,0.000000,52.000000,45.871170,0.000000,22.061281
2960,6640.441128,0.000000,52.000000,46.372563,0.000000,14.038997
2962,6640.441128,0.000000,52.000000,47.375348,0.000000,357.994429
2963,6640.441128,0.000000,52.000000,47.876741,0.000000,349.972145
2964,6640.441128,0.000000,52.000000,48.378134,0.000000,341.949861
2967,6640.441128,0.000000,52.000000,49.882312,0.000000,317.883008
2968,6640.441128,0.000000,52.000000,50.383705,0.000000,309.860724
2969,6640.441128,0.000000,52.000000,50.885097,0.000000,301.838440
2971,6640.441128,0.000000,52.000000,51.887883,0.000000,285.793872
2972,6640.441128,0.000000,52.000000,52.389276,0.000000,277.771588
2973,6640.441128,0.000000,52.000000,52.890669,0.000000,269.749304
2974,6640.441128,0.000000,52.000000,53.392061,0.000000,261.727019
2975,6640.441128,0.000000,52.000000,53.893454,0.000000,253.704735
2977,6640.441128,0.000000,52.000000,54.896240,0.000000,237.660167
2978,6640.441128,0.000000,52.000000,55.397632,0.000000,229.637883
2979,6640.441128,0.000000,52.000000,55.899025,0.000000,221.615599
2981,6640.441128,0.000000,52.000000,56.901811,0.000000,205.571031
2982,6640.441128,0.000000,52.000000,57.403203,0.000000,197.548747
2983,6640.441128,0.000000,52.000000,57.904596,0.000000,189.526462
2986,6640.441128,0.000000,52.000000,59.408774,0.000000,165.459610
2987,6640.441128,0.000000,52.000000,59.910167,0.000000,157.437326
2988,6640.441128,0.000000,52.000000,60.411560,0.000000,149.415042
2991,6640.441128,0.000000,52.000000,61.915738,0.000000,125.348189
2992,6640.441128,0.000000,52.000000,62.417131,0.000000,117.325905
2994,6640.441128,0.000000,52.000000,63.419916,0.000000,101.281337
2995,6640.441128,0.000000,52.000000,63.921309,0.000000,93.259053
2996,6640.441128,0.000000,52.000000,64.422702,0.000000,85.236769
2997,6640.441128,0.000000,52.000000,64.924095,0.000000,77.214485
2998,6640.441128,0.000000,52.000000,65.425487,0.000000,69.192201
2999,6640.441128,0.000000,52.000000,65.926880,0.000000,61.169916
3002,6640.441128,0.000000,52.000000,67.431058,0.000000,37.103064
3004,6640.441128,0.000000,52.000000,68.433844,0.000000,21.058496
3005,6640.441128,0.000000,52.000000,68.935237,0.000000,13.036212
3006,6640.441128,0.000000,52.000000,69.436630,0.000000,5.013928
3007,6640.441128,0.000000,52.000000,69.938022,0.000000,356.991643
3010,6640.441128,0.000000,52.000000,71.442201,0.000000,332.924791
3011,6640.441128,0.000000,52.000000,71.943593,0.000000,324.902507
3015,6640.441128,0.000000,52.000000,73.949164,0.000000,292.813370
3018,6640.441128,0.000000,52.000000,75.453343,0.000000,268.746518
3019,6640.441128,0.000000,52.000000,75.954735,0.000000,260.724234
3020,6640.441128,0.000000,52.000000,76.456128,0.000000,252.701950
3021,6640.441128,0.000000,52.000000,76.957521,0.000000,244.679666
3022,6640.441128,0.000000,52.000000,77.458914,0.000000,236.657382
3027,6640.441128,0.000000,52.000000,79.965877,0.000000,196.545961
3029,6640.441128,0.000000,52.000000,80.968663,0.000000,180.501393
3030,6640.441128,0.000000,52.000000,81.470056,0.000000,172.479109
3031,6640.441128,0.000000,52.000000,81.971448,0.000000,164.456825
3033,6640.441128,0.000000,52.000000,82.974234,0.000000,148.412256
3034,6640.441128,0.000000,52.000000,83.475627,0.000000,140.389972
3039,6640.441128,0.000000,52.000000,85.982591,0.000000,100.278552
3040,6640.441128,0.000000,52.000000,86.483983,0.000000,92.256267
3042,6640.441128,0.000000,52.000000,87.486769,0.000000,76.211699
3044,6640.441128,0.000000,52.000000,88.489554,0.000000,60.167131
3048,6640.441128,0.000000,52.000000,90.495125,0.000000,28.077994
3049,6640.441128,0.000000,52.000000,90.996518,0.000000,20.055710
3050,6640.441128,0.000000,52.000000,91.497911,0.000000,12.033426
3051,6640.441128,0.000000,52.000000,91.999304,0.000000,4.011142
3052,6640.441128,0.000000,52.000000,92.500696,0.000000,355.988858
3053,6640.441128,0.000000,52.000000,93.002089,0.000000,347.966574
3054,6640.441128,0.000000,52.000000,93.503482,0.000000,339.944290
3056,6640.441128,0.000000,52.000000,94.506267,0.000000,323.899721
3059,6640.441128,0.000000,52.000000,96.010446,0.000000,299.832869
3060,6640.441128,0.000000,52.000000,96.511838,0.000000,291.810585
3062,6640.441128,0.000000,52.000000,97.514624,0.000000,275.766017
3063,6640.441128,0.000000,52.000000,98.016017,0.000000,267.743733
3070,6640.441128,0.000000,52.000000,101.525766,0.000000,211.587744
3071,6640.441128,0.000000,52.000000,102.027159,0.000000,203.565460
3072,6640.441128,0.000000,52.000000,102.528552,0.000000,195.543175
3073,6640.441128,0.000000,52.000000,103.029944,0.000000,187.520891
3074,6640.441128,0.000000,52.000000,103.531337,0.000000,179.498607
3075,6640.441128,0.000000,52.000000,104.032730,0.000000,171.476323
3076,6640.441128,0.000000,52.000000,104.534123,0.000000,163.454039
3077,6640.441128,0.000000,52.000000,105.035515,0.000000,155.431755
3078,6640.441128,0.000000,52.000000,105.536908,0.000000,147.409471
3081,6640.441128,0.000000,52.000000,107.041086,0.000000,123.342618
3082,6640.441128,0.000000,52.000000,107.542479,0.000000,115.320334
3084,6640.441128,0.000000,52.000000,108.545265,0.000000,99.275766
3086,6640.441128,0.000000,52.000000,109.548050,0.000000,83.231198
3087,6640.441128,0.000000,52.000000,110.049443,0.000000,75.208914
3088,6640.441128,0.000000,52.000000,110.550836,0.000000,67.186630
3090,6640.441128,0.000000,52.000000,111.553621,0.000000,51.142061
3092,6640.441128,0.000000,52.000000,112.556407,0.000000,35.097493
3094,6640.441128,0.000000,52.000000,113.559192,0.000000,19.052925
3095,6640.441128,0.000000,52.000000,114.060585,0.000000,11.030641
3098,6640.441128,0.000000,52.000000,115.564763,0.000000,346.963788
3100,6640.441128,0.000000,52.000000,116.567549,0.000000,330.919220
3101,6640.441128,0.000000,52.000000,117.068942,0.000000,322.896936
3102,6640.441128,0.000000,52.000000,117.570334,0.000000,314.874652
3103,6640.441128,0.000000,52.000000,118.071727,0.000000,306.852368
3104,6640.441128,0.000000,52.000000,118.573120,0.000000,298.830084
3106,6640.441128,0.000000,52.000000,119.575905,0.000000,282.785515
3108,6640.441128,0.000000,52.000000,120.578691,0.000000,266.740947
3111,6640.441128,0.000000,52.000000,122.082869,0.000000,242.674095
3112,6640.441128,0.000000,52.000000,122.584262,0.000000,234.651811
3113,6640.441128,0.000000,52.000000,123.085655,0.000000,226.629526
3114,6640.441128,0.000000,52.000000,123.587047,0.000000,218.607242
3115,6640.441128,0.000000,52.000000,124.088440,0.000000,210.584958
3116,6640.441128,0.000000,52.000000,124.589833,0.000000,202.562674
3118,6640.441128,0.000000,52.000000,125.592618,0.000000,186.518106
3119,6640.441128,0.000000,52.000000,126.094011,0.000000,178.495822
3120,6640.441128,0.000000,52.000000,126.595404,0.000000,170.473538
3121,6640.441128,0.000000,52.000000,127.096797,0.000000,162.451253
3123,6640.441128,0.000000,52.000000,128.099582,0.000000,146.406685
3124,6640.441128,0.000000,52.000000,128.600975,0.000000,138.384401
3127,6640.441128,0.000000,52.000000,130.105153,0.000000,114.317549
3128,6640.441128,0.000000,52.000000,130.606546,0.000000,106.295265
3130,6640.441128,0.000000,52.000000,131.609331,0.000000,90.250696
3131,6640.441128,0.000000,52.000000,132.110724,0.000000,82.228412
3132,6640.441128,0.000000,52.000000,132.612117,0.000000,74.206128
3133,6640.441128,0.000000,52.000000,133.113510,0.000000,66.183844
3134,6640.441128,0.000000,52.000000,133.614903,0.000000,58.161560
3135,6640.441128,0.000000,52.000000,134.116295,0.000000,50.139276
3139,6640.441128,0.000000,52.000000,136.121866,0.000000,18.050139
3141,6640.441128,0.000000,52.000000,137.124652,0.000000,2.005571
3142,6640.441128,0.000000,52.000000,137.626045,0.000000,353.983287
3145,6640.441128,0.000000,52.000000,139.130223,0.000000,329.916435
3146,6640.441128,0.000000,52.000000,139.631616,0.000000,321.894150
3147,6640.441128,0.000000,52.000000,140.133008,0.000000,313.871866
3148,6640.441128,0.000000,52.000000,140.634401,0.000000,305.849582
3149,6640.441128,0.000000,52.000000,141.135794,0.000000,297.827298
3151,6640.441128,0.000000,52.000000,142.138579,0.000000,281.782730
3152,6640.441128,0.000000,52.000000,142.639972,0.000000,273.760446
3154,6640.441128,0.000000,52.000000,143.642758,0.000000,257.715877
3155,6640.441128,0.000000,52.000000,144.144150,0.000000,249.693593
3156,6640.441128,0.000000,52.000000,144.645543,0.000000,241.671309
3159,6640.441128,0.000000,52.000000,146.149721,0.000000,217.604457
3161,6640.441128,0.000000,52.000000,147.152507,0.000000,201.559889
3163,6640.441128,0.000000,52.000000,148.155292,0.000000,185.515320
3164,6640.441128,0.000000,52.000000,148.656685,0.000000,177.493036
3165,6640.441128,0.000000,52.000000,149.158078,0.000000,169.470752
3166,6640.441128,0.000000,52.000000,149.659471,0.000000,161.448468
3171,6640.441128,0.000000,52.000000,152.166435,0.000000,121.337047
3172,6640.441128,0.000000,52.000000,152.667827,0.000000,113.314763
3173,6640.441128,0.000000,52.000000,153.169220,0.000000,105.292479
3174,6640.441128,0.000000,52.000000,153.670613,0.000000,97.270195
3176,6640.441128,0.000000,52.000000,154.673398,0.000000,81.225627
3177,6640.441128,0.000000,52.000000,155.174791,0.000000,73.203343
3179,6640.441128,0.000000,52.000000,156.177577,0.000000,57.158774
3180,6640.441128,0.000000,52.000000,156.678969,0.000000,49.136490
3181,6640.441128,0.000000,52.000000,157.180362,0.000000,41.114206
3182,6640.441128,0.000000,52.000000,157.681755,0.000000,33.091922
3183,6640.441128,0.000000,52.000000,158.183148,0.000000,25.069638
3184,6640.441128,0.000000,52.000000,158.684540,0.000000,17.047354
3187,6640.441128,0.000000,52.000000,160.188719,0.000000,352.980501
3188,6640.441128,0.000000,52.000000,160.690111,0.000000,344.958217
3189,6640.441128,0.000000,52.000000,161.191504,0.000000,336.935933
3190,6640.441128,0.000000,52.000000,161.692897,0.000000,328.913649
3192,6640.441128,0.000000,52.000000,162.695682,0.000000,312.869081
3193,6640.441128,0.000000,52.000000,163.197075,0.000000,304.846797
3195,6640.441128,0.000000,52.000000,164.199861,0.000000,288.802228
3196,6640.441128,0.000000,52.000000,164.701253,0.000000,280.779944
3200,6640.441128,0.000000,52.000000,166.706825,0.000000,248.690808
3202,6640.441128,0.000000,52.000000,167.709610,0.000000,232.646240
3204,6640.441128,0.000000,52.000000,168.712396,0.000000,216.601671
3206,6640.441128,0.000000,52.000000,169.715181,0.000000,200.557103
3207,6640.441128,0.000000,52.000000,170.216574,0.000000,192.534819
3208,6640.441128,0.000000,52.000000,170.717967,0.000000,184.512535
3212,6640.441128,0.000000,52.000000,172.723538,0.000000,152.423398
3213,6640.441128,0.000000,52.000000,173.224930,0.000000,144.401114
3214,6640.441128,0.000000,52.000000,173.726323,0.000000,136.378830
3215,6640.441128,0.000000,52.000000,174.227716,0.000000,128.356546
3216,6640.441128,0.000000,52.000000,174.729109,0.000000,120.334262
3219,6640.441128,0.000000,52.000000,176.233287,0.000000,96.267409
3220,6640.441128,0.000000,52.000000,176.734680,0.000000,88.245125
3221,6640.441128,0.000000,52.000000,177.236072,0.000000,80.222841
3222,6640.441128,0.000000,52.000000,177.737465,0.000000,72.200557
3224,6640.441128,0.000000,52.000000,178.740251,0.000000,56.155989
3225,6640.441128,0.000000,52.000000,179.241643,0.000000,48.133705
3229,6640.441128,0.000000,52.000000,181.247214,0.000000,16.044568
3230,6640.441128,0.000000,52.000000,181.748607,0.000000,8.022284
3231,6640.441128,0.000000,52.000000,182.250000,0.000000,360.000000
3232,6640.441128,0.000000,52.000000,182.751393,0.000000,351.977716
3236,6640.441128,0.000000,52.000000,184.756964,0.000000,319.888579
3237,6640.441128,0.000000,52.000000,185.258357,0.000000,311.866295
3239,6640.441128,0.000000,52.000000,186.261142,0.000000,295.821727
3240,6640.441128,0.000000,52.000000,186.762535,0.000000,287.799443
3241,6640.441128,0.000000,52.000000,187.263928,0.000000,279.777159
3242,6640.441128,0.000000,52.000000,187.765320,0.000000,271.754875
3243,6640.441128,0.000000,52.000000,188.266713,0.000000,263.732591
3244,6640.441128,0.000000,52.000000,188.768106,0.000000,255.710306
3245,6640.441128,0.000000,52.000000,189.269499,0.000000,247.688022
3246,6640.441128,0.000000,52.000000,189.770891,0.000000,239.665738
3247,6640.441128,0.000000,52.000000,190.272284,0.000000,231.643454
3249,6640.441128,0.000000,52.000000,191.275070,0.000000,215.598886
3250,6640.441128,0.000000,52.000000,191.776462,0.000000,207.576602
3253,6640.441128,0.000000,52.000000,193.280641,0.000000,183.509749
3254,6640.441128,0.000000,52.000000,193.782033,0.000000,175.487465
3255,6640.441128,0.000000,52.000000,194.283426,0.000000,167.465181
3257,6640.441128,0.000000,52.000000,195.286212,0.000000,151.420613
3258,6640.441128,0.000000,52.000000,195.787604,0.000000,143.398329
3260,6640.441128,0.000000,52.000000,196.790390,0.000000,127.353760
3261,6640.441128,0.000000,52.000000,197.291783,0.000000,119.331476
3264,6640.441128,0.000000,52.000000,198.795961,0.000000,95.264624
3265,6640.441128,0.000000,52.000000,199.297354,0.000000,87.242340
3267,6640.441128,0.000000,52.000000,200.300139,0.000000,71.197772
3269,6640.441128,0.000000,52.000000,201.302925,0.000000,55.153203
3270,6640.441128,0.000000,52.000000,201.804318,0.000000,47.130919
3271,6640.441128,0.000000,52.000000,202.305710,0.000000,39.108635
3272,6640.441128,0.000000,52.000000,202.807103,0.000000,31.086351
3273,6640.441128,0.000000,52.000000,203.308496,0.000000,23.064067
3275,6640.441128,0.000000,52.000000,204.311281,0.000000,7.019499
3277,6640.441128,0.000000,52.000000,205.314067,0.000000,350.974930
3278,6640.441128,0.000000,52.000000,205.815460,0.000000,342.952646
3279,6640.441128,0.000000,52.000000,206.316852,0.000000,334.930362
3280,6640.441128,0.000000,52.000000,206.818245,0.000000,326.908078
3281,6640.441128,0.000000,52.000000,207.319638,0.000000,318.885794
3282,6640.441128,0.000000,52.000000,207.821031,0.000000,310.863510
3284,6640.441128,0.000000,52.000000,208.823816,0.000000,294.818942
3285,6640.441128,0.000000,52.000000,209.325209,0.000000,286.796657
3286,6640.441128,0.000000,52.000000,209.826602,0.000000,278.774373
3288,6640.441128,0.000000,52.000000,210.829387,0.000000,262.729805
3289,6640.441128,0.000000,52.000000,211.330780,0.000000,254.707521
3290,6640.441128,0.000000,52.000000,211.832173,0.000000,246.685237
3293,6640.441128,0.000000,52.000000,213.336351,0.000000,222.618384
3295,6640.441128,0.000000,52.000000,214.339136,0.000000,206.573816
3297,6640.441128,0.000000,52.000000,215.341922,0.000000,190.529248
3304,6640.441128,0.000000,52.000000,218.851671,0.000000,134.373259
3306,6640.441128,0.000000,52.000000,219.854457,0.000000,118.328691
3313,6640.441128,0.000000,52.000000,223.364206,0.000000,62.172702
3314,6640.441128,0.000000,52.000000,223.865599,0.000000,54.150418
3315,6640.441128,0.000000,52.000000,224.366992,0.000000,46.128134
3316,6640.441128,0.000000,52.000000,224.868384,0.000000,38.105850
3318,6640.441128,0.000000,52.000000,225.871170,0.000000,22.061281
3319,6640.441128,0.000000,52.000000,226.372563,0.000000,14.038997
3320,6640.441128,0.000000,52.000000,226.873955,0.000000,6.016713
3322,6640.441128,0.000000,52.000000,227.876741,0.000000,349.972145
3323,6640.441128,0.000000,52.000000,228.378134,0.000000,341.949861
3325,6640.441128,0.000000,52.000000,229.380919,0.000000,325.905292
3327,6640.441128,0.000000,52.000000,230.383705,0.000000,309.860724
3328,6640.441128,0.000000,52.000000,230.885097,0.000000,301.838440
3330,6640.441128,0.000000,52.000000,231.887883,0.000000,285.793872
3331,6640.441128,0.000000,52.000000,232.389276,0.000000,277.771588
3332,6640.441128,0.000000,52.000000,232.890669,0.000000,269.749304
3334,6640.441128,0.000000,52.000000,233.893454,0.000000,253.704735
3335,6640.441128,0.000000,52.000000,234.394847,0.000000,245.682451
3337,6640.441128,0.000000,52.000000,235.397632,0.000000,229.637883
3341,6640.441128,0.000000,52.000000,237.403203,0.000000,197.548747
3343,6640.441128,0.000000,52.000000,238.405989,0.000000,181.504178
3345,6640.441128,0.000000,52.000000,239.408774,0.000000,165.459610
3346,6640.441128,0.000000,52.000000,239.910167,0.000000,157.437326
3347,6640.441128,0.000000,52.000000,240.411560,0.000000,149.415042
3349,6640.441128,0.000000,52.000000,241.414345,0.000000,133.370474
3352,6640.441128,0.000000,52.000000,242.918524,0.000000,109.303621
3353,6640.441128,0.000000,52.000000,243.419916,0.000000,101.281337
3354,6640.441128,0.000000,52.000000,243.921309,0.000000,93.259053
3356,6640.441128,0.000000,52.000000,244.924095,0.000000,77.214485
3357,6640.441128,0.000000,52.000000,245.425487,0.000000,69.192201
3360,6640.441128,0.000000,52.000000,246.929666,0.000000,45.125348
3363,6640.441128,0.000000,52.000000,248.433844,0.000000,21.058496
3364,6640.441128,0.000000,52.000000,248.935237,0.000000,13.036212
3365,6640.441128,0.000000,52.000000,249.436630,0.000000,5.013928
3367,6640.441128,0.000000,52.000000,250.439415,0.000000,348.969359
3369,6640.441128,0.000000,52.000000,251.442201,0.000000,332.924791
3371,6640.441128,0.000000,52.000000,252.444986,0.000000,316.880223
3374,6640.441128,0.000000,52.000000,253.949164,0.000000,292.813370
3375,6640.441128,0.000000,52.000000,254.450557,0.000000,284.791086
3376,6640.441128,0.000000,52.000000,254.951950,0.000000,276.768802
3377,6640.441128,0.000000,52.000000,255.453343,0.000000,268.746518
3378,6640.441128,0.000000,52.000000,255.954735,0.000000,260.724234
3379,6640.441128,0.000000,52.000000,256.456128,0.000000,252.701950
3380,6640.441128,0.000000,52.000000,256.957521,0.000000,244.679666
3381,6640.441128,0.000000,52.000000,257.458914,0.000000,236.657382
3382,6640.441128,0.000000,52.000000,257.960306,0.000000,228.635097
3384,6640.441128,0.000000,52.000000,258.963092,0.000000,212.590529
3385,6640.441128,0.000000,52.000000,259.464485,0.000000,204.568245
3386,6640.441128,0.000000,52.000000,259.965877,0.000000,196.545961
3392,6640.441128,0.000000,52.000000,262.974234,0.000000,148.412256
3393,6640.441128,0.000000,52.000000,263.475627,0.000000,140.389972
3395,6640.441128,0.000000,52.000000,264.478412,0.000000,124.345404
3398,6640.441128,0.000000,52.000000,265.982591,0.000000,100.278552
3399,6640.441128,0.000000,52.000000,266.483983,0.000000,92.256267
3401,6640.441128,0.000000,52.000000,267.486769,0.000000,76.211699
3402,6640.441128,0.000000,52.000000,267.988162,0.000000,68.189415
3404,6640.441128,0.000000,52.000000,268.990947,0.000000,52.144847
3405,6640.441128,0.000000,52.000000,269.492340,0.000000,44.122563
3406,6640.441128,0.000000,52.000000,269.993733,0.000000,36.100279
3407,6640.441128,0.000000,52.000000,270.495125,0.000000,28.077994
3408,6640.441128,0.000000,52.000000,270.996518,0.000000,20.055710
3410,6640.441128,0.000000,52.000000,271.999304,0.000000,4.011142
3411,6640.441128,0.000000,52.000000,272.500696,0.000000,355.988858
3412,6640.441128,0.000000,52.000000,273.002089,0.000000,347.966574
3413,6640.441128,0.000000,52.000000,273.503482,0.000000,339.944290
3414,6640.441128,0.000000,52.000000,274.004875,0.000000,331.922006
3415,6640.441128,0.000000,52.000000,274.506267,0.000000,323.899721
3416,6640.441128,0.000000,52.000000,275.007660,0.000000,315.877437
3418,6640.441128,0.000000,52.000000,276.010446,0.000000,299.832869
3419,6640.441128,0.000000,52.000000,276.511838,0.000000,291.810585
3420,6640.441128,0.000000,52.000000,277.013231,0.000000,283.788301
3425,6640.441128,0.000000,52.000000,279.520195,0.000000,243.676880
3426,6640.441128,0.000000,52.000000,280.021588,0.000000,235.654596
3427,6640.441128,0.000000,52.000000,280.522981,0.000000,227.632312
3428,6640.441128,0.000000,52.000000,281.024373,0.000000,219.610028
3429,6640.441128,0.000000,52.000000,281.525766,0.000000,211.587744
3430,6640.441128,0.000000,52.000000,282.027159,0.000000,203.565460
3431,6640.441128,0.000000,52.000000,282.528552,0.000000,195.543175
3436,6640.441128,0.000000,52.000000,285.035515,0.000000,155.431755
3438,6640.441128,0.000000,52.000000,286.038301,0.000000,139.387187
3439,6640.441128,0.000000,52.000000,286.539694,0.000000,131.364903
3440,6640.441128,0.000000,52.000000,287.041086,0.000000,123.342618
3441,6640.441128,0.000000,52.000000,287.542479,0.000000,115.320334
3442,6640.441128,0.000000,52.000000,288.043872,0.000000,107.298050
3443,6640.441128,0.000000,52.000000,288.545265,0.000000,99.275766
3444,6640.441128,0.000000,52.000000,289.046657,0.000000,91.253482
3446,6640.441128,0.000000,52.000000,290.049443,0.000000,75.208914
3448,6640.441128,0.000000,52.000000,291.052228,0.000000,59.164345
3449,6640.441128,0.000000,52.000000,291.553621,0.000000,51.142061
3450,6640.441128,0.000000,52.000000,292.055014,0.000000,43.119777
3451,6640.441128,0.000000,52.000000,292.556407,0.000000,35.097493
3453,6640.441128,0.000000,52.000000,293.559192,0.000000,19.052925
3455,6640.441128,0.000000,52.000000,294.561978,0.000000,3.008357
3456,6640.441128,0.000000,52.000000,295.063370,0.000000,354.986072
3458,6640.441128,0.000000,52.000000,296.066156,0.000000,338.941504
3459,6640.441128,0.000000,52.000000,296.567549,0.000000,330.919220
3460,6640.441128,0.000000,52.000000,297.068942,0.000000,322.896936
3463,6640.441128,0.000000,52.000000,298.573120,0.000000,298.830084
3464,6640.441128,0.000000,52.000000,299.074513,0.000000,290.807799
3465,6640.441128,0.000000,52.000000,299.575905,0.000000,282.785515
3466,6640.441128,0.000000,52.000000,300.077298,0.000000,274.763231
3467,6640.441128,0.000000,52.000000,300.578691,0.000000,266.740947
3469,6640.441128,0.000000,52.000000,301.581476,0.000000,250.696379
3470,6640.441128,0.000000,52.000000,302.082869,0.000000,242.674095
3471,6640.441128,0.000000,52.000000,302.584262,0.000000,234.651811
3475,6640.441128,0.000000,52.000000,304.589833,0.000000,202.562674
3476,6640.441128,0.000000,52.000000,305.091226,0.000000,194.540390
3477,6640.441128,0.000000,52.000000,305.592618,0.000000,186.518106
3478,6640.441128,0.000000,52.000000,306.094011,0.000000,178.495822
3479,6640.441128,0.000000,52.000000,306.595404,0.000000,170.473538
3480,6640.441128,0.000000,52.000000,307.096797,0.000000,162.451253
3481,6640.441128,0.000000,52.000000,307.598189,0.000000,154.428969
3482,6640.441128,0.000000,52.000000,308.099582,0.000000,146.406685
3484,6640.441128,0.000000,52.000000,309.102368,0.000000,130.362117
3485,6640.441128,0.000000,52.000000,309.603760,0.000000,122.339833
3487,6640.441128,0.000000,52.000000,310.606546,0.000000,106.295265
3488,6640.441128,0.000000,52.000000,311.107939,0.000000,98.272981
3493,6640.441128,0.000000,52.000000,313.614903,0.000000,58.161560
3494,6640.441128,0.000000,52.000000,314.116295,0.000000,50.139276
3497,6640.441128,0.000000,52.000000,315.620474,0.000000,26.072423
3498,6640.441128,0.000000,52.000000,316.121866,0.000000,18.050139
3499,6640.441128,0.000000,52.000000,316.623259,0.000000,10.027855
3500,6640.441128,0.000000,52.000000,317.124652,0.000000,2.005571
3501,6640.441128,0.000000,52.000000,317.626045,0.000000,353.983287
3503,6640.441128,0.000000,52.000000,318.628830,0.000000,337.938719
3504,6640.441128,0.000000,52.000000,319.130223,0.000000,329.916435
3505,6640.441128,0.000000,52.000000,319.631616,0.000000,321.894150
3508,6640.441128,0.000000,52.000000,321.135794,0.000000,297.827298
3509,6640.441128,0.000000,52.000000,321.637187,0.000000,289.805014
3510,6640.441128,0.000000,52.000000,322.138579,0.000000,281.782730
3512,6640.441128,0.000000,52.000000,323.141365,0.000000,265.738162
3513,6640.441128,0.000000,52.000000,323.642758,0.000000,257.715877
3515,6640.441128,0.000000,52.000000,324.645543,0.000000,241.671309
3516,6640.441128,0.000000,52.000000,325.146936,0.000000,233.649025
3517,6640.441128,0.000000,52.000000,325.648329,0.000000,225.626741
3518,6640.441128,0.000000,52.000000,326.149721,0.000000,217.604457
3521,6640.441128,0.000000,52.000000,327.653900,0.000000,193.537604
3523,6640.441128,0.000000,52.000000,328.656685,0.000000,177.493036
3525,6640.441128,0.000000,52.000000,329.659471,0.000000,161.448468
3527,6640.441128,0.000000,52.000000,330.662256,0.000000,145.403900
3528,6640.441128,0.000000,52.000000,331.163649,0.000000,137.381616
3529,6640.441128,0.000000,52.000000,331.665042,0.000000,129.359331
3531,6640.441128,0.000000,52.000000,332.667827,0.000000,113.314763
3532,6640.441128,0.000000,52.000000,333.169220,0.000000,105.292479
3533,6640.441128,0.000000,52.000000,333.670613,0.000000,97.270195
3537,6640.441128,0.000000,52.000000,335.676184,0.000000,65.181058
3539,6640.441128,0.000000,52.000000,336.678969,0.000000,49.136490
3540,6640.441128,0.000000,52.000000,337.180362,0.000000,41.114206
3542,6640.441128,0.000000,52.000000,338.183148,0.000000,25.069638
3543,6640.441128,0.000000,52.000000,338.684540,0.000000,17.047354
3544,6640.441128,0.000000,52.000000,339.185933,0.000000,9.025070
3545,6640.441128,0.000000,52.000000,339.687326,0.000000,1.002786
3546,6640.441128,0.000000,52.000000,340.188719,0.000000,352.980501
3547,6640.441128,0.000000,52.000000,340.690111,0.000000,344.958217
3548,6640.441128,0.000000,52.000000,341.191504,0.000000,336.935933
3550,6640.441128,0.000000,52.000000,342.194290,0.000000,320.891365
3551,6640.441128,0.000000,52.000000,342.695682,0.000000,312.869081
3552,6640.441128,0.000000,52.000000,343.197075,0.000000,304.846797
3554,6640.441128,0.000000,52.000000,344.199861,0.000000,288.802228
3558,6640.441128,0.000000,52.000000,346.205432,0.000000,256.713092
3560,6640.441128,0.000000,52.000000,347.208217,0.000000,240.668524
3561,6640.441128,0.000000,52.000000,347.709610,0.000000,232.646240
3563,6640.441128,0.000000,52.000000,348.712396,0.000000,216.601671
3564,6640.441128,0.000000,52.000000,349.213788,0.000000,208.579387
3565,6640.441128,0.000000,52.000000,349.715181,0.000000,200.557103
3566,6640.441128,0.000000,52.000000,350.216574,0.000000,192.534819
3571,6640.441128,0.000000,52.000000,352.723538,0.000000,152.423398
3572,6640.441128,0.000000,52.000000,353.224930,0.000000,144.401114
3574,6640.441128,0.000000,52.000000,354.227716,0.000000,128.356546
3576,6640.441128,0.000000,52.000000,355.230501,0.000000,112.311978
3578,6640.441128,0.000000,52.000000,356.233287,0.000000,96.267409
3579,6640.441128,0.000000,52.000000,356.734680,0.000000,88.245125
3580,6640.441128,0.000000,52.000000,357.236072,0.000000,80.222841
3581,6640.441128,0.000000,52.000000,357.737465,0.000000,72.200557
3583,6640.441128,0.000000,52.000000,358.740251,0.000000,56.155989
3584,6640.441128,0.000000,52.000000,359.241643,0.000000,48.133705
3585,6640.441128,0.000000,52.000000,359.743036,0.000000,40.111421
3587,6640.441128,0.000000,52.000000,0.745822,0.000000,24.066852
3588,6640.441128,0.000000,52.000000,1.247214,0.000000,16.044568
3589,6640.441128,0.000000,52.000000,1.748607,0.000000,8.022284
3590,6640.441128,0.000000,58.000000,20.250000,0.000000,0.000000
3591,6640.441128,0.000000,58.000000,20.751393,0.000000,351.977716
3592,6640.441128,0.000000,58.000000,21.252786,0.000000,343.955432
3593,6640.441128,0.000000,58.000000,21.754178,0.000000,335.933148
3594,6640.441128,0.000000,58.000000,22.255571,0.000000,327.910864
3595,6640.441128,0.000000,58.000000,22.756964,0.000000,319.888579
3596,6640.441128,0.000000,58.000000,23.258357,0.000000,311.866295
3597,6640.441128,0.000000,58.000000,23.759749,0.000000,303.844011
3598,6640.441128,0.000000,58.000000,24.261142,0.000000,295.821727
3599,6640.441128,0.000000,58.000000,24.762535,0.000000,287.799443
3600,6640.441128,0.000000,58.000000,25.263928,0.000000,279.777159
3601,6640.441128,0.000000,58.000000,25.765320,0.000000,271.754875
3602,6640.441128,0.000000,58.000000,26.266713,0.000000,263.732591
3603,6640.441128,0.000000,58.000000,26.768106,0.000000,255.710306
3604,6640.441128,0.000000,58.000000,27.269499,0.000000,247.688022
3605,6640.441128,0.000000,58.000000,27.770891,0.000000,239.665738
3606,6640.441128,0.000000,58.000000,28.272284,0.000000,231.643454
3607,6640.441128,0.000000,58.000000,28.773677,0.000000,223.621170
3608,6640.441128,0.000000,58.000000,29.275070,0.000000,215.598886
3609,6640.441128,0.000000,58.000000,29.776462,0.000000,207.576602
3610,6640.441128,0.000000,58.000000,30.277855,0.000000,199.554318
3611,6640.441128,0.000000,58.000000,30.779248,0.000000,191.532033
3612,6640.441128,0.000000,58.000000,31.280641,0.000000,183.509749
3613,6640.441128,0.000000,58.000000,31.782033,0.000000,175.487465
3614,6640.441128,0.000000,58.000000,32.283426,0.000000,167.465181
3615,6640.441128,0.000000,58.000000,32.784819,0.000000,159.442897
3616,6640.441128,0.000000,58.000000,33.286212,0.000000,151.420613
3617,6640.441128,0.000000,58.000000,33.787604,0.000000,143.398329
3618,6640.441128,0.000000,58.000000,34.288997,0.000000,135.376045
3619,6640.441128,0.000000,58.000000,34.790390,0.000000,127.353760
3620,6640.441128,0.000000,58.000000,35.291783,0.000000,119.331476
3621,6640.441128,0.000000,58.000000,35.793175,0.000000,111.309192
3622,6640.441128,0.000000,58.000000,36.294568,0.000000,103.286908
3623,6640.441128,0.000000,58.000000,36.795961,0.000000,95.264624
3624,6640.441128,0.000000,58.000000,37.297354,0.000000,87.242340
3625,6640.441128,0.000000,58.000000,37.798747,0.000000,79.220056
3626,6640.441128,0.000000,58.000000,38.300139,0.000000,71.197772
3627,6640.441128,0.000000,58.000000,38.801532,0.000000,63.175487
3628,6640.441128,0.000000,58.000000,39.302925,0.000000,55.153203
3629,6640.441128,0.000000,58.000000,39.804318,0.000000,47.130919
3630,6640.441128,0.000000,58.000000,40.305710,0.000000,39.108635
3631,6640.441128,0.000000,58.000000,40.807103,0.000000,31.086351
3632,6640.441128,0.000000,58.000000,41.308496,0.000000,23.064067
3633,6640.441128,0.000000,58.000000,41.809889,0.000000,15.041783
3634,6640.441128,0.000000,58.000000,42.311281,0.000000,7.019499
3635,6640.441128,0.000000,58.000000,42.812674,0.000000,358.997214
3636,6640.441128,0.000000,58.000000,43.314067,0.000000,350.974930
3637,6640.441128,0.000000,58.000000,43.815460,0.000000,342.952646
3638,6640.441128,0.000000,58.000000,44.316852,0.000000,334.930362
3639,6640.441128,0.000000,58.000000,44.818245,0.000000,326.908078
3640,6640.441128,0.000000,58.000000,45.319638,0.000000,318.885794
3641,6640.441128,0.000000,58.000000,45.821031,0.000000,310.863510
3642,6640.441128,0.000000,58.000000,46.322423,0.000000,302.841226
3643,6640.441128,0.000000,58.000000,46.823816,0.000000,294.818942
3644,6640.441128,0.000000,58.000000,47.325209,0.000000,286.796657
3645,6640.441128,0.000000,58.000000,47.826602,0.000000,278.774373
3646,6640.441128,0.000000,58.000000,48.327994,0.000000,270.752089
3647,6640.441128,0.000000,58.000000,48.829387,0.000000,262.729805
3648,6640.441128,0.000000,58.000000,49.330780,0.000000,254.707521
3649,6640.441128,0.000000,58.000000,49.832173,0.000000,246.685237
3650,6640.441128,0.000000,58.000000,50.333565,0.000000,238.662953
3651,6640.441128,0.000000,58.000000,50.834958,0.000000,230.640669
3652,6640.441128,0.000000,58.000000,51.336351,0.000000,222.618384
3653,6640.441128,0.000000,58.000000,51.837744,0.000000,214.596100
3654,6640.441128,0.000000,58.000000,52.339136,0.000000,206.573816
3655,6640.441128,0.000000,58.000000,52.840529,0.000000,198.551532
3656,6640.441128,0.000000,58.000000,53.341922,0.000000,190.529248
3657,6640.441128,0.000000,58.000000,53.843315,0.000000,182.506964
3658,6640.441128,0.000000,58.000000,54.344708,0.000000,174.484680
3659,6640.441128,0.000000,58.000000,54.846100,0.000000,166.462396
3660,6640.441128,0.000000,58.000000,55.347493,0.000000,158.440111
3661,6640.441128,0.000000,58.000000,55.848886,0.000000,150.417827
3662,6640.441128,0.000000,58.000000,56.350279,0.000000,142.395543
3663,6640.441128,0.000000,58.000000,56.851671,0.000000,134.373259
3664,6640.441128,0.000000,58.000000,57.353064,0.000000,126.350975
3665,6640.441128,0.000000,58.000000,57.854457,0.000000,118.328691
3666,6640.441128,0.000000,58.000000,58.355850,0.000000,110.306407
3667,6640.441128,0.000000,58.000000,58.857242,0.000000,102.284123
3668,6640.441128,0.000000,58.000000,59.358635,0.000000,94.261838
3669,6640.441128,0.000000,58.000000,59.860028,0.000000,86.239554
3670,6640.441128,0.000000,58.000000,60.361421,0.000000,78.217270
3671,6640.441128,0.000000,58.000000,60.862813,0.000000,70.194986
3672,6640.441128,0.000000,58.000000,61.364206,0.000000,62.172702
3673,6640.441128,0.000000,58.000000,61.865599,0.000000,54.150418
3674,6640.441128,0.000000,58.000000,62.366992,0.000000,46.128134
3675,6640.441128,0.000000,58.000000,62.868384,0.000000,38.105850
3676,6640.441128,0.000000,58.000000,63.369777,0.000000,30.083565
3677,6640.441128,0.000000,58.000000,63.871170,0.000000,22.061281
3678,6640.441128,0.000000,58.000000,64.372563,0.000000,14.038997
3679,6640.441128,0.000000,58.000000,64.873955,0.000000,6.016713
3680,6640.441128,0.000000,58.000000,65.375348,0.000000,357.994429
3681,6640.441128,0.000000,58.000000,65.876741,0.000000,349.972145
3682,6640.441128,0.000000,58.000000,66.378134,0.000000,341.949861
3683,6640.441128,0.000000,58.000000,66.879526,0.000000,333.927577
3684,6640.441128,0.000000,58.000000,67.380919,0.000000,325.905292
3685,6640.441128,0.000000,58.000000,67.882312,0.000000,317.883008
3686,6640.441128,0.000000,58.000000,68.383705,0.000000,309.860724
3687,6640.441128,0.000000,58.000000,68.885097,0.000000,301.838440
3688,6640.441128,0.000000,58.000000,69.386490,0.000000,293.816156
3689,6640.441128,0.000000,58.000000,69.887883,0.000000,285.793872
3690,6640.441128,0.000000,58.000000,70.389276,0.000000,277.771588
3691,6640.441128,0.000000,58.000000,70.890669,0.000000,269.749304
3692,6640.441128,0.000000,58.000000,71.392061,0.000000,261.727019
3693,6640.441128,0.000000,58.000000,71.893454,0.000000,253.704735
3694,6640.441128,0.000000,58.000000,72.394847,0.000000,245.682451
3695,6640.441128,0.000000,58.000000,72.896240,0.000000,237.660167
3696,6640.441128,0.000000,58.000000,73.397632,0.000000,229.637883
3697,6640.441128,0.000000,58.000000,73.899025,0.000000,221.615599
3698,6640.441128,0.000000,58.000000,74.400418,0.000000,213.593315
3699,6640.441128,0.000000,58.000000,74.901811,0.000000,205.571031
3700,6640.441128,0.000000,58.000000,75.403203,0.000000,197.548747
3701,6640.441128,0.000000,58.000000,75.904596,0.000000,189.526462
3702,6640.441128,0.000000,58.000000,76.405989,0.000000,181.504178
3703,6640.441128,0.000000,58.000000,76.907382,0.000000,173.481894
3704,6640.441128,0.000000,58.000000,77.408774,0.000000,165.459610
3705,6640.441128,0.000000,58.000000,77.910167,0.000000,157.437326
3706,6640.441128,0.000000,58.000000,78.411560,0.000000,149.415042
3707,6640.441128,0.000000,58.000000,78.912953,0.000000,141.392758
3708,6640.441128,0.000000,58.000000,79.414345,0.000000,133.370474
3709,6640.441128,0.000000,58.000000,79.915738,0.000000,125.348189
3710,6640.441128,0.000000,58.000000,80.417131,0.000000,117.325905
3711,6640.441128,0.000000,58.000000,80.918524,0.000000,109.303621
3712,6640.441128,0.000000,58.000000,81.419916,0.000000,101.281337
3713,6640.441128,0.000000,58.000000,81.921309,0.000000,93.259053
3714,6640.441128,0.000000,58.000000,82.422702,0.000000,85.236769
3715,6640.441128,0.000000,58.000000,82.924095,0.000000,77.214485
3716,6640.441128,0.000000,58.000000,83.425487,0.000000,69.192201
3717,6640.441128,0.000000,58.000000,83.926880,0.000000,61.169916
3719,6640.441128,0.000000,58.000000,84.929666,0.000000,45.125348
3720,6640.441128,0.000000,58.000000,85.431058,0.000000,37.103064
3721,6640.441128,0.000000,58.000000,85.932451,0.000000,29.080780
3722,6640.441128,0.000000,58.000000,86.433844,0.000000,21.058496
3723,6640.441128,0.000000,58.000000,86.935237,0.000000,13.036212
3724,6640.441128,0.000000,58.000000,87.436630,0.000000,5.013928
3725,6640.441128,0.000000,58.000000,87.938022,0.000000,356.991643
3726,6640.441128,0.000000,58.000000,88.439415,0.000000,348.969359
3728,6640.441128,0.000000,58.000000,89.442201,0.000000,332.924791
3729,6640.441128,0.000000,58.000000,89.943593,0.000000,324.902507
3730,6640.441128,0.000000,58.000000,90.444986,0.000000,316.880223
3731,6640.441128,0.000000,58.000000,90.946379,0.000000,308.857939
3732,6640.441128,0.000000,58.000000,91.447772,0.000000,300.835655
3733,6640.441128,0.000000,58.000000,91.949164,0.000000,292.813370
3734,6640.441128,0.000000,58.000000,92.450557,0.000000,284.791086
3735,6640.441128,0.000000,58.000000,92.951950,0.000000,276.768802
3736,6640.441128,0.000000,58.000000,93.453343,0.000000,268.746518
3737,6640.441128,0.000000,58.000000,93.954735,0.000000,260.724234
3738,6640.441128,0.000000,58.000000,94.456128,0.000000,252.701950
3739,6640.441128,0.000000,58.000000,94.957521,0.000000,244.679666
3740,6640.441128,0.000000,58.000000,95.458914,0.000000,236.657382
3741,6640.441128,0.000000,58.000000,95.960306,0.000000,228.635097
3742,6640.441128,0.000000,58.000000,96.461699,0.000000,220.612813
3743,6640.441128,0.000000,58.000000,96.963092,0.000000,212.590529
3744,6640.441128,0.000000,58.000000,97.464485,0.000000,204.568245
3745,6640.441128,0.000000,58.000000,97.965877,0.000000,196.545961
3746,6640.441128,0.000000,58.000000,98.467270,0.000000,188.523677
3747,6640.441128,0.000000,58.000000,98.968663,0.000000,180.501393
3748,6640.441128,0.000000,58.000000,99.470056,0.000000,172.479109
3749,6640.441128,0.000000,58.000000,99.971448,0.000000,164.456825
3750,6640.441128,0.000000,58.000000,100.472841,0.000000,156.434540
3751,6640.441128,0.000000,58.000000,100.974234,0.000000,148.412256
3753,6640.441128,0.000000,58.000000,101.977019,0.000000,132.367688
3754,6640.441128,0.000000,58.000000,102.478412,0.000000,124.345404
3755,6640.441128,0.000000,58.000000,102.979805,0.000000,116.323120
3756,6640.441128,0.000000,58.000000,103.481198,0.000000,108.300836
3757,6640.441128,0.000000,58.000000,103.982591,0.000000,100.278552
3758,6640.441128,0.000000,58.000000,104.483983,0.000000,92.256267
3759,6640.441128,0.000000,58.000000,104.985376,0.000000,84.233983
3760,6640.441128,0.000000,58.000000,105.486769,0.000000,76.211699
3761,6640.441128,0.000000,58.000000,105.988162,0.000000,68.189415
3762,6640.441128,0.000000,58.000000,106.489554,0.000000,60.167131
3763,6640.441128,0.000000,58.000000,106.990947,0.000000,52.144847
3764,6640.441128,0.000000,58.000000,107.492340,0.000000,44.122563
3765,6640.441128,0.000000,58.000000,107.993733,0.000000,36.100279
3766,6640.441128,0.000000,58.000000,108.495125,0.000000,28.077994
3767,6640.441128,0.000000,58.000000,108.996518,0.000000,20.055710
3768,6640.441128,0.000000,58.000000,109.497911,0.000000,12.033426
3769,6640.441128,0.000000,58.000000,109.999304,0.000000,4.011142
3770,6640.441128,0.000000,58.000000,110.500696,0.000000,355.988858
3771,6640.441128,0.000000,58.000000,111.002089,0.000000,347.966574
3772,6640.441128,0.000000,58.000000,111.503482,0.000000,339.944290
3773,6640.441128,0.000000,58.000000,112.004875,0.000000,331.922006
3774,6640.441128,0.000000,58.000000,112.506267,0.000000,323.899721
3775,6640.441128,0.000000,58.000000,113.007660,0.000000,315.877437
3776,6640.441128,0.000000,58.000000,113.509053,0.000000,307.855153
3777,6640.441128,0.000000,58.000000,114.010446,0.000000,299.832869
3778,6640.441128,0.000000,58.000000,114.511838,0.000000,291.810585
3779,6640.441128,0.000000,58.000000,115.013231,0.000000,283.788301
3780,6640.441128,0.000000,58.000000,115.514624,0.000000,275.766017
3781,6640.441128,0.000000,58.000000,116.016017,0.000000,267.743733
3782,6640.441128,0.000000,58.000000,116.517409,0.000000,259.721448
3783,6640.441128,0.000000,58.000000,117.018802,0.000000,251.699164
3784,6640.441128,0.000000,58.000000,117.520195,0.000000,243.676880
3785,6640.441128,0.000000,58.000000,118.021588,0.000000,235.654596
3786,6640.441128,0.000000,58.000000,118.522981,0.000000,227.632312
3787,6640.441128,0.000000,58.000000,119.024373,0.000000,219.610028
3788,6640.441128,0.000000,58.000000,119.525766,0.000000,211.587744
3789,6640.441128,0.000000,58.000000,120.027159,0.000000,203.565460
3790,6640.441128,0.000000,58.000000,120.528552,0.000000,195.543175
3791,6640.441128,0.000000,58.000000,121.029944,0.000000,187.520891
3792,6640.441128,0.000000,58.000000,121.531337,0.000000,179.498607
3793,6640.441128,0.000000,58.000000,122.032730,0.000000,171.476323
3794,6640.441128,0.000000,58.000000,122.534123,0.000000,163.454039
3795,6640.441128,0.000000,58.000000,123.035515,0.000000,155.431755
3796,6640.441128,0.000000,58.000000,123.536908,0.000000,147.409471
3797,6640.441128,0.000000,58.000000,124.038301,0.000000,139.387187
3798,6640.441128,0.000000,58.000000,124.539694,0.000000,131.364903
3799,6640.441128,0.000000,58.000000,125.041086,0.000000,123.342618
3800,6640.441128,0.000000,58.000000,125.542479,0.000000,115.320334
3801,6640.441128,0.000000,58.000000,126.043872,0.000000,107.298050
3802,6640.441128,0.000000,58.000000,126.545265,0.000000,99.275766
3803,6640.441128,0.000000,58.000000,127.046657,0.000000,91.253482
3804,6640.441128,0.000000,58.000000,127.548050,0.000000,83.231198
3805,6640.441128,0.000000,58.000000,128.049443,0.000000,75.208914
3807,6640.441128,0.000000,58.000000,129.052228,0.000000,59.164345
3808,6640.441128,0.000000,58.000000,129.553621,0.000000,51.142061
3809,6640.441128,0.000000,58.000000,130.055014,0.000000,43.119777
3812,6640.441128,0.000000,58.000000,131.559192,0.000000,19.052925
3813,6640.441128,0.000000,58.000000,132.060585,0.000000,11.030641
3814,6640.441128,0.000000,58.000000,132.561978,0.000000,3.008357
3815,6640.441128,0.000000,58.000000,133.063370,0.000000,354.986072
3816,6640.441128,0.000000,58.000000,133.564763,0.000000,346.963788
3817,6640.441128,0.000000,58.000000,134.066156,0.000000,338.941504
3818,6640.441128,0.000000,58.000000,134.567549,0.000000,330.919220
3819,6640.441128,0.000000,58.000000,135.068942,0.000000,322.896936
3820,6640.441128,0.000000,58.000000,135.570334,0.000000,314.874652
3821,6640.441128,0.000000,58.000000,136.071727,0.000000,306.852368
3822,6640.441128,0.000000,58.000000,136.573120,0.000000,298.830084
3823,6640.441128,0.000000,58.000000,137.074513,0.000000,290.807799
3824,6640.441128,0.000000,58.000000,137.575905,0.000000,282.785515
3825,6640.441128,0.000000,58.000000,138.077298,0.000000,274.763231
3826,6640.441128,0.000000,58.000000,138.578691,0.000000,266.740947
3827,6640.441128,0.000000,58.000000,139.080084,0.000000,258.718663
3828,6640.441128,0.000000,58.000000,139.581476,0.000000,250.696379
3829,6640.441128,0.000000,58.000000,140.082869,0.000000,242.674095
3830,6640.441128,0.000000,58.000000,140.584262,0.000000,234.651811
3831,6640.441128,0.000000,58.000000,141.085655,0.000000,226.629526
3832,6640.441128,0.000000,58.000000,141.587047,0.000000,218.607242
3833,6640.441128,0.000000,58.000000,142.088440,0.000000,210.584958
3834,6640.441128,0.000000,58.000000,142.589833,0.000000,202.562674
3835,6640.441128,0.000000,58.000000,143.091226,0.000000,194.540390
3836,6640.441128,0.000000,58.000000,143.592618,0.000000,186.518106
3837,6640.441128,0.000000,58.000000,144.094011,0.000000,178.495822
3838,6640.441128,0.000000,58.000000,144.595404,0.000000,170.473538
3839,6640.441128,0.000000,58.000000,145.096797,0.000000,162.451253
3840,6640.441128,0.000000,58.000000,145.598189,0.000000,154.428969
3841,6640.441128,0.000000,58.000000,146.099582,0.000000,146.406685
3842,6640.441128,0.000000,58.000000,146.600975,0.000000,138.384401
3843,6640.441128,0.000000,58.000000,147.102368,0.000000,130.362117
3844,6640.441128,0.000000,58.000000,147.603760,0.000000,122.339833
3845,6640.441128,0.000000,58.000000,148.105153,0.000000,114.317549
3846,6640.441128,0.000000,58.000000,148.606546,0.000000,106.295265
3847,6640.441128,0.000000,58.000000,149.107939,0.000000,98.272981
3848,6640.441128,0.000000,58.000000,149.609331,0.000000,90.250696
3849,6640.441128,0.000000,58.000000,150.110724,0.000000,82.228412
3850,6640.441128,0.000000,58.000000,150.612117,0.000000,74.206128
3851,6640.441128,0.000000,58.000000,151.113510,0.000000,66.183844
3852,6640.441128,0.000000,58.000000,151.614903,0.000000,58.161560
3853,6640.441128,0.000000,58.000000,152.116295,0.000000,50.139276
3854,6640.441128,0.000000,58.000000,152.617688,0.000000,42.116992
3855,6640.441128,0.000000,58.000000,153.119081,0.000000,34.094708
3856,6640.441128,0.000000,58.000000,153.620474,0.000000,26.072423
3857,6640.441128,0.000000,58.000000,154.121866,0.000000,18.050139
3858,6640.441128,0.000000,58.000000,154.623259,0.000000,10.027855
3859,6640.441128,0.000000,58.000000,155.124652,0.000000,2.005571
3860,6640.441128,0.000000,58.000000,155.626045,0.000000,353.983287
3861,6640.441128,0.000000,58.000000,156.127437,0.000000,345.961003
3862,6640.441128,0.000000,58.000000,156.628830,0.000000,337.938719
3863,6640.441128,0.000000,58.000000,157.130223,0.000000,329.916435
3864,6640.441128,0.000000,58.000000,157.631616,0.000000,321.894150
3865,6640.441128,0.000000,58.000000,158.133008,0.000000,313.871866
3866,6640.441128,0.000000,58.000000,158.634401,0.000000,305.849582
3867,6640.441128,0.000000,58.000000,159.135794,0.000000,297.827298
3868,6640.441128,0.000000,58.000000,159.637187,0.000000,289.805014
3869,6640.441128,0.000000,58.000000,160.138579,0.000000,281.782730
3870,6640.441128,0.000000,58.000000,160.639972,0.000000,273.760446
3871,6640.441128,0.000000,58.000000,161.141365,0.000000,265.738162
3872,6640.441128,0.000000,58.000000,161.642758,0.000000,257.715877
3873,6640.441128,0.000000,58.000000,162.144150,0.000000,249.693593
3874,6640.441128,0.000000,58.000000,162.645543,0.000000,241.671309
3875,6640.441128,0.000000,58.000000,163.146936,0.000000,233.649025
3876,6640.441128,0.000000,58.000000,163.648329,0.000000,225.626741
3877,6640.441128,0.000000,58.000000,164.149721,0.000000,217.604457
3878,6640.441128,0.000000,58.000000,164.651114,0.000000,209.582173
3879,6640.441128,0.000000,58.000000,165.152507,0.000000,201.559889
3880,6640.441128,0.000000,58.000000,165.653900,0.000000,193.537604
3881,6640.441128,0.000000,58.000000,166.155292,0.000000,185.515320
3882,6640.441128,0.000000,58.000000,166.656685,0.000000,177.493036
3883,6640.441128,0.000000,58.000000,167.158078,0.000000,169.470752
3884,6640.441128,0.000000,58.000000,167.659471,0.000000,161.448468
3885,6640.441128,0.000000,58.000000,168.160864,0.000000,153.426184
3886,6640.441128,0.000000,58.000000,168.662256,0.000000,145.403900
3887,6640.441128,0.000000,58.000000,169.163649,0.000000,137.381616
3888,6640.441128,0.000000,58.000000,169.665042,0.000000,129.359331
3889,6640.441128,0.000000,58.000000,170.166435,0.000000,121.337047
3890,6640.441128,0.000000,58.000000,170.667827,0.000000,113.314763
3891,6640.441128,0.000000,58.000000,171.169220,0.000000,105.292479
3892,6640.441128,0.000000,58.000000,171.670613,0.000000,97.270195
3893,6640.441128,0.000000,58.000000,172.172006,0.000000,89.247911
3894,6640.441128,0.000000,58.000000,172.673398,0.000000,81.225627
3895,6640.441128,0.000000,58.000000,173.174791,0.000000,73.203343
3896,6640.441128,0.000000,58.000000,173.676184,0.000000,65.181058
3897,6640.441128,0.000000,58.000000,174.177577,0.000000,57.158774
3898,6640.441128,0.000000,58.000000,174.678969,0.000000,49.136490
3899,6640.441128,0.000000,58.000000,175.180362,0.000000,41.114206
3900,6640.441128,0.000000,58.000000,175.681755,0.000000,33.091922
3901,6640.441128,0.000000,58.000000,176.183148,0.000000,25.069638
3902,6640.441128,0.000000,58.000000,176.684540,0.000000,17.047354
3903,6640.441128,0.000000,58.000000,177.185933,0.000000,9.025070
3904,6640.441128,0.000000,58.000000,177.687326,0.000000,1.002786
3905,6640.441128,0.000000,58.000000,178.188719,0.000000,352.980501
3906,6640.441128,0.000000,58.000000,178.690111,0.000000,344.958217
3907,6640.441128,0.000000,58.000000,179.191504,0.000000,336.935933
3908,6640.441128,0.000000,58.000000,179.692897,0.000000,328.913649
3909,6640.441128,0.000000,58.000000,180.194290,0.000000,320.891365
3910,6640.441128,0.000000,58.000000,180.695682,0.000000,312.869081
3911,6640.441128,0.000000,58.000000,181.197075,0.000000,304.846797
3912,6640.441128,0.000000,58.000000,181.698468,0.000000,296.824513
3913,6640.441128,0.000000,58.000000,182.199861,0.000000,288.802228
3914,6640.441128,0.000000,58.000000,182.701253,0.000000,280.779944
3915,6640.441128,0.000000,58.000000,183.202646,0.000000,272.757660
3916,6640.441128,0.000000,58.000000,183.704039,0.000000,264.735376
3917,6640.441128,0.000000,58.000000,184.205432,0.000000,256.713092
3918,6640.441128,0.000000,58.000000,184.706825,0.000000,248.690808
3919,6640.441128,0.000000,58.000000,185.208217,0.000000,240.668524
3920,6640.441128,0.000000,58.000000,185.709610,0.000000,232.646240
3921,6640.441128,0.000000,58.000000,186.211003,0.000000,224.623955
3922,6640.441128,0.000000,58.000000,186.712396,0.000000,216.601671
3923,6640.441128,0.000000,58.000000,187.213788,0.000000,208.579387
3924,6640.441128,0.000000,58.000000,187.715181,0.000000,200.557103
3925,6640.441128,0.000000,58.000000,188.216574,0.000000,192.534819
3926,6640.441128,0.000000,58.000000,188.717967,0.000000,184.512535
3927,6640.441128,0.000000,58.000000,189.219359,0.000000,176.490251
3928,6640.441128,0.000000,58.000000,189.720752,0.000000,168.467967
3929,6640.441128,0.000000,58.000000,190.222145,0.000000,160.445682
3930,6640.441128,0.000000,58.000000,190.723538,0.000000,152.423398
3931,6640.441128,0.000000,58.000000,191.224930,0.000000,144.401114
3932,6640.441128,0.000000,58.000000,191.726323,0.000000,136.378830
3933,6640.441128,0.000000,58.000000,192.227716,0.000000,128.356546
3934,6640.441128,0.000000,58.000000,192.729109,0.000000,120.334262
3935,6640.441128,0.000000,58.000000,193.230501,0.000000,112.311978
3936,6640.441128,0.000000,58.000000,193.731894,0.000000,104.289694
3937,6640.441128,0.000000,58.000000,194.233287,0.000000,96.267409
3938,6640.441128,0.000000,58.000000,194.734680,0.000000,88.245125
3939,6640.441128,0.000000,58.000000,195.236072,0.000000,80.222841
3940,6640.441128,0.000000,58.000000,195.737465,0.000000,72.200557
3941,6640.441128,0.000000,58.000000,196.238858,0.000000,64.178273
3942,6640.441128,0.000000,58.000000,196.740251,0.000000,56.155989
3943,6640.441128,0.000000,58.000000,197.241643,0.000000,48.133705
3944,6640.441128,0.000000,58.000000,197.743036,0.000000,40.111421
3945,6640.441128,0.000000,58.000000,198.244429,0.000000,32.089136
3946,6640.441128,0.000000,58.000000,198.745822,0.000000,24.066852
3947,6640.441128,0.000000,58.000000,199.247214,0.000000,16.044568
3948,6640.441128,0.000000,58.000000,199.748607,0.000000,8.022284
3949,6640.441128,0.000000,58.000000,200.250000,0.000000,360.000000
3950,6640.441128,0.000000,58.000000,200.751393,0.000000,351.977716
3951,6640.441128,0.000000,58.000000,201.252786,0.000000,343.955432
3952,6640.441128,0.000000,58.000000,201.754178,0.000000,335.933148
3953,6640.441128,0.000000,58.000000,202.255571,0.000000,327.910864
3954,6640.441128,0.000000,58.000000,202.756964,0.000000,319.888579
3955,6640.441128,0.000000,58.000000,203.258357,0.000000,311.866295
3956,6640.441128,0.000000,58.000000,203.759749,0.000000,303.844011
3957,6640.441128,0.000000,58.000000,204.261142,0.000000,295.821727
3958,6640.441128,0.000000,58.000000,204.762535,0.000000,287.799443
3959,6640.441128,0.000000,58.000000,205.263928,0.000000,279.777159
3960,6640.441128,0.000000,58.000000,205.765320,0.000000,271.754875
3961,6640.441128,0.000000,58.000000,206.266713,0.000000,263.732591
3962,6640.441128,0.000000,58.000000,206.768106,0.000000,255.710306
3963,6640.441128,0.000000,58.000000,207.269499,0.000000,247.688022
3964,6640.441128,0.000000,58.000000,207.770891,0.000000,239.665738
3965,6640.441128,0.000000,58.000000,208.272284,0.000000,231.643454
3966,6640.441128,0.000000,58.000000,208.773677,0.000000,223.621170
3967,6640.441128,0.000000,58.000000,209.275070,0.000000,215.598886
3968,6640.441128,0.000000,58.000000,209.776462,0.000000,207.576602
3969,6640.441128,0.000000,58.000000,210.277855,0.000000,199.554318
3970,6640.441128,0.000000,58.000000,210.779248,0.000000,191.532033
3971,6640.441128,0.000000,58.000000,211.280641,0.000000,183.509749
3972,6640.441128,0.000000,58.000000,211.782033,0.000000,175.487465
3974,6640.441128,0.000000,58.000000,212.784819,0.000000,159.442897
3975,6640.441128,0.000000,58.000000,213.286212,0.000000,151.420613
3976,6640.441128,0.000000,58.000000,213.787604,0.000000,143.398329
3977,6640.441128,0.000000,58.000000,214.288997,0.000000,135.376045
3978,6640.441128,0.000000,58.000000,214.790390,0.000000,127.353760
3979,6640.441128,0.000000,58.000000,215.291783,0.000000,119.331476
3980,6640.441128,0.000000,58.000000,215.793175,0.000000,111.309192
3981,6640.441128,0.000000,58.000000,216.294568,0.000000,103.286908
3982,6640.441128,0.000000,58.000000,216.795961,0.000000,95.264624
3983,6640.441128,0.000000,58.000000,217.297354,0.000000,87.242340
3984,6640.441128,0.000000,58.000000,217.798747,0.000000,79.220056
3985,6640.441128,0.000000,58.000000,218.300139,0.000000,71.197772
3986,6640.441128,0.000000,58.000000,218.801532,0.000000,63.175487
3987,6640.441128,0.000000,58.000000,219.302925,0.000000,55.153203
3988,6640.441128,0.000000,58.000000,219.804318,0.000000,47.130919
3989,6640.441128,0.000000,58.000000,220.305710,0.000000,39.108635
3990,6640.441128,0.000000,58.000000,220.807103,0.000000,31.086351
3991,6640.441128,0.000000,58.000000,221.308496,0.000000,23.064067
3992,6640.441128,0.000000,58.000000,221.809889,0.000000,15.041783
3993,6640.441128,0.000000,58.000000,222.311281,0.000000,7.019499
3994,6640.441128,0.000000,58.000000,222.812674,0.000000,358.997214
3995,6640.441128,0.000000,58.000000,223.314067,0.000000,350.974930
3996,6640.441128,0.000000,58.000000,223.815460,0.000000,342.952646
3997,6640.441128,0.000000,58.000000,224.316852,0.000000,334.930362
3998,6640.441128,0.000000,58.000000,224.818245,0.000000,326.908078
3999,6640.441128,0.000000,58.000000,225.319638,0.000000,318.885794
4000,6640.441128,0.000000,58.000000,225.821031,0.000000,310.863510
4001,6640.441128,0.000000,58.000000,226.322423,0.000000,302.841226
4002,6640.441128,0.000000,58.000000,226.823816,0.000000,294.818942
4003,6640.441128,0.000000,58.000000,227.325209,0.000000,286.796657
4004,6640.441128,0.000000,58.000000,227.826602,0.000000,278.774373
4005,6640.441128,0.000000,58.000000,228.327994,0.000000,270.752089
4006,6640.441128,0.000000,58.000000,228.829387,0.000000,262.729805
4007,6640.441128,0.000000,58.000000,229.330780,0.000000,254.707521
4008,6640.441128,0.000000,58.000000,229.832173,0.000000,246.685237
4009,6640.441128,0.000000,58.000000,230.333565,0.000000,238.662953
4010,6640.441128,0.000000,58.000000,230.834958,0.000000,230.640669
4011,6640.441128,0.000000,58.000000,231.336351,0.000000,222.618384
4012,6640.441128,0.000000,58.000000,231.837744,0.000000,214.596100
4013,6640.441128,0.000000,58.000000,232.339136,0.000000,206.573816
4015,6640.441128,0.000000,58.000000,233.341922,0.000000,190.529248
4016,6640.441128,0.000000,58.000000,233.843315,0.000000,182.506964
4017,6640.441128,0.000000,58.000000,234.344708,0.000000,174.484680
4018,6640.441128,0.000000,58.000000,234.846100,0.000000,166.462396
4019,6640.441128,0.000000,58.000000,235.347493,0.000000,158.440111
4020,6640.441128,0.000000,58.000000,235.848886,0.000000,150.417827
4021,6640.441128,0.000000,58.000000,236.350279,0.000000,142.395543
4022,6640.441128,0.000000,58.000000,236.851671,0.000000,134.373259
4023,6640.441128,0.000000,58.000000,237.353064,0.000000,126.350975
4024,6640.441128,0.000000,58.000000,237.854457,0.000000,118.328691
4025,6640.441128,0.000000,58.000000,238.355850,0.000000,110.306407
4026,6640.441128,0.000000,58.000000,238.857242,0.000000,102.284123
4027,6640.441128,0.000000,58.000000,239.358635,0.000000,94.261838
4028,6640.441128,0.000000,58.000000,239.860028,0.000000,86.239554
4029,6640.441128,0.000000,58.000000,240.361421,0.000000,78.217270
4030,6640.441128,0.000000,58.000000,240.862813,0.000000,70.194986
4031,6640.441128,0.000000,58.000000,241.364206,0.000000,62.172702
4032,6640.441128,0.000000,58.000000,241.865599,0.000000,54.150418
4033,6640.441128,0.000000,58.000000,242.366992,0.000000,46.128134
4034,6640.441128,0.000000,58.000000,242.868384,0.000000,38.105850
4035,6640.441128,0.000000,58.000000,243.369777,0.000000,30.083565
4036,6640.441128,0.000000,58.000000,243.871170,0.000000,22.061281
4037,6640.441128,0.000000,58.000000,244.372563,0.000000,14.038997
4038,6640.441128,0.000000,58.000000,244.873955,0.000000,6.016713
4039,6640.441128,0.000000,58.000000,245.375348,0.000000,357.994429
4040,6640.441128,0.000000,58.000000,245.876741,0.000000,349.972145
4041,6640.441128,0.000000,58.000000,246.378134,0.000000,341.949861
4042,6640.441128,0.000000,58.000000,246.879526,0.000000,333.927577
4043,6640.441128,0.000000,58.000000,247.380919,0.000000,325.905292
4044,6640.441128,0.000000,58.000000,247.882312,0.000000,317.883008
4045,6640.441128,0.000000,58.000000,248.383705,0.000000,309.860724
4046,6640.441128,0.000000,58.000000,248.885097,0.000000,301.838440
4047,6640.441128,0.000000,58.000000,249.386490,0.000000,293.816156
4048,6640.441128,0.000000,58.000000,249.887883,0.000000,285.793872
4049,6640.441128,0.000000,58.000000,250.389276,0.000000,277.771588
4050,6640.441128,0.000000,58.000000,250.890669,0.000000,269.749304
4051,6640.441128,0.000000,58.000000,251.392061,0.000000,261.727019
4052,6640.441128,0.000000,58.000000,251.893454,0.000000,253.704735
4053,6640.441128,0.000000,58.000000,252.394847,0.000000,245.682451
4054,6640.441128,0.000000,58.000000,252.896240,0.000000,237.660167
4055,6640.441128,0.000000,58.000000,253.397632,0.000000,229.637883
4056,6640.441128,0.000000,58.000000,253.899025,0.000000,221.615599
4057,6640.441128,0.000000,58.000000,254.400418,0.000000,213.593315
4058,6640.441128,0.000000,58.000000,254.901811,0.000000,205.571031
4059,6640.441128,0.000000,58.000000,255.403203,0.000000,197.548747
4060,6640.441128,0.000000,58.000000,255.904596,0.000000,189.526462
4061,6640.441128,0.000000,58.000000,256.405989,0.000000,181.504178
4062,6640.441128,0.000000,58.000000,256.907382,0.000000,173.481894
4063,6640.441128,0.000000,58.000000,257.408774,0.000000,165.459610
4064,6640.441128,0.000000,58.000000,257.910167,0.000000,157.437326
4065,6640.441128,0.000000,58.000000,258.411560,0.000000,149.415042
4066,6640.441128,0.000000,58.000000,258.912953,0.000000,141.392758
4067,6640.441128,0.000000,58.000000,259.414345,0.000000,133.370474
4068,6640.441128,0.000000,58.000000,259.915738,0.000000,125.348189
4070,6640.441128,0.000000,58.000000,260.918524,0.000000,109.303621
4071,6640.441128,0.000000,58.000000,261.419916,0.000000,101.281337
4072,6640.441128,0.000000,58.000000,261.921309,0.000000,93.259053
4073,6640.441128,0.000000,58.000000,262.422702,0.000000,85.236769
4074,6640.441128,0.000000,58.000000,262.924095,0.000000,77.214485
4075,6640.441128,0.000000,58.000000,263.425487,0.000000,69.192201
4076,6640.441128,0.000000,58.000000,263.926880,0.000000,61.169916
4077,6640.441128,0.000000,58.000000,264.428273,0.000000,53.147632
4078,6640.441128,0.000000,58.000000,264.929666,0.000000,45.125348
4079,6640.441128,0.000000,58.000000,265.431058,0.000000,37.103064
4080,6640.441128,0.000000,58.000000,265.932451,0.000000,29.080780
4081,6640.441128,0.000000,58.000000,266.433844,0.000000,21.058496
4082,6640.441128,0.000000,58.000000,266.935237,0.000000,13.036212
4083,6640.441128,0.000000,58.000000,267.436630,0.000000,5.013928
4084,6640.441128,0.000000,58.000000,267.938022,0.000000,356.991643
4085,6640.441128,0.000000,58.000000,268.439415,0.000000,348.969359
4086,6640.441128,0.000000,58.000000,268.940808,0.000000,340.947075
4087,6640.441128,0.000000,58.000000,269.442201,0.000000,332.924791
4088,6640.441128,0.000000,58.000000,269.943593,0.000000,324.902507
4089,6640.441128,0.000000,58.000000,270.444986,0.000000,316.880223
4090,6640.441128,0.000000,58.000000,270.946379,0.000000,308.857939
4091,6640.441128,0.000000,58.000000,271.447772,0.000000,300.835655
4092,6640.441128,0.000000,58.000000,271.949164,0.000000,292.813370
4093,6640.441128,0.000000,58.000000,272.450557,0.000000,284.791086
4094,6640.441128,0.000000,58.000000,272.951950,0.000000,276.768802
4095,6640.441128,0.000000,58.000000,273.453343,0.000000,268.746518
4096,6640.441128,0.000000,58.000000,273.954735,0.000000,260.724234
4097,6640.441128,0.000000,58.000000,274.456128,0.000000,252.701950
4098,6640.441128,0.000000,58.000000,274.957521,0.000000,244.679666
4099,6640.441128,0.000000,58.000000,275.458914,0.000000,236.657382
4100,6640.441128,0.000000,58.000000,275.960306,0.000000,228.635097
4101,6640.441128,0.000000,58.000000,276.461699,0.000000,220.612813
4102,6640.441128,0.000000,58.000000,276.963092,0.000000,212.590529
4103,6640.441128,0.000000,58.000000,277.464485,0.000000,204.568245
4104,6640.441128,0.000000,58.000000,277.965877,0.000000,196.545961
4105,6640.441128,0.000000,58.000000,278.467270,0.000000,188.523677
4106,6640.441128,0.000000,58.000000,278.968663,0.000000,180.501393
4107,6640.441128,0.000000,58.000000,279.470056,0.000000,172.479109
4108,6640.441128,0.000000,58.000000,279.971448,0.000000,164.456825
4109,6640.441128,0.000000,58.000000,280.472841,0.000000,156.434540
4110,6640.441128,0.000000,58.000000,280.974234,0.000000,148.412256
4111,6640.441128,0.000000,58.000000,281.475627,0.000000,140.389972
4112,6640.441128,0.000000,58.000000,281.977019,0.000000,132.367688
4113,6640.441128,0.000000,58.000000,282.478412,0.000000,124.345404
4114,6640.441128,0.000000,58.000000,282.979805,0.000000,116.323120
4115,6640.441128,0.000000,58.000000,283.481198,0.000000,108.300836
4116,6640.441128,0.000000,58.000000,283.982591,0.000000,100.278552
4118,6640.441128,0.000000,58.000000,284.985376,0.000000,84.233983
4119,6640.441128,0.000000,58.000000,285.486769,0.000000,76.211699
4120,6640.441128,0.000000,58.000000,285.988162,0.000000,68.189415
4121,6640.441128,0.000000,58.000000,286.489554,0.000000,60.167131
4122,6640.441128,0.000000,58.000000,286.990947,0.000000,52.144847
4123,6640.441128,0.000000,58.000000,287.492340,0.000000,44.122563
4124,6640.441128,0.000000,58.000000,287.993733,0.000000,36.100279
4125,6640.441128,0.000000,58.000000,288.495125,0.000000,28.077994
4126,6640.441128,0.000000,58.000000,288.996518,0.000000,20.055710
4127,6640.441128,0.000000,58.000000,289.497911,0.000000,12.033426
4128,6640.441128,0.000000,58.000000,289.999304,0.000000,4.011142
4129,6640.441128,0.000000,58.000000,290.500696,0.000000,355.988858
4130,6640.441128,0.000000,58.000000,291.002089,0.000000,347.966574
4131,6640.441128,0.000000,58.000000,291.503482,0.000000,339.944290
4132,6640.441128,0.000000,58.000000,292.004875,0.000000,331.922006
4133,6640.441128,0.000000,58.000000,292.506267,0.000000,323.899721
4134,6640.441128,0.000000,58.000000,293.007660,0.000000,315.877437
4135,6640.441128,0.000000,58.000000,293.509053,0.000000,307.855153
4136,6640.441128,0.000000,58.000000,294.010446,0.000000,299.832869
4137,6640.441128,0.000000,58.000000,294.511838,0.000000,291.810585
4138,6640.441128,0.000000,58.000000,295.013231,0.000000,283.788301
4139,6640.441128,0.000000,58.000000,295.514624,0.000000,275.766017
4140,6640.441128,0.000000,58.000000,296.016017,0.000000,267.743733
4141,6640.441128,0.000000,58.000000,296.517409,0.000000,259.721448
4142,6640.441128,0.000000,58.000000,297.018802,0.000000,251.699164
4143,6640.441128,0.000000,58.000000,297.520195,0.000000,243.676880
4144,6640.441128,0.000000,58.000000,298.021588,0.000000,235.654596
4145,6640.441128,0.000000,58.000000,298.522981,0.000000,227.632312
4146,6640.441128,0.000000,58.000000,299.024373,0.000000,219.610028
4147,6640.441128,0.000000,58.000000,299.525766,0.000000,211.587744
4148,6640.441128,0.000000,58.000000,300.027159,0.000000,203.565460
4149,6640.441128,0.000000,58.000000,300.528552,0.000000,195.543175
4150,6640.441128,0.000000,58.000000,301.029944,0.000000,187.520891
4151,6640.441128,0.000000,58.000000,301.531337,0.000000,179.498607
4153,6640.441128,0.000000,58.000000,302.534123,0.000000,163.454039
4154,6640.441128,0.000000,58.000000,303.035515,0.000000,155.431755
4155,6640.441128,0.000000,58.000000,303.536908,0.000000,147.409471
4156,6640.441128,0.000000,58.000000,304.038301,0.000000,139.387187
4157,6640.441128,0.000000,58.000000,304.539694,0.000000,131.364903
4158,6640.441128,0.000000,58.000000,305.041086,0.000000,123.342618
4159,6640.441128,0.000000,58.000000,305.542479,0.000000,115.320334
4160,6640.441128,0.000000,58.000000,306.043872,0.000000,107.298050
4161,6640.441128,0.000000,58.000000,306.545265,0.000000,99.275766
4162,6640.441128,0.000000,58.000000,307.046657,0.000000,91.253482
4163,6640.441128,0.000000,58.000000,307.548050,0.000000,83.231198
4164,6640.441128,0.000000,58.000000,308.049443,0.000000,75.208914
4165,6640.441128,0.000000,58.000000,308.550836,0.000000,67.186630
4166,6640.441128,0.000000,58.000000,309.052228,0.000000,59.164345
4167,6640.441128,0.000000,58.000000,309.553621,0.000000,51.142061
4168,6640.441128,0.000000,58.000000,310.055014,0.000000,43.119777
4169,6640.441128,0.000000,58.000000,310.556407,0.000000,35.097493
4170,6640.441128,0.000000,58.000000,311.057799,0.000000,27.075209
4171,6640.441128,0.000000,58.000000,311.559192,0.000000,19.052925
4172,6640.441128,0.000000,58.000000,312.060585,0.000000,11.030641
4173,6640.441128,0.000000,58.000000,312.561978,0.000000,3.008357
4174,6640.441128,0.000000,58.000000,313.063370,0.000000,354.986072
4175,6640.441128,0.000000,58.000000,313.564763,0.000000,346.963788
4176,6640.441128,0.000000,58.000000,314.066156,0.000000,338.941504
4177,6640.441128,0.000000,58.000000,314.567549,0.000000,330.919220
4178,6640.441128,0.000000,58.000000,315.068942,0.000000,322.896936
4180,6640.441128,0.000000,58.000000,316.071727,0.000000,306.852368
4181,6640.441128,0.000000,58.000000,316.573120,0.000000,298.830084
4182,6640.441128,0.000000,58.000000,317.074513,0.000000,290.807799
4183,6640.441128,0.000000,58.000000,317.575905,0.000000,282.785515
4184,6640.441128,0.000000,58.000000,318.077298,0.000000,274.763231
4185,6640.441128,0.000000,58.000000,318.578691,0.000000,266.740947
4186,6640.441128,0.000000,58.000000,319.080084,0.000000,258.718663
4187,6640.441128,0.000000,58.000000,319.581476,0.000000,250.696379
4188,6640.441128,0.000000,58.000000,320.082869,0.000000,242.674095
4189,6640.441128,0.000000,58.000000,320.584262,0.000000,234.651811
4190,6640.441128,0.000000,58.000000,321.085655,0.000000,226.629526
4191,6640.441128,0.000000,58.000000,321.587047,0.000000,218.607242
4193,6640.441128,0.000000,58.000000,322.589833,0.000000,202.562674
4194,6640.441128,0.000000,58.000000,323.091226,0.000000,194.540390
4195,6640.441128,0.000000,58.000000,323.592618,0.000000,186.518106
4196,6640.441128,0.000000,58.000000,324.094011,0.000000,178.495822
4197,6640.441128,0.000000,58.000000,324.595404,0.000000,170.473538
4198,6640.441128,0.000000,58.000000,325.096797,0.000000,162.451253
4199,6640.441128,0.000000,58.000000,325.598189,0.000000,154.428969
4200,6640.441128,0.000000,58.000000,326.099582,0.000000,146.406685
4201,6640.441128,0.000000,58.000000,326.600975,0.000000,138.384401
4202,6640.441128,0.000000,58.000000,327.102368,0.000000,130.362117
4203,6640.441128,0.000000,58.000000,327.603760,0.000000,122.339833
4204,6640.441128,0.000000,58.000000,328.105153,0.000000,114.317549
4205,6640.441128,0.000000,58.000000,328.606546,0.000000,106.295265
4206,6640.441128,0.000000,58.000000,329.107939,0.000000,98.272981
4207,6640.441128,0.000000,58.000000,329.609331,0.000000,90.250696
4208,6640.441128,0.000000,58.000000,330.110724,0.000000,82.228412
4209,6640.441128,0.000000,58.000000,330.612117,0.000000,74.206128
4210,6640.441128,0.000000,58.000000,331.113510,0.000000,66.183844
4211,6640.441128,0.000000,58.000000,331.614903,0.000000,58.161560
4212,6640.441128,0.000000,58.000000,332.116295,0.000000,50.139276
4213,6640.441128,0.000000,58.000000,332.617688,0.000000,42.116992
4214,6640.441128,0.000000,58.000000,333.119081,0.000000,34.094708
4215,6640.441128,0.000000,58.000000,333.620474,0.000000,26.072423
4216,6640.441128,0.000000,58.000000,334.121866,0.000000,18.050139
4217,6640.441128,0.000000,58.000000,334.623259,0.000000,10.027855
4218,6640.441128,0.000000,58.000000,335.124652,0.000000,2.005571
4219,6640.441128,0.000000,58.000000,335.626045,0.000000,353.983287
4220,6640.441128,0.000000,58.000000,336.127437,0.000000,345.961003
4221,6640.441128,0.000000,58.000000,336.628830,0.000000,337.938719
4222,6640.441128,0.000000,58.000000,337.130223,0.000000,329.916435
4223,6640.441128,0.000000,58.000000,337.631616,0.000000,321.894150
4224,6640.441128,0.000000,58.000000,338.133008,0.000000,313.871866
4225,6640.441128,0.000000,58.000000,338.634401,0.000000,305.849582
4226,6640.441128,0.000000,58.000000,339.135794,0.000000,297.827298
4227,6640.441128,0.000000,58.000000,339.637187,0.000000,289.805014
4228,6640.441128,0.000000,58.000000,340.138579,0.000000,281.782730
4229,6640.441128,0.000000,58.000000,340.639972,0.000000,273.760446
4230,6640.441128,0.000000,58.000000,341.141365,0.000000,265.738162
4231,6640.441128,0.000000,58.000000,341.642758,0.000000,257.715877
4232,6640.441128,0.000000,58.000000,342.144150,0.000000,249.693593
4233,6640.441128,0.000000,58.000000,342.645543,0.000000,241.671309
4234,6640.441128,0.000000,58.000000,343.146936,0.000000,233.649025
4235,6640.441128,0.000000,58.000000,343.648329,0.000000,225.626741
4236,6640.441128,0.000000,58.000000,344.149721,0.000000,217.604457
4237,6640.441128,0.000000,58.000000,344.651114,0.000000,209.582173
4238,6640.441128,0.000000,58.000000,345.152507,0.000000,201.559889
4239,6640.441128,0.000000,58.000000,345.653900,0.000000,193.537604
4240,6640.441128,0.000000,58.000000,346.155292,0.000000,185.515320
4241,6640.441128,0.000000,58.000000,346.656685,0.000000,177.493036
4242,6640.441128,0.000000,58.000000,347.158078,0.000000,169.470752
4243,6640.441128,0.000000,58.000000,347.659471,0.000000,161.448468
4244,6640.441128,0.000000,58.000000,348.160864,0.000000,153.426184
4245,6640.441128,0.000000,58.000000,348.662256,0.000000,145.403900
4246,6640.441128,0.000000,58.000000,349.163649,0.000000,137.381616
4247,6640.441128,0.000000,58.000000,349.665042,0.000000,129.359331
4248,6640.441128,0.000000,58.000000,350.166435,0.000000,121.337047
4249,6640.441128,0.000000,58.000000,350.667827,0.000000,113.314763
4250,6640.441128,0.000000,58.000000,351.169220,0.000000,105.292479
4251,6640.441128,0.000000,58.000000,351.670613,0.000000,97.270195
4252,6640.441128,0.000000,58.000000,352.172006,0.000000,89.247911
4253,6640.441128,0.000000,58.000000,352.673398,0.000000,81.225627
4254,6640.441128,0.000000,58.000000,353.174791,0.000000,73.203343
4255,6640.441128,0.000000,58.000000,353.676184,0.000000,65.181058
4256,6640.441128,0.000000,58.000000,354.177577,0.000000,57.158774
4257,6640.441128,0.000000,58.000000,354.678969,0.000000,49.136490
4258,6640.441128,0.000000,58.000000,355.180362,0.000000,41.114206
4259,6640.441128,0.000000,58.000000,355.681755,0.000000,33.091922
4260,6640.441128,0.000000,58.000000,356.183148,0.000000,25.069638
4261,6640.441128,0.000000,58.000000,356.684540,0.000000,17.047354
4262,6640.441128,0.000000,58.000000,357.185933,0.000000,9.025070
4263,6640.441128,0.000000,58.000000,357.687326,0.000000,1.002786
4264,6640.441128,0.000000,58.000000,358.188719,0.000000,352.980501
4265,6640.441128,0.000000,58.000000,358.690111,0.000000,344.958217
4266,6640.441128,0.000000,58.000000,359.191504,0.000000,336.935933
4267,6640.441128,0.000000,58.000000,359.692897,0.000000,328.913649
4268,6640.441128,0.000000,58.000000,0.194290,0.000000,320.891365
4269,6640.441128,0.000000,58.000000,0.695682,0.000000,312.869081
4270,6640.441128,0.000000,58.000000,1.197075,0.000000,304.846797
4271,6640.441128,0.000000,58.000000,1.698468,0.000000,296.824513
4272,6640.441128,0.000000,58.000000,2.199861,0.000000,288.802228
4273,6640.441128,0.000000,58.000000,2.701253,0.000000,280.779944
4274,6640.441128,0.000000,58.000000,3.202646,0.000000,272.757660
4276,6640.441128,0.000000,58.000000,4.205432,0.000000,256.713092
4277,6640.441128,0.000000,58.000000,4.706825,0.000000,248.690808
4278,6640.441128,0.000000,58.000000,5.208217,0.000000,240.668524
4279,6640.441128,0.000000,58.000000,5.709610,0.000000,232.646240
4280,6640.441128,0.000000,58.000000,6.211003,0.000000,224.623955
4281,6640.441128,0.000000,58.000000,6.712396,0.000000,216.601671
4282,6640.441128,0.000000,58.000000,7.213788,0.000000,208.579387
4283,6640.441128,0.000000,58.000000,7.715181,0.000000,200.557103
4284,6640.441128,0.000000,58.000000,8.216574,0.000000,192.534819
4285,6640.441128,0.000000,58.000000,8.717967,0.000000,184.512535
4286,6640.441128,0.000000,58.000000,9.219359,0.000000,176.490251
4287,6640.441128,0.000000,58.000000,9.720752,0.000000,168.467967
4289,6640.441128,0.000000,58.000000,10.723538,0.000000,152.423398
4290,6640.441128,0.000000,58.000000,11.224930,0.000000,144.401114
4291,6640.441128,0.000000,58.000000,11.726323,0.000000,136.378830
4292,6640.441128,0.000000,58.000000,12.227716,0.000000,128.356546
4293,6640.441128,0.000000,58.000000,12.729109,0.000000,120.334262
4294,6640.441128,0.000000,58.000000,13.230501,0.000000,112.311978
4295,6640.441128,0.000000,58.000000,13.731894,0.000000,104.289694
4296,6640.441128,0.000000,58.000000,14.233287,0.000000,96.267409
4297,6640.441128,0.000000,58.000000,14.734680,0.000000,88.245125
4298,6640.441128,0.000000,58.000000,15.236072,0.000000,80.222841
4299,6640.441128,0.000000,58.000000,15.737465,0.000000,72.200557
4300,6640.441128,0.000000,58.000000,16.238858,0.000000,64.178273
4301,6640.441128,0.000000,58.000000,16.740251,0.000000,56.155989
4302,6640.441128,0.000000,58.000000,17.241643,0.000000,48.133705
4303,6640.441128,0.000000,58.000000,17.743036,0.000000,40.111421
4304,6640.441128,0.000000,58.000000,18.244429,0.000000,32.089136
4305,6640.441128,0.000000,58.000000,18.745822,0.000000,24.066852
4306,6640.441128,0.000000,58.000000,19.247214,0.000000,16.044568
4307,6640.441128,0.000000,58.000000,19.748607,0.000000,8.022284
4308,6640.441128,0.000000,49.000000,0.000000,0.000000,0.000000
4312,6640.441128,0.000000,49.000000,2.005571,0.000000,327.910864
4313,6640.441128,0.000000,49.000000,2.506964,0.000000,319.888579
4314,6640.441128,0.000000,49.000000,3.008357,0.000000,311.866295
4315,6640.441128,0.000000,49.000000,3.509749,0.000000,303.844011
4316,6640.441128,0.000000,49.000000,4.011142,0.000000,295.821727
4317,6640.441128,0.000000,49.000000,4.512535,0.000000,287.799443
4318,6640.441128,0.000000,49.000000,5.013928,0.000000,279.777159
4319,6640.441128,0.000000,49.000000,5.515320,0.000000,271.754875
4320,6640.441128,0.000000,49.000000,6.016713,0.000000,263.732591
4321,6640.441128,0.000000,49.000000,6.518106,0.000000,255.710306
4322,6640.441128,0.000000,49.000000,7.019499,0.000000,247.688022
4323,6640.441128,0.000000,49.000000,7.520891,0.000000,239.665738
4324,6640.441128,0.000000,49.000000,8.022284,0.000000,231.643454
4326,6640.441128,0.000000,49.000000,9.025070,0.000000,215.598886
4329,6640.441128,0.000000,49.000000,10.529248,0.000000,191.532033
4330,6640.441128,0.000000,49.000000,11.030641,0.000000,183.509749
4332,6640.441128,0.000000,49.000000,12.033426,0.000000,167.465181
4335,6640.441128,0.000000,49.000000,13.537604,0.000000,143.398329
4339,6640.441128,0.000000,49.000000,15.543175,0.000000,111.309192
4340,6640.441128,0.000000,49.000000,16.044568,0.000000,103.286908
4341,6640.441128,0.000000,49.000000,16.545961,0.000000,95.264624
4343,6640.441128,0.000000,49.000000,17.548747,0.000000,79.220056
4344,6640.441128,0.000000,49.000000,18.050139,0.000000,71.197772
4345,6640.441128,0.000000,49.000000,18.551532,0.000000,63.175487
4346,6640.441128,0.000000,49.000000,19.052925,0.000000,55.153203
4348,6640.441128,0.000000,49.000000,20.055710,0.000000,39.108635
4352,6640.441128,0.000000,49.000000,22.061281,0.000000,7.019499
4363,6640.441128,0.000000,49.000000,27.576602,0.000000,278.774373
4367,6640.441128,0.000000,49.000000,29.582173,0.000000,246.685237
4371,6640.441128,0.000000,49.000000,31.587744,0.000000,214.596100
4373,6640.441128,0.000000,49.000000,32.590529,0.000000,198.551532
4375,6640.441128,0.000000,49.000000,33.593315,0.000000,182.506964
4377,6640.441128,0.000000,49.000000,34.596100,0.000000,166.462396
4379,6640.441128,0.000000,49.000000,35.598886,0.000000,150.417827
4381,6640.441128,0.000000,49.000000,36.601671,0.000000,134.373259
4383,6640.441128,0.000000,49.000000,37.604457,0.000000,118.328691
4389,6640.441128,0.000000,49.000000,40.612813,0.000000,70.194986
4391,6640.441128,0.000000,49.000000,41.615599,0.000000,54.150418
4395,6640.441128,0.000000,49.000000,43.621170,0.000000,22.061281
4403,6640.441128,0.000000,49.000000,47.632312,0.000000,317.883008
4407,6640.441128,0.000000,49.000000,49.637883,0.000000,285.793872
4411,6640.441128,0.000000,49.000000,51.643454,0.000000,253.704735
4413,6640.441128,0.000000,49.000000,52.646240,0.000000,237.660167
4415,6640.441128,0.000000,49.000000,53.649025,0.000000,221.615599
4416,6640.441128,0.000000,49.000000,54.150418,0.000000,213.593315
4417,6640.441128,0.000000,49.000000,54.651811,0.000000,205.571031
4419,6640.441128,0.000000,49.000000,55.654596,0.000000,189.526462
4423,6640.441128,0.000000,49.000000,57.660167,0.000000,157.437326
4427,6640.441128,0.000000,49.000000,59.665738,0.000000,125.348189
4428,6640.441128,0.000000,49.000000,60.167131,0.000000,117.325905
4429,6640.441128,0.000000,49.000000,60.668524,0.000000,109.303621
4431,6640.441128,0.000000,49.000000,61.671309,0.000000,93.259053
4433,6640.441128,0.000000,49.000000,62.674095,0.000000,77.214485
4435,6640.441128,0.000000,49.000000,63.676880,0.000000,61.169916
4437,6640.441128,0.000000,49.000000,64.679666,0.000000,45.125348
4439,6640.441128,0.000000,49.000000,65.682451,0.000000,29.080780
4441,6640.441128,0.000000,49.000000,66.685237,0.000000,13.036212
4443,6640.441128,0.000000,49.000000,67.688022,0.000000,356.991643
4445,6640.441128,0.000000,49.000000,68.690808,0.000000,340.947075
4449,6640.441128,0.000000,49.000000,70.696379,0.000000,308.857939
4451,6640.441128,0.000000,49.000000,71.699164,0.000000,292.813370
4455,6640.441128,0.000000,49.000000,73.704735,0.000000,260.724234
4459,6640.441128,0.000000,49.000000,75.710306,0.000000,228.635097
4461,6640.441128,0.000000,49.000000,76.713092,0.000000,212.590529
4463,6640.441128,0.000000,49.000000,77.715877,0.000000,196.545961
4465,6640.441128,0.000000,49.000000,78.718663,0.000000,180.501393
4467,6640.441128,0.000000,49.000000,79.721448,0.000000,164.456825
4468,6640.441128,0.000000,49.000000,80.222841,0.000000,156.434540
4469,6640.441128,0.000000,49.000000,80.724234,0.000000,148.412256
4471,6640.441128,0.000000,49.000000,81.727019,0.000000,132.367688
4473,6640.441128,0.000000,49.000000,82.729805,0.000000,116.323120
4475,6640.441128,0.000000,49.000000,83.732591,0.000000,100.278552
4477,6640.441128,0.000000,49.000000,84.735376,0.000000,84.233983
4479,6640.441128,0.000000,49.000000,85.738162,0.000000,68.189415
4483,6640.441128,0.000000,49.000000,87.743733,0.000000,36.100279
4485,6640.441128,0.000000,49.000000,88.746518,0.000000,20.055710
4487,6640.441128,0.000000,49.000000,89.749304,0.000000,4.011142
4491,6640.441128,0.000000,49.000000,91.754875,0.000000,331.922006
4493,6640.441128,0.000000,49.000000,92.757660,0.000000,315.877437
4495,6640.441128,0.000000,49.000000,93.760446,0.000000,299.832869
4504,6640.441128,0.000000,49.000000,98.272981,0.000000,227.632312
4507,6640.441128,0.000000,49.000000,99.777159,0.000000,203.565460
4511,6640.441128,0.000000,49.000000,101.782730,0.000000,171.476323
4513,6640.441128,0.000000,49.000000,102.785515,0.000000,155.431755
4515,6640.441128,0.000000,49.000000,103.788301,0.000000,139.387187
4519,6640.441128,0.000000,49.000000,105.793872,0.000000,107.298050
4521,6640.441128,0.000000,49.000000,106.796657,0.000000,91.253482
4523,6640.441128,0.000000,49.000000,107.799443,0.000000,75.208914
4525,6640.441128,0.000000,49.000000,108.802228,0.000000,59.164345
4527,6640.441128,0.000000,49.000000,109.805014,0.000000,43.119777
4529,6640.441128,0.000000,49.000000,110.807799,0.000000,27.075209
4535,6640.441128,0.000000,49.000000,113.816156,0.000000,338.941504
4541,6640.441128,0.000000,49.000000,116.824513,0.000000,290.807799
4543,6640.441128,0.000000,49.000000,117.827298,0.000000,274.763231
4545,6640.441128,0.000000,49.000000,118.830084,0.000000,258.718663
4553,6640.441128,0.000000,49.000000,122.841226,0.000000,194.540390
4555,6640.441128,0.000000,49.000000,123.844011,0.000000,178.495822
4557,6640.441128,0.000000,49.000000,124.846797,0.000000,162.451253
4559,6640.441128,0.000000,49.000000,125.849582,0.000000,146.406685
4561,6640.441128,0.000000,49.000000,126.852368,0.000000,130.362117
4573,6640.441128,0.000000,49.000000,132.869081,0.000000,34.094708
4577,6640.441128,0.000000,49.000000,134.874652,0.000000,2.005571
4579,6640.441128,0.000000,49.000000,135.877437,0.000000,345.961003
4581,6640.441128,0.000000,49.000000,136.880223,0.000000,329.916435
4583,6640.441128,0.000000,49.000000,137.883008,0.000000,313.871866
4585,6640.441128,0.000000,49.000000,138.885794,0.000000,297.827298
4589,6640.441128,0.000000,49.000000,140.891365,0.000000,265.738162
4591,6640.441128,0.000000,49.000000,141.894150,0.000000,249.693593
4593,6640.441128,0.000000,49.000000,142.896936,0.000000,233.649025
4594,6640.441128,0.000000,49.000000,143.398329,0.000000,225.626741
4597,6640.441128,0.000000,49.000000,144.902507,0.000000,201.559889
4601,6640.441128,0.000000,49.000000,146.908078,0.000000,169.470752
4603,6640.441128,0.000000,49.000000,147.910864,0.000000,153.426184
4605,6640.441128,0.000000,49.000000,148.913649,0.000000,137.381616
4609,6640.441128,0.000000,49.000000,150.919220,0.000000,105.292479
4613,6640.441128,0.000000,49.000000,152.924791,0.000000,73.203343
4615,6640.441128,0.000000,49.000000,153.927577,0.000000,57.158774
4617,6640.441128,0.000000,49.000000,154.930362,0.000000,41.114206
4619,6640.441128,0.000000,49.000000,155.933148,0.000000,25.069638
4621,6640.441128,0.000000,49.000000,156.935933,0.000000,9.025070
4623,6640.441128,0.000000,49.000000,157.938719,0.000000,352.980501
4625,6640.441128,0.000000,49.000000,158.941504,0.000000,336.935933
4627,6640.441128,0.000000,49.000000,159.944290,0.000000,320.891365
4629,6640.441128,0.000000,49.000000,160.947075,0.000000,304.846797
4633,6640.441128,0.000000,49.000000,162.952646,0.000000,272.757660
4635,6640.441128,0.000000,49.000000,163.955432,0.000000,256.713092
4637,6640.441128,0.000000,49.000000,164.958217,0.000000,240.668524
4639,6640.441128,0.000000,49.000000,165.961003,0.000000,224.623955
4647,6640.441128,0.000000,49.000000,169.972145,0.000000,160.445682
4648,6640.441128,0.000000,49.000000,170.473538,0.000000,152.423398
4649,6640.441128,0.000000,49.000000,170.974930,0.000000,144.401114
4655,6640.441128,0.000000,49.000000,173.983287,0.000000,96.267409
4657,6640.441128,0.000000,49.000000,174.986072,0.000000,80.222841
4659,6640.441128,0.000000,49.000000,175.988858,0.000000,64.178273
4661,6640.441128,0.000000,49.000000,176.991643,0.000000,48.133705
4663,6640.441128,0.000000,49.000000,177.994429,0.000000,32.089136
4665,6640.441128,0.000000,49.000000,178.997214,0.000000,16.044568
4667,6640.441128,0.000000,49.000000,180.000000,0.000000,360.000000
4669,6640.441128,0.000000,49.000000,181.002786,0.000000,343.955432
4671,6640.441128,0.000000,49.000000,182.005571,0.000000,327.910864
4673,6640.441128,0.000000,49.000000,183.008357,0.000000,311.866295
4675,6640.441128,0.000000,49.000000,184.011142,0.000000,295.821727
4677,6640.441128,0.000000,49.000000,185.013928,0.000000,279.777159
4681,6640.441128,0.000000,49.000000,187.019499,0.000000,247.688022
4687,6640.441128,0.000000,49.000000,190.027855,0.000000,199.554318
4688,6640.441128,0.000000,49.000000,190.529248,0.000000,191.532033
4691,6640.441128,0.000000,49.000000,192.033426,0.000000,167.465181
4693,6640.441128,0.000000,49.000000,193.036212,0.000000,151.420613
4695,6640.441128,0.000000,49.000000,194.038997,0.000000,135.376045
4697,6640.441128,0.000000,49.000000,195.041783,0.000000,119.331476
4699,6640.441128,0.000000,49.000000,196.044568,0.000000,103.286908
4701,6640.441128,0.000000,49.000000,197.047354,0.000000,87.242340
4703,6640.441128,0.000000,49.000000,198.050139,0.000000,71.197772
4705,6640.441128,0.000000,49.000000,199.052925,0.000000,55.153203
4710,6640.441128,0.000000,49.000000,201.559889,0.000000,15.041783
4711,6640.441128,0.000000,49.000000,202.061281,0.000000,7.019499
4713,6640.441128,0.000000,49.000000,203.064067,0.000000,350.974930
4715,6640.441128,0.000000,49.000000,204.066852,0.000000,334.930362
4717,6640.441128,0.000000,49.000000,205.069638,0.000000,318.885794
4719,6640.441128,0.000000,49.000000,206.072423,0.000000,302.841226
4723,6640.441128,0.000000,49.000000,208.077994,0.000000,270.752089
4725,6640.441128,0.000000,49.000000,209.080780,0.000000,254.707521
4727,6640.441128,0.000000,49.000000,210.083565,0.000000,238.662953
4735,6640.441128,0.000000,49.000000,214.094708,0.000000,174.484680
4739,6640.441128,0.000000,49.000000,216.100279,0.000000,142.395543
4741,6640.441128,0.000000,49.000000,217.103064,0.000000,126.350975
4743,6640.441128,0.000000,49.000000,218.105850,0.000000,110.306407
4745,6640.441128,0.000000,49.000000,219.108635,0.000000,94.261838
4747,6640.441128,0.000000,49.000000,220.111421,0.000000,78.217270
4749,6640.441128,0.000000,49.000000,221.114206,0.000000,62.172702
4751,6640.441128,0.000000,49.000000,222.116992,0.000000,46.128134
4753,6640.441128,0.000000,49.000000,223.119777,0.000000,30.083565
4755,6640.441128,0.000000,49.000000,224.122563,0.000000,14.038997
4757,6640.441128,0.000000,49.000000,225.125348,0.000000,357.994429
4759,6640.441128,0.000000,49.000000,226.128134,0.000000,341.949861
4761,6640.441128,0.000000,49.000000,227.130919,0.000000,325.905292
4763,6640.441128,0.000000,49.000000,228.133705,0.000000,309.860724
4765,6640.441128,0.000000,49.000000,229.136490,0.000000,293.816156
4767,6640.441128,0.000000,49.000000,230.139276,0.000000,277.771588
4769,6640.441128,0.000000,49.000000,231.142061,0.000000,261.727019
4771,6640.441128,0.000000,49.000000,232.144847,0.000000,245.682451
4773,6640.441128,0.000000,49.000000,233.147632,0.000000,229.637883
4775,6640.441128,0.000000,49.000000,234.150418,0.000000,213.593315
4779,6640.441128,0.000000,49.000000,236.155989,0.000000,181.504178
4780,6640.441128,0.000000,49.000000,236.657382,0.000000,173.481894
4787,6640.441128,0.000000,49.000000,240.167131,0.000000,117.325905
4789,6640.441128,0.000000,49.000000,241.169916,0.000000,101.281337
4793,6640.441128,0.000000,49.000000,243.175487,0.000000,69.192201
4795,6640.441128,0.000000,49.000000,244.178273,0.000000,53.147632
4799,6640.441128,0.000000,49.000000,246.183844,0.000000,21.058496
4801,6640.441128,0.000000,49.000000,247.186630,0.000000,5.013928
4803,6640.441128,0.000000,49.000000,248.189415,0.000000,348.969359
4804,6640.441128,0.000000,49.000000,248.690808,0.000000,340.947075
4805,6640.441128,0.000000,49.000000,249.192201,0.000000,332.924791
4807,6640.441128,0.000000,49.000000,250.194986,0.000000,316.880223
4815,6640.441128,0.000000,49.000000,254.206128,0.000000,252.701950
4817,6640.441128,0.000000,49.000000,255.208914,0.000000,236.657382
4819,6640.441128,0.000000,49.000000,256.211699,0.000000,220.612813
4821,6640.441128,0.000000,49.000000,257.214485,0.000000,204.568245
4823,6640.441128,0.000000,49.000000,258.217270,0.000000,188.523677
4825,6640.441128,0.000000,49.000000,259.220056,0.000000,172.479109
4827,6640.441128,0.000000,49.000000,260.222841,0.000000,156.434540
4829,6640.441128,0.000000,49.000000,261.225627,0.000000,140.389972
4833,6640.441128,0.000000,49.000000,263.231198,0.000000,108.300836
4841,6640.441128,0.000000,49.000000,267.242340,0.000000,44.122563
4843,6640.441128,0.000000,49.000000,268.245125,0.000000,28.077994
4845,6640.441128,0.000000,49.000000,269.247911,0.000000,12.033426
4847,6640.441128,0.000000,49.000000,270.250696,0.000000,355.988858
4853,6640.441128,0.000000,49.000000,273.259053,0.000000,307.855153
4855,6640.441128,0.000000,49.000000,274.261838,0.000000,291.810585
4857,6640.441128,0.000000,49.000000,275.264624,0.000000,275.766017
4859,6640.441128,0.000000,49.000000,276.267409,0.000000,259.721448
4861,6640.441128,0.000000,49.000000,277.270195,0.000000,243.676880
4863,6640.441128,0.000000,49.000000,278.272981,0.000000,227.632312
4869,6640.441128,0.000000,49.000000,281.281337,0.000000,179.498607
4871,6640.441128,0.000000,49.000000,282.284123,0.000000,163.454039
4875,6640.441128,0.000000,49.000000,284.289694,0.000000,131.364903
4877,6640.441128,0.000000,49.000000,285.292479,0.000000,115.320334
4882,6640.441128,0.000000,49.000000,287.799443,0.000000,75.208914
4883,6640.441128,0.000000,49.000000,288.300836,0.000000,67.186630
4885,6640.441128,0.000000,49.000000,289.303621,0.000000,51.142061
4887,6640.441128,0.000000,49.000000,290.306407,0.000000,35.097493
4889,6640.441128,0.000000,49.000000,291.309192,0.000000,19.052925
4891,6640.441128,0.000000,49.000000,292.311978,0.000000,3.008357
4893,6640.441128,0.000000,49.000000,293.314763,0.000000,346.963788
4895,6640.441128,0.000000,49.000000,294.317549,0.000000,330.919220
4896,6640.441128,0.000000,49.000000,294.818942,0.000000,322.896936
4898,6640.441128,0.000000,49.000000,295.821727,0.000000,306.852368
4899,6640.441128,0.000000,49.000000,296.323120,0.000000,298.830084
4900,6640.441128,0.000000,49.000000,296.824513,0.000000,290.807799
4903,6640.441128,0.000000,49.000000,298.328691,0.000000,266.740947
4905,6640.441128,0.000000,49.000000,299.331476,0.000000,250.696379
4906,6640.441128,0.000000,49.000000,299.832869,0.000000,242.674095
4907,6640.441128,0.000000,49.000000,300.334262,0.000000,234.651811
4909,6640.441128,0.000000,49.000000,301.337047,0.000000,218.607242
4913,6640.441128,0.000000,49.000000,303.342618,0.000000,186.518106
4915,6640.441128,0.000000,49.000000,304.345404,0.000000,170.473538
4916,6640.441128,0.000000,49.000000,304.846797,0.000000,162.451253
4917,6640.441128,0.000000,49.000000,305.348189,0.000000,154.428969
4918,6640.441128,0.000000,49.000000,305.849582,0.000000,146.406685
4920,6640.441128,0.000000,49.000000,306.852368,0.000000,130.362117
4922,6640.441128,0.000000,49.000000,307.855153,0.000000,114.317549
4924,6640.441128,0.000000,49.000000,308.857939,0.000000,98.272981
4930,6640.441128,0.000000,49.000000,311.866295,0.000000,50.139276
4932,6640.441128,0.000000,49.000000,312.869081,0.000000,34.094708
4936,6640.441128,0.000000,49.000000,314.874652,0.000000,2.005571
4938,6640.441128,0.000000,49.000000,315.877437,0.000000,345.961003
4940,6640.441128,0.000000,49.000000,316.880223,0.000000,329.916435
4944,6640.441128,0.000000,49.000000,318.885794,0.000000,297.827298
4946,6640.441128,0.000000,49.000000,319.888579,0.000000,281.782730
4948,6640.441128,0.000000,49.000000,320.891365,0.000000,265.738162
4950,6640.441128,0.000000,49.000000,321.894150,0.000000,249.693593
4954,6640.441128,0.000000,49.000000,323.899721,0.000000,217.604457
4956,6640.441128,0.000000,49.000000,324.902507,0.000000,201.559889
4958,6640.441128,0.000000,49.000000,325.905292,0.000000,185.515320
4960,6640.441128,0.000000,49.000000,326.908078,0.000000,169.470752
4962,6640.441128,0.000000,49.000000,327.910864,0.000000,153.426184
4966,6640.441128,0.000000,49.000000,329.916435,0.000000,121.337047
4968,6640.441128,0.000000,49.000000,330.919220,0.000000,105.292479
4970,6640.441128,0.000000,49.000000,331.922006,0.000000,89.247911
4976,6640.441128,0.000000,49.000000,334.930362,0.000000,41.114206
4984,6640.441128,0.000000,49.000000,338.941504,0.000000,336.935933
4986,6640.441128,0.000000,49.000000,339.944290,0.000000,320.891365
4988,6640.441128,0.000000,49.000000,340.947075,0.000000,304.846797
4991,6640.441128,0.000000,49.000000,342.451253,0.000000,280.779944
4994,6640.441128,0.000000,49.000000,343.955432,0.000000,256.713092
4996,6640.441128,0.000000,49.000000,344.958217,0.000000,240.668524
5000,6640.441128,0.000000,49.000000,346.963788,0.000000,208.579387
5004,6640.441128,0.000000,49.000000,348.969359,0.000000,176.490251
5006,6640.441128,0.000000,49.000000,349.972145,0.000000,160.445682
5010,6640.441128,0.000000,49.000000,351.977716,0.000000,128.356546
5014,6640.441128,0.000000,49.000000,353.983287,0.000000,96.267409
5016,6640.441128,0.000000,49.000000,354.986072,0.000000,80.222841
5018,6640.441128,0.000000,49.000000,355.988858,0.000000,64.178273
5024,6640.441128,0.000000,49.000000,358.997214,0.000000,16.044568
5030,6640.441128,0.000000,44.000000,2.005571,0.000000,327.910864
5069,6640.441128,0.000000,44.000000,21.559889,0.000000,15.041783
5082,6640.441128,0.000000,44.000000,28.077994,0.000000,270.752089
5102,6640.441128,0.000000,44.000000,38.105850,0.000000,110.306407
5112,6640.441128,0.000000,44.000000,43.119777,0.000000,30.083565
5124,6640.441128,0.000000,44.000000,49.136490,0.000000,293.816156
5128,6640.441128,0.000000,44.000000,51.142061,0.000000,261.727019
5170,6640.441128,0.000000,44.000000,72.200557,0.000000,284.791086
5182,6640.441128,0.000000,44.000000,78.217270,0.000000,188.523677
5184,6640.441128,0.000000,44.000000,79.220056,0.000000,172.479109
5262,6640.441128,0.000000,44.000000,118.328691,0.000000,266.740947
5267,6640.441128,0.000000,44.000000,120.835655,0.000000,226.629526
5312,6640.441128,0.000000,44.000000,143.398329,0.000000,225.626741
5318,6640.441128,0.000000,44.000000,146.406685,0.000000,177.493036
5361,6640.441128,0.000000,44.000000,167.966574,0.000000,192.534819
5362,6640.441128,0.000000,44.000000,168.467967,0.000000,184.512535
5397,6640.441128,0.000000,44.000000,186.016713,0.000000,263.732591
5452,6640.441128,0.000000,44.000000,213.593315,0.000000,182.506964
5458,6640.441128,0.000000,44.000000,216.601671,0.000000,134.373259
5481,6640.441128,0.000000,44.000000,228.133705,0.000000,309.860724
5505,6640.441128,0.000000,44.000000,240.167131,0.000000,117.325905
5525,6640.441128,0.000000,44.000000,250.194986,0.000000,316.880223
5545,6640.441128,0.000000,44.000000,260.222841,0.000000,156.434540
5549,6640.441128,0.000000,44.000000,262.228412,0.000000,124.345404
5568,6640.441128,0.000000,44.000000,271.754875,0.000000,331.922006
5645,6640.441128,0.000000,44.000000,310.362117,0.000000,74.206128
5648,6640.441128,0.000000,44.000000,311.866295,0.000000,50.139276
5664,6640.441128,0.000000,44.000000,319.888579,0.000000,281.782730
5667,6640.441128,0.000000,44.000000,321.392758,0.000000,257.715877
5692,6640.441128,0.000000,44.000000,333.927577,0.000000,57.158774
5707,6640.441128,0.000000,44.000000,341.448468,0.000000,296.824513
5713,6640.441128,0.000000,44.000000,344.456825,0.000000,248.690808
6268,6640.441128,0.000000,41.000000,278.479805,0.000000,116.323120
6363,6640.441128,0.000000,41.000000,326.112117,0.000000,74.206128
6464,6640.441128,0.000000,45.000000,3.252786,0.000000,343.955432
6504,6640.441128,0.000000,45.000000,23.308496,0.000000,23.064067
6559,6640.441128,0.000000,45.000000,50.885097,0.000000,301.838440
6583,6640.441128,0.000000,45.000000,62.918524,0.000000,109.303621
6598,6640.441128,0.000000,45.000000,70.439415,0.000000,348.969359
6601,6640.441128,0.000000,45.000000,71.943593,0.000000,324.902507
6603,6640.441128,0.000000,45.000000,72.946379,0.000000,308.857939
6606,6640.441128,0.000000,45.000000,74.450557,0.000000,284.791086
6618,6640.441128,0.000000,45.000000,80.467270,0.000000,188.523677
6659,6640.441128,0.000000,45.000000,101.024373,0.000000,219.610028
6662,6640.441128,0.000000,45.000000,102.528552,0.000000,195.543175
6678,6640.441128,0.000000,45.000000,110.550836,0.000000,67.186630
6697,6640.441128,0.000000,45.000000,120.077298,0.000000,274.763231
6700,6640.441128,0.000000,45.000000,121.581476,0.000000,250.696379
6723,6640.441128,0.000000,45.000000,133.113510,0.000000,66.183844
6738,6640.441128,0.000000,45.000000,140.634401,0.000000,305.849582
6799,6640.441128,0.000000,45.000000,171.219359,0.000000,176.490251
6846,6640.441128,0.000000,45.000000,194.784819,0.000000,159.442897
6893,6640.441128,0.000000,45.000000,218.350279,0.000000,142.395543
6935,6640.441128,0.000000,45.000000,239.408774,0.000000,165.459610
6984,6640.441128,0.000000,45.000000,263.977019,0.000000,132.367688
6985,6640.441128,0.000000,45.000000,264.478412,0.000000,124.345404
7062,6640.441128,0.000000,45.000000,303.085655,0.000000,226.629526
7077,6640.441128,0.000000,45.000000,310.606546,0.000000,106.295265
7080,6640.441128,0.000000,45.000000,312.110724,0.000000,82.228412
7096,6640.441128,0.000000,45.000000,320.133008,0.000000,313.871866
7129,6640.441128,0.000000,45.000000,336.678969,0.000000,49.136490
7137,6640.441128,0.000000,45.000000,340.690111,0.000000,344.958217
7146,6640.441128,0.000000,45.000000,345.202646,0.000000,272.757660
7156,6640.441128,0.000000,45.000000,350.216574,0.000000,192.534819
7174,6640.441128,0.000000,45.000000,359.241643,0.000000,48.133705
7282,6640.441128,0.000000,40.000000,53.392061,0.000000,261.727019
7307,6640.441128,0.000000,40.000000,65.926880,0.000000,61.169916
7330,6640.441128,0.000000,40.000000,77.458914,0.000000,236.657382
7407,6640.441128,0.000000,40.000000,116.066156,0.000000,338.941504
7648,6640.441128,0.000000,40.000000,236.901811,0.000000,205.571031
7657,6640.441128,0.000000,40.000000,241.414345,0.000000,133.370474
7796,6640.441128,0.000000,40.000000,311.107939,0.000000,98.272981
7992,6640.441128,0.000000,46.000000,47.130919,0.000000,325.905292
8127,6640.441128,0.000000,46.000000,114.818942,0.000000,322.896936
8429,6640.441128,0.000000,46.000000,266.239554,0.000000,60.167131
8591,6640.441128,0.000000,46.000000,347.465181,0.000000,200.557103
8692,6640.441128,0.000000,39.000000,42.605850,0.000000,110.306407
8775,6640.441128,0.000000,39.000000,84.221448,0.000000,164.456825
8909,6640.441128,0.000000,39.000000,151.408078,0.000000,169.470752
9023,6640.441128,0.000000,39.000000,208.566852,0.000000,334.930362
9027,6640.441128,0.000000,39.000000,210.572423,0.000000,302.841226
9044,6640.441128,0.000000,39.000000,219.096100,0.000000,166.462396
9252,6640.441128,0.000000,39.000000,323.385794,0.000000,297.827298
9365,6640.441128,0.000000,47.000000,35.793175,0.000000,111.309192
9533,6640.441128,0.000000,47.000000,120.027159,0.000000,203.565460
9831,6640.441128,0.000000,47.000000,269.442201,0.000000,332.924791
10213,6640.441128,0.000000,38.000000,89.724234,0.000000,148.412256
10691,6640.441128,0.000000,38.000000,329.389972,0.000000,273.760446
10706,6640.441128,0.000000,38.000000,336.910864,0.000000,153.426184
10739,6640.441128,0.000000,38.000000,353.456825,0.000000,248.690808
10772,6640.441128,0.000000,37.000000,12.252786,0.000000,343.955432
10906,6640.441128,0.000000,37.000000,79.439415,0.000000,348.969359
10925,6640.441128,0.000000,37.000000,88.965877,0.000000,196.545961
10968,6640.441128,0.000000,37.000000,110.525766,0.000000,211.587744
11000,6640.441128,0.000000,37.000000,126.570334,0.000000,314.874652
11003,6640.441128,0.000000,37.000000,128.074513,0.000000,290.807799
11057,6640.441128,0.000000,37.000000,155.149721,0.000000,217.604457
11111,6640.441128,0.000000,37.000000,182.224930,0.000000,144.401114
11265,6640.441128,0.000000,37.000000,259.439415,0.000000,348.969359
11314,6640.441128,0.000000,37.000000,284.007660,0.000000,315.877437
11465,6640.441128,0.000000,37.000000,359.717967,0.000000,184.512535
11471,6640.441128,0.000000,37.000000,2.726323,0.000000,136.378830
11530,6640.441128,0.000000,36.000000,32.308496,0.000000,23.064067
11536,6640.441128,0.000000,36.000000,35.316852,0.000000,334.930362
11570,6640.441128,0.000000,36.000000,52.364206,0.000000,62.172702
11634,6640.441128,0.000000,36.000000,84.453343,0.000000,268.746518
11671,6640.441128,0.000000,36.000000,103.004875,0.000000,331.922006
11676,6640.441128,0.000000,36.000000,105.511838,0.000000,291.810585
11680,6640.441128,0.000000,36.000000,107.517409,0.000000,259.721448
11768,6640.441128,0.000000,36.000000,151.639972,0.000000,273.760446
11868,6640.441128,0.000000,36.000000,201.779248,0.000000,191.532033
11913,6640.441128,0.000000,36.000000,224.341922,0.000000,190.529248
11968,6640.441128,0.000000,36.000000,251.918524,0.000000,109.303621
12057,6640.441128,0.000000,36.000000,296.542479,0.000000,115.320334
12065,6640.441128,0.000000,36.000000,300.553621,0.000000,51.142061
12107,6640.441128,0.000000,36.000000,321.612117,0.000000,74.206128
12108,6640.441128,0.000000,36.000000,322.113510,0.000000,66.183844
12132,6640.441128,0.000000,36.000000,334.146936,0.000000,233.649025
12196,6640.441128,0.000000,36.000000,6.236072,0.000000,80.222841
12205,6640.441128,0.000000,36.000000,10.748607,0.000000,8.022284
12206,6640.441128,0.000000,50.000000,18.000000,0.000000,0.000000
12207,6640.441128,0.000000,50.000000,18.501393,0.000000,351.977716
12208,6640.441128,0.000000,50.000000,19.002786,0.000000,343.955432
12209,6640.441128,0.000000,50.000000,19.504178,0.000000,335.933148
12210,6640.441128,0.000000,50.000000,20.005571,0.000000,327.910864
12211,6640.441128,0.000000,50.000000,20.506964,0.000000,319.888579
12214,6640.441128,0.000000,50.000000,22.011142,0.000000,295.821727
12215,6640.441128,0.000000,50.000000,22.512535,0.000000,287.799443
12216,6640.441128,0.000000,50.000000,23.013928,0.000000,279.777159
12217,6640.441128,0.000000,50.000000,23.515320,0.000000,271.754875
12218,6640.441128,0.000000,50.000000,24.016713,0.000000,263.732591
12219,6640.441128,0.000000,50.000000,24.518106,0.000000,255.710306
12220,6640.441128,0.000000,50.000000,25.019499,0.000000,247.688022
12222,6640.441128,0.000000,50.000000,26.022284,0.000000,231.643454
12223,6640.441128,0.000000,50.000000,26.523677,0.000000,223.621170
12226,6640.441128,0.000000,50.000000,28.027855,0.000000,199.554318
12227,6640.441128,0.000000,50.000000,28.529248,0.000000,191.532033
12228,6640.441128,0.000000,50.000000,29.030641,0.000000,183.509749
12229,6640.441128,0.000000,50.000000,29.532033,0.000000,175.487465
12231,6640.441128,0.000000,50.000000,30.534819,0.000000,159.442897
12232,6640.441128,0.000000,50.000000,31.036212,0.000000,151.420613
12233,6640.441128,0.000000,50.000000,31.537604,0.000000,143.398329
12236,6640.441128,0.000000,50.000000,33.041783,0.000000,119.331476
12237,6640.441128,0.000000,50.000000,33.543175,0.000000,111.309192
12238,6640.441128,0.000000,50.000000,34.044568,0.000000,103.286908
12239,6640.441128,0.000000,50.000000,34.545961,0.000000,95.264624
12240,6640.441128,0.000000,50.000000,35.047354,0.000000,87.242340
12241,6640.441128,0.000000,50.000000,35.548747,0.000000,79.220056
12242,6640.441128,0.000000,50.000000,36.050139,0.000000,71.197772
12243,6640.441128,0.000000,50.000000,36.551532,0.000000,63.175487
12244,6640.441128,0.000000,50.000000,37.052925,0.000000,55.153203
12246,6640.441128,0.000000,50.000000,38.055710,0.000000,39.108635
12249,6640.441128,0.000000,50.000000,39.559889,0.000000,15.041783
12250,6640.441128,0.000000,50.000000,40.061281,0.000000,7.019499
12251,6640.441128,0.000000,50.000000,40.562674,0.000000,358.997214
12252,6640.441128,0.000000,50.000000,41.064067,0.000000,350.974930
12254,6640.441128,0.000000,50.000000,42.066852,0.000000,334.930362
12255,6640.441128,0.000000,50.000000,42.568245,0.000000,326.908078
12256,6640.441128,0.000000,50.000000,43.069638,0.000000,318.885794
12257,6640.441128,0.000000,50.000000,43.571031,0.000000,310.863510
12258,6640.441128,0.000000,50.000000,44.072423,0.000000,302.841226
12259,6640.441128,0.000000,50.000000,44.573816,0.000000,294.818942
12260,6640.441128,0.000000,50.000000,45.075209,0.000000,286.796657
12262,6640.441128,0.000000,50.000000,46.077994,0.000000,270.752089
12263,6640.441128,0.000000,50.000000,46.579387,0.000000,262.729805
12265,6640.441128,0.000000,50.000000,47.582173,0.000000,246.685237
12266,6640.441128,0.000000,50.000000,48.083565,0.000000,238.662953
12267,6640.441128,0.000000,50.000000,48.584958,0.000000,230.640669
12270,6640.441128,0.000000,50.000000,50.089136,0.000000,206.573816
12272,6640.441128,0.000000,50.000000,51.091922,0.000000,190.529248
12273,6640.441128,0.000000,50.000000,51.593315,0.000000,182.506964
12274,6640.441128,0.000000,50.000000,52.094708,0.000000,174.484680
12277,6640.441128,0.000000,50.000000,53.598886,0.000000,150.417827
12278,6640.441128,0.000000,50.000000,54.100279,0.000000,142.395543
12279,6640.441128,0.000000,50.000000,54.601671,0.000000,134.373259
12280,6640.441128,0.000000,50.000000,55.103064,0.000000,126.350975
12282,6640.441128,0.000000,50.000000,56.105850,0.000000,110.306407
12283,6640.441128,0.000000,50.000000,56.607242,0.000000,102.284123
12284,6640.441128,0.000000,50.000000,57.108635,0.000000,94.261838
12285,6640.441128,0.000000,50.000000,57.610028,0.000000,86.239554
12286,6640.441128,0.000000,50.000000,58.111421,0.000000,78.217270
12287,6640.441128,0.000000,50.000000,58.612813,0.000000,70.194986
12289,6640.441128,0.000000,50.000000,59.615599,0.000000,54.150418
12290,6640.441128,0.000000,50.000000,60.116992,0.000000,46.128134
12291,6640.441128,0.000000,50.000000,60.618384,0.000000,38.105850
12292,6640.441128,0.000000,50.000000,61.119777,0.000000,30.083565
12293,6640.441128,0.000000,50.000000,61.621170,0.000000,22.061281
12294,6640.441128,0.000000,50.000000,62.122563,0.000000,14.038997
12295,6640.441128,0.000000,50.000000,62.623955,0.000000,6.016713
12297,6640.441128,0.000000,50.000000,63.626741,0.000000,349.972145
12298,6640.441128,0.000000,50.000000,64.128134,0.000000,341.949861
12299,6640.441128,0.000000,50.000000,64.629526,0.000000,333.927577
12300,6640.441128,0.000000,50.000000,65.130919,0.000000,325.905292
12301,6640.441128,0.000000,50.000000,65.632312,0.000000,317.883008
12303,6640.441128,0.000000,50.000000,66.635097,0.000000,301.838440
12305,6640.441128,0.000000,50.000000,67.637883,0.000000,285.793872
12306,6640.441128,0.000000,50.000000,68.139276,0.000000,277.771588
12309,6640.441128,0.000000,50.000000,69.643454,0.000000,253.704735
12310,6640.441128,0.000000,50.000000,70.144847,0.000000,245.682451
12311,6640.441128,0.000000,50.000000,70.646240,0.000000,237.660167
12312,6640.441128,0.000000,50.000000,71.147632,0.000000,229.637883
12313,6640.441128,0.000000,50.000000,71.649025,0.000000,221.615599
12315,6640.441128,0.000000,50.000000,72.651811,0.000000,205.571031
12317,6640.441128,0.000000,50.000000,73.654596,0.000000,189.526462
12318,6640.441128,0.000000,50.000000,74.155989,0.000000,181.504178
12321,6640.441128,0.000000,50.000000,75.660167,0.000000,157.437326
12322,6640.441128,0.000000,50.000000,76.161560,0.000000,149.415042
12323,6640.441128,0.000000,50.000000,76.662953,0.000000,141.392758
12325,6640.441128,0.000000,50.000000,77.665738,0.000000,125.348189
12326,6640.441128,0.000000,50.000000,78.167131,0.000000,117.325905
12327,6640.441128,0.000000,50.000000,78.668524,0.000000,109.303621
12328,6640.441128,0.000000,50.000000,79.169916,0.000000,101.281337
12329,6640.441128,0.000000,50.000000,79.671309,0.000000,93.259053
12330,6640.441128,0.000000,50.000000,80.172702,0.000000,85.236769
12331,6640.441128,0.000000,50.000000,80.674095,0.000000,77.214485
12332,6640.441128,0.000000,50.000000,81.175487,0.000000,69.192201
12334,6640.441128,0.000000,50.000000,82.178273,0.000000,53.147632
12336,6640.441128,0.000000,50.000000,83.181058,0.000000,37.103064
12339,6640.441128,0.000000,50.000000,84.685237,0.000000,13.036212
12341,6640.441128,0.000000,50.000000,85.688022,0.000000,356.991643
12342,6640.441128,0.000000,50.000000,86.189415,0.000000,348.969359
12343,6640.441128,0.000000,50.000000,86.690808,0.000000,340.947075
12344,6640.441128,0.000000,50.000000,87.192201,0.000000,332.924791
12345,6640.441128,0.000000,50.000000,87.693593,0.000000,324.902507
12346,6640.441128,0.000000,50.000000,88.194986,0.000000,316.880223
12347,6640.441128,0.000000,50.000000,88.696379,0.000000,308.857939
12350,6640.441128,0.000000,50.000000,90.200557,0.000000,284.791086
12352,6640.441128,0.000000,50.000000,91.203343,0.000000,268.746518
12353,6640.441128,0.000000,50.000000,91.704735,0.000000,260.724234
12354,6640.441128,0.000000,50.000000,92.206128,0.000000,252.701950
12355,6640.441128,0.000000,50.000000,92.707521,0.000000,244.679666
12358,6640.441128,0.000000,50.000000,94.211699,0.000000,220.612813
12360,6640.441128,0.000000,50.000000,95.214485,0.000000,204.568245
12361,6640.441128,0.000000,50.000000,95.715877,0.000000,196.545961
12362,6640.441128,0.000000,50.000000,96.217270,0.000000,188.523677
12365,6640.441128,0.000000,50.000000,97.721448,0.000000,164.456825
12366,6640.441128,0.000000,50.000000,98.222841,0.000000,156.434540
12368,6640.441128,0.000000,50.000000,99.225627,0.000000,140.389972
12369,6640.441128,0.000000,50.000000,99.727019,0.000000,132.367688
12370,6640.441128,0.000000,50.000000,100.228412,0.000000,124.345404
12371,6640.441128,0.000000,50.000000,100.729805,0.000000,116.323120
12372,6640.441128,0.000000,50.000000,101.231198,0.000000,108.300836
12373,6640.441128,0.000000,50.000000,101.732591,0.000000,100.278552
12374,6640.441128,0.000000,50.000000,102.233983,0.000000,92.256267
12375,6640.441128,0.000000,50.000000,102.735376,0.000000,84.233983
12377,6640.441128,0.000000,50.000000,103.738162,0.000000,68.189415
12378,6640.441128,0.000000,50.000000,104.239554,0.000000,60.167131
12379,6640.441128,0.000000,50.000000,104.740947,0.000000,52.144847
12380,6640.441128,0.000000,50.000000,105.242340,0.000000,44.122563
12381,6640.441128,0.000000,50.000000,105.743733,0.000000,36.100279
12382,6640.441128,0.000000,50.000000,106.245125,0.000000,28.077994
12383,6640.441128,0.000000,50.000000,106.746518,0.000000,20.055710
12384,6640.441128,0.000000,50.000000,107.247911,0.000000,12.033426
12385,6640.441128,0.000000,50.000000,107.749304,0.000000,4.011142
12386,6640.441128,0.000000,50.000000,108.250696,0.000000,355.988858
12387,6640.441128,0.000000,50.000000,108.752089,0.000000,347.966574
12388,6640.441128,0.000000,50.000000,109.253482,0.000000,339.944290
12389,6640.441128,0.000000,50.000000,109.754875,0.000000,331.922006
12392,6640.441128,0.000000,50.000000,111.259053,0.000000,307.855153
12393,6640.441128,0.000000,50.000000,111.760446,0.000000,299.832869
12394,6640.441128,0.000000,50.000000,112.261838,0.000000,291.810585
12395,6640.441128,0.000000,50.000000,112.763231,0.000000,283.788301
12396,6640.441128,0.000000,50.000000,113.264624,0.000000,275.766017
12398,6640.441128,0.000000,50.000000,114.267409,0.000000,259.721448
12399,6640.441128,0.000000,50.000000,114.768802,0.000000,251.699164
12400,6640.441128,0.000000,50.000000,115.270195,0.000000,243.676880
12401,6640.441128,0.000000,50.000000,115.771588,0.000000,235.654596
12406,6640.441128,0.000000,50.000000,118.278552,0.000000,195.543175
12411,6640.441128,0.000000,50.000000,120.785515,0.000000,155.431755
12414,6640.441128,0.000000,50.000000,122.289694,0.000000,131.364903
12416,6640.441128,0.000000,50.000000,123.292479,0.000000,115.320334
12417,6640.441128,0.000000,50.000000,123.793872,0.000000,107.298050
12418,6640.441128,0.000000,50.000000,124.295265,0.000000,99.275766
12420,6640.441128,0.000000,50.000000,125.298050,0.000000,83.231198
12421,6640.441128,0.000000,50.000000,125.799443,0.000000,75.208914
12424,6640.441128,0.000000,50.000000,127.303621,0.000000,51.142061
12428,6640.441128,0.000000,50.000000,129.309192,0.000000,19.052925
12429,6640.441128,0.000000,50.000000,129.810585,0.000000,11.030641
12431,6640.441128,0.000000,50.000000,130.813370,0.000000,354.986072
12432,6640.441128,0.000000,50.000000,131.314763,0.000000,346.963788
12433,6640.441128,0.000000,50.000000,131.816156,0.000000,338.941504
12435,6640.441128,0.000000,50.000000,132.818942,0.000000,322.896936
12436,6640.441128,0.000000,50.000000,133.320334,0.000000,314.874652
12437,6640.441128,0.000000,50.000000,133.821727,0.000000,306.852368
12438,6640.441128,0.000000,50.000000,134.323120,0.000000,298.830084
12439,6640.441128,0.000000,50.000000,134.824513,0.000000,290.807799
12441,6640.441128,0.000000,50.000000,135.827298,0.000000,274.763231
12442,6640.441128,0.000000,50.000000,136.328691,0.000000,266.740947
12444,6640.441128,0.000000,50.000000,137.331476,0.000000,250.696379
12445,6640.441128,0.000000,50.000000,137.832869,0.000000,242.674095
12448,6640.441128,0.000000,50.000000,139.337047,0.000000,218.607242
12450,6640.441128,0.000000,50.000000,140.339833,0.000000,202.562674
12451,6640.441128,0.000000,50.000000,140.841226,0.000000,194.540390
12452,6640.441128,0.000000,50.000000,141.342618,0.000000,186.518106
12455,6640.441128,0.000000,50.000000,142.846797,0.000000,162.451253
12458,6640.441128,0.000000,50.000000,144.350975,0.000000,138.384401
12459,6640.441128,0.000000,50.000000,144.852368,0.000000,130.362117
12462,6640.441128,0.000000,50.000000,146.356546,0.000000,106.295265
12463,6640.441128,0.000000,50.000000,146.857939,0.000000,98.272981
12465,6640.441128,0.000000,50.000000,147.860724,0.000000,82.228412
12468,6640.441128,0.000000,50.000000,149.364903,0.000000,58.161560
12470,6640.441128,0.000000,50.000000,150.367688,0.000000,42.116992
12471,6640.441128,0.000000,50.000000,150.869081,0.000000,34.094708
12472,6640.441128,0.000000,50.000000,151.370474,0.000000,26.072423
12474,6640.441128,0.000000,50.000000,152.373259,0.000000,10.027855
12475,6640.441128,0.000000,50.000000,152.874652,0.000000,2.005571
12476,6640.441128,0.000000,50.000000,153.376045,0.000000,353.983287
12478,6640.441128,0.000000,50.000000,154.378830,0.000000,337.938719
12480,6640.441128,0.000000,50.000000,155.381616,0.000000,321.894150
12481,6640.441128,0.000000,50.000000,155.883008,0.000000,313.871866
12483,6640.441128,0.000000,50.000000,156.885794,0.000000,297.827298
12484,6640.441128,0.000000,50.000000,157.387187,0.000000,289.805014
12487,6640.441128,0.000000,50.000000,158.891365,0.000000,265.738162
12488,6640.441128,0.000000,50.000000,159.392758,0.000000,257.715877
12489,6640.441128,0.000000,50.000000,159.894150,0.000000,249.693593
12490,6640.441128,0.000000,50.000000,160.395543,0.000000,241.671309
12491,6640.441128,0.000000,50.000000,160.896936,0.000000,233.649025
12492,6640.441128,0.000000,50.000000,161.398329,0.000000,225.626741
12493,6640.441128,0.000000,50.000000,161.899721,0.000000,217.604457
12494,6640.441128,0.000000,50.000000,162.401114,0.000000,209.582173
12497,6640.441128,0.000000,50.000000,163.905292,0.000000,185.515320
12498,6640.441128,0.000000,50.000000,164.406685,0.000000,177.493036
12499,6640.441128,0.000000,50.000000,164.908078,0.000000,169.470752
12501,6640.441128,0.000000,50.000000,165.910864,0.000000,153.426184
12502,6640.441128,0.000000,50.000000,166.412256,0.000000,145.403900
12506,6640.441128,0.000000,50.000000,168.417827,0.000000,113.314763
12508,6640.441128,0.000000,50.000000,169.420613,0.000000,97.270195
12509,6640.441128,0.000000,50.000000,169.922006,0.000000,89.247911
12510,6640.441128,0.000000,50.000000,170.423398,0.000000,81.225627
12511,6640.441128,0.000000,50.000000,170.924791,0.000000,73.203343
12512,6640.441128,0.000000,50.000000,171.426184,0.000000,65.181058
12513,6640.441128,0.000000,50.000000,171.927577,0.000000,57.158774
12514,6640.441128,0.000000,50.000000,172.428969,0.000000,49.136490
12515,6640.441128,0.000000,50.000000,172.930362,0.000000,41.114206
12516,6640.441128,0.000000,50.000000,173.431755,0.000000,33.091922
12517,6640.441128,0.000000,50.000000,173.933148,0.000000,25.069638
12518,6640.441128,0.000000,50.000000,174.434540,0.000000,17.047354
12519,6640.441128,0.000000,50.000000,174.935933,0.000000,9.025070
12520,6640.441128,0.000000,50.000000,175.437326,0.000000,1.002786
12521,6640.441128,0.000000,50.000000,175.938719,0.000000,352.980501
12522,6640.441128,0.000000,50.000000,176.440111,0.000000,344.958217
12523,6640.441128,0.000000,50.000000,176.941504,0.000000,336.935933
12525,6640.441128,0.000000,50.000000,177.944290,0.000000,320.891365
12526,6640.441128,0.000000,50.000000,178.445682,0.000000,312.869081
12527,6640.441128,0.000000,50.000000,178.947075,0.000000,304.846797
12528,6640.441128,0.000000,50.000000,179.448468,0.000000,296.824513
12531,6640.441128,0.000000,50.000000,180.952646,0.000000,272.757660
12532,6640.441128,0.000000,50.000000,181.454039,0.000000,264.735376
12534,6640.441128,0.000000,50.000000,182.456825,0.000000,248.690808
12535,6640.441128,0.000000,50.000000,182.958217,0.000000,240.668524
12536,6640.441128,0.000000,50.000000,183.459610,0.000000,232.646240
12537,6640.441128,0.000000,50.000000,183.961003,0.000000,224.623955
12538,6640.441128,0.000000,50.000000,184.462396,0.000000,216.601671
12539,6640.441128,0.000000,50.000000,184.963788,0.000000,208.579387
12541,6640.441128,0.000000,50.000000,185.966574,0.000000,192.534819
12543,6640.441128,0.000000,50.000000,186.969359,0.000000,176.490251
12545,6640.441128,0.000000,50.000000,187.972145,0.000000,160.445682
12547,6640.441128,0.000000,50.000000,188.974930,0.000000,144.401114
12548,6640.441128,0.000000,50.000000,189.476323,0.000000,136.378830
12549,6640.441128,0.000000,50.000000,189.977716,0.000000,128.356546
12550,6640.441128,0.000000,50.000000,190.479109,0.000000,120.334262
12551,6640.441128,0.000000,50.000000,190.980501,0.000000,112.311978
12552,6640.441128,0.000000,50.000000,191.481894,0.000000,104.289694
12554,6640.441128,0.000000,50.000000,192.484680,0.000000,88.245125
12555,6640.441128,0.000000,50.000000,192.986072,0.000000,80.222841
12557,6640.441128,0.000000,50.000000,193.988858,0.000000,64.178273
12559,6640.441128,0.000000,50.000000,194.991643,0.000000,48.133705
12560,6640.441128,0.000000,50.000000,195.493036,0.000000,40.111421
12562,6640.441128,0.000000,50.000000,196.495822,0.000000,24.066852
12563,6640.441128,0.000000,50.000000,196.997214,0.000000,16.044568
12564,6640.441128,0.000000,50.000000,197.498607,0.000000,8.022284
12565,6640.441128,0.000000,50.000000,198.000000,0.000000,360.000000
12567,6640.441128,0.000000,50.000000,199.002786,0.000000,343.955432
12568,6640.441128,0.000000,50.000000,199.504178,0.000000,335.933148
12569,6640.441128,0.000000,50.000000,200.005571,0.000000,327.910864
12571,6640.441128,0.000000,50.000000,201.008357,0.000000,311.866295
12572,6640.441128,0.000000,50.000000,201.509749,0.000000,303.844011
12573,6640.441128,0.000000,50.000000,202.011142,0.000000,295.821727
12574,6640.441128,0.000000,50.000000,202.512535,0.000000,287.799443
12575,6640.441128,0.000000,50.000000,203.013928,0.000000,279.777159
12577,6640.441128,0.000000,50.000000,204.016713,0.000000,263.732591
12578,6640.441128,0.000000,50.000000,204.518106,0.000000,255.710306
12579,6640.441128,0.000000,50.000000,205.019499,0.000000,247.688022
12580,6640.441128,0.000000,50.000000,205.520891,0.000000,239.665738
12582,6640.441128,0.000000,50.000000,206.523677,0.000000,223.621170
12584,6640.441128,0.000000,50.000000,207.526462,0.000000,207.576602
12585,6640.441128,0.000000,50.000000,208.027855,0.000000,199.554318
12587,6640.441128,0.000000,50.000000,209.030641,0.000000,183.509749
12588,6640.441128,0.000000,50.000000,209.532033,0.000000,175.487465
12589,6640.441128,0.000000,50.000000,210.033426,0.000000,167.465181
12590,6640.441128,0.000000,50.000000,210.534819,0.000000,159.442897
12592,6640.441128,0.000000,50.000000,211.537604,0.000000,143.398329
12593,6640.441128,0.000000,50.000000,212.038997,0.000000,135.376045
12594,6640.441128,0.000000,50.000000,212.540390,0.000000,127.353760
12595,6640.441128,0.000000,50.000000,213.041783,0.000000,119.331476
12596,6640.441128,0.000000,50.000000,213.543175,0.000000,111.309192
12597,6640.441128,0.000000,50.000000,214.044568,0.000000,103.286908
12599,6640.441128,0.000000,50.000000,215.047354,0.000000,87.242340
12601,6640.441128,0.000000,50.000000,216.050139,0.000000,71.197772
12602,6640.441128,0.000000,50.000000,216.551532,0.000000,63.175487
12603,6640.441128,0.000000,50.000000,217.052925,0.000000,55.153203
12605,6640.441128,0.000000,50.000000,218.055710,0.000000,39.108635
12607,6640.441128,0.000000,50.000000,219.058496,0.000000,23.064067
12608,6640.441128,0.000000,50.000000,219.559889,0.000000,15.041783
12610,6640.441128,0.000000,50.000000,220.562674,0.000000,358.997214
12611,6640.441128,0.000000,50.000000,221.064067,0.000000,350.974930
12612,6640.441128,0.000000,50.000000,221.565460,0.000000,342.952646
12613,6640.441128,0.000000,50.000000,222.066852,0.000000,334.930362
12614,6640.441128,0.000000,50.000000,222.568245,0.000000,326.908078
12616,6640.441128,0.000000,50.000000,223.571031,0.000000,310.863510
12617,6640.441128,0.000000,50.000000,224.072423,0.000000,302.841226
12619,6640.441128,0.000000,50.000000,225.075209,0.000000,286.796657
12621,6640.441128,0.000000,50.000000,226.077994,0.000000,270.752089
12623,6640.441128,0.000000,50.000000,227.080780,0.000000,254.707521
12624,6640.441128,0.000000,50.000000,227.582173,0.000000,246.685237
12625,6640.441128,0.000000,50.000000,228.083565,0.000000,238.662953
12626,6640.441128,0.000000,50.000000,228.584958,0.000000,230.640669
12627,6640.441128,0.000000,50.000000,229.086351,0.000000,222.618384
12628,6640.441128,0.000000,50.000000,229.587744,0.000000,214.596100
12629,6640.441128,0.000000,50.000000,230.089136,0.000000,206.573816
12630,6640.441128,0.000000,50.000000,230.590529,0.000000,198.551532
12632,6640.441128,0.000000,50.000000,231.593315,0.000000,182.506964
12633,6640.441128,0.000000,50.000000,232.094708,0.000000,174.484680
12637,6640.441128,0.000000,50.000000,234.100279,0.000000,142.395543
12639,6640.441128,0.000000,50.000000,235.103064,0.000000,126.350975
12642,6640.441128,0.000000,50.000000,236.607242,0.000000,102.284123
12643,6640.441128,0.000000,50.000000,237.108635,0.000000,94.261838
12645,6640.441128,0.000000,50.000000,238.111421,0.000000,78.217270
12646,6640.441128,0.000000,50.000000,238.612813,0.000000,70.194986
12647,6640.441128,0.000000,50.000000,239.114206,0.000000,62.172702
12648,6640.441128,0.000000,50.000000,239.615599,0.000000,54.150418
12650,6640.441128,0.000000,50.000000,240.618384,0.000000,38.105850
12651,6640.441128,0.000000,50.000000,241.119777,0.000000,30.083565
12652,6640.441128,0.000000,50.000000,241.621170,0.000000,22.061281
12653,6640.441128,0.000000,50.000000,242.122563,0.000000,14.038997
12654,6640.441128,0.000000,50.000000,242.623955,0.000000,6.016713
12655,6640.441128,0.000000,50.000000,243.125348,0.000000,357.994429
12658,6640.441128,0.000000,50.000000,244.629526,0.000000,333.927577
12659,6640.441128,0.000000,50.000000,245.130919,0.000000,325.905292
12660,6640.441128,0.000000,50.000000,245.632312,0.000000,317.883008
12661,6640.441128,0.000000,50.000000,246.133705,0.000000,309.860724
12662,6640.441128,0.000000,50.000000,246.635097,0.000000,301.838440
12663,6640.441128,0.000000,50.000000,247.136490,0.000000,293.816156
12664,6640.441128,0.000000,50.000000,247.637883,0.000000,285.793872
12665,6640.441128,0.000000,50.000000,248.139276,0.000000,277.771588
12666,6640.441128,0.000000,50.000000,248.640669,0.000000,269.749304
12667,6640.441128,0.000000,50.000000,249.142061,0.000000,261.727019
12668,6640.441128,0.000000,50.000000,249.643454,0.000000,253.704735
12671,6640.441128,0.000000,50.000000,251.147632,0.000000,229.637883
12673,6640.441128,0.000000,50.000000,252.150418,0.000000,213.593315
12674,6640.441128,0.000000,50.000000,252.651811,0.000000,205.571031
12675,6640.441128,0.000000,50.000000,253.153203,0.000000,197.548747
12676,6640.441128,0.000000,50.000000,253.654596,0.000000,189.526462
12677,6640.441128,0.000000,50.000000,254.155989,0.000000,181.504178
12678,6640.441128,0.000000,50.000000,254.657382,0.000000,173.481894
12679,6640.441128,0.000000,50.000000,255.158774,0.000000,165.459610
12681,6640.441128,0.000000,50.000000,256.161560,0.000000,149.415042
12683,6640.441128,0.000000,50.000000,257.164345,0.000000,133.370474
12685,6640.441128,0.000000,50.000000,258.167131,0.000000,117.325905
12688,6640.441128,0.000000,50.000000,259.671309,0.000000,93.259053
12689,6640.441128,0.000000,50.000000,260.172702,0.000000,85.236769
12690,6640.441128,0.000000,50.000000,260.674095,0.000000,77.214485
12691,6640.441128,0.000000,50.000000,261.175487,0.000000,69.192201
12692,6640.441128,0.000000,50.000000,261.676880,0.000000,61.169916
12693,6640.441128,0.000000,50.000000,262.178273,0.000000,53.147632
12695,6640.441128,0.000000,50.000000,263.181058,0.000000,37.103064
12696,6640.441128,0.000000,50.000000,263.682451,0.000000,29.080780
12697,6640.441128,0.000000,50.000000,264.183844,0.000000,21.058496
12698,6640.441128,0.000000,50.000000,264.685237,0.000000,13.036212
12701,6640.441128,0.000000,50.000000,266.189415,0.000000,348.969359
12702,6640.441128,0.000000,50.000000,266.690808,0.000000,340.947075
12704,6640.441128,0.000000,50.000000,267.693593,0.000000,324.902507
12705,6640.441128,0.000000,50.000000,268.194986,0.000000,316.880223
12706,6640.441128,0.000000,50.000000,268.696379,0.000000,308.857939
12707,6640.441128,0.000000,50.000000,269.197772,0.000000,300.835655
12710,6640.441128,0.000000,50.000000,270.701950,0.000000,276.768802
12712,6640.441128,0.000000,50.000000,271.704735,0.000000,260.724234
12713,6640.441128,0.000000,50.000000,272.206128,0.000000,252.701950
12714,6640.441128,0.000000,50.000000,272.707521,0.000000,244.679666
12715,6640.441128,0.000000,50.000000,273.208914,0.000000,236.657382
12716,6640.441128,0.000000,50.000000,273.710306,0.000000,228.635097
12717,6640.441128,0.000000,50.000000,274.211699,0.000000,220.612813
12718,6640.441128,0.000000,50.000000,274.713092,0.000000,212.590529
12719,6640.441128,0.000000,50.000000,275.214485,0.000000,204.568245
12720,6640.441128,0.000000,50.000000,275.715877,0.000000,196.545961
12721,6640.441128,0.000000,50.000000,276.217270,0.000000,188.523677
12722,6640.441128,0.000000,50.000000,276.718663,0.000000,180.501393
12723,6640.441128,0.000000,50.000000,277.220056,0.000000,172.479109
12725,6640.441128,0.000000,50.000000,278.222841,0.000000,156.434540
12727,6640.441128,0.000000,50.000000,279.225627,0.000000,140.389972
12731,6640.441128,0.000000,50.000000,281.231198,0.000000,108.300836
12732,6640.441128,0.000000,50.000000,281.732591,0.000000,100.278552
12733,6640.441128,0.000000,50.000000,282.233983,0.000000,92.256267
12734,6640.441128,0.000000,50.000000,282.735376,0.000000,84.233983
12737,6640.441128,0.000000,50.000000,284.239554,0.000000,60.167131
12739,6640.441128,0.000000,50.000000,285.242340,0.000000,44.122563
12741,6640.441128,0.000000,50.000000,286.245125,0.000000,28.077994
12742,6640.441128,0.000000,50.000000,286.746518,0.000000,20.055710
12743,6640.441128,0.000000,50.000000,287.247911,0.000000,12.033426
12744,6640.441128,0.000000,50.000000,287.749304,0.000000,4.011142
12745,6640.441128,0.000000,50.000000,288.250696,0.000000,355.988858
12747,6640.441128,0.000000,50.000000,289.253482,0.000000,339.944290
12750,6640.441128,0.000000,50.000000,290.757660,0.000000,315.877437
12751,6640.441128,0.000000,50.000000,291.259053,0.000000,307.855153
12754,6640.441128,0.000000,50.000000,292.763231,0.000000,283.788301
12755,6640.441128,0.000000,50.000000,293.264624,0.000000,275.766017
12756,6640.441128,0.000000,50.000000,293.766017,0.000000,267.743733
12757,6640.441128,0.000000,50.000000,294.267409,0.000000,259.721448
12758,6640.441128,0.000000,50.000000,294.768802,0.000000,251.699164
12759,6640.441128,0.000000,50.000000,295.270195,0.000000,243.676880
12761,6640.441128,0.000000,50.000000,296.272981,0.000000,227.632312
12762,6640.441128,0.000000,50.000000,296.774373,0.000000,219.610028
12763,6640.441128,0.000000,50.000000,297.275766,0.000000,211.587744
12764,6640.441128,0.000000,50.000000,297.777159,0.000000,203.565460
12765,6640.441128,0.000000,50.000000,298.278552,0.000000,195.543175
12767,6640.441128,0.000000,50.000000,299.281337,0.000000,179.498607
12768,6640.441128,0.000000,50.000000,299.782730,0.000000,171.476323
12769,6640.441128,0.000000,50.000000,300.284123,0.000000,163.454039
12771,6640.441128,0.000000,50.000000,301.286908,0.000000,147.409471
12772,6640.441128,0.000000,50.000000,301.788301,0.000000,139.387187
12774,6640.441128,0.000000,50.000000,302.791086,0.000000,123.342618
12775,6640.441128,0.000000,50.000000,303.292479,0.000000,115.320334
12777,6640.441128,0.000000,50.000000,304.295265,0.000000,99.275766
12778,6640.441128,0.000000,50.000000,304.796657,0.000000,91.253482
12779,6640.441128,0.000000,50.000000,305.298050,0.000000,83.231198
12780,6640.441128,0.000000,50.000000,305.799443,0.000000,75.208914
12781,6640.441128,0.000000,50.000000,306.300836,0.000000,67.186630
12783,6640.441128,0.000000,50.000000,307.303621,0.000000,51.142061
12786,6640.441128,0.000000,50.000000,308.807799,0.000000,27.075209
12787,6640.441128,0.000000,50.000000,309.309192,0.000000,19.052925
12790,6640.441128,0.000000,50.000000,310.813370,0.000000,354.986072
12791,6640.441128,0.000000,50.000000,311.314763,0.000000,346.963788
12793,6640.441128,0.000000,50.000000,312.317549,0.000000,330.919220
12794,6640.441128,0.000000,50.000000,312.818942,0.000000,322.896936
12795,6640.441128,0.000000,50.000000,313.320334,0.000000,314.874652
12797,6640.441128,0.000000,50.000000,314.323120,0.000000,298.830084
12798,6640.441128,0.000000,50.000000,314.824513,0.000000,290.807799
12800,6640.441128,0.000000,50.000000,315.827298,0.000000,274.763231
12801,6640.441128,0.000000,50.000000,316.328691,0.000000,266.740947
12802,6640.441128,0.000000,50.000000,316.830084,0.000000,258.718663
12804,6640.441128,0.000000,50.000000,317.832869,0.000000,242.674095
12805,6640.441128,0.000000,50.000000,318.334262,0.000000,234.651811
12808,6640.441128,0.000000,50.000000,319.838440,0.000000,210.584958
12811,6640.441128,0.000000,50.000000,321.342618,0.000000,186.518106
12812,6640.441128,0.000000,50.000000,321.844011,0.000000,178.495822
12814,6640.441128,0.000000,50.000000,322.846797,0.000000,162.451253
12815,6640.441128,0.000000,50.000000,323.348189,0.000000,154.428969
12817,6640.441128,0.000000,50.000000,324.350975,0.000000,138.384401
12820,6640.441128,0.000000,50.000000,325.855153,0.000000,114.317549
12821,6640.441128,0.000000,50.000000,326.356546,0.000000,106.295265
12822,6640.441128,0.000000,50.000000,326.857939,0.000000,98.272981
12823,6640.441128,0.000000,50.000000,327.359331,0.000000,90.250696
12824,6640.441128,0.000000,50.000000,327.860724,0.000000,82.228412
12826,6640.441128,0.000000,50.000000,328.863510,0.000000,66.183844
12828,6640.441128,0.000000,50.000000,329.866295,0.000000,50.139276
12829,6640.441128,0.000000,50.000000,330.367688,0.000000,42.116992
12830,6640.441128,0.000000,50.000000,330.869081,0.000000,34.094708
12831,6640.441128,0.000000,50.000000,331.370474,0.000000,26.072423
12834,6640.441128,0.000000,50.000000,332.874652,0.000000,2.005571
12835,6640.441128,0.000000,50.000000,333.376045,0.000000,353.983287
12837,6640.441128,0.000000,50.000000,334.378830,0.000000,337.938719
12838,6640.441128,0.000000,50.000000,334.880223,0.000000,329.916435
12839,6640.441128,0.000000,50.000000,335.381616,0.000000,321.894150
12840,6640.441128,0.000000,50.000000,335.883008,0.000000,313.871866
12843,6640.441128,0.000000,50.000000,337.387187,0.000000,289.805014
12844,6640.441128,0.000000,50.000000,337.888579,0.000000,281.782730
12845,6640.441128,0.000000,50.000000,338.389972,0.000000,273.760446
12846,6640.441128,0.000000,50.000000,338.891365,0.000000,265.738162
12848,6640.441128,0.000000,50.000000,339.894150,0.000000,249.693593
12850,6640.441128,0.000000,50.000000,340.896936,0.000000,233.649025
12851,6640.441128,0.000000,50.000000,341.398329,0.000000,225.626741
12852,6640.441128,0.000000,50.000000,341.899721,0.000000,217.604457
12853,6640.441128,0.000000,50.000000,342.401114,0.000000,209.582173
12854,6640.441128,0.000000,50.000000,342.902507,0.000000,201.559889
12855,6640.441128,0.000000,50.000000,343.403900,0.000000,193.537604
12856,6640.441128,0.000000,50.000000,343.905292,0.000000,185.515320
12857,6640.441128,0.000000,50.000000,344.406685,0.000000,177.493036
12858,6640.441128,0.000000,50.000000,344.908078,0.000000,169.470752
12860,6640.441128,0.000000,50.000000,345.910864,0.000000,153.426184
12861,6640.441128,0.000000,50.000000,346.412256,0.000000,145.403900
12862,6640.441128,0.000000,50.000000,346.913649,0.000000,137.381616
12863,6640.441128,0.000000,50.000000,347.415042,0.000000,129.359331
12864,6640.441128,0.000000,50.000000,347.916435,0.000000,121.337047
12865,6640.441128,0.000000,50.000000,348.417827,0.000000,113.314763
12866,6640.441128,0.000000,50.000000,348.919220,0.000000,105.292479
12868,6640.441128,0.000000,50.000000,349.922006,0.000000,89.247911
12869,6640.441128,0.000000,50.000000,350.423398,0.000000,81.225627
12870,6640.441128,0.000000,50.000000,350.924791,0.000000,73.203343
12871,6640.441128,0.000000,50.000000,351.426184,0.000000,65.181058
12872,6640.441128,0.000000,50.000000,351.927577,0.000000,57.158774
12873,6640.441128,0.000000,50.000000,352.428969,0.000000,49.136490
12874,6640.441128,0.000000,50.000000,352.930362,0.000000,41.114206
12875,6640.441128,0.000000,50.000000,353.431755,0.000000,33.091922
12877,6640.441128,0.000000,50.000000,354.434540,0.000000,17.047354
12879,6640.441128,0.000000,50.000000,355.437326,0.000000,1.002786
12880,6640.441128,0.000000,50.000000,355.938719,0.000000,352.980501
12881,6640.441128,0.000000,50.000000,356.440111,0.000000,344.958217
12884,6640.441128,0.000000,50.000000,357.944290,0.000000,320.891365
12885,6640.441128,0.000000,50.000000,358.445682,0.000000,312.869081
12887,6640.441128,0.000000,50.000000,359.448468,0.000000,296.824513
12888,6640.441128,0.000000,50.000000,359.949861,0.000000,288.802228
12889,6640.441128,0.000000,50.000000,0.451253,0.000000,280.779944
12890,6640.441128,0.000000,50.000000,0.952646,0.000000,272.757660
12891,6640.441128,0.000000,50.000000,1.454039,0.000000,264.735376
12893,6640.441128,0.000000,50.000000,2.456825,0.000000,248.690808
12895,6640.441128,0.000000,50.000000,3.459610,0.000000,232.646240
12896,6640.441128,0.000000,50.000000,3.961003,0.000000,224.623955
12897,6640.441128,0.000000,50.000000,4.462396,0.000000,216.601671
12899,6640.441128,0.000000,50.000000,5.465181,0.000000,200.557103
12902,6640.441128,0.000000,50.000000,6.969359,0.000000,176.490251
12903,6640.441128,0.000000,50.000000,7.470752,0.000000,168.467967
12904,6640.441128,0.000000,50.000000,7.972145,0.000000,160.445682
12907,6640.441128,0.000000,50.000000,9.476323,0.000000,136.378830
12908,6640.441128,0.000000,50.000000,9.977716,0.000000,128.356546
12909,6640.441128,0.000000,50.000000,10.479109,0.000000,120.334262
12911,6640.441128,0.000000,50.000000,11.481894,0.000000,104.289694
12913,6640.441128,0.000000,50.000000,12.484680,0.000000,88.245125
12915,6640.441128,0.000000,50.000000,13.487465,0.000000,72.200557
12918,6640.441128,0.000000,50.000000,14.991643,0.000000,48.133705
12920,6640.441128,0.000000,50.000000,15.994429,0.000000,32.089136
12921,6640.441128,0.000000,50.000000,16.495822,0.000000,24.066852
12922,6640.441128,0.000000,50.000000,16.997214,0.000000,16.044568
12923,6640.441128,0.000000,50.000000,17.498607,0.000000,8.022284
13316,6640.441128,0.000000,35.000000,212.295961,0.000000,95.264624
13665,6640.441128,0.000000,51.000000,13.782033,0.000000,175.487465
13760,6640.441128,0.000000,51.000000,61.414345,0.000000,133.370474
13816,6640.441128,0.000000,51.000000,89.492340,0.000000,44.122563
13831,6640.441128,0.000000,51.000000,97.013231,0.000000,283.788301
13838,6640.441128,0.000000,51.000000,100.522981,0.000000,227.632312
13928,6640.441128,0.000000,51.000000,145.648329,0.000000,225.626741
13948,6640.441128,0.000000,51.000000,155.676184,0.000000,65.181058
13968,6640.441128,0.000000,51.000000,165.704039,0.000000,264.735376
14038,6640.441128,0.000000,51.000000,200.801532,0.000000,63.175487
14068,6640.441128,0.000000,51.000000,215.843315,0.000000,182.506964
14072,6640.441128,0.000000,51.000000,217.848886,0.000000,150.417827
14077,6640.441128,0.000000,51.000000,220.355850,0.000000,110.306407
14079,6640.441128,0.000000,51.000000,221.358635,0.000000,94.261838
14109,6640.441128,0.000000,51.000000,236.400418,0.000000,213.593315
14143,6640.441128,0.000000,51.000000,253.447772,0.000000,300.835655
14158,6640.441128,0.000000,51.000000,260.968663,0.000000,180.501393
14165,6640.441128,0.000000,51.000000,264.478412,0.000000,124.345404
14166,6640.441128,0.000000,51.000000,264.979805,0.000000,116.323120
14191,6640.441128,0.000000,51.000000,277.514624,0.000000,275.766017
14306,6640.441128,0.000000,51.000000,335.174791,0.000000,73.203343
14323,6640.441128,0.000000,51.000000,343.698468,0.000000,296.824513
14327,6640.441128,0.000000,51.000000,345.704039,0.000000,264.735376
14329,6640.441128,0.000000,51.000000,346.706825,0.000000,248.690808
14332,6640.441128,0.000000,51.000000,348.211003,0.000000,224.623955
14447,6640.441128,0.000000,34.000000,61.621170,0.000000,22.061281
14542,6640.441128,0.000000,34.000000,109.253482,0.000000,339.944290
14616,6640.441128,0.000000,34.000000,146.356546,0.000000,106.295265
14628,6640.441128,0.000000,34.000000,152.373259,0.000000,10.027855
14663,6640.441128,0.000000,34.000000,169.922006,0.000000,89.247911
14685,6640.441128,0.000000,34.000000,180.952646,0.000000,272.757660
14695,6640.441128,0.000000,34.000000,185.966574,0.000000,192.534819
14732,6640.441128,0.000000,34.000000,204.518106,0.000000,255.710306
14809,6640.441128,0.000000,34.000000,243.125348,0.000000,357.994429
14970,6640.441128,0.000000,34.000000,323.849582,0.000000,146.406685
15007,6640.441128,0.000000,34.000000,342.401114,0.000000,209.582173
15027,6640.441128,0.000000,34.000000,352.428969,0.000000,49.136490
15056,6640.441128,0.000000,34.000000,6.969359,0.000000,176.490251
15103,6640.441128,0.000000,53.000000,14.784819,0.000000,159.442897
15106,6640.441128,0.000000,53.000000,16.288997,0.000000,135.376045
15120,6640.441128,0.000000,53.000000,23.308496,0.000000,23.064067
15147,6640.441128,0.000000,53.000000,36.846100,0.000000,166.462396
15148,6640.441128,0.000000,53.000000,37.347493,0.000000,158.440111
15157,6640.441128,0.000000,53.000000,41.860028,0.000000,86.239554
15191,6640.441128,0.000000,53.000000,58.907382,0.000000,173.481894
15195,6640.441128,0.000000,53.000000,60.912953,0.000000,141.392758
15206,6640.441128,0.000000,53.000000,66.428273,0.000000,53.147632
15229,6640.441128,0.000000,53.000000,77.960306,0.000000,228.635097
15230,6640.441128,0.000000,53.000000,78.461699,0.000000,220.612813
15231,6640.441128,0.000000,53.000000,78.963092,0.000000,212.590529
15242,6640.441128,0.000000,53.000000,84.478412,0.000000,124.345404
15244,6640.441128,0.000000,53.000000,85.481198,0.000000,108.300836
15263,6640.441128,0.000000,53.000000,95.007660,0.000000,315.877437
15272,6640.441128,0.000000,53.000000,99.520195,0.000000,243.676880
15289,6640.441128,0.000000,53.000000,108.043872,0.000000,107.298050
15342,6640.441128,0.000000,53.000000,134.617688,0.000000,42.116992
15343,6640.441128,0.000000,53.000000,135.119081,0.000000,34.094708
15344,6640.441128,0.000000,53.000000,135.620474,0.000000,26.072423
15346,6640.441128,0.000000,53.000000,136.623259,0.000000,10.027855
15350,6640.441128,0.000000,53.000000,138.628830,0.000000,337.938719
15356,6640.441128,0.000000,53.000000,141.637187,0.000000,289.805014
15366,6640.441128,0.000000,53.000000,146.651114,0.000000,209.582173
15374,6640.441128,0.000000,53.000000,150.662256,0.000000,145.403900
15417,6640.441128,0.000000,53.000000,172.222145,0.000000,160.445682
15423,6640.441128,0.000000,53.000000,175.230501,0.000000,112.311978
15424,6640.441128,0.000000,53.000000,175.731894,0.000000,104.289694
15441,6640.441128,0.000000,53.000000,184.255571,0.000000,327.910864
15457,6640.441128,0.000000,53.000000,192.277855,0.000000,199.554318
15498,6640.441128,0.000000,53.000000,212.834958,0.000000,230.640669
15507,6640.441128,0.000000,53.000000,217.347493,0.000000,158.440111
15518,6640.441128,0.000000,53.000000,222.862813,0.000000,70.194986
15527,6640.441128,0.000000,53.000000,227.375348,0.000000,357.994429
15530,6640.441128,0.000000,53.000000,228.879526,0.000000,333.927577
15532,6640.441128,0.000000,53.000000,229.882312,0.000000,317.883008
15535,6640.441128,0.000000,53.000000,231.386490,0.000000,293.816156
15564,6640.441128,0.000000,53.000000,245.926880,0.000000,61.169916
15567,6640.441128,0.000000,53.000000,247.431058,0.000000,37.103064
15572,6640.441128,0.000000,53.000000,249.938022,0.000000,356.991643
15589,6640.441128,0.000000,53.000000,258.461699,0.000000,220.612813
15628,6640.441128,0.000000,53.000000,278.016017,0.000000,267.743733
15629,6640.441128,0.000000,53.000000,278.517409,0.000000,259.721448
15643,6640.441128,0.000000,53.000000,285.536908,0.000000,147.409471
15708,6640.441128,0.000000,53.000000,318.127437,0.000000,345.961003
15712,6640.441128,0.000000,53.000000,320.133008,0.000000,313.871866
15741,6640.441128,0.000000,53.000000,334.673398,0.000000,81.225627
15742,6640.441128,0.000000,53.000000,335.174791,0.000000,73.203343
15779,6640.441128,0.000000,53.000000,353.726323,0.000000,136.378830
15844,6640.441128,0.000000,54.000000,30.816852,0.000000,334.930362
15857,6640.441128,0.000000,54.000000,37.334958,0.000000,230.640669
15886,6640.441128,0.000000,54.000000,51.875348,0.000000,357.994429
15889,6640.441128,0.000000,54.000000,53.379526,0.000000,333.927577
15909,6640.441128,0.000000,54.000000,63.407382,0.000000,173.481894
15927,6640.441128,0.000000,54.000000,72.432451,0.000000,29.080780
15938,6640.441128,0.000000,54.000000,77.947772,0.000000,300.835655
15970,6640.441128,0.000000,54.000000,93.992340,0.000000,44.122563
15983,6640.441128,0.000000,54.000000,100.510446,0.000000,299.832869
16050,6640.441128,0.000000,54.000000,134.103760,0.000000,122.339833
16058,6640.441128,0.000000,54.000000,138.114903,0.000000,58.161560
16062,6640.441128,0.000000,54.000000,140.120474,0.000000,26.072423
16129,6640.441128,0.000000,54.000000,173.713788,0.000000,208.579387
16171,6640.441128,0.000000,54.000000,194.772284,0.000000,231.643454
16172,6640.441128,0.000000,54.000000,195.273677,0.000000,223.621170
16180,6640.441128,0.000000,54.000000,199.284819,0.000000,159.442897
16195,6640.441128,0.000000,54.000000,206.805710,0.000000,39.108635
16198,6640.441128,0.000000,54.000000,208.309889,0.000000,15.041783
16209,6640.441128,0.000000,54.000000,213.825209,0.000000,286.796657
16223,6640.441128,0.000000,54.000000,220.844708,0.000000,174.484680
16225,6640.441128,0.000000,54.000000,221.847493,0.000000,158.440111
16227,6640.441128,0.000000,54.000000,222.850279,0.000000,142.395543
16229,6640.441128,0.000000,54.000000,223.853064,0.000000,126.350975
16230,6640.441128,0.000000,54.000000,224.354457,0.000000,118.328691
16233,6640.441128,0.000000,54.000000,225.858635,0.000000,94.261838
16270,6640.441128,0.000000,54.000000,244.410167,0.000000,157.437326
16271,6640.441128,0.000000,54.000000,244.911560,0.000000,149.415042
16273,6640.441128,0.000000,54.000000,245.914345,0.000000,133.370474
16274,6640.441128,0.000000,54.000000,246.415738,0.000000,125.348189
16276,6640.441128,0.000000,54.000000,247.418524,0.000000,109.303621
16279,6640.441128,0.000000,54.000000,248.922702,0.000000,85.236769
16283,6640.441128,0.000000,54.000000,250.928273,0.000000,53.147632
16314,6640.441128,0.000000,54.000000,266.471448,0.000000,164.456825
16321,6640.441128,0.000000,54.000000,269.981198,0.000000,108.300836
16325,6640.441128,0.000000,54.000000,271.986769,0.000000,76.211699
16357,6640.441128,0.000000,54.000000,288.031337,0.000000,179.498607
16358,6640.441128,0.000000,54.000000,288.532730,0.000000,171.476323
16359,6640.441128,0.000000,54.000000,289.034123,0.000000,163.454039
16365,6640.441128,0.000000,54.000000,292.042479,0.000000,115.320334
16368,6640.441128,0.000000,54.000000,293.546657,0.000000,91.253482
16369,6640.441128,0.000000,54.000000,294.048050,0.000000,83.231198
16371,6640.441128,0.000000,54.000000,295.050836,0.000000,67.186630
16381,6640.441128,0.000000,54.000000,300.064763,0.000000,346.963788
16386,6640.441128,0.000000,54.000000,302.571727,0.000000,306.852368
16414,6640.441128,0.000000,54.000000,316.610724,0.000000,82.228412
16416,6640.441128,0.000000,54.000000,317.613510,0.000000,66.183844
16420,6640.441128,0.000000,54.000000,319.619081,0.000000,34.094708
16438,6640.441128,0.000000,54.000000,328.644150,0.000000,249.693593
16443,6640.441128,0.000000,54.000000,331.151114,0.000000,209.582173
16454,6640.441128,0.000000,54.000000,336.666435,0.000000,121.337047
16463,6640.441128,0.000000,54.000000,341.178969,0.000000,49.136490
16468,6640.441128,0.000000,54.000000,343.685933,0.000000,9.025070
16501,6640.441128,0.000000,54.000000,0.231894,0.000000,104.289694
16508,6640.441128,0.000000,54.000000,3.741643,0.000000,48.133705
16518,6640.441128,0.000000,33.000000,15.505571,0.000000,327.910864
16531,6640.441128,0.000000,33.000000,22.023677,0.000000,223.621170
16549,6640.441128,0.000000,33.000000,31.048747,0.000000,79.220056
16600,6640.441128,0.000000,33.000000,56.619777,0.000000,30.083565
16651,6640.441128,0.000000,33.000000,82.190808,0.000000,340.947075
16652,6640.441128,0.000000,33.000000,82.692201,0.000000,332.924791
16670,6640.441128,0.000000,33.000000,91.717270,0.000000,188.523677
16680,6640.441128,0.000000,33.000000,96.731198,0.000000,108.300836
16703,6640.441128,0.000000,33.000000,108.263231,0.000000,283.788301
16749,6640.441128,0.000000,33.000000,131.327298,0.000000,274.763231
16754,6640.441128,0.000000,33.000000,133.834262,0.000000,234.651811
16807,6640.441128,0.000000,33.000000,160.408078,0.000000,169.470752
16820,6640.441128,0.000000,33.000000,166.926184,0.000000,65.181058
16843,6640.441128,0.000000,33.000000,178.458217,0.000000,240.668524
16868,6640.441128,0.000000,33.000000,190.993036,0.000000,40.111421
16886,6640.441128,0.000000,33.000000,200.018106,0.000000,255.710306
16895,6640.441128,0.000000,33.000000,204.530641,0.000000,183.509749
16915,6640.441128,0.000000,33.000000,214.558496,0.000000,23.064067
16930,6640.441128,0.000000,33.000000,222.079387,0.000000,262.729805
16952,6640.441128,0.000000,33.000000,233.110028,0.000000,86.239554
16960,6640.441128,0.000000,33.000000,237.121170,0.000000,22.061281
16963,6640.441128,0.000000,33.000000,238.625348,0.000000,357.994429
17012,6640.441128,0.000000,33.000000,263.193593,0.000000,324.902507
17107,6640.441128,0.000000,33.000000,310.825905,0.000000,282.785515
17126,6640.441128,0.000000,33.000000,320.352368,0.000000,130.362117
17200,6640.441128,0.000000,33.000000,357.455432,0.000000,256.713092
17244,6640.441128,0.000000,55.000000,12.766713,0.000000,263.732591
17304,6640.441128,0.000000,55.000000,42.850279,0.000000,142.395543
17342,6640.441128,0.000000,55.000000,61.903203,0.000000,197.548747
17347,6640.441128,0.000000,55.000000,64.410167,0.000000,157.437326
17372,6640.441128,0.000000,55.000000,76.944986,0.000000,316.880223
17386,6640.441128,0.000000,55.000000,83.964485,0.000000,204.568245
17441,6640.441128,0.000000,55.000000,111.541086,0.000000,123.342618
17447,6640.441128,0.000000,55.000000,114.549443,0.000000,75.208914
17457,6640.441128,0.000000,55.000000,119.563370,0.000000,354.986072
17489,6640.441128,0.000000,55.000000,135.607939,0.000000,98.272981
17529,6640.441128,0.000000,55.000000,155.663649,0.000000,137.381616
17530,6640.441128,0.000000,55.000000,156.165042,0.000000,129.359331
17569,6640.441128,0.000000,55.000000,175.719359,0.000000,176.490251
17623,6640.441128,0.000000,55.000000,202.794568,0.000000,103.286908
17699,6640.441128,0.000000,55.000000,240.900418,0.000000,213.593315
17728,6640.441128,0.000000,55.000000,255.440808,0.000000,340.947075
17764,6640.441128,0.000000,55.000000,273.490947,0.000000,52.144847
17821,6640.441128,0.000000,55.000000,302.070334,0.000000,314.874652
17881,6640.441128,0.000000,55.000000,332.153900,0.000000,193.537604
17884,6640.441128,0.000000,55.000000,333.658078,0.000000,169.470752
17929,6640.441128,0.000000,55.000000,356.220752,0.000000,168.467967
17952,6640.441128,0.000000,56.000000,10.002786,0.000000,343.955432
17953,6640.441128,0.000000,56.000000,10.504178,0.000000,335.933148
17956,6640.441128,0.000000,56.000000,12.008357,0.000000,311.866295
17965,6640.441128,0.000000,56.000000,16.520891,0.000000,239.665738
17974,6640.441128,0.000000,56.000000,21.033426,0.000000,167.465181
17976,6640.441128,0.000000,56.000000,22.036212,0.000000,151.420613
17993,6640.441128,0.000000,56.000000,30.559889,0.000000,15.041783
17996,6640.441128,0.000000,56.000000,32.064067,0.000000,350.974930
18007,6640.441128,0.000000,56.000000,37.579387,0.000000,262.729805
18021,6640.441128,0.000000,56.000000,44.598886,0.000000,150.417827
18031,6640.441128,0.000000,56.000000,49.612813,0.000000,70.194986
18045,6640.441128,0.000000,56.000000,56.632312,0.000000,317.883008
18046,6640.441128,0.000000,56.000000,57.133705,0.000000,309.860724
18047,6640.441128,0.000000,56.000000,57.635097,0.000000,301.838440
18048,6640.441128,0.000000,56.000000,58.136490,0.000000,293.816156
18049,6640.441128,0.000000,56.000000,58.637883,0.000000,285.793872
18051,6640.441128,0.000000,56.000000,59.640669,0.000000,269.749304
18054,6640.441128,0.000000,56.000000,61.144847,0.000000,245.682451
18086,6640.441128,0.000000,56.000000,77.189415,0.000000,348.969359
18087,6640.441128,0.000000,56.000000,77.690808,0.000000,340.947075
18095,6640.441128,0.000000,56.000000,81.701950,0.000000,276.768802
18096,6640.441128,0.000000,56.000000,82.203343,0.000000,268.746518
18101,6640.441128,0.000000,56.000000,84.710306,0.000000,228.635097
18111,6640.441128,0.000000,56.000000,89.724234,0.000000,148.412256
18126,6640.441128,0.000000,56.000000,97.245125,0.000000,28.077994
18129,6640.441128,0.000000,56.000000,98.749304,0.000000,4.011142
18140,6640.441128,0.000000,56.000000,104.264624,0.000000,275.766017
18142,6640.441128,0.000000,56.000000,105.267409,0.000000,259.721448
18145,6640.441128,0.000000,56.000000,106.771588,0.000000,235.654596
18146,6640.441128,0.000000,56.000000,107.272981,0.000000,227.632312
18148,6640.441128,0.000000,56.000000,108.275766,0.000000,211.587744
18152,6640.441128,0.000000,56.000000,110.281337,0.000000,179.498607
18157,6640.441128,0.000000,56.000000,112.788301,0.000000,139.387187
18158,6640.441128,0.000000,56.000000,113.289694,0.000000,131.364903
18169,6640.441128,0.000000,56.000000,118.805014,0.000000,43.119777
18171,6640.441128,0.000000,56.000000,119.807799,0.000000,27.075209
18176,6640.441128,0.000000,56.000000,122.314763,0.000000,346.963788
18183,6640.441128,0.000000,56.000000,125.824513,0.000000,290.807799
18189,6640.441128,0.000000,56.000000,128.832869,0.000000,242.674095
18191,6640.441128,0.000000,56.000000,129.835655,0.000000,226.629526
18192,6640.441128,0.000000,56.000000,130.337047,0.000000,218.607242
18195,6640.441128,0.000000,56.000000,131.841226,0.000000,194.540390
18207,6640.441128,0.000000,56.000000,137.857939,0.000000,98.272981
18216,6640.441128,0.000000,56.000000,142.370474,0.000000,26.072423
18226,6640.441128,0.000000,56.000000,147.384401,0.000000,305.849582
18231,6640.441128,0.000000,56.000000,149.891365,0.000000,265.738162
18239,6640.441128,0.000000,56.000000,153.902507,0.000000,201.559889
18242,6640.441128,0.000000,56.000000,155.406685,0.000000,177.493036
18247,6640.441128,0.000000,56.000000,157.913649,0.000000,137.381616
18254,6640.441128,0.000000,56.000000,161.423398,0.000000,81.225627
18267,6640.441128,0.000000,56.000000,167.941504,0.000000,336.935933
18277,6640.441128,0.000000,56.000000,172.955432,0.000000,256.713092
18279,6640.441128,0.000000,56.000000,173.958217,0.000000,240.668524
18285,6640.441128,0.000000,56.000000,176.966574,0.000000,192.534819
18289,6640.441128,0.000000,56.000000,178.972145,0.000000,160.445682
18301,6640.441128,0.000000,56.000000,184.988858,0.000000,64.178273
18305,6640.441128,0.000000,56.000000,186.994429,0.000000,32.089136
18329,6640.441128,0.000000,56.000000,199.027855,0.000000,199.554318
18330,6640.441128,0.000000,56.000000,199.529248,0.000000,191.532033
18335,6640.441128,0.000000,56.000000,202.036212,0.000000,151.420613
18369,6640.441128,0.000000,56.000000,219.083565,0.000000,238.662953
18373,6640.441128,0.000000,56.000000,221.089136,0.000000,206.573816
18374,6640.441128,0.000000,56.000000,221.590529,0.000000,198.551532
18412,6640.441128,0.000000,56.000000,240.643454,0.000000,253.704735
18420,6640.441128,0.000000,56.000000,244.654596,0.000000,189.526462
18428,6640.441128,0.000000,56.000000,248.665738,0.000000,125.348189
18456,6640.441128,0.000000,56.000000,262.704735,0.000000,260.724234
18468,6640.441128,0.000000,56.000000,268.721448,0.000000,164.456825
18469,6640.441128,0.000000,56.000000,269.222841,0.000000,156.434540
18472,6640.441128,0.000000,56.000000,270.727019,0.000000,132.367688
18476,6640.441128,0.000000,56.000000,272.732591,0.000000,100.278552
18487,6640.441128,0.000000,56.000000,278.247911,0.000000,12.033426
18489,6640.441128,0.000000,56.000000,279.250696,0.000000,355.988858
18493,6640.441128,0.000000,56.000000,281.256267,0.000000,323.899721
18495,6640.441128,0.000000,56.000000,282.259053,0.000000,307.855153
18513,6640.441128,0.000000,56.000000,291.284123,0.000000,163.454039
18527,6640.441128,0.000000,56.000000,298.303621,0.000000,51.142061
18532,6640.441128,0.000000,56.000000,300.810585,0.000000,11.030641
18538,6640.441128,0.000000,56.000000,303.818942,0.000000,322.896936
18546,6640.441128,0.000000,56.000000,307.830084,0.000000,258.718663
18551,6640.441128,0.000000,56.000000,310.337047,0.000000,218.607242
18553,6640.441128,0.000000,56.000000,311.339833,0.000000,202.562674
18557,6640.441128,0.000000,56.000000,313.345404,0.000000,170.473538
18562,6640.441128,0.000000,56.000000,315.852368,0.000000,130.362117
18570,6640.441128,0.000000,56.000000,319.863510,0.000000,66.183844
18575,6640.441128,0.000000,56.000000,322.370474,0.000000,26.072423
18577,6640.441128,0.000000,56.000000,323.373259,0.000000,10.027855
18584,6640.441128,0.000000,56.000000,326.883008,0.000000,313.871866
18586,6640.441128,0.000000,56.000000,327.885794,0.000000,297.827298
18589,6640.441128,0.000000,56.000000,329.389972,0.000000,273.760446
18598,6640.441128,0.000000,56.000000,333.902507,0.000000,201.559889
18604,6640.441128,0.000000,56.000000,336.910864,0.000000,153.426184
18621,6640.441128,0.000000,56.000000,345.434540,0.000000,17.047354
18626,6640.441128,0.000000,56.000000,347.941504,0.000000,336.935933
18634,6640.441128,0.000000,56.000000,351.952646,0.000000,272.757660
18635,6640.441128,0.000000,56.000000,352.454039,0.000000,264.735376
18637,6640.441128,0.000000,56.000000,353.456825,0.000000,248.690808
18645,6640.441128,0.000000,56.000000,357.467967,0.000000,184.512535
18660,6640.441128,0.000000,56.000000,4.988858,0.000000,64.178273
18663,6640.441128,0.000000,56.000000,6.493036,0.000000,40.111421
18692,6640.441128,0.000000,32.000000,27.783426,0.000000,167.465181
18704,6640.441128,0.000000,32.000000,33.800139,0.000000,71.197772
18758,6640.441128,0.000000,32.000000,60.875348,0.000000,357.994429
18776,6640.441128,0.000000,32.000000,69.900418,0.000000,213.593315
18788,6640.441128,0.000000,32.000000,75.917131,0.000000,117.325905
18834,6640.441128,0.000000,32.000000,98.981198,0.000000,108.300836
18836,6640.441128,0.000000,32.000000,99.983983,0.000000,92.256267
18882,6640.441128,0.000000,32.000000,123.048050,0.000000,83.231198
18897,6640.441128,0.000000,32.000000,130.568942,0.000000,322.896936
18924,6640.441128,0.000000,32.000000,144.106546,0.000000,106.295265
18930,6640.441128,0.000000,32.000000,147.114903,0.000000,58.161560
18965,6640.441128,0.000000,32.000000,164.663649,0.000000,137.381616
18984,6640.441128,0.000000,32.000000,174.190111,0.000000,344.958217
19066,6640.441128,0.000000,32.000000,215.304318,0.000000,47.130919
19067,6640.441128,0.000000,32.000000,215.805710,0.000000,39.108635
19070,6640.441128,0.000000,32.000000,217.309889,0.000000,15.041783
19090,6640.441128,0.000000,32.000000,227.337744,0.000000,214.596100
19118,6640.441128,0.000000,32.000000,241.376741,0.000000,349.972145
19131,6640.441128,0.000000,32.000000,247.894847,0.000000,245.682451
19132,6640.441128,0.000000,32.000000,248.396240,0.000000,237.660167
19214,6640.441128,0.000000,32.000000,289.510446,0.000000,299.832869
19226,6640.441128,0.000000,32.000000,295.527159,0.000000,203.565460
19233,6640.441128,0.000000,32.000000,299.036908,0.000000,147.409471
19240,6640.441128,0.000000,32.000000,302.546657,0.000000,91.253482
19307,6640.441128,0.000000,32.000000,336.139972,0.000000,273.760446
19309,6640.441128,0.000000,32.000000,337.142758,0.000000,257.715877
19323,6640.441128,0.000000,32.000000,344.162256,0.000000,145.403900
19418,6640.441128,0.000000,57.000000,25.044568,0.000000,103.286908
19513,6640.441128,0.000000,57.000000,72.676880,0.000000,61.169916
19537,6640.441128,0.000000,57.000000,84.710306,0.000000,228.635097
19603,6640.441128,0.000000,57.000000,117.802228,0.000000,59.164345
19610,6640.441128,0.000000,57.000000,121.311978,0.000000,3.008357
19636,6640.441128,0.000000,57.000000,134.348189,0.000000,154.428969
19712,6640.441128,0.000000,57.000000,172.454039,0.000000,264.735376
19763,6640.441128,0.000000,57.000000,198.025070,0.000000,215.598886
19778,6640.441128,0.000000,57.000000,205.545961,0.000000,95.264624
19795,6640.441128,0.000000,57.000000,214.069638,0.000000,318.885794
19801,6640.441128,0.000000,57.000000,217.077994,0.000000,270.752089
19808,6640.441128,0.000000,57.000000,220.587744,0.000000,214.596100
19825,6640.441128,0.000000,57.000000,229.111421,0.000000,78.217270
20037,6640.441128,0.000000,57.000000,335.406685,0.000000,177.493036
20070,6640.441128,0.000000,57.000000,351.952646,0.000000,272.757660
20081,6640.441128,0.000000,57.000000,357.467967,0.000000,184.512535
20082,6640.441128,0.000000,57.000000,357.969359,0.000000,176.490251
20132,6640.441128,0.000000,59.000000,18.538997,0.000000,135.376045
20138,6640.441128,0.000000,59.000000,21.547354,0.000000,87.242340
20170,6640.441128,0.000000,59.000000,37.591922,0.000000,190.529248
20301,6640.441128,0.000000,59.000000,103.274373,0.000000,219.610028
20311,6640.441128,0.000000,59.000000,108.288301,0.000000,139.387187
20384,6640.441128,0.000000,59.000000,144.889972,0.000000,273.760446
20532,6640.441128,0.000000,59.000000,219.096100,0.000000,166.462396
20844,6640.441128,0.000000,60.000000,13.280641,0.000000,183.509749
20985,6640.441128,0.000000,60.000000,83.977019,0.000000,132.367688
21228,6640.441128,0.000000,60.000000,205.815460,0.000000,342.952646
