
Gurobi 13.0.2 (linux64) logging started Wed Jul  1 05:55:53 2026

Set parameter LogFile to value "/tmp/sweep_20260701_005042_russia_alt400km_s10_i4_v4_gurobi.log"
Set parameter Method to value 1
Set parameter NodefileStart to value 4
Set parameter RINS to value 50
Gurobi Optimizer version 13.0.2 build v13.0.2rc1 (linux64 - "Debian GNU/Linux 13 (trixie)")

CPU model: Intel(R) Xeon(R) Platinum 8375C CPU @ 2.90GHz, instruction set [SSE2|AVX|AVX2|AVX512]
Thread count: 16 physical cores, 32 logical processors, using up to 32 threads

Non-default parameters:
TimeLimit  18000
MIPGap  0.001
Method  1
LPWarmStart  1
Heuristics  0.2
MIPFocus  1
NodefileStart  4
RINS  50
Symmetry  2
Cuts  2
CoverCuts  2
LogToConsole  0

Academic license 2812613 - for non-commercial use only - registered to no___@gatech.edu
Optimize a model with 718000 rows, 21540 columns and 52632272 nonzeros (Min)
Model fingerprint: 0x63fd1c0c
Model has 21540 linear objective coefficients
Variable types: 0 continuous, 21540 integer (21540 binary)
Coefficient statistics:
  Matrix range     [1e+00, 1e+00]
  Objective range  [1e+00, 1e+00]
  Bounds range     [1e+00, 1e+00]
  RHS range        [3e+00, 3e+00]

Found heuristic solution: objective 2443.0000000
Presolve removed 0 rows and 0 columns (presolve time = 7s)...
Presolve removed 0 rows and 0 columns (presolve time = 14s)...
Presolve removed 0 rows and 1436 columns (presolve time = 15s)...
Presolve removed 624660 rows and 1436 columns (presolve time = 20s)...
Presolve removed 624660 rows and 1436 columns (presolve time = 25s)...
Presolve removed 624660 rows and 1436 columns (presolve time = 30s)...
Presolve removed 624660 rows and 1436 columns
Presolve time: 30.67s
Presolved: 93340 rows, 20104 columns, 4872348 nonzeros
Variable types: 0 continuous, 20104 integer (20104 binary)
Performing another presolve...
Presolve removed 0 rows and 0 columns (presolve time = 5s)...
Presolve removed 1436 rows and 0 columns (presolve time = 10s)...
Presolve removed 1436 rows and 0 columns (presolve time = 15s)...
Presolve removed 1436 rows and 0 columns (presolve time = 20s)...
Presolve removed 1436 rows and 0 columns (presolve time = 25s)...
Presolve removed 1436 rows and 0 columns (presolve time = 30s)...
Presolve removed 1436 rows and 0 columns (presolve time = 35s)...
Presolve removed 1436 rows and 0 columns
Presolve time: 36.06s

Root simplex log...

Iteration    Objective       Primal Inf.    Dual Inf.      Time
       0    1.4360000e+03   9.190400e+04   0.000000e+00     71s
    2492    1.6064856e+03   3.019571e+05   0.000000e+00     75s
Warning: Markowitz tolerance tightened to 0.03125
    4040    1.6442390e+03   2.233975e+06   0.000000e+00     80s
    5326    1.6643947e+03   5.994480e+06   0.000000e+00     85s
    6316    1.6722702e+03   2.019786e+06   0.000000e+00     90s
    7414    1.6797593e+03   2.360910e+05   0.000000e+00     96s
    8274    1.6857348e+03   1.084116e+08   0.000000e+00    101s
Warning: Markowitz tolerance tightened to 0.125
    9134    1.6910401e+03   6.652048e+05   0.000000e+00    106s
    9994    1.6960669e+03   3.201985e+06   0.000000e+00    111s
   10682    1.7007472e+03   1.348189e+06   0.000000e+00    116s
   11370    1.7048848e+03   6.323991e+05   0.000000e+00    120s
   12058    1.7085010e+03   1.075593e+06   0.000000e+00    125s
   12792    1.7120388e+03   7.729487e+05   0.000000e+00    130s
   13432    1.7152841e+03   6.880339e+05   0.000000e+00    135s
   14052    1.7182985e+03   4.228397e+05   0.000000e+00    141s
   14642    1.7212475e+03   1.146137e+07   0.000000e+00    146s
   15232    1.7237241e+03   3.979341e+05   0.000000e+00    151s
   15802    1.7262347e+03   5.473234e+05   0.000000e+00    156s
   16352    1.7281998e+03   3.518930e+05   0.000000e+00    161s
   16822    1.7299249e+03   2.524166e+07   0.000000e+00    165s
   17302    1.7316768e+03   4.971616e+06   0.000000e+00    170s
   17862    1.7343748e+03   8.354407e+06   0.000000e+00    176s
   18312    1.7361570e+03   2.425832e+06   0.000000e+00    181s
   18762    1.7380654e+03   3.125776e+06   0.000000e+00    185s
   19232    1.7397327e+03   7.649119e+05   0.000000e+00    190s
   19682    1.7413911e+03   1.378271e+06   0.000000e+00    195s
   20132    1.7432659e+03   8.357388e+05   0.000000e+00    200s
   20582    1.7452415e+03   9.708950e+05   0.000000e+00    206s
   21022    1.7466030e+03   1.588221e+07   0.000000e+00    210s
   21452    1.7482280e+03   1.416052e+06   0.000000e+00    216s
   21892    1.7495679e+03   3.367124e+05   0.000000e+00    221s
   22252    1.7509400e+03   3.774424e+05   0.000000e+00    225s
   22702    1.7523292e+03   1.973213e+06   0.000000e+00    231s
   23122    1.7538906e+03   8.350250e+05   0.000000e+00    236s
   23462    1.7547042e+03   4.532260e+05   0.000000e+00    240s
   23892    1.7559590e+03   3.275786e+06   0.000000e+00    246s
   24232    1.7570551e+03   3.453495e+05   0.000000e+00    250s
   24662    1.7582414e+03   7.297623e+05   0.000000e+00    256s
   25012    1.7590109e+03   2.256906e+06   0.000000e+00    260s
   25422    1.7602865e+03   2.545290e+05   0.000000e+00    266s
   25752    1.7612751e+03   2.396513e+05   0.000000e+00    270s
   26172    1.7624093e+03   1.470943e+06   0.000000e+00    276s
   26512    1.7633836e+03   2.917916e+05   0.000000e+00    280s
   26942    1.7645020e+03   3.233154e+05   0.000000e+00    286s
   27292    1.7653994e+03   1.008524e+06   0.000000e+00    291s
   27612    1.7664780e+03   2.122614e+06   0.000000e+00    295s
   28022    1.7674515e+03   1.223500e+06   0.000000e+00    301s
   28352    1.7683348e+03   3.943085e+06   0.000000e+00    305s
   28692    1.7690572e+03   1.709781e+05   0.000000e+00    310s
   29102    1.7699823e+03   2.053345e+06   0.000000e+00    316s
   29352    1.7707035e+03   8.971588e+05   0.000000e+00    320s
   29752    1.7715854e+03   6.162503e+05   0.000000e+00    326s
   30092    1.7722324e+03   1.777006e+06   0.000000e+00    331s
   30422    1.7731431e+03   2.930092e+06   0.000000e+00    336s
   30742    1.7738209e+03   8.683207e+05   0.000000e+00    341s
   31072    1.7745669e+03   4.909847e+05   0.000000e+00    346s
   31402    1.7753231e+03   3.610770e+06   0.000000e+00    351s
   31722    1.7760919e+03   5.590223e+05   0.000000e+00    356s
   32042    1.7768100e+03   1.634829e+05   0.000000e+00    361s
   32362    1.7775106e+03   3.107317e+06   0.000000e+00    366s
   32682    1.7780961e+03   5.828035e+05   0.000000e+00    371s
   32922    1.7786991e+03   3.444626e+05   0.000000e+00    375s
   33252    1.7793620e+03   1.008335e+07   0.000000e+00    381s
   33582    1.7799839e+03   6.990611e+05   0.000000e+00    386s
   33822    1.7804396e+03   2.309905e+06   0.000000e+00    390s
   34142    1.7810470e+03   9.978197e+05   0.000000e+00    395s
   34462    1.7816817e+03   5.038000e+05   0.000000e+00    401s
   34782    1.7823650e+03   3.609357e+05   0.000000e+00    406s
   35022    1.7829339e+03   6.628900e+05   0.000000e+00    411s
   35342    1.7837062e+03   4.812030e+05   0.000000e+00    416s
   35582    1.7840373e+03   5.133352e+05   0.000000e+00    420s
   35912    1.7845919e+03   5.631037e+05   0.000000e+00    426s
   36152    1.7849649e+03   2.180560e+05   0.000000e+00    431s
   36472    1.7855720e+03   5.607968e+06   0.000000e+00    436s
   36712    1.7859854e+03   7.103135e+06   0.000000e+00    441s
   36952    1.7863643e+03   4.122288e+05   0.000000e+00    446s
   37192    1.7866929e+03   6.981537e+05   0.000000e+00    450s
   37522    1.7871882e+03   6.608924e+05   0.000000e+00    456s
   37762    1.7876244e+03   2.920203e+05   0.000000e+00    461s
   38002    1.7880708e+03   8.014382e+05   0.000000e+00    466s
   38242    1.7884487e+03   2.328820e+06   0.000000e+00    470s
   38562    1.7890934e+03   1.183150e+06   0.000000e+00    476s
   38802    1.7895025e+03   3.227708e+05   0.000000e+00    481s
   39042    1.7900159e+03   1.631075e+05   0.000000e+00    486s
   39282    1.7904873e+03   4.487364e+06   0.000000e+00    491s
   39522    1.7908890e+03   3.269841e+05   0.000000e+00    495s
   39762    1.7913154e+03   1.607397e+06   0.000000e+00    500s
   40012    1.7916695e+03   8.942649e+05   0.000000e+00    505s
   40252    1.7919880e+03   1.515156e+06   0.000000e+00    510s
   40502    1.7924160e+03   1.722441e+05   0.000000e+00    515s
   40742    1.7928849e+03   2.394394e+05   0.000000e+00    520s
   40982    1.7933912e+03   3.135070e+06   0.000000e+00    525s
   41232    1.7937180e+03   6.749829e+06   0.000000e+00    530s
   41562    1.7941691e+03   4.930501e+06   0.000000e+00    536s
   41802    1.7945424e+03   1.575647e+06   0.000000e+00    541s
   42042    1.7949340e+03   3.696258e+05   0.000000e+00    546s
   42282    1.7954166e+03   2.860412e+05   0.000000e+00    552s
   42442    1.7957228e+03   9.781791e+05   0.000000e+00    555s
   42682    1.7960556e+03   1.223349e+06   0.000000e+00    561s
   42922    1.7964558e+03   6.492814e+05   0.000000e+00    566s
   43182    1.7968001e+03   2.782377e+05   0.000000e+00    571s
   43362    1.7970968e+03   2.274315e+05   0.000000e+00    575s
   43612    1.7975281e+03   1.233568e+06   0.000000e+00    581s
   43852    1.7978761e+03   1.223611e+06   0.000000e+00    586s
   44092    1.7982433e+03   4.019323e+05   0.000000e+00    591s
   44352    1.7986942e+03   3.740712e+05   0.000000e+00    596s
   44602    1.7991378e+03   4.106307e+05   0.000000e+00    602s
   44842    1.7995339e+03   4.958840e+05   0.000000e+00    607s
   45022    1.7997756e+03   3.724608e+05   0.000000e+00    611s
   45222    1.8001154e+03   4.116538e+05   0.000000e+00    615s
   45422    1.8003991e+03   1.446444e+05   0.000000e+00    620s
   45652    1.8007086e+03   1.601927e+06   0.000000e+00    625s
   45912    1.8011050e+03   7.230700e+05   0.000000e+00    631s
   46162    1.8014429e+03   2.139246e+06   0.000000e+00    637s
   46412    1.8018276e+03   5.153258e+05   0.000000e+00    642s
   46542    1.8019381e+03   6.229507e+05   0.000000e+00    645s
   46792    1.8022813e+03   1.978376e+05   0.000000e+00    651s
   47042    1.8027155e+03   4.460273e+06   0.000000e+00    657s
   47292    1.8030701e+03   5.247014e+06   0.000000e+00    662s
   47412    1.8032430e+03   3.900033e+05   0.000000e+00    665s
   47622    1.8034921e+03   4.154167e+05   0.000000e+00    670s
   47852    1.8038162e+03   1.647557e+05   0.000000e+00    676s
   48092    1.8042416e+03   6.508346e+05   0.000000e+00    682s
   48342    1.8045470e+03   1.945184e+06   0.000000e+00    688s
   48462    1.8047202e+03   3.116665e+07   0.000000e+00    691s
   48702    1.8050309e+03   2.321787e+05   0.000000e+00    697s
   48942    1.8053670e+03   2.172950e+05   0.000000e+00    703s
   49072    1.8054939e+03   3.568738e+05   0.000000e+00    706s
   49322    1.8058147e+03   5.924666e+05   0.000000e+00    712s
   49452    1.8059943e+03   3.774709e+05   0.000000e+00    715s
   49692    1.8062991e+03   1.222557e+06   0.000000e+00    721s
   49932    1.8065708e+03   3.486215e+06   0.000000e+00    727s
   50052    1.8067128e+03   1.804329e+06   0.000000e+00    730s
   50282    1.8069837e+03   4.157541e+05   0.000000e+00    736s
   50522    1.8072946e+03   2.320473e+06   0.000000e+00    742s
   50642    1.8074944e+03   1.234376e+06   0.000000e+00    745s
   50882    1.8077753e+03   6.045944e+05   0.000000e+00    751s
   51122    1.8080071e+03   8.724944e+06   0.000000e+00    757s
   51242    1.8081651e+03   1.613215e+06   0.000000e+00    760s
   51472    1.8084609e+03   1.562565e+06   0.000000e+00    766s
   51702    1.8087157e+03   1.015569e+06   0.000000e+00    772s
   51822    1.8088655e+03   1.075795e+06   0.000000e+00    775s
   52062    1.8090679e+03   1.689590e+05   0.000000e+00    781s
   52302    1.8093081e+03   3.156315e+05   0.000000e+00    787s
   52412    1.8094318e+03   7.458290e+05   0.000000e+00    790s
   52652    1.8096616e+03   9.240453e+05   0.000000e+00    796s
   52882    1.8099109e+03   3.616303e+05   0.000000e+00    802s
   53002    1.8100381e+03   1.730789e+06   0.000000e+00    805s
   53242    1.8103751e+03   4.577840e+05   0.000000e+00    812s
   53472    1.8107697e+03   7.949048e+06   0.000000e+00    818s
   53592    1.8109246e+03   3.957081e+05   0.000000e+00    821s
   53822    1.8112164e+03   4.704078e+05   0.000000e+00    827s
   54062    1.8115011e+03   3.523699e+05   0.000000e+00    833s
   54172    1.8116146e+03   5.474338e+05   0.000000e+00    836s
   54402    1.8118446e+03   8.962503e+06   0.000000e+00    842s
   54642    1.8120859e+03   1.711572e+05   0.000000e+00    848s
   54762    1.8122193e+03   2.034446e+05   0.000000e+00    851s
   54992    1.8126198e+03   3.956667e+05   0.000000e+00    858s
   55102    1.8127919e+03   1.089691e+06   0.000000e+00    861s
   55332    1.8130587e+03   1.769059e+06   0.000000e+00    867s
   55452    1.8131811e+03   3.002814e+05   0.000000e+00    870s
   55682    1.8134670e+03   1.560016e+06   0.000000e+00    876s
   55922    1.8137409e+03   9.562328e+06   0.000000e+00    883s
   56042    1.8138546e+03   2.077681e+05   0.000000e+00    886s
   56262    1.8141225e+03   2.669368e+05   0.000000e+00    892s
   56372    1.8142753e+03   3.586807e+05   0.000000e+00    895s
   56602    1.8145725e+03   2.745124e+05   0.000000e+00    901s
   56822    1.8148303e+03   1.672830e+05   0.000000e+00    907s
   56932    1.8149304e+03   2.013901e+05   0.000000e+00    910s
   57152    1.8151850e+03   2.784744e+06   0.000000e+00    917s
   57382    1.8154127e+03   2.022034e+06   0.000000e+00    923s
   57492    1.8155210e+03   4.289126e+05   0.000000e+00    926s
   57712    1.8157765e+03   5.713897e+07   0.000000e+00    932s
   57822    1.8158849e+03   3.774398e+05   0.000000e+00    935s
   58042    1.8161116e+03   5.804078e+05   0.000000e+00    941s
   58282    1.8163976e+03   1.403381e+05   0.000000e+00    948s
   58392    1.8165357e+03   1.245918e+06   0.000000e+00    951s
   58612    1.8167850e+03   2.199201e+06   0.000000e+00    958s
   58722    1.8168777e+03   2.108406e+05   0.000000e+00    961s
   58942    1.8171308e+03   1.456551e+05   0.000000e+00    967s
   59052    1.8172642e+03   2.194167e+05   0.000000e+00    970s
   59272    1.8174993e+03   7.411592e+05   0.000000e+00    976s
   59492    1.8177017e+03   8.030029e+05   0.000000e+00    983s
   59602    1.8178075e+03   1.697353e+06   0.000000e+00    986s
   59822    1.8179953e+03   3.866205e+05   0.000000e+00    992s
   59932    1.8181372e+03   2.051878e+05   0.000000e+00    995s
   60152    1.8184209e+03   3.842954e+05   0.000000e+00   1001s
   60372    1.8186366e+03   7.292190e+05   0.000000e+00   1007s
   60492    1.8187468e+03   1.490869e+06   0.000000e+00   1011s
   60732    1.8189684e+03   4.699737e+05   0.000000e+00   1017s
   60842    1.8190852e+03   3.255301e+05   0.000000e+00   1021s
   61062    1.8192943e+03   4.060468e+06   0.000000e+00   1027s
   61172    1.8193847e+03   1.004707e+06   0.000000e+00   1030s
   61392    1.8195652e+03   1.789073e+05   0.000000e+00   1036s
   61612    1.8197763e+03   2.466507e+05   0.000000e+00   1043s
   61722    1.8198922e+03   3.474197e+05   0.000000e+00   1046s
   61942    1.8201264e+03   1.054061e+06   0.000000e+00   1052s
   62052    1.8202170e+03   1.988869e+05   0.000000e+00   1056s
   62272    1.8204308e+03   6.450912e+05   0.000000e+00   1062s
   62382    1.8205575e+03   1.621260e+06   0.000000e+00   1065s
   62612    1.8207642e+03   1.936630e+05   0.000000e+00   1072s
   62722    1.8208739e+03   3.203659e+05   0.000000e+00   1075s
   62942    1.8210823e+03   4.990728e+06   0.000000e+00   1082s
   63052    1.8211443e+03   2.956701e+06   0.000000e+00   1085s
   63272    1.8213577e+03   9.502876e+05   0.000000e+00   1092s
   63382    1.8214556e+03   3.287400e+05   0.000000e+00   1095s
   63592    1.8216970e+03   1.343096e+06   0.000000e+00   1102s
   63702    1.8217773e+03   3.448269e+05   0.000000e+00   1105s
   63922    1.8219111e+03   2.427943e+05   0.000000e+00   1112s
   64032    1.8219996e+03   3.618898e+06   0.000000e+00   1115s
   64242    1.8221793e+03   5.590000e+05   0.000000e+00   1121s
   64362    1.8222780e+03   4.029147e+05   0.000000e+00   1125s
   64582    1.8224417e+03   1.091418e+06   0.000000e+00   1132s
   64692    1.8225542e+03   9.255025e+05   0.000000e+00   1135s
   64912    1.8227936e+03   5.873418e+05   0.000000e+00   1142s
   65022    1.8229290e+03   3.397957e+05   0.000000e+00   1145s
   65252    1.8231688e+03   4.651237e+05   0.000000e+00   1152s
   65362    1.8233007e+03   5.126470e+05   0.000000e+00   1156s
   65582    1.8235396e+03   2.349514e+06   0.000000e+00   1162s
   65692    1.8236739e+03   8.016079e+05   0.000000e+00   1166s
   65902    1.8239022e+03   2.856187e+05   0.000000e+00   1172s
   66012    1.8239801e+03   3.639625e+06   0.000000e+00   1176s
   66232    1.8242199e+03   4.294096e+05   0.000000e+00   1182s
   66342    1.8243242e+03   1.980986e+06   0.000000e+00   1186s
   66552    1.8245253e+03   2.848662e+05   0.000000e+00   1192s
   66662    1.8246168e+03   1.909635e+05   0.000000e+00   1196s
   66882    1.8247864e+03   2.547360e+06   0.000000e+00   1203s
   66992    1.8248759e+03   2.961679e+06   0.000000e+00   1206s
   67212    1.8250721e+03   2.895344e+05   0.000000e+00   1213s
   67322    1.8251671e+03   7.244735e+05   0.000000e+00   1216s
   67532    1.8253643e+03   4.294114e+05   0.000000e+00   1223s
   67642    1.8254333e+03   7.162214e+05   0.000000e+00   1226s
   67852    1.8256126e+03   6.379715e+05   0.000000e+00   1233s
   67962    1.8256995e+03   3.046924e+05   0.000000e+00   1236s
   68182    1.8258797e+03   4.976119e+05   0.000000e+00   1243s
   68282    1.8259429e+03   3.333420e+05   0.000000e+00   1246s
   68502    1.8261001e+03   9.776819e+05   0.000000e+00   1253s
   68612    1.8261831e+03   5.991777e+05   0.000000e+00   1257s
   68722    1.8262422e+03   1.131827e+06   0.000000e+00   1260s
   68942    1.8263914e+03   2.535794e+05   0.000000e+00   1267s
   69042    1.8264695e+03   2.248255e+06   0.000000e+00   1270s
   69252    1.8266185e+03   2.302124e+06   0.000000e+00   1277s
   69362    1.8266931e+03   3.764887e+05   0.000000e+00   1280s
   69572    1.8268541e+03   2.168459e+06   0.000000e+00   1287s
   69672    1.8269507e+03   2.343413e+05   0.000000e+00   1290s
   69882    1.8271428e+03   5.529513e+05   0.000000e+00   1297s
   69982    1.8272292e+03   2.389124e+07   0.000000e+00   1300s
   70202    1.8273635e+03   2.376417e+05   0.000000e+00   1307s
   70312    1.8274543e+03   3.763780e+05   0.000000e+00   1310s
   70512    1.8276280e+03   7.216785e+06   0.000000e+00   1317s
   70622    1.8277183e+03   4.383661e+05   0.000000e+00   1320s
   70832    1.8278996e+03   5.812777e+05   0.000000e+00   1327s
   70942    1.8280090e+03   3.002239e+05   0.000000e+00   1330s
   71142    1.8281772e+03   1.387699e+05   0.000000e+00   1337s
   71252    1.8282793e+03   3.790054e+05   0.000000e+00   1340s
   71472    1.8284359e+03   4.029021e+05   0.000000e+00   1347s
   71572    1.8285264e+03   3.292515e+06   0.000000e+00   1351s
   71792    1.8286592e+03   1.408161e+07   0.000000e+00   1357s
   71902    1.8287326e+03   7.747119e+06   0.000000e+00   1361s
   72112    1.8289225e+03   6.280391e+05   0.000000e+00   1367s
   72212    1.8290134e+03   1.025627e+06   0.000000e+00   1371s
   72432    1.8291691e+03   3.080752e+05   0.000000e+00   1378s
   72532    1.8292479e+03   1.602224e+05   0.000000e+00   1381s
   72732    1.8293957e+03   4.391166e+05   0.000000e+00   1387s
   72832    1.8294681e+03   5.806786e+05   0.000000e+00   1391s
   73032    1.8296406e+03   5.736333e+05   0.000000e+00   1397s
   73142    1.8297205e+03   2.481539e+06   0.000000e+00   1401s
   73342    1.8298673e+03   1.341364e+05   0.000000e+00   1407s
   73442    1.8299422e+03   7.596814e+05   0.000000e+00   1410s
   73662    1.8301100e+03   7.816946e+06   0.000000e+00   1417s
   73762    1.8302059e+03   5.804953e+05   0.000000e+00   1421s
   73972    1.8303958e+03   2.205626e+05   0.000000e+00   1427s
   74072    1.8304844e+03   2.647386e+05   0.000000e+00   1430s
   74272    1.8306794e+03   1.875227e+05   0.000000e+00   1437s
   74382    1.8307541e+03   1.806302e+05   0.000000e+00   1440s
   74582    1.8309086e+03   1.127990e+06   0.000000e+00   1447s
   74682    1.8309639e+03   6.371670e+06   0.000000e+00   1450s
   74892    1.8311092e+03   4.387840e+05   0.000000e+00   1457s
   74992    1.8311814e+03   1.738977e+05   0.000000e+00   1460s
   75202    1.8313285e+03   1.897346e+06   0.000000e+00   1467s
   75302    1.8313959e+03   4.962256e+05   0.000000e+00   1470s
   75502    1.8315561e+03   3.706591e+05   0.000000e+00   1477s
   75612    1.8316482e+03   8.066367e+05   0.000000e+00   1481s
   75822    1.8318143e+03   1.414811e+06   0.000000e+00   1487s
   75922    1.8318925e+03   4.382907e+05   0.000000e+00   1491s
   76122    1.8320168e+03   1.924593e+05   0.000000e+00   1498s
   76222    1.8320862e+03   1.210638e+06   0.000000e+00   1501s
   76422    1.8322377e+03   1.560150e+05   0.000000e+00   1508s
   76532    1.8323139e+03   1.694016e+06   0.000000e+00   1511s
   76742    1.8324685e+03   1.344462e+06   0.000000e+00   1518s
   76842    1.8325400e+03   8.164383e+05   0.000000e+00   1522s
   76952    1.8326098e+03   4.224035e+05   0.000000e+00   1525s
   77152    1.8327538e+03   4.980032e+05   0.000000e+00   1532s
   77252    1.8328464e+03   9.794346e+05   0.000000e+00   1535s
   77452    1.8329823e+03   4.858743e+05   0.000000e+00   1542s
   77562    1.8330355e+03   2.390582e+05   0.000000e+00   1545s
   77762    1.8331754e+03   2.393787e+05   0.000000e+00   1552s
   77862    1.8332594e+03   1.785484e+05   0.000000e+00   1556s
   78062    1.8334124e+03   2.587187e+06   0.000000e+00   1562s
   78162    1.8334925e+03   1.171529e+06   0.000000e+00   1566s
   78362    1.8336514e+03   2.751238e+06   0.000000e+00   1572s
   78462    1.8337355e+03   1.710950e+06   0.000000e+00   1576s
   78662    1.8338988e+03   1.930556e+05   0.000000e+00   1583s
   78762    1.8339909e+03   1.955112e+05   0.000000e+00   1586s
   78962    1.8341268e+03   1.914394e+06   0.000000e+00   1593s
   79062    1.8341854e+03   4.230998e+05   0.000000e+00   1597s
   79162    1.8342481e+03   6.465841e+05   0.000000e+00   1600s
   79362    1.8344006e+03   5.465557e+05   0.000000e+00   1607s
   79462    1.8344801e+03   1.622141e+05   0.000000e+00   1610s
   79672    1.8346081e+03   1.280826e+06   0.000000e+00   1617s
   79782    1.8346847e+03   2.292421e+05   0.000000e+00   1621s
   79992    1.8348681e+03   2.648512e+05   0.000000e+00   1628s
   80092    1.8349669e+03   3.850999e+05   0.000000e+00   1631s
   80292    1.8351309e+03   2.009221e+05   0.000000e+00   1638s
   80392    1.8352323e+03   2.881548e+05   0.000000e+00   1641s
   80592    1.8353942e+03   3.708534e+05   0.000000e+00   1648s
   80692    1.8354669e+03   1.319965e+06   0.000000e+00   1651s
   80892    1.8356161e+03   7.507799e+05   0.000000e+00   1658s
   81002    1.8356835e+03   2.710759e+05   0.000000e+00   1662s
   81102    1.8357628e+03   2.357188e+06   0.000000e+00   1665s
   81302    1.8358925e+03   2.127965e+05   0.000000e+00   1672s
   81402    1.8359789e+03   1.562619e+06   0.000000e+00   1676s
   81602    1.8361521e+03   1.467939e+05   0.000000e+00   1682s
   81702    1.8362278e+03   1.047560e+07   0.000000e+00   1686s
   81902    1.8363938e+03   6.561109e+05   0.000000e+00   1693s
   82002    1.8364672e+03   1.319077e+06   0.000000e+00   1696s
   82212    1.8366112e+03   6.194446e+05   0.000000e+00   1703s
   82312    1.8366623e+03   7.902855e+05   0.000000e+00   1707s
   82532    1.8368780e+03   1.728025e+05   0.000000e+00   1714s
   82632    1.8369715e+03   1.875571e+06   0.000000e+00   1718s
   82732    1.8370472e+03   1.798718e+06   0.000000e+00   1721s
   82942    1.8371728e+03   2.227298e+05   0.000000e+00   1728s
   83042    1.8372352e+03   7.005604e+05   0.000000e+00   1732s
   83142    1.8372909e+03   3.760730e+05   0.000000e+00   1735s
   83342    1.8374252e+03   4.109797e+05   0.000000e+00   1742s
   83442    1.8374992e+03   4.494144e+05   0.000000e+00   1746s
   83652    1.8376686e+03   1.698246e+05   0.000000e+00   1753s
   83762    1.8377582e+03   2.296670e+06   0.000000e+00   1757s
   83862    1.8378306e+03   1.475525e+05   0.000000e+00   1761s
   84072    1.8379875e+03   1.808764e+05   0.000000e+00   1768s
   84172    1.8380602e+03   2.330651e+06   0.000000e+00   1772s
   84272    1.8381256e+03   4.081414e+05   0.000000e+00   1775s
   84472    1.8382958e+03   4.472699e+05   0.000000e+00   1782s
   84572    1.8383623e+03   1.277636e+05   0.000000e+00   1786s
   84772    1.8384880e+03   3.261629e+05   0.000000e+00   1793s
   84872    1.8385540e+03   4.716967e+05   0.000000e+00   1796s
   85072    1.8386558e+03   3.719862e+06   0.000000e+00   1803s
   85182    1.8387081e+03   3.105283e+05   0.000000e+00   1807s
   85282    1.8387811e+03   3.439608e+06   0.000000e+00   1811s
   85502    1.8389226e+03   4.991531e+07   0.000000e+00   1818s
   85622    1.8389979e+03   1.720661e+05   0.000000e+00   1822s
   85732    1.8390557e+03   1.704864e+05   0.000000e+00   1826s
   85852    1.8391477e+03   2.656135e+06   0.000000e+00   1830s
   86062    1.8393109e+03   4.772898e+05   0.000000e+00   1838s
   86162    1.8393674e+03   1.056630e+06   0.000000e+00   1842s
   86262    1.8394348e+03   3.416318e+05   0.000000e+00   1845s
   86482    1.8396044e+03   1.642794e+05   0.000000e+00   1853s
   86592    1.8396854e+03   1.722551e+06   0.000000e+00   1857s
   86692    1.8397604e+03   2.643672e+05   0.000000e+00   1861s
   86892    1.8399553e+03   2.658056e+05   0.000000e+00   1868s
   86992    1.8400354e+03   5.390285e+05   0.000000e+00   1871s
   87112    1.8401245e+03   4.326329e+05   0.000000e+00   1876s
   87322    1.8402861e+03   9.491102e+05   0.000000e+00   1883s
   87422    1.8403495e+03   7.704696e+05   0.000000e+00   1887s
   87522    1.8404030e+03   3.703939e+05   0.000000e+00   1890s
   87722    1.8405262e+03   7.534242e+05   0.000000e+00   1898s
   87822    1.8405852e+03   2.632770e+05   0.000000e+00   1901s
   87932    1.8406342e+03   2.777222e+05   0.000000e+00   1905s
   88132    1.8407279e+03   5.683055e+05   0.000000e+00   1912s
   88242    1.8408053e+03   6.109882e+05   0.000000e+00   1916s
   88352    1.8408720e+03   2.618277e+05   0.000000e+00   1920s
   88552    1.8409861e+03   2.525084e+05   0.000000e+00   1927s
   88672    1.8410505e+03   2.903431e+05   0.000000e+00   1932s
   88792    1.8411158e+03   2.846182e+05   0.000000e+00   1936s
   89012    1.8412167e+03   6.704396e+05   0.000000e+00   1944s
   89112    1.8412755e+03   2.725650e+05   0.000000e+00   1947s
   89222    1.8413491e+03   1.092390e+06   0.000000e+00   1951s
   89352    1.8414145e+03   2.950516e+05   0.000000e+00   1956s
   89572    1.8415296e+03   2.094183e+05   0.000000e+00   1963s
   89672    1.8415790e+03   7.085239e+06   0.000000e+00   1967s
   89792    1.8416550e+03   8.668590e+05   0.000000e+00   1971s
   89902    1.8417529e+03   5.555689e+05   0.000000e+00   1975s
   90132    1.8418782e+03   5.692690e+05   0.000000e+00   1983s
   90252    1.8419531e+03   4.675594e+05   0.000000e+00   1988s
   90362    1.8420232e+03   3.254951e+05   0.000000e+00   1991s
   90462    1.8420858e+03   2.286297e+05   0.000000e+00   1995s
   90692    1.8422419e+03   4.755539e+05   0.000000e+00   2003s
   90812    1.8423466e+03   6.368163e+05   0.000000e+00   2008s
   90922    1.8424315e+03   3.511919e+05   0.000000e+00   2012s
   91042    1.8425037e+03   4.094942e+06   0.000000e+00   2016s
   91162    1.8425880e+03   1.459270e+05   0.000000e+00   2020s
   91392    1.8427699e+03   1.127394e+07   0.000000e+00   2029s
   91522    1.8428300e+03   1.412513e+06   0.000000e+00   2033s
   91642    1.8429115e+03   5.774464e+06   0.000000e+00   2038s
   91772    1.8429655e+03   3.035429e+05   0.000000e+00   2042s
   91882    1.8430241e+03   3.383877e+06   0.000000e+00   2046s
   92002    1.8431010e+03   2.863363e+05   0.000000e+00   2051s
   92122    1.8431936e+03   3.110100e+05   0.000000e+00   2055s
   92362    1.8433437e+03   1.524844e+05   0.000000e+00   2064s
   92492    1.8434150e+03   3.596357e+05   0.000000e+00   2069s
   92612    1.8434898e+03   2.328998e+05   0.000000e+00   2073s
   92742    1.8435668e+03   5.597948e+07   0.000000e+00   2078s
   92872    1.8436428e+03   1.557738e+05   0.000000e+00   2083s
   93002    1.8437241e+03   1.887986e+05   0.000000e+00   2088s
   93122    1.8437979e+03   2.324459e+06   0.000000e+00   2092s
   93252    1.8438557e+03   1.165741e+07   0.000000e+00   2097s
   93382    1.8439177e+03   3.916347e+05   0.000000e+00   2102s
   93512    1.8439770e+03   1.418079e+05   0.000000e+00   2106s
   93642    1.8440382e+03   1.776783e+06   0.000000e+00   2111s
   93772    1.8441314e+03   2.065813e+05   0.000000e+00   2116s
   93902    1.8442143e+03   1.303185e+05   0.000000e+00   2121s
   94022    1.8442956e+03   6.091866e+05   0.000000e+00   2126s
   94152    1.8443771e+03   9.607164e+05   0.000000e+00   2131s
   94272    1.8444556e+03   2.532042e+05   0.000000e+00   2135s
   94512    1.8446212e+03   2.396080e+06   0.000000e+00   2144s
   94642    1.8447003e+03   1.261630e+06   0.000000e+00   2149s
   94772    1.8447676e+03   4.473266e+07   0.000000e+00   2154s
   94902    1.8448323e+03   6.824178e+06   0.000000e+00   2158s
   95032    1.8449309e+03   5.735251e+05   0.000000e+00   2163s
   95162    1.8450138e+03   4.002603e+05   0.000000e+00   2168s
   95282    1.8450995e+03   1.123858e+06   0.000000e+00   2172s
   95412    1.8451579e+03   8.202030e+05   0.000000e+00   2177s
   95542    1.8452321e+03   1.647679e+05   0.000000e+00   2182s
   95662    1.8453002e+03   6.289067e+05   0.000000e+00   2187s
   95792    1.8453881e+03   4.914107e+05   0.000000e+00   2191s
   95912    1.8454525e+03   1.984075e+06   0.000000e+00   2196s
   96032    1.8455055e+03   1.921053e+06   0.000000e+00   2200s
   96272    1.8456331e+03   3.102539e+05   0.000000e+00   2209s
   96402    1.8457219e+03   2.127021e+05   0.000000e+00   2214s
   96522    1.8457851e+03   2.603893e+05   0.000000e+00   2219s
   96652    1.8458527e+03   1.862374e+05   0.000000e+00   2223s
   96772    1.8459367e+03   3.738729e+05   0.000000e+00   2228s
   96892    1.8460163e+03   4.021353e+05   0.000000e+00   2233s
   97012    1.8460901e+03   2.902599e+06   0.000000e+00   2237s
   97132    1.8461578e+03   5.334667e+05   0.000000e+00   2242s
   97252    1.8462298e+03   4.518193e+05   0.000000e+00   2246s
   97382    1.8463185e+03   1.018949e+05   0.000000e+00   2251s
   97502    1.8463875e+03   2.511157e+05   0.000000e+00   2255s
   97632    1.8464533e+03   1.382891e+06   0.000000e+00   2260s
   97872    1.8465697e+03   2.612644e+06   0.000000e+00   2269s
   97992    1.8466411e+03   3.512473e+05   0.000000e+00   2274s
   98112    1.8467016e+03   3.258135e+06   0.000000e+00   2278s
   98232    1.8467691e+03   3.387253e+06   0.000000e+00   2283s
   98352    1.8468353e+03   1.027256e+05   0.000000e+00   2287s
   98472    1.8468979e+03   4.673371e+05   0.000000e+00   2292s
   98592    1.8469536e+03   1.110690e+07   0.000000e+00   2296s
   98722    1.8470075e+03   2.520325e+05   0.000000e+00   2301s
   98842    1.8470768e+03   4.578366e+05   0.000000e+00   2306s
   98972    1.8471491e+03   4.696656e+05   0.000000e+00   2311s
   99102    1.8472186e+03   1.765900e+05   0.000000e+00   2315s
   99332    1.8473323e+03   2.818299e+05   0.000000e+00   2324s
   99452    1.8473872e+03   8.383439e+05   0.000000e+00   2329s
   99572    1.8474506e+03   3.797751e+05   0.000000e+00   2333s
   99692    1.8475232e+03   4.343516e+05   0.000000e+00   2338s
   99812    1.8475936e+03   7.142146e+05   0.000000e+00   2342s
   99932    1.8476569e+03   3.270690e+05   0.000000e+00   2347s
  100052    1.8477230e+03   1.532455e+06   0.000000e+00   2352s
  100172    1.8477816e+03   1.270630e+06   0.000000e+00   2356s
  100292    1.8478678e+03   3.511202e+05   0.000000e+00   2361s
  100412    1.8479529e+03   3.628638e+05   0.000000e+00   2366s
  100542    1.8480267e+03   5.014423e+05   0.000000e+00   2371s
  100662    1.8481071e+03   4.809176e+06   0.000000e+00   2375s
  100912    1.8482023e+03   1.462057e+06   0.000000e+00   2385s
  101032    1.8482495e+03   1.271344e+06   0.000000e+00   2389s
  101152    1.8483200e+03   7.863126e+05   0.000000e+00   2394s
  101272    1.8484018e+03   1.158978e+06   0.000000e+00   2399s
  101392    1.8484709e+03   2.629532e+06   0.000000e+00   2403s
  101522    1.8485320e+03   2.546908e+05   0.000000e+00   2408s
  101642    1.8486478e+03   2.690933e+05   0.000000e+00   2413s
  101762    1.8487645e+03   4.402337e+05   0.000000e+00   2418s
  101882    1.8488487e+03   1.192938e+05   0.000000e+00   2423s
  102002    1.8489207e+03   1.457627e+06   0.000000e+00   2428s
  102122    1.8489814e+03   4.167373e+05   0.000000e+00   2432s
  102242    1.8490691e+03   8.100413e+05   0.000000e+00   2437s
  102362    1.8491285e+03   4.107632e+05   0.000000e+00   2442s
  102482    1.8492059e+03   3.628847e+05   0.000000e+00   2446s
  102602    1.8492588e+03   3.231458e+06   0.000000e+00   2451s
  102722    1.8493249e+03   1.881943e+05   0.000000e+00   2455s
  102842    1.8493808e+03   5.295487e+05   0.000000e+00   2460s
  103082    1.8494933e+03   1.578302e+06   0.000000e+00   2470s
  103202    1.8495520e+03   2.433244e+05   0.000000e+00   2474s
  103322    1.8496096e+03   6.812532e+05   0.000000e+00   2479s
  103452    1.8496594e+03   1.983182e+06   0.000000e+00   2484s
  103562    1.8497101e+03   3.047272e+06   0.000000e+00   2488s
  103682    1.8497545e+03   7.040042e+05   0.000000e+00   2493s
  103802    1.8498143e+03   3.181635e+05   0.000000e+00   2498s
  103922    1.8498687e+03   9.993305e+05   0.000000e+00   2503s
  104052    1.8499247e+03   2.302672e+05   0.000000e+00   2508s
  104172    1.8499944e+03   3.688657e+05   0.000000e+00   2512s
  104292    1.8500757e+03   2.414079e+05   0.000000e+00   2517s
  104412    1.8501464e+03   1.818899e+06   0.000000e+00   2522s
  104532    1.8502162e+03   6.326806e+06   0.000000e+00   2527s
  104652    1.8502447e+03   1.763706e+06   0.000000e+00   2531s
  104772    1.8503002e+03   1.360436e+06   0.000000e+00   2536s
  104892    1.8503470e+03   4.955436e+05   0.000000e+00   2541s
  105012    1.8504043e+03   5.270792e+05   0.000000e+00   2545s
  105262    1.8505015e+03   4.366943e+06   0.000000e+00   2555s
  105382    1.8505633e+03   3.572906e+05   0.000000e+00   2559s
  105502    1.8506242e+03   1.246371e+05   0.000000e+00   2564s
  105622    1.8506747e+03   3.970260e+06   0.000000e+00   2569s
  105742    1.8507322e+03   2.850815e+05   0.000000e+00   2574s
  105862    1.8507888e+03   1.146347e+06   0.000000e+00   2578s
  105982    1.8508587e+03   8.438996e+05   0.000000e+00   2583s
  106102    1.8509233e+03   1.349765e+05   0.000000e+00   2588s
  106222    1.8510028e+03   3.004596e+05   0.000000e+00   2593s
  106342    1.8510797e+03   1.512966e+05   0.000000e+00   2597s
  106462    1.8511386e+03   4.318610e+05   0.000000e+00   2602s
  106582    1.8512006e+03   2.670267e+05   0.000000e+00   2607s
  106702    1.8512679e+03   1.273979e+06   0.000000e+00   2612s
  106832    1.8513102e+03   3.781979e+05   0.000000e+00   2617s
  106952    1.8513640e+03   3.249326e+05   0.000000e+00   2621s
  107082    1.8514173e+03   1.868976e+05   0.000000e+00   2626s
  107202    1.8514936e+03   1.320589e+06   0.000000e+00   2631s
  107322    1.8515642e+03   8.650451e+05   0.000000e+00   2636s
  107442    1.8516353e+03   9.408578e+05   0.000000e+00   2640s
  107562    1.8517233e+03   3.897479e+05   0.000000e+00   2645s
  107802    1.8518901e+03   8.169279e+05   0.000000e+00   2655s
  107922    1.8519621e+03   7.902785e+05   0.000000e+00   2659s
  108052    1.8520213e+03   1.833775e+05   0.000000e+00   2664s
  108172    1.8521184e+03   9.357792e+05   0.000000e+00   2669s
  108292    1.8521849e+03   2.033761e+05   0.000000e+00   2674s
  108412    1.8522499e+03   9.901854e+05   0.000000e+00   2679s
  108532    1.8523031e+03   3.511380e+06   0.000000e+00   2683s
  108662    1.8523750e+03   6.279887e+05   0.000000e+00   2688s
  108782    1.8524595e+03   1.818969e+06   0.000000e+00   2693s
  108902    1.8525320e+03   3.581713e+05   0.000000e+00   2698s
  109022    1.8526035e+03   6.188307e+05   0.000000e+00   2703s
  109142    1.8526477e+03   1.214460e+06   0.000000e+00   2707s
  109262    1.8527039e+03   5.977021e+05   0.000000e+00   2712s
  109382    1.8527622e+03   4.432439e+05   0.000000e+00   2717s
  109502    1.8528235e+03   1.353054e+06   0.000000e+00   2722s
  109622    1.8528737e+03   2.435915e+05   0.000000e+00   2727s
  109742    1.8529304e+03   1.955872e+06   0.000000e+00   2731s
  109862    1.8529885e+03   4.823094e+05   0.000000e+00   2736s
  109982    1.8530530e+03   1.571752e+06   0.000000e+00   2741s
  110102    1.8531183e+03   1.245037e+05   0.000000e+00   2745s
  110222    1.8531760e+03   2.678205e+05   0.000000e+00   2750s
  110342    1.8532558e+03   3.067727e+05   0.000000e+00   2755s
  110592    1.8533709e+03   3.957408e+05   0.000000e+00   2765s
  110712    1.8534307e+03   3.320244e+05   0.000000e+00   2770s
  110832    1.8534840e+03   1.807676e+06   0.000000e+00   2774s
  110962    1.8535302e+03   4.213746e+05   0.000000e+00   2779s
  111082    1.8535791e+03   1.358987e+06   0.000000e+00   2784s
  111202    1.8536361e+03   2.125770e+06   0.000000e+00   2789s
  111322    1.8536842e+03   8.394354e+05   0.000000e+00   2793s
  111442    1.8537381e+03   1.285682e+05   0.000000e+00   2798s
  111562    1.8537982e+03   1.841960e+06   0.000000e+00   2803s
  111682    1.8538710e+03   2.730538e+05   0.000000e+00   2808s
  111802    1.8539433e+03   4.452067e+06   0.000000e+00   2813s
  111922    1.8539945e+03   7.087897e+06   0.000000e+00   2817s
  112052    1.8540526e+03   5.188884e+05   0.000000e+00   2822s
  112172    1.8541129e+03   3.796191e+05   0.000000e+00   2827s
  112292    1.8541706e+03   1.834266e+05   0.000000e+00   2832s
  112412    1.8542269e+03   3.517347e+05   0.000000e+00   2837s
  112532    1.8542925e+03   3.028753e+05   0.000000e+00   2842s
  112652    1.8543497e+03   8.717726e+05   0.000000e+00   2847s
  112772    1.8543910e+03   6.928870e+05   0.000000e+00   2851s
  112892    1.8544473e+03   4.598786e+05   0.000000e+00   2856s
  113012    1.8545157e+03   2.421503e+06   0.000000e+00   2861s
  113132    1.8545592e+03   2.728124e+05   0.000000e+00   2866s
  113252    1.8546130e+03   1.299728e+06   0.000000e+00   2871s
  113372    1.8546777e+03   4.387953e+06   0.000000e+00   2876s
  113492    1.8547382e+03   4.100848e+05   0.000000e+00   2881s
  113612    1.8548058e+03   1.910731e+05   0.000000e+00   2885s
  113732    1.8548547e+03   3.928780e+06   0.000000e+00   2890s
  113852    1.8548923e+03   3.218621e+05   0.000000e+00   2895s
  113972    1.8549435e+03   3.565479e+05   0.000000e+00   2900s
  114202    1.8550575e+03   5.482692e+05   0.000000e+00   2909s
  114322    1.8551198e+03   2.400014e+06   0.000000e+00   2914s
  114442    1.8551772e+03   1.607144e+06   0.000000e+00   2919s
  114562    1.8552445e+03   4.487131e+06   0.000000e+00   2924s
  114682    1.8553002e+03   1.726836e+05   0.000000e+00   2929s
  114802    1.8553839e+03   7.306404e+05   0.000000e+00   2934s
  114922    1.8554379e+03   5.105895e+05   0.000000e+00   2938s
  115042    1.8554943e+03   2.749896e+06   0.000000e+00   2943s
  115162    1.8555550e+03   1.279018e+06   0.000000e+00   2948s
  115282    1.8556315e+03   5.462322e+05   0.000000e+00   2953s
  115402    1.8556832e+03   6.366036e+05   0.000000e+00   2958s
  115522    1.8557468e+03   6.610274e+05   0.000000e+00   2963s
  115642    1.8558007e+03   1.838899e+05   0.000000e+00   2968s
  115762    1.8558649e+03   2.387282e+06   0.000000e+00   2973s
  115892    1.8559303e+03   1.669231e+05   0.000000e+00   2978s
  116002    1.8559965e+03   2.834803e+05   0.000000e+00   2983s
  116122    1.8560586e+03   4.191579e+05   0.000000e+00   2988s
  116242    1.8561230e+03   2.423926e+05   0.000000e+00   2993s
  116362    1.8561645e+03   6.636993e+05   0.000000e+00   2998s
  116482    1.8562165e+03   1.204168e+05   0.000000e+00   3003s
  116602    1.8562842e+03   5.791640e+05   0.000000e+00   3008s
  116722    1.8563536e+03   2.329700e+05   0.000000e+00   3013s
  116842    1.8564093e+03   6.883291e+05   0.000000e+00   3018s
  116962    1.8564532e+03   4.566240e+05   0.000000e+00   3023s
  117082    1.8565147e+03   4.885324e+05   0.000000e+00   3028s
  117202    1.8565673e+03   2.979053e+05   0.000000e+00   3032s
  117322    1.8566100e+03   1.337442e+05   0.000000e+00   3037s
  117432    1.8566600e+03   1.956520e+05   0.000000e+00   3042s
  117552    1.8567295e+03   1.988833e+05   0.000000e+00   3047s
  117672    1.8567833e+03   3.548524e+05   0.000000e+00   3052s
  117792    1.8568262e+03   7.286025e+05   0.000000e+00   3057s
  117912    1.8568975e+03   1.668583e+05   0.000000e+00   3062s
  118032    1.8569549e+03   2.003292e+05   0.000000e+00   3067s
  118152    1.8570141e+03   1.543407e+05   0.000000e+00   3072s
  118272    1.8570686e+03   5.682072e+05   0.000000e+00   3077s
  118392    1.8571097e+03   7.372021e+05   0.000000e+00   3081s
  118512    1.8571665e+03   4.239113e+05   0.000000e+00   3086s
  118632    1.8572120e+03   3.358314e+06   0.000000e+00   3091s
  118752    1.8572512e+03   3.261771e+06   0.000000e+00   3096s
  118872    1.8572992e+03   2.419421e+05   0.000000e+00   3101s
  118992    1.8573452e+03   4.403379e+05   0.000000e+00   3106s
  119112    1.8573998e+03   3.805073e+05   0.000000e+00   3111s
  119232    1.8574500e+03   3.282751e+05   0.000000e+00   3116s
  119352    1.8575018e+03   1.531816e+06   0.000000e+00   3121s
  119472    1.8575420e+03   1.723735e+05   0.000000e+00   3126s
  119582    1.8575988e+03   1.195861e+06   0.000000e+00   3130s
  119812    1.8576914e+03   2.363938e+06   0.000000e+00   3140s
  119922    1.8577340e+03   1.070753e+05   0.000000e+00   3145s
  120042    1.8577810e+03   6.692782e+05   0.000000e+00   3150s
  120162    1.8578243e+03   3.255821e+05   0.000000e+00   3155s
  120272    1.8578691e+03   3.681836e+05   0.000000e+00   3159s
  120392    1.8579076e+03   1.314880e+06   0.000000e+00   3164s
  120512    1.8579451e+03   5.972410e+05   0.000000e+00   3169s
  120632    1.8579888e+03   2.739783e+05   0.000000e+00   3174s
  120752    1.8580359e+03   2.187701e+05   0.000000e+00   3179s
  120872    1.8580770e+03   6.044361e+05   0.000000e+00   3184s
  120992    1.8581194e+03   1.735935e+06   0.000000e+00   3189s
  121112    1.8581746e+03   3.123119e+06   0.000000e+00   3194s
  121232    1.8582093e+03   3.311947e+05   0.000000e+00   3199s
  121342    1.8582627e+03   4.033076e+05   0.000000e+00   3204s
  121462    1.8583161e+03   6.074376e+05   0.000000e+00   3209s
  121582    1.8583719e+03   2.101831e+05   0.000000e+00   3214s
  121702    1.8584240e+03   1.231400e+06   0.000000e+00   3219s
  121822    1.8584833e+03   1.582182e+06   0.000000e+00   3224s
  121942    1.8585416e+03   6.084466e+05   0.000000e+00   3229s
  122052    1.8586018e+03   1.768143e+05   0.000000e+00   3233s
  122172    1.8586792e+03   1.207593e+07   0.000000e+00   3238s
  122292    1.8587206e+03   4.719674e+06   0.000000e+00   3243s
  122402    1.8587782e+03   5.623939e+05   0.000000e+00   3248s
  122522    1.8588268e+03   6.708695e+05   0.000000e+00   3253s
  122642    1.8588662e+03   1.750757e+06   0.000000e+00   3258s
  122752    1.8589124e+03   1.810549e+06   0.000000e+00   3263s
  122872    1.8589466e+03   1.882936e+05   0.000000e+00   3268s
  122982    1.8589862e+03   1.836868e+05   0.000000e+00   3273s
  123092    1.8590427e+03   1.225776e+06   0.000000e+00   3278s
  123212    1.8590905e+03   2.055734e+05   0.000000e+00   3283s
  123332    1.8591401e+03   1.421582e+06   0.000000e+00   3288s
  123452    1.8591779e+03   6.156882e+05   0.000000e+00   3293s
  123572    1.8592261e+03   2.099376e+06   0.000000e+00   3298s
  123682    1.8592936e+03   9.817520e+05   0.000000e+00   3302s
  123792    1.8593311e+03   9.370288e+05   0.000000e+00   3307s
  123912    1.8593940e+03   1.294010e+05   0.000000e+00   3312s
  124032    1.8594354e+03   2.461873e+06   0.000000e+00   3317s
  124152    1.8594699e+03   2.037972e+07   0.000000e+00   3322s
  124272    1.8595153e+03   1.691027e+05   0.000000e+00   3327s
  124392    1.8595575e+03   3.256345e+06   0.000000e+00   3332s
  124512    1.8596128e+03   4.657239e+06   0.000000e+00   3337s
  124632    1.8596585e+03   4.741379e+05   0.000000e+00   3342s
  124752    1.8597073e+03   6.068567e+05   0.000000e+00   3347s
  124862    1.8597659e+03   1.445924e+05   0.000000e+00   3352s
  124972    1.8598199e+03   2.009473e+05   0.000000e+00   3357s
  125092    1.8598769e+03   3.692952e+05   0.000000e+00   3362s
  125212    1.8599260e+03   5.519105e+05   0.000000e+00   3367s
  125332    1.8599850e+03   1.727471e+05   0.000000e+00   3372s
  125452    1.8600380e+03   1.591820e+06   0.000000e+00   3377s
  125572    1.8600931e+03   3.018040e+06   0.000000e+00   3382s
  125692    1.8601300e+03   1.379578e+05   0.000000e+00   3387s
  125802    1.8601855e+03   1.443670e+05   0.000000e+00   3392s
  125922    1.8602271e+03   2.299226e+05   0.000000e+00   3397s
  126032    1.8602660e+03   3.860047e+05   0.000000e+00   3402s
  126142    1.8603115e+03   3.230162e+05   0.000000e+00   3407s
  126252    1.8603698e+03   3.464960e+05   0.000000e+00   3412s
  126372    1.8604323e+03   2.988571e+06   0.000000e+00   3417s
  126492    1.8604829e+03   1.097168e+05   0.000000e+00   3422s
  126612    1.8605449e+03   1.729946e+05   0.000000e+00   3427s
  126732    1.8606053e+03   2.649804e+05   0.000000e+00   3432s
  126842    1.8606563e+03   1.497851e+05   0.000000e+00   3437s
  126962    1.8606965e+03   1.070874e+05   0.000000e+00   3442s
  127072    1.8607574e+03   2.289786e+05   0.000000e+00   3447s
  127192    1.8608074e+03   1.411653e+05   0.000000e+00   3451s
  127302    1.8608674e+03   2.805505e+06   0.000000e+00   3456s
  127422    1.8609303e+03   1.308292e+05   0.000000e+00   3461s
  127532    1.8609884e+03   4.189587e+05   0.000000e+00   3466s
  127652    1.8610356e+03   3.587462e+06   0.000000e+00   3471s
  127772    1.8610857e+03   2.466276e+06   0.000000e+00   3476s
  127892    1.8611333e+03   1.621053e+05   0.000000e+00   3481s
  128012    1.8611744e+03   8.586575e+06   0.000000e+00   3486s
  128132    1.8612394e+03   6.912049e+05   0.000000e+00   3492s
  128252    1.8613006e+03   1.051303e+06   0.000000e+00   3497s
  128372    1.8613559e+03   1.392563e+05   0.000000e+00   3502s
  128482    1.8614107e+03   6.030625e+05   0.000000e+00   3507s
  128602    1.8614519e+03   3.149336e+05   0.000000e+00   3511s
  128722    1.8615148e+03   4.553702e+05   0.000000e+00   3517s
  128842    1.8615743e+03   5.084411e+05   0.000000e+00   3522s
  128962    1.8616469e+03   3.347777e+05   0.000000e+00   3527s
  129082    1.8617054e+03   1.026567e+07   0.000000e+00   3532s
  129202    1.8617417e+03   7.027126e+05   0.000000e+00   3537s
  129322    1.8617839e+03   9.167730e+05   0.000000e+00   3542s
  129442    1.8618309e+03   3.323592e+05   0.000000e+00   3547s
  129562    1.8618890e+03   1.287083e+05   0.000000e+00   3552s
  129682    1.8619354e+03   1.629911e+06   0.000000e+00   3557s
  129802    1.8619792e+03   2.347318e+05   0.000000e+00   3562s
  129922    1.8620260e+03   2.525155e+05   0.000000e+00   3567s
  130032    1.8620877e+03   1.993629e+05   0.000000e+00   3572s
  130152    1.8621435e+03   1.945147e+05   0.000000e+00   3577s
  130272    1.8621933e+03   2.790682e+05   0.000000e+00   3582s
  130392    1.8622483e+03   1.282713e+06   0.000000e+00   3588s
  130512    1.8623028e+03   3.382767e+05   0.000000e+00   3593s
  130622    1.8623568e+03   5.833900e+05   0.000000e+00   3598s
  130732    1.8624015e+03   1.595920e+05   0.000000e+00   3602s
  130842    1.8624441e+03   7.596310e+04   0.000000e+00   3607s
  130952    1.8624882e+03   4.090826e+05   0.000000e+00   3612s
  131072    1.8625332e+03   3.277118e+05   0.000000e+00   3617s
  131192    1.8625911e+03   5.783778e+05   0.000000e+00   3622s
  131312    1.8626208e+03   4.042140e+06   0.000000e+00   3628s
  131432    1.8626630e+03   2.796749e+05   0.000000e+00   3633s
  131552    1.8627216e+03   1.924494e+05   0.000000e+00   3638s
  131672    1.8627754e+03   2.316286e+05   0.000000e+00   3643s
  131792    1.8628145e+03   1.311845e+05   0.000000e+00   3648s
  131902    1.8628635e+03   8.686690e+05   0.000000e+00   3653s
  132012    1.8629118e+03   9.351452e+05   0.000000e+00   3658s
  132132    1.8629633e+03   3.903510e+05   0.000000e+00   3663s
  132242    1.8630121e+03   7.187656e+06   0.000000e+00   3668s
  132362    1.8630632e+03   2.606715e+05   0.000000e+00   3673s
  132482    1.8631103e+03   2.619717e+05   0.000000e+00   3678s
  132592    1.8631388e+03   5.207222e+07   0.000000e+00   3683s
  132712    1.8631790e+03   9.154664e+05   0.000000e+00   3688s
  132822    1.8632200e+03   2.772408e+05   0.000000e+00   3693s
  132932    1.8632687e+03   9.014310e+04   0.000000e+00   3698s
  133042    1.8633210e+03   3.793430e+05   0.000000e+00   3703s
  133162    1.8633659e+03   4.317597e+05   0.000000e+00   3708s
  133272    1.8634104e+03   5.735972e+05   0.000000e+00   3713s
  133392    1.8634601e+03   2.873497e+05   0.000000e+00   3718s
  133512    1.8635026e+03   1.022727e+05   0.000000e+00   3723s
  133632    1.8635415e+03   1.313920e+06   0.000000e+00   3728s
  133752    1.8635917e+03   4.293384e+05   0.000000e+00   3733s
  133872    1.8636436e+03   4.404095e+05   0.000000e+00   3738s
  133992    1.8636946e+03   2.949308e+06   0.000000e+00   3744s
  134112    1.8637357e+03   3.174543e+05   0.000000e+00   3749s
  134232    1.8637896e+03   2.925751e+05   0.000000e+00   3754s
  134352    1.8638368e+03   5.089987e+05   0.000000e+00   3759s
  134462    1.8638785e+03   3.743755e+05   0.000000e+00   3764s
  134582    1.8639253e+03   8.296893e+05   0.000000e+00   3769s
  134702    1.8639671e+03   2.631977e+05   0.000000e+00   3774s
  134822    1.8640121e+03   2.101322e+06   0.000000e+00   3779s
  134942    1.8640406e+03   1.488603e+06   0.000000e+00   3784s
  135062    1.8640840e+03   5.703193e+05   0.000000e+00   3789s
  135182    1.8641440e+03   2.797931e+05   0.000000e+00   3794s
  135302    1.8641998e+03   4.943563e+05   0.000000e+00   3800s
  135422    1.8642612e+03   4.765109e+05   0.000000e+00   3805s
  135542    1.8643015e+03   7.531742e+05   0.000000e+00   3810s
  135662    1.8643654e+03   7.904937e+06   0.000000e+00   3815s
  135782    1.8644205e+03   3.935411e+05   0.000000e+00   3820s
  135902    1.8644773e+03   2.139257e+05   0.000000e+00   3825s
  136132    1.8645626e+03   9.558381e+05   0.000000e+00   3835s
  136242    1.8646058e+03   1.386178e+05   0.000000e+00   3840s
  136352    1.8646608e+03   2.446671e+05   0.000000e+00   3845s
  136472    1.8647169e+03   1.491224e+05   0.000000e+00   3850s
  136592    1.8647473e+03   1.728038e+06   0.000000e+00   3855s
  136712    1.8647857e+03   8.235729e+05   0.000000e+00   3860s
  136832    1.8648300e+03   2.402757e+05   0.000000e+00   3866s
  136952    1.8648786e+03   5.269404e+05   0.000000e+00   3871s
  137072    1.8649157e+03   2.358067e+05   0.000000e+00   3876s
  137182    1.8649583e+03   3.675457e+05   0.000000e+00   3881s
  137302    1.8649994e+03   2.208049e+05   0.000000e+00   3886s
  137422    1.8650317e+03   1.109733e+06   0.000000e+00   3891s
  137542    1.8650757e+03   1.558527e+07   0.000000e+00   3897s
  137662    1.8651199e+03   3.791212e+05   0.000000e+00   3902s
  137782    1.8651604e+03   4.424547e+06   0.000000e+00   3907s
  137902    1.8652072e+03   1.158397e+05   0.000000e+00   3912s
  138012    1.8652568e+03   1.146911e+05   0.000000e+00   3917s
  138122    1.8653077e+03   5.441374e+05   0.000000e+00   3922s
  138232    1.8653568e+03   2.551105e+05   0.000000e+00   3927s
  138352    1.8653992e+03   4.184764e+05   0.000000e+00   3932s
  138462    1.8654495e+03   8.616215e+05   0.000000e+00   3937s
  138582    1.8654969e+03   4.738630e+05   0.000000e+00   3943s
  138692    1.8655657e+03   2.076613e+05   0.000000e+00   3948s
  138802    1.8656247e+03   1.064851e+05   0.000000e+00   3953s
  138922    1.8656763e+03   1.134791e+06   0.000000e+00   3958s
  139032    1.8657212e+03   1.585725e+05   0.000000e+00   3963s
  139142    1.8657709e+03   8.433913e+05   0.000000e+00   3968s
  139262    1.8658108e+03   3.183820e+06   0.000000e+00   3973s
  139372    1.8658547e+03   1.108168e+05   0.000000e+00   3978s
  139482    1.8659007e+03   8.781510e+05   0.000000e+00   3983s
  139602    1.8659404e+03   1.207935e+05   0.000000e+00   3989s
  139712    1.8659864e+03   4.315797e+06   0.000000e+00   3994s
  139832    1.8660145e+03   1.908524e+06   0.000000e+00   3999s
  139942    1.8660455e+03   3.084202e+05   0.000000e+00   4004s
  140052    1.8660799e+03   1.359249e+05   0.000000e+00   4009s
  140162    1.8661261e+03   9.920924e+04   0.000000e+00   4014s
  140272    1.8661784e+03   2.849101e+05   0.000000e+00   4019s
  140382    1.8662242e+03   1.042844e+06   0.000000e+00   4024s
  140502    1.8662625e+03   8.913270e+05   0.000000e+00   4029s
  140622    1.8663111e+03   1.228218e+05   0.000000e+00   4035s
  140732    1.8663563e+03   5.249640e+05   0.000000e+00   4040s
  140852    1.8664114e+03   4.718939e+05   0.000000e+00   4045s
  140962    1.8664568e+03   5.701134e+06   0.000000e+00   4050s
  141082    1.8665115e+03   3.015601e+05   0.000000e+00   4055s
  141192    1.8665561e+03   2.347140e+05   0.000000e+00   4060s
  141312    1.8665993e+03   1.910785e+05   0.000000e+00   4066s
  141422    1.8666371e+03   1.321394e+05   0.000000e+00   4071s
  141532    1.8666746e+03   1.002202e+06   0.000000e+00   4076s
  141652    1.8667144e+03   6.242955e+05   0.000000e+00   4081s
  141762    1.8667823e+03   6.848307e+05   0.000000e+00   4086s
  141872    1.8668350e+03   3.827855e+06   0.000000e+00   4091s
  141992    1.8668782e+03   2.525762e+05   0.000000e+00   4097s
  142102    1.8669350e+03   6.812731e+05   0.000000e+00   4102s
  142212    1.8669770e+03   3.002526e+06   0.000000e+00   4107s
  142332    1.8670224e+03   6.731352e+05   0.000000e+00   4112s
  142442    1.8670713e+03   1.230569e+06   0.000000e+00   4117s
  142552    1.8671150e+03   2.420372e+05   0.000000e+00   4122s
  142662    1.8671675e+03   6.126675e+05   0.000000e+00   4127s
  142772    1.8672149e+03   3.769811e+05   0.000000e+00   4132s
  142892    1.8672564e+03   6.257208e+05   0.000000e+00   4138s
  143002    1.8672941e+03   2.979294e+05   0.000000e+00   4143s
  143112    1.8673345e+03   1.485405e+05   0.000000e+00   4148s
  143222    1.8673738e+03   2.929642e+05   0.000000e+00   4153s
  143332    1.8674147e+03   3.309753e+05   0.000000e+00   4158s
  143452    1.8674639e+03   2.101088e+05   0.000000e+00   4164s
  143572    1.8675119e+03   2.289132e+05   0.000000e+00   4169s
  143682    1.8675519e+03   2.257446e+05   0.000000e+00   4174s
  143792    1.8675907e+03   2.758577e+05   0.000000e+00   4179s
  143902    1.8676248e+03   1.098120e+06   0.000000e+00   4184s
  144022    1.8676640e+03   1.260158e+06   0.000000e+00   4190s
  144142    1.8677036e+03   2.149864e+05   0.000000e+00   4195s
  144252    1.8677541e+03   3.121369e+05   0.000000e+00   4200s
  144362    1.8677937e+03   3.186441e+05   0.000000e+00   4206s
  144482    1.8678491e+03   2.909958e+05   0.000000e+00   4211s
  144602    1.8678970e+03   2.656031e+05   0.000000e+00   4216s
  144712    1.8679398e+03   1.272624e+06   0.000000e+00   4222s
  144832    1.8679743e+03   3.072278e+05   0.000000e+00   4227s
  144942    1.8680211e+03   3.892687e+05   0.000000e+00   4232s
  145052    1.8680630e+03   2.387952e+05   0.000000e+00   4237s
  145162    1.8681126e+03   1.809172e+05   0.000000e+00   4243s
  145272    1.8681603e+03   3.706119e+05   0.000000e+00   4248s
  145382    1.8682022e+03   3.170885e+05   0.000000e+00   4253s
  145492    1.8682459e+03   5.020800e+05   0.000000e+00   4258s
  145602    1.8682715e+03   1.051952e+06   0.000000e+00   4263s
  145712    1.8683179e+03   1.947285e+05   0.000000e+00   4269s
  145832    1.8683580e+03   2.744510e+05   0.000000e+00   4274s
  145942    1.8684145e+03   9.231727e+04   0.000000e+00   4280s
  146052    1.8684700e+03   3.329820e+05   0.000000e+00   4285s
  146162    1.8685130e+03   2.815056e+05   0.000000e+00   4290s
  146272    1.8685553e+03   2.201657e+06   0.000000e+00   4295s
  146382    1.8685980e+03   2.184149e+05   0.000000e+00   4300s
  146492    1.8686252e+03   2.791901e+05   0.000000e+00   4306s
  146602    1.8686691e+03   1.662186e+06   0.000000e+00   4311s
  146722    1.8687093e+03   2.631797e+06   0.000000e+00   4316s
  146842    1.8687444e+03   2.007329e+05   0.000000e+00   4322s
  146952    1.8687853e+03   5.373315e+05   0.000000e+00   4328s
  147062    1.8688177e+03   1.908558e+07   0.000000e+00   4333s
  147182    1.8688525e+03   3.103460e+06   0.000000e+00   4338s
  147292    1.8688898e+03   9.956479e+05   0.000000e+00   4343s
  147402    1.8689343e+03   2.054578e+05   0.000000e+00   4349s
  147522    1.8689740e+03   7.104805e+05   0.000000e+00   4354s
  147632    1.8690295e+03   2.258344e+05   0.000000e+00   4359s
  147752    1.8690795e+03   1.840957e+05   0.000000e+00   4365s
  147862    1.8691259e+03   4.294669e+05   0.000000e+00   4370s
  147982    1.8691709e+03   1.324295e+05   0.000000e+00   4375s
  148102    1.8692241e+03   3.208611e+06   0.000000e+00   4381s
  148212    1.8692816e+03   5.602265e+05   0.000000e+00   4386s
  148322    1.8693302e+03   2.398463e+05   0.000000e+00   4391s
  148432    1.8693893e+03   2.013040e+05   0.000000e+00   4396s
  148552    1.8694360e+03   6.275535e+05   0.000000e+00   4402s
  148662    1.8694966e+03   2.219471e+05   0.000000e+00   4407s
  148772    1.8695508e+03   1.831071e+05   0.000000e+00   4412s
  148892    1.8696082e+03   1.945128e+06   0.000000e+00   4417s
  149002    1.8696394e+03   1.456749e+05   0.000000e+00   4422s
  149112    1.8696737e+03   5.136930e+05   0.000000e+00   4427s
  149222    1.8697049e+03   1.030024e+06   0.000000e+00   4433s
  149332    1.8697398e+03   9.796743e+05   0.000000e+00   4438s
  149442    1.8697941e+03   1.204658e+06   0.000000e+00   4443s
  149552    1.8698334e+03   2.065800e+06   0.000000e+00   4448s
  149662    1.8698810e+03   2.087638e+05   0.000000e+00   4453s
  149772    1.8699203e+03   2.634851e+06   0.000000e+00   4458s
  149882    1.8699770e+03   3.067074e+05   0.000000e+00   4463s
  150002    1.8700235e+03   1.915887e+05   0.000000e+00   4469s
  150122    1.8700787e+03   9.539714e+05   0.000000e+00   4474s
  150242    1.8701207e+03   1.636301e+05   0.000000e+00   4480s
  150352    1.8701605e+03   4.047400e+05   0.000000e+00   4485s
  150462    1.8701975e+03   3.250085e+05   0.000000e+00   4490s
  150572    1.8702364e+03   6.022939e+05   0.000000e+00   4495s
  150682    1.8702686e+03   9.951391e+05   0.000000e+00   4501s
  150792    1.8703176e+03   1.306083e+06   0.000000e+00   4506s
  150902    1.8703556e+03   1.858000e+05   0.000000e+00   4511s
  151022    1.8703994e+03   9.816524e+05   0.000000e+00   4517s
  151132    1.8704364e+03   1.598327e+05   0.000000e+00   4522s
  151252    1.8704737e+03   3.774637e+05   0.000000e+00   4528s
  151362    1.8705101e+03   3.446225e+05   0.000000e+00   4533s
  151482    1.8705498e+03   1.746642e+06   0.000000e+00   4538s
  151602    1.8705848e+03   1.390192e+05   0.000000e+00   4544s
  151722    1.8706315e+03   2.144490e+05   0.000000e+00   4550s
  151842    1.8706824e+03   7.285173e+05   0.000000e+00   4555s
  151952    1.8707302e+03   6.719225e+05   0.000000e+00   4560s
  152062    1.8707919e+03   8.552942e+05   0.000000e+00   4565s
  152172    1.8708316e+03   5.045788e+05   0.000000e+00   4571s
  152292    1.8708651e+03   8.776813e+05   0.000000e+00   4576s
  152402    1.8709020e+03   2.545193e+05   0.000000e+00   4581s
  152512    1.8709393e+03   1.316564e+06   0.000000e+00   4586s
  152622    1.8709756e+03   2.286732e+05   0.000000e+00   4591s
  152742    1.8710159e+03   3.322978e+05   0.000000e+00   4597s
  152852    1.8710445e+03   1.363942e+05   0.000000e+00   4602s
  152962    1.8710815e+03   2.439322e+06   0.000000e+00   4607s
  153072    1.8711060e+03   1.613036e+05   0.000000e+00   4612s
  153182    1.8711490e+03   1.587945e+05   0.000000e+00   4617s
  153292    1.8711853e+03   2.008902e+05   0.000000e+00   4622s
  153402    1.8712236e+03   5.524054e+05   0.000000e+00   4628s
  153512    1.8712601e+03   2.521434e+05   0.000000e+00   4633s
  153622    1.8712879e+03   1.233576e+06   0.000000e+00   4638s
  153742    1.8713196e+03   2.205804e+05   0.000000e+00   4643s
  153852    1.8713635e+03   1.821636e+06   0.000000e+00   4648s
  153962    1.8713981e+03   6.462986e+05   0.000000e+00   4654s
  154082    1.8714319e+03   6.289389e+05   0.000000e+00   4659s
  154192    1.8714851e+03   3.599578e+05   0.000000e+00   4664s
  154312    1.8715281e+03   1.160006e+05   0.000000e+00   4669s
  154422    1.8715635e+03   8.159344e+05   0.000000e+00   4674s
  154542    1.8716062e+03   7.389510e+05   0.000000e+00   4679s
  154662    1.8716467e+03   1.017517e+06   0.000000e+00   4685s
  154782    1.8716812e+03   1.954107e+05   0.000000e+00   4690s
  154902    1.8717137e+03   5.194904e+05   0.000000e+00   4696s
  155012    1.8717403e+03   2.261839e+05   0.000000e+00   4701s
  155132    1.8717767e+03   9.294633e+05   0.000000e+00   4706s
  155242    1.8718171e+03   4.140588e+05   0.000000e+00   4711s
  155352    1.8718484e+03   3.609361e+06   0.000000e+00   4716s
  155472    1.8718850e+03   5.849691e+05   0.000000e+00   4722s
  155582    1.8719261e+03   1.346530e+06   0.000000e+00   4727s
  155692    1.8719655e+03   8.363293e+05   0.000000e+00   4732s
  155802    1.8720086e+03   2.907020e+05   0.000000e+00   4737s
  155922    1.8720382e+03   1.825409e+05   0.000000e+00   4742s
  156032    1.8720882e+03   2.487062e+05   0.000000e+00   4748s
  156142    1.8721249e+03   1.989030e+05   0.000000e+00   4753s
  156252    1.8721674e+03   1.325166e+06   0.000000e+00   4758s
  156362    1.8722065e+03   2.262739e+06   0.000000e+00   4763s
  156492    1.8722434e+03   2.901225e+05   0.000000e+00   4769s
  156612    1.8723004e+03   2.096974e+05   0.000000e+00   4774s
  156722    1.8723447e+03   8.204899e+05   0.000000e+00   4779s
  156832    1.8723892e+03   4.642712e+05   0.000000e+00   4784s
  156942    1.8724231e+03   1.229199e+05   0.000000e+00   4789s
  157052    1.8724608e+03   3.570771e+05   0.000000e+00   4795s
  157162    1.8724929e+03   3.712128e+06   0.000000e+00   4800s
  157272    1.8725327e+03   4.806649e+05   0.000000e+00   4805s
  157392    1.8725765e+03   1.911628e+06   0.000000e+00   4811s
  157512    1.8726107e+03   2.067304e+06   0.000000e+00   4816s
  157632    1.8726351e+03   9.506180e+05   0.000000e+00   4822s
  157752    1.8726706e+03   2.462701e+05   0.000000e+00   4827s
  157872    1.8727116e+03   2.403740e+05   0.000000e+00   4832s
  157992    1.8727533e+03   2.732128e+05   0.000000e+00   4838s
  158112    1.8727974e+03   8.122145e+05   0.000000e+00   4844s
  158232    1.8728256e+03   1.750754e+06   0.000000e+00   4849s
  158342    1.8728555e+03   7.949623e+06   0.000000e+00   4854s
  158462    1.8728881e+03   4.143212e+06   0.000000e+00   4859s
  158582    1.8729192e+03   2.202663e+05   0.000000e+00   4865s
  158692    1.8729507e+03   2.452980e+05   0.000000e+00   4870s
  158802    1.8729814e+03   2.681498e+06   0.000000e+00   4875s
  158922    1.8730146e+03   3.714664e+05   0.000000e+00   4881s
  159042    1.8730589e+03   1.009708e+05   0.000000e+00   4887s
  159162    1.8731006e+03   1.350734e+06   0.000000e+00   4892s
  159272    1.8731393e+03   1.396535e+05   0.000000e+00   4898s
  159382    1.8731790e+03   4.323962e+05   0.000000e+00   4903s
  159502    1.8732132e+03   1.230078e+05   0.000000e+00   4908s
  159612    1.8732549e+03   6.487840e+05   0.000000e+00   4914s
  159722    1.8732862e+03   2.976710e+05   0.000000e+00   4919s
  159832    1.8733255e+03   3.490541e+05   0.000000e+00   4924s
  159942    1.8733636e+03   6.321686e+05   0.000000e+00   4929s
  160052    1.8733980e+03   1.557705e+05   0.000000e+00   4934s
  160162    1.8734313e+03   1.425893e+06   0.000000e+00   4939s
  160282    1.8734746e+03   9.949817e+05   0.000000e+00   4945s
  160392    1.8735167e+03   3.978182e+05   0.000000e+00   4950s
  160502    1.8735603e+03   5.489168e+05   0.000000e+00   4955s
  160612    1.8735853e+03   4.897547e+05   0.000000e+00   4960s
  160722    1.8736161e+03   1.948468e+05   0.000000e+00   4965s
  160842    1.8736610e+03   3.676621e+05   0.000000e+00   4971s
  160952    1.8737002e+03   2.290241e+06   0.000000e+00   4976s
  161062    1.8737334e+03   2.748600e+06   0.000000e+00   4981s
  161172    1.8737776e+03   1.108917e+05   0.000000e+00   4986s
  161282    1.8738082e+03   8.939958e+05   0.000000e+00   4991s
  161392    1.8738520e+03   1.607576e+05   0.000000e+00   4996s
  161512    1.8738943e+03   1.636092e+05   0.000000e+00   5002s
  161632    1.8739292e+03   3.222616e+06   0.000000e+00   5007s
  161752    1.8739558e+03   2.496487e+06   0.000000e+00   5013s
  161872    1.8739909e+03   2.898340e+05   0.000000e+00   5018s
  161992    1.8740253e+03   1.073415e+06   0.000000e+00   5024s
  162112    1.8740635e+03   1.759806e+06   0.000000e+00   5029s
  162222    1.8740891e+03   1.582639e+05   0.000000e+00   5034s
  162332    1.8741279e+03   2.197599e+05   0.000000e+00   5039s
  162442    1.8741634e+03   1.175322e+06   0.000000e+00   5045s
  162562    1.8742078e+03   6.852695e+05   0.000000e+00   5050s
  162682    1.8742433e+03   1.716351e+05   0.000000e+00   5056s
  162802    1.8742790e+03   1.880935e+06   0.000000e+00   5061s
  162922    1.8743160e+03   1.985290e+05   0.000000e+00   5067s
  163042    1.8743423e+03   1.601760e+05   0.000000e+00   5072s
  163172    1.8743856e+03   9.411552e+05   0.000000e+00   5078s
  163292    1.8744192e+03   2.696754e+05   0.000000e+00   5084s
  163402    1.8744705e+03   2.777323e+05   0.000000e+00   5089s
  163512    1.8745120e+03   1.268859e+06   0.000000e+00   5094s
  163632    1.8745386e+03   9.801986e+04   0.000000e+00   5100s
  163752    1.8745667e+03   3.227770e+05   0.000000e+00   5106s
  163862    1.8746025e+03   1.537559e+05   0.000000e+00   5111s
  163982    1.8746372e+03   1.507127e+05   0.000000e+00   5116s
  164092    1.8746763e+03   1.020635e+06   0.000000e+00   5122s
  164202    1.8747186e+03   4.401819e+05   0.000000e+00   5127s
  164312    1.8747524e+03   2.711803e+05   0.000000e+00   5132s
  164432    1.8747835e+03   1.779386e+05   0.000000e+00   5138s
  164542    1.8748220e+03   4.661772e+05   0.000000e+00   5143s
  164652    1.8748566e+03   1.736985e+05   0.000000e+00   5148s
  164762    1.8748866e+03   2.747371e+05   0.000000e+00   5154s
  164872    1.8749135e+03   2.382257e+05   0.000000e+00   5159s
  164982    1.8749445e+03   6.918688e+05   0.000000e+00   5164s
  165092    1.8749733e+03   4.380855e+05   0.000000e+00   5169s
  165202    1.8750102e+03   4.825695e+05   0.000000e+00   5174s
  165312    1.8750404e+03   8.116565e+05   0.000000e+00   5179s
  165422    1.8750607e+03   5.113136e+05   0.000000e+00   5185s
  165552    1.8750975e+03   4.405816e+05   0.000000e+00   5191s
  165672    1.8751220e+03   1.822405e+06   0.000000e+00   5196s
  165792    1.8751457e+03   4.440330e+05   0.000000e+00   5202s
  165902    1.8751727e+03   3.038450e+06   0.000000e+00   5207s
  166012    1.8752178e+03   2.306442e+05   0.000000e+00   5212s
  166122    1.8752577e+03   1.099317e+05   0.000000e+00   5217s
  166232    1.8752906e+03   9.274276e+05   0.000000e+00   5223s
  166342    1.8753313e+03   1.546471e+05   0.000000e+00   5228s
  166462    1.8753814e+03   3.097577e+05   0.000000e+00   5234s
  166582    1.8754204e+03   2.845346e+05   0.000000e+00   5239s
  166702    1.8754560e+03   1.263333e+05   0.000000e+00   5245s
  166812    1.8754854e+03   4.961402e+05   0.000000e+00   5250s
  166922    1.8755226e+03   2.444646e+05   0.000000e+00   5256s
  167032    1.8755561e+03   1.824480e+06   0.000000e+00   5261s
  167152    1.8755888e+03   3.407040e+05   0.000000e+00   5266s
  167262    1.8756082e+03   1.053171e+06   0.000000e+00   5272s
  167372    1.8756310e+03   5.057573e+06   0.000000e+00   5277s
  167482    1.8756562e+03   9.453610e+05   0.000000e+00   5282s
  167602    1.8756959e+03   8.934322e+05   0.000000e+00   5288s
  167722    1.8757366e+03   3.185097e+06   0.000000e+00   5293s
  167842    1.8757666e+03   1.360747e+05   0.000000e+00   5299s
  167952    1.8757982e+03   1.984425e+05   0.000000e+00   5304s
  168072    1.8758428e+03   1.256758e+07   0.000000e+00   5310s
  168192    1.8758634e+03   1.649505e+06   0.000000e+00   5315s
  168312    1.8758923e+03   1.870284e+05   0.000000e+00   5321s
  168432    1.8759225e+03   2.460426e+05   0.000000e+00   5326s
  168542    1.8759546e+03   8.626133e+05   0.000000e+00   5332s
  168652    1.8759871e+03   2.942439e+05   0.000000e+00   5337s
  168772    1.8760328e+03   2.123208e+05   0.000000e+00   5343s
  168882    1.8760701e+03   3.164919e+05   0.000000e+00   5348s
  168992    1.8761008e+03   8.859703e+05   0.000000e+00   5353s
  169102    1.8761296e+03   2.383033e+05   0.000000e+00   5359s
  169212    1.8761757e+03   1.056318e+05   0.000000e+00   5364s
  169332    1.8762075e+03   1.580969e+05   0.000000e+00   5369s
  169452    1.8762517e+03   1.993372e+05   0.000000e+00   5375s
  169572    1.8762742e+03   2.786823e+05   0.000000e+00   5381s
  169692    1.8763089e+03   1.113851e+06   0.000000e+00   5386s
  169802    1.8763420e+03   2.632376e+06   0.000000e+00   5392s
  169922    1.8763857e+03   1.061983e+05   0.000000e+00   5398s
  170042    1.8764185e+03   4.215469e+05   0.000000e+00   5403s
  170162    1.8764559e+03   1.256417e+06   0.000000e+00   5409s
  170272    1.8764862e+03   2.159709e+06   0.000000e+00   5414s
  170382    1.8765251e+03   2.229419e+05   0.000000e+00   5419s
  170492    1.8765716e+03   1.605759e+06   0.000000e+00   5424s
  170602    1.8766043e+03   6.144875e+05   0.000000e+00   5430s
  170712    1.8766391e+03   2.939893e+06   0.000000e+00   5435s
  170822    1.8766777e+03   3.190051e+05   0.000000e+00   5440s
  170942    1.8767146e+03   2.888515e+05   0.000000e+00   5446s
  171062    1.8767435e+03   3.023934e+05   0.000000e+00   5452s
  171172    1.8767705e+03   9.621966e+06   0.000000e+00   5457s
  171282    1.8768006e+03   1.370652e+06   0.000000e+00   5462s
  171392    1.8768291e+03   5.347581e+05   0.000000e+00   5468s
  171502    1.8768566e+03   7.430482e+05   0.000000e+00   5473s
  171622    1.8768822e+03   1.023228e+05   0.000000e+00   5479s
  171742    1.8769161e+03   1.328144e+06   0.000000e+00   5485s
  171852    1.8769544e+03   1.665942e+05   0.000000e+00   5490s
  171962    1.8769890e+03   1.705783e+06   0.000000e+00   5495s
  172082    1.8770195e+03   2.175313e+05   0.000000e+00   5501s
  172202    1.8770594e+03   1.408143e+06   0.000000e+00   5507s
  172322    1.8770983e+03   3.104811e+05   0.000000e+00   5513s
  172442    1.8771240e+03   3.701117e+05   0.000000e+00   5518s
  172562    1.8771613e+03   9.589559e+04   0.000000e+00   5524s
  172692    1.8771960e+03   1.245968e+05   0.000000e+00   5531s
  172822    1.8772390e+03   1.321020e+06   0.000000e+00   5537s
  172952    1.8772818e+03   6.151531e+05   0.000000e+00   5543s
  173072    1.8773250e+03   4.079769e+05   0.000000e+00   5549s
  173202    1.8773602e+03   8.075710e+05   0.000000e+00   5555s
  173322    1.8774154e+03   2.734615e+05   0.000000e+00   5561s
  173432    1.8774424e+03   7.549550e+06   0.000000e+00   5566s
  173542    1.8774688e+03   1.819324e+06   0.000000e+00   5572s
  173652    1.8775058e+03   1.804896e+05   0.000000e+00   5577s
  173772    1.8775442e+03   1.161825e+06   0.000000e+00   5583s
  173892    1.8775671e+03   7.341927e+05   0.000000e+00   5589s
  174022    1.8775985e+03   1.739673e+05   0.000000e+00   5595s
  174152    1.8776522e+03   3.623334e+05   0.000000e+00   5602s
  174272    1.8776950e+03   8.620569e+05   0.000000e+00   5608s
  174392    1.8777394e+03   2.608001e+05   0.000000e+00   5614s
  174512    1.8777849e+03   5.936024e+05   0.000000e+00   5620s
  174622    1.8778317e+03   2.229688e+05   0.000000e+00   5625s
  174742    1.8778704e+03   1.338295e+06   0.000000e+00   5631s
  174872    1.8779080e+03   8.291441e+05   0.000000e+00   5638s
  174992    1.8779351e+03   3.301087e+06   0.000000e+00   5644s
  175112    1.8779632e+03   2.601998e+05   0.000000e+00   5650s
  175232    1.8779993e+03   1.715455e+05   0.000000e+00   5656s
  175362    1.8780262e+03   5.023938e+05   0.000000e+00   5662s
  175492    1.8780620e+03   4.191608e+05   0.000000e+00   5668s
  175622    1.8781046e+03   7.446826e+05   0.000000e+00   5675s
  175752    1.8781381e+03   4.121316e+05   0.000000e+00   5681s
  175882    1.8781680e+03   3.163358e+05   0.000000e+00   5688s
  176012    1.8782085e+03   1.864821e+05   0.000000e+00   5694s
  176132    1.8782570e+03   1.118227e+06   0.000000e+00   5700s
  176252    1.8782929e+03   3.295154e+05   0.000000e+00   5706s
  176382    1.8783300e+03   1.511332e+05   0.000000e+00   5712s
  176502    1.8783698e+03   3.633270e+05   0.000000e+00   5718s
  176612    1.8783950e+03   3.428632e+06   0.000000e+00   5724s
  176732    1.8784364e+03   2.969550e+05   0.000000e+00   5730s
  176842    1.8784692e+03   1.459947e+05   0.000000e+00   5735s
  176952    1.8784982e+03   1.280565e+06   0.000000e+00   5741s
  177062    1.8785217e+03   4.174939e+05   0.000000e+00   5746s
  177172    1.8785625e+03   1.638278e+06   0.000000e+00   5752s
  177292    1.8785945e+03   5.297403e+05   0.000000e+00   5758s
  177412    1.8786374e+03   1.921219e+05   0.000000e+00   5764s
  177542    1.8786744e+03   3.051609e+05   0.000000e+00   5771s
  177672    1.8787116e+03   2.381253e+05   0.000000e+00   5777s
  177792    1.8787548e+03   6.165735e+05   0.000000e+00   5783s
  177912    1.8787951e+03   9.776011e+05   0.000000e+00   5789s
  178032    1.8788307e+03   1.495859e+05   0.000000e+00   5795s
  178152    1.8788648e+03   4.748391e+05   0.000000e+00   5801s
  178282    1.8788868e+03   9.478029e+04   0.000000e+00   5807s
  178402    1.8789137e+03   2.848292e+05   0.000000e+00   5813s
  178532    1.8789444e+03   9.631095e+05   0.000000e+00   5819s
  178652    1.8789762e+03   2.460137e+05   0.000000e+00   5825s
  178772    1.8790019e+03   2.952643e+05   0.000000e+00   5831s
  178892    1.8790233e+03   1.914131e+05   0.000000e+00   5837s
  179022    1.8790542e+03   2.187789e+05   0.000000e+00   5843s
  179142    1.8790791e+03   7.154221e+05   0.000000e+00   5849s
  179262    1.8791100e+03   1.440439e+05   0.000000e+00   5855s
  179372    1.8791400e+03   1.955062e+05   0.000000e+00   5860s
  179492    1.8791768e+03   5.012168e+05   0.000000e+00   5866s
  179602    1.8792116e+03   2.699435e+07   0.000000e+00   5872s
  179722    1.8792382e+03   3.221598e+05   0.000000e+00   5877s
  179842    1.8792771e+03   1.040166e+06   0.000000e+00   5883s
  179962    1.8793015e+03   4.506357e+05   0.000000e+00   5889s
  180082    1.8793440e+03   1.279350e+05   0.000000e+00   5895s
  180202    1.8793799e+03   1.331738e+05   0.000000e+00   5901s
  180322    1.8794247e+03   1.056201e+06   0.000000e+00   5907s
  180432    1.8794695e+03   1.292279e+06   0.000000e+00   5912s
  180552    1.8795166e+03   4.280929e+05   0.000000e+00   5918s
  180662    1.8795571e+03   1.755883e+06   0.000000e+00   5923s
  180772    1.8795927e+03   5.766018e+05   0.000000e+00   5929s
  180882    1.8796160e+03   1.902967e+06   0.000000e+00   5934s
  180992    1.8796385e+03   2.430359e+05   0.000000e+00   5940s
  181102    1.8796675e+03   1.817853e+05   0.000000e+00   5945s
  181212    1.8796976e+03   2.648769e+07   0.000000e+00   5950s
  181332    1.8797359e+03   2.993682e+05   0.000000e+00   5956s
  181442    1.8797754e+03   3.323256e+05   0.000000e+00   5961s
  181562    1.8798070e+03   2.441629e+05   0.000000e+00   5967s
  181692    1.8798395e+03   2.054318e+05   0.000000e+00   5973s
  181812    1.8798757e+03   4.581332e+05   0.000000e+00   5979s
  181922    1.8799042e+03   2.597985e+05   0.000000e+00   5985s
  182032    1.8799404e+03   2.485705e+05   0.000000e+00   5990s
  182142    1.8799647e+03   1.145021e+06   0.000000e+00   5996s
  182252    1.8799938e+03   1.628664e+05   0.000000e+00   6001s
  182372    1.8800215e+03   7.923598e+05   0.000000e+00   6007s
  182502    1.8800657e+03   1.429815e+05   0.000000e+00   6013s
  182622    1.8800937e+03   6.136546e+05   0.000000e+00   6018s
  182752    1.8801321e+03   1.096100e+07   0.000000e+00   6024s
  182882    1.8801626e+03   4.937423e+05   0.000000e+00   6031s
  183002    1.8801940e+03   6.770235e+05   0.000000e+00   6036s
  183112    1.8802246e+03   7.228268e+05   0.000000e+00   6042s
  183222    1.8802545e+03   6.716787e+05   0.000000e+00   6047s
  183332    1.8802833e+03   2.305033e+05   0.000000e+00   6053s
  183442    1.8803184e+03   3.929045e+05   0.000000e+00   6058s
  183552    1.8803467e+03   1.823751e+05   0.000000e+00   6063s
  183662    1.8803727e+03   6.090957e+05   0.000000e+00   6069s
  183782    1.8804095e+03   8.907471e+04   0.000000e+00   6075s
  183892    1.8804340e+03   6.100736e+05   0.000000e+00   6080s
  184012    1.8804579e+03   8.927655e+04   0.000000e+00   6085s
  184132    1.8804869e+03   3.366582e+06   0.000000e+00   6091s
  184252    1.8805156e+03   4.352424e+05   0.000000e+00   6097s
  184382    1.8805399e+03   7.914762e+05   0.000000e+00   6103s
  184492    1.8805644e+03   3.950642e+05   0.000000e+00   6108s
  184602    1.8805839e+03   1.629854e+06   0.000000e+00   6114s
  184722    1.8806168e+03   5.722481e+05   0.000000e+00   6119s
  184842    1.8806546e+03   1.673367e+05   0.000000e+00   6125s
  184962    1.8806875e+03   3.625072e+05   0.000000e+00   6131s
  185092    1.8807214e+03   3.944432e+05   0.000000e+00   6137s
  185222    1.8807651e+03   3.899967e+05   0.000000e+00   6144s
  185342    1.8808117e+03   9.183095e+05   0.000000e+00   6150s
  185472    1.8808410e+03   1.594346e+05   0.000000e+00   6156s
  185602    1.8808734e+03   1.369926e+05   0.000000e+00   6162s
  185732    1.8809037e+03   2.883198e+05   0.000000e+00   6168s
  185852    1.8809374e+03   1.203071e+05   0.000000e+00   6174s
  185962    1.8809666e+03   2.939304e+05   0.000000e+00   6180s
  186072    1.8809919e+03   5.396594e+05   0.000000e+00   6185s
  186192    1.8810215e+03   2.157452e+05   0.000000e+00   6191s
  186312    1.8810629e+03   6.603221e+05   0.000000e+00   6196s
  186432    1.8810909e+03   1.476345e+05   0.000000e+00   6202s
  186542    1.8811195e+03   3.023481e+05   0.000000e+00   6208s
  186652    1.8811466e+03   2.786660e+05   0.000000e+00   6213s
  186772    1.8811877e+03   8.968220e+05   0.000000e+00   6219s
  186892    1.8812124e+03   2.555498e+05   0.000000e+00   6224s
  187002    1.8812481e+03   9.519623e+04   0.000000e+00   6230s
  187122    1.8812823e+03   7.035818e+05   0.000000e+00   6236s
  187242    1.8813123e+03   4.318577e+05   0.000000e+00   6241s
  187352    1.8813459e+03   5.613495e+05   0.000000e+00   6247s
  187472    1.8813806e+03   4.223830e+05   0.000000e+00   6253s
  187582    1.8814087e+03   3.078879e+05   0.000000e+00   6258s
  187712    1.8814450e+03   3.393907e+05   0.000000e+00   6264s
  187842    1.8814824e+03   4.217662e+05   0.000000e+00   6270s
  187962    1.8815146e+03   3.831877e+05   0.000000e+00   6276s
  188082    1.8815548e+03   9.438940e+04   0.000000e+00   6282s
  188212    1.8815912e+03   1.867507e+05   0.000000e+00   6288s
  188332    1.8816132e+03   1.170773e+05   0.000000e+00   6294s
  188452    1.8816570e+03   3.556149e+05   0.000000e+00   6300s
  188572    1.8816948e+03   6.261488e+05   0.000000e+00   6305s
  188682    1.8817184e+03   1.896523e+05   0.000000e+00   6311s
  188792    1.8817442e+03   5.526007e+05   0.000000e+00   6316s
  188902    1.8817654e+03   1.403622e+06   0.000000e+00   6321s
  189012    1.8817938e+03   6.544412e+05   0.000000e+00   6327s
  189122    1.8818164e+03   9.427245e+04   0.000000e+00   6332s
  189232    1.8818459e+03   4.690324e+05   0.000000e+00   6338s
  189342    1.8818671e+03   8.343375e+04   0.000000e+00   6343s
  189452    1.8818935e+03   5.689152e+05   0.000000e+00   6348s
  189572    1.8819292e+03   2.973702e+05   0.000000e+00   6354s
  189682    1.8819599e+03   1.924138e+05   0.000000e+00   6359s
  189802    1.8819958e+03   3.031134e+05   0.000000e+00   6365s
  189922    1.8820282e+03   2.092445e+05   0.000000e+00   6371s
  190032    1.8820586e+03   4.602703e+05   0.000000e+00   6376s
  190142    1.8820778e+03   1.017639e+06   0.000000e+00   6382s
  190252    1.8821077e+03   9.783456e+05   0.000000e+00   6387s
  190362    1.8821285e+03   1.637840e+05   0.000000e+00   6392s
  190482    1.8821663e+03   2.976085e+05   0.000000e+00   6398s
  190602    1.8821892e+03   1.143914e+06   0.000000e+00   6404s
  190712    1.8822157e+03   2.280893e+06   0.000000e+00   6410s
  190822    1.8822380e+03   2.991123e+06   0.000000e+00   6415s
  190932    1.8822610e+03   4.549719e+05   0.000000e+00   6420s
  191052    1.8823006e+03   1.174112e+05   0.000000e+00   6426s
  191162    1.8823352e+03   2.745176e+05   0.000000e+00   6431s
  191282    1.8823659e+03   2.576721e+05   0.000000e+00   6437s
  191402    1.8823898e+03   3.379310e+05   0.000000e+00   6443s
  191512    1.8824207e+03   3.817937e+05   0.000000e+00   6449s
  191632    1.8824471e+03   1.076911e+05   0.000000e+00   6454s
  191762    1.8824716e+03   1.509463e+05   0.000000e+00   6460s
  191882    1.8824965e+03   6.091317e+05   0.000000e+00   6466s
  191992    1.8825195e+03   2.979765e+05   0.000000e+00   6471s
  192102    1.8825383e+03   5.860655e+05   0.000000e+00   6477s
  192222    1.8825624e+03   2.737727e+05   0.000000e+00   6483s
  192342    1.8825879e+03   2.718781e+05   0.000000e+00   6489s
  192462    1.8826213e+03   9.960446e+05   0.000000e+00   6494s
  192582    1.8826568e+03   3.743805e+05   0.000000e+00   6500s
  192702    1.8826889e+03   1.192867e+06   0.000000e+00   6506s
  192832    1.8827129e+03   3.255284e+05   0.000000e+00   6512s
  192962    1.8827448e+03   3.767317e+07   0.000000e+00   6518s
  193082    1.8827656e+03   1.337124e+06   0.000000e+00   6524s
  193212    1.8827906e+03   1.766979e+05   0.000000e+00   6530s
  193342    1.8828212e+03   1.926319e+05   0.000000e+00   6536s
  193472    1.8828548e+03   9.001337e+04   0.000000e+00   6542s
  193602    1.8828798e+03   1.886574e+06   0.000000e+00   6548s
  193722    1.8829033e+03   6.235390e+05   0.000000e+00   6554s
  193842    1.8829216e+03   2.776042e+05   0.000000e+00   6560s
  193962    1.8829467e+03   1.635830e+05   0.000000e+00   6566s
  194082    1.8829665e+03   9.281114e+04   0.000000e+00   6571s
  194192    1.8829923e+03   2.034481e+05   0.000000e+00   6577s
  194302    1.8830073e+03   3.952243e+05   0.000000e+00   6582s
  194422    1.8830315e+03   4.297719e+05   0.000000e+00   6588s
  194532    1.8830542e+03   6.354163e+05   0.000000e+00   6594s
  194652    1.8830808e+03   5.116780e+05   0.000000e+00   6600s
  194782    1.8831050e+03   1.423011e+05   0.000000e+00   6606s
  194902    1.8831271e+03   2.690205e+05   0.000000e+00   6611s
  195022    1.8831529e+03   1.335636e+05   0.000000e+00   6617s
  195132    1.8831816e+03   2.738392e+05   0.000000e+00   6623s
  195252    1.8832015e+03   1.173977e+06   0.000000e+00   6629s
  195372    1.8832298e+03   1.367278e+05   0.000000e+00   6635s
  195492    1.8832545e+03   6.504548e+05   0.000000e+00   6641s
  195612    1.8832881e+03   1.117154e+06   0.000000e+00   6646s
  195732    1.8833246e+03   2.772005e+05   0.000000e+00   6652s
  195852    1.8833580e+03   3.914904e+05   0.000000e+00   6658s
  195972    1.8833881e+03   6.730163e+05   0.000000e+00   6664s
  196092    1.8834121e+03   2.202543e+05   0.000000e+00   6669s
  196202    1.8834394e+03   8.527601e+05   0.000000e+00   6675s
  196322    1.8834693e+03   1.731875e+06   0.000000e+00   6681s
  196442    1.8834940e+03   6.014259e+05   0.000000e+00   6686s
  196562    1.8835234e+03   3.146556e+05   0.000000e+00   6692s
  196682    1.8835547e+03   3.365177e+05   0.000000e+00   6698s
  196802    1.8835808e+03   1.220749e+06   0.000000e+00   6704s
  196932    1.8835944e+03   1.579610e+05   0.000000e+00   6710s
  197062    1.8836201e+03   2.075936e+05   0.000000e+00   6716s
  197192    1.8836519e+03   1.920276e+05   0.000000e+00   6722s
  197312    1.8836826e+03   9.075074e+05   0.000000e+00   6728s
  197432    1.8837138e+03   1.480422e+05   0.000000e+00   6734s
  197552    1.8837391e+03   1.995484e+05   0.000000e+00   6739s
  197682    1.8837674e+03   9.916008e+05   0.000000e+00   6746s
  197802    1.8837889e+03   2.757234e+05   0.000000e+00   6751s
  197912    1.8838118e+03   1.437945e+05   0.000000e+00   6757s
  198032    1.8838469e+03   1.250326e+05   0.000000e+00   6763s
  198152    1.8838805e+03   1.108442e+06   0.000000e+00   6768s
  198272    1.8839088e+03   2.575781e+05   0.000000e+00   6774s
  198392    1.8839412e+03   1.444477e+05   0.000000e+00   6780s
  198522    1.8839593e+03   1.662373e+05   0.000000e+00   6786s
  198642    1.8839939e+03   2.956933e+05   0.000000e+00   6792s
  198752    1.8840284e+03   1.852271e+05   0.000000e+00   6798s
  198862    1.8840683e+03   9.322590e+05   0.000000e+00   6803s
  198982    1.8841045e+03   1.607208e+05   0.000000e+00   6809s
  199102    1.8841312e+03   6.095390e+05   0.000000e+00   6815s
  199212    1.8841622e+03   3.109743e+06   0.000000e+00   6820s
  199332    1.8841926e+03   2.225317e+05   0.000000e+00   6826s
  199452    1.8842336e+03   4.261873e+05   0.000000e+00   6831s
  199572    1.8842604e+03   2.098951e+05   0.000000e+00   6837s
  199692    1.8842915e+03   4.411834e+05   0.000000e+00   6843s
  199822    1.8843243e+03   4.502985e+05   0.000000e+00   6849s
  199942    1.8843577e+03   3.753180e+06   0.000000e+00   6855s
  200062    1.8843965e+03   1.567764e+05   0.000000e+00   6861s
  200172    1.8844375e+03   1.594150e+05   0.000000e+00   6867s
  200292    1.8844746e+03   1.578741e+05   0.000000e+00   6873s
  200412    1.8845034e+03   2.178473e+06   0.000000e+00   6878s
  200532    1.8845295e+03   1.094003e+06   0.000000e+00   6884s
  200642    1.8845550e+03   5.912726e+05   0.000000e+00   6890s
  200762    1.8845860e+03   3.787089e+05   0.000000e+00   6896s
  200892    1.8846104e+03   2.700135e+05   0.000000e+00   6902s
  201022    1.8846398e+03   3.520266e+05   0.000000e+00   6908s
  201152    1.8846772e+03   2.598048e+05   0.000000e+00   6914s
  201282    1.8847137e+03   1.570411e+05   0.000000e+00   6921s
  201402    1.8847470e+03   5.018026e+05   0.000000e+00   6927s
  201522    1.8847797e+03   2.502354e+06   0.000000e+00   6933s
  201642    1.8848157e+03   4.185606e+05   0.000000e+00   6938s
  201772    1.8848454e+03   1.901890e+05   0.000000e+00   6944s
  201892    1.8848745e+03   3.076504e+05   0.000000e+00   6950s
  202002    1.8848959e+03   1.074496e+05   0.000000e+00   6956s
  202122    1.8849369e+03   6.140125e+05   0.000000e+00   6962s
  202242    1.8849646e+03   1.501500e+06   0.000000e+00   6968s
  202352    1.8849998e+03   1.338995e+05   0.000000e+00   6973s
  202462    1.8850299e+03   7.763625e+05   0.000000e+00   6979s
  202572    1.8850601e+03   4.190949e+06   0.000000e+00   6984s
  202692    1.8850862e+03   6.873662e+05   0.000000e+00   6990s
  202812    1.8851183e+03   1.914812e+06   0.000000e+00   6996s
  202932    1.8851433e+03   1.546491e+06   0.000000e+00   7002s
  203052    1.8851738e+03   1.021072e+06   0.000000e+00   7008s
  203182    1.8851965e+03   1.119962e+05   0.000000e+00   7014s
  203312    1.8852327e+03   8.049532e+04   0.000000e+00   7020s
  203432    1.8852639e+03   2.413720e+05   0.000000e+00   7026s
  203552    1.8853050e+03   9.438740e+04   0.000000e+00   7032s
  203682    1.8853339e+03   1.402119e+06   0.000000e+00   7039s
  203812    1.8853638e+03   2.141224e+05   0.000000e+00   7045s
  203932    1.8853807e+03   4.653534e+05   0.000000e+00   7050s
  204052    1.8854014e+03   3.525086e+05   0.000000e+00   7056s
  204162    1.8854376e+03   5.193053e+05   0.000000e+00   7062s
  204282    1.8854550e+03   5.641627e+05   0.000000e+00   7068s
  204402    1.8854806e+03   3.803056e+05   0.000000e+00   7074s
  204532    1.8855048e+03   2.888296e+07   0.000000e+00   7080s
  204652    1.8855316e+03   6.367540e+05   0.000000e+00   7086s
  204782    1.8855581e+03   8.755307e+05   0.000000e+00   7092s
  204912    1.8855854e+03   8.501087e+05   0.000000e+00   7099s
  205042    1.8856172e+03   3.098462e+05   0.000000e+00   7105s
  205172    1.8856403e+03   3.889635e+05   0.000000e+00   7112s
  205302    1.8856674e+03   2.725604e+06   0.000000e+00   7118s
  205432    1.8856977e+03   4.613794e+05   0.000000e+00   7124s
  205562    1.8857337e+03   2.062676e+05   0.000000e+00   7131s
  205682    1.8857676e+03   6.085530e+05   0.000000e+00   7137s
  205802    1.8857983e+03   5.810702e+05   0.000000e+00   7143s
  205922    1.8858284e+03   1.143530e+06   0.000000e+00   7149s
  206052    1.8858482e+03   2.543496e+05   0.000000e+00   7155s
  206182    1.8858824e+03   2.687862e+05   0.000000e+00   7161s
  206312    1.8859171e+03   2.144424e+06   0.000000e+00   7168s
  206442    1.8859513e+03   1.788771e+05   0.000000e+00   7174s
  206562    1.8859728e+03   1.547972e+05   0.000000e+00   7180s
  206682    1.8859937e+03   8.566710e+05   0.000000e+00   7186s
  206802    1.8860343e+03   1.284530e+05   0.000000e+00   7192s
  206922    1.8860650e+03   3.998000e+05   0.000000e+00   7199s
  207042    1.8860906e+03   5.876583e+05   0.000000e+00   7205s
  207162    1.8861171e+03   1.222058e+05   0.000000e+00   7211s
  207282    1.8861598e+03   1.996705e+06   0.000000e+00   7217s
  207402    1.8861935e+03   1.263710e+05   0.000000e+00   7223s
  207532    1.8862382e+03   4.079145e+05   0.000000e+00   7229s
  207662    1.8862726e+03   2.788863e+05   0.000000e+00   7236s
  207772    1.8862956e+03   5.227414e+05   0.000000e+00   7242s
  207882    1.8863362e+03   2.231182e+05   0.000000e+00   7247s
  208002    1.8863724e+03   1.502335e+05   0.000000e+00   7253s
  208122    1.8864100e+03   5.236301e+06   0.000000e+00   7259s
  208252    1.8864378e+03   5.671860e+05   0.000000e+00   7266s
  208382    1.8864564e+03   3.036309e+05   0.000000e+00   7272s
  208502    1.8864936e+03   2.548260e+05   0.000000e+00   7278s
  208632    1.8865239e+03   3.206164e+05   0.000000e+00   7285s
  208752    1.8865502e+03   2.583149e+05   0.000000e+00   7291s
  208882    1.8865854e+03   5.145358e+05   0.000000e+00   7297s
  209012    1.8866133e+03   1.479069e+05   0.000000e+00   7304s
  209142    1.8866420e+03   1.246641e+06   0.000000e+00   7310s
  209262    1.8866811e+03   7.609788e+05   0.000000e+00   7316s
  209392    1.8867302e+03   1.192839e+05   0.000000e+00   7323s
  209522    1.8867610e+03   2.795903e+05   0.000000e+00   7330s
  209652    1.8867859e+03   6.721412e+05   0.000000e+00   7336s
  209762    1.8868136e+03   2.555508e+05   0.000000e+00   7342s
  209892    1.8868418e+03   4.185034e+05   0.000000e+00   7348s
  210012    1.8868765e+03   4.283815e+05   0.000000e+00   7355s
  210142    1.8869102e+03   1.158720e+05   0.000000e+00   7361s
  210262    1.8869374e+03   2.122874e+05   0.000000e+00   7367s
  210382    1.8869675e+03   4.999654e+05   0.000000e+00   7374s
  210512    1.8870051e+03   1.094643e+05   0.000000e+00   7380s
  210632    1.8870353e+03   3.185799e+05   0.000000e+00   7386s
  210762    1.8870628e+03   3.222657e+05   0.000000e+00   7393s
  210892    1.8870871e+03   1.024769e+06   0.000000e+00   7399s
  211022    1.8871082e+03   1.138277e+05   0.000000e+00   7406s
  211142    1.8871362e+03   3.662825e+06   0.000000e+00   7412s
  211272    1.8871677e+03   4.017929e+06   0.000000e+00   7419s
  211402    1.8871932e+03   1.660985e+05   0.000000e+00   7425s
  211522    1.8872255e+03   1.796556e+05   0.000000e+00   7431s
  211652    1.8872601e+03   1.596247e+05   0.000000e+00   7438s
  211762    1.8872871e+03   9.781160e+04   0.000000e+00   7444s
  211882    1.8873139e+03   1.335503e+06   0.000000e+00   7450s
  212012    1.8873493e+03   1.627828e+05   0.000000e+00   7457s
  212142    1.8873763e+03   1.013472e+06   0.000000e+00   7463s
  212272    1.8873992e+03   7.656193e+05   0.000000e+00   7470s
  212412    1.8874217e+03   1.023035e+05   0.000000e+00   7476s
  212532    1.8874516e+03   7.307530e+05   0.000000e+00   7483s
  212662    1.8874863e+03   1.496688e+06   0.000000e+00   7489s
  212792    1.8875199e+03   6.280103e+05   0.000000e+00   7496s
  212922    1.8875452e+03   5.146536e+05   0.000000e+00   7502s
  213052    1.8875849e+03   1.692064e+05   0.000000e+00   7509s
  213182    1.8876135e+03   5.276986e+05   0.000000e+00   7516s
  213312    1.8876404e+03   3.476062e+05   0.000000e+00   7522s
  213442    1.8876691e+03   1.716563e+05   0.000000e+00   7528s
  213562    1.8876922e+03   3.272920e+05   0.000000e+00   7534s
  213692    1.8877207e+03   5.184490e+05   0.000000e+00   7541s
  213822    1.8877439e+03   8.093171e+05   0.000000e+00   7547s
  213942    1.8877677e+03   3.499997e+05   0.000000e+00   7553s
  214072    1.8877973e+03   2.849898e+05   0.000000e+00   7559s
  214202    1.8878386e+03   1.453032e+05   0.000000e+00   7566s
  214332    1.8878813e+03   2.074447e+05   0.000000e+00   7572s
  214442    1.8879132e+03   5.419559e+05   0.000000e+00   7578s
  214572    1.8879345e+03   3.436329e+05   0.000000e+00   7584s
  214692    1.8879632e+03   2.320438e+05   0.000000e+00   7591s
  214822    1.8879890e+03   2.136782e+05   0.000000e+00   7597s
  214952    1.8880165e+03   7.104318e+04   0.000000e+00   7604s
  215072    1.8880434e+03   6.706545e+05   0.000000e+00   7610s
  215202    1.8880622e+03   3.290220e+06   0.000000e+00   7617s
  215332    1.8880876e+03   1.195523e+06   0.000000e+00   7623s
  215462    1.8881210e+03   7.563505e+05   0.000000e+00   7630s
  215592    1.8881530e+03   3.701497e+05   0.000000e+00   7636s
  215712    1.8881799e+03   6.292143e+05   0.000000e+00   7642s
  215852    1.8882067e+03   2.347671e+05   0.000000e+00   7649s
  215982    1.8882369e+03   2.295970e+05   0.000000e+00   7656s
  216112    1.8882740e+03   8.545742e+06   0.000000e+00   7662s
  216232    1.8882930e+03   2.479539e+06   0.000000e+00   7668s
  216362    1.8883245e+03   1.041998e+06   0.000000e+00   7675s
  216492    1.8883428e+03   1.109967e+05   0.000000e+00   7681s
  216622    1.8883705e+03   3.215751e+05   0.000000e+00   7687s
  216752    1.8884014e+03   4.268875e+05   0.000000e+00   7694s
  216882    1.8884281e+03   1.949977e+06   0.000000e+00   7700s
  217012    1.8884636e+03   9.362271e+05   0.000000e+00   7707s
  217132    1.8884917e+03   1.628887e+05   0.000000e+00   7713s
  217252    1.8885196e+03   1.772292e+05   0.000000e+00   7719s
  217382    1.8885640e+03   3.144137e+05   0.000000e+00   7725s
  217502    1.8885940e+03   2.912282e+05   0.000000e+00   7731s
  217632    1.8886269e+03   1.477215e+05   0.000000e+00   7738s
  217762    1.8886635e+03   3.200227e+05   0.000000e+00   7744s
  217882    1.8886919e+03   1.374228e+05   0.000000e+00   7751s
  218002    1.8887208e+03   5.863312e+05   0.000000e+00   7757s
  218132    1.8887512e+03   2.650092e+05   0.000000e+00   7763s
  218252    1.8887781e+03   1.764839e+05   0.000000e+00   7769s
  218382    1.8888013e+03   1.103992e+05   0.000000e+00   7776s
  218512    1.8888298e+03   1.205744e+06   0.000000e+00   7783s
  218642    1.8888558e+03   1.103307e+06   0.000000e+00   7789s
  218772    1.8888789e+03   3.137767e+06   0.000000e+00   7795s
  218902    1.8889183e+03   2.024775e+05   0.000000e+00   7802s
  219022    1.8889469e+03   1.713194e+05   0.000000e+00   7808s
  219152    1.8889719e+03   2.484272e+05   0.000000e+00   7814s
  219272    1.8890139e+03   4.448346e+05   0.000000e+00   7820s
  219402    1.8890387e+03   1.923378e+07   0.000000e+00   7827s
  219532    1.8890608e+03   2.668341e+05   0.000000e+00   7833s
  219652    1.8890844e+03   9.152726e+04   0.000000e+00   7839s
  219772    1.8891105e+03   4.444167e+05   0.000000e+00   7845s
  219902    1.8891417e+03   3.163728e+05   0.000000e+00   7852s
  220032    1.8891676e+03   2.258178e+05   0.000000e+00   7858s
  220162    1.8891902e+03   4.262905e+05   0.000000e+00   7865s
  220292    1.8892106e+03   5.517738e+05   0.000000e+00   7871s
  220412    1.8892349e+03   2.824772e+05   0.000000e+00   7877s
  220532    1.8892678e+03   1.423487e+05   0.000000e+00   7883s
  220652    1.8892952e+03   3.543548e+05   0.000000e+00   7890s
  220782    1.8893174e+03   9.903376e+04   0.000000e+00   7896s
  220902    1.8893386e+03   2.785928e+05   0.000000e+00   7902s
  221022    1.8893641e+03   1.274372e+06   0.000000e+00   7908s
  221152    1.8893872e+03   1.460460e+05   0.000000e+00   7914s
  221272    1.8894117e+03   4.109157e+05   0.000000e+00   7920s
  221392    1.8894359e+03   1.272825e+05   0.000000e+00   7926s
  221512    1.8894587e+03   1.153839e+05   0.000000e+00   7932s
  221642    1.8894796e+03   1.236706e+05   0.000000e+00   7939s
  221762    1.8895012e+03   2.457589e+05   0.000000e+00   7945s
  221892    1.8895269e+03   4.408928e+06   0.000000e+00   7951s
  222032    1.8895547e+03   4.095499e+06   0.000000e+00   7958s
  222142    1.8895799e+03   6.631473e+05   0.000000e+00   7964s
  222262    1.8896036e+03   2.297397e+05   0.000000e+00   7970s
  222382    1.8896264e+03   2.227630e+05   0.000000e+00   7976s
  222502    1.8896508e+03   2.137279e+05   0.000000e+00   7982s
  222622    1.8896761e+03   2.317436e+06   0.000000e+00   7988s
  222742    1.8897023e+03   1.388392e+05   0.000000e+00   7994s
  222862    1.8897269e+03   2.971709e+05   0.000000e+00   8000s
  223002    1.8897490e+03   2.423943e+05   0.000000e+00   8007s
  223122    1.8897764e+03   2.446274e+05   0.000000e+00   8013s
  223252    1.8897985e+03   3.398529e+05   0.000000e+00   8019s
  223362    1.8898231e+03   9.859298e+05   0.000000e+00   8025s
  223482    1.8898456e+03   1.169568e+05   0.000000e+00   8031s
  223602    1.8898718e+03   5.169265e+05   0.000000e+00   8037s
  223722    1.8898988e+03   3.739486e+05   0.000000e+00   8044s
  223852    1.8899223e+03   4.509629e+06   0.000000e+00   8050s
  223982    1.8899492e+03   3.150774e+05   0.000000e+00   8057s
  224112    1.8899721e+03   1.164416e+06   0.000000e+00   8063s
  224242    1.8899912e+03   6.099475e+04   0.000000e+00   8070s
  224372    1.8900136e+03   1.528289e+06   0.000000e+00   8076s
  224502    1.8900393e+03   2.425898e+05   0.000000e+00   8083s
  224632    1.8900639e+03   1.159759e+06   0.000000e+00   8089s
  224762    1.8900850e+03   1.745608e+05   0.000000e+00   8096s
  224892    1.8901131e+03   1.564189e+05   0.000000e+00   8102s
  225012    1.8901386e+03   2.858061e+05   0.000000e+00   8109s
  225132    1.8901689e+03   2.640187e+05   0.000000e+00   8115s
  225252    1.8901981e+03   1.479090e+05   0.000000e+00   8121s
  225372    1.8902202e+03   1.165279e+05   0.000000e+00   8127s
  225492    1.8902440e+03   4.303769e+05   0.000000e+00   8133s
  225612    1.8902670e+03   1.173331e+06   0.000000e+00   8139s
  225732    1.8902945e+03   3.042789e+05   0.000000e+00   8146s
  225852    1.8903214e+03   6.205518e+05   0.000000e+00   8152s
  225972    1.8903525e+03   1.352040e+05   0.000000e+00   8158s
  226092    1.8903799e+03   4.221368e+05   0.000000e+00   8164s
  226212    1.8904034e+03   6.608270e+05   0.000000e+00   8170s
  226342    1.8904377e+03   1.087681e+06   0.000000e+00   8177s
  226472    1.8904728e+03   1.162340e+05   0.000000e+00   8183s
  226592    1.8905003e+03   4.575520e+05   0.000000e+00   8190s
  226722    1.8905331e+03   5.576881e+05   0.000000e+00   8196s
  226852    1.8905668e+03   5.148209e+05   0.000000e+00   8203s
  226982    1.8905923e+03   3.855026e+05   0.000000e+00   8209s
  227112    1.8906110e+03   4.649479e+05   0.000000e+00   8216s
  227242    1.8906456e+03   3.090123e+05   0.000000e+00   8223s
  227372    1.8906704e+03   2.784911e+05   0.000000e+00   8229s
  227482    1.8907035e+03   3.356027e+05   0.000000e+00   8235s
  227592    1.8907311e+03   2.737976e+05   0.000000e+00   8241s
  227702    1.8907518e+03   9.595491e+05   0.000000e+00   8247s
  227822    1.8907667e+03   4.954586e+05   0.000000e+00   8253s
  227952    1.8907871e+03   1.568473e+05   0.000000e+00   8259s
  228072    1.8908127e+03   3.305897e+05   0.000000e+00   8265s
  228192    1.8908395e+03   4.261705e+06   0.000000e+00   8271s
  228302    1.8908570e+03   2.626123e+05   0.000000e+00   8277s
  228422    1.8908801e+03   2.613601e+05   0.000000e+00   8283s
  228542    1.8909019e+03   1.087092e+05   0.000000e+00   8289s
  228662    1.8909257e+03   1.497230e+05   0.000000e+00   8295s
  228782    1.8909496e+03   1.356692e+05   0.000000e+00   8301s
  228902    1.8909883e+03   1.375595e+05   0.000000e+00   8307s
  229012    1.8910169e+03   7.228147e+04   0.000000e+00   8313s
  229122    1.8910422e+03   2.350961e+05   0.000000e+00   8318s
  229242    1.8910765e+03   7.540935e+05   0.000000e+00   8325s
  229362    1.8910995e+03   2.217700e+05   0.000000e+00   8331s
  229482    1.8911253e+03   6.393506e+05   0.000000e+00   8337s
  229602    1.8911491e+03   8.095396e+05   0.000000e+00   8343s
  229722    1.8911778e+03   1.308943e+05   0.000000e+00   8349s
  229842    1.8912033e+03   4.403261e+05   0.000000e+00   8355s
  229972    1.8912287e+03   2.946555e+06   0.000000e+00   8361s
  230102    1.8912598e+03   3.257751e+06   0.000000e+00   8368s
  230232    1.8912861e+03   1.937609e+05   0.000000e+00   8374s
  230352    1.8913196e+03   1.046200e+06   0.000000e+00   8380s
  230472    1.8913417e+03   2.288579e+05   0.000000e+00   8387s
  230602    1.8913745e+03   7.746026e+05   0.000000e+00   8393s
  230732    1.8914055e+03   1.399488e+06   0.000000e+00   8400s
  230862    1.8914388e+03   1.044544e+05   0.000000e+00   8406s
  230992    1.8914670e+03   2.055040e+05   0.000000e+00   8413s
  231112    1.8914928e+03   4.894422e+05   0.000000e+00   8419s
  231242    1.8915270e+03   4.616411e+05   0.000000e+00   8426s
  231372    1.8915626e+03   9.820665e+04   0.000000e+00   8432s
  231492    1.8916003e+03   1.855320e+05   0.000000e+00   8439s
  231612    1.8916330e+03   9.342052e+04   0.000000e+00   8445s
  231742    1.8916593e+03   1.854391e+06   0.000000e+00   8451s
  231872    1.8916889e+03   9.232215e+04   0.000000e+00   8458s
  231992    1.8917219e+03   2.993364e+05   0.000000e+00   8464s
  232122    1.8917574e+03   7.065582e+05   0.000000e+00   8470s
  232242    1.8917802e+03   5.907810e+04   0.000000e+00   8477s
  232362    1.8918031e+03   9.578127e+05   0.000000e+00   8483s
  232492    1.8918239e+03   2.259491e+05   0.000000e+00   8489s
  232612    1.8918534e+03   5.515879e+05   0.000000e+00   8496s
  232742    1.8918814e+03   1.834962e+06   0.000000e+00   8502s
  232862    1.8919020e+03   5.684506e+05   0.000000e+00   8508s
  232982    1.8919245e+03   1.025712e+05   0.000000e+00   8515s
  233112    1.8919529e+03   1.899533e+06   0.000000e+00   8521s
  233232    1.8919782e+03   2.532870e+05   0.000000e+00   8528s
  233362    1.8920050e+03   1.182502e+06   0.000000e+00   8534s
  233492    1.8920226e+03   1.807952e+05   0.000000e+00   8541s
  233622    1.8920462e+03   1.968251e+05   0.000000e+00   8547s
  233752    1.8920725e+03   1.299468e+05   0.000000e+00   8554s
  233872    1.8921012e+03   4.594736e+05   0.000000e+00   8560s
  234002    1.8921289e+03   3.212366e+05   0.000000e+00   8567s
  234132    1.8921532e+03   1.845213e+05   0.000000e+00   8574s
  234262    1.8921800e+03   1.236825e+05   0.000000e+00   8581s
  234392    1.8922021e+03   1.529438e+06   0.000000e+00   8587s
  234512    1.8922231e+03   1.518513e+05   0.000000e+00   8593s
  234642    1.8922478e+03   8.421977e+05   0.000000e+00   8600s
  234762    1.8922707e+03   1.090125e+05   0.000000e+00   8606s
  234882    1.8922992e+03   4.067056e+05   0.000000e+00   8612s
  235012    1.8923186e+03   8.645980e+04   0.000000e+00   8619s
  235142    1.8923464e+03   4.190456e+05   0.000000e+00   8626s
  235262    1.8923815e+03   3.424288e+05   0.000000e+00   8632s
  235392    1.8924102e+03   1.123318e+06   0.000000e+00   8639s
  235522    1.8924417e+03   2.893611e+05   0.000000e+00   8646s
  235652    1.8924725e+03   8.724533e+05   0.000000e+00   8652s
  235782    1.8924980e+03   2.086806e+06   0.000000e+00   8659s
  235912    1.8925253e+03   1.847189e+05   0.000000e+00   8666s
  236042    1.8925541e+03   1.400738e+05   0.000000e+00   8672s
  236162    1.8925751e+03   1.105202e+05   0.000000e+00   8678s
  236282    1.8926013e+03   2.064617e+05   0.000000e+00   8685s
  236402    1.8926226e+03   3.292037e+05   0.000000e+00   8691s
  236522    1.8926432e+03   4.363063e+05   0.000000e+00   8697s
  236642    1.8926659e+03   3.230884e+05   0.000000e+00   8704s
  236772    1.8926921e+03   1.249953e+06   0.000000e+00   8710s
  236892    1.8927110e+03   3.260398e+05   0.000000e+00   8717s
  237022    1.8927415e+03   1.461989e+05   0.000000e+00   8723s
  237142    1.8927692e+03   1.191380e+05   0.000000e+00   8730s
  237262    1.8927967e+03   7.611367e+05   0.000000e+00   8736s
  237382    1.8928178e+03   9.767585e+05   0.000000e+00   8742s
  237502    1.8928388e+03   1.342488e+06   0.000000e+00   8749s
  237622    1.8928640e+03   9.344868e+04   0.000000e+00   8755s
  237742    1.8928889e+03   4.601599e+05   0.000000e+00   8761s
  237872    1.8929253e+03   2.116608e+05   0.000000e+00   8767s
  237992    1.8929496e+03   7.641267e+04   0.000000e+00   8773s
  238112    1.8929726e+03   2.856427e+05   0.000000e+00   8780s
  238242    1.8930003e+03   2.573379e+05   0.000000e+00   8786s
  238372    1.8930264e+03   1.261717e+06   0.000000e+00   8793s
  238502    1.8930539e+03   1.801009e+05   0.000000e+00   8799s
  238622    1.8930790e+03   5.784689e+06   0.000000e+00   8806s
  238752    1.8930918e+03   9.300328e+04   0.000000e+00   8812s
  238882    1.8931149e+03   9.952162e+04   0.000000e+00   8818s
  239012    1.8931417e+03   4.542184e+05   0.000000e+00   8825s
  239142    1.8931649e+03   7.036774e+05   0.000000e+00   8832s
  239272    1.8931857e+03   5.656193e+05   0.000000e+00   8838s
  239402    1.8932111e+03   7.528096e+05   0.000000e+00   8845s
  239532    1.8932345e+03   6.934078e+04   0.000000e+00   8851s
  239662    1.8932651e+03   1.244388e+05   0.000000e+00   8858s
  239792    1.8932856e+03   1.574068e+05   0.000000e+00   8864s
  239912    1.8933080e+03   1.881924e+05   0.000000e+00   8870s
  240042    1.8933274e+03   9.284610e+04   0.000000e+00   8877s
  240172    1.8933564e+03   1.403097e+07   0.000000e+00   8883s
  240302    1.8933846e+03   2.817632e+05   0.000000e+00   8890s
  240422    1.8934076e+03   1.569691e+05   0.000000e+00   8896s
  240532    1.8934303e+03   1.048807e+05   0.000000e+00   8902s
  240652    1.8934548e+03   2.101827e+05   0.000000e+00   8908s
  240772    1.8934799e+03   2.726652e+05   0.000000e+00   8914s
  240902    1.8935081e+03   1.611266e+05   0.000000e+00   8920s
  241032    1.8935343e+03   1.338100e+06   0.000000e+00   8927s
  241162    1.8935618e+03   2.642759e+05   0.000000e+00   8934s
  241292    1.8935857e+03   2.398809e+05   0.000000e+00   8940s
  241422    1.8936097e+03   1.351597e+05   0.000000e+00   8947s
  241552    1.8936300e+03   1.744756e+05   0.000000e+00   8953s
  241682    1.8936500e+03   2.170534e+05   0.000000e+00   8960s
  241812    1.8936719e+03   1.186504e+05   0.000000e+00   8966s
  241932    1.8936948e+03   1.359343e+05   0.000000e+00   8973s
  242052    1.8937211e+03   2.456563e+05   0.000000e+00   8979s
  242182    1.8937515e+03   5.818653e+05   0.000000e+00   8985s
  242302    1.8937735e+03   2.928374e+05   0.000000e+00   8991s
  242422    1.8937984e+03   3.452115e+05   0.000000e+00   8997s
  242552    1.8938237e+03   2.017126e+05   0.000000e+00   9004s
  242672    1.8938502e+03   3.481921e+05   0.000000e+00   9010s
  242802    1.8938704e+03   1.735794e+05   0.000000e+00   9017s
  242922    1.8939034e+03   4.213684e+05   0.000000e+00   9023s
  243042    1.8939267e+03   1.977298e+05   0.000000e+00   9029s
  243172    1.8939521e+03   2.104304e+05   0.000000e+00   9036s
  243292    1.8939743e+03   2.745576e+05   0.000000e+00   9042s
  243422    1.8940000e+03   4.204600e+05   0.000000e+00   9049s
  243552    1.8940354e+03   1.209802e+07   0.000000e+00   9056s
  243682    1.8940603e+03   1.865801e+05   0.000000e+00   9062s
  243802    1.8940824e+03   2.314608e+05   0.000000e+00   9068s
  243922    1.8941053e+03   4.127495e+05   0.000000e+00   9074s
  244052    1.8941243e+03   6.245619e+05   0.000000e+00   9081s
  244182    1.8941458e+03   1.026921e+05   0.000000e+00   9087s
  244312    1.8941796e+03   7.210801e+05   0.000000e+00   9094s
  244442    1.8942048e+03   1.169581e+05   0.000000e+00   9101s
  244562    1.8942282e+03   2.196453e+05   0.000000e+00   9107s
  244692    1.8942533e+03   8.822396e+05   0.000000e+00   9113s
  244822    1.8942796e+03   2.879394e+05   0.000000e+00   9120s
  244942    1.8943068e+03   3.038264e+06   0.000000e+00   9126s
  245072    1.8943318e+03   1.750761e+06   0.000000e+00   9132s
  245202    1.8943531e+03   5.566226e+05   0.000000e+00   9139s
  245332    1.8943870e+03   1.447278e+05   0.000000e+00   9145s
  245462    1.8944094e+03   1.001660e+06   0.000000e+00   9152s
  245592    1.8944257e+03   2.599689e+05   0.000000e+00   9159s
  245722    1.8944481e+03   2.720560e+05   0.000000e+00   9165s
  245842    1.8944738e+03   1.210718e+05   0.000000e+00   9172s
  245972    1.8944978e+03   2.303356e+05   0.000000e+00   9178s
  246092    1.8945182e+03   6.807175e+05   0.000000e+00   9184s
  246212    1.8945433e+03   3.068818e+05   0.000000e+00   9191s
  246342    1.8945643e+03   2.005221e+06   0.000000e+00   9197s
  246472    1.8945893e+03   1.771305e+06   0.000000e+00   9204s
  246602    1.8946067e+03   6.398555e+05   0.000000e+00   9211s
  246732    1.8946283e+03   3.275286e+05   0.000000e+00   9217s
  246852    1.8946489e+03   1.653880e+06   0.000000e+00   9223s
  246982    1.8946695e+03   2.304290e+05   0.000000e+00   9230s
  247112    1.8946942e+03   2.824845e+05   0.000000e+00   9236s
  247242    1.8947209e+03   4.695683e+05   0.000000e+00   9243s
  247362    1.8947482e+03   2.375159e+05   0.000000e+00   9250s
  247492    1.8947681e+03   3.390212e+05   0.000000e+00   9256s
  247622    1.8947904e+03   1.612581e+05   0.000000e+00   9263s
  247752    1.8948048e+03   8.529623e+05   0.000000e+00   9270s
  247882    1.8948276e+03   2.127190e+05   0.000000e+00   9276s
  248012    1.8948495e+03   5.381273e+05   0.000000e+00   9283s
  248142    1.8948745e+03   2.490643e+05   0.000000e+00   9290s
  248272    1.8948991e+03   5.446242e+05   0.000000e+00   9296s
  248402    1.8949253e+03   9.649474e+04   0.000000e+00   9303s
  248522    1.8949470e+03   9.834947e+04   0.000000e+00   9309s
  248642    1.8949618e+03   5.818980e+05   0.000000e+00   9315s
  248762    1.8949735e+03   6.226272e+05   0.000000e+00   9321s
  248892    1.8949882e+03   2.442045e+05   0.000000e+00   9328s
  249012    1.8950085e+03   1.834789e+05   0.000000e+00   9334s
  249132    1.8950287e+03   1.583933e+06   0.000000e+00   9341s
  249262    1.8950484e+03   3.192526e+05   0.000000e+00   9347s
  249392    1.8950689e+03   1.347064e+05   0.000000e+00   9354s
  249522    1.8950872e+03   6.540374e+06   0.000000e+00   9360s
  249652    1.8951063e+03   1.002831e+06   0.000000e+00   9367s
  249782    1.8951245e+03   1.986916e+05   0.000000e+00   9373s
  249912    1.8951444e+03   3.838884e+05   0.000000e+00   9380s
  250032    1.8951661e+03   3.756843e+05   0.000000e+00   9386s
  250152    1.8951862e+03   2.524478e+06   0.000000e+00   9392s
  250282    1.8952041e+03   5.888525e+05   0.000000e+00   9399s
  250412    1.8952233e+03   3.556675e+05   0.000000e+00   9406s
  250542    1.8952397e+03   1.313021e+05   0.000000e+00   9412s
  250672    1.8952657e+03   1.967859e+05   0.000000e+00   9419s
  250802    1.8952862e+03   4.300661e+06   0.000000e+00   9426s
  250932    1.8953065e+03   1.677465e+05   0.000000e+00   9432s
  251062    1.8953280e+03   1.358099e+05   0.000000e+00   9439s
  251192    1.8953515e+03   1.967668e+05   0.000000e+00   9446s
  251312    1.8953737e+03   1.914008e+06   0.000000e+00   9452s
  251432    1.8953968e+03   4.325166e+05   0.000000e+00   9458s
  251552    1.8954207e+03   4.409529e+05   0.000000e+00   9464s
  251682    1.8954386e+03   2.249859e+05   0.000000e+00   9471s
  251812    1.8954623e+03   3.415283e+06   0.000000e+00   9478s
  251942    1.8954879e+03   1.295333e+06   0.000000e+00   9484s
  252072    1.8955095e+03   5.672314e+05   0.000000e+00   9491s
  252192    1.8955276e+03   4.227361e+05   0.000000e+00   9497s
  252312    1.8955457e+03   1.747783e+06   0.000000e+00   9503s
  252442    1.8955613e+03   2.668830e+05   0.000000e+00   9510s
  252562    1.8955807e+03   7.782154e+04   0.000000e+00   9516s
  252682    1.8956061e+03   5.224022e+05   0.000000e+00   9522s
  252812    1.8956279e+03   3.354531e+05   0.000000e+00   9529s
  252942    1.8956520e+03   1.889253e+05   0.000000e+00   9536s
  253072    1.8956779e+03   1.437149e+05   0.000000e+00   9542s
  253202    1.8956991e+03   1.366461e+05   0.000000e+00   9549s
  253332    1.8957186e+03   1.207819e+07   0.000000e+00   9556s
  253472    1.8957272e+03   2.294485e+05   0.000000e+00   9562s
  253602    1.8957463e+03   1.167988e+06   0.000000e+00   9569s
  253732    1.8957606e+03   1.255855e+06   0.000000e+00   9576s
  253862    1.8957793e+03   6.794634e+05   0.000000e+00   9582s
  253982    1.8958029e+03   2.233306e+05   0.000000e+00   9589s
  254112    1.8958308e+03   3.404226e+05   0.000000e+00   9595s
  254242    1.8958509e+03   1.525857e+05   0.000000e+00   9602s
  254362    1.8958720e+03   3.143379e+05   0.000000e+00   9608s
  254492    1.8958962e+03   9.684667e+04   0.000000e+00   9615s
  254622    1.8959196e+03   1.387710e+05   0.000000e+00   9622s
  254752    1.8959380e+03   5.125496e+05   0.000000e+00   9628s
  254872    1.8959580e+03   2.877450e+05   0.000000e+00   9634s
  254992    1.8959751e+03   3.083670e+05   0.000000e+00   9641s
  255112    1.8960013e+03   2.151456e+05   0.000000e+00   9647s
  255232    1.8960192e+03   2.292522e+06   0.000000e+00   9654s
  255352    1.8960353e+03   1.961983e+05   0.000000e+00   9660s
  255482    1.8960491e+03   3.058337e+05   0.000000e+00   9666s
  255612    1.8960708e+03   1.414777e+05   0.000000e+00   9673s
  255742    1.8960906e+03   2.034566e+05   0.000000e+00   9680s
  255872    1.8961172e+03   8.334075e+05   0.000000e+00   9686s
  255992    1.8961424e+03   7.032953e+05   0.000000e+00   9693s
  256122    1.8961611e+03   1.123438e+05   0.000000e+00   9699s
  256242    1.8961834e+03   1.869156e+05   0.000000e+00   9706s
  256372    1.8962032e+03   6.713355e+05   0.000000e+00   9712s
  256492    1.8962232e+03   4.175735e+05   0.000000e+00   9719s
  256612    1.8962468e+03   3.073400e+06   0.000000e+00   9725s
  256742    1.8962698e+03   3.651658e+05   0.000000e+00   9732s
  256862    1.8962923e+03   4.430490e+05   0.000000e+00   9738s
  256992    1.8963150e+03   2.506948e+05   0.000000e+00   9745s
  257112    1.8963325e+03   2.895691e+05   0.000000e+00   9751s
  257242    1.8963502e+03   9.435923e+05   0.000000e+00   9758s
  257372    1.8963715e+03   1.975609e+06   0.000000e+00   9764s
  257502    1.8963906e+03   3.578119e+05   0.000000e+00   9771s
  257622    1.8964082e+03   1.773084e+06   0.000000e+00   9777s
  257752    1.8964237e+03   1.284906e+05   0.000000e+00   9783s
  257872    1.8964473e+03   7.089773e+05   0.000000e+00   9790s
  258002    1.8964615e+03   1.774188e+05   0.000000e+00   9796s
  258122    1.8964777e+03   4.050180e+05   0.000000e+00   9802s
  258252    1.8964923e+03   6.126966e+05   0.000000e+00   9809s
  258372    1.8965087e+03   4.640116e+05   0.000000e+00   9815s
  258492    1.8965254e+03   5.804156e+05   0.000000e+00   9822s
  258622    1.8965400e+03   4.029000e+05   0.000000e+00   9828s
  258742    1.8965555e+03   3.246228e+05   0.000000e+00   9834s
  258862    1.8965738e+03   1.248635e+05   0.000000e+00   9840s
  258982    1.8965888e+03   1.520027e+05   0.000000e+00   9847s
  259102    1.8966048e+03   7.608283e+05   0.000000e+00   9853s
  259222    1.8966201e+03   8.910795e+04   0.000000e+00   9859s
  259352    1.8966407e+03   6.461274e+06   0.000000e+00   9866s
  259472    1.8966595e+03   3.014426e+05   0.000000e+00   9872s
  259602    1.8966846e+03   1.851595e+05   0.000000e+00   9879s
  259722    1.8967021e+03   8.234614e+05   0.000000e+00   9885s
  259842    1.8967238e+03   5.736080e+05   0.000000e+00   9891s
  259962    1.8967398e+03   1.782655e+05   0.000000e+00   9898s
  260092    1.8967579e+03   5.223858e+05   0.000000e+00   9904s
  260212    1.8967767e+03   8.719515e+04   0.000000e+00   9910s
  260332    1.8967982e+03   3.183642e+05   0.000000e+00   9917s
  260462    1.8968146e+03   1.183406e+05   0.000000e+00   9923s
  260572    1.8968335e+03   2.124321e+05   0.000000e+00   9929s
  260692    1.8968488e+03   1.982579e+05   0.000000e+00   9936s
  260812    1.8968721e+03   3.687997e+05   0.000000e+00   9942s
  260942    1.8968958e+03   6.953816e+05   0.000000e+00   9949s
  261062    1.8969148e+03   4.196021e+05   0.000000e+00   9955s
  261182    1.8969362e+03   6.853197e+05   0.000000e+00   9961s
  261292    1.8969517e+03   1.151445e+05   0.000000e+00   9967s
  261412    1.8969687e+03   7.640741e+05   0.000000e+00   9973s
  261532    1.8969886e+03   2.627628e+05   0.000000e+00   9980s
  261652    1.8970108e+03   2.347517e+06   0.000000e+00   9986s
  261772    1.8970213e+03   1.525598e+05   0.000000e+00   9992s
  261892    1.8970465e+03   8.747955e+04   0.000000e+00   9998s
  262002    1.8970667e+03   1.308073e+05   0.000000e+00  10004s
  262122    1.8970887e+03   1.023230e+05   0.000000e+00  10010s
  262242    1.8971055e+03   1.542026e+05   0.000000e+00  10016s
  262372    1.8971223e+03   1.064113e+06   0.000000e+00  10023s
  262502    1.8971398e+03   6.378468e+05   0.000000e+00  10030s
  262622    1.8971597e+03   2.372594e+05   0.000000e+00  10036s
  262752    1.8971818e+03   6.049678e+05   0.000000e+00  10042s
  262882    1.8972036e+03   2.232204e+05   0.000000e+00  10049s
  263002    1.8972229e+03   5.049000e+05   0.000000e+00  10055s
  263132    1.8972451e+03   1.226388e+05   0.000000e+00  10062s
  263242    1.8972681e+03   2.915255e+05   0.000000e+00  10068s
  263362    1.8972919e+03   1.439614e+05   0.000000e+00  10074s
  263482    1.8973146e+03   1.418061e+05   0.000000e+00  10080s
  263602    1.8973344e+03   1.031163e+06   0.000000e+00  10086s
  263732    1.8973531e+03   2.760435e+05   0.000000e+00  10093s
  263862    1.8973726e+03   9.494806e+05   0.000000e+00  10099s
  263992    1.8973887e+03   1.575137e+06   0.000000e+00  10106s
  264122    1.8974071e+03   1.345514e+06   0.000000e+00  10112s
  264252    1.8974275e+03   5.797790e+04   0.000000e+00  10119s
  264382    1.8974450e+03   2.801954e+05   0.000000e+00  10126s
  264512    1.8974675e+03   2.436773e+05   0.000000e+00  10132s
  264642    1.8974933e+03   2.310523e+05   0.000000e+00  10139s
  264772    1.8975134e+03   2.321980e+05   0.000000e+00  10145s
  264902    1.8975415e+03   8.842818e+04   0.000000e+00  10152s
  265022    1.8975608e+03   3.423800e+05   0.000000e+00  10158s
  265152    1.8975802e+03   1.723976e+05   0.000000e+00  10165s
  265272    1.8975991e+03   2.235092e+05   0.000000e+00  10171s
  265402    1.8976264e+03   2.313463e+06   0.000000e+00  10178s
  265532    1.8976431e+03   3.670731e+05   0.000000e+00  10184s
  265652    1.8976682e+03   8.499787e+05   0.000000e+00  10191s
  265782    1.8976912e+03   5.431853e+05   0.000000e+00  10197s
  265902    1.8977126e+03   5.666857e+05   0.000000e+00  10203s
  266032    1.8977335e+03   3.811316e+05   0.000000e+00  10210s
  266162    1.8977518e+03   2.863796e+05   0.000000e+00  10217s
  266292    1.8977691e+03   2.671231e+05   0.000000e+00  10223s
  266432    1.8977878e+03   2.827833e+05   0.000000e+00  10230s
  266562    1.8978116e+03   2.160781e+05   0.000000e+00  10236s
  266692    1.8978309e+03   1.629425e+06   0.000000e+00  10243s
  266822    1.8978486e+03   2.654915e+06   0.000000e+00  10249s
  266952    1.8978684e+03   9.292648e+04   0.000000e+00  10256s
  267082    1.8978895e+03   2.528137e+05   0.000000e+00  10263s
  267202    1.8979112e+03   9.022215e+05   0.000000e+00  10269s
  267322    1.8979291e+03   2.015479e+05   0.000000e+00  10275s
  267452    1.8979468e+03   1.983538e+05   0.000000e+00  10282s
  267582    1.8979766e+03   1.933404e+05   0.000000e+00  10288s
  267712    1.8980018e+03   6.476530e+05   0.000000e+00  10295s
  267842    1.8980200e+03   1.266777e+07   0.000000e+00  10301s
  267972    1.8980397e+03   9.936146e+04   0.000000e+00  10308s
  268102    1.8980606e+03   7.034648e+05   0.000000e+00  10314s
  268232    1.8980839e+03   1.888879e+06   0.000000e+00  10321s
  268362    1.8981005e+03   3.751026e+05   0.000000e+00  10327s
  268492    1.8981191e+03   1.312969e+05   0.000000e+00  10334s
  268612    1.8981449e+03   1.163504e+05   0.000000e+00  10340s
  268742    1.8981681e+03   1.257452e+05   0.000000e+00  10346s
  268862    1.8981855e+03   5.022754e+05   0.000000e+00  10353s
  268982    1.8982079e+03   1.495590e+05   0.000000e+00  10359s
  269102    1.8982312e+03   7.388955e+05   0.000000e+00  10365s
  269232    1.8982613e+03   1.098335e+05   0.000000e+00  10372s
  269362    1.8982877e+03   4.168276e+05   0.000000e+00  10378s
  269482    1.8983115e+03   5.851610e+05   0.000000e+00  10384s
  269612    1.8983320e+03   9.640976e+04   0.000000e+00  10391s
  269732    1.8983508e+03   1.164323e+06   0.000000e+00  10397s
  269862    1.8983748e+03   6.261997e+05   0.000000e+00  10404s
  269992    1.8984108e+03   1.097256e+05   0.000000e+00  10410s
  270112    1.8984368e+03   3.971115e+05   0.000000e+00  10416s
  270232    1.8984545e+03   1.408147e+05   0.000000e+00  10422s
  270352    1.8984786e+03   1.305462e+05   0.000000e+00  10429s
  270482    1.8984986e+03   1.317864e+05   0.000000e+00  10435s
  270612    1.8985183e+03   2.080268e+05   0.000000e+00  10441s
  270732    1.8985410e+03   4.902996e+05   0.000000e+00  10448s
  270862    1.8985594e+03   6.089872e+04   0.000000e+00  10454s
  270982    1.8985779e+03   3.867713e+05   0.000000e+00  10460s
  271102    1.8986045e+03   2.024489e+06   0.000000e+00  10466s
  271232    1.8986265e+03   1.201045e+06   0.000000e+00  10473s
  271362    1.8986455e+03   1.948259e+06   0.000000e+00  10479s
  271482    1.8986595e+03   9.871305e+04   0.000000e+00  10485s
  271602    1.8986825e+03   4.327383e+05   0.000000e+00  10491s
  271722    1.8986957e+03   1.101118e+05   0.000000e+00  10497s
  271842    1.8987110e+03   2.385580e+06   0.000000e+00  10503s
  271972    1.8987254e+03   7.170376e+05   0.000000e+00  10509s
  272102    1.8987389e+03   4.685385e+05   0.000000e+00  10516s
  272232    1.8987631e+03   1.269466e+05   0.000000e+00  10522s
  272362    1.8987810e+03   7.712949e+04   0.000000e+00  10529s
  272472    1.8988058e+03   1.505765e+05   0.000000e+00  10535s
  272592    1.8988297e+03   1.333726e+05   0.000000e+00  10541s
  272712    1.8988501e+03   8.227290e+04   0.000000e+00  10547s
  272832    1.8988704e+03   1.371473e+06   0.000000e+00  10554s
  272952    1.8988903e+03   1.097021e+05   0.000000e+00  10560s
  273082    1.8989159e+03   2.345067e+05   0.000000e+00  10566s
  273212    1.8989448e+03   8.236029e+05   0.000000e+00  10573s
  273342    1.8989636e+03   2.964259e+05   0.000000e+00  10580s
  273472    1.8989892e+03   8.417859e+05   0.000000e+00  10586s
  273592    1.8990092e+03   3.338322e+05   0.000000e+00  10593s
  273722    1.8990267e+03   1.086931e+05   0.000000e+00  10599s
  273852    1.8990462e+03   2.131996e+05   0.000000e+00  10606s
  273982    1.8990640e+03   4.903113e+05   0.000000e+00  10612s
  274112    1.8990880e+03   2.190479e+05   0.000000e+00  10619s
  274242    1.8991079e+03   1.020760e+06   0.000000e+00  10625s
  274372    1.8991286e+03   2.026832e+05   0.000000e+00  10632s
  274502    1.8991476e+03   1.337234e+05   0.000000e+00  10639s
  274632    1.8991717e+03   2.875049e+05   0.000000e+00  10645s
  274752    1.8991911e+03   1.561810e+05   0.000000e+00  10651s
  274872    1.8992071e+03   2.498040e+05   0.000000e+00  10657s
  274992    1.8992302e+03   1.235174e+05   0.000000e+00  10663s
  275122    1.8992494e+03   5.822320e+05   0.000000e+00  10670s
  275262    1.8992624e+03   9.641776e+04   0.000000e+00  10676s
  275392    1.8992800e+03   3.576851e+05   0.000000e+00  10683s
  275522    1.8992993e+03   2.632727e+05   0.000000e+00  10689s
  275652    1.8993164e+03   1.733137e+05   0.000000e+00  10696s
  275782    1.8993394e+03   1.201885e+05   0.000000e+00  10702s
  275902    1.8993619e+03   2.185658e+05   0.000000e+00  10709s
  276022    1.8993813e+03   1.512269e+06   0.000000e+00  10715s
  276122    1.8994045e+03   1.568028e+06   0.000000e+00  10721s
  276212    1.8994245e+03   4.713628e+06   0.000000e+00  10727s
  276302    1.8994375e+03   1.241006e+07   0.000000e+00  10733s
  276402    1.8994514e+03   3.099031e+07   0.000000e+00  10739s
  276492    1.8994610e+03   3.396699e+06   0.000000e+00  10745s
  276582    1.8994686e+03   7.816963e+06   0.000000e+00  10750s
  276672    1.8994925e+03   2.220045e+07   0.000000e+00  10756s
  276772    1.8995182e+03   6.968672e+05   0.000000e+00  10763s
  276862    1.8995390e+03   2.390053e+06   0.000000e+00  10768s
  276952    1.8995597e+03   1.242164e+06   0.000000e+00  10774s
  277042    1.8995810e+03   4.454748e+05   0.000000e+00  10780s
  277132    1.8996054e+03   3.184247e+06   0.000000e+00  10786s
  277222    1.8996302e+03   2.040892e+06   0.000000e+00  10791s
  277312    1.8996492e+03   3.518802e+06   0.000000e+00  10797s
  277402    1.8996661e+03   7.583372e+05   0.000000e+00  10803s
  277492    1.8996852e+03   2.768613e+06   0.000000e+00  10809s
  277582    1.8997031e+03   2.004695e+07   0.000000e+00  10815s
  277672    1.8997177e+03   1.101552e+06   0.000000e+00  10820s
  277772    1.8997416e+03   3.418213e+06   0.000000e+00  10826s
  277862    1.8997617e+03   1.339050e+06   0.000000e+00  10832s
  277952    1.8997801e+03   2.153383e+06   0.000000e+00  10838s
  278042    1.8998054e+03   4.110209e+06   0.000000e+00  10844s
  278132    1.8998230e+03   4.856480e+05   0.000000e+00  10849s
  278212    1.8998356e+03   7.711006e+06   0.000000e+00  10855s
  278292    1.8998509e+03   3.089493e+07   0.000000e+00  10860s
  278382    1.8998616e+03   4.078524e+05   0.000000e+00  10866s
  278472    1.8998740e+03   9.608117e+06   0.000000e+00  10871s
  278572    1.8998853e+03   1.842259e+06   0.000000e+00  10877s
  278672    1.8998966e+03   6.359811e+07   0.000000e+00  10883s
  278772    1.8999056e+03   1.891786e+07   0.000000e+00  10889s
  278862    1.8999157e+03   2.055102e+07   0.000000e+00  10894s
  278962    1.8999238e+03   5.054078e+06   0.000000e+00  10900s
  279062    1.8999313e+03   1.760886e+06   0.000000e+00  10906s
  279162    1.8999395e+03   2.501645e+08   0.000000e+00  10912s
  279262    1.8999481e+03   1.126377e+07   0.000000e+00  10918s
  279362    1.8999550e+03   1.720447e+08   0.000000e+00  10924s
  279462    1.8999626e+03   1.182031e+06   0.000000e+00  10929s
  279562    1.8999687e+03   3.445817e+05   0.000000e+00  10935s
  279672    1.8999791e+03   4.357203e+07   0.000000e+00  10941s
  279772    1.8999879e+03   6.899075e+06   0.000000e+00  10947s
  279872    1.8999963e+03   5.320776e+06   0.000000e+00  10953s
  279972    1.9000031e+03   1.395606e+07   0.000000e+00  10958s
  280072    1.9000108e+03   2.253554e+07   0.000000e+00  10964s
  280172    1.9000180e+03   9.162343e+06   0.000000e+00  10970s
  280272    1.9000259e+03   3.224435e+07   0.000000e+00  10975s
  280372    1.9000363e+03   7.494932e+06   0.000000e+00  10981s
  280462    1.9000450e+03   1.536362e+06   0.000000e+00  10987s
  280562    1.9000543e+03   1.586049e+06   0.000000e+00  10993s
  280662    1.9000625e+03   9.396164e+06   0.000000e+00  10999s
  280762    1.9000719e+03   4.158688e+08   0.000000e+00  11005s
  280862    1.9000818e+03   4.010640e+07   0.000000e+00  11010s
  280962    1.9000903e+03   2.412027e+07   0.000000e+00  11016s
  281062    1.9000971e+03   8.974862e+06   0.000000e+00  11022s
  281162    1.9001040e+03   5.945382e+06   0.000000e+00  11028s
  281262    1.9001108e+03   2.439678e+07   0.000000e+00  11034s
  281362    1.9001192e+03   1.275940e+07   0.000000e+00  11040s
  281462    1.9001276e+03   7.044618e+05   0.000000e+00  11045s
  281572    1.9001346e+03   8.557429e+07   0.000000e+00  11051s
  281672    1.9001404e+03   4.785137e+05   0.000000e+00  11057s
  281772    1.9001475e+03   6.750770e+06   0.000000e+00  11063s
  281872    1.9001542e+03   1.833762e+07   0.000000e+00  11069s
  281972    1.9001640e+03   2.355828e+06   0.000000e+00  11075s
  282072    1.9001713e+03   1.336316e+07   0.000000e+00  11081s
  282172    1.9001770e+03   3.183039e+07   0.000000e+00  11087s
  282272    1.9001831e+03   3.792049e+07   0.000000e+00  11093s
  282362    1.9001890e+03   3.086678e+07   0.000000e+00  11098s
  282462    1.9001961e+03   2.787439e+06   0.000000e+00  11104s
  282562    1.9002036e+03   2.272849e+07   0.000000e+00  11110s
  282662    1.9002117e+03   9.974890e+07   0.000000e+00  11116s
  282762    1.9002181e+03   1.535225e+06   0.000000e+00  11122s
  282862    1.9002270e+03   2.096351e+06   0.000000e+00  11128s
  282962    1.9002349e+03   1.579875e+07   0.000000e+00  11134s
  283062    1.9002438e+03   1.962948e+08   0.000000e+00  11140s
  283162    1.9002536e+03   7.142629e+07   0.000000e+00  11146s
  283262    1.9002660e+03   1.192416e+07   0.000000e+00  11152s
  283352    1.9002734e+03   2.383305e+07   0.000000e+00  11158s
  283452    1.9002790e+03   5.349630e+06   0.000000e+00  11164s
  283552    1.9002853e+03   6.408550e+05   0.000000e+00  11170s
  283652    1.9002942e+03   8.601769e+06   0.000000e+00  11176s
  283752    1.9003034e+03   7.728308e+05   0.000000e+00  11182s
  283862    1.9003095e+03   1.333879e+08   0.000000e+00  11188s
Warning: Markowitz tolerance tightened to 0.25
  283972    1.9003163e+03   1.007490e+08   0.000000e+00  11194s
  284072    1.9003218e+03   1.358783e+07   0.000000e+00  11200s
  284162    1.9003267e+03   1.630148e+07   0.000000e+00  11206s
  284252    1.9003304e+03   1.511170e+08   0.000000e+00  11212s
  284342    1.9003332e+03   4.211691e+06   0.000000e+00  11217s
  284432    1.9003402e+03   8.165084e+06   0.000000e+00  11223s
  284512    1.9003470e+03   3.312512e+07   0.000000e+00  11228s
  284592    1.9003558e+03   4.368038e+06   0.000000e+00  11233s
  284672    1.9003616e+03   6.496392e+05   0.000000e+00  11239s
  284752    1.9003687e+03   1.000927e+06   0.000000e+00  11244s
  284832    1.9003774e+03   3.323762e+06   0.000000e+00  11250s
  284912    1.9003838e+03   2.923478e+06   0.000000e+00  11255s
  284992    1.9003906e+03   2.607010e+06   0.000000e+00  11260s
  285072    1.9003968e+03   5.989161e+07   0.000000e+00  11266s
  285152    1.9004016e+03   2.421370e+06   0.000000e+00  11271s
  285232    1.9004072e+03   3.439310e+06   0.000000e+00  11277s
  285312    1.9004124e+03   1.514033e+07   0.000000e+00  11282s
  285392    1.9004169e+03   1.427677e+05   0.000000e+00  11288s
  285482    1.9004249e+03   2.477214e+05   0.000000e+00  11294s
  285562    1.9004337e+03   6.278441e+05   0.000000e+00  11299s
  285642    1.9004387e+03   2.963893e+07   0.000000e+00  11305s
  285722    1.9004445e+03   1.335212e+08   0.000000e+00  11310s
  285802    1.9004491e+03   2.464443e+06   0.000000e+00  11316s
  285892    1.9004535e+03   3.444228e+07   0.000000e+00  11321s
  285972    1.9004607e+03   1.744998e+06   0.000000e+00  11327s
  286052    1.9004699e+03   2.964795e+06   0.000000e+00  11332s
  286132    1.9004763e+03   2.692095e+07   0.000000e+00  11337s
  286222    1.9004842e+03   4.756338e+07   0.000000e+00  11343s
  286312    1.9004890e+03   1.607338e+07   0.000000e+00  11349s
  286392    1.9004946e+03   3.415819e+06   0.000000e+00  11355s
  286472    1.9005027e+03   1.015946e+07   0.000000e+00  11360s
  286552    1.9005098e+03   1.608225e+07   0.000000e+00  11365s
  286632    1.9005185e+03   1.151737e+07   0.000000e+00  11371s
  286712    1.9005267e+03   5.971325e+06   0.000000e+00  11377s
  286792    1.9005316e+03   5.121632e+06   0.000000e+00  11382s
  286872    1.9005369e+03   3.486344e+06   0.000000e+00  11387s
  286952    1.9005427e+03   4.570397e+06   0.000000e+00  11393s
  287042    1.9005498e+03   1.550748e+07   0.000000e+00  11399s
  287122    1.9005556e+03   8.670249e+06   0.000000e+00  11404s
  287202    1.9005606e+03   2.517684e+06   0.000000e+00  11410s
  287282    1.9005675e+03   4.401311e+06   0.000000e+00  11415s
  287362    1.9005733e+03   7.112426e+06   0.000000e+00  11421s
  287442    1.9005794e+03   1.535125e+07   0.000000e+00  11426s
  287522    1.9005863e+03   1.234240e+07   0.000000e+00  11432s
  287602    1.9005923e+03   6.197628e+06   0.000000e+00  11437s
  287682    1.9006018e+03   2.155435e+05   0.000000e+00  11443s
  287762    1.9006102e+03   5.835616e+06   0.000000e+00  11448s
  287842    1.9006193e+03   2.288226e+06   0.000000e+00  11454s
  287922    1.9006248e+03   2.789175e+07   0.000000e+00  11459s
  288002    1.9006296e+03   6.359518e+06   0.000000e+00  11465s
  288082    1.9006355e+03   6.082458e+06   0.000000e+00  11470s
  288162    1.9006408e+03   1.632919e+06   0.000000e+00  11476s
  288242    1.9006506e+03   2.536759e+07   0.000000e+00  11482s
  288322    1.9006587e+03   1.613436e+05   0.000000e+00  11487s
  288402    1.9006666e+03   6.018632e+06   0.000000e+00  11493s
  288482    1.9006718e+03   1.001421e+07   0.000000e+00  11498s
  288562    1.9006793e+03   3.046136e+06   0.000000e+00  11504s
  288642    1.9006864e+03   2.211232e+07   0.000000e+00  11509s
  288722    1.9006946e+03   2.586385e+07   0.000000e+00  11515s
  288812    1.9007014e+03   1.329306e+06   0.000000e+00  11521s
  288892    1.9007065e+03   3.002573e+06   0.000000e+00  11526s
  288982    1.9007138e+03   6.853226e+06   0.000000e+00  11532s
  289062    1.9007212e+03   3.064550e+06   0.000000e+00  11537s
  289142    1.9007290e+03   3.528941e+06   0.000000e+00  11543s
  289222    1.9007349e+03   3.216789e+06   0.000000e+00  11548s
  289302    1.9007420e+03   2.210657e+06   0.000000e+00  11554s
  289382    1.9007490e+03   1.109513e+06   0.000000e+00  11559s
  289462    1.9007562e+03   3.886685e+07   0.000000e+00  11565s
  289542    1.9007662e+03   1.650710e+06   0.000000e+00  11570s
  289622    1.9007735e+03   2.479141e+06   0.000000e+00  11576s
  289702    1.9007828e+03   5.195855e+05   0.000000e+00  11581s
  289782    1.9007939e+03   6.178415e+06   0.000000e+00  11587s
  289862    1.9008054e+03   3.742517e+07   0.000000e+00  11592s
  289942    1.9008160e+03   2.240559e+05   0.000000e+00  11598s
  290022    1.9008256e+03   1.306296e+06   0.000000e+00  11603s
  290102    1.9008344e+03   4.506500e+07   0.000000e+00  11609s
  290182    1.9008452e+03   4.260806e+06   0.000000e+00  11614s
  290262    1.9008567e+03   3.497129e+05   0.000000e+00  11620s
  290342    1.9008637e+03   2.355081e+07   0.000000e+00  11626s
  290422    1.9008695e+03   1.005227e+06   0.000000e+00  11631s
  290502    1.9008774e+03   9.566301e+06   0.000000e+00  11637s
  290592    1.9008832e+03   1.262705e+07   0.000000e+00  11643s
  290672    1.9008884e+03   5.369321e+05   0.000000e+00  11648s
  290752    1.9008944e+03   1.444529e+06   0.000000e+00  11653s
  290832    1.9008999e+03   6.634926e+06   0.000000e+00  11658s
  290912    1.9009057e+03   3.149692e+05   0.000000e+00  11664s
  291002    1.9009096e+03   2.503061e+06   0.000000e+00  11669s
  291092    1.9009164e+03   6.010959e+06   0.000000e+00  11675s
  291172    1.9009215e+03   5.396065e+06   0.000000e+00  11681s
  291252    1.9009253e+03   6.916647e+05   0.000000e+00  11686s
  291332    1.9009308e+03   6.616400e+07   0.000000e+00  11691s
  291412    1.9009372e+03   1.347435e+07   0.000000e+00  11697s
  291492    1.9009431e+03   1.147738e+08   0.000000e+00  11702s
  291572    1.9009474e+03   1.691766e+07   0.000000e+00  11707s
  291662    1.9009512e+03   3.687237e+05   0.000000e+00  11713s
  291742    1.9009569e+03   3.713700e+06   0.000000e+00  11718s
  291822    1.9009643e+03   3.281462e+06   0.000000e+00  11723s
  291912    1.9009703e+03   6.585147e+07   0.000000e+00  11729s
  292002    1.9009763e+03   5.630703e+06   0.000000e+00  11735s
  292092    1.9009849e+03   1.229375e+07   0.000000e+00  11740s
  292172    1.9009917e+03   3.798821e+07   0.000000e+00  11746s
  292262    1.9009976e+03   3.949785e+07   0.000000e+00  11752s
  292352    1.9010042e+03   1.275368e+07   0.000000e+00  11758s
  292432    1.9010121e+03   5.829212e+05   0.000000e+00  11763s
  292522    1.9010184e+03   1.242563e+06   0.000000e+00  11769s
  292602    1.9010216e+03   1.688393e+07   0.000000e+00  11774s
  292692    1.9010265e+03   2.974851e+07   0.000000e+00  11780s
  292772    1.9010340e+03   2.739962e+07   0.000000e+00  11785s
  292852    1.9010404e+03   1.634901e+07   0.000000e+00  11791s
  292932    1.9010473e+03   6.569189e+05   0.000000e+00  11796s
  293012    1.9010542e+03   1.243620e+06   0.000000e+00  11802s
  293092    1.9010620e+03   1.633671e+06   0.000000e+00  11807s
  293182    1.9010709e+03   1.768603e+06   0.000000e+00  11813s
  293262    1.9010787e+03   6.134743e+07   0.000000e+00  11818s
  293342    1.9010859e+03   5.512160e+06   0.000000e+00  11824s
  293432    1.9010939e+03   1.200124e+07   0.000000e+00  11830s
  293512    1.9011009e+03   3.635295e+06   0.000000e+00  11835s
  293592    1.9011069e+03   4.014412e+05   0.000000e+00  11841s
  293672    1.9011150e+03   1.419267e+07   0.000000e+00  11846s
  293752    1.9011249e+03   4.487248e+06   0.000000e+00  11852s
  293832    1.9011337e+03   8.219484e+05   0.000000e+00  11857s
  293912    1.9011429e+03   5.463707e+06   0.000000e+00  11863s
  293992    1.9011521e+03   8.570161e+05   0.000000e+00  11869s
  294072    1.9011612e+03   3.747643e+06   0.000000e+00  11875s
  294152    1.9011681e+03   8.671771e+06   0.000000e+00  11880s
  294232    1.9011752e+03   7.048697e+06   0.000000e+00  11886s
  294312    1.9011842e+03   4.263899e+06   0.000000e+00  11891s
  294392    1.9011933e+03   3.450603e+06   0.000000e+00  11897s
  294472    1.9012021e+03   8.003805e+05   0.000000e+00  11902s
  294552    1.9012104e+03   5.782435e+05   0.000000e+00  11908s
  294632    1.9012210e+03   2.089656e+06   0.000000e+00  11914s
  294712    1.9012284e+03   1.585077e+06   0.000000e+00  11919s
  294792    1.9012385e+03   3.924730e+05   0.000000e+00  11925s
  294872    1.9012459e+03   2.326557e+06   0.000000e+00  11931s
  294952    1.9012531e+03   6.938177e+07   0.000000e+00  11936s
  295032    1.9012610e+03   5.776003e+06   0.000000e+00  11942s
  295112    1.9012698e+03   7.073174e+05   0.000000e+00  11948s
  295192    1.9012779e+03   3.061402e+06   0.000000e+00  11953s
  295272    1.9012837e+03   2.046425e+06   0.000000e+00  11959s
  295352    1.9012939e+03   9.175847e+06   0.000000e+00  11965s
  295432    1.9013020e+03   5.115443e+06   0.000000e+00  11970s
  295512    1.9013100e+03   1.693807e+07   0.000000e+00  11976s
  295592    1.9013181e+03   1.476321e+06   0.000000e+00  11981s
  295672    1.9013260e+03   4.022884e+05   0.000000e+00  11987s
  295752    1.9013328e+03   1.398132e+05   0.000000e+00  11993s
  295832    1.9013427e+03   2.184279e+06   0.000000e+00  11998s
  295902    1.9013515e+03   4.560658e+05   0.000000e+00  12004s
  295982    1.9013632e+03   4.333598e+06   0.000000e+00  12009s
  296062    1.9013722e+03   3.336971e+06   0.000000e+00  12015s
  296142    1.9013805e+03   2.789856e+05   0.000000e+00  12021s
  296222    1.9013886e+03   6.704274e+06   0.000000e+00  12026s
  296302    1.9013993e+03   1.986414e+06   0.000000e+00  12032s
  296382    1.9014111e+03   1.843171e+05   0.000000e+00  12038s
  296462    1.9014208e+03   4.144141e+07   0.000000e+00  12043s
  296542    1.9014344e+03   2.157687e+05   0.000000e+00  12049s
  296622    1.9014462e+03   1.265545e+07   0.000000e+00  12055s
  296702    1.9014597e+03   4.909716e+05   0.000000e+00  12060s
  296782    1.9014709e+03   8.482583e+05   0.000000e+00  12066s
  296862    1.9014782e+03   1.379471e+07   0.000000e+00  12072s
  296942    1.9014874e+03   2.317132e+07   0.000000e+00  12077s
  297022    1.9014951e+03   9.880777e+05   0.000000e+00  12083s
  297102    1.9015048e+03   1.062456e+05   0.000000e+00  12088s
  297182    1.9015119e+03   2.661864e+05   0.000000e+00  12094s
  297262    1.9015193e+03   1.480683e+06   0.000000e+00  12099s
  297342    1.9015261e+03   1.132298e+07   0.000000e+00  12105s
  297422    1.9015350e+03   2.685486e+07   0.000000e+00  12110s
  297502    1.9015422e+03   4.450186e+05   0.000000e+00  12116s
  297582    1.9015514e+03   1.425934e+06   0.000000e+00  12122s
  297662    1.9015602e+03   2.997461e+06   0.000000e+00  12127s
  297742    1.9015701e+03   1.380824e+07   0.000000e+00  12133s
  297822    1.9015789e+03   1.553317e+06   0.000000e+00  12139s
  297902    1.9015907e+03   1.716494e+06   0.000000e+00  12144s
  297982    1.9015991e+03   4.913539e+05   0.000000e+00  12150s
  298062    1.9016088e+03   3.582562e+06   0.000000e+00  12155s
  298142    1.9016166e+03   1.030447e+06   0.000000e+00  12161s
  298222    1.9016243e+03   7.746486e+06   0.000000e+00  12166s
  298302    1.9016311e+03   4.744212e+06   0.000000e+00  12172s
  298382    1.9016387e+03   6.144836e+05   0.000000e+00  12177s
  298462    1.9016479e+03   2.366584e+06   0.000000e+00  12183s
  298542    1.9016544e+03   1.324284e+07   0.000000e+00  12188s
  298622    1.9016615e+03   3.208254e+06   0.000000e+00  12194s
  298702    1.9016707e+03   5.199902e+06   0.000000e+00  12199s
  298782    1.9016795e+03   2.487179e+06   0.000000e+00  12205s
  298862    1.9016884e+03   1.670528e+07   0.000000e+00  12211s
  298942    1.9016952e+03   2.748945e+05   0.000000e+00  12216s
  299022    1.9017034e+03   1.609323e+06   0.000000e+00  12222s
  299102    1.9017093e+03   6.528546e+05   0.000000e+00  12227s
  299182    1.9017146e+03   1.782196e+06   0.000000e+00  12233s
  299262    1.9017226e+03   3.048886e+06   0.000000e+00  12238s
  299342    1.9017349e+03   4.069249e+06   0.000000e+00  12244s
  299422    1.9017454e+03   4.857876e+05   0.000000e+00  12250s
  299502    1.9017550e+03   1.073727e+06   0.000000e+00  12255s
  299582    1.9017634e+03   2.693988e+06   0.000000e+00  12261s
  299662    1.9017691e+03   3.520497e+06   0.000000e+00  12267s
  299742    1.9017788e+03   2.167539e+05   0.000000e+00  12272s
  299822    1.9017871e+03   1.052043e+06   0.000000e+00  12277s
  299902    1.9017924e+03   1.106943e+05   0.000000e+00  12283s
  299982    1.9017996e+03   2.606192e+06   0.000000e+00  12288s
  300062    1.9018085e+03   8.836925e+05   0.000000e+00  12294s
  300142    1.9018143e+03   2.007245e+05   0.000000e+00  12300s
  300222    1.9018232e+03   3.424990e+05   0.000000e+00  12305s
  300302    1.9018350e+03   1.311419e+06   0.000000e+00  12311s
  300382    1.9018453e+03   1.543110e+06   0.000000e+00  12316s
  300462    1.9018548e+03   7.257389e+05   0.000000e+00  12322s
  300542    1.9018635e+03   2.435465e+06   0.000000e+00  12327s
  300622    1.9018718e+03   7.907063e+07   0.000000e+00  12333s
  300702    1.9018793e+03   9.520398e+05   0.000000e+00  12338s
  300772    1.9018876e+03   3.008115e+06   0.000000e+00  12344s
  300852    1.9018943e+03   1.864655e+06   0.000000e+00  12349s
  300932    1.9019045e+03   1.049509e+06   0.000000e+00  12355s
  301012    1.9019140e+03   6.885560e+06   0.000000e+00  12360s
  301092    1.9019230e+03   9.069140e+05   0.000000e+00  12366s
  301172    1.9019327e+03   6.625547e+05   0.000000e+00  12371s
  301252    1.9019437e+03   1.664585e+06   0.000000e+00  12377s
  301332    1.9019556e+03   9.749077e+05   0.000000e+00  12382s
  301412    1.9019662e+03   1.266233e+05   0.000000e+00  12388s
  301492    1.9019742e+03   9.376792e+05   0.000000e+00  12393s
  301572    1.9019810e+03   2.813847e+05   0.000000e+00  12399s
  301652    1.9019896e+03   7.121817e+06   0.000000e+00  12404s
  301732    1.9019974e+03   3.286062e+06   0.000000e+00  12410s
  301812    1.9020083e+03   1.054060e+06   0.000000e+00  12416s
  301892    1.9020208e+03   1.714267e+06   0.000000e+00  12421s
  301972    1.9020321e+03   3.364811e+06   0.000000e+00  12427s
  302052    1.9020416e+03   5.257979e+06   0.000000e+00  12432s
  302132    1.9020487e+03   1.940877e+06   0.000000e+00  12438s
  302212    1.9020576e+03   8.677947e+05   0.000000e+00  12443s
  302292    1.9020676e+03   2.462916e+05   0.000000e+00  12448s
  302372    1.9020807e+03   2.624699e+05   0.000000e+00  12454s
  302452    1.9020922e+03   1.020026e+05   0.000000e+00  12460s
  302532    1.9021025e+03   7.318162e+05   0.000000e+00  12465s
  302612    1.9021153e+03   9.378813e+05   0.000000e+00  12471s
  302692    1.9021278e+03   2.667685e+05   0.000000e+00  12476s
  302772    1.9021359e+03   2.725953e+06   0.000000e+00  12482s
  302852    1.9021452e+03   8.118414e+05   0.000000e+00  12487s
  302932    1.9021545e+03   2.355933e+06   0.000000e+00  12492s
  303012    1.9021621e+03   5.980012e+05   0.000000e+00  12498s
  303092    1.9021699e+03   3.722463e+05   0.000000e+00  12503s
  303172    1.9021787e+03   1.016738e+07   0.000000e+00  12509s
  303252    1.9021863e+03   1.764950e+05   0.000000e+00  12514s
  303332    1.9021948e+03   1.358699e+06   0.000000e+00  12520s
  303412    1.9022028e+03   2.933004e+05   0.000000e+00  12525s
  303492    1.9022101e+03   5.135382e+06   0.000000e+00  12531s
  303572    1.9022187e+03   1.450254e+06   0.000000e+00  12536s
  303652    1.9022285e+03   1.499540e+05   0.000000e+00  12542s
  303732    1.9022373e+03   4.177213e+05   0.000000e+00  12547s
  303812    1.9022472e+03   2.361709e+05   0.000000e+00  12553s
  303892    1.9022585e+03   9.571736e+04   0.000000e+00  12558s
  303972    1.9022648e+03   9.810922e+05   0.000000e+00  12564s
  304052    1.9022723e+03   4.286238e+05   0.000000e+00  12570s
  304122    1.9022798e+03   1.464356e+05   0.000000e+00  12575s
  304202    1.9022891e+03   2.850161e+06   0.000000e+00  12580s
  304282    1.9022979e+03   5.444639e+05   0.000000e+00  12586s
  304362    1.9023088e+03   1.656252e+05   0.000000e+00  12591s
  304442    1.9023161e+03   4.707704e+05   0.000000e+00  12597s
  304522    1.9023239e+03   2.820169e+05   0.000000e+00  12603s
  304602    1.9023314e+03   4.264828e+06   0.000000e+00  12608s
  304682    1.9023392e+03   1.863199e+05   0.000000e+00  12613s
  304762    1.9023491e+03   1.232770e+06   0.000000e+00  12619s
  304842    1.9023556e+03   2.254175e+05   0.000000e+00  12624s
  304922    1.9023628e+03   3.943138e+05   0.000000e+00  12630s
  305002    1.9023711e+03   2.621788e+06   0.000000e+00  12635s
  305082    1.9023811e+03   5.712061e+04   0.000000e+00  12641s
  305162    1.9023912e+03   3.669378e+05   0.000000e+00  12647s
  305242    1.9023977e+03   2.387665e+06   0.000000e+00  12652s
  305322    1.9024047e+03   3.199358e+05   0.000000e+00  12658s
  305402    1.9024130e+03   1.836260e+06   0.000000e+00  12664s
  305482    1.9024206e+03   5.039194e+06   0.000000e+00  12669s
  305562    1.9024283e+03   1.881025e+05   0.000000e+00  12675s
  305642    1.9024367e+03   6.083417e+05   0.000000e+00  12680s
  305722    1.9024438e+03   6.027238e+05   0.000000e+00  12686s
  305802    1.9024514e+03   3.313760e+06   0.000000e+00  12691s
  305882    1.9024598e+03   7.562491e+04   0.000000e+00  12697s
  305962    1.9024698e+03   7.368740e+04   0.000000e+00  12702s
  306042    1.9024775e+03   2.728275e+05   0.000000e+00  12708s
  306122    1.9024872e+03   1.164565e+06   0.000000e+00  12713s
  306202    1.9025018e+03   1.845254e+06   0.000000e+00  12719s
  306282    1.9025109e+03   2.298829e+06   0.000000e+00  12724s
  306362    1.9025200e+03   1.175245e+07   0.000000e+00  12730s
  306442    1.9025293e+03   5.312907e+05   0.000000e+00  12735s
  306522    1.9025351e+03   8.193951e+05   0.000000e+00  12741s
  306602    1.9025449e+03   2.058533e+06   0.000000e+00  12746s
  306682    1.9025549e+03   2.083157e+06   0.000000e+00  12752s
  306762    1.9025662e+03   2.793626e+07   0.000000e+00  12757s
  306842    1.9025747e+03   1.321632e+07   0.000000e+00  12763s
  306922    1.9025844e+03   1.848616e+05   0.000000e+00  12768s
  307002    1.9025957e+03   9.829080e+05   0.000000e+00  12774s
  307082    1.9026060e+03   1.934356e+05   0.000000e+00  12779s
  307162    1.9026131e+03   1.432682e+05   0.000000e+00  12785s
  307242    1.9026198e+03   1.746455e+06   0.000000e+00  12790s
  307322    1.9026297e+03   4.140957e+06   0.000000e+00  12796s
  307402    1.9026404e+03   8.082652e+05   0.000000e+00  12801s
  307482    1.9026473e+03   2.316670e+07   0.000000e+00  12807s
  307562    1.9026565e+03   1.182063e+05   0.000000e+00  12812s
  307642    1.9026647e+03   8.576334e+05   0.000000e+00  12818s
  307722    1.9026711e+03   5.642484e+05   0.000000e+00  12823s
  307802    1.9026808e+03   1.673566e+05   0.000000e+00  12828s
  307882    1.9026908e+03   4.738125e+06   0.000000e+00  12834s
  307962    1.9026956e+03   1.227484e+06   0.000000e+00  12839s
  308042    1.9027052e+03   5.342330e+06   0.000000e+00  12845s
  308122    1.9027139e+03   5.737380e+06   0.000000e+00  12850s
  308202    1.9027239e+03   3.036107e+05   0.000000e+00  12856s
  308282    1.9027346e+03   2.153299e+06   0.000000e+00  12861s
  308362    1.9027468e+03   2.914327e+05   0.000000e+00  12867s
  308442    1.9027575e+03   1.987850e+06   0.000000e+00  12872s
  308522    1.9027715e+03   1.056031e+06   0.000000e+00  12878s
  308602    1.9027809e+03   6.930108e+06   0.000000e+00  12883s
  308682    1.9027868e+03   1.226170e+06   0.000000e+00  12889s
  308762    1.9027934e+03   5.581792e+05   0.000000e+00  12894s
  308842    1.9028022e+03   3.419063e+05   0.000000e+00  12899s
  308922    1.9028128e+03   1.649227e+05   0.000000e+00  12905s
  309002    1.9028213e+03   9.327894e+04   0.000000e+00  12911s
  309082    1.9028291e+03   4.789835e+06   0.000000e+00  12916s
  309162    1.9028380e+03   1.829772e+05   0.000000e+00  12922s
  309242    1.9028473e+03   9.782032e+04   0.000000e+00  12927s
  309322    1.9028581e+03   1.846532e+06   0.000000e+00  12933s
  309402    1.9028659e+03   2.424614e+06   0.000000e+00  12938s
  309482    1.9028757e+03   1.640212e+05   0.000000e+00  12944s
  309562    1.9028827e+03   2.030969e+05   0.000000e+00  12950s
  309642    1.9028914e+03   3.885892e+06   0.000000e+00  12955s
  309722    1.9028987e+03   2.083519e+06   0.000000e+00  12961s
  309802    1.9029056e+03   2.188292e+06   0.000000e+00  12966s
  309882    1.9029121e+03   2.381033e+05   0.000000e+00  12972s
  309962    1.9029182e+03   2.174526e+07   0.000000e+00  12977s
  310042    1.9029239e+03   5.173316e+05   0.000000e+00  12983s
  310122    1.9029306e+03   2.801435e+05   0.000000e+00  12989s
  310202    1.9029364e+03   8.996927e+06   0.000000e+00  12994s
  310282    1.9029437e+03   3.054020e+05   0.000000e+00  13000s
  310362    1.9029502e+03   3.274532e+05   0.000000e+00  13005s
  310442    1.9029583e+03   6.669551e+05   0.000000e+00  13011s
  310522    1.9029648e+03   1.381335e+06   0.000000e+00  13017s
  310602    1.9029714e+03   2.721585e+06   0.000000e+00  13022s
  310682    1.9029781e+03   4.273862e+06   0.000000e+00  13027s
  310762    1.9029852e+03   2.654187e+05   0.000000e+00  13033s
  310842    1.9029956e+03   4.525186e+05   0.000000e+00  13039s
  310922    1.9030068e+03   1.259181e+06   0.000000e+00  13045s
  311002    1.9030161e+03   1.154729e+06   0.000000e+00  13050s
  311082    1.9030255e+03   8.234481e+04   0.000000e+00  13056s
  311162    1.9030359e+03   2.201272e+07   0.000000e+00  13061s
  311242    1.9030442e+03   7.834157e+04   0.000000e+00  13067s
  311322    1.9030534e+03   1.390094e+06   0.000000e+00  13072s
  311402    1.9030646e+03   3.515551e+05   0.000000e+00  13078s
  311482    1.9030739e+03   1.260747e+06   0.000000e+00  13083s
  311562    1.9030836e+03   9.146328e+05   0.000000e+00  13089s
  311642    1.9030923e+03   1.190398e+05   0.000000e+00  13094s
  311722    1.9030999e+03   3.032906e+06   0.000000e+00  13100s
  311802    1.9031072e+03   2.835327e+05   0.000000e+00  13105s
  311882    1.9031143e+03   1.228394e+06   0.000000e+00  13111s
  311962    1.9031227e+03   1.012604e+06   0.000000e+00  13116s
  312042    1.9031311e+03   1.449843e+06   0.000000e+00  13122s
  312122    1.9031392e+03   2.859740e+06   0.000000e+00  13127s
  312202    1.9031466e+03   1.755013e+06   0.000000e+00  13133s
  312282    1.9031545e+03   2.963004e+05   0.000000e+00  13138s
  312362    1.9031643e+03   5.530088e+05   0.000000e+00  13144s
  312442    1.9031710e+03   1.007574e+06   0.000000e+00  13149s
  312522    1.9031778e+03   8.363925e+05   0.000000e+00  13155s
  312602    1.9031862e+03   9.490652e+05   0.000000e+00  13160s
  312682    1.9031922e+03   5.591702e+06   0.000000e+00  13166s
  312762    1.9032001e+03   3.324444e+06   0.000000e+00  13171s
  312842    1.9032057e+03   5.027218e+06   0.000000e+00  13177s
  312922    1.9032123e+03   1.648774e+06   0.000000e+00  13182s
  313002    1.9032197e+03   7.687257e+05   0.000000e+00  13188s
  313082    1.9032278e+03   6.644523e+04   0.000000e+00  13193s
  313162    1.9032367e+03   2.038790e+06   0.000000e+00  13199s
  313242    1.9032427e+03   7.922229e+05   0.000000e+00  13204s
  313322    1.9032484e+03   1.179075e+05   0.000000e+00  13210s
  313402    1.9032587e+03   1.199958e+06   0.000000e+00  13215s
  313482    1.9032667e+03   1.036698e+06   0.000000e+00  13221s
  313562    1.9032728e+03   6.022970e+05   0.000000e+00  13226s
  313642    1.9032791e+03   2.221566e+06   0.000000e+00  13231s
  313722    1.9032849e+03   2.728636e+05   0.000000e+00  13237s
  313802    1.9032954e+03   1.657843e+07   0.000000e+00  13243s
  313882    1.9033033e+03   7.585490e+06   0.000000e+00  13248s
  313962    1.9033128e+03   4.328775e+05   0.000000e+00  13254s
  314042    1.9033216e+03   5.145130e+06   0.000000e+00  13259s
  314122    1.9033296e+03   3.889197e+05   0.000000e+00  13265s
  314202    1.9033395e+03   2.083659e+05   0.000000e+00  13270s
  314282    1.9033466e+03   1.249548e+06   0.000000e+00  13276s
  314362    1.9033534e+03   2.261842e+05   0.000000e+00  13281s
  314442    1.9033605e+03   8.422414e+04   0.000000e+00  13287s
  314522    1.9033674e+03   1.953126e+05   0.000000e+00  13292s
  314602    1.9033769e+03   2.048852e+06   0.000000e+00  13298s
  314682    1.9033826e+03   3.725428e+05   0.000000e+00  13303s
  314762    1.9033880e+03   1.397599e+05   0.000000e+00  13309s
  314842    1.9033956e+03   7.005739e+06   0.000000e+00  13314s
  314922    1.9034039e+03   5.497810e+05   0.000000e+00  13320s
  315002    1.9034136e+03   4.156183e+05   0.000000e+00  13326s
  315082    1.9034228e+03   2.038250e+05   0.000000e+00  13331s
  315162    1.9034302e+03   1.331704e+06   0.000000e+00  13337s
  315242    1.9034364e+03   1.897979e+05   0.000000e+00  13342s
  315322    1.9034416e+03   5.847295e+05   0.000000e+00  13348s
  315402    1.9034497e+03   8.307012e+05   0.000000e+00  13353s
  315482    1.9034563e+03   3.231069e+07   0.000000e+00  13358s
  315562    1.9034625e+03   2.324442e+05   0.000000e+00  13364s
  315642    1.9034713e+03   1.525271e+06   0.000000e+00  13369s
  315722    1.9034771e+03   2.804091e+05   0.000000e+00  13375s
  315802    1.9034837e+03   1.406323e+05   0.000000e+00  13380s
  315882    1.9034900e+03   6.457130e+06   0.000000e+00  13386s
  315962    1.9034975e+03   1.587359e+06   0.000000e+00  13391s
  316042    1.9035063e+03   1.968408e+06   0.000000e+00  13397s
  316122    1.9035112e+03   1.123613e+05   0.000000e+00  13402s
  316202    1.9035192e+03   9.942023e+06   0.000000e+00  13408s
  316282    1.9035282e+03   4.264920e+06   0.000000e+00  13413s
  316362    1.9035352e+03   1.081263e+06   0.000000e+00  13419s
  316442    1.9035450e+03   2.122518e+06   0.000000e+00  13424s
  316522    1.9035503e+03   2.670625e+05   0.000000e+00  13429s
  316602    1.9035563e+03   8.544669e+04   0.000000e+00  13435s
  316682    1.9035619e+03   2.693044e+05   0.000000e+00  13440s
  316762    1.9035677e+03   9.663291e+05   0.000000e+00  13446s
  316842    1.9035751e+03   6.371719e+05   0.000000e+00  13451s
  316922    1.9035822e+03   3.099869e+06   0.000000e+00  13457s
  317002    1.9035888e+03   2.890632e+06   0.000000e+00  13462s
  317082    1.9035963e+03   1.735429e+06   0.000000e+00  13467s
  317162    1.9036020e+03   1.981775e+06   0.000000e+00  13473s
  317242    1.9036088e+03   8.759725e+04   0.000000e+00  13478s
  317322    1.9036156e+03   2.009336e+06   0.000000e+00  13484s
  317402    1.9036238e+03   4.614758e+05   0.000000e+00  13489s
  317482    1.9036321e+03   2.384121e+05   0.000000e+00  13495s
  317562    1.9036417e+03   7.347369e+05   0.000000e+00  13500s
  317642    1.9036475e+03   7.103604e+06   0.000000e+00  13505s
  317722    1.9036541e+03   2.278874e+05   0.000000e+00  13511s
  317802    1.9036618e+03   1.073312e+05   0.000000e+00  13516s
  317882    1.9036696e+03   3.602628e+06   0.000000e+00  13522s
  317962    1.9036792e+03   4.574751e+05   0.000000e+00  13527s
  318042    1.9036900e+03   1.758170e+05   0.000000e+00  13533s
  318122    1.9036988e+03   2.103292e+05   0.000000e+00  13538s
  318202    1.9037074e+03   5.301514e+06   0.000000e+00  13544s
  318292    1.9037156e+03   2.545404e+05   0.000000e+00  13550s
  318372    1.9037220e+03   2.080553e+06   0.000000e+00  13555s
  318452    1.9037298e+03   2.199957e+06   0.000000e+00  13560s
  318532    1.9037353e+03   7.463423e+05   0.000000e+00  13566s
  318612    1.9037421e+03   8.043874e+05   0.000000e+00  13571s
  318692    1.9037487e+03   5.799220e+06   0.000000e+00  13577s
  318772    1.9037564e+03   1.721091e+05   0.000000e+00  13582s
  318852    1.9037639e+03   2.395699e+05   0.000000e+00  13588s
  318932    1.9037709e+03   8.219005e+06   0.000000e+00  13593s
  319012    1.9037772e+03   3.878715e+06   0.000000e+00  13598s
  319092    1.9037857e+03   1.132853e+06   0.000000e+00  13604s
  319172    1.9037908e+03   4.353320e+05   0.000000e+00  13609s
  319252    1.9038011e+03   5.998102e+05   0.000000e+00  13615s
  319332    1.9038123e+03   2.560432e+05   0.000000e+00  13620s
  319412    1.9038174e+03   7.413567e+05   0.000000e+00  13626s
  319492    1.9038222e+03   1.004265e+06   0.000000e+00  13631s
  319572    1.9038303e+03   3.904606e+05   0.000000e+00  13637s
  319652    1.9038370e+03   2.425237e+05   0.000000e+00  13642s
  319732    1.9038449e+03   3.372597e+06   0.000000e+00  13648s
  319812    1.9038508e+03   5.554608e+07   0.000000e+00  13653s
  319892    1.9038587e+03   1.125289e+05   0.000000e+00  13659s
  319972    1.9038650e+03   1.022128e+06   0.000000e+00  13664s
  320052    1.9038714e+03   3.375232e+06   0.000000e+00  13670s
  320132    1.9038763e+03   1.680602e+05   0.000000e+00  13675s
  320212    1.9038821e+03   3.292560e+05   0.000000e+00  13680s
  320292    1.9038888e+03   1.860095e+05   0.000000e+00  13685s
  320372    1.9038948e+03   1.807470e+06   0.000000e+00  13691s
  320452    1.9039005e+03   1.353910e+06   0.000000e+00  13696s
  320532    1.9039059e+03   3.268635e+05   0.000000e+00  13701s
  320612    1.9039134e+03   1.559905e+05   0.000000e+00  13706s
  320692    1.9039185e+03   9.650914e+05   0.000000e+00  13712s
  320772    1.9039260e+03   2.294510e+05   0.000000e+00  13717s
  320852    1.9039363e+03   3.200196e+05   0.000000e+00  13723s
  320932    1.9039455e+03   5.829340e+05   0.000000e+00  13728s
  321012    1.9039532e+03   9.292893e+04   0.000000e+00  13733s
  321092    1.9039582e+03   5.628349e+06   0.000000e+00  13738s
  321172    1.9039672e+03   1.753873e+06   0.000000e+00  13744s
  321252    1.9039740e+03   5.578221e+05   0.000000e+00  13749s
  321332    1.9039801e+03   1.144388e+06   0.000000e+00  13754s
  321412    1.9039867e+03   8.790569e+04   0.000000e+00  13760s
  321492    1.9039942e+03   2.387599e+05   0.000000e+00  13765s
  321572    1.9040020e+03   8.534068e+05   0.000000e+00  13771s
  321652    1.9040106e+03   1.821592e+05   0.000000e+00  13776s
  321732    1.9040198e+03   1.184917e+06   0.000000e+00  13781s
  321812    1.9040270e+03   3.499894e+05   0.000000e+00  13787s
  321892    1.9040336e+03   3.821940e+06   0.000000e+00  13792s
  321972    1.9040412e+03   1.648560e+05   0.000000e+00  13797s
  322052    1.9040489e+03   4.624652e+06   0.000000e+00  13803s
  322132    1.9040555e+03   4.644089e+06   0.000000e+00  13808s
  322212    1.9040629e+03   2.313460e+06   0.000000e+00  13813s
  322292    1.9040666e+03   6.837630e+06   0.000000e+00  13818s
  322372    1.9040723e+03   1.344781e+07   0.000000e+00  13823s
  322452    1.9040777e+03   1.028202e+06   0.000000e+00  13828s
  322532    1.9040839e+03   1.554488e+07   0.000000e+00  13834s
  322612    1.9040879e+03   1.346837e+06   0.000000e+00  13839s
  322692    1.9040923e+03   2.329235e+05   0.000000e+00  13844s
  322772    1.9040980e+03   5.077392e+07   0.000000e+00  13849s
  322852    1.9041031e+03   3.437908e+07   0.000000e+00  13854s
  322932    1.9041095e+03   1.562154e+06   0.000000e+00  13859s
  323022    1.9041147e+03   4.335810e+06   0.000000e+00  13865s
  323102    1.9041187e+03   3.780329e+06   0.000000e+00  13870s
  323182    1.9041225e+03   7.536137e+06   0.000000e+00  13875s
  323262    1.9041285e+03   5.068129e+06   0.000000e+00  13880s
  323342    1.9041350e+03   3.220702e+06   0.000000e+00  13885s
  323422    1.9041410e+03   2.012141e+06   0.000000e+00  13890s
  323502    1.9041460e+03   1.587553e+05   0.000000e+00  13895s
  323582    1.9041518e+03   1.199029e+06   0.000000e+00  13901s
  323662    1.9041558e+03   2.886619e+05   0.000000e+00  13906s
  323742    1.9041607e+03   1.936159e+06   0.000000e+00  13911s
  323822    1.9041653e+03   5.817341e+05   0.000000e+00  13916s
  323912    1.9041728e+03   4.848390e+07   0.000000e+00  13922s
  323992    1.9041758e+03   3.113644e+06   0.000000e+00  13927s
  324072    1.9041813e+03   1.565223e+06   0.000000e+00  13932s
  324152    1.9041842e+03   5.107638e+05   0.000000e+00  13937s
  324232    1.9041887e+03   6.711728e+05   0.000000e+00  13943s
  324312    1.9041953e+03   9.207481e+05   0.000000e+00  13948s
  324392    1.9042012e+03   4.835986e+05   0.000000e+00  13953s
  324472    1.9042078e+03   1.818947e+06   0.000000e+00  13958s
  324552    1.9042148e+03   7.469060e+06   0.000000e+00  13963s
  324632    1.9042216e+03   1.860368e+06   0.000000e+00  13969s
  324712    1.9042265e+03   2.215202e+06   0.000000e+00  13974s
  324792    1.9042322e+03   1.813362e+07   0.000000e+00  13979s
  324872    1.9042388e+03   8.148885e+06   0.000000e+00  13984s
  324952    1.9042438e+03   1.370206e+06   0.000000e+00  13990s
  325032    1.9042489e+03   3.372514e+05   0.000000e+00  13995s
  325112    1.9042537e+03   1.828670e+06   0.000000e+00  14000s
  325192    1.9042581e+03   1.212787e+06   0.000000e+00  14006s
  325272    1.9042622e+03   1.858430e+07   0.000000e+00  14011s
  325352    1.9042680e+03   3.854132e+05   0.000000e+00  14016s
  325432    1.9042738e+03   8.487414e+06   0.000000e+00  14022s
  325512    1.9042785e+03   8.635349e+06   0.000000e+00  14027s
  325592    1.9042823e+03   9.252610e+05   0.000000e+00  14032s
  325672    1.9042883e+03   3.084980e+05   0.000000e+00  14037s
  325752    1.9042936e+03   2.201547e+06   0.000000e+00  14043s
  325832    1.9043012e+03   2.637916e+06   0.000000e+00  14048s
  325912    1.9043088e+03   4.007750e+05   0.000000e+00  14054s
  325992    1.9043138e+03   7.403026e+05   0.000000e+00  14059s
  326072    1.9043193e+03   2.488689e+07   0.000000e+00  14064s
  326152    1.9043252e+03   1.639235e+06   0.000000e+00  14070s
  326232    1.9043312e+03   2.984693e+05   0.000000e+00  14075s
  326312    1.9043376e+03   5.547815e+06   0.000000e+00  14080s
  326392    1.9043440e+03   2.229571e+06   0.000000e+00  14085s
  326472    1.9043494e+03   9.512413e+04   0.000000e+00  14091s
  326552    1.9043542e+03   3.659094e+05   0.000000e+00  14096s
  326632    1.9043595e+03   1.329519e+07   0.000000e+00  14102s
  326712    1.9043662e+03   1.221030e+06   0.000000e+00  14107s
  326792    1.9043723e+03   1.095782e+05   0.000000e+00  14112s
  326872    1.9043786e+03   1.749915e+07   0.000000e+00  14118s
  326952    1.9043832e+03   1.207000e+07   0.000000e+00  14123s
  327032    1.9043858e+03   1.762976e+05   0.000000e+00  14128s
  327112    1.9043904e+03   6.810970e+05   0.000000e+00  14134s
  327192    1.9043987e+03   4.205152e+05   0.000000e+00  14139s
  327272    1.9044053e+03   9.757520e+06   0.000000e+00  14144s
  327352    1.9044101e+03   3.009089e+06   0.000000e+00  14150s
  327432    1.9044148e+03   5.116059e+05   0.000000e+00  14155s
  327512    1.9044195e+03   1.499245e+06   0.000000e+00  14160s
  327592    1.9044249e+03   2.078796e+06   0.000000e+00  14165s
  327672    1.9044287e+03   1.058468e+06   0.000000e+00  14171s
  327752    1.9044354e+03   1.591722e+05   0.000000e+00  14176s
  327832    1.9044409e+03   6.620274e+05   0.000000e+00  14182s
  327912    1.9044466e+03   7.557261e+04   0.000000e+00  14187s
  328002    1.9044532e+03   2.674537e+05   0.000000e+00  14193s
  328082    1.9044585e+03   2.526416e+06   0.000000e+00  14198s
  328162    1.9044650e+03   2.897968e+05   0.000000e+00  14203s
  328242    1.9044718e+03   4.539213e+05   0.000000e+00  14209s
  328322    1.9044786e+03   3.368459e+05   0.000000e+00  14214s
  328402    1.9044867e+03   3.107465e+06   0.000000e+00  14219s
  328482    1.9044925e+03   7.860369e+06   0.000000e+00  14225s
  328562    1.9044981e+03   5.998880e+06   0.000000e+00  14230s
  328642    1.9045050e+03   2.966667e+06   0.000000e+00  14236s
  328722    1.9045113e+03   8.981462e+05   0.000000e+00  14241s
  328802    1.9045169e+03   3.478111e+05   0.000000e+00  14246s
  328882    1.9045247e+03   4.927125e+05   0.000000e+00  14252s
  328962    1.9045329e+03   1.579478e+06   0.000000e+00  14257s
  329042    1.9045392e+03   1.323471e+07   0.000000e+00  14263s
  329122    1.9045444e+03   7.816526e+04   0.000000e+00  14268s
  329202    1.9045494e+03   2.295405e+05   0.000000e+00  14273s
  329282    1.9045550e+03   2.884433e+06   0.000000e+00  14278s
  329362    1.9045606e+03   7.280646e+05   0.000000e+00  14284s
  329442    1.9045666e+03   9.362037e+06   0.000000e+00  14289s
  329522    1.9045753e+03   4.419699e+05   0.000000e+00  14295s
  329602    1.9045850e+03   2.484457e+05   0.000000e+00  14300s
  329682    1.9045932e+03   8.006720e+05   0.000000e+00  14305s
  329762    1.9045983e+03   3.684995e+06   0.000000e+00  14311s
  329842    1.9046031e+03   3.221025e+05   0.000000e+00  14316s
  329922    1.9046085e+03   7.857312e+05   0.000000e+00  14321s
  330002    1.9046152e+03   3.922022e+05   0.000000e+00  14327s
  330082    1.9046219e+03   7.962761e+05   0.000000e+00  14332s
  330162    1.9046263e+03   7.891789e+05   0.000000e+00  14337s
  330242    1.9046355e+03   1.834967e+06   0.000000e+00  14343s
  330322    1.9046436e+03   3.181885e+05   0.000000e+00  14348s
  330402    1.9046502e+03   1.867262e+05   0.000000e+00  14354s
  330482    1.9046569e+03   1.256905e+06   0.000000e+00  14359s
  330562    1.9046643e+03   4.734418e+05   0.000000e+00  14365s
  330642    1.9046730e+03   4.043539e+06   0.000000e+00  14370s
  330722    1.9046772e+03   1.072300e+05   0.000000e+00  14375s
  330802    1.9046830e+03   2.738218e+07   0.000000e+00  14381s
  330882    1.9046882e+03   1.466543e+06   0.000000e+00  14386s
  330962    1.9046941e+03   4.285393e+05   0.000000e+00  14391s
  331042    1.9047002e+03   2.254334e+06   0.000000e+00  14397s
  331122    1.9047060e+03   8.971461e+05   0.000000e+00  14402s
  331202    1.9047147e+03   1.144045e+06   0.000000e+00  14407s
  331282    1.9047219e+03   8.002709e+05   0.000000e+00  14413s
  331362    1.9047275e+03   8.012948e+05   0.000000e+00  14418s
  331442    1.9047333e+03   1.591185e+07   0.000000e+00  14424s
  331522    1.9047401e+03   1.214148e+06   0.000000e+00  14429s
  331602    1.9047477e+03   1.326219e+06   0.000000e+00  14434s
  331682    1.9047553e+03   1.651853e+05   0.000000e+00  14440s
  331762    1.9047592e+03   2.828004e+06   0.000000e+00  14445s
  331842    1.9047635e+03   9.859702e+05   0.000000e+00  14450s
  331922    1.9047696e+03   4.363936e+06   0.000000e+00  14455s
  332002    1.9047771e+03   1.024303e+07   0.000000e+00  14461s
  332082    1.9047835e+03   1.007006e+06   0.000000e+00  14466s
  332162    1.9047892e+03   3.342374e+06   0.000000e+00  14471s
  332242    1.9047950e+03   2.709544e+07   0.000000e+00  14477s
  332322    1.9047999e+03   1.877155e+05   0.000000e+00  14482s
  332402    1.9048061e+03   1.137042e+06   0.000000e+00  14488s
  332482    1.9048112e+03   2.200613e+06   0.000000e+00  14493s
  332562    1.9048182e+03   4.994620e+06   0.000000e+00  14499s
  332642    1.9048242e+03   2.732039e+05   0.000000e+00  14504s
  332722    1.9048302e+03   2.035963e+06   0.000000e+00  14510s
  332802    1.9048370e+03   1.582912e+06   0.000000e+00  14515s
  332882    1.9048436e+03   7.202390e+05   0.000000e+00  14521s
  332962    1.9048491e+03   2.419341e+06   0.000000e+00  14526s
  333042    1.9048554e+03   8.239878e+05   0.000000e+00  14531s
  333122    1.9048612e+03   3.467559e+06   0.000000e+00  14537s
  333202    1.9048655e+03   2.660232e+06   0.000000e+00  14542s
  333282    1.9048702e+03   5.027802e+06   0.000000e+00  14548s
  333362    1.9048756e+03   4.983889e+06   0.000000e+00  14553s
  333442    1.9048824e+03   4.619210e+06   0.000000e+00  14559s
  333522    1.9048906e+03   5.387550e+06   0.000000e+00  14564s
  333602    1.9049036e+03   3.082758e+05   0.000000e+00  14569s
  333682    1.9049093e+03   1.537809e+06   0.000000e+00  14575s
  333762    1.9049163e+03   8.443836e+05   0.000000e+00  14580s
  333842    1.9049220e+03   7.446322e+05   0.000000e+00  14585s
  333922    1.9049297e+03   1.092738e+06   0.000000e+00  14591s
  334002    1.9049367e+03   5.048712e+06   0.000000e+00  14596s
  334082    1.9049430e+03   5.873507e+05   0.000000e+00  14602s
  334162    1.9049482e+03   8.367605e+05   0.000000e+00  14607s
  334242    1.9049542e+03   1.464623e+06   0.000000e+00  14612s
  334322    1.9049595e+03   4.356792e+05   0.000000e+00  14617s
  334402    1.9049653e+03   8.381318e+05   0.000000e+00  14623s
  334482    1.9049708e+03   4.296708e+06   0.000000e+00  14628s
  334562    1.9049775e+03   2.060253e+05   0.000000e+00  14633s
  334642    1.9049835e+03   8.218730e+05   0.000000e+00  14639s
  334722    1.9049883e+03   2.514746e+05   0.000000e+00  14644s
  334802    1.9049950e+03   4.032618e+05   0.000000e+00  14649s
  334882    1.9050009e+03   3.634441e+05   0.000000e+00  14654s
  334962    1.9050108e+03   6.756979e+06   0.000000e+00  14660s
  335042    1.9050178e+03   4.467449e+05   0.000000e+00  14665s
  335122    1.9050257e+03   4.926391e+05   0.000000e+00  14671s
  335202    1.9050343e+03   3.409622e+05   0.000000e+00  14676s
  335282    1.9050404e+03   1.923005e+06   0.000000e+00  14681s
  335362    1.9050472e+03   1.726461e+06   0.000000e+00  14687s
  335442    1.9050539e+03   2.468129e+06   0.000000e+00  14692s
  335522    1.9050613e+03   2.972857e+06   0.000000e+00  14698s
  335602    1.9050670e+03   2.917701e+05   0.000000e+00  14703s
  335682    1.9050740e+03   4.217655e+05   0.000000e+00  14709s
  335762    1.9050792e+03   8.378388e+05   0.000000e+00  14714s
  335842    1.9050854e+03   3.126435e+05   0.000000e+00  14720s
  335922    1.9050905e+03   5.437996e+05   0.000000e+00  14725s
  336002    1.9050954e+03   7.935632e+06   0.000000e+00  14730s
  336082    1.9051019e+03   3.122658e+05   0.000000e+00  14736s
  336162    1.9051060e+03   6.736654e+04   0.000000e+00  14741s
  336242    1.9051122e+03   1.389851e+07   0.000000e+00  14747s
  336322    1.9051186e+03   5.537534e+05   0.000000e+00  14752s
  336402    1.9051235e+03   5.405045e+05   0.000000e+00  14758s
  336482    1.9051293e+03   2.195792e+05   0.000000e+00  14764s
  336562    1.9051338e+03   4.329599e+06   0.000000e+00  14769s
  336642    1.9051397e+03   8.334344e+05   0.000000e+00  14775s
  336722    1.9051455e+03   5.758997e+05   0.000000e+00  14780s
  336802    1.9051511e+03   9.080862e+05   0.000000e+00  14786s
  336882    1.9051570e+03   2.136850e+05   0.000000e+00  14791s
  336962    1.9051610e+03   3.539234e+06   0.000000e+00  14796s
  337042    1.9051655e+03   1.356401e+06   0.000000e+00  14802s
  337122    1.9051715e+03   4.814196e+04   0.000000e+00  14807s
  337202    1.9051757e+03   8.125799e+04   0.000000e+00  14813s
  337282    1.9051804e+03   4.482962e+06   0.000000e+00  14818s
  337362    1.9051869e+03   1.272689e+05   0.000000e+00  14824s
  337442    1.9051921e+03   3.624997e+06   0.000000e+00  14829s
  337522    1.9051967e+03   1.616132e+06   0.000000e+00  14835s
  337602    1.9052026e+03   1.029776e+06   0.000000e+00  14840s
  337682    1.9052080e+03   2.504316e+06   0.000000e+00  14846s
  337762    1.9052123e+03   2.098488e+06   0.000000e+00  14851s
  337842    1.9052165e+03   1.296798e+07   0.000000e+00  14857s
  337922    1.9052215e+03   1.053943e+06   0.000000e+00  14862s
  338002    1.9052257e+03   4.684767e+05   0.000000e+00  14868s
  338082    1.9052321e+03   2.769802e+06   0.000000e+00  14873s
  338162    1.9052380e+03   3.798131e+05   0.000000e+00  14879s
  338242    1.9052430e+03   2.689975e+06   0.000000e+00  14884s
  338322    1.9052476e+03   1.659375e+05   0.000000e+00  14890s
  338402    1.9052558e+03   1.795147e+06   0.000000e+00  14895s
  338482    1.9052628e+03   2.126592e+05   0.000000e+00  14901s
  338562    1.9052694e+03   4.149120e+06   0.000000e+00  14906s
  338642    1.9052756e+03   9.074654e+06   0.000000e+00  14911s
  338722    1.9052823e+03   1.248524e+06   0.000000e+00  14917s
  338802    1.9052880e+03   3.023444e+06   0.000000e+00  14923s
  338882    1.9052971e+03   1.214672e+06   0.000000e+00  14928s
  338962    1.9053058e+03   2.459276e+06   0.000000e+00  14934s
  339042    1.9053113e+03   2.880836e+06   0.000000e+00  14939s
  339122    1.9053178e+03   1.599811e+05   0.000000e+00  14945s
  339202    1.9053254e+03   1.711513e+05   0.000000e+00  14950s
  339282    1.9053306e+03   1.500897e+05   0.000000e+00  14956s
  339362    1.9053353e+03   5.451761e+06   0.000000e+00  14961s
  339442    1.9053414e+03   8.115607e+05   0.000000e+00  14966s
  339522    1.9053458e+03   1.095584e+06   0.000000e+00  14972s
  339602    1.9053518e+03   3.106774e+05   0.000000e+00  14977s
  339682    1.9053572e+03   2.886039e+05   0.000000e+00  14983s
  339762    1.9053635e+03   1.702166e+06   0.000000e+00  14988s
  339842    1.9053695e+03   2.071756e+05   0.000000e+00  14994s
  339922    1.9053767e+03   5.279284e+05   0.000000e+00  14999s
  340002    1.9053822e+03   3.643939e+06   0.000000e+00  15004s
  340082    1.9053875e+03   7.481373e+04   0.000000e+00  15010s
  340162    1.9053923e+03   1.014988e+06   0.000000e+00  15015s
  340242    1.9053962e+03   8.377631e+05   0.000000e+00  15020s
  340322    1.9054001e+03   4.249523e+05   0.000000e+00  15026s
  340402    1.9054054e+03   1.520779e+06   0.000000e+00  15031s
  340482    1.9054109e+03   7.050475e+04   0.000000e+00  15036s
  340562    1.9054146e+03   4.077376e+06   0.000000e+00  15042s
  340642    1.9054187e+03   7.299363e+06   0.000000e+00  15047s
  340722    1.9054233e+03   1.909716e+06   0.000000e+00  15052s
  340802    1.9054275e+03   2.637106e+05   0.000000e+00  15058s
  340882    1.9054317e+03   2.112210e+06   0.000000e+00  15063s
  340962    1.9054381e+03   5.591714e+05   0.000000e+00  15069s
  341042    1.9054435e+03   1.284861e+06   0.000000e+00  15074s
  341122    1.9054476e+03   6.101144e+05   0.000000e+00  15079s
  341202    1.9054528e+03   9.294077e+05   0.000000e+00  15085s
  341282    1.9054565e+03   8.047380e+05   0.000000e+00  15090s
  341362    1.9054619e+03   5.841560e+04   0.000000e+00  15096s
  341442    1.9054673e+03   6.769850e+06   0.000000e+00  15101s
  341522    1.9054736e+03   4.157388e+05   0.000000e+00  15107s
  341602    1.9054796e+03   8.153971e+05   0.000000e+00  15112s
  341682    1.9054850e+03   1.010721e+06   0.000000e+00  15117s
  341762    1.9054926e+03   4.910103e+05   0.000000e+00  15123s
  341842    1.9054995e+03   8.341208e+05   0.000000e+00  15128s
  341922    1.9055045e+03   1.448311e+06   0.000000e+00  15133s
  342002    1.9055102e+03   4.218290e+05   0.000000e+00  15139s
  342082    1.9055146e+03   1.336346e+05   0.000000e+00  15144s
  342162    1.9055207e+03   8.163678e+05   0.000000e+00  15149s
  342242    1.9055252e+03   2.567735e+06   0.000000e+00  15155s
  342322    1.9055296e+03   2.529499e+06   0.000000e+00  15160s
  342402    1.9055342e+03   8.266740e+05   0.000000e+00  15166s
  342482    1.9055397e+03   1.040876e+06   0.000000e+00  15171s
  342562    1.9055459e+03   1.187558e+05   0.000000e+00  15176s
  342642    1.9055529e+03   9.234737e+05   0.000000e+00  15182s
  342722    1.9055601e+03   1.243906e+06   0.000000e+00  15187s
  342802    1.9055644e+03   2.120100e+05   0.000000e+00  15192s
  342882    1.9055686e+03   1.306269e+06   0.000000e+00  15198s
  342962    1.9055729e+03   1.558533e+05   0.000000e+00  15203s
  343042    1.9055770e+03   2.303852e+05   0.000000e+00  15208s
  343122    1.9055831e+03   1.890507e+06   0.000000e+00  15214s
  343202    1.9055884e+03   3.473648e+06   0.000000e+00  15219s
  343282    1.9055943e+03   1.153484e+05   0.000000e+00  15224s
  343362    1.9055994e+03   1.343484e+06   0.000000e+00  15230s
  343442    1.9056031e+03   1.090802e+05   0.000000e+00  15235s
  343522    1.9056075e+03   1.115294e+06   0.000000e+00  15240s
  343602    1.9056129e+03   1.648997e+07   0.000000e+00  15246s
  343682    1.9056171e+03   1.753283e+05   0.000000e+00  15251s
  343762    1.9056211e+03   1.406171e+05   0.000000e+00  15256s
  343842    1.9056265e+03   1.309075e+06   0.000000e+00  15262s
  343922    1.9056300e+03   1.286374e+05   0.000000e+00  15267s
  344002    1.9056365e+03   5.885108e+05   0.000000e+00  15272s
  344082    1.9056436e+03   7.750121e+05   0.000000e+00  15277s
  344162    1.9056493e+03   2.205001e+05   0.000000e+00  15283s
  344242    1.9056556e+03   3.189850e+05   0.000000e+00  15288s
  344322    1.9056604e+03   1.558344e+06   0.000000e+00  15293s
  344402    1.9056656e+03   8.206865e+05   0.000000e+00  15299s
  344482    1.9056695e+03   1.375615e+05   0.000000e+00  15304s
  344562    1.9056740e+03   1.191879e+07   0.000000e+00  15309s
  344642    1.9056804e+03   7.252774e+05   0.000000e+00  15315s
  344722    1.9056864e+03   7.539289e+05   0.000000e+00  15320s
  344802    1.9056942e+03   1.583774e+06   0.000000e+00  15326s
  344882    1.9057007e+03   9.422203e+05   0.000000e+00  15331s
  344962    1.9057077e+03   2.541380e+06   0.000000e+00  15336s
  345042    1.9057141e+03   2.905172e+05   0.000000e+00  15341s
  345122    1.9057203e+03   3.192839e+05   0.000000e+00  15347s
  345202    1.9057254e+03   3.287500e+07   0.000000e+00  15352s
  345282    1.9057322e+03   9.058581e+06   0.000000e+00  15357s
  345362    1.9057381e+03   1.581002e+05   0.000000e+00  15363s
  345442    1.9057433e+03   1.384230e+06   0.000000e+00  15368s
  345522    1.9057473e+03   1.715524e+06   0.000000e+00  15373s
  345602    1.9057526e+03   1.598463e+05   0.000000e+00  15378s
  345682    1.9057598e+03   1.857935e+06   0.000000e+00  15384s
  345762    1.9057658e+03   6.854483e+04   0.000000e+00  15389s
  345842    1.9057710e+03   1.052841e+06   0.000000e+00  15395s
  345922    1.9057787e+03   4.620642e+05   0.000000e+00  15400s
  346002    1.9057827e+03   8.925165e+05   0.000000e+00  15405s
  346082    1.9057886e+03   8.968106e+05   0.000000e+00  15411s
  346162    1.9057953e+03   8.687589e+05   0.000000e+00  15416s
  346242    1.9058017e+03   3.491061e+05   0.000000e+00  15422s
  346322    1.9058077e+03   1.000415e+06   0.000000e+00  15427s
  346402    1.9058125e+03   1.808926e+06   0.000000e+00  15432s
  346482    1.9058180e+03   2.332829e+07   0.000000e+00  15438s
  346562    1.9058238e+03   8.188361e+05   0.000000e+00  15443s
  346642    1.9058287e+03   1.743761e+05   0.000000e+00  15448s
  346722    1.9058330e+03   2.808707e+06   0.000000e+00  15454s
  346802    1.9058377e+03   2.593287e+06   0.000000e+00  15459s
  346882    1.9058429e+03   2.259024e+05   0.000000e+00  15465s
  346962    1.9058489e+03   4.399031e+05   0.000000e+00  15470s
  347042    1.9058547e+03   9.175524e+05   0.000000e+00  15475s
  347122    1.9058602e+03   5.715270e+05   0.000000e+00  15481s
  347202    1.9058643e+03   1.237579e+06   0.000000e+00  15486s
  347282    1.9058699e+03   3.217389e+06   0.000000e+00  15491s
  347362    1.9058750e+03   1.924060e+05   0.000000e+00  15497s
  347442    1.9058791e+03   4.855946e+05   0.000000e+00  15502s
  347522    1.9058849e+03   7.761093e+05   0.000000e+00  15508s
  347602    1.9058903e+03   5.365181e+05   0.000000e+00  15513s
  347682    1.9058953e+03   9.048992e+05   0.000000e+00  15518s
  347762    1.9059019e+03   5.502278e+06   0.000000e+00  15524s
  347842    1.9059084e+03   1.095538e+07   0.000000e+00  15529s
  347922    1.9059142e+03   2.054271e+06   0.000000e+00  15535s
  348002    1.9059198e+03   8.305272e+04   0.000000e+00  15540s
  348082    1.9059249e+03   2.794945e+06   0.000000e+00  15545s
  348162    1.9059306e+03   5.663047e+05   0.000000e+00  15550s
  348242    1.9059364e+03   1.236054e+05   0.000000e+00  15556s
  348322    1.9059399e+03   1.037194e+06   0.000000e+00  15561s
  348402    1.9059439e+03   3.075984e+06   0.000000e+00  15567s
  348482    1.9059484e+03   9.866294e+05   0.000000e+00  15572s
  348562    1.9059560e+03   6.305449e+06   0.000000e+00  15578s
  348642    1.9059598e+03   3.679983e+05   0.000000e+00  15583s
  348722    1.9059648e+03   8.297842e+05   0.000000e+00  15588s
  348802    1.9059706e+03   3.902437e+05   0.000000e+00  15594s
  348882    1.9059756e+03   1.034923e+07   0.000000e+00  15599s
  348962    1.9059831e+03   9.225998e+04   0.000000e+00  15605s
  349042    1.9059897e+03   5.058242e+06   0.000000e+00  15610s
  349122    1.9059948e+03   3.292592e+06   0.000000e+00  15616s
  349202    1.9059999e+03   1.680573e+05   0.000000e+00  15621s
  349282    1.9060054e+03   5.718703e+05   0.000000e+00  15626s
  349362    1.9060128e+03   1.292648e+06   0.000000e+00  15632s
  349442    1.9060188e+03   1.637361e+05   0.000000e+00  15637s
  349522    1.9060235e+03   2.640690e+05   0.000000e+00  15642s
  349602    1.9060292e+03   3.274250e+06   0.000000e+00  15648s
  349682    1.9060371e+03   1.715675e+06   0.000000e+00  15653s
  349762    1.9060409e+03   1.513915e+06   0.000000e+00  15659s
  349842    1.9060451e+03   1.743312e+06   0.000000e+00  15664s
  349922    1.9060522e+03   1.226205e+07   0.000000e+00  15670s
  350002    1.9060565e+03   5.583519e+05   0.000000e+00  15675s
  350082    1.9060612e+03   2.499353e+06   0.000000e+00  15680s
  350162    1.9060655e+03   2.168067e+05   0.000000e+00  15686s
  350242    1.9060708e+03   6.970701e+04   0.000000e+00  15691s
  350322    1.9060749e+03   1.593748e+07   0.000000e+00  15697s
  350402    1.9060786e+03   8.486698e+06   0.000000e+00  15702s
  350482    1.9060842e+03   1.329498e+06   0.000000e+00  15707s
  350562    1.9060897e+03   1.307286e+06   0.000000e+00  15713s
  350642    1.9060972e+03   7.573899e+05   0.000000e+00  15718s
  350722    1.9061026e+03   1.132722e+06   0.000000e+00  15724s
  350802    1.9061087e+03   5.912593e+05   0.000000e+00  15729s
  350882    1.9061136e+03   1.081380e+05   0.000000e+00  15735s
  350962    1.9061192e+03   1.023987e+07   0.000000e+00  15740s
  351042    1.9061251e+03   4.250075e+05   0.000000e+00  15746s
  351122    1.9061302e+03   1.816299e+06   0.000000e+00  15751s
  351202    1.9061342e+03   3.552219e+06   0.000000e+00  15757s
  351282    1.9061399e+03   1.725274e+05   0.000000e+00  15762s
  351362    1.9061447e+03   3.787669e+05   0.000000e+00  15768s
  351442    1.9061499e+03   1.065492e+06   0.000000e+00  15773s
  351522    1.9061539e+03   6.359512e+05   0.000000e+00  15779s
  351602    1.9061576e+03   4.985836e+05   0.000000e+00  15784s
  351682    1.9061637e+03   3.476494e+06   0.000000e+00  15789s
  351762    1.9061684e+03   2.039144e+06   0.000000e+00  15795s
  351842    1.9061724e+03   2.114907e+06   0.000000e+00  15800s
  351922    1.9061791e+03   2.029733e+05   0.000000e+00  15806s
  352002    1.9061827e+03   1.000817e+05   0.000000e+00  15811s
  352082    1.9061872e+03   2.215869e+05   0.000000e+00  15816s
  352162    1.9061911e+03   5.530156e+04   0.000000e+00  15822s
  352242    1.9061952e+03   1.910994e+06   0.000000e+00  15827s
  352322    1.9061990e+03   1.485153e+06   0.000000e+00  15832s
  352402    1.9062024e+03   9.264802e+05   0.000000e+00  15838s
  352482    1.9062068e+03   6.947071e+05   0.000000e+00  15843s
  352562    1.9062122e+03   2.441632e+06   0.000000e+00  15849s
  352642    1.9062182e+03   1.350071e+06   0.000000e+00  15854s
  352722    1.9062226e+03   3.163753e+05   0.000000e+00  15859s
  352802    1.9062264e+03   8.392016e+04   0.000000e+00  15865s
  352882    1.9062317e+03   4.797464e+05   0.000000e+00  15870s
  352962    1.9062360e+03   5.758113e+05   0.000000e+00  15875s
  353042    1.9062417e+03   9.577409e+04   0.000000e+00  15881s
  353122    1.9062454e+03   5.654902e+06   0.000000e+00  15886s
  353212    1.9062496e+03   1.321428e+05   0.000000e+00  15891s
  353292    1.9062529e+03   6.447250e+05   0.000000e+00  15897s
  353372    1.9062578e+03   1.971479e+06   0.000000e+00  15902s
  353452    1.9062621e+03   7.401102e+05   0.000000e+00  15907s
  353532    1.9062651e+03   5.334665e+06   0.000000e+00  15913s
  353612    1.9062702e+03   1.194411e+05   0.000000e+00  15918s
  353692    1.9062743e+03   3.453623e+07   0.000000e+00  15923s
  353772    1.9062781e+03   8.008298e+04   0.000000e+00  15929s
  353852    1.9062840e+03   6.471845e+06   0.000000e+00  15934s
  353932    1.9062878e+03   3.611054e+07   0.000000e+00  15939s
  354012    1.9062911e+03   1.218880e+06   0.000000e+00  15945s
  354092    1.9062943e+03   3.160418e+05   0.000000e+00  15950s
  354172    1.9062986e+03   4.382576e+05   0.000000e+00  15955s
  354252    1.9063050e+03   1.934274e+05   0.000000e+00  15961s
  354332    1.9063123e+03   2.216077e+05   0.000000e+00  15966s
  354412    1.9063170e+03   1.647939e+06   0.000000e+00  15971s
  354492    1.9063222e+03   4.070648e+05   0.000000e+00  15976s
  354572    1.9063270e+03   1.089522e+06   0.000000e+00  15982s
  354652    1.9063324e+03   5.132365e+06   0.000000e+00  15987s
  354732    1.9063373e+03   2.492785e+05   0.000000e+00  15992s
  354812    1.9063432e+03   1.229096e+06   0.000000e+00  15998s
  354892    1.9063487e+03   9.110128e+05   0.000000e+00  16003s
  354972    1.9063524e+03   2.858190e+05   0.000000e+00  16008s
  355052    1.9063576e+03   3.044591e+06   0.000000e+00  16013s
  355132    1.9063621e+03   4.213627e+05   0.000000e+00  16018s
  355212    1.9063663e+03   5.385319e+06   0.000000e+00  16024s
  355292    1.9063710e+03   1.397194e+06   0.000000e+00  16029s
  355372    1.9063772e+03   3.282929e+06   0.000000e+00  16034s
  355452    1.9063821e+03   1.362971e+05   0.000000e+00  16039s
  355532    1.9063863e+03   2.562213e+05   0.000000e+00  16045s
  355612    1.9063895e+03   4.034843e+04   0.000000e+00  16050s
  355692    1.9063938e+03   2.710830e+05   0.000000e+00  16055s
  355772    1.9063986e+03   2.244998e+05   0.000000e+00  16061s
  355852    1.9064048e+03   9.132423e+05   0.000000e+00  16066s
  355932    1.9064112e+03   6.199687e+06   0.000000e+00  16072s
  356012    1.9064156e+03   1.670780e+06   0.000000e+00  16077s
  356092    1.9064211e+03   1.585426e+07   0.000000e+00  16082s
  356172    1.9064269e+03   1.397508e+06   0.000000e+00  16087s
  356252    1.9064317e+03   1.632664e+06   0.000000e+00  16092s
  356332    1.9064367e+03   3.169706e+06   0.000000e+00  16097s
  356412    1.9064427e+03   8.241241e+04   0.000000e+00  16103s
  356492    1.9064482e+03   2.203534e+06   0.000000e+00  16108s
  356572    1.9064544e+03   2.573232e+06   0.000000e+00  16113s
  356652    1.9064594e+03   1.599108e+05   0.000000e+00  16119s
  356732    1.9064631e+03   1.007700e+06   0.000000e+00  16124s
  356812    1.9064677e+03   4.132634e+05   0.000000e+00  16129s
  356892    1.9064727e+03   1.415183e+06   0.000000e+00  16134s
  356972    1.9064777e+03   2.146553e+06   0.000000e+00  16140s
  357052    1.9064845e+03   7.560453e+04   0.000000e+00  16145s
  357132    1.9064908e+03   6.416177e+05   0.000000e+00  16150s
  357212    1.9064952e+03   1.163078e+06   0.000000e+00  16156s
  357292    1.9065009e+03   2.227194e+06   0.000000e+00  16161s
  357372    1.9065048e+03   1.054438e+05   0.000000e+00  16166s
  357452    1.9065089e+03   1.107582e+05   0.000000e+00  16171s
  357532    1.9065133e+03   2.790428e+05   0.000000e+00  16176s
  357612    1.9065188e+03   6.619665e+05   0.000000e+00  16182s
  357692    1.9065243e+03   1.287070e+05   0.000000e+00  16187s
  357772    1.9065309e+03   3.684713e+05   0.000000e+00  16192s
  357852    1.9065372e+03   2.154798e+05   0.000000e+00  16198s
  357932    1.9065430e+03   8.941789e+05   0.000000e+00  16203s
  358012    1.9065509e+03   6.702536e+05   0.000000e+00  16208s
  358092    1.9065550e+03   1.371291e+06   0.000000e+00  16214s
  358172    1.9065599e+03   3.133271e+06   0.000000e+00  16219s
  358252    1.9065642e+03   5.769881e+05   0.000000e+00  16225s
  358332    1.9065702e+03   3.685076e+05   0.000000e+00  16230s
  358412    1.9065756e+03   3.165542e+05   0.000000e+00  16235s
  358492    1.9065797e+03   5.812456e+05   0.000000e+00  16241s
  358572    1.9065853e+03   1.308098e+06   0.000000e+00  16246s
  358652    1.9065911e+03   8.700395e+04   0.000000e+00  16251s
  358732    1.9065979e+03   6.559177e+05   0.000000e+00  16257s
  358812    1.9066028e+03   3.414840e+06   0.000000e+00  16262s
  358892    1.9066071e+03   7.741986e+05   0.000000e+00  16267s
  358972    1.9066139e+03   2.275832e+05   0.000000e+00  16273s
  359052    1.9066196e+03   4.181116e+05   0.000000e+00  16278s
  359132    1.9066234e+03   3.862556e+06   0.000000e+00  16283s
  359212    1.9066285e+03   7.734846e+05   0.000000e+00  16289s
  359292    1.9066344e+03   2.175679e+06   0.000000e+00  16294s
  359372    1.9066406e+03   1.306012e+06   0.000000e+00  16299s
  359452    1.9066457e+03   5.118546e+05   0.000000e+00  16305s
  359532    1.9066499e+03   1.336960e+06   0.000000e+00  16310s
  359612    1.9066559e+03   1.155989e+05   0.000000e+00  16315s
  359692    1.9066619e+03   1.197195e+07   0.000000e+00  16321s
  359772    1.9066659e+03   5.359704e+05   0.000000e+00  16326s
  359852    1.9066704e+03   9.308480e+05   0.000000e+00  16331s
  359932    1.9066739e+03   2.484450e+06   0.000000e+00  16337s
  360012    1.9066776e+03   1.032363e+06   0.000000e+00  16342s
  360092    1.9066828e+03   1.022294e+05   0.000000e+00  16347s
  360172    1.9066890e+03   2.283827e+05   0.000000e+00  16353s
  360252    1.9066943e+03   6.814884e+05   0.000000e+00  16358s
  360332    1.9067004e+03   3.440440e+05   0.000000e+00  16363s
  360412    1.9067057e+03   8.347163e+05   0.000000e+00  16368s
  360492    1.9067135e+03   2.238455e+06   0.000000e+00  16374s
  360572    1.9067184e+03   1.932075e+05   0.000000e+00  16379s
  360652    1.9067234e+03   4.271257e+06   0.000000e+00  16384s
  360732    1.9067284e+03   1.398569e+06   0.000000e+00  16390s
  360812    1.9067324e+03   1.889717e+06   0.000000e+00  16395s
  360892    1.9067375e+03   1.066415e+05   0.000000e+00  16400s
  360972    1.9067417e+03   1.566624e+06   0.000000e+00  16406s
  361052    1.9067465e+03   2.975491e+05   0.000000e+00  16411s
  361132    1.9067513e+03   2.038846e+05   0.000000e+00  16416s
  361212    1.9067556e+03   3.142141e+05   0.000000e+00  16422s
  361292    1.9067603e+03   9.963429e+05   0.000000e+00  16427s
  361372    1.9067639e+03   1.696005e+06   0.000000e+00  16432s
  361452    1.9067669e+03   6.558739e+05   0.000000e+00  16437s
  361532    1.9067698e+03   8.032971e+05   0.000000e+00  16443s
  361612    1.9067735e+03   2.606504e+06   0.000000e+00  16448s
  361692    1.9067784e+03   5.029945e+06   0.000000e+00  16453s
  361772    1.9067817e+03   7.534944e+04   0.000000e+00  16458s
  361852    1.9067858e+03   3.158672e+05   0.000000e+00  16464s
  361932    1.9067897e+03   3.080513e+05   0.000000e+00  16469s
  362012    1.9067933e+03   2.631695e+05   0.000000e+00  16474s
  362092    1.9067990e+03   1.410758e+06   0.000000e+00  16480s
  362172    1.9068047e+03   2.871965e+06   0.000000e+00  16485s
  362252    1.9068092e+03   7.031260e+04   0.000000e+00  16490s
  362332    1.9068131e+03   7.125800e+04   0.000000e+00  16495s
  362412    1.9068184e+03   6.694562e+05   0.000000e+00  16501s
  362492    1.9068233e+03   1.923205e+05   0.000000e+00  16506s
  362572    1.9068278e+03   1.860958e+06   0.000000e+00  16511s
  362652    1.9068320e+03   1.376209e+05   0.000000e+00  16517s
  362732    1.9068354e+03   5.422349e+04   0.000000e+00  16522s
  362812    1.9068397e+03   3.874350e+05   0.000000e+00  16527s
  362892    1.9068433e+03   3.182285e+05   0.000000e+00  16532s
  362972    1.9068468e+03   8.479446e+04   0.000000e+00  16537s
  363052    1.9068506e+03   1.468467e+06   0.000000e+00  16543s
  363132    1.9068562e+03   7.566253e+05   0.000000e+00  16548s
  363212    1.9068607e+03   7.634991e+06   0.000000e+00  16553s
  363292    1.9068642e+03   1.534928e+06   0.000000e+00  16559s
  363372    1.9068704e+03   2.937138e+05   0.000000e+00  16564s
  363452    1.9068763e+03   6.641618e+05   0.000000e+00  16569s
  363532    1.9068808e+03   3.675164e+05   0.000000e+00  16575s
  363612    1.9068858e+03   1.492495e+06   0.000000e+00  16580s
  363692    1.9068912e+03   1.801465e+05   0.000000e+00  16585s
  363772    1.9068956e+03   1.016703e+06   0.000000e+00  16591s
  363852    1.9069013e+03   3.469093e+06   0.000000e+00  16596s
  363932    1.9069049e+03   1.131412e+05   0.000000e+00  16601s
  364012    1.9069089e+03   1.220556e+07   0.000000e+00  16606s
  364092    1.9069136e+03   8.489864e+05   0.000000e+00  16612s
  364172    1.9069181e+03   2.660353e+05   0.000000e+00  16617s
  364252    1.9069217e+03   4.707159e+06   0.000000e+00  16622s
  364332    1.9069251e+03   7.581561e+05   0.000000e+00  16627s
  364412    1.9069301e+03   4.483206e+05   0.000000e+00  16633s
  364492    1.9069333e+03   5.302841e+05   0.000000e+00  16638s
  364572    1.9069375e+03   8.502806e+05   0.000000e+00  16643s
  364652    1.9069416e+03   1.228325e+05   0.000000e+00  16648s
  364732    1.9069462e+03   7.489927e+05   0.000000e+00  16654s
  364812    1.9069503e+03   9.147101e+05   0.000000e+00  16659s
  364892    1.9069538e+03   3.365475e+05   0.000000e+00  16664s
  364972    1.9069587e+03   1.830749e+06   0.000000e+00  16669s
  365052    1.9069626e+03   2.863074e+05   0.000000e+00  16674s
  365132    1.9069665e+03   5.114044e+05   0.000000e+00  16680s
  365212    1.9069706e+03   8.767433e+05   0.000000e+00  16685s
  365292    1.9069740e+03   1.295455e+05   0.000000e+00  16690s
  365372    1.9069774e+03   4.445770e+05   0.000000e+00  16695s
  365462    1.9069813e+03   8.678538e+04   0.000000e+00  16701s
  365542    1.9069842e+03   3.035300e+05   0.000000e+00  16706s
  365622    1.9069886e+03   2.648101e+05   0.000000e+00  16711s
  365702    1.9069908e+03   8.613409e+05   0.000000e+00  16716s
  365782    1.9069959e+03   1.883653e+07   0.000000e+00  16721s
  365862    1.9070003e+03   3.009559e+05   0.000000e+00  16726s
  365942    1.9070043e+03   5.684016e+06   0.000000e+00  16731s
  366022    1.9070079e+03   1.202381e+06   0.000000e+00  16736s
  366102    1.9070108e+03   7.950980e+04   0.000000e+00  16742s
  366182    1.9070144e+03   3.295447e+05   0.000000e+00  16747s
  366262    1.9070173e+03   2.340425e+05   0.000000e+00  16752s
  366342    1.9070210e+03   7.945630e+04   0.000000e+00  16757s
  366422    1.9070239e+03   2.485156e+06   0.000000e+00  16762s
  366502    1.9070260e+03   7.504960e+05   0.000000e+00  16768s
  366582    1.9070289e+03   1.598713e+06   0.000000e+00  16773s
  366672    1.9070319e+03   9.735060e+04   0.000000e+00  16778s
  366752    1.9070348e+03   1.649080e+07   0.000000e+00  16783s
  366832    1.9070377e+03   2.107835e+05   0.000000e+00  16789s
  366912    1.9070411e+03   1.314834e+06   0.000000e+00  16794s
  366992    1.9070445e+03   2.242614e+05   0.000000e+00  16799s
  367072    1.9070476e+03   6.409867e+05   0.000000e+00  16804s
  367152    1.9070511e+03   2.134878e+05   0.000000e+00  16809s
  367232    1.9070550e+03   1.349895e+05   0.000000e+00  16814s
  367312    1.9070580e+03   3.430352e+06   0.000000e+00  16819s
  367392    1.9070615e+03   2.256332e+07   0.000000e+00  16825s
  367472    1.9070643e+03   7.604192e+05   0.000000e+00  16830s
  367552    1.9070671e+03   3.449454e+05   0.000000e+00  16835s
  367632    1.9070700e+03   1.010837e+05   0.000000e+00  16840s
  367712    1.9070739e+03   2.710923e+05   0.000000e+00  16846s
  367792    1.9070766e+03   5.085292e+06   0.000000e+00  16851s
  367872    1.9070796e+03   9.762809e+05   0.000000e+00  16856s
  367952    1.9070829e+03   9.703185e+05   0.000000e+00  16861s
  368032    1.9070869e+03   8.117341e+06   0.000000e+00  16866s
  368112    1.9070897e+03   2.488731e+06   0.000000e+00  16871s
  368192    1.9070942e+03   8.244547e+05   0.000000e+00  16876s
  368272    1.9070984e+03   1.586565e+06   0.000000e+00  16882s
  368352    1.9071029e+03   4.680673e+05   0.000000e+00  16887s
  368432    1.9071069e+03   1.037571e+06   0.000000e+00  16892s
  368512    1.9071117e+03   4.806284e+06   0.000000e+00  16897s
  368592    1.9071152e+03   1.564521e+05   0.000000e+00  16903s
  368672    1.9071183e+03   2.581798e+05   0.000000e+00  16908s
  368752    1.9071222e+03   3.152202e+05   0.000000e+00  16913s
  368832    1.9071253e+03   9.797418e+05   0.000000e+00  16919s
  368912    1.9071293e+03   8.243482e+04   0.000000e+00  16924s
  368992    1.9071326e+03   1.994382e+06   0.000000e+00  16929s
  369072    1.9071356e+03   2.728508e+05   0.000000e+00  16935s
  369152    1.9071392e+03   1.200067e+05   0.000000e+00  16940s
  369232    1.9071418e+03   9.307524e+06   0.000000e+00  16945s
  369312    1.9071452e+03   4.264335e+06   0.000000e+00  16951s
  369392    1.9071486e+03   1.898897e+06   0.000000e+00  16956s
  369472    1.9071519e+03   1.853596e+05   0.000000e+00  16961s
  369552    1.9071548e+03   4.602901e+06   0.000000e+00  16967s
  369632    1.9071585e+03   2.116192e+06   0.000000e+00  16972s
  369712    1.9071618e+03   2.616242e+06   0.000000e+00  16977s
  369792    1.9071652e+03   3.159622e+05   0.000000e+00  16983s
  369872    1.9071681e+03   1.450101e+06   0.000000e+00  16988s
  369952    1.9071717e+03   5.132728e+05   0.000000e+00  16993s
  370032    1.9071753e+03   3.630235e+06   0.000000e+00  16999s
  370112    1.9071797e+03   5.671769e+05   0.000000e+00  17004s
  370192    1.9071832e+03   4.985639e+05   0.000000e+00  17010s
  370272    1.9071876e+03   1.480610e+05   0.000000e+00  17015s
  370352    1.9071931e+03   5.394890e+04   0.000000e+00  17020s
  370432    1.9071970e+03   1.201441e+05   0.000000e+00  17026s
  370512    1.9072011e+03   4.096998e+06   0.000000e+00  17031s
  370592    1.9072047e+03   1.014476e+06   0.000000e+00  17036s
  370672    1.9072100e+03   1.167554e+06   0.000000e+00  17042s
  370752    1.9072140e+03   2.640981e+07   0.000000e+00  17047s
  370832    1.9072181e+03   8.112059e+07   0.000000e+00  17052s
  370912    1.9072231e+03   7.430933e+04   0.000000e+00  17058s
  370992    1.9072262e+03   2.989440e+06   0.000000e+00  17063s
  371072    1.9072293e+03   4.823213e+05   0.000000e+00  17069s
  371152    1.9072329e+03   8.739975e+05   0.000000e+00  17074s
  371232    1.9072372e+03   1.389866e+05   0.000000e+00  17079s
  371312    1.9072408e+03   2.083785e+05   0.000000e+00  17085s
  371392    1.9072452e+03   9.644985e+05   0.000000e+00  17090s
  371472    1.9072486e+03   9.463367e+05   0.000000e+00  17095s
  371552    1.9072514e+03   9.496840e+05   0.000000e+00  17101s
  371632    1.9072547e+03   6.525658e+06   0.000000e+00  17106s
  371712    1.9072570e+03   3.250243e+05   0.000000e+00  17111s
  371792    1.9072607e+03   2.349754e+05   0.000000e+00  17117s
  371872    1.9072642e+03   7.251765e+05   0.000000e+00  17122s
  371952    1.9072687e+03   1.390254e+05   0.000000e+00  17127s
  372032    1.9072726e+03   3.125198e+05   0.000000e+00  17133s
  372112    1.9072761e+03   5.640333e+06   0.000000e+00  17138s
  372192    1.9072802e+03   1.675324e+06   0.000000e+00  17143s
  372272    1.9072845e+03   1.330493e+05   0.000000e+00  17148s
  372352    1.9072899e+03   3.761924e+05   0.000000e+00  17154s
  372432    1.9072944e+03   1.734210e+05   0.000000e+00  17159s
  372512    1.9072975e+03   4.337660e+05   0.000000e+00  17164s
  372592    1.9073018e+03   2.928239e+06   0.000000e+00  17170s
  372672    1.9073057e+03   6.879859e+05   0.000000e+00  17175s
  372752    1.9073086e+03   8.279106e+05   0.000000e+00  17180s
  372832    1.9073119e+03   3.607381e+05   0.000000e+00  17186s
  372912    1.9073163e+03   8.412013e+05   0.000000e+00  17191s
  372992    1.9073201e+03   1.569669e+06   0.000000e+00  17196s
  373072    1.9073249e+03   2.113623e+06   0.000000e+00  17202s
  373152    1.9073296e+03   5.277892e+05   0.000000e+00  17207s
  373232    1.9073333e+03   2.812376e+05   0.000000e+00  17212s
  373312    1.9073383e+03   1.153960e+06   0.000000e+00  17218s
  373392    1.9073418e+03   2.211197e+05   0.000000e+00  17223s
  373472    1.9073455e+03   3.058498e+05   0.000000e+00  17228s
  373552    1.9073497e+03   1.144567e+06   0.000000e+00  17234s
  373632    1.9073537e+03   7.858353e+04   0.000000e+00  17239s
  373712    1.9073570e+03   9.602528e+05   0.000000e+00  17244s
  373792    1.9073607e+03   4.933141e+04   0.000000e+00  17250s
  373872    1.9073646e+03   8.459104e+05   0.000000e+00  17255s
  373952    1.9073678e+03   1.024117e+06   0.000000e+00  17260s
  374032    1.9073712e+03   8.095389e+04   0.000000e+00  17266s
  374112    1.9073733e+03   3.255624e+06   0.000000e+00  17271s
  374192    1.9073765e+03   4.404060e+04   0.000000e+00  17277s
  374272    1.9073797e+03   5.962035e+05   0.000000e+00  17282s
  374352    1.9073826e+03   2.004546e+05   0.000000e+00  17287s
  374432    1.9073852e+03   3.892010e+06   0.000000e+00  17292s
  374512    1.9073889e+03   1.160366e+06   0.000000e+00  17298s
  374592    1.9073930e+03   3.881555e+05   0.000000e+00  17303s
  374672    1.9073963e+03   1.518611e+06   0.000000e+00  17309s
  374752    1.9074003e+03   6.645776e+05   0.000000e+00  17314s
  374832    1.9074043e+03   1.644374e+06   0.000000e+00  17319s
  374912    1.9074075e+03   9.658161e+04   0.000000e+00  17325s
  374992    1.9074114e+03   1.708600e+06   0.000000e+00  17330s
  375072    1.9074147e+03   1.740873e+05   0.000000e+00  17335s
  375152    1.9074199e+03   5.427940e+06   0.000000e+00  17341s
  375232    1.9074242e+03   2.651898e+05   0.000000e+00  17346s
  375312    1.9074284e+03   1.081574e+05   0.000000e+00  17351s
  375392    1.9074321e+03   8.191565e+05   0.000000e+00  17357s
  375472    1.9074357e+03   1.106998e+06   0.000000e+00  17362s
  375552    1.9074404e+03   2.215075e+05   0.000000e+00  17367s
  375632    1.9074436e+03   3.962703e+06   0.000000e+00  17373s
  375712    1.9074466e+03   1.173486e+05   0.000000e+00  17378s
  375792    1.9074497e+03   4.815940e+05   0.000000e+00  17383s
  375872    1.9074531e+03   1.089952e+07   0.000000e+00  17388s
  375952    1.9074570e+03   3.267535e+06   0.000000e+00  17394s
  376032    1.9074613e+03   1.580927e+05   0.000000e+00  17399s
  376112    1.9074645e+03   6.146426e+06   0.000000e+00  17404s
  376192    1.9074682e+03   2.090319e+06   0.000000e+00  17410s
  376272    1.9074731e+03   4.961318e+05   0.000000e+00  17415s
  376352    1.9074772e+03   1.240091e+06   0.000000e+00  17420s
  376432    1.9074813e+03   2.403615e+05   0.000000e+00  17426s
  376512    1.9074848e+03   3.786177e+04   0.000000e+00  17431s
  376592    1.9074897e+03   7.720717e+05   0.000000e+00  17437s
  376672    1.9074940e+03   1.129344e+06   0.000000e+00  17442s
  376752    1.9074984e+03   4.437085e+05   0.000000e+00  17447s
  376832    1.9075022e+03   4.217016e+06   0.000000e+00  17453s
  376912    1.9075062e+03   1.106182e+05   0.000000e+00  17458s
  376992    1.9075104e+03   2.145456e+05   0.000000e+00  17464s
  377072    1.9075145e+03   1.984871e+05   0.000000e+00  17469s
  377152    1.9075195e+03   4.469981e+06   0.000000e+00  17474s
  377232    1.9075237e+03   4.995763e+05   0.000000e+00  17480s
  377312    1.9075278e+03   5.580567e+06   0.000000e+00  17485s
  377392    1.9075318e+03   8.740194e+05   0.000000e+00  17490s
  377472    1.9075347e+03   8.013306e+05   0.000000e+00  17496s
  377552    1.9075375e+03   2.736872e+06   0.000000e+00  17501s
  377632    1.9075412e+03   8.436299e+06   0.000000e+00  17506s
  377712    1.9075449e+03   9.968004e+04   0.000000e+00  17512s
  377792    1.9075491e+03   1.658463e+05   0.000000e+00  17517s
  377872    1.9075520e+03   9.728538e+04   0.000000e+00  17523s
  377952    1.9075553e+03   1.010018e+07   0.000000e+00  17528s
  378032    1.9075577e+03   3.307806e+06   0.000000e+00  17534s
  378112    1.9075611e+03   1.530690e+05   0.000000e+00  17539s
  378192    1.9075639e+03   2.259072e+05   0.000000e+00  17544s
  378272    1.9075676e+03   5.729754e+05   0.000000e+00  17550s
  378352    1.9075709e+03   1.943719e+05   0.000000e+00  17555s
  378432    1.9075740e+03   1.153701e+05   0.000000e+00  17560s
  378512    1.9075771e+03   1.532593e+06   0.000000e+00  17566s
  378592    1.9075799e+03   1.640121e+06   0.000000e+00  17571s
  378672    1.9075828e+03   3.863358e+05   0.000000e+00  17577s
  378752    1.9075865e+03   8.303420e+06   0.000000e+00  17582s
  378832    1.9075903e+03   1.157302e+06   0.000000e+00  17587s
  378912    1.9075961e+03   1.295403e+06   0.000000e+00  17593s
  378992    1.9076002e+03   4.833817e+05   0.000000e+00  17598s
  379072    1.9076028e+03   1.254921e+07   0.000000e+00  17604s
  379152    1.9076063e+03   4.748571e+04   0.000000e+00  17609s
  379232    1.9076108e+03   9.534374e+05   0.000000e+00  17615s
  379312    1.9076145e+03   4.046336e+06   0.000000e+00  17620s
  379392    1.9076191e+03   1.265822e+05   0.000000e+00  17626s
  379472    1.9076236e+03   1.389907e+06   0.000000e+00  17631s
  379552    1.9076277e+03   2.563967e+06   0.000000e+00  17637s
  379632    1.9076327e+03   5.347374e+07   0.000000e+00  17642s
  379712    1.9076357e+03   1.985651e+06   0.000000e+00  17648s
  379792    1.9076405e+03   1.746254e+05   0.000000e+00  17653s
  379872    1.9076441e+03   1.198314e+06   0.000000e+00  17659s
  379952    1.9076479e+03   6.624347e+05   0.000000e+00  17664s
  380032    1.9076513e+03   1.124366e+07   0.000000e+00  17670s
  380112    1.9076550e+03   5.335544e+05   0.000000e+00  17675s
  380192    1.9076589e+03   1.855871e+06   0.000000e+00  17681s
  380272    1.9076632e+03   8.688345e+05   0.000000e+00  17686s
  380352    1.9076688e+03   9.404431e+06   0.000000e+00  17692s
  380432    1.9076730e+03   1.483148e+05   0.000000e+00  17697s
  380512    1.9076767e+03   8.154563e+05   0.000000e+00  17703s
  380592    1.9076803e+03   6.451335e+06   0.000000e+00  17709s
  380672    1.9076841e+03   2.440846e+05   0.000000e+00  17714s
  380752    1.9076888e+03   4.283999e+05   0.000000e+00  17720s
  380832    1.9076926e+03   1.487494e+06   0.000000e+00  17725s
  380912    1.9076953e+03   1.280502e+06   0.000000e+00  17731s
  380992    1.9076984e+03   8.120004e+05   0.000000e+00  17736s
  381072    1.9077017e+03   3.784066e+05   0.000000e+00  17742s
  381152    1.9077055e+03   1.709808e+06   0.000000e+00  17747s
  381232    1.9077097e+03   4.871005e+05   0.000000e+00  17752s
  381312    1.9077135e+03   2.885814e+05   0.000000e+00  17758s
  381392    1.9077171e+03   1.261024e+06   0.000000e+00  17763s
  381472    1.9077217e+03   2.687162e+06   0.000000e+00  17769s
  381552    1.9077253e+03   1.333464e+06   0.000000e+00  17774s
  381632    1.9077296e+03   2.953627e+06   0.000000e+00  17780s
  381712    1.9077334e+03   1.142271e+07   0.000000e+00  17785s
  381792    1.9077362e+03   1.224609e+06   0.000000e+00  17791s
  381872    1.9077408e+03   1.306163e+06   0.000000e+00  17796s
  381952    1.9077449e+03   5.407943e+05   0.000000e+00  17802s
  382032    1.9077479e+03   1.676261e+06   0.000000e+00  17807s
  382112    1.9077509e+03   1.116558e+07   0.000000e+00  17812s
  382192    1.9077544e+03   3.624704e+05   0.000000e+00  17818s
  382272    1.9077576e+03   1.174109e+06   0.000000e+00  17823s
  382352    1.9077611e+03   2.936432e+06   0.000000e+00  17829s
  382432    1.9077653e+03   1.964640e+05   0.000000e+00  17834s
  382512    1.9077700e+03   2.749758e+06   0.000000e+00  17840s
  382592    1.9077735e+03   4.590158e+05   0.000000e+00  17845s
  382672    1.9077770e+03   1.269646e+06   0.000000e+00  17851s
  382752    1.9077810e+03   4.835587e+06   0.000000e+00  17856s
  382832    1.9077839e+03   8.439037e+05   0.000000e+00  17862s
  382912    1.9077876e+03   4.587377e+05   0.000000e+00  17867s
  382992    1.9077912e+03   3.931645e+05   0.000000e+00  17873s
  383072    1.9077961e+03   3.590038e+05   0.000000e+00  17878s
  383152    1.9077998e+03   3.086059e+05   0.000000e+00  17884s
  383232    1.9078043e+03   5.994344e+05   0.000000e+00  17889s
  383312    1.9078091e+03   4.225014e+05   0.000000e+00  17895s
  383392    1.9078131e+03   1.307388e+06   0.000000e+00  17900s
  383472    1.9078182e+03   5.575468e+06   0.000000e+00  17906s
  383552    1.9078224e+03   2.390086e+05   0.000000e+00  17911s
  383632    1.9078282e+03   3.547752e+05   0.000000e+00  17916s
  383712    1.9078351e+03   4.530247e+05   0.000000e+00  17922s
  383792    1.9078396e+03   2.801731e+05   0.000000e+00  17927s
  383872    1.9078441e+03   1.320588e+05   0.000000e+00  17933s
  383952    1.9078485e+03   1.852093e+06   0.000000e+00  17938s
  384032    1.9078527e+03   3.879482e+05   0.000000e+00  17944s
  384112    1.9078576e+03   3.558599e+05   0.000000e+00  17949s
  384192    1.9078631e+03   1.831300e+05   0.000000e+00  17955s
  384272    1.9078665e+03   1.939073e+05   0.000000e+00  17960s
  384352    1.9078713e+03   8.328634e+05   0.000000e+00  17966s
  384432    1.9078755e+03   4.185748e+05   0.000000e+00  17971s
  384512    1.9078790e+03   1.683278e+05   0.000000e+00  17977s
  384592    1.9078814e+03   1.633500e+07   0.000000e+00  17982s
  384672    1.9078848e+03   2.442799e+05   0.000000e+00  17987s
  384752    1.9078884e+03   9.504480e+05   0.000000e+00  17993s
  384832    1.9078924e+03   2.050072e+06   0.000000e+00  17998s

Root relaxation: time limit, 384867 iterations, 17929.24 seconds (33190.45 work units)

    Nodes    |    Current Node    |     Objective Bounds      |     Work
 Expl Unexpl |  Obj  Depth IntInf | Incumbent    BestBd   Gap | It/Node Time

     0     0          -    0      2443.00000 1436.00000  41.2%     - 18000s

Explored 1 nodes (384867 simplex iterations) in 18000.47 seconds (33218.47 work units)
Thread count was 32 (of 32 available processors)

Solution count 1: 2443 

Time limit reached
Best objective 2.443000000000e+03, best bound 1.436000000000e+03, gap 41.2198%

User-callback calls 7282, time in user-callback 0.13 sec
