slot_index,a_km,e,i_deg,raan_deg,argp_deg,arg_lat_deg
0,6782.489349,0.000000,42.000000,0.000000,0.000000,0.000000
2,6782.489349,0.000000,42.000000,1.002786,0.000000,344.456825
8,6782.489349,0.000000,42.000000,4.011142,0.000000,297.827298
11,6782.489349,0.000000,42.000000,5.515320,0.000000,274.512535
15,6782.489349,0.000000,42.000000,7.520891,0.000000,243.426184
19,6782.489349,0.000000,42.000000,9.526462,0.000000,212.339833
21,6782.489349,0.000000,42.000000,10.529248,0.000000,196.796657
22,6782.489349,0.000000,42.000000,11.030641,0.000000,189.025070
25,6782.489349,0.000000,42.000000,12.534819,0.000000,165.710306
27,6782.489349,0.000000,42.000000,13.537604,0.000000,150.167131
30,6782.489349,0.000000,42.000000,15.041783,0.000000,126.852368
32,6782.489349,0.000000,42.000000,16.044568,0.000000,111.309192
33,6782.489349,0.000000,42.000000,16.545961,0.000000,103.537604
34,6782.489349,0.000000,42.000000,17.047354,0.000000,95.766017
35,6782.489349,0.000000,42.000000,17.548747,0.000000,87.994429
36,6782.489349,0.000000,42.000000,18.050139,0.000000,80.222841
44,6782.489349,0.000000,42.000000,22.061281,0.000000,18.050139
45,6782.489349,0.000000,42.000000,22.562674,0.000000,10.278552
47,6782.489349,0.000000,42.000000,23.565460,0.000000,354.735376
49,6782.489349,0.000000,42.000000,24.568245,0.000000,339.192201
50,6782.489349,0.000000,42.000000,25.069638,0.000000,331.420613
52,6782.489349,0.000000,42.000000,26.072423,0.000000,315.877437
57,6782.489349,0.000000,42.000000,28.579387,0.000000,277.019499
59,6782.489349,0.000000,42.000000,29.582173,0.000000,261.476323
62,6782.489349,0.000000,42.000000,31.086351,0.000000,238.161560
65,6782.489349,0.000000,42.000000,32.590529,0.000000,214.846797
67,6782.489349,0.000000,42.000000,33.593315,0.000000,199.303621
68,6782.489349,0.000000,42.000000,34.094708,0.000000,191.532033
70,6782.489349,0.000000,42.000000,35.097493,0.000000,175.988858
72,6782.489349,0.000000,42.000000,36.100279,0.000000,160.445682
73,6782.489349,0.000000,42.000000,36.601671,0.000000,152.674095
77,6782.489349,0.000000,42.000000,38.607242,0.000000,121.587744
78,6782.489349,0.000000,42.000000,39.108635,0.000000,113.816156
79,6782.489349,0.000000,42.000000,39.610028,0.000000,106.044568
84,6782.489349,0.000000,42.000000,42.116992,0.000000,67.186630
86,6782.489349,0.000000,42.000000,43.119777,0.000000,51.643454
89,6782.489349,0.000000,42.000000,44.623955,0.000000,28.328691
90,6782.489349,0.000000,42.000000,45.125348,0.000000,20.557103
93,6782.489349,0.000000,42.000000,46.629526,0.000000,357.242340
94,6782.489349,0.000000,42.000000,47.130919,0.000000,349.470752
95,6782.489349,0.000000,42.000000,47.632312,0.000000,341.699164
96,6782.489349,0.000000,42.000000,48.133705,0.000000,333.927577
98,6782.489349,0.000000,42.000000,49.136490,0.000000,318.384401
100,6782.489349,0.000000,42.000000,50.139276,0.000000,302.841226
101,6782.489349,0.000000,42.000000,50.640669,0.000000,295.069638
102,6782.489349,0.000000,42.000000,51.142061,0.000000,287.298050
103,6782.489349,0.000000,42.000000,51.643454,0.000000,279.526462
105,6782.489349,0.000000,42.000000,52.646240,0.000000,263.983287
106,6782.489349,0.000000,42.000000,53.147632,0.000000,256.211699
107,6782.489349,0.000000,42.000000,53.649025,0.000000,248.440111
108,6782.489349,0.000000,42.000000,54.150418,0.000000,240.668524
111,6782.489349,0.000000,42.000000,55.654596,0.000000,217.353760
112,6782.489349,0.000000,42.000000,56.155989,0.000000,209.582173
113,6782.489349,0.000000,42.000000,56.657382,0.000000,201.810585
117,6782.489349,0.000000,42.000000,58.662953,0.000000,170.724234
118,6782.489349,0.000000,42.000000,59.164345,0.000000,162.952646
119,6782.489349,0.000000,42.000000,59.665738,0.000000,155.181058
120,6782.489349,0.000000,42.000000,60.167131,0.000000,147.409471
123,6782.489349,0.000000,42.000000,61.671309,0.000000,124.094708
125,6782.489349,0.000000,42.000000,62.674095,0.000000,108.551532
126,6782.489349,0.000000,42.000000,63.175487,0.000000,100.779944
127,6782.489349,0.000000,42.000000,63.676880,0.000000,93.008357
128,6782.489349,0.000000,42.000000,64.178273,0.000000,85.236769
129,6782.489349,0.000000,42.000000,64.679666,0.000000,77.465181
130,6782.489349,0.000000,42.000000,65.181058,0.000000,69.693593
131,6782.489349,0.000000,42.000000,65.682451,0.000000,61.922006
133,6782.489349,0.000000,42.000000,66.685237,0.000000,46.378830
136,6782.489349,0.000000,42.000000,68.189415,0.000000,23.064067
137,6782.489349,0.000000,42.000000,68.690808,0.000000,15.292479
138,6782.489349,0.000000,42.000000,69.192201,0.000000,7.520891
140,6782.489349,0.000000,42.000000,70.194986,0.000000,351.977716
141,6782.489349,0.000000,42.000000,70.696379,0.000000,344.206128
142,6782.489349,0.000000,42.000000,71.197772,0.000000,336.434540
143,6782.489349,0.000000,42.000000,71.699164,0.000000,328.662953
145,6782.489349,0.000000,42.000000,72.701950,0.000000,313.119777
150,6782.489349,0.000000,42.000000,75.208914,0.000000,274.261838
151,6782.489349,0.000000,42.000000,75.710306,0.000000,266.490251
153,6782.489349,0.000000,42.000000,76.713092,0.000000,250.947075
155,6782.489349,0.000000,42.000000,77.715877,0.000000,235.403900
159,6782.489349,0.000000,42.000000,79.721448,0.000000,204.317549
160,6782.489349,0.000000,42.000000,80.222841,0.000000,196.545961
162,6782.489349,0.000000,42.000000,81.225627,0.000000,181.002786
163,6782.489349,0.000000,42.000000,81.727019,0.000000,173.231198
164,6782.489349,0.000000,42.000000,82.228412,0.000000,165.459610
165,6782.489349,0.000000,42.000000,82.729805,0.000000,157.688022
166,6782.489349,0.000000,42.000000,83.231198,0.000000,149.916435
168,6782.489349,0.000000,42.000000,84.233983,0.000000,134.373259
169,6782.489349,0.000000,42.000000,84.735376,0.000000,126.601671
170,6782.489349,0.000000,42.000000,85.236769,0.000000,118.830084
171,6782.489349,0.000000,42.000000,85.738162,0.000000,111.058496
172,6782.489349,0.000000,42.000000,86.239554,0.000000,103.286908
175,6782.489349,0.000000,42.000000,87.743733,0.000000,79.972145
176,6782.489349,0.000000,42.000000,88.245125,0.000000,72.200557
177,6782.489349,0.000000,42.000000,88.746518,0.000000,64.428969
178,6782.489349,0.000000,42.000000,89.247911,0.000000,56.657382
180,6782.489349,0.000000,42.000000,90.250696,0.000000,41.114206
183,6782.489349,0.000000,42.000000,91.754875,0.000000,17.799443
185,6782.489349,0.000000,42.000000,92.757660,0.000000,2.256267
192,6782.489349,0.000000,42.000000,96.267409,0.000000,307.855153
193,6782.489349,0.000000,42.000000,96.768802,0.000000,300.083565
195,6782.489349,0.000000,42.000000,97.771588,0.000000,284.540390
196,6782.489349,0.000000,42.000000,98.272981,0.000000,276.768802
199,6782.489349,0.000000,42.000000,99.777159,0.000000,253.454039
202,6782.489349,0.000000,42.000000,101.281337,0.000000,230.139276
203,6782.489349,0.000000,42.000000,101.782730,0.000000,222.367688
205,6782.489349,0.000000,42.000000,102.785515,0.000000,206.824513
206,6782.489349,0.000000,42.000000,103.286908,0.000000,199.052925
210,6782.489349,0.000000,42.000000,105.292479,0.000000,167.966574
211,6782.489349,0.000000,42.000000,105.793872,0.000000,160.194986
212,6782.489349,0.000000,42.000000,106.295265,0.000000,152.423398
214,6782.489349,0.000000,42.000000,107.298050,0.000000,136.880223
215,6782.489349,0.000000,42.000000,107.799443,0.000000,129.108635
216,6782.489349,0.000000,42.000000,108.300836,0.000000,121.337047
217,6782.489349,0.000000,42.000000,108.802228,0.000000,113.565460
219,6782.489349,0.000000,42.000000,109.805014,0.000000,98.022284
222,6782.489349,0.000000,42.000000,111.309192,0.000000,74.707521
223,6782.489349,0.000000,42.000000,111.810585,0.000000,66.935933
225,6782.489349,0.000000,42.000000,112.813370,0.000000,51.392758
226,6782.489349,0.000000,42.000000,113.314763,0.000000,43.621170
227,6782.489349,0.000000,42.000000,113.816156,0.000000,35.849582
228,6782.489349,0.000000,42.000000,114.317549,0.000000,28.077994
230,6782.489349,0.000000,42.000000,115.320334,0.000000,12.534819
231,6782.489349,0.000000,42.000000,115.821727,0.000000,4.763231
232,6782.489349,0.000000,42.000000,116.323120,0.000000,356.991643
239,6782.489349,0.000000,42.000000,119.832869,0.000000,302.590529
241,6782.489349,0.000000,42.000000,120.835655,0.000000,287.047354
242,6782.489349,0.000000,42.000000,121.337047,0.000000,279.275766
243,6782.489349,0.000000,42.000000,121.838440,0.000000,271.504178
245,6782.489349,0.000000,42.000000,122.841226,0.000000,255.961003
247,6782.489349,0.000000,42.000000,123.844011,0.000000,240.417827
249,6782.489349,0.000000,42.000000,124.846797,0.000000,224.874652
251,6782.489349,0.000000,42.000000,125.849582,0.000000,209.331476
252,6782.489349,0.000000,42.000000,126.350975,0.000000,201.559889
253,6782.489349,0.000000,42.000000,126.852368,0.000000,193.788301
254,6782.489349,0.000000,42.000000,127.353760,0.000000,186.016713
258,6782.489349,0.000000,42.000000,129.359331,0.000000,154.930362
260,6782.489349,0.000000,42.000000,130.362117,0.000000,139.387187
261,6782.489349,0.000000,42.000000,130.863510,0.000000,131.615599
264,6782.489349,0.000000,42.000000,132.367688,0.000000,108.300836
266,6782.489349,0.000000,42.000000,133.370474,0.000000,92.757660
267,6782.489349,0.000000,42.000000,133.871866,0.000000,84.986072
268,6782.489349,0.000000,42.000000,134.373259,0.000000,77.214485
275,6782.489349,0.000000,42.000000,137.883008,0.000000,22.813370
279,6782.489349,0.000000,42.000000,139.888579,0.000000,351.727019
280,6782.489349,0.000000,42.000000,140.389972,0.000000,343.955432
281,6782.489349,0.000000,42.000000,140.891365,0.000000,336.183844
285,6782.489349,0.000000,42.000000,142.896936,0.000000,305.097493
286,6782.489349,0.000000,42.000000,143.398329,0.000000,297.325905
289,6782.489349,0.000000,42.000000,144.902507,0.000000,274.011142
290,6782.489349,0.000000,42.000000,145.403900,0.000000,266.239554
293,6782.489349,0.000000,42.000000,146.908078,0.000000,242.924791
296,6782.489349,0.000000,42.000000,148.412256,0.000000,219.610028
298,6782.489349,0.000000,42.000000,149.415042,0.000000,204.066852
299,6782.489349,0.000000,42.000000,149.916435,0.000000,196.295265
302,6782.489349,0.000000,42.000000,151.420613,0.000000,172.980501
303,6782.489349,0.000000,42.000000,151.922006,0.000000,165.208914
304,6782.489349,0.000000,42.000000,152.423398,0.000000,157.437326
306,6782.489349,0.000000,42.000000,153.426184,0.000000,141.894150
307,6782.489349,0.000000,42.000000,153.927577,0.000000,134.122563
310,6782.489349,0.000000,42.000000,155.431755,0.000000,110.807799
318,6782.489349,0.000000,42.000000,159.442897,0.000000,48.635097
319,6782.489349,0.000000,42.000000,159.944290,0.000000,40.863510
320,6782.489349,0.000000,42.000000,160.445682,0.000000,33.091922
322,6782.489349,0.000000,42.000000,161.448468,0.000000,17.548747
323,6782.489349,0.000000,42.000000,161.949861,0.000000,9.777159
324,6782.489349,0.000000,42.000000,162.451253,0.000000,2.005571
325,6782.489349,0.000000,42.000000,162.952646,0.000000,354.233983
326,6782.489349,0.000000,42.000000,163.454039,0.000000,346.462396
330,6782.489349,0.000000,42.000000,165.459610,0.000000,315.376045
334,6782.489349,0.000000,42.000000,167.465181,0.000000,284.289694
337,6782.489349,0.000000,42.000000,168.969359,0.000000,260.974930
339,6782.489349,0.000000,42.000000,169.972145,0.000000,245.431755
340,6782.489349,0.000000,42.000000,170.473538,0.000000,237.660167
342,6782.489349,0.000000,42.000000,171.476323,0.000000,222.116992
344,6782.489349,0.000000,42.000000,172.479109,0.000000,206.573816
345,6782.489349,0.000000,42.000000,172.980501,0.000000,198.802228
350,6782.489349,0.000000,42.000000,175.487465,0.000000,159.944290
351,6782.489349,0.000000,42.000000,175.988858,0.000000,152.172702
357,6782.489349,0.000000,42.000000,178.997214,0.000000,105.543175
358,6782.489349,0.000000,42.000000,179.498607,0.000000,97.771588
359,6782.489349,0.000000,42.000000,180.000000,0.000000,90.000000
361,6782.489349,0.000000,42.000000,181.002786,0.000000,74.456825
362,6782.489349,0.000000,42.000000,181.504178,0.000000,66.685237
364,6782.489349,0.000000,42.000000,182.506964,0.000000,51.142061
366,6782.489349,0.000000,42.000000,183.509749,0.000000,35.598886
367,6782.489349,0.000000,42.000000,184.011142,0.000000,27.827298
369,6782.489349,0.000000,42.000000,185.013928,0.000000,12.284123
373,6782.489349,0.000000,42.000000,187.019499,0.000000,341.197772
374,6782.489349,0.000000,42.000000,187.520891,0.000000,333.426184
375,6782.489349,0.000000,42.000000,188.022284,0.000000,325.654596
376,6782.489349,0.000000,42.000000,188.523677,0.000000,317.883008
377,6782.489349,0.000000,42.000000,189.025070,0.000000,310.111421
379,6782.489349,0.000000,42.000000,190.027855,0.000000,294.568245
388,6782.489349,0.000000,42.000000,194.540390,0.000000,224.623955
389,6782.489349,0.000000,42.000000,195.041783,0.000000,216.852368
391,6782.489349,0.000000,42.000000,196.044568,0.000000,201.309192
392,6782.489349,0.000000,42.000000,196.545961,0.000000,193.537604
394,6782.489349,0.000000,42.000000,197.548747,0.000000,177.994429
395,6782.489349,0.000000,42.000000,198.050139,0.000000,170.222841
398,6782.489349,0.000000,42.000000,199.554318,0.000000,146.908078
400,6782.489349,0.000000,42.000000,200.557103,0.000000,131.364903
401,6782.489349,0.000000,42.000000,201.058496,0.000000,123.593315
403,6782.489349,0.000000,42.000000,202.061281,0.000000,108.050139
404,6782.489349,0.000000,42.000000,202.562674,0.000000,100.278552
407,6782.489349,0.000000,42.000000,204.066852,0.000000,76.963788
408,6782.489349,0.000000,42.000000,204.568245,0.000000,69.192201
412,6782.489349,0.000000,42.000000,206.573816,0.000000,38.105850
415,6782.489349,0.000000,42.000000,208.077994,0.000000,14.791086
416,6782.489349,0.000000,42.000000,208.579387,0.000000,7.019499
417,6782.489349,0.000000,42.000000,209.080780,0.000000,359.247911
418,6782.489349,0.000000,42.000000,209.582173,0.000000,351.476323
421,6782.489349,0.000000,42.000000,211.086351,0.000000,328.161560
423,6782.489349,0.000000,42.000000,212.089136,0.000000,312.618384
424,6782.489349,0.000000,42.000000,212.590529,0.000000,304.846797
428,6782.489349,0.000000,42.000000,214.596100,0.000000,273.760446
436,6782.489349,0.000000,42.000000,218.607242,0.000000,211.587744
439,6782.489349,0.000000,42.000000,220.111421,0.000000,188.272981
443,6782.489349,0.000000,42.000000,222.116992,0.000000,157.186630
445,6782.489349,0.000000,42.000000,223.119777,0.000000,141.643454
448,6782.489349,0.000000,42.000000,224.623955,0.000000,118.328691
449,6782.489349,0.000000,42.000000,225.125348,0.000000,110.557103
450,6782.489349,0.000000,42.000000,225.626741,0.000000,102.785515
453,6782.489349,0.000000,42.000000,227.130919,0.000000,79.470752
454,6782.489349,0.000000,42.000000,227.632312,0.000000,71.699164
456,6782.489349,0.000000,42.000000,228.635097,0.000000,56.155989
457,6782.489349,0.000000,42.000000,229.136490,0.000000,48.384401
459,6782.489349,0.000000,42.000000,230.139276,0.000000,32.841226
463,6782.489349,0.000000,42.000000,232.144847,0.000000,1.754875
465,6782.489349,0.000000,42.000000,233.147632,0.000000,346.211699
467,6782.489349,0.000000,42.000000,234.150418,0.000000,330.668524
468,6782.489349,0.000000,42.000000,234.651811,0.000000,322.896936
469,6782.489349,0.000000,42.000000,235.153203,0.000000,315.125348
476,6782.489349,0.000000,42.000000,238.662953,0.000000,260.724234
477,6782.489349,0.000000,42.000000,239.164345,0.000000,252.952646
478,6782.489349,0.000000,42.000000,239.665738,0.000000,245.181058
480,6782.489349,0.000000,42.000000,240.668524,0.000000,229.637883
481,6782.489349,0.000000,42.000000,241.169916,0.000000,221.866295
482,6782.489349,0.000000,42.000000,241.671309,0.000000,214.094708
483,6782.489349,0.000000,42.000000,242.172702,0.000000,206.323120
485,6782.489349,0.000000,42.000000,243.175487,0.000000,190.779944
486,6782.489349,0.000000,42.000000,243.676880,0.000000,183.008357
487,6782.489349,0.000000,42.000000,244.178273,0.000000,175.236769
488,6782.489349,0.000000,42.000000,244.679666,0.000000,167.465181
489,6782.489349,0.000000,42.000000,245.181058,0.000000,159.693593
492,6782.489349,0.000000,42.000000,246.685237,0.000000,136.378830
497,6782.489349,0.000000,42.000000,249.192201,0.000000,97.520891
498,6782.489349,0.000000,42.000000,249.693593,0.000000,89.749304
499,6782.489349,0.000000,42.000000,250.194986,0.000000,81.977716
502,6782.489349,0.000000,42.000000,251.699164,0.000000,58.662953
503,6782.489349,0.000000,42.000000,252.200557,0.000000,50.891365
504,6782.489349,0.000000,42.000000,252.701950,0.000000,43.119777
505,6782.489349,0.000000,42.000000,253.203343,0.000000,35.348189
506,6782.489349,0.000000,42.000000,253.704735,0.000000,27.576602
507,6782.489349,0.000000,42.000000,254.206128,0.000000,19.805014
510,6782.489349,0.000000,42.000000,255.710306,0.000000,356.490251
511,6782.489349,0.000000,42.000000,256.211699,0.000000,348.718663
515,6782.489349,0.000000,42.000000,258.217270,0.000000,317.632312
516,6782.489349,0.000000,42.000000,258.718663,0.000000,309.860724
518,6782.489349,0.000000,42.000000,259.721448,0.000000,294.317549
520,6782.489349,0.000000,42.000000,260.724234,0.000000,278.774373
521,6782.489349,0.000000,42.000000,261.225627,0.000000,271.002786
522,6782.489349,0.000000,42.000000,261.727019,0.000000,263.231198
523,6782.489349,0.000000,42.000000,262.228412,0.000000,255.459610
525,6782.489349,0.000000,42.000000,263.231198,0.000000,239.916435
526,6782.489349,0.000000,42.000000,263.732591,0.000000,232.144847
527,6782.489349,0.000000,42.000000,264.233983,0.000000,224.373259
529,6782.489349,0.000000,42.000000,265.236769,0.000000,208.830084
534,6782.489349,0.000000,42.000000,267.743733,0.000000,169.972145
535,6782.489349,0.000000,42.000000,268.245125,0.000000,162.200557
536,6782.489349,0.000000,42.000000,268.746518,0.000000,154.428969
539,6782.489349,0.000000,42.000000,270.250696,0.000000,131.114206
540,6782.489349,0.000000,42.000000,270.752089,0.000000,123.342618
547,6782.489349,0.000000,42.000000,274.261838,0.000000,68.941504
551,6782.489349,0.000000,42.000000,276.267409,0.000000,37.855153
552,6782.489349,0.000000,42.000000,276.768802,0.000000,30.083565
557,6782.489349,0.000000,42.000000,279.275766,0.000000,351.225627
560,6782.489349,0.000000,42.000000,280.779944,0.000000,327.910864
561,6782.489349,0.000000,42.000000,281.281337,0.000000,320.139276
563,6782.489349,0.000000,42.000000,282.284123,0.000000,304.596100
566,6782.489349,0.000000,42.000000,283.788301,0.000000,281.281337
567,6782.489349,0.000000,42.000000,284.289694,0.000000,273.509749
570,6782.489349,0.000000,42.000000,285.793872,0.000000,250.194986
575,6782.489349,0.000000,42.000000,288.300836,0.000000,211.337047
576,6782.489349,0.000000,42.000000,288.802228,0.000000,203.565460
577,6782.489349,0.000000,42.000000,289.303621,0.000000,195.793872
584,6782.489349,0.000000,42.000000,292.813370,0.000000,141.392758
586,6782.489349,0.000000,42.000000,293.816156,0.000000,125.849582
587,6782.489349,0.000000,42.000000,294.317549,0.000000,118.077994
588,6782.489349,0.000000,42.000000,294.818942,0.000000,110.306407
590,6782.489349,0.000000,42.000000,295.821727,0.000000,94.763231
591,6782.489349,0.000000,42.000000,296.323120,0.000000,86.991643
592,6782.489349,0.000000,42.000000,296.824513,0.000000,79.220056
594,6782.489349,0.000000,42.000000,297.827298,0.000000,63.676880
595,6782.489349,0.000000,42.000000,298.328691,0.000000,55.905292
596,6782.489349,0.000000,42.000000,298.830084,0.000000,48.133705
602,6782.489349,0.000000,42.000000,301.838440,0.000000,1.504178
606,6782.489349,0.000000,42.000000,303.844011,0.000000,330.417827
607,6782.489349,0.000000,42.000000,304.345404,0.000000,322.646240
608,6782.489349,0.000000,42.000000,304.846797,0.000000,314.874652
613,6782.489349,0.000000,42.000000,307.353760,0.000000,276.016713
618,6782.489349,0.000000,42.000000,309.860724,0.000000,237.158774
622,6782.489349,0.000000,42.000000,311.866295,0.000000,206.072423
625,6782.489349,0.000000,42.000000,313.370474,0.000000,182.757660
626,6782.489349,0.000000,42.000000,313.871866,0.000000,174.986072
627,6782.489349,0.000000,42.000000,314.373259,0.000000,167.214485
629,6782.489349,0.000000,42.000000,315.376045,0.000000,151.671309
632,6782.489349,0.000000,42.000000,316.880223,0.000000,128.356546
633,6782.489349,0.000000,42.000000,317.381616,0.000000,120.584958
637,6782.489349,0.000000,42.000000,319.387187,0.000000,89.498607
639,6782.489349,0.000000,42.000000,320.389972,0.000000,73.955432
640,6782.489349,0.000000,42.000000,320.891365,0.000000,66.183844
644,6782.489349,0.000000,42.000000,322.896936,0.000000,35.097493
646,6782.489349,0.000000,42.000000,323.899721,0.000000,19.554318
647,6782.489349,0.000000,42.000000,324.401114,0.000000,11.782730
651,6782.489349,0.000000,42.000000,326.406685,0.000000,340.696379
654,6782.489349,0.000000,42.000000,327.910864,0.000000,317.381616
655,6782.489349,0.000000,42.000000,328.412256,0.000000,309.610028
657,6782.489349,0.000000,42.000000,329.415042,0.000000,294.066852
659,6782.489349,0.000000,42.000000,330.417827,0.000000,278.523677
660,6782.489349,0.000000,42.000000,330.919220,0.000000,270.752089
662,6782.489349,0.000000,42.000000,331.922006,0.000000,255.208914
663,6782.489349,0.000000,42.000000,332.423398,0.000000,247.437326
669,6782.489349,0.000000,42.000000,335.431755,0.000000,200.807799
670,6782.489349,0.000000,42.000000,335.933148,0.000000,193.036212
671,6782.489349,0.000000,42.000000,336.434540,0.000000,185.264624
673,6782.489349,0.000000,42.000000,337.437326,0.000000,169.721448
674,6782.489349,0.000000,42.000000,337.938719,0.000000,161.949861
675,6782.489349,0.000000,42.000000,338.440111,0.000000,154.178273
678,6782.489349,0.000000,42.000000,339.944290,0.000000,130.863510
681,6782.489349,0.000000,42.000000,341.448468,0.000000,107.548747
682,6782.489349,0.000000,42.000000,341.949861,0.000000,99.777159
684,6782.489349,0.000000,42.000000,342.952646,0.000000,84.233983
685,6782.489349,0.000000,42.000000,343.454039,0.000000,76.462396
686,6782.489349,0.000000,42.000000,343.955432,0.000000,68.690808
687,6782.489349,0.000000,42.000000,344.456825,0.000000,60.919220
693,6782.489349,0.000000,42.000000,347.465181,0.000000,14.289694
694,6782.489349,0.000000,42.000000,347.966574,0.000000,6.518106
701,6782.489349,0.000000,42.000000,351.476323,0.000000,312.116992
702,6782.489349,0.000000,42.000000,351.977716,0.000000,304.345404
703,6782.489349,0.000000,42.000000,352.479109,0.000000,296.573816
706,6782.489349,0.000000,42.000000,353.983287,0.000000,273.259053
709,6782.489349,0.000000,42.000000,355.487465,0.000000,249.944290
711,6782.489349,0.000000,42.000000,356.490251,0.000000,234.401114
713,6782.489349,0.000000,42.000000,357.493036,0.000000,218.857939
714,6782.489349,0.000000,42.000000,357.994429,0.000000,211.086351
716,6782.489349,0.000000,42.000000,358.997214,0.000000,195.543175
719,6782.489349,0.000000,42.000000,0.501393,0.000000,172.228412
727,6782.489349,0.000000,42.000000,4.512535,0.000000,110.055710
728,6782.489349,0.000000,42.000000,5.013928,0.000000,102.284123
729,6782.489349,0.000000,42.000000,5.515320,0.000000,94.512535
731,6782.489349,0.000000,42.000000,6.518106,0.000000,78.969359
734,6782.489349,0.000000,42.000000,8.022284,0.000000,55.654596
738,6782.489349,0.000000,42.000000,10.027855,0.000000,24.568245
739,6782.489349,0.000000,42.000000,10.529248,0.000000,16.796657
740,6782.489349,0.000000,42.000000,11.030641,0.000000,9.025070
741,6782.489349,0.000000,42.000000,11.532033,0.000000,1.253482
742,6782.489349,0.000000,42.000000,12.033426,0.000000,353.481894
743,6782.489349,0.000000,42.000000,12.534819,0.000000,345.710306
744,6782.489349,0.000000,42.000000,13.036212,0.000000,337.938719
746,6782.489349,0.000000,42.000000,14.038997,0.000000,322.395543
748,6782.489349,0.000000,42.000000,15.041783,0.000000,306.852368
749,6782.489349,0.000000,42.000000,15.543175,0.000000,299.080780
750,6782.489349,0.000000,42.000000,16.044568,0.000000,291.309192
751,6782.489349,0.000000,42.000000,16.545961,0.000000,283.537604
752,6782.489349,0.000000,42.000000,17.047354,0.000000,275.766017
753,6782.489349,0.000000,42.000000,17.548747,0.000000,267.994429
759,6782.489349,0.000000,42.000000,20.557103,0.000000,221.364903
760,6782.489349,0.000000,42.000000,21.058496,0.000000,213.593315
761,6782.489349,0.000000,42.000000,21.559889,0.000000,205.821727
762,6782.489349,0.000000,42.000000,22.061281,0.000000,198.050139
764,6782.489349,0.000000,42.000000,23.064067,0.000000,182.506964
766,6782.489349,0.000000,42.000000,24.066852,0.000000,166.963788
770,6782.489349,0.000000,42.000000,26.072423,0.000000,135.877437
771,6782.489349,0.000000,42.000000,26.573816,0.000000,128.105850
772,6782.489349,0.000000,42.000000,27.075209,0.000000,120.334262
773,6782.489349,0.000000,42.000000,27.576602,0.000000,112.562674
774,6782.489349,0.000000,42.000000,28.077994,0.000000,104.791086
775,6782.489349,0.000000,42.000000,28.579387,0.000000,97.019499
777,6782.489349,0.000000,42.000000,29.582173,0.000000,81.476323
780,6782.489349,0.000000,42.000000,31.086351,0.000000,58.161560
781,6782.489349,0.000000,42.000000,31.587744,0.000000,50.389972
783,6782.489349,0.000000,42.000000,32.590529,0.000000,34.846797
785,6782.489349,0.000000,42.000000,33.593315,0.000000,19.303621
787,6782.489349,0.000000,42.000000,34.596100,0.000000,3.760446
788,6782.489349,0.000000,42.000000,35.097493,0.000000,355.988858
789,6782.489349,0.000000,42.000000,35.598886,0.000000,348.217270
790,6782.489349,0.000000,42.000000,36.100279,0.000000,340.445682
791,6782.489349,0.000000,42.000000,36.601671,0.000000,332.674095
792,6782.489349,0.000000,42.000000,37.103064,0.000000,324.902507
796,6782.489349,0.000000,42.000000,39.108635,0.000000,293.816156
797,6782.489349,0.000000,42.000000,39.610028,0.000000,286.044568
798,6782.489349,0.000000,42.000000,40.111421,0.000000,278.272981
799,6782.489349,0.000000,42.000000,40.612813,0.000000,270.501393
800,6782.489349,0.000000,42.000000,41.114206,0.000000,262.729805
801,6782.489349,0.000000,42.000000,41.615599,0.000000,254.958217
802,6782.489349,0.000000,42.000000,42.116992,0.000000,247.186630
805,6782.489349,0.000000,42.000000,43.621170,0.000000,223.871866
808,6782.489349,0.000000,42.000000,45.125348,0.000000,200.557103
809,6782.489349,0.000000,42.000000,45.626741,0.000000,192.785515
810,6782.489349,0.000000,42.000000,46.128134,0.000000,185.013928
811,6782.489349,0.000000,42.000000,46.629526,0.000000,177.242340
813,6782.489349,0.000000,42.000000,47.632312,0.000000,161.699164
817,6782.489349,0.000000,42.000000,49.637883,0.000000,130.612813
819,6782.489349,0.000000,42.000000,50.640669,0.000000,115.069638
820,6782.489349,0.000000,42.000000,51.142061,0.000000,107.298050
821,6782.489349,0.000000,42.000000,51.643454,0.000000,99.526462
823,6782.489349,0.000000,42.000000,52.646240,0.000000,83.983287
824,6782.489349,0.000000,42.000000,53.147632,0.000000,76.211699
826,6782.489349,0.000000,42.000000,54.150418,0.000000,60.668524
828,6782.489349,0.000000,42.000000,55.153203,0.000000,45.125348
829,6782.489349,0.000000,42.000000,55.654596,0.000000,37.353760
833,6782.489349,0.000000,42.000000,57.660167,0.000000,6.267409
834,6782.489349,0.000000,42.000000,58.161560,0.000000,358.495822
835,6782.489349,0.000000,42.000000,58.662953,0.000000,350.724234
836,6782.489349,0.000000,42.000000,59.164345,0.000000,342.952646
838,6782.489349,0.000000,42.000000,60.167131,0.000000,327.409471
839,6782.489349,0.000000,42.000000,60.668524,0.000000,319.637883
840,6782.489349,0.000000,42.000000,61.169916,0.000000,311.866295
842,6782.489349,0.000000,42.000000,62.172702,0.000000,296.323120
844,6782.489349,0.000000,42.000000,63.175487,0.000000,280.779944
846,6782.489349,0.000000,42.000000,64.178273,0.000000,265.236769
848,6782.489349,0.000000,42.000000,65.181058,0.000000,249.693593
853,6782.489349,0.000000,42.000000,67.688022,0.000000,210.835655
854,6782.489349,0.000000,42.000000,68.189415,0.000000,203.064067
855,6782.489349,0.000000,42.000000,68.690808,0.000000,195.292479
856,6782.489349,0.000000,42.000000,69.192201,0.000000,187.520891
858,6782.489349,0.000000,42.000000,70.194986,0.000000,171.977716
859,6782.489349,0.000000,42.000000,70.696379,0.000000,164.206128
862,6782.489349,0.000000,42.000000,72.200557,0.000000,140.891365
863,6782.489349,0.000000,42.000000,72.701950,0.000000,133.119777
864,6782.489349,0.000000,42.000000,73.203343,0.000000,125.348189
866,6782.489349,0.000000,42.000000,74.206128,0.000000,109.805014
869,6782.489349,0.000000,42.000000,75.710306,0.000000,86.490251
870,6782.489349,0.000000,42.000000,76.211699,0.000000,78.718663
871,6782.489349,0.000000,42.000000,76.713092,0.000000,70.947075
874,6782.489349,0.000000,42.000000,78.217270,0.000000,47.632312
875,6782.489349,0.000000,42.000000,78.718663,0.000000,39.860724
879,6782.489349,0.000000,42.000000,80.724234,0.000000,8.774373
880,6782.489349,0.000000,42.000000,81.225627,0.000000,1.002786
882,6782.489349,0.000000,42.000000,82.228412,0.000000,345.459610
883,6782.489349,0.000000,42.000000,82.729805,0.000000,337.688022
884,6782.489349,0.000000,42.000000,83.231198,0.000000,329.916435
888,6782.489349,0.000000,42.000000,85.236769,0.000000,298.830084
889,6782.489349,0.000000,42.000000,85.738162,0.000000,291.058496
890,6782.489349,0.000000,42.000000,86.239554,0.000000,283.286908
892,6782.489349,0.000000,42.000000,87.242340,0.000000,267.743733
893,6782.489349,0.000000,42.000000,87.743733,0.000000,259.972145
894,6782.489349,0.000000,42.000000,88.245125,0.000000,252.200557
896,6782.489349,0.000000,42.000000,89.247911,0.000000,236.657382
897,6782.489349,0.000000,42.000000,89.749304,0.000000,228.885794
904,6782.489349,0.000000,42.000000,93.259053,0.000000,174.484680
905,6782.489349,0.000000,42.000000,93.760446,0.000000,166.713092
906,6782.489349,0.000000,42.000000,94.261838,0.000000,158.941504
907,6782.489349,0.000000,42.000000,94.763231,0.000000,151.169916
908,6782.489349,0.000000,42.000000,95.264624,0.000000,143.398329
909,6782.489349,0.000000,42.000000,95.766017,0.000000,135.626741
915,6782.489349,0.000000,42.000000,98.774373,0.000000,88.997214
925,6782.489349,0.000000,42.000000,103.788301,0.000000,11.281337
926,6782.489349,0.000000,42.000000,104.289694,0.000000,3.509749
930,6782.489349,0.000000,42.000000,106.295265,0.000000,332.423398
933,6782.489349,0.000000,42.000000,107.799443,0.000000,309.108635
937,6782.489349,0.000000,42.000000,109.805014,0.000000,278.022284
938,6782.489349,0.000000,42.000000,110.306407,0.000000,270.250696
939,6782.489349,0.000000,42.000000,110.807799,0.000000,262.479109
942,6782.489349,0.000000,42.000000,112.311978,0.000000,239.164345
945,6782.489349,0.000000,42.000000,113.816156,0.000000,215.849582
946,6782.489349,0.000000,42.000000,114.317549,0.000000,208.077994
949,6782.489349,0.000000,42.000000,115.821727,0.000000,184.763231
951,6782.489349,0.000000,42.000000,116.824513,0.000000,169.220056
953,6782.489349,0.000000,42.000000,117.827298,0.000000,153.676880
954,6782.489349,0.000000,42.000000,118.328691,0.000000,145.905292
956,6782.489349,0.000000,42.000000,119.331476,0.000000,130.362117
957,6782.489349,0.000000,42.000000,119.832869,0.000000,122.590529
958,6782.489349,0.000000,42.000000,120.334262,0.000000,114.818942
963,6782.489349,0.000000,42.000000,122.841226,0.000000,75.961003
964,6782.489349,0.000000,42.000000,123.342618,0.000000,68.189415
970,6782.489349,0.000000,42.000000,126.350975,0.000000,21.559889
971,6782.489349,0.000000,42.000000,126.852368,0.000000,13.788301
974,6782.489349,0.000000,42.000000,128.356546,0.000000,350.473538
977,6782.489349,0.000000,42.000000,129.860724,0.000000,327.158774
979,6782.489349,0.000000,42.000000,130.863510,0.000000,311.615599
980,6782.489349,0.000000,42.000000,131.364903,0.000000,303.844011
982,6782.489349,0.000000,42.000000,132.367688,0.000000,288.300836
986,6782.489349,0.000000,42.000000,134.373259,0.000000,257.214485
987,6782.489349,0.000000,42.000000,134.874652,0.000000,249.442897
988,6782.489349,0.000000,42.000000,135.376045,0.000000,241.671309
992,6782.489349,0.000000,42.000000,137.381616,0.000000,210.584958
995,6782.489349,0.000000,42.000000,138.885794,0.000000,187.270195
996,6782.489349,0.000000,42.000000,139.387187,0.000000,179.498607
998,6782.489349,0.000000,42.000000,140.389972,0.000000,163.955432
999,6782.489349,0.000000,42.000000,140.891365,0.000000,156.183844
1000,6782.489349,0.000000,42.000000,141.392758,0.000000,148.412256
1001,6782.489349,0.000000,42.000000,141.894150,0.000000,140.640669
1003,6782.489349,0.000000,42.000000,142.896936,0.000000,125.097493
1007,6782.489349,0.000000,42.000000,144.902507,0.000000,94.011142
1010,6782.489349,0.000000,42.000000,146.406685,0.000000,70.696379
1011,6782.489349,0.000000,42.000000,146.908078,0.000000,62.924791
1012,6782.489349,0.000000,42.000000,147.409471,0.000000,55.153203
1014,6782.489349,0.000000,42.000000,148.412256,0.000000,39.610028
1016,6782.489349,0.000000,42.000000,149.415042,0.000000,24.066852
1017,6782.489349,0.000000,42.000000,149.916435,0.000000,16.295265
1018,6782.489349,0.000000,42.000000,150.417827,0.000000,8.523677
1021,6782.489349,0.000000,42.000000,151.922006,0.000000,345.208914
1026,6782.489349,0.000000,42.000000,154.428969,0.000000,306.350975
1031,6782.489349,0.000000,42.000000,156.935933,0.000000,267.493036
1036,6782.489349,0.000000,42.000000,159.442897,0.000000,228.635097
1039,6782.489349,0.000000,42.000000,160.947075,0.000000,205.320334
1042,6782.489349,0.000000,42.000000,162.451253,0.000000,182.005571
1043,6782.489349,0.000000,42.000000,162.952646,0.000000,174.233983
1044,6782.489349,0.000000,42.000000,163.454039,0.000000,166.462396
1047,6782.489349,0.000000,42.000000,164.958217,0.000000,143.147632
1051,6782.489349,0.000000,42.000000,166.963788,0.000000,112.061281
1053,6782.489349,0.000000,42.000000,167.966574,0.000000,96.518106
1054,6782.489349,0.000000,42.000000,168.467967,0.000000,88.746518
1055,6782.489349,0.000000,42.000000,168.969359,0.000000,80.974930
1060,6782.489349,0.000000,42.000000,171.476323,0.000000,42.116992
1062,6782.489349,0.000000,42.000000,172.479109,0.000000,26.573816
1064,6782.489349,0.000000,42.000000,173.481894,0.000000,11.030641
1066,6782.489349,0.000000,42.000000,174.484680,0.000000,355.487465
1068,6782.489349,0.000000,42.000000,175.487465,0.000000,339.944290
1071,6782.489349,0.000000,42.000000,176.991643,0.000000,316.629526
1072,6782.489349,0.000000,42.000000,177.493036,0.000000,308.857939
1076,6782.489349,0.000000,42.000000,179.498607,0.000000,277.771588
1077,6782.489349,0.000000,42.000000,180.000000,0.000000,270.000000
1078,6782.489349,0.000000,42.000000,180.501393,0.000000,262.228412
1083,6782.489349,0.000000,42.000000,183.008357,0.000000,223.370474
1089,6782.489349,0.000000,42.000000,186.016713,0.000000,176.740947
1090,6782.489349,0.000000,42.000000,186.518106,0.000000,168.969359
1091,6782.489349,0.000000,42.000000,187.019499,0.000000,161.197772
1096,6782.489349,0.000000,42.000000,189.526462,0.000000,122.339833
1100,6782.489349,0.000000,42.000000,191.532033,0.000000,91.253482
1101,6782.489349,0.000000,42.000000,192.033426,0.000000,83.481894
1102,6782.489349,0.000000,42.000000,192.534819,0.000000,75.710306
1103,6782.489349,0.000000,42.000000,193.036212,0.000000,67.938719
1105,6782.489349,0.000000,42.000000,194.038997,0.000000,52.395543
1110,6782.489349,0.000000,42.000000,196.545961,0.000000,13.537604
1112,6782.489349,0.000000,42.000000,197.548747,0.000000,357.994429
1113,6782.489349,0.000000,42.000000,198.050139,0.000000,350.222841
1114,6782.489349,0.000000,42.000000,198.551532,0.000000,342.451253
1117,6782.489349,0.000000,42.000000,200.055710,0.000000,319.136490
1119,6782.489349,0.000000,42.000000,201.058496,0.000000,303.593315
1120,6782.489349,0.000000,42.000000,201.559889,0.000000,295.821727
1122,6782.489349,0.000000,42.000000,202.562674,0.000000,280.278552
1123,6782.489349,0.000000,42.000000,203.064067,0.000000,272.506964
1124,6782.489349,0.000000,42.000000,203.565460,0.000000,264.735376
1125,6782.489349,0.000000,42.000000,204.066852,0.000000,256.963788
1126,6782.489349,0.000000,42.000000,204.568245,0.000000,249.192201
1131,6782.489349,0.000000,42.000000,207.075209,0.000000,210.334262
1132,6782.489349,0.000000,42.000000,207.576602,0.000000,202.562674
1134,6782.489349,0.000000,42.000000,208.579387,0.000000,187.019499
1135,6782.489349,0.000000,42.000000,209.080780,0.000000,179.247911
1136,6782.489349,0.000000,42.000000,209.582173,0.000000,171.476323
1138,6782.489349,0.000000,42.000000,210.584958,0.000000,155.933148
1141,6782.489349,0.000000,42.000000,212.089136,0.000000,132.618384
1145,6782.489349,0.000000,42.000000,214.094708,0.000000,101.532033
1149,6782.489349,0.000000,42.000000,216.100279,0.000000,70.445682
1152,6782.489349,0.000000,42.000000,217.604457,0.000000,47.130919
1153,6782.489349,0.000000,42.000000,218.105850,0.000000,39.359331
1154,6782.489349,0.000000,42.000000,218.607242,0.000000,31.587744
1157,6782.489349,0.000000,42.000000,220.111421,0.000000,8.272981
1158,6782.489349,0.000000,42.000000,220.612813,0.000000,0.501393
1160,6782.489349,0.000000,42.000000,221.615599,0.000000,344.958217
1163,6782.489349,0.000000,42.000000,223.119777,0.000000,321.643454
1165,6782.489349,0.000000,42.000000,224.122563,0.000000,306.100279
1171,6782.489349,0.000000,42.000000,227.130919,0.000000,259.470752
1172,6782.489349,0.000000,42.000000,227.632312,0.000000,251.699164
1173,6782.489349,0.000000,42.000000,228.133705,0.000000,243.927577
1174,6782.489349,0.000000,42.000000,228.635097,0.000000,236.155989
1175,6782.489349,0.000000,42.000000,229.136490,0.000000,228.384401
1176,6782.489349,0.000000,42.000000,229.637883,0.000000,220.612813
1179,6782.489349,0.000000,42.000000,231.142061,0.000000,197.298050
1182,6782.489349,0.000000,42.000000,232.646240,0.000000,173.983287
1183,6782.489349,0.000000,42.000000,233.147632,0.000000,166.211699
1185,6782.489349,0.000000,42.000000,234.150418,0.000000,150.668524
1189,6782.489349,0.000000,42.000000,236.155989,0.000000,119.582173
1190,6782.489349,0.000000,42.000000,236.657382,0.000000,111.810585
1194,6782.489349,0.000000,42.000000,238.662953,0.000000,80.724234
1196,6782.489349,0.000000,42.000000,239.665738,0.000000,65.181058
1198,6782.489349,0.000000,42.000000,240.668524,0.000000,49.637883
1201,6782.489349,0.000000,42.000000,242.172702,0.000000,26.323120
1203,6782.489349,0.000000,42.000000,243.175487,0.000000,10.779944
1205,6782.489349,0.000000,42.000000,244.178273,0.000000,355.236769
1206,6782.489349,0.000000,42.000000,244.679666,0.000000,347.465181
1207,6782.489349,0.000000,42.000000,245.181058,0.000000,339.693593
1209,6782.489349,0.000000,42.000000,246.183844,0.000000,324.150418
1210,6782.489349,0.000000,42.000000,246.685237,0.000000,316.378830
1212,6782.489349,0.000000,42.000000,247.688022,0.000000,300.835655
1213,6782.489349,0.000000,42.000000,248.189415,0.000000,293.064067
1214,6782.489349,0.000000,42.000000,248.690808,0.000000,285.292479
1216,6782.489349,0.000000,42.000000,249.693593,0.000000,269.749304
1217,6782.489349,0.000000,42.000000,250.194986,0.000000,261.977716
1219,6782.489349,0.000000,42.000000,251.197772,0.000000,246.434540
1220,6782.489349,0.000000,42.000000,251.699164,0.000000,238.662953
1221,6782.489349,0.000000,42.000000,252.200557,0.000000,230.891365
1222,6782.489349,0.000000,42.000000,252.701950,0.000000,223.119777
1223,6782.489349,0.000000,42.000000,253.203343,0.000000,215.348189
1224,6782.489349,0.000000,42.000000,253.704735,0.000000,207.576602
1226,6782.489349,0.000000,42.000000,254.707521,0.000000,192.033426
1227,6782.489349,0.000000,42.000000,255.208914,0.000000,184.261838
1231,6782.489349,0.000000,42.000000,257.214485,0.000000,153.175487
1233,6782.489349,0.000000,42.000000,258.217270,0.000000,137.632312
1237,6782.489349,0.000000,42.000000,260.222841,0.000000,106.545961
1238,6782.489349,0.000000,42.000000,260.724234,0.000000,98.774373
1241,6782.489349,0.000000,42.000000,262.228412,0.000000,75.459610
1243,6782.489349,0.000000,42.000000,263.231198,0.000000,59.916435
1246,6782.489349,0.000000,42.000000,264.735376,0.000000,36.601671
1248,6782.489349,0.000000,42.000000,265.738162,0.000000,21.058496
1249,6782.489349,0.000000,42.000000,266.239554,0.000000,13.286908
1251,6782.489349,0.000000,42.000000,267.242340,0.000000,357.743733
1252,6782.489349,0.000000,42.000000,267.743733,0.000000,349.972145
1253,6782.489349,0.000000,42.000000,268.245125,0.000000,342.200557
1254,6782.489349,0.000000,42.000000,268.746518,0.000000,334.428969
1256,6782.489349,0.000000,42.000000,269.749304,0.000000,318.885794
1257,6782.489349,0.000000,42.000000,270.250696,0.000000,311.114206
1260,6782.489349,0.000000,42.000000,271.754875,0.000000,287.799443
1261,6782.489349,0.000000,42.000000,272.256267,0.000000,280.027855
1262,6782.489349,0.000000,42.000000,272.757660,0.000000,272.256267
1263,6782.489349,0.000000,42.000000,273.259053,0.000000,264.484680
1264,6782.489349,0.000000,42.000000,273.760446,0.000000,256.713092
1266,6782.489349,0.000000,42.000000,274.763231,0.000000,241.169916
1267,6782.489349,0.000000,42.000000,275.264624,0.000000,233.398329
1269,6782.489349,0.000000,42.000000,276.267409,0.000000,217.855153
1270,6782.489349,0.000000,42.000000,276.768802,0.000000,210.083565
1275,6782.489349,0.000000,42.000000,279.275766,0.000000,171.225627
1280,6782.489349,0.000000,42.000000,281.782730,0.000000,132.367688
1282,6782.489349,0.000000,42.000000,282.785515,0.000000,116.824513
1284,6782.489349,0.000000,42.000000,283.788301,0.000000,101.281337
1286,6782.489349,0.000000,42.000000,284.791086,0.000000,85.738162
1289,6782.489349,0.000000,42.000000,286.295265,0.000000,62.423398
1290,6782.489349,0.000000,42.000000,286.796657,0.000000,54.651811
1292,6782.489349,0.000000,42.000000,287.799443,0.000000,39.108635
1293,6782.489349,0.000000,42.000000,288.300836,0.000000,31.337047
1294,6782.489349,0.000000,42.000000,288.802228,0.000000,23.565460
1295,6782.489349,0.000000,42.000000,289.303621,0.000000,15.793872
1297,6782.489349,0.000000,42.000000,290.306407,0.000000,0.250696
1298,6782.489349,0.000000,42.000000,290.807799,0.000000,352.479109
1299,6782.489349,0.000000,42.000000,291.309192,0.000000,344.707521
1300,6782.489349,0.000000,42.000000,291.810585,0.000000,336.935933
1302,6782.489349,0.000000,42.000000,292.813370,0.000000,321.392758
1303,6782.489349,0.000000,42.000000,293.314763,0.000000,313.621170
1305,6782.489349,0.000000,42.000000,294.317549,0.000000,298.077994
1306,6782.489349,0.000000,42.000000,294.818942,0.000000,290.306407
1308,6782.489349,0.000000,42.000000,295.821727,0.000000,274.763231
1309,6782.489349,0.000000,42.000000,296.323120,0.000000,266.991643
1312,6782.489349,0.000000,42.000000,297.827298,0.000000,243.676880
1316,6782.489349,0.000000,42.000000,299.832869,0.000000,212.590529
1318,6782.489349,0.000000,42.000000,300.835655,0.000000,197.047354
1319,6782.489349,0.000000,42.000000,301.337047,0.000000,189.275766
1321,6782.489349,0.000000,42.000000,302.339833,0.000000,173.732591
1323,6782.489349,0.000000,42.000000,303.342618,0.000000,158.189415
1324,6782.489349,0.000000,42.000000,303.844011,0.000000,150.417827
1326,6782.489349,0.000000,42.000000,304.846797,0.000000,134.874652
1327,6782.489349,0.000000,42.000000,305.348189,0.000000,127.103064
1328,6782.489349,0.000000,42.000000,305.849582,0.000000,119.331476
1329,6782.489349,0.000000,42.000000,306.350975,0.000000,111.559889
1331,6782.489349,0.000000,42.000000,307.353760,0.000000,96.016713
1332,6782.489349,0.000000,42.000000,307.855153,0.000000,88.245125
1335,6782.489349,0.000000,42.000000,309.359331,0.000000,64.930362
1336,6782.489349,0.000000,42.000000,309.860724,0.000000,57.158774
1337,6782.489349,0.000000,42.000000,310.362117,0.000000,49.387187
1339,6782.489349,0.000000,42.000000,311.364903,0.000000,33.844011
1341,6782.489349,0.000000,42.000000,312.367688,0.000000,18.300836
1347,6782.489349,0.000000,42.000000,315.376045,0.000000,331.671309
1348,6782.489349,0.000000,42.000000,315.877437,0.000000,323.899721
1349,6782.489349,0.000000,42.000000,316.378830,0.000000,316.128134
1350,6782.489349,0.000000,42.000000,316.880223,0.000000,308.356546
1351,6782.489349,0.000000,42.000000,317.381616,0.000000,300.584958
1352,6782.489349,0.000000,42.000000,317.883008,0.000000,292.813370
1353,6782.489349,0.000000,42.000000,318.384401,0.000000,285.041783
1354,6782.489349,0.000000,42.000000,318.885794,0.000000,277.270195
1356,6782.489349,0.000000,42.000000,319.888579,0.000000,261.727019
1359,6782.489349,0.000000,42.000000,321.392758,0.000000,238.412256
1360,6782.489349,0.000000,42.000000,321.894150,0.000000,230.640669
1362,6782.489349,0.000000,42.000000,322.896936,0.000000,215.097493
1363,6782.489349,0.000000,42.000000,323.398329,0.000000,207.325905
1364,6782.489349,0.000000,42.000000,323.899721,0.000000,199.554318
1366,6782.489349,0.000000,42.000000,324.902507,0.000000,184.011142
1367,6782.489349,0.000000,42.000000,325.403900,0.000000,176.239554
1368,6782.489349,0.000000,42.000000,325.905292,0.000000,168.467967
1369,6782.489349,0.000000,42.000000,326.406685,0.000000,160.696379
1370,6782.489349,0.000000,42.000000,326.908078,0.000000,152.924791
1372,6782.489349,0.000000,42.000000,327.910864,0.000000,137.381616
1375,6782.489349,0.000000,42.000000,329.415042,0.000000,114.066852
1377,6782.489349,0.000000,42.000000,330.417827,0.000000,98.523677
1378,6782.489349,0.000000,42.000000,330.919220,0.000000,90.752089
1381,6782.489349,0.000000,42.000000,332.423398,0.000000,67.437326
1383,6782.489349,0.000000,42.000000,333.426184,0.000000,51.894150
1385,6782.489349,0.000000,42.000000,334.428969,0.000000,36.350975
1386,6782.489349,0.000000,42.000000,334.930362,0.000000,28.579387
1390,6782.489349,0.000000,42.000000,336.935933,0.000000,357.493036
1396,6782.489349,0.000000,42.000000,339.944290,0.000000,310.863510
1398,6782.489349,0.000000,42.000000,340.947075,0.000000,295.320334
1399,6782.489349,0.000000,42.000000,341.448468,0.000000,287.548747
1400,6782.489349,0.000000,42.000000,341.949861,0.000000,279.777159
1402,6782.489349,0.000000,42.000000,342.952646,0.000000,264.233983
1406,6782.489349,0.000000,42.000000,344.958217,0.000000,233.147632
1408,6782.489349,0.000000,42.000000,345.961003,0.000000,217.604457
1409,6782.489349,0.000000,42.000000,346.462396,0.000000,209.832869
1412,6782.489349,0.000000,42.000000,347.966574,0.000000,186.518106
1413,6782.489349,0.000000,42.000000,348.467967,0.000000,178.746518
1415,6782.489349,0.000000,42.000000,349.470752,0.000000,163.203343
1419,6782.489349,0.000000,42.000000,351.476323,0.000000,132.116992
1420,6782.489349,0.000000,42.000000,351.977716,0.000000,124.345404
1421,6782.489349,0.000000,42.000000,352.479109,0.000000,116.573816
1422,6782.489349,0.000000,42.000000,352.980501,0.000000,108.802228
1423,6782.489349,0.000000,42.000000,353.481894,0.000000,101.030641
1427,6782.489349,0.000000,42.000000,355.487465,0.000000,69.944290
1428,6782.489349,0.000000,42.000000,355.988858,0.000000,62.172702
1432,6782.489349,0.000000,42.000000,357.994429,0.000000,31.086351
1434,6782.489349,0.000000,42.000000,358.997214,0.000000,15.543175
2872,6782.489349,0.000000,43.000000,3.483871,0.000000,0.000000
2874,6782.489349,0.000000,43.000000,4.486656,0.000000,344.456825
2875,6782.489349,0.000000,43.000000,4.988049,0.000000,336.685237
2878,6782.489349,0.000000,43.000000,6.492228,0.000000,313.370474
2883,6782.489349,0.000000,43.000000,8.999191,0.000000,274.512535
2886,6782.489349,0.000000,43.000000,10.503370,0.000000,251.197772
2888,6782.489349,0.000000,43.000000,11.506155,0.000000,235.654596
2891,6782.489349,0.000000,43.000000,13.010333,0.000000,212.339833
2893,6782.489349,0.000000,43.000000,14.013119,0.000000,196.796657
2895,6782.489349,0.000000,43.000000,15.015904,0.000000,181.253482
2897,6782.489349,0.000000,43.000000,16.018690,0.000000,165.710306
2901,6782.489349,0.000000,43.000000,18.024261,0.000000,134.623955
2912,6782.489349,0.000000,43.000000,23.539581,0.000000,49.136490
2914,6782.489349,0.000000,43.000000,24.542367,0.000000,33.593315
2916,6782.489349,0.000000,43.000000,25.545152,0.000000,18.050139
2926,6782.489349,0.000000,43.000000,30.559080,0.000000,300.334262
2929,6782.489349,0.000000,43.000000,32.063258,0.000000,277.019499
2930,6782.489349,0.000000,43.000000,32.564651,0.000000,269.247911
2933,6782.489349,0.000000,43.000000,34.068829,0.000000,245.933148
2941,6782.489349,0.000000,43.000000,38.079971,0.000000,183.760446
2944,6782.489349,0.000000,43.000000,39.584150,0.000000,160.445682
2945,6782.489349,0.000000,43.000000,40.085542,0.000000,152.674095
2948,6782.489349,0.000000,43.000000,41.589721,0.000000,129.359331
2952,6782.489349,0.000000,43.000000,43.595292,0.000000,98.272981
2953,6782.489349,0.000000,43.000000,44.096684,0.000000,90.501393
2955,6782.489349,0.000000,43.000000,45.099470,0.000000,74.958217
2959,6782.489349,0.000000,43.000000,47.105041,0.000000,43.871866
2960,6782.489349,0.000000,43.000000,47.606434,0.000000,36.100279
2963,6782.489349,0.000000,43.000000,49.110612,0.000000,12.785515
2964,6782.489349,0.000000,43.000000,49.612005,0.000000,5.013928
2965,6782.489349,0.000000,43.000000,50.113397,0.000000,357.242340
2973,6782.489349,0.000000,43.000000,54.124539,0.000000,295.069638
2975,6782.489349,0.000000,43.000000,55.127325,0.000000,279.526462
2976,6782.489349,0.000000,43.000000,55.628718,0.000000,271.754875
2981,6782.489349,0.000000,43.000000,58.135682,0.000000,232.896936
2982,6782.489349,0.000000,43.000000,58.637074,0.000000,225.125348
2987,6782.489349,0.000000,43.000000,61.144038,0.000000,186.267409
2995,6782.489349,0.000000,43.000000,65.155180,0.000000,124.094708
3000,6782.489349,0.000000,43.000000,67.662144,0.000000,85.236769
3007,6782.489349,0.000000,43.000000,71.171893,0.000000,30.835655
3008,6782.489349,0.000000,43.000000,71.673286,0.000000,23.064067
3011,6782.489349,0.000000,43.000000,73.177464,0.000000,359.749304
3016,6782.489349,0.000000,43.000000,75.684428,0.000000,320.891365
3017,6782.489349,0.000000,43.000000,76.185821,0.000000,313.119777
3020,6782.489349,0.000000,43.000000,77.689999,0.000000,289.805014
3021,6782.489349,0.000000,43.000000,78.191392,0.000000,282.033426
3031,6782.489349,0.000000,43.000000,83.205319,0.000000,204.317549
3032,6782.489349,0.000000,43.000000,83.706712,0.000000,196.545961
3033,6782.489349,0.000000,43.000000,84.208105,0.000000,188.774373
3039,6782.489349,0.000000,43.000000,87.216461,0.000000,142.144847
3040,6782.489349,0.000000,43.000000,87.717854,0.000000,134.373259
3042,6782.489349,0.000000,43.000000,88.720640,0.000000,118.830084
3046,6782.489349,0.000000,43.000000,90.726211,0.000000,87.743733
3048,6782.489349,0.000000,43.000000,91.728996,0.000000,72.200557
3049,6782.489349,0.000000,43.000000,92.230389,0.000000,64.428969
3052,6782.489349,0.000000,43.000000,93.734567,0.000000,41.114206
3053,6782.489349,0.000000,43.000000,94.235960,0.000000,33.342618
3054,6782.489349,0.000000,43.000000,94.737353,0.000000,25.571031
3057,6782.489349,0.000000,43.000000,96.241531,0.000000,2.256267
3059,6782.489349,0.000000,43.000000,97.244317,0.000000,346.713092
3061,6782.489349,0.000000,43.000000,98.247102,0.000000,331.169916
3063,6782.489349,0.000000,43.000000,99.249888,0.000000,315.626741
3064,6782.489349,0.000000,43.000000,99.751280,0.000000,307.855153
3065,6782.489349,0.000000,43.000000,100.252673,0.000000,300.083565
3066,6782.489349,0.000000,43.000000,100.754066,0.000000,292.311978
3067,6782.489349,0.000000,43.000000,101.255459,0.000000,284.540390
3073,6782.489349,0.000000,43.000000,104.263815,0.000000,237.910864
3079,6782.489349,0.000000,43.000000,107.272172,0.000000,191.281337
3080,6782.489349,0.000000,43.000000,107.773565,0.000000,183.509749
3081,6782.489349,0.000000,43.000000,108.274957,0.000000,175.738162
3082,6782.489349,0.000000,43.000000,108.776350,0.000000,167.966574
3085,6782.489349,0.000000,43.000000,110.280528,0.000000,144.651811
3086,6782.489349,0.000000,43.000000,110.781921,0.000000,136.880223
3088,6782.489349,0.000000,43.000000,111.784707,0.000000,121.337047
3089,6782.489349,0.000000,43.000000,112.286099,0.000000,113.565460
3092,6782.489349,0.000000,43.000000,113.790278,0.000000,90.250696
3095,6782.489349,0.000000,43.000000,115.294456,0.000000,66.935933
3096,6782.489349,0.000000,43.000000,115.795849,0.000000,59.164345
3097,6782.489349,0.000000,43.000000,116.297241,0.000000,51.392758
3101,6782.489349,0.000000,43.000000,118.302812,0.000000,20.306407
3103,6782.489349,0.000000,43.000000,119.305598,0.000000,4.763231
3113,6782.489349,0.000000,43.000000,124.319526,0.000000,287.047354
3119,6782.489349,0.000000,43.000000,127.327882,0.000000,240.417827
3120,6782.489349,0.000000,43.000000,127.829275,0.000000,232.646240
3121,6782.489349,0.000000,43.000000,128.330668,0.000000,224.874652
3122,6782.489349,0.000000,43.000000,128.832060,0.000000,217.103064
3124,6782.489349,0.000000,43.000000,129.834846,0.000000,201.559889
3127,6782.489349,0.000000,43.000000,131.339024,0.000000,178.245125
3132,6782.489349,0.000000,43.000000,133.845988,0.000000,139.387187
3134,6782.489349,0.000000,43.000000,134.848773,0.000000,123.844011
3135,6782.489349,0.000000,43.000000,135.350166,0.000000,116.072423
3136,6782.489349,0.000000,43.000000,135.851559,0.000000,108.300836
3137,6782.489349,0.000000,43.000000,136.352952,0.000000,100.529248
3138,6782.489349,0.000000,43.000000,136.854345,0.000000,92.757660
3139,6782.489349,0.000000,43.000000,137.355737,0.000000,84.986072
3140,6782.489349,0.000000,43.000000,137.857130,0.000000,77.214485
3143,6782.489349,0.000000,43.000000,139.361308,0.000000,53.899721
3145,6782.489349,0.000000,43.000000,140.364094,0.000000,38.356546
3150,6782.489349,0.000000,43.000000,142.871058,0.000000,359.498607
3153,6782.489349,0.000000,43.000000,144.375236,0.000000,336.183844
3154,6782.489349,0.000000,43.000000,144.876629,0.000000,328.412256
3155,6782.489349,0.000000,43.000000,145.378021,0.000000,320.640669
3157,6782.489349,0.000000,43.000000,146.380807,0.000000,305.097493
3159,6782.489349,0.000000,43.000000,147.383592,0.000000,289.554318
3160,6782.489349,0.000000,43.000000,147.884985,0.000000,281.782730
3162,6782.489349,0.000000,43.000000,148.887771,0.000000,266.239554
3163,6782.489349,0.000000,43.000000,149.389163,0.000000,258.467967
3167,6782.489349,0.000000,43.000000,151.394734,0.000000,227.381616
3170,6782.489349,0.000000,43.000000,152.898913,0.000000,204.066852
3178,6782.489349,0.000000,43.000000,156.910055,0.000000,141.894150
3179,6782.489349,0.000000,43.000000,157.411448,0.000000,134.122563
3180,6782.489349,0.000000,43.000000,157.912840,0.000000,126.350975
3181,6782.489349,0.000000,43.000000,158.414233,0.000000,118.579387
3186,6782.489349,0.000000,43.000000,160.921197,0.000000,79.721448
3187,6782.489349,0.000000,43.000000,161.422590,0.000000,71.949861
3188,6782.489349,0.000000,43.000000,161.923982,0.000000,64.178273
3190,6782.489349,0.000000,43.000000,162.926768,0.000000,48.635097
3195,6782.489349,0.000000,43.000000,165.433732,0.000000,9.777159
3197,6782.489349,0.000000,43.000000,166.436517,0.000000,354.233983
3198,6782.489349,0.000000,43.000000,166.937910,0.000000,346.462396
3200,6782.489349,0.000000,43.000000,167.940695,0.000000,330.919220
3202,6782.489349,0.000000,43.000000,168.943481,0.000000,315.376045
3209,6782.489349,0.000000,43.000000,172.453230,0.000000,260.974930
3210,6782.489349,0.000000,43.000000,172.954623,0.000000,253.203343
3211,6782.489349,0.000000,43.000000,173.456016,0.000000,245.431755
3214,6782.489349,0.000000,43.000000,174.960194,0.000000,222.116992
3217,6782.489349,0.000000,43.000000,176.464372,0.000000,198.802228
3218,6782.489349,0.000000,43.000000,176.965765,0.000000,191.030641
3225,6782.489349,0.000000,43.000000,180.475514,0.000000,136.629526
3226,6782.489349,0.000000,43.000000,180.976907,0.000000,128.857939
3227,6782.489349,0.000000,43.000000,181.478300,0.000000,121.086351
3228,6782.489349,0.000000,43.000000,181.979693,0.000000,113.314763
3230,6782.489349,0.000000,43.000000,182.982478,0.000000,97.771588
3231,6782.489349,0.000000,43.000000,183.483871,0.000000,90.000000
3232,6782.489349,0.000000,43.000000,183.985264,0.000000,82.228412
3239,6782.489349,0.000000,43.000000,187.495013,0.000000,27.827298
3241,6782.489349,0.000000,43.000000,188.497799,0.000000,12.284123
3248,6782.489349,0.000000,43.000000,192.007548,0.000000,317.883008
3252,6782.489349,0.000000,43.000000,194.013119,0.000000,286.796657
3255,6782.489349,0.000000,43.000000,195.517297,0.000000,263.481894
3258,6782.489349,0.000000,43.000000,197.021475,0.000000,240.167131
3267,6782.489349,0.000000,43.000000,201.534010,0.000000,170.222841
3270,6782.489349,0.000000,43.000000,203.038189,0.000000,146.908078
3273,6782.489349,0.000000,43.000000,204.542367,0.000000,123.593315
3275,6782.489349,0.000000,43.000000,205.545152,0.000000,108.050139
3276,6782.489349,0.000000,43.000000,206.046545,0.000000,100.278552
3277,6782.489349,0.000000,43.000000,206.547938,0.000000,92.506964
3280,6782.489349,0.000000,43.000000,208.052116,0.000000,69.192201
3286,6782.489349,0.000000,43.000000,211.060473,0.000000,22.562674
3288,6782.489349,0.000000,43.000000,212.063258,0.000000,7.019499
3291,6782.489349,0.000000,43.000000,213.567436,0.000000,343.704735
3292,6782.489349,0.000000,43.000000,214.068829,0.000000,335.933148
3297,6782.489349,0.000000,43.000000,216.575793,0.000000,297.075209
3298,6782.489349,0.000000,43.000000,217.077186,0.000000,289.303621
3299,6782.489349,0.000000,43.000000,217.578578,0.000000,281.532033
3302,6782.489349,0.000000,43.000000,219.082757,0.000000,258.217270
3304,6782.489349,0.000000,43.000000,220.085542,0.000000,242.674095
3306,6782.489349,0.000000,43.000000,221.088328,0.000000,227.130919
3310,6782.489349,0.000000,43.000000,223.093899,0.000000,196.044568
3312,6782.489349,0.000000,43.000000,224.096684,0.000000,180.501393
3315,6782.489349,0.000000,43.000000,225.600863,0.000000,157.186630
3316,6782.489349,0.000000,43.000000,226.102255,0.000000,149.415042
3323,6782.489349,0.000000,43.000000,229.612005,0.000000,95.013928
3324,6782.489349,0.000000,43.000000,230.113397,0.000000,87.242340
3325,6782.489349,0.000000,43.000000,230.614790,0.000000,79.470752
3327,6782.489349,0.000000,43.000000,231.617576,0.000000,63.927577
3328,6782.489349,0.000000,43.000000,232.118968,0.000000,56.155989
3329,6782.489349,0.000000,43.000000,232.620361,0.000000,48.384401
3330,6782.489349,0.000000,43.000000,233.121754,0.000000,40.612813
3334,6782.489349,0.000000,43.000000,235.127325,0.000000,9.526462
3335,6782.489349,0.000000,43.000000,235.628718,0.000000,1.754875
3339,6782.489349,0.000000,43.000000,237.634289,0.000000,330.668524
3340,6782.489349,0.000000,43.000000,238.135682,0.000000,322.896936
3341,6782.489349,0.000000,43.000000,238.637074,0.000000,315.125348
3342,6782.489349,0.000000,43.000000,239.138467,0.000000,307.353760
3343,6782.489349,0.000000,43.000000,239.639860,0.000000,299.582173
3345,6782.489349,0.000000,43.000000,240.642645,0.000000,284.038997
3348,6782.489349,0.000000,43.000000,242.146824,0.000000,260.724234
3352,6782.489349,0.000000,43.000000,244.152395,0.000000,229.637883
3353,6782.489349,0.000000,43.000000,244.653787,0.000000,221.866295
3357,6782.489349,0.000000,43.000000,246.659358,0.000000,190.779944
3359,6782.489349,0.000000,43.000000,247.662144,0.000000,175.236769
3360,6782.489349,0.000000,43.000000,248.163537,0.000000,167.465181
3362,6782.489349,0.000000,43.000000,249.166322,0.000000,151.922006
3365,6782.489349,0.000000,43.000000,250.670500,0.000000,128.607242
3366,6782.489349,0.000000,43.000000,251.171893,0.000000,120.835655
3374,6782.489349,0.000000,43.000000,255.183035,0.000000,58.662953
3375,6782.489349,0.000000,43.000000,255.684428,0.000000,50.891365
3376,6782.489349,0.000000,43.000000,256.185821,0.000000,43.119777
3377,6782.489349,0.000000,43.000000,256.687214,0.000000,35.348189
3381,6782.489349,0.000000,43.000000,258.692785,0.000000,4.261838
3386,6782.489349,0.000000,43.000000,261.199748,0.000000,325.403900
3387,6782.489349,0.000000,43.000000,261.701141,0.000000,317.632312
3390,6782.489349,0.000000,43.000000,263.205319,0.000000,294.317549
3392,6782.489349,0.000000,43.000000,264.208105,0.000000,278.774373
3393,6782.489349,0.000000,43.000000,264.709498,0.000000,271.002786
3400,6782.489349,0.000000,43.000000,268.219247,0.000000,216.601671
3404,6782.489349,0.000000,43.000000,270.224818,0.000000,185.515320
3405,6782.489349,0.000000,43.000000,270.726211,0.000000,177.743733
3407,6782.489349,0.000000,43.000000,271.728996,0.000000,162.200557
3408,6782.489349,0.000000,43.000000,272.230389,0.000000,154.428969
3409,6782.489349,0.000000,43.000000,272.731782,0.000000,146.657382
3410,6782.489349,0.000000,43.000000,273.233175,0.000000,138.885794
3411,6782.489349,0.000000,43.000000,273.734567,0.000000,131.114206
3413,6782.489349,0.000000,43.000000,274.737353,0.000000,115.571031
3414,6782.489349,0.000000,43.000000,275.238746,0.000000,107.799443
3417,6782.489349,0.000000,43.000000,276.742924,0.000000,84.484680
3418,6782.489349,0.000000,43.000000,277.244317,0.000000,76.713092
3421,6782.489349,0.000000,43.000000,278.748495,0.000000,53.398329
3425,6782.489349,0.000000,43.000000,280.754066,0.000000,22.311978
3426,6782.489349,0.000000,43.000000,281.255459,0.000000,14.540390
3429,6782.489349,0.000000,43.000000,282.759637,0.000000,351.225627
3434,6782.489349,0.000000,43.000000,285.266601,0.000000,312.367688
3436,6782.489349,0.000000,43.000000,286.269386,0.000000,296.824513
3438,6782.489349,0.000000,43.000000,287.272172,0.000000,281.281337
3439,6782.489349,0.000000,43.000000,287.773565,0.000000,273.509749
3440,6782.489349,0.000000,43.000000,288.274957,0.000000,265.738162
3441,6782.489349,0.000000,43.000000,288.776350,0.000000,257.966574
3443,6782.489349,0.000000,43.000000,289.779136,0.000000,242.423398
3444,6782.489349,0.000000,43.000000,290.280528,0.000000,234.651811
3447,6782.489349,0.000000,43.000000,291.784707,0.000000,211.337047
3450,6782.489349,0.000000,43.000000,293.288885,0.000000,188.022284
3452,6782.489349,0.000000,43.000000,294.291670,0.000000,172.479109
3454,6782.489349,0.000000,43.000000,295.294456,0.000000,156.935933
3455,6782.489349,0.000000,43.000000,295.795849,0.000000,149.164345
3456,6782.489349,0.000000,43.000000,296.297241,0.000000,141.392758
3457,6782.489349,0.000000,43.000000,296.798634,0.000000,133.621170
3464,6782.489349,0.000000,43.000000,300.308384,0.000000,79.220056
3469,6782.489349,0.000000,43.000000,302.815347,0.000000,40.362117
3470,6782.489349,0.000000,43.000000,303.316740,0.000000,32.590529
3472,6782.489349,0.000000,43.000000,304.319526,0.000000,17.047354
3473,6782.489349,0.000000,43.000000,304.820918,0.000000,9.275766
3474,6782.489349,0.000000,43.000000,305.322311,0.000000,1.504178
3477,6782.489349,0.000000,43.000000,306.826489,0.000000,338.189415
3484,6782.489349,0.000000,43.000000,310.336239,0.000000,283.788301
3487,6782.489349,0.000000,43.000000,311.840417,0.000000,260.473538
3488,6782.489349,0.000000,43.000000,312.341810,0.000000,252.701950
3491,6782.489349,0.000000,43.000000,313.845988,0.000000,229.387187
3493,6782.489349,0.000000,43.000000,314.848773,0.000000,213.844011
3501,6782.489349,0.000000,43.000000,318.859916,0.000000,151.671309
3503,6782.489349,0.000000,43.000000,319.862701,0.000000,136.128134
3509,6782.489349,0.000000,43.000000,322.871058,0.000000,89.498607
3514,6782.489349,0.000000,43.000000,325.378021,0.000000,50.640669
3515,6782.489349,0.000000,43.000000,325.879414,0.000000,42.869081
3518,6782.489349,0.000000,43.000000,327.383592,0.000000,19.554318
3521,6782.489349,0.000000,43.000000,328.887771,0.000000,356.239554
3522,6782.489349,0.000000,43.000000,329.389163,0.000000,348.467967
3524,6782.489349,0.000000,43.000000,330.391949,0.000000,332.924791
3525,6782.489349,0.000000,43.000000,330.893342,0.000000,325.153203
3531,6782.489349,0.000000,43.000000,333.901698,0.000000,278.523677
3534,6782.489349,0.000000,43.000000,335.405877,0.000000,255.208914
3537,6782.489349,0.000000,43.000000,336.910055,0.000000,231.894150
3539,6782.489349,0.000000,43.000000,337.912840,0.000000,216.350975
3540,6782.489349,0.000000,43.000000,338.414233,0.000000,208.579387
3545,6782.489349,0.000000,43.000000,340.921197,0.000000,169.721448
3547,6782.489349,0.000000,43.000000,341.923982,0.000000,154.178273
3548,6782.489349,0.000000,43.000000,342.425375,0.000000,146.406685
3550,6782.489349,0.000000,43.000000,343.428161,0.000000,130.863510
3554,6782.489349,0.000000,43.000000,345.433732,0.000000,99.777159
3561,6782.489349,0.000000,43.000000,348.943481,0.000000,45.376045
3562,6782.489349,0.000000,43.000000,349.444874,0.000000,37.604457
3563,6782.489349,0.000000,43.000000,349.946267,0.000000,29.832869
3569,6782.489349,0.000000,43.000000,352.954623,0.000000,343.203343
3570,6782.489349,0.000000,43.000000,353.456016,0.000000,335.431755
3575,6782.489349,0.000000,43.000000,355.962980,0.000000,296.573816
3576,6782.489349,0.000000,43.000000,356.464372,0.000000,288.802228
3579,6782.489349,0.000000,43.000000,357.968551,0.000000,265.487465
3580,6782.489349,0.000000,43.000000,358.469943,0.000000,257.715877
3581,6782.489349,0.000000,43.000000,358.971336,0.000000,249.944290
3583,6782.489349,0.000000,43.000000,359.974122,0.000000,234.401114
3586,6782.489349,0.000000,43.000000,1.478300,0.000000,211.086351
3590,6782.489349,0.000000,43.000000,3.483871,0.000000,180.000000
3592,6782.489349,0.000000,43.000000,4.486656,0.000000,164.456825
3594,6782.489349,0.000000,43.000000,5.489442,0.000000,148.913649
3595,6782.489349,0.000000,43.000000,5.990835,0.000000,141.142061
3596,6782.489349,0.000000,43.000000,6.492228,0.000000,133.370474
3597,6782.489349,0.000000,43.000000,6.993620,0.000000,125.598886
3603,6782.489349,0.000000,43.000000,10.001977,0.000000,78.969359
3606,6782.489349,0.000000,43.000000,11.506155,0.000000,55.654596
3607,6782.489349,0.000000,43.000000,12.007548,0.000000,47.883008
3608,6782.489349,0.000000,43.000000,12.508941,0.000000,40.111421
3612,6782.489349,0.000000,43.000000,14.514512,0.000000,9.025070
3613,6782.489349,0.000000,43.000000,15.015904,0.000000,1.253482
3620,6782.489349,0.000000,43.000000,18.525654,0.000000,306.852368
3622,6782.489349,0.000000,43.000000,19.528439,0.000000,291.309192
3626,6782.489349,0.000000,43.000000,21.534010,0.000000,260.222841
3627,6782.489349,0.000000,43.000000,22.035403,0.000000,252.451253
3630,6782.489349,0.000000,43.000000,23.539581,0.000000,229.136490
3632,6782.489349,0.000000,43.000000,24.542367,0.000000,213.593315
3635,6782.489349,0.000000,43.000000,26.046545,0.000000,190.278552
3637,6782.489349,0.000000,43.000000,27.049331,0.000000,174.735376
3638,6782.489349,0.000000,43.000000,27.550723,0.000000,166.963788
3642,6782.489349,0.000000,43.000000,29.556294,0.000000,135.877437
3647,6782.489349,0.000000,43.000000,32.063258,0.000000,97.019499
3648,6782.489349,0.000000,43.000000,32.564651,0.000000,89.247911
3649,6782.489349,0.000000,43.000000,33.066044,0.000000,81.476323
3656,6782.489349,0.000000,43.000000,36.575793,0.000000,27.075209
3657,6782.489349,0.000000,43.000000,37.077186,0.000000,19.303621
3658,6782.489349,0.000000,43.000000,37.578578,0.000000,11.532033
3660,6782.489349,0.000000,43.000000,38.581364,0.000000,355.988858
3663,6782.489349,0.000000,43.000000,40.085542,0.000000,332.674095
3665,6782.489349,0.000000,43.000000,41.088328,0.000000,317.130919
3666,6782.489349,0.000000,43.000000,41.589721,0.000000,309.359331
3670,6782.489349,0.000000,43.000000,43.595292,0.000000,278.272981
3673,6782.489349,0.000000,43.000000,45.099470,0.000000,254.958217
3675,6782.489349,0.000000,43.000000,46.102255,0.000000,239.415042
3677,6782.489349,0.000000,43.000000,47.105041,0.000000,223.871866
3679,6782.489349,0.000000,43.000000,48.107826,0.000000,208.328691
3680,6782.489349,0.000000,43.000000,48.609219,0.000000,200.557103
3681,6782.489349,0.000000,43.000000,49.110612,0.000000,192.785515
3682,6782.489349,0.000000,43.000000,49.612005,0.000000,185.013928
3687,6782.489349,0.000000,43.000000,52.118968,0.000000,146.155989
3688,6782.489349,0.000000,43.000000,52.620361,0.000000,138.384401
3690,6782.489349,0.000000,43.000000,53.623147,0.000000,122.841226
3700,6782.489349,0.000000,43.000000,58.637074,0.000000,45.125348
3701,6782.489349,0.000000,43.000000,59.138467,0.000000,37.353760
3703,6782.489349,0.000000,43.000000,60.141253,0.000000,21.810585
3705,6782.489349,0.000000,43.000000,61.144038,0.000000,6.267409
3707,6782.489349,0.000000,43.000000,62.146824,0.000000,350.724234
3710,6782.489349,0.000000,43.000000,63.651002,0.000000,327.409471
3713,6782.489349,0.000000,43.000000,65.155180,0.000000,304.094708
3716,6782.489349,0.000000,43.000000,66.659358,0.000000,280.779944
3724,6782.489349,0.000000,43.000000,70.670500,0.000000,218.607242
3726,6782.489349,0.000000,43.000000,71.673286,0.000000,203.064067
3730,6782.489349,0.000000,43.000000,73.678857,0.000000,171.977716
3733,6782.489349,0.000000,43.000000,75.183035,0.000000,148.662953
3740,6782.489349,0.000000,43.000000,78.692785,0.000000,94.261838
3741,6782.489349,0.000000,43.000000,79.194177,0.000000,86.490251
3745,6782.489349,0.000000,43.000000,81.199748,0.000000,55.403900
3749,6782.489349,0.000000,43.000000,83.205319,0.000000,24.317549
3753,6782.489349,0.000000,43.000000,85.210890,0.000000,353.231198
3757,6782.489349,0.000000,43.000000,87.216461,0.000000,322.144847
3759,6782.489349,0.000000,43.000000,88.219247,0.000000,306.601671
3760,6782.489349,0.000000,43.000000,88.720640,0.000000,298.830084
3771,6782.489349,0.000000,43.000000,94.235960,0.000000,213.342618
3772,6782.489349,0.000000,43.000000,94.737353,0.000000,205.571031
3773,6782.489349,0.000000,43.000000,95.238746,0.000000,197.799443
3778,6782.489349,0.000000,43.000000,97.745709,0.000000,158.941504
3779,6782.489349,0.000000,43.000000,98.247102,0.000000,151.169916
3783,6782.489349,0.000000,43.000000,100.252673,0.000000,120.083565
3787,6782.489349,0.000000,43.000000,102.258244,0.000000,88.997214
3795,6782.489349,0.000000,43.000000,106.269386,0.000000,26.824513
3797,6782.489349,0.000000,43.000000,107.272172,0.000000,11.281337
3799,6782.489349,0.000000,43.000000,108.274957,0.000000,355.738162
3800,6782.489349,0.000000,43.000000,108.776350,0.000000,347.966574
3801,6782.489349,0.000000,43.000000,109.277743,0.000000,340.194986
3802,6782.489349,0.000000,43.000000,109.779136,0.000000,332.423398
3803,6782.489349,0.000000,43.000000,110.280528,0.000000,324.651811
3804,6782.489349,0.000000,43.000000,110.781921,0.000000,316.880223
3805,6782.489349,0.000000,43.000000,111.283314,0.000000,309.108635
3806,6782.489349,0.000000,43.000000,111.784707,0.000000,301.337047
3807,6782.489349,0.000000,43.000000,112.286099,0.000000,293.565460
3813,6782.489349,0.000000,43.000000,115.294456,0.000000,246.935933
3816,6782.489349,0.000000,43.000000,116.798634,0.000000,223.621170
3818,6782.489349,0.000000,43.000000,117.801420,0.000000,208.077994
3820,6782.489349,0.000000,43.000000,118.804205,0.000000,192.534819
3821,6782.489349,0.000000,43.000000,119.305598,0.000000,184.763231
3825,6782.489349,0.000000,43.000000,121.311169,0.000000,153.676880
3829,6782.489349,0.000000,43.000000,123.316740,0.000000,122.590529
3832,6782.489349,0.000000,43.000000,124.820918,0.000000,99.275766
3834,6782.489349,0.000000,43.000000,125.823704,0.000000,83.732591
3835,6782.489349,0.000000,43.000000,126.325097,0.000000,75.961003
3837,6782.489349,0.000000,43.000000,127.327882,0.000000,60.417827
3844,6782.489349,0.000000,43.000000,130.837631,0.000000,6.016713
3848,6782.489349,0.000000,43.000000,132.843202,0.000000,334.930362
3850,6782.489349,0.000000,43.000000,133.845988,0.000000,319.387187
3853,6782.489349,0.000000,43.000000,135.350166,0.000000,296.072423
3856,6782.489349,0.000000,43.000000,136.854345,0.000000,272.757660
3860,6782.489349,0.000000,43.000000,138.859916,0.000000,241.671309
3866,6782.489349,0.000000,43.000000,141.868272,0.000000,195.041783
3869,6782.489349,0.000000,43.000000,143.372450,0.000000,171.727019
3871,6782.489349,0.000000,43.000000,144.375236,0.000000,156.183844
3874,6782.489349,0.000000,43.000000,145.879414,0.000000,132.869081
3877,6782.489349,0.000000,43.000000,147.383592,0.000000,109.554318
3880,6782.489349,0.000000,43.000000,148.887771,0.000000,86.239554
3881,6782.489349,0.000000,43.000000,149.389163,0.000000,78.467967
3882,6782.489349,0.000000,43.000000,149.890556,0.000000,70.696379
3883,6782.489349,0.000000,43.000000,150.391949,0.000000,62.924791
3887,6782.489349,0.000000,43.000000,152.397520,0.000000,31.838440
3891,6782.489349,0.000000,43.000000,154.403091,0.000000,0.752089
3893,6782.489349,0.000000,43.000000,155.405877,0.000000,345.208914
3894,6782.489349,0.000000,43.000000,155.907269,0.000000,337.437326
3895,6782.489349,0.000000,43.000000,156.408662,0.000000,329.665738
3897,6782.489349,0.000000,43.000000,157.411448,0.000000,314.122563
3902,6782.489349,0.000000,43.000000,159.918411,0.000000,275.264624
3903,6782.489349,0.000000,43.000000,160.419804,0.000000,267.493036
3905,6782.489349,0.000000,43.000000,161.422590,0.000000,251.949861
3906,6782.489349,0.000000,43.000000,161.923982,0.000000,244.178273
3907,6782.489349,0.000000,43.000000,162.425375,0.000000,236.406685
3912,6782.489349,0.000000,43.000000,164.932339,0.000000,197.548747
3914,6782.489349,0.000000,43.000000,165.935124,0.000000,182.005571
3918,6782.489349,0.000000,43.000000,167.940695,0.000000,150.919220
3919,6782.489349,0.000000,43.000000,168.442088,0.000000,143.147632
3921,6782.489349,0.000000,43.000000,169.444874,0.000000,127.604457
3922,6782.489349,0.000000,43.000000,169.946267,0.000000,119.832869
3923,6782.489349,0.000000,43.000000,170.447659,0.000000,112.061281
3928,6782.489349,0.000000,43.000000,172.954623,0.000000,73.203343
3929,6782.489349,0.000000,43.000000,173.456016,0.000000,65.431755
3931,6782.489349,0.000000,43.000000,174.458801,0.000000,49.888579
3934,6782.489349,0.000000,43.000000,175.962980,0.000000,26.573816
3942,6782.489349,0.000000,43.000000,179.974122,0.000000,324.401114
3943,6782.489349,0.000000,43.000000,180.475514,0.000000,316.629526
3944,6782.489349,0.000000,43.000000,180.976907,0.000000,308.857939
3946,6782.489349,0.000000,43.000000,181.979693,0.000000,293.314763
3947,6782.489349,0.000000,43.000000,182.481085,0.000000,285.543175
3948,6782.489349,0.000000,43.000000,182.982478,0.000000,277.771588
3949,6782.489349,0.000000,43.000000,183.483871,0.000000,270.000000
3950,6782.489349,0.000000,43.000000,183.985264,0.000000,262.228412
3955,6782.489349,0.000000,43.000000,186.492228,0.000000,223.370474
3957,6782.489349,0.000000,43.000000,187.495013,0.000000,207.827298
3959,6782.489349,0.000000,43.000000,188.497799,0.000000,192.284123
3961,6782.489349,0.000000,43.000000,189.500584,0.000000,176.740947
3962,6782.489349,0.000000,43.000000,190.001977,0.000000,168.969359
3963,6782.489349,0.000000,43.000000,190.503370,0.000000,161.197772
3965,6782.489349,0.000000,43.000000,191.506155,0.000000,145.654596
3966,6782.489349,0.000000,43.000000,192.007548,0.000000,137.883008
3967,6782.489349,0.000000,43.000000,192.508941,0.000000,130.111421
3968,6782.489349,0.000000,43.000000,193.010333,0.000000,122.339833
3971,6782.489349,0.000000,43.000000,194.514512,0.000000,99.025070
3972,6782.489349,0.000000,43.000000,195.015904,0.000000,91.253482
3974,6782.489349,0.000000,43.000000,196.018690,0.000000,75.710306
3975,6782.489349,0.000000,43.000000,196.520083,0.000000,67.938719
3976,6782.489349,0.000000,43.000000,197.021475,0.000000,60.167131
3980,6782.489349,0.000000,43.000000,199.027046,0.000000,29.080780
3985,6782.489349,0.000000,43.000000,201.534010,0.000000,350.222841
3990,6782.489349,0.000000,43.000000,204.040974,0.000000,311.364903
3991,6782.489349,0.000000,43.000000,204.542367,0.000000,303.593315
3992,6782.489349,0.000000,43.000000,205.043760,0.000000,295.821727
3993,6782.489349,0.000000,43.000000,205.545152,0.000000,288.050139
3999,6782.489349,0.000000,43.000000,208.553509,0.000000,241.420613
4000,6782.489349,0.000000,43.000000,209.054902,0.000000,233.649025
4001,6782.489349,0.000000,43.000000,209.556294,0.000000,225.877437
4003,6782.489349,0.000000,43.000000,210.559080,0.000000,210.334262
4004,6782.489349,0.000000,43.000000,211.060473,0.000000,202.562674
4006,6782.489349,0.000000,43.000000,212.063258,0.000000,187.019499
4007,6782.489349,0.000000,43.000000,212.564651,0.000000,179.247911
4009,6782.489349,0.000000,43.000000,213.567436,0.000000,163.704735
4010,6782.489349,0.000000,43.000000,214.068829,0.000000,155.933148
4013,6782.489349,0.000000,43.000000,215.573007,0.000000,132.618384
4014,6782.489349,0.000000,43.000000,216.074400,0.000000,124.846797
4016,6782.489349,0.000000,43.000000,217.077186,0.000000,109.303621
4022,6782.489349,0.000000,43.000000,220.085542,0.000000,62.674095
4024,6782.489349,0.000000,43.000000,221.088328,0.000000,47.130919
4025,6782.489349,0.000000,43.000000,221.589721,0.000000,39.359331
4026,6782.489349,0.000000,43.000000,222.091113,0.000000,31.587744
4027,6782.489349,0.000000,43.000000,222.592506,0.000000,23.816156
4030,6782.489349,0.000000,43.000000,224.096684,0.000000,0.501393
4033,6782.489349,0.000000,43.000000,225.600863,0.000000,337.186630
4036,6782.489349,0.000000,43.000000,227.105041,0.000000,313.871866
4037,6782.489349,0.000000,43.000000,227.606434,0.000000,306.100279
4038,6782.489349,0.000000,43.000000,228.107826,0.000000,298.328691
4039,6782.489349,0.000000,43.000000,228.609219,0.000000,290.557103
4040,6782.489349,0.000000,43.000000,229.110612,0.000000,282.785515
4043,6782.489349,0.000000,43.000000,230.614790,0.000000,259.470752
4051,6782.489349,0.000000,43.000000,234.625932,0.000000,197.298050
4054,6782.489349,0.000000,43.000000,236.130111,0.000000,173.983287
4055,6782.489349,0.000000,43.000000,236.631503,0.000000,166.211699
4056,6782.489349,0.000000,43.000000,237.132896,0.000000,158.440111
4057,6782.489349,0.000000,43.000000,237.634289,0.000000,150.668524
4059,6782.489349,0.000000,43.000000,238.637074,0.000000,135.125348
4061,6782.489349,0.000000,43.000000,239.639860,0.000000,119.582173
4075,6782.489349,0.000000,43.000000,246.659358,0.000000,10.779944
4078,6782.489349,0.000000,43.000000,248.163537,0.000000,347.465181
4080,6782.489349,0.000000,43.000000,249.166322,0.000000,331.922006
4082,6782.489349,0.000000,43.000000,250.169108,0.000000,316.378830
4083,6782.489349,0.000000,43.000000,250.670500,0.000000,308.607242
4085,6782.489349,0.000000,43.000000,251.673286,0.000000,293.064067
4090,6782.489349,0.000000,43.000000,254.180250,0.000000,254.206128
4091,6782.489349,0.000000,43.000000,254.681643,0.000000,246.434540
4094,6782.489349,0.000000,43.000000,256.185821,0.000000,223.119777
4096,6782.489349,0.000000,43.000000,257.188606,0.000000,207.576602
4098,6782.489349,0.000000,43.000000,258.191392,0.000000,192.033426
4104,6782.489349,0.000000,43.000000,261.199748,0.000000,145.403900
4109,6782.489349,0.000000,43.000000,263.706712,0.000000,106.545961
4110,6782.489349,0.000000,43.000000,264.208105,0.000000,98.774373
4112,6782.489349,0.000000,43.000000,265.210890,0.000000,83.231198
4113,6782.489349,0.000000,43.000000,265.712283,0.000000,75.459610
4114,6782.489349,0.000000,43.000000,266.213676,0.000000,67.688022
4115,6782.489349,0.000000,43.000000,266.715069,0.000000,59.916435
4117,6782.489349,0.000000,43.000000,267.717854,0.000000,44.373259
4120,6782.489349,0.000000,43.000000,269.222033,0.000000,21.058496
4121,6782.489349,0.000000,43.000000,269.723425,0.000000,13.286908
4122,6782.489349,0.000000,43.000000,270.224818,0.000000,5.515320
4127,6782.489349,0.000000,43.000000,272.731782,0.000000,326.657382
4129,6782.489349,0.000000,43.000000,273.734567,0.000000,311.114206
4136,6782.489349,0.000000,43.000000,277.244317,0.000000,256.713092
4137,6782.489349,0.000000,43.000000,277.745709,0.000000,248.941504
4144,6782.489349,0.000000,43.000000,281.255459,0.000000,194.540390
4149,6782.489349,0.000000,43.000000,283.762422,0.000000,155.682451
4150,6782.489349,0.000000,43.000000,284.263815,0.000000,147.910864
4151,6782.489349,0.000000,43.000000,284.765208,0.000000,140.139276
4152,6782.489349,0.000000,43.000000,285.266601,0.000000,132.367688
4159,6782.489349,0.000000,43.000000,288.776350,0.000000,77.966574
4163,6782.489349,0.000000,43.000000,290.781921,0.000000,46.880223
4164,6782.489349,0.000000,43.000000,291.283314,0.000000,39.108635
4166,6782.489349,0.000000,43.000000,292.286099,0.000000,23.565460
4169,6782.489349,0.000000,43.000000,293.790278,0.000000,0.250696
4170,6782.489349,0.000000,43.000000,294.291670,0.000000,352.479109
4171,6782.489349,0.000000,43.000000,294.793063,0.000000,344.707521
4174,6782.489349,0.000000,43.000000,296.297241,0.000000,321.392758
4183,6782.489349,0.000000,43.000000,300.809776,0.000000,251.448468
4185,6782.489349,0.000000,43.000000,301.812562,0.000000,235.905292
4187,6782.489349,0.000000,43.000000,302.815347,0.000000,220.362117
4188,6782.489349,0.000000,43.000000,303.316740,0.000000,212.590529
4193,6782.489349,0.000000,43.000000,305.823704,0.000000,173.732591
4196,6782.489349,0.000000,43.000000,307.327882,0.000000,150.417827
4200,6782.489349,0.000000,43.000000,309.333453,0.000000,119.331476
4204,6782.489349,0.000000,43.000000,311.339024,0.000000,88.245125
4208,6782.489349,0.000000,43.000000,313.344595,0.000000,57.158774
4211,6782.489349,0.000000,43.000000,314.848773,0.000000,33.844011
4214,6782.489349,0.000000,43.000000,316.352952,0.000000,10.529248
4215,6782.489349,0.000000,43.000000,316.854345,0.000000,2.757660
4217,6782.489349,0.000000,43.000000,317.857130,0.000000,347.214485
4218,6782.489349,0.000000,43.000000,318.358523,0.000000,339.442897
4219,6782.489349,0.000000,43.000000,318.859916,0.000000,331.671309
4221,6782.489349,0.000000,43.000000,319.862701,0.000000,316.128134
4222,6782.489349,0.000000,43.000000,320.364094,0.000000,308.356546
4225,6782.489349,0.000000,43.000000,321.868272,0.000000,285.041783
4228,6782.489349,0.000000,43.000000,323.372450,0.000000,261.727019
4232,6782.489349,0.000000,43.000000,325.378021,0.000000,230.640669
4233,6782.489349,0.000000,43.000000,325.879414,0.000000,222.869081
4236,6782.489349,0.000000,43.000000,327.383592,0.000000,199.554318
4240,6782.489349,0.000000,43.000000,329.389163,0.000000,168.467967
4242,6782.489349,0.000000,43.000000,330.391949,0.000000,152.924791
4243,6782.489349,0.000000,43.000000,330.893342,0.000000,145.153203
4244,6782.489349,0.000000,43.000000,331.394734,0.000000,137.381616
4245,6782.489349,0.000000,43.000000,331.896127,0.000000,129.610028
4246,6782.489349,0.000000,43.000000,332.397520,0.000000,121.838440
4249,6782.489349,0.000000,43.000000,333.901698,0.000000,98.523677
4254,6782.489349,0.000000,43.000000,336.408662,0.000000,59.665738
4255,6782.489349,0.000000,43.000000,336.910055,0.000000,51.894150
4256,6782.489349,0.000000,43.000000,337.411448,0.000000,44.122563
4257,6782.489349,0.000000,43.000000,337.912840,0.000000,36.350975
4259,6782.489349,0.000000,43.000000,338.915626,0.000000,20.807799
4261,6782.489349,0.000000,43.000000,339.918411,0.000000,5.264624
4262,6782.489349,0.000000,43.000000,340.419804,0.000000,357.493036
4263,6782.489349,0.000000,43.000000,340.921197,0.000000,349.721448
4264,6782.489349,0.000000,43.000000,341.422590,0.000000,341.949861
4266,6782.489349,0.000000,43.000000,342.425375,0.000000,326.406685
4268,6782.489349,0.000000,43.000000,343.428161,0.000000,310.863510
4271,6782.489349,0.000000,43.000000,344.932339,0.000000,287.548747
4273,6782.489349,0.000000,43.000000,345.935124,0.000000,272.005571
4274,6782.489349,0.000000,43.000000,346.436517,0.000000,264.233983
4276,6782.489349,0.000000,43.000000,347.439303,0.000000,248.690808
4283,6782.489349,0.000000,43.000000,350.949052,0.000000,194.289694
4284,6782.489349,0.000000,43.000000,351.450445,0.000000,186.518106
4286,6782.489349,0.000000,43.000000,352.453230,0.000000,170.974930
4287,6782.489349,0.000000,43.000000,352.954623,0.000000,163.203343
4288,6782.489349,0.000000,43.000000,353.456016,0.000000,155.431755
4290,6782.489349,0.000000,43.000000,354.458801,0.000000,139.888579
4291,6782.489349,0.000000,43.000000,354.960194,0.000000,132.116992
4292,6782.489349,0.000000,43.000000,355.461587,0.000000,124.345404
4298,6782.489349,0.000000,43.000000,358.469943,0.000000,77.715877
4299,6782.489349,0.000000,43.000000,358.971336,0.000000,69.944290
4301,6782.489349,0.000000,43.000000,359.974122,0.000000,54.401114
4303,6782.489349,0.000000,43.000000,0.976907,0.000000,38.857939
4307,6782.489349,0.000000,43.000000,2.982478,0.000000,7.771588
4312,6782.489349,0.000000,44.000000,2.005571,0.000000,328.913649
4313,6782.489349,0.000000,44.000000,2.506964,0.000000,321.142061
4314,6782.489349,0.000000,44.000000,3.008357,0.000000,313.370474
4317,6782.489349,0.000000,44.000000,4.512535,0.000000,290.055710
4320,6782.489349,0.000000,44.000000,6.016713,0.000000,266.740947
4324,6782.489349,0.000000,44.000000,8.022284,0.000000,235.654596
4326,6782.489349,0.000000,44.000000,9.025070,0.000000,220.111421
4332,6782.489349,0.000000,44.000000,12.033426,0.000000,173.481894
4339,6782.489349,0.000000,44.000000,15.543175,0.000000,119.080780
4343,6782.489349,0.000000,44.000000,17.548747,0.000000,87.994429
4344,6782.489349,0.000000,44.000000,18.050139,0.000000,80.222841
4351,6782.489349,0.000000,44.000000,21.559889,0.000000,25.821727
4357,6782.489349,0.000000,44.000000,24.568245,0.000000,339.192201
4360,6782.489349,0.000000,44.000000,26.072423,0.000000,315.877437
4370,6782.489349,0.000000,44.000000,31.086351,0.000000,238.161560
4373,6782.489349,0.000000,44.000000,32.590529,0.000000,214.846797
4382,6782.489349,0.000000,44.000000,37.103064,0.000000,144.902507
4388,6782.489349,0.000000,44.000000,40.111421,0.000000,98.272981
4393,6782.489349,0.000000,44.000000,42.618384,0.000000,59.415042
4394,6782.489349,0.000000,44.000000,43.119777,0.000000,51.643454
4395,6782.489349,0.000000,44.000000,43.621170,0.000000,43.871866
4402,6782.489349,0.000000,44.000000,47.130919,0.000000,349.470752
4408,6782.489349,0.000000,44.000000,50.139276,0.000000,302.841226
4412,6782.489349,0.000000,44.000000,52.144847,0.000000,271.754875
4416,6782.489349,0.000000,44.000000,54.150418,0.000000,240.668524
4417,6782.489349,0.000000,44.000000,54.651811,0.000000,232.896936
4420,6782.489349,0.000000,44.000000,56.155989,0.000000,209.582173
4427,6782.489349,0.000000,44.000000,59.665738,0.000000,155.181058
4436,6782.489349,0.000000,44.000000,64.178273,0.000000,85.236769
4437,6782.489349,0.000000,44.000000,64.679666,0.000000,77.465181
4439,6782.489349,0.000000,44.000000,65.682451,0.000000,61.922006
4440,6782.489349,0.000000,44.000000,66.183844,0.000000,54.150418
4443,6782.489349,0.000000,44.000000,67.688022,0.000000,30.835655
4451,6782.489349,0.000000,44.000000,71.699164,0.000000,328.662953
4457,6782.489349,0.000000,44.000000,74.707521,0.000000,282.033426
4460,6782.489349,0.000000,44.000000,76.211699,0.000000,258.718663
4464,6782.489349,0.000000,44.000000,78.217270,0.000000,227.632312
4467,6782.489349,0.000000,44.000000,79.721448,0.000000,204.317549
4469,6782.489349,0.000000,44.000000,80.724234,0.000000,188.774373
4470,6782.489349,0.000000,44.000000,81.225627,0.000000,181.002786
4471,6782.489349,0.000000,44.000000,81.727019,0.000000,173.231198
4477,6782.489349,0.000000,44.000000,84.735376,0.000000,126.601671
4479,6782.489349,0.000000,44.000000,85.738162,0.000000,111.058496
4480,6782.489349,0.000000,44.000000,86.239554,0.000000,103.286908
4481,6782.489349,0.000000,44.000000,86.740947,0.000000,95.515320
4486,6782.489349,0.000000,44.000000,89.247911,0.000000,56.657382
4489,6782.489349,0.000000,44.000000,90.752089,0.000000,33.342618
4490,6782.489349,0.000000,44.000000,91.253482,0.000000,25.571031
4494,6782.489349,0.000000,44.000000,93.259053,0.000000,354.484680
4495,6782.489349,0.000000,44.000000,93.760446,0.000000,346.713092
4496,6782.489349,0.000000,44.000000,94.261838,0.000000,338.941504
4505,6782.489349,0.000000,44.000000,98.774373,0.000000,268.997214
4506,6782.489349,0.000000,44.000000,99.275766,0.000000,261.225627
4508,6782.489349,0.000000,44.000000,100.278552,0.000000,245.682451
4509,6782.489349,0.000000,44.000000,100.779944,0.000000,237.910864
4510,6782.489349,0.000000,44.000000,101.281337,0.000000,230.139276
4512,6782.489349,0.000000,44.000000,102.284123,0.000000,214.596100
4517,6782.489349,0.000000,44.000000,104.791086,0.000000,175.738162
4527,6782.489349,0.000000,44.000000,109.805014,0.000000,98.022284
4532,6782.489349,0.000000,44.000000,112.311978,0.000000,59.164345
4546,6782.489349,0.000000,44.000000,119.331476,0.000000,310.362117
4552,6782.489349,0.000000,44.000000,122.339833,0.000000,263.732591
4561,6782.489349,0.000000,44.000000,126.852368,0.000000,193.788301
4564,6782.489349,0.000000,44.000000,128.356546,0.000000,170.473538
4565,6782.489349,0.000000,44.000000,128.857939,0.000000,162.701950
4572,6782.489349,0.000000,44.000000,132.367688,0.000000,108.300836
4573,6782.489349,0.000000,44.000000,132.869081,0.000000,100.529248
4577,6782.489349,0.000000,44.000000,134.874652,0.000000,69.442897
4581,6782.489349,0.000000,44.000000,136.880223,0.000000,38.356546
4583,6782.489349,0.000000,44.000000,137.883008,0.000000,22.813370
4585,6782.489349,0.000000,44.000000,138.885794,0.000000,7.270195
4589,6782.489349,0.000000,44.000000,140.891365,0.000000,336.183844
4590,6782.489349,0.000000,44.000000,141.392758,0.000000,328.412256
4596,6782.489349,0.000000,44.000000,144.401114,0.000000,281.782730
4602,6782.489349,0.000000,44.000000,147.409471,0.000000,235.153203
4603,6782.489349,0.000000,44.000000,147.910864,0.000000,227.381616
4604,6782.489349,0.000000,44.000000,148.412256,0.000000,219.610028
4605,6782.489349,0.000000,44.000000,148.913649,0.000000,211.838440
4607,6782.489349,0.000000,44.000000,149.916435,0.000000,196.295265
4609,6782.489349,0.000000,44.000000,150.919220,0.000000,180.752089
4613,6782.489349,0.000000,44.000000,152.924791,0.000000,149.665738
4634,6782.489349,0.000000,44.000000,163.454039,0.000000,346.462396
4638,6782.489349,0.000000,44.000000,165.459610,0.000000,315.376045
4639,6782.489349,0.000000,44.000000,165.961003,0.000000,307.604457
4641,6782.489349,0.000000,44.000000,166.963788,0.000000,292.061281
4646,6782.489349,0.000000,44.000000,169.470752,0.000000,253.203343
4655,6782.489349,0.000000,44.000000,173.983287,0.000000,183.259053
4662,6782.489349,0.000000,44.000000,177.493036,0.000000,128.857939
4673,6782.489349,0.000000,44.000000,183.008357,0.000000,43.370474
4675,6782.489349,0.000000,44.000000,184.011142,0.000000,27.827298
4676,6782.489349,0.000000,44.000000,184.512535,0.000000,20.055710
4678,6782.489349,0.000000,44.000000,185.515320,0.000000,4.512535
4680,6782.489349,0.000000,44.000000,186.518106,0.000000,348.969359
4681,6782.489349,0.000000,44.000000,187.019499,0.000000,341.197772
4692,6782.489349,0.000000,44.000000,192.534819,0.000000,255.710306
4694,6782.489349,0.000000,44.000000,193.537604,0.000000,240.167131
4698,6782.489349,0.000000,44.000000,195.543175,0.000000,209.080780
4699,6782.489349,0.000000,44.000000,196.044568,0.000000,201.309192
4705,6782.489349,0.000000,44.000000,199.052925,0.000000,154.679666
4717,6782.489349,0.000000,44.000000,205.069638,0.000000,61.420613
4718,6782.489349,0.000000,44.000000,205.571031,0.000000,53.649025
4719,6782.489349,0.000000,44.000000,206.072423,0.000000,45.877437
4721,6782.489349,0.000000,44.000000,207.075209,0.000000,30.334262
4740,6782.489349,0.000000,44.000000,216.601671,0.000000,242.674095
4742,6782.489349,0.000000,44.000000,217.604457,0.000000,227.130919
4745,6782.489349,0.000000,44.000000,219.108635,0.000000,203.816156
4750,6782.489349,0.000000,44.000000,221.615599,0.000000,164.958217
4754,6782.489349,0.000000,44.000000,223.621170,0.000000,133.871866
4755,6782.489349,0.000000,44.000000,224.122563,0.000000,126.100279
4759,6782.489349,0.000000,44.000000,226.128134,0.000000,95.013928
4773,6782.489349,0.000000,44.000000,233.147632,0.000000,346.211699
4778,6782.489349,0.000000,44.000000,235.654596,0.000000,307.353760
4781,6782.489349,0.000000,44.000000,237.158774,0.000000,284.038997
4783,6782.489349,0.000000,44.000000,238.161560,0.000000,268.495822
4787,6782.489349,0.000000,44.000000,240.167131,0.000000,237.409471
4789,6782.489349,0.000000,44.000000,241.169916,0.000000,221.866295
4791,6782.489349,0.000000,44.000000,242.172702,0.000000,206.323120
4798,6782.489349,0.000000,44.000000,245.682451,0.000000,151.922006
4800,6782.489349,0.000000,44.000000,246.685237,0.000000,136.378830
4802,6782.489349,0.000000,44.000000,247.688022,0.000000,120.835655
4805,6782.489349,0.000000,44.000000,249.192201,0.000000,97.520891
4809,6782.489349,0.000000,44.000000,251.197772,0.000000,66.434540
4811,6782.489349,0.000000,44.000000,252.200557,0.000000,50.891365
4814,6782.489349,0.000000,44.000000,253.704735,0.000000,27.576602
4820,6782.489349,0.000000,44.000000,256.713092,0.000000,340.947075
4826,6782.489349,0.000000,44.000000,259.721448,0.000000,294.317549
4830,6782.489349,0.000000,44.000000,261.727019,0.000000,263.231198
4832,6782.489349,0.000000,44.000000,262.729805,0.000000,247.688022
4839,6782.489349,0.000000,44.000000,266.239554,0.000000,193.286908
4842,6782.489349,0.000000,44.000000,267.743733,0.000000,169.972145
4847,6782.489349,0.000000,44.000000,270.250696,0.000000,131.114206
4851,6782.489349,0.000000,44.000000,272.256267,0.000000,100.027855
4857,6782.489349,0.000000,44.000000,275.264624,0.000000,53.398329
4864,6782.489349,0.000000,44.000000,278.774373,0.000000,358.997214
4867,6782.489349,0.000000,44.000000,280.278552,0.000000,335.682451
4872,6782.489349,0.000000,44.000000,282.785515,0.000000,296.824513
4879,6782.489349,0.000000,44.000000,286.295265,0.000000,242.423398
4880,6782.489349,0.000000,44.000000,286.796657,0.000000,234.651811
4882,6782.489349,0.000000,44.000000,287.799443,0.000000,219.108635
4883,6782.489349,0.000000,44.000000,288.300836,0.000000,211.337047
4887,6782.489349,0.000000,44.000000,290.306407,0.000000,180.250696
4889,6782.489349,0.000000,44.000000,291.309192,0.000000,164.707521
4896,6782.489349,0.000000,44.000000,294.818942,0.000000,110.306407
4897,6782.489349,0.000000,44.000000,295.320334,0.000000,102.534819
4901,6782.489349,0.000000,44.000000,297.325905,0.000000,71.448468
4903,6782.489349,0.000000,44.000000,298.328691,0.000000,55.905292
4914,6782.489349,0.000000,44.000000,303.844011,0.000000,330.417827
4918,6782.489349,0.000000,44.000000,305.849582,0.000000,299.331476
4919,6782.489349,0.000000,44.000000,306.350975,0.000000,291.559889
4920,6782.489349,0.000000,44.000000,306.852368,0.000000,283.788301
4923,6782.489349,0.000000,44.000000,308.356546,0.000000,260.473538
4925,6782.489349,0.000000,44.000000,309.359331,0.000000,244.930362
4928,6782.489349,0.000000,44.000000,310.863510,0.000000,221.615599
4930,6782.489349,0.000000,44.000000,311.866295,0.000000,206.072423
4931,6782.489349,0.000000,44.000000,312.367688,0.000000,198.300836
4932,6782.489349,0.000000,44.000000,312.869081,0.000000,190.529248
4943,6782.489349,0.000000,44.000000,318.384401,0.000000,105.041783
4951,6782.489349,0.000000,44.000000,322.395543,0.000000,42.869081
4954,6782.489349,0.000000,44.000000,323.899721,0.000000,19.554318
4958,6782.489349,0.000000,44.000000,325.905292,0.000000,348.467967
4962,6782.489349,0.000000,44.000000,327.910864,0.000000,317.381616
4963,6782.489349,0.000000,44.000000,328.412256,0.000000,309.610028
4966,6782.489349,0.000000,44.000000,329.916435,0.000000,286.295265
4971,6782.489349,0.000000,44.000000,332.423398,0.000000,247.437326
4973,6782.489349,0.000000,44.000000,333.426184,0.000000,231.894150
4976,6782.489349,0.000000,44.000000,334.930362,0.000000,208.579387
4979,6782.489349,0.000000,44.000000,336.434540,0.000000,185.264624
4980,6782.489349,0.000000,44.000000,336.935933,0.000000,177.493036
4983,6782.489349,0.000000,44.000000,338.440111,0.000000,154.178273
4988,6782.489349,0.000000,44.000000,340.947075,0.000000,115.320334
4994,6782.489349,0.000000,44.000000,343.955432,0.000000,68.690808
5000,6782.489349,0.000000,44.000000,346.963788,0.000000,22.061281
5003,6782.489349,0.000000,44.000000,348.467967,0.000000,358.746518
5004,6782.489349,0.000000,44.000000,348.969359,0.000000,350.974930
5005,6782.489349,0.000000,44.000000,349.470752,0.000000,343.203343
5006,6782.489349,0.000000,44.000000,349.972145,0.000000,335.431755
5007,6782.489349,0.000000,44.000000,350.473538,0.000000,327.660167
5008,6782.489349,0.000000,44.000000,350.974930,0.000000,319.888579
5014,6782.489349,0.000000,44.000000,353.983287,0.000000,273.259053
5019,6782.489349,0.000000,44.000000,356.490251,0.000000,234.401114
5023,6782.489349,0.000000,44.000000,358.495822,0.000000,203.314763
5024,6782.489349,0.000000,44.000000,358.997214,0.000000,195.543175
5035,6782.489349,0.000000,44.000000,4.512535,0.000000,110.055710
5037,6782.489349,0.000000,44.000000,5.515320,0.000000,94.512535
5040,6782.489349,0.000000,44.000000,7.019499,0.000000,71.197772
5043,6782.489349,0.000000,44.000000,8.523677,0.000000,47.883008
5044,6782.489349,0.000000,44.000000,9.025070,0.000000,40.111421
5046,6782.489349,0.000000,44.000000,10.027855,0.000000,24.568245
5051,6782.489349,0.000000,44.000000,12.534819,0.000000,345.710306
5063,6782.489349,0.000000,44.000000,18.551532,0.000000,252.451253
5064,6782.489349,0.000000,44.000000,19.052925,0.000000,244.679666
5074,6782.489349,0.000000,44.000000,24.066852,0.000000,166.963788
5076,6782.489349,0.000000,44.000000,25.069638,0.000000,151.420613
5077,6782.489349,0.000000,44.000000,25.571031,0.000000,143.649025
5080,6782.489349,0.000000,44.000000,27.075209,0.000000,120.334262
5082,6782.489349,0.000000,44.000000,28.077994,0.000000,104.791086
5084,6782.489349,0.000000,44.000000,29.080780,0.000000,89.247911
5086,6782.489349,0.000000,44.000000,30.083565,0.000000,73.704735
5091,6782.489349,0.000000,44.000000,32.590529,0.000000,34.846797
5093,6782.489349,0.000000,44.000000,33.593315,0.000000,19.303621
5094,6782.489349,0.000000,44.000000,34.094708,0.000000,11.532033
5096,6782.489349,0.000000,44.000000,35.097493,0.000000,355.988858
5100,6782.489349,0.000000,44.000000,37.103064,0.000000,324.902507
5112,6782.489349,0.000000,44.000000,43.119777,0.000000,231.643454
5124,6782.489349,0.000000,44.000000,49.136490,0.000000,138.384401
5139,6782.489349,0.000000,44.000000,56.657382,0.000000,21.810585
5145,6782.489349,0.000000,44.000000,59.665738,0.000000,335.181058
5148,6782.489349,0.000000,44.000000,61.169916,0.000000,311.866295
5149,6782.489349,0.000000,44.000000,61.671309,0.000000,304.094708
5155,6782.489349,0.000000,44.000000,64.679666,0.000000,257.465181
5157,6782.489349,0.000000,44.000000,65.682451,0.000000,241.922006
5160,6782.489349,0.000000,44.000000,67.186630,0.000000,218.607242
5166,6782.489349,0.000000,44.000000,70.194986,0.000000,171.977716
5168,6782.489349,0.000000,44.000000,71.197772,0.000000,156.434540
5171,6782.489349,0.000000,44.000000,72.701950,0.000000,133.119777
5173,6782.489349,0.000000,44.000000,73.704735,0.000000,117.576602
5174,6782.489349,0.000000,44.000000,74.206128,0.000000,109.805014
5175,6782.489349,0.000000,44.000000,74.707521,0.000000,102.033426
5181,6782.489349,0.000000,44.000000,77.715877,0.000000,55.403900
5184,6782.489349,0.000000,44.000000,79.220056,0.000000,32.089136
5185,6782.489349,0.000000,44.000000,79.721448,0.000000,24.317549
5187,6782.489349,0.000000,44.000000,80.724234,0.000000,8.774373
5202,6782.489349,0.000000,44.000000,88.245125,0.000000,252.200557
5209,6782.489349,0.000000,44.000000,91.754875,0.000000,197.799443
5211,6782.489349,0.000000,44.000000,92.757660,0.000000,182.256267
5212,6782.489349,0.000000,44.000000,93.259053,0.000000,174.484680
5220,6782.489349,0.000000,44.000000,97.270195,0.000000,112.311978
5225,6782.489349,0.000000,44.000000,99.777159,0.000000,73.454039
5226,6782.489349,0.000000,44.000000,100.278552,0.000000,65.682451
5228,6782.489349,0.000000,44.000000,101.281337,0.000000,50.139276
5231,6782.489349,0.000000,44.000000,102.785515,0.000000,26.824513
5244,6782.489349,0.000000,44.000000,109.303621,0.000000,285.793872
5251,6782.489349,0.000000,44.000000,112.813370,0.000000,231.392758
5263,6782.489349,0.000000,44.000000,118.830084,0.000000,138.133705
5265,6782.489349,0.000000,44.000000,119.832869,0.000000,122.590529
5268,6782.489349,0.000000,44.000000,121.337047,0.000000,99.275766
5269,6782.489349,0.000000,44.000000,121.838440,0.000000,91.504178
5271,6782.489349,0.000000,44.000000,122.841226,0.000000,75.961003
5273,6782.489349,0.000000,44.000000,123.844011,0.000000,60.417827
5277,6782.489349,0.000000,44.000000,125.849582,0.000000,29.331476
5281,6782.489349,0.000000,44.000000,127.855153,0.000000,358.245125
5284,6782.489349,0.000000,44.000000,129.359331,0.000000,334.930362
5287,6782.489349,0.000000,44.000000,130.863510,0.000000,311.615599
5290,6782.489349,0.000000,44.000000,132.367688,0.000000,288.300836
5297,6782.489349,0.000000,44.000000,135.877437,0.000000,233.899721
5305,6782.489349,0.000000,44.000000,139.888579,0.000000,171.727019
5306,6782.489349,0.000000,44.000000,140.389972,0.000000,163.955432
5308,6782.489349,0.000000,44.000000,141.392758,0.000000,148.412256
5311,6782.489349,0.000000,44.000000,142.896936,0.000000,125.097493
5320,6782.489349,0.000000,44.000000,147.409471,0.000000,55.153203
5321,6782.489349,0.000000,44.000000,147.910864,0.000000,47.381616
5322,6782.489349,0.000000,44.000000,148.412256,0.000000,39.610028
5327,6782.489349,0.000000,44.000000,150.919220,0.000000,0.752089
5330,6782.489349,0.000000,44.000000,152.423398,0.000000,337.437326
5332,6782.489349,0.000000,44.000000,153.426184,0.000000,321.894150
5334,6782.489349,0.000000,44.000000,154.428969,0.000000,306.350975
5336,6782.489349,0.000000,44.000000,155.431755,0.000000,290.807799
5337,6782.489349,0.000000,44.000000,155.933148,0.000000,283.036212
5345,6782.489349,0.000000,44.000000,159.944290,0.000000,220.863510
5349,6782.489349,0.000000,44.000000,161.949861,0.000000,189.777159
5354,6782.489349,0.000000,44.000000,164.456825,0.000000,150.919220
5356,6782.489349,0.000000,44.000000,165.459610,0.000000,135.376045
5360,6782.489349,0.000000,44.000000,167.465181,0.000000,104.289694
5362,6782.489349,0.000000,44.000000,168.467967,0.000000,88.746518
5365,6782.489349,0.000000,44.000000,169.972145,0.000000,65.431755
5367,6782.489349,0.000000,44.000000,170.974930,0.000000,49.888579
5369,6782.489349,0.000000,44.000000,171.977716,0.000000,34.345404
5377,6782.489349,0.000000,44.000000,175.988858,0.000000,332.172702
5378,6782.489349,0.000000,44.000000,176.490251,0.000000,324.401114
5382,6782.489349,0.000000,44.000000,178.495822,0.000000,293.314763
5387,6782.489349,0.000000,44.000000,181.002786,0.000000,254.456825
5388,6782.489349,0.000000,44.000000,181.504178,0.000000,246.685237
5391,6782.489349,0.000000,44.000000,183.008357,0.000000,223.370474
5394,6782.489349,0.000000,44.000000,184.512535,0.000000,200.055710
5398,6782.489349,0.000000,44.000000,186.518106,0.000000,168.969359
5400,6782.489349,0.000000,44.000000,187.520891,0.000000,153.426184
5401,6782.489349,0.000000,44.000000,188.022284,0.000000,145.654596
5406,6782.489349,0.000000,44.000000,190.529248,0.000000,106.796657
5407,6782.489349,0.000000,44.000000,191.030641,0.000000,99.025070
5414,6782.489349,0.000000,44.000000,194.540390,0.000000,44.623955
5422,6782.489349,0.000000,44.000000,198.551532,0.000000,342.451253
5423,6782.489349,0.000000,44.000000,199.052925,0.000000,334.679666
5432,6782.489349,0.000000,44.000000,203.565460,0.000000,264.735376
5437,6782.489349,0.000000,44.000000,206.072423,0.000000,225.877437
5440,6782.489349,0.000000,44.000000,207.576602,0.000000,202.562674
5441,6782.489349,0.000000,44.000000,208.077994,0.000000,194.791086
5443,6782.489349,0.000000,44.000000,209.080780,0.000000,179.247911
5446,6782.489349,0.000000,44.000000,210.584958,0.000000,155.933148
5447,6782.489349,0.000000,44.000000,211.086351,0.000000,148.161560
5448,6782.489349,0.000000,44.000000,211.587744,0.000000,140.389972
5452,6782.489349,0.000000,44.000000,213.593315,0.000000,109.303621
5456,6782.489349,0.000000,44.000000,215.598886,0.000000,78.217270
5459,6782.489349,0.000000,44.000000,217.103064,0.000000,54.902507
5463,6782.489349,0.000000,44.000000,219.108635,0.000000,23.816156
5467,6782.489349,0.000000,44.000000,221.114206,0.000000,352.729805
5471,6782.489349,0.000000,44.000000,223.119777,0.000000,321.643454
5477,6782.489349,0.000000,44.000000,226.128134,0.000000,275.013928
5485,6782.489349,0.000000,44.000000,230.139276,0.000000,212.841226
5489,6782.489349,0.000000,44.000000,232.144847,0.000000,181.754875
5491,6782.489349,0.000000,44.000000,233.147632,0.000000,166.211699
5492,6782.489349,0.000000,44.000000,233.649025,0.000000,158.440111
5496,6782.489349,0.000000,44.000000,235.654596,0.000000,127.353760
5498,6782.489349,0.000000,44.000000,236.657382,0.000000,111.810585
5500,6782.489349,0.000000,44.000000,237.660167,0.000000,96.267409
5501,6782.489349,0.000000,44.000000,238.161560,0.000000,88.495822
5503,6782.489349,0.000000,44.000000,239.164345,0.000000,72.952646
5510,6782.489349,0.000000,44.000000,242.674095,0.000000,18.551532
5524,6782.489349,0.000000,44.000000,249.693593,0.000000,269.749304
5525,6782.489349,0.000000,44.000000,250.194986,0.000000,261.977716
5528,6782.489349,0.000000,44.000000,251.699164,0.000000,238.662953
5533,6782.489349,0.000000,44.000000,254.206128,0.000000,199.805014
5541,6782.489349,0.000000,44.000000,258.217270,0.000000,137.632312
5551,6782.489349,0.000000,44.000000,263.231198,0.000000,59.916435
5552,6782.489349,0.000000,44.000000,263.732591,0.000000,52.144847
5561,6782.489349,0.000000,44.000000,268.245125,0.000000,342.200557
5573,6782.489349,0.000000,44.000000,274.261838,0.000000,248.941504
5574,6782.489349,0.000000,44.000000,274.763231,0.000000,241.169916
5577,6782.489349,0.000000,44.000000,276.267409,0.000000,217.855153
5579,6782.489349,0.000000,44.000000,277.270195,0.000000,202.311978
5580,6782.489349,0.000000,44.000000,277.771588,0.000000,194.540390
5581,6782.489349,0.000000,44.000000,278.272981,0.000000,186.768802
5582,6782.489349,0.000000,44.000000,278.774373,0.000000,178.997214
5583,6782.489349,0.000000,44.000000,279.275766,0.000000,171.225627
5593,6782.489349,0.000000,44.000000,284.289694,0.000000,93.509749
5622,6782.489349,0.000000,44.000000,298.830084,0.000000,228.133705
5630,6782.489349,0.000000,44.000000,302.841226,0.000000,165.961003
5633,6782.489349,0.000000,44.000000,304.345404,0.000000,142.646240
5635,6782.489349,0.000000,44.000000,305.348189,0.000000,127.103064
5637,6782.489349,0.000000,44.000000,306.350975,0.000000,111.559889
5641,6782.489349,0.000000,44.000000,308.356546,0.000000,80.473538
5644,6782.489349,0.000000,44.000000,309.860724,0.000000,57.158774
5652,6782.489349,0.000000,44.000000,313.871866,0.000000,354.986072
5654,6782.489349,0.000000,44.000000,314.874652,0.000000,339.442897
5663,6782.489349,0.000000,44.000000,319.387187,0.000000,269.498607
5673,6782.489349,0.000000,44.000000,324.401114,0.000000,191.782730
5679,6782.489349,0.000000,44.000000,327.409471,0.000000,145.153203
5680,6782.489349,0.000000,44.000000,327.910864,0.000000,137.381616
5682,6782.489349,0.000000,44.000000,328.913649,0.000000,121.838440
5684,6782.489349,0.000000,44.000000,329.916435,0.000000,106.295265
5687,6782.489349,0.000000,44.000000,331.420613,0.000000,82.980501
5693,6782.489349,0.000000,44.000000,334.428969,0.000000,36.350975
5694,6782.489349,0.000000,44.000000,334.930362,0.000000,28.579387
5701,6782.489349,0.000000,44.000000,338.440111,0.000000,334.178273
5713,6782.489349,0.000000,44.000000,344.456825,0.000000,240.919220
5714,6782.489349,0.000000,44.000000,344.958217,0.000000,233.147632
5716,6782.489349,0.000000,44.000000,345.961003,0.000000,217.604457
5718,6782.489349,0.000000,44.000000,346.963788,0.000000,202.061281
5719,6782.489349,0.000000,44.000000,347.465181,0.000000,194.289694
5722,6782.489349,0.000000,44.000000,348.969359,0.000000,170.974930
5725,6782.489349,0.000000,44.000000,350.473538,0.000000,147.660167
5729,6782.489349,0.000000,44.000000,352.479109,0.000000,116.573816
5737,6782.489349,0.000000,44.000000,356.490251,0.000000,54.401114
5747,6782.489349,0.000000,45.000000,9.633211,0.000000,336.685237
5748,6782.489349,0.000000,45.000000,10.134603,0.000000,328.913649
5749,6782.489349,0.000000,45.000000,10.635996,0.000000,321.142061
5750,6782.489349,0.000000,45.000000,11.137389,0.000000,313.370474
5751,6782.489349,0.000000,45.000000,11.638782,0.000000,305.598886
5760,6782.489349,0.000000,45.000000,16.151316,0.000000,235.654596
5761,6782.489349,0.000000,45.000000,16.652709,0.000000,227.883008
5762,6782.489349,0.000000,45.000000,17.154102,0.000000,220.111421
5764,6782.489349,0.000000,45.000000,18.156887,0.000000,204.568245
5770,6782.489349,0.000000,45.000000,21.165244,0.000000,157.938719
5772,6782.489349,0.000000,45.000000,22.168029,0.000000,142.395543
5781,6782.489349,0.000000,45.000000,26.680564,0.000000,72.451253
5785,6782.489349,0.000000,45.000000,28.686135,0.000000,41.364903
5798,6782.489349,0.000000,45.000000,35.204241,0.000000,300.334262
5808,6782.489349,0.000000,45.000000,40.218169,0.000000,222.618384
5809,6782.489349,0.000000,45.000000,40.719562,0.000000,214.846797
5816,6782.489349,0.000000,45.000000,44.229311,0.000000,160.445682
5818,6782.489349,0.000000,45.000000,45.232096,0.000000,144.902507
5822,6782.489349,0.000000,45.000000,47.237667,0.000000,113.816156
5824,6782.489349,0.000000,45.000000,48.240453,0.000000,98.272981
5826,6782.489349,0.000000,45.000000,49.243238,0.000000,82.729805
5830,6782.489349,0.000000,45.000000,51.248809,0.000000,51.643454
5833,6782.489349,0.000000,45.000000,52.752988,0.000000,28.328691
5835,6782.489349,0.000000,45.000000,53.755773,0.000000,12.785515
5836,6782.489349,0.000000,45.000000,54.257166,0.000000,5.013928
5849,6782.489349,0.000000,45.000000,60.775272,0.000000,263.983287
5850,6782.489349,0.000000,45.000000,61.276665,0.000000,256.211699
5852,6782.489349,0.000000,45.000000,62.279450,0.000000,240.668524
5853,6782.489349,0.000000,45.000000,62.780843,0.000000,232.896936
5854,6782.489349,0.000000,45.000000,63.282236,0.000000,225.125348
5863,6782.489349,0.000000,45.000000,67.794770,0.000000,155.181058
5875,6782.489349,0.000000,45.000000,73.811484,0.000000,61.922006
5878,6782.489349,0.000000,45.000000,75.315662,0.000000,38.607242
5884,6782.489349,0.000000,45.000000,78.324018,0.000000,351.977716
5886,6782.489349,0.000000,45.000000,79.326804,0.000000,336.434540
5889,6782.489349,0.000000,45.000000,80.830982,0.000000,313.119777
5893,6782.489349,0.000000,45.000000,82.836553,0.000000,282.033426
5894,6782.489349,0.000000,45.000000,83.337946,0.000000,274.261838
5896,6782.489349,0.000000,45.000000,84.340731,0.000000,258.718663
5898,6782.489349,0.000000,45.000000,85.343517,0.000000,243.175487
5899,6782.489349,0.000000,45.000000,85.844910,0.000000,235.403900
5900,6782.489349,0.000000,45.000000,86.346302,0.000000,227.632312
5901,6782.489349,0.000000,45.000000,86.847695,0.000000,219.860724
5904,6782.489349,0.000000,45.000000,88.351873,0.000000,196.545961
5912,6782.489349,0.000000,45.000000,92.363016,0.000000,134.373259
5916,6782.489349,0.000000,45.000000,94.368587,0.000000,103.286908
5924,6782.489349,0.000000,45.000000,98.379729,0.000000,41.114206
5929,6782.489349,0.000000,45.000000,100.886692,0.000000,2.256267
5931,6782.489349,0.000000,45.000000,101.889478,0.000000,346.713092
5932,6782.489349,0.000000,45.000000,102.390871,0.000000,338.941504
5939,6782.489349,0.000000,45.000000,105.900620,0.000000,284.540390
5940,6782.489349,0.000000,45.000000,106.402013,0.000000,276.768802
5941,6782.489349,0.000000,45.000000,106.903406,0.000000,268.997214
5942,6782.489349,0.000000,45.000000,107.404798,0.000000,261.225627
5944,6782.489349,0.000000,45.000000,108.407584,0.000000,245.682451
5949,6782.489349,0.000000,45.000000,110.914548,0.000000,206.824513
5950,6782.489349,0.000000,45.000000,111.415940,0.000000,199.052925
5958,6782.489349,0.000000,45.000000,115.427082,0.000000,136.880223
5969,6782.489349,0.000000,45.000000,120.942403,0.000000,51.392758
5970,6782.489349,0.000000,45.000000,121.443795,0.000000,43.621170
5971,6782.489349,0.000000,45.000000,121.945188,0.000000,35.849582
5972,6782.489349,0.000000,45.000000,122.446581,0.000000,28.077994
5974,6782.489349,0.000000,45.000000,123.449367,0.000000,12.534819
5976,6782.489349,0.000000,45.000000,124.452152,0.000000,356.991643
5979,6782.489349,0.000000,45.000000,125.956330,0.000000,333.676880
5981,6782.489349,0.000000,45.000000,126.959116,0.000000,318.133705
5988,6782.489349,0.000000,45.000000,130.468865,0.000000,263.732591
5989,6782.489349,0.000000,45.000000,130.970258,0.000000,255.961003
5990,6782.489349,0.000000,45.000000,131.471651,0.000000,248.189415
5992,6782.489349,0.000000,45.000000,132.474436,0.000000,232.646240
5993,6782.489349,0.000000,45.000000,132.975829,0.000000,224.874652
6011,6782.489349,0.000000,45.000000,142.000899,0.000000,84.986072
6016,6782.489349,0.000000,45.000000,144.507862,0.000000,46.128134
6017,6782.489349,0.000000,45.000000,145.009255,0.000000,38.356546
6031,6782.489349,0.000000,45.000000,152.028754,0.000000,289.554318
6032,6782.489349,0.000000,45.000000,152.530146,0.000000,281.782730
6036,6782.489349,0.000000,45.000000,154.535717,0.000000,250.696379
6040,6782.489349,0.000000,45.000000,156.541289,0.000000,219.610028
6045,6782.489349,0.000000,45.000000,159.048252,0.000000,180.752089
6047,6782.489349,0.000000,45.000000,160.051038,0.000000,165.208914
6048,6782.489349,0.000000,45.000000,160.552431,0.000000,157.437326
6056,6782.489349,0.000000,45.000000,164.563573,0.000000,95.264624
6057,6782.489349,0.000000,45.000000,165.064965,0.000000,87.493036
6065,6782.489349,0.000000,45.000000,169.076107,0.000000,25.320334
6067,6782.489349,0.000000,45.000000,170.078893,0.000000,9.777159
6068,6782.489349,0.000000,45.000000,170.580286,0.000000,2.005571
6075,6782.489349,0.000000,45.000000,174.090035,0.000000,307.604457
6077,6782.489349,0.000000,45.000000,175.092821,0.000000,292.061281
6081,6782.489349,0.000000,45.000000,177.098392,0.000000,260.974930
6084,6782.489349,0.000000,45.000000,178.602570,0.000000,237.660167
6089,6782.489349,0.000000,45.000000,181.109534,0.000000,198.802228
6097,6782.489349,0.000000,45.000000,185.120676,0.000000,136.629526
6101,6782.489349,0.000000,45.000000,187.126247,0.000000,105.543175
6108,6782.489349,0.000000,45.000000,190.635996,0.000000,51.142061
6118,6782.489349,0.000000,45.000000,195.649924,0.000000,333.426184
6119,6782.489349,0.000000,45.000000,196.151316,0.000000,325.654596
6127,6782.489349,0.000000,45.000000,200.162458,0.000000,263.481894
6132,6782.489349,0.000000,45.000000,202.669422,0.000000,224.623955
6146,6782.489349,0.000000,45.000000,209.688921,0.000000,115.821727
6151,6782.489349,0.000000,45.000000,212.195885,0.000000,76.963788
6153,6782.489349,0.000000,45.000000,213.198670,0.000000,61.420613
6154,6782.489349,0.000000,45.000000,213.700063,0.000000,53.649025
6155,6782.489349,0.000000,45.000000,214.201456,0.000000,45.877437
6158,6782.489349,0.000000,45.000000,215.705634,0.000000,22.562674
6159,6782.489349,0.000000,45.000000,216.207027,0.000000,14.791086
6163,6782.489349,0.000000,45.000000,218.212598,0.000000,343.704735
6170,6782.489349,0.000000,45.000000,221.722347,0.000000,289.303621
6173,6782.489349,0.000000,45.000000,223.226525,0.000000,265.988858
6175,6782.489349,0.000000,45.000000,224.229311,0.000000,250.445682
6180,6782.489349,0.000000,45.000000,226.736275,0.000000,211.587744
6183,6782.489349,0.000000,45.000000,228.240453,0.000000,188.272981
6193,6782.489349,0.000000,45.000000,233.254380,0.000000,110.557103
6194,6782.489349,0.000000,45.000000,233.755773,0.000000,102.785515
6197,6782.489349,0.000000,45.000000,235.259951,0.000000,79.470752
6204,6782.489349,0.000000,45.000000,238.769701,0.000000,25.069638
6206,6782.489349,0.000000,45.000000,239.772486,0.000000,9.526462
6207,6782.489349,0.000000,45.000000,240.273879,0.000000,1.754875
6211,6782.489349,0.000000,45.000000,242.279450,0.000000,330.668524
6227,6782.489349,0.000000,45.000000,250.301734,0.000000,206.323120
6237,6782.489349,0.000000,45.000000,255.315662,0.000000,128.607242
6238,6782.489349,0.000000,45.000000,255.817055,0.000000,120.835655
6242,6782.489349,0.000000,45.000000,257.822626,0.000000,89.749304
6243,6782.489349,0.000000,45.000000,258.324018,0.000000,81.977716
6244,6782.489349,0.000000,45.000000,258.825411,0.000000,74.206128
6254,6782.489349,0.000000,45.000000,263.839339,0.000000,356.490251
6257,6782.489349,0.000000,45.000000,265.343517,0.000000,333.175487
6261,6782.489349,0.000000,45.000000,267.349088,0.000000,302.089136
6262,6782.489349,0.000000,45.000000,267.850481,0.000000,294.317549
6264,6782.489349,0.000000,45.000000,268.853266,0.000000,278.774373
6265,6782.489349,0.000000,45.000000,269.354659,0.000000,271.002786
6269,6782.489349,0.000000,45.000000,271.360230,0.000000,239.916435
6270,6782.489349,0.000000,45.000000,271.861623,0.000000,232.144847
6271,6782.489349,0.000000,45.000000,272.363016,0.000000,224.373259
6273,6782.489349,0.000000,45.000000,273.365801,0.000000,208.830084
6275,6782.489349,0.000000,45.000000,274.368587,0.000000,193.286908
6279,6782.489349,0.000000,45.000000,276.374158,0.000000,162.200557
6285,6782.489349,0.000000,45.000000,279.382514,0.000000,115.571031
6286,6782.489349,0.000000,45.000000,279.883907,0.000000,107.799443
6296,6782.489349,0.000000,45.000000,284.897834,0.000000,30.083565
6299,6782.489349,0.000000,45.000000,286.402013,0.000000,6.768802
6305,6782.489349,0.000000,45.000000,289.410369,0.000000,320.139276
6306,6782.489349,0.000000,45.000000,289.911762,0.000000,312.367688
6308,6782.489349,0.000000,45.000000,290.914548,0.000000,296.824513
6310,6782.489349,0.000000,45.000000,291.917333,0.000000,281.281337
6316,6782.489349,0.000000,45.000000,294.925690,0.000000,234.651811
6330,6782.489349,0.000000,45.000000,301.945188,0.000000,125.849582
6336,6782.489349,0.000000,45.000000,304.953545,0.000000,79.220056
6337,6782.489349,0.000000,45.000000,305.454938,0.000000,71.448468
6338,6782.489349,0.000000,45.000000,305.956330,0.000000,63.676880
6340,6782.489349,0.000000,45.000000,306.959116,0.000000,48.133705
6341,6782.489349,0.000000,45.000000,307.460509,0.000000,40.362117
6342,6782.489349,0.000000,45.000000,307.961901,0.000000,32.590529
6343,6782.489349,0.000000,45.000000,308.463294,0.000000,24.818942
6346,6782.489349,0.000000,45.000000,309.967472,0.000000,1.504178
6352,6782.489349,0.000000,45.000000,312.975829,0.000000,314.874652
6353,6782.489349,0.000000,45.000000,313.477222,0.000000,307.103064
6355,6782.489349,0.000000,45.000000,314.480007,0.000000,291.559889
6360,6782.489349,0.000000,45.000000,316.986971,0.000000,252.701950
6361,6782.489349,0.000000,45.000000,317.488364,0.000000,244.930362
6363,6782.489349,0.000000,45.000000,318.491149,0.000000,229.387187
6373,6782.489349,0.000000,45.000000,323.505077,0.000000,151.671309
6378,6782.489349,0.000000,45.000000,326.012041,0.000000,112.813370
6379,6782.489349,0.000000,45.000000,326.513433,0.000000,105.041783
6380,6782.489349,0.000000,45.000000,327.014826,0.000000,97.270195
6381,6782.489349,0.000000,45.000000,327.516219,0.000000,89.498607
6382,6782.489349,0.000000,45.000000,328.017612,0.000000,81.727019
6383,6782.489349,0.000000,45.000000,328.519004,0.000000,73.955432
6384,6782.489349,0.000000,45.000000,329.020397,0.000000,66.183844
6394,6782.489349,0.000000,45.000000,334.034325,0.000000,348.467967
6397,6782.489349,0.000000,45.000000,335.538503,0.000000,325.153203
6401,6782.489349,0.000000,45.000000,337.544074,0.000000,294.066852
6407,6782.489349,0.000000,45.000000,340.552431,0.000000,247.437326
6408,6782.489349,0.000000,45.000000,341.053823,0.000000,239.665738
6416,6782.489349,0.000000,45.000000,345.064965,0.000000,177.493036
6420,6782.489349,0.000000,45.000000,347.070536,0.000000,146.406685
6436,6782.489349,0.000000,45.000000,355.092821,0.000000,22.061281
6438,6782.489349,0.000000,45.000000,356.095606,0.000000,6.518106
6451,6782.489349,0.000000,45.000000,2.613712,0.000000,265.487465
6452,6782.489349,0.000000,45.000000,3.115105,0.000000,257.715877
6453,6782.489349,0.000000,45.000000,3.616497,0.000000,249.944290
6457,6782.489349,0.000000,45.000000,5.622068,0.000000,218.857939
6459,6782.489349,0.000000,45.000000,6.624854,0.000000,203.314763
6463,6782.489349,0.000000,45.000000,8.630425,0.000000,172.228412
6464,6782.489349,0.000000,45.000000,9.131818,0.000000,164.456825
6465,6782.489349,0.000000,45.000000,9.633211,0.000000,156.685237
6467,6782.489349,0.000000,45.000000,10.635996,0.000000,141.142061
6477,6782.489349,0.000000,45.000000,15.649924,0.000000,63.426184
6478,6782.489349,0.000000,45.000000,16.151316,0.000000,55.654596
6482,6782.489349,0.000000,45.000000,18.156887,0.000000,24.568245
6487,6782.489349,0.000000,45.000000,20.663851,0.000000,345.710306
6489,6782.489349,0.000000,45.000000,21.666637,0.000000,330.167131
6491,6782.489349,0.000000,45.000000,22.669422,0.000000,314.623955
6495,6782.489349,0.000000,45.000000,24.674993,0.000000,283.537604
6498,6782.489349,0.000000,45.000000,26.179172,0.000000,260.222841
6507,6782.489349,0.000000,45.000000,30.691706,0.000000,190.278552
6508,6782.489349,0.000000,45.000000,31.193099,0.000000,182.506964
6526,6782.489349,0.000000,45.000000,40.218169,0.000000,42.618384
6535,6782.489349,0.000000,45.000000,44.730704,0.000000,332.674095
6538,6782.489349,0.000000,45.000000,46.234882,0.000000,309.359331
6541,6782.489349,0.000000,45.000000,47.739060,0.000000,286.044568
6543,6782.489349,0.000000,45.000000,48.741846,0.000000,270.501393
6548,6782.489349,0.000000,45.000000,51.248809,0.000000,231.643454
6550,6782.489349,0.000000,45.000000,52.251595,0.000000,216.100279
6551,6782.489349,0.000000,45.000000,52.752988,0.000000,208.328691
6552,6782.489349,0.000000,45.000000,53.254380,0.000000,200.557103
6560,6782.489349,0.000000,45.000000,57.265523,0.000000,138.384401
6561,6782.489349,0.000000,45.000000,57.766915,0.000000,130.612813
6569,6782.489349,0.000000,45.000000,61.778057,0.000000,68.440111
6581,6782.489349,0.000000,45.000000,67.794770,0.000000,335.181058
6583,6782.489349,0.000000,45.000000,68.797556,0.000000,319.637883
6584,6782.489349,0.000000,45.000000,69.298949,0.000000,311.866295
6594,6782.489349,0.000000,45.000000,74.312876,0.000000,234.150418
6595,6782.489349,0.000000,45.000000,74.814269,0.000000,226.378830
6604,6782.489349,0.000000,45.000000,79.326804,0.000000,156.434540
6613,6782.489349,0.000000,45.000000,83.839339,0.000000,86.490251
6617,6782.489349,0.000000,45.000000,85.844910,0.000000,55.403900
6624,6782.489349,0.000000,45.000000,89.354659,0.000000,1.002786
6633,6782.489349,0.000000,45.000000,93.867194,0.000000,291.058496
6636,6782.489349,0.000000,45.000000,95.371372,0.000000,267.743733
6638,6782.489349,0.000000,45.000000,96.374158,0.000000,252.200557
6645,6782.489349,0.000000,45.000000,99.883907,0.000000,197.799443
6650,6782.489349,0.000000,45.000000,102.390871,0.000000,158.941504
6651,6782.489349,0.000000,45.000000,102.892263,0.000000,151.169916
6653,6782.489349,0.000000,45.000000,103.895049,0.000000,135.626741
6655,6782.489349,0.000000,45.000000,104.897834,0.000000,120.083565
6656,6782.489349,0.000000,45.000000,105.399227,0.000000,112.311978
6659,6782.489349,0.000000,45.000000,106.903406,0.000000,88.997214
6660,6782.489349,0.000000,45.000000,107.404798,0.000000,81.225627
6661,6782.489349,0.000000,45.000000,107.906191,0.000000,73.454039
6666,6782.489349,0.000000,45.000000,110.413155,0.000000,34.596100
6668,6782.489349,0.000000,45.000000,111.415940,0.000000,19.052925
6669,6782.489349,0.000000,45.000000,111.917333,0.000000,11.281337
6677,6782.489349,0.000000,45.000000,115.928475,0.000000,309.108635
6695,6782.489349,0.000000,45.000000,124.953545,0.000000,169.220056
6711,6782.489349,0.000000,45.000000,132.975829,0.000000,44.874652
6713,6782.489349,0.000000,45.000000,133.978614,0.000000,29.331476
6717,6782.489349,0.000000,45.000000,135.984185,0.000000,358.245125
6720,6782.489349,0.000000,45.000000,137.488364,0.000000,334.930362
6722,6782.489349,0.000000,45.000000,138.491149,0.000000,319.387187
6723,6782.489349,0.000000,45.000000,138.992542,0.000000,311.615599
6724,6782.489349,0.000000,45.000000,139.493935,0.000000,303.844011
6725,6782.489349,0.000000,45.000000,139.995328,0.000000,296.072423
6727,6782.489349,0.000000,45.000000,140.998113,0.000000,280.529248
6730,6782.489349,0.000000,45.000000,142.502291,0.000000,257.214485
6731,6782.489349,0.000000,45.000000,143.003684,0.000000,249.442897
6737,6782.489349,0.000000,45.000000,146.012041,0.000000,202.813370
6739,6782.489349,0.000000,45.000000,147.014826,0.000000,187.270195
6741,6782.489349,0.000000,45.000000,148.017612,0.000000,171.727019
6746,6782.489349,0.000000,45.000000,150.524575,0.000000,132.869081
6747,6782.489349,0.000000,45.000000,151.025968,0.000000,125.097493
6749,6782.489349,0.000000,45.000000,152.028754,0.000000,109.554318
6761,6782.489349,0.000000,45.000000,158.045467,0.000000,16.295265
6762,6782.489349,0.000000,45.000000,158.546860,0.000000,8.523677
6771,6782.489349,0.000000,45.000000,163.059394,0.000000,298.579387
6772,6782.489349,0.000000,45.000000,163.560787,0.000000,290.807799
6779,6782.489349,0.000000,45.000000,167.070536,0.000000,236.406685
6782,6782.489349,0.000000,45.000000,168.574715,0.000000,213.091922
6785,6782.489349,0.000000,45.000000,170.078893,0.000000,189.777159
6793,6782.489349,0.000000,45.000000,174.090035,0.000000,127.604457
6794,6782.489349,0.000000,45.000000,174.591428,0.000000,119.832869
6800,6782.489349,0.000000,45.000000,177.599784,0.000000,73.203343
6804,6782.489349,0.000000,45.000000,179.605355,0.000000,42.116992
6805,6782.489349,0.000000,45.000000,180.106748,0.000000,34.345404
6807,6782.489349,0.000000,45.000000,181.109534,0.000000,18.802228
6809,6782.489349,0.000000,45.000000,182.112319,0.000000,3.259053
6812,6782.489349,0.000000,45.000000,183.616497,0.000000,339.944290
6816,6782.489349,0.000000,45.000000,185.622068,0.000000,308.857939
6819,6782.489349,0.000000,45.000000,187.126247,0.000000,285.543175
6820,6782.489349,0.000000,45.000000,187.627640,0.000000,277.771588
6823,6782.489349,0.000000,45.000000,189.131818,0.000000,254.456825
6825,6782.489349,0.000000,45.000000,190.134603,0.000000,238.913649
6826,6782.489349,0.000000,45.000000,190.635996,0.000000,231.142061
6828,6782.489349,0.000000,45.000000,191.638782,0.000000,215.598886
6829,6782.489349,0.000000,45.000000,192.140174,0.000000,207.827298
6830,6782.489349,0.000000,45.000000,192.641567,0.000000,200.055710
6835,6782.489349,0.000000,45.000000,195.148531,0.000000,161.197772
6837,6782.489349,0.000000,45.000000,196.151316,0.000000,145.654596
6838,6782.489349,0.000000,45.000000,196.652709,0.000000,137.883008
6844,6782.489349,0.000000,45.000000,199.661066,0.000000,91.253482
6845,6782.489349,0.000000,45.000000,200.162458,0.000000,83.481894
6849,6782.489349,0.000000,45.000000,202.168029,0.000000,52.395543
6850,6782.489349,0.000000,45.000000,202.669422,0.000000,44.623955
6861,6782.489349,0.000000,45.000000,208.184743,0.000000,319.136490
6862,6782.489349,0.000000,45.000000,208.686135,0.000000,311.364903
6865,6782.489349,0.000000,45.000000,210.190314,0.000000,288.050139
6866,6782.489349,0.000000,45.000000,210.691706,0.000000,280.278552
6868,6782.489349,0.000000,45.000000,211.694492,0.000000,264.735376
6872,6782.489349,0.000000,45.000000,213.700063,0.000000,233.649025
6883,6782.489349,0.000000,45.000000,219.215383,0.000000,148.161560
6885,6782.489349,0.000000,45.000000,220.218169,0.000000,132.618384
6886,6782.489349,0.000000,45.000000,220.719562,0.000000,124.846797
6887,6782.489349,0.000000,45.000000,221.220954,0.000000,117.075209
6891,6782.489349,0.000000,45.000000,223.226525,0.000000,85.988858
6898,6782.489349,0.000000,45.000000,226.736275,0.000000,31.587744
6899,6782.489349,0.000000,45.000000,227.237667,0.000000,23.816156
6900,6782.489349,0.000000,45.000000,227.739060,0.000000,16.044568
6911,6782.489349,0.000000,45.000000,233.254380,0.000000,290.557103
6915,6782.489349,0.000000,45.000000,235.259951,0.000000,259.470752
6918,6782.489349,0.000000,45.000000,236.764130,0.000000,236.155989
6922,6782.489349,0.000000,45.000000,238.769701,0.000000,205.069638
6923,6782.489349,0.000000,45.000000,239.271094,0.000000,197.298050
6924,6782.489349,0.000000,45.000000,239.772486,0.000000,189.526462
6948,6782.489349,0.000000,45.000000,251.805912,0.000000,3.008357
6952,6782.489349,0.000000,45.000000,253.811484,0.000000,331.922006
6955,6782.489349,0.000000,45.000000,255.315662,0.000000,308.607242
6964,6782.489349,0.000000,45.000000,259.828197,0.000000,238.662953
6968,6782.489349,0.000000,45.000000,261.833768,0.000000,207.576602
6972,6782.489349,0.000000,45.000000,263.839339,0.000000,176.490251
6981,6782.489349,0.000000,45.000000,268.351873,0.000000,106.545961
6982,6782.489349,0.000000,45.000000,268.853266,0.000000,98.774373
6984,6782.489349,0.000000,45.000000,269.856052,0.000000,83.231198
6985,6782.489349,0.000000,45.000000,270.357445,0.000000,75.459610
6987,6782.489349,0.000000,45.000000,271.360230,0.000000,59.916435
7000,6782.489349,0.000000,45.000000,277.878336,0.000000,318.885794
7007,6782.489349,0.000000,45.000000,281.388085,0.000000,264.484680
7018,6782.489349,0.000000,45.000000,286.903406,0.000000,178.997214
7022,6782.489349,0.000000,45.000000,288.908977,0.000000,147.910864
7028,6782.489349,0.000000,45.000000,291.917333,0.000000,101.281337
7029,6782.489349,0.000000,45.000000,292.418726,0.000000,93.509749
7031,6782.489349,0.000000,45.000000,293.421511,0.000000,77.966574
7032,6782.489349,0.000000,45.000000,293.922904,0.000000,70.194986
7037,6782.489349,0.000000,45.000000,296.429868,0.000000,31.337047
7040,6782.489349,0.000000,45.000000,297.934046,0.000000,8.022284
7042,6782.489349,0.000000,45.000000,298.936832,0.000000,352.479109
7064,6782.489349,0.000000,45.000000,309.967472,0.000000,181.504178
7066,6782.489349,0.000000,45.000000,310.970258,0.000000,165.961003
7071,6782.489349,0.000000,45.000000,313.477222,0.000000,127.103064
7075,6782.489349,0.000000,45.000000,315.482793,0.000000,96.016713
7077,6782.489349,0.000000,45.000000,316.485578,0.000000,80.473538
7096,6782.489349,0.000000,45.000000,326.012041,0.000000,292.813370
7098,6782.489349,0.000000,45.000000,327.014826,0.000000,277.270195
7099,6782.489349,0.000000,45.000000,327.516219,0.000000,269.498607
7100,6782.489349,0.000000,45.000000,328.017612,0.000000,261.727019
7112,6782.489349,0.000000,45.000000,334.034325,0.000000,168.467967
7118,6782.489349,0.000000,45.000000,337.042681,0.000000,121.838440
7122,6782.489349,0.000000,45.000000,339.048252,0.000000,90.752089
7126,6782.489349,0.000000,45.000000,341.053823,0.000000,59.665738
7131,6782.489349,0.000000,45.000000,343.560787,0.000000,20.807799
7132,6782.489349,0.000000,45.000000,344.062180,0.000000,13.036212
7139,6782.489349,0.000000,45.000000,347.571929,0.000000,318.635097
7144,6782.489349,0.000000,45.000000,350.078893,0.000000,279.777159
7148,6782.489349,0.000000,45.000000,352.084464,0.000000,248.690808
7149,6782.489349,0.000000,45.000000,352.585857,0.000000,240.919220
7151,6782.489349,0.000000,45.000000,353.588642,0.000000,225.376045
7152,6782.489349,0.000000,45.000000,354.090035,0.000000,217.604457
7164,6782.489349,0.000000,45.000000,0.106748,0.000000,124.345404
7170,6782.489349,0.000000,45.000000,3.115105,0.000000,77.715877
7171,6782.489349,0.000000,45.000000,3.616497,0.000000,69.944290
7181,6782.489349,0.000000,41.000000,0.501393,0.000000,352.228412
7187,6782.489349,0.000000,41.000000,3.509749,0.000000,305.598886
7202,6782.489349,0.000000,41.000000,11.030641,0.000000,189.025070
7203,6782.489349,0.000000,41.000000,11.532033,0.000000,181.253482
7207,6782.489349,0.000000,41.000000,13.537604,0.000000,150.167131
7208,6782.489349,0.000000,41.000000,14.038997,0.000000,142.395543
7209,6782.489349,0.000000,41.000000,14.540390,0.000000,134.623955
7217,6782.489349,0.000000,41.000000,18.551532,0.000000,72.451253
7238,6782.489349,0.000000,41.000000,29.080780,0.000000,269.247911
7250,6782.489349,0.000000,41.000000,35.097493,0.000000,175.988858
7286,6782.489349,0.000000,41.000000,53.147632,0.000000,256.211699
7299,6782.489349,0.000000,41.000000,59.665738,0.000000,155.181058
7304,6782.489349,0.000000,41.000000,62.172702,0.000000,116.323120
7312,6782.489349,0.000000,41.000000,66.183844,0.000000,54.150418
7317,6782.489349,0.000000,41.000000,68.690808,0.000000,15.292479
7330,6782.489349,0.000000,41.000000,75.208914,0.000000,274.261838
7337,6782.489349,0.000000,41.000000,78.718663,0.000000,219.860724
7353,6782.489349,0.000000,41.000000,86.740947,0.000000,95.515320
7357,6782.489349,0.000000,41.000000,88.746518,0.000000,64.428969
7360,6782.489349,0.000000,41.000000,90.250696,0.000000,41.114206
7398,6782.489349,0.000000,41.000000,109.303621,0.000000,105.793872
7413,6782.489349,0.000000,41.000000,116.824513,0.000000,349.220056
7422,6782.489349,0.000000,41.000000,121.337047,0.000000,279.275766
7427,6782.489349,0.000000,41.000000,123.844011,0.000000,240.417827
7431,6782.489349,0.000000,41.000000,125.849582,0.000000,209.331476
7432,6782.489349,0.000000,41.000000,126.350975,0.000000,201.559889
7463,6782.489349,0.000000,41.000000,141.894150,0.000000,320.640669
7470,6782.489349,0.000000,41.000000,145.403900,0.000000,266.239554
7473,6782.489349,0.000000,41.000000,146.908078,0.000000,242.924791
7477,6782.489349,0.000000,41.000000,148.913649,0.000000,211.838440
7496,6782.489349,0.000000,41.000000,158.440111,0.000000,64.178273
7501,6782.489349,0.000000,41.000000,160.947075,0.000000,25.320334
7515,6782.489349,0.000000,41.000000,167.966574,0.000000,276.518106
7551,6782.489349,0.000000,41.000000,186.016713,0.000000,356.740947
7567,6782.489349,0.000000,41.000000,194.038997,0.000000,232.395543
7568,6782.489349,0.000000,41.000000,194.540390,0.000000,224.623955
7574,6782.489349,0.000000,41.000000,197.548747,0.000000,177.994429
7597,6782.489349,0.000000,41.000000,209.080780,0.000000,359.247911
7634,6782.489349,0.000000,41.000000,227.632312,0.000000,71.699164
7643,6782.489349,0.000000,41.000000,232.144847,0.000000,1.754875
7674,6782.489349,0.000000,41.000000,247.688022,0.000000,120.835655
7680,6782.489349,0.000000,41.000000,250.696379,0.000000,74.206128
7713,6782.489349,0.000000,41.000000,267.242340,0.000000,177.743733
7717,6782.489349,0.000000,41.000000,269.247911,0.000000,146.657382
7730,6782.489349,0.000000,41.000000,275.766017,0.000000,45.626741
7733,6782.489349,0.000000,41.000000,277.270195,0.000000,22.311978
7742,6782.489349,0.000000,41.000000,281.782730,0.000000,312.367688
7753,6782.489349,0.000000,41.000000,287.298050,0.000000,226.880223
7762,6782.489349,0.000000,41.000000,291.810585,0.000000,156.935933
7804,6782.489349,0.000000,41.000000,312.869081,0.000000,190.529248
7821,6782.489349,0.000000,41.000000,321.392758,0.000000,58.412256
7845,6782.489349,0.000000,41.000000,333.426184,0.000000,231.894150
7869,6782.489349,0.000000,41.000000,345.459610,0.000000,45.376045
7878,6782.489349,0.000000,41.000000,349.972145,0.000000,335.431755
7884,6782.489349,0.000000,41.000000,352.980501,0.000000,288.802228
7908,6782.489349,0.000000,41.000000,5.013928,0.000000,102.284123
7909,6782.489349,0.000000,41.000000,5.515320,0.000000,94.512535
7913,6782.489349,0.000000,41.000000,7.520891,0.000000,63.426184
7958,6782.489349,0.000000,41.000000,30.083565,0.000000,73.704735
7959,6782.489349,0.000000,41.000000,30.584958,0.000000,65.933148
7960,6782.489349,0.000000,41.000000,31.086351,0.000000,58.161560
7973,6782.489349,0.000000,41.000000,37.604457,0.000000,317.130919
7998,6782.489349,0.000000,41.000000,50.139276,0.000000,122.841226
8048,6782.489349,0.000000,41.000000,75.208914,0.000000,94.261838
8063,6782.489349,0.000000,41.000000,82.729805,0.000000,337.688022
8065,6782.489349,0.000000,41.000000,83.732591,0.000000,322.144847
8075,6782.489349,0.000000,41.000000,88.746518,0.000000,244.428969
8119,6782.489349,0.000000,41.000000,110.807799,0.000000,262.479109
8124,6782.489349,0.000000,41.000000,113.314763,0.000000,223.621170
8160,6782.489349,0.000000,41.000000,131.364903,0.000000,303.844011
8185,6782.489349,0.000000,41.000000,143.899721,0.000000,109.554318
8244,6782.489349,0.000000,41.000000,173.481894,0.000000,11.030641
8245,6782.489349,0.000000,41.000000,173.983287,0.000000,3.259053
8247,6782.489349,0.000000,41.000000,174.986072,0.000000,347.715877
8254,6782.489349,0.000000,41.000000,178.495822,0.000000,293.314763
8271,6782.489349,0.000000,41.000000,187.019499,0.000000,161.197772
8287,6782.489349,0.000000,41.000000,195.041783,0.000000,36.852368
8316,6782.489349,0.000000,41.000000,209.582173,0.000000,171.476323
8335,6782.489349,0.000000,41.000000,219.108635,0.000000,23.816156
8338,6782.489349,0.000000,41.000000,220.612813,0.000000,0.501393
8389,6782.489349,0.000000,41.000000,246.183844,0.000000,324.150418
8394,6782.489349,0.000000,41.000000,248.690808,0.000000,285.292479
8427,6782.489349,0.000000,41.000000,265.236769,0.000000,28.830084
8429,6782.489349,0.000000,41.000000,266.239554,0.000000,13.286908
8439,6782.489349,0.000000,41.000000,271.253482,0.000000,295.571031
8473,6782.489349,0.000000,41.000000,288.300836,0.000000,31.337047
8480,6782.489349,0.000000,41.000000,291.810585,0.000000,336.935933
8487,6782.489349,0.000000,41.000000,295.320334,0.000000,282.534819
8490,6782.489349,0.000000,41.000000,296.824513,0.000000,259.220056
8510,6782.489349,0.000000,41.000000,306.852368,0.000000,103.788301
8512,6782.489349,0.000000,41.000000,307.855153,0.000000,88.245125
8525,6782.489349,0.000000,41.000000,314.373259,0.000000,347.214485
8526,6782.489349,0.000000,41.000000,314.874652,0.000000,339.442897
8527,6782.489349,0.000000,41.000000,315.376045,0.000000,331.671309
8530,6782.489349,0.000000,41.000000,316.880223,0.000000,308.356546
8541,6782.489349,0.000000,41.000000,322.395543,0.000000,222.869081
8562,6782.489349,0.000000,41.000000,332.924791,0.000000,59.665738
8570,6782.489349,0.000000,41.000000,336.935933,0.000000,357.493036
8577,6782.489349,0.000000,41.000000,340.445682,0.000000,303.091922
8605,6782.489349,0.000000,41.000000,354.484680,0.000000,85.487465
