
Gurobi 13.0.2 (linux64) logging started Fri Jul 24 01:21:44 2026

Set parameter LogFile to value "/tmp/run_20260724_011651_pacific-3-blobs_alt400km_s1_i2_v10_gurobi.log"
Set parameter Method to value 1
Set parameter NodefileStart to value 4
Set parameter RINS to value 50
Gurobi Optimizer version 13.0.2 build v13.0.2rc1 (linux64 - "Debian GNU/Linux 13 (trixie)")

CPU model: Intel(R) Xeon(R) Platinum 8375C CPU @ 2.90GHz, instruction set [SSE2|AVX|AVX2|AVX512]
Thread count: 16 physical cores, 32 logical processors, using up to 32 threads

Non-default parameters:
TimeLimit  14400
MIPGap  0.01
Method  1
LPWarmStart  1
Heuristics  0.2
MIPFocus  1
NodefileStart  4
RINS  50
Symmetry  2
Cuts  2
CoverCuts  2
LogToConsole  0

Academic license 2812613 - for non-commercial use only - registered to no___@gatech.edu
Optimize a model with 104828 rows, 35900 columns and 46952892 nonzeros (Min)
Model fingerprint: 0x44f21acc
Model has 35900 linear objective coefficients
Variable types: 0 continuous, 35900 integer (35900 binary)
Coefficient statistics:
  Matrix range     [1e+00, 1e+00]
  Objective range  [1e+00, 1e+00]
  Bounds range     [1e+00, 1e+00]
  RHS range        [1e+00, 1e+00]

Found heuristic solution: objective 253.0000000
Presolve removed 0 rows and 0 columns (presolve time = 5s)...
Presolve removed 0 rows and 0 columns (presolve time = 11s)...
Presolve removed 0 rows and 0 columns (presolve time = 18s)...
Presolve removed 0 rows and 0 columns (presolve time = 21s)...
Presolve removed 0 rows and 0 columns (presolve time = 25s)...
Presolve removed 0 rows and 0 columns (presolve time = 31s)...
Presolve removed 0 rows and 0 columns (presolve time = 37s)...
Presolve removed 0 rows and 0 columns (presolve time = 40s)...
Presolve removed 0 rows and 0 columns (presolve time = 48s)...
Presolve removed 0 rows and 0 columns (presolve time = 50s)...
Presolve removed 0 rows and 0 columns (presolve time = 56s)...
Presolve removed 0 rows and 0 columns (presolve time = 60s)...
Presolve removed 0 rows and 0 columns (presolve time = 65s)...
Presolve removed 0 rows and 0 columns (presolve time = 73s)...
Presolve removed 0 rows and 0 columns (presolve time = 79s)...
Presolve removed 0 rows and 0 columns (presolve time = 80s)...
Presolve removed 0 rows and 0 columns (presolve time = 91s)...
Presolve removed 0 rows and 0 columns (presolve time = 95s)...
Presolve removed 0 rows and 0 columns (presolve time = 100s)...
Presolve removed 0 rows and 0 columns (presolve time = 105s)...
Presolve removed 0 rows and 0 columns (presolve time = 110s)...
Presolve removed 0 rows and 0 columns (presolve time = 115s)...
Presolve removed 0 rows and 0 columns (presolve time = 120s)...
Presolve removed 0 rows and 0 columns (presolve time = 125s)...
Presolve removed 0 rows and 0 columns (presolve time = 130s)...
Presolve removed 0 rows and 0 columns (presolve time = 135s)...
Presolve removed 0 rows and 0 columns (presolve time = 140s)...
Presolve removed 0 rows and 0 columns (presolve time = 145s)...
Presolve removed 0 rows and 0 columns (presolve time = 150s)...
Presolve removed 0 rows and 0 columns (presolve time = 155s)...
Presolve removed 0 rows and 0 columns (presolve time = 160s)...
Presolve removed 0 rows and 0 columns (presolve time = 165s)...
Presolve removed 0 rows and 0 columns (presolve time = 170s)...
Presolve removed 0 rows and 0 columns (presolve time = 175s)...
Presolve removed 0 rows and 0 columns (presolve time = 180s)...
Presolve removed 0 rows and 0 columns (presolve time = 185s)...
Presolve removed 0 rows and 0 columns (presolve time = 190s)...
Presolve removed 0 rows and 0 columns (presolve time = 195s)...
Presolve removed 0 rows and 0 columns (presolve time = 200s)...
Presolve removed 0 rows and 0 columns (presolve time = 205s)...
Presolve removed 0 rows and 0 columns (presolve time = 210s)...
Presolve removed 0 rows and 0 columns (presolve time = 215s)...
Presolve removed 0 rows and 0 columns (presolve time = 220s)...
Presolve removed 0 rows and 0 columns (presolve time = 225s)...
Presolve removed 0 rows and 0 columns (presolve time = 230s)...
Presolve removed 0 rows and 0 columns (presolve time = 235s)...
Presolve removed 0 rows and 0 columns (presolve time = 240s)...
Presolve removed 0 rows and 0 columns (presolve time = 245s)...
Presolve removed 0 rows and 0 columns (presolve time = 250s)...
Presolve removed 0 rows and 0 columns (presolve time = 255s)...
Presolve removed 0 rows and 0 columns (presolve time = 260s)...
Presolve removed 0 rows and 0 columns (presolve time = 265s)...
Presolve removed 0 rows and 0 columns (presolve time = 270s)...
Presolve removed 0 rows and 0 columns (presolve time = 275s)...
Presolve removed 0 rows and 0 columns (presolve time = 280s)...
Presolve removed 0 rows and 0 columns (presolve time = 285s)...
Presolve removed 0 rows and 0 columns (presolve time = 290s)...
Presolve removed 0 rows and 0 columns (presolve time = 295s)...
Presolve removed 0 rows and 0 columns (presolve time = 300s)...
Presolve removed 0 rows and 0 columns (presolve time = 305s)...
Presolve removed 0 rows and 0 columns (presolve time = 310s)...
Presolve removed 0 rows and 0 columns (presolve time = 315s)...
Presolve removed 0 rows and 0 columns (presolve time = 320s)...
Presolve removed 0 rows and 0 columns (presolve time = 325s)...
Presolve removed 0 rows and 0 columns (presolve time = 330s)...
Presolve removed 0 rows and 0 columns (presolve time = 335s)...
Presolve removed 0 rows and 0 columns (presolve time = 340s)...
Presolve removed 0 rows and 0 columns (presolve time = 345s)...
Presolve removed 0 rows and 0 columns (presolve time = 350s)...
Presolve removed 0 rows and 0 columns (presolve time = 355s)...
Presolve removed 0 rows and 0 columns (presolve time = 360s)...
Presolve removed 0 rows and 0 columns (presolve time = 365s)...
Presolve removed 0 rows and 0 columns (presolve time = 370s)...
Presolve removed 0 rows and 0 columns (presolve time = 375s)...
Presolve removed 0 rows and 0 columns (presolve time = 380s)...
Presolve removed 0 rows and 0 columns (presolve time = 385s)...
Presolve removed 0 rows and 0 columns (presolve time = 390s)...
Presolve removed 0 rows and 0 columns (presolve time = 395s)...
Presolve removed 0 rows and 0 columns (presolve time = 400s)...
Presolve removed 0 rows and 0 columns (presolve time = 405s)...
Presolve removed 0 rows and 0 columns (presolve time = 410s)...
Presolve removed 0 rows and 0 columns (presolve time = 415s)...
Presolve removed 0 rows and 0 columns (presolve time = 420s)...
Presolve removed 0 rows and 0 columns (presolve time = 425s)...
Presolve removed 0 rows and 0 columns (presolve time = 430s)...
Presolve removed 0 rows and 0 columns (presolve time = 435s)...
Presolve removed 0 rows and 0 columns (presolve time = 440s)...
Presolve removed 0 rows and 0 columns (presolve time = 445s)...
Presolve removed 0 rows and 0 columns (presolve time = 450s)...
Presolve removed 0 rows and 0 columns (presolve time = 459s)...
Presolve time: 458.58s
Presolved: 104828 rows, 35900 columns, 46952892 nonzeros
Variable types: 0 continuous, 35900 integer (35900 binary)

Root simplex log...

Iteration    Objective       Primal Inf.    Dual Inf.      Time
       0    0.0000000e+00   1.048280e+05   0.000000e+00    465s
Warning: Markowitz tolerance tightened to 0.03125
    1891    4.8250528e+01   1.851971e+10   0.000000e+00    470s
Warning: Markowitz tolerance tightened to 0.5
    2619    5.0467188e+01   3.265429e+10   0.000000e+00    476s
    3165    5.1270612e+01   2.445112e+08   0.000000e+00    481s
    3711    5.1935716e+01   2.577402e+08   0.000000e+00    486s
    4098    5.2345814e+01   5.121434e+09   0.000000e+00    491s
    4549    5.2698573e+01   1.079109e+08   0.000000e+00    496s
    5023    5.2975972e+01   1.579404e+09   0.000000e+00    501s
    5528    5.3222004e+01   6.400948e+07   0.000000e+00    508s
    5799    5.3407146e+01   5.710622e+06   0.000000e+00    511s
    6075    5.3563570e+01   7.219683e+07   0.000000e+00    515s
    6632    5.3881541e+01   5.253976e+07   0.000000e+00    523s
    6920    5.4049821e+01   7.387596e+07   0.000000e+00    527s
    7210    5.4187539e+01   3.521290e+08   0.000000e+00    531s
    7534    5.4308733e+01   1.196915e+09   0.000000e+00    535s
    8258    5.4464869e+01   2.119090e+08   0.000000e+00    545s
    8623    5.4557387e+01   1.258368e+08   0.000000e+00    550s
    9370    5.4712166e+01   8.298378e+07   0.000000e+00    560s
    9770    5.4816272e+01   1.522248e+08   0.000000e+00    565s
   10180    5.4932677e+01   8.605358e+06   0.000000e+00    571s
   10610    5.5044185e+01   4.094828e+07   0.000000e+00    578s
   11038    5.5134386e+01   2.605569e+07   0.000000e+00    585s
   11398    5.5189017e+01   3.606232e+06   0.000000e+00    590s
   11838    5.5272162e+01   3.917288e+08   0.000000e+00    596s
   12338    5.5330567e+01   3.370683e+08   0.000000e+00    603s
   12688    5.5373321e+01   1.381058e+09   0.000000e+00    608s
   12968    5.5425567e+01   1.553141e+08   0.000000e+00    613s
   13228    5.5471006e+01   3.652006e+06   0.000000e+00    617s
   13488    5.5518858e+01   7.050575e+06   0.000000e+00    621s
   13858    5.5579748e+01   5.119941e+07   0.000000e+00    627s
   14148    5.5647808e+01   1.835877e+06   0.000000e+00    631s
   14408    5.5697056e+01   3.716194e+07   0.000000e+00    636s
   14868    5.5783407e+01   4.886185e+06   0.000000e+00    643s
   15088    5.5828441e+01   1.879398e+07   0.000000e+00    647s
   15308    5.5877401e+01   2.562549e+06   0.000000e+00    650s
   15738    5.5966276e+01   2.375476e+06   0.000000e+00    658s
   15958    5.6016578e+01   7.177036e+06   0.000000e+00    661s
   16398    5.6090329e+01   2.254658e+07   0.000000e+00    668s
   16618    5.6128003e+01   4.034637e+07   0.000000e+00    672s
   16828    5.6169623e+01   2.034200e+06   0.000000e+00    676s
   17238    5.6251525e+01   1.488967e+06   0.000000e+00    683s
   17458    5.6290385e+01   2.100818e+07   0.000000e+00    687s
   17668    5.6327425e+01   6.944826e+06   0.000000e+00    691s
   18058    5.6417066e+01   6.992958e+05   0.000000e+00    698s
   18268    5.6446441e+01   3.350562e+07   0.000000e+00    701s
   18468    5.6471790e+01   4.999497e+06   0.000000e+00    705s
   18868    5.6554421e+01   2.752612e+07   0.000000e+00    712s
   19068    5.6592585e+01   1.469090e+07   0.000000e+00    716s
   19478    5.6673466e+01   1.062478e+08   0.000000e+00    723s
   19678    5.6711887e+01   7.560168e+06   0.000000e+00    727s
   19868    5.6743496e+01   4.181814e+06   0.000000e+00    730s
   20268    5.6808397e+01   2.210037e+07   0.000000e+00    738s
   20468    5.6850419e+01   4.190447e+06   0.000000e+00    741s
   20858    5.6927949e+01   4.128879e+06   0.000000e+00    748s
   21068    5.6966748e+01   4.863898e+06   0.000000e+00    752s
   21268    5.7003626e+01   2.212904e+06   0.000000e+00    756s
   21658    5.7059921e+01   1.231830e+07   0.000000e+00    763s
   21858    5.7093993e+01   3.639207e+07   0.000000e+00    767s
   22048    5.7124046e+01   1.345611e+06   0.000000e+00    770s
   22448    5.7183331e+01   3.353533e+06   0.000000e+00    778s
   22648    5.7208915e+01   5.633411e+06   0.000000e+00    781s
   22848    5.7232163e+01   7.825729e+06   0.000000e+00    785s
   23228    5.7280960e+01   2.951965e+06   0.000000e+00    792s
   23418    5.7305044e+01   2.443017e+06   0.000000e+00    796s
   23818    5.7363665e+01   2.408233e+06   0.000000e+00    803s
   24018    5.7385371e+01   3.874752e+06   0.000000e+00    807s
   24208    5.7408625e+01   2.015832e+07   0.000000e+00    811s
   24608    5.7465852e+01   2.117075e+06   0.000000e+00    818s
   24798    5.7496143e+01   6.314186e+07   0.000000e+00    822s
   24988    5.7521548e+01   2.593614e+06   0.000000e+00    825s
   25388    5.7563846e+01   5.369462e+06   0.000000e+00    833s
   25578    5.7583218e+01   9.889887e+06   0.000000e+00    836s
   25968    5.7628171e+01   3.539481e+06   0.000000e+00    844s
   26158    5.7652023e+01   4.141727e+05   0.000000e+00    847s
   26358    5.7676758e+01   3.366433e+07   0.000000e+00    851s
   26758    5.7735512e+01   7.574500e+06   0.000000e+00    858s
   26948    5.7756574e+01   5.152407e+06   0.000000e+00    862s
   27138    5.7784353e+01   5.723674e+06   0.000000e+00    866s
   27518    5.7823772e+01   1.361532e+07   0.000000e+00    873s
   27718    5.7844174e+01   2.357491e+06   0.000000e+00    877s
   27908    5.7862525e+01   1.061148e+06   0.000000e+00    880s
   28288    5.7899913e+01   2.251447e+06   0.000000e+00    887s
   28478    5.7916367e+01   3.889978e+07   0.000000e+00    891s
   28858    5.7946333e+01   2.283938e+06   0.000000e+00    898s
   29048    5.7968449e+01   2.150821e+06   0.000000e+00    902s
   29238    5.7985017e+01   8.617802e+06   0.000000e+00    906s
   29628    5.8019977e+01   3.264654e+06   0.000000e+00    913s
   29818    5.8040351e+01   1.379600e+07   0.000000e+00    917s
   30018    5.8053551e+01   5.564077e+06   0.000000e+00    920s
   30408    5.8082748e+01   7.935306e+06   0.000000e+00    928s
   30608    5.8099882e+01   9.426212e+06   0.000000e+00    932s
   30798    5.8114430e+01   3.018576e+07   0.000000e+00    935s
   31198    5.8145846e+01   3.408453e+06   0.000000e+00    943s
   31388    5.8163821e+01   8.042048e+07   0.000000e+00    946s
   31578    5.8180781e+01   1.292638e+06   0.000000e+00    950s
   31948    5.8211366e+01   8.833529e+06   0.000000e+00    957s
   32138    5.8231393e+01   8.351908e+06   0.000000e+00    961s
   32518    5.8263670e+01   1.247950e+06   0.000000e+00    968s
   32718    5.8279355e+01   2.662576e+06   0.000000e+00    972s
   32908    5.8293724e+01   1.241470e+06   0.000000e+00    976s
   33298    5.8320588e+01   7.904216e+06   0.000000e+00    983s
   33488    5.8337918e+01   2.901333e+06   0.000000e+00    987s
   33678    5.8351100e+01   6.047992e+05   0.000000e+00    990s
   34058    5.8380600e+01   6.958622e+05   0.000000e+00    998s
   34238    5.8400400e+01   5.635986e+05   0.000000e+00   1001s
   34428    5.8415478e+01   5.967224e+07   0.000000e+00   1005s
   34818    5.8452098e+01   9.048770e+06   0.000000e+00   1012s
   35008    5.8468864e+01   4.206072e+05   0.000000e+00   1016s
   35388    5.8501739e+01   3.141350e+06   0.000000e+00   1024s
   35578    5.8514311e+01   2.713073e+06   0.000000e+00   1027s
   35758    5.8527850e+01   2.061045e+07   0.000000e+00   1031s
   36128    5.8558830e+01   3.148162e+05   0.000000e+00   1038s
   36308    5.8572144e+01   4.860058e+06   0.000000e+00   1042s
   36498    5.8587683e+01   9.513611e+05   0.000000e+00   1045s
   36868    5.8615150e+01   4.052727e+06   0.000000e+00   1053s
   37058    5.8627925e+01   5.702747e+06   0.000000e+00   1056s
   37248    5.8641222e+01   3.863856e+06   0.000000e+00   1060s
   37618    5.8669627e+01   7.262553e+06   0.000000e+00   1067s
   37798    5.8683317e+01   3.033523e+06   0.000000e+00   1071s
   38178    5.8707239e+01   1.790990e+07   0.000000e+00   1078s
   38368    5.8722503e+01   6.277573e+05   0.000000e+00   1082s
   38558    5.8737270e+01   4.245622e+06   0.000000e+00   1086s
   38938    5.8767816e+01   6.617747e+05   0.000000e+00   1093s
   39128    5.8779314e+01   2.316121e+06   0.000000e+00   1097s
   39308    5.8793037e+01   3.994722e+07   0.000000e+00   1101s
   39698    5.8824476e+01   1.981073e+06   0.000000e+00   1108s
   39888    5.8836418e+01   1.872248e+06   0.000000e+00   1112s
   40078    5.8847244e+01   6.350621e+05   0.000000e+00   1115s
   40458    5.8873258e+01   5.513408e+07   0.000000e+00   1123s
   40648    5.8885785e+01   1.064138e+06   0.000000e+00   1126s
   41038    5.8909181e+01   1.086049e+06   0.000000e+00   1134s
   41228    5.8922806e+01   5.880803e+06   0.000000e+00   1137s
   41418    5.8931948e+01   2.741427e+05   0.000000e+00   1141s
   41808    5.8949879e+01   7.352059e+07   0.000000e+00   1148s
   41998    5.8959420e+01   1.037271e+07   0.000000e+00   1152s
   42188    5.8969340e+01   2.385749e+06   0.000000e+00   1155s
   42568    5.8992338e+01   1.494921e+06   0.000000e+00   1163s
   42758    5.9001268e+01   4.402232e+07   0.000000e+00   1167s
   42948    5.9009790e+01   2.634688e+06   0.000000e+00   1170s
   43338    5.9032827e+01   9.183473e+06   0.000000e+00   1178s
   43528    5.9044353e+01   2.206272e+07   0.000000e+00   1181s
   43718    5.9053175e+01   1.155938e+06   0.000000e+00   1185s
   44098    5.9072992e+01   1.109912e+06   0.000000e+00   1193s
   44288    5.9081660e+01   1.439445e+07   0.000000e+00   1196s
   44478    5.9094656e+01   8.353682e+05   0.000000e+00   1200s
   44858    5.9116781e+01   2.755611e+06   0.000000e+00   1207s
   45048    5.9128161e+01   1.495551e+07   0.000000e+00   1211s
   45418    5.9151855e+01   6.339720e+06   0.000000e+00   1219s
   45608    5.9161164e+01   1.069023e+08   0.000000e+00   1222s
   45798    5.9168307e+01   4.726087e+06   0.000000e+00   1226s
   46178    5.9184615e+01   1.197817e+07   0.000000e+00   1234s
   46368    5.9190999e+01   2.498252e+06   0.000000e+00   1237s
   46558    5.9197988e+01   3.700764e+06   0.000000e+00   1241s
   46948    5.9213949e+01   5.795176e+07   0.000000e+00   1248s
   47138    5.9222234e+01   1.690474e+06   0.000000e+00   1252s
   47328    5.9233991e+01   2.797815e+06   0.000000e+00   1256s
   47718    5.9250625e+01   9.595525e+06   0.000000e+00   1263s
   47908    5.9257819e+01   1.301838e+07   0.000000e+00   1267s
   48098    5.9263938e+01   4.979527e+06   0.000000e+00   1270s
   48458    5.9282424e+01   2.365935e+06   0.000000e+00   1278s
   48648    5.9292187e+01   2.782961e+06   0.000000e+00   1281s
   48838    5.9300100e+01   2.081697e+06   0.000000e+00   1285s
   49218    5.9315496e+01   3.641799e+06   0.000000e+00   1293s
   49408    5.9323463e+01   1.694059e+07   0.000000e+00   1296s
   49598    5.9330857e+01   7.902215e+06   0.000000e+00   1300s
   49978    5.9344244e+01   7.841139e+06   0.000000e+00   1308s
   50178    5.9349047e+01   1.689437e+06   0.000000e+00   1311s
   50558    5.9363533e+01   3.599717e+06   0.000000e+00   1319s
   50748    5.9370010e+01   1.227916e+06   0.000000e+00   1322s
   50938    5.9377342e+01   4.083228e+06   0.000000e+00   1326s
   51318    5.9393113e+01   1.653474e+06   0.000000e+00   1333s
   51508    5.9400382e+01   8.134557e+06   0.000000e+00   1337s
   51698    5.9407384e+01   5.110007e+06   0.000000e+00   1341s
   52078    5.9423586e+01   1.686668e+06   0.000000e+00   1348s
   52268    5.9430595e+01   1.451016e+06   0.000000e+00   1352s
   52468    5.9438505e+01   3.256454e+06   0.000000e+00   1355s
   52878    5.9452090e+01   2.573313e+06   0.000000e+00   1363s
   53078    5.9459551e+01   9.567279e+05   0.000000e+00   1367s
   53268    5.9465968e+01   4.156293e+06   0.000000e+00   1370s
   53668    5.9477881e+01   7.348998e+06   0.000000e+00   1378s
   53868    5.9483289e+01   1.551657e+06   0.000000e+00   1381s
   54058    5.9491016e+01   2.782209e+06   0.000000e+00   1385s
   54448    5.9505372e+01   8.547931e+05   0.000000e+00   1393s
   54638    5.9512334e+01   2.342242e+07   0.000000e+00   1397s
   54828    5.9517829e+01   1.876676e+06   0.000000e+00   1400s
   55218    5.9531528e+01   1.262163e+06   0.000000e+00   1408s
   55418    5.9538240e+01   9.559453e+06   0.000000e+00   1411s
   55608    5.9545426e+01   3.065305e+06   0.000000e+00   1415s
   55998    5.9556615e+01   2.860110e+05   0.000000e+00   1422s
   56188    5.9563434e+01   8.554483e+06   0.000000e+00   1426s
   56598    5.9574642e+01   8.624313e+06   0.000000e+00   1434s
   56808    5.9580433e+01   2.208252e+07   0.000000e+00   1437s
   57008    5.9585586e+01   2.232777e+07   0.000000e+00   1441s
   57398    5.9596687e+01   1.721970e+06   0.000000e+00   1448s
   57588    5.9600797e+01   1.658225e+06   0.000000e+00   1452s
   57778    5.9606207e+01   1.049028e+06   0.000000e+00   1456s
   58168    5.9614367e+01   1.832143e+05   0.000000e+00   1463s
   58368    5.9620156e+01   4.229187e+06   0.000000e+00   1467s
   58558    5.9623886e+01   6.090252e+06   0.000000e+00   1470s
   58958    5.9635003e+01   6.728012e+05   0.000000e+00   1478s
   59158    5.9641282e+01   2.611644e+05   0.000000e+00   1482s
   59348    5.9648146e+01   6.604737e+05   0.000000e+00   1485s
   59718    5.9662878e+01   1.027834e+07   0.000000e+00   1493s
   59908    5.9670457e+01   1.970853e+06   0.000000e+00   1497s
   60088    5.9677577e+01   4.235115e+06   0.000000e+00   1500s
   60468    5.9690386e+01   6.262016e+05   0.000000e+00   1508s
   60658    5.9696039e+01   2.178554e+06   0.000000e+00   1511s
   60858    5.9701319e+01   3.669425e+06   0.000000e+00   1515s
   61248    5.9712949e+01   2.664453e+06   0.000000e+00   1523s
   61448    5.9718872e+01   2.839659e+07   0.000000e+00   1527s
   61638    5.9724012e+01   1.121013e+06   0.000000e+00   1530s
   62038    5.9732852e+01   1.904757e+06   0.000000e+00   1538s
   62228    5.9738088e+01   5.203383e+06   0.000000e+00   1542s
   62418    5.9744159e+01   6.841711e+05   0.000000e+00   1545s
   62808    5.9755013e+01   2.854891e+05   0.000000e+00   1553s
   62998    5.9759559e+01   2.981149e+06   0.000000e+00   1557s
   63188    5.9763784e+01   4.860917e+06   0.000000e+00   1560s
   63568    5.9773587e+01   4.125225e+05   0.000000e+00   1568s
   63758    5.9777773e+01   5.219908e+06   0.000000e+00   1571s
   63948    5.9781622e+01   3.376627e+06   0.000000e+00   1575s
   64338    5.9790673e+01   1.083728e+06   0.000000e+00   1583s
   64538    5.9794940e+01   5.255621e+06   0.000000e+00   1586s
   64918    5.9805606e+01   4.973039e+06   0.000000e+00   1594s
   65108    5.9811328e+01   2.701035e+06   0.000000e+00   1597s
   65308    5.9815958e+01   2.141885e+06   0.000000e+00   1601s
   65708    5.9824309e+01   8.268206e+05   0.000000e+00   1608s
   65908    5.9828623e+01   9.775134e+05   0.000000e+00   1612s
   66108    5.9832796e+01   6.365307e+05   0.000000e+00   1616s
   66518    5.9841735e+01   2.303353e+06   0.000000e+00   1623s
   66718    5.9846741e+01   3.646966e+06   0.000000e+00   1627s
   66908    5.9852422e+01   3.395599e+05   0.000000e+00   1631s
   67298    5.9864059e+01   2.369080e+06   0.000000e+00   1638s
   67498    5.9870459e+01   8.400788e+05   0.000000e+00   1642s
   67688    5.9875433e+01   2.960985e+06   0.000000e+00   1646s
   68068    5.9887741e+01   6.888043e+05   0.000000e+00   1653s
   68258    5.9893978e+01   1.687234e+05   0.000000e+00   1657s
   68448    5.9901065e+01   1.063548e+06   0.000000e+00   1661s
   68828    5.9912139e+01   1.468649e+07   0.000000e+00   1668s
   69018    5.9916072e+01   1.317657e+06   0.000000e+00   1672s
   69198    5.9921034e+01   8.489637e+05   0.000000e+00   1676s
   69588    5.9931087e+01   3.207227e+06   0.000000e+00   1683s
   69778    5.9935242e+01   1.514266e+06   0.000000e+00   1687s
   69968    5.9939898e+01   1.789397e+06   0.000000e+00   1691s
   70368    5.9948503e+01   7.875207e+05   0.000000e+00   1698s
   70568    5.9952842e+01   7.566928e+05   0.000000e+00   1702s
   70768    5.9957450e+01   1.260139e+07   0.000000e+00   1706s
   71168    5.9965707e+01   1.235824e+06   0.000000e+00   1713s
   71358    5.9970951e+01   5.289825e+07   0.000000e+00   1717s
   71558    5.9975026e+01   1.314192e+06   0.000000e+00   1721s
   71948    5.9984050e+01   2.029081e+06   0.000000e+00   1728s
   72148    5.9988542e+01   3.635583e+06   0.000000e+00   1732s
   72348    5.9994088e+01   1.381382e+06   0.000000e+00   1736s
   72748    6.0004141e+01   1.388865e+06   0.000000e+00   1743s
   72948    6.0008709e+01   2.234354e+06   0.000000e+00   1747s
   73148    6.0014137e+01   3.378890e+06   0.000000e+00   1750s
   73538    6.0022562e+01   2.646746e+06   0.000000e+00   1758s
   73718    6.0026560e+01   4.886766e+05   0.000000e+00   1761s
   73918    6.0031796e+01   1.401176e+06   0.000000e+00   1765s
   74298    6.0040708e+01   2.635014e+06   0.000000e+00   1773s
   74498    6.0044664e+01   8.565099e+05   0.000000e+00   1776s
   74688    6.0048105e+01   2.129508e+07   0.000000e+00   1780s
   75088    6.0058902e+01   3.181401e+06   0.000000e+00   1788s
   75288    6.0063326e+01   1.955920e+06   0.000000e+00   1791s
   75488    6.0066599e+01   3.208279e+06   0.000000e+00   1795s
   75888    6.0073498e+01   1.624428e+06   0.000000e+00   1803s
   76098    6.0079999e+01   1.887595e+07   0.000000e+00   1806s
   76298    6.0084465e+01   1.945800e+06   0.000000e+00   1810s
   76698    6.0092353e+01   1.833650e+06   0.000000e+00   1818s
   76888    6.0096240e+01   2.984630e+06   0.000000e+00   1821s
   77078    6.0101264e+01   2.137528e+06   0.000000e+00   1825s
   77438    6.0110482e+01   5.308449e+05   0.000000e+00   1832s
   77618    6.0117864e+01   7.480772e+05   0.000000e+00   1836s
   77988    6.0132254e+01   4.490840e+07   0.000000e+00   1844s
   78168    6.0140287e+01   1.558218e+06   0.000000e+00   1847s
   78358    6.0145905e+01   1.075106e+06   0.000000e+00   1851s
   78738    6.0153593e+01   7.070948e+05   0.000000e+00   1859s
   78928    6.0157796e+01   6.720844e+05   0.000000e+00   1862s
   79118    6.0162087e+01   1.108036e+06   0.000000e+00   1866s
   79508    6.0168923e+01   7.899445e+05   0.000000e+00   1874s
   79708    6.0172494e+01   2.582036e+07   0.000000e+00   1877s
   79898    6.0177061e+01   9.203969e+05   0.000000e+00   1881s
   80298    6.0187837e+01   9.591864e+05   0.000000e+00   1889s
   80498    6.0191315e+01   1.555568e+06   0.000000e+00   1892s
   80698    6.0196695e+01   8.316794e+05   0.000000e+00   1896s
   81088    6.0204989e+01   1.973178e+06   0.000000e+00   1903s
   81288    6.0208792e+01   1.652143e+06   0.000000e+00   1907s
   81478    6.0212691e+01   7.517784e+05   0.000000e+00   1911s
   81868    6.0219908e+01   1.833336e+06   0.000000e+00   1918s
   82058    6.0223996e+01   2.794797e+06   0.000000e+00   1922s
   82248    6.0229325e+01   1.454739e+06   0.000000e+00   1926s
   82638    6.0237788e+01   1.446496e+06   0.000000e+00   1933s
   82838    6.0241659e+01   4.902225e+05   0.000000e+00   1937s
   83038    6.0246532e+01   1.144063e+06   0.000000e+00   1941s
   83418    6.0254937e+01   1.056520e+06   0.000000e+00   1948s
   83608    6.0258582e+01   6.348458e+05   0.000000e+00   1952s
   83808    6.0262275e+01   1.368829e+06   0.000000e+00   1956s
   84188    6.0273221e+01   2.520175e+06   0.000000e+00   1963s
   84368    6.0279396e+01   1.332631e+06   0.000000e+00   1967s
   84558    6.0284698e+01   1.793452e+06   0.000000e+00   1971s
   84938    6.0295039e+01   3.579828e+06   0.000000e+00   1978s
   85128    6.0298979e+01   1.025625e+06   0.000000e+00   1982s
   85318    6.0303297e+01   3.074650e+06   0.000000e+00   1986s
   85698    6.0310815e+01   1.651467e+06   0.000000e+00   1994s
   85878    6.0314941e+01   9.097040e+05   0.000000e+00   1997s
   86068    6.0320939e+01   1.666577e+06   0.000000e+00   2001s
   86448    6.0329944e+01   1.209461e+06   0.000000e+00   2008s
   86638    6.0335313e+01   1.148242e+06   0.000000e+00   2012s
   86828    6.0341289e+01   1.559766e+06   0.000000e+00   2016s
   87198    6.0350544e+01   4.951973e+06   0.000000e+00   2024s
   87388    6.0354919e+01   1.072520e+06   0.000000e+00   2027s
   87588    6.0358645e+01   2.111489e+06   0.000000e+00   2031s
   87978    6.0364102e+01   1.125598e+05   0.000000e+00   2039s
   88178    6.0368122e+01   1.004961e+06   0.000000e+00   2042s
   88378    6.0371117e+01   9.150095e+05   0.000000e+00   2046s
   88578    6.0375319e+01   1.275821e+06   0.000000e+00   2050s
   88978    6.0382444e+01   6.579382e+05   0.000000e+00   2058s
   89168    6.0385570e+01   1.947005e+06   0.000000e+00   2061s
   89378    6.0388658e+01   9.868676e+05   0.000000e+00   2065s
   89758    6.0398410e+01   6.067249e+05   0.000000e+00   2073s
   89938    6.0401915e+01   5.152932e+05   0.000000e+00   2076s
   90128    6.0407171e+01   1.326409e+06   0.000000e+00   2080s
   90508    6.0415617e+01   1.026023e+06   0.000000e+00   2088s
   90698    6.0419782e+01   4.299856e+06   0.000000e+00   2091s
   90898    6.0424018e+01   8.475310e+05   0.000000e+00   2095s
   91298    6.0432014e+01   1.150272e+06   0.000000e+00   2103s
   91498    6.0436912e+01   2.213681e+06   0.000000e+00   2107s
   91698    6.0442028e+01   1.359880e+06   0.000000e+00   2110s
   92078    6.0450850e+01   2.087306e+06   0.000000e+00   2118s
   92258    6.0455730e+01   5.255307e+05   0.000000e+00   2122s
   92448    6.0460774e+01   3.356223e+05   0.000000e+00   2125s
   92828    6.0470464e+01   4.591204e+06   0.000000e+00   2133s
   93018    6.0473947e+01   1.130904e+06   0.000000e+00   2137s
   93208    6.0477382e+01   7.140301e+06   0.000000e+00   2140s
   93588    6.0486663e+01   2.209695e+06   0.000000e+00   2148s
   93778    6.0490784e+01   8.341540e+05   0.000000e+00   2152s
   93968    6.0494106e+01   3.030225e+06   0.000000e+00   2155s
   94348    6.0502445e+01   3.703249e+06   0.000000e+00   2163s
   94528    6.0506335e+01   1.946120e+06   0.000000e+00   2167s
   94718    6.0510444e+01   9.760421e+05   0.000000e+00   2170s
   95108    6.0518152e+01   9.869654e+05   0.000000e+00   2178s
   95298    6.0522379e+01   1.213091e+06   0.000000e+00   2182s
   95488    6.0526823e+01   7.093674e+05   0.000000e+00   2185s
   95868    6.0534114e+01   4.553667e+06   0.000000e+00   2193s
   96068    6.0538052e+01   1.676929e+06   0.000000e+00   2196s
   96268    6.0541593e+01   5.550392e+05   0.000000e+00   2200s
   96638    6.0549782e+01   1.963044e+06   0.000000e+00   2208s
   96818    6.0553800e+01   1.719235e+06   0.000000e+00   2212s
   97008    6.0558861e+01   6.024101e+05   0.000000e+00   2215s
   97388    6.0565921e+01   1.677184e+06   0.000000e+00   2223s
   97578    6.0569523e+01   5.212121e+05   0.000000e+00   2227s
   97768    6.0573507e+01   2.180158e+06   0.000000e+00   2230s
   98148    6.0581126e+01   5.342721e+06   0.000000e+00   2238s
   98338    6.0585013e+01   5.309586e+05   0.000000e+00   2241s
   98528    6.0587648e+01   2.522516e+06   0.000000e+00   2245s
   98918    6.0595000e+01   6.372283e+05   0.000000e+00   2253s
   99118    6.0598793e+01   1.318430e+06   0.000000e+00   2257s
   99308    6.0602069e+01   4.834614e+05   0.000000e+00   2260s
   99678    6.0608388e+01   6.504690e+05   0.000000e+00   2268s
   99878    6.0611521e+01   8.681300e+05   0.000000e+00   2271s
  100068    6.0614713e+01   1.085598e+06   0.000000e+00   2275s
  100458    6.0620916e+01   1.769930e+06   0.000000e+00   2283s
  100648    6.0623088e+01   1.154778e+06   0.000000e+00   2286s
  101058    6.0628207e+01   2.863926e+06   0.000000e+00   2294s
  101258    6.0631626e+01   3.084590e+05   0.000000e+00   2298s
  101448    6.0637057e+01   1.834672e+06   0.000000e+00   2301s
  101638    6.0641116e+01   5.720998e+05   0.000000e+00   2305s
  102028    6.0648102e+01   8.638316e+05   0.000000e+00   2313s
  102218    6.0651413e+01   1.199135e+06   0.000000e+00   2316s
  102608    6.0657247e+01   1.549149e+06   0.000000e+00   2324s
  102798    6.0660340e+01   1.596552e+06   0.000000e+00   2327s
  102988    6.0663691e+01   9.101159e+05   0.000000e+00   2331s
  103368    6.0672390e+01   7.284220e+05   0.000000e+00   2338s
  103558    6.0676214e+01   1.328537e+05   0.000000e+00   2342s
  103748    6.0680740e+01   1.706007e+06   0.000000e+00   2346s
  104138    6.0688217e+01   2.481537e+06   0.000000e+00   2353s
  104328    6.0691813e+01   5.948562e+06   0.000000e+00   2357s
  104528    6.0695329e+01   2.707159e+06   0.000000e+00   2361s
  104918    6.0701091e+01   8.899980e+05   0.000000e+00   2368s
  105108    6.0703419e+01   6.961126e+05   0.000000e+00   2372s
  105308    6.0706084e+01   1.672630e+06   0.000000e+00   2376s
  105698    6.0711928e+01   6.006839e+05   0.000000e+00   2383s
  105898    6.0714941e+01   5.029464e+05   0.000000e+00   2387s
  106088    6.0762936e+01   6.294931e+07   0.000000e+00   2391s
  106398    6.0911824e+01   6.014393e+06   0.000000e+00   2398s
  106548    6.0991148e+01   1.563820e+08   0.000000e+00   2402s
  106708    6.1053270e+01   4.713602e+06   0.000000e+00   2406s
  107008    6.1196939e+01   9.909001e+06   0.000000e+00   2414s
  107148    6.1260271e+01   2.179107e+07   0.000000e+00   2417s
  107288    6.1303377e+01   1.123091e+06   0.000000e+00   2421s
  107578    6.1407365e+01   2.772510e+08   0.000000e+00   2429s
  107728    6.1455878e+01   6.361640e+07   0.000000e+00   2433s
  107868    6.1511363e+01   9.413697e+05   0.000000e+00   2437s
  108008    6.1552720e+01   1.220567e+07   0.000000e+00   2441s
  108288    6.1636495e+01   1.470777e+08   0.000000e+00   2448s
  108418    6.1680641e+01   1.315632e+07   0.000000e+00   2452s
  108558    6.1721847e+01   1.100126e+07   0.000000e+00   2456s
  108688    6.1778787e+01   8.104745e+06   0.000000e+00   2460s
  108948    6.1859857e+01   1.963724e+08   0.000000e+00   2468s
  109078    6.1899990e+01   5.520215e+06   0.000000e+00   2472s
  109208    6.1953583e+01   3.925563e+06   0.000000e+00   2476s
  109498    6.2047291e+01   1.229611e+07   0.000000e+00   2484s
  109628    6.2107430e+01   3.777723e+06   0.000000e+00   2488s
  109758    6.2162390e+01   6.247355e+06   0.000000e+00   2492s
  109888    6.2203996e+01   6.189543e+06   0.000000e+00   2496s
  110018    6.2258375e+01   2.087334e+07   0.000000e+00   2500s
  110308    6.2369137e+01   8.709326e+05   0.000000e+00   2510s
  110448    6.2430470e+01   4.598923e+07   0.000000e+00   2514s
  110578    6.2473106e+01   1.811264e+07   0.000000e+00   2518s
  110698    6.2509244e+01   4.309519e+07   0.000000e+00   2522s
  110838    6.2550275e+01   7.117664e+06   0.000000e+00   2526s
  110978    6.2585255e+01   1.339981e+08   0.000000e+00   2531s
  111128    6.2628556e+01   9.612329e+05   0.000000e+00   2536s
  111258    6.2663984e+01   5.315609e+07   0.000000e+00   2540s
  111538    6.2764314e+01   5.984318e+07   0.000000e+00   2550s
  111688    6.2821380e+01   3.606640e+07   0.000000e+00   2554s
  111838    6.2865343e+01   1.106128e+06   0.000000e+00   2559s
  111988    6.2914612e+01   4.038164e+07   0.000000e+00   2564s
  112128    6.2959979e+01   1.849148e+07   0.000000e+00   2569s
  112268    6.3004551e+01   8.338512e+05   0.000000e+00   2574s
  112408    6.3050954e+01   1.075956e+07   0.000000e+00   2579s
  112558    6.3106620e+01   1.773101e+07   0.000000e+00   2584s
  112698    6.3161691e+01   1.660733e+08   0.000000e+00   2589s
  112838    6.3199445e+01   3.824847e+06   0.000000e+00   2594s
  112978    6.3237465e+01   1.133348e+07   0.000000e+00   2599s
  113118    6.3288675e+01   2.572347e+07   0.000000e+00   2604s
  113258    6.3336508e+01   9.781356e+05   0.000000e+00   2609s
  113398    6.3387610e+01   2.273206e+06   0.000000e+00   2614s
  113538    6.3439644e+01   1.475928e+07   0.000000e+00   2619s
  113678    6.3479419e+01   7.890086e+05   0.000000e+00   2624s
  113818    6.3527666e+01   6.832327e+07   0.000000e+00   2629s
  113958    6.3559851e+01   7.116880e+06   0.000000e+00   2634s
  114098    6.3612468e+01   2.905455e+06   0.000000e+00   2640s
  114228    6.3646444e+01   6.916758e+07   0.000000e+00   2644s
  114368    6.3691132e+01   1.997396e+06   0.000000e+00   2650s
  114498    6.3734947e+01   3.507550e+06   0.000000e+00   2655s
  114638    6.3782567e+01   2.445531e+07   0.000000e+00   2660s
  114768    6.3833687e+01   2.400933e+06   0.000000e+00   2665s
  114908    6.3878132e+01   1.446194e+07   0.000000e+00   2670s
  115038    6.3912045e+01   4.179212e+07   0.000000e+00   2675s
  115168    6.3943767e+01   1.061323e+08   0.000000e+00   2680s
  115298    6.3983362e+01   1.512212e+08   0.000000e+00   2685s
  115438    6.4008498e+01   7.468555e+06   0.000000e+00   2690s
  115568    6.4042276e+01   5.378613e+07   0.000000e+00   2695s
  115698    6.4071312e+01   1.183769e+07   0.000000e+00   2700s
  115828    6.4106478e+01   1.411890e+08   0.000000e+00   2706s
  115958    6.4147753e+01   2.622458e+07   0.000000e+00   2711s
  116088    6.4179933e+01   3.518399e+07   0.000000e+00   2716s
  116218    6.4210554e+01   3.489916e+07   0.000000e+00   2721s
  116348    6.4243099e+01   4.055852e+06   0.000000e+00   2726s
  116478    6.4269988e+01   2.221441e+07   0.000000e+00   2731s
  116608    6.4289875e+01   5.831708e+06   0.000000e+00   2737s
  116738    6.4317392e+01   2.058228e+07   0.000000e+00   2742s
  116878    6.4347686e+01   3.899148e+08   0.000000e+00   2747s
  117018    6.4385378e+01   9.713108e+05   0.000000e+00   2753s
  117148    6.4414821e+01   7.651329e+06   0.000000e+00   2758s
  117278    6.4440598e+01   5.530688e+06   0.000000e+00   2763s
  117408    6.4467471e+01   2.676080e+06   0.000000e+00   2769s
  117538    6.4500422e+01   3.702198e+07   0.000000e+00   2774s
  117668    6.4529524e+01   3.517478e+06   0.000000e+00   2779s
  117808    6.4554944e+01   4.789874e+06   0.000000e+00   2785s
  117938    6.4584558e+01   9.813244e+06   0.000000e+00   2790s
  118068    6.4613496e+01   2.177887e+08   0.000000e+00   2795s
  118198    6.4654145e+01   1.082497e+07   0.000000e+00   2801s
  118328    6.4691592e+01   5.256420e+06   0.000000e+00   2806s
  118458    6.4718906e+01   1.104803e+07   0.000000e+00   2812s
  118598    6.4755287e+01   4.853508e+06   0.000000e+00   2817s
  118728    6.4782920e+01   3.801843e+05   0.000000e+00   2823s
  118858    6.4809274e+01   1.263692e+08   0.000000e+00   2828s
  118988    6.4848342e+01   9.530867e+06   0.000000e+00   2834s
  119118    6.4880636e+01   1.328913e+07   0.000000e+00   2839s
  119248    6.4921129e+01   5.878377e+06   0.000000e+00   2845s
  119368    6.4946948e+01   1.743740e+06   0.000000e+00   2850s
  119488    6.4975851e+01   3.530750e+06   0.000000e+00   2855s
  119608    6.5001843e+01   6.610891e+05   0.000000e+00   2860s
  119728    6.5038662e+01   1.066807e+07   0.000000e+00   2865s
  119858    6.5079223e+01   6.078120e+05   0.000000e+00   2871s
  119988    6.5104669e+01   1.022168e+06   0.000000e+00   2876s
  120118    6.5130131e+01   1.505866e+06   0.000000e+00   2882s
  120258    6.5158902e+01   3.837504e+06   0.000000e+00   2888s
  120388    6.5186997e+01   6.816937e+07   0.000000e+00   2894s
  120528    6.5213533e+01   5.190717e+05   0.000000e+00   2899s
  120658    6.5239341e+01   1.351418e+07   0.000000e+00   2905s
  120788    6.5268600e+01   3.787310e+05   0.000000e+00   2911s
  120908    6.5297355e+01   2.569100e+05   0.000000e+00   2916s
  121038    6.5325437e+01   2.663376e+05   0.000000e+00   2922s
  121178    6.5353177e+01   5.368628e+06   0.000000e+00   2928s
  121308    6.5380289e+01   1.634243e+06   0.000000e+00   2934s
  121438    6.5416661e+01   2.327362e+05   0.000000e+00   2939s
  121558    6.5444358e+01   3.706508e+05   0.000000e+00   2945s
  121678    6.5472788e+01   1.601498e+06   0.000000e+00   2950s
  121798    6.5501320e+01   5.164511e+05   0.000000e+00   2955s
  121918    6.5528848e+01   2.071860e+07   0.000000e+00   2961s
  122048    6.5558305e+01   4.506101e+05   0.000000e+00   2966s
  122178    6.5587321e+01   4.529688e+06   0.000000e+00   2972s
  122308    6.5614104e+01   4.253453e+07   0.000000e+00   2978s
  122438    6.5637674e+01   7.092139e+05   0.000000e+00   2984s
  122568    6.5671424e+01   3.366900e+05   0.000000e+00   2989s
  122698    6.5705558e+01   3.271256e+07   0.000000e+00   2995s
  122828    6.5737582e+01   1.593724e+08   0.000000e+00   3001s
  122958    6.5765340e+01   4.237326e+06   0.000000e+00   3007s
  123098    6.5801088e+01   2.854591e+06   0.000000e+00   3013s
  123238    6.5826934e+01   5.697764e+05   0.000000e+00   3019s
  123378    6.5861155e+01   5.398477e+06   0.000000e+00   3025s
  123508    6.5886654e+01   3.718726e+05   0.000000e+00   3031s
  123638    6.5915151e+01   2.115941e+07   0.000000e+00   3037s
  123758    6.5948259e+01   2.139081e+06   0.000000e+00   3043s
  123878    6.5969403e+01   5.548576e+06   0.000000e+00   3048s
  123998    6.5996992e+01   1.914122e+06   0.000000e+00   3053s
  124128    6.6023823e+01   9.687351e+05   0.000000e+00   3059s
  124248    6.6047948e+01   4.977903e+06   0.000000e+00   3065s
  124378    6.6071891e+01   7.745432e+05   0.000000e+00   3071s
  124518    6.6108676e+01   1.306388e+06   0.000000e+00   3077s
  124648    6.6138774e+01   3.800650e+05   0.000000e+00   3083s
  124778    6.6172757e+01   9.976212e+05   0.000000e+00   3089s
  124898    6.6200709e+01   5.665802e+06   0.000000e+00   3094s
  125018    6.6231737e+01   1.378895e+06   0.000000e+00   3100s
  125138    6.6255961e+01   2.859462e+06   0.000000e+00   3105s
  125258    6.6274243e+01   1.069744e+06   0.000000e+00   3111s
  125378    6.6301755e+01   3.747337e+06   0.000000e+00   3116s
  125508    6.6321921e+01   3.322981e+05   0.000000e+00   3122s
  125638    6.6342526e+01   7.433716e+05   0.000000e+00   3128s
  125768    6.6370243e+01   1.119005e+06   0.000000e+00   3134s
  125888    6.6392443e+01   4.773733e+06   0.000000e+00   3139s
  126008    6.6413258e+01   3.594528e+06   0.000000e+00   3145s
  126138    6.6437832e+01   3.696490e+06   0.000000e+00   3151s
  126268    6.6468329e+01   3.153380e+06   0.000000e+00   3157s
  126408    6.6497152e+01   7.408733e+05   0.000000e+00   3164s
  126538    6.6526835e+01   6.426504e+06   0.000000e+00   3170s
  126658    6.6545711e+01   9.481333e+05   0.000000e+00   3175s
  126778    6.6569914e+01   3.792756e+06   0.000000e+00   3181s
  126908    6.6595616e+01   8.033193e+05   0.000000e+00   3187s
  127028    6.6624985e+01   1.202132e+05   0.000000e+00   3192s
  127148    6.6651499e+01   2.535055e+07   0.000000e+00   3198s
  127268    6.6676256e+01   2.797994e+05   0.000000e+00   3203s
  127388    6.6699270e+01   9.553478e+06   0.000000e+00   3209s
  127508    6.6714392e+01   4.749920e+05   0.000000e+00   3215s
  127628    6.6742194e+01   5.649742e+05   0.000000e+00   3220s
  127748    6.6766269e+01   3.175456e+07   0.000000e+00   3226s
  127868    6.6786026e+01   1.336033e+06   0.000000e+00   3231s
  127988    6.6807967e+01   2.249148e+06   0.000000e+00   3237s
  128118    6.6828944e+01   2.046728e+07   0.000000e+00   3243s
  128238    6.6846579e+01   1.810553e+05   0.000000e+00   3249s
  128358    6.6867193e+01   2.375992e+06   0.000000e+00   3255s
  128468    6.6886053e+01   8.377910e+04   0.000000e+00   3260s
  128598    6.6901826e+01   2.865838e+05   0.000000e+00   3266s
  128728    6.6920409e+01   2.989075e+05   0.000000e+00   3272s
  128858    6.6940266e+01   1.063575e+07   0.000000e+00   3278s
  128978    6.6956970e+01   5.658226e+06   0.000000e+00   3284s
  129108    6.6980710e+01   7.053973e+05   0.000000e+00   3290s
  129238    6.7000412e+01   3.292021e+06   0.000000e+00   3296s
  129368    6.7022665e+01   1.995621e+06   0.000000e+00   3302s
  129488    6.7043505e+01   1.785550e+07   0.000000e+00   3308s
  129618    6.7062798e+01   1.071047e+07   0.000000e+00   3314s
  129738    6.7076918e+01   1.226448e+06   0.000000e+00   3320s
  129848    6.7095897e+01   4.063741e+06   0.000000e+00   3325s
  129968    6.7112766e+01   2.373412e+06   0.000000e+00   3331s
  130098    6.7131258e+01   1.167118e+06   0.000000e+00   3337s
  130228    6.7153393e+01   2.454431e+05   0.000000e+00   3344s
  130358    6.7171779e+01   1.109370e+06   0.000000e+00   3350s
  130488    6.7189236e+01   3.744859e+06   0.000000e+00   3356s
  130618    6.7209765e+01   4.662887e+05   0.000000e+00   3362s
  130748    6.7224868e+01   9.056215e+07   0.000000e+00   3369s
  130878    6.7240353e+01   7.751081e+05   0.000000e+00   3375s
  131008    6.7253901e+01   5.325872e+06   0.000000e+00   3381s
  131138    6.7269380e+01   3.280143e+06   0.000000e+00   3387s
  131268    6.7284858e+01   4.217725e+05   0.000000e+00   3393s
  131398    6.7308705e+01   5.859169e+06   0.000000e+00   3400s
  131528    6.7330256e+01   5.942201e+05   0.000000e+00   3406s
  131658    6.7351552e+01   8.673846e+06   0.000000e+00   3412s
  131788    6.7371917e+01   3.526799e+06   0.000000e+00   3419s
  131918    6.7390983e+01   2.113594e+05   0.000000e+00   3425s
  132048    6.7405927e+01   2.058546e+05   0.000000e+00   3431s
  132178    6.7423987e+01   1.132748e+06   0.000000e+00   3438s
  132308    6.7440346e+01   1.090016e+06   0.000000e+00   3444s
  132438    6.7454805e+01   2.520286e+06   0.000000e+00   3451s
  132568    6.7471590e+01   1.289819e+05   0.000000e+00   3457s
  132698    6.7485842e+01   3.839995e+05   0.000000e+00   3464s
  132828    6.7501860e+01   2.305338e+06   0.000000e+00   3470s
  132958    6.7522602e+01   1.663899e+05   0.000000e+00   3476s
  133088    6.7541795e+01   1.398042e+05   0.000000e+00   3483s
  133218    6.7558555e+01   2.264989e+05   0.000000e+00   3489s
  133348    6.7573397e+01   5.873428e+05   0.000000e+00   3496s
  133488    6.7594248e+01   7.025197e+05   0.000000e+00   3502s
  133628    6.7612817e+01   7.218031e+05   0.000000e+00   3509s
  133758    6.7625802e+01   2.508601e+07   0.000000e+00   3515s
  133878    6.7643113e+01   1.878346e+06   0.000000e+00   3521s
  134008    6.7658961e+01   7.296734e+06   0.000000e+00   3528s
  134138    6.7672472e+01   4.117957e+05   0.000000e+00   3534s
  134268    6.7687690e+01   2.510226e+05   0.000000e+00   3540s
  134398    6.7707475e+01   2.267177e+06   0.000000e+00   3547s
  134528    6.7722294e+01   1.127920e+05   0.000000e+00   3553s
  134658    6.7735782e+01   3.003997e+05   0.000000e+00   3560s
  134788    6.7751717e+01   7.027567e+05   0.000000e+00   3566s
  134918    6.7769956e+01   1.959350e+06   0.000000e+00   3572s
  135048    6.7780930e+01   1.279315e+08   0.000000e+00   3579s
  135178    6.7794204e+01   5.284649e+06   0.000000e+00   3585s
  135308    6.7808878e+01   7.032874e+05   0.000000e+00   3592s
  135438    6.7826296e+01   1.243114e+06   0.000000e+00   3598s
  135568    6.7841152e+01   5.247441e+06   0.000000e+00   3605s
  135698    6.7854148e+01   3.158103e+06   0.000000e+00   3611s
  135828    6.7868332e+01   9.123203e+06   0.000000e+00   3617s
  135958    6.7885419e+01   3.424138e+05   0.000000e+00   3624s
  136088    6.7900054e+01   2.957999e+06   0.000000e+00   3630s
  136218    6.7916253e+01   9.207741e+05   0.000000e+00   3636s
  136358    6.7932445e+01   2.642895e+06   0.000000e+00   3643s
  136498    6.7949569e+01   3.878806e+07   0.000000e+00   3650s
  136628    6.7963830e+01   1.228585e+06   0.000000e+00   3656s
  136748    6.7978939e+01   2.355762e+06   0.000000e+00   3662s
  136878    6.7999636e+01   4.375199e+05   0.000000e+00   3668s
  137008    6.8015658e+01   2.705277e+06   0.000000e+00   3675s
  137138    6.8028513e+01   8.303499e+06   0.000000e+00   3681s
  137268    6.8045245e+01   2.399179e+06   0.000000e+00   3687s
  137398    6.8059588e+01   5.224167e+06   0.000000e+00   3694s
  137528    6.8073846e+01   1.054089e+06   0.000000e+00   3700s
  137658    6.8092627e+01   5.356806e+05   0.000000e+00   3706s
  137788    6.8105055e+01   3.334752e+06   0.000000e+00   3713s
  137918    6.8119793e+01   1.375331e+06   0.000000e+00   3719s
  138048    6.8137115e+01   9.254394e+05   0.000000e+00   3726s
  138178    6.8157639e+01   4.214362e+05   0.000000e+00   3732s
  138308    6.8174855e+01   2.323286e+06   0.000000e+00   3739s
  138438    6.8195882e+01   2.320314e+05   0.000000e+00   3745s
  138578    6.8207234e+01   2.086358e+07   0.000000e+00   3752s
  138708    6.8224593e+01   1.435583e+06   0.000000e+00   3758s
  138838    6.8237581e+01   7.215530e+05   0.000000e+00   3765s
  138978    6.8255207e+01   4.888538e+06   0.000000e+00   3772s
  139108    6.8270049e+01   4.320161e+06   0.000000e+00   3778s
  139238    6.8285590e+01   4.232360e+05   0.000000e+00   3785s
  139368    6.8298069e+01   3.127663e+07   0.000000e+00   3791s
  139498    6.8313512e+01   1.994062e+05   0.000000e+00   3798s
  139628    6.8332697e+01   5.581255e+06   0.000000e+00   3804s
  139758    6.8349774e+01   1.793462e+06   0.000000e+00   3811s
  139888    6.8366241e+01   2.582474e+05   0.000000e+00   3817s
  140018    6.8382059e+01   9.978587e+05   0.000000e+00   3824s
  140148    6.8401171e+01   1.746259e+07   0.000000e+00   3831s
  140268    6.8416454e+01   4.376391e+06   0.000000e+00   3837s
  140398    6.8434967e+01   7.638397e+06   0.000000e+00   3843s
  140528    6.8450135e+01   2.976396e+06   0.000000e+00   3850s
  140658    6.8462434e+01   6.152045e+05   0.000000e+00   3856s
  140788    6.8475795e+01   1.217603e+06   0.000000e+00   3863s
  140918    6.8488297e+01   6.241190e+05   0.000000e+00   3869s
  141048    6.8499297e+01   3.960620e+06   0.000000e+00   3876s
  141168    6.8511662e+01   2.557624e+05   0.000000e+00   3882s
  141298    6.8520914e+01   7.635331e+05   0.000000e+00   3889s
  141428    6.8530253e+01   4.208511e+05   0.000000e+00   3895s
  141558    6.8541182e+01   8.661303e+04   0.000000e+00   3902s
  141688    6.8551991e+01   7.294697e+05   0.000000e+00   3909s
  141818    6.8566080e+01   1.344902e+05   0.000000e+00   3915s
  141948    6.8578940e+01   7.354762e+05   0.000000e+00   3922s
  142078    6.8588209e+01   2.704532e+05   0.000000e+00   3928s
  142198    6.8599626e+01   1.135621e+06   0.000000e+00   3935s
  142318    6.8609377e+01   1.919065e+06   0.000000e+00   3941s
  142448    6.8620744e+01   1.133061e+06   0.000000e+00   3947s
  142568    6.8632599e+01   2.238243e+05   0.000000e+00   3954s
  142688    6.8646063e+01   3.303099e+05   0.000000e+00   3960s
  142808    6.8656634e+01   9.803232e+05   0.000000e+00   3966s
  142938    6.8667275e+01   7.191583e+06   0.000000e+00   3973s
  143058    6.8677508e+01   3.904134e+07   0.000000e+00   3979s
  143178    6.8689420e+01   5.768608e+06   0.000000e+00   3985s
  143298    6.8702245e+01   3.695140e+06   0.000000e+00   3992s
  143428    6.8715113e+01   5.852200e+05   0.000000e+00   3998s
  143558    6.8727119e+01   2.701993e+06   0.000000e+00   4005s
  143688    6.8738410e+01   1.596794e+06   0.000000e+00   4012s
  143818    6.8749662e+01   8.703481e+06   0.000000e+00   4018s
  143948    6.8760332e+01   1.786778e+06   0.000000e+00   4025s
  144078    6.8770340e+01   4.757337e+06   0.000000e+00   4032s
  144198    6.8779702e+01   2.033398e+05   0.000000e+00   4038s
  144328    6.8791859e+01   3.852043e+06   0.000000e+00   4045s
  144448    6.8803909e+01   9.966130e+05   0.000000e+00   4051s
  144578    6.8815108e+01   3.168846e+05   0.000000e+00   4058s
  144698    6.8825648e+01   1.697989e+06   0.000000e+00   4064s
  144828    6.8838011e+01   1.187508e+06   0.000000e+00   4071s
  144968    6.8851255e+01   1.685805e+05   0.000000e+00   4078s
  145098    6.8864355e+01   5.046504e+05   0.000000e+00   4084s
  145238    6.8876207e+01   1.278515e+07   0.000000e+00   4091s
  145368    6.8886056e+01   1.680636e+06   0.000000e+00   4098s
  145498    6.8897887e+01   9.816085e+04   0.000000e+00   4105s
  145628    6.8907536e+01   3.837454e+05   0.000000e+00   4111s
  145758    6.8922083e+01   1.269433e+06   0.000000e+00   4118s
  145888    6.8939000e+01   1.396745e+06   0.000000e+00   4125s
  146018    6.8951244e+01   6.358002e+05   0.000000e+00   4131s
  146148    6.8963357e+01   1.321018e+06   0.000000e+00   4138s
  146268    6.8977154e+01   4.561494e+05   0.000000e+00   4144s
  146388    6.8987627e+01   5.050482e+05   0.000000e+00   4151s
  146518    6.9001411e+01   9.544876e+06   0.000000e+00   4158s
  146648    6.9012663e+01   7.243823e+05   0.000000e+00   4164s
  146778    6.9024776e+01   3.267178e+06   0.000000e+00   4171s
  146898    6.9037098e+01   1.335370e+06   0.000000e+00   4178s
  147028    6.9049641e+01   8.841410e+05   0.000000e+00   4184s
  147148    6.9065302e+01   8.114935e+05   0.000000e+00   4191s
  147268    6.9079535e+01   6.599038e+05   0.000000e+00   4197s
  147388    6.9096565e+01   2.396167e+05   0.000000e+00   4203s
  147518    6.9111475e+01   4.079343e+06   0.000000e+00   4210s
  147638    6.9124225e+01   3.798587e+05   0.000000e+00   4216s
  147768    6.9135359e+01   1.094253e+05   0.000000e+00   4223s
  147888    6.9144079e+01   1.248665e+06   0.000000e+00   4229s
  148018    6.9155367e+01   1.252523e+06   0.000000e+00   4236s
  148138    6.9164657e+01   2.325750e+05   0.000000e+00   4242s
  148258    6.9174806e+01   3.989353e+06   0.000000e+00   4249s
  148378    6.9183966e+01   4.041201e+05   0.000000e+00   4255s
  148498    6.9193237e+01   6.464700e+06   0.000000e+00   4261s
  148628    6.9204499e+01   9.535074e+05   0.000000e+00   4268s
  148748    6.9216311e+01   2.175533e+06   0.000000e+00   4274s
  148868    6.9227424e+01   2.148644e+05   0.000000e+00   4281s
  148998    6.9236303e+01   2.128278e+05   0.000000e+00   4287s
  149128    6.9244803e+01   1.252779e+06   0.000000e+00   4294s
  149258    6.9256042e+01   2.065281e+06   0.000000e+00   4301s
  149388    6.9263962e+01   8.607094e+05   0.000000e+00   4307s
  149518    6.9274420e+01   1.022029e+07   0.000000e+00   4314s
  149648    6.9282643e+01   1.940718e+06   0.000000e+00   4321s
  149768    6.9293571e+01   3.742578e+05   0.000000e+00   4328s
  149898    6.9308038e+01   5.654470e+04   0.000000e+00   4334s
  150028    6.9318669e+01   7.930990e+05   0.000000e+00   4341s
  150148    6.9328779e+01   3.648679e+07   0.000000e+00   4348s
  150268    6.9340331e+01   3.967843e+06   0.000000e+00   4354s
  150388    6.9349550e+01   1.529196e+06   0.000000e+00   4361s
  150518    6.9359238e+01   3.422900e+06   0.000000e+00   4367s
  150648    6.9370124e+01   1.836708e+06   0.000000e+00   4374s
  150778    6.9381189e+01   1.490682e+05   0.000000e+00   4381s
  150908    6.9391229e+01   2.125347e+05   0.000000e+00   4388s
  151048    6.9403649e+01   2.158112e+05   0.000000e+00   4395s
  151168    6.9415115e+01   3.499061e+05   0.000000e+00   4402s
  151288    6.9425335e+01   1.152484e+06   0.000000e+00   4408s
  151408    6.9434096e+01   8.005554e+06   0.000000e+00   4415s
  151528    6.9442337e+01   3.051620e+05   0.000000e+00   4421s
  151658    6.9456857e+01   1.916691e+06   0.000000e+00   4429s
  151788    6.9467840e+01   4.305125e+05   0.000000e+00   4436s
  151918    6.9476960e+01   2.048646e+07   0.000000e+00   4443s
  152048    6.9488526e+01   5.118881e+05   0.000000e+00   4450s
  152178    6.9498265e+01   1.095356e+06   0.000000e+00   4457s
  152308    6.9508165e+01   2.367898e+05   0.000000e+00   4464s
  152438    6.9517652e+01   1.957849e+05   0.000000e+00   4471s
  152568    6.9527268e+01   1.487040e+06   0.000000e+00   4477s
  152698    6.9538641e+01   5.877646e+06   0.000000e+00   4484s
  152828    6.9547916e+01   3.164100e+05   0.000000e+00   4491s
  152948    6.9555659e+01   2.945992e+06   0.000000e+00   4498s
  153068    6.9566443e+01   1.884057e+06   0.000000e+00   4504s
  153198    6.9575409e+01   2.029081e+06   0.000000e+00   4511s
  153328    6.9584866e+01   7.793680e+06   0.000000e+00   4518s
  153448    6.9594902e+01   1.318220e+06   0.000000e+00   4525s
  153568    6.9604386e+01   7.932731e+05   0.000000e+00   4531s
  153688    6.9612547e+01   8.314368e+05   0.000000e+00   4538s
  153808    6.9622197e+01   7.624564e+06   0.000000e+00   4544s
  153928    6.9630702e+01   9.687390e+05   0.000000e+00   4551s
  154048    6.9642024e+01   1.829215e+05   0.000000e+00   4557s
  154168    6.9652555e+01   2.444278e+05   0.000000e+00   4564s
  154298    6.9659788e+01   2.358680e+06   0.000000e+00   4571s
  154418    6.9670242e+01   1.357115e+05   0.000000e+00   4577s
  154538    6.9679125e+01   1.836888e+06   0.000000e+00   4584s
  154658    6.9686327e+01   2.242247e+06   0.000000e+00   4591s
  154778    6.9695719e+01   1.825680e+05   0.000000e+00   4597s
  154898    6.9703871e+01   8.826023e+05   0.000000e+00   4604s
  155018    6.9713524e+01   1.424424e+05   0.000000e+00   4610s
  155138    6.9723639e+01   8.638675e+05   0.000000e+00   4617s
  155258    6.9732796e+01   2.299902e+05   0.000000e+00   4623s
  155388    6.9743935e+01   1.067619e+06   0.000000e+00   4630s
  155508    6.9752606e+01   9.248839e+05   0.000000e+00   4637s
  155628    6.9760650e+01   1.056085e+06   0.000000e+00   4644s
  155748    6.9768820e+01   4.693268e+06   0.000000e+00   4650s
  155868    6.9775449e+01   1.678164e+06   0.000000e+00   4656s
  155988    6.9784076e+01   7.295676e+05   0.000000e+00   4663s
  156108    6.9792454e+01   9.878663e+06   0.000000e+00   4670s
  156228    6.9799599e+01   1.098259e+06   0.000000e+00   4676s
  156348    6.9810631e+01   9.105376e+05   0.000000e+00   4683s
  156468    6.9817881e+01   3.856126e+06   0.000000e+00   4689s
  156588    6.9826712e+01   5.061270e+05   0.000000e+00   4696s
  156708    6.9833491e+01   1.212921e+05   0.000000e+00   4702s
  156828    6.9843049e+01   1.399051e+06   0.000000e+00   4709s
  156958    6.9851955e+01   3.407316e+06   0.000000e+00   4716s
  157088    6.9859437e+01   1.014906e+06   0.000000e+00   4723s
  157218    6.9868556e+01   3.678672e+05   0.000000e+00   4730s
  157348    6.9879336e+01   6.398992e+07   0.000000e+00   4737s
  157468    6.9885759e+01   1.299953e+07   0.000000e+00   4743s
  157598    6.9893536e+01   2.575987e+07   0.000000e+00   4750s
  157728    6.9902820e+01   5.869680e+07   0.000000e+00   4757s
  157848    6.9909867e+01   1.114441e+06   0.000000e+00   4764s
  157978    6.9920120e+01   1.055981e+06   0.000000e+00   4771s
  158108    6.9926879e+01   3.277065e+05   0.000000e+00   4778s
  158238    6.9936097e+01   2.368086e+06   0.000000e+00   4786s
  158368    6.9943481e+01   1.464512e+05   0.000000e+00   4793s
  158488    6.9953168e+01   2.679946e+06   0.000000e+00   4800s
  158608    6.9962393e+01   2.153715e+06   0.000000e+00   4806s
  158738    6.9970461e+01   3.261792e+06   0.000000e+00   4813s
  158868    6.9980322e+01   2.485612e+05   0.000000e+00   4821s
  158988    6.9988224e+01   3.315039e+05   0.000000e+00   4827s
  159108    6.9994293e+01   1.970185e+07   0.000000e+00   4834s
  159228    7.0001139e+01   2.351677e+07   0.000000e+00   4841s
  159358    7.0006503e+01   2.162516e+06   0.000000e+00   4848s
  159488    7.0015054e+01   1.659328e+06   0.000000e+00   4855s
  159628    7.0026034e+01   8.007555e+05   0.000000e+00   4863s
  159758    7.0034651e+01   1.506135e+06   0.000000e+00   4870s
  159888    7.0042118e+01   5.393565e+05   0.000000e+00   4877s
  160018    7.0050323e+01   8.486320e+05   0.000000e+00   4884s
  160148    7.0058663e+01   9.673510e+05   0.000000e+00   4891s
  160278    7.0065259e+01   2.272012e+06   0.000000e+00   4898s
  160398    7.0073228e+01   5.628689e+05   0.000000e+00   4905s
  160528    7.0083816e+01   1.350170e+06   0.000000e+00   4912s
  160648    7.0091864e+01   6.864459e+05   0.000000e+00   4919s
  160768    7.0099392e+01   1.801368e+05   0.000000e+00   4926s
  160898    7.0107963e+01   1.656502e+06   0.000000e+00   4933s
  161018    7.0116215e+01   8.082089e+05   0.000000e+00   4940s
  161138    7.0122489e+01   2.020203e+06   0.000000e+00   4947s
  161258    7.0130266e+01   7.924949e+05   0.000000e+00   4953s
  161378    7.0137434e+01   3.696219e+05   0.000000e+00   4960s
  161498    7.0142667e+01   1.664042e+06   0.000000e+00   4967s
  161628    7.0149437e+01   4.216779e+06   0.000000e+00   4974s
  161758    7.0156402e+01   4.772301e+06   0.000000e+00   4981s
  161878    7.0164073e+01   6.239143e+04   0.000000e+00   4988s
  161998    7.0174325e+01   3.116181e+06   0.000000e+00   4995s
  162128    7.0183376e+01   1.608740e+06   0.000000e+00   5002s
  162248    7.0190026e+01   3.111500e+06   0.000000e+00   5009s
  162368    7.0197218e+01   1.526131e+06   0.000000e+00   5016s
  162488    7.0205863e+01   2.394724e+06   0.000000e+00   5023s
  162618    7.0214170e+01   8.198832e+05   0.000000e+00   5030s
  162748    7.0221128e+01   1.679192e+07   0.000000e+00   5037s
  162868    7.0228756e+01   5.547814e+06   0.000000e+00   5044s
  162998    7.0239235e+01   1.164120e+07   0.000000e+00   5051s
  163128    7.0246941e+01   6.122435e+05   0.000000e+00   5058s
  163258    7.0256290e+01   2.861701e+07   0.000000e+00   5066s
  163388    7.0264398e+01   7.243326e+06   0.000000e+00   5073s
  163518    7.0272018e+01   7.291320e+05   0.000000e+00   5080s
  163648    7.0277936e+01   2.017316e+05   0.000000e+00   5088s
  163778    7.0285464e+01   1.677878e+06   0.000000e+00   5095s
  163908    7.0291636e+01   1.849782e+06   0.000000e+00   5102s
  164048    7.0298360e+01   1.068760e+06   0.000000e+00   5110s
  164188    7.0305928e+01   2.642488e+05   0.000000e+00   5118s
  164328    7.0312901e+01   3.254682e+06   0.000000e+00   5125s
  164468    7.0318907e+01   8.002328e+06   0.000000e+00   5133s
  164608    7.0328094e+01   3.537678e+06   0.000000e+00   5140s
  164738    7.0336926e+01   2.888565e+07   0.000000e+00   5148s
  164878    7.0344215e+01   4.283394e+06   0.000000e+00   5155s
  165008    7.0353063e+01   6.506038e+06   0.000000e+00   5163s
  165138    7.0358591e+01   9.141777e+06   0.000000e+00   5170s
  165268    7.0365329e+01   3.107984e+06   0.000000e+00   5178s
  165388    7.0374183e+01   2.330400e+06   0.000000e+00   5185s
  165528    7.0382459e+01   8.718750e+05   0.000000e+00   5193s
  165658    7.0390895e+01   8.655641e+05   0.000000e+00   5200s
  165798    7.0397189e+01   5.513131e+06   0.000000e+00   5208s
  165948    7.0407126e+01   1.611274e+06   0.000000e+00   5216s
  166088    7.0415630e+01   2.203206e+06   0.000000e+00   5224s
  166218    7.0424324e+01   4.636406e+06   0.000000e+00   5232s
  166348    7.0434182e+01   1.237646e+07   0.000000e+00   5240s
  166488    7.0444151e+01   9.408499e+05   0.000000e+00   5248s
  166618    7.0453386e+01   5.944240e+06   0.000000e+00   5256s
  166748    7.0459437e+01   1.050009e+06   0.000000e+00   5263s
  166878    7.0467547e+01   3.515162e+06   0.000000e+00   5271s
  167008    7.0475950e+01   4.463754e+08   0.000000e+00   5278s
  167138    7.0483151e+01   1.338341e+07   0.000000e+00   5286s
  167258    7.0494053e+01   6.600904e+06   0.000000e+00   5294s
  167388    7.0500694e+01   9.636348e+06   0.000000e+00   5301s
  167518    7.0507936e+01   8.094454e+07   0.000000e+00   5309s
  167648    7.0513528e+01   6.378339e+05   0.000000e+00   5316s
  167788    7.0520937e+01   1.031131e+06   0.000000e+00   5324s
  167928    7.0528282e+01   9.636819e+06   0.000000e+00   5333s
  168068    7.0535401e+01   4.161431e+07   0.000000e+00   5341s
  168198    7.0542822e+01   1.734689e+06   0.000000e+00   5348s
  168318    7.0549445e+01   2.891638e+06   0.000000e+00   5356s
  168448    7.0555424e+01   2.964573e+05   0.000000e+00   5363s
  168588    7.0561169e+01   1.930603e+05   0.000000e+00   5371s
  168718    7.0569660e+01   1.395043e+07   0.000000e+00   5379s
  168858    7.0578176e+01   3.786213e+06   0.000000e+00   5387s
  169008    7.0587342e+01   6.359121e+05   0.000000e+00   5396s
  169148    7.0593823e+01   2.682417e+07   0.000000e+00   5404s
  169288    7.0601131e+01   1.841438e+06   0.000000e+00   5412s
  169418    7.0608389e+01   8.888205e+07   0.000000e+00   5420s
  169558    7.0615463e+01   2.595059e+05   0.000000e+00   5429s
  169698    7.0621870e+01   8.817793e+06   0.000000e+00   5437s
  169848    7.0630503e+01   7.237069e+06   0.000000e+00   5445s
  169988    7.0638863e+01   1.453043e+07   0.000000e+00   5454s
  170118    7.0646549e+01   1.327694e+06   0.000000e+00   5462s
  170248    7.0653278e+01   6.442079e+06   0.000000e+00   5470s
  170378    7.0658506e+01   1.925276e+07   0.000000e+00   5478s
  170518    7.0666038e+01   6.187685e+06   0.000000e+00   5486s
  170648    7.0671698e+01   2.062495e+06   0.000000e+00   5494s
  170778    7.0679053e+01   2.152948e+06   0.000000e+00   5502s
  170918    7.0686954e+01   1.726927e+05   0.000000e+00   5511s
  171058    7.0693123e+01   1.123852e+07   0.000000e+00   5519s
  171198    7.0698584e+01   4.279170e+06   0.000000e+00   5528s
  171338    7.0704450e+01   1.291359e+06   0.000000e+00   5537s
  171468    7.0709707e+01   2.063149e+07   0.000000e+00   5545s
  171598    7.0714884e+01   4.342924e+07   0.000000e+00   5553s
  171738    7.0721542e+01   8.134958e+07   0.000000e+00   5561s
  171868    7.0726870e+01   1.160478e+06   0.000000e+00   5569s
  172008    7.0734455e+01   2.681862e+06   0.000000e+00   5578s
  172138    7.0740310e+01   3.817076e+05   0.000000e+00   5586s
  172268    7.0747608e+01   3.924135e+07   0.000000e+00   5595s
  172398    7.0752988e+01   9.274330e+05   0.000000e+00   5603s
  172528    7.0760237e+01   3.231334e+06   0.000000e+00   5611s
  172658    7.0766921e+01   9.322803e+05   0.000000e+00   5620s
  172798    7.0774316e+01   4.475745e+05   0.000000e+00   5628s
  172928    7.0780636e+01   1.855532e+07   0.000000e+00   5637s
  173068    7.0788614e+01   7.637885e+06   0.000000e+00   5645s
  173198    7.0795276e+01   4.524325e+06   0.000000e+00   5654s
  173338    7.0803687e+01   4.549956e+06   0.000000e+00   5663s
  173478    7.0809986e+01   6.729865e+05   0.000000e+00   5671s
  173618    7.0817217e+01   3.568979e+06   0.000000e+00   5680s
  173758    7.0824285e+01   3.029804e+06   0.000000e+00   5689s
  173888    7.0830920e+01   2.043468e+07   0.000000e+00   5698s
  174018    7.0838181e+01   3.276155e+05   0.000000e+00   5706s
  174158    7.0844611e+01   2.680462e+06   0.000000e+00   5715s
  174298    7.0850899e+01   5.367444e+06   0.000000e+00   5724s
  174438    7.0859120e+01   3.792439e+06   0.000000e+00   5733s
  174568    7.0866120e+01   2.805907e+06   0.000000e+00   5742s
  174698    7.0871821e+01   1.128590e+07   0.000000e+00   5750s
  174838    7.0879553e+01   8.561789e+06   0.000000e+00   5760s
  174968    7.0884964e+01   7.420780e+06   0.000000e+00   5768s
  175098    7.0891554e+01   2.301440e+07   0.000000e+00   5777s
  175228    7.0898451e+01   1.115763e+06   0.000000e+00   5786s
  175358    7.0904433e+01   1.260999e+06   0.000000e+00   5794s
  175498    7.0909974e+01   2.682334e+05   0.000000e+00   5803s
  175628    7.0916178e+01   2.073586e+05   0.000000e+00   5812s
  175768    7.0923463e+01   5.684057e+06   0.000000e+00   5821s
  175888    7.0930094e+01   1.810839e+06   0.000000e+00   5829s
  176028    7.0937047e+01   4.363468e+06   0.000000e+00   5838s
  176168    7.0944008e+01   8.616275e+05   0.000000e+00   5847s
  176308    7.0951086e+01   1.924180e+07   0.000000e+00   5857s
  176438    7.0957481e+01   1.422932e+06   0.000000e+00   5865s
  176568    7.0965002e+01   3.681309e+05   0.000000e+00   5874s
  176698    7.0974011e+01   4.169804e+06   0.000000e+00   5883s
  176828    7.0980342e+01   2.809042e+07   0.000000e+00   5892s
  176958    7.0986882e+01   1.286846e+07   0.000000e+00   5901s
  177088    7.0994563e+01   7.394809e+05   0.000000e+00   5909s
  177228    7.1004890e+01   6.862117e+06   0.000000e+00   5919s
  177358    7.1011362e+01   1.682239e+06   0.000000e+00   5927s
  177488    7.1019505e+01   6.633114e+06   0.000000e+00   5936s
  177628    7.1027219e+01   3.577902e+05   0.000000e+00   5945s
  177758    7.1033886e+01   6.823394e+06   0.000000e+00   5954s
  177898    7.1040100e+01   1.382194e+06   0.000000e+00   5963s
  178028    7.1045784e+01   4.324472e+07   0.000000e+00   5972s
  178158    7.1051037e+01   8.540322e+06   0.000000e+00   5981s
  178288    7.1057360e+01   2.264880e+07   0.000000e+00   5990s
  178418    7.1063968e+01   1.251774e+05   0.000000e+00   5999s
  178548    7.1070100e+01   8.763961e+06   0.000000e+00   6007s
  178678    7.1075298e+01   1.261659e+06   0.000000e+00   6016s
  178808    7.1080037e+01   8.206278e+06   0.000000e+00   6025s
  178928    7.1084808e+01   8.193625e+06   0.000000e+00   6033s
  179058    7.1089162e+01   1.932379e+07   0.000000e+00   6042s
  179188    7.1094895e+01   1.694350e+06   0.000000e+00   6051s
  179308    7.1100258e+01   1.242762e+07   0.000000e+00   6059s
  179438    7.1107346e+01   3.834393e+05   0.000000e+00   6068s
  179568    7.1115310e+01   5.184194e+05   0.000000e+00   6077s
  179698    7.1120668e+01   3.604360e+06   0.000000e+00   6086s
  179828    7.1127439e+01   1.842800e+05   0.000000e+00   6095s
  179958    7.1134502e+01   2.639801e+07   0.000000e+00   6103s
  180088    7.1141444e+01   2.818113e+07   0.000000e+00   6112s
  180218    7.1146628e+01   2.103342e+05   0.000000e+00   6121s
  180348    7.1153154e+01   1.268006e+07   0.000000e+00   6130s
  180478    7.1159295e+01   2.381715e+07   0.000000e+00   6139s
  180618    7.1164451e+01   6.834253e+06   0.000000e+00   6148s
  180748    7.1169525e+01   1.237926e+06   0.000000e+00   6157s
  180878    7.1173945e+01   4.394437e+06   0.000000e+00   6166s
  181018    7.1180958e+01   1.696979e+07   0.000000e+00   6175s
  181148    7.1188768e+01   2.022144e+06   0.000000e+00   6184s
  181278    7.1196426e+01   1.432564e+07   0.000000e+00   6194s
  181408    7.1203974e+01   7.435468e+06   0.000000e+00   6202s
  181548    7.1212222e+01   4.639444e+06   0.000000e+00   6212s
  181678    7.1219026e+01   1.084875e+06   0.000000e+00   6221s
  181818    7.1227438e+01   5.132355e+06   0.000000e+00   6230s
  181958    7.1235128e+01   6.459259e+05   0.000000e+00   6240s
  182088    7.1241550e+01   2.857316e+07   0.000000e+00   6249s
  182208    7.1248327e+01   8.821799e+07   0.000000e+00   6257s
  182328    7.1254011e+01   6.035569e+07   0.000000e+00   6266s
  182468    7.1261254e+01   1.684831e+06   0.000000e+00   6275s
  182598    7.1269695e+01   1.182759e+07   0.000000e+00   6284s
  182728    7.1277494e+01   6.283716e+05   0.000000e+00   6293s
  182858    7.1284366e+01   1.739882e+06   0.000000e+00   6302s
  182998    7.1290332e+01   6.869786e+06   0.000000e+00   6312s
  183138    7.1297339e+01   7.348074e+06   0.000000e+00   6321s
  183268    7.1302910e+01   2.201336e+05   0.000000e+00   6330s
  183408    7.1308857e+01   3.725511e+06   0.000000e+00   6339s
  183548    7.1316960e+01   2.762087e+05   0.000000e+00   6349s
  183688    7.1326428e+01   1.062172e+06   0.000000e+00   6359s
  183828    7.1333006e+01   8.023701e+05   0.000000e+00   6368s
  183958    7.1340216e+01   3.962897e+06   0.000000e+00   6377s
  184088    7.1347350e+01   6.818545e+06   0.000000e+00   6387s
  184218    7.1353933e+01   5.306007e+06   0.000000e+00   6396s
  184348    7.1360506e+01   1.802581e+07   0.000000e+00   6405s
  184478    7.1367724e+01   5.987307e+06   0.000000e+00   6414s
  184608    7.1373509e+01   2.451556e+06   0.000000e+00   6423s
  184738    7.1381373e+01   8.099230e+05   0.000000e+00   6432s
  184868    7.1390337e+01   2.234190e+06   0.000000e+00   6441s
  184998    7.1398040e+01   6.042689e+06   0.000000e+00   6451s
  185138    7.1404851e+01   1.425272e+07   0.000000e+00   6460s
  185268    7.1410990e+01   6.099232e+06   0.000000e+00   6470s
  185408    7.1416440e+01   3.706984e+05   0.000000e+00   6479s
  185538    7.1423922e+01   6.174480e+06   0.000000e+00   6488s
  185678    7.1429936e+01   1.272914e+06   0.000000e+00   6498s
  185818    7.1434535e+01   6.113695e+06   0.000000e+00   6507s
  185958    7.1440377e+01   5.901730e+05   0.000000e+00   6517s
  186098    7.1445715e+01   5.849279e+06   0.000000e+00   6526s
  186238    7.1451232e+01   1.119189e+06   0.000000e+00   6536s
  186388    7.1455259e+01   4.727268e+05   0.000000e+00   6546s
  186538    7.1459653e+01   6.649270e+06   0.000000e+00   6556s
  186678    7.1464731e+01   1.695459e+06   0.000000e+00   6565s
  186818    7.1470953e+01   1.586527e+07   0.000000e+00   6575s
  186948    7.1476712e+01   2.294915e+07   0.000000e+00   6584s
  187088    7.1482150e+01   1.205244e+06   0.000000e+00   6593s
  187228    7.1486657e+01   8.450638e+06   0.000000e+00   6603s
  187358    7.1492520e+01   2.177983e+07   0.000000e+00   6612s
  187488    7.1498469e+01   1.159979e+07   0.000000e+00   6621s
  187638    7.1505447e+01   8.242906e+06   0.000000e+00   6631s
  187778    7.1511773e+01   7.155522e+06   0.000000e+00   6641s
  187928    7.1518685e+01   2.319499e+07   0.000000e+00   6651s
  188068    7.1523808e+01   3.725994e+07   0.000000e+00   6661s
  188208    7.1528882e+01   7.686409e+06   0.000000e+00   6671s
  188348    7.1534579e+01   8.631405e+06   0.000000e+00   6681s
  188488    7.1540260e+01   2.050096e+06   0.000000e+00   6690s
  188628    7.1544764e+01   1.490233e+08   0.000000e+00   6700s
  188758    7.1550504e+01   5.583612e+06   0.000000e+00   6709s
  188898    7.1556796e+01   2.065762e+06   0.000000e+00   6718s
  189038    7.1562334e+01   2.234833e+07   0.000000e+00   6728s
  189188    7.1567600e+01   1.835869e+07   0.000000e+00   6738s
  189338    7.1572834e+01   5.141690e+07   0.000000e+00   6748s
  189488    7.1577840e+01   7.488616e+06   0.000000e+00   6758s
  189638    7.1584017e+01   1.197516e+07   0.000000e+00   6769s
  189788    7.1589239e+01   3.960995e+06   0.000000e+00   6780s
  189938    7.1595567e+01   2.681854e+06   0.000000e+00   6790s
  190078    7.1600248e+01   6.050177e+06   0.000000e+00   6799s
  190218    7.1605238e+01   3.263540e+06   0.000000e+00   6809s
  190368    7.1609898e+01   2.051331e+07   0.000000e+00   6819s
  190518    7.1615868e+01   9.230653e+06   0.000000e+00   6830s
  190658    7.1621458e+01   1.406395e+07   0.000000e+00   6840s
  190808    7.1627241e+01   7.141482e+06   0.000000e+00   6850s
  190948    7.1633148e+01   2.404982e+07   0.000000e+00   6860s
  191078    7.1638174e+01   2.058056e+05   0.000000e+00   6870s
  191208    7.1643898e+01   1.583716e+06   0.000000e+00   6879s
  191338    7.1648667e+01   5.962196e+06   0.000000e+00   6889s
  191468    7.1654467e+01   5.516736e+05   0.000000e+00   6898s
  191608    7.1660714e+01   1.537700e+06   0.000000e+00   6909s
  191738    7.1664358e+01   7.220260e+06   0.000000e+00   6918s
  191878    7.1668762e+01   6.899854e+05   0.000000e+00   6928s
  192018    7.1674480e+01   7.746213e+06   0.000000e+00   6938s
  192158    7.1680594e+01   5.629418e+05   0.000000e+00   6948s
  192308    7.1686762e+01   2.607648e+07   0.000000e+00   6959s
  192458    7.1692704e+01   6.038664e+06   0.000000e+00   6970s
  192608    7.1698343e+01   6.507522e+05   0.000000e+00   6980s
  192758    7.1703773e+01   3.212755e+06   0.000000e+00   6991s
  192908    7.1708811e+01   2.096692e+07   0.000000e+00   7002s
  193058    7.1714576e+01   1.139895e+07   0.000000e+00   7013s
  193188    7.1719631e+01   2.849275e+06   0.000000e+00   7023s
  193328    7.1725591e+01   3.945739e+07   0.000000e+00   7033s
  193468    7.1731166e+01   2.600642e+07   0.000000e+00   7043s
  193608    7.1737167e+01   3.411884e+06   0.000000e+00   7054s
  193748    7.1742055e+01   8.122857e+04   0.000000e+00   7064s
  193888    7.1749245e+01   3.110174e+07   0.000000e+00   7074s
  194028    7.1756618e+01   1.162825e+06   0.000000e+00   7085s
  194168    7.1762207e+01   4.224946e+05   0.000000e+00   7095s
  194308    7.1768888e+01   2.034483e+06   0.000000e+00   7105s
  194458    7.1776366e+01   3.803993e+08   0.000000e+00   7116s
  194608    7.1782054e+01   6.289013e+06   0.000000e+00   7127s
  194748    7.1788766e+01   9.388645e+06   0.000000e+00   7138s
  194878    7.1794850e+01   6.167678e+06   0.000000e+00   7148s
  195018    7.1800853e+01   8.147965e+06   0.000000e+00   7159s
  195148    7.1806270e+01   4.687261e+06   0.000000e+00   7169s
  195278    7.1812820e+01   8.055182e+05   0.000000e+00   7179s
  195428    7.1817741e+01   8.951300e+06   0.000000e+00   7190s
  195578    7.1821901e+01   5.904811e+06   0.000000e+00   7201s
  195718    7.1827087e+01   6.219149e+06   0.000000e+00   7211s
  195848    7.1832753e+01   1.948914e+07   0.000000e+00   7222s
  195998    7.1838392e+01   1.665552e+06   0.000000e+00   7233s
  196138    7.1845590e+01   2.600754e+06   0.000000e+00   7244s
  196268    7.1852127e+01   1.480161e+07   0.000000e+00   7254s
  196398    7.1859127e+01   5.604884e+06   0.000000e+00   7264s
  196528    7.1865624e+01   4.412027e+07   0.000000e+00   7274s
  196668    7.1872363e+01   1.501894e+07   0.000000e+00   7285s
  196808    7.1877128e+01   1.594454e+05   0.000000e+00   7295s
  196958    7.1883516e+01   9.271807e+05   0.000000e+00   7307s
  197088    7.1888597e+01   1.085694e+06   0.000000e+00   7317s
  197228    7.1893508e+01   6.204026e+07   0.000000e+00   7327s
  197388    7.1898270e+01   8.210350e+07   0.000000e+00   7338s
  197548    7.1902354e+01   1.493846e+07   0.000000e+00   7349s
  197688    7.1905821e+01   2.201898e+06   0.000000e+00   7359s
  197838    7.1909293e+01   8.317260e+07   0.000000e+00   7370s
  197998    7.1912725e+01   2.014374e+08   0.000000e+00   7381s
  198158    7.1917248e+01   1.043511e+08   0.000000e+00   7392s
  198318    7.1921321e+01   2.485091e+06   0.000000e+00   7403s
  198468    7.1924601e+01   1.469437e+08   0.000000e+00   7413s
  198638    7.1928776e+01   5.270038e+07   0.000000e+00   7425s
  198808    7.1935314e+01   6.092880e+06   0.000000e+00   7437s
  198978    7.1942101e+01   1.925717e+07   0.000000e+00   7449s
  199128    7.1946856e+01   2.901188e+07   0.000000e+00   7460s
  199268    7.1951943e+01   2.074510e+07   0.000000e+00   7471s
  199418    7.1956568e+01   1.272941e+07   0.000000e+00   7482s
  199568    7.1961815e+01   3.729372e+08   0.000000e+00   7493s
  199718    7.1966141e+01   4.127004e+06   0.000000e+00   7504s
  199858    7.1970840e+01   2.538457e+07   0.000000e+00   7514s
  200008    7.1976661e+01   2.535538e+06   0.000000e+00   7526s
  200148    7.1982647e+01   6.177925e+06   0.000000e+00   7536s
  200288    7.1987481e+01   8.057511e+06   0.000000e+00   7547s
  200438    7.1993283e+01   1.466550e+07   0.000000e+00   7559s
  200588    7.1998061e+01   4.296687e+06   0.000000e+00   7571s
  200728    7.2004450e+01   2.233974e+06   0.000000e+00   7582s
  200878    7.2009506e+01   1.921683e+07   0.000000e+00   7594s
  201018    7.2013926e+01   4.437999e+06   0.000000e+00   7605s
  201158    7.2018088e+01   2.812487e+07   0.000000e+00   7616s
  201298    7.2023093e+01   1.459282e+05   0.000000e+00   7626s
  201438    7.2029190e+01   5.177005e+06   0.000000e+00   7637s
  201588    7.2035174e+01   7.777208e+06   0.000000e+00   7649s
  201728    7.2040746e+01   1.278200e+06   0.000000e+00   7661s
  201868    7.2045230e+01   3.370580e+06   0.000000e+00   7672s
  202018    7.2049677e+01   5.322528e+06   0.000000e+00   7683s
  202178    7.2054946e+01   4.255443e+06   0.000000e+00   7696s
  202328    7.2060712e+01   6.558283e+05   0.000000e+00   7708s
  202478    7.2066357e+01   1.436767e+06   0.000000e+00   7719s
  202628    7.2071860e+01   9.672923e+05   0.000000e+00   7731s
  202768    7.2076857e+01   1.185677e+06   0.000000e+00   7742s
  202908    7.2082297e+01   2.028356e+06   0.000000e+00   7753s
  203048    7.2088466e+01   3.556227e+06   0.000000e+00   7765s
  203198    7.2092600e+01   1.368132e+06   0.000000e+00   7776s
  203348    7.2097130e+01   5.800662e+06   0.000000e+00   7788s
  203498    7.2104043e+01   1.256037e+06   0.000000e+00   7801s
  203648    7.2110106e+01   1.379728e+06   0.000000e+00   7813s
  203788    7.2116316e+01   4.941776e+06   0.000000e+00   7824s
  203938    7.2121586e+01   1.217870e+06   0.000000e+00   7835s
  204088    7.2127050e+01   4.332643e+06   0.000000e+00   7847s
  204228    7.2133794e+01   2.579250e+06   0.000000e+00   7859s
  204378    7.2139486e+01   2.805293e+06   0.000000e+00   7871s
  204528    7.2147402e+01   7.531545e+06   0.000000e+00   7883s
  204668    7.2153267e+01   1.763786e+06   0.000000e+00   7895s
  204818    7.2160853e+01   4.099956e+05   0.000000e+00   7907s
  204958    7.2166138e+01   7.366868e+06   0.000000e+00   7919s
  205108    7.2172288e+01   2.441281e+06   0.000000e+00   7931s
  205248    7.2177483e+01   9.784535e+06   0.000000e+00   7943s
  205388    7.2184196e+01   1.143342e+07   0.000000e+00   7954s
  205528    7.2189900e+01   2.148965e+06   0.000000e+00   7966s
  205668    7.2197324e+01   6.442135e+06   0.000000e+00   7977s
  205808    7.2203546e+01   1.164400e+06   0.000000e+00   7989s
  205948    7.2209121e+01   7.248683e+06   0.000000e+00   8000s
  206098    7.2215351e+01   1.144841e+06   0.000000e+00   8013s
  206238    7.2221154e+01   8.600529e+05   0.000000e+00   8025s
  206378    7.2226442e+01   2.561149e+06   0.000000e+00   8037s
  206518    7.2233500e+01   1.399900e+05   0.000000e+00   8048s
  206658    7.2238761e+01   3.748739e+05   0.000000e+00   8060s
  206798    7.2243623e+01   1.528469e+06   0.000000e+00   8072s
  206938    7.2248709e+01   8.579517e+06   0.000000e+00   8084s
  207078    7.2252876e+01   2.400472e+07   0.000000e+00   8096s
  207228    7.2258130e+01   1.617514e+06   0.000000e+00   8109s
  207368    7.2264855e+01   1.427533e+07   0.000000e+00   8121s
  207518    7.2271116e+01   2.228147e+06   0.000000e+00   8133s
  207658    7.2278316e+01   2.554845e+05   0.000000e+00   8146s
  207808    7.2284747e+01   2.237889e+06   0.000000e+00   8158s
  207958    7.2292361e+01   5.456200e+06   0.000000e+00   8171s
  208118    7.2298703e+01   2.712679e+06   0.000000e+00   8184s
  208258    7.2303160e+01   1.601739e+06   0.000000e+00   8196s
  208398    7.2308506e+01   2.505144e+05   0.000000e+00   8208s
  208538    7.2313203e+01   1.410598e+06   0.000000e+00   8220s
  208678    7.2318353e+01   3.542868e+06   0.000000e+00   8232s
  208808    7.2322712e+01   5.871902e+05   0.000000e+00   8243s
  208948    7.2328191e+01   2.185470e+06   0.000000e+00   8255s
  209098    7.2332047e+01   3.284734e+06   0.000000e+00   8268s
  209258    7.2337263e+01   7.332724e+06   0.000000e+00   8281s
  209408    7.2341896e+01   2.775087e+07   0.000000e+00   8293s
  209558    7.2348043e+01   2.200421e+07   0.000000e+00   8306s
  209698    7.2353400e+01   2.960831e+05   0.000000e+00   8319s
  209828    7.2358606e+01   9.215819e+06   0.000000e+00   8331s
  209958    7.2364261e+01   1.523008e+06   0.000000e+00   8343s
  210098    7.2369778e+01   2.277619e+06   0.000000e+00   8355s
  210238    7.2375355e+01   4.763026e+05   0.000000e+00   8367s
  210378    7.2380574e+01   1.704566e+06   0.000000e+00   8379s
  210508    7.2386159e+01   6.175563e+06   0.000000e+00   8391s
  210648    7.2389821e+01   7.946907e+05   0.000000e+00   8403s
  210788    7.2395151e+01   2.582828e+05   0.000000e+00   8415s
  210928    7.2400551e+01   2.268988e+06   0.000000e+00   8428s
  211078    7.2406259e+01   2.073856e+06   0.000000e+00   8441s
  211218    7.2411603e+01   3.944554e+05   0.000000e+00   8453s
  211348    7.2416720e+01   1.443368e+06   0.000000e+00   8465s
  211488    7.2421697e+01   3.769290e+05   0.000000e+00   8477s
  211628    7.2427569e+01   2.265184e+06   0.000000e+00   8490s
  211768    7.2433383e+01   3.052966e+06   0.000000e+00   8502s
  211918    7.2437623e+01   3.442866e+06   0.000000e+00   8514s
  212058    7.2443480e+01   2.356220e+05   0.000000e+00   8527s
  212208    7.2449945e+01   1.012663e+07   0.000000e+00   8540s
  212358    7.2456312e+01   2.706475e+06   0.000000e+00   8553s
  212508    7.2462267e+01   3.207468e+05   0.000000e+00   8566s
  212658    7.2468890e+01   3.480225e+06   0.000000e+00   8579s
  212808    7.2473813e+01   4.736710e+06   0.000000e+00   8592s
  212938    7.2478590e+01   1.203295e+06   0.000000e+00   8604s
  213078    7.2483791e+01   1.239417e+06   0.000000e+00   8616s
  213218    7.2488945e+01   5.433907e+05   0.000000e+00   8628s
  213348    7.2493417e+01   8.843198e+06   0.000000e+00   8640s
  213488    7.2498791e+01   1.311303e+06   0.000000e+00   8653s
  213638    7.2504544e+01   4.251043e+05   0.000000e+00   8666s
  213788    7.2509770e+01   8.186436e+05   0.000000e+00   8679s
  213918    7.2514075e+01   5.390691e+05   0.000000e+00   8691s
  214068    7.2518064e+01   1.039468e+06   0.000000e+00   8704s
  214208    7.2522486e+01   1.069350e+06   0.000000e+00   8716s
  214358    7.2528039e+01   7.303028e+05   0.000000e+00   8729s
  214508    7.2532812e+01   9.080436e+05   0.000000e+00   8743s
  214648    7.2537993e+01   2.846693e+06   0.000000e+00   8755s
  214788    7.2543612e+01   2.651725e+06   0.000000e+00   8768s
  214928    7.2548226e+01   2.345924e+06   0.000000e+00   8781s
  215068    7.2552670e+01   5.137974e+05   0.000000e+00   8794s
  215208    7.2557421e+01   1.895829e+08   0.000000e+00   8807s
  215348    7.2562496e+01   2.822957e+06   0.000000e+00   8820s
  215488    7.2567310e+01   2.580641e+05   0.000000e+00   8833s
  215628    7.2572413e+01   1.107515e+06   0.000000e+00   8845s
  215778    7.2578136e+01   2.052847e+06   0.000000e+00   8859s
  215928    7.2583123e+01   2.647694e+05   0.000000e+00   8872s
  216068    7.2589337e+01   2.767446e+06   0.000000e+00   8885s
  216208    7.2593749e+01   1.196627e+06   0.000000e+00   8898s
  216348    7.2598912e+01   4.757326e+07   0.000000e+00   8910s
  216488    7.2604095e+01   6.259311e+05   0.000000e+00   8923s
  216638    7.2608668e+01   6.929825e+05   0.000000e+00   8936s
  216788    7.2614342e+01   4.550021e+05   0.000000e+00   8949s
  216938    7.2619573e+01   7.721205e+05   0.000000e+00   8963s
  217098    7.2624811e+01   2.044920e+05   0.000000e+00   8977s
  217248    7.2630482e+01   9.554477e+05   0.000000e+00   8991s
  217398    7.2635529e+01   1.368492e+05   0.000000e+00   9004s
  217548    7.2640326e+01   1.076881e+06   0.000000e+00   9018s
  217698    7.2646522e+01   2.882290e+05   0.000000e+00   9031s
  217838    7.2650802e+01   8.250148e+05   0.000000e+00   9044s
  217968    7.2655393e+01   1.887709e+06   0.000000e+00   9056s
  218108    7.2660578e+01   1.468071e+05   0.000000e+00   9069s
  218248    7.2664489e+01   1.765767e+06   0.000000e+00   9081s
  218388    7.2667805e+01   2.074269e+05   0.000000e+00   9094s
  218528    7.2671254e+01   8.483961e+05   0.000000e+00   9106s
  218668    7.2675847e+01   1.250045e+06   0.000000e+00   9119s
  218808    7.2679881e+01   1.006864e+05   0.000000e+00   9132s
  218958    7.2683149e+01   6.412170e+06   0.000000e+00   9145s
  219098    7.2688352e+01   1.784662e+06   0.000000e+00   9158s
  219238    7.2693863e+01   3.362717e+05   0.000000e+00   9171s
  219368    7.2699668e+01   2.607578e+05   0.000000e+00   9184s
  219508    7.2702888e+01   9.250207e+05   0.000000e+00   9197s
  219648    7.2707074e+01   1.034539e+06   0.000000e+00   9209s
  219778    7.2711985e+01   6.979567e+05   0.000000e+00   9222s
  219918    7.2716526e+01   1.874864e+06   0.000000e+00   9235s
  220058    7.2721184e+01   2.331857e+06   0.000000e+00   9248s
  220198    7.2725571e+01   3.910398e+05   0.000000e+00   9260s
  220328    7.2729415e+01   3.831420e+05   0.000000e+00   9272s
  220468    7.2733235e+01   6.647485e+05   0.000000e+00   9285s
  220608    7.2737126e+01   1.757033e+05   0.000000e+00   9297s
  220748    7.2740428e+01   1.295016e+06   0.000000e+00   9310s
  220888    7.2744526e+01   1.690379e+05   0.000000e+00   9323s
  221028    7.2748466e+01   1.237932e+06   0.000000e+00   9336s
  221158    7.2753077e+01   4.984874e+05   0.000000e+00   9348s
  221298    7.2758208e+01   8.741595e+05   0.000000e+00   9361s
  221448    7.2762915e+01   4.370788e+05   0.000000e+00   9375s
  221598    7.2767179e+01   4.394994e+05   0.000000e+00   9389s
  221738    7.2771307e+01   9.871573e+05   0.000000e+00   9401s
  221868    7.2775775e+01   1.557611e+05   0.000000e+00   9414s
  221998    7.2779046e+01   1.799645e+06   0.000000e+00   9426s
  222118    7.2782427e+01   5.536785e+06   0.000000e+00   9437s
  222248    7.2786427e+01   1.041330e+06   0.000000e+00   9449s
  222388    7.2790656e+01   2.067063e+05   0.000000e+00   9462s
  222528    7.2795241e+01   6.769466e+05   0.000000e+00   9476s
  222678    7.2799739e+01   5.896878e+05   0.000000e+00   9489s
  222818    7.2804487e+01   2.088798e+06   0.000000e+00   9502s
  222958    7.2808298e+01   4.498678e+05   0.000000e+00   9515s
  223098    7.2813137e+01   4.011719e+05   0.000000e+00   9528s
  223248    7.2817201e+01   3.700840e+05   0.000000e+00   9541s
  223398    7.2822263e+01   7.499611e+05   0.000000e+00   9555s
  223548    7.2826142e+01   5.121446e+05   0.000000e+00   9568s
  223688    7.2830019e+01   6.021500e+05   0.000000e+00   9581s
  223828    7.2834539e+01   7.282957e+06   0.000000e+00   9594s
  223968    7.2837211e+01   1.191412e+05   0.000000e+00   9607s
  224108    7.2840903e+01   1.661964e+06   0.000000e+00   9619s
  224248    7.2845302e+01   3.346453e+05   0.000000e+00   9632s
  224388    7.2849576e+01   1.773608e+05   0.000000e+00   9645s
  224518    7.2852962e+01   3.070539e+05   0.000000e+00   9658s
  224648    7.2856634e+01   2.366869e+05   0.000000e+00   9670s
  224788    7.2859703e+01   4.952176e+05   0.000000e+00   9683s
  224918    7.2863112e+01   7.193695e+05   0.000000e+00   9695s
  225058    7.2866906e+01   1.818695e+05   0.000000e+00   9708s
  225188    7.2870023e+01   2.082692e+05   0.000000e+00   9721s
  225328    7.2873300e+01   2.051638e+06   0.000000e+00   9734s
  225468    7.2876070e+01   1.586877e+05   0.000000e+00   9746s
  225588    7.2880129e+01   1.077199e+06   0.000000e+00   9758s
  225718    7.2883158e+01   9.627911e+05   0.000000e+00   9771s
  225868    7.2887198e+01   1.601550e+06   0.000000e+00   9784s
  226008    7.2891992e+01   1.297965e+06   0.000000e+00   9797s
  226158    7.2896363e+01   8.627954e+05   0.000000e+00   9810s
  226298    7.2899943e+01   4.519037e+06   0.000000e+00   9823s
  226448    7.2904024e+01   4.849005e+05   0.000000e+00   9837s
  226598    7.2908073e+01   4.641236e+05   0.000000e+00   9850s
  226728    7.2912744e+01   1.431333e+06   0.000000e+00   9862s
  226868    7.2917074e+01   1.049070e+05   0.000000e+00   9875s
  227008    7.2920402e+01   7.678364e+05   0.000000e+00   9888s
  227158    7.2923550e+01   1.407252e+06   0.000000e+00   9901s
  227298    7.2928020e+01   1.866551e+05   0.000000e+00   9914s
  227438    7.2931705e+01   3.854007e+05   0.000000e+00   9927s
  227588    7.2936409e+01   1.415099e+06   0.000000e+00   9941s
  227728    7.2940219e+01   2.115292e+05   0.000000e+00   9953s
  227868    7.2943660e+01   6.821256e+05   0.000000e+00   9966s
  227998    7.2946786e+01   1.969382e+06   0.000000e+00   9978s
  228148    7.2950947e+01   4.437250e+06   0.000000e+00   9991s
  228298    7.2954027e+01   2.718904e+06   0.000000e+00  10005s
  228448    7.2957386e+01   1.894831e+05   0.000000e+00  10018s
  228598    7.2961468e+01   2.670107e+05   0.000000e+00  10032s
  228738    7.2964916e+01   1.589269e+05   0.000000e+00  10044s
  228868    7.2968308e+01   7.024146e+04   0.000000e+00  10057s
  228998    7.2971863e+01   8.690763e+06   0.000000e+00  10069s
  229128    7.2975689e+01   6.624564e+05   0.000000e+00  10081s
  229268    7.2980031e+01   2.661296e+05   0.000000e+00  10094s
  229408    7.2983547e+01   1.859378e+05   0.000000e+00  10107s
  229548    7.2987150e+01   8.252088e+04   0.000000e+00  10119s
  229678    7.2990779e+01   3.020024e+05   0.000000e+00  10132s
  229818    7.2994830e+01   1.775745e+05   0.000000e+00  10145s
  229958    7.2998269e+01   2.087533e+06   0.000000e+00  10158s
  230108    7.3002567e+01   6.601002e+05   0.000000e+00  10171s
  230248    7.3006247e+01   1.478541e+07   0.000000e+00  10184s
  230388    7.3010415e+01   2.296269e+06   0.000000e+00  10197s
  230538    7.3014189e+01   1.035975e+06   0.000000e+00  10211s
  230678    7.3017190e+01   2.086157e+05   0.000000e+00  10224s
  230818    7.3019848e+01   1.185500e+05   0.000000e+00  10237s
  230948    7.3023339e+01   4.283729e+05   0.000000e+00  10249s
  231098    7.3026771e+01   4.259695e+05   0.000000e+00  10263s
  231238    7.3029571e+01   3.529160e+05   0.000000e+00  10276s
  231398    7.3032796e+01   5.206784e+05   0.000000e+00  10290s
  231548    7.3036488e+01   1.273077e+07   0.000000e+00  10303s
  231708    7.3039869e+01   1.451759e+06   0.000000e+00  10318s
  231848    7.3043388e+01   1.526339e+05   0.000000e+00  10331s
  231998    7.3046824e+01   1.535820e+05   0.000000e+00  10345s
  232148    7.3050314e+01   1.014575e+05   0.000000e+00  10359s
  232308    7.3053764e+01   1.927369e+05   0.000000e+00  10373s
  232458    7.3057063e+01   2.332665e+05   0.000000e+00  10387s
  232598    7.3060508e+01   3.569790e+05   0.000000e+00  10399s
  232748    7.3063677e+01   1.523076e+06   0.000000e+00  10413s
  232888    7.3067214e+01   1.038117e+05   0.000000e+00  10426s
  233028    7.3069961e+01   1.684549e+05   0.000000e+00  10439s
  233168    7.3072250e+01   6.804051e+04   0.000000e+00  10451s
  233318    7.3075549e+01   3.019127e+05   0.000000e+00  10465s
  233448    7.3078832e+01   1.922302e+05   0.000000e+00  10477s
  233578    7.3082356e+01   2.101149e+05   0.000000e+00  10490s
  233708    7.3084781e+01   7.701855e+04   0.000000e+00  10501s
  233838    7.3086980e+01   6.848211e+04   0.000000e+00  10514s
  233968    7.3090098e+01   1.461893e+05   0.000000e+00  10526s
  234098    7.3093438e+01   1.039687e+06   0.000000e+00  10538s
  234228    7.3096433e+01   1.016708e+06   0.000000e+00  10551s
  234368    7.3099471e+01   3.199589e+05   0.000000e+00  10564s
  234508    7.3101782e+01   4.165750e+05   0.000000e+00  10577s
  234648    7.3104703e+01   5.089730e+05   0.000000e+00  10590s
  234788    7.3107726e+01   8.338160e+05   0.000000e+00  10602s
  234928    7.3110299e+01   6.387938e+05   0.000000e+00  10615s
  235058    7.3113597e+01   2.675753e+05   0.000000e+00  10627s
  235188    7.3116261e+01   4.552087e+05   0.000000e+00  10640s
  235328    7.3119536e+01   5.707878e+05   0.000000e+00  10653s
  235468    7.3122439e+01   4.986338e+05   0.000000e+00  10665s
  235608    7.3125387e+01   1.555288e+05   0.000000e+00  10678s
  235748    7.3127960e+01   3.146235e+06   0.000000e+00  10690s
  235878    7.3130854e+01   3.783710e+05   0.000000e+00  10703s
  236018    7.3133461e+01   3.830116e+05   0.000000e+00  10715s
  236148    7.3135831e+01   1.626953e+06   0.000000e+00  10728s
  236278    7.3138296e+01   2.728076e+06   0.000000e+00  10740s
  236428    7.3142087e+01   1.969237e+06   0.000000e+00  10754s
  236588    7.3146099e+01   3.065997e+05   0.000000e+00  10769s
  236748    7.3149508e+01   1.697841e+05   0.000000e+00  10783s
  236898    7.3152255e+01   7.518922e+04   0.000000e+00  10796s
  237048    7.3154931e+01   6.428338e+05   0.000000e+00  10810s
  237188    7.3157691e+01   1.265007e+05   0.000000e+00  10823s
  237328    7.3160850e+01   1.232852e+05   0.000000e+00  10836s
  237478    7.3163901e+01   3.479292e+05   0.000000e+00  10849s
  237618    7.3165790e+01   2.445988e+05   0.000000e+00  10862s
  237768    7.3168453e+01   4.065827e+05   0.000000e+00  10875s
  237918    7.3172064e+01   2.940078e+05   0.000000e+00  10888s
  238068    7.3174942e+01   1.033285e+07   0.000000e+00  10901s
  238218    7.3177611e+01   5.041728e+05   0.000000e+00  10915s
  238368    7.3181528e+01   1.085938e+05   0.000000e+00  10928s
  238518    7.3184396e+01   2.936419e+05   0.000000e+00  10941s
  238668    7.3187568e+01   4.249131e+05   0.000000e+00  10954s
  238818    7.3190476e+01   3.737410e+06   0.000000e+00  10967s
  238958    7.3193467e+01   1.413647e+05   0.000000e+00  10980s
  239118    7.3197449e+01   1.284118e+05   0.000000e+00  10994s
  239268    7.3200669e+01   3.384061e+05   0.000000e+00  11008s
  239408    7.3204180e+01   1.901854e+06   0.000000e+00  11021s
  239548    7.3206797e+01   1.208899e+06   0.000000e+00  11033s
  239688    7.3209834e+01   5.827707e+04   0.000000e+00  11046s
  239838    7.3213209e+01   2.958520e+06   0.000000e+00  11059s
  239978    7.3216137e+01   4.991442e+05   0.000000e+00  11072s
  240128    7.3219200e+01   1.734016e+05   0.000000e+00  11085s
  240268    7.3222624e+01   3.251693e+05   0.000000e+00  11098s
  240418    7.3225006e+01   8.029294e+06   0.000000e+00  11112s
  240568    7.3227706e+01   9.133191e+04   0.000000e+00  11126s
  240728    7.3230897e+01   1.754423e+05   0.000000e+00  11140s
  240888    7.3234423e+01   1.479405e+06   0.000000e+00  11155s
  241038    7.3238230e+01   1.372569e+05   0.000000e+00  11169s
  241178    7.3240954e+01   1.141844e+05   0.000000e+00  11182s
  241328    7.3245564e+01   2.707394e+05   0.000000e+00  11195s
  241468    7.3248416e+01   6.590797e+04   0.000000e+00  11208s
  241598    7.3250799e+01   2.202373e+05   0.000000e+00  11220s
  241738    7.3254063e+01   1.332279e+05   0.000000e+00  11233s
  241868    7.3257164e+01   3.364135e+06   0.000000e+00  11246s
  242008    7.3259737e+01   6.092825e+05   0.000000e+00  11258s
  242148    7.3262743e+01   1.569325e+06   0.000000e+00  11271s
  242288    7.3265617e+01   6.354699e+04   0.000000e+00  11284s
  242448    7.3269356e+01   8.038129e+04   0.000000e+00  11298s
  242588    7.3272133e+01   1.109049e+06   0.000000e+00  11311s
  242728    7.3274825e+01   5.051914e+05   0.000000e+00  11324s
  242878    7.3278046e+01   3.657608e+05   0.000000e+00  11338s
  243018    7.3280003e+01   7.383906e+05   0.000000e+00  11351s
  243158    7.3282145e+01   1.754302e+05   0.000000e+00  11364s
  243298    7.3284369e+01   5.279607e+05   0.000000e+00  11377s
  243448    7.3286702e+01   2.032422e+05   0.000000e+00  11390s
  243588    7.3288701e+01   1.512324e+05   0.000000e+00  11403s
  243728    7.3290906e+01   1.567813e+05   0.000000e+00  11416s
  243868    7.3293227e+01   1.944677e+05   0.000000e+00  11429s
  244018    7.3296149e+01   8.996398e+05   0.000000e+00  11443s
  244158    7.3298228e+01   2.516753e+05   0.000000e+00  11455s
  244298    7.3300798e+01   1.142501e+05   0.000000e+00  11468s
  244428    7.3303259e+01   1.517249e+05   0.000000e+00  11480s
  244568    7.3305608e+01   2.594262e+05   0.000000e+00  11493s
  244718    7.3308520e+01   1.275181e+05   0.000000e+00  11507s
  244868    7.3311300e+01   2.139333e+06   0.000000e+00  11520s
  245018    7.3313304e+01   5.668481e+04   0.000000e+00  11533s
  245158    7.3315985e+01   1.623006e+05   0.000000e+00  11546s
  245298    7.3318404e+01   2.932061e+06   0.000000e+00  11559s
  245448    7.3320970e+01   3.175583e+06   0.000000e+00  11573s
  245588    7.3323316e+01   8.994887e+04   0.000000e+00  11586s
  245738    7.3326274e+01   4.978011e+04   0.000000e+00  11599s
  245878    7.3328735e+01   4.303468e+06   0.000000e+00  11612s
  246018    7.3331313e+01   1.072324e+05   0.000000e+00  11626s
  246168    7.3334065e+01   1.325610e+05   0.000000e+00  11639s
  246308    7.3336877e+01   5.635279e+04   0.000000e+00  11652s
  246458    7.3339490e+01   9.835411e+04   0.000000e+00  11666s
  246608    7.3341669e+01   7.386914e+05   0.000000e+00  11679s
  246758    7.3344579e+01   1.041335e+05   0.000000e+00  11693s
  246908    7.3347189e+01   4.906484e+06   0.000000e+00  11707s
  247048    7.3349821e+01   1.927578e+05   0.000000e+00  11720s
  247178    7.3352609e+01   9.686748e+05   0.000000e+00  11732s
  247318    7.3355991e+01   4.721892e+05   0.000000e+00  11745s
  247458    7.3358500e+01   4.498928e+05   0.000000e+00  11758s
  247618    7.3361941e+01   5.484065e+05   0.000000e+00  11772s
  247768    7.3364530e+01   4.123569e+05   0.000000e+00  11786s
  247928    7.3367915e+01   1.442198e+05   0.000000e+00  11800s
  248078    7.3370192e+01   6.912452e+06   0.000000e+00  11814s
  248228    7.3372724e+01   2.258296e+05   0.000000e+00  11828s
  248388    7.3375217e+01   1.702767e+05   0.000000e+00  11842s
  248528    7.3377721e+01   6.321271e+05   0.000000e+00  11855s
  248678    7.3380589e+01   3.469406e+05   0.000000e+00  11868s
  248828    7.3383072e+01   1.317254e+05   0.000000e+00  11882s
  248978    7.3385874e+01   7.766648e+05   0.000000e+00  11896s
  249128    7.3388326e+01   5.960124e+05   0.000000e+00  11909s
  249268    7.3390631e+01   5.633849e+05   0.000000e+00  11923s
  249398    7.3392897e+01   2.240189e+05   0.000000e+00  11935s
  249528    7.3394783e+01   8.165911e+04   0.000000e+00  11947s
  249668    7.3397333e+01   3.437765e+05   0.000000e+00  11959s
  249808    7.3399616e+01   1.034599e+05   0.000000e+00  11972s
  249938    7.3401447e+01   9.074624e+05   0.000000e+00  11985s
  250088    7.3403855e+01   2.402134e+05   0.000000e+00  11998s
  250228    7.3406126e+01   1.343277e+05   0.000000e+00  12012s
  250378    7.3409076e+01   4.498790e+05   0.000000e+00  12025s
  250528    7.3411593e+01   6.076531e+05   0.000000e+00  12039s
  250668    7.3414093e+01   6.991775e+05   0.000000e+00  12051s
  250808    7.3417153e+01   6.443091e+04   0.000000e+00  12064s
  250958    7.3419675e+01   2.752173e+05   0.000000e+00  12078s
  251108    7.3422029e+01   6.583535e+05   0.000000e+00  12092s
  251248    7.3424161e+01   1.146984e+05   0.000000e+00  12105s
  251398    7.3426826e+01   1.158800e+05   0.000000e+00  12119s
  251538    7.3429020e+01   2.588296e+05   0.000000e+00  12132s
  251688    7.3431206e+01   1.048345e+07   0.000000e+00  12146s
  251848    7.3433073e+01   6.345300e+05   0.000000e+00  12160s
  251998    7.3434855e+01   4.702254e+04   0.000000e+00  12174s
  252148    7.3437757e+01   1.135765e+05   0.000000e+00  12188s
  252298    7.3440597e+01   3.177352e+05   0.000000e+00  12202s
  252438    7.3443373e+01   7.124035e+06   0.000000e+00  12215s
  252578    7.3445645e+01   1.669646e+05   0.000000e+00  12228s
  252708    7.3447633e+01   3.038394e+05   0.000000e+00  12240s
  252858    7.3450373e+01   2.213972e+05   0.000000e+00  12254s
  253008    7.3453059e+01   4.504973e+04   0.000000e+00  12268s
  253148    7.3456156e+01   1.540578e+05   0.000000e+00  12281s
  253288    7.3459291e+01   1.815825e+06   0.000000e+00  12294s
  253428    7.3461702e+01   1.684109e+06   0.000000e+00  12307s
  253578    7.3464913e+01   6.380484e+04   0.000000e+00  12321s
  253728    7.3467876e+01   3.314407e+05   0.000000e+00  12335s
  253878    7.3470786e+01   1.100760e+05   0.000000e+00  12348s
  254008    7.3473263e+01   7.505803e+05   0.000000e+00  12361s
  254148    7.3475310e+01   2.031773e+05   0.000000e+00  12374s
  254288    7.3477422e+01   1.119478e+06   0.000000e+00  12387s
  254428    7.3479452e+01   3.326811e+06   0.000000e+00  12400s
  254578    7.3481674e+01   2.143638e+05   0.000000e+00  12414s
  254708    7.3484143e+01   9.566247e+05   0.000000e+00  12426s
  254848    7.3486316e+01   6.266995e+04   0.000000e+00  12440s
  254998    7.3489121e+01   2.074516e+06   0.000000e+00  12453s
  255148    7.3492154e+01   1.235858e+06   0.000000e+00  12467s
  255298    7.3494612e+01   7.483896e+04   0.000000e+00  12481s
  255448    7.3496825e+01   5.786021e+05   0.000000e+00  12494s
  255608    7.3499185e+01   1.974243e+05   0.000000e+00  12509s
  255768    7.3501455e+01   9.523807e+04   0.000000e+00  12523s
  255918    7.3503780e+01   2.890926e+05   0.000000e+00  12537s
  256078    7.3506036e+01   6.089721e+04   0.000000e+00  12552s
  256228    7.3508055e+01   6.176941e+04   0.000000e+00  12565s
  256378    7.3509659e+01   1.339824e+05   0.000000e+00  12579s
  256518    7.3511980e+01   7.493712e+05   0.000000e+00  12593s
  256668    7.3514462e+01   2.174141e+05   0.000000e+00  12606s
  256808    7.3516803e+01   7.466903e+04   0.000000e+00  12620s
  256958    7.3518913e+01   4.126471e+05   0.000000e+00  12633s
  257098    7.3521777e+01   1.223215e+05   0.000000e+00  12647s
  257238    7.3524283e+01   7.362042e+04   0.000000e+00  12660s
  257388    7.3526210e+01   2.576363e+05   0.000000e+00  12674s
  257538    7.3528975e+01   2.400608e+05   0.000000e+00  12687s
  257678    7.3530719e+01   1.882646e+05   0.000000e+00  12700s
  257818    7.3532485e+01   5.009405e+05   0.000000e+00  12713s
  257958    7.3535135e+01   1.905476e+05   0.000000e+00  12726s
  258098    7.3537959e+01   2.814741e+05   0.000000e+00  12739s
  258238    7.3540367e+01   2.184114e+05   0.000000e+00  12752s
  258388    7.3542229e+01   1.570774e+05   0.000000e+00  12766s
  258538    7.3544652e+01   1.042586e+05   0.000000e+00  12780s
  258688    7.3546780e+01   3.307061e+04   0.000000e+00  12793s
  258838    7.3548901e+01   4.851703e+05   0.000000e+00  12807s
  258978    7.3551232e+01   4.254558e+05   0.000000e+00  12821s
  259118    7.3552968e+01   1.677649e+06   0.000000e+00  12834s
  259248    7.3554640e+01   5.074584e+04   0.000000e+00  12846s
  259388    7.3556342e+01   2.347142e+06   0.000000e+00  12859s
  259528    7.3557745e+01   1.128210e+05   0.000000e+00  12872s
  259678    7.3560067e+01   1.744736e+05   0.000000e+00  12886s
  259828    7.3561856e+01   2.743181e+05   0.000000e+00  12899s
  259978    7.3564175e+01   2.730081e+05   0.000000e+00  12913s
  260148    7.3566887e+01   7.458413e+05   0.000000e+00  12928s
  260318    7.3569147e+01   6.049441e+04   0.000000e+00  12942s
  260468    7.3571190e+01   1.390085e+05   0.000000e+00  12955s
  260628    7.3573006e+01   1.186999e+05   0.000000e+00  12969s
  260778    7.3574922e+01   2.747780e+05   0.000000e+00  12983s
  260928    7.3576857e+01   1.968130e+05   0.000000e+00  12996s
  261068    7.3579141e+01   2.052979e+05   0.000000e+00  13009s
  261208    7.3580775e+01   8.683341e+04   0.000000e+00  13022s
  261338    7.3582795e+01   3.308785e+05   0.000000e+00  13034s
  261478    7.3584646e+01   1.369398e+05   0.000000e+00  13048s
  261618    7.3586270e+01   1.927128e+06   0.000000e+00  13061s
  261758    7.3588108e+01   3.288182e+05   0.000000e+00  13073s
  261908    7.3589987e+01   1.332386e+05   0.000000e+00  13087s
  262048    7.3591831e+01   1.545439e+05   0.000000e+00  13100s
  262188    7.3593631e+01   1.204252e+06   0.000000e+00  13113s
  262348    7.3595934e+01   2.788758e+05   0.000000e+00  13127s
  262488    7.3597408e+01   4.877845e+05   0.000000e+00  13140s
  262628    7.3598819e+01   1.500824e+05   0.000000e+00  13153s
  262778    7.3600878e+01   2.345665e+06   0.000000e+00  13167s
  262938    7.3603323e+01   1.616559e+05   0.000000e+00  13181s
  263078    7.3605237e+01   3.311903e+05   0.000000e+00  13195s
  263218    7.3607211e+01   7.342360e+04   0.000000e+00  13208s
  263368    7.3609308e+01   6.556070e+05   0.000000e+00  13221s
  263508    7.3611437e+01   2.266546e+05   0.000000e+00  13234s
  263648    7.3613441e+01   1.291611e+05   0.000000e+00  13247s
  263788    7.3615333e+01   5.787330e+04   0.000000e+00  13260s
  263938    7.3617086e+01   2.133114e+06   0.000000e+00  13274s
  264088    7.3618779e+01   5.470261e+04   0.000000e+00  13288s
  264238    7.3620440e+01   1.270344e+06   0.000000e+00  13301s
  264388    7.3622397e+01   1.300315e+05   0.000000e+00  13315s
  264548    7.3624646e+01   1.072580e+06   0.000000e+00  13329s
  264708    7.3627045e+01   3.948874e+05   0.000000e+00  13343s
  264858    7.3629505e+01   1.295294e+05   0.000000e+00  13357s
  264998    7.3631624e+01   6.135238e+05   0.000000e+00  13370s
  265148    7.3633488e+01   6.377095e+04   0.000000e+00  13384s
  265298    7.3635479e+01   6.060060e+05   0.000000e+00  13397s
  265448    7.3637936e+01   1.152946e+05   0.000000e+00  13411s
  265588    7.3639986e+01   7.235339e+04   0.000000e+00  13424s
  265728    7.3642204e+01   6.179504e+06   0.000000e+00  13437s
  265868    7.3644346e+01   8.826190e+05   0.000000e+00  13451s
  266018    7.3646232e+01   1.866453e+06   0.000000e+00  13465s
  266168    7.3647837e+01   5.950768e+05   0.000000e+00  13479s
  266318    7.3649436e+01   1.276854e+05   0.000000e+00  13493s
  266478    7.3651448e+01   9.963317e+04   0.000000e+00  13507s
  266628    7.3653163e+01   4.182142e+05   0.000000e+00  13520s
  266768    7.3654870e+01   3.102135e+05   0.000000e+00  13533s
  266908    7.3656242e+01   1.599774e+05   0.000000e+00  13547s
  267058    7.3658123e+01   2.005823e+05   0.000000e+00  13561s
  267218    7.3659724e+01   5.509399e+04   0.000000e+00  13575s
  267358    7.3661414e+01   1.067982e+05   0.000000e+00  13588s
  267498    7.3663215e+01   1.636289e+05   0.000000e+00  13601s
  267638    7.3665212e+01   1.071351e+05   0.000000e+00  13614s
  267788    7.3667283e+01   6.971754e+04   0.000000e+00  13628s
  267938    7.3668743e+01   1.703125e+05   0.000000e+00  13641s
  268098    7.3670389e+01   1.255283e+05   0.000000e+00  13655s
  268248    7.3672206e+01   7.328144e+05   0.000000e+00  13669s
  268398    7.3673974e+01   8.607464e+04   0.000000e+00  13682s
  268538    7.3675652e+01   4.838121e+05   0.000000e+00  13695s
  268678    7.3677797e+01   1.212630e+05   0.000000e+00  13708s
  268818    7.3679560e+01   1.099898e+05   0.000000e+00  13722s
  268968    7.3680959e+01   6.524903e+06   0.000000e+00  13735s
  269118    7.3682870e+01   9.360898e+05   0.000000e+00  13748s
  269268    7.3684523e+01   5.313858e+04   0.000000e+00  13762s
  269408    7.3685931e+01   1.881249e+05   0.000000e+00  13775s
  269548    7.3687306e+01   6.911904e+05   0.000000e+00  13787s
  269688    7.3689082e+01   5.392653e+04   0.000000e+00  13800s
  269828    7.3690361e+01   7.768621e+04   0.000000e+00  13813s
  269968    7.3692119e+01   1.894825e+05   0.000000e+00  13826s
  270108    7.3694173e+01   2.243310e+05   0.000000e+00  13839s
  270268    7.3695905e+01   1.924430e+05   0.000000e+00  13853s
  270418    7.3697489e+01   1.562609e+05   0.000000e+00  13867s
  270568    7.3699272e+01   3.682987e+05   0.000000e+00  13880s
  270708    7.3701060e+01   6.272336e+04   0.000000e+00  13894s
  270858    7.3702645e+01   1.113497e+05   0.000000e+00  13908s
  271018    7.3704577e+01   5.745978e+04   0.000000e+00  13922s
  271188    7.3706503e+01   1.351421e+05   0.000000e+00  13937s
  271338    7.3707854e+01   2.807741e+05   0.000000e+00  13950s
  271488    7.3709872e+01   8.875698e+04   0.000000e+00  13964s
  271638    7.3711913e+01   1.164574e+05   0.000000e+00  13977s
  271778    7.3713782e+01   2.479427e+05   0.000000e+00  13990s
  271928    7.3715469e+01   2.269909e+05   0.000000e+00  14004s
  272068    7.3717091e+01   9.664644e+04   0.000000e+00  14017s
  272218    7.3718765e+01   3.692404e+05   0.000000e+00  14031s
  272378    7.3720696e+01   4.046792e+05   0.000000e+00  14045s
  272528    7.3722640e+01   7.060931e+04   0.000000e+00  14058s
  272678    7.3724293e+01   1.706292e+05   0.000000e+00  14071s
  272818    7.3725532e+01   1.724200e+05   0.000000e+00  14084s
  272958    7.3726759e+01   1.259964e+05   0.000000e+00  14098s
  273098    7.3728211e+01   1.324107e+05   0.000000e+00  14110s
  273238    7.3729629e+01   2.128222e+06   0.000000e+00  14123s
  273378    7.3730982e+01   2.676804e+05   0.000000e+00  14136s
  273528    7.3732486e+01   5.016674e+04   0.000000e+00  14149s
  273678    7.3734128e+01   2.502006e+05   0.000000e+00  14162s
  273818    7.3735430e+01   1.896136e+06   0.000000e+00  14175s
  273968    7.3737112e+01   6.927730e+05   0.000000e+00  14189s
  274118    7.3738925e+01   2.517875e+05   0.000000e+00  14202s
  274278    7.3740780e+01   8.334999e+04   0.000000e+00  14217s
  274448    7.3742751e+01   1.725538e+05   0.000000e+00  14232s
  274598    7.3744172e+01   8.229717e+04   0.000000e+00  14246s
  274758    7.3745863e+01   8.031636e+04   0.000000e+00  14260s
  274908    7.3747406e+01   2.373273e+05   0.000000e+00  14274s
  275048    7.3748897e+01   5.755773e+04   0.000000e+00  14286s
  275188    7.3750183e+01   8.958414e+04   0.000000e+00  14299s
  275328    7.3751711e+01   9.184481e+04   0.000000e+00  14312s
  275478    7.3752932e+01   1.590302e+05   0.000000e+00  14325s
  275628    7.3754342e+01   1.348700e+05   0.000000e+00  14338s
  275778    7.3755624e+01   4.592514e+05   0.000000e+00  14352s
  275928    7.3757115e+01   9.052497e+04   0.000000e+00  14365s
  276078    7.3758498e+01   4.491979e+04   0.000000e+00  14379s
  276228    7.3759883e+01   1.391960e+05   0.000000e+00  14393s

Root relaxation: time limit, 276323 iterations, 13937.53 seconds (29274.47 work units)

    Nodes    |    Current Node    |     Objective Bounds      |     Work
 Expl Unexpl |  Obj  Depth IntInf | Incumbent    BestBd   Gap | It/Node Time

     0     0          -    0       253.00000    0.00000   100%     - 14400s

Explored 1 nodes (276323 simplex iterations) in 14400.36 seconds (29404.79 work units)
Thread count was 32 (of 32 available processors)

Solution count 1: 253 

Time limit reached
Best objective 2.530000000000e+02, best bound 0.000000000000e+00, gap 100.0000%

User-callback calls 11413, time in user-callback 0.13 sec
