slot_index,a_km,e,i_deg,raan_deg,argp_deg,arg_lat_deg
117,6640.441128,0.000000,43.000000,72.162953,0.000000,141.392758
668,6640.441128,0.000000,43.000000,348.430362,0.000000,41.114206
718,6640.441128,0.000000,42.000000,6.750000,0.000000,0.000000
720,6640.441128,0.000000,42.000000,7.752786,0.000000,343.955432
723,6640.441128,0.000000,42.000000,9.256964,0.000000,319.888579
724,6640.441128,0.000000,42.000000,9.758357,0.000000,311.866295
727,6640.441128,0.000000,42.000000,11.262535,0.000000,287.799443
729,6640.441128,0.000000,42.000000,12.265320,0.000000,271.754875
730,6640.441128,0.000000,42.000000,12.766713,0.000000,263.732591
732,6640.441128,0.000000,42.000000,13.769499,0.000000,247.688022
735,6640.441128,0.000000,42.000000,15.273677,0.000000,223.621170
737,6640.441128,0.000000,42.000000,16.276462,0.000000,207.576602
740,6640.441128,0.000000,42.000000,17.780641,0.000000,183.509749
743,6640.441128,0.000000,42.000000,19.284819,0.000000,159.442897
746,6640.441128,0.000000,42.000000,20.788997,0.000000,135.376045
747,6640.441128,0.000000,42.000000,21.290390,0.000000,127.353760
750,6640.441128,0.000000,42.000000,22.794568,0.000000,103.286908
752,6640.441128,0.000000,42.000000,23.797354,0.000000,87.242340
753,6640.441128,0.000000,42.000000,24.298747,0.000000,79.220056
754,6640.441128,0.000000,42.000000,24.800139,0.000000,71.197772
758,6640.441128,0.000000,42.000000,26.805710,0.000000,39.108635
760,6640.441128,0.000000,42.000000,27.808496,0.000000,23.064067
762,6640.441128,0.000000,42.000000,28.811281,0.000000,7.019499
763,6640.441128,0.000000,42.000000,29.312674,0.000000,358.997214
766,6640.441128,0.000000,42.000000,30.816852,0.000000,334.930362
768,6640.441128,0.000000,42.000000,31.819638,0.000000,318.885794
769,6640.441128,0.000000,42.000000,32.321031,0.000000,310.863510
772,6640.441128,0.000000,42.000000,33.825209,0.000000,286.796657
773,6640.441128,0.000000,42.000000,34.326602,0.000000,278.774373
776,6640.441128,0.000000,42.000000,35.830780,0.000000,254.707521
777,6640.441128,0.000000,42.000000,36.332173,0.000000,246.685237
778,6640.441128,0.000000,42.000000,36.833565,0.000000,238.662953
781,6640.441128,0.000000,42.000000,38.337744,0.000000,214.596100
783,6640.441128,0.000000,42.000000,39.340529,0.000000,198.551532
785,6640.441128,0.000000,42.000000,40.343315,0.000000,182.506964
786,6640.441128,0.000000,42.000000,40.844708,0.000000,174.484680
788,6640.441128,0.000000,42.000000,41.847493,0.000000,158.440111
790,6640.441128,0.000000,42.000000,42.850279,0.000000,142.395543
793,6640.441128,0.000000,42.000000,44.354457,0.000000,118.328691
794,6640.441128,0.000000,42.000000,44.855850,0.000000,110.306407
797,6640.441128,0.000000,42.000000,46.360028,0.000000,86.239554
798,6640.441128,0.000000,42.000000,46.861421,0.000000,78.217270
801,6640.441128,0.000000,42.000000,48.365599,0.000000,54.150418
803,6640.441128,0.000000,42.000000,49.368384,0.000000,38.105850
807,6640.441128,0.000000,42.000000,51.373955,0.000000,6.016713
808,6640.441128,0.000000,42.000000,51.875348,0.000000,357.994429
811,6640.441128,0.000000,42.000000,53.379526,0.000000,333.927577
812,6640.441128,0.000000,42.000000,53.880919,0.000000,325.905292
814,6640.441128,0.000000,42.000000,54.883705,0.000000,309.860724
816,6640.441128,0.000000,42.000000,55.886490,0.000000,293.816156
817,6640.441128,0.000000,42.000000,56.387883,0.000000,285.793872
820,6640.441128,0.000000,42.000000,57.892061,0.000000,261.727019
823,6640.441128,0.000000,42.000000,59.396240,0.000000,237.660167
824,6640.441128,0.000000,42.000000,59.897632,0.000000,229.637883
829,6640.441128,0.000000,42.000000,62.404596,0.000000,189.526462
832,6640.441128,0.000000,42.000000,63.908774,0.000000,165.459610
837,6640.441128,0.000000,42.000000,66.415738,0.000000,125.348189
839,6640.441128,0.000000,42.000000,67.418524,0.000000,109.303621
840,6640.441128,0.000000,42.000000,67.919916,0.000000,101.281337
843,6640.441128,0.000000,42.000000,69.424095,0.000000,77.214485
848,6640.441128,0.000000,42.000000,71.931058,0.000000,37.103064
849,6640.441128,0.000000,42.000000,72.432451,0.000000,29.080780
850,6640.441128,0.000000,42.000000,72.933844,0.000000,21.058496
852,6640.441128,0.000000,42.000000,73.936630,0.000000,5.013928
853,6640.441128,0.000000,42.000000,74.438022,0.000000,356.991643
855,6640.441128,0.000000,42.000000,75.440808,0.000000,340.947075
856,6640.441128,0.000000,42.000000,75.942201,0.000000,332.924791
857,6640.441128,0.000000,42.000000,76.443593,0.000000,324.902507
859,6640.441128,0.000000,42.000000,77.446379,0.000000,308.857939
861,6640.441128,0.000000,42.000000,78.449164,0.000000,292.813370
864,6640.441128,0.000000,42.000000,79.953343,0.000000,268.746518
865,6640.441128,0.000000,42.000000,80.454735,0.000000,260.724234
866,6640.441128,0.000000,42.000000,80.956128,0.000000,252.701950
869,6640.441128,0.000000,42.000000,82.460306,0.000000,228.635097
871,6640.441128,0.000000,42.000000,83.463092,0.000000,212.590529
872,6640.441128,0.000000,42.000000,83.964485,0.000000,204.568245
874,6640.441128,0.000000,42.000000,84.967270,0.000000,188.523677
877,6640.441128,0.000000,42.000000,86.471448,0.000000,164.456825
878,6640.441128,0.000000,42.000000,86.972841,0.000000,156.434540
881,6640.441128,0.000000,42.000000,88.477019,0.000000,132.367688
883,6640.441128,0.000000,42.000000,89.479805,0.000000,116.323120
885,6640.441128,0.000000,42.000000,90.482591,0.000000,100.278552
886,6640.441128,0.000000,42.000000,90.983983,0.000000,92.256267
887,6640.441128,0.000000,42.000000,91.485376,0.000000,84.233983
888,6640.441128,0.000000,42.000000,91.986769,0.000000,76.211699
890,6640.441128,0.000000,42.000000,92.989554,0.000000,60.167131
897,6640.441128,0.000000,42.000000,96.499304,0.000000,4.011142
899,6640.441128,0.000000,42.000000,97.502089,0.000000,347.966574
900,6640.441128,0.000000,42.000000,98.003482,0.000000,339.944290
901,6640.441128,0.000000,42.000000,98.504875,0.000000,331.922006
903,6640.441128,0.000000,42.000000,99.507660,0.000000,315.877437
906,6640.441128,0.000000,42.000000,101.011838,0.000000,291.810585
909,6640.441128,0.000000,42.000000,102.516017,0.000000,267.743733
912,6640.441128,0.000000,42.000000,104.020195,0.000000,243.676880
914,6640.441128,0.000000,42.000000,105.022981,0.000000,227.632312
916,6640.441128,0.000000,42.000000,106.025766,0.000000,211.587744
917,6640.441128,0.000000,42.000000,106.527159,0.000000,203.565460
920,6640.441128,0.000000,42.000000,108.031337,0.000000,179.498607
922,6640.441128,0.000000,42.000000,109.034123,0.000000,163.454039
924,6640.441128,0.000000,42.000000,110.036908,0.000000,147.409471
925,6640.441128,0.000000,42.000000,110.538301,0.000000,139.387187
929,6640.441128,0.000000,42.000000,112.543872,0.000000,107.298050
930,6640.441128,0.000000,42.000000,113.045265,0.000000,99.275766
932,6640.441128,0.000000,42.000000,114.048050,0.000000,83.231198
934,6640.441128,0.000000,42.000000,115.050836,0.000000,67.186630
936,6640.441128,0.000000,42.000000,116.053621,0.000000,51.142061
940,6640.441128,0.000000,42.000000,118.059192,0.000000,19.052925
942,6640.441128,0.000000,42.000000,119.061978,0.000000,3.008357
945,6640.441128,0.000000,42.000000,120.566156,0.000000,338.941504
947,6640.441128,0.000000,42.000000,121.568942,0.000000,322.896936
950,6640.441128,0.000000,42.000000,123.073120,0.000000,298.830084
952,6640.441128,0.000000,42.000000,124.075905,0.000000,282.785515
953,6640.441128,0.000000,42.000000,124.577298,0.000000,274.763231
954,6640.441128,0.000000,42.000000,125.078691,0.000000,266.740947
957,6640.441128,0.000000,42.000000,126.582869,0.000000,242.674095
961,6640.441128,0.000000,42.000000,128.588440,0.000000,210.584958
962,6640.441128,0.000000,42.000000,129.089833,0.000000,202.562674
964,6640.441128,0.000000,42.000000,130.092618,0.000000,186.518106
965,6640.441128,0.000000,42.000000,130.594011,0.000000,178.495822
967,6640.441128,0.000000,42.000000,131.596797,0.000000,162.451253
970,6640.441128,0.000000,42.000000,133.100975,0.000000,138.384401
971,6640.441128,0.000000,42.000000,133.602368,0.000000,130.362117
973,6640.441128,0.000000,42.000000,134.605153,0.000000,114.317549
974,6640.441128,0.000000,42.000000,135.106546,0.000000,106.295265
977,6640.441128,0.000000,42.000000,136.610724,0.000000,82.228412
978,6640.441128,0.000000,42.000000,137.112117,0.000000,74.206128
980,6640.441128,0.000000,42.000000,138.114903,0.000000,58.161560
984,6640.441128,0.000000,42.000000,140.120474,0.000000,26.072423
986,6640.441128,0.000000,42.000000,141.123259,0.000000,10.027855
987,6640.441128,0.000000,42.000000,141.624652,0.000000,2.005571
988,6640.441128,0.000000,42.000000,142.126045,0.000000,353.983287
989,6640.441128,0.000000,42.000000,142.627437,0.000000,345.961003
990,6640.441128,0.000000,42.000000,143.128830,0.000000,337.938719
993,6640.441128,0.000000,42.000000,144.633008,0.000000,313.871866
994,6640.441128,0.000000,42.000000,145.134401,0.000000,305.849582
995,6640.441128,0.000000,42.000000,145.635794,0.000000,297.827298
1000,6640.441128,0.000000,42.000000,148.142758,0.000000,257.715877
1001,6640.441128,0.000000,42.000000,148.644150,0.000000,249.693593
1004,6640.441128,0.000000,42.000000,150.148329,0.000000,225.626741
1005,6640.441128,0.000000,42.000000,150.649721,0.000000,217.604457
1007,6640.441128,0.000000,42.000000,151.652507,0.000000,201.559889
1009,6640.441128,0.000000,42.000000,152.655292,0.000000,185.515320
1010,6640.441128,0.000000,42.000000,153.156685,0.000000,177.493036
1012,6640.441128,0.000000,42.000000,154.159471,0.000000,161.448468
1017,6640.441128,0.000000,42.000000,156.666435,0.000000,121.337047
1018,6640.441128,0.000000,42.000000,157.167827,0.000000,113.314763
1020,6640.441128,0.000000,42.000000,158.170613,0.000000,97.270195
1021,6640.441128,0.000000,42.000000,158.672006,0.000000,89.247911
1022,6640.441128,0.000000,42.000000,159.173398,0.000000,81.225627
1025,6640.441128,0.000000,42.000000,160.677577,0.000000,57.158774
1028,6640.441128,0.000000,42.000000,162.181755,0.000000,33.091922
1030,6640.441128,0.000000,42.000000,163.184540,0.000000,17.047354
1032,6640.441128,0.000000,42.000000,164.187326,0.000000,1.002786
1033,6640.441128,0.000000,42.000000,164.688719,0.000000,352.980501
1036,6640.441128,0.000000,42.000000,166.192897,0.000000,328.913649
1037,6640.441128,0.000000,42.000000,166.694290,0.000000,320.891365
1038,6640.441128,0.000000,42.000000,167.195682,0.000000,312.869081
1039,6640.441128,0.000000,42.000000,167.697075,0.000000,304.846797
1041,6640.441128,0.000000,42.000000,168.699861,0.000000,288.802228
1043,6640.441128,0.000000,42.000000,169.702646,0.000000,272.757660
1045,6640.441128,0.000000,42.000000,170.705432,0.000000,256.713092
1046,6640.441128,0.000000,42.000000,171.206825,0.000000,248.690808
1049,6640.441128,0.000000,42.000000,172.711003,0.000000,224.623955
1050,6640.441128,0.000000,42.000000,173.212396,0.000000,216.601671
1051,6640.441128,0.000000,42.000000,173.713788,0.000000,208.579387
1053,6640.441128,0.000000,42.000000,174.716574,0.000000,192.534819
1055,6640.441128,0.000000,42.000000,175.719359,0.000000,176.490251
1059,6640.441128,0.000000,42.000000,177.724930,0.000000,144.401114
1061,6640.441128,0.000000,42.000000,178.727716,0.000000,128.356546
1063,6640.441128,0.000000,42.000000,179.730501,0.000000,112.311978
1067,6640.441128,0.000000,42.000000,181.736072,0.000000,80.222841
1068,6640.441128,0.000000,42.000000,182.237465,0.000000,72.200557
1070,6640.441128,0.000000,42.000000,183.240251,0.000000,56.155989
1072,6640.441128,0.000000,42.000000,184.243036,0.000000,40.111421
1075,6640.441128,0.000000,42.000000,185.747214,0.000000,16.044568
1076,6640.441128,0.000000,42.000000,186.248607,0.000000,8.022284
1077,6640.441128,0.000000,42.000000,186.750000,0.000000,360.000000
1079,6640.441128,0.000000,42.000000,187.752786,0.000000,343.955432
1080,6640.441128,0.000000,42.000000,188.254178,0.000000,335.933148
1085,6640.441128,0.000000,42.000000,190.761142,0.000000,295.821727
1087,6640.441128,0.000000,42.000000,191.763928,0.000000,279.777159
1090,6640.441128,0.000000,42.000000,193.268106,0.000000,255.710306
1093,6640.441128,0.000000,42.000000,194.772284,0.000000,231.643454
1097,6640.441128,0.000000,42.000000,196.777855,0.000000,199.554318
1099,6640.441128,0.000000,42.000000,197.780641,0.000000,183.509749
1101,6640.441128,0.000000,42.000000,198.783426,0.000000,167.465181
1102,6640.441128,0.000000,42.000000,199.284819,0.000000,159.442897
1106,6640.441128,0.000000,42.000000,201.290390,0.000000,127.353760
1107,6640.441128,0.000000,42.000000,201.791783,0.000000,119.331476
1109,6640.441128,0.000000,42.000000,202.794568,0.000000,103.286908
1110,6640.441128,0.000000,42.000000,203.295961,0.000000,95.264624
1113,6640.441128,0.000000,42.000000,204.800139,0.000000,71.197772
1115,6640.441128,0.000000,42.000000,205.802925,0.000000,55.153203
1118,6640.441128,0.000000,42.000000,207.307103,0.000000,31.086351
1123,6640.441128,0.000000,42.000000,209.814067,0.000000,350.974930
1125,6640.441128,0.000000,42.000000,210.816852,0.000000,334.930362
1130,6640.441128,0.000000,42.000000,213.323816,0.000000,294.818942
1131,6640.441128,0.000000,42.000000,213.825209,0.000000,286.796657
1135,6640.441128,0.000000,42.000000,215.830780,0.000000,254.707521
1136,6640.441128,0.000000,42.000000,216.332173,0.000000,246.685237
1138,6640.441128,0.000000,42.000000,217.334958,0.000000,230.640669
1141,6640.441128,0.000000,42.000000,218.839136,0.000000,206.573816
1147,6640.441128,0.000000,42.000000,221.847493,0.000000,158.440111
1150,6640.441128,0.000000,42.000000,223.351671,0.000000,134.373259
1151,6640.441128,0.000000,42.000000,223.853064,0.000000,126.350975
1152,6640.441128,0.000000,42.000000,224.354457,0.000000,118.328691
1154,6640.441128,0.000000,42.000000,225.357242,0.000000,102.284123
1157,6640.441128,0.000000,42.000000,226.861421,0.000000,78.217270
1158,6640.441128,0.000000,42.000000,227.362813,0.000000,70.194986
1161,6640.441128,0.000000,42.000000,228.866992,0.000000,46.128134
1163,6640.441128,0.000000,42.000000,229.869777,0.000000,30.083565
1164,6640.441128,0.000000,42.000000,230.371170,0.000000,22.061281
1165,6640.441128,0.000000,42.000000,230.872563,0.000000,14.038997
1168,6640.441128,0.000000,42.000000,232.376741,0.000000,349.972145
1171,6640.441128,0.000000,42.000000,233.880919,0.000000,325.905292
1172,6640.441128,0.000000,42.000000,234.382312,0.000000,317.883008
1176,6640.441128,0.000000,42.000000,236.387883,0.000000,285.793872
1178,6640.441128,0.000000,42.000000,237.390669,0.000000,269.749304
1179,6640.441128,0.000000,42.000000,237.892061,0.000000,261.727019
1182,6640.441128,0.000000,42.000000,239.396240,0.000000,237.660167
1183,6640.441128,0.000000,42.000000,239.897632,0.000000,229.637883
1184,6640.441128,0.000000,42.000000,240.399025,0.000000,221.615599
1186,6640.441128,0.000000,42.000000,241.401811,0.000000,205.571031
1189,6640.441128,0.000000,42.000000,242.905989,0.000000,181.504178
1190,6640.441128,0.000000,42.000000,243.407382,0.000000,173.481894
1193,6640.441128,0.000000,42.000000,244.911560,0.000000,149.415042
1194,6640.441128,0.000000,42.000000,245.412953,0.000000,141.392758
1195,6640.441128,0.000000,42.000000,245.914345,0.000000,133.370474
1197,6640.441128,0.000000,42.000000,246.917131,0.000000,117.325905
1198,6640.441128,0.000000,42.000000,247.418524,0.000000,109.303621
1199,6640.441128,0.000000,42.000000,247.919916,0.000000,101.281337
1201,6640.441128,0.000000,42.000000,248.922702,0.000000,85.236769
1202,6640.441128,0.000000,42.000000,249.424095,0.000000,77.214485
1205,6640.441128,0.000000,42.000000,250.928273,0.000000,53.147632
1206,6640.441128,0.000000,42.000000,251.429666,0.000000,45.125348
1209,6640.441128,0.000000,42.000000,252.933844,0.000000,21.058496
1210,6640.441128,0.000000,42.000000,253.435237,0.000000,13.036212
1212,6640.441128,0.000000,42.000000,254.438022,0.000000,356.991643
1215,6640.441128,0.000000,42.000000,255.942201,0.000000,332.924791
1217,6640.441128,0.000000,42.000000,256.944986,0.000000,316.880223
1221,6640.441128,0.000000,42.000000,258.950557,0.000000,284.791086
1222,6640.441128,0.000000,42.000000,259.451950,0.000000,276.768802
1223,6640.441128,0.000000,42.000000,259.953343,0.000000,268.746518
1225,6640.441128,0.000000,42.000000,260.956128,0.000000,252.701950
1226,6640.441128,0.000000,42.000000,261.457521,0.000000,244.679666
1228,6640.441128,0.000000,42.000000,262.460306,0.000000,228.635097
1230,6640.441128,0.000000,42.000000,263.463092,0.000000,212.590529
1232,6640.441128,0.000000,42.000000,264.465877,0.000000,196.545961
1234,6640.441128,0.000000,42.000000,265.468663,0.000000,180.501393
1237,6640.441128,0.000000,42.000000,266.972841,0.000000,156.434540
1238,6640.441128,0.000000,42.000000,267.474234,0.000000,148.412256
1240,6640.441128,0.000000,42.000000,268.477019,0.000000,132.367688
1241,6640.441128,0.000000,42.000000,268.978412,0.000000,124.345404
1242,6640.441128,0.000000,42.000000,269.479805,0.000000,116.323120
1243,6640.441128,0.000000,42.000000,269.981198,0.000000,108.300836
1245,6640.441128,0.000000,42.000000,270.983983,0.000000,92.256267
1248,6640.441128,0.000000,42.000000,272.488162,0.000000,68.189415
1250,6640.441128,0.000000,42.000000,273.490947,0.000000,52.144847
1252,6640.441128,0.000000,42.000000,274.493733,0.000000,36.100279
1254,6640.441128,0.000000,42.000000,275.496518,0.000000,20.055710
1255,6640.441128,0.000000,42.000000,275.997911,0.000000,12.033426
1256,6640.441128,0.000000,42.000000,276.499304,0.000000,4.011142
1260,6640.441128,0.000000,42.000000,278.504875,0.000000,331.922006
1261,6640.441128,0.000000,42.000000,279.006267,0.000000,323.899721
1263,6640.441128,0.000000,42.000000,280.009053,0.000000,307.855153
1264,6640.441128,0.000000,42.000000,280.510446,0.000000,299.832869
1265,6640.441128,0.000000,42.000000,281.011838,0.000000,291.810585
1267,6640.441128,0.000000,42.000000,282.014624,0.000000,275.766017
1269,6640.441128,0.000000,42.000000,283.017409,0.000000,259.721448
1271,6640.441128,0.000000,42.000000,284.020195,0.000000,243.676880
1275,6640.441128,0.000000,42.000000,286.025766,0.000000,211.587744
1276,6640.441128,0.000000,42.000000,286.527159,0.000000,203.565460
1278,6640.441128,0.000000,42.000000,287.529944,0.000000,187.520891
1280,6640.441128,0.000000,42.000000,288.532730,0.000000,171.476323
1282,6640.441128,0.000000,42.000000,289.535515,0.000000,155.431755
1284,6640.441128,0.000000,42.000000,290.538301,0.000000,139.387187
1285,6640.441128,0.000000,42.000000,291.039694,0.000000,131.364903
1286,6640.441128,0.000000,42.000000,291.541086,0.000000,123.342618
1288,6640.441128,0.000000,42.000000,292.543872,0.000000,107.298050
1290,6640.441128,0.000000,42.000000,293.546657,0.000000,91.253482
1291,6640.441128,0.000000,42.000000,294.048050,0.000000,83.231198
1292,6640.441128,0.000000,42.000000,294.549443,0.000000,75.208914
1293,6640.441128,0.000000,42.000000,295.050836,0.000000,67.186630
1295,6640.441128,0.000000,42.000000,296.053621,0.000000,51.142061
1297,6640.441128,0.000000,42.000000,297.056407,0.000000,35.097493
1298,6640.441128,0.000000,42.000000,297.557799,0.000000,27.075209
1299,6640.441128,0.000000,42.000000,298.059192,0.000000,19.052925
1300,6640.441128,0.000000,42.000000,298.560585,0.000000,11.030641
1301,6640.441128,0.000000,42.000000,299.061978,0.000000,3.008357
1302,6640.441128,0.000000,42.000000,299.563370,0.000000,354.986072
1303,6640.441128,0.000000,42.000000,300.064763,0.000000,346.963788
1304,6640.441128,0.000000,42.000000,300.566156,0.000000,338.941504
1306,6640.441128,0.000000,42.000000,301.568942,0.000000,322.896936
1307,6640.441128,0.000000,42.000000,302.070334,0.000000,314.874652
1308,6640.441128,0.000000,42.000000,302.571727,0.000000,306.852368
1310,6640.441128,0.000000,42.000000,303.574513,0.000000,290.807799
1311,6640.441128,0.000000,42.000000,304.075905,0.000000,282.785515
1313,6640.441128,0.000000,42.000000,305.078691,0.000000,266.740947
1315,6640.441128,0.000000,42.000000,306.081476,0.000000,250.696379
1318,6640.441128,0.000000,42.000000,307.585655,0.000000,226.629526
1319,6640.441128,0.000000,42.000000,308.087047,0.000000,218.607242
1321,6640.441128,0.000000,42.000000,309.089833,0.000000,202.562674
1322,6640.441128,0.000000,42.000000,309.591226,0.000000,194.540390
1323,6640.441128,0.000000,42.000000,310.092618,0.000000,186.518106
1325,6640.441128,0.000000,42.000000,311.095404,0.000000,170.473538
1326,6640.441128,0.000000,42.000000,311.596797,0.000000,162.451253
1328,6640.441128,0.000000,42.000000,312.599582,0.000000,146.406685
1330,6640.441128,0.000000,42.000000,313.602368,0.000000,130.362117
1333,6640.441128,0.000000,42.000000,315.106546,0.000000,106.295265
1336,6640.441128,0.000000,42.000000,316.610724,0.000000,82.228412
1339,6640.441128,0.000000,42.000000,318.114903,0.000000,58.161560
1340,6640.441128,0.000000,42.000000,318.616295,0.000000,50.139276
1341,6640.441128,0.000000,42.000000,319.117688,0.000000,42.116992
1344,6640.441128,0.000000,42.000000,320.621866,0.000000,18.050139
1345,6640.441128,0.000000,42.000000,321.123259,0.000000,10.027855
1346,6640.441128,0.000000,42.000000,321.624652,0.000000,2.005571
1347,6640.441128,0.000000,42.000000,322.126045,0.000000,353.983287
1348,6640.441128,0.000000,42.000000,322.627437,0.000000,345.961003
1349,6640.441128,0.000000,42.000000,323.128830,0.000000,337.938719
1351,6640.441128,0.000000,42.000000,324.131616,0.000000,321.894150
1352,6640.441128,0.000000,42.000000,324.633008,0.000000,313.871866
1354,6640.441128,0.000000,42.000000,325.635794,0.000000,297.827298
1356,6640.441128,0.000000,42.000000,326.638579,0.000000,281.782730
1357,6640.441128,0.000000,42.000000,327.139972,0.000000,273.760446
1363,6640.441128,0.000000,42.000000,330.148329,0.000000,225.626741
1364,6640.441128,0.000000,42.000000,330.649721,0.000000,217.604457
1367,6640.441128,0.000000,42.000000,332.153900,0.000000,193.537604
1369,6640.441128,0.000000,42.000000,333.156685,0.000000,177.493036
1372,6640.441128,0.000000,42.000000,334.660864,0.000000,153.426184
1375,6640.441128,0.000000,42.000000,336.165042,0.000000,129.359331
1376,6640.441128,0.000000,42.000000,336.666435,0.000000,121.337047
1377,6640.441128,0.000000,42.000000,337.167827,0.000000,113.314763
1378,6640.441128,0.000000,42.000000,337.669220,0.000000,105.292479
1379,6640.441128,0.000000,42.000000,338.170613,0.000000,97.270195
1382,6640.441128,0.000000,42.000000,339.674791,0.000000,73.203343
1386,6640.441128,0.000000,42.000000,341.680362,0.000000,41.114206
1389,6640.441128,0.000000,42.000000,343.184540,0.000000,17.047354
1390,6640.441128,0.000000,42.000000,343.685933,0.000000,9.025070
1392,6640.441128,0.000000,42.000000,344.688719,0.000000,352.980501
1394,6640.441128,0.000000,42.000000,345.691504,0.000000,336.935933
1396,6640.441128,0.000000,42.000000,346.694290,0.000000,320.891365
1397,6640.441128,0.000000,42.000000,347.195682,0.000000,312.869081
1400,6640.441128,0.000000,42.000000,348.699861,0.000000,288.802228
1402,6640.441128,0.000000,42.000000,349.702646,0.000000,272.757660
1403,6640.441128,0.000000,42.000000,350.204039,0.000000,264.735376
1404,6640.441128,0.000000,42.000000,350.705432,0.000000,256.713092
1405,6640.441128,0.000000,42.000000,351.206825,0.000000,248.690808
1407,6640.441128,0.000000,42.000000,352.209610,0.000000,232.646240
1408,6640.441128,0.000000,42.000000,352.711003,0.000000,224.623955
1410,6640.441128,0.000000,42.000000,353.713788,0.000000,208.579387
1411,6640.441128,0.000000,42.000000,354.215181,0.000000,200.557103
1412,6640.441128,0.000000,42.000000,354.716574,0.000000,192.534819
1414,6640.441128,0.000000,42.000000,355.719359,0.000000,176.490251
1415,6640.441128,0.000000,42.000000,356.220752,0.000000,168.467967
1419,6640.441128,0.000000,42.000000,358.226323,0.000000,136.378830
1422,6640.441128,0.000000,42.000000,359.730501,0.000000,112.311978
1423,6640.441128,0.000000,42.000000,0.231894,0.000000,104.289694
1428,6640.441128,0.000000,42.000000,2.738858,0.000000,64.178273
1433,6640.441128,0.000000,42.000000,5.245822,0.000000,24.066852
1885,6640.441128,0.000000,34.000000,231.875348,0.000000,357.994429
1932,6640.441128,0.000000,34.000000,255.440808,0.000000,340.947075
2044,6640.441128,0.000000,34.000000,311.596797,0.000000,162.451253
2943,6640.441128,0.000000,52.000000,40.098886,0.000000,150.417827
2962,6640.441128,0.000000,52.000000,49.625348,0.000000,357.994429
2982,6640.441128,0.000000,52.000000,59.653203,0.000000,197.548747
2994,6640.441128,0.000000,52.000000,65.669916,0.000000,101.281337
3026,6640.441128,0.000000,52.000000,81.714485,0.000000,204.568245
3041,6640.441128,0.000000,52.000000,89.235376,0.000000,84.233983
3045,6640.441128,0.000000,52.000000,91.240947,0.000000,52.144847
3085,6640.441128,0.000000,52.000000,111.296657,0.000000,91.253482
3086,6640.441128,0.000000,52.000000,111.798050,0.000000,83.231198
3101,6640.441128,0.000000,52.000000,119.318942,0.000000,322.896936
3106,6640.441128,0.000000,52.000000,121.825905,0.000000,282.785515
3145,6640.441128,0.000000,52.000000,141.380223,0.000000,329.916435
3285,6640.441128,0.000000,52.000000,211.575209,0.000000,286.796657
3293,6640.441128,0.000000,52.000000,215.586351,0.000000,222.618384
3313,6640.441128,0.000000,52.000000,225.614206,0.000000,62.172702
3320,6640.441128,0.000000,52.000000,229.123955,0.000000,6.016713
3430,6640.441128,0.000000,52.000000,284.277159,0.000000,203.565460
3486,6640.441128,0.000000,52.000000,312.355153,0.000000,114.317549
3554,6640.441128,0.000000,52.000000,346.449861,0.000000,288.802228
3633,6640.441128,0.000000,55.000000,35.059889,0.000000,15.041783
3681,6640.441128,0.000000,55.000000,59.126741,0.000000,349.972145
3937,6640.441128,0.000000,55.000000,187.483287,0.000000,96.267409
4851,6640.441128,0.000000,50.000000,276.756267,0.000000,323.899721
4905,6640.441128,0.000000,50.000000,303.831476,0.000000,250.696379
5835,6640.441128,0.000000,41.000000,59.126741,0.000000,349.972145
6369,6640.441128,0.000000,41.000000,326.870474,0.000000,26.072423
6392,6640.441128,0.000000,41.000000,338.402507,0.000000,201.559889
6632,6640.441128,0.000000,45.000000,100.986769,0.000000,76.211699
7180,6640.441128,0.000000,40.000000,2.250000,0.000000,0.000000
7181,6640.441128,0.000000,40.000000,2.751393,0.000000,351.977716
7182,6640.441128,0.000000,40.000000,3.252786,0.000000,343.955432
7183,6640.441128,0.000000,40.000000,3.754178,0.000000,335.933148
7184,6640.441128,0.000000,40.000000,4.255571,0.000000,327.910864
7186,6640.441128,0.000000,40.000000,5.258357,0.000000,311.866295
7187,6640.441128,0.000000,40.000000,5.759749,0.000000,303.844011
7188,6640.441128,0.000000,40.000000,6.261142,0.000000,295.821727
7189,6640.441128,0.000000,40.000000,6.762535,0.000000,287.799443
7190,6640.441128,0.000000,40.000000,7.263928,0.000000,279.777159
7191,6640.441128,0.000000,40.000000,7.765320,0.000000,271.754875
7192,6640.441128,0.000000,40.000000,8.266713,0.000000,263.732591
7193,6640.441128,0.000000,40.000000,8.768106,0.000000,255.710306
7194,6640.441128,0.000000,40.000000,9.269499,0.000000,247.688022
7195,6640.441128,0.000000,40.000000,9.770891,0.000000,239.665738
7196,6640.441128,0.000000,40.000000,10.272284,0.000000,231.643454
7197,6640.441128,0.000000,40.000000,10.773677,0.000000,223.621170
7198,6640.441128,0.000000,40.000000,11.275070,0.000000,215.598886
7199,6640.441128,0.000000,40.000000,11.776462,0.000000,207.576602
7200,6640.441128,0.000000,40.000000,12.277855,0.000000,199.554318
7201,6640.441128,0.000000,40.000000,12.779248,0.000000,191.532033
7203,6640.441128,0.000000,40.000000,13.782033,0.000000,175.487465
7204,6640.441128,0.000000,40.000000,14.283426,0.000000,167.465181
7205,6640.441128,0.000000,40.000000,14.784819,0.000000,159.442897
7206,6640.441128,0.000000,40.000000,15.286212,0.000000,151.420613
7207,6640.441128,0.000000,40.000000,15.787604,0.000000,143.398329
7208,6640.441128,0.000000,40.000000,16.288997,0.000000,135.376045
7209,6640.441128,0.000000,40.000000,16.790390,0.000000,127.353760
7210,6640.441128,0.000000,40.000000,17.291783,0.000000,119.331476
7211,6640.441128,0.000000,40.000000,17.793175,0.000000,111.309192
7212,6640.441128,0.000000,40.000000,18.294568,0.000000,103.286908
7213,6640.441128,0.000000,40.000000,18.795961,0.000000,95.264624
7214,6640.441128,0.000000,40.000000,19.297354,0.000000,87.242340
7216,6640.441128,0.000000,40.000000,20.300139,0.000000,71.197772
7217,6640.441128,0.000000,40.000000,20.801532,0.000000,63.175487
7218,6640.441128,0.000000,40.000000,21.302925,0.000000,55.153203
7219,6640.441128,0.000000,40.000000,21.804318,0.000000,47.130919
7220,6640.441128,0.000000,40.000000,22.305710,0.000000,39.108635
7221,6640.441128,0.000000,40.000000,22.807103,0.000000,31.086351
7222,6640.441128,0.000000,40.000000,23.308496,0.000000,23.064067
7223,6640.441128,0.000000,40.000000,23.809889,0.000000,15.041783
7224,6640.441128,0.000000,40.000000,24.311281,0.000000,7.019499
7225,6640.441128,0.000000,40.000000,24.812674,0.000000,358.997214
7226,6640.441128,0.000000,40.000000,25.314067,0.000000,350.974930
7227,6640.441128,0.000000,40.000000,25.815460,0.000000,342.952646
7229,6640.441128,0.000000,40.000000,26.818245,0.000000,326.908078
7230,6640.441128,0.000000,40.000000,27.319638,0.000000,318.885794
7231,6640.441128,0.000000,40.000000,27.821031,0.000000,310.863510
7232,6640.441128,0.000000,40.000000,28.322423,0.000000,302.841226
7233,6640.441128,0.000000,40.000000,28.823816,0.000000,294.818942
7235,6640.441128,0.000000,40.000000,29.826602,0.000000,278.774373
7236,6640.441128,0.000000,40.000000,30.327994,0.000000,270.752089
7237,6640.441128,0.000000,40.000000,30.829387,0.000000,262.729805
7238,6640.441128,0.000000,40.000000,31.330780,0.000000,254.707521
7240,6640.441128,0.000000,40.000000,32.333565,0.000000,238.662953
7241,6640.441128,0.000000,40.000000,32.834958,0.000000,230.640669
7242,6640.441128,0.000000,40.000000,33.336351,0.000000,222.618384
7243,6640.441128,0.000000,40.000000,33.837744,0.000000,214.596100
7244,6640.441128,0.000000,40.000000,34.339136,0.000000,206.573816
7245,6640.441128,0.000000,40.000000,34.840529,0.000000,198.551532
7246,6640.441128,0.000000,40.000000,35.341922,0.000000,190.529248
7247,6640.441128,0.000000,40.000000,35.843315,0.000000,182.506964
7248,6640.441128,0.000000,40.000000,36.344708,0.000000,174.484680
7249,6640.441128,0.000000,40.000000,36.846100,0.000000,166.462396
7250,6640.441128,0.000000,40.000000,37.347493,0.000000,158.440111
7251,6640.441128,0.000000,40.000000,37.848886,0.000000,150.417827
7252,6640.441128,0.000000,40.000000,38.350279,0.000000,142.395543
7253,6640.441128,0.000000,40.000000,38.851671,0.000000,134.373259
7254,6640.441128,0.000000,40.000000,39.353064,0.000000,126.350975
7255,6640.441128,0.000000,40.000000,39.854457,0.000000,118.328691
7256,6640.441128,0.000000,40.000000,40.355850,0.000000,110.306407
7257,6640.441128,0.000000,40.000000,40.857242,0.000000,102.284123
7258,6640.441128,0.000000,40.000000,41.358635,0.000000,94.261838
7259,6640.441128,0.000000,40.000000,41.860028,0.000000,86.239554
7260,6640.441128,0.000000,40.000000,42.361421,0.000000,78.217270
7261,6640.441128,0.000000,40.000000,42.862813,0.000000,70.194986
7262,6640.441128,0.000000,40.000000,43.364206,0.000000,62.172702
7263,6640.441128,0.000000,40.000000,43.865599,0.000000,54.150418
7264,6640.441128,0.000000,40.000000,44.366992,0.000000,46.128134
7265,6640.441128,0.000000,40.000000,44.868384,0.000000,38.105850
7266,6640.441128,0.000000,40.000000,45.369777,0.000000,30.083565
7267,6640.441128,0.000000,40.000000,45.871170,0.000000,22.061281
7268,6640.441128,0.000000,40.000000,46.372563,0.000000,14.038997
7269,6640.441128,0.000000,40.000000,46.873955,0.000000,6.016713
7271,6640.441128,0.000000,40.000000,47.876741,0.000000,349.972145
7272,6640.441128,0.000000,40.000000,48.378134,0.000000,341.949861
7273,6640.441128,0.000000,40.000000,48.879526,0.000000,333.927577
7274,6640.441128,0.000000,40.000000,49.380919,0.000000,325.905292
7275,6640.441128,0.000000,40.000000,49.882312,0.000000,317.883008
7276,6640.441128,0.000000,40.000000,50.383705,0.000000,309.860724
7277,6640.441128,0.000000,40.000000,50.885097,0.000000,301.838440
7278,6640.441128,0.000000,40.000000,51.386490,0.000000,293.816156
7279,6640.441128,0.000000,40.000000,51.887883,0.000000,285.793872
7280,6640.441128,0.000000,40.000000,52.389276,0.000000,277.771588
7281,6640.441128,0.000000,40.000000,52.890669,0.000000,269.749304
7282,6640.441128,0.000000,40.000000,53.392061,0.000000,261.727019
7283,6640.441128,0.000000,40.000000,53.893454,0.000000,253.704735
7284,6640.441128,0.000000,40.000000,54.394847,0.000000,245.682451
7285,6640.441128,0.000000,40.000000,54.896240,0.000000,237.660167
7286,6640.441128,0.000000,40.000000,55.397632,0.000000,229.637883
7287,6640.441128,0.000000,40.000000,55.899025,0.000000,221.615599
7288,6640.441128,0.000000,40.000000,56.400418,0.000000,213.593315
7289,6640.441128,0.000000,40.000000,56.901811,0.000000,205.571031
7290,6640.441128,0.000000,40.000000,57.403203,0.000000,197.548747
7291,6640.441128,0.000000,40.000000,57.904596,0.000000,189.526462
7292,6640.441128,0.000000,40.000000,58.405989,0.000000,181.504178
7293,6640.441128,0.000000,40.000000,58.907382,0.000000,173.481894
7294,6640.441128,0.000000,40.000000,59.408774,0.000000,165.459610
7295,6640.441128,0.000000,40.000000,59.910167,0.000000,157.437326
7296,6640.441128,0.000000,40.000000,60.411560,0.000000,149.415042
7297,6640.441128,0.000000,40.000000,60.912953,0.000000,141.392758
7298,6640.441128,0.000000,40.000000,61.414345,0.000000,133.370474
7300,6640.441128,0.000000,40.000000,62.417131,0.000000,117.325905
7301,6640.441128,0.000000,40.000000,62.918524,0.000000,109.303621
7302,6640.441128,0.000000,40.000000,63.419916,0.000000,101.281337
7303,6640.441128,0.000000,40.000000,63.921309,0.000000,93.259053
7304,6640.441128,0.000000,40.000000,64.422702,0.000000,85.236769
7305,6640.441128,0.000000,40.000000,64.924095,0.000000,77.214485
7306,6640.441128,0.000000,40.000000,65.425487,0.000000,69.192201
7307,6640.441128,0.000000,40.000000,65.926880,0.000000,61.169916
7308,6640.441128,0.000000,40.000000,66.428273,0.000000,53.147632
7309,6640.441128,0.000000,40.000000,66.929666,0.000000,45.125348
7310,6640.441128,0.000000,40.000000,67.431058,0.000000,37.103064
7311,6640.441128,0.000000,40.000000,67.932451,0.000000,29.080780
7312,6640.441128,0.000000,40.000000,68.433844,0.000000,21.058496
7313,6640.441128,0.000000,40.000000,68.935237,0.000000,13.036212
7314,6640.441128,0.000000,40.000000,69.436630,0.000000,5.013928
7315,6640.441128,0.000000,40.000000,69.938022,0.000000,356.991643
7316,6640.441128,0.000000,40.000000,70.439415,0.000000,348.969359
7318,6640.441128,0.000000,40.000000,71.442201,0.000000,332.924791
7319,6640.441128,0.000000,40.000000,71.943593,0.000000,324.902507
7320,6640.441128,0.000000,40.000000,72.444986,0.000000,316.880223
7321,6640.441128,0.000000,40.000000,72.946379,0.000000,308.857939
7322,6640.441128,0.000000,40.000000,73.447772,0.000000,300.835655
7323,6640.441128,0.000000,40.000000,73.949164,0.000000,292.813370
7324,6640.441128,0.000000,40.000000,74.450557,0.000000,284.791086
7325,6640.441128,0.000000,40.000000,74.951950,0.000000,276.768802
7327,6640.441128,0.000000,40.000000,75.954735,0.000000,260.724234
7328,6640.441128,0.000000,40.000000,76.456128,0.000000,252.701950
7329,6640.441128,0.000000,40.000000,76.957521,0.000000,244.679666
7330,6640.441128,0.000000,40.000000,77.458914,0.000000,236.657382
7331,6640.441128,0.000000,40.000000,77.960306,0.000000,228.635097
7334,6640.441128,0.000000,40.000000,79.464485,0.000000,204.568245
7335,6640.441128,0.000000,40.000000,79.965877,0.000000,196.545961
7336,6640.441128,0.000000,40.000000,80.467270,0.000000,188.523677
7337,6640.441128,0.000000,40.000000,80.968663,0.000000,180.501393
7338,6640.441128,0.000000,40.000000,81.470056,0.000000,172.479109
7339,6640.441128,0.000000,40.000000,81.971448,0.000000,164.456825
7340,6640.441128,0.000000,40.000000,82.472841,0.000000,156.434540
7341,6640.441128,0.000000,40.000000,82.974234,0.000000,148.412256
7342,6640.441128,0.000000,40.000000,83.475627,0.000000,140.389972
7343,6640.441128,0.000000,40.000000,83.977019,0.000000,132.367688
7344,6640.441128,0.000000,40.000000,84.478412,0.000000,124.345404
7345,6640.441128,0.000000,40.000000,84.979805,0.000000,116.323120
7346,6640.441128,0.000000,40.000000,85.481198,0.000000,108.300836
7347,6640.441128,0.000000,40.000000,85.982591,0.000000,100.278552
7348,6640.441128,0.000000,40.000000,86.483983,0.000000,92.256267
7349,6640.441128,0.000000,40.000000,86.985376,0.000000,84.233983
7350,6640.441128,0.000000,40.000000,87.486769,0.000000,76.211699
7351,6640.441128,0.000000,40.000000,87.988162,0.000000,68.189415
7352,6640.441128,0.000000,40.000000,88.489554,0.000000,60.167131
7353,6640.441128,0.000000,40.000000,88.990947,0.000000,52.144847
7354,6640.441128,0.000000,40.000000,89.492340,0.000000,44.122563
7355,6640.441128,0.000000,40.000000,89.993733,0.000000,36.100279
7356,6640.441128,0.000000,40.000000,90.495125,0.000000,28.077994
7357,6640.441128,0.000000,40.000000,90.996518,0.000000,20.055710
7358,6640.441128,0.000000,40.000000,91.497911,0.000000,12.033426
7359,6640.441128,0.000000,40.000000,91.999304,0.000000,4.011142
7360,6640.441128,0.000000,40.000000,92.500696,0.000000,355.988858
7362,6640.441128,0.000000,40.000000,93.503482,0.000000,339.944290
7363,6640.441128,0.000000,40.000000,94.004875,0.000000,331.922006
7364,6640.441128,0.000000,40.000000,94.506267,0.000000,323.899721
7365,6640.441128,0.000000,40.000000,95.007660,0.000000,315.877437
7366,6640.441128,0.000000,40.000000,95.509053,0.000000,307.855153
7367,6640.441128,0.000000,40.000000,96.010446,0.000000,299.832869
7368,6640.441128,0.000000,40.000000,96.511838,0.000000,291.810585
7369,6640.441128,0.000000,40.000000,97.013231,0.000000,283.788301
7370,6640.441128,0.000000,40.000000,97.514624,0.000000,275.766017
7371,6640.441128,0.000000,40.000000,98.016017,0.000000,267.743733
7372,6640.441128,0.000000,40.000000,98.517409,0.000000,259.721448
7373,6640.441128,0.000000,40.000000,99.018802,0.000000,251.699164
7374,6640.441128,0.000000,40.000000,99.520195,0.000000,243.676880
7375,6640.441128,0.000000,40.000000,100.021588,0.000000,235.654596
7376,6640.441128,0.000000,40.000000,100.522981,0.000000,227.632312
7377,6640.441128,0.000000,40.000000,101.024373,0.000000,219.610028
7378,6640.441128,0.000000,40.000000,101.525766,0.000000,211.587744
7379,6640.441128,0.000000,40.000000,102.027159,0.000000,203.565460
7380,6640.441128,0.000000,40.000000,102.528552,0.000000,195.543175
7381,6640.441128,0.000000,40.000000,103.029944,0.000000,187.520891
7382,6640.441128,0.000000,40.000000,103.531337,0.000000,179.498607
7383,6640.441128,0.000000,40.000000,104.032730,0.000000,171.476323
7384,6640.441128,0.000000,40.000000,104.534123,0.000000,163.454039
7387,6640.441128,0.000000,40.000000,106.038301,0.000000,139.387187
7388,6640.441128,0.000000,40.000000,106.539694,0.000000,131.364903
7389,6640.441128,0.000000,40.000000,107.041086,0.000000,123.342618
7390,6640.441128,0.000000,40.000000,107.542479,0.000000,115.320334
7391,6640.441128,0.000000,40.000000,108.043872,0.000000,107.298050
7392,6640.441128,0.000000,40.000000,108.545265,0.000000,99.275766
7393,6640.441128,0.000000,40.000000,109.046657,0.000000,91.253482
7394,6640.441128,0.000000,40.000000,109.548050,0.000000,83.231198
7397,6640.441128,0.000000,40.000000,111.052228,0.000000,59.164345
7398,6640.441128,0.000000,40.000000,111.553621,0.000000,51.142061
7399,6640.441128,0.000000,40.000000,112.055014,0.000000,43.119777
7400,6640.441128,0.000000,40.000000,112.556407,0.000000,35.097493
7401,6640.441128,0.000000,40.000000,113.057799,0.000000,27.075209
7402,6640.441128,0.000000,40.000000,113.559192,0.000000,19.052925
7403,6640.441128,0.000000,40.000000,114.060585,0.000000,11.030641
7404,6640.441128,0.000000,40.000000,114.561978,0.000000,3.008357
7405,6640.441128,0.000000,40.000000,115.063370,0.000000,354.986072
7406,6640.441128,0.000000,40.000000,115.564763,0.000000,346.963788
7407,6640.441128,0.000000,40.000000,116.066156,0.000000,338.941504
7408,6640.441128,0.000000,40.000000,116.567549,0.000000,330.919220
7409,6640.441128,0.000000,40.000000,117.068942,0.000000,322.896936
7410,6640.441128,0.000000,40.000000,117.570334,0.000000,314.874652
7411,6640.441128,0.000000,40.000000,118.071727,0.000000,306.852368
7412,6640.441128,0.000000,40.000000,118.573120,0.000000,298.830084
7413,6640.441128,0.000000,40.000000,119.074513,0.000000,290.807799
7414,6640.441128,0.000000,40.000000,119.575905,0.000000,282.785515
7416,6640.441128,0.000000,40.000000,120.578691,0.000000,266.740947
7417,6640.441128,0.000000,40.000000,121.080084,0.000000,258.718663
7418,6640.441128,0.000000,40.000000,121.581476,0.000000,250.696379
7419,6640.441128,0.000000,40.000000,122.082869,0.000000,242.674095
7420,6640.441128,0.000000,40.000000,122.584262,0.000000,234.651811
7421,6640.441128,0.000000,40.000000,123.085655,0.000000,226.629526
7422,6640.441128,0.000000,40.000000,123.587047,0.000000,218.607242
7423,6640.441128,0.000000,40.000000,124.088440,0.000000,210.584958
7424,6640.441128,0.000000,40.000000,124.589833,0.000000,202.562674
7425,6640.441128,0.000000,40.000000,125.091226,0.000000,194.540390
7427,6640.441128,0.000000,40.000000,126.094011,0.000000,178.495822
7428,6640.441128,0.000000,40.000000,126.595404,0.000000,170.473538
7429,6640.441128,0.000000,40.000000,127.096797,0.000000,162.451253
7430,6640.441128,0.000000,40.000000,127.598189,0.000000,154.428969
7431,6640.441128,0.000000,40.000000,128.099582,0.000000,146.406685
7432,6640.441128,0.000000,40.000000,128.600975,0.000000,138.384401
7433,6640.441128,0.000000,40.000000,129.102368,0.000000,130.362117
7434,6640.441128,0.000000,40.000000,129.603760,0.000000,122.339833
7435,6640.441128,0.000000,40.000000,130.105153,0.000000,114.317549
7436,6640.441128,0.000000,40.000000,130.606546,0.000000,106.295265
7437,6640.441128,0.000000,40.000000,131.107939,0.000000,98.272981
7438,6640.441128,0.000000,40.000000,131.609331,0.000000,90.250696
7440,6640.441128,0.000000,40.000000,132.612117,0.000000,74.206128
7441,6640.441128,0.000000,40.000000,133.113510,0.000000,66.183844
7442,6640.441128,0.000000,40.000000,133.614903,0.000000,58.161560
7443,6640.441128,0.000000,40.000000,134.116295,0.000000,50.139276
7444,6640.441128,0.000000,40.000000,134.617688,0.000000,42.116992
7445,6640.441128,0.000000,40.000000,135.119081,0.000000,34.094708
7446,6640.441128,0.000000,40.000000,135.620474,0.000000,26.072423
7447,6640.441128,0.000000,40.000000,136.121866,0.000000,18.050139
7448,6640.441128,0.000000,40.000000,136.623259,0.000000,10.027855
7449,6640.441128,0.000000,40.000000,137.124652,0.000000,2.005571
7450,6640.441128,0.000000,40.000000,137.626045,0.000000,353.983287
7451,6640.441128,0.000000,40.000000,138.127437,0.000000,345.961003
7452,6640.441128,0.000000,40.000000,138.628830,0.000000,337.938719
7453,6640.441128,0.000000,40.000000,139.130223,0.000000,329.916435
7454,6640.441128,0.000000,40.000000,139.631616,0.000000,321.894150
7455,6640.441128,0.000000,40.000000,140.133008,0.000000,313.871866
7457,6640.441128,0.000000,40.000000,141.135794,0.000000,297.827298
7458,6640.441128,0.000000,40.000000,141.637187,0.000000,289.805014
7459,6640.441128,0.000000,40.000000,142.138579,0.000000,281.782730
7460,6640.441128,0.000000,40.000000,142.639972,0.000000,273.760446
7461,6640.441128,0.000000,40.000000,143.141365,0.000000,265.738162
7462,6640.441128,0.000000,40.000000,143.642758,0.000000,257.715877
7463,6640.441128,0.000000,40.000000,144.144150,0.000000,249.693593
7464,6640.441128,0.000000,40.000000,144.645543,0.000000,241.671309
7465,6640.441128,0.000000,40.000000,145.146936,0.000000,233.649025
7466,6640.441128,0.000000,40.000000,145.648329,0.000000,225.626741
7467,6640.441128,0.000000,40.000000,146.149721,0.000000,217.604457
7468,6640.441128,0.000000,40.000000,146.651114,0.000000,209.582173
7469,6640.441128,0.000000,40.000000,147.152507,0.000000,201.559889
7470,6640.441128,0.000000,40.000000,147.653900,0.000000,193.537604
7471,6640.441128,0.000000,40.000000,148.155292,0.000000,185.515320
7472,6640.441128,0.000000,40.000000,148.656685,0.000000,177.493036
7473,6640.441128,0.000000,40.000000,149.158078,0.000000,169.470752
7474,6640.441128,0.000000,40.000000,149.659471,0.000000,161.448468
7475,6640.441128,0.000000,40.000000,150.160864,0.000000,153.426184
7476,6640.441128,0.000000,40.000000,150.662256,0.000000,145.403900
7477,6640.441128,0.000000,40.000000,151.163649,0.000000,137.381616
7478,6640.441128,0.000000,40.000000,151.665042,0.000000,129.359331
7479,6640.441128,0.000000,40.000000,152.166435,0.000000,121.337047
7480,6640.441128,0.000000,40.000000,152.667827,0.000000,113.314763
7481,6640.441128,0.000000,40.000000,153.169220,0.000000,105.292479
7482,6640.441128,0.000000,40.000000,153.670613,0.000000,97.270195
7483,6640.441128,0.000000,40.000000,154.172006,0.000000,89.247911
7484,6640.441128,0.000000,40.000000,154.673398,0.000000,81.225627
7485,6640.441128,0.000000,40.000000,155.174791,0.000000,73.203343
7486,6640.441128,0.000000,40.000000,155.676184,0.000000,65.181058
7488,6640.441128,0.000000,40.000000,156.678969,0.000000,49.136490
7489,6640.441128,0.000000,40.000000,157.180362,0.000000,41.114206
7490,6640.441128,0.000000,40.000000,157.681755,0.000000,33.091922
7491,6640.441128,0.000000,40.000000,158.183148,0.000000,25.069638
7492,6640.441128,0.000000,40.000000,158.684540,0.000000,17.047354
7493,6640.441128,0.000000,40.000000,159.185933,0.000000,9.025070
7494,6640.441128,0.000000,40.000000,159.687326,0.000000,1.002786
7495,6640.441128,0.000000,40.000000,160.188719,0.000000,352.980501
7496,6640.441128,0.000000,40.000000,160.690111,0.000000,344.958217
7497,6640.441128,0.000000,40.000000,161.191504,0.000000,336.935933
7500,6640.441128,0.000000,40.000000,162.695682,0.000000,312.869081
7501,6640.441128,0.000000,40.000000,163.197075,0.000000,304.846797
7502,6640.441128,0.000000,40.000000,163.698468,0.000000,296.824513
7503,6640.441128,0.000000,40.000000,164.199861,0.000000,288.802228
7504,6640.441128,0.000000,40.000000,164.701253,0.000000,280.779944
7505,6640.441128,0.000000,40.000000,165.202646,0.000000,272.757660
7506,6640.441128,0.000000,40.000000,165.704039,0.000000,264.735376
7507,6640.441128,0.000000,40.000000,166.205432,0.000000,256.713092
7508,6640.441128,0.000000,40.000000,166.706825,0.000000,248.690808
7509,6640.441128,0.000000,40.000000,167.208217,0.000000,240.668524
7510,6640.441128,0.000000,40.000000,167.709610,0.000000,232.646240
7511,6640.441128,0.000000,40.000000,168.211003,0.000000,224.623955
7512,6640.441128,0.000000,40.000000,168.712396,0.000000,216.601671
7513,6640.441128,0.000000,40.000000,169.213788,0.000000,208.579387
7514,6640.441128,0.000000,40.000000,169.715181,0.000000,200.557103
7515,6640.441128,0.000000,40.000000,170.216574,0.000000,192.534819
7516,6640.441128,0.000000,40.000000,170.717967,0.000000,184.512535
7517,6640.441128,0.000000,40.000000,171.219359,0.000000,176.490251
7518,6640.441128,0.000000,40.000000,171.720752,0.000000,168.467967
7519,6640.441128,0.000000,40.000000,172.222145,0.000000,160.445682
7520,6640.441128,0.000000,40.000000,172.723538,0.000000,152.423398
7521,6640.441128,0.000000,40.000000,173.224930,0.000000,144.401114
7522,6640.441128,0.000000,40.000000,173.726323,0.000000,136.378830
7523,6640.441128,0.000000,40.000000,174.227716,0.000000,128.356546
7524,6640.441128,0.000000,40.000000,174.729109,0.000000,120.334262
7525,6640.441128,0.000000,40.000000,175.230501,0.000000,112.311978
7526,6640.441128,0.000000,40.000000,175.731894,0.000000,104.289694
7527,6640.441128,0.000000,40.000000,176.233287,0.000000,96.267409
7528,6640.441128,0.000000,40.000000,176.734680,0.000000,88.245125
7531,6640.441128,0.000000,40.000000,178.238858,0.000000,64.178273
7532,6640.441128,0.000000,40.000000,178.740251,0.000000,56.155989
7533,6640.441128,0.000000,40.000000,179.241643,0.000000,48.133705
7536,6640.441128,0.000000,40.000000,180.745822,0.000000,24.066852
7537,6640.441128,0.000000,40.000000,181.247214,0.000000,16.044568
7538,6640.441128,0.000000,40.000000,181.748607,0.000000,8.022284
7539,6640.441128,0.000000,40.000000,182.250000,0.000000,360.000000
7540,6640.441128,0.000000,40.000000,182.751393,0.000000,351.977716
7541,6640.441128,0.000000,40.000000,183.252786,0.000000,343.955432
7542,6640.441128,0.000000,40.000000,183.754178,0.000000,335.933148
7543,6640.441128,0.000000,40.000000,184.255571,0.000000,327.910864
7544,6640.441128,0.000000,40.000000,184.756964,0.000000,319.888579
7545,6640.441128,0.000000,40.000000,185.258357,0.000000,311.866295
7546,6640.441128,0.000000,40.000000,185.759749,0.000000,303.844011
7547,6640.441128,0.000000,40.000000,186.261142,0.000000,295.821727
7548,6640.441128,0.000000,40.000000,186.762535,0.000000,287.799443
7549,6640.441128,0.000000,40.000000,187.263928,0.000000,279.777159
7550,6640.441128,0.000000,40.000000,187.765320,0.000000,271.754875
7551,6640.441128,0.000000,40.000000,188.266713,0.000000,263.732591
7552,6640.441128,0.000000,40.000000,188.768106,0.000000,255.710306
7553,6640.441128,0.000000,40.000000,189.269499,0.000000,247.688022
7554,6640.441128,0.000000,40.000000,189.770891,0.000000,239.665738
7555,6640.441128,0.000000,40.000000,190.272284,0.000000,231.643454
7556,6640.441128,0.000000,40.000000,190.773677,0.000000,223.621170
7557,6640.441128,0.000000,40.000000,191.275070,0.000000,215.598886
7558,6640.441128,0.000000,40.000000,191.776462,0.000000,207.576602
7559,6640.441128,0.000000,40.000000,192.277855,0.000000,199.554318
7560,6640.441128,0.000000,40.000000,192.779248,0.000000,191.532033
7561,6640.441128,0.000000,40.000000,193.280641,0.000000,183.509749
7562,6640.441128,0.000000,40.000000,193.782033,0.000000,175.487465
7563,6640.441128,0.000000,40.000000,194.283426,0.000000,167.465181
7564,6640.441128,0.000000,40.000000,194.784819,0.000000,159.442897
7565,6640.441128,0.000000,40.000000,195.286212,0.000000,151.420613
7566,6640.441128,0.000000,40.000000,195.787604,0.000000,143.398329
7567,6640.441128,0.000000,40.000000,196.288997,0.000000,135.376045
7568,6640.441128,0.000000,40.000000,196.790390,0.000000,127.353760
7569,6640.441128,0.000000,40.000000,197.291783,0.000000,119.331476
7570,6640.441128,0.000000,40.000000,197.793175,0.000000,111.309192
7571,6640.441128,0.000000,40.000000,198.294568,0.000000,103.286908
7572,6640.441128,0.000000,40.000000,198.795961,0.000000,95.264624
7573,6640.441128,0.000000,40.000000,199.297354,0.000000,87.242340
7574,6640.441128,0.000000,40.000000,199.798747,0.000000,79.220056
7575,6640.441128,0.000000,40.000000,200.300139,0.000000,71.197772
7576,6640.441128,0.000000,40.000000,200.801532,0.000000,63.175487
7577,6640.441128,0.000000,40.000000,201.302925,0.000000,55.153203
7578,6640.441128,0.000000,40.000000,201.804318,0.000000,47.130919
7579,6640.441128,0.000000,40.000000,202.305710,0.000000,39.108635
7580,6640.441128,0.000000,40.000000,202.807103,0.000000,31.086351
7581,6640.441128,0.000000,40.000000,203.308496,0.000000,23.064067
7582,6640.441128,0.000000,40.000000,203.809889,0.000000,15.041783
7583,6640.441128,0.000000,40.000000,204.311281,0.000000,7.019499
7584,6640.441128,0.000000,40.000000,204.812674,0.000000,358.997214
7585,6640.441128,0.000000,40.000000,205.314067,0.000000,350.974930
7586,6640.441128,0.000000,40.000000,205.815460,0.000000,342.952646
7587,6640.441128,0.000000,40.000000,206.316852,0.000000,334.930362
7588,6640.441128,0.000000,40.000000,206.818245,0.000000,326.908078
7589,6640.441128,0.000000,40.000000,207.319638,0.000000,318.885794
7590,6640.441128,0.000000,40.000000,207.821031,0.000000,310.863510
7591,6640.441128,0.000000,40.000000,208.322423,0.000000,302.841226
7592,6640.441128,0.000000,40.000000,208.823816,0.000000,294.818942
7594,6640.441128,0.000000,40.000000,209.826602,0.000000,278.774373
7595,6640.441128,0.000000,40.000000,210.327994,0.000000,270.752089
7596,6640.441128,0.000000,40.000000,210.829387,0.000000,262.729805
7597,6640.441128,0.000000,40.000000,211.330780,0.000000,254.707521
7598,6640.441128,0.000000,40.000000,211.832173,0.000000,246.685237
7599,6640.441128,0.000000,40.000000,212.333565,0.000000,238.662953
7600,6640.441128,0.000000,40.000000,212.834958,0.000000,230.640669
7601,6640.441128,0.000000,40.000000,213.336351,0.000000,222.618384
7602,6640.441128,0.000000,40.000000,213.837744,0.000000,214.596100
7603,6640.441128,0.000000,40.000000,214.339136,0.000000,206.573816
7604,6640.441128,0.000000,40.000000,214.840529,0.000000,198.551532
7605,6640.441128,0.000000,40.000000,215.341922,0.000000,190.529248
7606,6640.441128,0.000000,40.000000,215.843315,0.000000,182.506964
7607,6640.441128,0.000000,40.000000,216.344708,0.000000,174.484680
7608,6640.441128,0.000000,40.000000,216.846100,0.000000,166.462396
7609,6640.441128,0.000000,40.000000,217.347493,0.000000,158.440111
7610,6640.441128,0.000000,40.000000,217.848886,0.000000,150.417827
7611,6640.441128,0.000000,40.000000,218.350279,0.000000,142.395543
7612,6640.441128,0.000000,40.000000,218.851671,0.000000,134.373259
7614,6640.441128,0.000000,40.000000,219.854457,0.000000,118.328691
7615,6640.441128,0.000000,40.000000,220.355850,0.000000,110.306407
7616,6640.441128,0.000000,40.000000,220.857242,0.000000,102.284123
7617,6640.441128,0.000000,40.000000,221.358635,0.000000,94.261838
7618,6640.441128,0.000000,40.000000,221.860028,0.000000,86.239554
7619,6640.441128,0.000000,40.000000,222.361421,0.000000,78.217270
7620,6640.441128,0.000000,40.000000,222.862813,0.000000,70.194986
7621,6640.441128,0.000000,40.000000,223.364206,0.000000,62.172702
7622,6640.441128,0.000000,40.000000,223.865599,0.000000,54.150418
7623,6640.441128,0.000000,40.000000,224.366992,0.000000,46.128134
7624,6640.441128,0.000000,40.000000,224.868384,0.000000,38.105850
7625,6640.441128,0.000000,40.000000,225.369777,0.000000,30.083565
7626,6640.441128,0.000000,40.000000,225.871170,0.000000,22.061281
7627,6640.441128,0.000000,40.000000,226.372563,0.000000,14.038997
7628,6640.441128,0.000000,40.000000,226.873955,0.000000,6.016713
7629,6640.441128,0.000000,40.000000,227.375348,0.000000,357.994429
7630,6640.441128,0.000000,40.000000,227.876741,0.000000,349.972145
7631,6640.441128,0.000000,40.000000,228.378134,0.000000,341.949861
7632,6640.441128,0.000000,40.000000,228.879526,0.000000,333.927577
7633,6640.441128,0.000000,40.000000,229.380919,0.000000,325.905292
7634,6640.441128,0.000000,40.000000,229.882312,0.000000,317.883008
7635,6640.441128,0.000000,40.000000,230.383705,0.000000,309.860724
7636,6640.441128,0.000000,40.000000,230.885097,0.000000,301.838440
7637,6640.441128,0.000000,40.000000,231.386490,0.000000,293.816156
7638,6640.441128,0.000000,40.000000,231.887883,0.000000,285.793872
7639,6640.441128,0.000000,40.000000,232.389276,0.000000,277.771588
7640,6640.441128,0.000000,40.000000,232.890669,0.000000,269.749304
7641,6640.441128,0.000000,40.000000,233.392061,0.000000,261.727019
7642,6640.441128,0.000000,40.000000,233.893454,0.000000,253.704735
7643,6640.441128,0.000000,40.000000,234.394847,0.000000,245.682451
7645,6640.441128,0.000000,40.000000,235.397632,0.000000,229.637883
7646,6640.441128,0.000000,40.000000,235.899025,0.000000,221.615599
7647,6640.441128,0.000000,40.000000,236.400418,0.000000,213.593315
7648,6640.441128,0.000000,40.000000,236.901811,0.000000,205.571031
7649,6640.441128,0.000000,40.000000,237.403203,0.000000,197.548747
7650,6640.441128,0.000000,40.000000,237.904596,0.000000,189.526462
7651,6640.441128,0.000000,40.000000,238.405989,0.000000,181.504178
7652,6640.441128,0.000000,40.000000,238.907382,0.000000,173.481894
7653,6640.441128,0.000000,40.000000,239.408774,0.000000,165.459610
7654,6640.441128,0.000000,40.000000,239.910167,0.000000,157.437326
7656,6640.441128,0.000000,40.000000,240.912953,0.000000,141.392758
7657,6640.441128,0.000000,40.000000,241.414345,0.000000,133.370474
7658,6640.441128,0.000000,40.000000,241.915738,0.000000,125.348189
7659,6640.441128,0.000000,40.000000,242.417131,0.000000,117.325905
7660,6640.441128,0.000000,40.000000,242.918524,0.000000,109.303621
7661,6640.441128,0.000000,40.000000,243.419916,0.000000,101.281337
7662,6640.441128,0.000000,40.000000,243.921309,0.000000,93.259053
7664,6640.441128,0.000000,40.000000,244.924095,0.000000,77.214485
7665,6640.441128,0.000000,40.000000,245.425487,0.000000,69.192201
7667,6640.441128,0.000000,40.000000,246.428273,0.000000,53.147632
7668,6640.441128,0.000000,40.000000,246.929666,0.000000,45.125348
7669,6640.441128,0.000000,40.000000,247.431058,0.000000,37.103064
7670,6640.441128,0.000000,40.000000,247.932451,0.000000,29.080780
7671,6640.441128,0.000000,40.000000,248.433844,0.000000,21.058496
7672,6640.441128,0.000000,40.000000,248.935237,0.000000,13.036212
7673,6640.441128,0.000000,40.000000,249.436630,0.000000,5.013928
7674,6640.441128,0.000000,40.000000,249.938022,0.000000,356.991643
7675,6640.441128,0.000000,40.000000,250.439415,0.000000,348.969359
7677,6640.441128,0.000000,40.000000,251.442201,0.000000,332.924791
7678,6640.441128,0.000000,40.000000,251.943593,0.000000,324.902507
7680,6640.441128,0.000000,40.000000,252.946379,0.000000,308.857939
7681,6640.441128,0.000000,40.000000,253.447772,0.000000,300.835655
7682,6640.441128,0.000000,40.000000,253.949164,0.000000,292.813370
7683,6640.441128,0.000000,40.000000,254.450557,0.000000,284.791086
7684,6640.441128,0.000000,40.000000,254.951950,0.000000,276.768802
7685,6640.441128,0.000000,40.000000,255.453343,0.000000,268.746518
7686,6640.441128,0.000000,40.000000,255.954735,0.000000,260.724234
7688,6640.441128,0.000000,40.000000,256.957521,0.000000,244.679666
7689,6640.441128,0.000000,40.000000,257.458914,0.000000,236.657382
7690,6640.441128,0.000000,40.000000,257.960306,0.000000,228.635097
7691,6640.441128,0.000000,40.000000,258.461699,0.000000,220.612813
7693,6640.441128,0.000000,40.000000,259.464485,0.000000,204.568245
7695,6640.441128,0.000000,40.000000,260.467270,0.000000,188.523677
7696,6640.441128,0.000000,40.000000,260.968663,0.000000,180.501393
7697,6640.441128,0.000000,40.000000,261.470056,0.000000,172.479109
7698,6640.441128,0.000000,40.000000,261.971448,0.000000,164.456825
7699,6640.441128,0.000000,40.000000,262.472841,0.000000,156.434540
7700,6640.441128,0.000000,40.000000,262.974234,0.000000,148.412256
7701,6640.441128,0.000000,40.000000,263.475627,0.000000,140.389972
7702,6640.441128,0.000000,40.000000,263.977019,0.000000,132.367688
7705,6640.441128,0.000000,40.000000,265.481198,0.000000,108.300836
7706,6640.441128,0.000000,40.000000,265.982591,0.000000,100.278552
7707,6640.441128,0.000000,40.000000,266.483983,0.000000,92.256267
7708,6640.441128,0.000000,40.000000,266.985376,0.000000,84.233983
7709,6640.441128,0.000000,40.000000,267.486769,0.000000,76.211699
7711,6640.441128,0.000000,40.000000,268.489554,0.000000,60.167131
7712,6640.441128,0.000000,40.000000,268.990947,0.000000,52.144847
7713,6640.441128,0.000000,40.000000,269.492340,0.000000,44.122563
7714,6640.441128,0.000000,40.000000,269.993733,0.000000,36.100279
7715,6640.441128,0.000000,40.000000,270.495125,0.000000,28.077994
7717,6640.441128,0.000000,40.000000,271.497911,0.000000,12.033426
7718,6640.441128,0.000000,40.000000,271.999304,0.000000,4.011142
7719,6640.441128,0.000000,40.000000,272.500696,0.000000,355.988858
7720,6640.441128,0.000000,40.000000,273.002089,0.000000,347.966574
7722,6640.441128,0.000000,40.000000,274.004875,0.000000,331.922006
7723,6640.441128,0.000000,40.000000,274.506267,0.000000,323.899721
7724,6640.441128,0.000000,40.000000,275.007660,0.000000,315.877437
7725,6640.441128,0.000000,40.000000,275.509053,0.000000,307.855153
7726,6640.441128,0.000000,40.000000,276.010446,0.000000,299.832869
7727,6640.441128,0.000000,40.000000,276.511838,0.000000,291.810585
7728,6640.441128,0.000000,40.000000,277.013231,0.000000,283.788301
7729,6640.441128,0.000000,40.000000,277.514624,0.000000,275.766017
7730,6640.441128,0.000000,40.000000,278.016017,0.000000,267.743733
7731,6640.441128,0.000000,40.000000,278.517409,0.000000,259.721448
7732,6640.441128,0.000000,40.000000,279.018802,0.000000,251.699164
7733,6640.441128,0.000000,40.000000,279.520195,0.000000,243.676880
7734,6640.441128,0.000000,40.000000,280.021588,0.000000,235.654596
7735,6640.441128,0.000000,40.000000,280.522981,0.000000,227.632312
7736,6640.441128,0.000000,40.000000,281.024373,0.000000,219.610028
7738,6640.441128,0.000000,40.000000,282.027159,0.000000,203.565460
7739,6640.441128,0.000000,40.000000,282.528552,0.000000,195.543175
7740,6640.441128,0.000000,40.000000,283.029944,0.000000,187.520891
7741,6640.441128,0.000000,40.000000,283.531337,0.000000,179.498607
7742,6640.441128,0.000000,40.000000,284.032730,0.000000,171.476323
7743,6640.441128,0.000000,40.000000,284.534123,0.000000,163.454039
7744,6640.441128,0.000000,40.000000,285.035515,0.000000,155.431755
7745,6640.441128,0.000000,40.000000,285.536908,0.000000,147.409471
7746,6640.441128,0.000000,40.000000,286.038301,0.000000,139.387187
7748,6640.441128,0.000000,40.000000,287.041086,0.000000,123.342618
7749,6640.441128,0.000000,40.000000,287.542479,0.000000,115.320334
7750,6640.441128,0.000000,40.000000,288.043872,0.000000,107.298050
7751,6640.441128,0.000000,40.000000,288.545265,0.000000,99.275766
7752,6640.441128,0.000000,40.000000,289.046657,0.000000,91.253482
7755,6640.441128,0.000000,40.000000,290.550836,0.000000,67.186630
7756,6640.441128,0.000000,40.000000,291.052228,0.000000,59.164345
7757,6640.441128,0.000000,40.000000,291.553621,0.000000,51.142061
7758,6640.441128,0.000000,40.000000,292.055014,0.000000,43.119777
7759,6640.441128,0.000000,40.000000,292.556407,0.000000,35.097493
7760,6640.441128,0.000000,40.000000,293.057799,0.000000,27.075209
7761,6640.441128,0.000000,40.000000,293.559192,0.000000,19.052925
7762,6640.441128,0.000000,40.000000,294.060585,0.000000,11.030641
7763,6640.441128,0.000000,40.000000,294.561978,0.000000,3.008357
7765,6640.441128,0.000000,40.000000,295.564763,0.000000,346.963788
7766,6640.441128,0.000000,40.000000,296.066156,0.000000,338.941504
7767,6640.441128,0.000000,40.000000,296.567549,0.000000,330.919220
7768,6640.441128,0.000000,40.000000,297.068942,0.000000,322.896936
7769,6640.441128,0.000000,40.000000,297.570334,0.000000,314.874652
7770,6640.441128,0.000000,40.000000,298.071727,0.000000,306.852368
7771,6640.441128,0.000000,40.000000,298.573120,0.000000,298.830084
7773,6640.441128,0.000000,40.000000,299.575905,0.000000,282.785515
7774,6640.441128,0.000000,40.000000,300.077298,0.000000,274.763231
7775,6640.441128,0.000000,40.000000,300.578691,0.000000,266.740947
7776,6640.441128,0.000000,40.000000,301.080084,0.000000,258.718663
7777,6640.441128,0.000000,40.000000,301.581476,0.000000,250.696379
7778,6640.441128,0.000000,40.000000,302.082869,0.000000,242.674095
7780,6640.441128,0.000000,40.000000,303.085655,0.000000,226.629526
7781,6640.441128,0.000000,40.000000,303.587047,0.000000,218.607242
7782,6640.441128,0.000000,40.000000,304.088440,0.000000,210.584958
7784,6640.441128,0.000000,40.000000,305.091226,0.000000,194.540390
7785,6640.441128,0.000000,40.000000,305.592618,0.000000,186.518106
7786,6640.441128,0.000000,40.000000,306.094011,0.000000,178.495822
7788,6640.441128,0.000000,40.000000,307.096797,0.000000,162.451253
7789,6640.441128,0.000000,40.000000,307.598189,0.000000,154.428969
7791,6640.441128,0.000000,40.000000,308.600975,0.000000,138.384401
7792,6640.441128,0.000000,40.000000,309.102368,0.000000,130.362117
7793,6640.441128,0.000000,40.000000,309.603760,0.000000,122.339833
7794,6640.441128,0.000000,40.000000,310.105153,0.000000,114.317549
7795,6640.441128,0.000000,40.000000,310.606546,0.000000,106.295265
7796,6640.441128,0.000000,40.000000,311.107939,0.000000,98.272981
7797,6640.441128,0.000000,40.000000,311.609331,0.000000,90.250696
7798,6640.441128,0.000000,40.000000,312.110724,0.000000,82.228412
7799,6640.441128,0.000000,40.000000,312.612117,0.000000,74.206128
7800,6640.441128,0.000000,40.000000,313.113510,0.000000,66.183844
7801,6640.441128,0.000000,40.000000,313.614903,0.000000,58.161560
7802,6640.441128,0.000000,40.000000,314.116295,0.000000,50.139276
7803,6640.441128,0.000000,40.000000,314.617688,0.000000,42.116992
7804,6640.441128,0.000000,40.000000,315.119081,0.000000,34.094708
7805,6640.441128,0.000000,40.000000,315.620474,0.000000,26.072423
7807,6640.441128,0.000000,40.000000,316.623259,0.000000,10.027855
7810,6640.441128,0.000000,40.000000,318.127437,0.000000,345.961003
7811,6640.441128,0.000000,40.000000,318.628830,0.000000,337.938719
7812,6640.441128,0.000000,40.000000,319.130223,0.000000,329.916435
7813,6640.441128,0.000000,40.000000,319.631616,0.000000,321.894150
7814,6640.441128,0.000000,40.000000,320.133008,0.000000,313.871866
7815,6640.441128,0.000000,40.000000,320.634401,0.000000,305.849582
7816,6640.441128,0.000000,40.000000,321.135794,0.000000,297.827298
7817,6640.441128,0.000000,40.000000,321.637187,0.000000,289.805014
7818,6640.441128,0.000000,40.000000,322.138579,0.000000,281.782730
7819,6640.441128,0.000000,40.000000,322.639972,0.000000,273.760446
7820,6640.441128,0.000000,40.000000,323.141365,0.000000,265.738162
7821,6640.441128,0.000000,40.000000,323.642758,0.000000,257.715877
7822,6640.441128,0.000000,40.000000,324.144150,0.000000,249.693593
7823,6640.441128,0.000000,40.000000,324.645543,0.000000,241.671309
7824,6640.441128,0.000000,40.000000,325.146936,0.000000,233.649025
7825,6640.441128,0.000000,40.000000,325.648329,0.000000,225.626741
7826,6640.441128,0.000000,40.000000,326.149721,0.000000,217.604457
7827,6640.441128,0.000000,40.000000,326.651114,0.000000,209.582173
7828,6640.441128,0.000000,40.000000,327.152507,0.000000,201.559889
7829,6640.441128,0.000000,40.000000,327.653900,0.000000,193.537604
7830,6640.441128,0.000000,40.000000,328.155292,0.000000,185.515320
7831,6640.441128,0.000000,40.000000,328.656685,0.000000,177.493036
7832,6640.441128,0.000000,40.000000,329.158078,0.000000,169.470752
7833,6640.441128,0.000000,40.000000,329.659471,0.000000,161.448468
7834,6640.441128,0.000000,40.000000,330.160864,0.000000,153.426184
7835,6640.441128,0.000000,40.000000,330.662256,0.000000,145.403900
7836,6640.441128,0.000000,40.000000,331.163649,0.000000,137.381616
7837,6640.441128,0.000000,40.000000,331.665042,0.000000,129.359331
7839,6640.441128,0.000000,40.000000,332.667827,0.000000,113.314763
7840,6640.441128,0.000000,40.000000,333.169220,0.000000,105.292479
7841,6640.441128,0.000000,40.000000,333.670613,0.000000,97.270195
7842,6640.441128,0.000000,40.000000,334.172006,0.000000,89.247911
7843,6640.441128,0.000000,40.000000,334.673398,0.000000,81.225627
7844,6640.441128,0.000000,40.000000,335.174791,0.000000,73.203343
7845,6640.441128,0.000000,40.000000,335.676184,0.000000,65.181058
7846,6640.441128,0.000000,40.000000,336.177577,0.000000,57.158774
7847,6640.441128,0.000000,40.000000,336.678969,0.000000,49.136490
7849,6640.441128,0.000000,40.000000,337.681755,0.000000,33.091922
7850,6640.441128,0.000000,40.000000,338.183148,0.000000,25.069638
7852,6640.441128,0.000000,40.000000,339.185933,0.000000,9.025070
7853,6640.441128,0.000000,40.000000,339.687326,0.000000,1.002786
7855,6640.441128,0.000000,40.000000,340.690111,0.000000,344.958217
7856,6640.441128,0.000000,40.000000,341.191504,0.000000,336.935933
7858,6640.441128,0.000000,40.000000,342.194290,0.000000,320.891365
7860,6640.441128,0.000000,40.000000,343.197075,0.000000,304.846797
7861,6640.441128,0.000000,40.000000,343.698468,0.000000,296.824513
7862,6640.441128,0.000000,40.000000,344.199861,0.000000,288.802228
7863,6640.441128,0.000000,40.000000,344.701253,0.000000,280.779944
7865,6640.441128,0.000000,40.000000,345.704039,0.000000,264.735376
7866,6640.441128,0.000000,40.000000,346.205432,0.000000,256.713092
7867,6640.441128,0.000000,40.000000,346.706825,0.000000,248.690808
7868,6640.441128,0.000000,40.000000,347.208217,0.000000,240.668524
7870,6640.441128,0.000000,40.000000,348.211003,0.000000,224.623955
7871,6640.441128,0.000000,40.000000,348.712396,0.000000,216.601671
7872,6640.441128,0.000000,40.000000,349.213788,0.000000,208.579387
7873,6640.441128,0.000000,40.000000,349.715181,0.000000,200.557103
7875,6640.441128,0.000000,40.000000,350.717967,0.000000,184.512535
7877,6640.441128,0.000000,40.000000,351.720752,0.000000,168.467967
7878,6640.441128,0.000000,40.000000,352.222145,0.000000,160.445682
7879,6640.441128,0.000000,40.000000,352.723538,0.000000,152.423398
7880,6640.441128,0.000000,40.000000,353.224930,0.000000,144.401114
7881,6640.441128,0.000000,40.000000,353.726323,0.000000,136.378830
7882,6640.441128,0.000000,40.000000,354.227716,0.000000,128.356546
7883,6640.441128,0.000000,40.000000,354.729109,0.000000,120.334262
7885,6640.441128,0.000000,40.000000,355.731894,0.000000,104.289694
7886,6640.441128,0.000000,40.000000,356.233287,0.000000,96.267409
7887,6640.441128,0.000000,40.000000,356.734680,0.000000,88.245125
7888,6640.441128,0.000000,40.000000,357.236072,0.000000,80.222841
7889,6640.441128,0.000000,40.000000,357.737465,0.000000,72.200557
7890,6640.441128,0.000000,40.000000,358.238858,0.000000,64.178273
7891,6640.441128,0.000000,40.000000,358.740251,0.000000,56.155989
7892,6640.441128,0.000000,40.000000,359.241643,0.000000,48.133705
7893,6640.441128,0.000000,40.000000,359.743036,0.000000,40.111421
7895,6640.441128,0.000000,40.000000,0.745822,0.000000,24.066852
7896,6640.441128,0.000000,40.000000,1.247214,0.000000,16.044568
7897,6640.441128,0.000000,40.000000,1.748607,0.000000,8.022284
7898,6640.441128,0.000000,46.000000,2.250000,0.000000,0.000000
7899,6640.441128,0.000000,46.000000,2.751393,0.000000,351.977716
7900,6640.441128,0.000000,46.000000,3.252786,0.000000,343.955432
7901,6640.441128,0.000000,46.000000,3.754178,0.000000,335.933148
7902,6640.441128,0.000000,46.000000,4.255571,0.000000,327.910864
7903,6640.441128,0.000000,46.000000,4.756964,0.000000,319.888579
7904,6640.441128,0.000000,46.000000,5.258357,0.000000,311.866295
7905,6640.441128,0.000000,46.000000,5.759749,0.000000,303.844011
7906,6640.441128,0.000000,46.000000,6.261142,0.000000,295.821727
7907,6640.441128,0.000000,46.000000,6.762535,0.000000,287.799443
7908,6640.441128,0.000000,46.000000,7.263928,0.000000,279.777159
7909,6640.441128,0.000000,46.000000,7.765320,0.000000,271.754875
7910,6640.441128,0.000000,46.000000,8.266713,0.000000,263.732591
7911,6640.441128,0.000000,46.000000,8.768106,0.000000,255.710306
7912,6640.441128,0.000000,46.000000,9.269499,0.000000,247.688022
7913,6640.441128,0.000000,46.000000,9.770891,0.000000,239.665738
7914,6640.441128,0.000000,46.000000,10.272284,0.000000,231.643454
7915,6640.441128,0.000000,46.000000,10.773677,0.000000,223.621170
7916,6640.441128,0.000000,46.000000,11.275070,0.000000,215.598886
7917,6640.441128,0.000000,46.000000,11.776462,0.000000,207.576602
7918,6640.441128,0.000000,46.000000,12.277855,0.000000,199.554318
7919,6640.441128,0.000000,46.000000,12.779248,0.000000,191.532033
7920,6640.441128,0.000000,46.000000,13.280641,0.000000,183.509749
7921,6640.441128,0.000000,46.000000,13.782033,0.000000,175.487465
7922,6640.441128,0.000000,46.000000,14.283426,0.000000,167.465181
7923,6640.441128,0.000000,46.000000,14.784819,0.000000,159.442897
7924,6640.441128,0.000000,46.000000,15.286212,0.000000,151.420613
7925,6640.441128,0.000000,46.000000,15.787604,0.000000,143.398329
7926,6640.441128,0.000000,46.000000,16.288997,0.000000,135.376045
7927,6640.441128,0.000000,46.000000,16.790390,0.000000,127.353760
7928,6640.441128,0.000000,46.000000,17.291783,0.000000,119.331476
7929,6640.441128,0.000000,46.000000,17.793175,0.000000,111.309192
7930,6640.441128,0.000000,46.000000,18.294568,0.000000,103.286908
7931,6640.441128,0.000000,46.000000,18.795961,0.000000,95.264624
7932,6640.441128,0.000000,46.000000,19.297354,0.000000,87.242340
7933,6640.441128,0.000000,46.000000,19.798747,0.000000,79.220056
7934,6640.441128,0.000000,46.000000,20.300139,0.000000,71.197772
7935,6640.441128,0.000000,46.000000,20.801532,0.000000,63.175487
7936,6640.441128,0.000000,46.000000,21.302925,0.000000,55.153203
7937,6640.441128,0.000000,46.000000,21.804318,0.000000,47.130919
7939,6640.441128,0.000000,46.000000,22.807103,0.000000,31.086351
7940,6640.441128,0.000000,46.000000,23.308496,0.000000,23.064067
7941,6640.441128,0.000000,46.000000,23.809889,0.000000,15.041783
7942,6640.441128,0.000000,46.000000,24.311281,0.000000,7.019499
7943,6640.441128,0.000000,46.000000,24.812674,0.000000,358.997214
7944,6640.441128,0.000000,46.000000,25.314067,0.000000,350.974930
7945,6640.441128,0.000000,46.000000,25.815460,0.000000,342.952646
7946,6640.441128,0.000000,46.000000,26.316852,0.000000,334.930362
7947,6640.441128,0.000000,46.000000,26.818245,0.000000,326.908078
7948,6640.441128,0.000000,46.000000,27.319638,0.000000,318.885794
7949,6640.441128,0.000000,46.000000,27.821031,0.000000,310.863510
7950,6640.441128,0.000000,46.000000,28.322423,0.000000,302.841226
7951,6640.441128,0.000000,46.000000,28.823816,0.000000,294.818942
7952,6640.441128,0.000000,46.000000,29.325209,0.000000,286.796657
7953,6640.441128,0.000000,46.000000,29.826602,0.000000,278.774373
7954,6640.441128,0.000000,46.000000,30.327994,0.000000,270.752089
7955,6640.441128,0.000000,46.000000,30.829387,0.000000,262.729805
7956,6640.441128,0.000000,46.000000,31.330780,0.000000,254.707521
7957,6640.441128,0.000000,46.000000,31.832173,0.000000,246.685237
7958,6640.441128,0.000000,46.000000,32.333565,0.000000,238.662953
7959,6640.441128,0.000000,46.000000,32.834958,0.000000,230.640669
7960,6640.441128,0.000000,46.000000,33.336351,0.000000,222.618384
7961,6640.441128,0.000000,46.000000,33.837744,0.000000,214.596100
7962,6640.441128,0.000000,46.000000,34.339136,0.000000,206.573816
7963,6640.441128,0.000000,46.000000,34.840529,0.000000,198.551532
7964,6640.441128,0.000000,46.000000,35.341922,0.000000,190.529248
7965,6640.441128,0.000000,46.000000,35.843315,0.000000,182.506964
7966,6640.441128,0.000000,46.000000,36.344708,0.000000,174.484680
7967,6640.441128,0.000000,46.000000,36.846100,0.000000,166.462396
7968,6640.441128,0.000000,46.000000,37.347493,0.000000,158.440111
7969,6640.441128,0.000000,46.000000,37.848886,0.000000,150.417827
7970,6640.441128,0.000000,46.000000,38.350279,0.000000,142.395543
7971,6640.441128,0.000000,46.000000,38.851671,0.000000,134.373259
7972,6640.441128,0.000000,46.000000,39.353064,0.000000,126.350975
7973,6640.441128,0.000000,46.000000,39.854457,0.000000,118.328691
7974,6640.441128,0.000000,46.000000,40.355850,0.000000,110.306407
7975,6640.441128,0.000000,46.000000,40.857242,0.000000,102.284123
7976,6640.441128,0.000000,46.000000,41.358635,0.000000,94.261838
7977,6640.441128,0.000000,46.000000,41.860028,0.000000,86.239554
7978,6640.441128,0.000000,46.000000,42.361421,0.000000,78.217270
7979,6640.441128,0.000000,46.000000,42.862813,0.000000,70.194986
7980,6640.441128,0.000000,46.000000,43.364206,0.000000,62.172702
7981,6640.441128,0.000000,46.000000,43.865599,0.000000,54.150418
7982,6640.441128,0.000000,46.000000,44.366992,0.000000,46.128134
7983,6640.441128,0.000000,46.000000,44.868384,0.000000,38.105850
7984,6640.441128,0.000000,46.000000,45.369777,0.000000,30.083565
7985,6640.441128,0.000000,46.000000,45.871170,0.000000,22.061281
7986,6640.441128,0.000000,46.000000,46.372563,0.000000,14.038997
7987,6640.441128,0.000000,46.000000,46.873955,0.000000,6.016713
7988,6640.441128,0.000000,46.000000,47.375348,0.000000,357.994429
7989,6640.441128,0.000000,46.000000,47.876741,0.000000,349.972145
7990,6640.441128,0.000000,46.000000,48.378134,0.000000,341.949861
7991,6640.441128,0.000000,46.000000,48.879526,0.000000,333.927577
7992,6640.441128,0.000000,46.000000,49.380919,0.000000,325.905292
7993,6640.441128,0.000000,46.000000,49.882312,0.000000,317.883008
7994,6640.441128,0.000000,46.000000,50.383705,0.000000,309.860724
7995,6640.441128,0.000000,46.000000,50.885097,0.000000,301.838440
7996,6640.441128,0.000000,46.000000,51.386490,0.000000,293.816156
7997,6640.441128,0.000000,46.000000,51.887883,0.000000,285.793872
7998,6640.441128,0.000000,46.000000,52.389276,0.000000,277.771588
7999,6640.441128,0.000000,46.000000,52.890669,0.000000,269.749304
8000,6640.441128,0.000000,46.000000,53.392061,0.000000,261.727019
8001,6640.441128,0.000000,46.000000,53.893454,0.000000,253.704735
8002,6640.441128,0.000000,46.000000,54.394847,0.000000,245.682451
8003,6640.441128,0.000000,46.000000,54.896240,0.000000,237.660167
8004,6640.441128,0.000000,46.000000,55.397632,0.000000,229.637883
8005,6640.441128,0.000000,46.000000,55.899025,0.000000,221.615599
8006,6640.441128,0.000000,46.000000,56.400418,0.000000,213.593315
8007,6640.441128,0.000000,46.000000,56.901811,0.000000,205.571031
8008,6640.441128,0.000000,46.000000,57.403203,0.000000,197.548747
8009,6640.441128,0.000000,46.000000,57.904596,0.000000,189.526462
8010,6640.441128,0.000000,46.000000,58.405989,0.000000,181.504178
8011,6640.441128,0.000000,46.000000,58.907382,0.000000,173.481894
8012,6640.441128,0.000000,46.000000,59.408774,0.000000,165.459610
8013,6640.441128,0.000000,46.000000,59.910167,0.000000,157.437326
8014,6640.441128,0.000000,46.000000,60.411560,0.000000,149.415042
8015,6640.441128,0.000000,46.000000,60.912953,0.000000,141.392758
8016,6640.441128,0.000000,46.000000,61.414345,0.000000,133.370474
8017,6640.441128,0.000000,46.000000,61.915738,0.000000,125.348189
8018,6640.441128,0.000000,46.000000,62.417131,0.000000,117.325905
8019,6640.441128,0.000000,46.000000,62.918524,0.000000,109.303621
8020,6640.441128,0.000000,46.000000,63.419916,0.000000,101.281337
8021,6640.441128,0.000000,46.000000,63.921309,0.000000,93.259053
8022,6640.441128,0.000000,46.000000,64.422702,0.000000,85.236769
8023,6640.441128,0.000000,46.000000,64.924095,0.000000,77.214485
8024,6640.441128,0.000000,46.000000,65.425487,0.000000,69.192201
8025,6640.441128,0.000000,46.000000,65.926880,0.000000,61.169916
8026,6640.441128,0.000000,46.000000,66.428273,0.000000,53.147632
8027,6640.441128,0.000000,46.000000,66.929666,0.000000,45.125348
8028,6640.441128,0.000000,46.000000,67.431058,0.000000,37.103064
8029,6640.441128,0.000000,46.000000,67.932451,0.000000,29.080780
8030,6640.441128,0.000000,46.000000,68.433844,0.000000,21.058496
8031,6640.441128,0.000000,46.000000,68.935237,0.000000,13.036212
8032,6640.441128,0.000000,46.000000,69.436630,0.000000,5.013928
8033,6640.441128,0.000000,46.000000,69.938022,0.000000,356.991643
8034,6640.441128,0.000000,46.000000,70.439415,0.000000,348.969359
8036,6640.441128,0.000000,46.000000,71.442201,0.000000,332.924791
8037,6640.441128,0.000000,46.000000,71.943593,0.000000,324.902507
8038,6640.441128,0.000000,46.000000,72.444986,0.000000,316.880223
8039,6640.441128,0.000000,46.000000,72.946379,0.000000,308.857939
8040,6640.441128,0.000000,46.000000,73.447772,0.000000,300.835655
8041,6640.441128,0.000000,46.000000,73.949164,0.000000,292.813370
8042,6640.441128,0.000000,46.000000,74.450557,0.000000,284.791086
8043,6640.441128,0.000000,46.000000,74.951950,0.000000,276.768802
8044,6640.441128,0.000000,46.000000,75.453343,0.000000,268.746518
8045,6640.441128,0.000000,46.000000,75.954735,0.000000,260.724234
8046,6640.441128,0.000000,46.000000,76.456128,0.000000,252.701950
8047,6640.441128,0.000000,46.000000,76.957521,0.000000,244.679666
8048,6640.441128,0.000000,46.000000,77.458914,0.000000,236.657382
8049,6640.441128,0.000000,46.000000,77.960306,0.000000,228.635097
8050,6640.441128,0.000000,46.000000,78.461699,0.000000,220.612813
8051,6640.441128,0.000000,46.000000,78.963092,0.000000,212.590529
8052,6640.441128,0.000000,46.000000,79.464485,0.000000,204.568245
8053,6640.441128,0.000000,46.000000,79.965877,0.000000,196.545961
8054,6640.441128,0.000000,46.000000,80.467270,0.000000,188.523677
8055,6640.441128,0.000000,46.000000,80.968663,0.000000,180.501393
8056,6640.441128,0.000000,46.000000,81.470056,0.000000,172.479109
8057,6640.441128,0.000000,46.000000,81.971448,0.000000,164.456825
8058,6640.441128,0.000000,46.000000,82.472841,0.000000,156.434540
8059,6640.441128,0.000000,46.000000,82.974234,0.000000,148.412256
8060,6640.441128,0.000000,46.000000,83.475627,0.000000,140.389972
8061,6640.441128,0.000000,46.000000,83.977019,0.000000,132.367688
8062,6640.441128,0.000000,46.000000,84.478412,0.000000,124.345404
8063,6640.441128,0.000000,46.000000,84.979805,0.000000,116.323120
8064,6640.441128,0.000000,46.000000,85.481198,0.000000,108.300836
8065,6640.441128,0.000000,46.000000,85.982591,0.000000,100.278552
8066,6640.441128,0.000000,46.000000,86.483983,0.000000,92.256267
8067,6640.441128,0.000000,46.000000,86.985376,0.000000,84.233983
8068,6640.441128,0.000000,46.000000,87.486769,0.000000,76.211699
8069,6640.441128,0.000000,46.000000,87.988162,0.000000,68.189415
8070,6640.441128,0.000000,46.000000,88.489554,0.000000,60.167131
8071,6640.441128,0.000000,46.000000,88.990947,0.000000,52.144847
8072,6640.441128,0.000000,46.000000,89.492340,0.000000,44.122563
8073,6640.441128,0.000000,46.000000,89.993733,0.000000,36.100279
8074,6640.441128,0.000000,46.000000,90.495125,0.000000,28.077994
8075,6640.441128,0.000000,46.000000,90.996518,0.000000,20.055710
8076,6640.441128,0.000000,46.000000,91.497911,0.000000,12.033426
8077,6640.441128,0.000000,46.000000,91.999304,0.000000,4.011142
8078,6640.441128,0.000000,46.000000,92.500696,0.000000,355.988858
8079,6640.441128,0.000000,46.000000,93.002089,0.000000,347.966574
8080,6640.441128,0.000000,46.000000,93.503482,0.000000,339.944290
8081,6640.441128,0.000000,46.000000,94.004875,0.000000,331.922006
8082,6640.441128,0.000000,46.000000,94.506267,0.000000,323.899721
8083,6640.441128,0.000000,46.000000,95.007660,0.000000,315.877437
8084,6640.441128,0.000000,46.000000,95.509053,0.000000,307.855153
8085,6640.441128,0.000000,46.000000,96.010446,0.000000,299.832869
8086,6640.441128,0.000000,46.000000,96.511838,0.000000,291.810585
8087,6640.441128,0.000000,46.000000,97.013231,0.000000,283.788301
8088,6640.441128,0.000000,46.000000,97.514624,0.000000,275.766017
8089,6640.441128,0.000000,46.000000,98.016017,0.000000,267.743733
8090,6640.441128,0.000000,46.000000,98.517409,0.000000,259.721448
8091,6640.441128,0.000000,46.000000,99.018802,0.000000,251.699164
8092,6640.441128,0.000000,46.000000,99.520195,0.000000,243.676880
8093,6640.441128,0.000000,46.000000,100.021588,0.000000,235.654596
8094,6640.441128,0.000000,46.000000,100.522981,0.000000,227.632312
8095,6640.441128,0.000000,46.000000,101.024373,0.000000,219.610028
8096,6640.441128,0.000000,46.000000,101.525766,0.000000,211.587744
8097,6640.441128,0.000000,46.000000,102.027159,0.000000,203.565460
8098,6640.441128,0.000000,46.000000,102.528552,0.000000,195.543175
8099,6640.441128,0.000000,46.000000,103.029944,0.000000,187.520891
8100,6640.441128,0.000000,46.000000,103.531337,0.000000,179.498607
8101,6640.441128,0.000000,46.000000,104.032730,0.000000,171.476323
8102,6640.441128,0.000000,46.000000,104.534123,0.000000,163.454039
8103,6640.441128,0.000000,46.000000,105.035515,0.000000,155.431755
8104,6640.441128,0.000000,46.000000,105.536908,0.000000,147.409471
8105,6640.441128,0.000000,46.000000,106.038301,0.000000,139.387187
8106,6640.441128,0.000000,46.000000,106.539694,0.000000,131.364903
8107,6640.441128,0.000000,46.000000,107.041086,0.000000,123.342618
8108,6640.441128,0.000000,46.000000,107.542479,0.000000,115.320334
8109,6640.441128,0.000000,46.000000,108.043872,0.000000,107.298050
8110,6640.441128,0.000000,46.000000,108.545265,0.000000,99.275766
8111,6640.441128,0.000000,46.000000,109.046657,0.000000,91.253482
8112,6640.441128,0.000000,46.000000,109.548050,0.000000,83.231198
8113,6640.441128,0.000000,46.000000,110.049443,0.000000,75.208914
8114,6640.441128,0.000000,46.000000,110.550836,0.000000,67.186630
8115,6640.441128,0.000000,46.000000,111.052228,0.000000,59.164345
8116,6640.441128,0.000000,46.000000,111.553621,0.000000,51.142061
8117,6640.441128,0.000000,46.000000,112.055014,0.000000,43.119777
8118,6640.441128,0.000000,46.000000,112.556407,0.000000,35.097493
8119,6640.441128,0.000000,46.000000,113.057799,0.000000,27.075209
8120,6640.441128,0.000000,46.000000,113.559192,0.000000,19.052925
8121,6640.441128,0.000000,46.000000,114.060585,0.000000,11.030641
8122,6640.441128,0.000000,46.000000,114.561978,0.000000,3.008357
8123,6640.441128,0.000000,46.000000,115.063370,0.000000,354.986072
8124,6640.441128,0.000000,46.000000,115.564763,0.000000,346.963788
8125,6640.441128,0.000000,46.000000,116.066156,0.000000,338.941504
8126,6640.441128,0.000000,46.000000,116.567549,0.000000,330.919220
8127,6640.441128,0.000000,46.000000,117.068942,0.000000,322.896936
8128,6640.441128,0.000000,46.000000,117.570334,0.000000,314.874652
8129,6640.441128,0.000000,46.000000,118.071727,0.000000,306.852368
8130,6640.441128,0.000000,46.000000,118.573120,0.000000,298.830084
8131,6640.441128,0.000000,46.000000,119.074513,0.000000,290.807799
8132,6640.441128,0.000000,46.000000,119.575905,0.000000,282.785515
8133,6640.441128,0.000000,46.000000,120.077298,0.000000,274.763231
8134,6640.441128,0.000000,46.000000,120.578691,0.000000,266.740947
8135,6640.441128,0.000000,46.000000,121.080084,0.000000,258.718663
8136,6640.441128,0.000000,46.000000,121.581476,0.000000,250.696379
8137,6640.441128,0.000000,46.000000,122.082869,0.000000,242.674095
8138,6640.441128,0.000000,46.000000,122.584262,0.000000,234.651811
8139,6640.441128,0.000000,46.000000,123.085655,0.000000,226.629526
8140,6640.441128,0.000000,46.000000,123.587047,0.000000,218.607242
8141,6640.441128,0.000000,46.000000,124.088440,0.000000,210.584958
8142,6640.441128,0.000000,46.000000,124.589833,0.000000,202.562674
8143,6640.441128,0.000000,46.000000,125.091226,0.000000,194.540390
8144,6640.441128,0.000000,46.000000,125.592618,0.000000,186.518106
8145,6640.441128,0.000000,46.000000,126.094011,0.000000,178.495822
8146,6640.441128,0.000000,46.000000,126.595404,0.000000,170.473538
8147,6640.441128,0.000000,46.000000,127.096797,0.000000,162.451253
8148,6640.441128,0.000000,46.000000,127.598189,0.000000,154.428969
8149,6640.441128,0.000000,46.000000,128.099582,0.000000,146.406685
8150,6640.441128,0.000000,46.000000,128.600975,0.000000,138.384401
8151,6640.441128,0.000000,46.000000,129.102368,0.000000,130.362117
8152,6640.441128,0.000000,46.000000,129.603760,0.000000,122.339833
8153,6640.441128,0.000000,46.000000,130.105153,0.000000,114.317549
8154,6640.441128,0.000000,46.000000,130.606546,0.000000,106.295265
8155,6640.441128,0.000000,46.000000,131.107939,0.000000,98.272981
8156,6640.441128,0.000000,46.000000,131.609331,0.000000,90.250696
8157,6640.441128,0.000000,46.000000,132.110724,0.000000,82.228412
8158,6640.441128,0.000000,46.000000,132.612117,0.000000,74.206128
8159,6640.441128,0.000000,46.000000,133.113510,0.000000,66.183844
8160,6640.441128,0.000000,46.000000,133.614903,0.000000,58.161560
8161,6640.441128,0.000000,46.000000,134.116295,0.000000,50.139276
8162,6640.441128,0.000000,46.000000,134.617688,0.000000,42.116992
8163,6640.441128,0.000000,46.000000,135.119081,0.000000,34.094708
8164,6640.441128,0.000000,46.000000,135.620474,0.000000,26.072423
8165,6640.441128,0.000000,46.000000,136.121866,0.000000,18.050139
8166,6640.441128,0.000000,46.000000,136.623259,0.000000,10.027855
8167,6640.441128,0.000000,46.000000,137.124652,0.000000,2.005571
8168,6640.441128,0.000000,46.000000,137.626045,0.000000,353.983287
8169,6640.441128,0.000000,46.000000,138.127437,0.000000,345.961003
8170,6640.441128,0.000000,46.000000,138.628830,0.000000,337.938719
8171,6640.441128,0.000000,46.000000,139.130223,0.000000,329.916435
8172,6640.441128,0.000000,46.000000,139.631616,0.000000,321.894150
8173,6640.441128,0.000000,46.000000,140.133008,0.000000,313.871866
8174,6640.441128,0.000000,46.000000,140.634401,0.000000,305.849582
8175,6640.441128,0.000000,46.000000,141.135794,0.000000,297.827298
8176,6640.441128,0.000000,46.000000,141.637187,0.000000,289.805014
8177,6640.441128,0.000000,46.000000,142.138579,0.000000,281.782730
8178,6640.441128,0.000000,46.000000,142.639972,0.000000,273.760446
8179,6640.441128,0.000000,46.000000,143.141365,0.000000,265.738162
8180,6640.441128,0.000000,46.000000,143.642758,0.000000,257.715877
8181,6640.441128,0.000000,46.000000,144.144150,0.000000,249.693593
8182,6640.441128,0.000000,46.000000,144.645543,0.000000,241.671309
8183,6640.441128,0.000000,46.000000,145.146936,0.000000,233.649025
8184,6640.441128,0.000000,46.000000,145.648329,0.000000,225.626741
8185,6640.441128,0.000000,46.000000,146.149721,0.000000,217.604457
8186,6640.441128,0.000000,46.000000,146.651114,0.000000,209.582173
8187,6640.441128,0.000000,46.000000,147.152507,0.000000,201.559889
8188,6640.441128,0.000000,46.000000,147.653900,0.000000,193.537604
8189,6640.441128,0.000000,46.000000,148.155292,0.000000,185.515320
8190,6640.441128,0.000000,46.000000,148.656685,0.000000,177.493036
8191,6640.441128,0.000000,46.000000,149.158078,0.000000,169.470752
8192,6640.441128,0.000000,46.000000,149.659471,0.000000,161.448468
8193,6640.441128,0.000000,46.000000,150.160864,0.000000,153.426184
8194,6640.441128,0.000000,46.000000,150.662256,0.000000,145.403900
8195,6640.441128,0.000000,46.000000,151.163649,0.000000,137.381616
8196,6640.441128,0.000000,46.000000,151.665042,0.000000,129.359331
8197,6640.441128,0.000000,46.000000,152.166435,0.000000,121.337047
8198,6640.441128,0.000000,46.000000,152.667827,0.000000,113.314763
8199,6640.441128,0.000000,46.000000,153.169220,0.000000,105.292479
8200,6640.441128,0.000000,46.000000,153.670613,0.000000,97.270195
8201,6640.441128,0.000000,46.000000,154.172006,0.000000,89.247911
8202,6640.441128,0.000000,46.000000,154.673398,0.000000,81.225627
8203,6640.441128,0.000000,46.000000,155.174791,0.000000,73.203343
8204,6640.441128,0.000000,46.000000,155.676184,0.000000,65.181058
8205,6640.441128,0.000000,46.000000,156.177577,0.000000,57.158774
8206,6640.441128,0.000000,46.000000,156.678969,0.000000,49.136490
8207,6640.441128,0.000000,46.000000,157.180362,0.000000,41.114206
8208,6640.441128,0.000000,46.000000,157.681755,0.000000,33.091922
8209,6640.441128,0.000000,46.000000,158.183148,0.000000,25.069638
8210,6640.441128,0.000000,46.000000,158.684540,0.000000,17.047354
8211,6640.441128,0.000000,46.000000,159.185933,0.000000,9.025070
8212,6640.441128,0.000000,46.000000,159.687326,0.000000,1.002786
8213,6640.441128,0.000000,46.000000,160.188719,0.000000,352.980501
8214,6640.441128,0.000000,46.000000,160.690111,0.000000,344.958217
8215,6640.441128,0.000000,46.000000,161.191504,0.000000,336.935933
8216,6640.441128,0.000000,46.000000,161.692897,0.000000,328.913649
8217,6640.441128,0.000000,46.000000,162.194290,0.000000,320.891365
8218,6640.441128,0.000000,46.000000,162.695682,0.000000,312.869081
8219,6640.441128,0.000000,46.000000,163.197075,0.000000,304.846797
8220,6640.441128,0.000000,46.000000,163.698468,0.000000,296.824513
8221,6640.441128,0.000000,46.000000,164.199861,0.000000,288.802228
8222,6640.441128,0.000000,46.000000,164.701253,0.000000,280.779944
8223,6640.441128,0.000000,46.000000,165.202646,0.000000,272.757660
8224,6640.441128,0.000000,46.000000,165.704039,0.000000,264.735376
8225,6640.441128,0.000000,46.000000,166.205432,0.000000,256.713092
8226,6640.441128,0.000000,46.000000,166.706825,0.000000,248.690808
8227,6640.441128,0.000000,46.000000,167.208217,0.000000,240.668524
8228,6640.441128,0.000000,46.000000,167.709610,0.000000,232.646240
8229,6640.441128,0.000000,46.000000,168.211003,0.000000,224.623955
8230,6640.441128,0.000000,46.000000,168.712396,0.000000,216.601671
8231,6640.441128,0.000000,46.000000,169.213788,0.000000,208.579387
8232,6640.441128,0.000000,46.000000,169.715181,0.000000,200.557103
8233,6640.441128,0.000000,46.000000,170.216574,0.000000,192.534819
8234,6640.441128,0.000000,46.000000,170.717967,0.000000,184.512535
8235,6640.441128,0.000000,46.000000,171.219359,0.000000,176.490251
8236,6640.441128,0.000000,46.000000,171.720752,0.000000,168.467967
8237,6640.441128,0.000000,46.000000,172.222145,0.000000,160.445682
8238,6640.441128,0.000000,46.000000,172.723538,0.000000,152.423398
8239,6640.441128,0.000000,46.000000,173.224930,0.000000,144.401114
8240,6640.441128,0.000000,46.000000,173.726323,0.000000,136.378830
8241,6640.441128,0.000000,46.000000,174.227716,0.000000,128.356546
8242,6640.441128,0.000000,46.000000,174.729109,0.000000,120.334262
8243,6640.441128,0.000000,46.000000,175.230501,0.000000,112.311978
8244,6640.441128,0.000000,46.000000,175.731894,0.000000,104.289694
8245,6640.441128,0.000000,46.000000,176.233287,0.000000,96.267409
8246,6640.441128,0.000000,46.000000,176.734680,0.000000,88.245125
8247,6640.441128,0.000000,46.000000,177.236072,0.000000,80.222841
8248,6640.441128,0.000000,46.000000,177.737465,0.000000,72.200557
8249,6640.441128,0.000000,46.000000,178.238858,0.000000,64.178273
8250,6640.441128,0.000000,46.000000,178.740251,0.000000,56.155989
8251,6640.441128,0.000000,46.000000,179.241643,0.000000,48.133705
8252,6640.441128,0.000000,46.000000,179.743036,0.000000,40.111421
8253,6640.441128,0.000000,46.000000,180.244429,0.000000,32.089136
8254,6640.441128,0.000000,46.000000,180.745822,0.000000,24.066852
8255,6640.441128,0.000000,46.000000,181.247214,0.000000,16.044568
8256,6640.441128,0.000000,46.000000,181.748607,0.000000,8.022284
8257,6640.441128,0.000000,46.000000,182.250000,0.000000,360.000000
8258,6640.441128,0.000000,46.000000,182.751393,0.000000,351.977716
8259,6640.441128,0.000000,46.000000,183.252786,0.000000,343.955432
8260,6640.441128,0.000000,46.000000,183.754178,0.000000,335.933148
8261,6640.441128,0.000000,46.000000,184.255571,0.000000,327.910864
8262,6640.441128,0.000000,46.000000,184.756964,0.000000,319.888579
8263,6640.441128,0.000000,46.000000,185.258357,0.000000,311.866295
8264,6640.441128,0.000000,46.000000,185.759749,0.000000,303.844011
8265,6640.441128,0.000000,46.000000,186.261142,0.000000,295.821727
8266,6640.441128,0.000000,46.000000,186.762535,0.000000,287.799443
8267,6640.441128,0.000000,46.000000,187.263928,0.000000,279.777159
8268,6640.441128,0.000000,46.000000,187.765320,0.000000,271.754875
8269,6640.441128,0.000000,46.000000,188.266713,0.000000,263.732591
8270,6640.441128,0.000000,46.000000,188.768106,0.000000,255.710306
8271,6640.441128,0.000000,46.000000,189.269499,0.000000,247.688022
8272,6640.441128,0.000000,46.000000,189.770891,0.000000,239.665738
8273,6640.441128,0.000000,46.000000,190.272284,0.000000,231.643454
8274,6640.441128,0.000000,46.000000,190.773677,0.000000,223.621170
8275,6640.441128,0.000000,46.000000,191.275070,0.000000,215.598886
8276,6640.441128,0.000000,46.000000,191.776462,0.000000,207.576602
8277,6640.441128,0.000000,46.000000,192.277855,0.000000,199.554318
8278,6640.441128,0.000000,46.000000,192.779248,0.000000,191.532033
8279,6640.441128,0.000000,46.000000,193.280641,0.000000,183.509749
8280,6640.441128,0.000000,46.000000,193.782033,0.000000,175.487465
8281,6640.441128,0.000000,46.000000,194.283426,0.000000,167.465181
8282,6640.441128,0.000000,46.000000,194.784819,0.000000,159.442897
8283,6640.441128,0.000000,46.000000,195.286212,0.000000,151.420613
8284,6640.441128,0.000000,46.000000,195.787604,0.000000,143.398329
8285,6640.441128,0.000000,46.000000,196.288997,0.000000,135.376045
8286,6640.441128,0.000000,46.000000,196.790390,0.000000,127.353760
8287,6640.441128,0.000000,46.000000,197.291783,0.000000,119.331476
8288,6640.441128,0.000000,46.000000,197.793175,0.000000,111.309192
8289,6640.441128,0.000000,46.000000,198.294568,0.000000,103.286908
8290,6640.441128,0.000000,46.000000,198.795961,0.000000,95.264624
8291,6640.441128,0.000000,46.000000,199.297354,0.000000,87.242340
8292,6640.441128,0.000000,46.000000,199.798747,0.000000,79.220056
8293,6640.441128,0.000000,46.000000,200.300139,0.000000,71.197772
8294,6640.441128,0.000000,46.000000,200.801532,0.000000,63.175487
8295,6640.441128,0.000000,46.000000,201.302925,0.000000,55.153203
8296,6640.441128,0.000000,46.000000,201.804318,0.000000,47.130919
8297,6640.441128,0.000000,46.000000,202.305710,0.000000,39.108635
8298,6640.441128,0.000000,46.000000,202.807103,0.000000,31.086351
8299,6640.441128,0.000000,46.000000,203.308496,0.000000,23.064067
8300,6640.441128,0.000000,46.000000,203.809889,0.000000,15.041783
8301,6640.441128,0.000000,46.000000,204.311281,0.000000,7.019499
8302,6640.441128,0.000000,46.000000,204.812674,0.000000,358.997214
8303,6640.441128,0.000000,46.000000,205.314067,0.000000,350.974930
8304,6640.441128,0.000000,46.000000,205.815460,0.000000,342.952646
8305,6640.441128,0.000000,46.000000,206.316852,0.000000,334.930362
8306,6640.441128,0.000000,46.000000,206.818245,0.000000,326.908078
8307,6640.441128,0.000000,46.000000,207.319638,0.000000,318.885794
8308,6640.441128,0.000000,46.000000,207.821031,0.000000,310.863510
8309,6640.441128,0.000000,46.000000,208.322423,0.000000,302.841226
8310,6640.441128,0.000000,46.000000,208.823816,0.000000,294.818942
8311,6640.441128,0.000000,46.000000,209.325209,0.000000,286.796657
8312,6640.441128,0.000000,46.000000,209.826602,0.000000,278.774373
8313,6640.441128,0.000000,46.000000,210.327994,0.000000,270.752089
8314,6640.441128,0.000000,46.000000,210.829387,0.000000,262.729805
8315,6640.441128,0.000000,46.000000,211.330780,0.000000,254.707521
8316,6640.441128,0.000000,46.000000,211.832173,0.000000,246.685237
8317,6640.441128,0.000000,46.000000,212.333565,0.000000,238.662953
8318,6640.441128,0.000000,46.000000,212.834958,0.000000,230.640669
8319,6640.441128,0.000000,46.000000,213.336351,0.000000,222.618384
8320,6640.441128,0.000000,46.000000,213.837744,0.000000,214.596100
8321,6640.441128,0.000000,46.000000,214.339136,0.000000,206.573816
8322,6640.441128,0.000000,46.000000,214.840529,0.000000,198.551532
8323,6640.441128,0.000000,46.000000,215.341922,0.000000,190.529248
8324,6640.441128,0.000000,46.000000,215.843315,0.000000,182.506964
8325,6640.441128,0.000000,46.000000,216.344708,0.000000,174.484680
8326,6640.441128,0.000000,46.000000,216.846100,0.000000,166.462396
8327,6640.441128,0.000000,46.000000,217.347493,0.000000,158.440111
8328,6640.441128,0.000000,46.000000,217.848886,0.000000,150.417827
8329,6640.441128,0.000000,46.000000,218.350279,0.000000,142.395543
8330,6640.441128,0.000000,46.000000,218.851671,0.000000,134.373259
8331,6640.441128,0.000000,46.000000,219.353064,0.000000,126.350975
8332,6640.441128,0.000000,46.000000,219.854457,0.000000,118.328691
8333,6640.441128,0.000000,46.000000,220.355850,0.000000,110.306407
8334,6640.441128,0.000000,46.000000,220.857242,0.000000,102.284123
8335,6640.441128,0.000000,46.000000,221.358635,0.000000,94.261838
8336,6640.441128,0.000000,46.000000,221.860028,0.000000,86.239554
8337,6640.441128,0.000000,46.000000,222.361421,0.000000,78.217270
8338,6640.441128,0.000000,46.000000,222.862813,0.000000,70.194986
8339,6640.441128,0.000000,46.000000,223.364206,0.000000,62.172702
8340,6640.441128,0.000000,46.000000,223.865599,0.000000,54.150418
8341,6640.441128,0.000000,46.000000,224.366992,0.000000,46.128134
8342,6640.441128,0.000000,46.000000,224.868384,0.000000,38.105850
8343,6640.441128,0.000000,46.000000,225.369777,0.000000,30.083565
8344,6640.441128,0.000000,46.000000,225.871170,0.000000,22.061281
8345,6640.441128,0.000000,46.000000,226.372563,0.000000,14.038997
8346,6640.441128,0.000000,46.000000,226.873955,0.000000,6.016713
8347,6640.441128,0.000000,46.000000,227.375348,0.000000,357.994429
8348,6640.441128,0.000000,46.000000,227.876741,0.000000,349.972145
8349,6640.441128,0.000000,46.000000,228.378134,0.000000,341.949861
8350,6640.441128,0.000000,46.000000,228.879526,0.000000,333.927577
8351,6640.441128,0.000000,46.000000,229.380919,0.000000,325.905292
8352,6640.441128,0.000000,46.000000,229.882312,0.000000,317.883008
8353,6640.441128,0.000000,46.000000,230.383705,0.000000,309.860724
8354,6640.441128,0.000000,46.000000,230.885097,0.000000,301.838440
8355,6640.441128,0.000000,46.000000,231.386490,0.000000,293.816156
8356,6640.441128,0.000000,46.000000,231.887883,0.000000,285.793872
8357,6640.441128,0.000000,46.000000,232.389276,0.000000,277.771588
8358,6640.441128,0.000000,46.000000,232.890669,0.000000,269.749304
8359,6640.441128,0.000000,46.000000,233.392061,0.000000,261.727019
8360,6640.441128,0.000000,46.000000,233.893454,0.000000,253.704735
8361,6640.441128,0.000000,46.000000,234.394847,0.000000,245.682451
8362,6640.441128,0.000000,46.000000,234.896240,0.000000,237.660167
8363,6640.441128,0.000000,46.000000,235.397632,0.000000,229.637883
8364,6640.441128,0.000000,46.000000,235.899025,0.000000,221.615599
8365,6640.441128,0.000000,46.000000,236.400418,0.000000,213.593315
8366,6640.441128,0.000000,46.000000,236.901811,0.000000,205.571031
8367,6640.441128,0.000000,46.000000,237.403203,0.000000,197.548747
8368,6640.441128,0.000000,46.000000,237.904596,0.000000,189.526462
8369,6640.441128,0.000000,46.000000,238.405989,0.000000,181.504178
8370,6640.441128,0.000000,46.000000,238.907382,0.000000,173.481894
8371,6640.441128,0.000000,46.000000,239.408774,0.000000,165.459610
8372,6640.441128,0.000000,46.000000,239.910167,0.000000,157.437326
8373,6640.441128,0.000000,46.000000,240.411560,0.000000,149.415042
8374,6640.441128,0.000000,46.000000,240.912953,0.000000,141.392758
8375,6640.441128,0.000000,46.000000,241.414345,0.000000,133.370474
8376,6640.441128,0.000000,46.000000,241.915738,0.000000,125.348189
8377,6640.441128,0.000000,46.000000,242.417131,0.000000,117.325905
8378,6640.441128,0.000000,46.000000,242.918524,0.000000,109.303621
8379,6640.441128,0.000000,46.000000,243.419916,0.000000,101.281337
8380,6640.441128,0.000000,46.000000,243.921309,0.000000,93.259053
8381,6640.441128,0.000000,46.000000,244.422702,0.000000,85.236769
8382,6640.441128,0.000000,46.000000,244.924095,0.000000,77.214485
8383,6640.441128,0.000000,46.000000,245.425487,0.000000,69.192201
8384,6640.441128,0.000000,46.000000,245.926880,0.000000,61.169916
8385,6640.441128,0.000000,46.000000,246.428273,0.000000,53.147632
8386,6640.441128,0.000000,46.000000,246.929666,0.000000,45.125348
8387,6640.441128,0.000000,46.000000,247.431058,0.000000,37.103064
8388,6640.441128,0.000000,46.000000,247.932451,0.000000,29.080780
8389,6640.441128,0.000000,46.000000,248.433844,0.000000,21.058496
8390,6640.441128,0.000000,46.000000,248.935237,0.000000,13.036212
8391,6640.441128,0.000000,46.000000,249.436630,0.000000,5.013928
8392,6640.441128,0.000000,46.000000,249.938022,0.000000,356.991643
8393,6640.441128,0.000000,46.000000,250.439415,0.000000,348.969359
8394,6640.441128,0.000000,46.000000,250.940808,0.000000,340.947075
8395,6640.441128,0.000000,46.000000,251.442201,0.000000,332.924791
8396,6640.441128,0.000000,46.000000,251.943593,0.000000,324.902507
8397,6640.441128,0.000000,46.000000,252.444986,0.000000,316.880223
8398,6640.441128,0.000000,46.000000,252.946379,0.000000,308.857939
8399,6640.441128,0.000000,46.000000,253.447772,0.000000,300.835655
8400,6640.441128,0.000000,46.000000,253.949164,0.000000,292.813370
8401,6640.441128,0.000000,46.000000,254.450557,0.000000,284.791086
8402,6640.441128,0.000000,46.000000,254.951950,0.000000,276.768802
8403,6640.441128,0.000000,46.000000,255.453343,0.000000,268.746518
8404,6640.441128,0.000000,46.000000,255.954735,0.000000,260.724234
8405,6640.441128,0.000000,46.000000,256.456128,0.000000,252.701950
8406,6640.441128,0.000000,46.000000,256.957521,0.000000,244.679666
8407,6640.441128,0.000000,46.000000,257.458914,0.000000,236.657382
8408,6640.441128,0.000000,46.000000,257.960306,0.000000,228.635097
8409,6640.441128,0.000000,46.000000,258.461699,0.000000,220.612813
8410,6640.441128,0.000000,46.000000,258.963092,0.000000,212.590529
8411,6640.441128,0.000000,46.000000,259.464485,0.000000,204.568245
8412,6640.441128,0.000000,46.000000,259.965877,0.000000,196.545961
8413,6640.441128,0.000000,46.000000,260.467270,0.000000,188.523677
8414,6640.441128,0.000000,46.000000,260.968663,0.000000,180.501393
8415,6640.441128,0.000000,46.000000,261.470056,0.000000,172.479109
8416,6640.441128,0.000000,46.000000,261.971448,0.000000,164.456825
8417,6640.441128,0.000000,46.000000,262.472841,0.000000,156.434540
8418,6640.441128,0.000000,46.000000,262.974234,0.000000,148.412256
8419,6640.441128,0.000000,46.000000,263.475627,0.000000,140.389972
8420,6640.441128,0.000000,46.000000,263.977019,0.000000,132.367688
8421,6640.441128,0.000000,46.000000,264.478412,0.000000,124.345404
8422,6640.441128,0.000000,46.000000,264.979805,0.000000,116.323120
8423,6640.441128,0.000000,46.000000,265.481198,0.000000,108.300836
8424,6640.441128,0.000000,46.000000,265.982591,0.000000,100.278552
8425,6640.441128,0.000000,46.000000,266.483983,0.000000,92.256267
8426,6640.441128,0.000000,46.000000,266.985376,0.000000,84.233983
8427,6640.441128,0.000000,46.000000,267.486769,0.000000,76.211699
8428,6640.441128,0.000000,46.000000,267.988162,0.000000,68.189415
8429,6640.441128,0.000000,46.000000,268.489554,0.000000,60.167131
8430,6640.441128,0.000000,46.000000,268.990947,0.000000,52.144847
8431,6640.441128,0.000000,46.000000,269.492340,0.000000,44.122563
8432,6640.441128,0.000000,46.000000,269.993733,0.000000,36.100279
8433,6640.441128,0.000000,46.000000,270.495125,0.000000,28.077994
8434,6640.441128,0.000000,46.000000,270.996518,0.000000,20.055710
8435,6640.441128,0.000000,46.000000,271.497911,0.000000,12.033426
8436,6640.441128,0.000000,46.000000,271.999304,0.000000,4.011142
8437,6640.441128,0.000000,46.000000,272.500696,0.000000,355.988858
8438,6640.441128,0.000000,46.000000,273.002089,0.000000,347.966574
8439,6640.441128,0.000000,46.000000,273.503482,0.000000,339.944290
8440,6640.441128,0.000000,46.000000,274.004875,0.000000,331.922006
8441,6640.441128,0.000000,46.000000,274.506267,0.000000,323.899721
8442,6640.441128,0.000000,46.000000,275.007660,0.000000,315.877437
8443,6640.441128,0.000000,46.000000,275.509053,0.000000,307.855153
8444,6640.441128,0.000000,46.000000,276.010446,0.000000,299.832869
8445,6640.441128,0.000000,46.000000,276.511838,0.000000,291.810585
8446,6640.441128,0.000000,46.000000,277.013231,0.000000,283.788301
8447,6640.441128,0.000000,46.000000,277.514624,0.000000,275.766017
8448,6640.441128,0.000000,46.000000,278.016017,0.000000,267.743733
8449,6640.441128,0.000000,46.000000,278.517409,0.000000,259.721448
8450,6640.441128,0.000000,46.000000,279.018802,0.000000,251.699164
8451,6640.441128,0.000000,46.000000,279.520195,0.000000,243.676880
8452,6640.441128,0.000000,46.000000,280.021588,0.000000,235.654596
8453,6640.441128,0.000000,46.000000,280.522981,0.000000,227.632312
8454,6640.441128,0.000000,46.000000,281.024373,0.000000,219.610028
8455,6640.441128,0.000000,46.000000,281.525766,0.000000,211.587744
8456,6640.441128,0.000000,46.000000,282.027159,0.000000,203.565460
8457,6640.441128,0.000000,46.000000,282.528552,0.000000,195.543175
8458,6640.441128,0.000000,46.000000,283.029944,0.000000,187.520891
8459,6640.441128,0.000000,46.000000,283.531337,0.000000,179.498607
8460,6640.441128,0.000000,46.000000,284.032730,0.000000,171.476323
8461,6640.441128,0.000000,46.000000,284.534123,0.000000,163.454039
8462,6640.441128,0.000000,46.000000,285.035515,0.000000,155.431755
8463,6640.441128,0.000000,46.000000,285.536908,0.000000,147.409471
8464,6640.441128,0.000000,46.000000,286.038301,0.000000,139.387187
8465,6640.441128,0.000000,46.000000,286.539694,0.000000,131.364903
8466,6640.441128,0.000000,46.000000,287.041086,0.000000,123.342618
8467,6640.441128,0.000000,46.000000,287.542479,0.000000,115.320334
8468,6640.441128,0.000000,46.000000,288.043872,0.000000,107.298050
8469,6640.441128,0.000000,46.000000,288.545265,0.000000,99.275766
8470,6640.441128,0.000000,46.000000,289.046657,0.000000,91.253482
8471,6640.441128,0.000000,46.000000,289.548050,0.000000,83.231198
8472,6640.441128,0.000000,46.000000,290.049443,0.000000,75.208914
8473,6640.441128,0.000000,46.000000,290.550836,0.000000,67.186630
8474,6640.441128,0.000000,46.000000,291.052228,0.000000,59.164345
8475,6640.441128,0.000000,46.000000,291.553621,0.000000,51.142061
8476,6640.441128,0.000000,46.000000,292.055014,0.000000,43.119777
8477,6640.441128,0.000000,46.000000,292.556407,0.000000,35.097493
8478,6640.441128,0.000000,46.000000,293.057799,0.000000,27.075209
8479,6640.441128,0.000000,46.000000,293.559192,0.000000,19.052925
8480,6640.441128,0.000000,46.000000,294.060585,0.000000,11.030641
8481,6640.441128,0.000000,46.000000,294.561978,0.000000,3.008357
8482,6640.441128,0.000000,46.000000,295.063370,0.000000,354.986072
8483,6640.441128,0.000000,46.000000,295.564763,0.000000,346.963788
8484,6640.441128,0.000000,46.000000,296.066156,0.000000,338.941504
8485,6640.441128,0.000000,46.000000,296.567549,0.000000,330.919220
8486,6640.441128,0.000000,46.000000,297.068942,0.000000,322.896936
8487,6640.441128,0.000000,46.000000,297.570334,0.000000,314.874652
8488,6640.441128,0.000000,46.000000,298.071727,0.000000,306.852368
8489,6640.441128,0.000000,46.000000,298.573120,0.000000,298.830084
8490,6640.441128,0.000000,46.000000,299.074513,0.000000,290.807799
8491,6640.441128,0.000000,46.000000,299.575905,0.000000,282.785515
8492,6640.441128,0.000000,46.000000,300.077298,0.000000,274.763231
8493,6640.441128,0.000000,46.000000,300.578691,0.000000,266.740947
8494,6640.441128,0.000000,46.000000,301.080084,0.000000,258.718663
8495,6640.441128,0.000000,46.000000,301.581476,0.000000,250.696379
8496,6640.441128,0.000000,46.000000,302.082869,0.000000,242.674095
8497,6640.441128,0.000000,46.000000,302.584262,0.000000,234.651811
8498,6640.441128,0.000000,46.000000,303.085655,0.000000,226.629526
8499,6640.441128,0.000000,46.000000,303.587047,0.000000,218.607242
8500,6640.441128,0.000000,46.000000,304.088440,0.000000,210.584958
8501,6640.441128,0.000000,46.000000,304.589833,0.000000,202.562674
8502,6640.441128,0.000000,46.000000,305.091226,0.000000,194.540390
8503,6640.441128,0.000000,46.000000,305.592618,0.000000,186.518106
8504,6640.441128,0.000000,46.000000,306.094011,0.000000,178.495822
8505,6640.441128,0.000000,46.000000,306.595404,0.000000,170.473538
8506,6640.441128,0.000000,46.000000,307.096797,0.000000,162.451253
8507,6640.441128,0.000000,46.000000,307.598189,0.000000,154.428969
8508,6640.441128,0.000000,46.000000,308.099582,0.000000,146.406685
8509,6640.441128,0.000000,46.000000,308.600975,0.000000,138.384401
8510,6640.441128,0.000000,46.000000,309.102368,0.000000,130.362117
8511,6640.441128,0.000000,46.000000,309.603760,0.000000,122.339833
8512,6640.441128,0.000000,46.000000,310.105153,0.000000,114.317549
8513,6640.441128,0.000000,46.000000,310.606546,0.000000,106.295265
8514,6640.441128,0.000000,46.000000,311.107939,0.000000,98.272981
8515,6640.441128,0.000000,46.000000,311.609331,0.000000,90.250696
8516,6640.441128,0.000000,46.000000,312.110724,0.000000,82.228412
8517,6640.441128,0.000000,46.000000,312.612117,0.000000,74.206128
8518,6640.441128,0.000000,46.000000,313.113510,0.000000,66.183844
8519,6640.441128,0.000000,46.000000,313.614903,0.000000,58.161560
8520,6640.441128,0.000000,46.000000,314.116295,0.000000,50.139276
8521,6640.441128,0.000000,46.000000,314.617688,0.000000,42.116992
8522,6640.441128,0.000000,46.000000,315.119081,0.000000,34.094708
8523,6640.441128,0.000000,46.000000,315.620474,0.000000,26.072423
8524,6640.441128,0.000000,46.000000,316.121866,0.000000,18.050139
8525,6640.441128,0.000000,46.000000,316.623259,0.000000,10.027855
8526,6640.441128,0.000000,46.000000,317.124652,0.000000,2.005571
8527,6640.441128,0.000000,46.000000,317.626045,0.000000,353.983287
8528,6640.441128,0.000000,46.000000,318.127437,0.000000,345.961003
8529,6640.441128,0.000000,46.000000,318.628830,0.000000,337.938719
8530,6640.441128,0.000000,46.000000,319.130223,0.000000,329.916435
8531,6640.441128,0.000000,46.000000,319.631616,0.000000,321.894150
8532,6640.441128,0.000000,46.000000,320.133008,0.000000,313.871866
8533,6640.441128,0.000000,46.000000,320.634401,0.000000,305.849582
8534,6640.441128,0.000000,46.000000,321.135794,0.000000,297.827298
8535,6640.441128,0.000000,46.000000,321.637187,0.000000,289.805014
8536,6640.441128,0.000000,46.000000,322.138579,0.000000,281.782730
8537,6640.441128,0.000000,46.000000,322.639972,0.000000,273.760446
8538,6640.441128,0.000000,46.000000,323.141365,0.000000,265.738162
8539,6640.441128,0.000000,46.000000,323.642758,0.000000,257.715877
8540,6640.441128,0.000000,46.000000,324.144150,0.000000,249.693593
8541,6640.441128,0.000000,46.000000,324.645543,0.000000,241.671309
8542,6640.441128,0.000000,46.000000,325.146936,0.000000,233.649025
8543,6640.441128,0.000000,46.000000,325.648329,0.000000,225.626741
8544,6640.441128,0.000000,46.000000,326.149721,0.000000,217.604457
8545,6640.441128,0.000000,46.000000,326.651114,0.000000,209.582173
8546,6640.441128,0.000000,46.000000,327.152507,0.000000,201.559889
8547,6640.441128,0.000000,46.000000,327.653900,0.000000,193.537604
8548,6640.441128,0.000000,46.000000,328.155292,0.000000,185.515320
8549,6640.441128,0.000000,46.000000,328.656685,0.000000,177.493036
8550,6640.441128,0.000000,46.000000,329.158078,0.000000,169.470752
8551,6640.441128,0.000000,46.000000,329.659471,0.000000,161.448468
8552,6640.441128,0.000000,46.000000,330.160864,0.000000,153.426184
8553,6640.441128,0.000000,46.000000,330.662256,0.000000,145.403900
8554,6640.441128,0.000000,46.000000,331.163649,0.000000,137.381616
8555,6640.441128,0.000000,46.000000,331.665042,0.000000,129.359331
8556,6640.441128,0.000000,46.000000,332.166435,0.000000,121.337047
8557,6640.441128,0.000000,46.000000,332.667827,0.000000,113.314763
8558,6640.441128,0.000000,46.000000,333.169220,0.000000,105.292479
8559,6640.441128,0.000000,46.000000,333.670613,0.000000,97.270195
8560,6640.441128,0.000000,46.000000,334.172006,0.000000,89.247911
8561,6640.441128,0.000000,46.000000,334.673398,0.000000,81.225627
8562,6640.441128,0.000000,46.000000,335.174791,0.000000,73.203343
8563,6640.441128,0.000000,46.000000,335.676184,0.000000,65.181058
8564,6640.441128,0.000000,46.000000,336.177577,0.000000,57.158774
8565,6640.441128,0.000000,46.000000,336.678969,0.000000,49.136490
8566,6640.441128,0.000000,46.000000,337.180362,0.000000,41.114206
8567,6640.441128,0.000000,46.000000,337.681755,0.000000,33.091922
8568,6640.441128,0.000000,46.000000,338.183148,0.000000,25.069638
8569,6640.441128,0.000000,46.000000,338.684540,0.000000,17.047354
8570,6640.441128,0.000000,46.000000,339.185933,0.000000,9.025070
8571,6640.441128,0.000000,46.000000,339.687326,0.000000,1.002786
8572,6640.441128,0.000000,46.000000,340.188719,0.000000,352.980501
8573,6640.441128,0.000000,46.000000,340.690111,0.000000,344.958217
8574,6640.441128,0.000000,46.000000,341.191504,0.000000,336.935933
8575,6640.441128,0.000000,46.000000,341.692897,0.000000,328.913649
8576,6640.441128,0.000000,46.000000,342.194290,0.000000,320.891365
8577,6640.441128,0.000000,46.000000,342.695682,0.000000,312.869081
8578,6640.441128,0.000000,46.000000,343.197075,0.000000,304.846797
8579,6640.441128,0.000000,46.000000,343.698468,0.000000,296.824513
8580,6640.441128,0.000000,46.000000,344.199861,0.000000,288.802228
8581,6640.441128,0.000000,46.000000,344.701253,0.000000,280.779944
8582,6640.441128,0.000000,46.000000,345.202646,0.000000,272.757660
8583,6640.441128,0.000000,46.000000,345.704039,0.000000,264.735376
8584,6640.441128,0.000000,46.000000,346.205432,0.000000,256.713092
8585,6640.441128,0.000000,46.000000,346.706825,0.000000,248.690808
8586,6640.441128,0.000000,46.000000,347.208217,0.000000,240.668524
8587,6640.441128,0.000000,46.000000,347.709610,0.000000,232.646240
8588,6640.441128,0.000000,46.000000,348.211003,0.000000,224.623955
8589,6640.441128,0.000000,46.000000,348.712396,0.000000,216.601671
8590,6640.441128,0.000000,46.000000,349.213788,0.000000,208.579387
8591,6640.441128,0.000000,46.000000,349.715181,0.000000,200.557103
8592,6640.441128,0.000000,46.000000,350.216574,0.000000,192.534819
8593,6640.441128,0.000000,46.000000,350.717967,0.000000,184.512535
8594,6640.441128,0.000000,46.000000,351.219359,0.000000,176.490251
8595,6640.441128,0.000000,46.000000,351.720752,0.000000,168.467967
8596,6640.441128,0.000000,46.000000,352.222145,0.000000,160.445682
8597,6640.441128,0.000000,46.000000,352.723538,0.000000,152.423398
8598,6640.441128,0.000000,46.000000,353.224930,0.000000,144.401114
8599,6640.441128,0.000000,46.000000,353.726323,0.000000,136.378830
8600,6640.441128,0.000000,46.000000,354.227716,0.000000,128.356546
8601,6640.441128,0.000000,46.000000,354.729109,0.000000,120.334262
8602,6640.441128,0.000000,46.000000,355.230501,0.000000,112.311978
8603,6640.441128,0.000000,46.000000,355.731894,0.000000,104.289694
8604,6640.441128,0.000000,46.000000,356.233287,0.000000,96.267409
8605,6640.441128,0.000000,46.000000,356.734680,0.000000,88.245125
8606,6640.441128,0.000000,46.000000,357.236072,0.000000,80.222841
8607,6640.441128,0.000000,46.000000,357.737465,0.000000,72.200557
8608,6640.441128,0.000000,46.000000,358.238858,0.000000,64.178273
8609,6640.441128,0.000000,46.000000,358.740251,0.000000,56.155989
8610,6640.441128,0.000000,46.000000,359.241643,0.000000,48.133705
8611,6640.441128,0.000000,46.000000,359.743036,0.000000,40.111421
8612,6640.441128,0.000000,46.000000,0.244429,0.000000,32.089136
8613,6640.441128,0.000000,46.000000,0.745822,0.000000,24.066852
8614,6640.441128,0.000000,46.000000,1.247214,0.000000,16.044568
8615,6640.441128,0.000000,46.000000,1.748607,0.000000,8.022284
8924,6640.441128,0.000000,39.000000,165.678969,0.000000,49.136490
9690,6640.441128,0.000000,38.000000,189.745822,0.000000,24.066852
9938,6640.441128,0.000000,38.000000,314.091226,0.000000,194.540390
10810,6640.441128,0.000000,48.000000,20.055710,0.000000,39.108635
10907,6640.441128,0.000000,48.000000,68.690808,0.000000,340.947075
11484,6640.441128,0.000000,48.000000,357.994429,0.000000,32.089136
11972,6640.441128,0.000000,37.000000,251.674095,0.000000,77.214485
12332,6640.441128,0.000000,36.000000,81.175487,0.000000,69.192201
12420,6640.441128,0.000000,36.000000,125.298050,0.000000,83.231198
12562,6640.441128,0.000000,36.000000,196.495822,0.000000,24.066852
13279,6640.441128,0.000000,35.000000,182.494429,0.000000,32.089136
13519,6640.441128,0.000000,35.000000,302.828691,0.000000,266.740947
13642,6640.441128,0.000000,51.000000,15.750000,0.000000,0.000000
13643,6640.441128,0.000000,51.000000,16.251393,0.000000,351.977716
13644,6640.441128,0.000000,51.000000,16.752786,0.000000,343.955432
13645,6640.441128,0.000000,51.000000,17.254178,0.000000,335.933148
13646,6640.441128,0.000000,51.000000,17.755571,0.000000,327.910864
13647,6640.441128,0.000000,51.000000,18.256964,0.000000,319.888579
13648,6640.441128,0.000000,51.000000,18.758357,0.000000,311.866295
13649,6640.441128,0.000000,51.000000,19.259749,0.000000,303.844011
13650,6640.441128,0.000000,51.000000,19.761142,0.000000,295.821727
13651,6640.441128,0.000000,51.000000,20.262535,0.000000,287.799443
13652,6640.441128,0.000000,51.000000,20.763928,0.000000,279.777159
13653,6640.441128,0.000000,51.000000,21.265320,0.000000,271.754875
13654,6640.441128,0.000000,51.000000,21.766713,0.000000,263.732591
13655,6640.441128,0.000000,51.000000,22.268106,0.000000,255.710306
13656,6640.441128,0.000000,51.000000,22.769499,0.000000,247.688022
13657,6640.441128,0.000000,51.000000,23.270891,0.000000,239.665738
13658,6640.441128,0.000000,51.000000,23.772284,0.000000,231.643454
13659,6640.441128,0.000000,51.000000,24.273677,0.000000,223.621170
13660,6640.441128,0.000000,51.000000,24.775070,0.000000,215.598886
13661,6640.441128,0.000000,51.000000,25.276462,0.000000,207.576602
13662,6640.441128,0.000000,51.000000,25.777855,0.000000,199.554318
13663,6640.441128,0.000000,51.000000,26.279248,0.000000,191.532033
13664,6640.441128,0.000000,51.000000,26.780641,0.000000,183.509749
13665,6640.441128,0.000000,51.000000,27.282033,0.000000,175.487465
13666,6640.441128,0.000000,51.000000,27.783426,0.000000,167.465181
13667,6640.441128,0.000000,51.000000,28.284819,0.000000,159.442897
13668,6640.441128,0.000000,51.000000,28.786212,0.000000,151.420613
13669,6640.441128,0.000000,51.000000,29.287604,0.000000,143.398329
13670,6640.441128,0.000000,51.000000,29.788997,0.000000,135.376045
13671,6640.441128,0.000000,51.000000,30.290390,0.000000,127.353760
13672,6640.441128,0.000000,51.000000,30.791783,0.000000,119.331476
13673,6640.441128,0.000000,51.000000,31.293175,0.000000,111.309192
13674,6640.441128,0.000000,51.000000,31.794568,0.000000,103.286908
13675,6640.441128,0.000000,51.000000,32.295961,0.000000,95.264624
13676,6640.441128,0.000000,51.000000,32.797354,0.000000,87.242340
13677,6640.441128,0.000000,51.000000,33.298747,0.000000,79.220056
13678,6640.441128,0.000000,51.000000,33.800139,0.000000,71.197772
13679,6640.441128,0.000000,51.000000,34.301532,0.000000,63.175487
13680,6640.441128,0.000000,51.000000,34.802925,0.000000,55.153203
13681,6640.441128,0.000000,51.000000,35.304318,0.000000,47.130919
13682,6640.441128,0.000000,51.000000,35.805710,0.000000,39.108635
13683,6640.441128,0.000000,51.000000,36.307103,0.000000,31.086351
13684,6640.441128,0.000000,51.000000,36.808496,0.000000,23.064067
13686,6640.441128,0.000000,51.000000,37.811281,0.000000,7.019499
13687,6640.441128,0.000000,51.000000,38.312674,0.000000,358.997214
13688,6640.441128,0.000000,51.000000,38.814067,0.000000,350.974930
13689,6640.441128,0.000000,51.000000,39.315460,0.000000,342.952646
13690,6640.441128,0.000000,51.000000,39.816852,0.000000,334.930362
13691,6640.441128,0.000000,51.000000,40.318245,0.000000,326.908078
13692,6640.441128,0.000000,51.000000,40.819638,0.000000,318.885794
13693,6640.441128,0.000000,51.000000,41.321031,0.000000,310.863510
13694,6640.441128,0.000000,51.000000,41.822423,0.000000,302.841226
13695,6640.441128,0.000000,51.000000,42.323816,0.000000,294.818942
13696,6640.441128,0.000000,51.000000,42.825209,0.000000,286.796657
13697,6640.441128,0.000000,51.000000,43.326602,0.000000,278.774373
13698,6640.441128,0.000000,51.000000,43.827994,0.000000,270.752089
13699,6640.441128,0.000000,51.000000,44.329387,0.000000,262.729805
13700,6640.441128,0.000000,51.000000,44.830780,0.000000,254.707521
13701,6640.441128,0.000000,51.000000,45.332173,0.000000,246.685237
13702,6640.441128,0.000000,51.000000,45.833565,0.000000,238.662953
13703,6640.441128,0.000000,51.000000,46.334958,0.000000,230.640669
13704,6640.441128,0.000000,51.000000,46.836351,0.000000,222.618384
13705,6640.441128,0.000000,51.000000,47.337744,0.000000,214.596100
13706,6640.441128,0.000000,51.000000,47.839136,0.000000,206.573816
13707,6640.441128,0.000000,51.000000,48.340529,0.000000,198.551532
13708,6640.441128,0.000000,51.000000,48.841922,0.000000,190.529248
13709,6640.441128,0.000000,51.000000,49.343315,0.000000,182.506964
13710,6640.441128,0.000000,51.000000,49.844708,0.000000,174.484680
13711,6640.441128,0.000000,51.000000,50.346100,0.000000,166.462396
13712,6640.441128,0.000000,51.000000,50.847493,0.000000,158.440111
13713,6640.441128,0.000000,51.000000,51.348886,0.000000,150.417827
13714,6640.441128,0.000000,51.000000,51.850279,0.000000,142.395543
13715,6640.441128,0.000000,51.000000,52.351671,0.000000,134.373259
13716,6640.441128,0.000000,51.000000,52.853064,0.000000,126.350975
13717,6640.441128,0.000000,51.000000,53.354457,0.000000,118.328691
13718,6640.441128,0.000000,51.000000,53.855850,0.000000,110.306407
13719,6640.441128,0.000000,51.000000,54.357242,0.000000,102.284123
13720,6640.441128,0.000000,51.000000,54.858635,0.000000,94.261838
13721,6640.441128,0.000000,51.000000,55.360028,0.000000,86.239554
13722,6640.441128,0.000000,51.000000,55.861421,0.000000,78.217270
13723,6640.441128,0.000000,51.000000,56.362813,0.000000,70.194986
13724,6640.441128,0.000000,51.000000,56.864206,0.000000,62.172702
13725,6640.441128,0.000000,51.000000,57.365599,0.000000,54.150418
13726,6640.441128,0.000000,51.000000,57.866992,0.000000,46.128134
13727,6640.441128,0.000000,51.000000,58.368384,0.000000,38.105850
13728,6640.441128,0.000000,51.000000,58.869777,0.000000,30.083565
13729,6640.441128,0.000000,51.000000,59.371170,0.000000,22.061281
13730,6640.441128,0.000000,51.000000,59.872563,0.000000,14.038997
13731,6640.441128,0.000000,51.000000,60.373955,0.000000,6.016713
13732,6640.441128,0.000000,51.000000,60.875348,0.000000,357.994429
13735,6640.441128,0.000000,51.000000,62.379526,0.000000,333.927577
13736,6640.441128,0.000000,51.000000,62.880919,0.000000,325.905292
13737,6640.441128,0.000000,51.000000,63.382312,0.000000,317.883008
13738,6640.441128,0.000000,51.000000,63.883705,0.000000,309.860724
13739,6640.441128,0.000000,51.000000,64.385097,0.000000,301.838440
13740,6640.441128,0.000000,51.000000,64.886490,0.000000,293.816156
13741,6640.441128,0.000000,51.000000,65.387883,0.000000,285.793872
13742,6640.441128,0.000000,51.000000,65.889276,0.000000,277.771588
13743,6640.441128,0.000000,51.000000,66.390669,0.000000,269.749304
13744,6640.441128,0.000000,51.000000,66.892061,0.000000,261.727019
13745,6640.441128,0.000000,51.000000,67.393454,0.000000,253.704735
13746,6640.441128,0.000000,51.000000,67.894847,0.000000,245.682451
13747,6640.441128,0.000000,51.000000,68.396240,0.000000,237.660167
13748,6640.441128,0.000000,51.000000,68.897632,0.000000,229.637883
13749,6640.441128,0.000000,51.000000,69.399025,0.000000,221.615599
13750,6640.441128,0.000000,51.000000,69.900418,0.000000,213.593315
13751,6640.441128,0.000000,51.000000,70.401811,0.000000,205.571031
13752,6640.441128,0.000000,51.000000,70.903203,0.000000,197.548747
13753,6640.441128,0.000000,51.000000,71.404596,0.000000,189.526462
13754,6640.441128,0.000000,51.000000,71.905989,0.000000,181.504178
13755,6640.441128,0.000000,51.000000,72.407382,0.000000,173.481894
13756,6640.441128,0.000000,51.000000,72.908774,0.000000,165.459610
13757,6640.441128,0.000000,51.000000,73.410167,0.000000,157.437326
13758,6640.441128,0.000000,51.000000,73.911560,0.000000,149.415042
13759,6640.441128,0.000000,51.000000,74.412953,0.000000,141.392758
13760,6640.441128,0.000000,51.000000,74.914345,0.000000,133.370474
13761,6640.441128,0.000000,51.000000,75.415738,0.000000,125.348189
13762,6640.441128,0.000000,51.000000,75.917131,0.000000,117.325905
13763,6640.441128,0.000000,51.000000,76.418524,0.000000,109.303621
13764,6640.441128,0.000000,51.000000,76.919916,0.000000,101.281337
13766,6640.441128,0.000000,51.000000,77.922702,0.000000,85.236769
13767,6640.441128,0.000000,51.000000,78.424095,0.000000,77.214485
13768,6640.441128,0.000000,51.000000,78.925487,0.000000,69.192201
13769,6640.441128,0.000000,51.000000,79.426880,0.000000,61.169916
13770,6640.441128,0.000000,51.000000,79.928273,0.000000,53.147632
13771,6640.441128,0.000000,51.000000,80.429666,0.000000,45.125348
13772,6640.441128,0.000000,51.000000,80.931058,0.000000,37.103064
13773,6640.441128,0.000000,51.000000,81.432451,0.000000,29.080780
13774,6640.441128,0.000000,51.000000,81.933844,0.000000,21.058496
13775,6640.441128,0.000000,51.000000,82.435237,0.000000,13.036212
13776,6640.441128,0.000000,51.000000,82.936630,0.000000,5.013928
13777,6640.441128,0.000000,51.000000,83.438022,0.000000,356.991643
13778,6640.441128,0.000000,51.000000,83.939415,0.000000,348.969359
13779,6640.441128,0.000000,51.000000,84.440808,0.000000,340.947075
13780,6640.441128,0.000000,51.000000,84.942201,0.000000,332.924791
13781,6640.441128,0.000000,51.000000,85.443593,0.000000,324.902507
13782,6640.441128,0.000000,51.000000,85.944986,0.000000,316.880223
13783,6640.441128,0.000000,51.000000,86.446379,0.000000,308.857939
13784,6640.441128,0.000000,51.000000,86.947772,0.000000,300.835655
13785,6640.441128,0.000000,51.000000,87.449164,0.000000,292.813370
13786,6640.441128,0.000000,51.000000,87.950557,0.000000,284.791086
13787,6640.441128,0.000000,51.000000,88.451950,0.000000,276.768802
13788,6640.441128,0.000000,51.000000,88.953343,0.000000,268.746518
13789,6640.441128,0.000000,51.000000,89.454735,0.000000,260.724234
13790,6640.441128,0.000000,51.000000,89.956128,0.000000,252.701950
13791,6640.441128,0.000000,51.000000,90.457521,0.000000,244.679666
13792,6640.441128,0.000000,51.000000,90.958914,0.000000,236.657382
13793,6640.441128,0.000000,51.000000,91.460306,0.000000,228.635097
13794,6640.441128,0.000000,51.000000,91.961699,0.000000,220.612813
13795,6640.441128,0.000000,51.000000,92.463092,0.000000,212.590529
13796,6640.441128,0.000000,51.000000,92.964485,0.000000,204.568245
13797,6640.441128,0.000000,51.000000,93.465877,0.000000,196.545961
13798,6640.441128,0.000000,51.000000,93.967270,0.000000,188.523677
13799,6640.441128,0.000000,51.000000,94.468663,0.000000,180.501393
13800,6640.441128,0.000000,51.000000,94.970056,0.000000,172.479109
13801,6640.441128,0.000000,51.000000,95.471448,0.000000,164.456825
13802,6640.441128,0.000000,51.000000,95.972841,0.000000,156.434540
13803,6640.441128,0.000000,51.000000,96.474234,0.000000,148.412256
13804,6640.441128,0.000000,51.000000,96.975627,0.000000,140.389972
13805,6640.441128,0.000000,51.000000,97.477019,0.000000,132.367688
13806,6640.441128,0.000000,51.000000,97.978412,0.000000,124.345404
13807,6640.441128,0.000000,51.000000,98.479805,0.000000,116.323120
13808,6640.441128,0.000000,51.000000,98.981198,0.000000,108.300836
13809,6640.441128,0.000000,51.000000,99.482591,0.000000,100.278552
13810,6640.441128,0.000000,51.000000,99.983983,0.000000,92.256267
13811,6640.441128,0.000000,51.000000,100.485376,0.000000,84.233983
13812,6640.441128,0.000000,51.000000,100.986769,0.000000,76.211699
13813,6640.441128,0.000000,51.000000,101.488162,0.000000,68.189415
13814,6640.441128,0.000000,51.000000,101.989554,0.000000,60.167131
13815,6640.441128,0.000000,51.000000,102.490947,0.000000,52.144847
13816,6640.441128,0.000000,51.000000,102.992340,0.000000,44.122563
13817,6640.441128,0.000000,51.000000,103.493733,0.000000,36.100279
13818,6640.441128,0.000000,51.000000,103.995125,0.000000,28.077994
13819,6640.441128,0.000000,51.000000,104.496518,0.000000,20.055710
13820,6640.441128,0.000000,51.000000,104.997911,0.000000,12.033426
13821,6640.441128,0.000000,51.000000,105.499304,0.000000,4.011142
13822,6640.441128,0.000000,51.000000,106.000696,0.000000,355.988858
13823,6640.441128,0.000000,51.000000,106.502089,0.000000,347.966574
13824,6640.441128,0.000000,51.000000,107.003482,0.000000,339.944290
13825,6640.441128,0.000000,51.000000,107.504875,0.000000,331.922006
13826,6640.441128,0.000000,51.000000,108.006267,0.000000,323.899721
13827,6640.441128,0.000000,51.000000,108.507660,0.000000,315.877437
13828,6640.441128,0.000000,51.000000,109.009053,0.000000,307.855153
13829,6640.441128,0.000000,51.000000,109.510446,0.000000,299.832869
13830,6640.441128,0.000000,51.000000,110.011838,0.000000,291.810585
13831,6640.441128,0.000000,51.000000,110.513231,0.000000,283.788301
13832,6640.441128,0.000000,51.000000,111.014624,0.000000,275.766017
13833,6640.441128,0.000000,51.000000,111.516017,0.000000,267.743733
13834,6640.441128,0.000000,51.000000,112.017409,0.000000,259.721448
13835,6640.441128,0.000000,51.000000,112.518802,0.000000,251.699164
13836,6640.441128,0.000000,51.000000,113.020195,0.000000,243.676880
13837,6640.441128,0.000000,51.000000,113.521588,0.000000,235.654596
13838,6640.441128,0.000000,51.000000,114.022981,0.000000,227.632312
13839,6640.441128,0.000000,51.000000,114.524373,0.000000,219.610028
13840,6640.441128,0.000000,51.000000,115.025766,0.000000,211.587744
13841,6640.441128,0.000000,51.000000,115.527159,0.000000,203.565460
13842,6640.441128,0.000000,51.000000,116.028552,0.000000,195.543175
13843,6640.441128,0.000000,51.000000,116.529944,0.000000,187.520891
13844,6640.441128,0.000000,51.000000,117.031337,0.000000,179.498607
13845,6640.441128,0.000000,51.000000,117.532730,0.000000,171.476323
13846,6640.441128,0.000000,51.000000,118.034123,0.000000,163.454039
13847,6640.441128,0.000000,51.000000,118.535515,0.000000,155.431755
13848,6640.441128,0.000000,51.000000,119.036908,0.000000,147.409471
13849,6640.441128,0.000000,51.000000,119.538301,0.000000,139.387187
13850,6640.441128,0.000000,51.000000,120.039694,0.000000,131.364903
13851,6640.441128,0.000000,51.000000,120.541086,0.000000,123.342618
13852,6640.441128,0.000000,51.000000,121.042479,0.000000,115.320334
13853,6640.441128,0.000000,51.000000,121.543872,0.000000,107.298050
13854,6640.441128,0.000000,51.000000,122.045265,0.000000,99.275766
13855,6640.441128,0.000000,51.000000,122.546657,0.000000,91.253482
13856,6640.441128,0.000000,51.000000,123.048050,0.000000,83.231198
13857,6640.441128,0.000000,51.000000,123.549443,0.000000,75.208914
13858,6640.441128,0.000000,51.000000,124.050836,0.000000,67.186630
13859,6640.441128,0.000000,51.000000,124.552228,0.000000,59.164345
13860,6640.441128,0.000000,51.000000,125.053621,0.000000,51.142061
13861,6640.441128,0.000000,51.000000,125.555014,0.000000,43.119777
13862,6640.441128,0.000000,51.000000,126.056407,0.000000,35.097493
13863,6640.441128,0.000000,51.000000,126.557799,0.000000,27.075209
13864,6640.441128,0.000000,51.000000,127.059192,0.000000,19.052925
13865,6640.441128,0.000000,51.000000,127.560585,0.000000,11.030641
13866,6640.441128,0.000000,51.000000,128.061978,0.000000,3.008357
13867,6640.441128,0.000000,51.000000,128.563370,0.000000,354.986072
13868,6640.441128,0.000000,51.000000,129.064763,0.000000,346.963788
13869,6640.441128,0.000000,51.000000,129.566156,0.000000,338.941504
13870,6640.441128,0.000000,51.000000,130.067549,0.000000,330.919220
13871,6640.441128,0.000000,51.000000,130.568942,0.000000,322.896936
13872,6640.441128,0.000000,51.000000,131.070334,0.000000,314.874652
13873,6640.441128,0.000000,51.000000,131.571727,0.000000,306.852368
13874,6640.441128,0.000000,51.000000,132.073120,0.000000,298.830084
13875,6640.441128,0.000000,51.000000,132.574513,0.000000,290.807799
13876,6640.441128,0.000000,51.000000,133.075905,0.000000,282.785515
13877,6640.441128,0.000000,51.000000,133.577298,0.000000,274.763231
13878,6640.441128,0.000000,51.000000,134.078691,0.000000,266.740947
13879,6640.441128,0.000000,51.000000,134.580084,0.000000,258.718663
13880,6640.441128,0.000000,51.000000,135.081476,0.000000,250.696379
13881,6640.441128,0.000000,51.000000,135.582869,0.000000,242.674095
13882,6640.441128,0.000000,51.000000,136.084262,0.000000,234.651811
13883,6640.441128,0.000000,51.000000,136.585655,0.000000,226.629526
13884,6640.441128,0.000000,51.000000,137.087047,0.000000,218.607242
13885,6640.441128,0.000000,51.000000,137.588440,0.000000,210.584958
13887,6640.441128,0.000000,51.000000,138.591226,0.000000,194.540390
13888,6640.441128,0.000000,51.000000,139.092618,0.000000,186.518106
13889,6640.441128,0.000000,51.000000,139.594011,0.000000,178.495822
13890,6640.441128,0.000000,51.000000,140.095404,0.000000,170.473538
13891,6640.441128,0.000000,51.000000,140.596797,0.000000,162.451253
13892,6640.441128,0.000000,51.000000,141.098189,0.000000,154.428969
13893,6640.441128,0.000000,51.000000,141.599582,0.000000,146.406685
13894,6640.441128,0.000000,51.000000,142.100975,0.000000,138.384401
13895,6640.441128,0.000000,51.000000,142.602368,0.000000,130.362117
13896,6640.441128,0.000000,51.000000,143.103760,0.000000,122.339833
13897,6640.441128,0.000000,51.000000,143.605153,0.000000,114.317549
13898,6640.441128,0.000000,51.000000,144.106546,0.000000,106.295265
13899,6640.441128,0.000000,51.000000,144.607939,0.000000,98.272981
13900,6640.441128,0.000000,51.000000,145.109331,0.000000,90.250696
13901,6640.441128,0.000000,51.000000,145.610724,0.000000,82.228412
13902,6640.441128,0.000000,51.000000,146.112117,0.000000,74.206128
13903,6640.441128,0.000000,51.000000,146.613510,0.000000,66.183844
13904,6640.441128,0.000000,51.000000,147.114903,0.000000,58.161560
13905,6640.441128,0.000000,51.000000,147.616295,0.000000,50.139276
13906,6640.441128,0.000000,51.000000,148.117688,0.000000,42.116992
13907,6640.441128,0.000000,51.000000,148.619081,0.000000,34.094708
13908,6640.441128,0.000000,51.000000,149.120474,0.000000,26.072423
13909,6640.441128,0.000000,51.000000,149.621866,0.000000,18.050139
13910,6640.441128,0.000000,51.000000,150.123259,0.000000,10.027855
13911,6640.441128,0.000000,51.000000,150.624652,0.000000,2.005571
13912,6640.441128,0.000000,51.000000,151.126045,0.000000,353.983287
13913,6640.441128,0.000000,51.000000,151.627437,0.000000,345.961003
13914,6640.441128,0.000000,51.000000,152.128830,0.000000,337.938719
13915,6640.441128,0.000000,51.000000,152.630223,0.000000,329.916435
13916,6640.441128,0.000000,51.000000,153.131616,0.000000,321.894150
13917,6640.441128,0.000000,51.000000,153.633008,0.000000,313.871866
13918,6640.441128,0.000000,51.000000,154.134401,0.000000,305.849582
13919,6640.441128,0.000000,51.000000,154.635794,0.000000,297.827298
13920,6640.441128,0.000000,51.000000,155.137187,0.000000,289.805014
13921,6640.441128,0.000000,51.000000,155.638579,0.000000,281.782730
13922,6640.441128,0.000000,51.000000,156.139972,0.000000,273.760446
13923,6640.441128,0.000000,51.000000,156.641365,0.000000,265.738162
13925,6640.441128,0.000000,51.000000,157.644150,0.000000,249.693593
13926,6640.441128,0.000000,51.000000,158.145543,0.000000,241.671309
13927,6640.441128,0.000000,51.000000,158.646936,0.000000,233.649025
13928,6640.441128,0.000000,51.000000,159.148329,0.000000,225.626741
13929,6640.441128,0.000000,51.000000,159.649721,0.000000,217.604457
13930,6640.441128,0.000000,51.000000,160.151114,0.000000,209.582173
13931,6640.441128,0.000000,51.000000,160.652507,0.000000,201.559889
13932,6640.441128,0.000000,51.000000,161.153900,0.000000,193.537604
13933,6640.441128,0.000000,51.000000,161.655292,0.000000,185.515320
13934,6640.441128,0.000000,51.000000,162.156685,0.000000,177.493036
13935,6640.441128,0.000000,51.000000,162.658078,0.000000,169.470752
13936,6640.441128,0.000000,51.000000,163.159471,0.000000,161.448468
13937,6640.441128,0.000000,51.000000,163.660864,0.000000,153.426184
13938,6640.441128,0.000000,51.000000,164.162256,0.000000,145.403900
13939,6640.441128,0.000000,51.000000,164.663649,0.000000,137.381616
13940,6640.441128,0.000000,51.000000,165.165042,0.000000,129.359331
13941,6640.441128,0.000000,51.000000,165.666435,0.000000,121.337047
13942,6640.441128,0.000000,51.000000,166.167827,0.000000,113.314763
13943,6640.441128,0.000000,51.000000,166.669220,0.000000,105.292479
13944,6640.441128,0.000000,51.000000,167.170613,0.000000,97.270195
13945,6640.441128,0.000000,51.000000,167.672006,0.000000,89.247911
13946,6640.441128,0.000000,51.000000,168.173398,0.000000,81.225627
13947,6640.441128,0.000000,51.000000,168.674791,0.000000,73.203343
13948,6640.441128,0.000000,51.000000,169.176184,0.000000,65.181058
13949,6640.441128,0.000000,51.000000,169.677577,0.000000,57.158774
13950,6640.441128,0.000000,51.000000,170.178969,0.000000,49.136490
13951,6640.441128,0.000000,51.000000,170.680362,0.000000,41.114206
13952,6640.441128,0.000000,51.000000,171.181755,0.000000,33.091922
13953,6640.441128,0.000000,51.000000,171.683148,0.000000,25.069638
13954,6640.441128,0.000000,51.000000,172.184540,0.000000,17.047354
13955,6640.441128,0.000000,51.000000,172.685933,0.000000,9.025070
13956,6640.441128,0.000000,51.000000,173.187326,0.000000,1.002786
13957,6640.441128,0.000000,51.000000,173.688719,0.000000,352.980501
13958,6640.441128,0.000000,51.000000,174.190111,0.000000,344.958217
13959,6640.441128,0.000000,51.000000,174.691504,0.000000,336.935933
13960,6640.441128,0.000000,51.000000,175.192897,0.000000,328.913649
13961,6640.441128,0.000000,51.000000,175.694290,0.000000,320.891365
13962,6640.441128,0.000000,51.000000,176.195682,0.000000,312.869081
13963,6640.441128,0.000000,51.000000,176.697075,0.000000,304.846797
13964,6640.441128,0.000000,51.000000,177.198468,0.000000,296.824513
13965,6640.441128,0.000000,51.000000,177.699861,0.000000,288.802228
13966,6640.441128,0.000000,51.000000,178.201253,0.000000,280.779944
13967,6640.441128,0.000000,51.000000,178.702646,0.000000,272.757660
13968,6640.441128,0.000000,51.000000,179.204039,0.000000,264.735376
13969,6640.441128,0.000000,51.000000,179.705432,0.000000,256.713092
13970,6640.441128,0.000000,51.000000,180.206825,0.000000,248.690808
13971,6640.441128,0.000000,51.000000,180.708217,0.000000,240.668524
13972,6640.441128,0.000000,51.000000,181.209610,0.000000,232.646240
13973,6640.441128,0.000000,51.000000,181.711003,0.000000,224.623955
13974,6640.441128,0.000000,51.000000,182.212396,0.000000,216.601671
13975,6640.441128,0.000000,51.000000,182.713788,0.000000,208.579387
13976,6640.441128,0.000000,51.000000,183.215181,0.000000,200.557103
13977,6640.441128,0.000000,51.000000,183.716574,0.000000,192.534819
13978,6640.441128,0.000000,51.000000,184.217967,0.000000,184.512535
13979,6640.441128,0.000000,51.000000,184.719359,0.000000,176.490251
13980,6640.441128,0.000000,51.000000,185.220752,0.000000,168.467967
13981,6640.441128,0.000000,51.000000,185.722145,0.000000,160.445682
13982,6640.441128,0.000000,51.000000,186.223538,0.000000,152.423398
13983,6640.441128,0.000000,51.000000,186.724930,0.000000,144.401114
13984,6640.441128,0.000000,51.000000,187.226323,0.000000,136.378830
13985,6640.441128,0.000000,51.000000,187.727716,0.000000,128.356546
13986,6640.441128,0.000000,51.000000,188.229109,0.000000,120.334262
13987,6640.441128,0.000000,51.000000,188.730501,0.000000,112.311978
13988,6640.441128,0.000000,51.000000,189.231894,0.000000,104.289694
13990,6640.441128,0.000000,51.000000,190.234680,0.000000,88.245125
13991,6640.441128,0.000000,51.000000,190.736072,0.000000,80.222841
13992,6640.441128,0.000000,51.000000,191.237465,0.000000,72.200557
13993,6640.441128,0.000000,51.000000,191.738858,0.000000,64.178273
13994,6640.441128,0.000000,51.000000,192.240251,0.000000,56.155989
13995,6640.441128,0.000000,51.000000,192.741643,0.000000,48.133705
13996,6640.441128,0.000000,51.000000,193.243036,0.000000,40.111421
13997,6640.441128,0.000000,51.000000,193.744429,0.000000,32.089136
13998,6640.441128,0.000000,51.000000,194.245822,0.000000,24.066852
13999,6640.441128,0.000000,51.000000,194.747214,0.000000,16.044568
14000,6640.441128,0.000000,51.000000,195.248607,0.000000,8.022284
14001,6640.441128,0.000000,51.000000,195.750000,0.000000,360.000000
14002,6640.441128,0.000000,51.000000,196.251393,0.000000,351.977716
14003,6640.441128,0.000000,51.000000,196.752786,0.000000,343.955432
14004,6640.441128,0.000000,51.000000,197.254178,0.000000,335.933148
14005,6640.441128,0.000000,51.000000,197.755571,0.000000,327.910864
14006,6640.441128,0.000000,51.000000,198.256964,0.000000,319.888579
14007,6640.441128,0.000000,51.000000,198.758357,0.000000,311.866295
14008,6640.441128,0.000000,51.000000,199.259749,0.000000,303.844011
14009,6640.441128,0.000000,51.000000,199.761142,0.000000,295.821727
14010,6640.441128,0.000000,51.000000,200.262535,0.000000,287.799443
14011,6640.441128,0.000000,51.000000,200.763928,0.000000,279.777159
14012,6640.441128,0.000000,51.000000,201.265320,0.000000,271.754875
14013,6640.441128,0.000000,51.000000,201.766713,0.000000,263.732591
14014,6640.441128,0.000000,51.000000,202.268106,0.000000,255.710306
14015,6640.441128,0.000000,51.000000,202.769499,0.000000,247.688022
14016,6640.441128,0.000000,51.000000,203.270891,0.000000,239.665738
14017,6640.441128,0.000000,51.000000,203.772284,0.000000,231.643454
14018,6640.441128,0.000000,51.000000,204.273677,0.000000,223.621170
14019,6640.441128,0.000000,51.000000,204.775070,0.000000,215.598886
14020,6640.441128,0.000000,51.000000,205.276462,0.000000,207.576602
14021,6640.441128,0.000000,51.000000,205.777855,0.000000,199.554318
14022,6640.441128,0.000000,51.000000,206.279248,0.000000,191.532033
14023,6640.441128,0.000000,51.000000,206.780641,0.000000,183.509749
14024,6640.441128,0.000000,51.000000,207.282033,0.000000,175.487465
14025,6640.441128,0.000000,51.000000,207.783426,0.000000,167.465181
14026,6640.441128,0.000000,51.000000,208.284819,0.000000,159.442897
14027,6640.441128,0.000000,51.000000,208.786212,0.000000,151.420613
14028,6640.441128,0.000000,51.000000,209.287604,0.000000,143.398329
14029,6640.441128,0.000000,51.000000,209.788997,0.000000,135.376045
14030,6640.441128,0.000000,51.000000,210.290390,0.000000,127.353760
14031,6640.441128,0.000000,51.000000,210.791783,0.000000,119.331476
14032,6640.441128,0.000000,51.000000,211.293175,0.000000,111.309192
14033,6640.441128,0.000000,51.000000,211.794568,0.000000,103.286908
14034,6640.441128,0.000000,51.000000,212.295961,0.000000,95.264624
14035,6640.441128,0.000000,51.000000,212.797354,0.000000,87.242340
14036,6640.441128,0.000000,51.000000,213.298747,0.000000,79.220056
14037,6640.441128,0.000000,51.000000,213.800139,0.000000,71.197772
14038,6640.441128,0.000000,51.000000,214.301532,0.000000,63.175487
14039,6640.441128,0.000000,51.000000,214.802925,0.000000,55.153203
14040,6640.441128,0.000000,51.000000,215.304318,0.000000,47.130919
14041,6640.441128,0.000000,51.000000,215.805710,0.000000,39.108635
14042,6640.441128,0.000000,51.000000,216.307103,0.000000,31.086351
14043,6640.441128,0.000000,51.000000,216.808496,0.000000,23.064067
14044,6640.441128,0.000000,51.000000,217.309889,0.000000,15.041783
14045,6640.441128,0.000000,51.000000,217.811281,0.000000,7.019499
14046,6640.441128,0.000000,51.000000,218.312674,0.000000,358.997214
14047,6640.441128,0.000000,51.000000,218.814067,0.000000,350.974930
14048,6640.441128,0.000000,51.000000,219.315460,0.000000,342.952646
14049,6640.441128,0.000000,51.000000,219.816852,0.000000,334.930362
14050,6640.441128,0.000000,51.000000,220.318245,0.000000,326.908078
14051,6640.441128,0.000000,51.000000,220.819638,0.000000,318.885794
14052,6640.441128,0.000000,51.000000,221.321031,0.000000,310.863510
14053,6640.441128,0.000000,51.000000,221.822423,0.000000,302.841226
14054,6640.441128,0.000000,51.000000,222.323816,0.000000,294.818942
14055,6640.441128,0.000000,51.000000,222.825209,0.000000,286.796657
14056,6640.441128,0.000000,51.000000,223.326602,0.000000,278.774373
14057,6640.441128,0.000000,51.000000,223.827994,0.000000,270.752089
14058,6640.441128,0.000000,51.000000,224.329387,0.000000,262.729805
14059,6640.441128,0.000000,51.000000,224.830780,0.000000,254.707521
14060,6640.441128,0.000000,51.000000,225.332173,0.000000,246.685237
14061,6640.441128,0.000000,51.000000,225.833565,0.000000,238.662953
14062,6640.441128,0.000000,51.000000,226.334958,0.000000,230.640669
14063,6640.441128,0.000000,51.000000,226.836351,0.000000,222.618384
14064,6640.441128,0.000000,51.000000,227.337744,0.000000,214.596100
14065,6640.441128,0.000000,51.000000,227.839136,0.000000,206.573816
14066,6640.441128,0.000000,51.000000,228.340529,0.000000,198.551532
14067,6640.441128,0.000000,51.000000,228.841922,0.000000,190.529248
14068,6640.441128,0.000000,51.000000,229.343315,0.000000,182.506964
14069,6640.441128,0.000000,51.000000,229.844708,0.000000,174.484680
14070,6640.441128,0.000000,51.000000,230.346100,0.000000,166.462396
14071,6640.441128,0.000000,51.000000,230.847493,0.000000,158.440111
14072,6640.441128,0.000000,51.000000,231.348886,0.000000,150.417827
14073,6640.441128,0.000000,51.000000,231.850279,0.000000,142.395543
14074,6640.441128,0.000000,51.000000,232.351671,0.000000,134.373259
14075,6640.441128,0.000000,51.000000,232.853064,0.000000,126.350975
14076,6640.441128,0.000000,51.000000,233.354457,0.000000,118.328691
14077,6640.441128,0.000000,51.000000,233.855850,0.000000,110.306407
14078,6640.441128,0.000000,51.000000,234.357242,0.000000,102.284123
14079,6640.441128,0.000000,51.000000,234.858635,0.000000,94.261838
14080,6640.441128,0.000000,51.000000,235.360028,0.000000,86.239554
14081,6640.441128,0.000000,51.000000,235.861421,0.000000,78.217270
14082,6640.441128,0.000000,51.000000,236.362813,0.000000,70.194986
14083,6640.441128,0.000000,51.000000,236.864206,0.000000,62.172702
14084,6640.441128,0.000000,51.000000,237.365599,0.000000,54.150418
14085,6640.441128,0.000000,51.000000,237.866992,0.000000,46.128134
14086,6640.441128,0.000000,51.000000,238.368384,0.000000,38.105850
14087,6640.441128,0.000000,51.000000,238.869777,0.000000,30.083565
14088,6640.441128,0.000000,51.000000,239.371170,0.000000,22.061281
14089,6640.441128,0.000000,51.000000,239.872563,0.000000,14.038997
14090,6640.441128,0.000000,51.000000,240.373955,0.000000,6.016713
14091,6640.441128,0.000000,51.000000,240.875348,0.000000,357.994429
14092,6640.441128,0.000000,51.000000,241.376741,0.000000,349.972145
14093,6640.441128,0.000000,51.000000,241.878134,0.000000,341.949861
14094,6640.441128,0.000000,51.000000,242.379526,0.000000,333.927577
14095,6640.441128,0.000000,51.000000,242.880919,0.000000,325.905292
14096,6640.441128,0.000000,51.000000,243.382312,0.000000,317.883008
14097,6640.441128,0.000000,51.000000,243.883705,0.000000,309.860724
14098,6640.441128,0.000000,51.000000,244.385097,0.000000,301.838440
14099,6640.441128,0.000000,51.000000,244.886490,0.000000,293.816156
14100,6640.441128,0.000000,51.000000,245.387883,0.000000,285.793872
14101,6640.441128,0.000000,51.000000,245.889276,0.000000,277.771588
14102,6640.441128,0.000000,51.000000,246.390669,0.000000,269.749304
14103,6640.441128,0.000000,51.000000,246.892061,0.000000,261.727019
14104,6640.441128,0.000000,51.000000,247.393454,0.000000,253.704735
14105,6640.441128,0.000000,51.000000,247.894847,0.000000,245.682451
14106,6640.441128,0.000000,51.000000,248.396240,0.000000,237.660167
14107,6640.441128,0.000000,51.000000,248.897632,0.000000,229.637883
14108,6640.441128,0.000000,51.000000,249.399025,0.000000,221.615599
14109,6640.441128,0.000000,51.000000,249.900418,0.000000,213.593315
14110,6640.441128,0.000000,51.000000,250.401811,0.000000,205.571031
14111,6640.441128,0.000000,51.000000,250.903203,0.000000,197.548747
14112,6640.441128,0.000000,51.000000,251.404596,0.000000,189.526462
14113,6640.441128,0.000000,51.000000,251.905989,0.000000,181.504178
14114,6640.441128,0.000000,51.000000,252.407382,0.000000,173.481894
14115,6640.441128,0.000000,51.000000,252.908774,0.000000,165.459610
14116,6640.441128,0.000000,51.000000,253.410167,0.000000,157.437326
14117,6640.441128,0.000000,51.000000,253.911560,0.000000,149.415042
14118,6640.441128,0.000000,51.000000,254.412953,0.000000,141.392758
14119,6640.441128,0.000000,51.000000,254.914345,0.000000,133.370474
14120,6640.441128,0.000000,51.000000,255.415738,0.000000,125.348189
14121,6640.441128,0.000000,51.000000,255.917131,0.000000,117.325905
14122,6640.441128,0.000000,51.000000,256.418524,0.000000,109.303621
14123,6640.441128,0.000000,51.000000,256.919916,0.000000,101.281337
14124,6640.441128,0.000000,51.000000,257.421309,0.000000,93.259053
14125,6640.441128,0.000000,51.000000,257.922702,0.000000,85.236769
14126,6640.441128,0.000000,51.000000,258.424095,0.000000,77.214485
14127,6640.441128,0.000000,51.000000,258.925487,0.000000,69.192201
14128,6640.441128,0.000000,51.000000,259.426880,0.000000,61.169916
14129,6640.441128,0.000000,51.000000,259.928273,0.000000,53.147632
14130,6640.441128,0.000000,51.000000,260.429666,0.000000,45.125348
14131,6640.441128,0.000000,51.000000,260.931058,0.000000,37.103064
14132,6640.441128,0.000000,51.000000,261.432451,0.000000,29.080780
14133,6640.441128,0.000000,51.000000,261.933844,0.000000,21.058496
14134,6640.441128,0.000000,51.000000,262.435237,0.000000,13.036212
14135,6640.441128,0.000000,51.000000,262.936630,0.000000,5.013928
14136,6640.441128,0.000000,51.000000,263.438022,0.000000,356.991643
14137,6640.441128,0.000000,51.000000,263.939415,0.000000,348.969359
14138,6640.441128,0.000000,51.000000,264.440808,0.000000,340.947075
14139,6640.441128,0.000000,51.000000,264.942201,0.000000,332.924791
14140,6640.441128,0.000000,51.000000,265.443593,0.000000,324.902507
14141,6640.441128,0.000000,51.000000,265.944986,0.000000,316.880223
14142,6640.441128,0.000000,51.000000,266.446379,0.000000,308.857939
14143,6640.441128,0.000000,51.000000,266.947772,0.000000,300.835655
14144,6640.441128,0.000000,51.000000,267.449164,0.000000,292.813370
14145,6640.441128,0.000000,51.000000,267.950557,0.000000,284.791086
14146,6640.441128,0.000000,51.000000,268.451950,0.000000,276.768802
14147,6640.441128,0.000000,51.000000,268.953343,0.000000,268.746518
14148,6640.441128,0.000000,51.000000,269.454735,0.000000,260.724234
14149,6640.441128,0.000000,51.000000,269.956128,0.000000,252.701950
14150,6640.441128,0.000000,51.000000,270.457521,0.000000,244.679666
14151,6640.441128,0.000000,51.000000,270.958914,0.000000,236.657382
14152,6640.441128,0.000000,51.000000,271.460306,0.000000,228.635097
14153,6640.441128,0.000000,51.000000,271.961699,0.000000,220.612813
14154,6640.441128,0.000000,51.000000,272.463092,0.000000,212.590529
14155,6640.441128,0.000000,51.000000,272.964485,0.000000,204.568245
14156,6640.441128,0.000000,51.000000,273.465877,0.000000,196.545961
14157,6640.441128,0.000000,51.000000,273.967270,0.000000,188.523677
14158,6640.441128,0.000000,51.000000,274.468663,0.000000,180.501393
14159,6640.441128,0.000000,51.000000,274.970056,0.000000,172.479109
14160,6640.441128,0.000000,51.000000,275.471448,0.000000,164.456825
14161,6640.441128,0.000000,51.000000,275.972841,0.000000,156.434540
14162,6640.441128,0.000000,51.000000,276.474234,0.000000,148.412256
14163,6640.441128,0.000000,51.000000,276.975627,0.000000,140.389972
14164,6640.441128,0.000000,51.000000,277.477019,0.000000,132.367688
14165,6640.441128,0.000000,51.000000,277.978412,0.000000,124.345404
14166,6640.441128,0.000000,51.000000,278.479805,0.000000,116.323120
14167,6640.441128,0.000000,51.000000,278.981198,0.000000,108.300836
14168,6640.441128,0.000000,51.000000,279.482591,0.000000,100.278552
14169,6640.441128,0.000000,51.000000,279.983983,0.000000,92.256267
14170,6640.441128,0.000000,51.000000,280.485376,0.000000,84.233983
14171,6640.441128,0.000000,51.000000,280.986769,0.000000,76.211699
14172,6640.441128,0.000000,51.000000,281.488162,0.000000,68.189415
14173,6640.441128,0.000000,51.000000,281.989554,0.000000,60.167131
14174,6640.441128,0.000000,51.000000,282.490947,0.000000,52.144847
14175,6640.441128,0.000000,51.000000,282.992340,0.000000,44.122563
14176,6640.441128,0.000000,51.000000,283.493733,0.000000,36.100279
14177,6640.441128,0.000000,51.000000,283.995125,0.000000,28.077994
14178,6640.441128,0.000000,51.000000,284.496518,0.000000,20.055710
14179,6640.441128,0.000000,51.000000,284.997911,0.000000,12.033426
14180,6640.441128,0.000000,51.000000,285.499304,0.000000,4.011142
14181,6640.441128,0.000000,51.000000,286.000696,0.000000,355.988858
14182,6640.441128,0.000000,51.000000,286.502089,0.000000,347.966574
14183,6640.441128,0.000000,51.000000,287.003482,0.000000,339.944290
14184,6640.441128,0.000000,51.000000,287.504875,0.000000,331.922006
14185,6640.441128,0.000000,51.000000,288.006267,0.000000,323.899721
14186,6640.441128,0.000000,51.000000,288.507660,0.000000,315.877437
14187,6640.441128,0.000000,51.000000,289.009053,0.000000,307.855153
14188,6640.441128,0.000000,51.000000,289.510446,0.000000,299.832869
14189,6640.441128,0.000000,51.000000,290.011838,0.000000,291.810585
14190,6640.441128,0.000000,51.000000,290.513231,0.000000,283.788301
14191,6640.441128,0.000000,51.000000,291.014624,0.000000,275.766017
14192,6640.441128,0.000000,51.000000,291.516017,0.000000,267.743733
14193,6640.441128,0.000000,51.000000,292.017409,0.000000,259.721448
14194,6640.441128,0.000000,51.000000,292.518802,0.000000,251.699164
14195,6640.441128,0.000000,51.000000,293.020195,0.000000,243.676880
14196,6640.441128,0.000000,51.000000,293.521588,0.000000,235.654596
14197,6640.441128,0.000000,51.000000,294.022981,0.000000,227.632312
14198,6640.441128,0.000000,51.000000,294.524373,0.000000,219.610028
14199,6640.441128,0.000000,51.000000,295.025766,0.000000,211.587744
14200,6640.441128,0.000000,51.000000,295.527159,0.000000,203.565460
14201,6640.441128,0.000000,51.000000,296.028552,0.000000,195.543175
14202,6640.441128,0.000000,51.000000,296.529944,0.000000,187.520891
14203,6640.441128,0.000000,51.000000,297.031337,0.000000,179.498607
14204,6640.441128,0.000000,51.000000,297.532730,0.000000,171.476323
14205,6640.441128,0.000000,51.000000,298.034123,0.000000,163.454039
14206,6640.441128,0.000000,51.000000,298.535515,0.000000,155.431755
14207,6640.441128,0.000000,51.000000,299.036908,0.000000,147.409471
14208,6640.441128,0.000000,51.000000,299.538301,0.000000,139.387187
14209,6640.441128,0.000000,51.000000,300.039694,0.000000,131.364903
14210,6640.441128,0.000000,51.000000,300.541086,0.000000,123.342618
14211,6640.441128,0.000000,51.000000,301.042479,0.000000,115.320334
14212,6640.441128,0.000000,51.000000,301.543872,0.000000,107.298050
14213,6640.441128,0.000000,51.000000,302.045265,0.000000,99.275766
14214,6640.441128,0.000000,51.000000,302.546657,0.000000,91.253482
14215,6640.441128,0.000000,51.000000,303.048050,0.000000,83.231198
14216,6640.441128,0.000000,51.000000,303.549443,0.000000,75.208914
14217,6640.441128,0.000000,51.000000,304.050836,0.000000,67.186630
14218,6640.441128,0.000000,51.000000,304.552228,0.000000,59.164345
14219,6640.441128,0.000000,51.000000,305.053621,0.000000,51.142061
14220,6640.441128,0.000000,51.000000,305.555014,0.000000,43.119777
14221,6640.441128,0.000000,51.000000,306.056407,0.000000,35.097493
14222,6640.441128,0.000000,51.000000,306.557799,0.000000,27.075209
14223,6640.441128,0.000000,51.000000,307.059192,0.000000,19.052925
14224,6640.441128,0.000000,51.000000,307.560585,0.000000,11.030641
14225,6640.441128,0.000000,51.000000,308.061978,0.000000,3.008357
14226,6640.441128,0.000000,51.000000,308.563370,0.000000,354.986072
14227,6640.441128,0.000000,51.000000,309.064763,0.000000,346.963788
14228,6640.441128,0.000000,51.000000,309.566156,0.000000,338.941504
14229,6640.441128,0.000000,51.000000,310.067549,0.000000,330.919220
14230,6640.441128,0.000000,51.000000,310.568942,0.000000,322.896936
14231,6640.441128,0.000000,51.000000,311.070334,0.000000,314.874652
14232,6640.441128,0.000000,51.000000,311.571727,0.000000,306.852368
14233,6640.441128,0.000000,51.000000,312.073120,0.000000,298.830084
14234,6640.441128,0.000000,51.000000,312.574513,0.000000,290.807799
14235,6640.441128,0.000000,51.000000,313.075905,0.000000,282.785515
14236,6640.441128,0.000000,51.000000,313.577298,0.000000,274.763231
14237,6640.441128,0.000000,51.000000,314.078691,0.000000,266.740947
14238,6640.441128,0.000000,51.000000,314.580084,0.000000,258.718663
14239,6640.441128,0.000000,51.000000,315.081476,0.000000,250.696379
14240,6640.441128,0.000000,51.000000,315.582869,0.000000,242.674095
14241,6640.441128,0.000000,51.000000,316.084262,0.000000,234.651811
14242,6640.441128,0.000000,51.000000,316.585655,0.000000,226.629526
14243,6640.441128,0.000000,51.000000,317.087047,0.000000,218.607242
14244,6640.441128,0.000000,51.000000,317.588440,0.000000,210.584958
14245,6640.441128,0.000000,51.000000,318.089833,0.000000,202.562674
14246,6640.441128,0.000000,51.000000,318.591226,0.000000,194.540390
14247,6640.441128,0.000000,51.000000,319.092618,0.000000,186.518106
14248,6640.441128,0.000000,51.000000,319.594011,0.000000,178.495822
14249,6640.441128,0.000000,51.000000,320.095404,0.000000,170.473538
14250,6640.441128,0.000000,51.000000,320.596797,0.000000,162.451253
14251,6640.441128,0.000000,51.000000,321.098189,0.000000,154.428969
14252,6640.441128,0.000000,51.000000,321.599582,0.000000,146.406685
14253,6640.441128,0.000000,51.000000,322.100975,0.000000,138.384401
14254,6640.441128,0.000000,51.000000,322.602368,0.000000,130.362117
14255,6640.441128,0.000000,51.000000,323.103760,0.000000,122.339833
14256,6640.441128,0.000000,51.000000,323.605153,0.000000,114.317549
14257,6640.441128,0.000000,51.000000,324.106546,0.000000,106.295265
14258,6640.441128,0.000000,51.000000,324.607939,0.000000,98.272981
14259,6640.441128,0.000000,51.000000,325.109331,0.000000,90.250696
14260,6640.441128,0.000000,51.000000,325.610724,0.000000,82.228412
14261,6640.441128,0.000000,51.000000,326.112117,0.000000,74.206128
14262,6640.441128,0.000000,51.000000,326.613510,0.000000,66.183844
14263,6640.441128,0.000000,51.000000,327.114903,0.000000,58.161560
14264,6640.441128,0.000000,51.000000,327.616295,0.000000,50.139276
14265,6640.441128,0.000000,51.000000,328.117688,0.000000,42.116992
14266,6640.441128,0.000000,51.000000,328.619081,0.000000,34.094708
14267,6640.441128,0.000000,51.000000,329.120474,0.000000,26.072423
14268,6640.441128,0.000000,51.000000,329.621866,0.000000,18.050139
14269,6640.441128,0.000000,51.000000,330.123259,0.000000,10.027855
14270,6640.441128,0.000000,51.000000,330.624652,0.000000,2.005571
14271,6640.441128,0.000000,51.000000,331.126045,0.000000,353.983287
14272,6640.441128,0.000000,51.000000,331.627437,0.000000,345.961003
14273,6640.441128,0.000000,51.000000,332.128830,0.000000,337.938719
14274,6640.441128,0.000000,51.000000,332.630223,0.000000,329.916435
14275,6640.441128,0.000000,51.000000,333.131616,0.000000,321.894150
14276,6640.441128,0.000000,51.000000,333.633008,0.000000,313.871866
14277,6640.441128,0.000000,51.000000,334.134401,0.000000,305.849582
14278,6640.441128,0.000000,51.000000,334.635794,0.000000,297.827298
14279,6640.441128,0.000000,51.000000,335.137187,0.000000,289.805014
14280,6640.441128,0.000000,51.000000,335.638579,0.000000,281.782730
14281,6640.441128,0.000000,51.000000,336.139972,0.000000,273.760446
14282,6640.441128,0.000000,51.000000,336.641365,0.000000,265.738162
14283,6640.441128,0.000000,51.000000,337.142758,0.000000,257.715877
14284,6640.441128,0.000000,51.000000,337.644150,0.000000,249.693593
14285,6640.441128,0.000000,51.000000,338.145543,0.000000,241.671309
14286,6640.441128,0.000000,51.000000,338.646936,0.000000,233.649025
14287,6640.441128,0.000000,51.000000,339.148329,0.000000,225.626741
14288,6640.441128,0.000000,51.000000,339.649721,0.000000,217.604457
14289,6640.441128,0.000000,51.000000,340.151114,0.000000,209.582173
14290,6640.441128,0.000000,51.000000,340.652507,0.000000,201.559889
14291,6640.441128,0.000000,51.000000,341.153900,0.000000,193.537604
14292,6640.441128,0.000000,51.000000,341.655292,0.000000,185.515320
14293,6640.441128,0.000000,51.000000,342.156685,0.000000,177.493036
14294,6640.441128,0.000000,51.000000,342.658078,0.000000,169.470752
14295,6640.441128,0.000000,51.000000,343.159471,0.000000,161.448468
14296,6640.441128,0.000000,51.000000,343.660864,0.000000,153.426184
14297,6640.441128,0.000000,51.000000,344.162256,0.000000,145.403900
14298,6640.441128,0.000000,51.000000,344.663649,0.000000,137.381616
14299,6640.441128,0.000000,51.000000,345.165042,0.000000,129.359331
14300,6640.441128,0.000000,51.000000,345.666435,0.000000,121.337047
14301,6640.441128,0.000000,51.000000,346.167827,0.000000,113.314763
14302,6640.441128,0.000000,51.000000,346.669220,0.000000,105.292479
14303,6640.441128,0.000000,51.000000,347.170613,0.000000,97.270195
14304,6640.441128,0.000000,51.000000,347.672006,0.000000,89.247911
14305,6640.441128,0.000000,51.000000,348.173398,0.000000,81.225627
14306,6640.441128,0.000000,51.000000,348.674791,0.000000,73.203343
14307,6640.441128,0.000000,51.000000,349.176184,0.000000,65.181058
14308,6640.441128,0.000000,51.000000,349.677577,0.000000,57.158774
14309,6640.441128,0.000000,51.000000,350.178969,0.000000,49.136490
14310,6640.441128,0.000000,51.000000,350.680362,0.000000,41.114206
14311,6640.441128,0.000000,51.000000,351.181755,0.000000,33.091922
14312,6640.441128,0.000000,51.000000,351.683148,0.000000,25.069638
14313,6640.441128,0.000000,51.000000,352.184540,0.000000,17.047354
14314,6640.441128,0.000000,51.000000,352.685933,0.000000,9.025070
14315,6640.441128,0.000000,51.000000,353.187326,0.000000,1.002786
14316,6640.441128,0.000000,51.000000,353.688719,0.000000,352.980501
14317,6640.441128,0.000000,51.000000,354.190111,0.000000,344.958217
14318,6640.441128,0.000000,51.000000,354.691504,0.000000,336.935933
14319,6640.441128,0.000000,51.000000,355.192897,0.000000,328.913649
14320,6640.441128,0.000000,51.000000,355.694290,0.000000,320.891365
14321,6640.441128,0.000000,51.000000,356.195682,0.000000,312.869081
14322,6640.441128,0.000000,51.000000,356.697075,0.000000,304.846797
14323,6640.441128,0.000000,51.000000,357.198468,0.000000,296.824513
14324,6640.441128,0.000000,51.000000,357.699861,0.000000,288.802228
14325,6640.441128,0.000000,51.000000,358.201253,0.000000,280.779944
14326,6640.441128,0.000000,51.000000,358.702646,0.000000,272.757660
14327,6640.441128,0.000000,51.000000,359.204039,0.000000,264.735376
14328,6640.441128,0.000000,51.000000,359.705432,0.000000,256.713092
14329,6640.441128,0.000000,51.000000,0.206825,0.000000,248.690808
14330,6640.441128,0.000000,51.000000,0.708217,0.000000,240.668524
14331,6640.441128,0.000000,51.000000,1.209610,0.000000,232.646240
14332,6640.441128,0.000000,51.000000,1.711003,0.000000,224.623955
14333,6640.441128,0.000000,51.000000,2.212396,0.000000,216.601671
14334,6640.441128,0.000000,51.000000,2.713788,0.000000,208.579387
14335,6640.441128,0.000000,51.000000,3.215181,0.000000,200.557103
14336,6640.441128,0.000000,51.000000,3.716574,0.000000,192.534819
14337,6640.441128,0.000000,51.000000,4.217967,0.000000,184.512535
14338,6640.441128,0.000000,51.000000,4.719359,0.000000,176.490251
14339,6640.441128,0.000000,51.000000,5.220752,0.000000,168.467967
14340,6640.441128,0.000000,51.000000,5.722145,0.000000,160.445682
14341,6640.441128,0.000000,51.000000,6.223538,0.000000,152.423398
14342,6640.441128,0.000000,51.000000,6.724930,0.000000,144.401114
14343,6640.441128,0.000000,51.000000,7.226323,0.000000,136.378830
14344,6640.441128,0.000000,51.000000,7.727716,0.000000,128.356546
14345,6640.441128,0.000000,51.000000,8.229109,0.000000,120.334262
14346,6640.441128,0.000000,51.000000,8.730501,0.000000,112.311978
14347,6640.441128,0.000000,51.000000,9.231894,0.000000,104.289694
14348,6640.441128,0.000000,51.000000,9.733287,0.000000,96.267409
14349,6640.441128,0.000000,51.000000,10.234680,0.000000,88.245125
14350,6640.441128,0.000000,51.000000,10.736072,0.000000,80.222841
14351,6640.441128,0.000000,51.000000,11.237465,0.000000,72.200557
14352,6640.441128,0.000000,51.000000,11.738858,0.000000,64.178273
14353,6640.441128,0.000000,51.000000,12.240251,0.000000,56.155989
14354,6640.441128,0.000000,51.000000,12.741643,0.000000,48.133705
14355,6640.441128,0.000000,51.000000,13.243036,0.000000,40.111421
14356,6640.441128,0.000000,51.000000,13.744429,0.000000,32.089136
14357,6640.441128,0.000000,51.000000,14.245822,0.000000,24.066852
14358,6640.441128,0.000000,51.000000,14.747214,0.000000,16.044568
14359,6640.441128,0.000000,51.000000,15.248607,0.000000,8.022284
14360,6640.441128,0.000000,53.000000,2.250000,0.000000,0.000000
14361,6640.441128,0.000000,53.000000,2.751393,0.000000,351.977716
14363,6640.441128,0.000000,53.000000,3.754178,0.000000,335.933148
14364,6640.441128,0.000000,53.000000,4.255571,0.000000,327.910864
14365,6640.441128,0.000000,53.000000,4.756964,0.000000,319.888579
14366,6640.441128,0.000000,53.000000,5.258357,0.000000,311.866295
14367,6640.441128,0.000000,53.000000,5.759749,0.000000,303.844011
14369,6640.441128,0.000000,53.000000,6.762535,0.000000,287.799443
14370,6640.441128,0.000000,53.000000,7.263928,0.000000,279.777159
14372,6640.441128,0.000000,53.000000,8.266713,0.000000,263.732591
14374,6640.441128,0.000000,53.000000,9.269499,0.000000,247.688022
14375,6640.441128,0.000000,53.000000,9.770891,0.000000,239.665738
14376,6640.441128,0.000000,53.000000,10.272284,0.000000,231.643454
14377,6640.441128,0.000000,53.000000,10.773677,0.000000,223.621170
14378,6640.441128,0.000000,53.000000,11.275070,0.000000,215.598886
14380,6640.441128,0.000000,53.000000,12.277855,0.000000,199.554318
14382,6640.441128,0.000000,53.000000,13.280641,0.000000,183.509749
14383,6640.441128,0.000000,53.000000,13.782033,0.000000,175.487465
14384,6640.441128,0.000000,53.000000,14.283426,0.000000,167.465181
14385,6640.441128,0.000000,53.000000,14.784819,0.000000,159.442897
14386,6640.441128,0.000000,53.000000,15.286212,0.000000,151.420613
14387,6640.441128,0.000000,53.000000,15.787604,0.000000,143.398329
14388,6640.441128,0.000000,53.000000,16.288997,0.000000,135.376045
14389,6640.441128,0.000000,53.000000,16.790390,0.000000,127.353760
14390,6640.441128,0.000000,53.000000,17.291783,0.000000,119.331476
14391,6640.441128,0.000000,53.000000,17.793175,0.000000,111.309192
14393,6640.441128,0.000000,53.000000,18.795961,0.000000,95.264624
14394,6640.441128,0.000000,53.000000,19.297354,0.000000,87.242340
14395,6640.441128,0.000000,53.000000,19.798747,0.000000,79.220056
14396,6640.441128,0.000000,53.000000,20.300139,0.000000,71.197772
14397,6640.441128,0.000000,53.000000,20.801532,0.000000,63.175487
14398,6640.441128,0.000000,53.000000,21.302925,0.000000,55.153203
14399,6640.441128,0.000000,53.000000,21.804318,0.000000,47.130919
14400,6640.441128,0.000000,53.000000,22.305710,0.000000,39.108635
14401,6640.441128,0.000000,53.000000,22.807103,0.000000,31.086351
14402,6640.441128,0.000000,53.000000,23.308496,0.000000,23.064067
14403,6640.441128,0.000000,53.000000,23.809889,0.000000,15.041783
14404,6640.441128,0.000000,53.000000,24.311281,0.000000,7.019499
14405,6640.441128,0.000000,53.000000,24.812674,0.000000,358.997214
14406,6640.441128,0.000000,53.000000,25.314067,0.000000,350.974930
14407,6640.441128,0.000000,53.000000,25.815460,0.000000,342.952646
14408,6640.441128,0.000000,53.000000,26.316852,0.000000,334.930362
14409,6640.441128,0.000000,53.000000,26.818245,0.000000,326.908078
14410,6640.441128,0.000000,53.000000,27.319638,0.000000,318.885794
14411,6640.441128,0.000000,53.000000,27.821031,0.000000,310.863510
14412,6640.441128,0.000000,53.000000,28.322423,0.000000,302.841226
14413,6640.441128,0.000000,53.000000,28.823816,0.000000,294.818942
14415,6640.441128,0.000000,53.000000,29.826602,0.000000,278.774373
14416,6640.441128,0.000000,53.000000,30.327994,0.000000,270.752089
14417,6640.441128,0.000000,53.000000,30.829387,0.000000,262.729805
14419,6640.441128,0.000000,53.000000,31.832173,0.000000,246.685237
14420,6640.441128,0.000000,53.000000,32.333565,0.000000,238.662953
14421,6640.441128,0.000000,53.000000,32.834958,0.000000,230.640669
14423,6640.441128,0.000000,53.000000,33.837744,0.000000,214.596100
14424,6640.441128,0.000000,53.000000,34.339136,0.000000,206.573816
14425,6640.441128,0.000000,53.000000,34.840529,0.000000,198.551532
14426,6640.441128,0.000000,53.000000,35.341922,0.000000,190.529248
14427,6640.441128,0.000000,53.000000,35.843315,0.000000,182.506964
14428,6640.441128,0.000000,53.000000,36.344708,0.000000,174.484680
14429,6640.441128,0.000000,53.000000,36.846100,0.000000,166.462396
14430,6640.441128,0.000000,53.000000,37.347493,0.000000,158.440111
14432,6640.441128,0.000000,53.000000,38.350279,0.000000,142.395543
14433,6640.441128,0.000000,53.000000,38.851671,0.000000,134.373259
14434,6640.441128,0.000000,53.000000,39.353064,0.000000,126.350975
14436,6640.441128,0.000000,53.000000,40.355850,0.000000,110.306407
14437,6640.441128,0.000000,53.000000,40.857242,0.000000,102.284123
14439,6640.441128,0.000000,53.000000,41.860028,0.000000,86.239554
14440,6640.441128,0.000000,53.000000,42.361421,0.000000,78.217270
14441,6640.441128,0.000000,53.000000,42.862813,0.000000,70.194986
14443,6640.441128,0.000000,53.000000,43.865599,0.000000,54.150418
14444,6640.441128,0.000000,53.000000,44.366992,0.000000,46.128134
14445,6640.441128,0.000000,53.000000,44.868384,0.000000,38.105850
14446,6640.441128,0.000000,53.000000,45.369777,0.000000,30.083565
14447,6640.441128,0.000000,53.000000,45.871170,0.000000,22.061281
14448,6640.441128,0.000000,53.000000,46.372563,0.000000,14.038997
14449,6640.441128,0.000000,53.000000,46.873955,0.000000,6.016713
14450,6640.441128,0.000000,53.000000,47.375348,0.000000,357.994429
14451,6640.441128,0.000000,53.000000,47.876741,0.000000,349.972145
14452,6640.441128,0.000000,53.000000,48.378134,0.000000,341.949861
14453,6640.441128,0.000000,53.000000,48.879526,0.000000,333.927577
14455,6640.441128,0.000000,53.000000,49.882312,0.000000,317.883008
14456,6640.441128,0.000000,53.000000,50.383705,0.000000,309.860724
14457,6640.441128,0.000000,53.000000,50.885097,0.000000,301.838440
14458,6640.441128,0.000000,53.000000,51.386490,0.000000,293.816156
14459,6640.441128,0.000000,53.000000,51.887883,0.000000,285.793872
14460,6640.441128,0.000000,53.000000,52.389276,0.000000,277.771588
14462,6640.441128,0.000000,53.000000,53.392061,0.000000,261.727019
14463,6640.441128,0.000000,53.000000,53.893454,0.000000,253.704735
14464,6640.441128,0.000000,53.000000,54.394847,0.000000,245.682451
14465,6640.441128,0.000000,53.000000,54.896240,0.000000,237.660167
14466,6640.441128,0.000000,53.000000,55.397632,0.000000,229.637883
14467,6640.441128,0.000000,53.000000,55.899025,0.000000,221.615599
14468,6640.441128,0.000000,53.000000,56.400418,0.000000,213.593315
14469,6640.441128,0.000000,53.000000,56.901811,0.000000,205.571031
14471,6640.441128,0.000000,53.000000,57.904596,0.000000,189.526462
14472,6640.441128,0.000000,53.000000,58.405989,0.000000,181.504178
14474,6640.441128,0.000000,53.000000,59.408774,0.000000,165.459610
14475,6640.441128,0.000000,53.000000,59.910167,0.000000,157.437326
14476,6640.441128,0.000000,53.000000,60.411560,0.000000,149.415042
14477,6640.441128,0.000000,53.000000,60.912953,0.000000,141.392758
14478,6640.441128,0.000000,53.000000,61.414345,0.000000,133.370474
14479,6640.441128,0.000000,53.000000,61.915738,0.000000,125.348189
14480,6640.441128,0.000000,53.000000,62.417131,0.000000,117.325905
14483,6640.441128,0.000000,53.000000,63.921309,0.000000,93.259053
14485,6640.441128,0.000000,53.000000,64.924095,0.000000,77.214485
14486,6640.441128,0.000000,53.000000,65.425487,0.000000,69.192201
14487,6640.441128,0.000000,53.000000,65.926880,0.000000,61.169916
14488,6640.441128,0.000000,53.000000,66.428273,0.000000,53.147632
14489,6640.441128,0.000000,53.000000,66.929666,0.000000,45.125348
14490,6640.441128,0.000000,53.000000,67.431058,0.000000,37.103064
14492,6640.441128,0.000000,53.000000,68.433844,0.000000,21.058496
14493,6640.441128,0.000000,53.000000,68.935237,0.000000,13.036212
14494,6640.441128,0.000000,53.000000,69.436630,0.000000,5.013928
14495,6640.441128,0.000000,53.000000,69.938022,0.000000,356.991643
14496,6640.441128,0.000000,53.000000,70.439415,0.000000,348.969359
14497,6640.441128,0.000000,53.000000,70.940808,0.000000,340.947075
14498,6640.441128,0.000000,53.000000,71.442201,0.000000,332.924791
14499,6640.441128,0.000000,53.000000,71.943593,0.000000,324.902507
14501,6640.441128,0.000000,53.000000,72.946379,0.000000,308.857939
14502,6640.441128,0.000000,53.000000,73.447772,0.000000,300.835655
14503,6640.441128,0.000000,53.000000,73.949164,0.000000,292.813370
14505,6640.441128,0.000000,53.000000,74.951950,0.000000,276.768802
14506,6640.441128,0.000000,53.000000,75.453343,0.000000,268.746518
14507,6640.441128,0.000000,53.000000,75.954735,0.000000,260.724234
14508,6640.441128,0.000000,53.000000,76.456128,0.000000,252.701950
14509,6640.441128,0.000000,53.000000,76.957521,0.000000,244.679666
14510,6640.441128,0.000000,53.000000,77.458914,0.000000,236.657382
14511,6640.441128,0.000000,53.000000,77.960306,0.000000,228.635097
14513,6640.441128,0.000000,53.000000,78.963092,0.000000,212.590529
14514,6640.441128,0.000000,53.000000,79.464485,0.000000,204.568245
14515,6640.441128,0.000000,53.000000,79.965877,0.000000,196.545961
14516,6640.441128,0.000000,53.000000,80.467270,0.000000,188.523677
14517,6640.441128,0.000000,53.000000,80.968663,0.000000,180.501393
14519,6640.441128,0.000000,53.000000,81.971448,0.000000,164.456825
14521,6640.441128,0.000000,53.000000,82.974234,0.000000,148.412256
14522,6640.441128,0.000000,53.000000,83.475627,0.000000,140.389972
14523,6640.441128,0.000000,53.000000,83.977019,0.000000,132.367688
14524,6640.441128,0.000000,53.000000,84.478412,0.000000,124.345404
14525,6640.441128,0.000000,53.000000,84.979805,0.000000,116.323120
14526,6640.441128,0.000000,53.000000,85.481198,0.000000,108.300836
14528,6640.441128,0.000000,53.000000,86.483983,0.000000,92.256267
14530,6640.441128,0.000000,53.000000,87.486769,0.000000,76.211699
14532,6640.441128,0.000000,53.000000,88.489554,0.000000,60.167131
14534,6640.441128,0.000000,53.000000,89.492340,0.000000,44.122563
14535,6640.441128,0.000000,53.000000,89.993733,0.000000,36.100279
14536,6640.441128,0.000000,53.000000,90.495125,0.000000,28.077994
14537,6640.441128,0.000000,53.000000,90.996518,0.000000,20.055710
14538,6640.441128,0.000000,53.000000,91.497911,0.000000,12.033426
14539,6640.441128,0.000000,53.000000,91.999304,0.000000,4.011142
14542,6640.441128,0.000000,53.000000,93.503482,0.000000,339.944290
14543,6640.441128,0.000000,53.000000,94.004875,0.000000,331.922006
14544,6640.441128,0.000000,53.000000,94.506267,0.000000,323.899721
14545,6640.441128,0.000000,53.000000,95.007660,0.000000,315.877437
14546,6640.441128,0.000000,53.000000,95.509053,0.000000,307.855153
14547,6640.441128,0.000000,53.000000,96.010446,0.000000,299.832869
14548,6640.441128,0.000000,53.000000,96.511838,0.000000,291.810585
14549,6640.441128,0.000000,53.000000,97.013231,0.000000,283.788301
14550,6640.441128,0.000000,53.000000,97.514624,0.000000,275.766017
14551,6640.441128,0.000000,53.000000,98.016017,0.000000,267.743733
14552,6640.441128,0.000000,53.000000,98.517409,0.000000,259.721448
14553,6640.441128,0.000000,53.000000,99.018802,0.000000,251.699164
14554,6640.441128,0.000000,53.000000,99.520195,0.000000,243.676880
14555,6640.441128,0.000000,53.000000,100.021588,0.000000,235.654596
14556,6640.441128,0.000000,53.000000,100.522981,0.000000,227.632312
14558,6640.441128,0.000000,53.000000,101.525766,0.000000,211.587744
14559,6640.441128,0.000000,53.000000,102.027159,0.000000,203.565460
14560,6640.441128,0.000000,53.000000,102.528552,0.000000,195.543175
14561,6640.441128,0.000000,53.000000,103.029944,0.000000,187.520891
14562,6640.441128,0.000000,53.000000,103.531337,0.000000,179.498607
14563,6640.441128,0.000000,53.000000,104.032730,0.000000,171.476323
14564,6640.441128,0.000000,53.000000,104.534123,0.000000,163.454039
14566,6640.441128,0.000000,53.000000,105.536908,0.000000,147.409471
14567,6640.441128,0.000000,53.000000,106.038301,0.000000,139.387187
14568,6640.441128,0.000000,53.000000,106.539694,0.000000,131.364903
14569,6640.441128,0.000000,53.000000,107.041086,0.000000,123.342618
14571,6640.441128,0.000000,53.000000,108.043872,0.000000,107.298050
14575,6640.441128,0.000000,53.000000,110.049443,0.000000,75.208914
14577,6640.441128,0.000000,53.000000,111.052228,0.000000,59.164345
14578,6640.441128,0.000000,53.000000,111.553621,0.000000,51.142061
14579,6640.441128,0.000000,53.000000,112.055014,0.000000,43.119777
14581,6640.441128,0.000000,53.000000,113.057799,0.000000,27.075209
14582,6640.441128,0.000000,53.000000,113.559192,0.000000,19.052925
14583,6640.441128,0.000000,53.000000,114.060585,0.000000,11.030641
14585,6640.441128,0.000000,53.000000,115.063370,0.000000,354.986072
14587,6640.441128,0.000000,53.000000,116.066156,0.000000,338.941504
14590,6640.441128,0.000000,53.000000,117.570334,0.000000,314.874652
14591,6640.441128,0.000000,53.000000,118.071727,0.000000,306.852368
14592,6640.441128,0.000000,53.000000,118.573120,0.000000,298.830084
14593,6640.441128,0.000000,53.000000,119.074513,0.000000,290.807799
14594,6640.441128,0.000000,53.000000,119.575905,0.000000,282.785515
14595,6640.441128,0.000000,53.000000,120.077298,0.000000,274.763231
14596,6640.441128,0.000000,53.000000,120.578691,0.000000,266.740947
14597,6640.441128,0.000000,53.000000,121.080084,0.000000,258.718663
14598,6640.441128,0.000000,53.000000,121.581476,0.000000,250.696379
14599,6640.441128,0.000000,53.000000,122.082869,0.000000,242.674095
14600,6640.441128,0.000000,53.000000,122.584262,0.000000,234.651811
14601,6640.441128,0.000000,53.000000,123.085655,0.000000,226.629526
14602,6640.441128,0.000000,53.000000,123.587047,0.000000,218.607242
14603,6640.441128,0.000000,53.000000,124.088440,0.000000,210.584958
14604,6640.441128,0.000000,53.000000,124.589833,0.000000,202.562674
14605,6640.441128,0.000000,53.000000,125.091226,0.000000,194.540390
14606,6640.441128,0.000000,53.000000,125.592618,0.000000,186.518106
14607,6640.441128,0.000000,53.000000,126.094011,0.000000,178.495822
14608,6640.441128,0.000000,53.000000,126.595404,0.000000,170.473538
14609,6640.441128,0.000000,53.000000,127.096797,0.000000,162.451253
14610,6640.441128,0.000000,53.000000,127.598189,0.000000,154.428969
14612,6640.441128,0.000000,53.000000,128.600975,0.000000,138.384401
14613,6640.441128,0.000000,53.000000,129.102368,0.000000,130.362117
14614,6640.441128,0.000000,53.000000,129.603760,0.000000,122.339833
14615,6640.441128,0.000000,53.000000,130.105153,0.000000,114.317549
14616,6640.441128,0.000000,53.000000,130.606546,0.000000,106.295265
14617,6640.441128,0.000000,53.000000,131.107939,0.000000,98.272981
14619,6640.441128,0.000000,53.000000,132.110724,0.000000,82.228412
14620,6640.441128,0.000000,53.000000,132.612117,0.000000,74.206128
14621,6640.441128,0.000000,53.000000,133.113510,0.000000,66.183844
14622,6640.441128,0.000000,53.000000,133.614903,0.000000,58.161560
14623,6640.441128,0.000000,53.000000,134.116295,0.000000,50.139276
14624,6640.441128,0.000000,53.000000,134.617688,0.000000,42.116992
14625,6640.441128,0.000000,53.000000,135.119081,0.000000,34.094708
14626,6640.441128,0.000000,53.000000,135.620474,0.000000,26.072423
14627,6640.441128,0.000000,53.000000,136.121866,0.000000,18.050139
14629,6640.441128,0.000000,53.000000,137.124652,0.000000,2.005571
14630,6640.441128,0.000000,53.000000,137.626045,0.000000,353.983287
14631,6640.441128,0.000000,53.000000,138.127437,0.000000,345.961003
14632,6640.441128,0.000000,53.000000,138.628830,0.000000,337.938719
14634,6640.441128,0.000000,53.000000,139.631616,0.000000,321.894150
14635,6640.441128,0.000000,53.000000,140.133008,0.000000,313.871866
14636,6640.441128,0.000000,53.000000,140.634401,0.000000,305.849582
14637,6640.441128,0.000000,53.000000,141.135794,0.000000,297.827298
14638,6640.441128,0.000000,53.000000,141.637187,0.000000,289.805014
14639,6640.441128,0.000000,53.000000,142.138579,0.000000,281.782730
14640,6640.441128,0.000000,53.000000,142.639972,0.000000,273.760446
14641,6640.441128,0.000000,53.000000,143.141365,0.000000,265.738162
14642,6640.441128,0.000000,53.000000,143.642758,0.000000,257.715877
14643,6640.441128,0.000000,53.000000,144.144150,0.000000,249.693593
14645,6640.441128,0.000000,53.000000,145.146936,0.000000,233.649025
14646,6640.441128,0.000000,53.000000,145.648329,0.000000,225.626741
14647,6640.441128,0.000000,53.000000,146.149721,0.000000,217.604457
14648,6640.441128,0.000000,53.000000,146.651114,0.000000,209.582173
14649,6640.441128,0.000000,53.000000,147.152507,0.000000,201.559889
14651,6640.441128,0.000000,53.000000,148.155292,0.000000,185.515320
14652,6640.441128,0.000000,53.000000,148.656685,0.000000,177.493036
14653,6640.441128,0.000000,53.000000,149.158078,0.000000,169.470752
14654,6640.441128,0.000000,53.000000,149.659471,0.000000,161.448468
14656,6640.441128,0.000000,53.000000,150.662256,0.000000,145.403900
14657,6640.441128,0.000000,53.000000,151.163649,0.000000,137.381616
14658,6640.441128,0.000000,53.000000,151.665042,0.000000,129.359331
14659,6640.441128,0.000000,53.000000,152.166435,0.000000,121.337047
14660,6640.441128,0.000000,53.000000,152.667827,0.000000,113.314763
14661,6640.441128,0.000000,53.000000,153.169220,0.000000,105.292479
14663,6640.441128,0.000000,53.000000,154.172006,0.000000,89.247911
14664,6640.441128,0.000000,53.000000,154.673398,0.000000,81.225627
14665,6640.441128,0.000000,53.000000,155.174791,0.000000,73.203343
14667,6640.441128,0.000000,53.000000,156.177577,0.000000,57.158774
14668,6640.441128,0.000000,53.000000,156.678969,0.000000,49.136490
14670,6640.441128,0.000000,53.000000,157.681755,0.000000,33.091922
14671,6640.441128,0.000000,53.000000,158.183148,0.000000,25.069638
14672,6640.441128,0.000000,53.000000,158.684540,0.000000,17.047354
14674,6640.441128,0.000000,53.000000,159.687326,0.000000,1.002786
14675,6640.441128,0.000000,53.000000,160.188719,0.000000,352.980501
14677,6640.441128,0.000000,53.000000,161.191504,0.000000,336.935933
14678,6640.441128,0.000000,53.000000,161.692897,0.000000,328.913649
14681,6640.441128,0.000000,53.000000,163.197075,0.000000,304.846797
14682,6640.441128,0.000000,53.000000,163.698468,0.000000,296.824513
14683,6640.441128,0.000000,53.000000,164.199861,0.000000,288.802228
14685,6640.441128,0.000000,53.000000,165.202646,0.000000,272.757660
14687,6640.441128,0.000000,53.000000,166.205432,0.000000,256.713092
14688,6640.441128,0.000000,53.000000,166.706825,0.000000,248.690808
14690,6640.441128,0.000000,53.000000,167.709610,0.000000,232.646240
14691,6640.441128,0.000000,53.000000,168.211003,0.000000,224.623955
14692,6640.441128,0.000000,53.000000,168.712396,0.000000,216.601671
14694,6640.441128,0.000000,53.000000,169.715181,0.000000,200.557103
14695,6640.441128,0.000000,53.000000,170.216574,0.000000,192.534819
14696,6640.441128,0.000000,53.000000,170.717967,0.000000,184.512535
14697,6640.441128,0.000000,53.000000,171.219359,0.000000,176.490251
14699,6640.441128,0.000000,53.000000,172.222145,0.000000,160.445682
14700,6640.441128,0.000000,53.000000,172.723538,0.000000,152.423398
14701,6640.441128,0.000000,53.000000,173.224930,0.000000,144.401114
14702,6640.441128,0.000000,53.000000,173.726323,0.000000,136.378830
14703,6640.441128,0.000000,53.000000,174.227716,0.000000,128.356546
14704,6640.441128,0.000000,53.000000,174.729109,0.000000,120.334262
14705,6640.441128,0.000000,53.000000,175.230501,0.000000,112.311978
14706,6640.441128,0.000000,53.000000,175.731894,0.000000,104.289694
14707,6640.441128,0.000000,53.000000,176.233287,0.000000,96.267409
14709,6640.441128,0.000000,53.000000,177.236072,0.000000,80.222841
14710,6640.441128,0.000000,53.000000,177.737465,0.000000,72.200557
14712,6640.441128,0.000000,53.000000,178.740251,0.000000,56.155989
14714,6640.441128,0.000000,53.000000,179.743036,0.000000,40.111421
14716,6640.441128,0.000000,53.000000,180.745822,0.000000,24.066852
14717,6640.441128,0.000000,53.000000,181.247214,0.000000,16.044568
14719,6640.441128,0.000000,53.000000,182.250000,0.000000,360.000000
14721,6640.441128,0.000000,53.000000,183.252786,0.000000,343.955432
14722,6640.441128,0.000000,53.000000,183.754178,0.000000,335.933148
14723,6640.441128,0.000000,53.000000,184.255571,0.000000,327.910864
14724,6640.441128,0.000000,53.000000,184.756964,0.000000,319.888579
14726,6640.441128,0.000000,53.000000,185.759749,0.000000,303.844011
14727,6640.441128,0.000000,53.000000,186.261142,0.000000,295.821727
14729,6640.441128,0.000000,53.000000,187.263928,0.000000,279.777159
14730,6640.441128,0.000000,53.000000,187.765320,0.000000,271.754875
14732,6640.441128,0.000000,53.000000,188.768106,0.000000,255.710306
14733,6640.441128,0.000000,53.000000,189.269499,0.000000,247.688022
14734,6640.441128,0.000000,53.000000,189.770891,0.000000,239.665738
14735,6640.441128,0.000000,53.000000,190.272284,0.000000,231.643454
14736,6640.441128,0.000000,53.000000,190.773677,0.000000,223.621170
14737,6640.441128,0.000000,53.000000,191.275070,0.000000,215.598886
14738,6640.441128,0.000000,53.000000,191.776462,0.000000,207.576602
14739,6640.441128,0.000000,53.000000,192.277855,0.000000,199.554318
14740,6640.441128,0.000000,53.000000,192.779248,0.000000,191.532033
14741,6640.441128,0.000000,53.000000,193.280641,0.000000,183.509749
14743,6640.441128,0.000000,53.000000,194.283426,0.000000,167.465181
14744,6640.441128,0.000000,53.000000,194.784819,0.000000,159.442897
14745,6640.441128,0.000000,53.000000,195.286212,0.000000,151.420613
14746,6640.441128,0.000000,53.000000,195.787604,0.000000,143.398329
14748,6640.441128,0.000000,53.000000,196.790390,0.000000,127.353760
14749,6640.441128,0.000000,53.000000,197.291783,0.000000,119.331476
14750,6640.441128,0.000000,53.000000,197.793175,0.000000,111.309192
14751,6640.441128,0.000000,53.000000,198.294568,0.000000,103.286908
14752,6640.441128,0.000000,53.000000,198.795961,0.000000,95.264624
14753,6640.441128,0.000000,53.000000,199.297354,0.000000,87.242340
14754,6640.441128,0.000000,53.000000,199.798747,0.000000,79.220056
14755,6640.441128,0.000000,53.000000,200.300139,0.000000,71.197772
14757,6640.441128,0.000000,53.000000,201.302925,0.000000,55.153203
14758,6640.441128,0.000000,53.000000,201.804318,0.000000,47.130919
14759,6640.441128,0.000000,53.000000,202.305710,0.000000,39.108635
14760,6640.441128,0.000000,53.000000,202.807103,0.000000,31.086351
14761,6640.441128,0.000000,53.000000,203.308496,0.000000,23.064067
14762,6640.441128,0.000000,53.000000,203.809889,0.000000,15.041783
14763,6640.441128,0.000000,53.000000,204.311281,0.000000,7.019499
14765,6640.441128,0.000000,53.000000,205.314067,0.000000,350.974930
14766,6640.441128,0.000000,53.000000,205.815460,0.000000,342.952646
14767,6640.441128,0.000000,53.000000,206.316852,0.000000,334.930362
14768,6640.441128,0.000000,53.000000,206.818245,0.000000,326.908078
14770,6640.441128,0.000000,53.000000,207.821031,0.000000,310.863510
14771,6640.441128,0.000000,53.000000,208.322423,0.000000,302.841226
14774,6640.441128,0.000000,53.000000,209.826602,0.000000,278.774373
14775,6640.441128,0.000000,53.000000,210.327994,0.000000,270.752089
14776,6640.441128,0.000000,53.000000,210.829387,0.000000,262.729805
14777,6640.441128,0.000000,53.000000,211.330780,0.000000,254.707521
14778,6640.441128,0.000000,53.000000,211.832173,0.000000,246.685237
14779,6640.441128,0.000000,53.000000,212.333565,0.000000,238.662953
14780,6640.441128,0.000000,53.000000,212.834958,0.000000,230.640669
14783,6640.441128,0.000000,53.000000,214.339136,0.000000,206.573816
14784,6640.441128,0.000000,53.000000,214.840529,0.000000,198.551532
14785,6640.441128,0.000000,53.000000,215.341922,0.000000,190.529248
14786,6640.441128,0.000000,53.000000,215.843315,0.000000,182.506964
14788,6640.441128,0.000000,53.000000,216.846100,0.000000,166.462396
14789,6640.441128,0.000000,53.000000,217.347493,0.000000,158.440111
14790,6640.441128,0.000000,53.000000,217.848886,0.000000,150.417827
14792,6640.441128,0.000000,53.000000,218.851671,0.000000,134.373259
14793,6640.441128,0.000000,53.000000,219.353064,0.000000,126.350975
14794,6640.441128,0.000000,53.000000,219.854457,0.000000,118.328691
14795,6640.441128,0.000000,53.000000,220.355850,0.000000,110.306407
14796,6640.441128,0.000000,53.000000,220.857242,0.000000,102.284123
14797,6640.441128,0.000000,53.000000,221.358635,0.000000,94.261838
14798,6640.441128,0.000000,53.000000,221.860028,0.000000,86.239554
14799,6640.441128,0.000000,53.000000,222.361421,0.000000,78.217270
14802,6640.441128,0.000000,53.000000,223.865599,0.000000,54.150418
14803,6640.441128,0.000000,53.000000,224.366992,0.000000,46.128134
14804,6640.441128,0.000000,53.000000,224.868384,0.000000,38.105850
14805,6640.441128,0.000000,53.000000,225.369777,0.000000,30.083565
14806,6640.441128,0.000000,53.000000,225.871170,0.000000,22.061281
14807,6640.441128,0.000000,53.000000,226.372563,0.000000,14.038997
14809,6640.441128,0.000000,53.000000,227.375348,0.000000,357.994429
14810,6640.441128,0.000000,53.000000,227.876741,0.000000,349.972145
14811,6640.441128,0.000000,53.000000,228.378134,0.000000,341.949861
14812,6640.441128,0.000000,53.000000,228.879526,0.000000,333.927577
14814,6640.441128,0.000000,53.000000,229.882312,0.000000,317.883008
14815,6640.441128,0.000000,53.000000,230.383705,0.000000,309.860724
14817,6640.441128,0.000000,53.000000,231.386490,0.000000,293.816156
14818,6640.441128,0.000000,53.000000,231.887883,0.000000,285.793872
14820,6640.441128,0.000000,53.000000,232.890669,0.000000,269.749304
14821,6640.441128,0.000000,53.000000,233.392061,0.000000,261.727019
14822,6640.441128,0.000000,53.000000,233.893454,0.000000,253.704735
14824,6640.441128,0.000000,53.000000,234.896240,0.000000,237.660167
14825,6640.441128,0.000000,53.000000,235.397632,0.000000,229.637883
14827,6640.441128,0.000000,53.000000,236.400418,0.000000,213.593315
14828,6640.441128,0.000000,53.000000,236.901811,0.000000,205.571031
14829,6640.441128,0.000000,53.000000,237.403203,0.000000,197.548747
14831,6640.441128,0.000000,53.000000,238.405989,0.000000,181.504178
14832,6640.441128,0.000000,53.000000,238.907382,0.000000,173.481894
14833,6640.441128,0.000000,53.000000,239.408774,0.000000,165.459610
14834,6640.441128,0.000000,53.000000,239.910167,0.000000,157.437326
14836,6640.441128,0.000000,53.000000,240.912953,0.000000,141.392758
14837,6640.441128,0.000000,53.000000,241.414345,0.000000,133.370474
14838,6640.441128,0.000000,53.000000,241.915738,0.000000,125.348189
14839,6640.441128,0.000000,53.000000,242.417131,0.000000,117.325905
14841,6640.441128,0.000000,53.000000,243.419916,0.000000,101.281337
14843,6640.441128,0.000000,53.000000,244.422702,0.000000,85.236769
14844,6640.441128,0.000000,53.000000,244.924095,0.000000,77.214485
14845,6640.441128,0.000000,53.000000,245.425487,0.000000,69.192201
14846,6640.441128,0.000000,53.000000,245.926880,0.000000,61.169916
14848,6640.441128,0.000000,53.000000,246.929666,0.000000,45.125348
14849,6640.441128,0.000000,53.000000,247.431058,0.000000,37.103064
14850,6640.441128,0.000000,53.000000,247.932451,0.000000,29.080780
14852,6640.441128,0.000000,53.000000,248.935237,0.000000,13.036212
14853,6640.441128,0.000000,53.000000,249.436630,0.000000,5.013928
14854,6640.441128,0.000000,53.000000,249.938022,0.000000,356.991643
14855,6640.441128,0.000000,53.000000,250.439415,0.000000,348.969359
14856,6640.441128,0.000000,53.000000,250.940808,0.000000,340.947075
14857,6640.441128,0.000000,53.000000,251.442201,0.000000,332.924791
14858,6640.441128,0.000000,53.000000,251.943593,0.000000,324.902507
14859,6640.441128,0.000000,53.000000,252.444986,0.000000,316.880223
14861,6640.441128,0.000000,53.000000,253.447772,0.000000,300.835655
14862,6640.441128,0.000000,53.000000,253.949164,0.000000,292.813370
14863,6640.441128,0.000000,53.000000,254.450557,0.000000,284.791086
14864,6640.441128,0.000000,53.000000,254.951950,0.000000,276.768802
14865,6640.441128,0.000000,53.000000,255.453343,0.000000,268.746518
14866,6640.441128,0.000000,53.000000,255.954735,0.000000,260.724234
14867,6640.441128,0.000000,53.000000,256.456128,0.000000,252.701950
14868,6640.441128,0.000000,53.000000,256.957521,0.000000,244.679666
14869,6640.441128,0.000000,53.000000,257.458914,0.000000,236.657382
14870,6640.441128,0.000000,53.000000,257.960306,0.000000,228.635097
14872,6640.441128,0.000000,53.000000,258.963092,0.000000,212.590529
14873,6640.441128,0.000000,53.000000,259.464485,0.000000,204.568245
14874,6640.441128,0.000000,53.000000,259.965877,0.000000,196.545961
14876,6640.441128,0.000000,53.000000,260.968663,0.000000,180.501393
14877,6640.441128,0.000000,53.000000,261.470056,0.000000,172.479109
14880,6640.441128,0.000000,53.000000,262.974234,0.000000,148.412256
14882,6640.441128,0.000000,53.000000,263.977019,0.000000,132.367688
14884,6640.441128,0.000000,53.000000,264.979805,0.000000,116.323120
14885,6640.441128,0.000000,53.000000,265.481198,0.000000,108.300836
14886,6640.441128,0.000000,53.000000,265.982591,0.000000,100.278552
14887,6640.441128,0.000000,53.000000,266.483983,0.000000,92.256267
14888,6640.441128,0.000000,53.000000,266.985376,0.000000,84.233983
14889,6640.441128,0.000000,53.000000,267.486769,0.000000,76.211699
14890,6640.441128,0.000000,53.000000,267.988162,0.000000,68.189415
14892,6640.441128,0.000000,53.000000,268.990947,0.000000,52.144847
14894,6640.441128,0.000000,53.000000,269.993733,0.000000,36.100279
14895,6640.441128,0.000000,53.000000,270.495125,0.000000,28.077994
14896,6640.441128,0.000000,53.000000,270.996518,0.000000,20.055710
14897,6640.441128,0.000000,53.000000,271.497911,0.000000,12.033426
14898,6640.441128,0.000000,53.000000,271.999304,0.000000,4.011142
14899,6640.441128,0.000000,53.000000,272.500696,0.000000,355.988858
14900,6640.441128,0.000000,53.000000,273.002089,0.000000,347.966574
14901,6640.441128,0.000000,53.000000,273.503482,0.000000,339.944290
14902,6640.441128,0.000000,53.000000,274.004875,0.000000,331.922006
14904,6640.441128,0.000000,53.000000,275.007660,0.000000,315.877437
14905,6640.441128,0.000000,53.000000,275.509053,0.000000,307.855153
14907,6640.441128,0.000000,53.000000,276.511838,0.000000,291.810585
14908,6640.441128,0.000000,53.000000,277.013231,0.000000,283.788301
14909,6640.441128,0.000000,53.000000,277.514624,0.000000,275.766017
14910,6640.441128,0.000000,53.000000,278.016017,0.000000,267.743733
14912,6640.441128,0.000000,53.000000,279.018802,0.000000,251.699164
14914,6640.441128,0.000000,53.000000,280.021588,0.000000,235.654596
14915,6640.441128,0.000000,53.000000,280.522981,0.000000,227.632312
14916,6640.441128,0.000000,53.000000,281.024373,0.000000,219.610028
14918,6640.441128,0.000000,53.000000,282.027159,0.000000,203.565460
14919,6640.441128,0.000000,53.000000,282.528552,0.000000,195.543175
14920,6640.441128,0.000000,53.000000,283.029944,0.000000,187.520891
14921,6640.441128,0.000000,53.000000,283.531337,0.000000,179.498607
14922,6640.441128,0.000000,53.000000,284.032730,0.000000,171.476323
14923,6640.441128,0.000000,53.000000,284.534123,0.000000,163.454039
14924,6640.441128,0.000000,53.000000,285.035515,0.000000,155.431755
14925,6640.441128,0.000000,53.000000,285.536908,0.000000,147.409471
14927,6640.441128,0.000000,53.000000,286.539694,0.000000,131.364903
14928,6640.441128,0.000000,53.000000,287.041086,0.000000,123.342618
14929,6640.441128,0.000000,53.000000,287.542479,0.000000,115.320334
14930,6640.441128,0.000000,53.000000,288.043872,0.000000,107.298050
14932,6640.441128,0.000000,53.000000,289.046657,0.000000,91.253482
14933,6640.441128,0.000000,53.000000,289.548050,0.000000,83.231198
14934,6640.441128,0.000000,53.000000,290.049443,0.000000,75.208914
14935,6640.441128,0.000000,53.000000,290.550836,0.000000,67.186630
14937,6640.441128,0.000000,53.000000,291.553621,0.000000,51.142061
14938,6640.441128,0.000000,53.000000,292.055014,0.000000,43.119777
14939,6640.441128,0.000000,53.000000,292.556407,0.000000,35.097493
14940,6640.441128,0.000000,53.000000,293.057799,0.000000,27.075209
14942,6640.441128,0.000000,53.000000,294.060585,0.000000,11.030641
14944,6640.441128,0.000000,53.000000,295.063370,0.000000,354.986072
14945,6640.441128,0.000000,53.000000,295.564763,0.000000,346.963788
14946,6640.441128,0.000000,53.000000,296.066156,0.000000,338.941504
14947,6640.441128,0.000000,53.000000,296.567549,0.000000,330.919220
14950,6640.441128,0.000000,53.000000,298.071727,0.000000,306.852368
14951,6640.441128,0.000000,53.000000,298.573120,0.000000,298.830084
14953,6640.441128,0.000000,53.000000,299.575905,0.000000,282.785515
14954,6640.441128,0.000000,53.000000,300.077298,0.000000,274.763231
14955,6640.441128,0.000000,53.000000,300.578691,0.000000,266.740947
14956,6640.441128,0.000000,53.000000,301.080084,0.000000,258.718663
14958,6640.441128,0.000000,53.000000,302.082869,0.000000,242.674095
14959,6640.441128,0.000000,53.000000,302.584262,0.000000,234.651811
14960,6640.441128,0.000000,53.000000,303.085655,0.000000,226.629526
14961,6640.441128,0.000000,53.000000,303.587047,0.000000,218.607242
14962,6640.441128,0.000000,53.000000,304.088440,0.000000,210.584958
14963,6640.441128,0.000000,53.000000,304.589833,0.000000,202.562674
14964,6640.441128,0.000000,53.000000,305.091226,0.000000,194.540390
14965,6640.441128,0.000000,53.000000,305.592618,0.000000,186.518106
14967,6640.441128,0.000000,53.000000,306.595404,0.000000,170.473538
14968,6640.441128,0.000000,53.000000,307.096797,0.000000,162.451253
14969,6640.441128,0.000000,53.000000,307.598189,0.000000,154.428969
14970,6640.441128,0.000000,53.000000,308.099582,0.000000,146.406685
14973,6640.441128,0.000000,53.000000,309.603760,0.000000,122.339833
14975,6640.441128,0.000000,53.000000,310.606546,0.000000,106.295265
14976,6640.441128,0.000000,53.000000,311.107939,0.000000,98.272981
14977,6640.441128,0.000000,53.000000,311.609331,0.000000,90.250696
14978,6640.441128,0.000000,53.000000,312.110724,0.000000,82.228412
14979,6640.441128,0.000000,53.000000,312.612117,0.000000,74.206128
14981,6640.441128,0.000000,53.000000,313.614903,0.000000,58.161560
14982,6640.441128,0.000000,53.000000,314.116295,0.000000,50.139276
14983,6640.441128,0.000000,53.000000,314.617688,0.000000,42.116992
14985,6640.441128,0.000000,53.000000,315.620474,0.000000,26.072423
14986,6640.441128,0.000000,53.000000,316.121866,0.000000,18.050139
14987,6640.441128,0.000000,53.000000,316.623259,0.000000,10.027855
14989,6640.441128,0.000000,53.000000,317.626045,0.000000,353.983287
14990,6640.441128,0.000000,53.000000,318.127437,0.000000,345.961003
14992,6640.441128,0.000000,53.000000,319.130223,0.000000,329.916435
14993,6640.441128,0.000000,53.000000,319.631616,0.000000,321.894150
14994,6640.441128,0.000000,53.000000,320.133008,0.000000,313.871866
14995,6640.441128,0.000000,53.000000,320.634401,0.000000,305.849582
14997,6640.441128,0.000000,53.000000,321.637187,0.000000,289.805014
14999,6640.441128,0.000000,53.000000,322.639972,0.000000,273.760446
15000,6640.441128,0.000000,53.000000,323.141365,0.000000,265.738162
15002,6640.441128,0.000000,53.000000,324.144150,0.000000,249.693593
15003,6640.441128,0.000000,53.000000,324.645543,0.000000,241.671309
15004,6640.441128,0.000000,53.000000,325.146936,0.000000,233.649025
15005,6640.441128,0.000000,53.000000,325.648329,0.000000,225.626741
15007,6640.441128,0.000000,53.000000,326.651114,0.000000,209.582173
15008,6640.441128,0.000000,53.000000,327.152507,0.000000,201.559889
15009,6640.441128,0.000000,53.000000,327.653900,0.000000,193.537604
15012,6640.441128,0.000000,53.000000,329.158078,0.000000,169.470752
15013,6640.441128,0.000000,53.000000,329.659471,0.000000,161.448468
15014,6640.441128,0.000000,53.000000,330.160864,0.000000,153.426184
15015,6640.441128,0.000000,53.000000,330.662256,0.000000,145.403900
15016,6640.441128,0.000000,53.000000,331.163649,0.000000,137.381616
15017,6640.441128,0.000000,53.000000,331.665042,0.000000,129.359331
15018,6640.441128,0.000000,53.000000,332.166435,0.000000,121.337047
15020,6640.441128,0.000000,53.000000,333.169220,0.000000,105.292479
15021,6640.441128,0.000000,53.000000,333.670613,0.000000,97.270195
15022,6640.441128,0.000000,53.000000,334.172006,0.000000,89.247911
15023,6640.441128,0.000000,53.000000,334.673398,0.000000,81.225627
15024,6640.441128,0.000000,53.000000,335.174791,0.000000,73.203343
15025,6640.441128,0.000000,53.000000,335.676184,0.000000,65.181058
15026,6640.441128,0.000000,53.000000,336.177577,0.000000,57.158774
15027,6640.441128,0.000000,53.000000,336.678969,0.000000,49.136490
15028,6640.441128,0.000000,53.000000,337.180362,0.000000,41.114206
15030,6640.441128,0.000000,53.000000,338.183148,0.000000,25.069638
15031,6640.441128,0.000000,53.000000,338.684540,0.000000,17.047354
15032,6640.441128,0.000000,53.000000,339.185933,0.000000,9.025070
15033,6640.441128,0.000000,53.000000,339.687326,0.000000,1.002786
15034,6640.441128,0.000000,53.000000,340.188719,0.000000,352.980501
15035,6640.441128,0.000000,53.000000,340.690111,0.000000,344.958217
15036,6640.441128,0.000000,53.000000,341.191504,0.000000,336.935933
15038,6640.441128,0.000000,53.000000,342.194290,0.000000,320.891365
15039,6640.441128,0.000000,53.000000,342.695682,0.000000,312.869081
15040,6640.441128,0.000000,53.000000,343.197075,0.000000,304.846797
15041,6640.441128,0.000000,53.000000,343.698468,0.000000,296.824513
15042,6640.441128,0.000000,53.000000,344.199861,0.000000,288.802228
15044,6640.441128,0.000000,53.000000,345.202646,0.000000,272.757660
15046,6640.441128,0.000000,53.000000,346.205432,0.000000,256.713092
15047,6640.441128,0.000000,53.000000,346.706825,0.000000,248.690808
15048,6640.441128,0.000000,53.000000,347.208217,0.000000,240.668524
15049,6640.441128,0.000000,53.000000,347.709610,0.000000,232.646240
15050,6640.441128,0.000000,53.000000,348.211003,0.000000,224.623955
15051,6640.441128,0.000000,53.000000,348.712396,0.000000,216.601671
15053,6640.441128,0.000000,53.000000,349.715181,0.000000,200.557103
15054,6640.441128,0.000000,53.000000,350.216574,0.000000,192.534819
15056,6640.441128,0.000000,53.000000,351.219359,0.000000,176.490251
15057,6640.441128,0.000000,53.000000,351.720752,0.000000,168.467967
15058,6640.441128,0.000000,53.000000,352.222145,0.000000,160.445682
15059,6640.441128,0.000000,53.000000,352.723538,0.000000,152.423398
15060,6640.441128,0.000000,53.000000,353.224930,0.000000,144.401114
15061,6640.441128,0.000000,53.000000,353.726323,0.000000,136.378830
15062,6640.441128,0.000000,53.000000,354.227716,0.000000,128.356546
15064,6640.441128,0.000000,53.000000,355.230501,0.000000,112.311978
15066,6640.441128,0.000000,53.000000,356.233287,0.000000,96.267409
15067,6640.441128,0.000000,53.000000,356.734680,0.000000,88.245125
15069,6640.441128,0.000000,53.000000,357.737465,0.000000,72.200557
15070,6640.441128,0.000000,53.000000,358.238858,0.000000,64.178273
15071,6640.441128,0.000000,53.000000,358.740251,0.000000,56.155989
15072,6640.441128,0.000000,53.000000,359.241643,0.000000,48.133705
15073,6640.441128,0.000000,53.000000,359.743036,0.000000,40.111421
15075,6640.441128,0.000000,53.000000,0.745822,0.000000,24.066852
15076,6640.441128,0.000000,53.000000,1.247214,0.000000,16.044568
15077,6640.441128,0.000000,53.000000,1.748607,0.000000,8.022284
15078,6640.441128,0.000000,54.000000,4.500000,0.000000,0.000000
15079,6640.441128,0.000000,54.000000,5.001393,0.000000,351.977716
15080,6640.441128,0.000000,54.000000,5.502786,0.000000,343.955432
15081,6640.441128,0.000000,54.000000,6.004178,0.000000,335.933148
15082,6640.441128,0.000000,54.000000,6.505571,0.000000,327.910864
15083,6640.441128,0.000000,54.000000,7.006964,0.000000,319.888579
15084,6640.441128,0.000000,54.000000,7.508357,0.000000,311.866295
15085,6640.441128,0.000000,54.000000,8.009749,0.000000,303.844011
15086,6640.441128,0.000000,54.000000,8.511142,0.000000,295.821727
15087,6640.441128,0.000000,54.000000,9.012535,0.000000,287.799443
15088,6640.441128,0.000000,54.000000,9.513928,0.000000,279.777159
15089,6640.441128,0.000000,54.000000,10.015320,0.000000,271.754875
15090,6640.441128,0.000000,54.000000,10.516713,0.000000,263.732591
15091,6640.441128,0.000000,54.000000,11.018106,0.000000,255.710306
15092,6640.441128,0.000000,54.000000,11.519499,0.000000,247.688022
15096,6640.441128,0.000000,54.000000,13.525070,0.000000,215.598886
15097,6640.441128,0.000000,54.000000,14.026462,0.000000,207.576602
15098,6640.441128,0.000000,54.000000,14.527855,0.000000,199.554318
15099,6640.441128,0.000000,54.000000,15.029248,0.000000,191.532033
15100,6640.441128,0.000000,54.000000,15.530641,0.000000,183.509749
15101,6640.441128,0.000000,54.000000,16.032033,0.000000,175.487465
15103,6640.441128,0.000000,54.000000,17.034819,0.000000,159.442897
15104,6640.441128,0.000000,54.000000,17.536212,0.000000,151.420613
15107,6640.441128,0.000000,54.000000,19.040390,0.000000,127.353760
15108,6640.441128,0.000000,54.000000,19.541783,0.000000,119.331476
15109,6640.441128,0.000000,54.000000,20.043175,0.000000,111.309192
15110,6640.441128,0.000000,54.000000,20.544568,0.000000,103.286908
15111,6640.441128,0.000000,54.000000,21.045961,0.000000,95.264624
15112,6640.441128,0.000000,54.000000,21.547354,0.000000,87.242340
15113,6640.441128,0.000000,54.000000,22.048747,0.000000,79.220056
15114,6640.441128,0.000000,54.000000,22.550139,0.000000,71.197772
15115,6640.441128,0.000000,54.000000,23.051532,0.000000,63.175487
15117,6640.441128,0.000000,54.000000,24.054318,0.000000,47.130919
15118,6640.441128,0.000000,54.000000,24.555710,0.000000,39.108635
15119,6640.441128,0.000000,54.000000,25.057103,0.000000,31.086351
15120,6640.441128,0.000000,54.000000,25.558496,0.000000,23.064067
15121,6640.441128,0.000000,54.000000,26.059889,0.000000,15.041783
15122,6640.441128,0.000000,54.000000,26.561281,0.000000,7.019499
15124,6640.441128,0.000000,54.000000,27.564067,0.000000,350.974930
15126,6640.441128,0.000000,54.000000,28.566852,0.000000,334.930362
15127,6640.441128,0.000000,54.000000,29.068245,0.000000,326.908078
15128,6640.441128,0.000000,54.000000,29.569638,0.000000,318.885794
15130,6640.441128,0.000000,54.000000,30.572423,0.000000,302.841226
15132,6640.441128,0.000000,54.000000,31.575209,0.000000,286.796657
15133,6640.441128,0.000000,54.000000,32.076602,0.000000,278.774373
15136,6640.441128,0.000000,54.000000,33.580780,0.000000,254.707521
15138,6640.441128,0.000000,54.000000,34.583565,0.000000,238.662953
15140,6640.441128,0.000000,54.000000,35.586351,0.000000,222.618384
15141,6640.441128,0.000000,54.000000,36.087744,0.000000,214.596100
15142,6640.441128,0.000000,54.000000,36.589136,0.000000,206.573816
15143,6640.441128,0.000000,54.000000,37.090529,0.000000,198.551532
15144,6640.441128,0.000000,54.000000,37.591922,0.000000,190.529248
15145,6640.441128,0.000000,54.000000,38.093315,0.000000,182.506964
15146,6640.441128,0.000000,54.000000,38.594708,0.000000,174.484680
15147,6640.441128,0.000000,54.000000,39.096100,0.000000,166.462396
15148,6640.441128,0.000000,54.000000,39.597493,0.000000,158.440111
15149,6640.441128,0.000000,54.000000,40.098886,0.000000,150.417827
15150,6640.441128,0.000000,54.000000,40.600279,0.000000,142.395543
15151,6640.441128,0.000000,54.000000,41.101671,0.000000,134.373259
15152,6640.441128,0.000000,54.000000,41.603064,0.000000,126.350975
15153,6640.441128,0.000000,54.000000,42.104457,0.000000,118.328691
15154,6640.441128,0.000000,54.000000,42.605850,0.000000,110.306407
15155,6640.441128,0.000000,54.000000,43.107242,0.000000,102.284123
15156,6640.441128,0.000000,54.000000,43.608635,0.000000,94.261838
15157,6640.441128,0.000000,54.000000,44.110028,0.000000,86.239554
15159,6640.441128,0.000000,54.000000,45.112813,0.000000,70.194986
15160,6640.441128,0.000000,54.000000,45.614206,0.000000,62.172702
15162,6640.441128,0.000000,54.000000,46.616992,0.000000,46.128134
15163,6640.441128,0.000000,54.000000,47.118384,0.000000,38.105850
15164,6640.441128,0.000000,54.000000,47.619777,0.000000,30.083565
15165,6640.441128,0.000000,54.000000,48.121170,0.000000,22.061281
15166,6640.441128,0.000000,54.000000,48.622563,0.000000,14.038997
15169,6640.441128,0.000000,54.000000,50.126741,0.000000,349.972145
15170,6640.441128,0.000000,54.000000,50.628134,0.000000,341.949861
15171,6640.441128,0.000000,54.000000,51.129526,0.000000,333.927577
15172,6640.441128,0.000000,54.000000,51.630919,0.000000,325.905292
15173,6640.441128,0.000000,54.000000,52.132312,0.000000,317.883008
15175,6640.441128,0.000000,54.000000,53.135097,0.000000,301.838440
15177,6640.441128,0.000000,54.000000,54.137883,0.000000,285.793872
15178,6640.441128,0.000000,54.000000,54.639276,0.000000,277.771588
15179,6640.441128,0.000000,54.000000,55.140669,0.000000,269.749304
15180,6640.441128,0.000000,54.000000,55.642061,0.000000,261.727019
15181,6640.441128,0.000000,54.000000,56.143454,0.000000,253.704735
15182,6640.441128,0.000000,54.000000,56.644847,0.000000,245.682451
15183,6640.441128,0.000000,54.000000,57.146240,0.000000,237.660167
15184,6640.441128,0.000000,54.000000,57.647632,0.000000,229.637883
15185,6640.441128,0.000000,54.000000,58.149025,0.000000,221.615599
15187,6640.441128,0.000000,54.000000,59.151811,0.000000,205.571031
15189,6640.441128,0.000000,54.000000,60.154596,0.000000,189.526462
15190,6640.441128,0.000000,54.000000,60.655989,0.000000,181.504178
15191,6640.441128,0.000000,54.000000,61.157382,0.000000,173.481894
15196,6640.441128,0.000000,54.000000,63.664345,0.000000,133.370474
15198,6640.441128,0.000000,54.000000,64.667131,0.000000,117.325905
15199,6640.441128,0.000000,54.000000,65.168524,0.000000,109.303621
15200,6640.441128,0.000000,54.000000,65.669916,0.000000,101.281337
15201,6640.441128,0.000000,54.000000,66.171309,0.000000,93.259053
15202,6640.441128,0.000000,54.000000,66.672702,0.000000,85.236769
15203,6640.441128,0.000000,54.000000,67.174095,0.000000,77.214485
15204,6640.441128,0.000000,54.000000,67.675487,0.000000,69.192201
15205,6640.441128,0.000000,54.000000,68.176880,0.000000,61.169916
15206,6640.441128,0.000000,54.000000,68.678273,0.000000,53.147632
15207,6640.441128,0.000000,54.000000,69.179666,0.000000,45.125348
15209,6640.441128,0.000000,54.000000,70.182451,0.000000,29.080780
15210,6640.441128,0.000000,54.000000,70.683844,0.000000,21.058496
15211,6640.441128,0.000000,54.000000,71.185237,0.000000,13.036212
15212,6640.441128,0.000000,54.000000,71.686630,0.000000,5.013928
15213,6640.441128,0.000000,54.000000,72.188022,0.000000,356.991643
15215,6640.441128,0.000000,54.000000,73.190808,0.000000,340.947075
15216,6640.441128,0.000000,54.000000,73.692201,0.000000,332.924791
15217,6640.441128,0.000000,54.000000,74.193593,0.000000,324.902507
15218,6640.441128,0.000000,54.000000,74.694986,0.000000,316.880223
15220,6640.441128,0.000000,54.000000,75.697772,0.000000,300.835655
15221,6640.441128,0.000000,54.000000,76.199164,0.000000,292.813370
15222,6640.441128,0.000000,54.000000,76.700557,0.000000,284.791086
15223,6640.441128,0.000000,54.000000,77.201950,0.000000,276.768802
15225,6640.441128,0.000000,54.000000,78.204735,0.000000,260.724234
15226,6640.441128,0.000000,54.000000,78.706128,0.000000,252.701950
15227,6640.441128,0.000000,54.000000,79.207521,0.000000,244.679666
15228,6640.441128,0.000000,54.000000,79.708914,0.000000,236.657382
15229,6640.441128,0.000000,54.000000,80.210306,0.000000,228.635097
15230,6640.441128,0.000000,54.000000,80.711699,0.000000,220.612813
15233,6640.441128,0.000000,54.000000,82.215877,0.000000,196.545961
15234,6640.441128,0.000000,54.000000,82.717270,0.000000,188.523677
15235,6640.441128,0.000000,54.000000,83.218663,0.000000,180.501393
15236,6640.441128,0.000000,54.000000,83.720056,0.000000,172.479109
15237,6640.441128,0.000000,54.000000,84.221448,0.000000,164.456825
15238,6640.441128,0.000000,54.000000,84.722841,0.000000,156.434540
15239,6640.441128,0.000000,54.000000,85.224234,0.000000,148.412256
15240,6640.441128,0.000000,54.000000,85.725627,0.000000,140.389972
15242,6640.441128,0.000000,54.000000,86.728412,0.000000,124.345404
15243,6640.441128,0.000000,54.000000,87.229805,0.000000,116.323120
15245,6640.441128,0.000000,54.000000,88.232591,0.000000,100.278552
15248,6640.441128,0.000000,54.000000,89.736769,0.000000,76.211699
15249,6640.441128,0.000000,54.000000,90.238162,0.000000,68.189415
15250,6640.441128,0.000000,54.000000,90.739554,0.000000,60.167131
15251,6640.441128,0.000000,54.000000,91.240947,0.000000,52.144847
15252,6640.441128,0.000000,54.000000,91.742340,0.000000,44.122563
15253,6640.441128,0.000000,54.000000,92.243733,0.000000,36.100279
15254,6640.441128,0.000000,54.000000,92.745125,0.000000,28.077994
15255,6640.441128,0.000000,54.000000,93.246518,0.000000,20.055710
15256,6640.441128,0.000000,54.000000,93.747911,0.000000,12.033426
15257,6640.441128,0.000000,54.000000,94.249304,0.000000,4.011142
15258,6640.441128,0.000000,54.000000,94.750696,0.000000,355.988858
15259,6640.441128,0.000000,54.000000,95.252089,0.000000,347.966574
15260,6640.441128,0.000000,54.000000,95.753482,0.000000,339.944290
15261,6640.441128,0.000000,54.000000,96.254875,0.000000,331.922006
15264,6640.441128,0.000000,54.000000,97.759053,0.000000,307.855153
15265,6640.441128,0.000000,54.000000,98.260446,0.000000,299.832869
15266,6640.441128,0.000000,54.000000,98.761838,0.000000,291.810585
15267,6640.441128,0.000000,54.000000,99.263231,0.000000,283.788301
15268,6640.441128,0.000000,54.000000,99.764624,0.000000,275.766017
15269,6640.441128,0.000000,54.000000,100.266017,0.000000,267.743733
15270,6640.441128,0.000000,54.000000,100.767409,0.000000,259.721448
15271,6640.441128,0.000000,54.000000,101.268802,0.000000,251.699164
15272,6640.441128,0.000000,54.000000,101.770195,0.000000,243.676880
15273,6640.441128,0.000000,54.000000,102.271588,0.000000,235.654596
15274,6640.441128,0.000000,54.000000,102.772981,0.000000,227.632312
15275,6640.441128,0.000000,54.000000,103.274373,0.000000,219.610028
15276,6640.441128,0.000000,54.000000,103.775766,0.000000,211.587744
15277,6640.441128,0.000000,54.000000,104.277159,0.000000,203.565460
15278,6640.441128,0.000000,54.000000,104.778552,0.000000,195.543175
15281,6640.441128,0.000000,54.000000,106.282730,0.000000,171.476323
15282,6640.441128,0.000000,54.000000,106.784123,0.000000,163.454039
15283,6640.441128,0.000000,54.000000,107.285515,0.000000,155.431755
15285,6640.441128,0.000000,54.000000,108.288301,0.000000,139.387187
15286,6640.441128,0.000000,54.000000,108.789694,0.000000,131.364903
15288,6640.441128,0.000000,54.000000,109.792479,0.000000,115.320334
15290,6640.441128,0.000000,54.000000,110.795265,0.000000,99.275766
15291,6640.441128,0.000000,54.000000,111.296657,0.000000,91.253482
15292,6640.441128,0.000000,54.000000,111.798050,0.000000,83.231198
15293,6640.441128,0.000000,54.000000,112.299443,0.000000,75.208914
15294,6640.441128,0.000000,54.000000,112.800836,0.000000,67.186630
15295,6640.441128,0.000000,54.000000,113.302228,0.000000,59.164345
15296,6640.441128,0.000000,54.000000,113.803621,0.000000,51.142061
15297,6640.441128,0.000000,54.000000,114.305014,0.000000,43.119777
15298,6640.441128,0.000000,54.000000,114.806407,0.000000,35.097493
15299,6640.441128,0.000000,54.000000,115.307799,0.000000,27.075209
15300,6640.441128,0.000000,54.000000,115.809192,0.000000,19.052925
15301,6640.441128,0.000000,54.000000,116.310585,0.000000,11.030641
15302,6640.441128,0.000000,54.000000,116.811978,0.000000,3.008357
15303,6640.441128,0.000000,54.000000,117.313370,0.000000,354.986072
15304,6640.441128,0.000000,54.000000,117.814763,0.000000,346.963788
15305,6640.441128,0.000000,54.000000,118.316156,0.000000,338.941504
15306,6640.441128,0.000000,54.000000,118.817549,0.000000,330.919220
15308,6640.441128,0.000000,54.000000,119.820334,0.000000,314.874652
15309,6640.441128,0.000000,54.000000,120.321727,0.000000,306.852368
15310,6640.441128,0.000000,54.000000,120.823120,0.000000,298.830084
15313,6640.441128,0.000000,54.000000,122.327298,0.000000,274.763231
15314,6640.441128,0.000000,54.000000,122.828691,0.000000,266.740947
15315,6640.441128,0.000000,54.000000,123.330084,0.000000,258.718663
15316,6640.441128,0.000000,54.000000,123.831476,0.000000,250.696379
15317,6640.441128,0.000000,54.000000,124.332869,0.000000,242.674095
15318,6640.441128,0.000000,54.000000,124.834262,0.000000,234.651811
15319,6640.441128,0.000000,54.000000,125.335655,0.000000,226.629526
15320,6640.441128,0.000000,54.000000,125.837047,0.000000,218.607242
15321,6640.441128,0.000000,54.000000,126.338440,0.000000,210.584958
15322,6640.441128,0.000000,54.000000,126.839833,0.000000,202.562674
15324,6640.441128,0.000000,54.000000,127.842618,0.000000,186.518106
15325,6640.441128,0.000000,54.000000,128.344011,0.000000,178.495822
15326,6640.441128,0.000000,54.000000,128.845404,0.000000,170.473538
15327,6640.441128,0.000000,54.000000,129.346797,0.000000,162.451253
15328,6640.441128,0.000000,54.000000,129.848189,0.000000,154.428969
15329,6640.441128,0.000000,54.000000,130.349582,0.000000,146.406685
15330,6640.441128,0.000000,54.000000,130.850975,0.000000,138.384401
15332,6640.441128,0.000000,54.000000,131.853760,0.000000,122.339833
15334,6640.441128,0.000000,54.000000,132.856546,0.000000,106.295265
15335,6640.441128,0.000000,54.000000,133.357939,0.000000,98.272981
15336,6640.441128,0.000000,54.000000,133.859331,0.000000,90.250696
15337,6640.441128,0.000000,54.000000,134.360724,0.000000,82.228412
15339,6640.441128,0.000000,54.000000,135.363510,0.000000,66.183844
15340,6640.441128,0.000000,54.000000,135.864903,0.000000,58.161560
15341,6640.441128,0.000000,54.000000,136.366295,0.000000,50.139276
15342,6640.441128,0.000000,54.000000,136.867688,0.000000,42.116992
15345,6640.441128,0.000000,54.000000,138.371866,0.000000,18.050139
15346,6640.441128,0.000000,54.000000,138.873259,0.000000,10.027855
15347,6640.441128,0.000000,54.000000,139.374652,0.000000,2.005571
15348,6640.441128,0.000000,54.000000,139.876045,0.000000,353.983287
15350,6640.441128,0.000000,54.000000,140.878830,0.000000,337.938719
15351,6640.441128,0.000000,54.000000,141.380223,0.000000,329.916435
15352,6640.441128,0.000000,54.000000,141.881616,0.000000,321.894150
15353,6640.441128,0.000000,54.000000,142.383008,0.000000,313.871866
15355,6640.441128,0.000000,54.000000,143.385794,0.000000,297.827298
15358,6640.441128,0.000000,54.000000,144.889972,0.000000,273.760446
15360,6640.441128,0.000000,54.000000,145.892758,0.000000,257.715877
15361,6640.441128,0.000000,54.000000,146.394150,0.000000,249.693593
15362,6640.441128,0.000000,54.000000,146.895543,0.000000,241.671309
15363,6640.441128,0.000000,54.000000,147.396936,0.000000,233.649025
15365,6640.441128,0.000000,54.000000,148.399721,0.000000,217.604457
15366,6640.441128,0.000000,54.000000,148.901114,0.000000,209.582173
15368,6640.441128,0.000000,54.000000,149.903900,0.000000,193.537604
15369,6640.441128,0.000000,54.000000,150.405292,0.000000,185.515320
15370,6640.441128,0.000000,54.000000,150.906685,0.000000,177.493036
15371,6640.441128,0.000000,54.000000,151.408078,0.000000,169.470752
15373,6640.441128,0.000000,54.000000,152.410864,0.000000,153.426184
15374,6640.441128,0.000000,54.000000,152.912256,0.000000,145.403900
15375,6640.441128,0.000000,54.000000,153.413649,0.000000,137.381616
15376,6640.441128,0.000000,54.000000,153.915042,0.000000,129.359331
15377,6640.441128,0.000000,54.000000,154.416435,0.000000,121.337047
15378,6640.441128,0.000000,54.000000,154.917827,0.000000,113.314763
15379,6640.441128,0.000000,54.000000,155.419220,0.000000,105.292479
15380,6640.441128,0.000000,54.000000,155.920613,0.000000,97.270195
15381,6640.441128,0.000000,54.000000,156.422006,0.000000,89.247911
15382,6640.441128,0.000000,54.000000,156.923398,0.000000,81.225627
15383,6640.441128,0.000000,54.000000,157.424791,0.000000,73.203343
15384,6640.441128,0.000000,54.000000,157.926184,0.000000,65.181058
15385,6640.441128,0.000000,54.000000,158.427577,0.000000,57.158774
15386,6640.441128,0.000000,54.000000,158.928969,0.000000,49.136490
15387,6640.441128,0.000000,54.000000,159.430362,0.000000,41.114206
15388,6640.441128,0.000000,54.000000,159.931755,0.000000,33.091922
15389,6640.441128,0.000000,54.000000,160.433148,0.000000,25.069638
15390,6640.441128,0.000000,54.000000,160.934540,0.000000,17.047354
15391,6640.441128,0.000000,54.000000,161.435933,0.000000,9.025070
15392,6640.441128,0.000000,54.000000,161.937326,0.000000,1.002786
15394,6640.441128,0.000000,54.000000,162.940111,0.000000,344.958217
15395,6640.441128,0.000000,54.000000,163.441504,0.000000,336.935933
15397,6640.441128,0.000000,54.000000,164.444290,0.000000,320.891365
15398,6640.441128,0.000000,54.000000,164.945682,0.000000,312.869081
15399,6640.441128,0.000000,54.000000,165.447075,0.000000,304.846797
15400,6640.441128,0.000000,54.000000,165.948468,0.000000,296.824513
15401,6640.441128,0.000000,54.000000,166.449861,0.000000,288.802228
15402,6640.441128,0.000000,54.000000,166.951253,0.000000,280.779944
15403,6640.441128,0.000000,54.000000,167.452646,0.000000,272.757660
15404,6640.441128,0.000000,54.000000,167.954039,0.000000,264.735376
15405,6640.441128,0.000000,54.000000,168.455432,0.000000,256.713092
15406,6640.441128,0.000000,54.000000,168.956825,0.000000,248.690808
15407,6640.441128,0.000000,54.000000,169.458217,0.000000,240.668524
15408,6640.441128,0.000000,54.000000,169.959610,0.000000,232.646240
15409,6640.441128,0.000000,54.000000,170.461003,0.000000,224.623955
15411,6640.441128,0.000000,54.000000,171.463788,0.000000,208.579387
15412,6640.441128,0.000000,54.000000,171.965181,0.000000,200.557103
15414,6640.441128,0.000000,54.000000,172.967967,0.000000,184.512535
15415,6640.441128,0.000000,54.000000,173.469359,0.000000,176.490251
15416,6640.441128,0.000000,54.000000,173.970752,0.000000,168.467967
15417,6640.441128,0.000000,54.000000,174.472145,0.000000,160.445682
15418,6640.441128,0.000000,54.000000,174.973538,0.000000,152.423398
15419,6640.441128,0.000000,54.000000,175.474930,0.000000,144.401114
15420,6640.441128,0.000000,54.000000,175.976323,0.000000,136.378830
15421,6640.441128,0.000000,54.000000,176.477716,0.000000,128.356546
15422,6640.441128,0.000000,54.000000,176.979109,0.000000,120.334262
15423,6640.441128,0.000000,54.000000,177.480501,0.000000,112.311978
15424,6640.441128,0.000000,54.000000,177.981894,0.000000,104.289694
15425,6640.441128,0.000000,54.000000,178.483287,0.000000,96.267409
15426,6640.441128,0.000000,54.000000,178.984680,0.000000,88.245125
15427,6640.441128,0.000000,54.000000,179.486072,0.000000,80.222841
15429,6640.441128,0.000000,54.000000,180.488858,0.000000,64.178273
15430,6640.441128,0.000000,54.000000,180.990251,0.000000,56.155989
15431,6640.441128,0.000000,54.000000,181.491643,0.000000,48.133705
15432,6640.441128,0.000000,54.000000,181.993036,0.000000,40.111421
15433,6640.441128,0.000000,54.000000,182.494429,0.000000,32.089136
15434,6640.441128,0.000000,54.000000,182.995822,0.000000,24.066852
15436,6640.441128,0.000000,54.000000,183.998607,0.000000,8.022284
15438,6640.441128,0.000000,54.000000,185.001393,0.000000,351.977716
15440,6640.441128,0.000000,54.000000,186.004178,0.000000,335.933148
15441,6640.441128,0.000000,54.000000,186.505571,0.000000,327.910864
15442,6640.441128,0.000000,54.000000,187.006964,0.000000,319.888579
15443,6640.441128,0.000000,54.000000,187.508357,0.000000,311.866295
15444,6640.441128,0.000000,54.000000,188.009749,0.000000,303.844011
15445,6640.441128,0.000000,54.000000,188.511142,0.000000,295.821727
15446,6640.441128,0.000000,54.000000,189.012535,0.000000,287.799443
15449,6640.441128,0.000000,54.000000,190.516713,0.000000,263.732591
15450,6640.441128,0.000000,54.000000,191.018106,0.000000,255.710306
15451,6640.441128,0.000000,54.000000,191.519499,0.000000,247.688022
15453,6640.441128,0.000000,54.000000,192.522284,0.000000,231.643454
15454,6640.441128,0.000000,54.000000,193.023677,0.000000,223.621170
15457,6640.441128,0.000000,54.000000,194.527855,0.000000,199.554318
15459,6640.441128,0.000000,54.000000,195.530641,0.000000,183.509749
15460,6640.441128,0.000000,54.000000,196.032033,0.000000,175.487465
15461,6640.441128,0.000000,54.000000,196.533426,0.000000,167.465181
15463,6640.441128,0.000000,54.000000,197.536212,0.000000,151.420613
15464,6640.441128,0.000000,54.000000,198.037604,0.000000,143.398329
15465,6640.441128,0.000000,54.000000,198.538997,0.000000,135.376045
15467,6640.441128,0.000000,54.000000,199.541783,0.000000,119.331476
15468,6640.441128,0.000000,54.000000,200.043175,0.000000,111.309192
15469,6640.441128,0.000000,54.000000,200.544568,0.000000,103.286908
15470,6640.441128,0.000000,54.000000,201.045961,0.000000,95.264624
15471,6640.441128,0.000000,54.000000,201.547354,0.000000,87.242340
15472,6640.441128,0.000000,54.000000,202.048747,0.000000,79.220056
15474,6640.441128,0.000000,54.000000,203.051532,0.000000,63.175487
15475,6640.441128,0.000000,54.000000,203.552925,0.000000,55.153203
15476,6640.441128,0.000000,54.000000,204.054318,0.000000,47.130919
15477,6640.441128,0.000000,54.000000,204.555710,0.000000,39.108635
15478,6640.441128,0.000000,54.000000,205.057103,0.000000,31.086351
15479,6640.441128,0.000000,54.000000,205.558496,0.000000,23.064067
15480,6640.441128,0.000000,54.000000,206.059889,0.000000,15.041783
15481,6640.441128,0.000000,54.000000,206.561281,0.000000,7.019499
15482,6640.441128,0.000000,54.000000,207.062674,0.000000,358.997214
15484,6640.441128,0.000000,54.000000,208.065460,0.000000,342.952646
15486,6640.441128,0.000000,54.000000,209.068245,0.000000,326.908078
15487,6640.441128,0.000000,54.000000,209.569638,0.000000,318.885794
15488,6640.441128,0.000000,54.000000,210.071031,0.000000,310.863510
15489,6640.441128,0.000000,54.000000,210.572423,0.000000,302.841226
15490,6640.441128,0.000000,54.000000,211.073816,0.000000,294.818942
15491,6640.441128,0.000000,54.000000,211.575209,0.000000,286.796657
15492,6640.441128,0.000000,54.000000,212.076602,0.000000,278.774373
15493,6640.441128,0.000000,54.000000,212.577994,0.000000,270.752089
15496,6640.441128,0.000000,54.000000,214.082173,0.000000,246.685237
15497,6640.441128,0.000000,54.000000,214.583565,0.000000,238.662953
15498,6640.441128,0.000000,54.000000,215.084958,0.000000,230.640669
15499,6640.441128,0.000000,54.000000,215.586351,0.000000,222.618384
15500,6640.441128,0.000000,54.000000,216.087744,0.000000,214.596100
15502,6640.441128,0.000000,54.000000,217.090529,0.000000,198.551532
15503,6640.441128,0.000000,54.000000,217.591922,0.000000,190.529248
15504,6640.441128,0.000000,54.000000,218.093315,0.000000,182.506964
15505,6640.441128,0.000000,54.000000,218.594708,0.000000,174.484680
15506,6640.441128,0.000000,54.000000,219.096100,0.000000,166.462396
15507,6640.441128,0.000000,54.000000,219.597493,0.000000,158.440111
15509,6640.441128,0.000000,54.000000,220.600279,0.000000,142.395543
15511,6640.441128,0.000000,54.000000,221.603064,0.000000,126.350975
15514,6640.441128,0.000000,54.000000,223.107242,0.000000,102.284123
15515,6640.441128,0.000000,54.000000,223.608635,0.000000,94.261838
15517,6640.441128,0.000000,54.000000,224.611421,0.000000,78.217270
15518,6640.441128,0.000000,54.000000,225.112813,0.000000,70.194986
15519,6640.441128,0.000000,54.000000,225.614206,0.000000,62.172702
15520,6640.441128,0.000000,54.000000,226.115599,0.000000,54.150418
15521,6640.441128,0.000000,54.000000,226.616992,0.000000,46.128134
15523,6640.441128,0.000000,54.000000,227.619777,0.000000,30.083565
15524,6640.441128,0.000000,54.000000,228.121170,0.000000,22.061281
15526,6640.441128,0.000000,54.000000,229.123955,0.000000,6.016713
15527,6640.441128,0.000000,54.000000,229.625348,0.000000,357.994429
15528,6640.441128,0.000000,54.000000,230.126741,0.000000,349.972145
15529,6640.441128,0.000000,54.000000,230.628134,0.000000,341.949861
15530,6640.441128,0.000000,54.000000,231.129526,0.000000,333.927577
15531,6640.441128,0.000000,54.000000,231.630919,0.000000,325.905292
15532,6640.441128,0.000000,54.000000,232.132312,0.000000,317.883008
15533,6640.441128,0.000000,54.000000,232.633705,0.000000,309.860724
15534,6640.441128,0.000000,54.000000,233.135097,0.000000,301.838440
15535,6640.441128,0.000000,54.000000,233.636490,0.000000,293.816156
15537,6640.441128,0.000000,54.000000,234.639276,0.000000,277.771588
15538,6640.441128,0.000000,54.000000,235.140669,0.000000,269.749304
15539,6640.441128,0.000000,54.000000,235.642061,0.000000,261.727019
15540,6640.441128,0.000000,54.000000,236.143454,0.000000,253.704735
15541,6640.441128,0.000000,54.000000,236.644847,0.000000,245.682451
15542,6640.441128,0.000000,54.000000,237.146240,0.000000,237.660167
15543,6640.441128,0.000000,54.000000,237.647632,0.000000,229.637883
15544,6640.441128,0.000000,54.000000,238.149025,0.000000,221.615599
15545,6640.441128,0.000000,54.000000,238.650418,0.000000,213.593315
15546,6640.441128,0.000000,54.000000,239.151811,0.000000,205.571031
15547,6640.441128,0.000000,54.000000,239.653203,0.000000,197.548747
15548,6640.441128,0.000000,54.000000,240.154596,0.000000,189.526462
15549,6640.441128,0.000000,54.000000,240.655989,0.000000,181.504178
15550,6640.441128,0.000000,54.000000,241.157382,0.000000,173.481894
15551,6640.441128,0.000000,54.000000,241.658774,0.000000,165.459610
15553,6640.441128,0.000000,54.000000,242.661560,0.000000,149.415042
15555,6640.441128,0.000000,54.000000,243.664345,0.000000,133.370474
15556,6640.441128,0.000000,54.000000,244.165738,0.000000,125.348189
15558,6640.441128,0.000000,54.000000,245.168524,0.000000,109.303621
15559,6640.441128,0.000000,54.000000,245.669916,0.000000,101.281337
15560,6640.441128,0.000000,54.000000,246.171309,0.000000,93.259053
15561,6640.441128,0.000000,54.000000,246.672702,0.000000,85.236769
15562,6640.441128,0.000000,54.000000,247.174095,0.000000,77.214485
15563,6640.441128,0.000000,54.000000,247.675487,0.000000,69.192201
15564,6640.441128,0.000000,54.000000,248.176880,0.000000,61.169916
15565,6640.441128,0.000000,54.000000,248.678273,0.000000,53.147632
15566,6640.441128,0.000000,54.000000,249.179666,0.000000,45.125348
15567,6640.441128,0.000000,54.000000,249.681058,0.000000,37.103064
15568,6640.441128,0.000000,54.000000,250.182451,0.000000,29.080780
15569,6640.441128,0.000000,54.000000,250.683844,0.000000,21.058496
15570,6640.441128,0.000000,54.000000,251.185237,0.000000,13.036212
15571,6640.441128,0.000000,54.000000,251.686630,0.000000,5.013928
15572,6640.441128,0.000000,54.000000,252.188022,0.000000,356.991643
15573,6640.441128,0.000000,54.000000,252.689415,0.000000,348.969359
15574,6640.441128,0.000000,54.000000,253.190808,0.000000,340.947075
15575,6640.441128,0.000000,54.000000,253.692201,0.000000,332.924791
15578,6640.441128,0.000000,54.000000,255.196379,0.000000,308.857939
15579,6640.441128,0.000000,54.000000,255.697772,0.000000,300.835655
15582,6640.441128,0.000000,54.000000,257.201950,0.000000,276.768802
15583,6640.441128,0.000000,54.000000,257.703343,0.000000,268.746518
15587,6640.441128,0.000000,54.000000,259.708914,0.000000,236.657382
15588,6640.441128,0.000000,54.000000,260.210306,0.000000,228.635097
15589,6640.441128,0.000000,54.000000,260.711699,0.000000,220.612813
15590,6640.441128,0.000000,54.000000,261.213092,0.000000,212.590529
15591,6640.441128,0.000000,54.000000,261.714485,0.000000,204.568245
15592,6640.441128,0.000000,54.000000,262.215877,0.000000,196.545961
15593,6640.441128,0.000000,54.000000,262.717270,0.000000,188.523677
15594,6640.441128,0.000000,54.000000,263.218663,0.000000,180.501393
15595,6640.441128,0.000000,54.000000,263.720056,0.000000,172.479109
15596,6640.441128,0.000000,54.000000,264.221448,0.000000,164.456825
15597,6640.441128,0.000000,54.000000,264.722841,0.000000,156.434540
15599,6640.441128,0.000000,54.000000,265.725627,0.000000,140.389972
15601,6640.441128,0.000000,54.000000,266.728412,0.000000,124.345404
15602,6640.441128,0.000000,54.000000,267.229805,0.000000,116.323120
15605,6640.441128,0.000000,54.000000,268.733983,0.000000,92.256267
15606,6640.441128,0.000000,54.000000,269.235376,0.000000,84.233983
15607,6640.441128,0.000000,54.000000,269.736769,0.000000,76.211699
15609,6640.441128,0.000000,54.000000,270.739554,0.000000,60.167131
15610,6640.441128,0.000000,54.000000,271.240947,0.000000,52.144847
15611,6640.441128,0.000000,54.000000,271.742340,0.000000,44.122563
15613,6640.441128,0.000000,54.000000,272.745125,0.000000,28.077994
15614,6640.441128,0.000000,54.000000,273.246518,0.000000,20.055710
15616,6640.441128,0.000000,54.000000,274.249304,0.000000,4.011142
15617,6640.441128,0.000000,54.000000,274.750696,0.000000,355.988858
15620,6640.441128,0.000000,54.000000,276.254875,0.000000,331.922006
15621,6640.441128,0.000000,54.000000,276.756267,0.000000,323.899721
15622,6640.441128,0.000000,54.000000,277.257660,0.000000,315.877437
15623,6640.441128,0.000000,54.000000,277.759053,0.000000,307.855153
15624,6640.441128,0.000000,54.000000,278.260446,0.000000,299.832869
15625,6640.441128,0.000000,54.000000,278.761838,0.000000,291.810585
15626,6640.441128,0.000000,54.000000,279.263231,0.000000,283.788301
15627,6640.441128,0.000000,54.000000,279.764624,0.000000,275.766017
15628,6640.441128,0.000000,54.000000,280.266017,0.000000,267.743733
15629,6640.441128,0.000000,54.000000,280.767409,0.000000,259.721448
15630,6640.441128,0.000000,54.000000,281.268802,0.000000,251.699164
15631,6640.441128,0.000000,54.000000,281.770195,0.000000,243.676880
15632,6640.441128,0.000000,54.000000,282.271588,0.000000,235.654596
15633,6640.441128,0.000000,54.000000,282.772981,0.000000,227.632312
15634,6640.441128,0.000000,54.000000,283.274373,0.000000,219.610028
15635,6640.441128,0.000000,54.000000,283.775766,0.000000,211.587744
15637,6640.441128,0.000000,54.000000,284.778552,0.000000,195.543175
15639,6640.441128,0.000000,54.000000,285.781337,0.000000,179.498607
15640,6640.441128,0.000000,54.000000,286.282730,0.000000,171.476323
15641,6640.441128,0.000000,54.000000,286.784123,0.000000,163.454039
15642,6640.441128,0.000000,54.000000,287.285515,0.000000,155.431755
15643,6640.441128,0.000000,54.000000,287.786908,0.000000,147.409471
15644,6640.441128,0.000000,54.000000,288.288301,0.000000,139.387187
15646,6640.441128,0.000000,54.000000,289.291086,0.000000,123.342618
15647,6640.441128,0.000000,54.000000,289.792479,0.000000,115.320334
15649,6640.441128,0.000000,54.000000,290.795265,0.000000,99.275766
15650,6640.441128,0.000000,54.000000,291.296657,0.000000,91.253482
15652,6640.441128,0.000000,54.000000,292.299443,0.000000,75.208914
15653,6640.441128,0.000000,54.000000,292.800836,0.000000,67.186630
15654,6640.441128,0.000000,54.000000,293.302228,0.000000,59.164345
15655,6640.441128,0.000000,54.000000,293.803621,0.000000,51.142061
15656,6640.441128,0.000000,54.000000,294.305014,0.000000,43.119777
15657,6640.441128,0.000000,54.000000,294.806407,0.000000,35.097493
15658,6640.441128,0.000000,54.000000,295.307799,0.000000,27.075209
15659,6640.441128,0.000000,54.000000,295.809192,0.000000,19.052925
15660,6640.441128,0.000000,54.000000,296.310585,0.000000,11.030641
15661,6640.441128,0.000000,54.000000,296.811978,0.000000,3.008357
15664,6640.441128,0.000000,54.000000,298.316156,0.000000,338.941504
15665,6640.441128,0.000000,54.000000,298.817549,0.000000,330.919220
15666,6640.441128,0.000000,54.000000,299.318942,0.000000,322.896936
15667,6640.441128,0.000000,54.000000,299.820334,0.000000,314.874652
15668,6640.441128,0.000000,54.000000,300.321727,0.000000,306.852368
15670,6640.441128,0.000000,54.000000,301.324513,0.000000,290.807799
15671,6640.441128,0.000000,54.000000,301.825905,0.000000,282.785515
15672,6640.441128,0.000000,54.000000,302.327298,0.000000,274.763231
15673,6640.441128,0.000000,54.000000,302.828691,0.000000,266.740947
15675,6640.441128,0.000000,54.000000,303.831476,0.000000,250.696379
15676,6640.441128,0.000000,54.000000,304.332869,0.000000,242.674095
15678,6640.441128,0.000000,54.000000,305.335655,0.000000,226.629526
15679,6640.441128,0.000000,54.000000,305.837047,0.000000,218.607242
15680,6640.441128,0.000000,54.000000,306.338440,0.000000,210.584958
15681,6640.441128,0.000000,54.000000,306.839833,0.000000,202.562674
15682,6640.441128,0.000000,54.000000,307.341226,0.000000,194.540390
15684,6640.441128,0.000000,54.000000,308.344011,0.000000,178.495822
15686,6640.441128,0.000000,54.000000,309.346797,0.000000,162.451253
15688,6640.441128,0.000000,54.000000,310.349582,0.000000,146.406685
15689,6640.441128,0.000000,54.000000,310.850975,0.000000,138.384401
15690,6640.441128,0.000000,54.000000,311.352368,0.000000,130.362117
15691,6640.441128,0.000000,54.000000,311.853760,0.000000,122.339833
15692,6640.441128,0.000000,54.000000,312.355153,0.000000,114.317549
15693,6640.441128,0.000000,54.000000,312.856546,0.000000,106.295265
15694,6640.441128,0.000000,54.000000,313.357939,0.000000,98.272981
15696,6640.441128,0.000000,54.000000,314.360724,0.000000,82.228412
15697,6640.441128,0.000000,54.000000,314.862117,0.000000,74.206128
15698,6640.441128,0.000000,54.000000,315.363510,0.000000,66.183844
15700,6640.441128,0.000000,54.000000,316.366295,0.000000,50.139276
15701,6640.441128,0.000000,54.000000,316.867688,0.000000,42.116992
15702,6640.441128,0.000000,54.000000,317.369081,0.000000,34.094708
15706,6640.441128,0.000000,54.000000,319.374652,0.000000,2.005571
15708,6640.441128,0.000000,54.000000,320.377437,0.000000,345.961003
15709,6640.441128,0.000000,54.000000,320.878830,0.000000,337.938719
15710,6640.441128,0.000000,54.000000,321.380223,0.000000,329.916435
15711,6640.441128,0.000000,54.000000,321.881616,0.000000,321.894150
15713,6640.441128,0.000000,54.000000,322.884401,0.000000,305.849582
15714,6640.441128,0.000000,54.000000,323.385794,0.000000,297.827298
15715,6640.441128,0.000000,54.000000,323.887187,0.000000,289.805014
15716,6640.441128,0.000000,54.000000,324.388579,0.000000,281.782730
15717,6640.441128,0.000000,54.000000,324.889972,0.000000,273.760446
15718,6640.441128,0.000000,54.000000,325.391365,0.000000,265.738162
15719,6640.441128,0.000000,54.000000,325.892758,0.000000,257.715877
15720,6640.441128,0.000000,54.000000,326.394150,0.000000,249.693593
15721,6640.441128,0.000000,54.000000,326.895543,0.000000,241.671309
15722,6640.441128,0.000000,54.000000,327.396936,0.000000,233.649025
15723,6640.441128,0.000000,54.000000,327.898329,0.000000,225.626741
15724,6640.441128,0.000000,54.000000,328.399721,0.000000,217.604457
15725,6640.441128,0.000000,54.000000,328.901114,0.000000,209.582173
15727,6640.441128,0.000000,54.000000,329.903900,0.000000,193.537604
15728,6640.441128,0.000000,54.000000,330.405292,0.000000,185.515320
15729,6640.441128,0.000000,54.000000,330.906685,0.000000,177.493036
15730,6640.441128,0.000000,54.000000,331.408078,0.000000,169.470752
15731,6640.441128,0.000000,54.000000,331.909471,0.000000,161.448468
15732,6640.441128,0.000000,54.000000,332.410864,0.000000,153.426184
15733,6640.441128,0.000000,54.000000,332.912256,0.000000,145.403900
15735,6640.441128,0.000000,54.000000,333.915042,0.000000,129.359331
15736,6640.441128,0.000000,54.000000,334.416435,0.000000,121.337047
15737,6640.441128,0.000000,54.000000,334.917827,0.000000,113.314763
15738,6640.441128,0.000000,54.000000,335.419220,0.000000,105.292479
15739,6640.441128,0.000000,54.000000,335.920613,0.000000,97.270195
15740,6640.441128,0.000000,54.000000,336.422006,0.000000,89.247911
15741,6640.441128,0.000000,54.000000,336.923398,0.000000,81.225627
15742,6640.441128,0.000000,54.000000,337.424791,0.000000,73.203343
15744,6640.441128,0.000000,54.000000,338.427577,0.000000,57.158774
15745,6640.441128,0.000000,54.000000,338.928969,0.000000,49.136490
15747,6640.441128,0.000000,54.000000,339.931755,0.000000,33.091922
15748,6640.441128,0.000000,54.000000,340.433148,0.000000,25.069638
15750,6640.441128,0.000000,54.000000,341.435933,0.000000,9.025070
15755,6640.441128,0.000000,54.000000,343.942897,0.000000,328.913649
15756,6640.441128,0.000000,54.000000,344.444290,0.000000,320.891365
15758,6640.441128,0.000000,54.000000,345.447075,0.000000,304.846797
15761,6640.441128,0.000000,54.000000,346.951253,0.000000,280.779944
15763,6640.441128,0.000000,54.000000,347.954039,0.000000,264.735376
15764,6640.441128,0.000000,54.000000,348.455432,0.000000,256.713092
15766,6640.441128,0.000000,54.000000,349.458217,0.000000,240.668524
15767,6640.441128,0.000000,54.000000,349.959610,0.000000,232.646240
15768,6640.441128,0.000000,54.000000,350.461003,0.000000,224.623955
15770,6640.441128,0.000000,54.000000,351.463788,0.000000,208.579387
15771,6640.441128,0.000000,54.000000,351.965181,0.000000,200.557103
15772,6640.441128,0.000000,54.000000,352.466574,0.000000,192.534819
15773,6640.441128,0.000000,54.000000,352.967967,0.000000,184.512535
15774,6640.441128,0.000000,54.000000,353.469359,0.000000,176.490251
15775,6640.441128,0.000000,54.000000,353.970752,0.000000,168.467967
15776,6640.441128,0.000000,54.000000,354.472145,0.000000,160.445682
15777,6640.441128,0.000000,54.000000,354.973538,0.000000,152.423398
15778,6640.441128,0.000000,54.000000,355.474930,0.000000,144.401114
15779,6640.441128,0.000000,54.000000,355.976323,0.000000,136.378830
15780,6640.441128,0.000000,54.000000,356.477716,0.000000,128.356546
15781,6640.441128,0.000000,54.000000,356.979109,0.000000,120.334262
15783,6640.441128,0.000000,54.000000,357.981894,0.000000,104.289694
15784,6640.441128,0.000000,54.000000,358.483287,0.000000,96.267409
15785,6640.441128,0.000000,54.000000,358.984680,0.000000,88.245125
15786,6640.441128,0.000000,54.000000,359.486072,0.000000,80.222841
15787,6640.441128,0.000000,54.000000,359.987465,0.000000,72.200557
15789,6640.441128,0.000000,54.000000,0.990251,0.000000,56.155989
15790,6640.441128,0.000000,54.000000,1.491643,0.000000,48.133705
15791,6640.441128,0.000000,54.000000,1.993036,0.000000,40.111421
15792,6640.441128,0.000000,54.000000,2.494429,0.000000,32.089136
15793,6640.441128,0.000000,54.000000,2.995822,0.000000,24.066852
15794,6640.441128,0.000000,54.000000,3.497214,0.000000,16.044568
15795,6640.441128,0.000000,54.000000,3.998607,0.000000,8.022284
16104,6640.441128,0.000000,33.000000,163.428969,0.000000,49.136490
17232,6640.441128,0.000000,32.000000,15.750000,0.000000,0.000000
17233,6640.441128,0.000000,32.000000,16.251393,0.000000,351.977716
17234,6640.441128,0.000000,32.000000,16.752786,0.000000,343.955432
17235,6640.441128,0.000000,32.000000,17.254178,0.000000,335.933148
17236,6640.441128,0.000000,32.000000,17.755571,0.000000,327.910864
17237,6640.441128,0.000000,32.000000,18.256964,0.000000,319.888579
17238,6640.441128,0.000000,32.000000,18.758357,0.000000,311.866295
17239,6640.441128,0.000000,32.000000,19.259749,0.000000,303.844011
17240,6640.441128,0.000000,32.000000,19.761142,0.000000,295.821727
17241,6640.441128,0.000000,32.000000,20.262535,0.000000,287.799443
17242,6640.441128,0.000000,32.000000,20.763928,0.000000,279.777159
17243,6640.441128,0.000000,32.000000,21.265320,0.000000,271.754875
17244,6640.441128,0.000000,32.000000,21.766713,0.000000,263.732591
17245,6640.441128,0.000000,32.000000,22.268106,0.000000,255.710306
17246,6640.441128,0.000000,32.000000,22.769499,0.000000,247.688022
17247,6640.441128,0.000000,32.000000,23.270891,0.000000,239.665738
17248,6640.441128,0.000000,32.000000,23.772284,0.000000,231.643454
17249,6640.441128,0.000000,32.000000,24.273677,0.000000,223.621170
17250,6640.441128,0.000000,32.000000,24.775070,0.000000,215.598886
17251,6640.441128,0.000000,32.000000,25.276462,0.000000,207.576602
17252,6640.441128,0.000000,32.000000,25.777855,0.000000,199.554318
17253,6640.441128,0.000000,32.000000,26.279248,0.000000,191.532033
17254,6640.441128,0.000000,32.000000,26.780641,0.000000,183.509749
17255,6640.441128,0.000000,32.000000,27.282033,0.000000,175.487465
17256,6640.441128,0.000000,32.000000,27.783426,0.000000,167.465181
17257,6640.441128,0.000000,32.000000,28.284819,0.000000,159.442897
17258,6640.441128,0.000000,32.000000,28.786212,0.000000,151.420613
17259,6640.441128,0.000000,32.000000,29.287604,0.000000,143.398329
17260,6640.441128,0.000000,32.000000,29.788997,0.000000,135.376045
17261,6640.441128,0.000000,32.000000,30.290390,0.000000,127.353760
17262,6640.441128,0.000000,32.000000,30.791783,0.000000,119.331476
17263,6640.441128,0.000000,32.000000,31.293175,0.000000,111.309192
17264,6640.441128,0.000000,32.000000,31.794568,0.000000,103.286908
17265,6640.441128,0.000000,32.000000,32.295961,0.000000,95.264624
17266,6640.441128,0.000000,32.000000,32.797354,0.000000,87.242340
17267,6640.441128,0.000000,32.000000,33.298747,0.000000,79.220056
17268,6640.441128,0.000000,32.000000,33.800139,0.000000,71.197772
17269,6640.441128,0.000000,32.000000,34.301532,0.000000,63.175487
17270,6640.441128,0.000000,32.000000,34.802925,0.000000,55.153203
17271,6640.441128,0.000000,32.000000,35.304318,0.000000,47.130919
17272,6640.441128,0.000000,32.000000,35.805710,0.000000,39.108635
17273,6640.441128,0.000000,32.000000,36.307103,0.000000,31.086351
17274,6640.441128,0.000000,32.000000,36.808496,0.000000,23.064067
17275,6640.441128,0.000000,32.000000,37.309889,0.000000,15.041783
17276,6640.441128,0.000000,32.000000,37.811281,0.000000,7.019499
17277,6640.441128,0.000000,32.000000,38.312674,0.000000,358.997214
17278,6640.441128,0.000000,32.000000,38.814067,0.000000,350.974930
17279,6640.441128,0.000000,32.000000,39.315460,0.000000,342.952646
17280,6640.441128,0.000000,32.000000,39.816852,0.000000,334.930362
17281,6640.441128,0.000000,32.000000,40.318245,0.000000,326.908078
17282,6640.441128,0.000000,32.000000,40.819638,0.000000,318.885794
17283,6640.441128,0.000000,32.000000,41.321031,0.000000,310.863510
17284,6640.441128,0.000000,32.000000,41.822423,0.000000,302.841226
17285,6640.441128,0.000000,32.000000,42.323816,0.000000,294.818942
17286,6640.441128,0.000000,32.000000,42.825209,0.000000,286.796657
17287,6640.441128,0.000000,32.000000,43.326602,0.000000,278.774373
17288,6640.441128,0.000000,32.000000,43.827994,0.000000,270.752089
17289,6640.441128,0.000000,32.000000,44.329387,0.000000,262.729805
17290,6640.441128,0.000000,32.000000,44.830780,0.000000,254.707521
17291,6640.441128,0.000000,32.000000,45.332173,0.000000,246.685237
17292,6640.441128,0.000000,32.000000,45.833565,0.000000,238.662953
17293,6640.441128,0.000000,32.000000,46.334958,0.000000,230.640669
17294,6640.441128,0.000000,32.000000,46.836351,0.000000,222.618384
17295,6640.441128,0.000000,32.000000,47.337744,0.000000,214.596100
17296,6640.441128,0.000000,32.000000,47.839136,0.000000,206.573816
17297,6640.441128,0.000000,32.000000,48.340529,0.000000,198.551532
17298,6640.441128,0.000000,32.000000,48.841922,0.000000,190.529248
17299,6640.441128,0.000000,32.000000,49.343315,0.000000,182.506964
17300,6640.441128,0.000000,32.000000,49.844708,0.000000,174.484680
17301,6640.441128,0.000000,32.000000,50.346100,0.000000,166.462396
17302,6640.441128,0.000000,32.000000,50.847493,0.000000,158.440111
17303,6640.441128,0.000000,32.000000,51.348886,0.000000,150.417827
17304,6640.441128,0.000000,32.000000,51.850279,0.000000,142.395543
17305,6640.441128,0.000000,32.000000,52.351671,0.000000,134.373259
17306,6640.441128,0.000000,32.000000,52.853064,0.000000,126.350975
17307,6640.441128,0.000000,32.000000,53.354457,0.000000,118.328691
17308,6640.441128,0.000000,32.000000,53.855850,0.000000,110.306407
17309,6640.441128,0.000000,32.000000,54.357242,0.000000,102.284123
17310,6640.441128,0.000000,32.000000,54.858635,0.000000,94.261838
17311,6640.441128,0.000000,32.000000,55.360028,0.000000,86.239554
17312,6640.441128,0.000000,32.000000,55.861421,0.000000,78.217270
17313,6640.441128,0.000000,32.000000,56.362813,0.000000,70.194986
17314,6640.441128,0.000000,32.000000,56.864206,0.000000,62.172702
17315,6640.441128,0.000000,32.000000,57.365599,0.000000,54.150418
17316,6640.441128,0.000000,32.000000,57.866992,0.000000,46.128134
17317,6640.441128,0.000000,32.000000,58.368384,0.000000,38.105850
17318,6640.441128,0.000000,32.000000,58.869777,0.000000,30.083565
17319,6640.441128,0.000000,32.000000,59.371170,0.000000,22.061281
17320,6640.441128,0.000000,32.000000,59.872563,0.000000,14.038997
17321,6640.441128,0.000000,32.000000,60.373955,0.000000,6.016713
17322,6640.441128,0.000000,32.000000,60.875348,0.000000,357.994429
17323,6640.441128,0.000000,32.000000,61.376741,0.000000,349.972145
17324,6640.441128,0.000000,32.000000,61.878134,0.000000,341.949861
17325,6640.441128,0.000000,32.000000,62.379526,0.000000,333.927577
17326,6640.441128,0.000000,32.000000,62.880919,0.000000,325.905292
17327,6640.441128,0.000000,32.000000,63.382312,0.000000,317.883008
17328,6640.441128,0.000000,32.000000,63.883705,0.000000,309.860724
17329,6640.441128,0.000000,32.000000,64.385097,0.000000,301.838440
17330,6640.441128,0.000000,32.000000,64.886490,0.000000,293.816156
17331,6640.441128,0.000000,32.000000,65.387883,0.000000,285.793872
17332,6640.441128,0.000000,32.000000,65.889276,0.000000,277.771588
17333,6640.441128,0.000000,32.000000,66.390669,0.000000,269.749304
17334,6640.441128,0.000000,32.000000,66.892061,0.000000,261.727019
17335,6640.441128,0.000000,32.000000,67.393454,0.000000,253.704735
17336,6640.441128,0.000000,32.000000,67.894847,0.000000,245.682451
17337,6640.441128,0.000000,32.000000,68.396240,0.000000,237.660167
17338,6640.441128,0.000000,32.000000,68.897632,0.000000,229.637883
17339,6640.441128,0.000000,32.000000,69.399025,0.000000,221.615599
17340,6640.441128,0.000000,32.000000,69.900418,0.000000,213.593315
17341,6640.441128,0.000000,32.000000,70.401811,0.000000,205.571031
17342,6640.441128,0.000000,32.000000,70.903203,0.000000,197.548747
17343,6640.441128,0.000000,32.000000,71.404596,0.000000,189.526462
17344,6640.441128,0.000000,32.000000,71.905989,0.000000,181.504178
17345,6640.441128,0.000000,32.000000,72.407382,0.000000,173.481894
17346,6640.441128,0.000000,32.000000,72.908774,0.000000,165.459610
17347,6640.441128,0.000000,32.000000,73.410167,0.000000,157.437326
17348,6640.441128,0.000000,32.000000,73.911560,0.000000,149.415042
17349,6640.441128,0.000000,32.000000,74.412953,0.000000,141.392758
17350,6640.441128,0.000000,32.000000,74.914345,0.000000,133.370474
17351,6640.441128,0.000000,32.000000,75.415738,0.000000,125.348189
17352,6640.441128,0.000000,32.000000,75.917131,0.000000,117.325905
17353,6640.441128,0.000000,32.000000,76.418524,0.000000,109.303621
17354,6640.441128,0.000000,32.000000,76.919916,0.000000,101.281337
17355,6640.441128,0.000000,32.000000,77.421309,0.000000,93.259053
17356,6640.441128,0.000000,32.000000,77.922702,0.000000,85.236769
17357,6640.441128,0.000000,32.000000,78.424095,0.000000,77.214485
17359,6640.441128,0.000000,32.000000,79.426880,0.000000,61.169916
17360,6640.441128,0.000000,32.000000,79.928273,0.000000,53.147632
17361,6640.441128,0.000000,32.000000,80.429666,0.000000,45.125348
17362,6640.441128,0.000000,32.000000,80.931058,0.000000,37.103064
17363,6640.441128,0.000000,32.000000,81.432451,0.000000,29.080780
17364,6640.441128,0.000000,32.000000,81.933844,0.000000,21.058496
17365,6640.441128,0.000000,32.000000,82.435237,0.000000,13.036212
17366,6640.441128,0.000000,32.000000,82.936630,0.000000,5.013928
17367,6640.441128,0.000000,32.000000,83.438022,0.000000,356.991643
17368,6640.441128,0.000000,32.000000,83.939415,0.000000,348.969359
17369,6640.441128,0.000000,32.000000,84.440808,0.000000,340.947075
17370,6640.441128,0.000000,32.000000,84.942201,0.000000,332.924791
17371,6640.441128,0.000000,32.000000,85.443593,0.000000,324.902507
17372,6640.441128,0.000000,32.000000,85.944986,0.000000,316.880223
17373,6640.441128,0.000000,32.000000,86.446379,0.000000,308.857939
17374,6640.441128,0.000000,32.000000,86.947772,0.000000,300.835655
17375,6640.441128,0.000000,32.000000,87.449164,0.000000,292.813370
17376,6640.441128,0.000000,32.000000,87.950557,0.000000,284.791086
17377,6640.441128,0.000000,32.000000,88.451950,0.000000,276.768802
17378,6640.441128,0.000000,32.000000,88.953343,0.000000,268.746518
17379,6640.441128,0.000000,32.000000,89.454735,0.000000,260.724234
17380,6640.441128,0.000000,32.000000,89.956128,0.000000,252.701950
17381,6640.441128,0.000000,32.000000,90.457521,0.000000,244.679666
17382,6640.441128,0.000000,32.000000,90.958914,0.000000,236.657382
17383,6640.441128,0.000000,32.000000,91.460306,0.000000,228.635097
17384,6640.441128,0.000000,32.000000,91.961699,0.000000,220.612813
17385,6640.441128,0.000000,32.000000,92.463092,0.000000,212.590529
17386,6640.441128,0.000000,32.000000,92.964485,0.000000,204.568245
17387,6640.441128,0.000000,32.000000,93.465877,0.000000,196.545961
17388,6640.441128,0.000000,32.000000,93.967270,0.000000,188.523677
17389,6640.441128,0.000000,32.000000,94.468663,0.000000,180.501393
17390,6640.441128,0.000000,32.000000,94.970056,0.000000,172.479109
17391,6640.441128,0.000000,32.000000,95.471448,0.000000,164.456825
17392,6640.441128,0.000000,32.000000,95.972841,0.000000,156.434540
17393,6640.441128,0.000000,32.000000,96.474234,0.000000,148.412256
17394,6640.441128,0.000000,32.000000,96.975627,0.000000,140.389972
17395,6640.441128,0.000000,32.000000,97.477019,0.000000,132.367688
17396,6640.441128,0.000000,32.000000,97.978412,0.000000,124.345404
17397,6640.441128,0.000000,32.000000,98.479805,0.000000,116.323120
17398,6640.441128,0.000000,32.000000,98.981198,0.000000,108.300836
17399,6640.441128,0.000000,32.000000,99.482591,0.000000,100.278552
17400,6640.441128,0.000000,32.000000,99.983983,0.000000,92.256267
17401,6640.441128,0.000000,32.000000,100.485376,0.000000,84.233983
17402,6640.441128,0.000000,32.000000,100.986769,0.000000,76.211699
17403,6640.441128,0.000000,32.000000,101.488162,0.000000,68.189415
17404,6640.441128,0.000000,32.000000,101.989554,0.000000,60.167131
17405,6640.441128,0.000000,32.000000,102.490947,0.000000,52.144847
17406,6640.441128,0.000000,32.000000,102.992340,0.000000,44.122563
17407,6640.441128,0.000000,32.000000,103.493733,0.000000,36.100279
17408,6640.441128,0.000000,32.000000,103.995125,0.000000,28.077994
17409,6640.441128,0.000000,32.000000,104.496518,0.000000,20.055710
17410,6640.441128,0.000000,32.000000,104.997911,0.000000,12.033426
17411,6640.441128,0.000000,32.000000,105.499304,0.000000,4.011142
17412,6640.441128,0.000000,32.000000,106.000696,0.000000,355.988858
17413,6640.441128,0.000000,32.000000,106.502089,0.000000,347.966574
17414,6640.441128,0.000000,32.000000,107.003482,0.000000,339.944290
17415,6640.441128,0.000000,32.000000,107.504875,0.000000,331.922006
17416,6640.441128,0.000000,32.000000,108.006267,0.000000,323.899721
17417,6640.441128,0.000000,32.000000,108.507660,0.000000,315.877437
17418,6640.441128,0.000000,32.000000,109.009053,0.000000,307.855153
17419,6640.441128,0.000000,32.000000,109.510446,0.000000,299.832869
17420,6640.441128,0.000000,32.000000,110.011838,0.000000,291.810585
17421,6640.441128,0.000000,32.000000,110.513231,0.000000,283.788301
17422,6640.441128,0.000000,32.000000,111.014624,0.000000,275.766017
17423,6640.441128,0.000000,32.000000,111.516017,0.000000,267.743733
17424,6640.441128,0.000000,32.000000,112.017409,0.000000,259.721448
17425,6640.441128,0.000000,32.000000,112.518802,0.000000,251.699164
17426,6640.441128,0.000000,32.000000,113.020195,0.000000,243.676880
17427,6640.441128,0.000000,32.000000,113.521588,0.000000,235.654596
17428,6640.441128,0.000000,32.000000,114.022981,0.000000,227.632312
17429,6640.441128,0.000000,32.000000,114.524373,0.000000,219.610028
17430,6640.441128,0.000000,32.000000,115.025766,0.000000,211.587744
17431,6640.441128,0.000000,32.000000,115.527159,0.000000,203.565460
17432,6640.441128,0.000000,32.000000,116.028552,0.000000,195.543175
17433,6640.441128,0.000000,32.000000,116.529944,0.000000,187.520891
17434,6640.441128,0.000000,32.000000,117.031337,0.000000,179.498607
17435,6640.441128,0.000000,32.000000,117.532730,0.000000,171.476323
17436,6640.441128,0.000000,32.000000,118.034123,0.000000,163.454039
17437,6640.441128,0.000000,32.000000,118.535515,0.000000,155.431755
17438,6640.441128,0.000000,32.000000,119.036908,0.000000,147.409471
17439,6640.441128,0.000000,32.000000,119.538301,0.000000,139.387187
17440,6640.441128,0.000000,32.000000,120.039694,0.000000,131.364903
17441,6640.441128,0.000000,32.000000,120.541086,0.000000,123.342618
17442,6640.441128,0.000000,32.000000,121.042479,0.000000,115.320334
17443,6640.441128,0.000000,32.000000,121.543872,0.000000,107.298050
17444,6640.441128,0.000000,32.000000,122.045265,0.000000,99.275766
17445,6640.441128,0.000000,32.000000,122.546657,0.000000,91.253482
17446,6640.441128,0.000000,32.000000,123.048050,0.000000,83.231198
17447,6640.441128,0.000000,32.000000,123.549443,0.000000,75.208914
17448,6640.441128,0.000000,32.000000,124.050836,0.000000,67.186630
17449,6640.441128,0.000000,32.000000,124.552228,0.000000,59.164345
17450,6640.441128,0.000000,32.000000,125.053621,0.000000,51.142061
17451,6640.441128,0.000000,32.000000,125.555014,0.000000,43.119777
17452,6640.441128,0.000000,32.000000,126.056407,0.000000,35.097493
17453,6640.441128,0.000000,32.000000,126.557799,0.000000,27.075209
17454,6640.441128,0.000000,32.000000,127.059192,0.000000,19.052925
17455,6640.441128,0.000000,32.000000,127.560585,0.000000,11.030641
17456,6640.441128,0.000000,32.000000,128.061978,0.000000,3.008357
17457,6640.441128,0.000000,32.000000,128.563370,0.000000,354.986072
17458,6640.441128,0.000000,32.000000,129.064763,0.000000,346.963788
17459,6640.441128,0.000000,32.000000,129.566156,0.000000,338.941504
17460,6640.441128,0.000000,32.000000,130.067549,0.000000,330.919220
17461,6640.441128,0.000000,32.000000,130.568942,0.000000,322.896936
17462,6640.441128,0.000000,32.000000,131.070334,0.000000,314.874652
17463,6640.441128,0.000000,32.000000,131.571727,0.000000,306.852368
17464,6640.441128,0.000000,32.000000,132.073120,0.000000,298.830084
17465,6640.441128,0.000000,32.000000,132.574513,0.000000,290.807799
17466,6640.441128,0.000000,32.000000,133.075905,0.000000,282.785515
17467,6640.441128,0.000000,32.000000,133.577298,0.000000,274.763231
17468,6640.441128,0.000000,32.000000,134.078691,0.000000,266.740947
17469,6640.441128,0.000000,32.000000,134.580084,0.000000,258.718663
17470,6640.441128,0.000000,32.000000,135.081476,0.000000,250.696379
17471,6640.441128,0.000000,32.000000,135.582869,0.000000,242.674095
17472,6640.441128,0.000000,32.000000,136.084262,0.000000,234.651811
17473,6640.441128,0.000000,32.000000,136.585655,0.000000,226.629526
17474,6640.441128,0.000000,32.000000,137.087047,0.000000,218.607242
17475,6640.441128,0.000000,32.000000,137.588440,0.000000,210.584958
17476,6640.441128,0.000000,32.000000,138.089833,0.000000,202.562674
17477,6640.441128,0.000000,32.000000,138.591226,0.000000,194.540390
17478,6640.441128,0.000000,32.000000,139.092618,0.000000,186.518106
17479,6640.441128,0.000000,32.000000,139.594011,0.000000,178.495822
17480,6640.441128,0.000000,32.000000,140.095404,0.000000,170.473538
17481,6640.441128,0.000000,32.000000,140.596797,0.000000,162.451253
17482,6640.441128,0.000000,32.000000,141.098189,0.000000,154.428969
17483,6640.441128,0.000000,32.000000,141.599582,0.000000,146.406685
17484,6640.441128,0.000000,32.000000,142.100975,0.000000,138.384401
17485,6640.441128,0.000000,32.000000,142.602368,0.000000,130.362117
17486,6640.441128,0.000000,32.000000,143.103760,0.000000,122.339833
17487,6640.441128,0.000000,32.000000,143.605153,0.000000,114.317549
17488,6640.441128,0.000000,32.000000,144.106546,0.000000,106.295265
17489,6640.441128,0.000000,32.000000,144.607939,0.000000,98.272981
17490,6640.441128,0.000000,32.000000,145.109331,0.000000,90.250696
17491,6640.441128,0.000000,32.000000,145.610724,0.000000,82.228412
17492,6640.441128,0.000000,32.000000,146.112117,0.000000,74.206128
17494,6640.441128,0.000000,32.000000,147.114903,0.000000,58.161560
17495,6640.441128,0.000000,32.000000,147.616295,0.000000,50.139276
17496,6640.441128,0.000000,32.000000,148.117688,0.000000,42.116992
17497,6640.441128,0.000000,32.000000,148.619081,0.000000,34.094708
17498,6640.441128,0.000000,32.000000,149.120474,0.000000,26.072423
17499,6640.441128,0.000000,32.000000,149.621866,0.000000,18.050139
17500,6640.441128,0.000000,32.000000,150.123259,0.000000,10.027855
17501,6640.441128,0.000000,32.000000,150.624652,0.000000,2.005571
17502,6640.441128,0.000000,32.000000,151.126045,0.000000,353.983287
17503,6640.441128,0.000000,32.000000,151.627437,0.000000,345.961003
17504,6640.441128,0.000000,32.000000,152.128830,0.000000,337.938719
17505,6640.441128,0.000000,32.000000,152.630223,0.000000,329.916435
17506,6640.441128,0.000000,32.000000,153.131616,0.000000,321.894150
17507,6640.441128,0.000000,32.000000,153.633008,0.000000,313.871866
17508,6640.441128,0.000000,32.000000,154.134401,0.000000,305.849582
17509,6640.441128,0.000000,32.000000,154.635794,0.000000,297.827298
17510,6640.441128,0.000000,32.000000,155.137187,0.000000,289.805014
17511,6640.441128,0.000000,32.000000,155.638579,0.000000,281.782730
17512,6640.441128,0.000000,32.000000,156.139972,0.000000,273.760446
17513,6640.441128,0.000000,32.000000,156.641365,0.000000,265.738162
17514,6640.441128,0.000000,32.000000,157.142758,0.000000,257.715877
17515,6640.441128,0.000000,32.000000,157.644150,0.000000,249.693593
17516,6640.441128,0.000000,32.000000,158.145543,0.000000,241.671309
17517,6640.441128,0.000000,32.000000,158.646936,0.000000,233.649025
17518,6640.441128,0.000000,32.000000,159.148329,0.000000,225.626741
17519,6640.441128,0.000000,32.000000,159.649721,0.000000,217.604457
17520,6640.441128,0.000000,32.000000,160.151114,0.000000,209.582173
17521,6640.441128,0.000000,32.000000,160.652507,0.000000,201.559889
17522,6640.441128,0.000000,32.000000,161.153900,0.000000,193.537604
17523,6640.441128,0.000000,32.000000,161.655292,0.000000,185.515320
17524,6640.441128,0.000000,32.000000,162.156685,0.000000,177.493036
17525,6640.441128,0.000000,32.000000,162.658078,0.000000,169.470752
17526,6640.441128,0.000000,32.000000,163.159471,0.000000,161.448468
17527,6640.441128,0.000000,32.000000,163.660864,0.000000,153.426184
17528,6640.441128,0.000000,32.000000,164.162256,0.000000,145.403900
17529,6640.441128,0.000000,32.000000,164.663649,0.000000,137.381616
17530,6640.441128,0.000000,32.000000,165.165042,0.000000,129.359331
17531,6640.441128,0.000000,32.000000,165.666435,0.000000,121.337047
17532,6640.441128,0.000000,32.000000,166.167827,0.000000,113.314763
17533,6640.441128,0.000000,32.000000,166.669220,0.000000,105.292479
17534,6640.441128,0.000000,32.000000,167.170613,0.000000,97.270195
17535,6640.441128,0.000000,32.000000,167.672006,0.000000,89.247911
17536,6640.441128,0.000000,32.000000,168.173398,0.000000,81.225627
17537,6640.441128,0.000000,32.000000,168.674791,0.000000,73.203343
17538,6640.441128,0.000000,32.000000,169.176184,0.000000,65.181058
17539,6640.441128,0.000000,32.000000,169.677577,0.000000,57.158774
17540,6640.441128,0.000000,32.000000,170.178969,0.000000,49.136490
17542,6640.441128,0.000000,32.000000,171.181755,0.000000,33.091922
17543,6640.441128,0.000000,32.000000,171.683148,0.000000,25.069638
17544,6640.441128,0.000000,32.000000,172.184540,0.000000,17.047354
17545,6640.441128,0.000000,32.000000,172.685933,0.000000,9.025070
17546,6640.441128,0.000000,32.000000,173.187326,0.000000,1.002786
17547,6640.441128,0.000000,32.000000,173.688719,0.000000,352.980501
17548,6640.441128,0.000000,32.000000,174.190111,0.000000,344.958217
17549,6640.441128,0.000000,32.000000,174.691504,0.000000,336.935933
17550,6640.441128,0.000000,32.000000,175.192897,0.000000,328.913649
17551,6640.441128,0.000000,32.000000,175.694290,0.000000,320.891365
17552,6640.441128,0.000000,32.000000,176.195682,0.000000,312.869081
17553,6640.441128,0.000000,32.000000,176.697075,0.000000,304.846797
17554,6640.441128,0.000000,32.000000,177.198468,0.000000,296.824513
17555,6640.441128,0.000000,32.000000,177.699861,0.000000,288.802228
17556,6640.441128,0.000000,32.000000,178.201253,0.000000,280.779944
17557,6640.441128,0.000000,32.000000,178.702646,0.000000,272.757660
17558,6640.441128,0.000000,32.000000,179.204039,0.000000,264.735376
17559,6640.441128,0.000000,32.000000,179.705432,0.000000,256.713092
17560,6640.441128,0.000000,32.000000,180.206825,0.000000,248.690808
17561,6640.441128,0.000000,32.000000,180.708217,0.000000,240.668524
17562,6640.441128,0.000000,32.000000,181.209610,0.000000,232.646240
17563,6640.441128,0.000000,32.000000,181.711003,0.000000,224.623955
17564,6640.441128,0.000000,32.000000,182.212396,0.000000,216.601671
17565,6640.441128,0.000000,32.000000,182.713788,0.000000,208.579387
17566,6640.441128,0.000000,32.000000,183.215181,0.000000,200.557103
17567,6640.441128,0.000000,32.000000,183.716574,0.000000,192.534819
17568,6640.441128,0.000000,32.000000,184.217967,0.000000,184.512535
17569,6640.441128,0.000000,32.000000,184.719359,0.000000,176.490251
17570,6640.441128,0.000000,32.000000,185.220752,0.000000,168.467967
17571,6640.441128,0.000000,32.000000,185.722145,0.000000,160.445682
17572,6640.441128,0.000000,32.000000,186.223538,0.000000,152.423398
17573,6640.441128,0.000000,32.000000,186.724930,0.000000,144.401114
17574,6640.441128,0.000000,32.000000,187.226323,0.000000,136.378830
17575,6640.441128,0.000000,32.000000,187.727716,0.000000,128.356546
17576,6640.441128,0.000000,32.000000,188.229109,0.000000,120.334262
17577,6640.441128,0.000000,32.000000,188.730501,0.000000,112.311978
17578,6640.441128,0.000000,32.000000,189.231894,0.000000,104.289694
17579,6640.441128,0.000000,32.000000,189.733287,0.000000,96.267409
17580,6640.441128,0.000000,32.000000,190.234680,0.000000,88.245125
17581,6640.441128,0.000000,32.000000,190.736072,0.000000,80.222841
17582,6640.441128,0.000000,32.000000,191.237465,0.000000,72.200557
17583,6640.441128,0.000000,32.000000,191.738858,0.000000,64.178273
17584,6640.441128,0.000000,32.000000,192.240251,0.000000,56.155989
17585,6640.441128,0.000000,32.000000,192.741643,0.000000,48.133705
17586,6640.441128,0.000000,32.000000,193.243036,0.000000,40.111421
17587,6640.441128,0.000000,32.000000,193.744429,0.000000,32.089136
17589,6640.441128,0.000000,32.000000,194.747214,0.000000,16.044568
17590,6640.441128,0.000000,32.000000,195.248607,0.000000,8.022284
17591,6640.441128,0.000000,32.000000,195.750000,0.000000,360.000000
17592,6640.441128,0.000000,32.000000,196.251393,0.000000,351.977716
17593,6640.441128,0.000000,32.000000,196.752786,0.000000,343.955432
17594,6640.441128,0.000000,32.000000,197.254178,0.000000,335.933148
17595,6640.441128,0.000000,32.000000,197.755571,0.000000,327.910864
17596,6640.441128,0.000000,32.000000,198.256964,0.000000,319.888579
17597,6640.441128,0.000000,32.000000,198.758357,0.000000,311.866295
17598,6640.441128,0.000000,32.000000,199.259749,0.000000,303.844011
17599,6640.441128,0.000000,32.000000,199.761142,0.000000,295.821727
17600,6640.441128,0.000000,32.000000,200.262535,0.000000,287.799443
17601,6640.441128,0.000000,32.000000,200.763928,0.000000,279.777159
17602,6640.441128,0.000000,32.000000,201.265320,0.000000,271.754875
17603,6640.441128,0.000000,32.000000,201.766713,0.000000,263.732591
17604,6640.441128,0.000000,32.000000,202.268106,0.000000,255.710306
17605,6640.441128,0.000000,32.000000,202.769499,0.000000,247.688022
17606,6640.441128,0.000000,32.000000,203.270891,0.000000,239.665738
17607,6640.441128,0.000000,32.000000,203.772284,0.000000,231.643454
17608,6640.441128,0.000000,32.000000,204.273677,0.000000,223.621170
17609,6640.441128,0.000000,32.000000,204.775070,0.000000,215.598886
17610,6640.441128,0.000000,32.000000,205.276462,0.000000,207.576602
17611,6640.441128,0.000000,32.000000,205.777855,0.000000,199.554318
17612,6640.441128,0.000000,32.000000,206.279248,0.000000,191.532033
17613,6640.441128,0.000000,32.000000,206.780641,0.000000,183.509749
17614,6640.441128,0.000000,32.000000,207.282033,0.000000,175.487465
17615,6640.441128,0.000000,32.000000,207.783426,0.000000,167.465181
17616,6640.441128,0.000000,32.000000,208.284819,0.000000,159.442897
17617,6640.441128,0.000000,32.000000,208.786212,0.000000,151.420613
17618,6640.441128,0.000000,32.000000,209.287604,0.000000,143.398329
17619,6640.441128,0.000000,32.000000,209.788997,0.000000,135.376045
17620,6640.441128,0.000000,32.000000,210.290390,0.000000,127.353760
17621,6640.441128,0.000000,32.000000,210.791783,0.000000,119.331476
17622,6640.441128,0.000000,32.000000,211.293175,0.000000,111.309192
17623,6640.441128,0.000000,32.000000,211.794568,0.000000,103.286908
17624,6640.441128,0.000000,32.000000,212.295961,0.000000,95.264624
17625,6640.441128,0.000000,32.000000,212.797354,0.000000,87.242340
17626,6640.441128,0.000000,32.000000,213.298747,0.000000,79.220056
17627,6640.441128,0.000000,32.000000,213.800139,0.000000,71.197772
17628,6640.441128,0.000000,32.000000,214.301532,0.000000,63.175487
17629,6640.441128,0.000000,32.000000,214.802925,0.000000,55.153203
17630,6640.441128,0.000000,32.000000,215.304318,0.000000,47.130919
17631,6640.441128,0.000000,32.000000,215.805710,0.000000,39.108635
17632,6640.441128,0.000000,32.000000,216.307103,0.000000,31.086351
17633,6640.441128,0.000000,32.000000,216.808496,0.000000,23.064067
17634,6640.441128,0.000000,32.000000,217.309889,0.000000,15.041783
17635,6640.441128,0.000000,32.000000,217.811281,0.000000,7.019499
17636,6640.441128,0.000000,32.000000,218.312674,0.000000,358.997214
17637,6640.441128,0.000000,32.000000,218.814067,0.000000,350.974930
17638,6640.441128,0.000000,32.000000,219.315460,0.000000,342.952646
17639,6640.441128,0.000000,32.000000,219.816852,0.000000,334.930362
17640,6640.441128,0.000000,32.000000,220.318245,0.000000,326.908078
17641,6640.441128,0.000000,32.000000,220.819638,0.000000,318.885794
17642,6640.441128,0.000000,32.000000,221.321031,0.000000,310.863510
17643,6640.441128,0.000000,32.000000,221.822423,0.000000,302.841226
17644,6640.441128,0.000000,32.000000,222.323816,0.000000,294.818942
17645,6640.441128,0.000000,32.000000,222.825209,0.000000,286.796657
17646,6640.441128,0.000000,32.000000,223.326602,0.000000,278.774373
17647,6640.441128,0.000000,32.000000,223.827994,0.000000,270.752089
17648,6640.441128,0.000000,32.000000,224.329387,0.000000,262.729805
17649,6640.441128,0.000000,32.000000,224.830780,0.000000,254.707521
17650,6640.441128,0.000000,32.000000,225.332173,0.000000,246.685237
17651,6640.441128,0.000000,32.000000,225.833565,0.000000,238.662953
17652,6640.441128,0.000000,32.000000,226.334958,0.000000,230.640669
17653,6640.441128,0.000000,32.000000,226.836351,0.000000,222.618384
17654,6640.441128,0.000000,32.000000,227.337744,0.000000,214.596100
17655,6640.441128,0.000000,32.000000,227.839136,0.000000,206.573816
17656,6640.441128,0.000000,32.000000,228.340529,0.000000,198.551532
17657,6640.441128,0.000000,32.000000,228.841922,0.000000,190.529248
17658,6640.441128,0.000000,32.000000,229.343315,0.000000,182.506964
17659,6640.441128,0.000000,32.000000,229.844708,0.000000,174.484680
17660,6640.441128,0.000000,32.000000,230.346100,0.000000,166.462396
17661,6640.441128,0.000000,32.000000,230.847493,0.000000,158.440111
17662,6640.441128,0.000000,32.000000,231.348886,0.000000,150.417827
17663,6640.441128,0.000000,32.000000,231.850279,0.000000,142.395543
17664,6640.441128,0.000000,32.000000,232.351671,0.000000,134.373259
17665,6640.441128,0.000000,32.000000,232.853064,0.000000,126.350975
17666,6640.441128,0.000000,32.000000,233.354457,0.000000,118.328691
17667,6640.441128,0.000000,32.000000,233.855850,0.000000,110.306407
17668,6640.441128,0.000000,32.000000,234.357242,0.000000,102.284123
17669,6640.441128,0.000000,32.000000,234.858635,0.000000,94.261838
17670,6640.441128,0.000000,32.000000,235.360028,0.000000,86.239554
17671,6640.441128,0.000000,32.000000,235.861421,0.000000,78.217270
17672,6640.441128,0.000000,32.000000,236.362813,0.000000,70.194986
17673,6640.441128,0.000000,32.000000,236.864206,0.000000,62.172702
17674,6640.441128,0.000000,32.000000,237.365599,0.000000,54.150418
17675,6640.441128,0.000000,32.000000,237.866992,0.000000,46.128134
17676,6640.441128,0.000000,32.000000,238.368384,0.000000,38.105850
17677,6640.441128,0.000000,32.000000,238.869777,0.000000,30.083565
17678,6640.441128,0.000000,32.000000,239.371170,0.000000,22.061281
17679,6640.441128,0.000000,32.000000,239.872563,0.000000,14.038997
17680,6640.441128,0.000000,32.000000,240.373955,0.000000,6.016713
17681,6640.441128,0.000000,32.000000,240.875348,0.000000,357.994429
17683,6640.441128,0.000000,32.000000,241.878134,0.000000,341.949861
17684,6640.441128,0.000000,32.000000,242.379526,0.000000,333.927577
17685,6640.441128,0.000000,32.000000,242.880919,0.000000,325.905292
17686,6640.441128,0.000000,32.000000,243.382312,0.000000,317.883008
17687,6640.441128,0.000000,32.000000,243.883705,0.000000,309.860724
17688,6640.441128,0.000000,32.000000,244.385097,0.000000,301.838440
17689,6640.441128,0.000000,32.000000,244.886490,0.000000,293.816156
17690,6640.441128,0.000000,32.000000,245.387883,0.000000,285.793872
17691,6640.441128,0.000000,32.000000,245.889276,0.000000,277.771588
17692,6640.441128,0.000000,32.000000,246.390669,0.000000,269.749304
17693,6640.441128,0.000000,32.000000,246.892061,0.000000,261.727019
17694,6640.441128,0.000000,32.000000,247.393454,0.000000,253.704735
17695,6640.441128,0.000000,32.000000,247.894847,0.000000,245.682451
17696,6640.441128,0.000000,32.000000,248.396240,0.000000,237.660167
17697,6640.441128,0.000000,32.000000,248.897632,0.000000,229.637883
17698,6640.441128,0.000000,32.000000,249.399025,0.000000,221.615599
17699,6640.441128,0.000000,32.000000,249.900418,0.000000,213.593315
17700,6640.441128,0.000000,32.000000,250.401811,0.000000,205.571031
17701,6640.441128,0.000000,32.000000,250.903203,0.000000,197.548747
17702,6640.441128,0.000000,32.000000,251.404596,0.000000,189.526462
17703,6640.441128,0.000000,32.000000,251.905989,0.000000,181.504178
17704,6640.441128,0.000000,32.000000,252.407382,0.000000,173.481894
17705,6640.441128,0.000000,32.000000,252.908774,0.000000,165.459610
17706,6640.441128,0.000000,32.000000,253.410167,0.000000,157.437326
17707,6640.441128,0.000000,32.000000,253.911560,0.000000,149.415042
17708,6640.441128,0.000000,32.000000,254.412953,0.000000,141.392758
17709,6640.441128,0.000000,32.000000,254.914345,0.000000,133.370474
17710,6640.441128,0.000000,32.000000,255.415738,0.000000,125.348189
17711,6640.441128,0.000000,32.000000,255.917131,0.000000,117.325905
17712,6640.441128,0.000000,32.000000,256.418524,0.000000,109.303621
17713,6640.441128,0.000000,32.000000,256.919916,0.000000,101.281337
17714,6640.441128,0.000000,32.000000,257.421309,0.000000,93.259053
17715,6640.441128,0.000000,32.000000,257.922702,0.000000,85.236769
17716,6640.441128,0.000000,32.000000,258.424095,0.000000,77.214485
17717,6640.441128,0.000000,32.000000,258.925487,0.000000,69.192201
17718,6640.441128,0.000000,32.000000,259.426880,0.000000,61.169916
17719,6640.441128,0.000000,32.000000,259.928273,0.000000,53.147632
17720,6640.441128,0.000000,32.000000,260.429666,0.000000,45.125348
17721,6640.441128,0.000000,32.000000,260.931058,0.000000,37.103064
17722,6640.441128,0.000000,32.000000,261.432451,0.000000,29.080780
17723,6640.441128,0.000000,32.000000,261.933844,0.000000,21.058496
17724,6640.441128,0.000000,32.000000,262.435237,0.000000,13.036212
17725,6640.441128,0.000000,32.000000,262.936630,0.000000,5.013928
17726,6640.441128,0.000000,32.000000,263.438022,0.000000,356.991643
17727,6640.441128,0.000000,32.000000,263.939415,0.000000,348.969359
17728,6640.441128,0.000000,32.000000,264.440808,0.000000,340.947075
17729,6640.441128,0.000000,32.000000,264.942201,0.000000,332.924791
17730,6640.441128,0.000000,32.000000,265.443593,0.000000,324.902507
17731,6640.441128,0.000000,32.000000,265.944986,0.000000,316.880223
17732,6640.441128,0.000000,32.000000,266.446379,0.000000,308.857939
17733,6640.441128,0.000000,32.000000,266.947772,0.000000,300.835655
17734,6640.441128,0.000000,32.000000,267.449164,0.000000,292.813370
17735,6640.441128,0.000000,32.000000,267.950557,0.000000,284.791086
17736,6640.441128,0.000000,32.000000,268.451950,0.000000,276.768802
17737,6640.441128,0.000000,32.000000,268.953343,0.000000,268.746518
17738,6640.441128,0.000000,32.000000,269.454735,0.000000,260.724234
17739,6640.441128,0.000000,32.000000,269.956128,0.000000,252.701950
17740,6640.441128,0.000000,32.000000,270.457521,0.000000,244.679666
17741,6640.441128,0.000000,32.000000,270.958914,0.000000,236.657382
17742,6640.441128,0.000000,32.000000,271.460306,0.000000,228.635097
17743,6640.441128,0.000000,32.000000,271.961699,0.000000,220.612813
17744,6640.441128,0.000000,32.000000,272.463092,0.000000,212.590529
17745,6640.441128,0.000000,32.000000,272.964485,0.000000,204.568245
17746,6640.441128,0.000000,32.000000,273.465877,0.000000,196.545961
17747,6640.441128,0.000000,32.000000,273.967270,0.000000,188.523677
17748,6640.441128,0.000000,32.000000,274.468663,0.000000,180.501393
17749,6640.441128,0.000000,32.000000,274.970056,0.000000,172.479109
17750,6640.441128,0.000000,32.000000,275.471448,0.000000,164.456825
17751,6640.441128,0.000000,32.000000,275.972841,0.000000,156.434540
17752,6640.441128,0.000000,32.000000,276.474234,0.000000,148.412256
17753,6640.441128,0.000000,32.000000,276.975627,0.000000,140.389972
17754,6640.441128,0.000000,32.000000,277.477019,0.000000,132.367688
17755,6640.441128,0.000000,32.000000,277.978412,0.000000,124.345404
17756,6640.441128,0.000000,32.000000,278.479805,0.000000,116.323120
17757,6640.441128,0.000000,32.000000,278.981198,0.000000,108.300836
17758,6640.441128,0.000000,32.000000,279.482591,0.000000,100.278552
17759,6640.441128,0.000000,32.000000,279.983983,0.000000,92.256267
17760,6640.441128,0.000000,32.000000,280.485376,0.000000,84.233983
17761,6640.441128,0.000000,32.000000,280.986769,0.000000,76.211699
17762,6640.441128,0.000000,32.000000,281.488162,0.000000,68.189415
17763,6640.441128,0.000000,32.000000,281.989554,0.000000,60.167131
17764,6640.441128,0.000000,32.000000,282.490947,0.000000,52.144847
17765,6640.441128,0.000000,32.000000,282.992340,0.000000,44.122563
17766,6640.441128,0.000000,32.000000,283.493733,0.000000,36.100279
17767,6640.441128,0.000000,32.000000,283.995125,0.000000,28.077994
17768,6640.441128,0.000000,32.000000,284.496518,0.000000,20.055710
17769,6640.441128,0.000000,32.000000,284.997911,0.000000,12.033426
17770,6640.441128,0.000000,32.000000,285.499304,0.000000,4.011142
17771,6640.441128,0.000000,32.000000,286.000696,0.000000,355.988858
17772,6640.441128,0.000000,32.000000,286.502089,0.000000,347.966574
17773,6640.441128,0.000000,32.000000,287.003482,0.000000,339.944290
17774,6640.441128,0.000000,32.000000,287.504875,0.000000,331.922006
17775,6640.441128,0.000000,32.000000,288.006267,0.000000,323.899721
17776,6640.441128,0.000000,32.000000,288.507660,0.000000,315.877437
17777,6640.441128,0.000000,32.000000,289.009053,0.000000,307.855153
17778,6640.441128,0.000000,32.000000,289.510446,0.000000,299.832869
17779,6640.441128,0.000000,32.000000,290.011838,0.000000,291.810585
17780,6640.441128,0.000000,32.000000,290.513231,0.000000,283.788301
17781,6640.441128,0.000000,32.000000,291.014624,0.000000,275.766017
17782,6640.441128,0.000000,32.000000,291.516017,0.000000,267.743733
17783,6640.441128,0.000000,32.000000,292.017409,0.000000,259.721448
17784,6640.441128,0.000000,32.000000,292.518802,0.000000,251.699164
17785,6640.441128,0.000000,32.000000,293.020195,0.000000,243.676880
17786,6640.441128,0.000000,32.000000,293.521588,0.000000,235.654596
17787,6640.441128,0.000000,32.000000,294.022981,0.000000,227.632312
17788,6640.441128,0.000000,32.000000,294.524373,0.000000,219.610028
17789,6640.441128,0.000000,32.000000,295.025766,0.000000,211.587744
17790,6640.441128,0.000000,32.000000,295.527159,0.000000,203.565460
17791,6640.441128,0.000000,32.000000,296.028552,0.000000,195.543175
17792,6640.441128,0.000000,32.000000,296.529944,0.000000,187.520891
17793,6640.441128,0.000000,32.000000,297.031337,0.000000,179.498607
17794,6640.441128,0.000000,32.000000,297.532730,0.000000,171.476323
17795,6640.441128,0.000000,32.000000,298.034123,0.000000,163.454039
17796,6640.441128,0.000000,32.000000,298.535515,0.000000,155.431755
17797,6640.441128,0.000000,32.000000,299.036908,0.000000,147.409471
17798,6640.441128,0.000000,32.000000,299.538301,0.000000,139.387187
17799,6640.441128,0.000000,32.000000,300.039694,0.000000,131.364903
17800,6640.441128,0.000000,32.000000,300.541086,0.000000,123.342618
17801,6640.441128,0.000000,32.000000,301.042479,0.000000,115.320334
17802,6640.441128,0.000000,32.000000,301.543872,0.000000,107.298050
17803,6640.441128,0.000000,32.000000,302.045265,0.000000,99.275766
17804,6640.441128,0.000000,32.000000,302.546657,0.000000,91.253482
17805,6640.441128,0.000000,32.000000,303.048050,0.000000,83.231198
17806,6640.441128,0.000000,32.000000,303.549443,0.000000,75.208914
17807,6640.441128,0.000000,32.000000,304.050836,0.000000,67.186630
17808,6640.441128,0.000000,32.000000,304.552228,0.000000,59.164345
17809,6640.441128,0.000000,32.000000,305.053621,0.000000,51.142061
17810,6640.441128,0.000000,32.000000,305.555014,0.000000,43.119777
17811,6640.441128,0.000000,32.000000,306.056407,0.000000,35.097493
17812,6640.441128,0.000000,32.000000,306.557799,0.000000,27.075209
17813,6640.441128,0.000000,32.000000,307.059192,0.000000,19.052925
17814,6640.441128,0.000000,32.000000,307.560585,0.000000,11.030641
17815,6640.441128,0.000000,32.000000,308.061978,0.000000,3.008357
17816,6640.441128,0.000000,32.000000,308.563370,0.000000,354.986072
17817,6640.441128,0.000000,32.000000,309.064763,0.000000,346.963788
17818,6640.441128,0.000000,32.000000,309.566156,0.000000,338.941504
17819,6640.441128,0.000000,32.000000,310.067549,0.000000,330.919220
17820,6640.441128,0.000000,32.000000,310.568942,0.000000,322.896936
17821,6640.441128,0.000000,32.000000,311.070334,0.000000,314.874652
17822,6640.441128,0.000000,32.000000,311.571727,0.000000,306.852368
17823,6640.441128,0.000000,32.000000,312.073120,0.000000,298.830084
17824,6640.441128,0.000000,32.000000,312.574513,0.000000,290.807799
17825,6640.441128,0.000000,32.000000,313.075905,0.000000,282.785515
17826,6640.441128,0.000000,32.000000,313.577298,0.000000,274.763231
17827,6640.441128,0.000000,32.000000,314.078691,0.000000,266.740947
17828,6640.441128,0.000000,32.000000,314.580084,0.000000,258.718663
17829,6640.441128,0.000000,32.000000,315.081476,0.000000,250.696379
17830,6640.441128,0.000000,32.000000,315.582869,0.000000,242.674095
17831,6640.441128,0.000000,32.000000,316.084262,0.000000,234.651811
17832,6640.441128,0.000000,32.000000,316.585655,0.000000,226.629526
17833,6640.441128,0.000000,32.000000,317.087047,0.000000,218.607242
17834,6640.441128,0.000000,32.000000,317.588440,0.000000,210.584958
17835,6640.441128,0.000000,32.000000,318.089833,0.000000,202.562674
17836,6640.441128,0.000000,32.000000,318.591226,0.000000,194.540390
17837,6640.441128,0.000000,32.000000,319.092618,0.000000,186.518106
17838,6640.441128,0.000000,32.000000,319.594011,0.000000,178.495822
17839,6640.441128,0.000000,32.000000,320.095404,0.000000,170.473538
17840,6640.441128,0.000000,32.000000,320.596797,0.000000,162.451253
17842,6640.441128,0.000000,32.000000,321.599582,0.000000,146.406685
17843,6640.441128,0.000000,32.000000,322.100975,0.000000,138.384401
17844,6640.441128,0.000000,32.000000,322.602368,0.000000,130.362117
17845,6640.441128,0.000000,32.000000,323.103760,0.000000,122.339833
17846,6640.441128,0.000000,32.000000,323.605153,0.000000,114.317549
17847,6640.441128,0.000000,32.000000,324.106546,0.000000,106.295265
17848,6640.441128,0.000000,32.000000,324.607939,0.000000,98.272981
17849,6640.441128,0.000000,32.000000,325.109331,0.000000,90.250696
17850,6640.441128,0.000000,32.000000,325.610724,0.000000,82.228412
17851,6640.441128,0.000000,32.000000,326.112117,0.000000,74.206128
17852,6640.441128,0.000000,32.000000,326.613510,0.000000,66.183844
17853,6640.441128,0.000000,32.000000,327.114903,0.000000,58.161560
17854,6640.441128,0.000000,32.000000,327.616295,0.000000,50.139276
17855,6640.441128,0.000000,32.000000,328.117688,0.000000,42.116992
17856,6640.441128,0.000000,32.000000,328.619081,0.000000,34.094708
17857,6640.441128,0.000000,32.000000,329.120474,0.000000,26.072423
17858,6640.441128,0.000000,32.000000,329.621866,0.000000,18.050139
17859,6640.441128,0.000000,32.000000,330.123259,0.000000,10.027855
17860,6640.441128,0.000000,32.000000,330.624652,0.000000,2.005571
17861,6640.441128,0.000000,32.000000,331.126045,0.000000,353.983287
17862,6640.441128,0.000000,32.000000,331.627437,0.000000,345.961003
17863,6640.441128,0.000000,32.000000,332.128830,0.000000,337.938719
17864,6640.441128,0.000000,32.000000,332.630223,0.000000,329.916435
17865,6640.441128,0.000000,32.000000,333.131616,0.000000,321.894150
17866,6640.441128,0.000000,32.000000,333.633008,0.000000,313.871866
17867,6640.441128,0.000000,32.000000,334.134401,0.000000,305.849582
17868,6640.441128,0.000000,32.000000,334.635794,0.000000,297.827298
17869,6640.441128,0.000000,32.000000,335.137187,0.000000,289.805014
17870,6640.441128,0.000000,32.000000,335.638579,0.000000,281.782730
17871,6640.441128,0.000000,32.000000,336.139972,0.000000,273.760446
17872,6640.441128,0.000000,32.000000,336.641365,0.000000,265.738162
17873,6640.441128,0.000000,32.000000,337.142758,0.000000,257.715877
17874,6640.441128,0.000000,32.000000,337.644150,0.000000,249.693593
17875,6640.441128,0.000000,32.000000,338.145543,0.000000,241.671309
17876,6640.441128,0.000000,32.000000,338.646936,0.000000,233.649025
17877,6640.441128,0.000000,32.000000,339.148329,0.000000,225.626741
17878,6640.441128,0.000000,32.000000,339.649721,0.000000,217.604457
17879,6640.441128,0.000000,32.000000,340.151114,0.000000,209.582173
17880,6640.441128,0.000000,32.000000,340.652507,0.000000,201.559889
17881,6640.441128,0.000000,32.000000,341.153900,0.000000,193.537604
17882,6640.441128,0.000000,32.000000,341.655292,0.000000,185.515320
17883,6640.441128,0.000000,32.000000,342.156685,0.000000,177.493036
17884,6640.441128,0.000000,32.000000,342.658078,0.000000,169.470752
17885,6640.441128,0.000000,32.000000,343.159471,0.000000,161.448468
17886,6640.441128,0.000000,32.000000,343.660864,0.000000,153.426184
17887,6640.441128,0.000000,32.000000,344.162256,0.000000,145.403900
17888,6640.441128,0.000000,32.000000,344.663649,0.000000,137.381616
17889,6640.441128,0.000000,32.000000,345.165042,0.000000,129.359331
17890,6640.441128,0.000000,32.000000,345.666435,0.000000,121.337047
17891,6640.441128,0.000000,32.000000,346.167827,0.000000,113.314763
17892,6640.441128,0.000000,32.000000,346.669220,0.000000,105.292479
17893,6640.441128,0.000000,32.000000,347.170613,0.000000,97.270195
17894,6640.441128,0.000000,32.000000,347.672006,0.000000,89.247911
17895,6640.441128,0.000000,32.000000,348.173398,0.000000,81.225627
17896,6640.441128,0.000000,32.000000,348.674791,0.000000,73.203343
17897,6640.441128,0.000000,32.000000,349.176184,0.000000,65.181058
17898,6640.441128,0.000000,32.000000,349.677577,0.000000,57.158774
17899,6640.441128,0.000000,32.000000,350.178969,0.000000,49.136490
17900,6640.441128,0.000000,32.000000,350.680362,0.000000,41.114206
17901,6640.441128,0.000000,32.000000,351.181755,0.000000,33.091922
17902,6640.441128,0.000000,32.000000,351.683148,0.000000,25.069638
17903,6640.441128,0.000000,32.000000,352.184540,0.000000,17.047354
17904,6640.441128,0.000000,32.000000,352.685933,0.000000,9.025070
17905,6640.441128,0.000000,32.000000,353.187326,0.000000,1.002786
17906,6640.441128,0.000000,32.000000,353.688719,0.000000,352.980501
17907,6640.441128,0.000000,32.000000,354.190111,0.000000,344.958217
17908,6640.441128,0.000000,32.000000,354.691504,0.000000,336.935933
17909,6640.441128,0.000000,32.000000,355.192897,0.000000,328.913649
17910,6640.441128,0.000000,32.000000,355.694290,0.000000,320.891365
17911,6640.441128,0.000000,32.000000,356.195682,0.000000,312.869081
17912,6640.441128,0.000000,32.000000,356.697075,0.000000,304.846797
17913,6640.441128,0.000000,32.000000,357.198468,0.000000,296.824513
17914,6640.441128,0.000000,32.000000,357.699861,0.000000,288.802228
17915,6640.441128,0.000000,32.000000,358.201253,0.000000,280.779944
17916,6640.441128,0.000000,32.000000,358.702646,0.000000,272.757660
17917,6640.441128,0.000000,32.000000,359.204039,0.000000,264.735376
17918,6640.441128,0.000000,32.000000,359.705432,0.000000,256.713092
17919,6640.441128,0.000000,32.000000,0.206825,0.000000,248.690808
17920,6640.441128,0.000000,32.000000,0.708217,0.000000,240.668524
17921,6640.441128,0.000000,32.000000,1.209610,0.000000,232.646240
17922,6640.441128,0.000000,32.000000,1.711003,0.000000,224.623955
17923,6640.441128,0.000000,32.000000,2.212396,0.000000,216.601671
17924,6640.441128,0.000000,32.000000,2.713788,0.000000,208.579387
17925,6640.441128,0.000000,32.000000,3.215181,0.000000,200.557103
17926,6640.441128,0.000000,32.000000,3.716574,0.000000,192.534819
17927,6640.441128,0.000000,32.000000,4.217967,0.000000,184.512535
17928,6640.441128,0.000000,32.000000,4.719359,0.000000,176.490251
17929,6640.441128,0.000000,32.000000,5.220752,0.000000,168.467967
17930,6640.441128,0.000000,32.000000,5.722145,0.000000,160.445682
17931,6640.441128,0.000000,32.000000,6.223538,0.000000,152.423398
17932,6640.441128,0.000000,32.000000,6.724930,0.000000,144.401114
17933,6640.441128,0.000000,32.000000,7.226323,0.000000,136.378830
17934,6640.441128,0.000000,32.000000,7.727716,0.000000,128.356546
17935,6640.441128,0.000000,32.000000,8.229109,0.000000,120.334262
17936,6640.441128,0.000000,32.000000,8.730501,0.000000,112.311978
17937,6640.441128,0.000000,32.000000,9.231894,0.000000,104.289694
17938,6640.441128,0.000000,32.000000,9.733287,0.000000,96.267409
17939,6640.441128,0.000000,32.000000,10.234680,0.000000,88.245125
17940,6640.441128,0.000000,32.000000,10.736072,0.000000,80.222841
17941,6640.441128,0.000000,32.000000,11.237465,0.000000,72.200557
17942,6640.441128,0.000000,32.000000,11.738858,0.000000,64.178273
17943,6640.441128,0.000000,32.000000,12.240251,0.000000,56.155989
17944,6640.441128,0.000000,32.000000,12.741643,0.000000,48.133705
17945,6640.441128,0.000000,32.000000,13.243036,0.000000,40.111421
17946,6640.441128,0.000000,32.000000,13.744429,0.000000,32.089136
17947,6640.441128,0.000000,32.000000,14.245822,0.000000,24.066852
17948,6640.441128,0.000000,32.000000,14.747214,0.000000,16.044568
17949,6640.441128,0.000000,32.000000,15.248607,0.000000,8.022284
