slot_index,a_km,e,i_deg,raan_deg,argp_deg,arg_lat_deg
1,6782.489349,0.000000,45.000000,10.953006,0.000000,352.228412
2,6782.489349,0.000000,45.000000,11.454398,0.000000,344.456825
3,6782.489349,0.000000,45.000000,11.955791,0.000000,336.685237
4,6782.489349,0.000000,45.000000,12.457184,0.000000,328.913649
7,6782.489349,0.000000,45.000000,13.961362,0.000000,305.598886
8,6782.489349,0.000000,45.000000,14.462755,0.000000,297.827298
9,6782.489349,0.000000,45.000000,14.964148,0.000000,290.055710
10,6782.489349,0.000000,45.000000,15.465540,0.000000,282.284123
12,6782.489349,0.000000,45.000000,16.468326,0.000000,266.740947
13,6782.489349,0.000000,45.000000,16.969719,0.000000,258.969359
14,6782.489349,0.000000,45.000000,17.471112,0.000000,251.197772
15,6782.489349,0.000000,45.000000,17.972504,0.000000,243.426184
16,6782.489349,0.000000,45.000000,18.473897,0.000000,235.654596
17,6782.489349,0.000000,45.000000,18.975290,0.000000,227.883008
18,6782.489349,0.000000,45.000000,19.476683,0.000000,220.111421
19,6782.489349,0.000000,45.000000,19.978075,0.000000,212.339833
20,6782.489349,0.000000,45.000000,20.479468,0.000000,204.568245
21,6782.489349,0.000000,45.000000,20.980861,0.000000,196.796657
22,6782.489349,0.000000,45.000000,21.482254,0.000000,189.025070
23,6782.489349,0.000000,45.000000,21.983646,0.000000,181.253482
25,6782.489349,0.000000,45.000000,22.986432,0.000000,165.710306
26,6782.489349,0.000000,45.000000,23.487825,0.000000,157.938719
27,6782.489349,0.000000,45.000000,23.989217,0.000000,150.167131
31,6782.489349,0.000000,45.000000,25.994788,0.000000,119.080780
32,6782.489349,0.000000,45.000000,26.496181,0.000000,111.309192
33,6782.489349,0.000000,45.000000,26.997574,0.000000,103.537604
34,6782.489349,0.000000,45.000000,27.498967,0.000000,95.766017
36,6782.489349,0.000000,45.000000,28.501752,0.000000,80.222841
37,6782.489349,0.000000,45.000000,29.003145,0.000000,72.451253
39,6782.489349,0.000000,45.000000,30.005930,0.000000,56.908078
41,6782.489349,0.000000,45.000000,31.008716,0.000000,41.364903
43,6782.489349,0.000000,45.000000,32.011501,0.000000,25.821727
44,6782.489349,0.000000,45.000000,32.512894,0.000000,18.050139
45,6782.489349,0.000000,45.000000,33.014287,0.000000,10.278552
46,6782.489349,0.000000,45.000000,33.515680,0.000000,2.506964
48,6782.489349,0.000000,45.000000,34.518465,0.000000,346.963788
49,6782.489349,0.000000,45.000000,35.019858,0.000000,339.192201
50,6782.489349,0.000000,45.000000,35.521251,0.000000,331.420613
51,6782.489349,0.000000,45.000000,36.022644,0.000000,323.649025
52,6782.489349,0.000000,45.000000,36.524036,0.000000,315.877437
53,6782.489349,0.000000,45.000000,37.025429,0.000000,308.105850
54,6782.489349,0.000000,45.000000,37.526822,0.000000,300.334262
55,6782.489349,0.000000,45.000000,38.028215,0.000000,292.562674
56,6782.489349,0.000000,45.000000,38.529607,0.000000,284.791086
58,6782.489349,0.000000,45.000000,39.532393,0.000000,269.247911
60,6782.489349,0.000000,45.000000,40.535178,0.000000,253.704735
61,6782.489349,0.000000,45.000000,41.036571,0.000000,245.933148
62,6782.489349,0.000000,45.000000,41.537964,0.000000,238.161560
63,6782.489349,0.000000,45.000000,42.039357,0.000000,230.389972
64,6782.489349,0.000000,45.000000,42.540749,0.000000,222.618384
65,6782.489349,0.000000,45.000000,43.042142,0.000000,214.846797
67,6782.489349,0.000000,45.000000,44.044928,0.000000,199.303621
68,6782.489349,0.000000,45.000000,44.546320,0.000000,191.532033
69,6782.489349,0.000000,45.000000,45.047713,0.000000,183.760446
70,6782.489349,0.000000,45.000000,45.549106,0.000000,175.988858
71,6782.489349,0.000000,45.000000,46.050499,0.000000,168.217270
74,6782.489349,0.000000,45.000000,47.554677,0.000000,144.902507
75,6782.489349,0.000000,45.000000,48.056070,0.000000,137.130919
76,6782.489349,0.000000,45.000000,48.557462,0.000000,129.359331
77,6782.489349,0.000000,45.000000,49.058855,0.000000,121.587744
78,6782.489349,0.000000,45.000000,49.560248,0.000000,113.816156
79,6782.489349,0.000000,45.000000,50.061641,0.000000,106.044568
80,6782.489349,0.000000,45.000000,50.563034,0.000000,98.272981
83,6782.489349,0.000000,45.000000,52.067212,0.000000,74.958217
84,6782.489349,0.000000,45.000000,52.568605,0.000000,67.186630
87,6782.489349,0.000000,45.000000,54.072783,0.000000,43.871866
88,6782.489349,0.000000,45.000000,54.574176,0.000000,36.100279
89,6782.489349,0.000000,45.000000,55.075568,0.000000,28.328691
92,6782.489349,0.000000,45.000000,56.579747,0.000000,5.013928
94,6782.489349,0.000000,45.000000,57.582532,0.000000,349.470752
95,6782.489349,0.000000,45.000000,58.083925,0.000000,341.699164
96,6782.489349,0.000000,45.000000,58.585318,0.000000,333.927577
97,6782.489349,0.000000,45.000000,59.086710,0.000000,326.155989
98,6782.489349,0.000000,45.000000,59.588103,0.000000,318.384401
99,6782.489349,0.000000,45.000000,60.089496,0.000000,310.612813
100,6782.489349,0.000000,45.000000,60.590889,0.000000,302.841226
101,6782.489349,0.000000,45.000000,61.092281,0.000000,295.069638
102,6782.489349,0.000000,45.000000,61.593674,0.000000,287.298050
103,6782.489349,0.000000,45.000000,62.095067,0.000000,279.526462
104,6782.489349,0.000000,45.000000,62.596460,0.000000,271.754875
105,6782.489349,0.000000,45.000000,63.097852,0.000000,263.983287
107,6782.489349,0.000000,45.000000,64.100638,0.000000,248.440111
112,6782.489349,0.000000,45.000000,66.607602,0.000000,209.582173
113,6782.489349,0.000000,45.000000,67.108995,0.000000,201.810585
115,6782.489349,0.000000,45.000000,68.111780,0.000000,186.267409
116,6782.489349,0.000000,45.000000,68.613173,0.000000,178.495822
117,6782.489349,0.000000,45.000000,69.114566,0.000000,170.724234
118,6782.489349,0.000000,45.000000,69.615958,0.000000,162.952646
119,6782.489349,0.000000,45.000000,70.117351,0.000000,155.181058
122,6782.489349,0.000000,45.000000,71.621529,0.000000,131.866295
123,6782.489349,0.000000,45.000000,72.122922,0.000000,124.094708
124,6782.489349,0.000000,45.000000,72.624315,0.000000,116.323120
125,6782.489349,0.000000,45.000000,73.125708,0.000000,108.551532
128,6782.489349,0.000000,45.000000,74.629886,0.000000,85.236769
130,6782.489349,0.000000,45.000000,75.632671,0.000000,69.693593
132,6782.489349,0.000000,45.000000,76.635457,0.000000,54.150418
133,6782.489349,0.000000,45.000000,77.136850,0.000000,46.378830
135,6782.489349,0.000000,45.000000,78.139635,0.000000,30.835655
137,6782.489349,0.000000,45.000000,79.142421,0.000000,15.292479
138,6782.489349,0.000000,45.000000,79.643813,0.000000,7.520891
140,6782.489349,0.000000,45.000000,80.646599,0.000000,351.977716
141,6782.489349,0.000000,45.000000,81.147992,0.000000,344.206128
142,6782.489349,0.000000,45.000000,81.649384,0.000000,336.434540
143,6782.489349,0.000000,45.000000,82.150777,0.000000,328.662953
144,6782.489349,0.000000,45.000000,82.652170,0.000000,320.891365
145,6782.489349,0.000000,45.000000,83.153563,0.000000,313.119777
146,6782.489349,0.000000,45.000000,83.654956,0.000000,305.348189
148,6782.489349,0.000000,45.000000,84.657741,0.000000,289.805014
149,6782.489349,0.000000,45.000000,85.159134,0.000000,282.033426
150,6782.489349,0.000000,45.000000,85.660527,0.000000,274.261838
151,6782.489349,0.000000,45.000000,86.161919,0.000000,266.490251
152,6782.489349,0.000000,45.000000,86.663312,0.000000,258.718663
153,6782.489349,0.000000,45.000000,87.164705,0.000000,250.947075
154,6782.489349,0.000000,45.000000,87.666098,0.000000,243.175487
155,6782.489349,0.000000,45.000000,88.167490,0.000000,235.403900
156,6782.489349,0.000000,45.000000,88.668883,0.000000,227.632312
157,6782.489349,0.000000,45.000000,89.170276,0.000000,219.860724
158,6782.489349,0.000000,45.000000,89.671669,0.000000,212.089136
159,6782.489349,0.000000,45.000000,90.173061,0.000000,204.317549
161,6782.489349,0.000000,45.000000,91.175847,0.000000,188.774373
164,6782.489349,0.000000,45.000000,92.680025,0.000000,165.459610
165,6782.489349,0.000000,45.000000,93.181418,0.000000,157.688022
167,6782.489349,0.000000,45.000000,94.184203,0.000000,142.144847
169,6782.489349,0.000000,45.000000,95.186989,0.000000,126.601671
170,6782.489349,0.000000,45.000000,95.688382,0.000000,118.830084
171,6782.489349,0.000000,45.000000,96.189774,0.000000,111.058496
172,6782.489349,0.000000,45.000000,96.691167,0.000000,103.286908
173,6782.489349,0.000000,45.000000,97.192560,0.000000,95.515320
176,6782.489349,0.000000,45.000000,98.696738,0.000000,72.200557
177,6782.489349,0.000000,45.000000,99.198131,0.000000,64.428969
180,6782.489349,0.000000,45.000000,100.702309,0.000000,41.114206
181,6782.489349,0.000000,45.000000,101.203702,0.000000,33.342618
182,6782.489349,0.000000,45.000000,101.705095,0.000000,25.571031
183,6782.489349,0.000000,45.000000,102.206488,0.000000,17.799443
185,6782.489349,0.000000,45.000000,103.209273,0.000000,2.256267
188,6782.489349,0.000000,45.000000,104.713451,0.000000,338.941504
189,6782.489349,0.000000,45.000000,105.214844,0.000000,331.169916
190,6782.489349,0.000000,45.000000,105.716237,0.000000,323.398329
193,6782.489349,0.000000,45.000000,107.220415,0.000000,300.083565
194,6782.489349,0.000000,45.000000,107.721808,0.000000,292.311978
196,6782.489349,0.000000,45.000000,108.724593,0.000000,276.768802
197,6782.489349,0.000000,45.000000,109.225986,0.000000,268.997214
201,6782.489349,0.000000,45.000000,111.231557,0.000000,237.910864
203,6782.489349,0.000000,45.000000,112.234343,0.000000,222.367688
204,6782.489349,0.000000,45.000000,112.735735,0.000000,214.596100
205,6782.489349,0.000000,45.000000,113.237128,0.000000,206.824513
207,6782.489349,0.000000,45.000000,114.239914,0.000000,191.281337
208,6782.489349,0.000000,45.000000,114.741306,0.000000,183.509749
210,6782.489349,0.000000,45.000000,115.744092,0.000000,167.966574
212,6782.489349,0.000000,45.000000,116.746878,0.000000,152.423398
213,6782.489349,0.000000,45.000000,117.248270,0.000000,144.651811
214,6782.489349,0.000000,45.000000,117.749663,0.000000,136.880223
215,6782.489349,0.000000,45.000000,118.251056,0.000000,129.108635
218,6782.489349,0.000000,45.000000,119.755234,0.000000,105.793872
219,6782.489349,0.000000,45.000000,120.256627,0.000000,98.022284
220,6782.489349,0.000000,45.000000,120.758020,0.000000,90.250696
221,6782.489349,0.000000,45.000000,121.259412,0.000000,82.479109
222,6782.489349,0.000000,45.000000,121.760805,0.000000,74.707521
223,6782.489349,0.000000,45.000000,122.262198,0.000000,66.935933
229,6782.489349,0.000000,45.000000,125.270554,0.000000,20.306407
231,6782.489349,0.000000,45.000000,126.273340,0.000000,4.763231
233,6782.489349,0.000000,45.000000,127.276125,0.000000,349.220056
237,6782.489349,0.000000,45.000000,129.281696,0.000000,318.133705
243,6782.489349,0.000000,45.000000,132.290053,0.000000,271.504178
245,6782.489349,0.000000,45.000000,133.292839,0.000000,255.961003
246,6782.489349,0.000000,45.000000,133.794231,0.000000,248.189415
248,6782.489349,0.000000,45.000000,134.797017,0.000000,232.646240
250,6782.489349,0.000000,45.000000,135.799802,0.000000,217.103064
253,6782.489349,0.000000,45.000000,137.303981,0.000000,193.788301
255,6782.489349,0.000000,45.000000,138.306766,0.000000,178.245125
256,6782.489349,0.000000,45.000000,138.808159,0.000000,170.473538
257,6782.489349,0.000000,45.000000,139.309552,0.000000,162.701950
258,6782.489349,0.000000,45.000000,139.810944,0.000000,154.930362
259,6782.489349,0.000000,45.000000,140.312337,0.000000,147.158774
261,6782.489349,0.000000,45.000000,141.315123,0.000000,131.615599
266,6782.489349,0.000000,45.000000,143.822086,0.000000,92.757660
268,6782.489349,0.000000,45.000000,144.824872,0.000000,77.214485
269,6782.489349,0.000000,45.000000,145.326265,0.000000,69.442897
271,6782.489349,0.000000,45.000000,146.329050,0.000000,53.899721
272,6782.489349,0.000000,45.000000,146.830443,0.000000,46.128134
273,6782.489349,0.000000,45.000000,147.331836,0.000000,38.356546
274,6782.489349,0.000000,45.000000,147.833229,0.000000,30.584958
286,6782.489349,0.000000,45.000000,153.849942,0.000000,297.325905
289,6782.489349,0.000000,45.000000,155.354120,0.000000,274.011142
292,6782.489349,0.000000,45.000000,156.858298,0.000000,250.696379
293,6782.489349,0.000000,45.000000,157.359691,0.000000,242.924791
294,6782.489349,0.000000,45.000000,157.861084,0.000000,235.153203
295,6782.489349,0.000000,45.000000,158.362476,0.000000,227.381616
297,6782.489349,0.000000,45.000000,159.365262,0.000000,211.838440
302,6782.489349,0.000000,45.000000,161.872226,0.000000,172.980501
303,6782.489349,0.000000,45.000000,162.373618,0.000000,165.208914
304,6782.489349,0.000000,45.000000,162.875011,0.000000,157.437326
306,6782.489349,0.000000,45.000000,163.877797,0.000000,141.894150
308,6782.489349,0.000000,45.000000,164.880582,0.000000,126.350975
309,6782.489349,0.000000,45.000000,165.381975,0.000000,118.579387
310,6782.489349,0.000000,45.000000,165.883368,0.000000,110.807799
311,6782.489349,0.000000,45.000000,166.384761,0.000000,103.036212
313,6782.489349,0.000000,45.000000,167.387546,0.000000,87.493036
316,6782.489349,0.000000,45.000000,168.891724,0.000000,64.178273
318,6782.489349,0.000000,45.000000,169.894510,0.000000,48.635097
319,6782.489349,0.000000,45.000000,170.395903,0.000000,40.863510
320,6782.489349,0.000000,45.000000,170.897295,0.000000,33.091922
321,6782.489349,0.000000,45.000000,171.398688,0.000000,25.320334
322,6782.489349,0.000000,45.000000,171.900081,0.000000,17.548747
323,6782.489349,0.000000,45.000000,172.401474,0.000000,9.777159
325,6782.489349,0.000000,45.000000,173.404259,0.000000,354.233983
326,6782.489349,0.000000,45.000000,173.905652,0.000000,346.462396
327,6782.489349,0.000000,45.000000,174.407045,0.000000,338.690808
328,6782.489349,0.000000,45.000000,174.908437,0.000000,330.919220
330,6782.489349,0.000000,45.000000,175.911223,0.000000,315.376045
331,6782.489349,0.000000,45.000000,176.412616,0.000000,307.604457
333,6782.489349,0.000000,45.000000,177.415401,0.000000,292.061281
334,6782.489349,0.000000,45.000000,177.916794,0.000000,284.289694
336,6782.489349,0.000000,45.000000,178.919579,0.000000,268.746518
337,6782.489349,0.000000,45.000000,179.420972,0.000000,260.974930
338,6782.489349,0.000000,45.000000,179.922365,0.000000,253.203343
340,6782.489349,0.000000,45.000000,180.925151,0.000000,237.660167
341,6782.489349,0.000000,45.000000,181.426543,0.000000,229.888579
342,6782.489349,0.000000,45.000000,181.927936,0.000000,222.116992
343,6782.489349,0.000000,45.000000,182.429329,0.000000,214.345404
344,6782.489349,0.000000,45.000000,182.930722,0.000000,206.573816
346,6782.489349,0.000000,45.000000,183.933507,0.000000,191.030641
347,6782.489349,0.000000,45.000000,184.434900,0.000000,183.259053
349,6782.489349,0.000000,45.000000,185.437685,0.000000,167.715877
353,6782.489349,0.000000,45.000000,187.443256,0.000000,136.629526
355,6782.489349,0.000000,45.000000,188.446042,0.000000,121.086351
356,6782.489349,0.000000,45.000000,188.947435,0.000000,113.314763
357,6782.489349,0.000000,45.000000,189.448827,0.000000,105.543175
358,6782.489349,0.000000,45.000000,189.950220,0.000000,97.771588
359,6782.489349,0.000000,45.000000,190.451613,0.000000,90.000000
361,6782.489349,0.000000,45.000000,191.454398,0.000000,74.456825
362,6782.489349,0.000000,45.000000,191.955791,0.000000,66.685237
365,6782.489349,0.000000,45.000000,193.459969,0.000000,43.370474
366,6782.489349,0.000000,45.000000,193.961362,0.000000,35.598886
368,6782.489349,0.000000,45.000000,194.964148,0.000000,20.055710
369,6782.489349,0.000000,45.000000,195.465540,0.000000,12.284123
370,6782.489349,0.000000,45.000000,195.966933,0.000000,4.512535
372,6782.489349,0.000000,45.000000,196.969719,0.000000,348.969359
373,6782.489349,0.000000,45.000000,197.471112,0.000000,341.197772
375,6782.489349,0.000000,45.000000,198.473897,0.000000,325.654596
376,6782.489349,0.000000,45.000000,198.975290,0.000000,317.883008
378,6782.489349,0.000000,45.000000,199.978075,0.000000,302.339833
379,6782.489349,0.000000,45.000000,200.479468,0.000000,294.568245
380,6782.489349,0.000000,45.000000,200.980861,0.000000,286.796657
381,6782.489349,0.000000,45.000000,201.482254,0.000000,279.025070
382,6782.489349,0.000000,45.000000,201.983646,0.000000,271.253482
383,6782.489349,0.000000,45.000000,202.485039,0.000000,263.481894
390,6782.489349,0.000000,45.000000,205.994788,0.000000,209.080780
391,6782.489349,0.000000,45.000000,206.496181,0.000000,201.309192
392,6782.489349,0.000000,45.000000,206.997574,0.000000,193.537604
393,6782.489349,0.000000,45.000000,207.498967,0.000000,185.766017
396,6782.489349,0.000000,45.000000,209.003145,0.000000,162.451253
399,6782.489349,0.000000,45.000000,210.507323,0.000000,139.136490
403,6782.489349,0.000000,45.000000,212.512894,0.000000,108.050139
405,6782.489349,0.000000,45.000000,213.515680,0.000000,92.506964
406,6782.489349,0.000000,45.000000,214.017073,0.000000,84.735376
407,6782.489349,0.000000,45.000000,214.518465,0.000000,76.963788
408,6782.489349,0.000000,45.000000,215.019858,0.000000,69.192201
414,6782.489349,0.000000,45.000000,218.028215,0.000000,22.562674
415,6782.489349,0.000000,45.000000,218.529607,0.000000,14.791086
417,6782.489349,0.000000,45.000000,219.532393,0.000000,359.247911
423,6782.489349,0.000000,45.000000,222.540749,0.000000,312.618384
424,6782.489349,0.000000,45.000000,223.042142,0.000000,304.846797
425,6782.489349,0.000000,45.000000,223.543535,0.000000,297.075209
428,6782.489349,0.000000,45.000000,225.047713,0.000000,273.760446
430,6782.489349,0.000000,45.000000,226.050499,0.000000,258.217270
434,6782.489349,0.000000,45.000000,228.056070,0.000000,227.130919
436,6782.489349,0.000000,45.000000,229.058855,0.000000,211.587744
437,6782.489349,0.000000,45.000000,229.560248,0.000000,203.816156
446,6782.489349,0.000000,45.000000,234.072783,0.000000,133.871866
452,6782.489349,0.000000,45.000000,237.081139,0.000000,87.242340
455,6782.489349,0.000000,45.000000,238.585318,0.000000,63.927577
456,6782.489349,0.000000,45.000000,239.086710,0.000000,56.155989
457,6782.489349,0.000000,45.000000,239.588103,0.000000,48.384401
458,6782.489349,0.000000,45.000000,240.089496,0.000000,40.612813
460,6782.489349,0.000000,45.000000,241.092281,0.000000,25.069638
461,6782.489349,0.000000,45.000000,241.593674,0.000000,17.298050
462,6782.489349,0.000000,45.000000,242.095067,0.000000,9.526462
463,6782.489349,0.000000,45.000000,242.596460,0.000000,1.754875
465,6782.489349,0.000000,45.000000,243.599245,0.000000,346.211699
466,6782.489349,0.000000,45.000000,244.100638,0.000000,338.440111
467,6782.489349,0.000000,45.000000,244.602031,0.000000,330.668524
469,6782.489349,0.000000,45.000000,245.604816,0.000000,315.125348
471,6782.489349,0.000000,45.000000,246.607602,0.000000,299.582173
472,6782.489349,0.000000,45.000000,247.108995,0.000000,291.810585
473,6782.489349,0.000000,45.000000,247.610387,0.000000,284.038997
477,6782.489349,0.000000,45.000000,249.615958,0.000000,252.952646
479,6782.489349,0.000000,45.000000,250.618744,0.000000,237.409471
480,6782.489349,0.000000,45.000000,251.120137,0.000000,229.637883
482,6782.489349,0.000000,45.000000,252.122922,0.000000,214.094708
484,6782.489349,0.000000,45.000000,253.125708,0.000000,198.551532
485,6782.489349,0.000000,45.000000,253.627100,0.000000,190.779944
486,6782.489349,0.000000,45.000000,254.128493,0.000000,183.008357
487,6782.489349,0.000000,45.000000,254.629886,0.000000,175.236769
489,6782.489349,0.000000,45.000000,255.632671,0.000000,159.693593
492,6782.489349,0.000000,45.000000,257.136850,0.000000,136.378830
499,6782.489349,0.000000,45.000000,260.646599,0.000000,81.977716
503,6782.489349,0.000000,45.000000,262.652170,0.000000,50.891365
504,6782.489349,0.000000,45.000000,263.153563,0.000000,43.119777
505,6782.489349,0.000000,45.000000,263.654956,0.000000,35.348189
507,6782.489349,0.000000,45.000000,264.657741,0.000000,19.805014
508,6782.489349,0.000000,45.000000,265.159134,0.000000,12.033426
510,6782.489349,0.000000,45.000000,266.161919,0.000000,356.490251
511,6782.489349,0.000000,45.000000,266.663312,0.000000,348.718663
514,6782.489349,0.000000,45.000000,268.167490,0.000000,325.403900
515,6782.489349,0.000000,45.000000,268.668883,0.000000,317.632312
516,6782.489349,0.000000,45.000000,269.170276,0.000000,309.860724
522,6782.489349,0.000000,45.000000,272.178632,0.000000,263.231198
524,6782.489349,0.000000,45.000000,273.181418,0.000000,247.688022
526,6782.489349,0.000000,45.000000,274.184203,0.000000,232.144847
527,6782.489349,0.000000,45.000000,274.685596,0.000000,224.373259
528,6782.489349,0.000000,45.000000,275.186989,0.000000,216.601671
529,6782.489349,0.000000,45.000000,275.688382,0.000000,208.830084
530,6782.489349,0.000000,45.000000,276.189774,0.000000,201.058496
531,6782.489349,0.000000,45.000000,276.691167,0.000000,193.286908
532,6782.489349,0.000000,45.000000,277.192560,0.000000,185.515320
533,6782.489349,0.000000,45.000000,277.693953,0.000000,177.743733
534,6782.489349,0.000000,45.000000,278.195345,0.000000,169.972145
538,6782.489349,0.000000,45.000000,280.200917,0.000000,138.885794
539,6782.489349,0.000000,45.000000,280.702309,0.000000,131.114206
541,6782.489349,0.000000,45.000000,281.705095,0.000000,115.571031
549,6782.489349,0.000000,45.000000,285.716237,0.000000,53.398329
551,6782.489349,0.000000,45.000000,286.719022,0.000000,37.855153
552,6782.489349,0.000000,45.000000,287.220415,0.000000,30.083565
553,6782.489349,0.000000,45.000000,287.721808,0.000000,22.311978
555,6782.489349,0.000000,45.000000,288.724593,0.000000,6.768802
556,6782.489349,0.000000,45.000000,289.225986,0.000000,358.997214
558,6782.489349,0.000000,45.000000,290.228772,0.000000,343.454039
559,6782.489349,0.000000,45.000000,290.730164,0.000000,335.682451
561,6782.489349,0.000000,45.000000,291.732950,0.000000,320.139276
567,6782.489349,0.000000,45.000000,294.741306,0.000000,273.509749
568,6782.489349,0.000000,45.000000,295.242699,0.000000,265.738162
569,6782.489349,0.000000,45.000000,295.744092,0.000000,257.966574
570,6782.489349,0.000000,45.000000,296.245485,0.000000,250.194986
572,6782.489349,0.000000,45.000000,297.248270,0.000000,234.651811
573,6782.489349,0.000000,45.000000,297.749663,0.000000,226.880223
574,6782.489349,0.000000,45.000000,298.251056,0.000000,219.108635
577,6782.489349,0.000000,45.000000,299.755234,0.000000,195.793872
578,6782.489349,0.000000,45.000000,300.256627,0.000000,188.022284
579,6782.489349,0.000000,45.000000,300.758020,0.000000,180.250696
582,6782.489349,0.000000,45.000000,302.262198,0.000000,156.935933
584,6782.489349,0.000000,45.000000,303.264983,0.000000,141.392758
586,6782.489349,0.000000,45.000000,304.267769,0.000000,125.849582
587,6782.489349,0.000000,45.000000,304.769162,0.000000,118.077994
589,6782.489349,0.000000,45.000000,305.771947,0.000000,102.534819
590,6782.489349,0.000000,45.000000,306.273340,0.000000,94.763231
593,6782.489349,0.000000,45.000000,307.777518,0.000000,71.448468
594,6782.489349,0.000000,45.000000,308.278911,0.000000,63.676880
597,6782.489349,0.000000,45.000000,309.783089,0.000000,40.362117
598,6782.489349,0.000000,45.000000,310.284482,0.000000,32.590529
600,6782.489349,0.000000,45.000000,311.287267,0.000000,17.047354
601,6782.489349,0.000000,45.000000,311.788660,0.000000,9.275766
602,6782.489349,0.000000,45.000000,312.290053,0.000000,1.504178
603,6782.489349,0.000000,45.000000,312.791446,0.000000,353.732591
605,6782.489349,0.000000,45.000000,313.794231,0.000000,338.189415
607,6782.489349,0.000000,45.000000,314.797017,0.000000,322.646240
608,6782.489349,0.000000,45.000000,315.298410,0.000000,314.874652
610,6782.489349,0.000000,45.000000,316.301195,0.000000,299.331476
611,6782.489349,0.000000,45.000000,316.802588,0.000000,291.559889
613,6782.489349,0.000000,45.000000,317.805373,0.000000,276.016713
614,6782.489349,0.000000,45.000000,318.306766,0.000000,268.245125
615,6782.489349,0.000000,45.000000,318.808159,0.000000,260.473538
617,6782.489349,0.000000,45.000000,319.810944,0.000000,244.930362
618,6782.489349,0.000000,45.000000,320.312337,0.000000,237.158774
620,6782.489349,0.000000,45.000000,321.315123,0.000000,221.615599
621,6782.489349,0.000000,45.000000,321.816515,0.000000,213.844011
622,6782.489349,0.000000,45.000000,322.317908,0.000000,206.072423
626,6782.489349,0.000000,45.000000,324.323479,0.000000,174.986072
628,6782.489349,0.000000,45.000000,325.326265,0.000000,159.442897
629,6782.489349,0.000000,45.000000,325.827657,0.000000,151.671309
630,6782.489349,0.000000,45.000000,326.329050,0.000000,143.899721
632,6782.489349,0.000000,45.000000,327.331836,0.000000,128.356546
634,6782.489349,0.000000,45.000000,328.334621,0.000000,112.813370
639,6782.489349,0.000000,45.000000,330.841585,0.000000,73.955432
640,6782.489349,0.000000,45.000000,331.342978,0.000000,66.183844
643,6782.489349,0.000000,45.000000,332.847156,0.000000,42.869081
647,6782.489349,0.000000,45.000000,334.852727,0.000000,11.782730
648,6782.489349,0.000000,45.000000,335.354120,0.000000,4.011142
649,6782.489349,0.000000,45.000000,335.855513,0.000000,356.239554
651,6782.489349,0.000000,45.000000,336.858298,0.000000,340.696379
652,6782.489349,0.000000,45.000000,337.359691,0.000000,332.924791
653,6782.489349,0.000000,45.000000,337.861084,0.000000,325.153203
655,6782.489349,0.000000,45.000000,338.863869,0.000000,309.610028
656,6782.489349,0.000000,45.000000,339.365262,0.000000,301.838440
657,6782.489349,0.000000,45.000000,339.866655,0.000000,294.066852
658,6782.489349,0.000000,45.000000,340.368047,0.000000,286.295265
660,6782.489349,0.000000,45.000000,341.370833,0.000000,270.752089
662,6782.489349,0.000000,45.000000,342.373618,0.000000,255.208914
666,6782.489349,0.000000,45.000000,344.379190,0.000000,224.122563
667,6782.489349,0.000000,45.000000,344.880582,0.000000,216.350975
668,6782.489349,0.000000,45.000000,345.381975,0.000000,208.579387
670,6782.489349,0.000000,45.000000,346.384761,0.000000,193.036212
671,6782.489349,0.000000,45.000000,346.886153,0.000000,185.264624
672,6782.489349,0.000000,45.000000,347.387546,0.000000,177.493036
674,6782.489349,0.000000,45.000000,348.390332,0.000000,161.949861
676,6782.489349,0.000000,45.000000,349.393117,0.000000,146.406685
677,6782.489349,0.000000,45.000000,349.894510,0.000000,138.635097
679,6782.489349,0.000000,45.000000,350.897295,0.000000,123.091922
681,6782.489349,0.000000,45.000000,351.900081,0.000000,107.548747
687,6782.489349,0.000000,45.000000,354.908437,0.000000,60.919220
688,6782.489349,0.000000,45.000000,355.409830,0.000000,53.147632
690,6782.489349,0.000000,45.000000,356.412616,0.000000,37.604457
692,6782.489349,0.000000,45.000000,357.415401,0.000000,22.061281
693,6782.489349,0.000000,45.000000,357.916794,0.000000,14.289694
694,6782.489349,0.000000,45.000000,358.418187,0.000000,6.518106
695,6782.489349,0.000000,45.000000,358.919579,0.000000,358.746518
696,6782.489349,0.000000,45.000000,359.420972,0.000000,350.974930
697,6782.489349,0.000000,45.000000,359.922365,0.000000,343.203343
698,6782.489349,0.000000,45.000000,0.423758,0.000000,335.431755
699,6782.489349,0.000000,45.000000,0.925151,0.000000,327.660167
700,6782.489349,0.000000,45.000000,1.426543,0.000000,319.888579
702,6782.489349,0.000000,45.000000,2.429329,0.000000,304.345404
705,6782.489349,0.000000,45.000000,3.933507,0.000000,281.030641
706,6782.489349,0.000000,45.000000,4.434900,0.000000,273.259053
707,6782.489349,0.000000,45.000000,4.936293,0.000000,265.487465
708,6782.489349,0.000000,45.000000,5.437685,0.000000,257.715877
710,6782.489349,0.000000,45.000000,6.440471,0.000000,242.172702
711,6782.489349,0.000000,45.000000,6.941864,0.000000,234.401114
712,6782.489349,0.000000,45.000000,7.443256,0.000000,226.629526
713,6782.489349,0.000000,45.000000,7.944649,0.000000,218.857939
714,6782.489349,0.000000,45.000000,8.446042,0.000000,211.086351
715,6782.489349,0.000000,45.000000,8.947435,0.000000,203.314763
716,6782.489349,0.000000,45.000000,9.448827,0.000000,195.543175
719,6782.489349,0.000000,45.000000,10.953006,0.000000,172.228412
721,6782.489349,0.000000,45.000000,11.955791,0.000000,156.685237
722,6782.489349,0.000000,45.000000,12.457184,0.000000,148.913649
724,6782.489349,0.000000,45.000000,13.459969,0.000000,133.370474
726,6782.489349,0.000000,45.000000,14.462755,0.000000,117.827298
728,6782.489349,0.000000,45.000000,15.465540,0.000000,102.284123
729,6782.489349,0.000000,45.000000,15.966933,0.000000,94.512535
730,6782.489349,0.000000,45.000000,16.468326,0.000000,86.740947
731,6782.489349,0.000000,45.000000,16.969719,0.000000,78.969359
732,6782.489349,0.000000,45.000000,17.471112,0.000000,71.197772
735,6782.489349,0.000000,45.000000,18.975290,0.000000,47.883008
736,6782.489349,0.000000,45.000000,19.476683,0.000000,40.111421
739,6782.489349,0.000000,45.000000,20.980861,0.000000,16.796657
740,6782.489349,0.000000,45.000000,21.482254,0.000000,9.025070
741,6782.489349,0.000000,45.000000,21.983646,0.000000,1.253482
742,6782.489349,0.000000,45.000000,22.485039,0.000000,353.481894
743,6782.489349,0.000000,45.000000,22.986432,0.000000,345.710306
745,6782.489349,0.000000,45.000000,23.989217,0.000000,330.167131
746,6782.489349,0.000000,45.000000,24.490610,0.000000,322.395543
748,6782.489349,0.000000,45.000000,25.493396,0.000000,306.852368
749,6782.489349,0.000000,45.000000,25.994788,0.000000,299.080780
751,6782.489349,0.000000,45.000000,26.997574,0.000000,283.537604
752,6782.489349,0.000000,45.000000,27.498967,0.000000,275.766017
753,6782.489349,0.000000,45.000000,28.000359,0.000000,267.994429
755,6782.489349,0.000000,45.000000,29.003145,0.000000,252.451253
756,6782.489349,0.000000,45.000000,29.504538,0.000000,244.679666
757,6782.489349,0.000000,45.000000,30.005930,0.000000,236.908078
759,6782.489349,0.000000,45.000000,31.008716,0.000000,221.364903
761,6782.489349,0.000000,45.000000,32.011501,0.000000,205.821727
765,6782.489349,0.000000,45.000000,34.017073,0.000000,174.735376
766,6782.489349,0.000000,45.000000,34.518465,0.000000,166.963788
767,6782.489349,0.000000,45.000000,35.019858,0.000000,159.192201
769,6782.489349,0.000000,45.000000,36.022644,0.000000,143.649025
770,6782.489349,0.000000,45.000000,36.524036,0.000000,135.877437
771,6782.489349,0.000000,45.000000,37.025429,0.000000,128.105850
773,6782.489349,0.000000,45.000000,38.028215,0.000000,112.562674
775,6782.489349,0.000000,45.000000,39.031000,0.000000,97.019499
777,6782.489349,0.000000,45.000000,40.033786,0.000000,81.476323
779,6782.489349,0.000000,45.000000,41.036571,0.000000,65.933148
783,6782.489349,0.000000,45.000000,43.042142,0.000000,34.846797
785,6782.489349,0.000000,45.000000,44.044928,0.000000,19.303621
787,6782.489349,0.000000,45.000000,45.047713,0.000000,3.760446
788,6782.489349,0.000000,45.000000,45.549106,0.000000,355.988858
789,6782.489349,0.000000,45.000000,46.050499,0.000000,348.217270
791,6782.489349,0.000000,45.000000,47.053284,0.000000,332.674095
792,6782.489349,0.000000,45.000000,47.554677,0.000000,324.902507
793,6782.489349,0.000000,45.000000,48.056070,0.000000,317.130919
794,6782.489349,0.000000,45.000000,48.557462,0.000000,309.359331
795,6782.489349,0.000000,45.000000,49.058855,0.000000,301.587744
797,6782.489349,0.000000,45.000000,50.061641,0.000000,286.044568
798,6782.489349,0.000000,45.000000,50.563034,0.000000,278.272981
799,6782.489349,0.000000,45.000000,51.064426,0.000000,270.501393
800,6782.489349,0.000000,45.000000,51.565819,0.000000,262.729805
802,6782.489349,0.000000,45.000000,52.568605,0.000000,247.186630
803,6782.489349,0.000000,45.000000,53.069997,0.000000,239.415042
804,6782.489349,0.000000,45.000000,53.571390,0.000000,231.643454
805,6782.489349,0.000000,45.000000,54.072783,0.000000,223.871866
806,6782.489349,0.000000,45.000000,54.574176,0.000000,216.100279
807,6782.489349,0.000000,45.000000,55.075568,0.000000,208.328691
809,6782.489349,0.000000,45.000000,56.078354,0.000000,192.785515
810,6782.489349,0.000000,45.000000,56.579747,0.000000,185.013928
811,6782.489349,0.000000,45.000000,57.081139,0.000000,177.242340
812,6782.489349,0.000000,45.000000,57.582532,0.000000,169.470752
813,6782.489349,0.000000,45.000000,58.083925,0.000000,161.699164
814,6782.489349,0.000000,45.000000,58.585318,0.000000,153.927577
815,6782.489349,0.000000,45.000000,59.086710,0.000000,146.155989
816,6782.489349,0.000000,45.000000,59.588103,0.000000,138.384401
817,6782.489349,0.000000,45.000000,60.089496,0.000000,130.612813
820,6782.489349,0.000000,45.000000,61.593674,0.000000,107.298050
821,6782.489349,0.000000,45.000000,62.095067,0.000000,99.526462
822,6782.489349,0.000000,45.000000,62.596460,0.000000,91.754875
823,6782.489349,0.000000,45.000000,63.097852,0.000000,83.983287
824,6782.489349,0.000000,45.000000,63.599245,0.000000,76.211699
825,6782.489349,0.000000,45.000000,64.100638,0.000000,68.440111
826,6782.489349,0.000000,45.000000,64.602031,0.000000,60.668524
829,6782.489349,0.000000,45.000000,66.106209,0.000000,37.353760
831,6782.489349,0.000000,45.000000,67.108995,0.000000,21.810585
832,6782.489349,0.000000,45.000000,67.610387,0.000000,14.038997
833,6782.489349,0.000000,45.000000,68.111780,0.000000,6.267409
836,6782.489349,0.000000,45.000000,69.615958,0.000000,342.952646
839,6782.489349,0.000000,45.000000,71.120137,0.000000,319.637883
840,6782.489349,0.000000,45.000000,71.621529,0.000000,311.866295
841,6782.489349,0.000000,45.000000,72.122922,0.000000,304.094708
843,6782.489349,0.000000,45.000000,73.125708,0.000000,288.551532
844,6782.489349,0.000000,45.000000,73.627100,0.000000,280.779944
845,6782.489349,0.000000,45.000000,74.128493,0.000000,273.008357
847,6782.489349,0.000000,45.000000,75.131279,0.000000,257.465181
848,6782.489349,0.000000,45.000000,75.632671,0.000000,249.693593
850,6782.489349,0.000000,45.000000,76.635457,0.000000,234.150418
851,6782.489349,0.000000,45.000000,77.136850,0.000000,226.378830
852,6782.489349,0.000000,45.000000,77.638242,0.000000,218.607242
853,6782.489349,0.000000,45.000000,78.139635,0.000000,210.835655
854,6782.489349,0.000000,45.000000,78.641028,0.000000,203.064067
855,6782.489349,0.000000,45.000000,79.142421,0.000000,195.292479
856,6782.489349,0.000000,45.000000,79.643813,0.000000,187.520891
857,6782.489349,0.000000,45.000000,80.145206,0.000000,179.749304
858,6782.489349,0.000000,45.000000,80.646599,0.000000,171.977716
859,6782.489349,0.000000,45.000000,81.147992,0.000000,164.206128
860,6782.489349,0.000000,45.000000,81.649384,0.000000,156.434540
861,6782.489349,0.000000,45.000000,82.150777,0.000000,148.662953
862,6782.489349,0.000000,45.000000,82.652170,0.000000,140.891365
863,6782.489349,0.000000,45.000000,83.153563,0.000000,133.119777
864,6782.489349,0.000000,45.000000,83.654956,0.000000,125.348189
866,6782.489349,0.000000,45.000000,84.657741,0.000000,109.805014
870,6782.489349,0.000000,45.000000,86.663312,0.000000,78.718663
871,6782.489349,0.000000,45.000000,87.164705,0.000000,70.947075
873,6782.489349,0.000000,45.000000,88.167490,0.000000,55.403900
877,6782.489349,0.000000,45.000000,90.173061,0.000000,24.317549
880,6782.489349,0.000000,45.000000,91.677240,0.000000,1.002786
881,6782.489349,0.000000,45.000000,92.178632,0.000000,353.231198
882,6782.489349,0.000000,45.000000,92.680025,0.000000,345.459610
885,6782.489349,0.000000,45.000000,94.184203,0.000000,322.144847
886,6782.489349,0.000000,45.000000,94.685596,0.000000,314.373259
889,6782.489349,0.000000,45.000000,96.189774,0.000000,291.058496
890,6782.489349,0.000000,45.000000,96.691167,0.000000,283.286908
891,6782.489349,0.000000,45.000000,97.192560,0.000000,275.515320
892,6782.489349,0.000000,45.000000,97.693953,0.000000,267.743733
894,6782.489349,0.000000,45.000000,98.696738,0.000000,252.200557
895,6782.489349,0.000000,45.000000,99.198131,0.000000,244.428969
897,6782.489349,0.000000,45.000000,100.200917,0.000000,228.885794
899,6782.489349,0.000000,45.000000,101.203702,0.000000,213.342618
900,6782.489349,0.000000,45.000000,101.705095,0.000000,205.571031
901,6782.489349,0.000000,45.000000,102.206488,0.000000,197.799443
903,6782.489349,0.000000,45.000000,103.209273,0.000000,182.256267
904,6782.489349,0.000000,45.000000,103.710666,0.000000,174.484680
906,6782.489349,0.000000,45.000000,104.713451,0.000000,158.941504
907,6782.489349,0.000000,45.000000,105.214844,0.000000,151.169916
909,6782.489349,0.000000,45.000000,106.217630,0.000000,135.626741
910,6782.489349,0.000000,45.000000,106.719022,0.000000,127.855153
911,6782.489349,0.000000,45.000000,107.220415,0.000000,120.083565
912,6782.489349,0.000000,45.000000,107.721808,0.000000,112.311978
913,6782.489349,0.000000,45.000000,108.223201,0.000000,104.540390
914,6782.489349,0.000000,45.000000,108.724593,0.000000,96.768802
915,6782.489349,0.000000,45.000000,109.225986,0.000000,88.997214
916,6782.489349,0.000000,45.000000,109.727379,0.000000,81.225627
917,6782.489349,0.000000,45.000000,110.228772,0.000000,73.454039
918,6782.489349,0.000000,45.000000,110.730164,0.000000,65.682451
919,6782.489349,0.000000,45.000000,111.231557,0.000000,57.910864
924,6782.489349,0.000000,45.000000,113.738521,0.000000,19.052925
926,6782.489349,0.000000,45.000000,114.741306,0.000000,3.509749
934,6782.489349,0.000000,45.000000,118.752449,0.000000,301.337047
938,6782.489349,0.000000,45.000000,120.758020,0.000000,270.250696
939,6782.489349,0.000000,45.000000,121.259412,0.000000,262.479109
941,6782.489349,0.000000,45.000000,122.262198,0.000000,246.935933
942,6782.489349,0.000000,45.000000,122.763591,0.000000,239.164345
944,6782.489349,0.000000,45.000000,123.766376,0.000000,223.621170
945,6782.489349,0.000000,45.000000,124.267769,0.000000,215.849582
946,6782.489349,0.000000,45.000000,124.769162,0.000000,208.077994
947,6782.489349,0.000000,45.000000,125.270554,0.000000,200.306407
948,6782.489349,0.000000,45.000000,125.771947,0.000000,192.534819
949,6782.489349,0.000000,45.000000,126.273340,0.000000,184.763231
950,6782.489349,0.000000,45.000000,126.774733,0.000000,176.991643
952,6782.489349,0.000000,45.000000,127.777518,0.000000,161.448468
955,6782.489349,0.000000,45.000000,129.281696,0.000000,138.133705
956,6782.489349,0.000000,45.000000,129.783089,0.000000,130.362117
958,6782.489349,0.000000,45.000000,130.785875,0.000000,114.818942
960,6782.489349,0.000000,45.000000,131.788660,0.000000,99.275766
961,6782.489349,0.000000,45.000000,132.290053,0.000000,91.504178
962,6782.489349,0.000000,45.000000,132.791446,0.000000,83.732591
963,6782.489349,0.000000,45.000000,133.292839,0.000000,75.961003
964,6782.489349,0.000000,45.000000,133.794231,0.000000,68.189415
965,6782.489349,0.000000,45.000000,134.295624,0.000000,60.417827
967,6782.489349,0.000000,45.000000,135.298410,0.000000,44.874652
968,6782.489349,0.000000,45.000000,135.799802,0.000000,37.103064
970,6782.489349,0.000000,45.000000,136.802588,0.000000,21.559889
972,6782.489349,0.000000,45.000000,137.805373,0.000000,6.016713
977,6782.489349,0.000000,45.000000,140.312337,0.000000,327.158774
978,6782.489349,0.000000,45.000000,140.813730,0.000000,319.387187
979,6782.489349,0.000000,45.000000,141.315123,0.000000,311.615599
982,6782.489349,0.000000,45.000000,142.819301,0.000000,288.300836
985,6782.489349,0.000000,45.000000,144.323479,0.000000,264.986072
986,6782.489349,0.000000,45.000000,144.824872,0.000000,257.214485
987,6782.489349,0.000000,45.000000,145.326265,0.000000,249.442897
988,6782.489349,0.000000,45.000000,145.827657,0.000000,241.671309
989,6782.489349,0.000000,45.000000,146.329050,0.000000,233.899721
991,6782.489349,0.000000,45.000000,147.331836,0.000000,218.356546
992,6782.489349,0.000000,45.000000,147.833229,0.000000,210.584958
993,6782.489349,0.000000,45.000000,148.334621,0.000000,202.813370
994,6782.489349,0.000000,45.000000,148.836014,0.000000,195.041783
995,6782.489349,0.000000,45.000000,149.337407,0.000000,187.270195
997,6782.489349,0.000000,45.000000,150.340192,0.000000,171.727019
999,6782.489349,0.000000,45.000000,151.342978,0.000000,156.183844
1001,6782.489349,0.000000,45.000000,152.345763,0.000000,140.640669
1002,6782.489349,0.000000,45.000000,152.847156,0.000000,132.869081
1003,6782.489349,0.000000,45.000000,153.348549,0.000000,125.097493
1004,6782.489349,0.000000,45.000000,153.849942,0.000000,117.325905
1005,6782.489349,0.000000,45.000000,154.351334,0.000000,109.554318
1008,6782.489349,0.000000,45.000000,155.855513,0.000000,86.239554
1009,6782.489349,0.000000,45.000000,156.356905,0.000000,78.467967
1010,6782.489349,0.000000,45.000000,156.858298,0.000000,70.696379
1011,6782.489349,0.000000,45.000000,157.359691,0.000000,62.924791
1012,6782.489349,0.000000,45.000000,157.861084,0.000000,55.153203
1013,6782.489349,0.000000,45.000000,158.362476,0.000000,47.381616
1015,6782.489349,0.000000,45.000000,159.365262,0.000000,31.838440
1017,6782.489349,0.000000,45.000000,160.368047,0.000000,16.295265
1018,6782.489349,0.000000,45.000000,160.869440,0.000000,8.523677
1023,6782.489349,0.000000,45.000000,163.376404,0.000000,329.665738
1025,6782.489349,0.000000,45.000000,164.379190,0.000000,314.122563
1027,6782.489349,0.000000,45.000000,165.381975,0.000000,298.579387
1030,6782.489349,0.000000,45.000000,166.886153,0.000000,275.264624
1031,6782.489349,0.000000,45.000000,167.387546,0.000000,267.493036
1033,6782.489349,0.000000,45.000000,168.390332,0.000000,251.949861
1034,6782.489349,0.000000,45.000000,168.891724,0.000000,244.178273
1036,6782.489349,0.000000,45.000000,169.894510,0.000000,228.635097
1037,6782.489349,0.000000,45.000000,170.395903,0.000000,220.863510
1040,6782.489349,0.000000,45.000000,171.900081,0.000000,197.548747
1042,6782.489349,0.000000,45.000000,172.902866,0.000000,182.005571
1045,6782.489349,0.000000,45.000000,174.407045,0.000000,158.690808
1046,6782.489349,0.000000,45.000000,174.908437,0.000000,150.919220
1047,6782.489349,0.000000,45.000000,175.409830,0.000000,143.147632
1049,6782.489349,0.000000,45.000000,176.412616,0.000000,127.604457
1052,6782.489349,0.000000,45.000000,177.916794,0.000000,104.289694
1053,6782.489349,0.000000,45.000000,178.418187,0.000000,96.518106
1054,6782.489349,0.000000,45.000000,178.919579,0.000000,88.746518
1055,6782.489349,0.000000,45.000000,179.420972,0.000000,80.974930
1057,6782.489349,0.000000,45.000000,180.423758,0.000000,65.431755
1060,6782.489349,0.000000,45.000000,181.927936,0.000000,42.116992
1065,6782.489349,0.000000,45.000000,184.434900,0.000000,3.259053
1068,6782.489349,0.000000,45.000000,185.939078,0.000000,339.944290
1069,6782.489349,0.000000,45.000000,186.440471,0.000000,332.172702
1070,6782.489349,0.000000,45.000000,186.941864,0.000000,324.401114
1071,6782.489349,0.000000,45.000000,187.443256,0.000000,316.629526
1072,6782.489349,0.000000,45.000000,187.944649,0.000000,308.857939
1074,6782.489349,0.000000,45.000000,188.947435,0.000000,293.314763
1078,6782.489349,0.000000,45.000000,190.953006,0.000000,262.228412
1079,6782.489349,0.000000,45.000000,191.454398,0.000000,254.456825
1080,6782.489349,0.000000,45.000000,191.955791,0.000000,246.685237
1082,6782.489349,0.000000,45.000000,192.958577,0.000000,231.142061
1083,6782.489349,0.000000,45.000000,193.459969,0.000000,223.370474
1092,6782.489349,0.000000,45.000000,197.972504,0.000000,153.426184
1095,6782.489349,0.000000,45.000000,199.476683,0.000000,130.111421
1099,6782.489349,0.000000,45.000000,201.482254,0.000000,99.025070
1101,6782.489349,0.000000,45.000000,202.485039,0.000000,83.481894
1102,6782.489349,0.000000,45.000000,202.986432,0.000000,75.710306
1103,6782.489349,0.000000,45.000000,203.487825,0.000000,67.938719
1105,6782.489349,0.000000,45.000000,204.490610,0.000000,52.395543
1106,6782.489349,0.000000,45.000000,204.992003,0.000000,44.623955
1107,6782.489349,0.000000,45.000000,205.493396,0.000000,36.852368
1110,6782.489349,0.000000,45.000000,206.997574,0.000000,13.537604
1111,6782.489349,0.000000,45.000000,207.498967,0.000000,5.766017
1112,6782.489349,0.000000,45.000000,208.000359,0.000000,357.994429
1113,6782.489349,0.000000,45.000000,208.501752,0.000000,350.222841
1114,6782.489349,0.000000,45.000000,209.003145,0.000000,342.451253
1117,6782.489349,0.000000,45.000000,210.507323,0.000000,319.136490
1118,6782.489349,0.000000,45.000000,211.008716,0.000000,311.364903
1119,6782.489349,0.000000,45.000000,211.510109,0.000000,303.593315
1122,6782.489349,0.000000,45.000000,213.014287,0.000000,280.278552
1123,6782.489349,0.000000,45.000000,213.515680,0.000000,272.506964
1125,6782.489349,0.000000,45.000000,214.518465,0.000000,256.963788
1126,6782.489349,0.000000,45.000000,215.019858,0.000000,249.192201
1127,6782.489349,0.000000,45.000000,215.521251,0.000000,241.420613
1129,6782.489349,0.000000,45.000000,216.524036,0.000000,225.877437
1130,6782.489349,0.000000,45.000000,217.025429,0.000000,218.105850
1132,6782.489349,0.000000,45.000000,218.028215,0.000000,202.562674
1133,6782.489349,0.000000,45.000000,218.529607,0.000000,194.791086
1138,6782.489349,0.000000,45.000000,221.036571,0.000000,155.933148
1139,6782.489349,0.000000,45.000000,221.537964,0.000000,148.161560
1142,6782.489349,0.000000,45.000000,223.042142,0.000000,124.846797
1144,6782.489349,0.000000,45.000000,224.044928,0.000000,109.303621
1145,6782.489349,0.000000,45.000000,224.546320,0.000000,101.532033
1148,6782.489349,0.000000,45.000000,226.050499,0.000000,78.217270
1149,6782.489349,0.000000,45.000000,226.551891,0.000000,70.445682
1150,6782.489349,0.000000,45.000000,227.053284,0.000000,62.674095
1151,6782.489349,0.000000,45.000000,227.554677,0.000000,54.902507
1153,6782.489349,0.000000,45.000000,228.557462,0.000000,39.359331
1156,6782.489349,0.000000,45.000000,230.061641,0.000000,16.044568
1157,6782.489349,0.000000,45.000000,230.563034,0.000000,8.272981
1160,6782.489349,0.000000,45.000000,232.067212,0.000000,344.958217
1162,6782.489349,0.000000,45.000000,233.069997,0.000000,329.415042
1165,6782.489349,0.000000,45.000000,234.574176,0.000000,306.100279
1166,6782.489349,0.000000,45.000000,235.075568,0.000000,298.328691
1167,6782.489349,0.000000,45.000000,235.576961,0.000000,290.557103
1170,6782.489349,0.000000,45.000000,237.081139,0.000000,267.242340
1171,6782.489349,0.000000,45.000000,237.582532,0.000000,259.470752
1172,6782.489349,0.000000,45.000000,238.083925,0.000000,251.699164
1174,6782.489349,0.000000,45.000000,239.086710,0.000000,236.155989
1178,6782.489349,0.000000,45.000000,241.092281,0.000000,205.069638
1179,6782.489349,0.000000,45.000000,241.593674,0.000000,197.298050
1180,6782.489349,0.000000,45.000000,242.095067,0.000000,189.526462
1182,6782.489349,0.000000,45.000000,243.097852,0.000000,173.983287
1191,6782.489349,0.000000,45.000000,247.610387,0.000000,104.038997
1195,6782.489349,0.000000,45.000000,249.615958,0.000000,72.952646
1200,6782.489349,0.000000,45.000000,252.122922,0.000000,34.094708
1204,6782.489349,0.000000,45.000000,254.128493,0.000000,3.008357
1206,6782.489349,0.000000,45.000000,255.131279,0.000000,347.465181
1209,6782.489349,0.000000,45.000000,256.635457,0.000000,324.150418
1210,6782.489349,0.000000,45.000000,257.136850,0.000000,316.378830
1211,6782.489349,0.000000,45.000000,257.638242,0.000000,308.607242
1212,6782.489349,0.000000,45.000000,258.139635,0.000000,300.835655
1214,6782.489349,0.000000,45.000000,259.142421,0.000000,285.292479
1215,6782.489349,0.000000,45.000000,259.643813,0.000000,277.520891
1218,6782.489349,0.000000,45.000000,261.147992,0.000000,254.206128
1219,6782.489349,0.000000,45.000000,261.649384,0.000000,246.434540
1221,6782.489349,0.000000,45.000000,262.652170,0.000000,230.891365
1222,6782.489349,0.000000,45.000000,263.153563,0.000000,223.119777
1224,6782.489349,0.000000,45.000000,264.156348,0.000000,207.576602
1225,6782.489349,0.000000,45.000000,264.657741,0.000000,199.805014
1228,6782.489349,0.000000,45.000000,266.161919,0.000000,176.490251
1230,6782.489349,0.000000,45.000000,267.164705,0.000000,160.947075
1231,6782.489349,0.000000,45.000000,267.666098,0.000000,153.175487
1235,6782.489349,0.000000,45.000000,269.671669,0.000000,122.089136
1241,6782.489349,0.000000,45.000000,272.680025,0.000000,75.459610
1242,6782.489349,0.000000,45.000000,273.181418,0.000000,67.688022
1244,6782.489349,0.000000,45.000000,274.184203,0.000000,52.144847
1246,6782.489349,0.000000,45.000000,275.186989,0.000000,36.601671
1247,6782.489349,0.000000,45.000000,275.688382,0.000000,28.830084
1249,6782.489349,0.000000,45.000000,276.691167,0.000000,13.286908
1250,6782.489349,0.000000,45.000000,277.192560,0.000000,5.515320
1254,6782.489349,0.000000,45.000000,279.198131,0.000000,334.428969
1255,6782.489349,0.000000,45.000000,279.699524,0.000000,326.657382
1256,6782.489349,0.000000,45.000000,280.200917,0.000000,318.885794
1258,6782.489349,0.000000,45.000000,281.203702,0.000000,303.342618
1260,6782.489349,0.000000,45.000000,282.206488,0.000000,287.799443
1262,6782.489349,0.000000,45.000000,283.209273,0.000000,272.256267
1264,6782.489349,0.000000,45.000000,284.212059,0.000000,256.713092
1265,6782.489349,0.000000,45.000000,284.713451,0.000000,248.941504
1266,6782.489349,0.000000,45.000000,285.214844,0.000000,241.169916
1267,6782.489349,0.000000,45.000000,285.716237,0.000000,233.398329
1268,6782.489349,0.000000,45.000000,286.217630,0.000000,225.626741
1269,6782.489349,0.000000,45.000000,286.719022,0.000000,217.855153
1270,6782.489349,0.000000,45.000000,287.220415,0.000000,210.083565
1271,6782.489349,0.000000,45.000000,287.721808,0.000000,202.311978
1274,6782.489349,0.000000,45.000000,289.225986,0.000000,178.997214
1276,6782.489349,0.000000,45.000000,290.228772,0.000000,163.454039
1278,6782.489349,0.000000,45.000000,291.231557,0.000000,147.910864
1279,6782.489349,0.000000,45.000000,291.732950,0.000000,140.139276
1281,6782.489349,0.000000,45.000000,292.735735,0.000000,124.596100
1284,6782.489349,0.000000,45.000000,294.239914,0.000000,101.281337
1286,6782.489349,0.000000,45.000000,295.242699,0.000000,85.738162
1288,6782.489349,0.000000,45.000000,296.245485,0.000000,70.194986
1289,6782.489349,0.000000,45.000000,296.746878,0.000000,62.423398
1290,6782.489349,0.000000,45.000000,297.248270,0.000000,54.651811
1291,6782.489349,0.000000,45.000000,297.749663,0.000000,46.880223
1292,6782.489349,0.000000,45.000000,298.251056,0.000000,39.108635
1293,6782.489349,0.000000,45.000000,298.752449,0.000000,31.337047
1295,6782.489349,0.000000,45.000000,299.755234,0.000000,15.793872
1296,6782.489349,0.000000,45.000000,300.256627,0.000000,8.022284
1297,6782.489349,0.000000,45.000000,300.758020,0.000000,0.250696
1298,6782.489349,0.000000,45.000000,301.259412,0.000000,352.479109
1299,6782.489349,0.000000,45.000000,301.760805,0.000000,344.707521
1300,6782.489349,0.000000,45.000000,302.262198,0.000000,336.935933
1302,6782.489349,0.000000,45.000000,303.264983,0.000000,321.392758
1304,6782.489349,0.000000,45.000000,304.267769,0.000000,305.849582
1306,6782.489349,0.000000,45.000000,305.270554,0.000000,290.306407
1308,6782.489349,0.000000,45.000000,306.273340,0.000000,274.763231
1311,6782.489349,0.000000,45.000000,307.777518,0.000000,251.448468
1312,6782.489349,0.000000,45.000000,308.278911,0.000000,243.676880
1315,6782.489349,0.000000,45.000000,309.783089,0.000000,220.362117
1317,6782.489349,0.000000,45.000000,310.785875,0.000000,204.818942
1318,6782.489349,0.000000,45.000000,311.287267,0.000000,197.047354
1319,6782.489349,0.000000,45.000000,311.788660,0.000000,189.275766
1324,6782.489349,0.000000,45.000000,314.295624,0.000000,150.417827
1325,6782.489349,0.000000,45.000000,314.797017,0.000000,142.646240
1326,6782.489349,0.000000,45.000000,315.298410,0.000000,134.874652
1327,6782.489349,0.000000,45.000000,315.799802,0.000000,127.103064
1328,6782.489349,0.000000,45.000000,316.301195,0.000000,119.331476
1329,6782.489349,0.000000,45.000000,316.802588,0.000000,111.559889
1334,6782.489349,0.000000,45.000000,319.309552,0.000000,72.701950
1335,6782.489349,0.000000,45.000000,319.810944,0.000000,64.930362
1336,6782.489349,0.000000,45.000000,320.312337,0.000000,57.158774
1339,6782.489349,0.000000,45.000000,321.816515,0.000000,33.844011
1340,6782.489349,0.000000,45.000000,322.317908,0.000000,26.072423
1341,6782.489349,0.000000,45.000000,322.819301,0.000000,18.300836
1342,6782.489349,0.000000,45.000000,323.320694,0.000000,10.529248
1343,6782.489349,0.000000,45.000000,323.822086,0.000000,2.757660
1345,6782.489349,0.000000,45.000000,324.824872,0.000000,347.214485
1346,6782.489349,0.000000,45.000000,325.326265,0.000000,339.442897
1348,6782.489349,0.000000,45.000000,326.329050,0.000000,323.899721
1349,6782.489349,0.000000,45.000000,326.830443,0.000000,316.128134
1351,6782.489349,0.000000,45.000000,327.833229,0.000000,300.584958
1352,6782.489349,0.000000,45.000000,328.334621,0.000000,292.813370
1354,6782.489349,0.000000,45.000000,329.337407,0.000000,277.270195
1355,6782.489349,0.000000,45.000000,329.838800,0.000000,269.498607
1359,6782.489349,0.000000,45.000000,331.844371,0.000000,238.412256
1360,6782.489349,0.000000,45.000000,332.345763,0.000000,230.640669
1361,6782.489349,0.000000,45.000000,332.847156,0.000000,222.869081
1363,6782.489349,0.000000,45.000000,333.849942,0.000000,207.325905
1367,6782.489349,0.000000,45.000000,335.855513,0.000000,176.239554
1369,6782.489349,0.000000,45.000000,336.858298,0.000000,160.696379
1371,6782.489349,0.000000,45.000000,337.861084,0.000000,145.153203
1372,6782.489349,0.000000,45.000000,338.362476,0.000000,137.381616
1375,6782.489349,0.000000,45.000000,339.866655,0.000000,114.066852
1376,6782.489349,0.000000,45.000000,340.368047,0.000000,106.295265
1377,6782.489349,0.000000,45.000000,340.869440,0.000000,98.523677
1383,6782.489349,0.000000,45.000000,343.877797,0.000000,51.894150
1385,6782.489349,0.000000,45.000000,344.880582,0.000000,36.350975
1386,6782.489349,0.000000,45.000000,345.381975,0.000000,28.579387
1387,6782.489349,0.000000,45.000000,345.883368,0.000000,20.807799
1388,6782.489349,0.000000,45.000000,346.384761,0.000000,13.036212
1390,6782.489349,0.000000,45.000000,347.387546,0.000000,357.493036
1392,6782.489349,0.000000,45.000000,348.390332,0.000000,341.949861
1393,6782.489349,0.000000,45.000000,348.891724,0.000000,334.178273
1395,6782.489349,0.000000,45.000000,349.894510,0.000000,318.635097
1396,6782.489349,0.000000,45.000000,350.395903,0.000000,310.863510
1397,6782.489349,0.000000,45.000000,350.897295,0.000000,303.091922
1398,6782.489349,0.000000,45.000000,351.398688,0.000000,295.320334
1400,6782.489349,0.000000,45.000000,352.401474,0.000000,279.777159
1401,6782.489349,0.000000,45.000000,352.902866,0.000000,272.005571
1403,6782.489349,0.000000,45.000000,353.905652,0.000000,256.462396
1405,6782.489349,0.000000,45.000000,354.908437,0.000000,240.919220
1406,6782.489349,0.000000,45.000000,355.409830,0.000000,233.147632
1407,6782.489349,0.000000,45.000000,355.911223,0.000000,225.376045
1408,6782.489349,0.000000,45.000000,356.412616,0.000000,217.604457
1410,6782.489349,0.000000,45.000000,357.415401,0.000000,202.061281
1411,6782.489349,0.000000,45.000000,357.916794,0.000000,194.289694
1412,6782.489349,0.000000,45.000000,358.418187,0.000000,186.518106
1413,6782.489349,0.000000,45.000000,358.919579,0.000000,178.746518
1415,6782.489349,0.000000,45.000000,359.922365,0.000000,163.203343
1416,6782.489349,0.000000,45.000000,0.423758,0.000000,155.431755
1418,6782.489349,0.000000,45.000000,1.426543,0.000000,139.888579
1419,6782.489349,0.000000,45.000000,1.927936,0.000000,132.116992
1423,6782.489349,0.000000,45.000000,3.933507,0.000000,101.030641
1428,6782.489349,0.000000,45.000000,6.440471,0.000000,62.172702
1430,6782.489349,0.000000,45.000000,7.443256,0.000000,46.629526
1431,6782.489349,0.000000,45.000000,7.944649,0.000000,38.857939
1433,6782.489349,0.000000,45.000000,8.947435,0.000000,23.314763
2876,6782.489349,0.000000,47.000000,10.134603,0.000000,328.913649
2883,6782.489349,0.000000,47.000000,13.644353,0.000000,274.512535
2885,6782.489349,0.000000,47.000000,14.647138,0.000000,258.969359
2886,6782.489349,0.000000,47.000000,15.148531,0.000000,251.197772
2894,6782.489349,0.000000,47.000000,19.159673,0.000000,189.025070
2899,6782.489349,0.000000,47.000000,21.666637,0.000000,150.167131
2900,6782.489349,0.000000,47.000000,22.168029,0.000000,142.395543
2905,6782.489349,0.000000,47.000000,24.674993,0.000000,103.537604
2906,6782.489349,0.000000,47.000000,25.176386,0.000000,95.766017
2908,6782.489349,0.000000,47.000000,26.179172,0.000000,80.222841
2910,6782.489349,0.000000,47.000000,27.181957,0.000000,64.679666
2914,6782.489349,0.000000,47.000000,29.187528,0.000000,33.593315
2917,6782.489349,0.000000,47.000000,30.691706,0.000000,10.278552
2918,6782.489349,0.000000,47.000000,31.193099,0.000000,2.506964
2919,6782.489349,0.000000,47.000000,31.694492,0.000000,354.735376
2921,6782.489349,0.000000,47.000000,32.697277,0.000000,339.192201
2925,6782.489349,0.000000,47.000000,34.702848,0.000000,308.105850
2927,6782.489349,0.000000,47.000000,35.705634,0.000000,292.562674
2935,6782.489349,0.000000,47.000000,39.716776,0.000000,230.389972
2936,6782.489349,0.000000,47.000000,40.218169,0.000000,222.618384
2950,6782.489349,0.000000,47.000000,47.237667,0.000000,113.816156
2954,6782.489349,0.000000,47.000000,49.243238,0.000000,82.729805
2957,6782.489349,0.000000,47.000000,50.747417,0.000000,59.415042
2958,6782.489349,0.000000,47.000000,51.248809,0.000000,51.643454
2959,6782.489349,0.000000,47.000000,51.750202,0.000000,43.871866
2966,6782.489349,0.000000,47.000000,55.259951,0.000000,349.470752
2977,6782.489349,0.000000,47.000000,60.775272,0.000000,263.983287
2983,6782.489349,0.000000,47.000000,63.783628,0.000000,217.353760
2986,6782.489349,0.000000,47.000000,65.287807,0.000000,194.038997
2987,6782.489349,0.000000,47.000000,65.789199,0.000000,186.267409
2993,6782.489349,0.000000,47.000000,68.797556,0.000000,139.637883
2999,6782.489349,0.000000,47.000000,71.805912,0.000000,93.008357
3001,6782.489349,0.000000,47.000000,72.808698,0.000000,77.465181
3002,6782.489349,0.000000,47.000000,73.310091,0.000000,69.693593
3003,6782.489349,0.000000,47.000000,73.811484,0.000000,61.922006
3004,6782.489349,0.000000,47.000000,74.312876,0.000000,54.150418
3006,6782.489349,0.000000,47.000000,75.315662,0.000000,38.607242
3007,6782.489349,0.000000,47.000000,75.817055,0.000000,30.835655
3009,6782.489349,0.000000,47.000000,76.819840,0.000000,15.292479
3017,6782.489349,0.000000,47.000000,80.830982,0.000000,313.119777
3038,6782.489349,0.000000,47.000000,91.360230,0.000000,149.916435
3040,6782.489349,0.000000,47.000000,92.363016,0.000000,134.373259
3042,6782.489349,0.000000,47.000000,93.365801,0.000000,118.830084
3050,6782.489349,0.000000,47.000000,97.376943,0.000000,56.657382
3056,6782.489349,0.000000,47.000000,100.385300,0.000000,10.027855
3058,6782.489349,0.000000,47.000000,101.388085,0.000000,354.484680
3059,6782.489349,0.000000,47.000000,101.889478,0.000000,346.713092
3067,6782.489349,0.000000,47.000000,105.900620,0.000000,284.540390
3072,6782.489349,0.000000,47.000000,108.407584,0.000000,245.682451
3075,6782.489349,0.000000,47.000000,109.911762,0.000000,222.367688
3078,6782.489349,0.000000,47.000000,111.415940,0.000000,199.052925
3079,6782.489349,0.000000,47.000000,111.917333,0.000000,191.281337
3086,6782.489349,0.000000,47.000000,115.427082,0.000000,136.880223
3090,6782.489349,0.000000,47.000000,117.432653,0.000000,105.793872
3097,6782.489349,0.000000,47.000000,120.942403,0.000000,51.392758
3098,6782.489349,0.000000,47.000000,121.443795,0.000000,43.621170
3102,6782.489349,0.000000,47.000000,123.449367,0.000000,12.534819
3103,6782.489349,0.000000,47.000000,123.950759,0.000000,4.763231
3104,6782.489349,0.000000,47.000000,124.452152,0.000000,356.991643
3106,6782.489349,0.000000,47.000000,125.454938,0.000000,341.448468
3107,6782.489349,0.000000,47.000000,125.956330,0.000000,333.676880
3109,6782.489349,0.000000,47.000000,126.959116,0.000000,318.133705
3110,6782.489349,0.000000,47.000000,127.460509,0.000000,310.362117
3113,6782.489349,0.000000,47.000000,128.964687,0.000000,287.047354
3114,6782.489349,0.000000,47.000000,129.466080,0.000000,279.275766
3119,6782.489349,0.000000,47.000000,131.973043,0.000000,240.417827
3122,6782.489349,0.000000,47.000000,133.477222,0.000000,217.103064
3125,6782.489349,0.000000,47.000000,134.981400,0.000000,193.788301
3136,6782.489349,0.000000,47.000000,140.496720,0.000000,108.300836
3137,6782.489349,0.000000,47.000000,140.998113,0.000000,100.529248
3143,6782.489349,0.000000,47.000000,144.006470,0.000000,53.899721
3144,6782.489349,0.000000,47.000000,144.507862,0.000000,46.128134
3146,6782.489349,0.000000,47.000000,145.510648,0.000000,30.584958
3147,6782.489349,0.000000,47.000000,146.012041,0.000000,22.813370
3148,6782.489349,0.000000,47.000000,146.513433,0.000000,15.041783
3150,6782.489349,0.000000,47.000000,147.516219,0.000000,359.498607
3152,6782.489349,0.000000,47.000000,148.519004,0.000000,343.955432
3154,6782.489349,0.000000,47.000000,149.521790,0.000000,328.412256
3155,6782.489349,0.000000,47.000000,150.023183,0.000000,320.640669
3156,6782.489349,0.000000,47.000000,150.524575,0.000000,312.869081
3157,6782.489349,0.000000,47.000000,151.025968,0.000000,305.097493
3158,6782.489349,0.000000,47.000000,151.527361,0.000000,297.325905
3159,6782.489349,0.000000,47.000000,152.028754,0.000000,289.554318
3160,6782.489349,0.000000,47.000000,152.530146,0.000000,281.782730
3161,6782.489349,0.000000,47.000000,153.031539,0.000000,274.011142
3162,6782.489349,0.000000,47.000000,153.532932,0.000000,266.239554
3164,6782.489349,0.000000,47.000000,154.535717,0.000000,250.696379
3167,6782.489349,0.000000,47.000000,156.039896,0.000000,227.381616
3170,6782.489349,0.000000,47.000000,157.544074,0.000000,204.066852
3171,6782.489349,0.000000,47.000000,158.045467,0.000000,196.295265
3172,6782.489349,0.000000,47.000000,158.546860,0.000000,188.523677
3173,6782.489349,0.000000,47.000000,159.048252,0.000000,180.752089
3179,6782.489349,0.000000,47.000000,162.056609,0.000000,134.122563
3185,6782.489349,0.000000,47.000000,165.064965,0.000000,87.493036
3189,6782.489349,0.000000,47.000000,167.070536,0.000000,56.406685
3193,6782.489349,0.000000,47.000000,169.076107,0.000000,25.320334
3194,6782.489349,0.000000,47.000000,169.577500,0.000000,17.548747
3195,6782.489349,0.000000,47.000000,170.078893,0.000000,9.777159
3198,6782.489349,0.000000,47.000000,171.583071,0.000000,346.462396
3199,6782.489349,0.000000,47.000000,172.084464,0.000000,338.690808
3200,6782.489349,0.000000,47.000000,172.585857,0.000000,330.919220
3201,6782.489349,0.000000,47.000000,173.087250,0.000000,323.147632
3202,6782.489349,0.000000,47.000000,173.588642,0.000000,315.376045
3203,6782.489349,0.000000,47.000000,174.090035,0.000000,307.604457
3204,6782.489349,0.000000,47.000000,174.591428,0.000000,299.832869
3205,6782.489349,0.000000,47.000000,175.092821,0.000000,292.061281
3206,6782.489349,0.000000,47.000000,175.594213,0.000000,284.289694
3207,6782.489349,0.000000,47.000000,176.095606,0.000000,276.518106
3209,6782.489349,0.000000,47.000000,177.098392,0.000000,260.974930
3212,6782.489349,0.000000,47.000000,178.602570,0.000000,237.660167
3213,6782.489349,0.000000,47.000000,179.103963,0.000000,229.888579
3214,6782.489349,0.000000,47.000000,179.605355,0.000000,222.116992
3215,6782.489349,0.000000,47.000000,180.106748,0.000000,214.345404
3216,6782.489349,0.000000,47.000000,180.608141,0.000000,206.573816
3217,6782.489349,0.000000,47.000000,181.109534,0.000000,198.802228
3218,6782.489349,0.000000,47.000000,181.610926,0.000000,191.030641
3219,6782.489349,0.000000,47.000000,182.112319,0.000000,183.259053
3220,6782.489349,0.000000,47.000000,182.613712,0.000000,175.487465
3222,6782.489349,0.000000,47.000000,183.616497,0.000000,159.944290
3223,6782.489349,0.000000,47.000000,184.117890,0.000000,152.172702
3226,6782.489349,0.000000,47.000000,185.622068,0.000000,128.857939
3228,6782.489349,0.000000,47.000000,186.624854,0.000000,113.314763
3232,6782.489349,0.000000,47.000000,188.630425,0.000000,82.228412
3234,6782.489349,0.000000,47.000000,189.633211,0.000000,66.685237
3236,6782.489349,0.000000,47.000000,190.635996,0.000000,51.142061
3239,6782.489349,0.000000,47.000000,192.140174,0.000000,27.827298
3240,6782.489349,0.000000,47.000000,192.641567,0.000000,20.055710
3241,6782.489349,0.000000,47.000000,193.142960,0.000000,12.284123
3243,6782.489349,0.000000,47.000000,194.145745,0.000000,356.740947
3244,6782.489349,0.000000,47.000000,194.647138,0.000000,348.969359
3245,6782.489349,0.000000,47.000000,195.148531,0.000000,341.197772
3246,6782.489349,0.000000,47.000000,195.649924,0.000000,333.426184
3249,6782.489349,0.000000,47.000000,197.154102,0.000000,310.111421
3250,6782.489349,0.000000,47.000000,197.655495,0.000000,302.339833
3254,6782.489349,0.000000,47.000000,199.661066,0.000000,271.253482
3255,6782.489349,0.000000,47.000000,200.162458,0.000000,263.481894
3257,6782.489349,0.000000,47.000000,201.165244,0.000000,247.938719
3258,6782.489349,0.000000,47.000000,201.666637,0.000000,240.167131
3259,6782.489349,0.000000,47.000000,202.168029,0.000000,232.395543
3260,6782.489349,0.000000,47.000000,202.669422,0.000000,224.623955
3261,6782.489349,0.000000,47.000000,203.170815,0.000000,216.852368
3265,6782.489349,0.000000,47.000000,205.176386,0.000000,185.766017
3266,6782.489349,0.000000,47.000000,205.677779,0.000000,177.994429
3267,6782.489349,0.000000,47.000000,206.179172,0.000000,170.222841
3269,6782.489349,0.000000,47.000000,207.181957,0.000000,154.679666
3270,6782.489349,0.000000,47.000000,207.683350,0.000000,146.908078
3271,6782.489349,0.000000,47.000000,208.184743,0.000000,139.136490
3272,6782.489349,0.000000,47.000000,208.686135,0.000000,131.364903
3273,6782.489349,0.000000,47.000000,209.187528,0.000000,123.593315
3274,6782.489349,0.000000,47.000000,209.688921,0.000000,115.821727
3276,6782.489349,0.000000,47.000000,210.691706,0.000000,100.278552
3279,6782.489349,0.000000,47.000000,212.195885,0.000000,76.963788
3281,6782.489349,0.000000,47.000000,213.198670,0.000000,61.420613
3283,6782.489349,0.000000,47.000000,214.201456,0.000000,45.877437
3285,6782.489349,0.000000,47.000000,215.204241,0.000000,30.334262
3286,6782.489349,0.000000,47.000000,215.705634,0.000000,22.562674
3287,6782.489349,0.000000,47.000000,216.207027,0.000000,14.791086
3291,6782.489349,0.000000,47.000000,218.212598,0.000000,343.704735
3293,6782.489349,0.000000,47.000000,219.215383,0.000000,328.161560
3297,6782.489349,0.000000,47.000000,221.220954,0.000000,297.075209
3298,6782.489349,0.000000,47.000000,221.722347,0.000000,289.303621
3299,6782.489349,0.000000,47.000000,222.223740,0.000000,281.532033
3303,6782.489349,0.000000,47.000000,224.229311,0.000000,250.445682
3304,6782.489349,0.000000,47.000000,224.730704,0.000000,242.674095
3305,6782.489349,0.000000,47.000000,225.232096,0.000000,234.902507
3311,6782.489349,0.000000,47.000000,228.240453,0.000000,188.272981
3312,6782.489349,0.000000,47.000000,228.741846,0.000000,180.501393
3313,6782.489349,0.000000,47.000000,229.243238,0.000000,172.729805
3314,6782.489349,0.000000,47.000000,229.744631,0.000000,164.958217
3315,6782.489349,0.000000,47.000000,230.246024,0.000000,157.186630
3316,6782.489349,0.000000,47.000000,230.747417,0.000000,149.415042
3317,6782.489349,0.000000,47.000000,231.248809,0.000000,141.643454
3319,6782.489349,0.000000,47.000000,232.251595,0.000000,126.100279
3320,6782.489349,0.000000,47.000000,232.752988,0.000000,118.328691
3321,6782.489349,0.000000,47.000000,233.254380,0.000000,110.557103
3322,6782.489349,0.000000,47.000000,233.755773,0.000000,102.785515
3323,6782.489349,0.000000,47.000000,234.257166,0.000000,95.013928
3324,6782.489349,0.000000,47.000000,234.758559,0.000000,87.242340
3327,6782.489349,0.000000,47.000000,236.262737,0.000000,63.927577
3328,6782.489349,0.000000,47.000000,236.764130,0.000000,56.155989
3329,6782.489349,0.000000,47.000000,237.265523,0.000000,48.384401
3330,6782.489349,0.000000,47.000000,237.766915,0.000000,40.612813
3331,6782.489349,0.000000,47.000000,238.268308,0.000000,32.841226
3332,6782.489349,0.000000,47.000000,238.769701,0.000000,25.069638
3339,6782.489349,0.000000,47.000000,242.279450,0.000000,330.668524
3340,6782.489349,0.000000,47.000000,242.780843,0.000000,322.896936
3343,6782.489349,0.000000,47.000000,244.285021,0.000000,299.582173
3346,6782.489349,0.000000,47.000000,245.789199,0.000000,276.267409
3347,6782.489349,0.000000,47.000000,246.290592,0.000000,268.495822
3348,6782.489349,0.000000,47.000000,246.791985,0.000000,260.724234
3349,6782.489349,0.000000,47.000000,247.293378,0.000000,252.952646
3350,6782.489349,0.000000,47.000000,247.794770,0.000000,245.181058
3352,6782.489349,0.000000,47.000000,248.797556,0.000000,229.637883
3354,6782.489349,0.000000,47.000000,249.800341,0.000000,214.094708
3355,6782.489349,0.000000,47.000000,250.301734,0.000000,206.323120
3362,6782.489349,0.000000,47.000000,253.811484,0.000000,151.922006
3363,6782.489349,0.000000,47.000000,254.312876,0.000000,144.150418
3364,6782.489349,0.000000,47.000000,254.814269,0.000000,136.378830
3365,6782.489349,0.000000,47.000000,255.315662,0.000000,128.607242
3366,6782.489349,0.000000,47.000000,255.817055,0.000000,120.835655
3367,6782.489349,0.000000,47.000000,256.318447,0.000000,113.064067
3368,6782.489349,0.000000,47.000000,256.819840,0.000000,105.292479
3369,6782.489349,0.000000,47.000000,257.321233,0.000000,97.520891
3370,6782.489349,0.000000,47.000000,257.822626,0.000000,89.749304
3371,6782.489349,0.000000,47.000000,258.324018,0.000000,81.977716
3372,6782.489349,0.000000,47.000000,258.825411,0.000000,74.206128
3373,6782.489349,0.000000,47.000000,259.326804,0.000000,66.434540
3377,6782.489349,0.000000,47.000000,261.332375,0.000000,35.348189
3378,6782.489349,0.000000,47.000000,261.833768,0.000000,27.576602
3381,6782.489349,0.000000,47.000000,263.337946,0.000000,4.261838
3382,6782.489349,0.000000,47.000000,263.839339,0.000000,356.490251
3383,6782.489349,0.000000,47.000000,264.340731,0.000000,348.718663
3384,6782.489349,0.000000,47.000000,264.842124,0.000000,340.947075
3385,6782.489349,0.000000,47.000000,265.343517,0.000000,333.175487
3386,6782.489349,0.000000,47.000000,265.844910,0.000000,325.403900
3388,6782.489349,0.000000,47.000000,266.847695,0.000000,309.860724
3389,6782.489349,0.000000,47.000000,267.349088,0.000000,302.089136
3390,6782.489349,0.000000,47.000000,267.850481,0.000000,294.317549
3391,6782.489349,0.000000,47.000000,268.351873,0.000000,286.545961
3393,6782.489349,0.000000,47.000000,269.354659,0.000000,271.002786
3394,6782.489349,0.000000,47.000000,269.856052,0.000000,263.231198
3395,6782.489349,0.000000,47.000000,270.357445,0.000000,255.459610
3405,6782.489349,0.000000,47.000000,275.371372,0.000000,177.743733
3407,6782.489349,0.000000,47.000000,276.374158,0.000000,162.200557
3408,6782.489349,0.000000,47.000000,276.875550,0.000000,154.428969
3409,6782.489349,0.000000,47.000000,277.376943,0.000000,146.657382
3410,6782.489349,0.000000,47.000000,277.878336,0.000000,138.885794
3411,6782.489349,0.000000,47.000000,278.379729,0.000000,131.114206
3414,6782.489349,0.000000,47.000000,279.883907,0.000000,107.799443
3415,6782.489349,0.000000,47.000000,280.385300,0.000000,100.027855
3417,6782.489349,0.000000,47.000000,281.388085,0.000000,84.484680
3418,6782.489349,0.000000,47.000000,281.889478,0.000000,76.713092
3419,6782.489349,0.000000,47.000000,282.390871,0.000000,68.941504
3423,6782.489349,0.000000,47.000000,284.396442,0.000000,37.855153
3425,6782.489349,0.000000,47.000000,285.399227,0.000000,22.311978
3426,6782.489349,0.000000,47.000000,285.900620,0.000000,14.540390
3427,6782.489349,0.000000,47.000000,286.402013,0.000000,6.768802
3428,6782.489349,0.000000,47.000000,286.903406,0.000000,358.997214
3432,6782.489349,0.000000,47.000000,288.908977,0.000000,327.910864
3433,6782.489349,0.000000,47.000000,289.410369,0.000000,320.139276
3434,6782.489349,0.000000,47.000000,289.911762,0.000000,312.367688
3435,6782.489349,0.000000,47.000000,290.413155,0.000000,304.596100
3437,6782.489349,0.000000,47.000000,291.415940,0.000000,289.052925
3438,6782.489349,0.000000,47.000000,291.917333,0.000000,281.281337
3439,6782.489349,0.000000,47.000000,292.418726,0.000000,273.509749
3441,6782.489349,0.000000,47.000000,293.421511,0.000000,257.966574
3442,6782.489349,0.000000,47.000000,293.922904,0.000000,250.194986
3443,6782.489349,0.000000,47.000000,294.424297,0.000000,242.423398
3445,6782.489349,0.000000,47.000000,295.427082,0.000000,226.880223
3446,6782.489349,0.000000,47.000000,295.928475,0.000000,219.108635
3447,6782.489349,0.000000,47.000000,296.429868,0.000000,211.337047
3455,6782.489349,0.000000,47.000000,300.441010,0.000000,149.164345
3459,6782.489349,0.000000,47.000000,302.446581,0.000000,118.077994
3460,6782.489349,0.000000,47.000000,302.947974,0.000000,110.306407
3461,6782.489349,0.000000,47.000000,303.449367,0.000000,102.534819
3462,6782.489349,0.000000,47.000000,303.950759,0.000000,94.763231
3463,6782.489349,0.000000,47.000000,304.452152,0.000000,86.991643
3464,6782.489349,0.000000,47.000000,304.953545,0.000000,79.220056
3465,6782.489349,0.000000,47.000000,305.454938,0.000000,71.448468
3468,6782.489349,0.000000,47.000000,306.959116,0.000000,48.133705
3469,6782.489349,0.000000,47.000000,307.460509,0.000000,40.362117
3470,6782.489349,0.000000,47.000000,307.961901,0.000000,32.590529
3471,6782.489349,0.000000,47.000000,308.463294,0.000000,24.818942
3481,6782.489349,0.000000,47.000000,313.477222,0.000000,307.103064
3483,6782.489349,0.000000,47.000000,314.480007,0.000000,291.559889
3484,6782.489349,0.000000,47.000000,314.981400,0.000000,283.788301
3486,6782.489349,0.000000,47.000000,315.984185,0.000000,268.245125
3488,6782.489349,0.000000,47.000000,316.986971,0.000000,252.701950
3489,6782.489349,0.000000,47.000000,317.488364,0.000000,244.930362
3492,6782.489349,0.000000,47.000000,318.992542,0.000000,221.615599
3495,6782.489349,0.000000,47.000000,320.496720,0.000000,198.300836
3496,6782.489349,0.000000,47.000000,320.998113,0.000000,190.529248
3497,6782.489349,0.000000,47.000000,321.499506,0.000000,182.757660
3503,6782.489349,0.000000,47.000000,324.507862,0.000000,136.128134
3505,6782.489349,0.000000,47.000000,325.510648,0.000000,120.584958
3506,6782.489349,0.000000,47.000000,326.012041,0.000000,112.813370
3508,6782.489349,0.000000,47.000000,327.014826,0.000000,97.270195
3509,6782.489349,0.000000,47.000000,327.516219,0.000000,89.498607
3511,6782.489349,0.000000,47.000000,328.519004,0.000000,73.955432
3512,6782.489349,0.000000,47.000000,329.020397,0.000000,66.183844
3513,6782.489349,0.000000,47.000000,329.521790,0.000000,58.412256
3515,6782.489349,0.000000,47.000000,330.524575,0.000000,42.869081
3516,6782.489349,0.000000,47.000000,331.025968,0.000000,35.097493
3517,6782.489349,0.000000,47.000000,331.527361,0.000000,27.325905
3518,6782.489349,0.000000,47.000000,332.028754,0.000000,19.554318
3521,6782.489349,0.000000,47.000000,333.532932,0.000000,356.239554
3522,6782.489349,0.000000,47.000000,334.034325,0.000000,348.467967
3526,6782.489349,0.000000,47.000000,336.039896,0.000000,317.381616
3528,6782.489349,0.000000,47.000000,337.042681,0.000000,301.838440
3531,6782.489349,0.000000,47.000000,338.546860,0.000000,278.523677
3532,6782.489349,0.000000,47.000000,339.048252,0.000000,270.752089
3535,6782.489349,0.000000,47.000000,340.552431,0.000000,247.437326
3536,6782.489349,0.000000,47.000000,341.053823,0.000000,239.665738
3537,6782.489349,0.000000,47.000000,341.555216,0.000000,231.894150
3540,6782.489349,0.000000,47.000000,343.059394,0.000000,208.579387
3542,6782.489349,0.000000,47.000000,344.062180,0.000000,193.036212
3543,6782.489349,0.000000,47.000000,344.563573,0.000000,185.264624
3545,6782.489349,0.000000,47.000000,345.566358,0.000000,169.721448
3546,6782.489349,0.000000,47.000000,346.067751,0.000000,161.949861
3552,6782.489349,0.000000,47.000000,349.076107,0.000000,115.320334
3555,6782.489349,0.000000,47.000000,350.580286,0.000000,92.005571
3556,6782.489349,0.000000,47.000000,351.081678,0.000000,84.233983
3557,6782.489349,0.000000,47.000000,351.583071,0.000000,76.462396
3562,6782.489349,0.000000,47.000000,354.090035,0.000000,37.604457
3563,6782.489349,0.000000,47.000000,354.591428,0.000000,29.832869
3568,6782.489349,0.000000,47.000000,357.098392,0.000000,350.974930
3573,6782.489349,0.000000,47.000000,359.605355,0.000000,312.116992
3577,6782.489349,0.000000,47.000000,1.610926,0.000000,281.030641
3595,6782.489349,0.000000,47.000000,10.635996,0.000000,141.142061
3596,6782.489349,0.000000,47.000000,11.137389,0.000000,133.370474
3597,6782.489349,0.000000,47.000000,11.638782,0.000000,125.598886
3599,6782.489349,0.000000,47.000000,12.641567,0.000000,110.055710
3602,6782.489349,0.000000,47.000000,14.145745,0.000000,86.740947
3606,6782.489349,0.000000,47.000000,16.151316,0.000000,55.654596
3613,6782.489349,0.000000,47.000000,19.661066,0.000000,1.253482
3614,6782.489349,0.000000,47.000000,20.162458,0.000000,353.481894
3619,6782.489349,0.000000,47.000000,22.669422,0.000000,314.623955
3622,6782.489349,0.000000,47.000000,24.173601,0.000000,291.309192
3623,6782.489349,0.000000,47.000000,24.674993,0.000000,283.537604
3626,6782.489349,0.000000,47.000000,26.179172,0.000000,260.222841
3642,6782.489349,0.000000,47.000000,34.201456,0.000000,135.877437
3647,6782.489349,0.000000,47.000000,36.708419,0.000000,97.019499
3652,6782.489349,0.000000,47.000000,39.215383,0.000000,58.161560
3653,6782.489349,0.000000,47.000000,39.716776,0.000000,50.389972
3654,6782.489349,0.000000,47.000000,40.218169,0.000000,42.618384
3655,6782.489349,0.000000,47.000000,40.719562,0.000000,34.846797
3656,6782.489349,0.000000,47.000000,41.220954,0.000000,27.075209
3657,6782.489349,0.000000,47.000000,41.722347,0.000000,19.303621
3658,6782.489349,0.000000,47.000000,42.223740,0.000000,11.532033
3670,6782.489349,0.000000,47.000000,48.240453,0.000000,278.272981
3697,6782.489349,0.000000,47.000000,61.778057,0.000000,68.440111
3698,6782.489349,0.000000,47.000000,62.279450,0.000000,60.668524
3699,6782.489349,0.000000,47.000000,62.780843,0.000000,52.896936
3700,6782.489349,0.000000,47.000000,63.282236,0.000000,45.125348
3701,6782.489349,0.000000,47.000000,63.783628,0.000000,37.353760
3702,6782.489349,0.000000,47.000000,64.285021,0.000000,29.582173
3703,6782.489349,0.000000,47.000000,64.786414,0.000000,21.810585
3704,6782.489349,0.000000,47.000000,65.287807,0.000000,14.038997
3707,6782.489349,0.000000,47.000000,66.791985,0.000000,350.724234
3710,6782.489349,0.000000,47.000000,68.296163,0.000000,327.409471
3735,6782.489349,0.000000,47.000000,80.830982,0.000000,133.119777
3737,6782.489349,0.000000,47.000000,81.833768,0.000000,117.576602
3741,6782.489349,0.000000,47.000000,83.839339,0.000000,86.490251
3743,6782.489349,0.000000,47.000000,84.842124,0.000000,70.947075
3745,6782.489349,0.000000,47.000000,85.844910,0.000000,55.403900
3748,6782.489349,0.000000,47.000000,87.349088,0.000000,32.089136
3749,6782.489349,0.000000,47.000000,87.850481,0.000000,24.317549
3750,6782.489349,0.000000,47.000000,88.351873,0.000000,16.545961
3751,6782.489349,0.000000,47.000000,88.853266,0.000000,8.774373
3754,6782.489349,0.000000,47.000000,90.357445,0.000000,345.459610
3755,6782.489349,0.000000,47.000000,90.858837,0.000000,337.688022
3756,6782.489349,0.000000,47.000000,91.360230,0.000000,329.916435
3757,6782.489349,0.000000,47.000000,91.861623,0.000000,322.144847
3761,6782.489349,0.000000,47.000000,93.867194,0.000000,291.058496
3763,6782.489349,0.000000,47.000000,94.869979,0.000000,275.515320
3764,6782.489349,0.000000,47.000000,95.371372,0.000000,267.743733
3776,6782.489349,0.000000,47.000000,101.388085,0.000000,174.484680
3777,6782.489349,0.000000,47.000000,101.889478,0.000000,166.713092
3792,6782.489349,0.000000,47.000000,109.410369,0.000000,50.139276
3793,6782.489349,0.000000,47.000000,109.911762,0.000000,42.367688
3794,6782.489349,0.000000,47.000000,110.413155,0.000000,34.596100
3795,6782.489349,0.000000,47.000000,110.914548,0.000000,26.824513
3796,6782.489349,0.000000,47.000000,111.415940,0.000000,19.052925
3797,6782.489349,0.000000,47.000000,111.917333,0.000000,11.281337
3798,6782.489349,0.000000,47.000000,112.418726,0.000000,3.509749
3799,6782.489349,0.000000,47.000000,112.920119,0.000000,355.738162
3800,6782.489349,0.000000,47.000000,113.421511,0.000000,347.966574
3801,6782.489349,0.000000,47.000000,113.922904,0.000000,340.194986
3802,6782.489349,0.000000,47.000000,114.424297,0.000000,332.423398
3805,6782.489349,0.000000,47.000000,115.928475,0.000000,309.108635
3807,6782.489349,0.000000,47.000000,116.931261,0.000000,293.565460
3808,6782.489349,0.000000,47.000000,117.432653,0.000000,285.793872
3812,6782.489349,0.000000,47.000000,119.438224,0.000000,254.707521
3813,6782.489349,0.000000,47.000000,119.939617,0.000000,246.935933
3822,6782.489349,0.000000,47.000000,124.452152,0.000000,176.991643
3827,6782.489349,0.000000,47.000000,126.959116,0.000000,138.133705
3831,6782.489349,0.000000,47.000000,128.964687,0.000000,107.047354
3841,6782.489349,0.000000,47.000000,133.978614,0.000000,29.331476
3842,6782.489349,0.000000,47.000000,134.480007,0.000000,21.559889
3843,6782.489349,0.000000,47.000000,134.981400,0.000000,13.788301
3844,6782.489349,0.000000,47.000000,135.482793,0.000000,6.016713
3846,6782.489349,0.000000,47.000000,136.485578,0.000000,350.473538
3847,6782.489349,0.000000,47.000000,136.986971,0.000000,342.701950
3849,6782.489349,0.000000,47.000000,137.989756,0.000000,327.158774
3850,6782.489349,0.000000,47.000000,138.491149,0.000000,319.387187
3852,6782.489349,0.000000,47.000000,139.493935,0.000000,303.844011
3853,6782.489349,0.000000,47.000000,139.995328,0.000000,296.072423
3854,6782.489349,0.000000,47.000000,140.496720,0.000000,288.300836
3858,6782.489349,0.000000,47.000000,142.502291,0.000000,257.214485
3859,6782.489349,0.000000,47.000000,143.003684,0.000000,249.442897
3860,6782.489349,0.000000,47.000000,143.505077,0.000000,241.671309
3868,6782.489349,0.000000,47.000000,147.516219,0.000000,179.498607
3871,6782.489349,0.000000,47.000000,149.020397,0.000000,156.183844
3872,6782.489349,0.000000,47.000000,149.521790,0.000000,148.412256
3874,6782.489349,0.000000,47.000000,150.524575,0.000000,132.869081
3886,6782.489349,0.000000,47.000000,156.541289,0.000000,39.610028
3887,6782.489349,0.000000,47.000000,157.042681,0.000000,31.838440
3888,6782.489349,0.000000,47.000000,157.544074,0.000000,24.066852
3890,6782.489349,0.000000,47.000000,158.546860,0.000000,8.523677
3893,6782.489349,0.000000,47.000000,160.051038,0.000000,345.208914
3894,6782.489349,0.000000,47.000000,160.552431,0.000000,337.437326
3895,6782.489349,0.000000,47.000000,161.053823,0.000000,329.665738
3897,6782.489349,0.000000,47.000000,162.056609,0.000000,314.122563
3898,6782.489349,0.000000,47.000000,162.558002,0.000000,306.350975
3899,6782.489349,0.000000,47.000000,163.059394,0.000000,298.579387
3900,6782.489349,0.000000,47.000000,163.560787,0.000000,290.807799
3904,6782.489349,0.000000,47.000000,165.566358,0.000000,259.721448
3905,6782.489349,0.000000,47.000000,166.067751,0.000000,251.949861
3907,6782.489349,0.000000,47.000000,167.070536,0.000000,236.406685
3909,6782.489349,0.000000,47.000000,168.073322,0.000000,220.863510
3910,6782.489349,0.000000,47.000000,168.574715,0.000000,213.091922
3911,6782.489349,0.000000,47.000000,169.076107,0.000000,205.320334
3913,6782.489349,0.000000,47.000000,170.078893,0.000000,189.777159
3914,6782.489349,0.000000,47.000000,170.580286,0.000000,182.005571
3915,6782.489349,0.000000,47.000000,171.081678,0.000000,174.233983
3917,6782.489349,0.000000,47.000000,172.084464,0.000000,158.690808
3918,6782.489349,0.000000,47.000000,172.585857,0.000000,150.919220
3922,6782.489349,0.000000,47.000000,174.591428,0.000000,119.832869
3924,6782.489349,0.000000,47.000000,175.594213,0.000000,104.289694
3925,6782.489349,0.000000,47.000000,176.095606,0.000000,96.518106
3934,6782.489349,0.000000,47.000000,180.608141,0.000000,26.573816
3935,6782.489349,0.000000,47.000000,181.109534,0.000000,18.802228
3936,6782.489349,0.000000,47.000000,181.610926,0.000000,11.030641
3938,6782.489349,0.000000,47.000000,182.613712,0.000000,355.487465
3939,6782.489349,0.000000,47.000000,183.115105,0.000000,347.715877
3945,6782.489349,0.000000,47.000000,186.123461,0.000000,301.086351
3946,6782.489349,0.000000,47.000000,186.624854,0.000000,293.314763
3949,6782.489349,0.000000,47.000000,188.129032,0.000000,270.000000
3953,6782.489349,0.000000,47.000000,190.134603,0.000000,238.913649
3955,6782.489349,0.000000,47.000000,191.137389,0.000000,223.370474
3956,6782.489349,0.000000,47.000000,191.638782,0.000000,215.598886
3958,6782.489349,0.000000,47.000000,192.641567,0.000000,200.055710
3959,6782.489349,0.000000,47.000000,193.142960,0.000000,192.284123
3960,6782.489349,0.000000,47.000000,193.644353,0.000000,184.512535
3961,6782.489349,0.000000,47.000000,194.145745,0.000000,176.740947
3962,6782.489349,0.000000,47.000000,194.647138,0.000000,168.969359
3963,6782.489349,0.000000,47.000000,195.148531,0.000000,161.197772
3968,6782.489349,0.000000,47.000000,197.655495,0.000000,122.339833
3969,6782.489349,0.000000,47.000000,198.156887,0.000000,114.568245
3970,6782.489349,0.000000,47.000000,198.658280,0.000000,106.796657
3976,6782.489349,0.000000,47.000000,201.666637,0.000000,60.167131
3978,6782.489349,0.000000,47.000000,202.669422,0.000000,44.623955
3980,6782.489349,0.000000,47.000000,203.672208,0.000000,29.080780
3981,6782.489349,0.000000,47.000000,204.173601,0.000000,21.309192
3986,6782.489349,0.000000,47.000000,206.680564,0.000000,342.451253
3988,6782.489349,0.000000,47.000000,207.683350,0.000000,326.908078
3989,6782.489349,0.000000,47.000000,208.184743,0.000000,319.136490
3990,6782.489349,0.000000,47.000000,208.686135,0.000000,311.364903
3991,6782.489349,0.000000,47.000000,209.187528,0.000000,303.593315
3992,6782.489349,0.000000,47.000000,209.688921,0.000000,295.821727
3993,6782.489349,0.000000,47.000000,210.190314,0.000000,288.050139
3995,6782.489349,0.000000,47.000000,211.193099,0.000000,272.506964
3996,6782.489349,0.000000,47.000000,211.694492,0.000000,264.735376
3997,6782.489349,0.000000,47.000000,212.195885,0.000000,256.963788
4000,6782.489349,0.000000,47.000000,213.700063,0.000000,233.649025
4001,6782.489349,0.000000,47.000000,214.201456,0.000000,225.877437
4003,6782.489349,0.000000,47.000000,215.204241,0.000000,210.334262
4005,6782.489349,0.000000,47.000000,216.207027,0.000000,194.791086
4006,6782.489349,0.000000,47.000000,216.708419,0.000000,187.019499
4007,6782.489349,0.000000,47.000000,217.209812,0.000000,179.247911
4008,6782.489349,0.000000,47.000000,217.711205,0.000000,171.476323
4010,6782.489349,0.000000,47.000000,218.713990,0.000000,155.933148
4011,6782.489349,0.000000,47.000000,219.215383,0.000000,148.161560
4012,6782.489349,0.000000,47.000000,219.716776,0.000000,140.389972
4013,6782.489349,0.000000,47.000000,220.218169,0.000000,132.618384
4019,6782.489349,0.000000,47.000000,223.226525,0.000000,85.988858
4020,6782.489349,0.000000,47.000000,223.727918,0.000000,78.217270
4022,6782.489349,0.000000,47.000000,224.730704,0.000000,62.674095
4026,6782.489349,0.000000,47.000000,226.736275,0.000000,31.587744
4030,6782.489349,0.000000,47.000000,228.741846,0.000000,0.501393
4031,6782.489349,0.000000,47.000000,229.243238,0.000000,352.729805
4032,6782.489349,0.000000,47.000000,229.744631,0.000000,344.958217
4033,6782.489349,0.000000,47.000000,230.246024,0.000000,337.186630
4034,6782.489349,0.000000,47.000000,230.747417,0.000000,329.415042
4035,6782.489349,0.000000,47.000000,231.248809,0.000000,321.643454
4040,6782.489349,0.000000,47.000000,233.755773,0.000000,282.785515
4042,6782.489349,0.000000,47.000000,234.758559,0.000000,267.242340
4043,6782.489349,0.000000,47.000000,235.259951,0.000000,259.470752
4045,6782.489349,0.000000,47.000000,236.262737,0.000000,243.927577
4046,6782.489349,0.000000,47.000000,236.764130,0.000000,236.155989
4048,6782.489349,0.000000,47.000000,237.766915,0.000000,220.612813
4049,6782.489349,0.000000,47.000000,238.268308,0.000000,212.841226
4050,6782.489349,0.000000,47.000000,238.769701,0.000000,205.069638
4053,6782.489349,0.000000,47.000000,240.273879,0.000000,181.754875
4055,6782.489349,0.000000,47.000000,241.276665,0.000000,166.211699
4056,6782.489349,0.000000,47.000000,241.778057,0.000000,158.440111
4057,6782.489349,0.000000,47.000000,242.279450,0.000000,150.668524
4059,6782.489349,0.000000,47.000000,243.282236,0.000000,135.125348
4060,6782.489349,0.000000,47.000000,243.783628,0.000000,127.353760
4061,6782.489349,0.000000,47.000000,244.285021,0.000000,119.582173
4062,6782.489349,0.000000,47.000000,244.786414,0.000000,111.810585
4065,6782.489349,0.000000,47.000000,246.290592,0.000000,88.495822
4066,6782.489349,0.000000,47.000000,246.791985,0.000000,80.724234
4068,6782.489349,0.000000,47.000000,247.794770,0.000000,65.181058
4069,6782.489349,0.000000,47.000000,248.296163,0.000000,57.409471
4070,6782.489349,0.000000,47.000000,248.797556,0.000000,49.637883
4074,6782.489349,0.000000,47.000000,250.803127,0.000000,18.551532
4078,6782.489349,0.000000,47.000000,252.808698,0.000000,347.465181
4079,6782.489349,0.000000,47.000000,253.310091,0.000000,339.693593
4080,6782.489349,0.000000,47.000000,253.811484,0.000000,331.922006
4082,6782.489349,0.000000,47.000000,254.814269,0.000000,316.378830
4085,6782.489349,0.000000,47.000000,256.318447,0.000000,293.064067
4086,6782.489349,0.000000,47.000000,256.819840,0.000000,285.292479
4093,6782.489349,0.000000,47.000000,260.329589,0.000000,230.891365
4094,6782.489349,0.000000,47.000000,260.830982,0.000000,223.119777
4096,6782.489349,0.000000,47.000000,261.833768,0.000000,207.576602
4097,6782.489349,0.000000,47.000000,262.335160,0.000000,199.805014
4098,6782.489349,0.000000,47.000000,262.836553,0.000000,192.033426
4099,6782.489349,0.000000,47.000000,263.337946,0.000000,184.261838
4101,6782.489349,0.000000,47.000000,264.340731,0.000000,168.718663
4102,6782.489349,0.000000,47.000000,264.842124,0.000000,160.947075
4103,6782.489349,0.000000,47.000000,265.343517,0.000000,153.175487
4104,6782.489349,0.000000,47.000000,265.844910,0.000000,145.403900
4105,6782.489349,0.000000,47.000000,266.346302,0.000000,137.632312
4106,6782.489349,0.000000,47.000000,266.847695,0.000000,129.860724
4107,6782.489349,0.000000,47.000000,267.349088,0.000000,122.089136
4108,6782.489349,0.000000,47.000000,267.850481,0.000000,114.317549
4109,6782.489349,0.000000,47.000000,268.351873,0.000000,106.545961
4111,6782.489349,0.000000,47.000000,269.354659,0.000000,91.002786
4112,6782.489349,0.000000,47.000000,269.856052,0.000000,83.231198
4113,6782.489349,0.000000,47.000000,270.357445,0.000000,75.459610
4114,6782.489349,0.000000,47.000000,270.858837,0.000000,67.688022
4115,6782.489349,0.000000,47.000000,271.360230,0.000000,59.916435
4116,6782.489349,0.000000,47.000000,271.861623,0.000000,52.144847
4117,6782.489349,0.000000,47.000000,272.363016,0.000000,44.373259
4120,6782.489349,0.000000,47.000000,273.867194,0.000000,21.058496
4121,6782.489349,0.000000,47.000000,274.368587,0.000000,13.286908
4122,6782.489349,0.000000,47.000000,274.869979,0.000000,5.515320
4125,6782.489349,0.000000,47.000000,276.374158,0.000000,342.200557
4126,6782.489349,0.000000,47.000000,276.875550,0.000000,334.428969
4129,6782.489349,0.000000,47.000000,278.379729,0.000000,311.114206
4130,6782.489349,0.000000,47.000000,278.881121,0.000000,303.342618
4131,6782.489349,0.000000,47.000000,279.382514,0.000000,295.571031
4132,6782.489349,0.000000,47.000000,279.883907,0.000000,287.799443
4135,6782.489349,0.000000,47.000000,281.388085,0.000000,264.484680
4137,6782.489349,0.000000,47.000000,282.390871,0.000000,248.941504
4140,6782.489349,0.000000,47.000000,283.895049,0.000000,225.626741
4145,6782.489349,0.000000,47.000000,286.402013,0.000000,186.768802
4148,6782.489349,0.000000,47.000000,287.906191,0.000000,163.454039
4149,6782.489349,0.000000,47.000000,288.407584,0.000000,155.682451
4153,6782.489349,0.000000,47.000000,290.413155,0.000000,124.596100
4154,6782.489349,0.000000,47.000000,290.914548,0.000000,116.824513
4155,6782.489349,0.000000,47.000000,291.415940,0.000000,109.052925
4156,6782.489349,0.000000,47.000000,291.917333,0.000000,101.281337
4158,6782.489349,0.000000,47.000000,292.920119,0.000000,85.738162
4159,6782.489349,0.000000,47.000000,293.421511,0.000000,77.966574
4161,6782.489349,0.000000,47.000000,294.424297,0.000000,62.423398
4162,6782.489349,0.000000,47.000000,294.925690,0.000000,54.651811
4166,6782.489349,0.000000,47.000000,296.931261,0.000000,23.565460
4167,6782.489349,0.000000,47.000000,297.432653,0.000000,15.793872
4168,6782.489349,0.000000,47.000000,297.934046,0.000000,8.022284
4169,6782.489349,0.000000,47.000000,298.435439,0.000000,0.250696
4170,6782.489349,0.000000,47.000000,298.936832,0.000000,352.479109
4171,6782.489349,0.000000,47.000000,299.438224,0.000000,344.707521
4172,6782.489349,0.000000,47.000000,299.939617,0.000000,336.935933
4173,6782.489349,0.000000,47.000000,300.441010,0.000000,329.164345
4175,6782.489349,0.000000,47.000000,301.443795,0.000000,313.621170
4176,6782.489349,0.000000,47.000000,301.945188,0.000000,305.849582
4177,6782.489349,0.000000,47.000000,302.446581,0.000000,298.077994
4182,6782.489349,0.000000,47.000000,304.953545,0.000000,259.220056
4183,6782.489349,0.000000,47.000000,305.454938,0.000000,251.448468
4186,6782.489349,0.000000,47.000000,306.959116,0.000000,228.133705
4188,6782.489349,0.000000,47.000000,307.961901,0.000000,212.590529
4191,6782.489349,0.000000,47.000000,309.466080,0.000000,189.275766
4192,6782.489349,0.000000,47.000000,309.967472,0.000000,181.504178
4195,6782.489349,0.000000,47.000000,311.471651,0.000000,158.189415
4196,6782.489349,0.000000,47.000000,311.973043,0.000000,150.417827
4197,6782.489349,0.000000,47.000000,312.474436,0.000000,142.646240
4198,6782.489349,0.000000,47.000000,312.975829,0.000000,134.874652
4199,6782.489349,0.000000,47.000000,313.477222,0.000000,127.103064
4200,6782.489349,0.000000,47.000000,313.978614,0.000000,119.331476
4201,6782.489349,0.000000,47.000000,314.480007,0.000000,111.559889
4202,6782.489349,0.000000,47.000000,314.981400,0.000000,103.788301
4203,6782.489349,0.000000,47.000000,315.482793,0.000000,96.016713
4204,6782.489349,0.000000,47.000000,315.984185,0.000000,88.245125
4206,6782.489349,0.000000,47.000000,316.986971,0.000000,72.701950
4207,6782.489349,0.000000,47.000000,317.488364,0.000000,64.930362
4208,6782.489349,0.000000,47.000000,317.989756,0.000000,57.158774
4209,6782.489349,0.000000,47.000000,318.491149,0.000000,49.387187
4210,6782.489349,0.000000,47.000000,318.992542,0.000000,41.615599
4215,6782.489349,0.000000,47.000000,321.499506,0.000000,2.757660
4216,6782.489349,0.000000,47.000000,322.000899,0.000000,354.986072
4217,6782.489349,0.000000,47.000000,322.502291,0.000000,347.214485
4218,6782.489349,0.000000,47.000000,323.003684,0.000000,339.442897
4219,6782.489349,0.000000,47.000000,323.505077,0.000000,331.671309
4221,6782.489349,0.000000,47.000000,324.507862,0.000000,316.128134
4222,6782.489349,0.000000,47.000000,325.009255,0.000000,308.356546
4223,6782.489349,0.000000,47.000000,325.510648,0.000000,300.584958
4228,6782.489349,0.000000,47.000000,328.017612,0.000000,261.727019
4229,6782.489349,0.000000,47.000000,328.519004,0.000000,253.955432
4234,6782.489349,0.000000,47.000000,331.025968,0.000000,215.097493
4235,6782.489349,0.000000,47.000000,331.527361,0.000000,207.325905
4237,6782.489349,0.000000,47.000000,332.530146,0.000000,191.782730
4238,6782.489349,0.000000,47.000000,333.031539,0.000000,184.011142
4241,6782.489349,0.000000,47.000000,334.535717,0.000000,160.696379
4242,6782.489349,0.000000,47.000000,335.037110,0.000000,152.924791
4243,6782.489349,0.000000,47.000000,335.538503,0.000000,145.153203
4246,6782.489349,0.000000,47.000000,337.042681,0.000000,121.838440
4247,6782.489349,0.000000,47.000000,337.544074,0.000000,114.066852
4248,6782.489349,0.000000,47.000000,338.045467,0.000000,106.295265
4250,6782.489349,0.000000,47.000000,339.048252,0.000000,90.752089
4251,6782.489349,0.000000,47.000000,339.549645,0.000000,82.980501
4252,6782.489349,0.000000,47.000000,340.051038,0.000000,75.208914
4253,6782.489349,0.000000,47.000000,340.552431,0.000000,67.437326
4254,6782.489349,0.000000,47.000000,341.053823,0.000000,59.665738
4255,6782.489349,0.000000,47.000000,341.555216,0.000000,51.894150
4259,6782.489349,0.000000,47.000000,343.560787,0.000000,20.807799
4268,6782.489349,0.000000,47.000000,348.073322,0.000000,310.863510
4271,6782.489349,0.000000,47.000000,349.577500,0.000000,287.548747
4274,6782.489349,0.000000,47.000000,351.081678,0.000000,264.233983
4275,6782.489349,0.000000,47.000000,351.583071,0.000000,256.462396
4276,6782.489349,0.000000,47.000000,352.084464,0.000000,248.690808
4277,6782.489349,0.000000,47.000000,352.585857,0.000000,240.919220
4282,6782.489349,0.000000,47.000000,355.092821,0.000000,202.061281
4283,6782.489349,0.000000,47.000000,355.594213,0.000000,194.289694
4284,6782.489349,0.000000,47.000000,356.095606,0.000000,186.518106
4285,6782.489349,0.000000,47.000000,356.596999,0.000000,178.746518
4286,6782.489349,0.000000,47.000000,357.098392,0.000000,170.974930
4288,6782.489349,0.000000,47.000000,358.101177,0.000000,155.431755
4289,6782.489349,0.000000,47.000000,358.602570,0.000000,147.660167
4290,6782.489349,0.000000,47.000000,359.103963,0.000000,139.888579
4292,6782.489349,0.000000,47.000000,0.106748,0.000000,124.345404
4293,6782.489349,0.000000,47.000000,0.608141,0.000000,116.573816
4294,6782.489349,0.000000,47.000000,1.109534,0.000000,108.802228
4298,6782.489349,0.000000,47.000000,3.115105,0.000000,77.715877
4299,6782.489349,0.000000,47.000000,3.616497,0.000000,69.944290
4301,6782.489349,0.000000,47.000000,4.619283,0.000000,54.401114
4311,6782.489349,0.000000,43.000000,10.794501,0.000000,336.685237
4318,6782.489349,0.000000,43.000000,14.304250,0.000000,282.284123
4325,6782.489349,0.000000,43.000000,17.813999,0.000000,227.883008
4327,6782.489349,0.000000,43.000000,18.816785,0.000000,212.339833
4332,6782.489349,0.000000,43.000000,21.323749,0.000000,173.481894
4340,6782.489349,0.000000,43.000000,25.334891,0.000000,111.309192
4343,6782.489349,0.000000,43.000000,26.839069,0.000000,87.994429
4366,6782.489349,0.000000,43.000000,38.371103,0.000000,269.247911
4374,6782.489349,0.000000,43.000000,42.382245,0.000000,207.075209
4379,6782.489349,0.000000,43.000000,44.889208,0.000000,168.217270
4402,6782.489349,0.000000,43.000000,56.421242,0.000000,349.470752
4403,6782.489349,0.000000,43.000000,56.922635,0.000000,341.699164
4416,6782.489349,0.000000,43.000000,63.440740,0.000000,240.668524
4431,6782.489349,0.000000,43.000000,70.961632,0.000000,124.094708
4450,6782.489349,0.000000,43.000000,80.488094,0.000000,336.434540
4466,6782.489349,0.000000,43.000000,88.510378,0.000000,212.089136
4470,6782.489349,0.000000,43.000000,90.515949,0.000000,181.002786
4481,6782.489349,0.000000,43.000000,96.031270,0.000000,95.515320
4488,6782.489349,0.000000,43.000000,99.541019,0.000000,41.114206
4505,6782.489349,0.000000,43.000000,108.064696,0.000000,268.997214
4519,6782.489349,0.000000,43.000000,115.084194,0.000000,160.194986
4524,6782.489349,0.000000,43.000000,117.591158,0.000000,121.337047
4535,6782.489349,0.000000,43.000000,123.106479,0.000000,35.849582
4537,6782.489349,0.000000,43.000000,124.109264,0.000000,20.306407
4571,6782.489349,0.000000,43.000000,141.156618,0.000000,116.072423
4574,6782.489349,0.000000,43.000000,142.660796,0.000000,92.757660
4608,6782.489349,0.000000,43.000000,159.708150,0.000000,188.523677
4625,6782.489349,0.000000,43.000000,168.231827,0.000000,56.406685
4671,6782.489349,0.000000,43.000000,191.295894,0.000000,58.913649
4696,6782.489349,0.000000,43.000000,203.830713,0.000000,224.623955
4706,6782.489349,0.000000,43.000000,208.844640,0.000000,146.908078
4718,6782.489349,0.000000,43.000000,214.861353,0.000000,53.649025
4721,6782.489349,0.000000,43.000000,216.365531,0.000000,30.334262
4852,6782.489349,0.000000,43.000000,282.047983,0.000000,92.256267
4869,6782.489349,0.000000,43.000000,290.571660,0.000000,320.139276
4872,6782.489349,0.000000,43.000000,292.075838,0.000000,296.824513
4885,6782.489349,0.000000,43.000000,298.593944,0.000000,195.793872
4906,6782.489349,0.000000,43.000000,309.123192,0.000000,32.590529
4955,6782.489349,0.000000,43.000000,333.691437,0.000000,11.782730
5013,6782.489349,0.000000,43.000000,2.772217,0.000000,281.030641
5034,6782.489349,0.000000,43.000000,13.301465,0.000000,117.827298
5043,6782.489349,0.000000,43.000000,17.813999,0.000000,47.883008
5045,6782.489349,0.000000,43.000000,18.816785,0.000000,32.339833
5073,6782.489349,0.000000,43.000000,32.855782,0.000000,174.735376
5084,6782.489349,0.000000,43.000000,38.371103,0.000000,89.247911
5098,6782.489349,0.000000,43.000000,45.390601,0.000000,340.445682
5105,6782.489349,0.000000,43.000000,48.900350,0.000000,286.044568
5129,6782.489349,0.000000,43.000000,60.933777,0.000000,99.526462
5155,6782.489349,0.000000,43.000000,73.969988,0.000000,257.465181
5157,6782.489349,0.000000,43.000000,74.972774,0.000000,241.922006
5174,6782.489349,0.000000,43.000000,83.496451,0.000000,109.805014
5182,6782.489349,0.000000,43.000000,87.507593,0.000000,47.632312
5195,6782.489349,0.000000,43.000000,94.025699,0.000000,306.601671
5205,6782.489349,0.000000,43.000000,99.039626,0.000000,228.885794
5206,6782.489349,0.000000,43.000000,99.541019,0.000000,221.114206
5210,6782.489349,0.000000,43.000000,101.546590,0.000000,190.027855
5216,6782.489349,0.000000,43.000000,104.554947,0.000000,143.398329
5244,6782.489349,0.000000,43.000000,118.593944,0.000000,285.793872
5265,6782.489349,0.000000,43.000000,129.123192,0.000000,122.590529
5274,6782.489349,0.000000,43.000000,133.635726,0.000000,52.646240
5291,6782.489349,0.000000,43.000000,142.159403,0.000000,280.529248
5315,6782.489349,0.000000,43.000000,154.192830,0.000000,94.011142
5450,6782.489349,0.000000,43.000000,221.880852,0.000000,124.846797
5460,6782.489349,0.000000,43.000000,226.894779,0.000000,47.130919
5499,6782.489349,0.000000,43.000000,246.449097,0.000000,104.038997
5536,6782.489349,0.000000,43.000000,265.000629,0.000000,176.490251
5559,6782.489349,0.000000,43.000000,276.532662,0.000000,357.743733
5616,6782.489349,0.000000,43.000000,305.112050,0.000000,274.763231
5630,6782.489349,0.000000,43.000000,312.131548,0.000000,165.961003
5654,6782.489349,0.000000,43.000000,324.164974,0.000000,339.442897
5717,6782.489349,0.000000,43.000000,355.752718,0.000000,209.832869
5734,6782.489349,0.000000,43.000000,4.276395,0.000000,77.715877
5787,6782.489349,0.000000,44.000000,32.011501,0.000000,25.821727
5796,6782.489349,0.000000,44.000000,36.524036,0.000000,315.877437
5818,6782.489349,0.000000,44.000000,47.554677,0.000000,144.902507
5820,6782.489349,0.000000,44.000000,48.557462,0.000000,129.359331
5869,6782.489349,0.000000,44.000000,73.125708,0.000000,108.551532
5895,6782.489349,0.000000,44.000000,86.161919,0.000000,266.490251
5905,6782.489349,0.000000,44.000000,91.175847,0.000000,188.774373
5917,6782.489349,0.000000,44.000000,97.192560,0.000000,95.515320
5933,6782.489349,0.000000,44.000000,105.214844,0.000000,331.169916
6014,6782.489349,0.000000,44.000000,145.827657,0.000000,61.671309
6042,6782.489349,0.000000,44.000000,159.866655,0.000000,204.066852
6055,6782.489349,0.000000,44.000000,166.384761,0.000000,103.036212
6155,6782.489349,0.000000,44.000000,216.524036,0.000000,45.877437
6232,6782.489349,0.000000,44.000000,255.131279,0.000000,167.465181
6262,6782.489349,0.000000,44.000000,270.173061,0.000000,294.317549
6331,6782.489349,0.000000,44.000000,304.769162,0.000000,118.077994
6351,6782.489349,0.000000,44.000000,314.797017,0.000000,322.646240
6544,6782.489349,0.000000,44.000000,51.565819,0.000000,262.729805
6559,6782.489349,0.000000,44.000000,59.086710,0.000000,146.155989
6561,6782.489349,0.000000,44.000000,60.089496,0.000000,130.612813
6594,6782.489349,0.000000,44.000000,76.635457,0.000000,234.150418
6648,6782.489349,0.000000,44.000000,103.710666,0.000000,174.484680
6700,6782.489349,0.000000,44.000000,129.783089,0.000000,130.362117
6742,6782.489349,0.000000,44.000000,150.841585,0.000000,163.955432
6751,6782.489349,0.000000,44.000000,155.354120,0.000000,94.011142
6775,6782.489349,0.000000,44.000000,167.387546,0.000000,267.493036
6799,6782.489349,0.000000,44.000000,179.420972,0.000000,80.974930
6805,6782.489349,0.000000,44.000000,182.429329,0.000000,34.345404
6830,6782.489349,0.000000,44.000000,194.964148,0.000000,200.055710
6922,6782.489349,0.000000,44.000000,241.092281,0.000000,205.069638
6954,6782.489349,0.000000,44.000000,257.136850,0.000000,316.378830
7007,6782.489349,0.000000,44.000000,283.710666,0.000000,264.484680
7037,6782.489349,0.000000,44.000000,298.752449,0.000000,31.337047
7106,6782.489349,0.000000,44.000000,333.348549,0.000000,215.097493
7157,6782.489349,0.000000,44.000000,358.919579,0.000000,178.746518
7177,6782.489349,0.000000,44.000000,8.947435,0.000000,23.314763
7181,6782.489349,0.000000,46.000000,7.469135,0.000000,352.228412
7184,6782.489349,0.000000,46.000000,8.973313,0.000000,328.913649
7185,6782.489349,0.000000,46.000000,9.474706,0.000000,321.142061
7186,6782.489349,0.000000,46.000000,9.976098,0.000000,313.370474
7188,6782.489349,0.000000,46.000000,10.978884,0.000000,297.827298
7189,6782.489349,0.000000,46.000000,11.480277,0.000000,290.055710
7191,6782.489349,0.000000,46.000000,12.483062,0.000000,274.512535
7192,6782.489349,0.000000,46.000000,12.984455,0.000000,266.740947
7197,6782.489349,0.000000,46.000000,15.491419,0.000000,227.883008
7199,6782.489349,0.000000,46.000000,16.494204,0.000000,212.339833
7204,6782.489349,0.000000,46.000000,19.001168,0.000000,173.481894
7206,6782.489349,0.000000,46.000000,20.003954,0.000000,157.938719
7209,6782.489349,0.000000,46.000000,21.508132,0.000000,134.623955
7210,6782.489349,0.000000,46.000000,22.009525,0.000000,126.852368
7215,6782.489349,0.000000,46.000000,24.516488,0.000000,87.994429
7217,6782.489349,0.000000,46.000000,25.519274,0.000000,72.451253
7219,6782.489349,0.000000,46.000000,26.522059,0.000000,56.908078
7220,6782.489349,0.000000,46.000000,27.023452,0.000000,49.136490
7224,6782.489349,0.000000,46.000000,29.029023,0.000000,18.050139
7228,6782.489349,0.000000,46.000000,31.034594,0.000000,346.963788
7230,6782.489349,0.000000,46.000000,32.037380,0.000000,331.420613
7233,6782.489349,0.000000,46.000000,33.541558,0.000000,308.105850
7236,6782.489349,0.000000,46.000000,35.045736,0.000000,284.791086
7238,6782.489349,0.000000,46.000000,36.048522,0.000000,269.247911
7240,6782.489349,0.000000,46.000000,37.051307,0.000000,253.704735
7243,6782.489349,0.000000,46.000000,38.555486,0.000000,230.389972
7245,6782.489349,0.000000,46.000000,39.558271,0.000000,214.846797
7246,6782.489349,0.000000,46.000000,40.059664,0.000000,207.075209
7247,6782.489349,0.000000,46.000000,40.561057,0.000000,199.303621
7249,6782.489349,0.000000,46.000000,41.563842,0.000000,183.760446
7250,6782.489349,0.000000,46.000000,42.065235,0.000000,175.988858
7252,6782.489349,0.000000,46.000000,43.068020,0.000000,160.445682
7253,6782.489349,0.000000,46.000000,43.569413,0.000000,152.674095
7255,6782.489349,0.000000,46.000000,44.572199,0.000000,137.130919
7256,6782.489349,0.000000,46.000000,45.073592,0.000000,129.359331
7257,6782.489349,0.000000,46.000000,45.574984,0.000000,121.587744
7260,6782.489349,0.000000,46.000000,47.079163,0.000000,98.272981
7261,6782.489349,0.000000,46.000000,47.580555,0.000000,90.501393
7264,6782.489349,0.000000,46.000000,49.084734,0.000000,67.186630
7266,6782.489349,0.000000,46.000000,50.087519,0.000000,51.643454
7268,6782.489349,0.000000,46.000000,51.090305,0.000000,36.100279
7269,6782.489349,0.000000,46.000000,51.591697,0.000000,28.328691
7270,6782.489349,0.000000,46.000000,52.093090,0.000000,20.557103
7271,6782.489349,0.000000,46.000000,52.594483,0.000000,12.785515
7272,6782.489349,0.000000,46.000000,53.095876,0.000000,5.013928
7276,6782.489349,0.000000,46.000000,55.101447,0.000000,333.927577
7277,6782.489349,0.000000,46.000000,55.602839,0.000000,326.155989
7279,6782.489349,0.000000,46.000000,56.605625,0.000000,310.612813
7280,6782.489349,0.000000,46.000000,57.107018,0.000000,302.841226
7282,6782.489349,0.000000,46.000000,58.109803,0.000000,287.298050
7283,6782.489349,0.000000,46.000000,58.611196,0.000000,279.526462
7287,6782.489349,0.000000,46.000000,60.616767,0.000000,248.440111
7288,6782.489349,0.000000,46.000000,61.118160,0.000000,240.668524
7289,6782.489349,0.000000,46.000000,61.619553,0.000000,232.896936
7291,6782.489349,0.000000,46.000000,62.622338,0.000000,217.353760
7295,6782.489349,0.000000,46.000000,64.627909,0.000000,186.267409
7297,6782.489349,0.000000,46.000000,65.630695,0.000000,170.724234
7298,6782.489349,0.000000,46.000000,66.132087,0.000000,162.952646
7299,6782.489349,0.000000,46.000000,66.633480,0.000000,155.181058
7300,6782.489349,0.000000,46.000000,67.134873,0.000000,147.409471
7309,6782.489349,0.000000,46.000000,71.647408,0.000000,77.465181
7312,6782.489349,0.000000,46.000000,73.151586,0.000000,54.150418
7313,6782.489349,0.000000,46.000000,73.652979,0.000000,46.378830
7314,6782.489349,0.000000,46.000000,74.154371,0.000000,38.607242
7319,6782.489349,0.000000,46.000000,76.661335,0.000000,359.749304
7320,6782.489349,0.000000,46.000000,77.162728,0.000000,351.977716
7322,6782.489349,0.000000,46.000000,78.165514,0.000000,336.434540
7323,6782.489349,0.000000,46.000000,78.666906,0.000000,328.662953
7326,6782.489349,0.000000,46.000000,80.171085,0.000000,305.348189
7327,6782.489349,0.000000,46.000000,80.672477,0.000000,297.576602
7328,6782.489349,0.000000,46.000000,81.173870,0.000000,289.805014
7330,6782.489349,0.000000,46.000000,82.176656,0.000000,274.261838
7331,6782.489349,0.000000,46.000000,82.678048,0.000000,266.490251
7332,6782.489349,0.000000,46.000000,83.179441,0.000000,258.718663
7333,6782.489349,0.000000,46.000000,83.680834,0.000000,250.947075
7335,6782.489349,0.000000,46.000000,84.683619,0.000000,235.403900
7338,6782.489349,0.000000,46.000000,86.187798,0.000000,212.089136
7341,6782.489349,0.000000,46.000000,87.691976,0.000000,188.774373
7342,6782.489349,0.000000,46.000000,88.193369,0.000000,181.002786
7346,6782.489349,0.000000,46.000000,90.198940,0.000000,149.916435
7348,6782.489349,0.000000,46.000000,91.201725,0.000000,134.373259
7354,6782.489349,0.000000,46.000000,94.210082,0.000000,87.743733
7357,6782.489349,0.000000,46.000000,95.714260,0.000000,64.428969
7359,6782.489349,0.000000,46.000000,96.717046,0.000000,48.885794
7361,6782.489349,0.000000,46.000000,97.719831,0.000000,33.342618
7362,6782.489349,0.000000,46.000000,98.221224,0.000000,25.571031
7363,6782.489349,0.000000,46.000000,98.722617,0.000000,17.799443
7365,6782.489349,0.000000,46.000000,99.725402,0.000000,2.256267
7366,6782.489349,0.000000,46.000000,100.226795,0.000000,354.484680
7368,6782.489349,0.000000,46.000000,101.229580,0.000000,338.941504
7369,6782.489349,0.000000,46.000000,101.730973,0.000000,331.169916
7370,6782.489349,0.000000,46.000000,102.232366,0.000000,323.398329
7372,6782.489349,0.000000,46.000000,103.235151,0.000000,307.855153
7373,6782.489349,0.000000,46.000000,103.736544,0.000000,300.083565
7377,6782.489349,0.000000,46.000000,105.742115,0.000000,268.997214
7379,6782.489349,0.000000,46.000000,106.744901,0.000000,253.454039
7381,6782.489349,0.000000,46.000000,107.747686,0.000000,237.910864
7382,6782.489349,0.000000,46.000000,108.249079,0.000000,230.139276
7383,6782.489349,0.000000,46.000000,108.750472,0.000000,222.367688
7384,6782.489349,0.000000,46.000000,109.251864,0.000000,214.596100
7385,6782.489349,0.000000,46.000000,109.753257,0.000000,206.824513
7387,6782.489349,0.000000,46.000000,110.756043,0.000000,191.281337
7388,6782.489349,0.000000,46.000000,111.257436,0.000000,183.509749
7390,6782.489349,0.000000,46.000000,112.260221,0.000000,167.966574
7391,6782.489349,0.000000,46.000000,112.761614,0.000000,160.194986
7392,6782.489349,0.000000,46.000000,113.263007,0.000000,152.423398
7393,6782.489349,0.000000,46.000000,113.764399,0.000000,144.651811
7396,6782.489349,0.000000,46.000000,115.268578,0.000000,121.337047
7402,6782.489349,0.000000,46.000000,118.276934,0.000000,74.707521
7403,6782.489349,0.000000,46.000000,118.778327,0.000000,66.935933
7404,6782.489349,0.000000,46.000000,119.279720,0.000000,59.164345
7406,6782.489349,0.000000,46.000000,120.282505,0.000000,43.621170
7407,6782.489349,0.000000,46.000000,120.783898,0.000000,35.849582
7413,6782.489349,0.000000,46.000000,123.792254,0.000000,349.220056
7416,6782.489349,0.000000,46.000000,125.296433,0.000000,325.905292
7418,6782.489349,0.000000,46.000000,126.299218,0.000000,310.362117
7419,6782.489349,0.000000,46.000000,126.800611,0.000000,302.590529
7420,6782.489349,0.000000,46.000000,127.302004,0.000000,294.818942
7423,6782.489349,0.000000,46.000000,128.806182,0.000000,271.504178
7425,6782.489349,0.000000,46.000000,129.808968,0.000000,255.961003
7428,6782.489349,0.000000,46.000000,131.313146,0.000000,232.646240
7429,6782.489349,0.000000,46.000000,131.814539,0.000000,224.874652
7433,6782.489349,0.000000,46.000000,133.820110,0.000000,193.788301
7434,6782.489349,0.000000,46.000000,134.321502,0.000000,186.016713
7436,6782.489349,0.000000,46.000000,135.324288,0.000000,170.473538
7438,6782.489349,0.000000,46.000000,136.327073,0.000000,154.930362
7439,6782.489349,0.000000,46.000000,136.828466,0.000000,147.158774
7441,6782.489349,0.000000,46.000000,137.831252,0.000000,131.615599
7443,6782.489349,0.000000,46.000000,138.834037,0.000000,116.072423
7446,6782.489349,0.000000,46.000000,140.338215,0.000000,92.757660
7447,6782.489349,0.000000,46.000000,140.839608,0.000000,84.986072
7448,6782.489349,0.000000,46.000000,141.341001,0.000000,77.214485
7453,6782.489349,0.000000,46.000000,143.847965,0.000000,38.356546
7455,6782.489349,0.000000,46.000000,144.850750,0.000000,22.813370
7457,6782.489349,0.000000,46.000000,145.853536,0.000000,7.270195
7459,6782.489349,0.000000,46.000000,146.856321,0.000000,351.727019
7466,6782.489349,0.000000,46.000000,150.366071,0.000000,297.325905
7467,6782.489349,0.000000,46.000000,150.867463,0.000000,289.554318
7469,6782.489349,0.000000,46.000000,151.870249,0.000000,274.011142
7470,6782.489349,0.000000,46.000000,152.371642,0.000000,266.239554
7471,6782.489349,0.000000,46.000000,152.873034,0.000000,258.467967
7475,6782.489349,0.000000,46.000000,154.878605,0.000000,227.381616
7476,6782.489349,0.000000,46.000000,155.379998,0.000000,219.610028
7477,6782.489349,0.000000,46.000000,155.881391,0.000000,211.838440
7480,6782.489349,0.000000,46.000000,157.385569,0.000000,188.523677
7482,6782.489349,0.000000,46.000000,158.388355,0.000000,172.980501
7483,6782.489349,0.000000,46.000000,158.889748,0.000000,165.208914
7485,6782.489349,0.000000,46.000000,159.892533,0.000000,149.665738
7486,6782.489349,0.000000,46.000000,160.393926,0.000000,141.894150
7489,6782.489349,0.000000,46.000000,161.898104,0.000000,118.579387
7492,6782.489349,0.000000,46.000000,163.402282,0.000000,95.264624
7494,6782.489349,0.000000,46.000000,164.405068,0.000000,79.721448
7498,6782.489349,0.000000,46.000000,166.410639,0.000000,48.635097
7499,6782.489349,0.000000,46.000000,166.912032,0.000000,40.863510
7504,6782.489349,0.000000,46.000000,169.418995,0.000000,2.005571
7505,6782.489349,0.000000,46.000000,169.920388,0.000000,354.233983
7506,6782.489349,0.000000,46.000000,170.421781,0.000000,346.462396
7509,6782.489349,0.000000,46.000000,171.925959,0.000000,323.147632
7510,6782.489349,0.000000,46.000000,172.427352,0.000000,315.376045
7512,6782.489349,0.000000,46.000000,173.430137,0.000000,299.832869
7518,6782.489349,0.000000,46.000000,176.438494,0.000000,253.203343
7528,6782.489349,0.000000,46.000000,181.452422,0.000000,175.487465
7530,6782.489349,0.000000,46.000000,182.455207,0.000000,159.944290
7532,6782.489349,0.000000,46.000000,183.457993,0.000000,144.401114
7536,6782.489349,0.000000,46.000000,185.463564,0.000000,113.314763
7538,6782.489349,0.000000,46.000000,186.466349,0.000000,97.771588
7539,6782.489349,0.000000,46.000000,186.967742,0.000000,90.000000
7541,6782.489349,0.000000,46.000000,187.970527,0.000000,74.456825
7543,6782.489349,0.000000,46.000000,188.973313,0.000000,58.913649
7545,6782.489349,0.000000,46.000000,189.976098,0.000000,43.370474
7546,6782.489349,0.000000,46.000000,190.477491,0.000000,35.598886
7549,6782.489349,0.000000,46.000000,191.981670,0.000000,12.284123
7553,6782.489349,0.000000,46.000000,193.987241,0.000000,341.197772
7555,6782.489349,0.000000,46.000000,194.990026,0.000000,325.654596
7556,6782.489349,0.000000,46.000000,195.491419,0.000000,317.883008
7557,6782.489349,0.000000,46.000000,195.992812,0.000000,310.111421
7559,6782.489349,0.000000,46.000000,196.995597,0.000000,294.568245
7561,6782.489349,0.000000,46.000000,197.998383,0.000000,279.025070
7564,6782.489349,0.000000,46.000000,199.502561,0.000000,255.710306
7565,6782.489349,0.000000,46.000000,200.003954,0.000000,247.938719
7567,6782.489349,0.000000,46.000000,201.006739,0.000000,232.395543
7569,6782.489349,0.000000,46.000000,202.009525,0.000000,216.852368
7572,6782.489349,0.000000,46.000000,203.513703,0.000000,193.537604
7573,6782.489349,0.000000,46.000000,204.015096,0.000000,185.766017
7574,6782.489349,0.000000,46.000000,204.516488,0.000000,177.994429
7575,6782.489349,0.000000,46.000000,205.017881,0.000000,170.222841
7576,6782.489349,0.000000,46.000000,205.519274,0.000000,162.451253
7577,6782.489349,0.000000,46.000000,206.020667,0.000000,154.679666
7578,6782.489349,0.000000,46.000000,206.522059,0.000000,146.908078
7581,6782.489349,0.000000,46.000000,208.026238,0.000000,123.593315
7583,6782.489349,0.000000,46.000000,209.029023,0.000000,108.050139
7586,6782.489349,0.000000,46.000000,210.533202,0.000000,84.735376
7588,6782.489349,0.000000,46.000000,211.535987,0.000000,69.192201
7589,6782.489349,0.000000,46.000000,212.037380,0.000000,61.420613
7592,6782.489349,0.000000,46.000000,213.541558,0.000000,38.105850
7596,6782.489349,0.000000,46.000000,215.547129,0.000000,7.019499
7597,6782.489349,0.000000,46.000000,216.048522,0.000000,359.247911
7599,6782.489349,0.000000,46.000000,217.051307,0.000000,343.704735
7601,6782.489349,0.000000,46.000000,218.054093,0.000000,328.161560
7606,6782.489349,0.000000,46.000000,220.561057,0.000000,289.303621
7607,6782.489349,0.000000,46.000000,221.062449,0.000000,281.532033
7612,6782.489349,0.000000,46.000000,223.569413,0.000000,242.674095
7613,6782.489349,0.000000,46.000000,224.070806,0.000000,234.902507
7615,6782.489349,0.000000,46.000000,225.073592,0.000000,219.359331
7618,6782.489349,0.000000,46.000000,226.577770,0.000000,196.044568
7623,6782.489349,0.000000,46.000000,229.084734,0.000000,157.186630
7624,6782.489349,0.000000,46.000000,229.586126,0.000000,149.415042
7625,6782.489349,0.000000,46.000000,230.087519,0.000000,141.643454
7627,6782.489349,0.000000,46.000000,231.090305,0.000000,126.100279
7629,6782.489349,0.000000,46.000000,232.093090,0.000000,110.557103
7631,6782.489349,0.000000,46.000000,233.095876,0.000000,95.013928
7632,6782.489349,0.000000,46.000000,233.597268,0.000000,87.242340
7636,6782.489349,0.000000,46.000000,235.602839,0.000000,56.155989
7640,6782.489349,0.000000,46.000000,237.608410,0.000000,25.069638
7642,6782.489349,0.000000,46.000000,238.611196,0.000000,9.526462
7643,6782.489349,0.000000,46.000000,239.112589,0.000000,1.754875
7644,6782.489349,0.000000,46.000000,239.613981,0.000000,353.983287
7645,6782.489349,0.000000,46.000000,240.115374,0.000000,346.211699
7647,6782.489349,0.000000,46.000000,241.118160,0.000000,330.668524
7649,6782.489349,0.000000,46.000000,242.120945,0.000000,315.125348
7650,6782.489349,0.000000,46.000000,242.622338,0.000000,307.353760
7654,6782.489349,0.000000,46.000000,244.627909,0.000000,276.267409
7658,6782.489349,0.000000,46.000000,246.633480,0.000000,245.181058
7662,6782.489349,0.000000,46.000000,248.639051,0.000000,214.094708
7665,6782.489349,0.000000,46.000000,250.143229,0.000000,190.779944
7666,6782.489349,0.000000,46.000000,250.644622,0.000000,183.008357
7667,6782.489349,0.000000,46.000000,251.146015,0.000000,175.236769
7669,6782.489349,0.000000,46.000000,252.148800,0.000000,159.693593
7670,6782.489349,0.000000,46.000000,252.650193,0.000000,151.922006
7671,6782.489349,0.000000,46.000000,253.151586,0.000000,144.150418
7672,6782.489349,0.000000,46.000000,253.652979,0.000000,136.378830
7676,6782.489349,0.000000,46.000000,255.658550,0.000000,105.292479
7677,6782.489349,0.000000,46.000000,256.159942,0.000000,97.520891
7678,6782.489349,0.000000,46.000000,256.661335,0.000000,89.749304
7681,6782.489349,0.000000,46.000000,258.165514,0.000000,66.434540
7682,6782.489349,0.000000,46.000000,258.666906,0.000000,58.662953
7684,6782.489349,0.000000,46.000000,259.669692,0.000000,43.119777
7687,6782.489349,0.000000,46.000000,261.173870,0.000000,19.805014
7688,6782.489349,0.000000,46.000000,261.675263,0.000000,12.033426
7690,6782.489349,0.000000,46.000000,262.678048,0.000000,356.490251
7691,6782.489349,0.000000,46.000000,263.179441,0.000000,348.718663
7693,6782.489349,0.000000,46.000000,264.182227,0.000000,333.175487
7699,6782.489349,0.000000,46.000000,267.190583,0.000000,286.545961
7705,6782.489349,0.000000,46.000000,270.198940,0.000000,239.916435
7710,6782.489349,0.000000,46.000000,272.705903,0.000000,201.058496
7712,6782.489349,0.000000,46.000000,273.708689,0.000000,185.515320
7713,6782.489349,0.000000,46.000000,274.210082,0.000000,177.743733
7715,6782.489349,0.000000,46.000000,275.212867,0.000000,162.200557
7716,6782.489349,0.000000,46.000000,275.714260,0.000000,154.428969
7718,6782.489349,0.000000,46.000000,276.717046,0.000000,138.885794
7722,6782.489349,0.000000,46.000000,278.722617,0.000000,107.799443
7723,6782.489349,0.000000,46.000000,279.224009,0.000000,100.027855
7726,6782.489349,0.000000,46.000000,280.728188,0.000000,76.713092
7728,6782.489349,0.000000,46.000000,281.730973,0.000000,61.169916
7738,6782.489349,0.000000,46.000000,286.744901,0.000000,343.454039
7744,6782.489349,0.000000,46.000000,289.753257,0.000000,296.824513
7747,6782.489349,0.000000,46.000000,291.257436,0.000000,273.509749
7752,6782.489349,0.000000,46.000000,293.764399,0.000000,234.651811
7756,6782.489349,0.000000,46.000000,295.769970,0.000000,203.565460
7758,6782.489349,0.000000,46.000000,296.772756,0.000000,188.022284
7759,6782.489349,0.000000,46.000000,297.274149,0.000000,180.250696
7760,6782.489349,0.000000,46.000000,297.775541,0.000000,172.479109
7761,6782.489349,0.000000,46.000000,298.276934,0.000000,164.707521
7762,6782.489349,0.000000,46.000000,298.778327,0.000000,156.935933
7764,6782.489349,0.000000,46.000000,299.781112,0.000000,141.392758
7766,6782.489349,0.000000,46.000000,300.783898,0.000000,125.849582
7769,6782.489349,0.000000,46.000000,302.288076,0.000000,102.534819
7770,6782.489349,0.000000,46.000000,302.789469,0.000000,94.763231
7774,6782.489349,0.000000,46.000000,304.795040,0.000000,63.676880
7775,6782.489349,0.000000,46.000000,305.296433,0.000000,55.905292
7778,6782.489349,0.000000,46.000000,306.800611,0.000000,32.590529
7780,6782.489349,0.000000,46.000000,307.803397,0.000000,17.047354
7785,6782.489349,0.000000,46.000000,310.310360,0.000000,338.189415
7786,6782.489349,0.000000,46.000000,310.811753,0.000000,330.417827
7790,6782.489349,0.000000,46.000000,312.817324,0.000000,299.331476
7791,6782.489349,0.000000,46.000000,313.318717,0.000000,291.559889
7792,6782.489349,0.000000,46.000000,313.820110,0.000000,283.788301
7793,6782.489349,0.000000,46.000000,314.321502,0.000000,276.016713
7794,6782.489349,0.000000,46.000000,314.822895,0.000000,268.245125
7795,6782.489349,0.000000,46.000000,315.324288,0.000000,260.473538
7796,6782.489349,0.000000,46.000000,315.825681,0.000000,252.701950
7798,6782.489349,0.000000,46.000000,316.828466,0.000000,237.158774
7799,6782.489349,0.000000,46.000000,317.329859,0.000000,229.387187
7801,6782.489349,0.000000,46.000000,318.332644,0.000000,213.844011
7802,6782.489349,0.000000,46.000000,318.834037,0.000000,206.072423
7803,6782.489349,0.000000,46.000000,319.335430,0.000000,198.300836
7805,6782.489349,0.000000,46.000000,320.338215,0.000000,182.757660
7807,6782.489349,0.000000,46.000000,321.341001,0.000000,167.214485
7809,6782.489349,0.000000,46.000000,322.343787,0.000000,151.671309
7810,6782.489349,0.000000,46.000000,322.845179,0.000000,143.899721
7811,6782.489349,0.000000,46.000000,323.346572,0.000000,136.128134
7816,6782.489349,0.000000,46.000000,325.853536,0.000000,97.270195
7817,6782.489349,0.000000,46.000000,326.354929,0.000000,89.498607
7818,6782.489349,0.000000,46.000000,326.856321,0.000000,81.727019
7820,6782.489349,0.000000,46.000000,327.859107,0.000000,66.183844
7822,6782.489349,0.000000,46.000000,328.861892,0.000000,50.640669
7828,6782.489349,0.000000,46.000000,331.870249,0.000000,4.011142
7830,6782.489349,0.000000,46.000000,332.873034,0.000000,348.467967
7831,6782.489349,0.000000,46.000000,333.374427,0.000000,340.696379
7833,6782.489349,0.000000,46.000000,334.377213,0.000000,325.153203
7838,6782.489349,0.000000,46.000000,336.884176,0.000000,286.295265
7840,6782.489349,0.000000,46.000000,337.886962,0.000000,270.752089
7841,6782.489349,0.000000,46.000000,338.388355,0.000000,262.980501
7842,6782.489349,0.000000,46.000000,338.889748,0.000000,255.208914
7844,6782.489349,0.000000,46.000000,339.892533,0.000000,239.665738
7849,6782.489349,0.000000,46.000000,342.399497,0.000000,200.807799
7852,6782.489349,0.000000,46.000000,343.903675,0.000000,177.493036
7854,6782.489349,0.000000,46.000000,344.906461,0.000000,161.949861
7855,6782.489349,0.000000,46.000000,345.407853,0.000000,154.178273
7858,6782.489349,0.000000,46.000000,346.912032,0.000000,130.863510
7859,6782.489349,0.000000,46.000000,347.413424,0.000000,123.091922
7862,6782.489349,0.000000,46.000000,348.917603,0.000000,99.777159
7867,6782.489349,0.000000,46.000000,351.424566,0.000000,60.919220
7868,6782.489349,0.000000,46.000000,351.925959,0.000000,53.147632
7872,6782.489349,0.000000,46.000000,353.931530,0.000000,22.061281
7873,6782.489349,0.000000,46.000000,354.432923,0.000000,14.289694
7875,6782.489349,0.000000,46.000000,355.435709,0.000000,358.746518
7878,6782.489349,0.000000,46.000000,356.939887,0.000000,335.431755
7880,6782.489349,0.000000,46.000000,357.942672,0.000000,319.888579
7882,6782.489349,0.000000,46.000000,358.945458,0.000000,304.345404
7884,6782.489349,0.000000,46.000000,359.948243,0.000000,288.802228
7886,6782.489349,0.000000,46.000000,0.951029,0.000000,273.259053
7888,6782.489349,0.000000,46.000000,1.953814,0.000000,257.715877
7890,6782.489349,0.000000,46.000000,2.956600,0.000000,242.172702
7892,6782.489349,0.000000,46.000000,3.959385,0.000000,226.629526
7893,6782.489349,0.000000,46.000000,4.460778,0.000000,218.857939
7898,6782.489349,0.000000,46.000000,6.967742,0.000000,180.000000
7900,6782.489349,0.000000,46.000000,7.970527,0.000000,164.456825
7905,6782.489349,0.000000,46.000000,10.477491,0.000000,125.598886
7907,6782.489349,0.000000,46.000000,11.480277,0.000000,110.055710
7909,6782.489349,0.000000,46.000000,12.483062,0.000000,94.512535
7910,6782.489349,0.000000,46.000000,12.984455,0.000000,86.740947
7912,6782.489349,0.000000,46.000000,13.987241,0.000000,71.197772
7913,6782.489349,0.000000,46.000000,14.488633,0.000000,63.426184
7915,6782.489349,0.000000,46.000000,15.491419,0.000000,47.883008
7917,6782.489349,0.000000,46.000000,16.494204,0.000000,32.339833
7918,6782.489349,0.000000,46.000000,16.995597,0.000000,24.568245
7919,6782.489349,0.000000,46.000000,17.496990,0.000000,16.796657
7920,6782.489349,0.000000,46.000000,17.998383,0.000000,9.025070
7922,6782.489349,0.000000,46.000000,19.001168,0.000000,353.481894
7923,6782.489349,0.000000,46.000000,19.502561,0.000000,345.710306
7928,6782.489349,0.000000,46.000000,22.009525,0.000000,306.852368
7932,6782.489349,0.000000,46.000000,24.015096,0.000000,275.766017
7935,6782.489349,0.000000,46.000000,25.519274,0.000000,252.451253
7938,6782.489349,0.000000,46.000000,27.023452,0.000000,229.136490
7942,6782.489349,0.000000,46.000000,29.029023,0.000000,198.050139
7943,6782.489349,0.000000,46.000000,29.530416,0.000000,190.278552
7945,6782.489349,0.000000,46.000000,30.533202,0.000000,174.735376
7946,6782.489349,0.000000,46.000000,31.034594,0.000000,166.963788
7947,6782.489349,0.000000,46.000000,31.535987,0.000000,159.192201
7948,6782.489349,0.000000,46.000000,32.037380,0.000000,151.420613
7951,6782.489349,0.000000,46.000000,33.541558,0.000000,128.105850
7954,6782.489349,0.000000,46.000000,35.045736,0.000000,104.791086
7958,6782.489349,0.000000,46.000000,37.051307,0.000000,73.704735
7964,6782.489349,0.000000,46.000000,40.059664,0.000000,27.075209
7970,6782.489349,0.000000,46.000000,43.068020,0.000000,340.445682
7972,6782.489349,0.000000,46.000000,44.070806,0.000000,324.902507
7973,6782.489349,0.000000,46.000000,44.572199,0.000000,317.130919
7974,6782.489349,0.000000,46.000000,45.073592,0.000000,309.359331
7978,6782.489349,0.000000,46.000000,47.079163,0.000000,278.272981
7981,6782.489349,0.000000,46.000000,48.583341,0.000000,254.958217
7982,6782.489349,0.000000,46.000000,49.084734,0.000000,247.186630
7984,6782.489349,0.000000,46.000000,50.087519,0.000000,231.643454
7987,6782.489349,0.000000,46.000000,51.591697,0.000000,208.328691
7988,6782.489349,0.000000,46.000000,52.093090,0.000000,200.557103
7990,6782.489349,0.000000,46.000000,53.095876,0.000000,185.013928
7991,6782.489349,0.000000,46.000000,53.597268,0.000000,177.242340
7993,6782.489349,0.000000,46.000000,54.600054,0.000000,161.699164
7997,6782.489349,0.000000,46.000000,56.605625,0.000000,130.612813
7999,6782.489349,0.000000,46.000000,57.608410,0.000000,115.069638
8002,6782.489349,0.000000,46.000000,59.112589,0.000000,91.754875
8004,6782.489349,0.000000,46.000000,60.115374,0.000000,76.211699
8007,6782.489349,0.000000,46.000000,61.619553,0.000000,52.896936
8010,6782.489349,0.000000,46.000000,63.123731,0.000000,29.582173
8013,6782.489349,0.000000,46.000000,64.627909,0.000000,6.267409
8015,6782.489349,0.000000,46.000000,65.630695,0.000000,350.724234
8017,6782.489349,0.000000,46.000000,66.633480,0.000000,335.181058
8020,6782.489349,0.000000,46.000000,68.137658,0.000000,311.866295
8021,6782.489349,0.000000,46.000000,68.639051,0.000000,304.094708
8022,6782.489349,0.000000,46.000000,69.140444,0.000000,296.323120
8023,6782.489349,0.000000,46.000000,69.641837,0.000000,288.551532
8024,6782.489349,0.000000,46.000000,70.143229,0.000000,280.779944
8027,6782.489349,0.000000,46.000000,71.647408,0.000000,257.465181
8028,6782.489349,0.000000,46.000000,72.148800,0.000000,249.693593
8031,6782.489349,0.000000,46.000000,73.652979,0.000000,226.378830
8032,6782.489349,0.000000,46.000000,74.154371,0.000000,218.607242
8033,6782.489349,0.000000,46.000000,74.655764,0.000000,210.835655
8034,6782.489349,0.000000,46.000000,75.157157,0.000000,203.064067
8035,6782.489349,0.000000,46.000000,75.658550,0.000000,195.292479
8036,6782.489349,0.000000,46.000000,76.159942,0.000000,187.520891
8038,6782.489349,0.000000,46.000000,77.162728,0.000000,171.977716
8040,6782.489349,0.000000,46.000000,78.165514,0.000000,156.434540
8041,6782.489349,0.000000,46.000000,78.666906,0.000000,148.662953
8042,6782.489349,0.000000,46.000000,79.168299,0.000000,140.891365
8047,6782.489349,0.000000,46.000000,81.675263,0.000000,102.033426
8048,6782.489349,0.000000,46.000000,82.176656,0.000000,94.261838
8051,6782.489349,0.000000,46.000000,83.680834,0.000000,70.947075
8053,6782.489349,0.000000,46.000000,84.683619,0.000000,55.403900
8055,6782.489349,0.000000,46.000000,85.686405,0.000000,39.860724
8057,6782.489349,0.000000,46.000000,86.689190,0.000000,24.317549
8060,6782.489349,0.000000,46.000000,88.193369,0.000000,1.002786
8061,6782.489349,0.000000,46.000000,88.694761,0.000000,353.231198
8063,6782.489349,0.000000,46.000000,89.697547,0.000000,337.688022
8066,6782.489349,0.000000,46.000000,91.201725,0.000000,314.373259
8068,6782.489349,0.000000,46.000000,92.204511,0.000000,298.830084
8073,6782.489349,0.000000,46.000000,94.711475,0.000000,259.972145
8075,6782.489349,0.000000,46.000000,95.714260,0.000000,244.428969
8076,6782.489349,0.000000,46.000000,96.215653,0.000000,236.657382
8085,6782.489349,0.000000,46.000000,100.728188,0.000000,166.713092
8088,6782.489349,0.000000,46.000000,102.232366,0.000000,143.398329
8091,6782.489349,0.000000,46.000000,103.736544,0.000000,120.083565
8092,6782.489349,0.000000,46.000000,104.237937,0.000000,112.311978
8093,6782.489349,0.000000,46.000000,104.739330,0.000000,104.540390
8094,6782.489349,0.000000,46.000000,105.240722,0.000000,96.768802
8098,6782.489349,0.000000,46.000000,107.246293,0.000000,65.682451
8107,6782.489349,0.000000,46.000000,111.758828,0.000000,355.738162
8108,6782.489349,0.000000,46.000000,112.260221,0.000000,347.966574
8110,6782.489349,0.000000,46.000000,113.263007,0.000000,332.423398
8112,6782.489349,0.000000,46.000000,114.265792,0.000000,316.880223
8113,6782.489349,0.000000,46.000000,114.767185,0.000000,309.108635
8114,6782.489349,0.000000,46.000000,115.268578,0.000000,301.337047
8115,6782.489349,0.000000,46.000000,115.769970,0.000000,293.565460
8118,6782.489349,0.000000,46.000000,117.274149,0.000000,270.250696
8121,6782.489349,0.000000,46.000000,118.778327,0.000000,246.935933
8122,6782.489349,0.000000,46.000000,119.279720,0.000000,239.164345
8123,6782.489349,0.000000,46.000000,119.781112,0.000000,231.392758
8124,6782.489349,0.000000,46.000000,120.282505,0.000000,223.621170
8126,6782.489349,0.000000,46.000000,121.285291,0.000000,208.077994
8127,6782.489349,0.000000,46.000000,121.786683,0.000000,200.306407
8129,6782.489349,0.000000,46.000000,122.789469,0.000000,184.763231
8131,6782.489349,0.000000,46.000000,123.792254,0.000000,169.220056
8133,6782.489349,0.000000,46.000000,124.795040,0.000000,153.676880
8134,6782.489349,0.000000,46.000000,125.296433,0.000000,145.905292
8137,6782.489349,0.000000,46.000000,126.800611,0.000000,122.590529
8140,6782.489349,0.000000,46.000000,128.304789,0.000000,99.275766
8141,6782.489349,0.000000,46.000000,128.806182,0.000000,91.504178
8142,6782.489349,0.000000,46.000000,129.307575,0.000000,83.732591
8144,6782.489349,0.000000,46.000000,130.310360,0.000000,68.189415
8145,6782.489349,0.000000,46.000000,130.811753,0.000000,60.417827
8146,6782.489349,0.000000,46.000000,131.313146,0.000000,52.646240
8148,6782.489349,0.000000,46.000000,132.315931,0.000000,37.103064
8149,6782.489349,0.000000,46.000000,132.817324,0.000000,29.331476
8150,6782.489349,0.000000,46.000000,133.318717,0.000000,21.559889
8152,6782.489349,0.000000,46.000000,134.321502,0.000000,6.016713
8154,6782.489349,0.000000,46.000000,135.324288,0.000000,350.473538
8155,6782.489349,0.000000,46.000000,135.825681,0.000000,342.701950
8156,6782.489349,0.000000,46.000000,136.327073,0.000000,334.930362
8157,6782.489349,0.000000,46.000000,136.828466,0.000000,327.158774
8160,6782.489349,0.000000,46.000000,138.332644,0.000000,303.844011
8161,6782.489349,0.000000,46.000000,138.834037,0.000000,296.072423
8163,6782.489349,0.000000,46.000000,139.836823,0.000000,280.529248
8164,6782.489349,0.000000,46.000000,140.338215,0.000000,272.757660
8165,6782.489349,0.000000,46.000000,140.839608,0.000000,264.986072
8166,6782.489349,0.000000,46.000000,141.341001,0.000000,257.214485
8169,6782.489349,0.000000,46.000000,142.845179,0.000000,233.899721
8171,6782.489349,0.000000,46.000000,143.847965,0.000000,218.356546
8173,6782.489349,0.000000,46.000000,144.850750,0.000000,202.813370
8174,6782.489349,0.000000,46.000000,145.352143,0.000000,195.041783
8176,6782.489349,0.000000,46.000000,146.354929,0.000000,179.498607
8178,6782.489349,0.000000,46.000000,147.357714,0.000000,163.955432
8180,6782.489349,0.000000,46.000000,148.360500,0.000000,148.412256
8182,6782.489349,0.000000,46.000000,149.363285,0.000000,132.869081
8185,6782.489349,0.000000,46.000000,150.867463,0.000000,109.554318
8188,6782.489349,0.000000,46.000000,152.371642,0.000000,86.239554
8191,6782.489349,0.000000,46.000000,153.875820,0.000000,62.924791
8192,6782.489349,0.000000,46.000000,154.377213,0.000000,55.153203
8193,6782.489349,0.000000,46.000000,154.878605,0.000000,47.381616
8196,6782.489349,0.000000,46.000000,156.382784,0.000000,24.066852
8198,6782.489349,0.000000,46.000000,157.385569,0.000000,8.523677
8199,6782.489349,0.000000,46.000000,157.886962,0.000000,0.752089
8200,6782.489349,0.000000,46.000000,158.388355,0.000000,352.980501
8202,6782.489349,0.000000,46.000000,159.391140,0.000000,337.437326
8204,6782.489349,0.000000,46.000000,160.393926,0.000000,321.894150
8205,6782.489349,0.000000,46.000000,160.895319,0.000000,314.122563
8210,6782.489349,0.000000,46.000000,163.402282,0.000000,275.264624
8212,6782.489349,0.000000,46.000000,164.405068,0.000000,259.721448
8213,6782.489349,0.000000,46.000000,164.906461,0.000000,251.949861
8214,6782.489349,0.000000,46.000000,165.407853,0.000000,244.178273
8216,6782.489349,0.000000,46.000000,166.410639,0.000000,228.635097
8218,6782.489349,0.000000,46.000000,167.413424,0.000000,213.091922
8220,6782.489349,0.000000,46.000000,168.416210,0.000000,197.548747
8224,6782.489349,0.000000,46.000000,170.421781,0.000000,166.462396
8225,6782.489349,0.000000,46.000000,170.923174,0.000000,158.690808
8227,6782.489349,0.000000,46.000000,171.925959,0.000000,143.147632
8228,6782.489349,0.000000,46.000000,172.427352,0.000000,135.376045
8229,6782.489349,0.000000,46.000000,172.928745,0.000000,127.604457
8234,6782.489349,0.000000,46.000000,175.435709,0.000000,88.746518
8235,6782.489349,0.000000,46.000000,175.937101,0.000000,80.974930
8236,6782.489349,0.000000,46.000000,176.438494,0.000000,73.203343
8237,6782.489349,0.000000,46.000000,176.939887,0.000000,65.431755
8241,6782.489349,0.000000,46.000000,178.945458,0.000000,34.345404
8246,6782.489349,0.000000,46.000000,181.452422,0.000000,355.487465
8249,6782.489349,0.000000,46.000000,182.956600,0.000000,332.172702
8251,6782.489349,0.000000,46.000000,183.959385,0.000000,316.629526
8255,6782.489349,0.000000,46.000000,185.964956,0.000000,285.543175
8256,6782.489349,0.000000,46.000000,186.466349,0.000000,277.771588
8259,6782.489349,0.000000,46.000000,187.970527,0.000000,254.456825
8268,6782.489349,0.000000,46.000000,192.483062,0.000000,184.512535
8271,6782.489349,0.000000,46.000000,193.987241,0.000000,161.197772
8273,6782.489349,0.000000,46.000000,194.990026,0.000000,145.654596
8274,6782.489349,0.000000,46.000000,195.491419,0.000000,137.883008
8275,6782.489349,0.000000,46.000000,195.992812,0.000000,130.111421
8276,6782.489349,0.000000,46.000000,196.494204,0.000000,122.339833
8277,6782.489349,0.000000,46.000000,196.995597,0.000000,114.568245
8278,6782.489349,0.000000,46.000000,197.496990,0.000000,106.796657
8279,6782.489349,0.000000,46.000000,197.998383,0.000000,99.025070
8283,6782.489349,0.000000,46.000000,200.003954,0.000000,67.938719
8285,6782.489349,0.000000,46.000000,201.006739,0.000000,52.395543
8287,6782.489349,0.000000,46.000000,202.009525,0.000000,36.852368
8289,6782.489349,0.000000,46.000000,203.012310,0.000000,21.309192
8291,6782.489349,0.000000,46.000000,204.015096,0.000000,5.766017
8292,6782.489349,0.000000,46.000000,204.516488,0.000000,357.994429
8293,6782.489349,0.000000,46.000000,205.017881,0.000000,350.222841
8294,6782.489349,0.000000,46.000000,205.519274,0.000000,342.451253
8295,6782.489349,0.000000,46.000000,206.020667,0.000000,334.679666
8302,6782.489349,0.000000,46.000000,209.530416,0.000000,280.278552
8304,6782.489349,0.000000,46.000000,210.533202,0.000000,264.735376
8305,6782.489349,0.000000,46.000000,211.034594,0.000000,256.963788
8306,6782.489349,0.000000,46.000000,211.535987,0.000000,249.192201
8310,6782.489349,0.000000,46.000000,213.541558,0.000000,218.105850
8312,6782.489349,0.000000,46.000000,214.544344,0.000000,202.562674
8319,6782.489349,0.000000,46.000000,218.054093,0.000000,148.161560
8321,6782.489349,0.000000,46.000000,219.056878,0.000000,132.618384
8324,6782.489349,0.000000,46.000000,220.561057,0.000000,109.303621
8326,6782.489349,0.000000,46.000000,221.563842,0.000000,93.760446
8327,6782.489349,0.000000,46.000000,222.065235,0.000000,85.988858
8328,6782.489349,0.000000,46.000000,222.566628,0.000000,78.217270
8332,6782.489349,0.000000,46.000000,224.572199,0.000000,47.130919
8333,6782.489349,0.000000,46.000000,225.073592,0.000000,39.359331
8337,6782.489349,0.000000,46.000000,227.079163,0.000000,8.272981
8338,6782.489349,0.000000,46.000000,227.580555,0.000000,0.501393
8342,6782.489349,0.000000,46.000000,229.586126,0.000000,329.415042
8344,6782.489349,0.000000,46.000000,230.588912,0.000000,313.871866
8345,6782.489349,0.000000,46.000000,231.090305,0.000000,306.100279
8347,6782.489349,0.000000,46.000000,232.093090,0.000000,290.557103
8348,6782.489349,0.000000,46.000000,232.594483,0.000000,282.785515
8349,6782.489349,0.000000,46.000000,233.095876,0.000000,275.013928
8351,6782.489349,0.000000,46.000000,234.098661,0.000000,259.470752
8355,6782.489349,0.000000,46.000000,236.104232,0.000000,228.384401
8361,6782.489349,0.000000,46.000000,239.112589,0.000000,181.754875
8364,6782.489349,0.000000,46.000000,240.616767,0.000000,158.440111
8365,6782.489349,0.000000,46.000000,241.118160,0.000000,150.668524
8369,6782.489349,0.000000,46.000000,243.123731,0.000000,119.582173
8371,6782.489349,0.000000,46.000000,244.126516,0.000000,104.038997
8373,6782.489349,0.000000,46.000000,245.129302,0.000000,88.495822
8375,6782.489349,0.000000,46.000000,246.132087,0.000000,72.952646
8379,6782.489349,0.000000,46.000000,248.137658,0.000000,41.866295
8380,6782.489349,0.000000,46.000000,248.639051,0.000000,34.094708
8382,6782.489349,0.000000,46.000000,249.641837,0.000000,18.551532
8384,6782.489349,0.000000,46.000000,250.644622,0.000000,3.008357
8385,6782.489349,0.000000,46.000000,251.146015,0.000000,355.236769
8392,6782.489349,0.000000,46.000000,254.655764,0.000000,300.835655
8393,6782.489349,0.000000,46.000000,255.157157,0.000000,293.064067
8395,6782.489349,0.000000,46.000000,256.159942,0.000000,277.520891
8396,6782.489349,0.000000,46.000000,256.661335,0.000000,269.749304
8398,6782.489349,0.000000,46.000000,257.664121,0.000000,254.206128
8400,6782.489349,0.000000,46.000000,258.666906,0.000000,238.662953
8402,6782.489349,0.000000,46.000000,259.669692,0.000000,223.119777
8405,6782.489349,0.000000,46.000000,261.173870,0.000000,199.805014
8415,6782.489349,0.000000,46.000000,266.187798,0.000000,122.089136
8416,6782.489349,0.000000,46.000000,266.689190,0.000000,114.317549
8418,6782.489349,0.000000,46.000000,267.691976,0.000000,98.774373
8420,6782.489349,0.000000,46.000000,268.694761,0.000000,83.231198
8422,6782.489349,0.000000,46.000000,269.697547,0.000000,67.688022
8424,6782.489349,0.000000,46.000000,270.700332,0.000000,52.144847
8426,6782.489349,0.000000,46.000000,271.703118,0.000000,36.601671
8431,6782.489349,0.000000,46.000000,274.210082,0.000000,357.743733
8435,6782.489349,0.000000,46.000000,276.215653,0.000000,326.657382
8441,6782.489349,0.000000,46.000000,279.224009,0.000000,280.027855
8443,6782.489349,0.000000,46.000000,280.226795,0.000000,264.484680
8444,6782.489349,0.000000,46.000000,280.728188,0.000000,256.713092
8445,6782.489349,0.000000,46.000000,281.229580,0.000000,248.941504
8446,6782.489349,0.000000,46.000000,281.730973,0.000000,241.169916
8447,6782.489349,0.000000,46.000000,282.232366,0.000000,233.398329
8448,6782.489349,0.000000,46.000000,282.733759,0.000000,225.626741
8449,6782.489349,0.000000,46.000000,283.235151,0.000000,217.855153
8450,6782.489349,0.000000,46.000000,283.736544,0.000000,210.083565
8454,6782.489349,0.000000,46.000000,285.742115,0.000000,178.997214
8456,6782.489349,0.000000,46.000000,286.744901,0.000000,163.454039
8458,6782.489349,0.000000,46.000000,287.747686,0.000000,147.910864
8462,6782.489349,0.000000,46.000000,289.753257,0.000000,116.824513
8465,6782.489349,0.000000,46.000000,291.257436,0.000000,93.509749
8466,6782.489349,0.000000,46.000000,291.758828,0.000000,85.738162
8468,6782.489349,0.000000,46.000000,292.761614,0.000000,70.194986
8471,6782.489349,0.000000,46.000000,294.265792,0.000000,46.880223
8473,6782.489349,0.000000,46.000000,295.268578,0.000000,31.337047
8486,6782.489349,0.000000,46.000000,301.786683,0.000000,290.306407
8488,6782.489349,0.000000,46.000000,302.789469,0.000000,274.763231
8489,6782.489349,0.000000,46.000000,303.290862,0.000000,266.991643
8492,6782.489349,0.000000,46.000000,304.795040,0.000000,243.676880
8494,6782.489349,0.000000,46.000000,305.797826,0.000000,228.133705
8497,6782.489349,0.000000,46.000000,307.302004,0.000000,204.818942
8500,6782.489349,0.000000,46.000000,308.806182,0.000000,181.504178
8502,6782.489349,0.000000,46.000000,309.808968,0.000000,165.961003
8506,6782.489349,0.000000,46.000000,311.814539,0.000000,134.874652
8517,6782.489349,0.000000,46.000000,317.329859,0.000000,49.387187
8519,6782.489349,0.000000,46.000000,318.332644,0.000000,33.844011
8529,6782.489349,0.000000,46.000000,323.346572,0.000000,316.128134
8532,6782.489349,0.000000,46.000000,324.850750,0.000000,292.813370
8534,6782.489349,0.000000,46.000000,325.853536,0.000000,277.270195
8538,6782.489349,0.000000,46.000000,327.859107,0.000000,246.183844
8540,6782.489349,0.000000,46.000000,328.861892,0.000000,230.640669
8541,6782.489349,0.000000,46.000000,329.363285,0.000000,222.869081
8545,6782.489349,0.000000,46.000000,331.368856,0.000000,191.782730
8550,6782.489349,0.000000,46.000000,333.875820,0.000000,152.924791
8551,6782.489349,0.000000,46.000000,334.377213,0.000000,145.153203
8552,6782.489349,0.000000,46.000000,334.878605,0.000000,137.381616
8553,6782.489349,0.000000,46.000000,335.379998,0.000000,129.610028
8557,6782.489349,0.000000,46.000000,337.385569,0.000000,98.523677
8559,6782.489349,0.000000,46.000000,338.388355,0.000000,82.980501
8560,6782.489349,0.000000,46.000000,338.889748,0.000000,75.208914
8562,6782.489349,0.000000,46.000000,339.892533,0.000000,59.665738
8563,6782.489349,0.000000,46.000000,340.393926,0.000000,51.894150
8564,6782.489349,0.000000,46.000000,340.895319,0.000000,44.122563
8565,6782.489349,0.000000,46.000000,341.396711,0.000000,36.350975
8566,6782.489349,0.000000,46.000000,341.898104,0.000000,28.579387
8569,6782.489349,0.000000,46.000000,343.402282,0.000000,5.264624
8571,6782.489349,0.000000,46.000000,344.405068,0.000000,349.721448
8572,6782.489349,0.000000,46.000000,344.906461,0.000000,341.949861
8574,6782.489349,0.000000,46.000000,345.909246,0.000000,326.406685
8577,6782.489349,0.000000,46.000000,347.413424,0.000000,303.091922
8581,6782.489349,0.000000,46.000000,349.418995,0.000000,272.005571
8583,6782.489349,0.000000,46.000000,350.421781,0.000000,256.462396
8587,6782.489349,0.000000,46.000000,352.427352,0.000000,225.376045
8588,6782.489349,0.000000,46.000000,352.928745,0.000000,217.604457
8595,6782.489349,0.000000,46.000000,356.438494,0.000000,163.203343
8602,6782.489349,0.000000,46.000000,359.948243,0.000000,108.802228
8604,6782.489349,0.000000,46.000000,0.951029,0.000000,93.259053
8605,6782.489349,0.000000,46.000000,1.452422,0.000000,85.487465
8607,6782.489349,0.000000,46.000000,2.455207,0.000000,69.944290
8608,6782.489349,0.000000,46.000000,2.956600,0.000000,62.172702
8610,6782.489349,0.000000,46.000000,3.959385,0.000000,46.629526
8611,6782.489349,0.000000,46.000000,4.460778,0.000000,38.857939
8613,6782.489349,0.000000,46.000000,5.463564,0.000000,23.314763
8615,6782.489349,0.000000,46.000000,6.466349,0.000000,7.771588
8621,6782.489349,0.000000,48.000000,9.474706,0.000000,321.142061
8631,6782.489349,0.000000,48.000000,14.488633,0.000000,243.426184
8644,6782.489349,0.000000,48.000000,21.006739,0.000000,142.395543
8647,6782.489349,0.000000,48.000000,22.510917,0.000000,119.080780
8678,6782.489349,0.000000,48.000000,38.054093,0.000000,238.161560
8694,6782.489349,0.000000,48.000000,46.076377,0.000000,113.816156
8703,6782.489349,0.000000,48.000000,50.588912,0.000000,43.871866
8733,6782.489349,0.000000,48.000000,65.630695,0.000000,170.724234
8742,6782.489349,0.000000,48.000000,70.143229,0.000000,100.779944
8776,6782.489349,0.000000,48.000000,87.190583,0.000000,196.545961
8780,6782.489349,0.000000,48.000000,89.196154,0.000000,165.459610
8792,6782.489349,0.000000,48.000000,95.212867,0.000000,72.200557
8844,6782.489349,0.000000,48.000000,121.285291,0.000000,28.077994
8853,6782.489349,0.000000,48.000000,125.797826,0.000000,318.133705
8873,6782.489349,0.000000,48.000000,135.825681,0.000000,162.701950
8878,6782.489349,0.000000,48.000000,138.332644,0.000000,123.844011
8884,6782.489349,0.000000,48.000000,141.341001,0.000000,77.214485
8912,6782.489349,0.000000,48.000000,155.379998,0.000000,219.610028
8931,6782.489349,0.000000,48.000000,164.906461,0.000000,71.949861
8951,6782.489349,0.000000,48.000000,174.934316,0.000000,276.518106
8973,6782.489349,0.000000,48.000000,185.964956,0.000000,105.543175
8991,6782.489349,0.000000,48.000000,194.990026,0.000000,325.654596
9007,6782.489349,0.000000,48.000000,203.012310,0.000000,201.309192
9056,6782.489349,0.000000,48.000000,227.580555,0.000000,180.501393
9069,6782.489349,0.000000,48.000000,234.098661,0.000000,79.470752
9077,6782.489349,0.000000,48.000000,238.109803,0.000000,17.298050
9143,6782.489349,0.000000,48.000000,271.201725,0.000000,224.373259
9160,6782.489349,0.000000,48.000000,279.725402,0.000000,92.256267
9201,6782.489349,0.000000,48.000000,300.282505,0.000000,133.621170
9234,6782.489349,0.000000,48.000000,316.828466,0.000000,237.158774
9243,6782.489349,0.000000,48.000000,321.341001,0.000000,167.214485
9273,6782.489349,0.000000,48.000000,336.382784,0.000000,294.066852
9284,6782.489349,0.000000,48.000000,341.898104,0.000000,208.579387
9316,6782.489349,0.000000,48.000000,357.942672,0.000000,319.888579
9319,6782.489349,0.000000,48.000000,359.446851,0.000000,296.573816
9327,6782.489349,0.000000,48.000000,3.457993,0.000000,234.401114
9331,6782.489349,0.000000,48.000000,5.463564,0.000000,203.314763
9348,6782.489349,0.000000,48.000000,13.987241,0.000000,71.197772
9360,6782.489349,0.000000,48.000000,20.003954,0.000000,337.938719
9386,6782.489349,0.000000,48.000000,33.040165,0.000000,135.877437
9389,6782.489349,0.000000,48.000000,34.544344,0.000000,112.562674
9417,6782.489349,0.000000,48.000000,48.583341,0.000000,254.958217
9485,6782.489349,0.000000,48.000000,82.678048,0.000000,86.490251
9526,6782.489349,0.000000,48.000000,103.235151,0.000000,127.855153
9553,6782.489349,0.000000,48.000000,116.772756,0.000000,278.022284
9570,6782.489349,0.000000,48.000000,125.296433,0.000000,145.905292
9674,6782.489349,0.000000,48.000000,177.441280,0.000000,57.660167
9712,6782.489349,0.000000,48.000000,196.494204,0.000000,122.339833
9743,6782.489349,0.000000,48.000000,212.037380,0.000000,241.420613
9750,6782.489349,0.000000,48.000000,215.547129,0.000000,187.019499
9759,6782.489349,0.000000,48.000000,220.059664,0.000000,117.075209
9772,6782.489349,0.000000,48.000000,226.577770,0.000000,16.044568
9812,6782.489349,0.000000,48.000000,246.633480,0.000000,65.181058
9819,6782.489349,0.000000,48.000000,250.143229,0.000000,10.779944
9828,6782.489349,0.000000,48.000000,254.655764,0.000000,300.835655
9839,6782.489349,0.000000,48.000000,260.171085,0.000000,215.348189
9861,6782.489349,0.000000,48.000000,271.201725,0.000000,44.373259
9868,6782.489349,0.000000,48.000000,274.711475,0.000000,349.972145
9873,6782.489349,0.000000,48.000000,277.218438,0.000000,311.114206
9887,6782.489349,0.000000,48.000000,284.237937,0.000000,202.311978
9896,6782.489349,0.000000,48.000000,288.750472,0.000000,132.367688
9898,6782.489349,0.000000,48.000000,289.753257,0.000000,116.824513
9937,6782.489349,0.000000,48.000000,309.307575,0.000000,173.732591
9961,6782.489349,0.000000,48.000000,321.341001,0.000000,347.214485
9963,6782.489349,0.000000,48.000000,322.343787,0.000000,331.671309
9984,6782.489349,0.000000,48.000000,332.873034,0.000000,168.467967
10043,6782.489349,0.000000,48.000000,2.455207,0.000000,69.944290
10081,6782.489349,0.000000,49.000000,22.669422,0.000000,134.623955
10223,6782.489349,0.000000,49.000000,93.867194,0.000000,111.058496
10533,6782.489349,0.000000,49.000000,249.298949,0.000000,221.866295
10824,6782.489349,0.000000,49.000000,35.204241,0.000000,120.334262
10919,6782.489349,0.000000,49.000000,82.836553,0.000000,102.033426
10920,6782.489349,0.000000,49.000000,83.337946,0.000000,94.261838
11010,6782.489349,0.000000,49.000000,128.463294,0.000000,114.818942
11664,6782.489349,0.000000,42.000000,95.212867,0.000000,72.200557
18505,6782.489349,0.000000,39.000000,280.595561,0.000000,186.768802
