slot_index,a_km,e,i_deg,raan_deg,argp_deg,arg_lat_deg
145,6932.386159,0.000000,43.000000,292.098050,0.000000,349.470752
154,6932.386159,0.000000,43.000000,287.585515,0.000000,281.782730
553,6932.386159,0.000000,43.000000,87.529805,0.000000,160.947075
781,6932.386159,0.000000,41.000000,330.812256,0.000000,246.183844
901,6932.386159,0.000000,41.000000,270.645125,0.000000,63.676880
914,6932.386159,0.000000,41.000000,264.127019,0.000000,325.905292
958,6932.386159,0.000000,41.000000,242.065738,0.000000,354.986072
959,6932.386159,0.000000,41.000000,241.564345,0.000000,347.465181
1450,6932.386159,0.000000,50.000000,2.580501,0.000000,254.707521
1515,6932.386159,0.000000,50.000000,329.989972,0.000000,125.849582
1573,6932.386159,0.000000,50.000000,300.909192,0.000000,49.637883
1638,6932.386159,0.000000,50.000000,268.318663,0.000000,280.779944
1660,6932.386159,0.000000,50.000000,257.288022,0.000000,115.320334
1678,6932.386159,0.000000,50.000000,248.262953,0.000000,339.944290
1740,6932.386159,0.000000,50.000000,217.176602,0.000000,233.649025
1760,6932.386159,0.000000,50.000000,207.148747,0.000000,83.231198
1770,6932.386159,0.000000,50.000000,202.134819,0.000000,8.022284
1869,6932.386159,0.000000,50.000000,152.496936,0.000000,343.454039
2014,6932.386159,0.000000,50.000000,79.794986,0.000000,332.924791
2173,6932.386159,0.000000,51.000000,12.073538,0.000000,217.103064
2178,6932.386159,0.000000,51.000000,9.566574,0.000000,179.498607
2196,6932.386159,0.000000,51.000000,0.541504,0.000000,44.122563
2213,6932.386159,0.000000,51.000000,352.017827,0.000000,276.267409
2214,6932.386159,0.000000,51.000000,351.516435,0.000000,268.746518
2246,6932.386159,0.000000,51.000000,335.471866,0.000000,28.077994
2276,6932.386159,0.000000,51.000000,320.430084,0.000000,162.451253
2286,6932.386159,0.000000,51.000000,315.416156,0.000000,87.242340
2287,6932.386159,0.000000,51.000000,314.914763,0.000000,79.721448
2293,6932.386159,0.000000,51.000000,311.906407,0.000000,34.596100
2299,6932.386159,0.000000,51.000000,308.898050,0.000000,349.470752
2313,6932.386159,0.000000,51.000000,301.878552,0.000000,244.178273
2392,6932.386159,0.000000,51.000000,262.268524,0.000000,10.027855
2398,6932.386159,0.000000,51.000000,259.260167,0.000000,324.902507
2423,6932.386159,0.000000,51.000000,246.725348,0.000000,136.880223
2447,6932.386159,0.000000,51.000000,234.691922,0.000000,316.378830
2485,6932.386159,0.000000,51.000000,215.638997,0.000000,30.584958
2541,6932.386159,0.000000,51.000000,187.561003,0.000000,329.415042
2634,6932.386159,0.000000,51.000000,140.931476,0.000000,349.972145
2665,6932.386159,0.000000,51.000000,125.388301,0.000000,116.824513
2709,6932.386159,0.000000,51.000000,103.327019,0.000000,145.905292
2718,6932.386159,0.000000,51.000000,98.814485,0.000000,78.217270
2756,6932.386159,0.000000,51.000000,79.761560,0.000000,152.423398
2800,6932.386159,0.000000,51.000000,57.700279,0.000000,181.504178
2864,6932.386159,0.000000,51.000000,25.611142,0.000000,60.167131
2872,6932.386159,0.000000,48.000000,12.000000,0.000000,0.000000
2874,6932.386159,0.000000,48.000000,10.997214,0.000000,344.958217
2876,6932.386159,0.000000,48.000000,9.994429,0.000000,329.916435
2881,6932.386159,0.000000,48.000000,7.487465,0.000000,292.311978
2894,6932.386159,0.000000,48.000000,0.969359,0.000000,194.540390
2896,6932.386159,0.000000,48.000000,359.966574,0.000000,179.498607
2901,6932.386159,0.000000,48.000000,357.459610,0.000000,141.894150
2903,6932.386159,0.000000,48.000000,356.456825,0.000000,126.852368
2908,6932.386159,0.000000,48.000000,353.949861,0.000000,89.247911
2912,6932.386159,0.000000,48.000000,351.944290,0.000000,59.164345
2915,6932.386159,0.000000,48.000000,350.440111,0.000000,36.601671
2917,6932.386159,0.000000,48.000000,349.437326,0.000000,21.559889
2920,6932.386159,0.000000,48.000000,347.933148,0.000000,358.997214
2922,6932.386159,0.000000,48.000000,346.930362,0.000000,343.955432
2924,6932.386159,0.000000,48.000000,345.927577,0.000000,328.913649
2926,6932.386159,0.000000,48.000000,344.924791,0.000000,313.871866
2930,6932.386159,0.000000,48.000000,342.919220,0.000000,283.788301
2932,6932.386159,0.000000,48.000000,341.916435,0.000000,268.746518
2937,6932.386159,0.000000,48.000000,339.409471,0.000000,231.142061
2939,6932.386159,0.000000,48.000000,338.406685,0.000000,216.100279
2943,6932.386159,0.000000,48.000000,336.401114,0.000000,186.016713
2945,6932.386159,0.000000,48.000000,335.398329,0.000000,170.974930
2947,6932.386159,0.000000,48.000000,334.395543,0.000000,155.933148
2950,6932.386159,0.000000,48.000000,332.891365,0.000000,133.370474
2954,6932.386159,0.000000,48.000000,330.885794,0.000000,103.286908
2955,6932.386159,0.000000,48.000000,330.384401,0.000000,95.766017
2956,6932.386159,0.000000,48.000000,329.883008,0.000000,88.245125
2957,6932.386159,0.000000,48.000000,329.381616,0.000000,80.724234
2961,6932.386159,0.000000,48.000000,327.376045,0.000000,50.640669
2962,6932.386159,0.000000,48.000000,326.874652,0.000000,43.119777
2968,6932.386159,0.000000,48.000000,323.866295,0.000000,357.994429
2970,6932.386159,0.000000,48.000000,322.863510,0.000000,342.952646
2971,6932.386159,0.000000,48.000000,322.362117,0.000000,335.431755
2975,6932.386159,0.000000,48.000000,320.356546,0.000000,305.348189
2980,6932.386159,0.000000,48.000000,317.849582,0.000000,267.743733
2982,6932.386159,0.000000,48.000000,316.846797,0.000000,252.701950
2983,6932.386159,0.000000,48.000000,316.345404,0.000000,245.181058
2988,6932.386159,0.000000,48.000000,313.838440,0.000000,207.576602
2992,6932.386159,0.000000,48.000000,311.832869,0.000000,177.493036
2994,6932.386159,0.000000,48.000000,310.830084,0.000000,162.451253
2995,6932.386159,0.000000,48.000000,310.328691,0.000000,154.930362
2999,6932.386159,0.000000,48.000000,308.323120,0.000000,124.846797
3000,6932.386159,0.000000,48.000000,307.821727,0.000000,117.325905
3004,6932.386159,0.000000,48.000000,305.816156,0.000000,87.242340
3006,6932.386159,0.000000,48.000000,304.813370,0.000000,72.200557
3022,6932.386159,0.000000,48.000000,296.791086,0.000000,311.866295
3026,6932.386159,0.000000,48.000000,294.785515,0.000000,281.782730
3033,6932.386159,0.000000,48.000000,291.275766,0.000000,229.136490
3036,6932.386159,0.000000,48.000000,289.771588,0.000000,206.573816
3038,6932.386159,0.000000,48.000000,288.768802,0.000000,191.532033
3042,6932.386159,0.000000,48.000000,286.763231,0.000000,161.448468
3043,6932.386159,0.000000,48.000000,286.261838,0.000000,153.927577
3046,6932.386159,0.000000,48.000000,284.757660,0.000000,131.364903
3048,6932.386159,0.000000,48.000000,283.754875,0.000000,116.323120
3052,6932.386159,0.000000,48.000000,281.749304,0.000000,86.239554
3056,6932.386159,0.000000,48.000000,279.743733,0.000000,56.155989
3060,6932.386159,0.000000,48.000000,277.738162,0.000000,26.072423
3062,6932.386159,0.000000,48.000000,276.735376,0.000000,11.030641
3067,6932.386159,0.000000,48.000000,274.228412,0.000000,333.426184
3072,6932.386159,0.000000,48.000000,271.721448,0.000000,295.821727
3078,6932.386159,0.000000,48.000000,268.713092,0.000000,250.696379
3079,6932.386159,0.000000,48.000000,268.211699,0.000000,243.175487
3083,6932.386159,0.000000,48.000000,266.206128,0.000000,213.091922
3084,6932.386159,0.000000,48.000000,265.704735,0.000000,205.571031
3086,6932.386159,0.000000,48.000000,264.701950,0.000000,190.529248
3089,6932.386159,0.000000,48.000000,263.197772,0.000000,167.966574
3099,6932.386159,0.000000,48.000000,258.183844,0.000000,92.757660
3102,6932.386159,0.000000,48.000000,256.679666,0.000000,70.194986
3106,6932.386159,0.000000,48.000000,254.674095,0.000000,40.111421
3108,6932.386159,0.000000,48.000000,253.671309,0.000000,25.069638
3120,6932.386159,0.000000,48.000000,247.654596,0.000000,294.818942
3124,6932.386159,0.000000,48.000000,245.649025,0.000000,264.735376
3128,6932.386159,0.000000,48.000000,243.643454,0.000000,234.651811
3132,6932.386159,0.000000,48.000000,241.637883,0.000000,204.568245
3134,6932.386159,0.000000,48.000000,240.635097,0.000000,189.526462
3139,6932.386159,0.000000,48.000000,238.128134,0.000000,151.922006
3141,6932.386159,0.000000,48.000000,237.125348,0.000000,136.880223
3146,6932.386159,0.000000,48.000000,234.618384,0.000000,99.275766
3154,6932.386159,0.000000,48.000000,230.607242,0.000000,39.108635
3169,6932.386159,0.000000,48.000000,223.086351,0.000000,286.295265
3174,6932.386159,0.000000,48.000000,220.579387,0.000000,248.690808
3181,6932.386159,0.000000,48.000000,217.069638,0.000000,196.044568
3188,6932.386159,0.000000,48.000000,213.559889,0.000000,143.398329
3190,6932.386159,0.000000,48.000000,212.557103,0.000000,128.356546
3193,6932.386159,0.000000,48.000000,211.052925,0.000000,105.793872
3200,6932.386159,0.000000,48.000000,207.543175,0.000000,53.147632
3202,6932.386159,0.000000,48.000000,206.540390,0.000000,38.105850
3219,6932.386159,0.000000,48.000000,198.016713,0.000000,270.250696
3223,6932.386159,0.000000,48.000000,196.011142,0.000000,240.167131
3225,6932.386159,0.000000,48.000000,195.008357,0.000000,225.125348
3226,6932.386159,0.000000,48.000000,194.506964,0.000000,217.604457
3229,6932.386159,0.000000,48.000000,193.002786,0.000000,195.041783
3231,6932.386159,0.000000,48.000000,192.000000,0.000000,180.000000
3238,6932.386159,0.000000,48.000000,188.490251,0.000000,127.353760
3242,6932.386159,0.000000,48.000000,186.484680,0.000000,97.270195
3243,6932.386159,0.000000,48.000000,185.983287,0.000000,89.749304
3244,6932.386159,0.000000,48.000000,185.481894,0.000000,82.228412
3247,6932.386159,0.000000,48.000000,183.977716,0.000000,59.665738
3248,6932.386159,0.000000,48.000000,183.476323,0.000000,52.144847
3252,6932.386159,0.000000,48.000000,181.470752,0.000000,22.061281
3254,6932.386159,0.000000,48.000000,180.467967,0.000000,7.019499
3256,6932.386159,0.000000,48.000000,179.465181,0.000000,351.977716
3258,6932.386159,0.000000,48.000000,178.462396,0.000000,336.935933
3267,6932.386159,0.000000,48.000000,173.949861,0.000000,269.247911
3271,6932.386159,0.000000,48.000000,171.944290,0.000000,239.164345
3273,6932.386159,0.000000,48.000000,170.941504,0.000000,224.122563
3276,6932.386159,0.000000,48.000000,169.437326,0.000000,201.559889
3279,6932.386159,0.000000,48.000000,167.933148,0.000000,178.997214
3281,6932.386159,0.000000,48.000000,166.930362,0.000000,163.955432
3282,6932.386159,0.000000,48.000000,166.428969,0.000000,156.434540
3285,6932.386159,0.000000,48.000000,164.924791,0.000000,133.871866
3287,6932.386159,0.000000,48.000000,163.922006,0.000000,118.830084
3290,6932.386159,0.000000,48.000000,162.417827,0.000000,96.267409
3291,6932.386159,0.000000,48.000000,161.916435,0.000000,88.746518
3293,6932.386159,0.000000,48.000000,160.913649,0.000000,73.704735
3297,6932.386159,0.000000,48.000000,158.908078,0.000000,43.621170
3303,6932.386159,0.000000,48.000000,155.899721,0.000000,358.495822
3308,6932.386159,0.000000,48.000000,153.392758,0.000000,320.891365
3315,6932.386159,0.000000,48.000000,149.883008,0.000000,268.245125
3318,6932.386159,0.000000,48.000000,148.378830,0.000000,245.682451
3320,6932.386159,0.000000,48.000000,147.376045,0.000000,230.640669
3327,6932.386159,0.000000,48.000000,143.866295,0.000000,177.994429
3332,6932.386159,0.000000,48.000000,141.359331,0.000000,140.389972
3339,6932.386159,0.000000,48.000000,137.849582,0.000000,87.743733
3340,6932.386159,0.000000,48.000000,137.348189,0.000000,80.222841
3341,6932.386159,0.000000,48.000000,136.846797,0.000000,72.701950
3345,6932.386159,0.000000,48.000000,134.841226,0.000000,42.618384
3347,6932.386159,0.000000,48.000000,133.838440,0.000000,27.576602
3348,6932.386159,0.000000,48.000000,133.337047,0.000000,20.055710
3352,6932.386159,0.000000,48.000000,131.331476,0.000000,349.972145
3354,6932.386159,0.000000,48.000000,130.328691,0.000000,334.930362
3357,6932.386159,0.000000,48.000000,128.824513,0.000000,312.367688
3363,6932.386159,0.000000,48.000000,125.816156,0.000000,267.242340
3365,6932.386159,0.000000,48.000000,124.813370,0.000000,252.200557
3370,6932.386159,0.000000,48.000000,122.306407,0.000000,214.596100
3372,6932.386159,0.000000,48.000000,121.303621,0.000000,199.554318
3376,6932.386159,0.000000,48.000000,119.298050,0.000000,169.470752
3378,6932.386159,0.000000,48.000000,118.295265,0.000000,154.428969
3380,6932.386159,0.000000,48.000000,117.292479,0.000000,139.387187
3384,6932.386159,0.000000,48.000000,115.286908,0.000000,109.303621
3385,6932.386159,0.000000,48.000000,114.785515,0.000000,101.782730
3388,6932.386159,0.000000,48.000000,113.281337,0.000000,79.220056
3392,6932.386159,0.000000,48.000000,111.275766,0.000000,49.136490
3394,6932.386159,0.000000,48.000000,110.272981,0.000000,34.094708
3396,6932.386159,0.000000,48.000000,109.270195,0.000000,19.052925
3400,6932.386159,0.000000,48.000000,107.264624,0.000000,348.969359
3404,6932.386159,0.000000,48.000000,105.259053,0.000000,318.885794
3408,6932.386159,0.000000,48.000000,103.253482,0.000000,288.802228
3411,6932.386159,0.000000,48.000000,101.749304,0.000000,266.239554
3414,6932.386159,0.000000,48.000000,100.245125,0.000000,243.676880
3421,6932.386159,0.000000,48.000000,96.735376,0.000000,191.030641
3425,6932.386159,0.000000,48.000000,94.729805,0.000000,160.947075
3430,6932.386159,0.000000,48.000000,92.222841,0.000000,123.342618
3431,6932.386159,0.000000,48.000000,91.721448,0.000000,115.821727
3442,6932.386159,0.000000,48.000000,86.206128,0.000000,33.091922
3444,6932.386159,0.000000,48.000000,85.203343,0.000000,18.050139
3449,6932.386159,0.000000,48.000000,82.696379,0.000000,340.445682
3452,6932.386159,0.000000,48.000000,81.192201,0.000000,317.883008
3462,6932.386159,0.000000,48.000000,76.178273,0.000000,242.674095
3466,6932.386159,0.000000,48.000000,74.172702,0.000000,212.590529
3467,6932.386159,0.000000,48.000000,73.671309,0.000000,205.069638
3468,6932.386159,0.000000,48.000000,73.169916,0.000000,197.548747
3471,6932.386159,0.000000,48.000000,71.665738,0.000000,174.986072
3473,6932.386159,0.000000,48.000000,70.662953,0.000000,159.944290
3479,6932.386159,0.000000,48.000000,67.654596,0.000000,114.818942
3482,6932.386159,0.000000,48.000000,66.150418,0.000000,92.256267
3486,6932.386159,0.000000,48.000000,64.144847,0.000000,62.172702
3489,6932.386159,0.000000,48.000000,62.640669,0.000000,39.610028
3492,6932.386159,0.000000,48.000000,61.136490,0.000000,17.047354
3497,6932.386159,0.000000,48.000000,58.629526,0.000000,339.442897
3500,6932.386159,0.000000,48.000000,57.125348,0.000000,316.880223
3502,6932.386159,0.000000,48.000000,56.122563,0.000000,301.838440
3506,6932.386159,0.000000,48.000000,54.116992,0.000000,271.754875
3510,6932.386159,0.000000,48.000000,52.111421,0.000000,241.671309
3513,6932.386159,0.000000,48.000000,50.607242,0.000000,219.108635
3516,6932.386159,0.000000,48.000000,49.103064,0.000000,196.545961
3518,6932.386159,0.000000,48.000000,48.100279,0.000000,181.504178
3522,6932.386159,0.000000,48.000000,46.094708,0.000000,151.420613
3524,6932.386159,0.000000,48.000000,45.091922,0.000000,136.378830
3527,6932.386159,0.000000,48.000000,43.587744,0.000000,113.816156
3529,6932.386159,0.000000,48.000000,42.584958,0.000000,98.774373
3540,6932.386159,0.000000,48.000000,37.069638,0.000000,16.044568
3544,6932.386159,0.000000,48.000000,35.064067,0.000000,345.961003
3545,6932.386159,0.000000,48.000000,34.562674,0.000000,338.440111
3546,6932.386159,0.000000,48.000000,34.061281,0.000000,330.919220
3553,6932.386159,0.000000,48.000000,30.551532,0.000000,278.272981
3554,6932.386159,0.000000,48.000000,30.050139,0.000000,270.752089
3556,6932.386159,0.000000,48.000000,29.047354,0.000000,255.710306
3561,6932.386159,0.000000,48.000000,26.540390,0.000000,218.105850
3565,6932.386159,0.000000,48.000000,24.534819,0.000000,188.022284
3567,6932.386159,0.000000,48.000000,23.532033,0.000000,172.980501
3577,6932.386159,0.000000,48.000000,18.518106,0.000000,97.771588
3583,6932.386159,0.000000,48.000000,15.509749,0.000000,52.646240
3584,6932.386159,0.000000,48.000000,15.008357,0.000000,45.125348
3587,6932.386159,0.000000,48.000000,13.504178,0.000000,22.562674
3588,6932.386159,0.000000,48.000000,13.002786,0.000000,15.041783
3590,6932.386159,0.000000,42.000000,7.200000,0.000000,0.000000
3591,6932.386159,0.000000,42.000000,6.698607,0.000000,352.479109
3592,6932.386159,0.000000,42.000000,6.197214,0.000000,344.958217
3593,6932.386159,0.000000,42.000000,5.695822,0.000000,337.437326
3594,6932.386159,0.000000,42.000000,5.194429,0.000000,329.916435
3595,6932.386159,0.000000,42.000000,4.693036,0.000000,322.395543
3596,6932.386159,0.000000,42.000000,4.191643,0.000000,314.874652
3597,6932.386159,0.000000,42.000000,3.690251,0.000000,307.353760
3598,6932.386159,0.000000,42.000000,3.188858,0.000000,299.832869
3599,6932.386159,0.000000,42.000000,2.687465,0.000000,292.311978
3600,6932.386159,0.000000,42.000000,2.186072,0.000000,284.791086
3601,6932.386159,0.000000,42.000000,1.684680,0.000000,277.270195
3602,6932.386159,0.000000,42.000000,1.183287,0.000000,269.749304
3603,6932.386159,0.000000,42.000000,0.681894,0.000000,262.228412
3604,6932.386159,0.000000,42.000000,0.180501,0.000000,254.707521
3605,6932.386159,0.000000,42.000000,359.679109,0.000000,247.186630
3606,6932.386159,0.000000,42.000000,359.177716,0.000000,239.665738
3607,6932.386159,0.000000,42.000000,358.676323,0.000000,232.144847
3608,6932.386159,0.000000,42.000000,358.174930,0.000000,224.623955
3609,6932.386159,0.000000,42.000000,357.673538,0.000000,217.103064
3610,6932.386159,0.000000,42.000000,357.172145,0.000000,209.582173
3611,6932.386159,0.000000,42.000000,356.670752,0.000000,202.061281
3612,6932.386159,0.000000,42.000000,356.169359,0.000000,194.540390
3613,6932.386159,0.000000,42.000000,355.667967,0.000000,187.019499
3614,6932.386159,0.000000,42.000000,355.166574,0.000000,179.498607
3615,6932.386159,0.000000,42.000000,354.665181,0.000000,171.977716
3616,6932.386159,0.000000,42.000000,354.163788,0.000000,164.456825
3617,6932.386159,0.000000,42.000000,353.662396,0.000000,156.935933
3618,6932.386159,0.000000,42.000000,353.161003,0.000000,149.415042
3619,6932.386159,0.000000,42.000000,352.659610,0.000000,141.894150
3620,6932.386159,0.000000,42.000000,352.158217,0.000000,134.373259
3621,6932.386159,0.000000,42.000000,351.656825,0.000000,126.852368
3622,6932.386159,0.000000,42.000000,351.155432,0.000000,119.331476
3623,6932.386159,0.000000,42.000000,350.654039,0.000000,111.810585
3624,6932.386159,0.000000,42.000000,350.152646,0.000000,104.289694
3625,6932.386159,0.000000,42.000000,349.651253,0.000000,96.768802
3626,6932.386159,0.000000,42.000000,349.149861,0.000000,89.247911
3627,6932.386159,0.000000,42.000000,348.648468,0.000000,81.727019
3628,6932.386159,0.000000,42.000000,348.147075,0.000000,74.206128
3629,6932.386159,0.000000,42.000000,347.645682,0.000000,66.685237
3631,6932.386159,0.000000,42.000000,346.642897,0.000000,51.643454
3632,6932.386159,0.000000,42.000000,346.141504,0.000000,44.122563
3633,6932.386159,0.000000,42.000000,345.640111,0.000000,36.601671
3634,6932.386159,0.000000,42.000000,345.138719,0.000000,29.080780
3635,6932.386159,0.000000,42.000000,344.637326,0.000000,21.559889
3636,6932.386159,0.000000,42.000000,344.135933,0.000000,14.038997
3637,6932.386159,0.000000,42.000000,343.634540,0.000000,6.518106
3638,6932.386159,0.000000,42.000000,343.133148,0.000000,358.997214
3639,6932.386159,0.000000,42.000000,342.631755,0.000000,351.476323
3640,6932.386159,0.000000,42.000000,342.130362,0.000000,343.955432
3641,6932.386159,0.000000,42.000000,341.628969,0.000000,336.434540
3642,6932.386159,0.000000,42.000000,341.127577,0.000000,328.913649
3643,6932.386159,0.000000,42.000000,340.626184,0.000000,321.392758
3644,6932.386159,0.000000,42.000000,340.124791,0.000000,313.871866
3645,6932.386159,0.000000,42.000000,339.623398,0.000000,306.350975
3646,6932.386159,0.000000,42.000000,339.122006,0.000000,298.830084
3647,6932.386159,0.000000,42.000000,338.620613,0.000000,291.309192
3648,6932.386159,0.000000,42.000000,338.119220,0.000000,283.788301
3649,6932.386159,0.000000,42.000000,337.617827,0.000000,276.267409
3650,6932.386159,0.000000,42.000000,337.116435,0.000000,268.746518
3651,6932.386159,0.000000,42.000000,336.615042,0.000000,261.225627
3652,6932.386159,0.000000,42.000000,336.113649,0.000000,253.704735
3653,6932.386159,0.000000,42.000000,335.612256,0.000000,246.183844
3654,6932.386159,0.000000,42.000000,335.110864,0.000000,238.662953
3655,6932.386159,0.000000,42.000000,334.609471,0.000000,231.142061
3656,6932.386159,0.000000,42.000000,334.108078,0.000000,223.621170
3657,6932.386159,0.000000,42.000000,333.606685,0.000000,216.100279
3658,6932.386159,0.000000,42.000000,333.105292,0.000000,208.579387
3659,6932.386159,0.000000,42.000000,332.603900,0.000000,201.058496
3660,6932.386159,0.000000,42.000000,332.102507,0.000000,193.537604
3661,6932.386159,0.000000,42.000000,331.601114,0.000000,186.016713
3662,6932.386159,0.000000,42.000000,331.099721,0.000000,178.495822
3663,6932.386159,0.000000,42.000000,330.598329,0.000000,170.974930
3664,6932.386159,0.000000,42.000000,330.096936,0.000000,163.454039
3665,6932.386159,0.000000,42.000000,329.595543,0.000000,155.933148
3666,6932.386159,0.000000,42.000000,329.094150,0.000000,148.412256
3667,6932.386159,0.000000,42.000000,328.592758,0.000000,140.891365
3668,6932.386159,0.000000,42.000000,328.091365,0.000000,133.370474
3669,6932.386159,0.000000,42.000000,327.589972,0.000000,125.849582
3670,6932.386159,0.000000,42.000000,327.088579,0.000000,118.328691
3671,6932.386159,0.000000,42.000000,326.587187,0.000000,110.807799
3672,6932.386159,0.000000,42.000000,326.085794,0.000000,103.286908
3673,6932.386159,0.000000,42.000000,325.584401,0.000000,95.766017
3674,6932.386159,0.000000,42.000000,325.083008,0.000000,88.245125
3675,6932.386159,0.000000,42.000000,324.581616,0.000000,80.724234
3676,6932.386159,0.000000,42.000000,324.080223,0.000000,73.203343
3677,6932.386159,0.000000,42.000000,323.578830,0.000000,65.682451
3678,6932.386159,0.000000,42.000000,323.077437,0.000000,58.161560
3679,6932.386159,0.000000,42.000000,322.576045,0.000000,50.640669
3680,6932.386159,0.000000,42.000000,322.074652,0.000000,43.119777
3681,6932.386159,0.000000,42.000000,321.573259,0.000000,35.598886
3682,6932.386159,0.000000,42.000000,321.071866,0.000000,28.077994
3683,6932.386159,0.000000,42.000000,320.570474,0.000000,20.557103
3684,6932.386159,0.000000,42.000000,320.069081,0.000000,13.036212
3685,6932.386159,0.000000,42.000000,319.567688,0.000000,5.515320
3686,6932.386159,0.000000,42.000000,319.066295,0.000000,357.994429
3687,6932.386159,0.000000,42.000000,318.564903,0.000000,350.473538
3688,6932.386159,0.000000,42.000000,318.063510,0.000000,342.952646
3689,6932.386159,0.000000,42.000000,317.562117,0.000000,335.431755
3690,6932.386159,0.000000,42.000000,317.060724,0.000000,327.910864
3691,6932.386159,0.000000,42.000000,316.559331,0.000000,320.389972
3692,6932.386159,0.000000,42.000000,316.057939,0.000000,312.869081
3693,6932.386159,0.000000,42.000000,315.556546,0.000000,305.348189
3694,6932.386159,0.000000,42.000000,315.055153,0.000000,297.827298
3695,6932.386159,0.000000,42.000000,314.553760,0.000000,290.306407
3696,6932.386159,0.000000,42.000000,314.052368,0.000000,282.785515
3697,6932.386159,0.000000,42.000000,313.550975,0.000000,275.264624
3698,6932.386159,0.000000,42.000000,313.049582,0.000000,267.743733
3699,6932.386159,0.000000,42.000000,312.548189,0.000000,260.222841
3700,6932.386159,0.000000,42.000000,312.046797,0.000000,252.701950
3701,6932.386159,0.000000,42.000000,311.545404,0.000000,245.181058
3702,6932.386159,0.000000,42.000000,311.044011,0.000000,237.660167
3703,6932.386159,0.000000,42.000000,310.542618,0.000000,230.139276
3704,6932.386159,0.000000,42.000000,310.041226,0.000000,222.618384
3705,6932.386159,0.000000,42.000000,309.539833,0.000000,215.097493
3706,6932.386159,0.000000,42.000000,309.038440,0.000000,207.576602
3707,6932.386159,0.000000,42.000000,308.537047,0.000000,200.055710
3708,6932.386159,0.000000,42.000000,308.035655,0.000000,192.534819
3709,6932.386159,0.000000,42.000000,307.534262,0.000000,185.013928
3710,6932.386159,0.000000,42.000000,307.032869,0.000000,177.493036
3711,6932.386159,0.000000,42.000000,306.531476,0.000000,169.972145
3712,6932.386159,0.000000,42.000000,306.030084,0.000000,162.451253
3713,6932.386159,0.000000,42.000000,305.528691,0.000000,154.930362
3714,6932.386159,0.000000,42.000000,305.027298,0.000000,147.409471
3715,6932.386159,0.000000,42.000000,304.525905,0.000000,139.888579
3716,6932.386159,0.000000,42.000000,304.024513,0.000000,132.367688
3717,6932.386159,0.000000,42.000000,303.523120,0.000000,124.846797
3718,6932.386159,0.000000,42.000000,303.021727,0.000000,117.325905
3719,6932.386159,0.000000,42.000000,302.520334,0.000000,109.805014
3720,6932.386159,0.000000,42.000000,302.018942,0.000000,102.284123
3721,6932.386159,0.000000,42.000000,301.517549,0.000000,94.763231
3722,6932.386159,0.000000,42.000000,301.016156,0.000000,87.242340
3723,6932.386159,0.000000,42.000000,300.514763,0.000000,79.721448
3725,6932.386159,0.000000,42.000000,299.511978,0.000000,64.679666
3726,6932.386159,0.000000,42.000000,299.010585,0.000000,57.158774
3727,6932.386159,0.000000,42.000000,298.509192,0.000000,49.637883
3728,6932.386159,0.000000,42.000000,298.007799,0.000000,42.116992
3729,6932.386159,0.000000,42.000000,297.506407,0.000000,34.596100
3730,6932.386159,0.000000,42.000000,297.005014,0.000000,27.075209
3731,6932.386159,0.000000,42.000000,296.503621,0.000000,19.554318
3732,6932.386159,0.000000,42.000000,296.002228,0.000000,12.033426
3733,6932.386159,0.000000,42.000000,295.500836,0.000000,4.512535
3734,6932.386159,0.000000,42.000000,294.999443,0.000000,356.991643
3735,6932.386159,0.000000,42.000000,294.498050,0.000000,349.470752
3736,6932.386159,0.000000,42.000000,293.996657,0.000000,341.949861
3737,6932.386159,0.000000,42.000000,293.495265,0.000000,334.428969
3738,6932.386159,0.000000,42.000000,292.993872,0.000000,326.908078
3739,6932.386159,0.000000,42.000000,292.492479,0.000000,319.387187
3740,6932.386159,0.000000,42.000000,291.991086,0.000000,311.866295
3741,6932.386159,0.000000,42.000000,291.489694,0.000000,304.345404
3742,6932.386159,0.000000,42.000000,290.988301,0.000000,296.824513
3743,6932.386159,0.000000,42.000000,290.486908,0.000000,289.303621
3744,6932.386159,0.000000,42.000000,289.985515,0.000000,281.782730
3745,6932.386159,0.000000,42.000000,289.484123,0.000000,274.261838
3746,6932.386159,0.000000,42.000000,288.982730,0.000000,266.740947
3747,6932.386159,0.000000,42.000000,288.481337,0.000000,259.220056
3748,6932.386159,0.000000,42.000000,287.979944,0.000000,251.699164
3749,6932.386159,0.000000,42.000000,287.478552,0.000000,244.178273
3750,6932.386159,0.000000,42.000000,286.977159,0.000000,236.657382
3751,6932.386159,0.000000,42.000000,286.475766,0.000000,229.136490
3752,6932.386159,0.000000,42.000000,285.974373,0.000000,221.615599
3753,6932.386159,0.000000,42.000000,285.472981,0.000000,214.094708
3754,6932.386159,0.000000,42.000000,284.971588,0.000000,206.573816
3755,6932.386159,0.000000,42.000000,284.470195,0.000000,199.052925
3756,6932.386159,0.000000,42.000000,283.968802,0.000000,191.532033
3757,6932.386159,0.000000,42.000000,283.467409,0.000000,184.011142
3758,6932.386159,0.000000,42.000000,282.966017,0.000000,176.490251
3759,6932.386159,0.000000,42.000000,282.464624,0.000000,168.969359
3760,6932.386159,0.000000,42.000000,281.963231,0.000000,161.448468
3761,6932.386159,0.000000,42.000000,281.461838,0.000000,153.927577
3762,6932.386159,0.000000,42.000000,280.960446,0.000000,146.406685
3763,6932.386159,0.000000,42.000000,280.459053,0.000000,138.885794
3764,6932.386159,0.000000,42.000000,279.957660,0.000000,131.364903
3765,6932.386159,0.000000,42.000000,279.456267,0.000000,123.844011
3767,6932.386159,0.000000,42.000000,278.453482,0.000000,108.802228
3768,6932.386159,0.000000,42.000000,277.952089,0.000000,101.281337
3769,6932.386159,0.000000,42.000000,277.450696,0.000000,93.760446
3770,6932.386159,0.000000,42.000000,276.949304,0.000000,86.239554
3771,6932.386159,0.000000,42.000000,276.447911,0.000000,78.718663
3772,6932.386159,0.000000,42.000000,275.946518,0.000000,71.197772
3773,6932.386159,0.000000,42.000000,275.445125,0.000000,63.676880
3774,6932.386159,0.000000,42.000000,274.943733,0.000000,56.155989
3775,6932.386159,0.000000,42.000000,274.442340,0.000000,48.635097
3776,6932.386159,0.000000,42.000000,273.940947,0.000000,41.114206
3777,6932.386159,0.000000,42.000000,273.439554,0.000000,33.593315
3778,6932.386159,0.000000,42.000000,272.938162,0.000000,26.072423
3779,6932.386159,0.000000,42.000000,272.436769,0.000000,18.551532
3780,6932.386159,0.000000,42.000000,271.935376,0.000000,11.030641
3781,6932.386159,0.000000,42.000000,271.433983,0.000000,3.509749
3782,6932.386159,0.000000,42.000000,270.932591,0.000000,355.988858
3783,6932.386159,0.000000,42.000000,270.431198,0.000000,348.467967
3784,6932.386159,0.000000,42.000000,269.929805,0.000000,340.947075
3785,6932.386159,0.000000,42.000000,269.428412,0.000000,333.426184
3786,6932.386159,0.000000,42.000000,268.927019,0.000000,325.905292
3787,6932.386159,0.000000,42.000000,268.425627,0.000000,318.384401
3788,6932.386159,0.000000,42.000000,267.924234,0.000000,310.863510
3789,6932.386159,0.000000,42.000000,267.422841,0.000000,303.342618
3790,6932.386159,0.000000,42.000000,266.921448,0.000000,295.821727
3791,6932.386159,0.000000,42.000000,266.420056,0.000000,288.300836
3792,6932.386159,0.000000,42.000000,265.918663,0.000000,280.779944
3793,6932.386159,0.000000,42.000000,265.417270,0.000000,273.259053
3794,6932.386159,0.000000,42.000000,264.915877,0.000000,265.738162
3795,6932.386159,0.000000,42.000000,264.414485,0.000000,258.217270
3796,6932.386159,0.000000,42.000000,263.913092,0.000000,250.696379
3797,6932.386159,0.000000,42.000000,263.411699,0.000000,243.175487
3798,6932.386159,0.000000,42.000000,262.910306,0.000000,235.654596
3799,6932.386159,0.000000,42.000000,262.408914,0.000000,228.133705
3800,6932.386159,0.000000,42.000000,261.907521,0.000000,220.612813
3801,6932.386159,0.000000,42.000000,261.406128,0.000000,213.091922
3802,6932.386159,0.000000,42.000000,260.904735,0.000000,205.571031
3803,6932.386159,0.000000,42.000000,260.403343,0.000000,198.050139
3804,6932.386159,0.000000,42.000000,259.901950,0.000000,190.529248
3805,6932.386159,0.000000,42.000000,259.400557,0.000000,183.008357
3806,6932.386159,0.000000,42.000000,258.899164,0.000000,175.487465
3807,6932.386159,0.000000,42.000000,258.397772,0.000000,167.966574
3808,6932.386159,0.000000,42.000000,257.896379,0.000000,160.445682
3809,6932.386159,0.000000,42.000000,257.394986,0.000000,152.924791
3810,6932.386159,0.000000,42.000000,256.893593,0.000000,145.403900
3811,6932.386159,0.000000,42.000000,256.392201,0.000000,137.883008
3812,6932.386159,0.000000,42.000000,255.890808,0.000000,130.362117
3813,6932.386159,0.000000,42.000000,255.389415,0.000000,122.841226
3814,6932.386159,0.000000,42.000000,254.888022,0.000000,115.320334
3815,6932.386159,0.000000,42.000000,254.386630,0.000000,107.799443
3816,6932.386159,0.000000,42.000000,253.885237,0.000000,100.278552
3817,6932.386159,0.000000,42.000000,253.383844,0.000000,92.757660
3818,6932.386159,0.000000,42.000000,252.882451,0.000000,85.236769
3819,6932.386159,0.000000,42.000000,252.381058,0.000000,77.715877
3820,6932.386159,0.000000,42.000000,251.879666,0.000000,70.194986
3821,6932.386159,0.000000,42.000000,251.378273,0.000000,62.674095
3822,6932.386159,0.000000,42.000000,250.876880,0.000000,55.153203
3823,6932.386159,0.000000,42.000000,250.375487,0.000000,47.632312
3824,6932.386159,0.000000,42.000000,249.874095,0.000000,40.111421
3825,6932.386159,0.000000,42.000000,249.372702,0.000000,32.590529
3826,6932.386159,0.000000,42.000000,248.871309,0.000000,25.069638
3827,6932.386159,0.000000,42.000000,248.369916,0.000000,17.548747
3828,6932.386159,0.000000,42.000000,247.868524,0.000000,10.027855
3829,6932.386159,0.000000,42.000000,247.367131,0.000000,2.506964
3830,6932.386159,0.000000,42.000000,246.865738,0.000000,354.986072
3831,6932.386159,0.000000,42.000000,246.364345,0.000000,347.465181
3832,6932.386159,0.000000,42.000000,245.862953,0.000000,339.944290
3833,6932.386159,0.000000,42.000000,245.361560,0.000000,332.423398
3834,6932.386159,0.000000,42.000000,244.860167,0.000000,324.902507
3835,6932.386159,0.000000,42.000000,244.358774,0.000000,317.381616
3836,6932.386159,0.000000,42.000000,243.857382,0.000000,309.860724
3837,6932.386159,0.000000,42.000000,243.355989,0.000000,302.339833
3838,6932.386159,0.000000,42.000000,242.854596,0.000000,294.818942
3839,6932.386159,0.000000,42.000000,242.353203,0.000000,287.298050
3840,6932.386159,0.000000,42.000000,241.851811,0.000000,279.777159
3841,6932.386159,0.000000,42.000000,241.350418,0.000000,272.256267
3842,6932.386159,0.000000,42.000000,240.849025,0.000000,264.735376
3843,6932.386159,0.000000,42.000000,240.347632,0.000000,257.214485
3844,6932.386159,0.000000,42.000000,239.846240,0.000000,249.693593
3845,6932.386159,0.000000,42.000000,239.344847,0.000000,242.172702
3846,6932.386159,0.000000,42.000000,238.843454,0.000000,234.651811
3847,6932.386159,0.000000,42.000000,238.342061,0.000000,227.130919
3848,6932.386159,0.000000,42.000000,237.840669,0.000000,219.610028
3849,6932.386159,0.000000,42.000000,237.339276,0.000000,212.089136
3850,6932.386159,0.000000,42.000000,236.837883,0.000000,204.568245
3851,6932.386159,0.000000,42.000000,236.336490,0.000000,197.047354
3852,6932.386159,0.000000,42.000000,235.835097,0.000000,189.526462
3853,6932.386159,0.000000,42.000000,235.333705,0.000000,182.005571
3854,6932.386159,0.000000,42.000000,234.832312,0.000000,174.484680
3855,6932.386159,0.000000,42.000000,234.330919,0.000000,166.963788
3856,6932.386159,0.000000,42.000000,233.829526,0.000000,159.442897
3857,6932.386159,0.000000,42.000000,233.328134,0.000000,151.922006
3858,6932.386159,0.000000,42.000000,232.826741,0.000000,144.401114
3859,6932.386159,0.000000,42.000000,232.325348,0.000000,136.880223
3860,6932.386159,0.000000,42.000000,231.823955,0.000000,129.359331
3861,6932.386159,0.000000,42.000000,231.322563,0.000000,121.838440
3862,6932.386159,0.000000,42.000000,230.821170,0.000000,114.317549
3863,6932.386159,0.000000,42.000000,230.319777,0.000000,106.796657
3864,6932.386159,0.000000,42.000000,229.818384,0.000000,99.275766
3865,6932.386159,0.000000,42.000000,229.316992,0.000000,91.754875
3866,6932.386159,0.000000,42.000000,228.815599,0.000000,84.233983
3867,6932.386159,0.000000,42.000000,228.314206,0.000000,76.713092
3868,6932.386159,0.000000,42.000000,227.812813,0.000000,69.192201
3869,6932.386159,0.000000,42.000000,227.311421,0.000000,61.671309
3870,6932.386159,0.000000,42.000000,226.810028,0.000000,54.150418
3871,6932.386159,0.000000,42.000000,226.308635,0.000000,46.629526
3872,6932.386159,0.000000,42.000000,225.807242,0.000000,39.108635
3873,6932.386159,0.000000,42.000000,225.305850,0.000000,31.587744
3874,6932.386159,0.000000,42.000000,224.804457,0.000000,24.066852
3875,6932.386159,0.000000,42.000000,224.303064,0.000000,16.545961
3876,6932.386159,0.000000,42.000000,223.801671,0.000000,9.025070
3877,6932.386159,0.000000,42.000000,223.300279,0.000000,1.504178
3878,6932.386159,0.000000,42.000000,222.798886,0.000000,353.983287
3879,6932.386159,0.000000,42.000000,222.297493,0.000000,346.462396
3880,6932.386159,0.000000,42.000000,221.796100,0.000000,338.941504
3881,6932.386159,0.000000,42.000000,221.294708,0.000000,331.420613
3882,6932.386159,0.000000,42.000000,220.793315,0.000000,323.899721
3883,6932.386159,0.000000,42.000000,220.291922,0.000000,316.378830
3884,6932.386159,0.000000,42.000000,219.790529,0.000000,308.857939
3885,6932.386159,0.000000,42.000000,219.289136,0.000000,301.337047
3886,6932.386159,0.000000,42.000000,218.787744,0.000000,293.816156
3887,6932.386159,0.000000,42.000000,218.286351,0.000000,286.295265
3888,6932.386159,0.000000,42.000000,217.784958,0.000000,278.774373
3889,6932.386159,0.000000,42.000000,217.283565,0.000000,271.253482
3890,6932.386159,0.000000,42.000000,216.782173,0.000000,263.732591
3891,6932.386159,0.000000,42.000000,216.280780,0.000000,256.211699
3892,6932.386159,0.000000,42.000000,215.779387,0.000000,248.690808
3893,6932.386159,0.000000,42.000000,215.277994,0.000000,241.169916
3894,6932.386159,0.000000,42.000000,214.776602,0.000000,233.649025
3895,6932.386159,0.000000,42.000000,214.275209,0.000000,226.128134
3896,6932.386159,0.000000,42.000000,213.773816,0.000000,218.607242
3897,6932.386159,0.000000,42.000000,213.272423,0.000000,211.086351
3898,6932.386159,0.000000,42.000000,212.771031,0.000000,203.565460
3899,6932.386159,0.000000,42.000000,212.269638,0.000000,196.044568
3900,6932.386159,0.000000,42.000000,211.768245,0.000000,188.523677
3901,6932.386159,0.000000,42.000000,211.266852,0.000000,181.002786
3902,6932.386159,0.000000,42.000000,210.765460,0.000000,173.481894
3903,6932.386159,0.000000,42.000000,210.264067,0.000000,165.961003
3904,6932.386159,0.000000,42.000000,209.762674,0.000000,158.440111
3905,6932.386159,0.000000,42.000000,209.261281,0.000000,150.919220
3906,6932.386159,0.000000,42.000000,208.759889,0.000000,143.398329
3907,6932.386159,0.000000,42.000000,208.258496,0.000000,135.877437
3908,6932.386159,0.000000,42.000000,207.757103,0.000000,128.356546
3909,6932.386159,0.000000,42.000000,207.255710,0.000000,120.835655
3910,6932.386159,0.000000,42.000000,206.754318,0.000000,113.314763
3911,6932.386159,0.000000,42.000000,206.252925,0.000000,105.793872
3912,6932.386159,0.000000,42.000000,205.751532,0.000000,98.272981
3913,6932.386159,0.000000,42.000000,205.250139,0.000000,90.752089
3914,6932.386159,0.000000,42.000000,204.748747,0.000000,83.231198
3915,6932.386159,0.000000,42.000000,204.247354,0.000000,75.710306
3916,6932.386159,0.000000,42.000000,203.745961,0.000000,68.189415
3917,6932.386159,0.000000,42.000000,203.244568,0.000000,60.668524
3918,6932.386159,0.000000,42.000000,202.743175,0.000000,53.147632
3919,6932.386159,0.000000,42.000000,202.241783,0.000000,45.626741
3920,6932.386159,0.000000,42.000000,201.740390,0.000000,38.105850
3921,6932.386159,0.000000,42.000000,201.238997,0.000000,30.584958
3922,6932.386159,0.000000,42.000000,200.737604,0.000000,23.064067
3923,6932.386159,0.000000,42.000000,200.236212,0.000000,15.543175
3924,6932.386159,0.000000,42.000000,199.734819,0.000000,8.022284
3925,6932.386159,0.000000,42.000000,199.233426,0.000000,0.501393
3926,6932.386159,0.000000,42.000000,198.732033,0.000000,352.980501
3927,6932.386159,0.000000,42.000000,198.230641,0.000000,345.459610
3928,6932.386159,0.000000,42.000000,197.729248,0.000000,337.938719
3929,6932.386159,0.000000,42.000000,197.227855,0.000000,330.417827
3930,6932.386159,0.000000,42.000000,196.726462,0.000000,322.896936
3931,6932.386159,0.000000,42.000000,196.225070,0.000000,315.376045
3932,6932.386159,0.000000,42.000000,195.723677,0.000000,307.855153
3933,6932.386159,0.000000,42.000000,195.222284,0.000000,300.334262
3934,6932.386159,0.000000,42.000000,194.720891,0.000000,292.813370
3935,6932.386159,0.000000,42.000000,194.219499,0.000000,285.292479
3936,6932.386159,0.000000,42.000000,193.718106,0.000000,277.771588
3937,6932.386159,0.000000,42.000000,193.216713,0.000000,270.250696
3938,6932.386159,0.000000,42.000000,192.715320,0.000000,262.729805
3939,6932.386159,0.000000,42.000000,192.213928,0.000000,255.208914
3940,6932.386159,0.000000,42.000000,191.712535,0.000000,247.688022
3941,6932.386159,0.000000,42.000000,191.211142,0.000000,240.167131
3942,6932.386159,0.000000,42.000000,190.709749,0.000000,232.646240
3943,6932.386159,0.000000,42.000000,190.208357,0.000000,225.125348
3944,6932.386159,0.000000,42.000000,189.706964,0.000000,217.604457
3945,6932.386159,0.000000,42.000000,189.205571,0.000000,210.083565
3946,6932.386159,0.000000,42.000000,188.704178,0.000000,202.562674
3947,6932.386159,0.000000,42.000000,188.202786,0.000000,195.041783
3948,6932.386159,0.000000,42.000000,187.701393,0.000000,187.520891
3949,6932.386159,0.000000,42.000000,187.200000,0.000000,180.000000
3950,6932.386159,0.000000,42.000000,186.698607,0.000000,172.479109
3951,6932.386159,0.000000,42.000000,186.197214,0.000000,164.958217
3952,6932.386159,0.000000,42.000000,185.695822,0.000000,157.437326
3953,6932.386159,0.000000,42.000000,185.194429,0.000000,149.916435
3954,6932.386159,0.000000,42.000000,184.693036,0.000000,142.395543
3955,6932.386159,0.000000,42.000000,184.191643,0.000000,134.874652
3956,6932.386159,0.000000,42.000000,183.690251,0.000000,127.353760
3957,6932.386159,0.000000,42.000000,183.188858,0.000000,119.832869
3958,6932.386159,0.000000,42.000000,182.687465,0.000000,112.311978
3959,6932.386159,0.000000,42.000000,182.186072,0.000000,104.791086
3960,6932.386159,0.000000,42.000000,181.684680,0.000000,97.270195
3961,6932.386159,0.000000,42.000000,181.183287,0.000000,89.749304
3962,6932.386159,0.000000,42.000000,180.681894,0.000000,82.228412
3963,6932.386159,0.000000,42.000000,180.180501,0.000000,74.707521
3964,6932.386159,0.000000,42.000000,179.679109,0.000000,67.186630
3965,6932.386159,0.000000,42.000000,179.177716,0.000000,59.665738
3966,6932.386159,0.000000,42.000000,178.676323,0.000000,52.144847
3967,6932.386159,0.000000,42.000000,178.174930,0.000000,44.623955
3968,6932.386159,0.000000,42.000000,177.673538,0.000000,37.103064
3969,6932.386159,0.000000,42.000000,177.172145,0.000000,29.582173
3970,6932.386159,0.000000,42.000000,176.670752,0.000000,22.061281
3971,6932.386159,0.000000,42.000000,176.169359,0.000000,14.540390
3972,6932.386159,0.000000,42.000000,175.667967,0.000000,7.019499
3973,6932.386159,0.000000,42.000000,175.166574,0.000000,359.498607
3974,6932.386159,0.000000,42.000000,174.665181,0.000000,351.977716
3975,6932.386159,0.000000,42.000000,174.163788,0.000000,344.456825
3976,6932.386159,0.000000,42.000000,173.662396,0.000000,336.935933
3977,6932.386159,0.000000,42.000000,173.161003,0.000000,329.415042
3978,6932.386159,0.000000,42.000000,172.659610,0.000000,321.894150
3979,6932.386159,0.000000,42.000000,172.158217,0.000000,314.373259
3980,6932.386159,0.000000,42.000000,171.656825,0.000000,306.852368
3981,6932.386159,0.000000,42.000000,171.155432,0.000000,299.331476
3982,6932.386159,0.000000,42.000000,170.654039,0.000000,291.810585
3983,6932.386159,0.000000,42.000000,170.152646,0.000000,284.289694
3984,6932.386159,0.000000,42.000000,169.651253,0.000000,276.768802
3985,6932.386159,0.000000,42.000000,169.149861,0.000000,269.247911
3986,6932.386159,0.000000,42.000000,168.648468,0.000000,261.727019
3987,6932.386159,0.000000,42.000000,168.147075,0.000000,254.206128
3988,6932.386159,0.000000,42.000000,167.645682,0.000000,246.685237
3989,6932.386159,0.000000,42.000000,167.144290,0.000000,239.164345
3990,6932.386159,0.000000,42.000000,166.642897,0.000000,231.643454
3991,6932.386159,0.000000,42.000000,166.141504,0.000000,224.122563
3992,6932.386159,0.000000,42.000000,165.640111,0.000000,216.601671
3993,6932.386159,0.000000,42.000000,165.138719,0.000000,209.080780
3994,6932.386159,0.000000,42.000000,164.637326,0.000000,201.559889
3995,6932.386159,0.000000,42.000000,164.135933,0.000000,194.038997
3996,6932.386159,0.000000,42.000000,163.634540,0.000000,186.518106
3997,6932.386159,0.000000,42.000000,163.133148,0.000000,178.997214
3998,6932.386159,0.000000,42.000000,162.631755,0.000000,171.476323
3999,6932.386159,0.000000,42.000000,162.130362,0.000000,163.955432
4000,6932.386159,0.000000,42.000000,161.628969,0.000000,156.434540
4001,6932.386159,0.000000,42.000000,161.127577,0.000000,148.913649
4002,6932.386159,0.000000,42.000000,160.626184,0.000000,141.392758
4003,6932.386159,0.000000,42.000000,160.124791,0.000000,133.871866
4004,6932.386159,0.000000,42.000000,159.623398,0.000000,126.350975
4005,6932.386159,0.000000,42.000000,159.122006,0.000000,118.830084
4006,6932.386159,0.000000,42.000000,158.620613,0.000000,111.309192
4007,6932.386159,0.000000,42.000000,158.119220,0.000000,103.788301
4008,6932.386159,0.000000,42.000000,157.617827,0.000000,96.267409
4009,6932.386159,0.000000,42.000000,157.116435,0.000000,88.746518
4010,6932.386159,0.000000,42.000000,156.615042,0.000000,81.225627
4011,6932.386159,0.000000,42.000000,156.113649,0.000000,73.704735
4012,6932.386159,0.000000,42.000000,155.612256,0.000000,66.183844
4013,6932.386159,0.000000,42.000000,155.110864,0.000000,58.662953
4014,6932.386159,0.000000,42.000000,154.609471,0.000000,51.142061
4015,6932.386159,0.000000,42.000000,154.108078,0.000000,43.621170
4016,6932.386159,0.000000,42.000000,153.606685,0.000000,36.100279
4017,6932.386159,0.000000,42.000000,153.105292,0.000000,28.579387
4018,6932.386159,0.000000,42.000000,152.603900,0.000000,21.058496
4019,6932.386159,0.000000,42.000000,152.102507,0.000000,13.537604
4020,6932.386159,0.000000,42.000000,151.601114,0.000000,6.016713
4021,6932.386159,0.000000,42.000000,151.099721,0.000000,358.495822
4022,6932.386159,0.000000,42.000000,150.598329,0.000000,350.974930
4023,6932.386159,0.000000,42.000000,150.096936,0.000000,343.454039
4024,6932.386159,0.000000,42.000000,149.595543,0.000000,335.933148
4025,6932.386159,0.000000,42.000000,149.094150,0.000000,328.412256
4026,6932.386159,0.000000,42.000000,148.592758,0.000000,320.891365
4027,6932.386159,0.000000,42.000000,148.091365,0.000000,313.370474
4028,6932.386159,0.000000,42.000000,147.589972,0.000000,305.849582
4029,6932.386159,0.000000,42.000000,147.088579,0.000000,298.328691
4030,6932.386159,0.000000,42.000000,146.587187,0.000000,290.807799
4031,6932.386159,0.000000,42.000000,146.085794,0.000000,283.286908
4032,6932.386159,0.000000,42.000000,145.584401,0.000000,275.766017
4033,6932.386159,0.000000,42.000000,145.083008,0.000000,268.245125
4034,6932.386159,0.000000,42.000000,144.581616,0.000000,260.724234
4035,6932.386159,0.000000,42.000000,144.080223,0.000000,253.203343
4036,6932.386159,0.000000,42.000000,143.578830,0.000000,245.682451
4037,6932.386159,0.000000,42.000000,143.077437,0.000000,238.161560
4038,6932.386159,0.000000,42.000000,142.576045,0.000000,230.640669
4039,6932.386159,0.000000,42.000000,142.074652,0.000000,223.119777
4040,6932.386159,0.000000,42.000000,141.573259,0.000000,215.598886
4041,6932.386159,0.000000,42.000000,141.071866,0.000000,208.077994
4042,6932.386159,0.000000,42.000000,140.570474,0.000000,200.557103
4043,6932.386159,0.000000,42.000000,140.069081,0.000000,193.036212
4044,6932.386159,0.000000,42.000000,139.567688,0.000000,185.515320
4045,6932.386159,0.000000,42.000000,139.066295,0.000000,177.994429
4046,6932.386159,0.000000,42.000000,138.564903,0.000000,170.473538
4047,6932.386159,0.000000,42.000000,138.063510,0.000000,162.952646
4048,6932.386159,0.000000,42.000000,137.562117,0.000000,155.431755
4049,6932.386159,0.000000,42.000000,137.060724,0.000000,147.910864
4050,6932.386159,0.000000,42.000000,136.559331,0.000000,140.389972
4051,6932.386159,0.000000,42.000000,136.057939,0.000000,132.869081
4052,6932.386159,0.000000,42.000000,135.556546,0.000000,125.348189
4053,6932.386159,0.000000,42.000000,135.055153,0.000000,117.827298
4054,6932.386159,0.000000,42.000000,134.553760,0.000000,110.306407
4055,6932.386159,0.000000,42.000000,134.052368,0.000000,102.785515
4056,6932.386159,0.000000,42.000000,133.550975,0.000000,95.264624
4057,6932.386159,0.000000,42.000000,133.049582,0.000000,87.743733
4058,6932.386159,0.000000,42.000000,132.548189,0.000000,80.222841
4059,6932.386159,0.000000,42.000000,132.046797,0.000000,72.701950
4060,6932.386159,0.000000,42.000000,131.545404,0.000000,65.181058
4061,6932.386159,0.000000,42.000000,131.044011,0.000000,57.660167
4062,6932.386159,0.000000,42.000000,130.542618,0.000000,50.139276
4063,6932.386159,0.000000,42.000000,130.041226,0.000000,42.618384
4064,6932.386159,0.000000,42.000000,129.539833,0.000000,35.097493
4065,6932.386159,0.000000,42.000000,129.038440,0.000000,27.576602
4066,6932.386159,0.000000,42.000000,128.537047,0.000000,20.055710
4067,6932.386159,0.000000,42.000000,128.035655,0.000000,12.534819
4068,6932.386159,0.000000,42.000000,127.534262,0.000000,5.013928
4069,6932.386159,0.000000,42.000000,127.032869,0.000000,357.493036
4070,6932.386159,0.000000,42.000000,126.531476,0.000000,349.972145
4071,6932.386159,0.000000,42.000000,126.030084,0.000000,342.451253
4072,6932.386159,0.000000,42.000000,125.528691,0.000000,334.930362
4073,6932.386159,0.000000,42.000000,125.027298,0.000000,327.409471
4074,6932.386159,0.000000,42.000000,124.525905,0.000000,319.888579
4075,6932.386159,0.000000,42.000000,124.024513,0.000000,312.367688
4076,6932.386159,0.000000,42.000000,123.523120,0.000000,304.846797
4077,6932.386159,0.000000,42.000000,123.021727,0.000000,297.325905
4078,6932.386159,0.000000,42.000000,122.520334,0.000000,289.805014
4079,6932.386159,0.000000,42.000000,122.018942,0.000000,282.284123
4080,6932.386159,0.000000,42.000000,121.517549,0.000000,274.763231
4081,6932.386159,0.000000,42.000000,121.016156,0.000000,267.242340
4082,6932.386159,0.000000,42.000000,120.514763,0.000000,259.721448
4083,6932.386159,0.000000,42.000000,120.013370,0.000000,252.200557
4084,6932.386159,0.000000,42.000000,119.511978,0.000000,244.679666
4085,6932.386159,0.000000,42.000000,119.010585,0.000000,237.158774
4086,6932.386159,0.000000,42.000000,118.509192,0.000000,229.637883
4087,6932.386159,0.000000,42.000000,118.007799,0.000000,222.116992
4088,6932.386159,0.000000,42.000000,117.506407,0.000000,214.596100
4089,6932.386159,0.000000,42.000000,117.005014,0.000000,207.075209
4090,6932.386159,0.000000,42.000000,116.503621,0.000000,199.554318
4091,6932.386159,0.000000,42.000000,116.002228,0.000000,192.033426
4092,6932.386159,0.000000,42.000000,115.500836,0.000000,184.512535
4093,6932.386159,0.000000,42.000000,114.999443,0.000000,176.991643
4094,6932.386159,0.000000,42.000000,114.498050,0.000000,169.470752
4095,6932.386159,0.000000,42.000000,113.996657,0.000000,161.949861
4096,6932.386159,0.000000,42.000000,113.495265,0.000000,154.428969
4097,6932.386159,0.000000,42.000000,112.993872,0.000000,146.908078
4099,6932.386159,0.000000,42.000000,111.991086,0.000000,131.866295
4100,6932.386159,0.000000,42.000000,111.489694,0.000000,124.345404
4101,6932.386159,0.000000,42.000000,110.988301,0.000000,116.824513
4102,6932.386159,0.000000,42.000000,110.486908,0.000000,109.303621
4103,6932.386159,0.000000,42.000000,109.985515,0.000000,101.782730
4104,6932.386159,0.000000,42.000000,109.484123,0.000000,94.261838
4105,6932.386159,0.000000,42.000000,108.982730,0.000000,86.740947
4106,6932.386159,0.000000,42.000000,108.481337,0.000000,79.220056
4107,6932.386159,0.000000,42.000000,107.979944,0.000000,71.699164
4108,6932.386159,0.000000,42.000000,107.478552,0.000000,64.178273
4109,6932.386159,0.000000,42.000000,106.977159,0.000000,56.657382
4110,6932.386159,0.000000,42.000000,106.475766,0.000000,49.136490
4111,6932.386159,0.000000,42.000000,105.974373,0.000000,41.615599
4112,6932.386159,0.000000,42.000000,105.472981,0.000000,34.094708
4113,6932.386159,0.000000,42.000000,104.971588,0.000000,26.573816
4114,6932.386159,0.000000,42.000000,104.470195,0.000000,19.052925
4115,6932.386159,0.000000,42.000000,103.968802,0.000000,11.532033
4116,6932.386159,0.000000,42.000000,103.467409,0.000000,4.011142
4117,6932.386159,0.000000,42.000000,102.966017,0.000000,356.490251
4118,6932.386159,0.000000,42.000000,102.464624,0.000000,348.969359
4119,6932.386159,0.000000,42.000000,101.963231,0.000000,341.448468
4120,6932.386159,0.000000,42.000000,101.461838,0.000000,333.927577
4121,6932.386159,0.000000,42.000000,100.960446,0.000000,326.406685
4122,6932.386159,0.000000,42.000000,100.459053,0.000000,318.885794
4123,6932.386159,0.000000,42.000000,99.957660,0.000000,311.364903
4124,6932.386159,0.000000,42.000000,99.456267,0.000000,303.844011
4125,6932.386159,0.000000,42.000000,98.954875,0.000000,296.323120
4126,6932.386159,0.000000,42.000000,98.453482,0.000000,288.802228
4127,6932.386159,0.000000,42.000000,97.952089,0.000000,281.281337
4128,6932.386159,0.000000,42.000000,97.450696,0.000000,273.760446
4129,6932.386159,0.000000,42.000000,96.949304,0.000000,266.239554
4130,6932.386159,0.000000,42.000000,96.447911,0.000000,258.718663
4131,6932.386159,0.000000,42.000000,95.946518,0.000000,251.197772
4132,6932.386159,0.000000,42.000000,95.445125,0.000000,243.676880
4133,6932.386159,0.000000,42.000000,94.943733,0.000000,236.155989
4134,6932.386159,0.000000,42.000000,94.442340,0.000000,228.635097
4135,6932.386159,0.000000,42.000000,93.940947,0.000000,221.114206
4136,6932.386159,0.000000,42.000000,93.439554,0.000000,213.593315
4137,6932.386159,0.000000,42.000000,92.938162,0.000000,206.072423
4138,6932.386159,0.000000,42.000000,92.436769,0.000000,198.551532
4139,6932.386159,0.000000,42.000000,91.935376,0.000000,191.030641
4140,6932.386159,0.000000,42.000000,91.433983,0.000000,183.509749
4141,6932.386159,0.000000,42.000000,90.932591,0.000000,175.988858
4142,6932.386159,0.000000,42.000000,90.431198,0.000000,168.467967
4144,6932.386159,0.000000,42.000000,89.428412,0.000000,153.426184
4145,6932.386159,0.000000,42.000000,88.927019,0.000000,145.905292
4146,6932.386159,0.000000,42.000000,88.425627,0.000000,138.384401
4147,6932.386159,0.000000,42.000000,87.924234,0.000000,130.863510
4148,6932.386159,0.000000,42.000000,87.422841,0.000000,123.342618
4149,6932.386159,0.000000,42.000000,86.921448,0.000000,115.821727
4150,6932.386159,0.000000,42.000000,86.420056,0.000000,108.300836
4151,6932.386159,0.000000,42.000000,85.918663,0.000000,100.779944
4152,6932.386159,0.000000,42.000000,85.417270,0.000000,93.259053
4153,6932.386159,0.000000,42.000000,84.915877,0.000000,85.738162
4154,6932.386159,0.000000,42.000000,84.414485,0.000000,78.217270
4155,6932.386159,0.000000,42.000000,83.913092,0.000000,70.696379
4156,6932.386159,0.000000,42.000000,83.411699,0.000000,63.175487
4157,6932.386159,0.000000,42.000000,82.910306,0.000000,55.654596
4158,6932.386159,0.000000,42.000000,82.408914,0.000000,48.133705
4159,6932.386159,0.000000,42.000000,81.907521,0.000000,40.612813
4160,6932.386159,0.000000,42.000000,81.406128,0.000000,33.091922
4161,6932.386159,0.000000,42.000000,80.904735,0.000000,25.571031
4162,6932.386159,0.000000,42.000000,80.403343,0.000000,18.050139
4163,6932.386159,0.000000,42.000000,79.901950,0.000000,10.529248
4164,6932.386159,0.000000,42.000000,79.400557,0.000000,3.008357
4165,6932.386159,0.000000,42.000000,78.899164,0.000000,355.487465
4166,6932.386159,0.000000,42.000000,78.397772,0.000000,347.966574
4167,6932.386159,0.000000,42.000000,77.896379,0.000000,340.445682
4168,6932.386159,0.000000,42.000000,77.394986,0.000000,332.924791
4169,6932.386159,0.000000,42.000000,76.893593,0.000000,325.403900
4170,6932.386159,0.000000,42.000000,76.392201,0.000000,317.883008
4171,6932.386159,0.000000,42.000000,75.890808,0.000000,310.362117
4172,6932.386159,0.000000,42.000000,75.389415,0.000000,302.841226
4173,6932.386159,0.000000,42.000000,74.888022,0.000000,295.320334
4174,6932.386159,0.000000,42.000000,74.386630,0.000000,287.799443
4175,6932.386159,0.000000,42.000000,73.885237,0.000000,280.278552
4176,6932.386159,0.000000,42.000000,73.383844,0.000000,272.757660
4177,6932.386159,0.000000,42.000000,72.882451,0.000000,265.236769
4178,6932.386159,0.000000,42.000000,72.381058,0.000000,257.715877
4179,6932.386159,0.000000,42.000000,71.879666,0.000000,250.194986
4180,6932.386159,0.000000,42.000000,71.378273,0.000000,242.674095
4181,6932.386159,0.000000,42.000000,70.876880,0.000000,235.153203
4182,6932.386159,0.000000,42.000000,70.375487,0.000000,227.632312
4183,6932.386159,0.000000,42.000000,69.874095,0.000000,220.111421
4184,6932.386159,0.000000,42.000000,69.372702,0.000000,212.590529
4185,6932.386159,0.000000,42.000000,68.871309,0.000000,205.069638
4186,6932.386159,0.000000,42.000000,68.369916,0.000000,197.548747
4187,6932.386159,0.000000,42.000000,67.868524,0.000000,190.027855
4188,6932.386159,0.000000,42.000000,67.367131,0.000000,182.506964
4189,6932.386159,0.000000,42.000000,66.865738,0.000000,174.986072
4190,6932.386159,0.000000,42.000000,66.364345,0.000000,167.465181
4191,6932.386159,0.000000,42.000000,65.862953,0.000000,159.944290
4192,6932.386159,0.000000,42.000000,65.361560,0.000000,152.423398
4193,6932.386159,0.000000,42.000000,64.860167,0.000000,144.902507
4194,6932.386159,0.000000,42.000000,64.358774,0.000000,137.381616
4195,6932.386159,0.000000,42.000000,63.857382,0.000000,129.860724
4196,6932.386159,0.000000,42.000000,63.355989,0.000000,122.339833
4197,6932.386159,0.000000,42.000000,62.854596,0.000000,114.818942
4198,6932.386159,0.000000,42.000000,62.353203,0.000000,107.298050
4199,6932.386159,0.000000,42.000000,61.851811,0.000000,99.777159
4200,6932.386159,0.000000,42.000000,61.350418,0.000000,92.256267
4201,6932.386159,0.000000,42.000000,60.849025,0.000000,84.735376
4202,6932.386159,0.000000,42.000000,60.347632,0.000000,77.214485
4203,6932.386159,0.000000,42.000000,59.846240,0.000000,69.693593
4204,6932.386159,0.000000,42.000000,59.344847,0.000000,62.172702
4205,6932.386159,0.000000,42.000000,58.843454,0.000000,54.651811
4207,6932.386159,0.000000,42.000000,57.840669,0.000000,39.610028
4208,6932.386159,0.000000,42.000000,57.339276,0.000000,32.089136
4209,6932.386159,0.000000,42.000000,56.837883,0.000000,24.568245
4210,6932.386159,0.000000,42.000000,56.336490,0.000000,17.047354
4211,6932.386159,0.000000,42.000000,55.835097,0.000000,9.526462
4212,6932.386159,0.000000,42.000000,55.333705,0.000000,2.005571
4213,6932.386159,0.000000,42.000000,54.832312,0.000000,354.484680
4214,6932.386159,0.000000,42.000000,54.330919,0.000000,346.963788
4215,6932.386159,0.000000,42.000000,53.829526,0.000000,339.442897
4216,6932.386159,0.000000,42.000000,53.328134,0.000000,331.922006
4217,6932.386159,0.000000,42.000000,52.826741,0.000000,324.401114
4218,6932.386159,0.000000,42.000000,52.325348,0.000000,316.880223
4219,6932.386159,0.000000,42.000000,51.823955,0.000000,309.359331
4220,6932.386159,0.000000,42.000000,51.322563,0.000000,301.838440
4221,6932.386159,0.000000,42.000000,50.821170,0.000000,294.317549
4222,6932.386159,0.000000,42.000000,50.319777,0.000000,286.796657
4223,6932.386159,0.000000,42.000000,49.818384,0.000000,279.275766
4224,6932.386159,0.000000,42.000000,49.316992,0.000000,271.754875
4225,6932.386159,0.000000,42.000000,48.815599,0.000000,264.233983
4226,6932.386159,0.000000,42.000000,48.314206,0.000000,256.713092
4227,6932.386159,0.000000,42.000000,47.812813,0.000000,249.192201
4228,6932.386159,0.000000,42.000000,47.311421,0.000000,241.671309
4229,6932.386159,0.000000,42.000000,46.810028,0.000000,234.150418
4230,6932.386159,0.000000,42.000000,46.308635,0.000000,226.629526
4231,6932.386159,0.000000,42.000000,45.807242,0.000000,219.108635
4232,6932.386159,0.000000,42.000000,45.305850,0.000000,211.587744
4233,6932.386159,0.000000,42.000000,44.804457,0.000000,204.066852
4234,6932.386159,0.000000,42.000000,44.303064,0.000000,196.545961
4235,6932.386159,0.000000,42.000000,43.801671,0.000000,189.025070
4236,6932.386159,0.000000,42.000000,43.300279,0.000000,181.504178
4237,6932.386159,0.000000,42.000000,42.798886,0.000000,173.983287
4238,6932.386159,0.000000,42.000000,42.297493,0.000000,166.462396
4239,6932.386159,0.000000,42.000000,41.796100,0.000000,158.941504
4240,6932.386159,0.000000,42.000000,41.294708,0.000000,151.420613
4241,6932.386159,0.000000,42.000000,40.793315,0.000000,143.899721
4242,6932.386159,0.000000,42.000000,40.291922,0.000000,136.378830
4243,6932.386159,0.000000,42.000000,39.790529,0.000000,128.857939
4244,6932.386159,0.000000,42.000000,39.289136,0.000000,121.337047
4245,6932.386159,0.000000,42.000000,38.787744,0.000000,113.816156
4246,6932.386159,0.000000,42.000000,38.286351,0.000000,106.295265
4247,6932.386159,0.000000,42.000000,37.784958,0.000000,98.774373
4248,6932.386159,0.000000,42.000000,37.283565,0.000000,91.253482
4249,6932.386159,0.000000,42.000000,36.782173,0.000000,83.732591
4250,6932.386159,0.000000,42.000000,36.280780,0.000000,76.211699
4251,6932.386159,0.000000,42.000000,35.779387,0.000000,68.690808
4252,6932.386159,0.000000,42.000000,35.277994,0.000000,61.169916
4253,6932.386159,0.000000,42.000000,34.776602,0.000000,53.649025
4254,6932.386159,0.000000,42.000000,34.275209,0.000000,46.128134
4255,6932.386159,0.000000,42.000000,33.773816,0.000000,38.607242
4256,6932.386159,0.000000,42.000000,33.272423,0.000000,31.086351
4257,6932.386159,0.000000,42.000000,32.771031,0.000000,23.565460
4258,6932.386159,0.000000,42.000000,32.269638,0.000000,16.044568
4259,6932.386159,0.000000,42.000000,31.768245,0.000000,8.523677
4260,6932.386159,0.000000,42.000000,31.266852,0.000000,1.002786
4261,6932.386159,0.000000,42.000000,30.765460,0.000000,353.481894
4262,6932.386159,0.000000,42.000000,30.264067,0.000000,345.961003
4263,6932.386159,0.000000,42.000000,29.762674,0.000000,338.440111
4264,6932.386159,0.000000,42.000000,29.261281,0.000000,330.919220
4265,6932.386159,0.000000,42.000000,28.759889,0.000000,323.398329
4266,6932.386159,0.000000,42.000000,28.258496,0.000000,315.877437
4267,6932.386159,0.000000,42.000000,27.757103,0.000000,308.356546
4268,6932.386159,0.000000,42.000000,27.255710,0.000000,300.835655
4269,6932.386159,0.000000,42.000000,26.754318,0.000000,293.314763
4270,6932.386159,0.000000,42.000000,26.252925,0.000000,285.793872
4271,6932.386159,0.000000,42.000000,25.751532,0.000000,278.272981
4272,6932.386159,0.000000,42.000000,25.250139,0.000000,270.752089
4273,6932.386159,0.000000,42.000000,24.748747,0.000000,263.231198
4274,6932.386159,0.000000,42.000000,24.247354,0.000000,255.710306
4275,6932.386159,0.000000,42.000000,23.745961,0.000000,248.189415
4276,6932.386159,0.000000,42.000000,23.244568,0.000000,240.668524
4277,6932.386159,0.000000,42.000000,22.743175,0.000000,233.147632
4278,6932.386159,0.000000,42.000000,22.241783,0.000000,225.626741
4279,6932.386159,0.000000,42.000000,21.740390,0.000000,218.105850
4280,6932.386159,0.000000,42.000000,21.238997,0.000000,210.584958
4281,6932.386159,0.000000,42.000000,20.737604,0.000000,203.064067
4282,6932.386159,0.000000,42.000000,20.236212,0.000000,195.543175
4283,6932.386159,0.000000,42.000000,19.734819,0.000000,188.022284
4284,6932.386159,0.000000,42.000000,19.233426,0.000000,180.501393
4285,6932.386159,0.000000,42.000000,18.732033,0.000000,172.980501
4286,6932.386159,0.000000,42.000000,18.230641,0.000000,165.459610
4287,6932.386159,0.000000,42.000000,17.729248,0.000000,157.938719
4288,6932.386159,0.000000,42.000000,17.227855,0.000000,150.417827
4289,6932.386159,0.000000,42.000000,16.726462,0.000000,142.896936
4290,6932.386159,0.000000,42.000000,16.225070,0.000000,135.376045
4291,6932.386159,0.000000,42.000000,15.723677,0.000000,127.855153
4292,6932.386159,0.000000,42.000000,15.222284,0.000000,120.334262
4293,6932.386159,0.000000,42.000000,14.720891,0.000000,112.813370
4294,6932.386159,0.000000,42.000000,14.219499,0.000000,105.292479
4295,6932.386159,0.000000,42.000000,13.718106,0.000000,97.771588
4296,6932.386159,0.000000,42.000000,13.216713,0.000000,90.250696
4297,6932.386159,0.000000,42.000000,12.715320,0.000000,82.729805
4298,6932.386159,0.000000,42.000000,12.213928,0.000000,75.208914
4299,6932.386159,0.000000,42.000000,11.712535,0.000000,67.688022
4300,6932.386159,0.000000,42.000000,11.211142,0.000000,60.167131
4301,6932.386159,0.000000,42.000000,10.709749,0.000000,52.646240
4302,6932.386159,0.000000,42.000000,10.208357,0.000000,45.125348
4303,6932.386159,0.000000,42.000000,9.706964,0.000000,37.604457
4304,6932.386159,0.000000,42.000000,9.205571,0.000000,30.083565
4305,6932.386159,0.000000,42.000000,8.704178,0.000000,22.562674
4306,6932.386159,0.000000,42.000000,8.202786,0.000000,15.041783
4307,6932.386159,0.000000,42.000000,7.701393,0.000000,7.520891
4570,6932.386159,0.000000,44.000000,235.835097,0.000000,189.526462
4599,6932.386159,0.000000,44.000000,221.294708,0.000000,331.420613
4680,6932.386159,0.000000,44.000000,180.681894,0.000000,82.228412
4816,6932.386159,0.000000,44.000000,112.492479,0.000000,139.387187
4837,6932.386159,0.000000,44.000000,101.963231,0.000000,341.448468
4932,6932.386159,0.000000,44.000000,54.330919,0.000000,346.963788
6499,6932.386159,0.000000,46.000000,348.648468,0.000000,81.727019
6542,6932.386159,0.000000,46.000000,327.088579,0.000000,118.328691
6704,6932.386159,0.000000,46.000000,245.862953,0.000000,339.944290
6745,6932.386159,0.000000,46.000000,225.305850,0.000000,31.587744
6791,6932.386159,0.000000,46.000000,202.241783,0.000000,45.626741
6847,6932.386159,0.000000,46.000000,174.163788,0.000000,344.456825
6972,6932.386159,0.000000,46.000000,111.489694,0.000000,124.345404
7028,6932.386159,0.000000,46.000000,83.411699,0.000000,63.175487
7220,6932.386159,0.000000,39.000000,347.144290,0.000000,59.164345
7356,6932.386159,0.000000,39.000000,278.954875,0.000000,116.323120
7897,6932.386159,0.000000,39.000000,7.701393,0.000000,7.520891
7941,6932.386159,0.000000,38.000000,343.240111,0.000000,36.601671
8559,6932.386159,0.000000,38.000000,33.379387,0.000000,68.690808
8599,6932.386159,0.000000,38.000000,13.323677,0.000000,127.855153
8615,6932.386159,0.000000,38.000000,5.301393,0.000000,7.520891
8756,6932.386159,0.000000,47.000000,299.405014,0.000000,27.075209
9125,6932.386159,0.000000,47.000000,114.391086,0.000000,131.866295
9637,6932.386159,0.000000,37.000000,227.277994,0.000000,241.169916
9800,6932.386159,0.000000,37.000000,145.550975,0.000000,95.264624
9863,6932.386159,0.000000,37.000000,113.963231,0.000000,341.448468
9888,6932.386159,0.000000,37.000000,101.428412,0.000000,153.426184
10071,6932.386159,0.000000,49.000000,2.473538,0.000000,217.103064
10191,6932.386159,0.000000,49.000000,302.306407,0.000000,34.596100
10235,6932.386159,0.000000,49.000000,280.245125,0.000000,63.676880
10593,6932.386159,0.000000,49.000000,100.746518,0.000000,251.197772
10948,6932.386159,0.000000,36.000000,292.352089,0.000000,101.281337
10951,6932.386159,0.000000,36.000000,290.847911,0.000000,78.718663
11003,6932.386159,0.000000,36.000000,264.775487,0.000000,47.632312
11261,6932.386159,0.000000,36.000000,135.416156,0.000000,267.242340
11549,6932.386159,0.000000,35.000000,351.015042,0.000000,261.225627
11623,6932.386159,0.000000,35.000000,313.911978,0.000000,64.679666
11641,6932.386159,0.000000,35.000000,304.886908,0.000000,289.303621
11685,6932.386159,0.000000,35.000000,282.825627,0.000000,318.384401
11746,6932.386159,0.000000,35.000000,252.240669,0.000000,219.610028
11953,6932.386159,0.000000,35.000000,148.452368,0.000000,102.785515
12105,6932.386159,0.000000,35.000000,72.240669,0.000000,39.610028
12223,6932.386159,0.000000,52.000000,3.476323,0.000000,232.144847
12241,6932.386159,0.000000,52.000000,354.451253,0.000000,96.768802
12263,6932.386159,0.000000,52.000000,343.420613,0.000000,291.309192
12290,6932.386159,0.000000,52.000000,329.883008,0.000000,88.245125
12337,6932.386159,0.000000,52.000000,306.317549,0.000000,94.763231
12344,6932.386159,0.000000,52.000000,302.807799,0.000000,42.116992
12346,6932.386159,0.000000,52.000000,301.805014,0.000000,27.075209
12357,6932.386159,0.000000,52.000000,296.289694,0.000000,304.345404
12359,6932.386159,0.000000,52.000000,295.286908,0.000000,289.303621
12517,6932.386159,0.000000,52.000000,216.066852,0.000000,181.002786
12565,6932.386159,0.000000,52.000000,192.000000,0.000000,180.000000
12634,6932.386159,0.000000,52.000000,157.403900,0.000000,21.058496
12729,6932.386159,0.000000,52.000000,109.771588,0.000000,26.573816
12760,6932.386159,0.000000,52.000000,94.228412,0.000000,153.426184
12763,6932.386159,0.000000,52.000000,92.724234,0.000000,130.863510
12812,6932.386159,0.000000,52.000000,68.155989,0.000000,122.339833
12878,6932.386159,0.000000,52.000000,35.064067,0.000000,345.961003
12908,6932.386159,0.000000,52.000000,20.022284,0.000000,120.334262
12916,6932.386159,0.000000,52.000000,16.011142,0.000000,60.167131
12919,6932.386159,0.000000,52.000000,14.506964,0.000000,37.604457
12975,6932.386159,0.000000,34.000000,356.028969,0.000000,336.434540
13272,6932.386159,0.000000,34.000000,207.115320,0.000000,262.729805
13619,6932.386159,0.000000,34.000000,33.132033,0.000000,172.980501
13642,6932.386159,0.000000,53.000000,14.400000,0.000000,0.000000
13643,6932.386159,0.000000,53.000000,13.898607,0.000000,352.479109
13644,6932.386159,0.000000,53.000000,13.397214,0.000000,344.958217
13645,6932.386159,0.000000,53.000000,12.895822,0.000000,337.437326
13646,6932.386159,0.000000,53.000000,12.394429,0.000000,329.916435
13647,6932.386159,0.000000,53.000000,11.893036,0.000000,322.395543
13648,6932.386159,0.000000,53.000000,11.391643,0.000000,314.874652
13649,6932.386159,0.000000,53.000000,10.890251,0.000000,307.353760
13650,6932.386159,0.000000,53.000000,10.388858,0.000000,299.832869
13651,6932.386159,0.000000,53.000000,9.887465,0.000000,292.311978
13652,6932.386159,0.000000,53.000000,9.386072,0.000000,284.791086
13653,6932.386159,0.000000,53.000000,8.884680,0.000000,277.270195
13654,6932.386159,0.000000,53.000000,8.383287,0.000000,269.749304
13655,6932.386159,0.000000,53.000000,7.881894,0.000000,262.228412
13656,6932.386159,0.000000,53.000000,7.380501,0.000000,254.707521
13657,6932.386159,0.000000,53.000000,6.879109,0.000000,247.186630
13658,6932.386159,0.000000,53.000000,6.377716,0.000000,239.665738
13659,6932.386159,0.000000,53.000000,5.876323,0.000000,232.144847
13660,6932.386159,0.000000,53.000000,5.374930,0.000000,224.623955
13662,6932.386159,0.000000,53.000000,4.372145,0.000000,209.582173
13663,6932.386159,0.000000,53.000000,3.870752,0.000000,202.061281
13664,6932.386159,0.000000,53.000000,3.369359,0.000000,194.540390
13665,6932.386159,0.000000,53.000000,2.867967,0.000000,187.019499
13666,6932.386159,0.000000,53.000000,2.366574,0.000000,179.498607
13667,6932.386159,0.000000,53.000000,1.865181,0.000000,171.977716
13668,6932.386159,0.000000,53.000000,1.363788,0.000000,164.456825
13669,6932.386159,0.000000,53.000000,0.862396,0.000000,156.935933
13670,6932.386159,0.000000,53.000000,0.361003,0.000000,149.415042
13671,6932.386159,0.000000,53.000000,359.859610,0.000000,141.894150
13672,6932.386159,0.000000,53.000000,359.358217,0.000000,134.373259
13673,6932.386159,0.000000,53.000000,358.856825,0.000000,126.852368
13674,6932.386159,0.000000,53.000000,358.355432,0.000000,119.331476
13675,6932.386159,0.000000,53.000000,357.854039,0.000000,111.810585
13676,6932.386159,0.000000,53.000000,357.352646,0.000000,104.289694
13677,6932.386159,0.000000,53.000000,356.851253,0.000000,96.768802
13678,6932.386159,0.000000,53.000000,356.349861,0.000000,89.247911
13679,6932.386159,0.000000,53.000000,355.848468,0.000000,81.727019
13680,6932.386159,0.000000,53.000000,355.347075,0.000000,74.206128
13681,6932.386159,0.000000,53.000000,354.845682,0.000000,66.685237
13682,6932.386159,0.000000,53.000000,354.344290,0.000000,59.164345
13684,6932.386159,0.000000,53.000000,353.341504,0.000000,44.122563
13685,6932.386159,0.000000,53.000000,352.840111,0.000000,36.601671
13686,6932.386159,0.000000,53.000000,352.338719,0.000000,29.080780
13687,6932.386159,0.000000,53.000000,351.837326,0.000000,21.559889
13688,6932.386159,0.000000,53.000000,351.335933,0.000000,14.038997
13689,6932.386159,0.000000,53.000000,350.834540,0.000000,6.518106
13690,6932.386159,0.000000,53.000000,350.333148,0.000000,358.997214
13691,6932.386159,0.000000,53.000000,349.831755,0.000000,351.476323
13692,6932.386159,0.000000,53.000000,349.330362,0.000000,343.955432
13693,6932.386159,0.000000,53.000000,348.828969,0.000000,336.434540
13694,6932.386159,0.000000,53.000000,348.327577,0.000000,328.913649
13695,6932.386159,0.000000,53.000000,347.826184,0.000000,321.392758
13696,6932.386159,0.000000,53.000000,347.324791,0.000000,313.871866
13697,6932.386159,0.000000,53.000000,346.823398,0.000000,306.350975
13698,6932.386159,0.000000,53.000000,346.322006,0.000000,298.830084
13699,6932.386159,0.000000,53.000000,345.820613,0.000000,291.309192
13701,6932.386159,0.000000,53.000000,344.817827,0.000000,276.267409
13702,6932.386159,0.000000,53.000000,344.316435,0.000000,268.746518
13703,6932.386159,0.000000,53.000000,343.815042,0.000000,261.225627
13704,6932.386159,0.000000,53.000000,343.313649,0.000000,253.704735
13705,6932.386159,0.000000,53.000000,342.812256,0.000000,246.183844
13706,6932.386159,0.000000,53.000000,342.310864,0.000000,238.662953
13707,6932.386159,0.000000,53.000000,341.809471,0.000000,231.142061
13708,6932.386159,0.000000,53.000000,341.308078,0.000000,223.621170
13709,6932.386159,0.000000,53.000000,340.806685,0.000000,216.100279
13710,6932.386159,0.000000,53.000000,340.305292,0.000000,208.579387
13711,6932.386159,0.000000,53.000000,339.803900,0.000000,201.058496
13712,6932.386159,0.000000,53.000000,339.302507,0.000000,193.537604
13713,6932.386159,0.000000,53.000000,338.801114,0.000000,186.016713
13714,6932.386159,0.000000,53.000000,338.299721,0.000000,178.495822
13715,6932.386159,0.000000,53.000000,337.798329,0.000000,170.974930
13716,6932.386159,0.000000,53.000000,337.296936,0.000000,163.454039
13718,6932.386159,0.000000,53.000000,336.294150,0.000000,148.412256
13719,6932.386159,0.000000,53.000000,335.792758,0.000000,140.891365
13720,6932.386159,0.000000,53.000000,335.291365,0.000000,133.370474
13721,6932.386159,0.000000,53.000000,334.789972,0.000000,125.849582
13723,6932.386159,0.000000,53.000000,333.787187,0.000000,110.807799
13724,6932.386159,0.000000,53.000000,333.285794,0.000000,103.286908
13729,6932.386159,0.000000,53.000000,330.778830,0.000000,65.682451
13730,6932.386159,0.000000,53.000000,330.277437,0.000000,58.161560
13731,6932.386159,0.000000,53.000000,329.776045,0.000000,50.640669
13733,6932.386159,0.000000,53.000000,328.773259,0.000000,35.598886
13734,6932.386159,0.000000,53.000000,328.271866,0.000000,28.077994
13735,6932.386159,0.000000,53.000000,327.770474,0.000000,20.557103
13736,6932.386159,0.000000,53.000000,327.269081,0.000000,13.036212
13737,6932.386159,0.000000,53.000000,326.767688,0.000000,5.515320
13738,6932.386159,0.000000,53.000000,326.266295,0.000000,357.994429
13739,6932.386159,0.000000,53.000000,325.764903,0.000000,350.473538
13740,6932.386159,0.000000,53.000000,325.263510,0.000000,342.952646
13741,6932.386159,0.000000,53.000000,324.762117,0.000000,335.431755
13742,6932.386159,0.000000,53.000000,324.260724,0.000000,327.910864
13743,6932.386159,0.000000,53.000000,323.759331,0.000000,320.389972
13744,6932.386159,0.000000,53.000000,323.257939,0.000000,312.869081
13745,6932.386159,0.000000,53.000000,322.756546,0.000000,305.348189
13746,6932.386159,0.000000,53.000000,322.255153,0.000000,297.827298
13747,6932.386159,0.000000,53.000000,321.753760,0.000000,290.306407
13748,6932.386159,0.000000,53.000000,321.252368,0.000000,282.785515
13749,6932.386159,0.000000,53.000000,320.750975,0.000000,275.264624
13750,6932.386159,0.000000,53.000000,320.249582,0.000000,267.743733
13751,6932.386159,0.000000,53.000000,319.748189,0.000000,260.222841
13752,6932.386159,0.000000,53.000000,319.246797,0.000000,252.701950
13753,6932.386159,0.000000,53.000000,318.745404,0.000000,245.181058
13754,6932.386159,0.000000,53.000000,318.244011,0.000000,237.660167
13755,6932.386159,0.000000,53.000000,317.742618,0.000000,230.139276
13756,6932.386159,0.000000,53.000000,317.241226,0.000000,222.618384
13757,6932.386159,0.000000,53.000000,316.739833,0.000000,215.097493
13758,6932.386159,0.000000,53.000000,316.238440,0.000000,207.576602
13759,6932.386159,0.000000,53.000000,315.737047,0.000000,200.055710
13760,6932.386159,0.000000,53.000000,315.235655,0.000000,192.534819
13761,6932.386159,0.000000,53.000000,314.734262,0.000000,185.013928
13762,6932.386159,0.000000,53.000000,314.232869,0.000000,177.493036
13765,6932.386159,0.000000,53.000000,312.728691,0.000000,154.930362
13766,6932.386159,0.000000,53.000000,312.227298,0.000000,147.409471
13767,6932.386159,0.000000,53.000000,311.725905,0.000000,139.888579
13768,6932.386159,0.000000,53.000000,311.224513,0.000000,132.367688
13769,6932.386159,0.000000,53.000000,310.723120,0.000000,124.846797
13770,6932.386159,0.000000,53.000000,310.221727,0.000000,117.325905
13771,6932.386159,0.000000,53.000000,309.720334,0.000000,109.805014
13772,6932.386159,0.000000,53.000000,309.218942,0.000000,102.284123
13775,6932.386159,0.000000,53.000000,307.714763,0.000000,79.721448
13776,6932.386159,0.000000,53.000000,307.213370,0.000000,72.200557
13777,6932.386159,0.000000,53.000000,306.711978,0.000000,64.679666
13778,6932.386159,0.000000,53.000000,306.210585,0.000000,57.158774
13779,6932.386159,0.000000,53.000000,305.709192,0.000000,49.637883
13783,6932.386159,0.000000,53.000000,303.703621,0.000000,19.554318
13784,6932.386159,0.000000,53.000000,303.202228,0.000000,12.033426
13785,6932.386159,0.000000,53.000000,302.700836,0.000000,4.512535
13786,6932.386159,0.000000,53.000000,302.199443,0.000000,356.991643
13787,6932.386159,0.000000,53.000000,301.698050,0.000000,349.470752
13788,6932.386159,0.000000,53.000000,301.196657,0.000000,341.949861
13789,6932.386159,0.000000,53.000000,300.695265,0.000000,334.428969
13790,6932.386159,0.000000,53.000000,300.193872,0.000000,326.908078
13791,6932.386159,0.000000,53.000000,299.692479,0.000000,319.387187
13792,6932.386159,0.000000,53.000000,299.191086,0.000000,311.866295
13794,6932.386159,0.000000,53.000000,298.188301,0.000000,296.824513
13795,6932.386159,0.000000,53.000000,297.686908,0.000000,289.303621
13796,6932.386159,0.000000,53.000000,297.185515,0.000000,281.782730
13797,6932.386159,0.000000,53.000000,296.684123,0.000000,274.261838
13798,6932.386159,0.000000,53.000000,296.182730,0.000000,266.740947
13799,6932.386159,0.000000,53.000000,295.681337,0.000000,259.220056
13800,6932.386159,0.000000,53.000000,295.179944,0.000000,251.699164
13801,6932.386159,0.000000,53.000000,294.678552,0.000000,244.178273
13802,6932.386159,0.000000,53.000000,294.177159,0.000000,236.657382
13803,6932.386159,0.000000,53.000000,293.675766,0.000000,229.136490
13804,6932.386159,0.000000,53.000000,293.174373,0.000000,221.615599
13805,6932.386159,0.000000,53.000000,292.672981,0.000000,214.094708
13806,6932.386159,0.000000,53.000000,292.171588,0.000000,206.573816
13807,6932.386159,0.000000,53.000000,291.670195,0.000000,199.052925
13808,6932.386159,0.000000,53.000000,291.168802,0.000000,191.532033
13809,6932.386159,0.000000,53.000000,290.667409,0.000000,184.011142
13810,6932.386159,0.000000,53.000000,290.166017,0.000000,176.490251
13811,6932.386159,0.000000,53.000000,289.664624,0.000000,168.969359
13812,6932.386159,0.000000,53.000000,289.163231,0.000000,161.448468
13814,6932.386159,0.000000,53.000000,288.160446,0.000000,146.406685
13815,6932.386159,0.000000,53.000000,287.659053,0.000000,138.885794
13816,6932.386159,0.000000,53.000000,287.157660,0.000000,131.364903
13817,6932.386159,0.000000,53.000000,286.656267,0.000000,123.844011
13818,6932.386159,0.000000,53.000000,286.154875,0.000000,116.323120
13819,6932.386159,0.000000,53.000000,285.653482,0.000000,108.802228
13820,6932.386159,0.000000,53.000000,285.152089,0.000000,101.281337
13821,6932.386159,0.000000,53.000000,284.650696,0.000000,93.760446
13822,6932.386159,0.000000,53.000000,284.149304,0.000000,86.239554
13823,6932.386159,0.000000,53.000000,283.647911,0.000000,78.718663
13824,6932.386159,0.000000,53.000000,283.146518,0.000000,71.197772
13825,6932.386159,0.000000,53.000000,282.645125,0.000000,63.676880
13826,6932.386159,0.000000,53.000000,282.143733,0.000000,56.155989
13827,6932.386159,0.000000,53.000000,281.642340,0.000000,48.635097
13829,6932.386159,0.000000,53.000000,280.639554,0.000000,33.593315
13830,6932.386159,0.000000,53.000000,280.138162,0.000000,26.072423
13831,6932.386159,0.000000,53.000000,279.636769,0.000000,18.551532
13832,6932.386159,0.000000,53.000000,279.135376,0.000000,11.030641
13833,6932.386159,0.000000,53.000000,278.633983,0.000000,3.509749
13834,6932.386159,0.000000,53.000000,278.132591,0.000000,355.988858
13835,6932.386159,0.000000,53.000000,277.631198,0.000000,348.467967
13836,6932.386159,0.000000,53.000000,277.129805,0.000000,340.947075
13837,6932.386159,0.000000,53.000000,276.628412,0.000000,333.426184
13838,6932.386159,0.000000,53.000000,276.127019,0.000000,325.905292
13839,6932.386159,0.000000,53.000000,275.625627,0.000000,318.384401
13840,6932.386159,0.000000,53.000000,275.124234,0.000000,310.863510
13841,6932.386159,0.000000,53.000000,274.622841,0.000000,303.342618
13842,6932.386159,0.000000,53.000000,274.121448,0.000000,295.821727
13843,6932.386159,0.000000,53.000000,273.620056,0.000000,288.300836
13844,6932.386159,0.000000,53.000000,273.118663,0.000000,280.779944
13845,6932.386159,0.000000,53.000000,272.617270,0.000000,273.259053
13846,6932.386159,0.000000,53.000000,272.115877,0.000000,265.738162
13847,6932.386159,0.000000,53.000000,271.614485,0.000000,258.217270
13848,6932.386159,0.000000,53.000000,271.113092,0.000000,250.696379
13849,6932.386159,0.000000,53.000000,270.611699,0.000000,243.175487
13850,6932.386159,0.000000,53.000000,270.110306,0.000000,235.654596
13851,6932.386159,0.000000,53.000000,269.608914,0.000000,228.133705
13852,6932.386159,0.000000,53.000000,269.107521,0.000000,220.612813
13853,6932.386159,0.000000,53.000000,268.606128,0.000000,213.091922
13854,6932.386159,0.000000,53.000000,268.104735,0.000000,205.571031
13855,6932.386159,0.000000,53.000000,267.603343,0.000000,198.050139
13856,6932.386159,0.000000,53.000000,267.101950,0.000000,190.529248
13857,6932.386159,0.000000,53.000000,266.600557,0.000000,183.008357
13858,6932.386159,0.000000,53.000000,266.099164,0.000000,175.487465
13859,6932.386159,0.000000,53.000000,265.597772,0.000000,167.966574
13860,6932.386159,0.000000,53.000000,265.096379,0.000000,160.445682
13861,6932.386159,0.000000,53.000000,264.594986,0.000000,152.924791
13862,6932.386159,0.000000,53.000000,264.093593,0.000000,145.403900
13863,6932.386159,0.000000,53.000000,263.592201,0.000000,137.883008
13864,6932.386159,0.000000,53.000000,263.090808,0.000000,130.362117
13865,6932.386159,0.000000,53.000000,262.589415,0.000000,122.841226
13866,6932.386159,0.000000,53.000000,262.088022,0.000000,115.320334
13867,6932.386159,0.000000,53.000000,261.586630,0.000000,107.799443
13868,6932.386159,0.000000,53.000000,261.085237,0.000000,100.278552
13869,6932.386159,0.000000,53.000000,260.583844,0.000000,92.757660
13870,6932.386159,0.000000,53.000000,260.082451,0.000000,85.236769
13871,6932.386159,0.000000,53.000000,259.581058,0.000000,77.715877
13872,6932.386159,0.000000,53.000000,259.079666,0.000000,70.194986
13873,6932.386159,0.000000,53.000000,258.578273,0.000000,62.674095
13874,6932.386159,0.000000,53.000000,258.076880,0.000000,55.153203
13875,6932.386159,0.000000,53.000000,257.575487,0.000000,47.632312
13876,6932.386159,0.000000,53.000000,257.074095,0.000000,40.111421
13877,6932.386159,0.000000,53.000000,256.572702,0.000000,32.590529
13878,6932.386159,0.000000,53.000000,256.071309,0.000000,25.069638
13880,6932.386159,0.000000,53.000000,255.068524,0.000000,10.027855
13881,6932.386159,0.000000,53.000000,254.567131,0.000000,2.506964
13882,6932.386159,0.000000,53.000000,254.065738,0.000000,354.986072
13883,6932.386159,0.000000,53.000000,253.564345,0.000000,347.465181
13887,6932.386159,0.000000,53.000000,251.558774,0.000000,317.381616
13888,6932.386159,0.000000,53.000000,251.057382,0.000000,309.860724
13889,6932.386159,0.000000,53.000000,250.555989,0.000000,302.339833
13890,6932.386159,0.000000,53.000000,250.054596,0.000000,294.818942
13891,6932.386159,0.000000,53.000000,249.553203,0.000000,287.298050
13892,6932.386159,0.000000,53.000000,249.051811,0.000000,279.777159
13893,6932.386159,0.000000,53.000000,248.550418,0.000000,272.256267
13894,6932.386159,0.000000,53.000000,248.049025,0.000000,264.735376
13895,6932.386159,0.000000,53.000000,247.547632,0.000000,257.214485
13896,6932.386159,0.000000,53.000000,247.046240,0.000000,249.693593
13897,6932.386159,0.000000,53.000000,246.544847,0.000000,242.172702
13898,6932.386159,0.000000,53.000000,246.043454,0.000000,234.651811
13899,6932.386159,0.000000,53.000000,245.542061,0.000000,227.130919
13900,6932.386159,0.000000,53.000000,245.040669,0.000000,219.610028
13901,6932.386159,0.000000,53.000000,244.539276,0.000000,212.089136
13902,6932.386159,0.000000,53.000000,244.037883,0.000000,204.568245
13903,6932.386159,0.000000,53.000000,243.536490,0.000000,197.047354
13904,6932.386159,0.000000,53.000000,243.035097,0.000000,189.526462
13905,6932.386159,0.000000,53.000000,242.533705,0.000000,182.005571
13906,6932.386159,0.000000,53.000000,242.032312,0.000000,174.484680
13907,6932.386159,0.000000,53.000000,241.530919,0.000000,166.963788
13908,6932.386159,0.000000,53.000000,241.029526,0.000000,159.442897
13909,6932.386159,0.000000,53.000000,240.528134,0.000000,151.922006
13910,6932.386159,0.000000,53.000000,240.026741,0.000000,144.401114
13911,6932.386159,0.000000,53.000000,239.525348,0.000000,136.880223
13912,6932.386159,0.000000,53.000000,239.023955,0.000000,129.359331
13913,6932.386159,0.000000,53.000000,238.522563,0.000000,121.838440
13914,6932.386159,0.000000,53.000000,238.021170,0.000000,114.317549
13915,6932.386159,0.000000,53.000000,237.519777,0.000000,106.796657
13916,6932.386159,0.000000,53.000000,237.018384,0.000000,99.275766
13917,6932.386159,0.000000,53.000000,236.516992,0.000000,91.754875
13918,6932.386159,0.000000,53.000000,236.015599,0.000000,84.233983
13919,6932.386159,0.000000,53.000000,235.514206,0.000000,76.713092
13920,6932.386159,0.000000,53.000000,235.012813,0.000000,69.192201
13921,6932.386159,0.000000,53.000000,234.511421,0.000000,61.671309
13922,6932.386159,0.000000,53.000000,234.010028,0.000000,54.150418
13923,6932.386159,0.000000,53.000000,233.508635,0.000000,46.629526
13924,6932.386159,0.000000,53.000000,233.007242,0.000000,39.108635
13925,6932.386159,0.000000,53.000000,232.505850,0.000000,31.587744
13926,6932.386159,0.000000,53.000000,232.004457,0.000000,24.066852
13927,6932.386159,0.000000,53.000000,231.503064,0.000000,16.545961
13928,6932.386159,0.000000,53.000000,231.001671,0.000000,9.025070
13929,6932.386159,0.000000,53.000000,230.500279,0.000000,1.504178
13930,6932.386159,0.000000,53.000000,229.998886,0.000000,353.983287
13931,6932.386159,0.000000,53.000000,229.497493,0.000000,346.462396
13932,6932.386159,0.000000,53.000000,228.996100,0.000000,338.941504
13933,6932.386159,0.000000,53.000000,228.494708,0.000000,331.420613
13935,6932.386159,0.000000,53.000000,227.491922,0.000000,316.378830
13936,6932.386159,0.000000,53.000000,226.990529,0.000000,308.857939
13937,6932.386159,0.000000,53.000000,226.489136,0.000000,301.337047
13938,6932.386159,0.000000,53.000000,225.987744,0.000000,293.816156
13939,6932.386159,0.000000,53.000000,225.486351,0.000000,286.295265
13940,6932.386159,0.000000,53.000000,224.984958,0.000000,278.774373
13941,6932.386159,0.000000,53.000000,224.483565,0.000000,271.253482
13942,6932.386159,0.000000,53.000000,223.982173,0.000000,263.732591
13943,6932.386159,0.000000,53.000000,223.480780,0.000000,256.211699
13944,6932.386159,0.000000,53.000000,222.979387,0.000000,248.690808
13945,6932.386159,0.000000,53.000000,222.477994,0.000000,241.169916
13948,6932.386159,0.000000,53.000000,220.973816,0.000000,218.607242
13949,6932.386159,0.000000,53.000000,220.472423,0.000000,211.086351
13950,6932.386159,0.000000,53.000000,219.971031,0.000000,203.565460
13951,6932.386159,0.000000,53.000000,219.469638,0.000000,196.044568
13952,6932.386159,0.000000,53.000000,218.968245,0.000000,188.523677
13954,6932.386159,0.000000,53.000000,217.965460,0.000000,173.481894
13955,6932.386159,0.000000,53.000000,217.464067,0.000000,165.961003
13956,6932.386159,0.000000,53.000000,216.962674,0.000000,158.440111
13957,6932.386159,0.000000,53.000000,216.461281,0.000000,150.919220
13958,6932.386159,0.000000,53.000000,215.959889,0.000000,143.398329
13959,6932.386159,0.000000,53.000000,215.458496,0.000000,135.877437
13960,6932.386159,0.000000,53.000000,214.957103,0.000000,128.356546
13961,6932.386159,0.000000,53.000000,214.455710,0.000000,120.835655
13962,6932.386159,0.000000,53.000000,213.954318,0.000000,113.314763
13963,6932.386159,0.000000,53.000000,213.452925,0.000000,105.793872
13964,6932.386159,0.000000,53.000000,212.951532,0.000000,98.272981
13965,6932.386159,0.000000,53.000000,212.450139,0.000000,90.752089
13966,6932.386159,0.000000,53.000000,211.948747,0.000000,83.231198
13967,6932.386159,0.000000,53.000000,211.447354,0.000000,75.710306
13968,6932.386159,0.000000,53.000000,210.945961,0.000000,68.189415
13969,6932.386159,0.000000,53.000000,210.444568,0.000000,60.668524
13970,6932.386159,0.000000,53.000000,209.943175,0.000000,53.147632
13971,6932.386159,0.000000,53.000000,209.441783,0.000000,45.626741
13973,6932.386159,0.000000,53.000000,208.438997,0.000000,30.584958
13974,6932.386159,0.000000,53.000000,207.937604,0.000000,23.064067
13975,6932.386159,0.000000,53.000000,207.436212,0.000000,15.543175
13976,6932.386159,0.000000,53.000000,206.934819,0.000000,8.022284
13978,6932.386159,0.000000,53.000000,205.932033,0.000000,352.980501
13979,6932.386159,0.000000,53.000000,205.430641,0.000000,345.459610
13980,6932.386159,0.000000,53.000000,204.929248,0.000000,337.938719
13981,6932.386159,0.000000,53.000000,204.427855,0.000000,330.417827
13982,6932.386159,0.000000,53.000000,203.926462,0.000000,322.896936
13983,6932.386159,0.000000,53.000000,203.425070,0.000000,315.376045
13984,6932.386159,0.000000,53.000000,202.923677,0.000000,307.855153
13985,6932.386159,0.000000,53.000000,202.422284,0.000000,300.334262
13986,6932.386159,0.000000,53.000000,201.920891,0.000000,292.813370
13987,6932.386159,0.000000,53.000000,201.419499,0.000000,285.292479
13988,6932.386159,0.000000,53.000000,200.918106,0.000000,277.771588
13989,6932.386159,0.000000,53.000000,200.416713,0.000000,270.250696
13990,6932.386159,0.000000,53.000000,199.915320,0.000000,262.729805
13991,6932.386159,0.000000,53.000000,199.413928,0.000000,255.208914
13992,6932.386159,0.000000,53.000000,198.912535,0.000000,247.688022
13993,6932.386159,0.000000,53.000000,198.411142,0.000000,240.167131
13994,6932.386159,0.000000,53.000000,197.909749,0.000000,232.646240
13995,6932.386159,0.000000,53.000000,197.408357,0.000000,225.125348
13996,6932.386159,0.000000,53.000000,196.906964,0.000000,217.604457
13997,6932.386159,0.000000,53.000000,196.405571,0.000000,210.083565
13998,6932.386159,0.000000,53.000000,195.904178,0.000000,202.562674
13999,6932.386159,0.000000,53.000000,195.402786,0.000000,195.041783
14000,6932.386159,0.000000,53.000000,194.901393,0.000000,187.520891
14001,6932.386159,0.000000,53.000000,194.400000,0.000000,180.000000
14002,6932.386159,0.000000,53.000000,193.898607,0.000000,172.479109
14003,6932.386159,0.000000,53.000000,193.397214,0.000000,164.958217
14004,6932.386159,0.000000,53.000000,192.895822,0.000000,157.437326
14005,6932.386159,0.000000,53.000000,192.394429,0.000000,149.916435
14006,6932.386159,0.000000,53.000000,191.893036,0.000000,142.395543
14007,6932.386159,0.000000,53.000000,191.391643,0.000000,134.874652
14008,6932.386159,0.000000,53.000000,190.890251,0.000000,127.353760
14009,6932.386159,0.000000,53.000000,190.388858,0.000000,119.832869
14010,6932.386159,0.000000,53.000000,189.887465,0.000000,112.311978
14011,6932.386159,0.000000,53.000000,189.386072,0.000000,104.791086
14012,6932.386159,0.000000,53.000000,188.884680,0.000000,97.270195
14015,6932.386159,0.000000,53.000000,187.380501,0.000000,74.707521
14016,6932.386159,0.000000,53.000000,186.879109,0.000000,67.186630
14017,6932.386159,0.000000,53.000000,186.377716,0.000000,59.665738
14018,6932.386159,0.000000,53.000000,185.876323,0.000000,52.144847
14019,6932.386159,0.000000,53.000000,185.374930,0.000000,44.623955
14020,6932.386159,0.000000,53.000000,184.873538,0.000000,37.103064
14021,6932.386159,0.000000,53.000000,184.372145,0.000000,29.582173
14023,6932.386159,0.000000,53.000000,183.369359,0.000000,14.540390
14024,6932.386159,0.000000,53.000000,182.867967,0.000000,7.019499
14025,6932.386159,0.000000,53.000000,182.366574,0.000000,359.498607
14026,6932.386159,0.000000,53.000000,181.865181,0.000000,351.977716
14027,6932.386159,0.000000,53.000000,181.363788,0.000000,344.456825
14029,6932.386159,0.000000,53.000000,180.361003,0.000000,329.415042
14030,6932.386159,0.000000,53.000000,179.859610,0.000000,321.894150
14031,6932.386159,0.000000,53.000000,179.358217,0.000000,314.373259
14032,6932.386159,0.000000,53.000000,178.856825,0.000000,306.852368
14033,6932.386159,0.000000,53.000000,178.355432,0.000000,299.331476
14034,6932.386159,0.000000,53.000000,177.854039,0.000000,291.810585
14035,6932.386159,0.000000,53.000000,177.352646,0.000000,284.289694
14036,6932.386159,0.000000,53.000000,176.851253,0.000000,276.768802
14037,6932.386159,0.000000,53.000000,176.349861,0.000000,269.247911
14038,6932.386159,0.000000,53.000000,175.848468,0.000000,261.727019
14039,6932.386159,0.000000,53.000000,175.347075,0.000000,254.206128
14040,6932.386159,0.000000,53.000000,174.845682,0.000000,246.685237
14041,6932.386159,0.000000,53.000000,174.344290,0.000000,239.164345
14042,6932.386159,0.000000,53.000000,173.842897,0.000000,231.643454
14044,6932.386159,0.000000,53.000000,172.840111,0.000000,216.601671
14045,6932.386159,0.000000,53.000000,172.338719,0.000000,209.080780
14046,6932.386159,0.000000,53.000000,171.837326,0.000000,201.559889
14047,6932.386159,0.000000,53.000000,171.335933,0.000000,194.038997
14048,6932.386159,0.000000,53.000000,170.834540,0.000000,186.518106
14049,6932.386159,0.000000,53.000000,170.333148,0.000000,178.997214
14050,6932.386159,0.000000,53.000000,169.831755,0.000000,171.476323
14051,6932.386159,0.000000,53.000000,169.330362,0.000000,163.955432
14052,6932.386159,0.000000,53.000000,168.828969,0.000000,156.434540
14053,6932.386159,0.000000,53.000000,168.327577,0.000000,148.913649
14054,6932.386159,0.000000,53.000000,167.826184,0.000000,141.392758
14055,6932.386159,0.000000,53.000000,167.324791,0.000000,133.871866
14056,6932.386159,0.000000,53.000000,166.823398,0.000000,126.350975
14057,6932.386159,0.000000,53.000000,166.322006,0.000000,118.830084
14058,6932.386159,0.000000,53.000000,165.820613,0.000000,111.309192
14059,6932.386159,0.000000,53.000000,165.319220,0.000000,103.788301
14060,6932.386159,0.000000,53.000000,164.817827,0.000000,96.267409
14061,6932.386159,0.000000,53.000000,164.316435,0.000000,88.746518
14062,6932.386159,0.000000,53.000000,163.815042,0.000000,81.225627
14063,6932.386159,0.000000,53.000000,163.313649,0.000000,73.704735
14064,6932.386159,0.000000,53.000000,162.812256,0.000000,66.183844
14065,6932.386159,0.000000,53.000000,162.310864,0.000000,58.662953
14066,6932.386159,0.000000,53.000000,161.809471,0.000000,51.142061
14067,6932.386159,0.000000,53.000000,161.308078,0.000000,43.621170
14068,6932.386159,0.000000,53.000000,160.806685,0.000000,36.100279
14069,6932.386159,0.000000,53.000000,160.305292,0.000000,28.579387
14071,6932.386159,0.000000,53.000000,159.302507,0.000000,13.537604
14072,6932.386159,0.000000,53.000000,158.801114,0.000000,6.016713
14073,6932.386159,0.000000,53.000000,158.299721,0.000000,358.495822
14074,6932.386159,0.000000,53.000000,157.798329,0.000000,350.974930
14075,6932.386159,0.000000,53.000000,157.296936,0.000000,343.454039
14076,6932.386159,0.000000,53.000000,156.795543,0.000000,335.933148
14077,6932.386159,0.000000,53.000000,156.294150,0.000000,328.412256
14078,6932.386159,0.000000,53.000000,155.792758,0.000000,320.891365
14079,6932.386159,0.000000,53.000000,155.291365,0.000000,313.370474
14080,6932.386159,0.000000,53.000000,154.789972,0.000000,305.849582
14081,6932.386159,0.000000,53.000000,154.288579,0.000000,298.328691
14082,6932.386159,0.000000,53.000000,153.787187,0.000000,290.807799
14083,6932.386159,0.000000,53.000000,153.285794,0.000000,283.286908
14084,6932.386159,0.000000,53.000000,152.784401,0.000000,275.766017
14085,6932.386159,0.000000,53.000000,152.283008,0.000000,268.245125
14086,6932.386159,0.000000,53.000000,151.781616,0.000000,260.724234
14087,6932.386159,0.000000,53.000000,151.280223,0.000000,253.203343
14089,6932.386159,0.000000,53.000000,150.277437,0.000000,238.161560
14090,6932.386159,0.000000,53.000000,149.776045,0.000000,230.640669
14091,6932.386159,0.000000,53.000000,149.274652,0.000000,223.119777
14092,6932.386159,0.000000,53.000000,148.773259,0.000000,215.598886
14093,6932.386159,0.000000,53.000000,148.271866,0.000000,208.077994
14094,6932.386159,0.000000,53.000000,147.770474,0.000000,200.557103
14095,6932.386159,0.000000,53.000000,147.269081,0.000000,193.036212
14096,6932.386159,0.000000,53.000000,146.767688,0.000000,185.515320
14097,6932.386159,0.000000,53.000000,146.266295,0.000000,177.994429
14098,6932.386159,0.000000,53.000000,145.764903,0.000000,170.473538
14099,6932.386159,0.000000,53.000000,145.263510,0.000000,162.952646
14100,6932.386159,0.000000,53.000000,144.762117,0.000000,155.431755
14101,6932.386159,0.000000,53.000000,144.260724,0.000000,147.910864
14102,6932.386159,0.000000,53.000000,143.759331,0.000000,140.389972
14103,6932.386159,0.000000,53.000000,143.257939,0.000000,132.869081
14104,6932.386159,0.000000,53.000000,142.756546,0.000000,125.348189
14105,6932.386159,0.000000,53.000000,142.255153,0.000000,117.827298
14106,6932.386159,0.000000,53.000000,141.753760,0.000000,110.306407
14107,6932.386159,0.000000,53.000000,141.252368,0.000000,102.785515
14108,6932.386159,0.000000,53.000000,140.750975,0.000000,95.264624
14109,6932.386159,0.000000,53.000000,140.249582,0.000000,87.743733
14110,6932.386159,0.000000,53.000000,139.748189,0.000000,80.222841
14111,6932.386159,0.000000,53.000000,139.246797,0.000000,72.701950
14112,6932.386159,0.000000,53.000000,138.745404,0.000000,65.181058
14113,6932.386159,0.000000,53.000000,138.244011,0.000000,57.660167
14114,6932.386159,0.000000,53.000000,137.742618,0.000000,50.139276
14115,6932.386159,0.000000,53.000000,137.241226,0.000000,42.618384
14116,6932.386159,0.000000,53.000000,136.739833,0.000000,35.097493
14118,6932.386159,0.000000,53.000000,135.737047,0.000000,20.055710
14119,6932.386159,0.000000,53.000000,135.235655,0.000000,12.534819
14120,6932.386159,0.000000,53.000000,134.734262,0.000000,5.013928
14121,6932.386159,0.000000,53.000000,134.232869,0.000000,357.493036
14122,6932.386159,0.000000,53.000000,133.731476,0.000000,349.972145
14123,6932.386159,0.000000,53.000000,133.230084,0.000000,342.451253
14124,6932.386159,0.000000,53.000000,132.728691,0.000000,334.930362
14125,6932.386159,0.000000,53.000000,132.227298,0.000000,327.409471
14126,6932.386159,0.000000,53.000000,131.725905,0.000000,319.888579
14127,6932.386159,0.000000,53.000000,131.224513,0.000000,312.367688
14128,6932.386159,0.000000,53.000000,130.723120,0.000000,304.846797
14129,6932.386159,0.000000,53.000000,130.221727,0.000000,297.325905
14130,6932.386159,0.000000,53.000000,129.720334,0.000000,289.805014
14131,6932.386159,0.000000,53.000000,129.218942,0.000000,282.284123
14132,6932.386159,0.000000,53.000000,128.717549,0.000000,274.763231
14135,6932.386159,0.000000,53.000000,127.213370,0.000000,252.200557
14136,6932.386159,0.000000,53.000000,126.711978,0.000000,244.679666
14137,6932.386159,0.000000,53.000000,126.210585,0.000000,237.158774
14138,6932.386159,0.000000,53.000000,125.709192,0.000000,229.637883
14139,6932.386159,0.000000,53.000000,125.207799,0.000000,222.116992
14140,6932.386159,0.000000,53.000000,124.706407,0.000000,214.596100
14141,6932.386159,0.000000,53.000000,124.205014,0.000000,207.075209
14142,6932.386159,0.000000,53.000000,123.703621,0.000000,199.554318
14143,6932.386159,0.000000,53.000000,123.202228,0.000000,192.033426
14144,6932.386159,0.000000,53.000000,122.700836,0.000000,184.512535
14145,6932.386159,0.000000,53.000000,122.199443,0.000000,176.991643
14146,6932.386159,0.000000,53.000000,121.698050,0.000000,169.470752
14147,6932.386159,0.000000,53.000000,121.196657,0.000000,161.949861
14148,6932.386159,0.000000,53.000000,120.695265,0.000000,154.428969
14149,6932.386159,0.000000,53.000000,120.193872,0.000000,146.908078
14150,6932.386159,0.000000,53.000000,119.692479,0.000000,139.387187
14151,6932.386159,0.000000,53.000000,119.191086,0.000000,131.866295
14154,6932.386159,0.000000,53.000000,117.686908,0.000000,109.303621
14156,6932.386159,0.000000,53.000000,116.684123,0.000000,94.261838
14157,6932.386159,0.000000,53.000000,116.182730,0.000000,86.740947
14158,6932.386159,0.000000,53.000000,115.681337,0.000000,79.220056
14159,6932.386159,0.000000,53.000000,115.179944,0.000000,71.699164
14160,6932.386159,0.000000,53.000000,114.678552,0.000000,64.178273
14161,6932.386159,0.000000,53.000000,114.177159,0.000000,56.657382
14162,6932.386159,0.000000,53.000000,113.675766,0.000000,49.136490
14163,6932.386159,0.000000,53.000000,113.174373,0.000000,41.615599
14164,6932.386159,0.000000,53.000000,112.672981,0.000000,34.094708
14166,6932.386159,0.000000,53.000000,111.670195,0.000000,19.052925
14167,6932.386159,0.000000,53.000000,111.168802,0.000000,11.532033
14168,6932.386159,0.000000,53.000000,110.667409,0.000000,4.011142
14169,6932.386159,0.000000,53.000000,110.166017,0.000000,356.490251
14170,6932.386159,0.000000,53.000000,109.664624,0.000000,348.969359
14171,6932.386159,0.000000,53.000000,109.163231,0.000000,341.448468
14172,6932.386159,0.000000,53.000000,108.661838,0.000000,333.927577
14173,6932.386159,0.000000,53.000000,108.160446,0.000000,326.406685
14174,6932.386159,0.000000,53.000000,107.659053,0.000000,318.885794
14175,6932.386159,0.000000,53.000000,107.157660,0.000000,311.364903
14176,6932.386159,0.000000,53.000000,106.656267,0.000000,303.844011
14177,6932.386159,0.000000,53.000000,106.154875,0.000000,296.323120
14178,6932.386159,0.000000,53.000000,105.653482,0.000000,288.802228
14180,6932.386159,0.000000,53.000000,104.650696,0.000000,273.760446
14181,6932.386159,0.000000,53.000000,104.149304,0.000000,266.239554
14182,6932.386159,0.000000,53.000000,103.647911,0.000000,258.718663
14183,6932.386159,0.000000,53.000000,103.146518,0.000000,251.197772
14184,6932.386159,0.000000,53.000000,102.645125,0.000000,243.676880
14185,6932.386159,0.000000,53.000000,102.143733,0.000000,236.155989
14186,6932.386159,0.000000,53.000000,101.642340,0.000000,228.635097
14187,6932.386159,0.000000,53.000000,101.140947,0.000000,221.114206
14188,6932.386159,0.000000,53.000000,100.639554,0.000000,213.593315
14189,6932.386159,0.000000,53.000000,100.138162,0.000000,206.072423
14190,6932.386159,0.000000,53.000000,99.636769,0.000000,198.551532
14191,6932.386159,0.000000,53.000000,99.135376,0.000000,191.030641
14192,6932.386159,0.000000,53.000000,98.633983,0.000000,183.509749
14193,6932.386159,0.000000,53.000000,98.132591,0.000000,175.988858
14194,6932.386159,0.000000,53.000000,97.631198,0.000000,168.467967
14195,6932.386159,0.000000,53.000000,97.129805,0.000000,160.947075
14197,6932.386159,0.000000,53.000000,96.127019,0.000000,145.905292
14198,6932.386159,0.000000,53.000000,95.625627,0.000000,138.384401
14200,6932.386159,0.000000,53.000000,94.622841,0.000000,123.342618
14201,6932.386159,0.000000,53.000000,94.121448,0.000000,115.821727
14202,6932.386159,0.000000,53.000000,93.620056,0.000000,108.300836
14203,6932.386159,0.000000,53.000000,93.118663,0.000000,100.779944
14204,6932.386159,0.000000,53.000000,92.617270,0.000000,93.259053
14205,6932.386159,0.000000,53.000000,92.115877,0.000000,85.738162
14206,6932.386159,0.000000,53.000000,91.614485,0.000000,78.217270
14207,6932.386159,0.000000,53.000000,91.113092,0.000000,70.696379
14208,6932.386159,0.000000,53.000000,90.611699,0.000000,63.175487
14209,6932.386159,0.000000,53.000000,90.110306,0.000000,55.654596
14210,6932.386159,0.000000,53.000000,89.608914,0.000000,48.133705
14212,6932.386159,0.000000,53.000000,88.606128,0.000000,33.091922
14213,6932.386159,0.000000,53.000000,88.104735,0.000000,25.571031
14214,6932.386159,0.000000,53.000000,87.603343,0.000000,18.050139
14215,6932.386159,0.000000,53.000000,87.101950,0.000000,10.529248
14216,6932.386159,0.000000,53.000000,86.600557,0.000000,3.008357
14217,6932.386159,0.000000,53.000000,86.099164,0.000000,355.487465
14218,6932.386159,0.000000,53.000000,85.597772,0.000000,347.966574
14219,6932.386159,0.000000,53.000000,85.096379,0.000000,340.445682
14220,6932.386159,0.000000,53.000000,84.594986,0.000000,332.924791
14221,6932.386159,0.000000,53.000000,84.093593,0.000000,325.403900
14222,6932.386159,0.000000,53.000000,83.592201,0.000000,317.883008
14223,6932.386159,0.000000,53.000000,83.090808,0.000000,310.362117
14224,6932.386159,0.000000,53.000000,82.589415,0.000000,302.841226
14225,6932.386159,0.000000,53.000000,82.088022,0.000000,295.320334
14226,6932.386159,0.000000,53.000000,81.586630,0.000000,287.799443
14227,6932.386159,0.000000,53.000000,81.085237,0.000000,280.278552
14228,6932.386159,0.000000,53.000000,80.583844,0.000000,272.757660
14229,6932.386159,0.000000,53.000000,80.082451,0.000000,265.236769
14230,6932.386159,0.000000,53.000000,79.581058,0.000000,257.715877
14231,6932.386159,0.000000,53.000000,79.079666,0.000000,250.194986
14232,6932.386159,0.000000,53.000000,78.578273,0.000000,242.674095
14233,6932.386159,0.000000,53.000000,78.076880,0.000000,235.153203
14234,6932.386159,0.000000,53.000000,77.575487,0.000000,227.632312
14235,6932.386159,0.000000,53.000000,77.074095,0.000000,220.111421
14236,6932.386159,0.000000,53.000000,76.572702,0.000000,212.590529
14237,6932.386159,0.000000,53.000000,76.071309,0.000000,205.069638
14238,6932.386159,0.000000,53.000000,75.569916,0.000000,197.548747
14239,6932.386159,0.000000,53.000000,75.068524,0.000000,190.027855
14240,6932.386159,0.000000,53.000000,74.567131,0.000000,182.506964
14241,6932.386159,0.000000,53.000000,74.065738,0.000000,174.986072
14242,6932.386159,0.000000,53.000000,73.564345,0.000000,167.465181
14244,6932.386159,0.000000,53.000000,72.561560,0.000000,152.423398
14245,6932.386159,0.000000,53.000000,72.060167,0.000000,144.902507
14246,6932.386159,0.000000,53.000000,71.558774,0.000000,137.381616
14247,6932.386159,0.000000,53.000000,71.057382,0.000000,129.860724
14248,6932.386159,0.000000,53.000000,70.555989,0.000000,122.339833
14249,6932.386159,0.000000,53.000000,70.054596,0.000000,114.818942
14250,6932.386159,0.000000,53.000000,69.553203,0.000000,107.298050
14251,6932.386159,0.000000,53.000000,69.051811,0.000000,99.777159
14252,6932.386159,0.000000,53.000000,68.550418,0.000000,92.256267
14253,6932.386159,0.000000,53.000000,68.049025,0.000000,84.735376
14254,6932.386159,0.000000,53.000000,67.547632,0.000000,77.214485
14255,6932.386159,0.000000,53.000000,67.046240,0.000000,69.693593
14256,6932.386159,0.000000,53.000000,66.544847,0.000000,62.172702
14257,6932.386159,0.000000,53.000000,66.043454,0.000000,54.651811
14258,6932.386159,0.000000,53.000000,65.542061,0.000000,47.130919
14259,6932.386159,0.000000,53.000000,65.040669,0.000000,39.610028
14260,6932.386159,0.000000,53.000000,64.539276,0.000000,32.089136
14261,6932.386159,0.000000,53.000000,64.037883,0.000000,24.568245
14262,6932.386159,0.000000,53.000000,63.536490,0.000000,17.047354
14263,6932.386159,0.000000,53.000000,63.035097,0.000000,9.526462
14264,6932.386159,0.000000,53.000000,62.533705,0.000000,2.005571
14265,6932.386159,0.000000,53.000000,62.032312,0.000000,354.484680
14266,6932.386159,0.000000,53.000000,61.530919,0.000000,346.963788
14267,6932.386159,0.000000,53.000000,61.029526,0.000000,339.442897
14268,6932.386159,0.000000,53.000000,60.528134,0.000000,331.922006
14269,6932.386159,0.000000,53.000000,60.026741,0.000000,324.401114
14270,6932.386159,0.000000,53.000000,59.525348,0.000000,316.880223
14271,6932.386159,0.000000,53.000000,59.023955,0.000000,309.359331
14272,6932.386159,0.000000,53.000000,58.522563,0.000000,301.838440
14273,6932.386159,0.000000,53.000000,58.021170,0.000000,294.317549
14274,6932.386159,0.000000,53.000000,57.519777,0.000000,286.796657
14275,6932.386159,0.000000,53.000000,57.018384,0.000000,279.275766
14277,6932.386159,0.000000,53.000000,56.015599,0.000000,264.233983
14278,6932.386159,0.000000,53.000000,55.514206,0.000000,256.713092
14279,6932.386159,0.000000,53.000000,55.012813,0.000000,249.192201
14280,6932.386159,0.000000,53.000000,54.511421,0.000000,241.671309
14281,6932.386159,0.000000,53.000000,54.010028,0.000000,234.150418
14282,6932.386159,0.000000,53.000000,53.508635,0.000000,226.629526
14283,6932.386159,0.000000,53.000000,53.007242,0.000000,219.108635
14284,6932.386159,0.000000,53.000000,52.505850,0.000000,211.587744
14285,6932.386159,0.000000,53.000000,52.004457,0.000000,204.066852
14286,6932.386159,0.000000,53.000000,51.503064,0.000000,196.545961
14287,6932.386159,0.000000,53.000000,51.001671,0.000000,189.025070
14289,6932.386159,0.000000,53.000000,49.998886,0.000000,173.983287
14290,6932.386159,0.000000,53.000000,49.497493,0.000000,166.462396
14291,6932.386159,0.000000,53.000000,48.996100,0.000000,158.941504
14292,6932.386159,0.000000,53.000000,48.494708,0.000000,151.420613
14293,6932.386159,0.000000,53.000000,47.993315,0.000000,143.899721
14294,6932.386159,0.000000,53.000000,47.491922,0.000000,136.378830
14295,6932.386159,0.000000,53.000000,46.990529,0.000000,128.857939
14296,6932.386159,0.000000,53.000000,46.489136,0.000000,121.337047
14297,6932.386159,0.000000,53.000000,45.987744,0.000000,113.816156
14298,6932.386159,0.000000,53.000000,45.486351,0.000000,106.295265
14300,6932.386159,0.000000,53.000000,44.483565,0.000000,91.253482
14301,6932.386159,0.000000,53.000000,43.982173,0.000000,83.732591
14302,6932.386159,0.000000,53.000000,43.480780,0.000000,76.211699
14303,6932.386159,0.000000,53.000000,42.979387,0.000000,68.690808
14304,6932.386159,0.000000,53.000000,42.477994,0.000000,61.169916
14305,6932.386159,0.000000,53.000000,41.976602,0.000000,53.649025
14306,6932.386159,0.000000,53.000000,41.475209,0.000000,46.128134
14307,6932.386159,0.000000,53.000000,40.973816,0.000000,38.607242
14308,6932.386159,0.000000,53.000000,40.472423,0.000000,31.086351
14309,6932.386159,0.000000,53.000000,39.971031,0.000000,23.565460
14310,6932.386159,0.000000,53.000000,39.469638,0.000000,16.044568
14311,6932.386159,0.000000,53.000000,38.968245,0.000000,8.523677
14312,6932.386159,0.000000,53.000000,38.466852,0.000000,1.002786
14313,6932.386159,0.000000,53.000000,37.965460,0.000000,353.481894
14315,6932.386159,0.000000,53.000000,36.962674,0.000000,338.440111
14316,6932.386159,0.000000,53.000000,36.461281,0.000000,330.919220
14317,6932.386159,0.000000,53.000000,35.959889,0.000000,323.398329
14318,6932.386159,0.000000,53.000000,35.458496,0.000000,315.877437
14319,6932.386159,0.000000,53.000000,34.957103,0.000000,308.356546
14320,6932.386159,0.000000,53.000000,34.455710,0.000000,300.835655
14321,6932.386159,0.000000,53.000000,33.954318,0.000000,293.314763
14322,6932.386159,0.000000,53.000000,33.452925,0.000000,285.793872
14323,6932.386159,0.000000,53.000000,32.951532,0.000000,278.272981
14325,6932.386159,0.000000,53.000000,31.948747,0.000000,263.231198
14326,6932.386159,0.000000,53.000000,31.447354,0.000000,255.710306
14327,6932.386159,0.000000,53.000000,30.945961,0.000000,248.189415
14328,6932.386159,0.000000,53.000000,30.444568,0.000000,240.668524
14329,6932.386159,0.000000,53.000000,29.943175,0.000000,233.147632
14330,6932.386159,0.000000,53.000000,29.441783,0.000000,225.626741
14331,6932.386159,0.000000,53.000000,28.940390,0.000000,218.105850
14332,6932.386159,0.000000,53.000000,28.438997,0.000000,210.584958
14333,6932.386159,0.000000,53.000000,27.937604,0.000000,203.064067
14334,6932.386159,0.000000,53.000000,27.436212,0.000000,195.543175
14335,6932.386159,0.000000,53.000000,26.934819,0.000000,188.022284
14336,6932.386159,0.000000,53.000000,26.433426,0.000000,180.501393
14337,6932.386159,0.000000,53.000000,25.932033,0.000000,172.980501
14338,6932.386159,0.000000,53.000000,25.430641,0.000000,165.459610
14339,6932.386159,0.000000,53.000000,24.929248,0.000000,157.938719
14340,6932.386159,0.000000,53.000000,24.427855,0.000000,150.417827
14341,6932.386159,0.000000,53.000000,23.926462,0.000000,142.896936
14342,6932.386159,0.000000,53.000000,23.425070,0.000000,135.376045
14343,6932.386159,0.000000,53.000000,22.923677,0.000000,127.855153
14345,6932.386159,0.000000,53.000000,21.920891,0.000000,112.813370
14346,6932.386159,0.000000,53.000000,21.419499,0.000000,105.292479
14347,6932.386159,0.000000,53.000000,20.918106,0.000000,97.771588
14348,6932.386159,0.000000,53.000000,20.416713,0.000000,90.250696
14349,6932.386159,0.000000,53.000000,19.915320,0.000000,82.729805
14350,6932.386159,0.000000,53.000000,19.413928,0.000000,75.208914
14351,6932.386159,0.000000,53.000000,18.912535,0.000000,67.688022
14354,6932.386159,0.000000,53.000000,17.408357,0.000000,45.125348
14355,6932.386159,0.000000,53.000000,16.906964,0.000000,37.604457
14356,6932.386159,0.000000,53.000000,16.405571,0.000000,30.083565
14357,6932.386159,0.000000,53.000000,15.904178,0.000000,22.562674
14358,6932.386159,0.000000,53.000000,15.402786,0.000000,15.041783
14359,6932.386159,0.000000,53.000000,14.901393,0.000000,7.520891
14360,6932.386159,0.000000,54.000000,9.600000,0.000000,0.000000
14361,6932.386159,0.000000,54.000000,9.098607,0.000000,352.479109
14363,6932.386159,0.000000,54.000000,8.095822,0.000000,337.437326
14364,6932.386159,0.000000,54.000000,7.594429,0.000000,329.916435
14365,6932.386159,0.000000,54.000000,7.093036,0.000000,322.395543
14366,6932.386159,0.000000,54.000000,6.591643,0.000000,314.874652
14367,6932.386159,0.000000,54.000000,6.090251,0.000000,307.353760
14368,6932.386159,0.000000,54.000000,5.588858,0.000000,299.832869
14369,6932.386159,0.000000,54.000000,5.087465,0.000000,292.311978
14370,6932.386159,0.000000,54.000000,4.586072,0.000000,284.791086
14371,6932.386159,0.000000,54.000000,4.084680,0.000000,277.270195
14372,6932.386159,0.000000,54.000000,3.583287,0.000000,269.749304
14373,6932.386159,0.000000,54.000000,3.081894,0.000000,262.228412
14376,6932.386159,0.000000,54.000000,1.577716,0.000000,239.665738
14378,6932.386159,0.000000,54.000000,0.574930,0.000000,224.623955
14379,6932.386159,0.000000,54.000000,0.073538,0.000000,217.103064
14380,6932.386159,0.000000,54.000000,359.572145,0.000000,209.582173
14381,6932.386159,0.000000,54.000000,359.070752,0.000000,202.061281
14382,6932.386159,0.000000,54.000000,358.569359,0.000000,194.540390
14383,6932.386159,0.000000,54.000000,358.067967,0.000000,187.019499
14384,6932.386159,0.000000,54.000000,357.566574,0.000000,179.498607
14385,6932.386159,0.000000,54.000000,357.065181,0.000000,171.977716
14386,6932.386159,0.000000,54.000000,356.563788,0.000000,164.456825
14387,6932.386159,0.000000,54.000000,356.062396,0.000000,156.935933
14388,6932.386159,0.000000,54.000000,355.561003,0.000000,149.415042
14390,6932.386159,0.000000,54.000000,354.558217,0.000000,134.373259
14391,6932.386159,0.000000,54.000000,354.056825,0.000000,126.852368
14392,6932.386159,0.000000,54.000000,353.555432,0.000000,119.331476
14393,6932.386159,0.000000,54.000000,353.054039,0.000000,111.810585
14394,6932.386159,0.000000,54.000000,352.552646,0.000000,104.289694
14396,6932.386159,0.000000,54.000000,351.549861,0.000000,89.247911
14397,6932.386159,0.000000,54.000000,351.048468,0.000000,81.727019
14398,6932.386159,0.000000,54.000000,350.547075,0.000000,74.206128
14399,6932.386159,0.000000,54.000000,350.045682,0.000000,66.685237
14400,6932.386159,0.000000,54.000000,349.544290,0.000000,59.164345
14401,6932.386159,0.000000,54.000000,349.042897,0.000000,51.643454
14402,6932.386159,0.000000,54.000000,348.541504,0.000000,44.122563
14403,6932.386159,0.000000,54.000000,348.040111,0.000000,36.601671
14404,6932.386159,0.000000,54.000000,347.538719,0.000000,29.080780
14405,6932.386159,0.000000,54.000000,347.037326,0.000000,21.559889
14406,6932.386159,0.000000,54.000000,346.535933,0.000000,14.038997
14407,6932.386159,0.000000,54.000000,346.034540,0.000000,6.518106
14408,6932.386159,0.000000,54.000000,345.533148,0.000000,358.997214
14409,6932.386159,0.000000,54.000000,345.031755,0.000000,351.476323
14411,6932.386159,0.000000,54.000000,344.028969,0.000000,336.434540
14412,6932.386159,0.000000,54.000000,343.527577,0.000000,328.913649
14413,6932.386159,0.000000,54.000000,343.026184,0.000000,321.392758
14414,6932.386159,0.000000,54.000000,342.524791,0.000000,313.871866
14415,6932.386159,0.000000,54.000000,342.023398,0.000000,306.350975
14416,6932.386159,0.000000,54.000000,341.522006,0.000000,298.830084
14417,6932.386159,0.000000,54.000000,341.020613,0.000000,291.309192
14418,6932.386159,0.000000,54.000000,340.519220,0.000000,283.788301
14419,6932.386159,0.000000,54.000000,340.017827,0.000000,276.267409
14420,6932.386159,0.000000,54.000000,339.516435,0.000000,268.746518
14421,6932.386159,0.000000,54.000000,339.015042,0.000000,261.225627
14422,6932.386159,0.000000,54.000000,338.513649,0.000000,253.704735
14423,6932.386159,0.000000,54.000000,338.012256,0.000000,246.183844
14424,6932.386159,0.000000,54.000000,337.510864,0.000000,238.662953
14425,6932.386159,0.000000,54.000000,337.009471,0.000000,231.142061
14426,6932.386159,0.000000,54.000000,336.508078,0.000000,223.621170
14427,6932.386159,0.000000,54.000000,336.006685,0.000000,216.100279
14428,6932.386159,0.000000,54.000000,335.505292,0.000000,208.579387
14429,6932.386159,0.000000,54.000000,335.003900,0.000000,201.058496
14430,6932.386159,0.000000,54.000000,334.502507,0.000000,193.537604
14431,6932.386159,0.000000,54.000000,334.001114,0.000000,186.016713
14432,6932.386159,0.000000,54.000000,333.499721,0.000000,178.495822
14433,6932.386159,0.000000,54.000000,332.998329,0.000000,170.974930
14434,6932.386159,0.000000,54.000000,332.496936,0.000000,163.454039
14436,6932.386159,0.000000,54.000000,331.494150,0.000000,148.412256
14437,6932.386159,0.000000,54.000000,330.992758,0.000000,140.891365
14438,6932.386159,0.000000,54.000000,330.491365,0.000000,133.370474
14439,6932.386159,0.000000,54.000000,329.989972,0.000000,125.849582
14440,6932.386159,0.000000,54.000000,329.488579,0.000000,118.328691
14441,6932.386159,0.000000,54.000000,328.987187,0.000000,110.807799
14442,6932.386159,0.000000,54.000000,328.485794,0.000000,103.286908
14443,6932.386159,0.000000,54.000000,327.984401,0.000000,95.766017
14444,6932.386159,0.000000,54.000000,327.483008,0.000000,88.245125
14445,6932.386159,0.000000,54.000000,326.981616,0.000000,80.724234
14446,6932.386159,0.000000,54.000000,326.480223,0.000000,73.203343
14447,6932.386159,0.000000,54.000000,325.978830,0.000000,65.682451
14448,6932.386159,0.000000,54.000000,325.477437,0.000000,58.161560
14449,6932.386159,0.000000,54.000000,324.976045,0.000000,50.640669
14450,6932.386159,0.000000,54.000000,324.474652,0.000000,43.119777
14451,6932.386159,0.000000,54.000000,323.973259,0.000000,35.598886
14452,6932.386159,0.000000,54.000000,323.471866,0.000000,28.077994
14453,6932.386159,0.000000,54.000000,322.970474,0.000000,20.557103
14454,6932.386159,0.000000,54.000000,322.469081,0.000000,13.036212
14455,6932.386159,0.000000,54.000000,321.967688,0.000000,5.515320
14456,6932.386159,0.000000,54.000000,321.466295,0.000000,357.994429
14457,6932.386159,0.000000,54.000000,320.964903,0.000000,350.473538
14458,6932.386159,0.000000,54.000000,320.463510,0.000000,342.952646
14459,6932.386159,0.000000,54.000000,319.962117,0.000000,335.431755
14460,6932.386159,0.000000,54.000000,319.460724,0.000000,327.910864
14461,6932.386159,0.000000,54.000000,318.959331,0.000000,320.389972
14462,6932.386159,0.000000,54.000000,318.457939,0.000000,312.869081
14463,6932.386159,0.000000,54.000000,317.956546,0.000000,305.348189
14464,6932.386159,0.000000,54.000000,317.455153,0.000000,297.827298
14465,6932.386159,0.000000,54.000000,316.953760,0.000000,290.306407
14466,6932.386159,0.000000,54.000000,316.452368,0.000000,282.785515
14467,6932.386159,0.000000,54.000000,315.950975,0.000000,275.264624
14468,6932.386159,0.000000,54.000000,315.449582,0.000000,267.743733
14469,6932.386159,0.000000,54.000000,314.948189,0.000000,260.222841
14470,6932.386159,0.000000,54.000000,314.446797,0.000000,252.701950
14471,6932.386159,0.000000,54.000000,313.945404,0.000000,245.181058
14472,6932.386159,0.000000,54.000000,313.444011,0.000000,237.660167
14473,6932.386159,0.000000,54.000000,312.942618,0.000000,230.139276
14474,6932.386159,0.000000,54.000000,312.441226,0.000000,222.618384
14475,6932.386159,0.000000,54.000000,311.939833,0.000000,215.097493
14476,6932.386159,0.000000,54.000000,311.438440,0.000000,207.576602
14477,6932.386159,0.000000,54.000000,310.937047,0.000000,200.055710
14478,6932.386159,0.000000,54.000000,310.435655,0.000000,192.534819
14479,6932.386159,0.000000,54.000000,309.934262,0.000000,185.013928
14480,6932.386159,0.000000,54.000000,309.432869,0.000000,177.493036
14481,6932.386159,0.000000,54.000000,308.931476,0.000000,169.972145
14482,6932.386159,0.000000,54.000000,308.430084,0.000000,162.451253
14483,6932.386159,0.000000,54.000000,307.928691,0.000000,154.930362
14484,6932.386159,0.000000,54.000000,307.427298,0.000000,147.409471
14485,6932.386159,0.000000,54.000000,306.925905,0.000000,139.888579
14486,6932.386159,0.000000,54.000000,306.424513,0.000000,132.367688
14487,6932.386159,0.000000,54.000000,305.923120,0.000000,124.846797
14488,6932.386159,0.000000,54.000000,305.421727,0.000000,117.325905
14489,6932.386159,0.000000,54.000000,304.920334,0.000000,109.805014
14490,6932.386159,0.000000,54.000000,304.418942,0.000000,102.284123
14491,6932.386159,0.000000,54.000000,303.917549,0.000000,94.763231
14492,6932.386159,0.000000,54.000000,303.416156,0.000000,87.242340
14493,6932.386159,0.000000,54.000000,302.914763,0.000000,79.721448
14494,6932.386159,0.000000,54.000000,302.413370,0.000000,72.200557
14495,6932.386159,0.000000,54.000000,301.911978,0.000000,64.679666
14496,6932.386159,0.000000,54.000000,301.410585,0.000000,57.158774
14497,6932.386159,0.000000,54.000000,300.909192,0.000000,49.637883
14500,6932.386159,0.000000,54.000000,299.405014,0.000000,27.075209
14501,6932.386159,0.000000,54.000000,298.903621,0.000000,19.554318
14502,6932.386159,0.000000,54.000000,298.402228,0.000000,12.033426
14503,6932.386159,0.000000,54.000000,297.900836,0.000000,4.512535
14504,6932.386159,0.000000,54.000000,297.399443,0.000000,356.991643
14505,6932.386159,0.000000,54.000000,296.898050,0.000000,349.470752
14506,6932.386159,0.000000,54.000000,296.396657,0.000000,341.949861
14507,6932.386159,0.000000,54.000000,295.895265,0.000000,334.428969
14508,6932.386159,0.000000,54.000000,295.393872,0.000000,326.908078
14509,6932.386159,0.000000,54.000000,294.892479,0.000000,319.387187
14510,6932.386159,0.000000,54.000000,294.391086,0.000000,311.866295
14511,6932.386159,0.000000,54.000000,293.889694,0.000000,304.345404
14513,6932.386159,0.000000,54.000000,292.886908,0.000000,289.303621
14514,6932.386159,0.000000,54.000000,292.385515,0.000000,281.782730
14515,6932.386159,0.000000,54.000000,291.884123,0.000000,274.261838
14516,6932.386159,0.000000,54.000000,291.382730,0.000000,266.740947
14517,6932.386159,0.000000,54.000000,290.881337,0.000000,259.220056
14518,6932.386159,0.000000,54.000000,290.379944,0.000000,251.699164
14519,6932.386159,0.000000,54.000000,289.878552,0.000000,244.178273
14522,6932.386159,0.000000,54.000000,288.374373,0.000000,221.615599
14523,6932.386159,0.000000,54.000000,287.872981,0.000000,214.094708
14524,6932.386159,0.000000,54.000000,287.371588,0.000000,206.573816
14526,6932.386159,0.000000,54.000000,286.368802,0.000000,191.532033
14527,6932.386159,0.000000,54.000000,285.867409,0.000000,184.011142
14528,6932.386159,0.000000,54.000000,285.366017,0.000000,176.490251
14529,6932.386159,0.000000,54.000000,284.864624,0.000000,168.969359
14530,6932.386159,0.000000,54.000000,284.363231,0.000000,161.448468
14531,6932.386159,0.000000,54.000000,283.861838,0.000000,153.927577
14532,6932.386159,0.000000,54.000000,283.360446,0.000000,146.406685
14533,6932.386159,0.000000,54.000000,282.859053,0.000000,138.885794
14534,6932.386159,0.000000,54.000000,282.357660,0.000000,131.364903
14535,6932.386159,0.000000,54.000000,281.856267,0.000000,123.844011
14536,6932.386159,0.000000,54.000000,281.354875,0.000000,116.323120
14537,6932.386159,0.000000,54.000000,280.853482,0.000000,108.802228
14538,6932.386159,0.000000,54.000000,280.352089,0.000000,101.281337
14539,6932.386159,0.000000,54.000000,279.850696,0.000000,93.760446
14540,6932.386159,0.000000,54.000000,279.349304,0.000000,86.239554
14541,6932.386159,0.000000,54.000000,278.847911,0.000000,78.718663
14542,6932.386159,0.000000,54.000000,278.346518,0.000000,71.197772
14543,6932.386159,0.000000,54.000000,277.845125,0.000000,63.676880
14544,6932.386159,0.000000,54.000000,277.343733,0.000000,56.155989
14545,6932.386159,0.000000,54.000000,276.842340,0.000000,48.635097
14546,6932.386159,0.000000,54.000000,276.340947,0.000000,41.114206
14547,6932.386159,0.000000,54.000000,275.839554,0.000000,33.593315
14548,6932.386159,0.000000,54.000000,275.338162,0.000000,26.072423
14549,6932.386159,0.000000,54.000000,274.836769,0.000000,18.551532
14550,6932.386159,0.000000,54.000000,274.335376,0.000000,11.030641
14552,6932.386159,0.000000,54.000000,273.332591,0.000000,355.988858
14553,6932.386159,0.000000,54.000000,272.831198,0.000000,348.467967
14554,6932.386159,0.000000,54.000000,272.329805,0.000000,340.947075
14555,6932.386159,0.000000,54.000000,271.828412,0.000000,333.426184
14556,6932.386159,0.000000,54.000000,271.327019,0.000000,325.905292
14558,6932.386159,0.000000,54.000000,270.324234,0.000000,310.863510
14559,6932.386159,0.000000,54.000000,269.822841,0.000000,303.342618
14561,6932.386159,0.000000,54.000000,268.820056,0.000000,288.300836
14563,6932.386159,0.000000,54.000000,267.817270,0.000000,273.259053
14564,6932.386159,0.000000,54.000000,267.315877,0.000000,265.738162
14565,6932.386159,0.000000,54.000000,266.814485,0.000000,258.217270
14566,6932.386159,0.000000,54.000000,266.313092,0.000000,250.696379
14567,6932.386159,0.000000,54.000000,265.811699,0.000000,243.175487
14568,6932.386159,0.000000,54.000000,265.310306,0.000000,235.654596
14569,6932.386159,0.000000,54.000000,264.808914,0.000000,228.133705
14570,6932.386159,0.000000,54.000000,264.307521,0.000000,220.612813
14571,6932.386159,0.000000,54.000000,263.806128,0.000000,213.091922
14572,6932.386159,0.000000,54.000000,263.304735,0.000000,205.571031
14573,6932.386159,0.000000,54.000000,262.803343,0.000000,198.050139
14574,6932.386159,0.000000,54.000000,262.301950,0.000000,190.529248
14575,6932.386159,0.000000,54.000000,261.800557,0.000000,183.008357
14576,6932.386159,0.000000,54.000000,261.299164,0.000000,175.487465
14577,6932.386159,0.000000,54.000000,260.797772,0.000000,167.966574
14578,6932.386159,0.000000,54.000000,260.296379,0.000000,160.445682
14579,6932.386159,0.000000,54.000000,259.794986,0.000000,152.924791
14580,6932.386159,0.000000,54.000000,259.293593,0.000000,145.403900
14581,6932.386159,0.000000,54.000000,258.792201,0.000000,137.883008
14582,6932.386159,0.000000,54.000000,258.290808,0.000000,130.362117
14584,6932.386159,0.000000,54.000000,257.288022,0.000000,115.320334
14585,6932.386159,0.000000,54.000000,256.786630,0.000000,107.799443
14586,6932.386159,0.000000,54.000000,256.285237,0.000000,100.278552
14587,6932.386159,0.000000,54.000000,255.783844,0.000000,92.757660
14588,6932.386159,0.000000,54.000000,255.282451,0.000000,85.236769
14589,6932.386159,0.000000,54.000000,254.781058,0.000000,77.715877
14590,6932.386159,0.000000,54.000000,254.279666,0.000000,70.194986
14591,6932.386159,0.000000,54.000000,253.778273,0.000000,62.674095
14592,6932.386159,0.000000,54.000000,253.276880,0.000000,55.153203
14593,6932.386159,0.000000,54.000000,252.775487,0.000000,47.632312
14594,6932.386159,0.000000,54.000000,252.274095,0.000000,40.111421
14595,6932.386159,0.000000,54.000000,251.772702,0.000000,32.590529
14596,6932.386159,0.000000,54.000000,251.271309,0.000000,25.069638
14597,6932.386159,0.000000,54.000000,250.769916,0.000000,17.548747
14598,6932.386159,0.000000,54.000000,250.268524,0.000000,10.027855
14599,6932.386159,0.000000,54.000000,249.767131,0.000000,2.506964
14601,6932.386159,0.000000,54.000000,248.764345,0.000000,347.465181
14602,6932.386159,0.000000,54.000000,248.262953,0.000000,339.944290
14603,6932.386159,0.000000,54.000000,247.761560,0.000000,332.423398
14604,6932.386159,0.000000,54.000000,247.260167,0.000000,324.902507
14605,6932.386159,0.000000,54.000000,246.758774,0.000000,317.381616
14606,6932.386159,0.000000,54.000000,246.257382,0.000000,309.860724
14607,6932.386159,0.000000,54.000000,245.755989,0.000000,302.339833
14608,6932.386159,0.000000,54.000000,245.254596,0.000000,294.818942
14609,6932.386159,0.000000,54.000000,244.753203,0.000000,287.298050
14610,6932.386159,0.000000,54.000000,244.251811,0.000000,279.777159
14611,6932.386159,0.000000,54.000000,243.750418,0.000000,272.256267
14612,6932.386159,0.000000,54.000000,243.249025,0.000000,264.735376
14613,6932.386159,0.000000,54.000000,242.747632,0.000000,257.214485
14614,6932.386159,0.000000,54.000000,242.246240,0.000000,249.693593
14615,6932.386159,0.000000,54.000000,241.744847,0.000000,242.172702
14616,6932.386159,0.000000,54.000000,241.243454,0.000000,234.651811
14617,6932.386159,0.000000,54.000000,240.742061,0.000000,227.130919
14618,6932.386159,0.000000,54.000000,240.240669,0.000000,219.610028
14619,6932.386159,0.000000,54.000000,239.739276,0.000000,212.089136
14620,6932.386159,0.000000,54.000000,239.237883,0.000000,204.568245
14621,6932.386159,0.000000,54.000000,238.736490,0.000000,197.047354
14622,6932.386159,0.000000,54.000000,238.235097,0.000000,189.526462
14623,6932.386159,0.000000,54.000000,237.733705,0.000000,182.005571
14624,6932.386159,0.000000,54.000000,237.232312,0.000000,174.484680
14625,6932.386159,0.000000,54.000000,236.730919,0.000000,166.963788
14626,6932.386159,0.000000,54.000000,236.229526,0.000000,159.442897
14628,6932.386159,0.000000,54.000000,235.226741,0.000000,144.401114
14629,6932.386159,0.000000,54.000000,234.725348,0.000000,136.880223
14630,6932.386159,0.000000,54.000000,234.223955,0.000000,129.359331
14631,6932.386159,0.000000,54.000000,233.722563,0.000000,121.838440
14632,6932.386159,0.000000,54.000000,233.221170,0.000000,114.317549
14633,6932.386159,0.000000,54.000000,232.719777,0.000000,106.796657
14634,6932.386159,0.000000,54.000000,232.218384,0.000000,99.275766
14635,6932.386159,0.000000,54.000000,231.716992,0.000000,91.754875
14636,6932.386159,0.000000,54.000000,231.215599,0.000000,84.233983
14637,6932.386159,0.000000,54.000000,230.714206,0.000000,76.713092
14638,6932.386159,0.000000,54.000000,230.212813,0.000000,69.192201
14639,6932.386159,0.000000,54.000000,229.711421,0.000000,61.671309
14640,6932.386159,0.000000,54.000000,229.210028,0.000000,54.150418
14642,6932.386159,0.000000,54.000000,228.207242,0.000000,39.108635
14643,6932.386159,0.000000,54.000000,227.705850,0.000000,31.587744
14645,6932.386159,0.000000,54.000000,226.703064,0.000000,16.545961
14646,6932.386159,0.000000,54.000000,226.201671,0.000000,9.025070
14647,6932.386159,0.000000,54.000000,225.700279,0.000000,1.504178
14648,6932.386159,0.000000,54.000000,225.198886,0.000000,353.983287
14649,6932.386159,0.000000,54.000000,224.697493,0.000000,346.462396
14650,6932.386159,0.000000,54.000000,224.196100,0.000000,338.941504
14651,6932.386159,0.000000,54.000000,223.694708,0.000000,331.420613
14652,6932.386159,0.000000,54.000000,223.193315,0.000000,323.899721
14653,6932.386159,0.000000,54.000000,222.691922,0.000000,316.378830
14654,6932.386159,0.000000,54.000000,222.190529,0.000000,308.857939
14655,6932.386159,0.000000,54.000000,221.689136,0.000000,301.337047
14656,6932.386159,0.000000,54.000000,221.187744,0.000000,293.816156
14657,6932.386159,0.000000,54.000000,220.686351,0.000000,286.295265
14658,6932.386159,0.000000,54.000000,220.184958,0.000000,278.774373
14659,6932.386159,0.000000,54.000000,219.683565,0.000000,271.253482
14660,6932.386159,0.000000,54.000000,219.182173,0.000000,263.732591
14661,6932.386159,0.000000,54.000000,218.680780,0.000000,256.211699
14662,6932.386159,0.000000,54.000000,218.179387,0.000000,248.690808
14663,6932.386159,0.000000,54.000000,217.677994,0.000000,241.169916
14664,6932.386159,0.000000,54.000000,217.176602,0.000000,233.649025
14665,6932.386159,0.000000,54.000000,216.675209,0.000000,226.128134
14666,6932.386159,0.000000,54.000000,216.173816,0.000000,218.607242
14667,6932.386159,0.000000,54.000000,215.672423,0.000000,211.086351
14670,6932.386159,0.000000,54.000000,214.168245,0.000000,188.523677
14671,6932.386159,0.000000,54.000000,213.666852,0.000000,181.002786
14672,6932.386159,0.000000,54.000000,213.165460,0.000000,173.481894
14673,6932.386159,0.000000,54.000000,212.664067,0.000000,165.961003
14674,6932.386159,0.000000,54.000000,212.162674,0.000000,158.440111
14675,6932.386159,0.000000,54.000000,211.661281,0.000000,150.919220
14676,6932.386159,0.000000,54.000000,211.159889,0.000000,143.398329
14677,6932.386159,0.000000,54.000000,210.658496,0.000000,135.877437
14678,6932.386159,0.000000,54.000000,210.157103,0.000000,128.356546
14679,6932.386159,0.000000,54.000000,209.655710,0.000000,120.835655
14680,6932.386159,0.000000,54.000000,209.154318,0.000000,113.314763
14681,6932.386159,0.000000,54.000000,208.652925,0.000000,105.793872
14682,6932.386159,0.000000,54.000000,208.151532,0.000000,98.272981
14683,6932.386159,0.000000,54.000000,207.650139,0.000000,90.752089
14685,6932.386159,0.000000,54.000000,206.647354,0.000000,75.710306
14687,6932.386159,0.000000,54.000000,205.644568,0.000000,60.668524
14688,6932.386159,0.000000,54.000000,205.143175,0.000000,53.147632
14690,6932.386159,0.000000,54.000000,204.140390,0.000000,38.105850
14691,6932.386159,0.000000,54.000000,203.638997,0.000000,30.584958
14692,6932.386159,0.000000,54.000000,203.137604,0.000000,23.064067
14693,6932.386159,0.000000,54.000000,202.636212,0.000000,15.543175
14694,6932.386159,0.000000,54.000000,202.134819,0.000000,8.022284
14695,6932.386159,0.000000,54.000000,201.633426,0.000000,0.501393
14696,6932.386159,0.000000,54.000000,201.132033,0.000000,352.980501
14697,6932.386159,0.000000,54.000000,200.630641,0.000000,345.459610
14698,6932.386159,0.000000,54.000000,200.129248,0.000000,337.938719
14699,6932.386159,0.000000,54.000000,199.627855,0.000000,330.417827
14700,6932.386159,0.000000,54.000000,199.126462,0.000000,322.896936
14701,6932.386159,0.000000,54.000000,198.625070,0.000000,315.376045
14702,6932.386159,0.000000,54.000000,198.123677,0.000000,307.855153
14703,6932.386159,0.000000,54.000000,197.622284,0.000000,300.334262
14704,6932.386159,0.000000,54.000000,197.120891,0.000000,292.813370
14705,6932.386159,0.000000,54.000000,196.619499,0.000000,285.292479
14706,6932.386159,0.000000,54.000000,196.118106,0.000000,277.771588
14708,6932.386159,0.000000,54.000000,195.115320,0.000000,262.729805
14709,6932.386159,0.000000,54.000000,194.613928,0.000000,255.208914
14710,6932.386159,0.000000,54.000000,194.112535,0.000000,247.688022
14711,6932.386159,0.000000,54.000000,193.611142,0.000000,240.167131
14712,6932.386159,0.000000,54.000000,193.109749,0.000000,232.646240
14713,6932.386159,0.000000,54.000000,192.608357,0.000000,225.125348
14714,6932.386159,0.000000,54.000000,192.106964,0.000000,217.604457
14715,6932.386159,0.000000,54.000000,191.605571,0.000000,210.083565
14716,6932.386159,0.000000,54.000000,191.104178,0.000000,202.562674
14717,6932.386159,0.000000,54.000000,190.602786,0.000000,195.041783
14718,6932.386159,0.000000,54.000000,190.101393,0.000000,187.520891
14720,6932.386159,0.000000,54.000000,189.098607,0.000000,172.479109
14721,6932.386159,0.000000,54.000000,188.597214,0.000000,164.958217
14722,6932.386159,0.000000,54.000000,188.095822,0.000000,157.437326
14723,6932.386159,0.000000,54.000000,187.594429,0.000000,149.916435
14724,6932.386159,0.000000,54.000000,187.093036,0.000000,142.395543
14725,6932.386159,0.000000,54.000000,186.591643,0.000000,134.874652
14726,6932.386159,0.000000,54.000000,186.090251,0.000000,127.353760
14727,6932.386159,0.000000,54.000000,185.588858,0.000000,119.832869
14728,6932.386159,0.000000,54.000000,185.087465,0.000000,112.311978
14729,6932.386159,0.000000,54.000000,184.586072,0.000000,104.791086
14730,6932.386159,0.000000,54.000000,184.084680,0.000000,97.270195
14731,6932.386159,0.000000,54.000000,183.583287,0.000000,89.749304
14732,6932.386159,0.000000,54.000000,183.081894,0.000000,82.228412
14733,6932.386159,0.000000,54.000000,182.580501,0.000000,74.707521
14734,6932.386159,0.000000,54.000000,182.079109,0.000000,67.186630
14735,6932.386159,0.000000,54.000000,181.577716,0.000000,59.665738
14736,6932.386159,0.000000,54.000000,181.076323,0.000000,52.144847
14737,6932.386159,0.000000,54.000000,180.574930,0.000000,44.623955
14738,6932.386159,0.000000,54.000000,180.073538,0.000000,37.103064
14739,6932.386159,0.000000,54.000000,179.572145,0.000000,29.582173
14740,6932.386159,0.000000,54.000000,179.070752,0.000000,22.061281
14741,6932.386159,0.000000,54.000000,178.569359,0.000000,14.540390
14742,6932.386159,0.000000,54.000000,178.067967,0.000000,7.019499
14743,6932.386159,0.000000,54.000000,177.566574,0.000000,359.498607
14744,6932.386159,0.000000,54.000000,177.065181,0.000000,351.977716
14745,6932.386159,0.000000,54.000000,176.563788,0.000000,344.456825
14746,6932.386159,0.000000,54.000000,176.062396,0.000000,336.935933
14747,6932.386159,0.000000,54.000000,175.561003,0.000000,329.415042
14748,6932.386159,0.000000,54.000000,175.059610,0.000000,321.894150
14749,6932.386159,0.000000,54.000000,174.558217,0.000000,314.373259
14750,6932.386159,0.000000,54.000000,174.056825,0.000000,306.852368
14751,6932.386159,0.000000,54.000000,173.555432,0.000000,299.331476
14752,6932.386159,0.000000,54.000000,173.054039,0.000000,291.810585
14753,6932.386159,0.000000,54.000000,172.552646,0.000000,284.289694
14754,6932.386159,0.000000,54.000000,172.051253,0.000000,276.768802
14755,6932.386159,0.000000,54.000000,171.549861,0.000000,269.247911
14756,6932.386159,0.000000,54.000000,171.048468,0.000000,261.727019
14757,6932.386159,0.000000,54.000000,170.547075,0.000000,254.206128
14758,6932.386159,0.000000,54.000000,170.045682,0.000000,246.685237
14759,6932.386159,0.000000,54.000000,169.544290,0.000000,239.164345
14760,6932.386159,0.000000,54.000000,169.042897,0.000000,231.643454
14761,6932.386159,0.000000,54.000000,168.541504,0.000000,224.122563
14762,6932.386159,0.000000,54.000000,168.040111,0.000000,216.601671
14763,6932.386159,0.000000,54.000000,167.538719,0.000000,209.080780
14764,6932.386159,0.000000,54.000000,167.037326,0.000000,201.559889
14765,6932.386159,0.000000,54.000000,166.535933,0.000000,194.038997
14766,6932.386159,0.000000,54.000000,166.034540,0.000000,186.518106
14767,6932.386159,0.000000,54.000000,165.533148,0.000000,178.997214
14768,6932.386159,0.000000,54.000000,165.031755,0.000000,171.476323
14769,6932.386159,0.000000,54.000000,164.530362,0.000000,163.955432
14770,6932.386159,0.000000,54.000000,164.028969,0.000000,156.434540
14771,6932.386159,0.000000,54.000000,163.527577,0.000000,148.913649
14772,6932.386159,0.000000,54.000000,163.026184,0.000000,141.392758
14773,6932.386159,0.000000,54.000000,162.524791,0.000000,133.871866
14774,6932.386159,0.000000,54.000000,162.023398,0.000000,126.350975
14775,6932.386159,0.000000,54.000000,161.522006,0.000000,118.830084
14776,6932.386159,0.000000,54.000000,161.020613,0.000000,111.309192
14777,6932.386159,0.000000,54.000000,160.519220,0.000000,103.788301
14778,6932.386159,0.000000,54.000000,160.017827,0.000000,96.267409
14779,6932.386159,0.000000,54.000000,159.516435,0.000000,88.746518
14780,6932.386159,0.000000,54.000000,159.015042,0.000000,81.225627
14781,6932.386159,0.000000,54.000000,158.513649,0.000000,73.704735
14782,6932.386159,0.000000,54.000000,158.012256,0.000000,66.183844
14783,6932.386159,0.000000,54.000000,157.510864,0.000000,58.662953
14784,6932.386159,0.000000,54.000000,157.009471,0.000000,51.142061
14785,6932.386159,0.000000,54.000000,156.508078,0.000000,43.621170
14786,6932.386159,0.000000,54.000000,156.006685,0.000000,36.100279
14787,6932.386159,0.000000,54.000000,155.505292,0.000000,28.579387
14788,6932.386159,0.000000,54.000000,155.003900,0.000000,21.058496
14789,6932.386159,0.000000,54.000000,154.502507,0.000000,13.537604
14790,6932.386159,0.000000,54.000000,154.001114,0.000000,6.016713
14791,6932.386159,0.000000,54.000000,153.499721,0.000000,358.495822
14792,6932.386159,0.000000,54.000000,152.998329,0.000000,350.974930
14794,6932.386159,0.000000,54.000000,151.995543,0.000000,335.933148
14795,6932.386159,0.000000,54.000000,151.494150,0.000000,328.412256
14796,6932.386159,0.000000,54.000000,150.992758,0.000000,320.891365
14797,6932.386159,0.000000,54.000000,150.491365,0.000000,313.370474
14798,6932.386159,0.000000,54.000000,149.989972,0.000000,305.849582
14800,6932.386159,0.000000,54.000000,148.987187,0.000000,290.807799
14801,6932.386159,0.000000,54.000000,148.485794,0.000000,283.286908
14802,6932.386159,0.000000,54.000000,147.984401,0.000000,275.766017
14803,6932.386159,0.000000,54.000000,147.483008,0.000000,268.245125
14804,6932.386159,0.000000,54.000000,146.981616,0.000000,260.724234
14805,6932.386159,0.000000,54.000000,146.480223,0.000000,253.203343
14806,6932.386159,0.000000,54.000000,145.978830,0.000000,245.682451
14807,6932.386159,0.000000,54.000000,145.477437,0.000000,238.161560
14808,6932.386159,0.000000,54.000000,144.976045,0.000000,230.640669
14809,6932.386159,0.000000,54.000000,144.474652,0.000000,223.119777
14810,6932.386159,0.000000,54.000000,143.973259,0.000000,215.598886
14811,6932.386159,0.000000,54.000000,143.471866,0.000000,208.077994
14812,6932.386159,0.000000,54.000000,142.970474,0.000000,200.557103
14813,6932.386159,0.000000,54.000000,142.469081,0.000000,193.036212
14814,6932.386159,0.000000,54.000000,141.967688,0.000000,185.515320
14815,6932.386159,0.000000,54.000000,141.466295,0.000000,177.994429
14816,6932.386159,0.000000,54.000000,140.964903,0.000000,170.473538
14817,6932.386159,0.000000,54.000000,140.463510,0.000000,162.952646
14818,6932.386159,0.000000,54.000000,139.962117,0.000000,155.431755
14819,6932.386159,0.000000,54.000000,139.460724,0.000000,147.910864
14820,6932.386159,0.000000,54.000000,138.959331,0.000000,140.389972
14821,6932.386159,0.000000,54.000000,138.457939,0.000000,132.869081
14823,6932.386159,0.000000,54.000000,137.455153,0.000000,117.827298
14824,6932.386159,0.000000,54.000000,136.953760,0.000000,110.306407
14825,6932.386159,0.000000,54.000000,136.452368,0.000000,102.785515
14826,6932.386159,0.000000,54.000000,135.950975,0.000000,95.264624
14828,6932.386159,0.000000,54.000000,134.948189,0.000000,80.222841
14829,6932.386159,0.000000,54.000000,134.446797,0.000000,72.701950
14830,6932.386159,0.000000,54.000000,133.945404,0.000000,65.181058
14831,6932.386159,0.000000,54.000000,133.444011,0.000000,57.660167
14832,6932.386159,0.000000,54.000000,132.942618,0.000000,50.139276
14833,6932.386159,0.000000,54.000000,132.441226,0.000000,42.618384
14834,6932.386159,0.000000,54.000000,131.939833,0.000000,35.097493
14835,6932.386159,0.000000,54.000000,131.438440,0.000000,27.576602
14836,6932.386159,0.000000,54.000000,130.937047,0.000000,20.055710
14837,6932.386159,0.000000,54.000000,130.435655,0.000000,12.534819
14838,6932.386159,0.000000,54.000000,129.934262,0.000000,5.013928
14839,6932.386159,0.000000,54.000000,129.432869,0.000000,357.493036
14840,6932.386159,0.000000,54.000000,128.931476,0.000000,349.972145
14841,6932.386159,0.000000,54.000000,128.430084,0.000000,342.451253
14842,6932.386159,0.000000,54.000000,127.928691,0.000000,334.930362
14844,6932.386159,0.000000,54.000000,126.925905,0.000000,319.888579
14845,6932.386159,0.000000,54.000000,126.424513,0.000000,312.367688
14846,6932.386159,0.000000,54.000000,125.923120,0.000000,304.846797
14847,6932.386159,0.000000,54.000000,125.421727,0.000000,297.325905
14848,6932.386159,0.000000,54.000000,124.920334,0.000000,289.805014
14849,6932.386159,0.000000,54.000000,124.418942,0.000000,282.284123
14850,6932.386159,0.000000,54.000000,123.917549,0.000000,274.763231
14851,6932.386159,0.000000,54.000000,123.416156,0.000000,267.242340
14852,6932.386159,0.000000,54.000000,122.914763,0.000000,259.721448
14853,6932.386159,0.000000,54.000000,122.413370,0.000000,252.200557
14854,6932.386159,0.000000,54.000000,121.911978,0.000000,244.679666
14855,6932.386159,0.000000,54.000000,121.410585,0.000000,237.158774
14856,6932.386159,0.000000,54.000000,120.909192,0.000000,229.637883
14857,6932.386159,0.000000,54.000000,120.407799,0.000000,222.116992
14858,6932.386159,0.000000,54.000000,119.906407,0.000000,214.596100
14859,6932.386159,0.000000,54.000000,119.405014,0.000000,207.075209
14860,6932.386159,0.000000,54.000000,118.903621,0.000000,199.554318
14861,6932.386159,0.000000,54.000000,118.402228,0.000000,192.033426
14862,6932.386159,0.000000,54.000000,117.900836,0.000000,184.512535
14863,6932.386159,0.000000,54.000000,117.399443,0.000000,176.991643
14864,6932.386159,0.000000,54.000000,116.898050,0.000000,169.470752
14865,6932.386159,0.000000,54.000000,116.396657,0.000000,161.949861
14866,6932.386159,0.000000,54.000000,115.895265,0.000000,154.428969
14867,6932.386159,0.000000,54.000000,115.393872,0.000000,146.908078
14868,6932.386159,0.000000,54.000000,114.892479,0.000000,139.387187
14869,6932.386159,0.000000,54.000000,114.391086,0.000000,131.866295
14870,6932.386159,0.000000,54.000000,113.889694,0.000000,124.345404
14871,6932.386159,0.000000,54.000000,113.388301,0.000000,116.824513
14872,6932.386159,0.000000,54.000000,112.886908,0.000000,109.303621
14873,6932.386159,0.000000,54.000000,112.385515,0.000000,101.782730
14874,6932.386159,0.000000,54.000000,111.884123,0.000000,94.261838
14875,6932.386159,0.000000,54.000000,111.382730,0.000000,86.740947
14876,6932.386159,0.000000,54.000000,110.881337,0.000000,79.220056
14877,6932.386159,0.000000,54.000000,110.379944,0.000000,71.699164
14878,6932.386159,0.000000,54.000000,109.878552,0.000000,64.178273
14879,6932.386159,0.000000,54.000000,109.377159,0.000000,56.657382
14880,6932.386159,0.000000,54.000000,108.875766,0.000000,49.136490
14881,6932.386159,0.000000,54.000000,108.374373,0.000000,41.615599
14882,6932.386159,0.000000,54.000000,107.872981,0.000000,34.094708
14883,6932.386159,0.000000,54.000000,107.371588,0.000000,26.573816
14884,6932.386159,0.000000,54.000000,106.870195,0.000000,19.052925
14885,6932.386159,0.000000,54.000000,106.368802,0.000000,11.532033
14886,6932.386159,0.000000,54.000000,105.867409,0.000000,4.011142
14887,6932.386159,0.000000,54.000000,105.366017,0.000000,356.490251
14888,6932.386159,0.000000,54.000000,104.864624,0.000000,348.969359
14889,6932.386159,0.000000,54.000000,104.363231,0.000000,341.448468
14890,6932.386159,0.000000,54.000000,103.861838,0.000000,333.927577
14891,6932.386159,0.000000,54.000000,103.360446,0.000000,326.406685
14892,6932.386159,0.000000,54.000000,102.859053,0.000000,318.885794
14893,6932.386159,0.000000,54.000000,102.357660,0.000000,311.364903
14894,6932.386159,0.000000,54.000000,101.856267,0.000000,303.844011
14895,6932.386159,0.000000,54.000000,101.354875,0.000000,296.323120
14896,6932.386159,0.000000,54.000000,100.853482,0.000000,288.802228
14897,6932.386159,0.000000,54.000000,100.352089,0.000000,281.281337
14898,6932.386159,0.000000,54.000000,99.850696,0.000000,273.760446
14899,6932.386159,0.000000,54.000000,99.349304,0.000000,266.239554
14900,6932.386159,0.000000,54.000000,98.847911,0.000000,258.718663
14902,6932.386159,0.000000,54.000000,97.845125,0.000000,243.676880
14903,6932.386159,0.000000,54.000000,97.343733,0.000000,236.155989
14904,6932.386159,0.000000,54.000000,96.842340,0.000000,228.635097
14905,6932.386159,0.000000,54.000000,96.340947,0.000000,221.114206
14906,6932.386159,0.000000,54.000000,95.839554,0.000000,213.593315
14907,6932.386159,0.000000,54.000000,95.338162,0.000000,206.072423
14908,6932.386159,0.000000,54.000000,94.836769,0.000000,198.551532
14909,6932.386159,0.000000,54.000000,94.335376,0.000000,191.030641
14910,6932.386159,0.000000,54.000000,93.833983,0.000000,183.509749
14911,6932.386159,0.000000,54.000000,93.332591,0.000000,175.988858
14912,6932.386159,0.000000,54.000000,92.831198,0.000000,168.467967
14913,6932.386159,0.000000,54.000000,92.329805,0.000000,160.947075
14914,6932.386159,0.000000,54.000000,91.828412,0.000000,153.426184
14916,6932.386159,0.000000,54.000000,90.825627,0.000000,138.384401
14917,6932.386159,0.000000,54.000000,90.324234,0.000000,130.863510
14918,6932.386159,0.000000,54.000000,89.822841,0.000000,123.342618
14919,6932.386159,0.000000,54.000000,89.321448,0.000000,115.821727
14920,6932.386159,0.000000,54.000000,88.820056,0.000000,108.300836
14921,6932.386159,0.000000,54.000000,88.318663,0.000000,100.779944
14922,6932.386159,0.000000,54.000000,87.817270,0.000000,93.259053
14923,6932.386159,0.000000,54.000000,87.315877,0.000000,85.738162
14924,6932.386159,0.000000,54.000000,86.814485,0.000000,78.217270
14925,6932.386159,0.000000,54.000000,86.313092,0.000000,70.696379
14926,6932.386159,0.000000,54.000000,85.811699,0.000000,63.175487
14927,6932.386159,0.000000,54.000000,85.310306,0.000000,55.654596
14928,6932.386159,0.000000,54.000000,84.808914,0.000000,48.133705
14929,6932.386159,0.000000,54.000000,84.307521,0.000000,40.612813
14930,6932.386159,0.000000,54.000000,83.806128,0.000000,33.091922
14931,6932.386159,0.000000,54.000000,83.304735,0.000000,25.571031
14932,6932.386159,0.000000,54.000000,82.803343,0.000000,18.050139
14933,6932.386159,0.000000,54.000000,82.301950,0.000000,10.529248
14934,6932.386159,0.000000,54.000000,81.800557,0.000000,3.008357
14935,6932.386159,0.000000,54.000000,81.299164,0.000000,355.487465
14936,6932.386159,0.000000,54.000000,80.797772,0.000000,347.966574
14937,6932.386159,0.000000,54.000000,80.296379,0.000000,340.445682
14938,6932.386159,0.000000,54.000000,79.794986,0.000000,332.924791
14940,6932.386159,0.000000,54.000000,78.792201,0.000000,317.883008
14941,6932.386159,0.000000,54.000000,78.290808,0.000000,310.362117
14942,6932.386159,0.000000,54.000000,77.789415,0.000000,302.841226
14943,6932.386159,0.000000,54.000000,77.288022,0.000000,295.320334
14944,6932.386159,0.000000,54.000000,76.786630,0.000000,287.799443
14945,6932.386159,0.000000,54.000000,76.285237,0.000000,280.278552
14946,6932.386159,0.000000,54.000000,75.783844,0.000000,272.757660
14947,6932.386159,0.000000,54.000000,75.282451,0.000000,265.236769
14948,6932.386159,0.000000,54.000000,74.781058,0.000000,257.715877
14949,6932.386159,0.000000,54.000000,74.279666,0.000000,250.194986
14950,6932.386159,0.000000,54.000000,73.778273,0.000000,242.674095
14951,6932.386159,0.000000,54.000000,73.276880,0.000000,235.153203
14952,6932.386159,0.000000,54.000000,72.775487,0.000000,227.632312
14953,6932.386159,0.000000,54.000000,72.274095,0.000000,220.111421
14954,6932.386159,0.000000,54.000000,71.772702,0.000000,212.590529
14955,6932.386159,0.000000,54.000000,71.271309,0.000000,205.069638
14956,6932.386159,0.000000,54.000000,70.769916,0.000000,197.548747
14957,6932.386159,0.000000,54.000000,70.268524,0.000000,190.027855
14958,6932.386159,0.000000,54.000000,69.767131,0.000000,182.506964
14961,6932.386159,0.000000,54.000000,68.262953,0.000000,159.944290
14962,6932.386159,0.000000,54.000000,67.761560,0.000000,152.423398
14963,6932.386159,0.000000,54.000000,67.260167,0.000000,144.902507
14964,6932.386159,0.000000,54.000000,66.758774,0.000000,137.381616
14965,6932.386159,0.000000,54.000000,66.257382,0.000000,129.860724
14967,6932.386159,0.000000,54.000000,65.254596,0.000000,114.818942
14968,6932.386159,0.000000,54.000000,64.753203,0.000000,107.298050
14969,6932.386159,0.000000,54.000000,64.251811,0.000000,99.777159
14970,6932.386159,0.000000,54.000000,63.750418,0.000000,92.256267
14971,6932.386159,0.000000,54.000000,63.249025,0.000000,84.735376
14972,6932.386159,0.000000,54.000000,62.747632,0.000000,77.214485
14973,6932.386159,0.000000,54.000000,62.246240,0.000000,69.693593
14974,6932.386159,0.000000,54.000000,61.744847,0.000000,62.172702
14975,6932.386159,0.000000,54.000000,61.243454,0.000000,54.651811
14976,6932.386159,0.000000,54.000000,60.742061,0.000000,47.130919
14977,6932.386159,0.000000,54.000000,60.240669,0.000000,39.610028
14978,6932.386159,0.000000,54.000000,59.739276,0.000000,32.089136
14979,6932.386159,0.000000,54.000000,59.237883,0.000000,24.568245
14980,6932.386159,0.000000,54.000000,58.736490,0.000000,17.047354
14981,6932.386159,0.000000,54.000000,58.235097,0.000000,9.526462
14983,6932.386159,0.000000,54.000000,57.232312,0.000000,354.484680
14984,6932.386159,0.000000,54.000000,56.730919,0.000000,346.963788
14985,6932.386159,0.000000,54.000000,56.229526,0.000000,339.442897
14986,6932.386159,0.000000,54.000000,55.728134,0.000000,331.922006
14987,6932.386159,0.000000,54.000000,55.226741,0.000000,324.401114
14988,6932.386159,0.000000,54.000000,54.725348,0.000000,316.880223
14989,6932.386159,0.000000,54.000000,54.223955,0.000000,309.359331
14990,6932.386159,0.000000,54.000000,53.722563,0.000000,301.838440
14991,6932.386159,0.000000,54.000000,53.221170,0.000000,294.317549
14992,6932.386159,0.000000,54.000000,52.719777,0.000000,286.796657
14993,6932.386159,0.000000,54.000000,52.218384,0.000000,279.275766
14994,6932.386159,0.000000,54.000000,51.716992,0.000000,271.754875
14995,6932.386159,0.000000,54.000000,51.215599,0.000000,264.233983
14997,6932.386159,0.000000,54.000000,50.212813,0.000000,249.192201
14998,6932.386159,0.000000,54.000000,49.711421,0.000000,241.671309
14999,6932.386159,0.000000,54.000000,49.210028,0.000000,234.150418
15000,6932.386159,0.000000,54.000000,48.708635,0.000000,226.629526
15001,6932.386159,0.000000,54.000000,48.207242,0.000000,219.108635
15002,6932.386159,0.000000,54.000000,47.705850,0.000000,211.587744
15003,6932.386159,0.000000,54.000000,47.204457,0.000000,204.066852
15004,6932.386159,0.000000,54.000000,46.703064,0.000000,196.545961
15005,6932.386159,0.000000,54.000000,46.201671,0.000000,189.025070
15006,6932.386159,0.000000,54.000000,45.700279,0.000000,181.504178
15007,6932.386159,0.000000,54.000000,45.198886,0.000000,173.983287
15008,6932.386159,0.000000,54.000000,44.697493,0.000000,166.462396
15009,6932.386159,0.000000,54.000000,44.196100,0.000000,158.941504
15010,6932.386159,0.000000,54.000000,43.694708,0.000000,151.420613
15011,6932.386159,0.000000,54.000000,43.193315,0.000000,143.899721
15012,6932.386159,0.000000,54.000000,42.691922,0.000000,136.378830
15013,6932.386159,0.000000,54.000000,42.190529,0.000000,128.857939
15014,6932.386159,0.000000,54.000000,41.689136,0.000000,121.337047
15015,6932.386159,0.000000,54.000000,41.187744,0.000000,113.816156
15016,6932.386159,0.000000,54.000000,40.686351,0.000000,106.295265
15017,6932.386159,0.000000,54.000000,40.184958,0.000000,98.774373
15018,6932.386159,0.000000,54.000000,39.683565,0.000000,91.253482
15020,6932.386159,0.000000,54.000000,38.680780,0.000000,76.211699
15021,6932.386159,0.000000,54.000000,38.179387,0.000000,68.690808
15022,6932.386159,0.000000,54.000000,37.677994,0.000000,61.169916
15023,6932.386159,0.000000,54.000000,37.176602,0.000000,53.649025
15024,6932.386159,0.000000,54.000000,36.675209,0.000000,46.128134
15025,6932.386159,0.000000,54.000000,36.173816,0.000000,38.607242
15026,6932.386159,0.000000,54.000000,35.672423,0.000000,31.086351
15027,6932.386159,0.000000,54.000000,35.171031,0.000000,23.565460
15028,6932.386159,0.000000,54.000000,34.669638,0.000000,16.044568
15029,6932.386159,0.000000,54.000000,34.168245,0.000000,8.523677
15031,6932.386159,0.000000,54.000000,33.165460,0.000000,353.481894
15033,6932.386159,0.000000,54.000000,32.162674,0.000000,338.440111
15034,6932.386159,0.000000,54.000000,31.661281,0.000000,330.919220
15035,6932.386159,0.000000,54.000000,31.159889,0.000000,323.398329
15036,6932.386159,0.000000,54.000000,30.658496,0.000000,315.877437
15037,6932.386159,0.000000,54.000000,30.157103,0.000000,308.356546
15038,6932.386159,0.000000,54.000000,29.655710,0.000000,300.835655
15039,6932.386159,0.000000,54.000000,29.154318,0.000000,293.314763
15040,6932.386159,0.000000,54.000000,28.652925,0.000000,285.793872
15041,6932.386159,0.000000,54.000000,28.151532,0.000000,278.272981
15042,6932.386159,0.000000,54.000000,27.650139,0.000000,270.752089
15043,6932.386159,0.000000,54.000000,27.148747,0.000000,263.231198
15044,6932.386159,0.000000,54.000000,26.647354,0.000000,255.710306
15045,6932.386159,0.000000,54.000000,26.145961,0.000000,248.189415
15046,6932.386159,0.000000,54.000000,25.644568,0.000000,240.668524
15047,6932.386159,0.000000,54.000000,25.143175,0.000000,233.147632
15048,6932.386159,0.000000,54.000000,24.641783,0.000000,225.626741
15049,6932.386159,0.000000,54.000000,24.140390,0.000000,218.105850
15050,6932.386159,0.000000,54.000000,23.638997,0.000000,210.584958
15051,6932.386159,0.000000,54.000000,23.137604,0.000000,203.064067
15052,6932.386159,0.000000,54.000000,22.636212,0.000000,195.543175
15053,6932.386159,0.000000,54.000000,22.134819,0.000000,188.022284
15054,6932.386159,0.000000,54.000000,21.633426,0.000000,180.501393
15055,6932.386159,0.000000,54.000000,21.132033,0.000000,172.980501
15056,6932.386159,0.000000,54.000000,20.630641,0.000000,165.459610
15057,6932.386159,0.000000,54.000000,20.129248,0.000000,157.938719
15058,6932.386159,0.000000,54.000000,19.627855,0.000000,150.417827
15059,6932.386159,0.000000,54.000000,19.126462,0.000000,142.896936
15060,6932.386159,0.000000,54.000000,18.625070,0.000000,135.376045
15061,6932.386159,0.000000,54.000000,18.123677,0.000000,127.855153
15062,6932.386159,0.000000,54.000000,17.622284,0.000000,120.334262
15063,6932.386159,0.000000,54.000000,17.120891,0.000000,112.813370
15064,6932.386159,0.000000,54.000000,16.619499,0.000000,105.292479
15065,6932.386159,0.000000,54.000000,16.118106,0.000000,97.771588
15066,6932.386159,0.000000,54.000000,15.616713,0.000000,90.250696
15067,6932.386159,0.000000,54.000000,15.115320,0.000000,82.729805
15068,6932.386159,0.000000,54.000000,14.613928,0.000000,75.208914
15069,6932.386159,0.000000,54.000000,14.112535,0.000000,67.688022
15070,6932.386159,0.000000,54.000000,13.611142,0.000000,60.167131
15071,6932.386159,0.000000,54.000000,13.109749,0.000000,52.646240
15074,6932.386159,0.000000,54.000000,11.605571,0.000000,30.083565
15075,6932.386159,0.000000,54.000000,11.104178,0.000000,22.562674
15076,6932.386159,0.000000,54.000000,10.602786,0.000000,15.041783
15077,6932.386159,0.000000,54.000000,10.101393,0.000000,7.520891
15802,6932.386159,0.000000,55.000000,18.591643,0.000000,314.874652
15803,6932.386159,0.000000,55.000000,18.090251,0.000000,307.353760
15810,6932.386159,0.000000,55.000000,14.580501,0.000000,254.707521
15812,6932.386159,0.000000,55.000000,13.577716,0.000000,239.665738
15814,6932.386159,0.000000,55.000000,12.574930,0.000000,224.623955
15821,6932.386159,0.000000,55.000000,9.065181,0.000000,171.977716
15822,6932.386159,0.000000,55.000000,8.563788,0.000000,164.456825
15823,6932.386159,0.000000,55.000000,8.062396,0.000000,156.935933
15824,6932.386159,0.000000,55.000000,7.561003,0.000000,149.415042
15825,6932.386159,0.000000,55.000000,7.059610,0.000000,141.894150
15826,6932.386159,0.000000,55.000000,6.558217,0.000000,134.373259
15828,6932.386159,0.000000,55.000000,5.555432,0.000000,119.331476
15831,6932.386159,0.000000,55.000000,4.051253,0.000000,96.768802
15850,6932.386159,0.000000,55.000000,354.524791,0.000000,313.871866
15853,6932.386159,0.000000,55.000000,353.020613,0.000000,291.309192
15858,6932.386159,0.000000,55.000000,350.513649,0.000000,253.704735
15862,6932.386159,0.000000,55.000000,348.508078,0.000000,223.621170
15865,6932.386159,0.000000,55.000000,347.003900,0.000000,201.058496
15866,6932.386159,0.000000,55.000000,346.502507,0.000000,193.537604
15868,6932.386159,0.000000,55.000000,345.499721,0.000000,178.495822
15869,6932.386159,0.000000,55.000000,344.998329,0.000000,170.974930
15870,6932.386159,0.000000,55.000000,344.496936,0.000000,163.454039
15871,6932.386159,0.000000,55.000000,343.995543,0.000000,155.933148
15875,6932.386159,0.000000,55.000000,341.989972,0.000000,125.849582
15876,6932.386159,0.000000,55.000000,341.488579,0.000000,118.328691
15882,6932.386159,0.000000,55.000000,338.480223,0.000000,73.203343
15883,6932.386159,0.000000,55.000000,337.978830,0.000000,65.682451
15895,6932.386159,0.000000,55.000000,331.962117,0.000000,335.431755
15897,6932.386159,0.000000,55.000000,330.959331,0.000000,320.389972
15898,6932.386159,0.000000,55.000000,330.457939,0.000000,312.869081
15904,6932.386159,0.000000,55.000000,327.449582,0.000000,267.743733
15907,6932.386159,0.000000,55.000000,325.945404,0.000000,245.181058
15909,6932.386159,0.000000,55.000000,324.942618,0.000000,230.139276
15911,6932.386159,0.000000,55.000000,323.939833,0.000000,215.097493
15912,6932.386159,0.000000,55.000000,323.438440,0.000000,207.576602
15913,6932.386159,0.000000,55.000000,322.937047,0.000000,200.055710
15919,6932.386159,0.000000,55.000000,319.928691,0.000000,154.930362
15921,6932.386159,0.000000,55.000000,318.925905,0.000000,139.888579
15923,6932.386159,0.000000,55.000000,317.923120,0.000000,124.846797
15937,6932.386159,0.000000,55.000000,310.903621,0.000000,19.554318
15940,6932.386159,0.000000,55.000000,309.399443,0.000000,356.991643
15943,6932.386159,0.000000,55.000000,307.895265,0.000000,334.428969
15944,6932.386159,0.000000,55.000000,307.393872,0.000000,326.908078
15949,6932.386159,0.000000,55.000000,304.886908,0.000000,289.303621
15956,6932.386159,0.000000,55.000000,301.377159,0.000000,236.657382
15960,6932.386159,0.000000,55.000000,299.371588,0.000000,206.573816
15961,6932.386159,0.000000,55.000000,298.870195,0.000000,199.052925
15967,6932.386159,0.000000,55.000000,295.861838,0.000000,153.927577
15968,6932.386159,0.000000,55.000000,295.360446,0.000000,146.406685
15972,6932.386159,0.000000,55.000000,293.354875,0.000000,116.323120
15973,6932.386159,0.000000,55.000000,292.853482,0.000000,108.802228
15977,6932.386159,0.000000,55.000000,290.847911,0.000000,78.718663
15981,6932.386159,0.000000,55.000000,288.842340,0.000000,48.635097
15990,6932.386159,0.000000,55.000000,284.329805,0.000000,340.947075
15991,6932.386159,0.000000,55.000000,283.828412,0.000000,333.426184
15993,6932.386159,0.000000,55.000000,282.825627,0.000000,318.384401
15995,6932.386159,0.000000,55.000000,281.822841,0.000000,303.342618
15998,6932.386159,0.000000,55.000000,280.318663,0.000000,280.779944
16002,6932.386159,0.000000,55.000000,278.313092,0.000000,250.696379
16005,6932.386159,0.000000,55.000000,276.808914,0.000000,228.133705
16011,6932.386159,0.000000,55.000000,273.800557,0.000000,183.008357
16015,6932.386159,0.000000,55.000000,271.794986,0.000000,152.924791
16018,6932.386159,0.000000,55.000000,270.290808,0.000000,130.362117
16022,6932.386159,0.000000,55.000000,268.285237,0.000000,100.278552
16028,6932.386159,0.000000,55.000000,265.276880,0.000000,55.153203
16035,6932.386159,0.000000,55.000000,261.767131,0.000000,2.506964
16036,6932.386159,0.000000,55.000000,261.265738,0.000000,354.986072
16037,6932.386159,0.000000,55.000000,260.764345,0.000000,347.465181
16038,6932.386159,0.000000,55.000000,260.262953,0.000000,339.944290
16044,6932.386159,0.000000,55.000000,257.254596,0.000000,294.818942
16047,6932.386159,0.000000,55.000000,255.750418,0.000000,272.256267
16050,6932.386159,0.000000,55.000000,254.246240,0.000000,249.693593
16056,6932.386159,0.000000,55.000000,251.237883,0.000000,204.568245
16058,6932.386159,0.000000,55.000000,250.235097,0.000000,189.526462
16061,6932.386159,0.000000,55.000000,248.730919,0.000000,166.963788
16067,6932.386159,0.000000,55.000000,245.722563,0.000000,121.838440
16069,6932.386159,0.000000,55.000000,244.719777,0.000000,106.796657
16071,6932.386159,0.000000,55.000000,243.716992,0.000000,91.754875
16074,6932.386159,0.000000,55.000000,242.212813,0.000000,69.192201
16075,6932.386159,0.000000,55.000000,241.711421,0.000000,61.671309
16080,6932.386159,0.000000,55.000000,239.204457,0.000000,24.066852
16083,6932.386159,0.000000,55.000000,237.700279,0.000000,1.504178
16086,6932.386159,0.000000,55.000000,236.196100,0.000000,338.941504
16095,6932.386159,0.000000,55.000000,231.683565,0.000000,271.253482
16096,6932.386159,0.000000,55.000000,231.182173,0.000000,263.732591
16097,6932.386159,0.000000,55.000000,230.680780,0.000000,256.211699
16100,6932.386159,0.000000,55.000000,229.176602,0.000000,233.649025
16101,6932.386159,0.000000,55.000000,228.675209,0.000000,226.128134
16108,6932.386159,0.000000,55.000000,225.165460,0.000000,173.481894
16112,6932.386159,0.000000,55.000000,223.159889,0.000000,143.398329
16114,6932.386159,0.000000,55.000000,222.157103,0.000000,128.356546
16115,6932.386159,0.000000,55.000000,221.655710,0.000000,120.835655
16119,6932.386159,0.000000,55.000000,219.650139,0.000000,90.752089
16130,6932.386159,0.000000,55.000000,214.134819,0.000000,8.022284
16136,6932.386159,0.000000,55.000000,211.126462,0.000000,322.896936
16137,6932.386159,0.000000,55.000000,210.625070,0.000000,315.376045
16138,6932.386159,0.000000,55.000000,210.123677,0.000000,307.855153
16141,6932.386159,0.000000,55.000000,208.619499,0.000000,285.292479
16142,6932.386159,0.000000,55.000000,208.118106,0.000000,277.771588
16143,6932.386159,0.000000,55.000000,207.616713,0.000000,270.250696
16149,6932.386159,0.000000,55.000000,204.608357,0.000000,225.125348
16157,6932.386159,0.000000,55.000000,200.597214,0.000000,164.958217
16160,6932.386159,0.000000,55.000000,199.093036,0.000000,142.395543
16162,6932.386159,0.000000,55.000000,198.090251,0.000000,127.353760
16165,6932.386159,0.000000,55.000000,196.586072,0.000000,104.791086
16169,6932.386159,0.000000,55.000000,194.580501,0.000000,74.707521
16174,6932.386159,0.000000,55.000000,192.073538,0.000000,37.103064
16180,6932.386159,0.000000,55.000000,189.065181,0.000000,351.977716
16181,6932.386159,0.000000,55.000000,188.563788,0.000000,344.456825
16186,6932.386159,0.000000,55.000000,186.056825,0.000000,306.852368
16187,6932.386159,0.000000,55.000000,185.555432,0.000000,299.331476
16192,6932.386159,0.000000,55.000000,183.048468,0.000000,261.727019
16194,6932.386159,0.000000,55.000000,182.045682,0.000000,246.685237
16197,6932.386159,0.000000,55.000000,180.541504,0.000000,224.122563
16198,6932.386159,0.000000,55.000000,180.040111,0.000000,216.601671
16202,6932.386159,0.000000,55.000000,178.034540,0.000000,186.518106
16203,6932.386159,0.000000,55.000000,177.533148,0.000000,178.997214
16204,6932.386159,0.000000,55.000000,177.031755,0.000000,171.476323
16206,6932.386159,0.000000,55.000000,176.028969,0.000000,156.434540
16207,6932.386159,0.000000,55.000000,175.527577,0.000000,148.913649
16216,6932.386159,0.000000,55.000000,171.015042,0.000000,81.225627
16217,6932.386159,0.000000,55.000000,170.513649,0.000000,73.704735
16221,6932.386159,0.000000,55.000000,168.508078,0.000000,43.621170
16224,6932.386159,0.000000,55.000000,167.003900,0.000000,21.058496
16226,6932.386159,0.000000,55.000000,166.001114,0.000000,6.016713
16235,6932.386159,0.000000,55.000000,161.488579,0.000000,298.328691
16237,6932.386159,0.000000,55.000000,160.485794,0.000000,283.286908
16239,6932.386159,0.000000,55.000000,159.483008,0.000000,268.245125
16240,6932.386159,0.000000,55.000000,158.981616,0.000000,260.724234
16241,6932.386159,0.000000,55.000000,158.480223,0.000000,253.203343
16243,6932.386159,0.000000,55.000000,157.477437,0.000000,238.161560
16245,6932.386159,0.000000,55.000000,156.474652,0.000000,223.119777
16248,6932.386159,0.000000,55.000000,154.970474,0.000000,200.557103
16251,6932.386159,0.000000,55.000000,153.466295,0.000000,177.994429
16253,6932.386159,0.000000,55.000000,152.463510,0.000000,162.952646
16254,6932.386159,0.000000,55.000000,151.962117,0.000000,155.431755
16258,6932.386159,0.000000,55.000000,149.956546,0.000000,125.348189
16260,6932.386159,0.000000,55.000000,148.953760,0.000000,110.306407
16269,6932.386159,0.000000,55.000000,144.441226,0.000000,42.618384
16270,6932.386159,0.000000,55.000000,143.939833,0.000000,35.097493
16272,6932.386159,0.000000,55.000000,142.937047,0.000000,20.055710
16280,6932.386159,0.000000,55.000000,138.925905,0.000000,319.888579
16282,6932.386159,0.000000,55.000000,137.923120,0.000000,304.846797
16284,6932.386159,0.000000,55.000000,136.920334,0.000000,289.805014
16286,6932.386159,0.000000,55.000000,135.917549,0.000000,274.763231
16288,6932.386159,0.000000,55.000000,134.914763,0.000000,259.721448
16289,6932.386159,0.000000,55.000000,134.413370,0.000000,252.200557
16291,6932.386159,0.000000,55.000000,133.410585,0.000000,237.158774
16296,6932.386159,0.000000,55.000000,130.903621,0.000000,199.554318
16298,6932.386159,0.000000,55.000000,129.900836,0.000000,184.512535
16299,6932.386159,0.000000,55.000000,129.399443,0.000000,176.991643
16300,6932.386159,0.000000,55.000000,128.898050,0.000000,169.470752
16301,6932.386159,0.000000,55.000000,128.396657,0.000000,161.949861
16304,6932.386159,0.000000,55.000000,126.892479,0.000000,139.387187
16305,6932.386159,0.000000,55.000000,126.391086,0.000000,131.866295
16310,6932.386159,0.000000,55.000000,123.884123,0.000000,94.261838
16313,6932.386159,0.000000,55.000000,122.379944,0.000000,71.699164
16320,6932.386159,0.000000,55.000000,118.870195,0.000000,19.052925
16321,6932.386159,0.000000,55.000000,118.368802,0.000000,11.532033
16326,6932.386159,0.000000,55.000000,115.861838,0.000000,333.927577
16329,6932.386159,0.000000,55.000000,114.357660,0.000000,311.364903
16330,6932.386159,0.000000,55.000000,113.856267,0.000000,303.844011
16331,6932.386159,0.000000,55.000000,113.354875,0.000000,296.323120
16332,6932.386159,0.000000,55.000000,112.853482,0.000000,288.802228
16342,6932.386159,0.000000,55.000000,107.839554,0.000000,213.593315
16344,6932.386159,0.000000,55.000000,106.836769,0.000000,198.551532
16345,6932.386159,0.000000,55.000000,106.335376,0.000000,191.030641
16347,6932.386159,0.000000,55.000000,105.332591,0.000000,175.988858
16357,6932.386159,0.000000,55.000000,100.318663,0.000000,100.779944
16361,6932.386159,0.000000,55.000000,98.313092,0.000000,70.696379
16366,6932.386159,0.000000,55.000000,95.806128,0.000000,33.091922
16368,6932.386159,0.000000,55.000000,94.803343,0.000000,18.050139
16369,6932.386159,0.000000,55.000000,94.301950,0.000000,10.529248
16370,6932.386159,0.000000,55.000000,93.800557,0.000000,3.008357
16374,6932.386159,0.000000,55.000000,91.794986,0.000000,332.924791
16375,6932.386159,0.000000,55.000000,91.293593,0.000000,325.403900
16376,6932.386159,0.000000,55.000000,90.792201,0.000000,317.883008
16377,6932.386159,0.000000,55.000000,90.290808,0.000000,310.362117
16380,6932.386159,0.000000,55.000000,88.786630,0.000000,287.799443
16382,6932.386159,0.000000,55.000000,87.783844,0.000000,272.757660
16384,6932.386159,0.000000,55.000000,86.781058,0.000000,257.715877
16386,6932.386159,0.000000,55.000000,85.778273,0.000000,242.674095
16387,6932.386159,0.000000,55.000000,85.276880,0.000000,235.153203
16388,6932.386159,0.000000,55.000000,84.775487,0.000000,227.632312
16389,6932.386159,0.000000,55.000000,84.274095,0.000000,220.111421
16390,6932.386159,0.000000,55.000000,83.772702,0.000000,212.590529
16392,6932.386159,0.000000,55.000000,82.769916,0.000000,197.548747
16403,6932.386159,0.000000,55.000000,77.254596,0.000000,114.818942
16405,6932.386159,0.000000,55.000000,76.251811,0.000000,99.777159
16406,6932.386159,0.000000,55.000000,75.750418,0.000000,92.256267
16411,6932.386159,0.000000,55.000000,73.243454,0.000000,54.651811
16412,6932.386159,0.000000,55.000000,72.742061,0.000000,47.130919
16415,6932.386159,0.000000,55.000000,71.237883,0.000000,24.568245
16418,6932.386159,0.000000,55.000000,69.733705,0.000000,2.005571
16419,6932.386159,0.000000,55.000000,69.232312,0.000000,354.484680
16425,6932.386159,0.000000,55.000000,66.223955,0.000000,309.359331
16426,6932.386159,0.000000,55.000000,65.722563,0.000000,301.838440
16427,6932.386159,0.000000,55.000000,65.221170,0.000000,294.317549
16428,6932.386159,0.000000,55.000000,64.719777,0.000000,286.796657
16430,6932.386159,0.000000,55.000000,63.716992,0.000000,271.754875
16431,6932.386159,0.000000,55.000000,63.215599,0.000000,264.233983
16433,6932.386159,0.000000,55.000000,62.212813,0.000000,249.192201
16436,6932.386159,0.000000,55.000000,60.708635,0.000000,226.629526
16447,6932.386159,0.000000,55.000000,55.193315,0.000000,143.899721
16448,6932.386159,0.000000,55.000000,54.691922,0.000000,136.378830
16449,6932.386159,0.000000,55.000000,54.190529,0.000000,128.857939
16451,6932.386159,0.000000,55.000000,53.187744,0.000000,113.816156
16453,6932.386159,0.000000,55.000000,52.184958,0.000000,98.774373
16455,6932.386159,0.000000,55.000000,51.182173,0.000000,83.732591
16458,6932.386159,0.000000,55.000000,49.677994,0.000000,61.169916
16460,6932.386159,0.000000,55.000000,48.675209,0.000000,46.128134
16461,6932.386159,0.000000,55.000000,48.173816,0.000000,38.607242
16465,6932.386159,0.000000,55.000000,46.168245,0.000000,8.523677
16466,6932.386159,0.000000,55.000000,45.666852,0.000000,1.002786
16468,6932.386159,0.000000,55.000000,44.664067,0.000000,345.961003
16472,6932.386159,0.000000,55.000000,42.658496,0.000000,315.877437
16474,6932.386159,0.000000,55.000000,41.655710,0.000000,300.835655
16475,6932.386159,0.000000,55.000000,41.154318,0.000000,293.314763
16482,6932.386159,0.000000,55.000000,37.644568,0.000000,240.668524
16483,6932.386159,0.000000,55.000000,37.143175,0.000000,233.147632
16485,6932.386159,0.000000,55.000000,36.140390,0.000000,218.105850
16487,6932.386159,0.000000,55.000000,35.137604,0.000000,203.064067
16490,6932.386159,0.000000,55.000000,33.633426,0.000000,180.501393
16491,6932.386159,0.000000,55.000000,33.132033,0.000000,172.980501
16495,6932.386159,0.000000,55.000000,31.126462,0.000000,142.896936
16496,6932.386159,0.000000,55.000000,30.625070,0.000000,135.376045
16497,6932.386159,0.000000,55.000000,30.123677,0.000000,127.855153
16498,6932.386159,0.000000,55.000000,29.622284,0.000000,120.334262
16499,6932.386159,0.000000,55.000000,29.120891,0.000000,112.813370
16501,6932.386159,0.000000,55.000000,28.118106,0.000000,97.771588
16502,6932.386159,0.000000,55.000000,27.616713,0.000000,90.250696
16510,6932.386159,0.000000,55.000000,23.605571,0.000000,30.083565
16512,6932.386159,0.000000,55.000000,22.602786,0.000000,15.041783
16513,6932.386159,0.000000,55.000000,22.101393,0.000000,7.520891
16704,6932.386159,0.000000,56.000000,286.335376,0.000000,11.030641
16811,6932.386159,0.000000,56.000000,232.686351,0.000000,286.295265
16989,6932.386159,0.000000,56.000000,143.438440,0.000000,27.576602
17263,6932.386159,0.000000,32.000000,6.056825,0.000000,126.852368
17328,6932.386159,0.000000,32.000000,333.466295,0.000000,357.994429
17445,6932.386159,0.000000,32.000000,274.803343,0.000000,198.050139
17795,6932.386159,0.000000,32.000000,99.315877,0.000000,85.738162
18053,6932.386159,0.000000,57.000000,329.956546,0.000000,305.348189
18102,6932.386159,0.000000,57.000000,305.388301,0.000000,296.824513
18256,6932.386159,0.000000,57.000000,228.173816,0.000000,218.607242
18261,6932.386159,0.000000,57.000000,225.666852,0.000000,181.002786
18286,6932.386159,0.000000,57.000000,213.132033,0.000000,352.980501
18558,6932.386159,0.000000,57.000000,76.753203,0.000000,107.298050
18632,6932.386159,0.000000,57.000000,39.650139,0.000000,270.752089
18683,6932.386159,0.000000,58.000000,9.279109,0.000000,247.186630
18881,6932.386159,0.000000,58.000000,270.003343,0.000000,198.050139
18912,6932.386159,0.000000,58.000000,254.460167,0.000000,324.902507
19206,6932.386159,0.000000,58.000000,107.050696,0.000000,273.760446
19302,6932.386159,0.000000,58.000000,58.916992,0.000000,271.754875
19444,6932.386159,0.000000,59.000000,347.719220,0.000000,283.788301
19508,6932.386159,0.000000,59.000000,315.630084,0.000000,162.451253
19526,6932.386159,0.000000,59.000000,306.605014,0.000000,27.075209
19883,6932.386159,0.000000,59.000000,127.607799,0.000000,222.116992
19962,6932.386159,0.000000,59.000000,87.997772,0.000000,347.966574
19983,6932.386159,0.000000,59.000000,77.468524,0.000000,190.027855
20012,6932.386159,0.000000,59.000000,62.928134,0.000000,331.922006
20069,6932.386159,0.000000,59.000000,34.348747,0.000000,263.231198
20144,6932.386159,0.000000,31.000000,344.744290,0.000000,59.164345
20164,6932.386159,0.000000,31.000000,334.716435,0.000000,268.746518
20180,6932.386159,0.000000,31.000000,326.694150,0.000000,148.412256
20196,6932.386159,0.000000,31.000000,318.671866,0.000000,28.077994
20255,6932.386159,0.000000,31.000000,289.089694,0.000000,304.345404
20345,6932.386159,0.000000,31.000000,243.964345,0.000000,347.465181
20347,6932.386159,0.000000,31.000000,242.961560,0.000000,332.423398
20390,6932.386159,0.000000,31.000000,221.401671,0.000000,9.025070
20399,6932.386159,0.000000,31.000000,216.889136,0.000000,301.337047
21297,6932.386159,0.000000,60.000000,138.638440,0.000000,27.576602
21321,6932.386159,0.000000,60.000000,126.605014,0.000000,207.075209
21833,6932.386159,0.000000,61.000000,229.891922,0.000000,316.378830
22031,6932.386159,0.000000,61.000000,130.616156,0.000000,267.242340
22036,6932.386159,0.000000,61.000000,128.109192,0.000000,229.637883
22179,6932.386159,0.000000,61.000000,56.410028,0.000000,234.150418
22306,6932.386159,0.000000,62.000000,352.733148,0.000000,358.997214
22634,6932.386159,0.000000,62.000000,188.276323,0.000000,52.144847
22732,6932.386159,0.000000,62.000000,139.139833,0.000000,35.097493
22756,6932.386159,0.000000,62.000000,127.106407,0.000000,214.596100
22891,6932.386159,0.000000,62.000000,59.418384,0.000000,279.275766
22970,6932.386159,0.000000,62.000000,19.808357,0.000000,45.125348
23094,6932.386159,0.000000,63.000000,315.235655,0.000000,192.534819
23128,6932.386159,0.000000,63.000000,298.188301,0.000000,296.824513
23139,6932.386159,0.000000,63.000000,292.672981,0.000000,214.094708
23162,6932.386159,0.000000,63.000000,281.140947,0.000000,41.114206
23183,6932.386159,0.000000,63.000000,270.611699,0.000000,243.175487
23200,6932.386159,0.000000,63.000000,262.088022,0.000000,115.320334
23225,6932.386159,0.000000,63.000000,249.553203,0.000000,287.298050
23243,6932.386159,0.000000,63.000000,240.528134,0.000000,151.922006
23244,6932.386159,0.000000,63.000000,240.026741,0.000000,144.401114
23268,6932.386159,0.000000,63.000000,227.993315,0.000000,323.899721
23285,6932.386159,0.000000,63.000000,219.469638,0.000000,196.044568
23303,6932.386159,0.000000,63.000000,210.444568,0.000000,60.668524
23314,6932.386159,0.000000,63.000000,204.929248,0.000000,337.938719
23323,6932.386159,0.000000,63.000000,200.416713,0.000000,270.250696
23326,6932.386159,0.000000,63.000000,198.912535,0.000000,247.688022
23346,6932.386159,0.000000,63.000000,188.884680,0.000000,97.270195
23362,6932.386159,0.000000,63.000000,180.862396,0.000000,336.935933
23365,6932.386159,0.000000,63.000000,179.358217,0.000000,314.373259
23384,6932.386159,0.000000,63.000000,169.831755,0.000000,171.476323
23385,6932.386159,0.000000,63.000000,169.330362,0.000000,163.955432
23410,6932.386159,0.000000,63.000000,156.795543,0.000000,335.933148
23411,6932.386159,0.000000,63.000000,156.294150,0.000000,328.412256
23456,6932.386159,0.000000,63.000000,133.731476,0.000000,349.972145
23487,6932.386159,0.000000,63.000000,118.188301,0.000000,116.824513
23505,6932.386159,0.000000,63.000000,109.163231,0.000000,341.448468
23517,6932.386159,0.000000,63.000000,103.146518,0.000000,251.197772
23558,6932.386159,0.000000,63.000000,82.589415,0.000000,302.841226
23576,6932.386159,0.000000,63.000000,73.564345,0.000000,167.465181
23622,6932.386159,0.000000,63.000000,50.500279,0.000000,181.504178
23649,6932.386159,0.000000,63.000000,36.962674,0.000000,338.440111
23743,6932.386159,0.000000,30.000000,349.831755,0.000000,351.476323
23814,6932.386159,0.000000,30.000000,314.232869,0.000000,177.493036
23822,6932.386159,0.000000,30.000000,310.221727,0.000000,117.325905
23826,6932.386159,0.000000,30.000000,308.216156,0.000000,87.242340
23862,6932.386159,0.000000,30.000000,290.166017,0.000000,176.490251
23868,6932.386159,0.000000,30.000000,287.157660,0.000000,131.364903
23894,6932.386159,0.000000,30.000000,274.121448,0.000000,295.821727
23916,6932.386159,0.000000,30.000000,263.090808,0.000000,130.362117
23961,6932.386159,0.000000,30.000000,240.528134,0.000000,151.922006
23982,6932.386159,0.000000,30.000000,229.998886,0.000000,353.983287
23990,6932.386159,0.000000,30.000000,225.987744,0.000000,293.816156
24017,6932.386159,0.000000,30.000000,212.450139,0.000000,90.752089
24099,6932.386159,0.000000,30.000000,171.335933,0.000000,194.038997
24157,6932.386159,0.000000,30.000000,142.255153,0.000000,117.827298
24178,6932.386159,0.000000,30.000000,131.725905,0.000000,319.888579
24248,6932.386159,0.000000,30.000000,96.628412,0.000000,153.426184
24310,6932.386159,0.000000,30.000000,65.542061,0.000000,47.130919
24339,6932.386159,0.000000,30.000000,51.001671,0.000000,189.025070
24355,6932.386159,0.000000,30.000000,42.979387,0.000000,68.690808
24378,6932.386159,0.000000,30.000000,31.447354,0.000000,255.710306
24387,6932.386159,0.000000,30.000000,26.934819,0.000000,188.022284
24408,6932.386159,0.000000,30.000000,16.405571,0.000000,30.083565
24409,6932.386159,0.000000,30.000000,15.904178,0.000000,22.562674
24431,6932.386159,0.000000,64.000000,7.273538,0.000000,217.103064
24496,6932.386159,0.000000,64.000000,334.683008,0.000000,88.245125
24539,6932.386159,0.000000,64.000000,313.123120,0.000000,124.846797
24551,6932.386159,0.000000,64.000000,307.106407,0.000000,34.596100
24681,6932.386159,0.000000,64.000000,241.925348,0.000000,136.880223
24691,6932.386159,0.000000,64.000000,236.911421,0.000000,61.671309
24703,6932.386159,0.000000,64.000000,230.894708,0.000000,331.420613
24848,6932.386159,0.000000,64.000000,158.192758,0.000000,320.891365
24851,6932.386159,0.000000,64.000000,156.688579,0.000000,298.328691
24898,6932.386159,0.000000,64.000000,133.123120,0.000000,304.846797
24921,6932.386159,0.000000,64.000000,121.591086,0.000000,131.866295
24949,6932.386159,0.000000,64.000000,107.552089,0.000000,281.281337
24968,6932.386159,0.000000,64.000000,98.025627,0.000000,138.384401
24996,6932.386159,0.000000,64.000000,83.986630,0.000000,287.799443
25070,6932.386159,0.000000,64.000000,46.883565,0.000000,91.253482
25080,6932.386159,0.000000,64.000000,41.869638,0.000000,16.044568
25137,6932.386159,0.000000,65.000000,8.490251,0.000000,307.353760
25191,6932.386159,0.000000,65.000000,341.415042,0.000000,261.225627
25193,6932.386159,0.000000,65.000000,340.412256,0.000000,246.183844
25238,6932.386159,0.000000,65.000000,317.849582,0.000000,267.743733
25291,6932.386159,0.000000,65.000000,291.275766,0.000000,229.136490
25321,6932.386159,0.000000,65.000000,276.233983,0.000000,3.509749
25322,6932.386159,0.000000,65.000000,275.732591,0.000000,355.988858
25333,6932.386159,0.000000,65.000000,270.217270,0.000000,273.259053
25385,6932.386159,0.000000,65.000000,244.144847,0.000000,242.172702
25433,6932.386159,0.000000,65.000000,220.077994,0.000000,241.169916
25455,6932.386159,0.000000,65.000000,209.047354,0.000000,75.710306
25484,6932.386159,0.000000,65.000000,194.506964,0.000000,217.604457
25523,6932.386159,0.000000,65.000000,174.952646,0.000000,284.289694
25567,6932.386159,0.000000,65.000000,152.891365,0.000000,313.370474
25592,6932.386159,0.000000,65.000000,140.356546,0.000000,125.348189
25756,6932.386159,0.000000,65.000000,58.128134,0.000000,331.922006
25809,6932.386159,0.000000,65.000000,31.554318,0.000000,293.314763
25843,6932.386159,0.000000,65.000000,14.506964,0.000000,37.604457
27671,6932.386159,0.000000,69.000000,170.761003,0.000000,329.415042
28038,6932.386159,0.000000,73.000000,346.749861,0.000000,89.247911
28194,6932.386159,0.000000,73.000000,268.532591,0.000000,355.988858
28724,6932.386159,0.000000,74.000000,2.794429,0.000000,329.916435
28975,6932.386159,0.000000,74.000000,236.944847,0.000000,242.172702
29368,6932.386159,0.000000,74.000000,39.897493,0.000000,166.462396
30277,6932.386159,0.000000,67.000000,308.931476,0.000000,169.972145
30422,6932.386159,0.000000,67.000000,236.229526,0.000000,159.442897
30606,6932.386159,0.000000,67.000000,143.973259,0.000000,215.598886
30647,6932.386159,0.000000,67.000000,123.416156,0.000000,267.242340
30696,6932.386159,0.000000,67.000000,98.847911,0.000000,258.718663
30794,6932.386159,0.000000,67.000000,49.711421,0.000000,241.671309
31330,6932.386159,0.000000,68.000000,136.164903,0.000000,170.473538
31642,6932.386159,0.000000,75.000000,337.330362,0.000000,343.955432
31868,6932.386159,0.000000,75.000000,224.015599,0.000000,84.233983
32434,6932.386159,0.000000,72.000000,300.227298,0.000000,147.409471
32507,6932.386159,0.000000,72.000000,263.625627,0.000000,318.384401
32600,6932.386159,0.000000,72.000000,216.996100,0.000000,338.941504
32633,6932.386159,0.000000,72.000000,200.450139,0.000000,90.752089
32695,6932.386159,0.000000,72.000000,169.363788,0.000000,344.456825
32830,6932.386159,0.000000,72.000000,101.675766,0.000000,49.136490
32896,6932.386159,0.000000,72.000000,68.583844,0.000000,272.757660
32912,6932.386159,0.000000,72.000000,60.561560,0.000000,152.423398
33178,6932.386159,0.000000,76.000000,287.191086,0.000000,311.866295
33982,6932.386159,0.000000,77.000000,244.071309,0.000000,25.069638
34428,6932.386159,0.000000,77.000000,20.450139,0.000000,270.752089
34465,6932.386159,0.000000,29.000000,359.498607,0.000000,352.479109
34468,6932.386159,0.000000,29.000000,357.994429,0.000000,329.916435
34469,6932.386159,0.000000,29.000000,357.493036,0.000000,322.395543
34471,6932.386159,0.000000,29.000000,356.490251,0.000000,307.353760
34472,6932.386159,0.000000,29.000000,355.988858,0.000000,299.832869
34473,6932.386159,0.000000,29.000000,355.487465,0.000000,292.311978
34474,6932.386159,0.000000,29.000000,354.986072,0.000000,284.791086
34475,6932.386159,0.000000,29.000000,354.484680,0.000000,277.270195
34476,6932.386159,0.000000,29.000000,353.983287,0.000000,269.749304
34479,6932.386159,0.000000,29.000000,352.479109,0.000000,247.186630
34481,6932.386159,0.000000,29.000000,351.476323,0.000000,232.144847
34482,6932.386159,0.000000,29.000000,350.974930,0.000000,224.623955
34483,6932.386159,0.000000,29.000000,350.473538,0.000000,217.103064
34484,6932.386159,0.000000,29.000000,349.972145,0.000000,209.582173
34485,6932.386159,0.000000,29.000000,349.470752,0.000000,202.061281
34486,6932.386159,0.000000,29.000000,348.969359,0.000000,194.540390
34487,6932.386159,0.000000,29.000000,348.467967,0.000000,187.019499
34488,6932.386159,0.000000,29.000000,347.966574,0.000000,179.498607
34489,6932.386159,0.000000,29.000000,347.465181,0.000000,171.977716
34490,6932.386159,0.000000,29.000000,346.963788,0.000000,164.456825
34491,6932.386159,0.000000,29.000000,346.462396,0.000000,156.935933
34492,6932.386159,0.000000,29.000000,345.961003,0.000000,149.415042
34493,6932.386159,0.000000,29.000000,345.459610,0.000000,141.894150
34495,6932.386159,0.000000,29.000000,344.456825,0.000000,126.852368
34496,6932.386159,0.000000,29.000000,343.955432,0.000000,119.331476
34497,6932.386159,0.000000,29.000000,343.454039,0.000000,111.810585
34498,6932.386159,0.000000,29.000000,342.952646,0.000000,104.289694
34499,6932.386159,0.000000,29.000000,342.451253,0.000000,96.768802
34500,6932.386159,0.000000,29.000000,341.949861,0.000000,89.247911
34501,6932.386159,0.000000,29.000000,341.448468,0.000000,81.727019
34505,6932.386159,0.000000,29.000000,339.442897,0.000000,51.643454
34506,6932.386159,0.000000,29.000000,338.941504,0.000000,44.122563
34507,6932.386159,0.000000,29.000000,338.440111,0.000000,36.601671
34508,6932.386159,0.000000,29.000000,337.938719,0.000000,29.080780
34509,6932.386159,0.000000,29.000000,337.437326,0.000000,21.559889
34511,6932.386159,0.000000,29.000000,336.434540,0.000000,6.518106
34513,6932.386159,0.000000,29.000000,335.431755,0.000000,351.476323
34514,6932.386159,0.000000,29.000000,334.930362,0.000000,343.955432
34515,6932.386159,0.000000,29.000000,334.428969,0.000000,336.434540
34516,6932.386159,0.000000,29.000000,333.927577,0.000000,328.913649
34518,6932.386159,0.000000,29.000000,332.924791,0.000000,313.871866
34519,6932.386159,0.000000,29.000000,332.423398,0.000000,306.350975
34520,6932.386159,0.000000,29.000000,331.922006,0.000000,298.830084
34521,6932.386159,0.000000,29.000000,331.420613,0.000000,291.309192
34523,6932.386159,0.000000,29.000000,330.417827,0.000000,276.267409
34525,6932.386159,0.000000,29.000000,329.415042,0.000000,261.225627
34526,6932.386159,0.000000,29.000000,328.913649,0.000000,253.704735
34528,6932.386159,0.000000,29.000000,327.910864,0.000000,238.662953
34529,6932.386159,0.000000,29.000000,327.409471,0.000000,231.142061
34530,6932.386159,0.000000,29.000000,326.908078,0.000000,223.621170
34532,6932.386159,0.000000,29.000000,325.905292,0.000000,208.579387
34534,6932.386159,0.000000,29.000000,324.902507,0.000000,193.537604
34535,6932.386159,0.000000,29.000000,324.401114,0.000000,186.016713
34538,6932.386159,0.000000,29.000000,322.896936,0.000000,163.454039
34540,6932.386159,0.000000,29.000000,321.894150,0.000000,148.412256
34541,6932.386159,0.000000,29.000000,321.392758,0.000000,140.891365
34542,6932.386159,0.000000,29.000000,320.891365,0.000000,133.370474
34543,6932.386159,0.000000,29.000000,320.389972,0.000000,125.849582
34544,6932.386159,0.000000,29.000000,319.888579,0.000000,118.328691
34546,6932.386159,0.000000,29.000000,318.885794,0.000000,103.286908
34547,6932.386159,0.000000,29.000000,318.384401,0.000000,95.766017
34548,6932.386159,0.000000,29.000000,317.883008,0.000000,88.245125
34550,6932.386159,0.000000,29.000000,316.880223,0.000000,73.203343
34552,6932.386159,0.000000,29.000000,315.877437,0.000000,58.161560
34553,6932.386159,0.000000,29.000000,315.376045,0.000000,50.640669
34554,6932.386159,0.000000,29.000000,314.874652,0.000000,43.119777
34555,6932.386159,0.000000,29.000000,314.373259,0.000000,35.598886
34557,6932.386159,0.000000,29.000000,313.370474,0.000000,20.557103
34559,6932.386159,0.000000,29.000000,312.367688,0.000000,5.515320
34560,6932.386159,0.000000,29.000000,311.866295,0.000000,357.994429
34561,6932.386159,0.000000,29.000000,311.364903,0.000000,350.473538
34562,6932.386159,0.000000,29.000000,310.863510,0.000000,342.952646
34563,6932.386159,0.000000,29.000000,310.362117,0.000000,335.431755
34564,6932.386159,0.000000,29.000000,309.860724,0.000000,327.910864
34565,6932.386159,0.000000,29.000000,309.359331,0.000000,320.389972
34566,6932.386159,0.000000,29.000000,308.857939,0.000000,312.869081
34567,6932.386159,0.000000,29.000000,308.356546,0.000000,305.348189
34568,6932.386159,0.000000,29.000000,307.855153,0.000000,297.827298
34570,6932.386159,0.000000,29.000000,306.852368,0.000000,282.785515
34571,6932.386159,0.000000,29.000000,306.350975,0.000000,275.264624
34572,6932.386159,0.000000,29.000000,305.849582,0.000000,267.743733
34573,6932.386159,0.000000,29.000000,305.348189,0.000000,260.222841
34575,6932.386159,0.000000,29.000000,304.345404,0.000000,245.181058
34576,6932.386159,0.000000,29.000000,303.844011,0.000000,237.660167
34577,6932.386159,0.000000,29.000000,303.342618,0.000000,230.139276
34578,6932.386159,0.000000,29.000000,302.841226,0.000000,222.618384
34580,6932.386159,0.000000,29.000000,301.838440,0.000000,207.576602
34581,6932.386159,0.000000,29.000000,301.337047,0.000000,200.055710
34582,6932.386159,0.000000,29.000000,300.835655,0.000000,192.534819
34584,6932.386159,0.000000,29.000000,299.832869,0.000000,177.493036
34587,6932.386159,0.000000,29.000000,298.328691,0.000000,154.930362
34588,6932.386159,0.000000,29.000000,297.827298,0.000000,147.409471
34589,6932.386159,0.000000,29.000000,297.325905,0.000000,139.888579
34590,6932.386159,0.000000,29.000000,296.824513,0.000000,132.367688
34592,6932.386159,0.000000,29.000000,295.821727,0.000000,117.325905
34593,6932.386159,0.000000,29.000000,295.320334,0.000000,109.805014
34595,6932.386159,0.000000,29.000000,294.317549,0.000000,94.763231
34597,6932.386159,0.000000,29.000000,293.314763,0.000000,79.721448
34600,6932.386159,0.000000,29.000000,291.810585,0.000000,57.158774
34601,6932.386159,0.000000,29.000000,291.309192,0.000000,49.637883
34602,6932.386159,0.000000,29.000000,290.807799,0.000000,42.116992
34603,6932.386159,0.000000,29.000000,290.306407,0.000000,34.596100
34604,6932.386159,0.000000,29.000000,289.805014,0.000000,27.075209
34605,6932.386159,0.000000,29.000000,289.303621,0.000000,19.554318
34606,6932.386159,0.000000,29.000000,288.802228,0.000000,12.033426
34607,6932.386159,0.000000,29.000000,288.300836,0.000000,4.512535
34609,6932.386159,0.000000,29.000000,287.298050,0.000000,349.470752
34610,6932.386159,0.000000,29.000000,286.796657,0.000000,341.949861
34611,6932.386159,0.000000,29.000000,286.295265,0.000000,334.428969
34612,6932.386159,0.000000,29.000000,285.793872,0.000000,326.908078
34616,6932.386159,0.000000,29.000000,283.788301,0.000000,296.824513
34617,6932.386159,0.000000,29.000000,283.286908,0.000000,289.303621
34619,6932.386159,0.000000,29.000000,282.284123,0.000000,274.261838
34620,6932.386159,0.000000,29.000000,281.782730,0.000000,266.740947
34621,6932.386159,0.000000,29.000000,281.281337,0.000000,259.220056
34622,6932.386159,0.000000,29.000000,280.779944,0.000000,251.699164
34623,6932.386159,0.000000,29.000000,280.278552,0.000000,244.178273
34624,6932.386159,0.000000,29.000000,279.777159,0.000000,236.657382
34625,6932.386159,0.000000,29.000000,279.275766,0.000000,229.136490
34626,6932.386159,0.000000,29.000000,278.774373,0.000000,221.615599
34627,6932.386159,0.000000,29.000000,278.272981,0.000000,214.094708
34630,6932.386159,0.000000,29.000000,276.768802,0.000000,191.532033
34631,6932.386159,0.000000,29.000000,276.267409,0.000000,184.011142
34632,6932.386159,0.000000,29.000000,275.766017,0.000000,176.490251
34633,6932.386159,0.000000,29.000000,275.264624,0.000000,168.969359
34634,6932.386159,0.000000,29.000000,274.763231,0.000000,161.448468
34635,6932.386159,0.000000,29.000000,274.261838,0.000000,153.927577
34636,6932.386159,0.000000,29.000000,273.760446,0.000000,146.406685
34638,6932.386159,0.000000,29.000000,272.757660,0.000000,131.364903
34641,6932.386159,0.000000,29.000000,271.253482,0.000000,108.802228
34642,6932.386159,0.000000,29.000000,270.752089,0.000000,101.281337
34643,6932.386159,0.000000,29.000000,270.250696,0.000000,93.760446
34644,6932.386159,0.000000,29.000000,269.749304,0.000000,86.239554
34645,6932.386159,0.000000,29.000000,269.247911,0.000000,78.718663
34646,6932.386159,0.000000,29.000000,268.746518,0.000000,71.197772
34647,6932.386159,0.000000,29.000000,268.245125,0.000000,63.676880
34648,6932.386159,0.000000,29.000000,267.743733,0.000000,56.155989
34650,6932.386159,0.000000,29.000000,266.740947,0.000000,41.114206
34652,6932.386159,0.000000,29.000000,265.738162,0.000000,26.072423
34653,6932.386159,0.000000,29.000000,265.236769,0.000000,18.551532
34654,6932.386159,0.000000,29.000000,264.735376,0.000000,11.030641
34655,6932.386159,0.000000,29.000000,264.233983,0.000000,3.509749
34656,6932.386159,0.000000,29.000000,263.732591,0.000000,355.988858
34657,6932.386159,0.000000,29.000000,263.231198,0.000000,348.467967
34658,6932.386159,0.000000,29.000000,262.729805,0.000000,340.947075
34659,6932.386159,0.000000,29.000000,262.228412,0.000000,333.426184
34660,6932.386159,0.000000,29.000000,261.727019,0.000000,325.905292
34661,6932.386159,0.000000,29.000000,261.225627,0.000000,318.384401
34662,6932.386159,0.000000,29.000000,260.724234,0.000000,310.863510
34664,6932.386159,0.000000,29.000000,259.721448,0.000000,295.821727
34665,6932.386159,0.000000,29.000000,259.220056,0.000000,288.300836
34667,6932.386159,0.000000,29.000000,258.217270,0.000000,273.259053
34668,6932.386159,0.000000,29.000000,257.715877,0.000000,265.738162
34669,6932.386159,0.000000,29.000000,257.214485,0.000000,258.217270
34671,6932.386159,0.000000,29.000000,256.211699,0.000000,243.175487
34672,6932.386159,0.000000,29.000000,255.710306,0.000000,235.654596
34673,6932.386159,0.000000,29.000000,255.208914,0.000000,228.133705
34674,6932.386159,0.000000,29.000000,254.707521,0.000000,220.612813
34676,6932.386159,0.000000,29.000000,253.704735,0.000000,205.571031
34677,6932.386159,0.000000,29.000000,253.203343,0.000000,198.050139
34679,6932.386159,0.000000,29.000000,252.200557,0.000000,183.008357
34680,6932.386159,0.000000,29.000000,251.699164,0.000000,175.487465
34681,6932.386159,0.000000,29.000000,251.197772,0.000000,167.966574
34682,6932.386159,0.000000,29.000000,250.696379,0.000000,160.445682
34683,6932.386159,0.000000,29.000000,250.194986,0.000000,152.924791
34685,6932.386159,0.000000,29.000000,249.192201,0.000000,137.883008
34686,6932.386159,0.000000,29.000000,248.690808,0.000000,130.362117
34687,6932.386159,0.000000,29.000000,248.189415,0.000000,122.841226
34689,6932.386159,0.000000,29.000000,247.186630,0.000000,107.799443
34690,6932.386159,0.000000,29.000000,246.685237,0.000000,100.278552
34691,6932.386159,0.000000,29.000000,246.183844,0.000000,92.757660
34692,6932.386159,0.000000,29.000000,245.682451,0.000000,85.236769
34693,6932.386159,0.000000,29.000000,245.181058,0.000000,77.715877
34694,6932.386159,0.000000,29.000000,244.679666,0.000000,70.194986
34695,6932.386159,0.000000,29.000000,244.178273,0.000000,62.674095
34696,6932.386159,0.000000,29.000000,243.676880,0.000000,55.153203
34697,6932.386159,0.000000,29.000000,243.175487,0.000000,47.632312
34698,6932.386159,0.000000,29.000000,242.674095,0.000000,40.111421
34699,6932.386159,0.000000,29.000000,242.172702,0.000000,32.590529
34700,6932.386159,0.000000,29.000000,241.671309,0.000000,25.069638
34703,6932.386159,0.000000,29.000000,240.167131,0.000000,2.506964
34706,6932.386159,0.000000,29.000000,238.662953,0.000000,339.944290
34708,6932.386159,0.000000,29.000000,237.660167,0.000000,324.902507
34709,6932.386159,0.000000,29.000000,237.158774,0.000000,317.381616
34711,6932.386159,0.000000,29.000000,236.155989,0.000000,302.339833
34712,6932.386159,0.000000,29.000000,235.654596,0.000000,294.818942
34714,6932.386159,0.000000,29.000000,234.651811,0.000000,279.777159
34716,6932.386159,0.000000,29.000000,233.649025,0.000000,264.735376
34717,6932.386159,0.000000,29.000000,233.147632,0.000000,257.214485
34718,6932.386159,0.000000,29.000000,232.646240,0.000000,249.693593
34719,6932.386159,0.000000,29.000000,232.144847,0.000000,242.172702
34720,6932.386159,0.000000,29.000000,231.643454,0.000000,234.651811
34721,6932.386159,0.000000,29.000000,231.142061,0.000000,227.130919
34722,6932.386159,0.000000,29.000000,230.640669,0.000000,219.610028
34723,6932.386159,0.000000,29.000000,230.139276,0.000000,212.089136
34724,6932.386159,0.000000,29.000000,229.637883,0.000000,204.568245
34726,6932.386159,0.000000,29.000000,228.635097,0.000000,189.526462
34727,6932.386159,0.000000,29.000000,228.133705,0.000000,182.005571
34728,6932.386159,0.000000,29.000000,227.632312,0.000000,174.484680
34729,6932.386159,0.000000,29.000000,227.130919,0.000000,166.963788
34730,6932.386159,0.000000,29.000000,226.629526,0.000000,159.442897
34732,6932.386159,0.000000,29.000000,225.626741,0.000000,144.401114
34733,6932.386159,0.000000,29.000000,225.125348,0.000000,136.880223
34734,6932.386159,0.000000,29.000000,224.623955,0.000000,129.359331
34736,6932.386159,0.000000,29.000000,223.621170,0.000000,114.317549
34738,6932.386159,0.000000,29.000000,222.618384,0.000000,99.275766
34739,6932.386159,0.000000,29.000000,222.116992,0.000000,91.754875
34741,6932.386159,0.000000,29.000000,221.114206,0.000000,76.713092
34743,6932.386159,0.000000,29.000000,220.111421,0.000000,61.671309
34746,6932.386159,0.000000,29.000000,218.607242,0.000000,39.108635
34747,6932.386159,0.000000,29.000000,218.105850,0.000000,31.587744
34748,6932.386159,0.000000,29.000000,217.604457,0.000000,24.066852
34749,6932.386159,0.000000,29.000000,217.103064,0.000000,16.545961
34752,6932.386159,0.000000,29.000000,215.598886,0.000000,353.983287
34753,6932.386159,0.000000,29.000000,215.097493,0.000000,346.462396
34754,6932.386159,0.000000,29.000000,214.596100,0.000000,338.941504
34755,6932.386159,0.000000,29.000000,214.094708,0.000000,331.420613
34756,6932.386159,0.000000,29.000000,213.593315,0.000000,323.899721
34757,6932.386159,0.000000,29.000000,213.091922,0.000000,316.378830
34760,6932.386159,0.000000,29.000000,211.587744,0.000000,293.816156
34761,6932.386159,0.000000,29.000000,211.086351,0.000000,286.295265
34763,6932.386159,0.000000,29.000000,210.083565,0.000000,271.253482
34767,6932.386159,0.000000,29.000000,208.077994,0.000000,241.169916
34768,6932.386159,0.000000,29.000000,207.576602,0.000000,233.649025
34769,6932.386159,0.000000,29.000000,207.075209,0.000000,226.128134
34771,6932.386159,0.000000,29.000000,206.072423,0.000000,211.086351
34772,6932.386159,0.000000,29.000000,205.571031,0.000000,203.565460
34773,6932.386159,0.000000,29.000000,205.069638,0.000000,196.044568
34774,6932.386159,0.000000,29.000000,204.568245,0.000000,188.523677
34776,6932.386159,0.000000,29.000000,203.565460,0.000000,173.481894
34777,6932.386159,0.000000,29.000000,203.064067,0.000000,165.961003
34778,6932.386159,0.000000,29.000000,202.562674,0.000000,158.440111
34780,6932.386159,0.000000,29.000000,201.559889,0.000000,143.398329
34781,6932.386159,0.000000,29.000000,201.058496,0.000000,135.877437
34783,6932.386159,0.000000,29.000000,200.055710,0.000000,120.835655
34784,6932.386159,0.000000,29.000000,199.554318,0.000000,113.314763
34785,6932.386159,0.000000,29.000000,199.052925,0.000000,105.793872
34786,6932.386159,0.000000,29.000000,198.551532,0.000000,98.272981
34787,6932.386159,0.000000,29.000000,198.050139,0.000000,90.752089
34788,6932.386159,0.000000,29.000000,197.548747,0.000000,83.231198
34789,6932.386159,0.000000,29.000000,197.047354,0.000000,75.710306
34790,6932.386159,0.000000,29.000000,196.545961,0.000000,68.189415
34791,6932.386159,0.000000,29.000000,196.044568,0.000000,60.668524
34792,6932.386159,0.000000,29.000000,195.543175,0.000000,53.147632
34793,6932.386159,0.000000,29.000000,195.041783,0.000000,45.626741
34794,6932.386159,0.000000,29.000000,194.540390,0.000000,38.105850
34795,6932.386159,0.000000,29.000000,194.038997,0.000000,30.584958
34796,6932.386159,0.000000,29.000000,193.537604,0.000000,23.064067
34797,6932.386159,0.000000,29.000000,193.036212,0.000000,15.543175
34798,6932.386159,0.000000,29.000000,192.534819,0.000000,8.022284
34799,6932.386159,0.000000,29.000000,192.033426,0.000000,0.501393
34801,6932.386159,0.000000,29.000000,191.030641,0.000000,345.459610
34802,6932.386159,0.000000,29.000000,190.529248,0.000000,337.938719
34803,6932.386159,0.000000,29.000000,190.027855,0.000000,330.417827
34804,6932.386159,0.000000,29.000000,189.526462,0.000000,322.896936
34805,6932.386159,0.000000,29.000000,189.025070,0.000000,315.376045
34807,6932.386159,0.000000,29.000000,188.022284,0.000000,300.334262
34808,6932.386159,0.000000,29.000000,187.520891,0.000000,292.813370
34809,6932.386159,0.000000,29.000000,187.019499,0.000000,285.292479
34810,6932.386159,0.000000,29.000000,186.518106,0.000000,277.771588
34811,6932.386159,0.000000,29.000000,186.016713,0.000000,270.250696
34812,6932.386159,0.000000,29.000000,185.515320,0.000000,262.729805
34813,6932.386159,0.000000,29.000000,185.013928,0.000000,255.208914
34814,6932.386159,0.000000,29.000000,184.512535,0.000000,247.688022
34815,6932.386159,0.000000,29.000000,184.011142,0.000000,240.167131
34816,6932.386159,0.000000,29.000000,183.509749,0.000000,232.646240
34818,6932.386159,0.000000,29.000000,182.506964,0.000000,217.604457
34819,6932.386159,0.000000,29.000000,182.005571,0.000000,210.083565
34820,6932.386159,0.000000,29.000000,181.504178,0.000000,202.562674
34821,6932.386159,0.000000,29.000000,181.002786,0.000000,195.041783
34822,6932.386159,0.000000,29.000000,180.501393,0.000000,187.520891
34824,6932.386159,0.000000,29.000000,179.498607,0.000000,172.479109
34825,6932.386159,0.000000,29.000000,178.997214,0.000000,164.958217
34827,6932.386159,0.000000,29.000000,177.994429,0.000000,149.916435
34828,6932.386159,0.000000,29.000000,177.493036,0.000000,142.395543
34829,6932.386159,0.000000,29.000000,176.991643,0.000000,134.874652
34830,6932.386159,0.000000,29.000000,176.490251,0.000000,127.353760
34831,6932.386159,0.000000,29.000000,175.988858,0.000000,119.832869
34832,6932.386159,0.000000,29.000000,175.487465,0.000000,112.311978
34833,6932.386159,0.000000,29.000000,174.986072,0.000000,104.791086
34834,6932.386159,0.000000,29.000000,174.484680,0.000000,97.270195
34835,6932.386159,0.000000,29.000000,173.983287,0.000000,89.749304
34836,6932.386159,0.000000,29.000000,173.481894,0.000000,82.228412
34837,6932.386159,0.000000,29.000000,172.980501,0.000000,74.707521
34838,6932.386159,0.000000,29.000000,172.479109,0.000000,67.186630
34839,6932.386159,0.000000,29.000000,171.977716,0.000000,59.665738
34840,6932.386159,0.000000,29.000000,171.476323,0.000000,52.144847
34841,6932.386159,0.000000,29.000000,170.974930,0.000000,44.623955
34842,6932.386159,0.000000,29.000000,170.473538,0.000000,37.103064
34843,6932.386159,0.000000,29.000000,169.972145,0.000000,29.582173
34844,6932.386159,0.000000,29.000000,169.470752,0.000000,22.061281
34845,6932.386159,0.000000,29.000000,168.969359,0.000000,14.540390
34846,6932.386159,0.000000,29.000000,168.467967,0.000000,7.019499
34848,6932.386159,0.000000,29.000000,167.465181,0.000000,351.977716
34849,6932.386159,0.000000,29.000000,166.963788,0.000000,344.456825
34850,6932.386159,0.000000,29.000000,166.462396,0.000000,336.935933
34851,6932.386159,0.000000,29.000000,165.961003,0.000000,329.415042
34852,6932.386159,0.000000,29.000000,165.459610,0.000000,321.894150
34853,6932.386159,0.000000,29.000000,164.958217,0.000000,314.373259
34856,6932.386159,0.000000,29.000000,163.454039,0.000000,291.810585
34857,6932.386159,0.000000,29.000000,162.952646,0.000000,284.289694
34858,6932.386159,0.000000,29.000000,162.451253,0.000000,276.768802
34860,6932.386159,0.000000,29.000000,161.448468,0.000000,261.727019
34861,6932.386159,0.000000,29.000000,160.947075,0.000000,254.206128
34862,6932.386159,0.000000,29.000000,160.445682,0.000000,246.685237
34863,6932.386159,0.000000,29.000000,159.944290,0.000000,239.164345
34864,6932.386159,0.000000,29.000000,159.442897,0.000000,231.643454
34865,6932.386159,0.000000,29.000000,158.941504,0.000000,224.122563
34869,6932.386159,0.000000,29.000000,156.935933,0.000000,194.038997
34870,6932.386159,0.000000,29.000000,156.434540,0.000000,186.518106
34871,6932.386159,0.000000,29.000000,155.933148,0.000000,178.997214
34872,6932.386159,0.000000,29.000000,155.431755,0.000000,171.476323
34873,6932.386159,0.000000,29.000000,154.930362,0.000000,163.955432
34874,6932.386159,0.000000,29.000000,154.428969,0.000000,156.434540
34875,6932.386159,0.000000,29.000000,153.927577,0.000000,148.913649
34877,6932.386159,0.000000,29.000000,152.924791,0.000000,133.871866
34878,6932.386159,0.000000,29.000000,152.423398,0.000000,126.350975
34879,6932.386159,0.000000,29.000000,151.922006,0.000000,118.830084
34880,6932.386159,0.000000,29.000000,151.420613,0.000000,111.309192
34882,6932.386159,0.000000,29.000000,150.417827,0.000000,96.267409
34884,6932.386159,0.000000,29.000000,149.415042,0.000000,81.225627
34885,6932.386159,0.000000,29.000000,148.913649,0.000000,73.704735
34886,6932.386159,0.000000,29.000000,148.412256,0.000000,66.183844
34887,6932.386159,0.000000,29.000000,147.910864,0.000000,58.662953
34888,6932.386159,0.000000,29.000000,147.409471,0.000000,51.142061
34889,6932.386159,0.000000,29.000000,146.908078,0.000000,43.621170
34890,6932.386159,0.000000,29.000000,146.406685,0.000000,36.100279
34891,6932.386159,0.000000,29.000000,145.905292,0.000000,28.579387
34892,6932.386159,0.000000,29.000000,145.403900,0.000000,21.058496
34893,6932.386159,0.000000,29.000000,144.902507,0.000000,13.537604
34894,6932.386159,0.000000,29.000000,144.401114,0.000000,6.016713
34895,6932.386159,0.000000,29.000000,143.899721,0.000000,358.495822
34897,6932.386159,0.000000,29.000000,142.896936,0.000000,343.454039
34898,6932.386159,0.000000,29.000000,142.395543,0.000000,335.933148
34899,6932.386159,0.000000,29.000000,141.894150,0.000000,328.412256
34900,6932.386159,0.000000,29.000000,141.392758,0.000000,320.891365
34902,6932.386159,0.000000,29.000000,140.389972,0.000000,305.849582
34904,6932.386159,0.000000,29.000000,139.387187,0.000000,290.807799
34905,6932.386159,0.000000,29.000000,138.885794,0.000000,283.286908
34906,6932.386159,0.000000,29.000000,138.384401,0.000000,275.766017
34908,6932.386159,0.000000,29.000000,137.381616,0.000000,260.724234
34909,6932.386159,0.000000,29.000000,136.880223,0.000000,253.203343
34910,6932.386159,0.000000,29.000000,136.378830,0.000000,245.682451
34911,6932.386159,0.000000,29.000000,135.877437,0.000000,238.161560
34912,6932.386159,0.000000,29.000000,135.376045,0.000000,230.640669
34913,6932.386159,0.000000,29.000000,134.874652,0.000000,223.119777
34914,6932.386159,0.000000,29.000000,134.373259,0.000000,215.598886
34915,6932.386159,0.000000,29.000000,133.871866,0.000000,208.077994
34916,6932.386159,0.000000,29.000000,133.370474,0.000000,200.557103
34918,6932.386159,0.000000,29.000000,132.367688,0.000000,185.515320
34919,6932.386159,0.000000,29.000000,131.866295,0.000000,177.994429
34921,6932.386159,0.000000,29.000000,130.863510,0.000000,162.952646
34922,6932.386159,0.000000,29.000000,130.362117,0.000000,155.431755
34923,6932.386159,0.000000,29.000000,129.860724,0.000000,147.910864
34924,6932.386159,0.000000,29.000000,129.359331,0.000000,140.389972
34925,6932.386159,0.000000,29.000000,128.857939,0.000000,132.869081
34927,6932.386159,0.000000,29.000000,127.855153,0.000000,117.827298
34928,6932.386159,0.000000,29.000000,127.353760,0.000000,110.306407
34929,6932.386159,0.000000,29.000000,126.852368,0.000000,102.785515
34931,6932.386159,0.000000,29.000000,125.849582,0.000000,87.743733
34932,6932.386159,0.000000,29.000000,125.348189,0.000000,80.222841
34934,6932.386159,0.000000,29.000000,124.345404,0.000000,65.181058
34935,6932.386159,0.000000,29.000000,123.844011,0.000000,57.660167
34936,6932.386159,0.000000,29.000000,123.342618,0.000000,50.139276
34937,6932.386159,0.000000,29.000000,122.841226,0.000000,42.618384
34938,6932.386159,0.000000,29.000000,122.339833,0.000000,35.097493
34940,6932.386159,0.000000,29.000000,121.337047,0.000000,20.055710
34941,6932.386159,0.000000,29.000000,120.835655,0.000000,12.534819
34942,6932.386159,0.000000,29.000000,120.334262,0.000000,5.013928
34943,6932.386159,0.000000,29.000000,119.832869,0.000000,357.493036
34945,6932.386159,0.000000,29.000000,118.830084,0.000000,342.451253
34947,6932.386159,0.000000,29.000000,117.827298,0.000000,327.409471
34948,6932.386159,0.000000,29.000000,117.325905,0.000000,319.888579
34949,6932.386159,0.000000,29.000000,116.824513,0.000000,312.367688
34950,6932.386159,0.000000,29.000000,116.323120,0.000000,304.846797
34951,6932.386159,0.000000,29.000000,115.821727,0.000000,297.325905
34953,6932.386159,0.000000,29.000000,114.818942,0.000000,282.284123
34954,6932.386159,0.000000,29.000000,114.317549,0.000000,274.763231
34955,6932.386159,0.000000,29.000000,113.816156,0.000000,267.242340
34957,6932.386159,0.000000,29.000000,112.813370,0.000000,252.200557
34958,6932.386159,0.000000,29.000000,112.311978,0.000000,244.679666
34960,6932.386159,0.000000,29.000000,111.309192,0.000000,229.637883
34961,6932.386159,0.000000,29.000000,110.807799,0.000000,222.116992
34962,6932.386159,0.000000,29.000000,110.306407,0.000000,214.596100
34963,6932.386159,0.000000,29.000000,109.805014,0.000000,207.075209
34965,6932.386159,0.000000,29.000000,108.802228,0.000000,192.033426
34966,6932.386159,0.000000,29.000000,108.300836,0.000000,184.512535
34968,6932.386159,0.000000,29.000000,107.298050,0.000000,169.470752
34970,6932.386159,0.000000,29.000000,106.295265,0.000000,154.428969
34973,6932.386159,0.000000,29.000000,104.791086,0.000000,131.866295
34974,6932.386159,0.000000,29.000000,104.289694,0.000000,124.345404
34975,6932.386159,0.000000,29.000000,103.788301,0.000000,116.824513
34976,6932.386159,0.000000,29.000000,103.286908,0.000000,109.303621
34977,6932.386159,0.000000,29.000000,102.785515,0.000000,101.782730
34978,6932.386159,0.000000,29.000000,102.284123,0.000000,94.261838
34980,6932.386159,0.000000,29.000000,101.281337,0.000000,79.220056
34983,6932.386159,0.000000,29.000000,99.777159,0.000000,56.657382
34984,6932.386159,0.000000,29.000000,99.275766,0.000000,49.136490
34986,6932.386159,0.000000,29.000000,98.272981,0.000000,34.094708
34987,6932.386159,0.000000,29.000000,97.771588,0.000000,26.573816
34989,6932.386159,0.000000,29.000000,96.768802,0.000000,11.532033
34990,6932.386159,0.000000,29.000000,96.267409,0.000000,4.011142
34991,6932.386159,0.000000,29.000000,95.766017,0.000000,356.490251
34992,6932.386159,0.000000,29.000000,95.264624,0.000000,348.969359
34993,6932.386159,0.000000,29.000000,94.763231,0.000000,341.448468
34995,6932.386159,0.000000,29.000000,93.760446,0.000000,326.406685
34996,6932.386159,0.000000,29.000000,93.259053,0.000000,318.885794
34997,6932.386159,0.000000,29.000000,92.757660,0.000000,311.364903
34998,6932.386159,0.000000,29.000000,92.256267,0.000000,303.844011
35000,6932.386159,0.000000,29.000000,91.253482,0.000000,288.802228
35001,6932.386159,0.000000,29.000000,90.752089,0.000000,281.281337
35002,6932.386159,0.000000,29.000000,90.250696,0.000000,273.760446
35003,6932.386159,0.000000,29.000000,89.749304,0.000000,266.239554
35004,6932.386159,0.000000,29.000000,89.247911,0.000000,258.718663
35006,6932.386159,0.000000,29.000000,88.245125,0.000000,243.676880
35007,6932.386159,0.000000,29.000000,87.743733,0.000000,236.155989
35008,6932.386159,0.000000,29.000000,87.242340,0.000000,228.635097
35009,6932.386159,0.000000,29.000000,86.740947,0.000000,221.114206
35010,6932.386159,0.000000,29.000000,86.239554,0.000000,213.593315
35011,6932.386159,0.000000,29.000000,85.738162,0.000000,206.072423
35012,6932.386159,0.000000,29.000000,85.236769,0.000000,198.551532
35013,6932.386159,0.000000,29.000000,84.735376,0.000000,191.030641
35014,6932.386159,0.000000,29.000000,84.233983,0.000000,183.509749
35015,6932.386159,0.000000,29.000000,83.732591,0.000000,175.988858
35017,6932.386159,0.000000,29.000000,82.729805,0.000000,160.947075
35018,6932.386159,0.000000,29.000000,82.228412,0.000000,153.426184
35019,6932.386159,0.000000,29.000000,81.727019,0.000000,145.905292
35020,6932.386159,0.000000,29.000000,81.225627,0.000000,138.384401
35021,6932.386159,0.000000,29.000000,80.724234,0.000000,130.863510
35022,6932.386159,0.000000,29.000000,80.222841,0.000000,123.342618
35023,6932.386159,0.000000,29.000000,79.721448,0.000000,115.821727
35024,6932.386159,0.000000,29.000000,79.220056,0.000000,108.300836
35026,6932.386159,0.000000,29.000000,78.217270,0.000000,93.259053
35027,6932.386159,0.000000,29.000000,77.715877,0.000000,85.738162
35028,6932.386159,0.000000,29.000000,77.214485,0.000000,78.217270
35029,6932.386159,0.000000,29.000000,76.713092,0.000000,70.696379
35030,6932.386159,0.000000,29.000000,76.211699,0.000000,63.175487
35031,6932.386159,0.000000,29.000000,75.710306,0.000000,55.654596
35032,6932.386159,0.000000,29.000000,75.208914,0.000000,48.133705
35034,6932.386159,0.000000,29.000000,74.206128,0.000000,33.091922
35035,6932.386159,0.000000,29.000000,73.704735,0.000000,25.571031
35036,6932.386159,0.000000,29.000000,73.203343,0.000000,18.050139
35037,6932.386159,0.000000,29.000000,72.701950,0.000000,10.529248
35039,6932.386159,0.000000,29.000000,71.699164,0.000000,355.487465
35040,6932.386159,0.000000,29.000000,71.197772,0.000000,347.966574
35041,6932.386159,0.000000,29.000000,70.696379,0.000000,340.445682
35043,6932.386159,0.000000,29.000000,69.693593,0.000000,325.403900
35044,6932.386159,0.000000,29.000000,69.192201,0.000000,317.883008
35046,6932.386159,0.000000,29.000000,68.189415,0.000000,302.841226
35047,6932.386159,0.000000,29.000000,67.688022,0.000000,295.320334
35048,6932.386159,0.000000,29.000000,67.186630,0.000000,287.799443
35049,6932.386159,0.000000,29.000000,66.685237,0.000000,280.278552
35050,6932.386159,0.000000,29.000000,66.183844,0.000000,272.757660
35051,6932.386159,0.000000,29.000000,65.682451,0.000000,265.236769
35052,6932.386159,0.000000,29.000000,65.181058,0.000000,257.715877
35054,6932.386159,0.000000,29.000000,64.178273,0.000000,242.674095
35055,6932.386159,0.000000,29.000000,63.676880,0.000000,235.153203
35056,6932.386159,0.000000,29.000000,63.175487,0.000000,227.632312
35057,6932.386159,0.000000,29.000000,62.674095,0.000000,220.111421
35058,6932.386159,0.000000,29.000000,62.172702,0.000000,212.590529
35059,6932.386159,0.000000,29.000000,61.671309,0.000000,205.069638
35060,6932.386159,0.000000,29.000000,61.169916,0.000000,197.548747
35061,6932.386159,0.000000,29.000000,60.668524,0.000000,190.027855
35063,6932.386159,0.000000,29.000000,59.665738,0.000000,174.986072
35064,6932.386159,0.000000,29.000000,59.164345,0.000000,167.465181
35065,6932.386159,0.000000,29.000000,58.662953,0.000000,159.944290
35066,6932.386159,0.000000,29.000000,58.161560,0.000000,152.423398
35069,6932.386159,0.000000,29.000000,56.657382,0.000000,129.860724
35070,6932.386159,0.000000,29.000000,56.155989,0.000000,122.339833
35071,6932.386159,0.000000,29.000000,55.654596,0.000000,114.818942
35072,6932.386159,0.000000,29.000000,55.153203,0.000000,107.298050
35074,6932.386159,0.000000,29.000000,54.150418,0.000000,92.256267
35075,6932.386159,0.000000,29.000000,53.649025,0.000000,84.735376
35076,6932.386159,0.000000,29.000000,53.147632,0.000000,77.214485
35077,6932.386159,0.000000,29.000000,52.646240,0.000000,69.693593
35080,6932.386159,0.000000,29.000000,51.142061,0.000000,47.130919
35081,6932.386159,0.000000,29.000000,50.640669,0.000000,39.610028
35082,6932.386159,0.000000,29.000000,50.139276,0.000000,32.089136
35083,6932.386159,0.000000,29.000000,49.637883,0.000000,24.568245
35084,6932.386159,0.000000,29.000000,49.136490,0.000000,17.047354
35085,6932.386159,0.000000,29.000000,48.635097,0.000000,9.526462
35086,6932.386159,0.000000,29.000000,48.133705,0.000000,2.005571
35087,6932.386159,0.000000,29.000000,47.632312,0.000000,354.484680
35088,6932.386159,0.000000,29.000000,47.130919,0.000000,346.963788
35089,6932.386159,0.000000,29.000000,46.629526,0.000000,339.442897
35090,6932.386159,0.000000,29.000000,46.128134,0.000000,331.922006
35091,6932.386159,0.000000,29.000000,45.626741,0.000000,324.401114
35093,6932.386159,0.000000,29.000000,44.623955,0.000000,309.359331
35094,6932.386159,0.000000,29.000000,44.122563,0.000000,301.838440
35095,6932.386159,0.000000,29.000000,43.621170,0.000000,294.317549
35096,6932.386159,0.000000,29.000000,43.119777,0.000000,286.796657
35097,6932.386159,0.000000,29.000000,42.618384,0.000000,279.275766
35098,6932.386159,0.000000,29.000000,42.116992,0.000000,271.754875
35100,6932.386159,0.000000,29.000000,41.114206,0.000000,256.713092
35102,6932.386159,0.000000,29.000000,40.111421,0.000000,241.671309
35104,6932.386159,0.000000,29.000000,39.108635,0.000000,226.629526
35105,6932.386159,0.000000,29.000000,38.607242,0.000000,219.108635
35106,6932.386159,0.000000,29.000000,38.105850,0.000000,211.587744
35107,6932.386159,0.000000,29.000000,37.604457,0.000000,204.066852
35108,6932.386159,0.000000,29.000000,37.103064,0.000000,196.545961
35112,6932.386159,0.000000,29.000000,35.097493,0.000000,166.462396
35113,6932.386159,0.000000,29.000000,34.596100,0.000000,158.941504
35114,6932.386159,0.000000,29.000000,34.094708,0.000000,151.420613
35115,6932.386159,0.000000,29.000000,33.593315,0.000000,143.899721
35116,6932.386159,0.000000,29.000000,33.091922,0.000000,136.378830
35117,6932.386159,0.000000,29.000000,32.590529,0.000000,128.857939
35118,6932.386159,0.000000,29.000000,32.089136,0.000000,121.337047
35119,6932.386159,0.000000,29.000000,31.587744,0.000000,113.816156
35120,6932.386159,0.000000,29.000000,31.086351,0.000000,106.295265
35121,6932.386159,0.000000,29.000000,30.584958,0.000000,98.774373
35122,6932.386159,0.000000,29.000000,30.083565,0.000000,91.253482
35124,6932.386159,0.000000,29.000000,29.080780,0.000000,76.211699
35125,6932.386159,0.000000,29.000000,28.579387,0.000000,68.690808
35126,6932.386159,0.000000,29.000000,28.077994,0.000000,61.169916
35127,6932.386159,0.000000,29.000000,27.576602,0.000000,53.649025
35129,6932.386159,0.000000,29.000000,26.573816,0.000000,38.607242
35130,6932.386159,0.000000,29.000000,26.072423,0.000000,31.086351
35133,6932.386159,0.000000,29.000000,24.568245,0.000000,8.523677
35134,6932.386159,0.000000,29.000000,24.066852,0.000000,1.002786
35135,6932.386159,0.000000,29.000000,23.565460,0.000000,353.481894
35136,6932.386159,0.000000,29.000000,23.064067,0.000000,345.961003
35137,6932.386159,0.000000,29.000000,22.562674,0.000000,338.440111
35139,6932.386159,0.000000,29.000000,21.559889,0.000000,323.398329
35140,6932.386159,0.000000,29.000000,21.058496,0.000000,315.877437
35141,6932.386159,0.000000,29.000000,20.557103,0.000000,308.356546
35143,6932.386159,0.000000,29.000000,19.554318,0.000000,293.314763
35144,6932.386159,0.000000,29.000000,19.052925,0.000000,285.793872
35145,6932.386159,0.000000,29.000000,18.551532,0.000000,278.272981
35146,6932.386159,0.000000,29.000000,18.050139,0.000000,270.752089
35148,6932.386159,0.000000,29.000000,17.047354,0.000000,255.710306
35149,6932.386159,0.000000,29.000000,16.545961,0.000000,248.189415
35150,6932.386159,0.000000,29.000000,16.044568,0.000000,240.668524
35151,6932.386159,0.000000,29.000000,15.543175,0.000000,233.147632
35152,6932.386159,0.000000,29.000000,15.041783,0.000000,225.626741
35153,6932.386159,0.000000,29.000000,14.540390,0.000000,218.105850
35154,6932.386159,0.000000,29.000000,14.038997,0.000000,210.584958
35155,6932.386159,0.000000,29.000000,13.537604,0.000000,203.064067
35156,6932.386159,0.000000,29.000000,13.036212,0.000000,195.543175
35158,6932.386159,0.000000,29.000000,12.033426,0.000000,180.501393
35159,6932.386159,0.000000,29.000000,11.532033,0.000000,172.980501
35161,6932.386159,0.000000,29.000000,10.529248,0.000000,157.938719
35163,6932.386159,0.000000,29.000000,9.526462,0.000000,142.896936
35164,6932.386159,0.000000,29.000000,9.025070,0.000000,135.376045
35166,6932.386159,0.000000,29.000000,8.022284,0.000000,120.334262
35167,6932.386159,0.000000,29.000000,7.520891,0.000000,112.813370
35168,6932.386159,0.000000,29.000000,7.019499,0.000000,105.292479
35169,6932.386159,0.000000,29.000000,6.518106,0.000000,97.771588
35170,6932.386159,0.000000,29.000000,6.016713,0.000000,90.250696
35173,6932.386159,0.000000,29.000000,4.512535,0.000000,67.688022
35174,6932.386159,0.000000,29.000000,4.011142,0.000000,60.167131
35175,6932.386159,0.000000,29.000000,3.509749,0.000000,52.646240
35176,6932.386159,0.000000,29.000000,3.008357,0.000000,45.125348
35177,6932.386159,0.000000,29.000000,2.506964,0.000000,37.604457
35178,6932.386159,0.000000,29.000000,2.005571,0.000000,30.083565
35180,6932.386159,0.000000,29.000000,1.002786,0.000000,15.041783
35181,6932.386159,0.000000,29.000000,0.501393,0.000000,7.520891
35248,6932.386159,0.000000,78.000000,329.308078,0.000000,223.621170
35274,6932.386159,0.000000,78.000000,316.271866,0.000000,28.077994
35275,6932.386159,0.000000,78.000000,315.770474,0.000000,20.557103
35358,6932.386159,0.000000,78.000000,274.154875,0.000000,116.323120
35616,6932.386159,0.000000,78.000000,144.795543,0.000000,335.933148
35663,6932.386159,0.000000,78.000000,121.230084,0.000000,342.451253
35795,6932.386159,0.000000,78.000000,55.046240,0.000000,69.693593
35802,6932.386159,0.000000,78.000000,51.536490,0.000000,17.047354
35873,6932.386159,0.000000,78.000000,15.937604,0.000000,203.064067
35894,6932.386159,0.000000,78.000000,5.408357,0.000000,45.125348
