
Gurobi 13.0.2 (linux64) logging started Sun Jul 19 14:27:33 2026

Set parameter LogFile to value "/tmp/sweep_20260716_013919_north-korea_alt550km_s20_i1_v5_gurobi.log"
Set parameter Method to value 1
Set parameter NodefileStart to value 4
Set parameter RINS to value 50
Gurobi Optimizer version 13.0.2 build v13.0.2rc1 (linux64 - "Debian GNU/Linux 13 (trixie)")

CPU model: Intel(R) Xeon(R) Platinum 8375C CPU @ 2.90GHz, instruction set [SSE2|AVX|AVX2|AVX512]
Thread count: 16 physical cores, 32 logical processors, using up to 32 threads

Non-default parameters:
TimeLimit  14400
MIPGap  0.001
Method  1
LPWarmStart  1
Heuristics  0.2
MIPFocus  1
NodefileStart  4
RINS  50
Symmetry  2
Cuts  2
CoverCuts  2
LogToConsole  0

Academic license 2812613 - for non-commercial use only - registered to no___@gatech.edu
Optimize a model with 1436 rows, 10770 columns and 96930 nonzeros (Min)
Model fingerprint: 0x35e04f6f
Model has 10770 linear objective coefficients
Variable types: 0 continuous, 10770 integer (10770 binary)
Coefficient statistics:
  Matrix range     [1e+00, 1e+00]
  Objective range  [1e+00, 1e+00]
  Bounds range     [1e+00, 1e+00]
  RHS range        [2e+01, 2e+01]

Found heuristic solution: objective 3590.0000000
Presolve removed 0 rows and 2872 columns
Presolve time: 0.07s
Presolved: 1436 rows, 7898 columns, 73954 nonzeros
Variable types: 0 continuous, 7898 integer (7180 binary)
Warning: Markowitz tolerance tightened to 0.03125

Root relaxation: objective 2.584800e+03, 15238 iterations, 3.32 seconds (5.17 work units)

    Nodes    |    Current Node    |     Objective Bounds      |     Work
 Expl Unexpl |  Obj  Depth IntInf | Incumbent    BestBd   Gap | It/Node Time

     0     0 2584.80000    0  715 3590.00000 2584.80000  28.0%     -    4s
H    0     0                    3072.0000000 2584.80000  15.9%     -    4s
H    0     0                    2933.0000000 2584.80000  11.9%     -    4s
H    0     0                    2667.0000000 2584.80000  3.08%     -    4s
H    0     0                    2661.0000000 2584.80000  2.86%     -    4s
H    0     0                    2651.0000000 2584.80000  2.50%     -    4s
H    0     0                    2650.0000000 2584.80000  2.46%     -    4s
H    0     0                    2649.0000000 2584.80000  2.42%     -    4s
H    0     0                    2645.0000000 2584.80000  2.28%     -    4s
H    0     0                    2644.0000000 2584.80000  2.24%     -    4s
H    0     0                    2642.0000000 2584.80000  2.17%     -    4s
H    0     0                    2641.0000000 2584.80000  2.13%     -    4s
H    0     0                    2639.0000000 2584.80000  2.05%     -    4s
H    0     0                    2627.0000000 2584.80000  1.61%     -    4s
H    0     0                    2620.0000000 2584.80000  1.34%     -    4s
H    0     0                    2619.0000000 2584.80000  1.31%     -    4s
H    0     0                    2618.0000000 2584.80000  1.27%     -    4s
H    0     0                    2614.0000000 2584.80000  1.12%     -    4s
H    0     0                    2613.0000000 2584.80000  1.08%     -    4s
H    0     0                    2612.0000000 2584.80000  1.04%     -    4s
H    0     0                    2611.0000000 2584.80000  1.00%     -    4s
H    0     0                    2610.0000000 2584.80000  0.97%     -    4s
H    0     0                    2609.0000000 2584.80000  0.93%     -    4s
H    0     0                    2608.0000000 2584.80000  0.89%     -    6s
H    0     0                    2607.0000000 2584.80000  0.85%     -    6s
H    0     0                    2606.0000000 2584.80000  0.81%     -    6s
     0     0 2584.80000    0  717 2606.00000 2584.80000  0.81%     -    6s
H    0     0                    2605.0000000 2584.80000  0.78%     -   18s
H    0     0                    2604.0000000 2584.80000  0.74%     -   19s
H    0     0                    2603.0000000 2584.80000  0.70%     -   19s
H    0     0                    2602.0000000 2584.80000  0.66%     -   21s
     0     0 2584.80000    0  723 2602.00000 2584.80000  0.66%     -   22s
     0     0 2584.80000    0  721 2602.00000 2584.80000  0.66%     -   23s
H    0     0                    2601.0000000 2584.80000  0.62%     -   23s
     0     0 2584.80000    0  726 2601.00000 2584.80000  0.62%     -   26s
     0     0 2584.80000    0  719 2601.00000 2584.80000  0.62%     -   28s
     0     0 2584.80000    0  723 2601.00000 2584.80000  0.62%     -   29s
     0     0 2584.80000    0  717 2601.00000 2584.80000  0.62%     -   31s
     0     0 2584.80000    0  725 2601.00000 2584.80000  0.62%     -   33s
     0     0 2584.80000    0  713 2601.00000 2584.80000  0.62%     -   35s
H    0     0                    2600.0000000 2585.00000  0.58%     -   44s
H    0     0                    2599.0000000 2585.00000  0.54%     -   45s
     0     2 2585.00000    0  704 2599.00000 2585.00000  0.54%     -   49s
     1     3 2585.00000    1  715 2599.00000 2585.00000  0.54%   738   57s
     2     4 2585.00000    2  719 2599.00000 2585.00000  0.54%   668   64s
     5     8 2585.00000    3  728 2599.00000 2585.00000  0.54%   592   70s
     9    16 2585.00000    4  723 2599.00000 2585.00000  0.54%   595   76s
H   17    32                    2598.0000000 2585.00000  0.50%   517   83s
    33    48 2585.00000    6  721 2598.00000 2585.00000  0.50%  1400   94s
H   38    48                    2597.0000000 2585.00000  0.46%  1276   94s
    49    86 2585.00000    7  719 2597.00000 2585.00000  0.46%  1144  108s
H   70    86                    2595.0000000 2585.00000  0.39%   935  108s
    87   320 2585.00000    8  717 2595.00000 2585.00000  0.39%   859  130s
   322   321 2585.00000   11  713 2595.00000 2585.00000  0.39%   520  140s
   324   322 2585.00000   13  715 2595.00000 2585.00000  0.39%   517  146s
   325   323 2585.00000   10  717 2595.00000 2585.00000  0.39%   516  161s
   327   324 2585.00000   17  717 2595.00000 2585.00000  0.39%   513  168s
   328   325 2585.00000   14  718 2595.00000 2585.00000  0.39%   511  172s
   329   326 2585.00000    9  716 2595.00000 2585.00000  0.39%   509  183s
   330   326 2585.00000   13  724 2595.00000 2585.00000  0.39%   508  188s
   331   327 2585.00000   13  720 2595.00000 2585.00000  0.39%   506  191s
   332   328 2585.00000   13  724 2595.00000 2585.00000  0.39%   505  196s
   333   328 2585.00000    8  724 2595.00000 2585.00000  0.39%   503  213s
   335   331 2585.00000    6  713 2595.00000 2585.00000  0.39%   704  224s
   337   332 2585.00000   10  715 2595.00000 2585.00000  0.39%   700  230s
   338   333 2585.00000   14  715 2595.00000 2585.00000  0.39%   698  246s
   339   334 2585.00000   17  712 2595.00000 2585.00000  0.39%   696  251s
   340   334 2585.00000   16  714 2595.00000 2585.00000  0.39%   694  257s
   341   335 2585.00000   11  710 2595.00000 2585.00000  0.39%   692  265s
   343   336 2585.00000   13  719 2595.00000 2585.00000  0.39%   688  274s
   344   337 2585.00000   15  721 2595.00000 2585.00000  0.39%   686  277s
   345   338 2585.00000   13  727 2595.00000 2585.00000  0.39%   684  281s
   346   338 2585.00000   14  727 2595.00000 2585.00000  0.39%   682  296s
   348   341 2585.00000   15  713 2595.00000 2585.00000  0.39%   892  306s
   350   342 2585.00000   11  715 2595.00000 2585.00000  0.39%   887  313s
   351   343 2585.00000    8  716 2595.00000 2585.00000  0.39%   885  326s
   353   344 2585.00000   18  721 2595.00000 2585.00000  0.39%   880  333s
   354   345 2585.00000   16  720 2595.00000 2585.00000  0.39%   877  338s
   355   346 2585.00000   11  714 2595.00000 2585.00000  0.39%   875  344s
   356   346 2585.00000   15  712 2595.00000 2585.00000  0.39%   872  347s
   357   347 2585.00000    8  738 2595.00000 2585.00000  0.39%   870  353s
   358   348 2585.00000   10  730 2595.00000 2585.00000  0.39%   868  356s
   359   348 2585.00000   18  742 2595.00000 2585.00000  0.39%   865  361s
   360   349 2585.00000   17  742 2595.00000 2585.00000  0.39%   863  378s
   362   352 2585.00000    8  713 2595.00000 2585.00000  0.39%  1064  390s
   364   353 2585.00000   15  715 2595.00000 2585.00000  0.39%  1059  397s
   365   354 2585.00000   13  716 2595.00000 2585.00000  0.39%  1056  411s
   367   355 2585.00000   15  718 2595.00000 2585.00000  0.39%  1050  419s
   368   356 2585.00000   16  717 2595.00000 2585.00000  0.39%  1047  424s
   369   357 2585.00000   22  714 2595.00000 2585.00000  0.39%  1044  437s
   370   357 2585.00000   14  727 2595.00000 2585.00000  0.39%  1041  442s
   371   358 2585.00000   18  724 2595.00000 2585.00000  0.39%  1039  445s
   372   359 2585.00000    8  733 2595.00000 2585.00000  0.39%  1036  450s
   373   359 2585.00000    9  733 2595.00000 2585.00000  0.39%  1033  466s
   375   362 2585.00000   19  713 2595.00000 2585.00000  0.39%  1224  478s
   377   363 2585.00000    8  715 2595.00000 2585.00000  0.39%  1218  485s
   378   364 2585.00000   17  713 2595.00000 2585.00000  0.39%  1214  499s
   379   365 2585.00000   15  714 2595.00000 2585.00000  0.39%  1211  501s
   380   365 2585.00000   18  715 2595.00000 2585.00000  0.39%  1208  507s
   381   366 2585.00000   13  715 2595.00000 2585.00000  0.39%  1205  512s
   382   367 2585.00000   12  717 2595.00000 2585.00000  0.39%  1202  519s
   383   367 2585.00000    6  711 2595.00000 2585.00000  0.39%  1199  522s
   384   368 2585.00000   15  717 2595.00000 2585.00000  0.39%  1196  528s
   385   369 2585.00000   13  715 2595.00000 2585.00000  0.39%  1192  530s
   386   369 2585.00000    6  716 2595.00000 2585.00000  0.39%  1189  535s
   387   370 2585.00000    9  716 2595.00000 2585.00000  0.39%  1186  550s
   389   373 2585.00000    9  713 2595.00000 2585.00000  0.39%  1355  561s
   391   374 2585.00000   23  715 2595.00000 2585.00000  0.39%  1348  567s
   392   375 2585.00000   15  714 2595.00000 2585.00000  0.39%  1345  582s
   393   376 2585.00000   11  718 2595.00000 2585.00000  0.39%  1341  587s
   394   376 2585.00000   10  715 2595.00000 2585.00000  0.39%  1338  593s
   395   377 2585.00000   11  715 2595.00000 2585.00000  0.39%  1335  597s
   396   378 2585.00000   14  715 2595.00000 2585.00000  0.39%  1331  612s
   398   380 2585.00000   16  713 2595.00000 2585.00000  0.39%  1448  623s
   400   381 2585.00000    6  715 2595.00000 2585.00000  0.39%  1441  629s
   401   382 2585.00000   12  717 2595.00000 2585.00000  0.39%  1437  642s
   403   383 2585.00000   15  719 2595.00000 2585.00000  0.39%  1430  650s
   404   384 2585.00000    8  720 2595.00000 2585.00000  0.39%  1426  655s
   405   385 2585.00000   13  715 2595.00000 2585.00000  0.39%  1423  663s
   406   385 2585.00000   11  716 2595.00000 2585.00000  0.39%  1419  666s
   407   386 2585.00000   10  725 2595.00000 2585.00000  0.39%  1416  671s
   409   387 2585.00000   13  727 2595.00000 2585.00000  0.39%  1409  680s
   410   388 2585.00000    8  727 2595.00000 2585.00000  0.39%  1406  695s
   412   391 2585.00000   11  713 2595.00000 2585.00000  0.39%  1599  706s
   414   392 2585.00000   16  715 2595.00000 2585.00000  0.39%  1592  713s
   415   393 2585.00000   20  720 2595.00000 2585.00000  0.39%  1588  727s
   416   394 2585.00000   11  722 2595.00000 2585.00000  0.39%  1584  734s
   417   394 2585.00000   17  724 2595.00000 2585.00000  0.39%  1580  738s
   418   395 2585.00000    9  719 2595.00000 2585.00000  0.39%  1577  746s
   420   396 2585.00000   13  724 2595.00000 2585.00000  0.39%  1569  755s
   421   397 2585.00000   17  724 2595.00000 2585.00000  0.39%  1565  760s
   422   398 2585.00000   11  731 2595.00000 2585.00000  0.39%  1562  765s
   423   398 2585.00000   16  731 2595.00000 2585.00000  0.39%  1558  781s
   425   401 2585.00000   10  713 2595.00000 2585.00000  0.39%  1720  794s
   427   402 2585.00000   17  715 2595.00000 2585.00000  0.39%  1712  801s
   428   403 2585.00000   14  717 2595.00000 2585.00000  0.39%  1708  815s
   429   404 2585.00000    9  720 2595.00000 2585.00000  0.39%  1704  820s
   430   404 2585.00000   13  717 2595.00000 2585.00000  0.39%  1700  825s
   431   405 2585.00000   13  729 2595.00000 2585.00000  0.39%  1696  832s
   432   406 2585.00000   13  725 2595.00000 2585.00000  0.39%  1692  836s
   433   406 2585.00000    8  733 2595.00000 2585.00000  0.39%  1688  840s
   435   408 2585.00000    6  730 2595.00000 2585.00000  0.39%  1680  848s
   436   408 2585.00000   11  730 2595.00000 2585.00000  0.39%  1676  864s
   438   411 2585.00000   14  713 2595.00000 2585.00000  0.39%  1818  877s
   440   412 2585.00000   16  715 2595.00000 2585.00000  0.39%  1810  884s
   441   413 2585.00000   11  717 2595.00000 2585.00000  0.39%  1806  898s
   443   414 2585.00000   13  718 2595.00000 2585.00000  0.39%  1797  905s
   445   416 2585.00000   13  716 2595.00000 2585.00000  0.39%  1789  915s
   446   416 2585.00000   14  721 2595.00000 2585.00000  0.39%  1785  920s
   447   417 2585.00000   10  730 2595.00000 2585.00000  0.39%  1781  926s
   449   418 2585.00000    6  737 2595.00000 2585.00000  0.39%  1773  933s
   450   419 2585.00000   11  737 2595.00000 2585.00000  0.39%  1769  954s
   452   422 2585.00000   20  713 2595.00000 2585.00000  0.39%  1920  966s
   454   423 2585.00000   16  715 2595.00000 2585.00000  0.39%  1912  973s
   455   424 2585.00000   11  714 2595.00000 2585.00000  0.39%  1908  989s
   456   425 2585.00000   15  713 2595.00000 2585.00000  0.39%  1903  990s
   457   425 2585.00000    8  719 2595.00000 2585.00000  0.39%  1899  995s
   458   426 2585.00000   10  719 2595.00000 2585.00000  0.39%  1895 1000s
   459   427 2585.00000   18  716 2595.00000 2585.00000  0.39%  1891 1007s
   460   427 2585.00000   17  711 2595.00000 2585.00000  0.39%  1887 1011s
   461   428 2585.00000   15  725 2595.00000 2585.00000  0.39%  1883 1017s
   462   429 2585.00000    8  720 2595.00000 2585.00000  0.39%  1879 1020s
   464   430 2585.00000   15  726 2595.00000 2585.00000  0.39%  1871 1042s
   466   433 2585.00000   12  713 2595.00000 2585.00000  0.39%  2013 1054s
   468   434 2585.00000   16  715 2595.00000 2585.00000  0.39%  2004 1061s
   469   435 2585.00000   22  714 2595.00000 2585.00000  0.39%  2000 1075s
   471   436 2585.00000   18  713 2595.00000 2585.00000  0.39%  1991 1081s
   472   437 2585.00000    8  714 2595.00000 2585.00000  0.39%  1987 1085s
   473   438 2585.00000    9  717 2595.00000 2585.00000  0.39%  1983 1091s
   475   439 2585.00000   19  729 2595.00000 2585.00000  0.39%  1974 1100s
   477   440 2585.00000    8  728 2595.00000 2585.00000  0.39%  1966 1108s
   478   441 2585.00000   17  728 2595.00000 2585.00000  0.39%  1962 1126s
   480   444 2585.00000   18  713 2595.00000 2585.00000  0.39%  2105 1138s
   482   445 2585.00000   12  715 2595.00000 2585.00000  0.39%  2096 1145s
   483   446 2585.00000    6  714 2595.00000 2585.00000  0.39%  2092 1160s
   485   447 2585.00000   13  710 2595.00000 2585.00000  0.39%  2083 1166s
   486   448 2585.00000    6  712 2595.00000 2585.00000  0.39%  2079 1170s
   487   449 2585.00000    9  711 2595.00000 2585.00000  0.39%  2075 1180s
   489   450 2585.00000    9  721 2595.00000 2585.00000  0.39%  2066 1185s
   490   451 2585.00000    6  721 2595.00000 2585.00000  0.39%  2062 1205s
   492   453 2585.00000   15  713 2595.00000 2585.00000  0.39%  2197 1216s
   494   454 2585.00000   10  715 2595.00000 2585.00000  0.39%  2188 1223s
   495   455 2585.00000   11  716 2595.00000 2585.00000  0.39%  2184 1237s
   497   456 2585.00000   13  723 2595.00000 2585.00000  0.39%  2175 1243s
   498   457 2585.00000   16  722 2595.00000 2585.00000  0.39%  2171 1247s
   499   458 2585.00000   18  716 2595.00000 2585.00000  0.39%  2166 1257s
   500   458 2585.00000    6  726 2595.00000 2585.00000  0.39%  2162 1260s
   502   460 2585.00000   12  724 2595.00000 2585.00000  0.39%  2153 1277s
   504   462 2585.00000    8  713 2595.00000 2585.00000  0.39%  2268 1288s
   506   463 2585.00000   11  715 2595.00000 2585.00000  0.39%  2259 1295s
   507   464 2585.00000   10  721 2595.00000 2585.00000  0.39%  2254 1310s
   509   465 2585.00000   13  726 2595.00000 2585.00000  0.39%  2245 1317s
   510   466 2585.00000    8  723 2595.00000 2585.00000  0.39%  2241 1321s
   511   467 2585.00000   16  720 2595.00000 2585.00000  0.39%  2237 1327s
   512   467 2585.00000   11  727 2595.00000 2585.00000  0.39%  2232 1330s
   515   469 2585.00000   20  725 2595.00000 2585.00000  0.39%  2219 1348s
   517   472 2585.00000   17  713 2595.00000 2585.00000  0.39%  2335 1359s
   519   473 2585.00000    8  715 2595.00000 2585.00000  0.39%  2326 1366s
   520   474 2585.00000   13  711 2595.00000 2585.00000  0.39%  2322 1382s
   521   475 2585.00000   17  717 2595.00000 2585.00000  0.39%  2317 1387s
   522   475 2585.00000   11  718 2595.00000 2585.00000  0.39%  2313 1391s
   523   476 2585.00000   16  714 2595.00000 2585.00000  0.39%  2308 1400s
   526   478 2585.00000   10  722 2595.00000 2585.00000  0.39%  2295 1405s
   527   479 2585.00000   17  722 2595.00000 2585.00000  0.39%  2291 1419s
   529   481 2585.00000    9  713 2595.00000 2585.00000  0.39%  2407 1430s
   531   482 2585.00000   13  715 2595.00000 2585.00000  0.39%  2398 1437s
   532   483 2585.00000   13  715 2595.00000 2585.00000  0.39%  2394 1451s
   534   484 2585.00000   17  725 2595.00000 2585.00000  0.39%  2385 1458s
   535   485 2585.00000    6  726 2595.00000 2585.00000  0.39%  2380 1463s
   536   486 2585.00000   11  720 2595.00000 2585.00000  0.39%  2376 1474s
   537   486 2585.00000   10  722 2595.00000 2585.00000  0.39%  2371 1479s
   538   487 2585.00000   14  718 2595.00000 2585.00000  0.39%  2367 1483s
   539   488 2585.00000   17  727 2595.00000 2585.00000  0.39%  2363 1488s
   540   488 2585.00000   16  727 2595.00000 2585.00000  0.39%  2358 1504s
   542   491 2585.00000   13  713 2595.00000 2585.00000  0.39%  2482 1516s
   544   492 2585.00000   15  715 2595.00000 2585.00000  0.39%  2473 1523s
   545   493 2585.00000   13  716 2595.00000 2585.00000  0.39%  2468 1537s
   547   494 2585.00000   10  724 2595.00000 2585.00000  0.39%  2459 1544s
   548   495 2585.00000   15  719 2595.00000 2585.00000  0.39%  2455 1546s
   549   496 2585.00000    6  719 2595.00000 2585.00000  0.39%  2450 1551s
   552   498 2585.00000   20  722 2595.00000 2585.00000  0.39%  2437 1557s
   553   498 2585.00000   18  722 2595.00000 2585.00000  0.39%  2432 1573s
   555   501 2585.00000   11  713 2595.00000 2585.00000  0.39%  2561 1577s
   557   502 2585.00000    8  715 2595.00000 2585.00000  0.39%  2552 1583s
   558   503 2585.00000   10  716 2595.00000 2585.00000  0.39%  2547 1597s
   560   504 2585.00000   17  721 2595.00000 2585.00000  0.39%  2538 1603s
   561   505 2585.00000   15  720 2595.00000 2585.00000  0.39%  2534 1606s
   562   506 2585.00000    8  722 2595.00000 2585.00000  0.39%  2529 1610s
   565   508 2585.00000   13  730 2595.00000 2585.00000  0.39%  2516 1616s
   566   508 2585.00000   12  730 2595.00000 2585.00000  0.39%  2511 1633s
   568   511 2585.00000   16  713 2595.00000 2585.00000  0.39%  2624 1645s
   570   512 2585.00000   14  715 2595.00000 2585.00000  0.39%  2614 1651s
   571   513 2585.00000   18  715 2595.00000 2585.00000  0.39%  2610 1666s
   573   514 2585.00000    9  721 2595.00000 2585.00000  0.39%  2601 1679s
   574   515 2585.00000   18  719 2595.00000 2585.00000  0.39%  2596 1683s
   576   516 2585.00000    6  729 2595.00000 2585.00000  0.39%  2587 1687s
   578   518 2585.00000   17  719 2595.00000 2585.00000  0.39%  2578 1704s
   580   520 2585.00000   18  713 2595.00000 2585.00000  0.39%  2679 1715s
   582   521 2585.00000   12  715 2595.00000 2585.00000  0.39%  2670 1722s
   583   522 2585.00000    6  714 2595.00000 2585.00000  0.39%  2665 1736s
   585   523 2585.00000   13  715 2595.00000 2585.00000  0.39%  2656 1742s
   586   524 2585.00000    6  716 2595.00000 2585.00000  0.39%  2652 1747s
   587   525 2585.00000    9  714 2595.00000 2585.00000  0.39%  2647 1756s
   589   526 2585.00000    9  722 2595.00000 2585.00000  0.39%  2638 1762s
   590   527 2585.00000    6  722 2595.00000 2585.00000  0.39%  2634 1776s
   592   529 2585.00000   15  713 2595.00000 2585.00000  0.39%  2745 1788s
   594   530 2585.00000   10  715 2595.00000 2585.00000  0.39%  2735 1794s
   595   531 2585.00000   11  713 2595.00000 2585.00000  0.39%  2731 1808s
   597   532 2585.00000   13  727 2595.00000 2585.00000  0.39%  2722 1821s
   598   533 2585.00000   16  720 2595.00000 2585.00000  0.39%  2717 1826s
   599   534 2585.00000   18  732 2595.00000 2585.00000  0.39%  2713 1830s
   601   535 2585.00000   12  721 2595.00000 2585.00000  0.39%  2704 1847s
   603   538 2585.00000   15  713 2595.00000 2585.00000  0.39%  2811 1859s
   605   539 2585.00000   13  715 2595.00000 2585.00000  0.39%  2802 1866s
   606   540 2585.00000   11  710 2595.00000 2585.00000  0.39%  2797 1880s
   608   541 2585.00000   14  725 2595.00000 2585.00000  0.39%  2788 1891s
   609   542 2585.00000   13  730 2595.00000 2585.00000  0.39%  2784 1897s
   611   543 2585.00000   16  718 2595.00000 2585.00000  0.39%  2774 1900s
   614   545 2585.00000   16  724 2595.00000 2585.00000  0.39%  2761 1918s
   616   548 2585.00000   11  713 2595.00000 2585.00000  0.39%  2862 1930s
   618   549 2585.00000    9  715 2595.00000 2585.00000  0.39%  2852 1936s
   619   550 2585.00000    8  717 2595.00000 2585.00000  0.39%  2848 1950s
   621   551 2585.00000   17  719 2595.00000 2585.00000  0.39%  2839 1956s
   622   552 2585.00000   11  721 2595.00000 2585.00000  0.39%  2834 1961s
   623   553 2585.00000   16  719 2595.00000 2585.00000  0.39%  2830 1971s
   625   554 2585.00000   10  722 2595.00000 2585.00000  0.39%  2820 1977s
   627   555 2585.00000   17  725 2595.00000 2585.00000  0.39%  2811 1981s
   628   556 2585.00000   14  725 2595.00000 2585.00000  0.39%  2807 1999s
   630   559 2585.00000   13  713 2595.00000 2585.00000  0.39%  2923 2010s
   632   560 2585.00000   13  715 2595.00000 2585.00000  0.39%  2914 2017s
   633   561 2585.00000    8  715 2595.00000 2585.00000  0.39%  2909 2031s
   635   562 2585.00000    6  726 2595.00000 2585.00000  0.39%  2900 2044s
   636   563 2585.00000   11  723 2595.00000 2585.00000  0.39%  2896 2050s
   640   566 2585.00000   16  726 2595.00000 2585.00000  0.39%  2878 2056s
   641   566 2585.00000   11  726 2595.00000 2585.00000  0.39%  2873 2072s
   643   569 2585.00000   13  713 2595.00000 2585.00000  0.39%  2969 2082s
   645   570 2585.00000   13  715 2595.00000 2585.00000  0.39%  2960 2089s
   646   571 2585.00000   14  714 2595.00000 2585.00000  0.39%  2955 2102s
   648   572 2585.00000   15  719 2595.00000 2585.00000  0.39%  2946 2109s
   649   573 2585.00000    6  716 2595.00000 2585.00000  0.39%  2941 2113s
   650   574 2585.00000   11  730 2595.00000 2585.00000  0.39%  2937 2122s
   652   575 2585.00000   20  730 2595.00000 2585.00000  0.39%  2928 2125s
   655   577 2585.00000   11  734 2595.00000 2585.00000  0.39%  2915 2146s
   657   580 2585.00000    8  713 2595.00000 2585.00000  0.39%  3026 2157s
   659   581 2585.00000   18  715 2595.00000 2585.00000  0.39%  3016 2164s
   660   582 2585.00000   17  715 2595.00000 2585.00000  0.39%  3012 2177s
   662   583 2585.00000    8  721 2595.00000 2585.00000  0.39%  3003 2184s
   663   584 2585.00000   20  722 2595.00000 2585.00000  0.39%  2998 2189s
   664   585 2585.00000   15  722 2595.00000 2585.00000  0.39%  2994 2195s
   665   585 2585.00000   13  722 2595.00000 2585.00000  0.39%  2989 2209s
   667   588 2585.00000   15  713 2595.00000 2585.00000  0.39%  3061 2221s
   669   589 2585.00000   22  715 2595.00000 2585.00000  0.39%  3052 2227s
   670   590 2585.00000   14  717 2595.00000 2585.00000  0.39%  3048 2242s
   672   591 2585.00000    8  719 2595.00000 2585.00000  0.39%  3039 2250s
   673   592 2585.00000    9  720 2595.00000 2585.00000  0.39%  3034 2255s
   675   593 2585.00000   19  723 2595.00000 2585.00000  0.39%  3025 2262s
   676   594 2585.00000    6  720 2595.00000 2585.00000  0.39%  3021 2268s
   677   595 2585.00000    8  716 2595.00000 2585.00000  0.39%  3016 2272s
   678   595 2585.00000   17  715 2595.00000 2585.00000  0.39%  3012 2277s
   679   596 2585.00000   15  715 2595.00000 2585.00000  0.39%  3007 2294s
   681   599 2585.00000   13  713 2595.00000 2585.00000  0.39%  3112 2298s
   683   600 2585.00000    6  715 2595.00000 2585.00000  0.39%  3102 2305s
   684   601 2585.00000   15  714 2595.00000 2585.00000  0.39%  3098 2320s
   686   602 2585.00000    6  716 2595.00000 2585.00000  0.39%  3089 2329s
   687   603 2585.00000    9  717 2595.00000 2585.00000  0.39%  3084 2331s
   689   604 2585.00000    9  724 2595.00000 2585.00000  0.39%  3075 2335s
   692   606 2585.00000   15  726 2595.00000 2585.00000  0.39%  3062 2356s
   694   609 2585.00000   10  713 2595.00000 2585.00000  0.39%  3163 2360s
   696   610 2585.00000   14  715 2595.00000 2585.00000  0.39%  3154 2367s
   697   611 2585.00000   13  719 2595.00000 2585.00000  0.39%  3150 2380s
   699   612 2585.00000   18  720 2595.00000 2585.00000  0.39%  3141 2386s
   701   614 2585.00000   12  715 2595.00000 2585.00000  0.39%  3132 2395s
   703   615 2585.00000   15  723 2595.00000 2585.00000  0.39%  3123 2400s
   705   616 2585.00000   13  725 2595.00000 2585.00000  0.39%  3114 2417s
   707   619 2585.00000   10  713 2595.00000 2585.00000  0.39%  3200 2429s
   709   620 2585.00000   13  715 2595.00000 2585.00000  0.39%  3191 2436s
   710   621 2585.00000    8  715 2595.00000 2585.00000  0.39%  3187 2450s
   712   622 2585.00000   11  716 2595.00000 2585.00000  0.39%  3178 2457s
   713   623 2585.00000   10  711 2595.00000 2585.00000  0.39%  3173 2461s
   714   624 2585.00000   16  716 2595.00000 2585.00000  0.39%  3169 2469s
   715   624 2585.00000   20  723 2595.00000 2585.00000  0.39%  3164 2471s
   718   626 2585.00000    9  721 2595.00000 2585.00000  0.39%  3151 2489s
   720   629 2585.00000   13  713 2595.00000 2585.00000  0.39%  3230 2501s
   722   630 2585.00000   11  715 2595.00000 2585.00000  0.39%  3221 2507s
   723   631 2585.00000   16  708 2595.00000 2585.00000  0.39%  3217 2521s
   725   632 2585.00000   10  720 2595.00000 2585.00000  0.39%  3208 2532s
   726   633 2585.00000   10  723 2595.00000 2585.00000  0.39%  3203 2539s
   728   634 2585.00000   14  718 2595.00000 2585.00000  0.39%  3195 2542s
   730   636 2585.00000   13  720 2595.00000 2585.00000  0.39%  3186 2545s
   731   636 2585.00000   13  720 2595.00000 2585.00000  0.39%  3181 2559s
   733   639 2585.00000    8  713 2595.00000 2585.00000  0.39%  3269 2570s
   735   640 2585.00000    6  715 2595.00000 2585.00000  0.39%  3260 2577s
   736   641 2585.00000   11  712 2595.00000 2585.00000  0.39%  3256 2590s
   738   642 2585.00000   14  722 2595.00000 2585.00000  0.39%  3247 2600s
   739   643 2585.00000   17  720 2595.00000 2585.00000  0.39%  3242 2609s
   740   644 2585.00000   16  727 2595.00000 2585.00000  0.39%  3238 2616s
   741   644 2585.00000   11  723 2595.00000 2585.00000  0.39%  3234 2620s
   742   645 2585.00000   13  723 2595.00000 2585.00000  0.39%  3229 2637s
   744   648 2585.00000   15  713 2595.00000 2585.00000  0.39%  3306 2648s
   746   649 2585.00000   14  715 2595.00000 2585.00000  0.39%  3297 2654s
   747   650 2585.00000   10  715 2595.00000 2585.00000  0.39%  3292 2668s
   749   651 2585.00000    6  720 2595.00000 2585.00000  0.39%  3284 2675s
   751   653 2585.00000    8  718 2595.00000 2585.00000  0.39%  3275 2682s
   752   653 2585.00000   20  719 2595.00000 2585.00000  0.39%  3271 2685s
   754   655 2585.00000   16  724 2595.00000 2585.00000  0.39%  3262 2706s
   756   657 2585.00000   15  713 2595.00000 2585.00000  0.39%  3345 2717s
   758   658 2585.00000   10  715 2595.00000 2585.00000  0.39%  3336 2723s
   759   659 2585.00000   18  716 2595.00000 2585.00000  0.39%  3332 2737s
   761   660 2585.00000   15  724 2595.00000 2585.00000  0.39%  3323 2749s
   762   661 2585.00000    8  728 2595.00000 2585.00000  0.39%  3318 2754s
   763   662 2585.00000   20  730 2595.00000 2585.00000  0.39%  3314 2757s
   765   663 2585.00000   13  730 2595.00000 2585.00000  0.39%  3305 2760s
   766   664 2585.00000   12  730 2595.00000 2585.00000  0.39%  3301 2775s
   768   666 2585.00000   16  713 2595.00000 2585.00000  0.39%  3383 2788s
   770   667 2585.00000   14  715 2595.00000 2585.00000  0.39%  3374 2795s
   771   668 2585.00000   18  711 2595.00000 2585.00000  0.39%  3370 2809s
   772   669 2585.00000    8  714 2595.00000 2585.00000  0.39%  3366 2810s
   773   669 2585.00000    9  719 2595.00000 2585.00000  0.39%  3361 2815s
   774   670 2585.00000   18  718 2595.00000 2585.00000  0.39%  3357 2821s
   775   671 2585.00000   19  709 2595.00000 2585.00000  0.39%  3353 2827s
   777   672 2585.00000    8  726 2595.00000 2585.00000  0.39%  3344 2831s
   780   674 2585.00000   18  727 2595.00000 2585.00000  0.39%  3331 2849s
   782   677 2585.00000   12  713 2595.00000 2585.00000  0.39%  3407 2853s
   784   678 2585.00000   15  715 2595.00000 2585.00000  0.39%  3398 2860s
   785   679 2585.00000   13  716 2595.00000 2585.00000  0.39%  3394 2875s
   787   680 2585.00000    9  722 2595.00000 2585.00000  0.39%  3385 2882s
   788   681 2585.00000   11  720 2595.00000 2585.00000  0.39%  3381 2887s
   789   682 2585.00000    9  725 2595.00000 2585.00000  0.39%  3376 2891s
   791   683 2585.00000   23  723 2595.00000 2585.00000  0.39%  3368 2895s
   793   684 2585.00000   11  736 2595.00000 2585.00000  0.39%  3359 2914s
   795   687 2585.00000   11  713 2595.00000 2585.00000  0.39%  3449 2926s
   797   688 2585.00000   13  715 2595.00000 2585.00000  0.39%  3440 2932s
   798   689 2585.00000   16  712 2595.00000 2585.00000  0.39%  3436 2947s
   800   690 2585.00000    6  723 2595.00000 2585.00000  0.39%  3427 2956s
   801   691 2585.00000   12  721 2595.00000 2585.00000  0.39%  3423 2961s
   802   692 2585.00000   12  714 2595.00000 2585.00000  0.39%  3419 2971s
   803   692 2585.00000   15  727 2595.00000 2585.00000  0.39%  3414 2978s
   804   693 2585.00000    8  722 2595.00000 2585.00000  0.39%  3410 2982s
   805   694 2585.00000   13  735 2595.00000 2585.00000  0.39%  3406 2987s
   806   694 2585.00000   11  735 2595.00000 2585.00000  0.39%  3402 3004s
   808   697 2585.00000   14  713 2595.00000 2585.00000  0.39%  3490 3017s
   810   698 2585.00000    8  715 2595.00000 2585.00000  0.39%  3481 3024s
   811   699 2585.00000   16  719 2595.00000 2585.00000  0.39%  3477 3038s
   813   700 2585.00000   10  721 2595.00000 2585.00000  0.39%  3469 3044s
   814   701 2585.00000   16  722 2595.00000 2585.00000  0.39%  3464 3046s
   815   702 2585.00000   20  718 2595.00000 2585.00000  0.39%  3460 3050s
   819   704 2585.00000    8  721 2595.00000 2585.00000  0.39%  3443 3056s
   820   705 2585.00000   13  721 2595.00000 2585.00000  0.39%  3439 3071s
   822   708 2585.00000   11  713 2595.00000 2585.00000  0.39%  3505 3083s
   824   709 2585.00000   13  715 2595.00000 2585.00000  0.39%  3496 3089s
   825   710 2585.00000   10  713 2595.00000 2585.00000  0.39%  3492 3104s
   826   711 2585.00000   10  712 2595.00000 2585.00000  0.39%  3488 3106s
   827   711 2585.00000   17  721 2595.00000 2585.00000  0.39%  3483 3110s
   830   713 2585.00000   13  719 2595.00000 2585.00000  0.39%  3471 3115s
   833   715 2585.00000    8  723 2595.00000 2585.00000  0.39%  3458 3121s
   834   716 2585.00000   17  723 2595.00000 2585.00000  0.39%  3454 3135s
   836   719 2585.00000   11  713 2595.00000 2585.00000  0.39%  3522 3147s
   838   720 2585.00000   14  715 2595.00000 2585.00000  0.39%  3514 3153s
   839   721 2585.00000   17  714 2595.00000 2585.00000  0.39%  3510 3167s
   841   722 2585.00000   11  726 2595.00000 2585.00000  0.39%  3501 3173s
   842   723 2585.00000   13  722 2595.00000 2585.00000  0.39%  3497 3177s
   843   724 2585.00000   13  721 2595.00000 2585.00000  0.39%  3493 3186s
   846   726 2585.00000   14  729 2595.00000 2585.00000  0.39%  3481 3192s
   847   726 2585.00000   10  729 2595.00000 2585.00000  0.39%  3477 3207s
   849   729 2585.00000    6  713 2595.00000 2585.00000  0.39%  3551 3218s
   851   730 2585.00000    8  715 2595.00000 2585.00000  0.39%  3543 3225s
   852   731 2585.00000   20  713 2595.00000 2585.00000  0.39%  3539 3239s
   853   732 2585.00000   18  715 2595.00000 2585.00000  0.39%  3535 3240s
   855   733 2585.00000   11  721 2595.00000 2585.00000  0.39%  3527 3250s
   856   734 2585.00000   15  721 2595.00000 2585.00000  0.39%  3522 3257s
   858   735 2585.00000   10  724 2595.00000 2585.00000  0.39%  3514 3260s
   860   736 2585.00000   17  733 2595.00000 2585.00000  0.39%  3506 3278s
   862   739 2585.00000    8  713 2595.00000 2585.00000  0.39%  3574 3290s
   864   740 2585.00000   15  715 2595.00000 2585.00000  0.39%  3565 3296s
   865   741 2585.00000   13  716 2595.00000 2585.00000  0.39%  3561 3310s
   867   742 2585.00000   15  725 2595.00000 2585.00000  0.39%  3553 3316s
   868   743 2585.00000   16  727 2595.00000 2585.00000  0.39%  3549 3321s
   869   744 2585.00000   22  725 2595.00000 2585.00000  0.39%  3545 3326s
   870   744 2585.00000   14  725 2595.00000 2585.00000  0.39%  3541 3344s
   872   747 2585.00000    8  713 2595.00000 2585.00000  0.39%  3585 3355s
   874   748 2585.00000   18  715 2595.00000 2585.00000  0.39%  3577 3361s
   875   749 2585.00000   19  716 2595.00000 2585.00000  0.39%  3573 3375s
   877   750 2585.00000    8  720 2595.00000 2585.00000  0.39%  3565 3383s
   878   751 2585.00000   17  716 2595.00000 2585.00000  0.39%  3560 3388s
   879   752 2585.00000   15  712 2595.00000 2585.00000  0.39%  3556 3399s
   880   752 2585.00000   18  726 2595.00000 2585.00000  0.39%  3552 3406s
   882   754 2585.00000   12  725 2595.00000 2585.00000  0.39%  3544 3413s
   883   754 2585.00000    6  725 2595.00000 2585.00000  0.39%  3540 3427s
   885   757 2585.00000   13  713 2595.00000 2585.00000  0.39%  3617 3440s
   887   758 2585.00000    9  715 2595.00000 2585.00000  0.39%  3609 3447s
   888   759 2585.00000   11  717 2595.00000 2585.00000  0.39%  3605 3461s
   889   760 2585.00000    9  715 2595.00000 2585.00000  0.39%  3601 3467s
   890   760 2585.00000    6  716 2595.00000 2585.00000  0.39%  3597 3473s
   891   761 2585.00000   23  720 2595.00000 2585.00000  0.39%  3593 3482s
   892   762 2585.00000   15  720 2595.00000 2585.00000  0.39%  3589 3490s
   894   763 2585.00000   10  719 2595.00000 2585.00000  0.39%  3581 3510s
   896   766 2585.00000   14  713 2595.00000 2585.00000  0.39%  3643 3521s
   898   767 2585.00000   16  715 2595.00000 2585.00000  0.39%  3635 3528s
   899   768 2585.00000   18  716 2595.00000 2585.00000  0.39%  3631 3543s
   900   769 2585.00000    6  717 2595.00000 2585.00000  0.39%  3627 3547s
   901   769 2585.00000   12  716 2595.00000 2585.00000  0.39%  3623 3550s
   903   771 2585.00000   15  716 2595.00000 2585.00000  0.39%  3615 3565s
   905   773 2585.00000   13  713 2595.00000 2585.00000  0.39%  3658 3575s
   907   774 2585.00000   10  715 2595.00000 2585.00000  0.39%  3649 3582s
   908   775 2585.00000   14  715 2595.00000 2585.00000  0.39%  3645 3597s
   910   776 2585.00000    8  716 2595.00000 2585.00000  0.39%  3637 3606s
   913   778 2585.00000   10  714 2595.00000 2585.00000  0.39%  3626 3610s
   916   780 2585.00000   11  726 2595.00000 2585.00000  0.39%  3614 3616s
   917   781 2585.00000   17  726 2595.00000 2585.00000  0.39%  3610 3631s
   919   784 2585.00000    8  713 2595.00000 2585.00000  0.39%  3676 3644s
   921   785 2585.00000   17  715 2595.00000 2585.00000  0.39%  3668 3650s
   922   786 2585.00000   11  714 2595.00000 2585.00000  0.39%  3664 3666s
   924   787 2585.00000   13  721 2595.00000 2585.00000  0.39%  3656 3674s
   925   788 2585.00000   10  720 2595.00000 2585.00000  0.39%  3652 3676s
   927   789 2585.00000   17  731 2595.00000 2585.00000  0.39%  3644 3681s
   930   791 2585.00000   13  722 2595.00000 2585.00000  0.39%  3633 3697s
   932   794 2585.00000   13  713 2595.00000 2585.00000  0.39%  3697 3708s
   934   795 2585.00000   17  715 2595.00000 2585.00000  0.39%  3689 3715s
   935   796 2585.00000    6  714 2595.00000 2585.00000  0.39%  3685 3729s
   936   797 2585.00000   11  715 2595.00000 2585.00000  0.39%  3681 3735s
   938   798 2585.00000   14  714 2595.00000 2585.00000  0.39%  3674 3742s
   939   799 2585.00000   17  726 2595.00000 2585.00000  0.39%  3670 3745s
   942   801 2585.00000   13  730 2595.00000 2585.00000  0.39%  3658 3765s
   944   803 2585.00000   15  713 2595.00000 2585.00000  0.39%  3729 3778s
   946   804 2585.00000   14  715 2595.00000 2585.00000  0.39%  3721 3784s
   947   805 2585.00000   10  714 2595.00000 2585.00000  0.39%  3718 3798s
   948   806 2585.00000   15  716 2595.00000 2585.00000  0.39%  3714 3800s
   949   806 2585.00000    6  718 2595.00000 2585.00000  0.39%  3710 3805s
   950   807 2585.00000   11  720 2595.00000 2585.00000  0.39%  3706 3810s
   952   808 2585.00000   20  730 2595.00000 2585.00000  0.39%  3698 3816s
   954   810 2585.00000   16  732 2595.00000 2585.00000  0.39%  3690 3820s
   955   810 2585.00000   11  732 2595.00000 2585.00000  0.39%  3686 3836s
   957   813 2585.00000    8  713 2595.00000 2585.00000  0.39%  3752 3847s
   959   814 2585.00000   18  715 2595.00000 2585.00000  0.39%  3745 3854s
   960   815 2585.00000   17  715 2595.00000 2585.00000  0.39%  3741 3869s
   961   816 2585.00000   15  721 2595.00000 2585.00000  0.39%  3737 3871s
   962   816 2585.00000    8  721 2595.00000 2585.00000  0.39%  3733 3876s
   964   818 2585.00000   15  727 2595.00000 2585.00000  0.39%  3725 3883s
   965   818 2585.00000   13  721 2595.00000 2585.00000  0.39%  3721 3886s
   967   820 2585.00000   15  723 2595.00000 2585.00000  0.39%  3714 3890s
   969   821 2585.00000   22  733 2595.00000 2585.00000  0.39%  3706 3908s
   971   824 2585.00000   18  713 2595.00000 2585.00000  0.39%  3773 3920s
   973   825 2585.00000    9  715 2595.00000 2585.00000  0.39%  3766 3926s
   974   826 2585.00000   18  716 2595.00000 2585.00000  0.39%  3762 3941s
   975   827 2585.00000   19  716 2595.00000 2585.00000  0.39%  3758 3952s
   976   827 2585.00000    6  723 2595.00000 2585.00000  0.39%  3754 3957s
   978   829 2585.00000   17  724 2595.00000 2585.00000  0.39%  3746 3961s
   981   831 2585.00000   13  727 2595.00000 2585.00000  0.39%  3735 3980s
   983   833 2585.00000    6  713 2595.00000 2585.00000  0.39%  3796 3991s
   985   834 2585.00000   13  715 2595.00000 2585.00000  0.39%  3789 3997s
   986   835 2585.00000    6  712 2595.00000 2585.00000  0.39%  3785 4010s
   988   836 2585.00000   11  721 2595.00000 2585.00000  0.39%  3777 4017s
   989   837 2585.00000    9  720 2595.00000 2585.00000  0.39%  3773 4023s
   990   838 2585.00000    6  716 2595.00000 2585.00000  0.39%  3770 4027s
   991   838 2585.00000   23  716 2595.00000 2585.00000  0.39%  3766 4043s
   993   841 2585.00000   11  713 2595.00000 2585.00000  0.39%  3811 4053s
   995   842 2585.00000   11  715 2595.00000 2585.00000  0.39%  3803 4060s
   996   843 2585.00000   14  718 2595.00000 2585.00000  0.39%  3799 4075s
   998   844 2585.00000   16  716 2595.00000 2585.00000  0.39%  3792 4083s
   999   845 2585.00000   18  720 2595.00000 2585.00000  0.39%  3788 4094s
  1000   846 2585.00000    6  720 2595.00000 2585.00000  0.39%  3784 4099s
  1001   846 2585.00000   12  717 2595.00000 2585.00000  0.39%  3780 4102s
  1002   847 2585.00000   12  724 2595.00000 2585.00000  0.39%  3777 4106s
  1003   848 2585.00000   15  724 2595.00000 2585.00000  0.39%  3773 4121s
  1005   850 2585.00000   13  713 2595.00000 2585.00000  0.39%  3824 4133s
  1007   851 2585.00000   10  715 2595.00000 2585.00000  0.39%  3816 4139s
  1008   852 2585.00000   14  719 2595.00000 2585.00000  0.39%  3813 4154s
  1009   853 2585.00000   13  726 2595.00000 2585.00000  0.39%  3809 4158s
  1010   853 2585.00000    8  721 2595.00000 2585.00000  0.39%  3805 4160s
  1011   854 2585.00000   16  719 2595.00000 2585.00000  0.39%  3801 4165s
  1013   855 2585.00000   10  715 2595.00000 2585.00000  0.39%  3794 4170s
  1015   857 2585.00000   20  722 2595.00000 2585.00000  0.39%  3786 4187s
  1017   859 2585.00000   17  713 2595.00000 2585.00000  0.39%  3845 4191s
  1019   860 2585.00000    8  715 2595.00000 2585.00000  0.39%  3838 4197s
  1020   861 2585.00000   13  718 2595.00000 2585.00000  0.39%  3834 4213s
  1021   862 2585.00000   17  716 2595.00000 2585.00000  0.39%  3830 4219s
  1022   862 2585.00000   11  712 2595.00000 2585.00000  0.39%  3826 4221s
  1025   864 2585.00000   10  725 2595.00000 2585.00000  0.39%  3815 4227s
  1027   866 2585.00000   17  727 2595.00000 2585.00000  0.39%  3808 4247s
  1029   868 2585.00000    9  713 2595.00000 2585.00000  0.39%  3861 4258s
  1031   869 2585.00000   13  715 2595.00000 2585.00000  0.39%  3853 4265s
  1032   870 2585.00000   13  710 2595.00000 2585.00000  0.39%  3849 4279s
  1033   871 2585.00000    8  711 2595.00000 2585.00000  0.39%  3846 4280s
  1034   871 2585.00000   17  717 2595.00000 2585.00000  0.39%  3842 4286s
  1036   873 2585.00000   11  718 2595.00000 2585.00000  0.39%  3834 4297s
  1038   874 2585.00000   14  719 2595.00000 2585.00000  0.39%  3827 4300s
  1040   875 2585.00000   16  727 2595.00000 2585.00000  0.39%  3820 4318s
  1042   878 2585.00000   13  713 2595.00000 2585.00000  0.39%  3882 4329s
  1044   879 2585.00000   15  715 2595.00000 2585.00000  0.39%  3874 4336s
  1045   880 2585.00000   13  716 2595.00000 2585.00000  0.39%  3871 4349s
  1046   881 2585.00000   14  711 2595.00000 2585.00000  0.39%  3867 4351s
  1047   881 2585.00000   10  729 2595.00000 2585.00000  0.39%  3863 4355s
  1048   882 2585.00000   15  730 2595.00000 2585.00000  0.39%  3860 4361s
  1049   883 2585.00000    6  724 2595.00000 2585.00000  0.39%  3856 4366s
  1052   885 2585.00000   20  724 2595.00000 2585.00000  0.39%  3845 4370s
  1054   886 2585.00000   16  727 2595.00000 2585.00000  0.39%  3838 4396s
  1056   889 2585.00000   15  713 2595.00000 2585.00000  0.39%  3897 4408s
  1058   890 2585.00000   10  715 2595.00000 2585.00000  0.39%  3890 4414s
  1059   891 2585.00000   18  711 2595.00000 2585.00000  0.39%  3886 4429s
  1060   892 2585.00000   17  718 2595.00000 2585.00000  0.39%  3883 4439s
  1061   892 2585.00000   15  715 2595.00000 2585.00000  0.39%  3879 4445s
  1063   894 2585.00000   20  728 2595.00000 2585.00000  0.39%  3872 4452s
  1065   895 2585.00000   13  738 2595.00000 2585.00000  0.39%  3864 4471s
  1067   898 2585.00000   15  713 2595.00000 2585.00000  0.39%  3919 4482s
  1069   899 2585.00000   22  715 2595.00000 2585.00000  0.39%  3912 4489s
  1070   900 2585.00000   14  717 2595.00000 2585.00000  0.39%  3908 4503s
  1072   901 2585.00000    8  713 2595.00000 2585.00000  0.39%  3901 4510s
  1073   902 2585.00000    9  720 2595.00000 2585.00000  0.39%  3897 4516s
  1074   903 2585.00000   18  724 2595.00000 2585.00000  0.39%  3894 4524s
  1075   903 2585.00000   19  725 2595.00000 2585.00000  0.39%  3890 4527s
  1076   904 2585.00000    6  728 2595.00000 2585.00000  0.39%  3886 4533s
  1077   905 2585.00000    8  724 2595.00000 2585.00000  0.39%  3883 4536s
  1078   905 2585.00000   17  729 2595.00000 2585.00000  0.39%  3879 4542s
  1079   906 2585.00000   15  729 2595.00000 2585.00000  0.39%  3876 4560s
  1081   909 2585.00000   13  713 2595.00000 2585.00000  0.39%  3934 4573s
  1083   910 2585.00000    6  715 2595.00000 2585.00000  0.39%  3927 4580s
  1084   911 2585.00000   15  715 2595.00000 2585.00000  0.39%  3923 4595s
  1086   912 2585.00000    6  713 2595.00000 2585.00000  0.39%  3916 4602s
  1088   914 2585.00000   11  718 2595.00000 2585.00000  0.39%  3909 4606s
  1090   915 2585.00000    6  724 2595.00000 2585.00000  0.39%  3902 4610s
  1093   917 2585.00000   11  721 2595.00000 2585.00000  0.39%  3891 4629s
  1095   920 2585.00000   11  713 2595.00000 2585.00000  0.39%  3942 4641s
  1097   921 2585.00000   13  715 2595.00000 2585.00000  0.39%  3935 4648s
  1098   922 2585.00000   16  714 2595.00000 2585.00000  0.39%  3931 4661s
  1100   923 2585.00000    6  723 2595.00000 2585.00000  0.39%  3924 4667s
  1102   925 2585.00000   12  719 2595.00000 2585.00000  0.39%  3917 4673s
  1104   926 2585.00000    8  726 2595.00000 2585.00000  0.39%  3910 4676s
  1107   928 2585.00000   10  722 2595.00000 2585.00000  0.39%  3899 4695s
  1109   931 2585.00000   13  713 2595.00000 2585.00000  0.39%  3949 4707s
  1111   932 2585.00000   16  715 2595.00000 2585.00000  0.39%  3942 4714s
  1112   933 2585.00000   11  710 2595.00000 2585.00000  0.39%  3939 4728s
  1114   934 2585.00000   16  718 2595.00000 2585.00000  0.39%  3932 4735s
  1115   935 2585.00000   20  718 2595.00000 2585.00000  0.39%  3928 4740s
  1116   936 2585.00000   11  718 2595.00000 2585.00000  0.39%  3925 4749s
  1117   936 2585.00000   17  714 2595.00000 2585.00000  0.39%  3921 4750s
  1120   938 2585.00000   13  721 2595.00000 2585.00000  0.39%  3911 4756s
  1121   939 2585.00000   17  721 2595.00000 2585.00000  0.39%  3907 4772s
  1123   942 2585.00000   16  713 2595.00000 2585.00000  0.39%  3967 4782s
  1125   943 2585.00000   10  715 2595.00000 2585.00000  0.39%  3960 4789s
  1126   944 2585.00000   10  711 2595.00000 2585.00000  0.39%  3956 4804s
  1127   945 2585.00000   17  716 2595.00000 2585.00000  0.39%  3953 4814s
  1128   945 2585.00000   14  717 2595.00000 2585.00000  0.39%  3949 4821s
  1130   947 2585.00000   13  720 2595.00000 2585.00000  0.39%  3942 4825s
  1132   948 2585.00000   13  715 2595.00000 2585.00000  0.39%  3935 4846s
  1134   951 2585.00000   17  713 2595.00000 2585.00000  0.39%  3988 4857s
  1136   952 2585.00000   11  715 2595.00000 2585.00000  0.39%  3981 4864s
  1137   953 2585.00000   10  716 2595.00000 2585.00000  0.39%  3977 4878s
  1138   954 2585.00000   14  711 2595.00000 2585.00000  0.39%  3974 4890s
  1139   954 2585.00000   17  715 2595.00000 2585.00000  0.39%  3970 4895s
  1141   956 2585.00000   11  719 2595.00000 2585.00000  0.39%  3963 4902s
  1142   956 2585.00000   13  719 2595.00000 2585.00000  0.39%  3960 4918s
  1144   959 2585.00000   15  713 2595.00000 2585.00000  0.39%  4021 4929s
  1146   960 2585.00000   14  715 2595.00000 2585.00000  0.39%  4014 4935s
  1147   961 2585.00000   10  718 2595.00000 2585.00000  0.39%  4010 4950s
  1148   962 2585.00000   15  724 2595.00000 2585.00000  0.39%  4007 4959s
  1149   962 2585.00000    6  721 2595.00000 2585.00000  0.39%  4003 4967s
  1150   963 2585.00000   11  718 2595.00000 2585.00000  0.39%  4000 4971s
  1151   964 2585.00000    8  725 2595.00000 2585.00000  0.39%  3997 4977s
  1152   964 2585.00000   20  720 2595.00000 2585.00000  0.39%  3993 4981s
  1153   965 2585.00000   18  724 2595.00000 2585.00000  0.39%  3990 4987s
  1154   966 2585.00000   16  724 2595.00000 2585.00000  0.39%  3986 5002s
  1156   968 2585.00000   15  713 2595.00000 2585.00000  0.39%  4039 5014s
  1158   969 2585.00000   10  715 2595.00000 2585.00000  0.39%  4032 5021s
  1159   970 2585.00000   18  715 2595.00000 2585.00000  0.39%  4029 5035s
  1161   971 2585.00000   15  718 2595.00000 2585.00000  0.39%  4022 5040s
  1163   973 2585.00000   20  727 2595.00000 2585.00000  0.39%  4015 5046s
  1165   974 2585.00000   13  733 2595.00000 2585.00000  0.39%  4008 5050s
  1168   976 2585.00000   16  730 2595.00000 2585.00000  0.39%  3998 5072s
  1170   979 2585.00000   14  713 2595.00000 2585.00000  0.39%  4050 5085s
  1172   980 2585.00000    8  715 2595.00000 2585.00000  0.39%  4043 5091s
  1173   981 2585.00000    9  718 2595.00000 2585.00000  0.39%  4040 5105s
  1175   982 2585.00000   19  724 2595.00000 2585.00000  0.39%  4033 5113s
  1176   983 2585.00000    6  718 2595.00000 2585.00000  0.39%  4029 5115s
  1177   984 2585.00000    8  721 2595.00000 2585.00000  0.39%  4026 5120s
  1180   986 2585.00000   18  731 2595.00000 2585.00000  0.39%  4016 5126s
  1181   986 2585.00000   13  731 2595.00000 2585.00000  0.39%  4012 5142s
  1183   989 2585.00000    6  713 2595.00000 2585.00000  0.39%  4062 5154s
  1185   990 2585.00000   13  715 2595.00000 2585.00000  0.39%  4055 5160s
  1186   991 2585.00000    6  718 2595.00000 2585.00000  0.39%  4052 5174s
  1187   992 2585.00000    9  721 2595.00000 2585.00000  0.39%  4049 5175s
  1188   992 2585.00000   11  723 2595.00000 2585.00000  0.39%  4045 5182s
  1189   993 2585.00000    9  720 2595.00000 2585.00000  0.39%  4042 5186s
  1190   994 2585.00000    6  718 2595.00000 2585.00000  0.39%  4038 5193s
  1191   994 2585.00000   23  724 2595.00000 2585.00000  0.39%  4035 5196s
  1194   996 2585.00000   10  723 2595.00000 2585.00000  0.39%  4025 5214s
  1196   999 2585.00000   14  713 2595.00000 2585.00000  0.39%  4077 5224s
  1198  1000 2585.00000   16  715 2595.00000 2585.00000  0.39%  4071 5231s
  1199  1001 2585.00000   18  715 2595.00000 2585.00000  0.39%  4067 5246s
  1201  1002 2585.00000   12  717 2595.00000 2585.00000  0.39%  4061 5253s
  1202  1003 2585.00000   12  711 2595.00000 2585.00000  0.39%  4057 5257s
  1203  1004 2585.00000   15  718 2595.00000 2585.00000  0.39%  4054 5266s
  1205  1005 2585.00000   13  725 2595.00000 2585.00000  0.39%  4047 5270s
  1208  1007 2585.00000   14  724 2595.00000 2585.00000  0.39%  4037 5289s
  1210  1010 2585.00000    8  713 2595.00000 2585.00000  0.39%  4093 5300s
  1212  1011 2585.00000   11  715 2595.00000 2585.00000  0.39%  4087 5306s
  1213  1012 2585.00000   10  712 2595.00000 2585.00000  0.39%  4083 5322s
  1215  1013 2585.00000   20  726 2595.00000 2585.00000  0.39%  4077 5330s
  1216  1014 2585.00000   11  718 2595.00000 2585.00000  0.39%  4073 5335s
  1219  1016 2585.00000    8  730 2595.00000 2585.00000  0.39%  4063 5340s
  1222  1018 2585.00000   11  730 2595.00000 2585.00000  0.39%  4053 5360s
  1224  1021 2585.00000   13  713 2595.00000 2585.00000  0.39%  4105 5371s
  1226  1022 2585.00000   10  715 2595.00000 2585.00000  0.39%  4098 5378s
  1227  1023 2585.00000   17  713 2595.00000 2585.00000  0.39%  4095 5393s
  1228  1024 2585.00000   14  718 2595.00000 2585.00000  0.39%  4091 5398s
  1229  1024 2585.00000    9  714 2595.00000 2585.00000  0.39%  4088 5402s
  1230  1025 2585.00000   13  729 2595.00000 2585.00000  0.39%  4085 5408s
  1231  1026 2585.00000   13  722 2595.00000 2585.00000  0.39%  4082 5413s
  1232  1026 2585.00000   13  733 2595.00000 2585.00000  0.39%  4078 5416s
  1235  1028 2585.00000    6  739 2595.00000 2585.00000  0.39%  4068 5437s
  1237  1031 2585.00000   10  713 2595.00000 2585.00000  0.39%  4121 5450s
  1239  1032 2585.00000   17  715 2595.00000 2585.00000  0.39%  4114 5457s
  1240  1033 2585.00000   16  716 2595.00000 2585.00000  0.39%  4111 5472s
  1242  1034 2585.00000   13  726 2595.00000 2585.00000  0.39%  4104 5478s
  1243  1035 2585.00000   13  716 2595.00000 2585.00000  0.39%  4101 5484s
  1244  1036 2585.00000   15  728 2595.00000 2585.00000  0.39%  4097 5488s
  1246  1037 2585.00000   14  718 2595.00000 2585.00000  0.39%  4091 5491s
  1249  1039 2585.00000    6  725 2595.00000 2585.00000  0.39%  4081 5509s
  1251  1042 2585.00000    8  713 2595.00000 2585.00000  0.39%  4127 5520s
  1253  1043 2585.00000   18  715 2595.00000 2585.00000  0.39%  4121 5527s
  1254  1044 2585.00000   16  714 2595.00000 2585.00000  0.39%  4118 5542s
  1255  1045 2585.00000   11  721 2595.00000 2585.00000  0.39%  4114 5546s
  1256  1045 2585.00000   15  720 2595.00000 2585.00000  0.39%  4111 5552s
  1257  1046 2585.00000    8  724 2595.00000 2585.00000  0.39%  4108 5561s
  1260  1048 2585.00000   17  743 2595.00000 2585.00000  0.39%  4098 5566s
  1261  1049 2585.00000   15  743 2595.00000 2585.00000  0.39%  4095 5580s
  1263  1051 2585.00000   20  713 2595.00000 2585.00000  0.39%  4143 5591s
  1265  1052 2585.00000   13  715 2595.00000 2585.00000  0.39%  4136 5598s
  1266  1053 2585.00000   12  714 2595.00000 2585.00000  0.39%  4133 5612s
  1268  1054 2585.00000   16  726 2595.00000 2585.00000  0.39%  4127 5618s
  1269  1055 2585.00000   22  721 2595.00000 2585.00000  0.39%  4123 5622s
  1270  1056 2585.00000   14  722 2595.00000 2585.00000  0.39%  4120 5629s
  1271  1056 2585.00000   18  721 2595.00000 2585.00000  0.39%  4117 5630s
  1274  1058 2585.00000   18  722 2595.00000 2585.00000  0.39%  4107 5635s
  1275  1059 2585.00000   19  722 2595.00000 2585.00000  0.39%  4104 5652s
  1277  1062 2585.00000    8  713 2595.00000 2585.00000  0.39%  4149 5663s
  1279  1063 2585.00000   15  715 2595.00000 2585.00000  0.39%  4142 5670s
  1280  1064 2585.00000   18  717 2595.00000 2585.00000  0.39%  4139 5686s
  1281  1065 2585.00000   13  721 2595.00000 2585.00000  0.39%  4136 5695s
  1282  1065 2585.00000   12  719 2595.00000 2585.00000  0.39%  4133 5703s
  1283  1066 2585.00000    6  721 2595.00000 2585.00000  0.39%  4129 5706s
  1286  1068 2585.00000    6  730 2595.00000 2585.00000  0.39%  4120 5711s
  1287  1069 2585.00000    9  730 2595.00000 2585.00000  0.39%  4117 5727s
  1289  1071 2585.00000    9  713 2595.00000 2585.00000  0.39%  4172 5738s
  1291  1072 2585.00000   23  715 2595.00000 2585.00000  0.39%  4165 5745s
  1292  1073 2585.00000   15  714 2595.00000 2585.00000  0.39%  4162 5759s
  1293  1074 2585.00000   11  715 2595.00000 2585.00000  0.39%  4159 5761s
  1294  1074 2585.00000   10  725 2595.00000 2585.00000  0.39%  4155 5765s
  1295  1075 2585.00000   11  722 2595.00000 2585.00000  0.39%  4152 5770s
  1296  1076 2585.00000   14  723 2595.00000 2585.00000  0.39%  4149 5777s
  1298  1077 2585.00000   16  718 2595.00000 2585.00000  0.39%  4143 5780s
  1300  1078 2585.00000    6  722 2595.00000 2585.00000  0.39%  4136 5796s
  1302  1081 2585.00000   12  713 2595.00000 2585.00000  0.39%  4180 5808s
  1304  1082 2585.00000    8  715 2595.00000 2585.00000  0.39%  4173 5815s
  1305  1083 2585.00000   13  707 2595.00000 2585.00000  0.39%  4170 5830s
  1307  1084 2585.00000   10  721 2595.00000 2585.00000  0.39%  4164 5836s
  1308  1085 2585.00000   14  716 2595.00000 2585.00000  0.39%  4160 5841s
  1309  1086 2585.00000   13  722 2595.00000 2585.00000  0.39%  4157 5845s
  1311  1087 2585.00000   16  729 2595.00000 2585.00000  0.39%  4151 5851s
  1314  1089 2585.00000   16  732 2595.00000 2585.00000  0.39%  4141 5870s
  1316  1092 2585.00000   11  713 2595.00000 2585.00000  0.39%  4184 5881s
  1318  1093 2585.00000    9  715 2595.00000 2585.00000  0.39%  4178 5888s
  1319  1094 2585.00000    8  714 2595.00000 2585.00000  0.39%  4175 5902s
  1321  1095 2585.00000   17  722 2595.00000 2585.00000  0.39%  4168 5908s
  1322  1096 2585.00000   11  711 2595.00000 2585.00000  0.39%  4165 5914s
  1323  1097 2585.00000   16  710 2595.00000 2585.00000  0.39%  4162 5918s
  1324  1097 2585.00000   13  725 2595.00000 2585.00000  0.39%  4159 5921s
  1326  1099 2585.00000   10  729 2595.00000 2585.00000  0.39%  4153 5925s
  1327  1099 2585.00000   17  729 2595.00000 2585.00000  0.39%  4150 5940s
  1329  1102 2585.00000    9  713 2595.00000 2585.00000  0.39%  4200 5951s
  1331  1103 2585.00000   13  715 2595.00000 2585.00000  0.39%  4194 5958s
  1332  1104 2585.00000   13  713 2595.00000 2585.00000  0.39%  4191 5973s
  1333  1105 2585.00000    8  721 2595.00000 2585.00000  0.39%  4188 5979s
  1334  1105 2585.00000   17  722 2595.00000 2585.00000  0.39%  4185 5983s
  1335  1106 2585.00000    6  725 2595.00000 2585.00000  0.39%  4182 5992s
  1337  1107 2585.00000   10  727 2595.00000 2585.00000  0.39%  4175 5995s
  1339  1109 2585.00000   17  732 2595.00000 2585.00000  0.39%  4169 6013s
  1341  1111 2585.00000   11  713 2595.00000 2585.00000  0.39%  4214 6025s
  1343  1112 2585.00000   13  715 2595.00000 2585.00000  0.39%  4207 6032s
  1344  1113 2585.00000   15  721 2595.00000 2585.00000  0.39%  4204 6045s
  1346  1114 2585.00000   14  728 2595.00000 2585.00000  0.39%  4198 6051s
  1347  1115 2585.00000   10  730 2595.00000 2585.00000  0.39%  4195 6057s
  1348  1116 2585.00000   15  725 2595.00000 2585.00000  0.39%  4192 6061s
  1349  1116 2585.00000    6  725 2595.00000 2585.00000  0.39%  4189 6077s
  1351  1119 2585.00000    8  713 2595.00000 2585.00000  0.39%  4218 6090s
  1353  1120 2585.00000   18  715 2595.00000 2585.00000  0.39%  4212 6097s
  1354  1121 2585.00000   16  715 2595.00000 2585.00000  0.39%  4209 6111s
  1356  1122 2585.00000   15  721 2595.00000 2585.00000  0.39%  4203 6117s
  1357  1123 2585.00000    8  719 2595.00000 2585.00000  0.39%  4200 6122s
  1358  1124 2585.00000   10  717 2595.00000 2585.00000  0.39%  4197 6129s
  1359  1124 2585.00000   18  731 2595.00000 2585.00000  0.39%  4194 6133s
  1360  1125 2585.00000   17  729 2595.00000 2585.00000  0.39%  4190 6135s
  1361  1126 2585.00000   15  729 2595.00000 2585.00000  0.39%  4187 6153s
  1363  1128 2585.00000   20  713 2595.00000 2585.00000  0.39%  4234 6163s
  1365  1129 2585.00000   13  715 2595.00000 2585.00000  0.39%  4228 6170s
  1366  1130 2585.00000   12  714 2595.00000 2585.00000  0.39%  4225 6184s
  1367  1131 2585.00000   15  717 2595.00000 2585.00000  0.39%  4222 6185s
  1368  1131 2585.00000   16  721 2595.00000 2585.00000  0.39%  4219 6191s
  1369  1132 2585.00000   22  720 2595.00000 2585.00000  0.39%  4216 6196s
  1370  1133 2585.00000   14  719 2595.00000 2585.00000  0.39%  4213 6204s
  1371  1133 2585.00000   18  719 2595.00000 2585.00000  0.39%  4210 6206s
  1374  1135 2585.00000   18  727 2595.00000 2585.00000  0.39%  4200 6225s
  1376  1138 2585.00000    6  713 2595.00000 2585.00000  0.39%  4244 6238s
  1378  1139 2585.00000   17  715 2595.00000 2585.00000  0.39%  4237 6244s
  1379  1140 2585.00000   15  715 2595.00000 2585.00000  0.39%  4234 6261s
  1380  1141 2585.00000   18  718 2595.00000 2585.00000  0.39%  4231 6267s
  1381  1141 2585.00000   13  717 2595.00000 2585.00000  0.39%  4228 6271s
  1382  1142 2585.00000   12  716 2595.00000 2585.00000  0.39%  4225 6277s
  1383  1143 2585.00000    6  726 2595.00000 2585.00000  0.39%  4222 6280s
  1385  1144 2585.00000   13  721 2595.00000 2585.00000  0.39%  4216 6299s
  1387  1147 2585.00000    9  713 2595.00000 2585.00000  0.39%  4260 6309s
  1389  1148 2585.00000    9  715 2595.00000 2585.00000  0.39%  4254 6316s
  1390  1149 2585.00000    6  714 2595.00000 2585.00000  0.39%  4250 6331s
  1392  1150 2585.00000   15  727 2595.00000 2585.00000  0.39%  4244 6338s
  1393  1151 2585.00000   11  722 2595.00000 2585.00000  0.39%  4241 6343s
  1394  1152 2585.00000   10  720 2595.00000 2585.00000  0.39%  4238 6350s
  1398  1154 2585.00000   16  735 2595.00000 2585.00000  0.39%  4226 6357s
  1399  1155 2585.00000   18  735 2595.00000 2585.00000  0.39%  4223 6374s
  1401  1158 2585.00000   12  713 2595.00000 2585.00000  0.39%  4269 6385s
  1403  1159 2585.00000   15  715 2595.00000 2585.00000  0.39%  4263 6392s
  1404  1160 2585.00000    8  713 2595.00000 2585.00000  0.39%  4260 6406s
  1406  1161 2585.00000   11  712 2595.00000 2585.00000  0.39%  4254 6413s
  1407  1162 2585.00000   10  714 2595.00000 2585.00000  0.39%  4251 6417s
  1408  1163 2585.00000   14  713 2595.00000 2585.00000  0.39%  4248 6427s
  1410  1164 2585.00000    8  720 2595.00000 2585.00000  0.39%  4242 6430s
  1412  1165 2585.00000   11  728 2595.00000 2585.00000  0.39%  4236 6448s
  1414  1168 2585.00000   16  713 2595.00000 2585.00000  0.39%  4279 6461s
  1416  1169 2585.00000   11  715 2595.00000 2585.00000  0.39%  4273 6467s
  1417  1170 2585.00000   17  715 2595.00000 2585.00000  0.39%  4270 6481s
  1419  1171 2585.00000    8  723 2595.00000 2585.00000  0.39%  4264 6488s
  1420  1172 2585.00000   13  718 2595.00000 2585.00000  0.39%  4261 6493s
  1421  1173 2585.00000   17  717 2595.00000 2585.00000  0.39%  4258 6500s
  1423  1174 2585.00000   16  722 2595.00000 2585.00000  0.39%  4252 6514s
  1424  1175 2585.00000   13  719 2595.00000 2585.00000  0.39%  4249 6520s
  1425  1175 2585.00000   10  719 2595.00000 2585.00000  0.39%  4246 6535s
  1427  1178 2585.00000   17  713 2595.00000 2585.00000  0.39%  4284 6546s
  1429  1179 2585.00000    9  715 2595.00000 2585.00000  0.39%  4278 6553s
  1430  1180 2585.00000   13  715 2595.00000 2585.00000  0.39%  4275 6568s
  1431  1181 2585.00000   13  720 2595.00000 2585.00000  0.39%  4272 6572s
  1433  1182 2585.00000    8  718 2595.00000 2585.00000  0.39%  4266 6580s
  1435  1183 2585.00000    6  717 2595.00000 2585.00000  0.39%  4260 6585s
  1436  1184 2585.00000   11  717 2595.00000 2585.00000  0.39%  4257 6602s
  1438  1187 2585.00000   14  713 2595.00000 2585.00000  0.39%  4296 6606s
  1440  1188 2585.00000   16  715 2595.00000 2585.00000  0.39%  4290 6613s
  1441  1189 2585.00000   11  715 2595.00000 2585.00000  0.39%  4287 6627s
  1443  1190 2585.00000   13  721 2595.00000 2585.00000  0.39%  4281 6633s
  1444  1191 2585.00000   15  722 2595.00000 2585.00000  0.39%  4278 6635s
  1445  1192 2585.00000   13  720 2595.00000 2585.00000  0.39%  4275 6640s
  1448  1194 2585.00000   15  730 2595.00000 2585.00000  0.39%  4266 6647s
  1449  1194 2585.00000    6  730 2595.00000 2585.00000  0.39%  4263 6662s
  1451  1197 2585.00000    8  713 2595.00000 2585.00000  0.39%  4307 6674s
  1453  1198 2585.00000   18  715 2595.00000 2585.00000  0.39%  4301 6681s
  1454  1199 2585.00000   16  717 2595.00000 2585.00000  0.39%  4298 6695s
  1456  1200 2585.00000   15  722 2595.00000 2585.00000  0.39%  4292 6707s
  1457  1201 2585.00000    8  723 2595.00000 2585.00000  0.39%  4289 6712s
  1459  1202 2585.00000   18  727 2595.00000 2585.00000  0.39%  4283 6716s
  1462  1204 2585.00000    8  729 2595.00000 2585.00000  0.39%  4274 6737s
  1464  1207 2585.00000   15  713 2595.00000 2585.00000  0.39%  4316 6750s
  1466  1208 2585.00000   12  715 2595.00000 2585.00000  0.39%  4310 6757s
  1467  1209 2585.00000   15  709 2595.00000 2585.00000  0.39%  4307 6771s
  1469  1210 2585.00000   22  720 2595.00000 2585.00000  0.39%  4301 6778s
  1470  1211 2585.00000   14  721 2595.00000 2585.00000  0.39%  4298 6783s
  1471  1212 2585.00000   18  716 2595.00000 2585.00000  0.39%  4295 6791s
  1474  1214 2585.00000   18  734 2595.00000 2585.00000  0.39%  4287 6797s
  1475  1214 2585.00000   19  734 2595.00000 2585.00000  0.39%  4284 6812s
  1477  1217 2585.00000    8  713 2595.00000 2585.00000  0.39%  4325 6824s
  1479  1218 2585.00000   15  715 2595.00000 2585.00000  0.39%  4319 6830s
  1480  1219 2585.00000   18  708 2595.00000 2585.00000  0.39%  4316 6845s
  1482  1220 2585.00000   12  711 2595.00000 2585.00000  0.39%  4310 6851s
  1483  1221 2585.00000    6  718 2595.00000 2585.00000  0.39%  4307 6856s
  1484  1222 2585.00000   15  721 2595.00000 2585.00000  0.39%  4304 6863s
  1486  1223 2585.00000    6  721 2595.00000 2585.00000  0.39%  4299 6867s
  1488  1224 2585.00000   11  724 2595.00000 2585.00000  0.39%  4293 6884s
  1490  1227 2585.00000    6  713 2595.00000 2585.00000  0.39%  4337 6898s
  1492  1228 2585.00000   15  715 2595.00000 2585.00000  0.39%  4331 6904s
  1493  1229 2585.00000   11  714 2595.00000 2585.00000  0.39%  4328 6918s
  1494  1230 2585.00000   10  716 2595.00000 2585.00000  0.39%  4325 6920s
  1496  1231 2585.00000   14  720 2595.00000 2585.00000  0.39%  4320 6929s
  1497  1232 2585.00000   13  722 2595.00000 2585.00000  0.39%  4317 6938s
  1498  1232 2585.00000   16  727 2595.00000 2585.00000  0.39%  4314 6941s
  1500  1234 2585.00000    6  725 2595.00000 2585.00000  0.39%  4308 6958s
  1502  1236 2585.00000   12  713 2595.00000 2585.00000  0.39%  4349 6969s
  1504  1237 2585.00000    8  715 2595.00000 2585.00000  0.39%  4343 6976s
  1505  1238 2585.00000   13  709 2595.00000 2585.00000  0.39%  4340 6989s
  1506  1239 2585.00000   11  716 2595.00000 2585.00000  0.39%  4337 6991s
  1507  1239 2585.00000   10  719 2595.00000 2585.00000  0.39%  4334 7001s
  1508  1240 2585.00000   14  723 2595.00000 2585.00000  0.39%  4331 7009s
  1509  1241 2585.00000   13  722 2595.00000 2585.00000  0.39%  4329 7010s
  1512  1243 2585.00000   11  726 2595.00000 2585.00000  0.39%  4320 7016s
  1513  1243 2585.00000   10  726 2595.00000 2585.00000  0.39%  4317 7031s
  1515  1246 2585.00000   20  713 2595.00000 2585.00000  0.39%  4359 7044s
  1517  1247 2585.00000   17  715 2595.00000 2585.00000  0.39%  4353 7051s
  1518  1248 2585.00000    9  714 2595.00000 2585.00000  0.39%  4350 7065s
  1520  1249 2585.00000   13  710 2595.00000 2585.00000  0.39%  4345 7073s
  1521  1250 2585.00000   17  711 2595.00000 2585.00000  0.39%  4342 7078s
  1522  1251 2585.00000   11  710 2595.00000 2585.00000  0.39%  4339 7083s
  1523  1251 2585.00000   16  724 2595.00000 2585.00000  0.39%  4336 7085s
  1526  1253 2585.00000   10  724 2595.00000 2585.00000  0.39%  4328 7106s
  1528  1256 2585.00000   14  713 2595.00000 2585.00000  0.39%  4366 7118s
  1530  1257 2585.00000   13  715 2595.00000 2585.00000  0.39%  4360 7125s
  1531  1258 2585.00000   13  719 2595.00000 2585.00000  0.39%  4357 7139s
  1532  1259 2585.00000   13  717 2595.00000 2585.00000  0.39%  4354 7141s
  1533  1259 2585.00000    8  721 2595.00000 2585.00000  0.39%  4352 7147s
  1534  1260 2585.00000   17  723 2595.00000 2585.00000  0.39%  4349 7151s
  1535  1261 2585.00000    6  718 2595.00000 2585.00000  0.39%  4346 7158s
  1536  1261 2585.00000   11  731 2595.00000 2585.00000  0.39%  4343 7160s
  1539  1263 2585.00000   17  722 2595.00000 2585.00000  0.39%  4335 7181s
  1541  1266 2585.00000   11  713 2595.00000 2585.00000  0.39%  4373 7192s
  1543  1267 2585.00000   13  715 2595.00000 2585.00000  0.39%  4368 7198s
  1544  1268 2585.00000   15  714 2595.00000 2585.00000  0.39%  4365 7212s
  1546  1269 2585.00000   14  718 2595.00000 2585.00000  0.39%  4359 7219s
  1547  1270 2585.00000   10  713 2595.00000 2585.00000  0.39%  4356 7223s
  1548  1271 2585.00000   15  722 2595.00000 2585.00000  0.39%  4353 7231s
  1550  1272 2585.00000   11  724 2595.00000 2585.00000  0.39%  4348 7238s
  1551  1273 2585.00000    8  724 2595.00000 2585.00000  0.39%  4345 7252s
  1553  1275 2585.00000   18  713 2595.00000 2585.00000  0.39%  4385 7262s
  1555  1276 2585.00000   11  715 2595.00000 2585.00000  0.39%  4380 7269s
  1556  1277 2585.00000   15  711 2595.00000 2585.00000  0.39%  4377 7282s
  1558  1278 2585.00000   10  724 2595.00000 2585.00000  0.39%  4371 7290s
  1559  1279 2585.00000   18  726 2595.00000 2585.00000  0.39%  4369 7296s
  1560  1280 2585.00000   17  723 2595.00000 2585.00000  0.39%  4366 7304s
  1561  1280 2585.00000   15  722 2595.00000 2585.00000  0.39%  4363 7307s
H 1562  1216                    2594.0000000 2585.00000  0.35%  4360 7327s
  1563  1217 2585.00000   20  722 2594.00000 2585.00000  0.35%  4357 7334s
H 1563  1158                    2593.0000000 2585.00000  0.31%  4400 7336s
  1565  1158 2585.00000   13  713 2593.00000 2585.00000  0.31%  4394 7346s
  1567  1159 2585.00000   15  715 2593.00000 2585.00000  0.31%  4389 7353s
  1568  1160 2585.00000   16  711 2593.00000 2585.00000  0.31%  4386 7368s
  1569  1161 2585.00000   22  720 2593.00000 2585.00000  0.31%  4383 7372s
  1570  1161 2585.00000   14  717 2593.00000 2585.00000  0.31%  4380 7378s
  1571  1162 2585.00000   18  718 2593.00000 2585.00000  0.31%  4377 7386s
  1573  1163 2585.00000    9  718 2593.00000 2585.00000  0.31%  4372 7392s
  1574  1164 2585.00000   18  718 2593.00000 2585.00000  0.31%  4369 7410s
  1576  1167 2585.00000    6  713 2593.00000 2585.00000  0.31%  4406 7423s
  1578  1168 2585.00000   17  715 2593.00000 2585.00000  0.31%  4400 7430s
  1579  1169 2585.00000   15  717 2593.00000 2585.00000  0.31%  4397 7443s
  1580  1170 2585.00000   18  718 2593.00000 2585.00000  0.31%  4395 7445s
  1582  1171 2585.00000   12  714 2593.00000 2585.00000  0.31%  4389 7453s
  1583  1172 2585.00000    6  714 2593.00000 2585.00000  0.31%  4386 7460s
  1585  1173 2585.00000   13  720 2593.00000 2585.00000  0.31%  4381 7466s
  1587  1174 2585.00000    9  717 2593.00000 2585.00000  0.31%  4375 7484s
  1589  1177 2585.00000    9  713 2593.00000 2585.00000  0.31%  4411 7488s
  1591  1178 2585.00000   23  715 2593.00000 2585.00000  0.31%  4405 7494s
  1592  1179 2585.00000   15  716 2593.00000 2585.00000  0.31%  4402 7508s
  1594  1180 2585.00000   10  718 2593.00000 2585.00000  0.31%  4397 7520s
  1595  1181 2585.00000   11  725 2593.00000 2585.00000  0.31%  4394 7525s
  1599  1184 2585.00000   18  736 2593.00000 2585.00000  0.31%  4383 7531s
  1600  1184 2585.00000    6  736 2593.00000 2585.00000  0.31%  4380 7549s
  1602  1187 2585.00000   12  713 2593.00000 2585.00000  0.31%  4415 7567s
  1604  1188 2585.00000    8  715 2593.00000 2585.00000  0.31%  4409 7574s
  1605  1189 2585.00000   13  720 2593.00000 2585.00000  0.31%  4406 7587s
  1607  1190 2585.00000   10  718 2593.00000 2585.00000  0.31%  4401 7594s
  1608  1191 2585.00000   14  714 2593.00000 2585.00000  0.31%  4398 7598s
  1609  1192 2585.00000   13  715 2593.00000 2585.00000  0.31%  4395 7607s
  1610  1192 2585.00000    8  726 2593.00000 2585.00000  0.31%  4393 7610s
  1613  1194 2585.00000   10  718 2593.00000 2585.00000  0.31%  4384 7628s
  1615  1197 2585.00000   20  713 2593.00000 2585.00000  0.31%  4418 7643s
  1617  1198 2585.00000   17  715 2593.00000 2585.00000  0.31%  4412 7650s
  1618  1199 2585.00000    9  713 2593.00000 2585.00000  0.31%  4409 7663s
  1619  1200 2585.00000    8  714 2593.00000 2585.00000  0.31%  4407 7665s
  1620  1200 2585.00000   13  714 2593.00000 2585.00000  0.31%  4404 7676s
  1621  1201 2585.00000   17  722 2593.00000 2585.00000  0.31%  4401 7684s
  1622  1202 2585.00000   11  722 2593.00000 2585.00000  0.31%  4399 7688s
  1623  1202 2585.00000   16  720 2593.00000 2585.00000  0.31%  4396 7690s
  1624  1203 2585.00000   13  720 2593.00000 2585.00000  0.31%  4393 7705s
  1626  1206 2585.00000   10  713 2593.00000 2585.00000  0.31%  4428 7719s
  1628  1207 2585.00000   14  715 2593.00000 2585.00000  0.31%  4423 7726s
  1629  1208 2585.00000    9  711 2593.00000 2585.00000  0.31%  4420 7739s
  1630  1209 2585.00000   13  711 2593.00000 2585.00000  0.31%  4417 7740s
  1631  1209 2585.00000   13  723 2593.00000 2585.00000  0.31%  4415 7745s
  1632  1210 2585.00000   13  719 2593.00000 2585.00000  0.31%  4412 7750s
  1633  1211 2585.00000    8  722 2593.00000 2585.00000  0.31%  4409 7759s
  1634  1211 2585.00000   17  735 2593.00000 2585.00000  0.31%  4407 7763s
  1635  1212 2585.00000    6  733 2593.00000 2585.00000  0.31%  4404 7766s
  1636  1213 2585.00000   11  728 2593.00000 2585.00000  0.31%  4401 7771s
  1637  1213 2585.00000   10  728 2593.00000 2585.00000  0.31%  4398 7789s
  1639  1216 2585.00000   17  713 2593.00000 2585.00000  0.31%  4433 7802s
  1641  1217 2585.00000   11  715 2593.00000 2585.00000  0.31%  4428 7808s
  1642  1218 2585.00000   13  714 2593.00000 2585.00000  0.31%  4425 7822s
  1644  1219 2585.00000   15  710 2593.00000 2585.00000  0.31%  4420 7829s
  1645  1220 2585.00000   13  709 2593.00000 2585.00000  0.31%  4417 7831s
  1646  1221 2585.00000   14  722 2593.00000 2585.00000  0.31%  4414 7838s
  1647  1221 2585.00000   10  720 2593.00000 2585.00000  0.31%  4412 7841s
  1650  1223 2585.00000   11  718 2593.00000 2585.00000  0.31%  4404 7862s
  1652  1226 2585.00000   20  713 2593.00000 2585.00000  0.31%  4443 7874s
  1654  1227 2585.00000   16  715 2593.00000 2585.00000  0.31%  4438 7880s
  1655  1228 2585.00000   11  715 2593.00000 2585.00000  0.31%  4435 7894s
  1656  1229 2585.00000   15  714 2593.00000 2585.00000  0.31%  4433 7895s
  1657  1229 2585.00000    8  724 2593.00000 2585.00000  0.31%  4430 7901s
  1658  1230 2585.00000   10  721 2593.00000 2585.00000  0.31%  4427 7905s
  1659  1231 2585.00000   18  719 2593.00000 2585.00000  0.31%  4425 7916s
  1660  1231 2585.00000   17  720 2593.00000 2585.00000  0.31%  4422 7925s
  1661  1232 2585.00000   15  720 2593.00000 2585.00000  0.31%  4419 7931s
  1662  1233 2585.00000    8  720 2593.00000 2585.00000  0.31%  4417 7947s
  1664  1235 2585.00000   15  713 2593.00000 2585.00000  0.31%  4452 7952s
  1666  1236 2585.00000   12  715 2593.00000 2585.00000  0.31%  4447 7958s
  1667  1237 2585.00000   15  713 2593.00000 2585.00000  0.31%  4444 7973s
  1669  1238 2585.00000   22  722 2593.00000 2585.00000  0.31%  4439 7980s
  1671  1240 2585.00000   18  718 2593.00000 2585.00000  0.31%  4433 7987s
  1672  1240 2585.00000    8  721 2593.00000 2585.00000  0.31%  4431 7990s
  1675  1242 2585.00000   19  731 2593.00000 2585.00000  0.31%  4423 8009s
  1677  1245 2585.00000    8  713 2593.00000 2585.00000  0.31%  4458 8021s
  1679  1246 2585.00000   15  715 2593.00000 2585.00000  0.31%  4452 8028s
  1680  1247 2585.00000   18  706 2593.00000 2585.00000  0.31%  4450 8042s
  1682  1248 2585.00000   12  718 2593.00000 2585.00000  0.31%  4444 8048s
  1683  1249 2585.00000    6  714 2593.00000 2585.00000  0.31%  4442 8051s
  1685  1250 2585.00000   13  711 2593.00000 2585.00000  0.31%  4436 8055s
  1688  1252 2585.00000   11  725 2593.00000 2585.00000  0.31%  4429 8061s
  1689  1253 2585.00000    9  725 2593.00000 2585.00000  0.31%  4426 8077s
  1691  1256 2585.00000   23  713 2593.00000 2585.00000  0.31%  4459 8089s
  1693  1257 2585.00000   11  715 2593.00000 2585.00000  0.31%  4454 8096s
  1694  1258 2585.00000   10  715 2593.00000 2585.00000  0.31%  4452 8110s
  1696  1259 2585.00000   14  714 2593.00000 2585.00000  0.31%  4446 8117s
  1698  1261 2585.00000   16  717 2593.00000 2585.00000  0.31%  4441 8122s
  1700  1262 2585.00000    6  719 2593.00000 2585.00000  0.31%  4436 8125s
  1703  1264 2585.00000   15  715 2593.00000 2585.00000  0.31%  4428 8145s
  1705  1267 2585.00000   13  713 2593.00000 2585.00000  0.31%  4460 8158s
  1707  1268 2585.00000   10  715 2593.00000 2585.00000  0.31%  4455 8164s
  1708  1269 2585.00000   14  711 2593.00000 2585.00000  0.31%  4452 8179s
  1709  1270 2585.00000   13  718 2593.00000 2585.00000  0.31%  4450 8183s
  1710  1270 2585.00000    8  716 2593.00000 2585.00000  0.31%  4447 8187s
  1711  1271 2585.00000   16  725 2593.00000 2585.00000  0.31%  4444 8194s
  1712  1272 2585.00000   11  722 2593.00000 2585.00000  0.31%  4442 8195s
  1715  1274 2585.00000   20  723 2593.00000 2585.00000  0.31%  4434 8201s
  1716  1274 2585.00000   11  723 2593.00000 2585.00000  0.31%  4431 8219s
  1718  1277 2585.00000    9  713 2593.00000 2585.00000  0.31%  4464 8234s
  1720  1278 2585.00000   13  715 2593.00000 2585.00000  0.31%  4459 8240s
  1721  1279 2585.00000   17  716 2593.00000 2585.00000  0.31%  4457 8254s
  1722  1280 2585.00000   11  714 2593.00000 2585.00000  0.31%  4454 8255s
  1723  1280 2585.00000   16  714 2593.00000 2585.00000  0.31%  4451 8260s
  1724  1281 2585.00000   13  712 2593.00000 2585.00000  0.31%  4449 8265s
  1725  1282 2585.00000   10  711 2593.00000 2585.00000  0.31%  4446 8274s
  1726  1282 2585.00000   10  719 2593.00000 2585.00000  0.31%  4444 8278s
  1727  1283 2585.00000   17  716 2593.00000 2585.00000  0.31%  4441 8283s
  1728  1284 2585.00000   14  721 2593.00000 2585.00000  0.31%  4438 8287s
  1729  1284 2585.00000    9  721 2593.00000 2585.00000  0.31%  4436 8307s
  1731  1287 2585.00000   13  713 2593.00000 2585.00000  0.31%  4469 8319s
  1733  1288 2585.00000    8  715 2593.00000 2585.00000  0.31%  4464 8326s
  1734  1289 2585.00000   17  711 2593.00000 2585.00000  0.31%  4461 8339s
  1735  1290 2585.00000    6  712 2593.00000 2585.00000  0.31%  4458 8341s
  1736  1290 2585.00000   11  717 2593.00000 2585.00000  0.31%  4456 8348s
  1737  1291 2585.00000   10  716 2593.00000 2585.00000  0.31%  4453 8353s
  1739  1292 2585.00000   17  729 2593.00000 2585.00000  0.31%  4448 8356s
  1742  1294 2585.00000   13  723 2593.00000 2585.00000  0.31%  4441 8378s
  1744  1297 2585.00000   15  713 2593.00000 2585.00000  0.31%  4478 8391s
  1746  1298 2585.00000   14  715 2593.00000 2585.00000  0.31%  4473 8398s
  1747  1299 2585.00000   10  717 2593.00000 2585.00000  0.31%  4471 8414s
  1748  1300 2585.00000   15  718 2593.00000 2585.00000  0.31%  4468 8419s
  1749  1300 2585.00000    6  715 2593.00000 2585.00000  0.31%  4466 8423s
  1750  1301 2585.00000   11  722 2593.00000 2585.00000  0.31%  4463 8429s
  1751  1302 2585.00000    8  717 2593.00000 2585.00000  0.31%  4460 8430s
  1754  1304 2585.00000   16  723 2593.00000 2585.00000  0.31%  4453 8435s
  1755  1304 2585.00000   11  723 2593.00000 2585.00000  0.31%  4450 8451s
  1757  1307 2585.00000    8  713 2593.00000 2585.00000  0.31%  4487 8463s
  1759  1308 2585.00000   18  715 2593.00000 2585.00000  0.31%  4482 8470s
  1760  1309 2585.00000   17  715 2593.00000 2585.00000  0.31%  4480 8483s
  1761  1310 2585.00000   15  718 2593.00000 2585.00000  0.31%  4477 8485s
  1762  1310 2585.00000    8  722 2593.00000 2585.00000  0.31%  4475 8490s
  1763  1311 2585.00000   20  717 2593.00000 2585.00000  0.31%  4472 8495s
  1764  1312 2585.00000   15  724 2593.00000 2585.00000  0.31%  4469 8500s
  1766  1313 2585.00000   12  722 2593.00000 2585.00000  0.31%  4464 8506s
  1768  1314 2585.00000   16  726 2593.00000 2585.00000  0.31%  4459 8524s
  1770  1317 2585.00000   14  713 2593.00000 2585.00000  0.31%  4494 8536s
  1772  1318 2585.00000    8  715 2593.00000 2585.00000  0.31%  4488 8543s
  1773  1319 2585.00000    9  719 2593.00000 2585.00000  0.31%  4486 8556s
  1775  1320 2585.00000   19  731 2593.00000 2585.00000  0.31%  4481 8562s
  1776  1321 2585.00000    6  728 2593.00000 2585.00000  0.31%  4478 8566s
  1777  1322 2585.00000    8  727 2593.00000 2585.00000  0.31%  4476 8576s
  1779  1323 2585.00000   15  730 2593.00000 2585.00000  0.31%  4471 8580s
  1781  1324 2585.00000   13  734 2593.00000 2585.00000  0.31%  4466 8599s
  1783  1327 2585.00000    6  713 2593.00000 2585.00000  0.31%  4498 8614s
  1785  1328 2585.00000   13  715 2593.00000 2585.00000  0.31%  4493 8621s
  1786  1329 2585.00000    6  717 2593.00000 2585.00000  0.31%  4491 8635s
  1787  1330 2585.00000    9  720 2593.00000 2585.00000  0.31%  4488 8640s
  1789  1331 2585.00000    9  725 2593.00000 2585.00000  0.31%  4483 8653s
  1790  1332 2585.00000    6  728 2593.00000 2585.00000  0.31%  4481 8655s
  1793  1334 2585.00000   11  735 2593.00000 2585.00000  0.31%  4473 8677s
  1795  1336 2585.00000   11  713 2593.00000 2585.00000  0.31%  4505 8690s
  1797  1337 2585.00000   13  715 2593.00000 2585.00000  0.31%  4500 8696s
  1798  1338 2585.00000   16  712 2593.00000 2585.00000  0.31%  4498 8712s
  1799  1339 2585.00000   18  714 2593.00000 2585.00000  0.31%  4495 8716s
  1800  1339 2585.00000    6  720 2593.00000 2585.00000  0.31%  4493 8720s
  1801  1340 2585.00000   12  716 2593.00000 2585.00000  0.31%  4490 8730s
  1804  1342 2585.00000    8  725 2593.00000 2585.00000  0.31%  4483 8735s
  1805  1343 2585.00000   13  725 2593.00000 2585.00000  0.31%  4481 8752s
  1807  1345 2585.00000   10  713 2593.00000 2585.00000  0.31%  4516 8766s
  1809  1346 2585.00000   13  715 2593.00000 2585.00000  0.31%  4511 8772s
  1810  1347 2585.00000    8  719 2593.00000 2585.00000  0.31%  4509 8787s
  1811  1348 2585.00000   16  718 2593.00000 2585.00000  0.31%  4506 8790s
  1813  1349 2585.00000   10  716 2593.00000 2585.00000  0.31%  4501 8807s
  1815  1352 2585.00000   20  713 2593.00000 2585.00000  0.31%  4517 8811s
  1817  1353 2585.00000   17  715 2593.00000 2585.00000  0.31%  4512 8818s
  1818  1354 2585.00000    9  717 2593.00000 2585.00000  0.31%  4509 8832s
  1819  1355 2585.00000    8  718 2593.00000 2585.00000  0.31%  4507 8837s
  1820  1355 2585.00000   13  717 2593.00000 2585.00000  0.31%  4504 8841s
  1821  1356 2585.00000   17  716 2593.00000 2585.00000  0.31%  4502 8853s
  1822  1357 2585.00000   11  726 2593.00000 2585.00000  0.31%  4499 8858s
  1823  1357 2585.00000   16  724 2593.00000 2585.00000  0.31%  4497 8862s
  1824  1358 2585.00000   13  731 2593.00000 2585.00000  0.31%  4494 8866s
  1825  1359 2585.00000   10  731 2593.00000 2585.00000  0.31%  4492 8883s
  1827  1361 2585.00000   17  713 2593.00000 2585.00000  0.31%  4524 8896s
  1829  1362 2585.00000    9  715 2593.00000 2585.00000  0.31%  4519 8902s
  1830  1363 2585.00000   13  718 2593.00000 2585.00000  0.31%  4517 8916s
  1832  1364 2585.00000   13  720 2593.00000 2585.00000  0.31%  4512 8922s
  1833  1365 2585.00000    8  720 2593.00000 2585.00000  0.31%  4509 8925s
  1835  1366 2585.00000    6  723 2593.00000 2585.00000  0.31%  4504 8932s
  1837  1368 2585.00000   10  728 2593.00000 2585.00000  0.31%  4500 8935s
  1838  1368 2585.00000   14  728 2593.00000 2585.00000  0.31%  4497 8953s
  1840  1371 2585.00000   16  713 2593.00000 2585.00000  0.31%  4525 8970s
  1842  1372 2585.00000   13  715 2593.00000 2585.00000  0.31%  4521 8976s
  1843  1373 2585.00000   13  715 2593.00000 2585.00000  0.31%  4518 8990s
  1845  1374 2585.00000   13  718 2593.00000 2585.00000  0.31%  4513 8996s
  1846  1375 2585.00000   14  716 2593.00000 2585.00000  0.31%  4511 9002s
  1848  1376 2585.00000   15  716 2593.00000 2585.00000  0.31%  4506 9020s
  1852  1380 2585.00000   20  715 2593.00000 2585.00000  0.31%  4524 9031s
  1853  1381 2585.00000   18  715 2593.00000 2585.00000  0.31%  4522 9044s
  1854  1382 2585.00000   16  716 2593.00000 2585.00000  0.31%  4520 9046s
  1855  1382 2585.00000   11  726 2593.00000 2585.00000  0.31%  4517 9055s
  1856  1383 2585.00000   15  729 2593.00000 2585.00000  0.31%  4515 9061s
  1859  1385 2585.00000   18  727 2593.00000 2585.00000  0.31%  4507 9065s
  1861  1386 2585.00000   15  733 2593.00000 2585.00000  0.31%  4503 9086s
  1863  1389 2585.00000   20  713 2593.00000 2585.00000  0.31%  4533 9100s
  1865  1390 2585.00000   13  715 2593.00000 2585.00000  0.31%  4528 9106s
  1866  1391 2585.00000   12  715 2593.00000 2585.00000  0.31%  4526 9120s
  1868  1392 2585.00000   16  718 2593.00000 2585.00000  0.31%  4521 9131s
  1869  1393 2585.00000   22  719 2593.00000 2585.00000  0.31%  4518 9137s
  1870  1394 2585.00000   14  722 2593.00000 2585.00000  0.31%  4516 9141s
  1873  1396 2585.00000    9  723 2593.00000 2585.00000  0.31%  4509 9146s
  1874  1396 2585.00000   18  723 2593.00000 2585.00000  0.31%  4506 9160s
  1876  1399 2585.00000    6  713 2593.00000 2585.00000  0.31%  4539 9174s
  1878  1400 2585.00000   17  715 2593.00000 2585.00000  0.31%  4534 9180s
  1879  1401 2585.00000   15  716 2593.00000 2585.00000  0.31%  4532 9195s
  1880  1402 2585.00000   18  726 2593.00000 2585.00000  0.31%  4529 9200s
  1882  1403 2585.00000   12  717 2593.00000 2585.00000  0.31%  4525 9212s
  1884  1404 2585.00000   15  717 2593.00000 2585.00000  0.31%  4520 9215s
  1886  1406 2585.00000    6  718 2593.00000 2585.00000  0.31%  4515 9235s
  1888  1408 2585.00000   11  713 2593.00000 2585.00000  0.31%  4548 9249s
  1890  1409 2585.00000    6  715 2593.00000 2585.00000  0.31%  4543 9256s
  1891  1410 2585.00000   23  716 2593.00000 2585.00000  0.31%  4541 9270s
  1893  1411 2585.00000   11  718 2593.00000 2585.00000  0.31%  4536 9277s
  1894  1412 2585.00000   10  714 2593.00000 2585.00000  0.31%  4534 9281s
  1895  1413 2585.00000   11  714 2593.00000 2585.00000  0.31%  4531 9287s
  1896  1413 2585.00000   14  714 2593.00000 2585.00000  0.31%  4529 9302s
  1898  1416 2585.00000   16  713 2593.00000 2585.00000  0.31%  4551 9315s
  1900  1417 2585.00000    6  715 2593.00000 2585.00000  0.31%  4546 9321s
  1901  1418 2585.00000   12  712 2593.00000 2585.00000  0.31%  4543 9336s
  1902  1419 2585.00000   12  715 2593.00000 2585.00000  0.31%  4541 9347s
  1903  1419 2585.00000   15  723 2593.00000 2585.00000  0.31%  4539 9355s
  1905  1421 2585.00000   13  722 2593.00000 2585.00000  0.31%  4534 9360s
  1906  1421 2585.00000   11  722 2593.00000 2585.00000  0.31%  4532 9377s
  1908  1424 2585.00000   14  713 2593.00000 2585.00000  0.31%  4561 9393s
  1910  1425 2585.00000    8  715 2593.00000 2585.00000  0.31%  4556 9400s
  1911  1426 2585.00000   16  711 2593.00000 2585.00000  0.31%  4554 9415s
  1913  1427 2585.00000   10  712 2593.00000 2585.00000  0.31%  4549 9421s
  1914  1428 2585.00000   16  714 2593.00000 2585.00000  0.31%  4547 9425s
  1915  1429 2585.00000   20  726 2593.00000 2585.00000  0.31%  4545 9431s
  1916  1429 2585.00000   11  730 2593.00000 2585.00000  0.31%  4542 9436s
  1919  1431 2585.00000    8  726 2593.00000 2585.00000  0.31%  4535 9441s
  1920  1432 2585.00000   13  726 2593.00000 2585.00000  0.31%  4533 9458s
  1922  1435 2585.00000   11  713 2593.00000 2585.00000  0.31%  4565 9472s
  1924  1436 2585.00000   13  715 2593.00000 2585.00000  0.31%  4560 9478s
  1925  1437 2585.00000   10  718 2593.00000 2585.00000  0.31%  4557 9492s
  1927  1438 2585.00000   17  723 2593.00000 2585.00000  0.31%  4553 9499s
  1928  1439 2585.00000   14  716 2593.00000 2585.00000  0.31%  4550 9503s
  1929  1440 2585.00000    9  715 2593.00000 2585.00000  0.31%  4548 9512s
  1930  1440 2585.00000   13  714 2593.00000 2585.00000  0.31%  4546 9515s
  1932  1442 2585.00000   13  723 2593.00000 2585.00000  0.31%  4541 9539s
  1934  1444 2585.00000   17  713 2593.00000 2585.00000  0.31%  4566 9554s
  1936  1445 2585.00000   11  715 2593.00000 2585.00000  0.31%  4562 9561s
  1937  1446 2585.00000   10  711 2593.00000 2585.00000  0.31%  4559 9574s
  1938  1447 2585.00000   14  713 2593.00000 2585.00000  0.31%  4557 9576s
  1939  1447 2585.00000   17  713 2593.00000 2585.00000  0.31%  4555 9581s
  1940  1448 2585.00000   16  714 2593.00000 2585.00000  0.31%  4552 9586s
  1941  1449 2585.00000   11  714 2593.00000 2585.00000  0.31%  4550 9596s
  1942  1449 2585.00000   13  720 2593.00000 2585.00000  0.31%  4548 9605s
  1943  1450 2585.00000   13  728 2593.00000 2585.00000  0.31%  4545 9610s
  1944  1451 2585.00000   15  728 2593.00000 2585.00000  0.31%  4543 9626s
  1946  1453 2585.00000   14  713 2593.00000 2585.00000  0.31%  4575 9640s
  1948  1454 2585.00000   15  715 2593.00000 2585.00000  0.31%  4570 9647s
  1949  1455 2585.00000    6  719 2593.00000 2585.00000  0.31%  4568 9660s
  1951  1456 2585.00000    8  719 2593.00000 2585.00000  0.31%  4563 9667s
  1953  1458 2585.00000   18  716 2593.00000 2585.00000  0.31%  4559 9672s
  1955  1459 2585.00000   11  730 2593.00000 2585.00000  0.31%  4554 9676s
  1958  1461 2585.00000   10  724 2593.00000 2585.00000  0.31%  4547 9700s
  1960  1464 2585.00000   17  713 2593.00000 2585.00000  0.31%  4575 9713s
  1962  1465 2585.00000    8  715 2593.00000 2585.00000  0.31%  4570 9720s
  1963  1466 2585.00000   20  713 2593.00000 2585.00000  0.31%  4568 9734s
  1964  1467 2585.00000   15  718 2593.00000 2585.00000  0.31%  4565 9736s
  1965  1467 2585.00000   13  723 2593.00000 2585.00000  0.31%  4563 9742s
  1966  1468 2585.00000   12  720 2593.00000 2585.00000  0.31%  4561 9745s
  1968  1469 2585.00000   16  716 2593.00000 2585.00000  0.31%  4556 9750s
  1971  1471 2585.00000   18  726 2593.00000 2585.00000  0.31%  4549 9756s
  1972  1472 2585.00000    8  726 2593.00000 2585.00000  0.31%  4547 9772s
  1974  1475 2585.00000   18  713 2593.00000 2585.00000  0.31%  4578 9785s
  1976  1476 2585.00000    6  715 2593.00000 2585.00000  0.31%  4573 9791s
  1977  1477 2585.00000    8  710 2593.00000 2585.00000  0.31%  4571 9805s
  1979  1478 2585.00000   15  723 2593.00000 2585.00000  0.31%  4566 9811s
  1980  1479 2585.00000   18  722 2593.00000 2585.00000  0.31%  4564 9815s
  1981  1480 2585.00000   13  719 2593.00000 2585.00000  0.31%  4561 9825s
  1983  1481 2585.00000    6  724 2593.00000 2585.00000  0.31%  4557 9830s
  1984  1482 2585.00000   15  724 2593.00000 2585.00000  0.31%  4555 9847s
  1986  1484 2585.00000    6  713 2593.00000 2585.00000  0.31%  4583 9860s
  1988  1485 2585.00000   11  715 2593.00000 2585.00000  0.31%  4578 9867s
  1989  1486 2585.00000    9  719 2593.00000 2585.00000  0.31%  4576 9883s
  1990  1487 2585.00000    6  726 2593.00000 2585.00000  0.31%  4574 9889s
  1991  1487 2585.00000   23  724 2593.00000 2585.00000  0.31%  4571 9893s
  1992  1488 2585.00000   15  721 2593.00000 2585.00000  0.31%  4569 9899s
  1993  1489 2585.00000   11  716 2593.00000 2585.00000  0.31%  4567 9900s
  1996  1491 2585.00000   14  726 2593.00000 2585.00000  0.31%  4560 9906s
  1997  1491 2585.00000   13  726 2593.00000 2585.00000  0.31%  4558 9924s
  1999  1494 2585.00000   18  713 2593.00000 2585.00000  0.31%  4586 9936s
  2001  1495 2585.00000   12  715 2593.00000 2585.00000  0.31%  4582 9943s
  2002  1496 2585.00000   12  715 2593.00000 2585.00000  0.31%  4580 9958s
  2004  1497 2585.00000    8  715 2593.00000 2585.00000  0.31%  4575 9963s
  2005  1498 2585.00000   13  715 2593.00000 2585.00000  0.31%  4573 9969s
  2006  1499 2585.00000   11  720 2593.00000 2585.00000  0.31%  4570 9977s
  2008  1500 2585.00000   14  717 2593.00000 2585.00000  0.31%  4566 9980s
  2010  1501 2585.00000    8  719 2593.00000 2585.00000  0.31%  4561 9997s
  2012  1504 2585.00000   11  713 2593.00000 2585.00000  0.31%  4591 10001s
  2014  1505 2585.00000   16  715 2593.00000 2585.00000  0.31%  4586 10008s
  2015  1506 2585.00000   20  719 2593.00000 2585.00000  0.31%  4584 10023s
  2016  1507 2585.00000   11  725 2593.00000 2585.00000  0.31%  4582 10032s
  2017  1507 2585.00000   17  728 2593.00000 2585.00000  0.31%  4579 10038s
  2019  1509 2585.00000    8  724 2593.00000 2585.00000  0.31%  4575 10043s
  2020  1509 2585.00000   13  719 2593.00000 2585.00000  0.31%  4573 10045s
  2021  1510 2585.00000   17  719 2593.00000 2585.00000  0.31%  4570 10062s
  2023  1513 2585.00000   16  713 2593.00000 2585.00000  0.31%  4597 10075s
  2025  1514 2585.00000   10  715 2593.00000 2585.00000  0.31%  4593 10081s
  2026  1515 2585.00000   10  716 2593.00000 2585.00000  0.31%  4591 10095s
  2028  1516 2585.00000   14  713 2593.00000 2585.00000  0.31%  4586 10107s
  2029  1517 2585.00000    9  720 2593.00000 2585.00000  0.31%  4584 10115s
  2031  1518 2585.00000   13  727 2593.00000 2585.00000  0.31%  4579 10120s
  2033  1520 2585.00000    8  724 2593.00000 2585.00000  0.31%  4575 10140s
  2035  1522 2585.00000    6  713 2593.00000 2585.00000  0.31%  4611 10154s
  2037  1523 2585.00000   10  715 2593.00000 2585.00000  0.31%  4606 10161s
  2038  1524 2585.00000   14  720 2593.00000 2585.00000  0.31%  4604 10175s
  2039  1525 2585.00000   17  721 2593.00000 2585.00000  0.31%  4602 10181s
  2040  1525 2585.00000   16  720 2593.00000 2585.00000  0.31%  4600 10185s
  2041  1526 2585.00000   11  718 2593.00000 2585.00000  0.31%  4597 10193s
  2042  1527 2585.00000   13  716 2593.00000 2585.00000  0.31%  4595 10196s
  2044  1528 2585.00000   15  721 2593.00000 2585.00000  0.31%  4591 10200s
  2045  1529 2585.00000   13  721 2593.00000 2585.00000  0.31%  4588 10215s
  2047  1531 2585.00000   10  713 2593.00000 2585.00000  0.31%  4618 10231s
  2049  1532 2585.00000    6  715 2593.00000 2585.00000  0.31%  4614 10237s
  2050  1533 2585.00000   11  714 2593.00000 2585.00000  0.31%  4612 10251s
  2052  1534 2585.00000   20  720 2593.00000 2585.00000  0.31%  4607 10264s
  2053  1535 2585.00000   18  728 2593.00000 2585.00000  0.31%  4605 10271s
  2054  1536 2585.00000   16  721 2593.00000 2585.00000  0.31%  4603 10275s
  2056  1537 2585.00000   15  715 2593.00000 2585.00000  0.31%  4598 10294s
  2058  1540 2585.00000   10  713 2593.00000 2585.00000  0.31%  4627 10298s
  2060  1541 2585.00000   17  715 2593.00000 2585.00000  0.31%  4622 10305s
  2061  1542 2585.00000   15  714 2593.00000 2585.00000  0.31%  4620 10320s
  2062  1543 2585.00000    8  723 2593.00000 2585.00000  0.31%  4618 10330s
  2063  1543 2585.00000   20  722 2593.00000 2585.00000  0.31%  4615 10337s
  2065  1545 2585.00000   13  719 2593.00000 2585.00000  0.31%  4611 10340s
  2068  1547 2585.00000   16  715 2593.00000 2585.00000  0.31%  4604 10361s
  2070  1549 2585.00000   14  713 2593.00000 2585.00000  0.31%  4630 10373s
  2072  1550 2585.00000    8  715 2593.00000 2585.00000  0.31%  4626 10380s
  2073  1551 2585.00000    9  717 2593.00000 2585.00000  0.31%  4623 10393s
  2075  1552 2585.00000   19  719 2593.00000 2585.00000  0.31%  4619 10405s
  2076  1553 2585.00000    6  726 2593.00000 2585.00000  0.31%  4617 10411s
  2079  1555 2585.00000   15  721 2593.00000 2585.00000  0.31%  4610 10415s
  2081  1556 2585.00000   13  720 2593.00000 2585.00000  0.31%  4606 10432s
  2083  1559 2585.00000    6  713 2593.00000 2585.00000  0.31%  4635 10445s
  2085  1560 2585.00000   13  715 2593.00000 2585.00000  0.31%  4630 10451s
  2086  1561 2585.00000    6  715 2593.00000 2585.00000  0.31%  4628 10466s
  2087  1562 2585.00000    9  727 2593.00000 2585.00000  0.31%  4626 10471s
  2088  1562 2585.00000   11  724 2593.00000 2585.00000  0.31%  4623 10475s
  2089  1563 2585.00000    9  715 2593.00000 2585.00000  0.31%  4621 10481s
  2091  1564 2585.00000   23  731 2593.00000 2585.00000  0.31%  4617 10487s
  2093  1566 2585.00000   11  726 2593.00000 2585.00000  0.31%  4612 10490s
  2094  1566 2585.00000   10  726 2593.00000 2585.00000  0.31%  4610 10505s
  2098  1570 2585.00000   16  715 2593.00000 2585.00000  0.31%  4634 10515s
  2099  1571 2585.00000   18  714 2593.00000 2585.00000  0.31%  4632 10529s
  2100  1572 2585.00000    6  714 2593.00000 2585.00000  0.31%  4630 10531s
  2101  1572 2585.00000   12  720 2593.00000 2585.00000  0.31%  4627 10536s
  2102  1573 2585.00000   12  719 2593.00000 2585.00000  0.31%  4625 10540s
  2103  1574 2585.00000   15  723 2593.00000 2585.00000  0.31%  4623 10547s
  2105  1575 2585.00000   13  724 2593.00000 2585.00000  0.31%  4619 10551s
  2108  1577 2585.00000   14  726 2593.00000 2585.00000  0.31%  4612 10571s
  2110  1580 2585.00000    8  713 2593.00000 2585.00000  0.31%  4642 10584s
  2112  1581 2585.00000   11  715 2593.00000 2585.00000  0.31%  4638 10591s
  2113  1582 2585.00000   10  713 2593.00000 2585.00000  0.31%  4636 10604s
  2114  1583 2585.00000   16  712 2593.00000 2585.00000  0.31%  4634 10606s
  2115  1583 2585.00000   20  715 2593.00000 2585.00000  0.31%  4631 10611s
  2116  1584 2585.00000   11  717 2593.00000 2585.00000  0.31%  4629 10616s
  2117  1585 2585.00000   17  713 2593.00000 2585.00000  0.31%  4627 10623s
  2118  1585 2585.00000    9  721 2593.00000 2585.00000  0.31%  4625 10626s
  2120  1587 2585.00000   13  715 2593.00000 2585.00000  0.31%  4620 10644s
  2122  1589 2585.00000   11  713 2593.00000 2585.00000  0.31%  4648 10657s
  2124  1590 2585.00000   13  715 2593.00000 2585.00000  0.31%  4643 10664s
  2125  1591 2585.00000   10  714 2593.00000 2585.00000  0.31%  4641 10678s
  2127  1592 2585.00000   17  713 2593.00000 2585.00000  0.31%  4637 10685s
  2128  1593 2585.00000   14  716 2593.00000 2585.00000  0.31%  4635 10690s
  2129  1594 2585.00000    9  716 2593.00000 2585.00000  0.31%  4632 10697s
  2131  1595 2585.00000   13  723 2593.00000 2585.00000  0.31%  4628 10700s
  2134  1597 2585.00000   17  731 2593.00000 2585.00000  0.31%  4621 10720s
  2136  1600 2585.00000   11  713 2593.00000 2585.00000  0.31%  4649 10732s
  2138  1601 2585.00000   14  715 2593.00000 2585.00000  0.31%  4644 10739s
  2139  1602 2585.00000   17  717 2593.00000 2585.00000  0.31%  4642 10754s
  2140  1603 2585.00000   16  713 2593.00000 2585.00000  0.31%  4640 10755s
  2141  1603 2585.00000   11  712 2593.00000 2585.00000  0.31%  4638 10761s
  2142  1604 2585.00000   13  712 2593.00000 2585.00000  0.31%  4636 10766s
  2143  1605 2585.00000   13  720 2593.00000 2585.00000  0.31%  4634 10774s
  2144  1605 2585.00000   15  719 2593.00000 2585.00000  0.31%  4631 10775s
  2147  1607 2585.00000   10  727 2593.00000 2585.00000  0.31%  4625 10780s
  2148  1608 2585.00000   15  727 2593.00000 2585.00000  0.31%  4623 10799s
  2150  1611 2585.00000   11  713 2593.00000 2585.00000  0.31%  4650 10814s
  2152  1612 2585.00000   20  715 2593.00000 2585.00000  0.31%  4646 10820s
  2153  1613 2585.00000   18  714 2593.00000 2585.00000  0.31%  4643 10834s
  2154  1614 2585.00000   16  715 2593.00000 2585.00000  0.31%  4641 10835s
  2155  1614 2585.00000   11  722 2593.00000 2585.00000  0.31%  4639 10840s
  2156  1615 2585.00000   15  720 2593.00000 2585.00000  0.31%  4637 10845s
  2157  1616 2585.00000    8  720 2593.00000 2585.00000  0.31%  4635 10851s
  2158  1616 2585.00000   10  720 2593.00000 2585.00000  0.31%  4633 10867s
  2160  1619 2585.00000   17  713 2593.00000 2585.00000  0.31%  4651 10881s
  2162  1620 2585.00000    8  715 2593.00000 2585.00000  0.31%  4647 10887s
  2163  1621 2585.00000   20  716 2593.00000 2585.00000  0.31%  4645 10902s
  2164  1622 2585.00000   15  729 2593.00000 2585.00000  0.31%  4643 10913s
  2165  1622 2585.00000   13  720 2593.00000 2585.00000  0.31%  4640 10923s
  2166  1623 2585.00000   12  725 2593.00000 2585.00000  0.31%  4638 10928s
  2167  1624 2585.00000   15  727 2593.00000 2585.00000  0.31%  4636 10932s
  2168  1624 2585.00000   16  727 2593.00000 2585.00000  0.31%  4634 10937s
  2169  1625 2585.00000   22  727 2593.00000 2585.00000  0.31%  4632 10953s
  2171  1628 2585.00000   18  713 2593.00000 2585.00000  0.31%  4657 10968s
  2173  1629 2585.00000    9  715 2593.00000 2585.00000  0.31%  4653 10975s
  2174  1630 2585.00000   18  719 2593.00000 2585.00000  0.31%  4651 10989s
  2175  1631 2585.00000   19  722 2593.00000 2585.00000  0.31%  4649 10994s
  2176  1631 2585.00000    6  716 2593.00000 2585.00000  0.31%  4647 10996s
  2177  1632 2585.00000    8  717 2593.00000 2585.00000  0.31%  4644 11001s
  2180  1634 2585.00000   18  724 2593.00000 2585.00000  0.31%  4638 11008s
  2181  1635 2585.00000   13  724 2593.00000 2585.00000  0.31%  4636 11024s
  2183  1637 2585.00000    6  713 2593.00000 2585.00000  0.31%  4664 11036s
  2185  1638 2585.00000   13  715 2593.00000 2585.00000  0.31%  4660 11043s
  2186  1639 2585.00000    6  714 2593.00000 2585.00000  0.31%  4658 11057s
  2188  1640 2585.00000   11  723 2593.00000 2585.00000  0.31%  4654 11065s
  2190  1642 2585.00000    6  710 2593.00000 2585.00000  0.31%  4650 11070s
  2193  1644 2585.00000   11  723 2593.00000 2585.00000  0.31%  4643 11077s
  2194  1644 2585.00000   10  723 2593.00000 2585.00000  0.31%  4641 11091s
  2196  1647 2585.00000   14  713 2593.00000 2585.00000  0.31%  4671 11104s
  2198  1648 2585.00000   16  715 2593.00000 2585.00000  0.31%  4666 11110s
  2199  1649 2585.00000   18  716 2593.00000 2585.00000  0.31%  4664 11124s
  2200  1650 2585.00000    6  715 2593.00000 2585.00000  0.31%  4662 11125s
  2201  1650 2585.00000   12  718 2593.00000 2585.00000  0.31%  4660 11134s
  2202  1651 2585.00000   12  723 2593.00000 2585.00000  0.31%  4658 11140s
  2206  1654 2585.00000   11  723 2593.00000 2585.00000  0.31%  4649 11146s
  2207  1654 2585.00000   10  723 2593.00000 2585.00000  0.31%  4647 11163s
  2209  1657 2585.00000   13  713 2593.00000 2585.00000  0.31%  4673 11176s
  2211  1658 2585.00000   16  715 2593.00000 2585.00000  0.31%  4669 11183s
  2212  1659 2585.00000   11  711 2593.00000 2585.00000  0.31%  4667 11196s
  2214  1660 2585.00000   16  716 2593.00000 2585.00000  0.31%  4663 11203s
  2215  1661 2585.00000   20  713 2593.00000 2585.00000  0.31%  4661 11208s
  2216  1662 2585.00000   11  714 2593.00000 2585.00000  0.31%  4658 11216s
  2219  1664 2585.00000    8  730 2593.00000 2585.00000  0.31%  4652 11221s
  2220  1664 2585.00000   13  730 2593.00000 2585.00000  0.31%  4650 11238s
  2222  1667 2585.00000   11  713 2593.00000 2585.00000  0.31%  4677 11251s
  2224  1668 2585.00000   13  715 2593.00000 2585.00000  0.31%  4673 11258s
  2225  1669 2585.00000   10  711 2593.00000 2585.00000  0.31%  4671 11271s
  2227  1670 2585.00000   17  714 2593.00000 2585.00000  0.31%  4666 11279s
  2228  1671 2585.00000   14  715 2593.00000 2585.00000  0.31%  4664 11283s
  2229  1672 2585.00000    9  713 2593.00000 2585.00000  0.31%  4662 11292s
  2231  1673 2585.00000   13  726 2593.00000 2585.00000  0.31%  4658 11295s
  2233  1674 2585.00000    8  726 2593.00000 2585.00000  0.31%  4654 11315s
  2235  1677 2585.00000    6  713 2593.00000 2585.00000  0.31%  4682 11328s
  2237  1678 2585.00000   10  715 2593.00000 2585.00000  0.31%  4677 11335s
  2238  1679 2585.00000   14  712 2593.00000 2585.00000  0.31%  4675 11351s
  2239  1680 2585.00000   17  718 2593.00000 2585.00000  0.31%  4673 11360s
  2240  1680 2585.00000   16  719 2593.00000 2585.00000  0.31%  4671 11366s
  2242  1682 2585.00000   13  718 2593.00000 2585.00000  0.31%  4667 11370s
  2244  1683 2585.00000   15  720 2593.00000 2585.00000  0.31%  4663 11389s
  2246  1686 2585.00000   14  713 2593.00000 2585.00000  0.31%  4688 11401s
  2248  1687 2585.00000   15  715 2593.00000 2585.00000  0.31%  4684 11407s
  2249  1688 2585.00000    6  711 2593.00000 2585.00000  0.31%  4682 11422s
  2250  1689 2585.00000   11  718 2593.00000 2585.00000  0.31%  4680 11430s
  2251  1689 2585.00000    8  725 2593.00000 2585.00000  0.31%  4678 11438s
  2252  1690 2585.00000   20  721 2593.00000 2585.00000  0.31%  4676 11441s
  2255  1692 2585.00000   11  726 2593.00000 2585.00000  0.31%  4670 11446s
  2256  1693 2585.00000   15  726 2593.00000 2585.00000  0.31%  4668 11464s
  2258  1695 2585.00000   10  713 2593.00000 2585.00000  0.31%  4694 11478s
  2260  1696 2585.00000   17  715 2593.00000 2585.00000  0.31%  4690 11484s
  2261  1697 2585.00000   15  711 2593.00000 2585.00000  0.31%  4688 11498s
  2263  1698 2585.00000   20  721 2593.00000 2585.00000  0.31%  4684 11505s
  2265  1700 2585.00000   13  721 2593.00000 2585.00000  0.31%  4680 11518s
  2266  1700 2585.00000   12  729 2593.00000 2585.00000  0.31%  4678 11520s
  2269  1702 2585.00000   22  719 2593.00000 2585.00000  0.31%  4671 11538s
  2271  1705 2585.00000   18  713 2593.00000 2585.00000  0.31%  4696 11543s
  2273  1706 2585.00000    9  715 2593.00000 2585.00000  0.31%  4692 11550s
  2274  1707 2585.00000   18  715 2593.00000 2585.00000  0.31%  4690 11564s
  2275  1708 2585.00000   19  714 2593.00000 2585.00000  0.31%  4688 11570s
  2276  1708 2585.00000    6  717 2593.00000 2585.00000  0.31%  4686 11575s
  2277  1709 2585.00000    8  715 2593.00000 2585.00000  0.31%  4684 11581s
  2279  1710 2585.00000   15  724 2593.00000 2585.00000  0.31%  4680 11585s
  2282  1712 2585.00000   12  731 2593.00000 2585.00000  0.31%  4674 11604s
  2284  1715 2585.00000   15  713 2593.00000 2585.00000  0.31%  4702 11617s
  2286  1716 2585.00000    6  715 2593.00000 2585.00000  0.31%  4698 11623s
  2287  1717 2585.00000    9  714 2593.00000 2585.00000  0.31%  4696 11638s
  2289  1718 2585.00000    9  714 2593.00000 2585.00000  0.31%  4691 11649s
  2290  1719 2585.00000    6  722 2593.00000 2585.00000  0.31%  4689 11659s
  2291  1720 2585.00000   23  717 2593.00000 2585.00000  0.31%  4687 11661s
  2294  1722 2585.00000   10  725 2593.00000 2585.00000  0.31%  4681 11683s
  2296  1724 2585.00000   14  713 2593.00000 2585.00000  0.31%  4707 11697s
  2298  1725 2585.00000   16  715 2593.00000 2585.00000  0.31%  4703 11703s
  2299  1726 2585.00000   18  716 2593.00000 2585.00000  0.31%  4701 11718s
  2300  1727 2585.00000    6  718 2593.00000 2585.00000  0.31%  4699 11720s
  2301  1727 2585.00000   12  720 2593.00000 2585.00000  0.31%  4697 11725s
  2302  1728 2585.00000   12  719 2593.00000 2585.00000  0.31%  4695 11730s
  2303  1729 2585.00000   15  719 2593.00000 2585.00000  0.31%  4693 11736s
  2306  1731 2585.00000   11  718 2593.00000 2585.00000  0.31%  4687 11740s
  2308  1732 2585.00000   14  718 2593.00000 2585.00000  0.31%  4683 11760s
  2312  1736 2585.00000   11  715 2593.00000 2585.00000  0.31%  4704 11771s
  2313  1737 2585.00000   10  716 2593.00000 2585.00000  0.31%  4702 11784s
  2314  1738 2585.00000   16  715 2593.00000 2585.00000  0.31%  4700 11785s
  2315  1738 2585.00000   20  720 2593.00000 2585.00000  0.31%  4698 11790s
  2317  1740 2585.00000   17  722 2593.00000 2585.00000  0.31%  4694 11800s
  2320  1742 2585.00000   13  721 2593.00000 2585.00000  0.31%  4688 11806s
  2321  1742 2585.00000   17  721 2593.00000 2585.00000  0.31%  4686 11827s
  2323  1745 2585.00000   16  713 2593.00000 2585.00000  0.31%  4710 11838s
  2325  1746 2585.00000   10  715 2593.00000 2585.00000  0.31%  4706 11845s
  2326  1747 2585.00000   10  710 2593.00000 2585.00000  0.31%  4704 11859s
  2327  1748 2585.00000   17  712 2593.00000 2585.00000  0.31%  4702 11860s
  2328  1748 2585.00000   14  721 2593.00000 2585.00000  0.31%  4700 11870s
  2329  1749 2585.00000    9  719 2593.00000 2585.00000  0.31%  4698 11878s
  2330  1750 2585.00000   13  713 2593.00000 2585.00000  0.31%  4696 11881s
  2332  1751 2585.00000   13  713 2593.00000 2585.00000  0.31%  4692 11898s
  2334  1754 2585.00000   17  713 2593.00000 2585.00000  0.31%  4714 11910s
  2336  1755 2585.00000   11  715 2593.00000 2585.00000  0.31%  4710 11917s
  2337  1756 2585.00000   10  715 2593.00000 2585.00000  0.31%  4708 11933s
  2338  1757 2585.00000   14  711 2593.00000 2585.00000  0.31%  4706 11943s
  2339  1757 2585.00000   17  713 2593.00000 2585.00000  0.31%  4704 11949s
  2340  1758 2585.00000   16  715 2593.00000 2585.00000  0.31%  4702 11950s
  2342  1759 2585.00000   13  723 2593.00000 2585.00000  0.31%  4698 11955s
  2343  1760 2585.00000   13  723 2593.00000 2585.00000  0.31%  4696 11972s
  2345  1763 2585.00000   13  713 2593.00000 2585.00000  0.31%  4720 11985s
  2347  1764 2585.00000   10  715 2593.00000 2585.00000  0.31%  4716 11992s
  2348  1765 2585.00000   15  714 2593.00000 2585.00000  0.31%  4714 12008s
  2349  1766 2585.00000    6  720 2593.00000 2585.00000  0.31%  4711 12013s
  2350  1766 2585.00000   11  720 2593.00000 2585.00000  0.31%  4709 12018s
  2351  1767 2585.00000    8  723 2593.00000 2585.00000  0.31%  4707 12026s
  2353  1768 2585.00000   18  721 2593.00000 2585.00000  0.31%  4703 12031s
  2354  1769 2585.00000   16  721 2593.00000 2585.00000  0.31%  4701 12052s
  2356  1772 2585.00000   15  713 2593.00000 2585.00000  0.31%  4723 12065s
  2358  1773 2585.00000   10  715 2593.00000 2585.00000  0.31%  4719 12071s
  2359  1774 2585.00000   18  719 2593.00000 2585.00000  0.31%  4717 12084s
  2360  1775 2585.00000   17  719 2593.00000 2585.00000  0.31%  4715 12086s
  2361  1775 2585.00000   15  724 2593.00000 2585.00000  0.31%  4713 12094s
  2362  1776 2585.00000    8  728 2593.00000 2585.00000  0.31%  4711 12106s
  2363  1777 2585.00000   20  728 2593.00000 2585.00000  0.31%  4709 12111s
  2365  1778 2585.00000   13  720 2593.00000 2585.00000  0.31%  4705 12118s
  2366  1779 2585.00000   12  720 2593.00000 2585.00000  0.31%  4703 12135s
  2368  1781 2585.00000   16  713 2593.00000 2585.00000  0.31%  4726 12140s
  2370  1782 2585.00000   14  715 2593.00000 2585.00000  0.31%  4722 12146s
  2371  1783 2585.00000   18  718 2593.00000 2585.00000  0.31%  4720 12160s
  2373  1784 2585.00000    9  722 2593.00000 2585.00000  0.31%  4716 12167s
  2374  1785 2585.00000   18  723 2593.00000 2585.00000  0.31%  4715 12171s
  2376  1786 2585.00000    6  720 2593.00000 2585.00000  0.31%  4711 12176s
  2377  1787 2585.00000    8  720 2593.00000 2585.00000  0.31%  4709 12195s
  2379  1790 2585.00000   15  713 2593.00000 2585.00000  0.31%  4729 12208s
  2381  1791 2585.00000   13  715 2593.00000 2585.00000  0.31%  4725 12215s
  2382  1792 2585.00000   12  715 2593.00000 2585.00000  0.31%  4723 12229s
  2383  1793 2585.00000    6  717 2593.00000 2585.00000  0.31%  4721 12230s
  2384  1793 2585.00000   15  713 2593.00000 2585.00000  0.31%  4719 12236s
  2385  1794 2585.00000   13  717 2593.00000 2585.00000  0.31%  4717 12240s
  2386  1795 2585.00000    6  720 2593.00000 2585.00000  0.31%  4715 12248s
  2387  1795 2585.00000    9  721 2593.00000 2585.00000  0.31%  4713 12250s
  2390  1797 2585.00000    6  724 2593.00000 2585.00000  0.31%  4707 12269s
  2392  1800 2585.00000   15  713 2593.00000 2585.00000  0.31%  4731 12282s
  2394  1801 2585.00000   10  715 2593.00000 2585.00000  0.31%  4727 12288s
  2395  1802 2585.00000   11  712 2593.00000 2585.00000  0.31%  4725 12304s
  2396  1803 2585.00000   14  724 2593.00000 2585.00000  0.31%  4723 12313s
  2397  1803 2585.00000   13  725 2593.00000 2585.00000  0.31%  4721 12322s
  2399  1805 2585.00000   18  720 2593.00000 2585.00000  0.31%  4717 12325s
  2401  1806 2585.00000   12  722 2593.00000 2585.00000  0.31%  4713 12344s
  2403  1809 2585.00000   15  713 2593.00000 2585.00000  0.31%  4741 12357s
  2405  1810 2585.00000   13  715 2593.00000 2585.00000  0.31%  4737 12364s
  2406  1811 2585.00000   11  715 2593.00000 2585.00000  0.31%  4735 12378s
  2408  1812 2585.00000   14  720 2593.00000 2585.00000  0.31%  4731 12385s
  2409  1813 2585.00000   13  719 2593.00000 2585.00000  0.31%  4729 12391s
  2410  1814 2585.00000    8  715 2593.00000 2585.00000  0.31%  4727 12401s
  2411  1814 2585.00000   16  726 2593.00000 2585.00000  0.31%  4726 12407s
  2413  1816 2585.00000   10  726 2593.00000 2585.00000  0.31%  4722 12415s
  2414  1816 2585.00000   16  726 2593.00000 2585.00000  0.31%  4720 12431s
  2416  1819 2585.00000   11  713 2593.00000 2585.00000  0.31%  4745 12444s
  2418  1820 2585.00000    9  715 2593.00000 2585.00000  0.31%  4741 12451s
  2419  1821 2585.00000    8  715 2593.00000 2585.00000  0.31%  4739 12465s
  2420  1822 2585.00000   13  713 2593.00000 2585.00000  0.31%  4737 12470s
  2422  1823 2585.00000   11  715 2593.00000 2585.00000  0.31%  4733 12477s
  2423  1824 2585.00000   16  724 2593.00000 2585.00000  0.31%  4731 12480s
  2425  1825 2585.00000   10  721 2593.00000 2585.00000  0.31%  4727 12498s
  2427  1828 2585.00000   17  713 2593.00000 2585.00000  0.31%  4751 12502s
  2429  1829 2585.00000    9  715 2593.00000 2585.00000  0.31%  4747 12509s
  2430  1830 2585.00000   13  714 2593.00000 2585.00000  0.31%  4745 12524s
  2431  1831 2585.00000   13  718 2593.00000 2585.00000  0.31%  4743 12531s
  2433  1832 2585.00000    8  725 2593.00000 2585.00000  0.31%  4739 12535s
  2437  1835 2585.00000   10  727 2593.00000 2585.00000  0.31%  4732 12541s
  2438  1835 2585.00000   14  727 2593.00000 2585.00000  0.31%  4730 12558s
  2440  1838 2585.00000   16  713 2593.00000 2585.00000  0.31%  4754 12570s
  2442  1839 2585.00000   13  715 2593.00000 2585.00000  0.31%  4750 12577s
  2443  1840 2585.00000   13  719 2593.00000 2585.00000  0.31%  4749 12590s
  2445  1841 2585.00000   13  723 2593.00000 2585.00000  0.31%  4745 12601s
  2446  1842 2585.00000   14  734 2593.00000 2585.00000  0.31%  4743 12609s
  2447  1843 2585.00000   10  725 2593.00000 2585.00000  0.31%  4741 12612s
  2449  1844 2585.00000    6  721 2593.00000 2585.00000  0.31%  4737 12633s
  2451  1847 2585.00000    8  713 2593.00000 2585.00000  0.31%  4758 12645s
  2453  1848 2585.00000   18  715 2593.00000 2585.00000  0.31%  4754 12652s
  2454  1849 2585.00000   16  715 2593.00000 2585.00000  0.31%  4752 12665s
  2456  1850 2585.00000   15  716 2593.00000 2585.00000  0.31%  4749 12672s
  2457  1851 2585.00000    8  715 2593.00000 2585.00000  0.31%  4747 12677s
  2458  1852 2585.00000   10  715 2593.00000 2585.00000  0.31%  4745 12684s
  2459  1852 2585.00000   18  724 2593.00000 2585.00000  0.31%  4743 12688s
  2460  1853 2585.00000   17  737 2593.00000 2585.00000  0.31%  4741 12690s
  2461  1854 2585.00000   15  737 2593.00000 2585.00000  0.31%  4739 12707s
  2463  1856 2585.00000   20  713 2593.00000 2585.00000  0.31%  4763 12724s
  2465  1857 2585.00000   13  715 2593.00000 2585.00000  0.31%  4759 12730s
  2466  1858 2585.00000   12  713 2593.00000 2585.00000  0.31%  4757 12744s
  2467  1859 2585.00000   15  714 2593.00000 2585.00000  0.31%  4755 12746s
  2468  1859 2585.00000   16  717 2593.00000 2585.00000  0.31%  4754 12756s
  2469  1860 2585.00000   22  715 2593.00000 2585.00000  0.31%  4752 12763s
  2471  1861 2585.00000   18  716 2593.00000 2585.00000  0.31%  4748 12767s
  2473  1863 2585.00000    9  725 2593.00000 2585.00000  0.31%  4744 12784s
  2475  1865 2585.00000   19  713 2593.00000 2585.00000  0.31%  4767 12797s
  2477  1866 2585.00000    8  715 2593.00000 2585.00000  0.31%  4763 12804s
  2478  1867 2585.00000   17  715 2593.00000 2585.00000  0.31%  4761 12818s
  2480  1868 2585.00000   18  728 2593.00000 2585.00000  0.31%  4757 12823s
  2481  1869 2585.00000   13  723 2593.00000 2585.00000  0.31%  4755 12827s
  2482  1870 2585.00000   12  720 2593.00000 2585.00000  0.31%  4753 12835s
  2485  1872 2585.00000   13  731 2593.00000 2585.00000  0.31%  4747 12841s
  2486  1872 2585.00000    6  731 2593.00000 2585.00000  0.31%  4746 12858s
  2488  1875 2585.00000   11  713 2593.00000 2585.00000  0.31%  4768 12872s
  2490  1876 2585.00000    6  715 2593.00000 2585.00000  0.31%  4764 12879s
  2491  1877 2585.00000   23  715 2593.00000 2585.00000  0.31%  4762 12893s
  2492  1878 2585.00000   15  717 2593.00000 2585.00000  0.31%  4760 12895s
  2493  1878 2585.00000   11  716 2593.00000 2585.00000  0.31%  4758 12900s
  2494  1879 2585.00000   10  719 2593.00000 2585.00000  0.31%  4756 12905s
  2496  1880 2585.00000   14  719 2593.00000 2585.00000  0.31%  4753 12926s
  2498  1883 2585.00000   16  713 2593.00000 2585.00000  0.31%  4770 12932s
  2500  1884 2585.00000    6  715 2593.00000 2585.00000  0.31%  4766 12938s
  2501  1885 2585.00000   12  716 2593.00000 2585.00000  0.31%  4764 12952s
  2503  1886 2585.00000   15  718 2593.00000 2585.00000  0.31%  4760 12960s
  2505  1888 2585.00000   13  715 2593.00000 2585.00000  0.31%  4756 12974s
  2506  1888 2585.00000   11  715 2593.00000 2585.00000  0.31%  4754 12976s
  2509  1890 2585.00000   13  719 2593.00000 2585.00000  0.31%  4749 12994s
  2511  1893 2585.00000   16  713 2593.00000 2585.00000  0.31%  4773 13007s
  2513  1894 2585.00000   10  715 2593.00000 2585.00000  0.31%  4769 13013s
  2514  1895 2585.00000   16  713 2593.00000 2585.00000  0.31%  4767 13027s
  2516  1896 2585.00000   11  719 2593.00000 2585.00000  0.31%  4764 13038s
  2517  1897 2585.00000   17  721 2593.00000 2585.00000  0.31%  4762 13046s
  2520  1899 2585.00000   13  723 2593.00000 2585.00000  0.31%  4756 13050s
  2522  1900 2585.00000   11  728 2593.00000 2585.00000  0.31%  4752 13069s
  2524  1903 2585.00000   13  713 2593.00000 2585.00000  0.31%  4775 13081s
  2526  1904 2585.00000   10  715 2593.00000 2585.00000  0.31%  4771 13088s
  2527  1905 2585.00000   17  713 2593.00000 2585.00000  0.31%  4770 13102s
  2529  1906 2585.00000    9  726 2593.00000 2585.00000  0.31%  4766 13110s
  2530  1907 2585.00000   13  722 2593.00000 2585.00000  0.31%  4764 13115s
  2532  1908 2585.00000   13  716 2593.00000 2585.00000  0.31%  4760 13120s
  2535  1910 2585.00000    6  722 2593.00000 2585.00000  0.31%  4755 13126s
  2536  1911 2585.00000   11  722 2593.00000 2585.00000  0.31%  4753 13144s
  2538  1914 2585.00000   14  713 2593.00000 2585.00000  0.31%  4777 13158s
  2540  1915 2585.00000   16  715 2593.00000 2585.00000  0.31%  4773 13164s
  2541  1916 2585.00000   11  712 2593.00000 2585.00000  0.31%  4771 13180s
  2542  1917 2585.00000   13  716 2593.00000 2585.00000  0.31%  4769 13186s
  2543  1917 2585.00000   13  716 2593.00000 2585.00000  0.31%  4767 13192s
  2544  1918 2585.00000   15  711 2593.00000 2585.00000  0.31%  4765 13196s
  2545  1919 2585.00000   13  711 2593.00000 2585.00000  0.31%  4764 13211s
  2547  1921 2585.00000   10  713 2593.00000 2585.00000  0.31%  4780 13215s
  2549  1922 2585.00000    6  715 2593.00000 2585.00000  0.31%  4776 13222s
  2550  1923 2585.00000   11  711 2593.00000 2585.00000  0.31%  4775 13235s
  2552  1924 2585.00000   20  709 2593.00000 2585.00000  0.31%  4771 13241s
  2553  1925 2585.00000   18  710 2593.00000 2585.00000  0.31%  4769 13246s
  2554  1926 2585.00000   16  709 2593.00000 2585.00000  0.31%  4767 13252s
  2555  1926 2585.00000   11  714 2593.00000 2585.00000  0.31%  4765 13255s
  2558  1928 2585.00000   10  718 2593.00000 2585.00000  0.31%  4760 13274s
  2560  1931 2585.00000   17  713 2593.00000 2585.00000  0.31%  4781 13278s
  2562  1932 2585.00000    8  715 2593.00000 2585.00000  0.31%  4777 13285s
  2563  1933 2585.00000   20  711 2593.00000 2585.00000  0.31%  4775 13298s
  2564  1934 2585.00000   15  711 2593.00000 2585.00000  0.31%  4774 13300s
  2566  1935 2585.00000   12  718 2593.00000 2585.00000  0.31%  4770 13308s
  2567  1936 2585.00000   15  713 2593.00000 2585.00000  0.31%  4768 13317s
  2568  1936 2585.00000   16  736 2593.00000 2585.00000  0.31%  4766 13320s
  2571  1938 2585.00000   18  724 2593.00000 2585.00000  0.31%  4761 13340s
  2573  1941 2585.00000    9  713 2593.00000 2585.00000  0.31%  4783 13355s
  2575  1942 2585.00000   19  715 2593.00000 2585.00000  0.31%  4779 13361s
  2576  1943 2585.00000    6  716 2593.00000 2585.00000  0.31%  4778 13375s
  2578  1944 2585.00000   17  716 2593.00000 2585.00000  0.31%  4774 13381s
  2579  1945 2585.00000   15  720 2593.00000 2585.00000  0.31%  4772 13385s
  2580  1946 2585.00000   18  719 2593.00000 2585.00000  0.31%  4770 13395s
  2583  1948 2585.00000    6  721 2593.00000 2585.00000  0.31%  4765 13400s
  2584  1948 2585.00000   15  721 2593.00000 2585.00000  0.31%  4763 13417s
  2586  1951 2585.00000    6  713 2593.00000 2585.00000  0.31%  4786 13421s
  2588  1952 2585.00000   11  715 2593.00000 2585.00000  0.31%  4782 13428s
  2589  1953 2585.00000    9  713 2593.00000 2585.00000  0.31%  4780 13441s
  2591  1954 2585.00000   23  726 2593.00000 2585.00000  0.31%  4776 13452s
  2592  1955 2585.00000   15  721 2593.00000 2585.00000  0.31%  4775 13459s
  2593  1956 2585.00000   11  719 2593.00000 2585.00000  0.31%  4773 13460s
  2595  1957 2585.00000   11  726 2593.00000 2585.00000  0.31%  4769 13467s
  2596  1958 2585.00000   14  726 2593.00000 2585.00000  0.31%  4767 13481s
  2598  1960 2585.00000   16  713 2593.00000 2585.00000  0.31%  4793 13494s
  2600  1961 2585.00000    6  715 2593.00000 2585.00000  0.31%  4789 13501s
  2601  1962 2585.00000   12  714 2593.00000 2585.00000  0.31%  4787 13515s
  2603  1963 2585.00000   15  719 2593.00000 2585.00000  0.31%  4783 13521s
  2604  1964 2585.00000    8  715 2593.00000 2585.00000  0.31%  4782 13525s
  2605  1965 2585.00000   13  718 2593.00000 2585.00000  0.31%  4780 13531s
  2607  1966 2585.00000   10  729 2593.00000 2585.00000  0.31%  4776 13536s
  2610  1968 2585.00000    8  729 2593.00000 2585.00000  0.31%  4771 13556s
  2612  1971 2585.00000   11  713 2593.00000 2585.00000  0.31%  4793 13568s
  2614  1972 2585.00000   16  715 2593.00000 2585.00000  0.31%  4789 13575s
  2615  1973 2585.00000   20  713 2593.00000 2585.00000  0.31%  4787 13588s
  2616  1974 2585.00000   11  712 2593.00000 2585.00000  0.31%  4785 13590s
  2617  1974 2585.00000   17  723 2593.00000 2585.00000  0.31%  4784 13595s
  2618  1975 2585.00000    9  720 2593.00000 2585.00000  0.31%  4782 13600s
  2619  1976 2585.00000    8  721 2593.00000 2585.00000  0.31%  4780 13607s
  2621  1977 2585.00000   17  722 2593.00000 2585.00000  0.31%  4776 13611s
  2623  1978 2585.00000   16  734 2593.00000 2585.00000  0.31%  4773 13615s
  2624  1979 2585.00000   13  734 2593.00000 2585.00000  0.31%  4771 13631s
  2626  1982 2585.00000   10  713 2593.00000 2585.00000  0.31%  4794 13644s
  2628  1983 2585.00000   14  715 2593.00000 2585.00000  0.31%  4790 13651s
  2629  1984 2585.00000    9  717 2593.00000 2585.00000  0.31%  4788 13664s
  2630  1985 2585.00000   13  718 2593.00000 2585.00000  0.31%  4787 13666s
  2631  1985 2585.00000   13  719 2593.00000 2585.00000  0.31%  4785 13672s
  2632  1986 2585.00000   13  718 2593.00000 2585.00000  0.31%  4783 13676s
  2633  1987 2585.00000    8  718 2593.00000 2585.00000  0.31%  4781 13684s
  2634  1987 2585.00000   17  726 2593.00000 2585.00000  0.31%  4779 13686s
  2637  1989 2585.00000   10  725 2593.00000 2585.00000  0.31%  4774 13704s
  2639  1992 2585.00000   17  713 2593.00000 2585.00000  0.31%  4796 13720s
  2641  1993 2585.00000   11  715 2593.00000 2585.00000  0.31%  4793 13726s
  2642  1994 2585.00000   13  713 2593.00000 2585.00000  0.31%  4791 13740s
  2644  1995 2585.00000   15  718 2593.00000 2585.00000  0.31%  4787 13746s
  2645  1996 2585.00000   13  716 2593.00000 2585.00000  0.31%  4785 13752s
  2646  1997 2585.00000   14  712 2593.00000 2585.00000  0.31%  4784 13758s
  2648  1998 2585.00000   15  717 2593.00000 2585.00000  0.31%  4780 13762s
  2650  1999 2585.00000   11  723 2593.00000 2585.00000  0.31%  4776 13765s
  2651  2000 2585.00000    8  723 2593.00000 2585.00000  0.31%  4775 13783s
  2653  2003 2585.00000   18  713 2593.00000 2585.00000  0.31%  4799 13796s
  2655  2004 2585.00000   11  715 2593.00000 2585.00000  0.31%  4795 13803s
  2656  2005 2585.00000   15  717 2593.00000 2585.00000  0.31%  4793 13816s
  2658  2006 2585.00000   10  722 2593.00000 2585.00000  0.31%  4790 13822s
  2659  2007 2585.00000   18  719 2593.00000 2585.00000  0.31%  4788 13826s
  2660  2008 2585.00000   17  716 2593.00000 2585.00000  0.31%  4786 13832s
  2661  2008 2585.00000   15  717 2593.00000 2585.00000  0.31%  4784 13835s
  2664  2010 2585.00000   15  727 2593.00000 2585.00000  0.31%  4779 13842s
  2665  2011 2585.00000   13  727 2593.00000 2585.00000  0.31%  4777 13861s
  2667  2014 2585.00000   15  713 2593.00000 2585.00000  0.31%  4803 13874s
  2669  2015 2585.00000   22  715 2593.00000 2585.00000  0.31%  4799 13881s
  2670  2016 2585.00000   14  715 2593.00000 2585.00000  0.31%  4797 13896s
  2671  2017 2585.00000   18  714 2593.00000 2585.00000  0.31%  4796 13901s
  2672  2017 2585.00000    8  715 2593.00000 2585.00000  0.31%  4794 13905s
  2673  2018 2585.00000    9  723 2593.00000 2585.00000  0.31%  4792 13916s
  2674  2019 2585.00000   18  728 2593.00000 2585.00000  0.31%  4790 13921s
  2676  2020 2585.00000    6  733 2593.00000 2585.00000  0.31%  4787 13930s
  2677  2021 2585.00000    8  733 2593.00000 2585.00000  0.31%  4785 13949s
  2679  2023 2585.00000   15  713 2593.00000 2585.00000  0.31%  4808 13962s
  2681  2024 2585.00000   13  715 2593.00000 2585.00000  0.31%  4804 13969s
  2682  2025 2585.00000   12  714 2593.00000 2585.00000  0.31%  4802 13983s
  2684  2026 2585.00000   15  720 2593.00000 2585.00000  0.31%  4799 13988s
  2685  2027 2585.00000   13  720 2593.00000 2585.00000  0.31%  4797 13990s
  2687  2028 2585.00000    9  722 2593.00000 2585.00000  0.31%  4793 13995s
  2690  2030 2585.00000    6  728 2593.00000 2585.00000  0.31%  4788 14002s
  2691  2031 2585.00000   23  728 2593.00000 2585.00000  0.31%  4786 14017s
  2693  2034 2585.00000   11  713 2593.00000 2585.00000  0.31%  4810 14031s
  2695  2035 2585.00000   11  715 2593.00000 2585.00000  0.31%  4806 14037s
  2696  2036 2585.00000   14  710 2593.00000 2585.00000  0.31%  4804 14051s
  2698  2037 2585.00000   16  716 2593.00000 2585.00000  0.31%  4801 14059s
  2699  2038 2585.00000   18  716 2593.00000 2585.00000  0.31%  4799 14064s
  2700  2039 2585.00000    6  715 2593.00000 2585.00000  0.31%  4797 14071s
  2702  2040 2585.00000   12  726 2593.00000 2585.00000  0.31%  4793 14077s
  2703  2041 2585.00000   15  726 2593.00000 2585.00000  0.31%  4792 14093s
  2705  2043 2585.00000   13  713 2593.00000 2585.00000  0.31%  4816 14107s
  2707  2044 2585.00000   10  715 2593.00000 2585.00000  0.31%  4812 14114s
  2708  2045 2585.00000   14  716 2593.00000 2585.00000  0.31%  4810 14128s
  2709  2046 2585.00000   13  716 2593.00000 2585.00000  0.31%  4809 14130s
  2710  2046 2585.00000    8  719 2593.00000 2585.00000  0.31%  4807 14135s
  2712  2048 2585.00000   11  719 2593.00000 2585.00000  0.31%  4803 14147s
  2713  2048 2585.00000   10  727 2593.00000 2585.00000  0.31%  4801 14150s
  2716  2050 2585.00000   11  732 2593.00000 2585.00000  0.31%  4796 14171s
  2718  2053 2585.00000    9  713 2593.00000 2585.00000  0.31%  4819 14184s
  2720  2054 2585.00000   13  715 2593.00000 2585.00000  0.31%  4815 14191s
  2721  2055 2585.00000   17  717 2593.00000 2585.00000  0.31%  4813 14205s
  2723  2056 2585.00000   16  725 2593.00000 2585.00000  0.31%  4810 14212s
  2724  2057 2585.00000   13  723 2593.00000 2585.00000  0.31%  4808 14216s
  2725  2058 2585.00000   10  720 2593.00000 2585.00000  0.31%  4806 14224s
  2726  2058 2585.00000   10  718 2593.00000 2585.00000  0.31%  4805 14225s
  2729  2060 2585.00000    9  741 2593.00000 2585.00000  0.31%  4799 14231s
  2730  2061 2585.00000   13  741 2593.00000 2585.00000  0.31%  4798 14248s
  2732  2064 2585.00000   13  713 2593.00000 2585.00000  0.31%  4821 14262s
  2734  2065 2585.00000   17  715 2593.00000 2585.00000  0.31%  4817 14268s
  2735  2066 2585.00000    6  714 2593.00000 2585.00000  0.31%  4815 14282s
  2737  2067 2585.00000   10  717 2593.00000 2585.00000  0.31%  4812 14288s
  2738  2068 2585.00000   14  716 2593.00000 2585.00000  0.31%  4810 14294s
  2739  2069 2585.00000   17  718 2593.00000 2585.00000  0.31%  4808 14301s
  2742  2071 2585.00000   13  724 2593.00000 2585.00000  0.31%  4803 14307s
  2743  2071 2585.00000   13  724 2593.00000 2585.00000  0.31%  4801 14322s
  2745  2074 2585.00000   13  713 2593.00000 2585.00000  0.31%  4823 14333s
  2747  2075 2585.00000   10  715 2593.00000 2585.00000  0.31%  4820 14340s
  2748  2076 2585.00000   15  716 2593.00000 2585.00000  0.31%  4818 14355s
  2750  2077 2585.00000   11  734 2593.00000 2585.00000  0.31%  4814 14367s
  2751  2078 2585.00000    8  725 2593.00000 2585.00000  0.31%  4813 14374s
  2752  2079 2585.00000   20  722 2593.00000 2585.00000  0.31%  4811 14375s
  2755  2081 2585.00000   11  725 2593.00000 2585.00000  0.31%  4806 14380s
  2756  2081 2585.00000   15  725 2593.00000 2585.00000  0.31%  4804 14397s

Cutting planes:
  MIR: 2
  Flow cover: 4
  Zero half: 3

Explored 2757 nodes (13371464 simplex iterations) in 14400.02 seconds (20281.02 work units)
Thread count was 32 (of 32 available processors)

Solution count 10: 2593 2594 2595 ... 2603

Time limit reached
Best objective 2.593000000000e+03, best bound 2.585000000000e+03, gap 0.3085%

User-callback calls 3317944, time in user-callback 8.34 sec
