slot_index,a_km,e,i_deg,raan_deg,argp_deg,arg_lat_deg
718,6932.386159,0.000000,42.000000,7.200000,0.000000,0.000000
719,6932.386159,0.000000,42.000000,6.698607,0.000000,352.479109
720,6932.386159,0.000000,42.000000,6.197214,0.000000,344.958217
721,6932.386159,0.000000,42.000000,5.695822,0.000000,337.437326
722,6932.386159,0.000000,42.000000,5.194429,0.000000,329.916435
723,6932.386159,0.000000,42.000000,4.693036,0.000000,322.395543
724,6932.386159,0.000000,42.000000,4.191643,0.000000,314.874652
725,6932.386159,0.000000,42.000000,3.690251,0.000000,307.353760
726,6932.386159,0.000000,42.000000,3.188858,0.000000,299.832869
727,6932.386159,0.000000,42.000000,2.687465,0.000000,292.311978
728,6932.386159,0.000000,42.000000,2.186072,0.000000,284.791086
729,6932.386159,0.000000,42.000000,1.684680,0.000000,277.270195
730,6932.386159,0.000000,42.000000,1.183287,0.000000,269.749304
731,6932.386159,0.000000,42.000000,0.681894,0.000000,262.228412
732,6932.386159,0.000000,42.000000,0.180501,0.000000,254.707521
733,6932.386159,0.000000,42.000000,359.679109,0.000000,247.186630
734,6932.386159,0.000000,42.000000,359.177716,0.000000,239.665738
735,6932.386159,0.000000,42.000000,358.676323,0.000000,232.144847
736,6932.386159,0.000000,42.000000,358.174930,0.000000,224.623955
737,6932.386159,0.000000,42.000000,357.673538,0.000000,217.103064
738,6932.386159,0.000000,42.000000,357.172145,0.000000,209.582173
739,6932.386159,0.000000,42.000000,356.670752,0.000000,202.061281
740,6932.386159,0.000000,42.000000,356.169359,0.000000,194.540390
741,6932.386159,0.000000,42.000000,355.667967,0.000000,187.019499
742,6932.386159,0.000000,42.000000,355.166574,0.000000,179.498607
743,6932.386159,0.000000,42.000000,354.665181,0.000000,171.977716
744,6932.386159,0.000000,42.000000,354.163788,0.000000,164.456825
745,6932.386159,0.000000,42.000000,353.662396,0.000000,156.935933
746,6932.386159,0.000000,42.000000,353.161003,0.000000,149.415042
747,6932.386159,0.000000,42.000000,352.659610,0.000000,141.894150
748,6932.386159,0.000000,42.000000,352.158217,0.000000,134.373259
749,6932.386159,0.000000,42.000000,351.656825,0.000000,126.852368
750,6932.386159,0.000000,42.000000,351.155432,0.000000,119.331476
751,6932.386159,0.000000,42.000000,350.654039,0.000000,111.810585
752,6932.386159,0.000000,42.000000,350.152646,0.000000,104.289694
753,6932.386159,0.000000,42.000000,349.651253,0.000000,96.768802
754,6932.386159,0.000000,42.000000,349.149861,0.000000,89.247911
755,6932.386159,0.000000,42.000000,348.648468,0.000000,81.727019
756,6932.386159,0.000000,42.000000,348.147075,0.000000,74.206128
757,6932.386159,0.000000,42.000000,347.645682,0.000000,66.685237
758,6932.386159,0.000000,42.000000,347.144290,0.000000,59.164345
759,6932.386159,0.000000,42.000000,346.642897,0.000000,51.643454
760,6932.386159,0.000000,42.000000,346.141504,0.000000,44.122563
761,6932.386159,0.000000,42.000000,345.640111,0.000000,36.601671
762,6932.386159,0.000000,42.000000,345.138719,0.000000,29.080780
763,6932.386159,0.000000,42.000000,344.637326,0.000000,21.559889
764,6932.386159,0.000000,42.000000,344.135933,0.000000,14.038997
765,6932.386159,0.000000,42.000000,343.634540,0.000000,6.518106
766,6932.386159,0.000000,42.000000,343.133148,0.000000,358.997214
767,6932.386159,0.000000,42.000000,342.631755,0.000000,351.476323
768,6932.386159,0.000000,42.000000,342.130362,0.000000,343.955432
769,6932.386159,0.000000,42.000000,341.628969,0.000000,336.434540
770,6932.386159,0.000000,42.000000,341.127577,0.000000,328.913649
771,6932.386159,0.000000,42.000000,340.626184,0.000000,321.392758
772,6932.386159,0.000000,42.000000,340.124791,0.000000,313.871866
773,6932.386159,0.000000,42.000000,339.623398,0.000000,306.350975
774,6932.386159,0.000000,42.000000,339.122006,0.000000,298.830084
775,6932.386159,0.000000,42.000000,338.620613,0.000000,291.309192
776,6932.386159,0.000000,42.000000,338.119220,0.000000,283.788301
777,6932.386159,0.000000,42.000000,337.617827,0.000000,276.267409
778,6932.386159,0.000000,42.000000,337.116435,0.000000,268.746518
779,6932.386159,0.000000,42.000000,336.615042,0.000000,261.225627
780,6932.386159,0.000000,42.000000,336.113649,0.000000,253.704735
781,6932.386159,0.000000,42.000000,335.612256,0.000000,246.183844
782,6932.386159,0.000000,42.000000,335.110864,0.000000,238.662953
783,6932.386159,0.000000,42.000000,334.609471,0.000000,231.142061
784,6932.386159,0.000000,42.000000,334.108078,0.000000,223.621170
785,6932.386159,0.000000,42.000000,333.606685,0.000000,216.100279
786,6932.386159,0.000000,42.000000,333.105292,0.000000,208.579387
787,6932.386159,0.000000,42.000000,332.603900,0.000000,201.058496
788,6932.386159,0.000000,42.000000,332.102507,0.000000,193.537604
789,6932.386159,0.000000,42.000000,331.601114,0.000000,186.016713
790,6932.386159,0.000000,42.000000,331.099721,0.000000,178.495822
791,6932.386159,0.000000,42.000000,330.598329,0.000000,170.974930
792,6932.386159,0.000000,42.000000,330.096936,0.000000,163.454039
793,6932.386159,0.000000,42.000000,329.595543,0.000000,155.933148
794,6932.386159,0.000000,42.000000,329.094150,0.000000,148.412256
795,6932.386159,0.000000,42.000000,328.592758,0.000000,140.891365
796,6932.386159,0.000000,42.000000,328.091365,0.000000,133.370474
797,6932.386159,0.000000,42.000000,327.589972,0.000000,125.849582
798,6932.386159,0.000000,42.000000,327.088579,0.000000,118.328691
799,6932.386159,0.000000,42.000000,326.587187,0.000000,110.807799
800,6932.386159,0.000000,42.000000,326.085794,0.000000,103.286908
801,6932.386159,0.000000,42.000000,325.584401,0.000000,95.766017
802,6932.386159,0.000000,42.000000,325.083008,0.000000,88.245125
803,6932.386159,0.000000,42.000000,324.581616,0.000000,80.724234
804,6932.386159,0.000000,42.000000,324.080223,0.000000,73.203343
805,6932.386159,0.000000,42.000000,323.578830,0.000000,65.682451
806,6932.386159,0.000000,42.000000,323.077437,0.000000,58.161560
807,6932.386159,0.000000,42.000000,322.576045,0.000000,50.640669
808,6932.386159,0.000000,42.000000,322.074652,0.000000,43.119777
809,6932.386159,0.000000,42.000000,321.573259,0.000000,35.598886
810,6932.386159,0.000000,42.000000,321.071866,0.000000,28.077994
811,6932.386159,0.000000,42.000000,320.570474,0.000000,20.557103
812,6932.386159,0.000000,42.000000,320.069081,0.000000,13.036212
813,6932.386159,0.000000,42.000000,319.567688,0.000000,5.515320
814,6932.386159,0.000000,42.000000,319.066295,0.000000,357.994429
815,6932.386159,0.000000,42.000000,318.564903,0.000000,350.473538
816,6932.386159,0.000000,42.000000,318.063510,0.000000,342.952646
817,6932.386159,0.000000,42.000000,317.562117,0.000000,335.431755
818,6932.386159,0.000000,42.000000,317.060724,0.000000,327.910864
819,6932.386159,0.000000,42.000000,316.559331,0.000000,320.389972
820,6932.386159,0.000000,42.000000,316.057939,0.000000,312.869081
821,6932.386159,0.000000,42.000000,315.556546,0.000000,305.348189
822,6932.386159,0.000000,42.000000,315.055153,0.000000,297.827298
823,6932.386159,0.000000,42.000000,314.553760,0.000000,290.306407
824,6932.386159,0.000000,42.000000,314.052368,0.000000,282.785515
825,6932.386159,0.000000,42.000000,313.550975,0.000000,275.264624
826,6932.386159,0.000000,42.000000,313.049582,0.000000,267.743733
827,6932.386159,0.000000,42.000000,312.548189,0.000000,260.222841
828,6932.386159,0.000000,42.000000,312.046797,0.000000,252.701950
829,6932.386159,0.000000,42.000000,311.545404,0.000000,245.181058
830,6932.386159,0.000000,42.000000,311.044011,0.000000,237.660167
831,6932.386159,0.000000,42.000000,310.542618,0.000000,230.139276
832,6932.386159,0.000000,42.000000,310.041226,0.000000,222.618384
833,6932.386159,0.000000,42.000000,309.539833,0.000000,215.097493
834,6932.386159,0.000000,42.000000,309.038440,0.000000,207.576602
835,6932.386159,0.000000,42.000000,308.537047,0.000000,200.055710
836,6932.386159,0.000000,42.000000,308.035655,0.000000,192.534819
837,6932.386159,0.000000,42.000000,307.534262,0.000000,185.013928
838,6932.386159,0.000000,42.000000,307.032869,0.000000,177.493036
839,6932.386159,0.000000,42.000000,306.531476,0.000000,169.972145
840,6932.386159,0.000000,42.000000,306.030084,0.000000,162.451253
841,6932.386159,0.000000,42.000000,305.528691,0.000000,154.930362
842,6932.386159,0.000000,42.000000,305.027298,0.000000,147.409471
843,6932.386159,0.000000,42.000000,304.525905,0.000000,139.888579
844,6932.386159,0.000000,42.000000,304.024513,0.000000,132.367688
845,6932.386159,0.000000,42.000000,303.523120,0.000000,124.846797
846,6932.386159,0.000000,42.000000,303.021727,0.000000,117.325905
847,6932.386159,0.000000,42.000000,302.520334,0.000000,109.805014
848,6932.386159,0.000000,42.000000,302.018942,0.000000,102.284123
849,6932.386159,0.000000,42.000000,301.517549,0.000000,94.763231
850,6932.386159,0.000000,42.000000,301.016156,0.000000,87.242340
851,6932.386159,0.000000,42.000000,300.514763,0.000000,79.721448
852,6932.386159,0.000000,42.000000,300.013370,0.000000,72.200557
853,6932.386159,0.000000,42.000000,299.511978,0.000000,64.679666
854,6932.386159,0.000000,42.000000,299.010585,0.000000,57.158774
855,6932.386159,0.000000,42.000000,298.509192,0.000000,49.637883
856,6932.386159,0.000000,42.000000,298.007799,0.000000,42.116992
857,6932.386159,0.000000,42.000000,297.506407,0.000000,34.596100
858,6932.386159,0.000000,42.000000,297.005014,0.000000,27.075209
859,6932.386159,0.000000,42.000000,296.503621,0.000000,19.554318
860,6932.386159,0.000000,42.000000,296.002228,0.000000,12.033426
861,6932.386159,0.000000,42.000000,295.500836,0.000000,4.512535
862,6932.386159,0.000000,42.000000,294.999443,0.000000,356.991643
863,6932.386159,0.000000,42.000000,294.498050,0.000000,349.470752
864,6932.386159,0.000000,42.000000,293.996657,0.000000,341.949861
865,6932.386159,0.000000,42.000000,293.495265,0.000000,334.428969
866,6932.386159,0.000000,42.000000,292.993872,0.000000,326.908078
867,6932.386159,0.000000,42.000000,292.492479,0.000000,319.387187
868,6932.386159,0.000000,42.000000,291.991086,0.000000,311.866295
869,6932.386159,0.000000,42.000000,291.489694,0.000000,304.345404
870,6932.386159,0.000000,42.000000,290.988301,0.000000,296.824513
871,6932.386159,0.000000,42.000000,290.486908,0.000000,289.303621
872,6932.386159,0.000000,42.000000,289.985515,0.000000,281.782730
873,6932.386159,0.000000,42.000000,289.484123,0.000000,274.261838
874,6932.386159,0.000000,42.000000,288.982730,0.000000,266.740947
875,6932.386159,0.000000,42.000000,288.481337,0.000000,259.220056
876,6932.386159,0.000000,42.000000,287.979944,0.000000,251.699164
877,6932.386159,0.000000,42.000000,287.478552,0.000000,244.178273
878,6932.386159,0.000000,42.000000,286.977159,0.000000,236.657382
879,6932.386159,0.000000,42.000000,286.475766,0.000000,229.136490
880,6932.386159,0.000000,42.000000,285.974373,0.000000,221.615599
881,6932.386159,0.000000,42.000000,285.472981,0.000000,214.094708
882,6932.386159,0.000000,42.000000,284.971588,0.000000,206.573816
883,6932.386159,0.000000,42.000000,284.470195,0.000000,199.052925
884,6932.386159,0.000000,42.000000,283.968802,0.000000,191.532033
885,6932.386159,0.000000,42.000000,283.467409,0.000000,184.011142
886,6932.386159,0.000000,42.000000,282.966017,0.000000,176.490251
887,6932.386159,0.000000,42.000000,282.464624,0.000000,168.969359
888,6932.386159,0.000000,42.000000,281.963231,0.000000,161.448468
889,6932.386159,0.000000,42.000000,281.461838,0.000000,153.927577
890,6932.386159,0.000000,42.000000,280.960446,0.000000,146.406685
891,6932.386159,0.000000,42.000000,280.459053,0.000000,138.885794
892,6932.386159,0.000000,42.000000,279.957660,0.000000,131.364903
893,6932.386159,0.000000,42.000000,279.456267,0.000000,123.844011
894,6932.386159,0.000000,42.000000,278.954875,0.000000,116.323120
895,6932.386159,0.000000,42.000000,278.453482,0.000000,108.802228
896,6932.386159,0.000000,42.000000,277.952089,0.000000,101.281337
897,6932.386159,0.000000,42.000000,277.450696,0.000000,93.760446
898,6932.386159,0.000000,42.000000,276.949304,0.000000,86.239554
899,6932.386159,0.000000,42.000000,276.447911,0.000000,78.718663
900,6932.386159,0.000000,42.000000,275.946518,0.000000,71.197772
901,6932.386159,0.000000,42.000000,275.445125,0.000000,63.676880
902,6932.386159,0.000000,42.000000,274.943733,0.000000,56.155989
903,6932.386159,0.000000,42.000000,274.442340,0.000000,48.635097
904,6932.386159,0.000000,42.000000,273.940947,0.000000,41.114206
905,6932.386159,0.000000,42.000000,273.439554,0.000000,33.593315
906,6932.386159,0.000000,42.000000,272.938162,0.000000,26.072423
907,6932.386159,0.000000,42.000000,272.436769,0.000000,18.551532
908,6932.386159,0.000000,42.000000,271.935376,0.000000,11.030641
909,6932.386159,0.000000,42.000000,271.433983,0.000000,3.509749
910,6932.386159,0.000000,42.000000,270.932591,0.000000,355.988858
911,6932.386159,0.000000,42.000000,270.431198,0.000000,348.467967
912,6932.386159,0.000000,42.000000,269.929805,0.000000,340.947075
913,6932.386159,0.000000,42.000000,269.428412,0.000000,333.426184
914,6932.386159,0.000000,42.000000,268.927019,0.000000,325.905292
915,6932.386159,0.000000,42.000000,268.425627,0.000000,318.384401
916,6932.386159,0.000000,42.000000,267.924234,0.000000,310.863510
917,6932.386159,0.000000,42.000000,267.422841,0.000000,303.342618
918,6932.386159,0.000000,42.000000,266.921448,0.000000,295.821727
919,6932.386159,0.000000,42.000000,266.420056,0.000000,288.300836
920,6932.386159,0.000000,42.000000,265.918663,0.000000,280.779944
921,6932.386159,0.000000,42.000000,265.417270,0.000000,273.259053
922,6932.386159,0.000000,42.000000,264.915877,0.000000,265.738162
923,6932.386159,0.000000,42.000000,264.414485,0.000000,258.217270
924,6932.386159,0.000000,42.000000,263.913092,0.000000,250.696379
925,6932.386159,0.000000,42.000000,263.411699,0.000000,243.175487
926,6932.386159,0.000000,42.000000,262.910306,0.000000,235.654596
927,6932.386159,0.000000,42.000000,262.408914,0.000000,228.133705
928,6932.386159,0.000000,42.000000,261.907521,0.000000,220.612813
929,6932.386159,0.000000,42.000000,261.406128,0.000000,213.091922
930,6932.386159,0.000000,42.000000,260.904735,0.000000,205.571031
931,6932.386159,0.000000,42.000000,260.403343,0.000000,198.050139
932,6932.386159,0.000000,42.000000,259.901950,0.000000,190.529248
933,6932.386159,0.000000,42.000000,259.400557,0.000000,183.008357
934,6932.386159,0.000000,42.000000,258.899164,0.000000,175.487465
935,6932.386159,0.000000,42.000000,258.397772,0.000000,167.966574
936,6932.386159,0.000000,42.000000,257.896379,0.000000,160.445682
937,6932.386159,0.000000,42.000000,257.394986,0.000000,152.924791
938,6932.386159,0.000000,42.000000,256.893593,0.000000,145.403900
939,6932.386159,0.000000,42.000000,256.392201,0.000000,137.883008
940,6932.386159,0.000000,42.000000,255.890808,0.000000,130.362117
941,6932.386159,0.000000,42.000000,255.389415,0.000000,122.841226
942,6932.386159,0.000000,42.000000,254.888022,0.000000,115.320334
943,6932.386159,0.000000,42.000000,254.386630,0.000000,107.799443
944,6932.386159,0.000000,42.000000,253.885237,0.000000,100.278552
945,6932.386159,0.000000,42.000000,253.383844,0.000000,92.757660
946,6932.386159,0.000000,42.000000,252.882451,0.000000,85.236769
947,6932.386159,0.000000,42.000000,252.381058,0.000000,77.715877
948,6932.386159,0.000000,42.000000,251.879666,0.000000,70.194986
949,6932.386159,0.000000,42.000000,251.378273,0.000000,62.674095
950,6932.386159,0.000000,42.000000,250.876880,0.000000,55.153203
951,6932.386159,0.000000,42.000000,250.375487,0.000000,47.632312
952,6932.386159,0.000000,42.000000,249.874095,0.000000,40.111421
953,6932.386159,0.000000,42.000000,249.372702,0.000000,32.590529
954,6932.386159,0.000000,42.000000,248.871309,0.000000,25.069638
955,6932.386159,0.000000,42.000000,248.369916,0.000000,17.548747
956,6932.386159,0.000000,42.000000,247.868524,0.000000,10.027855
957,6932.386159,0.000000,42.000000,247.367131,0.000000,2.506964
958,6932.386159,0.000000,42.000000,246.865738,0.000000,354.986072
959,6932.386159,0.000000,42.000000,246.364345,0.000000,347.465181
960,6932.386159,0.000000,42.000000,245.862953,0.000000,339.944290
961,6932.386159,0.000000,42.000000,245.361560,0.000000,332.423398
962,6932.386159,0.000000,42.000000,244.860167,0.000000,324.902507
963,6932.386159,0.000000,42.000000,244.358774,0.000000,317.381616
964,6932.386159,0.000000,42.000000,243.857382,0.000000,309.860724
965,6932.386159,0.000000,42.000000,243.355989,0.000000,302.339833
966,6932.386159,0.000000,42.000000,242.854596,0.000000,294.818942
967,6932.386159,0.000000,42.000000,242.353203,0.000000,287.298050
968,6932.386159,0.000000,42.000000,241.851811,0.000000,279.777159
969,6932.386159,0.000000,42.000000,241.350418,0.000000,272.256267
970,6932.386159,0.000000,42.000000,240.849025,0.000000,264.735376
971,6932.386159,0.000000,42.000000,240.347632,0.000000,257.214485
972,6932.386159,0.000000,42.000000,239.846240,0.000000,249.693593
973,6932.386159,0.000000,42.000000,239.344847,0.000000,242.172702
974,6932.386159,0.000000,42.000000,238.843454,0.000000,234.651811
975,6932.386159,0.000000,42.000000,238.342061,0.000000,227.130919
976,6932.386159,0.000000,42.000000,237.840669,0.000000,219.610028
977,6932.386159,0.000000,42.000000,237.339276,0.000000,212.089136
978,6932.386159,0.000000,42.000000,236.837883,0.000000,204.568245
979,6932.386159,0.000000,42.000000,236.336490,0.000000,197.047354
980,6932.386159,0.000000,42.000000,235.835097,0.000000,189.526462
981,6932.386159,0.000000,42.000000,235.333705,0.000000,182.005571
982,6932.386159,0.000000,42.000000,234.832312,0.000000,174.484680
983,6932.386159,0.000000,42.000000,234.330919,0.000000,166.963788
984,6932.386159,0.000000,42.000000,233.829526,0.000000,159.442897
985,6932.386159,0.000000,42.000000,233.328134,0.000000,151.922006
986,6932.386159,0.000000,42.000000,232.826741,0.000000,144.401114
987,6932.386159,0.000000,42.000000,232.325348,0.000000,136.880223
988,6932.386159,0.000000,42.000000,231.823955,0.000000,129.359331
989,6932.386159,0.000000,42.000000,231.322563,0.000000,121.838440
990,6932.386159,0.000000,42.000000,230.821170,0.000000,114.317549
991,6932.386159,0.000000,42.000000,230.319777,0.000000,106.796657
992,6932.386159,0.000000,42.000000,229.818384,0.000000,99.275766
993,6932.386159,0.000000,42.000000,229.316992,0.000000,91.754875
994,6932.386159,0.000000,42.000000,228.815599,0.000000,84.233983
995,6932.386159,0.000000,42.000000,228.314206,0.000000,76.713092
996,6932.386159,0.000000,42.000000,227.812813,0.000000,69.192201
997,6932.386159,0.000000,42.000000,227.311421,0.000000,61.671309
998,6932.386159,0.000000,42.000000,226.810028,0.000000,54.150418
999,6932.386159,0.000000,42.000000,226.308635,0.000000,46.629526
1000,6932.386159,0.000000,42.000000,225.807242,0.000000,39.108635
1001,6932.386159,0.000000,42.000000,225.305850,0.000000,31.587744
1002,6932.386159,0.000000,42.000000,224.804457,0.000000,24.066852
1003,6932.386159,0.000000,42.000000,224.303064,0.000000,16.545961
1004,6932.386159,0.000000,42.000000,223.801671,0.000000,9.025070
1005,6932.386159,0.000000,42.000000,223.300279,0.000000,1.504178
1006,6932.386159,0.000000,42.000000,222.798886,0.000000,353.983287
1007,6932.386159,0.000000,42.000000,222.297493,0.000000,346.462396
1008,6932.386159,0.000000,42.000000,221.796100,0.000000,338.941504
1009,6932.386159,0.000000,42.000000,221.294708,0.000000,331.420613
1010,6932.386159,0.000000,42.000000,220.793315,0.000000,323.899721
1011,6932.386159,0.000000,42.000000,220.291922,0.000000,316.378830
1012,6932.386159,0.000000,42.000000,219.790529,0.000000,308.857939
1013,6932.386159,0.000000,42.000000,219.289136,0.000000,301.337047
1014,6932.386159,0.000000,42.000000,218.787744,0.000000,293.816156
1015,6932.386159,0.000000,42.000000,218.286351,0.000000,286.295265
1016,6932.386159,0.000000,42.000000,217.784958,0.000000,278.774373
1017,6932.386159,0.000000,42.000000,217.283565,0.000000,271.253482
1018,6932.386159,0.000000,42.000000,216.782173,0.000000,263.732591
1019,6932.386159,0.000000,42.000000,216.280780,0.000000,256.211699
1020,6932.386159,0.000000,42.000000,215.779387,0.000000,248.690808
1021,6932.386159,0.000000,42.000000,215.277994,0.000000,241.169916
1022,6932.386159,0.000000,42.000000,214.776602,0.000000,233.649025
1023,6932.386159,0.000000,42.000000,214.275209,0.000000,226.128134
1024,6932.386159,0.000000,42.000000,213.773816,0.000000,218.607242
1025,6932.386159,0.000000,42.000000,213.272423,0.000000,211.086351
1026,6932.386159,0.000000,42.000000,212.771031,0.000000,203.565460
1027,6932.386159,0.000000,42.000000,212.269638,0.000000,196.044568
1028,6932.386159,0.000000,42.000000,211.768245,0.000000,188.523677
1029,6932.386159,0.000000,42.000000,211.266852,0.000000,181.002786
1030,6932.386159,0.000000,42.000000,210.765460,0.000000,173.481894
1031,6932.386159,0.000000,42.000000,210.264067,0.000000,165.961003
1032,6932.386159,0.000000,42.000000,209.762674,0.000000,158.440111
1033,6932.386159,0.000000,42.000000,209.261281,0.000000,150.919220
1034,6932.386159,0.000000,42.000000,208.759889,0.000000,143.398329
1035,6932.386159,0.000000,42.000000,208.258496,0.000000,135.877437
1036,6932.386159,0.000000,42.000000,207.757103,0.000000,128.356546
1037,6932.386159,0.000000,42.000000,207.255710,0.000000,120.835655
1038,6932.386159,0.000000,42.000000,206.754318,0.000000,113.314763
1039,6932.386159,0.000000,42.000000,206.252925,0.000000,105.793872
1040,6932.386159,0.000000,42.000000,205.751532,0.000000,98.272981
1041,6932.386159,0.000000,42.000000,205.250139,0.000000,90.752089
1042,6932.386159,0.000000,42.000000,204.748747,0.000000,83.231198
1043,6932.386159,0.000000,42.000000,204.247354,0.000000,75.710306
1044,6932.386159,0.000000,42.000000,203.745961,0.000000,68.189415
1045,6932.386159,0.000000,42.000000,203.244568,0.000000,60.668524
1046,6932.386159,0.000000,42.000000,202.743175,0.000000,53.147632
1047,6932.386159,0.000000,42.000000,202.241783,0.000000,45.626741
1048,6932.386159,0.000000,42.000000,201.740390,0.000000,38.105850
1049,6932.386159,0.000000,42.000000,201.238997,0.000000,30.584958
1050,6932.386159,0.000000,42.000000,200.737604,0.000000,23.064067
1051,6932.386159,0.000000,42.000000,200.236212,0.000000,15.543175
1052,6932.386159,0.000000,42.000000,199.734819,0.000000,8.022284
1053,6932.386159,0.000000,42.000000,199.233426,0.000000,0.501393
1054,6932.386159,0.000000,42.000000,198.732033,0.000000,352.980501
1055,6932.386159,0.000000,42.000000,198.230641,0.000000,345.459610
1056,6932.386159,0.000000,42.000000,197.729248,0.000000,337.938719
1057,6932.386159,0.000000,42.000000,197.227855,0.000000,330.417827
1058,6932.386159,0.000000,42.000000,196.726462,0.000000,322.896936
1059,6932.386159,0.000000,42.000000,196.225070,0.000000,315.376045
1060,6932.386159,0.000000,42.000000,195.723677,0.000000,307.855153
1061,6932.386159,0.000000,42.000000,195.222284,0.000000,300.334262
1062,6932.386159,0.000000,42.000000,194.720891,0.000000,292.813370
1063,6932.386159,0.000000,42.000000,194.219499,0.000000,285.292479
1064,6932.386159,0.000000,42.000000,193.718106,0.000000,277.771588
1065,6932.386159,0.000000,42.000000,193.216713,0.000000,270.250696
1066,6932.386159,0.000000,42.000000,192.715320,0.000000,262.729805
1067,6932.386159,0.000000,42.000000,192.213928,0.000000,255.208914
1068,6932.386159,0.000000,42.000000,191.712535,0.000000,247.688022
1069,6932.386159,0.000000,42.000000,191.211142,0.000000,240.167131
1070,6932.386159,0.000000,42.000000,190.709749,0.000000,232.646240
1071,6932.386159,0.000000,42.000000,190.208357,0.000000,225.125348
1072,6932.386159,0.000000,42.000000,189.706964,0.000000,217.604457
1073,6932.386159,0.000000,42.000000,189.205571,0.000000,210.083565
1074,6932.386159,0.000000,42.000000,188.704178,0.000000,202.562674
1075,6932.386159,0.000000,42.000000,188.202786,0.000000,195.041783
1076,6932.386159,0.000000,42.000000,187.701393,0.000000,187.520891
1077,6932.386159,0.000000,42.000000,187.200000,0.000000,180.000000
1078,6932.386159,0.000000,42.000000,186.698607,0.000000,172.479109
1079,6932.386159,0.000000,42.000000,186.197214,0.000000,164.958217
1080,6932.386159,0.000000,42.000000,185.695822,0.000000,157.437326
1081,6932.386159,0.000000,42.000000,185.194429,0.000000,149.916435
1082,6932.386159,0.000000,42.000000,184.693036,0.000000,142.395543
1083,6932.386159,0.000000,42.000000,184.191643,0.000000,134.874652
1084,6932.386159,0.000000,42.000000,183.690251,0.000000,127.353760
1085,6932.386159,0.000000,42.000000,183.188858,0.000000,119.832869
1086,6932.386159,0.000000,42.000000,182.687465,0.000000,112.311978
1087,6932.386159,0.000000,42.000000,182.186072,0.000000,104.791086
1088,6932.386159,0.000000,42.000000,181.684680,0.000000,97.270195
1089,6932.386159,0.000000,42.000000,181.183287,0.000000,89.749304
1090,6932.386159,0.000000,42.000000,180.681894,0.000000,82.228412
1091,6932.386159,0.000000,42.000000,180.180501,0.000000,74.707521
1092,6932.386159,0.000000,42.000000,179.679109,0.000000,67.186630
1093,6932.386159,0.000000,42.000000,179.177716,0.000000,59.665738
1094,6932.386159,0.000000,42.000000,178.676323,0.000000,52.144847
1095,6932.386159,0.000000,42.000000,178.174930,0.000000,44.623955
1096,6932.386159,0.000000,42.000000,177.673538,0.000000,37.103064
1097,6932.386159,0.000000,42.000000,177.172145,0.000000,29.582173
1098,6932.386159,0.000000,42.000000,176.670752,0.000000,22.061281
1099,6932.386159,0.000000,42.000000,176.169359,0.000000,14.540390
1100,6932.386159,0.000000,42.000000,175.667967,0.000000,7.019499
1101,6932.386159,0.000000,42.000000,175.166574,0.000000,359.498607
1102,6932.386159,0.000000,42.000000,174.665181,0.000000,351.977716
1103,6932.386159,0.000000,42.000000,174.163788,0.000000,344.456825
1104,6932.386159,0.000000,42.000000,173.662396,0.000000,336.935933
1105,6932.386159,0.000000,42.000000,173.161003,0.000000,329.415042
1106,6932.386159,0.000000,42.000000,172.659610,0.000000,321.894150
1107,6932.386159,0.000000,42.000000,172.158217,0.000000,314.373259
1108,6932.386159,0.000000,42.000000,171.656825,0.000000,306.852368
1109,6932.386159,0.000000,42.000000,171.155432,0.000000,299.331476
1110,6932.386159,0.000000,42.000000,170.654039,0.000000,291.810585
1111,6932.386159,0.000000,42.000000,170.152646,0.000000,284.289694
1112,6932.386159,0.000000,42.000000,169.651253,0.000000,276.768802
1113,6932.386159,0.000000,42.000000,169.149861,0.000000,269.247911
1114,6932.386159,0.000000,42.000000,168.648468,0.000000,261.727019
1115,6932.386159,0.000000,42.000000,168.147075,0.000000,254.206128
1116,6932.386159,0.000000,42.000000,167.645682,0.000000,246.685237
1117,6932.386159,0.000000,42.000000,167.144290,0.000000,239.164345
1118,6932.386159,0.000000,42.000000,166.642897,0.000000,231.643454
1119,6932.386159,0.000000,42.000000,166.141504,0.000000,224.122563
1120,6932.386159,0.000000,42.000000,165.640111,0.000000,216.601671
1121,6932.386159,0.000000,42.000000,165.138719,0.000000,209.080780
1122,6932.386159,0.000000,42.000000,164.637326,0.000000,201.559889
1123,6932.386159,0.000000,42.000000,164.135933,0.000000,194.038997
1124,6932.386159,0.000000,42.000000,163.634540,0.000000,186.518106
1125,6932.386159,0.000000,42.000000,163.133148,0.000000,178.997214
1126,6932.386159,0.000000,42.000000,162.631755,0.000000,171.476323
1127,6932.386159,0.000000,42.000000,162.130362,0.000000,163.955432
1128,6932.386159,0.000000,42.000000,161.628969,0.000000,156.434540
1129,6932.386159,0.000000,42.000000,161.127577,0.000000,148.913649
1130,6932.386159,0.000000,42.000000,160.626184,0.000000,141.392758
1131,6932.386159,0.000000,42.000000,160.124791,0.000000,133.871866
1132,6932.386159,0.000000,42.000000,159.623398,0.000000,126.350975
1133,6932.386159,0.000000,42.000000,159.122006,0.000000,118.830084
1134,6932.386159,0.000000,42.000000,158.620613,0.000000,111.309192
1135,6932.386159,0.000000,42.000000,158.119220,0.000000,103.788301
1136,6932.386159,0.000000,42.000000,157.617827,0.000000,96.267409
1137,6932.386159,0.000000,42.000000,157.116435,0.000000,88.746518
1138,6932.386159,0.000000,42.000000,156.615042,0.000000,81.225627
1139,6932.386159,0.000000,42.000000,156.113649,0.000000,73.704735
1140,6932.386159,0.000000,42.000000,155.612256,0.000000,66.183844
1141,6932.386159,0.000000,42.000000,155.110864,0.000000,58.662953
1142,6932.386159,0.000000,42.000000,154.609471,0.000000,51.142061
1143,6932.386159,0.000000,42.000000,154.108078,0.000000,43.621170
1144,6932.386159,0.000000,42.000000,153.606685,0.000000,36.100279
1145,6932.386159,0.000000,42.000000,153.105292,0.000000,28.579387
1146,6932.386159,0.000000,42.000000,152.603900,0.000000,21.058496
1147,6932.386159,0.000000,42.000000,152.102507,0.000000,13.537604
1148,6932.386159,0.000000,42.000000,151.601114,0.000000,6.016713
1149,6932.386159,0.000000,42.000000,151.099721,0.000000,358.495822
1150,6932.386159,0.000000,42.000000,150.598329,0.000000,350.974930
1151,6932.386159,0.000000,42.000000,150.096936,0.000000,343.454039
1152,6932.386159,0.000000,42.000000,149.595543,0.000000,335.933148
1153,6932.386159,0.000000,42.000000,149.094150,0.000000,328.412256
1154,6932.386159,0.000000,42.000000,148.592758,0.000000,320.891365
1155,6932.386159,0.000000,42.000000,148.091365,0.000000,313.370474
1156,6932.386159,0.000000,42.000000,147.589972,0.000000,305.849582
1157,6932.386159,0.000000,42.000000,147.088579,0.000000,298.328691
1158,6932.386159,0.000000,42.000000,146.587187,0.000000,290.807799
1159,6932.386159,0.000000,42.000000,146.085794,0.000000,283.286908
1160,6932.386159,0.000000,42.000000,145.584401,0.000000,275.766017
1161,6932.386159,0.000000,42.000000,145.083008,0.000000,268.245125
1162,6932.386159,0.000000,42.000000,144.581616,0.000000,260.724234
1163,6932.386159,0.000000,42.000000,144.080223,0.000000,253.203343
1164,6932.386159,0.000000,42.000000,143.578830,0.000000,245.682451
1165,6932.386159,0.000000,42.000000,143.077437,0.000000,238.161560
1166,6932.386159,0.000000,42.000000,142.576045,0.000000,230.640669
1167,6932.386159,0.000000,42.000000,142.074652,0.000000,223.119777
1168,6932.386159,0.000000,42.000000,141.573259,0.000000,215.598886
1169,6932.386159,0.000000,42.000000,141.071866,0.000000,208.077994
1170,6932.386159,0.000000,42.000000,140.570474,0.000000,200.557103
1171,6932.386159,0.000000,42.000000,140.069081,0.000000,193.036212
1172,6932.386159,0.000000,42.000000,139.567688,0.000000,185.515320
1173,6932.386159,0.000000,42.000000,139.066295,0.000000,177.994429
1174,6932.386159,0.000000,42.000000,138.564903,0.000000,170.473538
1175,6932.386159,0.000000,42.000000,138.063510,0.000000,162.952646
1176,6932.386159,0.000000,42.000000,137.562117,0.000000,155.431755
1177,6932.386159,0.000000,42.000000,137.060724,0.000000,147.910864
1178,6932.386159,0.000000,42.000000,136.559331,0.000000,140.389972
1179,6932.386159,0.000000,42.000000,136.057939,0.000000,132.869081
1180,6932.386159,0.000000,42.000000,135.556546,0.000000,125.348189
1181,6932.386159,0.000000,42.000000,135.055153,0.000000,117.827298
1182,6932.386159,0.000000,42.000000,134.553760,0.000000,110.306407
1183,6932.386159,0.000000,42.000000,134.052368,0.000000,102.785515
1184,6932.386159,0.000000,42.000000,133.550975,0.000000,95.264624
1185,6932.386159,0.000000,42.000000,133.049582,0.000000,87.743733
1186,6932.386159,0.000000,42.000000,132.548189,0.000000,80.222841
1187,6932.386159,0.000000,42.000000,132.046797,0.000000,72.701950
1188,6932.386159,0.000000,42.000000,131.545404,0.000000,65.181058
1189,6932.386159,0.000000,42.000000,131.044011,0.000000,57.660167
1190,6932.386159,0.000000,42.000000,130.542618,0.000000,50.139276
1191,6932.386159,0.000000,42.000000,130.041226,0.000000,42.618384
1192,6932.386159,0.000000,42.000000,129.539833,0.000000,35.097493
1193,6932.386159,0.000000,42.000000,129.038440,0.000000,27.576602
1194,6932.386159,0.000000,42.000000,128.537047,0.000000,20.055710
1195,6932.386159,0.000000,42.000000,128.035655,0.000000,12.534819
1196,6932.386159,0.000000,42.000000,127.534262,0.000000,5.013928
1197,6932.386159,0.000000,42.000000,127.032869,0.000000,357.493036
1198,6932.386159,0.000000,42.000000,126.531476,0.000000,349.972145
1199,6932.386159,0.000000,42.000000,126.030084,0.000000,342.451253
1200,6932.386159,0.000000,42.000000,125.528691,0.000000,334.930362
1201,6932.386159,0.000000,42.000000,125.027298,0.000000,327.409471
1202,6932.386159,0.000000,42.000000,124.525905,0.000000,319.888579
1203,6932.386159,0.000000,42.000000,124.024513,0.000000,312.367688
1204,6932.386159,0.000000,42.000000,123.523120,0.000000,304.846797
1205,6932.386159,0.000000,42.000000,123.021727,0.000000,297.325905
1206,6932.386159,0.000000,42.000000,122.520334,0.000000,289.805014
1207,6932.386159,0.000000,42.000000,122.018942,0.000000,282.284123
1208,6932.386159,0.000000,42.000000,121.517549,0.000000,274.763231
1209,6932.386159,0.000000,42.000000,121.016156,0.000000,267.242340
1210,6932.386159,0.000000,42.000000,120.514763,0.000000,259.721448
1211,6932.386159,0.000000,42.000000,120.013370,0.000000,252.200557
1212,6932.386159,0.000000,42.000000,119.511978,0.000000,244.679666
1213,6932.386159,0.000000,42.000000,119.010585,0.000000,237.158774
1214,6932.386159,0.000000,42.000000,118.509192,0.000000,229.637883
1215,6932.386159,0.000000,42.000000,118.007799,0.000000,222.116992
1216,6932.386159,0.000000,42.000000,117.506407,0.000000,214.596100
1217,6932.386159,0.000000,42.000000,117.005014,0.000000,207.075209
1218,6932.386159,0.000000,42.000000,116.503621,0.000000,199.554318
1219,6932.386159,0.000000,42.000000,116.002228,0.000000,192.033426
1220,6932.386159,0.000000,42.000000,115.500836,0.000000,184.512535
1221,6932.386159,0.000000,42.000000,114.999443,0.000000,176.991643
1222,6932.386159,0.000000,42.000000,114.498050,0.000000,169.470752
1223,6932.386159,0.000000,42.000000,113.996657,0.000000,161.949861
1224,6932.386159,0.000000,42.000000,113.495265,0.000000,154.428969
1225,6932.386159,0.000000,42.000000,112.993872,0.000000,146.908078
1226,6932.386159,0.000000,42.000000,112.492479,0.000000,139.387187
1227,6932.386159,0.000000,42.000000,111.991086,0.000000,131.866295
1228,6932.386159,0.000000,42.000000,111.489694,0.000000,124.345404
1229,6932.386159,0.000000,42.000000,110.988301,0.000000,116.824513
1230,6932.386159,0.000000,42.000000,110.486908,0.000000,109.303621
1231,6932.386159,0.000000,42.000000,109.985515,0.000000,101.782730
1232,6932.386159,0.000000,42.000000,109.484123,0.000000,94.261838
1233,6932.386159,0.000000,42.000000,108.982730,0.000000,86.740947
1234,6932.386159,0.000000,42.000000,108.481337,0.000000,79.220056
1235,6932.386159,0.000000,42.000000,107.979944,0.000000,71.699164
1236,6932.386159,0.000000,42.000000,107.478552,0.000000,64.178273
1237,6932.386159,0.000000,42.000000,106.977159,0.000000,56.657382
1238,6932.386159,0.000000,42.000000,106.475766,0.000000,49.136490
1239,6932.386159,0.000000,42.000000,105.974373,0.000000,41.615599
1240,6932.386159,0.000000,42.000000,105.472981,0.000000,34.094708
1241,6932.386159,0.000000,42.000000,104.971588,0.000000,26.573816
1242,6932.386159,0.000000,42.000000,104.470195,0.000000,19.052925
1243,6932.386159,0.000000,42.000000,103.968802,0.000000,11.532033
1244,6932.386159,0.000000,42.000000,103.467409,0.000000,4.011142
1245,6932.386159,0.000000,42.000000,102.966017,0.000000,356.490251
1246,6932.386159,0.000000,42.000000,102.464624,0.000000,348.969359
1247,6932.386159,0.000000,42.000000,101.963231,0.000000,341.448468
1248,6932.386159,0.000000,42.000000,101.461838,0.000000,333.927577
1249,6932.386159,0.000000,42.000000,100.960446,0.000000,326.406685
1250,6932.386159,0.000000,42.000000,100.459053,0.000000,318.885794
1251,6932.386159,0.000000,42.000000,99.957660,0.000000,311.364903
1252,6932.386159,0.000000,42.000000,99.456267,0.000000,303.844011
1253,6932.386159,0.000000,42.000000,98.954875,0.000000,296.323120
1254,6932.386159,0.000000,42.000000,98.453482,0.000000,288.802228
1255,6932.386159,0.000000,42.000000,97.952089,0.000000,281.281337
1256,6932.386159,0.000000,42.000000,97.450696,0.000000,273.760446
1257,6932.386159,0.000000,42.000000,96.949304,0.000000,266.239554
1258,6932.386159,0.000000,42.000000,96.447911,0.000000,258.718663
1259,6932.386159,0.000000,42.000000,95.946518,0.000000,251.197772
1260,6932.386159,0.000000,42.000000,95.445125,0.000000,243.676880
1261,6932.386159,0.000000,42.000000,94.943733,0.000000,236.155989
1262,6932.386159,0.000000,42.000000,94.442340,0.000000,228.635097
1263,6932.386159,0.000000,42.000000,93.940947,0.000000,221.114206
1264,6932.386159,0.000000,42.000000,93.439554,0.000000,213.593315
1265,6932.386159,0.000000,42.000000,92.938162,0.000000,206.072423
1266,6932.386159,0.000000,42.000000,92.436769,0.000000,198.551532
1267,6932.386159,0.000000,42.000000,91.935376,0.000000,191.030641
1268,6932.386159,0.000000,42.000000,91.433983,0.000000,183.509749
1269,6932.386159,0.000000,42.000000,90.932591,0.000000,175.988858
1270,6932.386159,0.000000,42.000000,90.431198,0.000000,168.467967
1271,6932.386159,0.000000,42.000000,89.929805,0.000000,160.947075
1272,6932.386159,0.000000,42.000000,89.428412,0.000000,153.426184
1273,6932.386159,0.000000,42.000000,88.927019,0.000000,145.905292
1274,6932.386159,0.000000,42.000000,88.425627,0.000000,138.384401
1275,6932.386159,0.000000,42.000000,87.924234,0.000000,130.863510
1276,6932.386159,0.000000,42.000000,87.422841,0.000000,123.342618
1277,6932.386159,0.000000,42.000000,86.921448,0.000000,115.821727
1278,6932.386159,0.000000,42.000000,86.420056,0.000000,108.300836
1279,6932.386159,0.000000,42.000000,85.918663,0.000000,100.779944
1280,6932.386159,0.000000,42.000000,85.417270,0.000000,93.259053
1281,6932.386159,0.000000,42.000000,84.915877,0.000000,85.738162
1282,6932.386159,0.000000,42.000000,84.414485,0.000000,78.217270
1283,6932.386159,0.000000,42.000000,83.913092,0.000000,70.696379
1284,6932.386159,0.000000,42.000000,83.411699,0.000000,63.175487
1285,6932.386159,0.000000,42.000000,82.910306,0.000000,55.654596
1286,6932.386159,0.000000,42.000000,82.408914,0.000000,48.133705
1287,6932.386159,0.000000,42.000000,81.907521,0.000000,40.612813
1288,6932.386159,0.000000,42.000000,81.406128,0.000000,33.091922
1289,6932.386159,0.000000,42.000000,80.904735,0.000000,25.571031
1290,6932.386159,0.000000,42.000000,80.403343,0.000000,18.050139
1291,6932.386159,0.000000,42.000000,79.901950,0.000000,10.529248
1292,6932.386159,0.000000,42.000000,79.400557,0.000000,3.008357
1293,6932.386159,0.000000,42.000000,78.899164,0.000000,355.487465
1294,6932.386159,0.000000,42.000000,78.397772,0.000000,347.966574
1295,6932.386159,0.000000,42.000000,77.896379,0.000000,340.445682
1296,6932.386159,0.000000,42.000000,77.394986,0.000000,332.924791
1297,6932.386159,0.000000,42.000000,76.893593,0.000000,325.403900
1298,6932.386159,0.000000,42.000000,76.392201,0.000000,317.883008
1299,6932.386159,0.000000,42.000000,75.890808,0.000000,310.362117
1300,6932.386159,0.000000,42.000000,75.389415,0.000000,302.841226
1301,6932.386159,0.000000,42.000000,74.888022,0.000000,295.320334
1302,6932.386159,0.000000,42.000000,74.386630,0.000000,287.799443
1303,6932.386159,0.000000,42.000000,73.885237,0.000000,280.278552
1304,6932.386159,0.000000,42.000000,73.383844,0.000000,272.757660
1305,6932.386159,0.000000,42.000000,72.882451,0.000000,265.236769
1306,6932.386159,0.000000,42.000000,72.381058,0.000000,257.715877
1307,6932.386159,0.000000,42.000000,71.879666,0.000000,250.194986
1308,6932.386159,0.000000,42.000000,71.378273,0.000000,242.674095
1309,6932.386159,0.000000,42.000000,70.876880,0.000000,235.153203
1310,6932.386159,0.000000,42.000000,70.375487,0.000000,227.632312
1311,6932.386159,0.000000,42.000000,69.874095,0.000000,220.111421
1312,6932.386159,0.000000,42.000000,69.372702,0.000000,212.590529
1313,6932.386159,0.000000,42.000000,68.871309,0.000000,205.069638
1314,6932.386159,0.000000,42.000000,68.369916,0.000000,197.548747
1315,6932.386159,0.000000,42.000000,67.868524,0.000000,190.027855
1316,6932.386159,0.000000,42.000000,67.367131,0.000000,182.506964
1317,6932.386159,0.000000,42.000000,66.865738,0.000000,174.986072
1318,6932.386159,0.000000,42.000000,66.364345,0.000000,167.465181
1319,6932.386159,0.000000,42.000000,65.862953,0.000000,159.944290
1320,6932.386159,0.000000,42.000000,65.361560,0.000000,152.423398
1321,6932.386159,0.000000,42.000000,64.860167,0.000000,144.902507
1322,6932.386159,0.000000,42.000000,64.358774,0.000000,137.381616
1323,6932.386159,0.000000,42.000000,63.857382,0.000000,129.860724
1324,6932.386159,0.000000,42.000000,63.355989,0.000000,122.339833
1325,6932.386159,0.000000,42.000000,62.854596,0.000000,114.818942
1326,6932.386159,0.000000,42.000000,62.353203,0.000000,107.298050
1327,6932.386159,0.000000,42.000000,61.851811,0.000000,99.777159
1328,6932.386159,0.000000,42.000000,61.350418,0.000000,92.256267
1329,6932.386159,0.000000,42.000000,60.849025,0.000000,84.735376
1330,6932.386159,0.000000,42.000000,60.347632,0.000000,77.214485
1331,6932.386159,0.000000,42.000000,59.846240,0.000000,69.693593
1332,6932.386159,0.000000,42.000000,59.344847,0.000000,62.172702
1333,6932.386159,0.000000,42.000000,58.843454,0.000000,54.651811
1334,6932.386159,0.000000,42.000000,58.342061,0.000000,47.130919
1335,6932.386159,0.000000,42.000000,57.840669,0.000000,39.610028
1336,6932.386159,0.000000,42.000000,57.339276,0.000000,32.089136
1337,6932.386159,0.000000,42.000000,56.837883,0.000000,24.568245
1338,6932.386159,0.000000,42.000000,56.336490,0.000000,17.047354
1339,6932.386159,0.000000,42.000000,55.835097,0.000000,9.526462
1340,6932.386159,0.000000,42.000000,55.333705,0.000000,2.005571
1341,6932.386159,0.000000,42.000000,54.832312,0.000000,354.484680
1342,6932.386159,0.000000,42.000000,54.330919,0.000000,346.963788
1343,6932.386159,0.000000,42.000000,53.829526,0.000000,339.442897
1344,6932.386159,0.000000,42.000000,53.328134,0.000000,331.922006
1345,6932.386159,0.000000,42.000000,52.826741,0.000000,324.401114
1346,6932.386159,0.000000,42.000000,52.325348,0.000000,316.880223
1347,6932.386159,0.000000,42.000000,51.823955,0.000000,309.359331
1348,6932.386159,0.000000,42.000000,51.322563,0.000000,301.838440
1349,6932.386159,0.000000,42.000000,50.821170,0.000000,294.317549
1350,6932.386159,0.000000,42.000000,50.319777,0.000000,286.796657
1351,6932.386159,0.000000,42.000000,49.818384,0.000000,279.275766
1352,6932.386159,0.000000,42.000000,49.316992,0.000000,271.754875
1353,6932.386159,0.000000,42.000000,48.815599,0.000000,264.233983
1354,6932.386159,0.000000,42.000000,48.314206,0.000000,256.713092
1355,6932.386159,0.000000,42.000000,47.812813,0.000000,249.192201
1356,6932.386159,0.000000,42.000000,47.311421,0.000000,241.671309
1357,6932.386159,0.000000,42.000000,46.810028,0.000000,234.150418
1358,6932.386159,0.000000,42.000000,46.308635,0.000000,226.629526
1359,6932.386159,0.000000,42.000000,45.807242,0.000000,219.108635
1360,6932.386159,0.000000,42.000000,45.305850,0.000000,211.587744
1361,6932.386159,0.000000,42.000000,44.804457,0.000000,204.066852
1362,6932.386159,0.000000,42.000000,44.303064,0.000000,196.545961
1363,6932.386159,0.000000,42.000000,43.801671,0.000000,189.025070
1364,6932.386159,0.000000,42.000000,43.300279,0.000000,181.504178
1365,6932.386159,0.000000,42.000000,42.798886,0.000000,173.983287
1366,6932.386159,0.000000,42.000000,42.297493,0.000000,166.462396
1367,6932.386159,0.000000,42.000000,41.796100,0.000000,158.941504
1368,6932.386159,0.000000,42.000000,41.294708,0.000000,151.420613
1369,6932.386159,0.000000,42.000000,40.793315,0.000000,143.899721
1370,6932.386159,0.000000,42.000000,40.291922,0.000000,136.378830
1371,6932.386159,0.000000,42.000000,39.790529,0.000000,128.857939
1372,6932.386159,0.000000,42.000000,39.289136,0.000000,121.337047
1373,6932.386159,0.000000,42.000000,38.787744,0.000000,113.816156
1374,6932.386159,0.000000,42.000000,38.286351,0.000000,106.295265
1375,6932.386159,0.000000,42.000000,37.784958,0.000000,98.774373
1376,6932.386159,0.000000,42.000000,37.283565,0.000000,91.253482
1377,6932.386159,0.000000,42.000000,36.782173,0.000000,83.732591
1378,6932.386159,0.000000,42.000000,36.280780,0.000000,76.211699
1379,6932.386159,0.000000,42.000000,35.779387,0.000000,68.690808
1380,6932.386159,0.000000,42.000000,35.277994,0.000000,61.169916
1381,6932.386159,0.000000,42.000000,34.776602,0.000000,53.649025
1382,6932.386159,0.000000,42.000000,34.275209,0.000000,46.128134
1383,6932.386159,0.000000,42.000000,33.773816,0.000000,38.607242
1384,6932.386159,0.000000,42.000000,33.272423,0.000000,31.086351
1385,6932.386159,0.000000,42.000000,32.771031,0.000000,23.565460
1386,6932.386159,0.000000,42.000000,32.269638,0.000000,16.044568
1387,6932.386159,0.000000,42.000000,31.768245,0.000000,8.523677
1388,6932.386159,0.000000,42.000000,31.266852,0.000000,1.002786
1389,6932.386159,0.000000,42.000000,30.765460,0.000000,353.481894
1390,6932.386159,0.000000,42.000000,30.264067,0.000000,345.961003
1391,6932.386159,0.000000,42.000000,29.762674,0.000000,338.440111
1392,6932.386159,0.000000,42.000000,29.261281,0.000000,330.919220
1393,6932.386159,0.000000,42.000000,28.759889,0.000000,323.398329
1394,6932.386159,0.000000,42.000000,28.258496,0.000000,315.877437
1395,6932.386159,0.000000,42.000000,27.757103,0.000000,308.356546
1396,6932.386159,0.000000,42.000000,27.255710,0.000000,300.835655
1397,6932.386159,0.000000,42.000000,26.754318,0.000000,293.314763
1398,6932.386159,0.000000,42.000000,26.252925,0.000000,285.793872
1399,6932.386159,0.000000,42.000000,25.751532,0.000000,278.272981
1400,6932.386159,0.000000,42.000000,25.250139,0.000000,270.752089
1401,6932.386159,0.000000,42.000000,24.748747,0.000000,263.231198
1402,6932.386159,0.000000,42.000000,24.247354,0.000000,255.710306
1403,6932.386159,0.000000,42.000000,23.745961,0.000000,248.189415
1404,6932.386159,0.000000,42.000000,23.244568,0.000000,240.668524
1405,6932.386159,0.000000,42.000000,22.743175,0.000000,233.147632
1406,6932.386159,0.000000,42.000000,22.241783,0.000000,225.626741
1407,6932.386159,0.000000,42.000000,21.740390,0.000000,218.105850
1408,6932.386159,0.000000,42.000000,21.238997,0.000000,210.584958
1409,6932.386159,0.000000,42.000000,20.737604,0.000000,203.064067
1410,6932.386159,0.000000,42.000000,20.236212,0.000000,195.543175
1411,6932.386159,0.000000,42.000000,19.734819,0.000000,188.022284
1412,6932.386159,0.000000,42.000000,19.233426,0.000000,180.501393
1413,6932.386159,0.000000,42.000000,18.732033,0.000000,172.980501
1414,6932.386159,0.000000,42.000000,18.230641,0.000000,165.459610
1415,6932.386159,0.000000,42.000000,17.729248,0.000000,157.938719
1416,6932.386159,0.000000,42.000000,17.227855,0.000000,150.417827
1417,6932.386159,0.000000,42.000000,16.726462,0.000000,142.896936
1418,6932.386159,0.000000,42.000000,16.225070,0.000000,135.376045
1419,6932.386159,0.000000,42.000000,15.723677,0.000000,127.855153
1420,6932.386159,0.000000,42.000000,15.222284,0.000000,120.334262
1421,6932.386159,0.000000,42.000000,14.720891,0.000000,112.813370
1422,6932.386159,0.000000,42.000000,14.219499,0.000000,105.292479
1423,6932.386159,0.000000,42.000000,13.718106,0.000000,97.771588
1424,6932.386159,0.000000,42.000000,13.216713,0.000000,90.250696
1425,6932.386159,0.000000,42.000000,12.715320,0.000000,82.729805
1426,6932.386159,0.000000,42.000000,12.213928,0.000000,75.208914
1427,6932.386159,0.000000,42.000000,11.712535,0.000000,67.688022
1428,6932.386159,0.000000,42.000000,11.211142,0.000000,60.167131
1429,6932.386159,0.000000,42.000000,10.709749,0.000000,52.646240
1430,6932.386159,0.000000,42.000000,10.208357,0.000000,45.125348
1431,6932.386159,0.000000,42.000000,9.706964,0.000000,37.604457
1432,6932.386159,0.000000,42.000000,9.205571,0.000000,30.083565
1433,6932.386159,0.000000,42.000000,8.704178,0.000000,22.562674
1434,6932.386159,0.000000,42.000000,8.202786,0.000000,15.041783
1435,6932.386159,0.000000,42.000000,7.701393,0.000000,7.520891
1436,6932.386159,0.000000,41.000000,2.400000,0.000000,0.000000
1437,6932.386159,0.000000,41.000000,1.898607,0.000000,352.479109
1438,6932.386159,0.000000,41.000000,1.397214,0.000000,344.958217
1439,6932.386159,0.000000,41.000000,0.895822,0.000000,337.437326
1440,6932.386159,0.000000,41.000000,0.394429,0.000000,329.916435
1441,6932.386159,0.000000,41.000000,359.893036,0.000000,322.395543
1442,6932.386159,0.000000,41.000000,359.391643,0.000000,314.874652
1443,6932.386159,0.000000,41.000000,358.890251,0.000000,307.353760
1444,6932.386159,0.000000,41.000000,358.388858,0.000000,299.832869
1445,6932.386159,0.000000,41.000000,357.887465,0.000000,292.311978
1446,6932.386159,0.000000,41.000000,357.386072,0.000000,284.791086
1447,6932.386159,0.000000,41.000000,356.884680,0.000000,277.270195
1448,6932.386159,0.000000,41.000000,356.383287,0.000000,269.749304
1449,6932.386159,0.000000,41.000000,355.881894,0.000000,262.228412
1450,6932.386159,0.000000,41.000000,355.380501,0.000000,254.707521
1451,6932.386159,0.000000,41.000000,354.879109,0.000000,247.186630
1452,6932.386159,0.000000,41.000000,354.377716,0.000000,239.665738
1453,6932.386159,0.000000,41.000000,353.876323,0.000000,232.144847
1454,6932.386159,0.000000,41.000000,353.374930,0.000000,224.623955
1455,6932.386159,0.000000,41.000000,352.873538,0.000000,217.103064
1456,6932.386159,0.000000,41.000000,352.372145,0.000000,209.582173
1457,6932.386159,0.000000,41.000000,351.870752,0.000000,202.061281
1458,6932.386159,0.000000,41.000000,351.369359,0.000000,194.540390
1459,6932.386159,0.000000,41.000000,350.867967,0.000000,187.019499
1460,6932.386159,0.000000,41.000000,350.366574,0.000000,179.498607
1461,6932.386159,0.000000,41.000000,349.865181,0.000000,171.977716
1462,6932.386159,0.000000,41.000000,349.363788,0.000000,164.456825
1463,6932.386159,0.000000,41.000000,348.862396,0.000000,156.935933
1464,6932.386159,0.000000,41.000000,348.361003,0.000000,149.415042
1465,6932.386159,0.000000,41.000000,347.859610,0.000000,141.894150
1466,6932.386159,0.000000,41.000000,347.358217,0.000000,134.373259
1467,6932.386159,0.000000,41.000000,346.856825,0.000000,126.852368
1468,6932.386159,0.000000,41.000000,346.355432,0.000000,119.331476
1469,6932.386159,0.000000,41.000000,345.854039,0.000000,111.810585
1470,6932.386159,0.000000,41.000000,345.352646,0.000000,104.289694
1471,6932.386159,0.000000,41.000000,344.851253,0.000000,96.768802
1472,6932.386159,0.000000,41.000000,344.349861,0.000000,89.247911
1473,6932.386159,0.000000,41.000000,343.848468,0.000000,81.727019
1474,6932.386159,0.000000,41.000000,343.347075,0.000000,74.206128
1475,6932.386159,0.000000,41.000000,342.845682,0.000000,66.685237
1476,6932.386159,0.000000,41.000000,342.344290,0.000000,59.164345
1477,6932.386159,0.000000,41.000000,341.842897,0.000000,51.643454
1478,6932.386159,0.000000,41.000000,341.341504,0.000000,44.122563
1479,6932.386159,0.000000,41.000000,340.840111,0.000000,36.601671
1480,6932.386159,0.000000,41.000000,340.338719,0.000000,29.080780
1481,6932.386159,0.000000,41.000000,339.837326,0.000000,21.559889
1482,6932.386159,0.000000,41.000000,339.335933,0.000000,14.038997
1483,6932.386159,0.000000,41.000000,338.834540,0.000000,6.518106
1484,6932.386159,0.000000,41.000000,338.333148,0.000000,358.997214
1485,6932.386159,0.000000,41.000000,337.831755,0.000000,351.476323
1486,6932.386159,0.000000,41.000000,337.330362,0.000000,343.955432
1487,6932.386159,0.000000,41.000000,336.828969,0.000000,336.434540
1488,6932.386159,0.000000,41.000000,336.327577,0.000000,328.913649
1489,6932.386159,0.000000,41.000000,335.826184,0.000000,321.392758
1490,6932.386159,0.000000,41.000000,335.324791,0.000000,313.871866
1491,6932.386159,0.000000,41.000000,334.823398,0.000000,306.350975
1492,6932.386159,0.000000,41.000000,334.322006,0.000000,298.830084
1493,6932.386159,0.000000,41.000000,333.820613,0.000000,291.309192
1494,6932.386159,0.000000,41.000000,333.319220,0.000000,283.788301
1495,6932.386159,0.000000,41.000000,332.817827,0.000000,276.267409
1496,6932.386159,0.000000,41.000000,332.316435,0.000000,268.746518
1497,6932.386159,0.000000,41.000000,331.815042,0.000000,261.225627
1498,6932.386159,0.000000,41.000000,331.313649,0.000000,253.704735
1499,6932.386159,0.000000,41.000000,330.812256,0.000000,246.183844
1500,6932.386159,0.000000,41.000000,330.310864,0.000000,238.662953
1501,6932.386159,0.000000,41.000000,329.809471,0.000000,231.142061
1502,6932.386159,0.000000,41.000000,329.308078,0.000000,223.621170
1503,6932.386159,0.000000,41.000000,328.806685,0.000000,216.100279
1504,6932.386159,0.000000,41.000000,328.305292,0.000000,208.579387
1505,6932.386159,0.000000,41.000000,327.803900,0.000000,201.058496
1506,6932.386159,0.000000,41.000000,327.302507,0.000000,193.537604
1507,6932.386159,0.000000,41.000000,326.801114,0.000000,186.016713
1508,6932.386159,0.000000,41.000000,326.299721,0.000000,178.495822
1509,6932.386159,0.000000,41.000000,325.798329,0.000000,170.974930
1510,6932.386159,0.000000,41.000000,325.296936,0.000000,163.454039
1511,6932.386159,0.000000,41.000000,324.795543,0.000000,155.933148
1512,6932.386159,0.000000,41.000000,324.294150,0.000000,148.412256
1513,6932.386159,0.000000,41.000000,323.792758,0.000000,140.891365
1514,6932.386159,0.000000,41.000000,323.291365,0.000000,133.370474
1515,6932.386159,0.000000,41.000000,322.789972,0.000000,125.849582
1516,6932.386159,0.000000,41.000000,322.288579,0.000000,118.328691
1517,6932.386159,0.000000,41.000000,321.787187,0.000000,110.807799
1518,6932.386159,0.000000,41.000000,321.285794,0.000000,103.286908
1519,6932.386159,0.000000,41.000000,320.784401,0.000000,95.766017
1520,6932.386159,0.000000,41.000000,320.283008,0.000000,88.245125
1521,6932.386159,0.000000,41.000000,319.781616,0.000000,80.724234
1522,6932.386159,0.000000,41.000000,319.280223,0.000000,73.203343
1523,6932.386159,0.000000,41.000000,318.778830,0.000000,65.682451
1524,6932.386159,0.000000,41.000000,318.277437,0.000000,58.161560
1525,6932.386159,0.000000,41.000000,317.776045,0.000000,50.640669
1526,6932.386159,0.000000,41.000000,317.274652,0.000000,43.119777
1527,6932.386159,0.000000,41.000000,316.773259,0.000000,35.598886
1528,6932.386159,0.000000,41.000000,316.271866,0.000000,28.077994
1529,6932.386159,0.000000,41.000000,315.770474,0.000000,20.557103
1530,6932.386159,0.000000,41.000000,315.269081,0.000000,13.036212
1531,6932.386159,0.000000,41.000000,314.767688,0.000000,5.515320
1532,6932.386159,0.000000,41.000000,314.266295,0.000000,357.994429
1533,6932.386159,0.000000,41.000000,313.764903,0.000000,350.473538
1534,6932.386159,0.000000,41.000000,313.263510,0.000000,342.952646
1535,6932.386159,0.000000,41.000000,312.762117,0.000000,335.431755
1536,6932.386159,0.000000,41.000000,312.260724,0.000000,327.910864
1537,6932.386159,0.000000,41.000000,311.759331,0.000000,320.389972
1538,6932.386159,0.000000,41.000000,311.257939,0.000000,312.869081
1539,6932.386159,0.000000,41.000000,310.756546,0.000000,305.348189
1540,6932.386159,0.000000,41.000000,310.255153,0.000000,297.827298
1541,6932.386159,0.000000,41.000000,309.753760,0.000000,290.306407
1542,6932.386159,0.000000,41.000000,309.252368,0.000000,282.785515
1543,6932.386159,0.000000,41.000000,308.750975,0.000000,275.264624
1544,6932.386159,0.000000,41.000000,308.249582,0.000000,267.743733
1545,6932.386159,0.000000,41.000000,307.748189,0.000000,260.222841
1546,6932.386159,0.000000,41.000000,307.246797,0.000000,252.701950
1547,6932.386159,0.000000,41.000000,306.745404,0.000000,245.181058
1548,6932.386159,0.000000,41.000000,306.244011,0.000000,237.660167
1549,6932.386159,0.000000,41.000000,305.742618,0.000000,230.139276
1550,6932.386159,0.000000,41.000000,305.241226,0.000000,222.618384
1551,6932.386159,0.000000,41.000000,304.739833,0.000000,215.097493
1552,6932.386159,0.000000,41.000000,304.238440,0.000000,207.576602
1553,6932.386159,0.000000,41.000000,303.737047,0.000000,200.055710
1554,6932.386159,0.000000,41.000000,303.235655,0.000000,192.534819
1555,6932.386159,0.000000,41.000000,302.734262,0.000000,185.013928
1556,6932.386159,0.000000,41.000000,302.232869,0.000000,177.493036
1557,6932.386159,0.000000,41.000000,301.731476,0.000000,169.972145
1558,6932.386159,0.000000,41.000000,301.230084,0.000000,162.451253
1559,6932.386159,0.000000,41.000000,300.728691,0.000000,154.930362
1560,6932.386159,0.000000,41.000000,300.227298,0.000000,147.409471
1561,6932.386159,0.000000,41.000000,299.725905,0.000000,139.888579
1562,6932.386159,0.000000,41.000000,299.224513,0.000000,132.367688
1563,6932.386159,0.000000,41.000000,298.723120,0.000000,124.846797
1564,6932.386159,0.000000,41.000000,298.221727,0.000000,117.325905
1565,6932.386159,0.000000,41.000000,297.720334,0.000000,109.805014
1566,6932.386159,0.000000,41.000000,297.218942,0.000000,102.284123
1567,6932.386159,0.000000,41.000000,296.717549,0.000000,94.763231
1568,6932.386159,0.000000,41.000000,296.216156,0.000000,87.242340
1569,6932.386159,0.000000,41.000000,295.714763,0.000000,79.721448
1570,6932.386159,0.000000,41.000000,295.213370,0.000000,72.200557
1571,6932.386159,0.000000,41.000000,294.711978,0.000000,64.679666
1572,6932.386159,0.000000,41.000000,294.210585,0.000000,57.158774
1573,6932.386159,0.000000,41.000000,293.709192,0.000000,49.637883
1574,6932.386159,0.000000,41.000000,293.207799,0.000000,42.116992
1575,6932.386159,0.000000,41.000000,292.706407,0.000000,34.596100
1576,6932.386159,0.000000,41.000000,292.205014,0.000000,27.075209
1577,6932.386159,0.000000,41.000000,291.703621,0.000000,19.554318
1578,6932.386159,0.000000,41.000000,291.202228,0.000000,12.033426
1579,6932.386159,0.000000,41.000000,290.700836,0.000000,4.512535
1580,6932.386159,0.000000,41.000000,290.199443,0.000000,356.991643
1581,6932.386159,0.000000,41.000000,289.698050,0.000000,349.470752
1582,6932.386159,0.000000,41.000000,289.196657,0.000000,341.949861
1583,6932.386159,0.000000,41.000000,288.695265,0.000000,334.428969
1584,6932.386159,0.000000,41.000000,288.193872,0.000000,326.908078
1585,6932.386159,0.000000,41.000000,287.692479,0.000000,319.387187
1586,6932.386159,0.000000,41.000000,287.191086,0.000000,311.866295
1587,6932.386159,0.000000,41.000000,286.689694,0.000000,304.345404
1588,6932.386159,0.000000,41.000000,286.188301,0.000000,296.824513
1589,6932.386159,0.000000,41.000000,285.686908,0.000000,289.303621
1590,6932.386159,0.000000,41.000000,285.185515,0.000000,281.782730
1591,6932.386159,0.000000,41.000000,284.684123,0.000000,274.261838
1592,6932.386159,0.000000,41.000000,284.182730,0.000000,266.740947
1593,6932.386159,0.000000,41.000000,283.681337,0.000000,259.220056
1594,6932.386159,0.000000,41.000000,283.179944,0.000000,251.699164
1595,6932.386159,0.000000,41.000000,282.678552,0.000000,244.178273
1596,6932.386159,0.000000,41.000000,282.177159,0.000000,236.657382
1597,6932.386159,0.000000,41.000000,281.675766,0.000000,229.136490
1598,6932.386159,0.000000,41.000000,281.174373,0.000000,221.615599
1599,6932.386159,0.000000,41.000000,280.672981,0.000000,214.094708
1600,6932.386159,0.000000,41.000000,280.171588,0.000000,206.573816
1601,6932.386159,0.000000,41.000000,279.670195,0.000000,199.052925
1602,6932.386159,0.000000,41.000000,279.168802,0.000000,191.532033
1603,6932.386159,0.000000,41.000000,278.667409,0.000000,184.011142
1604,6932.386159,0.000000,41.000000,278.166017,0.000000,176.490251
1605,6932.386159,0.000000,41.000000,277.664624,0.000000,168.969359
1606,6932.386159,0.000000,41.000000,277.163231,0.000000,161.448468
1607,6932.386159,0.000000,41.000000,276.661838,0.000000,153.927577
1608,6932.386159,0.000000,41.000000,276.160446,0.000000,146.406685
1609,6932.386159,0.000000,41.000000,275.659053,0.000000,138.885794
1610,6932.386159,0.000000,41.000000,275.157660,0.000000,131.364903
1611,6932.386159,0.000000,41.000000,274.656267,0.000000,123.844011
1612,6932.386159,0.000000,41.000000,274.154875,0.000000,116.323120
1613,6932.386159,0.000000,41.000000,273.653482,0.000000,108.802228
1614,6932.386159,0.000000,41.000000,273.152089,0.000000,101.281337
1615,6932.386159,0.000000,41.000000,272.650696,0.000000,93.760446
1616,6932.386159,0.000000,41.000000,272.149304,0.000000,86.239554
1617,6932.386159,0.000000,41.000000,271.647911,0.000000,78.718663
1618,6932.386159,0.000000,41.000000,271.146518,0.000000,71.197772
1619,6932.386159,0.000000,41.000000,270.645125,0.000000,63.676880
1620,6932.386159,0.000000,41.000000,270.143733,0.000000,56.155989
1621,6932.386159,0.000000,41.000000,269.642340,0.000000,48.635097
1622,6932.386159,0.000000,41.000000,269.140947,0.000000,41.114206
1623,6932.386159,0.000000,41.000000,268.639554,0.000000,33.593315
1624,6932.386159,0.000000,41.000000,268.138162,0.000000,26.072423
1625,6932.386159,0.000000,41.000000,267.636769,0.000000,18.551532
1626,6932.386159,0.000000,41.000000,267.135376,0.000000,11.030641
1627,6932.386159,0.000000,41.000000,266.633983,0.000000,3.509749
1628,6932.386159,0.000000,41.000000,266.132591,0.000000,355.988858
1629,6932.386159,0.000000,41.000000,265.631198,0.000000,348.467967
1630,6932.386159,0.000000,41.000000,265.129805,0.000000,340.947075
1631,6932.386159,0.000000,41.000000,264.628412,0.000000,333.426184
1632,6932.386159,0.000000,41.000000,264.127019,0.000000,325.905292
1633,6932.386159,0.000000,41.000000,263.625627,0.000000,318.384401
1634,6932.386159,0.000000,41.000000,263.124234,0.000000,310.863510
1635,6932.386159,0.000000,41.000000,262.622841,0.000000,303.342618
1636,6932.386159,0.000000,41.000000,262.121448,0.000000,295.821727
1637,6932.386159,0.000000,41.000000,261.620056,0.000000,288.300836
1638,6932.386159,0.000000,41.000000,261.118663,0.000000,280.779944
1639,6932.386159,0.000000,41.000000,260.617270,0.000000,273.259053
1640,6932.386159,0.000000,41.000000,260.115877,0.000000,265.738162
1641,6932.386159,0.000000,41.000000,259.614485,0.000000,258.217270
1642,6932.386159,0.000000,41.000000,259.113092,0.000000,250.696379
1643,6932.386159,0.000000,41.000000,258.611699,0.000000,243.175487
1644,6932.386159,0.000000,41.000000,258.110306,0.000000,235.654596
1645,6932.386159,0.000000,41.000000,257.608914,0.000000,228.133705
1646,6932.386159,0.000000,41.000000,257.107521,0.000000,220.612813
1647,6932.386159,0.000000,41.000000,256.606128,0.000000,213.091922
1648,6932.386159,0.000000,41.000000,256.104735,0.000000,205.571031
1649,6932.386159,0.000000,41.000000,255.603343,0.000000,198.050139
1650,6932.386159,0.000000,41.000000,255.101950,0.000000,190.529248
1651,6932.386159,0.000000,41.000000,254.600557,0.000000,183.008357
1652,6932.386159,0.000000,41.000000,254.099164,0.000000,175.487465
1653,6932.386159,0.000000,41.000000,253.597772,0.000000,167.966574
1654,6932.386159,0.000000,41.000000,253.096379,0.000000,160.445682
1655,6932.386159,0.000000,41.000000,252.594986,0.000000,152.924791
1656,6932.386159,0.000000,41.000000,252.093593,0.000000,145.403900
1657,6932.386159,0.000000,41.000000,251.592201,0.000000,137.883008
1658,6932.386159,0.000000,41.000000,251.090808,0.000000,130.362117
1659,6932.386159,0.000000,41.000000,250.589415,0.000000,122.841226
1660,6932.386159,0.000000,41.000000,250.088022,0.000000,115.320334
1661,6932.386159,0.000000,41.000000,249.586630,0.000000,107.799443
1662,6932.386159,0.000000,41.000000,249.085237,0.000000,100.278552
1663,6932.386159,0.000000,41.000000,248.583844,0.000000,92.757660
1664,6932.386159,0.000000,41.000000,248.082451,0.000000,85.236769
1665,6932.386159,0.000000,41.000000,247.581058,0.000000,77.715877
1666,6932.386159,0.000000,41.000000,247.079666,0.000000,70.194986
1667,6932.386159,0.000000,41.000000,246.578273,0.000000,62.674095
1668,6932.386159,0.000000,41.000000,246.076880,0.000000,55.153203
1669,6932.386159,0.000000,41.000000,245.575487,0.000000,47.632312
1670,6932.386159,0.000000,41.000000,245.074095,0.000000,40.111421
1671,6932.386159,0.000000,41.000000,244.572702,0.000000,32.590529
1672,6932.386159,0.000000,41.000000,244.071309,0.000000,25.069638
1673,6932.386159,0.000000,41.000000,243.569916,0.000000,17.548747
1674,6932.386159,0.000000,41.000000,243.068524,0.000000,10.027855
1675,6932.386159,0.000000,41.000000,242.567131,0.000000,2.506964
1676,6932.386159,0.000000,41.000000,242.065738,0.000000,354.986072
1677,6932.386159,0.000000,41.000000,241.564345,0.000000,347.465181
1678,6932.386159,0.000000,41.000000,241.062953,0.000000,339.944290
1679,6932.386159,0.000000,41.000000,240.561560,0.000000,332.423398
1680,6932.386159,0.000000,41.000000,240.060167,0.000000,324.902507
1681,6932.386159,0.000000,41.000000,239.558774,0.000000,317.381616
1682,6932.386159,0.000000,41.000000,239.057382,0.000000,309.860724
1683,6932.386159,0.000000,41.000000,238.555989,0.000000,302.339833
1684,6932.386159,0.000000,41.000000,238.054596,0.000000,294.818942
1685,6932.386159,0.000000,41.000000,237.553203,0.000000,287.298050
1686,6932.386159,0.000000,41.000000,237.051811,0.000000,279.777159
1687,6932.386159,0.000000,41.000000,236.550418,0.000000,272.256267
1688,6932.386159,0.000000,41.000000,236.049025,0.000000,264.735376
1689,6932.386159,0.000000,41.000000,235.547632,0.000000,257.214485
1690,6932.386159,0.000000,41.000000,235.046240,0.000000,249.693593
1691,6932.386159,0.000000,41.000000,234.544847,0.000000,242.172702
1692,6932.386159,0.000000,41.000000,234.043454,0.000000,234.651811
1693,6932.386159,0.000000,41.000000,233.542061,0.000000,227.130919
1694,6932.386159,0.000000,41.000000,233.040669,0.000000,219.610028
1695,6932.386159,0.000000,41.000000,232.539276,0.000000,212.089136
1696,6932.386159,0.000000,41.000000,232.037883,0.000000,204.568245
1697,6932.386159,0.000000,41.000000,231.536490,0.000000,197.047354
1698,6932.386159,0.000000,41.000000,231.035097,0.000000,189.526462
1699,6932.386159,0.000000,41.000000,230.533705,0.000000,182.005571
1700,6932.386159,0.000000,41.000000,230.032312,0.000000,174.484680
1701,6932.386159,0.000000,41.000000,229.530919,0.000000,166.963788
1702,6932.386159,0.000000,41.000000,229.029526,0.000000,159.442897
1703,6932.386159,0.000000,41.000000,228.528134,0.000000,151.922006
1704,6932.386159,0.000000,41.000000,228.026741,0.000000,144.401114
1705,6932.386159,0.000000,41.000000,227.525348,0.000000,136.880223
1706,6932.386159,0.000000,41.000000,227.023955,0.000000,129.359331
1707,6932.386159,0.000000,41.000000,226.522563,0.000000,121.838440
1708,6932.386159,0.000000,41.000000,226.021170,0.000000,114.317549
1709,6932.386159,0.000000,41.000000,225.519777,0.000000,106.796657
1710,6932.386159,0.000000,41.000000,225.018384,0.000000,99.275766
1711,6932.386159,0.000000,41.000000,224.516992,0.000000,91.754875
1712,6932.386159,0.000000,41.000000,224.015599,0.000000,84.233983
1713,6932.386159,0.000000,41.000000,223.514206,0.000000,76.713092
1714,6932.386159,0.000000,41.000000,223.012813,0.000000,69.192201
1715,6932.386159,0.000000,41.000000,222.511421,0.000000,61.671309
1716,6932.386159,0.000000,41.000000,222.010028,0.000000,54.150418
1717,6932.386159,0.000000,41.000000,221.508635,0.000000,46.629526
1718,6932.386159,0.000000,41.000000,221.007242,0.000000,39.108635
1719,6932.386159,0.000000,41.000000,220.505850,0.000000,31.587744
1720,6932.386159,0.000000,41.000000,220.004457,0.000000,24.066852
1721,6932.386159,0.000000,41.000000,219.503064,0.000000,16.545961
1722,6932.386159,0.000000,41.000000,219.001671,0.000000,9.025070
1723,6932.386159,0.000000,41.000000,218.500279,0.000000,1.504178
1724,6932.386159,0.000000,41.000000,217.998886,0.000000,353.983287
1725,6932.386159,0.000000,41.000000,217.497493,0.000000,346.462396
1726,6932.386159,0.000000,41.000000,216.996100,0.000000,338.941504
1727,6932.386159,0.000000,41.000000,216.494708,0.000000,331.420613
1728,6932.386159,0.000000,41.000000,215.993315,0.000000,323.899721
1729,6932.386159,0.000000,41.000000,215.491922,0.000000,316.378830
1730,6932.386159,0.000000,41.000000,214.990529,0.000000,308.857939
1731,6932.386159,0.000000,41.000000,214.489136,0.000000,301.337047
1732,6932.386159,0.000000,41.000000,213.987744,0.000000,293.816156
1733,6932.386159,0.000000,41.000000,213.486351,0.000000,286.295265
1734,6932.386159,0.000000,41.000000,212.984958,0.000000,278.774373
1735,6932.386159,0.000000,41.000000,212.483565,0.000000,271.253482
1736,6932.386159,0.000000,41.000000,211.982173,0.000000,263.732591
1737,6932.386159,0.000000,41.000000,211.480780,0.000000,256.211699
1738,6932.386159,0.000000,41.000000,210.979387,0.000000,248.690808
1739,6932.386159,0.000000,41.000000,210.477994,0.000000,241.169916
1740,6932.386159,0.000000,41.000000,209.976602,0.000000,233.649025
1741,6932.386159,0.000000,41.000000,209.475209,0.000000,226.128134
1742,6932.386159,0.000000,41.000000,208.973816,0.000000,218.607242
1743,6932.386159,0.000000,41.000000,208.472423,0.000000,211.086351
1744,6932.386159,0.000000,41.000000,207.971031,0.000000,203.565460
1745,6932.386159,0.000000,41.000000,207.469638,0.000000,196.044568
1746,6932.386159,0.000000,41.000000,206.968245,0.000000,188.523677
1747,6932.386159,0.000000,41.000000,206.466852,0.000000,181.002786
1748,6932.386159,0.000000,41.000000,205.965460,0.000000,173.481894
1749,6932.386159,0.000000,41.000000,205.464067,0.000000,165.961003
1750,6932.386159,0.000000,41.000000,204.962674,0.000000,158.440111
1751,6932.386159,0.000000,41.000000,204.461281,0.000000,150.919220
1752,6932.386159,0.000000,41.000000,203.959889,0.000000,143.398329
1753,6932.386159,0.000000,41.000000,203.458496,0.000000,135.877437
1754,6932.386159,0.000000,41.000000,202.957103,0.000000,128.356546
1755,6932.386159,0.000000,41.000000,202.455710,0.000000,120.835655
1756,6932.386159,0.000000,41.000000,201.954318,0.000000,113.314763
1757,6932.386159,0.000000,41.000000,201.452925,0.000000,105.793872
1758,6932.386159,0.000000,41.000000,200.951532,0.000000,98.272981
1759,6932.386159,0.000000,41.000000,200.450139,0.000000,90.752089
1760,6932.386159,0.000000,41.000000,199.948747,0.000000,83.231198
1761,6932.386159,0.000000,41.000000,199.447354,0.000000,75.710306
1762,6932.386159,0.000000,41.000000,198.945961,0.000000,68.189415
1763,6932.386159,0.000000,41.000000,198.444568,0.000000,60.668524
1764,6932.386159,0.000000,41.000000,197.943175,0.000000,53.147632
1765,6932.386159,0.000000,41.000000,197.441783,0.000000,45.626741
1766,6932.386159,0.000000,41.000000,196.940390,0.000000,38.105850
1767,6932.386159,0.000000,41.000000,196.438997,0.000000,30.584958
1768,6932.386159,0.000000,41.000000,195.937604,0.000000,23.064067
1769,6932.386159,0.000000,41.000000,195.436212,0.000000,15.543175
1770,6932.386159,0.000000,41.000000,194.934819,0.000000,8.022284
1771,6932.386159,0.000000,41.000000,194.433426,0.000000,0.501393
1772,6932.386159,0.000000,41.000000,193.932033,0.000000,352.980501
1773,6932.386159,0.000000,41.000000,193.430641,0.000000,345.459610
1774,6932.386159,0.000000,41.000000,192.929248,0.000000,337.938719
1775,6932.386159,0.000000,41.000000,192.427855,0.000000,330.417827
1776,6932.386159,0.000000,41.000000,191.926462,0.000000,322.896936
1777,6932.386159,0.000000,41.000000,191.425070,0.000000,315.376045
1778,6932.386159,0.000000,41.000000,190.923677,0.000000,307.855153
1779,6932.386159,0.000000,41.000000,190.422284,0.000000,300.334262
1780,6932.386159,0.000000,41.000000,189.920891,0.000000,292.813370
1781,6932.386159,0.000000,41.000000,189.419499,0.000000,285.292479
1782,6932.386159,0.000000,41.000000,188.918106,0.000000,277.771588
1783,6932.386159,0.000000,41.000000,188.416713,0.000000,270.250696
1784,6932.386159,0.000000,41.000000,187.915320,0.000000,262.729805
1785,6932.386159,0.000000,41.000000,187.413928,0.000000,255.208914
1786,6932.386159,0.000000,41.000000,186.912535,0.000000,247.688022
1787,6932.386159,0.000000,41.000000,186.411142,0.000000,240.167131
1788,6932.386159,0.000000,41.000000,185.909749,0.000000,232.646240
1789,6932.386159,0.000000,41.000000,185.408357,0.000000,225.125348
1790,6932.386159,0.000000,41.000000,184.906964,0.000000,217.604457
1791,6932.386159,0.000000,41.000000,184.405571,0.000000,210.083565
1792,6932.386159,0.000000,41.000000,183.904178,0.000000,202.562674
1793,6932.386159,0.000000,41.000000,183.402786,0.000000,195.041783
1794,6932.386159,0.000000,41.000000,182.901393,0.000000,187.520891
1795,6932.386159,0.000000,41.000000,182.400000,0.000000,180.000000
1796,6932.386159,0.000000,41.000000,181.898607,0.000000,172.479109
1797,6932.386159,0.000000,41.000000,181.397214,0.000000,164.958217
1798,6932.386159,0.000000,41.000000,180.895822,0.000000,157.437326
1799,6932.386159,0.000000,41.000000,180.394429,0.000000,149.916435
1800,6932.386159,0.000000,41.000000,179.893036,0.000000,142.395543
1801,6932.386159,0.000000,41.000000,179.391643,0.000000,134.874652
1802,6932.386159,0.000000,41.000000,178.890251,0.000000,127.353760
1803,6932.386159,0.000000,41.000000,178.388858,0.000000,119.832869
1804,6932.386159,0.000000,41.000000,177.887465,0.000000,112.311978
1805,6932.386159,0.000000,41.000000,177.386072,0.000000,104.791086
1806,6932.386159,0.000000,41.000000,176.884680,0.000000,97.270195
1807,6932.386159,0.000000,41.000000,176.383287,0.000000,89.749304
1808,6932.386159,0.000000,41.000000,175.881894,0.000000,82.228412
1809,6932.386159,0.000000,41.000000,175.380501,0.000000,74.707521
1810,6932.386159,0.000000,41.000000,174.879109,0.000000,67.186630
1811,6932.386159,0.000000,41.000000,174.377716,0.000000,59.665738
1812,6932.386159,0.000000,41.000000,173.876323,0.000000,52.144847
1813,6932.386159,0.000000,41.000000,173.374930,0.000000,44.623955
1814,6932.386159,0.000000,41.000000,172.873538,0.000000,37.103064
1815,6932.386159,0.000000,41.000000,172.372145,0.000000,29.582173
1816,6932.386159,0.000000,41.000000,171.870752,0.000000,22.061281
1817,6932.386159,0.000000,41.000000,171.369359,0.000000,14.540390
1818,6932.386159,0.000000,41.000000,170.867967,0.000000,7.019499
1819,6932.386159,0.000000,41.000000,170.366574,0.000000,359.498607
1820,6932.386159,0.000000,41.000000,169.865181,0.000000,351.977716
1821,6932.386159,0.000000,41.000000,169.363788,0.000000,344.456825
1822,6932.386159,0.000000,41.000000,168.862396,0.000000,336.935933
1823,6932.386159,0.000000,41.000000,168.361003,0.000000,329.415042
1824,6932.386159,0.000000,41.000000,167.859610,0.000000,321.894150
1825,6932.386159,0.000000,41.000000,167.358217,0.000000,314.373259
1826,6932.386159,0.000000,41.000000,166.856825,0.000000,306.852368
1827,6932.386159,0.000000,41.000000,166.355432,0.000000,299.331476
1828,6932.386159,0.000000,41.000000,165.854039,0.000000,291.810585
1829,6932.386159,0.000000,41.000000,165.352646,0.000000,284.289694
1830,6932.386159,0.000000,41.000000,164.851253,0.000000,276.768802
1831,6932.386159,0.000000,41.000000,164.349861,0.000000,269.247911
1832,6932.386159,0.000000,41.000000,163.848468,0.000000,261.727019
1833,6932.386159,0.000000,41.000000,163.347075,0.000000,254.206128
1834,6932.386159,0.000000,41.000000,162.845682,0.000000,246.685237
1835,6932.386159,0.000000,41.000000,162.344290,0.000000,239.164345
1836,6932.386159,0.000000,41.000000,161.842897,0.000000,231.643454
1837,6932.386159,0.000000,41.000000,161.341504,0.000000,224.122563
1838,6932.386159,0.000000,41.000000,160.840111,0.000000,216.601671
1839,6932.386159,0.000000,41.000000,160.338719,0.000000,209.080780
1840,6932.386159,0.000000,41.000000,159.837326,0.000000,201.559889
1841,6932.386159,0.000000,41.000000,159.335933,0.000000,194.038997
1842,6932.386159,0.000000,41.000000,158.834540,0.000000,186.518106
1843,6932.386159,0.000000,41.000000,158.333148,0.000000,178.997214
1844,6932.386159,0.000000,41.000000,157.831755,0.000000,171.476323
1845,6932.386159,0.000000,41.000000,157.330362,0.000000,163.955432
1846,6932.386159,0.000000,41.000000,156.828969,0.000000,156.434540
1847,6932.386159,0.000000,41.000000,156.327577,0.000000,148.913649
1848,6932.386159,0.000000,41.000000,155.826184,0.000000,141.392758
1849,6932.386159,0.000000,41.000000,155.324791,0.000000,133.871866
1850,6932.386159,0.000000,41.000000,154.823398,0.000000,126.350975
1851,6932.386159,0.000000,41.000000,154.322006,0.000000,118.830084
1852,6932.386159,0.000000,41.000000,153.820613,0.000000,111.309192
1853,6932.386159,0.000000,41.000000,153.319220,0.000000,103.788301
1854,6932.386159,0.000000,41.000000,152.817827,0.000000,96.267409
1855,6932.386159,0.000000,41.000000,152.316435,0.000000,88.746518
1856,6932.386159,0.000000,41.000000,151.815042,0.000000,81.225627
1857,6932.386159,0.000000,41.000000,151.313649,0.000000,73.704735
1858,6932.386159,0.000000,41.000000,150.812256,0.000000,66.183844
1859,6932.386159,0.000000,41.000000,150.310864,0.000000,58.662953
1860,6932.386159,0.000000,41.000000,149.809471,0.000000,51.142061
1861,6932.386159,0.000000,41.000000,149.308078,0.000000,43.621170
1862,6932.386159,0.000000,41.000000,148.806685,0.000000,36.100279
1863,6932.386159,0.000000,41.000000,148.305292,0.000000,28.579387
1864,6932.386159,0.000000,41.000000,147.803900,0.000000,21.058496
1865,6932.386159,0.000000,41.000000,147.302507,0.000000,13.537604
1866,6932.386159,0.000000,41.000000,146.801114,0.000000,6.016713
1867,6932.386159,0.000000,41.000000,146.299721,0.000000,358.495822
1868,6932.386159,0.000000,41.000000,145.798329,0.000000,350.974930
1869,6932.386159,0.000000,41.000000,145.296936,0.000000,343.454039
1870,6932.386159,0.000000,41.000000,144.795543,0.000000,335.933148
1871,6932.386159,0.000000,41.000000,144.294150,0.000000,328.412256
1872,6932.386159,0.000000,41.000000,143.792758,0.000000,320.891365
1873,6932.386159,0.000000,41.000000,143.291365,0.000000,313.370474
1874,6932.386159,0.000000,41.000000,142.789972,0.000000,305.849582
1875,6932.386159,0.000000,41.000000,142.288579,0.000000,298.328691
1876,6932.386159,0.000000,41.000000,141.787187,0.000000,290.807799
1877,6932.386159,0.000000,41.000000,141.285794,0.000000,283.286908
1878,6932.386159,0.000000,41.000000,140.784401,0.000000,275.766017
1879,6932.386159,0.000000,41.000000,140.283008,0.000000,268.245125
1880,6932.386159,0.000000,41.000000,139.781616,0.000000,260.724234
1881,6932.386159,0.000000,41.000000,139.280223,0.000000,253.203343
1882,6932.386159,0.000000,41.000000,138.778830,0.000000,245.682451
1883,6932.386159,0.000000,41.000000,138.277437,0.000000,238.161560
1884,6932.386159,0.000000,41.000000,137.776045,0.000000,230.640669
1885,6932.386159,0.000000,41.000000,137.274652,0.000000,223.119777
1886,6932.386159,0.000000,41.000000,136.773259,0.000000,215.598886
1887,6932.386159,0.000000,41.000000,136.271866,0.000000,208.077994
1888,6932.386159,0.000000,41.000000,135.770474,0.000000,200.557103
1889,6932.386159,0.000000,41.000000,135.269081,0.000000,193.036212
1890,6932.386159,0.000000,41.000000,134.767688,0.000000,185.515320
1891,6932.386159,0.000000,41.000000,134.266295,0.000000,177.994429
1892,6932.386159,0.000000,41.000000,133.764903,0.000000,170.473538
1893,6932.386159,0.000000,41.000000,133.263510,0.000000,162.952646
1894,6932.386159,0.000000,41.000000,132.762117,0.000000,155.431755
1895,6932.386159,0.000000,41.000000,132.260724,0.000000,147.910864
1896,6932.386159,0.000000,41.000000,131.759331,0.000000,140.389972
1897,6932.386159,0.000000,41.000000,131.257939,0.000000,132.869081
1898,6932.386159,0.000000,41.000000,130.756546,0.000000,125.348189
1899,6932.386159,0.000000,41.000000,130.255153,0.000000,117.827298
1900,6932.386159,0.000000,41.000000,129.753760,0.000000,110.306407
1901,6932.386159,0.000000,41.000000,129.252368,0.000000,102.785515
1902,6932.386159,0.000000,41.000000,128.750975,0.000000,95.264624
1903,6932.386159,0.000000,41.000000,128.249582,0.000000,87.743733
1904,6932.386159,0.000000,41.000000,127.748189,0.000000,80.222841
1905,6932.386159,0.000000,41.000000,127.246797,0.000000,72.701950
1906,6932.386159,0.000000,41.000000,126.745404,0.000000,65.181058
1907,6932.386159,0.000000,41.000000,126.244011,0.000000,57.660167
1908,6932.386159,0.000000,41.000000,125.742618,0.000000,50.139276
1909,6932.386159,0.000000,41.000000,125.241226,0.000000,42.618384
1910,6932.386159,0.000000,41.000000,124.739833,0.000000,35.097493
1911,6932.386159,0.000000,41.000000,124.238440,0.000000,27.576602
1912,6932.386159,0.000000,41.000000,123.737047,0.000000,20.055710
1913,6932.386159,0.000000,41.000000,123.235655,0.000000,12.534819
1914,6932.386159,0.000000,41.000000,122.734262,0.000000,5.013928
1915,6932.386159,0.000000,41.000000,122.232869,0.000000,357.493036
1916,6932.386159,0.000000,41.000000,121.731476,0.000000,349.972145
1917,6932.386159,0.000000,41.000000,121.230084,0.000000,342.451253
1918,6932.386159,0.000000,41.000000,120.728691,0.000000,334.930362
1919,6932.386159,0.000000,41.000000,120.227298,0.000000,327.409471
1920,6932.386159,0.000000,41.000000,119.725905,0.000000,319.888579
1921,6932.386159,0.000000,41.000000,119.224513,0.000000,312.367688
1922,6932.386159,0.000000,41.000000,118.723120,0.000000,304.846797
1923,6932.386159,0.000000,41.000000,118.221727,0.000000,297.325905
1924,6932.386159,0.000000,41.000000,117.720334,0.000000,289.805014
1925,6932.386159,0.000000,41.000000,117.218942,0.000000,282.284123
1926,6932.386159,0.000000,41.000000,116.717549,0.000000,274.763231
1927,6932.386159,0.000000,41.000000,116.216156,0.000000,267.242340
1928,6932.386159,0.000000,41.000000,115.714763,0.000000,259.721448
1929,6932.386159,0.000000,41.000000,115.213370,0.000000,252.200557
1930,6932.386159,0.000000,41.000000,114.711978,0.000000,244.679666
1931,6932.386159,0.000000,41.000000,114.210585,0.000000,237.158774
1932,6932.386159,0.000000,41.000000,113.709192,0.000000,229.637883
1933,6932.386159,0.000000,41.000000,113.207799,0.000000,222.116992
1934,6932.386159,0.000000,41.000000,112.706407,0.000000,214.596100
1935,6932.386159,0.000000,41.000000,112.205014,0.000000,207.075209
1936,6932.386159,0.000000,41.000000,111.703621,0.000000,199.554318
1937,6932.386159,0.000000,41.000000,111.202228,0.000000,192.033426
1938,6932.386159,0.000000,41.000000,110.700836,0.000000,184.512535
1939,6932.386159,0.000000,41.000000,110.199443,0.000000,176.991643
1940,6932.386159,0.000000,41.000000,109.698050,0.000000,169.470752
1941,6932.386159,0.000000,41.000000,109.196657,0.000000,161.949861
1942,6932.386159,0.000000,41.000000,108.695265,0.000000,154.428969
1943,6932.386159,0.000000,41.000000,108.193872,0.000000,146.908078
1944,6932.386159,0.000000,41.000000,107.692479,0.000000,139.387187
1945,6932.386159,0.000000,41.000000,107.191086,0.000000,131.866295
1946,6932.386159,0.000000,41.000000,106.689694,0.000000,124.345404
1947,6932.386159,0.000000,41.000000,106.188301,0.000000,116.824513
1948,6932.386159,0.000000,41.000000,105.686908,0.000000,109.303621
1949,6932.386159,0.000000,41.000000,105.185515,0.000000,101.782730
1950,6932.386159,0.000000,41.000000,104.684123,0.000000,94.261838
1951,6932.386159,0.000000,41.000000,104.182730,0.000000,86.740947
1952,6932.386159,0.000000,41.000000,103.681337,0.000000,79.220056
1953,6932.386159,0.000000,41.000000,103.179944,0.000000,71.699164
1954,6932.386159,0.000000,41.000000,102.678552,0.000000,64.178273
1955,6932.386159,0.000000,41.000000,102.177159,0.000000,56.657382
1956,6932.386159,0.000000,41.000000,101.675766,0.000000,49.136490
1957,6932.386159,0.000000,41.000000,101.174373,0.000000,41.615599
1958,6932.386159,0.000000,41.000000,100.672981,0.000000,34.094708
1959,6932.386159,0.000000,41.000000,100.171588,0.000000,26.573816
1960,6932.386159,0.000000,41.000000,99.670195,0.000000,19.052925
1961,6932.386159,0.000000,41.000000,99.168802,0.000000,11.532033
1962,6932.386159,0.000000,41.000000,98.667409,0.000000,4.011142
1963,6932.386159,0.000000,41.000000,98.166017,0.000000,356.490251
1964,6932.386159,0.000000,41.000000,97.664624,0.000000,348.969359
1965,6932.386159,0.000000,41.000000,97.163231,0.000000,341.448468
1966,6932.386159,0.000000,41.000000,96.661838,0.000000,333.927577
1967,6932.386159,0.000000,41.000000,96.160446,0.000000,326.406685
1968,6932.386159,0.000000,41.000000,95.659053,0.000000,318.885794
1969,6932.386159,0.000000,41.000000,95.157660,0.000000,311.364903
1970,6932.386159,0.000000,41.000000,94.656267,0.000000,303.844011
1971,6932.386159,0.000000,41.000000,94.154875,0.000000,296.323120
1972,6932.386159,0.000000,41.000000,93.653482,0.000000,288.802228
1973,6932.386159,0.000000,41.000000,93.152089,0.000000,281.281337
1974,6932.386159,0.000000,41.000000,92.650696,0.000000,273.760446
1975,6932.386159,0.000000,41.000000,92.149304,0.000000,266.239554
1976,6932.386159,0.000000,41.000000,91.647911,0.000000,258.718663
1977,6932.386159,0.000000,41.000000,91.146518,0.000000,251.197772
1978,6932.386159,0.000000,41.000000,90.645125,0.000000,243.676880
1979,6932.386159,0.000000,41.000000,90.143733,0.000000,236.155989
1980,6932.386159,0.000000,41.000000,89.642340,0.000000,228.635097
1981,6932.386159,0.000000,41.000000,89.140947,0.000000,221.114206
1982,6932.386159,0.000000,41.000000,88.639554,0.000000,213.593315
1983,6932.386159,0.000000,41.000000,88.138162,0.000000,206.072423
1984,6932.386159,0.000000,41.000000,87.636769,0.000000,198.551532
1985,6932.386159,0.000000,41.000000,87.135376,0.000000,191.030641
1986,6932.386159,0.000000,41.000000,86.633983,0.000000,183.509749
1987,6932.386159,0.000000,41.000000,86.132591,0.000000,175.988858
1988,6932.386159,0.000000,41.000000,85.631198,0.000000,168.467967
1989,6932.386159,0.000000,41.000000,85.129805,0.000000,160.947075
1990,6932.386159,0.000000,41.000000,84.628412,0.000000,153.426184
1991,6932.386159,0.000000,41.000000,84.127019,0.000000,145.905292
1992,6932.386159,0.000000,41.000000,83.625627,0.000000,138.384401
1993,6932.386159,0.000000,41.000000,83.124234,0.000000,130.863510
1994,6932.386159,0.000000,41.000000,82.622841,0.000000,123.342618
1995,6932.386159,0.000000,41.000000,82.121448,0.000000,115.821727
1996,6932.386159,0.000000,41.000000,81.620056,0.000000,108.300836
1997,6932.386159,0.000000,41.000000,81.118663,0.000000,100.779944
1998,6932.386159,0.000000,41.000000,80.617270,0.000000,93.259053
1999,6932.386159,0.000000,41.000000,80.115877,0.000000,85.738162
2000,6932.386159,0.000000,41.000000,79.614485,0.000000,78.217270
2001,6932.386159,0.000000,41.000000,79.113092,0.000000,70.696379
2002,6932.386159,0.000000,41.000000,78.611699,0.000000,63.175487
2003,6932.386159,0.000000,41.000000,78.110306,0.000000,55.654596
2004,6932.386159,0.000000,41.000000,77.608914,0.000000,48.133705
2005,6932.386159,0.000000,41.000000,77.107521,0.000000,40.612813
2006,6932.386159,0.000000,41.000000,76.606128,0.000000,33.091922
2007,6932.386159,0.000000,41.000000,76.104735,0.000000,25.571031
2008,6932.386159,0.000000,41.000000,75.603343,0.000000,18.050139
2009,6932.386159,0.000000,41.000000,75.101950,0.000000,10.529248
2010,6932.386159,0.000000,41.000000,74.600557,0.000000,3.008357
2011,6932.386159,0.000000,41.000000,74.099164,0.000000,355.487465
2012,6932.386159,0.000000,41.000000,73.597772,0.000000,347.966574
2013,6932.386159,0.000000,41.000000,73.096379,0.000000,340.445682
2014,6932.386159,0.000000,41.000000,72.594986,0.000000,332.924791
2015,6932.386159,0.000000,41.000000,72.093593,0.000000,325.403900
2016,6932.386159,0.000000,41.000000,71.592201,0.000000,317.883008
2017,6932.386159,0.000000,41.000000,71.090808,0.000000,310.362117
2018,6932.386159,0.000000,41.000000,70.589415,0.000000,302.841226
2019,6932.386159,0.000000,41.000000,70.088022,0.000000,295.320334
2020,6932.386159,0.000000,41.000000,69.586630,0.000000,287.799443
2021,6932.386159,0.000000,41.000000,69.085237,0.000000,280.278552
2022,6932.386159,0.000000,41.000000,68.583844,0.000000,272.757660
2023,6932.386159,0.000000,41.000000,68.082451,0.000000,265.236769
2024,6932.386159,0.000000,41.000000,67.581058,0.000000,257.715877
2025,6932.386159,0.000000,41.000000,67.079666,0.000000,250.194986
2026,6932.386159,0.000000,41.000000,66.578273,0.000000,242.674095
2027,6932.386159,0.000000,41.000000,66.076880,0.000000,235.153203
2028,6932.386159,0.000000,41.000000,65.575487,0.000000,227.632312
2029,6932.386159,0.000000,41.000000,65.074095,0.000000,220.111421
2030,6932.386159,0.000000,41.000000,64.572702,0.000000,212.590529
2031,6932.386159,0.000000,41.000000,64.071309,0.000000,205.069638
2032,6932.386159,0.000000,41.000000,63.569916,0.000000,197.548747
2033,6932.386159,0.000000,41.000000,63.068524,0.000000,190.027855
2034,6932.386159,0.000000,41.000000,62.567131,0.000000,182.506964
2035,6932.386159,0.000000,41.000000,62.065738,0.000000,174.986072
2036,6932.386159,0.000000,41.000000,61.564345,0.000000,167.465181
2037,6932.386159,0.000000,41.000000,61.062953,0.000000,159.944290
2038,6932.386159,0.000000,41.000000,60.561560,0.000000,152.423398
2039,6932.386159,0.000000,41.000000,60.060167,0.000000,144.902507
2040,6932.386159,0.000000,41.000000,59.558774,0.000000,137.381616
2041,6932.386159,0.000000,41.000000,59.057382,0.000000,129.860724
2042,6932.386159,0.000000,41.000000,58.555989,0.000000,122.339833
2043,6932.386159,0.000000,41.000000,58.054596,0.000000,114.818942
2044,6932.386159,0.000000,41.000000,57.553203,0.000000,107.298050
2045,6932.386159,0.000000,41.000000,57.051811,0.000000,99.777159
2046,6932.386159,0.000000,41.000000,56.550418,0.000000,92.256267
2047,6932.386159,0.000000,41.000000,56.049025,0.000000,84.735376
2048,6932.386159,0.000000,41.000000,55.547632,0.000000,77.214485
2049,6932.386159,0.000000,41.000000,55.046240,0.000000,69.693593
2050,6932.386159,0.000000,41.000000,54.544847,0.000000,62.172702
2051,6932.386159,0.000000,41.000000,54.043454,0.000000,54.651811
2052,6932.386159,0.000000,41.000000,53.542061,0.000000,47.130919
2053,6932.386159,0.000000,41.000000,53.040669,0.000000,39.610028
2054,6932.386159,0.000000,41.000000,52.539276,0.000000,32.089136
2055,6932.386159,0.000000,41.000000,52.037883,0.000000,24.568245
2056,6932.386159,0.000000,41.000000,51.536490,0.000000,17.047354
2057,6932.386159,0.000000,41.000000,51.035097,0.000000,9.526462
2058,6932.386159,0.000000,41.000000,50.533705,0.000000,2.005571
2059,6932.386159,0.000000,41.000000,50.032312,0.000000,354.484680
2060,6932.386159,0.000000,41.000000,49.530919,0.000000,346.963788
2061,6932.386159,0.000000,41.000000,49.029526,0.000000,339.442897
2062,6932.386159,0.000000,41.000000,48.528134,0.000000,331.922006
2063,6932.386159,0.000000,41.000000,48.026741,0.000000,324.401114
2064,6932.386159,0.000000,41.000000,47.525348,0.000000,316.880223
2065,6932.386159,0.000000,41.000000,47.023955,0.000000,309.359331
2066,6932.386159,0.000000,41.000000,46.522563,0.000000,301.838440
2067,6932.386159,0.000000,41.000000,46.021170,0.000000,294.317549
2068,6932.386159,0.000000,41.000000,45.519777,0.000000,286.796657
2069,6932.386159,0.000000,41.000000,45.018384,0.000000,279.275766
2070,6932.386159,0.000000,41.000000,44.516992,0.000000,271.754875
2071,6932.386159,0.000000,41.000000,44.015599,0.000000,264.233983
2072,6932.386159,0.000000,41.000000,43.514206,0.000000,256.713092
2073,6932.386159,0.000000,41.000000,43.012813,0.000000,249.192201
2074,6932.386159,0.000000,41.000000,42.511421,0.000000,241.671309
2075,6932.386159,0.000000,41.000000,42.010028,0.000000,234.150418
2076,6932.386159,0.000000,41.000000,41.508635,0.000000,226.629526
2077,6932.386159,0.000000,41.000000,41.007242,0.000000,219.108635
2078,6932.386159,0.000000,41.000000,40.505850,0.000000,211.587744
2079,6932.386159,0.000000,41.000000,40.004457,0.000000,204.066852
2080,6932.386159,0.000000,41.000000,39.503064,0.000000,196.545961
2081,6932.386159,0.000000,41.000000,39.001671,0.000000,189.025070
2082,6932.386159,0.000000,41.000000,38.500279,0.000000,181.504178
2083,6932.386159,0.000000,41.000000,37.998886,0.000000,173.983287
2084,6932.386159,0.000000,41.000000,37.497493,0.000000,166.462396
2085,6932.386159,0.000000,41.000000,36.996100,0.000000,158.941504
2086,6932.386159,0.000000,41.000000,36.494708,0.000000,151.420613
2087,6932.386159,0.000000,41.000000,35.993315,0.000000,143.899721
2088,6932.386159,0.000000,41.000000,35.491922,0.000000,136.378830
2089,6932.386159,0.000000,41.000000,34.990529,0.000000,128.857939
2090,6932.386159,0.000000,41.000000,34.489136,0.000000,121.337047
2091,6932.386159,0.000000,41.000000,33.987744,0.000000,113.816156
2092,6932.386159,0.000000,41.000000,33.486351,0.000000,106.295265
2093,6932.386159,0.000000,41.000000,32.984958,0.000000,98.774373
2094,6932.386159,0.000000,41.000000,32.483565,0.000000,91.253482
2095,6932.386159,0.000000,41.000000,31.982173,0.000000,83.732591
2096,6932.386159,0.000000,41.000000,31.480780,0.000000,76.211699
2097,6932.386159,0.000000,41.000000,30.979387,0.000000,68.690808
2098,6932.386159,0.000000,41.000000,30.477994,0.000000,61.169916
2099,6932.386159,0.000000,41.000000,29.976602,0.000000,53.649025
2100,6932.386159,0.000000,41.000000,29.475209,0.000000,46.128134
2101,6932.386159,0.000000,41.000000,28.973816,0.000000,38.607242
2102,6932.386159,0.000000,41.000000,28.472423,0.000000,31.086351
2103,6932.386159,0.000000,41.000000,27.971031,0.000000,23.565460
2104,6932.386159,0.000000,41.000000,27.469638,0.000000,16.044568
2105,6932.386159,0.000000,41.000000,26.968245,0.000000,8.523677
2106,6932.386159,0.000000,41.000000,26.466852,0.000000,1.002786
2107,6932.386159,0.000000,41.000000,25.965460,0.000000,353.481894
2108,6932.386159,0.000000,41.000000,25.464067,0.000000,345.961003
2109,6932.386159,0.000000,41.000000,24.962674,0.000000,338.440111
2110,6932.386159,0.000000,41.000000,24.461281,0.000000,330.919220
2111,6932.386159,0.000000,41.000000,23.959889,0.000000,323.398329
2112,6932.386159,0.000000,41.000000,23.458496,0.000000,315.877437
2113,6932.386159,0.000000,41.000000,22.957103,0.000000,308.356546
2114,6932.386159,0.000000,41.000000,22.455710,0.000000,300.835655
2115,6932.386159,0.000000,41.000000,21.954318,0.000000,293.314763
2116,6932.386159,0.000000,41.000000,21.452925,0.000000,285.793872
2117,6932.386159,0.000000,41.000000,20.951532,0.000000,278.272981
2118,6932.386159,0.000000,41.000000,20.450139,0.000000,270.752089
2119,6932.386159,0.000000,41.000000,19.948747,0.000000,263.231198
2120,6932.386159,0.000000,41.000000,19.447354,0.000000,255.710306
2121,6932.386159,0.000000,41.000000,18.945961,0.000000,248.189415
2122,6932.386159,0.000000,41.000000,18.444568,0.000000,240.668524
2123,6932.386159,0.000000,41.000000,17.943175,0.000000,233.147632
2124,6932.386159,0.000000,41.000000,17.441783,0.000000,225.626741
2125,6932.386159,0.000000,41.000000,16.940390,0.000000,218.105850
2126,6932.386159,0.000000,41.000000,16.438997,0.000000,210.584958
2127,6932.386159,0.000000,41.000000,15.937604,0.000000,203.064067
2128,6932.386159,0.000000,41.000000,15.436212,0.000000,195.543175
2129,6932.386159,0.000000,41.000000,14.934819,0.000000,188.022284
2130,6932.386159,0.000000,41.000000,14.433426,0.000000,180.501393
2131,6932.386159,0.000000,41.000000,13.932033,0.000000,172.980501
2132,6932.386159,0.000000,41.000000,13.430641,0.000000,165.459610
2133,6932.386159,0.000000,41.000000,12.929248,0.000000,157.938719
2134,6932.386159,0.000000,41.000000,12.427855,0.000000,150.417827
2135,6932.386159,0.000000,41.000000,11.926462,0.000000,142.896936
2136,6932.386159,0.000000,41.000000,11.425070,0.000000,135.376045
2137,6932.386159,0.000000,41.000000,10.923677,0.000000,127.855153
2138,6932.386159,0.000000,41.000000,10.422284,0.000000,120.334262
2139,6932.386159,0.000000,41.000000,9.920891,0.000000,112.813370
2140,6932.386159,0.000000,41.000000,9.419499,0.000000,105.292479
2141,6932.386159,0.000000,41.000000,8.918106,0.000000,97.771588
2142,6932.386159,0.000000,41.000000,8.416713,0.000000,90.250696
2143,6932.386159,0.000000,41.000000,7.915320,0.000000,82.729805
2144,6932.386159,0.000000,41.000000,7.413928,0.000000,75.208914
2145,6932.386159,0.000000,41.000000,6.912535,0.000000,67.688022
2146,6932.386159,0.000000,41.000000,6.411142,0.000000,60.167131
2147,6932.386159,0.000000,41.000000,5.909749,0.000000,52.646240
2148,6932.386159,0.000000,41.000000,5.408357,0.000000,45.125348
2149,6932.386159,0.000000,41.000000,4.906964,0.000000,37.604457
2150,6932.386159,0.000000,41.000000,4.405571,0.000000,30.083565
2151,6932.386159,0.000000,41.000000,3.904178,0.000000,22.562674
2152,6932.386159,0.000000,41.000000,3.402786,0.000000,15.041783
2153,6932.386159,0.000000,41.000000,2.901393,0.000000,7.520891
4308,6932.386159,0.000000,46.000000,7.200000,0.000000,0.000000
4309,6932.386159,0.000000,46.000000,6.698607,0.000000,352.479109
4310,6932.386159,0.000000,46.000000,6.197214,0.000000,344.958217
4311,6932.386159,0.000000,46.000000,5.695822,0.000000,337.437326
4312,6932.386159,0.000000,46.000000,5.194429,0.000000,329.916435
4313,6932.386159,0.000000,46.000000,4.693036,0.000000,322.395543
4314,6932.386159,0.000000,46.000000,4.191643,0.000000,314.874652
4315,6932.386159,0.000000,46.000000,3.690251,0.000000,307.353760
4316,6932.386159,0.000000,46.000000,3.188858,0.000000,299.832869
4317,6932.386159,0.000000,46.000000,2.687465,0.000000,292.311978
4318,6932.386159,0.000000,46.000000,2.186072,0.000000,284.791086
4319,6932.386159,0.000000,46.000000,1.684680,0.000000,277.270195
4320,6932.386159,0.000000,46.000000,1.183287,0.000000,269.749304
4321,6932.386159,0.000000,46.000000,0.681894,0.000000,262.228412
4322,6932.386159,0.000000,46.000000,0.180501,0.000000,254.707521
4323,6932.386159,0.000000,46.000000,359.679109,0.000000,247.186630
4324,6932.386159,0.000000,46.000000,359.177716,0.000000,239.665738
4325,6932.386159,0.000000,46.000000,358.676323,0.000000,232.144847
4326,6932.386159,0.000000,46.000000,358.174930,0.000000,224.623955
4327,6932.386159,0.000000,46.000000,357.673538,0.000000,217.103064
4328,6932.386159,0.000000,46.000000,357.172145,0.000000,209.582173
4329,6932.386159,0.000000,46.000000,356.670752,0.000000,202.061281
4330,6932.386159,0.000000,46.000000,356.169359,0.000000,194.540390
4331,6932.386159,0.000000,46.000000,355.667967,0.000000,187.019499
4332,6932.386159,0.000000,46.000000,355.166574,0.000000,179.498607
4333,6932.386159,0.000000,46.000000,354.665181,0.000000,171.977716
4334,6932.386159,0.000000,46.000000,354.163788,0.000000,164.456825
4335,6932.386159,0.000000,46.000000,353.662396,0.000000,156.935933
4336,6932.386159,0.000000,46.000000,353.161003,0.000000,149.415042
4337,6932.386159,0.000000,46.000000,352.659610,0.000000,141.894150
4338,6932.386159,0.000000,46.000000,352.158217,0.000000,134.373259
4339,6932.386159,0.000000,46.000000,351.656825,0.000000,126.852368
4340,6932.386159,0.000000,46.000000,351.155432,0.000000,119.331476
4341,6932.386159,0.000000,46.000000,350.654039,0.000000,111.810585
4342,6932.386159,0.000000,46.000000,350.152646,0.000000,104.289694
4343,6932.386159,0.000000,46.000000,349.651253,0.000000,96.768802
4344,6932.386159,0.000000,46.000000,349.149861,0.000000,89.247911
4345,6932.386159,0.000000,46.000000,348.648468,0.000000,81.727019
4346,6932.386159,0.000000,46.000000,348.147075,0.000000,74.206128
4347,6932.386159,0.000000,46.000000,347.645682,0.000000,66.685237
4348,6932.386159,0.000000,46.000000,347.144290,0.000000,59.164345
4349,6932.386159,0.000000,46.000000,346.642897,0.000000,51.643454
4350,6932.386159,0.000000,46.000000,346.141504,0.000000,44.122563
4351,6932.386159,0.000000,46.000000,345.640111,0.000000,36.601671
4352,6932.386159,0.000000,46.000000,345.138719,0.000000,29.080780
4353,6932.386159,0.000000,46.000000,344.637326,0.000000,21.559889
4354,6932.386159,0.000000,46.000000,344.135933,0.000000,14.038997
4355,6932.386159,0.000000,46.000000,343.634540,0.000000,6.518106
4356,6932.386159,0.000000,46.000000,343.133148,0.000000,358.997214
4357,6932.386159,0.000000,46.000000,342.631755,0.000000,351.476323
4358,6932.386159,0.000000,46.000000,342.130362,0.000000,343.955432
4359,6932.386159,0.000000,46.000000,341.628969,0.000000,336.434540
4360,6932.386159,0.000000,46.000000,341.127577,0.000000,328.913649
4361,6932.386159,0.000000,46.000000,340.626184,0.000000,321.392758
4362,6932.386159,0.000000,46.000000,340.124791,0.000000,313.871866
4363,6932.386159,0.000000,46.000000,339.623398,0.000000,306.350975
4364,6932.386159,0.000000,46.000000,339.122006,0.000000,298.830084
4365,6932.386159,0.000000,46.000000,338.620613,0.000000,291.309192
4366,6932.386159,0.000000,46.000000,338.119220,0.000000,283.788301
4367,6932.386159,0.000000,46.000000,337.617827,0.000000,276.267409
4368,6932.386159,0.000000,46.000000,337.116435,0.000000,268.746518
4369,6932.386159,0.000000,46.000000,336.615042,0.000000,261.225627
4370,6932.386159,0.000000,46.000000,336.113649,0.000000,253.704735
4371,6932.386159,0.000000,46.000000,335.612256,0.000000,246.183844
4372,6932.386159,0.000000,46.000000,335.110864,0.000000,238.662953
4373,6932.386159,0.000000,46.000000,334.609471,0.000000,231.142061
4374,6932.386159,0.000000,46.000000,334.108078,0.000000,223.621170
4375,6932.386159,0.000000,46.000000,333.606685,0.000000,216.100279
4376,6932.386159,0.000000,46.000000,333.105292,0.000000,208.579387
4377,6932.386159,0.000000,46.000000,332.603900,0.000000,201.058496
4378,6932.386159,0.000000,46.000000,332.102507,0.000000,193.537604
4379,6932.386159,0.000000,46.000000,331.601114,0.000000,186.016713
4380,6932.386159,0.000000,46.000000,331.099721,0.000000,178.495822
4381,6932.386159,0.000000,46.000000,330.598329,0.000000,170.974930
4382,6932.386159,0.000000,46.000000,330.096936,0.000000,163.454039
4383,6932.386159,0.000000,46.000000,329.595543,0.000000,155.933148
4384,6932.386159,0.000000,46.000000,329.094150,0.000000,148.412256
4385,6932.386159,0.000000,46.000000,328.592758,0.000000,140.891365
4386,6932.386159,0.000000,46.000000,328.091365,0.000000,133.370474
4387,6932.386159,0.000000,46.000000,327.589972,0.000000,125.849582
4388,6932.386159,0.000000,46.000000,327.088579,0.000000,118.328691
4389,6932.386159,0.000000,46.000000,326.587187,0.000000,110.807799
4390,6932.386159,0.000000,46.000000,326.085794,0.000000,103.286908
4391,6932.386159,0.000000,46.000000,325.584401,0.000000,95.766017
4392,6932.386159,0.000000,46.000000,325.083008,0.000000,88.245125
4393,6932.386159,0.000000,46.000000,324.581616,0.000000,80.724234
4394,6932.386159,0.000000,46.000000,324.080223,0.000000,73.203343
4395,6932.386159,0.000000,46.000000,323.578830,0.000000,65.682451
4396,6932.386159,0.000000,46.000000,323.077437,0.000000,58.161560
4397,6932.386159,0.000000,46.000000,322.576045,0.000000,50.640669
4398,6932.386159,0.000000,46.000000,322.074652,0.000000,43.119777
4399,6932.386159,0.000000,46.000000,321.573259,0.000000,35.598886
4400,6932.386159,0.000000,46.000000,321.071866,0.000000,28.077994
4401,6932.386159,0.000000,46.000000,320.570474,0.000000,20.557103
4402,6932.386159,0.000000,46.000000,320.069081,0.000000,13.036212
4403,6932.386159,0.000000,46.000000,319.567688,0.000000,5.515320
4404,6932.386159,0.000000,46.000000,319.066295,0.000000,357.994429
4405,6932.386159,0.000000,46.000000,318.564903,0.000000,350.473538
4406,6932.386159,0.000000,46.000000,318.063510,0.000000,342.952646
4407,6932.386159,0.000000,46.000000,317.562117,0.000000,335.431755
4408,6932.386159,0.000000,46.000000,317.060724,0.000000,327.910864
4409,6932.386159,0.000000,46.000000,316.559331,0.000000,320.389972
4410,6932.386159,0.000000,46.000000,316.057939,0.000000,312.869081
4411,6932.386159,0.000000,46.000000,315.556546,0.000000,305.348189
4412,6932.386159,0.000000,46.000000,315.055153,0.000000,297.827298
4413,6932.386159,0.000000,46.000000,314.553760,0.000000,290.306407
4414,6932.386159,0.000000,46.000000,314.052368,0.000000,282.785515
4415,6932.386159,0.000000,46.000000,313.550975,0.000000,275.264624
4416,6932.386159,0.000000,46.000000,313.049582,0.000000,267.743733
4417,6932.386159,0.000000,46.000000,312.548189,0.000000,260.222841
4418,6932.386159,0.000000,46.000000,312.046797,0.000000,252.701950
4419,6932.386159,0.000000,46.000000,311.545404,0.000000,245.181058
4420,6932.386159,0.000000,46.000000,311.044011,0.000000,237.660167
4421,6932.386159,0.000000,46.000000,310.542618,0.000000,230.139276
4422,6932.386159,0.000000,46.000000,310.041226,0.000000,222.618384
4423,6932.386159,0.000000,46.000000,309.539833,0.000000,215.097493
4424,6932.386159,0.000000,46.000000,309.038440,0.000000,207.576602
4425,6932.386159,0.000000,46.000000,308.537047,0.000000,200.055710
4426,6932.386159,0.000000,46.000000,308.035655,0.000000,192.534819
4427,6932.386159,0.000000,46.000000,307.534262,0.000000,185.013928
4428,6932.386159,0.000000,46.000000,307.032869,0.000000,177.493036
4429,6932.386159,0.000000,46.000000,306.531476,0.000000,169.972145
4430,6932.386159,0.000000,46.000000,306.030084,0.000000,162.451253
4431,6932.386159,0.000000,46.000000,305.528691,0.000000,154.930362
4432,6932.386159,0.000000,46.000000,305.027298,0.000000,147.409471
4433,6932.386159,0.000000,46.000000,304.525905,0.000000,139.888579
4434,6932.386159,0.000000,46.000000,304.024513,0.000000,132.367688
4435,6932.386159,0.000000,46.000000,303.523120,0.000000,124.846797
4436,6932.386159,0.000000,46.000000,303.021727,0.000000,117.325905
4437,6932.386159,0.000000,46.000000,302.520334,0.000000,109.805014
4438,6932.386159,0.000000,46.000000,302.018942,0.000000,102.284123
4439,6932.386159,0.000000,46.000000,301.517549,0.000000,94.763231
4440,6932.386159,0.000000,46.000000,301.016156,0.000000,87.242340
4441,6932.386159,0.000000,46.000000,300.514763,0.000000,79.721448
4442,6932.386159,0.000000,46.000000,300.013370,0.000000,72.200557
4443,6932.386159,0.000000,46.000000,299.511978,0.000000,64.679666
4444,6932.386159,0.000000,46.000000,299.010585,0.000000,57.158774
4445,6932.386159,0.000000,46.000000,298.509192,0.000000,49.637883
4446,6932.386159,0.000000,46.000000,298.007799,0.000000,42.116992
4447,6932.386159,0.000000,46.000000,297.506407,0.000000,34.596100
4448,6932.386159,0.000000,46.000000,297.005014,0.000000,27.075209
4449,6932.386159,0.000000,46.000000,296.503621,0.000000,19.554318
4450,6932.386159,0.000000,46.000000,296.002228,0.000000,12.033426
4451,6932.386159,0.000000,46.000000,295.500836,0.000000,4.512535
4452,6932.386159,0.000000,46.000000,294.999443,0.000000,356.991643
4453,6932.386159,0.000000,46.000000,294.498050,0.000000,349.470752
4454,6932.386159,0.000000,46.000000,293.996657,0.000000,341.949861
4455,6932.386159,0.000000,46.000000,293.495265,0.000000,334.428969
4456,6932.386159,0.000000,46.000000,292.993872,0.000000,326.908078
4457,6932.386159,0.000000,46.000000,292.492479,0.000000,319.387187
4458,6932.386159,0.000000,46.000000,291.991086,0.000000,311.866295
4459,6932.386159,0.000000,46.000000,291.489694,0.000000,304.345404
4460,6932.386159,0.000000,46.000000,290.988301,0.000000,296.824513
4461,6932.386159,0.000000,46.000000,290.486908,0.000000,289.303621
4462,6932.386159,0.000000,46.000000,289.985515,0.000000,281.782730
4463,6932.386159,0.000000,46.000000,289.484123,0.000000,274.261838
4464,6932.386159,0.000000,46.000000,288.982730,0.000000,266.740947
4465,6932.386159,0.000000,46.000000,288.481337,0.000000,259.220056
4466,6932.386159,0.000000,46.000000,287.979944,0.000000,251.699164
4467,6932.386159,0.000000,46.000000,287.478552,0.000000,244.178273
4468,6932.386159,0.000000,46.000000,286.977159,0.000000,236.657382
4469,6932.386159,0.000000,46.000000,286.475766,0.000000,229.136490
4470,6932.386159,0.000000,46.000000,285.974373,0.000000,221.615599
4471,6932.386159,0.000000,46.000000,285.472981,0.000000,214.094708
4472,6932.386159,0.000000,46.000000,284.971588,0.000000,206.573816
4473,6932.386159,0.000000,46.000000,284.470195,0.000000,199.052925
4474,6932.386159,0.000000,46.000000,283.968802,0.000000,191.532033
4475,6932.386159,0.000000,46.000000,283.467409,0.000000,184.011142
4476,6932.386159,0.000000,46.000000,282.966017,0.000000,176.490251
4477,6932.386159,0.000000,46.000000,282.464624,0.000000,168.969359
4478,6932.386159,0.000000,46.000000,281.963231,0.000000,161.448468
4479,6932.386159,0.000000,46.000000,281.461838,0.000000,153.927577
4480,6932.386159,0.000000,46.000000,280.960446,0.000000,146.406685
4481,6932.386159,0.000000,46.000000,280.459053,0.000000,138.885794
4482,6932.386159,0.000000,46.000000,279.957660,0.000000,131.364903
4483,6932.386159,0.000000,46.000000,279.456267,0.000000,123.844011
4484,6932.386159,0.000000,46.000000,278.954875,0.000000,116.323120
4485,6932.386159,0.000000,46.000000,278.453482,0.000000,108.802228
4486,6932.386159,0.000000,46.000000,277.952089,0.000000,101.281337
4487,6932.386159,0.000000,46.000000,277.450696,0.000000,93.760446
4488,6932.386159,0.000000,46.000000,276.949304,0.000000,86.239554
4489,6932.386159,0.000000,46.000000,276.447911,0.000000,78.718663
4490,6932.386159,0.000000,46.000000,275.946518,0.000000,71.197772
4491,6932.386159,0.000000,46.000000,275.445125,0.000000,63.676880
4492,6932.386159,0.000000,46.000000,274.943733,0.000000,56.155989
4493,6932.386159,0.000000,46.000000,274.442340,0.000000,48.635097
4494,6932.386159,0.000000,46.000000,273.940947,0.000000,41.114206
4495,6932.386159,0.000000,46.000000,273.439554,0.000000,33.593315
4496,6932.386159,0.000000,46.000000,272.938162,0.000000,26.072423
4497,6932.386159,0.000000,46.000000,272.436769,0.000000,18.551532
4498,6932.386159,0.000000,46.000000,271.935376,0.000000,11.030641
4499,6932.386159,0.000000,46.000000,271.433983,0.000000,3.509749
4500,6932.386159,0.000000,46.000000,270.932591,0.000000,355.988858
4501,6932.386159,0.000000,46.000000,270.431198,0.000000,348.467967
4502,6932.386159,0.000000,46.000000,269.929805,0.000000,340.947075
4503,6932.386159,0.000000,46.000000,269.428412,0.000000,333.426184
4504,6932.386159,0.000000,46.000000,268.927019,0.000000,325.905292
4505,6932.386159,0.000000,46.000000,268.425627,0.000000,318.384401
4506,6932.386159,0.000000,46.000000,267.924234,0.000000,310.863510
4507,6932.386159,0.000000,46.000000,267.422841,0.000000,303.342618
4508,6932.386159,0.000000,46.000000,266.921448,0.000000,295.821727
4509,6932.386159,0.000000,46.000000,266.420056,0.000000,288.300836
4510,6932.386159,0.000000,46.000000,265.918663,0.000000,280.779944
4511,6932.386159,0.000000,46.000000,265.417270,0.000000,273.259053
4512,6932.386159,0.000000,46.000000,264.915877,0.000000,265.738162
4513,6932.386159,0.000000,46.000000,264.414485,0.000000,258.217270
4514,6932.386159,0.000000,46.000000,263.913092,0.000000,250.696379
4515,6932.386159,0.000000,46.000000,263.411699,0.000000,243.175487
4516,6932.386159,0.000000,46.000000,262.910306,0.000000,235.654596
4517,6932.386159,0.000000,46.000000,262.408914,0.000000,228.133705
4518,6932.386159,0.000000,46.000000,261.907521,0.000000,220.612813
4519,6932.386159,0.000000,46.000000,261.406128,0.000000,213.091922
4520,6932.386159,0.000000,46.000000,260.904735,0.000000,205.571031
4521,6932.386159,0.000000,46.000000,260.403343,0.000000,198.050139
4522,6932.386159,0.000000,46.000000,259.901950,0.000000,190.529248
4523,6932.386159,0.000000,46.000000,259.400557,0.000000,183.008357
4524,6932.386159,0.000000,46.000000,258.899164,0.000000,175.487465
4525,6932.386159,0.000000,46.000000,258.397772,0.000000,167.966574
4526,6932.386159,0.000000,46.000000,257.896379,0.000000,160.445682
4527,6932.386159,0.000000,46.000000,257.394986,0.000000,152.924791
4528,6932.386159,0.000000,46.000000,256.893593,0.000000,145.403900
4529,6932.386159,0.000000,46.000000,256.392201,0.000000,137.883008
4530,6932.386159,0.000000,46.000000,255.890808,0.000000,130.362117
4531,6932.386159,0.000000,46.000000,255.389415,0.000000,122.841226
4532,6932.386159,0.000000,46.000000,254.888022,0.000000,115.320334
4533,6932.386159,0.000000,46.000000,254.386630,0.000000,107.799443
4534,6932.386159,0.000000,46.000000,253.885237,0.000000,100.278552
4535,6932.386159,0.000000,46.000000,253.383844,0.000000,92.757660
4536,6932.386159,0.000000,46.000000,252.882451,0.000000,85.236769
4537,6932.386159,0.000000,46.000000,252.381058,0.000000,77.715877
4538,6932.386159,0.000000,46.000000,251.879666,0.000000,70.194986
4539,6932.386159,0.000000,46.000000,251.378273,0.000000,62.674095
4540,6932.386159,0.000000,46.000000,250.876880,0.000000,55.153203
4541,6932.386159,0.000000,46.000000,250.375487,0.000000,47.632312
4542,6932.386159,0.000000,46.000000,249.874095,0.000000,40.111421
4543,6932.386159,0.000000,46.000000,249.372702,0.000000,32.590529
4544,6932.386159,0.000000,46.000000,248.871309,0.000000,25.069638
4545,6932.386159,0.000000,46.000000,248.369916,0.000000,17.548747
4546,6932.386159,0.000000,46.000000,247.868524,0.000000,10.027855
4547,6932.386159,0.000000,46.000000,247.367131,0.000000,2.506964
4548,6932.386159,0.000000,46.000000,246.865738,0.000000,354.986072
4549,6932.386159,0.000000,46.000000,246.364345,0.000000,347.465181
4550,6932.386159,0.000000,46.000000,245.862953,0.000000,339.944290
4551,6932.386159,0.000000,46.000000,245.361560,0.000000,332.423398
4552,6932.386159,0.000000,46.000000,244.860167,0.000000,324.902507
4553,6932.386159,0.000000,46.000000,244.358774,0.000000,317.381616
4554,6932.386159,0.000000,46.000000,243.857382,0.000000,309.860724
4555,6932.386159,0.000000,46.000000,243.355989,0.000000,302.339833
4556,6932.386159,0.000000,46.000000,242.854596,0.000000,294.818942
4557,6932.386159,0.000000,46.000000,242.353203,0.000000,287.298050
4558,6932.386159,0.000000,46.000000,241.851811,0.000000,279.777159
4559,6932.386159,0.000000,46.000000,241.350418,0.000000,272.256267
4560,6932.386159,0.000000,46.000000,240.849025,0.000000,264.735376
4561,6932.386159,0.000000,46.000000,240.347632,0.000000,257.214485
4562,6932.386159,0.000000,46.000000,239.846240,0.000000,249.693593
4563,6932.386159,0.000000,46.000000,239.344847,0.000000,242.172702
4564,6932.386159,0.000000,46.000000,238.843454,0.000000,234.651811
4565,6932.386159,0.000000,46.000000,238.342061,0.000000,227.130919
4566,6932.386159,0.000000,46.000000,237.840669,0.000000,219.610028
4567,6932.386159,0.000000,46.000000,237.339276,0.000000,212.089136
4568,6932.386159,0.000000,46.000000,236.837883,0.000000,204.568245
4569,6932.386159,0.000000,46.000000,236.336490,0.000000,197.047354
4570,6932.386159,0.000000,46.000000,235.835097,0.000000,189.526462
4571,6932.386159,0.000000,46.000000,235.333705,0.000000,182.005571
4572,6932.386159,0.000000,46.000000,234.832312,0.000000,174.484680
4573,6932.386159,0.000000,46.000000,234.330919,0.000000,166.963788
4574,6932.386159,0.000000,46.000000,233.829526,0.000000,159.442897
4575,6932.386159,0.000000,46.000000,233.328134,0.000000,151.922006
4576,6932.386159,0.000000,46.000000,232.826741,0.000000,144.401114
4577,6932.386159,0.000000,46.000000,232.325348,0.000000,136.880223
4578,6932.386159,0.000000,46.000000,231.823955,0.000000,129.359331
4579,6932.386159,0.000000,46.000000,231.322563,0.000000,121.838440
4580,6932.386159,0.000000,46.000000,230.821170,0.000000,114.317549
4581,6932.386159,0.000000,46.000000,230.319777,0.000000,106.796657
4582,6932.386159,0.000000,46.000000,229.818384,0.000000,99.275766
4583,6932.386159,0.000000,46.000000,229.316992,0.000000,91.754875
4584,6932.386159,0.000000,46.000000,228.815599,0.000000,84.233983
4585,6932.386159,0.000000,46.000000,228.314206,0.000000,76.713092
4586,6932.386159,0.000000,46.000000,227.812813,0.000000,69.192201
4587,6932.386159,0.000000,46.000000,227.311421,0.000000,61.671309
4588,6932.386159,0.000000,46.000000,226.810028,0.000000,54.150418
4589,6932.386159,0.000000,46.000000,226.308635,0.000000,46.629526
4590,6932.386159,0.000000,46.000000,225.807242,0.000000,39.108635
4591,6932.386159,0.000000,46.000000,225.305850,0.000000,31.587744
4592,6932.386159,0.000000,46.000000,224.804457,0.000000,24.066852
4593,6932.386159,0.000000,46.000000,224.303064,0.000000,16.545961
4594,6932.386159,0.000000,46.000000,223.801671,0.000000,9.025070
4595,6932.386159,0.000000,46.000000,223.300279,0.000000,1.504178
4596,6932.386159,0.000000,46.000000,222.798886,0.000000,353.983287
4597,6932.386159,0.000000,46.000000,222.297493,0.000000,346.462396
4598,6932.386159,0.000000,46.000000,221.796100,0.000000,338.941504
4599,6932.386159,0.000000,46.000000,221.294708,0.000000,331.420613
4600,6932.386159,0.000000,46.000000,220.793315,0.000000,323.899721
4601,6932.386159,0.000000,46.000000,220.291922,0.000000,316.378830
4602,6932.386159,0.000000,46.000000,219.790529,0.000000,308.857939
4603,6932.386159,0.000000,46.000000,219.289136,0.000000,301.337047
4604,6932.386159,0.000000,46.000000,218.787744,0.000000,293.816156
4605,6932.386159,0.000000,46.000000,218.286351,0.000000,286.295265
4606,6932.386159,0.000000,46.000000,217.784958,0.000000,278.774373
4607,6932.386159,0.000000,46.000000,217.283565,0.000000,271.253482
4608,6932.386159,0.000000,46.000000,216.782173,0.000000,263.732591
4609,6932.386159,0.000000,46.000000,216.280780,0.000000,256.211699
4610,6932.386159,0.000000,46.000000,215.779387,0.000000,248.690808
4611,6932.386159,0.000000,46.000000,215.277994,0.000000,241.169916
4612,6932.386159,0.000000,46.000000,214.776602,0.000000,233.649025
4613,6932.386159,0.000000,46.000000,214.275209,0.000000,226.128134
4614,6932.386159,0.000000,46.000000,213.773816,0.000000,218.607242
4615,6932.386159,0.000000,46.000000,213.272423,0.000000,211.086351
4616,6932.386159,0.000000,46.000000,212.771031,0.000000,203.565460
4617,6932.386159,0.000000,46.000000,212.269638,0.000000,196.044568
4618,6932.386159,0.000000,46.000000,211.768245,0.000000,188.523677
4619,6932.386159,0.000000,46.000000,211.266852,0.000000,181.002786
4620,6932.386159,0.000000,46.000000,210.765460,0.000000,173.481894
4621,6932.386159,0.000000,46.000000,210.264067,0.000000,165.961003
4622,6932.386159,0.000000,46.000000,209.762674,0.000000,158.440111
4623,6932.386159,0.000000,46.000000,209.261281,0.000000,150.919220
4624,6932.386159,0.000000,46.000000,208.759889,0.000000,143.398329
4625,6932.386159,0.000000,46.000000,208.258496,0.000000,135.877437
4626,6932.386159,0.000000,46.000000,207.757103,0.000000,128.356546
4627,6932.386159,0.000000,46.000000,207.255710,0.000000,120.835655
4628,6932.386159,0.000000,46.000000,206.754318,0.000000,113.314763
4629,6932.386159,0.000000,46.000000,206.252925,0.000000,105.793872
4630,6932.386159,0.000000,46.000000,205.751532,0.000000,98.272981
4631,6932.386159,0.000000,46.000000,205.250139,0.000000,90.752089
4632,6932.386159,0.000000,46.000000,204.748747,0.000000,83.231198
4633,6932.386159,0.000000,46.000000,204.247354,0.000000,75.710306
4634,6932.386159,0.000000,46.000000,203.745961,0.000000,68.189415
4635,6932.386159,0.000000,46.000000,203.244568,0.000000,60.668524
4636,6932.386159,0.000000,46.000000,202.743175,0.000000,53.147632
4637,6932.386159,0.000000,46.000000,202.241783,0.000000,45.626741
4638,6932.386159,0.000000,46.000000,201.740390,0.000000,38.105850
4639,6932.386159,0.000000,46.000000,201.238997,0.000000,30.584958
4640,6932.386159,0.000000,46.000000,200.737604,0.000000,23.064067
4641,6932.386159,0.000000,46.000000,200.236212,0.000000,15.543175
4642,6932.386159,0.000000,46.000000,199.734819,0.000000,8.022284
4643,6932.386159,0.000000,46.000000,199.233426,0.000000,0.501393
4644,6932.386159,0.000000,46.000000,198.732033,0.000000,352.980501
4645,6932.386159,0.000000,46.000000,198.230641,0.000000,345.459610
4646,6932.386159,0.000000,46.000000,197.729248,0.000000,337.938719
4647,6932.386159,0.000000,46.000000,197.227855,0.000000,330.417827
4648,6932.386159,0.000000,46.000000,196.726462,0.000000,322.896936
4649,6932.386159,0.000000,46.000000,196.225070,0.000000,315.376045
4650,6932.386159,0.000000,46.000000,195.723677,0.000000,307.855153
4651,6932.386159,0.000000,46.000000,195.222284,0.000000,300.334262
4652,6932.386159,0.000000,46.000000,194.720891,0.000000,292.813370
4653,6932.386159,0.000000,46.000000,194.219499,0.000000,285.292479
4654,6932.386159,0.000000,46.000000,193.718106,0.000000,277.771588
4655,6932.386159,0.000000,46.000000,193.216713,0.000000,270.250696
4656,6932.386159,0.000000,46.000000,192.715320,0.000000,262.729805
4657,6932.386159,0.000000,46.000000,192.213928,0.000000,255.208914
4658,6932.386159,0.000000,46.000000,191.712535,0.000000,247.688022
4659,6932.386159,0.000000,46.000000,191.211142,0.000000,240.167131
4660,6932.386159,0.000000,46.000000,190.709749,0.000000,232.646240
4661,6932.386159,0.000000,46.000000,190.208357,0.000000,225.125348
4662,6932.386159,0.000000,46.000000,189.706964,0.000000,217.604457
4663,6932.386159,0.000000,46.000000,189.205571,0.000000,210.083565
4664,6932.386159,0.000000,46.000000,188.704178,0.000000,202.562674
4665,6932.386159,0.000000,46.000000,188.202786,0.000000,195.041783
4666,6932.386159,0.000000,46.000000,187.701393,0.000000,187.520891
4667,6932.386159,0.000000,46.000000,187.200000,0.000000,180.000000
4668,6932.386159,0.000000,46.000000,186.698607,0.000000,172.479109
4669,6932.386159,0.000000,46.000000,186.197214,0.000000,164.958217
4670,6932.386159,0.000000,46.000000,185.695822,0.000000,157.437326
4671,6932.386159,0.000000,46.000000,185.194429,0.000000,149.916435
4672,6932.386159,0.000000,46.000000,184.693036,0.000000,142.395543
4673,6932.386159,0.000000,46.000000,184.191643,0.000000,134.874652
4674,6932.386159,0.000000,46.000000,183.690251,0.000000,127.353760
4675,6932.386159,0.000000,46.000000,183.188858,0.000000,119.832869
4676,6932.386159,0.000000,46.000000,182.687465,0.000000,112.311978
4677,6932.386159,0.000000,46.000000,182.186072,0.000000,104.791086
4678,6932.386159,0.000000,46.000000,181.684680,0.000000,97.270195
4679,6932.386159,0.000000,46.000000,181.183287,0.000000,89.749304
4680,6932.386159,0.000000,46.000000,180.681894,0.000000,82.228412
4681,6932.386159,0.000000,46.000000,180.180501,0.000000,74.707521
4682,6932.386159,0.000000,46.000000,179.679109,0.000000,67.186630
4683,6932.386159,0.000000,46.000000,179.177716,0.000000,59.665738
4684,6932.386159,0.000000,46.000000,178.676323,0.000000,52.144847
4685,6932.386159,0.000000,46.000000,178.174930,0.000000,44.623955
4686,6932.386159,0.000000,46.000000,177.673538,0.000000,37.103064
4687,6932.386159,0.000000,46.000000,177.172145,0.000000,29.582173
4688,6932.386159,0.000000,46.000000,176.670752,0.000000,22.061281
4689,6932.386159,0.000000,46.000000,176.169359,0.000000,14.540390
4690,6932.386159,0.000000,46.000000,175.667967,0.000000,7.019499
4691,6932.386159,0.000000,46.000000,175.166574,0.000000,359.498607
4692,6932.386159,0.000000,46.000000,174.665181,0.000000,351.977716
4693,6932.386159,0.000000,46.000000,174.163788,0.000000,344.456825
4694,6932.386159,0.000000,46.000000,173.662396,0.000000,336.935933
4695,6932.386159,0.000000,46.000000,173.161003,0.000000,329.415042
4696,6932.386159,0.000000,46.000000,172.659610,0.000000,321.894150
4697,6932.386159,0.000000,46.000000,172.158217,0.000000,314.373259
4698,6932.386159,0.000000,46.000000,171.656825,0.000000,306.852368
4699,6932.386159,0.000000,46.000000,171.155432,0.000000,299.331476
4700,6932.386159,0.000000,46.000000,170.654039,0.000000,291.810585
4701,6932.386159,0.000000,46.000000,170.152646,0.000000,284.289694
4702,6932.386159,0.000000,46.000000,169.651253,0.000000,276.768802
4703,6932.386159,0.000000,46.000000,169.149861,0.000000,269.247911
4704,6932.386159,0.000000,46.000000,168.648468,0.000000,261.727019
4705,6932.386159,0.000000,46.000000,168.147075,0.000000,254.206128
4706,6932.386159,0.000000,46.000000,167.645682,0.000000,246.685237
4707,6932.386159,0.000000,46.000000,167.144290,0.000000,239.164345
4708,6932.386159,0.000000,46.000000,166.642897,0.000000,231.643454
4709,6932.386159,0.000000,46.000000,166.141504,0.000000,224.122563
4710,6932.386159,0.000000,46.000000,165.640111,0.000000,216.601671
4711,6932.386159,0.000000,46.000000,165.138719,0.000000,209.080780
4712,6932.386159,0.000000,46.000000,164.637326,0.000000,201.559889
4713,6932.386159,0.000000,46.000000,164.135933,0.000000,194.038997
4714,6932.386159,0.000000,46.000000,163.634540,0.000000,186.518106
4715,6932.386159,0.000000,46.000000,163.133148,0.000000,178.997214
4716,6932.386159,0.000000,46.000000,162.631755,0.000000,171.476323
4717,6932.386159,0.000000,46.000000,162.130362,0.000000,163.955432
4718,6932.386159,0.000000,46.000000,161.628969,0.000000,156.434540
4719,6932.386159,0.000000,46.000000,161.127577,0.000000,148.913649
4720,6932.386159,0.000000,46.000000,160.626184,0.000000,141.392758
4721,6932.386159,0.000000,46.000000,160.124791,0.000000,133.871866
4722,6932.386159,0.000000,46.000000,159.623398,0.000000,126.350975
4723,6932.386159,0.000000,46.000000,159.122006,0.000000,118.830084
4724,6932.386159,0.000000,46.000000,158.620613,0.000000,111.309192
4725,6932.386159,0.000000,46.000000,158.119220,0.000000,103.788301
4726,6932.386159,0.000000,46.000000,157.617827,0.000000,96.267409
4727,6932.386159,0.000000,46.000000,157.116435,0.000000,88.746518
4728,6932.386159,0.000000,46.000000,156.615042,0.000000,81.225627
4729,6932.386159,0.000000,46.000000,156.113649,0.000000,73.704735
4730,6932.386159,0.000000,46.000000,155.612256,0.000000,66.183844
4731,6932.386159,0.000000,46.000000,155.110864,0.000000,58.662953
4732,6932.386159,0.000000,46.000000,154.609471,0.000000,51.142061
4733,6932.386159,0.000000,46.000000,154.108078,0.000000,43.621170
4734,6932.386159,0.000000,46.000000,153.606685,0.000000,36.100279
4735,6932.386159,0.000000,46.000000,153.105292,0.000000,28.579387
4736,6932.386159,0.000000,46.000000,152.603900,0.000000,21.058496
4737,6932.386159,0.000000,46.000000,152.102507,0.000000,13.537604
4738,6932.386159,0.000000,46.000000,151.601114,0.000000,6.016713
4739,6932.386159,0.000000,46.000000,151.099721,0.000000,358.495822
4740,6932.386159,0.000000,46.000000,150.598329,0.000000,350.974930
4741,6932.386159,0.000000,46.000000,150.096936,0.000000,343.454039
4742,6932.386159,0.000000,46.000000,149.595543,0.000000,335.933148
4743,6932.386159,0.000000,46.000000,149.094150,0.000000,328.412256
4744,6932.386159,0.000000,46.000000,148.592758,0.000000,320.891365
4745,6932.386159,0.000000,46.000000,148.091365,0.000000,313.370474
4746,6932.386159,0.000000,46.000000,147.589972,0.000000,305.849582
4747,6932.386159,0.000000,46.000000,147.088579,0.000000,298.328691
4748,6932.386159,0.000000,46.000000,146.587187,0.000000,290.807799
4749,6932.386159,0.000000,46.000000,146.085794,0.000000,283.286908
4750,6932.386159,0.000000,46.000000,145.584401,0.000000,275.766017
4751,6932.386159,0.000000,46.000000,145.083008,0.000000,268.245125
4752,6932.386159,0.000000,46.000000,144.581616,0.000000,260.724234
4753,6932.386159,0.000000,46.000000,144.080223,0.000000,253.203343
4754,6932.386159,0.000000,46.000000,143.578830,0.000000,245.682451
4755,6932.386159,0.000000,46.000000,143.077437,0.000000,238.161560
4756,6932.386159,0.000000,46.000000,142.576045,0.000000,230.640669
4757,6932.386159,0.000000,46.000000,142.074652,0.000000,223.119777
4758,6932.386159,0.000000,46.000000,141.573259,0.000000,215.598886
4759,6932.386159,0.000000,46.000000,141.071866,0.000000,208.077994
4760,6932.386159,0.000000,46.000000,140.570474,0.000000,200.557103
4761,6932.386159,0.000000,46.000000,140.069081,0.000000,193.036212
4762,6932.386159,0.000000,46.000000,139.567688,0.000000,185.515320
4763,6932.386159,0.000000,46.000000,139.066295,0.000000,177.994429
4764,6932.386159,0.000000,46.000000,138.564903,0.000000,170.473538
4765,6932.386159,0.000000,46.000000,138.063510,0.000000,162.952646
4766,6932.386159,0.000000,46.000000,137.562117,0.000000,155.431755
4767,6932.386159,0.000000,46.000000,137.060724,0.000000,147.910864
4768,6932.386159,0.000000,46.000000,136.559331,0.000000,140.389972
4769,6932.386159,0.000000,46.000000,136.057939,0.000000,132.869081
4770,6932.386159,0.000000,46.000000,135.556546,0.000000,125.348189
4771,6932.386159,0.000000,46.000000,135.055153,0.000000,117.827298
4772,6932.386159,0.000000,46.000000,134.553760,0.000000,110.306407
4773,6932.386159,0.000000,46.000000,134.052368,0.000000,102.785515
4774,6932.386159,0.000000,46.000000,133.550975,0.000000,95.264624
4775,6932.386159,0.000000,46.000000,133.049582,0.000000,87.743733
4776,6932.386159,0.000000,46.000000,132.548189,0.000000,80.222841
4777,6932.386159,0.000000,46.000000,132.046797,0.000000,72.701950
4778,6932.386159,0.000000,46.000000,131.545404,0.000000,65.181058
4779,6932.386159,0.000000,46.000000,131.044011,0.000000,57.660167
4780,6932.386159,0.000000,46.000000,130.542618,0.000000,50.139276
4781,6932.386159,0.000000,46.000000,130.041226,0.000000,42.618384
4782,6932.386159,0.000000,46.000000,129.539833,0.000000,35.097493
4783,6932.386159,0.000000,46.000000,129.038440,0.000000,27.576602
4784,6932.386159,0.000000,46.000000,128.537047,0.000000,20.055710
4785,6932.386159,0.000000,46.000000,128.035655,0.000000,12.534819
4786,6932.386159,0.000000,46.000000,127.534262,0.000000,5.013928
4787,6932.386159,0.000000,46.000000,127.032869,0.000000,357.493036
4788,6932.386159,0.000000,46.000000,126.531476,0.000000,349.972145
4789,6932.386159,0.000000,46.000000,126.030084,0.000000,342.451253
4790,6932.386159,0.000000,46.000000,125.528691,0.000000,334.930362
4791,6932.386159,0.000000,46.000000,125.027298,0.000000,327.409471
4792,6932.386159,0.000000,46.000000,124.525905,0.000000,319.888579
4793,6932.386159,0.000000,46.000000,124.024513,0.000000,312.367688
4794,6932.386159,0.000000,46.000000,123.523120,0.000000,304.846797
4795,6932.386159,0.000000,46.000000,123.021727,0.000000,297.325905
4796,6932.386159,0.000000,46.000000,122.520334,0.000000,289.805014
4797,6932.386159,0.000000,46.000000,122.018942,0.000000,282.284123
4798,6932.386159,0.000000,46.000000,121.517549,0.000000,274.763231
4799,6932.386159,0.000000,46.000000,121.016156,0.000000,267.242340
4800,6932.386159,0.000000,46.000000,120.514763,0.000000,259.721448
4801,6932.386159,0.000000,46.000000,120.013370,0.000000,252.200557
4802,6932.386159,0.000000,46.000000,119.511978,0.000000,244.679666
4803,6932.386159,0.000000,46.000000,119.010585,0.000000,237.158774
4804,6932.386159,0.000000,46.000000,118.509192,0.000000,229.637883
4805,6932.386159,0.000000,46.000000,118.007799,0.000000,222.116992
4806,6932.386159,0.000000,46.000000,117.506407,0.000000,214.596100
4807,6932.386159,0.000000,46.000000,117.005014,0.000000,207.075209
4808,6932.386159,0.000000,46.000000,116.503621,0.000000,199.554318
4809,6932.386159,0.000000,46.000000,116.002228,0.000000,192.033426
4810,6932.386159,0.000000,46.000000,115.500836,0.000000,184.512535
4811,6932.386159,0.000000,46.000000,114.999443,0.000000,176.991643
4812,6932.386159,0.000000,46.000000,114.498050,0.000000,169.470752
4813,6932.386159,0.000000,46.000000,113.996657,0.000000,161.949861
4814,6932.386159,0.000000,46.000000,113.495265,0.000000,154.428969
4815,6932.386159,0.000000,46.000000,112.993872,0.000000,146.908078
4816,6932.386159,0.000000,46.000000,112.492479,0.000000,139.387187
4817,6932.386159,0.000000,46.000000,111.991086,0.000000,131.866295
4818,6932.386159,0.000000,46.000000,111.489694,0.000000,124.345404
4819,6932.386159,0.000000,46.000000,110.988301,0.000000,116.824513
4820,6932.386159,0.000000,46.000000,110.486908,0.000000,109.303621
4821,6932.386159,0.000000,46.000000,109.985515,0.000000,101.782730
4822,6932.386159,0.000000,46.000000,109.484123,0.000000,94.261838
4823,6932.386159,0.000000,46.000000,108.982730,0.000000,86.740947
4824,6932.386159,0.000000,46.000000,108.481337,0.000000,79.220056
4825,6932.386159,0.000000,46.000000,107.979944,0.000000,71.699164
4826,6932.386159,0.000000,46.000000,107.478552,0.000000,64.178273
4827,6932.386159,0.000000,46.000000,106.977159,0.000000,56.657382
4828,6932.386159,0.000000,46.000000,106.475766,0.000000,49.136490
4829,6932.386159,0.000000,46.000000,105.974373,0.000000,41.615599
4830,6932.386159,0.000000,46.000000,105.472981,0.000000,34.094708
4831,6932.386159,0.000000,46.000000,104.971588,0.000000,26.573816
4832,6932.386159,0.000000,46.000000,104.470195,0.000000,19.052925
4833,6932.386159,0.000000,46.000000,103.968802,0.000000,11.532033
4834,6932.386159,0.000000,46.000000,103.467409,0.000000,4.011142
4835,6932.386159,0.000000,46.000000,102.966017,0.000000,356.490251
4836,6932.386159,0.000000,46.000000,102.464624,0.000000,348.969359
4837,6932.386159,0.000000,46.000000,101.963231,0.000000,341.448468
4838,6932.386159,0.000000,46.000000,101.461838,0.000000,333.927577
4839,6932.386159,0.000000,46.000000,100.960446,0.000000,326.406685
4840,6932.386159,0.000000,46.000000,100.459053,0.000000,318.885794
4841,6932.386159,0.000000,46.000000,99.957660,0.000000,311.364903
4842,6932.386159,0.000000,46.000000,99.456267,0.000000,303.844011
4843,6932.386159,0.000000,46.000000,98.954875,0.000000,296.323120
4844,6932.386159,0.000000,46.000000,98.453482,0.000000,288.802228
4845,6932.386159,0.000000,46.000000,97.952089,0.000000,281.281337
4846,6932.386159,0.000000,46.000000,97.450696,0.000000,273.760446
4847,6932.386159,0.000000,46.000000,96.949304,0.000000,266.239554
4848,6932.386159,0.000000,46.000000,96.447911,0.000000,258.718663
4849,6932.386159,0.000000,46.000000,95.946518,0.000000,251.197772
4850,6932.386159,0.000000,46.000000,95.445125,0.000000,243.676880
4851,6932.386159,0.000000,46.000000,94.943733,0.000000,236.155989
4852,6932.386159,0.000000,46.000000,94.442340,0.000000,228.635097
4853,6932.386159,0.000000,46.000000,93.940947,0.000000,221.114206
4854,6932.386159,0.000000,46.000000,93.439554,0.000000,213.593315
4855,6932.386159,0.000000,46.000000,92.938162,0.000000,206.072423
4856,6932.386159,0.000000,46.000000,92.436769,0.000000,198.551532
4857,6932.386159,0.000000,46.000000,91.935376,0.000000,191.030641
4858,6932.386159,0.000000,46.000000,91.433983,0.000000,183.509749
4859,6932.386159,0.000000,46.000000,90.932591,0.000000,175.988858
4860,6932.386159,0.000000,46.000000,90.431198,0.000000,168.467967
4861,6932.386159,0.000000,46.000000,89.929805,0.000000,160.947075
4862,6932.386159,0.000000,46.000000,89.428412,0.000000,153.426184
4863,6932.386159,0.000000,46.000000,88.927019,0.000000,145.905292
4864,6932.386159,0.000000,46.000000,88.425627,0.000000,138.384401
4865,6932.386159,0.000000,46.000000,87.924234,0.000000,130.863510
4866,6932.386159,0.000000,46.000000,87.422841,0.000000,123.342618
4867,6932.386159,0.000000,46.000000,86.921448,0.000000,115.821727
4868,6932.386159,0.000000,46.000000,86.420056,0.000000,108.300836
4869,6932.386159,0.000000,46.000000,85.918663,0.000000,100.779944
4870,6932.386159,0.000000,46.000000,85.417270,0.000000,93.259053
4871,6932.386159,0.000000,46.000000,84.915877,0.000000,85.738162
4872,6932.386159,0.000000,46.000000,84.414485,0.000000,78.217270
4873,6932.386159,0.000000,46.000000,83.913092,0.000000,70.696379
4874,6932.386159,0.000000,46.000000,83.411699,0.000000,63.175487
4875,6932.386159,0.000000,46.000000,82.910306,0.000000,55.654596
4876,6932.386159,0.000000,46.000000,82.408914,0.000000,48.133705
4877,6932.386159,0.000000,46.000000,81.907521,0.000000,40.612813
4878,6932.386159,0.000000,46.000000,81.406128,0.000000,33.091922
4879,6932.386159,0.000000,46.000000,80.904735,0.000000,25.571031
4880,6932.386159,0.000000,46.000000,80.403343,0.000000,18.050139
4881,6932.386159,0.000000,46.000000,79.901950,0.000000,10.529248
4882,6932.386159,0.000000,46.000000,79.400557,0.000000,3.008357
4883,6932.386159,0.000000,46.000000,78.899164,0.000000,355.487465
4884,6932.386159,0.000000,46.000000,78.397772,0.000000,347.966574
4885,6932.386159,0.000000,46.000000,77.896379,0.000000,340.445682
4886,6932.386159,0.000000,46.000000,77.394986,0.000000,332.924791
4887,6932.386159,0.000000,46.000000,76.893593,0.000000,325.403900
4888,6932.386159,0.000000,46.000000,76.392201,0.000000,317.883008
4889,6932.386159,0.000000,46.000000,75.890808,0.000000,310.362117
4890,6932.386159,0.000000,46.000000,75.389415,0.000000,302.841226
4891,6932.386159,0.000000,46.000000,74.888022,0.000000,295.320334
4892,6932.386159,0.000000,46.000000,74.386630,0.000000,287.799443
4893,6932.386159,0.000000,46.000000,73.885237,0.000000,280.278552
4894,6932.386159,0.000000,46.000000,73.383844,0.000000,272.757660
4895,6932.386159,0.000000,46.000000,72.882451,0.000000,265.236769
4896,6932.386159,0.000000,46.000000,72.381058,0.000000,257.715877
4897,6932.386159,0.000000,46.000000,71.879666,0.000000,250.194986
4898,6932.386159,0.000000,46.000000,71.378273,0.000000,242.674095
4899,6932.386159,0.000000,46.000000,70.876880,0.000000,235.153203
4900,6932.386159,0.000000,46.000000,70.375487,0.000000,227.632312
4901,6932.386159,0.000000,46.000000,69.874095,0.000000,220.111421
4902,6932.386159,0.000000,46.000000,69.372702,0.000000,212.590529
4903,6932.386159,0.000000,46.000000,68.871309,0.000000,205.069638
4904,6932.386159,0.000000,46.000000,68.369916,0.000000,197.548747
4905,6932.386159,0.000000,46.000000,67.868524,0.000000,190.027855
4906,6932.386159,0.000000,46.000000,67.367131,0.000000,182.506964
4907,6932.386159,0.000000,46.000000,66.865738,0.000000,174.986072
4908,6932.386159,0.000000,46.000000,66.364345,0.000000,167.465181
4909,6932.386159,0.000000,46.000000,65.862953,0.000000,159.944290
4910,6932.386159,0.000000,46.000000,65.361560,0.000000,152.423398
4911,6932.386159,0.000000,46.000000,64.860167,0.000000,144.902507
4912,6932.386159,0.000000,46.000000,64.358774,0.000000,137.381616
4913,6932.386159,0.000000,46.000000,63.857382,0.000000,129.860724
4914,6932.386159,0.000000,46.000000,63.355989,0.000000,122.339833
4915,6932.386159,0.000000,46.000000,62.854596,0.000000,114.818942
4916,6932.386159,0.000000,46.000000,62.353203,0.000000,107.298050
4917,6932.386159,0.000000,46.000000,61.851811,0.000000,99.777159
4918,6932.386159,0.000000,46.000000,61.350418,0.000000,92.256267
4919,6932.386159,0.000000,46.000000,60.849025,0.000000,84.735376
4920,6932.386159,0.000000,46.000000,60.347632,0.000000,77.214485
4921,6932.386159,0.000000,46.000000,59.846240,0.000000,69.693593
4922,6932.386159,0.000000,46.000000,59.344847,0.000000,62.172702
4923,6932.386159,0.000000,46.000000,58.843454,0.000000,54.651811
4924,6932.386159,0.000000,46.000000,58.342061,0.000000,47.130919
4925,6932.386159,0.000000,46.000000,57.840669,0.000000,39.610028
4926,6932.386159,0.000000,46.000000,57.339276,0.000000,32.089136
4927,6932.386159,0.000000,46.000000,56.837883,0.000000,24.568245
4928,6932.386159,0.000000,46.000000,56.336490,0.000000,17.047354
4929,6932.386159,0.000000,46.000000,55.835097,0.000000,9.526462
4930,6932.386159,0.000000,46.000000,55.333705,0.000000,2.005571
4931,6932.386159,0.000000,46.000000,54.832312,0.000000,354.484680
4932,6932.386159,0.000000,46.000000,54.330919,0.000000,346.963788
4933,6932.386159,0.000000,46.000000,53.829526,0.000000,339.442897
4934,6932.386159,0.000000,46.000000,53.328134,0.000000,331.922006
4935,6932.386159,0.000000,46.000000,52.826741,0.000000,324.401114
4936,6932.386159,0.000000,46.000000,52.325348,0.000000,316.880223
4937,6932.386159,0.000000,46.000000,51.823955,0.000000,309.359331
4938,6932.386159,0.000000,46.000000,51.322563,0.000000,301.838440
4939,6932.386159,0.000000,46.000000,50.821170,0.000000,294.317549
4940,6932.386159,0.000000,46.000000,50.319777,0.000000,286.796657
4941,6932.386159,0.000000,46.000000,49.818384,0.000000,279.275766
4942,6932.386159,0.000000,46.000000,49.316992,0.000000,271.754875
4943,6932.386159,0.000000,46.000000,48.815599,0.000000,264.233983
4944,6932.386159,0.000000,46.000000,48.314206,0.000000,256.713092
4945,6932.386159,0.000000,46.000000,47.812813,0.000000,249.192201
4946,6932.386159,0.000000,46.000000,47.311421,0.000000,241.671309
4947,6932.386159,0.000000,46.000000,46.810028,0.000000,234.150418
4948,6932.386159,0.000000,46.000000,46.308635,0.000000,226.629526
4949,6932.386159,0.000000,46.000000,45.807242,0.000000,219.108635
4950,6932.386159,0.000000,46.000000,45.305850,0.000000,211.587744
4951,6932.386159,0.000000,46.000000,44.804457,0.000000,204.066852
4952,6932.386159,0.000000,46.000000,44.303064,0.000000,196.545961
4953,6932.386159,0.000000,46.000000,43.801671,0.000000,189.025070
4954,6932.386159,0.000000,46.000000,43.300279,0.000000,181.504178
4955,6932.386159,0.000000,46.000000,42.798886,0.000000,173.983287
4956,6932.386159,0.000000,46.000000,42.297493,0.000000,166.462396
4957,6932.386159,0.000000,46.000000,41.796100,0.000000,158.941504
4958,6932.386159,0.000000,46.000000,41.294708,0.000000,151.420613
4959,6932.386159,0.000000,46.000000,40.793315,0.000000,143.899721
4960,6932.386159,0.000000,46.000000,40.291922,0.000000,136.378830
4961,6932.386159,0.000000,46.000000,39.790529,0.000000,128.857939
4962,6932.386159,0.000000,46.000000,39.289136,0.000000,121.337047
4963,6932.386159,0.000000,46.000000,38.787744,0.000000,113.816156
4964,6932.386159,0.000000,46.000000,38.286351,0.000000,106.295265
4965,6932.386159,0.000000,46.000000,37.784958,0.000000,98.774373
4966,6932.386159,0.000000,46.000000,37.283565,0.000000,91.253482
4967,6932.386159,0.000000,46.000000,36.782173,0.000000,83.732591
4968,6932.386159,0.000000,46.000000,36.280780,0.000000,76.211699
4969,6932.386159,0.000000,46.000000,35.779387,0.000000,68.690808
4970,6932.386159,0.000000,46.000000,35.277994,0.000000,61.169916
4971,6932.386159,0.000000,46.000000,34.776602,0.000000,53.649025
4972,6932.386159,0.000000,46.000000,34.275209,0.000000,46.128134
4973,6932.386159,0.000000,46.000000,33.773816,0.000000,38.607242
4974,6932.386159,0.000000,46.000000,33.272423,0.000000,31.086351
4975,6932.386159,0.000000,46.000000,32.771031,0.000000,23.565460
4976,6932.386159,0.000000,46.000000,32.269638,0.000000,16.044568
4977,6932.386159,0.000000,46.000000,31.768245,0.000000,8.523677
4978,6932.386159,0.000000,46.000000,31.266852,0.000000,1.002786
4979,6932.386159,0.000000,46.000000,30.765460,0.000000,353.481894
4980,6932.386159,0.000000,46.000000,30.264067,0.000000,345.961003
4981,6932.386159,0.000000,46.000000,29.762674,0.000000,338.440111
4982,6932.386159,0.000000,46.000000,29.261281,0.000000,330.919220
4983,6932.386159,0.000000,46.000000,28.759889,0.000000,323.398329
4984,6932.386159,0.000000,46.000000,28.258496,0.000000,315.877437
4985,6932.386159,0.000000,46.000000,27.757103,0.000000,308.356546
4986,6932.386159,0.000000,46.000000,27.255710,0.000000,300.835655
4987,6932.386159,0.000000,46.000000,26.754318,0.000000,293.314763
4988,6932.386159,0.000000,46.000000,26.252925,0.000000,285.793872
4989,6932.386159,0.000000,46.000000,25.751532,0.000000,278.272981
4990,6932.386159,0.000000,46.000000,25.250139,0.000000,270.752089
4991,6932.386159,0.000000,46.000000,24.748747,0.000000,263.231198
4992,6932.386159,0.000000,46.000000,24.247354,0.000000,255.710306
4993,6932.386159,0.000000,46.000000,23.745961,0.000000,248.189415
4994,6932.386159,0.000000,46.000000,23.244568,0.000000,240.668524
4995,6932.386159,0.000000,46.000000,22.743175,0.000000,233.147632
4996,6932.386159,0.000000,46.000000,22.241783,0.000000,225.626741
4997,6932.386159,0.000000,46.000000,21.740390,0.000000,218.105850
4998,6932.386159,0.000000,46.000000,21.238997,0.000000,210.584958
4999,6932.386159,0.000000,46.000000,20.737604,0.000000,203.064067
5000,6932.386159,0.000000,46.000000,20.236212,0.000000,195.543175
5001,6932.386159,0.000000,46.000000,19.734819,0.000000,188.022284
5002,6932.386159,0.000000,46.000000,19.233426,0.000000,180.501393
5003,6932.386159,0.000000,46.000000,18.732033,0.000000,172.980501
5004,6932.386159,0.000000,46.000000,18.230641,0.000000,165.459610
5005,6932.386159,0.000000,46.000000,17.729248,0.000000,157.938719
5006,6932.386159,0.000000,46.000000,17.227855,0.000000,150.417827
5007,6932.386159,0.000000,46.000000,16.726462,0.000000,142.896936
5008,6932.386159,0.000000,46.000000,16.225070,0.000000,135.376045
5009,6932.386159,0.000000,46.000000,15.723677,0.000000,127.855153
5010,6932.386159,0.000000,46.000000,15.222284,0.000000,120.334262
5011,6932.386159,0.000000,46.000000,14.720891,0.000000,112.813370
5012,6932.386159,0.000000,46.000000,14.219499,0.000000,105.292479
5013,6932.386159,0.000000,46.000000,13.718106,0.000000,97.771588
5014,6932.386159,0.000000,46.000000,13.216713,0.000000,90.250696
5015,6932.386159,0.000000,46.000000,12.715320,0.000000,82.729805
5016,6932.386159,0.000000,46.000000,12.213928,0.000000,75.208914
5017,6932.386159,0.000000,46.000000,11.712535,0.000000,67.688022
5018,6932.386159,0.000000,46.000000,11.211142,0.000000,60.167131
5019,6932.386159,0.000000,46.000000,10.709749,0.000000,52.646240
5020,6932.386159,0.000000,46.000000,10.208357,0.000000,45.125348
5021,6932.386159,0.000000,46.000000,9.706964,0.000000,37.604457
5022,6932.386159,0.000000,46.000000,9.205571,0.000000,30.083565
5023,6932.386159,0.000000,46.000000,8.704178,0.000000,22.562674
5024,6932.386159,0.000000,46.000000,8.202786,0.000000,15.041783
5025,6932.386159,0.000000,46.000000,7.701393,0.000000,7.520891
5026,6932.386159,0.000000,39.000000,7.200000,0.000000,0.000000
5027,6932.386159,0.000000,39.000000,6.698607,0.000000,352.479109
5028,6932.386159,0.000000,39.000000,6.197214,0.000000,344.958217
5029,6932.386159,0.000000,39.000000,5.695822,0.000000,337.437326
5030,6932.386159,0.000000,39.000000,5.194429,0.000000,329.916435
5031,6932.386159,0.000000,39.000000,4.693036,0.000000,322.395543
5032,6932.386159,0.000000,39.000000,4.191643,0.000000,314.874652
5033,6932.386159,0.000000,39.000000,3.690251,0.000000,307.353760
5034,6932.386159,0.000000,39.000000,3.188858,0.000000,299.832869
5035,6932.386159,0.000000,39.000000,2.687465,0.000000,292.311978
5036,6932.386159,0.000000,39.000000,2.186072,0.000000,284.791086
5037,6932.386159,0.000000,39.000000,1.684680,0.000000,277.270195
5038,6932.386159,0.000000,39.000000,1.183287,0.000000,269.749304
5039,6932.386159,0.000000,39.000000,0.681894,0.000000,262.228412
5040,6932.386159,0.000000,39.000000,0.180501,0.000000,254.707521
5041,6932.386159,0.000000,39.000000,359.679109,0.000000,247.186630
5042,6932.386159,0.000000,39.000000,359.177716,0.000000,239.665738
5043,6932.386159,0.000000,39.000000,358.676323,0.000000,232.144847
5044,6932.386159,0.000000,39.000000,358.174930,0.000000,224.623955
5045,6932.386159,0.000000,39.000000,357.673538,0.000000,217.103064
5046,6932.386159,0.000000,39.000000,357.172145,0.000000,209.582173
5047,6932.386159,0.000000,39.000000,356.670752,0.000000,202.061281
5048,6932.386159,0.000000,39.000000,356.169359,0.000000,194.540390
5049,6932.386159,0.000000,39.000000,355.667967,0.000000,187.019499
5050,6932.386159,0.000000,39.000000,355.166574,0.000000,179.498607
5051,6932.386159,0.000000,39.000000,354.665181,0.000000,171.977716
5052,6932.386159,0.000000,39.000000,354.163788,0.000000,164.456825
5053,6932.386159,0.000000,39.000000,353.662396,0.000000,156.935933
5054,6932.386159,0.000000,39.000000,353.161003,0.000000,149.415042
5055,6932.386159,0.000000,39.000000,352.659610,0.000000,141.894150
5056,6932.386159,0.000000,39.000000,352.158217,0.000000,134.373259
5057,6932.386159,0.000000,39.000000,351.656825,0.000000,126.852368
5058,6932.386159,0.000000,39.000000,351.155432,0.000000,119.331476
5059,6932.386159,0.000000,39.000000,350.654039,0.000000,111.810585
5060,6932.386159,0.000000,39.000000,350.152646,0.000000,104.289694
5061,6932.386159,0.000000,39.000000,349.651253,0.000000,96.768802
5062,6932.386159,0.000000,39.000000,349.149861,0.000000,89.247911
5063,6932.386159,0.000000,39.000000,348.648468,0.000000,81.727019
5064,6932.386159,0.000000,39.000000,348.147075,0.000000,74.206128
5065,6932.386159,0.000000,39.000000,347.645682,0.000000,66.685237
5066,6932.386159,0.000000,39.000000,347.144290,0.000000,59.164345
5067,6932.386159,0.000000,39.000000,346.642897,0.000000,51.643454
5068,6932.386159,0.000000,39.000000,346.141504,0.000000,44.122563
5069,6932.386159,0.000000,39.000000,345.640111,0.000000,36.601671
5070,6932.386159,0.000000,39.000000,345.138719,0.000000,29.080780
5071,6932.386159,0.000000,39.000000,344.637326,0.000000,21.559889
5072,6932.386159,0.000000,39.000000,344.135933,0.000000,14.038997
5073,6932.386159,0.000000,39.000000,343.634540,0.000000,6.518106
5074,6932.386159,0.000000,39.000000,343.133148,0.000000,358.997214
5075,6932.386159,0.000000,39.000000,342.631755,0.000000,351.476323
5076,6932.386159,0.000000,39.000000,342.130362,0.000000,343.955432
5077,6932.386159,0.000000,39.000000,341.628969,0.000000,336.434540
5078,6932.386159,0.000000,39.000000,341.127577,0.000000,328.913649
5079,6932.386159,0.000000,39.000000,340.626184,0.000000,321.392758
5080,6932.386159,0.000000,39.000000,340.124791,0.000000,313.871866
5081,6932.386159,0.000000,39.000000,339.623398,0.000000,306.350975
5082,6932.386159,0.000000,39.000000,339.122006,0.000000,298.830084
5083,6932.386159,0.000000,39.000000,338.620613,0.000000,291.309192
5084,6932.386159,0.000000,39.000000,338.119220,0.000000,283.788301
5085,6932.386159,0.000000,39.000000,337.617827,0.000000,276.267409
5086,6932.386159,0.000000,39.000000,337.116435,0.000000,268.746518
5087,6932.386159,0.000000,39.000000,336.615042,0.000000,261.225627
5088,6932.386159,0.000000,39.000000,336.113649,0.000000,253.704735
5089,6932.386159,0.000000,39.000000,335.612256,0.000000,246.183844
5090,6932.386159,0.000000,39.000000,335.110864,0.000000,238.662953
5091,6932.386159,0.000000,39.000000,334.609471,0.000000,231.142061
5092,6932.386159,0.000000,39.000000,334.108078,0.000000,223.621170
5093,6932.386159,0.000000,39.000000,333.606685,0.000000,216.100279
5094,6932.386159,0.000000,39.000000,333.105292,0.000000,208.579387
5095,6932.386159,0.000000,39.000000,332.603900,0.000000,201.058496
5096,6932.386159,0.000000,39.000000,332.102507,0.000000,193.537604
5097,6932.386159,0.000000,39.000000,331.601114,0.000000,186.016713
5098,6932.386159,0.000000,39.000000,331.099721,0.000000,178.495822
5099,6932.386159,0.000000,39.000000,330.598329,0.000000,170.974930
5100,6932.386159,0.000000,39.000000,330.096936,0.000000,163.454039
5101,6932.386159,0.000000,39.000000,329.595543,0.000000,155.933148
5102,6932.386159,0.000000,39.000000,329.094150,0.000000,148.412256
5103,6932.386159,0.000000,39.000000,328.592758,0.000000,140.891365
5104,6932.386159,0.000000,39.000000,328.091365,0.000000,133.370474
5105,6932.386159,0.000000,39.000000,327.589972,0.000000,125.849582
5106,6932.386159,0.000000,39.000000,327.088579,0.000000,118.328691
5107,6932.386159,0.000000,39.000000,326.587187,0.000000,110.807799
5108,6932.386159,0.000000,39.000000,326.085794,0.000000,103.286908
5109,6932.386159,0.000000,39.000000,325.584401,0.000000,95.766017
5110,6932.386159,0.000000,39.000000,325.083008,0.000000,88.245125
5111,6932.386159,0.000000,39.000000,324.581616,0.000000,80.724234
5112,6932.386159,0.000000,39.000000,324.080223,0.000000,73.203343
5113,6932.386159,0.000000,39.000000,323.578830,0.000000,65.682451
5114,6932.386159,0.000000,39.000000,323.077437,0.000000,58.161560
5115,6932.386159,0.000000,39.000000,322.576045,0.000000,50.640669
5116,6932.386159,0.000000,39.000000,322.074652,0.000000,43.119777
5117,6932.386159,0.000000,39.000000,321.573259,0.000000,35.598886
5118,6932.386159,0.000000,39.000000,321.071866,0.000000,28.077994
5119,6932.386159,0.000000,39.000000,320.570474,0.000000,20.557103
5120,6932.386159,0.000000,39.000000,320.069081,0.000000,13.036212
5121,6932.386159,0.000000,39.000000,319.567688,0.000000,5.515320
5122,6932.386159,0.000000,39.000000,319.066295,0.000000,357.994429
5123,6932.386159,0.000000,39.000000,318.564903,0.000000,350.473538
5124,6932.386159,0.000000,39.000000,318.063510,0.000000,342.952646
5125,6932.386159,0.000000,39.000000,317.562117,0.000000,335.431755
5126,6932.386159,0.000000,39.000000,317.060724,0.000000,327.910864
5127,6932.386159,0.000000,39.000000,316.559331,0.000000,320.389972
5128,6932.386159,0.000000,39.000000,316.057939,0.000000,312.869081
5129,6932.386159,0.000000,39.000000,315.556546,0.000000,305.348189
5130,6932.386159,0.000000,39.000000,315.055153,0.000000,297.827298
5131,6932.386159,0.000000,39.000000,314.553760,0.000000,290.306407
5132,6932.386159,0.000000,39.000000,314.052368,0.000000,282.785515
5133,6932.386159,0.000000,39.000000,313.550975,0.000000,275.264624
5134,6932.386159,0.000000,39.000000,313.049582,0.000000,267.743733
5135,6932.386159,0.000000,39.000000,312.548189,0.000000,260.222841
5136,6932.386159,0.000000,39.000000,312.046797,0.000000,252.701950
5137,6932.386159,0.000000,39.000000,311.545404,0.000000,245.181058
5138,6932.386159,0.000000,39.000000,311.044011,0.000000,237.660167
5139,6932.386159,0.000000,39.000000,310.542618,0.000000,230.139276
5140,6932.386159,0.000000,39.000000,310.041226,0.000000,222.618384
5141,6932.386159,0.000000,39.000000,309.539833,0.000000,215.097493
5142,6932.386159,0.000000,39.000000,309.038440,0.000000,207.576602
5143,6932.386159,0.000000,39.000000,308.537047,0.000000,200.055710
5144,6932.386159,0.000000,39.000000,308.035655,0.000000,192.534819
5145,6932.386159,0.000000,39.000000,307.534262,0.000000,185.013928
5146,6932.386159,0.000000,39.000000,307.032869,0.000000,177.493036
5147,6932.386159,0.000000,39.000000,306.531476,0.000000,169.972145
5148,6932.386159,0.000000,39.000000,306.030084,0.000000,162.451253
5149,6932.386159,0.000000,39.000000,305.528691,0.000000,154.930362
5150,6932.386159,0.000000,39.000000,305.027298,0.000000,147.409471
5151,6932.386159,0.000000,39.000000,304.525905,0.000000,139.888579
5152,6932.386159,0.000000,39.000000,304.024513,0.000000,132.367688
5153,6932.386159,0.000000,39.000000,303.523120,0.000000,124.846797
5154,6932.386159,0.000000,39.000000,303.021727,0.000000,117.325905
5155,6932.386159,0.000000,39.000000,302.520334,0.000000,109.805014
5156,6932.386159,0.000000,39.000000,302.018942,0.000000,102.284123
5157,6932.386159,0.000000,39.000000,301.517549,0.000000,94.763231
5158,6932.386159,0.000000,39.000000,301.016156,0.000000,87.242340
5159,6932.386159,0.000000,39.000000,300.514763,0.000000,79.721448
5160,6932.386159,0.000000,39.000000,300.013370,0.000000,72.200557
5161,6932.386159,0.000000,39.000000,299.511978,0.000000,64.679666
5162,6932.386159,0.000000,39.000000,299.010585,0.000000,57.158774
5163,6932.386159,0.000000,39.000000,298.509192,0.000000,49.637883
5164,6932.386159,0.000000,39.000000,298.007799,0.000000,42.116992
5165,6932.386159,0.000000,39.000000,297.506407,0.000000,34.596100
5166,6932.386159,0.000000,39.000000,297.005014,0.000000,27.075209
5167,6932.386159,0.000000,39.000000,296.503621,0.000000,19.554318
5168,6932.386159,0.000000,39.000000,296.002228,0.000000,12.033426
5169,6932.386159,0.000000,39.000000,295.500836,0.000000,4.512535
5170,6932.386159,0.000000,39.000000,294.999443,0.000000,356.991643
5171,6932.386159,0.000000,39.000000,294.498050,0.000000,349.470752
5172,6932.386159,0.000000,39.000000,293.996657,0.000000,341.949861
5173,6932.386159,0.000000,39.000000,293.495265,0.000000,334.428969
5174,6932.386159,0.000000,39.000000,292.993872,0.000000,326.908078
5175,6932.386159,0.000000,39.000000,292.492479,0.000000,319.387187
5176,6932.386159,0.000000,39.000000,291.991086,0.000000,311.866295
5177,6932.386159,0.000000,39.000000,291.489694,0.000000,304.345404
5178,6932.386159,0.000000,39.000000,290.988301,0.000000,296.824513
5179,6932.386159,0.000000,39.000000,290.486908,0.000000,289.303621
5180,6932.386159,0.000000,39.000000,289.985515,0.000000,281.782730
5181,6932.386159,0.000000,39.000000,289.484123,0.000000,274.261838
5182,6932.386159,0.000000,39.000000,288.982730,0.000000,266.740947
5183,6932.386159,0.000000,39.000000,288.481337,0.000000,259.220056
5184,6932.386159,0.000000,39.000000,287.979944,0.000000,251.699164
5185,6932.386159,0.000000,39.000000,287.478552,0.000000,244.178273
5186,6932.386159,0.000000,39.000000,286.977159,0.000000,236.657382
5187,6932.386159,0.000000,39.000000,286.475766,0.000000,229.136490
5188,6932.386159,0.000000,39.000000,285.974373,0.000000,221.615599
5189,6932.386159,0.000000,39.000000,285.472981,0.000000,214.094708
5190,6932.386159,0.000000,39.000000,284.971588,0.000000,206.573816
5191,6932.386159,0.000000,39.000000,284.470195,0.000000,199.052925
5192,6932.386159,0.000000,39.000000,283.968802,0.000000,191.532033
5193,6932.386159,0.000000,39.000000,283.467409,0.000000,184.011142
5194,6932.386159,0.000000,39.000000,282.966017,0.000000,176.490251
5195,6932.386159,0.000000,39.000000,282.464624,0.000000,168.969359
5196,6932.386159,0.000000,39.000000,281.963231,0.000000,161.448468
5197,6932.386159,0.000000,39.000000,281.461838,0.000000,153.927577
5198,6932.386159,0.000000,39.000000,280.960446,0.000000,146.406685
5199,6932.386159,0.000000,39.000000,280.459053,0.000000,138.885794
5200,6932.386159,0.000000,39.000000,279.957660,0.000000,131.364903
5201,6932.386159,0.000000,39.000000,279.456267,0.000000,123.844011
5202,6932.386159,0.000000,39.000000,278.954875,0.000000,116.323120
5203,6932.386159,0.000000,39.000000,278.453482,0.000000,108.802228
5204,6932.386159,0.000000,39.000000,277.952089,0.000000,101.281337
5205,6932.386159,0.000000,39.000000,277.450696,0.000000,93.760446
5206,6932.386159,0.000000,39.000000,276.949304,0.000000,86.239554
5207,6932.386159,0.000000,39.000000,276.447911,0.000000,78.718663
5208,6932.386159,0.000000,39.000000,275.946518,0.000000,71.197772
5209,6932.386159,0.000000,39.000000,275.445125,0.000000,63.676880
5210,6932.386159,0.000000,39.000000,274.943733,0.000000,56.155989
5211,6932.386159,0.000000,39.000000,274.442340,0.000000,48.635097
5212,6932.386159,0.000000,39.000000,273.940947,0.000000,41.114206
5213,6932.386159,0.000000,39.000000,273.439554,0.000000,33.593315
5214,6932.386159,0.000000,39.000000,272.938162,0.000000,26.072423
5215,6932.386159,0.000000,39.000000,272.436769,0.000000,18.551532
5216,6932.386159,0.000000,39.000000,271.935376,0.000000,11.030641
5217,6932.386159,0.000000,39.000000,271.433983,0.000000,3.509749
5218,6932.386159,0.000000,39.000000,270.932591,0.000000,355.988858
5219,6932.386159,0.000000,39.000000,270.431198,0.000000,348.467967
5220,6932.386159,0.000000,39.000000,269.929805,0.000000,340.947075
5221,6932.386159,0.000000,39.000000,269.428412,0.000000,333.426184
5222,6932.386159,0.000000,39.000000,268.927019,0.000000,325.905292
5223,6932.386159,0.000000,39.000000,268.425627,0.000000,318.384401
5224,6932.386159,0.000000,39.000000,267.924234,0.000000,310.863510
5225,6932.386159,0.000000,39.000000,267.422841,0.000000,303.342618
5226,6932.386159,0.000000,39.000000,266.921448,0.000000,295.821727
5227,6932.386159,0.000000,39.000000,266.420056,0.000000,288.300836
5228,6932.386159,0.000000,39.000000,265.918663,0.000000,280.779944
5229,6932.386159,0.000000,39.000000,265.417270,0.000000,273.259053
5230,6932.386159,0.000000,39.000000,264.915877,0.000000,265.738162
5231,6932.386159,0.000000,39.000000,264.414485,0.000000,258.217270
5232,6932.386159,0.000000,39.000000,263.913092,0.000000,250.696379
5233,6932.386159,0.000000,39.000000,263.411699,0.000000,243.175487
5234,6932.386159,0.000000,39.000000,262.910306,0.000000,235.654596
5235,6932.386159,0.000000,39.000000,262.408914,0.000000,228.133705
5236,6932.386159,0.000000,39.000000,261.907521,0.000000,220.612813
5237,6932.386159,0.000000,39.000000,261.406128,0.000000,213.091922
5238,6932.386159,0.000000,39.000000,260.904735,0.000000,205.571031
5239,6932.386159,0.000000,39.000000,260.403343,0.000000,198.050139
5240,6932.386159,0.000000,39.000000,259.901950,0.000000,190.529248
5241,6932.386159,0.000000,39.000000,259.400557,0.000000,183.008357
5242,6932.386159,0.000000,39.000000,258.899164,0.000000,175.487465
5243,6932.386159,0.000000,39.000000,258.397772,0.000000,167.966574
5244,6932.386159,0.000000,39.000000,257.896379,0.000000,160.445682
5245,6932.386159,0.000000,39.000000,257.394986,0.000000,152.924791
5246,6932.386159,0.000000,39.000000,256.893593,0.000000,145.403900
5247,6932.386159,0.000000,39.000000,256.392201,0.000000,137.883008
5248,6932.386159,0.000000,39.000000,255.890808,0.000000,130.362117
5249,6932.386159,0.000000,39.000000,255.389415,0.000000,122.841226
5250,6932.386159,0.000000,39.000000,254.888022,0.000000,115.320334
5251,6932.386159,0.000000,39.000000,254.386630,0.000000,107.799443
5252,6932.386159,0.000000,39.000000,253.885237,0.000000,100.278552
5253,6932.386159,0.000000,39.000000,253.383844,0.000000,92.757660
5254,6932.386159,0.000000,39.000000,252.882451,0.000000,85.236769
5255,6932.386159,0.000000,39.000000,252.381058,0.000000,77.715877
5256,6932.386159,0.000000,39.000000,251.879666,0.000000,70.194986
5257,6932.386159,0.000000,39.000000,251.378273,0.000000,62.674095
5258,6932.386159,0.000000,39.000000,250.876880,0.000000,55.153203
5259,6932.386159,0.000000,39.000000,250.375487,0.000000,47.632312
5260,6932.386159,0.000000,39.000000,249.874095,0.000000,40.111421
5261,6932.386159,0.000000,39.000000,249.372702,0.000000,32.590529
5262,6932.386159,0.000000,39.000000,248.871309,0.000000,25.069638
5263,6932.386159,0.000000,39.000000,248.369916,0.000000,17.548747
5264,6932.386159,0.000000,39.000000,247.868524,0.000000,10.027855
5265,6932.386159,0.000000,39.000000,247.367131,0.000000,2.506964
5266,6932.386159,0.000000,39.000000,246.865738,0.000000,354.986072
5267,6932.386159,0.000000,39.000000,246.364345,0.000000,347.465181
5268,6932.386159,0.000000,39.000000,245.862953,0.000000,339.944290
5269,6932.386159,0.000000,39.000000,245.361560,0.000000,332.423398
5270,6932.386159,0.000000,39.000000,244.860167,0.000000,324.902507
5271,6932.386159,0.000000,39.000000,244.358774,0.000000,317.381616
5272,6932.386159,0.000000,39.000000,243.857382,0.000000,309.860724
5273,6932.386159,0.000000,39.000000,243.355989,0.000000,302.339833
5274,6932.386159,0.000000,39.000000,242.854596,0.000000,294.818942
5275,6932.386159,0.000000,39.000000,242.353203,0.000000,287.298050
5276,6932.386159,0.000000,39.000000,241.851811,0.000000,279.777159
5277,6932.386159,0.000000,39.000000,241.350418,0.000000,272.256267
5278,6932.386159,0.000000,39.000000,240.849025,0.000000,264.735376
5279,6932.386159,0.000000,39.000000,240.347632,0.000000,257.214485
5280,6932.386159,0.000000,39.000000,239.846240,0.000000,249.693593
5281,6932.386159,0.000000,39.000000,239.344847,0.000000,242.172702
5282,6932.386159,0.000000,39.000000,238.843454,0.000000,234.651811
5283,6932.386159,0.000000,39.000000,238.342061,0.000000,227.130919
5284,6932.386159,0.000000,39.000000,237.840669,0.000000,219.610028
5285,6932.386159,0.000000,39.000000,237.339276,0.000000,212.089136
5286,6932.386159,0.000000,39.000000,236.837883,0.000000,204.568245
5287,6932.386159,0.000000,39.000000,236.336490,0.000000,197.047354
5288,6932.386159,0.000000,39.000000,235.835097,0.000000,189.526462
5289,6932.386159,0.000000,39.000000,235.333705,0.000000,182.005571
5290,6932.386159,0.000000,39.000000,234.832312,0.000000,174.484680
5291,6932.386159,0.000000,39.000000,234.330919,0.000000,166.963788
5292,6932.386159,0.000000,39.000000,233.829526,0.000000,159.442897
5293,6932.386159,0.000000,39.000000,233.328134,0.000000,151.922006
5294,6932.386159,0.000000,39.000000,232.826741,0.000000,144.401114
5295,6932.386159,0.000000,39.000000,232.325348,0.000000,136.880223
5296,6932.386159,0.000000,39.000000,231.823955,0.000000,129.359331
5297,6932.386159,0.000000,39.000000,231.322563,0.000000,121.838440
5298,6932.386159,0.000000,39.000000,230.821170,0.000000,114.317549
5299,6932.386159,0.000000,39.000000,230.319777,0.000000,106.796657
5300,6932.386159,0.000000,39.000000,229.818384,0.000000,99.275766
5301,6932.386159,0.000000,39.000000,229.316992,0.000000,91.754875
5302,6932.386159,0.000000,39.000000,228.815599,0.000000,84.233983
5303,6932.386159,0.000000,39.000000,228.314206,0.000000,76.713092
5304,6932.386159,0.000000,39.000000,227.812813,0.000000,69.192201
5305,6932.386159,0.000000,39.000000,227.311421,0.000000,61.671309
5306,6932.386159,0.000000,39.000000,226.810028,0.000000,54.150418
5307,6932.386159,0.000000,39.000000,226.308635,0.000000,46.629526
5308,6932.386159,0.000000,39.000000,225.807242,0.000000,39.108635
5309,6932.386159,0.000000,39.000000,225.305850,0.000000,31.587744
5310,6932.386159,0.000000,39.000000,224.804457,0.000000,24.066852
5311,6932.386159,0.000000,39.000000,224.303064,0.000000,16.545961
5312,6932.386159,0.000000,39.000000,223.801671,0.000000,9.025070
5313,6932.386159,0.000000,39.000000,223.300279,0.000000,1.504178
5314,6932.386159,0.000000,39.000000,222.798886,0.000000,353.983287
5315,6932.386159,0.000000,39.000000,222.297493,0.000000,346.462396
5316,6932.386159,0.000000,39.000000,221.796100,0.000000,338.941504
5317,6932.386159,0.000000,39.000000,221.294708,0.000000,331.420613
5318,6932.386159,0.000000,39.000000,220.793315,0.000000,323.899721
5319,6932.386159,0.000000,39.000000,220.291922,0.000000,316.378830
5320,6932.386159,0.000000,39.000000,219.790529,0.000000,308.857939
5321,6932.386159,0.000000,39.000000,219.289136,0.000000,301.337047
5322,6932.386159,0.000000,39.000000,218.787744,0.000000,293.816156
5323,6932.386159,0.000000,39.000000,218.286351,0.000000,286.295265
5324,6932.386159,0.000000,39.000000,217.784958,0.000000,278.774373
5325,6932.386159,0.000000,39.000000,217.283565,0.000000,271.253482
5326,6932.386159,0.000000,39.000000,216.782173,0.000000,263.732591
5327,6932.386159,0.000000,39.000000,216.280780,0.000000,256.211699
5328,6932.386159,0.000000,39.000000,215.779387,0.000000,248.690808
5329,6932.386159,0.000000,39.000000,215.277994,0.000000,241.169916
5330,6932.386159,0.000000,39.000000,214.776602,0.000000,233.649025
5331,6932.386159,0.000000,39.000000,214.275209,0.000000,226.128134
5332,6932.386159,0.000000,39.000000,213.773816,0.000000,218.607242
5333,6932.386159,0.000000,39.000000,213.272423,0.000000,211.086351
5334,6932.386159,0.000000,39.000000,212.771031,0.000000,203.565460
5335,6932.386159,0.000000,39.000000,212.269638,0.000000,196.044568
5336,6932.386159,0.000000,39.000000,211.768245,0.000000,188.523677
5337,6932.386159,0.000000,39.000000,211.266852,0.000000,181.002786
5338,6932.386159,0.000000,39.000000,210.765460,0.000000,173.481894
5339,6932.386159,0.000000,39.000000,210.264067,0.000000,165.961003
5340,6932.386159,0.000000,39.000000,209.762674,0.000000,158.440111
5341,6932.386159,0.000000,39.000000,209.261281,0.000000,150.919220
5342,6932.386159,0.000000,39.000000,208.759889,0.000000,143.398329
5343,6932.386159,0.000000,39.000000,208.258496,0.000000,135.877437
5344,6932.386159,0.000000,39.000000,207.757103,0.000000,128.356546
5345,6932.386159,0.000000,39.000000,207.255710,0.000000,120.835655
5346,6932.386159,0.000000,39.000000,206.754318,0.000000,113.314763
5347,6932.386159,0.000000,39.000000,206.252925,0.000000,105.793872
5348,6932.386159,0.000000,39.000000,205.751532,0.000000,98.272981
5349,6932.386159,0.000000,39.000000,205.250139,0.000000,90.752089
5350,6932.386159,0.000000,39.000000,204.748747,0.000000,83.231198
5351,6932.386159,0.000000,39.000000,204.247354,0.000000,75.710306
5352,6932.386159,0.000000,39.000000,203.745961,0.000000,68.189415
5353,6932.386159,0.000000,39.000000,203.244568,0.000000,60.668524
5354,6932.386159,0.000000,39.000000,202.743175,0.000000,53.147632
5355,6932.386159,0.000000,39.000000,202.241783,0.000000,45.626741
5356,6932.386159,0.000000,39.000000,201.740390,0.000000,38.105850
5357,6932.386159,0.000000,39.000000,201.238997,0.000000,30.584958
5358,6932.386159,0.000000,39.000000,200.737604,0.000000,23.064067
5359,6932.386159,0.000000,39.000000,200.236212,0.000000,15.543175
5360,6932.386159,0.000000,39.000000,199.734819,0.000000,8.022284
5361,6932.386159,0.000000,39.000000,199.233426,0.000000,0.501393
5362,6932.386159,0.000000,39.000000,198.732033,0.000000,352.980501
5363,6932.386159,0.000000,39.000000,198.230641,0.000000,345.459610
5364,6932.386159,0.000000,39.000000,197.729248,0.000000,337.938719
5365,6932.386159,0.000000,39.000000,197.227855,0.000000,330.417827
5366,6932.386159,0.000000,39.000000,196.726462,0.000000,322.896936
5367,6932.386159,0.000000,39.000000,196.225070,0.000000,315.376045
5368,6932.386159,0.000000,39.000000,195.723677,0.000000,307.855153
5369,6932.386159,0.000000,39.000000,195.222284,0.000000,300.334262
5370,6932.386159,0.000000,39.000000,194.720891,0.000000,292.813370
5371,6932.386159,0.000000,39.000000,194.219499,0.000000,285.292479
5372,6932.386159,0.000000,39.000000,193.718106,0.000000,277.771588
5373,6932.386159,0.000000,39.000000,193.216713,0.000000,270.250696
5374,6932.386159,0.000000,39.000000,192.715320,0.000000,262.729805
5375,6932.386159,0.000000,39.000000,192.213928,0.000000,255.208914
5376,6932.386159,0.000000,39.000000,191.712535,0.000000,247.688022
5377,6932.386159,0.000000,39.000000,191.211142,0.000000,240.167131
5378,6932.386159,0.000000,39.000000,190.709749,0.000000,232.646240
5379,6932.386159,0.000000,39.000000,190.208357,0.000000,225.125348
5380,6932.386159,0.000000,39.000000,189.706964,0.000000,217.604457
5381,6932.386159,0.000000,39.000000,189.205571,0.000000,210.083565
5382,6932.386159,0.000000,39.000000,188.704178,0.000000,202.562674
5383,6932.386159,0.000000,39.000000,188.202786,0.000000,195.041783
5384,6932.386159,0.000000,39.000000,187.701393,0.000000,187.520891
5385,6932.386159,0.000000,39.000000,187.200000,0.000000,180.000000
5386,6932.386159,0.000000,39.000000,186.698607,0.000000,172.479109
5387,6932.386159,0.000000,39.000000,186.197214,0.000000,164.958217
5388,6932.386159,0.000000,39.000000,185.695822,0.000000,157.437326
5389,6932.386159,0.000000,39.000000,185.194429,0.000000,149.916435
5390,6932.386159,0.000000,39.000000,184.693036,0.000000,142.395543
5391,6932.386159,0.000000,39.000000,184.191643,0.000000,134.874652
5392,6932.386159,0.000000,39.000000,183.690251,0.000000,127.353760
5393,6932.386159,0.000000,39.000000,183.188858,0.000000,119.832869
5394,6932.386159,0.000000,39.000000,182.687465,0.000000,112.311978
5395,6932.386159,0.000000,39.000000,182.186072,0.000000,104.791086
5396,6932.386159,0.000000,39.000000,181.684680,0.000000,97.270195
5397,6932.386159,0.000000,39.000000,181.183287,0.000000,89.749304
5398,6932.386159,0.000000,39.000000,180.681894,0.000000,82.228412
5399,6932.386159,0.000000,39.000000,180.180501,0.000000,74.707521
5400,6932.386159,0.000000,39.000000,179.679109,0.000000,67.186630
5401,6932.386159,0.000000,39.000000,179.177716,0.000000,59.665738
5402,6932.386159,0.000000,39.000000,178.676323,0.000000,52.144847
5403,6932.386159,0.000000,39.000000,178.174930,0.000000,44.623955
5404,6932.386159,0.000000,39.000000,177.673538,0.000000,37.103064
5405,6932.386159,0.000000,39.000000,177.172145,0.000000,29.582173
5406,6932.386159,0.000000,39.000000,176.670752,0.000000,22.061281
5407,6932.386159,0.000000,39.000000,176.169359,0.000000,14.540390
5408,6932.386159,0.000000,39.000000,175.667967,0.000000,7.019499
5409,6932.386159,0.000000,39.000000,175.166574,0.000000,359.498607
5410,6932.386159,0.000000,39.000000,174.665181,0.000000,351.977716
5411,6932.386159,0.000000,39.000000,174.163788,0.000000,344.456825
5412,6932.386159,0.000000,39.000000,173.662396,0.000000,336.935933
5413,6932.386159,0.000000,39.000000,173.161003,0.000000,329.415042
5414,6932.386159,0.000000,39.000000,172.659610,0.000000,321.894150
5415,6932.386159,0.000000,39.000000,172.158217,0.000000,314.373259
5416,6932.386159,0.000000,39.000000,171.656825,0.000000,306.852368
5417,6932.386159,0.000000,39.000000,171.155432,0.000000,299.331476
5418,6932.386159,0.000000,39.000000,170.654039,0.000000,291.810585
5419,6932.386159,0.000000,39.000000,170.152646,0.000000,284.289694
5420,6932.386159,0.000000,39.000000,169.651253,0.000000,276.768802
5421,6932.386159,0.000000,39.000000,169.149861,0.000000,269.247911
5422,6932.386159,0.000000,39.000000,168.648468,0.000000,261.727019
5423,6932.386159,0.000000,39.000000,168.147075,0.000000,254.206128
5424,6932.386159,0.000000,39.000000,167.645682,0.000000,246.685237
5425,6932.386159,0.000000,39.000000,167.144290,0.000000,239.164345
5426,6932.386159,0.000000,39.000000,166.642897,0.000000,231.643454
5427,6932.386159,0.000000,39.000000,166.141504,0.000000,224.122563
5428,6932.386159,0.000000,39.000000,165.640111,0.000000,216.601671
5429,6932.386159,0.000000,39.000000,165.138719,0.000000,209.080780
5430,6932.386159,0.000000,39.000000,164.637326,0.000000,201.559889
5431,6932.386159,0.000000,39.000000,164.135933,0.000000,194.038997
5432,6932.386159,0.000000,39.000000,163.634540,0.000000,186.518106
5433,6932.386159,0.000000,39.000000,163.133148,0.000000,178.997214
5434,6932.386159,0.000000,39.000000,162.631755,0.000000,171.476323
5435,6932.386159,0.000000,39.000000,162.130362,0.000000,163.955432
5436,6932.386159,0.000000,39.000000,161.628969,0.000000,156.434540
5437,6932.386159,0.000000,39.000000,161.127577,0.000000,148.913649
5438,6932.386159,0.000000,39.000000,160.626184,0.000000,141.392758
5439,6932.386159,0.000000,39.000000,160.124791,0.000000,133.871866
5440,6932.386159,0.000000,39.000000,159.623398,0.000000,126.350975
5441,6932.386159,0.000000,39.000000,159.122006,0.000000,118.830084
5442,6932.386159,0.000000,39.000000,158.620613,0.000000,111.309192
5443,6932.386159,0.000000,39.000000,158.119220,0.000000,103.788301
5444,6932.386159,0.000000,39.000000,157.617827,0.000000,96.267409
5445,6932.386159,0.000000,39.000000,157.116435,0.000000,88.746518
5446,6932.386159,0.000000,39.000000,156.615042,0.000000,81.225627
5447,6932.386159,0.000000,39.000000,156.113649,0.000000,73.704735
5448,6932.386159,0.000000,39.000000,155.612256,0.000000,66.183844
5449,6932.386159,0.000000,39.000000,155.110864,0.000000,58.662953
5450,6932.386159,0.000000,39.000000,154.609471,0.000000,51.142061
5451,6932.386159,0.000000,39.000000,154.108078,0.000000,43.621170
5452,6932.386159,0.000000,39.000000,153.606685,0.000000,36.100279
5453,6932.386159,0.000000,39.000000,153.105292,0.000000,28.579387
5454,6932.386159,0.000000,39.000000,152.603900,0.000000,21.058496
5455,6932.386159,0.000000,39.000000,152.102507,0.000000,13.537604
5456,6932.386159,0.000000,39.000000,151.601114,0.000000,6.016713
5457,6932.386159,0.000000,39.000000,151.099721,0.000000,358.495822
5458,6932.386159,0.000000,39.000000,150.598329,0.000000,350.974930
5459,6932.386159,0.000000,39.000000,150.096936,0.000000,343.454039
5460,6932.386159,0.000000,39.000000,149.595543,0.000000,335.933148
5461,6932.386159,0.000000,39.000000,149.094150,0.000000,328.412256
5462,6932.386159,0.000000,39.000000,148.592758,0.000000,320.891365
5463,6932.386159,0.000000,39.000000,148.091365,0.000000,313.370474
5464,6932.386159,0.000000,39.000000,147.589972,0.000000,305.849582
5465,6932.386159,0.000000,39.000000,147.088579,0.000000,298.328691
5466,6932.386159,0.000000,39.000000,146.587187,0.000000,290.807799
5467,6932.386159,0.000000,39.000000,146.085794,0.000000,283.286908
5468,6932.386159,0.000000,39.000000,145.584401,0.000000,275.766017
5469,6932.386159,0.000000,39.000000,145.083008,0.000000,268.245125
5470,6932.386159,0.000000,39.000000,144.581616,0.000000,260.724234
5471,6932.386159,0.000000,39.000000,144.080223,0.000000,253.203343
5472,6932.386159,0.000000,39.000000,143.578830,0.000000,245.682451
5473,6932.386159,0.000000,39.000000,143.077437,0.000000,238.161560
5474,6932.386159,0.000000,39.000000,142.576045,0.000000,230.640669
5475,6932.386159,0.000000,39.000000,142.074652,0.000000,223.119777
5476,6932.386159,0.000000,39.000000,141.573259,0.000000,215.598886
5477,6932.386159,0.000000,39.000000,141.071866,0.000000,208.077994
5478,6932.386159,0.000000,39.000000,140.570474,0.000000,200.557103
5479,6932.386159,0.000000,39.000000,140.069081,0.000000,193.036212
5480,6932.386159,0.000000,39.000000,139.567688,0.000000,185.515320
5481,6932.386159,0.000000,39.000000,139.066295,0.000000,177.994429
5482,6932.386159,0.000000,39.000000,138.564903,0.000000,170.473538
5483,6932.386159,0.000000,39.000000,138.063510,0.000000,162.952646
5484,6932.386159,0.000000,39.000000,137.562117,0.000000,155.431755
5485,6932.386159,0.000000,39.000000,137.060724,0.000000,147.910864
5486,6932.386159,0.000000,39.000000,136.559331,0.000000,140.389972
5487,6932.386159,0.000000,39.000000,136.057939,0.000000,132.869081
5488,6932.386159,0.000000,39.000000,135.556546,0.000000,125.348189
5489,6932.386159,0.000000,39.000000,135.055153,0.000000,117.827298
5490,6932.386159,0.000000,39.000000,134.553760,0.000000,110.306407
5491,6932.386159,0.000000,39.000000,134.052368,0.000000,102.785515
5492,6932.386159,0.000000,39.000000,133.550975,0.000000,95.264624
5493,6932.386159,0.000000,39.000000,133.049582,0.000000,87.743733
5494,6932.386159,0.000000,39.000000,132.548189,0.000000,80.222841
5495,6932.386159,0.000000,39.000000,132.046797,0.000000,72.701950
5496,6932.386159,0.000000,39.000000,131.545404,0.000000,65.181058
5497,6932.386159,0.000000,39.000000,131.044011,0.000000,57.660167
5498,6932.386159,0.000000,39.000000,130.542618,0.000000,50.139276
5499,6932.386159,0.000000,39.000000,130.041226,0.000000,42.618384
5500,6932.386159,0.000000,39.000000,129.539833,0.000000,35.097493
5501,6932.386159,0.000000,39.000000,129.038440,0.000000,27.576602
5502,6932.386159,0.000000,39.000000,128.537047,0.000000,20.055710
5503,6932.386159,0.000000,39.000000,128.035655,0.000000,12.534819
5504,6932.386159,0.000000,39.000000,127.534262,0.000000,5.013928
5505,6932.386159,0.000000,39.000000,127.032869,0.000000,357.493036
5506,6932.386159,0.000000,39.000000,126.531476,0.000000,349.972145
5507,6932.386159,0.000000,39.000000,126.030084,0.000000,342.451253
5508,6932.386159,0.000000,39.000000,125.528691,0.000000,334.930362
5509,6932.386159,0.000000,39.000000,125.027298,0.000000,327.409471
5510,6932.386159,0.000000,39.000000,124.525905,0.000000,319.888579
5511,6932.386159,0.000000,39.000000,124.024513,0.000000,312.367688
5512,6932.386159,0.000000,39.000000,123.523120,0.000000,304.846797
5513,6932.386159,0.000000,39.000000,123.021727,0.000000,297.325905
5514,6932.386159,0.000000,39.000000,122.520334,0.000000,289.805014
5515,6932.386159,0.000000,39.000000,122.018942,0.000000,282.284123
5516,6932.386159,0.000000,39.000000,121.517549,0.000000,274.763231
5517,6932.386159,0.000000,39.000000,121.016156,0.000000,267.242340
5518,6932.386159,0.000000,39.000000,120.514763,0.000000,259.721448
5519,6932.386159,0.000000,39.000000,120.013370,0.000000,252.200557
5520,6932.386159,0.000000,39.000000,119.511978,0.000000,244.679666
5521,6932.386159,0.000000,39.000000,119.010585,0.000000,237.158774
5522,6932.386159,0.000000,39.000000,118.509192,0.000000,229.637883
5523,6932.386159,0.000000,39.000000,118.007799,0.000000,222.116992
5524,6932.386159,0.000000,39.000000,117.506407,0.000000,214.596100
5525,6932.386159,0.000000,39.000000,117.005014,0.000000,207.075209
5526,6932.386159,0.000000,39.000000,116.503621,0.000000,199.554318
5527,6932.386159,0.000000,39.000000,116.002228,0.000000,192.033426
5528,6932.386159,0.000000,39.000000,115.500836,0.000000,184.512535
5529,6932.386159,0.000000,39.000000,114.999443,0.000000,176.991643
5530,6932.386159,0.000000,39.000000,114.498050,0.000000,169.470752
5531,6932.386159,0.000000,39.000000,113.996657,0.000000,161.949861
5532,6932.386159,0.000000,39.000000,113.495265,0.000000,154.428969
5533,6932.386159,0.000000,39.000000,112.993872,0.000000,146.908078
5534,6932.386159,0.000000,39.000000,112.492479,0.000000,139.387187
5535,6932.386159,0.000000,39.000000,111.991086,0.000000,131.866295
5536,6932.386159,0.000000,39.000000,111.489694,0.000000,124.345404
5537,6932.386159,0.000000,39.000000,110.988301,0.000000,116.824513
5538,6932.386159,0.000000,39.000000,110.486908,0.000000,109.303621
5539,6932.386159,0.000000,39.000000,109.985515,0.000000,101.782730
5540,6932.386159,0.000000,39.000000,109.484123,0.000000,94.261838
5541,6932.386159,0.000000,39.000000,108.982730,0.000000,86.740947
5542,6932.386159,0.000000,39.000000,108.481337,0.000000,79.220056
5543,6932.386159,0.000000,39.000000,107.979944,0.000000,71.699164
5544,6932.386159,0.000000,39.000000,107.478552,0.000000,64.178273
5545,6932.386159,0.000000,39.000000,106.977159,0.000000,56.657382
5546,6932.386159,0.000000,39.000000,106.475766,0.000000,49.136490
5547,6932.386159,0.000000,39.000000,105.974373,0.000000,41.615599
5548,6932.386159,0.000000,39.000000,105.472981,0.000000,34.094708
5549,6932.386159,0.000000,39.000000,104.971588,0.000000,26.573816
5550,6932.386159,0.000000,39.000000,104.470195,0.000000,19.052925
5551,6932.386159,0.000000,39.000000,103.968802,0.000000,11.532033
5552,6932.386159,0.000000,39.000000,103.467409,0.000000,4.011142
5553,6932.386159,0.000000,39.000000,102.966017,0.000000,356.490251
5554,6932.386159,0.000000,39.000000,102.464624,0.000000,348.969359
5555,6932.386159,0.000000,39.000000,101.963231,0.000000,341.448468
5556,6932.386159,0.000000,39.000000,101.461838,0.000000,333.927577
5557,6932.386159,0.000000,39.000000,100.960446,0.000000,326.406685
5558,6932.386159,0.000000,39.000000,100.459053,0.000000,318.885794
5559,6932.386159,0.000000,39.000000,99.957660,0.000000,311.364903
5560,6932.386159,0.000000,39.000000,99.456267,0.000000,303.844011
5561,6932.386159,0.000000,39.000000,98.954875,0.000000,296.323120
5562,6932.386159,0.000000,39.000000,98.453482,0.000000,288.802228
5563,6932.386159,0.000000,39.000000,97.952089,0.000000,281.281337
5564,6932.386159,0.000000,39.000000,97.450696,0.000000,273.760446
5565,6932.386159,0.000000,39.000000,96.949304,0.000000,266.239554
5566,6932.386159,0.000000,39.000000,96.447911,0.000000,258.718663
5567,6932.386159,0.000000,39.000000,95.946518,0.000000,251.197772
5568,6932.386159,0.000000,39.000000,95.445125,0.000000,243.676880
5569,6932.386159,0.000000,39.000000,94.943733,0.000000,236.155989
5570,6932.386159,0.000000,39.000000,94.442340,0.000000,228.635097
5571,6932.386159,0.000000,39.000000,93.940947,0.000000,221.114206
5572,6932.386159,0.000000,39.000000,93.439554,0.000000,213.593315
5573,6932.386159,0.000000,39.000000,92.938162,0.000000,206.072423
5574,6932.386159,0.000000,39.000000,92.436769,0.000000,198.551532
5575,6932.386159,0.000000,39.000000,91.935376,0.000000,191.030641
5576,6932.386159,0.000000,39.000000,91.433983,0.000000,183.509749
5577,6932.386159,0.000000,39.000000,90.932591,0.000000,175.988858
5578,6932.386159,0.000000,39.000000,90.431198,0.000000,168.467967
5579,6932.386159,0.000000,39.000000,89.929805,0.000000,160.947075
5580,6932.386159,0.000000,39.000000,89.428412,0.000000,153.426184
5581,6932.386159,0.000000,39.000000,88.927019,0.000000,145.905292
5582,6932.386159,0.000000,39.000000,88.425627,0.000000,138.384401
5583,6932.386159,0.000000,39.000000,87.924234,0.000000,130.863510
5584,6932.386159,0.000000,39.000000,87.422841,0.000000,123.342618
5585,6932.386159,0.000000,39.000000,86.921448,0.000000,115.821727
5586,6932.386159,0.000000,39.000000,86.420056,0.000000,108.300836
5587,6932.386159,0.000000,39.000000,85.918663,0.000000,100.779944
5588,6932.386159,0.000000,39.000000,85.417270,0.000000,93.259053
5589,6932.386159,0.000000,39.000000,84.915877,0.000000,85.738162
5590,6932.386159,0.000000,39.000000,84.414485,0.000000,78.217270
5591,6932.386159,0.000000,39.000000,83.913092,0.000000,70.696379
5592,6932.386159,0.000000,39.000000,83.411699,0.000000,63.175487
5593,6932.386159,0.000000,39.000000,82.910306,0.000000,55.654596
5594,6932.386159,0.000000,39.000000,82.408914,0.000000,48.133705
5595,6932.386159,0.000000,39.000000,81.907521,0.000000,40.612813
5596,6932.386159,0.000000,39.000000,81.406128,0.000000,33.091922
5597,6932.386159,0.000000,39.000000,80.904735,0.000000,25.571031
5598,6932.386159,0.000000,39.000000,80.403343,0.000000,18.050139
5599,6932.386159,0.000000,39.000000,79.901950,0.000000,10.529248
5600,6932.386159,0.000000,39.000000,79.400557,0.000000,3.008357
5601,6932.386159,0.000000,39.000000,78.899164,0.000000,355.487465
5602,6932.386159,0.000000,39.000000,78.397772,0.000000,347.966574
5603,6932.386159,0.000000,39.000000,77.896379,0.000000,340.445682
5604,6932.386159,0.000000,39.000000,77.394986,0.000000,332.924791
5605,6932.386159,0.000000,39.000000,76.893593,0.000000,325.403900
5606,6932.386159,0.000000,39.000000,76.392201,0.000000,317.883008
5607,6932.386159,0.000000,39.000000,75.890808,0.000000,310.362117
5608,6932.386159,0.000000,39.000000,75.389415,0.000000,302.841226
5609,6932.386159,0.000000,39.000000,74.888022,0.000000,295.320334
5610,6932.386159,0.000000,39.000000,74.386630,0.000000,287.799443
5611,6932.386159,0.000000,39.000000,73.885237,0.000000,280.278552
5612,6932.386159,0.000000,39.000000,73.383844,0.000000,272.757660
5613,6932.386159,0.000000,39.000000,72.882451,0.000000,265.236769
5614,6932.386159,0.000000,39.000000,72.381058,0.000000,257.715877
5615,6932.386159,0.000000,39.000000,71.879666,0.000000,250.194986
5616,6932.386159,0.000000,39.000000,71.378273,0.000000,242.674095
5617,6932.386159,0.000000,39.000000,70.876880,0.000000,235.153203
5618,6932.386159,0.000000,39.000000,70.375487,0.000000,227.632312
5619,6932.386159,0.000000,39.000000,69.874095,0.000000,220.111421
5620,6932.386159,0.000000,39.000000,69.372702,0.000000,212.590529
5621,6932.386159,0.000000,39.000000,68.871309,0.000000,205.069638
5622,6932.386159,0.000000,39.000000,68.369916,0.000000,197.548747
5623,6932.386159,0.000000,39.000000,67.868524,0.000000,190.027855
5624,6932.386159,0.000000,39.000000,67.367131,0.000000,182.506964
5625,6932.386159,0.000000,39.000000,66.865738,0.000000,174.986072
5626,6932.386159,0.000000,39.000000,66.364345,0.000000,167.465181
5627,6932.386159,0.000000,39.000000,65.862953,0.000000,159.944290
5628,6932.386159,0.000000,39.000000,65.361560,0.000000,152.423398
5629,6932.386159,0.000000,39.000000,64.860167,0.000000,144.902507
5630,6932.386159,0.000000,39.000000,64.358774,0.000000,137.381616
5631,6932.386159,0.000000,39.000000,63.857382,0.000000,129.860724
5632,6932.386159,0.000000,39.000000,63.355989,0.000000,122.339833
5633,6932.386159,0.000000,39.000000,62.854596,0.000000,114.818942
5634,6932.386159,0.000000,39.000000,62.353203,0.000000,107.298050
5635,6932.386159,0.000000,39.000000,61.851811,0.000000,99.777159
5636,6932.386159,0.000000,39.000000,61.350418,0.000000,92.256267
5637,6932.386159,0.000000,39.000000,60.849025,0.000000,84.735376
5638,6932.386159,0.000000,39.000000,60.347632,0.000000,77.214485
5639,6932.386159,0.000000,39.000000,59.846240,0.000000,69.693593
5640,6932.386159,0.000000,39.000000,59.344847,0.000000,62.172702
5641,6932.386159,0.000000,39.000000,58.843454,0.000000,54.651811
5642,6932.386159,0.000000,39.000000,58.342061,0.000000,47.130919
5643,6932.386159,0.000000,39.000000,57.840669,0.000000,39.610028
5644,6932.386159,0.000000,39.000000,57.339276,0.000000,32.089136
5645,6932.386159,0.000000,39.000000,56.837883,0.000000,24.568245
5646,6932.386159,0.000000,39.000000,56.336490,0.000000,17.047354
5647,6932.386159,0.000000,39.000000,55.835097,0.000000,9.526462
5648,6932.386159,0.000000,39.000000,55.333705,0.000000,2.005571
5649,6932.386159,0.000000,39.000000,54.832312,0.000000,354.484680
5650,6932.386159,0.000000,39.000000,54.330919,0.000000,346.963788
5651,6932.386159,0.000000,39.000000,53.829526,0.000000,339.442897
5652,6932.386159,0.000000,39.000000,53.328134,0.000000,331.922006
5653,6932.386159,0.000000,39.000000,52.826741,0.000000,324.401114
5654,6932.386159,0.000000,39.000000,52.325348,0.000000,316.880223
5655,6932.386159,0.000000,39.000000,51.823955,0.000000,309.359331
5656,6932.386159,0.000000,39.000000,51.322563,0.000000,301.838440
5657,6932.386159,0.000000,39.000000,50.821170,0.000000,294.317549
5658,6932.386159,0.000000,39.000000,50.319777,0.000000,286.796657
5659,6932.386159,0.000000,39.000000,49.818384,0.000000,279.275766
5660,6932.386159,0.000000,39.000000,49.316992,0.000000,271.754875
5661,6932.386159,0.000000,39.000000,48.815599,0.000000,264.233983
5662,6932.386159,0.000000,39.000000,48.314206,0.000000,256.713092
5663,6932.386159,0.000000,39.000000,47.812813,0.000000,249.192201
5664,6932.386159,0.000000,39.000000,47.311421,0.000000,241.671309
5665,6932.386159,0.000000,39.000000,46.810028,0.000000,234.150418
5666,6932.386159,0.000000,39.000000,46.308635,0.000000,226.629526
5667,6932.386159,0.000000,39.000000,45.807242,0.000000,219.108635
5668,6932.386159,0.000000,39.000000,45.305850,0.000000,211.587744
5669,6932.386159,0.000000,39.000000,44.804457,0.000000,204.066852
5670,6932.386159,0.000000,39.000000,44.303064,0.000000,196.545961
5671,6932.386159,0.000000,39.000000,43.801671,0.000000,189.025070
5672,6932.386159,0.000000,39.000000,43.300279,0.000000,181.504178
5673,6932.386159,0.000000,39.000000,42.798886,0.000000,173.983287
5674,6932.386159,0.000000,39.000000,42.297493,0.000000,166.462396
5675,6932.386159,0.000000,39.000000,41.796100,0.000000,158.941504
5676,6932.386159,0.000000,39.000000,41.294708,0.000000,151.420613
5677,6932.386159,0.000000,39.000000,40.793315,0.000000,143.899721
5678,6932.386159,0.000000,39.000000,40.291922,0.000000,136.378830
5679,6932.386159,0.000000,39.000000,39.790529,0.000000,128.857939
5680,6932.386159,0.000000,39.000000,39.289136,0.000000,121.337047
5681,6932.386159,0.000000,39.000000,38.787744,0.000000,113.816156
5682,6932.386159,0.000000,39.000000,38.286351,0.000000,106.295265
5683,6932.386159,0.000000,39.000000,37.784958,0.000000,98.774373
5684,6932.386159,0.000000,39.000000,37.283565,0.000000,91.253482
5685,6932.386159,0.000000,39.000000,36.782173,0.000000,83.732591
5686,6932.386159,0.000000,39.000000,36.280780,0.000000,76.211699
5687,6932.386159,0.000000,39.000000,35.779387,0.000000,68.690808
5688,6932.386159,0.000000,39.000000,35.277994,0.000000,61.169916
5689,6932.386159,0.000000,39.000000,34.776602,0.000000,53.649025
5690,6932.386159,0.000000,39.000000,34.275209,0.000000,46.128134
5691,6932.386159,0.000000,39.000000,33.773816,0.000000,38.607242
5692,6932.386159,0.000000,39.000000,33.272423,0.000000,31.086351
5693,6932.386159,0.000000,39.000000,32.771031,0.000000,23.565460
5694,6932.386159,0.000000,39.000000,32.269638,0.000000,16.044568
5695,6932.386159,0.000000,39.000000,31.768245,0.000000,8.523677
5696,6932.386159,0.000000,39.000000,31.266852,0.000000,1.002786
5697,6932.386159,0.000000,39.000000,30.765460,0.000000,353.481894
5698,6932.386159,0.000000,39.000000,30.264067,0.000000,345.961003
5699,6932.386159,0.000000,39.000000,29.762674,0.000000,338.440111
5700,6932.386159,0.000000,39.000000,29.261281,0.000000,330.919220
5701,6932.386159,0.000000,39.000000,28.759889,0.000000,323.398329
5702,6932.386159,0.000000,39.000000,28.258496,0.000000,315.877437
5703,6932.386159,0.000000,39.000000,27.757103,0.000000,308.356546
5704,6932.386159,0.000000,39.000000,27.255710,0.000000,300.835655
5705,6932.386159,0.000000,39.000000,26.754318,0.000000,293.314763
5706,6932.386159,0.000000,39.000000,26.252925,0.000000,285.793872
5707,6932.386159,0.000000,39.000000,25.751532,0.000000,278.272981
5708,6932.386159,0.000000,39.000000,25.250139,0.000000,270.752089
5709,6932.386159,0.000000,39.000000,24.748747,0.000000,263.231198
5710,6932.386159,0.000000,39.000000,24.247354,0.000000,255.710306
5711,6932.386159,0.000000,39.000000,23.745961,0.000000,248.189415
5712,6932.386159,0.000000,39.000000,23.244568,0.000000,240.668524
5713,6932.386159,0.000000,39.000000,22.743175,0.000000,233.147632
5714,6932.386159,0.000000,39.000000,22.241783,0.000000,225.626741
5715,6932.386159,0.000000,39.000000,21.740390,0.000000,218.105850
5716,6932.386159,0.000000,39.000000,21.238997,0.000000,210.584958
5717,6932.386159,0.000000,39.000000,20.737604,0.000000,203.064067
5718,6932.386159,0.000000,39.000000,20.236212,0.000000,195.543175
5719,6932.386159,0.000000,39.000000,19.734819,0.000000,188.022284
5720,6932.386159,0.000000,39.000000,19.233426,0.000000,180.501393
5721,6932.386159,0.000000,39.000000,18.732033,0.000000,172.980501
5722,6932.386159,0.000000,39.000000,18.230641,0.000000,165.459610
5723,6932.386159,0.000000,39.000000,17.729248,0.000000,157.938719
5724,6932.386159,0.000000,39.000000,17.227855,0.000000,150.417827
5725,6932.386159,0.000000,39.000000,16.726462,0.000000,142.896936
5726,6932.386159,0.000000,39.000000,16.225070,0.000000,135.376045
5727,6932.386159,0.000000,39.000000,15.723677,0.000000,127.855153
5728,6932.386159,0.000000,39.000000,15.222284,0.000000,120.334262
5729,6932.386159,0.000000,39.000000,14.720891,0.000000,112.813370
5730,6932.386159,0.000000,39.000000,14.219499,0.000000,105.292479
5731,6932.386159,0.000000,39.000000,13.718106,0.000000,97.771588
5732,6932.386159,0.000000,39.000000,13.216713,0.000000,90.250696
5733,6932.386159,0.000000,39.000000,12.715320,0.000000,82.729805
5734,6932.386159,0.000000,39.000000,12.213928,0.000000,75.208914
5735,6932.386159,0.000000,39.000000,11.712535,0.000000,67.688022
5736,6932.386159,0.000000,39.000000,11.211142,0.000000,60.167131
5737,6932.386159,0.000000,39.000000,10.709749,0.000000,52.646240
5738,6932.386159,0.000000,39.000000,10.208357,0.000000,45.125348
5739,6932.386159,0.000000,39.000000,9.706964,0.000000,37.604457
5740,6932.386159,0.000000,39.000000,9.205571,0.000000,30.083565
5741,6932.386159,0.000000,39.000000,8.704178,0.000000,22.562674
5742,6932.386159,0.000000,39.000000,8.202786,0.000000,15.041783
5743,6932.386159,0.000000,39.000000,7.701393,0.000000,7.520891
6462,6932.386159,0.000000,47.000000,2.400000,0.000000,0.000000
6463,6932.386159,0.000000,47.000000,1.898607,0.000000,352.479109
6464,6932.386159,0.000000,47.000000,1.397214,0.000000,344.958217
6465,6932.386159,0.000000,47.000000,0.895822,0.000000,337.437326
6466,6932.386159,0.000000,47.000000,0.394429,0.000000,329.916435
6467,6932.386159,0.000000,47.000000,359.893036,0.000000,322.395543
6468,6932.386159,0.000000,47.000000,359.391643,0.000000,314.874652
6469,6932.386159,0.000000,47.000000,358.890251,0.000000,307.353760
6470,6932.386159,0.000000,47.000000,358.388858,0.000000,299.832869
6471,6932.386159,0.000000,47.000000,357.887465,0.000000,292.311978
6472,6932.386159,0.000000,47.000000,357.386072,0.000000,284.791086
6473,6932.386159,0.000000,47.000000,356.884680,0.000000,277.270195
6474,6932.386159,0.000000,47.000000,356.383287,0.000000,269.749304
6475,6932.386159,0.000000,47.000000,355.881894,0.000000,262.228412
6476,6932.386159,0.000000,47.000000,355.380501,0.000000,254.707521
6477,6932.386159,0.000000,47.000000,354.879109,0.000000,247.186630
6478,6932.386159,0.000000,47.000000,354.377716,0.000000,239.665738
6479,6932.386159,0.000000,47.000000,353.876323,0.000000,232.144847
6480,6932.386159,0.000000,47.000000,353.374930,0.000000,224.623955
6481,6932.386159,0.000000,47.000000,352.873538,0.000000,217.103064
6482,6932.386159,0.000000,47.000000,352.372145,0.000000,209.582173
6483,6932.386159,0.000000,47.000000,351.870752,0.000000,202.061281
6484,6932.386159,0.000000,47.000000,351.369359,0.000000,194.540390
6485,6932.386159,0.000000,47.000000,350.867967,0.000000,187.019499
6486,6932.386159,0.000000,47.000000,350.366574,0.000000,179.498607
6487,6932.386159,0.000000,47.000000,349.865181,0.000000,171.977716
6488,6932.386159,0.000000,47.000000,349.363788,0.000000,164.456825
6489,6932.386159,0.000000,47.000000,348.862396,0.000000,156.935933
6490,6932.386159,0.000000,47.000000,348.361003,0.000000,149.415042
6491,6932.386159,0.000000,47.000000,347.859610,0.000000,141.894150
6492,6932.386159,0.000000,47.000000,347.358217,0.000000,134.373259
6493,6932.386159,0.000000,47.000000,346.856825,0.000000,126.852368
6494,6932.386159,0.000000,47.000000,346.355432,0.000000,119.331476
6495,6932.386159,0.000000,47.000000,345.854039,0.000000,111.810585
6496,6932.386159,0.000000,47.000000,345.352646,0.000000,104.289694
6497,6932.386159,0.000000,47.000000,344.851253,0.000000,96.768802
6498,6932.386159,0.000000,47.000000,344.349861,0.000000,89.247911
6499,6932.386159,0.000000,47.000000,343.848468,0.000000,81.727019
6500,6932.386159,0.000000,47.000000,343.347075,0.000000,74.206128
6501,6932.386159,0.000000,47.000000,342.845682,0.000000,66.685237
6502,6932.386159,0.000000,47.000000,342.344290,0.000000,59.164345
6503,6932.386159,0.000000,47.000000,341.842897,0.000000,51.643454
6504,6932.386159,0.000000,47.000000,341.341504,0.000000,44.122563
6505,6932.386159,0.000000,47.000000,340.840111,0.000000,36.601671
6506,6932.386159,0.000000,47.000000,340.338719,0.000000,29.080780
6507,6932.386159,0.000000,47.000000,339.837326,0.000000,21.559889
6508,6932.386159,0.000000,47.000000,339.335933,0.000000,14.038997
6509,6932.386159,0.000000,47.000000,338.834540,0.000000,6.518106
6510,6932.386159,0.000000,47.000000,338.333148,0.000000,358.997214
6511,6932.386159,0.000000,47.000000,337.831755,0.000000,351.476323
6512,6932.386159,0.000000,47.000000,337.330362,0.000000,343.955432
6513,6932.386159,0.000000,47.000000,336.828969,0.000000,336.434540
6514,6932.386159,0.000000,47.000000,336.327577,0.000000,328.913649
6515,6932.386159,0.000000,47.000000,335.826184,0.000000,321.392758
6516,6932.386159,0.000000,47.000000,335.324791,0.000000,313.871866
6517,6932.386159,0.000000,47.000000,334.823398,0.000000,306.350975
6518,6932.386159,0.000000,47.000000,334.322006,0.000000,298.830084
6519,6932.386159,0.000000,47.000000,333.820613,0.000000,291.309192
6520,6932.386159,0.000000,47.000000,333.319220,0.000000,283.788301
6521,6932.386159,0.000000,47.000000,332.817827,0.000000,276.267409
6522,6932.386159,0.000000,47.000000,332.316435,0.000000,268.746518
6523,6932.386159,0.000000,47.000000,331.815042,0.000000,261.225627
6524,6932.386159,0.000000,47.000000,331.313649,0.000000,253.704735
6525,6932.386159,0.000000,47.000000,330.812256,0.000000,246.183844
6526,6932.386159,0.000000,47.000000,330.310864,0.000000,238.662953
6527,6932.386159,0.000000,47.000000,329.809471,0.000000,231.142061
6528,6932.386159,0.000000,47.000000,329.308078,0.000000,223.621170
6529,6932.386159,0.000000,47.000000,328.806685,0.000000,216.100279
6530,6932.386159,0.000000,47.000000,328.305292,0.000000,208.579387
6531,6932.386159,0.000000,47.000000,327.803900,0.000000,201.058496
6532,6932.386159,0.000000,47.000000,327.302507,0.000000,193.537604
6533,6932.386159,0.000000,47.000000,326.801114,0.000000,186.016713
6534,6932.386159,0.000000,47.000000,326.299721,0.000000,178.495822
6535,6932.386159,0.000000,47.000000,325.798329,0.000000,170.974930
6536,6932.386159,0.000000,47.000000,325.296936,0.000000,163.454039
6537,6932.386159,0.000000,47.000000,324.795543,0.000000,155.933148
6538,6932.386159,0.000000,47.000000,324.294150,0.000000,148.412256
6539,6932.386159,0.000000,47.000000,323.792758,0.000000,140.891365
6540,6932.386159,0.000000,47.000000,323.291365,0.000000,133.370474
6541,6932.386159,0.000000,47.000000,322.789972,0.000000,125.849582
6542,6932.386159,0.000000,47.000000,322.288579,0.000000,118.328691
6543,6932.386159,0.000000,47.000000,321.787187,0.000000,110.807799
6544,6932.386159,0.000000,47.000000,321.285794,0.000000,103.286908
6545,6932.386159,0.000000,47.000000,320.784401,0.000000,95.766017
6546,6932.386159,0.000000,47.000000,320.283008,0.000000,88.245125
6547,6932.386159,0.000000,47.000000,319.781616,0.000000,80.724234
6548,6932.386159,0.000000,47.000000,319.280223,0.000000,73.203343
6549,6932.386159,0.000000,47.000000,318.778830,0.000000,65.682451
6550,6932.386159,0.000000,47.000000,318.277437,0.000000,58.161560
6551,6932.386159,0.000000,47.000000,317.776045,0.000000,50.640669
6552,6932.386159,0.000000,47.000000,317.274652,0.000000,43.119777
6553,6932.386159,0.000000,47.000000,316.773259,0.000000,35.598886
6554,6932.386159,0.000000,47.000000,316.271866,0.000000,28.077994
6555,6932.386159,0.000000,47.000000,315.770474,0.000000,20.557103
6556,6932.386159,0.000000,47.000000,315.269081,0.000000,13.036212
6557,6932.386159,0.000000,47.000000,314.767688,0.000000,5.515320
6558,6932.386159,0.000000,47.000000,314.266295,0.000000,357.994429
6559,6932.386159,0.000000,47.000000,313.764903,0.000000,350.473538
6560,6932.386159,0.000000,47.000000,313.263510,0.000000,342.952646
6561,6932.386159,0.000000,47.000000,312.762117,0.000000,335.431755
6562,6932.386159,0.000000,47.000000,312.260724,0.000000,327.910864
6563,6932.386159,0.000000,47.000000,311.759331,0.000000,320.389972
6564,6932.386159,0.000000,47.000000,311.257939,0.000000,312.869081
6565,6932.386159,0.000000,47.000000,310.756546,0.000000,305.348189
6566,6932.386159,0.000000,47.000000,310.255153,0.000000,297.827298
6567,6932.386159,0.000000,47.000000,309.753760,0.000000,290.306407
6568,6932.386159,0.000000,47.000000,309.252368,0.000000,282.785515
6569,6932.386159,0.000000,47.000000,308.750975,0.000000,275.264624
6570,6932.386159,0.000000,47.000000,308.249582,0.000000,267.743733
6571,6932.386159,0.000000,47.000000,307.748189,0.000000,260.222841
6572,6932.386159,0.000000,47.000000,307.246797,0.000000,252.701950
6573,6932.386159,0.000000,47.000000,306.745404,0.000000,245.181058
6574,6932.386159,0.000000,47.000000,306.244011,0.000000,237.660167
6575,6932.386159,0.000000,47.000000,305.742618,0.000000,230.139276
6576,6932.386159,0.000000,47.000000,305.241226,0.000000,222.618384
6577,6932.386159,0.000000,47.000000,304.739833,0.000000,215.097493
6578,6932.386159,0.000000,47.000000,304.238440,0.000000,207.576602
6579,6932.386159,0.000000,47.000000,303.737047,0.000000,200.055710
6580,6932.386159,0.000000,47.000000,303.235655,0.000000,192.534819
6581,6932.386159,0.000000,47.000000,302.734262,0.000000,185.013928
6582,6932.386159,0.000000,47.000000,302.232869,0.000000,177.493036
6583,6932.386159,0.000000,47.000000,301.731476,0.000000,169.972145
6584,6932.386159,0.000000,47.000000,301.230084,0.000000,162.451253
6585,6932.386159,0.000000,47.000000,300.728691,0.000000,154.930362
6586,6932.386159,0.000000,47.000000,300.227298,0.000000,147.409471
6587,6932.386159,0.000000,47.000000,299.725905,0.000000,139.888579
6588,6932.386159,0.000000,47.000000,299.224513,0.000000,132.367688
6589,6932.386159,0.000000,47.000000,298.723120,0.000000,124.846797
6590,6932.386159,0.000000,47.000000,298.221727,0.000000,117.325905
6591,6932.386159,0.000000,47.000000,297.720334,0.000000,109.805014
6592,6932.386159,0.000000,47.000000,297.218942,0.000000,102.284123
6593,6932.386159,0.000000,47.000000,296.717549,0.000000,94.763231
6594,6932.386159,0.000000,47.000000,296.216156,0.000000,87.242340
6595,6932.386159,0.000000,47.000000,295.714763,0.000000,79.721448
6596,6932.386159,0.000000,47.000000,295.213370,0.000000,72.200557
6597,6932.386159,0.000000,47.000000,294.711978,0.000000,64.679666
6598,6932.386159,0.000000,47.000000,294.210585,0.000000,57.158774
6599,6932.386159,0.000000,47.000000,293.709192,0.000000,49.637883
6600,6932.386159,0.000000,47.000000,293.207799,0.000000,42.116992
6601,6932.386159,0.000000,47.000000,292.706407,0.000000,34.596100
6602,6932.386159,0.000000,47.000000,292.205014,0.000000,27.075209
6603,6932.386159,0.000000,47.000000,291.703621,0.000000,19.554318
6604,6932.386159,0.000000,47.000000,291.202228,0.000000,12.033426
6605,6932.386159,0.000000,47.000000,290.700836,0.000000,4.512535
6606,6932.386159,0.000000,47.000000,290.199443,0.000000,356.991643
6607,6932.386159,0.000000,47.000000,289.698050,0.000000,349.470752
6608,6932.386159,0.000000,47.000000,289.196657,0.000000,341.949861
6609,6932.386159,0.000000,47.000000,288.695265,0.000000,334.428969
6610,6932.386159,0.000000,47.000000,288.193872,0.000000,326.908078
6611,6932.386159,0.000000,47.000000,287.692479,0.000000,319.387187
6612,6932.386159,0.000000,47.000000,287.191086,0.000000,311.866295
6613,6932.386159,0.000000,47.000000,286.689694,0.000000,304.345404
6614,6932.386159,0.000000,47.000000,286.188301,0.000000,296.824513
6615,6932.386159,0.000000,47.000000,285.686908,0.000000,289.303621
6616,6932.386159,0.000000,47.000000,285.185515,0.000000,281.782730
6617,6932.386159,0.000000,47.000000,284.684123,0.000000,274.261838
6618,6932.386159,0.000000,47.000000,284.182730,0.000000,266.740947
6619,6932.386159,0.000000,47.000000,283.681337,0.000000,259.220056
6620,6932.386159,0.000000,47.000000,283.179944,0.000000,251.699164
6621,6932.386159,0.000000,47.000000,282.678552,0.000000,244.178273
6622,6932.386159,0.000000,47.000000,282.177159,0.000000,236.657382
6623,6932.386159,0.000000,47.000000,281.675766,0.000000,229.136490
6624,6932.386159,0.000000,47.000000,281.174373,0.000000,221.615599
6625,6932.386159,0.000000,47.000000,280.672981,0.000000,214.094708
6626,6932.386159,0.000000,47.000000,280.171588,0.000000,206.573816
6627,6932.386159,0.000000,47.000000,279.670195,0.000000,199.052925
6628,6932.386159,0.000000,47.000000,279.168802,0.000000,191.532033
6629,6932.386159,0.000000,47.000000,278.667409,0.000000,184.011142
6630,6932.386159,0.000000,47.000000,278.166017,0.000000,176.490251
6631,6932.386159,0.000000,47.000000,277.664624,0.000000,168.969359
6632,6932.386159,0.000000,47.000000,277.163231,0.000000,161.448468
6633,6932.386159,0.000000,47.000000,276.661838,0.000000,153.927577
6634,6932.386159,0.000000,47.000000,276.160446,0.000000,146.406685
6635,6932.386159,0.000000,47.000000,275.659053,0.000000,138.885794
6636,6932.386159,0.000000,47.000000,275.157660,0.000000,131.364903
6637,6932.386159,0.000000,47.000000,274.656267,0.000000,123.844011
6638,6932.386159,0.000000,47.000000,274.154875,0.000000,116.323120
6639,6932.386159,0.000000,47.000000,273.653482,0.000000,108.802228
6640,6932.386159,0.000000,47.000000,273.152089,0.000000,101.281337
6641,6932.386159,0.000000,47.000000,272.650696,0.000000,93.760446
6642,6932.386159,0.000000,47.000000,272.149304,0.000000,86.239554
6643,6932.386159,0.000000,47.000000,271.647911,0.000000,78.718663
6644,6932.386159,0.000000,47.000000,271.146518,0.000000,71.197772
6645,6932.386159,0.000000,47.000000,270.645125,0.000000,63.676880
6646,6932.386159,0.000000,47.000000,270.143733,0.000000,56.155989
6647,6932.386159,0.000000,47.000000,269.642340,0.000000,48.635097
6648,6932.386159,0.000000,47.000000,269.140947,0.000000,41.114206
6649,6932.386159,0.000000,47.000000,268.639554,0.000000,33.593315
6650,6932.386159,0.000000,47.000000,268.138162,0.000000,26.072423
6651,6932.386159,0.000000,47.000000,267.636769,0.000000,18.551532
6652,6932.386159,0.000000,47.000000,267.135376,0.000000,11.030641
6653,6932.386159,0.000000,47.000000,266.633983,0.000000,3.509749
6654,6932.386159,0.000000,47.000000,266.132591,0.000000,355.988858
6655,6932.386159,0.000000,47.000000,265.631198,0.000000,348.467967
6656,6932.386159,0.000000,47.000000,265.129805,0.000000,340.947075
6657,6932.386159,0.000000,47.000000,264.628412,0.000000,333.426184
6658,6932.386159,0.000000,47.000000,264.127019,0.000000,325.905292
6659,6932.386159,0.000000,47.000000,263.625627,0.000000,318.384401
6660,6932.386159,0.000000,47.000000,263.124234,0.000000,310.863510
6661,6932.386159,0.000000,47.000000,262.622841,0.000000,303.342618
6662,6932.386159,0.000000,47.000000,262.121448,0.000000,295.821727
6663,6932.386159,0.000000,47.000000,261.620056,0.000000,288.300836
6664,6932.386159,0.000000,47.000000,261.118663,0.000000,280.779944
6665,6932.386159,0.000000,47.000000,260.617270,0.000000,273.259053
6666,6932.386159,0.000000,47.000000,260.115877,0.000000,265.738162
6667,6932.386159,0.000000,47.000000,259.614485,0.000000,258.217270
6668,6932.386159,0.000000,47.000000,259.113092,0.000000,250.696379
6669,6932.386159,0.000000,47.000000,258.611699,0.000000,243.175487
6670,6932.386159,0.000000,47.000000,258.110306,0.000000,235.654596
6671,6932.386159,0.000000,47.000000,257.608914,0.000000,228.133705
6672,6932.386159,0.000000,47.000000,257.107521,0.000000,220.612813
6673,6932.386159,0.000000,47.000000,256.606128,0.000000,213.091922
6674,6932.386159,0.000000,47.000000,256.104735,0.000000,205.571031
6675,6932.386159,0.000000,47.000000,255.603343,0.000000,198.050139
6676,6932.386159,0.000000,47.000000,255.101950,0.000000,190.529248
6677,6932.386159,0.000000,47.000000,254.600557,0.000000,183.008357
6678,6932.386159,0.000000,47.000000,254.099164,0.000000,175.487465
6679,6932.386159,0.000000,47.000000,253.597772,0.000000,167.966574
6680,6932.386159,0.000000,47.000000,253.096379,0.000000,160.445682
6681,6932.386159,0.000000,47.000000,252.594986,0.000000,152.924791
6682,6932.386159,0.000000,47.000000,252.093593,0.000000,145.403900
6683,6932.386159,0.000000,47.000000,251.592201,0.000000,137.883008
6684,6932.386159,0.000000,47.000000,251.090808,0.000000,130.362117
6685,6932.386159,0.000000,47.000000,250.589415,0.000000,122.841226
6686,6932.386159,0.000000,47.000000,250.088022,0.000000,115.320334
6687,6932.386159,0.000000,47.000000,249.586630,0.000000,107.799443
6688,6932.386159,0.000000,47.000000,249.085237,0.000000,100.278552
6689,6932.386159,0.000000,47.000000,248.583844,0.000000,92.757660
6690,6932.386159,0.000000,47.000000,248.082451,0.000000,85.236769
6691,6932.386159,0.000000,47.000000,247.581058,0.000000,77.715877
6692,6932.386159,0.000000,47.000000,247.079666,0.000000,70.194986
6693,6932.386159,0.000000,47.000000,246.578273,0.000000,62.674095
6694,6932.386159,0.000000,47.000000,246.076880,0.000000,55.153203
6695,6932.386159,0.000000,47.000000,245.575487,0.000000,47.632312
6696,6932.386159,0.000000,47.000000,245.074095,0.000000,40.111421
6697,6932.386159,0.000000,47.000000,244.572702,0.000000,32.590529
6698,6932.386159,0.000000,47.000000,244.071309,0.000000,25.069638
6699,6932.386159,0.000000,47.000000,243.569916,0.000000,17.548747
6700,6932.386159,0.000000,47.000000,243.068524,0.000000,10.027855
6701,6932.386159,0.000000,47.000000,242.567131,0.000000,2.506964
6702,6932.386159,0.000000,47.000000,242.065738,0.000000,354.986072
6703,6932.386159,0.000000,47.000000,241.564345,0.000000,347.465181
6704,6932.386159,0.000000,47.000000,241.062953,0.000000,339.944290
6705,6932.386159,0.000000,47.000000,240.561560,0.000000,332.423398
6706,6932.386159,0.000000,47.000000,240.060167,0.000000,324.902507
6707,6932.386159,0.000000,47.000000,239.558774,0.000000,317.381616
6708,6932.386159,0.000000,47.000000,239.057382,0.000000,309.860724
6709,6932.386159,0.000000,47.000000,238.555989,0.000000,302.339833
6710,6932.386159,0.000000,47.000000,238.054596,0.000000,294.818942
6711,6932.386159,0.000000,47.000000,237.553203,0.000000,287.298050
6712,6932.386159,0.000000,47.000000,237.051811,0.000000,279.777159
6713,6932.386159,0.000000,47.000000,236.550418,0.000000,272.256267
6714,6932.386159,0.000000,47.000000,236.049025,0.000000,264.735376
6715,6932.386159,0.000000,47.000000,235.547632,0.000000,257.214485
6716,6932.386159,0.000000,47.000000,235.046240,0.000000,249.693593
6717,6932.386159,0.000000,47.000000,234.544847,0.000000,242.172702
6718,6932.386159,0.000000,47.000000,234.043454,0.000000,234.651811
6719,6932.386159,0.000000,47.000000,233.542061,0.000000,227.130919
6720,6932.386159,0.000000,47.000000,233.040669,0.000000,219.610028
6721,6932.386159,0.000000,47.000000,232.539276,0.000000,212.089136
6722,6932.386159,0.000000,47.000000,232.037883,0.000000,204.568245
6723,6932.386159,0.000000,47.000000,231.536490,0.000000,197.047354
6724,6932.386159,0.000000,47.000000,231.035097,0.000000,189.526462
6725,6932.386159,0.000000,47.000000,230.533705,0.000000,182.005571
6726,6932.386159,0.000000,47.000000,230.032312,0.000000,174.484680
6727,6932.386159,0.000000,47.000000,229.530919,0.000000,166.963788
6728,6932.386159,0.000000,47.000000,229.029526,0.000000,159.442897
6729,6932.386159,0.000000,47.000000,228.528134,0.000000,151.922006
6730,6932.386159,0.000000,47.000000,228.026741,0.000000,144.401114
6731,6932.386159,0.000000,47.000000,227.525348,0.000000,136.880223
6732,6932.386159,0.000000,47.000000,227.023955,0.000000,129.359331
6733,6932.386159,0.000000,47.000000,226.522563,0.000000,121.838440
6734,6932.386159,0.000000,47.000000,226.021170,0.000000,114.317549
6735,6932.386159,0.000000,47.000000,225.519777,0.000000,106.796657
6736,6932.386159,0.000000,47.000000,225.018384,0.000000,99.275766
6737,6932.386159,0.000000,47.000000,224.516992,0.000000,91.754875
6738,6932.386159,0.000000,47.000000,224.015599,0.000000,84.233983
6739,6932.386159,0.000000,47.000000,223.514206,0.000000,76.713092
6740,6932.386159,0.000000,47.000000,223.012813,0.000000,69.192201
6741,6932.386159,0.000000,47.000000,222.511421,0.000000,61.671309
6742,6932.386159,0.000000,47.000000,222.010028,0.000000,54.150418
6743,6932.386159,0.000000,47.000000,221.508635,0.000000,46.629526
6744,6932.386159,0.000000,47.000000,221.007242,0.000000,39.108635
6745,6932.386159,0.000000,47.000000,220.505850,0.000000,31.587744
6746,6932.386159,0.000000,47.000000,220.004457,0.000000,24.066852
6747,6932.386159,0.000000,47.000000,219.503064,0.000000,16.545961
6748,6932.386159,0.000000,47.000000,219.001671,0.000000,9.025070
6749,6932.386159,0.000000,47.000000,218.500279,0.000000,1.504178
6750,6932.386159,0.000000,47.000000,217.998886,0.000000,353.983287
6751,6932.386159,0.000000,47.000000,217.497493,0.000000,346.462396
6752,6932.386159,0.000000,47.000000,216.996100,0.000000,338.941504
6753,6932.386159,0.000000,47.000000,216.494708,0.000000,331.420613
6754,6932.386159,0.000000,47.000000,215.993315,0.000000,323.899721
6755,6932.386159,0.000000,47.000000,215.491922,0.000000,316.378830
6756,6932.386159,0.000000,47.000000,214.990529,0.000000,308.857939
6757,6932.386159,0.000000,47.000000,214.489136,0.000000,301.337047
6758,6932.386159,0.000000,47.000000,213.987744,0.000000,293.816156
6759,6932.386159,0.000000,47.000000,213.486351,0.000000,286.295265
6760,6932.386159,0.000000,47.000000,212.984958,0.000000,278.774373
6761,6932.386159,0.000000,47.000000,212.483565,0.000000,271.253482
6762,6932.386159,0.000000,47.000000,211.982173,0.000000,263.732591
6763,6932.386159,0.000000,47.000000,211.480780,0.000000,256.211699
6764,6932.386159,0.000000,47.000000,210.979387,0.000000,248.690808
6765,6932.386159,0.000000,47.000000,210.477994,0.000000,241.169916
6766,6932.386159,0.000000,47.000000,209.976602,0.000000,233.649025
6767,6932.386159,0.000000,47.000000,209.475209,0.000000,226.128134
6768,6932.386159,0.000000,47.000000,208.973816,0.000000,218.607242
6769,6932.386159,0.000000,47.000000,208.472423,0.000000,211.086351
6770,6932.386159,0.000000,47.000000,207.971031,0.000000,203.565460
6771,6932.386159,0.000000,47.000000,207.469638,0.000000,196.044568
6772,6932.386159,0.000000,47.000000,206.968245,0.000000,188.523677
6773,6932.386159,0.000000,47.000000,206.466852,0.000000,181.002786
6774,6932.386159,0.000000,47.000000,205.965460,0.000000,173.481894
6775,6932.386159,0.000000,47.000000,205.464067,0.000000,165.961003
6776,6932.386159,0.000000,47.000000,204.962674,0.000000,158.440111
6777,6932.386159,0.000000,47.000000,204.461281,0.000000,150.919220
6778,6932.386159,0.000000,47.000000,203.959889,0.000000,143.398329
6779,6932.386159,0.000000,47.000000,203.458496,0.000000,135.877437
6780,6932.386159,0.000000,47.000000,202.957103,0.000000,128.356546
6781,6932.386159,0.000000,47.000000,202.455710,0.000000,120.835655
6782,6932.386159,0.000000,47.000000,201.954318,0.000000,113.314763
6783,6932.386159,0.000000,47.000000,201.452925,0.000000,105.793872
6784,6932.386159,0.000000,47.000000,200.951532,0.000000,98.272981
6785,6932.386159,0.000000,47.000000,200.450139,0.000000,90.752089
6786,6932.386159,0.000000,47.000000,199.948747,0.000000,83.231198
6787,6932.386159,0.000000,47.000000,199.447354,0.000000,75.710306
6788,6932.386159,0.000000,47.000000,198.945961,0.000000,68.189415
6789,6932.386159,0.000000,47.000000,198.444568,0.000000,60.668524
6790,6932.386159,0.000000,47.000000,197.943175,0.000000,53.147632
6791,6932.386159,0.000000,47.000000,197.441783,0.000000,45.626741
6792,6932.386159,0.000000,47.000000,196.940390,0.000000,38.105850
6793,6932.386159,0.000000,47.000000,196.438997,0.000000,30.584958
6794,6932.386159,0.000000,47.000000,195.937604,0.000000,23.064067
6795,6932.386159,0.000000,47.000000,195.436212,0.000000,15.543175
6796,6932.386159,0.000000,47.000000,194.934819,0.000000,8.022284
6797,6932.386159,0.000000,47.000000,194.433426,0.000000,0.501393
6798,6932.386159,0.000000,47.000000,193.932033,0.000000,352.980501
6799,6932.386159,0.000000,47.000000,193.430641,0.000000,345.459610
6800,6932.386159,0.000000,47.000000,192.929248,0.000000,337.938719
6801,6932.386159,0.000000,47.000000,192.427855,0.000000,330.417827
6802,6932.386159,0.000000,47.000000,191.926462,0.000000,322.896936
6803,6932.386159,0.000000,47.000000,191.425070,0.000000,315.376045
6804,6932.386159,0.000000,47.000000,190.923677,0.000000,307.855153
6805,6932.386159,0.000000,47.000000,190.422284,0.000000,300.334262
6806,6932.386159,0.000000,47.000000,189.920891,0.000000,292.813370
6807,6932.386159,0.000000,47.000000,189.419499,0.000000,285.292479
6808,6932.386159,0.000000,47.000000,188.918106,0.000000,277.771588
6809,6932.386159,0.000000,47.000000,188.416713,0.000000,270.250696
6810,6932.386159,0.000000,47.000000,187.915320,0.000000,262.729805
6811,6932.386159,0.000000,47.000000,187.413928,0.000000,255.208914
6812,6932.386159,0.000000,47.000000,186.912535,0.000000,247.688022
6813,6932.386159,0.000000,47.000000,186.411142,0.000000,240.167131
6814,6932.386159,0.000000,47.000000,185.909749,0.000000,232.646240
6815,6932.386159,0.000000,47.000000,185.408357,0.000000,225.125348
6816,6932.386159,0.000000,47.000000,184.906964,0.000000,217.604457
6817,6932.386159,0.000000,47.000000,184.405571,0.000000,210.083565
6818,6932.386159,0.000000,47.000000,183.904178,0.000000,202.562674
6819,6932.386159,0.000000,47.000000,183.402786,0.000000,195.041783
6820,6932.386159,0.000000,47.000000,182.901393,0.000000,187.520891
6821,6932.386159,0.000000,47.000000,182.400000,0.000000,180.000000
6822,6932.386159,0.000000,47.000000,181.898607,0.000000,172.479109
6823,6932.386159,0.000000,47.000000,181.397214,0.000000,164.958217
6824,6932.386159,0.000000,47.000000,180.895822,0.000000,157.437326
6825,6932.386159,0.000000,47.000000,180.394429,0.000000,149.916435
6826,6932.386159,0.000000,47.000000,179.893036,0.000000,142.395543
6827,6932.386159,0.000000,47.000000,179.391643,0.000000,134.874652
6828,6932.386159,0.000000,47.000000,178.890251,0.000000,127.353760
6829,6932.386159,0.000000,47.000000,178.388858,0.000000,119.832869
6830,6932.386159,0.000000,47.000000,177.887465,0.000000,112.311978
6831,6932.386159,0.000000,47.000000,177.386072,0.000000,104.791086
6832,6932.386159,0.000000,47.000000,176.884680,0.000000,97.270195
6833,6932.386159,0.000000,47.000000,176.383287,0.000000,89.749304
6834,6932.386159,0.000000,47.000000,175.881894,0.000000,82.228412
6835,6932.386159,0.000000,47.000000,175.380501,0.000000,74.707521
6836,6932.386159,0.000000,47.000000,174.879109,0.000000,67.186630
6837,6932.386159,0.000000,47.000000,174.377716,0.000000,59.665738
6838,6932.386159,0.000000,47.000000,173.876323,0.000000,52.144847
6839,6932.386159,0.000000,47.000000,173.374930,0.000000,44.623955
6840,6932.386159,0.000000,47.000000,172.873538,0.000000,37.103064
6841,6932.386159,0.000000,47.000000,172.372145,0.000000,29.582173
6842,6932.386159,0.000000,47.000000,171.870752,0.000000,22.061281
6843,6932.386159,0.000000,47.000000,171.369359,0.000000,14.540390
6844,6932.386159,0.000000,47.000000,170.867967,0.000000,7.019499
6845,6932.386159,0.000000,47.000000,170.366574,0.000000,359.498607
6846,6932.386159,0.000000,47.000000,169.865181,0.000000,351.977716
6847,6932.386159,0.000000,47.000000,169.363788,0.000000,344.456825
6848,6932.386159,0.000000,47.000000,168.862396,0.000000,336.935933
6849,6932.386159,0.000000,47.000000,168.361003,0.000000,329.415042
6850,6932.386159,0.000000,47.000000,167.859610,0.000000,321.894150
6851,6932.386159,0.000000,47.000000,167.358217,0.000000,314.373259
6852,6932.386159,0.000000,47.000000,166.856825,0.000000,306.852368
6853,6932.386159,0.000000,47.000000,166.355432,0.000000,299.331476
6854,6932.386159,0.000000,47.000000,165.854039,0.000000,291.810585
6855,6932.386159,0.000000,47.000000,165.352646,0.000000,284.289694
6856,6932.386159,0.000000,47.000000,164.851253,0.000000,276.768802
6857,6932.386159,0.000000,47.000000,164.349861,0.000000,269.247911
6858,6932.386159,0.000000,47.000000,163.848468,0.000000,261.727019
6859,6932.386159,0.000000,47.000000,163.347075,0.000000,254.206128
6860,6932.386159,0.000000,47.000000,162.845682,0.000000,246.685237
6861,6932.386159,0.000000,47.000000,162.344290,0.000000,239.164345
6862,6932.386159,0.000000,47.000000,161.842897,0.000000,231.643454
6863,6932.386159,0.000000,47.000000,161.341504,0.000000,224.122563
6864,6932.386159,0.000000,47.000000,160.840111,0.000000,216.601671
6865,6932.386159,0.000000,47.000000,160.338719,0.000000,209.080780
6866,6932.386159,0.000000,47.000000,159.837326,0.000000,201.559889
6867,6932.386159,0.000000,47.000000,159.335933,0.000000,194.038997
6868,6932.386159,0.000000,47.000000,158.834540,0.000000,186.518106
6869,6932.386159,0.000000,47.000000,158.333148,0.000000,178.997214
6870,6932.386159,0.000000,47.000000,157.831755,0.000000,171.476323
6871,6932.386159,0.000000,47.000000,157.330362,0.000000,163.955432
6872,6932.386159,0.000000,47.000000,156.828969,0.000000,156.434540
6873,6932.386159,0.000000,47.000000,156.327577,0.000000,148.913649
6874,6932.386159,0.000000,47.000000,155.826184,0.000000,141.392758
6875,6932.386159,0.000000,47.000000,155.324791,0.000000,133.871866
6876,6932.386159,0.000000,47.000000,154.823398,0.000000,126.350975
6877,6932.386159,0.000000,47.000000,154.322006,0.000000,118.830084
6878,6932.386159,0.000000,47.000000,153.820613,0.000000,111.309192
6879,6932.386159,0.000000,47.000000,153.319220,0.000000,103.788301
6880,6932.386159,0.000000,47.000000,152.817827,0.000000,96.267409
6881,6932.386159,0.000000,47.000000,152.316435,0.000000,88.746518
6882,6932.386159,0.000000,47.000000,151.815042,0.000000,81.225627
6883,6932.386159,0.000000,47.000000,151.313649,0.000000,73.704735
6884,6932.386159,0.000000,47.000000,150.812256,0.000000,66.183844
6885,6932.386159,0.000000,47.000000,150.310864,0.000000,58.662953
6886,6932.386159,0.000000,47.000000,149.809471,0.000000,51.142061
6887,6932.386159,0.000000,47.000000,149.308078,0.000000,43.621170
6888,6932.386159,0.000000,47.000000,148.806685,0.000000,36.100279
6889,6932.386159,0.000000,47.000000,148.305292,0.000000,28.579387
6890,6932.386159,0.000000,47.000000,147.803900,0.000000,21.058496
6891,6932.386159,0.000000,47.000000,147.302507,0.000000,13.537604
6892,6932.386159,0.000000,47.000000,146.801114,0.000000,6.016713
6893,6932.386159,0.000000,47.000000,146.299721,0.000000,358.495822
6894,6932.386159,0.000000,47.000000,145.798329,0.000000,350.974930
6895,6932.386159,0.000000,47.000000,145.296936,0.000000,343.454039
6896,6932.386159,0.000000,47.000000,144.795543,0.000000,335.933148
6897,6932.386159,0.000000,47.000000,144.294150,0.000000,328.412256
6898,6932.386159,0.000000,47.000000,143.792758,0.000000,320.891365
6899,6932.386159,0.000000,47.000000,143.291365,0.000000,313.370474
6900,6932.386159,0.000000,47.000000,142.789972,0.000000,305.849582
6901,6932.386159,0.000000,47.000000,142.288579,0.000000,298.328691
6902,6932.386159,0.000000,47.000000,141.787187,0.000000,290.807799
6903,6932.386159,0.000000,47.000000,141.285794,0.000000,283.286908
6904,6932.386159,0.000000,47.000000,140.784401,0.000000,275.766017
6905,6932.386159,0.000000,47.000000,140.283008,0.000000,268.245125
6906,6932.386159,0.000000,47.000000,139.781616,0.000000,260.724234
6907,6932.386159,0.000000,47.000000,139.280223,0.000000,253.203343
6908,6932.386159,0.000000,47.000000,138.778830,0.000000,245.682451
6909,6932.386159,0.000000,47.000000,138.277437,0.000000,238.161560
6910,6932.386159,0.000000,47.000000,137.776045,0.000000,230.640669
6911,6932.386159,0.000000,47.000000,137.274652,0.000000,223.119777
6912,6932.386159,0.000000,47.000000,136.773259,0.000000,215.598886
6913,6932.386159,0.000000,47.000000,136.271866,0.000000,208.077994
6914,6932.386159,0.000000,47.000000,135.770474,0.000000,200.557103
6915,6932.386159,0.000000,47.000000,135.269081,0.000000,193.036212
6916,6932.386159,0.000000,47.000000,134.767688,0.000000,185.515320
6917,6932.386159,0.000000,47.000000,134.266295,0.000000,177.994429
6918,6932.386159,0.000000,47.000000,133.764903,0.000000,170.473538
6919,6932.386159,0.000000,47.000000,133.263510,0.000000,162.952646
6920,6932.386159,0.000000,47.000000,132.762117,0.000000,155.431755
6921,6932.386159,0.000000,47.000000,132.260724,0.000000,147.910864
6922,6932.386159,0.000000,47.000000,131.759331,0.000000,140.389972
6923,6932.386159,0.000000,47.000000,131.257939,0.000000,132.869081
6924,6932.386159,0.000000,47.000000,130.756546,0.000000,125.348189
6925,6932.386159,0.000000,47.000000,130.255153,0.000000,117.827298
6926,6932.386159,0.000000,47.000000,129.753760,0.000000,110.306407
6927,6932.386159,0.000000,47.000000,129.252368,0.000000,102.785515
6928,6932.386159,0.000000,47.000000,128.750975,0.000000,95.264624
6929,6932.386159,0.000000,47.000000,128.249582,0.000000,87.743733
6930,6932.386159,0.000000,47.000000,127.748189,0.000000,80.222841
6931,6932.386159,0.000000,47.000000,127.246797,0.000000,72.701950
6932,6932.386159,0.000000,47.000000,126.745404,0.000000,65.181058
6933,6932.386159,0.000000,47.000000,126.244011,0.000000,57.660167
6934,6932.386159,0.000000,47.000000,125.742618,0.000000,50.139276
6935,6932.386159,0.000000,47.000000,125.241226,0.000000,42.618384
6936,6932.386159,0.000000,47.000000,124.739833,0.000000,35.097493
6937,6932.386159,0.000000,47.000000,124.238440,0.000000,27.576602
6938,6932.386159,0.000000,47.000000,123.737047,0.000000,20.055710
6939,6932.386159,0.000000,47.000000,123.235655,0.000000,12.534819
6940,6932.386159,0.000000,47.000000,122.734262,0.000000,5.013928
6941,6932.386159,0.000000,47.000000,122.232869,0.000000,357.493036
6942,6932.386159,0.000000,47.000000,121.731476,0.000000,349.972145
6943,6932.386159,0.000000,47.000000,121.230084,0.000000,342.451253
6944,6932.386159,0.000000,47.000000,120.728691,0.000000,334.930362
6945,6932.386159,0.000000,47.000000,120.227298,0.000000,327.409471
6946,6932.386159,0.000000,47.000000,119.725905,0.000000,319.888579
6947,6932.386159,0.000000,47.000000,119.224513,0.000000,312.367688
6948,6932.386159,0.000000,47.000000,118.723120,0.000000,304.846797
6949,6932.386159,0.000000,47.000000,118.221727,0.000000,297.325905
6950,6932.386159,0.000000,47.000000,117.720334,0.000000,289.805014
6951,6932.386159,0.000000,47.000000,117.218942,0.000000,282.284123
6952,6932.386159,0.000000,47.000000,116.717549,0.000000,274.763231
6953,6932.386159,0.000000,47.000000,116.216156,0.000000,267.242340
6954,6932.386159,0.000000,47.000000,115.714763,0.000000,259.721448
6955,6932.386159,0.000000,47.000000,115.213370,0.000000,252.200557
6956,6932.386159,0.000000,47.000000,114.711978,0.000000,244.679666
6957,6932.386159,0.000000,47.000000,114.210585,0.000000,237.158774
6958,6932.386159,0.000000,47.000000,113.709192,0.000000,229.637883
6959,6932.386159,0.000000,47.000000,113.207799,0.000000,222.116992
6960,6932.386159,0.000000,47.000000,112.706407,0.000000,214.596100
6961,6932.386159,0.000000,47.000000,112.205014,0.000000,207.075209
6962,6932.386159,0.000000,47.000000,111.703621,0.000000,199.554318
6963,6932.386159,0.000000,47.000000,111.202228,0.000000,192.033426
6964,6932.386159,0.000000,47.000000,110.700836,0.000000,184.512535
6965,6932.386159,0.000000,47.000000,110.199443,0.000000,176.991643
6966,6932.386159,0.000000,47.000000,109.698050,0.000000,169.470752
6967,6932.386159,0.000000,47.000000,109.196657,0.000000,161.949861
6968,6932.386159,0.000000,47.000000,108.695265,0.000000,154.428969
6969,6932.386159,0.000000,47.000000,108.193872,0.000000,146.908078
6970,6932.386159,0.000000,47.000000,107.692479,0.000000,139.387187
6971,6932.386159,0.000000,47.000000,107.191086,0.000000,131.866295
6972,6932.386159,0.000000,47.000000,106.689694,0.000000,124.345404
6973,6932.386159,0.000000,47.000000,106.188301,0.000000,116.824513
6974,6932.386159,0.000000,47.000000,105.686908,0.000000,109.303621
6975,6932.386159,0.000000,47.000000,105.185515,0.000000,101.782730
6976,6932.386159,0.000000,47.000000,104.684123,0.000000,94.261838
6977,6932.386159,0.000000,47.000000,104.182730,0.000000,86.740947
6978,6932.386159,0.000000,47.000000,103.681337,0.000000,79.220056
6979,6932.386159,0.000000,47.000000,103.179944,0.000000,71.699164
6980,6932.386159,0.000000,47.000000,102.678552,0.000000,64.178273
6981,6932.386159,0.000000,47.000000,102.177159,0.000000,56.657382
6982,6932.386159,0.000000,47.000000,101.675766,0.000000,49.136490
6983,6932.386159,0.000000,47.000000,101.174373,0.000000,41.615599
6984,6932.386159,0.000000,47.000000,100.672981,0.000000,34.094708
6985,6932.386159,0.000000,47.000000,100.171588,0.000000,26.573816
6986,6932.386159,0.000000,47.000000,99.670195,0.000000,19.052925
6987,6932.386159,0.000000,47.000000,99.168802,0.000000,11.532033
6988,6932.386159,0.000000,47.000000,98.667409,0.000000,4.011142
6989,6932.386159,0.000000,47.000000,98.166017,0.000000,356.490251
6990,6932.386159,0.000000,47.000000,97.664624,0.000000,348.969359
6991,6932.386159,0.000000,47.000000,97.163231,0.000000,341.448468
6992,6932.386159,0.000000,47.000000,96.661838,0.000000,333.927577
6993,6932.386159,0.000000,47.000000,96.160446,0.000000,326.406685
6994,6932.386159,0.000000,47.000000,95.659053,0.000000,318.885794
6995,6932.386159,0.000000,47.000000,95.157660,0.000000,311.364903
6996,6932.386159,0.000000,47.000000,94.656267,0.000000,303.844011
6997,6932.386159,0.000000,47.000000,94.154875,0.000000,296.323120
6998,6932.386159,0.000000,47.000000,93.653482,0.000000,288.802228
6999,6932.386159,0.000000,47.000000,93.152089,0.000000,281.281337
7000,6932.386159,0.000000,47.000000,92.650696,0.000000,273.760446
7001,6932.386159,0.000000,47.000000,92.149304,0.000000,266.239554
7002,6932.386159,0.000000,47.000000,91.647911,0.000000,258.718663
7003,6932.386159,0.000000,47.000000,91.146518,0.000000,251.197772
7004,6932.386159,0.000000,47.000000,90.645125,0.000000,243.676880
7005,6932.386159,0.000000,47.000000,90.143733,0.000000,236.155989
7006,6932.386159,0.000000,47.000000,89.642340,0.000000,228.635097
7007,6932.386159,0.000000,47.000000,89.140947,0.000000,221.114206
7008,6932.386159,0.000000,47.000000,88.639554,0.000000,213.593315
7009,6932.386159,0.000000,47.000000,88.138162,0.000000,206.072423
7010,6932.386159,0.000000,47.000000,87.636769,0.000000,198.551532
7011,6932.386159,0.000000,47.000000,87.135376,0.000000,191.030641
7012,6932.386159,0.000000,47.000000,86.633983,0.000000,183.509749
7013,6932.386159,0.000000,47.000000,86.132591,0.000000,175.988858
7014,6932.386159,0.000000,47.000000,85.631198,0.000000,168.467967
7015,6932.386159,0.000000,47.000000,85.129805,0.000000,160.947075
7016,6932.386159,0.000000,47.000000,84.628412,0.000000,153.426184
7017,6932.386159,0.000000,47.000000,84.127019,0.000000,145.905292
7018,6932.386159,0.000000,47.000000,83.625627,0.000000,138.384401
7019,6932.386159,0.000000,47.000000,83.124234,0.000000,130.863510
7020,6932.386159,0.000000,47.000000,82.622841,0.000000,123.342618
7021,6932.386159,0.000000,47.000000,82.121448,0.000000,115.821727
7022,6932.386159,0.000000,47.000000,81.620056,0.000000,108.300836
7023,6932.386159,0.000000,47.000000,81.118663,0.000000,100.779944
7024,6932.386159,0.000000,47.000000,80.617270,0.000000,93.259053
7025,6932.386159,0.000000,47.000000,80.115877,0.000000,85.738162
7026,6932.386159,0.000000,47.000000,79.614485,0.000000,78.217270
7027,6932.386159,0.000000,47.000000,79.113092,0.000000,70.696379
7028,6932.386159,0.000000,47.000000,78.611699,0.000000,63.175487
7029,6932.386159,0.000000,47.000000,78.110306,0.000000,55.654596
7030,6932.386159,0.000000,47.000000,77.608914,0.000000,48.133705
7031,6932.386159,0.000000,47.000000,77.107521,0.000000,40.612813
7032,6932.386159,0.000000,47.000000,76.606128,0.000000,33.091922
7033,6932.386159,0.000000,47.000000,76.104735,0.000000,25.571031
7034,6932.386159,0.000000,47.000000,75.603343,0.000000,18.050139
7035,6932.386159,0.000000,47.000000,75.101950,0.000000,10.529248
7036,6932.386159,0.000000,47.000000,74.600557,0.000000,3.008357
7037,6932.386159,0.000000,47.000000,74.099164,0.000000,355.487465
7038,6932.386159,0.000000,47.000000,73.597772,0.000000,347.966574
7039,6932.386159,0.000000,47.000000,73.096379,0.000000,340.445682
7040,6932.386159,0.000000,47.000000,72.594986,0.000000,332.924791
7041,6932.386159,0.000000,47.000000,72.093593,0.000000,325.403900
7042,6932.386159,0.000000,47.000000,71.592201,0.000000,317.883008
7043,6932.386159,0.000000,47.000000,71.090808,0.000000,310.362117
7044,6932.386159,0.000000,47.000000,70.589415,0.000000,302.841226
7045,6932.386159,0.000000,47.000000,70.088022,0.000000,295.320334
7046,6932.386159,0.000000,47.000000,69.586630,0.000000,287.799443
7047,6932.386159,0.000000,47.000000,69.085237,0.000000,280.278552
7048,6932.386159,0.000000,47.000000,68.583844,0.000000,272.757660
7049,6932.386159,0.000000,47.000000,68.082451,0.000000,265.236769
7050,6932.386159,0.000000,47.000000,67.581058,0.000000,257.715877
7051,6932.386159,0.000000,47.000000,67.079666,0.000000,250.194986
7052,6932.386159,0.000000,47.000000,66.578273,0.000000,242.674095
7053,6932.386159,0.000000,47.000000,66.076880,0.000000,235.153203
7054,6932.386159,0.000000,47.000000,65.575487,0.000000,227.632312
7055,6932.386159,0.000000,47.000000,65.074095,0.000000,220.111421
7056,6932.386159,0.000000,47.000000,64.572702,0.000000,212.590529
7057,6932.386159,0.000000,47.000000,64.071309,0.000000,205.069638
7058,6932.386159,0.000000,47.000000,63.569916,0.000000,197.548747
7059,6932.386159,0.000000,47.000000,63.068524,0.000000,190.027855
7060,6932.386159,0.000000,47.000000,62.567131,0.000000,182.506964
7061,6932.386159,0.000000,47.000000,62.065738,0.000000,174.986072
7062,6932.386159,0.000000,47.000000,61.564345,0.000000,167.465181
7063,6932.386159,0.000000,47.000000,61.062953,0.000000,159.944290
7064,6932.386159,0.000000,47.000000,60.561560,0.000000,152.423398
7065,6932.386159,0.000000,47.000000,60.060167,0.000000,144.902507
7066,6932.386159,0.000000,47.000000,59.558774,0.000000,137.381616
7067,6932.386159,0.000000,47.000000,59.057382,0.000000,129.860724
7068,6932.386159,0.000000,47.000000,58.555989,0.000000,122.339833
7069,6932.386159,0.000000,47.000000,58.054596,0.000000,114.818942
7070,6932.386159,0.000000,47.000000,57.553203,0.000000,107.298050
7071,6932.386159,0.000000,47.000000,57.051811,0.000000,99.777159
7072,6932.386159,0.000000,47.000000,56.550418,0.000000,92.256267
7073,6932.386159,0.000000,47.000000,56.049025,0.000000,84.735376
7074,6932.386159,0.000000,47.000000,55.547632,0.000000,77.214485
7075,6932.386159,0.000000,47.000000,55.046240,0.000000,69.693593
7076,6932.386159,0.000000,47.000000,54.544847,0.000000,62.172702
7077,6932.386159,0.000000,47.000000,54.043454,0.000000,54.651811
7078,6932.386159,0.000000,47.000000,53.542061,0.000000,47.130919
7079,6932.386159,0.000000,47.000000,53.040669,0.000000,39.610028
7080,6932.386159,0.000000,47.000000,52.539276,0.000000,32.089136
7081,6932.386159,0.000000,47.000000,52.037883,0.000000,24.568245
7082,6932.386159,0.000000,47.000000,51.536490,0.000000,17.047354
7083,6932.386159,0.000000,47.000000,51.035097,0.000000,9.526462
7084,6932.386159,0.000000,47.000000,50.533705,0.000000,2.005571
7085,6932.386159,0.000000,47.000000,50.032312,0.000000,354.484680
7086,6932.386159,0.000000,47.000000,49.530919,0.000000,346.963788
7087,6932.386159,0.000000,47.000000,49.029526,0.000000,339.442897
7088,6932.386159,0.000000,47.000000,48.528134,0.000000,331.922006
7089,6932.386159,0.000000,47.000000,48.026741,0.000000,324.401114
7090,6932.386159,0.000000,47.000000,47.525348,0.000000,316.880223
7091,6932.386159,0.000000,47.000000,47.023955,0.000000,309.359331
7092,6932.386159,0.000000,47.000000,46.522563,0.000000,301.838440
7093,6932.386159,0.000000,47.000000,46.021170,0.000000,294.317549
7094,6932.386159,0.000000,47.000000,45.519777,0.000000,286.796657
7095,6932.386159,0.000000,47.000000,45.018384,0.000000,279.275766
7096,6932.386159,0.000000,47.000000,44.516992,0.000000,271.754875
7097,6932.386159,0.000000,47.000000,44.015599,0.000000,264.233983
7098,6932.386159,0.000000,47.000000,43.514206,0.000000,256.713092
7099,6932.386159,0.000000,47.000000,43.012813,0.000000,249.192201
7100,6932.386159,0.000000,47.000000,42.511421,0.000000,241.671309
7101,6932.386159,0.000000,47.000000,42.010028,0.000000,234.150418
7102,6932.386159,0.000000,47.000000,41.508635,0.000000,226.629526
7103,6932.386159,0.000000,47.000000,41.007242,0.000000,219.108635
7104,6932.386159,0.000000,47.000000,40.505850,0.000000,211.587744
7105,6932.386159,0.000000,47.000000,40.004457,0.000000,204.066852
7106,6932.386159,0.000000,47.000000,39.503064,0.000000,196.545961
7107,6932.386159,0.000000,47.000000,39.001671,0.000000,189.025070
7108,6932.386159,0.000000,47.000000,38.500279,0.000000,181.504178
7109,6932.386159,0.000000,47.000000,37.998886,0.000000,173.983287
7110,6932.386159,0.000000,47.000000,37.497493,0.000000,166.462396
7111,6932.386159,0.000000,47.000000,36.996100,0.000000,158.941504
7112,6932.386159,0.000000,47.000000,36.494708,0.000000,151.420613
7113,6932.386159,0.000000,47.000000,35.993315,0.000000,143.899721
7114,6932.386159,0.000000,47.000000,35.491922,0.000000,136.378830
7115,6932.386159,0.000000,47.000000,34.990529,0.000000,128.857939
7116,6932.386159,0.000000,47.000000,34.489136,0.000000,121.337047
7117,6932.386159,0.000000,47.000000,33.987744,0.000000,113.816156
7118,6932.386159,0.000000,47.000000,33.486351,0.000000,106.295265
7119,6932.386159,0.000000,47.000000,32.984958,0.000000,98.774373
7120,6932.386159,0.000000,47.000000,32.483565,0.000000,91.253482
7121,6932.386159,0.000000,47.000000,31.982173,0.000000,83.732591
7122,6932.386159,0.000000,47.000000,31.480780,0.000000,76.211699
7123,6932.386159,0.000000,47.000000,30.979387,0.000000,68.690808
7124,6932.386159,0.000000,47.000000,30.477994,0.000000,61.169916
7125,6932.386159,0.000000,47.000000,29.976602,0.000000,53.649025
7126,6932.386159,0.000000,47.000000,29.475209,0.000000,46.128134
7127,6932.386159,0.000000,47.000000,28.973816,0.000000,38.607242
7128,6932.386159,0.000000,47.000000,28.472423,0.000000,31.086351
7129,6932.386159,0.000000,47.000000,27.971031,0.000000,23.565460
7130,6932.386159,0.000000,47.000000,27.469638,0.000000,16.044568
7131,6932.386159,0.000000,47.000000,26.968245,0.000000,8.523677
7132,6932.386159,0.000000,47.000000,26.466852,0.000000,1.002786
7133,6932.386159,0.000000,47.000000,25.965460,0.000000,353.481894
7134,6932.386159,0.000000,47.000000,25.464067,0.000000,345.961003
7135,6932.386159,0.000000,47.000000,24.962674,0.000000,338.440111
7136,6932.386159,0.000000,47.000000,24.461281,0.000000,330.919220
7137,6932.386159,0.000000,47.000000,23.959889,0.000000,323.398329
7138,6932.386159,0.000000,47.000000,23.458496,0.000000,315.877437
7139,6932.386159,0.000000,47.000000,22.957103,0.000000,308.356546
7140,6932.386159,0.000000,47.000000,22.455710,0.000000,300.835655
7141,6932.386159,0.000000,47.000000,21.954318,0.000000,293.314763
7142,6932.386159,0.000000,47.000000,21.452925,0.000000,285.793872
7143,6932.386159,0.000000,47.000000,20.951532,0.000000,278.272981
7144,6932.386159,0.000000,47.000000,20.450139,0.000000,270.752089
7145,6932.386159,0.000000,47.000000,19.948747,0.000000,263.231198
7146,6932.386159,0.000000,47.000000,19.447354,0.000000,255.710306
7147,6932.386159,0.000000,47.000000,18.945961,0.000000,248.189415
7148,6932.386159,0.000000,47.000000,18.444568,0.000000,240.668524
7149,6932.386159,0.000000,47.000000,17.943175,0.000000,233.147632
7150,6932.386159,0.000000,47.000000,17.441783,0.000000,225.626741
7151,6932.386159,0.000000,47.000000,16.940390,0.000000,218.105850
7152,6932.386159,0.000000,47.000000,16.438997,0.000000,210.584958
7153,6932.386159,0.000000,47.000000,15.937604,0.000000,203.064067
7154,6932.386159,0.000000,47.000000,15.436212,0.000000,195.543175
7155,6932.386159,0.000000,47.000000,14.934819,0.000000,188.022284
7156,6932.386159,0.000000,47.000000,14.433426,0.000000,180.501393
7157,6932.386159,0.000000,47.000000,13.932033,0.000000,172.980501
7158,6932.386159,0.000000,47.000000,13.430641,0.000000,165.459610
7159,6932.386159,0.000000,47.000000,12.929248,0.000000,157.938719
7160,6932.386159,0.000000,47.000000,12.427855,0.000000,150.417827
7161,6932.386159,0.000000,47.000000,11.926462,0.000000,142.896936
7162,6932.386159,0.000000,47.000000,11.425070,0.000000,135.376045
7163,6932.386159,0.000000,47.000000,10.923677,0.000000,127.855153
7164,6932.386159,0.000000,47.000000,10.422284,0.000000,120.334262
7165,6932.386159,0.000000,47.000000,9.920891,0.000000,112.813370
7166,6932.386159,0.000000,47.000000,9.419499,0.000000,105.292479
7167,6932.386159,0.000000,47.000000,8.918106,0.000000,97.771588
7168,6932.386159,0.000000,47.000000,8.416713,0.000000,90.250696
7169,6932.386159,0.000000,47.000000,7.915320,0.000000,82.729805
7170,6932.386159,0.000000,47.000000,7.413928,0.000000,75.208914
7171,6932.386159,0.000000,47.000000,6.912535,0.000000,67.688022
7172,6932.386159,0.000000,47.000000,6.411142,0.000000,60.167131
7173,6932.386159,0.000000,47.000000,5.909749,0.000000,52.646240
7174,6932.386159,0.000000,47.000000,5.408357,0.000000,45.125348
7175,6932.386159,0.000000,47.000000,4.906964,0.000000,37.604457
7176,6932.386159,0.000000,47.000000,4.405571,0.000000,30.083565
7177,6932.386159,0.000000,47.000000,3.904178,0.000000,22.562674
7178,6932.386159,0.000000,47.000000,3.402786,0.000000,15.041783
7179,6932.386159,0.000000,47.000000,2.901393,0.000000,7.520891
8616,6932.386159,0.000000,31.000000,4.800000,0.000000,0.000000
8617,6932.386159,0.000000,31.000000,4.298607,0.000000,352.479109
8618,6932.386159,0.000000,31.000000,3.797214,0.000000,344.958217
8619,6932.386159,0.000000,31.000000,3.295822,0.000000,337.437326
8620,6932.386159,0.000000,31.000000,2.794429,0.000000,329.916435
8621,6932.386159,0.000000,31.000000,2.293036,0.000000,322.395543
8622,6932.386159,0.000000,31.000000,1.791643,0.000000,314.874652
8623,6932.386159,0.000000,31.000000,1.290251,0.000000,307.353760
8624,6932.386159,0.000000,31.000000,0.788858,0.000000,299.832869
8625,6932.386159,0.000000,31.000000,0.287465,0.000000,292.311978
8626,6932.386159,0.000000,31.000000,359.786072,0.000000,284.791086
8627,6932.386159,0.000000,31.000000,359.284680,0.000000,277.270195
8628,6932.386159,0.000000,31.000000,358.783287,0.000000,269.749304
8629,6932.386159,0.000000,31.000000,358.281894,0.000000,262.228412
8630,6932.386159,0.000000,31.000000,357.780501,0.000000,254.707521
8631,6932.386159,0.000000,31.000000,357.279109,0.000000,247.186630
8632,6932.386159,0.000000,31.000000,356.777716,0.000000,239.665738
8633,6932.386159,0.000000,31.000000,356.276323,0.000000,232.144847
8634,6932.386159,0.000000,31.000000,355.774930,0.000000,224.623955
8635,6932.386159,0.000000,31.000000,355.273538,0.000000,217.103064
8636,6932.386159,0.000000,31.000000,354.772145,0.000000,209.582173
8637,6932.386159,0.000000,31.000000,354.270752,0.000000,202.061281
8638,6932.386159,0.000000,31.000000,353.769359,0.000000,194.540390
8639,6932.386159,0.000000,31.000000,353.267967,0.000000,187.019499
8640,6932.386159,0.000000,31.000000,352.766574,0.000000,179.498607
8641,6932.386159,0.000000,31.000000,352.265181,0.000000,171.977716
8642,6932.386159,0.000000,31.000000,351.763788,0.000000,164.456825
8643,6932.386159,0.000000,31.000000,351.262396,0.000000,156.935933
8644,6932.386159,0.000000,31.000000,350.761003,0.000000,149.415042
8645,6932.386159,0.000000,31.000000,350.259610,0.000000,141.894150
8646,6932.386159,0.000000,31.000000,349.758217,0.000000,134.373259
8647,6932.386159,0.000000,31.000000,349.256825,0.000000,126.852368
8648,6932.386159,0.000000,31.000000,348.755432,0.000000,119.331476
8649,6932.386159,0.000000,31.000000,348.254039,0.000000,111.810585
8650,6932.386159,0.000000,31.000000,347.752646,0.000000,104.289694
8651,6932.386159,0.000000,31.000000,347.251253,0.000000,96.768802
8652,6932.386159,0.000000,31.000000,346.749861,0.000000,89.247911
8653,6932.386159,0.000000,31.000000,346.248468,0.000000,81.727019
8654,6932.386159,0.000000,31.000000,345.747075,0.000000,74.206128
8655,6932.386159,0.000000,31.000000,345.245682,0.000000,66.685237
8656,6932.386159,0.000000,31.000000,344.744290,0.000000,59.164345
8657,6932.386159,0.000000,31.000000,344.242897,0.000000,51.643454
8658,6932.386159,0.000000,31.000000,343.741504,0.000000,44.122563
8659,6932.386159,0.000000,31.000000,343.240111,0.000000,36.601671
8660,6932.386159,0.000000,31.000000,342.738719,0.000000,29.080780
8661,6932.386159,0.000000,31.000000,342.237326,0.000000,21.559889
8662,6932.386159,0.000000,31.000000,341.735933,0.000000,14.038997
8663,6932.386159,0.000000,31.000000,341.234540,0.000000,6.518106
8664,6932.386159,0.000000,31.000000,340.733148,0.000000,358.997214
8665,6932.386159,0.000000,31.000000,340.231755,0.000000,351.476323
8666,6932.386159,0.000000,31.000000,339.730362,0.000000,343.955432
8667,6932.386159,0.000000,31.000000,339.228969,0.000000,336.434540
8668,6932.386159,0.000000,31.000000,338.727577,0.000000,328.913649
8669,6932.386159,0.000000,31.000000,338.226184,0.000000,321.392758
8670,6932.386159,0.000000,31.000000,337.724791,0.000000,313.871866
8671,6932.386159,0.000000,31.000000,337.223398,0.000000,306.350975
8672,6932.386159,0.000000,31.000000,336.722006,0.000000,298.830084
8673,6932.386159,0.000000,31.000000,336.220613,0.000000,291.309192
8674,6932.386159,0.000000,31.000000,335.719220,0.000000,283.788301
8675,6932.386159,0.000000,31.000000,335.217827,0.000000,276.267409
8676,6932.386159,0.000000,31.000000,334.716435,0.000000,268.746518
8677,6932.386159,0.000000,31.000000,334.215042,0.000000,261.225627
8678,6932.386159,0.000000,31.000000,333.713649,0.000000,253.704735
8679,6932.386159,0.000000,31.000000,333.212256,0.000000,246.183844
8680,6932.386159,0.000000,31.000000,332.710864,0.000000,238.662953
8681,6932.386159,0.000000,31.000000,332.209471,0.000000,231.142061
8682,6932.386159,0.000000,31.000000,331.708078,0.000000,223.621170
8683,6932.386159,0.000000,31.000000,331.206685,0.000000,216.100279
8684,6932.386159,0.000000,31.000000,330.705292,0.000000,208.579387
8685,6932.386159,0.000000,31.000000,330.203900,0.000000,201.058496
8686,6932.386159,0.000000,31.000000,329.702507,0.000000,193.537604
8687,6932.386159,0.000000,31.000000,329.201114,0.000000,186.016713
8688,6932.386159,0.000000,31.000000,328.699721,0.000000,178.495822
8689,6932.386159,0.000000,31.000000,328.198329,0.000000,170.974930
8690,6932.386159,0.000000,31.000000,327.696936,0.000000,163.454039
8691,6932.386159,0.000000,31.000000,327.195543,0.000000,155.933148
8692,6932.386159,0.000000,31.000000,326.694150,0.000000,148.412256
8693,6932.386159,0.000000,31.000000,326.192758,0.000000,140.891365
8694,6932.386159,0.000000,31.000000,325.691365,0.000000,133.370474
8695,6932.386159,0.000000,31.000000,325.189972,0.000000,125.849582
8696,6932.386159,0.000000,31.000000,324.688579,0.000000,118.328691
8697,6932.386159,0.000000,31.000000,324.187187,0.000000,110.807799
8698,6932.386159,0.000000,31.000000,323.685794,0.000000,103.286908
8699,6932.386159,0.000000,31.000000,323.184401,0.000000,95.766017
8700,6932.386159,0.000000,31.000000,322.683008,0.000000,88.245125
8701,6932.386159,0.000000,31.000000,322.181616,0.000000,80.724234
8702,6932.386159,0.000000,31.000000,321.680223,0.000000,73.203343
8703,6932.386159,0.000000,31.000000,321.178830,0.000000,65.682451
8704,6932.386159,0.000000,31.000000,320.677437,0.000000,58.161560
8705,6932.386159,0.000000,31.000000,320.176045,0.000000,50.640669
8706,6932.386159,0.000000,31.000000,319.674652,0.000000,43.119777
8707,6932.386159,0.000000,31.000000,319.173259,0.000000,35.598886
8708,6932.386159,0.000000,31.000000,318.671866,0.000000,28.077994
8709,6932.386159,0.000000,31.000000,318.170474,0.000000,20.557103
8710,6932.386159,0.000000,31.000000,317.669081,0.000000,13.036212
8711,6932.386159,0.000000,31.000000,317.167688,0.000000,5.515320
8712,6932.386159,0.000000,31.000000,316.666295,0.000000,357.994429
8713,6932.386159,0.000000,31.000000,316.164903,0.000000,350.473538
8714,6932.386159,0.000000,31.000000,315.663510,0.000000,342.952646
8715,6932.386159,0.000000,31.000000,315.162117,0.000000,335.431755
8716,6932.386159,0.000000,31.000000,314.660724,0.000000,327.910864
8717,6932.386159,0.000000,31.000000,314.159331,0.000000,320.389972
8718,6932.386159,0.000000,31.000000,313.657939,0.000000,312.869081
8719,6932.386159,0.000000,31.000000,313.156546,0.000000,305.348189
8720,6932.386159,0.000000,31.000000,312.655153,0.000000,297.827298
8721,6932.386159,0.000000,31.000000,312.153760,0.000000,290.306407
8722,6932.386159,0.000000,31.000000,311.652368,0.000000,282.785515
8723,6932.386159,0.000000,31.000000,311.150975,0.000000,275.264624
8724,6932.386159,0.000000,31.000000,310.649582,0.000000,267.743733
8725,6932.386159,0.000000,31.000000,310.148189,0.000000,260.222841
8726,6932.386159,0.000000,31.000000,309.646797,0.000000,252.701950
8727,6932.386159,0.000000,31.000000,309.145404,0.000000,245.181058
8728,6932.386159,0.000000,31.000000,308.644011,0.000000,237.660167
8729,6932.386159,0.000000,31.000000,308.142618,0.000000,230.139276
8730,6932.386159,0.000000,31.000000,307.641226,0.000000,222.618384
8731,6932.386159,0.000000,31.000000,307.139833,0.000000,215.097493
8732,6932.386159,0.000000,31.000000,306.638440,0.000000,207.576602
8733,6932.386159,0.000000,31.000000,306.137047,0.000000,200.055710
8734,6932.386159,0.000000,31.000000,305.635655,0.000000,192.534819
8735,6932.386159,0.000000,31.000000,305.134262,0.000000,185.013928
8736,6932.386159,0.000000,31.000000,304.632869,0.000000,177.493036
8737,6932.386159,0.000000,31.000000,304.131476,0.000000,169.972145
8738,6932.386159,0.000000,31.000000,303.630084,0.000000,162.451253
8739,6932.386159,0.000000,31.000000,303.128691,0.000000,154.930362
8740,6932.386159,0.000000,31.000000,302.627298,0.000000,147.409471
8741,6932.386159,0.000000,31.000000,302.125905,0.000000,139.888579
8742,6932.386159,0.000000,31.000000,301.624513,0.000000,132.367688
8743,6932.386159,0.000000,31.000000,301.123120,0.000000,124.846797
8744,6932.386159,0.000000,31.000000,300.621727,0.000000,117.325905
8745,6932.386159,0.000000,31.000000,300.120334,0.000000,109.805014
8746,6932.386159,0.000000,31.000000,299.618942,0.000000,102.284123
8747,6932.386159,0.000000,31.000000,299.117549,0.000000,94.763231
8748,6932.386159,0.000000,31.000000,298.616156,0.000000,87.242340
8749,6932.386159,0.000000,31.000000,298.114763,0.000000,79.721448
8750,6932.386159,0.000000,31.000000,297.613370,0.000000,72.200557
8751,6932.386159,0.000000,31.000000,297.111978,0.000000,64.679666
8752,6932.386159,0.000000,31.000000,296.610585,0.000000,57.158774
8753,6932.386159,0.000000,31.000000,296.109192,0.000000,49.637883
8754,6932.386159,0.000000,31.000000,295.607799,0.000000,42.116992
8755,6932.386159,0.000000,31.000000,295.106407,0.000000,34.596100
8756,6932.386159,0.000000,31.000000,294.605014,0.000000,27.075209
8757,6932.386159,0.000000,31.000000,294.103621,0.000000,19.554318
8758,6932.386159,0.000000,31.000000,293.602228,0.000000,12.033426
8759,6932.386159,0.000000,31.000000,293.100836,0.000000,4.512535
8760,6932.386159,0.000000,31.000000,292.599443,0.000000,356.991643
8761,6932.386159,0.000000,31.000000,292.098050,0.000000,349.470752
8762,6932.386159,0.000000,31.000000,291.596657,0.000000,341.949861
8763,6932.386159,0.000000,31.000000,291.095265,0.000000,334.428969
8764,6932.386159,0.000000,31.000000,290.593872,0.000000,326.908078
8765,6932.386159,0.000000,31.000000,290.092479,0.000000,319.387187
8766,6932.386159,0.000000,31.000000,289.591086,0.000000,311.866295
8767,6932.386159,0.000000,31.000000,289.089694,0.000000,304.345404
8768,6932.386159,0.000000,31.000000,288.588301,0.000000,296.824513
8769,6932.386159,0.000000,31.000000,288.086908,0.000000,289.303621
8770,6932.386159,0.000000,31.000000,287.585515,0.000000,281.782730
8771,6932.386159,0.000000,31.000000,287.084123,0.000000,274.261838
8772,6932.386159,0.000000,31.000000,286.582730,0.000000,266.740947
8773,6932.386159,0.000000,31.000000,286.081337,0.000000,259.220056
8774,6932.386159,0.000000,31.000000,285.579944,0.000000,251.699164
8775,6932.386159,0.000000,31.000000,285.078552,0.000000,244.178273
8776,6932.386159,0.000000,31.000000,284.577159,0.000000,236.657382
8777,6932.386159,0.000000,31.000000,284.075766,0.000000,229.136490
8778,6932.386159,0.000000,31.000000,283.574373,0.000000,221.615599
8779,6932.386159,0.000000,31.000000,283.072981,0.000000,214.094708
8780,6932.386159,0.000000,31.000000,282.571588,0.000000,206.573816
8781,6932.386159,0.000000,31.000000,282.070195,0.000000,199.052925
8782,6932.386159,0.000000,31.000000,281.568802,0.000000,191.532033
8783,6932.386159,0.000000,31.000000,281.067409,0.000000,184.011142
8784,6932.386159,0.000000,31.000000,280.566017,0.000000,176.490251
8785,6932.386159,0.000000,31.000000,280.064624,0.000000,168.969359
8786,6932.386159,0.000000,31.000000,279.563231,0.000000,161.448468
8787,6932.386159,0.000000,31.000000,279.061838,0.000000,153.927577
8788,6932.386159,0.000000,31.000000,278.560446,0.000000,146.406685
8789,6932.386159,0.000000,31.000000,278.059053,0.000000,138.885794
8790,6932.386159,0.000000,31.000000,277.557660,0.000000,131.364903
8791,6932.386159,0.000000,31.000000,277.056267,0.000000,123.844011
8792,6932.386159,0.000000,31.000000,276.554875,0.000000,116.323120
8793,6932.386159,0.000000,31.000000,276.053482,0.000000,108.802228
8794,6932.386159,0.000000,31.000000,275.552089,0.000000,101.281337
8795,6932.386159,0.000000,31.000000,275.050696,0.000000,93.760446
8796,6932.386159,0.000000,31.000000,274.549304,0.000000,86.239554
8797,6932.386159,0.000000,31.000000,274.047911,0.000000,78.718663
8798,6932.386159,0.000000,31.000000,273.546518,0.000000,71.197772
8799,6932.386159,0.000000,31.000000,273.045125,0.000000,63.676880
8800,6932.386159,0.000000,31.000000,272.543733,0.000000,56.155989
8801,6932.386159,0.000000,31.000000,272.042340,0.000000,48.635097
8802,6932.386159,0.000000,31.000000,271.540947,0.000000,41.114206
8803,6932.386159,0.000000,31.000000,271.039554,0.000000,33.593315
8804,6932.386159,0.000000,31.000000,270.538162,0.000000,26.072423
8805,6932.386159,0.000000,31.000000,270.036769,0.000000,18.551532
8806,6932.386159,0.000000,31.000000,269.535376,0.000000,11.030641
8807,6932.386159,0.000000,31.000000,269.033983,0.000000,3.509749
8808,6932.386159,0.000000,31.000000,268.532591,0.000000,355.988858
8809,6932.386159,0.000000,31.000000,268.031198,0.000000,348.467967
8810,6932.386159,0.000000,31.000000,267.529805,0.000000,340.947075
8811,6932.386159,0.000000,31.000000,267.028412,0.000000,333.426184
8812,6932.386159,0.000000,31.000000,266.527019,0.000000,325.905292
8813,6932.386159,0.000000,31.000000,266.025627,0.000000,318.384401
8814,6932.386159,0.000000,31.000000,265.524234,0.000000,310.863510
8815,6932.386159,0.000000,31.000000,265.022841,0.000000,303.342618
8816,6932.386159,0.000000,31.000000,264.521448,0.000000,295.821727
8817,6932.386159,0.000000,31.000000,264.020056,0.000000,288.300836
8818,6932.386159,0.000000,31.000000,263.518663,0.000000,280.779944
8819,6932.386159,0.000000,31.000000,263.017270,0.000000,273.259053
8820,6932.386159,0.000000,31.000000,262.515877,0.000000,265.738162
8821,6932.386159,0.000000,31.000000,262.014485,0.000000,258.217270
8822,6932.386159,0.000000,31.000000,261.513092,0.000000,250.696379
8823,6932.386159,0.000000,31.000000,261.011699,0.000000,243.175487
8824,6932.386159,0.000000,31.000000,260.510306,0.000000,235.654596
8825,6932.386159,0.000000,31.000000,260.008914,0.000000,228.133705
8826,6932.386159,0.000000,31.000000,259.507521,0.000000,220.612813
8827,6932.386159,0.000000,31.000000,259.006128,0.000000,213.091922
8828,6932.386159,0.000000,31.000000,258.504735,0.000000,205.571031
8829,6932.386159,0.000000,31.000000,258.003343,0.000000,198.050139
8830,6932.386159,0.000000,31.000000,257.501950,0.000000,190.529248
8831,6932.386159,0.000000,31.000000,257.000557,0.000000,183.008357
8832,6932.386159,0.000000,31.000000,256.499164,0.000000,175.487465
8833,6932.386159,0.000000,31.000000,255.997772,0.000000,167.966574
8834,6932.386159,0.000000,31.000000,255.496379,0.000000,160.445682
8835,6932.386159,0.000000,31.000000,254.994986,0.000000,152.924791
8836,6932.386159,0.000000,31.000000,254.493593,0.000000,145.403900
8837,6932.386159,0.000000,31.000000,253.992201,0.000000,137.883008
8838,6932.386159,0.000000,31.000000,253.490808,0.000000,130.362117
8839,6932.386159,0.000000,31.000000,252.989415,0.000000,122.841226
8840,6932.386159,0.000000,31.000000,252.488022,0.000000,115.320334
8841,6932.386159,0.000000,31.000000,251.986630,0.000000,107.799443
8842,6932.386159,0.000000,31.000000,251.485237,0.000000,100.278552
8843,6932.386159,0.000000,31.000000,250.983844,0.000000,92.757660
8844,6932.386159,0.000000,31.000000,250.482451,0.000000,85.236769
8845,6932.386159,0.000000,31.000000,249.981058,0.000000,77.715877
8846,6932.386159,0.000000,31.000000,249.479666,0.000000,70.194986
8847,6932.386159,0.000000,31.000000,248.978273,0.000000,62.674095
8848,6932.386159,0.000000,31.000000,248.476880,0.000000,55.153203
8849,6932.386159,0.000000,31.000000,247.975487,0.000000,47.632312
8850,6932.386159,0.000000,31.000000,247.474095,0.000000,40.111421
8851,6932.386159,0.000000,31.000000,246.972702,0.000000,32.590529
8852,6932.386159,0.000000,31.000000,246.471309,0.000000,25.069638
8853,6932.386159,0.000000,31.000000,245.969916,0.000000,17.548747
8854,6932.386159,0.000000,31.000000,245.468524,0.000000,10.027855
8855,6932.386159,0.000000,31.000000,244.967131,0.000000,2.506964
8856,6932.386159,0.000000,31.000000,244.465738,0.000000,354.986072
8857,6932.386159,0.000000,31.000000,243.964345,0.000000,347.465181
8858,6932.386159,0.000000,31.000000,243.462953,0.000000,339.944290
8859,6932.386159,0.000000,31.000000,242.961560,0.000000,332.423398
8860,6932.386159,0.000000,31.000000,242.460167,0.000000,324.902507
8861,6932.386159,0.000000,31.000000,241.958774,0.000000,317.381616
8862,6932.386159,0.000000,31.000000,241.457382,0.000000,309.860724
8863,6932.386159,0.000000,31.000000,240.955989,0.000000,302.339833
8864,6932.386159,0.000000,31.000000,240.454596,0.000000,294.818942
8865,6932.386159,0.000000,31.000000,239.953203,0.000000,287.298050
8866,6932.386159,0.000000,31.000000,239.451811,0.000000,279.777159
8867,6932.386159,0.000000,31.000000,238.950418,0.000000,272.256267
8868,6932.386159,0.000000,31.000000,238.449025,0.000000,264.735376
8869,6932.386159,0.000000,31.000000,237.947632,0.000000,257.214485
8870,6932.386159,0.000000,31.000000,237.446240,0.000000,249.693593
8871,6932.386159,0.000000,31.000000,236.944847,0.000000,242.172702
8872,6932.386159,0.000000,31.000000,236.443454,0.000000,234.651811
8873,6932.386159,0.000000,31.000000,235.942061,0.000000,227.130919
8874,6932.386159,0.000000,31.000000,235.440669,0.000000,219.610028
8875,6932.386159,0.000000,31.000000,234.939276,0.000000,212.089136
8876,6932.386159,0.000000,31.000000,234.437883,0.000000,204.568245
8877,6932.386159,0.000000,31.000000,233.936490,0.000000,197.047354
8878,6932.386159,0.000000,31.000000,233.435097,0.000000,189.526462
8879,6932.386159,0.000000,31.000000,232.933705,0.000000,182.005571
8880,6932.386159,0.000000,31.000000,232.432312,0.000000,174.484680
8881,6932.386159,0.000000,31.000000,231.930919,0.000000,166.963788
8882,6932.386159,0.000000,31.000000,231.429526,0.000000,159.442897
8883,6932.386159,0.000000,31.000000,230.928134,0.000000,151.922006
8884,6932.386159,0.000000,31.000000,230.426741,0.000000,144.401114
8885,6932.386159,0.000000,31.000000,229.925348,0.000000,136.880223
8886,6932.386159,0.000000,31.000000,229.423955,0.000000,129.359331
8887,6932.386159,0.000000,31.000000,228.922563,0.000000,121.838440
8888,6932.386159,0.000000,31.000000,228.421170,0.000000,114.317549
8889,6932.386159,0.000000,31.000000,227.919777,0.000000,106.796657
8890,6932.386159,0.000000,31.000000,227.418384,0.000000,99.275766
8891,6932.386159,0.000000,31.000000,226.916992,0.000000,91.754875
8892,6932.386159,0.000000,31.000000,226.415599,0.000000,84.233983
8893,6932.386159,0.000000,31.000000,225.914206,0.000000,76.713092
8894,6932.386159,0.000000,31.000000,225.412813,0.000000,69.192201
8895,6932.386159,0.000000,31.000000,224.911421,0.000000,61.671309
8896,6932.386159,0.000000,31.000000,224.410028,0.000000,54.150418
8897,6932.386159,0.000000,31.000000,223.908635,0.000000,46.629526
8898,6932.386159,0.000000,31.000000,223.407242,0.000000,39.108635
8899,6932.386159,0.000000,31.000000,222.905850,0.000000,31.587744
8900,6932.386159,0.000000,31.000000,222.404457,0.000000,24.066852
8901,6932.386159,0.000000,31.000000,221.903064,0.000000,16.545961
8902,6932.386159,0.000000,31.000000,221.401671,0.000000,9.025070
8903,6932.386159,0.000000,31.000000,220.900279,0.000000,1.504178
8904,6932.386159,0.000000,31.000000,220.398886,0.000000,353.983287
8905,6932.386159,0.000000,31.000000,219.897493,0.000000,346.462396
8906,6932.386159,0.000000,31.000000,219.396100,0.000000,338.941504
8907,6932.386159,0.000000,31.000000,218.894708,0.000000,331.420613
8908,6932.386159,0.000000,31.000000,218.393315,0.000000,323.899721
8909,6932.386159,0.000000,31.000000,217.891922,0.000000,316.378830
8910,6932.386159,0.000000,31.000000,217.390529,0.000000,308.857939
8911,6932.386159,0.000000,31.000000,216.889136,0.000000,301.337047
8912,6932.386159,0.000000,31.000000,216.387744,0.000000,293.816156
8913,6932.386159,0.000000,31.000000,215.886351,0.000000,286.295265
8914,6932.386159,0.000000,31.000000,215.384958,0.000000,278.774373
8915,6932.386159,0.000000,31.000000,214.883565,0.000000,271.253482
8916,6932.386159,0.000000,31.000000,214.382173,0.000000,263.732591
8917,6932.386159,0.000000,31.000000,213.880780,0.000000,256.211699
8918,6932.386159,0.000000,31.000000,213.379387,0.000000,248.690808
8919,6932.386159,0.000000,31.000000,212.877994,0.000000,241.169916
8920,6932.386159,0.000000,31.000000,212.376602,0.000000,233.649025
8921,6932.386159,0.000000,31.000000,211.875209,0.000000,226.128134
8922,6932.386159,0.000000,31.000000,211.373816,0.000000,218.607242
8923,6932.386159,0.000000,31.000000,210.872423,0.000000,211.086351
8924,6932.386159,0.000000,31.000000,210.371031,0.000000,203.565460
8925,6932.386159,0.000000,31.000000,209.869638,0.000000,196.044568
8926,6932.386159,0.000000,31.000000,209.368245,0.000000,188.523677
8927,6932.386159,0.000000,31.000000,208.866852,0.000000,181.002786
8928,6932.386159,0.000000,31.000000,208.365460,0.000000,173.481894
8929,6932.386159,0.000000,31.000000,207.864067,0.000000,165.961003
8930,6932.386159,0.000000,31.000000,207.362674,0.000000,158.440111
8931,6932.386159,0.000000,31.000000,206.861281,0.000000,150.919220
8932,6932.386159,0.000000,31.000000,206.359889,0.000000,143.398329
8933,6932.386159,0.000000,31.000000,205.858496,0.000000,135.877437
8934,6932.386159,0.000000,31.000000,205.357103,0.000000,128.356546
8935,6932.386159,0.000000,31.000000,204.855710,0.000000,120.835655
8936,6932.386159,0.000000,31.000000,204.354318,0.000000,113.314763
8937,6932.386159,0.000000,31.000000,203.852925,0.000000,105.793872
8938,6932.386159,0.000000,31.000000,203.351532,0.000000,98.272981
8939,6932.386159,0.000000,31.000000,202.850139,0.000000,90.752089
8940,6932.386159,0.000000,31.000000,202.348747,0.000000,83.231198
8941,6932.386159,0.000000,31.000000,201.847354,0.000000,75.710306
8942,6932.386159,0.000000,31.000000,201.345961,0.000000,68.189415
8943,6932.386159,0.000000,31.000000,200.844568,0.000000,60.668524
8944,6932.386159,0.000000,31.000000,200.343175,0.000000,53.147632
8945,6932.386159,0.000000,31.000000,199.841783,0.000000,45.626741
8946,6932.386159,0.000000,31.000000,199.340390,0.000000,38.105850
8947,6932.386159,0.000000,31.000000,198.838997,0.000000,30.584958
8948,6932.386159,0.000000,31.000000,198.337604,0.000000,23.064067
8949,6932.386159,0.000000,31.000000,197.836212,0.000000,15.543175
8950,6932.386159,0.000000,31.000000,197.334819,0.000000,8.022284
8951,6932.386159,0.000000,31.000000,196.833426,0.000000,0.501393
8952,6932.386159,0.000000,31.000000,196.332033,0.000000,352.980501
8953,6932.386159,0.000000,31.000000,195.830641,0.000000,345.459610
8954,6932.386159,0.000000,31.000000,195.329248,0.000000,337.938719
8955,6932.386159,0.000000,31.000000,194.827855,0.000000,330.417827
8956,6932.386159,0.000000,31.000000,194.326462,0.000000,322.896936
8957,6932.386159,0.000000,31.000000,193.825070,0.000000,315.376045
8958,6932.386159,0.000000,31.000000,193.323677,0.000000,307.855153
8959,6932.386159,0.000000,31.000000,192.822284,0.000000,300.334262
8960,6932.386159,0.000000,31.000000,192.320891,0.000000,292.813370
8961,6932.386159,0.000000,31.000000,191.819499,0.000000,285.292479
8962,6932.386159,0.000000,31.000000,191.318106,0.000000,277.771588
8963,6932.386159,0.000000,31.000000,190.816713,0.000000,270.250696
8964,6932.386159,0.000000,31.000000,190.315320,0.000000,262.729805
8965,6932.386159,0.000000,31.000000,189.813928,0.000000,255.208914
8966,6932.386159,0.000000,31.000000,189.312535,0.000000,247.688022
8967,6932.386159,0.000000,31.000000,188.811142,0.000000,240.167131
8968,6932.386159,0.000000,31.000000,188.309749,0.000000,232.646240
8969,6932.386159,0.000000,31.000000,187.808357,0.000000,225.125348
8970,6932.386159,0.000000,31.000000,187.306964,0.000000,217.604457
8971,6932.386159,0.000000,31.000000,186.805571,0.000000,210.083565
8972,6932.386159,0.000000,31.000000,186.304178,0.000000,202.562674
8973,6932.386159,0.000000,31.000000,185.802786,0.000000,195.041783
8974,6932.386159,0.000000,31.000000,185.301393,0.000000,187.520891
8975,6932.386159,0.000000,31.000000,184.800000,0.000000,180.000000
8976,6932.386159,0.000000,31.000000,184.298607,0.000000,172.479109
8977,6932.386159,0.000000,31.000000,183.797214,0.000000,164.958217
8978,6932.386159,0.000000,31.000000,183.295822,0.000000,157.437326
8979,6932.386159,0.000000,31.000000,182.794429,0.000000,149.916435
8980,6932.386159,0.000000,31.000000,182.293036,0.000000,142.395543
8981,6932.386159,0.000000,31.000000,181.791643,0.000000,134.874652
8982,6932.386159,0.000000,31.000000,181.290251,0.000000,127.353760
8983,6932.386159,0.000000,31.000000,180.788858,0.000000,119.832869
8984,6932.386159,0.000000,31.000000,180.287465,0.000000,112.311978
8985,6932.386159,0.000000,31.000000,179.786072,0.000000,104.791086
8986,6932.386159,0.000000,31.000000,179.284680,0.000000,97.270195
8987,6932.386159,0.000000,31.000000,178.783287,0.000000,89.749304
8988,6932.386159,0.000000,31.000000,178.281894,0.000000,82.228412
8989,6932.386159,0.000000,31.000000,177.780501,0.000000,74.707521
8990,6932.386159,0.000000,31.000000,177.279109,0.000000,67.186630
8991,6932.386159,0.000000,31.000000,176.777716,0.000000,59.665738
8992,6932.386159,0.000000,31.000000,176.276323,0.000000,52.144847
8993,6932.386159,0.000000,31.000000,175.774930,0.000000,44.623955
8994,6932.386159,0.000000,31.000000,175.273538,0.000000,37.103064
8995,6932.386159,0.000000,31.000000,174.772145,0.000000,29.582173
8996,6932.386159,0.000000,31.000000,174.270752,0.000000,22.061281
8997,6932.386159,0.000000,31.000000,173.769359,0.000000,14.540390
8998,6932.386159,0.000000,31.000000,173.267967,0.000000,7.019499
8999,6932.386159,0.000000,31.000000,172.766574,0.000000,359.498607
9000,6932.386159,0.000000,31.000000,172.265181,0.000000,351.977716
9001,6932.386159,0.000000,31.000000,171.763788,0.000000,344.456825
9002,6932.386159,0.000000,31.000000,171.262396,0.000000,336.935933
9003,6932.386159,0.000000,31.000000,170.761003,0.000000,329.415042
9004,6932.386159,0.000000,31.000000,170.259610,0.000000,321.894150
9005,6932.386159,0.000000,31.000000,169.758217,0.000000,314.373259
9006,6932.386159,0.000000,31.000000,169.256825,0.000000,306.852368
9007,6932.386159,0.000000,31.000000,168.755432,0.000000,299.331476
9008,6932.386159,0.000000,31.000000,168.254039,0.000000,291.810585
9009,6932.386159,0.000000,31.000000,167.752646,0.000000,284.289694
9010,6932.386159,0.000000,31.000000,167.251253,0.000000,276.768802
9011,6932.386159,0.000000,31.000000,166.749861,0.000000,269.247911
9012,6932.386159,0.000000,31.000000,166.248468,0.000000,261.727019
9013,6932.386159,0.000000,31.000000,165.747075,0.000000,254.206128
9014,6932.386159,0.000000,31.000000,165.245682,0.000000,246.685237
9015,6932.386159,0.000000,31.000000,164.744290,0.000000,239.164345
9016,6932.386159,0.000000,31.000000,164.242897,0.000000,231.643454
9017,6932.386159,0.000000,31.000000,163.741504,0.000000,224.122563
9018,6932.386159,0.000000,31.000000,163.240111,0.000000,216.601671
9019,6932.386159,0.000000,31.000000,162.738719,0.000000,209.080780
9020,6932.386159,0.000000,31.000000,162.237326,0.000000,201.559889
9021,6932.386159,0.000000,31.000000,161.735933,0.000000,194.038997
9022,6932.386159,0.000000,31.000000,161.234540,0.000000,186.518106
9023,6932.386159,0.000000,31.000000,160.733148,0.000000,178.997214
9024,6932.386159,0.000000,31.000000,160.231755,0.000000,171.476323
9025,6932.386159,0.000000,31.000000,159.730362,0.000000,163.955432
9026,6932.386159,0.000000,31.000000,159.228969,0.000000,156.434540
9027,6932.386159,0.000000,31.000000,158.727577,0.000000,148.913649
9028,6932.386159,0.000000,31.000000,158.226184,0.000000,141.392758
9029,6932.386159,0.000000,31.000000,157.724791,0.000000,133.871866
9030,6932.386159,0.000000,31.000000,157.223398,0.000000,126.350975
9031,6932.386159,0.000000,31.000000,156.722006,0.000000,118.830084
9032,6932.386159,0.000000,31.000000,156.220613,0.000000,111.309192
9033,6932.386159,0.000000,31.000000,155.719220,0.000000,103.788301
9034,6932.386159,0.000000,31.000000,155.217827,0.000000,96.267409
9035,6932.386159,0.000000,31.000000,154.716435,0.000000,88.746518
9036,6932.386159,0.000000,31.000000,154.215042,0.000000,81.225627
9037,6932.386159,0.000000,31.000000,153.713649,0.000000,73.704735
9038,6932.386159,0.000000,31.000000,153.212256,0.000000,66.183844
9039,6932.386159,0.000000,31.000000,152.710864,0.000000,58.662953
9040,6932.386159,0.000000,31.000000,152.209471,0.000000,51.142061
9041,6932.386159,0.000000,31.000000,151.708078,0.000000,43.621170
9042,6932.386159,0.000000,31.000000,151.206685,0.000000,36.100279
9043,6932.386159,0.000000,31.000000,150.705292,0.000000,28.579387
9044,6932.386159,0.000000,31.000000,150.203900,0.000000,21.058496
9045,6932.386159,0.000000,31.000000,149.702507,0.000000,13.537604
9046,6932.386159,0.000000,31.000000,149.201114,0.000000,6.016713
9047,6932.386159,0.000000,31.000000,148.699721,0.000000,358.495822
9048,6932.386159,0.000000,31.000000,148.198329,0.000000,350.974930
9049,6932.386159,0.000000,31.000000,147.696936,0.000000,343.454039
9050,6932.386159,0.000000,31.000000,147.195543,0.000000,335.933148
9051,6932.386159,0.000000,31.000000,146.694150,0.000000,328.412256
9052,6932.386159,0.000000,31.000000,146.192758,0.000000,320.891365
9053,6932.386159,0.000000,31.000000,145.691365,0.000000,313.370474
9054,6932.386159,0.000000,31.000000,145.189972,0.000000,305.849582
9055,6932.386159,0.000000,31.000000,144.688579,0.000000,298.328691
9056,6932.386159,0.000000,31.000000,144.187187,0.000000,290.807799
9057,6932.386159,0.000000,31.000000,143.685794,0.000000,283.286908
9058,6932.386159,0.000000,31.000000,143.184401,0.000000,275.766017
9059,6932.386159,0.000000,31.000000,142.683008,0.000000,268.245125
9060,6932.386159,0.000000,31.000000,142.181616,0.000000,260.724234
9061,6932.386159,0.000000,31.000000,141.680223,0.000000,253.203343
9062,6932.386159,0.000000,31.000000,141.178830,0.000000,245.682451
9063,6932.386159,0.000000,31.000000,140.677437,0.000000,238.161560
9064,6932.386159,0.000000,31.000000,140.176045,0.000000,230.640669
9065,6932.386159,0.000000,31.000000,139.674652,0.000000,223.119777
9066,6932.386159,0.000000,31.000000,139.173259,0.000000,215.598886
9067,6932.386159,0.000000,31.000000,138.671866,0.000000,208.077994
9068,6932.386159,0.000000,31.000000,138.170474,0.000000,200.557103
9069,6932.386159,0.000000,31.000000,137.669081,0.000000,193.036212
9070,6932.386159,0.000000,31.000000,137.167688,0.000000,185.515320
9071,6932.386159,0.000000,31.000000,136.666295,0.000000,177.994429
9072,6932.386159,0.000000,31.000000,136.164903,0.000000,170.473538
9073,6932.386159,0.000000,31.000000,135.663510,0.000000,162.952646
9074,6932.386159,0.000000,31.000000,135.162117,0.000000,155.431755
9075,6932.386159,0.000000,31.000000,134.660724,0.000000,147.910864
9076,6932.386159,0.000000,31.000000,134.159331,0.000000,140.389972
9077,6932.386159,0.000000,31.000000,133.657939,0.000000,132.869081
9078,6932.386159,0.000000,31.000000,133.156546,0.000000,125.348189
9079,6932.386159,0.000000,31.000000,132.655153,0.000000,117.827298
9080,6932.386159,0.000000,31.000000,132.153760,0.000000,110.306407
9081,6932.386159,0.000000,31.000000,131.652368,0.000000,102.785515
9082,6932.386159,0.000000,31.000000,131.150975,0.000000,95.264624
9083,6932.386159,0.000000,31.000000,130.649582,0.000000,87.743733
9084,6932.386159,0.000000,31.000000,130.148189,0.000000,80.222841
9085,6932.386159,0.000000,31.000000,129.646797,0.000000,72.701950
9086,6932.386159,0.000000,31.000000,129.145404,0.000000,65.181058
9087,6932.386159,0.000000,31.000000,128.644011,0.000000,57.660167
9088,6932.386159,0.000000,31.000000,128.142618,0.000000,50.139276
9089,6932.386159,0.000000,31.000000,127.641226,0.000000,42.618384
9090,6932.386159,0.000000,31.000000,127.139833,0.000000,35.097493
9091,6932.386159,0.000000,31.000000,126.638440,0.000000,27.576602
9092,6932.386159,0.000000,31.000000,126.137047,0.000000,20.055710
9093,6932.386159,0.000000,31.000000,125.635655,0.000000,12.534819
9094,6932.386159,0.000000,31.000000,125.134262,0.000000,5.013928
9095,6932.386159,0.000000,31.000000,124.632869,0.000000,357.493036
9096,6932.386159,0.000000,31.000000,124.131476,0.000000,349.972145
9097,6932.386159,0.000000,31.000000,123.630084,0.000000,342.451253
9098,6932.386159,0.000000,31.000000,123.128691,0.000000,334.930362
9099,6932.386159,0.000000,31.000000,122.627298,0.000000,327.409471
9100,6932.386159,0.000000,31.000000,122.125905,0.000000,319.888579
9101,6932.386159,0.000000,31.000000,121.624513,0.000000,312.367688
9102,6932.386159,0.000000,31.000000,121.123120,0.000000,304.846797
9103,6932.386159,0.000000,31.000000,120.621727,0.000000,297.325905
9104,6932.386159,0.000000,31.000000,120.120334,0.000000,289.805014
9105,6932.386159,0.000000,31.000000,119.618942,0.000000,282.284123
9106,6932.386159,0.000000,31.000000,119.117549,0.000000,274.763231
9107,6932.386159,0.000000,31.000000,118.616156,0.000000,267.242340
9108,6932.386159,0.000000,31.000000,118.114763,0.000000,259.721448
9109,6932.386159,0.000000,31.000000,117.613370,0.000000,252.200557
9110,6932.386159,0.000000,31.000000,117.111978,0.000000,244.679666
9111,6932.386159,0.000000,31.000000,116.610585,0.000000,237.158774
9112,6932.386159,0.000000,31.000000,116.109192,0.000000,229.637883
9113,6932.386159,0.000000,31.000000,115.607799,0.000000,222.116992
9114,6932.386159,0.000000,31.000000,115.106407,0.000000,214.596100
9115,6932.386159,0.000000,31.000000,114.605014,0.000000,207.075209
9116,6932.386159,0.000000,31.000000,114.103621,0.000000,199.554318
9117,6932.386159,0.000000,31.000000,113.602228,0.000000,192.033426
9118,6932.386159,0.000000,31.000000,113.100836,0.000000,184.512535
9119,6932.386159,0.000000,31.000000,112.599443,0.000000,176.991643
9120,6932.386159,0.000000,31.000000,112.098050,0.000000,169.470752
9121,6932.386159,0.000000,31.000000,111.596657,0.000000,161.949861
9122,6932.386159,0.000000,31.000000,111.095265,0.000000,154.428969
9123,6932.386159,0.000000,31.000000,110.593872,0.000000,146.908078
9124,6932.386159,0.000000,31.000000,110.092479,0.000000,139.387187
9125,6932.386159,0.000000,31.000000,109.591086,0.000000,131.866295
9126,6932.386159,0.000000,31.000000,109.089694,0.000000,124.345404
9127,6932.386159,0.000000,31.000000,108.588301,0.000000,116.824513
9128,6932.386159,0.000000,31.000000,108.086908,0.000000,109.303621
9129,6932.386159,0.000000,31.000000,107.585515,0.000000,101.782730
9130,6932.386159,0.000000,31.000000,107.084123,0.000000,94.261838
9131,6932.386159,0.000000,31.000000,106.582730,0.000000,86.740947
9132,6932.386159,0.000000,31.000000,106.081337,0.000000,79.220056
9133,6932.386159,0.000000,31.000000,105.579944,0.000000,71.699164
9134,6932.386159,0.000000,31.000000,105.078552,0.000000,64.178273
9135,6932.386159,0.000000,31.000000,104.577159,0.000000,56.657382
9136,6932.386159,0.000000,31.000000,104.075766,0.000000,49.136490
9137,6932.386159,0.000000,31.000000,103.574373,0.000000,41.615599
9138,6932.386159,0.000000,31.000000,103.072981,0.000000,34.094708
9139,6932.386159,0.000000,31.000000,102.571588,0.000000,26.573816
9140,6932.386159,0.000000,31.000000,102.070195,0.000000,19.052925
9141,6932.386159,0.000000,31.000000,101.568802,0.000000,11.532033
9142,6932.386159,0.000000,31.000000,101.067409,0.000000,4.011142
9143,6932.386159,0.000000,31.000000,100.566017,0.000000,356.490251
9144,6932.386159,0.000000,31.000000,100.064624,0.000000,348.969359
9145,6932.386159,0.000000,31.000000,99.563231,0.000000,341.448468
9146,6932.386159,0.000000,31.000000,99.061838,0.000000,333.927577
9147,6932.386159,0.000000,31.000000,98.560446,0.000000,326.406685
9148,6932.386159,0.000000,31.000000,98.059053,0.000000,318.885794
9149,6932.386159,0.000000,31.000000,97.557660,0.000000,311.364903
9150,6932.386159,0.000000,31.000000,97.056267,0.000000,303.844011
9151,6932.386159,0.000000,31.000000,96.554875,0.000000,296.323120
9152,6932.386159,0.000000,31.000000,96.053482,0.000000,288.802228
9153,6932.386159,0.000000,31.000000,95.552089,0.000000,281.281337
9154,6932.386159,0.000000,31.000000,95.050696,0.000000,273.760446
9155,6932.386159,0.000000,31.000000,94.549304,0.000000,266.239554
9156,6932.386159,0.000000,31.000000,94.047911,0.000000,258.718663
9157,6932.386159,0.000000,31.000000,93.546518,0.000000,251.197772
9158,6932.386159,0.000000,31.000000,93.045125,0.000000,243.676880
9159,6932.386159,0.000000,31.000000,92.543733,0.000000,236.155989
9160,6932.386159,0.000000,31.000000,92.042340,0.000000,228.635097
9161,6932.386159,0.000000,31.000000,91.540947,0.000000,221.114206
9162,6932.386159,0.000000,31.000000,91.039554,0.000000,213.593315
9163,6932.386159,0.000000,31.000000,90.538162,0.000000,206.072423
9164,6932.386159,0.000000,31.000000,90.036769,0.000000,198.551532
9165,6932.386159,0.000000,31.000000,89.535376,0.000000,191.030641
9166,6932.386159,0.000000,31.000000,89.033983,0.000000,183.509749
9167,6932.386159,0.000000,31.000000,88.532591,0.000000,175.988858
9168,6932.386159,0.000000,31.000000,88.031198,0.000000,168.467967
9169,6932.386159,0.000000,31.000000,87.529805,0.000000,160.947075
9170,6932.386159,0.000000,31.000000,87.028412,0.000000,153.426184
9171,6932.386159,0.000000,31.000000,86.527019,0.000000,145.905292
9172,6932.386159,0.000000,31.000000,86.025627,0.000000,138.384401
9173,6932.386159,0.000000,31.000000,85.524234,0.000000,130.863510
9174,6932.386159,0.000000,31.000000,85.022841,0.000000,123.342618
9175,6932.386159,0.000000,31.000000,84.521448,0.000000,115.821727
9176,6932.386159,0.000000,31.000000,84.020056,0.000000,108.300836
9177,6932.386159,0.000000,31.000000,83.518663,0.000000,100.779944
9178,6932.386159,0.000000,31.000000,83.017270,0.000000,93.259053
9179,6932.386159,0.000000,31.000000,82.515877,0.000000,85.738162
9180,6932.386159,0.000000,31.000000,82.014485,0.000000,78.217270
9181,6932.386159,0.000000,31.000000,81.513092,0.000000,70.696379
9182,6932.386159,0.000000,31.000000,81.011699,0.000000,63.175487
9183,6932.386159,0.000000,31.000000,80.510306,0.000000,55.654596
9184,6932.386159,0.000000,31.000000,80.008914,0.000000,48.133705
9185,6932.386159,0.000000,31.000000,79.507521,0.000000,40.612813
9186,6932.386159,0.000000,31.000000,79.006128,0.000000,33.091922
9187,6932.386159,0.000000,31.000000,78.504735,0.000000,25.571031
9188,6932.386159,0.000000,31.000000,78.003343,0.000000,18.050139
9189,6932.386159,0.000000,31.000000,77.501950,0.000000,10.529248
9190,6932.386159,0.000000,31.000000,77.000557,0.000000,3.008357
9191,6932.386159,0.000000,31.000000,76.499164,0.000000,355.487465
9192,6932.386159,0.000000,31.000000,75.997772,0.000000,347.966574
9193,6932.386159,0.000000,31.000000,75.496379,0.000000,340.445682
9194,6932.386159,0.000000,31.000000,74.994986,0.000000,332.924791
9195,6932.386159,0.000000,31.000000,74.493593,0.000000,325.403900
9196,6932.386159,0.000000,31.000000,73.992201,0.000000,317.883008
9197,6932.386159,0.000000,31.000000,73.490808,0.000000,310.362117
9198,6932.386159,0.000000,31.000000,72.989415,0.000000,302.841226
9199,6932.386159,0.000000,31.000000,72.488022,0.000000,295.320334
9200,6932.386159,0.000000,31.000000,71.986630,0.000000,287.799443
9201,6932.386159,0.000000,31.000000,71.485237,0.000000,280.278552
9202,6932.386159,0.000000,31.000000,70.983844,0.000000,272.757660
9203,6932.386159,0.000000,31.000000,70.482451,0.000000,265.236769
9204,6932.386159,0.000000,31.000000,69.981058,0.000000,257.715877
9205,6932.386159,0.000000,31.000000,69.479666,0.000000,250.194986
9206,6932.386159,0.000000,31.000000,68.978273,0.000000,242.674095
9207,6932.386159,0.000000,31.000000,68.476880,0.000000,235.153203
9208,6932.386159,0.000000,31.000000,67.975487,0.000000,227.632312
9209,6932.386159,0.000000,31.000000,67.474095,0.000000,220.111421
9210,6932.386159,0.000000,31.000000,66.972702,0.000000,212.590529
9211,6932.386159,0.000000,31.000000,66.471309,0.000000,205.069638
9212,6932.386159,0.000000,31.000000,65.969916,0.000000,197.548747
9213,6932.386159,0.000000,31.000000,65.468524,0.000000,190.027855
9214,6932.386159,0.000000,31.000000,64.967131,0.000000,182.506964
9215,6932.386159,0.000000,31.000000,64.465738,0.000000,174.986072
9216,6932.386159,0.000000,31.000000,63.964345,0.000000,167.465181
9217,6932.386159,0.000000,31.000000,63.462953,0.000000,159.944290
9218,6932.386159,0.000000,31.000000,62.961560,0.000000,152.423398
9219,6932.386159,0.000000,31.000000,62.460167,0.000000,144.902507
9220,6932.386159,0.000000,31.000000,61.958774,0.000000,137.381616
9221,6932.386159,0.000000,31.000000,61.457382,0.000000,129.860724
9222,6932.386159,0.000000,31.000000,60.955989,0.000000,122.339833
9223,6932.386159,0.000000,31.000000,60.454596,0.000000,114.818942
9224,6932.386159,0.000000,31.000000,59.953203,0.000000,107.298050
9225,6932.386159,0.000000,31.000000,59.451811,0.000000,99.777159
9226,6932.386159,0.000000,31.000000,58.950418,0.000000,92.256267
9227,6932.386159,0.000000,31.000000,58.449025,0.000000,84.735376
9228,6932.386159,0.000000,31.000000,57.947632,0.000000,77.214485
9229,6932.386159,0.000000,31.000000,57.446240,0.000000,69.693593
9230,6932.386159,0.000000,31.000000,56.944847,0.000000,62.172702
9231,6932.386159,0.000000,31.000000,56.443454,0.000000,54.651811
9232,6932.386159,0.000000,31.000000,55.942061,0.000000,47.130919
9233,6932.386159,0.000000,31.000000,55.440669,0.000000,39.610028
9234,6932.386159,0.000000,31.000000,54.939276,0.000000,32.089136
9235,6932.386159,0.000000,31.000000,54.437883,0.000000,24.568245
9236,6932.386159,0.000000,31.000000,53.936490,0.000000,17.047354
9237,6932.386159,0.000000,31.000000,53.435097,0.000000,9.526462
9238,6932.386159,0.000000,31.000000,52.933705,0.000000,2.005571
9239,6932.386159,0.000000,31.000000,52.432312,0.000000,354.484680
9240,6932.386159,0.000000,31.000000,51.930919,0.000000,346.963788
9241,6932.386159,0.000000,31.000000,51.429526,0.000000,339.442897
9242,6932.386159,0.000000,31.000000,50.928134,0.000000,331.922006
9243,6932.386159,0.000000,31.000000,50.426741,0.000000,324.401114
9244,6932.386159,0.000000,31.000000,49.925348,0.000000,316.880223
9245,6932.386159,0.000000,31.000000,49.423955,0.000000,309.359331
9246,6932.386159,0.000000,31.000000,48.922563,0.000000,301.838440
9247,6932.386159,0.000000,31.000000,48.421170,0.000000,294.317549
9248,6932.386159,0.000000,31.000000,47.919777,0.000000,286.796657
9249,6932.386159,0.000000,31.000000,47.418384,0.000000,279.275766
9250,6932.386159,0.000000,31.000000,46.916992,0.000000,271.754875
9251,6932.386159,0.000000,31.000000,46.415599,0.000000,264.233983
9252,6932.386159,0.000000,31.000000,45.914206,0.000000,256.713092
9253,6932.386159,0.000000,31.000000,45.412813,0.000000,249.192201
9254,6932.386159,0.000000,31.000000,44.911421,0.000000,241.671309
9255,6932.386159,0.000000,31.000000,44.410028,0.000000,234.150418
9256,6932.386159,0.000000,31.000000,43.908635,0.000000,226.629526
9257,6932.386159,0.000000,31.000000,43.407242,0.000000,219.108635
9258,6932.386159,0.000000,31.000000,42.905850,0.000000,211.587744
9259,6932.386159,0.000000,31.000000,42.404457,0.000000,204.066852
9260,6932.386159,0.000000,31.000000,41.903064,0.000000,196.545961
9261,6932.386159,0.000000,31.000000,41.401671,0.000000,189.025070
9262,6932.386159,0.000000,31.000000,40.900279,0.000000,181.504178
9263,6932.386159,0.000000,31.000000,40.398886,0.000000,173.983287
9264,6932.386159,0.000000,31.000000,39.897493,0.000000,166.462396
9265,6932.386159,0.000000,31.000000,39.396100,0.000000,158.941504
9266,6932.386159,0.000000,31.000000,38.894708,0.000000,151.420613
9267,6932.386159,0.000000,31.000000,38.393315,0.000000,143.899721
9268,6932.386159,0.000000,31.000000,37.891922,0.000000,136.378830
9269,6932.386159,0.000000,31.000000,37.390529,0.000000,128.857939
9270,6932.386159,0.000000,31.000000,36.889136,0.000000,121.337047
9271,6932.386159,0.000000,31.000000,36.387744,0.000000,113.816156
9272,6932.386159,0.000000,31.000000,35.886351,0.000000,106.295265
9273,6932.386159,0.000000,31.000000,35.384958,0.000000,98.774373
9274,6932.386159,0.000000,31.000000,34.883565,0.000000,91.253482
9275,6932.386159,0.000000,31.000000,34.382173,0.000000,83.732591
9276,6932.386159,0.000000,31.000000,33.880780,0.000000,76.211699
9277,6932.386159,0.000000,31.000000,33.379387,0.000000,68.690808
9278,6932.386159,0.000000,31.000000,32.877994,0.000000,61.169916
9279,6932.386159,0.000000,31.000000,32.376602,0.000000,53.649025
9280,6932.386159,0.000000,31.000000,31.875209,0.000000,46.128134
9281,6932.386159,0.000000,31.000000,31.373816,0.000000,38.607242
9282,6932.386159,0.000000,31.000000,30.872423,0.000000,31.086351
9283,6932.386159,0.000000,31.000000,30.371031,0.000000,23.565460
9284,6932.386159,0.000000,31.000000,29.869638,0.000000,16.044568
9285,6932.386159,0.000000,31.000000,29.368245,0.000000,8.523677
9286,6932.386159,0.000000,31.000000,28.866852,0.000000,1.002786
9287,6932.386159,0.000000,31.000000,28.365460,0.000000,353.481894
9288,6932.386159,0.000000,31.000000,27.864067,0.000000,345.961003
9289,6932.386159,0.000000,31.000000,27.362674,0.000000,338.440111
9290,6932.386159,0.000000,31.000000,26.861281,0.000000,330.919220
9291,6932.386159,0.000000,31.000000,26.359889,0.000000,323.398329
9292,6932.386159,0.000000,31.000000,25.858496,0.000000,315.877437
9293,6932.386159,0.000000,31.000000,25.357103,0.000000,308.356546
9294,6932.386159,0.000000,31.000000,24.855710,0.000000,300.835655
9295,6932.386159,0.000000,31.000000,24.354318,0.000000,293.314763
9296,6932.386159,0.000000,31.000000,23.852925,0.000000,285.793872
9297,6932.386159,0.000000,31.000000,23.351532,0.000000,278.272981
9298,6932.386159,0.000000,31.000000,22.850139,0.000000,270.752089
9299,6932.386159,0.000000,31.000000,22.348747,0.000000,263.231198
9300,6932.386159,0.000000,31.000000,21.847354,0.000000,255.710306
9301,6932.386159,0.000000,31.000000,21.345961,0.000000,248.189415
9302,6932.386159,0.000000,31.000000,20.844568,0.000000,240.668524
9303,6932.386159,0.000000,31.000000,20.343175,0.000000,233.147632
9304,6932.386159,0.000000,31.000000,19.841783,0.000000,225.626741
9305,6932.386159,0.000000,31.000000,19.340390,0.000000,218.105850
9306,6932.386159,0.000000,31.000000,18.838997,0.000000,210.584958
9307,6932.386159,0.000000,31.000000,18.337604,0.000000,203.064067
9308,6932.386159,0.000000,31.000000,17.836212,0.000000,195.543175
9309,6932.386159,0.000000,31.000000,17.334819,0.000000,188.022284
9310,6932.386159,0.000000,31.000000,16.833426,0.000000,180.501393
9311,6932.386159,0.000000,31.000000,16.332033,0.000000,172.980501
9312,6932.386159,0.000000,31.000000,15.830641,0.000000,165.459610
9313,6932.386159,0.000000,31.000000,15.329248,0.000000,157.938719
9314,6932.386159,0.000000,31.000000,14.827855,0.000000,150.417827
9315,6932.386159,0.000000,31.000000,14.326462,0.000000,142.896936
9316,6932.386159,0.000000,31.000000,13.825070,0.000000,135.376045
9317,6932.386159,0.000000,31.000000,13.323677,0.000000,127.855153
9318,6932.386159,0.000000,31.000000,12.822284,0.000000,120.334262
9319,6932.386159,0.000000,31.000000,12.320891,0.000000,112.813370
9320,6932.386159,0.000000,31.000000,11.819499,0.000000,105.292479
9321,6932.386159,0.000000,31.000000,11.318106,0.000000,97.771588
9322,6932.386159,0.000000,31.000000,10.816713,0.000000,90.250696
9323,6932.386159,0.000000,31.000000,10.315320,0.000000,82.729805
9324,6932.386159,0.000000,31.000000,9.813928,0.000000,75.208914
9325,6932.386159,0.000000,31.000000,9.312535,0.000000,67.688022
9326,6932.386159,0.000000,31.000000,8.811142,0.000000,60.167131
9327,6932.386159,0.000000,31.000000,8.309749,0.000000,52.646240
9328,6932.386159,0.000000,31.000000,7.808357,0.000000,45.125348
9329,6932.386159,0.000000,31.000000,7.306964,0.000000,37.604457
9330,6932.386159,0.000000,31.000000,6.805571,0.000000,30.083565
9331,6932.386159,0.000000,31.000000,6.304178,0.000000,22.562674
9332,6932.386159,0.000000,31.000000,5.802786,0.000000,15.041783
9333,6932.386159,0.000000,31.000000,5.301393,0.000000,7.520891
9334,6932.386159,0.000000,50.000000,12.000000,0.000000,0.000000
9335,6932.386159,0.000000,50.000000,11.498607,0.000000,352.479109
9336,6932.386159,0.000000,50.000000,10.997214,0.000000,344.958217
9337,6932.386159,0.000000,50.000000,10.495822,0.000000,337.437326
9338,6932.386159,0.000000,50.000000,9.994429,0.000000,329.916435
9339,6932.386159,0.000000,50.000000,9.493036,0.000000,322.395543
9340,6932.386159,0.000000,50.000000,8.991643,0.000000,314.874652
9341,6932.386159,0.000000,50.000000,8.490251,0.000000,307.353760
9342,6932.386159,0.000000,50.000000,7.988858,0.000000,299.832869
9343,6932.386159,0.000000,50.000000,7.487465,0.000000,292.311978
9344,6932.386159,0.000000,50.000000,6.986072,0.000000,284.791086
9345,6932.386159,0.000000,50.000000,6.484680,0.000000,277.270195
9346,6932.386159,0.000000,50.000000,5.983287,0.000000,269.749304
9347,6932.386159,0.000000,50.000000,5.481894,0.000000,262.228412
9348,6932.386159,0.000000,50.000000,4.980501,0.000000,254.707521
9349,6932.386159,0.000000,50.000000,4.479109,0.000000,247.186630
9350,6932.386159,0.000000,50.000000,3.977716,0.000000,239.665738
9351,6932.386159,0.000000,50.000000,3.476323,0.000000,232.144847
9352,6932.386159,0.000000,50.000000,2.974930,0.000000,224.623955
9353,6932.386159,0.000000,50.000000,2.473538,0.000000,217.103064
9354,6932.386159,0.000000,50.000000,1.972145,0.000000,209.582173
9355,6932.386159,0.000000,50.000000,1.470752,0.000000,202.061281
9356,6932.386159,0.000000,50.000000,0.969359,0.000000,194.540390
9357,6932.386159,0.000000,50.000000,0.467967,0.000000,187.019499
9358,6932.386159,0.000000,50.000000,359.966574,0.000000,179.498607
9359,6932.386159,0.000000,50.000000,359.465181,0.000000,171.977716
9360,6932.386159,0.000000,50.000000,358.963788,0.000000,164.456825
9361,6932.386159,0.000000,50.000000,358.462396,0.000000,156.935933
9362,6932.386159,0.000000,50.000000,357.961003,0.000000,149.415042
9363,6932.386159,0.000000,50.000000,357.459610,0.000000,141.894150
9364,6932.386159,0.000000,50.000000,356.958217,0.000000,134.373259
9365,6932.386159,0.000000,50.000000,356.456825,0.000000,126.852368
9366,6932.386159,0.000000,50.000000,355.955432,0.000000,119.331476
9367,6932.386159,0.000000,50.000000,355.454039,0.000000,111.810585
9368,6932.386159,0.000000,50.000000,354.952646,0.000000,104.289694
9369,6932.386159,0.000000,50.000000,354.451253,0.000000,96.768802
9370,6932.386159,0.000000,50.000000,353.949861,0.000000,89.247911
9371,6932.386159,0.000000,50.000000,353.448468,0.000000,81.727019
9372,6932.386159,0.000000,50.000000,352.947075,0.000000,74.206128
9373,6932.386159,0.000000,50.000000,352.445682,0.000000,66.685237
9374,6932.386159,0.000000,50.000000,351.944290,0.000000,59.164345
9375,6932.386159,0.000000,50.000000,351.442897,0.000000,51.643454
9376,6932.386159,0.000000,50.000000,350.941504,0.000000,44.122563
9377,6932.386159,0.000000,50.000000,350.440111,0.000000,36.601671
9378,6932.386159,0.000000,50.000000,349.938719,0.000000,29.080780
9379,6932.386159,0.000000,50.000000,349.437326,0.000000,21.559889
9380,6932.386159,0.000000,50.000000,348.935933,0.000000,14.038997
9381,6932.386159,0.000000,50.000000,348.434540,0.000000,6.518106
9382,6932.386159,0.000000,50.000000,347.933148,0.000000,358.997214
9383,6932.386159,0.000000,50.000000,347.431755,0.000000,351.476323
9384,6932.386159,0.000000,50.000000,346.930362,0.000000,343.955432
9385,6932.386159,0.000000,50.000000,346.428969,0.000000,336.434540
9386,6932.386159,0.000000,50.000000,345.927577,0.000000,328.913649
9387,6932.386159,0.000000,50.000000,345.426184,0.000000,321.392758
9388,6932.386159,0.000000,50.000000,344.924791,0.000000,313.871866
9389,6932.386159,0.000000,50.000000,344.423398,0.000000,306.350975
9390,6932.386159,0.000000,50.000000,343.922006,0.000000,298.830084
9391,6932.386159,0.000000,50.000000,343.420613,0.000000,291.309192
9392,6932.386159,0.000000,50.000000,342.919220,0.000000,283.788301
9393,6932.386159,0.000000,50.000000,342.417827,0.000000,276.267409
9394,6932.386159,0.000000,50.000000,341.916435,0.000000,268.746518
9395,6932.386159,0.000000,50.000000,341.415042,0.000000,261.225627
9396,6932.386159,0.000000,50.000000,340.913649,0.000000,253.704735
9397,6932.386159,0.000000,50.000000,340.412256,0.000000,246.183844
9398,6932.386159,0.000000,50.000000,339.910864,0.000000,238.662953
9399,6932.386159,0.000000,50.000000,339.409471,0.000000,231.142061
9400,6932.386159,0.000000,50.000000,338.908078,0.000000,223.621170
9401,6932.386159,0.000000,50.000000,338.406685,0.000000,216.100279
9402,6932.386159,0.000000,50.000000,337.905292,0.000000,208.579387
9403,6932.386159,0.000000,50.000000,337.403900,0.000000,201.058496
9404,6932.386159,0.000000,50.000000,336.902507,0.000000,193.537604
9405,6932.386159,0.000000,50.000000,336.401114,0.000000,186.016713
9406,6932.386159,0.000000,50.000000,335.899721,0.000000,178.495822
9407,6932.386159,0.000000,50.000000,335.398329,0.000000,170.974930
9408,6932.386159,0.000000,50.000000,334.896936,0.000000,163.454039
9409,6932.386159,0.000000,50.000000,334.395543,0.000000,155.933148
9410,6932.386159,0.000000,50.000000,333.894150,0.000000,148.412256
9411,6932.386159,0.000000,50.000000,333.392758,0.000000,140.891365
9412,6932.386159,0.000000,50.000000,332.891365,0.000000,133.370474
9413,6932.386159,0.000000,50.000000,332.389972,0.000000,125.849582
9414,6932.386159,0.000000,50.000000,331.888579,0.000000,118.328691
9415,6932.386159,0.000000,50.000000,331.387187,0.000000,110.807799
9416,6932.386159,0.000000,50.000000,330.885794,0.000000,103.286908
9417,6932.386159,0.000000,50.000000,330.384401,0.000000,95.766017
9418,6932.386159,0.000000,50.000000,329.883008,0.000000,88.245125
9419,6932.386159,0.000000,50.000000,329.381616,0.000000,80.724234
9420,6932.386159,0.000000,50.000000,328.880223,0.000000,73.203343
9421,6932.386159,0.000000,50.000000,328.378830,0.000000,65.682451
9422,6932.386159,0.000000,50.000000,327.877437,0.000000,58.161560
9423,6932.386159,0.000000,50.000000,327.376045,0.000000,50.640669
9424,6932.386159,0.000000,50.000000,326.874652,0.000000,43.119777
9425,6932.386159,0.000000,50.000000,326.373259,0.000000,35.598886
9426,6932.386159,0.000000,50.000000,325.871866,0.000000,28.077994
9427,6932.386159,0.000000,50.000000,325.370474,0.000000,20.557103
9428,6932.386159,0.000000,50.000000,324.869081,0.000000,13.036212
9429,6932.386159,0.000000,50.000000,324.367688,0.000000,5.515320
9430,6932.386159,0.000000,50.000000,323.866295,0.000000,357.994429
9431,6932.386159,0.000000,50.000000,323.364903,0.000000,350.473538
9432,6932.386159,0.000000,50.000000,322.863510,0.000000,342.952646
9433,6932.386159,0.000000,50.000000,322.362117,0.000000,335.431755
9434,6932.386159,0.000000,50.000000,321.860724,0.000000,327.910864
9435,6932.386159,0.000000,50.000000,321.359331,0.000000,320.389972
9436,6932.386159,0.000000,50.000000,320.857939,0.000000,312.869081
9437,6932.386159,0.000000,50.000000,320.356546,0.000000,305.348189
9438,6932.386159,0.000000,50.000000,319.855153,0.000000,297.827298
9439,6932.386159,0.000000,50.000000,319.353760,0.000000,290.306407
9440,6932.386159,0.000000,50.000000,318.852368,0.000000,282.785515
9441,6932.386159,0.000000,50.000000,318.350975,0.000000,275.264624
9442,6932.386159,0.000000,50.000000,317.849582,0.000000,267.743733
9443,6932.386159,0.000000,50.000000,317.348189,0.000000,260.222841
9444,6932.386159,0.000000,50.000000,316.846797,0.000000,252.701950
9445,6932.386159,0.000000,50.000000,316.345404,0.000000,245.181058
9446,6932.386159,0.000000,50.000000,315.844011,0.000000,237.660167
9447,6932.386159,0.000000,50.000000,315.342618,0.000000,230.139276
9448,6932.386159,0.000000,50.000000,314.841226,0.000000,222.618384
9449,6932.386159,0.000000,50.000000,314.339833,0.000000,215.097493
9450,6932.386159,0.000000,50.000000,313.838440,0.000000,207.576602
9451,6932.386159,0.000000,50.000000,313.337047,0.000000,200.055710
9452,6932.386159,0.000000,50.000000,312.835655,0.000000,192.534819
9453,6932.386159,0.000000,50.000000,312.334262,0.000000,185.013928
9454,6932.386159,0.000000,50.000000,311.832869,0.000000,177.493036
9455,6932.386159,0.000000,50.000000,311.331476,0.000000,169.972145
9456,6932.386159,0.000000,50.000000,310.830084,0.000000,162.451253
9457,6932.386159,0.000000,50.000000,310.328691,0.000000,154.930362
9458,6932.386159,0.000000,50.000000,309.827298,0.000000,147.409471
9459,6932.386159,0.000000,50.000000,309.325905,0.000000,139.888579
9460,6932.386159,0.000000,50.000000,308.824513,0.000000,132.367688
9461,6932.386159,0.000000,50.000000,308.323120,0.000000,124.846797
9462,6932.386159,0.000000,50.000000,307.821727,0.000000,117.325905
9463,6932.386159,0.000000,50.000000,307.320334,0.000000,109.805014
9464,6932.386159,0.000000,50.000000,306.818942,0.000000,102.284123
9465,6932.386159,0.000000,50.000000,306.317549,0.000000,94.763231
9466,6932.386159,0.000000,50.000000,305.816156,0.000000,87.242340
9467,6932.386159,0.000000,50.000000,305.314763,0.000000,79.721448
9468,6932.386159,0.000000,50.000000,304.813370,0.000000,72.200557
9469,6932.386159,0.000000,50.000000,304.311978,0.000000,64.679666
9470,6932.386159,0.000000,50.000000,303.810585,0.000000,57.158774
9471,6932.386159,0.000000,50.000000,303.309192,0.000000,49.637883
9472,6932.386159,0.000000,50.000000,302.807799,0.000000,42.116992
9473,6932.386159,0.000000,50.000000,302.306407,0.000000,34.596100
9474,6932.386159,0.000000,50.000000,301.805014,0.000000,27.075209
9475,6932.386159,0.000000,50.000000,301.303621,0.000000,19.554318
9476,6932.386159,0.000000,50.000000,300.802228,0.000000,12.033426
9477,6932.386159,0.000000,50.000000,300.300836,0.000000,4.512535
9478,6932.386159,0.000000,50.000000,299.799443,0.000000,356.991643
9479,6932.386159,0.000000,50.000000,299.298050,0.000000,349.470752
9480,6932.386159,0.000000,50.000000,298.796657,0.000000,341.949861
9481,6932.386159,0.000000,50.000000,298.295265,0.000000,334.428969
9482,6932.386159,0.000000,50.000000,297.793872,0.000000,326.908078
9483,6932.386159,0.000000,50.000000,297.292479,0.000000,319.387187
9484,6932.386159,0.000000,50.000000,296.791086,0.000000,311.866295
9485,6932.386159,0.000000,50.000000,296.289694,0.000000,304.345404
9486,6932.386159,0.000000,50.000000,295.788301,0.000000,296.824513
9487,6932.386159,0.000000,50.000000,295.286908,0.000000,289.303621
9488,6932.386159,0.000000,50.000000,294.785515,0.000000,281.782730
9489,6932.386159,0.000000,50.000000,294.284123,0.000000,274.261838
9490,6932.386159,0.000000,50.000000,293.782730,0.000000,266.740947
9491,6932.386159,0.000000,50.000000,293.281337,0.000000,259.220056
9492,6932.386159,0.000000,50.000000,292.779944,0.000000,251.699164
9493,6932.386159,0.000000,50.000000,292.278552,0.000000,244.178273
9494,6932.386159,0.000000,50.000000,291.777159,0.000000,236.657382
9495,6932.386159,0.000000,50.000000,291.275766,0.000000,229.136490
9496,6932.386159,0.000000,50.000000,290.774373,0.000000,221.615599
9497,6932.386159,0.000000,50.000000,290.272981,0.000000,214.094708
9498,6932.386159,0.000000,50.000000,289.771588,0.000000,206.573816
9499,6932.386159,0.000000,50.000000,289.270195,0.000000,199.052925
9500,6932.386159,0.000000,50.000000,288.768802,0.000000,191.532033
9501,6932.386159,0.000000,50.000000,288.267409,0.000000,184.011142
9502,6932.386159,0.000000,50.000000,287.766017,0.000000,176.490251
9503,6932.386159,0.000000,50.000000,287.264624,0.000000,168.969359
9504,6932.386159,0.000000,50.000000,286.763231,0.000000,161.448468
9505,6932.386159,0.000000,50.000000,286.261838,0.000000,153.927577
9506,6932.386159,0.000000,50.000000,285.760446,0.000000,146.406685
9507,6932.386159,0.000000,50.000000,285.259053,0.000000,138.885794
9508,6932.386159,0.000000,50.000000,284.757660,0.000000,131.364903
9509,6932.386159,0.000000,50.000000,284.256267,0.000000,123.844011
9510,6932.386159,0.000000,50.000000,283.754875,0.000000,116.323120
9511,6932.386159,0.000000,50.000000,283.253482,0.000000,108.802228
9512,6932.386159,0.000000,50.000000,282.752089,0.000000,101.281337
9513,6932.386159,0.000000,50.000000,282.250696,0.000000,93.760446
9514,6932.386159,0.000000,50.000000,281.749304,0.000000,86.239554
9515,6932.386159,0.000000,50.000000,281.247911,0.000000,78.718663
9516,6932.386159,0.000000,50.000000,280.746518,0.000000,71.197772
9517,6932.386159,0.000000,50.000000,280.245125,0.000000,63.676880
9518,6932.386159,0.000000,50.000000,279.743733,0.000000,56.155989
9519,6932.386159,0.000000,50.000000,279.242340,0.000000,48.635097
9520,6932.386159,0.000000,50.000000,278.740947,0.000000,41.114206
9521,6932.386159,0.000000,50.000000,278.239554,0.000000,33.593315
9522,6932.386159,0.000000,50.000000,277.738162,0.000000,26.072423
9523,6932.386159,0.000000,50.000000,277.236769,0.000000,18.551532
9524,6932.386159,0.000000,50.000000,276.735376,0.000000,11.030641
9525,6932.386159,0.000000,50.000000,276.233983,0.000000,3.509749
9526,6932.386159,0.000000,50.000000,275.732591,0.000000,355.988858
9527,6932.386159,0.000000,50.000000,275.231198,0.000000,348.467967
9528,6932.386159,0.000000,50.000000,274.729805,0.000000,340.947075
9529,6932.386159,0.000000,50.000000,274.228412,0.000000,333.426184
9530,6932.386159,0.000000,50.000000,273.727019,0.000000,325.905292
9531,6932.386159,0.000000,50.000000,273.225627,0.000000,318.384401
9532,6932.386159,0.000000,50.000000,272.724234,0.000000,310.863510
9533,6932.386159,0.000000,50.000000,272.222841,0.000000,303.342618
9534,6932.386159,0.000000,50.000000,271.721448,0.000000,295.821727
9535,6932.386159,0.000000,50.000000,271.220056,0.000000,288.300836
9536,6932.386159,0.000000,50.000000,270.718663,0.000000,280.779944
9537,6932.386159,0.000000,50.000000,270.217270,0.000000,273.259053
9538,6932.386159,0.000000,50.000000,269.715877,0.000000,265.738162
9539,6932.386159,0.000000,50.000000,269.214485,0.000000,258.217270
9540,6932.386159,0.000000,50.000000,268.713092,0.000000,250.696379
9541,6932.386159,0.000000,50.000000,268.211699,0.000000,243.175487
9542,6932.386159,0.000000,50.000000,267.710306,0.000000,235.654596
9543,6932.386159,0.000000,50.000000,267.208914,0.000000,228.133705
9544,6932.386159,0.000000,50.000000,266.707521,0.000000,220.612813
9545,6932.386159,0.000000,50.000000,266.206128,0.000000,213.091922
9546,6932.386159,0.000000,50.000000,265.704735,0.000000,205.571031
9547,6932.386159,0.000000,50.000000,265.203343,0.000000,198.050139
9548,6932.386159,0.000000,50.000000,264.701950,0.000000,190.529248
9549,6932.386159,0.000000,50.000000,264.200557,0.000000,183.008357
9550,6932.386159,0.000000,50.000000,263.699164,0.000000,175.487465
9551,6932.386159,0.000000,50.000000,263.197772,0.000000,167.966574
9552,6932.386159,0.000000,50.000000,262.696379,0.000000,160.445682
9553,6932.386159,0.000000,50.000000,262.194986,0.000000,152.924791
9554,6932.386159,0.000000,50.000000,261.693593,0.000000,145.403900
9555,6932.386159,0.000000,50.000000,261.192201,0.000000,137.883008
9556,6932.386159,0.000000,50.000000,260.690808,0.000000,130.362117
9557,6932.386159,0.000000,50.000000,260.189415,0.000000,122.841226
9558,6932.386159,0.000000,50.000000,259.688022,0.000000,115.320334
9559,6932.386159,0.000000,50.000000,259.186630,0.000000,107.799443
9560,6932.386159,0.000000,50.000000,258.685237,0.000000,100.278552
9561,6932.386159,0.000000,50.000000,258.183844,0.000000,92.757660
9562,6932.386159,0.000000,50.000000,257.682451,0.000000,85.236769
9563,6932.386159,0.000000,50.000000,257.181058,0.000000,77.715877
9564,6932.386159,0.000000,50.000000,256.679666,0.000000,70.194986
9565,6932.386159,0.000000,50.000000,256.178273,0.000000,62.674095
9566,6932.386159,0.000000,50.000000,255.676880,0.000000,55.153203
9567,6932.386159,0.000000,50.000000,255.175487,0.000000,47.632312
9568,6932.386159,0.000000,50.000000,254.674095,0.000000,40.111421
9569,6932.386159,0.000000,50.000000,254.172702,0.000000,32.590529
9570,6932.386159,0.000000,50.000000,253.671309,0.000000,25.069638
9571,6932.386159,0.000000,50.000000,253.169916,0.000000,17.548747
9572,6932.386159,0.000000,50.000000,252.668524,0.000000,10.027855
9573,6932.386159,0.000000,50.000000,252.167131,0.000000,2.506964
9574,6932.386159,0.000000,50.000000,251.665738,0.000000,354.986072
9575,6932.386159,0.000000,50.000000,251.164345,0.000000,347.465181
9576,6932.386159,0.000000,50.000000,250.662953,0.000000,339.944290
9577,6932.386159,0.000000,50.000000,250.161560,0.000000,332.423398
9578,6932.386159,0.000000,50.000000,249.660167,0.000000,324.902507
9579,6932.386159,0.000000,50.000000,249.158774,0.000000,317.381616
9580,6932.386159,0.000000,50.000000,248.657382,0.000000,309.860724
9581,6932.386159,0.000000,50.000000,248.155989,0.000000,302.339833
9582,6932.386159,0.000000,50.000000,247.654596,0.000000,294.818942
9583,6932.386159,0.000000,50.000000,247.153203,0.000000,287.298050
9584,6932.386159,0.000000,50.000000,246.651811,0.000000,279.777159
9585,6932.386159,0.000000,50.000000,246.150418,0.000000,272.256267
9586,6932.386159,0.000000,50.000000,245.649025,0.000000,264.735376
9587,6932.386159,0.000000,50.000000,245.147632,0.000000,257.214485
9588,6932.386159,0.000000,50.000000,244.646240,0.000000,249.693593
9589,6932.386159,0.000000,50.000000,244.144847,0.000000,242.172702
9590,6932.386159,0.000000,50.000000,243.643454,0.000000,234.651811
9591,6932.386159,0.000000,50.000000,243.142061,0.000000,227.130919
9592,6932.386159,0.000000,50.000000,242.640669,0.000000,219.610028
9593,6932.386159,0.000000,50.000000,242.139276,0.000000,212.089136
9594,6932.386159,0.000000,50.000000,241.637883,0.000000,204.568245
9595,6932.386159,0.000000,50.000000,241.136490,0.000000,197.047354
9596,6932.386159,0.000000,50.000000,240.635097,0.000000,189.526462
9597,6932.386159,0.000000,50.000000,240.133705,0.000000,182.005571
9598,6932.386159,0.000000,50.000000,239.632312,0.000000,174.484680
9599,6932.386159,0.000000,50.000000,239.130919,0.000000,166.963788
9600,6932.386159,0.000000,50.000000,238.629526,0.000000,159.442897
9601,6932.386159,0.000000,50.000000,238.128134,0.000000,151.922006
9602,6932.386159,0.000000,50.000000,237.626741,0.000000,144.401114
9603,6932.386159,0.000000,50.000000,237.125348,0.000000,136.880223
9604,6932.386159,0.000000,50.000000,236.623955,0.000000,129.359331
9605,6932.386159,0.000000,50.000000,236.122563,0.000000,121.838440
9606,6932.386159,0.000000,50.000000,235.621170,0.000000,114.317549
9607,6932.386159,0.000000,50.000000,235.119777,0.000000,106.796657
9608,6932.386159,0.000000,50.000000,234.618384,0.000000,99.275766
9609,6932.386159,0.000000,50.000000,234.116992,0.000000,91.754875
9610,6932.386159,0.000000,50.000000,233.615599,0.000000,84.233983
9611,6932.386159,0.000000,50.000000,233.114206,0.000000,76.713092
9612,6932.386159,0.000000,50.000000,232.612813,0.000000,69.192201
9613,6932.386159,0.000000,50.000000,232.111421,0.000000,61.671309
9614,6932.386159,0.000000,50.000000,231.610028,0.000000,54.150418
9615,6932.386159,0.000000,50.000000,231.108635,0.000000,46.629526
9616,6932.386159,0.000000,50.000000,230.607242,0.000000,39.108635
9617,6932.386159,0.000000,50.000000,230.105850,0.000000,31.587744
9618,6932.386159,0.000000,50.000000,229.604457,0.000000,24.066852
9619,6932.386159,0.000000,50.000000,229.103064,0.000000,16.545961
9620,6932.386159,0.000000,50.000000,228.601671,0.000000,9.025070
9621,6932.386159,0.000000,50.000000,228.100279,0.000000,1.504178
9622,6932.386159,0.000000,50.000000,227.598886,0.000000,353.983287
9623,6932.386159,0.000000,50.000000,227.097493,0.000000,346.462396
9624,6932.386159,0.000000,50.000000,226.596100,0.000000,338.941504
9625,6932.386159,0.000000,50.000000,226.094708,0.000000,331.420613
9626,6932.386159,0.000000,50.000000,225.593315,0.000000,323.899721
9627,6932.386159,0.000000,50.000000,225.091922,0.000000,316.378830
9628,6932.386159,0.000000,50.000000,224.590529,0.000000,308.857939
9629,6932.386159,0.000000,50.000000,224.089136,0.000000,301.337047
9630,6932.386159,0.000000,50.000000,223.587744,0.000000,293.816156
9631,6932.386159,0.000000,50.000000,223.086351,0.000000,286.295265
9632,6932.386159,0.000000,50.000000,222.584958,0.000000,278.774373
9633,6932.386159,0.000000,50.000000,222.083565,0.000000,271.253482
9634,6932.386159,0.000000,50.000000,221.582173,0.000000,263.732591
9635,6932.386159,0.000000,50.000000,221.080780,0.000000,256.211699
9636,6932.386159,0.000000,50.000000,220.579387,0.000000,248.690808
9637,6932.386159,0.000000,50.000000,220.077994,0.000000,241.169916
9638,6932.386159,0.000000,50.000000,219.576602,0.000000,233.649025
9639,6932.386159,0.000000,50.000000,219.075209,0.000000,226.128134
9640,6932.386159,0.000000,50.000000,218.573816,0.000000,218.607242
9641,6932.386159,0.000000,50.000000,218.072423,0.000000,211.086351
9642,6932.386159,0.000000,50.000000,217.571031,0.000000,203.565460
9643,6932.386159,0.000000,50.000000,217.069638,0.000000,196.044568
9644,6932.386159,0.000000,50.000000,216.568245,0.000000,188.523677
9645,6932.386159,0.000000,50.000000,216.066852,0.000000,181.002786
9646,6932.386159,0.000000,50.000000,215.565460,0.000000,173.481894
9647,6932.386159,0.000000,50.000000,215.064067,0.000000,165.961003
9648,6932.386159,0.000000,50.000000,214.562674,0.000000,158.440111
9649,6932.386159,0.000000,50.000000,214.061281,0.000000,150.919220
9650,6932.386159,0.000000,50.000000,213.559889,0.000000,143.398329
9651,6932.386159,0.000000,50.000000,213.058496,0.000000,135.877437
9652,6932.386159,0.000000,50.000000,212.557103,0.000000,128.356546
9653,6932.386159,0.000000,50.000000,212.055710,0.000000,120.835655
9654,6932.386159,0.000000,50.000000,211.554318,0.000000,113.314763
9655,6932.386159,0.000000,50.000000,211.052925,0.000000,105.793872
9656,6932.386159,0.000000,50.000000,210.551532,0.000000,98.272981
9657,6932.386159,0.000000,50.000000,210.050139,0.000000,90.752089
9658,6932.386159,0.000000,50.000000,209.548747,0.000000,83.231198
9659,6932.386159,0.000000,50.000000,209.047354,0.000000,75.710306
9660,6932.386159,0.000000,50.000000,208.545961,0.000000,68.189415
9661,6932.386159,0.000000,50.000000,208.044568,0.000000,60.668524
9662,6932.386159,0.000000,50.000000,207.543175,0.000000,53.147632
9663,6932.386159,0.000000,50.000000,207.041783,0.000000,45.626741
9664,6932.386159,0.000000,50.000000,206.540390,0.000000,38.105850
9665,6932.386159,0.000000,50.000000,206.038997,0.000000,30.584958
9666,6932.386159,0.000000,50.000000,205.537604,0.000000,23.064067
9667,6932.386159,0.000000,50.000000,205.036212,0.000000,15.543175
9668,6932.386159,0.000000,50.000000,204.534819,0.000000,8.022284
9669,6932.386159,0.000000,50.000000,204.033426,0.000000,0.501393
9670,6932.386159,0.000000,50.000000,203.532033,0.000000,352.980501
9671,6932.386159,0.000000,50.000000,203.030641,0.000000,345.459610
9672,6932.386159,0.000000,50.000000,202.529248,0.000000,337.938719
9673,6932.386159,0.000000,50.000000,202.027855,0.000000,330.417827
9674,6932.386159,0.000000,50.000000,201.526462,0.000000,322.896936
9675,6932.386159,0.000000,50.000000,201.025070,0.000000,315.376045
9676,6932.386159,0.000000,50.000000,200.523677,0.000000,307.855153
9677,6932.386159,0.000000,50.000000,200.022284,0.000000,300.334262
9678,6932.386159,0.000000,50.000000,199.520891,0.000000,292.813370
9679,6932.386159,0.000000,50.000000,199.019499,0.000000,285.292479
9680,6932.386159,0.000000,50.000000,198.518106,0.000000,277.771588
9681,6932.386159,0.000000,50.000000,198.016713,0.000000,270.250696
9682,6932.386159,0.000000,50.000000,197.515320,0.000000,262.729805
9683,6932.386159,0.000000,50.000000,197.013928,0.000000,255.208914
9684,6932.386159,0.000000,50.000000,196.512535,0.000000,247.688022
9685,6932.386159,0.000000,50.000000,196.011142,0.000000,240.167131
9686,6932.386159,0.000000,50.000000,195.509749,0.000000,232.646240
9687,6932.386159,0.000000,50.000000,195.008357,0.000000,225.125348
9688,6932.386159,0.000000,50.000000,194.506964,0.000000,217.604457
9689,6932.386159,0.000000,50.000000,194.005571,0.000000,210.083565
9690,6932.386159,0.000000,50.000000,193.504178,0.000000,202.562674
9691,6932.386159,0.000000,50.000000,193.002786,0.000000,195.041783
9692,6932.386159,0.000000,50.000000,192.501393,0.000000,187.520891
9693,6932.386159,0.000000,50.000000,192.000000,0.000000,180.000000
9694,6932.386159,0.000000,50.000000,191.498607,0.000000,172.479109
9695,6932.386159,0.000000,50.000000,190.997214,0.000000,164.958217
9696,6932.386159,0.000000,50.000000,190.495822,0.000000,157.437326
9697,6932.386159,0.000000,50.000000,189.994429,0.000000,149.916435
9698,6932.386159,0.000000,50.000000,189.493036,0.000000,142.395543
9699,6932.386159,0.000000,50.000000,188.991643,0.000000,134.874652
9700,6932.386159,0.000000,50.000000,188.490251,0.000000,127.353760
9701,6932.386159,0.000000,50.000000,187.988858,0.000000,119.832869
9702,6932.386159,0.000000,50.000000,187.487465,0.000000,112.311978
9703,6932.386159,0.000000,50.000000,186.986072,0.000000,104.791086
9704,6932.386159,0.000000,50.000000,186.484680,0.000000,97.270195
9705,6932.386159,0.000000,50.000000,185.983287,0.000000,89.749304
9706,6932.386159,0.000000,50.000000,185.481894,0.000000,82.228412
9707,6932.386159,0.000000,50.000000,184.980501,0.000000,74.707521
9708,6932.386159,0.000000,50.000000,184.479109,0.000000,67.186630
9709,6932.386159,0.000000,50.000000,183.977716,0.000000,59.665738
9710,6932.386159,0.000000,50.000000,183.476323,0.000000,52.144847
9711,6932.386159,0.000000,50.000000,182.974930,0.000000,44.623955
9712,6932.386159,0.000000,50.000000,182.473538,0.000000,37.103064
9713,6932.386159,0.000000,50.000000,181.972145,0.000000,29.582173
9714,6932.386159,0.000000,50.000000,181.470752,0.000000,22.061281
9715,6932.386159,0.000000,50.000000,180.969359,0.000000,14.540390
9716,6932.386159,0.000000,50.000000,180.467967,0.000000,7.019499
9717,6932.386159,0.000000,50.000000,179.966574,0.000000,359.498607
9718,6932.386159,0.000000,50.000000,179.465181,0.000000,351.977716
9719,6932.386159,0.000000,50.000000,178.963788,0.000000,344.456825
9720,6932.386159,0.000000,50.000000,178.462396,0.000000,336.935933
9721,6932.386159,0.000000,50.000000,177.961003,0.000000,329.415042
9722,6932.386159,0.000000,50.000000,177.459610,0.000000,321.894150
9723,6932.386159,0.000000,50.000000,176.958217,0.000000,314.373259
9724,6932.386159,0.000000,50.000000,176.456825,0.000000,306.852368
9725,6932.386159,0.000000,50.000000,175.955432,0.000000,299.331476
9726,6932.386159,0.000000,50.000000,175.454039,0.000000,291.810585
9727,6932.386159,0.000000,50.000000,174.952646,0.000000,284.289694
9728,6932.386159,0.000000,50.000000,174.451253,0.000000,276.768802
9729,6932.386159,0.000000,50.000000,173.949861,0.000000,269.247911
9730,6932.386159,0.000000,50.000000,173.448468,0.000000,261.727019
9731,6932.386159,0.000000,50.000000,172.947075,0.000000,254.206128
9732,6932.386159,0.000000,50.000000,172.445682,0.000000,246.685237
9733,6932.386159,0.000000,50.000000,171.944290,0.000000,239.164345
9734,6932.386159,0.000000,50.000000,171.442897,0.000000,231.643454
9735,6932.386159,0.000000,50.000000,170.941504,0.000000,224.122563
9736,6932.386159,0.000000,50.000000,170.440111,0.000000,216.601671
9737,6932.386159,0.000000,50.000000,169.938719,0.000000,209.080780
9738,6932.386159,0.000000,50.000000,169.437326,0.000000,201.559889
9739,6932.386159,0.000000,50.000000,168.935933,0.000000,194.038997
9740,6932.386159,0.000000,50.000000,168.434540,0.000000,186.518106
9741,6932.386159,0.000000,50.000000,167.933148,0.000000,178.997214
9742,6932.386159,0.000000,50.000000,167.431755,0.000000,171.476323
9743,6932.386159,0.000000,50.000000,166.930362,0.000000,163.955432
9744,6932.386159,0.000000,50.000000,166.428969,0.000000,156.434540
9745,6932.386159,0.000000,50.000000,165.927577,0.000000,148.913649
9746,6932.386159,0.000000,50.000000,165.426184,0.000000,141.392758
9747,6932.386159,0.000000,50.000000,164.924791,0.000000,133.871866
9748,6932.386159,0.000000,50.000000,164.423398,0.000000,126.350975
9749,6932.386159,0.000000,50.000000,163.922006,0.000000,118.830084
9750,6932.386159,0.000000,50.000000,163.420613,0.000000,111.309192
9751,6932.386159,0.000000,50.000000,162.919220,0.000000,103.788301
9752,6932.386159,0.000000,50.000000,162.417827,0.000000,96.267409
9753,6932.386159,0.000000,50.000000,161.916435,0.000000,88.746518
9754,6932.386159,0.000000,50.000000,161.415042,0.000000,81.225627
9755,6932.386159,0.000000,50.000000,160.913649,0.000000,73.704735
9756,6932.386159,0.000000,50.000000,160.412256,0.000000,66.183844
9757,6932.386159,0.000000,50.000000,159.910864,0.000000,58.662953
9758,6932.386159,0.000000,50.000000,159.409471,0.000000,51.142061
9759,6932.386159,0.000000,50.000000,158.908078,0.000000,43.621170
9760,6932.386159,0.000000,50.000000,158.406685,0.000000,36.100279
9761,6932.386159,0.000000,50.000000,157.905292,0.000000,28.579387
9762,6932.386159,0.000000,50.000000,157.403900,0.000000,21.058496
9763,6932.386159,0.000000,50.000000,156.902507,0.000000,13.537604
9764,6932.386159,0.000000,50.000000,156.401114,0.000000,6.016713
9765,6932.386159,0.000000,50.000000,155.899721,0.000000,358.495822
9766,6932.386159,0.000000,50.000000,155.398329,0.000000,350.974930
9767,6932.386159,0.000000,50.000000,154.896936,0.000000,343.454039
9768,6932.386159,0.000000,50.000000,154.395543,0.000000,335.933148
9769,6932.386159,0.000000,50.000000,153.894150,0.000000,328.412256
9770,6932.386159,0.000000,50.000000,153.392758,0.000000,320.891365
9771,6932.386159,0.000000,50.000000,152.891365,0.000000,313.370474
9772,6932.386159,0.000000,50.000000,152.389972,0.000000,305.849582
9773,6932.386159,0.000000,50.000000,151.888579,0.000000,298.328691
9774,6932.386159,0.000000,50.000000,151.387187,0.000000,290.807799
9775,6932.386159,0.000000,50.000000,150.885794,0.000000,283.286908
9776,6932.386159,0.000000,50.000000,150.384401,0.000000,275.766017
9777,6932.386159,0.000000,50.000000,149.883008,0.000000,268.245125
9778,6932.386159,0.000000,50.000000,149.381616,0.000000,260.724234
9779,6932.386159,0.000000,50.000000,148.880223,0.000000,253.203343
9780,6932.386159,0.000000,50.000000,148.378830,0.000000,245.682451
9781,6932.386159,0.000000,50.000000,147.877437,0.000000,238.161560
9782,6932.386159,0.000000,50.000000,147.376045,0.000000,230.640669
9783,6932.386159,0.000000,50.000000,146.874652,0.000000,223.119777
9784,6932.386159,0.000000,50.000000,146.373259,0.000000,215.598886
9785,6932.386159,0.000000,50.000000,145.871866,0.000000,208.077994
9786,6932.386159,0.000000,50.000000,145.370474,0.000000,200.557103
9787,6932.386159,0.000000,50.000000,144.869081,0.000000,193.036212
9788,6932.386159,0.000000,50.000000,144.367688,0.000000,185.515320
9789,6932.386159,0.000000,50.000000,143.866295,0.000000,177.994429
9790,6932.386159,0.000000,50.000000,143.364903,0.000000,170.473538
9791,6932.386159,0.000000,50.000000,142.863510,0.000000,162.952646
9792,6932.386159,0.000000,50.000000,142.362117,0.000000,155.431755
9793,6932.386159,0.000000,50.000000,141.860724,0.000000,147.910864
9794,6932.386159,0.000000,50.000000,141.359331,0.000000,140.389972
9795,6932.386159,0.000000,50.000000,140.857939,0.000000,132.869081
9796,6932.386159,0.000000,50.000000,140.356546,0.000000,125.348189
9797,6932.386159,0.000000,50.000000,139.855153,0.000000,117.827298
9798,6932.386159,0.000000,50.000000,139.353760,0.000000,110.306407
9799,6932.386159,0.000000,50.000000,138.852368,0.000000,102.785515
9800,6932.386159,0.000000,50.000000,138.350975,0.000000,95.264624
9801,6932.386159,0.000000,50.000000,137.849582,0.000000,87.743733
9802,6932.386159,0.000000,50.000000,137.348189,0.000000,80.222841
9803,6932.386159,0.000000,50.000000,136.846797,0.000000,72.701950
9804,6932.386159,0.000000,50.000000,136.345404,0.000000,65.181058
9805,6932.386159,0.000000,50.000000,135.844011,0.000000,57.660167
9806,6932.386159,0.000000,50.000000,135.342618,0.000000,50.139276
9807,6932.386159,0.000000,50.000000,134.841226,0.000000,42.618384
9808,6932.386159,0.000000,50.000000,134.339833,0.000000,35.097493
9809,6932.386159,0.000000,50.000000,133.838440,0.000000,27.576602
9810,6932.386159,0.000000,50.000000,133.337047,0.000000,20.055710
9811,6932.386159,0.000000,50.000000,132.835655,0.000000,12.534819
9812,6932.386159,0.000000,50.000000,132.334262,0.000000,5.013928
9813,6932.386159,0.000000,50.000000,131.832869,0.000000,357.493036
9814,6932.386159,0.000000,50.000000,131.331476,0.000000,349.972145
9815,6932.386159,0.000000,50.000000,130.830084,0.000000,342.451253
9816,6932.386159,0.000000,50.000000,130.328691,0.000000,334.930362
9817,6932.386159,0.000000,50.000000,129.827298,0.000000,327.409471
9818,6932.386159,0.000000,50.000000,129.325905,0.000000,319.888579
9819,6932.386159,0.000000,50.000000,128.824513,0.000000,312.367688
9820,6932.386159,0.000000,50.000000,128.323120,0.000000,304.846797
9821,6932.386159,0.000000,50.000000,127.821727,0.000000,297.325905
9822,6932.386159,0.000000,50.000000,127.320334,0.000000,289.805014
9823,6932.386159,0.000000,50.000000,126.818942,0.000000,282.284123
9824,6932.386159,0.000000,50.000000,126.317549,0.000000,274.763231
9825,6932.386159,0.000000,50.000000,125.816156,0.000000,267.242340
9826,6932.386159,0.000000,50.000000,125.314763,0.000000,259.721448
9827,6932.386159,0.000000,50.000000,124.813370,0.000000,252.200557
9828,6932.386159,0.000000,50.000000,124.311978,0.000000,244.679666
9829,6932.386159,0.000000,50.000000,123.810585,0.000000,237.158774
9830,6932.386159,0.000000,50.000000,123.309192,0.000000,229.637883
9831,6932.386159,0.000000,50.000000,122.807799,0.000000,222.116992
9832,6932.386159,0.000000,50.000000,122.306407,0.000000,214.596100
9833,6932.386159,0.000000,50.000000,121.805014,0.000000,207.075209
9834,6932.386159,0.000000,50.000000,121.303621,0.000000,199.554318
9835,6932.386159,0.000000,50.000000,120.802228,0.000000,192.033426
9836,6932.386159,0.000000,50.000000,120.300836,0.000000,184.512535
9837,6932.386159,0.000000,50.000000,119.799443,0.000000,176.991643
9838,6932.386159,0.000000,50.000000,119.298050,0.000000,169.470752
9839,6932.386159,0.000000,50.000000,118.796657,0.000000,161.949861
9840,6932.386159,0.000000,50.000000,118.295265,0.000000,154.428969
9841,6932.386159,0.000000,50.000000,117.793872,0.000000,146.908078
9842,6932.386159,0.000000,50.000000,117.292479,0.000000,139.387187
9843,6932.386159,0.000000,50.000000,116.791086,0.000000,131.866295
9844,6932.386159,0.000000,50.000000,116.289694,0.000000,124.345404
9845,6932.386159,0.000000,50.000000,115.788301,0.000000,116.824513
9846,6932.386159,0.000000,50.000000,115.286908,0.000000,109.303621
9847,6932.386159,0.000000,50.000000,114.785515,0.000000,101.782730
9848,6932.386159,0.000000,50.000000,114.284123,0.000000,94.261838
9849,6932.386159,0.000000,50.000000,113.782730,0.000000,86.740947
9850,6932.386159,0.000000,50.000000,113.281337,0.000000,79.220056
9851,6932.386159,0.000000,50.000000,112.779944,0.000000,71.699164
9852,6932.386159,0.000000,50.000000,112.278552,0.000000,64.178273
9853,6932.386159,0.000000,50.000000,111.777159,0.000000,56.657382
9854,6932.386159,0.000000,50.000000,111.275766,0.000000,49.136490
9855,6932.386159,0.000000,50.000000,110.774373,0.000000,41.615599
9856,6932.386159,0.000000,50.000000,110.272981,0.000000,34.094708
9857,6932.386159,0.000000,50.000000,109.771588,0.000000,26.573816
9858,6932.386159,0.000000,50.000000,109.270195,0.000000,19.052925
9859,6932.386159,0.000000,50.000000,108.768802,0.000000,11.532033
9860,6932.386159,0.000000,50.000000,108.267409,0.000000,4.011142
9861,6932.386159,0.000000,50.000000,107.766017,0.000000,356.490251
9862,6932.386159,0.000000,50.000000,107.264624,0.000000,348.969359
9863,6932.386159,0.000000,50.000000,106.763231,0.000000,341.448468
9864,6932.386159,0.000000,50.000000,106.261838,0.000000,333.927577
9865,6932.386159,0.000000,50.000000,105.760446,0.000000,326.406685
9866,6932.386159,0.000000,50.000000,105.259053,0.000000,318.885794
9867,6932.386159,0.000000,50.000000,104.757660,0.000000,311.364903
9868,6932.386159,0.000000,50.000000,104.256267,0.000000,303.844011
9869,6932.386159,0.000000,50.000000,103.754875,0.000000,296.323120
9870,6932.386159,0.000000,50.000000,103.253482,0.000000,288.802228
9871,6932.386159,0.000000,50.000000,102.752089,0.000000,281.281337
9872,6932.386159,0.000000,50.000000,102.250696,0.000000,273.760446
9873,6932.386159,0.000000,50.000000,101.749304,0.000000,266.239554
9874,6932.386159,0.000000,50.000000,101.247911,0.000000,258.718663
9875,6932.386159,0.000000,50.000000,100.746518,0.000000,251.197772
9876,6932.386159,0.000000,50.000000,100.245125,0.000000,243.676880
9877,6932.386159,0.000000,50.000000,99.743733,0.000000,236.155989
9878,6932.386159,0.000000,50.000000,99.242340,0.000000,228.635097
9879,6932.386159,0.000000,50.000000,98.740947,0.000000,221.114206
9880,6932.386159,0.000000,50.000000,98.239554,0.000000,213.593315
9881,6932.386159,0.000000,50.000000,97.738162,0.000000,206.072423
9882,6932.386159,0.000000,50.000000,97.236769,0.000000,198.551532
9883,6932.386159,0.000000,50.000000,96.735376,0.000000,191.030641
9884,6932.386159,0.000000,50.000000,96.233983,0.000000,183.509749
9885,6932.386159,0.000000,50.000000,95.732591,0.000000,175.988858
9886,6932.386159,0.000000,50.000000,95.231198,0.000000,168.467967
9887,6932.386159,0.000000,50.000000,94.729805,0.000000,160.947075
9888,6932.386159,0.000000,50.000000,94.228412,0.000000,153.426184
9889,6932.386159,0.000000,50.000000,93.727019,0.000000,145.905292
9890,6932.386159,0.000000,50.000000,93.225627,0.000000,138.384401
9891,6932.386159,0.000000,50.000000,92.724234,0.000000,130.863510
9892,6932.386159,0.000000,50.000000,92.222841,0.000000,123.342618
9893,6932.386159,0.000000,50.000000,91.721448,0.000000,115.821727
9894,6932.386159,0.000000,50.000000,91.220056,0.000000,108.300836
9895,6932.386159,0.000000,50.000000,90.718663,0.000000,100.779944
9896,6932.386159,0.000000,50.000000,90.217270,0.000000,93.259053
9897,6932.386159,0.000000,50.000000,89.715877,0.000000,85.738162
9898,6932.386159,0.000000,50.000000,89.214485,0.000000,78.217270
9899,6932.386159,0.000000,50.000000,88.713092,0.000000,70.696379
9900,6932.386159,0.000000,50.000000,88.211699,0.000000,63.175487
9901,6932.386159,0.000000,50.000000,87.710306,0.000000,55.654596
9902,6932.386159,0.000000,50.000000,87.208914,0.000000,48.133705
9903,6932.386159,0.000000,50.000000,86.707521,0.000000,40.612813
9904,6932.386159,0.000000,50.000000,86.206128,0.000000,33.091922
9905,6932.386159,0.000000,50.000000,85.704735,0.000000,25.571031
9906,6932.386159,0.000000,50.000000,85.203343,0.000000,18.050139
9907,6932.386159,0.000000,50.000000,84.701950,0.000000,10.529248
9908,6932.386159,0.000000,50.000000,84.200557,0.000000,3.008357
9909,6932.386159,0.000000,50.000000,83.699164,0.000000,355.487465
9910,6932.386159,0.000000,50.000000,83.197772,0.000000,347.966574
9911,6932.386159,0.000000,50.000000,82.696379,0.000000,340.445682
9912,6932.386159,0.000000,50.000000,82.194986,0.000000,332.924791
9913,6932.386159,0.000000,50.000000,81.693593,0.000000,325.403900
9914,6932.386159,0.000000,50.000000,81.192201,0.000000,317.883008
9915,6932.386159,0.000000,50.000000,80.690808,0.000000,310.362117
9916,6932.386159,0.000000,50.000000,80.189415,0.000000,302.841226
9917,6932.386159,0.000000,50.000000,79.688022,0.000000,295.320334
9918,6932.386159,0.000000,50.000000,79.186630,0.000000,287.799443
9919,6932.386159,0.000000,50.000000,78.685237,0.000000,280.278552
9920,6932.386159,0.000000,50.000000,78.183844,0.000000,272.757660
9921,6932.386159,0.000000,50.000000,77.682451,0.000000,265.236769
9922,6932.386159,0.000000,50.000000,77.181058,0.000000,257.715877
9923,6932.386159,0.000000,50.000000,76.679666,0.000000,250.194986
9924,6932.386159,0.000000,50.000000,76.178273,0.000000,242.674095
9925,6932.386159,0.000000,50.000000,75.676880,0.000000,235.153203
9926,6932.386159,0.000000,50.000000,75.175487,0.000000,227.632312
9927,6932.386159,0.000000,50.000000,74.674095,0.000000,220.111421
9928,6932.386159,0.000000,50.000000,74.172702,0.000000,212.590529
9929,6932.386159,0.000000,50.000000,73.671309,0.000000,205.069638
9930,6932.386159,0.000000,50.000000,73.169916,0.000000,197.548747
9931,6932.386159,0.000000,50.000000,72.668524,0.000000,190.027855
9932,6932.386159,0.000000,50.000000,72.167131,0.000000,182.506964
9933,6932.386159,0.000000,50.000000,71.665738,0.000000,174.986072
9934,6932.386159,0.000000,50.000000,71.164345,0.000000,167.465181
9935,6932.386159,0.000000,50.000000,70.662953,0.000000,159.944290
9936,6932.386159,0.000000,50.000000,70.161560,0.000000,152.423398
9937,6932.386159,0.000000,50.000000,69.660167,0.000000,144.902507
9938,6932.386159,0.000000,50.000000,69.158774,0.000000,137.381616
9939,6932.386159,0.000000,50.000000,68.657382,0.000000,129.860724
9940,6932.386159,0.000000,50.000000,68.155989,0.000000,122.339833
9941,6932.386159,0.000000,50.000000,67.654596,0.000000,114.818942
9942,6932.386159,0.000000,50.000000,67.153203,0.000000,107.298050
9943,6932.386159,0.000000,50.000000,66.651811,0.000000,99.777159
9944,6932.386159,0.000000,50.000000,66.150418,0.000000,92.256267
9945,6932.386159,0.000000,50.000000,65.649025,0.000000,84.735376
9946,6932.386159,0.000000,50.000000,65.147632,0.000000,77.214485
9947,6932.386159,0.000000,50.000000,64.646240,0.000000,69.693593
9948,6932.386159,0.000000,50.000000,64.144847,0.000000,62.172702
9949,6932.386159,0.000000,50.000000,63.643454,0.000000,54.651811
9950,6932.386159,0.000000,50.000000,63.142061,0.000000,47.130919
9951,6932.386159,0.000000,50.000000,62.640669,0.000000,39.610028
9952,6932.386159,0.000000,50.000000,62.139276,0.000000,32.089136
9953,6932.386159,0.000000,50.000000,61.637883,0.000000,24.568245
9954,6932.386159,0.000000,50.000000,61.136490,0.000000,17.047354
9955,6932.386159,0.000000,50.000000,60.635097,0.000000,9.526462
9956,6932.386159,0.000000,50.000000,60.133705,0.000000,2.005571
9957,6932.386159,0.000000,50.000000,59.632312,0.000000,354.484680
9958,6932.386159,0.000000,50.000000,59.130919,0.000000,346.963788
9959,6932.386159,0.000000,50.000000,58.629526,0.000000,339.442897
9960,6932.386159,0.000000,50.000000,58.128134,0.000000,331.922006
9961,6932.386159,0.000000,50.000000,57.626741,0.000000,324.401114
9962,6932.386159,0.000000,50.000000,57.125348,0.000000,316.880223
9963,6932.386159,0.000000,50.000000,56.623955,0.000000,309.359331
9964,6932.386159,0.000000,50.000000,56.122563,0.000000,301.838440
9965,6932.386159,0.000000,50.000000,55.621170,0.000000,294.317549
9966,6932.386159,0.000000,50.000000,55.119777,0.000000,286.796657
9967,6932.386159,0.000000,50.000000,54.618384,0.000000,279.275766
9968,6932.386159,0.000000,50.000000,54.116992,0.000000,271.754875
9969,6932.386159,0.000000,50.000000,53.615599,0.000000,264.233983
9970,6932.386159,0.000000,50.000000,53.114206,0.000000,256.713092
9971,6932.386159,0.000000,50.000000,52.612813,0.000000,249.192201
9972,6932.386159,0.000000,50.000000,52.111421,0.000000,241.671309
9973,6932.386159,0.000000,50.000000,51.610028,0.000000,234.150418
9974,6932.386159,0.000000,50.000000,51.108635,0.000000,226.629526
9975,6932.386159,0.000000,50.000000,50.607242,0.000000,219.108635
9976,6932.386159,0.000000,50.000000,50.105850,0.000000,211.587744
9977,6932.386159,0.000000,50.000000,49.604457,0.000000,204.066852
9978,6932.386159,0.000000,50.000000,49.103064,0.000000,196.545961
9979,6932.386159,0.000000,50.000000,48.601671,0.000000,189.025070
9980,6932.386159,0.000000,50.000000,48.100279,0.000000,181.504178
9981,6932.386159,0.000000,50.000000,47.598886,0.000000,173.983287
9982,6932.386159,0.000000,50.000000,47.097493,0.000000,166.462396
9983,6932.386159,0.000000,50.000000,46.596100,0.000000,158.941504
9984,6932.386159,0.000000,50.000000,46.094708,0.000000,151.420613
9985,6932.386159,0.000000,50.000000,45.593315,0.000000,143.899721
9986,6932.386159,0.000000,50.000000,45.091922,0.000000,136.378830
9987,6932.386159,0.000000,50.000000,44.590529,0.000000,128.857939
9988,6932.386159,0.000000,50.000000,44.089136,0.000000,121.337047
9989,6932.386159,0.000000,50.000000,43.587744,0.000000,113.816156
9990,6932.386159,0.000000,50.000000,43.086351,0.000000,106.295265
9991,6932.386159,0.000000,50.000000,42.584958,0.000000,98.774373
9992,6932.386159,0.000000,50.000000,42.083565,0.000000,91.253482
9993,6932.386159,0.000000,50.000000,41.582173,0.000000,83.732591
9994,6932.386159,0.000000,50.000000,41.080780,0.000000,76.211699
9995,6932.386159,0.000000,50.000000,40.579387,0.000000,68.690808
9996,6932.386159,0.000000,50.000000,40.077994,0.000000,61.169916
9997,6932.386159,0.000000,50.000000,39.576602,0.000000,53.649025
9998,6932.386159,0.000000,50.000000,39.075209,0.000000,46.128134
9999,6932.386159,0.000000,50.000000,38.573816,0.000000,38.607242
10000,6932.386159,0.000000,50.000000,38.072423,0.000000,31.086351
10001,6932.386159,0.000000,50.000000,37.571031,0.000000,23.565460
10002,6932.386159,0.000000,50.000000,37.069638,0.000000,16.044568
10003,6932.386159,0.000000,50.000000,36.568245,0.000000,8.523677
10004,6932.386159,0.000000,50.000000,36.066852,0.000000,1.002786
10005,6932.386159,0.000000,50.000000,35.565460,0.000000,353.481894
10006,6932.386159,0.000000,50.000000,35.064067,0.000000,345.961003
10007,6932.386159,0.000000,50.000000,34.562674,0.000000,338.440111
10008,6932.386159,0.000000,50.000000,34.061281,0.000000,330.919220
10009,6932.386159,0.000000,50.000000,33.559889,0.000000,323.398329
10010,6932.386159,0.000000,50.000000,33.058496,0.000000,315.877437
10011,6932.386159,0.000000,50.000000,32.557103,0.000000,308.356546
10012,6932.386159,0.000000,50.000000,32.055710,0.000000,300.835655
10013,6932.386159,0.000000,50.000000,31.554318,0.000000,293.314763
10014,6932.386159,0.000000,50.000000,31.052925,0.000000,285.793872
10015,6932.386159,0.000000,50.000000,30.551532,0.000000,278.272981
10016,6932.386159,0.000000,50.000000,30.050139,0.000000,270.752089
10017,6932.386159,0.000000,50.000000,29.548747,0.000000,263.231198
10018,6932.386159,0.000000,50.000000,29.047354,0.000000,255.710306
10019,6932.386159,0.000000,50.000000,28.545961,0.000000,248.189415
10020,6932.386159,0.000000,50.000000,28.044568,0.000000,240.668524
10021,6932.386159,0.000000,50.000000,27.543175,0.000000,233.147632
10022,6932.386159,0.000000,50.000000,27.041783,0.000000,225.626741
10023,6932.386159,0.000000,50.000000,26.540390,0.000000,218.105850
10024,6932.386159,0.000000,50.000000,26.038997,0.000000,210.584958
10025,6932.386159,0.000000,50.000000,25.537604,0.000000,203.064067
10026,6932.386159,0.000000,50.000000,25.036212,0.000000,195.543175
10027,6932.386159,0.000000,50.000000,24.534819,0.000000,188.022284
10028,6932.386159,0.000000,50.000000,24.033426,0.000000,180.501393
10029,6932.386159,0.000000,50.000000,23.532033,0.000000,172.980501
10030,6932.386159,0.000000,50.000000,23.030641,0.000000,165.459610
10031,6932.386159,0.000000,50.000000,22.529248,0.000000,157.938719
10032,6932.386159,0.000000,50.000000,22.027855,0.000000,150.417827
10033,6932.386159,0.000000,50.000000,21.526462,0.000000,142.896936
10034,6932.386159,0.000000,50.000000,21.025070,0.000000,135.376045
10035,6932.386159,0.000000,50.000000,20.523677,0.000000,127.855153
10036,6932.386159,0.000000,50.000000,20.022284,0.000000,120.334262
10037,6932.386159,0.000000,50.000000,19.520891,0.000000,112.813370
10038,6932.386159,0.000000,50.000000,19.019499,0.000000,105.292479
10039,6932.386159,0.000000,50.000000,18.518106,0.000000,97.771588
10040,6932.386159,0.000000,50.000000,18.016713,0.000000,90.250696
10041,6932.386159,0.000000,50.000000,17.515320,0.000000,82.729805
10042,6932.386159,0.000000,50.000000,17.013928,0.000000,75.208914
10043,6932.386159,0.000000,50.000000,16.512535,0.000000,67.688022
10044,6932.386159,0.000000,50.000000,16.011142,0.000000,60.167131
10045,6932.386159,0.000000,50.000000,15.509749,0.000000,52.646240
10046,6932.386159,0.000000,50.000000,15.008357,0.000000,45.125348
10047,6932.386159,0.000000,50.000000,14.506964,0.000000,37.604457
10048,6932.386159,0.000000,50.000000,14.005571,0.000000,30.083565
10049,6932.386159,0.000000,50.000000,13.504178,0.000000,22.562674
10050,6932.386159,0.000000,50.000000,13.002786,0.000000,15.041783
10051,6932.386159,0.000000,50.000000,12.501393,0.000000,7.520891
10052,6932.386159,0.000000,51.000000,9.600000,0.000000,0.000000
10053,6932.386159,0.000000,51.000000,9.098607,0.000000,352.479109
10054,6932.386159,0.000000,51.000000,8.597214,0.000000,344.958217
10055,6932.386159,0.000000,51.000000,8.095822,0.000000,337.437326
10056,6932.386159,0.000000,51.000000,7.594429,0.000000,329.916435
10057,6932.386159,0.000000,51.000000,7.093036,0.000000,322.395543
10058,6932.386159,0.000000,51.000000,6.591643,0.000000,314.874652
10059,6932.386159,0.000000,51.000000,6.090251,0.000000,307.353760
10060,6932.386159,0.000000,51.000000,5.588858,0.000000,299.832869
10061,6932.386159,0.000000,51.000000,5.087465,0.000000,292.311978
10062,6932.386159,0.000000,51.000000,4.586072,0.000000,284.791086
10063,6932.386159,0.000000,51.000000,4.084680,0.000000,277.270195
10064,6932.386159,0.000000,51.000000,3.583287,0.000000,269.749304
10065,6932.386159,0.000000,51.000000,3.081894,0.000000,262.228412
10066,6932.386159,0.000000,51.000000,2.580501,0.000000,254.707521
10067,6932.386159,0.000000,51.000000,2.079109,0.000000,247.186630
10068,6932.386159,0.000000,51.000000,1.577716,0.000000,239.665738
10069,6932.386159,0.000000,51.000000,1.076323,0.000000,232.144847
10070,6932.386159,0.000000,51.000000,0.574930,0.000000,224.623955
10071,6932.386159,0.000000,51.000000,0.073538,0.000000,217.103064
10072,6932.386159,0.000000,51.000000,359.572145,0.000000,209.582173
10073,6932.386159,0.000000,51.000000,359.070752,0.000000,202.061281
10074,6932.386159,0.000000,51.000000,358.569359,0.000000,194.540390
10075,6932.386159,0.000000,51.000000,358.067967,0.000000,187.019499
10076,6932.386159,0.000000,51.000000,357.566574,0.000000,179.498607
10077,6932.386159,0.000000,51.000000,357.065181,0.000000,171.977716
10078,6932.386159,0.000000,51.000000,356.563788,0.000000,164.456825
10079,6932.386159,0.000000,51.000000,356.062396,0.000000,156.935933
10080,6932.386159,0.000000,51.000000,355.561003,0.000000,149.415042
10081,6932.386159,0.000000,51.000000,355.059610,0.000000,141.894150
10082,6932.386159,0.000000,51.000000,354.558217,0.000000,134.373259
10083,6932.386159,0.000000,51.000000,354.056825,0.000000,126.852368
10084,6932.386159,0.000000,51.000000,353.555432,0.000000,119.331476
10085,6932.386159,0.000000,51.000000,353.054039,0.000000,111.810585
10086,6932.386159,0.000000,51.000000,352.552646,0.000000,104.289694
10087,6932.386159,0.000000,51.000000,352.051253,0.000000,96.768802
10088,6932.386159,0.000000,51.000000,351.549861,0.000000,89.247911
10089,6932.386159,0.000000,51.000000,351.048468,0.000000,81.727019
10090,6932.386159,0.000000,51.000000,350.547075,0.000000,74.206128
10091,6932.386159,0.000000,51.000000,350.045682,0.000000,66.685237
10092,6932.386159,0.000000,51.000000,349.544290,0.000000,59.164345
10093,6932.386159,0.000000,51.000000,349.042897,0.000000,51.643454
10094,6932.386159,0.000000,51.000000,348.541504,0.000000,44.122563
10095,6932.386159,0.000000,51.000000,348.040111,0.000000,36.601671
10096,6932.386159,0.000000,51.000000,347.538719,0.000000,29.080780
10097,6932.386159,0.000000,51.000000,347.037326,0.000000,21.559889
10098,6932.386159,0.000000,51.000000,346.535933,0.000000,14.038997
10099,6932.386159,0.000000,51.000000,346.034540,0.000000,6.518106
10100,6932.386159,0.000000,51.000000,345.533148,0.000000,358.997214
10101,6932.386159,0.000000,51.000000,345.031755,0.000000,351.476323
10102,6932.386159,0.000000,51.000000,344.530362,0.000000,343.955432
10103,6932.386159,0.000000,51.000000,344.028969,0.000000,336.434540
10104,6932.386159,0.000000,51.000000,343.527577,0.000000,328.913649
10105,6932.386159,0.000000,51.000000,343.026184,0.000000,321.392758
10106,6932.386159,0.000000,51.000000,342.524791,0.000000,313.871866
10107,6932.386159,0.000000,51.000000,342.023398,0.000000,306.350975
10108,6932.386159,0.000000,51.000000,341.522006,0.000000,298.830084
10109,6932.386159,0.000000,51.000000,341.020613,0.000000,291.309192
10110,6932.386159,0.000000,51.000000,340.519220,0.000000,283.788301
10111,6932.386159,0.000000,51.000000,340.017827,0.000000,276.267409
10112,6932.386159,0.000000,51.000000,339.516435,0.000000,268.746518
10113,6932.386159,0.000000,51.000000,339.015042,0.000000,261.225627
10114,6932.386159,0.000000,51.000000,338.513649,0.000000,253.704735
10115,6932.386159,0.000000,51.000000,338.012256,0.000000,246.183844
10116,6932.386159,0.000000,51.000000,337.510864,0.000000,238.662953
10117,6932.386159,0.000000,51.000000,337.009471,0.000000,231.142061
10118,6932.386159,0.000000,51.000000,336.508078,0.000000,223.621170
10119,6932.386159,0.000000,51.000000,336.006685,0.000000,216.100279
10120,6932.386159,0.000000,51.000000,335.505292,0.000000,208.579387
10121,6932.386159,0.000000,51.000000,335.003900,0.000000,201.058496
10122,6932.386159,0.000000,51.000000,334.502507,0.000000,193.537604
10123,6932.386159,0.000000,51.000000,334.001114,0.000000,186.016713
10124,6932.386159,0.000000,51.000000,333.499721,0.000000,178.495822
10125,6932.386159,0.000000,51.000000,332.998329,0.000000,170.974930
10126,6932.386159,0.000000,51.000000,332.496936,0.000000,163.454039
10127,6932.386159,0.000000,51.000000,331.995543,0.000000,155.933148
10128,6932.386159,0.000000,51.000000,331.494150,0.000000,148.412256
10129,6932.386159,0.000000,51.000000,330.992758,0.000000,140.891365
10130,6932.386159,0.000000,51.000000,330.491365,0.000000,133.370474
10131,6932.386159,0.000000,51.000000,329.989972,0.000000,125.849582
10132,6932.386159,0.000000,51.000000,329.488579,0.000000,118.328691
10133,6932.386159,0.000000,51.000000,328.987187,0.000000,110.807799
10134,6932.386159,0.000000,51.000000,328.485794,0.000000,103.286908
10135,6932.386159,0.000000,51.000000,327.984401,0.000000,95.766017
10136,6932.386159,0.000000,51.000000,327.483008,0.000000,88.245125
10137,6932.386159,0.000000,51.000000,326.981616,0.000000,80.724234
10138,6932.386159,0.000000,51.000000,326.480223,0.000000,73.203343
10139,6932.386159,0.000000,51.000000,325.978830,0.000000,65.682451
10140,6932.386159,0.000000,51.000000,325.477437,0.000000,58.161560
10141,6932.386159,0.000000,51.000000,324.976045,0.000000,50.640669
10142,6932.386159,0.000000,51.000000,324.474652,0.000000,43.119777
10143,6932.386159,0.000000,51.000000,323.973259,0.000000,35.598886
10144,6932.386159,0.000000,51.000000,323.471866,0.000000,28.077994
10145,6932.386159,0.000000,51.000000,322.970474,0.000000,20.557103
10146,6932.386159,0.000000,51.000000,322.469081,0.000000,13.036212
10147,6932.386159,0.000000,51.000000,321.967688,0.000000,5.515320
10148,6932.386159,0.000000,51.000000,321.466295,0.000000,357.994429
10149,6932.386159,0.000000,51.000000,320.964903,0.000000,350.473538
10150,6932.386159,0.000000,51.000000,320.463510,0.000000,342.952646
10151,6932.386159,0.000000,51.000000,319.962117,0.000000,335.431755
10152,6932.386159,0.000000,51.000000,319.460724,0.000000,327.910864
10153,6932.386159,0.000000,51.000000,318.959331,0.000000,320.389972
10154,6932.386159,0.000000,51.000000,318.457939,0.000000,312.869081
10155,6932.386159,0.000000,51.000000,317.956546,0.000000,305.348189
10156,6932.386159,0.000000,51.000000,317.455153,0.000000,297.827298
10157,6932.386159,0.000000,51.000000,316.953760,0.000000,290.306407
10158,6932.386159,0.000000,51.000000,316.452368,0.000000,282.785515
10159,6932.386159,0.000000,51.000000,315.950975,0.000000,275.264624
10160,6932.386159,0.000000,51.000000,315.449582,0.000000,267.743733
10161,6932.386159,0.000000,51.000000,314.948189,0.000000,260.222841
10162,6932.386159,0.000000,51.000000,314.446797,0.000000,252.701950
10163,6932.386159,0.000000,51.000000,313.945404,0.000000,245.181058
10164,6932.386159,0.000000,51.000000,313.444011,0.000000,237.660167
10165,6932.386159,0.000000,51.000000,312.942618,0.000000,230.139276
10166,6932.386159,0.000000,51.000000,312.441226,0.000000,222.618384
10167,6932.386159,0.000000,51.000000,311.939833,0.000000,215.097493
10168,6932.386159,0.000000,51.000000,311.438440,0.000000,207.576602
10169,6932.386159,0.000000,51.000000,310.937047,0.000000,200.055710
10170,6932.386159,0.000000,51.000000,310.435655,0.000000,192.534819
10171,6932.386159,0.000000,51.000000,309.934262,0.000000,185.013928
10172,6932.386159,0.000000,51.000000,309.432869,0.000000,177.493036
10173,6932.386159,0.000000,51.000000,308.931476,0.000000,169.972145
10174,6932.386159,0.000000,51.000000,308.430084,0.000000,162.451253
10175,6932.386159,0.000000,51.000000,307.928691,0.000000,154.930362
10176,6932.386159,0.000000,51.000000,307.427298,0.000000,147.409471
10177,6932.386159,0.000000,51.000000,306.925905,0.000000,139.888579
10178,6932.386159,0.000000,51.000000,306.424513,0.000000,132.367688
10179,6932.386159,0.000000,51.000000,305.923120,0.000000,124.846797
10180,6932.386159,0.000000,51.000000,305.421727,0.000000,117.325905
10181,6932.386159,0.000000,51.000000,304.920334,0.000000,109.805014
10182,6932.386159,0.000000,51.000000,304.418942,0.000000,102.284123
10183,6932.386159,0.000000,51.000000,303.917549,0.000000,94.763231
10184,6932.386159,0.000000,51.000000,303.416156,0.000000,87.242340
10185,6932.386159,0.000000,51.000000,302.914763,0.000000,79.721448
10186,6932.386159,0.000000,51.000000,302.413370,0.000000,72.200557
10187,6932.386159,0.000000,51.000000,301.911978,0.000000,64.679666
10188,6932.386159,0.000000,51.000000,301.410585,0.000000,57.158774
10189,6932.386159,0.000000,51.000000,300.909192,0.000000,49.637883
10190,6932.386159,0.000000,51.000000,300.407799,0.000000,42.116992
10191,6932.386159,0.000000,51.000000,299.906407,0.000000,34.596100
10192,6932.386159,0.000000,51.000000,299.405014,0.000000,27.075209
10193,6932.386159,0.000000,51.000000,298.903621,0.000000,19.554318
10194,6932.386159,0.000000,51.000000,298.402228,0.000000,12.033426
10195,6932.386159,0.000000,51.000000,297.900836,0.000000,4.512535
10196,6932.386159,0.000000,51.000000,297.399443,0.000000,356.991643
10197,6932.386159,0.000000,51.000000,296.898050,0.000000,349.470752
10198,6932.386159,0.000000,51.000000,296.396657,0.000000,341.949861
10199,6932.386159,0.000000,51.000000,295.895265,0.000000,334.428969
10200,6932.386159,0.000000,51.000000,295.393872,0.000000,326.908078
10201,6932.386159,0.000000,51.000000,294.892479,0.000000,319.387187
10202,6932.386159,0.000000,51.000000,294.391086,0.000000,311.866295
10203,6932.386159,0.000000,51.000000,293.889694,0.000000,304.345404
10204,6932.386159,0.000000,51.000000,293.388301,0.000000,296.824513
10205,6932.386159,0.000000,51.000000,292.886908,0.000000,289.303621
10206,6932.386159,0.000000,51.000000,292.385515,0.000000,281.782730
10207,6932.386159,0.000000,51.000000,291.884123,0.000000,274.261838
10208,6932.386159,0.000000,51.000000,291.382730,0.000000,266.740947
10209,6932.386159,0.000000,51.000000,290.881337,0.000000,259.220056
10210,6932.386159,0.000000,51.000000,290.379944,0.000000,251.699164
10211,6932.386159,0.000000,51.000000,289.878552,0.000000,244.178273
10212,6932.386159,0.000000,51.000000,289.377159,0.000000,236.657382
10213,6932.386159,0.000000,51.000000,288.875766,0.000000,229.136490
10214,6932.386159,0.000000,51.000000,288.374373,0.000000,221.615599
10215,6932.386159,0.000000,51.000000,287.872981,0.000000,214.094708
10216,6932.386159,0.000000,51.000000,287.371588,0.000000,206.573816
10217,6932.386159,0.000000,51.000000,286.870195,0.000000,199.052925
10218,6932.386159,0.000000,51.000000,286.368802,0.000000,191.532033
10219,6932.386159,0.000000,51.000000,285.867409,0.000000,184.011142
10220,6932.386159,0.000000,51.000000,285.366017,0.000000,176.490251
10221,6932.386159,0.000000,51.000000,284.864624,0.000000,168.969359
10222,6932.386159,0.000000,51.000000,284.363231,0.000000,161.448468
10223,6932.386159,0.000000,51.000000,283.861838,0.000000,153.927577
10224,6932.386159,0.000000,51.000000,283.360446,0.000000,146.406685
10225,6932.386159,0.000000,51.000000,282.859053,0.000000,138.885794
10226,6932.386159,0.000000,51.000000,282.357660,0.000000,131.364903
10227,6932.386159,0.000000,51.000000,281.856267,0.000000,123.844011
10228,6932.386159,0.000000,51.000000,281.354875,0.000000,116.323120
10229,6932.386159,0.000000,51.000000,280.853482,0.000000,108.802228
10230,6932.386159,0.000000,51.000000,280.352089,0.000000,101.281337
10231,6932.386159,0.000000,51.000000,279.850696,0.000000,93.760446
10232,6932.386159,0.000000,51.000000,279.349304,0.000000,86.239554
10233,6932.386159,0.000000,51.000000,278.847911,0.000000,78.718663
10234,6932.386159,0.000000,51.000000,278.346518,0.000000,71.197772
10235,6932.386159,0.000000,51.000000,277.845125,0.000000,63.676880
10236,6932.386159,0.000000,51.000000,277.343733,0.000000,56.155989
10237,6932.386159,0.000000,51.000000,276.842340,0.000000,48.635097
10238,6932.386159,0.000000,51.000000,276.340947,0.000000,41.114206
10239,6932.386159,0.000000,51.000000,275.839554,0.000000,33.593315
10240,6932.386159,0.000000,51.000000,275.338162,0.000000,26.072423
10241,6932.386159,0.000000,51.000000,274.836769,0.000000,18.551532
10242,6932.386159,0.000000,51.000000,274.335376,0.000000,11.030641
10243,6932.386159,0.000000,51.000000,273.833983,0.000000,3.509749
10244,6932.386159,0.000000,51.000000,273.332591,0.000000,355.988858
10245,6932.386159,0.000000,51.000000,272.831198,0.000000,348.467967
10246,6932.386159,0.000000,51.000000,272.329805,0.000000,340.947075
10247,6932.386159,0.000000,51.000000,271.828412,0.000000,333.426184
10248,6932.386159,0.000000,51.000000,271.327019,0.000000,325.905292
10249,6932.386159,0.000000,51.000000,270.825627,0.000000,318.384401
10250,6932.386159,0.000000,51.000000,270.324234,0.000000,310.863510
10251,6932.386159,0.000000,51.000000,269.822841,0.000000,303.342618
10252,6932.386159,0.000000,51.000000,269.321448,0.000000,295.821727
10253,6932.386159,0.000000,51.000000,268.820056,0.000000,288.300836
10254,6932.386159,0.000000,51.000000,268.318663,0.000000,280.779944
10255,6932.386159,0.000000,51.000000,267.817270,0.000000,273.259053
10256,6932.386159,0.000000,51.000000,267.315877,0.000000,265.738162
10257,6932.386159,0.000000,51.000000,266.814485,0.000000,258.217270
10258,6932.386159,0.000000,51.000000,266.313092,0.000000,250.696379
10259,6932.386159,0.000000,51.000000,265.811699,0.000000,243.175487
10260,6932.386159,0.000000,51.000000,265.310306,0.000000,235.654596
10261,6932.386159,0.000000,51.000000,264.808914,0.000000,228.133705
10262,6932.386159,0.000000,51.000000,264.307521,0.000000,220.612813
10263,6932.386159,0.000000,51.000000,263.806128,0.000000,213.091922
10264,6932.386159,0.000000,51.000000,263.304735,0.000000,205.571031
10265,6932.386159,0.000000,51.000000,262.803343,0.000000,198.050139
10266,6932.386159,0.000000,51.000000,262.301950,0.000000,190.529248
10267,6932.386159,0.000000,51.000000,261.800557,0.000000,183.008357
10268,6932.386159,0.000000,51.000000,261.299164,0.000000,175.487465
10269,6932.386159,0.000000,51.000000,260.797772,0.000000,167.966574
10270,6932.386159,0.000000,51.000000,260.296379,0.000000,160.445682
10271,6932.386159,0.000000,51.000000,259.794986,0.000000,152.924791
10272,6932.386159,0.000000,51.000000,259.293593,0.000000,145.403900
10273,6932.386159,0.000000,51.000000,258.792201,0.000000,137.883008
10274,6932.386159,0.000000,51.000000,258.290808,0.000000,130.362117
10275,6932.386159,0.000000,51.000000,257.789415,0.000000,122.841226
10276,6932.386159,0.000000,51.000000,257.288022,0.000000,115.320334
10277,6932.386159,0.000000,51.000000,256.786630,0.000000,107.799443
10278,6932.386159,0.000000,51.000000,256.285237,0.000000,100.278552
10279,6932.386159,0.000000,51.000000,255.783844,0.000000,92.757660
10280,6932.386159,0.000000,51.000000,255.282451,0.000000,85.236769
10281,6932.386159,0.000000,51.000000,254.781058,0.000000,77.715877
10282,6932.386159,0.000000,51.000000,254.279666,0.000000,70.194986
10283,6932.386159,0.000000,51.000000,253.778273,0.000000,62.674095
10284,6932.386159,0.000000,51.000000,253.276880,0.000000,55.153203
10285,6932.386159,0.000000,51.000000,252.775487,0.000000,47.632312
10286,6932.386159,0.000000,51.000000,252.274095,0.000000,40.111421
10287,6932.386159,0.000000,51.000000,251.772702,0.000000,32.590529
10288,6932.386159,0.000000,51.000000,251.271309,0.000000,25.069638
10289,6932.386159,0.000000,51.000000,250.769916,0.000000,17.548747
10290,6932.386159,0.000000,51.000000,250.268524,0.000000,10.027855
10291,6932.386159,0.000000,51.000000,249.767131,0.000000,2.506964
10292,6932.386159,0.000000,51.000000,249.265738,0.000000,354.986072
10293,6932.386159,0.000000,51.000000,248.764345,0.000000,347.465181
10294,6932.386159,0.000000,51.000000,248.262953,0.000000,339.944290
10295,6932.386159,0.000000,51.000000,247.761560,0.000000,332.423398
10296,6932.386159,0.000000,51.000000,247.260167,0.000000,324.902507
10297,6932.386159,0.000000,51.000000,246.758774,0.000000,317.381616
10298,6932.386159,0.000000,51.000000,246.257382,0.000000,309.860724
10299,6932.386159,0.000000,51.000000,245.755989,0.000000,302.339833
10300,6932.386159,0.000000,51.000000,245.254596,0.000000,294.818942
10301,6932.386159,0.000000,51.000000,244.753203,0.000000,287.298050
10302,6932.386159,0.000000,51.000000,244.251811,0.000000,279.777159
10303,6932.386159,0.000000,51.000000,243.750418,0.000000,272.256267
10304,6932.386159,0.000000,51.000000,243.249025,0.000000,264.735376
10305,6932.386159,0.000000,51.000000,242.747632,0.000000,257.214485
10306,6932.386159,0.000000,51.000000,242.246240,0.000000,249.693593
10307,6932.386159,0.000000,51.000000,241.744847,0.000000,242.172702
10308,6932.386159,0.000000,51.000000,241.243454,0.000000,234.651811
10309,6932.386159,0.000000,51.000000,240.742061,0.000000,227.130919
10310,6932.386159,0.000000,51.000000,240.240669,0.000000,219.610028
10311,6932.386159,0.000000,51.000000,239.739276,0.000000,212.089136
10312,6932.386159,0.000000,51.000000,239.237883,0.000000,204.568245
10313,6932.386159,0.000000,51.000000,238.736490,0.000000,197.047354
10314,6932.386159,0.000000,51.000000,238.235097,0.000000,189.526462
10315,6932.386159,0.000000,51.000000,237.733705,0.000000,182.005571
10316,6932.386159,0.000000,51.000000,237.232312,0.000000,174.484680
10317,6932.386159,0.000000,51.000000,236.730919,0.000000,166.963788
10318,6932.386159,0.000000,51.000000,236.229526,0.000000,159.442897
10319,6932.386159,0.000000,51.000000,235.728134,0.000000,151.922006
10320,6932.386159,0.000000,51.000000,235.226741,0.000000,144.401114
10321,6932.386159,0.000000,51.000000,234.725348,0.000000,136.880223
10322,6932.386159,0.000000,51.000000,234.223955,0.000000,129.359331
10323,6932.386159,0.000000,51.000000,233.722563,0.000000,121.838440
10324,6932.386159,0.000000,51.000000,233.221170,0.000000,114.317549
10325,6932.386159,0.000000,51.000000,232.719777,0.000000,106.796657
10326,6932.386159,0.000000,51.000000,232.218384,0.000000,99.275766
10327,6932.386159,0.000000,51.000000,231.716992,0.000000,91.754875
10328,6932.386159,0.000000,51.000000,231.215599,0.000000,84.233983
10329,6932.386159,0.000000,51.000000,230.714206,0.000000,76.713092
10330,6932.386159,0.000000,51.000000,230.212813,0.000000,69.192201
10331,6932.386159,0.000000,51.000000,229.711421,0.000000,61.671309
10332,6932.386159,0.000000,51.000000,229.210028,0.000000,54.150418
10333,6932.386159,0.000000,51.000000,228.708635,0.000000,46.629526
10334,6932.386159,0.000000,51.000000,228.207242,0.000000,39.108635
10335,6932.386159,0.000000,51.000000,227.705850,0.000000,31.587744
10336,6932.386159,0.000000,51.000000,227.204457,0.000000,24.066852
10337,6932.386159,0.000000,51.000000,226.703064,0.000000,16.545961
10338,6932.386159,0.000000,51.000000,226.201671,0.000000,9.025070
10339,6932.386159,0.000000,51.000000,225.700279,0.000000,1.504178
10340,6932.386159,0.000000,51.000000,225.198886,0.000000,353.983287
10341,6932.386159,0.000000,51.000000,224.697493,0.000000,346.462396
10342,6932.386159,0.000000,51.000000,224.196100,0.000000,338.941504
10343,6932.386159,0.000000,51.000000,223.694708,0.000000,331.420613
10344,6932.386159,0.000000,51.000000,223.193315,0.000000,323.899721
10345,6932.386159,0.000000,51.000000,222.691922,0.000000,316.378830
10346,6932.386159,0.000000,51.000000,222.190529,0.000000,308.857939
10347,6932.386159,0.000000,51.000000,221.689136,0.000000,301.337047
10348,6932.386159,0.000000,51.000000,221.187744,0.000000,293.816156
10349,6932.386159,0.000000,51.000000,220.686351,0.000000,286.295265
10350,6932.386159,0.000000,51.000000,220.184958,0.000000,278.774373
10351,6932.386159,0.000000,51.000000,219.683565,0.000000,271.253482
10352,6932.386159,0.000000,51.000000,219.182173,0.000000,263.732591
10353,6932.386159,0.000000,51.000000,218.680780,0.000000,256.211699
10354,6932.386159,0.000000,51.000000,218.179387,0.000000,248.690808
10355,6932.386159,0.000000,51.000000,217.677994,0.000000,241.169916
10356,6932.386159,0.000000,51.000000,217.176602,0.000000,233.649025
10357,6932.386159,0.000000,51.000000,216.675209,0.000000,226.128134
10358,6932.386159,0.000000,51.000000,216.173816,0.000000,218.607242
10359,6932.386159,0.000000,51.000000,215.672423,0.000000,211.086351
10360,6932.386159,0.000000,51.000000,215.171031,0.000000,203.565460
10361,6932.386159,0.000000,51.000000,214.669638,0.000000,196.044568
10362,6932.386159,0.000000,51.000000,214.168245,0.000000,188.523677
10363,6932.386159,0.000000,51.000000,213.666852,0.000000,181.002786
10364,6932.386159,0.000000,51.000000,213.165460,0.000000,173.481894
10365,6932.386159,0.000000,51.000000,212.664067,0.000000,165.961003
10366,6932.386159,0.000000,51.000000,212.162674,0.000000,158.440111
10367,6932.386159,0.000000,51.000000,211.661281,0.000000,150.919220
10368,6932.386159,0.000000,51.000000,211.159889,0.000000,143.398329
10369,6932.386159,0.000000,51.000000,210.658496,0.000000,135.877437
10370,6932.386159,0.000000,51.000000,210.157103,0.000000,128.356546
10371,6932.386159,0.000000,51.000000,209.655710,0.000000,120.835655
10372,6932.386159,0.000000,51.000000,209.154318,0.000000,113.314763
10373,6932.386159,0.000000,51.000000,208.652925,0.000000,105.793872
10374,6932.386159,0.000000,51.000000,208.151532,0.000000,98.272981
10375,6932.386159,0.000000,51.000000,207.650139,0.000000,90.752089
10376,6932.386159,0.000000,51.000000,207.148747,0.000000,83.231198
10377,6932.386159,0.000000,51.000000,206.647354,0.000000,75.710306
10378,6932.386159,0.000000,51.000000,206.145961,0.000000,68.189415
10379,6932.386159,0.000000,51.000000,205.644568,0.000000,60.668524
10380,6932.386159,0.000000,51.000000,205.143175,0.000000,53.147632
10381,6932.386159,0.000000,51.000000,204.641783,0.000000,45.626741
10382,6932.386159,0.000000,51.000000,204.140390,0.000000,38.105850
10383,6932.386159,0.000000,51.000000,203.638997,0.000000,30.584958
10384,6932.386159,0.000000,51.000000,203.137604,0.000000,23.064067
10385,6932.386159,0.000000,51.000000,202.636212,0.000000,15.543175
10386,6932.386159,0.000000,51.000000,202.134819,0.000000,8.022284
10387,6932.386159,0.000000,51.000000,201.633426,0.000000,0.501393
10388,6932.386159,0.000000,51.000000,201.132033,0.000000,352.980501
10389,6932.386159,0.000000,51.000000,200.630641,0.000000,345.459610
10390,6932.386159,0.000000,51.000000,200.129248,0.000000,337.938719
10391,6932.386159,0.000000,51.000000,199.627855,0.000000,330.417827
10392,6932.386159,0.000000,51.000000,199.126462,0.000000,322.896936
10393,6932.386159,0.000000,51.000000,198.625070,0.000000,315.376045
10394,6932.386159,0.000000,51.000000,198.123677,0.000000,307.855153
10395,6932.386159,0.000000,51.000000,197.622284,0.000000,300.334262
10396,6932.386159,0.000000,51.000000,197.120891,0.000000,292.813370
10397,6932.386159,0.000000,51.000000,196.619499,0.000000,285.292479
10398,6932.386159,0.000000,51.000000,196.118106,0.000000,277.771588
10399,6932.386159,0.000000,51.000000,195.616713,0.000000,270.250696
10400,6932.386159,0.000000,51.000000,195.115320,0.000000,262.729805
10401,6932.386159,0.000000,51.000000,194.613928,0.000000,255.208914
10402,6932.386159,0.000000,51.000000,194.112535,0.000000,247.688022
10403,6932.386159,0.000000,51.000000,193.611142,0.000000,240.167131
10404,6932.386159,0.000000,51.000000,193.109749,0.000000,232.646240
10405,6932.386159,0.000000,51.000000,192.608357,0.000000,225.125348
10406,6932.386159,0.000000,51.000000,192.106964,0.000000,217.604457
10407,6932.386159,0.000000,51.000000,191.605571,0.000000,210.083565
10408,6932.386159,0.000000,51.000000,191.104178,0.000000,202.562674
10409,6932.386159,0.000000,51.000000,190.602786,0.000000,195.041783
10410,6932.386159,0.000000,51.000000,190.101393,0.000000,187.520891
10411,6932.386159,0.000000,51.000000,189.600000,0.000000,180.000000
10412,6932.386159,0.000000,51.000000,189.098607,0.000000,172.479109
10413,6932.386159,0.000000,51.000000,188.597214,0.000000,164.958217
10414,6932.386159,0.000000,51.000000,188.095822,0.000000,157.437326
10415,6932.386159,0.000000,51.000000,187.594429,0.000000,149.916435
10416,6932.386159,0.000000,51.000000,187.093036,0.000000,142.395543
10417,6932.386159,0.000000,51.000000,186.591643,0.000000,134.874652
10418,6932.386159,0.000000,51.000000,186.090251,0.000000,127.353760
10419,6932.386159,0.000000,51.000000,185.588858,0.000000,119.832869
10420,6932.386159,0.000000,51.000000,185.087465,0.000000,112.311978
10421,6932.386159,0.000000,51.000000,184.586072,0.000000,104.791086
10422,6932.386159,0.000000,51.000000,184.084680,0.000000,97.270195
10423,6932.386159,0.000000,51.000000,183.583287,0.000000,89.749304
10424,6932.386159,0.000000,51.000000,183.081894,0.000000,82.228412
10425,6932.386159,0.000000,51.000000,182.580501,0.000000,74.707521
10426,6932.386159,0.000000,51.000000,182.079109,0.000000,67.186630
10427,6932.386159,0.000000,51.000000,181.577716,0.000000,59.665738
10428,6932.386159,0.000000,51.000000,181.076323,0.000000,52.144847
10429,6932.386159,0.000000,51.000000,180.574930,0.000000,44.623955
10430,6932.386159,0.000000,51.000000,180.073538,0.000000,37.103064
10431,6932.386159,0.000000,51.000000,179.572145,0.000000,29.582173
10432,6932.386159,0.000000,51.000000,179.070752,0.000000,22.061281
10433,6932.386159,0.000000,51.000000,178.569359,0.000000,14.540390
10434,6932.386159,0.000000,51.000000,178.067967,0.000000,7.019499
10435,6932.386159,0.000000,51.000000,177.566574,0.000000,359.498607
10436,6932.386159,0.000000,51.000000,177.065181,0.000000,351.977716
10437,6932.386159,0.000000,51.000000,176.563788,0.000000,344.456825
10438,6932.386159,0.000000,51.000000,176.062396,0.000000,336.935933
10439,6932.386159,0.000000,51.000000,175.561003,0.000000,329.415042
10440,6932.386159,0.000000,51.000000,175.059610,0.000000,321.894150
10441,6932.386159,0.000000,51.000000,174.558217,0.000000,314.373259
10442,6932.386159,0.000000,51.000000,174.056825,0.000000,306.852368
10443,6932.386159,0.000000,51.000000,173.555432,0.000000,299.331476
10444,6932.386159,0.000000,51.000000,173.054039,0.000000,291.810585
10445,6932.386159,0.000000,51.000000,172.552646,0.000000,284.289694
10446,6932.386159,0.000000,51.000000,172.051253,0.000000,276.768802
10447,6932.386159,0.000000,51.000000,171.549861,0.000000,269.247911
10448,6932.386159,0.000000,51.000000,171.048468,0.000000,261.727019
10449,6932.386159,0.000000,51.000000,170.547075,0.000000,254.206128
10450,6932.386159,0.000000,51.000000,170.045682,0.000000,246.685237
10451,6932.386159,0.000000,51.000000,169.544290,0.000000,239.164345
10452,6932.386159,0.000000,51.000000,169.042897,0.000000,231.643454
10453,6932.386159,0.000000,51.000000,168.541504,0.000000,224.122563
10454,6932.386159,0.000000,51.000000,168.040111,0.000000,216.601671
10455,6932.386159,0.000000,51.000000,167.538719,0.000000,209.080780
10456,6932.386159,0.000000,51.000000,167.037326,0.000000,201.559889
10457,6932.386159,0.000000,51.000000,166.535933,0.000000,194.038997
10458,6932.386159,0.000000,51.000000,166.034540,0.000000,186.518106
10459,6932.386159,0.000000,51.000000,165.533148,0.000000,178.997214
10460,6932.386159,0.000000,51.000000,165.031755,0.000000,171.476323
10461,6932.386159,0.000000,51.000000,164.530362,0.000000,163.955432
10462,6932.386159,0.000000,51.000000,164.028969,0.000000,156.434540
10463,6932.386159,0.000000,51.000000,163.527577,0.000000,148.913649
10464,6932.386159,0.000000,51.000000,163.026184,0.000000,141.392758
10465,6932.386159,0.000000,51.000000,162.524791,0.000000,133.871866
10466,6932.386159,0.000000,51.000000,162.023398,0.000000,126.350975
10467,6932.386159,0.000000,51.000000,161.522006,0.000000,118.830084
10468,6932.386159,0.000000,51.000000,161.020613,0.000000,111.309192
10469,6932.386159,0.000000,51.000000,160.519220,0.000000,103.788301
10470,6932.386159,0.000000,51.000000,160.017827,0.000000,96.267409
10471,6932.386159,0.000000,51.000000,159.516435,0.000000,88.746518
10472,6932.386159,0.000000,51.000000,159.015042,0.000000,81.225627
10473,6932.386159,0.000000,51.000000,158.513649,0.000000,73.704735
10474,6932.386159,0.000000,51.000000,158.012256,0.000000,66.183844
10475,6932.386159,0.000000,51.000000,157.510864,0.000000,58.662953
10476,6932.386159,0.000000,51.000000,157.009471,0.000000,51.142061
10477,6932.386159,0.000000,51.000000,156.508078,0.000000,43.621170
10478,6932.386159,0.000000,51.000000,156.006685,0.000000,36.100279
10479,6932.386159,0.000000,51.000000,155.505292,0.000000,28.579387
10480,6932.386159,0.000000,51.000000,155.003900,0.000000,21.058496
10481,6932.386159,0.000000,51.000000,154.502507,0.000000,13.537604
10482,6932.386159,0.000000,51.000000,154.001114,0.000000,6.016713
10483,6932.386159,0.000000,51.000000,153.499721,0.000000,358.495822
10484,6932.386159,0.000000,51.000000,152.998329,0.000000,350.974930
10485,6932.386159,0.000000,51.000000,152.496936,0.000000,343.454039
10486,6932.386159,0.000000,51.000000,151.995543,0.000000,335.933148
10487,6932.386159,0.000000,51.000000,151.494150,0.000000,328.412256
10488,6932.386159,0.000000,51.000000,150.992758,0.000000,320.891365
10489,6932.386159,0.000000,51.000000,150.491365,0.000000,313.370474
10490,6932.386159,0.000000,51.000000,149.989972,0.000000,305.849582
10491,6932.386159,0.000000,51.000000,149.488579,0.000000,298.328691
10492,6932.386159,0.000000,51.000000,148.987187,0.000000,290.807799
10493,6932.386159,0.000000,51.000000,148.485794,0.000000,283.286908
10494,6932.386159,0.000000,51.000000,147.984401,0.000000,275.766017
10495,6932.386159,0.000000,51.000000,147.483008,0.000000,268.245125
10496,6932.386159,0.000000,51.000000,146.981616,0.000000,260.724234
10497,6932.386159,0.000000,51.000000,146.480223,0.000000,253.203343
10498,6932.386159,0.000000,51.000000,145.978830,0.000000,245.682451
10499,6932.386159,0.000000,51.000000,145.477437,0.000000,238.161560
10500,6932.386159,0.000000,51.000000,144.976045,0.000000,230.640669
10501,6932.386159,0.000000,51.000000,144.474652,0.000000,223.119777
10502,6932.386159,0.000000,51.000000,143.973259,0.000000,215.598886
10503,6932.386159,0.000000,51.000000,143.471866,0.000000,208.077994
10504,6932.386159,0.000000,51.000000,142.970474,0.000000,200.557103
10505,6932.386159,0.000000,51.000000,142.469081,0.000000,193.036212
10506,6932.386159,0.000000,51.000000,141.967688,0.000000,185.515320
10507,6932.386159,0.000000,51.000000,141.466295,0.000000,177.994429
10508,6932.386159,0.000000,51.000000,140.964903,0.000000,170.473538
10509,6932.386159,0.000000,51.000000,140.463510,0.000000,162.952646
10510,6932.386159,0.000000,51.000000,139.962117,0.000000,155.431755
10511,6932.386159,0.000000,51.000000,139.460724,0.000000,147.910864
10512,6932.386159,0.000000,51.000000,138.959331,0.000000,140.389972
10513,6932.386159,0.000000,51.000000,138.457939,0.000000,132.869081
10514,6932.386159,0.000000,51.000000,137.956546,0.000000,125.348189
10515,6932.386159,0.000000,51.000000,137.455153,0.000000,117.827298
10516,6932.386159,0.000000,51.000000,136.953760,0.000000,110.306407
10517,6932.386159,0.000000,51.000000,136.452368,0.000000,102.785515
10518,6932.386159,0.000000,51.000000,135.950975,0.000000,95.264624
10519,6932.386159,0.000000,51.000000,135.449582,0.000000,87.743733
10520,6932.386159,0.000000,51.000000,134.948189,0.000000,80.222841
10521,6932.386159,0.000000,51.000000,134.446797,0.000000,72.701950
10522,6932.386159,0.000000,51.000000,133.945404,0.000000,65.181058
10523,6932.386159,0.000000,51.000000,133.444011,0.000000,57.660167
10524,6932.386159,0.000000,51.000000,132.942618,0.000000,50.139276
10525,6932.386159,0.000000,51.000000,132.441226,0.000000,42.618384
10526,6932.386159,0.000000,51.000000,131.939833,0.000000,35.097493
10527,6932.386159,0.000000,51.000000,131.438440,0.000000,27.576602
10528,6932.386159,0.000000,51.000000,130.937047,0.000000,20.055710
10529,6932.386159,0.000000,51.000000,130.435655,0.000000,12.534819
10530,6932.386159,0.000000,51.000000,129.934262,0.000000,5.013928
10531,6932.386159,0.000000,51.000000,129.432869,0.000000,357.493036
10532,6932.386159,0.000000,51.000000,128.931476,0.000000,349.972145
10533,6932.386159,0.000000,51.000000,128.430084,0.000000,342.451253
10534,6932.386159,0.000000,51.000000,127.928691,0.000000,334.930362
10535,6932.386159,0.000000,51.000000,127.427298,0.000000,327.409471
10536,6932.386159,0.000000,51.000000,126.925905,0.000000,319.888579
10537,6932.386159,0.000000,51.000000,126.424513,0.000000,312.367688
10538,6932.386159,0.000000,51.000000,125.923120,0.000000,304.846797
10539,6932.386159,0.000000,51.000000,125.421727,0.000000,297.325905
10540,6932.386159,0.000000,51.000000,124.920334,0.000000,289.805014
10541,6932.386159,0.000000,51.000000,124.418942,0.000000,282.284123
10542,6932.386159,0.000000,51.000000,123.917549,0.000000,274.763231
10543,6932.386159,0.000000,51.000000,123.416156,0.000000,267.242340
10544,6932.386159,0.000000,51.000000,122.914763,0.000000,259.721448
10545,6932.386159,0.000000,51.000000,122.413370,0.000000,252.200557
10546,6932.386159,0.000000,51.000000,121.911978,0.000000,244.679666
10547,6932.386159,0.000000,51.000000,121.410585,0.000000,237.158774
10548,6932.386159,0.000000,51.000000,120.909192,0.000000,229.637883
10549,6932.386159,0.000000,51.000000,120.407799,0.000000,222.116992
10550,6932.386159,0.000000,51.000000,119.906407,0.000000,214.596100
10551,6932.386159,0.000000,51.000000,119.405014,0.000000,207.075209
10552,6932.386159,0.000000,51.000000,118.903621,0.000000,199.554318
10553,6932.386159,0.000000,51.000000,118.402228,0.000000,192.033426
10554,6932.386159,0.000000,51.000000,117.900836,0.000000,184.512535
10555,6932.386159,0.000000,51.000000,117.399443,0.000000,176.991643
10556,6932.386159,0.000000,51.000000,116.898050,0.000000,169.470752
10557,6932.386159,0.000000,51.000000,116.396657,0.000000,161.949861
10558,6932.386159,0.000000,51.000000,115.895265,0.000000,154.428969
10559,6932.386159,0.000000,51.000000,115.393872,0.000000,146.908078
10560,6932.386159,0.000000,51.000000,114.892479,0.000000,139.387187
10561,6932.386159,0.000000,51.000000,114.391086,0.000000,131.866295
10562,6932.386159,0.000000,51.000000,113.889694,0.000000,124.345404
10563,6932.386159,0.000000,51.000000,113.388301,0.000000,116.824513
10564,6932.386159,0.000000,51.000000,112.886908,0.000000,109.303621
10565,6932.386159,0.000000,51.000000,112.385515,0.000000,101.782730
10566,6932.386159,0.000000,51.000000,111.884123,0.000000,94.261838
10567,6932.386159,0.000000,51.000000,111.382730,0.000000,86.740947
10568,6932.386159,0.000000,51.000000,110.881337,0.000000,79.220056
10569,6932.386159,0.000000,51.000000,110.379944,0.000000,71.699164
10570,6932.386159,0.000000,51.000000,109.878552,0.000000,64.178273
10571,6932.386159,0.000000,51.000000,109.377159,0.000000,56.657382
10572,6932.386159,0.000000,51.000000,108.875766,0.000000,49.136490
10573,6932.386159,0.000000,51.000000,108.374373,0.000000,41.615599
10574,6932.386159,0.000000,51.000000,107.872981,0.000000,34.094708
10575,6932.386159,0.000000,51.000000,107.371588,0.000000,26.573816
10576,6932.386159,0.000000,51.000000,106.870195,0.000000,19.052925
10577,6932.386159,0.000000,51.000000,106.368802,0.000000,11.532033
10578,6932.386159,0.000000,51.000000,105.867409,0.000000,4.011142
10579,6932.386159,0.000000,51.000000,105.366017,0.000000,356.490251
10580,6932.386159,0.000000,51.000000,104.864624,0.000000,348.969359
10581,6932.386159,0.000000,51.000000,104.363231,0.000000,341.448468
10582,6932.386159,0.000000,51.000000,103.861838,0.000000,333.927577
10583,6932.386159,0.000000,51.000000,103.360446,0.000000,326.406685
10584,6932.386159,0.000000,51.000000,102.859053,0.000000,318.885794
10585,6932.386159,0.000000,51.000000,102.357660,0.000000,311.364903
10586,6932.386159,0.000000,51.000000,101.856267,0.000000,303.844011
10587,6932.386159,0.000000,51.000000,101.354875,0.000000,296.323120
10588,6932.386159,0.000000,51.000000,100.853482,0.000000,288.802228
10589,6932.386159,0.000000,51.000000,100.352089,0.000000,281.281337
10590,6932.386159,0.000000,51.000000,99.850696,0.000000,273.760446
10591,6932.386159,0.000000,51.000000,99.349304,0.000000,266.239554
10592,6932.386159,0.000000,51.000000,98.847911,0.000000,258.718663
10593,6932.386159,0.000000,51.000000,98.346518,0.000000,251.197772
10594,6932.386159,0.000000,51.000000,97.845125,0.000000,243.676880
10595,6932.386159,0.000000,51.000000,97.343733,0.000000,236.155989
10596,6932.386159,0.000000,51.000000,96.842340,0.000000,228.635097
10597,6932.386159,0.000000,51.000000,96.340947,0.000000,221.114206
10598,6932.386159,0.000000,51.000000,95.839554,0.000000,213.593315
10599,6932.386159,0.000000,51.000000,95.338162,0.000000,206.072423
10600,6932.386159,0.000000,51.000000,94.836769,0.000000,198.551532
10601,6932.386159,0.000000,51.000000,94.335376,0.000000,191.030641
10602,6932.386159,0.000000,51.000000,93.833983,0.000000,183.509749
10603,6932.386159,0.000000,51.000000,93.332591,0.000000,175.988858
10604,6932.386159,0.000000,51.000000,92.831198,0.000000,168.467967
10605,6932.386159,0.000000,51.000000,92.329805,0.000000,160.947075
10606,6932.386159,0.000000,51.000000,91.828412,0.000000,153.426184
10607,6932.386159,0.000000,51.000000,91.327019,0.000000,145.905292
10608,6932.386159,0.000000,51.000000,90.825627,0.000000,138.384401
10609,6932.386159,0.000000,51.000000,90.324234,0.000000,130.863510
10610,6932.386159,0.000000,51.000000,89.822841,0.000000,123.342618
10611,6932.386159,0.000000,51.000000,89.321448,0.000000,115.821727
10612,6932.386159,0.000000,51.000000,88.820056,0.000000,108.300836
10613,6932.386159,0.000000,51.000000,88.318663,0.000000,100.779944
10614,6932.386159,0.000000,51.000000,87.817270,0.000000,93.259053
10615,6932.386159,0.000000,51.000000,87.315877,0.000000,85.738162
10616,6932.386159,0.000000,51.000000,86.814485,0.000000,78.217270
10617,6932.386159,0.000000,51.000000,86.313092,0.000000,70.696379
10618,6932.386159,0.000000,51.000000,85.811699,0.000000,63.175487
10619,6932.386159,0.000000,51.000000,85.310306,0.000000,55.654596
10620,6932.386159,0.000000,51.000000,84.808914,0.000000,48.133705
10621,6932.386159,0.000000,51.000000,84.307521,0.000000,40.612813
10622,6932.386159,0.000000,51.000000,83.806128,0.000000,33.091922
10623,6932.386159,0.000000,51.000000,83.304735,0.000000,25.571031
10624,6932.386159,0.000000,51.000000,82.803343,0.000000,18.050139
10625,6932.386159,0.000000,51.000000,82.301950,0.000000,10.529248
10626,6932.386159,0.000000,51.000000,81.800557,0.000000,3.008357
10627,6932.386159,0.000000,51.000000,81.299164,0.000000,355.487465
10628,6932.386159,0.000000,51.000000,80.797772,0.000000,347.966574
10629,6932.386159,0.000000,51.000000,80.296379,0.000000,340.445682
10630,6932.386159,0.000000,51.000000,79.794986,0.000000,332.924791
10631,6932.386159,0.000000,51.000000,79.293593,0.000000,325.403900
10632,6932.386159,0.000000,51.000000,78.792201,0.000000,317.883008
10633,6932.386159,0.000000,51.000000,78.290808,0.000000,310.362117
10634,6932.386159,0.000000,51.000000,77.789415,0.000000,302.841226
10635,6932.386159,0.000000,51.000000,77.288022,0.000000,295.320334
10636,6932.386159,0.000000,51.000000,76.786630,0.000000,287.799443
10637,6932.386159,0.000000,51.000000,76.285237,0.000000,280.278552
10638,6932.386159,0.000000,51.000000,75.783844,0.000000,272.757660
10639,6932.386159,0.000000,51.000000,75.282451,0.000000,265.236769
10640,6932.386159,0.000000,51.000000,74.781058,0.000000,257.715877
10641,6932.386159,0.000000,51.000000,74.279666,0.000000,250.194986
10642,6932.386159,0.000000,51.000000,73.778273,0.000000,242.674095
10643,6932.386159,0.000000,51.000000,73.276880,0.000000,235.153203
10644,6932.386159,0.000000,51.000000,72.775487,0.000000,227.632312
10645,6932.386159,0.000000,51.000000,72.274095,0.000000,220.111421
10646,6932.386159,0.000000,51.000000,71.772702,0.000000,212.590529
10647,6932.386159,0.000000,51.000000,71.271309,0.000000,205.069638
10648,6932.386159,0.000000,51.000000,70.769916,0.000000,197.548747
10649,6932.386159,0.000000,51.000000,70.268524,0.000000,190.027855
10650,6932.386159,0.000000,51.000000,69.767131,0.000000,182.506964
10651,6932.386159,0.000000,51.000000,69.265738,0.000000,174.986072
10652,6932.386159,0.000000,51.000000,68.764345,0.000000,167.465181
10653,6932.386159,0.000000,51.000000,68.262953,0.000000,159.944290
10654,6932.386159,0.000000,51.000000,67.761560,0.000000,152.423398
10655,6932.386159,0.000000,51.000000,67.260167,0.000000,144.902507
10656,6932.386159,0.000000,51.000000,66.758774,0.000000,137.381616
10657,6932.386159,0.000000,51.000000,66.257382,0.000000,129.860724
10658,6932.386159,0.000000,51.000000,65.755989,0.000000,122.339833
10659,6932.386159,0.000000,51.000000,65.254596,0.000000,114.818942
10660,6932.386159,0.000000,51.000000,64.753203,0.000000,107.298050
10661,6932.386159,0.000000,51.000000,64.251811,0.000000,99.777159
10662,6932.386159,0.000000,51.000000,63.750418,0.000000,92.256267
10663,6932.386159,0.000000,51.000000,63.249025,0.000000,84.735376
10664,6932.386159,0.000000,51.000000,62.747632,0.000000,77.214485
10665,6932.386159,0.000000,51.000000,62.246240,0.000000,69.693593
10666,6932.386159,0.000000,51.000000,61.744847,0.000000,62.172702
10667,6932.386159,0.000000,51.000000,61.243454,0.000000,54.651811
10668,6932.386159,0.000000,51.000000,60.742061,0.000000,47.130919
10669,6932.386159,0.000000,51.000000,60.240669,0.000000,39.610028
10670,6932.386159,0.000000,51.000000,59.739276,0.000000,32.089136
10671,6932.386159,0.000000,51.000000,59.237883,0.000000,24.568245
10672,6932.386159,0.000000,51.000000,58.736490,0.000000,17.047354
10673,6932.386159,0.000000,51.000000,58.235097,0.000000,9.526462
10674,6932.386159,0.000000,51.000000,57.733705,0.000000,2.005571
10675,6932.386159,0.000000,51.000000,57.232312,0.000000,354.484680
10676,6932.386159,0.000000,51.000000,56.730919,0.000000,346.963788
10677,6932.386159,0.000000,51.000000,56.229526,0.000000,339.442897
10678,6932.386159,0.000000,51.000000,55.728134,0.000000,331.922006
10679,6932.386159,0.000000,51.000000,55.226741,0.000000,324.401114
10680,6932.386159,0.000000,51.000000,54.725348,0.000000,316.880223
10681,6932.386159,0.000000,51.000000,54.223955,0.000000,309.359331
10682,6932.386159,0.000000,51.000000,53.722563,0.000000,301.838440
10683,6932.386159,0.000000,51.000000,53.221170,0.000000,294.317549
10684,6932.386159,0.000000,51.000000,52.719777,0.000000,286.796657
10685,6932.386159,0.000000,51.000000,52.218384,0.000000,279.275766
10686,6932.386159,0.000000,51.000000,51.716992,0.000000,271.754875
10687,6932.386159,0.000000,51.000000,51.215599,0.000000,264.233983
10688,6932.386159,0.000000,51.000000,50.714206,0.000000,256.713092
10689,6932.386159,0.000000,51.000000,50.212813,0.000000,249.192201
10690,6932.386159,0.000000,51.000000,49.711421,0.000000,241.671309
10691,6932.386159,0.000000,51.000000,49.210028,0.000000,234.150418
10692,6932.386159,0.000000,51.000000,48.708635,0.000000,226.629526
10693,6932.386159,0.000000,51.000000,48.207242,0.000000,219.108635
10694,6932.386159,0.000000,51.000000,47.705850,0.000000,211.587744
10695,6932.386159,0.000000,51.000000,47.204457,0.000000,204.066852
10696,6932.386159,0.000000,51.000000,46.703064,0.000000,196.545961
10697,6932.386159,0.000000,51.000000,46.201671,0.000000,189.025070
10698,6932.386159,0.000000,51.000000,45.700279,0.000000,181.504178
10699,6932.386159,0.000000,51.000000,45.198886,0.000000,173.983287
10700,6932.386159,0.000000,51.000000,44.697493,0.000000,166.462396
10701,6932.386159,0.000000,51.000000,44.196100,0.000000,158.941504
10702,6932.386159,0.000000,51.000000,43.694708,0.000000,151.420613
10703,6932.386159,0.000000,51.000000,43.193315,0.000000,143.899721
10704,6932.386159,0.000000,51.000000,42.691922,0.000000,136.378830
10705,6932.386159,0.000000,51.000000,42.190529,0.000000,128.857939
10706,6932.386159,0.000000,51.000000,41.689136,0.000000,121.337047
10707,6932.386159,0.000000,51.000000,41.187744,0.000000,113.816156
10708,6932.386159,0.000000,51.000000,40.686351,0.000000,106.295265
10709,6932.386159,0.000000,51.000000,40.184958,0.000000,98.774373
10710,6932.386159,0.000000,51.000000,39.683565,0.000000,91.253482
10711,6932.386159,0.000000,51.000000,39.182173,0.000000,83.732591
10712,6932.386159,0.000000,51.000000,38.680780,0.000000,76.211699
10713,6932.386159,0.000000,51.000000,38.179387,0.000000,68.690808
10714,6932.386159,0.000000,51.000000,37.677994,0.000000,61.169916
10715,6932.386159,0.000000,51.000000,37.176602,0.000000,53.649025
10716,6932.386159,0.000000,51.000000,36.675209,0.000000,46.128134
10717,6932.386159,0.000000,51.000000,36.173816,0.000000,38.607242
10718,6932.386159,0.000000,51.000000,35.672423,0.000000,31.086351
10719,6932.386159,0.000000,51.000000,35.171031,0.000000,23.565460
10720,6932.386159,0.000000,51.000000,34.669638,0.000000,16.044568
10721,6932.386159,0.000000,51.000000,34.168245,0.000000,8.523677
10722,6932.386159,0.000000,51.000000,33.666852,0.000000,1.002786
10723,6932.386159,0.000000,51.000000,33.165460,0.000000,353.481894
10724,6932.386159,0.000000,51.000000,32.664067,0.000000,345.961003
10725,6932.386159,0.000000,51.000000,32.162674,0.000000,338.440111
10726,6932.386159,0.000000,51.000000,31.661281,0.000000,330.919220
10727,6932.386159,0.000000,51.000000,31.159889,0.000000,323.398329
10728,6932.386159,0.000000,51.000000,30.658496,0.000000,315.877437
10729,6932.386159,0.000000,51.000000,30.157103,0.000000,308.356546
10730,6932.386159,0.000000,51.000000,29.655710,0.000000,300.835655
10731,6932.386159,0.000000,51.000000,29.154318,0.000000,293.314763
10732,6932.386159,0.000000,51.000000,28.652925,0.000000,285.793872
10733,6932.386159,0.000000,51.000000,28.151532,0.000000,278.272981
10734,6932.386159,0.000000,51.000000,27.650139,0.000000,270.752089
10735,6932.386159,0.000000,51.000000,27.148747,0.000000,263.231198
10736,6932.386159,0.000000,51.000000,26.647354,0.000000,255.710306
10737,6932.386159,0.000000,51.000000,26.145961,0.000000,248.189415
10738,6932.386159,0.000000,51.000000,25.644568,0.000000,240.668524
10739,6932.386159,0.000000,51.000000,25.143175,0.000000,233.147632
10740,6932.386159,0.000000,51.000000,24.641783,0.000000,225.626741
10741,6932.386159,0.000000,51.000000,24.140390,0.000000,218.105850
10742,6932.386159,0.000000,51.000000,23.638997,0.000000,210.584958
10743,6932.386159,0.000000,51.000000,23.137604,0.000000,203.064067
10744,6932.386159,0.000000,51.000000,22.636212,0.000000,195.543175
10745,6932.386159,0.000000,51.000000,22.134819,0.000000,188.022284
10746,6932.386159,0.000000,51.000000,21.633426,0.000000,180.501393
10747,6932.386159,0.000000,51.000000,21.132033,0.000000,172.980501
10748,6932.386159,0.000000,51.000000,20.630641,0.000000,165.459610
10749,6932.386159,0.000000,51.000000,20.129248,0.000000,157.938719
10750,6932.386159,0.000000,51.000000,19.627855,0.000000,150.417827
10751,6932.386159,0.000000,51.000000,19.126462,0.000000,142.896936
10752,6932.386159,0.000000,51.000000,18.625070,0.000000,135.376045
10753,6932.386159,0.000000,51.000000,18.123677,0.000000,127.855153
10754,6932.386159,0.000000,51.000000,17.622284,0.000000,120.334262
10755,6932.386159,0.000000,51.000000,17.120891,0.000000,112.813370
10756,6932.386159,0.000000,51.000000,16.619499,0.000000,105.292479
10757,6932.386159,0.000000,51.000000,16.118106,0.000000,97.771588
10758,6932.386159,0.000000,51.000000,15.616713,0.000000,90.250696
10759,6932.386159,0.000000,51.000000,15.115320,0.000000,82.729805
10760,6932.386159,0.000000,51.000000,14.613928,0.000000,75.208914
10761,6932.386159,0.000000,51.000000,14.112535,0.000000,67.688022
10762,6932.386159,0.000000,51.000000,13.611142,0.000000,60.167131
10763,6932.386159,0.000000,51.000000,13.109749,0.000000,52.646240
10764,6932.386159,0.000000,51.000000,12.608357,0.000000,45.125348
10765,6932.386159,0.000000,51.000000,12.106964,0.000000,37.604457
10766,6932.386159,0.000000,51.000000,11.605571,0.000000,30.083565
10767,6932.386159,0.000000,51.000000,11.104178,0.000000,22.562674
10768,6932.386159,0.000000,51.000000,10.602786,0.000000,15.041783
10769,6932.386159,0.000000,51.000000,10.101393,0.000000,7.520891
10770,6932.386159,0.000000,52.000000,12.000000,0.000000,0.000000
10771,6932.386159,0.000000,52.000000,11.498607,0.000000,352.479109
10772,6932.386159,0.000000,52.000000,10.997214,0.000000,344.958217
10773,6932.386159,0.000000,52.000000,10.495822,0.000000,337.437326
10774,6932.386159,0.000000,52.000000,9.994429,0.000000,329.916435
10775,6932.386159,0.000000,52.000000,9.493036,0.000000,322.395543
10776,6932.386159,0.000000,52.000000,8.991643,0.000000,314.874652
10777,6932.386159,0.000000,52.000000,8.490251,0.000000,307.353760
10778,6932.386159,0.000000,52.000000,7.988858,0.000000,299.832869
10779,6932.386159,0.000000,52.000000,7.487465,0.000000,292.311978
10780,6932.386159,0.000000,52.000000,6.986072,0.000000,284.791086
10781,6932.386159,0.000000,52.000000,6.484680,0.000000,277.270195
10782,6932.386159,0.000000,52.000000,5.983287,0.000000,269.749304
10783,6932.386159,0.000000,52.000000,5.481894,0.000000,262.228412
10784,6932.386159,0.000000,52.000000,4.980501,0.000000,254.707521
10785,6932.386159,0.000000,52.000000,4.479109,0.000000,247.186630
10786,6932.386159,0.000000,52.000000,3.977716,0.000000,239.665738
10787,6932.386159,0.000000,52.000000,3.476323,0.000000,232.144847
10788,6932.386159,0.000000,52.000000,2.974930,0.000000,224.623955
10789,6932.386159,0.000000,52.000000,2.473538,0.000000,217.103064
10790,6932.386159,0.000000,52.000000,1.972145,0.000000,209.582173
10791,6932.386159,0.000000,52.000000,1.470752,0.000000,202.061281
10792,6932.386159,0.000000,52.000000,0.969359,0.000000,194.540390
10793,6932.386159,0.000000,52.000000,0.467967,0.000000,187.019499
10794,6932.386159,0.000000,52.000000,359.966574,0.000000,179.498607
10795,6932.386159,0.000000,52.000000,359.465181,0.000000,171.977716
10796,6932.386159,0.000000,52.000000,358.963788,0.000000,164.456825
10797,6932.386159,0.000000,52.000000,358.462396,0.000000,156.935933
10798,6932.386159,0.000000,52.000000,357.961003,0.000000,149.415042
10799,6932.386159,0.000000,52.000000,357.459610,0.000000,141.894150
10800,6932.386159,0.000000,52.000000,356.958217,0.000000,134.373259
10801,6932.386159,0.000000,52.000000,356.456825,0.000000,126.852368
10802,6932.386159,0.000000,52.000000,355.955432,0.000000,119.331476
10803,6932.386159,0.000000,52.000000,355.454039,0.000000,111.810585
10804,6932.386159,0.000000,52.000000,354.952646,0.000000,104.289694
10805,6932.386159,0.000000,52.000000,354.451253,0.000000,96.768802
10806,6932.386159,0.000000,52.000000,353.949861,0.000000,89.247911
10807,6932.386159,0.000000,52.000000,353.448468,0.000000,81.727019
10808,6932.386159,0.000000,52.000000,352.947075,0.000000,74.206128
10809,6932.386159,0.000000,52.000000,352.445682,0.000000,66.685237
10810,6932.386159,0.000000,52.000000,351.944290,0.000000,59.164345
10811,6932.386159,0.000000,52.000000,351.442897,0.000000,51.643454
10812,6932.386159,0.000000,52.000000,350.941504,0.000000,44.122563
10813,6932.386159,0.000000,52.000000,350.440111,0.000000,36.601671
10814,6932.386159,0.000000,52.000000,349.938719,0.000000,29.080780
10815,6932.386159,0.000000,52.000000,349.437326,0.000000,21.559889
10816,6932.386159,0.000000,52.000000,348.935933,0.000000,14.038997
10817,6932.386159,0.000000,52.000000,348.434540,0.000000,6.518106
10818,6932.386159,0.000000,52.000000,347.933148,0.000000,358.997214
10819,6932.386159,0.000000,52.000000,347.431755,0.000000,351.476323
10820,6932.386159,0.000000,52.000000,346.930362,0.000000,343.955432
10821,6932.386159,0.000000,52.000000,346.428969,0.000000,336.434540
10822,6932.386159,0.000000,52.000000,345.927577,0.000000,328.913649
10823,6932.386159,0.000000,52.000000,345.426184,0.000000,321.392758
10824,6932.386159,0.000000,52.000000,344.924791,0.000000,313.871866
10825,6932.386159,0.000000,52.000000,344.423398,0.000000,306.350975
10826,6932.386159,0.000000,52.000000,343.922006,0.000000,298.830084
10827,6932.386159,0.000000,52.000000,343.420613,0.000000,291.309192
10828,6932.386159,0.000000,52.000000,342.919220,0.000000,283.788301
10829,6932.386159,0.000000,52.000000,342.417827,0.000000,276.267409
10830,6932.386159,0.000000,52.000000,341.916435,0.000000,268.746518
10831,6932.386159,0.000000,52.000000,341.415042,0.000000,261.225627
10832,6932.386159,0.000000,52.000000,340.913649,0.000000,253.704735
10833,6932.386159,0.000000,52.000000,340.412256,0.000000,246.183844
10834,6932.386159,0.000000,52.000000,339.910864,0.000000,238.662953
10835,6932.386159,0.000000,52.000000,339.409471,0.000000,231.142061
10836,6932.386159,0.000000,52.000000,338.908078,0.000000,223.621170
10837,6932.386159,0.000000,52.000000,338.406685,0.000000,216.100279
10838,6932.386159,0.000000,52.000000,337.905292,0.000000,208.579387
10839,6932.386159,0.000000,52.000000,337.403900,0.000000,201.058496
10840,6932.386159,0.000000,52.000000,336.902507,0.000000,193.537604
10841,6932.386159,0.000000,52.000000,336.401114,0.000000,186.016713
10842,6932.386159,0.000000,52.000000,335.899721,0.000000,178.495822
10843,6932.386159,0.000000,52.000000,335.398329,0.000000,170.974930
10844,6932.386159,0.000000,52.000000,334.896936,0.000000,163.454039
10845,6932.386159,0.000000,52.000000,334.395543,0.000000,155.933148
10846,6932.386159,0.000000,52.000000,333.894150,0.000000,148.412256
10847,6932.386159,0.000000,52.000000,333.392758,0.000000,140.891365
10848,6932.386159,0.000000,52.000000,332.891365,0.000000,133.370474
10849,6932.386159,0.000000,52.000000,332.389972,0.000000,125.849582
10850,6932.386159,0.000000,52.000000,331.888579,0.000000,118.328691
10851,6932.386159,0.000000,52.000000,331.387187,0.000000,110.807799
10852,6932.386159,0.000000,52.000000,330.885794,0.000000,103.286908
10853,6932.386159,0.000000,52.000000,330.384401,0.000000,95.766017
10854,6932.386159,0.000000,52.000000,329.883008,0.000000,88.245125
10855,6932.386159,0.000000,52.000000,329.381616,0.000000,80.724234
10856,6932.386159,0.000000,52.000000,328.880223,0.000000,73.203343
10857,6932.386159,0.000000,52.000000,328.378830,0.000000,65.682451
10858,6932.386159,0.000000,52.000000,327.877437,0.000000,58.161560
10859,6932.386159,0.000000,52.000000,327.376045,0.000000,50.640669
10860,6932.386159,0.000000,52.000000,326.874652,0.000000,43.119777
10861,6932.386159,0.000000,52.000000,326.373259,0.000000,35.598886
10862,6932.386159,0.000000,52.000000,325.871866,0.000000,28.077994
10863,6932.386159,0.000000,52.000000,325.370474,0.000000,20.557103
10864,6932.386159,0.000000,52.000000,324.869081,0.000000,13.036212
10865,6932.386159,0.000000,52.000000,324.367688,0.000000,5.515320
10866,6932.386159,0.000000,52.000000,323.866295,0.000000,357.994429
10867,6932.386159,0.000000,52.000000,323.364903,0.000000,350.473538
10868,6932.386159,0.000000,52.000000,322.863510,0.000000,342.952646
10869,6932.386159,0.000000,52.000000,322.362117,0.000000,335.431755
10870,6932.386159,0.000000,52.000000,321.860724,0.000000,327.910864
10871,6932.386159,0.000000,52.000000,321.359331,0.000000,320.389972
10872,6932.386159,0.000000,52.000000,320.857939,0.000000,312.869081
10873,6932.386159,0.000000,52.000000,320.356546,0.000000,305.348189
10874,6932.386159,0.000000,52.000000,319.855153,0.000000,297.827298
10875,6932.386159,0.000000,52.000000,319.353760,0.000000,290.306407
10876,6932.386159,0.000000,52.000000,318.852368,0.000000,282.785515
10877,6932.386159,0.000000,52.000000,318.350975,0.000000,275.264624
10878,6932.386159,0.000000,52.000000,317.849582,0.000000,267.743733
10879,6932.386159,0.000000,52.000000,317.348189,0.000000,260.222841
10880,6932.386159,0.000000,52.000000,316.846797,0.000000,252.701950
10881,6932.386159,0.000000,52.000000,316.345404,0.000000,245.181058
10882,6932.386159,0.000000,52.000000,315.844011,0.000000,237.660167
10883,6932.386159,0.000000,52.000000,315.342618,0.000000,230.139276
10884,6932.386159,0.000000,52.000000,314.841226,0.000000,222.618384
10885,6932.386159,0.000000,52.000000,314.339833,0.000000,215.097493
10886,6932.386159,0.000000,52.000000,313.838440,0.000000,207.576602
10887,6932.386159,0.000000,52.000000,313.337047,0.000000,200.055710
10888,6932.386159,0.000000,52.000000,312.835655,0.000000,192.534819
10889,6932.386159,0.000000,52.000000,312.334262,0.000000,185.013928
10890,6932.386159,0.000000,52.000000,311.832869,0.000000,177.493036
10891,6932.386159,0.000000,52.000000,311.331476,0.000000,169.972145
10892,6932.386159,0.000000,52.000000,310.830084,0.000000,162.451253
10893,6932.386159,0.000000,52.000000,310.328691,0.000000,154.930362
10894,6932.386159,0.000000,52.000000,309.827298,0.000000,147.409471
10895,6932.386159,0.000000,52.000000,309.325905,0.000000,139.888579
10896,6932.386159,0.000000,52.000000,308.824513,0.000000,132.367688
10897,6932.386159,0.000000,52.000000,308.323120,0.000000,124.846797
10898,6932.386159,0.000000,52.000000,307.821727,0.000000,117.325905
10899,6932.386159,0.000000,52.000000,307.320334,0.000000,109.805014
10900,6932.386159,0.000000,52.000000,306.818942,0.000000,102.284123
10901,6932.386159,0.000000,52.000000,306.317549,0.000000,94.763231
10902,6932.386159,0.000000,52.000000,305.816156,0.000000,87.242340
10903,6932.386159,0.000000,52.000000,305.314763,0.000000,79.721448
10904,6932.386159,0.000000,52.000000,304.813370,0.000000,72.200557
10905,6932.386159,0.000000,52.000000,304.311978,0.000000,64.679666
10906,6932.386159,0.000000,52.000000,303.810585,0.000000,57.158774
10907,6932.386159,0.000000,52.000000,303.309192,0.000000,49.637883
10908,6932.386159,0.000000,52.000000,302.807799,0.000000,42.116992
10909,6932.386159,0.000000,52.000000,302.306407,0.000000,34.596100
10910,6932.386159,0.000000,52.000000,301.805014,0.000000,27.075209
10911,6932.386159,0.000000,52.000000,301.303621,0.000000,19.554318
10912,6932.386159,0.000000,52.000000,300.802228,0.000000,12.033426
10913,6932.386159,0.000000,52.000000,300.300836,0.000000,4.512535
10914,6932.386159,0.000000,52.000000,299.799443,0.000000,356.991643
10915,6932.386159,0.000000,52.000000,299.298050,0.000000,349.470752
10916,6932.386159,0.000000,52.000000,298.796657,0.000000,341.949861
10917,6932.386159,0.000000,52.000000,298.295265,0.000000,334.428969
10918,6932.386159,0.000000,52.000000,297.793872,0.000000,326.908078
10919,6932.386159,0.000000,52.000000,297.292479,0.000000,319.387187
10920,6932.386159,0.000000,52.000000,296.791086,0.000000,311.866295
10921,6932.386159,0.000000,52.000000,296.289694,0.000000,304.345404
10922,6932.386159,0.000000,52.000000,295.788301,0.000000,296.824513
10923,6932.386159,0.000000,52.000000,295.286908,0.000000,289.303621
10924,6932.386159,0.000000,52.000000,294.785515,0.000000,281.782730
10925,6932.386159,0.000000,52.000000,294.284123,0.000000,274.261838
10926,6932.386159,0.000000,52.000000,293.782730,0.000000,266.740947
10927,6932.386159,0.000000,52.000000,293.281337,0.000000,259.220056
10928,6932.386159,0.000000,52.000000,292.779944,0.000000,251.699164
10929,6932.386159,0.000000,52.000000,292.278552,0.000000,244.178273
10930,6932.386159,0.000000,52.000000,291.777159,0.000000,236.657382
10931,6932.386159,0.000000,52.000000,291.275766,0.000000,229.136490
10932,6932.386159,0.000000,52.000000,290.774373,0.000000,221.615599
10933,6932.386159,0.000000,52.000000,290.272981,0.000000,214.094708
10934,6932.386159,0.000000,52.000000,289.771588,0.000000,206.573816
10935,6932.386159,0.000000,52.000000,289.270195,0.000000,199.052925
10936,6932.386159,0.000000,52.000000,288.768802,0.000000,191.532033
10937,6932.386159,0.000000,52.000000,288.267409,0.000000,184.011142
10938,6932.386159,0.000000,52.000000,287.766017,0.000000,176.490251
10939,6932.386159,0.000000,52.000000,287.264624,0.000000,168.969359
10940,6932.386159,0.000000,52.000000,286.763231,0.000000,161.448468
10941,6932.386159,0.000000,52.000000,286.261838,0.000000,153.927577
10942,6932.386159,0.000000,52.000000,285.760446,0.000000,146.406685
10943,6932.386159,0.000000,52.000000,285.259053,0.000000,138.885794
10944,6932.386159,0.000000,52.000000,284.757660,0.000000,131.364903
10945,6932.386159,0.000000,52.000000,284.256267,0.000000,123.844011
10946,6932.386159,0.000000,52.000000,283.754875,0.000000,116.323120
10947,6932.386159,0.000000,52.000000,283.253482,0.000000,108.802228
10948,6932.386159,0.000000,52.000000,282.752089,0.000000,101.281337
10949,6932.386159,0.000000,52.000000,282.250696,0.000000,93.760446
10950,6932.386159,0.000000,52.000000,281.749304,0.000000,86.239554
10951,6932.386159,0.000000,52.000000,281.247911,0.000000,78.718663
10952,6932.386159,0.000000,52.000000,280.746518,0.000000,71.197772
10953,6932.386159,0.000000,52.000000,280.245125,0.000000,63.676880
10954,6932.386159,0.000000,52.000000,279.743733,0.000000,56.155989
10955,6932.386159,0.000000,52.000000,279.242340,0.000000,48.635097
10956,6932.386159,0.000000,52.000000,278.740947,0.000000,41.114206
10957,6932.386159,0.000000,52.000000,278.239554,0.000000,33.593315
10958,6932.386159,0.000000,52.000000,277.738162,0.000000,26.072423
10959,6932.386159,0.000000,52.000000,277.236769,0.000000,18.551532
10960,6932.386159,0.000000,52.000000,276.735376,0.000000,11.030641
10961,6932.386159,0.000000,52.000000,276.233983,0.000000,3.509749
10962,6932.386159,0.000000,52.000000,275.732591,0.000000,355.988858
10963,6932.386159,0.000000,52.000000,275.231198,0.000000,348.467967
10964,6932.386159,0.000000,52.000000,274.729805,0.000000,340.947075
10965,6932.386159,0.000000,52.000000,274.228412,0.000000,333.426184
10966,6932.386159,0.000000,52.000000,273.727019,0.000000,325.905292
10967,6932.386159,0.000000,52.000000,273.225627,0.000000,318.384401
10968,6932.386159,0.000000,52.000000,272.724234,0.000000,310.863510
10969,6932.386159,0.000000,52.000000,272.222841,0.000000,303.342618
10970,6932.386159,0.000000,52.000000,271.721448,0.000000,295.821727
10971,6932.386159,0.000000,52.000000,271.220056,0.000000,288.300836
10972,6932.386159,0.000000,52.000000,270.718663,0.000000,280.779944
10973,6932.386159,0.000000,52.000000,270.217270,0.000000,273.259053
10974,6932.386159,0.000000,52.000000,269.715877,0.000000,265.738162
10975,6932.386159,0.000000,52.000000,269.214485,0.000000,258.217270
10976,6932.386159,0.000000,52.000000,268.713092,0.000000,250.696379
10977,6932.386159,0.000000,52.000000,268.211699,0.000000,243.175487
10978,6932.386159,0.000000,52.000000,267.710306,0.000000,235.654596
10979,6932.386159,0.000000,52.000000,267.208914,0.000000,228.133705
10980,6932.386159,0.000000,52.000000,266.707521,0.000000,220.612813
10981,6932.386159,0.000000,52.000000,266.206128,0.000000,213.091922
10982,6932.386159,0.000000,52.000000,265.704735,0.000000,205.571031
10983,6932.386159,0.000000,52.000000,265.203343,0.000000,198.050139
10984,6932.386159,0.000000,52.000000,264.701950,0.000000,190.529248
10985,6932.386159,0.000000,52.000000,264.200557,0.000000,183.008357
10986,6932.386159,0.000000,52.000000,263.699164,0.000000,175.487465
10987,6932.386159,0.000000,52.000000,263.197772,0.000000,167.966574
10988,6932.386159,0.000000,52.000000,262.696379,0.000000,160.445682
10989,6932.386159,0.000000,52.000000,262.194986,0.000000,152.924791
10990,6932.386159,0.000000,52.000000,261.693593,0.000000,145.403900
10991,6932.386159,0.000000,52.000000,261.192201,0.000000,137.883008
10992,6932.386159,0.000000,52.000000,260.690808,0.000000,130.362117
10993,6932.386159,0.000000,52.000000,260.189415,0.000000,122.841226
10994,6932.386159,0.000000,52.000000,259.688022,0.000000,115.320334
10995,6932.386159,0.000000,52.000000,259.186630,0.000000,107.799443
10996,6932.386159,0.000000,52.000000,258.685237,0.000000,100.278552
10997,6932.386159,0.000000,52.000000,258.183844,0.000000,92.757660
10998,6932.386159,0.000000,52.000000,257.682451,0.000000,85.236769
10999,6932.386159,0.000000,52.000000,257.181058,0.000000,77.715877
11000,6932.386159,0.000000,52.000000,256.679666,0.000000,70.194986
11001,6932.386159,0.000000,52.000000,256.178273,0.000000,62.674095
11002,6932.386159,0.000000,52.000000,255.676880,0.000000,55.153203
11003,6932.386159,0.000000,52.000000,255.175487,0.000000,47.632312
11004,6932.386159,0.000000,52.000000,254.674095,0.000000,40.111421
11005,6932.386159,0.000000,52.000000,254.172702,0.000000,32.590529
11006,6932.386159,0.000000,52.000000,253.671309,0.000000,25.069638
11007,6932.386159,0.000000,52.000000,253.169916,0.000000,17.548747
11008,6932.386159,0.000000,52.000000,252.668524,0.000000,10.027855
11009,6932.386159,0.000000,52.000000,252.167131,0.000000,2.506964
11010,6932.386159,0.000000,52.000000,251.665738,0.000000,354.986072
11011,6932.386159,0.000000,52.000000,251.164345,0.000000,347.465181
11012,6932.386159,0.000000,52.000000,250.662953,0.000000,339.944290
11013,6932.386159,0.000000,52.000000,250.161560,0.000000,332.423398
11014,6932.386159,0.000000,52.000000,249.660167,0.000000,324.902507
11015,6932.386159,0.000000,52.000000,249.158774,0.000000,317.381616
11016,6932.386159,0.000000,52.000000,248.657382,0.000000,309.860724
11017,6932.386159,0.000000,52.000000,248.155989,0.000000,302.339833
11018,6932.386159,0.000000,52.000000,247.654596,0.000000,294.818942
11019,6932.386159,0.000000,52.000000,247.153203,0.000000,287.298050
11020,6932.386159,0.000000,52.000000,246.651811,0.000000,279.777159
11021,6932.386159,0.000000,52.000000,246.150418,0.000000,272.256267
11022,6932.386159,0.000000,52.000000,245.649025,0.000000,264.735376
11023,6932.386159,0.000000,52.000000,245.147632,0.000000,257.214485
11024,6932.386159,0.000000,52.000000,244.646240,0.000000,249.693593
11025,6932.386159,0.000000,52.000000,244.144847,0.000000,242.172702
11026,6932.386159,0.000000,52.000000,243.643454,0.000000,234.651811
11027,6932.386159,0.000000,52.000000,243.142061,0.000000,227.130919
11028,6932.386159,0.000000,52.000000,242.640669,0.000000,219.610028
11029,6932.386159,0.000000,52.000000,242.139276,0.000000,212.089136
11030,6932.386159,0.000000,52.000000,241.637883,0.000000,204.568245
11031,6932.386159,0.000000,52.000000,241.136490,0.000000,197.047354
11032,6932.386159,0.000000,52.000000,240.635097,0.000000,189.526462
11033,6932.386159,0.000000,52.000000,240.133705,0.000000,182.005571
11034,6932.386159,0.000000,52.000000,239.632312,0.000000,174.484680
11035,6932.386159,0.000000,52.000000,239.130919,0.000000,166.963788
11036,6932.386159,0.000000,52.000000,238.629526,0.000000,159.442897
11037,6932.386159,0.000000,52.000000,238.128134,0.000000,151.922006
11038,6932.386159,0.000000,52.000000,237.626741,0.000000,144.401114
11039,6932.386159,0.000000,52.000000,237.125348,0.000000,136.880223
11040,6932.386159,0.000000,52.000000,236.623955,0.000000,129.359331
11041,6932.386159,0.000000,52.000000,236.122563,0.000000,121.838440
11042,6932.386159,0.000000,52.000000,235.621170,0.000000,114.317549
11043,6932.386159,0.000000,52.000000,235.119777,0.000000,106.796657
11044,6932.386159,0.000000,52.000000,234.618384,0.000000,99.275766
11045,6932.386159,0.000000,52.000000,234.116992,0.000000,91.754875
11046,6932.386159,0.000000,52.000000,233.615599,0.000000,84.233983
11047,6932.386159,0.000000,52.000000,233.114206,0.000000,76.713092
11048,6932.386159,0.000000,52.000000,232.612813,0.000000,69.192201
11049,6932.386159,0.000000,52.000000,232.111421,0.000000,61.671309
11050,6932.386159,0.000000,52.000000,231.610028,0.000000,54.150418
11051,6932.386159,0.000000,52.000000,231.108635,0.000000,46.629526
11052,6932.386159,0.000000,52.000000,230.607242,0.000000,39.108635
11053,6932.386159,0.000000,52.000000,230.105850,0.000000,31.587744
11054,6932.386159,0.000000,52.000000,229.604457,0.000000,24.066852
11055,6932.386159,0.000000,52.000000,229.103064,0.000000,16.545961
11056,6932.386159,0.000000,52.000000,228.601671,0.000000,9.025070
11057,6932.386159,0.000000,52.000000,228.100279,0.000000,1.504178
11058,6932.386159,0.000000,52.000000,227.598886,0.000000,353.983287
11059,6932.386159,0.000000,52.000000,227.097493,0.000000,346.462396
11060,6932.386159,0.000000,52.000000,226.596100,0.000000,338.941504
11061,6932.386159,0.000000,52.000000,226.094708,0.000000,331.420613
11062,6932.386159,0.000000,52.000000,225.593315,0.000000,323.899721
11063,6932.386159,0.000000,52.000000,225.091922,0.000000,316.378830
11064,6932.386159,0.000000,52.000000,224.590529,0.000000,308.857939
11065,6932.386159,0.000000,52.000000,224.089136,0.000000,301.337047
11066,6932.386159,0.000000,52.000000,223.587744,0.000000,293.816156
11067,6932.386159,0.000000,52.000000,223.086351,0.000000,286.295265
11068,6932.386159,0.000000,52.000000,222.584958,0.000000,278.774373
11069,6932.386159,0.000000,52.000000,222.083565,0.000000,271.253482
11070,6932.386159,0.000000,52.000000,221.582173,0.000000,263.732591
11071,6932.386159,0.000000,52.000000,221.080780,0.000000,256.211699
11072,6932.386159,0.000000,52.000000,220.579387,0.000000,248.690808
11073,6932.386159,0.000000,52.000000,220.077994,0.000000,241.169916
11074,6932.386159,0.000000,52.000000,219.576602,0.000000,233.649025
11075,6932.386159,0.000000,52.000000,219.075209,0.000000,226.128134
11076,6932.386159,0.000000,52.000000,218.573816,0.000000,218.607242
11077,6932.386159,0.000000,52.000000,218.072423,0.000000,211.086351
11078,6932.386159,0.000000,52.000000,217.571031,0.000000,203.565460
11079,6932.386159,0.000000,52.000000,217.069638,0.000000,196.044568
11080,6932.386159,0.000000,52.000000,216.568245,0.000000,188.523677
11081,6932.386159,0.000000,52.000000,216.066852,0.000000,181.002786
11082,6932.386159,0.000000,52.000000,215.565460,0.000000,173.481894
11083,6932.386159,0.000000,52.000000,215.064067,0.000000,165.961003
11084,6932.386159,0.000000,52.000000,214.562674,0.000000,158.440111
11085,6932.386159,0.000000,52.000000,214.061281,0.000000,150.919220
11086,6932.386159,0.000000,52.000000,213.559889,0.000000,143.398329
11087,6932.386159,0.000000,52.000000,213.058496,0.000000,135.877437
11088,6932.386159,0.000000,52.000000,212.557103,0.000000,128.356546
11089,6932.386159,0.000000,52.000000,212.055710,0.000000,120.835655
11090,6932.386159,0.000000,52.000000,211.554318,0.000000,113.314763
11091,6932.386159,0.000000,52.000000,211.052925,0.000000,105.793872
11092,6932.386159,0.000000,52.000000,210.551532,0.000000,98.272981
11093,6932.386159,0.000000,52.000000,210.050139,0.000000,90.752089
11094,6932.386159,0.000000,52.000000,209.548747,0.000000,83.231198
11095,6932.386159,0.000000,52.000000,209.047354,0.000000,75.710306
11096,6932.386159,0.000000,52.000000,208.545961,0.000000,68.189415
11097,6932.386159,0.000000,52.000000,208.044568,0.000000,60.668524
11098,6932.386159,0.000000,52.000000,207.543175,0.000000,53.147632
11099,6932.386159,0.000000,52.000000,207.041783,0.000000,45.626741
11100,6932.386159,0.000000,52.000000,206.540390,0.000000,38.105850
11101,6932.386159,0.000000,52.000000,206.038997,0.000000,30.584958
11102,6932.386159,0.000000,52.000000,205.537604,0.000000,23.064067
11103,6932.386159,0.000000,52.000000,205.036212,0.000000,15.543175
11104,6932.386159,0.000000,52.000000,204.534819,0.000000,8.022284
11105,6932.386159,0.000000,52.000000,204.033426,0.000000,0.501393
11106,6932.386159,0.000000,52.000000,203.532033,0.000000,352.980501
11107,6932.386159,0.000000,52.000000,203.030641,0.000000,345.459610
11108,6932.386159,0.000000,52.000000,202.529248,0.000000,337.938719
11109,6932.386159,0.000000,52.000000,202.027855,0.000000,330.417827
11110,6932.386159,0.000000,52.000000,201.526462,0.000000,322.896936
11111,6932.386159,0.000000,52.000000,201.025070,0.000000,315.376045
11112,6932.386159,0.000000,52.000000,200.523677,0.000000,307.855153
11113,6932.386159,0.000000,52.000000,200.022284,0.000000,300.334262
11114,6932.386159,0.000000,52.000000,199.520891,0.000000,292.813370
11115,6932.386159,0.000000,52.000000,199.019499,0.000000,285.292479
11116,6932.386159,0.000000,52.000000,198.518106,0.000000,277.771588
11117,6932.386159,0.000000,52.000000,198.016713,0.000000,270.250696
11118,6932.386159,0.000000,52.000000,197.515320,0.000000,262.729805
11119,6932.386159,0.000000,52.000000,197.013928,0.000000,255.208914
11120,6932.386159,0.000000,52.000000,196.512535,0.000000,247.688022
11121,6932.386159,0.000000,52.000000,196.011142,0.000000,240.167131
11122,6932.386159,0.000000,52.000000,195.509749,0.000000,232.646240
11123,6932.386159,0.000000,52.000000,195.008357,0.000000,225.125348
11124,6932.386159,0.000000,52.000000,194.506964,0.000000,217.604457
11125,6932.386159,0.000000,52.000000,194.005571,0.000000,210.083565
11126,6932.386159,0.000000,52.000000,193.504178,0.000000,202.562674
11127,6932.386159,0.000000,52.000000,193.002786,0.000000,195.041783
11128,6932.386159,0.000000,52.000000,192.501393,0.000000,187.520891
11129,6932.386159,0.000000,52.000000,192.000000,0.000000,180.000000
11130,6932.386159,0.000000,52.000000,191.498607,0.000000,172.479109
11131,6932.386159,0.000000,52.000000,190.997214,0.000000,164.958217
11132,6932.386159,0.000000,52.000000,190.495822,0.000000,157.437326
11133,6932.386159,0.000000,52.000000,189.994429,0.000000,149.916435
11134,6932.386159,0.000000,52.000000,189.493036,0.000000,142.395543
11135,6932.386159,0.000000,52.000000,188.991643,0.000000,134.874652
11136,6932.386159,0.000000,52.000000,188.490251,0.000000,127.353760
11137,6932.386159,0.000000,52.000000,187.988858,0.000000,119.832869
11138,6932.386159,0.000000,52.000000,187.487465,0.000000,112.311978
11139,6932.386159,0.000000,52.000000,186.986072,0.000000,104.791086
11140,6932.386159,0.000000,52.000000,186.484680,0.000000,97.270195
11141,6932.386159,0.000000,52.000000,185.983287,0.000000,89.749304
11142,6932.386159,0.000000,52.000000,185.481894,0.000000,82.228412
11143,6932.386159,0.000000,52.000000,184.980501,0.000000,74.707521
11144,6932.386159,0.000000,52.000000,184.479109,0.000000,67.186630
11145,6932.386159,0.000000,52.000000,183.977716,0.000000,59.665738
11146,6932.386159,0.000000,52.000000,183.476323,0.000000,52.144847
11147,6932.386159,0.000000,52.000000,182.974930,0.000000,44.623955
11148,6932.386159,0.000000,52.000000,182.473538,0.000000,37.103064
11149,6932.386159,0.000000,52.000000,181.972145,0.000000,29.582173
11150,6932.386159,0.000000,52.000000,181.470752,0.000000,22.061281
11151,6932.386159,0.000000,52.000000,180.969359,0.000000,14.540390
11152,6932.386159,0.000000,52.000000,180.467967,0.000000,7.019499
11153,6932.386159,0.000000,52.000000,179.966574,0.000000,359.498607
11154,6932.386159,0.000000,52.000000,179.465181,0.000000,351.977716
11155,6932.386159,0.000000,52.000000,178.963788,0.000000,344.456825
11156,6932.386159,0.000000,52.000000,178.462396,0.000000,336.935933
11157,6932.386159,0.000000,52.000000,177.961003,0.000000,329.415042
11158,6932.386159,0.000000,52.000000,177.459610,0.000000,321.894150
11159,6932.386159,0.000000,52.000000,176.958217,0.000000,314.373259
11160,6932.386159,0.000000,52.000000,176.456825,0.000000,306.852368
11161,6932.386159,0.000000,52.000000,175.955432,0.000000,299.331476
11162,6932.386159,0.000000,52.000000,175.454039,0.000000,291.810585
11163,6932.386159,0.000000,52.000000,174.952646,0.000000,284.289694
11164,6932.386159,0.000000,52.000000,174.451253,0.000000,276.768802
11165,6932.386159,0.000000,52.000000,173.949861,0.000000,269.247911
11166,6932.386159,0.000000,52.000000,173.448468,0.000000,261.727019
11167,6932.386159,0.000000,52.000000,172.947075,0.000000,254.206128
11168,6932.386159,0.000000,52.000000,172.445682,0.000000,246.685237
11169,6932.386159,0.000000,52.000000,171.944290,0.000000,239.164345
11170,6932.386159,0.000000,52.000000,171.442897,0.000000,231.643454
11171,6932.386159,0.000000,52.000000,170.941504,0.000000,224.122563
11172,6932.386159,0.000000,52.000000,170.440111,0.000000,216.601671
11173,6932.386159,0.000000,52.000000,169.938719,0.000000,209.080780
11174,6932.386159,0.000000,52.000000,169.437326,0.000000,201.559889
11175,6932.386159,0.000000,52.000000,168.935933,0.000000,194.038997
11176,6932.386159,0.000000,52.000000,168.434540,0.000000,186.518106
11177,6932.386159,0.000000,52.000000,167.933148,0.000000,178.997214
11178,6932.386159,0.000000,52.000000,167.431755,0.000000,171.476323
11179,6932.386159,0.000000,52.000000,166.930362,0.000000,163.955432
11180,6932.386159,0.000000,52.000000,166.428969,0.000000,156.434540
11181,6932.386159,0.000000,52.000000,165.927577,0.000000,148.913649
11182,6932.386159,0.000000,52.000000,165.426184,0.000000,141.392758
11183,6932.386159,0.000000,52.000000,164.924791,0.000000,133.871866
11184,6932.386159,0.000000,52.000000,164.423398,0.000000,126.350975
11185,6932.386159,0.000000,52.000000,163.922006,0.000000,118.830084
11186,6932.386159,0.000000,52.000000,163.420613,0.000000,111.309192
11187,6932.386159,0.000000,52.000000,162.919220,0.000000,103.788301
11188,6932.386159,0.000000,52.000000,162.417827,0.000000,96.267409
11189,6932.386159,0.000000,52.000000,161.916435,0.000000,88.746518
11190,6932.386159,0.000000,52.000000,161.415042,0.000000,81.225627
11191,6932.386159,0.000000,52.000000,160.913649,0.000000,73.704735
11192,6932.386159,0.000000,52.000000,160.412256,0.000000,66.183844
11193,6932.386159,0.000000,52.000000,159.910864,0.000000,58.662953
11194,6932.386159,0.000000,52.000000,159.409471,0.000000,51.142061
11195,6932.386159,0.000000,52.000000,158.908078,0.000000,43.621170
11196,6932.386159,0.000000,52.000000,158.406685,0.000000,36.100279
11197,6932.386159,0.000000,52.000000,157.905292,0.000000,28.579387
11198,6932.386159,0.000000,52.000000,157.403900,0.000000,21.058496
11199,6932.386159,0.000000,52.000000,156.902507,0.000000,13.537604
11200,6932.386159,0.000000,52.000000,156.401114,0.000000,6.016713
11201,6932.386159,0.000000,52.000000,155.899721,0.000000,358.495822
11202,6932.386159,0.000000,52.000000,155.398329,0.000000,350.974930
11203,6932.386159,0.000000,52.000000,154.896936,0.000000,343.454039
11204,6932.386159,0.000000,52.000000,154.395543,0.000000,335.933148
11205,6932.386159,0.000000,52.000000,153.894150,0.000000,328.412256
11206,6932.386159,0.000000,52.000000,153.392758,0.000000,320.891365
11207,6932.386159,0.000000,52.000000,152.891365,0.000000,313.370474
11208,6932.386159,0.000000,52.000000,152.389972,0.000000,305.849582
11209,6932.386159,0.000000,52.000000,151.888579,0.000000,298.328691
11210,6932.386159,0.000000,52.000000,151.387187,0.000000,290.807799
11211,6932.386159,0.000000,52.000000,150.885794,0.000000,283.286908
11212,6932.386159,0.000000,52.000000,150.384401,0.000000,275.766017
11213,6932.386159,0.000000,52.000000,149.883008,0.000000,268.245125
11214,6932.386159,0.000000,52.000000,149.381616,0.000000,260.724234
11215,6932.386159,0.000000,52.000000,148.880223,0.000000,253.203343
11216,6932.386159,0.000000,52.000000,148.378830,0.000000,245.682451
11217,6932.386159,0.000000,52.000000,147.877437,0.000000,238.161560
11218,6932.386159,0.000000,52.000000,147.376045,0.000000,230.640669
11219,6932.386159,0.000000,52.000000,146.874652,0.000000,223.119777
11220,6932.386159,0.000000,52.000000,146.373259,0.000000,215.598886
11221,6932.386159,0.000000,52.000000,145.871866,0.000000,208.077994
11222,6932.386159,0.000000,52.000000,145.370474,0.000000,200.557103
11223,6932.386159,0.000000,52.000000,144.869081,0.000000,193.036212
11224,6932.386159,0.000000,52.000000,144.367688,0.000000,185.515320
11225,6932.386159,0.000000,52.000000,143.866295,0.000000,177.994429
11226,6932.386159,0.000000,52.000000,143.364903,0.000000,170.473538
11227,6932.386159,0.000000,52.000000,142.863510,0.000000,162.952646
11228,6932.386159,0.000000,52.000000,142.362117,0.000000,155.431755
11229,6932.386159,0.000000,52.000000,141.860724,0.000000,147.910864
11230,6932.386159,0.000000,52.000000,141.359331,0.000000,140.389972
11231,6932.386159,0.000000,52.000000,140.857939,0.000000,132.869081
11232,6932.386159,0.000000,52.000000,140.356546,0.000000,125.348189
11233,6932.386159,0.000000,52.000000,139.855153,0.000000,117.827298
11234,6932.386159,0.000000,52.000000,139.353760,0.000000,110.306407
11235,6932.386159,0.000000,52.000000,138.852368,0.000000,102.785515
11236,6932.386159,0.000000,52.000000,138.350975,0.000000,95.264624
11237,6932.386159,0.000000,52.000000,137.849582,0.000000,87.743733
11238,6932.386159,0.000000,52.000000,137.348189,0.000000,80.222841
11239,6932.386159,0.000000,52.000000,136.846797,0.000000,72.701950
11240,6932.386159,0.000000,52.000000,136.345404,0.000000,65.181058
11241,6932.386159,0.000000,52.000000,135.844011,0.000000,57.660167
11242,6932.386159,0.000000,52.000000,135.342618,0.000000,50.139276
11243,6932.386159,0.000000,52.000000,134.841226,0.000000,42.618384
11244,6932.386159,0.000000,52.000000,134.339833,0.000000,35.097493
11245,6932.386159,0.000000,52.000000,133.838440,0.000000,27.576602
11246,6932.386159,0.000000,52.000000,133.337047,0.000000,20.055710
11247,6932.386159,0.000000,52.000000,132.835655,0.000000,12.534819
11248,6932.386159,0.000000,52.000000,132.334262,0.000000,5.013928
11249,6932.386159,0.000000,52.000000,131.832869,0.000000,357.493036
11250,6932.386159,0.000000,52.000000,131.331476,0.000000,349.972145
11251,6932.386159,0.000000,52.000000,130.830084,0.000000,342.451253
11252,6932.386159,0.000000,52.000000,130.328691,0.000000,334.930362
11253,6932.386159,0.000000,52.000000,129.827298,0.000000,327.409471
11254,6932.386159,0.000000,52.000000,129.325905,0.000000,319.888579
11255,6932.386159,0.000000,52.000000,128.824513,0.000000,312.367688
11256,6932.386159,0.000000,52.000000,128.323120,0.000000,304.846797
11257,6932.386159,0.000000,52.000000,127.821727,0.000000,297.325905
11258,6932.386159,0.000000,52.000000,127.320334,0.000000,289.805014
11259,6932.386159,0.000000,52.000000,126.818942,0.000000,282.284123
11260,6932.386159,0.000000,52.000000,126.317549,0.000000,274.763231
11261,6932.386159,0.000000,52.000000,125.816156,0.000000,267.242340
11262,6932.386159,0.000000,52.000000,125.314763,0.000000,259.721448
11263,6932.386159,0.000000,52.000000,124.813370,0.000000,252.200557
11264,6932.386159,0.000000,52.000000,124.311978,0.000000,244.679666
11265,6932.386159,0.000000,52.000000,123.810585,0.000000,237.158774
11266,6932.386159,0.000000,52.000000,123.309192,0.000000,229.637883
11267,6932.386159,0.000000,52.000000,122.807799,0.000000,222.116992
11268,6932.386159,0.000000,52.000000,122.306407,0.000000,214.596100
11269,6932.386159,0.000000,52.000000,121.805014,0.000000,207.075209
11270,6932.386159,0.000000,52.000000,121.303621,0.000000,199.554318
11271,6932.386159,0.000000,52.000000,120.802228,0.000000,192.033426
11272,6932.386159,0.000000,52.000000,120.300836,0.000000,184.512535
11273,6932.386159,0.000000,52.000000,119.799443,0.000000,176.991643
11274,6932.386159,0.000000,52.000000,119.298050,0.000000,169.470752
11275,6932.386159,0.000000,52.000000,118.796657,0.000000,161.949861
11276,6932.386159,0.000000,52.000000,118.295265,0.000000,154.428969
11277,6932.386159,0.000000,52.000000,117.793872,0.000000,146.908078
11278,6932.386159,0.000000,52.000000,117.292479,0.000000,139.387187
11279,6932.386159,0.000000,52.000000,116.791086,0.000000,131.866295
11280,6932.386159,0.000000,52.000000,116.289694,0.000000,124.345404
11281,6932.386159,0.000000,52.000000,115.788301,0.000000,116.824513
11282,6932.386159,0.000000,52.000000,115.286908,0.000000,109.303621
11283,6932.386159,0.000000,52.000000,114.785515,0.000000,101.782730
11284,6932.386159,0.000000,52.000000,114.284123,0.000000,94.261838
11285,6932.386159,0.000000,52.000000,113.782730,0.000000,86.740947
11286,6932.386159,0.000000,52.000000,113.281337,0.000000,79.220056
11287,6932.386159,0.000000,52.000000,112.779944,0.000000,71.699164
11288,6932.386159,0.000000,52.000000,112.278552,0.000000,64.178273
11289,6932.386159,0.000000,52.000000,111.777159,0.000000,56.657382
11290,6932.386159,0.000000,52.000000,111.275766,0.000000,49.136490
11291,6932.386159,0.000000,52.000000,110.774373,0.000000,41.615599
11292,6932.386159,0.000000,52.000000,110.272981,0.000000,34.094708
11293,6932.386159,0.000000,52.000000,109.771588,0.000000,26.573816
11294,6932.386159,0.000000,52.000000,109.270195,0.000000,19.052925
11295,6932.386159,0.000000,52.000000,108.768802,0.000000,11.532033
11296,6932.386159,0.000000,52.000000,108.267409,0.000000,4.011142
11297,6932.386159,0.000000,52.000000,107.766017,0.000000,356.490251
11298,6932.386159,0.000000,52.000000,107.264624,0.000000,348.969359
11299,6932.386159,0.000000,52.000000,106.763231,0.000000,341.448468
11300,6932.386159,0.000000,52.000000,106.261838,0.000000,333.927577
11301,6932.386159,0.000000,52.000000,105.760446,0.000000,326.406685
11302,6932.386159,0.000000,52.000000,105.259053,0.000000,318.885794
11303,6932.386159,0.000000,52.000000,104.757660,0.000000,311.364903
11304,6932.386159,0.000000,52.000000,104.256267,0.000000,303.844011
11305,6932.386159,0.000000,52.000000,103.754875,0.000000,296.323120
11306,6932.386159,0.000000,52.000000,103.253482,0.000000,288.802228
11307,6932.386159,0.000000,52.000000,102.752089,0.000000,281.281337
11308,6932.386159,0.000000,52.000000,102.250696,0.000000,273.760446
11309,6932.386159,0.000000,52.000000,101.749304,0.000000,266.239554
11310,6932.386159,0.000000,52.000000,101.247911,0.000000,258.718663
11311,6932.386159,0.000000,52.000000,100.746518,0.000000,251.197772
11312,6932.386159,0.000000,52.000000,100.245125,0.000000,243.676880
11313,6932.386159,0.000000,52.000000,99.743733,0.000000,236.155989
11314,6932.386159,0.000000,52.000000,99.242340,0.000000,228.635097
11315,6932.386159,0.000000,52.000000,98.740947,0.000000,221.114206
11316,6932.386159,0.000000,52.000000,98.239554,0.000000,213.593315
11317,6932.386159,0.000000,52.000000,97.738162,0.000000,206.072423
11318,6932.386159,0.000000,52.000000,97.236769,0.000000,198.551532
11319,6932.386159,0.000000,52.000000,96.735376,0.000000,191.030641
11320,6932.386159,0.000000,52.000000,96.233983,0.000000,183.509749
11321,6932.386159,0.000000,52.000000,95.732591,0.000000,175.988858
11322,6932.386159,0.000000,52.000000,95.231198,0.000000,168.467967
11323,6932.386159,0.000000,52.000000,94.729805,0.000000,160.947075
11324,6932.386159,0.000000,52.000000,94.228412,0.000000,153.426184
11325,6932.386159,0.000000,52.000000,93.727019,0.000000,145.905292
11326,6932.386159,0.000000,52.000000,93.225627,0.000000,138.384401
11327,6932.386159,0.000000,52.000000,92.724234,0.000000,130.863510
11328,6932.386159,0.000000,52.000000,92.222841,0.000000,123.342618
11329,6932.386159,0.000000,52.000000,91.721448,0.000000,115.821727
11330,6932.386159,0.000000,52.000000,91.220056,0.000000,108.300836
11331,6932.386159,0.000000,52.000000,90.718663,0.000000,100.779944
11332,6932.386159,0.000000,52.000000,90.217270,0.000000,93.259053
11333,6932.386159,0.000000,52.000000,89.715877,0.000000,85.738162
11334,6932.386159,0.000000,52.000000,89.214485,0.000000,78.217270
11335,6932.386159,0.000000,52.000000,88.713092,0.000000,70.696379
11336,6932.386159,0.000000,52.000000,88.211699,0.000000,63.175487
11337,6932.386159,0.000000,52.000000,87.710306,0.000000,55.654596
11338,6932.386159,0.000000,52.000000,87.208914,0.000000,48.133705
11339,6932.386159,0.000000,52.000000,86.707521,0.000000,40.612813
11340,6932.386159,0.000000,52.000000,86.206128,0.000000,33.091922
11341,6932.386159,0.000000,52.000000,85.704735,0.000000,25.571031
11342,6932.386159,0.000000,52.000000,85.203343,0.000000,18.050139
11343,6932.386159,0.000000,52.000000,84.701950,0.000000,10.529248
11344,6932.386159,0.000000,52.000000,84.200557,0.000000,3.008357
11345,6932.386159,0.000000,52.000000,83.699164,0.000000,355.487465
11346,6932.386159,0.000000,52.000000,83.197772,0.000000,347.966574
11347,6932.386159,0.000000,52.000000,82.696379,0.000000,340.445682
11348,6932.386159,0.000000,52.000000,82.194986,0.000000,332.924791
11349,6932.386159,0.000000,52.000000,81.693593,0.000000,325.403900
11350,6932.386159,0.000000,52.000000,81.192201,0.000000,317.883008
11351,6932.386159,0.000000,52.000000,80.690808,0.000000,310.362117
11352,6932.386159,0.000000,52.000000,80.189415,0.000000,302.841226
11353,6932.386159,0.000000,52.000000,79.688022,0.000000,295.320334
11354,6932.386159,0.000000,52.000000,79.186630,0.000000,287.799443
11355,6932.386159,0.000000,52.000000,78.685237,0.000000,280.278552
11356,6932.386159,0.000000,52.000000,78.183844,0.000000,272.757660
11357,6932.386159,0.000000,52.000000,77.682451,0.000000,265.236769
11358,6932.386159,0.000000,52.000000,77.181058,0.000000,257.715877
11359,6932.386159,0.000000,52.000000,76.679666,0.000000,250.194986
11360,6932.386159,0.000000,52.000000,76.178273,0.000000,242.674095
11361,6932.386159,0.000000,52.000000,75.676880,0.000000,235.153203
11362,6932.386159,0.000000,52.000000,75.175487,0.000000,227.632312
11363,6932.386159,0.000000,52.000000,74.674095,0.000000,220.111421
11364,6932.386159,0.000000,52.000000,74.172702,0.000000,212.590529
11365,6932.386159,0.000000,52.000000,73.671309,0.000000,205.069638
11366,6932.386159,0.000000,52.000000,73.169916,0.000000,197.548747
11367,6932.386159,0.000000,52.000000,72.668524,0.000000,190.027855
11368,6932.386159,0.000000,52.000000,72.167131,0.000000,182.506964
11369,6932.386159,0.000000,52.000000,71.665738,0.000000,174.986072
11370,6932.386159,0.000000,52.000000,71.164345,0.000000,167.465181
11371,6932.386159,0.000000,52.000000,70.662953,0.000000,159.944290
11372,6932.386159,0.000000,52.000000,70.161560,0.000000,152.423398
11373,6932.386159,0.000000,52.000000,69.660167,0.000000,144.902507
11374,6932.386159,0.000000,52.000000,69.158774,0.000000,137.381616
11375,6932.386159,0.000000,52.000000,68.657382,0.000000,129.860724
11376,6932.386159,0.000000,52.000000,68.155989,0.000000,122.339833
11377,6932.386159,0.000000,52.000000,67.654596,0.000000,114.818942
11378,6932.386159,0.000000,52.000000,67.153203,0.000000,107.298050
11379,6932.386159,0.000000,52.000000,66.651811,0.000000,99.777159
11380,6932.386159,0.000000,52.000000,66.150418,0.000000,92.256267
11381,6932.386159,0.000000,52.000000,65.649025,0.000000,84.735376
11382,6932.386159,0.000000,52.000000,65.147632,0.000000,77.214485
11383,6932.386159,0.000000,52.000000,64.646240,0.000000,69.693593
11384,6932.386159,0.000000,52.000000,64.144847,0.000000,62.172702
11385,6932.386159,0.000000,52.000000,63.643454,0.000000,54.651811
11386,6932.386159,0.000000,52.000000,63.142061,0.000000,47.130919
11387,6932.386159,0.000000,52.000000,62.640669,0.000000,39.610028
11388,6932.386159,0.000000,52.000000,62.139276,0.000000,32.089136
11389,6932.386159,0.000000,52.000000,61.637883,0.000000,24.568245
11390,6932.386159,0.000000,52.000000,61.136490,0.000000,17.047354
11391,6932.386159,0.000000,52.000000,60.635097,0.000000,9.526462
11392,6932.386159,0.000000,52.000000,60.133705,0.000000,2.005571
11393,6932.386159,0.000000,52.000000,59.632312,0.000000,354.484680
11394,6932.386159,0.000000,52.000000,59.130919,0.000000,346.963788
11395,6932.386159,0.000000,52.000000,58.629526,0.000000,339.442897
11396,6932.386159,0.000000,52.000000,58.128134,0.000000,331.922006
11397,6932.386159,0.000000,52.000000,57.626741,0.000000,324.401114
11398,6932.386159,0.000000,52.000000,57.125348,0.000000,316.880223
11399,6932.386159,0.000000,52.000000,56.623955,0.000000,309.359331
11400,6932.386159,0.000000,52.000000,56.122563,0.000000,301.838440
11401,6932.386159,0.000000,52.000000,55.621170,0.000000,294.317549
11402,6932.386159,0.000000,52.000000,55.119777,0.000000,286.796657
11403,6932.386159,0.000000,52.000000,54.618384,0.000000,279.275766
11404,6932.386159,0.000000,52.000000,54.116992,0.000000,271.754875
11405,6932.386159,0.000000,52.000000,53.615599,0.000000,264.233983
11406,6932.386159,0.000000,52.000000,53.114206,0.000000,256.713092
11407,6932.386159,0.000000,52.000000,52.612813,0.000000,249.192201
11408,6932.386159,0.000000,52.000000,52.111421,0.000000,241.671309
11409,6932.386159,0.000000,52.000000,51.610028,0.000000,234.150418
11410,6932.386159,0.000000,52.000000,51.108635,0.000000,226.629526
11411,6932.386159,0.000000,52.000000,50.607242,0.000000,219.108635
11412,6932.386159,0.000000,52.000000,50.105850,0.000000,211.587744
11413,6932.386159,0.000000,52.000000,49.604457,0.000000,204.066852
11414,6932.386159,0.000000,52.000000,49.103064,0.000000,196.545961
11415,6932.386159,0.000000,52.000000,48.601671,0.000000,189.025070
11416,6932.386159,0.000000,52.000000,48.100279,0.000000,181.504178
11417,6932.386159,0.000000,52.000000,47.598886,0.000000,173.983287
11418,6932.386159,0.000000,52.000000,47.097493,0.000000,166.462396
11419,6932.386159,0.000000,52.000000,46.596100,0.000000,158.941504
11420,6932.386159,0.000000,52.000000,46.094708,0.000000,151.420613
11421,6932.386159,0.000000,52.000000,45.593315,0.000000,143.899721
11422,6932.386159,0.000000,52.000000,45.091922,0.000000,136.378830
11423,6932.386159,0.000000,52.000000,44.590529,0.000000,128.857939
11424,6932.386159,0.000000,52.000000,44.089136,0.000000,121.337047
11425,6932.386159,0.000000,52.000000,43.587744,0.000000,113.816156
11426,6932.386159,0.000000,52.000000,43.086351,0.000000,106.295265
11427,6932.386159,0.000000,52.000000,42.584958,0.000000,98.774373
11428,6932.386159,0.000000,52.000000,42.083565,0.000000,91.253482
11429,6932.386159,0.000000,52.000000,41.582173,0.000000,83.732591
11430,6932.386159,0.000000,52.000000,41.080780,0.000000,76.211699
11431,6932.386159,0.000000,52.000000,40.579387,0.000000,68.690808
11432,6932.386159,0.000000,52.000000,40.077994,0.000000,61.169916
11433,6932.386159,0.000000,52.000000,39.576602,0.000000,53.649025
11434,6932.386159,0.000000,52.000000,39.075209,0.000000,46.128134
11435,6932.386159,0.000000,52.000000,38.573816,0.000000,38.607242
11436,6932.386159,0.000000,52.000000,38.072423,0.000000,31.086351
11437,6932.386159,0.000000,52.000000,37.571031,0.000000,23.565460
11438,6932.386159,0.000000,52.000000,37.069638,0.000000,16.044568
11439,6932.386159,0.000000,52.000000,36.568245,0.000000,8.523677
11440,6932.386159,0.000000,52.000000,36.066852,0.000000,1.002786
11441,6932.386159,0.000000,52.000000,35.565460,0.000000,353.481894
11442,6932.386159,0.000000,52.000000,35.064067,0.000000,345.961003
11443,6932.386159,0.000000,52.000000,34.562674,0.000000,338.440111
11444,6932.386159,0.000000,52.000000,34.061281,0.000000,330.919220
11445,6932.386159,0.000000,52.000000,33.559889,0.000000,323.398329
11446,6932.386159,0.000000,52.000000,33.058496,0.000000,315.877437
11447,6932.386159,0.000000,52.000000,32.557103,0.000000,308.356546
11448,6932.386159,0.000000,52.000000,32.055710,0.000000,300.835655
11449,6932.386159,0.000000,52.000000,31.554318,0.000000,293.314763
11450,6932.386159,0.000000,52.000000,31.052925,0.000000,285.793872
11451,6932.386159,0.000000,52.000000,30.551532,0.000000,278.272981
11452,6932.386159,0.000000,52.000000,30.050139,0.000000,270.752089
11453,6932.386159,0.000000,52.000000,29.548747,0.000000,263.231198
11454,6932.386159,0.000000,52.000000,29.047354,0.000000,255.710306
11455,6932.386159,0.000000,52.000000,28.545961,0.000000,248.189415
11456,6932.386159,0.000000,52.000000,28.044568,0.000000,240.668524
11457,6932.386159,0.000000,52.000000,27.543175,0.000000,233.147632
11458,6932.386159,0.000000,52.000000,27.041783,0.000000,225.626741
11459,6932.386159,0.000000,52.000000,26.540390,0.000000,218.105850
11460,6932.386159,0.000000,52.000000,26.038997,0.000000,210.584958
11461,6932.386159,0.000000,52.000000,25.537604,0.000000,203.064067
11462,6932.386159,0.000000,52.000000,25.036212,0.000000,195.543175
11463,6932.386159,0.000000,52.000000,24.534819,0.000000,188.022284
11464,6932.386159,0.000000,52.000000,24.033426,0.000000,180.501393
11465,6932.386159,0.000000,52.000000,23.532033,0.000000,172.980501
11466,6932.386159,0.000000,52.000000,23.030641,0.000000,165.459610
11467,6932.386159,0.000000,52.000000,22.529248,0.000000,157.938719
11468,6932.386159,0.000000,52.000000,22.027855,0.000000,150.417827
11469,6932.386159,0.000000,52.000000,21.526462,0.000000,142.896936
11470,6932.386159,0.000000,52.000000,21.025070,0.000000,135.376045
11471,6932.386159,0.000000,52.000000,20.523677,0.000000,127.855153
11472,6932.386159,0.000000,52.000000,20.022284,0.000000,120.334262
11473,6932.386159,0.000000,52.000000,19.520891,0.000000,112.813370
11474,6932.386159,0.000000,52.000000,19.019499,0.000000,105.292479
11475,6932.386159,0.000000,52.000000,18.518106,0.000000,97.771588
11476,6932.386159,0.000000,52.000000,18.016713,0.000000,90.250696
11477,6932.386159,0.000000,52.000000,17.515320,0.000000,82.729805
11478,6932.386159,0.000000,52.000000,17.013928,0.000000,75.208914
11479,6932.386159,0.000000,52.000000,16.512535,0.000000,67.688022
11480,6932.386159,0.000000,52.000000,16.011142,0.000000,60.167131
11481,6932.386159,0.000000,52.000000,15.509749,0.000000,52.646240
11482,6932.386159,0.000000,52.000000,15.008357,0.000000,45.125348
11483,6932.386159,0.000000,52.000000,14.506964,0.000000,37.604457
11484,6932.386159,0.000000,52.000000,14.005571,0.000000,30.083565
11485,6932.386159,0.000000,52.000000,13.504178,0.000000,22.562674
11486,6932.386159,0.000000,52.000000,13.002786,0.000000,15.041783
11487,6932.386159,0.000000,52.000000,12.501393,0.000000,7.520891
11488,6932.386159,0.000000,53.000000,16.800000,0.000000,0.000000
11489,6932.386159,0.000000,53.000000,16.298607,0.000000,352.479109
11490,6932.386159,0.000000,53.000000,15.797214,0.000000,344.958217
11491,6932.386159,0.000000,53.000000,15.295822,0.000000,337.437326
11492,6932.386159,0.000000,53.000000,14.794429,0.000000,329.916435
11493,6932.386159,0.000000,53.000000,14.293036,0.000000,322.395543
11494,6932.386159,0.000000,53.000000,13.791643,0.000000,314.874652
11495,6932.386159,0.000000,53.000000,13.290251,0.000000,307.353760
11496,6932.386159,0.000000,53.000000,12.788858,0.000000,299.832869
11497,6932.386159,0.000000,53.000000,12.287465,0.000000,292.311978
11498,6932.386159,0.000000,53.000000,11.786072,0.000000,284.791086
11499,6932.386159,0.000000,53.000000,11.284680,0.000000,277.270195
11500,6932.386159,0.000000,53.000000,10.783287,0.000000,269.749304
11501,6932.386159,0.000000,53.000000,10.281894,0.000000,262.228412
11502,6932.386159,0.000000,53.000000,9.780501,0.000000,254.707521
11503,6932.386159,0.000000,53.000000,9.279109,0.000000,247.186630
11504,6932.386159,0.000000,53.000000,8.777716,0.000000,239.665738
11505,6932.386159,0.000000,53.000000,8.276323,0.000000,232.144847
11506,6932.386159,0.000000,53.000000,7.774930,0.000000,224.623955
11507,6932.386159,0.000000,53.000000,7.273538,0.000000,217.103064
11508,6932.386159,0.000000,53.000000,6.772145,0.000000,209.582173
11509,6932.386159,0.000000,53.000000,6.270752,0.000000,202.061281
11510,6932.386159,0.000000,53.000000,5.769359,0.000000,194.540390
11511,6932.386159,0.000000,53.000000,5.267967,0.000000,187.019499
11512,6932.386159,0.000000,53.000000,4.766574,0.000000,179.498607
11513,6932.386159,0.000000,53.000000,4.265181,0.000000,171.977716
11514,6932.386159,0.000000,53.000000,3.763788,0.000000,164.456825
11515,6932.386159,0.000000,53.000000,3.262396,0.000000,156.935933
11516,6932.386159,0.000000,53.000000,2.761003,0.000000,149.415042
11517,6932.386159,0.000000,53.000000,2.259610,0.000000,141.894150
11518,6932.386159,0.000000,53.000000,1.758217,0.000000,134.373259
11519,6932.386159,0.000000,53.000000,1.256825,0.000000,126.852368
11520,6932.386159,0.000000,53.000000,0.755432,0.000000,119.331476
11521,6932.386159,0.000000,53.000000,0.254039,0.000000,111.810585
11522,6932.386159,0.000000,53.000000,359.752646,0.000000,104.289694
11523,6932.386159,0.000000,53.000000,359.251253,0.000000,96.768802
11524,6932.386159,0.000000,53.000000,358.749861,0.000000,89.247911
11525,6932.386159,0.000000,53.000000,358.248468,0.000000,81.727019
11526,6932.386159,0.000000,53.000000,357.747075,0.000000,74.206128
11527,6932.386159,0.000000,53.000000,357.245682,0.000000,66.685237
11528,6932.386159,0.000000,53.000000,356.744290,0.000000,59.164345
11529,6932.386159,0.000000,53.000000,356.242897,0.000000,51.643454
11530,6932.386159,0.000000,53.000000,355.741504,0.000000,44.122563
11531,6932.386159,0.000000,53.000000,355.240111,0.000000,36.601671
11532,6932.386159,0.000000,53.000000,354.738719,0.000000,29.080780
11533,6932.386159,0.000000,53.000000,354.237326,0.000000,21.559889
11534,6932.386159,0.000000,53.000000,353.735933,0.000000,14.038997
11535,6932.386159,0.000000,53.000000,353.234540,0.000000,6.518106
11536,6932.386159,0.000000,53.000000,352.733148,0.000000,358.997214
11537,6932.386159,0.000000,53.000000,352.231755,0.000000,351.476323
11538,6932.386159,0.000000,53.000000,351.730362,0.000000,343.955432
11539,6932.386159,0.000000,53.000000,351.228969,0.000000,336.434540
11540,6932.386159,0.000000,53.000000,350.727577,0.000000,328.913649
11541,6932.386159,0.000000,53.000000,350.226184,0.000000,321.392758
11542,6932.386159,0.000000,53.000000,349.724791,0.000000,313.871866
11543,6932.386159,0.000000,53.000000,349.223398,0.000000,306.350975
11544,6932.386159,0.000000,53.000000,348.722006,0.000000,298.830084
11545,6932.386159,0.000000,53.000000,348.220613,0.000000,291.309192
11546,6932.386159,0.000000,53.000000,347.719220,0.000000,283.788301
11547,6932.386159,0.000000,53.000000,347.217827,0.000000,276.267409
11548,6932.386159,0.000000,53.000000,346.716435,0.000000,268.746518
11549,6932.386159,0.000000,53.000000,346.215042,0.000000,261.225627
11550,6932.386159,0.000000,53.000000,345.713649,0.000000,253.704735
11551,6932.386159,0.000000,53.000000,345.212256,0.000000,246.183844
11552,6932.386159,0.000000,53.000000,344.710864,0.000000,238.662953
11553,6932.386159,0.000000,53.000000,344.209471,0.000000,231.142061
11554,6932.386159,0.000000,53.000000,343.708078,0.000000,223.621170
11555,6932.386159,0.000000,53.000000,343.206685,0.000000,216.100279
11556,6932.386159,0.000000,53.000000,342.705292,0.000000,208.579387
11557,6932.386159,0.000000,53.000000,342.203900,0.000000,201.058496
11558,6932.386159,0.000000,53.000000,341.702507,0.000000,193.537604
11559,6932.386159,0.000000,53.000000,341.201114,0.000000,186.016713
11560,6932.386159,0.000000,53.000000,340.699721,0.000000,178.495822
11561,6932.386159,0.000000,53.000000,340.198329,0.000000,170.974930
11562,6932.386159,0.000000,53.000000,339.696936,0.000000,163.454039
11563,6932.386159,0.000000,53.000000,339.195543,0.000000,155.933148
11564,6932.386159,0.000000,53.000000,338.694150,0.000000,148.412256
11565,6932.386159,0.000000,53.000000,338.192758,0.000000,140.891365
11566,6932.386159,0.000000,53.000000,337.691365,0.000000,133.370474
11567,6932.386159,0.000000,53.000000,337.189972,0.000000,125.849582
11568,6932.386159,0.000000,53.000000,336.688579,0.000000,118.328691
11569,6932.386159,0.000000,53.000000,336.187187,0.000000,110.807799
11570,6932.386159,0.000000,53.000000,335.685794,0.000000,103.286908
11571,6932.386159,0.000000,53.000000,335.184401,0.000000,95.766017
11572,6932.386159,0.000000,53.000000,334.683008,0.000000,88.245125
11573,6932.386159,0.000000,53.000000,334.181616,0.000000,80.724234
11574,6932.386159,0.000000,53.000000,333.680223,0.000000,73.203343
11575,6932.386159,0.000000,53.000000,333.178830,0.000000,65.682451
11576,6932.386159,0.000000,53.000000,332.677437,0.000000,58.161560
11577,6932.386159,0.000000,53.000000,332.176045,0.000000,50.640669
11578,6932.386159,0.000000,53.000000,331.674652,0.000000,43.119777
11579,6932.386159,0.000000,53.000000,331.173259,0.000000,35.598886
11580,6932.386159,0.000000,53.000000,330.671866,0.000000,28.077994
11581,6932.386159,0.000000,53.000000,330.170474,0.000000,20.557103
11582,6932.386159,0.000000,53.000000,329.669081,0.000000,13.036212
11583,6932.386159,0.000000,53.000000,329.167688,0.000000,5.515320
11584,6932.386159,0.000000,53.000000,328.666295,0.000000,357.994429
11585,6932.386159,0.000000,53.000000,328.164903,0.000000,350.473538
11586,6932.386159,0.000000,53.000000,327.663510,0.000000,342.952646
11587,6932.386159,0.000000,53.000000,327.162117,0.000000,335.431755
11588,6932.386159,0.000000,53.000000,326.660724,0.000000,327.910864
11589,6932.386159,0.000000,53.000000,326.159331,0.000000,320.389972
11590,6932.386159,0.000000,53.000000,325.657939,0.000000,312.869081
11591,6932.386159,0.000000,53.000000,325.156546,0.000000,305.348189
11592,6932.386159,0.000000,53.000000,324.655153,0.000000,297.827298
11593,6932.386159,0.000000,53.000000,324.153760,0.000000,290.306407
11594,6932.386159,0.000000,53.000000,323.652368,0.000000,282.785515
11595,6932.386159,0.000000,53.000000,323.150975,0.000000,275.264624
11596,6932.386159,0.000000,53.000000,322.649582,0.000000,267.743733
11597,6932.386159,0.000000,53.000000,322.148189,0.000000,260.222841
11598,6932.386159,0.000000,53.000000,321.646797,0.000000,252.701950
11599,6932.386159,0.000000,53.000000,321.145404,0.000000,245.181058
11600,6932.386159,0.000000,53.000000,320.644011,0.000000,237.660167
11601,6932.386159,0.000000,53.000000,320.142618,0.000000,230.139276
11602,6932.386159,0.000000,53.000000,319.641226,0.000000,222.618384
11603,6932.386159,0.000000,53.000000,319.139833,0.000000,215.097493
11604,6932.386159,0.000000,53.000000,318.638440,0.000000,207.576602
11605,6932.386159,0.000000,53.000000,318.137047,0.000000,200.055710
11606,6932.386159,0.000000,53.000000,317.635655,0.000000,192.534819
11607,6932.386159,0.000000,53.000000,317.134262,0.000000,185.013928
11608,6932.386159,0.000000,53.000000,316.632869,0.000000,177.493036
11609,6932.386159,0.000000,53.000000,316.131476,0.000000,169.972145
11610,6932.386159,0.000000,53.000000,315.630084,0.000000,162.451253
11611,6932.386159,0.000000,53.000000,315.128691,0.000000,154.930362
11612,6932.386159,0.000000,53.000000,314.627298,0.000000,147.409471
11613,6932.386159,0.000000,53.000000,314.125905,0.000000,139.888579
11614,6932.386159,0.000000,53.000000,313.624513,0.000000,132.367688
11615,6932.386159,0.000000,53.000000,313.123120,0.000000,124.846797
11616,6932.386159,0.000000,53.000000,312.621727,0.000000,117.325905
11617,6932.386159,0.000000,53.000000,312.120334,0.000000,109.805014
11618,6932.386159,0.000000,53.000000,311.618942,0.000000,102.284123
11619,6932.386159,0.000000,53.000000,311.117549,0.000000,94.763231
11620,6932.386159,0.000000,53.000000,310.616156,0.000000,87.242340
11621,6932.386159,0.000000,53.000000,310.114763,0.000000,79.721448
11622,6932.386159,0.000000,53.000000,309.613370,0.000000,72.200557
11623,6932.386159,0.000000,53.000000,309.111978,0.000000,64.679666
11624,6932.386159,0.000000,53.000000,308.610585,0.000000,57.158774
11625,6932.386159,0.000000,53.000000,308.109192,0.000000,49.637883
11626,6932.386159,0.000000,53.000000,307.607799,0.000000,42.116992
11627,6932.386159,0.000000,53.000000,307.106407,0.000000,34.596100
11628,6932.386159,0.000000,53.000000,306.605014,0.000000,27.075209
11629,6932.386159,0.000000,53.000000,306.103621,0.000000,19.554318
11630,6932.386159,0.000000,53.000000,305.602228,0.000000,12.033426
11631,6932.386159,0.000000,53.000000,305.100836,0.000000,4.512535
11632,6932.386159,0.000000,53.000000,304.599443,0.000000,356.991643
11633,6932.386159,0.000000,53.000000,304.098050,0.000000,349.470752
11634,6932.386159,0.000000,53.000000,303.596657,0.000000,341.949861
11635,6932.386159,0.000000,53.000000,303.095265,0.000000,334.428969
11636,6932.386159,0.000000,53.000000,302.593872,0.000000,326.908078
11637,6932.386159,0.000000,53.000000,302.092479,0.000000,319.387187
11638,6932.386159,0.000000,53.000000,301.591086,0.000000,311.866295
11639,6932.386159,0.000000,53.000000,301.089694,0.000000,304.345404
11640,6932.386159,0.000000,53.000000,300.588301,0.000000,296.824513
11641,6932.386159,0.000000,53.000000,300.086908,0.000000,289.303621
11642,6932.386159,0.000000,53.000000,299.585515,0.000000,281.782730
11643,6932.386159,0.000000,53.000000,299.084123,0.000000,274.261838
11644,6932.386159,0.000000,53.000000,298.582730,0.000000,266.740947
11645,6932.386159,0.000000,53.000000,298.081337,0.000000,259.220056
11646,6932.386159,0.000000,53.000000,297.579944,0.000000,251.699164
11647,6932.386159,0.000000,53.000000,297.078552,0.000000,244.178273
11648,6932.386159,0.000000,53.000000,296.577159,0.000000,236.657382
11649,6932.386159,0.000000,53.000000,296.075766,0.000000,229.136490
11650,6932.386159,0.000000,53.000000,295.574373,0.000000,221.615599
11651,6932.386159,0.000000,53.000000,295.072981,0.000000,214.094708
11652,6932.386159,0.000000,53.000000,294.571588,0.000000,206.573816
11653,6932.386159,0.000000,53.000000,294.070195,0.000000,199.052925
11654,6932.386159,0.000000,53.000000,293.568802,0.000000,191.532033
11655,6932.386159,0.000000,53.000000,293.067409,0.000000,184.011142
11656,6932.386159,0.000000,53.000000,292.566017,0.000000,176.490251
11657,6932.386159,0.000000,53.000000,292.064624,0.000000,168.969359
11658,6932.386159,0.000000,53.000000,291.563231,0.000000,161.448468
11659,6932.386159,0.000000,53.000000,291.061838,0.000000,153.927577
11660,6932.386159,0.000000,53.000000,290.560446,0.000000,146.406685
11661,6932.386159,0.000000,53.000000,290.059053,0.000000,138.885794
11662,6932.386159,0.000000,53.000000,289.557660,0.000000,131.364903
11663,6932.386159,0.000000,53.000000,289.056267,0.000000,123.844011
11664,6932.386159,0.000000,53.000000,288.554875,0.000000,116.323120
11665,6932.386159,0.000000,53.000000,288.053482,0.000000,108.802228
11666,6932.386159,0.000000,53.000000,287.552089,0.000000,101.281337
11667,6932.386159,0.000000,53.000000,287.050696,0.000000,93.760446
11668,6932.386159,0.000000,53.000000,286.549304,0.000000,86.239554
11669,6932.386159,0.000000,53.000000,286.047911,0.000000,78.718663
11670,6932.386159,0.000000,53.000000,285.546518,0.000000,71.197772
11671,6932.386159,0.000000,53.000000,285.045125,0.000000,63.676880
11672,6932.386159,0.000000,53.000000,284.543733,0.000000,56.155989
11673,6932.386159,0.000000,53.000000,284.042340,0.000000,48.635097
11674,6932.386159,0.000000,53.000000,283.540947,0.000000,41.114206
11675,6932.386159,0.000000,53.000000,283.039554,0.000000,33.593315
11676,6932.386159,0.000000,53.000000,282.538162,0.000000,26.072423
11677,6932.386159,0.000000,53.000000,282.036769,0.000000,18.551532
11678,6932.386159,0.000000,53.000000,281.535376,0.000000,11.030641
11679,6932.386159,0.000000,53.000000,281.033983,0.000000,3.509749
11680,6932.386159,0.000000,53.000000,280.532591,0.000000,355.988858
11681,6932.386159,0.000000,53.000000,280.031198,0.000000,348.467967
11682,6932.386159,0.000000,53.000000,279.529805,0.000000,340.947075
11683,6932.386159,0.000000,53.000000,279.028412,0.000000,333.426184
11684,6932.386159,0.000000,53.000000,278.527019,0.000000,325.905292
11685,6932.386159,0.000000,53.000000,278.025627,0.000000,318.384401
11686,6932.386159,0.000000,53.000000,277.524234,0.000000,310.863510
11687,6932.386159,0.000000,53.000000,277.022841,0.000000,303.342618
11688,6932.386159,0.000000,53.000000,276.521448,0.000000,295.821727
11689,6932.386159,0.000000,53.000000,276.020056,0.000000,288.300836
11690,6932.386159,0.000000,53.000000,275.518663,0.000000,280.779944
11691,6932.386159,0.000000,53.000000,275.017270,0.000000,273.259053
11692,6932.386159,0.000000,53.000000,274.515877,0.000000,265.738162
11693,6932.386159,0.000000,53.000000,274.014485,0.000000,258.217270
11694,6932.386159,0.000000,53.000000,273.513092,0.000000,250.696379
11695,6932.386159,0.000000,53.000000,273.011699,0.000000,243.175487
11696,6932.386159,0.000000,53.000000,272.510306,0.000000,235.654596
11697,6932.386159,0.000000,53.000000,272.008914,0.000000,228.133705
11698,6932.386159,0.000000,53.000000,271.507521,0.000000,220.612813
11699,6932.386159,0.000000,53.000000,271.006128,0.000000,213.091922
11700,6932.386159,0.000000,53.000000,270.504735,0.000000,205.571031
11701,6932.386159,0.000000,53.000000,270.003343,0.000000,198.050139
11702,6932.386159,0.000000,53.000000,269.501950,0.000000,190.529248
11703,6932.386159,0.000000,53.000000,269.000557,0.000000,183.008357
11704,6932.386159,0.000000,53.000000,268.499164,0.000000,175.487465
11705,6932.386159,0.000000,53.000000,267.997772,0.000000,167.966574
11706,6932.386159,0.000000,53.000000,267.496379,0.000000,160.445682
11707,6932.386159,0.000000,53.000000,266.994986,0.000000,152.924791
11708,6932.386159,0.000000,53.000000,266.493593,0.000000,145.403900
11709,6932.386159,0.000000,53.000000,265.992201,0.000000,137.883008
11710,6932.386159,0.000000,53.000000,265.490808,0.000000,130.362117
11711,6932.386159,0.000000,53.000000,264.989415,0.000000,122.841226
11712,6932.386159,0.000000,53.000000,264.488022,0.000000,115.320334
11713,6932.386159,0.000000,53.000000,263.986630,0.000000,107.799443
11714,6932.386159,0.000000,53.000000,263.485237,0.000000,100.278552
11715,6932.386159,0.000000,53.000000,262.983844,0.000000,92.757660
11716,6932.386159,0.000000,53.000000,262.482451,0.000000,85.236769
11717,6932.386159,0.000000,53.000000,261.981058,0.000000,77.715877
11718,6932.386159,0.000000,53.000000,261.479666,0.000000,70.194986
11719,6932.386159,0.000000,53.000000,260.978273,0.000000,62.674095
11720,6932.386159,0.000000,53.000000,260.476880,0.000000,55.153203
11721,6932.386159,0.000000,53.000000,259.975487,0.000000,47.632312
11722,6932.386159,0.000000,53.000000,259.474095,0.000000,40.111421
11723,6932.386159,0.000000,53.000000,258.972702,0.000000,32.590529
11724,6932.386159,0.000000,53.000000,258.471309,0.000000,25.069638
11725,6932.386159,0.000000,53.000000,257.969916,0.000000,17.548747
11726,6932.386159,0.000000,53.000000,257.468524,0.000000,10.027855
11727,6932.386159,0.000000,53.000000,256.967131,0.000000,2.506964
11728,6932.386159,0.000000,53.000000,256.465738,0.000000,354.986072
11729,6932.386159,0.000000,53.000000,255.964345,0.000000,347.465181
11730,6932.386159,0.000000,53.000000,255.462953,0.000000,339.944290
11731,6932.386159,0.000000,53.000000,254.961560,0.000000,332.423398
11732,6932.386159,0.000000,53.000000,254.460167,0.000000,324.902507
11733,6932.386159,0.000000,53.000000,253.958774,0.000000,317.381616
11734,6932.386159,0.000000,53.000000,253.457382,0.000000,309.860724
11735,6932.386159,0.000000,53.000000,252.955989,0.000000,302.339833
11736,6932.386159,0.000000,53.000000,252.454596,0.000000,294.818942
11737,6932.386159,0.000000,53.000000,251.953203,0.000000,287.298050
11738,6932.386159,0.000000,53.000000,251.451811,0.000000,279.777159
11739,6932.386159,0.000000,53.000000,250.950418,0.000000,272.256267
11740,6932.386159,0.000000,53.000000,250.449025,0.000000,264.735376
11741,6932.386159,0.000000,53.000000,249.947632,0.000000,257.214485
11742,6932.386159,0.000000,53.000000,249.446240,0.000000,249.693593
11743,6932.386159,0.000000,53.000000,248.944847,0.000000,242.172702
11744,6932.386159,0.000000,53.000000,248.443454,0.000000,234.651811
11745,6932.386159,0.000000,53.000000,247.942061,0.000000,227.130919
11746,6932.386159,0.000000,53.000000,247.440669,0.000000,219.610028
11747,6932.386159,0.000000,53.000000,246.939276,0.000000,212.089136
11748,6932.386159,0.000000,53.000000,246.437883,0.000000,204.568245
11749,6932.386159,0.000000,53.000000,245.936490,0.000000,197.047354
11750,6932.386159,0.000000,53.000000,245.435097,0.000000,189.526462
11751,6932.386159,0.000000,53.000000,244.933705,0.000000,182.005571
11752,6932.386159,0.000000,53.000000,244.432312,0.000000,174.484680
11753,6932.386159,0.000000,53.000000,243.930919,0.000000,166.963788
11754,6932.386159,0.000000,53.000000,243.429526,0.000000,159.442897
11755,6932.386159,0.000000,53.000000,242.928134,0.000000,151.922006
11756,6932.386159,0.000000,53.000000,242.426741,0.000000,144.401114
11757,6932.386159,0.000000,53.000000,241.925348,0.000000,136.880223
11758,6932.386159,0.000000,53.000000,241.423955,0.000000,129.359331
11759,6932.386159,0.000000,53.000000,240.922563,0.000000,121.838440
11760,6932.386159,0.000000,53.000000,240.421170,0.000000,114.317549
11761,6932.386159,0.000000,53.000000,239.919777,0.000000,106.796657
11762,6932.386159,0.000000,53.000000,239.418384,0.000000,99.275766
11763,6932.386159,0.000000,53.000000,238.916992,0.000000,91.754875
11764,6932.386159,0.000000,53.000000,238.415599,0.000000,84.233983
11765,6932.386159,0.000000,53.000000,237.914206,0.000000,76.713092
11766,6932.386159,0.000000,53.000000,237.412813,0.000000,69.192201
11767,6932.386159,0.000000,53.000000,236.911421,0.000000,61.671309
11768,6932.386159,0.000000,53.000000,236.410028,0.000000,54.150418
11769,6932.386159,0.000000,53.000000,235.908635,0.000000,46.629526
11770,6932.386159,0.000000,53.000000,235.407242,0.000000,39.108635
11771,6932.386159,0.000000,53.000000,234.905850,0.000000,31.587744
11772,6932.386159,0.000000,53.000000,234.404457,0.000000,24.066852
11773,6932.386159,0.000000,53.000000,233.903064,0.000000,16.545961
11774,6932.386159,0.000000,53.000000,233.401671,0.000000,9.025070
11775,6932.386159,0.000000,53.000000,232.900279,0.000000,1.504178
11776,6932.386159,0.000000,53.000000,232.398886,0.000000,353.983287
11777,6932.386159,0.000000,53.000000,231.897493,0.000000,346.462396
11778,6932.386159,0.000000,53.000000,231.396100,0.000000,338.941504
11779,6932.386159,0.000000,53.000000,230.894708,0.000000,331.420613
11780,6932.386159,0.000000,53.000000,230.393315,0.000000,323.899721
11781,6932.386159,0.000000,53.000000,229.891922,0.000000,316.378830
11782,6932.386159,0.000000,53.000000,229.390529,0.000000,308.857939
11783,6932.386159,0.000000,53.000000,228.889136,0.000000,301.337047
11784,6932.386159,0.000000,53.000000,228.387744,0.000000,293.816156
11785,6932.386159,0.000000,53.000000,227.886351,0.000000,286.295265
11786,6932.386159,0.000000,53.000000,227.384958,0.000000,278.774373
11787,6932.386159,0.000000,53.000000,226.883565,0.000000,271.253482
11788,6932.386159,0.000000,53.000000,226.382173,0.000000,263.732591
11789,6932.386159,0.000000,53.000000,225.880780,0.000000,256.211699
11790,6932.386159,0.000000,53.000000,225.379387,0.000000,248.690808
11791,6932.386159,0.000000,53.000000,224.877994,0.000000,241.169916
11792,6932.386159,0.000000,53.000000,224.376602,0.000000,233.649025
11793,6932.386159,0.000000,53.000000,223.875209,0.000000,226.128134
11794,6932.386159,0.000000,53.000000,223.373816,0.000000,218.607242
11795,6932.386159,0.000000,53.000000,222.872423,0.000000,211.086351
11796,6932.386159,0.000000,53.000000,222.371031,0.000000,203.565460
11797,6932.386159,0.000000,53.000000,221.869638,0.000000,196.044568
11798,6932.386159,0.000000,53.000000,221.368245,0.000000,188.523677
11799,6932.386159,0.000000,53.000000,220.866852,0.000000,181.002786
11800,6932.386159,0.000000,53.000000,220.365460,0.000000,173.481894
11801,6932.386159,0.000000,53.000000,219.864067,0.000000,165.961003
11802,6932.386159,0.000000,53.000000,219.362674,0.000000,158.440111
11803,6932.386159,0.000000,53.000000,218.861281,0.000000,150.919220
11804,6932.386159,0.000000,53.000000,218.359889,0.000000,143.398329
11805,6932.386159,0.000000,53.000000,217.858496,0.000000,135.877437
11806,6932.386159,0.000000,53.000000,217.357103,0.000000,128.356546
11807,6932.386159,0.000000,53.000000,216.855710,0.000000,120.835655
11808,6932.386159,0.000000,53.000000,216.354318,0.000000,113.314763
11809,6932.386159,0.000000,53.000000,215.852925,0.000000,105.793872
11810,6932.386159,0.000000,53.000000,215.351532,0.000000,98.272981
11811,6932.386159,0.000000,53.000000,214.850139,0.000000,90.752089
11812,6932.386159,0.000000,53.000000,214.348747,0.000000,83.231198
11813,6932.386159,0.000000,53.000000,213.847354,0.000000,75.710306
11814,6932.386159,0.000000,53.000000,213.345961,0.000000,68.189415
11815,6932.386159,0.000000,53.000000,212.844568,0.000000,60.668524
11816,6932.386159,0.000000,53.000000,212.343175,0.000000,53.147632
11817,6932.386159,0.000000,53.000000,211.841783,0.000000,45.626741
11818,6932.386159,0.000000,53.000000,211.340390,0.000000,38.105850
11819,6932.386159,0.000000,53.000000,210.838997,0.000000,30.584958
11820,6932.386159,0.000000,53.000000,210.337604,0.000000,23.064067
11821,6932.386159,0.000000,53.000000,209.836212,0.000000,15.543175
11822,6932.386159,0.000000,53.000000,209.334819,0.000000,8.022284
11823,6932.386159,0.000000,53.000000,208.833426,0.000000,0.501393
11824,6932.386159,0.000000,53.000000,208.332033,0.000000,352.980501
11825,6932.386159,0.000000,53.000000,207.830641,0.000000,345.459610
11826,6932.386159,0.000000,53.000000,207.329248,0.000000,337.938719
11827,6932.386159,0.000000,53.000000,206.827855,0.000000,330.417827
11828,6932.386159,0.000000,53.000000,206.326462,0.000000,322.896936
11829,6932.386159,0.000000,53.000000,205.825070,0.000000,315.376045
11830,6932.386159,0.000000,53.000000,205.323677,0.000000,307.855153
11831,6932.386159,0.000000,53.000000,204.822284,0.000000,300.334262
11832,6932.386159,0.000000,53.000000,204.320891,0.000000,292.813370
11833,6932.386159,0.000000,53.000000,203.819499,0.000000,285.292479
11834,6932.386159,0.000000,53.000000,203.318106,0.000000,277.771588
11835,6932.386159,0.000000,53.000000,202.816713,0.000000,270.250696
11836,6932.386159,0.000000,53.000000,202.315320,0.000000,262.729805
11837,6932.386159,0.000000,53.000000,201.813928,0.000000,255.208914
11838,6932.386159,0.000000,53.000000,201.312535,0.000000,247.688022
11839,6932.386159,0.000000,53.000000,200.811142,0.000000,240.167131
11840,6932.386159,0.000000,53.000000,200.309749,0.000000,232.646240
11841,6932.386159,0.000000,53.000000,199.808357,0.000000,225.125348
11842,6932.386159,0.000000,53.000000,199.306964,0.000000,217.604457
11843,6932.386159,0.000000,53.000000,198.805571,0.000000,210.083565
11844,6932.386159,0.000000,53.000000,198.304178,0.000000,202.562674
11845,6932.386159,0.000000,53.000000,197.802786,0.000000,195.041783
11846,6932.386159,0.000000,53.000000,197.301393,0.000000,187.520891
11847,6932.386159,0.000000,53.000000,196.800000,0.000000,180.000000
11848,6932.386159,0.000000,53.000000,196.298607,0.000000,172.479109
11849,6932.386159,0.000000,53.000000,195.797214,0.000000,164.958217
11850,6932.386159,0.000000,53.000000,195.295822,0.000000,157.437326
11851,6932.386159,0.000000,53.000000,194.794429,0.000000,149.916435
11852,6932.386159,0.000000,53.000000,194.293036,0.000000,142.395543
11853,6932.386159,0.000000,53.000000,193.791643,0.000000,134.874652
11854,6932.386159,0.000000,53.000000,193.290251,0.000000,127.353760
11855,6932.386159,0.000000,53.000000,192.788858,0.000000,119.832869
11856,6932.386159,0.000000,53.000000,192.287465,0.000000,112.311978
11857,6932.386159,0.000000,53.000000,191.786072,0.000000,104.791086
11858,6932.386159,0.000000,53.000000,191.284680,0.000000,97.270195
11859,6932.386159,0.000000,53.000000,190.783287,0.000000,89.749304
11860,6932.386159,0.000000,53.000000,190.281894,0.000000,82.228412
11861,6932.386159,0.000000,53.000000,189.780501,0.000000,74.707521
11862,6932.386159,0.000000,53.000000,189.279109,0.000000,67.186630
11863,6932.386159,0.000000,53.000000,188.777716,0.000000,59.665738
11864,6932.386159,0.000000,53.000000,188.276323,0.000000,52.144847
11865,6932.386159,0.000000,53.000000,187.774930,0.000000,44.623955
11866,6932.386159,0.000000,53.000000,187.273538,0.000000,37.103064
11867,6932.386159,0.000000,53.000000,186.772145,0.000000,29.582173
11868,6932.386159,0.000000,53.000000,186.270752,0.000000,22.061281
11869,6932.386159,0.000000,53.000000,185.769359,0.000000,14.540390
11870,6932.386159,0.000000,53.000000,185.267967,0.000000,7.019499
11871,6932.386159,0.000000,53.000000,184.766574,0.000000,359.498607
11872,6932.386159,0.000000,53.000000,184.265181,0.000000,351.977716
11873,6932.386159,0.000000,53.000000,183.763788,0.000000,344.456825
11874,6932.386159,0.000000,53.000000,183.262396,0.000000,336.935933
11875,6932.386159,0.000000,53.000000,182.761003,0.000000,329.415042
11876,6932.386159,0.000000,53.000000,182.259610,0.000000,321.894150
11877,6932.386159,0.000000,53.000000,181.758217,0.000000,314.373259
11878,6932.386159,0.000000,53.000000,181.256825,0.000000,306.852368
11879,6932.386159,0.000000,53.000000,180.755432,0.000000,299.331476
11880,6932.386159,0.000000,53.000000,180.254039,0.000000,291.810585
11881,6932.386159,0.000000,53.000000,179.752646,0.000000,284.289694
11882,6932.386159,0.000000,53.000000,179.251253,0.000000,276.768802
11883,6932.386159,0.000000,53.000000,178.749861,0.000000,269.247911
11884,6932.386159,0.000000,53.000000,178.248468,0.000000,261.727019
11885,6932.386159,0.000000,53.000000,177.747075,0.000000,254.206128
11886,6932.386159,0.000000,53.000000,177.245682,0.000000,246.685237
11887,6932.386159,0.000000,53.000000,176.744290,0.000000,239.164345
11888,6932.386159,0.000000,53.000000,176.242897,0.000000,231.643454
11889,6932.386159,0.000000,53.000000,175.741504,0.000000,224.122563
11890,6932.386159,0.000000,53.000000,175.240111,0.000000,216.601671
11891,6932.386159,0.000000,53.000000,174.738719,0.000000,209.080780
11892,6932.386159,0.000000,53.000000,174.237326,0.000000,201.559889
11893,6932.386159,0.000000,53.000000,173.735933,0.000000,194.038997
11894,6932.386159,0.000000,53.000000,173.234540,0.000000,186.518106
11895,6932.386159,0.000000,53.000000,172.733148,0.000000,178.997214
11896,6932.386159,0.000000,53.000000,172.231755,0.000000,171.476323
11897,6932.386159,0.000000,53.000000,171.730362,0.000000,163.955432
11898,6932.386159,0.000000,53.000000,171.228969,0.000000,156.434540
11899,6932.386159,0.000000,53.000000,170.727577,0.000000,148.913649
11900,6932.386159,0.000000,53.000000,170.226184,0.000000,141.392758
11901,6932.386159,0.000000,53.000000,169.724791,0.000000,133.871866
11902,6932.386159,0.000000,53.000000,169.223398,0.000000,126.350975
11903,6932.386159,0.000000,53.000000,168.722006,0.000000,118.830084
11904,6932.386159,0.000000,53.000000,168.220613,0.000000,111.309192
11905,6932.386159,0.000000,53.000000,167.719220,0.000000,103.788301
11906,6932.386159,0.000000,53.000000,167.217827,0.000000,96.267409
11907,6932.386159,0.000000,53.000000,166.716435,0.000000,88.746518
11908,6932.386159,0.000000,53.000000,166.215042,0.000000,81.225627
11909,6932.386159,0.000000,53.000000,165.713649,0.000000,73.704735
11910,6932.386159,0.000000,53.000000,165.212256,0.000000,66.183844
11911,6932.386159,0.000000,53.000000,164.710864,0.000000,58.662953
11912,6932.386159,0.000000,53.000000,164.209471,0.000000,51.142061
11913,6932.386159,0.000000,53.000000,163.708078,0.000000,43.621170
11914,6932.386159,0.000000,53.000000,163.206685,0.000000,36.100279
11915,6932.386159,0.000000,53.000000,162.705292,0.000000,28.579387
11916,6932.386159,0.000000,53.000000,162.203900,0.000000,21.058496
11917,6932.386159,0.000000,53.000000,161.702507,0.000000,13.537604
11918,6932.386159,0.000000,53.000000,161.201114,0.000000,6.016713
11919,6932.386159,0.000000,53.000000,160.699721,0.000000,358.495822
11920,6932.386159,0.000000,53.000000,160.198329,0.000000,350.974930
11921,6932.386159,0.000000,53.000000,159.696936,0.000000,343.454039
11922,6932.386159,0.000000,53.000000,159.195543,0.000000,335.933148
11923,6932.386159,0.000000,53.000000,158.694150,0.000000,328.412256
11924,6932.386159,0.000000,53.000000,158.192758,0.000000,320.891365
11925,6932.386159,0.000000,53.000000,157.691365,0.000000,313.370474
11926,6932.386159,0.000000,53.000000,157.189972,0.000000,305.849582
11927,6932.386159,0.000000,53.000000,156.688579,0.000000,298.328691
11928,6932.386159,0.000000,53.000000,156.187187,0.000000,290.807799
11929,6932.386159,0.000000,53.000000,155.685794,0.000000,283.286908
11930,6932.386159,0.000000,53.000000,155.184401,0.000000,275.766017
11931,6932.386159,0.000000,53.000000,154.683008,0.000000,268.245125
11932,6932.386159,0.000000,53.000000,154.181616,0.000000,260.724234
11933,6932.386159,0.000000,53.000000,153.680223,0.000000,253.203343
11934,6932.386159,0.000000,53.000000,153.178830,0.000000,245.682451
11935,6932.386159,0.000000,53.000000,152.677437,0.000000,238.161560
11936,6932.386159,0.000000,53.000000,152.176045,0.000000,230.640669
11937,6932.386159,0.000000,53.000000,151.674652,0.000000,223.119777
11938,6932.386159,0.000000,53.000000,151.173259,0.000000,215.598886
11939,6932.386159,0.000000,53.000000,150.671866,0.000000,208.077994
11940,6932.386159,0.000000,53.000000,150.170474,0.000000,200.557103
11941,6932.386159,0.000000,53.000000,149.669081,0.000000,193.036212
11942,6932.386159,0.000000,53.000000,149.167688,0.000000,185.515320
11943,6932.386159,0.000000,53.000000,148.666295,0.000000,177.994429
11944,6932.386159,0.000000,53.000000,148.164903,0.000000,170.473538
11945,6932.386159,0.000000,53.000000,147.663510,0.000000,162.952646
11946,6932.386159,0.000000,53.000000,147.162117,0.000000,155.431755
11947,6932.386159,0.000000,53.000000,146.660724,0.000000,147.910864
11948,6932.386159,0.000000,53.000000,146.159331,0.000000,140.389972
11949,6932.386159,0.000000,53.000000,145.657939,0.000000,132.869081
11950,6932.386159,0.000000,53.000000,145.156546,0.000000,125.348189
11951,6932.386159,0.000000,53.000000,144.655153,0.000000,117.827298
11952,6932.386159,0.000000,53.000000,144.153760,0.000000,110.306407
11953,6932.386159,0.000000,53.000000,143.652368,0.000000,102.785515
11954,6932.386159,0.000000,53.000000,143.150975,0.000000,95.264624
11955,6932.386159,0.000000,53.000000,142.649582,0.000000,87.743733
11956,6932.386159,0.000000,53.000000,142.148189,0.000000,80.222841
11957,6932.386159,0.000000,53.000000,141.646797,0.000000,72.701950
11958,6932.386159,0.000000,53.000000,141.145404,0.000000,65.181058
11959,6932.386159,0.000000,53.000000,140.644011,0.000000,57.660167
11960,6932.386159,0.000000,53.000000,140.142618,0.000000,50.139276
11961,6932.386159,0.000000,53.000000,139.641226,0.000000,42.618384
11962,6932.386159,0.000000,53.000000,139.139833,0.000000,35.097493
11963,6932.386159,0.000000,53.000000,138.638440,0.000000,27.576602
11964,6932.386159,0.000000,53.000000,138.137047,0.000000,20.055710
11965,6932.386159,0.000000,53.000000,137.635655,0.000000,12.534819
11966,6932.386159,0.000000,53.000000,137.134262,0.000000,5.013928
11967,6932.386159,0.000000,53.000000,136.632869,0.000000,357.493036
11968,6932.386159,0.000000,53.000000,136.131476,0.000000,349.972145
11969,6932.386159,0.000000,53.000000,135.630084,0.000000,342.451253
11970,6932.386159,0.000000,53.000000,135.128691,0.000000,334.930362
11971,6932.386159,0.000000,53.000000,134.627298,0.000000,327.409471
11972,6932.386159,0.000000,53.000000,134.125905,0.000000,319.888579
11973,6932.386159,0.000000,53.000000,133.624513,0.000000,312.367688
11974,6932.386159,0.000000,53.000000,133.123120,0.000000,304.846797
11975,6932.386159,0.000000,53.000000,132.621727,0.000000,297.325905
11976,6932.386159,0.000000,53.000000,132.120334,0.000000,289.805014
11977,6932.386159,0.000000,53.000000,131.618942,0.000000,282.284123
11978,6932.386159,0.000000,53.000000,131.117549,0.000000,274.763231
11979,6932.386159,0.000000,53.000000,130.616156,0.000000,267.242340
11980,6932.386159,0.000000,53.000000,130.114763,0.000000,259.721448
11981,6932.386159,0.000000,53.000000,129.613370,0.000000,252.200557
11982,6932.386159,0.000000,53.000000,129.111978,0.000000,244.679666
11983,6932.386159,0.000000,53.000000,128.610585,0.000000,237.158774
11984,6932.386159,0.000000,53.000000,128.109192,0.000000,229.637883
11985,6932.386159,0.000000,53.000000,127.607799,0.000000,222.116992
11986,6932.386159,0.000000,53.000000,127.106407,0.000000,214.596100
11987,6932.386159,0.000000,53.000000,126.605014,0.000000,207.075209
11988,6932.386159,0.000000,53.000000,126.103621,0.000000,199.554318
11989,6932.386159,0.000000,53.000000,125.602228,0.000000,192.033426
11990,6932.386159,0.000000,53.000000,125.100836,0.000000,184.512535
11991,6932.386159,0.000000,53.000000,124.599443,0.000000,176.991643
11992,6932.386159,0.000000,53.000000,124.098050,0.000000,169.470752
11993,6932.386159,0.000000,53.000000,123.596657,0.000000,161.949861
11994,6932.386159,0.000000,53.000000,123.095265,0.000000,154.428969
11995,6932.386159,0.000000,53.000000,122.593872,0.000000,146.908078
11996,6932.386159,0.000000,53.000000,122.092479,0.000000,139.387187
11997,6932.386159,0.000000,53.000000,121.591086,0.000000,131.866295
11998,6932.386159,0.000000,53.000000,121.089694,0.000000,124.345404
11999,6932.386159,0.000000,53.000000,120.588301,0.000000,116.824513
12000,6932.386159,0.000000,53.000000,120.086908,0.000000,109.303621
12001,6932.386159,0.000000,53.000000,119.585515,0.000000,101.782730
12002,6932.386159,0.000000,53.000000,119.084123,0.000000,94.261838
12003,6932.386159,0.000000,53.000000,118.582730,0.000000,86.740947
12004,6932.386159,0.000000,53.000000,118.081337,0.000000,79.220056
12005,6932.386159,0.000000,53.000000,117.579944,0.000000,71.699164
12006,6932.386159,0.000000,53.000000,117.078552,0.000000,64.178273
12007,6932.386159,0.000000,53.000000,116.577159,0.000000,56.657382
12008,6932.386159,0.000000,53.000000,116.075766,0.000000,49.136490
12009,6932.386159,0.000000,53.000000,115.574373,0.000000,41.615599
12010,6932.386159,0.000000,53.000000,115.072981,0.000000,34.094708
12011,6932.386159,0.000000,53.000000,114.571588,0.000000,26.573816
12012,6932.386159,0.000000,53.000000,114.070195,0.000000,19.052925
12013,6932.386159,0.000000,53.000000,113.568802,0.000000,11.532033
12014,6932.386159,0.000000,53.000000,113.067409,0.000000,4.011142
12015,6932.386159,0.000000,53.000000,112.566017,0.000000,356.490251
12016,6932.386159,0.000000,53.000000,112.064624,0.000000,348.969359
12017,6932.386159,0.000000,53.000000,111.563231,0.000000,341.448468
12018,6932.386159,0.000000,53.000000,111.061838,0.000000,333.927577
12019,6932.386159,0.000000,53.000000,110.560446,0.000000,326.406685
12020,6932.386159,0.000000,53.000000,110.059053,0.000000,318.885794
12021,6932.386159,0.000000,53.000000,109.557660,0.000000,311.364903
12022,6932.386159,0.000000,53.000000,109.056267,0.000000,303.844011
12023,6932.386159,0.000000,53.000000,108.554875,0.000000,296.323120
12024,6932.386159,0.000000,53.000000,108.053482,0.000000,288.802228
12025,6932.386159,0.000000,53.000000,107.552089,0.000000,281.281337
12026,6932.386159,0.000000,53.000000,107.050696,0.000000,273.760446
12027,6932.386159,0.000000,53.000000,106.549304,0.000000,266.239554
12028,6932.386159,0.000000,53.000000,106.047911,0.000000,258.718663
12029,6932.386159,0.000000,53.000000,105.546518,0.000000,251.197772
12030,6932.386159,0.000000,53.000000,105.045125,0.000000,243.676880
12031,6932.386159,0.000000,53.000000,104.543733,0.000000,236.155989
12032,6932.386159,0.000000,53.000000,104.042340,0.000000,228.635097
12033,6932.386159,0.000000,53.000000,103.540947,0.000000,221.114206
12034,6932.386159,0.000000,53.000000,103.039554,0.000000,213.593315
12035,6932.386159,0.000000,53.000000,102.538162,0.000000,206.072423
12036,6932.386159,0.000000,53.000000,102.036769,0.000000,198.551532
12037,6932.386159,0.000000,53.000000,101.535376,0.000000,191.030641
12038,6932.386159,0.000000,53.000000,101.033983,0.000000,183.509749
12039,6932.386159,0.000000,53.000000,100.532591,0.000000,175.988858
12040,6932.386159,0.000000,53.000000,100.031198,0.000000,168.467967
12041,6932.386159,0.000000,53.000000,99.529805,0.000000,160.947075
12042,6932.386159,0.000000,53.000000,99.028412,0.000000,153.426184
12043,6932.386159,0.000000,53.000000,98.527019,0.000000,145.905292
12044,6932.386159,0.000000,53.000000,98.025627,0.000000,138.384401
12045,6932.386159,0.000000,53.000000,97.524234,0.000000,130.863510
12046,6932.386159,0.000000,53.000000,97.022841,0.000000,123.342618
12047,6932.386159,0.000000,53.000000,96.521448,0.000000,115.821727
12048,6932.386159,0.000000,53.000000,96.020056,0.000000,108.300836
12049,6932.386159,0.000000,53.000000,95.518663,0.000000,100.779944
12050,6932.386159,0.000000,53.000000,95.017270,0.000000,93.259053
12051,6932.386159,0.000000,53.000000,94.515877,0.000000,85.738162
12052,6932.386159,0.000000,53.000000,94.014485,0.000000,78.217270
12053,6932.386159,0.000000,53.000000,93.513092,0.000000,70.696379
12054,6932.386159,0.000000,53.000000,93.011699,0.000000,63.175487
12055,6932.386159,0.000000,53.000000,92.510306,0.000000,55.654596
12056,6932.386159,0.000000,53.000000,92.008914,0.000000,48.133705
12057,6932.386159,0.000000,53.000000,91.507521,0.000000,40.612813
12058,6932.386159,0.000000,53.000000,91.006128,0.000000,33.091922
12059,6932.386159,0.000000,53.000000,90.504735,0.000000,25.571031
12060,6932.386159,0.000000,53.000000,90.003343,0.000000,18.050139
12061,6932.386159,0.000000,53.000000,89.501950,0.000000,10.529248
12062,6932.386159,0.000000,53.000000,89.000557,0.000000,3.008357
12063,6932.386159,0.000000,53.000000,88.499164,0.000000,355.487465
12064,6932.386159,0.000000,53.000000,87.997772,0.000000,347.966574
12065,6932.386159,0.000000,53.000000,87.496379,0.000000,340.445682
12066,6932.386159,0.000000,53.000000,86.994986,0.000000,332.924791
12067,6932.386159,0.000000,53.000000,86.493593,0.000000,325.403900
12068,6932.386159,0.000000,53.000000,85.992201,0.000000,317.883008
12069,6932.386159,0.000000,53.000000,85.490808,0.000000,310.362117
12070,6932.386159,0.000000,53.000000,84.989415,0.000000,302.841226
12071,6932.386159,0.000000,53.000000,84.488022,0.000000,295.320334
12072,6932.386159,0.000000,53.000000,83.986630,0.000000,287.799443
12073,6932.386159,0.000000,53.000000,83.485237,0.000000,280.278552
12074,6932.386159,0.000000,53.000000,82.983844,0.000000,272.757660
12075,6932.386159,0.000000,53.000000,82.482451,0.000000,265.236769
12076,6932.386159,0.000000,53.000000,81.981058,0.000000,257.715877
12077,6932.386159,0.000000,53.000000,81.479666,0.000000,250.194986
12078,6932.386159,0.000000,53.000000,80.978273,0.000000,242.674095
12079,6932.386159,0.000000,53.000000,80.476880,0.000000,235.153203
12080,6932.386159,0.000000,53.000000,79.975487,0.000000,227.632312
12081,6932.386159,0.000000,53.000000,79.474095,0.000000,220.111421
12082,6932.386159,0.000000,53.000000,78.972702,0.000000,212.590529
12083,6932.386159,0.000000,53.000000,78.471309,0.000000,205.069638
12084,6932.386159,0.000000,53.000000,77.969916,0.000000,197.548747
12085,6932.386159,0.000000,53.000000,77.468524,0.000000,190.027855
12086,6932.386159,0.000000,53.000000,76.967131,0.000000,182.506964
12087,6932.386159,0.000000,53.000000,76.465738,0.000000,174.986072
12088,6932.386159,0.000000,53.000000,75.964345,0.000000,167.465181
12089,6932.386159,0.000000,53.000000,75.462953,0.000000,159.944290
12090,6932.386159,0.000000,53.000000,74.961560,0.000000,152.423398
12091,6932.386159,0.000000,53.000000,74.460167,0.000000,144.902507
12092,6932.386159,0.000000,53.000000,73.958774,0.000000,137.381616
12093,6932.386159,0.000000,53.000000,73.457382,0.000000,129.860724
12094,6932.386159,0.000000,53.000000,72.955989,0.000000,122.339833
12095,6932.386159,0.000000,53.000000,72.454596,0.000000,114.818942
12096,6932.386159,0.000000,53.000000,71.953203,0.000000,107.298050
12097,6932.386159,0.000000,53.000000,71.451811,0.000000,99.777159
12098,6932.386159,0.000000,53.000000,70.950418,0.000000,92.256267
12099,6932.386159,0.000000,53.000000,70.449025,0.000000,84.735376
12100,6932.386159,0.000000,53.000000,69.947632,0.000000,77.214485
12101,6932.386159,0.000000,53.000000,69.446240,0.000000,69.693593
12102,6932.386159,0.000000,53.000000,68.944847,0.000000,62.172702
12103,6932.386159,0.000000,53.000000,68.443454,0.000000,54.651811
12104,6932.386159,0.000000,53.000000,67.942061,0.000000,47.130919
12105,6932.386159,0.000000,53.000000,67.440669,0.000000,39.610028
12106,6932.386159,0.000000,53.000000,66.939276,0.000000,32.089136
12107,6932.386159,0.000000,53.000000,66.437883,0.000000,24.568245
12108,6932.386159,0.000000,53.000000,65.936490,0.000000,17.047354
12109,6932.386159,0.000000,53.000000,65.435097,0.000000,9.526462
12110,6932.386159,0.000000,53.000000,64.933705,0.000000,2.005571
12111,6932.386159,0.000000,53.000000,64.432312,0.000000,354.484680
12112,6932.386159,0.000000,53.000000,63.930919,0.000000,346.963788
12113,6932.386159,0.000000,53.000000,63.429526,0.000000,339.442897
12114,6932.386159,0.000000,53.000000,62.928134,0.000000,331.922006
12115,6932.386159,0.000000,53.000000,62.426741,0.000000,324.401114
12116,6932.386159,0.000000,53.000000,61.925348,0.000000,316.880223
12117,6932.386159,0.000000,53.000000,61.423955,0.000000,309.359331
12118,6932.386159,0.000000,53.000000,60.922563,0.000000,301.838440
12119,6932.386159,0.000000,53.000000,60.421170,0.000000,294.317549
12120,6932.386159,0.000000,53.000000,59.919777,0.000000,286.796657
12121,6932.386159,0.000000,53.000000,59.418384,0.000000,279.275766
12122,6932.386159,0.000000,53.000000,58.916992,0.000000,271.754875
12123,6932.386159,0.000000,53.000000,58.415599,0.000000,264.233983
12124,6932.386159,0.000000,53.000000,57.914206,0.000000,256.713092
12125,6932.386159,0.000000,53.000000,57.412813,0.000000,249.192201
12126,6932.386159,0.000000,53.000000,56.911421,0.000000,241.671309
12127,6932.386159,0.000000,53.000000,56.410028,0.000000,234.150418
12128,6932.386159,0.000000,53.000000,55.908635,0.000000,226.629526
12129,6932.386159,0.000000,53.000000,55.407242,0.000000,219.108635
12130,6932.386159,0.000000,53.000000,54.905850,0.000000,211.587744
12131,6932.386159,0.000000,53.000000,54.404457,0.000000,204.066852
12132,6932.386159,0.000000,53.000000,53.903064,0.000000,196.545961
12133,6932.386159,0.000000,53.000000,53.401671,0.000000,189.025070
12134,6932.386159,0.000000,53.000000,52.900279,0.000000,181.504178
12135,6932.386159,0.000000,53.000000,52.398886,0.000000,173.983287
12136,6932.386159,0.000000,53.000000,51.897493,0.000000,166.462396
12137,6932.386159,0.000000,53.000000,51.396100,0.000000,158.941504
12138,6932.386159,0.000000,53.000000,50.894708,0.000000,151.420613
12139,6932.386159,0.000000,53.000000,50.393315,0.000000,143.899721
12140,6932.386159,0.000000,53.000000,49.891922,0.000000,136.378830
12141,6932.386159,0.000000,53.000000,49.390529,0.000000,128.857939
12142,6932.386159,0.000000,53.000000,48.889136,0.000000,121.337047
12143,6932.386159,0.000000,53.000000,48.387744,0.000000,113.816156
12144,6932.386159,0.000000,53.000000,47.886351,0.000000,106.295265
12145,6932.386159,0.000000,53.000000,47.384958,0.000000,98.774373
12146,6932.386159,0.000000,53.000000,46.883565,0.000000,91.253482
12147,6932.386159,0.000000,53.000000,46.382173,0.000000,83.732591
12148,6932.386159,0.000000,53.000000,45.880780,0.000000,76.211699
12149,6932.386159,0.000000,53.000000,45.379387,0.000000,68.690808
12150,6932.386159,0.000000,53.000000,44.877994,0.000000,61.169916
12151,6932.386159,0.000000,53.000000,44.376602,0.000000,53.649025
12152,6932.386159,0.000000,53.000000,43.875209,0.000000,46.128134
12153,6932.386159,0.000000,53.000000,43.373816,0.000000,38.607242
12154,6932.386159,0.000000,53.000000,42.872423,0.000000,31.086351
12155,6932.386159,0.000000,53.000000,42.371031,0.000000,23.565460
12156,6932.386159,0.000000,53.000000,41.869638,0.000000,16.044568
12157,6932.386159,0.000000,53.000000,41.368245,0.000000,8.523677
12158,6932.386159,0.000000,53.000000,40.866852,0.000000,1.002786
12159,6932.386159,0.000000,53.000000,40.365460,0.000000,353.481894
12160,6932.386159,0.000000,53.000000,39.864067,0.000000,345.961003
12161,6932.386159,0.000000,53.000000,39.362674,0.000000,338.440111
12162,6932.386159,0.000000,53.000000,38.861281,0.000000,330.919220
12163,6932.386159,0.000000,53.000000,38.359889,0.000000,323.398329
12164,6932.386159,0.000000,53.000000,37.858496,0.000000,315.877437
12165,6932.386159,0.000000,53.000000,37.357103,0.000000,308.356546
12166,6932.386159,0.000000,53.000000,36.855710,0.000000,300.835655
12167,6932.386159,0.000000,53.000000,36.354318,0.000000,293.314763
12168,6932.386159,0.000000,53.000000,35.852925,0.000000,285.793872
12169,6932.386159,0.000000,53.000000,35.351532,0.000000,278.272981
12170,6932.386159,0.000000,53.000000,34.850139,0.000000,270.752089
12171,6932.386159,0.000000,53.000000,34.348747,0.000000,263.231198
12172,6932.386159,0.000000,53.000000,33.847354,0.000000,255.710306
12173,6932.386159,0.000000,53.000000,33.345961,0.000000,248.189415
12174,6932.386159,0.000000,53.000000,32.844568,0.000000,240.668524
12175,6932.386159,0.000000,53.000000,32.343175,0.000000,233.147632
12176,6932.386159,0.000000,53.000000,31.841783,0.000000,225.626741
12177,6932.386159,0.000000,53.000000,31.340390,0.000000,218.105850
12178,6932.386159,0.000000,53.000000,30.838997,0.000000,210.584958
12179,6932.386159,0.000000,53.000000,30.337604,0.000000,203.064067
12180,6932.386159,0.000000,53.000000,29.836212,0.000000,195.543175
12181,6932.386159,0.000000,53.000000,29.334819,0.000000,188.022284
12182,6932.386159,0.000000,53.000000,28.833426,0.000000,180.501393
12183,6932.386159,0.000000,53.000000,28.332033,0.000000,172.980501
12184,6932.386159,0.000000,53.000000,27.830641,0.000000,165.459610
12185,6932.386159,0.000000,53.000000,27.329248,0.000000,157.938719
12186,6932.386159,0.000000,53.000000,26.827855,0.000000,150.417827
12187,6932.386159,0.000000,53.000000,26.326462,0.000000,142.896936
12188,6932.386159,0.000000,53.000000,25.825070,0.000000,135.376045
12189,6932.386159,0.000000,53.000000,25.323677,0.000000,127.855153
12190,6932.386159,0.000000,53.000000,24.822284,0.000000,120.334262
12191,6932.386159,0.000000,53.000000,24.320891,0.000000,112.813370
12192,6932.386159,0.000000,53.000000,23.819499,0.000000,105.292479
12193,6932.386159,0.000000,53.000000,23.318106,0.000000,97.771588
12194,6932.386159,0.000000,53.000000,22.816713,0.000000,90.250696
12195,6932.386159,0.000000,53.000000,22.315320,0.000000,82.729805
12196,6932.386159,0.000000,53.000000,21.813928,0.000000,75.208914
12197,6932.386159,0.000000,53.000000,21.312535,0.000000,67.688022
12198,6932.386159,0.000000,53.000000,20.811142,0.000000,60.167131
12199,6932.386159,0.000000,53.000000,20.309749,0.000000,52.646240
12200,6932.386159,0.000000,53.000000,19.808357,0.000000,45.125348
12201,6932.386159,0.000000,53.000000,19.306964,0.000000,37.604457
12202,6932.386159,0.000000,53.000000,18.805571,0.000000,30.083565
12203,6932.386159,0.000000,53.000000,18.304178,0.000000,22.562674
12204,6932.386159,0.000000,53.000000,17.802786,0.000000,15.041783
12205,6932.386159,0.000000,53.000000,17.301393,0.000000,7.520891
12206,6932.386159,0.000000,54.000000,21.600000,0.000000,0.000000
12207,6932.386159,0.000000,54.000000,21.098607,0.000000,352.479109
12208,6932.386159,0.000000,54.000000,20.597214,0.000000,344.958217
12209,6932.386159,0.000000,54.000000,20.095822,0.000000,337.437326
12210,6932.386159,0.000000,54.000000,19.594429,0.000000,329.916435
12211,6932.386159,0.000000,54.000000,19.093036,0.000000,322.395543
12212,6932.386159,0.000000,54.000000,18.591643,0.000000,314.874652
12213,6932.386159,0.000000,54.000000,18.090251,0.000000,307.353760
12214,6932.386159,0.000000,54.000000,17.588858,0.000000,299.832869
12215,6932.386159,0.000000,54.000000,17.087465,0.000000,292.311978
12216,6932.386159,0.000000,54.000000,16.586072,0.000000,284.791086
12217,6932.386159,0.000000,54.000000,16.084680,0.000000,277.270195
12218,6932.386159,0.000000,54.000000,15.583287,0.000000,269.749304
12219,6932.386159,0.000000,54.000000,15.081894,0.000000,262.228412
12220,6932.386159,0.000000,54.000000,14.580501,0.000000,254.707521
12221,6932.386159,0.000000,54.000000,14.079109,0.000000,247.186630
12222,6932.386159,0.000000,54.000000,13.577716,0.000000,239.665738
12223,6932.386159,0.000000,54.000000,13.076323,0.000000,232.144847
12224,6932.386159,0.000000,54.000000,12.574930,0.000000,224.623955
12225,6932.386159,0.000000,54.000000,12.073538,0.000000,217.103064
12226,6932.386159,0.000000,54.000000,11.572145,0.000000,209.582173
12227,6932.386159,0.000000,54.000000,11.070752,0.000000,202.061281
12228,6932.386159,0.000000,54.000000,10.569359,0.000000,194.540390
12229,6932.386159,0.000000,54.000000,10.067967,0.000000,187.019499
12230,6932.386159,0.000000,54.000000,9.566574,0.000000,179.498607
12231,6932.386159,0.000000,54.000000,9.065181,0.000000,171.977716
12232,6932.386159,0.000000,54.000000,8.563788,0.000000,164.456825
12233,6932.386159,0.000000,54.000000,8.062396,0.000000,156.935933
12234,6932.386159,0.000000,54.000000,7.561003,0.000000,149.415042
12235,6932.386159,0.000000,54.000000,7.059610,0.000000,141.894150
12236,6932.386159,0.000000,54.000000,6.558217,0.000000,134.373259
12237,6932.386159,0.000000,54.000000,6.056825,0.000000,126.852368
12238,6932.386159,0.000000,54.000000,5.555432,0.000000,119.331476
12239,6932.386159,0.000000,54.000000,5.054039,0.000000,111.810585
12240,6932.386159,0.000000,54.000000,4.552646,0.000000,104.289694
12241,6932.386159,0.000000,54.000000,4.051253,0.000000,96.768802
12242,6932.386159,0.000000,54.000000,3.549861,0.000000,89.247911
12243,6932.386159,0.000000,54.000000,3.048468,0.000000,81.727019
12244,6932.386159,0.000000,54.000000,2.547075,0.000000,74.206128
12245,6932.386159,0.000000,54.000000,2.045682,0.000000,66.685237
12246,6932.386159,0.000000,54.000000,1.544290,0.000000,59.164345
12247,6932.386159,0.000000,54.000000,1.042897,0.000000,51.643454
12248,6932.386159,0.000000,54.000000,0.541504,0.000000,44.122563
12249,6932.386159,0.000000,54.000000,0.040111,0.000000,36.601671
12250,6932.386159,0.000000,54.000000,359.538719,0.000000,29.080780
12251,6932.386159,0.000000,54.000000,359.037326,0.000000,21.559889
12252,6932.386159,0.000000,54.000000,358.535933,0.000000,14.038997
12253,6932.386159,0.000000,54.000000,358.034540,0.000000,6.518106
12254,6932.386159,0.000000,54.000000,357.533148,0.000000,358.997214
12255,6932.386159,0.000000,54.000000,357.031755,0.000000,351.476323
12256,6932.386159,0.000000,54.000000,356.530362,0.000000,343.955432
12257,6932.386159,0.000000,54.000000,356.028969,0.000000,336.434540
12258,6932.386159,0.000000,54.000000,355.527577,0.000000,328.913649
12259,6932.386159,0.000000,54.000000,355.026184,0.000000,321.392758
12260,6932.386159,0.000000,54.000000,354.524791,0.000000,313.871866
12261,6932.386159,0.000000,54.000000,354.023398,0.000000,306.350975
12262,6932.386159,0.000000,54.000000,353.522006,0.000000,298.830084
12263,6932.386159,0.000000,54.000000,353.020613,0.000000,291.309192
12264,6932.386159,0.000000,54.000000,352.519220,0.000000,283.788301
12265,6932.386159,0.000000,54.000000,352.017827,0.000000,276.267409
12266,6932.386159,0.000000,54.000000,351.516435,0.000000,268.746518
12267,6932.386159,0.000000,54.000000,351.015042,0.000000,261.225627
12268,6932.386159,0.000000,54.000000,350.513649,0.000000,253.704735
12269,6932.386159,0.000000,54.000000,350.012256,0.000000,246.183844
12270,6932.386159,0.000000,54.000000,349.510864,0.000000,238.662953
12271,6932.386159,0.000000,54.000000,349.009471,0.000000,231.142061
12272,6932.386159,0.000000,54.000000,348.508078,0.000000,223.621170
12273,6932.386159,0.000000,54.000000,348.006685,0.000000,216.100279
12274,6932.386159,0.000000,54.000000,347.505292,0.000000,208.579387
12275,6932.386159,0.000000,54.000000,347.003900,0.000000,201.058496
12276,6932.386159,0.000000,54.000000,346.502507,0.000000,193.537604
12277,6932.386159,0.000000,54.000000,346.001114,0.000000,186.016713
12278,6932.386159,0.000000,54.000000,345.499721,0.000000,178.495822
12279,6932.386159,0.000000,54.000000,344.998329,0.000000,170.974930
12280,6932.386159,0.000000,54.000000,344.496936,0.000000,163.454039
12281,6932.386159,0.000000,54.000000,343.995543,0.000000,155.933148
12282,6932.386159,0.000000,54.000000,343.494150,0.000000,148.412256
12283,6932.386159,0.000000,54.000000,342.992758,0.000000,140.891365
12284,6932.386159,0.000000,54.000000,342.491365,0.000000,133.370474
12285,6932.386159,0.000000,54.000000,341.989972,0.000000,125.849582
12286,6932.386159,0.000000,54.000000,341.488579,0.000000,118.328691
12287,6932.386159,0.000000,54.000000,340.987187,0.000000,110.807799
12288,6932.386159,0.000000,54.000000,340.485794,0.000000,103.286908
12289,6932.386159,0.000000,54.000000,339.984401,0.000000,95.766017
12290,6932.386159,0.000000,54.000000,339.483008,0.000000,88.245125
12291,6932.386159,0.000000,54.000000,338.981616,0.000000,80.724234
12292,6932.386159,0.000000,54.000000,338.480223,0.000000,73.203343
12293,6932.386159,0.000000,54.000000,337.978830,0.000000,65.682451
12294,6932.386159,0.000000,54.000000,337.477437,0.000000,58.161560
12295,6932.386159,0.000000,54.000000,336.976045,0.000000,50.640669
12296,6932.386159,0.000000,54.000000,336.474652,0.000000,43.119777
12297,6932.386159,0.000000,54.000000,335.973259,0.000000,35.598886
12298,6932.386159,0.000000,54.000000,335.471866,0.000000,28.077994
12299,6932.386159,0.000000,54.000000,334.970474,0.000000,20.557103
12300,6932.386159,0.000000,54.000000,334.469081,0.000000,13.036212
12301,6932.386159,0.000000,54.000000,333.967688,0.000000,5.515320
12302,6932.386159,0.000000,54.000000,333.466295,0.000000,357.994429
12303,6932.386159,0.000000,54.000000,332.964903,0.000000,350.473538
12304,6932.386159,0.000000,54.000000,332.463510,0.000000,342.952646
12305,6932.386159,0.000000,54.000000,331.962117,0.000000,335.431755
12306,6932.386159,0.000000,54.000000,331.460724,0.000000,327.910864
12307,6932.386159,0.000000,54.000000,330.959331,0.000000,320.389972
12308,6932.386159,0.000000,54.000000,330.457939,0.000000,312.869081
12309,6932.386159,0.000000,54.000000,329.956546,0.000000,305.348189
12310,6932.386159,0.000000,54.000000,329.455153,0.000000,297.827298
12311,6932.386159,0.000000,54.000000,328.953760,0.000000,290.306407
12312,6932.386159,0.000000,54.000000,328.452368,0.000000,282.785515
12313,6932.386159,0.000000,54.000000,327.950975,0.000000,275.264624
12314,6932.386159,0.000000,54.000000,327.449582,0.000000,267.743733
12315,6932.386159,0.000000,54.000000,326.948189,0.000000,260.222841
12316,6932.386159,0.000000,54.000000,326.446797,0.000000,252.701950
12317,6932.386159,0.000000,54.000000,325.945404,0.000000,245.181058
12318,6932.386159,0.000000,54.000000,325.444011,0.000000,237.660167
12319,6932.386159,0.000000,54.000000,324.942618,0.000000,230.139276
12320,6932.386159,0.000000,54.000000,324.441226,0.000000,222.618384
12321,6932.386159,0.000000,54.000000,323.939833,0.000000,215.097493
12322,6932.386159,0.000000,54.000000,323.438440,0.000000,207.576602
12323,6932.386159,0.000000,54.000000,322.937047,0.000000,200.055710
12324,6932.386159,0.000000,54.000000,322.435655,0.000000,192.534819
12325,6932.386159,0.000000,54.000000,321.934262,0.000000,185.013928
12326,6932.386159,0.000000,54.000000,321.432869,0.000000,177.493036
12327,6932.386159,0.000000,54.000000,320.931476,0.000000,169.972145
12328,6932.386159,0.000000,54.000000,320.430084,0.000000,162.451253
12329,6932.386159,0.000000,54.000000,319.928691,0.000000,154.930362
12330,6932.386159,0.000000,54.000000,319.427298,0.000000,147.409471
12331,6932.386159,0.000000,54.000000,318.925905,0.000000,139.888579
12332,6932.386159,0.000000,54.000000,318.424513,0.000000,132.367688
12333,6932.386159,0.000000,54.000000,317.923120,0.000000,124.846797
12334,6932.386159,0.000000,54.000000,317.421727,0.000000,117.325905
12335,6932.386159,0.000000,54.000000,316.920334,0.000000,109.805014
12336,6932.386159,0.000000,54.000000,316.418942,0.000000,102.284123
12337,6932.386159,0.000000,54.000000,315.917549,0.000000,94.763231
12338,6932.386159,0.000000,54.000000,315.416156,0.000000,87.242340
12339,6932.386159,0.000000,54.000000,314.914763,0.000000,79.721448
12340,6932.386159,0.000000,54.000000,314.413370,0.000000,72.200557
12341,6932.386159,0.000000,54.000000,313.911978,0.000000,64.679666
12342,6932.386159,0.000000,54.000000,313.410585,0.000000,57.158774
12343,6932.386159,0.000000,54.000000,312.909192,0.000000,49.637883
12344,6932.386159,0.000000,54.000000,312.407799,0.000000,42.116992
12345,6932.386159,0.000000,54.000000,311.906407,0.000000,34.596100
12346,6932.386159,0.000000,54.000000,311.405014,0.000000,27.075209
12347,6932.386159,0.000000,54.000000,310.903621,0.000000,19.554318
12348,6932.386159,0.000000,54.000000,310.402228,0.000000,12.033426
12349,6932.386159,0.000000,54.000000,309.900836,0.000000,4.512535
12350,6932.386159,0.000000,54.000000,309.399443,0.000000,356.991643
12351,6932.386159,0.000000,54.000000,308.898050,0.000000,349.470752
12352,6932.386159,0.000000,54.000000,308.396657,0.000000,341.949861
12353,6932.386159,0.000000,54.000000,307.895265,0.000000,334.428969
12354,6932.386159,0.000000,54.000000,307.393872,0.000000,326.908078
12355,6932.386159,0.000000,54.000000,306.892479,0.000000,319.387187
12356,6932.386159,0.000000,54.000000,306.391086,0.000000,311.866295
12357,6932.386159,0.000000,54.000000,305.889694,0.000000,304.345404
12358,6932.386159,0.000000,54.000000,305.388301,0.000000,296.824513
12359,6932.386159,0.000000,54.000000,304.886908,0.000000,289.303621
12360,6932.386159,0.000000,54.000000,304.385515,0.000000,281.782730
12361,6932.386159,0.000000,54.000000,303.884123,0.000000,274.261838
12362,6932.386159,0.000000,54.000000,303.382730,0.000000,266.740947
12363,6932.386159,0.000000,54.000000,302.881337,0.000000,259.220056
12364,6932.386159,0.000000,54.000000,302.379944,0.000000,251.699164
12365,6932.386159,0.000000,54.000000,301.878552,0.000000,244.178273
12366,6932.386159,0.000000,54.000000,301.377159,0.000000,236.657382
12367,6932.386159,0.000000,54.000000,300.875766,0.000000,229.136490
12368,6932.386159,0.000000,54.000000,300.374373,0.000000,221.615599
12369,6932.386159,0.000000,54.000000,299.872981,0.000000,214.094708
12370,6932.386159,0.000000,54.000000,299.371588,0.000000,206.573816
12371,6932.386159,0.000000,54.000000,298.870195,0.000000,199.052925
12372,6932.386159,0.000000,54.000000,298.368802,0.000000,191.532033
12373,6932.386159,0.000000,54.000000,297.867409,0.000000,184.011142
12374,6932.386159,0.000000,54.000000,297.366017,0.000000,176.490251
12375,6932.386159,0.000000,54.000000,296.864624,0.000000,168.969359
12376,6932.386159,0.000000,54.000000,296.363231,0.000000,161.448468
12377,6932.386159,0.000000,54.000000,295.861838,0.000000,153.927577
12378,6932.386159,0.000000,54.000000,295.360446,0.000000,146.406685
12379,6932.386159,0.000000,54.000000,294.859053,0.000000,138.885794
12380,6932.386159,0.000000,54.000000,294.357660,0.000000,131.364903
12381,6932.386159,0.000000,54.000000,293.856267,0.000000,123.844011
12382,6932.386159,0.000000,54.000000,293.354875,0.000000,116.323120
12383,6932.386159,0.000000,54.000000,292.853482,0.000000,108.802228
12384,6932.386159,0.000000,54.000000,292.352089,0.000000,101.281337
12385,6932.386159,0.000000,54.000000,291.850696,0.000000,93.760446
12386,6932.386159,0.000000,54.000000,291.349304,0.000000,86.239554
12387,6932.386159,0.000000,54.000000,290.847911,0.000000,78.718663
12388,6932.386159,0.000000,54.000000,290.346518,0.000000,71.197772
12389,6932.386159,0.000000,54.000000,289.845125,0.000000,63.676880
12390,6932.386159,0.000000,54.000000,289.343733,0.000000,56.155989
12391,6932.386159,0.000000,54.000000,288.842340,0.000000,48.635097
12392,6932.386159,0.000000,54.000000,288.340947,0.000000,41.114206
12393,6932.386159,0.000000,54.000000,287.839554,0.000000,33.593315
12394,6932.386159,0.000000,54.000000,287.338162,0.000000,26.072423
12395,6932.386159,0.000000,54.000000,286.836769,0.000000,18.551532
12396,6932.386159,0.000000,54.000000,286.335376,0.000000,11.030641
12397,6932.386159,0.000000,54.000000,285.833983,0.000000,3.509749
12398,6932.386159,0.000000,54.000000,285.332591,0.000000,355.988858
12399,6932.386159,0.000000,54.000000,284.831198,0.000000,348.467967
12400,6932.386159,0.000000,54.000000,284.329805,0.000000,340.947075
12401,6932.386159,0.000000,54.000000,283.828412,0.000000,333.426184
12402,6932.386159,0.000000,54.000000,283.327019,0.000000,325.905292
12403,6932.386159,0.000000,54.000000,282.825627,0.000000,318.384401
12404,6932.386159,0.000000,54.000000,282.324234,0.000000,310.863510
12405,6932.386159,0.000000,54.000000,281.822841,0.000000,303.342618
12406,6932.386159,0.000000,54.000000,281.321448,0.000000,295.821727
12407,6932.386159,0.000000,54.000000,280.820056,0.000000,288.300836
12408,6932.386159,0.000000,54.000000,280.318663,0.000000,280.779944
12409,6932.386159,0.000000,54.000000,279.817270,0.000000,273.259053
12410,6932.386159,0.000000,54.000000,279.315877,0.000000,265.738162
12411,6932.386159,0.000000,54.000000,278.814485,0.000000,258.217270
12412,6932.386159,0.000000,54.000000,278.313092,0.000000,250.696379
12413,6932.386159,0.000000,54.000000,277.811699,0.000000,243.175487
12414,6932.386159,0.000000,54.000000,277.310306,0.000000,235.654596
12415,6932.386159,0.000000,54.000000,276.808914,0.000000,228.133705
12416,6932.386159,0.000000,54.000000,276.307521,0.000000,220.612813
12417,6932.386159,0.000000,54.000000,275.806128,0.000000,213.091922
12418,6932.386159,0.000000,54.000000,275.304735,0.000000,205.571031
12419,6932.386159,0.000000,54.000000,274.803343,0.000000,198.050139
12420,6932.386159,0.000000,54.000000,274.301950,0.000000,190.529248
12421,6932.386159,0.000000,54.000000,273.800557,0.000000,183.008357
12422,6932.386159,0.000000,54.000000,273.299164,0.000000,175.487465
12423,6932.386159,0.000000,54.000000,272.797772,0.000000,167.966574
12424,6932.386159,0.000000,54.000000,272.296379,0.000000,160.445682
12425,6932.386159,0.000000,54.000000,271.794986,0.000000,152.924791
12426,6932.386159,0.000000,54.000000,271.293593,0.000000,145.403900
12427,6932.386159,0.000000,54.000000,270.792201,0.000000,137.883008
12428,6932.386159,0.000000,54.000000,270.290808,0.000000,130.362117
12429,6932.386159,0.000000,54.000000,269.789415,0.000000,122.841226
12430,6932.386159,0.000000,54.000000,269.288022,0.000000,115.320334
12431,6932.386159,0.000000,54.000000,268.786630,0.000000,107.799443
12432,6932.386159,0.000000,54.000000,268.285237,0.000000,100.278552
12433,6932.386159,0.000000,54.000000,267.783844,0.000000,92.757660
12434,6932.386159,0.000000,54.000000,267.282451,0.000000,85.236769
12435,6932.386159,0.000000,54.000000,266.781058,0.000000,77.715877
12436,6932.386159,0.000000,54.000000,266.279666,0.000000,70.194986
12437,6932.386159,0.000000,54.000000,265.778273,0.000000,62.674095
12438,6932.386159,0.000000,54.000000,265.276880,0.000000,55.153203
12439,6932.386159,0.000000,54.000000,264.775487,0.000000,47.632312
12440,6932.386159,0.000000,54.000000,264.274095,0.000000,40.111421
12441,6932.386159,0.000000,54.000000,263.772702,0.000000,32.590529
12442,6932.386159,0.000000,54.000000,263.271309,0.000000,25.069638
12443,6932.386159,0.000000,54.000000,262.769916,0.000000,17.548747
12444,6932.386159,0.000000,54.000000,262.268524,0.000000,10.027855
12445,6932.386159,0.000000,54.000000,261.767131,0.000000,2.506964
12446,6932.386159,0.000000,54.000000,261.265738,0.000000,354.986072
12447,6932.386159,0.000000,54.000000,260.764345,0.000000,347.465181
12448,6932.386159,0.000000,54.000000,260.262953,0.000000,339.944290
12449,6932.386159,0.000000,54.000000,259.761560,0.000000,332.423398
12450,6932.386159,0.000000,54.000000,259.260167,0.000000,324.902507
12451,6932.386159,0.000000,54.000000,258.758774,0.000000,317.381616
12452,6932.386159,0.000000,54.000000,258.257382,0.000000,309.860724
12453,6932.386159,0.000000,54.000000,257.755989,0.000000,302.339833
12454,6932.386159,0.000000,54.000000,257.254596,0.000000,294.818942
12455,6932.386159,0.000000,54.000000,256.753203,0.000000,287.298050
12456,6932.386159,0.000000,54.000000,256.251811,0.000000,279.777159
12457,6932.386159,0.000000,54.000000,255.750418,0.000000,272.256267
12458,6932.386159,0.000000,54.000000,255.249025,0.000000,264.735376
12459,6932.386159,0.000000,54.000000,254.747632,0.000000,257.214485
12460,6932.386159,0.000000,54.000000,254.246240,0.000000,249.693593
12461,6932.386159,0.000000,54.000000,253.744847,0.000000,242.172702
12462,6932.386159,0.000000,54.000000,253.243454,0.000000,234.651811
12463,6932.386159,0.000000,54.000000,252.742061,0.000000,227.130919
12464,6932.386159,0.000000,54.000000,252.240669,0.000000,219.610028
12465,6932.386159,0.000000,54.000000,251.739276,0.000000,212.089136
12466,6932.386159,0.000000,54.000000,251.237883,0.000000,204.568245
12467,6932.386159,0.000000,54.000000,250.736490,0.000000,197.047354
12468,6932.386159,0.000000,54.000000,250.235097,0.000000,189.526462
12469,6932.386159,0.000000,54.000000,249.733705,0.000000,182.005571
12470,6932.386159,0.000000,54.000000,249.232312,0.000000,174.484680
12471,6932.386159,0.000000,54.000000,248.730919,0.000000,166.963788
12472,6932.386159,0.000000,54.000000,248.229526,0.000000,159.442897
12473,6932.386159,0.000000,54.000000,247.728134,0.000000,151.922006
12474,6932.386159,0.000000,54.000000,247.226741,0.000000,144.401114
12475,6932.386159,0.000000,54.000000,246.725348,0.000000,136.880223
12476,6932.386159,0.000000,54.000000,246.223955,0.000000,129.359331
12477,6932.386159,0.000000,54.000000,245.722563,0.000000,121.838440
12478,6932.386159,0.000000,54.000000,245.221170,0.000000,114.317549
12479,6932.386159,0.000000,54.000000,244.719777,0.000000,106.796657
12480,6932.386159,0.000000,54.000000,244.218384,0.000000,99.275766
12481,6932.386159,0.000000,54.000000,243.716992,0.000000,91.754875
12482,6932.386159,0.000000,54.000000,243.215599,0.000000,84.233983
12483,6932.386159,0.000000,54.000000,242.714206,0.000000,76.713092
12484,6932.386159,0.000000,54.000000,242.212813,0.000000,69.192201
12485,6932.386159,0.000000,54.000000,241.711421,0.000000,61.671309
12486,6932.386159,0.000000,54.000000,241.210028,0.000000,54.150418
12487,6932.386159,0.000000,54.000000,240.708635,0.000000,46.629526
12488,6932.386159,0.000000,54.000000,240.207242,0.000000,39.108635
12489,6932.386159,0.000000,54.000000,239.705850,0.000000,31.587744
12490,6932.386159,0.000000,54.000000,239.204457,0.000000,24.066852
12491,6932.386159,0.000000,54.000000,238.703064,0.000000,16.545961
12492,6932.386159,0.000000,54.000000,238.201671,0.000000,9.025070
12493,6932.386159,0.000000,54.000000,237.700279,0.000000,1.504178
12494,6932.386159,0.000000,54.000000,237.198886,0.000000,353.983287
12495,6932.386159,0.000000,54.000000,236.697493,0.000000,346.462396
12496,6932.386159,0.000000,54.000000,236.196100,0.000000,338.941504
12497,6932.386159,0.000000,54.000000,235.694708,0.000000,331.420613
12498,6932.386159,0.000000,54.000000,235.193315,0.000000,323.899721
12499,6932.386159,0.000000,54.000000,234.691922,0.000000,316.378830
12500,6932.386159,0.000000,54.000000,234.190529,0.000000,308.857939
12501,6932.386159,0.000000,54.000000,233.689136,0.000000,301.337047
12502,6932.386159,0.000000,54.000000,233.187744,0.000000,293.816156
12503,6932.386159,0.000000,54.000000,232.686351,0.000000,286.295265
12504,6932.386159,0.000000,54.000000,232.184958,0.000000,278.774373
12505,6932.386159,0.000000,54.000000,231.683565,0.000000,271.253482
12506,6932.386159,0.000000,54.000000,231.182173,0.000000,263.732591
12507,6932.386159,0.000000,54.000000,230.680780,0.000000,256.211699
12508,6932.386159,0.000000,54.000000,230.179387,0.000000,248.690808
12509,6932.386159,0.000000,54.000000,229.677994,0.000000,241.169916
12510,6932.386159,0.000000,54.000000,229.176602,0.000000,233.649025
12511,6932.386159,0.000000,54.000000,228.675209,0.000000,226.128134
12512,6932.386159,0.000000,54.000000,228.173816,0.000000,218.607242
12513,6932.386159,0.000000,54.000000,227.672423,0.000000,211.086351
12514,6932.386159,0.000000,54.000000,227.171031,0.000000,203.565460
12515,6932.386159,0.000000,54.000000,226.669638,0.000000,196.044568
12516,6932.386159,0.000000,54.000000,226.168245,0.000000,188.523677
12517,6932.386159,0.000000,54.000000,225.666852,0.000000,181.002786
12518,6932.386159,0.000000,54.000000,225.165460,0.000000,173.481894
12519,6932.386159,0.000000,54.000000,224.664067,0.000000,165.961003
12520,6932.386159,0.000000,54.000000,224.162674,0.000000,158.440111
12521,6932.386159,0.000000,54.000000,223.661281,0.000000,150.919220
12522,6932.386159,0.000000,54.000000,223.159889,0.000000,143.398329
12523,6932.386159,0.000000,54.000000,222.658496,0.000000,135.877437
12524,6932.386159,0.000000,54.000000,222.157103,0.000000,128.356546
12525,6932.386159,0.000000,54.000000,221.655710,0.000000,120.835655
12526,6932.386159,0.000000,54.000000,221.154318,0.000000,113.314763
12527,6932.386159,0.000000,54.000000,220.652925,0.000000,105.793872
12528,6932.386159,0.000000,54.000000,220.151532,0.000000,98.272981
12529,6932.386159,0.000000,54.000000,219.650139,0.000000,90.752089
12530,6932.386159,0.000000,54.000000,219.148747,0.000000,83.231198
12531,6932.386159,0.000000,54.000000,218.647354,0.000000,75.710306
12532,6932.386159,0.000000,54.000000,218.145961,0.000000,68.189415
12533,6932.386159,0.000000,54.000000,217.644568,0.000000,60.668524
12534,6932.386159,0.000000,54.000000,217.143175,0.000000,53.147632
12535,6932.386159,0.000000,54.000000,216.641783,0.000000,45.626741
12536,6932.386159,0.000000,54.000000,216.140390,0.000000,38.105850
12537,6932.386159,0.000000,54.000000,215.638997,0.000000,30.584958
12538,6932.386159,0.000000,54.000000,215.137604,0.000000,23.064067
12539,6932.386159,0.000000,54.000000,214.636212,0.000000,15.543175
12540,6932.386159,0.000000,54.000000,214.134819,0.000000,8.022284
12541,6932.386159,0.000000,54.000000,213.633426,0.000000,0.501393
12542,6932.386159,0.000000,54.000000,213.132033,0.000000,352.980501
12543,6932.386159,0.000000,54.000000,212.630641,0.000000,345.459610
12544,6932.386159,0.000000,54.000000,212.129248,0.000000,337.938719
12545,6932.386159,0.000000,54.000000,211.627855,0.000000,330.417827
12546,6932.386159,0.000000,54.000000,211.126462,0.000000,322.896936
12547,6932.386159,0.000000,54.000000,210.625070,0.000000,315.376045
12548,6932.386159,0.000000,54.000000,210.123677,0.000000,307.855153
12549,6932.386159,0.000000,54.000000,209.622284,0.000000,300.334262
12550,6932.386159,0.000000,54.000000,209.120891,0.000000,292.813370
12551,6932.386159,0.000000,54.000000,208.619499,0.000000,285.292479
12552,6932.386159,0.000000,54.000000,208.118106,0.000000,277.771588
12553,6932.386159,0.000000,54.000000,207.616713,0.000000,270.250696
12554,6932.386159,0.000000,54.000000,207.115320,0.000000,262.729805
12555,6932.386159,0.000000,54.000000,206.613928,0.000000,255.208914
12556,6932.386159,0.000000,54.000000,206.112535,0.000000,247.688022
12557,6932.386159,0.000000,54.000000,205.611142,0.000000,240.167131
12558,6932.386159,0.000000,54.000000,205.109749,0.000000,232.646240
12559,6932.386159,0.000000,54.000000,204.608357,0.000000,225.125348
12560,6932.386159,0.000000,54.000000,204.106964,0.000000,217.604457
12561,6932.386159,0.000000,54.000000,203.605571,0.000000,210.083565
12562,6932.386159,0.000000,54.000000,203.104178,0.000000,202.562674
12563,6932.386159,0.000000,54.000000,202.602786,0.000000,195.041783
12564,6932.386159,0.000000,54.000000,202.101393,0.000000,187.520891
12565,6932.386159,0.000000,54.000000,201.600000,0.000000,180.000000
12566,6932.386159,0.000000,54.000000,201.098607,0.000000,172.479109
12567,6932.386159,0.000000,54.000000,200.597214,0.000000,164.958217
12568,6932.386159,0.000000,54.000000,200.095822,0.000000,157.437326
12569,6932.386159,0.000000,54.000000,199.594429,0.000000,149.916435
12570,6932.386159,0.000000,54.000000,199.093036,0.000000,142.395543
12571,6932.386159,0.000000,54.000000,198.591643,0.000000,134.874652
12572,6932.386159,0.000000,54.000000,198.090251,0.000000,127.353760
12573,6932.386159,0.000000,54.000000,197.588858,0.000000,119.832869
12574,6932.386159,0.000000,54.000000,197.087465,0.000000,112.311978
12575,6932.386159,0.000000,54.000000,196.586072,0.000000,104.791086
12576,6932.386159,0.000000,54.000000,196.084680,0.000000,97.270195
12577,6932.386159,0.000000,54.000000,195.583287,0.000000,89.749304
12578,6932.386159,0.000000,54.000000,195.081894,0.000000,82.228412
12579,6932.386159,0.000000,54.000000,194.580501,0.000000,74.707521
12580,6932.386159,0.000000,54.000000,194.079109,0.000000,67.186630
12581,6932.386159,0.000000,54.000000,193.577716,0.000000,59.665738
12582,6932.386159,0.000000,54.000000,193.076323,0.000000,52.144847
12583,6932.386159,0.000000,54.000000,192.574930,0.000000,44.623955
12584,6932.386159,0.000000,54.000000,192.073538,0.000000,37.103064
12585,6932.386159,0.000000,54.000000,191.572145,0.000000,29.582173
12586,6932.386159,0.000000,54.000000,191.070752,0.000000,22.061281
12587,6932.386159,0.000000,54.000000,190.569359,0.000000,14.540390
12588,6932.386159,0.000000,54.000000,190.067967,0.000000,7.019499
12589,6932.386159,0.000000,54.000000,189.566574,0.000000,359.498607
12590,6932.386159,0.000000,54.000000,189.065181,0.000000,351.977716
12591,6932.386159,0.000000,54.000000,188.563788,0.000000,344.456825
12592,6932.386159,0.000000,54.000000,188.062396,0.000000,336.935933
12593,6932.386159,0.000000,54.000000,187.561003,0.000000,329.415042
12594,6932.386159,0.000000,54.000000,187.059610,0.000000,321.894150
12595,6932.386159,0.000000,54.000000,186.558217,0.000000,314.373259
12596,6932.386159,0.000000,54.000000,186.056825,0.000000,306.852368
12597,6932.386159,0.000000,54.000000,185.555432,0.000000,299.331476
12598,6932.386159,0.000000,54.000000,185.054039,0.000000,291.810585
12599,6932.386159,0.000000,54.000000,184.552646,0.000000,284.289694
12600,6932.386159,0.000000,54.000000,184.051253,0.000000,276.768802
12601,6932.386159,0.000000,54.000000,183.549861,0.000000,269.247911
12602,6932.386159,0.000000,54.000000,183.048468,0.000000,261.727019
12603,6932.386159,0.000000,54.000000,182.547075,0.000000,254.206128
12604,6932.386159,0.000000,54.000000,182.045682,0.000000,246.685237
12605,6932.386159,0.000000,54.000000,181.544290,0.000000,239.164345
12606,6932.386159,0.000000,54.000000,181.042897,0.000000,231.643454
12607,6932.386159,0.000000,54.000000,180.541504,0.000000,224.122563
12608,6932.386159,0.000000,54.000000,180.040111,0.000000,216.601671
12609,6932.386159,0.000000,54.000000,179.538719,0.000000,209.080780
12610,6932.386159,0.000000,54.000000,179.037326,0.000000,201.559889
12611,6932.386159,0.000000,54.000000,178.535933,0.000000,194.038997
12612,6932.386159,0.000000,54.000000,178.034540,0.000000,186.518106
12613,6932.386159,0.000000,54.000000,177.533148,0.000000,178.997214
12614,6932.386159,0.000000,54.000000,177.031755,0.000000,171.476323
12615,6932.386159,0.000000,54.000000,176.530362,0.000000,163.955432
12616,6932.386159,0.000000,54.000000,176.028969,0.000000,156.434540
12617,6932.386159,0.000000,54.000000,175.527577,0.000000,148.913649
12618,6932.386159,0.000000,54.000000,175.026184,0.000000,141.392758
12619,6932.386159,0.000000,54.000000,174.524791,0.000000,133.871866
12620,6932.386159,0.000000,54.000000,174.023398,0.000000,126.350975
12621,6932.386159,0.000000,54.000000,173.522006,0.000000,118.830084
12622,6932.386159,0.000000,54.000000,173.020613,0.000000,111.309192
12623,6932.386159,0.000000,54.000000,172.519220,0.000000,103.788301
12624,6932.386159,0.000000,54.000000,172.017827,0.000000,96.267409
12625,6932.386159,0.000000,54.000000,171.516435,0.000000,88.746518
12626,6932.386159,0.000000,54.000000,171.015042,0.000000,81.225627
12627,6932.386159,0.000000,54.000000,170.513649,0.000000,73.704735
12628,6932.386159,0.000000,54.000000,170.012256,0.000000,66.183844
12629,6932.386159,0.000000,54.000000,169.510864,0.000000,58.662953
12630,6932.386159,0.000000,54.000000,169.009471,0.000000,51.142061
12631,6932.386159,0.000000,54.000000,168.508078,0.000000,43.621170
12632,6932.386159,0.000000,54.000000,168.006685,0.000000,36.100279
12633,6932.386159,0.000000,54.000000,167.505292,0.000000,28.579387
12634,6932.386159,0.000000,54.000000,167.003900,0.000000,21.058496
12635,6932.386159,0.000000,54.000000,166.502507,0.000000,13.537604
12636,6932.386159,0.000000,54.000000,166.001114,0.000000,6.016713
12637,6932.386159,0.000000,54.000000,165.499721,0.000000,358.495822
12638,6932.386159,0.000000,54.000000,164.998329,0.000000,350.974930
12639,6932.386159,0.000000,54.000000,164.496936,0.000000,343.454039
12640,6932.386159,0.000000,54.000000,163.995543,0.000000,335.933148
12641,6932.386159,0.000000,54.000000,163.494150,0.000000,328.412256
12642,6932.386159,0.000000,54.000000,162.992758,0.000000,320.891365
12643,6932.386159,0.000000,54.000000,162.491365,0.000000,313.370474
12644,6932.386159,0.000000,54.000000,161.989972,0.000000,305.849582
12645,6932.386159,0.000000,54.000000,161.488579,0.000000,298.328691
12646,6932.386159,0.000000,54.000000,160.987187,0.000000,290.807799
12647,6932.386159,0.000000,54.000000,160.485794,0.000000,283.286908
12648,6932.386159,0.000000,54.000000,159.984401,0.000000,275.766017
12649,6932.386159,0.000000,54.000000,159.483008,0.000000,268.245125
12650,6932.386159,0.000000,54.000000,158.981616,0.000000,260.724234
12651,6932.386159,0.000000,54.000000,158.480223,0.000000,253.203343
12652,6932.386159,0.000000,54.000000,157.978830,0.000000,245.682451
12653,6932.386159,0.000000,54.000000,157.477437,0.000000,238.161560
12654,6932.386159,0.000000,54.000000,156.976045,0.000000,230.640669
12655,6932.386159,0.000000,54.000000,156.474652,0.000000,223.119777
12656,6932.386159,0.000000,54.000000,155.973259,0.000000,215.598886
12657,6932.386159,0.000000,54.000000,155.471866,0.000000,208.077994
12658,6932.386159,0.000000,54.000000,154.970474,0.000000,200.557103
12659,6932.386159,0.000000,54.000000,154.469081,0.000000,193.036212
12660,6932.386159,0.000000,54.000000,153.967688,0.000000,185.515320
12661,6932.386159,0.000000,54.000000,153.466295,0.000000,177.994429
12662,6932.386159,0.000000,54.000000,152.964903,0.000000,170.473538
12663,6932.386159,0.000000,54.000000,152.463510,0.000000,162.952646
12664,6932.386159,0.000000,54.000000,151.962117,0.000000,155.431755
12665,6932.386159,0.000000,54.000000,151.460724,0.000000,147.910864
12666,6932.386159,0.000000,54.000000,150.959331,0.000000,140.389972
12667,6932.386159,0.000000,54.000000,150.457939,0.000000,132.869081
12668,6932.386159,0.000000,54.000000,149.956546,0.000000,125.348189
12669,6932.386159,0.000000,54.000000,149.455153,0.000000,117.827298
12670,6932.386159,0.000000,54.000000,148.953760,0.000000,110.306407
12671,6932.386159,0.000000,54.000000,148.452368,0.000000,102.785515
12672,6932.386159,0.000000,54.000000,147.950975,0.000000,95.264624
12673,6932.386159,0.000000,54.000000,147.449582,0.000000,87.743733
12674,6932.386159,0.000000,54.000000,146.948189,0.000000,80.222841
12675,6932.386159,0.000000,54.000000,146.446797,0.000000,72.701950
12676,6932.386159,0.000000,54.000000,145.945404,0.000000,65.181058
12677,6932.386159,0.000000,54.000000,145.444011,0.000000,57.660167
12678,6932.386159,0.000000,54.000000,144.942618,0.000000,50.139276
12679,6932.386159,0.000000,54.000000,144.441226,0.000000,42.618384
12680,6932.386159,0.000000,54.000000,143.939833,0.000000,35.097493
12681,6932.386159,0.000000,54.000000,143.438440,0.000000,27.576602
12682,6932.386159,0.000000,54.000000,142.937047,0.000000,20.055710
12683,6932.386159,0.000000,54.000000,142.435655,0.000000,12.534819
12684,6932.386159,0.000000,54.000000,141.934262,0.000000,5.013928
12685,6932.386159,0.000000,54.000000,141.432869,0.000000,357.493036
12686,6932.386159,0.000000,54.000000,140.931476,0.000000,349.972145
12687,6932.386159,0.000000,54.000000,140.430084,0.000000,342.451253
12688,6932.386159,0.000000,54.000000,139.928691,0.000000,334.930362
12689,6932.386159,0.000000,54.000000,139.427298,0.000000,327.409471
12690,6932.386159,0.000000,54.000000,138.925905,0.000000,319.888579
12691,6932.386159,0.000000,54.000000,138.424513,0.000000,312.367688
12692,6932.386159,0.000000,54.000000,137.923120,0.000000,304.846797
12693,6932.386159,0.000000,54.000000,137.421727,0.000000,297.325905
12694,6932.386159,0.000000,54.000000,136.920334,0.000000,289.805014
12695,6932.386159,0.000000,54.000000,136.418942,0.000000,282.284123
12696,6932.386159,0.000000,54.000000,135.917549,0.000000,274.763231
12697,6932.386159,0.000000,54.000000,135.416156,0.000000,267.242340
12698,6932.386159,0.000000,54.000000,134.914763,0.000000,259.721448
12699,6932.386159,0.000000,54.000000,134.413370,0.000000,252.200557
12700,6932.386159,0.000000,54.000000,133.911978,0.000000,244.679666
12701,6932.386159,0.000000,54.000000,133.410585,0.000000,237.158774
12702,6932.386159,0.000000,54.000000,132.909192,0.000000,229.637883
12703,6932.386159,0.000000,54.000000,132.407799,0.000000,222.116992
12704,6932.386159,0.000000,54.000000,131.906407,0.000000,214.596100
12705,6932.386159,0.000000,54.000000,131.405014,0.000000,207.075209
12706,6932.386159,0.000000,54.000000,130.903621,0.000000,199.554318
12707,6932.386159,0.000000,54.000000,130.402228,0.000000,192.033426
12708,6932.386159,0.000000,54.000000,129.900836,0.000000,184.512535
12709,6932.386159,0.000000,54.000000,129.399443,0.000000,176.991643
12710,6932.386159,0.000000,54.000000,128.898050,0.000000,169.470752
12711,6932.386159,0.000000,54.000000,128.396657,0.000000,161.949861
12712,6932.386159,0.000000,54.000000,127.895265,0.000000,154.428969
12713,6932.386159,0.000000,54.000000,127.393872,0.000000,146.908078
12714,6932.386159,0.000000,54.000000,126.892479,0.000000,139.387187
12715,6932.386159,0.000000,54.000000,126.391086,0.000000,131.866295
12716,6932.386159,0.000000,54.000000,125.889694,0.000000,124.345404
12717,6932.386159,0.000000,54.000000,125.388301,0.000000,116.824513
12718,6932.386159,0.000000,54.000000,124.886908,0.000000,109.303621
12719,6932.386159,0.000000,54.000000,124.385515,0.000000,101.782730
12720,6932.386159,0.000000,54.000000,123.884123,0.000000,94.261838
12721,6932.386159,0.000000,54.000000,123.382730,0.000000,86.740947
12722,6932.386159,0.000000,54.000000,122.881337,0.000000,79.220056
12723,6932.386159,0.000000,54.000000,122.379944,0.000000,71.699164
12724,6932.386159,0.000000,54.000000,121.878552,0.000000,64.178273
12725,6932.386159,0.000000,54.000000,121.377159,0.000000,56.657382
12726,6932.386159,0.000000,54.000000,120.875766,0.000000,49.136490
12727,6932.386159,0.000000,54.000000,120.374373,0.000000,41.615599
12728,6932.386159,0.000000,54.000000,119.872981,0.000000,34.094708
12729,6932.386159,0.000000,54.000000,119.371588,0.000000,26.573816
12730,6932.386159,0.000000,54.000000,118.870195,0.000000,19.052925
12731,6932.386159,0.000000,54.000000,118.368802,0.000000,11.532033
12732,6932.386159,0.000000,54.000000,117.867409,0.000000,4.011142
12733,6932.386159,0.000000,54.000000,117.366017,0.000000,356.490251
12734,6932.386159,0.000000,54.000000,116.864624,0.000000,348.969359
12735,6932.386159,0.000000,54.000000,116.363231,0.000000,341.448468
12736,6932.386159,0.000000,54.000000,115.861838,0.000000,333.927577
12737,6932.386159,0.000000,54.000000,115.360446,0.000000,326.406685
12738,6932.386159,0.000000,54.000000,114.859053,0.000000,318.885794
12739,6932.386159,0.000000,54.000000,114.357660,0.000000,311.364903
12740,6932.386159,0.000000,54.000000,113.856267,0.000000,303.844011
12741,6932.386159,0.000000,54.000000,113.354875,0.000000,296.323120
12742,6932.386159,0.000000,54.000000,112.853482,0.000000,288.802228
12743,6932.386159,0.000000,54.000000,112.352089,0.000000,281.281337
12744,6932.386159,0.000000,54.000000,111.850696,0.000000,273.760446
12745,6932.386159,0.000000,54.000000,111.349304,0.000000,266.239554
12746,6932.386159,0.000000,54.000000,110.847911,0.000000,258.718663
12747,6932.386159,0.000000,54.000000,110.346518,0.000000,251.197772
12748,6932.386159,0.000000,54.000000,109.845125,0.000000,243.676880
12749,6932.386159,0.000000,54.000000,109.343733,0.000000,236.155989
12750,6932.386159,0.000000,54.000000,108.842340,0.000000,228.635097
12751,6932.386159,0.000000,54.000000,108.340947,0.000000,221.114206
12752,6932.386159,0.000000,54.000000,107.839554,0.000000,213.593315
12753,6932.386159,0.000000,54.000000,107.338162,0.000000,206.072423
12754,6932.386159,0.000000,54.000000,106.836769,0.000000,198.551532
12755,6932.386159,0.000000,54.000000,106.335376,0.000000,191.030641
12756,6932.386159,0.000000,54.000000,105.833983,0.000000,183.509749
12757,6932.386159,0.000000,54.000000,105.332591,0.000000,175.988858
12758,6932.386159,0.000000,54.000000,104.831198,0.000000,168.467967
12759,6932.386159,0.000000,54.000000,104.329805,0.000000,160.947075
12760,6932.386159,0.000000,54.000000,103.828412,0.000000,153.426184
12761,6932.386159,0.000000,54.000000,103.327019,0.000000,145.905292
12762,6932.386159,0.000000,54.000000,102.825627,0.000000,138.384401
12763,6932.386159,0.000000,54.000000,102.324234,0.000000,130.863510
12764,6932.386159,0.000000,54.000000,101.822841,0.000000,123.342618
12765,6932.386159,0.000000,54.000000,101.321448,0.000000,115.821727
12766,6932.386159,0.000000,54.000000,100.820056,0.000000,108.300836
12767,6932.386159,0.000000,54.000000,100.318663,0.000000,100.779944
12768,6932.386159,0.000000,54.000000,99.817270,0.000000,93.259053
12769,6932.386159,0.000000,54.000000,99.315877,0.000000,85.738162
12770,6932.386159,0.000000,54.000000,98.814485,0.000000,78.217270
12771,6932.386159,0.000000,54.000000,98.313092,0.000000,70.696379
12772,6932.386159,0.000000,54.000000,97.811699,0.000000,63.175487
12773,6932.386159,0.000000,54.000000,97.310306,0.000000,55.654596
12774,6932.386159,0.000000,54.000000,96.808914,0.000000,48.133705
12775,6932.386159,0.000000,54.000000,96.307521,0.000000,40.612813
12776,6932.386159,0.000000,54.000000,95.806128,0.000000,33.091922
12777,6932.386159,0.000000,54.000000,95.304735,0.000000,25.571031
12778,6932.386159,0.000000,54.000000,94.803343,0.000000,18.050139
12779,6932.386159,0.000000,54.000000,94.301950,0.000000,10.529248
12780,6932.386159,0.000000,54.000000,93.800557,0.000000,3.008357
12781,6932.386159,0.000000,54.000000,93.299164,0.000000,355.487465
12782,6932.386159,0.000000,54.000000,92.797772,0.000000,347.966574
12783,6932.386159,0.000000,54.000000,92.296379,0.000000,340.445682
12784,6932.386159,0.000000,54.000000,91.794986,0.000000,332.924791
12785,6932.386159,0.000000,54.000000,91.293593,0.000000,325.403900
12786,6932.386159,0.000000,54.000000,90.792201,0.000000,317.883008
12787,6932.386159,0.000000,54.000000,90.290808,0.000000,310.362117
12788,6932.386159,0.000000,54.000000,89.789415,0.000000,302.841226
12789,6932.386159,0.000000,54.000000,89.288022,0.000000,295.320334
12790,6932.386159,0.000000,54.000000,88.786630,0.000000,287.799443
12791,6932.386159,0.000000,54.000000,88.285237,0.000000,280.278552
12792,6932.386159,0.000000,54.000000,87.783844,0.000000,272.757660
12793,6932.386159,0.000000,54.000000,87.282451,0.000000,265.236769
12794,6932.386159,0.000000,54.000000,86.781058,0.000000,257.715877
12795,6932.386159,0.000000,54.000000,86.279666,0.000000,250.194986
12796,6932.386159,0.000000,54.000000,85.778273,0.000000,242.674095
12797,6932.386159,0.000000,54.000000,85.276880,0.000000,235.153203
12798,6932.386159,0.000000,54.000000,84.775487,0.000000,227.632312
12799,6932.386159,0.000000,54.000000,84.274095,0.000000,220.111421
12800,6932.386159,0.000000,54.000000,83.772702,0.000000,212.590529
12801,6932.386159,0.000000,54.000000,83.271309,0.000000,205.069638
12802,6932.386159,0.000000,54.000000,82.769916,0.000000,197.548747
12803,6932.386159,0.000000,54.000000,82.268524,0.000000,190.027855
12804,6932.386159,0.000000,54.000000,81.767131,0.000000,182.506964
12805,6932.386159,0.000000,54.000000,81.265738,0.000000,174.986072
12806,6932.386159,0.000000,54.000000,80.764345,0.000000,167.465181
12807,6932.386159,0.000000,54.000000,80.262953,0.000000,159.944290
12808,6932.386159,0.000000,54.000000,79.761560,0.000000,152.423398
12809,6932.386159,0.000000,54.000000,79.260167,0.000000,144.902507
12810,6932.386159,0.000000,54.000000,78.758774,0.000000,137.381616
12811,6932.386159,0.000000,54.000000,78.257382,0.000000,129.860724
12812,6932.386159,0.000000,54.000000,77.755989,0.000000,122.339833
12813,6932.386159,0.000000,54.000000,77.254596,0.000000,114.818942
12814,6932.386159,0.000000,54.000000,76.753203,0.000000,107.298050
12815,6932.386159,0.000000,54.000000,76.251811,0.000000,99.777159
12816,6932.386159,0.000000,54.000000,75.750418,0.000000,92.256267
12817,6932.386159,0.000000,54.000000,75.249025,0.000000,84.735376
12818,6932.386159,0.000000,54.000000,74.747632,0.000000,77.214485
12819,6932.386159,0.000000,54.000000,74.246240,0.000000,69.693593
12820,6932.386159,0.000000,54.000000,73.744847,0.000000,62.172702
12821,6932.386159,0.000000,54.000000,73.243454,0.000000,54.651811
12822,6932.386159,0.000000,54.000000,72.742061,0.000000,47.130919
12823,6932.386159,0.000000,54.000000,72.240669,0.000000,39.610028
12824,6932.386159,0.000000,54.000000,71.739276,0.000000,32.089136
12825,6932.386159,0.000000,54.000000,71.237883,0.000000,24.568245
12826,6932.386159,0.000000,54.000000,70.736490,0.000000,17.047354
12827,6932.386159,0.000000,54.000000,70.235097,0.000000,9.526462
12828,6932.386159,0.000000,54.000000,69.733705,0.000000,2.005571
12829,6932.386159,0.000000,54.000000,69.232312,0.000000,354.484680
12830,6932.386159,0.000000,54.000000,68.730919,0.000000,346.963788
12831,6932.386159,0.000000,54.000000,68.229526,0.000000,339.442897
12832,6932.386159,0.000000,54.000000,67.728134,0.000000,331.922006
12833,6932.386159,0.000000,54.000000,67.226741,0.000000,324.401114
12834,6932.386159,0.000000,54.000000,66.725348,0.000000,316.880223
12835,6932.386159,0.000000,54.000000,66.223955,0.000000,309.359331
12836,6932.386159,0.000000,54.000000,65.722563,0.000000,301.838440
12837,6932.386159,0.000000,54.000000,65.221170,0.000000,294.317549
12838,6932.386159,0.000000,54.000000,64.719777,0.000000,286.796657
12839,6932.386159,0.000000,54.000000,64.218384,0.000000,279.275766
12840,6932.386159,0.000000,54.000000,63.716992,0.000000,271.754875
12841,6932.386159,0.000000,54.000000,63.215599,0.000000,264.233983
12842,6932.386159,0.000000,54.000000,62.714206,0.000000,256.713092
12843,6932.386159,0.000000,54.000000,62.212813,0.000000,249.192201
12844,6932.386159,0.000000,54.000000,61.711421,0.000000,241.671309
12845,6932.386159,0.000000,54.000000,61.210028,0.000000,234.150418
12846,6932.386159,0.000000,54.000000,60.708635,0.000000,226.629526
12847,6932.386159,0.000000,54.000000,60.207242,0.000000,219.108635
12848,6932.386159,0.000000,54.000000,59.705850,0.000000,211.587744
12849,6932.386159,0.000000,54.000000,59.204457,0.000000,204.066852
12850,6932.386159,0.000000,54.000000,58.703064,0.000000,196.545961
12851,6932.386159,0.000000,54.000000,58.201671,0.000000,189.025070
12852,6932.386159,0.000000,54.000000,57.700279,0.000000,181.504178
12853,6932.386159,0.000000,54.000000,57.198886,0.000000,173.983287
12854,6932.386159,0.000000,54.000000,56.697493,0.000000,166.462396
12855,6932.386159,0.000000,54.000000,56.196100,0.000000,158.941504
12856,6932.386159,0.000000,54.000000,55.694708,0.000000,151.420613
12857,6932.386159,0.000000,54.000000,55.193315,0.000000,143.899721
12858,6932.386159,0.000000,54.000000,54.691922,0.000000,136.378830
12859,6932.386159,0.000000,54.000000,54.190529,0.000000,128.857939
12860,6932.386159,0.000000,54.000000,53.689136,0.000000,121.337047
12861,6932.386159,0.000000,54.000000,53.187744,0.000000,113.816156
12862,6932.386159,0.000000,54.000000,52.686351,0.000000,106.295265
12863,6932.386159,0.000000,54.000000,52.184958,0.000000,98.774373
12864,6932.386159,0.000000,54.000000,51.683565,0.000000,91.253482
12865,6932.386159,0.000000,54.000000,51.182173,0.000000,83.732591
12866,6932.386159,0.000000,54.000000,50.680780,0.000000,76.211699
12867,6932.386159,0.000000,54.000000,50.179387,0.000000,68.690808
12868,6932.386159,0.000000,54.000000,49.677994,0.000000,61.169916
12869,6932.386159,0.000000,54.000000,49.176602,0.000000,53.649025
12870,6932.386159,0.000000,54.000000,48.675209,0.000000,46.128134
12871,6932.386159,0.000000,54.000000,48.173816,0.000000,38.607242
12872,6932.386159,0.000000,54.000000,47.672423,0.000000,31.086351
12873,6932.386159,0.000000,54.000000,47.171031,0.000000,23.565460
12874,6932.386159,0.000000,54.000000,46.669638,0.000000,16.044568
12875,6932.386159,0.000000,54.000000,46.168245,0.000000,8.523677
12876,6932.386159,0.000000,54.000000,45.666852,0.000000,1.002786
12877,6932.386159,0.000000,54.000000,45.165460,0.000000,353.481894
12878,6932.386159,0.000000,54.000000,44.664067,0.000000,345.961003
12879,6932.386159,0.000000,54.000000,44.162674,0.000000,338.440111
12880,6932.386159,0.000000,54.000000,43.661281,0.000000,330.919220
12881,6932.386159,0.000000,54.000000,43.159889,0.000000,323.398329
12882,6932.386159,0.000000,54.000000,42.658496,0.000000,315.877437
12883,6932.386159,0.000000,54.000000,42.157103,0.000000,308.356546
12884,6932.386159,0.000000,54.000000,41.655710,0.000000,300.835655
12885,6932.386159,0.000000,54.000000,41.154318,0.000000,293.314763
12886,6932.386159,0.000000,54.000000,40.652925,0.000000,285.793872
12887,6932.386159,0.000000,54.000000,40.151532,0.000000,278.272981
12888,6932.386159,0.000000,54.000000,39.650139,0.000000,270.752089
12889,6932.386159,0.000000,54.000000,39.148747,0.000000,263.231198
12890,6932.386159,0.000000,54.000000,38.647354,0.000000,255.710306
12891,6932.386159,0.000000,54.000000,38.145961,0.000000,248.189415
12892,6932.386159,0.000000,54.000000,37.644568,0.000000,240.668524
12893,6932.386159,0.000000,54.000000,37.143175,0.000000,233.147632
12894,6932.386159,0.000000,54.000000,36.641783,0.000000,225.626741
12895,6932.386159,0.000000,54.000000,36.140390,0.000000,218.105850
12896,6932.386159,0.000000,54.000000,35.638997,0.000000,210.584958
12897,6932.386159,0.000000,54.000000,35.137604,0.000000,203.064067
12898,6932.386159,0.000000,54.000000,34.636212,0.000000,195.543175
12899,6932.386159,0.000000,54.000000,34.134819,0.000000,188.022284
12900,6932.386159,0.000000,54.000000,33.633426,0.000000,180.501393
12901,6932.386159,0.000000,54.000000,33.132033,0.000000,172.980501
12902,6932.386159,0.000000,54.000000,32.630641,0.000000,165.459610
12903,6932.386159,0.000000,54.000000,32.129248,0.000000,157.938719
12904,6932.386159,0.000000,54.000000,31.627855,0.000000,150.417827
12905,6932.386159,0.000000,54.000000,31.126462,0.000000,142.896936
12906,6932.386159,0.000000,54.000000,30.625070,0.000000,135.376045
12907,6932.386159,0.000000,54.000000,30.123677,0.000000,127.855153
12908,6932.386159,0.000000,54.000000,29.622284,0.000000,120.334262
12909,6932.386159,0.000000,54.000000,29.120891,0.000000,112.813370
12910,6932.386159,0.000000,54.000000,28.619499,0.000000,105.292479
12911,6932.386159,0.000000,54.000000,28.118106,0.000000,97.771588
12912,6932.386159,0.000000,54.000000,27.616713,0.000000,90.250696
12913,6932.386159,0.000000,54.000000,27.115320,0.000000,82.729805
12914,6932.386159,0.000000,54.000000,26.613928,0.000000,75.208914
12915,6932.386159,0.000000,54.000000,26.112535,0.000000,67.688022
12916,6932.386159,0.000000,54.000000,25.611142,0.000000,60.167131
12917,6932.386159,0.000000,54.000000,25.109749,0.000000,52.646240
12918,6932.386159,0.000000,54.000000,24.608357,0.000000,45.125348
12919,6932.386159,0.000000,54.000000,24.106964,0.000000,37.604457
12920,6932.386159,0.000000,54.000000,23.605571,0.000000,30.083565
12921,6932.386159,0.000000,54.000000,23.104178,0.000000,22.562674
12922,6932.386159,0.000000,54.000000,22.602786,0.000000,15.041783
12923,6932.386159,0.000000,54.000000,22.101393,0.000000,7.520891
12924,6932.386159,0.000000,55.000000,21.600000,0.000000,0.000000
12925,6932.386159,0.000000,55.000000,21.098607,0.000000,352.479109
12926,6932.386159,0.000000,55.000000,20.597214,0.000000,344.958217
12927,6932.386159,0.000000,55.000000,20.095822,0.000000,337.437326
12928,6932.386159,0.000000,55.000000,19.594429,0.000000,329.916435
12929,6932.386159,0.000000,55.000000,19.093036,0.000000,322.395543
12930,6932.386159,0.000000,55.000000,18.591643,0.000000,314.874652
12931,6932.386159,0.000000,55.000000,18.090251,0.000000,307.353760
12932,6932.386159,0.000000,55.000000,17.588858,0.000000,299.832869
12933,6932.386159,0.000000,55.000000,17.087465,0.000000,292.311978
12934,6932.386159,0.000000,55.000000,16.586072,0.000000,284.791086
12935,6932.386159,0.000000,55.000000,16.084680,0.000000,277.270195
12936,6932.386159,0.000000,55.000000,15.583287,0.000000,269.749304
12937,6932.386159,0.000000,55.000000,15.081894,0.000000,262.228412
12938,6932.386159,0.000000,55.000000,14.580501,0.000000,254.707521
12939,6932.386159,0.000000,55.000000,14.079109,0.000000,247.186630
12940,6932.386159,0.000000,55.000000,13.577716,0.000000,239.665738
12941,6932.386159,0.000000,55.000000,13.076323,0.000000,232.144847
12942,6932.386159,0.000000,55.000000,12.574930,0.000000,224.623955
12943,6932.386159,0.000000,55.000000,12.073538,0.000000,217.103064
12944,6932.386159,0.000000,55.000000,11.572145,0.000000,209.582173
12945,6932.386159,0.000000,55.000000,11.070752,0.000000,202.061281
12946,6932.386159,0.000000,55.000000,10.569359,0.000000,194.540390
12947,6932.386159,0.000000,55.000000,10.067967,0.000000,187.019499
12948,6932.386159,0.000000,55.000000,9.566574,0.000000,179.498607
12949,6932.386159,0.000000,55.000000,9.065181,0.000000,171.977716
12950,6932.386159,0.000000,55.000000,8.563788,0.000000,164.456825
12951,6932.386159,0.000000,55.000000,8.062396,0.000000,156.935933
12952,6932.386159,0.000000,55.000000,7.561003,0.000000,149.415042
12953,6932.386159,0.000000,55.000000,7.059610,0.000000,141.894150
12954,6932.386159,0.000000,55.000000,6.558217,0.000000,134.373259
12955,6932.386159,0.000000,55.000000,6.056825,0.000000,126.852368
12956,6932.386159,0.000000,55.000000,5.555432,0.000000,119.331476
12957,6932.386159,0.000000,55.000000,5.054039,0.000000,111.810585
12958,6932.386159,0.000000,55.000000,4.552646,0.000000,104.289694
12959,6932.386159,0.000000,55.000000,4.051253,0.000000,96.768802
12960,6932.386159,0.000000,55.000000,3.549861,0.000000,89.247911
12961,6932.386159,0.000000,55.000000,3.048468,0.000000,81.727019
12962,6932.386159,0.000000,55.000000,2.547075,0.000000,74.206128
12963,6932.386159,0.000000,55.000000,2.045682,0.000000,66.685237
12964,6932.386159,0.000000,55.000000,1.544290,0.000000,59.164345
12965,6932.386159,0.000000,55.000000,1.042897,0.000000,51.643454
12966,6932.386159,0.000000,55.000000,0.541504,0.000000,44.122563
12967,6932.386159,0.000000,55.000000,0.040111,0.000000,36.601671
12968,6932.386159,0.000000,55.000000,359.538719,0.000000,29.080780
12969,6932.386159,0.000000,55.000000,359.037326,0.000000,21.559889
12970,6932.386159,0.000000,55.000000,358.535933,0.000000,14.038997
12971,6932.386159,0.000000,55.000000,358.034540,0.000000,6.518106
12972,6932.386159,0.000000,55.000000,357.533148,0.000000,358.997214
12973,6932.386159,0.000000,55.000000,357.031755,0.000000,351.476323
12974,6932.386159,0.000000,55.000000,356.530362,0.000000,343.955432
12975,6932.386159,0.000000,55.000000,356.028969,0.000000,336.434540
12976,6932.386159,0.000000,55.000000,355.527577,0.000000,328.913649
12977,6932.386159,0.000000,55.000000,355.026184,0.000000,321.392758
12978,6932.386159,0.000000,55.000000,354.524791,0.000000,313.871866
12979,6932.386159,0.000000,55.000000,354.023398,0.000000,306.350975
12980,6932.386159,0.000000,55.000000,353.522006,0.000000,298.830084
12981,6932.386159,0.000000,55.000000,353.020613,0.000000,291.309192
12982,6932.386159,0.000000,55.000000,352.519220,0.000000,283.788301
12983,6932.386159,0.000000,55.000000,352.017827,0.000000,276.267409
12984,6932.386159,0.000000,55.000000,351.516435,0.000000,268.746518
12985,6932.386159,0.000000,55.000000,351.015042,0.000000,261.225627
12986,6932.386159,0.000000,55.000000,350.513649,0.000000,253.704735
12987,6932.386159,0.000000,55.000000,350.012256,0.000000,246.183844
12988,6932.386159,0.000000,55.000000,349.510864,0.000000,238.662953
12989,6932.386159,0.000000,55.000000,349.009471,0.000000,231.142061
12990,6932.386159,0.000000,55.000000,348.508078,0.000000,223.621170
12991,6932.386159,0.000000,55.000000,348.006685,0.000000,216.100279
12992,6932.386159,0.000000,55.000000,347.505292,0.000000,208.579387
12993,6932.386159,0.000000,55.000000,347.003900,0.000000,201.058496
12994,6932.386159,0.000000,55.000000,346.502507,0.000000,193.537604
12995,6932.386159,0.000000,55.000000,346.001114,0.000000,186.016713
12996,6932.386159,0.000000,55.000000,345.499721,0.000000,178.495822
12997,6932.386159,0.000000,55.000000,344.998329,0.000000,170.974930
12998,6932.386159,0.000000,55.000000,344.496936,0.000000,163.454039
12999,6932.386159,0.000000,55.000000,343.995543,0.000000,155.933148
13000,6932.386159,0.000000,55.000000,343.494150,0.000000,148.412256
13001,6932.386159,0.000000,55.000000,342.992758,0.000000,140.891365
13002,6932.386159,0.000000,55.000000,342.491365,0.000000,133.370474
13003,6932.386159,0.000000,55.000000,341.989972,0.000000,125.849582
13004,6932.386159,0.000000,55.000000,341.488579,0.000000,118.328691
13005,6932.386159,0.000000,55.000000,340.987187,0.000000,110.807799
13006,6932.386159,0.000000,55.000000,340.485794,0.000000,103.286908
13007,6932.386159,0.000000,55.000000,339.984401,0.000000,95.766017
13008,6932.386159,0.000000,55.000000,339.483008,0.000000,88.245125
13009,6932.386159,0.000000,55.000000,338.981616,0.000000,80.724234
13010,6932.386159,0.000000,55.000000,338.480223,0.000000,73.203343
13011,6932.386159,0.000000,55.000000,337.978830,0.000000,65.682451
13012,6932.386159,0.000000,55.000000,337.477437,0.000000,58.161560
13013,6932.386159,0.000000,55.000000,336.976045,0.000000,50.640669
13014,6932.386159,0.000000,55.000000,336.474652,0.000000,43.119777
13015,6932.386159,0.000000,55.000000,335.973259,0.000000,35.598886
13016,6932.386159,0.000000,55.000000,335.471866,0.000000,28.077994
13017,6932.386159,0.000000,55.000000,334.970474,0.000000,20.557103
13018,6932.386159,0.000000,55.000000,334.469081,0.000000,13.036212
13019,6932.386159,0.000000,55.000000,333.967688,0.000000,5.515320
13020,6932.386159,0.000000,55.000000,333.466295,0.000000,357.994429
13021,6932.386159,0.000000,55.000000,332.964903,0.000000,350.473538
13022,6932.386159,0.000000,55.000000,332.463510,0.000000,342.952646
13023,6932.386159,0.000000,55.000000,331.962117,0.000000,335.431755
13024,6932.386159,0.000000,55.000000,331.460724,0.000000,327.910864
13025,6932.386159,0.000000,55.000000,330.959331,0.000000,320.389972
13026,6932.386159,0.000000,55.000000,330.457939,0.000000,312.869081
13027,6932.386159,0.000000,55.000000,329.956546,0.000000,305.348189
13028,6932.386159,0.000000,55.000000,329.455153,0.000000,297.827298
13029,6932.386159,0.000000,55.000000,328.953760,0.000000,290.306407
13030,6932.386159,0.000000,55.000000,328.452368,0.000000,282.785515
13031,6932.386159,0.000000,55.000000,327.950975,0.000000,275.264624
13032,6932.386159,0.000000,55.000000,327.449582,0.000000,267.743733
13033,6932.386159,0.000000,55.000000,326.948189,0.000000,260.222841
13034,6932.386159,0.000000,55.000000,326.446797,0.000000,252.701950
13035,6932.386159,0.000000,55.000000,325.945404,0.000000,245.181058
13036,6932.386159,0.000000,55.000000,325.444011,0.000000,237.660167
13037,6932.386159,0.000000,55.000000,324.942618,0.000000,230.139276
13038,6932.386159,0.000000,55.000000,324.441226,0.000000,222.618384
13039,6932.386159,0.000000,55.000000,323.939833,0.000000,215.097493
13040,6932.386159,0.000000,55.000000,323.438440,0.000000,207.576602
13041,6932.386159,0.000000,55.000000,322.937047,0.000000,200.055710
13042,6932.386159,0.000000,55.000000,322.435655,0.000000,192.534819
13043,6932.386159,0.000000,55.000000,321.934262,0.000000,185.013928
13044,6932.386159,0.000000,55.000000,321.432869,0.000000,177.493036
13045,6932.386159,0.000000,55.000000,320.931476,0.000000,169.972145
13046,6932.386159,0.000000,55.000000,320.430084,0.000000,162.451253
13047,6932.386159,0.000000,55.000000,319.928691,0.000000,154.930362
13048,6932.386159,0.000000,55.000000,319.427298,0.000000,147.409471
13049,6932.386159,0.000000,55.000000,318.925905,0.000000,139.888579
13050,6932.386159,0.000000,55.000000,318.424513,0.000000,132.367688
13051,6932.386159,0.000000,55.000000,317.923120,0.000000,124.846797
13052,6932.386159,0.000000,55.000000,317.421727,0.000000,117.325905
13053,6932.386159,0.000000,55.000000,316.920334,0.000000,109.805014
13054,6932.386159,0.000000,55.000000,316.418942,0.000000,102.284123
13055,6932.386159,0.000000,55.000000,315.917549,0.000000,94.763231
13056,6932.386159,0.000000,55.000000,315.416156,0.000000,87.242340
13057,6932.386159,0.000000,55.000000,314.914763,0.000000,79.721448
13058,6932.386159,0.000000,55.000000,314.413370,0.000000,72.200557
13059,6932.386159,0.000000,55.000000,313.911978,0.000000,64.679666
13060,6932.386159,0.000000,55.000000,313.410585,0.000000,57.158774
13061,6932.386159,0.000000,55.000000,312.909192,0.000000,49.637883
13062,6932.386159,0.000000,55.000000,312.407799,0.000000,42.116992
13063,6932.386159,0.000000,55.000000,311.906407,0.000000,34.596100
13064,6932.386159,0.000000,55.000000,311.405014,0.000000,27.075209
13065,6932.386159,0.000000,55.000000,310.903621,0.000000,19.554318
13066,6932.386159,0.000000,55.000000,310.402228,0.000000,12.033426
13067,6932.386159,0.000000,55.000000,309.900836,0.000000,4.512535
13068,6932.386159,0.000000,55.000000,309.399443,0.000000,356.991643
13069,6932.386159,0.000000,55.000000,308.898050,0.000000,349.470752
13070,6932.386159,0.000000,55.000000,308.396657,0.000000,341.949861
13071,6932.386159,0.000000,55.000000,307.895265,0.000000,334.428969
13072,6932.386159,0.000000,55.000000,307.393872,0.000000,326.908078
13073,6932.386159,0.000000,55.000000,306.892479,0.000000,319.387187
13074,6932.386159,0.000000,55.000000,306.391086,0.000000,311.866295
13075,6932.386159,0.000000,55.000000,305.889694,0.000000,304.345404
13076,6932.386159,0.000000,55.000000,305.388301,0.000000,296.824513
13077,6932.386159,0.000000,55.000000,304.886908,0.000000,289.303621
13078,6932.386159,0.000000,55.000000,304.385515,0.000000,281.782730
13079,6932.386159,0.000000,55.000000,303.884123,0.000000,274.261838
13080,6932.386159,0.000000,55.000000,303.382730,0.000000,266.740947
13081,6932.386159,0.000000,55.000000,302.881337,0.000000,259.220056
13082,6932.386159,0.000000,55.000000,302.379944,0.000000,251.699164
13083,6932.386159,0.000000,55.000000,301.878552,0.000000,244.178273
13084,6932.386159,0.000000,55.000000,301.377159,0.000000,236.657382
13085,6932.386159,0.000000,55.000000,300.875766,0.000000,229.136490
13086,6932.386159,0.000000,55.000000,300.374373,0.000000,221.615599
13087,6932.386159,0.000000,55.000000,299.872981,0.000000,214.094708
13088,6932.386159,0.000000,55.000000,299.371588,0.000000,206.573816
13089,6932.386159,0.000000,55.000000,298.870195,0.000000,199.052925
13090,6932.386159,0.000000,55.000000,298.368802,0.000000,191.532033
13091,6932.386159,0.000000,55.000000,297.867409,0.000000,184.011142
13092,6932.386159,0.000000,55.000000,297.366017,0.000000,176.490251
13093,6932.386159,0.000000,55.000000,296.864624,0.000000,168.969359
13094,6932.386159,0.000000,55.000000,296.363231,0.000000,161.448468
13095,6932.386159,0.000000,55.000000,295.861838,0.000000,153.927577
13096,6932.386159,0.000000,55.000000,295.360446,0.000000,146.406685
13097,6932.386159,0.000000,55.000000,294.859053,0.000000,138.885794
13098,6932.386159,0.000000,55.000000,294.357660,0.000000,131.364903
13099,6932.386159,0.000000,55.000000,293.856267,0.000000,123.844011
13100,6932.386159,0.000000,55.000000,293.354875,0.000000,116.323120
13101,6932.386159,0.000000,55.000000,292.853482,0.000000,108.802228
13102,6932.386159,0.000000,55.000000,292.352089,0.000000,101.281337
13103,6932.386159,0.000000,55.000000,291.850696,0.000000,93.760446
13104,6932.386159,0.000000,55.000000,291.349304,0.000000,86.239554
13105,6932.386159,0.000000,55.000000,290.847911,0.000000,78.718663
13106,6932.386159,0.000000,55.000000,290.346518,0.000000,71.197772
13107,6932.386159,0.000000,55.000000,289.845125,0.000000,63.676880
13108,6932.386159,0.000000,55.000000,289.343733,0.000000,56.155989
13109,6932.386159,0.000000,55.000000,288.842340,0.000000,48.635097
13110,6932.386159,0.000000,55.000000,288.340947,0.000000,41.114206
13111,6932.386159,0.000000,55.000000,287.839554,0.000000,33.593315
13112,6932.386159,0.000000,55.000000,287.338162,0.000000,26.072423
13113,6932.386159,0.000000,55.000000,286.836769,0.000000,18.551532
13114,6932.386159,0.000000,55.000000,286.335376,0.000000,11.030641
13115,6932.386159,0.000000,55.000000,285.833983,0.000000,3.509749
13116,6932.386159,0.000000,55.000000,285.332591,0.000000,355.988858
13117,6932.386159,0.000000,55.000000,284.831198,0.000000,348.467967
13118,6932.386159,0.000000,55.000000,284.329805,0.000000,340.947075
13119,6932.386159,0.000000,55.000000,283.828412,0.000000,333.426184
13120,6932.386159,0.000000,55.000000,283.327019,0.000000,325.905292
13121,6932.386159,0.000000,55.000000,282.825627,0.000000,318.384401
13122,6932.386159,0.000000,55.000000,282.324234,0.000000,310.863510
13123,6932.386159,0.000000,55.000000,281.822841,0.000000,303.342618
13124,6932.386159,0.000000,55.000000,281.321448,0.000000,295.821727
13125,6932.386159,0.000000,55.000000,280.820056,0.000000,288.300836
13126,6932.386159,0.000000,55.000000,280.318663,0.000000,280.779944
13127,6932.386159,0.000000,55.000000,279.817270,0.000000,273.259053
13128,6932.386159,0.000000,55.000000,279.315877,0.000000,265.738162
13129,6932.386159,0.000000,55.000000,278.814485,0.000000,258.217270
13130,6932.386159,0.000000,55.000000,278.313092,0.000000,250.696379
13131,6932.386159,0.000000,55.000000,277.811699,0.000000,243.175487
13132,6932.386159,0.000000,55.000000,277.310306,0.000000,235.654596
13133,6932.386159,0.000000,55.000000,276.808914,0.000000,228.133705
13134,6932.386159,0.000000,55.000000,276.307521,0.000000,220.612813
13135,6932.386159,0.000000,55.000000,275.806128,0.000000,213.091922
13136,6932.386159,0.000000,55.000000,275.304735,0.000000,205.571031
13137,6932.386159,0.000000,55.000000,274.803343,0.000000,198.050139
13138,6932.386159,0.000000,55.000000,274.301950,0.000000,190.529248
13139,6932.386159,0.000000,55.000000,273.800557,0.000000,183.008357
13140,6932.386159,0.000000,55.000000,273.299164,0.000000,175.487465
13141,6932.386159,0.000000,55.000000,272.797772,0.000000,167.966574
13142,6932.386159,0.000000,55.000000,272.296379,0.000000,160.445682
13143,6932.386159,0.000000,55.000000,271.794986,0.000000,152.924791
13144,6932.386159,0.000000,55.000000,271.293593,0.000000,145.403900
13145,6932.386159,0.000000,55.000000,270.792201,0.000000,137.883008
13146,6932.386159,0.000000,55.000000,270.290808,0.000000,130.362117
13147,6932.386159,0.000000,55.000000,269.789415,0.000000,122.841226
13148,6932.386159,0.000000,55.000000,269.288022,0.000000,115.320334
13149,6932.386159,0.000000,55.000000,268.786630,0.000000,107.799443
13150,6932.386159,0.000000,55.000000,268.285237,0.000000,100.278552
13151,6932.386159,0.000000,55.000000,267.783844,0.000000,92.757660
13152,6932.386159,0.000000,55.000000,267.282451,0.000000,85.236769
13153,6932.386159,0.000000,55.000000,266.781058,0.000000,77.715877
13154,6932.386159,0.000000,55.000000,266.279666,0.000000,70.194986
13155,6932.386159,0.000000,55.000000,265.778273,0.000000,62.674095
13156,6932.386159,0.000000,55.000000,265.276880,0.000000,55.153203
13157,6932.386159,0.000000,55.000000,264.775487,0.000000,47.632312
13158,6932.386159,0.000000,55.000000,264.274095,0.000000,40.111421
13159,6932.386159,0.000000,55.000000,263.772702,0.000000,32.590529
13160,6932.386159,0.000000,55.000000,263.271309,0.000000,25.069638
13161,6932.386159,0.000000,55.000000,262.769916,0.000000,17.548747
13162,6932.386159,0.000000,55.000000,262.268524,0.000000,10.027855
13163,6932.386159,0.000000,55.000000,261.767131,0.000000,2.506964
13164,6932.386159,0.000000,55.000000,261.265738,0.000000,354.986072
13165,6932.386159,0.000000,55.000000,260.764345,0.000000,347.465181
13166,6932.386159,0.000000,55.000000,260.262953,0.000000,339.944290
13167,6932.386159,0.000000,55.000000,259.761560,0.000000,332.423398
13168,6932.386159,0.000000,55.000000,259.260167,0.000000,324.902507
13169,6932.386159,0.000000,55.000000,258.758774,0.000000,317.381616
13170,6932.386159,0.000000,55.000000,258.257382,0.000000,309.860724
13171,6932.386159,0.000000,55.000000,257.755989,0.000000,302.339833
13172,6932.386159,0.000000,55.000000,257.254596,0.000000,294.818942
13173,6932.386159,0.000000,55.000000,256.753203,0.000000,287.298050
13174,6932.386159,0.000000,55.000000,256.251811,0.000000,279.777159
13175,6932.386159,0.000000,55.000000,255.750418,0.000000,272.256267
13176,6932.386159,0.000000,55.000000,255.249025,0.000000,264.735376
13177,6932.386159,0.000000,55.000000,254.747632,0.000000,257.214485
13178,6932.386159,0.000000,55.000000,254.246240,0.000000,249.693593
13179,6932.386159,0.000000,55.000000,253.744847,0.000000,242.172702
13180,6932.386159,0.000000,55.000000,253.243454,0.000000,234.651811
13181,6932.386159,0.000000,55.000000,252.742061,0.000000,227.130919
13182,6932.386159,0.000000,55.000000,252.240669,0.000000,219.610028
13183,6932.386159,0.000000,55.000000,251.739276,0.000000,212.089136
13184,6932.386159,0.000000,55.000000,251.237883,0.000000,204.568245
13185,6932.386159,0.000000,55.000000,250.736490,0.000000,197.047354
13186,6932.386159,0.000000,55.000000,250.235097,0.000000,189.526462
13187,6932.386159,0.000000,55.000000,249.733705,0.000000,182.005571
13188,6932.386159,0.000000,55.000000,249.232312,0.000000,174.484680
13189,6932.386159,0.000000,55.000000,248.730919,0.000000,166.963788
13190,6932.386159,0.000000,55.000000,248.229526,0.000000,159.442897
13191,6932.386159,0.000000,55.000000,247.728134,0.000000,151.922006
13192,6932.386159,0.000000,55.000000,247.226741,0.000000,144.401114
13193,6932.386159,0.000000,55.000000,246.725348,0.000000,136.880223
13194,6932.386159,0.000000,55.000000,246.223955,0.000000,129.359331
13195,6932.386159,0.000000,55.000000,245.722563,0.000000,121.838440
13196,6932.386159,0.000000,55.000000,245.221170,0.000000,114.317549
13197,6932.386159,0.000000,55.000000,244.719777,0.000000,106.796657
13198,6932.386159,0.000000,55.000000,244.218384,0.000000,99.275766
13199,6932.386159,0.000000,55.000000,243.716992,0.000000,91.754875
13200,6932.386159,0.000000,55.000000,243.215599,0.000000,84.233983
13201,6932.386159,0.000000,55.000000,242.714206,0.000000,76.713092
13202,6932.386159,0.000000,55.000000,242.212813,0.000000,69.192201
13203,6932.386159,0.000000,55.000000,241.711421,0.000000,61.671309
13204,6932.386159,0.000000,55.000000,241.210028,0.000000,54.150418
13205,6932.386159,0.000000,55.000000,240.708635,0.000000,46.629526
13206,6932.386159,0.000000,55.000000,240.207242,0.000000,39.108635
13207,6932.386159,0.000000,55.000000,239.705850,0.000000,31.587744
13208,6932.386159,0.000000,55.000000,239.204457,0.000000,24.066852
13209,6932.386159,0.000000,55.000000,238.703064,0.000000,16.545961
13210,6932.386159,0.000000,55.000000,238.201671,0.000000,9.025070
13211,6932.386159,0.000000,55.000000,237.700279,0.000000,1.504178
13212,6932.386159,0.000000,55.000000,237.198886,0.000000,353.983287
13213,6932.386159,0.000000,55.000000,236.697493,0.000000,346.462396
13214,6932.386159,0.000000,55.000000,236.196100,0.000000,338.941504
13215,6932.386159,0.000000,55.000000,235.694708,0.000000,331.420613
13216,6932.386159,0.000000,55.000000,235.193315,0.000000,323.899721
13217,6932.386159,0.000000,55.000000,234.691922,0.000000,316.378830
13218,6932.386159,0.000000,55.000000,234.190529,0.000000,308.857939
13219,6932.386159,0.000000,55.000000,233.689136,0.000000,301.337047
13220,6932.386159,0.000000,55.000000,233.187744,0.000000,293.816156
13221,6932.386159,0.000000,55.000000,232.686351,0.000000,286.295265
13222,6932.386159,0.000000,55.000000,232.184958,0.000000,278.774373
13223,6932.386159,0.000000,55.000000,231.683565,0.000000,271.253482
13224,6932.386159,0.000000,55.000000,231.182173,0.000000,263.732591
13225,6932.386159,0.000000,55.000000,230.680780,0.000000,256.211699
13226,6932.386159,0.000000,55.000000,230.179387,0.000000,248.690808
13227,6932.386159,0.000000,55.000000,229.677994,0.000000,241.169916
13228,6932.386159,0.000000,55.000000,229.176602,0.000000,233.649025
13229,6932.386159,0.000000,55.000000,228.675209,0.000000,226.128134
13230,6932.386159,0.000000,55.000000,228.173816,0.000000,218.607242
13231,6932.386159,0.000000,55.000000,227.672423,0.000000,211.086351
13232,6932.386159,0.000000,55.000000,227.171031,0.000000,203.565460
13233,6932.386159,0.000000,55.000000,226.669638,0.000000,196.044568
13234,6932.386159,0.000000,55.000000,226.168245,0.000000,188.523677
13235,6932.386159,0.000000,55.000000,225.666852,0.000000,181.002786
13236,6932.386159,0.000000,55.000000,225.165460,0.000000,173.481894
13237,6932.386159,0.000000,55.000000,224.664067,0.000000,165.961003
13238,6932.386159,0.000000,55.000000,224.162674,0.000000,158.440111
13239,6932.386159,0.000000,55.000000,223.661281,0.000000,150.919220
13240,6932.386159,0.000000,55.000000,223.159889,0.000000,143.398329
13241,6932.386159,0.000000,55.000000,222.658496,0.000000,135.877437
13242,6932.386159,0.000000,55.000000,222.157103,0.000000,128.356546
13243,6932.386159,0.000000,55.000000,221.655710,0.000000,120.835655
13244,6932.386159,0.000000,55.000000,221.154318,0.000000,113.314763
13245,6932.386159,0.000000,55.000000,220.652925,0.000000,105.793872
13246,6932.386159,0.000000,55.000000,220.151532,0.000000,98.272981
13247,6932.386159,0.000000,55.000000,219.650139,0.000000,90.752089
13248,6932.386159,0.000000,55.000000,219.148747,0.000000,83.231198
13249,6932.386159,0.000000,55.000000,218.647354,0.000000,75.710306
13250,6932.386159,0.000000,55.000000,218.145961,0.000000,68.189415
13251,6932.386159,0.000000,55.000000,217.644568,0.000000,60.668524
13252,6932.386159,0.000000,55.000000,217.143175,0.000000,53.147632
13253,6932.386159,0.000000,55.000000,216.641783,0.000000,45.626741
13254,6932.386159,0.000000,55.000000,216.140390,0.000000,38.105850
13255,6932.386159,0.000000,55.000000,215.638997,0.000000,30.584958
13256,6932.386159,0.000000,55.000000,215.137604,0.000000,23.064067
13257,6932.386159,0.000000,55.000000,214.636212,0.000000,15.543175
13258,6932.386159,0.000000,55.000000,214.134819,0.000000,8.022284
13259,6932.386159,0.000000,55.000000,213.633426,0.000000,0.501393
13260,6932.386159,0.000000,55.000000,213.132033,0.000000,352.980501
13261,6932.386159,0.000000,55.000000,212.630641,0.000000,345.459610
13262,6932.386159,0.000000,55.000000,212.129248,0.000000,337.938719
13263,6932.386159,0.000000,55.000000,211.627855,0.000000,330.417827
13264,6932.386159,0.000000,55.000000,211.126462,0.000000,322.896936
13265,6932.386159,0.000000,55.000000,210.625070,0.000000,315.376045
13266,6932.386159,0.000000,55.000000,210.123677,0.000000,307.855153
13267,6932.386159,0.000000,55.000000,209.622284,0.000000,300.334262
13268,6932.386159,0.000000,55.000000,209.120891,0.000000,292.813370
13269,6932.386159,0.000000,55.000000,208.619499,0.000000,285.292479
13270,6932.386159,0.000000,55.000000,208.118106,0.000000,277.771588
13271,6932.386159,0.000000,55.000000,207.616713,0.000000,270.250696
13272,6932.386159,0.000000,55.000000,207.115320,0.000000,262.729805
13273,6932.386159,0.000000,55.000000,206.613928,0.000000,255.208914
13274,6932.386159,0.000000,55.000000,206.112535,0.000000,247.688022
13275,6932.386159,0.000000,55.000000,205.611142,0.000000,240.167131
13276,6932.386159,0.000000,55.000000,205.109749,0.000000,232.646240
13277,6932.386159,0.000000,55.000000,204.608357,0.000000,225.125348
13278,6932.386159,0.000000,55.000000,204.106964,0.000000,217.604457
13279,6932.386159,0.000000,55.000000,203.605571,0.000000,210.083565
13280,6932.386159,0.000000,55.000000,203.104178,0.000000,202.562674
13281,6932.386159,0.000000,55.000000,202.602786,0.000000,195.041783
13282,6932.386159,0.000000,55.000000,202.101393,0.000000,187.520891
13283,6932.386159,0.000000,55.000000,201.600000,0.000000,180.000000
13284,6932.386159,0.000000,55.000000,201.098607,0.000000,172.479109
13285,6932.386159,0.000000,55.000000,200.597214,0.000000,164.958217
13286,6932.386159,0.000000,55.000000,200.095822,0.000000,157.437326
13287,6932.386159,0.000000,55.000000,199.594429,0.000000,149.916435
13288,6932.386159,0.000000,55.000000,199.093036,0.000000,142.395543
13289,6932.386159,0.000000,55.000000,198.591643,0.000000,134.874652
13290,6932.386159,0.000000,55.000000,198.090251,0.000000,127.353760
13291,6932.386159,0.000000,55.000000,197.588858,0.000000,119.832869
13292,6932.386159,0.000000,55.000000,197.087465,0.000000,112.311978
13293,6932.386159,0.000000,55.000000,196.586072,0.000000,104.791086
13294,6932.386159,0.000000,55.000000,196.084680,0.000000,97.270195
13295,6932.386159,0.000000,55.000000,195.583287,0.000000,89.749304
13296,6932.386159,0.000000,55.000000,195.081894,0.000000,82.228412
13297,6932.386159,0.000000,55.000000,194.580501,0.000000,74.707521
13298,6932.386159,0.000000,55.000000,194.079109,0.000000,67.186630
13299,6932.386159,0.000000,55.000000,193.577716,0.000000,59.665738
13300,6932.386159,0.000000,55.000000,193.076323,0.000000,52.144847
13301,6932.386159,0.000000,55.000000,192.574930,0.000000,44.623955
13302,6932.386159,0.000000,55.000000,192.073538,0.000000,37.103064
13303,6932.386159,0.000000,55.000000,191.572145,0.000000,29.582173
13304,6932.386159,0.000000,55.000000,191.070752,0.000000,22.061281
13305,6932.386159,0.000000,55.000000,190.569359,0.000000,14.540390
13306,6932.386159,0.000000,55.000000,190.067967,0.000000,7.019499
13307,6932.386159,0.000000,55.000000,189.566574,0.000000,359.498607
13308,6932.386159,0.000000,55.000000,189.065181,0.000000,351.977716
13309,6932.386159,0.000000,55.000000,188.563788,0.000000,344.456825
13310,6932.386159,0.000000,55.000000,188.062396,0.000000,336.935933
13311,6932.386159,0.000000,55.000000,187.561003,0.000000,329.415042
13312,6932.386159,0.000000,55.000000,187.059610,0.000000,321.894150
13313,6932.386159,0.000000,55.000000,186.558217,0.000000,314.373259
13314,6932.386159,0.000000,55.000000,186.056825,0.000000,306.852368
13315,6932.386159,0.000000,55.000000,185.555432,0.000000,299.331476
13316,6932.386159,0.000000,55.000000,185.054039,0.000000,291.810585
13317,6932.386159,0.000000,55.000000,184.552646,0.000000,284.289694
13318,6932.386159,0.000000,55.000000,184.051253,0.000000,276.768802
13319,6932.386159,0.000000,55.000000,183.549861,0.000000,269.247911
13320,6932.386159,0.000000,55.000000,183.048468,0.000000,261.727019
13321,6932.386159,0.000000,55.000000,182.547075,0.000000,254.206128
13322,6932.386159,0.000000,55.000000,182.045682,0.000000,246.685237
13323,6932.386159,0.000000,55.000000,181.544290,0.000000,239.164345
13324,6932.386159,0.000000,55.000000,181.042897,0.000000,231.643454
13325,6932.386159,0.000000,55.000000,180.541504,0.000000,224.122563
13326,6932.386159,0.000000,55.000000,180.040111,0.000000,216.601671
13327,6932.386159,0.000000,55.000000,179.538719,0.000000,209.080780
13328,6932.386159,0.000000,55.000000,179.037326,0.000000,201.559889
13329,6932.386159,0.000000,55.000000,178.535933,0.000000,194.038997
13330,6932.386159,0.000000,55.000000,178.034540,0.000000,186.518106
13331,6932.386159,0.000000,55.000000,177.533148,0.000000,178.997214
13332,6932.386159,0.000000,55.000000,177.031755,0.000000,171.476323
13333,6932.386159,0.000000,55.000000,176.530362,0.000000,163.955432
13334,6932.386159,0.000000,55.000000,176.028969,0.000000,156.434540
13335,6932.386159,0.000000,55.000000,175.527577,0.000000,148.913649
13336,6932.386159,0.000000,55.000000,175.026184,0.000000,141.392758
13337,6932.386159,0.000000,55.000000,174.524791,0.000000,133.871866
13338,6932.386159,0.000000,55.000000,174.023398,0.000000,126.350975
13339,6932.386159,0.000000,55.000000,173.522006,0.000000,118.830084
13340,6932.386159,0.000000,55.000000,173.020613,0.000000,111.309192
13341,6932.386159,0.000000,55.000000,172.519220,0.000000,103.788301
13342,6932.386159,0.000000,55.000000,172.017827,0.000000,96.267409
13343,6932.386159,0.000000,55.000000,171.516435,0.000000,88.746518
13344,6932.386159,0.000000,55.000000,171.015042,0.000000,81.225627
13345,6932.386159,0.000000,55.000000,170.513649,0.000000,73.704735
13346,6932.386159,0.000000,55.000000,170.012256,0.000000,66.183844
13347,6932.386159,0.000000,55.000000,169.510864,0.000000,58.662953
13348,6932.386159,0.000000,55.000000,169.009471,0.000000,51.142061
13349,6932.386159,0.000000,55.000000,168.508078,0.000000,43.621170
13350,6932.386159,0.000000,55.000000,168.006685,0.000000,36.100279
13351,6932.386159,0.000000,55.000000,167.505292,0.000000,28.579387
13352,6932.386159,0.000000,55.000000,167.003900,0.000000,21.058496
13353,6932.386159,0.000000,55.000000,166.502507,0.000000,13.537604
13354,6932.386159,0.000000,55.000000,166.001114,0.000000,6.016713
13355,6932.386159,0.000000,55.000000,165.499721,0.000000,358.495822
13356,6932.386159,0.000000,55.000000,164.998329,0.000000,350.974930
13357,6932.386159,0.000000,55.000000,164.496936,0.000000,343.454039
13358,6932.386159,0.000000,55.000000,163.995543,0.000000,335.933148
13359,6932.386159,0.000000,55.000000,163.494150,0.000000,328.412256
13360,6932.386159,0.000000,55.000000,162.992758,0.000000,320.891365
13361,6932.386159,0.000000,55.000000,162.491365,0.000000,313.370474
13362,6932.386159,0.000000,55.000000,161.989972,0.000000,305.849582
13363,6932.386159,0.000000,55.000000,161.488579,0.000000,298.328691
13364,6932.386159,0.000000,55.000000,160.987187,0.000000,290.807799
13365,6932.386159,0.000000,55.000000,160.485794,0.000000,283.286908
13366,6932.386159,0.000000,55.000000,159.984401,0.000000,275.766017
13367,6932.386159,0.000000,55.000000,159.483008,0.000000,268.245125
13368,6932.386159,0.000000,55.000000,158.981616,0.000000,260.724234
13369,6932.386159,0.000000,55.000000,158.480223,0.000000,253.203343
13370,6932.386159,0.000000,55.000000,157.978830,0.000000,245.682451
13371,6932.386159,0.000000,55.000000,157.477437,0.000000,238.161560
13372,6932.386159,0.000000,55.000000,156.976045,0.000000,230.640669
13373,6932.386159,0.000000,55.000000,156.474652,0.000000,223.119777
13374,6932.386159,0.000000,55.000000,155.973259,0.000000,215.598886
13375,6932.386159,0.000000,55.000000,155.471866,0.000000,208.077994
13376,6932.386159,0.000000,55.000000,154.970474,0.000000,200.557103
13377,6932.386159,0.000000,55.000000,154.469081,0.000000,193.036212
13378,6932.386159,0.000000,55.000000,153.967688,0.000000,185.515320
13379,6932.386159,0.000000,55.000000,153.466295,0.000000,177.994429
13380,6932.386159,0.000000,55.000000,152.964903,0.000000,170.473538
13381,6932.386159,0.000000,55.000000,152.463510,0.000000,162.952646
13382,6932.386159,0.000000,55.000000,151.962117,0.000000,155.431755
13383,6932.386159,0.000000,55.000000,151.460724,0.000000,147.910864
13384,6932.386159,0.000000,55.000000,150.959331,0.000000,140.389972
13385,6932.386159,0.000000,55.000000,150.457939,0.000000,132.869081
13386,6932.386159,0.000000,55.000000,149.956546,0.000000,125.348189
13387,6932.386159,0.000000,55.000000,149.455153,0.000000,117.827298
13388,6932.386159,0.000000,55.000000,148.953760,0.000000,110.306407
13389,6932.386159,0.000000,55.000000,148.452368,0.000000,102.785515
13390,6932.386159,0.000000,55.000000,147.950975,0.000000,95.264624
13391,6932.386159,0.000000,55.000000,147.449582,0.000000,87.743733
13392,6932.386159,0.000000,55.000000,146.948189,0.000000,80.222841
13393,6932.386159,0.000000,55.000000,146.446797,0.000000,72.701950
13394,6932.386159,0.000000,55.000000,145.945404,0.000000,65.181058
13395,6932.386159,0.000000,55.000000,145.444011,0.000000,57.660167
13396,6932.386159,0.000000,55.000000,144.942618,0.000000,50.139276
13397,6932.386159,0.000000,55.000000,144.441226,0.000000,42.618384
13398,6932.386159,0.000000,55.000000,143.939833,0.000000,35.097493
13399,6932.386159,0.000000,55.000000,143.438440,0.000000,27.576602
13400,6932.386159,0.000000,55.000000,142.937047,0.000000,20.055710
13401,6932.386159,0.000000,55.000000,142.435655,0.000000,12.534819
13402,6932.386159,0.000000,55.000000,141.934262,0.000000,5.013928
13403,6932.386159,0.000000,55.000000,141.432869,0.000000,357.493036
13404,6932.386159,0.000000,55.000000,140.931476,0.000000,349.972145
13405,6932.386159,0.000000,55.000000,140.430084,0.000000,342.451253
13406,6932.386159,0.000000,55.000000,139.928691,0.000000,334.930362
13407,6932.386159,0.000000,55.000000,139.427298,0.000000,327.409471
13408,6932.386159,0.000000,55.000000,138.925905,0.000000,319.888579
13409,6932.386159,0.000000,55.000000,138.424513,0.000000,312.367688
13410,6932.386159,0.000000,55.000000,137.923120,0.000000,304.846797
13411,6932.386159,0.000000,55.000000,137.421727,0.000000,297.325905
13412,6932.386159,0.000000,55.000000,136.920334,0.000000,289.805014
13413,6932.386159,0.000000,55.000000,136.418942,0.000000,282.284123
13414,6932.386159,0.000000,55.000000,135.917549,0.000000,274.763231
13415,6932.386159,0.000000,55.000000,135.416156,0.000000,267.242340
13416,6932.386159,0.000000,55.000000,134.914763,0.000000,259.721448
13417,6932.386159,0.000000,55.000000,134.413370,0.000000,252.200557
13418,6932.386159,0.000000,55.000000,133.911978,0.000000,244.679666
13419,6932.386159,0.000000,55.000000,133.410585,0.000000,237.158774
13420,6932.386159,0.000000,55.000000,132.909192,0.000000,229.637883
13421,6932.386159,0.000000,55.000000,132.407799,0.000000,222.116992
13422,6932.386159,0.000000,55.000000,131.906407,0.000000,214.596100
13423,6932.386159,0.000000,55.000000,131.405014,0.000000,207.075209
13424,6932.386159,0.000000,55.000000,130.903621,0.000000,199.554318
13425,6932.386159,0.000000,55.000000,130.402228,0.000000,192.033426
13426,6932.386159,0.000000,55.000000,129.900836,0.000000,184.512535
13427,6932.386159,0.000000,55.000000,129.399443,0.000000,176.991643
13428,6932.386159,0.000000,55.000000,128.898050,0.000000,169.470752
13429,6932.386159,0.000000,55.000000,128.396657,0.000000,161.949861
13430,6932.386159,0.000000,55.000000,127.895265,0.000000,154.428969
13431,6932.386159,0.000000,55.000000,127.393872,0.000000,146.908078
13432,6932.386159,0.000000,55.000000,126.892479,0.000000,139.387187
13433,6932.386159,0.000000,55.000000,126.391086,0.000000,131.866295
13434,6932.386159,0.000000,55.000000,125.889694,0.000000,124.345404
13435,6932.386159,0.000000,55.000000,125.388301,0.000000,116.824513
13436,6932.386159,0.000000,55.000000,124.886908,0.000000,109.303621
13437,6932.386159,0.000000,55.000000,124.385515,0.000000,101.782730
13438,6932.386159,0.000000,55.000000,123.884123,0.000000,94.261838
13439,6932.386159,0.000000,55.000000,123.382730,0.000000,86.740947
13440,6932.386159,0.000000,55.000000,122.881337,0.000000,79.220056
13441,6932.386159,0.000000,55.000000,122.379944,0.000000,71.699164
13442,6932.386159,0.000000,55.000000,121.878552,0.000000,64.178273
13443,6932.386159,0.000000,55.000000,121.377159,0.000000,56.657382
13444,6932.386159,0.000000,55.000000,120.875766,0.000000,49.136490
13445,6932.386159,0.000000,55.000000,120.374373,0.000000,41.615599
13446,6932.386159,0.000000,55.000000,119.872981,0.000000,34.094708
13447,6932.386159,0.000000,55.000000,119.371588,0.000000,26.573816
13448,6932.386159,0.000000,55.000000,118.870195,0.000000,19.052925
13449,6932.386159,0.000000,55.000000,118.368802,0.000000,11.532033
13450,6932.386159,0.000000,55.000000,117.867409,0.000000,4.011142
13451,6932.386159,0.000000,55.000000,117.366017,0.000000,356.490251
13452,6932.386159,0.000000,55.000000,116.864624,0.000000,348.969359
13453,6932.386159,0.000000,55.000000,116.363231,0.000000,341.448468
13454,6932.386159,0.000000,55.000000,115.861838,0.000000,333.927577
13455,6932.386159,0.000000,55.000000,115.360446,0.000000,326.406685
13456,6932.386159,0.000000,55.000000,114.859053,0.000000,318.885794
13457,6932.386159,0.000000,55.000000,114.357660,0.000000,311.364903
13458,6932.386159,0.000000,55.000000,113.856267,0.000000,303.844011
13459,6932.386159,0.000000,55.000000,113.354875,0.000000,296.323120
13460,6932.386159,0.000000,55.000000,112.853482,0.000000,288.802228
13461,6932.386159,0.000000,55.000000,112.352089,0.000000,281.281337
13462,6932.386159,0.000000,55.000000,111.850696,0.000000,273.760446
13463,6932.386159,0.000000,55.000000,111.349304,0.000000,266.239554
13464,6932.386159,0.000000,55.000000,110.847911,0.000000,258.718663
13465,6932.386159,0.000000,55.000000,110.346518,0.000000,251.197772
13466,6932.386159,0.000000,55.000000,109.845125,0.000000,243.676880
13467,6932.386159,0.000000,55.000000,109.343733,0.000000,236.155989
13468,6932.386159,0.000000,55.000000,108.842340,0.000000,228.635097
13469,6932.386159,0.000000,55.000000,108.340947,0.000000,221.114206
13470,6932.386159,0.000000,55.000000,107.839554,0.000000,213.593315
13471,6932.386159,0.000000,55.000000,107.338162,0.000000,206.072423
13472,6932.386159,0.000000,55.000000,106.836769,0.000000,198.551532
13473,6932.386159,0.000000,55.000000,106.335376,0.000000,191.030641
13474,6932.386159,0.000000,55.000000,105.833983,0.000000,183.509749
13475,6932.386159,0.000000,55.000000,105.332591,0.000000,175.988858
13476,6932.386159,0.000000,55.000000,104.831198,0.000000,168.467967
13477,6932.386159,0.000000,55.000000,104.329805,0.000000,160.947075
13478,6932.386159,0.000000,55.000000,103.828412,0.000000,153.426184
13479,6932.386159,0.000000,55.000000,103.327019,0.000000,145.905292
13480,6932.386159,0.000000,55.000000,102.825627,0.000000,138.384401
13481,6932.386159,0.000000,55.000000,102.324234,0.000000,130.863510
13482,6932.386159,0.000000,55.000000,101.822841,0.000000,123.342618
13483,6932.386159,0.000000,55.000000,101.321448,0.000000,115.821727
13484,6932.386159,0.000000,55.000000,100.820056,0.000000,108.300836
13485,6932.386159,0.000000,55.000000,100.318663,0.000000,100.779944
13486,6932.386159,0.000000,55.000000,99.817270,0.000000,93.259053
13487,6932.386159,0.000000,55.000000,99.315877,0.000000,85.738162
13488,6932.386159,0.000000,55.000000,98.814485,0.000000,78.217270
13489,6932.386159,0.000000,55.000000,98.313092,0.000000,70.696379
13490,6932.386159,0.000000,55.000000,97.811699,0.000000,63.175487
13491,6932.386159,0.000000,55.000000,97.310306,0.000000,55.654596
13492,6932.386159,0.000000,55.000000,96.808914,0.000000,48.133705
13493,6932.386159,0.000000,55.000000,96.307521,0.000000,40.612813
13494,6932.386159,0.000000,55.000000,95.806128,0.000000,33.091922
13495,6932.386159,0.000000,55.000000,95.304735,0.000000,25.571031
13496,6932.386159,0.000000,55.000000,94.803343,0.000000,18.050139
13497,6932.386159,0.000000,55.000000,94.301950,0.000000,10.529248
13498,6932.386159,0.000000,55.000000,93.800557,0.000000,3.008357
13499,6932.386159,0.000000,55.000000,93.299164,0.000000,355.487465
13500,6932.386159,0.000000,55.000000,92.797772,0.000000,347.966574
13501,6932.386159,0.000000,55.000000,92.296379,0.000000,340.445682
13502,6932.386159,0.000000,55.000000,91.794986,0.000000,332.924791
13503,6932.386159,0.000000,55.000000,91.293593,0.000000,325.403900
13504,6932.386159,0.000000,55.000000,90.792201,0.000000,317.883008
13505,6932.386159,0.000000,55.000000,90.290808,0.000000,310.362117
13506,6932.386159,0.000000,55.000000,89.789415,0.000000,302.841226
13507,6932.386159,0.000000,55.000000,89.288022,0.000000,295.320334
13508,6932.386159,0.000000,55.000000,88.786630,0.000000,287.799443
13509,6932.386159,0.000000,55.000000,88.285237,0.000000,280.278552
13510,6932.386159,0.000000,55.000000,87.783844,0.000000,272.757660
13511,6932.386159,0.000000,55.000000,87.282451,0.000000,265.236769
13512,6932.386159,0.000000,55.000000,86.781058,0.000000,257.715877
13513,6932.386159,0.000000,55.000000,86.279666,0.000000,250.194986
13514,6932.386159,0.000000,55.000000,85.778273,0.000000,242.674095
13515,6932.386159,0.000000,55.000000,85.276880,0.000000,235.153203
13516,6932.386159,0.000000,55.000000,84.775487,0.000000,227.632312
13517,6932.386159,0.000000,55.000000,84.274095,0.000000,220.111421
13518,6932.386159,0.000000,55.000000,83.772702,0.000000,212.590529
13519,6932.386159,0.000000,55.000000,83.271309,0.000000,205.069638
13520,6932.386159,0.000000,55.000000,82.769916,0.000000,197.548747
13521,6932.386159,0.000000,55.000000,82.268524,0.000000,190.027855
13522,6932.386159,0.000000,55.000000,81.767131,0.000000,182.506964
13523,6932.386159,0.000000,55.000000,81.265738,0.000000,174.986072
13524,6932.386159,0.000000,55.000000,80.764345,0.000000,167.465181
13525,6932.386159,0.000000,55.000000,80.262953,0.000000,159.944290
13526,6932.386159,0.000000,55.000000,79.761560,0.000000,152.423398
13527,6932.386159,0.000000,55.000000,79.260167,0.000000,144.902507
13528,6932.386159,0.000000,55.000000,78.758774,0.000000,137.381616
13529,6932.386159,0.000000,55.000000,78.257382,0.000000,129.860724
13530,6932.386159,0.000000,55.000000,77.755989,0.000000,122.339833
13531,6932.386159,0.000000,55.000000,77.254596,0.000000,114.818942
13532,6932.386159,0.000000,55.000000,76.753203,0.000000,107.298050
13533,6932.386159,0.000000,55.000000,76.251811,0.000000,99.777159
13534,6932.386159,0.000000,55.000000,75.750418,0.000000,92.256267
13535,6932.386159,0.000000,55.000000,75.249025,0.000000,84.735376
13536,6932.386159,0.000000,55.000000,74.747632,0.000000,77.214485
13537,6932.386159,0.000000,55.000000,74.246240,0.000000,69.693593
13538,6932.386159,0.000000,55.000000,73.744847,0.000000,62.172702
13539,6932.386159,0.000000,55.000000,73.243454,0.000000,54.651811
13540,6932.386159,0.000000,55.000000,72.742061,0.000000,47.130919
13541,6932.386159,0.000000,55.000000,72.240669,0.000000,39.610028
13542,6932.386159,0.000000,55.000000,71.739276,0.000000,32.089136
13543,6932.386159,0.000000,55.000000,71.237883,0.000000,24.568245
13544,6932.386159,0.000000,55.000000,70.736490,0.000000,17.047354
13545,6932.386159,0.000000,55.000000,70.235097,0.000000,9.526462
13546,6932.386159,0.000000,55.000000,69.733705,0.000000,2.005571
13547,6932.386159,0.000000,55.000000,69.232312,0.000000,354.484680
13548,6932.386159,0.000000,55.000000,68.730919,0.000000,346.963788
13549,6932.386159,0.000000,55.000000,68.229526,0.000000,339.442897
13550,6932.386159,0.000000,55.000000,67.728134,0.000000,331.922006
13551,6932.386159,0.000000,55.000000,67.226741,0.000000,324.401114
13552,6932.386159,0.000000,55.000000,66.725348,0.000000,316.880223
13553,6932.386159,0.000000,55.000000,66.223955,0.000000,309.359331
13554,6932.386159,0.000000,55.000000,65.722563,0.000000,301.838440
13555,6932.386159,0.000000,55.000000,65.221170,0.000000,294.317549
13556,6932.386159,0.000000,55.000000,64.719777,0.000000,286.796657
13557,6932.386159,0.000000,55.000000,64.218384,0.000000,279.275766
13558,6932.386159,0.000000,55.000000,63.716992,0.000000,271.754875
13559,6932.386159,0.000000,55.000000,63.215599,0.000000,264.233983
13560,6932.386159,0.000000,55.000000,62.714206,0.000000,256.713092
13561,6932.386159,0.000000,55.000000,62.212813,0.000000,249.192201
13562,6932.386159,0.000000,55.000000,61.711421,0.000000,241.671309
13563,6932.386159,0.000000,55.000000,61.210028,0.000000,234.150418
13564,6932.386159,0.000000,55.000000,60.708635,0.000000,226.629526
13565,6932.386159,0.000000,55.000000,60.207242,0.000000,219.108635
13566,6932.386159,0.000000,55.000000,59.705850,0.000000,211.587744
13567,6932.386159,0.000000,55.000000,59.204457,0.000000,204.066852
13568,6932.386159,0.000000,55.000000,58.703064,0.000000,196.545961
13569,6932.386159,0.000000,55.000000,58.201671,0.000000,189.025070
13570,6932.386159,0.000000,55.000000,57.700279,0.000000,181.504178
13571,6932.386159,0.000000,55.000000,57.198886,0.000000,173.983287
13572,6932.386159,0.000000,55.000000,56.697493,0.000000,166.462396
13573,6932.386159,0.000000,55.000000,56.196100,0.000000,158.941504
13574,6932.386159,0.000000,55.000000,55.694708,0.000000,151.420613
13575,6932.386159,0.000000,55.000000,55.193315,0.000000,143.899721
13576,6932.386159,0.000000,55.000000,54.691922,0.000000,136.378830
13577,6932.386159,0.000000,55.000000,54.190529,0.000000,128.857939
13578,6932.386159,0.000000,55.000000,53.689136,0.000000,121.337047
13579,6932.386159,0.000000,55.000000,53.187744,0.000000,113.816156
13580,6932.386159,0.000000,55.000000,52.686351,0.000000,106.295265
13581,6932.386159,0.000000,55.000000,52.184958,0.000000,98.774373
13582,6932.386159,0.000000,55.000000,51.683565,0.000000,91.253482
13583,6932.386159,0.000000,55.000000,51.182173,0.000000,83.732591
13584,6932.386159,0.000000,55.000000,50.680780,0.000000,76.211699
13585,6932.386159,0.000000,55.000000,50.179387,0.000000,68.690808
13586,6932.386159,0.000000,55.000000,49.677994,0.000000,61.169916
13587,6932.386159,0.000000,55.000000,49.176602,0.000000,53.649025
13588,6932.386159,0.000000,55.000000,48.675209,0.000000,46.128134
13589,6932.386159,0.000000,55.000000,48.173816,0.000000,38.607242
13590,6932.386159,0.000000,55.000000,47.672423,0.000000,31.086351
13591,6932.386159,0.000000,55.000000,47.171031,0.000000,23.565460
13592,6932.386159,0.000000,55.000000,46.669638,0.000000,16.044568
13593,6932.386159,0.000000,55.000000,46.168245,0.000000,8.523677
13594,6932.386159,0.000000,55.000000,45.666852,0.000000,1.002786
13595,6932.386159,0.000000,55.000000,45.165460,0.000000,353.481894
13596,6932.386159,0.000000,55.000000,44.664067,0.000000,345.961003
13597,6932.386159,0.000000,55.000000,44.162674,0.000000,338.440111
13598,6932.386159,0.000000,55.000000,43.661281,0.000000,330.919220
13599,6932.386159,0.000000,55.000000,43.159889,0.000000,323.398329
13600,6932.386159,0.000000,55.000000,42.658496,0.000000,315.877437
13601,6932.386159,0.000000,55.000000,42.157103,0.000000,308.356546
13602,6932.386159,0.000000,55.000000,41.655710,0.000000,300.835655
13603,6932.386159,0.000000,55.000000,41.154318,0.000000,293.314763
13604,6932.386159,0.000000,55.000000,40.652925,0.000000,285.793872
13605,6932.386159,0.000000,55.000000,40.151532,0.000000,278.272981
13606,6932.386159,0.000000,55.000000,39.650139,0.000000,270.752089
13607,6932.386159,0.000000,55.000000,39.148747,0.000000,263.231198
13608,6932.386159,0.000000,55.000000,38.647354,0.000000,255.710306
13609,6932.386159,0.000000,55.000000,38.145961,0.000000,248.189415
13610,6932.386159,0.000000,55.000000,37.644568,0.000000,240.668524
13611,6932.386159,0.000000,55.000000,37.143175,0.000000,233.147632
13612,6932.386159,0.000000,55.000000,36.641783,0.000000,225.626741
13613,6932.386159,0.000000,55.000000,36.140390,0.000000,218.105850
13614,6932.386159,0.000000,55.000000,35.638997,0.000000,210.584958
13615,6932.386159,0.000000,55.000000,35.137604,0.000000,203.064067
13616,6932.386159,0.000000,55.000000,34.636212,0.000000,195.543175
13617,6932.386159,0.000000,55.000000,34.134819,0.000000,188.022284
13618,6932.386159,0.000000,55.000000,33.633426,0.000000,180.501393
13619,6932.386159,0.000000,55.000000,33.132033,0.000000,172.980501
13620,6932.386159,0.000000,55.000000,32.630641,0.000000,165.459610
13621,6932.386159,0.000000,55.000000,32.129248,0.000000,157.938719
13622,6932.386159,0.000000,55.000000,31.627855,0.000000,150.417827
13623,6932.386159,0.000000,55.000000,31.126462,0.000000,142.896936
13624,6932.386159,0.000000,55.000000,30.625070,0.000000,135.376045
13625,6932.386159,0.000000,55.000000,30.123677,0.000000,127.855153
13626,6932.386159,0.000000,55.000000,29.622284,0.000000,120.334262
13627,6932.386159,0.000000,55.000000,29.120891,0.000000,112.813370
13628,6932.386159,0.000000,55.000000,28.619499,0.000000,105.292479
13629,6932.386159,0.000000,55.000000,28.118106,0.000000,97.771588
13630,6932.386159,0.000000,55.000000,27.616713,0.000000,90.250696
13631,6932.386159,0.000000,55.000000,27.115320,0.000000,82.729805
13632,6932.386159,0.000000,55.000000,26.613928,0.000000,75.208914
13633,6932.386159,0.000000,55.000000,26.112535,0.000000,67.688022
13634,6932.386159,0.000000,55.000000,25.611142,0.000000,60.167131
13635,6932.386159,0.000000,55.000000,25.109749,0.000000,52.646240
13636,6932.386159,0.000000,55.000000,24.608357,0.000000,45.125348
13637,6932.386159,0.000000,55.000000,24.106964,0.000000,37.604457
13638,6932.386159,0.000000,55.000000,23.605571,0.000000,30.083565
13639,6932.386159,0.000000,55.000000,23.104178,0.000000,22.562674
13640,6932.386159,0.000000,55.000000,22.602786,0.000000,15.041783
13641,6932.386159,0.000000,55.000000,22.101393,0.000000,7.520891
13642,6932.386159,0.000000,56.000000,21.600000,0.000000,0.000000
13643,6932.386159,0.000000,56.000000,21.098607,0.000000,352.479109
13644,6932.386159,0.000000,56.000000,20.597214,0.000000,344.958217
13645,6932.386159,0.000000,56.000000,20.095822,0.000000,337.437326
13646,6932.386159,0.000000,56.000000,19.594429,0.000000,329.916435
13647,6932.386159,0.000000,56.000000,19.093036,0.000000,322.395543
13648,6932.386159,0.000000,56.000000,18.591643,0.000000,314.874652
13649,6932.386159,0.000000,56.000000,18.090251,0.000000,307.353760
13650,6932.386159,0.000000,56.000000,17.588858,0.000000,299.832869
13651,6932.386159,0.000000,56.000000,17.087465,0.000000,292.311978
13652,6932.386159,0.000000,56.000000,16.586072,0.000000,284.791086
13653,6932.386159,0.000000,56.000000,16.084680,0.000000,277.270195
13654,6932.386159,0.000000,56.000000,15.583287,0.000000,269.749304
13655,6932.386159,0.000000,56.000000,15.081894,0.000000,262.228412
13656,6932.386159,0.000000,56.000000,14.580501,0.000000,254.707521
13657,6932.386159,0.000000,56.000000,14.079109,0.000000,247.186630
13658,6932.386159,0.000000,56.000000,13.577716,0.000000,239.665738
13659,6932.386159,0.000000,56.000000,13.076323,0.000000,232.144847
13660,6932.386159,0.000000,56.000000,12.574930,0.000000,224.623955
13661,6932.386159,0.000000,56.000000,12.073538,0.000000,217.103064
13662,6932.386159,0.000000,56.000000,11.572145,0.000000,209.582173
13663,6932.386159,0.000000,56.000000,11.070752,0.000000,202.061281
13664,6932.386159,0.000000,56.000000,10.569359,0.000000,194.540390
13665,6932.386159,0.000000,56.000000,10.067967,0.000000,187.019499
13666,6932.386159,0.000000,56.000000,9.566574,0.000000,179.498607
13667,6932.386159,0.000000,56.000000,9.065181,0.000000,171.977716
13668,6932.386159,0.000000,56.000000,8.563788,0.000000,164.456825
13669,6932.386159,0.000000,56.000000,8.062396,0.000000,156.935933
13670,6932.386159,0.000000,56.000000,7.561003,0.000000,149.415042
13671,6932.386159,0.000000,56.000000,7.059610,0.000000,141.894150
13672,6932.386159,0.000000,56.000000,6.558217,0.000000,134.373259
13673,6932.386159,0.000000,56.000000,6.056825,0.000000,126.852368
13674,6932.386159,0.000000,56.000000,5.555432,0.000000,119.331476
13675,6932.386159,0.000000,56.000000,5.054039,0.000000,111.810585
13676,6932.386159,0.000000,56.000000,4.552646,0.000000,104.289694
13677,6932.386159,0.000000,56.000000,4.051253,0.000000,96.768802
13678,6932.386159,0.000000,56.000000,3.549861,0.000000,89.247911
13679,6932.386159,0.000000,56.000000,3.048468,0.000000,81.727019
13680,6932.386159,0.000000,56.000000,2.547075,0.000000,74.206128
13681,6932.386159,0.000000,56.000000,2.045682,0.000000,66.685237
13682,6932.386159,0.000000,56.000000,1.544290,0.000000,59.164345
13683,6932.386159,0.000000,56.000000,1.042897,0.000000,51.643454
13684,6932.386159,0.000000,56.000000,0.541504,0.000000,44.122563
13685,6932.386159,0.000000,56.000000,0.040111,0.000000,36.601671
13686,6932.386159,0.000000,56.000000,359.538719,0.000000,29.080780
13687,6932.386159,0.000000,56.000000,359.037326,0.000000,21.559889
13688,6932.386159,0.000000,56.000000,358.535933,0.000000,14.038997
13689,6932.386159,0.000000,56.000000,358.034540,0.000000,6.518106
13690,6932.386159,0.000000,56.000000,357.533148,0.000000,358.997214
13691,6932.386159,0.000000,56.000000,357.031755,0.000000,351.476323
13692,6932.386159,0.000000,56.000000,356.530362,0.000000,343.955432
13693,6932.386159,0.000000,56.000000,356.028969,0.000000,336.434540
13694,6932.386159,0.000000,56.000000,355.527577,0.000000,328.913649
13695,6932.386159,0.000000,56.000000,355.026184,0.000000,321.392758
13696,6932.386159,0.000000,56.000000,354.524791,0.000000,313.871866
13697,6932.386159,0.000000,56.000000,354.023398,0.000000,306.350975
13698,6932.386159,0.000000,56.000000,353.522006,0.000000,298.830084
13699,6932.386159,0.000000,56.000000,353.020613,0.000000,291.309192
13700,6932.386159,0.000000,56.000000,352.519220,0.000000,283.788301
13701,6932.386159,0.000000,56.000000,352.017827,0.000000,276.267409
13702,6932.386159,0.000000,56.000000,351.516435,0.000000,268.746518
13703,6932.386159,0.000000,56.000000,351.015042,0.000000,261.225627
13704,6932.386159,0.000000,56.000000,350.513649,0.000000,253.704735
13705,6932.386159,0.000000,56.000000,350.012256,0.000000,246.183844
13706,6932.386159,0.000000,56.000000,349.510864,0.000000,238.662953
13707,6932.386159,0.000000,56.000000,349.009471,0.000000,231.142061
13708,6932.386159,0.000000,56.000000,348.508078,0.000000,223.621170
13709,6932.386159,0.000000,56.000000,348.006685,0.000000,216.100279
13710,6932.386159,0.000000,56.000000,347.505292,0.000000,208.579387
13711,6932.386159,0.000000,56.000000,347.003900,0.000000,201.058496
13712,6932.386159,0.000000,56.000000,346.502507,0.000000,193.537604
13713,6932.386159,0.000000,56.000000,346.001114,0.000000,186.016713
13714,6932.386159,0.000000,56.000000,345.499721,0.000000,178.495822
13715,6932.386159,0.000000,56.000000,344.998329,0.000000,170.974930
13716,6932.386159,0.000000,56.000000,344.496936,0.000000,163.454039
13717,6932.386159,0.000000,56.000000,343.995543,0.000000,155.933148
13718,6932.386159,0.000000,56.000000,343.494150,0.000000,148.412256
13719,6932.386159,0.000000,56.000000,342.992758,0.000000,140.891365
13720,6932.386159,0.000000,56.000000,342.491365,0.000000,133.370474
13721,6932.386159,0.000000,56.000000,341.989972,0.000000,125.849582
13722,6932.386159,0.000000,56.000000,341.488579,0.000000,118.328691
13723,6932.386159,0.000000,56.000000,340.987187,0.000000,110.807799
13724,6932.386159,0.000000,56.000000,340.485794,0.000000,103.286908
13725,6932.386159,0.000000,56.000000,339.984401,0.000000,95.766017
13726,6932.386159,0.000000,56.000000,339.483008,0.000000,88.245125
13727,6932.386159,0.000000,56.000000,338.981616,0.000000,80.724234
13728,6932.386159,0.000000,56.000000,338.480223,0.000000,73.203343
13729,6932.386159,0.000000,56.000000,337.978830,0.000000,65.682451
13730,6932.386159,0.000000,56.000000,337.477437,0.000000,58.161560
13731,6932.386159,0.000000,56.000000,336.976045,0.000000,50.640669
13732,6932.386159,0.000000,56.000000,336.474652,0.000000,43.119777
13733,6932.386159,0.000000,56.000000,335.973259,0.000000,35.598886
13734,6932.386159,0.000000,56.000000,335.471866,0.000000,28.077994
13735,6932.386159,0.000000,56.000000,334.970474,0.000000,20.557103
13736,6932.386159,0.000000,56.000000,334.469081,0.000000,13.036212
13737,6932.386159,0.000000,56.000000,333.967688,0.000000,5.515320
13738,6932.386159,0.000000,56.000000,333.466295,0.000000,357.994429
13739,6932.386159,0.000000,56.000000,332.964903,0.000000,350.473538
13740,6932.386159,0.000000,56.000000,332.463510,0.000000,342.952646
13741,6932.386159,0.000000,56.000000,331.962117,0.000000,335.431755
13742,6932.386159,0.000000,56.000000,331.460724,0.000000,327.910864
13743,6932.386159,0.000000,56.000000,330.959331,0.000000,320.389972
13744,6932.386159,0.000000,56.000000,330.457939,0.000000,312.869081
13745,6932.386159,0.000000,56.000000,329.956546,0.000000,305.348189
13746,6932.386159,0.000000,56.000000,329.455153,0.000000,297.827298
13747,6932.386159,0.000000,56.000000,328.953760,0.000000,290.306407
13748,6932.386159,0.000000,56.000000,328.452368,0.000000,282.785515
13749,6932.386159,0.000000,56.000000,327.950975,0.000000,275.264624
13750,6932.386159,0.000000,56.000000,327.449582,0.000000,267.743733
13751,6932.386159,0.000000,56.000000,326.948189,0.000000,260.222841
13752,6932.386159,0.000000,56.000000,326.446797,0.000000,252.701950
13753,6932.386159,0.000000,56.000000,325.945404,0.000000,245.181058
13754,6932.386159,0.000000,56.000000,325.444011,0.000000,237.660167
13755,6932.386159,0.000000,56.000000,324.942618,0.000000,230.139276
13756,6932.386159,0.000000,56.000000,324.441226,0.000000,222.618384
13757,6932.386159,0.000000,56.000000,323.939833,0.000000,215.097493
13758,6932.386159,0.000000,56.000000,323.438440,0.000000,207.576602
13759,6932.386159,0.000000,56.000000,322.937047,0.000000,200.055710
13760,6932.386159,0.000000,56.000000,322.435655,0.000000,192.534819
13761,6932.386159,0.000000,56.000000,321.934262,0.000000,185.013928
13762,6932.386159,0.000000,56.000000,321.432869,0.000000,177.493036
13763,6932.386159,0.000000,56.000000,320.931476,0.000000,169.972145
13764,6932.386159,0.000000,56.000000,320.430084,0.000000,162.451253
13765,6932.386159,0.000000,56.000000,319.928691,0.000000,154.930362
13766,6932.386159,0.000000,56.000000,319.427298,0.000000,147.409471
13767,6932.386159,0.000000,56.000000,318.925905,0.000000,139.888579
13768,6932.386159,0.000000,56.000000,318.424513,0.000000,132.367688
13769,6932.386159,0.000000,56.000000,317.923120,0.000000,124.846797
13770,6932.386159,0.000000,56.000000,317.421727,0.000000,117.325905
13771,6932.386159,0.000000,56.000000,316.920334,0.000000,109.805014
13772,6932.386159,0.000000,56.000000,316.418942,0.000000,102.284123
13773,6932.386159,0.000000,56.000000,315.917549,0.000000,94.763231
13774,6932.386159,0.000000,56.000000,315.416156,0.000000,87.242340
13775,6932.386159,0.000000,56.000000,314.914763,0.000000,79.721448
13776,6932.386159,0.000000,56.000000,314.413370,0.000000,72.200557
13777,6932.386159,0.000000,56.000000,313.911978,0.000000,64.679666
13778,6932.386159,0.000000,56.000000,313.410585,0.000000,57.158774
13779,6932.386159,0.000000,56.000000,312.909192,0.000000,49.637883
13780,6932.386159,0.000000,56.000000,312.407799,0.000000,42.116992
13781,6932.386159,0.000000,56.000000,311.906407,0.000000,34.596100
13782,6932.386159,0.000000,56.000000,311.405014,0.000000,27.075209
13783,6932.386159,0.000000,56.000000,310.903621,0.000000,19.554318
13784,6932.386159,0.000000,56.000000,310.402228,0.000000,12.033426
13785,6932.386159,0.000000,56.000000,309.900836,0.000000,4.512535
13786,6932.386159,0.000000,56.000000,309.399443,0.000000,356.991643
13787,6932.386159,0.000000,56.000000,308.898050,0.000000,349.470752
13788,6932.386159,0.000000,56.000000,308.396657,0.000000,341.949861
13789,6932.386159,0.000000,56.000000,307.895265,0.000000,334.428969
13790,6932.386159,0.000000,56.000000,307.393872,0.000000,326.908078
13791,6932.386159,0.000000,56.000000,306.892479,0.000000,319.387187
13792,6932.386159,0.000000,56.000000,306.391086,0.000000,311.866295
13793,6932.386159,0.000000,56.000000,305.889694,0.000000,304.345404
13794,6932.386159,0.000000,56.000000,305.388301,0.000000,296.824513
13795,6932.386159,0.000000,56.000000,304.886908,0.000000,289.303621
13796,6932.386159,0.000000,56.000000,304.385515,0.000000,281.782730
13797,6932.386159,0.000000,56.000000,303.884123,0.000000,274.261838
13798,6932.386159,0.000000,56.000000,303.382730,0.000000,266.740947
13799,6932.386159,0.000000,56.000000,302.881337,0.000000,259.220056
13800,6932.386159,0.000000,56.000000,302.379944,0.000000,251.699164
13801,6932.386159,0.000000,56.000000,301.878552,0.000000,244.178273
13802,6932.386159,0.000000,56.000000,301.377159,0.000000,236.657382
13803,6932.386159,0.000000,56.000000,300.875766,0.000000,229.136490
13804,6932.386159,0.000000,56.000000,300.374373,0.000000,221.615599
13805,6932.386159,0.000000,56.000000,299.872981,0.000000,214.094708
13806,6932.386159,0.000000,56.000000,299.371588,0.000000,206.573816
13807,6932.386159,0.000000,56.000000,298.870195,0.000000,199.052925
13808,6932.386159,0.000000,56.000000,298.368802,0.000000,191.532033
13809,6932.386159,0.000000,56.000000,297.867409,0.000000,184.011142
13810,6932.386159,0.000000,56.000000,297.366017,0.000000,176.490251
13811,6932.386159,0.000000,56.000000,296.864624,0.000000,168.969359
13812,6932.386159,0.000000,56.000000,296.363231,0.000000,161.448468
13813,6932.386159,0.000000,56.000000,295.861838,0.000000,153.927577
13814,6932.386159,0.000000,56.000000,295.360446,0.000000,146.406685
13815,6932.386159,0.000000,56.000000,294.859053,0.000000,138.885794
13816,6932.386159,0.000000,56.000000,294.357660,0.000000,131.364903
13817,6932.386159,0.000000,56.000000,293.856267,0.000000,123.844011
13818,6932.386159,0.000000,56.000000,293.354875,0.000000,116.323120
13819,6932.386159,0.000000,56.000000,292.853482,0.000000,108.802228
13820,6932.386159,0.000000,56.000000,292.352089,0.000000,101.281337
13821,6932.386159,0.000000,56.000000,291.850696,0.000000,93.760446
13822,6932.386159,0.000000,56.000000,291.349304,0.000000,86.239554
13823,6932.386159,0.000000,56.000000,290.847911,0.000000,78.718663
13824,6932.386159,0.000000,56.000000,290.346518,0.000000,71.197772
13825,6932.386159,0.000000,56.000000,289.845125,0.000000,63.676880
13826,6932.386159,0.000000,56.000000,289.343733,0.000000,56.155989
13827,6932.386159,0.000000,56.000000,288.842340,0.000000,48.635097
13828,6932.386159,0.000000,56.000000,288.340947,0.000000,41.114206
13829,6932.386159,0.000000,56.000000,287.839554,0.000000,33.593315
13830,6932.386159,0.000000,56.000000,287.338162,0.000000,26.072423
13831,6932.386159,0.000000,56.000000,286.836769,0.000000,18.551532
13832,6932.386159,0.000000,56.000000,286.335376,0.000000,11.030641
13833,6932.386159,0.000000,56.000000,285.833983,0.000000,3.509749
13834,6932.386159,0.000000,56.000000,285.332591,0.000000,355.988858
13835,6932.386159,0.000000,56.000000,284.831198,0.000000,348.467967
13836,6932.386159,0.000000,56.000000,284.329805,0.000000,340.947075
13837,6932.386159,0.000000,56.000000,283.828412,0.000000,333.426184
13838,6932.386159,0.000000,56.000000,283.327019,0.000000,325.905292
13839,6932.386159,0.000000,56.000000,282.825627,0.000000,318.384401
13840,6932.386159,0.000000,56.000000,282.324234,0.000000,310.863510
13841,6932.386159,0.000000,56.000000,281.822841,0.000000,303.342618
13842,6932.386159,0.000000,56.000000,281.321448,0.000000,295.821727
13843,6932.386159,0.000000,56.000000,280.820056,0.000000,288.300836
13844,6932.386159,0.000000,56.000000,280.318663,0.000000,280.779944
13845,6932.386159,0.000000,56.000000,279.817270,0.000000,273.259053
13846,6932.386159,0.000000,56.000000,279.315877,0.000000,265.738162
13847,6932.386159,0.000000,56.000000,278.814485,0.000000,258.217270
13848,6932.386159,0.000000,56.000000,278.313092,0.000000,250.696379
13849,6932.386159,0.000000,56.000000,277.811699,0.000000,243.175487
13850,6932.386159,0.000000,56.000000,277.310306,0.000000,235.654596
13851,6932.386159,0.000000,56.000000,276.808914,0.000000,228.133705
13852,6932.386159,0.000000,56.000000,276.307521,0.000000,220.612813
13853,6932.386159,0.000000,56.000000,275.806128,0.000000,213.091922
13854,6932.386159,0.000000,56.000000,275.304735,0.000000,205.571031
13855,6932.386159,0.000000,56.000000,274.803343,0.000000,198.050139
13856,6932.386159,0.000000,56.000000,274.301950,0.000000,190.529248
13857,6932.386159,0.000000,56.000000,273.800557,0.000000,183.008357
13858,6932.386159,0.000000,56.000000,273.299164,0.000000,175.487465
13859,6932.386159,0.000000,56.000000,272.797772,0.000000,167.966574
13860,6932.386159,0.000000,56.000000,272.296379,0.000000,160.445682
13861,6932.386159,0.000000,56.000000,271.794986,0.000000,152.924791
13862,6932.386159,0.000000,56.000000,271.293593,0.000000,145.403900
13863,6932.386159,0.000000,56.000000,270.792201,0.000000,137.883008
13864,6932.386159,0.000000,56.000000,270.290808,0.000000,130.362117
13865,6932.386159,0.000000,56.000000,269.789415,0.000000,122.841226
13866,6932.386159,0.000000,56.000000,269.288022,0.000000,115.320334
13867,6932.386159,0.000000,56.000000,268.786630,0.000000,107.799443
13868,6932.386159,0.000000,56.000000,268.285237,0.000000,100.278552
13869,6932.386159,0.000000,56.000000,267.783844,0.000000,92.757660
13870,6932.386159,0.000000,56.000000,267.282451,0.000000,85.236769
13871,6932.386159,0.000000,56.000000,266.781058,0.000000,77.715877
13872,6932.386159,0.000000,56.000000,266.279666,0.000000,70.194986
13873,6932.386159,0.000000,56.000000,265.778273,0.000000,62.674095
13874,6932.386159,0.000000,56.000000,265.276880,0.000000,55.153203
13875,6932.386159,0.000000,56.000000,264.775487,0.000000,47.632312
13876,6932.386159,0.000000,56.000000,264.274095,0.000000,40.111421
13877,6932.386159,0.000000,56.000000,263.772702,0.000000,32.590529
13878,6932.386159,0.000000,56.000000,263.271309,0.000000,25.069638
13879,6932.386159,0.000000,56.000000,262.769916,0.000000,17.548747
13880,6932.386159,0.000000,56.000000,262.268524,0.000000,10.027855
13881,6932.386159,0.000000,56.000000,261.767131,0.000000,2.506964
13882,6932.386159,0.000000,56.000000,261.265738,0.000000,354.986072
13883,6932.386159,0.000000,56.000000,260.764345,0.000000,347.465181
13884,6932.386159,0.000000,56.000000,260.262953,0.000000,339.944290
13885,6932.386159,0.000000,56.000000,259.761560,0.000000,332.423398
13886,6932.386159,0.000000,56.000000,259.260167,0.000000,324.902507
13887,6932.386159,0.000000,56.000000,258.758774,0.000000,317.381616
13888,6932.386159,0.000000,56.000000,258.257382,0.000000,309.860724
13889,6932.386159,0.000000,56.000000,257.755989,0.000000,302.339833
13890,6932.386159,0.000000,56.000000,257.254596,0.000000,294.818942
13891,6932.386159,0.000000,56.000000,256.753203,0.000000,287.298050
13892,6932.386159,0.000000,56.000000,256.251811,0.000000,279.777159
13893,6932.386159,0.000000,56.000000,255.750418,0.000000,272.256267
13894,6932.386159,0.000000,56.000000,255.249025,0.000000,264.735376
13895,6932.386159,0.000000,56.000000,254.747632,0.000000,257.214485
13896,6932.386159,0.000000,56.000000,254.246240,0.000000,249.693593
13897,6932.386159,0.000000,56.000000,253.744847,0.000000,242.172702
13898,6932.386159,0.000000,56.000000,253.243454,0.000000,234.651811
13899,6932.386159,0.000000,56.000000,252.742061,0.000000,227.130919
13900,6932.386159,0.000000,56.000000,252.240669,0.000000,219.610028
13901,6932.386159,0.000000,56.000000,251.739276,0.000000,212.089136
13902,6932.386159,0.000000,56.000000,251.237883,0.000000,204.568245
13903,6932.386159,0.000000,56.000000,250.736490,0.000000,197.047354
13904,6932.386159,0.000000,56.000000,250.235097,0.000000,189.526462
13905,6932.386159,0.000000,56.000000,249.733705,0.000000,182.005571
13906,6932.386159,0.000000,56.000000,249.232312,0.000000,174.484680
13907,6932.386159,0.000000,56.000000,248.730919,0.000000,166.963788
13908,6932.386159,0.000000,56.000000,248.229526,0.000000,159.442897
13909,6932.386159,0.000000,56.000000,247.728134,0.000000,151.922006
13910,6932.386159,0.000000,56.000000,247.226741,0.000000,144.401114
13911,6932.386159,0.000000,56.000000,246.725348,0.000000,136.880223
13912,6932.386159,0.000000,56.000000,246.223955,0.000000,129.359331
13913,6932.386159,0.000000,56.000000,245.722563,0.000000,121.838440
13914,6932.386159,0.000000,56.000000,245.221170,0.000000,114.317549
13915,6932.386159,0.000000,56.000000,244.719777,0.000000,106.796657
13916,6932.386159,0.000000,56.000000,244.218384,0.000000,99.275766
13917,6932.386159,0.000000,56.000000,243.716992,0.000000,91.754875
13918,6932.386159,0.000000,56.000000,243.215599,0.000000,84.233983
13919,6932.386159,0.000000,56.000000,242.714206,0.000000,76.713092
13920,6932.386159,0.000000,56.000000,242.212813,0.000000,69.192201
13921,6932.386159,0.000000,56.000000,241.711421,0.000000,61.671309
13922,6932.386159,0.000000,56.000000,241.210028,0.000000,54.150418
13923,6932.386159,0.000000,56.000000,240.708635,0.000000,46.629526
13924,6932.386159,0.000000,56.000000,240.207242,0.000000,39.108635
13925,6932.386159,0.000000,56.000000,239.705850,0.000000,31.587744
13926,6932.386159,0.000000,56.000000,239.204457,0.000000,24.066852
13927,6932.386159,0.000000,56.000000,238.703064,0.000000,16.545961
13928,6932.386159,0.000000,56.000000,238.201671,0.000000,9.025070
13929,6932.386159,0.000000,56.000000,237.700279,0.000000,1.504178
13930,6932.386159,0.000000,56.000000,237.198886,0.000000,353.983287
13931,6932.386159,0.000000,56.000000,236.697493,0.000000,346.462396
13932,6932.386159,0.000000,56.000000,236.196100,0.000000,338.941504
13933,6932.386159,0.000000,56.000000,235.694708,0.000000,331.420613
13934,6932.386159,0.000000,56.000000,235.193315,0.000000,323.899721
13935,6932.386159,0.000000,56.000000,234.691922,0.000000,316.378830
13936,6932.386159,0.000000,56.000000,234.190529,0.000000,308.857939
13937,6932.386159,0.000000,56.000000,233.689136,0.000000,301.337047
13938,6932.386159,0.000000,56.000000,233.187744,0.000000,293.816156
13939,6932.386159,0.000000,56.000000,232.686351,0.000000,286.295265
13940,6932.386159,0.000000,56.000000,232.184958,0.000000,278.774373
13941,6932.386159,0.000000,56.000000,231.683565,0.000000,271.253482
13942,6932.386159,0.000000,56.000000,231.182173,0.000000,263.732591
13943,6932.386159,0.000000,56.000000,230.680780,0.000000,256.211699
13944,6932.386159,0.000000,56.000000,230.179387,0.000000,248.690808
13945,6932.386159,0.000000,56.000000,229.677994,0.000000,241.169916
13946,6932.386159,0.000000,56.000000,229.176602,0.000000,233.649025
13947,6932.386159,0.000000,56.000000,228.675209,0.000000,226.128134
13948,6932.386159,0.000000,56.000000,228.173816,0.000000,218.607242
13949,6932.386159,0.000000,56.000000,227.672423,0.000000,211.086351
13950,6932.386159,0.000000,56.000000,227.171031,0.000000,203.565460
13951,6932.386159,0.000000,56.000000,226.669638,0.000000,196.044568
13952,6932.386159,0.000000,56.000000,226.168245,0.000000,188.523677
13953,6932.386159,0.000000,56.000000,225.666852,0.000000,181.002786
13954,6932.386159,0.000000,56.000000,225.165460,0.000000,173.481894
13955,6932.386159,0.000000,56.000000,224.664067,0.000000,165.961003
13956,6932.386159,0.000000,56.000000,224.162674,0.000000,158.440111
13957,6932.386159,0.000000,56.000000,223.661281,0.000000,150.919220
13958,6932.386159,0.000000,56.000000,223.159889,0.000000,143.398329
13959,6932.386159,0.000000,56.000000,222.658496,0.000000,135.877437
13960,6932.386159,0.000000,56.000000,222.157103,0.000000,128.356546
13961,6932.386159,0.000000,56.000000,221.655710,0.000000,120.835655
13962,6932.386159,0.000000,56.000000,221.154318,0.000000,113.314763
13963,6932.386159,0.000000,56.000000,220.652925,0.000000,105.793872
13964,6932.386159,0.000000,56.000000,220.151532,0.000000,98.272981
13965,6932.386159,0.000000,56.000000,219.650139,0.000000,90.752089
13966,6932.386159,0.000000,56.000000,219.148747,0.000000,83.231198
13967,6932.386159,0.000000,56.000000,218.647354,0.000000,75.710306
13968,6932.386159,0.000000,56.000000,218.145961,0.000000,68.189415
13969,6932.386159,0.000000,56.000000,217.644568,0.000000,60.668524
13970,6932.386159,0.000000,56.000000,217.143175,0.000000,53.147632
13971,6932.386159,0.000000,56.000000,216.641783,0.000000,45.626741
13972,6932.386159,0.000000,56.000000,216.140390,0.000000,38.105850
13973,6932.386159,0.000000,56.000000,215.638997,0.000000,30.584958
13974,6932.386159,0.000000,56.000000,215.137604,0.000000,23.064067
13975,6932.386159,0.000000,56.000000,214.636212,0.000000,15.543175
13976,6932.386159,0.000000,56.000000,214.134819,0.000000,8.022284
13977,6932.386159,0.000000,56.000000,213.633426,0.000000,0.501393
13978,6932.386159,0.000000,56.000000,213.132033,0.000000,352.980501
13979,6932.386159,0.000000,56.000000,212.630641,0.000000,345.459610
13980,6932.386159,0.000000,56.000000,212.129248,0.000000,337.938719
13981,6932.386159,0.000000,56.000000,211.627855,0.000000,330.417827
13982,6932.386159,0.000000,56.000000,211.126462,0.000000,322.896936
13983,6932.386159,0.000000,56.000000,210.625070,0.000000,315.376045
13984,6932.386159,0.000000,56.000000,210.123677,0.000000,307.855153
13985,6932.386159,0.000000,56.000000,209.622284,0.000000,300.334262
13986,6932.386159,0.000000,56.000000,209.120891,0.000000,292.813370
13987,6932.386159,0.000000,56.000000,208.619499,0.000000,285.292479
13988,6932.386159,0.000000,56.000000,208.118106,0.000000,277.771588
13989,6932.386159,0.000000,56.000000,207.616713,0.000000,270.250696
13990,6932.386159,0.000000,56.000000,207.115320,0.000000,262.729805
13991,6932.386159,0.000000,56.000000,206.613928,0.000000,255.208914
13992,6932.386159,0.000000,56.000000,206.112535,0.000000,247.688022
13993,6932.386159,0.000000,56.000000,205.611142,0.000000,240.167131
13994,6932.386159,0.000000,56.000000,205.109749,0.000000,232.646240
13995,6932.386159,0.000000,56.000000,204.608357,0.000000,225.125348
13996,6932.386159,0.000000,56.000000,204.106964,0.000000,217.604457
13997,6932.386159,0.000000,56.000000,203.605571,0.000000,210.083565
13998,6932.386159,0.000000,56.000000,203.104178,0.000000,202.562674
13999,6932.386159,0.000000,56.000000,202.602786,0.000000,195.041783
14000,6932.386159,0.000000,56.000000,202.101393,0.000000,187.520891
14001,6932.386159,0.000000,56.000000,201.600000,0.000000,180.000000
14002,6932.386159,0.000000,56.000000,201.098607,0.000000,172.479109
14003,6932.386159,0.000000,56.000000,200.597214,0.000000,164.958217
14004,6932.386159,0.000000,56.000000,200.095822,0.000000,157.437326
14005,6932.386159,0.000000,56.000000,199.594429,0.000000,149.916435
14006,6932.386159,0.000000,56.000000,199.093036,0.000000,142.395543
14007,6932.386159,0.000000,56.000000,198.591643,0.000000,134.874652
14008,6932.386159,0.000000,56.000000,198.090251,0.000000,127.353760
14009,6932.386159,0.000000,56.000000,197.588858,0.000000,119.832869
14010,6932.386159,0.000000,56.000000,197.087465,0.000000,112.311978
14011,6932.386159,0.000000,56.000000,196.586072,0.000000,104.791086
14012,6932.386159,0.000000,56.000000,196.084680,0.000000,97.270195
14013,6932.386159,0.000000,56.000000,195.583287,0.000000,89.749304
14014,6932.386159,0.000000,56.000000,195.081894,0.000000,82.228412
14015,6932.386159,0.000000,56.000000,194.580501,0.000000,74.707521
14016,6932.386159,0.000000,56.000000,194.079109,0.000000,67.186630
14017,6932.386159,0.000000,56.000000,193.577716,0.000000,59.665738
14018,6932.386159,0.000000,56.000000,193.076323,0.000000,52.144847
14019,6932.386159,0.000000,56.000000,192.574930,0.000000,44.623955
14020,6932.386159,0.000000,56.000000,192.073538,0.000000,37.103064
14021,6932.386159,0.000000,56.000000,191.572145,0.000000,29.582173
14022,6932.386159,0.000000,56.000000,191.070752,0.000000,22.061281
14023,6932.386159,0.000000,56.000000,190.569359,0.000000,14.540390
14024,6932.386159,0.000000,56.000000,190.067967,0.000000,7.019499
14025,6932.386159,0.000000,56.000000,189.566574,0.000000,359.498607
14026,6932.386159,0.000000,56.000000,189.065181,0.000000,351.977716
14027,6932.386159,0.000000,56.000000,188.563788,0.000000,344.456825
14028,6932.386159,0.000000,56.000000,188.062396,0.000000,336.935933
14029,6932.386159,0.000000,56.000000,187.561003,0.000000,329.415042
14030,6932.386159,0.000000,56.000000,187.059610,0.000000,321.894150
14031,6932.386159,0.000000,56.000000,186.558217,0.000000,314.373259
14032,6932.386159,0.000000,56.000000,186.056825,0.000000,306.852368
14033,6932.386159,0.000000,56.000000,185.555432,0.000000,299.331476
14034,6932.386159,0.000000,56.000000,185.054039,0.000000,291.810585
14035,6932.386159,0.000000,56.000000,184.552646,0.000000,284.289694
14036,6932.386159,0.000000,56.000000,184.051253,0.000000,276.768802
14037,6932.386159,0.000000,56.000000,183.549861,0.000000,269.247911
14038,6932.386159,0.000000,56.000000,183.048468,0.000000,261.727019
14039,6932.386159,0.000000,56.000000,182.547075,0.000000,254.206128
14040,6932.386159,0.000000,56.000000,182.045682,0.000000,246.685237
14041,6932.386159,0.000000,56.000000,181.544290,0.000000,239.164345
14042,6932.386159,0.000000,56.000000,181.042897,0.000000,231.643454
14043,6932.386159,0.000000,56.000000,180.541504,0.000000,224.122563
14044,6932.386159,0.000000,56.000000,180.040111,0.000000,216.601671
14045,6932.386159,0.000000,56.000000,179.538719,0.000000,209.080780
14046,6932.386159,0.000000,56.000000,179.037326,0.000000,201.559889
14047,6932.386159,0.000000,56.000000,178.535933,0.000000,194.038997
14048,6932.386159,0.000000,56.000000,178.034540,0.000000,186.518106
14049,6932.386159,0.000000,56.000000,177.533148,0.000000,178.997214
14050,6932.386159,0.000000,56.000000,177.031755,0.000000,171.476323
14051,6932.386159,0.000000,56.000000,176.530362,0.000000,163.955432
14052,6932.386159,0.000000,56.000000,176.028969,0.000000,156.434540
14053,6932.386159,0.000000,56.000000,175.527577,0.000000,148.913649
14054,6932.386159,0.000000,56.000000,175.026184,0.000000,141.392758
14055,6932.386159,0.000000,56.000000,174.524791,0.000000,133.871866
14056,6932.386159,0.000000,56.000000,174.023398,0.000000,126.350975
14057,6932.386159,0.000000,56.000000,173.522006,0.000000,118.830084
14058,6932.386159,0.000000,56.000000,173.020613,0.000000,111.309192
14059,6932.386159,0.000000,56.000000,172.519220,0.000000,103.788301
14060,6932.386159,0.000000,56.000000,172.017827,0.000000,96.267409
14061,6932.386159,0.000000,56.000000,171.516435,0.000000,88.746518
14062,6932.386159,0.000000,56.000000,171.015042,0.000000,81.225627
14063,6932.386159,0.000000,56.000000,170.513649,0.000000,73.704735
14064,6932.386159,0.000000,56.000000,170.012256,0.000000,66.183844
14065,6932.386159,0.000000,56.000000,169.510864,0.000000,58.662953
14066,6932.386159,0.000000,56.000000,169.009471,0.000000,51.142061
14067,6932.386159,0.000000,56.000000,168.508078,0.000000,43.621170
14068,6932.386159,0.000000,56.000000,168.006685,0.000000,36.100279
14069,6932.386159,0.000000,56.000000,167.505292,0.000000,28.579387
14070,6932.386159,0.000000,56.000000,167.003900,0.000000,21.058496
14071,6932.386159,0.000000,56.000000,166.502507,0.000000,13.537604
14072,6932.386159,0.000000,56.000000,166.001114,0.000000,6.016713
14073,6932.386159,0.000000,56.000000,165.499721,0.000000,358.495822
14074,6932.386159,0.000000,56.000000,164.998329,0.000000,350.974930
14075,6932.386159,0.000000,56.000000,164.496936,0.000000,343.454039
14076,6932.386159,0.000000,56.000000,163.995543,0.000000,335.933148
14077,6932.386159,0.000000,56.000000,163.494150,0.000000,328.412256
14078,6932.386159,0.000000,56.000000,162.992758,0.000000,320.891365
14079,6932.386159,0.000000,56.000000,162.491365,0.000000,313.370474
14080,6932.386159,0.000000,56.000000,161.989972,0.000000,305.849582
14081,6932.386159,0.000000,56.000000,161.488579,0.000000,298.328691
14082,6932.386159,0.000000,56.000000,160.987187,0.000000,290.807799
14083,6932.386159,0.000000,56.000000,160.485794,0.000000,283.286908
14084,6932.386159,0.000000,56.000000,159.984401,0.000000,275.766017
14085,6932.386159,0.000000,56.000000,159.483008,0.000000,268.245125
14086,6932.386159,0.000000,56.000000,158.981616,0.000000,260.724234
14087,6932.386159,0.000000,56.000000,158.480223,0.000000,253.203343
14088,6932.386159,0.000000,56.000000,157.978830,0.000000,245.682451
14089,6932.386159,0.000000,56.000000,157.477437,0.000000,238.161560
14090,6932.386159,0.000000,56.000000,156.976045,0.000000,230.640669
14091,6932.386159,0.000000,56.000000,156.474652,0.000000,223.119777
14092,6932.386159,0.000000,56.000000,155.973259,0.000000,215.598886
14093,6932.386159,0.000000,56.000000,155.471866,0.000000,208.077994
14094,6932.386159,0.000000,56.000000,154.970474,0.000000,200.557103
14095,6932.386159,0.000000,56.000000,154.469081,0.000000,193.036212
14096,6932.386159,0.000000,56.000000,153.967688,0.000000,185.515320
14097,6932.386159,0.000000,56.000000,153.466295,0.000000,177.994429
14098,6932.386159,0.000000,56.000000,152.964903,0.000000,170.473538
14099,6932.386159,0.000000,56.000000,152.463510,0.000000,162.952646
14100,6932.386159,0.000000,56.000000,151.962117,0.000000,155.431755
14101,6932.386159,0.000000,56.000000,151.460724,0.000000,147.910864
14102,6932.386159,0.000000,56.000000,150.959331,0.000000,140.389972
14103,6932.386159,0.000000,56.000000,150.457939,0.000000,132.869081
14104,6932.386159,0.000000,56.000000,149.956546,0.000000,125.348189
14105,6932.386159,0.000000,56.000000,149.455153,0.000000,117.827298
14106,6932.386159,0.000000,56.000000,148.953760,0.000000,110.306407
14107,6932.386159,0.000000,56.000000,148.452368,0.000000,102.785515
14108,6932.386159,0.000000,56.000000,147.950975,0.000000,95.264624
14109,6932.386159,0.000000,56.000000,147.449582,0.000000,87.743733
14110,6932.386159,0.000000,56.000000,146.948189,0.000000,80.222841
14111,6932.386159,0.000000,56.000000,146.446797,0.000000,72.701950
14112,6932.386159,0.000000,56.000000,145.945404,0.000000,65.181058
14113,6932.386159,0.000000,56.000000,145.444011,0.000000,57.660167
14114,6932.386159,0.000000,56.000000,144.942618,0.000000,50.139276
14115,6932.386159,0.000000,56.000000,144.441226,0.000000,42.618384
14116,6932.386159,0.000000,56.000000,143.939833,0.000000,35.097493
14117,6932.386159,0.000000,56.000000,143.438440,0.000000,27.576602
14118,6932.386159,0.000000,56.000000,142.937047,0.000000,20.055710
14119,6932.386159,0.000000,56.000000,142.435655,0.000000,12.534819
14120,6932.386159,0.000000,56.000000,141.934262,0.000000,5.013928
14121,6932.386159,0.000000,56.000000,141.432869,0.000000,357.493036
14122,6932.386159,0.000000,56.000000,140.931476,0.000000,349.972145
14123,6932.386159,0.000000,56.000000,140.430084,0.000000,342.451253
14124,6932.386159,0.000000,56.000000,139.928691,0.000000,334.930362
14125,6932.386159,0.000000,56.000000,139.427298,0.000000,327.409471
14126,6932.386159,0.000000,56.000000,138.925905,0.000000,319.888579
14127,6932.386159,0.000000,56.000000,138.424513,0.000000,312.367688
14128,6932.386159,0.000000,56.000000,137.923120,0.000000,304.846797
14129,6932.386159,0.000000,56.000000,137.421727,0.000000,297.325905
14130,6932.386159,0.000000,56.000000,136.920334,0.000000,289.805014
14131,6932.386159,0.000000,56.000000,136.418942,0.000000,282.284123
14132,6932.386159,0.000000,56.000000,135.917549,0.000000,274.763231
14133,6932.386159,0.000000,56.000000,135.416156,0.000000,267.242340
14134,6932.386159,0.000000,56.000000,134.914763,0.000000,259.721448
14135,6932.386159,0.000000,56.000000,134.413370,0.000000,252.200557
14136,6932.386159,0.000000,56.000000,133.911978,0.000000,244.679666
14137,6932.386159,0.000000,56.000000,133.410585,0.000000,237.158774
14138,6932.386159,0.000000,56.000000,132.909192,0.000000,229.637883
14139,6932.386159,0.000000,56.000000,132.407799,0.000000,222.116992
14140,6932.386159,0.000000,56.000000,131.906407,0.000000,214.596100
14141,6932.386159,0.000000,56.000000,131.405014,0.000000,207.075209
14142,6932.386159,0.000000,56.000000,130.903621,0.000000,199.554318
14143,6932.386159,0.000000,56.000000,130.402228,0.000000,192.033426
14144,6932.386159,0.000000,56.000000,129.900836,0.000000,184.512535
14145,6932.386159,0.000000,56.000000,129.399443,0.000000,176.991643
14146,6932.386159,0.000000,56.000000,128.898050,0.000000,169.470752
14147,6932.386159,0.000000,56.000000,128.396657,0.000000,161.949861
14148,6932.386159,0.000000,56.000000,127.895265,0.000000,154.428969
14149,6932.386159,0.000000,56.000000,127.393872,0.000000,146.908078
14150,6932.386159,0.000000,56.000000,126.892479,0.000000,139.387187
14151,6932.386159,0.000000,56.000000,126.391086,0.000000,131.866295
14152,6932.386159,0.000000,56.000000,125.889694,0.000000,124.345404
14153,6932.386159,0.000000,56.000000,125.388301,0.000000,116.824513
14154,6932.386159,0.000000,56.000000,124.886908,0.000000,109.303621
14155,6932.386159,0.000000,56.000000,124.385515,0.000000,101.782730
14156,6932.386159,0.000000,56.000000,123.884123,0.000000,94.261838
14157,6932.386159,0.000000,56.000000,123.382730,0.000000,86.740947
14158,6932.386159,0.000000,56.000000,122.881337,0.000000,79.220056
14159,6932.386159,0.000000,56.000000,122.379944,0.000000,71.699164
14160,6932.386159,0.000000,56.000000,121.878552,0.000000,64.178273
14161,6932.386159,0.000000,56.000000,121.377159,0.000000,56.657382
14162,6932.386159,0.000000,56.000000,120.875766,0.000000,49.136490
14163,6932.386159,0.000000,56.000000,120.374373,0.000000,41.615599
14164,6932.386159,0.000000,56.000000,119.872981,0.000000,34.094708
14165,6932.386159,0.000000,56.000000,119.371588,0.000000,26.573816
14166,6932.386159,0.000000,56.000000,118.870195,0.000000,19.052925
14167,6932.386159,0.000000,56.000000,118.368802,0.000000,11.532033
14168,6932.386159,0.000000,56.000000,117.867409,0.000000,4.011142
14169,6932.386159,0.000000,56.000000,117.366017,0.000000,356.490251
14170,6932.386159,0.000000,56.000000,116.864624,0.000000,348.969359
14171,6932.386159,0.000000,56.000000,116.363231,0.000000,341.448468
14172,6932.386159,0.000000,56.000000,115.861838,0.000000,333.927577
14173,6932.386159,0.000000,56.000000,115.360446,0.000000,326.406685
14174,6932.386159,0.000000,56.000000,114.859053,0.000000,318.885794
14175,6932.386159,0.000000,56.000000,114.357660,0.000000,311.364903
14176,6932.386159,0.000000,56.000000,113.856267,0.000000,303.844011
14177,6932.386159,0.000000,56.000000,113.354875,0.000000,296.323120
14178,6932.386159,0.000000,56.000000,112.853482,0.000000,288.802228
14179,6932.386159,0.000000,56.000000,112.352089,0.000000,281.281337
14180,6932.386159,0.000000,56.000000,111.850696,0.000000,273.760446
14181,6932.386159,0.000000,56.000000,111.349304,0.000000,266.239554
14182,6932.386159,0.000000,56.000000,110.847911,0.000000,258.718663
14183,6932.386159,0.000000,56.000000,110.346518,0.000000,251.197772
14184,6932.386159,0.000000,56.000000,109.845125,0.000000,243.676880
14185,6932.386159,0.000000,56.000000,109.343733,0.000000,236.155989
14186,6932.386159,0.000000,56.000000,108.842340,0.000000,228.635097
14187,6932.386159,0.000000,56.000000,108.340947,0.000000,221.114206
14188,6932.386159,0.000000,56.000000,107.839554,0.000000,213.593315
14189,6932.386159,0.000000,56.000000,107.338162,0.000000,206.072423
14190,6932.386159,0.000000,56.000000,106.836769,0.000000,198.551532
14191,6932.386159,0.000000,56.000000,106.335376,0.000000,191.030641
14192,6932.386159,0.000000,56.000000,105.833983,0.000000,183.509749
14193,6932.386159,0.000000,56.000000,105.332591,0.000000,175.988858
14194,6932.386159,0.000000,56.000000,104.831198,0.000000,168.467967
14195,6932.386159,0.000000,56.000000,104.329805,0.000000,160.947075
14196,6932.386159,0.000000,56.000000,103.828412,0.000000,153.426184
14197,6932.386159,0.000000,56.000000,103.327019,0.000000,145.905292
14198,6932.386159,0.000000,56.000000,102.825627,0.000000,138.384401
14199,6932.386159,0.000000,56.000000,102.324234,0.000000,130.863510
14200,6932.386159,0.000000,56.000000,101.822841,0.000000,123.342618
14201,6932.386159,0.000000,56.000000,101.321448,0.000000,115.821727
14202,6932.386159,0.000000,56.000000,100.820056,0.000000,108.300836
14203,6932.386159,0.000000,56.000000,100.318663,0.000000,100.779944
14204,6932.386159,0.000000,56.000000,99.817270,0.000000,93.259053
14205,6932.386159,0.000000,56.000000,99.315877,0.000000,85.738162
14206,6932.386159,0.000000,56.000000,98.814485,0.000000,78.217270
14207,6932.386159,0.000000,56.000000,98.313092,0.000000,70.696379
14208,6932.386159,0.000000,56.000000,97.811699,0.000000,63.175487
14209,6932.386159,0.000000,56.000000,97.310306,0.000000,55.654596
14210,6932.386159,0.000000,56.000000,96.808914,0.000000,48.133705
14211,6932.386159,0.000000,56.000000,96.307521,0.000000,40.612813
14212,6932.386159,0.000000,56.000000,95.806128,0.000000,33.091922
14213,6932.386159,0.000000,56.000000,95.304735,0.000000,25.571031
14214,6932.386159,0.000000,56.000000,94.803343,0.000000,18.050139
14215,6932.386159,0.000000,56.000000,94.301950,0.000000,10.529248
14216,6932.386159,0.000000,56.000000,93.800557,0.000000,3.008357
14217,6932.386159,0.000000,56.000000,93.299164,0.000000,355.487465
14218,6932.386159,0.000000,56.000000,92.797772,0.000000,347.966574
14219,6932.386159,0.000000,56.000000,92.296379,0.000000,340.445682
14220,6932.386159,0.000000,56.000000,91.794986,0.000000,332.924791
14221,6932.386159,0.000000,56.000000,91.293593,0.000000,325.403900
14222,6932.386159,0.000000,56.000000,90.792201,0.000000,317.883008
14223,6932.386159,0.000000,56.000000,90.290808,0.000000,310.362117
14224,6932.386159,0.000000,56.000000,89.789415,0.000000,302.841226
14225,6932.386159,0.000000,56.000000,89.288022,0.000000,295.320334
14226,6932.386159,0.000000,56.000000,88.786630,0.000000,287.799443
14227,6932.386159,0.000000,56.000000,88.285237,0.000000,280.278552
14228,6932.386159,0.000000,56.000000,87.783844,0.000000,272.757660
14229,6932.386159,0.000000,56.000000,87.282451,0.000000,265.236769
14230,6932.386159,0.000000,56.000000,86.781058,0.000000,257.715877
14231,6932.386159,0.000000,56.000000,86.279666,0.000000,250.194986
14232,6932.386159,0.000000,56.000000,85.778273,0.000000,242.674095
14233,6932.386159,0.000000,56.000000,85.276880,0.000000,235.153203
14234,6932.386159,0.000000,56.000000,84.775487,0.000000,227.632312
14235,6932.386159,0.000000,56.000000,84.274095,0.000000,220.111421
14236,6932.386159,0.000000,56.000000,83.772702,0.000000,212.590529
14237,6932.386159,0.000000,56.000000,83.271309,0.000000,205.069638
14238,6932.386159,0.000000,56.000000,82.769916,0.000000,197.548747
14239,6932.386159,0.000000,56.000000,82.268524,0.000000,190.027855
14240,6932.386159,0.000000,56.000000,81.767131,0.000000,182.506964
14241,6932.386159,0.000000,56.000000,81.265738,0.000000,174.986072
14242,6932.386159,0.000000,56.000000,80.764345,0.000000,167.465181
14243,6932.386159,0.000000,56.000000,80.262953,0.000000,159.944290
14244,6932.386159,0.000000,56.000000,79.761560,0.000000,152.423398
14245,6932.386159,0.000000,56.000000,79.260167,0.000000,144.902507
14246,6932.386159,0.000000,56.000000,78.758774,0.000000,137.381616
14247,6932.386159,0.000000,56.000000,78.257382,0.000000,129.860724
14248,6932.386159,0.000000,56.000000,77.755989,0.000000,122.339833
14249,6932.386159,0.000000,56.000000,77.254596,0.000000,114.818942
14250,6932.386159,0.000000,56.000000,76.753203,0.000000,107.298050
14251,6932.386159,0.000000,56.000000,76.251811,0.000000,99.777159
14252,6932.386159,0.000000,56.000000,75.750418,0.000000,92.256267
14253,6932.386159,0.000000,56.000000,75.249025,0.000000,84.735376
14254,6932.386159,0.000000,56.000000,74.747632,0.000000,77.214485
14255,6932.386159,0.000000,56.000000,74.246240,0.000000,69.693593
14256,6932.386159,0.000000,56.000000,73.744847,0.000000,62.172702
14257,6932.386159,0.000000,56.000000,73.243454,0.000000,54.651811
14258,6932.386159,0.000000,56.000000,72.742061,0.000000,47.130919
14259,6932.386159,0.000000,56.000000,72.240669,0.000000,39.610028
14260,6932.386159,0.000000,56.000000,71.739276,0.000000,32.089136
14261,6932.386159,0.000000,56.000000,71.237883,0.000000,24.568245
14262,6932.386159,0.000000,56.000000,70.736490,0.000000,17.047354
14263,6932.386159,0.000000,56.000000,70.235097,0.000000,9.526462
14264,6932.386159,0.000000,56.000000,69.733705,0.000000,2.005571
14265,6932.386159,0.000000,56.000000,69.232312,0.000000,354.484680
14266,6932.386159,0.000000,56.000000,68.730919,0.000000,346.963788
14267,6932.386159,0.000000,56.000000,68.229526,0.000000,339.442897
14268,6932.386159,0.000000,56.000000,67.728134,0.000000,331.922006
14269,6932.386159,0.000000,56.000000,67.226741,0.000000,324.401114
14270,6932.386159,0.000000,56.000000,66.725348,0.000000,316.880223
14271,6932.386159,0.000000,56.000000,66.223955,0.000000,309.359331
14272,6932.386159,0.000000,56.000000,65.722563,0.000000,301.838440
14273,6932.386159,0.000000,56.000000,65.221170,0.000000,294.317549
14274,6932.386159,0.000000,56.000000,64.719777,0.000000,286.796657
14275,6932.386159,0.000000,56.000000,64.218384,0.000000,279.275766
14276,6932.386159,0.000000,56.000000,63.716992,0.000000,271.754875
14277,6932.386159,0.000000,56.000000,63.215599,0.000000,264.233983
14278,6932.386159,0.000000,56.000000,62.714206,0.000000,256.713092
14279,6932.386159,0.000000,56.000000,62.212813,0.000000,249.192201
14280,6932.386159,0.000000,56.000000,61.711421,0.000000,241.671309
14281,6932.386159,0.000000,56.000000,61.210028,0.000000,234.150418
14282,6932.386159,0.000000,56.000000,60.708635,0.000000,226.629526
14283,6932.386159,0.000000,56.000000,60.207242,0.000000,219.108635
14284,6932.386159,0.000000,56.000000,59.705850,0.000000,211.587744
14285,6932.386159,0.000000,56.000000,59.204457,0.000000,204.066852
14286,6932.386159,0.000000,56.000000,58.703064,0.000000,196.545961
14287,6932.386159,0.000000,56.000000,58.201671,0.000000,189.025070
14288,6932.386159,0.000000,56.000000,57.700279,0.000000,181.504178
14289,6932.386159,0.000000,56.000000,57.198886,0.000000,173.983287
14290,6932.386159,0.000000,56.000000,56.697493,0.000000,166.462396
14291,6932.386159,0.000000,56.000000,56.196100,0.000000,158.941504
14292,6932.386159,0.000000,56.000000,55.694708,0.000000,151.420613
14293,6932.386159,0.000000,56.000000,55.193315,0.000000,143.899721
14294,6932.386159,0.000000,56.000000,54.691922,0.000000,136.378830
14295,6932.386159,0.000000,56.000000,54.190529,0.000000,128.857939
14296,6932.386159,0.000000,56.000000,53.689136,0.000000,121.337047
14297,6932.386159,0.000000,56.000000,53.187744,0.000000,113.816156
14298,6932.386159,0.000000,56.000000,52.686351,0.000000,106.295265
14299,6932.386159,0.000000,56.000000,52.184958,0.000000,98.774373
14300,6932.386159,0.000000,56.000000,51.683565,0.000000,91.253482
14301,6932.386159,0.000000,56.000000,51.182173,0.000000,83.732591
14302,6932.386159,0.000000,56.000000,50.680780,0.000000,76.211699
14303,6932.386159,0.000000,56.000000,50.179387,0.000000,68.690808
14304,6932.386159,0.000000,56.000000,49.677994,0.000000,61.169916
14305,6932.386159,0.000000,56.000000,49.176602,0.000000,53.649025
14306,6932.386159,0.000000,56.000000,48.675209,0.000000,46.128134
14307,6932.386159,0.000000,56.000000,48.173816,0.000000,38.607242
14308,6932.386159,0.000000,56.000000,47.672423,0.000000,31.086351
14309,6932.386159,0.000000,56.000000,47.171031,0.000000,23.565460
14310,6932.386159,0.000000,56.000000,46.669638,0.000000,16.044568
14311,6932.386159,0.000000,56.000000,46.168245,0.000000,8.523677
14312,6932.386159,0.000000,56.000000,45.666852,0.000000,1.002786
14313,6932.386159,0.000000,56.000000,45.165460,0.000000,353.481894
14314,6932.386159,0.000000,56.000000,44.664067,0.000000,345.961003
14315,6932.386159,0.000000,56.000000,44.162674,0.000000,338.440111
14316,6932.386159,0.000000,56.000000,43.661281,0.000000,330.919220
14317,6932.386159,0.000000,56.000000,43.159889,0.000000,323.398329
14318,6932.386159,0.000000,56.000000,42.658496,0.000000,315.877437
14319,6932.386159,0.000000,56.000000,42.157103,0.000000,308.356546
14320,6932.386159,0.000000,56.000000,41.655710,0.000000,300.835655
14321,6932.386159,0.000000,56.000000,41.154318,0.000000,293.314763
14322,6932.386159,0.000000,56.000000,40.652925,0.000000,285.793872
14323,6932.386159,0.000000,56.000000,40.151532,0.000000,278.272981
14324,6932.386159,0.000000,56.000000,39.650139,0.000000,270.752089
14325,6932.386159,0.000000,56.000000,39.148747,0.000000,263.231198
14326,6932.386159,0.000000,56.000000,38.647354,0.000000,255.710306
14327,6932.386159,0.000000,56.000000,38.145961,0.000000,248.189415
14328,6932.386159,0.000000,56.000000,37.644568,0.000000,240.668524
14329,6932.386159,0.000000,56.000000,37.143175,0.000000,233.147632
14330,6932.386159,0.000000,56.000000,36.641783,0.000000,225.626741
14331,6932.386159,0.000000,56.000000,36.140390,0.000000,218.105850
14332,6932.386159,0.000000,56.000000,35.638997,0.000000,210.584958
14333,6932.386159,0.000000,56.000000,35.137604,0.000000,203.064067
14334,6932.386159,0.000000,56.000000,34.636212,0.000000,195.543175
14335,6932.386159,0.000000,56.000000,34.134819,0.000000,188.022284
14336,6932.386159,0.000000,56.000000,33.633426,0.000000,180.501393
14337,6932.386159,0.000000,56.000000,33.132033,0.000000,172.980501
14338,6932.386159,0.000000,56.000000,32.630641,0.000000,165.459610
14339,6932.386159,0.000000,56.000000,32.129248,0.000000,157.938719
14340,6932.386159,0.000000,56.000000,31.627855,0.000000,150.417827
14341,6932.386159,0.000000,56.000000,31.126462,0.000000,142.896936
14342,6932.386159,0.000000,56.000000,30.625070,0.000000,135.376045
14343,6932.386159,0.000000,56.000000,30.123677,0.000000,127.855153
14344,6932.386159,0.000000,56.000000,29.622284,0.000000,120.334262
14345,6932.386159,0.000000,56.000000,29.120891,0.000000,112.813370
14346,6932.386159,0.000000,56.000000,28.619499,0.000000,105.292479
14347,6932.386159,0.000000,56.000000,28.118106,0.000000,97.771588
14348,6932.386159,0.000000,56.000000,27.616713,0.000000,90.250696
14349,6932.386159,0.000000,56.000000,27.115320,0.000000,82.729805
14350,6932.386159,0.000000,56.000000,26.613928,0.000000,75.208914
14351,6932.386159,0.000000,56.000000,26.112535,0.000000,67.688022
14352,6932.386159,0.000000,56.000000,25.611142,0.000000,60.167131
14353,6932.386159,0.000000,56.000000,25.109749,0.000000,52.646240
14354,6932.386159,0.000000,56.000000,24.608357,0.000000,45.125348
14355,6932.386159,0.000000,56.000000,24.106964,0.000000,37.604457
14356,6932.386159,0.000000,56.000000,23.605571,0.000000,30.083565
14357,6932.386159,0.000000,56.000000,23.104178,0.000000,22.562674
14358,6932.386159,0.000000,56.000000,22.602786,0.000000,15.041783
14359,6932.386159,0.000000,56.000000,22.101393,0.000000,7.520891
14360,6932.386159,0.000000,58.000000,7.200000,0.000000,0.000000
14361,6932.386159,0.000000,58.000000,6.698607,0.000000,352.479109
14362,6932.386159,0.000000,58.000000,6.197214,0.000000,344.958217
14363,6932.386159,0.000000,58.000000,5.695822,0.000000,337.437326
14364,6932.386159,0.000000,58.000000,5.194429,0.000000,329.916435
14365,6932.386159,0.000000,58.000000,4.693036,0.000000,322.395543
14366,6932.386159,0.000000,58.000000,4.191643,0.000000,314.874652
14367,6932.386159,0.000000,58.000000,3.690251,0.000000,307.353760
14368,6932.386159,0.000000,58.000000,3.188858,0.000000,299.832869
14369,6932.386159,0.000000,58.000000,2.687465,0.000000,292.311978
14370,6932.386159,0.000000,58.000000,2.186072,0.000000,284.791086
14371,6932.386159,0.000000,58.000000,1.684680,0.000000,277.270195
14372,6932.386159,0.000000,58.000000,1.183287,0.000000,269.749304
14373,6932.386159,0.000000,58.000000,0.681894,0.000000,262.228412
14374,6932.386159,0.000000,58.000000,0.180501,0.000000,254.707521
14375,6932.386159,0.000000,58.000000,359.679109,0.000000,247.186630
14376,6932.386159,0.000000,58.000000,359.177716,0.000000,239.665738
14377,6932.386159,0.000000,58.000000,358.676323,0.000000,232.144847
14378,6932.386159,0.000000,58.000000,358.174930,0.000000,224.623955
14379,6932.386159,0.000000,58.000000,357.673538,0.000000,217.103064
14380,6932.386159,0.000000,58.000000,357.172145,0.000000,209.582173
14381,6932.386159,0.000000,58.000000,356.670752,0.000000,202.061281
14382,6932.386159,0.000000,58.000000,356.169359,0.000000,194.540390
14383,6932.386159,0.000000,58.000000,355.667967,0.000000,187.019499
14384,6932.386159,0.000000,58.000000,355.166574,0.000000,179.498607
14385,6932.386159,0.000000,58.000000,354.665181,0.000000,171.977716
14386,6932.386159,0.000000,58.000000,354.163788,0.000000,164.456825
14387,6932.386159,0.000000,58.000000,353.662396,0.000000,156.935933
14388,6932.386159,0.000000,58.000000,353.161003,0.000000,149.415042
14389,6932.386159,0.000000,58.000000,352.659610,0.000000,141.894150
14390,6932.386159,0.000000,58.000000,352.158217,0.000000,134.373259
14391,6932.386159,0.000000,58.000000,351.656825,0.000000,126.852368
14392,6932.386159,0.000000,58.000000,351.155432,0.000000,119.331476
14393,6932.386159,0.000000,58.000000,350.654039,0.000000,111.810585
14394,6932.386159,0.000000,58.000000,350.152646,0.000000,104.289694
14395,6932.386159,0.000000,58.000000,349.651253,0.000000,96.768802
14396,6932.386159,0.000000,58.000000,349.149861,0.000000,89.247911
14397,6932.386159,0.000000,58.000000,348.648468,0.000000,81.727019
14398,6932.386159,0.000000,58.000000,348.147075,0.000000,74.206128
14399,6932.386159,0.000000,58.000000,347.645682,0.000000,66.685237
14400,6932.386159,0.000000,58.000000,347.144290,0.000000,59.164345
14401,6932.386159,0.000000,58.000000,346.642897,0.000000,51.643454
14402,6932.386159,0.000000,58.000000,346.141504,0.000000,44.122563
14403,6932.386159,0.000000,58.000000,345.640111,0.000000,36.601671
14404,6932.386159,0.000000,58.000000,345.138719,0.000000,29.080780
14405,6932.386159,0.000000,58.000000,344.637326,0.000000,21.559889
14406,6932.386159,0.000000,58.000000,344.135933,0.000000,14.038997
14407,6932.386159,0.000000,58.000000,343.634540,0.000000,6.518106
14408,6932.386159,0.000000,58.000000,343.133148,0.000000,358.997214
14409,6932.386159,0.000000,58.000000,342.631755,0.000000,351.476323
14410,6932.386159,0.000000,58.000000,342.130362,0.000000,343.955432
14411,6932.386159,0.000000,58.000000,341.628969,0.000000,336.434540
14412,6932.386159,0.000000,58.000000,341.127577,0.000000,328.913649
14413,6932.386159,0.000000,58.000000,340.626184,0.000000,321.392758
14414,6932.386159,0.000000,58.000000,340.124791,0.000000,313.871866
14415,6932.386159,0.000000,58.000000,339.623398,0.000000,306.350975
14416,6932.386159,0.000000,58.000000,339.122006,0.000000,298.830084
14417,6932.386159,0.000000,58.000000,338.620613,0.000000,291.309192
14418,6932.386159,0.000000,58.000000,338.119220,0.000000,283.788301
14419,6932.386159,0.000000,58.000000,337.617827,0.000000,276.267409
14420,6932.386159,0.000000,58.000000,337.116435,0.000000,268.746518
14421,6932.386159,0.000000,58.000000,336.615042,0.000000,261.225627
14422,6932.386159,0.000000,58.000000,336.113649,0.000000,253.704735
14423,6932.386159,0.000000,58.000000,335.612256,0.000000,246.183844
14424,6932.386159,0.000000,58.000000,335.110864,0.000000,238.662953
14425,6932.386159,0.000000,58.000000,334.609471,0.000000,231.142061
14426,6932.386159,0.000000,58.000000,334.108078,0.000000,223.621170
14427,6932.386159,0.000000,58.000000,333.606685,0.000000,216.100279
14428,6932.386159,0.000000,58.000000,333.105292,0.000000,208.579387
14429,6932.386159,0.000000,58.000000,332.603900,0.000000,201.058496
14430,6932.386159,0.000000,58.000000,332.102507,0.000000,193.537604
14431,6932.386159,0.000000,58.000000,331.601114,0.000000,186.016713
14432,6932.386159,0.000000,58.000000,331.099721,0.000000,178.495822
14433,6932.386159,0.000000,58.000000,330.598329,0.000000,170.974930
14434,6932.386159,0.000000,58.000000,330.096936,0.000000,163.454039
14435,6932.386159,0.000000,58.000000,329.595543,0.000000,155.933148
14436,6932.386159,0.000000,58.000000,329.094150,0.000000,148.412256
14437,6932.386159,0.000000,58.000000,328.592758,0.000000,140.891365
14438,6932.386159,0.000000,58.000000,328.091365,0.000000,133.370474
14439,6932.386159,0.000000,58.000000,327.589972,0.000000,125.849582
14440,6932.386159,0.000000,58.000000,327.088579,0.000000,118.328691
14441,6932.386159,0.000000,58.000000,326.587187,0.000000,110.807799
14442,6932.386159,0.000000,58.000000,326.085794,0.000000,103.286908
14443,6932.386159,0.000000,58.000000,325.584401,0.000000,95.766017
14444,6932.386159,0.000000,58.000000,325.083008,0.000000,88.245125
14445,6932.386159,0.000000,58.000000,324.581616,0.000000,80.724234
14446,6932.386159,0.000000,58.000000,324.080223,0.000000,73.203343
14447,6932.386159,0.000000,58.000000,323.578830,0.000000,65.682451
14448,6932.386159,0.000000,58.000000,323.077437,0.000000,58.161560
14449,6932.386159,0.000000,58.000000,322.576045,0.000000,50.640669
14450,6932.386159,0.000000,58.000000,322.074652,0.000000,43.119777
14451,6932.386159,0.000000,58.000000,321.573259,0.000000,35.598886
14452,6932.386159,0.000000,58.000000,321.071866,0.000000,28.077994
14453,6932.386159,0.000000,58.000000,320.570474,0.000000,20.557103
14454,6932.386159,0.000000,58.000000,320.069081,0.000000,13.036212
14455,6932.386159,0.000000,58.000000,319.567688,0.000000,5.515320
14456,6932.386159,0.000000,58.000000,319.066295,0.000000,357.994429
14457,6932.386159,0.000000,58.000000,318.564903,0.000000,350.473538
14458,6932.386159,0.000000,58.000000,318.063510,0.000000,342.952646
14459,6932.386159,0.000000,58.000000,317.562117,0.000000,335.431755
14460,6932.386159,0.000000,58.000000,317.060724,0.000000,327.910864
14461,6932.386159,0.000000,58.000000,316.559331,0.000000,320.389972
14462,6932.386159,0.000000,58.000000,316.057939,0.000000,312.869081
14463,6932.386159,0.000000,58.000000,315.556546,0.000000,305.348189
14464,6932.386159,0.000000,58.000000,315.055153,0.000000,297.827298
14465,6932.386159,0.000000,58.000000,314.553760,0.000000,290.306407
14466,6932.386159,0.000000,58.000000,314.052368,0.000000,282.785515
14467,6932.386159,0.000000,58.000000,313.550975,0.000000,275.264624
14468,6932.386159,0.000000,58.000000,313.049582,0.000000,267.743733
14469,6932.386159,0.000000,58.000000,312.548189,0.000000,260.222841
14470,6932.386159,0.000000,58.000000,312.046797,0.000000,252.701950
14471,6932.386159,0.000000,58.000000,311.545404,0.000000,245.181058
14472,6932.386159,0.000000,58.000000,311.044011,0.000000,237.660167
14473,6932.386159,0.000000,58.000000,310.542618,0.000000,230.139276
14474,6932.386159,0.000000,58.000000,310.041226,0.000000,222.618384
14475,6932.386159,0.000000,58.000000,309.539833,0.000000,215.097493
14476,6932.386159,0.000000,58.000000,309.038440,0.000000,207.576602
14477,6932.386159,0.000000,58.000000,308.537047,0.000000,200.055710
14478,6932.386159,0.000000,58.000000,308.035655,0.000000,192.534819
14479,6932.386159,0.000000,58.000000,307.534262,0.000000,185.013928
14480,6932.386159,0.000000,58.000000,307.032869,0.000000,177.493036
14481,6932.386159,0.000000,58.000000,306.531476,0.000000,169.972145
14482,6932.386159,0.000000,58.000000,306.030084,0.000000,162.451253
14483,6932.386159,0.000000,58.000000,305.528691,0.000000,154.930362
14484,6932.386159,0.000000,58.000000,305.027298,0.000000,147.409471
14485,6932.386159,0.000000,58.000000,304.525905,0.000000,139.888579
14486,6932.386159,0.000000,58.000000,304.024513,0.000000,132.367688
14487,6932.386159,0.000000,58.000000,303.523120,0.000000,124.846797
14488,6932.386159,0.000000,58.000000,303.021727,0.000000,117.325905
14489,6932.386159,0.000000,58.000000,302.520334,0.000000,109.805014
14490,6932.386159,0.000000,58.000000,302.018942,0.000000,102.284123
14491,6932.386159,0.000000,58.000000,301.517549,0.000000,94.763231
14492,6932.386159,0.000000,58.000000,301.016156,0.000000,87.242340
14493,6932.386159,0.000000,58.000000,300.514763,0.000000,79.721448
14494,6932.386159,0.000000,58.000000,300.013370,0.000000,72.200557
14495,6932.386159,0.000000,58.000000,299.511978,0.000000,64.679666
14496,6932.386159,0.000000,58.000000,299.010585,0.000000,57.158774
14497,6932.386159,0.000000,58.000000,298.509192,0.000000,49.637883
14498,6932.386159,0.000000,58.000000,298.007799,0.000000,42.116992
14499,6932.386159,0.000000,58.000000,297.506407,0.000000,34.596100
14500,6932.386159,0.000000,58.000000,297.005014,0.000000,27.075209
14501,6932.386159,0.000000,58.000000,296.503621,0.000000,19.554318
14502,6932.386159,0.000000,58.000000,296.002228,0.000000,12.033426
14503,6932.386159,0.000000,58.000000,295.500836,0.000000,4.512535
14504,6932.386159,0.000000,58.000000,294.999443,0.000000,356.991643
14505,6932.386159,0.000000,58.000000,294.498050,0.000000,349.470752
14506,6932.386159,0.000000,58.000000,293.996657,0.000000,341.949861
14507,6932.386159,0.000000,58.000000,293.495265,0.000000,334.428969
14508,6932.386159,0.000000,58.000000,292.993872,0.000000,326.908078
14509,6932.386159,0.000000,58.000000,292.492479,0.000000,319.387187
14510,6932.386159,0.000000,58.000000,291.991086,0.000000,311.866295
14511,6932.386159,0.000000,58.000000,291.489694,0.000000,304.345404
14512,6932.386159,0.000000,58.000000,290.988301,0.000000,296.824513
14513,6932.386159,0.000000,58.000000,290.486908,0.000000,289.303621
14514,6932.386159,0.000000,58.000000,289.985515,0.000000,281.782730
14515,6932.386159,0.000000,58.000000,289.484123,0.000000,274.261838
14516,6932.386159,0.000000,58.000000,288.982730,0.000000,266.740947
14517,6932.386159,0.000000,58.000000,288.481337,0.000000,259.220056
14518,6932.386159,0.000000,58.000000,287.979944,0.000000,251.699164
14519,6932.386159,0.000000,58.000000,287.478552,0.000000,244.178273
14520,6932.386159,0.000000,58.000000,286.977159,0.000000,236.657382
14521,6932.386159,0.000000,58.000000,286.475766,0.000000,229.136490
14522,6932.386159,0.000000,58.000000,285.974373,0.000000,221.615599
14523,6932.386159,0.000000,58.000000,285.472981,0.000000,214.094708
14524,6932.386159,0.000000,58.000000,284.971588,0.000000,206.573816
14525,6932.386159,0.000000,58.000000,284.470195,0.000000,199.052925
14526,6932.386159,0.000000,58.000000,283.968802,0.000000,191.532033
14527,6932.386159,0.000000,58.000000,283.467409,0.000000,184.011142
14528,6932.386159,0.000000,58.000000,282.966017,0.000000,176.490251
14529,6932.386159,0.000000,58.000000,282.464624,0.000000,168.969359
14530,6932.386159,0.000000,58.000000,281.963231,0.000000,161.448468
14531,6932.386159,0.000000,58.000000,281.461838,0.000000,153.927577
14532,6932.386159,0.000000,58.000000,280.960446,0.000000,146.406685
14533,6932.386159,0.000000,58.000000,280.459053,0.000000,138.885794
14534,6932.386159,0.000000,58.000000,279.957660,0.000000,131.364903
14535,6932.386159,0.000000,58.000000,279.456267,0.000000,123.844011
14536,6932.386159,0.000000,58.000000,278.954875,0.000000,116.323120
14537,6932.386159,0.000000,58.000000,278.453482,0.000000,108.802228
14538,6932.386159,0.000000,58.000000,277.952089,0.000000,101.281337
14539,6932.386159,0.000000,58.000000,277.450696,0.000000,93.760446
14540,6932.386159,0.000000,58.000000,276.949304,0.000000,86.239554
14541,6932.386159,0.000000,58.000000,276.447911,0.000000,78.718663
14542,6932.386159,0.000000,58.000000,275.946518,0.000000,71.197772
14543,6932.386159,0.000000,58.000000,275.445125,0.000000,63.676880
14544,6932.386159,0.000000,58.000000,274.943733,0.000000,56.155989
14545,6932.386159,0.000000,58.000000,274.442340,0.000000,48.635097
14546,6932.386159,0.000000,58.000000,273.940947,0.000000,41.114206
14547,6932.386159,0.000000,58.000000,273.439554,0.000000,33.593315
14548,6932.386159,0.000000,58.000000,272.938162,0.000000,26.072423
14549,6932.386159,0.000000,58.000000,272.436769,0.000000,18.551532
14550,6932.386159,0.000000,58.000000,271.935376,0.000000,11.030641
14551,6932.386159,0.000000,58.000000,271.433983,0.000000,3.509749
14552,6932.386159,0.000000,58.000000,270.932591,0.000000,355.988858
14553,6932.386159,0.000000,58.000000,270.431198,0.000000,348.467967
14554,6932.386159,0.000000,58.000000,269.929805,0.000000,340.947075
14555,6932.386159,0.000000,58.000000,269.428412,0.000000,333.426184
14556,6932.386159,0.000000,58.000000,268.927019,0.000000,325.905292
14557,6932.386159,0.000000,58.000000,268.425627,0.000000,318.384401
14558,6932.386159,0.000000,58.000000,267.924234,0.000000,310.863510
14559,6932.386159,0.000000,58.000000,267.422841,0.000000,303.342618
14560,6932.386159,0.000000,58.000000,266.921448,0.000000,295.821727
14561,6932.386159,0.000000,58.000000,266.420056,0.000000,288.300836
14562,6932.386159,0.000000,58.000000,265.918663,0.000000,280.779944
14563,6932.386159,0.000000,58.000000,265.417270,0.000000,273.259053
14564,6932.386159,0.000000,58.000000,264.915877,0.000000,265.738162
14565,6932.386159,0.000000,58.000000,264.414485,0.000000,258.217270
14566,6932.386159,0.000000,58.000000,263.913092,0.000000,250.696379
14567,6932.386159,0.000000,58.000000,263.411699,0.000000,243.175487
14568,6932.386159,0.000000,58.000000,262.910306,0.000000,235.654596
14569,6932.386159,0.000000,58.000000,262.408914,0.000000,228.133705
14570,6932.386159,0.000000,58.000000,261.907521,0.000000,220.612813
14571,6932.386159,0.000000,58.000000,261.406128,0.000000,213.091922
14572,6932.386159,0.000000,58.000000,260.904735,0.000000,205.571031
14573,6932.386159,0.000000,58.000000,260.403343,0.000000,198.050139
14574,6932.386159,0.000000,58.000000,259.901950,0.000000,190.529248
14575,6932.386159,0.000000,58.000000,259.400557,0.000000,183.008357
14576,6932.386159,0.000000,58.000000,258.899164,0.000000,175.487465
14577,6932.386159,0.000000,58.000000,258.397772,0.000000,167.966574
14578,6932.386159,0.000000,58.000000,257.896379,0.000000,160.445682
14579,6932.386159,0.000000,58.000000,257.394986,0.000000,152.924791
14580,6932.386159,0.000000,58.000000,256.893593,0.000000,145.403900
14581,6932.386159,0.000000,58.000000,256.392201,0.000000,137.883008
14582,6932.386159,0.000000,58.000000,255.890808,0.000000,130.362117
14583,6932.386159,0.000000,58.000000,255.389415,0.000000,122.841226
14584,6932.386159,0.000000,58.000000,254.888022,0.000000,115.320334
14585,6932.386159,0.000000,58.000000,254.386630,0.000000,107.799443
14586,6932.386159,0.000000,58.000000,253.885237,0.000000,100.278552
14587,6932.386159,0.000000,58.000000,253.383844,0.000000,92.757660
14588,6932.386159,0.000000,58.000000,252.882451,0.000000,85.236769
14589,6932.386159,0.000000,58.000000,252.381058,0.000000,77.715877
14590,6932.386159,0.000000,58.000000,251.879666,0.000000,70.194986
14591,6932.386159,0.000000,58.000000,251.378273,0.000000,62.674095
14592,6932.386159,0.000000,58.000000,250.876880,0.000000,55.153203
14593,6932.386159,0.000000,58.000000,250.375487,0.000000,47.632312
14594,6932.386159,0.000000,58.000000,249.874095,0.000000,40.111421
14595,6932.386159,0.000000,58.000000,249.372702,0.000000,32.590529
14596,6932.386159,0.000000,58.000000,248.871309,0.000000,25.069638
14597,6932.386159,0.000000,58.000000,248.369916,0.000000,17.548747
14598,6932.386159,0.000000,58.000000,247.868524,0.000000,10.027855
14599,6932.386159,0.000000,58.000000,247.367131,0.000000,2.506964
14600,6932.386159,0.000000,58.000000,246.865738,0.000000,354.986072
14601,6932.386159,0.000000,58.000000,246.364345,0.000000,347.465181
14602,6932.386159,0.000000,58.000000,245.862953,0.000000,339.944290
14603,6932.386159,0.000000,58.000000,245.361560,0.000000,332.423398
14604,6932.386159,0.000000,58.000000,244.860167,0.000000,324.902507
14605,6932.386159,0.000000,58.000000,244.358774,0.000000,317.381616
14606,6932.386159,0.000000,58.000000,243.857382,0.000000,309.860724
14607,6932.386159,0.000000,58.000000,243.355989,0.000000,302.339833
14608,6932.386159,0.000000,58.000000,242.854596,0.000000,294.818942
14609,6932.386159,0.000000,58.000000,242.353203,0.000000,287.298050
14610,6932.386159,0.000000,58.000000,241.851811,0.000000,279.777159
14611,6932.386159,0.000000,58.000000,241.350418,0.000000,272.256267
14612,6932.386159,0.000000,58.000000,240.849025,0.000000,264.735376
14613,6932.386159,0.000000,58.000000,240.347632,0.000000,257.214485
14614,6932.386159,0.000000,58.000000,239.846240,0.000000,249.693593
14615,6932.386159,0.000000,58.000000,239.344847,0.000000,242.172702
14616,6932.386159,0.000000,58.000000,238.843454,0.000000,234.651811
14617,6932.386159,0.000000,58.000000,238.342061,0.000000,227.130919
14618,6932.386159,0.000000,58.000000,237.840669,0.000000,219.610028
14619,6932.386159,0.000000,58.000000,237.339276,0.000000,212.089136
14620,6932.386159,0.000000,58.000000,236.837883,0.000000,204.568245
14621,6932.386159,0.000000,58.000000,236.336490,0.000000,197.047354
14622,6932.386159,0.000000,58.000000,235.835097,0.000000,189.526462
14623,6932.386159,0.000000,58.000000,235.333705,0.000000,182.005571
14624,6932.386159,0.000000,58.000000,234.832312,0.000000,174.484680
14625,6932.386159,0.000000,58.000000,234.330919,0.000000,166.963788
14626,6932.386159,0.000000,58.000000,233.829526,0.000000,159.442897
14627,6932.386159,0.000000,58.000000,233.328134,0.000000,151.922006
14628,6932.386159,0.000000,58.000000,232.826741,0.000000,144.401114
14629,6932.386159,0.000000,58.000000,232.325348,0.000000,136.880223
14630,6932.386159,0.000000,58.000000,231.823955,0.000000,129.359331
14631,6932.386159,0.000000,58.000000,231.322563,0.000000,121.838440
14632,6932.386159,0.000000,58.000000,230.821170,0.000000,114.317549
14633,6932.386159,0.000000,58.000000,230.319777,0.000000,106.796657
14634,6932.386159,0.000000,58.000000,229.818384,0.000000,99.275766
14635,6932.386159,0.000000,58.000000,229.316992,0.000000,91.754875
14636,6932.386159,0.000000,58.000000,228.815599,0.000000,84.233983
14637,6932.386159,0.000000,58.000000,228.314206,0.000000,76.713092
14638,6932.386159,0.000000,58.000000,227.812813,0.000000,69.192201
14639,6932.386159,0.000000,58.000000,227.311421,0.000000,61.671309
14640,6932.386159,0.000000,58.000000,226.810028,0.000000,54.150418
14641,6932.386159,0.000000,58.000000,226.308635,0.000000,46.629526
14642,6932.386159,0.000000,58.000000,225.807242,0.000000,39.108635
14643,6932.386159,0.000000,58.000000,225.305850,0.000000,31.587744
14644,6932.386159,0.000000,58.000000,224.804457,0.000000,24.066852
14645,6932.386159,0.000000,58.000000,224.303064,0.000000,16.545961
14646,6932.386159,0.000000,58.000000,223.801671,0.000000,9.025070
14647,6932.386159,0.000000,58.000000,223.300279,0.000000,1.504178
14648,6932.386159,0.000000,58.000000,222.798886,0.000000,353.983287
14649,6932.386159,0.000000,58.000000,222.297493,0.000000,346.462396
14650,6932.386159,0.000000,58.000000,221.796100,0.000000,338.941504
14651,6932.386159,0.000000,58.000000,221.294708,0.000000,331.420613
14652,6932.386159,0.000000,58.000000,220.793315,0.000000,323.899721
14653,6932.386159,0.000000,58.000000,220.291922,0.000000,316.378830
14654,6932.386159,0.000000,58.000000,219.790529,0.000000,308.857939
14655,6932.386159,0.000000,58.000000,219.289136,0.000000,301.337047
14656,6932.386159,0.000000,58.000000,218.787744,0.000000,293.816156
14657,6932.386159,0.000000,58.000000,218.286351,0.000000,286.295265
14658,6932.386159,0.000000,58.000000,217.784958,0.000000,278.774373
14659,6932.386159,0.000000,58.000000,217.283565,0.000000,271.253482
14660,6932.386159,0.000000,58.000000,216.782173,0.000000,263.732591
14661,6932.386159,0.000000,58.000000,216.280780,0.000000,256.211699
14662,6932.386159,0.000000,58.000000,215.779387,0.000000,248.690808
14663,6932.386159,0.000000,58.000000,215.277994,0.000000,241.169916
14664,6932.386159,0.000000,58.000000,214.776602,0.000000,233.649025
14665,6932.386159,0.000000,58.000000,214.275209,0.000000,226.128134
14666,6932.386159,0.000000,58.000000,213.773816,0.000000,218.607242
14667,6932.386159,0.000000,58.000000,213.272423,0.000000,211.086351
14668,6932.386159,0.000000,58.000000,212.771031,0.000000,203.565460
14669,6932.386159,0.000000,58.000000,212.269638,0.000000,196.044568
14670,6932.386159,0.000000,58.000000,211.768245,0.000000,188.523677
14671,6932.386159,0.000000,58.000000,211.266852,0.000000,181.002786
14672,6932.386159,0.000000,58.000000,210.765460,0.000000,173.481894
14673,6932.386159,0.000000,58.000000,210.264067,0.000000,165.961003
14674,6932.386159,0.000000,58.000000,209.762674,0.000000,158.440111
14675,6932.386159,0.000000,58.000000,209.261281,0.000000,150.919220
14676,6932.386159,0.000000,58.000000,208.759889,0.000000,143.398329
14677,6932.386159,0.000000,58.000000,208.258496,0.000000,135.877437
14678,6932.386159,0.000000,58.000000,207.757103,0.000000,128.356546
14679,6932.386159,0.000000,58.000000,207.255710,0.000000,120.835655
14680,6932.386159,0.000000,58.000000,206.754318,0.000000,113.314763
14681,6932.386159,0.000000,58.000000,206.252925,0.000000,105.793872
14682,6932.386159,0.000000,58.000000,205.751532,0.000000,98.272981
14683,6932.386159,0.000000,58.000000,205.250139,0.000000,90.752089
14684,6932.386159,0.000000,58.000000,204.748747,0.000000,83.231198
14685,6932.386159,0.000000,58.000000,204.247354,0.000000,75.710306
14686,6932.386159,0.000000,58.000000,203.745961,0.000000,68.189415
14687,6932.386159,0.000000,58.000000,203.244568,0.000000,60.668524
14688,6932.386159,0.000000,58.000000,202.743175,0.000000,53.147632
14689,6932.386159,0.000000,58.000000,202.241783,0.000000,45.626741
14690,6932.386159,0.000000,58.000000,201.740390,0.000000,38.105850
14691,6932.386159,0.000000,58.000000,201.238997,0.000000,30.584958
14692,6932.386159,0.000000,58.000000,200.737604,0.000000,23.064067
14693,6932.386159,0.000000,58.000000,200.236212,0.000000,15.543175
14694,6932.386159,0.000000,58.000000,199.734819,0.000000,8.022284
14695,6932.386159,0.000000,58.000000,199.233426,0.000000,0.501393
14696,6932.386159,0.000000,58.000000,198.732033,0.000000,352.980501
14697,6932.386159,0.000000,58.000000,198.230641,0.000000,345.459610
14698,6932.386159,0.000000,58.000000,197.729248,0.000000,337.938719
14699,6932.386159,0.000000,58.000000,197.227855,0.000000,330.417827
14700,6932.386159,0.000000,58.000000,196.726462,0.000000,322.896936
14701,6932.386159,0.000000,58.000000,196.225070,0.000000,315.376045
14702,6932.386159,0.000000,58.000000,195.723677,0.000000,307.855153
14703,6932.386159,0.000000,58.000000,195.222284,0.000000,300.334262
14704,6932.386159,0.000000,58.000000,194.720891,0.000000,292.813370
14705,6932.386159,0.000000,58.000000,194.219499,0.000000,285.292479
14706,6932.386159,0.000000,58.000000,193.718106,0.000000,277.771588
14707,6932.386159,0.000000,58.000000,193.216713,0.000000,270.250696
14708,6932.386159,0.000000,58.000000,192.715320,0.000000,262.729805
14709,6932.386159,0.000000,58.000000,192.213928,0.000000,255.208914
14710,6932.386159,0.000000,58.000000,191.712535,0.000000,247.688022
14711,6932.386159,0.000000,58.000000,191.211142,0.000000,240.167131
14712,6932.386159,0.000000,58.000000,190.709749,0.000000,232.646240
14713,6932.386159,0.000000,58.000000,190.208357,0.000000,225.125348
14714,6932.386159,0.000000,58.000000,189.706964,0.000000,217.604457
14715,6932.386159,0.000000,58.000000,189.205571,0.000000,210.083565
14716,6932.386159,0.000000,58.000000,188.704178,0.000000,202.562674
14717,6932.386159,0.000000,58.000000,188.202786,0.000000,195.041783
14718,6932.386159,0.000000,58.000000,187.701393,0.000000,187.520891
14719,6932.386159,0.000000,58.000000,187.200000,0.000000,180.000000
14720,6932.386159,0.000000,58.000000,186.698607,0.000000,172.479109
14721,6932.386159,0.000000,58.000000,186.197214,0.000000,164.958217
14722,6932.386159,0.000000,58.000000,185.695822,0.000000,157.437326
14723,6932.386159,0.000000,58.000000,185.194429,0.000000,149.916435
14724,6932.386159,0.000000,58.000000,184.693036,0.000000,142.395543
14725,6932.386159,0.000000,58.000000,184.191643,0.000000,134.874652
14726,6932.386159,0.000000,58.000000,183.690251,0.000000,127.353760
14727,6932.386159,0.000000,58.000000,183.188858,0.000000,119.832869
14728,6932.386159,0.000000,58.000000,182.687465,0.000000,112.311978
14729,6932.386159,0.000000,58.000000,182.186072,0.000000,104.791086
14730,6932.386159,0.000000,58.000000,181.684680,0.000000,97.270195
14731,6932.386159,0.000000,58.000000,181.183287,0.000000,89.749304
14732,6932.386159,0.000000,58.000000,180.681894,0.000000,82.228412
14733,6932.386159,0.000000,58.000000,180.180501,0.000000,74.707521
14734,6932.386159,0.000000,58.000000,179.679109,0.000000,67.186630
14735,6932.386159,0.000000,58.000000,179.177716,0.000000,59.665738
14736,6932.386159,0.000000,58.000000,178.676323,0.000000,52.144847
14737,6932.386159,0.000000,58.000000,178.174930,0.000000,44.623955
14738,6932.386159,0.000000,58.000000,177.673538,0.000000,37.103064
14739,6932.386159,0.000000,58.000000,177.172145,0.000000,29.582173
14740,6932.386159,0.000000,58.000000,176.670752,0.000000,22.061281
14741,6932.386159,0.000000,58.000000,176.169359,0.000000,14.540390
14742,6932.386159,0.000000,58.000000,175.667967,0.000000,7.019499
14743,6932.386159,0.000000,58.000000,175.166574,0.000000,359.498607
14744,6932.386159,0.000000,58.000000,174.665181,0.000000,351.977716
14745,6932.386159,0.000000,58.000000,174.163788,0.000000,344.456825
14746,6932.386159,0.000000,58.000000,173.662396,0.000000,336.935933
14747,6932.386159,0.000000,58.000000,173.161003,0.000000,329.415042
14748,6932.386159,0.000000,58.000000,172.659610,0.000000,321.894150
14749,6932.386159,0.000000,58.000000,172.158217,0.000000,314.373259
14750,6932.386159,0.000000,58.000000,171.656825,0.000000,306.852368
14751,6932.386159,0.000000,58.000000,171.155432,0.000000,299.331476
14752,6932.386159,0.000000,58.000000,170.654039,0.000000,291.810585
14753,6932.386159,0.000000,58.000000,170.152646,0.000000,284.289694
14754,6932.386159,0.000000,58.000000,169.651253,0.000000,276.768802
14755,6932.386159,0.000000,58.000000,169.149861,0.000000,269.247911
14756,6932.386159,0.000000,58.000000,168.648468,0.000000,261.727019
14757,6932.386159,0.000000,58.000000,168.147075,0.000000,254.206128
14758,6932.386159,0.000000,58.000000,167.645682,0.000000,246.685237
14759,6932.386159,0.000000,58.000000,167.144290,0.000000,239.164345
14760,6932.386159,0.000000,58.000000,166.642897,0.000000,231.643454
14761,6932.386159,0.000000,58.000000,166.141504,0.000000,224.122563
14762,6932.386159,0.000000,58.000000,165.640111,0.000000,216.601671
14763,6932.386159,0.000000,58.000000,165.138719,0.000000,209.080780
14764,6932.386159,0.000000,58.000000,164.637326,0.000000,201.559889
14765,6932.386159,0.000000,58.000000,164.135933,0.000000,194.038997
14766,6932.386159,0.000000,58.000000,163.634540,0.000000,186.518106
14767,6932.386159,0.000000,58.000000,163.133148,0.000000,178.997214
14768,6932.386159,0.000000,58.000000,162.631755,0.000000,171.476323
14769,6932.386159,0.000000,58.000000,162.130362,0.000000,163.955432
14770,6932.386159,0.000000,58.000000,161.628969,0.000000,156.434540
14771,6932.386159,0.000000,58.000000,161.127577,0.000000,148.913649
14772,6932.386159,0.000000,58.000000,160.626184,0.000000,141.392758
14773,6932.386159,0.000000,58.000000,160.124791,0.000000,133.871866
14774,6932.386159,0.000000,58.000000,159.623398,0.000000,126.350975
14775,6932.386159,0.000000,58.000000,159.122006,0.000000,118.830084
14776,6932.386159,0.000000,58.000000,158.620613,0.000000,111.309192
14777,6932.386159,0.000000,58.000000,158.119220,0.000000,103.788301
14778,6932.386159,0.000000,58.000000,157.617827,0.000000,96.267409
14779,6932.386159,0.000000,58.000000,157.116435,0.000000,88.746518
14780,6932.386159,0.000000,58.000000,156.615042,0.000000,81.225627
14781,6932.386159,0.000000,58.000000,156.113649,0.000000,73.704735
14782,6932.386159,0.000000,58.000000,155.612256,0.000000,66.183844
14783,6932.386159,0.000000,58.000000,155.110864,0.000000,58.662953
14784,6932.386159,0.000000,58.000000,154.609471,0.000000,51.142061
14785,6932.386159,0.000000,58.000000,154.108078,0.000000,43.621170
14786,6932.386159,0.000000,58.000000,153.606685,0.000000,36.100279
14787,6932.386159,0.000000,58.000000,153.105292,0.000000,28.579387
14788,6932.386159,0.000000,58.000000,152.603900,0.000000,21.058496
14789,6932.386159,0.000000,58.000000,152.102507,0.000000,13.537604
14790,6932.386159,0.000000,58.000000,151.601114,0.000000,6.016713
14791,6932.386159,0.000000,58.000000,151.099721,0.000000,358.495822
14792,6932.386159,0.000000,58.000000,150.598329,0.000000,350.974930
14793,6932.386159,0.000000,58.000000,150.096936,0.000000,343.454039
14794,6932.386159,0.000000,58.000000,149.595543,0.000000,335.933148
14795,6932.386159,0.000000,58.000000,149.094150,0.000000,328.412256
14796,6932.386159,0.000000,58.000000,148.592758,0.000000,320.891365
14797,6932.386159,0.000000,58.000000,148.091365,0.000000,313.370474
14798,6932.386159,0.000000,58.000000,147.589972,0.000000,305.849582
14799,6932.386159,0.000000,58.000000,147.088579,0.000000,298.328691
14800,6932.386159,0.000000,58.000000,146.587187,0.000000,290.807799
14801,6932.386159,0.000000,58.000000,146.085794,0.000000,283.286908
14802,6932.386159,0.000000,58.000000,145.584401,0.000000,275.766017
14803,6932.386159,0.000000,58.000000,145.083008,0.000000,268.245125
14804,6932.386159,0.000000,58.000000,144.581616,0.000000,260.724234
14805,6932.386159,0.000000,58.000000,144.080223,0.000000,253.203343
14806,6932.386159,0.000000,58.000000,143.578830,0.000000,245.682451
14807,6932.386159,0.000000,58.000000,143.077437,0.000000,238.161560
14808,6932.386159,0.000000,58.000000,142.576045,0.000000,230.640669
14809,6932.386159,0.000000,58.000000,142.074652,0.000000,223.119777
14810,6932.386159,0.000000,58.000000,141.573259,0.000000,215.598886
14811,6932.386159,0.000000,58.000000,141.071866,0.000000,208.077994
14812,6932.386159,0.000000,58.000000,140.570474,0.000000,200.557103
14813,6932.386159,0.000000,58.000000,140.069081,0.000000,193.036212
14814,6932.386159,0.000000,58.000000,139.567688,0.000000,185.515320
14815,6932.386159,0.000000,58.000000,139.066295,0.000000,177.994429
14816,6932.386159,0.000000,58.000000,138.564903,0.000000,170.473538
14817,6932.386159,0.000000,58.000000,138.063510,0.000000,162.952646
14818,6932.386159,0.000000,58.000000,137.562117,0.000000,155.431755
14819,6932.386159,0.000000,58.000000,137.060724,0.000000,147.910864
14820,6932.386159,0.000000,58.000000,136.559331,0.000000,140.389972
14821,6932.386159,0.000000,58.000000,136.057939,0.000000,132.869081
14822,6932.386159,0.000000,58.000000,135.556546,0.000000,125.348189
14823,6932.386159,0.000000,58.000000,135.055153,0.000000,117.827298
14824,6932.386159,0.000000,58.000000,134.553760,0.000000,110.306407
14825,6932.386159,0.000000,58.000000,134.052368,0.000000,102.785515
14826,6932.386159,0.000000,58.000000,133.550975,0.000000,95.264624
14827,6932.386159,0.000000,58.000000,133.049582,0.000000,87.743733
14828,6932.386159,0.000000,58.000000,132.548189,0.000000,80.222841
14829,6932.386159,0.000000,58.000000,132.046797,0.000000,72.701950
14830,6932.386159,0.000000,58.000000,131.545404,0.000000,65.181058
14831,6932.386159,0.000000,58.000000,131.044011,0.000000,57.660167
14832,6932.386159,0.000000,58.000000,130.542618,0.000000,50.139276
14833,6932.386159,0.000000,58.000000,130.041226,0.000000,42.618384
14834,6932.386159,0.000000,58.000000,129.539833,0.000000,35.097493
14835,6932.386159,0.000000,58.000000,129.038440,0.000000,27.576602
14836,6932.386159,0.000000,58.000000,128.537047,0.000000,20.055710
14837,6932.386159,0.000000,58.000000,128.035655,0.000000,12.534819
14838,6932.386159,0.000000,58.000000,127.534262,0.000000,5.013928
14839,6932.386159,0.000000,58.000000,127.032869,0.000000,357.493036
14840,6932.386159,0.000000,58.000000,126.531476,0.000000,349.972145
14841,6932.386159,0.000000,58.000000,126.030084,0.000000,342.451253
14842,6932.386159,0.000000,58.000000,125.528691,0.000000,334.930362
14843,6932.386159,0.000000,58.000000,125.027298,0.000000,327.409471
14844,6932.386159,0.000000,58.000000,124.525905,0.000000,319.888579
14845,6932.386159,0.000000,58.000000,124.024513,0.000000,312.367688
14846,6932.386159,0.000000,58.000000,123.523120,0.000000,304.846797
14847,6932.386159,0.000000,58.000000,123.021727,0.000000,297.325905
14848,6932.386159,0.000000,58.000000,122.520334,0.000000,289.805014
14849,6932.386159,0.000000,58.000000,122.018942,0.000000,282.284123
14850,6932.386159,0.000000,58.000000,121.517549,0.000000,274.763231
14851,6932.386159,0.000000,58.000000,121.016156,0.000000,267.242340
14852,6932.386159,0.000000,58.000000,120.514763,0.000000,259.721448
14853,6932.386159,0.000000,58.000000,120.013370,0.000000,252.200557
14854,6932.386159,0.000000,58.000000,119.511978,0.000000,244.679666
14855,6932.386159,0.000000,58.000000,119.010585,0.000000,237.158774
14856,6932.386159,0.000000,58.000000,118.509192,0.000000,229.637883
14857,6932.386159,0.000000,58.000000,118.007799,0.000000,222.116992
14858,6932.386159,0.000000,58.000000,117.506407,0.000000,214.596100
14859,6932.386159,0.000000,58.000000,117.005014,0.000000,207.075209
14860,6932.386159,0.000000,58.000000,116.503621,0.000000,199.554318
14861,6932.386159,0.000000,58.000000,116.002228,0.000000,192.033426
14862,6932.386159,0.000000,58.000000,115.500836,0.000000,184.512535
14863,6932.386159,0.000000,58.000000,114.999443,0.000000,176.991643
14864,6932.386159,0.000000,58.000000,114.498050,0.000000,169.470752
14865,6932.386159,0.000000,58.000000,113.996657,0.000000,161.949861
14866,6932.386159,0.000000,58.000000,113.495265,0.000000,154.428969
14867,6932.386159,0.000000,58.000000,112.993872,0.000000,146.908078
14868,6932.386159,0.000000,58.000000,112.492479,0.000000,139.387187
14869,6932.386159,0.000000,58.000000,111.991086,0.000000,131.866295
14870,6932.386159,0.000000,58.000000,111.489694,0.000000,124.345404
14871,6932.386159,0.000000,58.000000,110.988301,0.000000,116.824513
14872,6932.386159,0.000000,58.000000,110.486908,0.000000,109.303621
14873,6932.386159,0.000000,58.000000,109.985515,0.000000,101.782730
14874,6932.386159,0.000000,58.000000,109.484123,0.000000,94.261838
14875,6932.386159,0.000000,58.000000,108.982730,0.000000,86.740947
14876,6932.386159,0.000000,58.000000,108.481337,0.000000,79.220056
14877,6932.386159,0.000000,58.000000,107.979944,0.000000,71.699164
14878,6932.386159,0.000000,58.000000,107.478552,0.000000,64.178273
14879,6932.386159,0.000000,58.000000,106.977159,0.000000,56.657382
14880,6932.386159,0.000000,58.000000,106.475766,0.000000,49.136490
14881,6932.386159,0.000000,58.000000,105.974373,0.000000,41.615599
14882,6932.386159,0.000000,58.000000,105.472981,0.000000,34.094708
14883,6932.386159,0.000000,58.000000,104.971588,0.000000,26.573816
14884,6932.386159,0.000000,58.000000,104.470195,0.000000,19.052925
14885,6932.386159,0.000000,58.000000,103.968802,0.000000,11.532033
14886,6932.386159,0.000000,58.000000,103.467409,0.000000,4.011142
14887,6932.386159,0.000000,58.000000,102.966017,0.000000,356.490251
14888,6932.386159,0.000000,58.000000,102.464624,0.000000,348.969359
14889,6932.386159,0.000000,58.000000,101.963231,0.000000,341.448468
14890,6932.386159,0.000000,58.000000,101.461838,0.000000,333.927577
14891,6932.386159,0.000000,58.000000,100.960446,0.000000,326.406685
14892,6932.386159,0.000000,58.000000,100.459053,0.000000,318.885794
14893,6932.386159,0.000000,58.000000,99.957660,0.000000,311.364903
14894,6932.386159,0.000000,58.000000,99.456267,0.000000,303.844011
14895,6932.386159,0.000000,58.000000,98.954875,0.000000,296.323120
14896,6932.386159,0.000000,58.000000,98.453482,0.000000,288.802228
14897,6932.386159,0.000000,58.000000,97.952089,0.000000,281.281337
14898,6932.386159,0.000000,58.000000,97.450696,0.000000,273.760446
14899,6932.386159,0.000000,58.000000,96.949304,0.000000,266.239554
14900,6932.386159,0.000000,58.000000,96.447911,0.000000,258.718663
14901,6932.386159,0.000000,58.000000,95.946518,0.000000,251.197772
14902,6932.386159,0.000000,58.000000,95.445125,0.000000,243.676880
14903,6932.386159,0.000000,58.000000,94.943733,0.000000,236.155989
14904,6932.386159,0.000000,58.000000,94.442340,0.000000,228.635097
14905,6932.386159,0.000000,58.000000,93.940947,0.000000,221.114206
14906,6932.386159,0.000000,58.000000,93.439554,0.000000,213.593315
14907,6932.386159,0.000000,58.000000,92.938162,0.000000,206.072423
14908,6932.386159,0.000000,58.000000,92.436769,0.000000,198.551532
14909,6932.386159,0.000000,58.000000,91.935376,0.000000,191.030641
14910,6932.386159,0.000000,58.000000,91.433983,0.000000,183.509749
14911,6932.386159,0.000000,58.000000,90.932591,0.000000,175.988858
14912,6932.386159,0.000000,58.000000,90.431198,0.000000,168.467967
14913,6932.386159,0.000000,58.000000,89.929805,0.000000,160.947075
14914,6932.386159,0.000000,58.000000,89.428412,0.000000,153.426184
14915,6932.386159,0.000000,58.000000,88.927019,0.000000,145.905292
14916,6932.386159,0.000000,58.000000,88.425627,0.000000,138.384401
14917,6932.386159,0.000000,58.000000,87.924234,0.000000,130.863510
14918,6932.386159,0.000000,58.000000,87.422841,0.000000,123.342618
14919,6932.386159,0.000000,58.000000,86.921448,0.000000,115.821727
14920,6932.386159,0.000000,58.000000,86.420056,0.000000,108.300836
14921,6932.386159,0.000000,58.000000,85.918663,0.000000,100.779944
14922,6932.386159,0.000000,58.000000,85.417270,0.000000,93.259053
14923,6932.386159,0.000000,58.000000,84.915877,0.000000,85.738162
14924,6932.386159,0.000000,58.000000,84.414485,0.000000,78.217270
14925,6932.386159,0.000000,58.000000,83.913092,0.000000,70.696379
14926,6932.386159,0.000000,58.000000,83.411699,0.000000,63.175487
14927,6932.386159,0.000000,58.000000,82.910306,0.000000,55.654596
14928,6932.386159,0.000000,58.000000,82.408914,0.000000,48.133705
14929,6932.386159,0.000000,58.000000,81.907521,0.000000,40.612813
14930,6932.386159,0.000000,58.000000,81.406128,0.000000,33.091922
14931,6932.386159,0.000000,58.000000,80.904735,0.000000,25.571031
14932,6932.386159,0.000000,58.000000,80.403343,0.000000,18.050139
14933,6932.386159,0.000000,58.000000,79.901950,0.000000,10.529248
14934,6932.386159,0.000000,58.000000,79.400557,0.000000,3.008357
14935,6932.386159,0.000000,58.000000,78.899164,0.000000,355.487465
14936,6932.386159,0.000000,58.000000,78.397772,0.000000,347.966574
14937,6932.386159,0.000000,58.000000,77.896379,0.000000,340.445682
14938,6932.386159,0.000000,58.000000,77.394986,0.000000,332.924791
14939,6932.386159,0.000000,58.000000,76.893593,0.000000,325.403900
14940,6932.386159,0.000000,58.000000,76.392201,0.000000,317.883008
14941,6932.386159,0.000000,58.000000,75.890808,0.000000,310.362117
14942,6932.386159,0.000000,58.000000,75.389415,0.000000,302.841226
14943,6932.386159,0.000000,58.000000,74.888022,0.000000,295.320334
14944,6932.386159,0.000000,58.000000,74.386630,0.000000,287.799443
14945,6932.386159,0.000000,58.000000,73.885237,0.000000,280.278552
14946,6932.386159,0.000000,58.000000,73.383844,0.000000,272.757660
14947,6932.386159,0.000000,58.000000,72.882451,0.000000,265.236769
14948,6932.386159,0.000000,58.000000,72.381058,0.000000,257.715877
14949,6932.386159,0.000000,58.000000,71.879666,0.000000,250.194986
14950,6932.386159,0.000000,58.000000,71.378273,0.000000,242.674095
14951,6932.386159,0.000000,58.000000,70.876880,0.000000,235.153203
14952,6932.386159,0.000000,58.000000,70.375487,0.000000,227.632312
14953,6932.386159,0.000000,58.000000,69.874095,0.000000,220.111421
14954,6932.386159,0.000000,58.000000,69.372702,0.000000,212.590529
14955,6932.386159,0.000000,58.000000,68.871309,0.000000,205.069638
14956,6932.386159,0.000000,58.000000,68.369916,0.000000,197.548747
14957,6932.386159,0.000000,58.000000,67.868524,0.000000,190.027855
14958,6932.386159,0.000000,58.000000,67.367131,0.000000,182.506964
14959,6932.386159,0.000000,58.000000,66.865738,0.000000,174.986072
14960,6932.386159,0.000000,58.000000,66.364345,0.000000,167.465181
14961,6932.386159,0.000000,58.000000,65.862953,0.000000,159.944290
14962,6932.386159,0.000000,58.000000,65.361560,0.000000,152.423398
14963,6932.386159,0.000000,58.000000,64.860167,0.000000,144.902507
14964,6932.386159,0.000000,58.000000,64.358774,0.000000,137.381616
14965,6932.386159,0.000000,58.000000,63.857382,0.000000,129.860724
14966,6932.386159,0.000000,58.000000,63.355989,0.000000,122.339833
14967,6932.386159,0.000000,58.000000,62.854596,0.000000,114.818942
14968,6932.386159,0.000000,58.000000,62.353203,0.000000,107.298050
14969,6932.386159,0.000000,58.000000,61.851811,0.000000,99.777159
14970,6932.386159,0.000000,58.000000,61.350418,0.000000,92.256267
14971,6932.386159,0.000000,58.000000,60.849025,0.000000,84.735376
14972,6932.386159,0.000000,58.000000,60.347632,0.000000,77.214485
14973,6932.386159,0.000000,58.000000,59.846240,0.000000,69.693593
14974,6932.386159,0.000000,58.000000,59.344847,0.000000,62.172702
14975,6932.386159,0.000000,58.000000,58.843454,0.000000,54.651811
14976,6932.386159,0.000000,58.000000,58.342061,0.000000,47.130919
14977,6932.386159,0.000000,58.000000,57.840669,0.000000,39.610028
14978,6932.386159,0.000000,58.000000,57.339276,0.000000,32.089136
14979,6932.386159,0.000000,58.000000,56.837883,0.000000,24.568245
14980,6932.386159,0.000000,58.000000,56.336490,0.000000,17.047354
14981,6932.386159,0.000000,58.000000,55.835097,0.000000,9.526462
14982,6932.386159,0.000000,58.000000,55.333705,0.000000,2.005571
14983,6932.386159,0.000000,58.000000,54.832312,0.000000,354.484680
14984,6932.386159,0.000000,58.000000,54.330919,0.000000,346.963788
14985,6932.386159,0.000000,58.000000,53.829526,0.000000,339.442897
14986,6932.386159,0.000000,58.000000,53.328134,0.000000,331.922006
14987,6932.386159,0.000000,58.000000,52.826741,0.000000,324.401114
14988,6932.386159,0.000000,58.000000,52.325348,0.000000,316.880223
14989,6932.386159,0.000000,58.000000,51.823955,0.000000,309.359331
14990,6932.386159,0.000000,58.000000,51.322563,0.000000,301.838440
14991,6932.386159,0.000000,58.000000,50.821170,0.000000,294.317549
14992,6932.386159,0.000000,58.000000,50.319777,0.000000,286.796657
14993,6932.386159,0.000000,58.000000,49.818384,0.000000,279.275766
14994,6932.386159,0.000000,58.000000,49.316992,0.000000,271.754875
14995,6932.386159,0.000000,58.000000,48.815599,0.000000,264.233983
14996,6932.386159,0.000000,58.000000,48.314206,0.000000,256.713092
14997,6932.386159,0.000000,58.000000,47.812813,0.000000,249.192201
14998,6932.386159,0.000000,58.000000,47.311421,0.000000,241.671309
14999,6932.386159,0.000000,58.000000,46.810028,0.000000,234.150418
15000,6932.386159,0.000000,58.000000,46.308635,0.000000,226.629526
15001,6932.386159,0.000000,58.000000,45.807242,0.000000,219.108635
15002,6932.386159,0.000000,58.000000,45.305850,0.000000,211.587744
15003,6932.386159,0.000000,58.000000,44.804457,0.000000,204.066852
15004,6932.386159,0.000000,58.000000,44.303064,0.000000,196.545961
15005,6932.386159,0.000000,58.000000,43.801671,0.000000,189.025070
15006,6932.386159,0.000000,58.000000,43.300279,0.000000,181.504178
15007,6932.386159,0.000000,58.000000,42.798886,0.000000,173.983287
15008,6932.386159,0.000000,58.000000,42.297493,0.000000,166.462396
15009,6932.386159,0.000000,58.000000,41.796100,0.000000,158.941504
15010,6932.386159,0.000000,58.000000,41.294708,0.000000,151.420613
15011,6932.386159,0.000000,58.000000,40.793315,0.000000,143.899721
15012,6932.386159,0.000000,58.000000,40.291922,0.000000,136.378830
15013,6932.386159,0.000000,58.000000,39.790529,0.000000,128.857939
15014,6932.386159,0.000000,58.000000,39.289136,0.000000,121.337047
15015,6932.386159,0.000000,58.000000,38.787744,0.000000,113.816156
15016,6932.386159,0.000000,58.000000,38.286351,0.000000,106.295265
15017,6932.386159,0.000000,58.000000,37.784958,0.000000,98.774373
15018,6932.386159,0.000000,58.000000,37.283565,0.000000,91.253482
15019,6932.386159,0.000000,58.000000,36.782173,0.000000,83.732591
15020,6932.386159,0.000000,58.000000,36.280780,0.000000,76.211699
15021,6932.386159,0.000000,58.000000,35.779387,0.000000,68.690808
15022,6932.386159,0.000000,58.000000,35.277994,0.000000,61.169916
15023,6932.386159,0.000000,58.000000,34.776602,0.000000,53.649025
15024,6932.386159,0.000000,58.000000,34.275209,0.000000,46.128134
15025,6932.386159,0.000000,58.000000,33.773816,0.000000,38.607242
15026,6932.386159,0.000000,58.000000,33.272423,0.000000,31.086351
15027,6932.386159,0.000000,58.000000,32.771031,0.000000,23.565460
15028,6932.386159,0.000000,58.000000,32.269638,0.000000,16.044568
15029,6932.386159,0.000000,58.000000,31.768245,0.000000,8.523677
15030,6932.386159,0.000000,58.000000,31.266852,0.000000,1.002786
15031,6932.386159,0.000000,58.000000,30.765460,0.000000,353.481894
15032,6932.386159,0.000000,58.000000,30.264067,0.000000,345.961003
15033,6932.386159,0.000000,58.000000,29.762674,0.000000,338.440111
15034,6932.386159,0.000000,58.000000,29.261281,0.000000,330.919220
15035,6932.386159,0.000000,58.000000,28.759889,0.000000,323.398329
15036,6932.386159,0.000000,58.000000,28.258496,0.000000,315.877437
15037,6932.386159,0.000000,58.000000,27.757103,0.000000,308.356546
15038,6932.386159,0.000000,58.000000,27.255710,0.000000,300.835655
15039,6932.386159,0.000000,58.000000,26.754318,0.000000,293.314763
15040,6932.386159,0.000000,58.000000,26.252925,0.000000,285.793872
15041,6932.386159,0.000000,58.000000,25.751532,0.000000,278.272981
15042,6932.386159,0.000000,58.000000,25.250139,0.000000,270.752089
15043,6932.386159,0.000000,58.000000,24.748747,0.000000,263.231198
15044,6932.386159,0.000000,58.000000,24.247354,0.000000,255.710306
15045,6932.386159,0.000000,58.000000,23.745961,0.000000,248.189415
15046,6932.386159,0.000000,58.000000,23.244568,0.000000,240.668524
15047,6932.386159,0.000000,58.000000,22.743175,0.000000,233.147632
15048,6932.386159,0.000000,58.000000,22.241783,0.000000,225.626741
15049,6932.386159,0.000000,58.000000,21.740390,0.000000,218.105850
15050,6932.386159,0.000000,58.000000,21.238997,0.000000,210.584958
15051,6932.386159,0.000000,58.000000,20.737604,0.000000,203.064067
15052,6932.386159,0.000000,58.000000,20.236212,0.000000,195.543175
15053,6932.386159,0.000000,58.000000,19.734819,0.000000,188.022284
15054,6932.386159,0.000000,58.000000,19.233426,0.000000,180.501393
15055,6932.386159,0.000000,58.000000,18.732033,0.000000,172.980501
15056,6932.386159,0.000000,58.000000,18.230641,0.000000,165.459610
15057,6932.386159,0.000000,58.000000,17.729248,0.000000,157.938719
15058,6932.386159,0.000000,58.000000,17.227855,0.000000,150.417827
15059,6932.386159,0.000000,58.000000,16.726462,0.000000,142.896936
15060,6932.386159,0.000000,58.000000,16.225070,0.000000,135.376045
15061,6932.386159,0.000000,58.000000,15.723677,0.000000,127.855153
15062,6932.386159,0.000000,58.000000,15.222284,0.000000,120.334262
15063,6932.386159,0.000000,58.000000,14.720891,0.000000,112.813370
15064,6932.386159,0.000000,58.000000,14.219499,0.000000,105.292479
15065,6932.386159,0.000000,58.000000,13.718106,0.000000,97.771588
15066,6932.386159,0.000000,58.000000,13.216713,0.000000,90.250696
15067,6932.386159,0.000000,58.000000,12.715320,0.000000,82.729805
15068,6932.386159,0.000000,58.000000,12.213928,0.000000,75.208914
15069,6932.386159,0.000000,58.000000,11.712535,0.000000,67.688022
15070,6932.386159,0.000000,58.000000,11.211142,0.000000,60.167131
15071,6932.386159,0.000000,58.000000,10.709749,0.000000,52.646240
15072,6932.386159,0.000000,58.000000,10.208357,0.000000,45.125348
15073,6932.386159,0.000000,58.000000,9.706964,0.000000,37.604457
15074,6932.386159,0.000000,58.000000,9.205571,0.000000,30.083565
15075,6932.386159,0.000000,58.000000,8.704178,0.000000,22.562674
15076,6932.386159,0.000000,58.000000,8.202786,0.000000,15.041783
15077,6932.386159,0.000000,58.000000,7.701393,0.000000,7.520891
15078,6932.386159,0.000000,48.000000,12.000000,0.000000,0.000000
15079,6932.386159,0.000000,48.000000,11.498607,0.000000,352.479109
15080,6932.386159,0.000000,48.000000,10.997214,0.000000,344.958217
15081,6932.386159,0.000000,48.000000,10.495822,0.000000,337.437326
15082,6932.386159,0.000000,48.000000,9.994429,0.000000,329.916435
15083,6932.386159,0.000000,48.000000,9.493036,0.000000,322.395543
15084,6932.386159,0.000000,48.000000,8.991643,0.000000,314.874652
15085,6932.386159,0.000000,48.000000,8.490251,0.000000,307.353760
15086,6932.386159,0.000000,48.000000,7.988858,0.000000,299.832869
15087,6932.386159,0.000000,48.000000,7.487465,0.000000,292.311978
15088,6932.386159,0.000000,48.000000,6.986072,0.000000,284.791086
15089,6932.386159,0.000000,48.000000,6.484680,0.000000,277.270195
15090,6932.386159,0.000000,48.000000,5.983287,0.000000,269.749304
15091,6932.386159,0.000000,48.000000,5.481894,0.000000,262.228412
15092,6932.386159,0.000000,48.000000,4.980501,0.000000,254.707521
15093,6932.386159,0.000000,48.000000,4.479109,0.000000,247.186630
15094,6932.386159,0.000000,48.000000,3.977716,0.000000,239.665738
15095,6932.386159,0.000000,48.000000,3.476323,0.000000,232.144847
15096,6932.386159,0.000000,48.000000,2.974930,0.000000,224.623955
15097,6932.386159,0.000000,48.000000,2.473538,0.000000,217.103064
15098,6932.386159,0.000000,48.000000,1.972145,0.000000,209.582173
15099,6932.386159,0.000000,48.000000,1.470752,0.000000,202.061281
15100,6932.386159,0.000000,48.000000,0.969359,0.000000,194.540390
15101,6932.386159,0.000000,48.000000,0.467967,0.000000,187.019499
15102,6932.386159,0.000000,48.000000,359.966574,0.000000,179.498607
15103,6932.386159,0.000000,48.000000,359.465181,0.000000,171.977716
15104,6932.386159,0.000000,48.000000,358.963788,0.000000,164.456825
15105,6932.386159,0.000000,48.000000,358.462396,0.000000,156.935933
15106,6932.386159,0.000000,48.000000,357.961003,0.000000,149.415042
15107,6932.386159,0.000000,48.000000,357.459610,0.000000,141.894150
15108,6932.386159,0.000000,48.000000,356.958217,0.000000,134.373259
15109,6932.386159,0.000000,48.000000,356.456825,0.000000,126.852368
15110,6932.386159,0.000000,48.000000,355.955432,0.000000,119.331476
15111,6932.386159,0.000000,48.000000,355.454039,0.000000,111.810585
15112,6932.386159,0.000000,48.000000,354.952646,0.000000,104.289694
15113,6932.386159,0.000000,48.000000,354.451253,0.000000,96.768802
15114,6932.386159,0.000000,48.000000,353.949861,0.000000,89.247911
15115,6932.386159,0.000000,48.000000,353.448468,0.000000,81.727019
15116,6932.386159,0.000000,48.000000,352.947075,0.000000,74.206128
15117,6932.386159,0.000000,48.000000,352.445682,0.000000,66.685237
15118,6932.386159,0.000000,48.000000,351.944290,0.000000,59.164345
15119,6932.386159,0.000000,48.000000,351.442897,0.000000,51.643454
15120,6932.386159,0.000000,48.000000,350.941504,0.000000,44.122563
15121,6932.386159,0.000000,48.000000,350.440111,0.000000,36.601671
15122,6932.386159,0.000000,48.000000,349.938719,0.000000,29.080780
15123,6932.386159,0.000000,48.000000,349.437326,0.000000,21.559889
15124,6932.386159,0.000000,48.000000,348.935933,0.000000,14.038997
15125,6932.386159,0.000000,48.000000,348.434540,0.000000,6.518106
15126,6932.386159,0.000000,48.000000,347.933148,0.000000,358.997214
15127,6932.386159,0.000000,48.000000,347.431755,0.000000,351.476323
15128,6932.386159,0.000000,48.000000,346.930362,0.000000,343.955432
15129,6932.386159,0.000000,48.000000,346.428969,0.000000,336.434540
15130,6932.386159,0.000000,48.000000,345.927577,0.000000,328.913649
15131,6932.386159,0.000000,48.000000,345.426184,0.000000,321.392758
15132,6932.386159,0.000000,48.000000,344.924791,0.000000,313.871866
15133,6932.386159,0.000000,48.000000,344.423398,0.000000,306.350975
15134,6932.386159,0.000000,48.000000,343.922006,0.000000,298.830084
15135,6932.386159,0.000000,48.000000,343.420613,0.000000,291.309192
15136,6932.386159,0.000000,48.000000,342.919220,0.000000,283.788301
15137,6932.386159,0.000000,48.000000,342.417827,0.000000,276.267409
15138,6932.386159,0.000000,48.000000,341.916435,0.000000,268.746518
15139,6932.386159,0.000000,48.000000,341.415042,0.000000,261.225627
15140,6932.386159,0.000000,48.000000,340.913649,0.000000,253.704735
15141,6932.386159,0.000000,48.000000,340.412256,0.000000,246.183844
15142,6932.386159,0.000000,48.000000,339.910864,0.000000,238.662953
15143,6932.386159,0.000000,48.000000,339.409471,0.000000,231.142061
15144,6932.386159,0.000000,48.000000,338.908078,0.000000,223.621170
15145,6932.386159,0.000000,48.000000,338.406685,0.000000,216.100279
15146,6932.386159,0.000000,48.000000,337.905292,0.000000,208.579387
15147,6932.386159,0.000000,48.000000,337.403900,0.000000,201.058496
15148,6932.386159,0.000000,48.000000,336.902507,0.000000,193.537604
15149,6932.386159,0.000000,48.000000,336.401114,0.000000,186.016713
15150,6932.386159,0.000000,48.000000,335.899721,0.000000,178.495822
15151,6932.386159,0.000000,48.000000,335.398329,0.000000,170.974930
15152,6932.386159,0.000000,48.000000,334.896936,0.000000,163.454039
15153,6932.386159,0.000000,48.000000,334.395543,0.000000,155.933148
15154,6932.386159,0.000000,48.000000,333.894150,0.000000,148.412256
15155,6932.386159,0.000000,48.000000,333.392758,0.000000,140.891365
15156,6932.386159,0.000000,48.000000,332.891365,0.000000,133.370474
15157,6932.386159,0.000000,48.000000,332.389972,0.000000,125.849582
15158,6932.386159,0.000000,48.000000,331.888579,0.000000,118.328691
15159,6932.386159,0.000000,48.000000,331.387187,0.000000,110.807799
15160,6932.386159,0.000000,48.000000,330.885794,0.000000,103.286908
15161,6932.386159,0.000000,48.000000,330.384401,0.000000,95.766017
15162,6932.386159,0.000000,48.000000,329.883008,0.000000,88.245125
15163,6932.386159,0.000000,48.000000,329.381616,0.000000,80.724234
15164,6932.386159,0.000000,48.000000,328.880223,0.000000,73.203343
15165,6932.386159,0.000000,48.000000,328.378830,0.000000,65.682451
15166,6932.386159,0.000000,48.000000,327.877437,0.000000,58.161560
15167,6932.386159,0.000000,48.000000,327.376045,0.000000,50.640669
15168,6932.386159,0.000000,48.000000,326.874652,0.000000,43.119777
15169,6932.386159,0.000000,48.000000,326.373259,0.000000,35.598886
15170,6932.386159,0.000000,48.000000,325.871866,0.000000,28.077994
15171,6932.386159,0.000000,48.000000,325.370474,0.000000,20.557103
15172,6932.386159,0.000000,48.000000,324.869081,0.000000,13.036212
15173,6932.386159,0.000000,48.000000,324.367688,0.000000,5.515320
15174,6932.386159,0.000000,48.000000,323.866295,0.000000,357.994429
15175,6932.386159,0.000000,48.000000,323.364903,0.000000,350.473538
15176,6932.386159,0.000000,48.000000,322.863510,0.000000,342.952646
15177,6932.386159,0.000000,48.000000,322.362117,0.000000,335.431755
15178,6932.386159,0.000000,48.000000,321.860724,0.000000,327.910864
15179,6932.386159,0.000000,48.000000,321.359331,0.000000,320.389972
15180,6932.386159,0.000000,48.000000,320.857939,0.000000,312.869081
15181,6932.386159,0.000000,48.000000,320.356546,0.000000,305.348189
15182,6932.386159,0.000000,48.000000,319.855153,0.000000,297.827298
15183,6932.386159,0.000000,48.000000,319.353760,0.000000,290.306407
15184,6932.386159,0.000000,48.000000,318.852368,0.000000,282.785515
15185,6932.386159,0.000000,48.000000,318.350975,0.000000,275.264624
15186,6932.386159,0.000000,48.000000,317.849582,0.000000,267.743733
15187,6932.386159,0.000000,48.000000,317.348189,0.000000,260.222841
15188,6932.386159,0.000000,48.000000,316.846797,0.000000,252.701950
15189,6932.386159,0.000000,48.000000,316.345404,0.000000,245.181058
15190,6932.386159,0.000000,48.000000,315.844011,0.000000,237.660167
15191,6932.386159,0.000000,48.000000,315.342618,0.000000,230.139276
15192,6932.386159,0.000000,48.000000,314.841226,0.000000,222.618384
15193,6932.386159,0.000000,48.000000,314.339833,0.000000,215.097493
15194,6932.386159,0.000000,48.000000,313.838440,0.000000,207.576602
15195,6932.386159,0.000000,48.000000,313.337047,0.000000,200.055710
15196,6932.386159,0.000000,48.000000,312.835655,0.000000,192.534819
15197,6932.386159,0.000000,48.000000,312.334262,0.000000,185.013928
15198,6932.386159,0.000000,48.000000,311.832869,0.000000,177.493036
15199,6932.386159,0.000000,48.000000,311.331476,0.000000,169.972145
15200,6932.386159,0.000000,48.000000,310.830084,0.000000,162.451253
15201,6932.386159,0.000000,48.000000,310.328691,0.000000,154.930362
15202,6932.386159,0.000000,48.000000,309.827298,0.000000,147.409471
15203,6932.386159,0.000000,48.000000,309.325905,0.000000,139.888579
15204,6932.386159,0.000000,48.000000,308.824513,0.000000,132.367688
15205,6932.386159,0.000000,48.000000,308.323120,0.000000,124.846797
15206,6932.386159,0.000000,48.000000,307.821727,0.000000,117.325905
15207,6932.386159,0.000000,48.000000,307.320334,0.000000,109.805014
15208,6932.386159,0.000000,48.000000,306.818942,0.000000,102.284123
15209,6932.386159,0.000000,48.000000,306.317549,0.000000,94.763231
15210,6932.386159,0.000000,48.000000,305.816156,0.000000,87.242340
15211,6932.386159,0.000000,48.000000,305.314763,0.000000,79.721448
15212,6932.386159,0.000000,48.000000,304.813370,0.000000,72.200557
15213,6932.386159,0.000000,48.000000,304.311978,0.000000,64.679666
15214,6932.386159,0.000000,48.000000,303.810585,0.000000,57.158774
15215,6932.386159,0.000000,48.000000,303.309192,0.000000,49.637883
15216,6932.386159,0.000000,48.000000,302.807799,0.000000,42.116992
15217,6932.386159,0.000000,48.000000,302.306407,0.000000,34.596100
15218,6932.386159,0.000000,48.000000,301.805014,0.000000,27.075209
15219,6932.386159,0.000000,48.000000,301.303621,0.000000,19.554318
15220,6932.386159,0.000000,48.000000,300.802228,0.000000,12.033426
15221,6932.386159,0.000000,48.000000,300.300836,0.000000,4.512535
15222,6932.386159,0.000000,48.000000,299.799443,0.000000,356.991643
15223,6932.386159,0.000000,48.000000,299.298050,0.000000,349.470752
15224,6932.386159,0.000000,48.000000,298.796657,0.000000,341.949861
15225,6932.386159,0.000000,48.000000,298.295265,0.000000,334.428969
15226,6932.386159,0.000000,48.000000,297.793872,0.000000,326.908078
15227,6932.386159,0.000000,48.000000,297.292479,0.000000,319.387187
15228,6932.386159,0.000000,48.000000,296.791086,0.000000,311.866295
15229,6932.386159,0.000000,48.000000,296.289694,0.000000,304.345404
15230,6932.386159,0.000000,48.000000,295.788301,0.000000,296.824513
15231,6932.386159,0.000000,48.000000,295.286908,0.000000,289.303621
15232,6932.386159,0.000000,48.000000,294.785515,0.000000,281.782730
15233,6932.386159,0.000000,48.000000,294.284123,0.000000,274.261838
15234,6932.386159,0.000000,48.000000,293.782730,0.000000,266.740947
15235,6932.386159,0.000000,48.000000,293.281337,0.000000,259.220056
15236,6932.386159,0.000000,48.000000,292.779944,0.000000,251.699164
15237,6932.386159,0.000000,48.000000,292.278552,0.000000,244.178273
15238,6932.386159,0.000000,48.000000,291.777159,0.000000,236.657382
15239,6932.386159,0.000000,48.000000,291.275766,0.000000,229.136490
15240,6932.386159,0.000000,48.000000,290.774373,0.000000,221.615599
15241,6932.386159,0.000000,48.000000,290.272981,0.000000,214.094708
15242,6932.386159,0.000000,48.000000,289.771588,0.000000,206.573816
15243,6932.386159,0.000000,48.000000,289.270195,0.000000,199.052925
15244,6932.386159,0.000000,48.000000,288.768802,0.000000,191.532033
15245,6932.386159,0.000000,48.000000,288.267409,0.000000,184.011142
15246,6932.386159,0.000000,48.000000,287.766017,0.000000,176.490251
15247,6932.386159,0.000000,48.000000,287.264624,0.000000,168.969359
15248,6932.386159,0.000000,48.000000,286.763231,0.000000,161.448468
15249,6932.386159,0.000000,48.000000,286.261838,0.000000,153.927577
15250,6932.386159,0.000000,48.000000,285.760446,0.000000,146.406685
15251,6932.386159,0.000000,48.000000,285.259053,0.000000,138.885794
15252,6932.386159,0.000000,48.000000,284.757660,0.000000,131.364903
15253,6932.386159,0.000000,48.000000,284.256267,0.000000,123.844011
15254,6932.386159,0.000000,48.000000,283.754875,0.000000,116.323120
15255,6932.386159,0.000000,48.000000,283.253482,0.000000,108.802228
15256,6932.386159,0.000000,48.000000,282.752089,0.000000,101.281337
15257,6932.386159,0.000000,48.000000,282.250696,0.000000,93.760446
15258,6932.386159,0.000000,48.000000,281.749304,0.000000,86.239554
15259,6932.386159,0.000000,48.000000,281.247911,0.000000,78.718663
15260,6932.386159,0.000000,48.000000,280.746518,0.000000,71.197772
15261,6932.386159,0.000000,48.000000,280.245125,0.000000,63.676880
15262,6932.386159,0.000000,48.000000,279.743733,0.000000,56.155989
15263,6932.386159,0.000000,48.000000,279.242340,0.000000,48.635097
15264,6932.386159,0.000000,48.000000,278.740947,0.000000,41.114206
15265,6932.386159,0.000000,48.000000,278.239554,0.000000,33.593315
15266,6932.386159,0.000000,48.000000,277.738162,0.000000,26.072423
15267,6932.386159,0.000000,48.000000,277.236769,0.000000,18.551532
15268,6932.386159,0.000000,48.000000,276.735376,0.000000,11.030641
15269,6932.386159,0.000000,48.000000,276.233983,0.000000,3.509749
15270,6932.386159,0.000000,48.000000,275.732591,0.000000,355.988858
15271,6932.386159,0.000000,48.000000,275.231198,0.000000,348.467967
15272,6932.386159,0.000000,48.000000,274.729805,0.000000,340.947075
15273,6932.386159,0.000000,48.000000,274.228412,0.000000,333.426184
15274,6932.386159,0.000000,48.000000,273.727019,0.000000,325.905292
15275,6932.386159,0.000000,48.000000,273.225627,0.000000,318.384401
15276,6932.386159,0.000000,48.000000,272.724234,0.000000,310.863510
15277,6932.386159,0.000000,48.000000,272.222841,0.000000,303.342618
15278,6932.386159,0.000000,48.000000,271.721448,0.000000,295.821727
15279,6932.386159,0.000000,48.000000,271.220056,0.000000,288.300836
15280,6932.386159,0.000000,48.000000,270.718663,0.000000,280.779944
15281,6932.386159,0.000000,48.000000,270.217270,0.000000,273.259053
15282,6932.386159,0.000000,48.000000,269.715877,0.000000,265.738162
15283,6932.386159,0.000000,48.000000,269.214485,0.000000,258.217270
15284,6932.386159,0.000000,48.000000,268.713092,0.000000,250.696379
15285,6932.386159,0.000000,48.000000,268.211699,0.000000,243.175487
15286,6932.386159,0.000000,48.000000,267.710306,0.000000,235.654596
15287,6932.386159,0.000000,48.000000,267.208914,0.000000,228.133705
15288,6932.386159,0.000000,48.000000,266.707521,0.000000,220.612813
15289,6932.386159,0.000000,48.000000,266.206128,0.000000,213.091922
15290,6932.386159,0.000000,48.000000,265.704735,0.000000,205.571031
15291,6932.386159,0.000000,48.000000,265.203343,0.000000,198.050139
15292,6932.386159,0.000000,48.000000,264.701950,0.000000,190.529248
15293,6932.386159,0.000000,48.000000,264.200557,0.000000,183.008357
15294,6932.386159,0.000000,48.000000,263.699164,0.000000,175.487465
15295,6932.386159,0.000000,48.000000,263.197772,0.000000,167.966574
15296,6932.386159,0.000000,48.000000,262.696379,0.000000,160.445682
15297,6932.386159,0.000000,48.000000,262.194986,0.000000,152.924791
15298,6932.386159,0.000000,48.000000,261.693593,0.000000,145.403900
15299,6932.386159,0.000000,48.000000,261.192201,0.000000,137.883008
15300,6932.386159,0.000000,48.000000,260.690808,0.000000,130.362117
15301,6932.386159,0.000000,48.000000,260.189415,0.000000,122.841226
15302,6932.386159,0.000000,48.000000,259.688022,0.000000,115.320334
15303,6932.386159,0.000000,48.000000,259.186630,0.000000,107.799443
15304,6932.386159,0.000000,48.000000,258.685237,0.000000,100.278552
15305,6932.386159,0.000000,48.000000,258.183844,0.000000,92.757660
15306,6932.386159,0.000000,48.000000,257.682451,0.000000,85.236769
15307,6932.386159,0.000000,48.000000,257.181058,0.000000,77.715877
15308,6932.386159,0.000000,48.000000,256.679666,0.000000,70.194986
15309,6932.386159,0.000000,48.000000,256.178273,0.000000,62.674095
15310,6932.386159,0.000000,48.000000,255.676880,0.000000,55.153203
15311,6932.386159,0.000000,48.000000,255.175487,0.000000,47.632312
15312,6932.386159,0.000000,48.000000,254.674095,0.000000,40.111421
15313,6932.386159,0.000000,48.000000,254.172702,0.000000,32.590529
15314,6932.386159,0.000000,48.000000,253.671309,0.000000,25.069638
15315,6932.386159,0.000000,48.000000,253.169916,0.000000,17.548747
15316,6932.386159,0.000000,48.000000,252.668524,0.000000,10.027855
15317,6932.386159,0.000000,48.000000,252.167131,0.000000,2.506964
15318,6932.386159,0.000000,48.000000,251.665738,0.000000,354.986072
15319,6932.386159,0.000000,48.000000,251.164345,0.000000,347.465181
15320,6932.386159,0.000000,48.000000,250.662953,0.000000,339.944290
15321,6932.386159,0.000000,48.000000,250.161560,0.000000,332.423398
15322,6932.386159,0.000000,48.000000,249.660167,0.000000,324.902507
15323,6932.386159,0.000000,48.000000,249.158774,0.000000,317.381616
15324,6932.386159,0.000000,48.000000,248.657382,0.000000,309.860724
15325,6932.386159,0.000000,48.000000,248.155989,0.000000,302.339833
15326,6932.386159,0.000000,48.000000,247.654596,0.000000,294.818942
15327,6932.386159,0.000000,48.000000,247.153203,0.000000,287.298050
15328,6932.386159,0.000000,48.000000,246.651811,0.000000,279.777159
15329,6932.386159,0.000000,48.000000,246.150418,0.000000,272.256267
15330,6932.386159,0.000000,48.000000,245.649025,0.000000,264.735376
15331,6932.386159,0.000000,48.000000,245.147632,0.000000,257.214485
15332,6932.386159,0.000000,48.000000,244.646240,0.000000,249.693593
15333,6932.386159,0.000000,48.000000,244.144847,0.000000,242.172702
15334,6932.386159,0.000000,48.000000,243.643454,0.000000,234.651811
15335,6932.386159,0.000000,48.000000,243.142061,0.000000,227.130919
15336,6932.386159,0.000000,48.000000,242.640669,0.000000,219.610028
15337,6932.386159,0.000000,48.000000,242.139276,0.000000,212.089136
15338,6932.386159,0.000000,48.000000,241.637883,0.000000,204.568245
15339,6932.386159,0.000000,48.000000,241.136490,0.000000,197.047354
15340,6932.386159,0.000000,48.000000,240.635097,0.000000,189.526462
15341,6932.386159,0.000000,48.000000,240.133705,0.000000,182.005571
15342,6932.386159,0.000000,48.000000,239.632312,0.000000,174.484680
15343,6932.386159,0.000000,48.000000,239.130919,0.000000,166.963788
15344,6932.386159,0.000000,48.000000,238.629526,0.000000,159.442897
15345,6932.386159,0.000000,48.000000,238.128134,0.000000,151.922006
15346,6932.386159,0.000000,48.000000,237.626741,0.000000,144.401114
15347,6932.386159,0.000000,48.000000,237.125348,0.000000,136.880223
15348,6932.386159,0.000000,48.000000,236.623955,0.000000,129.359331
15349,6932.386159,0.000000,48.000000,236.122563,0.000000,121.838440
15350,6932.386159,0.000000,48.000000,235.621170,0.000000,114.317549
15351,6932.386159,0.000000,48.000000,235.119777,0.000000,106.796657
15352,6932.386159,0.000000,48.000000,234.618384,0.000000,99.275766
15353,6932.386159,0.000000,48.000000,234.116992,0.000000,91.754875
15354,6932.386159,0.000000,48.000000,233.615599,0.000000,84.233983
15355,6932.386159,0.000000,48.000000,233.114206,0.000000,76.713092
15356,6932.386159,0.000000,48.000000,232.612813,0.000000,69.192201
15357,6932.386159,0.000000,48.000000,232.111421,0.000000,61.671309
15358,6932.386159,0.000000,48.000000,231.610028,0.000000,54.150418
15359,6932.386159,0.000000,48.000000,231.108635,0.000000,46.629526
15360,6932.386159,0.000000,48.000000,230.607242,0.000000,39.108635
15361,6932.386159,0.000000,48.000000,230.105850,0.000000,31.587744
15362,6932.386159,0.000000,48.000000,229.604457,0.000000,24.066852
15363,6932.386159,0.000000,48.000000,229.103064,0.000000,16.545961
15364,6932.386159,0.000000,48.000000,228.601671,0.000000,9.025070
15365,6932.386159,0.000000,48.000000,228.100279,0.000000,1.504178
15366,6932.386159,0.000000,48.000000,227.598886,0.000000,353.983287
15367,6932.386159,0.000000,48.000000,227.097493,0.000000,346.462396
15368,6932.386159,0.000000,48.000000,226.596100,0.000000,338.941504
15369,6932.386159,0.000000,48.000000,226.094708,0.000000,331.420613
15370,6932.386159,0.000000,48.000000,225.593315,0.000000,323.899721
15371,6932.386159,0.000000,48.000000,225.091922,0.000000,316.378830
15372,6932.386159,0.000000,48.000000,224.590529,0.000000,308.857939
15373,6932.386159,0.000000,48.000000,224.089136,0.000000,301.337047
15374,6932.386159,0.000000,48.000000,223.587744,0.000000,293.816156
15375,6932.386159,0.000000,48.000000,223.086351,0.000000,286.295265
15376,6932.386159,0.000000,48.000000,222.584958,0.000000,278.774373
15377,6932.386159,0.000000,48.000000,222.083565,0.000000,271.253482
15378,6932.386159,0.000000,48.000000,221.582173,0.000000,263.732591
15379,6932.386159,0.000000,48.000000,221.080780,0.000000,256.211699
15380,6932.386159,0.000000,48.000000,220.579387,0.000000,248.690808
15381,6932.386159,0.000000,48.000000,220.077994,0.000000,241.169916
15382,6932.386159,0.000000,48.000000,219.576602,0.000000,233.649025
15383,6932.386159,0.000000,48.000000,219.075209,0.000000,226.128134
15384,6932.386159,0.000000,48.000000,218.573816,0.000000,218.607242
15385,6932.386159,0.000000,48.000000,218.072423,0.000000,211.086351
15386,6932.386159,0.000000,48.000000,217.571031,0.000000,203.565460
15387,6932.386159,0.000000,48.000000,217.069638,0.000000,196.044568
15388,6932.386159,0.000000,48.000000,216.568245,0.000000,188.523677
15389,6932.386159,0.000000,48.000000,216.066852,0.000000,181.002786
15390,6932.386159,0.000000,48.000000,215.565460,0.000000,173.481894
15391,6932.386159,0.000000,48.000000,215.064067,0.000000,165.961003
15392,6932.386159,0.000000,48.000000,214.562674,0.000000,158.440111
15393,6932.386159,0.000000,48.000000,214.061281,0.000000,150.919220
15394,6932.386159,0.000000,48.000000,213.559889,0.000000,143.398329
15395,6932.386159,0.000000,48.000000,213.058496,0.000000,135.877437
15396,6932.386159,0.000000,48.000000,212.557103,0.000000,128.356546
15397,6932.386159,0.000000,48.000000,212.055710,0.000000,120.835655
15398,6932.386159,0.000000,48.000000,211.554318,0.000000,113.314763
15399,6932.386159,0.000000,48.000000,211.052925,0.000000,105.793872
15400,6932.386159,0.000000,48.000000,210.551532,0.000000,98.272981
15401,6932.386159,0.000000,48.000000,210.050139,0.000000,90.752089
15402,6932.386159,0.000000,48.000000,209.548747,0.000000,83.231198
15403,6932.386159,0.000000,48.000000,209.047354,0.000000,75.710306
15404,6932.386159,0.000000,48.000000,208.545961,0.000000,68.189415
15405,6932.386159,0.000000,48.000000,208.044568,0.000000,60.668524
15406,6932.386159,0.000000,48.000000,207.543175,0.000000,53.147632
15407,6932.386159,0.000000,48.000000,207.041783,0.000000,45.626741
15408,6932.386159,0.000000,48.000000,206.540390,0.000000,38.105850
15409,6932.386159,0.000000,48.000000,206.038997,0.000000,30.584958
15410,6932.386159,0.000000,48.000000,205.537604,0.000000,23.064067
15411,6932.386159,0.000000,48.000000,205.036212,0.000000,15.543175
15412,6932.386159,0.000000,48.000000,204.534819,0.000000,8.022284
15413,6932.386159,0.000000,48.000000,204.033426,0.000000,0.501393
15414,6932.386159,0.000000,48.000000,203.532033,0.000000,352.980501
15415,6932.386159,0.000000,48.000000,203.030641,0.000000,345.459610
15416,6932.386159,0.000000,48.000000,202.529248,0.000000,337.938719
15417,6932.386159,0.000000,48.000000,202.027855,0.000000,330.417827
15418,6932.386159,0.000000,48.000000,201.526462,0.000000,322.896936
15419,6932.386159,0.000000,48.000000,201.025070,0.000000,315.376045
15420,6932.386159,0.000000,48.000000,200.523677,0.000000,307.855153
15421,6932.386159,0.000000,48.000000,200.022284,0.000000,300.334262
15422,6932.386159,0.000000,48.000000,199.520891,0.000000,292.813370
15423,6932.386159,0.000000,48.000000,199.019499,0.000000,285.292479
15424,6932.386159,0.000000,48.000000,198.518106,0.000000,277.771588
15425,6932.386159,0.000000,48.000000,198.016713,0.000000,270.250696
15426,6932.386159,0.000000,48.000000,197.515320,0.000000,262.729805
15427,6932.386159,0.000000,48.000000,197.013928,0.000000,255.208914
15428,6932.386159,0.000000,48.000000,196.512535,0.000000,247.688022
15429,6932.386159,0.000000,48.000000,196.011142,0.000000,240.167131
15430,6932.386159,0.000000,48.000000,195.509749,0.000000,232.646240
15431,6932.386159,0.000000,48.000000,195.008357,0.000000,225.125348
15432,6932.386159,0.000000,48.000000,194.506964,0.000000,217.604457
15433,6932.386159,0.000000,48.000000,194.005571,0.000000,210.083565
15434,6932.386159,0.000000,48.000000,193.504178,0.000000,202.562674
15435,6932.386159,0.000000,48.000000,193.002786,0.000000,195.041783
15436,6932.386159,0.000000,48.000000,192.501393,0.000000,187.520891
15437,6932.386159,0.000000,48.000000,192.000000,0.000000,180.000000
15438,6932.386159,0.000000,48.000000,191.498607,0.000000,172.479109
15439,6932.386159,0.000000,48.000000,190.997214,0.000000,164.958217
15440,6932.386159,0.000000,48.000000,190.495822,0.000000,157.437326
15441,6932.386159,0.000000,48.000000,189.994429,0.000000,149.916435
15442,6932.386159,0.000000,48.000000,189.493036,0.000000,142.395543
15443,6932.386159,0.000000,48.000000,188.991643,0.000000,134.874652
15444,6932.386159,0.000000,48.000000,188.490251,0.000000,127.353760
15445,6932.386159,0.000000,48.000000,187.988858,0.000000,119.832869
15446,6932.386159,0.000000,48.000000,187.487465,0.000000,112.311978
15447,6932.386159,0.000000,48.000000,186.986072,0.000000,104.791086
15448,6932.386159,0.000000,48.000000,186.484680,0.000000,97.270195
15449,6932.386159,0.000000,48.000000,185.983287,0.000000,89.749304
15450,6932.386159,0.000000,48.000000,185.481894,0.000000,82.228412
15451,6932.386159,0.000000,48.000000,184.980501,0.000000,74.707521
15452,6932.386159,0.000000,48.000000,184.479109,0.000000,67.186630
15453,6932.386159,0.000000,48.000000,183.977716,0.000000,59.665738
15454,6932.386159,0.000000,48.000000,183.476323,0.000000,52.144847
15455,6932.386159,0.000000,48.000000,182.974930,0.000000,44.623955
15456,6932.386159,0.000000,48.000000,182.473538,0.000000,37.103064
15457,6932.386159,0.000000,48.000000,181.972145,0.000000,29.582173
15458,6932.386159,0.000000,48.000000,181.470752,0.000000,22.061281
15459,6932.386159,0.000000,48.000000,180.969359,0.000000,14.540390
15460,6932.386159,0.000000,48.000000,180.467967,0.000000,7.019499
15461,6932.386159,0.000000,48.000000,179.966574,0.000000,359.498607
15462,6932.386159,0.000000,48.000000,179.465181,0.000000,351.977716
15463,6932.386159,0.000000,48.000000,178.963788,0.000000,344.456825
15464,6932.386159,0.000000,48.000000,178.462396,0.000000,336.935933
15465,6932.386159,0.000000,48.000000,177.961003,0.000000,329.415042
15466,6932.386159,0.000000,48.000000,177.459610,0.000000,321.894150
15467,6932.386159,0.000000,48.000000,176.958217,0.000000,314.373259
15468,6932.386159,0.000000,48.000000,176.456825,0.000000,306.852368
15469,6932.386159,0.000000,48.000000,175.955432,0.000000,299.331476
15470,6932.386159,0.000000,48.000000,175.454039,0.000000,291.810585
15471,6932.386159,0.000000,48.000000,174.952646,0.000000,284.289694
15472,6932.386159,0.000000,48.000000,174.451253,0.000000,276.768802
15473,6932.386159,0.000000,48.000000,173.949861,0.000000,269.247911
15474,6932.386159,0.000000,48.000000,173.448468,0.000000,261.727019
15475,6932.386159,0.000000,48.000000,172.947075,0.000000,254.206128
15476,6932.386159,0.000000,48.000000,172.445682,0.000000,246.685237
15477,6932.386159,0.000000,48.000000,171.944290,0.000000,239.164345
15478,6932.386159,0.000000,48.000000,171.442897,0.000000,231.643454
15479,6932.386159,0.000000,48.000000,170.941504,0.000000,224.122563
15480,6932.386159,0.000000,48.000000,170.440111,0.000000,216.601671
15481,6932.386159,0.000000,48.000000,169.938719,0.000000,209.080780
15482,6932.386159,0.000000,48.000000,169.437326,0.000000,201.559889
15483,6932.386159,0.000000,48.000000,168.935933,0.000000,194.038997
15484,6932.386159,0.000000,48.000000,168.434540,0.000000,186.518106
15485,6932.386159,0.000000,48.000000,167.933148,0.000000,178.997214
15486,6932.386159,0.000000,48.000000,167.431755,0.000000,171.476323
15487,6932.386159,0.000000,48.000000,166.930362,0.000000,163.955432
15488,6932.386159,0.000000,48.000000,166.428969,0.000000,156.434540
15489,6932.386159,0.000000,48.000000,165.927577,0.000000,148.913649
15490,6932.386159,0.000000,48.000000,165.426184,0.000000,141.392758
15491,6932.386159,0.000000,48.000000,164.924791,0.000000,133.871866
15492,6932.386159,0.000000,48.000000,164.423398,0.000000,126.350975
15493,6932.386159,0.000000,48.000000,163.922006,0.000000,118.830084
15494,6932.386159,0.000000,48.000000,163.420613,0.000000,111.309192
15495,6932.386159,0.000000,48.000000,162.919220,0.000000,103.788301
15496,6932.386159,0.000000,48.000000,162.417827,0.000000,96.267409
15497,6932.386159,0.000000,48.000000,161.916435,0.000000,88.746518
15498,6932.386159,0.000000,48.000000,161.415042,0.000000,81.225627
15499,6932.386159,0.000000,48.000000,160.913649,0.000000,73.704735
15500,6932.386159,0.000000,48.000000,160.412256,0.000000,66.183844
15501,6932.386159,0.000000,48.000000,159.910864,0.000000,58.662953
15502,6932.386159,0.000000,48.000000,159.409471,0.000000,51.142061
15503,6932.386159,0.000000,48.000000,158.908078,0.000000,43.621170
15504,6932.386159,0.000000,48.000000,158.406685,0.000000,36.100279
15505,6932.386159,0.000000,48.000000,157.905292,0.000000,28.579387
15506,6932.386159,0.000000,48.000000,157.403900,0.000000,21.058496
15507,6932.386159,0.000000,48.000000,156.902507,0.000000,13.537604
15508,6932.386159,0.000000,48.000000,156.401114,0.000000,6.016713
15509,6932.386159,0.000000,48.000000,155.899721,0.000000,358.495822
15510,6932.386159,0.000000,48.000000,155.398329,0.000000,350.974930
15511,6932.386159,0.000000,48.000000,154.896936,0.000000,343.454039
15512,6932.386159,0.000000,48.000000,154.395543,0.000000,335.933148
15513,6932.386159,0.000000,48.000000,153.894150,0.000000,328.412256
15514,6932.386159,0.000000,48.000000,153.392758,0.000000,320.891365
15515,6932.386159,0.000000,48.000000,152.891365,0.000000,313.370474
15516,6932.386159,0.000000,48.000000,152.389972,0.000000,305.849582
15517,6932.386159,0.000000,48.000000,151.888579,0.000000,298.328691
15518,6932.386159,0.000000,48.000000,151.387187,0.000000,290.807799
15519,6932.386159,0.000000,48.000000,150.885794,0.000000,283.286908
15520,6932.386159,0.000000,48.000000,150.384401,0.000000,275.766017
15521,6932.386159,0.000000,48.000000,149.883008,0.000000,268.245125
15522,6932.386159,0.000000,48.000000,149.381616,0.000000,260.724234
15523,6932.386159,0.000000,48.000000,148.880223,0.000000,253.203343
15524,6932.386159,0.000000,48.000000,148.378830,0.000000,245.682451
15525,6932.386159,0.000000,48.000000,147.877437,0.000000,238.161560
15526,6932.386159,0.000000,48.000000,147.376045,0.000000,230.640669
15527,6932.386159,0.000000,48.000000,146.874652,0.000000,223.119777
15528,6932.386159,0.000000,48.000000,146.373259,0.000000,215.598886
15529,6932.386159,0.000000,48.000000,145.871866,0.000000,208.077994
15530,6932.386159,0.000000,48.000000,145.370474,0.000000,200.557103
15531,6932.386159,0.000000,48.000000,144.869081,0.000000,193.036212
15532,6932.386159,0.000000,48.000000,144.367688,0.000000,185.515320
15533,6932.386159,0.000000,48.000000,143.866295,0.000000,177.994429
15534,6932.386159,0.000000,48.000000,143.364903,0.000000,170.473538
15535,6932.386159,0.000000,48.000000,142.863510,0.000000,162.952646
15536,6932.386159,0.000000,48.000000,142.362117,0.000000,155.431755
15537,6932.386159,0.000000,48.000000,141.860724,0.000000,147.910864
15538,6932.386159,0.000000,48.000000,141.359331,0.000000,140.389972
15539,6932.386159,0.000000,48.000000,140.857939,0.000000,132.869081
15540,6932.386159,0.000000,48.000000,140.356546,0.000000,125.348189
15541,6932.386159,0.000000,48.000000,139.855153,0.000000,117.827298
15542,6932.386159,0.000000,48.000000,139.353760,0.000000,110.306407
15543,6932.386159,0.000000,48.000000,138.852368,0.000000,102.785515
15544,6932.386159,0.000000,48.000000,138.350975,0.000000,95.264624
15545,6932.386159,0.000000,48.000000,137.849582,0.000000,87.743733
15546,6932.386159,0.000000,48.000000,137.348189,0.000000,80.222841
15547,6932.386159,0.000000,48.000000,136.846797,0.000000,72.701950
15548,6932.386159,0.000000,48.000000,136.345404,0.000000,65.181058
15549,6932.386159,0.000000,48.000000,135.844011,0.000000,57.660167
15550,6932.386159,0.000000,48.000000,135.342618,0.000000,50.139276
15551,6932.386159,0.000000,48.000000,134.841226,0.000000,42.618384
15552,6932.386159,0.000000,48.000000,134.339833,0.000000,35.097493
15553,6932.386159,0.000000,48.000000,133.838440,0.000000,27.576602
15554,6932.386159,0.000000,48.000000,133.337047,0.000000,20.055710
15555,6932.386159,0.000000,48.000000,132.835655,0.000000,12.534819
15556,6932.386159,0.000000,48.000000,132.334262,0.000000,5.013928
15557,6932.386159,0.000000,48.000000,131.832869,0.000000,357.493036
15558,6932.386159,0.000000,48.000000,131.331476,0.000000,349.972145
15559,6932.386159,0.000000,48.000000,130.830084,0.000000,342.451253
15560,6932.386159,0.000000,48.000000,130.328691,0.000000,334.930362
15561,6932.386159,0.000000,48.000000,129.827298,0.000000,327.409471
15562,6932.386159,0.000000,48.000000,129.325905,0.000000,319.888579
15563,6932.386159,0.000000,48.000000,128.824513,0.000000,312.367688
15564,6932.386159,0.000000,48.000000,128.323120,0.000000,304.846797
15565,6932.386159,0.000000,48.000000,127.821727,0.000000,297.325905
15566,6932.386159,0.000000,48.000000,127.320334,0.000000,289.805014
15567,6932.386159,0.000000,48.000000,126.818942,0.000000,282.284123
15568,6932.386159,0.000000,48.000000,126.317549,0.000000,274.763231
15569,6932.386159,0.000000,48.000000,125.816156,0.000000,267.242340
15570,6932.386159,0.000000,48.000000,125.314763,0.000000,259.721448
15571,6932.386159,0.000000,48.000000,124.813370,0.000000,252.200557
15572,6932.386159,0.000000,48.000000,124.311978,0.000000,244.679666
15573,6932.386159,0.000000,48.000000,123.810585,0.000000,237.158774
15574,6932.386159,0.000000,48.000000,123.309192,0.000000,229.637883
15575,6932.386159,0.000000,48.000000,122.807799,0.000000,222.116992
15576,6932.386159,0.000000,48.000000,122.306407,0.000000,214.596100
15577,6932.386159,0.000000,48.000000,121.805014,0.000000,207.075209
15578,6932.386159,0.000000,48.000000,121.303621,0.000000,199.554318
15579,6932.386159,0.000000,48.000000,120.802228,0.000000,192.033426
15580,6932.386159,0.000000,48.000000,120.300836,0.000000,184.512535
15581,6932.386159,0.000000,48.000000,119.799443,0.000000,176.991643
15582,6932.386159,0.000000,48.000000,119.298050,0.000000,169.470752
15583,6932.386159,0.000000,48.000000,118.796657,0.000000,161.949861
15584,6932.386159,0.000000,48.000000,118.295265,0.000000,154.428969
15585,6932.386159,0.000000,48.000000,117.793872,0.000000,146.908078
15586,6932.386159,0.000000,48.000000,117.292479,0.000000,139.387187
15587,6932.386159,0.000000,48.000000,116.791086,0.000000,131.866295
15588,6932.386159,0.000000,48.000000,116.289694,0.000000,124.345404
15589,6932.386159,0.000000,48.000000,115.788301,0.000000,116.824513
15590,6932.386159,0.000000,48.000000,115.286908,0.000000,109.303621
15591,6932.386159,0.000000,48.000000,114.785515,0.000000,101.782730
15592,6932.386159,0.000000,48.000000,114.284123,0.000000,94.261838
15593,6932.386159,0.000000,48.000000,113.782730,0.000000,86.740947
15594,6932.386159,0.000000,48.000000,113.281337,0.000000,79.220056
15595,6932.386159,0.000000,48.000000,112.779944,0.000000,71.699164
15596,6932.386159,0.000000,48.000000,112.278552,0.000000,64.178273
15597,6932.386159,0.000000,48.000000,111.777159,0.000000,56.657382
15598,6932.386159,0.000000,48.000000,111.275766,0.000000,49.136490
15599,6932.386159,0.000000,48.000000,110.774373,0.000000,41.615599
15600,6932.386159,0.000000,48.000000,110.272981,0.000000,34.094708
15601,6932.386159,0.000000,48.000000,109.771588,0.000000,26.573816
15602,6932.386159,0.000000,48.000000,109.270195,0.000000,19.052925
15603,6932.386159,0.000000,48.000000,108.768802,0.000000,11.532033
15604,6932.386159,0.000000,48.000000,108.267409,0.000000,4.011142
15605,6932.386159,0.000000,48.000000,107.766017,0.000000,356.490251
15606,6932.386159,0.000000,48.000000,107.264624,0.000000,348.969359
15607,6932.386159,0.000000,48.000000,106.763231,0.000000,341.448468
15608,6932.386159,0.000000,48.000000,106.261838,0.000000,333.927577
15609,6932.386159,0.000000,48.000000,105.760446,0.000000,326.406685
15610,6932.386159,0.000000,48.000000,105.259053,0.000000,318.885794
15611,6932.386159,0.000000,48.000000,104.757660,0.000000,311.364903
15612,6932.386159,0.000000,48.000000,104.256267,0.000000,303.844011
15613,6932.386159,0.000000,48.000000,103.754875,0.000000,296.323120
15614,6932.386159,0.000000,48.000000,103.253482,0.000000,288.802228
15615,6932.386159,0.000000,48.000000,102.752089,0.000000,281.281337
15616,6932.386159,0.000000,48.000000,102.250696,0.000000,273.760446
15617,6932.386159,0.000000,48.000000,101.749304,0.000000,266.239554
15618,6932.386159,0.000000,48.000000,101.247911,0.000000,258.718663
15619,6932.386159,0.000000,48.000000,100.746518,0.000000,251.197772
15620,6932.386159,0.000000,48.000000,100.245125,0.000000,243.676880
15621,6932.386159,0.000000,48.000000,99.743733,0.000000,236.155989
15622,6932.386159,0.000000,48.000000,99.242340,0.000000,228.635097
15623,6932.386159,0.000000,48.000000,98.740947,0.000000,221.114206
15624,6932.386159,0.000000,48.000000,98.239554,0.000000,213.593315
15625,6932.386159,0.000000,48.000000,97.738162,0.000000,206.072423
15626,6932.386159,0.000000,48.000000,97.236769,0.000000,198.551532
15627,6932.386159,0.000000,48.000000,96.735376,0.000000,191.030641
15628,6932.386159,0.000000,48.000000,96.233983,0.000000,183.509749
15629,6932.386159,0.000000,48.000000,95.732591,0.000000,175.988858
15630,6932.386159,0.000000,48.000000,95.231198,0.000000,168.467967
15631,6932.386159,0.000000,48.000000,94.729805,0.000000,160.947075
15632,6932.386159,0.000000,48.000000,94.228412,0.000000,153.426184
15633,6932.386159,0.000000,48.000000,93.727019,0.000000,145.905292
15634,6932.386159,0.000000,48.000000,93.225627,0.000000,138.384401
15635,6932.386159,0.000000,48.000000,92.724234,0.000000,130.863510
15636,6932.386159,0.000000,48.000000,92.222841,0.000000,123.342618
15637,6932.386159,0.000000,48.000000,91.721448,0.000000,115.821727
15638,6932.386159,0.000000,48.000000,91.220056,0.000000,108.300836
15639,6932.386159,0.000000,48.000000,90.718663,0.000000,100.779944
15640,6932.386159,0.000000,48.000000,90.217270,0.000000,93.259053
15641,6932.386159,0.000000,48.000000,89.715877,0.000000,85.738162
15642,6932.386159,0.000000,48.000000,89.214485,0.000000,78.217270
15643,6932.386159,0.000000,48.000000,88.713092,0.000000,70.696379
15644,6932.386159,0.000000,48.000000,88.211699,0.000000,63.175487
15645,6932.386159,0.000000,48.000000,87.710306,0.000000,55.654596
15646,6932.386159,0.000000,48.000000,87.208914,0.000000,48.133705
15647,6932.386159,0.000000,48.000000,86.707521,0.000000,40.612813
15648,6932.386159,0.000000,48.000000,86.206128,0.000000,33.091922
15649,6932.386159,0.000000,48.000000,85.704735,0.000000,25.571031
15650,6932.386159,0.000000,48.000000,85.203343,0.000000,18.050139
15651,6932.386159,0.000000,48.000000,84.701950,0.000000,10.529248
15652,6932.386159,0.000000,48.000000,84.200557,0.000000,3.008357
15653,6932.386159,0.000000,48.000000,83.699164,0.000000,355.487465
15654,6932.386159,0.000000,48.000000,83.197772,0.000000,347.966574
15655,6932.386159,0.000000,48.000000,82.696379,0.000000,340.445682
15656,6932.386159,0.000000,48.000000,82.194986,0.000000,332.924791
15657,6932.386159,0.000000,48.000000,81.693593,0.000000,325.403900
15658,6932.386159,0.000000,48.000000,81.192201,0.000000,317.883008
15659,6932.386159,0.000000,48.000000,80.690808,0.000000,310.362117
15660,6932.386159,0.000000,48.000000,80.189415,0.000000,302.841226
15661,6932.386159,0.000000,48.000000,79.688022,0.000000,295.320334
15662,6932.386159,0.000000,48.000000,79.186630,0.000000,287.799443
15663,6932.386159,0.000000,48.000000,78.685237,0.000000,280.278552
15664,6932.386159,0.000000,48.000000,78.183844,0.000000,272.757660
15665,6932.386159,0.000000,48.000000,77.682451,0.000000,265.236769
15666,6932.386159,0.000000,48.000000,77.181058,0.000000,257.715877
15667,6932.386159,0.000000,48.000000,76.679666,0.000000,250.194986
15668,6932.386159,0.000000,48.000000,76.178273,0.000000,242.674095
15669,6932.386159,0.000000,48.000000,75.676880,0.000000,235.153203
15670,6932.386159,0.000000,48.000000,75.175487,0.000000,227.632312
15671,6932.386159,0.000000,48.000000,74.674095,0.000000,220.111421
15672,6932.386159,0.000000,48.000000,74.172702,0.000000,212.590529
15673,6932.386159,0.000000,48.000000,73.671309,0.000000,205.069638
15674,6932.386159,0.000000,48.000000,73.169916,0.000000,197.548747
15675,6932.386159,0.000000,48.000000,72.668524,0.000000,190.027855
15676,6932.386159,0.000000,48.000000,72.167131,0.000000,182.506964
15677,6932.386159,0.000000,48.000000,71.665738,0.000000,174.986072
15678,6932.386159,0.000000,48.000000,71.164345,0.000000,167.465181
15679,6932.386159,0.000000,48.000000,70.662953,0.000000,159.944290
15680,6932.386159,0.000000,48.000000,70.161560,0.000000,152.423398
15681,6932.386159,0.000000,48.000000,69.660167,0.000000,144.902507
15682,6932.386159,0.000000,48.000000,69.158774,0.000000,137.381616
15683,6932.386159,0.000000,48.000000,68.657382,0.000000,129.860724
15684,6932.386159,0.000000,48.000000,68.155989,0.000000,122.339833
15685,6932.386159,0.000000,48.000000,67.654596,0.000000,114.818942
15686,6932.386159,0.000000,48.000000,67.153203,0.000000,107.298050
15687,6932.386159,0.000000,48.000000,66.651811,0.000000,99.777159
15688,6932.386159,0.000000,48.000000,66.150418,0.000000,92.256267
15689,6932.386159,0.000000,48.000000,65.649025,0.000000,84.735376
15690,6932.386159,0.000000,48.000000,65.147632,0.000000,77.214485
15691,6932.386159,0.000000,48.000000,64.646240,0.000000,69.693593
15692,6932.386159,0.000000,48.000000,64.144847,0.000000,62.172702
15693,6932.386159,0.000000,48.000000,63.643454,0.000000,54.651811
15694,6932.386159,0.000000,48.000000,63.142061,0.000000,47.130919
15695,6932.386159,0.000000,48.000000,62.640669,0.000000,39.610028
15696,6932.386159,0.000000,48.000000,62.139276,0.000000,32.089136
15697,6932.386159,0.000000,48.000000,61.637883,0.000000,24.568245
15698,6932.386159,0.000000,48.000000,61.136490,0.000000,17.047354
15699,6932.386159,0.000000,48.000000,60.635097,0.000000,9.526462
15700,6932.386159,0.000000,48.000000,60.133705,0.000000,2.005571
15701,6932.386159,0.000000,48.000000,59.632312,0.000000,354.484680
15702,6932.386159,0.000000,48.000000,59.130919,0.000000,346.963788
15703,6932.386159,0.000000,48.000000,58.629526,0.000000,339.442897
15704,6932.386159,0.000000,48.000000,58.128134,0.000000,331.922006
15705,6932.386159,0.000000,48.000000,57.626741,0.000000,324.401114
15706,6932.386159,0.000000,48.000000,57.125348,0.000000,316.880223
15707,6932.386159,0.000000,48.000000,56.623955,0.000000,309.359331
15708,6932.386159,0.000000,48.000000,56.122563,0.000000,301.838440
15709,6932.386159,0.000000,48.000000,55.621170,0.000000,294.317549
15710,6932.386159,0.000000,48.000000,55.119777,0.000000,286.796657
15711,6932.386159,0.000000,48.000000,54.618384,0.000000,279.275766
15712,6932.386159,0.000000,48.000000,54.116992,0.000000,271.754875
15713,6932.386159,0.000000,48.000000,53.615599,0.000000,264.233983
15714,6932.386159,0.000000,48.000000,53.114206,0.000000,256.713092
15715,6932.386159,0.000000,48.000000,52.612813,0.000000,249.192201
15716,6932.386159,0.000000,48.000000,52.111421,0.000000,241.671309
15717,6932.386159,0.000000,48.000000,51.610028,0.000000,234.150418
15718,6932.386159,0.000000,48.000000,51.108635,0.000000,226.629526
15719,6932.386159,0.000000,48.000000,50.607242,0.000000,219.108635
15720,6932.386159,0.000000,48.000000,50.105850,0.000000,211.587744
15721,6932.386159,0.000000,48.000000,49.604457,0.000000,204.066852
15722,6932.386159,0.000000,48.000000,49.103064,0.000000,196.545961
15723,6932.386159,0.000000,48.000000,48.601671,0.000000,189.025070
15724,6932.386159,0.000000,48.000000,48.100279,0.000000,181.504178
15725,6932.386159,0.000000,48.000000,47.598886,0.000000,173.983287
15726,6932.386159,0.000000,48.000000,47.097493,0.000000,166.462396
15727,6932.386159,0.000000,48.000000,46.596100,0.000000,158.941504
15728,6932.386159,0.000000,48.000000,46.094708,0.000000,151.420613
15729,6932.386159,0.000000,48.000000,45.593315,0.000000,143.899721
15730,6932.386159,0.000000,48.000000,45.091922,0.000000,136.378830
15731,6932.386159,0.000000,48.000000,44.590529,0.000000,128.857939
15732,6932.386159,0.000000,48.000000,44.089136,0.000000,121.337047
15733,6932.386159,0.000000,48.000000,43.587744,0.000000,113.816156
15734,6932.386159,0.000000,48.000000,43.086351,0.000000,106.295265
15735,6932.386159,0.000000,48.000000,42.584958,0.000000,98.774373
15736,6932.386159,0.000000,48.000000,42.083565,0.000000,91.253482
15737,6932.386159,0.000000,48.000000,41.582173,0.000000,83.732591
15738,6932.386159,0.000000,48.000000,41.080780,0.000000,76.211699
15739,6932.386159,0.000000,48.000000,40.579387,0.000000,68.690808
15740,6932.386159,0.000000,48.000000,40.077994,0.000000,61.169916
15741,6932.386159,0.000000,48.000000,39.576602,0.000000,53.649025
15742,6932.386159,0.000000,48.000000,39.075209,0.000000,46.128134
15743,6932.386159,0.000000,48.000000,38.573816,0.000000,38.607242
15744,6932.386159,0.000000,48.000000,38.072423,0.000000,31.086351
15745,6932.386159,0.000000,48.000000,37.571031,0.000000,23.565460
15746,6932.386159,0.000000,48.000000,37.069638,0.000000,16.044568
15747,6932.386159,0.000000,48.000000,36.568245,0.000000,8.523677
15748,6932.386159,0.000000,48.000000,36.066852,0.000000,1.002786
15749,6932.386159,0.000000,48.000000,35.565460,0.000000,353.481894
15750,6932.386159,0.000000,48.000000,35.064067,0.000000,345.961003
15751,6932.386159,0.000000,48.000000,34.562674,0.000000,338.440111
15752,6932.386159,0.000000,48.000000,34.061281,0.000000,330.919220
15753,6932.386159,0.000000,48.000000,33.559889,0.000000,323.398329
15754,6932.386159,0.000000,48.000000,33.058496,0.000000,315.877437
15755,6932.386159,0.000000,48.000000,32.557103,0.000000,308.356546
15756,6932.386159,0.000000,48.000000,32.055710,0.000000,300.835655
15757,6932.386159,0.000000,48.000000,31.554318,0.000000,293.314763
15758,6932.386159,0.000000,48.000000,31.052925,0.000000,285.793872
15759,6932.386159,0.000000,48.000000,30.551532,0.000000,278.272981
15760,6932.386159,0.000000,48.000000,30.050139,0.000000,270.752089
15761,6932.386159,0.000000,48.000000,29.548747,0.000000,263.231198
15762,6932.386159,0.000000,48.000000,29.047354,0.000000,255.710306
15763,6932.386159,0.000000,48.000000,28.545961,0.000000,248.189415
15764,6932.386159,0.000000,48.000000,28.044568,0.000000,240.668524
15765,6932.386159,0.000000,48.000000,27.543175,0.000000,233.147632
15766,6932.386159,0.000000,48.000000,27.041783,0.000000,225.626741
15767,6932.386159,0.000000,48.000000,26.540390,0.000000,218.105850
15768,6932.386159,0.000000,48.000000,26.038997,0.000000,210.584958
15769,6932.386159,0.000000,48.000000,25.537604,0.000000,203.064067
15770,6932.386159,0.000000,48.000000,25.036212,0.000000,195.543175
15771,6932.386159,0.000000,48.000000,24.534819,0.000000,188.022284
15772,6932.386159,0.000000,48.000000,24.033426,0.000000,180.501393
15773,6932.386159,0.000000,48.000000,23.532033,0.000000,172.980501
15774,6932.386159,0.000000,48.000000,23.030641,0.000000,165.459610
15775,6932.386159,0.000000,48.000000,22.529248,0.000000,157.938719
15776,6932.386159,0.000000,48.000000,22.027855,0.000000,150.417827
15777,6932.386159,0.000000,48.000000,21.526462,0.000000,142.896936
15778,6932.386159,0.000000,48.000000,21.025070,0.000000,135.376045
15779,6932.386159,0.000000,48.000000,20.523677,0.000000,127.855153
15780,6932.386159,0.000000,48.000000,20.022284,0.000000,120.334262
15781,6932.386159,0.000000,48.000000,19.520891,0.000000,112.813370
15782,6932.386159,0.000000,48.000000,19.019499,0.000000,105.292479
15783,6932.386159,0.000000,48.000000,18.518106,0.000000,97.771588
15784,6932.386159,0.000000,48.000000,18.016713,0.000000,90.250696
15785,6932.386159,0.000000,48.000000,17.515320,0.000000,82.729805
15786,6932.386159,0.000000,48.000000,17.013928,0.000000,75.208914
15787,6932.386159,0.000000,48.000000,16.512535,0.000000,67.688022
15788,6932.386159,0.000000,48.000000,16.011142,0.000000,60.167131
15789,6932.386159,0.000000,48.000000,15.509749,0.000000,52.646240
15790,6932.386159,0.000000,48.000000,15.008357,0.000000,45.125348
15791,6932.386159,0.000000,48.000000,14.506964,0.000000,37.604457
15792,6932.386159,0.000000,48.000000,14.005571,0.000000,30.083565
15793,6932.386159,0.000000,48.000000,13.504178,0.000000,22.562674
15794,6932.386159,0.000000,48.000000,13.002786,0.000000,15.041783
15795,6932.386159,0.000000,48.000000,12.501393,0.000000,7.520891
16514,6932.386159,0.000000,36.000000,21.600000,0.000000,0.000000
16515,6932.386159,0.000000,36.000000,21.098607,0.000000,352.479109
16516,6932.386159,0.000000,36.000000,20.597214,0.000000,344.958217
16517,6932.386159,0.000000,36.000000,20.095822,0.000000,337.437326
16518,6932.386159,0.000000,36.000000,19.594429,0.000000,329.916435
16519,6932.386159,0.000000,36.000000,19.093036,0.000000,322.395543
16520,6932.386159,0.000000,36.000000,18.591643,0.000000,314.874652
16521,6932.386159,0.000000,36.000000,18.090251,0.000000,307.353760
16522,6932.386159,0.000000,36.000000,17.588858,0.000000,299.832869
16523,6932.386159,0.000000,36.000000,17.087465,0.000000,292.311978
16524,6932.386159,0.000000,36.000000,16.586072,0.000000,284.791086
16525,6932.386159,0.000000,36.000000,16.084680,0.000000,277.270195
16526,6932.386159,0.000000,36.000000,15.583287,0.000000,269.749304
16527,6932.386159,0.000000,36.000000,15.081894,0.000000,262.228412
16528,6932.386159,0.000000,36.000000,14.580501,0.000000,254.707521
16529,6932.386159,0.000000,36.000000,14.079109,0.000000,247.186630
16530,6932.386159,0.000000,36.000000,13.577716,0.000000,239.665738
16531,6932.386159,0.000000,36.000000,13.076323,0.000000,232.144847
16532,6932.386159,0.000000,36.000000,12.574930,0.000000,224.623955
16533,6932.386159,0.000000,36.000000,12.073538,0.000000,217.103064
16534,6932.386159,0.000000,36.000000,11.572145,0.000000,209.582173
16535,6932.386159,0.000000,36.000000,11.070752,0.000000,202.061281
16536,6932.386159,0.000000,36.000000,10.569359,0.000000,194.540390
16537,6932.386159,0.000000,36.000000,10.067967,0.000000,187.019499
16538,6932.386159,0.000000,36.000000,9.566574,0.000000,179.498607
16539,6932.386159,0.000000,36.000000,9.065181,0.000000,171.977716
16540,6932.386159,0.000000,36.000000,8.563788,0.000000,164.456825
16541,6932.386159,0.000000,36.000000,8.062396,0.000000,156.935933
16542,6932.386159,0.000000,36.000000,7.561003,0.000000,149.415042
16543,6932.386159,0.000000,36.000000,7.059610,0.000000,141.894150
16544,6932.386159,0.000000,36.000000,6.558217,0.000000,134.373259
16545,6932.386159,0.000000,36.000000,6.056825,0.000000,126.852368
16546,6932.386159,0.000000,36.000000,5.555432,0.000000,119.331476
16547,6932.386159,0.000000,36.000000,5.054039,0.000000,111.810585
16548,6932.386159,0.000000,36.000000,4.552646,0.000000,104.289694
16549,6932.386159,0.000000,36.000000,4.051253,0.000000,96.768802
16550,6932.386159,0.000000,36.000000,3.549861,0.000000,89.247911
16551,6932.386159,0.000000,36.000000,3.048468,0.000000,81.727019
16552,6932.386159,0.000000,36.000000,2.547075,0.000000,74.206128
16553,6932.386159,0.000000,36.000000,2.045682,0.000000,66.685237
16554,6932.386159,0.000000,36.000000,1.544290,0.000000,59.164345
16555,6932.386159,0.000000,36.000000,1.042897,0.000000,51.643454
16556,6932.386159,0.000000,36.000000,0.541504,0.000000,44.122563
16557,6932.386159,0.000000,36.000000,0.040111,0.000000,36.601671
16558,6932.386159,0.000000,36.000000,359.538719,0.000000,29.080780
16559,6932.386159,0.000000,36.000000,359.037326,0.000000,21.559889
16560,6932.386159,0.000000,36.000000,358.535933,0.000000,14.038997
16561,6932.386159,0.000000,36.000000,358.034540,0.000000,6.518106
16562,6932.386159,0.000000,36.000000,357.533148,0.000000,358.997214
16563,6932.386159,0.000000,36.000000,357.031755,0.000000,351.476323
16564,6932.386159,0.000000,36.000000,356.530362,0.000000,343.955432
16565,6932.386159,0.000000,36.000000,356.028969,0.000000,336.434540
16566,6932.386159,0.000000,36.000000,355.527577,0.000000,328.913649
16567,6932.386159,0.000000,36.000000,355.026184,0.000000,321.392758
16568,6932.386159,0.000000,36.000000,354.524791,0.000000,313.871866
16569,6932.386159,0.000000,36.000000,354.023398,0.000000,306.350975
16570,6932.386159,0.000000,36.000000,353.522006,0.000000,298.830084
16571,6932.386159,0.000000,36.000000,353.020613,0.000000,291.309192
16572,6932.386159,0.000000,36.000000,352.519220,0.000000,283.788301
16573,6932.386159,0.000000,36.000000,352.017827,0.000000,276.267409
16574,6932.386159,0.000000,36.000000,351.516435,0.000000,268.746518
16575,6932.386159,0.000000,36.000000,351.015042,0.000000,261.225627
16576,6932.386159,0.000000,36.000000,350.513649,0.000000,253.704735
16577,6932.386159,0.000000,36.000000,350.012256,0.000000,246.183844
16578,6932.386159,0.000000,36.000000,349.510864,0.000000,238.662953
16579,6932.386159,0.000000,36.000000,349.009471,0.000000,231.142061
16580,6932.386159,0.000000,36.000000,348.508078,0.000000,223.621170
16581,6932.386159,0.000000,36.000000,348.006685,0.000000,216.100279
16582,6932.386159,0.000000,36.000000,347.505292,0.000000,208.579387
16583,6932.386159,0.000000,36.000000,347.003900,0.000000,201.058496
16584,6932.386159,0.000000,36.000000,346.502507,0.000000,193.537604
16585,6932.386159,0.000000,36.000000,346.001114,0.000000,186.016713
16586,6932.386159,0.000000,36.000000,345.499721,0.000000,178.495822
16587,6932.386159,0.000000,36.000000,344.998329,0.000000,170.974930
16588,6932.386159,0.000000,36.000000,344.496936,0.000000,163.454039
16589,6932.386159,0.000000,36.000000,343.995543,0.000000,155.933148
16590,6932.386159,0.000000,36.000000,343.494150,0.000000,148.412256
16591,6932.386159,0.000000,36.000000,342.992758,0.000000,140.891365
16592,6932.386159,0.000000,36.000000,342.491365,0.000000,133.370474
16593,6932.386159,0.000000,36.000000,341.989972,0.000000,125.849582
16594,6932.386159,0.000000,36.000000,341.488579,0.000000,118.328691
16595,6932.386159,0.000000,36.000000,340.987187,0.000000,110.807799
16596,6932.386159,0.000000,36.000000,340.485794,0.000000,103.286908
16597,6932.386159,0.000000,36.000000,339.984401,0.000000,95.766017
16598,6932.386159,0.000000,36.000000,339.483008,0.000000,88.245125
16599,6932.386159,0.000000,36.000000,338.981616,0.000000,80.724234
16600,6932.386159,0.000000,36.000000,338.480223,0.000000,73.203343
16601,6932.386159,0.000000,36.000000,337.978830,0.000000,65.682451
16602,6932.386159,0.000000,36.000000,337.477437,0.000000,58.161560
16603,6932.386159,0.000000,36.000000,336.976045,0.000000,50.640669
16604,6932.386159,0.000000,36.000000,336.474652,0.000000,43.119777
16605,6932.386159,0.000000,36.000000,335.973259,0.000000,35.598886
16606,6932.386159,0.000000,36.000000,335.471866,0.000000,28.077994
16607,6932.386159,0.000000,36.000000,334.970474,0.000000,20.557103
16608,6932.386159,0.000000,36.000000,334.469081,0.000000,13.036212
16609,6932.386159,0.000000,36.000000,333.967688,0.000000,5.515320
16610,6932.386159,0.000000,36.000000,333.466295,0.000000,357.994429
16611,6932.386159,0.000000,36.000000,332.964903,0.000000,350.473538
16612,6932.386159,0.000000,36.000000,332.463510,0.000000,342.952646
16613,6932.386159,0.000000,36.000000,331.962117,0.000000,335.431755
16614,6932.386159,0.000000,36.000000,331.460724,0.000000,327.910864
16615,6932.386159,0.000000,36.000000,330.959331,0.000000,320.389972
16616,6932.386159,0.000000,36.000000,330.457939,0.000000,312.869081
16617,6932.386159,0.000000,36.000000,329.956546,0.000000,305.348189
16618,6932.386159,0.000000,36.000000,329.455153,0.000000,297.827298
16619,6932.386159,0.000000,36.000000,328.953760,0.000000,290.306407
16620,6932.386159,0.000000,36.000000,328.452368,0.000000,282.785515
16621,6932.386159,0.000000,36.000000,327.950975,0.000000,275.264624
16622,6932.386159,0.000000,36.000000,327.449582,0.000000,267.743733
16623,6932.386159,0.000000,36.000000,326.948189,0.000000,260.222841
16624,6932.386159,0.000000,36.000000,326.446797,0.000000,252.701950
16625,6932.386159,0.000000,36.000000,325.945404,0.000000,245.181058
16626,6932.386159,0.000000,36.000000,325.444011,0.000000,237.660167
16627,6932.386159,0.000000,36.000000,324.942618,0.000000,230.139276
16628,6932.386159,0.000000,36.000000,324.441226,0.000000,222.618384
16629,6932.386159,0.000000,36.000000,323.939833,0.000000,215.097493
16630,6932.386159,0.000000,36.000000,323.438440,0.000000,207.576602
16631,6932.386159,0.000000,36.000000,322.937047,0.000000,200.055710
16632,6932.386159,0.000000,36.000000,322.435655,0.000000,192.534819
16633,6932.386159,0.000000,36.000000,321.934262,0.000000,185.013928
16634,6932.386159,0.000000,36.000000,321.432869,0.000000,177.493036
16635,6932.386159,0.000000,36.000000,320.931476,0.000000,169.972145
16636,6932.386159,0.000000,36.000000,320.430084,0.000000,162.451253
16637,6932.386159,0.000000,36.000000,319.928691,0.000000,154.930362
16638,6932.386159,0.000000,36.000000,319.427298,0.000000,147.409471
16639,6932.386159,0.000000,36.000000,318.925905,0.000000,139.888579
16640,6932.386159,0.000000,36.000000,318.424513,0.000000,132.367688
16641,6932.386159,0.000000,36.000000,317.923120,0.000000,124.846797
16642,6932.386159,0.000000,36.000000,317.421727,0.000000,117.325905
16643,6932.386159,0.000000,36.000000,316.920334,0.000000,109.805014
16644,6932.386159,0.000000,36.000000,316.418942,0.000000,102.284123
16645,6932.386159,0.000000,36.000000,315.917549,0.000000,94.763231
16646,6932.386159,0.000000,36.000000,315.416156,0.000000,87.242340
16647,6932.386159,0.000000,36.000000,314.914763,0.000000,79.721448
16648,6932.386159,0.000000,36.000000,314.413370,0.000000,72.200557
16649,6932.386159,0.000000,36.000000,313.911978,0.000000,64.679666
16650,6932.386159,0.000000,36.000000,313.410585,0.000000,57.158774
16651,6932.386159,0.000000,36.000000,312.909192,0.000000,49.637883
16652,6932.386159,0.000000,36.000000,312.407799,0.000000,42.116992
16653,6932.386159,0.000000,36.000000,311.906407,0.000000,34.596100
16654,6932.386159,0.000000,36.000000,311.405014,0.000000,27.075209
16655,6932.386159,0.000000,36.000000,310.903621,0.000000,19.554318
16656,6932.386159,0.000000,36.000000,310.402228,0.000000,12.033426
16657,6932.386159,0.000000,36.000000,309.900836,0.000000,4.512535
16658,6932.386159,0.000000,36.000000,309.399443,0.000000,356.991643
16659,6932.386159,0.000000,36.000000,308.898050,0.000000,349.470752
16660,6932.386159,0.000000,36.000000,308.396657,0.000000,341.949861
16661,6932.386159,0.000000,36.000000,307.895265,0.000000,334.428969
16662,6932.386159,0.000000,36.000000,307.393872,0.000000,326.908078
16663,6932.386159,0.000000,36.000000,306.892479,0.000000,319.387187
16664,6932.386159,0.000000,36.000000,306.391086,0.000000,311.866295
16665,6932.386159,0.000000,36.000000,305.889694,0.000000,304.345404
16666,6932.386159,0.000000,36.000000,305.388301,0.000000,296.824513
16667,6932.386159,0.000000,36.000000,304.886908,0.000000,289.303621
16668,6932.386159,0.000000,36.000000,304.385515,0.000000,281.782730
16669,6932.386159,0.000000,36.000000,303.884123,0.000000,274.261838
16670,6932.386159,0.000000,36.000000,303.382730,0.000000,266.740947
16671,6932.386159,0.000000,36.000000,302.881337,0.000000,259.220056
16672,6932.386159,0.000000,36.000000,302.379944,0.000000,251.699164
16673,6932.386159,0.000000,36.000000,301.878552,0.000000,244.178273
16674,6932.386159,0.000000,36.000000,301.377159,0.000000,236.657382
16675,6932.386159,0.000000,36.000000,300.875766,0.000000,229.136490
16676,6932.386159,0.000000,36.000000,300.374373,0.000000,221.615599
16677,6932.386159,0.000000,36.000000,299.872981,0.000000,214.094708
16678,6932.386159,0.000000,36.000000,299.371588,0.000000,206.573816
16679,6932.386159,0.000000,36.000000,298.870195,0.000000,199.052925
16680,6932.386159,0.000000,36.000000,298.368802,0.000000,191.532033
16681,6932.386159,0.000000,36.000000,297.867409,0.000000,184.011142
16682,6932.386159,0.000000,36.000000,297.366017,0.000000,176.490251
16683,6932.386159,0.000000,36.000000,296.864624,0.000000,168.969359
16684,6932.386159,0.000000,36.000000,296.363231,0.000000,161.448468
16685,6932.386159,0.000000,36.000000,295.861838,0.000000,153.927577
16686,6932.386159,0.000000,36.000000,295.360446,0.000000,146.406685
16687,6932.386159,0.000000,36.000000,294.859053,0.000000,138.885794
16688,6932.386159,0.000000,36.000000,294.357660,0.000000,131.364903
16689,6932.386159,0.000000,36.000000,293.856267,0.000000,123.844011
16690,6932.386159,0.000000,36.000000,293.354875,0.000000,116.323120
16691,6932.386159,0.000000,36.000000,292.853482,0.000000,108.802228
16692,6932.386159,0.000000,36.000000,292.352089,0.000000,101.281337
16693,6932.386159,0.000000,36.000000,291.850696,0.000000,93.760446
16694,6932.386159,0.000000,36.000000,291.349304,0.000000,86.239554
16695,6932.386159,0.000000,36.000000,290.847911,0.000000,78.718663
16696,6932.386159,0.000000,36.000000,290.346518,0.000000,71.197772
16697,6932.386159,0.000000,36.000000,289.845125,0.000000,63.676880
16698,6932.386159,0.000000,36.000000,289.343733,0.000000,56.155989
16699,6932.386159,0.000000,36.000000,288.842340,0.000000,48.635097
16700,6932.386159,0.000000,36.000000,288.340947,0.000000,41.114206
16701,6932.386159,0.000000,36.000000,287.839554,0.000000,33.593315
16702,6932.386159,0.000000,36.000000,287.338162,0.000000,26.072423
16703,6932.386159,0.000000,36.000000,286.836769,0.000000,18.551532
16704,6932.386159,0.000000,36.000000,286.335376,0.000000,11.030641
16705,6932.386159,0.000000,36.000000,285.833983,0.000000,3.509749
16706,6932.386159,0.000000,36.000000,285.332591,0.000000,355.988858
16707,6932.386159,0.000000,36.000000,284.831198,0.000000,348.467967
16708,6932.386159,0.000000,36.000000,284.329805,0.000000,340.947075
16709,6932.386159,0.000000,36.000000,283.828412,0.000000,333.426184
16710,6932.386159,0.000000,36.000000,283.327019,0.000000,325.905292
16711,6932.386159,0.000000,36.000000,282.825627,0.000000,318.384401
16712,6932.386159,0.000000,36.000000,282.324234,0.000000,310.863510
16713,6932.386159,0.000000,36.000000,281.822841,0.000000,303.342618
16714,6932.386159,0.000000,36.000000,281.321448,0.000000,295.821727
16715,6932.386159,0.000000,36.000000,280.820056,0.000000,288.300836
16716,6932.386159,0.000000,36.000000,280.318663,0.000000,280.779944
16717,6932.386159,0.000000,36.000000,279.817270,0.000000,273.259053
16718,6932.386159,0.000000,36.000000,279.315877,0.000000,265.738162
16719,6932.386159,0.000000,36.000000,278.814485,0.000000,258.217270
16720,6932.386159,0.000000,36.000000,278.313092,0.000000,250.696379
16721,6932.386159,0.000000,36.000000,277.811699,0.000000,243.175487
16722,6932.386159,0.000000,36.000000,277.310306,0.000000,235.654596
16723,6932.386159,0.000000,36.000000,276.808914,0.000000,228.133705
16724,6932.386159,0.000000,36.000000,276.307521,0.000000,220.612813
16725,6932.386159,0.000000,36.000000,275.806128,0.000000,213.091922
16726,6932.386159,0.000000,36.000000,275.304735,0.000000,205.571031
16727,6932.386159,0.000000,36.000000,274.803343,0.000000,198.050139
16728,6932.386159,0.000000,36.000000,274.301950,0.000000,190.529248
16729,6932.386159,0.000000,36.000000,273.800557,0.000000,183.008357
16730,6932.386159,0.000000,36.000000,273.299164,0.000000,175.487465
16731,6932.386159,0.000000,36.000000,272.797772,0.000000,167.966574
16732,6932.386159,0.000000,36.000000,272.296379,0.000000,160.445682
16733,6932.386159,0.000000,36.000000,271.794986,0.000000,152.924791
16734,6932.386159,0.000000,36.000000,271.293593,0.000000,145.403900
16735,6932.386159,0.000000,36.000000,270.792201,0.000000,137.883008
16736,6932.386159,0.000000,36.000000,270.290808,0.000000,130.362117
16737,6932.386159,0.000000,36.000000,269.789415,0.000000,122.841226
16738,6932.386159,0.000000,36.000000,269.288022,0.000000,115.320334
16739,6932.386159,0.000000,36.000000,268.786630,0.000000,107.799443
16740,6932.386159,0.000000,36.000000,268.285237,0.000000,100.278552
16741,6932.386159,0.000000,36.000000,267.783844,0.000000,92.757660
16742,6932.386159,0.000000,36.000000,267.282451,0.000000,85.236769
16743,6932.386159,0.000000,36.000000,266.781058,0.000000,77.715877
16744,6932.386159,0.000000,36.000000,266.279666,0.000000,70.194986
16745,6932.386159,0.000000,36.000000,265.778273,0.000000,62.674095
16746,6932.386159,0.000000,36.000000,265.276880,0.000000,55.153203
16747,6932.386159,0.000000,36.000000,264.775487,0.000000,47.632312
16748,6932.386159,0.000000,36.000000,264.274095,0.000000,40.111421
16749,6932.386159,0.000000,36.000000,263.772702,0.000000,32.590529
16750,6932.386159,0.000000,36.000000,263.271309,0.000000,25.069638
16751,6932.386159,0.000000,36.000000,262.769916,0.000000,17.548747
16752,6932.386159,0.000000,36.000000,262.268524,0.000000,10.027855
16753,6932.386159,0.000000,36.000000,261.767131,0.000000,2.506964
16754,6932.386159,0.000000,36.000000,261.265738,0.000000,354.986072
16755,6932.386159,0.000000,36.000000,260.764345,0.000000,347.465181
16756,6932.386159,0.000000,36.000000,260.262953,0.000000,339.944290
16757,6932.386159,0.000000,36.000000,259.761560,0.000000,332.423398
16758,6932.386159,0.000000,36.000000,259.260167,0.000000,324.902507
16759,6932.386159,0.000000,36.000000,258.758774,0.000000,317.381616
16760,6932.386159,0.000000,36.000000,258.257382,0.000000,309.860724
16761,6932.386159,0.000000,36.000000,257.755989,0.000000,302.339833
16762,6932.386159,0.000000,36.000000,257.254596,0.000000,294.818942
16763,6932.386159,0.000000,36.000000,256.753203,0.000000,287.298050
16764,6932.386159,0.000000,36.000000,256.251811,0.000000,279.777159
16765,6932.386159,0.000000,36.000000,255.750418,0.000000,272.256267
16766,6932.386159,0.000000,36.000000,255.249025,0.000000,264.735376
16767,6932.386159,0.000000,36.000000,254.747632,0.000000,257.214485
16768,6932.386159,0.000000,36.000000,254.246240,0.000000,249.693593
16769,6932.386159,0.000000,36.000000,253.744847,0.000000,242.172702
16770,6932.386159,0.000000,36.000000,253.243454,0.000000,234.651811
16771,6932.386159,0.000000,36.000000,252.742061,0.000000,227.130919
16772,6932.386159,0.000000,36.000000,252.240669,0.000000,219.610028
16773,6932.386159,0.000000,36.000000,251.739276,0.000000,212.089136
16774,6932.386159,0.000000,36.000000,251.237883,0.000000,204.568245
16775,6932.386159,0.000000,36.000000,250.736490,0.000000,197.047354
16776,6932.386159,0.000000,36.000000,250.235097,0.000000,189.526462
16777,6932.386159,0.000000,36.000000,249.733705,0.000000,182.005571
16778,6932.386159,0.000000,36.000000,249.232312,0.000000,174.484680
16779,6932.386159,0.000000,36.000000,248.730919,0.000000,166.963788
16780,6932.386159,0.000000,36.000000,248.229526,0.000000,159.442897
16781,6932.386159,0.000000,36.000000,247.728134,0.000000,151.922006
16782,6932.386159,0.000000,36.000000,247.226741,0.000000,144.401114
16783,6932.386159,0.000000,36.000000,246.725348,0.000000,136.880223
16784,6932.386159,0.000000,36.000000,246.223955,0.000000,129.359331
16785,6932.386159,0.000000,36.000000,245.722563,0.000000,121.838440
16786,6932.386159,0.000000,36.000000,245.221170,0.000000,114.317549
16787,6932.386159,0.000000,36.000000,244.719777,0.000000,106.796657
16788,6932.386159,0.000000,36.000000,244.218384,0.000000,99.275766
16789,6932.386159,0.000000,36.000000,243.716992,0.000000,91.754875
16790,6932.386159,0.000000,36.000000,243.215599,0.000000,84.233983
16791,6932.386159,0.000000,36.000000,242.714206,0.000000,76.713092
16792,6932.386159,0.000000,36.000000,242.212813,0.000000,69.192201
16793,6932.386159,0.000000,36.000000,241.711421,0.000000,61.671309
16794,6932.386159,0.000000,36.000000,241.210028,0.000000,54.150418
16795,6932.386159,0.000000,36.000000,240.708635,0.000000,46.629526
16796,6932.386159,0.000000,36.000000,240.207242,0.000000,39.108635
16797,6932.386159,0.000000,36.000000,239.705850,0.000000,31.587744
16798,6932.386159,0.000000,36.000000,239.204457,0.000000,24.066852
16799,6932.386159,0.000000,36.000000,238.703064,0.000000,16.545961
16800,6932.386159,0.000000,36.000000,238.201671,0.000000,9.025070
16801,6932.386159,0.000000,36.000000,237.700279,0.000000,1.504178
16802,6932.386159,0.000000,36.000000,237.198886,0.000000,353.983287
16803,6932.386159,0.000000,36.000000,236.697493,0.000000,346.462396
16804,6932.386159,0.000000,36.000000,236.196100,0.000000,338.941504
16805,6932.386159,0.000000,36.000000,235.694708,0.000000,331.420613
16806,6932.386159,0.000000,36.000000,235.193315,0.000000,323.899721
16807,6932.386159,0.000000,36.000000,234.691922,0.000000,316.378830
16808,6932.386159,0.000000,36.000000,234.190529,0.000000,308.857939
16809,6932.386159,0.000000,36.000000,233.689136,0.000000,301.337047
16810,6932.386159,0.000000,36.000000,233.187744,0.000000,293.816156
16811,6932.386159,0.000000,36.000000,232.686351,0.000000,286.295265
16812,6932.386159,0.000000,36.000000,232.184958,0.000000,278.774373
16813,6932.386159,0.000000,36.000000,231.683565,0.000000,271.253482
16814,6932.386159,0.000000,36.000000,231.182173,0.000000,263.732591
16815,6932.386159,0.000000,36.000000,230.680780,0.000000,256.211699
16816,6932.386159,0.000000,36.000000,230.179387,0.000000,248.690808
16817,6932.386159,0.000000,36.000000,229.677994,0.000000,241.169916
16818,6932.386159,0.000000,36.000000,229.176602,0.000000,233.649025
16819,6932.386159,0.000000,36.000000,228.675209,0.000000,226.128134
16820,6932.386159,0.000000,36.000000,228.173816,0.000000,218.607242
16821,6932.386159,0.000000,36.000000,227.672423,0.000000,211.086351
16822,6932.386159,0.000000,36.000000,227.171031,0.000000,203.565460
16823,6932.386159,0.000000,36.000000,226.669638,0.000000,196.044568
16824,6932.386159,0.000000,36.000000,226.168245,0.000000,188.523677
16825,6932.386159,0.000000,36.000000,225.666852,0.000000,181.002786
16826,6932.386159,0.000000,36.000000,225.165460,0.000000,173.481894
16827,6932.386159,0.000000,36.000000,224.664067,0.000000,165.961003
16828,6932.386159,0.000000,36.000000,224.162674,0.000000,158.440111
16829,6932.386159,0.000000,36.000000,223.661281,0.000000,150.919220
16830,6932.386159,0.000000,36.000000,223.159889,0.000000,143.398329
16831,6932.386159,0.000000,36.000000,222.658496,0.000000,135.877437
16832,6932.386159,0.000000,36.000000,222.157103,0.000000,128.356546
16833,6932.386159,0.000000,36.000000,221.655710,0.000000,120.835655
16834,6932.386159,0.000000,36.000000,221.154318,0.000000,113.314763
16835,6932.386159,0.000000,36.000000,220.652925,0.000000,105.793872
16836,6932.386159,0.000000,36.000000,220.151532,0.000000,98.272981
16837,6932.386159,0.000000,36.000000,219.650139,0.000000,90.752089
16838,6932.386159,0.000000,36.000000,219.148747,0.000000,83.231198
16839,6932.386159,0.000000,36.000000,218.647354,0.000000,75.710306
16840,6932.386159,0.000000,36.000000,218.145961,0.000000,68.189415
16841,6932.386159,0.000000,36.000000,217.644568,0.000000,60.668524
16842,6932.386159,0.000000,36.000000,217.143175,0.000000,53.147632
16843,6932.386159,0.000000,36.000000,216.641783,0.000000,45.626741
16844,6932.386159,0.000000,36.000000,216.140390,0.000000,38.105850
16845,6932.386159,0.000000,36.000000,215.638997,0.000000,30.584958
16846,6932.386159,0.000000,36.000000,215.137604,0.000000,23.064067
16847,6932.386159,0.000000,36.000000,214.636212,0.000000,15.543175
16848,6932.386159,0.000000,36.000000,214.134819,0.000000,8.022284
16849,6932.386159,0.000000,36.000000,213.633426,0.000000,0.501393
16850,6932.386159,0.000000,36.000000,213.132033,0.000000,352.980501
16851,6932.386159,0.000000,36.000000,212.630641,0.000000,345.459610
16852,6932.386159,0.000000,36.000000,212.129248,0.000000,337.938719
16853,6932.386159,0.000000,36.000000,211.627855,0.000000,330.417827
16854,6932.386159,0.000000,36.000000,211.126462,0.000000,322.896936
16855,6932.386159,0.000000,36.000000,210.625070,0.000000,315.376045
16856,6932.386159,0.000000,36.000000,210.123677,0.000000,307.855153
16857,6932.386159,0.000000,36.000000,209.622284,0.000000,300.334262
16858,6932.386159,0.000000,36.000000,209.120891,0.000000,292.813370
16859,6932.386159,0.000000,36.000000,208.619499,0.000000,285.292479
16860,6932.386159,0.000000,36.000000,208.118106,0.000000,277.771588
16861,6932.386159,0.000000,36.000000,207.616713,0.000000,270.250696
16862,6932.386159,0.000000,36.000000,207.115320,0.000000,262.729805
16863,6932.386159,0.000000,36.000000,206.613928,0.000000,255.208914
16864,6932.386159,0.000000,36.000000,206.112535,0.000000,247.688022
16865,6932.386159,0.000000,36.000000,205.611142,0.000000,240.167131
16866,6932.386159,0.000000,36.000000,205.109749,0.000000,232.646240
16867,6932.386159,0.000000,36.000000,204.608357,0.000000,225.125348
16868,6932.386159,0.000000,36.000000,204.106964,0.000000,217.604457
16869,6932.386159,0.000000,36.000000,203.605571,0.000000,210.083565
16870,6932.386159,0.000000,36.000000,203.104178,0.000000,202.562674
16871,6932.386159,0.000000,36.000000,202.602786,0.000000,195.041783
16872,6932.386159,0.000000,36.000000,202.101393,0.000000,187.520891
16873,6932.386159,0.000000,36.000000,201.600000,0.000000,180.000000
16874,6932.386159,0.000000,36.000000,201.098607,0.000000,172.479109
16875,6932.386159,0.000000,36.000000,200.597214,0.000000,164.958217
16876,6932.386159,0.000000,36.000000,200.095822,0.000000,157.437326
16877,6932.386159,0.000000,36.000000,199.594429,0.000000,149.916435
16878,6932.386159,0.000000,36.000000,199.093036,0.000000,142.395543
16879,6932.386159,0.000000,36.000000,198.591643,0.000000,134.874652
16880,6932.386159,0.000000,36.000000,198.090251,0.000000,127.353760
16881,6932.386159,0.000000,36.000000,197.588858,0.000000,119.832869
16882,6932.386159,0.000000,36.000000,197.087465,0.000000,112.311978
16883,6932.386159,0.000000,36.000000,196.586072,0.000000,104.791086
16884,6932.386159,0.000000,36.000000,196.084680,0.000000,97.270195
16885,6932.386159,0.000000,36.000000,195.583287,0.000000,89.749304
16886,6932.386159,0.000000,36.000000,195.081894,0.000000,82.228412
16887,6932.386159,0.000000,36.000000,194.580501,0.000000,74.707521
16888,6932.386159,0.000000,36.000000,194.079109,0.000000,67.186630
16889,6932.386159,0.000000,36.000000,193.577716,0.000000,59.665738
16890,6932.386159,0.000000,36.000000,193.076323,0.000000,52.144847
16891,6932.386159,0.000000,36.000000,192.574930,0.000000,44.623955
16892,6932.386159,0.000000,36.000000,192.073538,0.000000,37.103064
16893,6932.386159,0.000000,36.000000,191.572145,0.000000,29.582173
16894,6932.386159,0.000000,36.000000,191.070752,0.000000,22.061281
16895,6932.386159,0.000000,36.000000,190.569359,0.000000,14.540390
16896,6932.386159,0.000000,36.000000,190.067967,0.000000,7.019499
16897,6932.386159,0.000000,36.000000,189.566574,0.000000,359.498607
16898,6932.386159,0.000000,36.000000,189.065181,0.000000,351.977716
16899,6932.386159,0.000000,36.000000,188.563788,0.000000,344.456825
16900,6932.386159,0.000000,36.000000,188.062396,0.000000,336.935933
16901,6932.386159,0.000000,36.000000,187.561003,0.000000,329.415042
16902,6932.386159,0.000000,36.000000,187.059610,0.000000,321.894150
16903,6932.386159,0.000000,36.000000,186.558217,0.000000,314.373259
16904,6932.386159,0.000000,36.000000,186.056825,0.000000,306.852368
16905,6932.386159,0.000000,36.000000,185.555432,0.000000,299.331476
16906,6932.386159,0.000000,36.000000,185.054039,0.000000,291.810585
16907,6932.386159,0.000000,36.000000,184.552646,0.000000,284.289694
16908,6932.386159,0.000000,36.000000,184.051253,0.000000,276.768802
16909,6932.386159,0.000000,36.000000,183.549861,0.000000,269.247911
16910,6932.386159,0.000000,36.000000,183.048468,0.000000,261.727019
16911,6932.386159,0.000000,36.000000,182.547075,0.000000,254.206128
16912,6932.386159,0.000000,36.000000,182.045682,0.000000,246.685237
16913,6932.386159,0.000000,36.000000,181.544290,0.000000,239.164345
16914,6932.386159,0.000000,36.000000,181.042897,0.000000,231.643454
16915,6932.386159,0.000000,36.000000,180.541504,0.000000,224.122563
16916,6932.386159,0.000000,36.000000,180.040111,0.000000,216.601671
16917,6932.386159,0.000000,36.000000,179.538719,0.000000,209.080780
16918,6932.386159,0.000000,36.000000,179.037326,0.000000,201.559889
16919,6932.386159,0.000000,36.000000,178.535933,0.000000,194.038997
16920,6932.386159,0.000000,36.000000,178.034540,0.000000,186.518106
16921,6932.386159,0.000000,36.000000,177.533148,0.000000,178.997214
16922,6932.386159,0.000000,36.000000,177.031755,0.000000,171.476323
16923,6932.386159,0.000000,36.000000,176.530362,0.000000,163.955432
16924,6932.386159,0.000000,36.000000,176.028969,0.000000,156.434540
16925,6932.386159,0.000000,36.000000,175.527577,0.000000,148.913649
16926,6932.386159,0.000000,36.000000,175.026184,0.000000,141.392758
16927,6932.386159,0.000000,36.000000,174.524791,0.000000,133.871866
16928,6932.386159,0.000000,36.000000,174.023398,0.000000,126.350975
16929,6932.386159,0.000000,36.000000,173.522006,0.000000,118.830084
16930,6932.386159,0.000000,36.000000,173.020613,0.000000,111.309192
16931,6932.386159,0.000000,36.000000,172.519220,0.000000,103.788301
16932,6932.386159,0.000000,36.000000,172.017827,0.000000,96.267409
16933,6932.386159,0.000000,36.000000,171.516435,0.000000,88.746518
16934,6932.386159,0.000000,36.000000,171.015042,0.000000,81.225627
16935,6932.386159,0.000000,36.000000,170.513649,0.000000,73.704735
16936,6932.386159,0.000000,36.000000,170.012256,0.000000,66.183844
16937,6932.386159,0.000000,36.000000,169.510864,0.000000,58.662953
16938,6932.386159,0.000000,36.000000,169.009471,0.000000,51.142061
16939,6932.386159,0.000000,36.000000,168.508078,0.000000,43.621170
16940,6932.386159,0.000000,36.000000,168.006685,0.000000,36.100279
16941,6932.386159,0.000000,36.000000,167.505292,0.000000,28.579387
16942,6932.386159,0.000000,36.000000,167.003900,0.000000,21.058496
16943,6932.386159,0.000000,36.000000,166.502507,0.000000,13.537604
16944,6932.386159,0.000000,36.000000,166.001114,0.000000,6.016713
16945,6932.386159,0.000000,36.000000,165.499721,0.000000,358.495822
16946,6932.386159,0.000000,36.000000,164.998329,0.000000,350.974930
16947,6932.386159,0.000000,36.000000,164.496936,0.000000,343.454039
16948,6932.386159,0.000000,36.000000,163.995543,0.000000,335.933148
16949,6932.386159,0.000000,36.000000,163.494150,0.000000,328.412256
16950,6932.386159,0.000000,36.000000,162.992758,0.000000,320.891365
16951,6932.386159,0.000000,36.000000,162.491365,0.000000,313.370474
16952,6932.386159,0.000000,36.000000,161.989972,0.000000,305.849582
16953,6932.386159,0.000000,36.000000,161.488579,0.000000,298.328691
16954,6932.386159,0.000000,36.000000,160.987187,0.000000,290.807799
16955,6932.386159,0.000000,36.000000,160.485794,0.000000,283.286908
16956,6932.386159,0.000000,36.000000,159.984401,0.000000,275.766017
16957,6932.386159,0.000000,36.000000,159.483008,0.000000,268.245125
16958,6932.386159,0.000000,36.000000,158.981616,0.000000,260.724234
16959,6932.386159,0.000000,36.000000,158.480223,0.000000,253.203343
16960,6932.386159,0.000000,36.000000,157.978830,0.000000,245.682451
16961,6932.386159,0.000000,36.000000,157.477437,0.000000,238.161560
16962,6932.386159,0.000000,36.000000,156.976045,0.000000,230.640669
16963,6932.386159,0.000000,36.000000,156.474652,0.000000,223.119777
16964,6932.386159,0.000000,36.000000,155.973259,0.000000,215.598886
16965,6932.386159,0.000000,36.000000,155.471866,0.000000,208.077994
16966,6932.386159,0.000000,36.000000,154.970474,0.000000,200.557103
16967,6932.386159,0.000000,36.000000,154.469081,0.000000,193.036212
16968,6932.386159,0.000000,36.000000,153.967688,0.000000,185.515320
16969,6932.386159,0.000000,36.000000,153.466295,0.000000,177.994429
16970,6932.386159,0.000000,36.000000,152.964903,0.000000,170.473538
16971,6932.386159,0.000000,36.000000,152.463510,0.000000,162.952646
16972,6932.386159,0.000000,36.000000,151.962117,0.000000,155.431755
16973,6932.386159,0.000000,36.000000,151.460724,0.000000,147.910864
16974,6932.386159,0.000000,36.000000,150.959331,0.000000,140.389972
16975,6932.386159,0.000000,36.000000,150.457939,0.000000,132.869081
16976,6932.386159,0.000000,36.000000,149.956546,0.000000,125.348189
16977,6932.386159,0.000000,36.000000,149.455153,0.000000,117.827298
16978,6932.386159,0.000000,36.000000,148.953760,0.000000,110.306407
16979,6932.386159,0.000000,36.000000,148.452368,0.000000,102.785515
16980,6932.386159,0.000000,36.000000,147.950975,0.000000,95.264624
16981,6932.386159,0.000000,36.000000,147.449582,0.000000,87.743733
16982,6932.386159,0.000000,36.000000,146.948189,0.000000,80.222841
16983,6932.386159,0.000000,36.000000,146.446797,0.000000,72.701950
16984,6932.386159,0.000000,36.000000,145.945404,0.000000,65.181058
16985,6932.386159,0.000000,36.000000,145.444011,0.000000,57.660167
16986,6932.386159,0.000000,36.000000,144.942618,0.000000,50.139276
16987,6932.386159,0.000000,36.000000,144.441226,0.000000,42.618384
16988,6932.386159,0.000000,36.000000,143.939833,0.000000,35.097493
16989,6932.386159,0.000000,36.000000,143.438440,0.000000,27.576602
16990,6932.386159,0.000000,36.000000,142.937047,0.000000,20.055710
16991,6932.386159,0.000000,36.000000,142.435655,0.000000,12.534819
16992,6932.386159,0.000000,36.000000,141.934262,0.000000,5.013928
16993,6932.386159,0.000000,36.000000,141.432869,0.000000,357.493036
16994,6932.386159,0.000000,36.000000,140.931476,0.000000,349.972145
16995,6932.386159,0.000000,36.000000,140.430084,0.000000,342.451253
16996,6932.386159,0.000000,36.000000,139.928691,0.000000,334.930362
16997,6932.386159,0.000000,36.000000,139.427298,0.000000,327.409471
16998,6932.386159,0.000000,36.000000,138.925905,0.000000,319.888579
16999,6932.386159,0.000000,36.000000,138.424513,0.000000,312.367688
17000,6932.386159,0.000000,36.000000,137.923120,0.000000,304.846797
17001,6932.386159,0.000000,36.000000,137.421727,0.000000,297.325905
17002,6932.386159,0.000000,36.000000,136.920334,0.000000,289.805014
17003,6932.386159,0.000000,36.000000,136.418942,0.000000,282.284123
17004,6932.386159,0.000000,36.000000,135.917549,0.000000,274.763231
17005,6932.386159,0.000000,36.000000,135.416156,0.000000,267.242340
17006,6932.386159,0.000000,36.000000,134.914763,0.000000,259.721448
17007,6932.386159,0.000000,36.000000,134.413370,0.000000,252.200557
17008,6932.386159,0.000000,36.000000,133.911978,0.000000,244.679666
17009,6932.386159,0.000000,36.000000,133.410585,0.000000,237.158774
17010,6932.386159,0.000000,36.000000,132.909192,0.000000,229.637883
17011,6932.386159,0.000000,36.000000,132.407799,0.000000,222.116992
17012,6932.386159,0.000000,36.000000,131.906407,0.000000,214.596100
17013,6932.386159,0.000000,36.000000,131.405014,0.000000,207.075209
17014,6932.386159,0.000000,36.000000,130.903621,0.000000,199.554318
17015,6932.386159,0.000000,36.000000,130.402228,0.000000,192.033426
17016,6932.386159,0.000000,36.000000,129.900836,0.000000,184.512535
17017,6932.386159,0.000000,36.000000,129.399443,0.000000,176.991643
17018,6932.386159,0.000000,36.000000,128.898050,0.000000,169.470752
17019,6932.386159,0.000000,36.000000,128.396657,0.000000,161.949861
17020,6932.386159,0.000000,36.000000,127.895265,0.000000,154.428969
17021,6932.386159,0.000000,36.000000,127.393872,0.000000,146.908078
17022,6932.386159,0.000000,36.000000,126.892479,0.000000,139.387187
17023,6932.386159,0.000000,36.000000,126.391086,0.000000,131.866295
17024,6932.386159,0.000000,36.000000,125.889694,0.000000,124.345404
17025,6932.386159,0.000000,36.000000,125.388301,0.000000,116.824513
17026,6932.386159,0.000000,36.000000,124.886908,0.000000,109.303621
17027,6932.386159,0.000000,36.000000,124.385515,0.000000,101.782730
17028,6932.386159,0.000000,36.000000,123.884123,0.000000,94.261838
17029,6932.386159,0.000000,36.000000,123.382730,0.000000,86.740947
17030,6932.386159,0.000000,36.000000,122.881337,0.000000,79.220056
17031,6932.386159,0.000000,36.000000,122.379944,0.000000,71.699164
17032,6932.386159,0.000000,36.000000,121.878552,0.000000,64.178273
17033,6932.386159,0.000000,36.000000,121.377159,0.000000,56.657382
17034,6932.386159,0.000000,36.000000,120.875766,0.000000,49.136490
17035,6932.386159,0.000000,36.000000,120.374373,0.000000,41.615599
17036,6932.386159,0.000000,36.000000,119.872981,0.000000,34.094708
17037,6932.386159,0.000000,36.000000,119.371588,0.000000,26.573816
17038,6932.386159,0.000000,36.000000,118.870195,0.000000,19.052925
17039,6932.386159,0.000000,36.000000,118.368802,0.000000,11.532033
17040,6932.386159,0.000000,36.000000,117.867409,0.000000,4.011142
17041,6932.386159,0.000000,36.000000,117.366017,0.000000,356.490251
17042,6932.386159,0.000000,36.000000,116.864624,0.000000,348.969359
17043,6932.386159,0.000000,36.000000,116.363231,0.000000,341.448468
17044,6932.386159,0.000000,36.000000,115.861838,0.000000,333.927577
17045,6932.386159,0.000000,36.000000,115.360446,0.000000,326.406685
17046,6932.386159,0.000000,36.000000,114.859053,0.000000,318.885794
17047,6932.386159,0.000000,36.000000,114.357660,0.000000,311.364903
17048,6932.386159,0.000000,36.000000,113.856267,0.000000,303.844011
17049,6932.386159,0.000000,36.000000,113.354875,0.000000,296.323120
17050,6932.386159,0.000000,36.000000,112.853482,0.000000,288.802228
17051,6932.386159,0.000000,36.000000,112.352089,0.000000,281.281337
17052,6932.386159,0.000000,36.000000,111.850696,0.000000,273.760446
17053,6932.386159,0.000000,36.000000,111.349304,0.000000,266.239554
17054,6932.386159,0.000000,36.000000,110.847911,0.000000,258.718663
17055,6932.386159,0.000000,36.000000,110.346518,0.000000,251.197772
17056,6932.386159,0.000000,36.000000,109.845125,0.000000,243.676880
17057,6932.386159,0.000000,36.000000,109.343733,0.000000,236.155989
17058,6932.386159,0.000000,36.000000,108.842340,0.000000,228.635097
17059,6932.386159,0.000000,36.000000,108.340947,0.000000,221.114206
17060,6932.386159,0.000000,36.000000,107.839554,0.000000,213.593315
17061,6932.386159,0.000000,36.000000,107.338162,0.000000,206.072423
17062,6932.386159,0.000000,36.000000,106.836769,0.000000,198.551532
17063,6932.386159,0.000000,36.000000,106.335376,0.000000,191.030641
17064,6932.386159,0.000000,36.000000,105.833983,0.000000,183.509749
17065,6932.386159,0.000000,36.000000,105.332591,0.000000,175.988858
17066,6932.386159,0.000000,36.000000,104.831198,0.000000,168.467967
17067,6932.386159,0.000000,36.000000,104.329805,0.000000,160.947075
17068,6932.386159,0.000000,36.000000,103.828412,0.000000,153.426184
17069,6932.386159,0.000000,36.000000,103.327019,0.000000,145.905292
17070,6932.386159,0.000000,36.000000,102.825627,0.000000,138.384401
17071,6932.386159,0.000000,36.000000,102.324234,0.000000,130.863510
17072,6932.386159,0.000000,36.000000,101.822841,0.000000,123.342618
17073,6932.386159,0.000000,36.000000,101.321448,0.000000,115.821727
17074,6932.386159,0.000000,36.000000,100.820056,0.000000,108.300836
17075,6932.386159,0.000000,36.000000,100.318663,0.000000,100.779944
17076,6932.386159,0.000000,36.000000,99.817270,0.000000,93.259053
17077,6932.386159,0.000000,36.000000,99.315877,0.000000,85.738162
17078,6932.386159,0.000000,36.000000,98.814485,0.000000,78.217270
17079,6932.386159,0.000000,36.000000,98.313092,0.000000,70.696379
17080,6932.386159,0.000000,36.000000,97.811699,0.000000,63.175487
17081,6932.386159,0.000000,36.000000,97.310306,0.000000,55.654596
17082,6932.386159,0.000000,36.000000,96.808914,0.000000,48.133705
17083,6932.386159,0.000000,36.000000,96.307521,0.000000,40.612813
17084,6932.386159,0.000000,36.000000,95.806128,0.000000,33.091922
17085,6932.386159,0.000000,36.000000,95.304735,0.000000,25.571031
17086,6932.386159,0.000000,36.000000,94.803343,0.000000,18.050139
17087,6932.386159,0.000000,36.000000,94.301950,0.000000,10.529248
17088,6932.386159,0.000000,36.000000,93.800557,0.000000,3.008357
17089,6932.386159,0.000000,36.000000,93.299164,0.000000,355.487465
17090,6932.386159,0.000000,36.000000,92.797772,0.000000,347.966574
17091,6932.386159,0.000000,36.000000,92.296379,0.000000,340.445682
17092,6932.386159,0.000000,36.000000,91.794986,0.000000,332.924791
17093,6932.386159,0.000000,36.000000,91.293593,0.000000,325.403900
17094,6932.386159,0.000000,36.000000,90.792201,0.000000,317.883008
17095,6932.386159,0.000000,36.000000,90.290808,0.000000,310.362117
17096,6932.386159,0.000000,36.000000,89.789415,0.000000,302.841226
17097,6932.386159,0.000000,36.000000,89.288022,0.000000,295.320334
17098,6932.386159,0.000000,36.000000,88.786630,0.000000,287.799443
17099,6932.386159,0.000000,36.000000,88.285237,0.000000,280.278552
17100,6932.386159,0.000000,36.000000,87.783844,0.000000,272.757660
17101,6932.386159,0.000000,36.000000,87.282451,0.000000,265.236769
17102,6932.386159,0.000000,36.000000,86.781058,0.000000,257.715877
17103,6932.386159,0.000000,36.000000,86.279666,0.000000,250.194986
17104,6932.386159,0.000000,36.000000,85.778273,0.000000,242.674095
17105,6932.386159,0.000000,36.000000,85.276880,0.000000,235.153203
17106,6932.386159,0.000000,36.000000,84.775487,0.000000,227.632312
17107,6932.386159,0.000000,36.000000,84.274095,0.000000,220.111421
17108,6932.386159,0.000000,36.000000,83.772702,0.000000,212.590529
17109,6932.386159,0.000000,36.000000,83.271309,0.000000,205.069638
17110,6932.386159,0.000000,36.000000,82.769916,0.000000,197.548747
17111,6932.386159,0.000000,36.000000,82.268524,0.000000,190.027855
17112,6932.386159,0.000000,36.000000,81.767131,0.000000,182.506964
17113,6932.386159,0.000000,36.000000,81.265738,0.000000,174.986072
17114,6932.386159,0.000000,36.000000,80.764345,0.000000,167.465181
17115,6932.386159,0.000000,36.000000,80.262953,0.000000,159.944290
17116,6932.386159,0.000000,36.000000,79.761560,0.000000,152.423398
17117,6932.386159,0.000000,36.000000,79.260167,0.000000,144.902507
17118,6932.386159,0.000000,36.000000,78.758774,0.000000,137.381616
17119,6932.386159,0.000000,36.000000,78.257382,0.000000,129.860724
17120,6932.386159,0.000000,36.000000,77.755989,0.000000,122.339833
17121,6932.386159,0.000000,36.000000,77.254596,0.000000,114.818942
17122,6932.386159,0.000000,36.000000,76.753203,0.000000,107.298050
17123,6932.386159,0.000000,36.000000,76.251811,0.000000,99.777159
17124,6932.386159,0.000000,36.000000,75.750418,0.000000,92.256267
17125,6932.386159,0.000000,36.000000,75.249025,0.000000,84.735376
17126,6932.386159,0.000000,36.000000,74.747632,0.000000,77.214485
17127,6932.386159,0.000000,36.000000,74.246240,0.000000,69.693593
17128,6932.386159,0.000000,36.000000,73.744847,0.000000,62.172702
17129,6932.386159,0.000000,36.000000,73.243454,0.000000,54.651811
17130,6932.386159,0.000000,36.000000,72.742061,0.000000,47.130919
17131,6932.386159,0.000000,36.000000,72.240669,0.000000,39.610028
17132,6932.386159,0.000000,36.000000,71.739276,0.000000,32.089136
17133,6932.386159,0.000000,36.000000,71.237883,0.000000,24.568245
17134,6932.386159,0.000000,36.000000,70.736490,0.000000,17.047354
17135,6932.386159,0.000000,36.000000,70.235097,0.000000,9.526462
17136,6932.386159,0.000000,36.000000,69.733705,0.000000,2.005571
17137,6932.386159,0.000000,36.000000,69.232312,0.000000,354.484680
17138,6932.386159,0.000000,36.000000,68.730919,0.000000,346.963788
17139,6932.386159,0.000000,36.000000,68.229526,0.000000,339.442897
17140,6932.386159,0.000000,36.000000,67.728134,0.000000,331.922006
17141,6932.386159,0.000000,36.000000,67.226741,0.000000,324.401114
17142,6932.386159,0.000000,36.000000,66.725348,0.000000,316.880223
17143,6932.386159,0.000000,36.000000,66.223955,0.000000,309.359331
17144,6932.386159,0.000000,36.000000,65.722563,0.000000,301.838440
17145,6932.386159,0.000000,36.000000,65.221170,0.000000,294.317549
17146,6932.386159,0.000000,36.000000,64.719777,0.000000,286.796657
17147,6932.386159,0.000000,36.000000,64.218384,0.000000,279.275766
17148,6932.386159,0.000000,36.000000,63.716992,0.000000,271.754875
17149,6932.386159,0.000000,36.000000,63.215599,0.000000,264.233983
17150,6932.386159,0.000000,36.000000,62.714206,0.000000,256.713092
17151,6932.386159,0.000000,36.000000,62.212813,0.000000,249.192201
17152,6932.386159,0.000000,36.000000,61.711421,0.000000,241.671309
17153,6932.386159,0.000000,36.000000,61.210028,0.000000,234.150418
17154,6932.386159,0.000000,36.000000,60.708635,0.000000,226.629526
17155,6932.386159,0.000000,36.000000,60.207242,0.000000,219.108635
17156,6932.386159,0.000000,36.000000,59.705850,0.000000,211.587744
17157,6932.386159,0.000000,36.000000,59.204457,0.000000,204.066852
17158,6932.386159,0.000000,36.000000,58.703064,0.000000,196.545961
17159,6932.386159,0.000000,36.000000,58.201671,0.000000,189.025070
17160,6932.386159,0.000000,36.000000,57.700279,0.000000,181.504178
17161,6932.386159,0.000000,36.000000,57.198886,0.000000,173.983287
17162,6932.386159,0.000000,36.000000,56.697493,0.000000,166.462396
17163,6932.386159,0.000000,36.000000,56.196100,0.000000,158.941504
17164,6932.386159,0.000000,36.000000,55.694708,0.000000,151.420613
17165,6932.386159,0.000000,36.000000,55.193315,0.000000,143.899721
17166,6932.386159,0.000000,36.000000,54.691922,0.000000,136.378830
17167,6932.386159,0.000000,36.000000,54.190529,0.000000,128.857939
17168,6932.386159,0.000000,36.000000,53.689136,0.000000,121.337047
17169,6932.386159,0.000000,36.000000,53.187744,0.000000,113.816156
17170,6932.386159,0.000000,36.000000,52.686351,0.000000,106.295265
17171,6932.386159,0.000000,36.000000,52.184958,0.000000,98.774373
17172,6932.386159,0.000000,36.000000,51.683565,0.000000,91.253482
17173,6932.386159,0.000000,36.000000,51.182173,0.000000,83.732591
17174,6932.386159,0.000000,36.000000,50.680780,0.000000,76.211699
17175,6932.386159,0.000000,36.000000,50.179387,0.000000,68.690808
17176,6932.386159,0.000000,36.000000,49.677994,0.000000,61.169916
17177,6932.386159,0.000000,36.000000,49.176602,0.000000,53.649025
17178,6932.386159,0.000000,36.000000,48.675209,0.000000,46.128134
17179,6932.386159,0.000000,36.000000,48.173816,0.000000,38.607242
17180,6932.386159,0.000000,36.000000,47.672423,0.000000,31.086351
17181,6932.386159,0.000000,36.000000,47.171031,0.000000,23.565460
17182,6932.386159,0.000000,36.000000,46.669638,0.000000,16.044568
17183,6932.386159,0.000000,36.000000,46.168245,0.000000,8.523677
17184,6932.386159,0.000000,36.000000,45.666852,0.000000,1.002786
17185,6932.386159,0.000000,36.000000,45.165460,0.000000,353.481894
17186,6932.386159,0.000000,36.000000,44.664067,0.000000,345.961003
17187,6932.386159,0.000000,36.000000,44.162674,0.000000,338.440111
17188,6932.386159,0.000000,36.000000,43.661281,0.000000,330.919220
17189,6932.386159,0.000000,36.000000,43.159889,0.000000,323.398329
17190,6932.386159,0.000000,36.000000,42.658496,0.000000,315.877437
17191,6932.386159,0.000000,36.000000,42.157103,0.000000,308.356546
17192,6932.386159,0.000000,36.000000,41.655710,0.000000,300.835655
17193,6932.386159,0.000000,36.000000,41.154318,0.000000,293.314763
17194,6932.386159,0.000000,36.000000,40.652925,0.000000,285.793872
17195,6932.386159,0.000000,36.000000,40.151532,0.000000,278.272981
17196,6932.386159,0.000000,36.000000,39.650139,0.000000,270.752089
17197,6932.386159,0.000000,36.000000,39.148747,0.000000,263.231198
17198,6932.386159,0.000000,36.000000,38.647354,0.000000,255.710306
17199,6932.386159,0.000000,36.000000,38.145961,0.000000,248.189415
17200,6932.386159,0.000000,36.000000,37.644568,0.000000,240.668524
17201,6932.386159,0.000000,36.000000,37.143175,0.000000,233.147632
17202,6932.386159,0.000000,36.000000,36.641783,0.000000,225.626741
17203,6932.386159,0.000000,36.000000,36.140390,0.000000,218.105850
17204,6932.386159,0.000000,36.000000,35.638997,0.000000,210.584958
17205,6932.386159,0.000000,36.000000,35.137604,0.000000,203.064067
17206,6932.386159,0.000000,36.000000,34.636212,0.000000,195.543175
17207,6932.386159,0.000000,36.000000,34.134819,0.000000,188.022284
17208,6932.386159,0.000000,36.000000,33.633426,0.000000,180.501393
17209,6932.386159,0.000000,36.000000,33.132033,0.000000,172.980501
17210,6932.386159,0.000000,36.000000,32.630641,0.000000,165.459610
17211,6932.386159,0.000000,36.000000,32.129248,0.000000,157.938719
17212,6932.386159,0.000000,36.000000,31.627855,0.000000,150.417827
17213,6932.386159,0.000000,36.000000,31.126462,0.000000,142.896936
17214,6932.386159,0.000000,36.000000,30.625070,0.000000,135.376045
17215,6932.386159,0.000000,36.000000,30.123677,0.000000,127.855153
17216,6932.386159,0.000000,36.000000,29.622284,0.000000,120.334262
17217,6932.386159,0.000000,36.000000,29.120891,0.000000,112.813370
17218,6932.386159,0.000000,36.000000,28.619499,0.000000,105.292479
17219,6932.386159,0.000000,36.000000,28.118106,0.000000,97.771588
17220,6932.386159,0.000000,36.000000,27.616713,0.000000,90.250696
17221,6932.386159,0.000000,36.000000,27.115320,0.000000,82.729805
17222,6932.386159,0.000000,36.000000,26.613928,0.000000,75.208914
17223,6932.386159,0.000000,36.000000,26.112535,0.000000,67.688022
17224,6932.386159,0.000000,36.000000,25.611142,0.000000,60.167131
17225,6932.386159,0.000000,36.000000,25.109749,0.000000,52.646240
17226,6932.386159,0.000000,36.000000,24.608357,0.000000,45.125348
17227,6932.386159,0.000000,36.000000,24.106964,0.000000,37.604457
17228,6932.386159,0.000000,36.000000,23.605571,0.000000,30.083565
17229,6932.386159,0.000000,36.000000,23.104178,0.000000,22.562674
17230,6932.386159,0.000000,36.000000,22.602786,0.000000,15.041783
17231,6932.386159,0.000000,36.000000,22.101393,0.000000,7.520891
18668,6932.386159,0.000000,32.000000,21.600000,0.000000,0.000000
18669,6932.386159,0.000000,32.000000,21.098607,0.000000,352.479109
18670,6932.386159,0.000000,32.000000,20.597214,0.000000,344.958217
18671,6932.386159,0.000000,32.000000,20.095822,0.000000,337.437326
18672,6932.386159,0.000000,32.000000,19.594429,0.000000,329.916435
18673,6932.386159,0.000000,32.000000,19.093036,0.000000,322.395543
18674,6932.386159,0.000000,32.000000,18.591643,0.000000,314.874652
18675,6932.386159,0.000000,32.000000,18.090251,0.000000,307.353760
18676,6932.386159,0.000000,32.000000,17.588858,0.000000,299.832869
18677,6932.386159,0.000000,32.000000,17.087465,0.000000,292.311978
18678,6932.386159,0.000000,32.000000,16.586072,0.000000,284.791086
18679,6932.386159,0.000000,32.000000,16.084680,0.000000,277.270195
18680,6932.386159,0.000000,32.000000,15.583287,0.000000,269.749304
18681,6932.386159,0.000000,32.000000,15.081894,0.000000,262.228412
18682,6932.386159,0.000000,32.000000,14.580501,0.000000,254.707521
18683,6932.386159,0.000000,32.000000,14.079109,0.000000,247.186630
18684,6932.386159,0.000000,32.000000,13.577716,0.000000,239.665738
18685,6932.386159,0.000000,32.000000,13.076323,0.000000,232.144847
18686,6932.386159,0.000000,32.000000,12.574930,0.000000,224.623955
18687,6932.386159,0.000000,32.000000,12.073538,0.000000,217.103064
18688,6932.386159,0.000000,32.000000,11.572145,0.000000,209.582173
18689,6932.386159,0.000000,32.000000,11.070752,0.000000,202.061281
18690,6932.386159,0.000000,32.000000,10.569359,0.000000,194.540390
18691,6932.386159,0.000000,32.000000,10.067967,0.000000,187.019499
18692,6932.386159,0.000000,32.000000,9.566574,0.000000,179.498607
18693,6932.386159,0.000000,32.000000,9.065181,0.000000,171.977716
18694,6932.386159,0.000000,32.000000,8.563788,0.000000,164.456825
18695,6932.386159,0.000000,32.000000,8.062396,0.000000,156.935933
18696,6932.386159,0.000000,32.000000,7.561003,0.000000,149.415042
18697,6932.386159,0.000000,32.000000,7.059610,0.000000,141.894150
18698,6932.386159,0.000000,32.000000,6.558217,0.000000,134.373259
18699,6932.386159,0.000000,32.000000,6.056825,0.000000,126.852368
18700,6932.386159,0.000000,32.000000,5.555432,0.000000,119.331476
18701,6932.386159,0.000000,32.000000,5.054039,0.000000,111.810585
18702,6932.386159,0.000000,32.000000,4.552646,0.000000,104.289694
18703,6932.386159,0.000000,32.000000,4.051253,0.000000,96.768802
18704,6932.386159,0.000000,32.000000,3.549861,0.000000,89.247911
18705,6932.386159,0.000000,32.000000,3.048468,0.000000,81.727019
18706,6932.386159,0.000000,32.000000,2.547075,0.000000,74.206128
18707,6932.386159,0.000000,32.000000,2.045682,0.000000,66.685237
18708,6932.386159,0.000000,32.000000,1.544290,0.000000,59.164345
18709,6932.386159,0.000000,32.000000,1.042897,0.000000,51.643454
18710,6932.386159,0.000000,32.000000,0.541504,0.000000,44.122563
18711,6932.386159,0.000000,32.000000,0.040111,0.000000,36.601671
18712,6932.386159,0.000000,32.000000,359.538719,0.000000,29.080780
18713,6932.386159,0.000000,32.000000,359.037326,0.000000,21.559889
18714,6932.386159,0.000000,32.000000,358.535933,0.000000,14.038997
18715,6932.386159,0.000000,32.000000,358.034540,0.000000,6.518106
18716,6932.386159,0.000000,32.000000,357.533148,0.000000,358.997214
18717,6932.386159,0.000000,32.000000,357.031755,0.000000,351.476323
18718,6932.386159,0.000000,32.000000,356.530362,0.000000,343.955432
18719,6932.386159,0.000000,32.000000,356.028969,0.000000,336.434540
18720,6932.386159,0.000000,32.000000,355.527577,0.000000,328.913649
18721,6932.386159,0.000000,32.000000,355.026184,0.000000,321.392758
18722,6932.386159,0.000000,32.000000,354.524791,0.000000,313.871866
18723,6932.386159,0.000000,32.000000,354.023398,0.000000,306.350975
18724,6932.386159,0.000000,32.000000,353.522006,0.000000,298.830084
18725,6932.386159,0.000000,32.000000,353.020613,0.000000,291.309192
18726,6932.386159,0.000000,32.000000,352.519220,0.000000,283.788301
18727,6932.386159,0.000000,32.000000,352.017827,0.000000,276.267409
18728,6932.386159,0.000000,32.000000,351.516435,0.000000,268.746518
18729,6932.386159,0.000000,32.000000,351.015042,0.000000,261.225627
18730,6932.386159,0.000000,32.000000,350.513649,0.000000,253.704735
18731,6932.386159,0.000000,32.000000,350.012256,0.000000,246.183844
18732,6932.386159,0.000000,32.000000,349.510864,0.000000,238.662953
18733,6932.386159,0.000000,32.000000,349.009471,0.000000,231.142061
18734,6932.386159,0.000000,32.000000,348.508078,0.000000,223.621170
18735,6932.386159,0.000000,32.000000,348.006685,0.000000,216.100279
18736,6932.386159,0.000000,32.000000,347.505292,0.000000,208.579387
18737,6932.386159,0.000000,32.000000,347.003900,0.000000,201.058496
18738,6932.386159,0.000000,32.000000,346.502507,0.000000,193.537604
18739,6932.386159,0.000000,32.000000,346.001114,0.000000,186.016713
18740,6932.386159,0.000000,32.000000,345.499721,0.000000,178.495822
18741,6932.386159,0.000000,32.000000,344.998329,0.000000,170.974930
18742,6932.386159,0.000000,32.000000,344.496936,0.000000,163.454039
18743,6932.386159,0.000000,32.000000,343.995543,0.000000,155.933148
18744,6932.386159,0.000000,32.000000,343.494150,0.000000,148.412256
18745,6932.386159,0.000000,32.000000,342.992758,0.000000,140.891365
18746,6932.386159,0.000000,32.000000,342.491365,0.000000,133.370474
18747,6932.386159,0.000000,32.000000,341.989972,0.000000,125.849582
18748,6932.386159,0.000000,32.000000,341.488579,0.000000,118.328691
18749,6932.386159,0.000000,32.000000,340.987187,0.000000,110.807799
18750,6932.386159,0.000000,32.000000,340.485794,0.000000,103.286908
18751,6932.386159,0.000000,32.000000,339.984401,0.000000,95.766017
18752,6932.386159,0.000000,32.000000,339.483008,0.000000,88.245125
18753,6932.386159,0.000000,32.000000,338.981616,0.000000,80.724234
18754,6932.386159,0.000000,32.000000,338.480223,0.000000,73.203343
18755,6932.386159,0.000000,32.000000,337.978830,0.000000,65.682451
18756,6932.386159,0.000000,32.000000,337.477437,0.000000,58.161560
18757,6932.386159,0.000000,32.000000,336.976045,0.000000,50.640669
18758,6932.386159,0.000000,32.000000,336.474652,0.000000,43.119777
18759,6932.386159,0.000000,32.000000,335.973259,0.000000,35.598886
18760,6932.386159,0.000000,32.000000,335.471866,0.000000,28.077994
18761,6932.386159,0.000000,32.000000,334.970474,0.000000,20.557103
18762,6932.386159,0.000000,32.000000,334.469081,0.000000,13.036212
18763,6932.386159,0.000000,32.000000,333.967688,0.000000,5.515320
18764,6932.386159,0.000000,32.000000,333.466295,0.000000,357.994429
18765,6932.386159,0.000000,32.000000,332.964903,0.000000,350.473538
18766,6932.386159,0.000000,32.000000,332.463510,0.000000,342.952646
18767,6932.386159,0.000000,32.000000,331.962117,0.000000,335.431755
18768,6932.386159,0.000000,32.000000,331.460724,0.000000,327.910864
18769,6932.386159,0.000000,32.000000,330.959331,0.000000,320.389972
18770,6932.386159,0.000000,32.000000,330.457939,0.000000,312.869081
18771,6932.386159,0.000000,32.000000,329.956546,0.000000,305.348189
18772,6932.386159,0.000000,32.000000,329.455153,0.000000,297.827298
18773,6932.386159,0.000000,32.000000,328.953760,0.000000,290.306407
18774,6932.386159,0.000000,32.000000,328.452368,0.000000,282.785515
18775,6932.386159,0.000000,32.000000,327.950975,0.000000,275.264624
18776,6932.386159,0.000000,32.000000,327.449582,0.000000,267.743733
18777,6932.386159,0.000000,32.000000,326.948189,0.000000,260.222841
18778,6932.386159,0.000000,32.000000,326.446797,0.000000,252.701950
18779,6932.386159,0.000000,32.000000,325.945404,0.000000,245.181058
18780,6932.386159,0.000000,32.000000,325.444011,0.000000,237.660167
18781,6932.386159,0.000000,32.000000,324.942618,0.000000,230.139276
18782,6932.386159,0.000000,32.000000,324.441226,0.000000,222.618384
18783,6932.386159,0.000000,32.000000,323.939833,0.000000,215.097493
18784,6932.386159,0.000000,32.000000,323.438440,0.000000,207.576602
18785,6932.386159,0.000000,32.000000,322.937047,0.000000,200.055710
18786,6932.386159,0.000000,32.000000,322.435655,0.000000,192.534819
18787,6932.386159,0.000000,32.000000,321.934262,0.000000,185.013928
18788,6932.386159,0.000000,32.000000,321.432869,0.000000,177.493036
18789,6932.386159,0.000000,32.000000,320.931476,0.000000,169.972145
18790,6932.386159,0.000000,32.000000,320.430084,0.000000,162.451253
18791,6932.386159,0.000000,32.000000,319.928691,0.000000,154.930362
18792,6932.386159,0.000000,32.000000,319.427298,0.000000,147.409471
18793,6932.386159,0.000000,32.000000,318.925905,0.000000,139.888579
18794,6932.386159,0.000000,32.000000,318.424513,0.000000,132.367688
18795,6932.386159,0.000000,32.000000,317.923120,0.000000,124.846797
18796,6932.386159,0.000000,32.000000,317.421727,0.000000,117.325905
18797,6932.386159,0.000000,32.000000,316.920334,0.000000,109.805014
18798,6932.386159,0.000000,32.000000,316.418942,0.000000,102.284123
18799,6932.386159,0.000000,32.000000,315.917549,0.000000,94.763231
18800,6932.386159,0.000000,32.000000,315.416156,0.000000,87.242340
18801,6932.386159,0.000000,32.000000,314.914763,0.000000,79.721448
18802,6932.386159,0.000000,32.000000,314.413370,0.000000,72.200557
18803,6932.386159,0.000000,32.000000,313.911978,0.000000,64.679666
18804,6932.386159,0.000000,32.000000,313.410585,0.000000,57.158774
18805,6932.386159,0.000000,32.000000,312.909192,0.000000,49.637883
18806,6932.386159,0.000000,32.000000,312.407799,0.000000,42.116992
18807,6932.386159,0.000000,32.000000,311.906407,0.000000,34.596100
18808,6932.386159,0.000000,32.000000,311.405014,0.000000,27.075209
18809,6932.386159,0.000000,32.000000,310.903621,0.000000,19.554318
18810,6932.386159,0.000000,32.000000,310.402228,0.000000,12.033426
18811,6932.386159,0.000000,32.000000,309.900836,0.000000,4.512535
18812,6932.386159,0.000000,32.000000,309.399443,0.000000,356.991643
18813,6932.386159,0.000000,32.000000,308.898050,0.000000,349.470752
18814,6932.386159,0.000000,32.000000,308.396657,0.000000,341.949861
18815,6932.386159,0.000000,32.000000,307.895265,0.000000,334.428969
18816,6932.386159,0.000000,32.000000,307.393872,0.000000,326.908078
18817,6932.386159,0.000000,32.000000,306.892479,0.000000,319.387187
18818,6932.386159,0.000000,32.000000,306.391086,0.000000,311.866295
18819,6932.386159,0.000000,32.000000,305.889694,0.000000,304.345404
18820,6932.386159,0.000000,32.000000,305.388301,0.000000,296.824513
18821,6932.386159,0.000000,32.000000,304.886908,0.000000,289.303621
18822,6932.386159,0.000000,32.000000,304.385515,0.000000,281.782730
18823,6932.386159,0.000000,32.000000,303.884123,0.000000,274.261838
18824,6932.386159,0.000000,32.000000,303.382730,0.000000,266.740947
18825,6932.386159,0.000000,32.000000,302.881337,0.000000,259.220056
18826,6932.386159,0.000000,32.000000,302.379944,0.000000,251.699164
18827,6932.386159,0.000000,32.000000,301.878552,0.000000,244.178273
18828,6932.386159,0.000000,32.000000,301.377159,0.000000,236.657382
18829,6932.386159,0.000000,32.000000,300.875766,0.000000,229.136490
18830,6932.386159,0.000000,32.000000,300.374373,0.000000,221.615599
18831,6932.386159,0.000000,32.000000,299.872981,0.000000,214.094708
18832,6932.386159,0.000000,32.000000,299.371588,0.000000,206.573816
18833,6932.386159,0.000000,32.000000,298.870195,0.000000,199.052925
18834,6932.386159,0.000000,32.000000,298.368802,0.000000,191.532033
18835,6932.386159,0.000000,32.000000,297.867409,0.000000,184.011142
18836,6932.386159,0.000000,32.000000,297.366017,0.000000,176.490251
18837,6932.386159,0.000000,32.000000,296.864624,0.000000,168.969359
18838,6932.386159,0.000000,32.000000,296.363231,0.000000,161.448468
18839,6932.386159,0.000000,32.000000,295.861838,0.000000,153.927577
18840,6932.386159,0.000000,32.000000,295.360446,0.000000,146.406685
18841,6932.386159,0.000000,32.000000,294.859053,0.000000,138.885794
18842,6932.386159,0.000000,32.000000,294.357660,0.000000,131.364903
18843,6932.386159,0.000000,32.000000,293.856267,0.000000,123.844011
18844,6932.386159,0.000000,32.000000,293.354875,0.000000,116.323120
18845,6932.386159,0.000000,32.000000,292.853482,0.000000,108.802228
18846,6932.386159,0.000000,32.000000,292.352089,0.000000,101.281337
18847,6932.386159,0.000000,32.000000,291.850696,0.000000,93.760446
18848,6932.386159,0.000000,32.000000,291.349304,0.000000,86.239554
18849,6932.386159,0.000000,32.000000,290.847911,0.000000,78.718663
18850,6932.386159,0.000000,32.000000,290.346518,0.000000,71.197772
18851,6932.386159,0.000000,32.000000,289.845125,0.000000,63.676880
18852,6932.386159,0.000000,32.000000,289.343733,0.000000,56.155989
18853,6932.386159,0.000000,32.000000,288.842340,0.000000,48.635097
18854,6932.386159,0.000000,32.000000,288.340947,0.000000,41.114206
18855,6932.386159,0.000000,32.000000,287.839554,0.000000,33.593315
18856,6932.386159,0.000000,32.000000,287.338162,0.000000,26.072423
18857,6932.386159,0.000000,32.000000,286.836769,0.000000,18.551532
18858,6932.386159,0.000000,32.000000,286.335376,0.000000,11.030641
18859,6932.386159,0.000000,32.000000,285.833983,0.000000,3.509749
18860,6932.386159,0.000000,32.000000,285.332591,0.000000,355.988858
18861,6932.386159,0.000000,32.000000,284.831198,0.000000,348.467967
18862,6932.386159,0.000000,32.000000,284.329805,0.000000,340.947075
18863,6932.386159,0.000000,32.000000,283.828412,0.000000,333.426184
18864,6932.386159,0.000000,32.000000,283.327019,0.000000,325.905292
18865,6932.386159,0.000000,32.000000,282.825627,0.000000,318.384401
18866,6932.386159,0.000000,32.000000,282.324234,0.000000,310.863510
18867,6932.386159,0.000000,32.000000,281.822841,0.000000,303.342618
18868,6932.386159,0.000000,32.000000,281.321448,0.000000,295.821727
18869,6932.386159,0.000000,32.000000,280.820056,0.000000,288.300836
18870,6932.386159,0.000000,32.000000,280.318663,0.000000,280.779944
18871,6932.386159,0.000000,32.000000,279.817270,0.000000,273.259053
18872,6932.386159,0.000000,32.000000,279.315877,0.000000,265.738162
18873,6932.386159,0.000000,32.000000,278.814485,0.000000,258.217270
18874,6932.386159,0.000000,32.000000,278.313092,0.000000,250.696379
18875,6932.386159,0.000000,32.000000,277.811699,0.000000,243.175487
18876,6932.386159,0.000000,32.000000,277.310306,0.000000,235.654596
18877,6932.386159,0.000000,32.000000,276.808914,0.000000,228.133705
18878,6932.386159,0.000000,32.000000,276.307521,0.000000,220.612813
18879,6932.386159,0.000000,32.000000,275.806128,0.000000,213.091922
18880,6932.386159,0.000000,32.000000,275.304735,0.000000,205.571031
18881,6932.386159,0.000000,32.000000,274.803343,0.000000,198.050139
18882,6932.386159,0.000000,32.000000,274.301950,0.000000,190.529248
18883,6932.386159,0.000000,32.000000,273.800557,0.000000,183.008357
18884,6932.386159,0.000000,32.000000,273.299164,0.000000,175.487465
18885,6932.386159,0.000000,32.000000,272.797772,0.000000,167.966574
18886,6932.386159,0.000000,32.000000,272.296379,0.000000,160.445682
18887,6932.386159,0.000000,32.000000,271.794986,0.000000,152.924791
18888,6932.386159,0.000000,32.000000,271.293593,0.000000,145.403900
18889,6932.386159,0.000000,32.000000,270.792201,0.000000,137.883008
18890,6932.386159,0.000000,32.000000,270.290808,0.000000,130.362117
18891,6932.386159,0.000000,32.000000,269.789415,0.000000,122.841226
18892,6932.386159,0.000000,32.000000,269.288022,0.000000,115.320334
18893,6932.386159,0.000000,32.000000,268.786630,0.000000,107.799443
18894,6932.386159,0.000000,32.000000,268.285237,0.000000,100.278552
18895,6932.386159,0.000000,32.000000,267.783844,0.000000,92.757660
18896,6932.386159,0.000000,32.000000,267.282451,0.000000,85.236769
18897,6932.386159,0.000000,32.000000,266.781058,0.000000,77.715877
18898,6932.386159,0.000000,32.000000,266.279666,0.000000,70.194986
18899,6932.386159,0.000000,32.000000,265.778273,0.000000,62.674095
18900,6932.386159,0.000000,32.000000,265.276880,0.000000,55.153203
18901,6932.386159,0.000000,32.000000,264.775487,0.000000,47.632312
18902,6932.386159,0.000000,32.000000,264.274095,0.000000,40.111421
18903,6932.386159,0.000000,32.000000,263.772702,0.000000,32.590529
18904,6932.386159,0.000000,32.000000,263.271309,0.000000,25.069638
18905,6932.386159,0.000000,32.000000,262.769916,0.000000,17.548747
18906,6932.386159,0.000000,32.000000,262.268524,0.000000,10.027855
18907,6932.386159,0.000000,32.000000,261.767131,0.000000,2.506964
18908,6932.386159,0.000000,32.000000,261.265738,0.000000,354.986072
18909,6932.386159,0.000000,32.000000,260.764345,0.000000,347.465181
18910,6932.386159,0.000000,32.000000,260.262953,0.000000,339.944290
18911,6932.386159,0.000000,32.000000,259.761560,0.000000,332.423398
18912,6932.386159,0.000000,32.000000,259.260167,0.000000,324.902507
18913,6932.386159,0.000000,32.000000,258.758774,0.000000,317.381616
18914,6932.386159,0.000000,32.000000,258.257382,0.000000,309.860724
18915,6932.386159,0.000000,32.000000,257.755989,0.000000,302.339833
18916,6932.386159,0.000000,32.000000,257.254596,0.000000,294.818942
18917,6932.386159,0.000000,32.000000,256.753203,0.000000,287.298050
18918,6932.386159,0.000000,32.000000,256.251811,0.000000,279.777159
18919,6932.386159,0.000000,32.000000,255.750418,0.000000,272.256267
18920,6932.386159,0.000000,32.000000,255.249025,0.000000,264.735376
18921,6932.386159,0.000000,32.000000,254.747632,0.000000,257.214485
18922,6932.386159,0.000000,32.000000,254.246240,0.000000,249.693593
18923,6932.386159,0.000000,32.000000,253.744847,0.000000,242.172702
18924,6932.386159,0.000000,32.000000,253.243454,0.000000,234.651811
18925,6932.386159,0.000000,32.000000,252.742061,0.000000,227.130919
18926,6932.386159,0.000000,32.000000,252.240669,0.000000,219.610028
18927,6932.386159,0.000000,32.000000,251.739276,0.000000,212.089136
18928,6932.386159,0.000000,32.000000,251.237883,0.000000,204.568245
18929,6932.386159,0.000000,32.000000,250.736490,0.000000,197.047354
18930,6932.386159,0.000000,32.000000,250.235097,0.000000,189.526462
18931,6932.386159,0.000000,32.000000,249.733705,0.000000,182.005571
18932,6932.386159,0.000000,32.000000,249.232312,0.000000,174.484680
18933,6932.386159,0.000000,32.000000,248.730919,0.000000,166.963788
18934,6932.386159,0.000000,32.000000,248.229526,0.000000,159.442897
18935,6932.386159,0.000000,32.000000,247.728134,0.000000,151.922006
18936,6932.386159,0.000000,32.000000,247.226741,0.000000,144.401114
18937,6932.386159,0.000000,32.000000,246.725348,0.000000,136.880223
18938,6932.386159,0.000000,32.000000,246.223955,0.000000,129.359331
18939,6932.386159,0.000000,32.000000,245.722563,0.000000,121.838440
18940,6932.386159,0.000000,32.000000,245.221170,0.000000,114.317549
18941,6932.386159,0.000000,32.000000,244.719777,0.000000,106.796657
18942,6932.386159,0.000000,32.000000,244.218384,0.000000,99.275766
18943,6932.386159,0.000000,32.000000,243.716992,0.000000,91.754875
18944,6932.386159,0.000000,32.000000,243.215599,0.000000,84.233983
18945,6932.386159,0.000000,32.000000,242.714206,0.000000,76.713092
18946,6932.386159,0.000000,32.000000,242.212813,0.000000,69.192201
18947,6932.386159,0.000000,32.000000,241.711421,0.000000,61.671309
18948,6932.386159,0.000000,32.000000,241.210028,0.000000,54.150418
18949,6932.386159,0.000000,32.000000,240.708635,0.000000,46.629526
18950,6932.386159,0.000000,32.000000,240.207242,0.000000,39.108635
18951,6932.386159,0.000000,32.000000,239.705850,0.000000,31.587744
18952,6932.386159,0.000000,32.000000,239.204457,0.000000,24.066852
18953,6932.386159,0.000000,32.000000,238.703064,0.000000,16.545961
18954,6932.386159,0.000000,32.000000,238.201671,0.000000,9.025070
18955,6932.386159,0.000000,32.000000,237.700279,0.000000,1.504178
18956,6932.386159,0.000000,32.000000,237.198886,0.000000,353.983287
18957,6932.386159,0.000000,32.000000,236.697493,0.000000,346.462396
18958,6932.386159,0.000000,32.000000,236.196100,0.000000,338.941504
18959,6932.386159,0.000000,32.000000,235.694708,0.000000,331.420613
18960,6932.386159,0.000000,32.000000,235.193315,0.000000,323.899721
18961,6932.386159,0.000000,32.000000,234.691922,0.000000,316.378830
18962,6932.386159,0.000000,32.000000,234.190529,0.000000,308.857939
18963,6932.386159,0.000000,32.000000,233.689136,0.000000,301.337047
18964,6932.386159,0.000000,32.000000,233.187744,0.000000,293.816156
18965,6932.386159,0.000000,32.000000,232.686351,0.000000,286.295265
18966,6932.386159,0.000000,32.000000,232.184958,0.000000,278.774373
18967,6932.386159,0.000000,32.000000,231.683565,0.000000,271.253482
18968,6932.386159,0.000000,32.000000,231.182173,0.000000,263.732591
18969,6932.386159,0.000000,32.000000,230.680780,0.000000,256.211699
18970,6932.386159,0.000000,32.000000,230.179387,0.000000,248.690808
18971,6932.386159,0.000000,32.000000,229.677994,0.000000,241.169916
18972,6932.386159,0.000000,32.000000,229.176602,0.000000,233.649025
18973,6932.386159,0.000000,32.000000,228.675209,0.000000,226.128134
18974,6932.386159,0.000000,32.000000,228.173816,0.000000,218.607242
18975,6932.386159,0.000000,32.000000,227.672423,0.000000,211.086351
18976,6932.386159,0.000000,32.000000,227.171031,0.000000,203.565460
18977,6932.386159,0.000000,32.000000,226.669638,0.000000,196.044568
18978,6932.386159,0.000000,32.000000,226.168245,0.000000,188.523677
18979,6932.386159,0.000000,32.000000,225.666852,0.000000,181.002786
18980,6932.386159,0.000000,32.000000,225.165460,0.000000,173.481894
18981,6932.386159,0.000000,32.000000,224.664067,0.000000,165.961003
18982,6932.386159,0.000000,32.000000,224.162674,0.000000,158.440111
18983,6932.386159,0.000000,32.000000,223.661281,0.000000,150.919220
18984,6932.386159,0.000000,32.000000,223.159889,0.000000,143.398329
18985,6932.386159,0.000000,32.000000,222.658496,0.000000,135.877437
18986,6932.386159,0.000000,32.000000,222.157103,0.000000,128.356546
18987,6932.386159,0.000000,32.000000,221.655710,0.000000,120.835655
18988,6932.386159,0.000000,32.000000,221.154318,0.000000,113.314763
18989,6932.386159,0.000000,32.000000,220.652925,0.000000,105.793872
18990,6932.386159,0.000000,32.000000,220.151532,0.000000,98.272981
18991,6932.386159,0.000000,32.000000,219.650139,0.000000,90.752089
18992,6932.386159,0.000000,32.000000,219.148747,0.000000,83.231198
18993,6932.386159,0.000000,32.000000,218.647354,0.000000,75.710306
18994,6932.386159,0.000000,32.000000,218.145961,0.000000,68.189415
18995,6932.386159,0.000000,32.000000,217.644568,0.000000,60.668524
18996,6932.386159,0.000000,32.000000,217.143175,0.000000,53.147632
18997,6932.386159,0.000000,32.000000,216.641783,0.000000,45.626741
18998,6932.386159,0.000000,32.000000,216.140390,0.000000,38.105850
18999,6932.386159,0.000000,32.000000,215.638997,0.000000,30.584958
19000,6932.386159,0.000000,32.000000,215.137604,0.000000,23.064067
19001,6932.386159,0.000000,32.000000,214.636212,0.000000,15.543175
19002,6932.386159,0.000000,32.000000,214.134819,0.000000,8.022284
19003,6932.386159,0.000000,32.000000,213.633426,0.000000,0.501393
19004,6932.386159,0.000000,32.000000,213.132033,0.000000,352.980501
19005,6932.386159,0.000000,32.000000,212.630641,0.000000,345.459610
19006,6932.386159,0.000000,32.000000,212.129248,0.000000,337.938719
19007,6932.386159,0.000000,32.000000,211.627855,0.000000,330.417827
19008,6932.386159,0.000000,32.000000,211.126462,0.000000,322.896936
19009,6932.386159,0.000000,32.000000,210.625070,0.000000,315.376045
19010,6932.386159,0.000000,32.000000,210.123677,0.000000,307.855153
19011,6932.386159,0.000000,32.000000,209.622284,0.000000,300.334262
19012,6932.386159,0.000000,32.000000,209.120891,0.000000,292.813370
19013,6932.386159,0.000000,32.000000,208.619499,0.000000,285.292479
19014,6932.386159,0.000000,32.000000,208.118106,0.000000,277.771588
19015,6932.386159,0.000000,32.000000,207.616713,0.000000,270.250696
19016,6932.386159,0.000000,32.000000,207.115320,0.000000,262.729805
19017,6932.386159,0.000000,32.000000,206.613928,0.000000,255.208914
19018,6932.386159,0.000000,32.000000,206.112535,0.000000,247.688022
19019,6932.386159,0.000000,32.000000,205.611142,0.000000,240.167131
19020,6932.386159,0.000000,32.000000,205.109749,0.000000,232.646240
19021,6932.386159,0.000000,32.000000,204.608357,0.000000,225.125348
19022,6932.386159,0.000000,32.000000,204.106964,0.000000,217.604457
19023,6932.386159,0.000000,32.000000,203.605571,0.000000,210.083565
19024,6932.386159,0.000000,32.000000,203.104178,0.000000,202.562674
19025,6932.386159,0.000000,32.000000,202.602786,0.000000,195.041783
19026,6932.386159,0.000000,32.000000,202.101393,0.000000,187.520891
19027,6932.386159,0.000000,32.000000,201.600000,0.000000,180.000000
19028,6932.386159,0.000000,32.000000,201.098607,0.000000,172.479109
19029,6932.386159,0.000000,32.000000,200.597214,0.000000,164.958217
19030,6932.386159,0.000000,32.000000,200.095822,0.000000,157.437326
19031,6932.386159,0.000000,32.000000,199.594429,0.000000,149.916435
19032,6932.386159,0.000000,32.000000,199.093036,0.000000,142.395543
19033,6932.386159,0.000000,32.000000,198.591643,0.000000,134.874652
19034,6932.386159,0.000000,32.000000,198.090251,0.000000,127.353760
19035,6932.386159,0.000000,32.000000,197.588858,0.000000,119.832869
19036,6932.386159,0.000000,32.000000,197.087465,0.000000,112.311978
19037,6932.386159,0.000000,32.000000,196.586072,0.000000,104.791086
19038,6932.386159,0.000000,32.000000,196.084680,0.000000,97.270195
19039,6932.386159,0.000000,32.000000,195.583287,0.000000,89.749304
19040,6932.386159,0.000000,32.000000,195.081894,0.000000,82.228412
19041,6932.386159,0.000000,32.000000,194.580501,0.000000,74.707521
19042,6932.386159,0.000000,32.000000,194.079109,0.000000,67.186630
19043,6932.386159,0.000000,32.000000,193.577716,0.000000,59.665738
19044,6932.386159,0.000000,32.000000,193.076323,0.000000,52.144847
19045,6932.386159,0.000000,32.000000,192.574930,0.000000,44.623955
19046,6932.386159,0.000000,32.000000,192.073538,0.000000,37.103064
19047,6932.386159,0.000000,32.000000,191.572145,0.000000,29.582173
19048,6932.386159,0.000000,32.000000,191.070752,0.000000,22.061281
19049,6932.386159,0.000000,32.000000,190.569359,0.000000,14.540390
19050,6932.386159,0.000000,32.000000,190.067967,0.000000,7.019499
19051,6932.386159,0.000000,32.000000,189.566574,0.000000,359.498607
19052,6932.386159,0.000000,32.000000,189.065181,0.000000,351.977716
19053,6932.386159,0.000000,32.000000,188.563788,0.000000,344.456825
19054,6932.386159,0.000000,32.000000,188.062396,0.000000,336.935933
19055,6932.386159,0.000000,32.000000,187.561003,0.000000,329.415042
19056,6932.386159,0.000000,32.000000,187.059610,0.000000,321.894150
19057,6932.386159,0.000000,32.000000,186.558217,0.000000,314.373259
19058,6932.386159,0.000000,32.000000,186.056825,0.000000,306.852368
19059,6932.386159,0.000000,32.000000,185.555432,0.000000,299.331476
19060,6932.386159,0.000000,32.000000,185.054039,0.000000,291.810585
19061,6932.386159,0.000000,32.000000,184.552646,0.000000,284.289694
19062,6932.386159,0.000000,32.000000,184.051253,0.000000,276.768802
19063,6932.386159,0.000000,32.000000,183.549861,0.000000,269.247911
19064,6932.386159,0.000000,32.000000,183.048468,0.000000,261.727019
19065,6932.386159,0.000000,32.000000,182.547075,0.000000,254.206128
19066,6932.386159,0.000000,32.000000,182.045682,0.000000,246.685237
19067,6932.386159,0.000000,32.000000,181.544290,0.000000,239.164345
19068,6932.386159,0.000000,32.000000,181.042897,0.000000,231.643454
19069,6932.386159,0.000000,32.000000,180.541504,0.000000,224.122563
19070,6932.386159,0.000000,32.000000,180.040111,0.000000,216.601671
19071,6932.386159,0.000000,32.000000,179.538719,0.000000,209.080780
19072,6932.386159,0.000000,32.000000,179.037326,0.000000,201.559889
19073,6932.386159,0.000000,32.000000,178.535933,0.000000,194.038997
19074,6932.386159,0.000000,32.000000,178.034540,0.000000,186.518106
19075,6932.386159,0.000000,32.000000,177.533148,0.000000,178.997214
19076,6932.386159,0.000000,32.000000,177.031755,0.000000,171.476323
19077,6932.386159,0.000000,32.000000,176.530362,0.000000,163.955432
19078,6932.386159,0.000000,32.000000,176.028969,0.000000,156.434540
19079,6932.386159,0.000000,32.000000,175.527577,0.000000,148.913649
19080,6932.386159,0.000000,32.000000,175.026184,0.000000,141.392758
19081,6932.386159,0.000000,32.000000,174.524791,0.000000,133.871866
19082,6932.386159,0.000000,32.000000,174.023398,0.000000,126.350975
19083,6932.386159,0.000000,32.000000,173.522006,0.000000,118.830084
19084,6932.386159,0.000000,32.000000,173.020613,0.000000,111.309192
19085,6932.386159,0.000000,32.000000,172.519220,0.000000,103.788301
19086,6932.386159,0.000000,32.000000,172.017827,0.000000,96.267409
19087,6932.386159,0.000000,32.000000,171.516435,0.000000,88.746518
19088,6932.386159,0.000000,32.000000,171.015042,0.000000,81.225627
19089,6932.386159,0.000000,32.000000,170.513649,0.000000,73.704735
19090,6932.386159,0.000000,32.000000,170.012256,0.000000,66.183844
19091,6932.386159,0.000000,32.000000,169.510864,0.000000,58.662953
19092,6932.386159,0.000000,32.000000,169.009471,0.000000,51.142061
19093,6932.386159,0.000000,32.000000,168.508078,0.000000,43.621170
19094,6932.386159,0.000000,32.000000,168.006685,0.000000,36.100279
19095,6932.386159,0.000000,32.000000,167.505292,0.000000,28.579387
19096,6932.386159,0.000000,32.000000,167.003900,0.000000,21.058496
19097,6932.386159,0.000000,32.000000,166.502507,0.000000,13.537604
19098,6932.386159,0.000000,32.000000,166.001114,0.000000,6.016713
19099,6932.386159,0.000000,32.000000,165.499721,0.000000,358.495822
19100,6932.386159,0.000000,32.000000,164.998329,0.000000,350.974930
19101,6932.386159,0.000000,32.000000,164.496936,0.000000,343.454039
19102,6932.386159,0.000000,32.000000,163.995543,0.000000,335.933148
19103,6932.386159,0.000000,32.000000,163.494150,0.000000,328.412256
19104,6932.386159,0.000000,32.000000,162.992758,0.000000,320.891365
19105,6932.386159,0.000000,32.000000,162.491365,0.000000,313.370474
19106,6932.386159,0.000000,32.000000,161.989972,0.000000,305.849582
19107,6932.386159,0.000000,32.000000,161.488579,0.000000,298.328691
19108,6932.386159,0.000000,32.000000,160.987187,0.000000,290.807799
19109,6932.386159,0.000000,32.000000,160.485794,0.000000,283.286908
19110,6932.386159,0.000000,32.000000,159.984401,0.000000,275.766017
19111,6932.386159,0.000000,32.000000,159.483008,0.000000,268.245125
19112,6932.386159,0.000000,32.000000,158.981616,0.000000,260.724234
19113,6932.386159,0.000000,32.000000,158.480223,0.000000,253.203343
19114,6932.386159,0.000000,32.000000,157.978830,0.000000,245.682451
19115,6932.386159,0.000000,32.000000,157.477437,0.000000,238.161560
19116,6932.386159,0.000000,32.000000,156.976045,0.000000,230.640669
19117,6932.386159,0.000000,32.000000,156.474652,0.000000,223.119777
19118,6932.386159,0.000000,32.000000,155.973259,0.000000,215.598886
19119,6932.386159,0.000000,32.000000,155.471866,0.000000,208.077994
19120,6932.386159,0.000000,32.000000,154.970474,0.000000,200.557103
19121,6932.386159,0.000000,32.000000,154.469081,0.000000,193.036212
19122,6932.386159,0.000000,32.000000,153.967688,0.000000,185.515320
19123,6932.386159,0.000000,32.000000,153.466295,0.000000,177.994429
19124,6932.386159,0.000000,32.000000,152.964903,0.000000,170.473538
19125,6932.386159,0.000000,32.000000,152.463510,0.000000,162.952646
19126,6932.386159,0.000000,32.000000,151.962117,0.000000,155.431755
19127,6932.386159,0.000000,32.000000,151.460724,0.000000,147.910864
19128,6932.386159,0.000000,32.000000,150.959331,0.000000,140.389972
19129,6932.386159,0.000000,32.000000,150.457939,0.000000,132.869081
19130,6932.386159,0.000000,32.000000,149.956546,0.000000,125.348189
19131,6932.386159,0.000000,32.000000,149.455153,0.000000,117.827298
19132,6932.386159,0.000000,32.000000,148.953760,0.000000,110.306407
19133,6932.386159,0.000000,32.000000,148.452368,0.000000,102.785515
19134,6932.386159,0.000000,32.000000,147.950975,0.000000,95.264624
19135,6932.386159,0.000000,32.000000,147.449582,0.000000,87.743733
19136,6932.386159,0.000000,32.000000,146.948189,0.000000,80.222841
19137,6932.386159,0.000000,32.000000,146.446797,0.000000,72.701950
19138,6932.386159,0.000000,32.000000,145.945404,0.000000,65.181058
19139,6932.386159,0.000000,32.000000,145.444011,0.000000,57.660167
19140,6932.386159,0.000000,32.000000,144.942618,0.000000,50.139276
19141,6932.386159,0.000000,32.000000,144.441226,0.000000,42.618384
19142,6932.386159,0.000000,32.000000,143.939833,0.000000,35.097493
19143,6932.386159,0.000000,32.000000,143.438440,0.000000,27.576602
19144,6932.386159,0.000000,32.000000,142.937047,0.000000,20.055710
19145,6932.386159,0.000000,32.000000,142.435655,0.000000,12.534819
19146,6932.386159,0.000000,32.000000,141.934262,0.000000,5.013928
19147,6932.386159,0.000000,32.000000,141.432869,0.000000,357.493036
19148,6932.386159,0.000000,32.000000,140.931476,0.000000,349.972145
19149,6932.386159,0.000000,32.000000,140.430084,0.000000,342.451253
19150,6932.386159,0.000000,32.000000,139.928691,0.000000,334.930362
19151,6932.386159,0.000000,32.000000,139.427298,0.000000,327.409471
19152,6932.386159,0.000000,32.000000,138.925905,0.000000,319.888579
19153,6932.386159,0.000000,32.000000,138.424513,0.000000,312.367688
19154,6932.386159,0.000000,32.000000,137.923120,0.000000,304.846797
19155,6932.386159,0.000000,32.000000,137.421727,0.000000,297.325905
19156,6932.386159,0.000000,32.000000,136.920334,0.000000,289.805014
19157,6932.386159,0.000000,32.000000,136.418942,0.000000,282.284123
19158,6932.386159,0.000000,32.000000,135.917549,0.000000,274.763231
19159,6932.386159,0.000000,32.000000,135.416156,0.000000,267.242340
19160,6932.386159,0.000000,32.000000,134.914763,0.000000,259.721448
19161,6932.386159,0.000000,32.000000,134.413370,0.000000,252.200557
19162,6932.386159,0.000000,32.000000,133.911978,0.000000,244.679666
19163,6932.386159,0.000000,32.000000,133.410585,0.000000,237.158774
19164,6932.386159,0.000000,32.000000,132.909192,0.000000,229.637883
19165,6932.386159,0.000000,32.000000,132.407799,0.000000,222.116992
19166,6932.386159,0.000000,32.000000,131.906407,0.000000,214.596100
19167,6932.386159,0.000000,32.000000,131.405014,0.000000,207.075209
19168,6932.386159,0.000000,32.000000,130.903621,0.000000,199.554318
19169,6932.386159,0.000000,32.000000,130.402228,0.000000,192.033426
19170,6932.386159,0.000000,32.000000,129.900836,0.000000,184.512535
19171,6932.386159,0.000000,32.000000,129.399443,0.000000,176.991643
19172,6932.386159,0.000000,32.000000,128.898050,0.000000,169.470752
19173,6932.386159,0.000000,32.000000,128.396657,0.000000,161.949861
19174,6932.386159,0.000000,32.000000,127.895265,0.000000,154.428969
19175,6932.386159,0.000000,32.000000,127.393872,0.000000,146.908078
19176,6932.386159,0.000000,32.000000,126.892479,0.000000,139.387187
19177,6932.386159,0.000000,32.000000,126.391086,0.000000,131.866295
19178,6932.386159,0.000000,32.000000,125.889694,0.000000,124.345404
19179,6932.386159,0.000000,32.000000,125.388301,0.000000,116.824513
19180,6932.386159,0.000000,32.000000,124.886908,0.000000,109.303621
19181,6932.386159,0.000000,32.000000,124.385515,0.000000,101.782730
19182,6932.386159,0.000000,32.000000,123.884123,0.000000,94.261838
19183,6932.386159,0.000000,32.000000,123.382730,0.000000,86.740947
19184,6932.386159,0.000000,32.000000,122.881337,0.000000,79.220056
19185,6932.386159,0.000000,32.000000,122.379944,0.000000,71.699164
19186,6932.386159,0.000000,32.000000,121.878552,0.000000,64.178273
19187,6932.386159,0.000000,32.000000,121.377159,0.000000,56.657382
19188,6932.386159,0.000000,32.000000,120.875766,0.000000,49.136490
19189,6932.386159,0.000000,32.000000,120.374373,0.000000,41.615599
19190,6932.386159,0.000000,32.000000,119.872981,0.000000,34.094708
19191,6932.386159,0.000000,32.000000,119.371588,0.000000,26.573816
19192,6932.386159,0.000000,32.000000,118.870195,0.000000,19.052925
19193,6932.386159,0.000000,32.000000,118.368802,0.000000,11.532033
19194,6932.386159,0.000000,32.000000,117.867409,0.000000,4.011142
19195,6932.386159,0.000000,32.000000,117.366017,0.000000,356.490251
19196,6932.386159,0.000000,32.000000,116.864624,0.000000,348.969359
19197,6932.386159,0.000000,32.000000,116.363231,0.000000,341.448468
19198,6932.386159,0.000000,32.000000,115.861838,0.000000,333.927577
19199,6932.386159,0.000000,32.000000,115.360446,0.000000,326.406685
19200,6932.386159,0.000000,32.000000,114.859053,0.000000,318.885794
19201,6932.386159,0.000000,32.000000,114.357660,0.000000,311.364903
19202,6932.386159,0.000000,32.000000,113.856267,0.000000,303.844011
19203,6932.386159,0.000000,32.000000,113.354875,0.000000,296.323120
19204,6932.386159,0.000000,32.000000,112.853482,0.000000,288.802228
19205,6932.386159,0.000000,32.000000,112.352089,0.000000,281.281337
19206,6932.386159,0.000000,32.000000,111.850696,0.000000,273.760446
19207,6932.386159,0.000000,32.000000,111.349304,0.000000,266.239554
19208,6932.386159,0.000000,32.000000,110.847911,0.000000,258.718663
19209,6932.386159,0.000000,32.000000,110.346518,0.000000,251.197772
19210,6932.386159,0.000000,32.000000,109.845125,0.000000,243.676880
19211,6932.386159,0.000000,32.000000,109.343733,0.000000,236.155989
19212,6932.386159,0.000000,32.000000,108.842340,0.000000,228.635097
19213,6932.386159,0.000000,32.000000,108.340947,0.000000,221.114206
19214,6932.386159,0.000000,32.000000,107.839554,0.000000,213.593315
19215,6932.386159,0.000000,32.000000,107.338162,0.000000,206.072423
19216,6932.386159,0.000000,32.000000,106.836769,0.000000,198.551532
19217,6932.386159,0.000000,32.000000,106.335376,0.000000,191.030641
19218,6932.386159,0.000000,32.000000,105.833983,0.000000,183.509749
19219,6932.386159,0.000000,32.000000,105.332591,0.000000,175.988858
19220,6932.386159,0.000000,32.000000,104.831198,0.000000,168.467967
19221,6932.386159,0.000000,32.000000,104.329805,0.000000,160.947075
19222,6932.386159,0.000000,32.000000,103.828412,0.000000,153.426184
19223,6932.386159,0.000000,32.000000,103.327019,0.000000,145.905292
19224,6932.386159,0.000000,32.000000,102.825627,0.000000,138.384401
19225,6932.386159,0.000000,32.000000,102.324234,0.000000,130.863510
19226,6932.386159,0.000000,32.000000,101.822841,0.000000,123.342618
19227,6932.386159,0.000000,32.000000,101.321448,0.000000,115.821727
19228,6932.386159,0.000000,32.000000,100.820056,0.000000,108.300836
19229,6932.386159,0.000000,32.000000,100.318663,0.000000,100.779944
19230,6932.386159,0.000000,32.000000,99.817270,0.000000,93.259053
19231,6932.386159,0.000000,32.000000,99.315877,0.000000,85.738162
19232,6932.386159,0.000000,32.000000,98.814485,0.000000,78.217270
19233,6932.386159,0.000000,32.000000,98.313092,0.000000,70.696379
19234,6932.386159,0.000000,32.000000,97.811699,0.000000,63.175487
19235,6932.386159,0.000000,32.000000,97.310306,0.000000,55.654596
19236,6932.386159,0.000000,32.000000,96.808914,0.000000,48.133705
19237,6932.386159,0.000000,32.000000,96.307521,0.000000,40.612813
19238,6932.386159,0.000000,32.000000,95.806128,0.000000,33.091922
19239,6932.386159,0.000000,32.000000,95.304735,0.000000,25.571031
19240,6932.386159,0.000000,32.000000,94.803343,0.000000,18.050139
19241,6932.386159,0.000000,32.000000,94.301950,0.000000,10.529248
19242,6932.386159,0.000000,32.000000,93.800557,0.000000,3.008357
19243,6932.386159,0.000000,32.000000,93.299164,0.000000,355.487465
19244,6932.386159,0.000000,32.000000,92.797772,0.000000,347.966574
19245,6932.386159,0.000000,32.000000,92.296379,0.000000,340.445682
19246,6932.386159,0.000000,32.000000,91.794986,0.000000,332.924791
19247,6932.386159,0.000000,32.000000,91.293593,0.000000,325.403900
19248,6932.386159,0.000000,32.000000,90.792201,0.000000,317.883008
19249,6932.386159,0.000000,32.000000,90.290808,0.000000,310.362117
19250,6932.386159,0.000000,32.000000,89.789415,0.000000,302.841226
19251,6932.386159,0.000000,32.000000,89.288022,0.000000,295.320334
19252,6932.386159,0.000000,32.000000,88.786630,0.000000,287.799443
19253,6932.386159,0.000000,32.000000,88.285237,0.000000,280.278552
19254,6932.386159,0.000000,32.000000,87.783844,0.000000,272.757660
19255,6932.386159,0.000000,32.000000,87.282451,0.000000,265.236769
19256,6932.386159,0.000000,32.000000,86.781058,0.000000,257.715877
19257,6932.386159,0.000000,32.000000,86.279666,0.000000,250.194986
19258,6932.386159,0.000000,32.000000,85.778273,0.000000,242.674095
19259,6932.386159,0.000000,32.000000,85.276880,0.000000,235.153203
19260,6932.386159,0.000000,32.000000,84.775487,0.000000,227.632312
19261,6932.386159,0.000000,32.000000,84.274095,0.000000,220.111421
19262,6932.386159,0.000000,32.000000,83.772702,0.000000,212.590529
19263,6932.386159,0.000000,32.000000,83.271309,0.000000,205.069638
19264,6932.386159,0.000000,32.000000,82.769916,0.000000,197.548747
19265,6932.386159,0.000000,32.000000,82.268524,0.000000,190.027855
19266,6932.386159,0.000000,32.000000,81.767131,0.000000,182.506964
19267,6932.386159,0.000000,32.000000,81.265738,0.000000,174.986072
19268,6932.386159,0.000000,32.000000,80.764345,0.000000,167.465181
19269,6932.386159,0.000000,32.000000,80.262953,0.000000,159.944290
19270,6932.386159,0.000000,32.000000,79.761560,0.000000,152.423398
19271,6932.386159,0.000000,32.000000,79.260167,0.000000,144.902507
19272,6932.386159,0.000000,32.000000,78.758774,0.000000,137.381616
19273,6932.386159,0.000000,32.000000,78.257382,0.000000,129.860724
19274,6932.386159,0.000000,32.000000,77.755989,0.000000,122.339833
19275,6932.386159,0.000000,32.000000,77.254596,0.000000,114.818942
19276,6932.386159,0.000000,32.000000,76.753203,0.000000,107.298050
19277,6932.386159,0.000000,32.000000,76.251811,0.000000,99.777159
19278,6932.386159,0.000000,32.000000,75.750418,0.000000,92.256267
19279,6932.386159,0.000000,32.000000,75.249025,0.000000,84.735376
19280,6932.386159,0.000000,32.000000,74.747632,0.000000,77.214485
19281,6932.386159,0.000000,32.000000,74.246240,0.000000,69.693593
19282,6932.386159,0.000000,32.000000,73.744847,0.000000,62.172702
19283,6932.386159,0.000000,32.000000,73.243454,0.000000,54.651811
19284,6932.386159,0.000000,32.000000,72.742061,0.000000,47.130919
19285,6932.386159,0.000000,32.000000,72.240669,0.000000,39.610028
19286,6932.386159,0.000000,32.000000,71.739276,0.000000,32.089136
19287,6932.386159,0.000000,32.000000,71.237883,0.000000,24.568245
19288,6932.386159,0.000000,32.000000,70.736490,0.000000,17.047354
19289,6932.386159,0.000000,32.000000,70.235097,0.000000,9.526462
19290,6932.386159,0.000000,32.000000,69.733705,0.000000,2.005571
19291,6932.386159,0.000000,32.000000,69.232312,0.000000,354.484680
19292,6932.386159,0.000000,32.000000,68.730919,0.000000,346.963788
19293,6932.386159,0.000000,32.000000,68.229526,0.000000,339.442897
19294,6932.386159,0.000000,32.000000,67.728134,0.000000,331.922006
19295,6932.386159,0.000000,32.000000,67.226741,0.000000,324.401114
19296,6932.386159,0.000000,32.000000,66.725348,0.000000,316.880223
19297,6932.386159,0.000000,32.000000,66.223955,0.000000,309.359331
19298,6932.386159,0.000000,32.000000,65.722563,0.000000,301.838440
19299,6932.386159,0.000000,32.000000,65.221170,0.000000,294.317549
19300,6932.386159,0.000000,32.000000,64.719777,0.000000,286.796657
19301,6932.386159,0.000000,32.000000,64.218384,0.000000,279.275766
19302,6932.386159,0.000000,32.000000,63.716992,0.000000,271.754875
19303,6932.386159,0.000000,32.000000,63.215599,0.000000,264.233983
19304,6932.386159,0.000000,32.000000,62.714206,0.000000,256.713092
19305,6932.386159,0.000000,32.000000,62.212813,0.000000,249.192201
19306,6932.386159,0.000000,32.000000,61.711421,0.000000,241.671309
19307,6932.386159,0.000000,32.000000,61.210028,0.000000,234.150418
19308,6932.386159,0.000000,32.000000,60.708635,0.000000,226.629526
19309,6932.386159,0.000000,32.000000,60.207242,0.000000,219.108635
19310,6932.386159,0.000000,32.000000,59.705850,0.000000,211.587744
19311,6932.386159,0.000000,32.000000,59.204457,0.000000,204.066852
19312,6932.386159,0.000000,32.000000,58.703064,0.000000,196.545961
19313,6932.386159,0.000000,32.000000,58.201671,0.000000,189.025070
19314,6932.386159,0.000000,32.000000,57.700279,0.000000,181.504178
19315,6932.386159,0.000000,32.000000,57.198886,0.000000,173.983287
19316,6932.386159,0.000000,32.000000,56.697493,0.000000,166.462396
19317,6932.386159,0.000000,32.000000,56.196100,0.000000,158.941504
19318,6932.386159,0.000000,32.000000,55.694708,0.000000,151.420613
19319,6932.386159,0.000000,32.000000,55.193315,0.000000,143.899721
19320,6932.386159,0.000000,32.000000,54.691922,0.000000,136.378830
19321,6932.386159,0.000000,32.000000,54.190529,0.000000,128.857939
19322,6932.386159,0.000000,32.000000,53.689136,0.000000,121.337047
19323,6932.386159,0.000000,32.000000,53.187744,0.000000,113.816156
19324,6932.386159,0.000000,32.000000,52.686351,0.000000,106.295265
19325,6932.386159,0.000000,32.000000,52.184958,0.000000,98.774373
19326,6932.386159,0.000000,32.000000,51.683565,0.000000,91.253482
19327,6932.386159,0.000000,32.000000,51.182173,0.000000,83.732591
19328,6932.386159,0.000000,32.000000,50.680780,0.000000,76.211699
19329,6932.386159,0.000000,32.000000,50.179387,0.000000,68.690808
19330,6932.386159,0.000000,32.000000,49.677994,0.000000,61.169916
19331,6932.386159,0.000000,32.000000,49.176602,0.000000,53.649025
19332,6932.386159,0.000000,32.000000,48.675209,0.000000,46.128134
19333,6932.386159,0.000000,32.000000,48.173816,0.000000,38.607242
19334,6932.386159,0.000000,32.000000,47.672423,0.000000,31.086351
19335,6932.386159,0.000000,32.000000,47.171031,0.000000,23.565460
19336,6932.386159,0.000000,32.000000,46.669638,0.000000,16.044568
19337,6932.386159,0.000000,32.000000,46.168245,0.000000,8.523677
19338,6932.386159,0.000000,32.000000,45.666852,0.000000,1.002786
19339,6932.386159,0.000000,32.000000,45.165460,0.000000,353.481894
19340,6932.386159,0.000000,32.000000,44.664067,0.000000,345.961003
19341,6932.386159,0.000000,32.000000,44.162674,0.000000,338.440111
19342,6932.386159,0.000000,32.000000,43.661281,0.000000,330.919220
19343,6932.386159,0.000000,32.000000,43.159889,0.000000,323.398329
19344,6932.386159,0.000000,32.000000,42.658496,0.000000,315.877437
19345,6932.386159,0.000000,32.000000,42.157103,0.000000,308.356546
19346,6932.386159,0.000000,32.000000,41.655710,0.000000,300.835655
19347,6932.386159,0.000000,32.000000,41.154318,0.000000,293.314763
19348,6932.386159,0.000000,32.000000,40.652925,0.000000,285.793872
19349,6932.386159,0.000000,32.000000,40.151532,0.000000,278.272981
19350,6932.386159,0.000000,32.000000,39.650139,0.000000,270.752089
19351,6932.386159,0.000000,32.000000,39.148747,0.000000,263.231198
19352,6932.386159,0.000000,32.000000,38.647354,0.000000,255.710306
19353,6932.386159,0.000000,32.000000,38.145961,0.000000,248.189415
19354,6932.386159,0.000000,32.000000,37.644568,0.000000,240.668524
19355,6932.386159,0.000000,32.000000,37.143175,0.000000,233.147632
19356,6932.386159,0.000000,32.000000,36.641783,0.000000,225.626741
19357,6932.386159,0.000000,32.000000,36.140390,0.000000,218.105850
19358,6932.386159,0.000000,32.000000,35.638997,0.000000,210.584958
19359,6932.386159,0.000000,32.000000,35.137604,0.000000,203.064067
19360,6932.386159,0.000000,32.000000,34.636212,0.000000,195.543175
19361,6932.386159,0.000000,32.000000,34.134819,0.000000,188.022284
19362,6932.386159,0.000000,32.000000,33.633426,0.000000,180.501393
19363,6932.386159,0.000000,32.000000,33.132033,0.000000,172.980501
19364,6932.386159,0.000000,32.000000,32.630641,0.000000,165.459610
19365,6932.386159,0.000000,32.000000,32.129248,0.000000,157.938719
19366,6932.386159,0.000000,32.000000,31.627855,0.000000,150.417827
19367,6932.386159,0.000000,32.000000,31.126462,0.000000,142.896936
19368,6932.386159,0.000000,32.000000,30.625070,0.000000,135.376045
19369,6932.386159,0.000000,32.000000,30.123677,0.000000,127.855153
19370,6932.386159,0.000000,32.000000,29.622284,0.000000,120.334262
19371,6932.386159,0.000000,32.000000,29.120891,0.000000,112.813370
19372,6932.386159,0.000000,32.000000,28.619499,0.000000,105.292479
19373,6932.386159,0.000000,32.000000,28.118106,0.000000,97.771588
19374,6932.386159,0.000000,32.000000,27.616713,0.000000,90.250696
19375,6932.386159,0.000000,32.000000,27.115320,0.000000,82.729805
19376,6932.386159,0.000000,32.000000,26.613928,0.000000,75.208914
19377,6932.386159,0.000000,32.000000,26.112535,0.000000,67.688022
19378,6932.386159,0.000000,32.000000,25.611142,0.000000,60.167131
19379,6932.386159,0.000000,32.000000,25.109749,0.000000,52.646240
19380,6932.386159,0.000000,32.000000,24.608357,0.000000,45.125348
19381,6932.386159,0.000000,32.000000,24.106964,0.000000,37.604457
19382,6932.386159,0.000000,32.000000,23.605571,0.000000,30.083565
19383,6932.386159,0.000000,32.000000,23.104178,0.000000,22.562674
19384,6932.386159,0.000000,32.000000,22.602786,0.000000,15.041783
19385,6932.386159,0.000000,32.000000,22.101393,0.000000,7.520891
19386,6932.386159,0.000000,57.000000,21.600000,0.000000,0.000000
19388,6932.386159,0.000000,57.000000,20.597214,0.000000,344.958217
19390,6932.386159,0.000000,57.000000,19.594429,0.000000,329.916435
19392,6932.386159,0.000000,57.000000,18.591643,0.000000,314.874652
19394,6932.386159,0.000000,57.000000,17.588858,0.000000,299.832869
19396,6932.386159,0.000000,57.000000,16.586072,0.000000,284.791086
19398,6932.386159,0.000000,57.000000,15.583287,0.000000,269.749304
19400,6932.386159,0.000000,57.000000,14.580501,0.000000,254.707521
19402,6932.386159,0.000000,57.000000,13.577716,0.000000,239.665738
19404,6932.386159,0.000000,57.000000,12.574930,0.000000,224.623955
19406,6932.386159,0.000000,57.000000,11.572145,0.000000,209.582173
19408,6932.386159,0.000000,57.000000,10.569359,0.000000,194.540390
19410,6932.386159,0.000000,57.000000,9.566574,0.000000,179.498607
19412,6932.386159,0.000000,57.000000,8.563788,0.000000,164.456825
19413,6932.386159,0.000000,57.000000,8.062396,0.000000,156.935933
19415,6932.386159,0.000000,57.000000,7.059610,0.000000,141.894150
19417,6932.386159,0.000000,57.000000,6.056825,0.000000,126.852368
19419,6932.386159,0.000000,57.000000,5.054039,0.000000,111.810585
19421,6932.386159,0.000000,57.000000,4.051253,0.000000,96.768802
19423,6932.386159,0.000000,57.000000,3.048468,0.000000,81.727019
19425,6932.386159,0.000000,57.000000,2.045682,0.000000,66.685237
19427,6932.386159,0.000000,57.000000,1.042897,0.000000,51.643454
19429,6932.386159,0.000000,57.000000,0.040111,0.000000,36.601671
19431,6932.386159,0.000000,57.000000,359.037326,0.000000,21.559889
19433,6932.386159,0.000000,57.000000,358.034540,0.000000,6.518106
19435,6932.386159,0.000000,57.000000,357.031755,0.000000,351.476323
19437,6932.386159,0.000000,57.000000,356.028969,0.000000,336.434540
19439,6932.386159,0.000000,57.000000,355.026184,0.000000,321.392758
19441,6932.386159,0.000000,57.000000,354.023398,0.000000,306.350975
19443,6932.386159,0.000000,57.000000,353.020613,0.000000,291.309192
19445,6932.386159,0.000000,57.000000,352.017827,0.000000,276.267409
19447,6932.386159,0.000000,57.000000,351.015042,0.000000,261.225627
19449,6932.386159,0.000000,57.000000,350.012256,0.000000,246.183844
19451,6932.386159,0.000000,57.000000,349.009471,0.000000,231.142061
19453,6932.386159,0.000000,57.000000,348.006685,0.000000,216.100279
19455,6932.386159,0.000000,57.000000,347.003900,0.000000,201.058496
19457,6932.386159,0.000000,57.000000,346.001114,0.000000,186.016713
19459,6932.386159,0.000000,57.000000,344.998329,0.000000,170.974930
19461,6932.386159,0.000000,57.000000,343.995543,0.000000,155.933148
19463,6932.386159,0.000000,57.000000,342.992758,0.000000,140.891365
19465,6932.386159,0.000000,57.000000,341.989972,0.000000,125.849582
19467,6932.386159,0.000000,57.000000,340.987187,0.000000,110.807799
19469,6932.386159,0.000000,57.000000,339.984401,0.000000,95.766017
19471,6932.386159,0.000000,57.000000,338.981616,0.000000,80.724234
19473,6932.386159,0.000000,57.000000,337.978830,0.000000,65.682451
19475,6932.386159,0.000000,57.000000,336.976045,0.000000,50.640669
19477,6932.386159,0.000000,57.000000,335.973259,0.000000,35.598886
19479,6932.386159,0.000000,57.000000,334.970474,0.000000,20.557103
19481,6932.386159,0.000000,57.000000,333.967688,0.000000,5.515320
19483,6932.386159,0.000000,57.000000,332.964903,0.000000,350.473538
19485,6932.386159,0.000000,57.000000,331.962117,0.000000,335.431755
19487,6932.386159,0.000000,57.000000,330.959331,0.000000,320.389972
19489,6932.386159,0.000000,57.000000,329.956546,0.000000,305.348189
19491,6932.386159,0.000000,57.000000,328.953760,0.000000,290.306407
19493,6932.386159,0.000000,57.000000,327.950975,0.000000,275.264624
19494,6932.386159,0.000000,57.000000,327.449582,0.000000,267.743733
19496,6932.386159,0.000000,57.000000,326.446797,0.000000,252.701950
19497,6932.386159,0.000000,57.000000,325.945404,0.000000,245.181058
19499,6932.386159,0.000000,57.000000,324.942618,0.000000,230.139276
19501,6932.386159,0.000000,57.000000,323.939833,0.000000,215.097493
19503,6932.386159,0.000000,57.000000,322.937047,0.000000,200.055710
19504,6932.386159,0.000000,57.000000,322.435655,0.000000,192.534819
19506,6932.386159,0.000000,57.000000,321.432869,0.000000,177.493036
19508,6932.386159,0.000000,57.000000,320.430084,0.000000,162.451253
19510,6932.386159,0.000000,57.000000,319.427298,0.000000,147.409471
19512,6932.386159,0.000000,57.000000,318.424513,0.000000,132.367688
19514,6932.386159,0.000000,57.000000,317.421727,0.000000,117.325905
19516,6932.386159,0.000000,57.000000,316.418942,0.000000,102.284123
19518,6932.386159,0.000000,57.000000,315.416156,0.000000,87.242340
19520,6932.386159,0.000000,57.000000,314.413370,0.000000,72.200557
19522,6932.386159,0.000000,57.000000,313.410585,0.000000,57.158774
19524,6932.386159,0.000000,57.000000,312.407799,0.000000,42.116992
19526,6932.386159,0.000000,57.000000,311.405014,0.000000,27.075209
19528,6932.386159,0.000000,57.000000,310.402228,0.000000,12.033426
19530,6932.386159,0.000000,57.000000,309.399443,0.000000,356.991643
19532,6932.386159,0.000000,57.000000,308.396657,0.000000,341.949861
19534,6932.386159,0.000000,57.000000,307.393872,0.000000,326.908078
19536,6932.386159,0.000000,57.000000,306.391086,0.000000,311.866295
19538,6932.386159,0.000000,57.000000,305.388301,0.000000,296.824513
19540,6932.386159,0.000000,57.000000,304.385515,0.000000,281.782730
19542,6932.386159,0.000000,57.000000,303.382730,0.000000,266.740947
19544,6932.386159,0.000000,57.000000,302.379944,0.000000,251.699164
19546,6932.386159,0.000000,57.000000,301.377159,0.000000,236.657382
19548,6932.386159,0.000000,57.000000,300.374373,0.000000,221.615599
19550,6932.386159,0.000000,57.000000,299.371588,0.000000,206.573816
19552,6932.386159,0.000000,57.000000,298.368802,0.000000,191.532033
19554,6932.386159,0.000000,57.000000,297.366017,0.000000,176.490251
19556,6932.386159,0.000000,57.000000,296.363231,0.000000,161.448468
19558,6932.386159,0.000000,57.000000,295.360446,0.000000,146.406685
19560,6932.386159,0.000000,57.000000,294.357660,0.000000,131.364903
19562,6932.386159,0.000000,57.000000,293.354875,0.000000,116.323120
19564,6932.386159,0.000000,57.000000,292.352089,0.000000,101.281337
19566,6932.386159,0.000000,57.000000,291.349304,0.000000,86.239554
19568,6932.386159,0.000000,57.000000,290.346518,0.000000,71.197772
19570,6932.386159,0.000000,57.000000,289.343733,0.000000,56.155989
19572,6932.386159,0.000000,57.000000,288.340947,0.000000,41.114206
19574,6932.386159,0.000000,57.000000,287.338162,0.000000,26.072423
19576,6932.386159,0.000000,57.000000,286.335376,0.000000,11.030641
19578,6932.386159,0.000000,57.000000,285.332591,0.000000,355.988858
19580,6932.386159,0.000000,57.000000,284.329805,0.000000,340.947075
19582,6932.386159,0.000000,57.000000,283.327019,0.000000,325.905292
19584,6932.386159,0.000000,57.000000,282.324234,0.000000,310.863510
19586,6932.386159,0.000000,57.000000,281.321448,0.000000,295.821727
19588,6932.386159,0.000000,57.000000,280.318663,0.000000,280.779944
19589,6932.386159,0.000000,57.000000,279.817270,0.000000,273.259053
19591,6932.386159,0.000000,57.000000,278.814485,0.000000,258.217270
19593,6932.386159,0.000000,57.000000,277.811699,0.000000,243.175487
19595,6932.386159,0.000000,57.000000,276.808914,0.000000,228.133705
19597,6932.386159,0.000000,57.000000,275.806128,0.000000,213.091922
19599,6932.386159,0.000000,57.000000,274.803343,0.000000,198.050139
19601,6932.386159,0.000000,57.000000,273.800557,0.000000,183.008357
19603,6932.386159,0.000000,57.000000,272.797772,0.000000,167.966574
19605,6932.386159,0.000000,57.000000,271.794986,0.000000,152.924791
19607,6932.386159,0.000000,57.000000,270.792201,0.000000,137.883008
19609,6932.386159,0.000000,57.000000,269.789415,0.000000,122.841226
19611,6932.386159,0.000000,57.000000,268.786630,0.000000,107.799443
19613,6932.386159,0.000000,57.000000,267.783844,0.000000,92.757660
19615,6932.386159,0.000000,57.000000,266.781058,0.000000,77.715877
19617,6932.386159,0.000000,57.000000,265.778273,0.000000,62.674095
19619,6932.386159,0.000000,57.000000,264.775487,0.000000,47.632312
19621,6932.386159,0.000000,57.000000,263.772702,0.000000,32.590529
19623,6932.386159,0.000000,57.000000,262.769916,0.000000,17.548747
19625,6932.386159,0.000000,57.000000,261.767131,0.000000,2.506964
19627,6932.386159,0.000000,57.000000,260.764345,0.000000,347.465181
19629,6932.386159,0.000000,57.000000,259.761560,0.000000,332.423398
19631,6932.386159,0.000000,57.000000,258.758774,0.000000,317.381616
19633,6932.386159,0.000000,57.000000,257.755989,0.000000,302.339833
19635,6932.386159,0.000000,57.000000,256.753203,0.000000,287.298050
19637,6932.386159,0.000000,57.000000,255.750418,0.000000,272.256267
19639,6932.386159,0.000000,57.000000,254.747632,0.000000,257.214485
19641,6932.386159,0.000000,57.000000,253.744847,0.000000,242.172702
19643,6932.386159,0.000000,57.000000,252.742061,0.000000,227.130919
19645,6932.386159,0.000000,57.000000,251.739276,0.000000,212.089136
19647,6932.386159,0.000000,57.000000,250.736490,0.000000,197.047354
19649,6932.386159,0.000000,57.000000,249.733705,0.000000,182.005571
19651,6932.386159,0.000000,57.000000,248.730919,0.000000,166.963788
19653,6932.386159,0.000000,57.000000,247.728134,0.000000,151.922006
19655,6932.386159,0.000000,57.000000,246.725348,0.000000,136.880223
19657,6932.386159,0.000000,57.000000,245.722563,0.000000,121.838440
19659,6932.386159,0.000000,57.000000,244.719777,0.000000,106.796657
19661,6932.386159,0.000000,57.000000,243.716992,0.000000,91.754875
19663,6932.386159,0.000000,57.000000,242.714206,0.000000,76.713092
19665,6932.386159,0.000000,57.000000,241.711421,0.000000,61.671309
19667,6932.386159,0.000000,57.000000,240.708635,0.000000,46.629526
19669,6932.386159,0.000000,57.000000,239.705850,0.000000,31.587744
19671,6932.386159,0.000000,57.000000,238.703064,0.000000,16.545961
19673,6932.386159,0.000000,57.000000,237.700279,0.000000,1.504178
19675,6932.386159,0.000000,57.000000,236.697493,0.000000,346.462396
19677,6932.386159,0.000000,57.000000,235.694708,0.000000,331.420613
19679,6932.386159,0.000000,57.000000,234.691922,0.000000,316.378830
19680,6932.386159,0.000000,57.000000,234.190529,0.000000,308.857939
19681,6932.386159,0.000000,57.000000,233.689136,0.000000,301.337047
19682,6932.386159,0.000000,57.000000,233.187744,0.000000,293.816156
19683,6932.386159,0.000000,57.000000,232.686351,0.000000,286.295265
19684,6932.386159,0.000000,57.000000,232.184958,0.000000,278.774373
19686,6932.386159,0.000000,57.000000,231.182173,0.000000,263.732591
19688,6932.386159,0.000000,57.000000,230.179387,0.000000,248.690808
19690,6932.386159,0.000000,57.000000,229.176602,0.000000,233.649025
19692,6932.386159,0.000000,57.000000,228.173816,0.000000,218.607242
19694,6932.386159,0.000000,57.000000,227.171031,0.000000,203.565460
19696,6932.386159,0.000000,57.000000,226.168245,0.000000,188.523677
19698,6932.386159,0.000000,57.000000,225.165460,0.000000,173.481894
19700,6932.386159,0.000000,57.000000,224.162674,0.000000,158.440111
19702,6932.386159,0.000000,57.000000,223.159889,0.000000,143.398329
19704,6932.386159,0.000000,57.000000,222.157103,0.000000,128.356546
19706,6932.386159,0.000000,57.000000,221.154318,0.000000,113.314763
19708,6932.386159,0.000000,57.000000,220.151532,0.000000,98.272981
19710,6932.386159,0.000000,57.000000,219.148747,0.000000,83.231198
19712,6932.386159,0.000000,57.000000,218.145961,0.000000,68.189415
19714,6932.386159,0.000000,57.000000,217.143175,0.000000,53.147632
19716,6932.386159,0.000000,57.000000,216.140390,0.000000,38.105850
19718,6932.386159,0.000000,57.000000,215.137604,0.000000,23.064067
19720,6932.386159,0.000000,57.000000,214.134819,0.000000,8.022284
19722,6932.386159,0.000000,57.000000,213.132033,0.000000,352.980501
19724,6932.386159,0.000000,57.000000,212.129248,0.000000,337.938719
19726,6932.386159,0.000000,57.000000,211.126462,0.000000,322.896936
19728,6932.386159,0.000000,57.000000,210.123677,0.000000,307.855153
19730,6932.386159,0.000000,57.000000,209.120891,0.000000,292.813370
19732,6932.386159,0.000000,57.000000,208.118106,0.000000,277.771588
19734,6932.386159,0.000000,57.000000,207.115320,0.000000,262.729805
19736,6932.386159,0.000000,57.000000,206.112535,0.000000,247.688022
19738,6932.386159,0.000000,57.000000,205.109749,0.000000,232.646240
19740,6932.386159,0.000000,57.000000,204.106964,0.000000,217.604457
19742,6932.386159,0.000000,57.000000,203.104178,0.000000,202.562674
19744,6932.386159,0.000000,57.000000,202.101393,0.000000,187.520891
19746,6932.386159,0.000000,57.000000,201.098607,0.000000,172.479109
19748,6932.386159,0.000000,57.000000,200.095822,0.000000,157.437326
19750,6932.386159,0.000000,57.000000,199.093036,0.000000,142.395543
19752,6932.386159,0.000000,57.000000,198.090251,0.000000,127.353760
19754,6932.386159,0.000000,57.000000,197.087465,0.000000,112.311978
19756,6932.386159,0.000000,57.000000,196.084680,0.000000,97.270195
19758,6932.386159,0.000000,57.000000,195.081894,0.000000,82.228412
19760,6932.386159,0.000000,57.000000,194.079109,0.000000,67.186630
19762,6932.386159,0.000000,57.000000,193.076323,0.000000,52.144847
19764,6932.386159,0.000000,57.000000,192.073538,0.000000,37.103064
19765,6932.386159,0.000000,57.000000,191.572145,0.000000,29.582173
19767,6932.386159,0.000000,57.000000,190.569359,0.000000,14.540390
19769,6932.386159,0.000000,57.000000,189.566574,0.000000,359.498607
19770,6932.386159,0.000000,57.000000,189.065181,0.000000,351.977716
19772,6932.386159,0.000000,57.000000,188.062396,0.000000,336.935933
19774,6932.386159,0.000000,57.000000,187.059610,0.000000,321.894150
19775,6932.386159,0.000000,57.000000,186.558217,0.000000,314.373259
19777,6932.386159,0.000000,57.000000,185.555432,0.000000,299.331476
19779,6932.386159,0.000000,57.000000,184.552646,0.000000,284.289694
19781,6932.386159,0.000000,57.000000,183.549861,0.000000,269.247911
19783,6932.386159,0.000000,57.000000,182.547075,0.000000,254.206128
19785,6932.386159,0.000000,57.000000,181.544290,0.000000,239.164345
19787,6932.386159,0.000000,57.000000,180.541504,0.000000,224.122563
19789,6932.386159,0.000000,57.000000,179.538719,0.000000,209.080780
19791,6932.386159,0.000000,57.000000,178.535933,0.000000,194.038997
19793,6932.386159,0.000000,57.000000,177.533148,0.000000,178.997214
19795,6932.386159,0.000000,57.000000,176.530362,0.000000,163.955432
19797,6932.386159,0.000000,57.000000,175.527577,0.000000,148.913649
19799,6932.386159,0.000000,57.000000,174.524791,0.000000,133.871866
19801,6932.386159,0.000000,57.000000,173.522006,0.000000,118.830084
19803,6932.386159,0.000000,57.000000,172.519220,0.000000,103.788301
19805,6932.386159,0.000000,57.000000,171.516435,0.000000,88.746518
19807,6932.386159,0.000000,57.000000,170.513649,0.000000,73.704735
19809,6932.386159,0.000000,57.000000,169.510864,0.000000,58.662953
19811,6932.386159,0.000000,57.000000,168.508078,0.000000,43.621170
19813,6932.386159,0.000000,57.000000,167.505292,0.000000,28.579387
19815,6932.386159,0.000000,57.000000,166.502507,0.000000,13.537604
19817,6932.386159,0.000000,57.000000,165.499721,0.000000,358.495822
19819,6932.386159,0.000000,57.000000,164.496936,0.000000,343.454039
19821,6932.386159,0.000000,57.000000,163.494150,0.000000,328.412256
19823,6932.386159,0.000000,57.000000,162.491365,0.000000,313.370474
19825,6932.386159,0.000000,57.000000,161.488579,0.000000,298.328691
19827,6932.386159,0.000000,57.000000,160.485794,0.000000,283.286908
19829,6932.386159,0.000000,57.000000,159.483008,0.000000,268.245125
19831,6932.386159,0.000000,57.000000,158.480223,0.000000,253.203343
19833,6932.386159,0.000000,57.000000,157.477437,0.000000,238.161560
19835,6932.386159,0.000000,57.000000,156.474652,0.000000,223.119777
19837,6932.386159,0.000000,57.000000,155.471866,0.000000,208.077994
19839,6932.386159,0.000000,57.000000,154.469081,0.000000,193.036212
19841,6932.386159,0.000000,57.000000,153.466295,0.000000,177.994429
19843,6932.386159,0.000000,57.000000,152.463510,0.000000,162.952646
19845,6932.386159,0.000000,57.000000,151.460724,0.000000,147.910864
19847,6932.386159,0.000000,57.000000,150.457939,0.000000,132.869081
19849,6932.386159,0.000000,57.000000,149.455153,0.000000,117.827298
19851,6932.386159,0.000000,57.000000,148.452368,0.000000,102.785515
19853,6932.386159,0.000000,57.000000,147.449582,0.000000,87.743733
19855,6932.386159,0.000000,57.000000,146.446797,0.000000,72.701950
19857,6932.386159,0.000000,57.000000,145.444011,0.000000,57.660167
19859,6932.386159,0.000000,57.000000,144.441226,0.000000,42.618384
19860,6932.386159,0.000000,57.000000,143.939833,0.000000,35.097493
19862,6932.386159,0.000000,57.000000,142.937047,0.000000,20.055710
19864,6932.386159,0.000000,57.000000,141.934262,0.000000,5.013928
19866,6932.386159,0.000000,57.000000,140.931476,0.000000,349.972145
19868,6932.386159,0.000000,57.000000,139.928691,0.000000,334.930362
19870,6932.386159,0.000000,57.000000,138.925905,0.000000,319.888579
19872,6932.386159,0.000000,57.000000,137.923120,0.000000,304.846797
19874,6932.386159,0.000000,57.000000,136.920334,0.000000,289.805014
19876,6932.386159,0.000000,57.000000,135.917549,0.000000,274.763231
19878,6932.386159,0.000000,57.000000,134.914763,0.000000,259.721448
19880,6932.386159,0.000000,57.000000,133.911978,0.000000,244.679666
19882,6932.386159,0.000000,57.000000,132.909192,0.000000,229.637883
19884,6932.386159,0.000000,57.000000,131.906407,0.000000,214.596100
19886,6932.386159,0.000000,57.000000,130.903621,0.000000,199.554318
19888,6932.386159,0.000000,57.000000,129.900836,0.000000,184.512535
19890,6932.386159,0.000000,57.000000,128.898050,0.000000,169.470752
19892,6932.386159,0.000000,57.000000,127.895265,0.000000,154.428969
19894,6932.386159,0.000000,57.000000,126.892479,0.000000,139.387187
19896,6932.386159,0.000000,57.000000,125.889694,0.000000,124.345404
19898,6932.386159,0.000000,57.000000,124.886908,0.000000,109.303621
19900,6932.386159,0.000000,57.000000,123.884123,0.000000,94.261838
19902,6932.386159,0.000000,57.000000,122.881337,0.000000,79.220056
19904,6932.386159,0.000000,57.000000,121.878552,0.000000,64.178273
19906,6932.386159,0.000000,57.000000,120.875766,0.000000,49.136490
19908,6932.386159,0.000000,57.000000,119.872981,0.000000,34.094708
19910,6932.386159,0.000000,57.000000,118.870195,0.000000,19.052925
19912,6932.386159,0.000000,57.000000,117.867409,0.000000,4.011142
19914,6932.386159,0.000000,57.000000,116.864624,0.000000,348.969359
19916,6932.386159,0.000000,57.000000,115.861838,0.000000,333.927577
19918,6932.386159,0.000000,57.000000,114.859053,0.000000,318.885794
19920,6932.386159,0.000000,57.000000,113.856267,0.000000,303.844011
19922,6932.386159,0.000000,57.000000,112.853482,0.000000,288.802228
19924,6932.386159,0.000000,57.000000,111.850696,0.000000,273.760446
19926,6932.386159,0.000000,57.000000,110.847911,0.000000,258.718663
19928,6932.386159,0.000000,57.000000,109.845125,0.000000,243.676880
19930,6932.386159,0.000000,57.000000,108.842340,0.000000,228.635097
19932,6932.386159,0.000000,57.000000,107.839554,0.000000,213.593315
19934,6932.386159,0.000000,57.000000,106.836769,0.000000,198.551532
19936,6932.386159,0.000000,57.000000,105.833983,0.000000,183.509749
19938,6932.386159,0.000000,57.000000,104.831198,0.000000,168.467967
19940,6932.386159,0.000000,57.000000,103.828412,0.000000,153.426184
19941,6932.386159,0.000000,57.000000,103.327019,0.000000,145.905292
19942,6932.386159,0.000000,57.000000,102.825627,0.000000,138.384401
19944,6932.386159,0.000000,57.000000,101.822841,0.000000,123.342618
19946,6932.386159,0.000000,57.000000,100.820056,0.000000,108.300836
19948,6932.386159,0.000000,57.000000,99.817270,0.000000,93.259053
19950,6932.386159,0.000000,57.000000,98.814485,0.000000,78.217270
19951,6932.386159,0.000000,57.000000,98.313092,0.000000,70.696379
19953,6932.386159,0.000000,57.000000,97.310306,0.000000,55.654596
19955,6932.386159,0.000000,57.000000,96.307521,0.000000,40.612813
19957,6932.386159,0.000000,57.000000,95.304735,0.000000,25.571031
19959,6932.386159,0.000000,57.000000,94.301950,0.000000,10.529248
19961,6932.386159,0.000000,57.000000,93.299164,0.000000,355.487465
19963,6932.386159,0.000000,57.000000,92.296379,0.000000,340.445682
19965,6932.386159,0.000000,57.000000,91.293593,0.000000,325.403900
19967,6932.386159,0.000000,57.000000,90.290808,0.000000,310.362117
19969,6932.386159,0.000000,57.000000,89.288022,0.000000,295.320334
19971,6932.386159,0.000000,57.000000,88.285237,0.000000,280.278552
19973,6932.386159,0.000000,57.000000,87.282451,0.000000,265.236769
19975,6932.386159,0.000000,57.000000,86.279666,0.000000,250.194986
19977,6932.386159,0.000000,57.000000,85.276880,0.000000,235.153203
19979,6932.386159,0.000000,57.000000,84.274095,0.000000,220.111421
19981,6932.386159,0.000000,57.000000,83.271309,0.000000,205.069638
19983,6932.386159,0.000000,57.000000,82.268524,0.000000,190.027855
19985,6932.386159,0.000000,57.000000,81.265738,0.000000,174.986072
19987,6932.386159,0.000000,57.000000,80.262953,0.000000,159.944290
19989,6932.386159,0.000000,57.000000,79.260167,0.000000,144.902507
19991,6932.386159,0.000000,57.000000,78.257382,0.000000,129.860724
19993,6932.386159,0.000000,57.000000,77.254596,0.000000,114.818942
19995,6932.386159,0.000000,57.000000,76.251811,0.000000,99.777159
19997,6932.386159,0.000000,57.000000,75.249025,0.000000,84.735376
19999,6932.386159,0.000000,57.000000,74.246240,0.000000,69.693593
20001,6932.386159,0.000000,57.000000,73.243454,0.000000,54.651811
20003,6932.386159,0.000000,57.000000,72.240669,0.000000,39.610028
20005,6932.386159,0.000000,57.000000,71.237883,0.000000,24.568245
20007,6932.386159,0.000000,57.000000,70.235097,0.000000,9.526462
20009,6932.386159,0.000000,57.000000,69.232312,0.000000,354.484680
20011,6932.386159,0.000000,57.000000,68.229526,0.000000,339.442897
20013,6932.386159,0.000000,57.000000,67.226741,0.000000,324.401114
20015,6932.386159,0.000000,57.000000,66.223955,0.000000,309.359331
20017,6932.386159,0.000000,57.000000,65.221170,0.000000,294.317549
20019,6932.386159,0.000000,57.000000,64.218384,0.000000,279.275766
20021,6932.386159,0.000000,57.000000,63.215599,0.000000,264.233983
20023,6932.386159,0.000000,57.000000,62.212813,0.000000,249.192201
20025,6932.386159,0.000000,57.000000,61.210028,0.000000,234.150418
20027,6932.386159,0.000000,57.000000,60.207242,0.000000,219.108635
20029,6932.386159,0.000000,57.000000,59.204457,0.000000,204.066852
20031,6932.386159,0.000000,57.000000,58.201671,0.000000,189.025070
20033,6932.386159,0.000000,57.000000,57.198886,0.000000,173.983287
20035,6932.386159,0.000000,57.000000,56.196100,0.000000,158.941504
20036,6932.386159,0.000000,57.000000,55.694708,0.000000,151.420613
20038,6932.386159,0.000000,57.000000,54.691922,0.000000,136.378830
20040,6932.386159,0.000000,57.000000,53.689136,0.000000,121.337047
20042,6932.386159,0.000000,57.000000,52.686351,0.000000,106.295265
20043,6932.386159,0.000000,57.000000,52.184958,0.000000,98.774373
20044,6932.386159,0.000000,57.000000,51.683565,0.000000,91.253482
20045,6932.386159,0.000000,57.000000,51.182173,0.000000,83.732591
20046,6932.386159,0.000000,57.000000,50.680780,0.000000,76.211699
20048,6932.386159,0.000000,57.000000,49.677994,0.000000,61.169916
20050,6932.386159,0.000000,57.000000,48.675209,0.000000,46.128134
20052,6932.386159,0.000000,57.000000,47.672423,0.000000,31.086351
20054,6932.386159,0.000000,57.000000,46.669638,0.000000,16.044568
20056,6932.386159,0.000000,57.000000,45.666852,0.000000,1.002786
20058,6932.386159,0.000000,57.000000,44.664067,0.000000,345.961003
20060,6932.386159,0.000000,57.000000,43.661281,0.000000,330.919220
20062,6932.386159,0.000000,57.000000,42.658496,0.000000,315.877437
20064,6932.386159,0.000000,57.000000,41.655710,0.000000,300.835655
20066,6932.386159,0.000000,57.000000,40.652925,0.000000,285.793872
20068,6932.386159,0.000000,57.000000,39.650139,0.000000,270.752089
20070,6932.386159,0.000000,57.000000,38.647354,0.000000,255.710306
20072,6932.386159,0.000000,57.000000,37.644568,0.000000,240.668524
20074,6932.386159,0.000000,57.000000,36.641783,0.000000,225.626741
20076,6932.386159,0.000000,57.000000,35.638997,0.000000,210.584958
20078,6932.386159,0.000000,57.000000,34.636212,0.000000,195.543175
20080,6932.386159,0.000000,57.000000,33.633426,0.000000,180.501393
20082,6932.386159,0.000000,57.000000,32.630641,0.000000,165.459610
20084,6932.386159,0.000000,57.000000,31.627855,0.000000,150.417827
20086,6932.386159,0.000000,57.000000,30.625070,0.000000,135.376045
20088,6932.386159,0.000000,57.000000,29.622284,0.000000,120.334262
20090,6932.386159,0.000000,57.000000,28.619499,0.000000,105.292479
20092,6932.386159,0.000000,57.000000,27.616713,0.000000,90.250696
20094,6932.386159,0.000000,57.000000,26.613928,0.000000,75.208914
20096,6932.386159,0.000000,57.000000,25.611142,0.000000,60.167131
20098,6932.386159,0.000000,57.000000,24.608357,0.000000,45.125348
20100,6932.386159,0.000000,57.000000,23.605571,0.000000,30.083565
20102,6932.386159,0.000000,57.000000,22.602786,0.000000,15.041783
34464,6932.386159,0.000000,29.000000,0.000000,0.000000,0.000000
34465,6932.386159,0.000000,29.000000,359.498607,0.000000,352.479109
34466,6932.386159,0.000000,29.000000,358.997214,0.000000,344.958217
34467,6932.386159,0.000000,29.000000,358.495822,0.000000,337.437326
34468,6932.386159,0.000000,29.000000,357.994429,0.000000,329.916435
34469,6932.386159,0.000000,29.000000,357.493036,0.000000,322.395543
34470,6932.386159,0.000000,29.000000,356.991643,0.000000,314.874652
34471,6932.386159,0.000000,29.000000,356.490251,0.000000,307.353760
34472,6932.386159,0.000000,29.000000,355.988858,0.000000,299.832869
34473,6932.386159,0.000000,29.000000,355.487465,0.000000,292.311978
34474,6932.386159,0.000000,29.000000,354.986072,0.000000,284.791086
34475,6932.386159,0.000000,29.000000,354.484680,0.000000,277.270195
34476,6932.386159,0.000000,29.000000,353.983287,0.000000,269.749304
34477,6932.386159,0.000000,29.000000,353.481894,0.000000,262.228412
34478,6932.386159,0.000000,29.000000,352.980501,0.000000,254.707521
34479,6932.386159,0.000000,29.000000,352.479109,0.000000,247.186630
34480,6932.386159,0.000000,29.000000,351.977716,0.000000,239.665738
34481,6932.386159,0.000000,29.000000,351.476323,0.000000,232.144847
34482,6932.386159,0.000000,29.000000,350.974930,0.000000,224.623955
34483,6932.386159,0.000000,29.000000,350.473538,0.000000,217.103064
34484,6932.386159,0.000000,29.000000,349.972145,0.000000,209.582173
34485,6932.386159,0.000000,29.000000,349.470752,0.000000,202.061281
34486,6932.386159,0.000000,29.000000,348.969359,0.000000,194.540390
34487,6932.386159,0.000000,29.000000,348.467967,0.000000,187.019499
34488,6932.386159,0.000000,29.000000,347.966574,0.000000,179.498607
34489,6932.386159,0.000000,29.000000,347.465181,0.000000,171.977716
34490,6932.386159,0.000000,29.000000,346.963788,0.000000,164.456825
34491,6932.386159,0.000000,29.000000,346.462396,0.000000,156.935933
34492,6932.386159,0.000000,29.000000,345.961003,0.000000,149.415042
34493,6932.386159,0.000000,29.000000,345.459610,0.000000,141.894150
34494,6932.386159,0.000000,29.000000,344.958217,0.000000,134.373259
34495,6932.386159,0.000000,29.000000,344.456825,0.000000,126.852368
34496,6932.386159,0.000000,29.000000,343.955432,0.000000,119.331476
34497,6932.386159,0.000000,29.000000,343.454039,0.000000,111.810585
34498,6932.386159,0.000000,29.000000,342.952646,0.000000,104.289694
34499,6932.386159,0.000000,29.000000,342.451253,0.000000,96.768802
34500,6932.386159,0.000000,29.000000,341.949861,0.000000,89.247911
34501,6932.386159,0.000000,29.000000,341.448468,0.000000,81.727019
34502,6932.386159,0.000000,29.000000,340.947075,0.000000,74.206128
34503,6932.386159,0.000000,29.000000,340.445682,0.000000,66.685237
34504,6932.386159,0.000000,29.000000,339.944290,0.000000,59.164345
34505,6932.386159,0.000000,29.000000,339.442897,0.000000,51.643454
34506,6932.386159,0.000000,29.000000,338.941504,0.000000,44.122563
34507,6932.386159,0.000000,29.000000,338.440111,0.000000,36.601671
34508,6932.386159,0.000000,29.000000,337.938719,0.000000,29.080780
34509,6932.386159,0.000000,29.000000,337.437326,0.000000,21.559889
34510,6932.386159,0.000000,29.000000,336.935933,0.000000,14.038997
34511,6932.386159,0.000000,29.000000,336.434540,0.000000,6.518106
34512,6932.386159,0.000000,29.000000,335.933148,0.000000,358.997214
34513,6932.386159,0.000000,29.000000,335.431755,0.000000,351.476323
34514,6932.386159,0.000000,29.000000,334.930362,0.000000,343.955432
34515,6932.386159,0.000000,29.000000,334.428969,0.000000,336.434540
34516,6932.386159,0.000000,29.000000,333.927577,0.000000,328.913649
34517,6932.386159,0.000000,29.000000,333.426184,0.000000,321.392758
34518,6932.386159,0.000000,29.000000,332.924791,0.000000,313.871866
34519,6932.386159,0.000000,29.000000,332.423398,0.000000,306.350975
34520,6932.386159,0.000000,29.000000,331.922006,0.000000,298.830084
34521,6932.386159,0.000000,29.000000,331.420613,0.000000,291.309192
34522,6932.386159,0.000000,29.000000,330.919220,0.000000,283.788301
34523,6932.386159,0.000000,29.000000,330.417827,0.000000,276.267409
34524,6932.386159,0.000000,29.000000,329.916435,0.000000,268.746518
34525,6932.386159,0.000000,29.000000,329.415042,0.000000,261.225627
34526,6932.386159,0.000000,29.000000,328.913649,0.000000,253.704735
34527,6932.386159,0.000000,29.000000,328.412256,0.000000,246.183844
34528,6932.386159,0.000000,29.000000,327.910864,0.000000,238.662953
34529,6932.386159,0.000000,29.000000,327.409471,0.000000,231.142061
34530,6932.386159,0.000000,29.000000,326.908078,0.000000,223.621170
34531,6932.386159,0.000000,29.000000,326.406685,0.000000,216.100279
34532,6932.386159,0.000000,29.000000,325.905292,0.000000,208.579387
34533,6932.386159,0.000000,29.000000,325.403900,0.000000,201.058496
34534,6932.386159,0.000000,29.000000,324.902507,0.000000,193.537604
34535,6932.386159,0.000000,29.000000,324.401114,0.000000,186.016713
34536,6932.386159,0.000000,29.000000,323.899721,0.000000,178.495822
34537,6932.386159,0.000000,29.000000,323.398329,0.000000,170.974930
34538,6932.386159,0.000000,29.000000,322.896936,0.000000,163.454039
34539,6932.386159,0.000000,29.000000,322.395543,0.000000,155.933148
34540,6932.386159,0.000000,29.000000,321.894150,0.000000,148.412256
34541,6932.386159,0.000000,29.000000,321.392758,0.000000,140.891365
34542,6932.386159,0.000000,29.000000,320.891365,0.000000,133.370474
34543,6932.386159,0.000000,29.000000,320.389972,0.000000,125.849582
34544,6932.386159,0.000000,29.000000,319.888579,0.000000,118.328691
34545,6932.386159,0.000000,29.000000,319.387187,0.000000,110.807799
34546,6932.386159,0.000000,29.000000,318.885794,0.000000,103.286908
34547,6932.386159,0.000000,29.000000,318.384401,0.000000,95.766017
34548,6932.386159,0.000000,29.000000,317.883008,0.000000,88.245125
34549,6932.386159,0.000000,29.000000,317.381616,0.000000,80.724234
34550,6932.386159,0.000000,29.000000,316.880223,0.000000,73.203343
34551,6932.386159,0.000000,29.000000,316.378830,0.000000,65.682451
34552,6932.386159,0.000000,29.000000,315.877437,0.000000,58.161560
34553,6932.386159,0.000000,29.000000,315.376045,0.000000,50.640669
34554,6932.386159,0.000000,29.000000,314.874652,0.000000,43.119777
34555,6932.386159,0.000000,29.000000,314.373259,0.000000,35.598886
34556,6932.386159,0.000000,29.000000,313.871866,0.000000,28.077994
34557,6932.386159,0.000000,29.000000,313.370474,0.000000,20.557103
34558,6932.386159,0.000000,29.000000,312.869081,0.000000,13.036212
34559,6932.386159,0.000000,29.000000,312.367688,0.000000,5.515320
34560,6932.386159,0.000000,29.000000,311.866295,0.000000,357.994429
34561,6932.386159,0.000000,29.000000,311.364903,0.000000,350.473538
34562,6932.386159,0.000000,29.000000,310.863510,0.000000,342.952646
34563,6932.386159,0.000000,29.000000,310.362117,0.000000,335.431755
34564,6932.386159,0.000000,29.000000,309.860724,0.000000,327.910864
34565,6932.386159,0.000000,29.000000,309.359331,0.000000,320.389972
34566,6932.386159,0.000000,29.000000,308.857939,0.000000,312.869081
34567,6932.386159,0.000000,29.000000,308.356546,0.000000,305.348189
34568,6932.386159,0.000000,29.000000,307.855153,0.000000,297.827298
34569,6932.386159,0.000000,29.000000,307.353760,0.000000,290.306407
34570,6932.386159,0.000000,29.000000,306.852368,0.000000,282.785515
34571,6932.386159,0.000000,29.000000,306.350975,0.000000,275.264624
34572,6932.386159,0.000000,29.000000,305.849582,0.000000,267.743733
34573,6932.386159,0.000000,29.000000,305.348189,0.000000,260.222841
34574,6932.386159,0.000000,29.000000,304.846797,0.000000,252.701950
34575,6932.386159,0.000000,29.000000,304.345404,0.000000,245.181058
34576,6932.386159,0.000000,29.000000,303.844011,0.000000,237.660167
34577,6932.386159,0.000000,29.000000,303.342618,0.000000,230.139276
34578,6932.386159,0.000000,29.000000,302.841226,0.000000,222.618384
34579,6932.386159,0.000000,29.000000,302.339833,0.000000,215.097493
34580,6932.386159,0.000000,29.000000,301.838440,0.000000,207.576602
34581,6932.386159,0.000000,29.000000,301.337047,0.000000,200.055710
34582,6932.386159,0.000000,29.000000,300.835655,0.000000,192.534819
34583,6932.386159,0.000000,29.000000,300.334262,0.000000,185.013928
34584,6932.386159,0.000000,29.000000,299.832869,0.000000,177.493036
34585,6932.386159,0.000000,29.000000,299.331476,0.000000,169.972145
34586,6932.386159,0.000000,29.000000,298.830084,0.000000,162.451253
34587,6932.386159,0.000000,29.000000,298.328691,0.000000,154.930362
34588,6932.386159,0.000000,29.000000,297.827298,0.000000,147.409471
34589,6932.386159,0.000000,29.000000,297.325905,0.000000,139.888579
34590,6932.386159,0.000000,29.000000,296.824513,0.000000,132.367688
34591,6932.386159,0.000000,29.000000,296.323120,0.000000,124.846797
34592,6932.386159,0.000000,29.000000,295.821727,0.000000,117.325905
34593,6932.386159,0.000000,29.000000,295.320334,0.000000,109.805014
34594,6932.386159,0.000000,29.000000,294.818942,0.000000,102.284123
34595,6932.386159,0.000000,29.000000,294.317549,0.000000,94.763231
34596,6932.386159,0.000000,29.000000,293.816156,0.000000,87.242340
34597,6932.386159,0.000000,29.000000,293.314763,0.000000,79.721448
34598,6932.386159,0.000000,29.000000,292.813370,0.000000,72.200557
34599,6932.386159,0.000000,29.000000,292.311978,0.000000,64.679666
34600,6932.386159,0.000000,29.000000,291.810585,0.000000,57.158774
34601,6932.386159,0.000000,29.000000,291.309192,0.000000,49.637883
34602,6932.386159,0.000000,29.000000,290.807799,0.000000,42.116992
34603,6932.386159,0.000000,29.000000,290.306407,0.000000,34.596100
34604,6932.386159,0.000000,29.000000,289.805014,0.000000,27.075209
34605,6932.386159,0.000000,29.000000,289.303621,0.000000,19.554318
34606,6932.386159,0.000000,29.000000,288.802228,0.000000,12.033426
34607,6932.386159,0.000000,29.000000,288.300836,0.000000,4.512535
34608,6932.386159,0.000000,29.000000,287.799443,0.000000,356.991643
34609,6932.386159,0.000000,29.000000,287.298050,0.000000,349.470752
34610,6932.386159,0.000000,29.000000,286.796657,0.000000,341.949861
34611,6932.386159,0.000000,29.000000,286.295265,0.000000,334.428969
34612,6932.386159,0.000000,29.000000,285.793872,0.000000,326.908078
34613,6932.386159,0.000000,29.000000,285.292479,0.000000,319.387187
34614,6932.386159,0.000000,29.000000,284.791086,0.000000,311.866295
34615,6932.386159,0.000000,29.000000,284.289694,0.000000,304.345404
34616,6932.386159,0.000000,29.000000,283.788301,0.000000,296.824513
34617,6932.386159,0.000000,29.000000,283.286908,0.000000,289.303621
34618,6932.386159,0.000000,29.000000,282.785515,0.000000,281.782730
34619,6932.386159,0.000000,29.000000,282.284123,0.000000,274.261838
34620,6932.386159,0.000000,29.000000,281.782730,0.000000,266.740947
34621,6932.386159,0.000000,29.000000,281.281337,0.000000,259.220056
34622,6932.386159,0.000000,29.000000,280.779944,0.000000,251.699164
34623,6932.386159,0.000000,29.000000,280.278552,0.000000,244.178273
34624,6932.386159,0.000000,29.000000,279.777159,0.000000,236.657382
34625,6932.386159,0.000000,29.000000,279.275766,0.000000,229.136490
34626,6932.386159,0.000000,29.000000,278.774373,0.000000,221.615599
34627,6932.386159,0.000000,29.000000,278.272981,0.000000,214.094708
34628,6932.386159,0.000000,29.000000,277.771588,0.000000,206.573816
34629,6932.386159,0.000000,29.000000,277.270195,0.000000,199.052925
34630,6932.386159,0.000000,29.000000,276.768802,0.000000,191.532033
34631,6932.386159,0.000000,29.000000,276.267409,0.000000,184.011142
34632,6932.386159,0.000000,29.000000,275.766017,0.000000,176.490251
34633,6932.386159,0.000000,29.000000,275.264624,0.000000,168.969359
34634,6932.386159,0.000000,29.000000,274.763231,0.000000,161.448468
34635,6932.386159,0.000000,29.000000,274.261838,0.000000,153.927577
34636,6932.386159,0.000000,29.000000,273.760446,0.000000,146.406685
34637,6932.386159,0.000000,29.000000,273.259053,0.000000,138.885794
34638,6932.386159,0.000000,29.000000,272.757660,0.000000,131.364903
34639,6932.386159,0.000000,29.000000,272.256267,0.000000,123.844011
34640,6932.386159,0.000000,29.000000,271.754875,0.000000,116.323120
34641,6932.386159,0.000000,29.000000,271.253482,0.000000,108.802228
34642,6932.386159,0.000000,29.000000,270.752089,0.000000,101.281337
34643,6932.386159,0.000000,29.000000,270.250696,0.000000,93.760446
34644,6932.386159,0.000000,29.000000,269.749304,0.000000,86.239554
34645,6932.386159,0.000000,29.000000,269.247911,0.000000,78.718663
34646,6932.386159,0.000000,29.000000,268.746518,0.000000,71.197772
34647,6932.386159,0.000000,29.000000,268.245125,0.000000,63.676880
34648,6932.386159,0.000000,29.000000,267.743733,0.000000,56.155989
34649,6932.386159,0.000000,29.000000,267.242340,0.000000,48.635097
34650,6932.386159,0.000000,29.000000,266.740947,0.000000,41.114206
34651,6932.386159,0.000000,29.000000,266.239554,0.000000,33.593315
34652,6932.386159,0.000000,29.000000,265.738162,0.000000,26.072423
34653,6932.386159,0.000000,29.000000,265.236769,0.000000,18.551532
34654,6932.386159,0.000000,29.000000,264.735376,0.000000,11.030641
34655,6932.386159,0.000000,29.000000,264.233983,0.000000,3.509749
34656,6932.386159,0.000000,29.000000,263.732591,0.000000,355.988858
34657,6932.386159,0.000000,29.000000,263.231198,0.000000,348.467967
34658,6932.386159,0.000000,29.000000,262.729805,0.000000,340.947075
34659,6932.386159,0.000000,29.000000,262.228412,0.000000,333.426184
34660,6932.386159,0.000000,29.000000,261.727019,0.000000,325.905292
34661,6932.386159,0.000000,29.000000,261.225627,0.000000,318.384401
34662,6932.386159,0.000000,29.000000,260.724234,0.000000,310.863510
34663,6932.386159,0.000000,29.000000,260.222841,0.000000,303.342618
34664,6932.386159,0.000000,29.000000,259.721448,0.000000,295.821727
34665,6932.386159,0.000000,29.000000,259.220056,0.000000,288.300836
34666,6932.386159,0.000000,29.000000,258.718663,0.000000,280.779944
34667,6932.386159,0.000000,29.000000,258.217270,0.000000,273.259053
34668,6932.386159,0.000000,29.000000,257.715877,0.000000,265.738162
34669,6932.386159,0.000000,29.000000,257.214485,0.000000,258.217270
34670,6932.386159,0.000000,29.000000,256.713092,0.000000,250.696379
34671,6932.386159,0.000000,29.000000,256.211699,0.000000,243.175487
34672,6932.386159,0.000000,29.000000,255.710306,0.000000,235.654596
34673,6932.386159,0.000000,29.000000,255.208914,0.000000,228.133705
34674,6932.386159,0.000000,29.000000,254.707521,0.000000,220.612813
34675,6932.386159,0.000000,29.000000,254.206128,0.000000,213.091922
34676,6932.386159,0.000000,29.000000,253.704735,0.000000,205.571031
34677,6932.386159,0.000000,29.000000,253.203343,0.000000,198.050139
34678,6932.386159,0.000000,29.000000,252.701950,0.000000,190.529248
34679,6932.386159,0.000000,29.000000,252.200557,0.000000,183.008357
34680,6932.386159,0.000000,29.000000,251.699164,0.000000,175.487465
34681,6932.386159,0.000000,29.000000,251.197772,0.000000,167.966574
34682,6932.386159,0.000000,29.000000,250.696379,0.000000,160.445682
34683,6932.386159,0.000000,29.000000,250.194986,0.000000,152.924791
34684,6932.386159,0.000000,29.000000,249.693593,0.000000,145.403900
34685,6932.386159,0.000000,29.000000,249.192201,0.000000,137.883008
34686,6932.386159,0.000000,29.000000,248.690808,0.000000,130.362117
34687,6932.386159,0.000000,29.000000,248.189415,0.000000,122.841226
34688,6932.386159,0.000000,29.000000,247.688022,0.000000,115.320334
34689,6932.386159,0.000000,29.000000,247.186630,0.000000,107.799443
34690,6932.386159,0.000000,29.000000,246.685237,0.000000,100.278552
34691,6932.386159,0.000000,29.000000,246.183844,0.000000,92.757660
34692,6932.386159,0.000000,29.000000,245.682451,0.000000,85.236769
34693,6932.386159,0.000000,29.000000,245.181058,0.000000,77.715877
34694,6932.386159,0.000000,29.000000,244.679666,0.000000,70.194986
34695,6932.386159,0.000000,29.000000,244.178273,0.000000,62.674095
34696,6932.386159,0.000000,29.000000,243.676880,0.000000,55.153203
34697,6932.386159,0.000000,29.000000,243.175487,0.000000,47.632312
34698,6932.386159,0.000000,29.000000,242.674095,0.000000,40.111421
34699,6932.386159,0.000000,29.000000,242.172702,0.000000,32.590529
34700,6932.386159,0.000000,29.000000,241.671309,0.000000,25.069638
34701,6932.386159,0.000000,29.000000,241.169916,0.000000,17.548747
34702,6932.386159,0.000000,29.000000,240.668524,0.000000,10.027855
34703,6932.386159,0.000000,29.000000,240.167131,0.000000,2.506964
34704,6932.386159,0.000000,29.000000,239.665738,0.000000,354.986072
34705,6932.386159,0.000000,29.000000,239.164345,0.000000,347.465181
34706,6932.386159,0.000000,29.000000,238.662953,0.000000,339.944290
34707,6932.386159,0.000000,29.000000,238.161560,0.000000,332.423398
34708,6932.386159,0.000000,29.000000,237.660167,0.000000,324.902507
34709,6932.386159,0.000000,29.000000,237.158774,0.000000,317.381616
34710,6932.386159,0.000000,29.000000,236.657382,0.000000,309.860724
34711,6932.386159,0.000000,29.000000,236.155989,0.000000,302.339833
34712,6932.386159,0.000000,29.000000,235.654596,0.000000,294.818942
34713,6932.386159,0.000000,29.000000,235.153203,0.000000,287.298050
34714,6932.386159,0.000000,29.000000,234.651811,0.000000,279.777159
34715,6932.386159,0.000000,29.000000,234.150418,0.000000,272.256267
34716,6932.386159,0.000000,29.000000,233.649025,0.000000,264.735376
34717,6932.386159,0.000000,29.000000,233.147632,0.000000,257.214485
34718,6932.386159,0.000000,29.000000,232.646240,0.000000,249.693593
34719,6932.386159,0.000000,29.000000,232.144847,0.000000,242.172702
34720,6932.386159,0.000000,29.000000,231.643454,0.000000,234.651811
34721,6932.386159,0.000000,29.000000,231.142061,0.000000,227.130919
34722,6932.386159,0.000000,29.000000,230.640669,0.000000,219.610028
34723,6932.386159,0.000000,29.000000,230.139276,0.000000,212.089136
34724,6932.386159,0.000000,29.000000,229.637883,0.000000,204.568245
34725,6932.386159,0.000000,29.000000,229.136490,0.000000,197.047354
34726,6932.386159,0.000000,29.000000,228.635097,0.000000,189.526462
34727,6932.386159,0.000000,29.000000,228.133705,0.000000,182.005571
34728,6932.386159,0.000000,29.000000,227.632312,0.000000,174.484680
34729,6932.386159,0.000000,29.000000,227.130919,0.000000,166.963788
34730,6932.386159,0.000000,29.000000,226.629526,0.000000,159.442897
34731,6932.386159,0.000000,29.000000,226.128134,0.000000,151.922006
34732,6932.386159,0.000000,29.000000,225.626741,0.000000,144.401114
34733,6932.386159,0.000000,29.000000,225.125348,0.000000,136.880223
34734,6932.386159,0.000000,29.000000,224.623955,0.000000,129.359331
34735,6932.386159,0.000000,29.000000,224.122563,0.000000,121.838440
34736,6932.386159,0.000000,29.000000,223.621170,0.000000,114.317549
34737,6932.386159,0.000000,29.000000,223.119777,0.000000,106.796657
34738,6932.386159,0.000000,29.000000,222.618384,0.000000,99.275766
34739,6932.386159,0.000000,29.000000,222.116992,0.000000,91.754875
34740,6932.386159,0.000000,29.000000,221.615599,0.000000,84.233983
34741,6932.386159,0.000000,29.000000,221.114206,0.000000,76.713092
34742,6932.386159,0.000000,29.000000,220.612813,0.000000,69.192201
34743,6932.386159,0.000000,29.000000,220.111421,0.000000,61.671309
34744,6932.386159,0.000000,29.000000,219.610028,0.000000,54.150418
34745,6932.386159,0.000000,29.000000,219.108635,0.000000,46.629526
34746,6932.386159,0.000000,29.000000,218.607242,0.000000,39.108635
34747,6932.386159,0.000000,29.000000,218.105850,0.000000,31.587744
34748,6932.386159,0.000000,29.000000,217.604457,0.000000,24.066852
34749,6932.386159,0.000000,29.000000,217.103064,0.000000,16.545961
34750,6932.386159,0.000000,29.000000,216.601671,0.000000,9.025070
34751,6932.386159,0.000000,29.000000,216.100279,0.000000,1.504178
34752,6932.386159,0.000000,29.000000,215.598886,0.000000,353.983287
34753,6932.386159,0.000000,29.000000,215.097493,0.000000,346.462396
34754,6932.386159,0.000000,29.000000,214.596100,0.000000,338.941504
34755,6932.386159,0.000000,29.000000,214.094708,0.000000,331.420613
34756,6932.386159,0.000000,29.000000,213.593315,0.000000,323.899721
34757,6932.386159,0.000000,29.000000,213.091922,0.000000,316.378830
34758,6932.386159,0.000000,29.000000,212.590529,0.000000,308.857939
34759,6932.386159,0.000000,29.000000,212.089136,0.000000,301.337047
34760,6932.386159,0.000000,29.000000,211.587744,0.000000,293.816156
34761,6932.386159,0.000000,29.000000,211.086351,0.000000,286.295265
34762,6932.386159,0.000000,29.000000,210.584958,0.000000,278.774373
34763,6932.386159,0.000000,29.000000,210.083565,0.000000,271.253482
34764,6932.386159,0.000000,29.000000,209.582173,0.000000,263.732591
34765,6932.386159,0.000000,29.000000,209.080780,0.000000,256.211699
34766,6932.386159,0.000000,29.000000,208.579387,0.000000,248.690808
34767,6932.386159,0.000000,29.000000,208.077994,0.000000,241.169916
34768,6932.386159,0.000000,29.000000,207.576602,0.000000,233.649025
34769,6932.386159,0.000000,29.000000,207.075209,0.000000,226.128134
34770,6932.386159,0.000000,29.000000,206.573816,0.000000,218.607242
34771,6932.386159,0.000000,29.000000,206.072423,0.000000,211.086351
34772,6932.386159,0.000000,29.000000,205.571031,0.000000,203.565460
34773,6932.386159,0.000000,29.000000,205.069638,0.000000,196.044568
34774,6932.386159,0.000000,29.000000,204.568245,0.000000,188.523677
34775,6932.386159,0.000000,29.000000,204.066852,0.000000,181.002786
34776,6932.386159,0.000000,29.000000,203.565460,0.000000,173.481894
34777,6932.386159,0.000000,29.000000,203.064067,0.000000,165.961003
34778,6932.386159,0.000000,29.000000,202.562674,0.000000,158.440111
34779,6932.386159,0.000000,29.000000,202.061281,0.000000,150.919220
34780,6932.386159,0.000000,29.000000,201.559889,0.000000,143.398329
34781,6932.386159,0.000000,29.000000,201.058496,0.000000,135.877437
34782,6932.386159,0.000000,29.000000,200.557103,0.000000,128.356546
34783,6932.386159,0.000000,29.000000,200.055710,0.000000,120.835655
34784,6932.386159,0.000000,29.000000,199.554318,0.000000,113.314763
34785,6932.386159,0.000000,29.000000,199.052925,0.000000,105.793872
34786,6932.386159,0.000000,29.000000,198.551532,0.000000,98.272981
34787,6932.386159,0.000000,29.000000,198.050139,0.000000,90.752089
34788,6932.386159,0.000000,29.000000,197.548747,0.000000,83.231198
34789,6932.386159,0.000000,29.000000,197.047354,0.000000,75.710306
34790,6932.386159,0.000000,29.000000,196.545961,0.000000,68.189415
34791,6932.386159,0.000000,29.000000,196.044568,0.000000,60.668524
34792,6932.386159,0.000000,29.000000,195.543175,0.000000,53.147632
34793,6932.386159,0.000000,29.000000,195.041783,0.000000,45.626741
34794,6932.386159,0.000000,29.000000,194.540390,0.000000,38.105850
34795,6932.386159,0.000000,29.000000,194.038997,0.000000,30.584958
34796,6932.386159,0.000000,29.000000,193.537604,0.000000,23.064067
34797,6932.386159,0.000000,29.000000,193.036212,0.000000,15.543175
34798,6932.386159,0.000000,29.000000,192.534819,0.000000,8.022284
34799,6932.386159,0.000000,29.000000,192.033426,0.000000,0.501393
34800,6932.386159,0.000000,29.000000,191.532033,0.000000,352.980501
34801,6932.386159,0.000000,29.000000,191.030641,0.000000,345.459610
34802,6932.386159,0.000000,29.000000,190.529248,0.000000,337.938719
34803,6932.386159,0.000000,29.000000,190.027855,0.000000,330.417827
34804,6932.386159,0.000000,29.000000,189.526462,0.000000,322.896936
34805,6932.386159,0.000000,29.000000,189.025070,0.000000,315.376045
34806,6932.386159,0.000000,29.000000,188.523677,0.000000,307.855153
34807,6932.386159,0.000000,29.000000,188.022284,0.000000,300.334262
34808,6932.386159,0.000000,29.000000,187.520891,0.000000,292.813370
34809,6932.386159,0.000000,29.000000,187.019499,0.000000,285.292479
34810,6932.386159,0.000000,29.000000,186.518106,0.000000,277.771588
34811,6932.386159,0.000000,29.000000,186.016713,0.000000,270.250696
34812,6932.386159,0.000000,29.000000,185.515320,0.000000,262.729805
34813,6932.386159,0.000000,29.000000,185.013928,0.000000,255.208914
34814,6932.386159,0.000000,29.000000,184.512535,0.000000,247.688022
34815,6932.386159,0.000000,29.000000,184.011142,0.000000,240.167131
34816,6932.386159,0.000000,29.000000,183.509749,0.000000,232.646240
34817,6932.386159,0.000000,29.000000,183.008357,0.000000,225.125348
34818,6932.386159,0.000000,29.000000,182.506964,0.000000,217.604457
34819,6932.386159,0.000000,29.000000,182.005571,0.000000,210.083565
34820,6932.386159,0.000000,29.000000,181.504178,0.000000,202.562674
34821,6932.386159,0.000000,29.000000,181.002786,0.000000,195.041783
34822,6932.386159,0.000000,29.000000,180.501393,0.000000,187.520891
34823,6932.386159,0.000000,29.000000,180.000000,0.000000,180.000000
34824,6932.386159,0.000000,29.000000,179.498607,0.000000,172.479109
34825,6932.386159,0.000000,29.000000,178.997214,0.000000,164.958217
34826,6932.386159,0.000000,29.000000,178.495822,0.000000,157.437326
34827,6932.386159,0.000000,29.000000,177.994429,0.000000,149.916435
34828,6932.386159,0.000000,29.000000,177.493036,0.000000,142.395543
34829,6932.386159,0.000000,29.000000,176.991643,0.000000,134.874652
34830,6932.386159,0.000000,29.000000,176.490251,0.000000,127.353760
34831,6932.386159,0.000000,29.000000,175.988858,0.000000,119.832869
34832,6932.386159,0.000000,29.000000,175.487465,0.000000,112.311978
34833,6932.386159,0.000000,29.000000,174.986072,0.000000,104.791086
34834,6932.386159,0.000000,29.000000,174.484680,0.000000,97.270195
34835,6932.386159,0.000000,29.000000,173.983287,0.000000,89.749304
34836,6932.386159,0.000000,29.000000,173.481894,0.000000,82.228412
34837,6932.386159,0.000000,29.000000,172.980501,0.000000,74.707521
34838,6932.386159,0.000000,29.000000,172.479109,0.000000,67.186630
34839,6932.386159,0.000000,29.000000,171.977716,0.000000,59.665738
34840,6932.386159,0.000000,29.000000,171.476323,0.000000,52.144847
34841,6932.386159,0.000000,29.000000,170.974930,0.000000,44.623955
34842,6932.386159,0.000000,29.000000,170.473538,0.000000,37.103064
34843,6932.386159,0.000000,29.000000,169.972145,0.000000,29.582173
34844,6932.386159,0.000000,29.000000,169.470752,0.000000,22.061281
34845,6932.386159,0.000000,29.000000,168.969359,0.000000,14.540390
34846,6932.386159,0.000000,29.000000,168.467967,0.000000,7.019499
34847,6932.386159,0.000000,29.000000,167.966574,0.000000,359.498607
34848,6932.386159,0.000000,29.000000,167.465181,0.000000,351.977716
34849,6932.386159,0.000000,29.000000,166.963788,0.000000,344.456825
34850,6932.386159,0.000000,29.000000,166.462396,0.000000,336.935933
34851,6932.386159,0.000000,29.000000,165.961003,0.000000,329.415042
34852,6932.386159,0.000000,29.000000,165.459610,0.000000,321.894150
34853,6932.386159,0.000000,29.000000,164.958217,0.000000,314.373259
34854,6932.386159,0.000000,29.000000,164.456825,0.000000,306.852368
34855,6932.386159,0.000000,29.000000,163.955432,0.000000,299.331476
34856,6932.386159,0.000000,29.000000,163.454039,0.000000,291.810585
34857,6932.386159,0.000000,29.000000,162.952646,0.000000,284.289694
34858,6932.386159,0.000000,29.000000,162.451253,0.000000,276.768802
34859,6932.386159,0.000000,29.000000,161.949861,0.000000,269.247911
34860,6932.386159,0.000000,29.000000,161.448468,0.000000,261.727019
34861,6932.386159,0.000000,29.000000,160.947075,0.000000,254.206128
34862,6932.386159,0.000000,29.000000,160.445682,0.000000,246.685237
34863,6932.386159,0.000000,29.000000,159.944290,0.000000,239.164345
34864,6932.386159,0.000000,29.000000,159.442897,0.000000,231.643454
34865,6932.386159,0.000000,29.000000,158.941504,0.000000,224.122563
34866,6932.386159,0.000000,29.000000,158.440111,0.000000,216.601671
34867,6932.386159,0.000000,29.000000,157.938719,0.000000,209.080780
34868,6932.386159,0.000000,29.000000,157.437326,0.000000,201.559889
34869,6932.386159,0.000000,29.000000,156.935933,0.000000,194.038997
34870,6932.386159,0.000000,29.000000,156.434540,0.000000,186.518106
34871,6932.386159,0.000000,29.000000,155.933148,0.000000,178.997214
34872,6932.386159,0.000000,29.000000,155.431755,0.000000,171.476323
34873,6932.386159,0.000000,29.000000,154.930362,0.000000,163.955432
34874,6932.386159,0.000000,29.000000,154.428969,0.000000,156.434540
34875,6932.386159,0.000000,29.000000,153.927577,0.000000,148.913649
34876,6932.386159,0.000000,29.000000,153.426184,0.000000,141.392758
34877,6932.386159,0.000000,29.000000,152.924791,0.000000,133.871866
34878,6932.386159,0.000000,29.000000,152.423398,0.000000,126.350975
34879,6932.386159,0.000000,29.000000,151.922006,0.000000,118.830084
34880,6932.386159,0.000000,29.000000,151.420613,0.000000,111.309192
34881,6932.386159,0.000000,29.000000,150.919220,0.000000,103.788301
34882,6932.386159,0.000000,29.000000,150.417827,0.000000,96.267409
34883,6932.386159,0.000000,29.000000,149.916435,0.000000,88.746518
34884,6932.386159,0.000000,29.000000,149.415042,0.000000,81.225627
34885,6932.386159,0.000000,29.000000,148.913649,0.000000,73.704735
34886,6932.386159,0.000000,29.000000,148.412256,0.000000,66.183844
34887,6932.386159,0.000000,29.000000,147.910864,0.000000,58.662953
34888,6932.386159,0.000000,29.000000,147.409471,0.000000,51.142061
34889,6932.386159,0.000000,29.000000,146.908078,0.000000,43.621170
34890,6932.386159,0.000000,29.000000,146.406685,0.000000,36.100279
34891,6932.386159,0.000000,29.000000,145.905292,0.000000,28.579387
34892,6932.386159,0.000000,29.000000,145.403900,0.000000,21.058496
34893,6932.386159,0.000000,29.000000,144.902507,0.000000,13.537604
34894,6932.386159,0.000000,29.000000,144.401114,0.000000,6.016713
34895,6932.386159,0.000000,29.000000,143.899721,0.000000,358.495822
34896,6932.386159,0.000000,29.000000,143.398329,0.000000,350.974930
34897,6932.386159,0.000000,29.000000,142.896936,0.000000,343.454039
34898,6932.386159,0.000000,29.000000,142.395543,0.000000,335.933148
34899,6932.386159,0.000000,29.000000,141.894150,0.000000,328.412256
34900,6932.386159,0.000000,29.000000,141.392758,0.000000,320.891365
34901,6932.386159,0.000000,29.000000,140.891365,0.000000,313.370474
34902,6932.386159,0.000000,29.000000,140.389972,0.000000,305.849582
34903,6932.386159,0.000000,29.000000,139.888579,0.000000,298.328691
34904,6932.386159,0.000000,29.000000,139.387187,0.000000,290.807799
34905,6932.386159,0.000000,29.000000,138.885794,0.000000,283.286908
34906,6932.386159,0.000000,29.000000,138.384401,0.000000,275.766017
34907,6932.386159,0.000000,29.000000,137.883008,0.000000,268.245125
34908,6932.386159,0.000000,29.000000,137.381616,0.000000,260.724234
34909,6932.386159,0.000000,29.000000,136.880223,0.000000,253.203343
34910,6932.386159,0.000000,29.000000,136.378830,0.000000,245.682451
34911,6932.386159,0.000000,29.000000,135.877437,0.000000,238.161560
34912,6932.386159,0.000000,29.000000,135.376045,0.000000,230.640669
34913,6932.386159,0.000000,29.000000,134.874652,0.000000,223.119777
34914,6932.386159,0.000000,29.000000,134.373259,0.000000,215.598886
34915,6932.386159,0.000000,29.000000,133.871866,0.000000,208.077994
34916,6932.386159,0.000000,29.000000,133.370474,0.000000,200.557103
34917,6932.386159,0.000000,29.000000,132.869081,0.000000,193.036212
34918,6932.386159,0.000000,29.000000,132.367688,0.000000,185.515320
34919,6932.386159,0.000000,29.000000,131.866295,0.000000,177.994429
34920,6932.386159,0.000000,29.000000,131.364903,0.000000,170.473538
34921,6932.386159,0.000000,29.000000,130.863510,0.000000,162.952646
34922,6932.386159,0.000000,29.000000,130.362117,0.000000,155.431755
34923,6932.386159,0.000000,29.000000,129.860724,0.000000,147.910864
34924,6932.386159,0.000000,29.000000,129.359331,0.000000,140.389972
34925,6932.386159,0.000000,29.000000,128.857939,0.000000,132.869081
34926,6932.386159,0.000000,29.000000,128.356546,0.000000,125.348189
34927,6932.386159,0.000000,29.000000,127.855153,0.000000,117.827298
34928,6932.386159,0.000000,29.000000,127.353760,0.000000,110.306407
34929,6932.386159,0.000000,29.000000,126.852368,0.000000,102.785515
34930,6932.386159,0.000000,29.000000,126.350975,0.000000,95.264624
34931,6932.386159,0.000000,29.000000,125.849582,0.000000,87.743733
34932,6932.386159,0.000000,29.000000,125.348189,0.000000,80.222841
34933,6932.386159,0.000000,29.000000,124.846797,0.000000,72.701950
34934,6932.386159,0.000000,29.000000,124.345404,0.000000,65.181058
34935,6932.386159,0.000000,29.000000,123.844011,0.000000,57.660167
34936,6932.386159,0.000000,29.000000,123.342618,0.000000,50.139276
34937,6932.386159,0.000000,29.000000,122.841226,0.000000,42.618384
34938,6932.386159,0.000000,29.000000,122.339833,0.000000,35.097493
34939,6932.386159,0.000000,29.000000,121.838440,0.000000,27.576602
34940,6932.386159,0.000000,29.000000,121.337047,0.000000,20.055710
34941,6932.386159,0.000000,29.000000,120.835655,0.000000,12.534819
34942,6932.386159,0.000000,29.000000,120.334262,0.000000,5.013928
34943,6932.386159,0.000000,29.000000,119.832869,0.000000,357.493036
34944,6932.386159,0.000000,29.000000,119.331476,0.000000,349.972145
34945,6932.386159,0.000000,29.000000,118.830084,0.000000,342.451253
34946,6932.386159,0.000000,29.000000,118.328691,0.000000,334.930362
34947,6932.386159,0.000000,29.000000,117.827298,0.000000,327.409471
34948,6932.386159,0.000000,29.000000,117.325905,0.000000,319.888579
34949,6932.386159,0.000000,29.000000,116.824513,0.000000,312.367688
34950,6932.386159,0.000000,29.000000,116.323120,0.000000,304.846797
34951,6932.386159,0.000000,29.000000,115.821727,0.000000,297.325905
34952,6932.386159,0.000000,29.000000,115.320334,0.000000,289.805014
34953,6932.386159,0.000000,29.000000,114.818942,0.000000,282.284123
34954,6932.386159,0.000000,29.000000,114.317549,0.000000,274.763231
34955,6932.386159,0.000000,29.000000,113.816156,0.000000,267.242340
34956,6932.386159,0.000000,29.000000,113.314763,0.000000,259.721448
34957,6932.386159,0.000000,29.000000,112.813370,0.000000,252.200557
34958,6932.386159,0.000000,29.000000,112.311978,0.000000,244.679666
34959,6932.386159,0.000000,29.000000,111.810585,0.000000,237.158774
34960,6932.386159,0.000000,29.000000,111.309192,0.000000,229.637883
34961,6932.386159,0.000000,29.000000,110.807799,0.000000,222.116992
34962,6932.386159,0.000000,29.000000,110.306407,0.000000,214.596100
34963,6932.386159,0.000000,29.000000,109.805014,0.000000,207.075209
34964,6932.386159,0.000000,29.000000,109.303621,0.000000,199.554318
34965,6932.386159,0.000000,29.000000,108.802228,0.000000,192.033426
34966,6932.386159,0.000000,29.000000,108.300836,0.000000,184.512535
34967,6932.386159,0.000000,29.000000,107.799443,0.000000,176.991643
34968,6932.386159,0.000000,29.000000,107.298050,0.000000,169.470752
34969,6932.386159,0.000000,29.000000,106.796657,0.000000,161.949861
34970,6932.386159,0.000000,29.000000,106.295265,0.000000,154.428969
34971,6932.386159,0.000000,29.000000,105.793872,0.000000,146.908078
34972,6932.386159,0.000000,29.000000,105.292479,0.000000,139.387187
34973,6932.386159,0.000000,29.000000,104.791086,0.000000,131.866295
34974,6932.386159,0.000000,29.000000,104.289694,0.000000,124.345404
34975,6932.386159,0.000000,29.000000,103.788301,0.000000,116.824513
34976,6932.386159,0.000000,29.000000,103.286908,0.000000,109.303621
34977,6932.386159,0.000000,29.000000,102.785515,0.000000,101.782730
34978,6932.386159,0.000000,29.000000,102.284123,0.000000,94.261838
34979,6932.386159,0.000000,29.000000,101.782730,0.000000,86.740947
34980,6932.386159,0.000000,29.000000,101.281337,0.000000,79.220056
34981,6932.386159,0.000000,29.000000,100.779944,0.000000,71.699164
34982,6932.386159,0.000000,29.000000,100.278552,0.000000,64.178273
34983,6932.386159,0.000000,29.000000,99.777159,0.000000,56.657382
34984,6932.386159,0.000000,29.000000,99.275766,0.000000,49.136490
34985,6932.386159,0.000000,29.000000,98.774373,0.000000,41.615599
34986,6932.386159,0.000000,29.000000,98.272981,0.000000,34.094708
34987,6932.386159,0.000000,29.000000,97.771588,0.000000,26.573816
34988,6932.386159,0.000000,29.000000,97.270195,0.000000,19.052925
34989,6932.386159,0.000000,29.000000,96.768802,0.000000,11.532033
34990,6932.386159,0.000000,29.000000,96.267409,0.000000,4.011142
34991,6932.386159,0.000000,29.000000,95.766017,0.000000,356.490251
34992,6932.386159,0.000000,29.000000,95.264624,0.000000,348.969359
34993,6932.386159,0.000000,29.000000,94.763231,0.000000,341.448468
34994,6932.386159,0.000000,29.000000,94.261838,0.000000,333.927577
34995,6932.386159,0.000000,29.000000,93.760446,0.000000,326.406685
34996,6932.386159,0.000000,29.000000,93.259053,0.000000,318.885794
34997,6932.386159,0.000000,29.000000,92.757660,0.000000,311.364903
34998,6932.386159,0.000000,29.000000,92.256267,0.000000,303.844011
34999,6932.386159,0.000000,29.000000,91.754875,0.000000,296.323120
35000,6932.386159,0.000000,29.000000,91.253482,0.000000,288.802228
35001,6932.386159,0.000000,29.000000,90.752089,0.000000,281.281337
35002,6932.386159,0.000000,29.000000,90.250696,0.000000,273.760446
35003,6932.386159,0.000000,29.000000,89.749304,0.000000,266.239554
35004,6932.386159,0.000000,29.000000,89.247911,0.000000,258.718663
35005,6932.386159,0.000000,29.000000,88.746518,0.000000,251.197772
35006,6932.386159,0.000000,29.000000,88.245125,0.000000,243.676880
35007,6932.386159,0.000000,29.000000,87.743733,0.000000,236.155989
35008,6932.386159,0.000000,29.000000,87.242340,0.000000,228.635097
35009,6932.386159,0.000000,29.000000,86.740947,0.000000,221.114206
35010,6932.386159,0.000000,29.000000,86.239554,0.000000,213.593315
35011,6932.386159,0.000000,29.000000,85.738162,0.000000,206.072423
35012,6932.386159,0.000000,29.000000,85.236769,0.000000,198.551532
35013,6932.386159,0.000000,29.000000,84.735376,0.000000,191.030641
35014,6932.386159,0.000000,29.000000,84.233983,0.000000,183.509749
35015,6932.386159,0.000000,29.000000,83.732591,0.000000,175.988858
35016,6932.386159,0.000000,29.000000,83.231198,0.000000,168.467967
35017,6932.386159,0.000000,29.000000,82.729805,0.000000,160.947075
35018,6932.386159,0.000000,29.000000,82.228412,0.000000,153.426184
35019,6932.386159,0.000000,29.000000,81.727019,0.000000,145.905292
35020,6932.386159,0.000000,29.000000,81.225627,0.000000,138.384401
35021,6932.386159,0.000000,29.000000,80.724234,0.000000,130.863510
35022,6932.386159,0.000000,29.000000,80.222841,0.000000,123.342618
35023,6932.386159,0.000000,29.000000,79.721448,0.000000,115.821727
35024,6932.386159,0.000000,29.000000,79.220056,0.000000,108.300836
35025,6932.386159,0.000000,29.000000,78.718663,0.000000,100.779944
35026,6932.386159,0.000000,29.000000,78.217270,0.000000,93.259053
35027,6932.386159,0.000000,29.000000,77.715877,0.000000,85.738162
35028,6932.386159,0.000000,29.000000,77.214485,0.000000,78.217270
35029,6932.386159,0.000000,29.000000,76.713092,0.000000,70.696379
35030,6932.386159,0.000000,29.000000,76.211699,0.000000,63.175487
35031,6932.386159,0.000000,29.000000,75.710306,0.000000,55.654596
35032,6932.386159,0.000000,29.000000,75.208914,0.000000,48.133705
35033,6932.386159,0.000000,29.000000,74.707521,0.000000,40.612813
35034,6932.386159,0.000000,29.000000,74.206128,0.000000,33.091922
35035,6932.386159,0.000000,29.000000,73.704735,0.000000,25.571031
35036,6932.386159,0.000000,29.000000,73.203343,0.000000,18.050139
35037,6932.386159,0.000000,29.000000,72.701950,0.000000,10.529248
35038,6932.386159,0.000000,29.000000,72.200557,0.000000,3.008357
35039,6932.386159,0.000000,29.000000,71.699164,0.000000,355.487465
35040,6932.386159,0.000000,29.000000,71.197772,0.000000,347.966574
35041,6932.386159,0.000000,29.000000,70.696379,0.000000,340.445682
35042,6932.386159,0.000000,29.000000,70.194986,0.000000,332.924791
35043,6932.386159,0.000000,29.000000,69.693593,0.000000,325.403900
35044,6932.386159,0.000000,29.000000,69.192201,0.000000,317.883008
35045,6932.386159,0.000000,29.000000,68.690808,0.000000,310.362117
35046,6932.386159,0.000000,29.000000,68.189415,0.000000,302.841226
35047,6932.386159,0.000000,29.000000,67.688022,0.000000,295.320334
35048,6932.386159,0.000000,29.000000,67.186630,0.000000,287.799443
35049,6932.386159,0.000000,29.000000,66.685237,0.000000,280.278552
35050,6932.386159,0.000000,29.000000,66.183844,0.000000,272.757660
35051,6932.386159,0.000000,29.000000,65.682451,0.000000,265.236769
35052,6932.386159,0.000000,29.000000,65.181058,0.000000,257.715877
35053,6932.386159,0.000000,29.000000,64.679666,0.000000,250.194986
35054,6932.386159,0.000000,29.000000,64.178273,0.000000,242.674095
35055,6932.386159,0.000000,29.000000,63.676880,0.000000,235.153203
35056,6932.386159,0.000000,29.000000,63.175487,0.000000,227.632312
35057,6932.386159,0.000000,29.000000,62.674095,0.000000,220.111421
35058,6932.386159,0.000000,29.000000,62.172702,0.000000,212.590529
35059,6932.386159,0.000000,29.000000,61.671309,0.000000,205.069638
35060,6932.386159,0.000000,29.000000,61.169916,0.000000,197.548747
35061,6932.386159,0.000000,29.000000,60.668524,0.000000,190.027855
35062,6932.386159,0.000000,29.000000,60.167131,0.000000,182.506964
35063,6932.386159,0.000000,29.000000,59.665738,0.000000,174.986072
35064,6932.386159,0.000000,29.000000,59.164345,0.000000,167.465181
35065,6932.386159,0.000000,29.000000,58.662953,0.000000,159.944290
35066,6932.386159,0.000000,29.000000,58.161560,0.000000,152.423398
35067,6932.386159,0.000000,29.000000,57.660167,0.000000,144.902507
35068,6932.386159,0.000000,29.000000,57.158774,0.000000,137.381616
35069,6932.386159,0.000000,29.000000,56.657382,0.000000,129.860724
35070,6932.386159,0.000000,29.000000,56.155989,0.000000,122.339833
35071,6932.386159,0.000000,29.000000,55.654596,0.000000,114.818942
35072,6932.386159,0.000000,29.000000,55.153203,0.000000,107.298050
35073,6932.386159,0.000000,29.000000,54.651811,0.000000,99.777159
35074,6932.386159,0.000000,29.000000,54.150418,0.000000,92.256267
35075,6932.386159,0.000000,29.000000,53.649025,0.000000,84.735376
35076,6932.386159,0.000000,29.000000,53.147632,0.000000,77.214485
35077,6932.386159,0.000000,29.000000,52.646240,0.000000,69.693593
35078,6932.386159,0.000000,29.000000,52.144847,0.000000,62.172702
35079,6932.386159,0.000000,29.000000,51.643454,0.000000,54.651811
35080,6932.386159,0.000000,29.000000,51.142061,0.000000,47.130919
35081,6932.386159,0.000000,29.000000,50.640669,0.000000,39.610028
35082,6932.386159,0.000000,29.000000,50.139276,0.000000,32.089136
35083,6932.386159,0.000000,29.000000,49.637883,0.000000,24.568245
35084,6932.386159,0.000000,29.000000,49.136490,0.000000,17.047354
35085,6932.386159,0.000000,29.000000,48.635097,0.000000,9.526462
35086,6932.386159,0.000000,29.000000,48.133705,0.000000,2.005571
35087,6932.386159,0.000000,29.000000,47.632312,0.000000,354.484680
35088,6932.386159,0.000000,29.000000,47.130919,0.000000,346.963788
35089,6932.386159,0.000000,29.000000,46.629526,0.000000,339.442897
35090,6932.386159,0.000000,29.000000,46.128134,0.000000,331.922006
35091,6932.386159,0.000000,29.000000,45.626741,0.000000,324.401114
35092,6932.386159,0.000000,29.000000,45.125348,0.000000,316.880223
35093,6932.386159,0.000000,29.000000,44.623955,0.000000,309.359331
35094,6932.386159,0.000000,29.000000,44.122563,0.000000,301.838440
35095,6932.386159,0.000000,29.000000,43.621170,0.000000,294.317549
35096,6932.386159,0.000000,29.000000,43.119777,0.000000,286.796657
35097,6932.386159,0.000000,29.000000,42.618384,0.000000,279.275766
35098,6932.386159,0.000000,29.000000,42.116992,0.000000,271.754875
35099,6932.386159,0.000000,29.000000,41.615599,0.000000,264.233983
35100,6932.386159,0.000000,29.000000,41.114206,0.000000,256.713092
35101,6932.386159,0.000000,29.000000,40.612813,0.000000,249.192201
35102,6932.386159,0.000000,29.000000,40.111421,0.000000,241.671309
35103,6932.386159,0.000000,29.000000,39.610028,0.000000,234.150418
35104,6932.386159,0.000000,29.000000,39.108635,0.000000,226.629526
35105,6932.386159,0.000000,29.000000,38.607242,0.000000,219.108635
35106,6932.386159,0.000000,29.000000,38.105850,0.000000,211.587744
35107,6932.386159,0.000000,29.000000,37.604457,0.000000,204.066852
35108,6932.386159,0.000000,29.000000,37.103064,0.000000,196.545961
35109,6932.386159,0.000000,29.000000,36.601671,0.000000,189.025070
35110,6932.386159,0.000000,29.000000,36.100279,0.000000,181.504178
35111,6932.386159,0.000000,29.000000,35.598886,0.000000,173.983287
35112,6932.386159,0.000000,29.000000,35.097493,0.000000,166.462396
35113,6932.386159,0.000000,29.000000,34.596100,0.000000,158.941504
35114,6932.386159,0.000000,29.000000,34.094708,0.000000,151.420613
35115,6932.386159,0.000000,29.000000,33.593315,0.000000,143.899721
35116,6932.386159,0.000000,29.000000,33.091922,0.000000,136.378830
35117,6932.386159,0.000000,29.000000,32.590529,0.000000,128.857939
35118,6932.386159,0.000000,29.000000,32.089136,0.000000,121.337047
35119,6932.386159,0.000000,29.000000,31.587744,0.000000,113.816156
35120,6932.386159,0.000000,29.000000,31.086351,0.000000,106.295265
35121,6932.386159,0.000000,29.000000,30.584958,0.000000,98.774373
35122,6932.386159,0.000000,29.000000,30.083565,0.000000,91.253482
35123,6932.386159,0.000000,29.000000,29.582173,0.000000,83.732591
35124,6932.386159,0.000000,29.000000,29.080780,0.000000,76.211699
35125,6932.386159,0.000000,29.000000,28.579387,0.000000,68.690808
35126,6932.386159,0.000000,29.000000,28.077994,0.000000,61.169916
35127,6932.386159,0.000000,29.000000,27.576602,0.000000,53.649025
35128,6932.386159,0.000000,29.000000,27.075209,0.000000,46.128134
35129,6932.386159,0.000000,29.000000,26.573816,0.000000,38.607242
35130,6932.386159,0.000000,29.000000,26.072423,0.000000,31.086351
35131,6932.386159,0.000000,29.000000,25.571031,0.000000,23.565460
35132,6932.386159,0.000000,29.000000,25.069638,0.000000,16.044568
35133,6932.386159,0.000000,29.000000,24.568245,0.000000,8.523677
35134,6932.386159,0.000000,29.000000,24.066852,0.000000,1.002786
35135,6932.386159,0.000000,29.000000,23.565460,0.000000,353.481894
35136,6932.386159,0.000000,29.000000,23.064067,0.000000,345.961003
35137,6932.386159,0.000000,29.000000,22.562674,0.000000,338.440111
35138,6932.386159,0.000000,29.000000,22.061281,0.000000,330.919220
35139,6932.386159,0.000000,29.000000,21.559889,0.000000,323.398329
35140,6932.386159,0.000000,29.000000,21.058496,0.000000,315.877437
35141,6932.386159,0.000000,29.000000,20.557103,0.000000,308.356546
35142,6932.386159,0.000000,29.000000,20.055710,0.000000,300.835655
35143,6932.386159,0.000000,29.000000,19.554318,0.000000,293.314763
35144,6932.386159,0.000000,29.000000,19.052925,0.000000,285.793872
35145,6932.386159,0.000000,29.000000,18.551532,0.000000,278.272981
35146,6932.386159,0.000000,29.000000,18.050139,0.000000,270.752089
35147,6932.386159,0.000000,29.000000,17.548747,0.000000,263.231198
35148,6932.386159,0.000000,29.000000,17.047354,0.000000,255.710306
35149,6932.386159,0.000000,29.000000,16.545961,0.000000,248.189415
35150,6932.386159,0.000000,29.000000,16.044568,0.000000,240.668524
35151,6932.386159,0.000000,29.000000,15.543175,0.000000,233.147632
35152,6932.386159,0.000000,29.000000,15.041783,0.000000,225.626741
35153,6932.386159,0.000000,29.000000,14.540390,0.000000,218.105850
35154,6932.386159,0.000000,29.000000,14.038997,0.000000,210.584958
35155,6932.386159,0.000000,29.000000,13.537604,0.000000,203.064067
35156,6932.386159,0.000000,29.000000,13.036212,0.000000,195.543175
35157,6932.386159,0.000000,29.000000,12.534819,0.000000,188.022284
35158,6932.386159,0.000000,29.000000,12.033426,0.000000,180.501393
35159,6932.386159,0.000000,29.000000,11.532033,0.000000,172.980501
35160,6932.386159,0.000000,29.000000,11.030641,0.000000,165.459610
35161,6932.386159,0.000000,29.000000,10.529248,0.000000,157.938719
35162,6932.386159,0.000000,29.000000,10.027855,0.000000,150.417827
35163,6932.386159,0.000000,29.000000,9.526462,0.000000,142.896936
35164,6932.386159,0.000000,29.000000,9.025070,0.000000,135.376045
35165,6932.386159,0.000000,29.000000,8.523677,0.000000,127.855153
35166,6932.386159,0.000000,29.000000,8.022284,0.000000,120.334262
35167,6932.386159,0.000000,29.000000,7.520891,0.000000,112.813370
35168,6932.386159,0.000000,29.000000,7.019499,0.000000,105.292479
35169,6932.386159,0.000000,29.000000,6.518106,0.000000,97.771588
35170,6932.386159,0.000000,29.000000,6.016713,0.000000,90.250696
35171,6932.386159,0.000000,29.000000,5.515320,0.000000,82.729805
35172,6932.386159,0.000000,29.000000,5.013928,0.000000,75.208914
35173,6932.386159,0.000000,29.000000,4.512535,0.000000,67.688022
35174,6932.386159,0.000000,29.000000,4.011142,0.000000,60.167131
35175,6932.386159,0.000000,29.000000,3.509749,0.000000,52.646240
35176,6932.386159,0.000000,29.000000,3.008357,0.000000,45.125348
35177,6932.386159,0.000000,29.000000,2.506964,0.000000,37.604457
35178,6932.386159,0.000000,29.000000,2.005571,0.000000,30.083565
35179,6932.386159,0.000000,29.000000,1.504178,0.000000,22.562674
35180,6932.386159,0.000000,29.000000,1.002786,0.000000,15.041783
35181,6932.386159,0.000000,29.000000,0.501393,0.000000,7.520891
