
Gurobi 13.0.2 (linux64) logging started Wed Jul 22 12:47:31 2026

Set parameter LogFile to value "/tmp/sweep_20260721_030322_iran_alt400km_s50_i6_v10_gurobi.log"
Set parameter Method to value 1
Set parameter NodefileStart to value 4
Set parameter RINS to value 50
Gurobi Optimizer version 13.0.2 build v13.0.2rc1 (linux64 - "Debian GNU/Linux 13 (trixie)")

CPU model: Intel(R) Xeon(R) Platinum 8375C CPU @ 2.90GHz, instruction set [SSE2|AVX|AVX2|AVX512]
Thread count: 16 physical cores, 32 logical processors, using up to 32 threads

Non-default parameters:
TimeLimit  14400
MIPGap  0.001
Method  1
LPWarmStart  1
Heuristics  0.2
MIPFocus  1
NodefileStart  4
RINS  50
Symmetry  2
Cuts  2
CoverCuts  2
LogToConsole  0

Academic license 2812613 - for non-commercial use only - registered to no___@gatech.edu
Optimize a model with 63184 rows, 43080 columns and 32558428 nonzeros (Min)
Model fingerprint: 0xceb209ac
Model has 43080 linear objective coefficients
Variable types: 0 continuous, 43080 integer (43080 binary)
Coefficient statistics:
  Matrix range     [1e+00, 1e+00]
  Objective range  [1e+00, 1e+00]
  Bounds range     [1e+00, 1e+00]
  RHS range        [9e+00, 9e+00]

Found heuristic solution: objective 1661.0000000
Presolve removed 0 rows and 0 columns (presolve time = 6s)...
Presolve removed 0 rows and 0 columns (presolve time = 12s)...
Presolve removed 0 rows and 0 columns (presolve time = 15s)...
Presolve removed 0 rows and 0 columns (presolve time = 21s)...
Presolve removed 0 rows and 0 columns (presolve time = 25s)...
Presolve removed 0 rows and 0 columns (presolve time = 31s)...
Presolve removed 0 rows and 0 columns (presolve time = 36s)...
Presolve removed 0 rows and 0 columns (presolve time = 40s)...
Presolve removed 0 rows and 0 columns (presolve time = 47s)...
Presolve removed 0 rows and 0 columns (presolve time = 54s)...
Presolve removed 0 rows and 0 columns (presolve time = 55s)...
Presolve removed 0 rows and 0 columns (presolve time = 60s)...
Presolve removed 0 rows and 0 columns (presolve time = 65s)...
Presolve removed 0 rows and 0 columns (presolve time = 70s)...
Presolve removed 0 rows and 0 columns (presolve time = 75s)...
Presolve removed 0 rows and 0 columns (presolve time = 80s)...
Presolve removed 0 rows and 0 columns (presolve time = 85s)...
Presolve removed 0 rows and 0 columns (presolve time = 90s)...
Presolve removed 0 rows and 0 columns (presolve time = 95s)...
Presolve removed 0 rows and 0 columns (presolve time = 100s)...
Presolve removed 0 rows and 0 columns (presolve time = 105s)...
Presolve removed 0 rows and 0 columns (presolve time = 110s)...
Presolve removed 0 rows and 0 columns (presolve time = 115s)...
Presolve removed 0 rows and 0 columns (presolve time = 120s)...
Presolve removed 0 rows and 0 columns (presolve time = 125s)...
Presolve removed 0 rows and 0 columns (presolve time = 130s)...
Presolve removed 0 rows and 0 columns (presolve time = 135s)...
Presolve removed 0 rows and 0 columns (presolve time = 140s)...
Presolve removed 0 rows and 0 columns (presolve time = 145s)...
Presolve removed 0 rows and 0 columns (presolve time = 150s)...
Presolve removed 0 rows and 0 columns (presolve time = 155s)...
Presolve removed 0 rows and 0 columns (presolve time = 160s)...
Presolve removed 0 rows and 0 columns (presolve time = 165s)...
Presolve removed 0 rows and 0 columns (presolve time = 170s)...
Presolve removed 0 rows and 0 columns (presolve time = 175s)...
Presolve removed 0 rows and 0 columns (presolve time = 180s)...
Presolve removed 0 rows and 0 columns (presolve time = 185s)...
Presolve removed 0 rows and 0 columns (presolve time = 190s)...
Presolve removed 0 rows and 0 columns (presolve time = 195s)...
Presolve removed 0 rows and 0 columns (presolve time = 200s)...
Presolve removed 0 rows and 0 columns (presolve time = 205s)...
Presolve removed 0 rows and 0 columns (presolve time = 210s)...
Presolve removed 0 rows and 0 columns (presolve time = 215s)...
Presolve removed 0 rows and 0 columns (presolve time = 220s)...
Presolve removed 0 rows and 0 columns (presolve time = 225s)...
Presolve removed 0 rows and 0 columns (presolve time = 230s)...
Presolve removed 0 rows and 0 columns (presolve time = 235s)...
Presolve removed 0 rows and 0 columns (presolve time = 240s)...
Presolve removed 0 rows and 0 columns (presolve time = 245s)...
Presolve removed 0 rows and 0 columns (presolve time = 250s)...
Presolve removed 0 rows and 0 columns (presolve time = 255s)...
Presolve removed 0 rows and 0 columns (presolve time = 260s)...
Presolve removed 0 rows and 0 columns (presolve time = 265s)...
Presolve removed 0 rows and 0 columns (presolve time = 270s)...
Presolve removed 0 rows and 0 columns (presolve time = 275s)...
Presolve removed 0 rows and 0 columns (presolve time = 280s)...
Presolve removed 0 rows and 0 columns (presolve time = 285s)...
Presolve removed 0 rows and 0 columns (presolve time = 290s)...
Presolve removed 0 rows and 0 columns (presolve time = 296s)...
Presolve time: 295.61s
Presolved: 63184 rows, 43080 columns, 32558428 nonzeros
Variable types: 0 continuous, 43080 integer (43080 binary)

Root simplex log...

Iteration    Objective       Primal Inf.    Dual Inf.      Time
       0    0.0000000e+00   5.686560e+05   0.000000e+00    300s
Warning: Markowitz tolerance tightened to 0.03125
    1837    4.5209416e+02   4.385930e+07   0.000000e+00    305s
    2707    4.7738859e+02   1.959596e+06   0.000000e+00    311s
    3500    4.9498885e+02   2.506555e+07   0.000000e+00    316s
    4152    5.0641452e+02   1.287150e+07   0.000000e+00    322s
    4720    5.1316521e+02   1.435034e+06   0.000000e+00    328s
    5044    5.1749467e+02   2.077243e+06   0.000000e+00    331s
    5564    5.2369837e+02   3.857169e+05   0.000000e+00    337s
    5994    5.2847642e+02   4.127061e+06   0.000000e+00    341s
    6384    5.3206306e+02   6.894736e+06   0.000000e+00    346s
    6754    5.3485562e+02   3.592478e+07   0.000000e+00    351s
    7114    5.3718966e+02   2.000660e+06   0.000000e+00    355s
    7634    5.4120149e+02   4.030156e+06   0.000000e+00    362s
    7954    5.4354703e+02   4.471710e+07   0.000000e+00    366s
    8264    5.4554795e+02   2.532432e+06   0.000000e+00    371s
    8574    5.4766236e+02   3.492248e+06   0.000000e+00    375s
    9024    5.5049975e+02   1.409195e+07   0.000000e+00    382s
    9324    5.5244807e+02   4.975600e+06   0.000000e+00    387s
    9604    5.5424674e+02   3.450812e+05   0.000000e+00    392s
    9884    5.5590290e+02   2.437049e+06   0.000000e+00    396s
   10164    5.5732044e+02   1.898912e+07   0.000000e+00    401s
   10444    5.5886300e+02   1.406977e+06   0.000000e+00    406s
   10714    5.6009955e+02   7.310034e+06   0.000000e+00    410s
   10984    5.6150803e+02   2.255735e+06   0.000000e+00    415s
   11374    5.6334679e+02   1.655028e+07   0.000000e+00    422s
   11634    5.6429872e+02   1.743755e+06   0.000000e+00    427s
   11894    5.6538252e+02   1.880107e+06   0.000000e+00    432s
   12154    5.6642314e+02   7.397787e+06   0.000000e+00    437s
   12404    5.6713886e+02   5.328906e+07   0.000000e+00    442s
   12644    5.6810834e+02   5.223412e+06   0.000000e+00    447s
   12884    5.6899558e+02   9.415433e+05   0.000000e+00    451s
   13124    5.6992999e+02   1.368578e+07   0.000000e+00    456s
   13384    5.7091800e+02   3.605765e+06   0.000000e+00    462s
   13654    5.7170094e+02   6.003880e+06   0.000000e+00    467s
   13804    5.7233705e+02   1.978431e+06   0.000000e+00    470s
   14104    5.7341050e+02   6.399368e+05   0.000000e+00    477s
   14254    5.7386228e+02   3.501944e+06   0.000000e+00    480s
   14554    5.7497258e+02   2.560594e+06   0.000000e+00    487s
   14714    5.7556695e+02   3.087478e+06   0.000000e+00    490s
   15014    5.7659050e+02   4.281267e+05   0.000000e+00    497s
   15164    5.7699869e+02   1.696270e+07   0.000000e+00    500s
   15464    5.7774939e+02   1.728636e+07   0.000000e+00    507s
   15614    5.7822269e+02   5.337464e+06   0.000000e+00    510s
   15904    5.7917583e+02   8.457919e+06   0.000000e+00    517s
   16054    5.7954555e+02   1.766290e+07   0.000000e+00    521s
   16344    5.8030428e+02   3.363633e+05   0.000000e+00    527s
   16484    5.8065547e+02   1.376982e+06   0.000000e+00    531s
   16764    5.8154299e+02   1.180784e+06   0.000000e+00    537s
   16904    5.8194081e+02   3.440857e+06   0.000000e+00    541s
   17184    5.8273464e+02   5.906518e+05   0.000000e+00    548s
   17324    5.8310973e+02   1.861169e+06   0.000000e+00    551s
   17604    5.8375731e+02   2.138908e+06   0.000000e+00    558s
   17744    5.8416447e+02   9.330543e+06   0.000000e+00    562s
   17884    5.8450505e+02   3.514309e+06   0.000000e+00    565s
   18164    5.8521396e+02   5.436519e+06   0.000000e+00    572s
   18304    5.8564203e+02   3.783903e+05   0.000000e+00    576s
   18564    5.8624616e+02   1.681209e+06   0.000000e+00    583s
   18694    5.8653371e+02   4.289864e+06   0.000000e+00    586s
   18954    5.8713270e+02   7.130902e+05   0.000000e+00    593s
   19084    5.8741260e+02   6.691236e+05   0.000000e+00    597s
   19214    5.8775797e+02   4.881203e+05   0.000000e+00    600s
Warning: Markowitz tolerance tightened to 0.125
   19474    5.8829181e+02   1.668699e+08   0.000000e+00    607s
   19604    5.8850411e+02   2.735313e+06   0.000000e+00    611s
   19864    5.8909494e+02   4.099509e+06   0.000000e+00    618s
   19994    5.8938808e+02   8.539835e+05   0.000000e+00    622s
   20124    5.8967244e+02   9.068360e+06   0.000000e+00    626s
   20384    5.9023652e+02   3.110315e+06   0.000000e+00    633s
   20514    5.9051282e+02   5.918479e+05   0.000000e+00    637s
   20644    5.9080082e+02   1.551777e+06   0.000000e+00    640s
   20914    5.9135168e+02   1.926674e+06   0.000000e+00    648s
   21044    5.9166927e+02   9.861320e+06   0.000000e+00    652s
   21174    5.9192828e+02   1.378752e+06   0.000000e+00    656s
   21444    5.9247769e+02   2.573688e+06   0.000000e+00    664s
   21584    5.9272261e+02   6.122580e+05   0.000000e+00    668s
   21724    5.9301677e+02   1.791853e+05   0.000000e+00    672s
   21874    5.9339721e+02   4.088560e+06   0.000000e+00    677s
   22004    5.9367382e+02   3.193922e+06   0.000000e+00    681s
   22264    5.9424742e+02   5.081473e+05   0.000000e+00    689s
   22394    5.9449328e+02   5.964752e+06   0.000000e+00    693s
   22534    5.9473203e+02   4.654282e+06   0.000000e+00    697s
   22674    5.9494490e+02   9.021756e+06   0.000000e+00    701s
   22814    5.9516848e+02   2.885012e+07   0.000000e+00    706s
   23094    5.9561596e+02   1.649302e+07   0.000000e+00    714s
   23234    5.9584385e+02   1.028075e+06   0.000000e+00    719s
   23374    5.9608556e+02   3.800646e+05   0.000000e+00    723s
   23504    5.9630347e+02   1.636504e+06   0.000000e+00    728s
   23634    5.9658404e+02   5.161578e+05   0.000000e+00    732s
   23774    5.9686718e+02   2.289139e+06   0.000000e+00    736s
   23914    5.9706349e+02   8.204501e+06   0.000000e+00    741s
   24054    5.9730225e+02   2.642677e+07   0.000000e+00    745s
   24334    5.9776865e+02   2.258518e+06   0.000000e+00    754s
   24474    5.9800760e+02   2.100146e+06   0.000000e+00    759s
   24614    5.9826183e+02   2.912080e+06   0.000000e+00    763s
   24754    5.9849227e+02   1.325529e+07   0.000000e+00    768s
   24894    5.9864832e+02   1.036214e+06   0.000000e+00    772s
   25034    5.9887672e+02   1.042818e+06   0.000000e+00    777s
   25174    5.9913063e+02   2.928158e+06   0.000000e+00    782s
   25314    5.9931828e+02   5.538725e+06   0.000000e+00    786s
   25454    5.9951558e+02   7.070138e+06   0.000000e+00    791s
   25594    5.9966548e+02   3.572122e+06   0.000000e+00    796s
   25734    5.9990640e+02   1.927097e+06   0.000000e+00    800s
   26014    6.0035780e+02   5.515158e+06   0.000000e+00    810s
   26154    6.0058528e+02   3.531985e+05   0.000000e+00    814s
   26294    6.0081310e+02   7.425662e+06   0.000000e+00    819s
   26434    6.0101636e+02   4.592450e+05   0.000000e+00    823s
   26584    6.0126925e+02   1.803117e+06   0.000000e+00    828s
   26724    6.0148402e+02   2.551594e+06   0.000000e+00    833s
   26864    6.0166308e+02   3.185746e+06   0.000000e+00    837s
   27004    6.0188231e+02   2.103775e+06   0.000000e+00    842s
   27144    6.0209989e+02   1.292780e+06   0.000000e+00    847s
   27284    6.0229805e+02   3.397278e+05   0.000000e+00    852s
   27414    6.0249325e+02   1.417854e+07   0.000000e+00    856s
   27554    6.0269585e+02   9.423316e+05   0.000000e+00    861s
   27694    6.0288810e+02   1.743563e+07   0.000000e+00    866s
   27824    6.0302914e+02   1.908071e+07   0.000000e+00    871s
   27954    6.0318018e+02   8.447726e+05   0.000000e+00    875s
   28224    6.0353150e+02   7.213098e+05   0.000000e+00    885s
   28364    6.0373599e+02   3.733890e+05   0.000000e+00    890s
   28504    6.0396630e+02   1.119088e+06   0.000000e+00    895s
   28644    6.0419391e+02   2.773016e+06   0.000000e+00    900s
   28784    6.0439223e+02   2.589233e+06   0.000000e+00    904s
   28924    6.0460681e+02   1.012562e+06   0.000000e+00    909s
   29064    6.0485670e+02   6.036954e+05   0.000000e+00    914s
   29204    6.0507176e+02   4.372742e+05   0.000000e+00    919s
   29334    6.0524685e+02   9.367667e+07   0.000000e+00    924s
   29464    6.0537856e+02   6.213395e+06   0.000000e+00    928s
   29594    6.0545725e+02   4.394280e+07   0.000000e+00    933s
   29744    6.0552067e+02   2.672141e+07   0.000000e+00    938s
   29894    6.0560403e+02   8.248581e+06   0.000000e+00    943s
   30044    6.0568168e+02   1.230579e+08   0.000000e+00    949s
   30194    6.0575102e+02   7.036250e+07   0.000000e+00    954s
   30334    6.0581651e+02   7.192888e+07   0.000000e+00    959s
   30474    6.0588372e+02   8.123025e+06   0.000000e+00    964s
   30624    6.0595131e+02   4.490275e+06   0.000000e+00    969s
   30774    6.0603136e+02   7.141218e+07   0.000000e+00    975s
   30924    6.0610142e+02   9.736178e+06   0.000000e+00    980s
   31074    6.0616697e+02   6.345728e+07   0.000000e+00    985s
   31224    6.0623219e+02   2.140538e+07   0.000000e+00    991s
   31374    6.0630941e+02   9.260506e+07   0.000000e+00    996s
   31524    6.0641359e+02   1.135513e+07   0.000000e+00   1002s
   31664    6.0647373e+02   3.875728e+07   0.000000e+00   1007s
   31814    6.0652751e+02   5.240468e+07   0.000000e+00   1013s
Warning: Markowitz tolerance tightened to 0.25
   31974    6.0659942e+02   6.742504e+08   0.000000e+00   1019s
   32114    6.0667566e+02   6.757268e+07   0.000000e+00   1024s
   32254    6.0673531e+02   4.940447e+07   0.000000e+00   1029s
   32394    6.0678749e+02   1.034059e+08   0.000000e+00   1035s
   32534    6.0685054e+02   2.902268e+08   0.000000e+00   1040s
   32674    6.0690094e+02   3.398728e+08   0.000000e+00   1046s
   32804    6.0693606e+02   5.934441e+06   0.000000e+00   1051s
   32934    6.0697799e+02   8.687563e+07   0.000000e+00   1056s
   33074    6.0701380e+02   3.563449e+08   0.000000e+00   1062s
   33204    6.0705867e+02   2.981202e+07   0.000000e+00   1067s
   33344    6.0712245e+02   2.853533e+06   0.000000e+00   1073s
   33484    6.0717619e+02   5.662757e+07   0.000000e+00   1079s
   33624    6.0722760e+02   2.652840e+08   0.000000e+00   1084s
   33764    6.0728307e+02   4.470494e+07   0.000000e+00   1090s
   33894    6.0733763e+02   2.678471e+08   0.000000e+00   1095s
   34024    6.0738441e+02   1.011286e+08   0.000000e+00   1101s
   34154    6.0742419e+02   1.312976e+08   0.000000e+00   1106s
   34284    6.0745904e+02   6.796859e+08   0.000000e+00   1111s
   34414    6.0750306e+02   5.812948e+07   0.000000e+00   1117s
   34544    6.0756945e+02   1.990535e+08   0.000000e+00   1122s
   34674    6.0764006e+02   5.290247e+07   0.000000e+00   1127s
   34804    6.0769860e+02   3.044540e+07   0.000000e+00   1133s
   34944    6.0775839e+02   4.007953e+07   0.000000e+00   1139s
   35074    6.0781670e+02   4.099225e+07   0.000000e+00   1144s
   35204    6.0786815e+02   2.554690e+07   0.000000e+00   1150s
   35344    6.0793650e+02   1.627655e+07   0.000000e+00   1156s
   35484    6.0799450e+02   3.602086e+07   0.000000e+00   1161s
   35614    6.0804785e+02   9.857015e+06   0.000000e+00   1167s
   35744    6.0810095e+02   3.548375e+05   0.000000e+00   1173s
   35874    6.0816234e+02   3.023523e+06   0.000000e+00   1179s
   36014    6.0822494e+02   3.009236e+06   0.000000e+00   1185s
   36154    6.0827949e+02   3.952205e+06   0.000000e+00   1191s
   36284    6.0833713e+02   1.189975e+07   0.000000e+00   1196s
   36424    6.0839302e+02   1.036389e+07   0.000000e+00   1202s
   36564    6.0845489e+02   1.051101e+06   0.000000e+00   1208s
   36694    6.0851433e+02   1.394506e+07   0.000000e+00   1214s
   36834    6.0858070e+02   3.324765e+06   0.000000e+00   1219s
   36974    6.0863867e+02   1.050997e+07   0.000000e+00   1225s
   37104    6.0868740e+02   2.194508e+05   0.000000e+00   1231s
   37234    6.0874971e+02   5.706728e+08   0.000000e+00   1236s
   37364    6.0879717e+02   1.085431e+07   0.000000e+00   1242s
   37494    6.0885299e+02   3.629340e+06   0.000000e+00   1248s
   37634    6.0890720e+02   3.865312e+07   0.000000e+00   1254s
   37764    6.0895057e+02   1.251378e+06   0.000000e+00   1259s
   37894    6.0900036e+02   8.301158e+06   0.000000e+00   1265s
   38024    6.0905384e+02   4.373927e+07   0.000000e+00   1271s
   38154    6.0910933e+02   3.918299e+06   0.000000e+00   1277s
   38284    6.0916204e+02   1.694267e+07   0.000000e+00   1282s
   38414    6.0921627e+02   2.101623e+07   0.000000e+00   1288s
   38544    6.0925736e+02   3.000514e+07   0.000000e+00   1293s
   38664    6.0930260e+02   8.921689e+05   0.000000e+00   1299s
   38794    6.0935414e+02   1.703029e+07   0.000000e+00   1305s
   38934    6.0941726e+02   2.876663e+07   0.000000e+00   1311s
   39074    6.0948701e+02   5.327952e+06   0.000000e+00   1317s
   39214    6.0955794e+02   3.299707e+06   0.000000e+00   1323s
   39354    6.0963561e+02   1.202901e+07   0.000000e+00   1330s
   39494    6.0970371e+02   9.789585e+06   0.000000e+00   1336s
   39644    6.0975952e+02   9.422423e+05   0.000000e+00   1342s
   39784    6.0981672e+02   4.175161e+05   0.000000e+00   1348s
   39924    6.0987312e+02   1.256967e+06   0.000000e+00   1355s
   40064    6.0993976e+02   2.739823e+07   0.000000e+00   1361s
   40194    6.1000449e+02   1.420476e+07   0.000000e+00   1367s
   40334    6.1007985e+02   1.140438e+06   0.000000e+00   1373s
   40474    6.1013171e+02   1.995072e+06   0.000000e+00   1380s
   40604    6.1018502e+02   1.389817e+06   0.000000e+00   1386s
   40744    6.1024710e+02   1.326522e+07   0.000000e+00   1392s
   40874    6.1030250e+02   1.362460e+06   0.000000e+00   1398s
   41014    6.1036011e+02   6.431791e+05   0.000000e+00   1404s
   41154    6.1040969e+02   1.135566e+06   0.000000e+00   1410s
   41284    6.1046292e+02   3.419114e+06   0.000000e+00   1416s
   41424    6.1051738e+02   1.410850e+06   0.000000e+00   1423s
   41564    6.1057353e+02   5.977056e+06   0.000000e+00   1429s
   41694    6.1063506e+02   2.193153e+06   0.000000e+00   1436s
   41824    6.1069199e+02   5.119214e+06   0.000000e+00   1442s
   41964    6.1074493e+02   6.079816e+06   0.000000e+00   1448s
   42094    6.1080521e+02   4.520963e+05   0.000000e+00   1454s
   42234    6.1086780e+02   1.609127e+06   0.000000e+00   1461s
   42374    6.1093469e+02   1.300085e+07   0.000000e+00   1467s
   42504    6.1098815e+02   3.147253e+05   0.000000e+00   1474s
   42634    6.1103718e+02   3.594548e+06   0.000000e+00   1480s
   42764    6.1109772e+02   2.684957e+05   0.000000e+00   1486s
   42904    6.1116542e+02   2.912021e+06   0.000000e+00   1493s
   43044    6.1124352e+02   3.945389e+06   0.000000e+00   1499s
   43184    6.1131126e+02   5.571718e+05   0.000000e+00   1506s
   43324    6.1138626e+02   6.789892e+05   0.000000e+00   1512s
   43464    6.1146734e+02   2.572149e+07   0.000000e+00   1519s
   43594    6.1153582e+02   5.349148e+05   0.000000e+00   1525s
   43734    6.1160253e+02   4.817185e+05   0.000000e+00   1532s
   43874    6.1165984e+02   3.200171e+06   0.000000e+00   1538s
   44014    6.1171382e+02   1.579373e+06   0.000000e+00   1545s
   44154    6.1177395e+02   3.434724e+05   0.000000e+00   1551s
   44294    6.1184212e+02   1.914010e+06   0.000000e+00   1558s
   44424    6.1189408e+02   2.213343e+06   0.000000e+00   1564s
   44544    6.1193699e+02   8.105677e+05   0.000000e+00   1570s
   44674    6.1199888e+02   7.760365e+05   0.000000e+00   1576s
   44804    6.1206474e+02   1.057064e+06   0.000000e+00   1582s
   44944    6.1213302e+02   1.117378e+06   0.000000e+00   1589s
   45084    6.1218778e+02   2.492711e+06   0.000000e+00   1595s
   45214    6.1223312e+02   4.227084e+06   0.000000e+00   1602s
   45364    6.1230399e+02   3.233715e+05   0.000000e+00   1609s
   45504    6.1236729e+02   3.500484e+05   0.000000e+00   1615s
   45644    6.1243328e+02   5.996642e+05   0.000000e+00   1622s
   45784    6.1250054e+02   6.694649e+05   0.000000e+00   1629s
   45924    6.1257327e+02   7.202846e+06   0.000000e+00   1636s
   46064    6.1264362e+02   5.813048e+05   0.000000e+00   1642s
   46204    6.1270211e+02   1.041845e+06   0.000000e+00   1649s
   46344    6.1276150e+02   1.338411e+07   0.000000e+00   1656s
   46484    6.1281857e+02   1.782917e+06   0.000000e+00   1663s
   46614    6.1288889e+02   4.250178e+06   0.000000e+00   1669s
   46764    6.1296343e+02   1.777108e+06   0.000000e+00   1676s
   46904    6.1303172e+02   1.184836e+06   0.000000e+00   1683s
   47054    6.1310953e+02   3.437628e+06   0.000000e+00   1690s
   47194    6.1317727e+02   2.146076e+06   0.000000e+00   1697s
   47334    6.1324023e+02   2.339870e+05   0.000000e+00   1704s
   47484    6.1330462e+02   1.616480e+06   0.000000e+00   1711s
   47624    6.1335585e+02   3.694062e+05   0.000000e+00   1718s
   47764    6.1340654e+02   2.099579e+06   0.000000e+00   1724s
   47904    6.1346157e+02   2.270301e+06   0.000000e+00   1731s
   48044    6.1350780e+02   2.356056e+06   0.000000e+00   1738s
   48184    6.1356326e+02   6.236924e+05   0.000000e+00   1745s
   48324    6.1361195e+02   1.092113e+06   0.000000e+00   1752s
   48454    6.1366063e+02   2.978053e+06   0.000000e+00   1758s
   48594    6.1371136e+02   3.631417e+05   0.000000e+00   1765s
   48734    6.1375915e+02   4.887007e+05   0.000000e+00   1772s
   48884    6.1380563e+02   1.117155e+06   0.000000e+00   1779s
   49024    6.1384948e+02   4.392104e+05   0.000000e+00   1786s
   49164    6.1390332e+02   4.226618e+05   0.000000e+00   1792s
   49314    6.1396865e+02   1.502765e+05   0.000000e+00   1799s
   49454    6.1402312e+02   5.986879e+05   0.000000e+00   1806s
   49594    6.1409494e+02   1.036360e+06   0.000000e+00   1813s
   49734    6.1415029e+02   2.314865e+06   0.000000e+00   1820s
   49874    6.1421318e+02   7.311310e+05   0.000000e+00   1826s
   50014    6.1427470e+02   4.259134e+07   0.000000e+00   1833s
   50154    6.1432610e+02   2.480862e+05   0.000000e+00   1840s
   50294    6.1438158e+02   1.459038e+06   0.000000e+00   1847s
   50434    6.1443995e+02   7.329227e+06   0.000000e+00   1854s
   50574    6.1449314e+02   1.315022e+05   0.000000e+00   1861s
   50724    6.1454612e+02   3.968711e+05   0.000000e+00   1868s
   50864    6.1458386e+02   4.436860e+05   0.000000e+00   1875s
   50994    6.1462713e+02   3.680786e+05   0.000000e+00   1881s
   51134    6.1467339e+02   9.582286e+05   0.000000e+00   1888s
   51284    6.1472467e+02   1.397475e+05   0.000000e+00   1895s
   51424    6.1477795e+02   3.825900e+05   0.000000e+00   1902s
   51564    6.1482753e+02   5.306960e+05   0.000000e+00   1909s
   51704    6.1487683e+02   4.071236e+05   0.000000e+00   1916s
   51844    6.1492331e+02   3.185547e+05   0.000000e+00   1922s
   51984    6.1497552e+02   6.768929e+05   0.000000e+00   1929s
   52114    6.1502496e+02   1.546679e+05   0.000000e+00   1936s
   52254    6.1508047e+02   3.088634e+06   0.000000e+00   1943s
   52394    6.1512681e+02   2.916171e+05   0.000000e+00   1950s
   52534    6.1518092e+02   7.198345e+05   0.000000e+00   1957s
   52674    6.1523927e+02   3.060547e+05   0.000000e+00   1964s
   52824    6.1529661e+02   1.335416e+05   0.000000e+00   1971s
   52964    6.1534179e+02   5.331634e+05   0.000000e+00   1978s
   53104    6.1539162e+02   4.060689e+05   0.000000e+00   1985s
   53234    6.1543519e+02   3.297866e+05   0.000000e+00   1991s
   53364    6.1547966e+02   1.424345e+06   0.000000e+00   1998s
   53504    6.1552001e+02   2.847509e+05   0.000000e+00   2005s
   53634    6.1555607e+02   1.366201e+05   0.000000e+00   2011s
   53774    6.1559718e+02   3.057949e+05   0.000000e+00   2018s
   53894    6.1563769e+02   3.063584e+05   0.000000e+00   2025s
   54024    6.1567938e+02   2.389425e+05   0.000000e+00   2031s
   54164    6.1573532e+02   3.091366e+05   0.000000e+00   2038s
   54314    6.1577311e+02   3.622454e+06   0.000000e+00   2046s
   54454    6.1581210e+02   1.577497e+05   0.000000e+00   2053s
   54594    6.1585414e+02   2.562084e+05   0.000000e+00   2060s
   54724    6.1589459e+02   4.871052e+05   0.000000e+00   2066s
   54864    6.1593889e+02   3.263514e+05   0.000000e+00   2073s
   55004    6.1598074e+02   4.997741e+05   0.000000e+00   2080s
   55134    6.1602031e+02   2.611707e+05   0.000000e+00   2087s
   55274    6.1606394e+02   1.700224e+05   0.000000e+00   2094s
   55404    6.1610373e+02   5.683024e+05   0.000000e+00   2101s
   55544    6.1614461e+02   1.073883e+05   0.000000e+00   2108s
   55684    6.1618251e+02   3.040493e+05   0.000000e+00   2115s
   55824    6.1623770e+02   6.096267e+05   0.000000e+00   2122s
   55964    6.1628770e+02   2.715141e+05   0.000000e+00   2129s
   56104    6.1634338e+02   4.237943e+05   0.000000e+00   2136s
   56244    6.1639345e+02   2.176009e+05   0.000000e+00   2143s
   56384    6.1643760e+02   8.472352e+05   0.000000e+00   2149s
   56524    6.1646721e+02   5.134143e+05   0.000000e+00   2156s
   56664    6.1650335e+02   7.755556e+04   0.000000e+00   2163s
   56814    6.1654141e+02   7.566414e+05   0.000000e+00   2171s
   56954    6.1658083e+02   1.537555e+05   0.000000e+00   2178s
   57084    6.1661807e+02   7.142495e+05   0.000000e+00   2185s
   57224    6.1665024e+02   3.546087e+05   0.000000e+00   2192s
   57364    6.1668611e+02   6.883272e+05   0.000000e+00   2199s
   57504    6.1672148e+02   7.779205e+05   0.000000e+00   2206s
   57654    6.1676772e+02   2.244335e+05   0.000000e+00   2214s
   57794    6.1680700e+02   6.762310e+05   0.000000e+00   2221s
   57944    6.1684299e+02   1.744215e+05   0.000000e+00   2229s
   58094    6.1688008e+02   4.682569e+05   0.000000e+00   2236s
   58234    6.1691147e+02   2.062429e+05   0.000000e+00   2243s
   58364    6.1694687e+02   1.765406e+05   0.000000e+00   2250s
   58504    6.1698693e+02   1.056878e+05   0.000000e+00   2258s
   58644    6.1702578e+02   2.915974e+05   0.000000e+00   2265s
   58784    6.1706048e+02   1.511529e+05   0.000000e+00   2272s
   58924    6.1708910e+02   2.080667e+05   0.000000e+00   2279s
   59064    6.1712296e+02   1.365658e+05   0.000000e+00   2286s
   59194    6.1715140e+02   7.919215e+05   0.000000e+00   2293s
   59334    6.1717863e+02   4.292335e+05   0.000000e+00   2300s
   59464    6.1720680e+02   6.130472e+05   0.000000e+00   2307s
   59604    6.1723955e+02   1.439789e+05   0.000000e+00   2314s
   59754    6.1727411e+02   1.889419e+06   0.000000e+00   2322s
   59894    6.1730126e+02   2.127517e+05   0.000000e+00   2329s
   60044    6.1733936e+02   8.713219e+05   0.000000e+00   2336s
   60184    6.1738225e+02   1.576050e+05   0.000000e+00   2343s
   60324    6.1742268e+02   1.199469e+05   0.000000e+00   2350s
   60454    6.1744642e+02   9.318042e+05   0.000000e+00   2357s
   60594    6.1747292e+02   1.223124e+05   0.000000e+00   2365s
   60724    6.1749917e+02   2.313301e+05   0.000000e+00   2371s
   60864    6.1752651e+02   2.098035e+06   0.000000e+00   2379s
   61004    6.1755228e+02   6.226163e+05   0.000000e+00   2386s
   61154    6.1757782e+02   1.072011e+05   0.000000e+00   2394s
   61304    6.1760174e+02   1.183417e+06   0.000000e+00   2401s
   61444    6.1763444e+02   4.426393e+05   0.000000e+00   2408s
   61584    6.1765630e+02   6.942394e+05   0.000000e+00   2416s
   61724    6.1767691e+02   8.676028e+05   0.000000e+00   2423s
   61864    6.1770534e+02   3.119243e+05   0.000000e+00   2430s
   62004    6.1773075e+02   1.543077e+05   0.000000e+00   2437s
   62154    6.1776259e+02   6.967069e+05   0.000000e+00   2445s
   62304    6.1779252e+02   2.850162e+05   0.000000e+00   2453s
   62444    6.1781870e+02   4.948161e+05   0.000000e+00   2460s
   62584    6.1784155e+02   3.797396e+05   0.000000e+00   2467s
   62724    6.1786708e+02   2.576247e+05   0.000000e+00   2475s
   62864    6.1788937e+02   1.134732e+06   0.000000e+00   2482s
   62994    6.1791157e+02   2.711553e+05   0.000000e+00   2489s
   63134    6.1793254e+02   9.274492e+04   0.000000e+00   2496s
   63274    6.1795890e+02   1.741365e+05   0.000000e+00   2504s
   63414    6.1798557e+02   1.493134e+06   0.000000e+00   2511s
   63574    6.1801516e+02   3.389404e+05   0.000000e+00   2519s
   63724    6.1804283e+02   2.719910e+05   0.000000e+00   2527s
   63874    6.1806919e+02   2.427878e+05   0.000000e+00   2535s
   64014    6.1809406e+02   1.212693e+06   0.000000e+00   2542s
   64154    6.1811781e+02   1.262497e+05   0.000000e+00   2550s
   64294    6.1814715e+02   4.394390e+05   0.000000e+00   2557s
   64424    6.1820749e+02   6.912219e+05   0.000000e+00   2564s
   64554    6.1829806e+02   4.933359e+05   0.000000e+00   2572s
   64694    6.1838825e+02   4.321377e+05   0.000000e+00   2579s
   64824    6.1847175e+02   7.184664e+05   0.000000e+00   2587s
   64954    6.1856227e+02   3.158751e+05   0.000000e+00   2594s
   65094    6.1865181e+02   1.789646e+05   0.000000e+00   2601s
   65234    6.1875460e+02   1.354499e+07   0.000000e+00   2609s
   65364    6.1884336e+02   1.965817e+06   0.000000e+00   2616s
   65494    6.1893942e+02   9.529763e+06   0.000000e+00   2624s
   65624    6.1903907e+02   1.227747e+06   0.000000e+00   2631s
   65764    6.1914533e+02   1.890151e+06   0.000000e+00   2638s
   65904    6.1925665e+02   1.026498e+06   0.000000e+00   2646s
   66044    6.1936577e+02   3.385800e+06   0.000000e+00   2653s
   66174    6.1946868e+02   3.480161e+06   0.000000e+00   2660s
   66314    6.1958014e+02   9.711328e+05   0.000000e+00   2668s
   66444    6.1968341e+02   4.932972e+05   0.000000e+00   2675s
   66584    6.1980161e+02   2.412312e+07   0.000000e+00   2683s
   66724    6.1990741e+02   6.259086e+05   0.000000e+00   2690s
   66864    6.2001091e+02   3.648356e+05   0.000000e+00   2698s
   66994    6.2010610e+02   4.040214e+05   0.000000e+00   2705s
   67134    6.2021581e+02   5.386432e+05   0.000000e+00   2712s
   67274    6.2030982e+02   5.236835e+06   0.000000e+00   2720s
   67414    6.2040213e+02   9.559513e+05   0.000000e+00   2728s
   67544    6.2050842e+02   1.075071e+06   0.000000e+00   2735s
   67664    6.2059451e+02   3.686854e+06   0.000000e+00   2742s
   67804    6.2067689e+02   2.846407e+05   0.000000e+00   2749s
   67934    6.2077835e+02   5.591654e+05   0.000000e+00   2757s
   68064    6.2085847e+02   1.288098e+07   0.000000e+00   2764s
   68194    6.2095056e+02   1.176454e+06   0.000000e+00   2771s
   68324    6.2104854e+02   1.721997e+06   0.000000e+00   2779s
   68464    6.2116798e+02   9.236884e+06   0.000000e+00   2787s
   68604    6.2126485e+02   7.216269e+05   0.000000e+00   2794s
   68744    6.2140244e+02   4.863913e+05   0.000000e+00   2802s
   68884    6.2148540e+02   3.480094e+06   0.000000e+00   2810s
   69014    6.2155646e+02   2.209672e+06   0.000000e+00   2817s
   69144    6.2164860e+02   1.963999e+06   0.000000e+00   2825s
   69264    6.2173362e+02   8.274126e+05   0.000000e+00   2832s
   69404    6.2182697e+02   6.154137e+05   0.000000e+00   2840s
   69534    6.2190014e+02   5.756225e+06   0.000000e+00   2847s
   69664    6.2198217e+02   5.634324e+06   0.000000e+00   2855s
   69794    6.2206913e+02   3.875515e+06   0.000000e+00   2862s
   69924    6.2215087e+02   3.961102e+05   0.000000e+00   2869s
   70064    6.2225642e+02   4.769053e+06   0.000000e+00   2877s
   70194    6.2234487e+02   2.096055e+06   0.000000e+00   2885s
   70334    6.2242018e+02   1.704099e+06   0.000000e+00   2893s
   70464    6.2251538e+02   1.941836e+06   0.000000e+00   2900s
   70594    6.2261343e+02   1.146460e+06   0.000000e+00   2907s
   70724    6.2271573e+02   9.076542e+05   0.000000e+00   2915s
   70864    6.2282592e+02   4.486787e+05   0.000000e+00   2923s
   70994    6.2291232e+02   1.669150e+06   0.000000e+00   2930s
   71134    6.2302835e+02   6.782397e+05   0.000000e+00   2938s
   71264    6.2311846e+02   2.854667e+06   0.000000e+00   2946s
   71394    6.2320763e+02   1.428754e+07   0.000000e+00   2953s
   71514    6.2327848e+02   2.184403e+06   0.000000e+00   2960s
   71644    6.2337737e+02   2.595879e+05   0.000000e+00   2968s
   71774    6.2346419e+02   2.014492e+06   0.000000e+00   2975s
   71904    6.2355558e+02   3.332884e+06   0.000000e+00   2983s
   72024    6.2361194e+02   4.080754e+06   0.000000e+00   2990s
   72154    6.2370127e+02   2.792113e+06   0.000000e+00   2997s
   72274    6.2377993e+02   2.405261e+06   0.000000e+00   3004s
   72404    6.2385649e+02   4.579998e+06   0.000000e+00   3012s
   72544    6.2395149e+02   1.210748e+06   0.000000e+00   3020s
   72684    6.2405589e+02   5.161078e+05   0.000000e+00   3028s
   72814    6.2413704e+02   7.936242e+06   0.000000e+00   3035s
   72954    6.2421824e+02   8.427451e+06   0.000000e+00   3043s
   73094    6.2430162e+02   1.349420e+06   0.000000e+00   3051s
   73244    6.2440237e+02   1.701015e+06   0.000000e+00   3060s
   73394    6.2452140e+02   6.431411e+05   0.000000e+00   3068s
   73534    6.2461605e+02   4.541541e+05   0.000000e+00   3076s
   73674    6.2471688e+02   2.571707e+06   0.000000e+00   3084s
   73804    6.2480927e+02   6.163959e+06   0.000000e+00   3091s
   73934    6.2488209e+02   5.936533e+05   0.000000e+00   3099s
   74074    6.2496093e+02   3.080564e+07   0.000000e+00   3107s
   74214    6.2505472e+02   2.999669e+06   0.000000e+00   3115s
   74354    6.2515311e+02   1.244769e+07   0.000000e+00   3123s
   74494    6.2526784e+02   2.404873e+06   0.000000e+00   3131s
   74634    6.2535748e+02   2.512684e+05   0.000000e+00   3139s
   74774    6.2545109e+02   6.158829e+06   0.000000e+00   3146s
   74904    6.2554969e+02   1.022559e+06   0.000000e+00   3154s
   75044    6.2564939e+02   3.473368e+05   0.000000e+00   3162s
   75174    6.2574501e+02   1.413059e+06   0.000000e+00   3170s
   75304    6.2585526e+02   2.142331e+06   0.000000e+00   3177s
   75444    6.2595015e+02   9.008791e+05   0.000000e+00   3185s
   75574    6.2603775e+02   5.807523e+05   0.000000e+00   3193s
   75704    6.2612935e+02   3.423148e+05   0.000000e+00   3201s
   75844    6.2623269e+02   3.422902e+05   0.000000e+00   3208s
   75974    6.2633899e+02   4.812159e+05   0.000000e+00   3216s
   76104    6.2643305e+02   5.642568e+05   0.000000e+00   3223s
   76234    6.2653010e+02   3.767864e+06   0.000000e+00   3231s
   76384    6.2665641e+02   7.202092e+05   0.000000e+00   3239s
   76524    6.2676729e+02   1.478865e+06   0.000000e+00   3247s
   76664    6.2686047e+02   2.543843e+06   0.000000e+00   3255s
   76814    6.2694506e+02   5.894430e+06   0.000000e+00   3263s
   76954    6.2701431e+02   3.980589e+06   0.000000e+00   3271s
   77094    6.2708175e+02   8.971269e+05   0.000000e+00   3279s
   77224    6.2715587e+02   9.051211e+06   0.000000e+00   3287s
   77354    6.2721744e+02   2.961399e+07   0.000000e+00   3294s
   77484    6.2729114e+02   2.065743e+06   0.000000e+00   3302s
   77624    6.2736980e+02   2.042558e+06   0.000000e+00   3310s
   77764    6.2746595e+02   3.192406e+06   0.000000e+00   3318s
   77904    6.2754094e+02   2.290175e+06   0.000000e+00   3326s
   78044    6.2762349e+02   3.373157e+05   0.000000e+00   3334s
   78174    6.2768154e+02   8.372527e+06   0.000000e+00   3341s
   78304    6.2775622e+02   9.771549e+05   0.000000e+00   3349s
   78434    6.2782069e+02   1.537147e+06   0.000000e+00   3357s
   78574    6.2789393e+02   1.831975e+06   0.000000e+00   3365s
   78714    6.2798610e+02   2.356905e+07   0.000000e+00   3373s
   78844    6.2804529e+02   1.251296e+07   0.000000e+00   3381s
   78984    6.2811107e+02   1.141096e+06   0.000000e+00   3389s
   79124    6.2819862e+02   2.088078e+05   0.000000e+00   3397s
   79264    6.2828120e+02   4.317672e+05   0.000000e+00   3405s
   79404    6.2836546e+02   2.819650e+05   0.000000e+00   3413s
   79544    6.2844318e+02   2.757033e+05   0.000000e+00   3422s
   79674    6.2851109e+02   1.699381e+06   0.000000e+00   3429s
   79814    6.2858136e+02   1.168027e+06   0.000000e+00   3437s
   79944    6.2865403e+02   1.811186e+06   0.000000e+00   3445s
   80084    6.2872773e+02   6.634128e+05   0.000000e+00   3453s
   80214    6.2879998e+02   2.729055e+06   0.000000e+00   3461s
   80344    6.2887718e+02   2.453524e+05   0.000000e+00   3469s
   80474    6.2894711e+02   1.400377e+06   0.000000e+00   3476s
   80604    6.2900261e+02   1.032386e+06   0.000000e+00   3484s
   80734    6.2907764e+02   3.335596e+05   0.000000e+00   3492s
   80864    6.2914419e+02   3.163920e+07   0.000000e+00   3500s
   80994    6.2919949e+02   1.587356e+06   0.000000e+00   3507s
   81124    6.2926225e+02   4.896091e+06   0.000000e+00   3515s
   81254    6.2933922e+02   2.970091e+06   0.000000e+00   3523s
   81384    6.2940713e+02   3.107596e+06   0.000000e+00   3530s
   81524    6.2946864e+02   1.383199e+06   0.000000e+00   3539s
   81654    6.2954329e+02   3.208273e+06   0.000000e+00   3547s
   81794    6.2962399e+02   5.579202e+06   0.000000e+00   3555s
   81924    6.2967910e+02   9.789509e+05   0.000000e+00   3562s
   82054    6.2974575e+02   2.251284e+06   0.000000e+00   3570s
   82184    6.2980552e+02   8.539646e+06   0.000000e+00   3577s
   82314    6.2988249e+02   9.894408e+05   0.000000e+00   3585s
   82444    6.2995469e+02   6.930549e+05   0.000000e+00   3593s
   82584    6.3005586e+02   3.828837e+06   0.000000e+00   3601s
   82714    6.3013928e+02   9.996195e+05   0.000000e+00   3609s
   82844    6.3021220e+02   1.607635e+05   0.000000e+00   3616s
   82974    6.3028839e+02   5.577988e+05   0.000000e+00   3624s
   83104    6.3036955e+02   4.098603e+05   0.000000e+00   3632s
   83234    6.3043187e+02   1.749419e+06   0.000000e+00   3639s
   83364    6.3050996e+02   1.016628e+06   0.000000e+00   3647s
   83494    6.3061022e+02   3.228495e+05   0.000000e+00   3655s
   83634    6.3068915e+02   2.203657e+06   0.000000e+00   3663s
   83754    6.3075552e+02   6.217183e+05   0.000000e+00   3670s
   83884    6.3083511e+02   8.599479e+06   0.000000e+00   3678s
   84024    6.3090681e+02   6.495107e+05   0.000000e+00   3686s
   84154    6.3099008e+02   4.230597e+05   0.000000e+00   3694s
   84284    6.3108142e+02   1.791172e+06   0.000000e+00   3702s
   84414    6.3115888e+02   1.900972e+06   0.000000e+00   3710s
   84544    6.3122164e+02   2.592610e+05   0.000000e+00   3717s
   84684    6.3130830e+02   3.551246e+05   0.000000e+00   3726s
   84804    6.3137785e+02   3.166600e+06   0.000000e+00   3733s
   84924    6.3144868e+02   3.380543e+05   0.000000e+00   3740s
   85054    6.3151596e+02   1.662086e+07   0.000000e+00   3748s
   85184    6.3158073e+02   4.741704e+05   0.000000e+00   3756s
   85314    6.3165911e+02   9.078354e+05   0.000000e+00   3763s
   85444    6.3172210e+02   1.545600e+07   0.000000e+00   3771s
   85574    6.3179300e+02   1.693554e+06   0.000000e+00   3779s
   85714    6.3187069e+02   5.100735e+05   0.000000e+00   3787s
   85864    6.3195536e+02   2.055330e+06   0.000000e+00   3796s
   86004    6.3201847e+02   6.343212e+05   0.000000e+00   3804s
   86134    6.3207208e+02   2.144018e+06   0.000000e+00   3812s
   86264    6.3213667e+02   6.772705e+05   0.000000e+00   3820s
   86404    6.3220810e+02   7.128712e+05   0.000000e+00   3829s
   86534    6.3226518e+02   1.981515e+06   0.000000e+00   3837s
   86674    6.3233303e+02   1.109246e+06   0.000000e+00   3845s
   86804    6.3239643e+02   1.093706e+06   0.000000e+00   3853s
   86934    6.3245657e+02   2.043775e+06   0.000000e+00   3861s
   87064    6.3250015e+02   1.314855e+06   0.000000e+00   3869s
   87204    6.3255616e+02   1.661451e+06   0.000000e+00   3877s
   87334    6.3261612e+02   6.031532e+05   0.000000e+00   3885s
   87464    6.3267047e+02   5.145698e+06   0.000000e+00   3892s
   87594    6.3272323e+02   4.709349e+05   0.000000e+00   3900s
   87724    6.3277417e+02   7.487802e+05   0.000000e+00   3908s
   87854    6.3283836e+02   7.991193e+05   0.000000e+00   3916s
   87984    6.3290636e+02   5.703167e+05   0.000000e+00   3924s
   88104    6.3296366e+02   4.849085e+05   0.000000e+00   3931s
   88234    6.3301602e+02   8.627295e+05   0.000000e+00   3939s
   88364    6.3306628e+02   1.591177e+06   0.000000e+00   3947s
   88494    6.3312014e+02   4.799628e+05   0.000000e+00   3955s
   88634    6.3318605e+02   1.477973e+07   0.000000e+00   3963s
   88764    6.3323348e+02   4.998622e+05   0.000000e+00   3971s
   88914    6.3328552e+02   2.587126e+06   0.000000e+00   3980s
   89054    6.3333938e+02   3.323139e+06   0.000000e+00   3988s
   89184    6.3339993e+02   1.180279e+06   0.000000e+00   3996s
   89314    6.3346676e+02   1.449741e+06   0.000000e+00   4004s
   89444    6.3353519e+02   1.315913e+06   0.000000e+00   4012s
   89584    6.3359387e+02   4.202129e+05   0.000000e+00   4020s
   89724    6.3365663e+02   2.294639e+06   0.000000e+00   4028s
   89864    6.3370981e+02   1.592807e+05   0.000000e+00   4037s
   90004    6.3377409e+02   1.219755e+06   0.000000e+00   4045s
   90144    6.3382389e+02   1.198232e+06   0.000000e+00   4053s
   90284    6.3389192e+02   6.272719e+05   0.000000e+00   4062s
   90414    6.3397455e+02   1.208593e+06   0.000000e+00   4070s
   90544    6.3405061e+02   4.153352e+05   0.000000e+00   4077s
   90674    6.3411566e+02   2.830610e+05   0.000000e+00   4085s
   90804    6.3416648e+02   4.156515e+05   0.000000e+00   4093s
   90934    6.3423185e+02   5.408628e+05   0.000000e+00   4101s
   91064    6.3429112e+02   1.958556e+05   0.000000e+00   4109s
   91194    6.3435581e+02   8.332432e+05   0.000000e+00   4117s
   91324    6.3442154e+02   6.427283e+06   0.000000e+00   4124s
   91454    6.3449969e+02   2.910128e+06   0.000000e+00   4132s
   91574    6.3454031e+02   1.916901e+06   0.000000e+00   4140s
   91704    6.3459492e+02   1.052464e+06   0.000000e+00   4148s
   91834    6.3464841e+02   6.127253e+06   0.000000e+00   4156s
   91964    6.3469500e+02   5.404886e+05   0.000000e+00   4164s
   92104    6.3476279e+02   2.558301e+05   0.000000e+00   4172s
   92244    6.3481871e+02   1.284049e+06   0.000000e+00   4180s
   92374    6.3488052e+02   4.366958e+05   0.000000e+00   4188s
   92514    6.3494326e+02   3.732161e+05   0.000000e+00   4197s
   92644    6.3501571e+02   5.941863e+05   0.000000e+00   4205s
   92784    6.3508557e+02   1.555120e+06   0.000000e+00   4213s
   92924    6.3514830e+02   1.237075e+06   0.000000e+00   4222s
   93054    6.3520533e+02   9.712170e+05   0.000000e+00   4230s
   93184    6.3525827e+02   3.342603e+06   0.000000e+00   4238s
   93314    6.3531467e+02   2.017510e+05   0.000000e+00   4246s
   93454    6.3536485e+02   1.587377e+06   0.000000e+00   4254s
   93584    6.3541814e+02   2.398380e+05   0.000000e+00   4263s
   93714    6.3546598e+02   1.271999e+07   0.000000e+00   4271s
   93844    6.3551552e+02   8.374020e+06   0.000000e+00   4279s
   93974    6.3556088e+02   3.107422e+06   0.000000e+00   4287s
   94104    6.3561623e+02   1.508264e+06   0.000000e+00   4295s
   94234    6.3568764e+02   4.496801e+05   0.000000e+00   4303s
   94374    6.3574913e+02   1.105077e+07   0.000000e+00   4312s
   94514    6.3580515e+02   2.869425e+06   0.000000e+00   4320s
   94644    6.3586047e+02   8.955650e+05   0.000000e+00   4329s
   94774    6.3591128e+02   1.944648e+06   0.000000e+00   4337s
   94904    6.3596023e+02   6.825889e+05   0.000000e+00   4345s
   95034    6.3601637e+02   7.746679e+05   0.000000e+00   4353s
   95164    6.3607349e+02   4.968775e+05   0.000000e+00   4361s
   95294    6.3613269e+02   1.668241e+06   0.000000e+00   4369s
   95424    6.3618725e+02   9.465500e+05   0.000000e+00   4377s
   95554    6.3622899e+02   1.445326e+05   0.000000e+00   4385s
   95684    6.3628052e+02   2.856389e+06   0.000000e+00   4393s
   95804    6.3633009e+02   1.037622e+06   0.000000e+00   4401s
   95934    6.3638190e+02   1.482523e+06   0.000000e+00   4409s
   96064    6.3643667e+02   1.398313e+05   0.000000e+00   4418s
   96194    6.3649058e+02   2.030270e+05   0.000000e+00   4426s
   96324    6.3654678e+02   5.536448e+05   0.000000e+00   4434s
   96464    6.3659580e+02   1.500066e+06   0.000000e+00   4442s
   96604    6.3665560e+02   5.891608e+05   0.000000e+00   4451s
   96734    6.3670163e+02   1.282828e+05   0.000000e+00   4459s
   96864    6.3675734e+02   1.128830e+06   0.000000e+00   4467s
   96994    6.3681258e+02   2.038771e+06   0.000000e+00   4475s
   97124    6.3687605e+02   7.927837e+05   0.000000e+00   4483s
   97254    6.3695078e+02   3.966409e+05   0.000000e+00   4491s
   97384    6.3700991e+02   1.342575e+06   0.000000e+00   4499s
   97514    6.3706805e+02   7.409411e+05   0.000000e+00   4507s
   97634    6.3711621e+02   3.737543e+05   0.000000e+00   4515s
   97764    6.3717211e+02   1.063983e+06   0.000000e+00   4523s
   97904    6.3724148e+02   1.014517e+07   0.000000e+00   4531s
   98034    6.3730302e+02   1.252003e+06   0.000000e+00   4539s
   98164    6.3736073e+02   1.920554e+06   0.000000e+00   4548s
   98294    6.3742320e+02   8.470403e+05   0.000000e+00   4556s
   98424    6.3747427e+02   6.219486e+05   0.000000e+00   4564s
   98554    6.3752837e+02   3.305897e+05   0.000000e+00   4572s
   98694    6.3757170e+02   1.295702e+07   0.000000e+00   4580s
   98824    6.3761316e+02   3.982102e+05   0.000000e+00   4589s
   98954    6.3765976e+02   2.564573e+05   0.000000e+00   4597s
   99084    6.3770532e+02   9.586600e+06   0.000000e+00   4605s
   99214    6.3776059e+02   2.396515e+05   0.000000e+00   4613s
   99344    6.3781742e+02   1.509906e+06   0.000000e+00   4621s
   99474    6.3786586e+02   3.463205e+06   0.000000e+00   4629s
   99604    6.3791076e+02   2.894108e+05   0.000000e+00   4637s
   99724    6.3795875e+02   3.676768e+05   0.000000e+00   4645s
   99854    6.3800018e+02   9.409986e+05   0.000000e+00   4653s
   99984    6.3805156e+02   1.161384e+06   0.000000e+00   4661s
  100114    6.3809452e+02   2.567709e+06   0.000000e+00   4668s
  100244    6.3814778e+02   4.175453e+05   0.000000e+00   4676s
  100384    6.3820219e+02   5.199906e+05   0.000000e+00   4685s
  100514    6.3825577e+02   1.298937e+06   0.000000e+00   4693s
  100654    6.3829943e+02   9.169615e+05   0.000000e+00   4702s
  100794    6.3834791e+02   3.826098e+05   0.000000e+00   4710s
  100934    6.3839001e+02   9.077083e+06   0.000000e+00   4719s
  101074    6.3843540e+02   5.460071e+05   0.000000e+00   4727s
  101224    6.3849674e+02   4.758902e+05   0.000000e+00   4737s
  101364    6.3855561e+02   4.171007e+05   0.000000e+00   4745s
  101504    6.3861481e+02   3.270239e+06   0.000000e+00   4753s
  101644    6.3866070e+02   3.040973e+06   0.000000e+00   4762s
  101774    6.3870062e+02   3.273490e+06   0.000000e+00   4770s
  101904    6.3874556e+02   1.963136e+05   0.000000e+00   4778s
  102034    6.3879898e+02   4.601857e+05   0.000000e+00   4786s
  102164    6.3883945e+02   1.179840e+06   0.000000e+00   4794s
  102294    6.3888251e+02   1.109837e+06   0.000000e+00   4802s
  102424    6.3892067e+02   4.055668e+05   0.000000e+00   4810s
  102564    6.3896685e+02   1.040114e+07   0.000000e+00   4818s
  102704    6.3901265e+02   1.347309e+06   0.000000e+00   4827s
  102834    6.3906018e+02   1.577653e+05   0.000000e+00   4835s
  102964    6.3910538e+02   6.084749e+05   0.000000e+00   4843s
  103094    6.3913858e+02   9.319221e+05   0.000000e+00   4851s
  103224    6.3917749e+02   8.918907e+05   0.000000e+00   4859s
  103364    6.3923766e+02   2.535360e+05   0.000000e+00   4868s
  103504    6.3928450e+02   4.194097e+05   0.000000e+00   4876s
  103654    6.3934152e+02   1.430505e+05   0.000000e+00   4885s
  103794    6.3940017e+02   6.309737e+05   0.000000e+00   4894s
  103934    6.3944760e+02   1.585213e+06   0.000000e+00   4903s
  104074    6.3949122e+02   1.796373e+06   0.000000e+00   4912s
  104204    6.3954071e+02   1.117355e+07   0.000000e+00   4920s
  104334    6.3958761e+02   4.815451e+06   0.000000e+00   4928s
  104474    6.3964115e+02   4.106755e+05   0.000000e+00   4937s
  104614    6.3969904e+02   2.042762e+06   0.000000e+00   4945s
  104754    6.3974979e+02   1.558630e+06   0.000000e+00   4954s
  104894    6.3980810e+02   2.337573e+06   0.000000e+00   4963s
  105034    6.3985742e+02   1.859036e+06   0.000000e+00   4971s
  105174    6.3991234e+02   4.790930e+05   0.000000e+00   4980s
  105304    6.3996344e+02   1.366430e+06   0.000000e+00   4988s
  105434    6.4000133e+02   1.045575e+06   0.000000e+00   4996s
  105564    6.4004826e+02   8.489449e+05   0.000000e+00   5004s
  105704    6.4010098e+02   2.714928e+05   0.000000e+00   5013s
  105844    6.4014280e+02   6.260263e+05   0.000000e+00   5021s
  105974    6.4018102e+02   1.753949e+05   0.000000e+00   5030s
  106104    6.4022477e+02   1.489807e+06   0.000000e+00   5038s
  106224    6.4026287e+02   9.028983e+06   0.000000e+00   5045s
  106354    6.4029892e+02   8.012529e+05   0.000000e+00   5053s
  106484    6.4033422e+02   2.123166e+06   0.000000e+00   5061s
  106624    6.4038399e+02   1.168339e+06   0.000000e+00   5070s
  106764    6.4042519e+02   8.941216e+05   0.000000e+00   5078s
  106894    6.4047237e+02   2.740680e+06   0.000000e+00   5087s
  107014    6.4050549e+02   5.660487e+05   0.000000e+00   5095s
  107144    6.4054484e+02   1.154562e+06   0.000000e+00   5103s
  107274    6.4058478e+02   3.192015e+05   0.000000e+00   5111s
  107414    6.4061828e+02   1.489112e+05   0.000000e+00   5120s
  107554    6.4065766e+02   8.756633e+05   0.000000e+00   5128s
  107694    6.4069595e+02   1.947849e+05   0.000000e+00   5137s
  107834    6.4072978e+02   3.127786e+05   0.000000e+00   5146s
  107964    6.4077738e+02   2.615292e+07   0.000000e+00   5154s
  108094    6.4080558e+02   2.421847e+05   0.000000e+00   5162s
  108224    6.4084386e+02   1.720462e+05   0.000000e+00   5171s
  108354    6.4087706e+02   2.084148e+05   0.000000e+00   5179s
  108494    6.4091628e+02   2.930825e+05   0.000000e+00   5187s
  108634    6.4095962e+02   2.318010e+05   0.000000e+00   5196s
  108774    6.4100329e+02   2.096060e+06   0.000000e+00   5205s
  108914    6.4104190e+02   1.019499e+06   0.000000e+00   5214s
  109054    6.4107607e+02   1.775823e+06   0.000000e+00   5222s
  109204    6.4112650e+02   5.353060e+05   0.000000e+00   5232s
  109344    6.4116048e+02   2.977778e+05   0.000000e+00   5240s
  109484    6.4119922e+02   2.627274e+05   0.000000e+00   5249s
  109614    6.4123846e+02   5.733199e+05   0.000000e+00   5257s
  109754    6.4128739e+02   2.632662e+05   0.000000e+00   5266s
  109894    6.4132377e+02   6.122799e+05   0.000000e+00   5275s
  110034    6.4136397e+02   1.898657e+05   0.000000e+00   5284s
  110164    6.4140151e+02   2.906594e+05   0.000000e+00   5292s
  110294    6.4144074e+02   1.752659e+05   0.000000e+00   5300s
  110424    6.4148079e+02   5.188228e+05   0.000000e+00   5308s
  110554    6.4152590e+02   2.779017e+05   0.000000e+00   5317s
  110684    6.4155895e+02   4.491560e+05   0.000000e+00   5325s
  110824    6.4160453e+02   2.047304e+05   0.000000e+00   5334s
  110954    6.4165228e+02   8.235700e+05   0.000000e+00   5342s
  111084    6.4169045e+02   2.138003e+05   0.000000e+00   5350s
  111204    6.4174038e+02   1.312899e+06   0.000000e+00   5358s
  111334    6.4178292e+02   5.776004e+05   0.000000e+00   5366s
  111454    6.4181491e+02   6.878613e+05   0.000000e+00   5374s
  111574    6.4184515e+02   7.012442e+05   0.000000e+00   5382s
  111704    6.4187760e+02   1.088372e+07   0.000000e+00   5390s
  111834    6.4191583e+02   8.454243e+05   0.000000e+00   5399s
  111964    6.4197175e+02   7.079590e+05   0.000000e+00   5407s
  112104    6.4201250e+02   7.912663e+05   0.000000e+00   5415s
  112244    6.4205176e+02   1.148490e+06   0.000000e+00   5424s
  112374    6.4209382e+02   6.666456e+05   0.000000e+00   5432s
  112504    6.4212938e+02   4.179239e+05   0.000000e+00   5441s
  112644    6.4217728e+02   2.179528e+06   0.000000e+00   5450s
  112784    6.4222281e+02   4.480955e+05   0.000000e+00   5458s
  112914    6.4226645e+02   2.628623e+05   0.000000e+00   5467s
  113054    6.4230558e+02   2.550026e+05   0.000000e+00   5475s
  113194    6.4234948e+02   1.179744e+06   0.000000e+00   5484s
  113324    6.4238341e+02   8.665766e+04   0.000000e+00   5493s
  113464    6.4242516e+02   1.941674e+06   0.000000e+00   5501s
  113594    6.4245588e+02   1.675784e+05   0.000000e+00   5510s
  113724    6.4249399e+02   7.554425e+06   0.000000e+00   5518s
  113854    6.4252400e+02   4.057434e+05   0.000000e+00   5527s
  113984    6.4255292e+02   4.563983e+05   0.000000e+00   5535s
  114114    6.4257452e+02   4.670458e+06   0.000000e+00   5543s
  114234    6.4260032e+02   2.687581e+06   0.000000e+00   5551s
  114364    6.4262833e+02   8.700521e+05   0.000000e+00   5559s
  114504    6.4266450e+02   9.071581e+05   0.000000e+00   5568s
  114644    6.4270368e+02   3.824740e+05   0.000000e+00   5577s
  114774    6.4274449e+02   2.804584e+05   0.000000e+00   5586s
  114904    6.4277957e+02   1.480120e+06   0.000000e+00   5594s
  115034    6.4281248e+02   1.929226e+05   0.000000e+00   5602s
  115164    6.4284832e+02   1.884886e+06   0.000000e+00   5611s
  115294    6.4288171e+02   2.994258e+05   0.000000e+00   5619s
  115424    6.4293036e+02   1.703679e+06   0.000000e+00   5627s
  115564    6.4296599e+02   3.728882e+06   0.000000e+00   5636s
  115694    6.4300431e+02   3.245398e+05   0.000000e+00   5645s
  115834    6.4304883e+02   3.606765e+06   0.000000e+00   5653s
  115964    6.4308903e+02   9.774181e+05   0.000000e+00   5662s
  116094    6.4312006e+02   2.910778e+05   0.000000e+00   5670s
  116224    6.4315366e+02   1.017056e+06   0.000000e+00   5678s
  116364    6.4319500e+02   2.734513e+06   0.000000e+00   5687s
  116504    6.4323707e+02   7.854726e+05   0.000000e+00   5696s
  116644    6.4326967e+02   3.234968e+05   0.000000e+00   5705s
  116784    6.4330946e+02   1.254457e+05   0.000000e+00   5714s
  116914    6.4334238e+02   2.408600e+06   0.000000e+00   5723s
  117054    6.4336910e+02   6.378824e+05   0.000000e+00   5732s
  117194    6.4339498e+02   8.668706e+05   0.000000e+00   5740s
  117324    6.4342434e+02   1.798060e+05   0.000000e+00   5749s
  117464    6.4346364e+02   2.770785e+05   0.000000e+00   5758s
  117604    6.4349925e+02   7.236279e+05   0.000000e+00   5767s
  117734    6.4352926e+02   7.258191e+06   0.000000e+00   5775s
  117864    6.4355731e+02   1.081881e+06   0.000000e+00   5784s
  117994    6.4359199e+02   4.374386e+05   0.000000e+00   5792s
  118134    6.4362973e+02   2.438632e+06   0.000000e+00   5801s
  118264    6.4366232e+02   2.291373e+06   0.000000e+00   5810s
  118394    6.4369950e+02   9.589302e+05   0.000000e+00   5818s
  118524    6.4373172e+02   8.440511e+05   0.000000e+00   5826s
  118664    6.4376562e+02   3.004276e+05   0.000000e+00   5835s
  118794    6.4380167e+02   2.609000e+05   0.000000e+00   5843s
  118924    6.4383596e+02   1.861800e+06   0.000000e+00   5852s
  119064    6.4387063e+02   1.603480e+06   0.000000e+00   5861s
  119204    6.4391267e+02   5.514651e+05   0.000000e+00   5870s
  119344    6.4394519e+02   3.274561e+05   0.000000e+00   5879s
  119484    6.4397599e+02   1.586378e+06   0.000000e+00   5888s
  119624    6.4401284e+02   5.212115e+05   0.000000e+00   5897s
  119754    6.4404708e+02   2.559079e+06   0.000000e+00   5905s
  119884    6.4408397e+02   1.091909e+06   0.000000e+00   5914s
  120014    6.4412238e+02   3.884267e+05   0.000000e+00   5922s
  120154    6.4417131e+02   1.936790e+05   0.000000e+00   5931s
  120294    6.4421453e+02   1.825578e+05   0.000000e+00   5941s
  120434    6.4424935e+02   7.870376e+05   0.000000e+00   5950s
  120574    6.4428427e+02   2.372577e+06   0.000000e+00   5959s
  120714    6.4432442e+02   3.362564e+05   0.000000e+00   5968s
  120854    6.4436643e+02   7.215618e+05   0.000000e+00   5977s
  120994    6.4440493e+02   3.738468e+06   0.000000e+00   5986s
  121124    6.4443849e+02   4.040819e+05   0.000000e+00   5995s
  121264    6.4447573e+02   2.598992e+06   0.000000e+00   6004s
  121394    6.4450620e+02   2.487839e+05   0.000000e+00   6013s
  121534    6.4455103e+02   6.684814e+05   0.000000e+00   6022s
  121674    6.4458766e+02   1.568725e+06   0.000000e+00   6031s
  121814    6.4462478e+02   1.937118e+05   0.000000e+00   6040s
  121944    6.4465261e+02   2.186025e+06   0.000000e+00   6049s
  122084    6.4468477e+02   2.910090e+05   0.000000e+00   6058s
  122224    6.4472128e+02   7.465407e+05   0.000000e+00   6067s
  122354    6.4475394e+02   7.672370e+06   0.000000e+00   6076s
  122494    6.4478657e+02   3.516738e+05   0.000000e+00   6085s
  122634    6.4482539e+02   5.350958e+05   0.000000e+00   6094s
  122774    6.4486653e+02   3.114053e+05   0.000000e+00   6103s
  122904    6.4490165e+02   2.777662e+05   0.000000e+00   6111s
  123034    6.4493660e+02   4.573808e+05   0.000000e+00   6120s
  123174    6.4497053e+02   4.853826e+05   0.000000e+00   6129s
  123304    6.4500821e+02   5.475260e+05   0.000000e+00   6138s
  123444    6.4504802e+02   6.078620e+05   0.000000e+00   6147s
  123564    6.4507677e+02   5.016769e+05   0.000000e+00   6155s
  123704    6.4511112e+02   2.958155e+05   0.000000e+00   6164s
  123834    6.4514111e+02   2.729190e+06   0.000000e+00   6172s
  123974    6.4517693e+02   1.908829e+05   0.000000e+00   6181s
  124114    6.4520811e+02   2.019077e+06   0.000000e+00   6190s
  124254    6.4524295e+02   1.271500e+05   0.000000e+00   6199s
  124394    6.4527815e+02   4.566001e+05   0.000000e+00   6208s
  124524    6.4530946e+02   7.404828e+05   0.000000e+00   6217s
  124664    6.4535596e+02   2.283183e+05   0.000000e+00   6226s
  124804    6.4538550e+02   1.281423e+06   0.000000e+00   6235s
  124924    6.4542138e+02   1.224174e+06   0.000000e+00   6243s
  125054    6.4544800e+02   9.188702e+05   0.000000e+00   6252s
  125194    6.4548318e+02   7.621962e+05   0.000000e+00   6261s
  125334    6.4551472e+02   2.668131e+06   0.000000e+00   6270s
  125464    6.4553626e+02   3.135287e+05   0.000000e+00   6279s
  125604    6.4556553e+02   2.511300e+05   0.000000e+00   6288s
  125744    6.4559826e+02   2.079471e+05   0.000000e+00   6297s
  125874    6.4563927e+02   1.537888e+06   0.000000e+00   6306s
  126014    6.4566454e+02   2.405301e+06   0.000000e+00   6315s
  126144    6.4569310e+02   1.257349e+05   0.000000e+00   6324s
  126284    6.4572138e+02   4.113543e+05   0.000000e+00   6333s
  126424    6.4575317e+02   1.063887e+06   0.000000e+00   6342s
  126564    6.4578127e+02   5.647847e+05   0.000000e+00   6351s
  126704    6.4581180e+02   4.703641e+05   0.000000e+00   6360s
  126844    6.4584168e+02   4.287257e+05   0.000000e+00   6369s
  126974    6.4586453e+02   6.833329e+05   0.000000e+00   6378s
  127104    6.4588637e+02   6.068158e+06   0.000000e+00   6386s
  127234    6.4590898e+02   2.883692e+05   0.000000e+00   6395s
  127374    6.4593436e+02   3.674816e+05   0.000000e+00   6404s
  127504    6.4595894e+02   4.808174e+06   0.000000e+00   6413s
  127644    6.4598301e+02   2.119826e+05   0.000000e+00   6422s
  127784    6.4601830e+02   4.768629e+05   0.000000e+00   6431s
  127924    6.4604714e+02   8.441646e+05   0.000000e+00   6440s
  128064    6.4607558e+02   4.003720e+05   0.000000e+00   6449s
  128204    6.4610008e+02   7.967741e+06   0.000000e+00   6459s
  128344    6.4612844e+02   1.012032e+06   0.000000e+00   6468s
  128484    6.4615842e+02   3.540151e+05   0.000000e+00   6477s
  128624    6.4619136e+02   3.106925e+05   0.000000e+00   6486s
  128764    6.4622409e+02   7.535765e+05   0.000000e+00   6495s
  128884    6.4625465e+02   3.792817e+05   0.000000e+00   6503s
  129014    6.4627558e+02   3.497542e+05   0.000000e+00   6512s
  129134    6.4630232e+02   6.013487e+05   0.000000e+00   6520s
  129264    6.4632710e+02   4.548449e+05   0.000000e+00   6529s
  129394    6.4635692e+02   2.886957e+05   0.000000e+00   6538s
  129524    6.4638277e+02   3.376245e+05   0.000000e+00   6546s
  129654    6.4641094e+02   4.430442e+05   0.000000e+00   6555s
  129784    6.4643864e+02   1.649629e+06   0.000000e+00   6564s
  129914    6.4646328e+02   1.953111e+05   0.000000e+00   6573s
  130054    6.4648799e+02   2.356619e+05   0.000000e+00   6582s
  130194    6.4652531e+02   2.915826e+06   0.000000e+00   6592s
  130324    6.4654986e+02   4.002935e+05   0.000000e+00   6600s
  130464    6.4657854e+02   2.327859e+06   0.000000e+00   6610s
  130604    6.4659971e+02   4.805202e+05   0.000000e+00   6619s
  130734    6.4662410e+02   3.985489e+06   0.000000e+00   6628s
  130874    6.4664935e+02   1.414871e+06   0.000000e+00   6637s
  131004    6.4667380e+02   4.435492e+05   0.000000e+00   6646s
  131144    6.4669761e+02   7.280123e+05   0.000000e+00   6655s
  131274    6.4672215e+02   1.083964e+06   0.000000e+00   6663s
  131404    6.4675620e+02   1.753282e+06   0.000000e+00   6672s
  131524    6.4677950e+02   7.793750e+05   0.000000e+00   6680s
  131664    6.4680915e+02   3.072795e+07   0.000000e+00   6689s
  131814    6.4684115e+02   6.040846e+05   0.000000e+00   6699s
  131954    6.4686979e+02   1.354888e+05   0.000000e+00   6708s
  132104    6.4689753e+02   1.817108e+05   0.000000e+00   6717s
  132244    6.4692246e+02   1.414198e+05   0.000000e+00   6727s
  132384    6.4695083e+02   8.946125e+05   0.000000e+00   6736s
  132524    6.4697489e+02   7.039929e+05   0.000000e+00   6745s
  132664    6.4699978e+02   4.377089e+05   0.000000e+00   6754s
  132804    6.4702256e+02   2.490800e+05   0.000000e+00   6763s
  132934    6.4704708e+02   8.940833e+05   0.000000e+00   6772s
  133074    6.4706701e+02   1.234211e+06   0.000000e+00   6781s
  133204    6.4708800e+02   2.128668e+06   0.000000e+00   6790s
  133334    6.4711487e+02   2.467207e+05   0.000000e+00   6798s
  133474    6.4713964e+02   2.904426e+06   0.000000e+00   6807s
  133604    6.4716004e+02   6.038153e+05   0.000000e+00   6816s
  133744    6.4718442e+02   2.788399e+05   0.000000e+00   6825s
  133874    6.4720462e+02   2.862770e+06   0.000000e+00   6834s
  134024    6.4722743e+02   4.818467e+05   0.000000e+00   6844s
  134164    6.4725512e+02   6.726648e+05   0.000000e+00   6853s
  134294    6.4727308e+02   7.995801e+05   0.000000e+00   6862s
  134424    6.4729576e+02   1.422947e+05   0.000000e+00   6870s
  134554    6.4731432e+02   9.580710e+05   0.000000e+00   6879s
  134694    6.4733644e+02   1.357872e+06   0.000000e+00   6888s
  134824    6.4735244e+02   2.277442e+05   0.000000e+00   6897s
  134964    6.4738609e+02   2.256812e+05   0.000000e+00   6906s
  135104    6.4740799e+02   8.678943e+05   0.000000e+00   6915s
  135244    6.4743414e+02   3.150820e+05   0.000000e+00   6925s
  135384    6.4745625e+02   1.719106e+05   0.000000e+00   6934s
  135524    6.4748425e+02   7.595594e+05   0.000000e+00   6943s
  135654    6.4750846e+02   3.429228e+05   0.000000e+00   6952s
  135784    6.4752757e+02   3.138746e+05   0.000000e+00   6961s
  135934    6.4755298e+02   2.873377e+05   0.000000e+00   6971s
  136074    6.4757375e+02   7.877410e+06   0.000000e+00   6980s
  136204    6.4759894e+02   1.426083e+06   0.000000e+00   6989s
  136344    6.4762218e+02   1.597539e+06   0.000000e+00   6998s
  136484    6.4764894e+02   3.536494e+05   0.000000e+00   7007s
  136614    6.4767421e+02   2.292499e+06   0.000000e+00   7016s
  136754    6.4770269e+02   9.182604e+04   0.000000e+00   7026s
  136884    6.4772912e+02   2.976453e+05   0.000000e+00   7034s
  137024    6.4775415e+02   2.076633e+05   0.000000e+00   7044s
  137154    6.4777818e+02   2.556613e+05   0.000000e+00   7053s
  137294    6.4780120e+02   7.431151e+05   0.000000e+00   7062s
  137424    6.4782121e+02   1.780740e+05   0.000000e+00   7071s
  137564    6.4784701e+02   1.005024e+06   0.000000e+00   7080s
  137704    6.4786938e+02   6.452051e+05   0.000000e+00   7090s
  137834    6.4788912e+02   3.491179e+05   0.000000e+00   7099s
  137954    6.4790569e+02   2.716290e+05   0.000000e+00   7107s
  138094    6.4793088e+02   4.424168e+05   0.000000e+00   7117s
  138234    6.4795366e+02   1.428216e+05   0.000000e+00   7126s
  138374    6.4797918e+02   3.613743e+05   0.000000e+00   7136s
  138514    6.4800047e+02   3.501642e+05   0.000000e+00   7145s
  138664    6.4801981e+02   1.296987e+05   0.000000e+00   7155s
  138814    6.4804055e+02   1.554180e+06   0.000000e+00   7165s
  138954    6.4806873e+02   2.449889e+06   0.000000e+00   7174s
  139094    6.4809317e+02   5.279289e+05   0.000000e+00   7184s
  139224    6.4811677e+02   7.953207e+05   0.000000e+00   7193s
  139354    6.4813799e+02   1.087063e+07   0.000000e+00   7202s
  139484    6.4815485e+02   3.273713e+05   0.000000e+00   7210s
  139614    6.4817402e+02   3.982796e+05   0.000000e+00   7219s
  139744    6.4819663e+02   8.865297e+05   0.000000e+00   7228s
  139874    6.4821199e+02   2.073177e+05   0.000000e+00   7237s
  140014    6.4823691e+02   3.128762e+06   0.000000e+00   7246s
  140154    6.4826306e+02   1.307636e+06   0.000000e+00   7256s
  140294    6.4828253e+02   1.281700e+06   0.000000e+00   7265s
  140424    6.4830868e+02   6.018450e+05   0.000000e+00   7274s
  140554    6.4833625e+02   1.375103e+06   0.000000e+00   7283s
  140704    6.4836625e+02   1.580747e+06   0.000000e+00   7293s
  140834    6.4838436e+02   9.650399e+05   0.000000e+00   7301s
  140964    6.4840734e+02   1.771290e+06   0.000000e+00   7310s
  141094    6.4842648e+02   1.625107e+06   0.000000e+00   7319s
  141234    6.4845094e+02   3.838394e+06   0.000000e+00   7328s
  141364    6.4846698e+02   5.228449e+06   0.000000e+00   7337s
  141494    6.4848826e+02   2.191772e+06   0.000000e+00   7346s
  141624    6.4850535e+02   1.534106e+06   0.000000e+00   7355s
  141764    6.4853056e+02   2.001613e+05   0.000000e+00   7364s
  141904    6.4855986e+02   4.902397e+06   0.000000e+00   7373s
  142044    6.4859100e+02   2.396673e+05   0.000000e+00   7383s
  142184    6.4861601e+02   1.608968e+05   0.000000e+00   7392s
  142324    6.4863914e+02   1.457685e+06   0.000000e+00   7401s
  142464    6.4866855e+02   6.287518e+05   0.000000e+00   7411s
  142594    6.4869558e+02   8.085956e+05   0.000000e+00   7420s
  142724    6.4871705e+02   8.842701e+06   0.000000e+00   7429s
  142874    6.4874090e+02   1.896395e+06   0.000000e+00   7439s
  143014    6.4877027e+02   3.421601e+05   0.000000e+00   7448s
  143154    6.4880406e+02   6.128459e+05   0.000000e+00   7457s
  143294    6.4883022e+02   7.889240e+05   0.000000e+00   7467s
  143424    6.4886042e+02   1.322229e+06   0.000000e+00   7476s
  143564    6.4888818e+02   1.771968e+05   0.000000e+00   7485s
  143704    6.4891563e+02   2.718379e+05   0.000000e+00   7495s
  143844    6.4894412e+02   4.960596e+05   0.000000e+00   7504s
  143974    6.4896693e+02   2.838718e+05   0.000000e+00   7513s
  144104    6.4899225e+02   2.700372e+05   0.000000e+00   7522s
  144244    6.4902145e+02   4.497357e+05   0.000000e+00   7531s
  144384    6.4904715e+02   1.396644e+05   0.000000e+00   7541s
  144534    6.4907343e+02   6.763941e+06   0.000000e+00   7550s
  144664    6.4909004e+02   1.031417e+06   0.000000e+00   7559s
  144804    6.4910665e+02   9.244147e+04   0.000000e+00   7568s
  144944    6.4912492e+02   1.023493e+06   0.000000e+00   7578s
  145084    6.4914015e+02   4.900137e+05   0.000000e+00   7586s
  145214    6.4915826e+02   5.946444e+06   0.000000e+00   7595s
  145334    6.4917603e+02   2.827581e+05   0.000000e+00   7604s
  145474    6.4920068e+02   1.034258e+05   0.000000e+00   7613s
  145614    6.4922923e+02   3.364077e+05   0.000000e+00   7622s
  145754    6.4925679e+02   3.550497e+05   0.000000e+00   7631s
  145884    6.4927965e+02   4.799131e+05   0.000000e+00   7640s
  146014    6.4930208e+02   4.064665e+05   0.000000e+00   7649s
  146154    6.4932556e+02   4.166870e+05   0.000000e+00   7658s
  146274    6.4934324e+02   7.301691e+05   0.000000e+00   7667s
  146394    6.4936311e+02   1.051787e+06   0.000000e+00   7675s
  146524    6.4937797e+02   4.735047e+05   0.000000e+00   7684s
  146644    6.4939527e+02   2.707430e+05   0.000000e+00   7692s
  146764    6.4941351e+02   1.343263e+05   0.000000e+00   7700s
  146894    6.4943699e+02   4.883818e+05   0.000000e+00   7709s
  147024    6.4945579e+02   1.265137e+05   0.000000e+00   7718s
  147154    6.4947804e+02   5.439012e+05   0.000000e+00   7727s
  147284    6.4950103e+02   1.232456e+05   0.000000e+00   7735s
  147424    6.4952583e+02   6.291838e+05   0.000000e+00   7745s
  147574    6.4954481e+02   1.560713e+06   0.000000e+00   7754s
  147714    6.4956371e+02   5.984660e+05   0.000000e+00   7763s
  147844    6.4958051e+02   1.028163e+07   0.000000e+00   7772s
  147974    6.4959356e+02   1.180581e+06   0.000000e+00   7781s
  148114    6.4961511e+02   2.647920e+05   0.000000e+00   7790s
  148244    6.4963526e+02   1.758207e+06   0.000000e+00   7799s
  148374    6.4965223e+02   3.618735e+05   0.000000e+00   7807s
  148494    6.4966662e+02   1.012956e+06   0.000000e+00   7816s
  148624    6.4968706e+02   5.670777e+05   0.000000e+00   7825s
  148754    6.4970301e+02   2.880045e+05   0.000000e+00   7833s
  148894    6.4972008e+02   4.220094e+05   0.000000e+00   7842s
  149024    6.4973692e+02   6.290479e+05   0.000000e+00   7851s
  149154    6.4975185e+02   1.649628e+06   0.000000e+00   7860s
  149284    6.4976871e+02   1.538231e+05   0.000000e+00   7868s
  149414    6.4979027e+02   4.109692e+05   0.000000e+00   7877s
  149534    6.4980316e+02   1.234953e+06   0.000000e+00   7885s
  149664    6.4982314e+02   1.370102e+05   0.000000e+00   7894s
  149794    6.4984363e+02   1.429852e+05   0.000000e+00   7903s
  149924    6.4986691e+02   1.392958e+05   0.000000e+00   7911s
  150054    6.4988401e+02   3.830138e+05   0.000000e+00   7920s
  150184    6.4990105e+02   4.789329e+05   0.000000e+00   7929s
  150314    6.4991748e+02   1.717427e+06   0.000000e+00   7937s
  150444    6.4993230e+02   4.797337e+05   0.000000e+00   7946s
  150584    6.4995507e+02   7.014265e+05   0.000000e+00   7955s
  150724    6.4997677e+02   1.956343e+05   0.000000e+00   7964s
  150854    6.4999184e+02   1.120824e+06   0.000000e+00   7973s
  150984    6.5001078e+02   5.253911e+05   0.000000e+00   7981s
  151124    6.5003225e+02   1.260609e+05   0.000000e+00   7990s
  151264    6.5005076e+02   4.150248e+06   0.000000e+00   8000s
  151404    6.5006842e+02   1.166018e+06   0.000000e+00   8008s
  151554    6.5008797e+02   8.076212e+04   0.000000e+00   8018s
  151694    6.5010251e+02   5.191080e+05   0.000000e+00   8027s
  151824    6.5011871e+02   7.617956e+05   0.000000e+00   8036s
  151954    6.5013875e+02   2.928865e+05   0.000000e+00   8044s
  152094    6.5015592e+02   1.051225e+05   0.000000e+00   8053s
  152224    6.5017467e+02   2.037768e+05   0.000000e+00   8062s
  152364    6.5019418e+02   7.053719e+05   0.000000e+00   8071s
  152494    6.5021422e+02   1.088352e+06   0.000000e+00   8080s
  152624    6.5023431e+02   7.068360e+05   0.000000e+00   8089s
  152764    6.5025502e+02   1.827921e+05   0.000000e+00   8098s
  152904    6.5027410e+02   8.453996e+06   0.000000e+00   8107s
  153034    6.5028629e+02   1.106554e+06   0.000000e+00   8116s
  153174    6.5030720e+02   2.444847e+05   0.000000e+00   8125s
  153304    6.5032892e+02   9.633689e+06   0.000000e+00   8134s
  153434    6.5034760e+02   4.992373e+05   0.000000e+00   8142s
  153574    6.5036789e+02   2.298915e+05   0.000000e+00   8152s
  153714    6.5038423e+02   5.127891e+05   0.000000e+00   8160s
  153864    6.5040066e+02   1.140385e+06   0.000000e+00   8170s
  154004    6.5042191e+02   3.957728e+05   0.000000e+00   8180s
  154144    6.5044683e+02   5.450845e+05   0.000000e+00   8190s
  154284    6.5046699e+02   1.667215e+06   0.000000e+00   8199s
  154414    6.5048392e+02   4.464518e+05   0.000000e+00   8208s
  154544    6.5049986e+02   2.671518e+05   0.000000e+00   8217s
  154684    6.5051657e+02   7.854749e+05   0.000000e+00   8227s
  154824    6.5053292e+02   3.540527e+06   0.000000e+00   8236s
  154964    6.5054952e+02   3.095155e+05   0.000000e+00   8246s
  155094    6.5056595e+02   1.657566e+05   0.000000e+00   8255s
  155234    6.5058187e+02   1.067969e+05   0.000000e+00   8264s
  155374    6.5059662e+02   4.498511e+05   0.000000e+00   8274s
  155504    6.5061104e+02   3.185239e+05   0.000000e+00   8283s
  155644    6.5062292e+02   1.302031e+06   0.000000e+00   8292s
  155784    6.5063328e+02   5.626694e+06   0.000000e+00   8302s
  155914    6.5064409e+02   2.113121e+06   0.000000e+00   8311s
  156054    6.5066541e+02   1.703898e+06   0.000000e+00   8321s
  156204    6.5068048e+02   3.728934e+05   0.000000e+00   8331s
  156344    6.5069724e+02   2.018504e+05   0.000000e+00   8340s
  156474    6.5071486e+02   3.658464e+05   0.000000e+00   8349s
  156604    6.5072996e+02   2.868043e+05   0.000000e+00   8359s
  156734    6.5074561e+02   2.095889e+05   0.000000e+00   8368s
  156864    6.5076119e+02   4.348114e+05   0.000000e+00   8377s
  157014    6.5077819e+02   1.253687e+05   0.000000e+00   8387s
  157154    6.5079707e+02   8.869191e+05   0.000000e+00   8397s
  157284    6.5081774e+02   4.163327e+05   0.000000e+00   8406s
  157414    6.5083405e+02   1.644316e+06   0.000000e+00   8415s
  157544    6.5084880e+02   4.429142e+05   0.000000e+00   8424s
  157674    6.5086404e+02   8.376170e+05   0.000000e+00   8433s
  157804    6.5088215e+02   2.544655e+06   0.000000e+00   8442s
  157944    6.5089673e+02   1.816584e+05   0.000000e+00   8452s
  158074    6.5091526e+02   3.977805e+05   0.000000e+00   8461s
  158204    6.5093423e+02   1.305552e+06   0.000000e+00   8470s
  158334    6.5095019e+02   5.299989e+05   0.000000e+00   8479s
  158474    6.5096256e+02   5.354122e+05   0.000000e+00   8489s
  158614    6.5097849e+02   1.130737e+06   0.000000e+00   8498s
  158774    6.5099880e+02   5.988132e+05   0.000000e+00   8509s
  158914    6.5101466e+02   3.783747e+05   0.000000e+00   8519s
  159044    6.5103095e+02   7.755906e+04   0.000000e+00   8528s
  159184    6.5104637e+02   1.725003e+05   0.000000e+00   8537s
  159324    6.5106243e+02   9.303837e+05   0.000000e+00   8547s
  159464    6.5107567e+02   1.460522e+05   0.000000e+00   8556s
  159604    6.5108829e+02   6.852003e+05   0.000000e+00   8566s
  159744    6.5110121e+02   2.178637e+05   0.000000e+00   8575s
  159884    6.5111703e+02   2.033265e+06   0.000000e+00   8585s
  160014    6.5112418e+02   3.704391e+06   0.000000e+00   8594s
  160154    6.5113767e+02   6.349031e+05   0.000000e+00   8604s
  160294    6.5115223e+02   8.940880e+05   0.000000e+00   8613s
  160424    6.5116649e+02   1.874660e+05   0.000000e+00   8622s
  160574    6.5118119e+02   8.034059e+05   0.000000e+00   8632s
  160714    6.5119188e+02   2.152720e+06   0.000000e+00   8642s
  160854    6.5120413e+02   2.557503e+05   0.000000e+00   8652s
  160994    6.5121634e+02   8.334611e+05   0.000000e+00   8661s
  161124    6.5123131e+02   2.049228e+05   0.000000e+00   8670s
  161254    6.5124288e+02   5.785449e+05   0.000000e+00   8679s
  161394    6.5125770e+02   1.127267e+06   0.000000e+00   8689s
  161534    6.5127164e+02   6.140906e+05   0.000000e+00   8698s
  161674    6.5128317e+02   2.721178e+05   0.000000e+00   8708s
  161804    6.5129784e+02   3.538542e+05   0.000000e+00   8717s
  161934    6.5131051e+02   1.480772e+06   0.000000e+00   8726s
  162074    6.5132339e+02   1.521290e+05   0.000000e+00   8735s
  162214    6.5133715e+02   1.511879e+06   0.000000e+00   8745s
  162364    6.5135243e+02   3.246788e+05   0.000000e+00   8755s
  162504    6.5136789e+02   2.252621e+05   0.000000e+00   8764s
  162644    6.5138848e+02   1.837289e+05   0.000000e+00   8774s
  162774    6.5140491e+02   2.121451e+05   0.000000e+00   8783s
  162914    6.5141999e+02   7.549983e+05   0.000000e+00   8792s
  163054    6.5143667e+02   1.398436e+05   0.000000e+00   8802s
  163184    6.5145258e+02   2.405338e+05   0.000000e+00   8810s
  163324    6.5146539e+02   4.741929e+05   0.000000e+00   8820s
  163464    6.5148008e+02   3.146269e+06   0.000000e+00   8830s
  163594    6.5149643e+02   1.209682e+05   0.000000e+00   8839s
  163744    6.5151638e+02   2.895634e+05   0.000000e+00   8849s
  163884    6.5153366e+02   4.127559e+05   0.000000e+00   8858s
  164014    6.5154612e+02   3.249276e+05   0.000000e+00   8867s
  164154    6.5155736e+02   3.790582e+05   0.000000e+00   8877s
  164294    6.5157289e+02   1.043232e+05   0.000000e+00   8886s
  164424    6.5158270e+02   2.347025e+06   0.000000e+00   8895s
  164554    6.5159635e+02   1.894024e+06   0.000000e+00   8904s
  164684    6.5160963e+02   3.606706e+05   0.000000e+00   8913s
  164824    6.5162962e+02   1.361027e+05   0.000000e+00   8923s
  164964    6.5164468e+02   1.392680e+05   0.000000e+00   8932s
  165104    6.5165746e+02   2.170497e+05   0.000000e+00   8942s
  165234    6.5167012e+02   5.974441e+05   0.000000e+00   8951s
  165364    6.5168308e+02   4.462850e+05   0.000000e+00   8960s
  165504    6.5169420e+02   7.100756e+05   0.000000e+00   8969s
  165644    6.5170214e+02   1.908366e+06   0.000000e+00   8979s
  165774    6.5171625e+02   2.937161e+06   0.000000e+00   8988s
  165904    6.5172523e+02   3.316846e+05   0.000000e+00   8996s
  166034    6.5173322e+02   3.055058e+05   0.000000e+00   9006s
  166164    6.5174408e+02   3.662791e+05   0.000000e+00   9015s
  166304    6.5175778e+02   1.533330e+05   0.000000e+00   9024s
  166454    6.5177359e+02   5.226232e+05   0.000000e+00   9034s
  166594    6.5178329e+02   6.427926e+05   0.000000e+00   9044s
  166744    6.5180026e+02   4.730806e+05   0.000000e+00   9054s
  166874    6.5181894e+02   3.052480e+05   0.000000e+00   9063s
  167004    6.5183581e+02   1.554116e+05   0.000000e+00   9072s
  167154    6.5185216e+02   1.623528e+05   0.000000e+00   9082s
  167294    6.5186808e+02   1.310280e+06   0.000000e+00   9091s
  167434    6.5188262e+02   1.118675e+05   0.000000e+00   9101s
  167574    6.5189602e+02   8.414616e+05   0.000000e+00   9110s
  167714    6.5190749e+02   1.589112e+05   0.000000e+00   9119s
  167844    6.5191895e+02   3.473395e+05   0.000000e+00   9128s
  167974    6.5193198e+02   2.774027e+05   0.000000e+00   9137s
  168114    6.5194567e+02   1.866291e+05   0.000000e+00   9147s
  168254    6.5195790e+02   9.202903e+05   0.000000e+00   9156s
  168394    6.5196951e+02   7.501258e+05   0.000000e+00   9165s
  168524    6.5198153e+02   3.078329e+05   0.000000e+00   9174s
  168664    6.5199522e+02   3.147283e+05   0.000000e+00   9183s
  168794    6.5200909e+02   1.661674e+05   0.000000e+00   9192s
  168954    6.5202502e+02   5.462488e+05   0.000000e+00   9202s
  169104    6.5203729e+02   2.841248e+05   0.000000e+00   9212s
  169244    6.5204981e+02   3.081531e+06   0.000000e+00   9221s
  169384    6.5206101e+02   5.300802e+05   0.000000e+00   9231s
  169514    6.5207292e+02   1.006503e+06   0.000000e+00   9239s
  169644    6.5208866e+02   1.532512e+05   0.000000e+00   9248s
  169774    6.5210051e+02   1.081297e+05   0.000000e+00   9257s
  169904    6.5211270e+02   1.997701e+05   0.000000e+00   9266s
  170034    6.5212426e+02   1.354729e+05   0.000000e+00   9275s
  170174    6.5213904e+02   1.410906e+05   0.000000e+00   9285s
  170304    6.5214888e+02   3.716080e+05   0.000000e+00   9294s
  170444    6.5215909e+02   1.803245e+05   0.000000e+00   9303s
  170584    6.5216995e+02   4.361466e+04   0.000000e+00   9312s
  170714    6.5217984e+02   6.078341e+04   0.000000e+00   9321s
  170844    6.5219212e+02   2.174437e+05   0.000000e+00   9330s
  170974    6.5220645e+02   2.315368e+05   0.000000e+00   9339s
  171104    6.5221586e+02   3.589417e+05   0.000000e+00   9348s
  171244    6.5222630e+02   6.601468e+06   0.000000e+00   9357s
  171394    6.5223712e+02   1.049201e+05   0.000000e+00   9366s
  171534    6.5224956e+02   3.184605e+05   0.000000e+00   9376s
  171674    6.5226043e+02   2.465625e+05   0.000000e+00   9385s
  171814    6.5227788e+02   2.609634e+05   0.000000e+00   9394s
  171954    6.5229178e+02   2.597088e+05   0.000000e+00   9404s
  172104    6.5230829e+02   3.345187e+05   0.000000e+00   9414s
  172254    6.5232232e+02   1.521575e+05   0.000000e+00   9423s
  172404    6.5233820e+02   4.644856e+05   0.000000e+00   9433s
  172554    6.5235299e+02   3.757304e+05   0.000000e+00   9443s
  172694    6.5236301e+02   1.040823e+05   0.000000e+00   9452s
  172834    6.5237471e+02   5.476045e+05   0.000000e+00   9461s
  172974    6.5238554e+02   1.464911e+06   0.000000e+00   9470s
  173114    6.5239518e+02   4.744773e+05   0.000000e+00   9479s
  173254    6.5240529e+02   7.253267e+04   0.000000e+00   9488s
  173394    6.5241420e+02   3.684815e+05   0.000000e+00   9497s
  173534    6.5242427e+02   3.910761e+05   0.000000e+00   9506s
  173674    6.5243349e+02   3.266739e+06   0.000000e+00   9516s
  173814    6.5244258e+02   4.586735e+05   0.000000e+00   9525s
  173954    6.5245350e+02   5.762621e+05   0.000000e+00   9534s
  174094    6.5246547e+02   1.340897e+05   0.000000e+00   9543s
  174234    6.5247670e+02   3.415646e+06   0.000000e+00   9553s
  174374    6.5248658e+02   3.465631e+05   0.000000e+00   9562s
  174514    6.5249964e+02   1.106078e+05   0.000000e+00   9571s
  174644    6.5251040e+02   6.203821e+04   0.000000e+00   9580s
  174784    6.5251713e+02   2.108824e+06   0.000000e+00   9589s
  174924    6.5252805e+02   2.852441e+05   0.000000e+00   9598s
  175064    6.5254163e+02   4.569493e+05   0.000000e+00   9608s
  175204    6.5255380e+02   9.312182e+04   0.000000e+00   9617s
  175354    6.5256168e+02   1.396549e+05   0.000000e+00   9627s
  175494    6.5257586e+02   6.912044e+05   0.000000e+00   9636s
  175634    6.5258846e+02   1.088185e+06   0.000000e+00   9645s
  175774    6.5259926e+02   3.489799e+06   0.000000e+00   9655s
  175924    6.5260956e+02   6.321746e+05   0.000000e+00   9664s
  176064    6.5262076e+02   1.990664e+05   0.000000e+00   9674s
  176204    6.5263136e+02   1.157053e+05   0.000000e+00   9684s
  176354    6.5264246e+02   1.334139e+06   0.000000e+00   9694s
  176504    6.5265125e+02   3.091161e+06   0.000000e+00   9704s
  176644    6.5266262e+02   3.758440e+06   0.000000e+00   9713s
  176794    6.5267683e+02   2.801417e+05   0.000000e+00   9723s
  176934    6.5269026e+02   4.775310e+05   0.000000e+00   9732s
  177074    6.5270607e+02   6.669302e+05   0.000000e+00   9741s
  177214    6.5271642e+02   2.225211e+06   0.000000e+00   9750s
  177354    6.5272939e+02   8.170857e+04   0.000000e+00   9759s
  177494    6.5274291e+02   2.722407e+05   0.000000e+00   9769s
  177624    6.5275557e+02   2.395753e+05   0.000000e+00   9777s
  177754    6.5276710e+02   4.858230e+05   0.000000e+00   9786s
  177894    6.5277925e+02   1.278520e+05   0.000000e+00   9795s
  178044    6.5278923e+02   7.801392e+05   0.000000e+00   9805s
  178184    6.5280155e+02   1.273864e+05   0.000000e+00   9814s
  178324    6.5281391e+02   9.693393e+04   0.000000e+00   9823s
  178464    6.5282746e+02   7.043579e+04   0.000000e+00   9833s
  178604    6.5283923e+02   4.728259e+05   0.000000e+00   9842s
  178744    6.5284940e+02   2.251556e+05   0.000000e+00   9851s
  178884    6.5286160e+02   1.738220e+06   0.000000e+00   9860s
  179014    6.5287081e+02   1.475168e+05   0.000000e+00   9869s
  179144    6.5287918e+02   2.250552e+05   0.000000e+00   9878s
  179284    6.5288887e+02   1.207115e+05   0.000000e+00   9887s
  179434    6.5290148e+02   4.584387e+05   0.000000e+00   9897s
  179574    6.5291329e+02   2.075666e+05   0.000000e+00   9906s
  179714    6.5292268e+02   1.047478e+06   0.000000e+00   9915s
  179864    6.5293279e+02   2.288468e+05   0.000000e+00   9925s
  180004    6.5294564e+02   6.853540e+04   0.000000e+00   9934s
  180144    6.5296002e+02   2.510387e+05   0.000000e+00   9943s
  180274    6.5297030e+02   2.094337e+05   0.000000e+00   9952s
  180404    6.5298370e+02   5.936008e+05   0.000000e+00   9960s
  180544    6.5299574e+02   8.412200e+05   0.000000e+00   9969s
  180684    6.5300629e+02   1.213028e+05   0.000000e+00   9978s
  180814    6.5301360e+02   3.650103e+05   0.000000e+00   9987s
  180954    6.5302166e+02   1.140044e+05   0.000000e+00   9996s
  181094    6.5303253e+02   5.620463e+04   0.000000e+00  10005s
  181224    6.5304174e+02   9.723724e+05   0.000000e+00  10014s
  181354    6.5305002e+02   3.994033e+06   0.000000e+00  10023s
  181494    6.5305752e+02   1.593485e+05   0.000000e+00  10032s
  181654    6.5307298e+02   1.069020e+05   0.000000e+00  10042s
  181804    6.5308302e+02   1.496913e+05   0.000000e+00  10052s
  181944    6.5309293e+02   2.679298e+05   0.000000e+00  10061s
  182084    6.5310295e+02   4.735393e+05   0.000000e+00  10070s
  182214    6.5311296e+02   1.566293e+06   0.000000e+00  10078s
  182344    6.5312163e+02   5.928010e+05   0.000000e+00  10087s
  182474    6.5313190e+02   1.008773e+05   0.000000e+00  10096s
  182604    6.5314287e+02   1.601119e+05   0.000000e+00  10104s
  182744    6.5315369e+02   2.004573e+05   0.000000e+00  10113s
  182894    6.5316161e+02   2.722763e+06   0.000000e+00  10123s
  183044    6.5316906e+02   4.685185e+05   0.000000e+00  10132s
  183194    6.5317935e+02   2.652292e+05   0.000000e+00  10142s
  183344    6.5318924e+02   1.213173e+05   0.000000e+00  10151s
  183484    6.5319763e+02   1.247352e+05   0.000000e+00  10161s
  183624    6.5320584e+02   1.188844e+06   0.000000e+00  10170s
  183764    6.5321528e+02   5.181122e+05   0.000000e+00  10179s
  183904    6.5322620e+02   8.001684e+04   0.000000e+00  10188s
  184044    6.5323615e+02   5.638632e+05   0.000000e+00  10196s
  184184    6.5324986e+02   4.345540e+05   0.000000e+00  10205s
  184324    6.5325689e+02   9.680677e+05   0.000000e+00  10214s
  184454    6.5326256e+02   1.982374e+05   0.000000e+00  10223s
  184594    6.5327237e+02   6.812397e+04   0.000000e+00  10232s
  184734    6.5328384e+02   5.079281e+05   0.000000e+00  10241s
  184864    6.5329318e+02   1.722370e+05   0.000000e+00  10250s
  184994    6.5330209e+02   2.111374e+05   0.000000e+00  10259s
  185134    6.5331242e+02   1.231976e+05   0.000000e+00  10267s
  185274    6.5332356e+02   3.515836e+05   0.000000e+00  10277s
  185414    6.5333466e+02   3.388045e+05   0.000000e+00  10286s
  185554    6.5334550e+02   1.572737e+05   0.000000e+00  10295s
  185694    6.5335376e+02   9.994227e+04   0.000000e+00  10304s
  185824    6.5336458e+02   3.089574e+05   0.000000e+00  10313s
  185964    6.5337283e+02   4.296029e+05   0.000000e+00  10322s
  186104    6.5338079e+02   2.162810e+05   0.000000e+00  10331s
  186244    6.5338746e+02   1.452287e+06   0.000000e+00  10341s
  186384    6.5339376e+02   3.094105e+05   0.000000e+00  10349s
  186524    6.5340229e+02   1.161226e+07   0.000000e+00  10358s
  186664    6.5341100e+02   4.232188e+05   0.000000e+00  10367s
  186804    6.5342005e+02   1.627996e+05   0.000000e+00  10376s
  186954    6.5343095e+02   6.999608e+04   0.000000e+00  10386s
  187084    6.5343850e+02   1.588712e+05   0.000000e+00  10394s
  187214    6.5344899e+02   5.746159e+04   0.000000e+00  10403s
  187354    6.5345779e+02   6.640789e+04   0.000000e+00  10412s
  187494    6.5346822e+02   1.560184e+05   0.000000e+00  10421s
  187644    6.5347985e+02   1.803169e+05   0.000000e+00  10430s
  187804    6.5349144e+02   6.091472e+04   0.000000e+00  10440s
  187954    6.5350134e+02   8.713194e+04   0.000000e+00  10450s
  188104    6.5350872e+02   5.398700e+04   0.000000e+00  10459s
  188234    6.5351579e+02   1.014930e+06   0.000000e+00  10468s
  188374    6.5352367e+02   3.641774e+05   0.000000e+00  10477s
  188504    6.5353227e+02   1.763418e+05   0.000000e+00  10486s
  188644    6.5354025e+02   7.181955e+04   0.000000e+00  10495s
  188784    6.5354834e+02   1.753144e+05   0.000000e+00  10504s
  188924    6.5355679e+02   1.337390e+05   0.000000e+00  10513s
  189064    6.5356558e+02   3.749435e+05   0.000000e+00  10522s
  189204    6.5357286e+02   1.768990e+05   0.000000e+00  10530s
  189344    6.5358082e+02   1.307738e+05   0.000000e+00  10540s
  189484    6.5358696e+02   3.490799e+04   0.000000e+00  10549s
  189624    6.5359671e+02   2.896132e+05   0.000000e+00  10558s
  189764    6.5360383e+02   7.422070e+05   0.000000e+00  10566s
  189894    6.5361082e+02   2.139356e+06   0.000000e+00  10575s
  190034    6.5361775e+02   1.275303e+05   0.000000e+00  10584s
  190184    6.5362531e+02   9.608380e+04   0.000000e+00  10593s
  190324    6.5363362e+02   2.587087e+05   0.000000e+00  10602s
  190464    6.5364098e+02   1.645258e+05   0.000000e+00  10611s
  190604    6.5364867e+02   7.030376e+04   0.000000e+00  10620s
  190744    6.5365533e+02   6.711421e+04   0.000000e+00  10629s
  190884    6.5366115e+02   4.424217e+05   0.000000e+00  10638s
  191024    6.5366841e+02   9.318354e+04   0.000000e+00  10646s
  191154    6.5367251e+02   4.998660e+05   0.000000e+00  10655s
  191304    6.5367742e+02   1.124236e+06   0.000000e+00  10665s
  191444    6.5368439e+02   1.194409e+05   0.000000e+00  10674s
  191584    6.5369192e+02   3.876671e+05   0.000000e+00  10683s
  191714    6.5369608e+02   1.134520e+05   0.000000e+00  10691s
  191854    6.5370317e+02   5.135738e+04   0.000000e+00  10700s
  191994    6.5371050e+02   2.480672e+04   0.000000e+00  10709s
  192134    6.5371836e+02   4.109870e+05   0.000000e+00  10718s
  192284    6.5372658e+02   2.916911e+05   0.000000e+00  10727s
  192424    6.5373317e+02   2.141888e+05   0.000000e+00  10736s
  192564    6.5373886e+02   1.976068e+05   0.000000e+00  10745s
  192704    6.5374573e+02   6.369570e+05   0.000000e+00  10754s
  192844    6.5375223e+02   2.463818e+05   0.000000e+00  10763s
  192984    6.5375912e+02   8.417104e+05   0.000000e+00  10772s
  193124    6.5376591e+02   2.991722e+05   0.000000e+00  10781s
  193274    6.5377467e+02   2.275653e+05   0.000000e+00  10791s
  193424    6.5378090e+02   2.724120e+06   0.000000e+00  10800s
  193564    6.5378488e+02   1.729177e+05   0.000000e+00  10809s
  193694    6.5379014e+02   8.068741e+05   0.000000e+00  10818s
  193834    6.5379581e+02   4.937064e+05   0.000000e+00  10827s
  193984    6.5380394e+02   1.005543e+06   0.000000e+00  10837s
  194124    6.5380843e+02   5.172051e+05   0.000000e+00  10846s
  194274    6.5381279e+02   2.365840e+05   0.000000e+00  10855s
  194434    6.5381800e+02   1.584264e+05   0.000000e+00  10866s
  194594    6.5382397e+02   1.931239e+06   0.000000e+00  10875s
  194754    6.5383142e+02   1.436070e+05   0.000000e+00  10885s
  194894    6.5383912e+02   5.412617e+04   0.000000e+00  10895s
  195034    6.5384750e+02   7.240844e+04   0.000000e+00  10904s
  195184    6.5385847e+02   6.167462e+05   0.000000e+00  10913s
  195324    6.5386405e+02   8.617143e+04   0.000000e+00  10922s
  195474    6.5386998e+02   7.504005e+05   0.000000e+00  10931s
  195624    6.5387582e+02   1.042550e+05   0.000000e+00  10941s
  195774    6.5388290e+02   3.648472e+04   0.000000e+00  10950s
  195924    6.5388743e+02   2.615429e+05   0.000000e+00  10959s
  196064    6.5389272e+02   1.956114e+05   0.000000e+00  10968s
  196194    6.5390018e+02   6.982893e+04   0.000000e+00  10977s
  196324    6.5390651e+02   2.267021e+05   0.000000e+00  10985s
  196454    6.5391280e+02   2.191988e+05   0.000000e+00  10994s
  196584    6.5391877e+02   5.743925e+04   0.000000e+00  11003s
  196724    6.5392475e+02   2.594739e+05   0.000000e+00  11012s
  196864    6.5392935e+02   4.569178e+04   0.000000e+00  11021s
  197014    6.5393480e+02   4.814848e+05   0.000000e+00  11030s
  197154    6.5394001e+02   6.163618e+04   0.000000e+00  11039s
  197294    6.5394583e+02   2.630260e+05   0.000000e+00  11048s
  197434    6.5395084e+02   2.949966e+05   0.000000e+00  11057s
  197584    6.5395629e+02   3.730825e+05   0.000000e+00  11067s
  197734    6.5396100e+02   9.394279e+04   0.000000e+00  11076s
  197874    6.5396641e+02   1.859308e+05   0.000000e+00  11085s
  198014    6.5397265e+02   1.190186e+05   0.000000e+00  11094s
  198164    6.5397753e+02   4.754619e+05   0.000000e+00  11104s
  198314    6.5398138e+02   4.452668e+04   0.000000e+00  11113s
  198454    6.5398731e+02   1.621874e+05   0.000000e+00  11122s
  198594    6.5399263e+02   1.460964e+05   0.000000e+00  11131s
  198734    6.5399822e+02   6.359877e+04   0.000000e+00  11140s
  198874    6.5400360e+02   2.219713e+05   0.000000e+00  11149s
  199024    6.5401004e+02   3.749207e+05   0.000000e+00  11158s
  199164    6.5401613e+02   8.190377e+04   0.000000e+00  11167s
  199304    6.5402011e+02   2.024087e+05   0.000000e+00  11176s
  199444    6.5402554e+02   8.235841e+04   0.000000e+00  11185s
  199584    6.5403083e+02   4.012439e+05   0.000000e+00  11194s
  199724    6.5403823e+02   7.898910e+05   0.000000e+00  11203s
  199864    6.5404554e+02   6.214749e+04   0.000000e+00  11212s
  200014    6.5405231e+02   7.733357e+04   0.000000e+00  11222s
  200154    6.5405701e+02   9.603029e+06   0.000000e+00  11231s
  200294    6.5406166e+02   1.185524e+05   0.000000e+00  11239s
  200444    6.5406802e+02   1.602955e+05   0.000000e+00  11249s
  200584    6.5407415e+02   1.715395e+05   0.000000e+00  11258s
  200734    6.5408018e+02   1.386073e+05   0.000000e+00  11267s
  200864    6.5408578e+02   1.518065e+05   0.000000e+00  11276s
  201004    6.5409094e+02   8.310044e+04   0.000000e+00  11285s
  201154    6.5409655e+02   9.661392e+04   0.000000e+00  11294s
  201304    6.5410342e+02   2.950958e+04   0.000000e+00  11304s
  201454    6.5410910e+02   1.399312e+05   0.000000e+00  11313s
  201604    6.5411419e+02   7.640655e+04   0.000000e+00  11322s
  201764    6.5412083e+02   8.985927e+05   0.000000e+00  11332s
  201914    6.5412770e+02   7.582730e+04   0.000000e+00  11342s
  202054    6.5413239e+02   1.397598e+05   0.000000e+00  11351s
  202204    6.5413746e+02   6.060371e+04   0.000000e+00  11360s
  202344    6.5414241e+02   4.466297e+04   0.000000e+00  11369s
  202484    6.5414828e+02   1.492379e+05   0.000000e+00  11378s
  202624    6.5415293e+02   5.201916e+05   0.000000e+00  11387s
  202764    6.5415895e+02   5.626937e+04   0.000000e+00  11396s
  202914    6.5416447e+02   2.698073e+04   0.000000e+00  11405s
  203064    6.5417114e+02   3.876921e+05   0.000000e+00  11414s
  203214    6.5417893e+02   9.362969e+04   0.000000e+00  11424s
  203364    6.5418503e+02   2.337490e+05   0.000000e+00  11433s
  203524    6.5419028e+02   1.481257e+05   0.000000e+00  11443s
  203664    6.5419647e+02   5.616755e+04   0.000000e+00  11452s
  203804    6.5420107e+02   4.303291e+05   0.000000e+00  11461s
  203954    6.5420723e+02   3.469356e+04   0.000000e+00  11471s
  204104    6.5421315e+02   5.180259e+04   0.000000e+00  11480s
  204244    6.5421792e+02   9.066249e+05   0.000000e+00  11489s
  204374    6.5422255e+02   7.492486e+04   0.000000e+00  11498s
  204514    6.5422676e+02   7.514974e+04   0.000000e+00  11507s
  204654    6.5423143e+02   3.553758e+05   0.000000e+00  11516s
  204794    6.5423520e+02   7.886200e+04   0.000000e+00  11525s
  204944    6.5424059e+02   4.384565e+05   0.000000e+00  11534s
  205094    6.5424548e+02   5.482039e+04   0.000000e+00  11544s
  205234    6.5424961e+02   9.711228e+04   0.000000e+00  11553s
  205374    6.5425499e+02   2.985378e+05   0.000000e+00  11561s
  205514    6.5426080e+02   1.564153e+05   0.000000e+00  11570s
  205664    6.5426600e+02   2.115897e+05   0.000000e+00  11580s
  205814    6.5427043e+02   3.861560e+04   0.000000e+00  11589s
  205964    6.5427502e+02   1.953853e+05   0.000000e+00  11599s
  206114    6.5427978e+02   7.003257e+04   0.000000e+00  11609s
  206254    6.5428338e+02   3.141428e+04   0.000000e+00  11618s
  206394    6.5428691e+02   1.126235e+05   0.000000e+00  11627s
  206534    6.5429106e+02   2.798567e+05   0.000000e+00  11636s
  206684    6.5429703e+02   4.415429e+04   0.000000e+00  11645s
  206834    6.5430195e+02   2.603676e+05   0.000000e+00  11654s
  206984    6.5430614e+02   9.490766e+04   0.000000e+00  11664s
  207144    6.5431171e+02   1.359898e+05   0.000000e+00  11674s
  207294    6.5431719e+02   1.633396e+05   0.000000e+00  11683s
  207444    6.5432147e+02   3.858251e+04   0.000000e+00  11693s
  207584    6.5432682e+02   1.584694e+05   0.000000e+00  11702s
  207734    6.5433161e+02   5.320786e+05   0.000000e+00  11711s
  207884    6.5433556e+02   5.230346e+05   0.000000e+00  11720s
  208034    6.5434029e+02   1.185445e+05   0.000000e+00  11730s
  208184    6.5434480e+02   2.304575e+05   0.000000e+00  11739s
  208334    6.5434956e+02   1.945861e+05   0.000000e+00  11748s
  208484    6.5435433e+02   1.034477e+05   0.000000e+00  11757s
  208644    6.5436043e+02   6.410008e+04   0.000000e+00  11767s
  208794    6.5436638e+02   3.318781e+04   0.000000e+00  11776s
  208944    6.5437233e+02   3.030369e+04   0.000000e+00  11785s
  209104    6.5437773e+02   3.607978e+04   0.000000e+00  11795s
  209254    6.5438346e+02   2.403711e+05   0.000000e+00  11804s
  209404    6.5438893e+02   1.187060e+05   0.000000e+00  11813s
  209564    6.5439371e+02   1.259724e+05   0.000000e+00  11823s
  209724    6.5440004e+02   4.494952e+04   0.000000e+00  11832s
  209874    6.5440474e+02   6.383624e+04   0.000000e+00  11842s
  210014    6.5441040e+02   1.717310e+05   0.000000e+00  11850s
  210154    6.5441475e+02   2.677026e+05   0.000000e+00  11859s
  210304    6.5442021e+02   3.043405e+04   0.000000e+00  11868s
  210444    6.5442320e+02   5.375322e+04   0.000000e+00  11877s
  210584    6.5442704e+02   1.996146e+05   0.000000e+00  11886s
  210734    6.5443078e+02   1.524014e+05   0.000000e+00  11895s
  210874    6.5443351e+02   1.642656e+05   0.000000e+00  11904s
  211014    6.5443703e+02   3.241797e+05   0.000000e+00  11913s
  211164    6.5444107e+02   3.353277e+04   0.000000e+00  11922s
  211314    6.5444542e+02   2.435941e+05   0.000000e+00  11931s
  211464    6.5444852e+02   2.856890e+04   0.000000e+00  11940s
  211614    6.5445256e+02   8.142485e+04   0.000000e+00  11949s
  211764    6.5445824e+02   8.973992e+04   0.000000e+00  11958s
  211914    6.5446198e+02   2.411535e+04   0.000000e+00  11967s
  212064    6.5446615e+02   8.502123e+04   0.000000e+00  11976s
  212204    6.5447022e+02   2.223844e+04   0.000000e+00  11985s
  212354    6.5447431e+02   1.116047e+06   0.000000e+00  11994s
  212494    6.5447908e+02   1.161131e+05   0.000000e+00  12003s
  212654    6.5448382e+02   3.504503e+05   0.000000e+00  12013s
  212814    6.5448827e+02   1.321775e+05   0.000000e+00  12022s
  212964    6.5449246e+02   9.988921e+06   0.000000e+00  12032s
  213114    6.5449643e+02   9.278486e+04   0.000000e+00  12041s
  213274    6.5450067e+02   4.677191e+04   0.000000e+00  12051s
  213424    6.5450507e+02   2.720261e+05   0.000000e+00  12060s
  213574    6.5450816e+02   2.092503e+04   0.000000e+00  12069s
  213714    6.5451169e+02   4.042411e+04   0.000000e+00  12078s
  213864    6.5451499e+02   2.595101e+06   0.000000e+00  12087s
  214004    6.5451847e+02   1.876986e+05   0.000000e+00  12096s
  214144    6.5452251e+02   2.173846e+05   0.000000e+00  12105s
  214294    6.5452644e+02   4.258916e+04   0.000000e+00  12114s
  214454    6.5452983e+02   5.089715e+04   0.000000e+00  12124s
  214604    6.5453393e+02   9.791863e+04   0.000000e+00  12133s
  214754    6.5453748e+02   5.921178e+04   0.000000e+00  12141s
  214904    6.5454026e+02   5.742300e+04   0.000000e+00  12150s
  215074    6.5454484e+02   7.202842e+04   0.000000e+00  12160s
  215234    6.5454827e+02   2.120011e+05   0.000000e+00  12169s
  215384    6.5455150e+02   9.077190e+04   0.000000e+00  12178s
  215544    6.5455507e+02   8.151943e+04   0.000000e+00  12188s
  215694    6.5456011e+02   1.471808e+05   0.000000e+00  12197s
  215844    6.5456426e+02   1.429307e+04   0.000000e+00  12206s
  215984    6.5456745e+02   5.762418e+04   0.000000e+00  12214s
  216134    6.5457196e+02   9.405060e+04   0.000000e+00  12224s
  216284    6.5457592e+02   1.270326e+05   0.000000e+00  12233s
  216424    6.5457912e+02   2.457681e+04   0.000000e+00  12242s
  216574    6.5458237e+02   9.530133e+05   0.000000e+00  12251s
  216734    6.5458729e+02   3.189190e+04   0.000000e+00  12261s
  216874    6.5459136e+02   1.984111e+05   0.000000e+00  12270s
  217024    6.5459705e+02   7.206746e+04   0.000000e+00  12279s
  217174    6.5460104e+02   2.289835e+05   0.000000e+00  12288s
  217334    6.5460464e+02   5.499750e+04   0.000000e+00  12298s
  217484    6.5460877e+02   1.722065e+05   0.000000e+00  12307s
  217644    6.5461268e+02   8.230022e+04   0.000000e+00  12317s
  217794    6.5461742e+02   2.793763e+04   0.000000e+00  12326s
  217944    6.5462123e+02   7.709882e+04   0.000000e+00  12335s
  218094    6.5462542e+02   1.057443e+05   0.000000e+00  12344s
  218244    6.5462912e+02   2.724356e+04   0.000000e+00  12354s
  218394    6.5463200e+02   1.788670e+04   0.000000e+00  12363s
  218544    6.5463545e+02   5.423067e+04   0.000000e+00  12372s
  218684    6.5463813e+02   1.614306e+04   0.000000e+00  12381s
  218834    6.5464214e+02   4.319794e+04   0.000000e+00  12390s
  218984    6.5464733e+02   4.956778e+04   0.000000e+00  12399s
  219134    6.5465130e+02   3.912943e+04   0.000000e+00  12408s
  219284    6.5465670e+02   4.333443e+04   0.000000e+00  12417s
  219434    6.5465984e+02   3.629781e+04   0.000000e+00  12427s
  219584    6.5466283e+02   4.646959e+04   0.000000e+00  12436s
  219734    6.5466699e+02   5.979814e+04   0.000000e+00  12445s
  219884    6.5467062e+02   1.287651e+05   0.000000e+00  12454s
  220034    6.5467386e+02   1.528224e+05   0.000000e+00  12463s
  220194    6.5467903e+02   2.284471e+04   0.000000e+00  12473s
  220354    6.5468238e+02   4.619675e+05   0.000000e+00  12483s
  220504    6.5468544e+02   1.077403e+05   0.000000e+00  12492s
  220654    6.5468976e+02   1.990242e+04   0.000000e+00  12501s
  220804    6.5469343e+02   2.387479e+04   0.000000e+00  12510s
  220954    6.5469661e+02   3.113871e+05   0.000000e+00  12520s
  221114    6.5469951e+02   2.842969e+04   0.000000e+00  12529s
  221274    6.5470293e+02   4.233901e+04   0.000000e+00  12539s
  221424    6.5470622e+02   2.075248e+04   0.000000e+00  12548s
  221584    6.5470998e+02   6.770221e+04   0.000000e+00  12558s
  221734    6.5471257e+02   1.196896e+05   0.000000e+00  12567s
  221884    6.5471538e+02   4.481692e+04   0.000000e+00  12576s
  222044    6.5471791e+02   6.893299e+04   0.000000e+00  12586s
  222204    6.5472148e+02   8.437728e+04   0.000000e+00  12596s
  222364    6.5472469e+02   4.442442e+04   0.000000e+00  12605s
  222524    6.5472837e+02   7.438027e+04   0.000000e+00  12615s
  222674    6.5473104e+02   1.090371e+05   0.000000e+00  12624s
  222824    6.5473463e+02   3.568756e+04   0.000000e+00  12633s
  222974    6.5473687e+02   2.621138e+05   0.000000e+00  12642s
  223114    6.5473934e+02   3.691688e+05   0.000000e+00  12651s
  223264    6.5474237e+02   1.154787e+05   0.000000e+00  12660s
  223414    6.5474462e+02   1.734350e+04   0.000000e+00  12669s
  223564    6.5474739e+02   1.939268e+04   0.000000e+00  12677s
  223714    6.5475013e+02   3.268080e+04   0.000000e+00  12687s
  223874    6.5475343e+02   8.047508e+04   0.000000e+00  12696s
  224024    6.5475619e+02   5.275487e+04   0.000000e+00  12705s
  224174    6.5475982e+02   4.220054e+04   0.000000e+00  12715s
  224324    6.5476297e+02   9.894964e+04   0.000000e+00  12724s
  224474    6.5476500e+02   1.379154e+05   0.000000e+00  12733s
  224634    6.5476769e+02   8.083143e+05   0.000000e+00  12743s
  224784    6.5477100e+02   4.406880e+04   0.000000e+00  12752s
  224924    6.5477431e+02   4.938674e+05   0.000000e+00  12760s
  225074    6.5477730e+02   2.543952e+05   0.000000e+00  12770s
  225224    6.5478028e+02   1.158610e+05   0.000000e+00  12779s
  225374    6.5478434e+02   1.223535e+05   0.000000e+00  12788s
  225524    6.5478811e+02   2.382494e+04   0.000000e+00  12797s
  225674    6.5479184e+02   3.262183e+04   0.000000e+00  12806s
  225824    6.5479518e+02   7.337155e+04   0.000000e+00  12815s
  225974    6.5479785e+02   2.553549e+05   0.000000e+00  12824s
  226124    6.5480058e+02   1.196156e+05   0.000000e+00  12834s
  226264    6.5480260e+02   2.438921e+05   0.000000e+00  12842s
  226424    6.5480622e+02   3.049323e+04   0.000000e+00  12852s
  226584    6.5480930e+02   2.258292e+04   0.000000e+00  12861s
  226734    6.5481225e+02   2.240911e+04   0.000000e+00  12871s
  226894    6.5481450e+02   4.323765e+04   0.000000e+00  12880s
  227054    6.5481755e+02   3.958638e+04   0.000000e+00  12890s
  227214    6.5482025e+02   1.126427e+05   0.000000e+00  12900s
  227364    6.5482276e+02   8.798286e+03   0.000000e+00  12909s
  227514    6.5482548e+02   1.696154e+04   0.000000e+00  12918s
  227674    6.5482820e+02   1.402787e+04   0.000000e+00  12928s
  227824    6.5483050e+02   3.696021e+04   0.000000e+00  12937s
  227974    6.5483349e+02   3.368141e+04   0.000000e+00  12946s
  228114    6.5483619e+02   4.447899e+04   0.000000e+00  12955s
  228264    6.5483969e+02   1.962130e+04   0.000000e+00  12964s
  228424    6.5484194e+02   3.881780e+04   0.000000e+00  12974s
  228594    6.5484490e+02   1.731397e+04   0.000000e+00  12984s
  228754    6.5484792e+02   1.915114e+05   0.000000e+00  12993s
  228904    6.5485069e+02   3.540307e+04   0.000000e+00  13003s
  229064    6.5485379e+02   1.899074e+05   0.000000e+00  13012s
  229214    6.5485678e+02   3.623208e+04   0.000000e+00  13021s
  229364    6.5485954e+02   2.877263e+04   0.000000e+00  13030s
  229524    6.5486246e+02   5.157270e+04   0.000000e+00  13040s
  229674    6.5486539e+02   2.007365e+04   0.000000e+00  13048s
  229834    6.5486880e+02   7.975781e+03   0.000000e+00  13058s
  229994    6.5487259e+02   7.680125e+04   0.000000e+00  13067s
  230154    6.5487564e+02   5.959724e+04   0.000000e+00  13077s
  230314    6.5487864e+02   3.174618e+04   0.000000e+00  13086s
  230474    6.5488145e+02   1.998888e+04   0.000000e+00  13096s
  230624    6.5488438e+02   1.722948e+05   0.000000e+00  13105s
  230784    6.5488667e+02   4.193324e+04   0.000000e+00  13115s
  230934    6.5488836e+02   9.300545e+04   0.000000e+00  13124s
  231084    6.5489028e+02   5.820671e+04   0.000000e+00  13133s
  231244    6.5489274e+02   9.515042e+03   0.000000e+00  13143s
  231404    6.5489557e+02   3.068793e+04   0.000000e+00  13152s
  231564    6.5489773e+02   1.091718e+05   0.000000e+00  13162s
  231724    6.5489997e+02   2.759828e+03   0.000000e+00  13171s
  231884    6.5490246e+02   8.228503e+04   0.000000e+00  13181s
  232044    6.5490477e+02   8.095773e+03   0.000000e+00  13190s
  232194    6.5490713e+02   2.765487e+05   0.000000e+00  13200s
  232354    6.5490965e+02   7.184761e+04   0.000000e+00  13209s
  232514    6.5491187e+02   5.412808e+05   0.000000e+00  13218s
  232674    6.5491397e+02   3.784046e+04   0.000000e+00  13228s
  232834    6.5491651e+02   6.602246e+04   0.000000e+00  13237s
  232994    6.5491893e+02   2.018173e+03   0.000000e+00  13247s
  233164    6.5492177e+02   3.177832e+04   0.000000e+00  13257s
  233334    6.5492477e+02   2.805266e+04   0.000000e+00  13267s
  233494    6.5492710e+02   2.294935e+04   0.000000e+00  13277s
  233654    6.5492925e+02   5.154044e+04   0.000000e+00  13286s
  233804    6.5493147e+02   5.511743e+03   0.000000e+00  13295s
  233954    6.5493363e+02   4.164539e+04   0.000000e+00  13304s
  234114    6.5493569e+02   3.381621e+05   0.000000e+00  13314s
  234274    6.5493741e+02   3.290131e+04   0.000000e+00  13323s
  234444    6.5493988e+02   3.210942e+04   0.000000e+00  13333s
  234604    6.5494281e+02   3.784170e+04   0.000000e+00  13342s
  234764    6.5494473e+02   1.139869e+04   0.000000e+00  13352s
  234934    6.5494671e+02   3.124785e+04   0.000000e+00  13361s
  235104    6.5494899e+02   6.053337e+04   0.000000e+00  13371s
  235274    6.5495085e+02   1.086453e+05   0.000000e+00  13381s
  235444    6.5495313e+02   2.655222e+04   0.000000e+00  13391s
  235604    6.5495577e+02   9.072397e+03   0.000000e+00  13400s
  235774    6.5495840e+02   6.014028e+03   0.000000e+00  13410s
  235944    6.5496077e+02   9.357526e+03   0.000000e+00  13420s
  236124    6.5496320e+02   4.534115e+04   0.000000e+00  13430s
  236284    6.5496516e+02   1.396702e+04   0.000000e+00  13440s
  236454    6.5496767e+02   9.601242e+03   0.000000e+00  13449s
  236614    6.5496971e+02   1.958877e+04   0.000000e+00  13458s
  236784    6.5497227e+02   3.836396e+03   0.000000e+00  13468s
  236944    6.5497387e+02   3.954547e+04   0.000000e+00  13478s
  237114    6.5497563e+02   4.074559e+04   0.000000e+00  13487s
  237264    6.5497774e+02   2.303264e+04   0.000000e+00  13496s
  237444    6.5497987e+02   8.079530e+03   0.000000e+00  13506s
  237614    6.5498185e+02   2.438872e+04   0.000000e+00  13515s
  237774    6.5498401e+02   1.272342e+04   0.000000e+00  13524s
  237934    6.5498588e+02   1.099089e+04   0.000000e+00  13534s
  238094    6.5498788e+02   1.349317e+04   0.000000e+00  13543s
  238254    6.5498961e+02   4.619293e+04   0.000000e+00  13552s
  238414    6.5499146e+02   2.641441e+04   0.000000e+00  13562s
  238564    6.5499336e+02   4.180711e+04   0.000000e+00  13571s
  238724    6.5499506e+02   1.177644e+05   0.000000e+00  13579s
  238884    6.5499687e+02   7.119323e+03   0.000000e+00  13588s
  239044    6.5499892e+02   6.568306e+03   0.000000e+00  13598s
  239204    6.5500115e+02   8.625509e+03   0.000000e+00  13607s
  239364    6.5500361e+02   1.778439e+04   0.000000e+00  13616s
  239524    6.5500600e+02   4.779431e+04   0.000000e+00  13625s
  239684    6.5500811e+02   1.746899e+04   0.000000e+00  13635s
  239854    6.5501040e+02   1.758556e+04   0.000000e+00  13644s
  240014    6.5501262e+02   2.800809e+04   0.000000e+00  13654s
  240174    6.5501475e+02   3.798612e+04   0.000000e+00  13663s
  240344    6.5501722e+02   6.360847e+03   0.000000e+00  13673s
  240514    6.5501962e+02   1.268706e+04   0.000000e+00  13682s
  240684    6.5502191e+02   8.523142e+04   0.000000e+00  13692s
  240854    6.5502405e+02   6.045521e+04   0.000000e+00  13701s
  241034    6.5502621e+02   4.073414e+04   0.000000e+00  13711s
  241204    6.5502802e+02   2.566605e+04   0.000000e+00  13721s
  241384    6.5502966e+02   7.045843e+03   0.000000e+00  13731s
  241564    6.5503167e+02   5.343203e+04   0.000000e+00  13741s
  241734    6.5503364e+02   6.487896e+04   0.000000e+00  13751s
  241914    6.5503589e+02   7.942554e+04   0.000000e+00  13761s
  242094    6.5503764e+02   1.338698e+03   0.000000e+00  13771s
  242264    6.5503942e+02   9.595371e+03   0.000000e+00  13781s
  242434    6.5504159e+02   2.165581e+04   0.000000e+00  13790s
  242594    6.5504368e+02   1.485223e+04   0.000000e+00  13799s
  242754    6.5504607e+02   1.125029e+05   0.000000e+00  13809s
  242924    6.5504770e+02   2.319314e+04   0.000000e+00  13818s
  243094    6.5504954e+02   6.406351e+04   0.000000e+00  13828s
  243254    6.5505164e+02   2.825095e+04   0.000000e+00  13837s
  243414    6.5505300e+02   6.673011e+04   0.000000e+00  13847s
  243574    6.5505498e+02   5.560870e+04   0.000000e+00  13856s
  243754    6.5505740e+02   7.790036e+03   0.000000e+00  13866s
  243934    6.5506019e+02   1.701861e+03   0.000000e+00  13876s
  244124    6.5506252e+02   8.946444e+03   0.000000e+00  13886s
  244304    6.5506465e+02   5.715940e+03   0.000000e+00  13896s
  244484    6.5506688e+02   1.430582e+04   0.000000e+00  13906s
  244664    6.5506893e+02   1.631273e+04   0.000000e+00  13916s
  244824    6.5507048e+02   2.833169e+04   0.000000e+00  13925s
  245004    6.5507203e+02   5.519572e+04   0.000000e+00  13935s
  245174    6.5507333e+02   6.034072e+03   0.000000e+00  13944s
  245354    6.5507505e+02   7.662249e+03   0.000000e+00  13954s
  245514    6.5507648e+02   1.212457e+05   0.000000e+00  13964s
  245684    6.5507798e+02   3.553741e+04   0.000000e+00  13973s
  245864    6.5507966e+02   2.868167e+04   0.000000e+00  13983s
  246034    6.5508094e+02   6.250657e+04   0.000000e+00  13993s
  246204    6.5508228e+02   2.191008e+04   0.000000e+00  14003s
  246374    6.5508361e+02   1.143697e+04   0.000000e+00  14012s
  246564    6.5508577e+02   2.624271e+04   0.000000e+00  14022s
  246744    6.5508739e+02   1.919602e+04   0.000000e+00  14032s
  246914    6.5508926e+02   6.527466e+04   0.000000e+00  14042s
  247084    6.5509087e+02   2.855076e+04   0.000000e+00  14051s
  247274    6.5509296e+02   7.908462e+03   0.000000e+00  14061s
  247444    6.5509471e+02   5.835103e+04   0.000000e+00  14071s
  247614    6.5509649e+02   7.744941e+03   0.000000e+00  14080s
  247774    6.5509787e+02   1.434123e+04   0.000000e+00  14089s
  247934    6.5509890e+02   7.020820e+03   0.000000e+00  14098s
  248094    6.5510035e+02   2.573930e+04   0.000000e+00  14107s
  248254    6.5510185e+02   1.952790e+03   0.000000e+00  14116s
  248424    6.5510344e+02   7.933931e+04   0.000000e+00  14125s
  248594    6.5510521e+02   1.043423e+04   0.000000e+00  14135s
  248764    6.5510649e+02   1.505208e+04   0.000000e+00  14144s
  248944    6.5510751e+02   1.009657e+04   0.000000e+00  14153s
  249134    6.5510896e+02   9.747609e+02   0.000000e+00  14163s
  249304    6.5511012e+02   1.176496e+04   0.000000e+00  14173s
  249494    6.5511176e+02   4.569475e+03   0.000000e+00  14183s
  249674    6.5511339e+02   2.655109e+04   0.000000e+00  14192s
  249854    6.5511472e+02   8.501584e+03   0.000000e+00  14202s
  250044    6.5511634e+02   1.359207e+04   0.000000e+00  14212s
  250214    6.5511781e+02   8.771870e+03   0.000000e+00  14221s
  250384    6.5511950e+02   5.463922e+03   0.000000e+00  14231s
  250554    6.5512082e+02   1.398579e+04   0.000000e+00  14240s
  250724    6.5512232e+02   1.652347e+04   0.000000e+00  14249s
  250914    6.5512393e+02   1.098230e+04   0.000000e+00  14259s
  251094    6.5512515e+02   3.964762e+04   0.000000e+00  14269s
  251274    6.5512628e+02   4.490545e+03   0.000000e+00  14278s
  251454    6.5512743e+02   1.226876e+03   0.000000e+00  14288s
  251624    6.5512835e+02   2.134242e+04   0.000000e+00  14297s
  251814    6.5512953e+02   1.339103e+03   0.000000e+00  14307s
  251984    6.5513067e+02   4.202972e+03   0.000000e+00  14316s
  252164    6.5513193e+02   2.193308e+03   0.000000e+00  14325s
  252344    6.5513302e+02   4.347091e+04   0.000000e+00  14335s
  252534    6.5513406e+02   1.385035e+04   0.000000e+00  14345s
  252724    6.5513506e+02   5.562999e+03   0.000000e+00  14355s
  252914    6.5513582e+02   1.133792e+05   0.000000e+00  14364s
  253094    6.5513636e+02   1.223524e+02   0.000000e+00  14374s
  253272    6.5513673e+02   0.000000e+00   0.000000e+00  14383s
  253275    6.5513364e+02   0.000000e+00   0.000000e+00  14385s

Root relaxation: objective 6.551336e+02, 253275 iterations, 14087.10 seconds (32777.96 work units)

    Nodes    |    Current Node    |     Objective Bounds      |     Work
 Expl Unexpl |  Obj  Depth IntInf | Incumbent    BestBd   Gap | It/Node Time

     0     0  655.13364    0 4308 1661.00000  655.13364  60.6%     - 14388s
H    0     0                    1436.0000000  655.13364  54.4%     - 14388s
H    0     0                    1379.0000000  655.13364  52.5%     - 14389s

Explored 1 nodes (253275 simplex iterations) in 14400.25 seconds (32875.63 work units)
Thread count was 32 (of 32 available processors)

Solution count 3: 1379 1436 1661 

Time limit reached
Best objective 1.379000000000e+03, best bound 6.560000000000e+02, gap 52.4293%

User-callback calls 9981, time in user-callback 0.11 sec
