
Gurobi 13.0.2 (linux64) logging started Tue Jul 21 17:41:03 2026

Set parameter LogFile to value "/tmp/sweep_20260721_030322_iran_alt400km_s10_i6_v6_gurobi.log"
Set parameter Method to value 1
Set parameter NodefileStart to value 4
Set parameter RINS to value 50
Gurobi Optimizer version 13.0.2 build v13.0.2rc1 (linux64 - "Debian GNU/Linux 13 (trixie)")

CPU model: Intel(R) Xeon(R) Platinum 8375C CPU @ 2.90GHz, instruction set [SSE2|AVX|AVX2|AVX512]
Thread count: 16 physical cores, 32 logical processors, using up to 32 threads

Non-default parameters:
TimeLimit  14400
MIPGap  0.001
Method  1
LPWarmStart  1
Heuristics  0.2
MIPFocus  1
NodefileStart  4
RINS  50
Symmetry  2
Cuts  2
CoverCuts  2
LogToConsole  0

Academic license 2812613 - for non-commercial use only - registered to no___@gatech.edu
Optimize a model with 63184 rows, 14360 columns and 7240312 nonzeros (Min)
Model fingerprint: 0xec775d28
Model has 14360 linear objective coefficients
Variable types: 0 continuous, 14360 integer (14360 binary)
Coefficient statistics:
  Matrix range     [1e+00, 1e+00]
  Objective range  [1e+00, 1e+00]
  Bounds range     [1e+00, 1e+00]
  RHS range        [2e+00, 2e+00]

Found heuristic solution: objective 718.0000000
Presolve removed 0 rows and 0 columns (presolve time = 5s)...
Presolve removed 0 rows and 0 columns (presolve time = 10s)...
Presolve removed 0 rows and 0 columns (presolve time = 15s)...
Presolve removed 0 rows and 0 columns (presolve time = 20s)...
Presolve removed 0 rows and 0 columns (presolve time = 25s)...
Presolve removed 0 rows and 0 columns (presolve time = 30s)...
Presolve removed 0 rows and 0 columns (presolve time = 35s)...
Presolve removed 0 rows and 0 columns (presolve time = 40s)...
Presolve removed 0 rows and 0 columns (presolve time = 45s)...
Presolve removed 0 rows and 0 columns (presolve time = 50s)...
Presolve removed 0 rows and 0 columns (presolve time = 55s)...
Presolve removed 0 rows and 0 columns (presolve time = 60s)...
Presolve removed 0 rows and 0 columns (presolve time = 65s)...
Presolve removed 0 rows and 0 columns (presolve time = 70s)...
Presolve time: 74.65s
Presolved: 63184 rows, 14360 columns, 7240312 nonzeros
Variable types: 0 continuous, 14360 integer (14360 binary)

Root simplex log...

Iteration    Objective       Primal Inf.    Dual Inf.      Time
       0    0.0000000e+00   1.263680e+05   0.000000e+00     76s
    2300    2.0751546e+02   1.464309e+06   0.000000e+00     80s
    3460    2.1579993e+02   2.998357e+05   0.000000e+00     85s
Warning: Markowitz tolerance tightened to 0.03125
    4475    2.2156125e+02   1.273348e+06   0.000000e+00     90s
    5446    2.2592285e+02   4.786705e+06   0.000000e+00     96s
Warning: Markowitz tolerance tightened to 0.125
    6226    2.2834246e+02   1.270132e+05   0.000000e+00    101s
    6896    2.3068726e+02   1.850731e+05   0.000000e+00    105s
    7506    2.3220974e+02   6.972225e+05   0.000000e+00    110s
    8226    2.3410280e+02   1.908803e+06   0.000000e+00    116s
    8706    2.3520943e+02   1.473342e+05   0.000000e+00    120s
    9286    2.3665100e+02   2.469459e+05   0.000000e+00    125s
    9836    2.3780014e+02   3.982391e+05   0.000000e+00    131s
   10416    2.3873014e+02   1.872246e+05   0.000000e+00    136s
   10846    2.3969866e+02   2.474880e+05   0.000000e+00    140s
   11376    2.4068543e+02   2.507002e+05   0.000000e+00    146s
   11816    2.4131344e+02   2.006055e+05   0.000000e+00    151s
   12246    2.4181889e+02   3.039861e+05   0.000000e+00    155s
   12676    2.4259275e+02   1.763943e+05   0.000000e+00    160s
   13186    2.4349742e+02   1.862813e+05   0.000000e+00    166s
   13596    2.4415504e+02   2.977006e+05   0.000000e+00    171s
   14006    2.4477588e+02   2.507456e+05   0.000000e+00    176s
   14416    2.4539444e+02   3.549157e+05   0.000000e+00    181s
   14826    2.4588453e+02   2.333276e+06   0.000000e+00    186s
   15206    2.4631640e+02   5.352534e+05   0.000000e+00    191s
   15586    2.4678878e+02   4.646432e+06   0.000000e+00    195s
   16006    2.4719338e+02   2.931239e+05   0.000000e+00    200s
   16406    2.4761935e+02   5.031848e+05   0.000000e+00    205s
   16836    2.4814131e+02   1.322908e+06   0.000000e+00    211s
   17176    2.4846119e+02   2.038880e+05   0.000000e+00    215s
   17706    2.4899750e+02   2.800225e+05   0.000000e+00    222s
   18046    2.4937756e+02   2.563963e+05   0.000000e+00    227s
   18396    2.4974437e+02   7.064274e+05   0.000000e+00    231s
   18726    2.5007354e+02   1.393253e+05   0.000000e+00    236s
   19066    2.5045289e+02   3.883542e+05   0.000000e+00    241s
   19396    2.5074967e+02   1.317357e+06   0.000000e+00    245s
   19726    2.5110767e+02   1.327867e+05   0.000000e+00    250s
   20046    2.5141989e+02   3.896572e+06   0.000000e+00    255s
   20516    2.5178251e+02   1.370779e+05   0.000000e+00    262s
   20856    2.5209530e+02   1.971560e+05   0.000000e+00    267s
   21176    2.5239976e+02   1.054894e+05   0.000000e+00    272s
   21486    2.5272885e+02   4.518622e+05   0.000000e+00    277s
   21796    2.5300177e+02   1.501018e+05   0.000000e+00    282s
   22086    2.5337245e+02   1.379064e+06   0.000000e+00    286s
   22396    2.5361038e+02   5.757840e+05   0.000000e+00    291s
   22706    2.5390121e+02   1.314545e+05   0.000000e+00    296s
   22996    2.5421907e+02   2.238654e+05   0.000000e+00    301s
   23316    2.5451151e+02   3.615038e+05   0.000000e+00    306s
   23626    2.5485142e+02   2.090547e+05   0.000000e+00    311s
   23946    2.5509962e+02   1.477493e+06   0.000000e+00    317s
   24286    2.5546930e+02   6.561149e+05   0.000000e+00    323s
   24446    2.5561200e+02   3.546901e+05   0.000000e+00    325s
   24776    2.5593697e+02   3.425148e+05   0.000000e+00    331s
   25116    2.5619239e+02   2.503325e+05   0.000000e+00    337s
   25456    2.5649905e+02   2.503928e+05   0.000000e+00    343s
   25636    2.5668661e+02   1.645058e+05   0.000000e+00    346s
   25976    2.5705264e+02   4.483617e+05   0.000000e+00    352s
   26156    2.5725079e+02   2.042591e+05   0.000000e+00    355s
   26526    2.5767197e+02   2.997763e+05   0.000000e+00    362s
   26716    2.5784929e+02   1.647713e+05   0.000000e+00    365s
   27116    2.5817144e+02   9.561227e+05   0.000000e+00    372s
   27286    2.5827922e+02   2.518316e+05   0.000000e+00    375s
   27596    2.5854607e+02   1.637886e+06   0.000000e+00    381s
   27956    2.5875465e+02   5.507699e+05   0.000000e+00    388s
   28146    2.5884684e+02   1.835416e+05   0.000000e+00    391s
   28516    2.5911163e+02   2.971709e+05   0.000000e+00    398s
   28696    2.5924347e+02   5.562726e+05   0.000000e+00    402s
   28886    2.5938280e+02   3.271183e+05   0.000000e+00    405s
   29246    2.5955809e+02   2.881792e+05   0.000000e+00    412s
   29436    2.5968482e+02   4.439005e+05   0.000000e+00    416s
   29866    2.5992953e+02   1.426725e+05   0.000000e+00    424s
   30066    2.6004269e+02   1.178201e+05   0.000000e+00    427s
   30256    2.6018117e+02   2.001598e+05   0.000000e+00    431s
   30616    2.6037083e+02   1.327514e+05   0.000000e+00    438s
   30786    2.6045856e+02   2.068230e+05   0.000000e+00    442s
   30956    2.6056548e+02   1.490170e+06   0.000000e+00    445s
   31326    2.6077816e+02   1.595897e+05   0.000000e+00    453s
   31546    2.6087933e+02   4.510912e+05   0.000000e+00    457s
   31736    2.6097190e+02   3.715383e+05   0.000000e+00    461s
   32156    2.6119538e+02   1.574783e+06   0.000000e+00    469s
   32346    2.6128291e+02   2.305878e+05   0.000000e+00    473s
   32536    2.6137661e+02   1.660970e+05   0.000000e+00    477s
   32736    2.6148804e+02   2.175184e+05   0.000000e+00    481s
   33116    2.6170913e+02   1.842431e+05   0.000000e+00    489s
   33296    2.6184888e+02   1.397454e+05   0.000000e+00    492s
   33486    2.6199725e+02   1.924542e+05   0.000000e+00    496s
   33666    2.6209147e+02   1.292888e+05   0.000000e+00    500s
   34056    2.6231301e+02   4.905441e+05   0.000000e+00    508s
   34286    2.6243521e+02   1.884668e+05   0.000000e+00    513s
   34496    2.6257395e+02   7.088180e+05   0.000000e+00    518s
   34686    2.6267418e+02   2.121253e+06   0.000000e+00    522s
   34886    2.6277889e+02   2.032103e+05   0.000000e+00    526s
   35086    2.6291029e+02   2.521300e+05   0.000000e+00    530s
   35496    2.6312186e+02   6.924175e+05   0.000000e+00    539s
   35726    2.6324102e+02   1.251789e+06   0.000000e+00    544s
   35946    2.6337370e+02   3.924588e+05   0.000000e+00    549s
   36156    2.6350855e+02   6.213821e+05   0.000000e+00    554s
   36356    2.6364106e+02   1.171396e+06   0.000000e+00    558s
   36586    2.6376890e+02   4.288700e+05   0.000000e+00    563s
   36796    2.6389088e+02   9.223351e+05   0.000000e+00    568s
   37006    2.6397543e+02   1.504482e+06   0.000000e+00    573s
   37216    2.6404940e+02   1.347317e+05   0.000000e+00    577s
   37416    2.6412022e+02   1.043089e+05   0.000000e+00    582s
   37616    2.6423597e+02   2.406574e+05   0.000000e+00    586s
   37836    2.6437353e+02   3.033385e+05   0.000000e+00    591s
   38036    2.6449908e+02   6.100325e+05   0.000000e+00    596s
   38256    2.6456517e+02   2.922611e+05   0.000000e+00    601s
   38456    2.6467757e+02   8.210989e+04   0.000000e+00    606s
   38676    2.6481019e+02   1.196022e+05   0.000000e+00    611s
   38886    2.6495950e+02   3.581230e+05   0.000000e+00    616s
   39086    2.6506791e+02   2.113228e+05   0.000000e+00    620s
   39316    2.6520166e+02   9.095791e+04   0.000000e+00    625s
   39516    2.6530252e+02   3.845120e+05   0.000000e+00    630s
   39936    2.6549800e+02   1.901922e+05   0.000000e+00    640s
   40326    2.6572448e+02   4.653745e+05   0.000000e+00    650s
   40516    2.6581401e+02   9.050740e+05   0.000000e+00    654s
   40706    2.6588760e+02   8.416372e+04   0.000000e+00    659s
   40896    2.6599274e+02   1.363247e+05   0.000000e+00    664s
   41086    2.6609729e+02   1.005126e+05   0.000000e+00    668s
   41306    2.6619605e+02   1.532557e+05   0.000000e+00    673s
   41526    2.6628984e+02   6.073958e+05   0.000000e+00    679s
   41746    2.6638106e+02   3.037065e+05   0.000000e+00    684s
   41976    2.6646352e+02   2.411030e+05   0.000000e+00    690s
   42186    2.6653951e+02   2.635566e+06   0.000000e+00    695s
   42396    2.6662757e+02   1.339282e+06   0.000000e+00    700s
   42626    2.6672286e+02   4.505815e+05   0.000000e+00    706s
   42836    2.6685334e+02   2.155452e+05   0.000000e+00    711s
   43056    2.6696054e+02   5.738664e+05   0.000000e+00    717s
   43276    2.6705583e+02   2.337391e+05   0.000000e+00    722s
   43496    2.6715497e+02   2.482367e+05   0.000000e+00    728s
   43706    2.6727237e+02   3.411916e+05   0.000000e+00    733s
   43906    2.6737409e+02   3.468349e+05   0.000000e+00    738s
   44116    2.6747451e+02   2.289844e+05   0.000000e+00    744s
   44326    2.6758342e+02   3.331648e+06   0.000000e+00    749s
   44536    2.6768270e+02   3.785863e+05   0.000000e+00    755s
   44746    2.6777829e+02   2.540390e+05   0.000000e+00    760s
   44976    2.6788149e+02   2.850655e+05   0.000000e+00    766s
   45196    2.6798057e+02   2.036897e+05   0.000000e+00    771s
   45416    2.6807230e+02   2.117302e+06   0.000000e+00    777s
   45646    2.6819326e+02   2.233561e+05   0.000000e+00    783s
   45866    2.6828919e+02   1.676498e+05   0.000000e+00    789s
   46076    2.6835894e+02   1.499452e+05   0.000000e+00    794s
   46286    2.6842793e+02   4.218401e+05   0.000000e+00    800s
   46476    2.6850601e+02   3.446315e+05   0.000000e+00    805s
   46676    2.6859256e+02   8.441650e+05   0.000000e+00    810s
   46886    2.6867819e+02   1.209323e+05   0.000000e+00    816s
   47096    2.6876378e+02   5.157055e+05   0.000000e+00    822s
   47306    2.6885074e+02   1.876052e+05   0.000000e+00    827s
   47526    2.6896455e+02   9.022850e+05   0.000000e+00    833s
   47746    2.6905397e+02   1.463917e+06   0.000000e+00    839s
   47966    2.6915207e+02   5.338554e+05   0.000000e+00    845s
   48176    2.6924505e+02   1.172555e+05   0.000000e+00    850s
   48416    2.6934889e+02   1.551881e+05   0.000000e+00    856s
   48636    2.6944628e+02   1.989180e+05   0.000000e+00    862s
   48846    2.6952787e+02   3.303420e+05   0.000000e+00    868s
   49066    2.6962974e+02   3.074471e+05   0.000000e+00    873s
   49266    2.6973349e+02   2.413712e+05   0.000000e+00    879s
   49476    2.6981877e+02   1.904134e+05   0.000000e+00    885s
   49696    2.6989319e+02   1.910958e+05   0.000000e+00    890s
   49896    2.6999129e+02   3.055065e+05   0.000000e+00    896s
   50116    2.7004242e+02   3.438850e+05   0.000000e+00    901s
   50316    2.7012158e+02   1.408823e+05   0.000000e+00    907s
   50546    2.7017899e+02   8.817074e+04   0.000000e+00    913s
   50776    2.7025466e+02   4.141101e+05   0.000000e+00    919s
   51016    2.7033406e+02   2.735003e+05   0.000000e+00    925s
   51246    2.7041415e+02   2.822604e+06   0.000000e+00    932s
   51486    2.7050631e+02   1.516682e+05   0.000000e+00    938s
   51726    2.7058511e+02   2.395724e+06   0.000000e+00    944s
   51956    2.7066161e+02   5.020802e+05   0.000000e+00    950s
   52186    2.7074285e+02   3.204851e+05   0.000000e+00    957s
   52396    2.7083832e+02   3.985361e+07   0.000000e+00    963s
   52636    2.7091713e+02   4.647189e+05   0.000000e+00    969s
   52856    2.7100437e+02   1.126085e+05   0.000000e+00    975s
   53076    2.7111133e+02   2.032480e+05   0.000000e+00    981s
   53306    2.7122214e+02   1.169243e+05   0.000000e+00    988s
   53536    2.7132893e+02   1.655593e+05   0.000000e+00    994s
   53756    2.7142776e+02   1.214247e+06   0.000000e+00   1000s
   54006    2.7151167e+02   2.333369e+05   0.000000e+00   1007s
   54216    2.7158808e+02   9.306896e+04   0.000000e+00   1013s
   54446    2.7167063e+02   4.887856e+05   0.000000e+00   1020s
   54666    2.7176481e+02   1.326790e+05   0.000000e+00   1026s
   54886    2.7184134e+02   8.675219e+04   0.000000e+00   1032s
   55106    2.7193744e+02   5.080475e+05   0.000000e+00   1039s
   55336    2.7203319e+02   1.378789e+05   0.000000e+00   1045s
   55556    2.7212275e+02   4.977252e+05   0.000000e+00   1052s
   55776    2.7221693e+02   2.294185e+05   0.000000e+00   1058s
   56006    2.7230754e+02   1.268314e+05   0.000000e+00   1064s
   56236    2.7238484e+02   1.220067e+05   0.000000e+00   1071s
   56466    2.7245558e+02   1.195233e+05   0.000000e+00   1078s
   56696    2.7253433e+02   2.085090e+05   0.000000e+00   1084s
   56916    2.7261232e+02   3.926723e+05   0.000000e+00   1091s
   57126    2.7269620e+02   6.462650e+05   0.000000e+00   1097s
   57346    2.7274488e+02   2.329806e+05   0.000000e+00   1103s
   57576    2.7282621e+02   2.277124e+05   0.000000e+00   1109s
   57786    2.7289275e+02   3.376423e+05   0.000000e+00   1115s
   58006    2.7294254e+02   1.072535e+05   0.000000e+00   1122s
   58246    2.7302522e+02   1.452716e+05   0.000000e+00   1128s
   58486    2.7308758e+02   4.732979e+05   0.000000e+00   1135s
   58726    2.7314405e+02   1.683233e+05   0.000000e+00   1142s
   58946    2.7320954e+02   4.184773e+05   0.000000e+00   1148s
   59166    2.7327452e+02   4.255066e+05   0.000000e+00   1155s
   59396    2.7333305e+02   3.026053e+05   0.000000e+00   1161s
   59616    2.7340197e+02   2.567316e+05   0.000000e+00   1168s
   59836    2.7346829e+02   7.787698e+05   0.000000e+00   1175s
   60066    2.7353583e+02   1.362307e+05   0.000000e+00   1181s
   60286    2.7358496e+02   8.364610e+05   0.000000e+00   1188s
   60496    2.7364921e+02   7.557458e+04   0.000000e+00   1194s
   60726    2.7370757e+02   2.297807e+05   0.000000e+00   1201s
   60946    2.7375676e+02   1.310064e+05   0.000000e+00   1207s
   61186    2.7382430e+02   1.090382e+05   0.000000e+00   1214s
   61436    2.7390079e+02   2.025849e+05   0.000000e+00   1221s
   61666    2.7396862e+02   6.213292e+04   0.000000e+00   1228s
   61906    2.7405105e+02   2.761169e+05   0.000000e+00   1235s
   62146    2.7412956e+02   1.158319e+05   0.000000e+00   1242s
   62376    2.7419590e+02   8.450161e+04   0.000000e+00   1248s
   62606    2.7427426e+02   1.016128e+05   0.000000e+00   1255s
   62836    2.7433739e+02   2.457857e+05   0.000000e+00   1262s
   63066    2.7439074e+02   1.577653e+05   0.000000e+00   1268s
   63306    2.7446474e+02   1.474752e+05   0.000000e+00   1275s
   63526    2.7453572e+02   1.248102e+05   0.000000e+00   1282s
   63756    2.7461565e+02   1.250974e+05   0.000000e+00   1288s
   63996    2.7466855e+02   3.511359e+05   0.000000e+00   1295s
   64226    2.7472949e+02   2.928340e+06   0.000000e+00   1302s
   64476    2.7481079e+02   9.643345e+05   0.000000e+00   1309s
   64706    2.7487636e+02   5.976896e+05   0.000000e+00   1316s
   64936    2.7493715e+02   1.671910e+05   0.000000e+00   1323s
   65176    2.7498848e+02   9.614621e+05   0.000000e+00   1330s
   65406    2.7503653e+02   3.977793e+05   0.000000e+00   1337s
   65636    2.7508274e+02   1.286111e+06   0.000000e+00   1343s
   65876    2.7514238e+02   1.761302e+05   0.000000e+00   1350s
   66126    2.7523150e+02   6.242257e+04   0.000000e+00   1357s
   66356    2.7530178e+02   7.005277e+05   0.000000e+00   1364s
   66586    2.7535410e+02   2.550942e+05   0.000000e+00   1371s
   66816    2.7541099e+02   4.628204e+05   0.000000e+00   1378s
   67066    2.7546574e+02   1.418038e+05   0.000000e+00   1385s
   67336    2.7554087e+02   3.512079e+05   0.000000e+00   1393s
   67566    2.7562206e+02   1.293103e+05   0.000000e+00   1400s
   67796    2.7570545e+02   1.525344e+05   0.000000e+00   1407s
   68016    2.7577056e+02   1.598536e+05   0.000000e+00   1414s
   68266    2.7583567e+02   2.823094e+05   0.000000e+00   1421s
   68496    2.7591107e+02   2.943051e+05   0.000000e+00   1428s
   68716    2.7596659e+02   2.751443e+06   0.000000e+00   1434s
   68926    2.7603484e+02   2.496973e+05   0.000000e+00   1441s
   69166    2.7610669e+02   1.277429e+05   0.000000e+00   1448s
   69406    2.7617096e+02   3.389551e+05   0.000000e+00   1456s
   69666    2.7623711e+02   9.016337e+04   0.000000e+00   1463s
   69916    2.7630487e+02   5.143973e+05   0.000000e+00   1471s
   70176    2.7637736e+02   2.495712e+06   0.000000e+00   1479s
   70436    2.7643821e+02   5.183641e+05   0.000000e+00   1486s
   70696    2.7650868e+02   7.744525e+05   0.000000e+00   1494s
   70956    2.7657364e+02   1.727412e+05   0.000000e+00   1501s
   71206    2.7664132e+02   8.425913e+04   0.000000e+00   1509s
   71436    2.7670571e+02   1.153437e+05   0.000000e+00   1516s
   71646    2.7677559e+02   8.172854e+04   0.000000e+00   1523s
   71856    2.7683064e+02   1.668102e+05   0.000000e+00   1529s
   72076    2.7687923e+02   2.015007e+06   0.000000e+00   1536s
   72306    2.7693425e+02   1.143416e+05   0.000000e+00   1543s
   72536    2.7698995e+02   1.723152e+05   0.000000e+00   1550s
   72766    2.7705007e+02   1.306824e+05   0.000000e+00   1557s
   72996    2.7710557e+02   1.270145e+06   0.000000e+00   1565s
   73226    2.7717632e+02   1.094835e+05   0.000000e+00   1572s
   73476    2.7725532e+02   1.235919e+05   0.000000e+00   1580s
   73726    2.7733152e+02   1.597503e+05   0.000000e+00   1588s
   73976    2.7739696e+02   1.699505e+05   0.000000e+00   1596s
   74236    2.7746860e+02   5.607363e+05   0.000000e+00   1604s
   74466    2.7753817e+02   7.269512e+05   0.000000e+00   1611s
   74706    2.7761747e+02   4.307716e+05   0.000000e+00   1619s
   74946    2.7770820e+02   1.114902e+05   0.000000e+00   1626s
   75166    2.7777963e+02   1.431047e+06   0.000000e+00   1634s
   75396    2.7784606e+02   3.082019e+05   0.000000e+00   1641s
   75636    2.7793028e+02   2.331924e+05   0.000000e+00   1648s
   75876    2.7800139e+02   4.125574e+05   0.000000e+00   1656s
   76106    2.7805758e+02   2.121648e+05   0.000000e+00   1663s
   76336    2.7811288e+02   3.181340e+05   0.000000e+00   1670s
   76556    2.7815328e+02   7.111298e+05   0.000000e+00   1678s
   76796    2.7820688e+02   6.695344e+05   0.000000e+00   1685s
   77046    2.7826114e+02   3.482602e+05   0.000000e+00   1693s
   77276    2.7831010e+02   2.624307e+05   0.000000e+00   1700s
   77506    2.7835745e+02   1.419777e+05   0.000000e+00   1707s
   77766    2.7841212e+02   1.763935e+05   0.000000e+00   1716s
   77996    2.7846343e+02   1.636450e+05   0.000000e+00   1723s
   78216    2.7851371e+02   1.604452e+05   0.000000e+00   1730s
   78426    2.7857689e+02   1.370011e+05   0.000000e+00   1737s
   78686    2.7864297e+02   1.891535e+05   0.000000e+00   1745s
   78916    2.7869305e+02   3.119355e+05   0.000000e+00   1752s
   79146    2.7874814e+02   4.874992e+05   0.000000e+00   1759s
   79376    2.7878546e+02   3.013839e+05   0.000000e+00   1766s
   79616    2.7884169e+02   1.164449e+06   0.000000e+00   1774s
   79836    2.7888439e+02   4.345399e+05   0.000000e+00   1781s
   80076    2.7892934e+02   1.251530e+05   0.000000e+00   1789s
   80306    2.7898659e+02   3.064361e+05   0.000000e+00   1796s
   80536    2.7903834e+02   1.013601e+06   0.000000e+00   1804s
   80776    2.7908372e+02   3.029783e+05   0.000000e+00   1811s
   81006    2.7914130e+02   1.413989e+05   0.000000e+00   1819s
   81266    2.7920455e+02   9.052987e+04   0.000000e+00   1827s
   81536    2.7926837e+02   5.425511e+05   0.000000e+00   1836s
   81776    2.7931328e+02   8.632380e+04   0.000000e+00   1844s
   82016    2.7936602e+02   1.267256e+05   0.000000e+00   1851s
   82236    2.7941704e+02   1.470057e+05   0.000000e+00   1859s
   82486    2.7945682e+02   8.857773e+05   0.000000e+00   1866s
   82736    2.7950947e+02   6.802157e+05   0.000000e+00   1874s
   82976    2.7957262e+02   1.221519e+05   0.000000e+00   1882s
   83216    2.7963120e+02   1.222865e+05   0.000000e+00   1890s
   83456    2.7969859e+02   1.853881e+05   0.000000e+00   1898s
   83696    2.7976427e+02   1.159373e+05   0.000000e+00   1906s
   83956    2.7982212e+02   1.990876e+05   0.000000e+00   1914s
   84196    2.7985480e+02   7.800687e+05   0.000000e+00   1921s
   84446    2.7993145e+02   6.279773e+05   0.000000e+00   1929s
   84666    2.7999596e+02   1.060608e+05   0.000000e+00   1937s
   84896    2.8005276e+02   4.273136e+05   0.000000e+00   1945s
   85146    2.8011840e+02   4.813891e+06   0.000000e+00   1953s
   85406    2.8016971e+02   2.342557e+05   0.000000e+00   1961s
   85656    2.8021364e+02   1.606685e+05   0.000000e+00   1969s
   85906    2.8028025e+02   7.604931e+04   0.000000e+00   1978s
   86146    2.8033532e+02   3.728527e+05   0.000000e+00   1986s
   86406    2.8039553e+02   9.448206e+04   0.000000e+00   1994s
   86646    2.8045478e+02   1.646776e+05   0.000000e+00   2002s
   86886    2.8051652e+02   4.957834e+05   0.000000e+00   2010s
   87166    2.8057829e+02   2.367152e+05   0.000000e+00   2019s
   87436    2.8064340e+02   3.739904e+05   0.000000e+00   2027s
   87696    2.8068214e+02   1.272958e+05   0.000000e+00   2036s
   87946    2.8072141e+02   8.724511e+05   0.000000e+00   2044s
   88216    2.8076023e+02   3.211662e+05   0.000000e+00   2052s
   88486    2.8081177e+02   3.995798e+05   0.000000e+00   2061s
   88756    2.8086885e+02   1.717997e+06   0.000000e+00   2069s
   89006    2.8090720e+02   1.476463e+05   0.000000e+00   2077s
   89236    2.8095966e+02   1.522650e+05   0.000000e+00   2085s
   89486    2.8100899e+02   7.273457e+04   0.000000e+00   2093s
   89746    2.8106203e+02   7.827102e+06   0.000000e+00   2102s
   90026    2.8109574e+02   7.637576e+05   0.000000e+00   2111s
   90306    2.8113721e+02   5.573314e+05   0.000000e+00   2120s
   90566    2.8118295e+02   2.544473e+05   0.000000e+00   2128s
   90806    2.8122702e+02   2.949474e+05   0.000000e+00   2136s
   91036    2.8128313e+02   1.269515e+05   0.000000e+00   2144s
   91286    2.8132895e+02   3.327558e+06   0.000000e+00   2152s
   91516    2.8137438e+02   1.094084e+05   0.000000e+00   2160s
   91756    2.8142671e+02   1.041167e+05   0.000000e+00   2168s
   92006    2.8148431e+02   1.055570e+05   0.000000e+00   2177s
   92256    2.8154815e+02   6.116771e+05   0.000000e+00   2185s
   92516    2.8158542e+02   1.869351e+05   0.000000e+00   2194s
   92766    2.8163511e+02   1.120851e+05   0.000000e+00   2202s
   93036    2.8169836e+02   3.016522e+05   0.000000e+00   2211s
   93296    2.8175549e+02   2.535284e+05   0.000000e+00   2220s
   93536    2.8180470e+02   5.464531e+04   0.000000e+00   2228s
   93796    2.8185058e+02   1.242248e+05   0.000000e+00   2237s
   94036    2.8190135e+02   1.212592e+05   0.000000e+00   2245s
   94276    2.8196723e+02   2.433657e+05   0.000000e+00   2253s
   94526    2.8201287e+02   1.940398e+05   0.000000e+00   2262s
   94786    2.8205952e+02   1.671029e+06   0.000000e+00   2271s
   95046    2.8211577e+02   7.725101e+04   0.000000e+00   2280s
   95276    2.8217702e+02   2.124738e+05   0.000000e+00   2288s
   95526    2.8224432e+02   1.186155e+05   0.000000e+00   2296s
   95776    2.8229023e+02   3.632482e+05   0.000000e+00   2305s
   96006    2.8234079e+02   2.754603e+05   0.000000e+00   2313s
   96246    2.8240236e+02   1.068273e+05   0.000000e+00   2322s
   96496    2.8244394e+02   3.346497e+05   0.000000e+00   2330s
   96766    2.8248541e+02   7.505765e+04   0.000000e+00   2339s
   97046    2.8253169e+02   5.726191e+04   0.000000e+00   2348s
   97296    2.8259054e+02   1.275304e+05   0.000000e+00   2356s
   97556    2.8262890e+02   2.101489e+05   0.000000e+00   2365s
   97786    2.8267197e+02   2.235892e+06   0.000000e+00   2373s
   98056    2.8272039e+02   4.103350e+06   0.000000e+00   2382s
   98296    2.8276655e+02   1.605698e+05   0.000000e+00   2390s
   98556    2.8281057e+02   1.602949e+05   0.000000e+00   2399s
   98806    2.8284357e+02   1.311275e+05   0.000000e+00   2408s
   99066    2.8288915e+02   1.601361e+06   0.000000e+00   2417s
   99326    2.8292773e+02   2.255020e+05   0.000000e+00   2425s
   99556    2.8298344e+02   2.492424e+05   0.000000e+00   2434s
   99816    2.8302790e+02   6.858519e+05   0.000000e+00   2442s
  100096    2.8307219e+02   9.791521e+04   0.000000e+00   2451s
  100386    2.8312845e+02   3.437850e+05   0.000000e+00   2461s
  100666    2.8318174e+02   5.576204e+04   0.000000e+00   2471s
  100936    2.8322734e+02   8.954832e+04   0.000000e+00   2480s
  101186    2.8327994e+02   3.700303e+05   0.000000e+00   2488s
  101426    2.8332197e+02   3.509931e+05   0.000000e+00   2497s
  101666    2.8336910e+02   1.456105e+05   0.000000e+00   2505s
  101916    2.8341107e+02   1.793054e+05   0.000000e+00   2514s
  102196    2.8344933e+02   1.317337e+05   0.000000e+00   2522s
  102436    2.8349665e+02   2.120485e+05   0.000000e+00   2531s
  102696    2.8356325e+02   4.990751e+05   0.000000e+00   2540s
  102936    2.8361066e+02   2.131747e+05   0.000000e+00   2548s
  103186    2.8365531e+02   2.520689e+05   0.000000e+00   2556s
  103426    2.8368979e+02   2.407830e+05   0.000000e+00   2565s
  103656    2.8373439e+02   9.814647e+04   0.000000e+00   2573s
  103896    2.8377503e+02   2.073941e+05   0.000000e+00   2581s
  104146    2.8382333e+02   6.444768e+05   0.000000e+00   2590s
  104396    2.8386722e+02   9.136972e+04   0.000000e+00   2599s
  104646    2.8390657e+02   9.068447e+05   0.000000e+00   2607s
  104896    2.8393916e+02   8.884733e+04   0.000000e+00   2615s
  105136    2.8398183e+02   1.808084e+05   0.000000e+00   2624s
  105376    2.8401452e+02   3.162878e+06   0.000000e+00   2632s
  105626    2.8404988e+02   1.286055e+05   0.000000e+00   2641s
  105856    2.8408148e+02   4.806903e+05   0.000000e+00   2649s
  106096    2.8412257e+02   6.064276e+06   0.000000e+00   2657s
  106356    2.8416005e+02   1.869371e+05   0.000000e+00   2666s
  106616    2.8420146e+02   7.187654e+05   0.000000e+00   2675s
  106866    2.8423965e+02   1.168645e+05   0.000000e+00   2684s
  107106    2.8427503e+02   1.328864e+05   0.000000e+00   2692s
  107386    2.8432792e+02   8.928055e+04   0.000000e+00   2702s
  107626    2.8437096e+02   2.988646e+05   0.000000e+00   2710s
  107876    2.8442496e+02   2.876747e+05   0.000000e+00   2719s
  108166    2.8446277e+02   1.963599e+05   0.000000e+00   2728s
  108446    2.8450674e+02   3.952222e+06   0.000000e+00   2738s
  108716    2.8454347e+02   3.199315e+06   0.000000e+00   2747s
  108966    2.8458477e+02   3.041077e+05   0.000000e+00   2756s
  109196    2.8461919e+02   1.859953e+05   0.000000e+00   2764s
  109446    2.8466085e+02   8.709391e+04   0.000000e+00   2773s
  109706    2.8471185e+02   1.435404e+05   0.000000e+00   2782s
  109936    2.8474907e+02   2.080735e+05   0.000000e+00   2790s
  110156    2.8478165e+02   9.947921e+05   0.000000e+00   2798s
  110386    2.8483017e+02   1.086392e+06   0.000000e+00   2806s
  110636    2.8487072e+02   1.495309e+06   0.000000e+00   2815s
  110896    2.8490878e+02   1.755820e+05   0.000000e+00   2823s
  111146    2.8494908e+02   1.282951e+05   0.000000e+00   2832s
  111446    2.8499338e+02   2.345789e+05   0.000000e+00   2841s
  111736    2.8503043e+02   2.888013e+05   0.000000e+00   2851s
  111996    2.8507254e+02   2.532145e+05   0.000000e+00   2860s
  112266    2.8511459e+02   6.025063e+05   0.000000e+00   2869s
  112516    2.8515457e+02   2.805070e+05   0.000000e+00   2878s
  112766    2.8519778e+02   1.660945e+05   0.000000e+00   2886s
  113056    2.8523400e+02   8.949421e+04   0.000000e+00   2896s
  113296    2.8527426e+02   4.999772e+04   0.000000e+00   2905s
  113536    2.8530941e+02   1.104155e+05   0.000000e+00   2913s
  113806    2.8535662e+02   1.904811e+05   0.000000e+00   2922s
  114076    2.8539118e+02   9.423167e+05   0.000000e+00   2931s
  114366    2.8543415e+02   1.726019e+05   0.000000e+00   2941s
  114666    2.8547898e+02   7.640404e+04   0.000000e+00   2951s
  114956    2.8553442e+02   1.233382e+05   0.000000e+00   2961s
  115236    2.8558340e+02   1.984679e+05   0.000000e+00   2971s
  115476    2.8561949e+02   2.023398e+05   0.000000e+00   2980s
  115726    2.8566475e+02   1.340584e+05   0.000000e+00   2989s
  116016    2.8570151e+02   2.108269e+05   0.000000e+00   2998s
  116286    2.8574671e+02   2.475730e+06   0.000000e+00   3007s
  116556    2.8577221e+02   5.263971e+05   0.000000e+00   3017s
  116796    2.8581578e+02   1.187666e+05   0.000000e+00   3025s
  117076    2.8586738e+02   4.618512e+05   0.000000e+00   3035s
  117336    2.8590930e+02   1.441485e+05   0.000000e+00   3044s
  117606    2.8594172e+02   2.607019e+05   0.000000e+00   3053s
  117886    2.8597628e+02   3.686543e+05   0.000000e+00   3063s
  118166    2.8601929e+02   1.848038e+05   0.000000e+00   3072s
  118446    2.8606090e+02   8.525229e+04   0.000000e+00   3082s
  118696    2.8610455e+02   1.273921e+05   0.000000e+00   3091s
  118936    2.8615228e+02   1.115088e+05   0.000000e+00   3100s
  119186    2.8619254e+02   7.096689e+04   0.000000e+00   3108s
  119466    2.8624150e+02   3.114075e+06   0.000000e+00   3117s
  119726    2.8628074e+02   1.094645e+05   0.000000e+00   3126s
  119966    2.8631285e+02   7.295051e+05   0.000000e+00   3135s
  120206    2.8635164e+02   1.668967e+05   0.000000e+00   3143s
  120456    2.8637840e+02   1.807782e+05   0.000000e+00   3152s
  120706    2.8641391e+02   5.882924e+05   0.000000e+00   3161s
  120936    2.8644783e+02   1.664356e+05   0.000000e+00   3169s
  121196    2.8649515e+02   3.805355e+05   0.000000e+00   3178s
  121446    2.8654382e+02   2.248477e+05   0.000000e+00   3187s
  121716    2.8658650e+02   2.460144e+05   0.000000e+00   3196s
  121976    2.8662143e+02   4.939259e+05   0.000000e+00   3205s
  122226    2.8665847e+02   1.541766e+05   0.000000e+00   3214s
  122476    2.8669571e+02   1.110803e+05   0.000000e+00   3222s
  122746    2.8673496e+02   6.605398e+04   0.000000e+00   3231s
  123026    2.8677120e+02   1.387700e+05   0.000000e+00   3241s
  123286    2.8681187e+02   3.844401e+05   0.000000e+00   3250s
  123546    2.8684723e+02   9.360743e+04   0.000000e+00   3259s
  123816    2.8687620e+02   1.847098e+05   0.000000e+00   3268s
  124086    2.8691868e+02   2.989850e+05   0.000000e+00   3277s
  124386    2.8696310e+02   1.006066e+05   0.000000e+00   3287s
  124626    2.8699994e+02   7.353586e+04   0.000000e+00   3296s
  124866    2.8703535e+02   3.631951e+06   0.000000e+00   3305s
  125126    2.8706620e+02   6.840493e+04   0.000000e+00   3314s
  125386    2.8711298e+02   1.096256e+05   0.000000e+00   3323s
  125636    2.8714120e+02   2.831706e+05   0.000000e+00   3332s
  125886    2.8717703e+02   7.173846e+05   0.000000e+00   3341s
  126136    2.8721225e+02   3.485622e+06   0.000000e+00   3349s
  126446    2.8724848e+02   1.683327e+05   0.000000e+00   3360s
  126716    2.8729785e+02   2.519642e+05   0.000000e+00   3369s
  126996    2.8733686e+02   1.019381e+05   0.000000e+00   3379s
  127286    2.8738225e+02   1.214547e+05   0.000000e+00   3388s
  127546    2.8741824e+02   3.479151e+05   0.000000e+00   3398s
  127816    2.8745956e+02   1.489540e+05   0.000000e+00   3407s
  128076    2.8749832e+02   9.737670e+04   0.000000e+00   3416s
  128336    2.8754260e+02   1.045960e+05   0.000000e+00   3425s
  128606    2.8759183e+02   8.687494e+04   0.000000e+00   3435s
  128856    2.8763199e+02   2.861554e+05   0.000000e+00   3444s
  129066    2.8767840e+02   9.212582e+04   0.000000e+00   3452s
  129286    2.8771612e+02   8.078718e+05   0.000000e+00   3460s
  129536    2.8775593e+02   1.700327e+05   0.000000e+00   3468s
  129766    2.8779393e+02   9.125487e+04   0.000000e+00   3477s
  129986    2.8782411e+02   1.627423e+05   0.000000e+00   3485s
  130256    2.8787102e+02   3.931205e+05   0.000000e+00   3494s
  130496    2.8790575e+02   8.646655e+04   0.000000e+00   3502s
  130746    2.8794282e+02   4.063171e+05   0.000000e+00   3511s
  130996    2.8798285e+02   2.115227e+05   0.000000e+00   3520s
  131226    2.8801534e+02   1.694829e+05   0.000000e+00   3529s
  131476    2.8804066e+02   9.550868e+04   0.000000e+00   3537s
  131726    2.8808237e+02   2.525731e+05   0.000000e+00   3546s
  131976    2.8811936e+02   2.029608e+06   0.000000e+00   3555s
  132216    2.8813793e+02   4.654578e+05   0.000000e+00   3563s
  132496    2.8818251e+02   1.680698e+05   0.000000e+00   3572s
  132756    2.8821742e+02   5.792971e+05   0.000000e+00   3582s
  133016    2.8825236e+02   7.557442e+05   0.000000e+00   3591s
  133266    2.8828961e+02   6.298552e+04   0.000000e+00   3599s
  133536    2.8832263e+02   3.539055e+05   0.000000e+00   3608s
  133766    2.8835957e+02   3.312711e+05   0.000000e+00   3617s
  134006    2.8838416e+02   1.387512e+05   0.000000e+00   3625s
  134276    2.8841067e+02   4.566420e+05   0.000000e+00   3635s
  134536    2.8844180e+02   1.831783e+05   0.000000e+00   3643s
  134796    2.8847686e+02   2.455141e+06   0.000000e+00   3653s
  135086    2.8850130e+02   2.750509e+05   0.000000e+00   3662s
  135356    2.8853396e+02   4.961723e+05   0.000000e+00   3671s
  135606    2.8856357e+02   5.736977e+04   0.000000e+00   3680s
  135856    2.8859409e+02   1.681758e+05   0.000000e+00   3689s
  136106    2.8863506e+02   6.570325e+04   0.000000e+00   3698s
  136356    2.8867771e+02   2.818591e+05   0.000000e+00   3707s
  136606    2.8870826e+02   1.030540e+05   0.000000e+00   3716s
  136876    2.8874286e+02   2.018208e+05   0.000000e+00   3726s
  137186    2.8876922e+02   1.251348e+06   0.000000e+00   3736s
  137456    2.8880053e+02   3.334280e+05   0.000000e+00   3745s
  137716    2.8883264e+02   1.932140e+06   0.000000e+00   3754s
  137976    2.8886873e+02   8.663189e+04   0.000000e+00   3763s
  138246    2.8890181e+02   3.851071e+05   0.000000e+00   3772s
  138506    2.8893158e+02   1.274809e+05   0.000000e+00   3781s
  138746    2.8895746e+02   1.984583e+05   0.000000e+00   3790s
  139006    2.8898573e+02   2.743401e+05   0.000000e+00   3799s
  139266    2.8900973e+02   7.309919e+04   0.000000e+00   3808s
  139556    2.8905551e+02   4.510486e+05   0.000000e+00   3818s
  139856    2.8908340e+02   2.581165e+05   0.000000e+00   3828s
  140126    2.8911106e+02   9.079574e+04   0.000000e+00   3838s
  140396    2.8914188e+02   8.170372e+05   0.000000e+00   3848s
  140656    2.8917226e+02   2.820101e+05   0.000000e+00   3857s
  140906    2.8920402e+02   1.187928e+05   0.000000e+00   3866s
  141176    2.8923943e+02   1.084337e+05   0.000000e+00   3876s
  141426    2.8926793e+02   1.989634e+05   0.000000e+00   3884s
  141696    2.8929892e+02   4.669882e+04   0.000000e+00   3894s
  141986    2.8932356e+02   6.820574e+04   0.000000e+00   3904s
  142256    2.8936001e+02   1.293855e+05   0.000000e+00   3913s
  142536    2.8939417e+02   2.734345e+05   0.000000e+00   3923s
  142816    2.8942366e+02   5.666559e+05   0.000000e+00   3933s
  143086    2.8945357e+02   9.980177e+04   0.000000e+00   3942s
  143326    2.8948929e+02   1.779786e+05   0.000000e+00   3951s
  143586    2.8952055e+02   3.258542e+06   0.000000e+00   3960s
  143846    2.8955016e+02   8.176399e+04   0.000000e+00   3969s
  144116    2.8958266e+02   7.373567e+05   0.000000e+00   3978s
  144386    2.8960840e+02   1.047828e+05   0.000000e+00   3987s
  144706    2.8963770e+02   4.809103e+05   0.000000e+00   3998s
  145016    2.8968944e+02   1.679815e+05   0.000000e+00   4008s
  145306    2.8973648e+02   1.582850e+05   0.000000e+00   4019s
  145596    2.8977064e+02   1.144029e+05   0.000000e+00   4028s
  145866    2.8980939e+02   2.831977e+05   0.000000e+00   4038s
  146146    2.8984454e+02   1.933937e+06   0.000000e+00   4048s
  146406    2.8987055e+02   3.678431e+05   0.000000e+00   4057s
  146666    2.8989534e+02   2.728712e+05   0.000000e+00   4065s
  146926    2.8992977e+02   6.277029e+04   0.000000e+00   4075s
  147176    2.8996539e+02   7.094752e+05   0.000000e+00   4084s
  147446    2.8999823e+02   1.565008e+05   0.000000e+00   4093s
  147686    2.9002923e+02   8.803459e+05   0.000000e+00   4102s
  147916    2.9006034e+02   3.785770e+05   0.000000e+00   4110s
  148176    2.9009214e+02   1.297571e+05   0.000000e+00   4119s
  148426    2.9013092e+02   7.555508e+04   0.000000e+00   4128s
  148686    2.9016454e+02   2.462599e+05   0.000000e+00   4137s
  148966    2.9020375e+02   3.061852e+05   0.000000e+00   4146s
  149206    2.9024077e+02   5.524006e+04   0.000000e+00   4155s
  149456    2.9026875e+02   9.128871e+04   0.000000e+00   4164s
  149696    2.9028894e+02   3.389229e+05   0.000000e+00   4172s
  149936    2.9031755e+02   2.907927e+06   0.000000e+00   4181s
  150196    2.9033511e+02   8.767707e+05   0.000000e+00   4189s
  150446    2.9036606e+02   1.204485e+05   0.000000e+00   4198s
  150686    2.9039839e+02   3.668346e+05   0.000000e+00   4207s
  150936    2.9042840e+02   2.150820e+05   0.000000e+00   4216s
  151216    2.9046510e+02   1.288920e+05   0.000000e+00   4226s
  151496    2.9049489e+02   1.660820e+05   0.000000e+00   4235s
  151796    2.9053182e+02   1.079565e+05   0.000000e+00   4245s
  152096    2.9057437e+02   6.652238e+04   0.000000e+00   4256s
  152366    2.9060319e+02   2.842113e+05   0.000000e+00   4265s
  152636    2.9064050e+02   9.459815e+04   0.000000e+00   4274s
  152876    2.9067481e+02   3.594259e+05   0.000000e+00   4283s
  153126    2.9070158e+02   1.313115e+05   0.000000e+00   4292s
  153376    2.9072786e+02   2.900466e+05   0.000000e+00   4301s
  153636    2.9075404e+02   1.370344e+05   0.000000e+00   4310s
  153866    2.9077742e+02   1.662756e+06   0.000000e+00   4319s
  154116    2.9080756e+02   1.115178e+05   0.000000e+00   4327s
  154366    2.9084112e+02   4.289050e+06   0.000000e+00   4336s
  154616    2.9086666e+02   6.437039e+04   0.000000e+00   4344s
  154836    2.9089494e+02   3.157411e+05   0.000000e+00   4353s
  155056    2.9092483e+02   2.986243e+06   0.000000e+00   4361s
  155306    2.9095834e+02   1.013750e+05   0.000000e+00   4369s
  155556    2.9098985e+02   4.813573e+04   0.000000e+00   4378s
  155806    2.9101365e+02   3.056706e+05   0.000000e+00   4387s
  156056    2.9104299e+02   1.004338e+05   0.000000e+00   4396s
  156306    2.9107009e+02   2.242120e+05   0.000000e+00   4405s
  156546    2.9109737e+02   2.211334e+05   0.000000e+00   4414s
  156836    2.9113376e+02   4.752552e+04   0.000000e+00   4424s
  157086    2.9116381e+02   1.855079e+05   0.000000e+00   4433s
  157336    2.9120005e+02   1.949441e+06   0.000000e+00   4441s
  157566    2.9122164e+02   9.832618e+04   0.000000e+00   4450s
  157786    2.9124362e+02   4.312831e+04   0.000000e+00   4458s
  158016    2.9127170e+02   2.173121e+05   0.000000e+00   4467s
  158266    2.9129811e+02   1.689616e+05   0.000000e+00   4475s
  158526    2.9132697e+02   2.753072e+05   0.000000e+00   4485s
  158806    2.9135405e+02   7.523812e+04   0.000000e+00   4494s
  159076    2.9137828e+02   1.210558e+06   0.000000e+00   4503s
  159326    2.9139653e+02   1.173872e+06   0.000000e+00   4512s
  159586    2.9142223e+02   3.471954e+04   0.000000e+00   4521s
  159836    2.9144909e+02   1.370796e+05   0.000000e+00   4530s
  160076    2.9147206e+02   3.765378e+04   0.000000e+00   4539s
  160346    2.9150202e+02   4.865766e+04   0.000000e+00   4548s
  160606    2.9153204e+02   1.734252e+05   0.000000e+00   4557s
  160856    2.9155424e+02   1.084731e+05   0.000000e+00   4566s
  161106    2.9157440e+02   3.425110e+05   0.000000e+00   4575s
  161376    2.9159617e+02   1.662764e+05   0.000000e+00   4584s
  161666    2.9161806e+02   8.649743e+04   0.000000e+00   4594s
  161946    2.9164093e+02   6.375431e+05   0.000000e+00   4603s
  162216    2.9166765e+02   1.213390e+06   0.000000e+00   4613s
  162466    2.9169554e+02   2.475359e+05   0.000000e+00   4622s
  162726    2.9172346e+02   1.458945e+05   0.000000e+00   4631s
  162986    2.9175380e+02   1.532773e+05   0.000000e+00   4640s
  163276    2.9177888e+02   2.046895e+05   0.000000e+00   4650s
  163526    2.9180226e+02   1.687513e+06   0.000000e+00   4659s
  163806    2.9182263e+02   2.833160e+05   0.000000e+00   4668s
  164056    2.9184602e+02   1.095319e+06   0.000000e+00   4678s
  164296    2.9186792e+02   4.156801e+05   0.000000e+00   4686s
  164516    2.9188628e+02   5.272499e+05   0.000000e+00   4695s
  164786    2.9190388e+02   1.948099e+05   0.000000e+00   4704s
  165056    2.9192308e+02   3.712579e+05   0.000000e+00   4713s
  165316    2.9194715e+02   1.474253e+06   0.000000e+00   4722s
  165576    2.9196783e+02   1.198617e+05   0.000000e+00   4731s
  165846    2.9198607e+02   5.941117e+04   0.000000e+00   4740s
  166106    2.9200656e+02   8.733057e+04   0.000000e+00   4750s
  166376    2.9203377e+02   6.937930e+04   0.000000e+00   4759s
  166676    2.9206798e+02   7.700167e+04   0.000000e+00   4769s
  166956    2.9209208e+02   8.058811e+04   0.000000e+00   4779s
  167236    2.9211508e+02   4.363092e+05   0.000000e+00   4789s
  167576    2.9213986e+02   3.434598e+04   0.000000e+00   4800s
  167856    2.9216298e+02   3.004525e+05   0.000000e+00   4810s
  168126    2.9218275e+02   1.335280e+06   0.000000e+00   4819s
  168376    2.9220225e+02   2.876203e+05   0.000000e+00   4828s
  168656    2.9222424e+02   3.988835e+05   0.000000e+00   4838s
  168926    2.9224222e+02   2.087778e+05   0.000000e+00   4847s
  169196    2.9227042e+02   1.079295e+05   0.000000e+00   4856s
  169436    2.9229503e+02   6.510705e+05   0.000000e+00   4865s
  169666    2.9231275e+02   1.151058e+05   0.000000e+00   4873s
  169916    2.9233242e+02   4.604592e+05   0.000000e+00   4882s
  170176    2.9236019e+02   2.417853e+05   0.000000e+00   4891s
  170456    2.9238282e+02   1.367105e+05   0.000000e+00   4901s
  170706    2.9240765e+02   6.763919e+04   0.000000e+00   4909s
  170956    2.9243308e+02   1.047943e+06   0.000000e+00   4918s
  171196    2.9245181e+02   3.417802e+05   0.000000e+00   4927s
  171466    2.9247262e+02   2.764311e+05   0.000000e+00   4936s
  171706    2.9248819e+02   1.226064e+05   0.000000e+00   4945s
  171996    2.9250791e+02   1.749988e+05   0.000000e+00   4954s
  172256    2.9252981e+02   1.184883e+05   0.000000e+00   4964s
  172526    2.9255925e+02   1.047503e+06   0.000000e+00   4974s
  172816    2.9258460e+02   7.088876e+04   0.000000e+00   4984s
  173096    2.9261548e+02   5.136546e+04   0.000000e+00   4994s
  173366    2.9264186e+02   1.597781e+05   0.000000e+00   5003s
  173626    2.9266849e+02   1.552582e+06   0.000000e+00   5012s
  173876    2.9269093e+02   9.474946e+04   0.000000e+00   5022s
  174136    2.9271245e+02   2.771231e+05   0.000000e+00   5031s
  174416    2.9274407e+02   4.876224e+04   0.000000e+00   5040s
  174696    2.9276527e+02   6.372328e+04   0.000000e+00   5049s
  174966    2.9279508e+02   1.078727e+05   0.000000e+00   5059s
  175236    2.9281967e+02   7.613342e+05   0.000000e+00   5068s
  175496    2.9284087e+02   1.085607e+05   0.000000e+00   5077s
  175756    2.9286594e+02   1.581101e+05   0.000000e+00   5086s
  176016    2.9288884e+02   1.534028e+05   0.000000e+00   5095s
  176306    2.9291220e+02   1.827896e+06   0.000000e+00   5105s
  176546    2.9293681e+02   1.665946e+05   0.000000e+00   5114s
  176806    2.9296304e+02   9.613280e+04   0.000000e+00   5123s
  177046    2.9299138e+02   1.279445e+05   0.000000e+00   5132s
  177326    2.9301535e+02   8.831222e+04   0.000000e+00   5141s
  177576    2.9304464e+02   2.114654e+05   0.000000e+00   5150s
  177836    2.9306977e+02   1.182987e+06   0.000000e+00   5159s
  178096    2.9308956e+02   6.336227e+04   0.000000e+00   5169s
  178366    2.9311524e+02   1.326121e+05   0.000000e+00   5178s
  178626    2.9313990e+02   1.035700e+05   0.000000e+00   5187s
  178906    2.9316982e+02   2.918619e+05   0.000000e+00   5197s
  179176    2.9319776e+02   9.455291e+04   0.000000e+00   5206s
  179436    2.9321921e+02   4.605737e+04   0.000000e+00   5215s
  179716    2.9324506e+02   1.000220e+05   0.000000e+00   5224s
  179976    2.9327141e+02   1.264621e+05   0.000000e+00   5234s
  180246    2.9329364e+02   3.410492e+05   0.000000e+00   5243s
  180506    2.9331947e+02   6.752890e+04   0.000000e+00   5252s
  180786    2.9334461e+02   7.386661e+04   0.000000e+00   5262s
  181076    2.9336936e+02   1.608387e+05   0.000000e+00   5271s
  181346    2.9339939e+02   1.199383e+05   0.000000e+00   5281s
  181606    2.9342635e+02   1.273515e+05   0.000000e+00   5290s
  181896    2.9345055e+02   2.410657e+05   0.000000e+00   5299s
  182166    2.9347736e+02   1.000614e+05   0.000000e+00   5309s
  182436    2.9350596e+02   2.416518e+06   0.000000e+00   5318s
  182716    2.9352478e+02   2.242457e+05   0.000000e+00   5327s
  182966    2.9354662e+02   6.120504e+05   0.000000e+00   5336s
  183226    2.9356538e+02   5.488000e+04   0.000000e+00   5346s
  183486    2.9358640e+02   8.928015e+04   0.000000e+00   5354s
  183766    2.9361546e+02   1.089375e+05   0.000000e+00   5363s
  184036    2.9363810e+02   8.642570e+04   0.000000e+00   5373s
  184296    2.9365292e+02   1.146325e+05   0.000000e+00   5381s
  184546    2.9367354e+02   1.023697e+05   0.000000e+00   5390s
  184806    2.9368773e+02   7.411056e+06   0.000000e+00   5399s
  185086    2.9370848e+02   4.408163e+04   0.000000e+00   5408s
  185376    2.9372822e+02   2.741252e+05   0.000000e+00   5417s
  185646    2.9374780e+02   6.914951e+04   0.000000e+00   5426s
  185906    2.9376910e+02   1.017999e+05   0.000000e+00   5435s
  186166    2.9379808e+02   1.209569e+06   0.000000e+00   5444s
  186446    2.9382646e+02   1.999844e+05   0.000000e+00   5453s
  186706    2.9384318e+02   9.743443e+04   0.000000e+00   5462s
  186986    2.9386296e+02   3.288533e+05   0.000000e+00   5471s
  187246    2.9388546e+02   1.758753e+05   0.000000e+00   5480s
  187496    2.9390485e+02   8.664240e+04   0.000000e+00   5489s
  187746    2.9392829e+02   1.547732e+05   0.000000e+00   5497s
  187986    2.9394884e+02   9.445121e+04   0.000000e+00   5505s
  188246    2.9396828e+02   3.811899e+05   0.000000e+00   5514s
  188516    2.9398503e+02   1.281311e+05   0.000000e+00   5523s
  188796    2.9399934e+02   2.720412e+04   0.000000e+00   5532s
  189036    2.9401797e+02   3.409621e+05   0.000000e+00   5541s
  189326    2.9403325e+02   1.524670e+05   0.000000e+00   5549s
  189586    2.9404924e+02   5.859121e+05   0.000000e+00   5558s
  189766    2.9406735e+02   4.991307e+06   0.000000e+00   5566s
  189966    2.9409396e+02   1.478971e+07   0.000000e+00   5574s
  190156    2.9411799e+02   1.950633e+06   0.000000e+00   5582s
  190336    2.9414861e+02   4.330219e+05   0.000000e+00   5590s
  190526    2.9417352e+02   7.073316e+05   0.000000e+00   5598s
  190716    2.9419966e+02   1.100996e+06   0.000000e+00   5606s
  190896    2.9422791e+02   1.495953e+06   0.000000e+00   5614s
  191076    2.9425265e+02   6.456347e+04   0.000000e+00   5621s
  191266    2.9428053e+02   6.501822e+05   0.000000e+00   5629s
  191446    2.9430723e+02   1.934677e+05   0.000000e+00   5636s
  191626    2.9433648e+02   7.985318e+06   0.000000e+00   5644s
  191816    2.9436361e+02   1.640365e+06   0.000000e+00   5652s
  191996    2.9439469e+02   2.124035e+06   0.000000e+00   5659s
  192176    2.9441989e+02   2.123803e+06   0.000000e+00   5666s
  192346    2.9444606e+02   9.351551e+05   0.000000e+00   5673s
  192526    2.9446816e+02   3.664053e+05   0.000000e+00   5681s
  192696    2.9448991e+02   8.407074e+04   0.000000e+00   5688s
  192866    2.9451068e+02   4.296240e+05   0.000000e+00   5695s
  193046    2.9454173e+02   3.373409e+05   0.000000e+00   5702s
  193226    2.9456602e+02   2.621689e+05   0.000000e+00   5709s
  193436    2.9459151e+02   9.984116e+05   0.000000e+00   5717s
  193616    2.9461170e+02   3.422257e+05   0.000000e+00   5724s
  193786    2.9463400e+02   2.659895e+05   0.000000e+00   5730s
  193956    2.9465697e+02   1.977332e+05   0.000000e+00   5737s
  194146    2.9467932e+02   6.495877e+05   0.000000e+00   5744s
  194336    2.9470805e+02   2.189991e+05   0.000000e+00   5751s
  194516    2.9473191e+02   2.043988e+05   0.000000e+00   5758s
  194696    2.9476536e+02   6.929615e+04   0.000000e+00   5765s
  194886    2.9479332e+02   1.331488e+05   0.000000e+00   5772s
  195066    2.9482290e+02   6.085280e+05   0.000000e+00   5779s
  195246    2.9485007e+02   3.015409e+05   0.000000e+00   5786s
  195416    2.9487374e+02   1.922577e+05   0.000000e+00   5792s
  195596    2.9490039e+02   5.848548e+05   0.000000e+00   5799s
  195766    2.9492022e+02   4.695762e+05   0.000000e+00   5805s
  195926    2.9494003e+02   5.806715e+04   0.000000e+00   5811s
  196086    2.9496515e+02   6.678234e+06   0.000000e+00   5817s
  196256    2.9498260e+02   3.009761e+05   0.000000e+00   5824s
  196436    2.9500426e+02   2.233748e+05   0.000000e+00   5831s
  196636    2.9502376e+02   3.439032e+05   0.000000e+00   5838s
  196806    2.9504091e+02   4.987592e+06   0.000000e+00   5844s
  196986    2.9506018e+02   3.894507e+05   0.000000e+00   5851s
  197156    2.9508494e+02   1.281176e+05   0.000000e+00   5858s
  197326    2.9510716e+02   2.971521e+05   0.000000e+00   5864s
  197506    2.9513683e+02   2.894629e+05   0.000000e+00   5871s
  197686    2.9516913e+02   2.238146e+05   0.000000e+00   5877s
  197866    2.9520047e+02   6.583051e+05   0.000000e+00   5884s
  198036    2.9522999e+02   3.834759e+05   0.000000e+00   5890s
  198246    2.9526161e+02   2.550626e+05   0.000000e+00   5897s
  198416    2.9528153e+02   2.723398e+05   0.000000e+00   5903s
  198596    2.9530629e+02   3.138890e+05   0.000000e+00   5910s
  198786    2.9533235e+02   9.242101e+04   0.000000e+00   5916s
  198966    2.9535345e+02   1.604459e+05   0.000000e+00   5923s
  199166    2.9538213e+02   1.057975e+05   0.000000e+00   5929s
  199346    2.9541095e+02   8.045972e+05   0.000000e+00   5936s
  199536    2.9543677e+02   3.991585e+07   0.000000e+00   5942s
  199706    2.9545978e+02   1.249131e+06   0.000000e+00   5948s
  199876    2.9547824e+02   4.054660e+05   0.000000e+00   5955s
  200066    2.9550026e+02   1.072339e+05   0.000000e+00   5961s
  200236    2.9552436e+02   1.201716e+05   0.000000e+00   5967s
  200426    2.9554379e+02   2.361669e+06   0.000000e+00   5974s
  200606    2.9555431e+02   9.049332e+05   0.000000e+00   5980s
  200786    2.9557147e+02   2.690366e+05   0.000000e+00   5987s
  200986    2.9559756e+02   5.333412e+05   0.000000e+00   5993s
  201186    2.9562087e+02   1.003422e+05   0.000000e+00   6000s
  201356    2.9564090e+02   1.067310e+05   0.000000e+00   6006s
  201556    2.9566714e+02   8.570877e+05   0.000000e+00   6012s
  201736    2.9568686e+02   1.122668e+06   0.000000e+00   6019s
  201896    2.9570444e+02   5.581448e+06   0.000000e+00   6024s
  202066    2.9572519e+02   9.293472e+04   0.000000e+00   6030s
  202226    2.9574374e+02   7.360802e+04   0.000000e+00   6036s
  202396    2.9576165e+02   5.709524e+05   0.000000e+00   6042s
  202566    2.9577836e+02   3.784694e+05   0.000000e+00   6048s
  202756    2.9579576e+02   5.034011e+04   0.000000e+00   6054s
  202926    2.9581201e+02   3.759277e+05   0.000000e+00   6059s
  203086    2.9582453e+02   3.914638e+05   0.000000e+00   6065s
  203266    2.9583903e+02   1.593428e+06   0.000000e+00   6071s
  203446    2.9585278e+02   5.363763e+05   0.000000e+00   6077s
  203616    2.9587082e+02   5.804697e+05   0.000000e+00   6083s
  203796    2.9589116e+02   5.675820e+04   0.000000e+00   6089s
  203976    2.9590756e+02   5.016096e+05   0.000000e+00   6095s
  204146    2.9592146e+02   1.154328e+07   0.000000e+00   6101s
  204326    2.9594001e+02   1.703315e+06   0.000000e+00   6107s
  204496    2.9595869e+02   6.623429e+04   0.000000e+00   6112s
  204666    2.9597586e+02   5.445235e+06   0.000000e+00   6118s
  204846    2.9598852e+02   7.256655e+05   0.000000e+00   6124s
  205006    2.9600317e+02   1.524765e+06   0.000000e+00   6130s
  205186    2.9601896e+02   6.155222e+05   0.000000e+00   6136s
  205376    2.9603716e+02   8.784583e+04   0.000000e+00   6142s
  205576    2.9605857e+02   2.229014e+05   0.000000e+00   6149s
  205786    2.9608446e+02   4.165978e+05   0.000000e+00   6156s
  205966    2.9610051e+02   2.289613e+05   0.000000e+00   6162s
  206156    2.9611954e+02   1.783121e+06   0.000000e+00   6168s
  206336    2.9613592e+02   2.241530e+05   0.000000e+00   6174s
  206486    2.9614688e+02   8.539262e+04   0.000000e+00   6180s
  206646    2.9615889e+02   9.062180e+05   0.000000e+00   6185s
  206816    2.9617646e+02   3.630067e+05   0.000000e+00   6191s
  206976    2.9619349e+02   5.217569e+05   0.000000e+00   6196s
  207146    2.9620925e+02   4.863440e+05   0.000000e+00   6202s
  207326    2.9622702e+02   4.021395e+05   0.000000e+00   6207s
  207506    2.9624628e+02   4.573755e+06   0.000000e+00   6213s
  207686    2.9626111e+02   1.762652e+06   0.000000e+00   6219s
  207856    2.9628077e+02   8.785257e+05   0.000000e+00   6225s
  208016    2.9629508e+02   3.588443e+06   0.000000e+00   6230s
  208186    2.9631049e+02   1.086713e+05   0.000000e+00   6236s
  208346    2.9632709e+02   3.083312e+05   0.000000e+00   6242s
  208496    2.9634287e+02   1.208374e+06   0.000000e+00   6247s
  208676    2.9635970e+02   6.902392e+05   0.000000e+00   6253s
  208856    2.9637380e+02   1.083026e+06   0.000000e+00   6259s
  209046    2.9638828e+02   2.616509e+05   0.000000e+00   6265s
  209226    2.9640582e+02   1.478746e+05   0.000000e+00   6271s
  209386    2.9642174e+02   5.524682e+06   0.000000e+00   6277s
  209546    2.9643500e+02   8.036507e+05   0.000000e+00   6282s
  209706    2.9644675e+02   1.104969e+06   0.000000e+00   6288s
  209866    2.9645952e+02   1.250121e+05   0.000000e+00   6293s
  210036    2.9647038e+02   6.889120e+05   0.000000e+00   6299s
  210196    2.9648511e+02   2.476256e+05   0.000000e+00   6304s
  210356    2.9649681e+02   7.904536e+06   0.000000e+00   6310s
  210506    2.9650758e+02   4.386280e+06   0.000000e+00   6315s
  210656    2.9652019e+02   5.732484e+05   0.000000e+00   6321s
  210806    2.9653388e+02   7.738553e+05   0.000000e+00   6326s
  210976    2.9654594e+02   5.534796e+05   0.000000e+00   6332s
  211146    2.9655848e+02   8.275411e+05   0.000000e+00   6338s
  211306    2.9657742e+02   1.159479e+05   0.000000e+00   6343s
  211476    2.9658911e+02   3.229112e+06   0.000000e+00   6349s
  211656    2.9660824e+02   7.086821e+05   0.000000e+00   6355s
  211836    2.9662253e+02   6.810537e+06   0.000000e+00   6361s
  212016    2.9663773e+02   1.382071e+06   0.000000e+00   6367s
  212196    2.9664977e+02   4.804615e+06   0.000000e+00   6373s
  212386    2.9666028e+02   9.969657e+04   0.000000e+00   6379s
  212556    2.9667328e+02   6.936387e+06   0.000000e+00   6385s
  212716    2.9668173e+02   3.974864e+06   0.000000e+00   6391s
  212876    2.9669216e+02   3.138003e+06   0.000000e+00   6396s
  213026    2.9669856e+02   3.340396e+06   0.000000e+00   6401s
  213186    2.9670597e+02   7.347712e+06   0.000000e+00   6407s
  213356    2.9671327e+02   4.861794e+06   0.000000e+00   6412s
  213526    2.9672143e+02   5.386929e+05   0.000000e+00   6418s
  213706    2.9672943e+02   4.092611e+05   0.000000e+00   6424s
  213876    2.9673898e+02   3.732004e+06   0.000000e+00   6430s
  214046    2.9674735e+02   4.565209e+05   0.000000e+00   6436s
  214226    2.9675736e+02   6.827678e+06   0.000000e+00   6442s
  214416    2.9676682e+02   6.681539e+05   0.000000e+00   6448s
  214586    2.9677693e+02   1.523016e+06   0.000000e+00   6454s
  214736    2.9678524e+02   8.442326e+05   0.000000e+00   6459s
  214906    2.9679560e+02   1.164034e+06   0.000000e+00   6465s
  215086    2.9680719e+02   1.644045e+07   0.000000e+00   6471s
  215266    2.9681871e+02   6.166768e+05   0.000000e+00   6477s
  215446    2.9683192e+02   1.313316e+05   0.000000e+00   6483s
  215626    2.9684300e+02   7.633574e+05   0.000000e+00   6489s
  215816    2.9685498e+02   7.086327e+06   0.000000e+00   6495s
  215986    2.9686642e+02   1.226890e+06   0.000000e+00   6501s
  216176    2.9687683e+02   5.646316e+05   0.000000e+00   6507s
  216356    2.9688970e+02   8.555165e+05   0.000000e+00   6514s
  216536    2.9690289e+02   9.101224e+05   0.000000e+00   6520s
  216726    2.9691734e+02   1.428514e+05   0.000000e+00   6526s
  216896    2.9693047e+02   2.734306e+05   0.000000e+00   6532s
  217086    2.9694549e+02   8.257022e+05   0.000000e+00   6538s
  217256    2.9695589e+02   1.399208e+05   0.000000e+00   6544s
  217426    2.9696621e+02   5.355646e+04   0.000000e+00   6549s
  217586    2.9697707e+02   1.212367e+05   0.000000e+00   6555s
  217736    2.9698848e+02   1.590312e+06   0.000000e+00   6560s
  217906    2.9700220e+02   2.242511e+05   0.000000e+00   6566s
  218096    2.9701428e+02   9.332030e+05   0.000000e+00   6572s
  218276    2.9702854e+02   3.945986e+05   0.000000e+00   6578s
  218466    2.9704372e+02   6.903844e+04   0.000000e+00   6584s
  218636    2.9705405e+02   5.765713e+05   0.000000e+00   6590s
  218816    2.9706582e+02   1.008487e+06   0.000000e+00   6595s
  218996    2.9707935e+02   5.893361e+05   0.000000e+00   6601s
  219166    2.9709096e+02   6.663219e+05   0.000000e+00   6607s
  219326    2.9710154e+02   5.505762e+05   0.000000e+00   6612s
  219496    2.9711276e+02   4.852329e+04   0.000000e+00   6618s
  219656    2.9712299e+02   1.463052e+06   0.000000e+00   6623s
  219816    2.9713248e+02   3.017507e+05   0.000000e+00   6629s
  219976    2.9714446e+02   6.192593e+05   0.000000e+00   6634s
  220136    2.9716021e+02   4.163005e+05   0.000000e+00   6640s
  220316    2.9717400e+02   4.457109e+05   0.000000e+00   6645s
  220496    2.9718874e+02   1.199024e+05   0.000000e+00   6651s
  220666    2.9719960e+02   1.307606e+05   0.000000e+00   6657s
  220826    2.9720983e+02   1.227055e+05   0.000000e+00   6662s
  220986    2.9722208e+02   1.228697e+05   0.000000e+00   6667s
  221156    2.9723692e+02   5.965919e+04   0.000000e+00   6673s
  221316    2.9724967e+02   1.216849e+06   0.000000e+00   6678s
  221486    2.9726151e+02   2.362823e+05   0.000000e+00   6684s
  221646    2.9727301e+02   1.999369e+05   0.000000e+00   6689s
  221806    2.9728267e+02   1.157701e+05   0.000000e+00   6694s
  221986    2.9729722e+02   5.842597e+05   0.000000e+00   6700s
  222166    2.9731037e+02   2.375808e+05   0.000000e+00   6705s
  222336    2.9732312e+02   1.357031e+05   0.000000e+00   6711s
  222506    2.9733595e+02   1.721202e+05   0.000000e+00   6717s
  222676    2.9734878e+02   9.491606e+05   0.000000e+00   6722s
  222836    2.9735862e+02   1.046232e+05   0.000000e+00   6727s
  223006    2.9736852e+02   7.148648e+04   0.000000e+00   6733s
  223146    2.9737576e+02   1.228591e+05   0.000000e+00   6738s
  223306    2.9738476e+02   7.781872e+04   0.000000e+00   6743s
  223466    2.9739372e+02   6.310780e+05   0.000000e+00   6748s
  223646    2.9740623e+02   1.055084e+06   0.000000e+00   6754s
  223826    2.9741941e+02   2.515612e+05   0.000000e+00   6760s
  224006    2.9743287e+02   2.505391e+05   0.000000e+00   6765s
  224176    2.9744134e+02   1.149353e+06   0.000000e+00   6770s
  224356    2.9745483e+02   1.131223e+05   0.000000e+00   6776s
  224536    2.9746618e+02   5.433050e+04   0.000000e+00   6782s
  224726    2.9747517e+02   5.519979e+04   0.000000e+00   6788s
  224896    2.9748515e+02   1.315782e+05   0.000000e+00   6793s
  225066    2.9749587e+02   6.329392e+04   0.000000e+00   6798s
  225236    2.9750947e+02   1.029023e+05   0.000000e+00   6804s
  225396    2.9752128e+02   5.752051e+05   0.000000e+00   6809s
  225546    2.9752972e+02   7.566940e+04   0.000000e+00   6814s
  225706    2.9753890e+02   2.353465e+05   0.000000e+00   6819s
  225866    2.9754657e+02   4.824317e+05   0.000000e+00   6824s
  226046    2.9755656e+02   2.656741e+05   0.000000e+00   6829s
  226196    2.9756777e+02   9.238794e+05   0.000000e+00   6834s
  226376    2.9757935e+02   6.086074e+04   0.000000e+00   6839s
  226546    2.9759132e+02   4.419472e+04   0.000000e+00   6845s
  226716    2.9760200e+02   8.391568e+04   0.000000e+00   6850s
  226876    2.9761455e+02   1.189303e+05   0.000000e+00   6855s
  227056    2.9762796e+02   8.013912e+04   0.000000e+00   6860s
  227226    2.9763749e+02   7.142099e+06   0.000000e+00   6866s
  227386    2.9764863e+02   3.591641e+04   0.000000e+00   6871s
  227556    2.9766119e+02   7.710250e+04   0.000000e+00   6876s
  227726    2.9767111e+02   2.484689e+05   0.000000e+00   6881s
  227896    2.9768098e+02   1.184681e+05   0.000000e+00   6886s
  228056    2.9769454e+02   2.040740e+05   0.000000e+00   6891s
  228216    2.9770408e+02   2.214653e+05   0.000000e+00   6896s
  228386    2.9771665e+02   2.101720e+05   0.000000e+00   6901s
  228546    2.9772703e+02   1.455149e+05   0.000000e+00   6906s
  228706    2.9773698e+02   1.204307e+05   0.000000e+00   6911s
  228876    2.9774723e+02   9.439665e+04   0.000000e+00   6916s
  229046    2.9775537e+02   4.893306e+04   0.000000e+00   6921s
  229216    2.9776603e+02   8.919943e+04   0.000000e+00   6926s
  229406    2.9777581e+02   6.826312e+04   0.000000e+00   6932s
  229586    2.9778231e+02   1.587082e+05   0.000000e+00   6937s
  229766    2.9779088e+02   2.978900e+05   0.000000e+00   6942s
  229936    2.9780002e+02   9.315345e+04   0.000000e+00   6948s
  230106    2.9781119e+02   5.636338e+04   0.000000e+00   6953s
  230296    2.9782320e+02   1.164108e+05   0.000000e+00   6958s
  230476    2.9783339e+02   2.952117e+05   0.000000e+00   6964s
  230656    2.9784125e+02   4.597606e+04   0.000000e+00   6969s
  230846    2.9784935e+02   5.637126e+04   0.000000e+00   6974s
  231026    2.9785822e+02   2.678037e+04   0.000000e+00   6979s
  231196    2.9786969e+02   7.806898e+04   0.000000e+00   6985s
  231376    2.9787781e+02   1.883542e+05   0.000000e+00   6990s
  231566    2.9788543e+02   1.005391e+05   0.000000e+00   6995s
  231726    2.9789596e+02   3.535119e+04   0.000000e+00   7000s
  231896    2.9790513e+02   1.004461e+05   0.000000e+00   7005s
  232056    2.9791545e+02   4.254569e+04   0.000000e+00   7010s
  232226    2.9792629e+02   2.734347e+04   0.000000e+00   7015s
  232396    2.9793748e+02   2.387901e+05   0.000000e+00   7020s
  232566    2.9795034e+02   5.727193e+04   0.000000e+00   7025s
  232736    2.9795966e+02   2.439840e+05   0.000000e+00   7030s
  232896    2.9797113e+02   1.861719e+05   0.000000e+00   7035s
  233066    2.9798141e+02   7.735095e+06   0.000000e+00   7040s
  233236    2.9799168e+02   1.924004e+05   0.000000e+00   7045s
  233406    2.9800405e+02   1.833055e+05   0.000000e+00   7050s
  233576    2.9801480e+02   1.429102e+05   0.000000e+00   7055s
  233746    2.9802437e+02   5.419281e+04   0.000000e+00   7060s
  233936    2.9803347e+02   9.473017e+04   0.000000e+00   7065s
  234116    2.9804495e+02   1.192398e+05   0.000000e+00   7070s
  234286    2.9805623e+02   6.180532e+05   0.000000e+00   7075s
  234476    2.9806727e+02   7.351000e+05   0.000000e+00   7081s
  234656    2.9807805e+02   1.970216e+05   0.000000e+00   7086s
  234836    2.9808716e+02   4.696539e+04   0.000000e+00   7091s
  235026    2.9809907e+02   2.271805e+05   0.000000e+00   7097s
  235196    2.9810890e+02   9.181124e+04   0.000000e+00   7102s
  235356    2.9811875e+02   3.905583e+04   0.000000e+00   7106s
  235516    2.9812947e+02   2.738511e+05   0.000000e+00   7111s
  235686    2.9814051e+02   1.669442e+05   0.000000e+00   7116s
  235846    2.9814858e+02   1.791699e+05   0.000000e+00   7121s
  236166    2.9816487e+02   1.558497e+04   0.000000e+00   7130s
  236326    2.9817249e+02   4.969642e+04   0.000000e+00   7134s
  236496    2.9818236e+02   3.920405e+04   0.000000e+00   7139s
  236656    2.9819171e+02   8.610829e+04   0.000000e+00   7144s
  236826    2.9820065e+02   2.032284e+04   0.000000e+00   7149s
  237006    2.9821006e+02   1.085128e+05   0.000000e+00   7154s
  237176    2.9821886e+02   2.307301e+04   0.000000e+00   7159s
  237346    2.9822675e+02   1.044508e+05   0.000000e+00   7164s
  237516    2.9823675e+02   3.911251e+04   0.000000e+00   7169s
  237686    2.9824726e+02   9.012194e+04   0.000000e+00   7174s
  237856    2.9825595e+02   1.620117e+05   0.000000e+00   7179s
  238016    2.9826251e+02   9.128013e+04   0.000000e+00   7183s
  238186    2.9827059e+02   1.037169e+05   0.000000e+00   7188s
  238356    2.9827978e+02   3.703000e+04   0.000000e+00   7193s
  238526    2.9829031e+02   7.701824e+04   0.000000e+00   7198s
  238696    2.9830057e+02   2.432867e+04   0.000000e+00   7203s
  238856    2.9830994e+02   2.254063e+05   0.000000e+00   7207s
  239026    2.9831746e+02   1.452781e+05   0.000000e+00   7212s
  239196    2.9832331e+02   6.216970e+05   0.000000e+00   7217s
  239356    2.9833183e+02   3.546801e+04   0.000000e+00   7221s
  239506    2.9834008e+02   2.000730e+05   0.000000e+00   7226s
  239666    2.9834826e+02   8.340861e+04   0.000000e+00   7230s
  239836    2.9835467e+02   1.684144e+05   0.000000e+00   7235s
  240166    2.9837119e+02   5.401532e+04   0.000000e+00   7245s
  240316    2.9837898e+02   4.678043e+04   0.000000e+00   7249s
  240466    2.9838658e+02   8.972959e+04   0.000000e+00   7253s
  240606    2.9839359e+02   3.793838e+04   0.000000e+00   7257s
  240776    2.9840212e+02   4.015609e+04   0.000000e+00   7262s
  240936    2.9840994e+02   6.725222e+05   0.000000e+00   7267s
  241096    2.9841762e+02   2.330873e+04   0.000000e+00   7271s
  241276    2.9842675e+02   4.223135e+04   0.000000e+00   7276s
  241456    2.9843525e+02   3.744758e+04   0.000000e+00   7281s
  241616    2.9844211e+02   8.993452e+04   0.000000e+00   7285s
  241786    2.9844883e+02   4.351249e+04   0.000000e+00   7290s
  242116    2.9846220e+02   6.709095e+04   0.000000e+00   7299s
  242286    2.9847060e+02   1.127924e+05   0.000000e+00   7304s
  242446    2.9847821e+02   9.314863e+04   0.000000e+00   7308s
  242616    2.9848632e+02   4.757698e+04   0.000000e+00   7313s
  242776    2.9849407e+02   1.667639e+05   0.000000e+00   7317s
  242946    2.9850128e+02   5.785107e+04   0.000000e+00   7322s
  243096    2.9850669e+02   9.918621e+04   0.000000e+00   7327s
  243266    2.9851442e+02   5.457790e+04   0.000000e+00   7331s
  243426    2.9852406e+02   6.031214e+04   0.000000e+00   7336s
  243586    2.9853128e+02   7.221353e+04   0.000000e+00   7340s
  243906    2.9854571e+02   2.918700e+05   0.000000e+00   7349s
  244056    2.9855119e+02   3.740852e+04   0.000000e+00   7353s
  244206    2.9855830e+02   6.074071e+04   0.000000e+00   7358s
  244366    2.9856453e+02   1.402102e+05   0.000000e+00   7362s
  244526    2.9857353e+02   6.040022e+04   0.000000e+00   7367s
  244696    2.9858159e+02   2.317093e+05   0.000000e+00   7371s
  244856    2.9858609e+02   4.293185e+04   0.000000e+00   7376s
  245006    2.9859244e+02   1.121202e+05   0.000000e+00   7380s
  245336    2.9860442e+02   4.925541e+04   0.000000e+00   7389s
  245496    2.9860990e+02   6.499086e+04   0.000000e+00   7394s
  245666    2.9861547e+02   1.023672e+05   0.000000e+00   7399s
  245826    2.9862255e+02   1.045848e+05   0.000000e+00   7403s
  245996    2.9863084e+02   1.060388e+05   0.000000e+00   7408s
  246156    2.9863765e+02   7.327318e+04   0.000000e+00   7412s
  246316    2.9864631e+02   4.578018e+04   0.000000e+00   7417s
  246506    2.9865542e+02   2.118365e+04   0.000000e+00   7422s
  246676    2.9866346e+02   2.774070e+04   0.000000e+00   7426s
  246836    2.9867095e+02   2.178492e+05   0.000000e+00   7431s
  247156    2.9868471e+02   8.730796e+04   0.000000e+00   7440s
  247326    2.9868963e+02   7.671357e+04   0.000000e+00   7444s
  247486    2.9869568e+02   4.048768e+04   0.000000e+00   7449s
  247646    2.9870281e+02   3.331761e+05   0.000000e+00   7453s
  247796    2.9870887e+02   4.388859e+04   0.000000e+00   7457s
  247946    2.9871510e+02   3.475119e+05   0.000000e+00   7462s
  248096    2.9871995e+02   5.052736e+04   0.000000e+00   7466s
  248386    2.9873196e+02   4.875441e+04   0.000000e+00   7474s
  248556    2.9873968e+02   1.424535e+05   0.000000e+00   7478s
  248716    2.9874566e+02   1.871794e+04   0.000000e+00   7483s
  248866    2.9875034e+02   1.160306e+05   0.000000e+00   7487s
  249036    2.9875642e+02   1.012627e+05   0.000000e+00   7492s
  249216    2.9876308e+02   1.494771e+05   0.000000e+00   7496s
  249376    2.9877012e+02   5.131997e+04   0.000000e+00   7501s
  249546    2.9877725e+02   1.217726e+04   0.000000e+00   7505s
  249876    2.9879076e+02   6.608152e+04   0.000000e+00   7514s
  250036    2.9879664e+02   4.824448e+04   0.000000e+00   7518s
  250216    2.9880173e+02   6.314880e+04   0.000000e+00   7523s
  250376    2.9880659e+02   1.852104e+04   0.000000e+00   7527s
  250536    2.9881083e+02   8.357494e+04   0.000000e+00   7532s
  250706    2.9881642e+02   1.263917e+04   0.000000e+00   7536s
  250876    2.9882260e+02   3.016903e+04   0.000000e+00   7541s
  251036    2.9882705e+02   6.043094e+04   0.000000e+00   7545s
  251346    2.9883751e+02   1.620266e+05   0.000000e+00   7554s
  251516    2.9884418e+02   2.028058e+04   0.000000e+00   7558s
  251676    2.9884926e+02   2.499793e+04   0.000000e+00   7562s
  251846    2.9885511e+02   5.095035e+04   0.000000e+00   7567s
  252006    2.9886133e+02   4.624390e+04   0.000000e+00   7571s
  252156    2.9886705e+02   8.162588e+04   0.000000e+00   7575s
  252476    2.9887825e+02   1.099477e+05   0.000000e+00   7584s
  252626    2.9888384e+02   2.420248e+04   0.000000e+00   7588s
  252776    2.9888899e+02   5.623181e+04   0.000000e+00   7592s
  252926    2.9889479e+02   1.858100e+05   0.000000e+00   7596s
  253076    2.9889944e+02   2.539047e+04   0.000000e+00   7600s
  253406    2.9890926e+02   6.317847e+04   0.000000e+00   7609s
  253576    2.9891475e+02   7.829406e+04   0.000000e+00   7614s
  253736    2.9892043e+02   1.785491e+04   0.000000e+00   7618s
  253896    2.9892679e+02   4.214278e+04   0.000000e+00   7623s
  254046    2.9893458e+02   3.721357e+05   0.000000e+00   7627s
  254196    2.9894092e+02   8.078404e+04   0.000000e+00   7631s
  254366    2.9894688e+02   9.407969e+05   0.000000e+00   7635s
  254686    2.9895947e+02   8.861879e+04   0.000000e+00   7644s
  254856    2.9896609e+02   2.118300e+04   0.000000e+00   7649s
  255056    2.9897308e+02   6.191806e+04   0.000000e+00   7654s
  255236    2.9898030e+02   5.037186e+04   0.000000e+00   7659s
  255436    2.9898679e+02   4.567375e+04   0.000000e+00   7664s
  255596    2.9899284e+02   2.110301e+04   0.000000e+00   7668s
  255746    2.9899779e+02   8.292518e+04   0.000000e+00   7672s
  255906    2.9900302e+02   6.793860e+04   0.000000e+00   7677s
  256056    2.9900782e+02   1.803609e+05   0.000000e+00   7681s
  256206    2.9901223e+02   1.196912e+05   0.000000e+00   7685s
  256516    2.9902265e+02   2.990662e+05   0.000000e+00   7694s
  256666    2.9902695e+02   3.442175e+05   0.000000e+00   7698s
  256816    2.9903249e+02   1.980236e+04   0.000000e+00   7702s
  256986    2.9903926e+02   1.937051e+05   0.000000e+00   7706s
  257156    2.9904665e+02   1.739746e+04   0.000000e+00   7711s
  257346    2.9905517e+02   3.719835e+04   0.000000e+00   7716s
  257526    2.9906215e+02   2.763924e+04   0.000000e+00   7721s
  257696    2.9906806e+02   4.157818e+04   0.000000e+00   7725s
  258006    2.9907853e+02   4.434914e+04   0.000000e+00   7734s
  258156    2.9908276e+02   1.399521e+04   0.000000e+00   7738s
  258326    2.9908975e+02   7.694074e+04   0.000000e+00   7743s
  258506    2.9909603e+02   2.273904e+04   0.000000e+00   7747s
  258666    2.9910147e+02   2.731789e+04   0.000000e+00   7752s
  258836    2.9910581e+02   9.334845e+04   0.000000e+00   7756s
  258986    2.9911030e+02   2.722286e+04   0.000000e+00   7760s
  259286    2.9911910e+02   2.286519e+04   0.000000e+00   7769s
  259446    2.9912233e+02   5.452028e+04   0.000000e+00   7773s
  259596    2.9912653e+02   1.702478e+04   0.000000e+00   7777s
  259776    2.9913125e+02   1.381773e+04   0.000000e+00   7782s
  259946    2.9913614e+02   3.532463e+04   0.000000e+00   7786s
  260106    2.9914086e+02   4.136271e+04   0.000000e+00   7790s
  260426    2.9915182e+02   4.853383e+04   0.000000e+00   7799s
  260596    2.9915667e+02   2.913087e+04   0.000000e+00   7803s
  260786    2.9916291e+02   8.024823e+04   0.000000e+00   7808s
  260956    2.9916776e+02   1.180684e+04   0.000000e+00   7813s
  261136    2.9917383e+02   1.230615e+04   0.000000e+00   7817s
  261326    2.9917859e+02   1.266609e+04   0.000000e+00   7822s
  261506    2.9918386e+02   2.235385e+04   0.000000e+00   7827s
  261716    2.9919122e+02   1.842394e+04   0.000000e+00   7832s
  261896    2.9919869e+02   1.253713e+04   0.000000e+00   7837s
  262066    2.9920612e+02   4.620191e+04   0.000000e+00   7841s
  262246    2.9921196e+02   8.500541e+04   0.000000e+00   7846s
  262406    2.9921632e+02   1.521208e+04   0.000000e+00   7850s
  262726    2.9922668e+02   1.306469e+04   0.000000e+00   7859s
  262886    2.9923190e+02   1.617288e+04   0.000000e+00   7863s
  263056    2.9923587e+02   6.692283e+04   0.000000e+00   7867s
  263216    2.9924041e+02   2.157079e+04   0.000000e+00   7872s
  263376    2.9924590e+02   6.072838e+03   0.000000e+00   7876s
  263546    2.9925101e+02   4.606287e+04   0.000000e+00   7880s
  263736    2.9925582e+02   4.695273e+04   0.000000e+00   7885s
  264096    2.9926451e+02   1.011033e+05   0.000000e+00   7894s
  264256    2.9926843e+02   2.617627e+04   0.000000e+00   7898s
  264436    2.9927213e+02   2.908513e+04   0.000000e+00   7903s
  264606    2.9927563e+02   3.926969e+04   0.000000e+00   7907s
  264776    2.9927961e+02   2.742923e+04   0.000000e+00   7912s
  264936    2.9928362e+02   1.634150e+04   0.000000e+00   7916s
  265246    2.9929268e+02   1.948563e+04   0.000000e+00   7924s
  265406    2.9929735e+02   1.742180e+04   0.000000e+00   7928s
  265576    2.9930270e+02   2.615874e+04   0.000000e+00   7932s
  265736    2.9930670e+02   2.144542e+04   0.000000e+00   7936s
  265916    2.9931164e+02   4.720681e+04   0.000000e+00   7941s
  266086    2.9931585e+02   1.317938e+04   0.000000e+00   7945s
  266456    2.9932665e+02   1.112708e+04   0.000000e+00   7955s
  266626    2.9933173e+02   4.997094e+04   0.000000e+00   7959s
  266806    2.9933621e+02   5.271158e+04   0.000000e+00   7964s
  266976    2.9933995e+02   6.891622e+04   0.000000e+00   7968s
  267156    2.9934478e+02   4.512434e+04   0.000000e+00   7973s
  267346    2.9934969e+02   1.508220e+04   0.000000e+00   7978s
  267516    2.9935353e+02   1.699368e+04   0.000000e+00   7982s
  267676    2.9935736e+02   2.346084e+05   0.000000e+00   7986s
  267856    2.9936253e+02   2.088644e+04   0.000000e+00   7991s
  268036    2.9936723e+02   1.395761e+04   0.000000e+00   7996s
  268226    2.9937272e+02   2.312243e+05   0.000000e+00   8001s
  268576    2.9938353e+02   1.812191e+04   0.000000e+00   8010s
  268766    2.9938870e+02   3.142212e+04   0.000000e+00   8014s
  268936    2.9939459e+02   2.487169e+04   0.000000e+00   8019s
  269116    2.9939988e+02   3.196962e+04   0.000000e+00   8023s
  269286    2.9940491e+02   1.277737e+04   0.000000e+00   8028s
  269446    2.9940873e+02   1.112081e+05   0.000000e+00   8032s
  269616    2.9941370e+02   1.296402e+04   0.000000e+00   8036s
  269776    2.9941829e+02   4.217146e+04   0.000000e+00   8040s
  270096    2.9942413e+02   1.423387e+05   0.000000e+00   8049s
  270276    2.9942911e+02   1.138499e+05   0.000000e+00   8054s
  270466    2.9943364e+02   7.553788e+04   0.000000e+00   8058s
  270656    2.9943846e+02   1.622281e+04   0.000000e+00   8063s
  270846    2.9944225e+02   1.238348e+04   0.000000e+00   8068s
  271036    2.9944713e+02   2.015904e+04   0.000000e+00   8073s
  271206    2.9945173e+02   3.893141e+04   0.000000e+00   8077s
  271396    2.9945664e+02   2.186463e+04   0.000000e+00   8082s
  271606    2.9946193e+02   8.444248e+04   0.000000e+00   8087s
  271786    2.9946624e+02   4.415985e+04   0.000000e+00   8092s
  271956    2.9947088e+02   4.877545e+04   0.000000e+00   8096s
  272116    2.9947478e+02   5.709348e+04   0.000000e+00   8101s
  272426    2.9948248e+02   3.776006e+04   0.000000e+00   8109s
  272596    2.9948697e+02   1.730156e+04   0.000000e+00   8113s
  272766    2.9949038e+02   1.517819e+05   0.000000e+00   8117s
  272946    2.9949449e+02   1.645698e+04   0.000000e+00   8122s
  273126    2.9949878e+02   2.060329e+04   0.000000e+00   8127s
  273296    2.9950316e+02   2.226143e+04   0.000000e+00   8131s
  273456    2.9950658e+02   2.842998e+04   0.000000e+00   8135s
  273806    2.9951483e+02   2.111084e+04   0.000000e+00   8144s
  273986    2.9951872e+02   9.705903e+04   0.000000e+00   8149s
  274166    2.9952265e+02   1.847533e+04   0.000000e+00   8153s
  274356    2.9952718e+02   5.995567e+04   0.000000e+00   8158s
  274526    2.9953106e+02   3.569481e+04   0.000000e+00   8163s
  274706    2.9953435e+02   2.280210e+04   0.000000e+00   8167s
  274896    2.9953895e+02   3.597120e+04   0.000000e+00   8172s
  275066    2.9954190e+02   1.956717e+04   0.000000e+00   8176s
  275246    2.9954570e+02   3.070329e+04   0.000000e+00   8181s
  275426    2.9955110e+02   4.664928e+04   0.000000e+00   8186s
  275586    2.9955415e+02   9.048679e+03   0.000000e+00   8190s
  275906    2.9956056e+02   2.741006e+04   0.000000e+00   8199s
  276066    2.9956410e+02   1.140413e+04   0.000000e+00   8203s
  276226    2.9956825e+02   2.646949e+04   0.000000e+00   8207s
  276396    2.9957226e+02   5.276345e+04   0.000000e+00   8211s
  276556    2.9957621e+02   4.155539e+04   0.000000e+00   8216s
  276886    2.9958395e+02   4.929910e+04   0.000000e+00   8224s
  277046    2.9958769e+02   8.142377e+04   0.000000e+00   8229s
  277226    2.9959171e+02   1.045799e+05   0.000000e+00   8233s
  277416    2.9959700e+02   4.546297e+04   0.000000e+00   8238s
  277596    2.9960150e+02   3.909998e+04   0.000000e+00   8242s
  277756    2.9960547e+02   5.219257e+04   0.000000e+00   8247s
  277916    2.9960893e+02   3.489309e+04   0.000000e+00   8251s
  278086    2.9961252e+02   2.225185e+04   0.000000e+00   8255s
  278406    2.9962040e+02   1.934120e+04   0.000000e+00   8263s
  278566    2.9962381e+02   1.342913e+05   0.000000e+00   8267s
  278746    2.9962844e+02   2.753999e+04   0.000000e+00   8272s
  278916    2.9963183e+02   2.784118e+03   0.000000e+00   8276s
  279086    2.9963679e+02   3.360369e+05   0.000000e+00   8281s
  279256    2.9964096e+02   1.528025e+04   0.000000e+00   8285s
  279606    2.9964852e+02   2.456047e+04   0.000000e+00   8294s
  279786    2.9965318e+02   2.429890e+05   0.000000e+00   8299s
  279966    2.9965668e+02   1.162620e+05   0.000000e+00   8303s
  280136    2.9965922e+02   6.488435e+03   0.000000e+00   8307s
  280296    2.9966324e+02   3.916000e+04   0.000000e+00   8312s
  280476    2.9966732e+02   1.102278e+05   0.000000e+00   8316s
  280666    2.9967207e+02   2.037299e+04   0.000000e+00   8321s
  280866    2.9967692e+02   2.190615e+04   0.000000e+00   8326s
  281056    2.9968139e+02   9.284890e+03   0.000000e+00   8330s
  281246    2.9968515e+02   1.853080e+04   0.000000e+00   8335s
  281596    2.9969312e+02   6.741156e+04   0.000000e+00   8344s
  281766    2.9969615e+02   1.103389e+04   0.000000e+00   8349s
  281946    2.9970033e+02   2.900166e+04   0.000000e+00   8353s
  282126    2.9970415e+02   1.710112e+04   0.000000e+00   8358s
  282306    2.9970837e+02   1.480601e+04   0.000000e+00   8362s
  282476    2.9971182e+02   3.192457e+04   0.000000e+00   8367s
  282656    2.9971545e+02   1.834245e+04   0.000000e+00   8371s
  282846    2.9971949e+02   2.881340e+04   0.000000e+00   8376s
  283016    2.9972331e+02   3.727205e+04   0.000000e+00   8381s
  283346    2.9973085e+02   3.806739e+04   0.000000e+00   8389s
  283526    2.9973526e+02   2.873154e+04   0.000000e+00   8394s
  283716    2.9973980e+02   1.657276e+04   0.000000e+00   8398s
  283906    2.9974393e+02   2.356474e+04   0.000000e+00   8403s
  284086    2.9974750e+02   1.272300e+04   0.000000e+00   8408s
  284276    2.9975055e+02   5.431253e+05   0.000000e+00   8412s
  284456    2.9975452e+02   5.853466e+03   0.000000e+00   8417s
  284636    2.9976134e+02   3.886135e+03   0.000000e+00   8421s
  284826    2.9976624e+02   8.142097e+03   0.000000e+00   8426s
  285006    2.9977006e+02   4.819647e+04   0.000000e+00   8430s
  285376    2.9977696e+02   5.341585e+04   0.000000e+00   8439s
  285536    2.9977936e+02   4.730365e+04   0.000000e+00   8443s
  285696    2.9978219e+02   7.012588e+03   0.000000e+00   8448s
  285856    2.9978542e+02   3.299625e+04   0.000000e+00   8452s
  286016    2.9978876e+02   5.846051e+04   0.000000e+00   8456s
  286196    2.9979197e+02   2.361302e+04   0.000000e+00   8460s
  286386    2.9979557e+02   3.324767e+04   0.000000e+00   8465s
  286736    2.9980254e+02   8.169995e+03   0.000000e+00   8474s
  286926    2.9980670e+02   7.699842e+04   0.000000e+00   8479s
  287106    2.9981044e+02   3.236466e+04   0.000000e+00   8483s
  287286    2.9981422e+02   2.242699e+04   0.000000e+00   8488s
  287476    2.9981814e+02   6.156003e+04   0.000000e+00   8493s
  287656    2.9982252e+02   1.675599e+04   0.000000e+00   8497s
  287826    2.9982616e+02   5.331286e+04   0.000000e+00   8501s
  288026    2.9983015e+02   2.673590e+04   0.000000e+00   8506s
  288206    2.9983515e+02   9.230081e+04   0.000000e+00   8511s
  288376    2.9983900e+02   1.006864e+05   0.000000e+00   8515s
  288726    2.9984700e+02   2.039046e+04   0.000000e+00   8524s
  288896    2.9985111e+02   7.056628e+04   0.000000e+00   8528s
  289056    2.9985446e+02   4.565543e+04   0.000000e+00   8532s
  289236    2.9985882e+02   3.435587e+04   0.000000e+00   8537s
  289406    2.9986353e+02   1.493991e+04   0.000000e+00   8541s
  289586    2.9986729e+02   1.058663e+05   0.000000e+00   8545s
  289966    2.9987495e+02   1.416225e+04   0.000000e+00   8555s
  290176    2.9987979e+02   4.852644e+04   0.000000e+00   8560s
  290386    2.9988416e+02   1.853607e+05   0.000000e+00   8565s
  290566    2.9988849e+02   8.748724e+03   0.000000e+00   8569s
  290756    2.9989234e+02   2.138120e+04   0.000000e+00   8574s
  290936    2.9989512e+02   1.802429e+05   0.000000e+00   8579s
  291126    2.9989858e+02   3.494658e+05   0.000000e+00   8583s
  291296    2.9990232e+02   2.782403e+04   0.000000e+00   8587s
  291476    2.9990558e+02   4.022399e+04   0.000000e+00   8592s
  291646    2.9990857e+02   2.063201e+05   0.000000e+00   8596s
  291836    2.9991236e+02   1.467116e+04   0.000000e+00   8600s
  292036    2.9991603e+02   6.218515e+03   0.000000e+00   8605s
  292406    2.9992278e+02   4.308874e+04   0.000000e+00   8614s
  292606    2.9992677e+02   1.527696e+04   0.000000e+00   8619s
  292806    2.9993197e+02   3.379759e+04   0.000000e+00   8623s
  292986    2.9993597e+02   9.170556e+04   0.000000e+00   8628s
  293156    2.9993899e+02   3.883274e+03   0.000000e+00   8632s
  293336    2.9994240e+02   2.509345e+04   0.000000e+00   8636s
  293516    2.9994591e+02   2.747278e+04   0.000000e+00   8641s
  293686    2.9994955e+02   1.774009e+05   0.000000e+00   8645s
  294026    2.9995578e+02   7.061185e+03   0.000000e+00   8654s
  294206    2.9995992e+02   2.574512e+04   0.000000e+00   8658s
  294396    2.9996340e+02   1.081484e+04   0.000000e+00   8663s
  294576    2.9996682e+02   4.457703e+03   0.000000e+00   8667s
  294776    2.9997109e+02   7.238661e+04   0.000000e+00   8672s
  294966    2.9997398e+02   1.008610e+04   0.000000e+00   8676s
  295136    2.9997669e+02   2.217536e+04   0.000000e+00   8681s
  295326    2.9997996e+02   8.734053e+03   0.000000e+00   8685s
  295676    2.9998479e+02   1.654207e+04   0.000000e+00   8694s
  295836    2.9998760e+02   3.142425e+04   0.000000e+00   8698s
  296006    2.9999081e+02   1.529682e+04   0.000000e+00   8702s
  296176    2.9999371e+02   4.345444e+03   0.000000e+00   8706s
  296346    2.9999694e+02   6.181214e+04   0.000000e+00   8711s
  296696    3.0000324e+02   2.767231e+04   0.000000e+00   8719s
  296856    3.0000680e+02   2.024625e+04   0.000000e+00   8723s
  297066    3.0001241e+02   6.986602e+04   0.000000e+00   8728s
  297246    3.0001563e+02   1.393561e+04   0.000000e+00   8733s
  297416    3.0001806e+02   7.772856e+03   0.000000e+00   8737s
  297586    3.0002107e+02   1.182698e+04   0.000000e+00   8741s
  297776    3.0002541e+02   8.063418e+03   0.000000e+00   8746s
  298116    3.0003214e+02   5.605772e+04   0.000000e+00   8754s
  298296    3.0003565e+02   6.963751e+04   0.000000e+00   8759s
  298476    3.0003858e+02   7.904632e+03   0.000000e+00   8763s
  298666    3.0004185e+02   1.895911e+04   0.000000e+00   8768s
  298836    3.0004446e+02   4.362650e+04   0.000000e+00   8772s
  299006    3.0004714e+02   1.079268e+04   0.000000e+00   8776s
  299196    3.0004983e+02   1.648903e+04   0.000000e+00   8780s
  299526    3.0005588e+02   6.519859e+04   0.000000e+00   8789s
  299686    3.0005894e+02   4.711092e+04   0.000000e+00   8793s
  299856    3.0006183e+02   7.129827e+03   0.000000e+00   8797s
  300046    3.0006587e+02   3.949087e+04   0.000000e+00   8802s
  300226    3.0006855e+02   9.960853e+03   0.000000e+00   8806s
  300416    3.0007213e+02   1.696123e+04   0.000000e+00   8811s
  300606    3.0007563e+02   3.047437e+04   0.000000e+00   8816s
  300786    3.0007830e+02   2.497253e+03   0.000000e+00   8820s
  301156    3.0008618e+02   5.543966e+03   0.000000e+00   8829s
  301336    3.0009015e+02   1.347333e+04   0.000000e+00   8833s
  301526    3.0009289e+02   2.146449e+04   0.000000e+00   8838s
  301706    3.0009659e+02   1.285723e+05   0.000000e+00   8842s
  301876    3.0009949e+02   3.159147e+04   0.000000e+00   8846s
  302066    3.0010231e+02   5.773345e+04   0.000000e+00   8851s
  302436    3.0010825e+02   5.711507e+04   0.000000e+00   8859s
  302616    3.0011127e+02   1.627161e+05   0.000000e+00   8864s
  302806    3.0011380e+02   8.461656e+04   0.000000e+00   8868s
  302986    3.0011588e+02   3.467923e+03   0.000000e+00   8873s
  303176    3.0011932e+02   1.298667e+05   0.000000e+00   8877s
  303356    3.0012285e+02   9.425889e+03   0.000000e+00   8881s
  303546    3.0012605e+02   1.715436e+04   0.000000e+00   8886s
  303726    3.0012886e+02   5.078060e+03   0.000000e+00   8890s
  304086    3.0013534e+02   2.779100e+04   0.000000e+00   8899s
  304256    3.0013782e+02   1.309660e+04   0.000000e+00   8903s
  304426    3.0014035e+02   4.077554e+04   0.000000e+00   8907s
  304616    3.0014402e+02   7.217606e+03   0.000000e+00   8912s
  304806    3.0014696e+02   1.785472e+04   0.000000e+00   8916s
  304986    3.0014943e+02   1.210742e+05   0.000000e+00   8921s
  305176    3.0015252e+02   3.592931e+04   0.000000e+00   8925s
  305546    3.0015939e+02   5.264711e+03   0.000000e+00   8934s
  305736    3.0016249e+02   1.607966e+04   0.000000e+00   8938s
  305916    3.0016433e+02   3.626501e+05   0.000000e+00   8943s
  306086    3.0016716e+02   9.354561e+03   0.000000e+00   8947s
  306256    3.0017038e+02   4.788043e+04   0.000000e+00   8951s
  306576    3.0017625e+02   1.288935e+04   0.000000e+00   8959s
  306756    3.0017876e+02   4.124562e+04   0.000000e+00   8963s
  306966    3.0018217e+02   2.925472e+04   0.000000e+00   8968s
  307166    3.0018454e+02   9.377937e+04   0.000000e+00   8973s
  307376    3.0018811e+02   1.203735e+04   0.000000e+00   8978s
  307566    3.0019063e+02   3.998602e+03   0.000000e+00   8982s
  307746    3.0019292e+02   1.598790e+04   0.000000e+00   8986s
  307916    3.0019507e+02   7.564952e+03   0.000000e+00   8991s
  308256    3.0020164e+02   1.790080e+04   0.000000e+00   8999s
  308426    3.0020462e+02   9.363608e+03   0.000000e+00   9003s
  308606    3.0020782e+02   3.390502e+03   0.000000e+00   9007s
  308806    3.0021134e+02   4.825238e+04   0.000000e+00   9012s
  308976    3.0021379e+02   1.856736e+04   0.000000e+00   9016s
  309176    3.0021655e+02   8.974986e+03   0.000000e+00   9021s
  309546    3.0022303e+02   1.739002e+04   0.000000e+00   9029s
  309746    3.0022625e+02   3.095552e+03   0.000000e+00   9034s
  309946    3.0022905e+02   9.891290e+04   0.000000e+00   9039s
  310136    3.0023277e+02   1.043979e+05   0.000000e+00   9043s
  310326    3.0023612e+02   1.995406e+04   0.000000e+00   9048s
  310526    3.0023924e+02   1.998250e+04   0.000000e+00   9052s
  310716    3.0024215e+02   7.514563e+03   0.000000e+00   9057s
  310916    3.0024500e+02   4.094826e+03   0.000000e+00   9061s
  311096    3.0024767e+02   2.594574e+04   0.000000e+00   9066s
  311466    3.0025370e+02   3.472334e+03   0.000000e+00   9074s
  311656    3.0025680e+02   8.598327e+03   0.000000e+00   9079s
  311876    3.0025995e+02   2.865826e+03   0.000000e+00   9084s
  312066    3.0026276e+02   1.285128e+04   0.000000e+00   9088s
  312266    3.0026540e+02   1.436358e+03   0.000000e+00   9093s
  312466    3.0026896e+02   1.995866e+04   0.000000e+00   9098s
  312646    3.0027206e+02   1.918395e+03   0.000000e+00   9102s
  312836    3.0027534e+02   9.588572e+03   0.000000e+00   9107s
  313036    3.0027824e+02   2.332610e+03   0.000000e+00   9111s
  313236    3.0028115e+02   7.234051e+03   0.000000e+00   9116s
  313436    3.0028497e+02   2.859825e+04   0.000000e+00   9121s
  313646    3.0028871e+02   5.052169e+04   0.000000e+00   9126s
  313826    3.0029138e+02   1.257654e+04   0.000000e+00   9130s
  314206    3.0029719e+02   3.590276e+03   0.000000e+00   9139s
  314376    3.0030012e+02   1.522003e+04   0.000000e+00   9143s
  314556    3.0030264e+02   2.452752e+04   0.000000e+00   9148s
  314746    3.0030595e+02   1.106985e+04   0.000000e+00   9152s
  314936    3.0030865e+02   6.271610e+04   0.000000e+00   9156s
  315126    3.0031175e+02   2.104418e+04   0.000000e+00   9161s
  315326    3.0031535e+02   8.857679e+03   0.000000e+00   9166s
  315526    3.0031795e+02   3.352630e+04   0.000000e+00   9170s
  315906    3.0032385e+02   1.638792e+05   0.000000e+00   9179s
  316086    3.0032689e+02   3.518643e+04   0.000000e+00   9184s
  316256    3.0032919e+02   7.389067e+03   0.000000e+00   9188s
  316426    3.0033178e+02   1.026996e+04   0.000000e+00   9192s
  316596    3.0033461e+02   4.702617e+03   0.000000e+00   9196s
  316956    3.0033903e+02   2.803443e+03   0.000000e+00   9204s
  317156    3.0034185e+02   9.271659e+04   0.000000e+00   9209s
  317346    3.0034482e+02   3.313252e+04   0.000000e+00   9213s
  317536    3.0034775e+02   2.929455e+04   0.000000e+00   9218s
  317716    3.0035073e+02   6.872808e+03   0.000000e+00   9222s
  317896    3.0035336e+02   5.868004e+03   0.000000e+00   9226s
  318066    3.0035641e+02   1.034525e+05   0.000000e+00   9231s
  318446    3.0036123e+02   1.619228e+03   0.000000e+00   9239s
  318626    3.0036347e+02   4.224242e+04   0.000000e+00   9244s
  318796    3.0036525e+02   1.802362e+04   0.000000e+00   9248s
  318986    3.0036740e+02   8.401405e+03   0.000000e+00   9252s
  319176    3.0036939e+02   9.488790e+03   0.000000e+00   9256s
  319356    3.0037190e+02   1.005492e+04   0.000000e+00   9261s
  319726    3.0037674e+02   2.681520e+04   0.000000e+00   9269s
  319966    3.0037937e+02   9.963180e+03   0.000000e+00   9275s
  320166    3.0038221e+02   5.035864e+03   0.000000e+00   9279s
  320366    3.0038537e+02   1.998410e+04   0.000000e+00   9284s
  320556    3.0038828e+02   8.498560e+03   0.000000e+00   9289s
  320726    3.0039138e+02   4.480389e+04   0.000000e+00   9293s
  320906    3.0039482e+02   4.832527e+03   0.000000e+00   9297s
  321096    3.0039791e+02   2.293977e+04   0.000000e+00   9302s
  321276    3.0040078e+02   1.888146e+03   0.000000e+00   9306s
  321456    3.0040418e+02   7.018026e+03   0.000000e+00   9310s
  321846    3.0041152e+02   3.822969e+03   0.000000e+00   9319s
  322026    3.0041542e+02   2.243452e+04   0.000000e+00   9324s
  322206    3.0041833e+02   2.180055e+04   0.000000e+00   9328s
  322376    3.0042098e+02   2.417387e+04   0.000000e+00   9332s
  322566    3.0042376e+02   5.133814e+03   0.000000e+00   9337s
  322736    3.0042672e+02   1.957959e+04   0.000000e+00   9341s
  322906    3.0042935e+02   3.884837e+04   0.000000e+00   9345s
  323246    3.0043451e+02   5.821201e+03   0.000000e+00   9353s
  323436    3.0043749e+02   6.908942e+03   0.000000e+00   9358s
  323616    3.0043971e+02   1.503221e+04   0.000000e+00   9362s
  323806    3.0044244e+02   8.913107e+03   0.000000e+00   9366s
  323996    3.0044480e+02   2.389979e+04   0.000000e+00   9371s
  324196    3.0044768e+02   7.807580e+03   0.000000e+00   9375s
  324586    3.0045378e+02   9.535035e+03   0.000000e+00   9384s
  324766    3.0045589e+02   2.341948e+04   0.000000e+00   9388s
  324946    3.0045785e+02   1.918413e+04   0.000000e+00   9392s
  325126    3.0046091e+02   1.226307e+04   0.000000e+00   9397s
  325326    3.0046324e+02   3.670889e+03   0.000000e+00   9401s
  325526    3.0046716e+02   3.831876e+04   0.000000e+00   9406s
  325706    3.0047043e+02   9.214243e+03   0.000000e+00   9410s
  326096    3.0047614e+02   7.065372e+03   0.000000e+00   9419s
  326286    3.0047910e+02   2.226032e+04   0.000000e+00   9424s
  326466    3.0048153e+02   5.609155e+03   0.000000e+00   9428s
  326656    3.0048468e+02   7.795826e+03   0.000000e+00   9432s
  326836    3.0048769e+02   1.675506e+04   0.000000e+00   9436s
  327006    3.0049074e+02   1.184588e+05   0.000000e+00   9441s
  327376    3.0049557e+02   1.045884e+04   0.000000e+00   9449s
  327546    3.0049800e+02   2.057514e+03   0.000000e+00   9453s
  327736    3.0050128e+02   1.029880e+04   0.000000e+00   9458s
  327916    3.0050344e+02   9.164353e+03   0.000000e+00   9462s
  328096    3.0050581e+02   2.928973e+04   0.000000e+00   9466s
  328286    3.0050855e+02   3.635562e+03   0.000000e+00   9470s
  328486    3.0051139e+02   3.617686e+04   0.000000e+00   9475s
  328876    3.0051704e+02   9.788212e+03   0.000000e+00   9484s
  329056    3.0052037e+02   5.632543e+04   0.000000e+00   9488s
  329236    3.0052307e+02   1.159177e+04   0.000000e+00   9493s
  329416    3.0052538e+02   5.643752e+03   0.000000e+00   9497s
  329616    3.0052792e+02   2.419173e+03   0.000000e+00   9501s
  329826    3.0053042e+02   2.673720e+04   0.000000e+00   9506s
  330036    3.0053288e+02   2.311720e+03   0.000000e+00   9511s
  330216    3.0053557e+02   2.212935e+03   0.000000e+00   9515s
  330576    3.0054117e+02   4.649213e+03   0.000000e+00   9524s
  330776    3.0054416e+02   1.581799e+04   0.000000e+00   9528s
  330976    3.0054728e+02   3.129447e+04   0.000000e+00   9533s
  331176    3.0054990e+02   1.711245e+04   0.000000e+00   9537s
  331386    3.0055285e+02   1.602478e+03   0.000000e+00   9542s
  331566    3.0055546e+02   5.825931e+03   0.000000e+00   9546s
  331766    3.0055752e+02   1.523026e+04   0.000000e+00   9551s
  331946    3.0055967e+02   3.153406e+03   0.000000e+00   9555s
  332336    3.0056577e+02   5.886134e+03   0.000000e+00   9564s
  332536    3.0056797e+02   3.675452e+04   0.000000e+00   9569s
  332736    3.0057021e+02   6.003497e+04   0.000000e+00   9574s
  332936    3.0057269e+02   3.519154e+04   0.000000e+00   9578s
  333146    3.0057573e+02   2.611449e+03   0.000000e+00   9583s
  333326    3.0057826e+02   8.012399e+02   0.000000e+00   9587s
  333506    3.0058035e+02   1.457421e+03   0.000000e+00   9592s
  333696    3.0058305e+02   1.074290e+04   0.000000e+00   9596s
  333876    3.0058512e+02   1.249324e+03   0.000000e+00   9600s
  334226    3.0058946e+02   1.939160e+03   0.000000e+00   9608s
  334416    3.0059203e+02   1.240650e+04   0.000000e+00   9613s
  334586    3.0059464e+02   8.429863e+03   0.000000e+00   9617s
  334776    3.0059722e+02   1.184950e+05   0.000000e+00   9622s
  335006    3.0059990e+02   5.304048e+03   0.000000e+00   9627s
  335196    3.0060231e+02   6.884542e+03   0.000000e+00   9631s
  335376    3.0060498e+02   5.237631e+04   0.000000e+00   9635s
  335586    3.0060762e+02   4.072394e+03   0.000000e+00   9640s
  335976    3.0061294e+02   2.150119e+03   0.000000e+00   9649s
  336156    3.0061542e+02   2.271201e+03   0.000000e+00   9653s
  336366    3.0061762e+02   4.536653e+03   0.000000e+00   9658s
  336566    3.0062060e+02   1.065951e+04   0.000000e+00   9663s
  336766    3.0062342e+02   1.324342e+04   0.000000e+00   9668s
  336976    3.0062655e+02   1.723948e+04   0.000000e+00   9672s
  337176    3.0062967e+02   8.673384e+03   0.000000e+00   9677s
  337406    3.0063241e+02   3.212672e+04   0.000000e+00   9682s
  337616    3.0063453e+02   4.979231e+03   0.000000e+00   9687s
  337826    3.0063683e+02   6.171785e+03   0.000000e+00   9692s
  338036    3.0063956e+02   1.383131e+05   0.000000e+00   9697s
  338266    3.0064202e+02   1.831620e+04   0.000000e+00   9702s
  338476    3.0064417e+02   2.110900e+03   0.000000e+00   9707s
  338686    3.0064636e+02   1.075583e+04   0.000000e+00   9712s
  338876    3.0064827e+02   3.145522e+03   0.000000e+00   9716s
  339076    3.0065087e+02   1.090282e+03   0.000000e+00   9721s
  339266    3.0065262e+02   6.580216e+03   0.000000e+00   9725s
  339696    3.0065763e+02   1.272252e+04   0.000000e+00   9735s
  339906    3.0065951e+02   3.372797e+03   0.000000e+00   9740s
  340106    3.0066147e+02   3.452903e+03   0.000000e+00   9744s
  340316    3.0066351e+02   5.509970e+03   0.000000e+00   9749s
  340526    3.0066627e+02   8.827089e+02   0.000000e+00   9754s
  340736    3.0066853e+02   1.946474e+03   0.000000e+00   9759s
  340946    3.0067070e+02   1.619611e+04   0.000000e+00   9763s
  341156    3.0067343e+02   3.148239e+04   0.000000e+00   9768s
  341356    3.0067582e+02   4.874641e+03   0.000000e+00   9773s
  341546    3.0067827e+02   1.963910e+04   0.000000e+00   9777s
  341766    3.0068082e+02   1.200170e+04   0.000000e+00   9782s
  341976    3.0068371e+02   8.581258e+03   0.000000e+00   9787s
  342176    3.0068610e+02   4.988032e+03   0.000000e+00   9792s
  342376    3.0068904e+02   1.210523e+03   0.000000e+00   9796s
  342576    3.0069164e+02   3.442986e+03   0.000000e+00   9801s
  342756    3.0069419e+02   1.169554e+04   0.000000e+00   9805s
  343146    3.0069925e+02   7.883915e+03   0.000000e+00   9814s
  343346    3.0070210e+02   1.002227e+04   0.000000e+00   9819s
  343556    3.0070530e+02   1.283427e+04   0.000000e+00   9824s
  343766    3.0070802e+02   1.452982e+03   0.000000e+00   9828s
  343956    3.0071061e+02   1.695731e+04   0.000000e+00   9833s
  344126    3.0071337e+02   4.259584e+04   0.000000e+00   9837s
  344306    3.0071604e+02   2.744327e+04   0.000000e+00   9841s
  344496    3.0071847e+02   2.543828e+04   0.000000e+00   9845s
  344726    3.0072178e+02   7.571078e+03   0.000000e+00   9850s
  344946    3.0072447e+02   1.724405e+04   0.000000e+00   9855s
  345316    3.0072926e+02   1.046286e+03   0.000000e+00   9864s
  345516    3.0073136e+02   2.448007e+03   0.000000e+00   9869s
  345706    3.0073307e+02   1.071717e+04   0.000000e+00   9873s
  345906    3.0073617e+02   1.819255e+04   0.000000e+00   9878s
  346086    3.0073848e+02   2.016806e+04   0.000000e+00   9882s
  346276    3.0074143e+02   9.590804e+03   0.000000e+00   9887s
  346456    3.0074351e+02   3.020789e+04   0.000000e+00   9891s
  346836    3.0074790e+02   7.539159e+03   0.000000e+00   9900s
  347026    3.0074968e+02   4.327278e+03   0.000000e+00   9904s
  347226    3.0075200e+02   1.740381e+03   0.000000e+00   9909s
  347426    3.0075490e+02   9.591890e+03   0.000000e+00   9913s
  347626    3.0075715e+02   9.767232e+02   0.000000e+00   9918s
  347826    3.0075960e+02   8.165946e+03   0.000000e+00   9923s
  348036    3.0076220e+02   1.037985e+04   0.000000e+00   9927s
  348246    3.0076585e+02   2.599454e+04   0.000000e+00   9932s
  348426    3.0076850e+02   1.284802e+03   0.000000e+00   9937s
  348626    3.0077087e+02   4.424715e+02   0.000000e+00   9941s
  348846    3.0077317e+02   6.435026e+03   0.000000e+00   9946s
  349076    3.0077610e+02   3.039434e+03   0.000000e+00   9951s
  349296    3.0077908e+02   3.618555e+03   0.000000e+00   9956s
  349486    3.0078086e+02   8.320950e+03   0.000000e+00   9960s
  349876    3.0078560e+02   2.648867e+03   0.000000e+00   9969s
  350076    3.0078831e+02   4.165002e+03   0.000000e+00   9974s
  350266    3.0079030e+02   1.399196e+03   0.000000e+00   9978s
  350456    3.0079216e+02   3.102879e+03   0.000000e+00   9982s
  350646    3.0079455e+02   8.983736e+03   0.000000e+00   9987s
  350836    3.0079697e+02   2.610630e+04   0.000000e+00   9991s
  351046    3.0079981e+02   8.053245e+04   0.000000e+00   9996s
  351256    3.0080204e+02   3.344321e+03   0.000000e+00  10001s
  351456    3.0080423e+02   4.724033e+04   0.000000e+00  10005s
  351846    3.0080950e+02   1.052064e+03   0.000000e+00  10014s
  352046    3.0081167e+02   4.885872e+03   0.000000e+00  10019s
  352246    3.0081445e+02   5.071486e+02   0.000000e+00  10023s
  352446    3.0081818e+02   8.669861e+03   0.000000e+00  10028s
  352626    3.0082122e+02   1.160983e+04   0.000000e+00  10032s
  352816    3.0082315e+02   2.697111e+04   0.000000e+00  10037s
  353026    3.0082544e+02   2.013326e+04   0.000000e+00  10042s
  353216    3.0082908e+02   4.030783e+03   0.000000e+00  10046s
  353406    3.0083158e+02   1.315402e+04   0.000000e+00  10051s
  353606    3.0083393e+02   3.704556e+03   0.000000e+00  10055s
  353816    3.0083671e+02   5.251801e+03   0.000000e+00  10060s
  354246    3.0084174e+02   1.079919e+04   0.000000e+00  10070s
  354436    3.0084479e+02   1.673715e+04   0.000000e+00  10074s
  354646    3.0084764e+02   1.893279e+03   0.000000e+00  10079s
  354836    3.0085022e+02   4.430610e+03   0.000000e+00  10083s
  355036    3.0085258e+02   3.961689e+03   0.000000e+00  10088s
  355236    3.0085492e+02   2.391322e+04   0.000000e+00  10093s
  355436    3.0085732e+02   1.487163e+04   0.000000e+00  10097s
  355626    3.0085941e+02   2.942151e+04   0.000000e+00  10102s
  355816    3.0086227e+02   5.212538e+03   0.000000e+00  10106s
  356016    3.0086468e+02   9.585408e+03   0.000000e+00  10111s
  356216    3.0086737e+02   1.915998e+03   0.000000e+00  10115s
  356426    3.0086984e+02   4.218052e+04   0.000000e+00  10120s
  356856    3.0087512e+02   3.421786e+04   0.000000e+00  10130s
  357256    3.0088030e+02   1.494607e+04   0.000000e+00  10140s
  357436    3.0088242e+02   1.044897e+04   0.000000e+00  10144s
  357626    3.0088428e+02   3.171249e+03   0.000000e+00  10148s
  357826    3.0088675e+02   4.220945e+03   0.000000e+00  10153s
  358016    3.0088864e+02   2.132566e+03   0.000000e+00  10158s
  358226    3.0089036e+02   4.445015e+03   0.000000e+00  10162s
  358426    3.0089291e+02   1.768450e+04   0.000000e+00  10167s
  358646    3.0089576e+02   1.636091e+03   0.000000e+00  10172s
  358866    3.0089851e+02   4.044551e+04   0.000000e+00  10177s
  359066    3.0090033e+02   7.722631e+03   0.000000e+00  10182s
  359246    3.0090206e+02   3.266138e+04   0.000000e+00  10186s
  359446    3.0090411e+02   1.618217e+04   0.000000e+00  10191s
  359626    3.0090576e+02   1.465534e+04   0.000000e+00  10195s
  360026    3.0091053e+02   2.249449e+04   0.000000e+00  10204s
  360206    3.0091246e+02   1.064171e+04   0.000000e+00  10208s
  360386    3.0091422e+02   1.811165e+04   0.000000e+00  10213s
  360586    3.0091655e+02   1.591954e+04   0.000000e+00  10217s
  360796    3.0091903e+02   1.237942e+03   0.000000e+00  10222s
  361006    3.0092189e+02   4.356460e+02   0.000000e+00  10226s
  361216    3.0092452e+02   6.422842e+03   0.000000e+00  10231s
  361436    3.0092737e+02   1.317918e+03   0.000000e+00  10236s
  361646    3.0092993e+02   1.376748e+03   0.000000e+00  10241s
  361856    3.0093286e+02   1.489698e+04   0.000000e+00  10246s
  362076    3.0093547e+02   5.079984e+03   0.000000e+00  10251s
  362296    3.0093784e+02   5.327593e+03   0.000000e+00  10256s
  362516    3.0094032e+02   1.415279e+04   0.000000e+00  10261s
  362706    3.0094189e+02   3.844523e+02   0.000000e+00  10265s
  362916    3.0094415e+02   2.918726e+04   0.000000e+00  10270s
  363336    3.0094875e+02   8.866346e+02   0.000000e+00  10280s
  363536    3.0095118e+02   8.801960e+03   0.000000e+00  10284s
  363736    3.0095292e+02   4.922390e+04   0.000000e+00  10289s
  363946    3.0095503e+02   3.359245e+03   0.000000e+00  10293s
  364126    3.0095742e+02   4.937871e+02   0.000000e+00  10298s
  364326    3.0095937e+02   4.582850e+03   0.000000e+00  10302s
  364546    3.0096146e+02   4.865938e+04   0.000000e+00  10308s
  364756    3.0096384e+02   3.077000e+04   0.000000e+00  10312s
  364976    3.0096763e+02   3.287899e+02   0.000000e+00  10318s
  365186    3.0097072e+02   5.989627e+03   0.000000e+00  10322s
  365426    3.0097394e+02   3.251992e+04   0.000000e+00  10328s
  365646    3.0097657e+02   1.089902e+03   0.000000e+00  10333s
  365866    3.0097920e+02   7.737967e+04   0.000000e+00  10338s
  366076    3.0098140e+02   3.102480e+03   0.000000e+00  10343s
  366306    3.0098411e+02   4.165922e+02   0.000000e+00  10348s
  366546    3.0098700e+02   3.607709e+03   0.000000e+00  10353s
  366766    3.0098891e+02   1.198137e+04   0.000000e+00  10358s
  366956    3.0099139e+02   2.480399e+04   0.000000e+00  10363s
  367156    3.0099375e+02   5.013371e+03   0.000000e+00  10367s
  367356    3.0099573e+02   9.160647e+03   0.000000e+00  10372s
  367566    3.0099822e+02   7.548179e+03   0.000000e+00  10377s
  367786    3.0100087e+02   1.161591e+03   0.000000e+00  10382s
  368006    3.0100346e+02   3.239493e+03   0.000000e+00  10387s
  368206    3.0100552e+02   1.533877e+03   0.000000e+00  10391s
  368416    3.0100786e+02   2.014405e+04   0.000000e+00  10396s
  368636    3.0101000e+02   5.082094e+02   0.000000e+00  10401s
  368826    3.0101275e+02   2.970150e+03   0.000000e+00  10406s
  369036    3.0101472e+02   2.266911e+04   0.000000e+00  10411s
  369246    3.0101679e+02   2.149050e+03   0.000000e+00  10415s
  369446    3.0101909e+02   1.393685e+04   0.000000e+00  10420s
  369676    3.0102161e+02   4.433368e+04   0.000000e+00  10425s
  369906    3.0102353e+02   8.620212e+02   0.000000e+00  10430s
  370116    3.0102589e+02   3.942235e+02   0.000000e+00  10435s
  370346    3.0102793e+02   1.697771e+04   0.000000e+00  10440s
  370556    3.0103095e+02   8.494082e+03   0.000000e+00  10445s
  370946    3.0103508e+02   2.007764e+03   0.000000e+00  10454s
  371146    3.0103746e+02   2.377165e+02   0.000000e+00  10459s
  371376    3.0103955e+02   3.095706e+03   0.000000e+00  10464s
  371586    3.0104203e+02   2.249887e+03   0.000000e+00  10469s
  371796    3.0104440e+02   2.923744e+03   0.000000e+00  10474s
  371996    3.0104627e+02   1.695822e+03   0.000000e+00  10478s
  372196    3.0104833e+02   2.224915e+03   0.000000e+00  10483s
  372386    3.0105051e+02   8.332314e+03   0.000000e+00  10488s
  372586    3.0105262e+02   8.620949e+03   0.000000e+00  10492s
  372766    3.0105435e+02   6.428894e+03   0.000000e+00  10497s
  372956    3.0105616e+02   2.187573e+03   0.000000e+00  10501s
  373136    3.0105831e+02   1.916091e+03   0.000000e+00  10505s
  373556    3.0106343e+02   3.719568e+04   0.000000e+00  10515s
  373786    3.0106609e+02   1.376653e+04   0.000000e+00  10520s
  374006    3.0106856e+02   1.501638e+03   0.000000e+00  10525s
  374206    3.0107106e+02   4.995086e+02   0.000000e+00  10530s
  374616    3.0107479e+02   2.312889e+03   0.000000e+00  10540s
  374836    3.0107683e+02   6.229742e+02   0.000000e+00  10545s
  375046    3.0107862e+02   3.537777e+03   0.000000e+00  10549s
  375256    3.0108056e+02   1.666053e+04   0.000000e+00  10554s
  375466    3.0108244e+02   1.048634e+03   0.000000e+00  10559s
  375696    3.0108517e+02   5.992978e+03   0.000000e+00  10564s
  375936    3.0108825e+02   4.483657e+03   0.000000e+00  10570s
  376166    3.0109167e+02   4.054763e+02   0.000000e+00  10575s
  376386    3.0109421e+02   2.304537e+02   0.000000e+00  10580s
  376596    3.0109662e+02   2.308321e+04   0.000000e+00  10585s
  376806    3.0109847e+02   1.542405e+03   0.000000e+00  10590s
  377036    3.0110071e+02   1.331665e+03   0.000000e+00  10595s
  377256    3.0110240e+02   3.395595e+03   0.000000e+00  10600s
  377466    3.0110469e+02   1.140872e+03   0.000000e+00  10604s
  377656    3.0110660e+02   2.621695e+03   0.000000e+00  10609s
  377856    3.0110817e+02   1.573038e+04   0.000000e+00  10614s
  378056    3.0111070e+02   1.029999e+04   0.000000e+00  10618s
  378276    3.0111276e+02   2.235930e+04   0.000000e+00  10623s
  378486    3.0111505e+02   2.920719e+02   0.000000e+00  10628s
  378696    3.0111747e+02   8.764814e+03   0.000000e+00  10633s
  378896    3.0111970e+02   1.746963e+03   0.000000e+00  10637s
  379106    3.0112227e+02   1.441297e+04   0.000000e+00  10642s
  379286    3.0112408e+02   1.295075e+03   0.000000e+00  10647s
  379496    3.0112597e+02   8.568921e+02   0.000000e+00  10652s
  379686    3.0112770e+02   2.639378e+03   0.000000e+00  10656s
  379886    3.0113047e+02   2.093237e+03   0.000000e+00  10661s
  380096    3.0113337e+02   1.141152e+04   0.000000e+00  10666s
  380306    3.0113570e+02   2.698957e+03   0.000000e+00  10671s
  380526    3.0113741e+02   3.922167e+03   0.000000e+00  10676s
  380726    3.0113969e+02   2.590954e+04   0.000000e+00  10680s
  380936    3.0114261e+02   3.598003e+02   0.000000e+00  10685s
  381146    3.0114465e+02   7.559846e+03   0.000000e+00  10690s
  381546    3.0114838e+02   8.493628e+02   0.000000e+00  10700s
  381746    3.0115031e+02   1.322564e+03   0.000000e+00  10704s
  381966    3.0115257e+02   1.121556e+02   0.000000e+00  10709s
  382176    3.0115421e+02   1.373046e+04   0.000000e+00  10714s
  382386    3.0115661e+02   7.997892e+03   0.000000e+00  10719s
  382596    3.0115918e+02   4.371320e+02   0.000000e+00  10724s
  382806    3.0116140e+02   8.214476e+01   0.000000e+00  10729s
  383006    3.0116326e+02   4.532503e+02   0.000000e+00  10734s
  383216    3.0116511e+02   1.005001e+04   0.000000e+00  10739s
  383436    3.0116711e+02   1.262203e+03   0.000000e+00  10744s
  383656    3.0116914e+02   9.117757e+03   0.000000e+00  10749s
  383866    3.0117151e+02   6.008513e+03   0.000000e+00  10754s
  384076    3.0117421e+02   8.119907e+03   0.000000e+00  10758s
  384306    3.0117690e+02   6.935361e+02   0.000000e+00  10764s
  384546    3.0117926e+02   1.048304e+04   0.000000e+00  10769s
  384756    3.0118168e+02   5.944237e+03   0.000000e+00  10774s
  384966    3.0118373e+02   3.078159e+02   0.000000e+00  10779s
  385176    3.0118584e+02   8.269832e+02   0.000000e+00  10784s
  385386    3.0118822e+02   3.333444e+04   0.000000e+00  10789s
  385596    3.0119016e+02   6.490885e+03   0.000000e+00  10793s
  385836    3.0119205e+02   1.826533e+03   0.000000e+00  10798s
  386056    3.0119371e+02   2.496000e+03   0.000000e+00  10803s
  386266    3.0119551e+02   6.144306e+03   0.000000e+00  10808s
  386476    3.0119698e+02   5.481403e+02   0.000000e+00  10813s
  386696    3.0119909e+02   2.211843e+03   0.000000e+00  10818s
  386946    3.0120169e+02   7.997056e+02   0.000000e+00  10824s
  387176    3.0120362e+02   5.735185e+03   0.000000e+00  10829s
  387396    3.0120573e+02   1.938077e+03   0.000000e+00  10834s
  387626    3.0120854e+02   6.479265e+03   0.000000e+00  10840s
  387856    3.0121211e+02   2.560742e+04   0.000000e+00  10845s
  388096    3.0121465e+02   1.869877e+03   0.000000e+00  10850s
  388326    3.0121646e+02   9.455535e+02   0.000000e+00  10856s
  388536    3.0121806e+02   2.003730e+03   0.000000e+00  10861s
  388766    3.0122026e+02   4.268236e+02   0.000000e+00  10866s
  388976    3.0122215e+02   1.387085e+02   0.000000e+00  10871s
  389216    3.0122408e+02   1.961135e+02   0.000000e+00  10876s
  389456    3.0122580e+02   4.719939e+03   0.000000e+00  10881s
  389676    3.0122733e+02   2.647799e+04   0.000000e+00  10886s
  389866    3.0122874e+02   1.287793e+04   0.000000e+00  10891s
  390086    3.0123045e+02   1.099609e+02   0.000000e+00  10896s
  390296    3.0123205e+02   3.355982e+02   0.000000e+00  10901s
  390506    3.0123406e+02   1.247771e+04   0.000000e+00  10905s
  390736    3.0123599e+02   3.439159e+03   0.000000e+00  10911s
  390956    3.0123828e+02   1.868124e+03   0.000000e+00  10916s
  391176    3.0124046e+02   2.366051e+03   0.000000e+00  10920s
  391376    3.0124198e+02   2.030925e+02   0.000000e+00  10925s
  391776    3.0124595e+02   1.344360e+03   0.000000e+00  10935s
  391986    3.0124818e+02   5.072091e+03   0.000000e+00  10939s
  392186    3.0124984e+02   1.388560e+04   0.000000e+00  10944s
  392396    3.0125207e+02   5.472204e+03   0.000000e+00  10949s
  392626    3.0125495e+02   5.137240e+03   0.000000e+00  10954s
  392856    3.0125686e+02   2.034441e+04   0.000000e+00  10959s
  393086    3.0125853e+02   1.072633e+03   0.000000e+00  10964s
  393326    3.0126054e+02   5.873018e+03   0.000000e+00  10970s
  393546    3.0126227e+02   1.078177e+03   0.000000e+00  10975s
  393756    3.0126508e+02   3.066472e+02   0.000000e+00  10980s
  393976    3.0126727e+02   6.539996e+03   0.000000e+00  10985s
  394196    3.0126973e+02   2.210356e+02   0.000000e+00  10990s
  394416    3.0127145e+02   6.994253e+02   0.000000e+00  10994s
  394626    3.0127323e+02   5.002998e+03   0.000000e+00  10999s
  394836    3.0127497e+02   2.497833e+03   0.000000e+00  11004s
  395066    3.0127665e+02   5.274868e+04   0.000000e+00  11009s
  395276    3.0127910e+02   1.771450e+04   0.000000e+00  11014s
  395476    3.0128105e+02   8.752224e+03   0.000000e+00  11019s
  395686    3.0128243e+02   8.817779e+03   0.000000e+00  11023s
  395896    3.0128399e+02   4.703462e+02   0.000000e+00  11028s
  396096    3.0128599e+02   2.106929e+03   0.000000e+00  11033s
  396316    3.0128818e+02   6.097797e+03   0.000000e+00  11038s
  396556    3.0129064e+02   1.859191e+04   0.000000e+00  11043s
  396776    3.0129234e+02   3.247792e+02   0.000000e+00  11048s
  396986    3.0129442e+02   6.526902e+03   0.000000e+00  11053s
  397176    3.0129633e+02   1.673467e+03   0.000000e+00  11058s
  397376    3.0129796e+02   1.047082e+04   0.000000e+00  11062s
  397576    3.0129946e+02   5.595680e+02   0.000000e+00  11067s
  397776    3.0130093e+02   7.007123e+03   0.000000e+00  11072s
  397996    3.0130280e+02   1.076116e+03   0.000000e+00  11077s
  398226    3.0130476e+02   4.713738e+03   0.000000e+00  11082s
  398446    3.0130705e+02   2.221439e+02   0.000000e+00  11087s
  398676    3.0130911e+02   8.835596e+03   0.000000e+00  11092s
  398916    3.0131090e+02   6.401239e+02   0.000000e+00  11097s
  399126    3.0131291e+02   1.533463e+04   0.000000e+00  11102s
  399356    3.0131472e+02   2.168913e+03   0.000000e+00  11108s
  399576    3.0131653e+02   3.296169e+02   0.000000e+00  11113s
  399786    3.0131867e+02   5.189970e+03   0.000000e+00  11118s
  400036    3.0132076e+02   1.109622e+03   0.000000e+00  11123s
  400266    3.0132324e+02   1.283912e+04   0.000000e+00  11129s
  400486    3.0132485e+02   8.810160e+02   0.000000e+00  11134s
  400686    3.0132685e+02   7.361652e+03   0.000000e+00  11138s
  400886    3.0132851e+02   5.242087e+03   0.000000e+00  11143s
  401086    3.0133068e+02   7.270919e+03   0.000000e+00  11148s
  401316    3.0133252e+02   7.643343e+02   0.000000e+00  11153s
  401526    3.0133409e+02   2.461356e+02   0.000000e+00  11158s
  401736    3.0133551e+02   1.919762e+03   0.000000e+00  11163s
  401966    3.0133743e+02   1.358415e+04   0.000000e+00  11168s
  402176    3.0133978e+02   2.311970e+03   0.000000e+00  11173s
  402386    3.0134159e+02   3.152035e+02   0.000000e+00  11177s
  402596    3.0134389e+02   3.513316e+02   0.000000e+00  11182s
  402806    3.0134585e+02   8.292355e+03   0.000000e+00  11187s
  403026    3.0134859e+02   1.641324e+03   0.000000e+00  11193s
  403256    3.0135109e+02   5.215645e+03   0.000000e+00  11198s
  403496    3.0135289e+02   2.611344e+03   0.000000e+00  11203s
  403736    3.0135518e+02   1.768670e+02   0.000000e+00  11209s
  403946    3.0135677e+02   1.824059e+03   0.000000e+00  11214s
  404156    3.0135909e+02   3.547062e+03   0.000000e+00  11219s
  404406    3.0136193e+02   4.031141e+03   0.000000e+00  11224s
  404636    3.0136474e+02   2.255969e+03   0.000000e+00  11230s
  404846    3.0136682e+02   9.723028e+01   0.000000e+00  11235s
  405046    3.0136866e+02   1.536555e+03   0.000000e+00  11239s
  405276    3.0137073e+02   9.029078e+02   0.000000e+00  11244s
  405496    3.0137257e+02   1.174659e+04   0.000000e+00  11249s
  405716    3.0137419e+02   5.770855e+02   0.000000e+00  11254s
  405916    3.0137569e+02   1.571253e+02   0.000000e+00  11259s
  406106    3.0137725e+02   1.209583e+03   0.000000e+00  11264s
  406326    3.0137973e+02   1.427674e+03   0.000000e+00  11269s
  406536    3.0138192e+02   5.976294e+03   0.000000e+00  11274s
  406766    3.0138425e+02   1.006349e+04   0.000000e+00  11279s
  406976    3.0138591e+02   4.015124e+01   0.000000e+00  11284s
  407176    3.0138770e+02   2.152865e+04   0.000000e+00  11288s
  407376    3.0138897e+02   3.019642e+04   0.000000e+00  11293s
  407576    3.0139049e+02   3.227207e+02   0.000000e+00  11298s
  407806    3.0139234e+02   1.724634e+02   0.000000e+00  11303s
  408016    3.0139440e+02   3.906195e+03   0.000000e+00  11308s
  408216    3.0139621e+02   2.446635e+02   0.000000e+00  11313s
  408416    3.0139755e+02   5.201133e+04   0.000000e+00  11317s
  408636    3.0139915e+02   3.160176e+03   0.000000e+00  11322s
  408846    3.0140068e+02   8.814306e+02   0.000000e+00  11327s
  409066    3.0140286e+02   3.669828e+03   0.000000e+00  11332s
  409276    3.0140424e+02   1.405489e+03   0.000000e+00  11337s
  409496    3.0140630e+02   7.238462e+03   0.000000e+00  11342s
  409706    3.0140812e+02   2.858183e+03   0.000000e+00  11347s
  409916    3.0140953e+02   4.712867e+02   0.000000e+00  11352s
  410126    3.0141158e+02   6.367627e+02   0.000000e+00  11357s
  410326    3.0141354e+02   1.319151e+03   0.000000e+00  11362s
  410526    3.0141507e+02   2.504588e+02   0.000000e+00  11366s
  410746    3.0141683e+02   2.236306e+02   0.000000e+00  11371s
  410966    3.0141881e+02   3.775354e+03   0.000000e+00  11376s
  411186    3.0142040e+02   7.730740e+02   0.000000e+00  11381s
  411386    3.0142142e+02   8.110917e+01   0.000000e+00  11386s
  411576    3.0142296e+02   9.665468e+03   0.000000e+00  11391s
  411796    3.0142471e+02   4.876990e+02   0.000000e+00  11396s
  412016    3.0142664e+02   3.610168e+03   0.000000e+00  11401s
  412256    3.0142872e+02   2.363476e+02   0.000000e+00  11406s
  412486    3.0143056e+02   1.598675e+02   0.000000e+00  11411s
  412706    3.0143253e+02   5.476950e+01   0.000000e+00  11416s
  412946    3.0143508e+02   5.512989e+01   0.000000e+00  11422s
  413196    3.0143707e+02   2.240643e+03   0.000000e+00  11427s
  413426    3.0143991e+02   3.128649e+02   0.000000e+00  11432s
  413666    3.0144201e+02   9.491484e+03   0.000000e+00  11438s
  413916    3.0144415e+02   1.366704e+03   0.000000e+00  11443s
  414146    3.0144608e+02   3.284786e+01   0.000000e+00  11449s
  414376    3.0144834e+02   1.469009e+03   0.000000e+00  11454s
  414596    3.0145020e+02   1.597068e+02   0.000000e+00  11459s
  414816    3.0145211e+02   5.716130e+02   0.000000e+00  11464s
  415056    3.0145420e+02   4.024726e+02   0.000000e+00  11469s
  415276    3.0145653e+02   4.969176e+02   0.000000e+00  11475s
  415496    3.0145855e+02   1.754351e+02   0.000000e+00  11480s
  415736    3.0146080e+02   8.436757e+03   0.000000e+00  11485s
  415956    3.0146250e+02   1.112765e+04   0.000000e+00  11490s
  416196    3.0146454e+02   2.535037e+02   0.000000e+00  11496s
  416436    3.0146740e+02   8.003461e+01   0.000000e+00  11501s
  416666    3.0146934e+02   6.147547e+01   0.000000e+00  11506s
  416906    3.0147190e+02   3.987651e+03   0.000000e+00  11512s
  417136    3.0147559e+02   4.084682e+02   0.000000e+00  11517s
  417376    3.0147891e+02   2.544727e+03   0.000000e+00  11523s
  417596    3.0148102e+02   3.458073e+01   0.000000e+00  11528s
  417796    3.0148291e+02   1.101928e+03   0.000000e+00  11533s
  418016    3.0148495e+02   1.084791e+02   0.000000e+00  11538s
  418256    3.0148699e+02   2.139273e+02   0.000000e+00  11543s
  418476    3.0148889e+02   2.102978e+02   0.000000e+00  11548s
  418696    3.0149087e+02   2.869189e+02   0.000000e+00  11553s
  418946    3.0149363e+02   1.765411e+03   0.000000e+00  11559s
  419196    3.0149639e+02   9.761953e+02   0.000000e+00  11564s
  419414    3.0149844e+02   1.465164e+02   0.000000e+00  11570s
  419624    3.0150112e+02   3.431442e+02   0.000000e+00  11575s
  419844    3.0150368e+02   5.345473e+01   0.000000e+00  11582s
  420074    3.0150598e+02   2.313906e+01   0.000000e+00  11588s
  420284    3.0150832e+02   3.060913e+02   0.000000e+00  11594s
  420514    3.0151107e+02   4.155440e+01   0.000000e+00  11600s
  420734    3.0151320e+02   1.308059e+02   0.000000e+00  11605s
  420934    3.0151484e+02   2.170091e+02   0.000000e+00  11611s
  421154    3.0151806e+02   4.078707e+02   0.000000e+00  11617s
  421364    3.0152046e+02   3.174819e+02   0.000000e+00  11623s
  421594    3.0152266e+02   1.256319e+02   0.000000e+00  11629s
  421824    3.0152447e+02   5.269072e+01   0.000000e+00  11635s
  422076    3.0152758e+02   1.334269e+03   0.000000e+00  11642s
  422326    3.0153011e+02   1.796049e+01   0.000000e+00  11649s
  422578    3.0153232e+02   5.041593e+02   0.000000e+00  11656s
  422818    3.0153509e+02   1.259701e+02   0.000000e+00  11662s
  423070    3.0153774e+02   1.903531e+01   0.000000e+00  11669s
  423290    3.0154052e+02   2.392397e+01   0.000000e+00  11675s
  423530    3.0154342e+02   1.082759e+02   0.000000e+00  11682s
  423782    3.0154609e+02   5.884394e+00   0.000000e+00  11688s
  424032    3.0154936e+02   4.049744e+02   0.000000e+00  11695s
  424262    3.0155265e+02   6.941248e+01   0.000000e+00  11701s
  424482    3.0155615e+02   4.983323e+01   0.000000e+00  11707s
  424682    3.0156082e+02   2.900996e+01   0.000000e+00  11713s
  424932    3.0156457e+02   7.533816e+00   0.000000e+00  11719s
  425172    3.0156775e+02   1.236194e+01   0.000000e+00  11726s
  425412    3.0157239e+02   1.238366e+01   0.000000e+00  11732s
  425652    3.0158035e+02   3.400082e+01   0.000000e+00  11738s
  425904    3.0158877e+02   1.784015e+02   0.000000e+00  11745s
  426032    3.0159543e+02   0.000000e+00   0.000000e+00  11748s

Root relaxation: objective 3.015943e+02, 426032 iterations, 11673.57 seconds (25293.21 work units)

    Nodes    |    Current Node    |     Objective Bounds      |     Work
 Expl Unexpl |  Obj  Depth IntInf | Incumbent    BestBd   Gap | It/Node Time

     0     0  301.59427    0 3590  718.00000  301.59427  58.0%     - 11750s
H    0     0                     717.0000000  301.59427  57.9%     - 11750s
H    0     0                     479.0000000  301.59427  37.0%     - 11751s
H    0     0                     478.0000000  301.59427  36.9%     - 11791s
H    0     0                     477.0000000  301.59427  36.8%     - 11845s
H    0     0                     476.0000000  301.59427  36.6%     - 11866s
H    0     0                     475.0000000  301.59427  36.5%     - 11891s
H    0     0                     474.0000000  301.59427  36.4%     - 11911s
H    0     0                     473.0000000  301.59427  36.2%     - 11959s
H    0     0                     472.0000000  301.59427  36.1%     - 11981s

Cutting planes:
  Lift-and-project: 1

Explored 1 nodes (426032 simplex iterations) in 15295.49 seconds (29455.77 work units)
Thread count was 32 (of 32 available processors)

Solution count 10: 472 473 474 ... 718

Time limit reached
Best objective 4.720000000000e+02, best bound 3.020000000000e+02, gap 36.0169%

User-callback calls 80456, time in user-callback 0.38 sec
