
Gurobi 13.0.2 (linux64) logging started Fri Jul 24 01:21:39 2026

Set parameter LogFile to value "/tmp/run_20260724_011656_pacific-3-blobs_alt400km_s1_i1_v10_gurobi.log"
Set parameter Method to value 1
Set parameter NodefileStart to value 4
Set parameter RINS to value 50
Gurobi Optimizer version 13.0.2 build v13.0.2rc1 (linux64 - "Debian GNU/Linux 13 (trixie)")

CPU model: Intel(R) Xeon(R) Platinum 8375C CPU @ 2.90GHz, instruction set [SSE2|AVX|AVX2|AVX512]
Thread count: 16 physical cores, 32 logical processors, using up to 32 threads

Non-default parameters:
TimeLimit  14400
MIPGap  0.01
Method  1
LPWarmStart  1
Heuristics  0.2
MIPFocus  1
NodefileStart  4
RINS  50
Symmetry  2
Cuts  2
CoverCuts  2
LogToConsole  0

Academic license 2812613 - for non-commercial use only - registered to no___@gatech.edu
Optimize a model with 104828 rows, 35900 columns and 46952892 nonzeros (Min)
Model fingerprint: 0x44f21acc
Model has 35900 linear objective coefficients
Variable types: 0 continuous, 35900 integer (35900 binary)
Coefficient statistics:
  Matrix range     [1e+00, 1e+00]
  Objective range  [1e+00, 1e+00]
  Bounds range     [1e+00, 1e+00]
  RHS range        [1e+00, 1e+00]

Found heuristic solution: objective 253.0000000
Presolve removed 0 rows and 0 columns (presolve time = 5s)...
Presolve removed 0 rows and 0 columns (presolve time = 11s)...
Presolve removed 0 rows and 0 columns (presolve time = 18s)...
Presolve removed 0 rows and 0 columns (presolve time = 21s)...
Presolve removed 0 rows and 0 columns (presolve time = 25s)...
Presolve removed 0 rows and 0 columns (presolve time = 31s)...
Presolve removed 0 rows and 0 columns (presolve time = 37s)...
Presolve removed 0 rows and 0 columns (presolve time = 40s)...
Presolve removed 0 rows and 0 columns (presolve time = 47s)...
Presolve removed 0 rows and 0 columns (presolve time = 51s)...
Presolve removed 0 rows and 0 columns (presolve time = 55s)...
Presolve removed 0 rows and 0 columns (presolve time = 60s)...
Presolve removed 0 rows and 0 columns (presolve time = 65s)...
Presolve removed 0 rows and 0 columns (presolve time = 72s)...
Presolve removed 0 rows and 0 columns (presolve time = 78s)...
Presolve removed 0 rows and 0 columns (presolve time = 89s)...
Presolve removed 0 rows and 0 columns (presolve time = 90s)...
Presolve removed 0 rows and 0 columns (presolve time = 95s)...
Presolve removed 0 rows and 0 columns (presolve time = 100s)...
Presolve removed 0 rows and 0 columns (presolve time = 105s)...
Presolve removed 0 rows and 0 columns (presolve time = 110s)...
Presolve removed 0 rows and 0 columns (presolve time = 115s)...
Presolve removed 0 rows and 0 columns (presolve time = 120s)...
Presolve removed 0 rows and 0 columns (presolve time = 125s)...
Presolve removed 0 rows and 0 columns (presolve time = 130s)...
Presolve removed 0 rows and 0 columns (presolve time = 135s)...
Presolve removed 0 rows and 0 columns (presolve time = 140s)...
Presolve removed 0 rows and 0 columns (presolve time = 145s)...
Presolve removed 0 rows and 0 columns (presolve time = 150s)...
Presolve removed 0 rows and 0 columns (presolve time = 155s)...
Presolve removed 0 rows and 0 columns (presolve time = 160s)...
Presolve removed 0 rows and 0 columns (presolve time = 165s)...
Presolve removed 0 rows and 0 columns (presolve time = 170s)...
Presolve removed 0 rows and 0 columns (presolve time = 175s)...
Presolve removed 0 rows and 0 columns (presolve time = 180s)...
Presolve removed 0 rows and 0 columns (presolve time = 185s)...
Presolve removed 0 rows and 0 columns (presolve time = 190s)...
Presolve removed 0 rows and 0 columns (presolve time = 195s)...
Presolve removed 0 rows and 0 columns (presolve time = 200s)...
Presolve removed 0 rows and 0 columns (presolve time = 205s)...
Presolve removed 0 rows and 0 columns (presolve time = 210s)...
Presolve removed 0 rows and 0 columns (presolve time = 215s)...
Presolve removed 0 rows and 0 columns (presolve time = 220s)...
Presolve removed 0 rows and 0 columns (presolve time = 225s)...
Presolve removed 0 rows and 0 columns (presolve time = 230s)...
Presolve removed 0 rows and 0 columns (presolve time = 235s)...
Presolve removed 0 rows and 0 columns (presolve time = 240s)...
Presolve removed 0 rows and 0 columns (presolve time = 245s)...
Presolve removed 0 rows and 0 columns (presolve time = 250s)...
Presolve removed 0 rows and 0 columns (presolve time = 255s)...
Presolve removed 0 rows and 0 columns (presolve time = 260s)...
Presolve removed 0 rows and 0 columns (presolve time = 265s)...
Presolve removed 0 rows and 0 columns (presolve time = 270s)...
Presolve removed 0 rows and 0 columns (presolve time = 275s)...
Presolve removed 0 rows and 0 columns (presolve time = 280s)...
Presolve removed 0 rows and 0 columns (presolve time = 285s)...
Presolve removed 0 rows and 0 columns (presolve time = 290s)...
Presolve removed 0 rows and 0 columns (presolve time = 295s)...
Presolve removed 0 rows and 0 columns (presolve time = 300s)...
Presolve removed 0 rows and 0 columns (presolve time = 305s)...
Presolve removed 0 rows and 0 columns (presolve time = 310s)...
Presolve removed 0 rows and 0 columns (presolve time = 315s)...
Presolve removed 0 rows and 0 columns (presolve time = 320s)...
Presolve removed 0 rows and 0 columns (presolve time = 325s)...
Presolve removed 0 rows and 0 columns (presolve time = 330s)...
Presolve removed 0 rows and 0 columns (presolve time = 335s)...
Presolve removed 0 rows and 0 columns (presolve time = 340s)...
Presolve removed 0 rows and 0 columns (presolve time = 345s)...
Presolve removed 0 rows and 0 columns (presolve time = 350s)...
Presolve removed 0 rows and 0 columns (presolve time = 355s)...
Presolve removed 0 rows and 0 columns (presolve time = 360s)...
Presolve removed 0 rows and 0 columns (presolve time = 365s)...
Presolve removed 0 rows and 0 columns (presolve time = 370s)...
Presolve removed 0 rows and 0 columns (presolve time = 375s)...
Presolve removed 0 rows and 0 columns (presolve time = 380s)...
Presolve removed 0 rows and 0 columns (presolve time = 385s)...
Presolve removed 0 rows and 0 columns (presolve time = 390s)...
Presolve removed 0 rows and 0 columns (presolve time = 395s)...
Presolve removed 0 rows and 0 columns (presolve time = 400s)...
Presolve removed 0 rows and 0 columns (presolve time = 405s)...
Presolve removed 0 rows and 0 columns (presolve time = 410s)...
Presolve removed 0 rows and 0 columns (presolve time = 415s)...
Presolve removed 0 rows and 0 columns (presolve time = 420s)...
Presolve removed 0 rows and 0 columns (presolve time = 425s)...
Presolve removed 0 rows and 0 columns (presolve time = 430s)...
Presolve removed 0 rows and 0 columns (presolve time = 435s)...
Presolve removed 0 rows and 0 columns (presolve time = 440s)...
Presolve time: 444.21s
Presolved: 104828 rows, 35900 columns, 46952892 nonzeros
Variable types: 0 continuous, 35900 integer (35900 binary)

Root simplex log...

Iteration    Objective       Primal Inf.    Dual Inf.      Time
       0    0.0000000e+00   1.048280e+05   0.000000e+00    451s
Warning: Markowitz tolerance tightened to 0.03125
    1891    4.8250528e+01   1.851971e+10   0.000000e+00    456s
Warning: Markowitz tolerance tightened to 0.5
    2619    5.0467188e+01   3.265429e+10   0.000000e+00    461s
    3165    5.1270612e+01   2.445112e+08   0.000000e+00    466s
    3711    5.1935716e+01   2.577402e+08   0.000000e+00    471s
    4098    5.2345814e+01   5.121434e+09   0.000000e+00    476s
    4549    5.2698573e+01   1.079109e+08   0.000000e+00    481s
    5023    5.2975972e+01   1.579404e+09   0.000000e+00    486s
    5528    5.3222004e+01   6.400948e+07   0.000000e+00    492s
    5799    5.3407146e+01   5.710622e+06   0.000000e+00    496s
    6353    5.3728688e+01   3.315193e+07   0.000000e+00    503s
    6632    5.3881541e+01   5.253976e+07   0.000000e+00    507s
    6920    5.4049821e+01   7.387596e+07   0.000000e+00    511s
    7534    5.4308733e+01   1.196915e+09   0.000000e+00    519s
    7875    5.4387173e+01   1.554349e+09   0.000000e+00    524s
    8258    5.4464869e+01   2.119090e+08   0.000000e+00    528s
    8623    5.4557387e+01   1.258368e+08   0.000000e+00    533s
    8990    5.4625679e+01   1.928858e+07   0.000000e+00    538s
    9370    5.4712166e+01   8.298378e+07   0.000000e+00    543s
    9770    5.4816272e+01   1.522248e+08   0.000000e+00    548s
   10180    5.4932677e+01   8.605358e+06   0.000000e+00    554s
   10610    5.5044185e+01   4.094828e+07   0.000000e+00    561s
   11038    5.5134386e+01   2.605569e+07   0.000000e+00    567s
   11398    5.5189017e+01   3.606232e+06   0.000000e+00    572s
   11838    5.5272162e+01   3.917288e+08   0.000000e+00    578s
   12338    5.5330567e+01   3.370683e+08   0.000000e+00    585s
   12688    5.5373321e+01   1.381058e+09   0.000000e+00    590s
   13228    5.5471006e+01   3.652006e+06   0.000000e+00    599s
   13488    5.5518858e+01   7.050575e+06   0.000000e+00    602s
   13858    5.5579748e+01   5.119941e+07   0.000000e+00    608s
   14148    5.5647808e+01   1.835877e+06   0.000000e+00    613s
   14408    5.5697056e+01   3.716194e+07   0.000000e+00    617s
   14638    5.5736135e+01   1.095827e+07   0.000000e+00    621s
   15088    5.5828441e+01   1.879398e+07   0.000000e+00    628s
   15308    5.5877401e+01   2.562549e+06   0.000000e+00    631s
   15738    5.5966276e+01   2.375476e+06   0.000000e+00    638s
   15958    5.6016578e+01   7.177036e+06   0.000000e+00    642s
   16178    5.6057760e+01   3.166777e+07   0.000000e+00    646s
   16618    5.6128003e+01   4.034637e+07   0.000000e+00    653s
   16828    5.6169623e+01   2.034200e+06   0.000000e+00    656s
   17238    5.6251525e+01   1.488967e+06   0.000000e+00    664s
   17458    5.6290385e+01   2.100818e+07   0.000000e+00    667s
   17668    5.6327425e+01   6.944826e+06   0.000000e+00    671s
   18058    5.6417066e+01   6.992958e+05   0.000000e+00    678s
   18268    5.6446441e+01   3.350562e+07   0.000000e+00    681s
   18468    5.6471790e+01   4.999497e+06   0.000000e+00    685s
   18868    5.6554421e+01   2.752612e+07   0.000000e+00    692s
   19068    5.6592585e+01   1.469090e+07   0.000000e+00    696s
   19478    5.6673466e+01   1.062478e+08   0.000000e+00    703s
   19678    5.6711887e+01   7.560168e+06   0.000000e+00    706s
   20068    5.6774945e+01   7.449318e+06   0.000000e+00    713s
   20268    5.6808397e+01   2.210037e+07   0.000000e+00    717s
   20468    5.6850419e+01   4.190447e+06   0.000000e+00    721s
   20858    5.6927949e+01   4.128879e+06   0.000000e+00    728s
   21068    5.6966748e+01   4.863898e+06   0.000000e+00    731s
   21468    5.7030961e+01   1.655633e+06   0.000000e+00    738s
   21658    5.7059921e+01   1.231830e+07   0.000000e+00    742s
   21858    5.7093993e+01   3.639207e+07   0.000000e+00    746s
   22248    5.7156383e+01   3.141051e+06   0.000000e+00    753s
   22448    5.7183331e+01   3.353533e+06   0.000000e+00    756s
   22648    5.7208915e+01   5.633411e+06   0.000000e+00    760s
   23038    5.7254440e+01   3.529022e+07   0.000000e+00    767s
   23228    5.7280960e+01   2.951965e+06   0.000000e+00    771s
   23618    5.7335472e+01   1.244459e+07   0.000000e+00    778s
   23818    5.7363665e+01   2.408233e+06   0.000000e+00    782s
   24018    5.7385371e+01   3.874752e+06   0.000000e+00    785s
   24408    5.7438200e+01   2.183368e+06   0.000000e+00    793s
   24608    5.7465852e+01   2.117075e+06   0.000000e+00    796s
   24988    5.7521548e+01   2.593614e+06   0.000000e+00    803s
   25188    5.7542352e+01   1.479554e+06   0.000000e+00    807s
   25388    5.7563846e+01   5.369462e+06   0.000000e+00    811s
   25778    5.7608378e+01   1.221303e+06   0.000000e+00    818s
   25968    5.7628171e+01   3.539481e+06   0.000000e+00    821s
   26358    5.7676758e+01   3.366433e+07   0.000000e+00    829s
   26558    5.7707639e+01   9.982619e+05   0.000000e+00    832s
   26758    5.7735512e+01   7.574500e+06   0.000000e+00    836s
   27138    5.7784353e+01   5.723674e+06   0.000000e+00    843s
   27328    5.7808404e+01   6.070843e+06   0.000000e+00    846s
   27518    5.7823772e+01   1.361532e+07   0.000000e+00    850s
   27908    5.7862525e+01   1.061148e+06   0.000000e+00    857s
   28098    5.7883059e+01   5.173818e+06   0.000000e+00    861s
   28478    5.7916367e+01   3.889978e+07   0.000000e+00    868s
   28668    5.7933161e+01   7.562914e+06   0.000000e+00    872s
   28858    5.7946333e+01   2.283938e+06   0.000000e+00    875s
   29238    5.7985017e+01   8.617802e+06   0.000000e+00    883s
   29438    5.8001333e+01   1.251170e+07   0.000000e+00    886s
   29818    5.8040351e+01   1.379600e+07   0.000000e+00    893s
   30018    5.8053551e+01   5.564077e+06   0.000000e+00    897s
   30218    5.8068769e+01   1.055926e+06   0.000000e+00    901s
   30608    5.8099882e+01   9.426212e+06   0.000000e+00    908s
   30798    5.8114430e+01   3.018576e+07   0.000000e+00    912s
   30998    5.8130347e+01   5.445072e+06   0.000000e+00    915s
   31388    5.8163821e+01   8.042048e+07   0.000000e+00    923s
   31578    5.8180781e+01   1.292638e+06   0.000000e+00    926s
   31948    5.8211366e+01   8.833529e+06   0.000000e+00    933s
   32138    5.8231393e+01   8.351908e+06   0.000000e+00    937s
   32328    5.8246174e+01   2.263463e+06   0.000000e+00    941s
   32718    5.8279355e+01   2.662576e+06   0.000000e+00    948s
   32908    5.8293724e+01   1.241470e+06   0.000000e+00    951s
   33108    5.8306617e+01   4.870196e+06   0.000000e+00    955s
   33488    5.8337918e+01   2.901333e+06   0.000000e+00    962s
   33678    5.8351100e+01   6.047992e+05   0.000000e+00    966s
   34058    5.8380600e+01   6.958622e+05   0.000000e+00    973s
   34238    5.8400400e+01   5.635986e+05   0.000000e+00    977s
   34428    5.8415478e+01   5.967224e+07   0.000000e+00    980s
   34818    5.8452098e+01   9.048770e+06   0.000000e+00    988s
   35008    5.8468864e+01   4.206072e+05   0.000000e+00    991s
   35388    5.8501739e+01   3.141350e+06   0.000000e+00    998s
   35578    5.8514311e+01   2.713073e+06   0.000000e+00   1002s
   35758    5.8527850e+01   2.061045e+07   0.000000e+00   1006s
   36128    5.8558830e+01   3.148162e+05   0.000000e+00   1013s
   36308    5.8572144e+01   4.860058e+06   0.000000e+00   1016s
   36678    5.8602245e+01   2.909910e+06   0.000000e+00   1023s
   36868    5.8615150e+01   4.052727e+06   0.000000e+00   1027s
   37058    5.8627925e+01   5.702747e+06   0.000000e+00   1031s
   37428    5.8653872e+01   1.407524e+06   0.000000e+00   1038s
   37618    5.8669627e+01   7.262553e+06   0.000000e+00   1042s
   37798    5.8683317e+01   3.033523e+06   0.000000e+00   1045s
   38178    5.8707239e+01   1.790990e+07   0.000000e+00   1052s
   38368    5.8722503e+01   6.277573e+05   0.000000e+00   1056s
   38748    5.8751608e+01   1.050882e+07   0.000000e+00   1063s
   38938    5.8767816e+01   6.617747e+05   0.000000e+00   1067s
   39128    5.8779314e+01   2.316121e+06   0.000000e+00   1071s
   39508    5.8808409e+01   1.221263e+06   0.000000e+00   1078s
   39698    5.8824476e+01   1.981073e+06   0.000000e+00   1082s
   39888    5.8836418e+01   1.872248e+06   0.000000e+00   1085s
   40268    5.8859572e+01   3.547273e+06   0.000000e+00   1092s
   40458    5.8873258e+01   5.513408e+07   0.000000e+00   1096s
   40838    5.8896529e+01   2.681352e+06   0.000000e+00   1103s
   41038    5.8909181e+01   1.086049e+06   0.000000e+00   1107s
   41228    5.8922806e+01   5.880803e+06   0.000000e+00   1110s
   41618    5.8942237e+01   7.771891e+07   0.000000e+00   1118s
   41808    5.8949879e+01   7.352059e+07   0.000000e+00   1121s
   42188    5.8969340e+01   2.385749e+06   0.000000e+00   1128s
   42378    5.8981711e+01   8.521722e+05   0.000000e+00   1132s
   42568    5.8992338e+01   1.494921e+06   0.000000e+00   1135s
   42948    5.9009790e+01   2.634688e+06   0.000000e+00   1143s
   43148    5.9022965e+01   1.480534e+07   0.000000e+00   1146s
   43338    5.9032827e+01   9.183473e+06   0.000000e+00   1150s
   43718    5.9053175e+01   1.155938e+06   0.000000e+00   1157s
   43908    5.9063189e+01   1.212652e+06   0.000000e+00   1161s
   44288    5.9081660e+01   1.439445e+07   0.000000e+00   1168s
   44478    5.9094656e+01   8.353682e+05   0.000000e+00   1172s
   44668    5.9107050e+01   1.088529e+06   0.000000e+00   1176s
   45048    5.9128161e+01   1.495551e+07   0.000000e+00   1183s
   45238    5.9141225e+01   4.025780e+06   0.000000e+00   1187s
   45418    5.9151855e+01   6.339720e+06   0.000000e+00   1190s
   45798    5.9168307e+01   4.726087e+06   0.000000e+00   1198s
   45988    5.9176056e+01   6.479402e+06   0.000000e+00   1201s
   46178    5.9184615e+01   1.197817e+07   0.000000e+00   1205s
   46558    5.9197988e+01   3.700764e+06   0.000000e+00   1212s
   46758    5.9204908e+01   1.563183e+08   0.000000e+00   1216s
   47138    5.9222234e+01   1.690474e+06   0.000000e+00   1223s
   47328    5.9233991e+01   2.797815e+06   0.000000e+00   1227s
   47528    5.9242301e+01   2.184185e+07   0.000000e+00   1231s
   47908    5.9257819e+01   1.301838e+07   0.000000e+00   1238s
   48098    5.9263938e+01   4.979527e+06   0.000000e+00   1241s
   48458    5.9282424e+01   2.365935e+06   0.000000e+00   1248s
   48648    5.9292187e+01   2.782961e+06   0.000000e+00   1252s
   48838    5.9300100e+01   2.081697e+06   0.000000e+00   1256s
   49218    5.9315496e+01   3.641799e+06   0.000000e+00   1263s
   49408    5.9323463e+01   1.694059e+07   0.000000e+00   1267s
   49598    5.9330857e+01   7.902215e+06   0.000000e+00   1271s
   49978    5.9344244e+01   7.841139e+06   0.000000e+00   1278s
   50178    5.9349047e+01   1.689437e+06   0.000000e+00   1282s
   50368    5.9356728e+01   7.454956e+05   0.000000e+00   1285s
   50748    5.9370010e+01   1.227916e+06   0.000000e+00   1292s
   50938    5.9377342e+01   4.083228e+06   0.000000e+00   1296s
   51318    5.9393113e+01   1.653474e+06   0.000000e+00   1303s
   51508    5.9400382e+01   8.134557e+06   0.000000e+00   1307s
   51698    5.9407384e+01   5.110007e+06   0.000000e+00   1311s
   52078    5.9423586e+01   1.686668e+06   0.000000e+00   1318s
   52268    5.9430595e+01   1.451016e+06   0.000000e+00   1321s
   52468    5.9438505e+01   3.256454e+06   0.000000e+00   1325s
   52878    5.9452090e+01   2.573313e+06   0.000000e+00   1333s
   53078    5.9459551e+01   9.567279e+05   0.000000e+00   1336s
   53468    5.9471862e+01   2.302413e+06   0.000000e+00   1343s
   53668    5.9477881e+01   7.348998e+06   0.000000e+00   1347s
   53868    5.9483289e+01   1.551657e+06   0.000000e+00   1351s
   54258    5.9497788e+01   1.965276e+06   0.000000e+00   1358s
   54448    5.9505372e+01   8.547931e+05   0.000000e+00   1362s
   54638    5.9512334e+01   2.342242e+07   0.000000e+00   1366s
   55028    5.9524522e+01   2.499315e+05   0.000000e+00   1373s
   55218    5.9531528e+01   1.262163e+06   0.000000e+00   1376s
   55418    5.9538240e+01   9.559453e+06   0.000000e+00   1380s
   55808    5.9550546e+01   3.537879e+06   0.000000e+00   1387s
   55998    5.9556615e+01   2.860110e+05   0.000000e+00   1391s
   56388    5.9568984e+01   4.899763e+06   0.000000e+00   1398s
   56598    5.9574642e+01   8.624313e+06   0.000000e+00   1402s
   56808    5.9580433e+01   2.208252e+07   0.000000e+00   1406s
   57208    5.9591192e+01   8.478731e+06   0.000000e+00   1413s
   57398    5.9596687e+01   1.721970e+06   0.000000e+00   1417s
   57588    5.9600797e+01   1.658225e+06   0.000000e+00   1420s
   57978    5.9610455e+01   1.317250e+06   0.000000e+00   1428s
   58168    5.9614367e+01   1.832143e+05   0.000000e+00   1431s
   58558    5.9623886e+01   6.090252e+06   0.000000e+00   1438s
   58758    5.9628818e+01   1.407309e+06   0.000000e+00   1442s
   58958    5.9635003e+01   6.728012e+05   0.000000e+00   1446s
   59348    5.9648146e+01   6.604737e+05   0.000000e+00   1453s
   59538    5.9655001e+01   4.016122e+05   0.000000e+00   1457s
   59718    5.9662878e+01   1.027834e+07   0.000000e+00   1460s
   60088    5.9677577e+01   4.235115e+06   0.000000e+00   1468s
   60278    5.9684095e+01   1.010028e+06   0.000000e+00   1471s
   60468    5.9690386e+01   6.262016e+05   0.000000e+00   1475s
   60858    5.9701319e+01   3.669425e+06   0.000000e+00   1483s
   61048    5.9706475e+01   2.345360e+06   0.000000e+00   1486s
   61448    5.9718872e+01   2.839659e+07   0.000000e+00   1494s
   61638    5.9724012e+01   1.121013e+06   0.000000e+00   1497s
   61838    5.9728424e+01   1.978043e+06   0.000000e+00   1501s
   62228    5.9738088e+01   5.203383e+06   0.000000e+00   1508s
   62418    5.9744159e+01   6.841711e+05   0.000000e+00   1512s
   62608    5.9749927e+01   2.437882e+06   0.000000e+00   1516s
   62998    5.9759559e+01   2.981149e+06   0.000000e+00   1523s
   63188    5.9763784e+01   4.860917e+06   0.000000e+00   1527s
   63378    5.9769168e+01   3.692153e+06   0.000000e+00   1530s
   63758    5.9777773e+01   5.219908e+06   0.000000e+00   1538s
   63948    5.9781622e+01   3.376627e+06   0.000000e+00   1542s
   64148    5.9786081e+01   1.205297e+07   0.000000e+00   1545s
   64538    5.9794940e+01   5.255621e+06   0.000000e+00   1553s
   64728    5.9800125e+01   1.875884e+06   0.000000e+00   1556s
   65108    5.9811328e+01   2.701035e+06   0.000000e+00   1563s
   65308    5.9815958e+01   2.141885e+06   0.000000e+00   1567s
   65508    5.9820037e+01   2.641336e+06   0.000000e+00   1571s
   65908    5.9828623e+01   9.775134e+05   0.000000e+00   1578s
   66108    5.9832796e+01   6.365307e+05   0.000000e+00   1582s
   66318    5.9837380e+01   1.190462e+06   0.000000e+00   1585s
   66718    5.9846741e+01   3.646966e+06   0.000000e+00   1593s
   66908    5.9852422e+01   3.395599e+05   0.000000e+00   1596s
   67098    5.9857746e+01   6.445944e+06   0.000000e+00   1600s
   67498    5.9870459e+01   8.400788e+05   0.000000e+00   1607s
   67688    5.9875433e+01   2.960985e+06   0.000000e+00   1611s
   68068    5.9887741e+01   6.888043e+05   0.000000e+00   1619s
   68258    5.9893978e+01   1.687234e+05   0.000000e+00   1622s
   68448    5.9901065e+01   1.063548e+06   0.000000e+00   1626s
   68828    5.9912139e+01   1.468649e+07   0.000000e+00   1633s
   69018    5.9916072e+01   1.317657e+06   0.000000e+00   1637s
   69198    5.9921034e+01   8.489637e+05   0.000000e+00   1641s
   69588    5.9931087e+01   3.207227e+06   0.000000e+00   1648s
   69778    5.9935242e+01   1.514266e+06   0.000000e+00   1652s
   69968    5.9939898e+01   1.789397e+06   0.000000e+00   1655s
   70368    5.9948503e+01   7.875207e+05   0.000000e+00   1663s
   70568    5.9952842e+01   7.566928e+05   0.000000e+00   1666s
   70768    5.9957450e+01   1.260139e+07   0.000000e+00   1670s
   71168    5.9965707e+01   1.235824e+06   0.000000e+00   1677s
   71358    5.9970951e+01   5.289825e+07   0.000000e+00   1681s
   71758    5.9979721e+01   1.504419e+06   0.000000e+00   1689s
   71948    5.9984050e+01   2.029081e+06   0.000000e+00   1692s
   72148    5.9988542e+01   3.635583e+06   0.000000e+00   1696s
   72548    5.9999588e+01   6.595895e+05   0.000000e+00   1703s
   72748    6.0004141e+01   1.388865e+06   0.000000e+00   1707s
   72948    6.0008709e+01   2.234354e+06   0.000000e+00   1710s
   73348    6.0018084e+01   3.896537e+06   0.000000e+00   1718s
   73538    6.0022562e+01   2.646746e+06   0.000000e+00   1721s
   73718    6.0026560e+01   4.886766e+05   0.000000e+00   1725s
   74108    6.0036150e+01   7.354298e+05   0.000000e+00   1732s
   74298    6.0040708e+01   2.635014e+06   0.000000e+00   1736s
   74688    6.0048105e+01   2.129508e+07   0.000000e+00   1743s
   74888    6.0052711e+01   4.546408e+06   0.000000e+00   1747s
   75088    6.0058902e+01   3.181401e+06   0.000000e+00   1751s
   75488    6.0066599e+01   3.208279e+06   0.000000e+00   1758s
   75688    6.0070389e+01   1.761677e+06   0.000000e+00   1762s
   75888    6.0073498e+01   1.624428e+06   0.000000e+00   1766s
   76298    6.0084465e+01   1.945800e+06   0.000000e+00   1773s
   76498    6.0087750e+01   3.487577e+05   0.000000e+00   1777s
   76698    6.0092353e+01   1.833650e+06   0.000000e+00   1780s
   77078    6.0101264e+01   2.137528e+06   0.000000e+00   1788s
   77258    6.0106298e+01   4.098278e+06   0.000000e+00   1791s
   77618    6.0117864e+01   7.480772e+05   0.000000e+00   1799s
   77808    6.0125205e+01   3.952594e+06   0.000000e+00   1802s
   77988    6.0132254e+01   4.490840e+07   0.000000e+00   1806s
   78358    6.0145905e+01   1.075106e+06   0.000000e+00   1813s
   78548    6.0149824e+01   1.843012e+06   0.000000e+00   1817s
   78738    6.0153593e+01   7.070948e+05   0.000000e+00   1821s
   79118    6.0162087e+01   1.108036e+06   0.000000e+00   1828s
   79318    6.0165652e+01   2.291265e+06   0.000000e+00   1832s
   79508    6.0168923e+01   7.899445e+05   0.000000e+00   1836s
   79898    6.0177061e+01   9.203969e+05   0.000000e+00   1843s
   80098    6.0181974e+01   2.886840e+05   0.000000e+00   1847s
   80298    6.0187837e+01   9.591864e+05   0.000000e+00   1850s
   80698    6.0196695e+01   8.316794e+05   0.000000e+00   1858s
   80888    6.0201357e+01   7.905653e+05   0.000000e+00   1861s
   81288    6.0208792e+01   1.652143e+06   0.000000e+00   1869s
   81478    6.0212691e+01   7.517784e+05   0.000000e+00   1872s
   81668    6.0215917e+01   1.410553e+06   0.000000e+00   1876s
   82058    6.0223996e+01   2.794797e+06   0.000000e+00   1883s
   82248    6.0229325e+01   1.454739e+06   0.000000e+00   1887s
   82438    6.0233186e+01   7.867694e+05   0.000000e+00   1891s
   82838    6.0241659e+01   4.902225e+05   0.000000e+00   1898s
   83038    6.0246532e+01   1.144063e+06   0.000000e+00   1902s
   83228    6.0251012e+01   1.424805e+06   0.000000e+00   1905s
   83608    6.0258582e+01   6.348458e+05   0.000000e+00   1913s
   83808    6.0262275e+01   1.368829e+06   0.000000e+00   1917s
   83998    6.0266771e+01   1.572998e+06   0.000000e+00   1920s
   84368    6.0279396e+01   1.332631e+06   0.000000e+00   1927s
   84558    6.0284698e+01   1.793452e+06   0.000000e+00   1931s
   84938    6.0295039e+01   3.579828e+06   0.000000e+00   1938s
   85128    6.0298979e+01   1.025625e+06   0.000000e+00   1942s
   85318    6.0303297e+01   3.074650e+06   0.000000e+00   1946s
   85698    6.0310815e+01   1.651467e+06   0.000000e+00   1953s
   85878    6.0314941e+01   9.097040e+05   0.000000e+00   1957s
   86068    6.0320939e+01   1.666577e+06   0.000000e+00   1961s
   86448    6.0329944e+01   1.209461e+06   0.000000e+00   1968s
   86638    6.0335313e+01   1.148242e+06   0.000000e+00   1972s
   86828    6.0341289e+01   1.559766e+06   0.000000e+00   1975s
   87198    6.0350544e+01   4.951973e+06   0.000000e+00   1983s
   87388    6.0354919e+01   1.072520e+06   0.000000e+00   1986s
   87588    6.0358645e+01   2.111489e+06   0.000000e+00   1990s
   87978    6.0364102e+01   1.125598e+05   0.000000e+00   1997s
   88178    6.0368122e+01   1.004961e+06   0.000000e+00   2001s
   88578    6.0375319e+01   1.275821e+06   0.000000e+00   2009s
   88778    6.0378517e+01   1.399666e+06   0.000000e+00   2012s
   88978    6.0382444e+01   6.579382e+05   0.000000e+00   2016s
   89378    6.0388658e+01   9.868676e+05   0.000000e+00   2023s
   89568    6.0394031e+01   8.347160e+05   0.000000e+00   2027s
   89758    6.0398410e+01   6.067249e+05   0.000000e+00   2031s
   90128    6.0407171e+01   1.326409e+06   0.000000e+00   2038s
   90308    6.0411044e+01   6.494587e+05   0.000000e+00   2042s
   90508    6.0415617e+01   1.026023e+06   0.000000e+00   2045s
   90898    6.0424018e+01   8.475310e+05   0.000000e+00   2053s
   91098    6.0428151e+01   1.547192e+06   0.000000e+00   2056s
   91298    6.0432014e+01   1.150272e+06   0.000000e+00   2060s
   91698    6.0442028e+01   1.359880e+06   0.000000e+00   2068s
   91888    6.0446143e+01   1.550961e+06   0.000000e+00   2071s
   92258    6.0455730e+01   5.255307e+05   0.000000e+00   2079s
   92448    6.0460774e+01   3.356223e+05   0.000000e+00   2082s
   92638    6.0465667e+01   2.718079e+06   0.000000e+00   2086s
   93018    6.0473947e+01   1.130904e+06   0.000000e+00   2093s
   93208    6.0477382e+01   7.140301e+06   0.000000e+00   2097s
   93398    6.0482296e+01   9.529919e+05   0.000000e+00   2101s
   93778    6.0490784e+01   8.341540e+05   0.000000e+00   2108s
   93968    6.0494106e+01   3.030225e+06   0.000000e+00   2112s
   94158    6.0498113e+01   1.767201e+06   0.000000e+00   2115s
   94528    6.0506335e+01   1.946120e+06   0.000000e+00   2123s
   94718    6.0510444e+01   9.760421e+05   0.000000e+00   2126s
   94918    6.0513891e+01   2.065683e+06   0.000000e+00   2130s
   95298    6.0522379e+01   1.213091e+06   0.000000e+00   2138s
   95488    6.0526823e+01   7.093674e+05   0.000000e+00   2141s
   95868    6.0534114e+01   4.553667e+06   0.000000e+00   2149s
   96068    6.0538052e+01   1.676929e+06   0.000000e+00   2152s
   96268    6.0541593e+01   5.550392e+05   0.000000e+00   2156s
   96638    6.0549782e+01   1.963044e+06   0.000000e+00   2163s
   96818    6.0553800e+01   1.719235e+06   0.000000e+00   2167s
   97008    6.0558861e+01   6.024101e+05   0.000000e+00   2171s
   97388    6.0565921e+01   1.677184e+06   0.000000e+00   2178s
   97578    6.0569523e+01   5.212121e+05   0.000000e+00   2182s
   97768    6.0573507e+01   2.180158e+06   0.000000e+00   2186s
   98148    6.0581126e+01   5.342721e+06   0.000000e+00   2193s
   98338    6.0585013e+01   5.309586e+05   0.000000e+00   2197s
   98528    6.0587648e+01   2.522516e+06   0.000000e+00   2200s
   98918    6.0595000e+01   6.372283e+05   0.000000e+00   2208s
   99118    6.0598793e+01   1.318430e+06   0.000000e+00   2212s
   99308    6.0602069e+01   4.834614e+05   0.000000e+00   2215s
   99678    6.0608388e+01   6.504690e+05   0.000000e+00   2223s
   99878    6.0611521e+01   8.681300e+05   0.000000e+00   2226s
  100068    6.0614713e+01   1.085598e+06   0.000000e+00   2230s
  100458    6.0620916e+01   1.769930e+06   0.000000e+00   2237s
  100648    6.0623088e+01   1.154778e+06   0.000000e+00   2241s
  101058    6.0628207e+01   2.863926e+06   0.000000e+00   2248s
  101258    6.0631626e+01   3.084590e+05   0.000000e+00   2252s
  101448    6.0637057e+01   1.834672e+06   0.000000e+00   2256s
  101828    6.0644369e+01   7.549502e+05   0.000000e+00   2263s
  102028    6.0648102e+01   8.638316e+05   0.000000e+00   2267s
  102218    6.0651413e+01   1.199135e+06   0.000000e+00   2271s
  102608    6.0657247e+01   1.549149e+06   0.000000e+00   2278s
  102798    6.0660340e+01   1.596552e+06   0.000000e+00   2282s
  102988    6.0663691e+01   9.101159e+05   0.000000e+00   2285s
  103368    6.0672390e+01   7.284220e+05   0.000000e+00   2293s
  103558    6.0676214e+01   1.328537e+05   0.000000e+00   2296s
  103948    6.0684297e+01   9.671851e+05   0.000000e+00   2304s
  104138    6.0688217e+01   2.481537e+06   0.000000e+00   2307s
  104328    6.0691813e+01   5.948562e+06   0.000000e+00   2311s
  104718    6.0698154e+01   1.402783e+06   0.000000e+00   2319s
  104918    6.0701091e+01   8.899980e+05   0.000000e+00   2322s
  105108    6.0703419e+01   6.961126e+05   0.000000e+00   2326s
  105498    6.0709388e+01   2.837590e+06   0.000000e+00   2333s
  105698    6.0711928e+01   6.006839e+05   0.000000e+00   2337s
  105898    6.0714941e+01   5.029464e+05   0.000000e+00   2341s
  106248    6.0835379e+01   1.696436e+08   0.000000e+00   2348s
  106398    6.0911824e+01   6.014393e+06   0.000000e+00   2352s
  106548    6.0991148e+01   1.563820e+08   0.000000e+00   2356s
  106858    6.1134951e+01   1.540128e+08   0.000000e+00   2363s
  107008    6.1196939e+01   9.909001e+06   0.000000e+00   2367s
  107148    6.1260271e+01   2.179107e+07   0.000000e+00   2371s
  107438    6.1354443e+01   1.290237e+07   0.000000e+00   2378s
  107578    6.1407365e+01   2.772510e+08   0.000000e+00   2382s
  107728    6.1455878e+01   6.361640e+07   0.000000e+00   2386s
  108008    6.1552720e+01   1.220567e+07   0.000000e+00   2393s
  108148    6.1597124e+01   2.853800e+06   0.000000e+00   2397s
  108288    6.1636495e+01   1.470777e+08   0.000000e+00   2401s
  108418    6.1680641e+01   1.315632e+07   0.000000e+00   2405s
  108688    6.1778787e+01   8.104745e+06   0.000000e+00   2413s
  108818    6.1826164e+01   1.267403e+07   0.000000e+00   2417s
  108948    6.1859857e+01   1.963724e+08   0.000000e+00   2420s
  109208    6.1953583e+01   3.925563e+06   0.000000e+00   2428s
  109358    6.2001227e+01   2.207249e+07   0.000000e+00   2432s
  109498    6.2047291e+01   1.229611e+07   0.000000e+00   2437s
  109628    6.2107430e+01   3.777723e+06   0.000000e+00   2441s
  109888    6.2203996e+01   6.189543e+06   0.000000e+00   2449s
  110018    6.2258375e+01   2.087334e+07   0.000000e+00   2453s
  110158    6.2306632e+01   3.920291e+07   0.000000e+00   2457s
  110308    6.2369137e+01   8.709326e+05   0.000000e+00   2462s
  110448    6.2430470e+01   4.598923e+07   0.000000e+00   2466s
  110578    6.2473106e+01   1.811264e+07   0.000000e+00   2470s
  110838    6.2550275e+01   7.117664e+06   0.000000e+00   2479s
  110978    6.2585255e+01   1.339981e+08   0.000000e+00   2483s
  111128    6.2628556e+01   9.612329e+05   0.000000e+00   2488s
  111258    6.2663984e+01   5.315609e+07   0.000000e+00   2492s
  111398    6.2709040e+01   3.316857e+07   0.000000e+00   2497s
  111538    6.2764314e+01   5.984318e+07   0.000000e+00   2501s
  111688    6.2821380e+01   3.606640e+07   0.000000e+00   2506s
  111838    6.2865343e+01   1.106128e+06   0.000000e+00   2511s
  111988    6.2914612e+01   4.038164e+07   0.000000e+00   2516s
  112128    6.2959979e+01   1.849148e+07   0.000000e+00   2521s
  112268    6.3004551e+01   8.338512e+05   0.000000e+00   2526s
  112408    6.3050954e+01   1.075956e+07   0.000000e+00   2531s
  112558    6.3106620e+01   1.773101e+07   0.000000e+00   2536s
  112698    6.3161691e+01   1.660733e+08   0.000000e+00   2540s
  112838    6.3199445e+01   3.824847e+06   0.000000e+00   2545s
  112978    6.3237465e+01   1.133348e+07   0.000000e+00   2550s
  113118    6.3288675e+01   2.572347e+07   0.000000e+00   2555s
  113398    6.3387610e+01   2.273206e+06   0.000000e+00   2565s
  113538    6.3439644e+01   1.475928e+07   0.000000e+00   2570s
  113678    6.3479419e+01   7.890086e+05   0.000000e+00   2575s
  113818    6.3527666e+01   6.832327e+07   0.000000e+00   2580s
  113958    6.3559851e+01   7.116880e+06   0.000000e+00   2585s
  114098    6.3612468e+01   2.905455e+06   0.000000e+00   2590s
  114228    6.3646444e+01   6.916758e+07   0.000000e+00   2595s
  114368    6.3691132e+01   1.997396e+06   0.000000e+00   2600s
  114498    6.3734947e+01   3.507550e+06   0.000000e+00   2605s
  114638    6.3782567e+01   2.445531e+07   0.000000e+00   2611s
  114768    6.3833687e+01   2.400933e+06   0.000000e+00   2616s
  114908    6.3878132e+01   1.446194e+07   0.000000e+00   2621s
  115038    6.3912045e+01   4.179212e+07   0.000000e+00   2626s
  115168    6.3943767e+01   1.061323e+08   0.000000e+00   2630s
  115298    6.3983362e+01   1.512212e+08   0.000000e+00   2635s
  115438    6.4008498e+01   7.468555e+06   0.000000e+00   2641s
  115568    6.4042276e+01   5.378613e+07   0.000000e+00   2646s
  115698    6.4071312e+01   1.183769e+07   0.000000e+00   2651s
  115828    6.4106478e+01   1.411890e+08   0.000000e+00   2656s
  115958    6.4147753e+01   2.622458e+07   0.000000e+00   2661s
  116088    6.4179933e+01   3.518399e+07   0.000000e+00   2666s
  116218    6.4210554e+01   3.489916e+07   0.000000e+00   2671s
  116348    6.4243099e+01   4.055852e+06   0.000000e+00   2676s
  116478    6.4269988e+01   2.221441e+07   0.000000e+00   2681s
  116608    6.4289875e+01   5.831708e+06   0.000000e+00   2686s
  116738    6.4317392e+01   2.058228e+07   0.000000e+00   2692s
  116878    6.4347686e+01   3.899148e+08   0.000000e+00   2697s
  117018    6.4385378e+01   9.713108e+05   0.000000e+00   2702s
  117148    6.4414821e+01   7.651329e+06   0.000000e+00   2708s
  117278    6.4440598e+01   5.530688e+06   0.000000e+00   2713s
  117408    6.4467471e+01   2.676080e+06   0.000000e+00   2718s
  117538    6.4500422e+01   3.702198e+07   0.000000e+00   2723s
  117668    6.4529524e+01   3.517478e+06   0.000000e+00   2728s
  117808    6.4554944e+01   4.789874e+06   0.000000e+00   2734s
  117938    6.4584558e+01   9.813244e+06   0.000000e+00   2739s
  118068    6.4613496e+01   2.177887e+08   0.000000e+00   2744s
  118198    6.4654145e+01   1.082497e+07   0.000000e+00   2750s
  118328    6.4691592e+01   5.256420e+06   0.000000e+00   2755s
  118458    6.4718906e+01   1.104803e+07   0.000000e+00   2760s
  118598    6.4755287e+01   4.853508e+06   0.000000e+00   2766s
  118728    6.4782920e+01   3.801843e+05   0.000000e+00   2772s
  118858    6.4809274e+01   1.263692e+08   0.000000e+00   2777s
  118988    6.4848342e+01   9.530867e+06   0.000000e+00   2782s
  119118    6.4880636e+01   1.328913e+07   0.000000e+00   2788s
  119248    6.4921129e+01   5.878377e+06   0.000000e+00   2793s
  119368    6.4946948e+01   1.743740e+06   0.000000e+00   2798s
  119488    6.4975851e+01   3.530750e+06   0.000000e+00   2803s
  119608    6.5001843e+01   6.610891e+05   0.000000e+00   2808s
  119728    6.5038662e+01   1.066807e+07   0.000000e+00   2814s
  119858    6.5079223e+01   6.078120e+05   0.000000e+00   2819s
  119988    6.5104669e+01   1.022168e+06   0.000000e+00   2825s
  120118    6.5130131e+01   1.505866e+06   0.000000e+00   2830s
  120258    6.5158902e+01   3.837504e+06   0.000000e+00   2836s
  120388    6.5186997e+01   6.816937e+07   0.000000e+00   2841s
  120528    6.5213533e+01   5.190717e+05   0.000000e+00   2847s
  120658    6.5239341e+01   1.351418e+07   0.000000e+00   2853s
  120788    6.5268600e+01   3.787310e+05   0.000000e+00   2858s
  120908    6.5297355e+01   2.569100e+05   0.000000e+00   2864s
  121038    6.5325437e+01   2.663376e+05   0.000000e+00   2870s
  121178    6.5353177e+01   5.368628e+06   0.000000e+00   2876s
  121308    6.5380289e+01   1.634243e+06   0.000000e+00   2881s
  121438    6.5416661e+01   2.327362e+05   0.000000e+00   2887s
  121558    6.5444358e+01   3.706508e+05   0.000000e+00   2892s
  121678    6.5472788e+01   1.601498e+06   0.000000e+00   2897s
  121798    6.5501320e+01   5.164511e+05   0.000000e+00   2903s
  121918    6.5528848e+01   2.071860e+07   0.000000e+00   2908s
  122048    6.5558305e+01   4.506101e+05   0.000000e+00   2913s
  122178    6.5587321e+01   4.529688e+06   0.000000e+00   2919s
  122308    6.5614104e+01   4.253453e+07   0.000000e+00   2925s
  122438    6.5637674e+01   7.092139e+05   0.000000e+00   2930s
  122568    6.5671424e+01   3.366900e+05   0.000000e+00   2936s
  122698    6.5705558e+01   3.271256e+07   0.000000e+00   2942s
  122828    6.5737582e+01   1.593724e+08   0.000000e+00   2948s
  122958    6.5765340e+01   4.237326e+06   0.000000e+00   2953s
  123098    6.5801088e+01   2.854591e+06   0.000000e+00   2959s
  123238    6.5826934e+01   5.697764e+05   0.000000e+00   2965s
  123378    6.5861155e+01   5.398477e+06   0.000000e+00   2972s
  123508    6.5886654e+01   3.718726e+05   0.000000e+00   2977s
  123638    6.5915151e+01   2.115941e+07   0.000000e+00   2983s
  123758    6.5948259e+01   2.139081e+06   0.000000e+00   2989s
  123878    6.5969403e+01   5.548576e+06   0.000000e+00   2994s
  123998    6.5996992e+01   1.914122e+06   0.000000e+00   2999s
  124128    6.6023823e+01   9.687351e+05   0.000000e+00   3005s
  124248    6.6047948e+01   4.977903e+06   0.000000e+00   3011s
  124378    6.6071891e+01   7.745432e+05   0.000000e+00   3016s
  124518    6.6108676e+01   1.306388e+06   0.000000e+00   3022s
  124648    6.6138774e+01   3.800650e+05   0.000000e+00   3028s
  124778    6.6172757e+01   9.976212e+05   0.000000e+00   3034s
  124898    6.6200709e+01   5.665802e+06   0.000000e+00   3040s
  125018    6.6231737e+01   1.378895e+06   0.000000e+00   3045s
  125138    6.6255961e+01   2.859462e+06   0.000000e+00   3050s
  125258    6.6274243e+01   1.069744e+06   0.000000e+00   3056s
  125378    6.6301755e+01   3.747337e+06   0.000000e+00   3061s
  125508    6.6321921e+01   3.322981e+05   0.000000e+00   3067s
  125638    6.6342526e+01   7.433716e+05   0.000000e+00   3073s
  125768    6.6370243e+01   1.119005e+06   0.000000e+00   3079s
  125888    6.6392443e+01   4.773733e+06   0.000000e+00   3084s
  126008    6.6413258e+01   3.594528e+06   0.000000e+00   3090s
  126138    6.6437832e+01   3.696490e+06   0.000000e+00   3096s
  126268    6.6468329e+01   3.153380e+06   0.000000e+00   3102s
  126408    6.6497152e+01   7.408733e+05   0.000000e+00   3108s
  126538    6.6526835e+01   6.426504e+06   0.000000e+00   3114s
  126658    6.6545711e+01   9.481333e+05   0.000000e+00   3120s
  126778    6.6569914e+01   3.792756e+06   0.000000e+00   3125s
  126908    6.6595616e+01   8.033193e+05   0.000000e+00   3131s
  127028    6.6624985e+01   1.202132e+05   0.000000e+00   3137s
  127148    6.6651499e+01   2.535055e+07   0.000000e+00   3142s
  127268    6.6676256e+01   2.797994e+05   0.000000e+00   3148s
  127388    6.6699270e+01   9.553478e+06   0.000000e+00   3153s
  127508    6.6714392e+01   4.749920e+05   0.000000e+00   3159s
  127628    6.6742194e+01   5.649742e+05   0.000000e+00   3164s
  127748    6.6766269e+01   3.175456e+07   0.000000e+00   3170s
  127868    6.6786026e+01   1.336033e+06   0.000000e+00   3175s
  127988    6.6807967e+01   2.249148e+06   0.000000e+00   3181s
  128118    6.6828944e+01   2.046728e+07   0.000000e+00   3187s
  128238    6.6846579e+01   1.810553e+05   0.000000e+00   3193s
  128358    6.6867193e+01   2.375992e+06   0.000000e+00   3198s
  128468    6.6886053e+01   8.377910e+04   0.000000e+00   3204s
  128598    6.6901826e+01   2.865838e+05   0.000000e+00   3210s
  128728    6.6920409e+01   2.989075e+05   0.000000e+00   3216s
  128858    6.6940266e+01   1.063575e+07   0.000000e+00   3222s
  128978    6.6956970e+01   5.658226e+06   0.000000e+00   3227s
  129108    6.6980710e+01   7.053973e+05   0.000000e+00   3233s
  129238    6.7000412e+01   3.292021e+06   0.000000e+00   3240s
  129368    6.7022665e+01   1.995621e+06   0.000000e+00   3246s
  129488    6.7043505e+01   1.785550e+07   0.000000e+00   3251s
  129618    6.7062798e+01   1.071047e+07   0.000000e+00   3257s
  129738    6.7076918e+01   1.226448e+06   0.000000e+00   3263s
  129848    6.7095897e+01   4.063741e+06   0.000000e+00   3268s
  129968    6.7112766e+01   2.373412e+06   0.000000e+00   3274s
  130098    6.7131258e+01   1.167118e+06   0.000000e+00   3280s
  130228    6.7153393e+01   2.454431e+05   0.000000e+00   3286s
  130358    6.7171779e+01   1.109370e+06   0.000000e+00   3293s
  130488    6.7189236e+01   3.744859e+06   0.000000e+00   3299s
  130618    6.7209765e+01   4.662887e+05   0.000000e+00   3305s
  130748    6.7224868e+01   9.056215e+07   0.000000e+00   3311s
  130878    6.7240353e+01   7.751081e+05   0.000000e+00   3317s
  131008    6.7253901e+01   5.325872e+06   0.000000e+00   3323s
  131138    6.7269380e+01   3.280143e+06   0.000000e+00   3329s
  131268    6.7284858e+01   4.217725e+05   0.000000e+00   3336s
  131398    6.7308705e+01   5.859169e+06   0.000000e+00   3342s
  131528    6.7330256e+01   5.942201e+05   0.000000e+00   3348s
  131658    6.7351552e+01   8.673846e+06   0.000000e+00   3354s
  131788    6.7371917e+01   3.526799e+06   0.000000e+00   3361s
  131918    6.7390983e+01   2.113594e+05   0.000000e+00   3367s
  132048    6.7405927e+01   2.058546e+05   0.000000e+00   3373s
  132178    6.7423987e+01   1.132748e+06   0.000000e+00   3380s
  132308    6.7440346e+01   1.090016e+06   0.000000e+00   3386s
  132438    6.7454805e+01   2.520286e+06   0.000000e+00   3393s
  132568    6.7471590e+01   1.289819e+05   0.000000e+00   3399s
  132698    6.7485842e+01   3.839995e+05   0.000000e+00   3405s
  132828    6.7501860e+01   2.305338e+06   0.000000e+00   3412s
  132958    6.7522602e+01   1.663899e+05   0.000000e+00   3418s
  133088    6.7541795e+01   1.398042e+05   0.000000e+00   3424s
  133218    6.7558555e+01   2.264989e+05   0.000000e+00   3431s
  133348    6.7573397e+01   5.873428e+05   0.000000e+00   3437s
  133488    6.7594248e+01   7.025197e+05   0.000000e+00   3444s
  133628    6.7612817e+01   7.218031e+05   0.000000e+00   3450s
  133758    6.7625802e+01   2.508601e+07   0.000000e+00   3457s
  133878    6.7643113e+01   1.878346e+06   0.000000e+00   3462s
  134008    6.7658961e+01   7.296734e+06   0.000000e+00   3469s
  134138    6.7672472e+01   4.117957e+05   0.000000e+00   3475s
  134268    6.7687690e+01   2.510226e+05   0.000000e+00   3481s
  134398    6.7707475e+01   2.267177e+06   0.000000e+00   3488s
  134528    6.7722294e+01   1.127920e+05   0.000000e+00   3494s
  134658    6.7735782e+01   3.003997e+05   0.000000e+00   3500s
  134788    6.7751717e+01   7.027567e+05   0.000000e+00   3507s
  134918    6.7769956e+01   1.959350e+06   0.000000e+00   3513s
  135048    6.7780930e+01   1.279315e+08   0.000000e+00   3520s
  135178    6.7794204e+01   5.284649e+06   0.000000e+00   3526s
  135308    6.7808878e+01   7.032874e+05   0.000000e+00   3532s
  135438    6.7826296e+01   1.243114e+06   0.000000e+00   3539s
  135568    6.7841152e+01   5.247441e+06   0.000000e+00   3545s
  135698    6.7854148e+01   3.158103e+06   0.000000e+00   3552s
  135828    6.7868332e+01   9.123203e+06   0.000000e+00   3558s
  135958    6.7885419e+01   3.424138e+05   0.000000e+00   3564s
  136088    6.7900054e+01   2.957999e+06   0.000000e+00   3571s
  136218    6.7916253e+01   9.207741e+05   0.000000e+00   3577s
  136358    6.7932445e+01   2.642895e+06   0.000000e+00   3584s
  136498    6.7949569e+01   3.878806e+07   0.000000e+00   3590s
  136628    6.7963830e+01   1.228585e+06   0.000000e+00   3597s
  136748    6.7978939e+01   2.355762e+06   0.000000e+00   3603s
  136878    6.7999636e+01   4.375199e+05   0.000000e+00   3609s
  137008    6.8015658e+01   2.705277e+06   0.000000e+00   3616s
  137138    6.8028513e+01   8.303499e+06   0.000000e+00   3622s
  137268    6.8045245e+01   2.399179e+06   0.000000e+00   3628s
  137398    6.8059588e+01   5.224167e+06   0.000000e+00   3635s
  137528    6.8073846e+01   1.054089e+06   0.000000e+00   3641s
  137658    6.8092627e+01   5.356806e+05   0.000000e+00   3647s
  137788    6.8105055e+01   3.334752e+06   0.000000e+00   3654s
  137918    6.8119793e+01   1.375331e+06   0.000000e+00   3660s
  138048    6.8137115e+01   9.254394e+05   0.000000e+00   3667s
  138178    6.8157639e+01   4.214362e+05   0.000000e+00   3673s
  138308    6.8174855e+01   2.323286e+06   0.000000e+00   3680s
  138438    6.8195882e+01   2.320314e+05   0.000000e+00   3686s
  138578    6.8207234e+01   2.086358e+07   0.000000e+00   3693s
  138708    6.8224593e+01   1.435583e+06   0.000000e+00   3700s
  138838    6.8237581e+01   7.215530e+05   0.000000e+00   3706s
  138978    6.8255207e+01   4.888538e+06   0.000000e+00   3713s
  139108    6.8270049e+01   4.320161e+06   0.000000e+00   3719s
  139238    6.8285590e+01   4.232360e+05   0.000000e+00   3726s
  139368    6.8298069e+01   3.127663e+07   0.000000e+00   3732s
  139498    6.8313512e+01   1.994062e+05   0.000000e+00   3739s
  139628    6.8332697e+01   5.581255e+06   0.000000e+00   3745s
  139758    6.8349774e+01   1.793462e+06   0.000000e+00   3752s
  139888    6.8366241e+01   2.582474e+05   0.000000e+00   3758s
  140018    6.8382059e+01   9.978587e+05   0.000000e+00   3765s
  140148    6.8401171e+01   1.746259e+07   0.000000e+00   3772s
  140268    6.8416454e+01   4.376391e+06   0.000000e+00   3778s
  140398    6.8434967e+01   7.638397e+06   0.000000e+00   3784s
  140528    6.8450135e+01   2.976396e+06   0.000000e+00   3791s
  140658    6.8462434e+01   6.152045e+05   0.000000e+00   3798s
  140788    6.8475795e+01   1.217603e+06   0.000000e+00   3804s
  140918    6.8488297e+01   6.241190e+05   0.000000e+00   3811s
  141048    6.8499297e+01   3.960620e+06   0.000000e+00   3817s
  141168    6.8511662e+01   2.557624e+05   0.000000e+00   3823s
  141298    6.8520914e+01   7.635331e+05   0.000000e+00   3830s
  141428    6.8530253e+01   4.208511e+05   0.000000e+00   3837s
  141558    6.8541182e+01   8.661303e+04   0.000000e+00   3843s
  141688    6.8551991e+01   7.294697e+05   0.000000e+00   3850s
  141818    6.8566080e+01   1.344902e+05   0.000000e+00   3856s
  141948    6.8578940e+01   7.354762e+05   0.000000e+00   3863s
  142078    6.8588209e+01   2.704532e+05   0.000000e+00   3869s
  142198    6.8599626e+01   1.135621e+06   0.000000e+00   3876s
  142318    6.8609377e+01   1.919065e+06   0.000000e+00   3882s
  142448    6.8620744e+01   1.133061e+06   0.000000e+00   3888s
  142568    6.8632599e+01   2.238243e+05   0.000000e+00   3894s
  142688    6.8646063e+01   3.303099e+05   0.000000e+00   3901s
  142808    6.8656634e+01   9.803232e+05   0.000000e+00   3907s
  142938    6.8667275e+01   7.191583e+06   0.000000e+00   3914s
  143058    6.8677508e+01   3.904134e+07   0.000000e+00   3920s
  143178    6.8689420e+01   5.768608e+06   0.000000e+00   3926s
  143298    6.8702245e+01   3.695140e+06   0.000000e+00   3932s
  143428    6.8715113e+01   5.852200e+05   0.000000e+00   3939s
  143558    6.8727119e+01   2.701993e+06   0.000000e+00   3946s
  143688    6.8738410e+01   1.596794e+06   0.000000e+00   3953s
  143818    6.8749662e+01   8.703481e+06   0.000000e+00   3959s
  143948    6.8760332e+01   1.786778e+06   0.000000e+00   3966s
  144078    6.8770340e+01   4.757337e+06   0.000000e+00   3972s
  144198    6.8779702e+01   2.033398e+05   0.000000e+00   3979s
  144328    6.8791859e+01   3.852043e+06   0.000000e+00   3985s
  144448    6.8803909e+01   9.966130e+05   0.000000e+00   3992s
  144578    6.8815108e+01   3.168846e+05   0.000000e+00   3998s
  144698    6.8825648e+01   1.697989e+06   0.000000e+00   4005s
  144828    6.8838011e+01   1.187508e+06   0.000000e+00   4011s
  144968    6.8851255e+01   1.685805e+05   0.000000e+00   4019s
  145098    6.8864355e+01   5.046504e+05   0.000000e+00   4025s
  145238    6.8876207e+01   1.278515e+07   0.000000e+00   4032s
  145368    6.8886056e+01   1.680636e+06   0.000000e+00   4038s
  145498    6.8897887e+01   9.816085e+04   0.000000e+00   4045s
  145628    6.8907536e+01   3.837454e+05   0.000000e+00   4052s
  145758    6.8922083e+01   1.269433e+06   0.000000e+00   4058s
  145888    6.8939000e+01   1.396745e+06   0.000000e+00   4065s
  146018    6.8951244e+01   6.358002e+05   0.000000e+00   4072s
  146148    6.8963357e+01   1.321018e+06   0.000000e+00   4079s
  146268    6.8977154e+01   4.561494e+05   0.000000e+00   4085s
  146388    6.8987627e+01   5.050482e+05   0.000000e+00   4091s
  146518    6.9001411e+01   9.544876e+06   0.000000e+00   4098s
  146648    6.9012663e+01   7.243823e+05   0.000000e+00   4105s
  146778    6.9024776e+01   3.267178e+06   0.000000e+00   4112s
  146898    6.9037098e+01   1.335370e+06   0.000000e+00   4118s
  147028    6.9049641e+01   8.841410e+05   0.000000e+00   4125s
  147148    6.9065302e+01   8.114935e+05   0.000000e+00   4131s
  147268    6.9079535e+01   6.599038e+05   0.000000e+00   4138s
  147388    6.9096565e+01   2.396167e+05   0.000000e+00   4144s
  147518    6.9111475e+01   4.079343e+06   0.000000e+00   4151s
  147638    6.9124225e+01   3.798587e+05   0.000000e+00   4157s
  147768    6.9135359e+01   1.094253e+05   0.000000e+00   4164s
  147888    6.9144079e+01   1.248665e+06   0.000000e+00   4170s
  148018    6.9155367e+01   1.252523e+06   0.000000e+00   4177s
  148138    6.9164657e+01   2.325750e+05   0.000000e+00   4183s
  148258    6.9174806e+01   3.989353e+06   0.000000e+00   4189s
  148378    6.9183966e+01   4.041201e+05   0.000000e+00   4195s
  148498    6.9193237e+01   6.464700e+06   0.000000e+00   4202s
  148628    6.9204499e+01   9.535074e+05   0.000000e+00   4208s
  148748    6.9216311e+01   2.175533e+06   0.000000e+00   4215s
  148868    6.9227424e+01   2.148644e+05   0.000000e+00   4221s
  148998    6.9236303e+01   2.128278e+05   0.000000e+00   4228s
  149128    6.9244803e+01   1.252779e+06   0.000000e+00   4234s
  149258    6.9256042e+01   2.065281e+06   0.000000e+00   4241s
  149388    6.9263962e+01   8.607094e+05   0.000000e+00   4248s
  149518    6.9274420e+01   1.022029e+07   0.000000e+00   4255s
  149648    6.9282643e+01   1.940718e+06   0.000000e+00   4262s
  149768    6.9293571e+01   3.742578e+05   0.000000e+00   4268s
  149898    6.9308038e+01   5.654470e+04   0.000000e+00   4275s
  150028    6.9318669e+01   7.930990e+05   0.000000e+00   4282s
  150148    6.9328779e+01   3.648679e+07   0.000000e+00   4288s
  150268    6.9340331e+01   3.967843e+06   0.000000e+00   4295s
  150388    6.9349550e+01   1.529196e+06   0.000000e+00   4301s
  150518    6.9359238e+01   3.422900e+06   0.000000e+00   4308s
  150648    6.9370124e+01   1.836708e+06   0.000000e+00   4315s
  150778    6.9381189e+01   1.490682e+05   0.000000e+00   4322s
  150908    6.9391229e+01   2.125347e+05   0.000000e+00   4329s
  151048    6.9403649e+01   2.158112e+05   0.000000e+00   4336s
  151168    6.9415115e+01   3.499061e+05   0.000000e+00   4343s
  151288    6.9425335e+01   1.152484e+06   0.000000e+00   4349s
  151408    6.9434096e+01   8.005554e+06   0.000000e+00   4356s
  151528    6.9442337e+01   3.051620e+05   0.000000e+00   4362s
  151658    6.9456857e+01   1.916691e+06   0.000000e+00   4369s
  151788    6.9467840e+01   4.305125e+05   0.000000e+00   4376s
  151918    6.9476960e+01   2.048646e+07   0.000000e+00   4383s
  152048    6.9488526e+01   5.118881e+05   0.000000e+00   4390s
  152178    6.9498265e+01   1.095356e+06   0.000000e+00   4397s
  152308    6.9508165e+01   2.367898e+05   0.000000e+00   4404s
  152438    6.9517652e+01   1.957849e+05   0.000000e+00   4411s
  152568    6.9527268e+01   1.487040e+06   0.000000e+00   4418s
  152698    6.9538641e+01   5.877646e+06   0.000000e+00   4425s
  152828    6.9547916e+01   3.164100e+05   0.000000e+00   4432s
  152948    6.9555659e+01   2.945992e+06   0.000000e+00   4439s
  153068    6.9566443e+01   1.884057e+06   0.000000e+00   4445s
  153198    6.9575409e+01   2.029081e+06   0.000000e+00   4452s
  153328    6.9584866e+01   7.793680e+06   0.000000e+00   4459s
  153448    6.9594902e+01   1.318220e+06   0.000000e+00   4466s
  153568    6.9604386e+01   7.932731e+05   0.000000e+00   4472s
  153688    6.9612547e+01   8.314368e+05   0.000000e+00   4479s
  153808    6.9622197e+01   7.624564e+06   0.000000e+00   4485s
  153928    6.9630702e+01   9.687390e+05   0.000000e+00   4492s
  154048    6.9642024e+01   1.829215e+05   0.000000e+00   4498s
  154168    6.9652555e+01   2.444278e+05   0.000000e+00   4505s
  154298    6.9659788e+01   2.358680e+06   0.000000e+00   4512s
  154418    6.9670242e+01   1.357115e+05   0.000000e+00   4518s
  154538    6.9679125e+01   1.836888e+06   0.000000e+00   4525s
  154658    6.9686327e+01   2.242247e+06   0.000000e+00   4531s
  154778    6.9695719e+01   1.825680e+05   0.000000e+00   4538s
  154898    6.9703871e+01   8.826023e+05   0.000000e+00   4545s
  155018    6.9713524e+01   1.424424e+05   0.000000e+00   4551s
  155138    6.9723639e+01   8.638675e+05   0.000000e+00   4558s
  155258    6.9732796e+01   2.299902e+05   0.000000e+00   4564s
  155388    6.9743935e+01   1.067619e+06   0.000000e+00   4571s
  155508    6.9752606e+01   9.248839e+05   0.000000e+00   4578s
  155628    6.9760650e+01   1.056085e+06   0.000000e+00   4585s
  155748    6.9768820e+01   4.693268e+06   0.000000e+00   4591s
  155868    6.9775449e+01   1.678164e+06   0.000000e+00   4597s
  155988    6.9784076e+01   7.295676e+05   0.000000e+00   4604s
  156108    6.9792454e+01   9.878663e+06   0.000000e+00   4611s
  156228    6.9799599e+01   1.098259e+06   0.000000e+00   4617s
  156348    6.9810631e+01   9.105376e+05   0.000000e+00   4624s
  156468    6.9817881e+01   3.856126e+06   0.000000e+00   4630s
  156588    6.9826712e+01   5.061270e+05   0.000000e+00   4637s
  156708    6.9833491e+01   1.212921e+05   0.000000e+00   4643s
  156828    6.9843049e+01   1.399051e+06   0.000000e+00   4650s
  156958    6.9851955e+01   3.407316e+06   0.000000e+00   4656s
  157088    6.9859437e+01   1.014906e+06   0.000000e+00   4663s
  157218    6.9868556e+01   3.678672e+05   0.000000e+00   4671s
  157348    6.9879336e+01   6.398992e+07   0.000000e+00   4678s
  157468    6.9885759e+01   1.299953e+07   0.000000e+00   4684s
  157598    6.9893536e+01   2.575987e+07   0.000000e+00   4691s
  157728    6.9902820e+01   5.869680e+07   0.000000e+00   4698s
  157848    6.9909867e+01   1.114441e+06   0.000000e+00   4705s
  157978    6.9920120e+01   1.055981e+06   0.000000e+00   4712s
  158108    6.9926879e+01   3.277065e+05   0.000000e+00   4719s
  158238    6.9936097e+01   2.368086e+06   0.000000e+00   4726s
  158368    6.9943481e+01   1.464512e+05   0.000000e+00   4734s
  158488    6.9953168e+01   2.679946e+06   0.000000e+00   4740s
  158608    6.9962393e+01   2.153715e+06   0.000000e+00   4747s
  158738    6.9970461e+01   3.261792e+06   0.000000e+00   4754s
  158868    6.9980322e+01   2.485612e+05   0.000000e+00   4761s
  158988    6.9988224e+01   3.315039e+05   0.000000e+00   4768s
  159108    6.9994293e+01   1.970185e+07   0.000000e+00   4775s
  159228    7.0001139e+01   2.351677e+07   0.000000e+00   4782s
  159358    7.0006503e+01   2.162516e+06   0.000000e+00   4789s
  159488    7.0015054e+01   1.659328e+06   0.000000e+00   4796s
  159628    7.0026034e+01   8.007555e+05   0.000000e+00   4804s
  159758    7.0034651e+01   1.506135e+06   0.000000e+00   4811s
  159888    7.0042118e+01   5.393565e+05   0.000000e+00   4818s
  160018    7.0050323e+01   8.486320e+05   0.000000e+00   4825s
  160148    7.0058663e+01   9.673510e+05   0.000000e+00   4832s
  160278    7.0065259e+01   2.272012e+06   0.000000e+00   4839s
  160398    7.0073228e+01   5.628689e+05   0.000000e+00   4846s
  160528    7.0083816e+01   1.350170e+06   0.000000e+00   4853s
  160648    7.0091864e+01   6.864459e+05   0.000000e+00   4860s
  160768    7.0099392e+01   1.801368e+05   0.000000e+00   4867s
  160898    7.0107963e+01   1.656502e+06   0.000000e+00   4874s
  161018    7.0116215e+01   8.082089e+05   0.000000e+00   4881s
  161138    7.0122489e+01   2.020203e+06   0.000000e+00   4887s
  161258    7.0130266e+01   7.924949e+05   0.000000e+00   4894s
  161378    7.0137434e+01   3.696219e+05   0.000000e+00   4901s
  161498    7.0142667e+01   1.664042e+06   0.000000e+00   4908s
  161628    7.0149437e+01   4.216779e+06   0.000000e+00   4915s
  161758    7.0156402e+01   4.772301e+06   0.000000e+00   4922s
  161878    7.0164073e+01   6.239143e+04   0.000000e+00   4929s
  161998    7.0174325e+01   3.116181e+06   0.000000e+00   4936s
  162128    7.0183376e+01   1.608740e+06   0.000000e+00   4943s
  162248    7.0190026e+01   3.111500e+06   0.000000e+00   4950s
  162368    7.0197218e+01   1.526131e+06   0.000000e+00   4957s
  162488    7.0205863e+01   2.394724e+06   0.000000e+00   4964s
  162618    7.0214170e+01   8.198832e+05   0.000000e+00   4971s
  162748    7.0221128e+01   1.679192e+07   0.000000e+00   4978s
  162868    7.0228756e+01   5.547814e+06   0.000000e+00   4985s
  162998    7.0239235e+01   1.164120e+07   0.000000e+00   4992s
  163128    7.0246941e+01   6.122435e+05   0.000000e+00   4999s
  163258    7.0256290e+01   2.861701e+07   0.000000e+00   5006s
  163388    7.0264398e+01   7.243326e+06   0.000000e+00   5014s
  163518    7.0272018e+01   7.291320e+05   0.000000e+00   5021s
  163648    7.0277936e+01   2.017316e+05   0.000000e+00   5028s
  163778    7.0285464e+01   1.677878e+06   0.000000e+00   5036s
  163908    7.0291636e+01   1.849782e+06   0.000000e+00   5043s
  164048    7.0298360e+01   1.068760e+06   0.000000e+00   5051s
  164188    7.0305928e+01   2.642488e+05   0.000000e+00   5058s
  164328    7.0312901e+01   3.254682e+06   0.000000e+00   5066s
  164468    7.0318907e+01   8.002328e+06   0.000000e+00   5074s
  164608    7.0328094e+01   3.537678e+06   0.000000e+00   5081s
  164738    7.0336926e+01   2.888565e+07   0.000000e+00   5088s
  164878    7.0344215e+01   4.283394e+06   0.000000e+00   5096s
  165008    7.0353063e+01   6.506038e+06   0.000000e+00   5104s
  165138    7.0358591e+01   9.141777e+06   0.000000e+00   5111s
  165268    7.0365329e+01   3.107984e+06   0.000000e+00   5118s
  165388    7.0374183e+01   2.330400e+06   0.000000e+00   5125s
  165528    7.0382459e+01   8.718750e+05   0.000000e+00   5133s
  165658    7.0390895e+01   8.655641e+05   0.000000e+00   5141s
  165798    7.0397189e+01   5.513131e+06   0.000000e+00   5149s
  165948    7.0407126e+01   1.611274e+06   0.000000e+00   5157s
  166088    7.0415630e+01   2.203206e+06   0.000000e+00   5165s
  166218    7.0424324e+01   4.636406e+06   0.000000e+00   5173s
  166348    7.0434182e+01   1.237646e+07   0.000000e+00   5180s
  166488    7.0444151e+01   9.408499e+05   0.000000e+00   5188s
  166618    7.0453386e+01   5.944240e+06   0.000000e+00   5196s
  166748    7.0459437e+01   1.050009e+06   0.000000e+00   5204s
  166878    7.0467547e+01   3.515162e+06   0.000000e+00   5211s
  167008    7.0475950e+01   4.463754e+08   0.000000e+00   5219s
  167138    7.0483151e+01   1.338341e+07   0.000000e+00   5227s
  167258    7.0494053e+01   6.600904e+06   0.000000e+00   5234s
  167388    7.0500694e+01   9.636348e+06   0.000000e+00   5242s
  167518    7.0507936e+01   8.094454e+07   0.000000e+00   5249s
  167648    7.0513528e+01   6.378339e+05   0.000000e+00   5257s
  167788    7.0520937e+01   1.031131e+06   0.000000e+00   5265s
  167928    7.0528282e+01   9.636819e+06   0.000000e+00   5273s
  168068    7.0535401e+01   4.161431e+07   0.000000e+00   5281s
  168198    7.0542822e+01   1.734689e+06   0.000000e+00   5289s
  168318    7.0549445e+01   2.891638e+06   0.000000e+00   5296s
  168448    7.0555424e+01   2.964573e+05   0.000000e+00   5304s
  168588    7.0561169e+01   1.930603e+05   0.000000e+00   5312s
  168718    7.0569660e+01   1.395043e+07   0.000000e+00   5320s
  168858    7.0578176e+01   3.786213e+06   0.000000e+00   5328s
  169008    7.0587342e+01   6.359121e+05   0.000000e+00   5336s
  169148    7.0593823e+01   2.682417e+07   0.000000e+00   5345s
  169288    7.0601131e+01   1.841438e+06   0.000000e+00   5353s
  169418    7.0608389e+01   8.888205e+07   0.000000e+00   5361s
  169558    7.0615463e+01   2.595059e+05   0.000000e+00   5369s
  169698    7.0621870e+01   8.817793e+06   0.000000e+00   5378s
  169848    7.0630503e+01   7.237069e+06   0.000000e+00   5386s
  169988    7.0638863e+01   1.453043e+07   0.000000e+00   5395s
  170118    7.0646549e+01   1.327694e+06   0.000000e+00   5403s
  170248    7.0653278e+01   6.442079e+06   0.000000e+00   5411s
  170378    7.0658506e+01   1.925276e+07   0.000000e+00   5419s
  170518    7.0666038e+01   6.187685e+06   0.000000e+00   5427s
  170648    7.0671698e+01   2.062495e+06   0.000000e+00   5435s
  170778    7.0679053e+01   2.152948e+06   0.000000e+00   5443s
  170918    7.0686954e+01   1.726927e+05   0.000000e+00   5452s
  171058    7.0693123e+01   1.123852e+07   0.000000e+00   5460s
  171198    7.0698584e+01   4.279170e+06   0.000000e+00   5469s
  171338    7.0704450e+01   1.291359e+06   0.000000e+00   5478s
  171468    7.0709707e+01   2.063149e+07   0.000000e+00   5486s
  171598    7.0714884e+01   4.342924e+07   0.000000e+00   5494s
  171738    7.0721542e+01   8.134958e+07   0.000000e+00   5502s
  171868    7.0726870e+01   1.160478e+06   0.000000e+00   5511s
  172008    7.0734455e+01   2.681862e+06   0.000000e+00   5519s
  172138    7.0740310e+01   3.817076e+05   0.000000e+00   5528s
  172268    7.0747608e+01   3.924135e+07   0.000000e+00   5536s
  172398    7.0752988e+01   9.274330e+05   0.000000e+00   5544s
  172528    7.0760237e+01   3.231334e+06   0.000000e+00   5553s
  172658    7.0766921e+01   9.322803e+05   0.000000e+00   5561s
  172798    7.0774316e+01   4.475745e+05   0.000000e+00   5570s
  172928    7.0780636e+01   1.855532e+07   0.000000e+00   5578s
  173068    7.0788614e+01   7.637885e+06   0.000000e+00   5587s
  173198    7.0795276e+01   4.524325e+06   0.000000e+00   5595s
  173338    7.0803687e+01   4.549956e+06   0.000000e+00   5604s
  173478    7.0809986e+01   6.729865e+05   0.000000e+00   5612s
  173618    7.0817217e+01   3.568979e+06   0.000000e+00   5621s
  173758    7.0824285e+01   3.029804e+06   0.000000e+00   5630s
  173888    7.0830920e+01   2.043468e+07   0.000000e+00   5639s
  174018    7.0838181e+01   3.276155e+05   0.000000e+00   5647s
  174158    7.0844611e+01   2.680462e+06   0.000000e+00   5656s
  174298    7.0850899e+01   5.367444e+06   0.000000e+00   5665s
  174438    7.0859120e+01   3.792439e+06   0.000000e+00   5674s
  174568    7.0866120e+01   2.805907e+06   0.000000e+00   5683s
  174698    7.0871821e+01   1.128590e+07   0.000000e+00   5692s
  174838    7.0879553e+01   8.561789e+06   0.000000e+00   5701s
  174968    7.0884964e+01   7.420780e+06   0.000000e+00   5709s
  175098    7.0891554e+01   2.301440e+07   0.000000e+00   5718s
  175228    7.0898451e+01   1.115763e+06   0.000000e+00   5727s
  175358    7.0904433e+01   1.260999e+06   0.000000e+00   5735s
  175498    7.0909974e+01   2.682334e+05   0.000000e+00   5744s
  175628    7.0916178e+01   2.073586e+05   0.000000e+00   5753s
  175768    7.0923463e+01   5.684057e+06   0.000000e+00   5762s
  175888    7.0930094e+01   1.810839e+06   0.000000e+00   5770s
  176028    7.0937047e+01   4.363468e+06   0.000000e+00   5779s
  176168    7.0944008e+01   8.616275e+05   0.000000e+00   5788s
  176308    7.0951086e+01   1.924180e+07   0.000000e+00   5797s
  176438    7.0957481e+01   1.422932e+06   0.000000e+00   5806s
  176568    7.0965002e+01   3.681309e+05   0.000000e+00   5815s
  176698    7.0974011e+01   4.169804e+06   0.000000e+00   5824s
  176828    7.0980342e+01   2.809042e+07   0.000000e+00   5832s
  176958    7.0986882e+01   1.286846e+07   0.000000e+00   5841s
  177088    7.0994563e+01   7.394809e+05   0.000000e+00   5850s
  177228    7.1004890e+01   6.862117e+06   0.000000e+00   5859s
  177358    7.1011362e+01   1.682239e+06   0.000000e+00   5868s
  177488    7.1019505e+01   6.633114e+06   0.000000e+00   5876s
  177628    7.1027219e+01   3.577902e+05   0.000000e+00   5885s
  177758    7.1033886e+01   6.823394e+06   0.000000e+00   5894s
  177898    7.1040100e+01   1.382194e+06   0.000000e+00   5903s
  178028    7.1045784e+01   4.324472e+07   0.000000e+00   5912s
  178158    7.1051037e+01   8.540322e+06   0.000000e+00   5921s
  178288    7.1057360e+01   2.264880e+07   0.000000e+00   5930s
  178418    7.1063968e+01   1.251774e+05   0.000000e+00   5938s
  178548    7.1070100e+01   8.763961e+06   0.000000e+00   5947s
  178678    7.1075298e+01   1.261659e+06   0.000000e+00   5956s
  178808    7.1080037e+01   8.206278e+06   0.000000e+00   5965s
  178928    7.1084808e+01   8.193625e+06   0.000000e+00   5973s
  179058    7.1089162e+01   1.932379e+07   0.000000e+00   5982s
  179188    7.1094895e+01   1.694350e+06   0.000000e+00   5991s
  179308    7.1100258e+01   1.242762e+07   0.000000e+00   5999s
  179438    7.1107346e+01   3.834393e+05   0.000000e+00   6008s
  179568    7.1115310e+01   5.184194e+05   0.000000e+00   6017s
  179698    7.1120668e+01   3.604360e+06   0.000000e+00   6026s
  179828    7.1127439e+01   1.842800e+05   0.000000e+00   6035s
  179958    7.1134502e+01   2.639801e+07   0.000000e+00   6043s
  180088    7.1141444e+01   2.818113e+07   0.000000e+00   6052s
  180218    7.1146628e+01   2.103342e+05   0.000000e+00   6061s
  180348    7.1153154e+01   1.268006e+07   0.000000e+00   6070s
  180478    7.1159295e+01   2.381715e+07   0.000000e+00   6079s
  180618    7.1164451e+01   6.834253e+06   0.000000e+00   6088s
  180748    7.1169525e+01   1.237926e+06   0.000000e+00   6097s
  180878    7.1173945e+01   4.394437e+06   0.000000e+00   6106s
  181018    7.1180958e+01   1.696979e+07   0.000000e+00   6115s
  181148    7.1188768e+01   2.022144e+06   0.000000e+00   6125s
  181278    7.1196426e+01   1.432564e+07   0.000000e+00   6134s
  181408    7.1203974e+01   7.435468e+06   0.000000e+00   6143s
  181548    7.1212222e+01   4.639444e+06   0.000000e+00   6152s
  181678    7.1219026e+01   1.084875e+06   0.000000e+00   6161s
  181818    7.1227438e+01   5.132355e+06   0.000000e+00   6170s
  181958    7.1235128e+01   6.459259e+05   0.000000e+00   6180s
  182088    7.1241550e+01   2.857316e+07   0.000000e+00   6189s
  182208    7.1248327e+01   8.821799e+07   0.000000e+00   6197s
  182328    7.1254011e+01   6.035569e+07   0.000000e+00   6206s
  182468    7.1261254e+01   1.684831e+06   0.000000e+00   6215s
  182598    7.1269695e+01   1.182759e+07   0.000000e+00   6224s
  182728    7.1277494e+01   6.283716e+05   0.000000e+00   6233s
  182858    7.1284366e+01   1.739882e+06   0.000000e+00   6242s
  182998    7.1290332e+01   6.869786e+06   0.000000e+00   6252s
  183138    7.1297339e+01   7.348074e+06   0.000000e+00   6261s
  183268    7.1302910e+01   2.201336e+05   0.000000e+00   6270s
  183408    7.1308857e+01   3.725511e+06   0.000000e+00   6279s
  183548    7.1316960e+01   2.762087e+05   0.000000e+00   6289s
  183688    7.1326428e+01   1.062172e+06   0.000000e+00   6299s
  183828    7.1333006e+01   8.023701e+05   0.000000e+00   6308s
  183958    7.1340216e+01   3.962897e+06   0.000000e+00   6317s
  184088    7.1347350e+01   6.818545e+06   0.000000e+00   6327s
  184218    7.1353933e+01   5.306007e+06   0.000000e+00   6336s
  184348    7.1360506e+01   1.802581e+07   0.000000e+00   6345s
  184478    7.1367724e+01   5.987307e+06   0.000000e+00   6354s
  184608    7.1373509e+01   2.451556e+06   0.000000e+00   6363s
  184738    7.1381373e+01   8.099230e+05   0.000000e+00   6372s
  184868    7.1390337e+01   2.234190e+06   0.000000e+00   6382s
  184998    7.1398040e+01   6.042689e+06   0.000000e+00   6391s
  185138    7.1404851e+01   1.425272e+07   0.000000e+00   6401s
  185268    7.1410990e+01   6.099232e+06   0.000000e+00   6410s
  185408    7.1416440e+01   3.706984e+05   0.000000e+00   6419s
  185538    7.1423922e+01   6.174480e+06   0.000000e+00   6429s
  185678    7.1429936e+01   1.272914e+06   0.000000e+00   6438s
  185818    7.1434535e+01   6.113695e+06   0.000000e+00   6448s
  185958    7.1440377e+01   5.901730e+05   0.000000e+00   6457s
  186098    7.1445715e+01   5.849279e+06   0.000000e+00   6467s
  186238    7.1451232e+01   1.119189e+06   0.000000e+00   6476s
  186388    7.1455259e+01   4.727268e+05   0.000000e+00   6486s
  186538    7.1459653e+01   6.649270e+06   0.000000e+00   6496s
  186678    7.1464731e+01   1.695459e+06   0.000000e+00   6505s
  186818    7.1470953e+01   1.586527e+07   0.000000e+00   6515s
  186948    7.1476712e+01   2.294915e+07   0.000000e+00   6524s
  187088    7.1482150e+01   1.205244e+06   0.000000e+00   6534s
  187228    7.1486657e+01   8.450638e+06   0.000000e+00   6543s
  187358    7.1492520e+01   2.177983e+07   0.000000e+00   6552s
  187488    7.1498469e+01   1.159979e+07   0.000000e+00   6561s
  187638    7.1505447e+01   8.242906e+06   0.000000e+00   6571s
  187778    7.1511773e+01   7.155522e+06   0.000000e+00   6581s
  187928    7.1518685e+01   2.319499e+07   0.000000e+00   6591s
  188068    7.1523808e+01   3.725994e+07   0.000000e+00   6601s
  188208    7.1528882e+01   7.686409e+06   0.000000e+00   6611s
  188348    7.1534579e+01   8.631405e+06   0.000000e+00   6621s
  188488    7.1540260e+01   2.050096e+06   0.000000e+00   6630s
  188628    7.1544764e+01   1.490233e+08   0.000000e+00   6640s
  188758    7.1550504e+01   5.583612e+06   0.000000e+00   6649s
  188898    7.1556796e+01   2.065762e+06   0.000000e+00   6659s
  189038    7.1562334e+01   2.234833e+07   0.000000e+00   6668s
  189188    7.1567600e+01   1.835869e+07   0.000000e+00   6678s
  189338    7.1572834e+01   5.141690e+07   0.000000e+00   6689s
  189488    7.1577840e+01   7.488616e+06   0.000000e+00   6699s
  189638    7.1584017e+01   1.197516e+07   0.000000e+00   6709s
  189788    7.1589239e+01   3.960995e+06   0.000000e+00   6720s
  189938    7.1595567e+01   2.681854e+06   0.000000e+00   6730s
  190078    7.1600248e+01   6.050177e+06   0.000000e+00   6740s
  190218    7.1605238e+01   3.263540e+06   0.000000e+00   6750s
  190368    7.1609898e+01   2.051331e+07   0.000000e+00   6760s
  190518    7.1615868e+01   9.230653e+06   0.000000e+00   6770s
  190658    7.1621458e+01   1.406395e+07   0.000000e+00   6780s
  190808    7.1627241e+01   7.141482e+06   0.000000e+00   6790s
  190948    7.1633148e+01   2.404982e+07   0.000000e+00   6800s
  191078    7.1638174e+01   2.058056e+05   0.000000e+00   6810s
  191208    7.1643898e+01   1.583716e+06   0.000000e+00   6819s
  191338    7.1648667e+01   5.962196e+06   0.000000e+00   6829s
  191468    7.1654467e+01   5.516736e+05   0.000000e+00   6839s
  191608    7.1660714e+01   1.537700e+06   0.000000e+00   6849s
  191738    7.1664358e+01   7.220260e+06   0.000000e+00   6859s
  191878    7.1668762e+01   6.899854e+05   0.000000e+00   6869s
  192018    7.1674480e+01   7.746213e+06   0.000000e+00   6879s
  192158    7.1680594e+01   5.629418e+05   0.000000e+00   6889s
  192308    7.1686762e+01   2.607648e+07   0.000000e+00   6899s
  192458    7.1692704e+01   6.038664e+06   0.000000e+00   6910s
  192608    7.1698343e+01   6.507522e+05   0.000000e+00   6921s
  192758    7.1703773e+01   3.212755e+06   0.000000e+00   6932s
  192908    7.1708811e+01   2.096692e+07   0.000000e+00   6942s
  193058    7.1714576e+01   1.139895e+07   0.000000e+00   6953s
  193188    7.1719631e+01   2.849275e+06   0.000000e+00   6963s
  193328    7.1725591e+01   3.945739e+07   0.000000e+00   6974s
  193468    7.1731166e+01   2.600642e+07   0.000000e+00   6984s
  193608    7.1737167e+01   3.411884e+06   0.000000e+00   6994s
  193748    7.1742055e+01   8.122857e+04   0.000000e+00   7005s
  193888    7.1749245e+01   3.110174e+07   0.000000e+00   7015s
  194028    7.1756618e+01   1.162825e+06   0.000000e+00   7026s
  194168    7.1762207e+01   4.224946e+05   0.000000e+00   7036s
  194308    7.1768888e+01   2.034483e+06   0.000000e+00   7046s
  194458    7.1776366e+01   3.803993e+08   0.000000e+00   7057s
  194608    7.1782054e+01   6.289013e+06   0.000000e+00   7068s
  194748    7.1788766e+01   9.388645e+06   0.000000e+00   7079s
  194878    7.1794850e+01   6.167678e+06   0.000000e+00   7089s
  195018    7.1800853e+01   8.147965e+06   0.000000e+00   7100s
  195148    7.1806270e+01   4.687261e+06   0.000000e+00   7110s
  195278    7.1812820e+01   8.055182e+05   0.000000e+00   7120s
  195428    7.1817741e+01   8.951300e+06   0.000000e+00   7131s
  195578    7.1821901e+01   5.904811e+06   0.000000e+00   7142s
  195718    7.1827087e+01   6.219149e+06   0.000000e+00   7152s
  195848    7.1832753e+01   1.948914e+07   0.000000e+00   7163s
  195998    7.1838392e+01   1.665552e+06   0.000000e+00   7174s
  196138    7.1845590e+01   2.600754e+06   0.000000e+00   7185s
  196268    7.1852127e+01   1.480161e+07   0.000000e+00   7195s
  196398    7.1859127e+01   5.604884e+06   0.000000e+00   7205s
  196528    7.1865624e+01   4.412027e+07   0.000000e+00   7215s
  196668    7.1872363e+01   1.501894e+07   0.000000e+00   7226s
  196808    7.1877128e+01   1.594454e+05   0.000000e+00   7236s
  196958    7.1883516e+01   9.271807e+05   0.000000e+00   7248s
  197088    7.1888597e+01   1.085694e+06   0.000000e+00   7258s
  197228    7.1893508e+01   6.204026e+07   0.000000e+00   7268s
  197388    7.1898270e+01   8.210350e+07   0.000000e+00   7279s
  197548    7.1902354e+01   1.493846e+07   0.000000e+00   7290s
  197688    7.1905821e+01   2.201898e+06   0.000000e+00   7300s
  197838    7.1909293e+01   8.317260e+07   0.000000e+00   7311s
  197998    7.1912725e+01   2.014374e+08   0.000000e+00   7322s
  198158    7.1917248e+01   1.043511e+08   0.000000e+00   7333s
  198318    7.1921321e+01   2.485091e+06   0.000000e+00   7344s
  198468    7.1924601e+01   1.469437e+08   0.000000e+00   7355s
  198638    7.1928776e+01   5.270038e+07   0.000000e+00   7367s
  198808    7.1935314e+01   6.092880e+06   0.000000e+00   7378s
  198978    7.1942101e+01   1.925717e+07   0.000000e+00   7390s
  199128    7.1946856e+01   2.901188e+07   0.000000e+00   7402s
  199268    7.1951943e+01   2.074510e+07   0.000000e+00   7412s
  199418    7.1956568e+01   1.272941e+07   0.000000e+00   7423s
  199568    7.1961815e+01   3.729372e+08   0.000000e+00   7434s
  199718    7.1966141e+01   4.127004e+06   0.000000e+00   7445s
  199858    7.1970840e+01   2.538457e+07   0.000000e+00   7456s
  200008    7.1976661e+01   2.535538e+06   0.000000e+00   7467s
  200148    7.1982647e+01   6.177925e+06   0.000000e+00   7478s
  200288    7.1987481e+01   8.057511e+06   0.000000e+00   7489s
  200438    7.1993283e+01   1.466550e+07   0.000000e+00   7500s
  200588    7.1998061e+01   4.296687e+06   0.000000e+00   7512s
  200728    7.2004450e+01   2.233974e+06   0.000000e+00   7524s
  200878    7.2009506e+01   1.921683e+07   0.000000e+00   7535s
  201018    7.2013926e+01   4.437999e+06   0.000000e+00   7546s
  201158    7.2018088e+01   2.812487e+07   0.000000e+00   7557s
  201298    7.2023093e+01   1.459282e+05   0.000000e+00   7568s
  201438    7.2029190e+01   5.177005e+06   0.000000e+00   7579s
  201588    7.2035174e+01   7.777208e+06   0.000000e+00   7591s
  201728    7.2040746e+01   1.278200e+06   0.000000e+00   7602s
  201868    7.2045230e+01   3.370580e+06   0.000000e+00   7613s
  202018    7.2049677e+01   5.322528e+06   0.000000e+00   7625s
  202178    7.2054946e+01   4.255443e+06   0.000000e+00   7637s
  202328    7.2060712e+01   6.558283e+05   0.000000e+00   7649s
  202478    7.2066357e+01   1.436767e+06   0.000000e+00   7661s
  202628    7.2071860e+01   9.672923e+05   0.000000e+00   7673s
  202768    7.2076857e+01   1.185677e+06   0.000000e+00   7684s
  202908    7.2082297e+01   2.028356e+06   0.000000e+00   7695s
  203048    7.2088466e+01   3.556227e+06   0.000000e+00   7707s
  203198    7.2092600e+01   1.368132e+06   0.000000e+00   7718s
  203348    7.2097130e+01   5.800662e+06   0.000000e+00   7730s
  203498    7.2104043e+01   1.256037e+06   0.000000e+00   7743s
  203648    7.2110106e+01   1.379728e+06   0.000000e+00   7755s
  203788    7.2116316e+01   4.941776e+06   0.000000e+00   7766s
  203938    7.2121586e+01   1.217870e+06   0.000000e+00   7778s
  204088    7.2127050e+01   4.332643e+06   0.000000e+00   7789s
  204228    7.2133794e+01   2.579250e+06   0.000000e+00   7801s
  204378    7.2139486e+01   2.805293e+06   0.000000e+00   7813s
  204528    7.2147402e+01   7.531545e+06   0.000000e+00   7825s
  204668    7.2153267e+01   1.763786e+06   0.000000e+00   7837s
  204818    7.2160853e+01   4.099956e+05   0.000000e+00   7849s
  204958    7.2166138e+01   7.366868e+06   0.000000e+00   7861s
  205108    7.2172288e+01   2.441281e+06   0.000000e+00   7873s
  205248    7.2177483e+01   9.784535e+06   0.000000e+00   7885s
  205388    7.2184196e+01   1.143342e+07   0.000000e+00   7897s
  205528    7.2189900e+01   2.148965e+06   0.000000e+00   7908s
  205668    7.2197324e+01   6.442135e+06   0.000000e+00   7920s
  205808    7.2203546e+01   1.164400e+06   0.000000e+00   7931s
  205948    7.2209121e+01   7.248683e+06   0.000000e+00   7943s
  206098    7.2215351e+01   1.144841e+06   0.000000e+00   7955s
  206238    7.2221154e+01   8.600529e+05   0.000000e+00   7967s
  206378    7.2226442e+01   2.561149e+06   0.000000e+00   7979s
  206518    7.2233500e+01   1.399900e+05   0.000000e+00   7991s
  206658    7.2238761e+01   3.748739e+05   0.000000e+00   8003s
  206798    7.2243623e+01   1.528469e+06   0.000000e+00   8015s
  206938    7.2248709e+01   8.579517e+06   0.000000e+00   8027s
  207078    7.2252876e+01   2.400472e+07   0.000000e+00   8039s
  207228    7.2258130e+01   1.617514e+06   0.000000e+00   8051s
  207368    7.2264855e+01   1.427533e+07   0.000000e+00   8063s
  207518    7.2271116e+01   2.228147e+06   0.000000e+00   8076s
  207658    7.2278316e+01   2.554845e+05   0.000000e+00   8089s
  207808    7.2284747e+01   2.237889e+06   0.000000e+00   8101s
  207958    7.2292361e+01   5.456200e+06   0.000000e+00   8114s
  208118    7.2298703e+01   2.712679e+06   0.000000e+00   8127s
  208258    7.2303160e+01   1.601739e+06   0.000000e+00   8139s
  208398    7.2308506e+01   2.505144e+05   0.000000e+00   8151s
  208538    7.2313203e+01   1.410598e+06   0.000000e+00   8163s
  208678    7.2318353e+01   3.542868e+06   0.000000e+00   8175s
  208808    7.2322712e+01   5.871902e+05   0.000000e+00   8186s
  208948    7.2328191e+01   2.185470e+06   0.000000e+00   8198s
  209098    7.2332047e+01   3.284734e+06   0.000000e+00   8211s
  209258    7.2337263e+01   7.332724e+06   0.000000e+00   8224s
  209408    7.2341896e+01   2.775087e+07   0.000000e+00   8237s
  209558    7.2348043e+01   2.200421e+07   0.000000e+00   8250s
  209698    7.2353400e+01   2.960831e+05   0.000000e+00   8262s
  209828    7.2358606e+01   9.215819e+06   0.000000e+00   8274s
  209958    7.2364261e+01   1.523008e+06   0.000000e+00   8286s
  210098    7.2369778e+01   2.277619e+06   0.000000e+00   8298s
  210238    7.2375355e+01   4.763026e+05   0.000000e+00   8311s
  210378    7.2380574e+01   1.704566e+06   0.000000e+00   8323s
  210508    7.2386159e+01   6.175563e+06   0.000000e+00   8335s
  210648    7.2389821e+01   7.946907e+05   0.000000e+00   8347s
  210788    7.2395151e+01   2.582828e+05   0.000000e+00   8359s
  210928    7.2400551e+01   2.268988e+06   0.000000e+00   8371s
  211078    7.2406259e+01   2.073856e+06   0.000000e+00   8385s
  211218    7.2411603e+01   3.944554e+05   0.000000e+00   8397s
  211348    7.2416720e+01   1.443368e+06   0.000000e+00   8409s
  211488    7.2421697e+01   3.769290e+05   0.000000e+00   8421s
  211628    7.2427569e+01   2.265184e+06   0.000000e+00   8434s
  211768    7.2433383e+01   3.052966e+06   0.000000e+00   8446s
  211918    7.2437623e+01   3.442866e+06   0.000000e+00   8459s
  212058    7.2443480e+01   2.356220e+05   0.000000e+00   8471s
  212208    7.2449945e+01   1.012663e+07   0.000000e+00   8484s
  212358    7.2456312e+01   2.706475e+06   0.000000e+00   8497s
  212508    7.2462267e+01   3.207468e+05   0.000000e+00   8510s
  212658    7.2468890e+01   3.480225e+06   0.000000e+00   8523s
  212808    7.2473813e+01   4.736710e+06   0.000000e+00   8536s
  212938    7.2478590e+01   1.203295e+06   0.000000e+00   8548s
  213078    7.2483791e+01   1.239417e+06   0.000000e+00   8561s
  213218    7.2488945e+01   5.433907e+05   0.000000e+00   8573s
  213348    7.2493417e+01   8.843198e+06   0.000000e+00   8585s
  213488    7.2498791e+01   1.311303e+06   0.000000e+00   8597s
  213638    7.2504544e+01   4.251043e+05   0.000000e+00   8610s
  213788    7.2509770e+01   8.186436e+05   0.000000e+00   8624s
  213918    7.2514075e+01   5.390691e+05   0.000000e+00   8636s
  214068    7.2518064e+01   1.039468e+06   0.000000e+00   8649s
  214208    7.2522486e+01   1.069350e+06   0.000000e+00   8661s
  214358    7.2528039e+01   7.303028e+05   0.000000e+00   8674s
  214508    7.2532812e+01   9.080436e+05   0.000000e+00   8687s
  214648    7.2537993e+01   2.846693e+06   0.000000e+00   8700s
  214788    7.2543612e+01   2.651725e+06   0.000000e+00   8713s
  214928    7.2548226e+01   2.345924e+06   0.000000e+00   8726s
  215068    7.2552670e+01   5.137974e+05   0.000000e+00   8739s
  215208    7.2557421e+01   1.895829e+08   0.000000e+00   8752s
  215348    7.2562496e+01   2.822957e+06   0.000000e+00   8765s
  215488    7.2567310e+01   2.580641e+05   0.000000e+00   8778s
  215628    7.2572413e+01   1.107515e+06   0.000000e+00   8791s
  215778    7.2578136e+01   2.052847e+06   0.000000e+00   8804s
  215928    7.2583123e+01   2.647694e+05   0.000000e+00   8817s
  216068    7.2589337e+01   2.767446e+06   0.000000e+00   8830s
  216208    7.2593749e+01   1.196627e+06   0.000000e+00   8843s
  216348    7.2598912e+01   4.757326e+07   0.000000e+00   8856s
  216488    7.2604095e+01   6.259311e+05   0.000000e+00   8868s
  216638    7.2608668e+01   6.929825e+05   0.000000e+00   8882s
  216788    7.2614342e+01   4.550021e+05   0.000000e+00   8895s
  216938    7.2619573e+01   7.721205e+05   0.000000e+00   8909s
  217098    7.2624811e+01   2.044920e+05   0.000000e+00   8923s
  217248    7.2630482e+01   9.554477e+05   0.000000e+00   8937s
  217398    7.2635529e+01   1.368492e+05   0.000000e+00   8950s
  217548    7.2640326e+01   1.076881e+06   0.000000e+00   8964s
  217698    7.2646522e+01   2.882290e+05   0.000000e+00   8977s
  217838    7.2650802e+01   8.250148e+05   0.000000e+00   8990s
  217968    7.2655393e+01   1.887709e+06   0.000000e+00   9002s
  218108    7.2660578e+01   1.468071e+05   0.000000e+00   9015s
  218248    7.2664489e+01   1.765767e+06   0.000000e+00   9028s
  218388    7.2667805e+01   2.074269e+05   0.000000e+00   9040s
  218528    7.2671254e+01   8.483961e+05   0.000000e+00   9053s
  218668    7.2675847e+01   1.250045e+06   0.000000e+00   9066s
  218808    7.2679881e+01   1.006864e+05   0.000000e+00   9078s
  218958    7.2683149e+01   6.412170e+06   0.000000e+00   9092s
  219098    7.2688352e+01   1.784662e+06   0.000000e+00   9105s
  219238    7.2693863e+01   3.362717e+05   0.000000e+00   9118s
  219368    7.2699668e+01   2.607578e+05   0.000000e+00   9130s
  219508    7.2702888e+01   9.250207e+05   0.000000e+00   9143s
  219648    7.2707074e+01   1.034539e+06   0.000000e+00   9156s
  219778    7.2711985e+01   6.979567e+05   0.000000e+00   9168s
  219918    7.2716526e+01   1.874864e+06   0.000000e+00   9181s
  220058    7.2721184e+01   2.331857e+06   0.000000e+00   9194s
  220198    7.2725571e+01   3.910398e+05   0.000000e+00   9207s
  220328    7.2729415e+01   3.831420e+05   0.000000e+00   9219s
  220468    7.2733235e+01   6.647485e+05   0.000000e+00   9232s
  220608    7.2737126e+01   1.757033e+05   0.000000e+00   9244s
  220748    7.2740428e+01   1.295016e+06   0.000000e+00   9257s
  220888    7.2744526e+01   1.690379e+05   0.000000e+00   9270s
  221028    7.2748466e+01   1.237932e+06   0.000000e+00   9283s
  221158    7.2753077e+01   4.984874e+05   0.000000e+00   9295s
  221298    7.2758208e+01   8.741595e+05   0.000000e+00   9308s
  221448    7.2762915e+01   4.370788e+05   0.000000e+00   9322s
  221598    7.2767179e+01   4.394994e+05   0.000000e+00   9336s
  221738    7.2771307e+01   9.871573e+05   0.000000e+00   9349s
  221868    7.2775775e+01   1.557611e+05   0.000000e+00   9361s
  221998    7.2779046e+01   1.799645e+06   0.000000e+00   9373s
  222118    7.2782427e+01   5.536785e+06   0.000000e+00   9385s
  222248    7.2786427e+01   1.041330e+06   0.000000e+00   9397s
  222388    7.2790656e+01   2.067063e+05   0.000000e+00   9410s
  222528    7.2795241e+01   6.769466e+05   0.000000e+00   9423s
  222678    7.2799739e+01   5.896878e+05   0.000000e+00   9437s
  222818    7.2804487e+01   2.088798e+06   0.000000e+00   9450s
  222958    7.2808298e+01   4.498678e+05   0.000000e+00   9462s
  223098    7.2813137e+01   4.011719e+05   0.000000e+00   9476s
  223248    7.2817201e+01   3.700840e+05   0.000000e+00   9489s
  223398    7.2822263e+01   7.499611e+05   0.000000e+00   9503s
  223548    7.2826142e+01   5.121446e+05   0.000000e+00   9516s
  223688    7.2830019e+01   6.021500e+05   0.000000e+00   9529s
  223828    7.2834539e+01   7.282957e+06   0.000000e+00   9542s
  223968    7.2837211e+01   1.191412e+05   0.000000e+00   9554s
  224108    7.2840903e+01   1.661964e+06   0.000000e+00   9567s
  224248    7.2845302e+01   3.346453e+05   0.000000e+00   9579s
  224388    7.2849576e+01   1.773608e+05   0.000000e+00   9593s
  224518    7.2852962e+01   3.070539e+05   0.000000e+00   9605s
  224648    7.2856634e+01   2.366869e+05   0.000000e+00   9617s
  224788    7.2859703e+01   4.952176e+05   0.000000e+00   9630s
  224918    7.2863112e+01   7.193695e+05   0.000000e+00   9642s
  225058    7.2866906e+01   1.818695e+05   0.000000e+00   9655s
  225188    7.2870023e+01   2.082692e+05   0.000000e+00   9667s
  225328    7.2873300e+01   2.051638e+06   0.000000e+00   9680s
  225468    7.2876070e+01   1.586877e+05   0.000000e+00   9693s
  225588    7.2880129e+01   1.077199e+06   0.000000e+00   9705s
  225718    7.2883158e+01   9.627911e+05   0.000000e+00   9717s
  225868    7.2887198e+01   1.601550e+06   0.000000e+00   9731s
  226008    7.2891992e+01   1.297965e+06   0.000000e+00   9743s
  226158    7.2896363e+01   8.627954e+05   0.000000e+00   9757s
  226298    7.2899943e+01   4.519037e+06   0.000000e+00   9770s
  226448    7.2904024e+01   4.849005e+05   0.000000e+00   9783s
  226598    7.2908073e+01   4.641236e+05   0.000000e+00   9796s
  226728    7.2912744e+01   1.431333e+06   0.000000e+00   9809s
  226868    7.2917074e+01   1.049070e+05   0.000000e+00   9822s
  227008    7.2920402e+01   7.678364e+05   0.000000e+00   9834s
  227158    7.2923550e+01   1.407252e+06   0.000000e+00   9848s
  227298    7.2928020e+01   1.866551e+05   0.000000e+00   9861s
  227438    7.2931705e+01   3.854007e+05   0.000000e+00   9873s
  227588    7.2936409e+01   1.415099e+06   0.000000e+00   9887s
  227728    7.2940219e+01   2.115292e+05   0.000000e+00   9900s
  227868    7.2943660e+01   6.821256e+05   0.000000e+00   9913s
  227998    7.2946786e+01   1.969382e+06   0.000000e+00   9925s
  228148    7.2950947e+01   4.437250e+06   0.000000e+00   9938s
  228298    7.2954027e+01   2.718904e+06   0.000000e+00   9951s
  228448    7.2957386e+01   1.894831e+05   0.000000e+00   9965s
  228598    7.2961468e+01   2.670107e+05   0.000000e+00   9978s
  228738    7.2964916e+01   1.589269e+05   0.000000e+00   9991s
  228868    7.2968308e+01   7.024146e+04   0.000000e+00  10004s
  228998    7.2971863e+01   8.690763e+06   0.000000e+00  10016s
  229128    7.2975689e+01   6.624564e+05   0.000000e+00  10028s
  229268    7.2980031e+01   2.661296e+05   0.000000e+00  10041s
  229408    7.2983547e+01   1.859378e+05   0.000000e+00  10054s
  229548    7.2987150e+01   8.252088e+04   0.000000e+00  10066s
  229678    7.2990779e+01   3.020024e+05   0.000000e+00  10079s
  229818    7.2994830e+01   1.775745e+05   0.000000e+00  10092s
  229958    7.2998269e+01   2.087533e+06   0.000000e+00  10105s
  230108    7.3002567e+01   6.601002e+05   0.000000e+00  10118s
  230248    7.3006247e+01   1.478541e+07   0.000000e+00  10132s
  230388    7.3010415e+01   2.296269e+06   0.000000e+00  10145s
  230538    7.3014189e+01   1.035975e+06   0.000000e+00  10158s
  230678    7.3017190e+01   2.086157e+05   0.000000e+00  10171s
  230818    7.3019848e+01   1.185500e+05   0.000000e+00  10185s
  230948    7.3023339e+01   4.283729e+05   0.000000e+00  10197s
  231098    7.3026771e+01   4.259695e+05   0.000000e+00  10210s
  231238    7.3029571e+01   3.529160e+05   0.000000e+00  10223s
  231398    7.3032796e+01   5.206784e+05   0.000000e+00  10237s
  231548    7.3036488e+01   1.273077e+07   0.000000e+00  10251s
  231708    7.3039869e+01   1.451759e+06   0.000000e+00  10265s
  231848    7.3043388e+01   1.526339e+05   0.000000e+00  10279s
  231998    7.3046824e+01   1.535820e+05   0.000000e+00  10293s
  232148    7.3050314e+01   1.014575e+05   0.000000e+00  10306s
  232308    7.3053764e+01   1.927369e+05   0.000000e+00  10321s
  232458    7.3057063e+01   2.332665e+05   0.000000e+00  10334s
  232598    7.3060508e+01   3.569790e+05   0.000000e+00  10347s
  232748    7.3063677e+01   1.523076e+06   0.000000e+00  10361s
  232888    7.3067214e+01   1.038117e+05   0.000000e+00  10374s
  233028    7.3069961e+01   1.684549e+05   0.000000e+00  10387s
  233168    7.3072250e+01   6.804051e+04   0.000000e+00  10399s
  233318    7.3075549e+01   3.019127e+05   0.000000e+00  10413s
  233448    7.3078832e+01   1.922302e+05   0.000000e+00  10425s
  233578    7.3082356e+01   2.101149e+05   0.000000e+00  10438s
  233708    7.3084781e+01   7.701855e+04   0.000000e+00  10450s
  233838    7.3086980e+01   6.848211e+04   0.000000e+00  10462s
  233968    7.3090098e+01   1.461893e+05   0.000000e+00  10474s
  234098    7.3093438e+01   1.039687e+06   0.000000e+00  10486s
  234228    7.3096433e+01   1.016708e+06   0.000000e+00  10499s
  234368    7.3099471e+01   3.199589e+05   0.000000e+00  10512s
  234508    7.3101782e+01   4.165750e+05   0.000000e+00  10525s
  234648    7.3104703e+01   5.089730e+05   0.000000e+00  10538s
  234788    7.3107726e+01   8.338160e+05   0.000000e+00  10550s
  234928    7.3110299e+01   6.387938e+05   0.000000e+00  10563s
  235058    7.3113597e+01   2.675753e+05   0.000000e+00  10576s
  235188    7.3116261e+01   4.552087e+05   0.000000e+00  10588s
  235328    7.3119536e+01   5.707878e+05   0.000000e+00  10601s
  235468    7.3122439e+01   4.986338e+05   0.000000e+00  10614s
  235608    7.3125387e+01   1.555288e+05   0.000000e+00  10626s
  235748    7.3127960e+01   3.146235e+06   0.000000e+00  10639s
  235878    7.3130854e+01   3.783710e+05   0.000000e+00  10651s
  236018    7.3133461e+01   3.830116e+05   0.000000e+00  10664s
  236148    7.3135831e+01   1.626953e+06   0.000000e+00  10676s
  236278    7.3138296e+01   2.728076e+06   0.000000e+00  10689s
  236428    7.3142087e+01   1.969237e+06   0.000000e+00  10703s
  236588    7.3146099e+01   3.065997e+05   0.000000e+00  10717s
  236748    7.3149508e+01   1.697841e+05   0.000000e+00  10732s
  236898    7.3152255e+01   7.518922e+04   0.000000e+00  10745s
  237048    7.3154931e+01   6.428338e+05   0.000000e+00  10759s
  237188    7.3157691e+01   1.265007e+05   0.000000e+00  10772s
  237328    7.3160850e+01   1.232852e+05   0.000000e+00  10785s
  237478    7.3163901e+01   3.479292e+05   0.000000e+00  10798s
  237618    7.3165790e+01   2.445988e+05   0.000000e+00  10811s
  237768    7.3168453e+01   4.065827e+05   0.000000e+00  10824s
  237918    7.3172064e+01   2.940078e+05   0.000000e+00  10837s
  238068    7.3174942e+01   1.033285e+07   0.000000e+00  10850s
  238218    7.3177611e+01   5.041728e+05   0.000000e+00  10864s
  238368    7.3181528e+01   1.085938e+05   0.000000e+00  10877s
  238518    7.3184396e+01   2.936419e+05   0.000000e+00  10890s
  238668    7.3187568e+01   4.249131e+05   0.000000e+00  10903s
  238818    7.3190476e+01   3.737410e+06   0.000000e+00  10917s
  238958    7.3193467e+01   1.413647e+05   0.000000e+00  10930s
  239118    7.3197449e+01   1.284118e+05   0.000000e+00  10944s
  239268    7.3200669e+01   3.384061e+05   0.000000e+00  10957s
  239408    7.3204180e+01   1.901854e+06   0.000000e+00  10970s
  239548    7.3206797e+01   1.208899e+06   0.000000e+00  10983s
  239688    7.3209834e+01   5.827707e+04   0.000000e+00  10996s
  239838    7.3213209e+01   2.958520e+06   0.000000e+00  11009s
  239978    7.3216137e+01   4.991442e+05   0.000000e+00  11022s
  240128    7.3219200e+01   1.734016e+05   0.000000e+00  11035s
  240268    7.3222624e+01   3.251693e+05   0.000000e+00  11048s
  240418    7.3225006e+01   8.029294e+06   0.000000e+00  11062s
  240568    7.3227706e+01   9.133191e+04   0.000000e+00  11076s
  240728    7.3230897e+01   1.754423e+05   0.000000e+00  11090s
  240888    7.3234423e+01   1.479405e+06   0.000000e+00  11105s
  241038    7.3238230e+01   1.372569e+05   0.000000e+00  11119s
  241178    7.3240954e+01   1.141844e+05   0.000000e+00  11132s
  241328    7.3245564e+01   2.707394e+05   0.000000e+00  11145s
  241468    7.3248416e+01   6.590797e+04   0.000000e+00  11158s
  241598    7.3250799e+01   2.202373e+05   0.000000e+00  11170s
  241738    7.3254063e+01   1.332279e+05   0.000000e+00  11183s
  241868    7.3257164e+01   3.364135e+06   0.000000e+00  11195s
  242008    7.3259737e+01   6.092825e+05   0.000000e+00  11208s
  242148    7.3262743e+01   1.569325e+06   0.000000e+00  11221s
  242288    7.3265617e+01   6.354699e+04   0.000000e+00  11234s
  242448    7.3269356e+01   8.038129e+04   0.000000e+00  11248s
  242588    7.3272133e+01   1.109049e+06   0.000000e+00  11262s
  242728    7.3274825e+01   5.051914e+05   0.000000e+00  11275s
  242878    7.3278046e+01   3.657608e+05   0.000000e+00  11288s
  243018    7.3280003e+01   7.383906e+05   0.000000e+00  11301s
  243158    7.3282145e+01   1.754302e+05   0.000000e+00  11314s
  243298    7.3284369e+01   5.279607e+05   0.000000e+00  11327s
  243448    7.3286702e+01   2.032422e+05   0.000000e+00  11340s
  243588    7.3288701e+01   1.512324e+05   0.000000e+00  11353s
  243728    7.3290906e+01   1.567813e+05   0.000000e+00  11366s
  243868    7.3293227e+01   1.944677e+05   0.000000e+00  11379s
  244018    7.3296149e+01   8.996398e+05   0.000000e+00  11393s
  244158    7.3298228e+01   2.516753e+05   0.000000e+00  11406s
  244298    7.3300798e+01   1.142501e+05   0.000000e+00  11418s
  244428    7.3303259e+01   1.517249e+05   0.000000e+00  11431s
  244568    7.3305608e+01   2.594262e+05   0.000000e+00  11443s
  244718    7.3308520e+01   1.275181e+05   0.000000e+00  11457s
  244868    7.3311300e+01   2.139333e+06   0.000000e+00  11470s
  245018    7.3313304e+01   5.668481e+04   0.000000e+00  11483s
  245158    7.3315985e+01   1.623006e+05   0.000000e+00  11496s
  245298    7.3318404e+01   2.932061e+06   0.000000e+00  11510s
  245448    7.3320970e+01   3.175583e+06   0.000000e+00  11523s
  245588    7.3323316e+01   8.994887e+04   0.000000e+00  11536s
  245738    7.3326274e+01   4.978011e+04   0.000000e+00  11550s
  245878    7.3328735e+01   4.303468e+06   0.000000e+00  11563s
  246018    7.3331313e+01   1.072324e+05   0.000000e+00  11576s
  246168    7.3334065e+01   1.325610e+05   0.000000e+00  11589s
  246308    7.3336877e+01   5.635279e+04   0.000000e+00  11603s
  246458    7.3339490e+01   9.835411e+04   0.000000e+00  11616s
  246608    7.3341669e+01   7.386914e+05   0.000000e+00  11630s
  246758    7.3344579e+01   1.041335e+05   0.000000e+00  11643s
  246908    7.3347189e+01   4.906484e+06   0.000000e+00  11657s
  247048    7.3349821e+01   1.927578e+05   0.000000e+00  11670s
  247178    7.3352609e+01   9.686748e+05   0.000000e+00  11683s
  247318    7.3355991e+01   4.721892e+05   0.000000e+00  11696s
  247458    7.3358500e+01   4.498928e+05   0.000000e+00  11709s
  247618    7.3361941e+01   5.484065e+05   0.000000e+00  11723s
  247768    7.3364530e+01   4.123569e+05   0.000000e+00  11737s
  247928    7.3367915e+01   1.442198e+05   0.000000e+00  11751s
  248078    7.3370192e+01   6.912452e+06   0.000000e+00  11765s
  248228    7.3372724e+01   2.258296e+05   0.000000e+00  11778s
  248388    7.3375217e+01   1.702767e+05   0.000000e+00  11792s
  248528    7.3377721e+01   6.321271e+05   0.000000e+00  11805s
  248678    7.3380589e+01   3.469406e+05   0.000000e+00  11819s
  248828    7.3383072e+01   1.317254e+05   0.000000e+00  11833s
  248978    7.3385874e+01   7.766648e+05   0.000000e+00  11847s
  249128    7.3388326e+01   5.960124e+05   0.000000e+00  11860s
  249268    7.3390631e+01   5.633849e+05   0.000000e+00  11874s
  249398    7.3392897e+01   2.240189e+05   0.000000e+00  11886s
  249528    7.3394783e+01   8.165911e+04   0.000000e+00  11898s
  249668    7.3397333e+01   3.437765e+05   0.000000e+00  11910s
  249808    7.3399616e+01   1.034599e+05   0.000000e+00  11923s
  249938    7.3401447e+01   9.074624e+05   0.000000e+00  11936s
  250088    7.3403855e+01   2.402134e+05   0.000000e+00  11949s
  250228    7.3406126e+01   1.343277e+05   0.000000e+00  11963s
  250378    7.3409076e+01   4.498790e+05   0.000000e+00  11976s
  250528    7.3411593e+01   6.076531e+05   0.000000e+00  11990s
  250668    7.3414093e+01   6.991775e+05   0.000000e+00  12003s
  250808    7.3417153e+01   6.443091e+04   0.000000e+00  12016s
  250958    7.3419675e+01   2.752173e+05   0.000000e+00  12029s
  251108    7.3422029e+01   6.583535e+05   0.000000e+00  12043s
  251248    7.3424161e+01   1.146984e+05   0.000000e+00  12057s
  251398    7.3426826e+01   1.158800e+05   0.000000e+00  12071s
  251538    7.3429020e+01   2.588296e+05   0.000000e+00  12084s
  251688    7.3431206e+01   1.048345e+07   0.000000e+00  12097s
  251848    7.3433073e+01   6.345300e+05   0.000000e+00  12112s
  251998    7.3434855e+01   4.702254e+04   0.000000e+00  12126s
  252148    7.3437757e+01   1.135765e+05   0.000000e+00  12139s
  252298    7.3440597e+01   3.177352e+05   0.000000e+00  12153s
  252438    7.3443373e+01   7.124035e+06   0.000000e+00  12166s
  252578    7.3445645e+01   1.669646e+05   0.000000e+00  12179s
  252708    7.3447633e+01   3.038394e+05   0.000000e+00  12191s
  252858    7.3450373e+01   2.213972e+05   0.000000e+00  12205s
  253008    7.3453059e+01   4.504973e+04   0.000000e+00  12218s
  253148    7.3456156e+01   1.540578e+05   0.000000e+00  12231s
  253288    7.3459291e+01   1.815825e+06   0.000000e+00  12244s
  253428    7.3461702e+01   1.684109e+06   0.000000e+00  12257s
  253578    7.3464913e+01   6.380484e+04   0.000000e+00  12271s
  253728    7.3467876e+01   3.314407e+05   0.000000e+00  12284s
  253878    7.3470786e+01   1.100760e+05   0.000000e+00  12297s
  254008    7.3473263e+01   7.505803e+05   0.000000e+00  12310s
  254148    7.3475310e+01   2.031773e+05   0.000000e+00  12323s
  254288    7.3477422e+01   1.119478e+06   0.000000e+00  12336s
  254428    7.3479452e+01   3.326811e+06   0.000000e+00  12349s
  254578    7.3481674e+01   2.143638e+05   0.000000e+00  12362s
  254708    7.3484143e+01   9.566247e+05   0.000000e+00  12374s
  254848    7.3486316e+01   6.266995e+04   0.000000e+00  12387s
  254998    7.3489121e+01   2.074516e+06   0.000000e+00  12401s
  255148    7.3492154e+01   1.235858e+06   0.000000e+00  12415s
  255298    7.3494612e+01   7.483896e+04   0.000000e+00  12428s
  255448    7.3496825e+01   5.786021e+05   0.000000e+00  12442s
  255608    7.3499185e+01   1.974243e+05   0.000000e+00  12455s
  255768    7.3501455e+01   9.523807e+04   0.000000e+00  12469s
  255918    7.3503780e+01   2.890926e+05   0.000000e+00  12484s
  256078    7.3506036e+01   6.089721e+04   0.000000e+00  12498s
  256228    7.3508055e+01   6.176941e+04   0.000000e+00  12511s
  256378    7.3509659e+01   1.339824e+05   0.000000e+00  12525s
  256518    7.3511980e+01   7.493712e+05   0.000000e+00  12538s
  256668    7.3514462e+01   2.174141e+05   0.000000e+00  12552s
  256808    7.3516803e+01   7.466903e+04   0.000000e+00  12565s
  256958    7.3518913e+01   4.126471e+05   0.000000e+00  12578s
  257098    7.3521777e+01   1.223215e+05   0.000000e+00  12592s
  257238    7.3524283e+01   7.362042e+04   0.000000e+00  12605s
  257388    7.3526210e+01   2.576363e+05   0.000000e+00  12618s
  257538    7.3528975e+01   2.400608e+05   0.000000e+00  12631s
  257678    7.3530719e+01   1.882646e+05   0.000000e+00  12644s
  257818    7.3532485e+01   5.009405e+05   0.000000e+00  12657s
  257958    7.3535135e+01   1.905476e+05   0.000000e+00  12670s
  258098    7.3537959e+01   2.814741e+05   0.000000e+00  12682s
  258238    7.3540367e+01   2.184114e+05   0.000000e+00  12695s
  258388    7.3542229e+01   1.570774e+05   0.000000e+00  12708s
  258538    7.3544652e+01   1.042586e+05   0.000000e+00  12722s
  258688    7.3546780e+01   3.307061e+04   0.000000e+00  12735s
  258838    7.3548901e+01   4.851703e+05   0.000000e+00  12748s
  258978    7.3551232e+01   4.254558e+05   0.000000e+00  12761s
  259118    7.3552968e+01   1.677649e+06   0.000000e+00  12774s
  259248    7.3554640e+01   5.074584e+04   0.000000e+00  12786s
  259388    7.3556342e+01   2.347142e+06   0.000000e+00  12799s
  259528    7.3557745e+01   1.128210e+05   0.000000e+00  12811s
  259678    7.3560067e+01   1.744736e+05   0.000000e+00  12825s
  259828    7.3561856e+01   2.743181e+05   0.000000e+00  12838s
  259978    7.3564175e+01   2.730081e+05   0.000000e+00  12852s
  260148    7.3566887e+01   7.458413e+05   0.000000e+00  12866s
  260318    7.3569147e+01   6.049441e+04   0.000000e+00  12880s
  260468    7.3571190e+01   1.390085e+05   0.000000e+00  12893s
  260628    7.3573006e+01   1.186999e+05   0.000000e+00  12907s
  260778    7.3574922e+01   2.747780e+05   0.000000e+00  12920s
  260928    7.3576857e+01   1.968130e+05   0.000000e+00  12933s
  261068    7.3579141e+01   2.052979e+05   0.000000e+00  12946s
  261208    7.3580775e+01   8.683341e+04   0.000000e+00  12959s
  261338    7.3582795e+01   3.308785e+05   0.000000e+00  12971s
  261478    7.3584646e+01   1.369398e+05   0.000000e+00  12984s
  261618    7.3586270e+01   1.927128e+06   0.000000e+00  12997s
  261758    7.3588108e+01   3.288182e+05   0.000000e+00  13009s
  261908    7.3589987e+01   1.332386e+05   0.000000e+00  13023s
  262048    7.3591831e+01   1.545439e+05   0.000000e+00  13035s
  262188    7.3593631e+01   1.204252e+06   0.000000e+00  13048s
  262348    7.3595934e+01   2.788758e+05   0.000000e+00  13063s
  262488    7.3597408e+01   4.877845e+05   0.000000e+00  13076s
  262628    7.3598819e+01   1.500824e+05   0.000000e+00  13088s
  262778    7.3600878e+01   2.345665e+06   0.000000e+00  13102s
  262938    7.3603323e+01   1.616559e+05   0.000000e+00  13116s
  263078    7.3605237e+01   3.311903e+05   0.000000e+00  13129s
  263218    7.3607211e+01   7.342360e+04   0.000000e+00  13142s
  263368    7.3609308e+01   6.556070e+05   0.000000e+00  13155s
  263508    7.3611437e+01   2.266546e+05   0.000000e+00  13168s
  263648    7.3613441e+01   1.291611e+05   0.000000e+00  13181s
  263788    7.3615333e+01   5.787330e+04   0.000000e+00  13193s
  263938    7.3617086e+01   2.133114e+06   0.000000e+00  13207s
  264088    7.3618779e+01   5.470261e+04   0.000000e+00  13221s
  264238    7.3620440e+01   1.270344e+06   0.000000e+00  13234s
  264388    7.3622397e+01   1.300315e+05   0.000000e+00  13247s
  264548    7.3624646e+01   1.072580e+06   0.000000e+00  13261s
  264708    7.3627045e+01   3.948874e+05   0.000000e+00  13275s
  264858    7.3629505e+01   1.295294e+05   0.000000e+00  13289s
  264998    7.3631624e+01   6.135238e+05   0.000000e+00  13302s
  265148    7.3633488e+01   6.377095e+04   0.000000e+00  13315s
  265298    7.3635479e+01   6.060060e+05   0.000000e+00  13329s
  265448    7.3637936e+01   1.152946e+05   0.000000e+00  13342s
  265588    7.3639986e+01   7.235339e+04   0.000000e+00  13355s
  265728    7.3642204e+01   6.179504e+06   0.000000e+00  13368s
  265868    7.3644346e+01   8.826190e+05   0.000000e+00  13381s
  266018    7.3646232e+01   1.866453e+06   0.000000e+00  13395s
  266168    7.3647837e+01   5.950768e+05   0.000000e+00  13408s
  266318    7.3649436e+01   1.276854e+05   0.000000e+00  13422s
  266478    7.3651448e+01   9.963317e+04   0.000000e+00  13436s
  266628    7.3653163e+01   4.182142e+05   0.000000e+00  13449s
  266768    7.3654870e+01   3.102135e+05   0.000000e+00  13462s
  266908    7.3656242e+01   1.599774e+05   0.000000e+00  13475s
  267058    7.3658123e+01   2.005823e+05   0.000000e+00  13489s
  267218    7.3659724e+01   5.509399e+04   0.000000e+00  13502s
  267358    7.3661414e+01   1.067982e+05   0.000000e+00  13515s
  267498    7.3663215e+01   1.636289e+05   0.000000e+00  13528s
  267638    7.3665212e+01   1.071351e+05   0.000000e+00  13541s
  267788    7.3667283e+01   6.971754e+04   0.000000e+00  13555s
  267938    7.3668743e+01   1.703125e+05   0.000000e+00  13568s
  268098    7.3670389e+01   1.255283e+05   0.000000e+00  13582s
  268248    7.3672206e+01   7.328144e+05   0.000000e+00  13595s
  268398    7.3673974e+01   8.607464e+04   0.000000e+00  13608s
  268538    7.3675652e+01   4.838121e+05   0.000000e+00  13621s
  268678    7.3677797e+01   1.212630e+05   0.000000e+00  13634s
  268818    7.3679560e+01   1.099898e+05   0.000000e+00  13647s
  268968    7.3680959e+01   6.524903e+06   0.000000e+00  13661s
  269118    7.3682870e+01   9.360898e+05   0.000000e+00  13674s
  269268    7.3684523e+01   5.313858e+04   0.000000e+00  13687s
  269408    7.3685931e+01   1.881249e+05   0.000000e+00  13700s
  269548    7.3687306e+01   6.911904e+05   0.000000e+00  13712s
  269688    7.3689082e+01   5.392653e+04   0.000000e+00  13725s
  269828    7.3690361e+01   7.768621e+04   0.000000e+00  13738s
  269968    7.3692119e+01   1.894825e+05   0.000000e+00  13750s
  270108    7.3694173e+01   2.243310e+05   0.000000e+00  13763s
  270268    7.3695905e+01   1.924430e+05   0.000000e+00  13777s
  270418    7.3697489e+01   1.562609e+05   0.000000e+00  13791s
  270568    7.3699272e+01   3.682987e+05   0.000000e+00  13804s
  270708    7.3701060e+01   6.272336e+04   0.000000e+00  13817s
  270858    7.3702645e+01   1.113497e+05   0.000000e+00  13831s
  271018    7.3704577e+01   5.745978e+04   0.000000e+00  13845s
  271188    7.3706503e+01   1.351421e+05   0.000000e+00  13859s
  271338    7.3707854e+01   2.807741e+05   0.000000e+00  13873s
  271488    7.3709872e+01   8.875698e+04   0.000000e+00  13886s
  271638    7.3711913e+01   1.164574e+05   0.000000e+00  13899s
  271778    7.3713782e+01   2.479427e+05   0.000000e+00  13912s
  271928    7.3715469e+01   2.269909e+05   0.000000e+00  13925s
  272068    7.3717091e+01   9.664644e+04   0.000000e+00  13938s
  272218    7.3718765e+01   3.692404e+05   0.000000e+00  13952s
  272378    7.3720696e+01   4.046792e+05   0.000000e+00  13966s
  272528    7.3722640e+01   7.060931e+04   0.000000e+00  13979s
  272678    7.3724293e+01   1.706292e+05   0.000000e+00  13992s
  272818    7.3725532e+01   1.724200e+05   0.000000e+00  14005s
  272958    7.3726759e+01   1.259964e+05   0.000000e+00  14018s
  273098    7.3728211e+01   1.324107e+05   0.000000e+00  14030s
  273238    7.3729629e+01   2.128222e+06   0.000000e+00  14043s
  273378    7.3730982e+01   2.676804e+05   0.000000e+00  14056s
  273528    7.3732486e+01   5.016674e+04   0.000000e+00  14069s
  273678    7.3734128e+01   2.502006e+05   0.000000e+00  14082s
  273818    7.3735430e+01   1.896136e+06   0.000000e+00  14094s
  273968    7.3737112e+01   6.927730e+05   0.000000e+00  14108s
  274118    7.3738925e+01   2.517875e+05   0.000000e+00  14121s
  274278    7.3740780e+01   8.334999e+04   0.000000e+00  14135s
  274448    7.3742751e+01   1.725538e+05   0.000000e+00  14150s
  274598    7.3744172e+01   8.229717e+04   0.000000e+00  14164s
  274758    7.3745863e+01   8.031636e+04   0.000000e+00  14178s
  274908    7.3747406e+01   2.373273e+05   0.000000e+00  14191s
  275048    7.3748897e+01   5.755773e+04   0.000000e+00  14204s
  275188    7.3750183e+01   8.958414e+04   0.000000e+00  14217s
  275328    7.3751711e+01   9.184481e+04   0.000000e+00  14229s
  275478    7.3752932e+01   1.590302e+05   0.000000e+00  14242s
  275628    7.3754342e+01   1.348700e+05   0.000000e+00  14255s
  275778    7.3755624e+01   4.592514e+05   0.000000e+00  14268s
  275928    7.3757115e+01   9.052497e+04   0.000000e+00  14282s
  276078    7.3758498e+01   4.491979e+04   0.000000e+00  14295s
  276228    7.3759883e+01   1.391960e+05   0.000000e+00  14309s
  276378    7.3761426e+01   8.647750e+04   0.000000e+00  14322s
  276528    7.3762783e+01   5.252873e+04   0.000000e+00  14335s
  276678    7.3764213e+01   4.840065e+04   0.000000e+00  14348s
  276828    7.3765599e+01   3.877388e+05   0.000000e+00  14361s
  276988    7.3767093e+01   7.653898e+04   0.000000e+00  14375s
  277148    7.3768520e+01   4.210486e+05   0.000000e+00  14389s

Root relaxation: time limit, 277286 iterations, 13951.96 seconds (29461.69 work units)

    Nodes    |    Current Node    |     Objective Bounds      |     Work
 Expl Unexpl |  Obj  Depth IntInf | Incumbent    BestBd   Gap | It/Node Time

     0     0          -    0       253.00000    0.00000   100%     - 14400s

Explored 1 nodes (277286 simplex iterations) in 14400.41 seconds (29592.02 work units)
Thread count was 32 (of 32 available processors)

Solution count 1: 253 

Time limit reached
Best objective 2.530000000000e+02, best bound 0.000000000000e+00, gap 100.0000%

User-callback calls 11416, time in user-callback 0.12 sec
