slot_index,a_km,e,i_deg,raan_deg,argp_deg,arg_lat_deg
2,6782.489349,0.000000,42.000000,358.997214,0.000000,344.456825
4,6782.489349,0.000000,42.000000,357.994429,0.000000,328.913649
5,6782.489349,0.000000,42.000000,357.493036,0.000000,321.142061
6,6782.489349,0.000000,42.000000,356.991643,0.000000,313.370474
8,6782.489349,0.000000,42.000000,355.988858,0.000000,297.827298
10,6782.489349,0.000000,42.000000,354.986072,0.000000,282.284123
12,6782.489349,0.000000,42.000000,353.983287,0.000000,266.740947
14,6782.489349,0.000000,42.000000,352.980501,0.000000,251.197772
17,6782.489349,0.000000,42.000000,351.476323,0.000000,227.883008
19,6782.489349,0.000000,42.000000,350.473538,0.000000,212.339833
20,6782.489349,0.000000,42.000000,349.972145,0.000000,204.568245
22,6782.489349,0.000000,42.000000,348.969359,0.000000,189.025070
25,6782.489349,0.000000,42.000000,347.465181,0.000000,165.710306
26,6782.489349,0.000000,42.000000,346.963788,0.000000,157.938719
27,6782.489349,0.000000,42.000000,346.462396,0.000000,150.167131
29,6782.489349,0.000000,42.000000,345.459610,0.000000,134.623955
30,6782.489349,0.000000,42.000000,344.958217,0.000000,126.852368
31,6782.489349,0.000000,42.000000,344.456825,0.000000,119.080780
32,6782.489349,0.000000,42.000000,343.955432,0.000000,111.309192
36,6782.489349,0.000000,42.000000,341.949861,0.000000,80.222841
40,6782.489349,0.000000,42.000000,339.944290,0.000000,49.136490
41,6782.489349,0.000000,42.000000,339.442897,0.000000,41.364903
42,6782.489349,0.000000,42.000000,338.941504,0.000000,33.593315
43,6782.489349,0.000000,42.000000,338.440111,0.000000,25.821727
45,6782.489349,0.000000,42.000000,337.437326,0.000000,10.278552
46,6782.489349,0.000000,42.000000,336.935933,0.000000,2.506964
48,6782.489349,0.000000,42.000000,335.933148,0.000000,346.963788
49,6782.489349,0.000000,42.000000,335.431755,0.000000,339.192201
50,6782.489349,0.000000,42.000000,334.930362,0.000000,331.420613
51,6782.489349,0.000000,42.000000,334.428969,0.000000,323.649025
54,6782.489349,0.000000,42.000000,332.924791,0.000000,300.334262
56,6782.489349,0.000000,42.000000,331.922006,0.000000,284.791086
57,6782.489349,0.000000,42.000000,331.420613,0.000000,277.019499
59,6782.489349,0.000000,42.000000,330.417827,0.000000,261.476323
60,6782.489349,0.000000,42.000000,329.916435,0.000000,253.704735
61,6782.489349,0.000000,42.000000,329.415042,0.000000,245.933148
62,6782.489349,0.000000,42.000000,328.913649,0.000000,238.161560
63,6782.489349,0.000000,42.000000,328.412256,0.000000,230.389972
65,6782.489349,0.000000,42.000000,327.409471,0.000000,214.846797
67,6782.489349,0.000000,42.000000,326.406685,0.000000,199.303621
68,6782.489349,0.000000,42.000000,325.905292,0.000000,191.532033
71,6782.489349,0.000000,42.000000,324.401114,0.000000,168.217270
72,6782.489349,0.000000,42.000000,323.899721,0.000000,160.445682
73,6782.489349,0.000000,42.000000,323.398329,0.000000,152.674095
75,6782.489349,0.000000,42.000000,322.395543,0.000000,137.130919
76,6782.489349,0.000000,42.000000,321.894150,0.000000,129.359331
78,6782.489349,0.000000,42.000000,320.891365,0.000000,113.816156
80,6782.489349,0.000000,42.000000,319.888579,0.000000,98.272981
81,6782.489349,0.000000,42.000000,319.387187,0.000000,90.501393
83,6782.489349,0.000000,42.000000,318.384401,0.000000,74.958217
84,6782.489349,0.000000,42.000000,317.883008,0.000000,67.186630
85,6782.489349,0.000000,42.000000,317.381616,0.000000,59.415042
87,6782.489349,0.000000,42.000000,316.378830,0.000000,43.871866
88,6782.489349,0.000000,42.000000,315.877437,0.000000,36.100279
91,6782.489349,0.000000,42.000000,314.373259,0.000000,12.785515
92,6782.489349,0.000000,42.000000,313.871866,0.000000,5.013928
93,6782.489349,0.000000,42.000000,313.370474,0.000000,357.242340
94,6782.489349,0.000000,42.000000,312.869081,0.000000,349.470752
95,6782.489349,0.000000,42.000000,312.367688,0.000000,341.699164
97,6782.489349,0.000000,42.000000,311.364903,0.000000,326.155989
98,6782.489349,0.000000,42.000000,310.863510,0.000000,318.384401
100,6782.489349,0.000000,42.000000,309.860724,0.000000,302.841226
102,6782.489349,0.000000,42.000000,308.857939,0.000000,287.298050
104,6782.489349,0.000000,42.000000,307.855153,0.000000,271.754875
105,6782.489349,0.000000,42.000000,307.353760,0.000000,263.983287
106,6782.489349,0.000000,42.000000,306.852368,0.000000,256.211699
107,6782.489349,0.000000,42.000000,306.350975,0.000000,248.440111
108,6782.489349,0.000000,42.000000,305.849582,0.000000,240.668524
109,6782.489349,0.000000,42.000000,305.348189,0.000000,232.896936
110,6782.489349,0.000000,42.000000,304.846797,0.000000,225.125348
111,6782.489349,0.000000,42.000000,304.345404,0.000000,217.353760
114,6782.489349,0.000000,42.000000,302.841226,0.000000,194.038997
117,6782.489349,0.000000,42.000000,301.337047,0.000000,170.724234
119,6782.489349,0.000000,42.000000,300.334262,0.000000,155.181058
120,6782.489349,0.000000,42.000000,299.832869,0.000000,147.409471
121,6782.489349,0.000000,42.000000,299.331476,0.000000,139.637883
122,6782.489349,0.000000,42.000000,298.830084,0.000000,131.866295
123,6782.489349,0.000000,42.000000,298.328691,0.000000,124.094708
124,6782.489349,0.000000,42.000000,297.827298,0.000000,116.323120
126,6782.489349,0.000000,42.000000,296.824513,0.000000,100.779944
131,6782.489349,0.000000,42.000000,294.317549,0.000000,61.922006
132,6782.489349,0.000000,42.000000,293.816156,0.000000,54.150418
135,6782.489349,0.000000,42.000000,292.311978,0.000000,30.835655
136,6782.489349,0.000000,42.000000,291.810585,0.000000,23.064067
137,6782.489349,0.000000,42.000000,291.309192,0.000000,15.292479
139,6782.489349,0.000000,42.000000,290.306407,0.000000,359.749304
141,6782.489349,0.000000,42.000000,289.303621,0.000000,344.206128
142,6782.489349,0.000000,42.000000,288.802228,0.000000,336.434540
143,6782.489349,0.000000,42.000000,288.300836,0.000000,328.662953
144,6782.489349,0.000000,42.000000,287.799443,0.000000,320.891365
145,6782.489349,0.000000,42.000000,287.298050,0.000000,313.119777
147,6782.489349,0.000000,42.000000,286.295265,0.000000,297.576602
148,6782.489349,0.000000,42.000000,285.793872,0.000000,289.805014
149,6782.489349,0.000000,42.000000,285.292479,0.000000,282.033426
150,6782.489349,0.000000,42.000000,284.791086,0.000000,274.261838
151,6782.489349,0.000000,42.000000,284.289694,0.000000,266.490251
152,6782.489349,0.000000,42.000000,283.788301,0.000000,258.718663
154,6782.489349,0.000000,42.000000,282.785515,0.000000,243.175487
159,6782.489349,0.000000,42.000000,280.278552,0.000000,204.317549
163,6782.489349,0.000000,42.000000,278.272981,0.000000,173.231198
164,6782.489349,0.000000,42.000000,277.771588,0.000000,165.459610
165,6782.489349,0.000000,42.000000,277.270195,0.000000,157.688022
166,6782.489349,0.000000,42.000000,276.768802,0.000000,149.916435
167,6782.489349,0.000000,42.000000,276.267409,0.000000,142.144847
171,6782.489349,0.000000,42.000000,274.261838,0.000000,111.058496
172,6782.489349,0.000000,42.000000,273.760446,0.000000,103.286908
174,6782.489349,0.000000,42.000000,272.757660,0.000000,87.743733
177,6782.489349,0.000000,42.000000,271.253482,0.000000,64.428969
178,6782.489349,0.000000,42.000000,270.752089,0.000000,56.657382
180,6782.489349,0.000000,42.000000,269.749304,0.000000,41.114206
181,6782.489349,0.000000,42.000000,269.247911,0.000000,33.342618
183,6782.489349,0.000000,42.000000,268.245125,0.000000,17.799443
184,6782.489349,0.000000,42.000000,267.743733,0.000000,10.027855
185,6782.489349,0.000000,42.000000,267.242340,0.000000,2.256267
187,6782.489349,0.000000,42.000000,266.239554,0.000000,346.713092
188,6782.489349,0.000000,42.000000,265.738162,0.000000,338.941504
190,6782.489349,0.000000,42.000000,264.735376,0.000000,323.398329
194,6782.489349,0.000000,42.000000,262.729805,0.000000,292.311978
196,6782.489349,0.000000,42.000000,261.727019,0.000000,276.768802
197,6782.489349,0.000000,42.000000,261.225627,0.000000,268.997214
200,6782.489349,0.000000,42.000000,259.721448,0.000000,245.682451
203,6782.489349,0.000000,42.000000,258.217270,0.000000,222.367688
204,6782.489349,0.000000,42.000000,257.715877,0.000000,214.596100
205,6782.489349,0.000000,42.000000,257.214485,0.000000,206.824513
206,6782.489349,0.000000,42.000000,256.713092,0.000000,199.052925
207,6782.489349,0.000000,42.000000,256.211699,0.000000,191.281337
208,6782.489349,0.000000,42.000000,255.710306,0.000000,183.509749
209,6782.489349,0.000000,42.000000,255.208914,0.000000,175.738162
213,6782.489349,0.000000,42.000000,253.203343,0.000000,144.651811
214,6782.489349,0.000000,42.000000,252.701950,0.000000,136.880223
215,6782.489349,0.000000,42.000000,252.200557,0.000000,129.108635
216,6782.489349,0.000000,42.000000,251.699164,0.000000,121.337047
222,6782.489349,0.000000,42.000000,248.690808,0.000000,74.707521
223,6782.489349,0.000000,42.000000,248.189415,0.000000,66.935933
225,6782.489349,0.000000,42.000000,247.186630,0.000000,51.392758
226,6782.489349,0.000000,42.000000,246.685237,0.000000,43.621170
227,6782.489349,0.000000,42.000000,246.183844,0.000000,35.849582
228,6782.489349,0.000000,42.000000,245.682451,0.000000,28.077994
230,6782.489349,0.000000,42.000000,244.679666,0.000000,12.534819
232,6782.489349,0.000000,42.000000,243.676880,0.000000,356.991643
234,6782.489349,0.000000,42.000000,242.674095,0.000000,341.448468
236,6782.489349,0.000000,42.000000,241.671309,0.000000,325.905292
239,6782.489349,0.000000,42.000000,240.167131,0.000000,302.590529
241,6782.489349,0.000000,42.000000,239.164345,0.000000,287.047354
244,6782.489349,0.000000,42.000000,237.660167,0.000000,263.732591
245,6782.489349,0.000000,42.000000,237.158774,0.000000,255.961003
246,6782.489349,0.000000,42.000000,236.657382,0.000000,248.189415
247,6782.489349,0.000000,42.000000,236.155989,0.000000,240.417827
248,6782.489349,0.000000,42.000000,235.654596,0.000000,232.646240
252,6782.489349,0.000000,42.000000,233.649025,0.000000,201.559889
253,6782.489349,0.000000,42.000000,233.147632,0.000000,193.788301
257,6782.489349,0.000000,42.000000,231.142061,0.000000,162.701950
260,6782.489349,0.000000,42.000000,229.637883,0.000000,139.387187
262,6782.489349,0.000000,42.000000,228.635097,0.000000,123.844011
263,6782.489349,0.000000,42.000000,228.133705,0.000000,116.072423
264,6782.489349,0.000000,42.000000,227.632312,0.000000,108.300836
266,6782.489349,0.000000,42.000000,226.629526,0.000000,92.757660
267,6782.489349,0.000000,42.000000,226.128134,0.000000,84.986072
268,6782.489349,0.000000,42.000000,225.626741,0.000000,77.214485
272,6782.489349,0.000000,42.000000,223.621170,0.000000,46.128134
274,6782.489349,0.000000,42.000000,222.618384,0.000000,30.584958
275,6782.489349,0.000000,42.000000,222.116992,0.000000,22.813370
277,6782.489349,0.000000,42.000000,221.114206,0.000000,7.270195
278,6782.489349,0.000000,42.000000,220.612813,0.000000,359.498607
279,6782.489349,0.000000,42.000000,220.111421,0.000000,351.727019
281,6782.489349,0.000000,42.000000,219.108635,0.000000,336.183844
284,6782.489349,0.000000,42.000000,217.604457,0.000000,312.869081
286,6782.489349,0.000000,42.000000,216.601671,0.000000,297.325905
288,6782.489349,0.000000,42.000000,215.598886,0.000000,281.782730
289,6782.489349,0.000000,42.000000,215.097493,0.000000,274.011142
290,6782.489349,0.000000,42.000000,214.596100,0.000000,266.239554
293,6782.489349,0.000000,42.000000,213.091922,0.000000,242.924791
295,6782.489349,0.000000,42.000000,212.089136,0.000000,227.381616
297,6782.489349,0.000000,42.000000,211.086351,0.000000,211.838440
298,6782.489349,0.000000,42.000000,210.584958,0.000000,204.066852
299,6782.489349,0.000000,42.000000,210.083565,0.000000,196.295265
300,6782.489349,0.000000,42.000000,209.582173,0.000000,188.523677
301,6782.489349,0.000000,42.000000,209.080780,0.000000,180.752089
302,6782.489349,0.000000,42.000000,208.579387,0.000000,172.980501
303,6782.489349,0.000000,42.000000,208.077994,0.000000,165.208914
304,6782.489349,0.000000,42.000000,207.576602,0.000000,157.437326
306,6782.489349,0.000000,42.000000,206.573816,0.000000,141.894150
309,6782.489349,0.000000,42.000000,205.069638,0.000000,118.579387
310,6782.489349,0.000000,42.000000,204.568245,0.000000,110.807799
314,6782.489349,0.000000,42.000000,202.562674,0.000000,79.721448
315,6782.489349,0.000000,42.000000,202.061281,0.000000,71.949861
317,6782.489349,0.000000,42.000000,201.058496,0.000000,56.406685
318,6782.489349,0.000000,42.000000,200.557103,0.000000,48.635097
321,6782.489349,0.000000,42.000000,199.052925,0.000000,25.320334
322,6782.489349,0.000000,42.000000,198.551532,0.000000,17.548747
323,6782.489349,0.000000,42.000000,198.050139,0.000000,9.777159
325,6782.489349,0.000000,42.000000,197.047354,0.000000,354.233983
326,6782.489349,0.000000,42.000000,196.545961,0.000000,346.462396
327,6782.489349,0.000000,42.000000,196.044568,0.000000,338.690808
328,6782.489349,0.000000,42.000000,195.543175,0.000000,330.919220
330,6782.489349,0.000000,42.000000,194.540390,0.000000,315.376045
331,6782.489349,0.000000,42.000000,194.038997,0.000000,307.604457
334,6782.489349,0.000000,42.000000,192.534819,0.000000,284.289694
339,6782.489349,0.000000,42.000000,190.027855,0.000000,245.431755
340,6782.489349,0.000000,42.000000,189.526462,0.000000,237.660167
342,6782.489349,0.000000,42.000000,188.523677,0.000000,222.116992
343,6782.489349,0.000000,42.000000,188.022284,0.000000,214.345404
345,6782.489349,0.000000,42.000000,187.019499,0.000000,198.802228
346,6782.489349,0.000000,42.000000,186.518106,0.000000,191.030641
347,6782.489349,0.000000,42.000000,186.016713,0.000000,183.259053
348,6782.489349,0.000000,42.000000,185.515320,0.000000,175.487465
350,6782.489349,0.000000,42.000000,184.512535,0.000000,159.944290
351,6782.489349,0.000000,42.000000,184.011142,0.000000,152.172702
353,6782.489349,0.000000,42.000000,183.008357,0.000000,136.629526
355,6782.489349,0.000000,42.000000,182.005571,0.000000,121.086351
356,6782.489349,0.000000,42.000000,181.504178,0.000000,113.314763
357,6782.489349,0.000000,42.000000,181.002786,0.000000,105.543175
361,6782.489349,0.000000,42.000000,178.997214,0.000000,74.456825
362,6782.489349,0.000000,42.000000,178.495822,0.000000,66.685237
363,6782.489349,0.000000,42.000000,177.994429,0.000000,58.913649
364,6782.489349,0.000000,42.000000,177.493036,0.000000,51.142061
367,6782.489349,0.000000,42.000000,175.988858,0.000000,27.827298
369,6782.489349,0.000000,42.000000,174.986072,0.000000,12.284123
371,6782.489349,0.000000,42.000000,173.983287,0.000000,356.740947
374,6782.489349,0.000000,42.000000,172.479109,0.000000,333.426184
375,6782.489349,0.000000,42.000000,171.977716,0.000000,325.654596
378,6782.489349,0.000000,42.000000,170.473538,0.000000,302.339833
379,6782.489349,0.000000,42.000000,169.972145,0.000000,294.568245
380,6782.489349,0.000000,42.000000,169.470752,0.000000,286.796657
381,6782.489349,0.000000,42.000000,168.969359,0.000000,279.025070
382,6782.489349,0.000000,42.000000,168.467967,0.000000,271.253482
383,6782.489349,0.000000,42.000000,167.966574,0.000000,263.481894
384,6782.489349,0.000000,42.000000,167.465181,0.000000,255.710306
385,6782.489349,0.000000,42.000000,166.963788,0.000000,247.938719
387,6782.489349,0.000000,42.000000,165.961003,0.000000,232.395543
388,6782.489349,0.000000,42.000000,165.459610,0.000000,224.623955
389,6782.489349,0.000000,42.000000,164.958217,0.000000,216.852368
391,6782.489349,0.000000,42.000000,163.955432,0.000000,201.309192
393,6782.489349,0.000000,42.000000,162.952646,0.000000,185.766017
395,6782.489349,0.000000,42.000000,161.949861,0.000000,170.222841
396,6782.489349,0.000000,42.000000,161.448468,0.000000,162.451253
398,6782.489349,0.000000,42.000000,160.445682,0.000000,146.908078
402,6782.489349,0.000000,42.000000,158.440111,0.000000,115.821727
403,6782.489349,0.000000,42.000000,157.938719,0.000000,108.050139
404,6782.489349,0.000000,42.000000,157.437326,0.000000,100.278552
406,6782.489349,0.000000,42.000000,156.434540,0.000000,84.735376
407,6782.489349,0.000000,42.000000,155.933148,0.000000,76.963788
410,6782.489349,0.000000,42.000000,154.428969,0.000000,53.649025
413,6782.489349,0.000000,42.000000,152.924791,0.000000,30.334262
415,6782.489349,0.000000,42.000000,151.922006,0.000000,14.791086
418,6782.489349,0.000000,42.000000,150.417827,0.000000,351.476323
419,6782.489349,0.000000,42.000000,149.916435,0.000000,343.704735
420,6782.489349,0.000000,42.000000,149.415042,0.000000,335.933148
421,6782.489349,0.000000,42.000000,148.913649,0.000000,328.161560
422,6782.489349,0.000000,42.000000,148.412256,0.000000,320.389972
423,6782.489349,0.000000,42.000000,147.910864,0.000000,312.618384
424,6782.489349,0.000000,42.000000,147.409471,0.000000,304.846797
425,6782.489349,0.000000,42.000000,146.908078,0.000000,297.075209
426,6782.489349,0.000000,42.000000,146.406685,0.000000,289.303621
427,6782.489349,0.000000,42.000000,145.905292,0.000000,281.532033
429,6782.489349,0.000000,42.000000,144.902507,0.000000,265.988858
430,6782.489349,0.000000,42.000000,144.401114,0.000000,258.217270
431,6782.489349,0.000000,42.000000,143.899721,0.000000,250.445682
433,6782.489349,0.000000,42.000000,142.896936,0.000000,234.902507
436,6782.489349,0.000000,42.000000,141.392758,0.000000,211.587744
437,6782.489349,0.000000,42.000000,140.891365,0.000000,203.816156
439,6782.489349,0.000000,42.000000,139.888579,0.000000,188.272981
442,6782.489349,0.000000,42.000000,138.384401,0.000000,164.958217
443,6782.489349,0.000000,42.000000,137.883008,0.000000,157.186630
445,6782.489349,0.000000,42.000000,136.880223,0.000000,141.643454
446,6782.489349,0.000000,42.000000,136.378830,0.000000,133.871866
447,6782.489349,0.000000,42.000000,135.877437,0.000000,126.100279
449,6782.489349,0.000000,42.000000,134.874652,0.000000,110.557103
450,6782.489349,0.000000,42.000000,134.373259,0.000000,102.785515
453,6782.489349,0.000000,42.000000,132.869081,0.000000,79.470752
454,6782.489349,0.000000,42.000000,132.367688,0.000000,71.699164
455,6782.489349,0.000000,42.000000,131.866295,0.000000,63.927577
456,6782.489349,0.000000,42.000000,131.364903,0.000000,56.155989
457,6782.489349,0.000000,42.000000,130.863510,0.000000,48.384401
459,6782.489349,0.000000,42.000000,129.860724,0.000000,32.841226
460,6782.489349,0.000000,42.000000,129.359331,0.000000,25.069638
461,6782.489349,0.000000,42.000000,128.857939,0.000000,17.298050
462,6782.489349,0.000000,42.000000,128.356546,0.000000,9.526462
463,6782.489349,0.000000,42.000000,127.855153,0.000000,1.754875
464,6782.489349,0.000000,42.000000,127.353760,0.000000,353.983287
466,6782.489349,0.000000,42.000000,126.350975,0.000000,338.440111
468,6782.489349,0.000000,42.000000,125.348189,0.000000,322.896936
469,6782.489349,0.000000,42.000000,124.846797,0.000000,315.125348
470,6782.489349,0.000000,42.000000,124.345404,0.000000,307.353760
471,6782.489349,0.000000,42.000000,123.844011,0.000000,299.582173
473,6782.489349,0.000000,42.000000,122.841226,0.000000,284.038997
475,6782.489349,0.000000,42.000000,121.838440,0.000000,268.495822
478,6782.489349,0.000000,42.000000,120.334262,0.000000,245.181058
479,6782.489349,0.000000,42.000000,119.832869,0.000000,237.409471
480,6782.489349,0.000000,42.000000,119.331476,0.000000,229.637883
481,6782.489349,0.000000,42.000000,118.830084,0.000000,221.866295
482,6782.489349,0.000000,42.000000,118.328691,0.000000,214.094708
483,6782.489349,0.000000,42.000000,117.827298,0.000000,206.323120
485,6782.489349,0.000000,42.000000,116.824513,0.000000,190.779944
486,6782.489349,0.000000,42.000000,116.323120,0.000000,183.008357
489,6782.489349,0.000000,42.000000,114.818942,0.000000,159.693593
492,6782.489349,0.000000,42.000000,113.314763,0.000000,136.378830
493,6782.489349,0.000000,42.000000,112.813370,0.000000,128.607242
494,6782.489349,0.000000,42.000000,112.311978,0.000000,120.835655
499,6782.489349,0.000000,42.000000,109.805014,0.000000,81.977716
500,6782.489349,0.000000,42.000000,109.303621,0.000000,74.206128
501,6782.489349,0.000000,42.000000,108.802228,0.000000,66.434540
502,6782.489349,0.000000,42.000000,108.300836,0.000000,58.662953
503,6782.489349,0.000000,42.000000,107.799443,0.000000,50.891365
504,6782.489349,0.000000,42.000000,107.298050,0.000000,43.119777
505,6782.489349,0.000000,42.000000,106.796657,0.000000,35.348189
506,6782.489349,0.000000,42.000000,106.295265,0.000000,27.576602
507,6782.489349,0.000000,42.000000,105.793872,0.000000,19.805014
512,6782.489349,0.000000,42.000000,103.286908,0.000000,340.947075
513,6782.489349,0.000000,42.000000,102.785515,0.000000,333.175487
515,6782.489349,0.000000,42.000000,101.782730,0.000000,317.632312
516,6782.489349,0.000000,42.000000,101.281337,0.000000,309.860724
518,6782.489349,0.000000,42.000000,100.278552,0.000000,294.317549
519,6782.489349,0.000000,42.000000,99.777159,0.000000,286.545961
520,6782.489349,0.000000,42.000000,99.275766,0.000000,278.774373
521,6782.489349,0.000000,42.000000,98.774373,0.000000,271.002786
522,6782.489349,0.000000,42.000000,98.272981,0.000000,263.231198
523,6782.489349,0.000000,42.000000,97.771588,0.000000,255.459610
524,6782.489349,0.000000,42.000000,97.270195,0.000000,247.688022
526,6782.489349,0.000000,42.000000,96.267409,0.000000,232.144847
527,6782.489349,0.000000,42.000000,95.766017,0.000000,224.373259
530,6782.489349,0.000000,42.000000,94.261838,0.000000,201.058496
531,6782.489349,0.000000,42.000000,93.760446,0.000000,193.286908
534,6782.489349,0.000000,42.000000,92.256267,0.000000,169.972145
535,6782.489349,0.000000,42.000000,91.754875,0.000000,162.200557
536,6782.489349,0.000000,42.000000,91.253482,0.000000,154.428969
537,6782.489349,0.000000,42.000000,90.752089,0.000000,146.657382
538,6782.489349,0.000000,42.000000,90.250696,0.000000,138.885794
539,6782.489349,0.000000,42.000000,89.749304,0.000000,131.114206
540,6782.489349,0.000000,42.000000,89.247911,0.000000,123.342618
541,6782.489349,0.000000,42.000000,88.746518,0.000000,115.571031
542,6782.489349,0.000000,42.000000,88.245125,0.000000,107.799443
543,6782.489349,0.000000,42.000000,87.743733,0.000000,100.027855
544,6782.489349,0.000000,42.000000,87.242340,0.000000,92.256267
545,6782.489349,0.000000,42.000000,86.740947,0.000000,84.484680
546,6782.489349,0.000000,42.000000,86.239554,0.000000,76.713092
547,6782.489349,0.000000,42.000000,85.738162,0.000000,68.941504
551,6782.489349,0.000000,42.000000,83.732591,0.000000,37.855153
553,6782.489349,0.000000,42.000000,82.729805,0.000000,22.311978
555,6782.489349,0.000000,42.000000,81.727019,0.000000,6.768802
557,6782.489349,0.000000,42.000000,80.724234,0.000000,351.225627
558,6782.489349,0.000000,42.000000,80.222841,0.000000,343.454039
559,6782.489349,0.000000,42.000000,79.721448,0.000000,335.682451
560,6782.489349,0.000000,42.000000,79.220056,0.000000,327.910864
561,6782.489349,0.000000,42.000000,78.718663,0.000000,320.139276
563,6782.489349,0.000000,42.000000,77.715877,0.000000,304.596100
565,6782.489349,0.000000,42.000000,76.713092,0.000000,289.052925
570,6782.489349,0.000000,42.000000,74.206128,0.000000,250.194986
571,6782.489349,0.000000,42.000000,73.704735,0.000000,242.423398
573,6782.489349,0.000000,42.000000,72.701950,0.000000,226.880223
577,6782.489349,0.000000,42.000000,70.696379,0.000000,195.793872
578,6782.489349,0.000000,42.000000,70.194986,0.000000,188.022284
579,6782.489349,0.000000,42.000000,69.693593,0.000000,180.250696
581,6782.489349,0.000000,42.000000,68.690808,0.000000,164.707521
582,6782.489349,0.000000,42.000000,68.189415,0.000000,156.935933
583,6782.489349,0.000000,42.000000,67.688022,0.000000,149.164345
586,6782.489349,0.000000,42.000000,66.183844,0.000000,125.849582
588,6782.489349,0.000000,42.000000,65.181058,0.000000,110.306407
590,6782.489349,0.000000,42.000000,64.178273,0.000000,94.763231
591,6782.489349,0.000000,42.000000,63.676880,0.000000,86.991643
596,6782.489349,0.000000,42.000000,61.169916,0.000000,48.133705
598,6782.489349,0.000000,42.000000,60.167131,0.000000,32.590529
599,6782.489349,0.000000,42.000000,59.665738,0.000000,24.818942
601,6782.489349,0.000000,42.000000,58.662953,0.000000,9.275766
602,6782.489349,0.000000,42.000000,58.161560,0.000000,1.504178
604,6782.489349,0.000000,42.000000,57.158774,0.000000,345.961003
607,6782.489349,0.000000,42.000000,55.654596,0.000000,322.646240
608,6782.489349,0.000000,42.000000,55.153203,0.000000,314.874652
610,6782.489349,0.000000,42.000000,54.150418,0.000000,299.331476
613,6782.489349,0.000000,42.000000,52.646240,0.000000,276.016713
614,6782.489349,0.000000,42.000000,52.144847,0.000000,268.245125
616,6782.489349,0.000000,42.000000,51.142061,0.000000,252.701950
617,6782.489349,0.000000,42.000000,50.640669,0.000000,244.930362
618,6782.489349,0.000000,42.000000,50.139276,0.000000,237.158774
620,6782.489349,0.000000,42.000000,49.136490,0.000000,221.615599
621,6782.489349,0.000000,42.000000,48.635097,0.000000,213.844011
622,6782.489349,0.000000,42.000000,48.133705,0.000000,206.072423
623,6782.489349,0.000000,42.000000,47.632312,0.000000,198.300836
624,6782.489349,0.000000,42.000000,47.130919,0.000000,190.529248
625,6782.489349,0.000000,42.000000,46.629526,0.000000,182.757660
626,6782.489349,0.000000,42.000000,46.128134,0.000000,174.986072
627,6782.489349,0.000000,42.000000,45.626741,0.000000,167.214485
629,6782.489349,0.000000,42.000000,44.623955,0.000000,151.671309
631,6782.489349,0.000000,42.000000,43.621170,0.000000,136.128134
632,6782.489349,0.000000,42.000000,43.119777,0.000000,128.356546
635,6782.489349,0.000000,42.000000,41.615599,0.000000,105.041783
636,6782.489349,0.000000,42.000000,41.114206,0.000000,97.270195
637,6782.489349,0.000000,42.000000,40.612813,0.000000,89.498607
638,6782.489349,0.000000,42.000000,40.111421,0.000000,81.727019
639,6782.489349,0.000000,42.000000,39.610028,0.000000,73.955432
641,6782.489349,0.000000,42.000000,38.607242,0.000000,58.412256
642,6782.489349,0.000000,42.000000,38.105850,0.000000,50.640669
650,6782.489349,0.000000,42.000000,34.094708,0.000000,348.467967
652,6782.489349,0.000000,42.000000,33.091922,0.000000,332.924791
653,6782.489349,0.000000,42.000000,32.590529,0.000000,325.153203
656,6782.489349,0.000000,42.000000,31.086351,0.000000,301.838440
657,6782.489349,0.000000,42.000000,30.584958,0.000000,294.066852
658,6782.489349,0.000000,42.000000,30.083565,0.000000,286.295265
661,6782.489349,0.000000,42.000000,28.579387,0.000000,262.980501
662,6782.489349,0.000000,42.000000,28.077994,0.000000,255.208914
664,6782.489349,0.000000,42.000000,27.075209,0.000000,239.665738
665,6782.489349,0.000000,42.000000,26.573816,0.000000,231.894150
666,6782.489349,0.000000,42.000000,26.072423,0.000000,224.122563
668,6782.489349,0.000000,42.000000,25.069638,0.000000,208.579387
669,6782.489349,0.000000,42.000000,24.568245,0.000000,200.807799
672,6782.489349,0.000000,42.000000,23.064067,0.000000,177.493036
674,6782.489349,0.000000,42.000000,22.061281,0.000000,161.949861
675,6782.489349,0.000000,42.000000,21.559889,0.000000,154.178273
676,6782.489349,0.000000,42.000000,21.058496,0.000000,146.406685
677,6782.489349,0.000000,42.000000,20.557103,0.000000,138.635097
678,6782.489349,0.000000,42.000000,20.055710,0.000000,130.863510
679,6782.489349,0.000000,42.000000,19.554318,0.000000,123.091922
680,6782.489349,0.000000,42.000000,19.052925,0.000000,115.320334
681,6782.489349,0.000000,42.000000,18.551532,0.000000,107.548747
682,6782.489349,0.000000,42.000000,18.050139,0.000000,99.777159
684,6782.489349,0.000000,42.000000,17.047354,0.000000,84.233983
692,6782.489349,0.000000,42.000000,13.036212,0.000000,22.061281
695,6782.489349,0.000000,42.000000,11.532033,0.000000,358.746518
697,6782.489349,0.000000,42.000000,10.529248,0.000000,343.203343
699,6782.489349,0.000000,42.000000,9.526462,0.000000,327.660167
700,6782.489349,0.000000,42.000000,9.025070,0.000000,319.888579
701,6782.489349,0.000000,42.000000,8.523677,0.000000,312.116992
702,6782.489349,0.000000,42.000000,8.022284,0.000000,304.345404
703,6782.489349,0.000000,42.000000,7.520891,0.000000,296.573816
705,6782.489349,0.000000,42.000000,6.518106,0.000000,281.030641
706,6782.489349,0.000000,42.000000,6.016713,0.000000,273.259053
707,6782.489349,0.000000,42.000000,5.515320,0.000000,265.487465
708,6782.489349,0.000000,42.000000,5.013928,0.000000,257.715877
709,6782.489349,0.000000,42.000000,4.512535,0.000000,249.944290
711,6782.489349,0.000000,42.000000,3.509749,0.000000,234.401114
713,6782.489349,0.000000,42.000000,2.506964,0.000000,218.857939
714,6782.489349,0.000000,42.000000,2.005571,0.000000,211.086351
715,6782.489349,0.000000,42.000000,1.504178,0.000000,203.314763
716,6782.489349,0.000000,42.000000,1.002786,0.000000,195.543175
717,6782.489349,0.000000,42.000000,0.501393,0.000000,187.771588
718,6782.489349,0.000000,42.000000,0.000000,0.000000,180.000000
720,6782.489349,0.000000,42.000000,358.997214,0.000000,164.456825
721,6782.489349,0.000000,42.000000,358.495822,0.000000,156.685237
722,6782.489349,0.000000,42.000000,357.994429,0.000000,148.913649
724,6782.489349,0.000000,42.000000,356.991643,0.000000,133.370474
725,6782.489349,0.000000,42.000000,356.490251,0.000000,125.598886
726,6782.489349,0.000000,42.000000,355.988858,0.000000,117.827298
728,6782.489349,0.000000,42.000000,354.986072,0.000000,102.284123
733,6782.489349,0.000000,42.000000,352.479109,0.000000,63.426184
734,6782.489349,0.000000,42.000000,351.977716,0.000000,55.654596
735,6782.489349,0.000000,42.000000,351.476323,0.000000,47.883008
736,6782.489349,0.000000,42.000000,350.974930,0.000000,40.111421
737,6782.489349,0.000000,42.000000,350.473538,0.000000,32.339833
738,6782.489349,0.000000,42.000000,349.972145,0.000000,24.568245
739,6782.489349,0.000000,42.000000,349.470752,0.000000,16.796657
740,6782.489349,0.000000,42.000000,348.969359,0.000000,9.025070
741,6782.489349,0.000000,42.000000,348.467967,0.000000,1.253482
742,6782.489349,0.000000,42.000000,347.966574,0.000000,353.481894
743,6782.489349,0.000000,42.000000,347.465181,0.000000,345.710306
744,6782.489349,0.000000,42.000000,346.963788,0.000000,337.938719
745,6782.489349,0.000000,42.000000,346.462396,0.000000,330.167131
747,6782.489349,0.000000,42.000000,345.459610,0.000000,314.623955
748,6782.489349,0.000000,42.000000,344.958217,0.000000,306.852368
749,6782.489349,0.000000,42.000000,344.456825,0.000000,299.080780
751,6782.489349,0.000000,42.000000,343.454039,0.000000,283.537604
753,6782.489349,0.000000,42.000000,342.451253,0.000000,267.994429
754,6782.489349,0.000000,42.000000,341.949861,0.000000,260.222841
758,6782.489349,0.000000,42.000000,339.944290,0.000000,229.136490
759,6782.489349,0.000000,42.000000,339.442897,0.000000,221.364903
760,6782.489349,0.000000,42.000000,338.941504,0.000000,213.593315
761,6782.489349,0.000000,42.000000,338.440111,0.000000,205.821727
763,6782.489349,0.000000,42.000000,337.437326,0.000000,190.278552
764,6782.489349,0.000000,42.000000,336.935933,0.000000,182.506964
765,6782.489349,0.000000,42.000000,336.434540,0.000000,174.735376
767,6782.489349,0.000000,42.000000,335.431755,0.000000,159.192201
769,6782.489349,0.000000,42.000000,334.428969,0.000000,143.649025
771,6782.489349,0.000000,42.000000,333.426184,0.000000,128.105850
773,6782.489349,0.000000,42.000000,332.423398,0.000000,112.562674
774,6782.489349,0.000000,42.000000,331.922006,0.000000,104.791086
776,6782.489349,0.000000,42.000000,330.919220,0.000000,89.247911
777,6782.489349,0.000000,42.000000,330.417827,0.000000,81.476323
779,6782.489349,0.000000,42.000000,329.415042,0.000000,65.933148
780,6782.489349,0.000000,42.000000,328.913649,0.000000,58.161560
781,6782.489349,0.000000,42.000000,328.412256,0.000000,50.389972
782,6782.489349,0.000000,42.000000,327.910864,0.000000,42.618384
783,6782.489349,0.000000,42.000000,327.409471,0.000000,34.846797
784,6782.489349,0.000000,42.000000,326.908078,0.000000,27.075209
786,6782.489349,0.000000,42.000000,325.905292,0.000000,11.532033
787,6782.489349,0.000000,42.000000,325.403900,0.000000,3.760446
788,6782.489349,0.000000,42.000000,324.902507,0.000000,355.988858
791,6782.489349,0.000000,42.000000,323.398329,0.000000,332.674095
793,6782.489349,0.000000,42.000000,322.395543,0.000000,317.130919
794,6782.489349,0.000000,42.000000,321.894150,0.000000,309.359331
796,6782.489349,0.000000,42.000000,320.891365,0.000000,293.816156
798,6782.489349,0.000000,42.000000,319.888579,0.000000,278.272981
799,6782.489349,0.000000,42.000000,319.387187,0.000000,270.501393
801,6782.489349,0.000000,42.000000,318.384401,0.000000,254.958217
803,6782.489349,0.000000,42.000000,317.381616,0.000000,239.415042
806,6782.489349,0.000000,42.000000,315.877437,0.000000,216.100279
807,6782.489349,0.000000,42.000000,315.376045,0.000000,208.328691
810,6782.489349,0.000000,42.000000,313.871866,0.000000,185.013928
812,6782.489349,0.000000,42.000000,312.869081,0.000000,169.470752
814,6782.489349,0.000000,42.000000,311.866295,0.000000,153.927577
816,6782.489349,0.000000,42.000000,310.863510,0.000000,138.384401
817,6782.489349,0.000000,42.000000,310.362117,0.000000,130.612813
818,6782.489349,0.000000,42.000000,309.860724,0.000000,122.841226
820,6782.489349,0.000000,42.000000,308.857939,0.000000,107.298050
821,6782.489349,0.000000,42.000000,308.356546,0.000000,99.526462
822,6782.489349,0.000000,42.000000,307.855153,0.000000,91.754875
823,6782.489349,0.000000,42.000000,307.353760,0.000000,83.983287
824,6782.489349,0.000000,42.000000,306.852368,0.000000,76.211699
825,6782.489349,0.000000,42.000000,306.350975,0.000000,68.440111
826,6782.489349,0.000000,42.000000,305.849582,0.000000,60.668524
828,6782.489349,0.000000,42.000000,304.846797,0.000000,45.125348
829,6782.489349,0.000000,42.000000,304.345404,0.000000,37.353760
832,6782.489349,0.000000,42.000000,302.841226,0.000000,14.038997
833,6782.489349,0.000000,42.000000,302.339833,0.000000,6.267409
834,6782.489349,0.000000,42.000000,301.838440,0.000000,358.495822
836,6782.489349,0.000000,42.000000,300.835655,0.000000,342.952646
837,6782.489349,0.000000,42.000000,300.334262,0.000000,335.181058
838,6782.489349,0.000000,42.000000,299.832869,0.000000,327.409471
839,6782.489349,0.000000,42.000000,299.331476,0.000000,319.637883
840,6782.489349,0.000000,42.000000,298.830084,0.000000,311.866295
841,6782.489349,0.000000,42.000000,298.328691,0.000000,304.094708
842,6782.489349,0.000000,42.000000,297.827298,0.000000,296.323120
843,6782.489349,0.000000,42.000000,297.325905,0.000000,288.551532
845,6782.489349,0.000000,42.000000,296.323120,0.000000,273.008357
848,6782.489349,0.000000,42.000000,294.818942,0.000000,249.693593
851,6782.489349,0.000000,42.000000,293.314763,0.000000,226.378830
852,6782.489349,0.000000,42.000000,292.813370,0.000000,218.607242
854,6782.489349,0.000000,42.000000,291.810585,0.000000,203.064067
855,6782.489349,0.000000,42.000000,291.309192,0.000000,195.292479
856,6782.489349,0.000000,42.000000,290.807799,0.000000,187.520891
857,6782.489349,0.000000,42.000000,290.306407,0.000000,179.749304
859,6782.489349,0.000000,42.000000,289.303621,0.000000,164.206128
862,6782.489349,0.000000,42.000000,287.799443,0.000000,140.891365
863,6782.489349,0.000000,42.000000,287.298050,0.000000,133.119777
865,6782.489349,0.000000,42.000000,286.295265,0.000000,117.576602
866,6782.489349,0.000000,42.000000,285.793872,0.000000,109.805014
867,6782.489349,0.000000,42.000000,285.292479,0.000000,102.033426
868,6782.489349,0.000000,42.000000,284.791086,0.000000,94.261838
870,6782.489349,0.000000,42.000000,283.788301,0.000000,78.718663
871,6782.489349,0.000000,42.000000,283.286908,0.000000,70.947075
873,6782.489349,0.000000,42.000000,282.284123,0.000000,55.403900
874,6782.489349,0.000000,42.000000,281.782730,0.000000,47.632312
875,6782.489349,0.000000,42.000000,281.281337,0.000000,39.860724
878,6782.489349,0.000000,42.000000,279.777159,0.000000,16.545961
879,6782.489349,0.000000,42.000000,279.275766,0.000000,8.774373
881,6782.489349,0.000000,42.000000,278.272981,0.000000,353.231198
883,6782.489349,0.000000,42.000000,277.270195,0.000000,337.688022
884,6782.489349,0.000000,42.000000,276.768802,0.000000,329.916435
886,6782.489349,0.000000,42.000000,275.766017,0.000000,314.373259
888,6782.489349,0.000000,42.000000,274.763231,0.000000,298.830084
889,6782.489349,0.000000,42.000000,274.261838,0.000000,291.058496
892,6782.489349,0.000000,42.000000,272.757660,0.000000,267.743733
895,6782.489349,0.000000,42.000000,271.253482,0.000000,244.428969
896,6782.489349,0.000000,42.000000,270.752089,0.000000,236.657382
898,6782.489349,0.000000,42.000000,269.749304,0.000000,221.114206
901,6782.489349,0.000000,42.000000,268.245125,0.000000,197.799443
902,6782.489349,0.000000,42.000000,267.743733,0.000000,190.027855
903,6782.489349,0.000000,42.000000,267.242340,0.000000,182.256267
904,6782.489349,0.000000,42.000000,266.740947,0.000000,174.484680
905,6782.489349,0.000000,42.000000,266.239554,0.000000,166.713092
906,6782.489349,0.000000,42.000000,265.738162,0.000000,158.941504
908,6782.489349,0.000000,42.000000,264.735376,0.000000,143.398329
909,6782.489349,0.000000,42.000000,264.233983,0.000000,135.626741
910,6782.489349,0.000000,42.000000,263.732591,0.000000,127.855153
912,6782.489349,0.000000,42.000000,262.729805,0.000000,112.311978
913,6782.489349,0.000000,42.000000,262.228412,0.000000,104.540390
914,6782.489349,0.000000,42.000000,261.727019,0.000000,96.768802
915,6782.489349,0.000000,42.000000,261.225627,0.000000,88.997214
916,6782.489349,0.000000,42.000000,260.724234,0.000000,81.225627
917,6782.489349,0.000000,42.000000,260.222841,0.000000,73.454039
919,6782.489349,0.000000,42.000000,259.220056,0.000000,57.910864
920,6782.489349,0.000000,42.000000,258.718663,0.000000,50.139276
921,6782.489349,0.000000,42.000000,258.217270,0.000000,42.367688
922,6782.489349,0.000000,42.000000,257.715877,0.000000,34.596100
923,6782.489349,0.000000,42.000000,257.214485,0.000000,26.824513
925,6782.489349,0.000000,42.000000,256.211699,0.000000,11.281337
926,6782.489349,0.000000,42.000000,255.710306,0.000000,3.509749
930,6782.489349,0.000000,42.000000,253.704735,0.000000,332.423398
932,6782.489349,0.000000,42.000000,252.701950,0.000000,316.880223
933,6782.489349,0.000000,42.000000,252.200557,0.000000,309.108635
935,6782.489349,0.000000,42.000000,251.197772,0.000000,293.565460
936,6782.489349,0.000000,42.000000,250.696379,0.000000,285.793872
937,6782.489349,0.000000,42.000000,250.194986,0.000000,278.022284
940,6782.489349,0.000000,42.000000,248.690808,0.000000,254.707521
942,6782.489349,0.000000,42.000000,247.688022,0.000000,239.164345
944,6782.489349,0.000000,42.000000,246.685237,0.000000,223.621170
945,6782.489349,0.000000,42.000000,246.183844,0.000000,215.849582
948,6782.489349,0.000000,42.000000,244.679666,0.000000,192.534819
949,6782.489349,0.000000,42.000000,244.178273,0.000000,184.763231
951,6782.489349,0.000000,42.000000,243.175487,0.000000,169.220056
953,6782.489349,0.000000,42.000000,242.172702,0.000000,153.676880
954,6782.489349,0.000000,42.000000,241.671309,0.000000,145.905292
955,6782.489349,0.000000,42.000000,241.169916,0.000000,138.133705
957,6782.489349,0.000000,42.000000,240.167131,0.000000,122.590529
958,6782.489349,0.000000,42.000000,239.665738,0.000000,114.818942
959,6782.489349,0.000000,42.000000,239.164345,0.000000,107.047354
960,6782.489349,0.000000,42.000000,238.662953,0.000000,99.275766
961,6782.489349,0.000000,42.000000,238.161560,0.000000,91.504178
962,6782.489349,0.000000,42.000000,237.660167,0.000000,83.732591
964,6782.489349,0.000000,42.000000,236.657382,0.000000,68.189415
965,6782.489349,0.000000,42.000000,236.155989,0.000000,60.417827
967,6782.489349,0.000000,42.000000,235.153203,0.000000,44.874652
969,6782.489349,0.000000,42.000000,234.150418,0.000000,29.331476
971,6782.489349,0.000000,42.000000,233.147632,0.000000,13.788301
972,6782.489349,0.000000,42.000000,232.646240,0.000000,6.016713
977,6782.489349,0.000000,42.000000,230.139276,0.000000,327.158774
978,6782.489349,0.000000,42.000000,229.637883,0.000000,319.387187
979,6782.489349,0.000000,42.000000,229.136490,0.000000,311.615599
981,6782.489349,0.000000,42.000000,228.133705,0.000000,296.072423
983,6782.489349,0.000000,42.000000,227.130919,0.000000,280.529248
984,6782.489349,0.000000,42.000000,226.629526,0.000000,272.757660
986,6782.489349,0.000000,42.000000,225.626741,0.000000,257.214485
987,6782.489349,0.000000,42.000000,225.125348,0.000000,249.442897
989,6782.489349,0.000000,42.000000,224.122563,0.000000,233.899721
990,6782.489349,0.000000,42.000000,223.621170,0.000000,226.128134
991,6782.489349,0.000000,42.000000,223.119777,0.000000,218.356546
992,6782.489349,0.000000,42.000000,222.618384,0.000000,210.584958
995,6782.489349,0.000000,42.000000,221.114206,0.000000,187.270195
996,6782.489349,0.000000,42.000000,220.612813,0.000000,179.498607
997,6782.489349,0.000000,42.000000,220.111421,0.000000,171.727019
1000,6782.489349,0.000000,42.000000,218.607242,0.000000,148.412256
1001,6782.489349,0.000000,42.000000,218.105850,0.000000,140.640669
1002,6782.489349,0.000000,42.000000,217.604457,0.000000,132.869081
1003,6782.489349,0.000000,42.000000,217.103064,0.000000,125.097493
1005,6782.489349,0.000000,42.000000,216.100279,0.000000,109.554318
1006,6782.489349,0.000000,42.000000,215.598886,0.000000,101.782730
1007,6782.489349,0.000000,42.000000,215.097493,0.000000,94.011142
1009,6782.489349,0.000000,42.000000,214.094708,0.000000,78.467967
1011,6782.489349,0.000000,42.000000,213.091922,0.000000,62.924791
1012,6782.489349,0.000000,42.000000,212.590529,0.000000,55.153203
1016,6782.489349,0.000000,42.000000,210.584958,0.000000,24.066852
1018,6782.489349,0.000000,42.000000,209.582173,0.000000,8.523677
1020,6782.489349,0.000000,42.000000,208.579387,0.000000,352.980501
1022,6782.489349,0.000000,42.000000,207.576602,0.000000,337.437326
1023,6782.489349,0.000000,42.000000,207.075209,0.000000,329.665738
1024,6782.489349,0.000000,42.000000,206.573816,0.000000,321.894150
1026,6782.489349,0.000000,42.000000,205.571031,0.000000,306.350975
1027,6782.489349,0.000000,42.000000,205.069638,0.000000,298.579387
1031,6782.489349,0.000000,42.000000,203.064067,0.000000,267.493036
1032,6782.489349,0.000000,42.000000,202.562674,0.000000,259.721448
1033,6782.489349,0.000000,42.000000,202.061281,0.000000,251.949861
1034,6782.489349,0.000000,42.000000,201.559889,0.000000,244.178273
1036,6782.489349,0.000000,42.000000,200.557103,0.000000,228.635097
1037,6782.489349,0.000000,42.000000,200.055710,0.000000,220.863510
1039,6782.489349,0.000000,42.000000,199.052925,0.000000,205.320334
1040,6782.489349,0.000000,42.000000,198.551532,0.000000,197.548747
1041,6782.489349,0.000000,42.000000,198.050139,0.000000,189.777159
1043,6782.489349,0.000000,42.000000,197.047354,0.000000,174.233983
1044,6782.489349,0.000000,42.000000,196.545961,0.000000,166.462396
1046,6782.489349,0.000000,42.000000,195.543175,0.000000,150.919220
1048,6782.489349,0.000000,42.000000,194.540390,0.000000,135.376045
1049,6782.489349,0.000000,42.000000,194.038997,0.000000,127.604457
1050,6782.489349,0.000000,42.000000,193.537604,0.000000,119.832869
1052,6782.489349,0.000000,42.000000,192.534819,0.000000,104.289694
1053,6782.489349,0.000000,42.000000,192.033426,0.000000,96.518106
1056,6782.489349,0.000000,42.000000,190.529248,0.000000,73.203343
1057,6782.489349,0.000000,42.000000,190.027855,0.000000,65.431755
1058,6782.489349,0.000000,42.000000,189.526462,0.000000,57.660167
1060,6782.489349,0.000000,42.000000,188.523677,0.000000,42.116992
1062,6782.489349,0.000000,42.000000,187.520891,0.000000,26.573816
1063,6782.489349,0.000000,42.000000,187.019499,0.000000,18.802228
1064,6782.489349,0.000000,42.000000,186.518106,0.000000,11.030641
1065,6782.489349,0.000000,42.000000,186.016713,0.000000,3.259053
1067,6782.489349,0.000000,42.000000,185.013928,0.000000,347.715877
1069,6782.489349,0.000000,42.000000,184.011142,0.000000,332.172702
1071,6782.489349,0.000000,42.000000,183.008357,0.000000,316.629526
1072,6782.489349,0.000000,42.000000,182.506964,0.000000,308.857939
1074,6782.489349,0.000000,42.000000,181.504178,0.000000,293.314763
1075,6782.489349,0.000000,42.000000,181.002786,0.000000,285.543175
1077,6782.489349,0.000000,42.000000,180.000000,0.000000,270.000000
1079,6782.489349,0.000000,42.000000,178.997214,0.000000,254.456825
1080,6782.489349,0.000000,42.000000,178.495822,0.000000,246.685237
1081,6782.489349,0.000000,42.000000,177.994429,0.000000,238.913649
1084,6782.489349,0.000000,42.000000,176.490251,0.000000,215.598886
1087,6782.489349,0.000000,42.000000,174.986072,0.000000,192.284123
1090,6782.489349,0.000000,42.000000,173.481894,0.000000,168.969359
1092,6782.489349,0.000000,42.000000,172.479109,0.000000,153.426184
1093,6782.489349,0.000000,42.000000,171.977716,0.000000,145.654596
1095,6782.489349,0.000000,42.000000,170.974930,0.000000,130.111421
1096,6782.489349,0.000000,42.000000,170.473538,0.000000,122.339833
1098,6782.489349,0.000000,42.000000,169.470752,0.000000,106.796657
1100,6782.489349,0.000000,42.000000,168.467967,0.000000,91.253482
1102,6782.489349,0.000000,42.000000,167.465181,0.000000,75.710306
1103,6782.489349,0.000000,42.000000,166.963788,0.000000,67.938719
1106,6782.489349,0.000000,42.000000,165.459610,0.000000,44.623955
1107,6782.489349,0.000000,42.000000,164.958217,0.000000,36.852368
1111,6782.489349,0.000000,42.000000,162.952646,0.000000,5.766017
1115,6782.489349,0.000000,42.000000,160.947075,0.000000,334.679666
1116,6782.489349,0.000000,42.000000,160.445682,0.000000,326.908078
1117,6782.489349,0.000000,42.000000,159.944290,0.000000,319.136490
1118,6782.489349,0.000000,42.000000,159.442897,0.000000,311.364903
1119,6782.489349,0.000000,42.000000,158.941504,0.000000,303.593315
1120,6782.489349,0.000000,42.000000,158.440111,0.000000,295.821727
1124,6782.489349,0.000000,42.000000,156.434540,0.000000,264.735376
1125,6782.489349,0.000000,42.000000,155.933148,0.000000,256.963788
1127,6782.489349,0.000000,42.000000,154.930362,0.000000,241.420613
1128,6782.489349,0.000000,42.000000,154.428969,0.000000,233.649025
1129,6782.489349,0.000000,42.000000,153.927577,0.000000,225.877437
1130,6782.489349,0.000000,42.000000,153.426184,0.000000,218.105850
1132,6782.489349,0.000000,42.000000,152.423398,0.000000,202.562674
1133,6782.489349,0.000000,42.000000,151.922006,0.000000,194.791086
1134,6782.489349,0.000000,42.000000,151.420613,0.000000,187.019499
1135,6782.489349,0.000000,42.000000,150.919220,0.000000,179.247911
1136,6782.489349,0.000000,42.000000,150.417827,0.000000,171.476323
1137,6782.489349,0.000000,42.000000,149.916435,0.000000,163.704735
1138,6782.489349,0.000000,42.000000,149.415042,0.000000,155.933148
1139,6782.489349,0.000000,42.000000,148.913649,0.000000,148.161560
1140,6782.489349,0.000000,42.000000,148.412256,0.000000,140.389972
1141,6782.489349,0.000000,42.000000,147.910864,0.000000,132.618384
1142,6782.489349,0.000000,42.000000,147.409471,0.000000,124.846797
1143,6782.489349,0.000000,42.000000,146.908078,0.000000,117.075209
1145,6782.489349,0.000000,42.000000,145.905292,0.000000,101.532033
1146,6782.489349,0.000000,42.000000,145.403900,0.000000,93.760446
1147,6782.489349,0.000000,42.000000,144.902507,0.000000,85.988858
1153,6782.489349,0.000000,42.000000,141.894150,0.000000,39.359331
1155,6782.489349,0.000000,42.000000,140.891365,0.000000,23.816156
1161,6782.489349,0.000000,42.000000,137.883008,0.000000,337.186630
1163,6782.489349,0.000000,42.000000,136.880223,0.000000,321.643454
1164,6782.489349,0.000000,42.000000,136.378830,0.000000,313.871866
1165,6782.489349,0.000000,42.000000,135.877437,0.000000,306.100279
1167,6782.489349,0.000000,42.000000,134.874652,0.000000,290.557103
1168,6782.489349,0.000000,42.000000,134.373259,0.000000,282.785515
1169,6782.489349,0.000000,42.000000,133.871866,0.000000,275.013928
1170,6782.489349,0.000000,42.000000,133.370474,0.000000,267.242340
1172,6782.489349,0.000000,42.000000,132.367688,0.000000,251.699164
1173,6782.489349,0.000000,42.000000,131.866295,0.000000,243.927577
1174,6782.489349,0.000000,42.000000,131.364903,0.000000,236.155989
1175,6782.489349,0.000000,42.000000,130.863510,0.000000,228.384401
1178,6782.489349,0.000000,42.000000,129.359331,0.000000,205.069638
1179,6782.489349,0.000000,42.000000,128.857939,0.000000,197.298050
1182,6782.489349,0.000000,42.000000,127.353760,0.000000,173.983287
1183,6782.489349,0.000000,42.000000,126.852368,0.000000,166.211699
1186,6782.489349,0.000000,42.000000,125.348189,0.000000,142.896936
1189,6782.489349,0.000000,42.000000,123.844011,0.000000,119.582173
1191,6782.489349,0.000000,42.000000,122.841226,0.000000,104.038997
1192,6782.489349,0.000000,42.000000,122.339833,0.000000,96.267409
1193,6782.489349,0.000000,42.000000,121.838440,0.000000,88.495822
1194,6782.489349,0.000000,42.000000,121.337047,0.000000,80.724234
1196,6782.489349,0.000000,42.000000,120.334262,0.000000,65.181058
1198,6782.489349,0.000000,42.000000,119.331476,0.000000,49.637883
1201,6782.489349,0.000000,42.000000,117.827298,0.000000,26.323120
1203,6782.489349,0.000000,42.000000,116.824513,0.000000,10.779944
1204,6782.489349,0.000000,42.000000,116.323120,0.000000,3.008357
1205,6782.489349,0.000000,42.000000,115.821727,0.000000,355.236769
1206,6782.489349,0.000000,42.000000,115.320334,0.000000,347.465181
1208,6782.489349,0.000000,42.000000,114.317549,0.000000,331.922006
1209,6782.489349,0.000000,42.000000,113.816156,0.000000,324.150418
1211,6782.489349,0.000000,42.000000,112.813370,0.000000,308.607242
1212,6782.489349,0.000000,42.000000,112.311978,0.000000,300.835655
1213,6782.489349,0.000000,42.000000,111.810585,0.000000,293.064067
1215,6782.489349,0.000000,42.000000,110.807799,0.000000,277.520891
1217,6782.489349,0.000000,42.000000,109.805014,0.000000,261.977716
1218,6782.489349,0.000000,42.000000,109.303621,0.000000,254.206128
1222,6782.489349,0.000000,42.000000,107.298050,0.000000,223.119777
1223,6782.489349,0.000000,42.000000,106.796657,0.000000,215.348189
1224,6782.489349,0.000000,42.000000,106.295265,0.000000,207.576602
1225,6782.489349,0.000000,42.000000,105.793872,0.000000,199.805014
1226,6782.489349,0.000000,42.000000,105.292479,0.000000,192.033426
1227,6782.489349,0.000000,42.000000,104.791086,0.000000,184.261838
1228,6782.489349,0.000000,42.000000,104.289694,0.000000,176.490251
1231,6782.489349,0.000000,42.000000,102.785515,0.000000,153.175487
1233,6782.489349,0.000000,42.000000,101.782730,0.000000,137.632312
1234,6782.489349,0.000000,42.000000,101.281337,0.000000,129.860724
1235,6782.489349,0.000000,42.000000,100.779944,0.000000,122.089136
1236,6782.489349,0.000000,42.000000,100.278552,0.000000,114.317549
1237,6782.489349,0.000000,42.000000,99.777159,0.000000,106.545961
1238,6782.489349,0.000000,42.000000,99.275766,0.000000,98.774373
1239,6782.489349,0.000000,42.000000,98.774373,0.000000,91.002786
1244,6782.489349,0.000000,42.000000,96.267409,0.000000,52.144847
1246,6782.489349,0.000000,42.000000,95.264624,0.000000,36.601671
1249,6782.489349,0.000000,42.000000,93.760446,0.000000,13.286908
1252,6782.489349,0.000000,42.000000,92.256267,0.000000,349.972145
1254,6782.489349,0.000000,42.000000,91.253482,0.000000,334.428969
1256,6782.489349,0.000000,42.000000,90.250696,0.000000,318.885794
1257,6782.489349,0.000000,42.000000,89.749304,0.000000,311.114206
1258,6782.489349,0.000000,42.000000,89.247911,0.000000,303.342618
1259,6782.489349,0.000000,42.000000,88.746518,0.000000,295.571031
1260,6782.489349,0.000000,42.000000,88.245125,0.000000,287.799443
1261,6782.489349,0.000000,42.000000,87.743733,0.000000,280.027855
1264,6782.489349,0.000000,42.000000,86.239554,0.000000,256.713092
1266,6782.489349,0.000000,42.000000,85.236769,0.000000,241.169916
1268,6782.489349,0.000000,42.000000,84.233983,0.000000,225.626741
1269,6782.489349,0.000000,42.000000,83.732591,0.000000,217.855153
1271,6782.489349,0.000000,42.000000,82.729805,0.000000,202.311978
1273,6782.489349,0.000000,42.000000,81.727019,0.000000,186.768802
1274,6782.489349,0.000000,42.000000,81.225627,0.000000,178.997214
1275,6782.489349,0.000000,42.000000,80.724234,0.000000,171.225627
1277,6782.489349,0.000000,42.000000,79.721448,0.000000,155.682451
1278,6782.489349,0.000000,42.000000,79.220056,0.000000,147.910864
1279,6782.489349,0.000000,42.000000,78.718663,0.000000,140.139276
1280,6782.489349,0.000000,42.000000,78.217270,0.000000,132.367688
1281,6782.489349,0.000000,42.000000,77.715877,0.000000,124.596100
1282,6782.489349,0.000000,42.000000,77.214485,0.000000,116.824513
1284,6782.489349,0.000000,42.000000,76.211699,0.000000,101.281337
1289,6782.489349,0.000000,42.000000,73.704735,0.000000,62.423398
1290,6782.489349,0.000000,42.000000,73.203343,0.000000,54.651811
1292,6782.489349,0.000000,42.000000,72.200557,0.000000,39.108635
1294,6782.489349,0.000000,42.000000,71.197772,0.000000,23.565460
1295,6782.489349,0.000000,42.000000,70.696379,0.000000,15.793872
1296,6782.489349,0.000000,42.000000,70.194986,0.000000,8.022284
1299,6782.489349,0.000000,42.000000,68.690808,0.000000,344.707521
1301,6782.489349,0.000000,42.000000,67.688022,0.000000,329.164345
1302,6782.489349,0.000000,42.000000,67.186630,0.000000,321.392758
1303,6782.489349,0.000000,42.000000,66.685237,0.000000,313.621170
1304,6782.489349,0.000000,42.000000,66.183844,0.000000,305.849582
1307,6782.489349,0.000000,42.000000,64.679666,0.000000,282.534819
1308,6782.489349,0.000000,42.000000,64.178273,0.000000,274.763231
1310,6782.489349,0.000000,42.000000,63.175487,0.000000,259.220056
1313,6782.489349,0.000000,42.000000,61.671309,0.000000,235.905292
1314,6782.489349,0.000000,42.000000,61.169916,0.000000,228.133705
1317,6782.489349,0.000000,42.000000,59.665738,0.000000,204.818942
1318,6782.489349,0.000000,42.000000,59.164345,0.000000,197.047354
1319,6782.489349,0.000000,42.000000,58.662953,0.000000,189.275766
1322,6782.489349,0.000000,42.000000,57.158774,0.000000,165.961003
1323,6782.489349,0.000000,42.000000,56.657382,0.000000,158.189415
1324,6782.489349,0.000000,42.000000,56.155989,0.000000,150.417827
1325,6782.489349,0.000000,42.000000,55.654596,0.000000,142.646240
1326,6782.489349,0.000000,42.000000,55.153203,0.000000,134.874652
1327,6782.489349,0.000000,42.000000,54.651811,0.000000,127.103064
1329,6782.489349,0.000000,42.000000,53.649025,0.000000,111.559889
1330,6782.489349,0.000000,42.000000,53.147632,0.000000,103.788301
1331,6782.489349,0.000000,42.000000,52.646240,0.000000,96.016713
1334,6782.489349,0.000000,42.000000,51.142061,0.000000,72.701950
1336,6782.489349,0.000000,42.000000,50.139276,0.000000,57.158774
1338,6782.489349,0.000000,42.000000,49.136490,0.000000,41.615599
1339,6782.489349,0.000000,42.000000,48.635097,0.000000,33.844011
1340,6782.489349,0.000000,42.000000,48.133705,0.000000,26.072423
1341,6782.489349,0.000000,42.000000,47.632312,0.000000,18.300836
1342,6782.489349,0.000000,42.000000,47.130919,0.000000,10.529248
1344,6782.489349,0.000000,42.000000,46.128134,0.000000,354.986072
1345,6782.489349,0.000000,42.000000,45.626741,0.000000,347.214485
1346,6782.489349,0.000000,42.000000,45.125348,0.000000,339.442897
1349,6782.489349,0.000000,42.000000,43.621170,0.000000,316.128134
1350,6782.489349,0.000000,42.000000,43.119777,0.000000,308.356546
1352,6782.489349,0.000000,42.000000,42.116992,0.000000,292.813370
1353,6782.489349,0.000000,42.000000,41.615599,0.000000,285.041783
1354,6782.489349,0.000000,42.000000,41.114206,0.000000,277.270195
1355,6782.489349,0.000000,42.000000,40.612813,0.000000,269.498607
1357,6782.489349,0.000000,42.000000,39.610028,0.000000,253.955432
1358,6782.489349,0.000000,42.000000,39.108635,0.000000,246.183844
1362,6782.489349,0.000000,42.000000,37.103064,0.000000,215.097493
1363,6782.489349,0.000000,42.000000,36.601671,0.000000,207.325905
1365,6782.489349,0.000000,42.000000,35.598886,0.000000,191.782730
1368,6782.489349,0.000000,42.000000,34.094708,0.000000,168.467967
1369,6782.489349,0.000000,42.000000,33.593315,0.000000,160.696379
1371,6782.489349,0.000000,42.000000,32.590529,0.000000,145.153203
1372,6782.489349,0.000000,42.000000,32.089136,0.000000,137.381616
1375,6782.489349,0.000000,42.000000,30.584958,0.000000,114.066852
1377,6782.489349,0.000000,42.000000,29.582173,0.000000,98.523677
1378,6782.489349,0.000000,42.000000,29.080780,0.000000,90.752089
1381,6782.489349,0.000000,42.000000,27.576602,0.000000,67.437326
1382,6782.489349,0.000000,42.000000,27.075209,0.000000,59.665738
1383,6782.489349,0.000000,42.000000,26.573816,0.000000,51.894150
1384,6782.489349,0.000000,42.000000,26.072423,0.000000,44.122563
1385,6782.489349,0.000000,42.000000,25.571031,0.000000,36.350975
1386,6782.489349,0.000000,42.000000,25.069638,0.000000,28.579387
1388,6782.489349,0.000000,42.000000,24.066852,0.000000,13.036212
1391,6782.489349,0.000000,42.000000,22.562674,0.000000,349.721448
1392,6782.489349,0.000000,42.000000,22.061281,0.000000,341.949861
1393,6782.489349,0.000000,42.000000,21.559889,0.000000,334.178273
1395,6782.489349,0.000000,42.000000,20.557103,0.000000,318.635097
1396,6782.489349,0.000000,42.000000,20.055710,0.000000,310.863510
1397,6782.489349,0.000000,42.000000,19.554318,0.000000,303.091922
1399,6782.489349,0.000000,42.000000,18.551532,0.000000,287.548747
1403,6782.489349,0.000000,42.000000,16.545961,0.000000,256.462396
1404,6782.489349,0.000000,42.000000,16.044568,0.000000,248.690808
1406,6782.489349,0.000000,42.000000,15.041783,0.000000,233.147632
1408,6782.489349,0.000000,42.000000,14.038997,0.000000,217.604457
1409,6782.489349,0.000000,42.000000,13.537604,0.000000,209.832869
1416,6782.489349,0.000000,42.000000,10.027855,0.000000,155.431755
1418,6782.489349,0.000000,42.000000,9.025070,0.000000,139.888579
1420,6782.489349,0.000000,42.000000,8.022284,0.000000,124.345404
1421,6782.489349,0.000000,42.000000,7.520891,0.000000,116.573816
1422,6782.489349,0.000000,42.000000,7.019499,0.000000,108.802228
1423,6782.489349,0.000000,42.000000,6.518106,0.000000,101.030641
1424,6782.489349,0.000000,42.000000,6.016713,0.000000,93.259053
1426,6782.489349,0.000000,42.000000,5.013928,0.000000,77.715877
1427,6782.489349,0.000000,42.000000,4.512535,0.000000,69.944290
1429,6782.489349,0.000000,42.000000,3.509749,0.000000,54.401114
1430,6782.489349,0.000000,42.000000,3.008357,0.000000,46.629526
1431,6782.489349,0.000000,42.000000,2.506964,0.000000,38.857939
1432,6782.489349,0.000000,42.000000,2.005571,0.000000,31.086351
1433,6782.489349,0.000000,42.000000,1.504178,0.000000,23.314763
1434,6782.489349,0.000000,42.000000,1.002786,0.000000,15.543175
1435,6782.489349,0.000000,42.000000,0.501393,0.000000,7.771588
2872,6782.489349,0.000000,47.000000,2.322581,0.000000,0.000000
2873,6782.489349,0.000000,47.000000,1.821188,0.000000,352.228412
2874,6782.489349,0.000000,47.000000,1.319795,0.000000,344.456825
2875,6782.489349,0.000000,47.000000,0.818402,0.000000,336.685237
2876,6782.489349,0.000000,47.000000,0.317010,0.000000,328.913649
2877,6782.489349,0.000000,47.000000,359.815617,0.000000,321.142061
2878,6782.489349,0.000000,47.000000,359.314224,0.000000,313.370474
2879,6782.489349,0.000000,47.000000,358.812831,0.000000,305.598886
2880,6782.489349,0.000000,47.000000,358.311439,0.000000,297.827298
2881,6782.489349,0.000000,47.000000,357.810046,0.000000,290.055710
2882,6782.489349,0.000000,47.000000,357.308653,0.000000,282.284123
2883,6782.489349,0.000000,47.000000,356.807260,0.000000,274.512535
2884,6782.489349,0.000000,47.000000,356.305868,0.000000,266.740947
2885,6782.489349,0.000000,47.000000,355.804475,0.000000,258.969359
2886,6782.489349,0.000000,47.000000,355.303082,0.000000,251.197772
2887,6782.489349,0.000000,47.000000,354.801689,0.000000,243.426184
2888,6782.489349,0.000000,47.000000,354.300297,0.000000,235.654596
2889,6782.489349,0.000000,47.000000,353.798904,0.000000,227.883008
2890,6782.489349,0.000000,47.000000,353.297511,0.000000,220.111421
2891,6782.489349,0.000000,47.000000,352.796118,0.000000,212.339833
2892,6782.489349,0.000000,47.000000,352.294725,0.000000,204.568245
2893,6782.489349,0.000000,47.000000,351.793333,0.000000,196.796657
2894,6782.489349,0.000000,47.000000,351.291940,0.000000,189.025070
2895,6782.489349,0.000000,47.000000,350.790547,0.000000,181.253482
2896,6782.489349,0.000000,47.000000,350.289154,0.000000,173.481894
2897,6782.489349,0.000000,47.000000,349.787762,0.000000,165.710306
2898,6782.489349,0.000000,47.000000,349.286369,0.000000,157.938719
2899,6782.489349,0.000000,47.000000,348.784976,0.000000,150.167131
2900,6782.489349,0.000000,47.000000,348.283583,0.000000,142.395543
2901,6782.489349,0.000000,47.000000,347.782191,0.000000,134.623955
2902,6782.489349,0.000000,47.000000,347.280798,0.000000,126.852368
2903,6782.489349,0.000000,47.000000,346.779405,0.000000,119.080780
2904,6782.489349,0.000000,47.000000,346.278012,0.000000,111.309192
2905,6782.489349,0.000000,47.000000,345.776620,0.000000,103.537604
2906,6782.489349,0.000000,47.000000,345.275227,0.000000,95.766017
2907,6782.489349,0.000000,47.000000,344.773834,0.000000,87.994429
2908,6782.489349,0.000000,47.000000,344.272441,0.000000,80.222841
2909,6782.489349,0.000000,47.000000,343.771049,0.000000,72.451253
2910,6782.489349,0.000000,47.000000,343.269656,0.000000,64.679666
2911,6782.489349,0.000000,47.000000,342.768263,0.000000,56.908078
2912,6782.489349,0.000000,47.000000,342.266870,0.000000,49.136490
2913,6782.489349,0.000000,47.000000,341.765478,0.000000,41.364903
2914,6782.489349,0.000000,47.000000,341.264085,0.000000,33.593315
2915,6782.489349,0.000000,47.000000,340.762692,0.000000,25.821727
2916,6782.489349,0.000000,47.000000,340.261299,0.000000,18.050139
2917,6782.489349,0.000000,47.000000,339.759907,0.000000,10.278552
2918,6782.489349,0.000000,47.000000,339.258514,0.000000,2.506964
2919,6782.489349,0.000000,47.000000,338.757121,0.000000,354.735376
2920,6782.489349,0.000000,47.000000,338.255728,0.000000,346.963788
2921,6782.489349,0.000000,47.000000,337.754336,0.000000,339.192201
2922,6782.489349,0.000000,47.000000,337.252943,0.000000,331.420613
2923,6782.489349,0.000000,47.000000,336.751550,0.000000,323.649025
2924,6782.489349,0.000000,47.000000,336.250157,0.000000,315.877437
2925,6782.489349,0.000000,47.000000,335.748764,0.000000,308.105850
2926,6782.489349,0.000000,47.000000,335.247372,0.000000,300.334262
2927,6782.489349,0.000000,47.000000,334.745979,0.000000,292.562674
2928,6782.489349,0.000000,47.000000,334.244586,0.000000,284.791086
2929,6782.489349,0.000000,47.000000,333.743193,0.000000,277.019499
2930,6782.489349,0.000000,47.000000,333.241801,0.000000,269.247911
2931,6782.489349,0.000000,47.000000,332.740408,0.000000,261.476323
2932,6782.489349,0.000000,47.000000,332.239015,0.000000,253.704735
2933,6782.489349,0.000000,47.000000,331.737622,0.000000,245.933148
2934,6782.489349,0.000000,47.000000,331.236230,0.000000,238.161560
2935,6782.489349,0.000000,47.000000,330.734837,0.000000,230.389972
2936,6782.489349,0.000000,47.000000,330.233444,0.000000,222.618384
2937,6782.489349,0.000000,47.000000,329.732051,0.000000,214.846797
2939,6782.489349,0.000000,47.000000,328.729266,0.000000,199.303621
2940,6782.489349,0.000000,47.000000,328.227873,0.000000,191.532033
2941,6782.489349,0.000000,47.000000,327.726480,0.000000,183.760446
2942,6782.489349,0.000000,47.000000,327.225088,0.000000,175.988858
2943,6782.489349,0.000000,47.000000,326.723695,0.000000,168.217270
2944,6782.489349,0.000000,47.000000,326.222302,0.000000,160.445682
2945,6782.489349,0.000000,47.000000,325.720909,0.000000,152.674095
2946,6782.489349,0.000000,47.000000,325.219517,0.000000,144.902507
2947,6782.489349,0.000000,47.000000,324.718124,0.000000,137.130919
2948,6782.489349,0.000000,47.000000,324.216731,0.000000,129.359331
2949,6782.489349,0.000000,47.000000,323.715338,0.000000,121.587744
2950,6782.489349,0.000000,47.000000,323.213946,0.000000,113.816156
2951,6782.489349,0.000000,47.000000,322.712553,0.000000,106.044568
2952,6782.489349,0.000000,47.000000,322.211160,0.000000,98.272981
2953,6782.489349,0.000000,47.000000,321.709767,0.000000,90.501393
2954,6782.489349,0.000000,47.000000,321.208375,0.000000,82.729805
2955,6782.489349,0.000000,47.000000,320.706982,0.000000,74.958217
2956,6782.489349,0.000000,47.000000,320.205589,0.000000,67.186630
2957,6782.489349,0.000000,47.000000,319.704196,0.000000,59.415042
2958,6782.489349,0.000000,47.000000,319.202803,0.000000,51.643454
2959,6782.489349,0.000000,47.000000,318.701411,0.000000,43.871866
2960,6782.489349,0.000000,47.000000,318.200018,0.000000,36.100279
2961,6782.489349,0.000000,47.000000,317.698625,0.000000,28.328691
2962,6782.489349,0.000000,47.000000,317.197232,0.000000,20.557103
2963,6782.489349,0.000000,47.000000,316.695840,0.000000,12.785515
2964,6782.489349,0.000000,47.000000,316.194447,0.000000,5.013928
2965,6782.489349,0.000000,47.000000,315.693054,0.000000,357.242340
2966,6782.489349,0.000000,47.000000,315.191661,0.000000,349.470752
2967,6782.489349,0.000000,47.000000,314.690269,0.000000,341.699164
2968,6782.489349,0.000000,47.000000,314.188876,0.000000,333.927577
2969,6782.489349,0.000000,47.000000,313.687483,0.000000,326.155989
2970,6782.489349,0.000000,47.000000,313.186090,0.000000,318.384401
2971,6782.489349,0.000000,47.000000,312.684698,0.000000,310.612813
2972,6782.489349,0.000000,47.000000,312.183305,0.000000,302.841226
2973,6782.489349,0.000000,47.000000,311.681912,0.000000,295.069638
2974,6782.489349,0.000000,47.000000,311.180519,0.000000,287.298050
2975,6782.489349,0.000000,47.000000,310.679127,0.000000,279.526462
2976,6782.489349,0.000000,47.000000,310.177734,0.000000,271.754875
2977,6782.489349,0.000000,47.000000,309.676341,0.000000,263.983287
2978,6782.489349,0.000000,47.000000,309.174948,0.000000,256.211699
2979,6782.489349,0.000000,47.000000,308.673556,0.000000,248.440111
2980,6782.489349,0.000000,47.000000,308.172163,0.000000,240.668524
2981,6782.489349,0.000000,47.000000,307.670770,0.000000,232.896936
2982,6782.489349,0.000000,47.000000,307.169377,0.000000,225.125348
2983,6782.489349,0.000000,47.000000,306.667985,0.000000,217.353760
2984,6782.489349,0.000000,47.000000,306.166592,0.000000,209.582173
2985,6782.489349,0.000000,47.000000,305.665199,0.000000,201.810585
2986,6782.489349,0.000000,47.000000,305.163806,0.000000,194.038997
2987,6782.489349,0.000000,47.000000,304.662414,0.000000,186.267409
2988,6782.489349,0.000000,47.000000,304.161021,0.000000,178.495822
2989,6782.489349,0.000000,47.000000,303.659628,0.000000,170.724234
2990,6782.489349,0.000000,47.000000,303.158235,0.000000,162.952646
2991,6782.489349,0.000000,47.000000,302.656842,0.000000,155.181058
2992,6782.489349,0.000000,47.000000,302.155450,0.000000,147.409471
2993,6782.489349,0.000000,47.000000,301.654057,0.000000,139.637883
2994,6782.489349,0.000000,47.000000,301.152664,0.000000,131.866295
2995,6782.489349,0.000000,47.000000,300.651271,0.000000,124.094708
2996,6782.489349,0.000000,47.000000,300.149879,0.000000,116.323120
2997,6782.489349,0.000000,47.000000,299.648486,0.000000,108.551532
2998,6782.489349,0.000000,47.000000,299.147093,0.000000,100.779944
2999,6782.489349,0.000000,47.000000,298.645700,0.000000,93.008357
3000,6782.489349,0.000000,47.000000,298.144308,0.000000,85.236769
3002,6782.489349,0.000000,47.000000,297.141522,0.000000,69.693593
3003,6782.489349,0.000000,47.000000,296.640129,0.000000,61.922006
3004,6782.489349,0.000000,47.000000,296.138737,0.000000,54.150418
3005,6782.489349,0.000000,47.000000,295.637344,0.000000,46.378830
3006,6782.489349,0.000000,47.000000,295.135951,0.000000,38.607242
3007,6782.489349,0.000000,47.000000,294.634558,0.000000,30.835655
3008,6782.489349,0.000000,47.000000,294.133166,0.000000,23.064067
3009,6782.489349,0.000000,47.000000,293.631773,0.000000,15.292479
3010,6782.489349,0.000000,47.000000,293.130380,0.000000,7.520891
3011,6782.489349,0.000000,47.000000,292.628987,0.000000,359.749304
3012,6782.489349,0.000000,47.000000,292.127595,0.000000,351.977716
3013,6782.489349,0.000000,47.000000,291.626202,0.000000,344.206128
3014,6782.489349,0.000000,47.000000,291.124809,0.000000,336.434540
3015,6782.489349,0.000000,47.000000,290.623416,0.000000,328.662953
3016,6782.489349,0.000000,47.000000,290.122024,0.000000,320.891365
3017,6782.489349,0.000000,47.000000,289.620631,0.000000,313.119777
3018,6782.489349,0.000000,47.000000,289.119238,0.000000,305.348189
3019,6782.489349,0.000000,47.000000,288.617845,0.000000,297.576602
3020,6782.489349,0.000000,47.000000,288.116453,0.000000,289.805014
3021,6782.489349,0.000000,47.000000,287.615060,0.000000,282.033426
3022,6782.489349,0.000000,47.000000,287.113667,0.000000,274.261838
3023,6782.489349,0.000000,47.000000,286.612274,0.000000,266.490251
3024,6782.489349,0.000000,47.000000,286.110881,0.000000,258.718663
3025,6782.489349,0.000000,47.000000,285.609489,0.000000,250.947075
3026,6782.489349,0.000000,47.000000,285.108096,0.000000,243.175487
3027,6782.489349,0.000000,47.000000,284.606703,0.000000,235.403900
3029,6782.489349,0.000000,47.000000,283.603918,0.000000,219.860724
3030,6782.489349,0.000000,47.000000,283.102525,0.000000,212.089136
3031,6782.489349,0.000000,47.000000,282.601132,0.000000,204.317549
3032,6782.489349,0.000000,47.000000,282.099739,0.000000,196.545961
3033,6782.489349,0.000000,47.000000,281.598347,0.000000,188.774373
3034,6782.489349,0.000000,47.000000,281.096954,0.000000,181.002786
3035,6782.489349,0.000000,47.000000,280.595561,0.000000,173.231198
3036,6782.489349,0.000000,47.000000,280.094168,0.000000,165.459610
3037,6782.489349,0.000000,47.000000,279.592776,0.000000,157.688022
3038,6782.489349,0.000000,47.000000,279.091383,0.000000,149.916435
3039,6782.489349,0.000000,47.000000,278.589990,0.000000,142.144847
3040,6782.489349,0.000000,47.000000,278.088597,0.000000,134.373259
3041,6782.489349,0.000000,47.000000,277.587205,0.000000,126.601671
3042,6782.489349,0.000000,47.000000,277.085812,0.000000,118.830084
3043,6782.489349,0.000000,47.000000,276.584419,0.000000,111.058496
3044,6782.489349,0.000000,47.000000,276.083026,0.000000,103.286908
3045,6782.489349,0.000000,47.000000,275.581634,0.000000,95.515320
3046,6782.489349,0.000000,47.000000,275.080241,0.000000,87.743733
3047,6782.489349,0.000000,47.000000,274.578848,0.000000,79.972145
3048,6782.489349,0.000000,47.000000,274.077455,0.000000,72.200557
3049,6782.489349,0.000000,47.000000,273.576063,0.000000,64.428969
3050,6782.489349,0.000000,47.000000,273.074670,0.000000,56.657382
3051,6782.489349,0.000000,47.000000,272.573277,0.000000,48.885794
3052,6782.489349,0.000000,47.000000,272.071884,0.000000,41.114206
3053,6782.489349,0.000000,47.000000,271.570492,0.000000,33.342618
3054,6782.489349,0.000000,47.000000,271.069099,0.000000,25.571031
3055,6782.489349,0.000000,47.000000,270.567706,0.000000,17.799443
3056,6782.489349,0.000000,47.000000,270.066313,0.000000,10.027855
3057,6782.489349,0.000000,47.000000,269.564920,0.000000,2.256267
3058,6782.489349,0.000000,47.000000,269.063528,0.000000,354.484680
3059,6782.489349,0.000000,47.000000,268.562135,0.000000,346.713092
3060,6782.489349,0.000000,47.000000,268.060742,0.000000,338.941504
3061,6782.489349,0.000000,47.000000,267.559349,0.000000,331.169916
3063,6782.489349,0.000000,47.000000,266.556564,0.000000,315.626741
3064,6782.489349,0.000000,47.000000,266.055171,0.000000,307.855153
3065,6782.489349,0.000000,47.000000,265.553778,0.000000,300.083565
3066,6782.489349,0.000000,47.000000,265.052386,0.000000,292.311978
3067,6782.489349,0.000000,47.000000,264.550993,0.000000,284.540390
3068,6782.489349,0.000000,47.000000,264.049600,0.000000,276.768802
3069,6782.489349,0.000000,47.000000,263.548207,0.000000,268.997214
3070,6782.489349,0.000000,47.000000,263.046815,0.000000,261.225627
3071,6782.489349,0.000000,47.000000,262.545422,0.000000,253.454039
3072,6782.489349,0.000000,47.000000,262.044029,0.000000,245.682451
3073,6782.489349,0.000000,47.000000,261.542636,0.000000,237.910864
3074,6782.489349,0.000000,47.000000,261.041244,0.000000,230.139276
3075,6782.489349,0.000000,47.000000,260.539851,0.000000,222.367688
3076,6782.489349,0.000000,47.000000,260.038458,0.000000,214.596100
3077,6782.489349,0.000000,47.000000,259.537065,0.000000,206.824513
3078,6782.489349,0.000000,47.000000,259.035673,0.000000,199.052925
3079,6782.489349,0.000000,47.000000,258.534280,0.000000,191.281337
3080,6782.489349,0.000000,47.000000,258.032887,0.000000,183.509749
3081,6782.489349,0.000000,47.000000,257.531494,0.000000,175.738162
3082,6782.489349,0.000000,47.000000,257.030102,0.000000,167.966574
3083,6782.489349,0.000000,47.000000,256.528709,0.000000,160.194986
3084,6782.489349,0.000000,47.000000,256.027316,0.000000,152.423398
3085,6782.489349,0.000000,47.000000,255.525923,0.000000,144.651811
3086,6782.489349,0.000000,47.000000,255.024531,0.000000,136.880223
3087,6782.489349,0.000000,47.000000,254.523138,0.000000,129.108635
3089,6782.489349,0.000000,47.000000,253.520352,0.000000,113.565460
3091,6782.489349,0.000000,47.000000,252.517567,0.000000,98.022284
3092,6782.489349,0.000000,47.000000,252.016174,0.000000,90.250696
3093,6782.489349,0.000000,47.000000,251.514781,0.000000,82.479109
3094,6782.489349,0.000000,47.000000,251.013388,0.000000,74.707521
3095,6782.489349,0.000000,47.000000,250.511996,0.000000,66.935933
3096,6782.489349,0.000000,47.000000,250.010603,0.000000,59.164345
3097,6782.489349,0.000000,47.000000,249.509210,0.000000,51.392758
3098,6782.489349,0.000000,47.000000,249.007817,0.000000,43.621170
3099,6782.489349,0.000000,47.000000,248.506425,0.000000,35.849582
3100,6782.489349,0.000000,47.000000,248.005032,0.000000,28.077994
3101,6782.489349,0.000000,47.000000,247.503639,0.000000,20.306407
3102,6782.489349,0.000000,47.000000,247.002246,0.000000,12.534819
3103,6782.489349,0.000000,47.000000,246.500854,0.000000,4.763231
3104,6782.489349,0.000000,47.000000,245.999461,0.000000,356.991643
3105,6782.489349,0.000000,47.000000,245.498068,0.000000,349.220056
3106,6782.489349,0.000000,47.000000,244.996675,0.000000,341.448468
3107,6782.489349,0.000000,47.000000,244.495283,0.000000,333.676880
3108,6782.489349,0.000000,47.000000,243.993890,0.000000,325.905292
3109,6782.489349,0.000000,47.000000,243.492497,0.000000,318.133705
3110,6782.489349,0.000000,47.000000,242.991104,0.000000,310.362117
3111,6782.489349,0.000000,47.000000,242.489712,0.000000,302.590529
3112,6782.489349,0.000000,47.000000,241.988319,0.000000,294.818942
3113,6782.489349,0.000000,47.000000,241.486926,0.000000,287.047354
3114,6782.489349,0.000000,47.000000,240.985533,0.000000,279.275766
3115,6782.489349,0.000000,47.000000,240.484141,0.000000,271.504178
3116,6782.489349,0.000000,47.000000,239.982748,0.000000,263.732591
3117,6782.489349,0.000000,47.000000,239.481355,0.000000,255.961003
3118,6782.489349,0.000000,47.000000,238.979962,0.000000,248.189415
3119,6782.489349,0.000000,47.000000,238.478570,0.000000,240.417827
3120,6782.489349,0.000000,47.000000,237.977177,0.000000,232.646240
3121,6782.489349,0.000000,47.000000,237.475784,0.000000,224.874652
3122,6782.489349,0.000000,47.000000,236.974391,0.000000,217.103064
3123,6782.489349,0.000000,47.000000,236.472998,0.000000,209.331476
3124,6782.489349,0.000000,47.000000,235.971606,0.000000,201.559889
3125,6782.489349,0.000000,47.000000,235.470213,0.000000,193.788301
3126,6782.489349,0.000000,47.000000,234.968820,0.000000,186.016713
3127,6782.489349,0.000000,47.000000,234.467427,0.000000,178.245125
3128,6782.489349,0.000000,47.000000,233.966035,0.000000,170.473538
3129,6782.489349,0.000000,47.000000,233.464642,0.000000,162.701950
3130,6782.489349,0.000000,47.000000,232.963249,0.000000,154.930362
3131,6782.489349,0.000000,47.000000,232.461856,0.000000,147.158774
3132,6782.489349,0.000000,47.000000,231.960464,0.000000,139.387187
3133,6782.489349,0.000000,47.000000,231.459071,0.000000,131.615599
3134,6782.489349,0.000000,47.000000,230.957678,0.000000,123.844011
3135,6782.489349,0.000000,47.000000,230.456285,0.000000,116.072423
3136,6782.489349,0.000000,47.000000,229.954893,0.000000,108.300836
3137,6782.489349,0.000000,47.000000,229.453500,0.000000,100.529248
3138,6782.489349,0.000000,47.000000,228.952107,0.000000,92.757660
3139,6782.489349,0.000000,47.000000,228.450714,0.000000,84.986072
3140,6782.489349,0.000000,47.000000,227.949322,0.000000,77.214485
3141,6782.489349,0.000000,47.000000,227.447929,0.000000,69.442897
3142,6782.489349,0.000000,47.000000,226.946536,0.000000,61.671309
3143,6782.489349,0.000000,47.000000,226.445143,0.000000,53.899721
3144,6782.489349,0.000000,47.000000,225.943751,0.000000,46.128134
3145,6782.489349,0.000000,47.000000,225.442358,0.000000,38.356546
3146,6782.489349,0.000000,47.000000,224.940965,0.000000,30.584958
3147,6782.489349,0.000000,47.000000,224.439572,0.000000,22.813370
3148,6782.489349,0.000000,47.000000,223.938180,0.000000,15.041783
3149,6782.489349,0.000000,47.000000,223.436787,0.000000,7.270195
3150,6782.489349,0.000000,47.000000,222.935394,0.000000,359.498607
3151,6782.489349,0.000000,47.000000,222.434001,0.000000,351.727019
3152,6782.489349,0.000000,47.000000,221.932609,0.000000,343.955432
3153,6782.489349,0.000000,47.000000,221.431216,0.000000,336.183844
3154,6782.489349,0.000000,47.000000,220.929823,0.000000,328.412256
3155,6782.489349,0.000000,47.000000,220.428430,0.000000,320.640669
3156,6782.489349,0.000000,47.000000,219.927037,0.000000,312.869081
3157,6782.489349,0.000000,47.000000,219.425645,0.000000,305.097493
3158,6782.489349,0.000000,47.000000,218.924252,0.000000,297.325905
3159,6782.489349,0.000000,47.000000,218.422859,0.000000,289.554318
3160,6782.489349,0.000000,47.000000,217.921466,0.000000,281.782730
3161,6782.489349,0.000000,47.000000,217.420074,0.000000,274.011142
3162,6782.489349,0.000000,47.000000,216.918681,0.000000,266.239554
3163,6782.489349,0.000000,47.000000,216.417288,0.000000,258.467967
3164,6782.489349,0.000000,47.000000,215.915895,0.000000,250.696379
3165,6782.489349,0.000000,47.000000,215.414503,0.000000,242.924791
3166,6782.489349,0.000000,47.000000,214.913110,0.000000,235.153203
3167,6782.489349,0.000000,47.000000,214.411717,0.000000,227.381616
3168,6782.489349,0.000000,47.000000,213.910324,0.000000,219.610028
3169,6782.489349,0.000000,47.000000,213.408932,0.000000,211.838440
3170,6782.489349,0.000000,47.000000,212.907539,0.000000,204.066852
3171,6782.489349,0.000000,47.000000,212.406146,0.000000,196.295265
3172,6782.489349,0.000000,47.000000,211.904753,0.000000,188.523677
3173,6782.489349,0.000000,47.000000,211.403361,0.000000,180.752089
3174,6782.489349,0.000000,47.000000,210.901968,0.000000,172.980501
3175,6782.489349,0.000000,47.000000,210.400575,0.000000,165.208914
3176,6782.489349,0.000000,47.000000,209.899182,0.000000,157.437326
3177,6782.489349,0.000000,47.000000,209.397790,0.000000,149.665738
3178,6782.489349,0.000000,47.000000,208.896397,0.000000,141.894150
3179,6782.489349,0.000000,47.000000,208.395004,0.000000,134.122563
3180,6782.489349,0.000000,47.000000,207.893611,0.000000,126.350975
3181,6782.489349,0.000000,47.000000,207.392219,0.000000,118.579387
3182,6782.489349,0.000000,47.000000,206.890826,0.000000,110.807799
3183,6782.489349,0.000000,47.000000,206.389433,0.000000,103.036212
3184,6782.489349,0.000000,47.000000,205.888040,0.000000,95.264624
3185,6782.489349,0.000000,47.000000,205.386647,0.000000,87.493036
3186,6782.489349,0.000000,47.000000,204.885255,0.000000,79.721448
3187,6782.489349,0.000000,47.000000,204.383862,0.000000,71.949861
3188,6782.489349,0.000000,47.000000,203.882469,0.000000,64.178273
3189,6782.489349,0.000000,47.000000,203.381076,0.000000,56.406685
3190,6782.489349,0.000000,47.000000,202.879684,0.000000,48.635097
3191,6782.489349,0.000000,47.000000,202.378291,0.000000,40.863510
3192,6782.489349,0.000000,47.000000,201.876898,0.000000,33.091922
3193,6782.489349,0.000000,47.000000,201.375505,0.000000,25.320334
3194,6782.489349,0.000000,47.000000,200.874113,0.000000,17.548747
3195,6782.489349,0.000000,47.000000,200.372720,0.000000,9.777159
3196,6782.489349,0.000000,47.000000,199.871327,0.000000,2.005571
3197,6782.489349,0.000000,47.000000,199.369934,0.000000,354.233983
3198,6782.489349,0.000000,47.000000,198.868542,0.000000,346.462396
3199,6782.489349,0.000000,47.000000,198.367149,0.000000,338.690808
3200,6782.489349,0.000000,47.000000,197.865756,0.000000,330.919220
3201,6782.489349,0.000000,47.000000,197.364363,0.000000,323.147632
3202,6782.489349,0.000000,47.000000,196.862971,0.000000,315.376045
3203,6782.489349,0.000000,47.000000,196.361578,0.000000,307.604457
3204,6782.489349,0.000000,47.000000,195.860185,0.000000,299.832869
3205,6782.489349,0.000000,47.000000,195.358792,0.000000,292.061281
3206,6782.489349,0.000000,47.000000,194.857400,0.000000,284.289694
3207,6782.489349,0.000000,47.000000,194.356007,0.000000,276.518106
3208,6782.489349,0.000000,47.000000,193.854614,0.000000,268.746518
3209,6782.489349,0.000000,47.000000,193.353221,0.000000,260.974930
3210,6782.489349,0.000000,47.000000,192.851829,0.000000,253.203343
3211,6782.489349,0.000000,47.000000,192.350436,0.000000,245.431755
3212,6782.489349,0.000000,47.000000,191.849043,0.000000,237.660167
3213,6782.489349,0.000000,47.000000,191.347650,0.000000,229.888579
3214,6782.489349,0.000000,47.000000,190.846258,0.000000,222.116992
3215,6782.489349,0.000000,47.000000,190.344865,0.000000,214.345404
3216,6782.489349,0.000000,47.000000,189.843472,0.000000,206.573816
3217,6782.489349,0.000000,47.000000,189.342079,0.000000,198.802228
3218,6782.489349,0.000000,47.000000,188.840686,0.000000,191.030641
3219,6782.489349,0.000000,47.000000,188.339294,0.000000,183.259053
3221,6782.489349,0.000000,47.000000,187.336508,0.000000,167.715877
3222,6782.489349,0.000000,47.000000,186.835115,0.000000,159.944290
3223,6782.489349,0.000000,47.000000,186.333723,0.000000,152.172702
3224,6782.489349,0.000000,47.000000,185.832330,0.000000,144.401114
3225,6782.489349,0.000000,47.000000,185.330937,0.000000,136.629526
3226,6782.489349,0.000000,47.000000,184.829544,0.000000,128.857939
3227,6782.489349,0.000000,47.000000,184.328152,0.000000,121.086351
3228,6782.489349,0.000000,47.000000,183.826759,0.000000,113.314763
3229,6782.489349,0.000000,47.000000,183.325366,0.000000,105.543175
3230,6782.489349,0.000000,47.000000,182.823973,0.000000,97.771588
3231,6782.489349,0.000000,47.000000,182.322581,0.000000,90.000000
3232,6782.489349,0.000000,47.000000,181.821188,0.000000,82.228412
3233,6782.489349,0.000000,47.000000,181.319795,0.000000,74.456825
3234,6782.489349,0.000000,47.000000,180.818402,0.000000,66.685237
3235,6782.489349,0.000000,47.000000,180.317010,0.000000,58.913649
3236,6782.489349,0.000000,47.000000,179.815617,0.000000,51.142061
3237,6782.489349,0.000000,47.000000,179.314224,0.000000,43.370474
3238,6782.489349,0.000000,47.000000,178.812831,0.000000,35.598886
3239,6782.489349,0.000000,47.000000,178.311439,0.000000,27.827298
3240,6782.489349,0.000000,47.000000,177.810046,0.000000,20.055710
3242,6782.489349,0.000000,47.000000,176.807260,0.000000,4.512535
3243,6782.489349,0.000000,47.000000,176.305868,0.000000,356.740947
3244,6782.489349,0.000000,47.000000,175.804475,0.000000,348.969359
3245,6782.489349,0.000000,47.000000,175.303082,0.000000,341.197772
3246,6782.489349,0.000000,47.000000,174.801689,0.000000,333.426184
3247,6782.489349,0.000000,47.000000,174.300297,0.000000,325.654596
3248,6782.489349,0.000000,47.000000,173.798904,0.000000,317.883008
3249,6782.489349,0.000000,47.000000,173.297511,0.000000,310.111421
3250,6782.489349,0.000000,47.000000,172.796118,0.000000,302.339833
3251,6782.489349,0.000000,47.000000,172.294725,0.000000,294.568245
3252,6782.489349,0.000000,47.000000,171.793333,0.000000,286.796657
3253,6782.489349,0.000000,47.000000,171.291940,0.000000,279.025070
3254,6782.489349,0.000000,47.000000,170.790547,0.000000,271.253482
3255,6782.489349,0.000000,47.000000,170.289154,0.000000,263.481894
3256,6782.489349,0.000000,47.000000,169.787762,0.000000,255.710306
3257,6782.489349,0.000000,47.000000,169.286369,0.000000,247.938719
3258,6782.489349,0.000000,47.000000,168.784976,0.000000,240.167131
3259,6782.489349,0.000000,47.000000,168.283583,0.000000,232.395543
3260,6782.489349,0.000000,47.000000,167.782191,0.000000,224.623955
3261,6782.489349,0.000000,47.000000,167.280798,0.000000,216.852368
3262,6782.489349,0.000000,47.000000,166.779405,0.000000,209.080780
3263,6782.489349,0.000000,47.000000,166.278012,0.000000,201.309192
3264,6782.489349,0.000000,47.000000,165.776620,0.000000,193.537604
3265,6782.489349,0.000000,47.000000,165.275227,0.000000,185.766017
3266,6782.489349,0.000000,47.000000,164.773834,0.000000,177.994429
3267,6782.489349,0.000000,47.000000,164.272441,0.000000,170.222841
3268,6782.489349,0.000000,47.000000,163.771049,0.000000,162.451253
3269,6782.489349,0.000000,47.000000,163.269656,0.000000,154.679666
3270,6782.489349,0.000000,47.000000,162.768263,0.000000,146.908078
3271,6782.489349,0.000000,47.000000,162.266870,0.000000,139.136490
3272,6782.489349,0.000000,47.000000,161.765478,0.000000,131.364903
3273,6782.489349,0.000000,47.000000,161.264085,0.000000,123.593315
3274,6782.489349,0.000000,47.000000,160.762692,0.000000,115.821727
3275,6782.489349,0.000000,47.000000,160.261299,0.000000,108.050139
3276,6782.489349,0.000000,47.000000,159.759907,0.000000,100.278552
3277,6782.489349,0.000000,47.000000,159.258514,0.000000,92.506964
3278,6782.489349,0.000000,47.000000,158.757121,0.000000,84.735376
3279,6782.489349,0.000000,47.000000,158.255728,0.000000,76.963788
3280,6782.489349,0.000000,47.000000,157.754336,0.000000,69.192201
3281,6782.489349,0.000000,47.000000,157.252943,0.000000,61.420613
3282,6782.489349,0.000000,47.000000,156.751550,0.000000,53.649025
3283,6782.489349,0.000000,47.000000,156.250157,0.000000,45.877437
3284,6782.489349,0.000000,47.000000,155.748764,0.000000,38.105850
3285,6782.489349,0.000000,47.000000,155.247372,0.000000,30.334262
3286,6782.489349,0.000000,47.000000,154.745979,0.000000,22.562674
3287,6782.489349,0.000000,47.000000,154.244586,0.000000,14.791086
3288,6782.489349,0.000000,47.000000,153.743193,0.000000,7.019499
3289,6782.489349,0.000000,47.000000,153.241801,0.000000,359.247911
3290,6782.489349,0.000000,47.000000,152.740408,0.000000,351.476323
3291,6782.489349,0.000000,47.000000,152.239015,0.000000,343.704735
3292,6782.489349,0.000000,47.000000,151.737622,0.000000,335.933148
3294,6782.489349,0.000000,47.000000,150.734837,0.000000,320.389972
3295,6782.489349,0.000000,47.000000,150.233444,0.000000,312.618384
3296,6782.489349,0.000000,47.000000,149.732051,0.000000,304.846797
3297,6782.489349,0.000000,47.000000,149.230659,0.000000,297.075209
3298,6782.489349,0.000000,47.000000,148.729266,0.000000,289.303621
3299,6782.489349,0.000000,47.000000,148.227873,0.000000,281.532033
3300,6782.489349,0.000000,47.000000,147.726480,0.000000,273.760446
3301,6782.489349,0.000000,47.000000,147.225088,0.000000,265.988858
3302,6782.489349,0.000000,47.000000,146.723695,0.000000,258.217270
3303,6782.489349,0.000000,47.000000,146.222302,0.000000,250.445682
3304,6782.489349,0.000000,47.000000,145.720909,0.000000,242.674095
3305,6782.489349,0.000000,47.000000,145.219517,0.000000,234.902507
3306,6782.489349,0.000000,47.000000,144.718124,0.000000,227.130919
3307,6782.489349,0.000000,47.000000,144.216731,0.000000,219.359331
3308,6782.489349,0.000000,47.000000,143.715338,0.000000,211.587744
3309,6782.489349,0.000000,47.000000,143.213946,0.000000,203.816156
3310,6782.489349,0.000000,47.000000,142.712553,0.000000,196.044568
3311,6782.489349,0.000000,47.000000,142.211160,0.000000,188.272981
3312,6782.489349,0.000000,47.000000,141.709767,0.000000,180.501393
3313,6782.489349,0.000000,47.000000,141.208375,0.000000,172.729805
3314,6782.489349,0.000000,47.000000,140.706982,0.000000,164.958217
3315,6782.489349,0.000000,47.000000,140.205589,0.000000,157.186630
3316,6782.489349,0.000000,47.000000,139.704196,0.000000,149.415042
3317,6782.489349,0.000000,47.000000,139.202803,0.000000,141.643454
3318,6782.489349,0.000000,47.000000,138.701411,0.000000,133.871866
3319,6782.489349,0.000000,47.000000,138.200018,0.000000,126.100279
3320,6782.489349,0.000000,47.000000,137.698625,0.000000,118.328691
3321,6782.489349,0.000000,47.000000,137.197232,0.000000,110.557103
3322,6782.489349,0.000000,47.000000,136.695840,0.000000,102.785515
3323,6782.489349,0.000000,47.000000,136.194447,0.000000,95.013928
3324,6782.489349,0.000000,47.000000,135.693054,0.000000,87.242340
3325,6782.489349,0.000000,47.000000,135.191661,0.000000,79.470752
3326,6782.489349,0.000000,47.000000,134.690269,0.000000,71.699164
3327,6782.489349,0.000000,47.000000,134.188876,0.000000,63.927577
3328,6782.489349,0.000000,47.000000,133.687483,0.000000,56.155989
3329,6782.489349,0.000000,47.000000,133.186090,0.000000,48.384401
3330,6782.489349,0.000000,47.000000,132.684698,0.000000,40.612813
3331,6782.489349,0.000000,47.000000,132.183305,0.000000,32.841226
3332,6782.489349,0.000000,47.000000,131.681912,0.000000,25.069638
3333,6782.489349,0.000000,47.000000,131.180519,0.000000,17.298050
3334,6782.489349,0.000000,47.000000,130.679127,0.000000,9.526462
3335,6782.489349,0.000000,47.000000,130.177734,0.000000,1.754875
3336,6782.489349,0.000000,47.000000,129.676341,0.000000,353.983287
3337,6782.489349,0.000000,47.000000,129.174948,0.000000,346.211699
3338,6782.489349,0.000000,47.000000,128.673556,0.000000,338.440111
3339,6782.489349,0.000000,47.000000,128.172163,0.000000,330.668524
3340,6782.489349,0.000000,47.000000,127.670770,0.000000,322.896936
3341,6782.489349,0.000000,47.000000,127.169377,0.000000,315.125348
3342,6782.489349,0.000000,47.000000,126.667985,0.000000,307.353760
3343,6782.489349,0.000000,47.000000,126.166592,0.000000,299.582173
3344,6782.489349,0.000000,47.000000,125.665199,0.000000,291.810585
3345,6782.489349,0.000000,47.000000,125.163806,0.000000,284.038997
3346,6782.489349,0.000000,47.000000,124.662414,0.000000,276.267409
3347,6782.489349,0.000000,47.000000,124.161021,0.000000,268.495822
3348,6782.489349,0.000000,47.000000,123.659628,0.000000,260.724234
3349,6782.489349,0.000000,47.000000,123.158235,0.000000,252.952646
3350,6782.489349,0.000000,47.000000,122.656842,0.000000,245.181058
3351,6782.489349,0.000000,47.000000,122.155450,0.000000,237.409471
3352,6782.489349,0.000000,47.000000,121.654057,0.000000,229.637883
3353,6782.489349,0.000000,47.000000,121.152664,0.000000,221.866295
3354,6782.489349,0.000000,47.000000,120.651271,0.000000,214.094708
3355,6782.489349,0.000000,47.000000,120.149879,0.000000,206.323120
3356,6782.489349,0.000000,47.000000,119.648486,0.000000,198.551532
3357,6782.489349,0.000000,47.000000,119.147093,0.000000,190.779944
3358,6782.489349,0.000000,47.000000,118.645700,0.000000,183.008357
3359,6782.489349,0.000000,47.000000,118.144308,0.000000,175.236769
3360,6782.489349,0.000000,47.000000,117.642915,0.000000,167.465181
3361,6782.489349,0.000000,47.000000,117.141522,0.000000,159.693593
3362,6782.489349,0.000000,47.000000,116.640129,0.000000,151.922006
3363,6782.489349,0.000000,47.000000,116.138737,0.000000,144.150418
3364,6782.489349,0.000000,47.000000,115.637344,0.000000,136.378830
3365,6782.489349,0.000000,47.000000,115.135951,0.000000,128.607242
3366,6782.489349,0.000000,47.000000,114.634558,0.000000,120.835655
3367,6782.489349,0.000000,47.000000,114.133166,0.000000,113.064067
3368,6782.489349,0.000000,47.000000,113.631773,0.000000,105.292479
3369,6782.489349,0.000000,47.000000,113.130380,0.000000,97.520891
3370,6782.489349,0.000000,47.000000,112.628987,0.000000,89.749304
3371,6782.489349,0.000000,47.000000,112.127595,0.000000,81.977716
3372,6782.489349,0.000000,47.000000,111.626202,0.000000,74.206128
3373,6782.489349,0.000000,47.000000,111.124809,0.000000,66.434540
3374,6782.489349,0.000000,47.000000,110.623416,0.000000,58.662953
3375,6782.489349,0.000000,47.000000,110.122024,0.000000,50.891365
3376,6782.489349,0.000000,47.000000,109.620631,0.000000,43.119777
3377,6782.489349,0.000000,47.000000,109.119238,0.000000,35.348189
3378,6782.489349,0.000000,47.000000,108.617845,0.000000,27.576602
3379,6782.489349,0.000000,47.000000,108.116453,0.000000,19.805014
3380,6782.489349,0.000000,47.000000,107.615060,0.000000,12.033426
3381,6782.489349,0.000000,47.000000,107.113667,0.000000,4.261838
3382,6782.489349,0.000000,47.000000,106.612274,0.000000,356.490251
3383,6782.489349,0.000000,47.000000,106.110881,0.000000,348.718663
3384,6782.489349,0.000000,47.000000,105.609489,0.000000,340.947075
3385,6782.489349,0.000000,47.000000,105.108096,0.000000,333.175487
3386,6782.489349,0.000000,47.000000,104.606703,0.000000,325.403900
3387,6782.489349,0.000000,47.000000,104.105310,0.000000,317.632312
3388,6782.489349,0.000000,47.000000,103.603918,0.000000,309.860724
3390,6782.489349,0.000000,47.000000,102.601132,0.000000,294.317549
3391,6782.489349,0.000000,47.000000,102.099739,0.000000,286.545961
3392,6782.489349,0.000000,47.000000,101.598347,0.000000,278.774373
3393,6782.489349,0.000000,47.000000,101.096954,0.000000,271.002786
3394,6782.489349,0.000000,47.000000,100.595561,0.000000,263.231198
3395,6782.489349,0.000000,47.000000,100.094168,0.000000,255.459610
3396,6782.489349,0.000000,47.000000,99.592776,0.000000,247.688022
3397,6782.489349,0.000000,47.000000,99.091383,0.000000,239.916435
3398,6782.489349,0.000000,47.000000,98.589990,0.000000,232.144847
3399,6782.489349,0.000000,47.000000,98.088597,0.000000,224.373259
3400,6782.489349,0.000000,47.000000,97.587205,0.000000,216.601671
3401,6782.489349,0.000000,47.000000,97.085812,0.000000,208.830084
3402,6782.489349,0.000000,47.000000,96.584419,0.000000,201.058496
3403,6782.489349,0.000000,47.000000,96.083026,0.000000,193.286908
3404,6782.489349,0.000000,47.000000,95.581634,0.000000,185.515320
3405,6782.489349,0.000000,47.000000,95.080241,0.000000,177.743733
3406,6782.489349,0.000000,47.000000,94.578848,0.000000,169.972145
3407,6782.489349,0.000000,47.000000,94.077455,0.000000,162.200557
3408,6782.489349,0.000000,47.000000,93.576063,0.000000,154.428969
3409,6782.489349,0.000000,47.000000,93.074670,0.000000,146.657382
3410,6782.489349,0.000000,47.000000,92.573277,0.000000,138.885794
3411,6782.489349,0.000000,47.000000,92.071884,0.000000,131.114206
3413,6782.489349,0.000000,47.000000,91.069099,0.000000,115.571031
3414,6782.489349,0.000000,47.000000,90.567706,0.000000,107.799443
3415,6782.489349,0.000000,47.000000,90.066313,0.000000,100.027855
3416,6782.489349,0.000000,47.000000,89.564920,0.000000,92.256267
3417,6782.489349,0.000000,47.000000,89.063528,0.000000,84.484680
3418,6782.489349,0.000000,47.000000,88.562135,0.000000,76.713092
3419,6782.489349,0.000000,47.000000,88.060742,0.000000,68.941504
3420,6782.489349,0.000000,47.000000,87.559349,0.000000,61.169916
3421,6782.489349,0.000000,47.000000,87.057957,0.000000,53.398329
3422,6782.489349,0.000000,47.000000,86.556564,0.000000,45.626741
3423,6782.489349,0.000000,47.000000,86.055171,0.000000,37.855153
3424,6782.489349,0.000000,47.000000,85.553778,0.000000,30.083565
3425,6782.489349,0.000000,47.000000,85.052386,0.000000,22.311978
3426,6782.489349,0.000000,47.000000,84.550993,0.000000,14.540390
3427,6782.489349,0.000000,47.000000,84.049600,0.000000,6.768802
3428,6782.489349,0.000000,47.000000,83.548207,0.000000,358.997214
3429,6782.489349,0.000000,47.000000,83.046815,0.000000,351.225627
3430,6782.489349,0.000000,47.000000,82.545422,0.000000,343.454039
3431,6782.489349,0.000000,47.000000,82.044029,0.000000,335.682451
3432,6782.489349,0.000000,47.000000,81.542636,0.000000,327.910864
3433,6782.489349,0.000000,47.000000,81.041244,0.000000,320.139276
3434,6782.489349,0.000000,47.000000,80.539851,0.000000,312.367688
3435,6782.489349,0.000000,47.000000,80.038458,0.000000,304.596100
3436,6782.489349,0.000000,47.000000,79.537065,0.000000,296.824513
3437,6782.489349,0.000000,47.000000,79.035673,0.000000,289.052925
3438,6782.489349,0.000000,47.000000,78.534280,0.000000,281.281337
3439,6782.489349,0.000000,47.000000,78.032887,0.000000,273.509749
3440,6782.489349,0.000000,47.000000,77.531494,0.000000,265.738162
3441,6782.489349,0.000000,47.000000,77.030102,0.000000,257.966574
3442,6782.489349,0.000000,47.000000,76.528709,0.000000,250.194986
3443,6782.489349,0.000000,47.000000,76.027316,0.000000,242.423398
3444,6782.489349,0.000000,47.000000,75.525923,0.000000,234.651811
3445,6782.489349,0.000000,47.000000,75.024531,0.000000,226.880223
3446,6782.489349,0.000000,47.000000,74.523138,0.000000,219.108635
3447,6782.489349,0.000000,47.000000,74.021745,0.000000,211.337047
3448,6782.489349,0.000000,47.000000,73.520352,0.000000,203.565460
3449,6782.489349,0.000000,47.000000,73.018959,0.000000,195.793872
3451,6782.489349,0.000000,47.000000,72.016174,0.000000,180.250696
3452,6782.489349,0.000000,47.000000,71.514781,0.000000,172.479109
3453,6782.489349,0.000000,47.000000,71.013388,0.000000,164.707521
3454,6782.489349,0.000000,47.000000,70.511996,0.000000,156.935933
3455,6782.489349,0.000000,47.000000,70.010603,0.000000,149.164345
3456,6782.489349,0.000000,47.000000,69.509210,0.000000,141.392758
3457,6782.489349,0.000000,47.000000,69.007817,0.000000,133.621170
3458,6782.489349,0.000000,47.000000,68.506425,0.000000,125.849582
3459,6782.489349,0.000000,47.000000,68.005032,0.000000,118.077994
3460,6782.489349,0.000000,47.000000,67.503639,0.000000,110.306407
3461,6782.489349,0.000000,47.000000,67.002246,0.000000,102.534819
3462,6782.489349,0.000000,47.000000,66.500854,0.000000,94.763231
3463,6782.489349,0.000000,47.000000,65.999461,0.000000,86.991643
3464,6782.489349,0.000000,47.000000,65.498068,0.000000,79.220056
3465,6782.489349,0.000000,47.000000,64.996675,0.000000,71.448468
3466,6782.489349,0.000000,47.000000,64.495283,0.000000,63.676880
3467,6782.489349,0.000000,47.000000,63.993890,0.000000,55.905292
3468,6782.489349,0.000000,47.000000,63.492497,0.000000,48.133705
3469,6782.489349,0.000000,47.000000,62.991104,0.000000,40.362117
3470,6782.489349,0.000000,47.000000,62.489712,0.000000,32.590529
3471,6782.489349,0.000000,47.000000,61.988319,0.000000,24.818942
3472,6782.489349,0.000000,47.000000,61.486926,0.000000,17.047354
3473,6782.489349,0.000000,47.000000,60.985533,0.000000,9.275766
3474,6782.489349,0.000000,47.000000,60.484141,0.000000,1.504178
3475,6782.489349,0.000000,47.000000,59.982748,0.000000,353.732591
3476,6782.489349,0.000000,47.000000,59.481355,0.000000,345.961003
3477,6782.489349,0.000000,47.000000,58.979962,0.000000,338.189415
3478,6782.489349,0.000000,47.000000,58.478570,0.000000,330.417827
3479,6782.489349,0.000000,47.000000,57.977177,0.000000,322.646240
3480,6782.489349,0.000000,47.000000,57.475784,0.000000,314.874652
3481,6782.489349,0.000000,47.000000,56.974391,0.000000,307.103064
3482,6782.489349,0.000000,47.000000,56.472998,0.000000,299.331476
3483,6782.489349,0.000000,47.000000,55.971606,0.000000,291.559889
3484,6782.489349,0.000000,47.000000,55.470213,0.000000,283.788301
3485,6782.489349,0.000000,47.000000,54.968820,0.000000,276.016713
3486,6782.489349,0.000000,47.000000,54.467427,0.000000,268.245125
3487,6782.489349,0.000000,47.000000,53.966035,0.000000,260.473538
3488,6782.489349,0.000000,47.000000,53.464642,0.000000,252.701950
3489,6782.489349,0.000000,47.000000,52.963249,0.000000,244.930362
3490,6782.489349,0.000000,47.000000,52.461856,0.000000,237.158774
3491,6782.489349,0.000000,47.000000,51.960464,0.000000,229.387187
3492,6782.489349,0.000000,47.000000,51.459071,0.000000,221.615599
3493,6782.489349,0.000000,47.000000,50.957678,0.000000,213.844011
3494,6782.489349,0.000000,47.000000,50.456285,0.000000,206.072423
3495,6782.489349,0.000000,47.000000,49.954893,0.000000,198.300836
3496,6782.489349,0.000000,47.000000,49.453500,0.000000,190.529248
3497,6782.489349,0.000000,47.000000,48.952107,0.000000,182.757660
3498,6782.489349,0.000000,47.000000,48.450714,0.000000,174.986072
3499,6782.489349,0.000000,47.000000,47.949322,0.000000,167.214485
3500,6782.489349,0.000000,47.000000,47.447929,0.000000,159.442897
3501,6782.489349,0.000000,47.000000,46.946536,0.000000,151.671309
3502,6782.489349,0.000000,47.000000,46.445143,0.000000,143.899721
3503,6782.489349,0.000000,47.000000,45.943751,0.000000,136.128134
3504,6782.489349,0.000000,47.000000,45.442358,0.000000,128.356546
3505,6782.489349,0.000000,47.000000,44.940965,0.000000,120.584958
3506,6782.489349,0.000000,47.000000,44.439572,0.000000,112.813370
3507,6782.489349,0.000000,47.000000,43.938180,0.000000,105.041783
3508,6782.489349,0.000000,47.000000,43.436787,0.000000,97.270195
3509,6782.489349,0.000000,47.000000,42.935394,0.000000,89.498607
3510,6782.489349,0.000000,47.000000,42.434001,0.000000,81.727019
3511,6782.489349,0.000000,47.000000,41.932609,0.000000,73.955432
3512,6782.489349,0.000000,47.000000,41.431216,0.000000,66.183844
3513,6782.489349,0.000000,47.000000,40.929823,0.000000,58.412256
3514,6782.489349,0.000000,47.000000,40.428430,0.000000,50.640669
3515,6782.489349,0.000000,47.000000,39.927037,0.000000,42.869081
3516,6782.489349,0.000000,47.000000,39.425645,0.000000,35.097493
3517,6782.489349,0.000000,47.000000,38.924252,0.000000,27.325905
3518,6782.489349,0.000000,47.000000,38.422859,0.000000,19.554318
3519,6782.489349,0.000000,47.000000,37.921466,0.000000,11.782730
3520,6782.489349,0.000000,47.000000,37.420074,0.000000,4.011142
3521,6782.489349,0.000000,47.000000,36.918681,0.000000,356.239554
3522,6782.489349,0.000000,47.000000,36.417288,0.000000,348.467967
3523,6782.489349,0.000000,47.000000,35.915895,0.000000,340.696379
3524,6782.489349,0.000000,47.000000,35.414503,0.000000,332.924791
3525,6782.489349,0.000000,47.000000,34.913110,0.000000,325.153203
3526,6782.489349,0.000000,47.000000,34.411717,0.000000,317.381616
3527,6782.489349,0.000000,47.000000,33.910324,0.000000,309.610028
3528,6782.489349,0.000000,47.000000,33.408932,0.000000,301.838440
3529,6782.489349,0.000000,47.000000,32.907539,0.000000,294.066852
3530,6782.489349,0.000000,47.000000,32.406146,0.000000,286.295265
3531,6782.489349,0.000000,47.000000,31.904753,0.000000,278.523677
3532,6782.489349,0.000000,47.000000,31.403361,0.000000,270.752089
3533,6782.489349,0.000000,47.000000,30.901968,0.000000,262.980501
3534,6782.489349,0.000000,47.000000,30.400575,0.000000,255.208914
3535,6782.489349,0.000000,47.000000,29.899182,0.000000,247.437326
3536,6782.489349,0.000000,47.000000,29.397790,0.000000,239.665738
3537,6782.489349,0.000000,47.000000,28.896397,0.000000,231.894150
3538,6782.489349,0.000000,47.000000,28.395004,0.000000,224.122563
3539,6782.489349,0.000000,47.000000,27.893611,0.000000,216.350975
3540,6782.489349,0.000000,47.000000,27.392219,0.000000,208.579387
3541,6782.489349,0.000000,47.000000,26.890826,0.000000,200.807799
3542,6782.489349,0.000000,47.000000,26.389433,0.000000,193.036212
3543,6782.489349,0.000000,47.000000,25.888040,0.000000,185.264624
3544,6782.489349,0.000000,47.000000,25.386647,0.000000,177.493036
3545,6782.489349,0.000000,47.000000,24.885255,0.000000,169.721448
3546,6782.489349,0.000000,47.000000,24.383862,0.000000,161.949861
3547,6782.489349,0.000000,47.000000,23.882469,0.000000,154.178273
3548,6782.489349,0.000000,47.000000,23.381076,0.000000,146.406685
3549,6782.489349,0.000000,47.000000,22.879684,0.000000,138.635097
3550,6782.489349,0.000000,47.000000,22.378291,0.000000,130.863510
3551,6782.489349,0.000000,47.000000,21.876898,0.000000,123.091922
3552,6782.489349,0.000000,47.000000,21.375505,0.000000,115.320334
3553,6782.489349,0.000000,47.000000,20.874113,0.000000,107.548747
3554,6782.489349,0.000000,47.000000,20.372720,0.000000,99.777159
3555,6782.489349,0.000000,47.000000,19.871327,0.000000,92.005571
3556,6782.489349,0.000000,47.000000,19.369934,0.000000,84.233983
3557,6782.489349,0.000000,47.000000,18.868542,0.000000,76.462396
3558,6782.489349,0.000000,47.000000,18.367149,0.000000,68.690808
3559,6782.489349,0.000000,47.000000,17.865756,0.000000,60.919220
3560,6782.489349,0.000000,47.000000,17.364363,0.000000,53.147632
3561,6782.489349,0.000000,47.000000,16.862971,0.000000,45.376045
3562,6782.489349,0.000000,47.000000,16.361578,0.000000,37.604457
3563,6782.489349,0.000000,47.000000,15.860185,0.000000,29.832869
3564,6782.489349,0.000000,47.000000,15.358792,0.000000,22.061281
3565,6782.489349,0.000000,47.000000,14.857400,0.000000,14.289694
3566,6782.489349,0.000000,47.000000,14.356007,0.000000,6.518106
3567,6782.489349,0.000000,47.000000,13.854614,0.000000,358.746518
3568,6782.489349,0.000000,47.000000,13.353221,0.000000,350.974930
3569,6782.489349,0.000000,47.000000,12.851829,0.000000,343.203343
3570,6782.489349,0.000000,47.000000,12.350436,0.000000,335.431755
3571,6782.489349,0.000000,47.000000,11.849043,0.000000,327.660167
3572,6782.489349,0.000000,47.000000,11.347650,0.000000,319.888579
3573,6782.489349,0.000000,47.000000,10.846258,0.000000,312.116992
3574,6782.489349,0.000000,47.000000,10.344865,0.000000,304.345404
3575,6782.489349,0.000000,47.000000,9.843472,0.000000,296.573816
3576,6782.489349,0.000000,47.000000,9.342079,0.000000,288.802228
3577,6782.489349,0.000000,47.000000,8.840686,0.000000,281.030641
3578,6782.489349,0.000000,47.000000,8.339294,0.000000,273.259053
3579,6782.489349,0.000000,47.000000,7.837901,0.000000,265.487465
3580,6782.489349,0.000000,47.000000,7.336508,0.000000,257.715877
3581,6782.489349,0.000000,47.000000,6.835115,0.000000,249.944290
3582,6782.489349,0.000000,47.000000,6.333723,0.000000,242.172702
3583,6782.489349,0.000000,47.000000,5.832330,0.000000,234.401114
3584,6782.489349,0.000000,47.000000,5.330937,0.000000,226.629526
3585,6782.489349,0.000000,47.000000,4.829544,0.000000,218.857939
3586,6782.489349,0.000000,47.000000,4.328152,0.000000,211.086351
3587,6782.489349,0.000000,47.000000,3.826759,0.000000,203.314763
3588,6782.489349,0.000000,47.000000,3.325366,0.000000,195.543175
3589,6782.489349,0.000000,47.000000,2.823973,0.000000,187.771588
3590,6782.489349,0.000000,47.000000,2.322581,0.000000,180.000000
3591,6782.489349,0.000000,47.000000,1.821188,0.000000,172.228412
3592,6782.489349,0.000000,47.000000,1.319795,0.000000,164.456825
3593,6782.489349,0.000000,47.000000,0.818402,0.000000,156.685237
3595,6782.489349,0.000000,47.000000,359.815617,0.000000,141.142061
3596,6782.489349,0.000000,47.000000,359.314224,0.000000,133.370474
3597,6782.489349,0.000000,47.000000,358.812831,0.000000,125.598886
3598,6782.489349,0.000000,47.000000,358.311439,0.000000,117.827298
3599,6782.489349,0.000000,47.000000,357.810046,0.000000,110.055710
3600,6782.489349,0.000000,47.000000,357.308653,0.000000,102.284123
3601,6782.489349,0.000000,47.000000,356.807260,0.000000,94.512535
3602,6782.489349,0.000000,47.000000,356.305868,0.000000,86.740947
3603,6782.489349,0.000000,47.000000,355.804475,0.000000,78.969359
3604,6782.489349,0.000000,47.000000,355.303082,0.000000,71.197772
3605,6782.489349,0.000000,47.000000,354.801689,0.000000,63.426184
3606,6782.489349,0.000000,47.000000,354.300297,0.000000,55.654596
3607,6782.489349,0.000000,47.000000,353.798904,0.000000,47.883008
3608,6782.489349,0.000000,47.000000,353.297511,0.000000,40.111421
3609,6782.489349,0.000000,47.000000,352.796118,0.000000,32.339833
3611,6782.489349,0.000000,47.000000,351.793333,0.000000,16.796657
3612,6782.489349,0.000000,47.000000,351.291940,0.000000,9.025070
3613,6782.489349,0.000000,47.000000,350.790547,0.000000,1.253482
3614,6782.489349,0.000000,47.000000,350.289154,0.000000,353.481894
3615,6782.489349,0.000000,47.000000,349.787762,0.000000,345.710306
3616,6782.489349,0.000000,47.000000,349.286369,0.000000,337.938719
3617,6782.489349,0.000000,47.000000,348.784976,0.000000,330.167131
3618,6782.489349,0.000000,47.000000,348.283583,0.000000,322.395543
3619,6782.489349,0.000000,47.000000,347.782191,0.000000,314.623955
3621,6782.489349,0.000000,47.000000,346.779405,0.000000,299.080780
3622,6782.489349,0.000000,47.000000,346.278012,0.000000,291.309192
3623,6782.489349,0.000000,47.000000,345.776620,0.000000,283.537604
3624,6782.489349,0.000000,47.000000,345.275227,0.000000,275.766017
3625,6782.489349,0.000000,47.000000,344.773834,0.000000,267.994429
3626,6782.489349,0.000000,47.000000,344.272441,0.000000,260.222841
3627,6782.489349,0.000000,47.000000,343.771049,0.000000,252.451253
3628,6782.489349,0.000000,47.000000,343.269656,0.000000,244.679666
3629,6782.489349,0.000000,47.000000,342.768263,0.000000,236.908078
3630,6782.489349,0.000000,47.000000,342.266870,0.000000,229.136490
3631,6782.489349,0.000000,47.000000,341.765478,0.000000,221.364903
3632,6782.489349,0.000000,47.000000,341.264085,0.000000,213.593315
3633,6782.489349,0.000000,47.000000,340.762692,0.000000,205.821727
3634,6782.489349,0.000000,47.000000,340.261299,0.000000,198.050139
3635,6782.489349,0.000000,47.000000,339.759907,0.000000,190.278552
3636,6782.489349,0.000000,47.000000,339.258514,0.000000,182.506964
3637,6782.489349,0.000000,47.000000,338.757121,0.000000,174.735376
3638,6782.489349,0.000000,47.000000,338.255728,0.000000,166.963788
3639,6782.489349,0.000000,47.000000,337.754336,0.000000,159.192201
3640,6782.489349,0.000000,47.000000,337.252943,0.000000,151.420613
3641,6782.489349,0.000000,47.000000,336.751550,0.000000,143.649025
3642,6782.489349,0.000000,47.000000,336.250157,0.000000,135.877437
3643,6782.489349,0.000000,47.000000,335.748764,0.000000,128.105850
3644,6782.489349,0.000000,47.000000,335.247372,0.000000,120.334262
3645,6782.489349,0.000000,47.000000,334.745979,0.000000,112.562674
3646,6782.489349,0.000000,47.000000,334.244586,0.000000,104.791086
3647,6782.489349,0.000000,47.000000,333.743193,0.000000,97.019499
3648,6782.489349,0.000000,47.000000,333.241801,0.000000,89.247911
3649,6782.489349,0.000000,47.000000,332.740408,0.000000,81.476323
3650,6782.489349,0.000000,47.000000,332.239015,0.000000,73.704735
3651,6782.489349,0.000000,47.000000,331.737622,0.000000,65.933148
3652,6782.489349,0.000000,47.000000,331.236230,0.000000,58.161560
3653,6782.489349,0.000000,47.000000,330.734837,0.000000,50.389972
3654,6782.489349,0.000000,47.000000,330.233444,0.000000,42.618384
3655,6782.489349,0.000000,47.000000,329.732051,0.000000,34.846797
3656,6782.489349,0.000000,47.000000,329.230659,0.000000,27.075209
3657,6782.489349,0.000000,47.000000,328.729266,0.000000,19.303621
3658,6782.489349,0.000000,47.000000,328.227873,0.000000,11.532033
3659,6782.489349,0.000000,47.000000,327.726480,0.000000,3.760446
3660,6782.489349,0.000000,47.000000,327.225088,0.000000,355.988858
3661,6782.489349,0.000000,47.000000,326.723695,0.000000,348.217270
3662,6782.489349,0.000000,47.000000,326.222302,0.000000,340.445682
3663,6782.489349,0.000000,47.000000,325.720909,0.000000,332.674095
3665,6782.489349,0.000000,47.000000,324.718124,0.000000,317.130919
3666,6782.489349,0.000000,47.000000,324.216731,0.000000,309.359331
3667,6782.489349,0.000000,47.000000,323.715338,0.000000,301.587744
3668,6782.489349,0.000000,47.000000,323.213946,0.000000,293.816156
3669,6782.489349,0.000000,47.000000,322.712553,0.000000,286.044568
3670,6782.489349,0.000000,47.000000,322.211160,0.000000,278.272981
3671,6782.489349,0.000000,47.000000,321.709767,0.000000,270.501393
3672,6782.489349,0.000000,47.000000,321.208375,0.000000,262.729805
3673,6782.489349,0.000000,47.000000,320.706982,0.000000,254.958217
3674,6782.489349,0.000000,47.000000,320.205589,0.000000,247.186630
3675,6782.489349,0.000000,47.000000,319.704196,0.000000,239.415042
3676,6782.489349,0.000000,47.000000,319.202803,0.000000,231.643454
3677,6782.489349,0.000000,47.000000,318.701411,0.000000,223.871866
3678,6782.489349,0.000000,47.000000,318.200018,0.000000,216.100279
3679,6782.489349,0.000000,47.000000,317.698625,0.000000,208.328691
3680,6782.489349,0.000000,47.000000,317.197232,0.000000,200.557103
3681,6782.489349,0.000000,47.000000,316.695840,0.000000,192.785515
3682,6782.489349,0.000000,47.000000,316.194447,0.000000,185.013928
3683,6782.489349,0.000000,47.000000,315.693054,0.000000,177.242340
3684,6782.489349,0.000000,47.000000,315.191661,0.000000,169.470752
3685,6782.489349,0.000000,47.000000,314.690269,0.000000,161.699164
3686,6782.489349,0.000000,47.000000,314.188876,0.000000,153.927577
3687,6782.489349,0.000000,47.000000,313.687483,0.000000,146.155989
3688,6782.489349,0.000000,47.000000,313.186090,0.000000,138.384401
3689,6782.489349,0.000000,47.000000,312.684698,0.000000,130.612813
3690,6782.489349,0.000000,47.000000,312.183305,0.000000,122.841226
3691,6782.489349,0.000000,47.000000,311.681912,0.000000,115.069638
3692,6782.489349,0.000000,47.000000,311.180519,0.000000,107.298050
3693,6782.489349,0.000000,47.000000,310.679127,0.000000,99.526462
3694,6782.489349,0.000000,47.000000,310.177734,0.000000,91.754875
3695,6782.489349,0.000000,47.000000,309.676341,0.000000,83.983287
3696,6782.489349,0.000000,47.000000,309.174948,0.000000,76.211699
3697,6782.489349,0.000000,47.000000,308.673556,0.000000,68.440111
3698,6782.489349,0.000000,47.000000,308.172163,0.000000,60.668524
3699,6782.489349,0.000000,47.000000,307.670770,0.000000,52.896936
3700,6782.489349,0.000000,47.000000,307.169377,0.000000,45.125348
3701,6782.489349,0.000000,47.000000,306.667985,0.000000,37.353760
3702,6782.489349,0.000000,47.000000,306.166592,0.000000,29.582173
3703,6782.489349,0.000000,47.000000,305.665199,0.000000,21.810585
3704,6782.489349,0.000000,47.000000,305.163806,0.000000,14.038997
3705,6782.489349,0.000000,47.000000,304.662414,0.000000,6.267409
3706,6782.489349,0.000000,47.000000,304.161021,0.000000,358.495822
3707,6782.489349,0.000000,47.000000,303.659628,0.000000,350.724234
3708,6782.489349,0.000000,47.000000,303.158235,0.000000,342.952646
3709,6782.489349,0.000000,47.000000,302.656842,0.000000,335.181058
3710,6782.489349,0.000000,47.000000,302.155450,0.000000,327.409471
3711,6782.489349,0.000000,47.000000,301.654057,0.000000,319.637883
3712,6782.489349,0.000000,47.000000,301.152664,0.000000,311.866295
3713,6782.489349,0.000000,47.000000,300.651271,0.000000,304.094708
3714,6782.489349,0.000000,47.000000,300.149879,0.000000,296.323120
3715,6782.489349,0.000000,47.000000,299.648486,0.000000,288.551532
3716,6782.489349,0.000000,47.000000,299.147093,0.000000,280.779944
3717,6782.489349,0.000000,47.000000,298.645700,0.000000,273.008357
3718,6782.489349,0.000000,47.000000,298.144308,0.000000,265.236769
3719,6782.489349,0.000000,47.000000,297.642915,0.000000,257.465181
3720,6782.489349,0.000000,47.000000,297.141522,0.000000,249.693593
3722,6782.489349,0.000000,47.000000,296.138737,0.000000,234.150418
3723,6782.489349,0.000000,47.000000,295.637344,0.000000,226.378830
3724,6782.489349,0.000000,47.000000,295.135951,0.000000,218.607242
3725,6782.489349,0.000000,47.000000,294.634558,0.000000,210.835655
3726,6782.489349,0.000000,47.000000,294.133166,0.000000,203.064067
3727,6782.489349,0.000000,47.000000,293.631773,0.000000,195.292479
3728,6782.489349,0.000000,47.000000,293.130380,0.000000,187.520891
3729,6782.489349,0.000000,47.000000,292.628987,0.000000,179.749304
3730,6782.489349,0.000000,47.000000,292.127595,0.000000,171.977716
3731,6782.489349,0.000000,47.000000,291.626202,0.000000,164.206128
3732,6782.489349,0.000000,47.000000,291.124809,0.000000,156.434540
3733,6782.489349,0.000000,47.000000,290.623416,0.000000,148.662953
3734,6782.489349,0.000000,47.000000,290.122024,0.000000,140.891365
3735,6782.489349,0.000000,47.000000,289.620631,0.000000,133.119777
3736,6782.489349,0.000000,47.000000,289.119238,0.000000,125.348189
3737,6782.489349,0.000000,47.000000,288.617845,0.000000,117.576602
3739,6782.489349,0.000000,47.000000,287.615060,0.000000,102.033426
3741,6782.489349,0.000000,47.000000,286.612274,0.000000,86.490251
3742,6782.489349,0.000000,47.000000,286.110881,0.000000,78.718663
3743,6782.489349,0.000000,47.000000,285.609489,0.000000,70.947075
3744,6782.489349,0.000000,47.000000,285.108096,0.000000,63.175487
3745,6782.489349,0.000000,47.000000,284.606703,0.000000,55.403900
3746,6782.489349,0.000000,47.000000,284.105310,0.000000,47.632312
3748,6782.489349,0.000000,47.000000,283.102525,0.000000,32.089136
3749,6782.489349,0.000000,47.000000,282.601132,0.000000,24.317549
3750,6782.489349,0.000000,47.000000,282.099739,0.000000,16.545961
3751,6782.489349,0.000000,47.000000,281.598347,0.000000,8.774373
3752,6782.489349,0.000000,47.000000,281.096954,0.000000,1.002786
3753,6782.489349,0.000000,47.000000,280.595561,0.000000,353.231198
3754,6782.489349,0.000000,47.000000,280.094168,0.000000,345.459610
3755,6782.489349,0.000000,47.000000,279.592776,0.000000,337.688022
3756,6782.489349,0.000000,47.000000,279.091383,0.000000,329.916435
3757,6782.489349,0.000000,47.000000,278.589990,0.000000,322.144847
3758,6782.489349,0.000000,47.000000,278.088597,0.000000,314.373259
3759,6782.489349,0.000000,47.000000,277.587205,0.000000,306.601671
3760,6782.489349,0.000000,47.000000,277.085812,0.000000,298.830084
3761,6782.489349,0.000000,47.000000,276.584419,0.000000,291.058496
3762,6782.489349,0.000000,47.000000,276.083026,0.000000,283.286908
3763,6782.489349,0.000000,47.000000,275.581634,0.000000,275.515320
3764,6782.489349,0.000000,47.000000,275.080241,0.000000,267.743733
3765,6782.489349,0.000000,47.000000,274.578848,0.000000,259.972145
3766,6782.489349,0.000000,47.000000,274.077455,0.000000,252.200557
3767,6782.489349,0.000000,47.000000,273.576063,0.000000,244.428969
3768,6782.489349,0.000000,47.000000,273.074670,0.000000,236.657382
3769,6782.489349,0.000000,47.000000,272.573277,0.000000,228.885794
3770,6782.489349,0.000000,47.000000,272.071884,0.000000,221.114206
3771,6782.489349,0.000000,47.000000,271.570492,0.000000,213.342618
3772,6782.489349,0.000000,47.000000,271.069099,0.000000,205.571031
3773,6782.489349,0.000000,47.000000,270.567706,0.000000,197.799443
3775,6782.489349,0.000000,47.000000,269.564920,0.000000,182.256267
3776,6782.489349,0.000000,47.000000,269.063528,0.000000,174.484680
3777,6782.489349,0.000000,47.000000,268.562135,0.000000,166.713092
3778,6782.489349,0.000000,47.000000,268.060742,0.000000,158.941504
3779,6782.489349,0.000000,47.000000,267.559349,0.000000,151.169916
3780,6782.489349,0.000000,47.000000,267.057957,0.000000,143.398329
3781,6782.489349,0.000000,47.000000,266.556564,0.000000,135.626741
3782,6782.489349,0.000000,47.000000,266.055171,0.000000,127.855153
3783,6782.489349,0.000000,47.000000,265.553778,0.000000,120.083565
3784,6782.489349,0.000000,47.000000,265.052386,0.000000,112.311978
3785,6782.489349,0.000000,47.000000,264.550993,0.000000,104.540390
3786,6782.489349,0.000000,47.000000,264.049600,0.000000,96.768802
3787,6782.489349,0.000000,47.000000,263.548207,0.000000,88.997214
3788,6782.489349,0.000000,47.000000,263.046815,0.000000,81.225627
3789,6782.489349,0.000000,47.000000,262.545422,0.000000,73.454039
3790,6782.489349,0.000000,47.000000,262.044029,0.000000,65.682451
3791,6782.489349,0.000000,47.000000,261.542636,0.000000,57.910864
3792,6782.489349,0.000000,47.000000,261.041244,0.000000,50.139276
3793,6782.489349,0.000000,47.000000,260.539851,0.000000,42.367688
3794,6782.489349,0.000000,47.000000,260.038458,0.000000,34.596100
3795,6782.489349,0.000000,47.000000,259.537065,0.000000,26.824513
3796,6782.489349,0.000000,47.000000,259.035673,0.000000,19.052925
3797,6782.489349,0.000000,47.000000,258.534280,0.000000,11.281337
3798,6782.489349,0.000000,47.000000,258.032887,0.000000,3.509749
3799,6782.489349,0.000000,47.000000,257.531494,0.000000,355.738162
3800,6782.489349,0.000000,47.000000,257.030102,0.000000,347.966574
3801,6782.489349,0.000000,47.000000,256.528709,0.000000,340.194986
3802,6782.489349,0.000000,47.000000,256.027316,0.000000,332.423398
3803,6782.489349,0.000000,47.000000,255.525923,0.000000,324.651811
3804,6782.489349,0.000000,47.000000,255.024531,0.000000,316.880223
3805,6782.489349,0.000000,47.000000,254.523138,0.000000,309.108635
3806,6782.489349,0.000000,47.000000,254.021745,0.000000,301.337047
3807,6782.489349,0.000000,47.000000,253.520352,0.000000,293.565460
3808,6782.489349,0.000000,47.000000,253.018959,0.000000,285.793872
3809,6782.489349,0.000000,47.000000,252.517567,0.000000,278.022284
3810,6782.489349,0.000000,47.000000,252.016174,0.000000,270.250696
3811,6782.489349,0.000000,47.000000,251.514781,0.000000,262.479109
3812,6782.489349,0.000000,47.000000,251.013388,0.000000,254.707521
3813,6782.489349,0.000000,47.000000,250.511996,0.000000,246.935933
3814,6782.489349,0.000000,47.000000,250.010603,0.000000,239.164345
3815,6782.489349,0.000000,47.000000,249.509210,0.000000,231.392758
3816,6782.489349,0.000000,47.000000,249.007817,0.000000,223.621170
3817,6782.489349,0.000000,47.000000,248.506425,0.000000,215.849582
3818,6782.489349,0.000000,47.000000,248.005032,0.000000,208.077994
3819,6782.489349,0.000000,47.000000,247.503639,0.000000,200.306407
3820,6782.489349,0.000000,47.000000,247.002246,0.000000,192.534819
3821,6782.489349,0.000000,47.000000,246.500854,0.000000,184.763231
3822,6782.489349,0.000000,47.000000,245.999461,0.000000,176.991643
3823,6782.489349,0.000000,47.000000,245.498068,0.000000,169.220056
3824,6782.489349,0.000000,47.000000,244.996675,0.000000,161.448468
3825,6782.489349,0.000000,47.000000,244.495283,0.000000,153.676880
3826,6782.489349,0.000000,47.000000,243.993890,0.000000,145.905292
3827,6782.489349,0.000000,47.000000,243.492497,0.000000,138.133705
3828,6782.489349,0.000000,47.000000,242.991104,0.000000,130.362117
3829,6782.489349,0.000000,47.000000,242.489712,0.000000,122.590529
3830,6782.489349,0.000000,47.000000,241.988319,0.000000,114.818942
3831,6782.489349,0.000000,47.000000,241.486926,0.000000,107.047354
3832,6782.489349,0.000000,47.000000,240.985533,0.000000,99.275766
3833,6782.489349,0.000000,47.000000,240.484141,0.000000,91.504178
3834,6782.489349,0.000000,47.000000,239.982748,0.000000,83.732591
3835,6782.489349,0.000000,47.000000,239.481355,0.000000,75.961003
3836,6782.489349,0.000000,47.000000,238.979962,0.000000,68.189415
3838,6782.489349,0.000000,47.000000,237.977177,0.000000,52.646240
3839,6782.489349,0.000000,47.000000,237.475784,0.000000,44.874652
3840,6782.489349,0.000000,47.000000,236.974391,0.000000,37.103064
3841,6782.489349,0.000000,47.000000,236.472998,0.000000,29.331476
3842,6782.489349,0.000000,47.000000,235.971606,0.000000,21.559889
3843,6782.489349,0.000000,47.000000,235.470213,0.000000,13.788301
3844,6782.489349,0.000000,47.000000,234.968820,0.000000,6.016713
3845,6782.489349,0.000000,47.000000,234.467427,0.000000,358.245125
3846,6782.489349,0.000000,47.000000,233.966035,0.000000,350.473538
3847,6782.489349,0.000000,47.000000,233.464642,0.000000,342.701950
3848,6782.489349,0.000000,47.000000,232.963249,0.000000,334.930362
3849,6782.489349,0.000000,47.000000,232.461856,0.000000,327.158774
3850,6782.489349,0.000000,47.000000,231.960464,0.000000,319.387187
3851,6782.489349,0.000000,47.000000,231.459071,0.000000,311.615599
3852,6782.489349,0.000000,47.000000,230.957678,0.000000,303.844011
3853,6782.489349,0.000000,47.000000,230.456285,0.000000,296.072423
3854,6782.489349,0.000000,47.000000,229.954893,0.000000,288.300836
3855,6782.489349,0.000000,47.000000,229.453500,0.000000,280.529248
3856,6782.489349,0.000000,47.000000,228.952107,0.000000,272.757660
3858,6782.489349,0.000000,47.000000,227.949322,0.000000,257.214485
3859,6782.489349,0.000000,47.000000,227.447929,0.000000,249.442897
3860,6782.489349,0.000000,47.000000,226.946536,0.000000,241.671309
3861,6782.489349,0.000000,47.000000,226.445143,0.000000,233.899721
3862,6782.489349,0.000000,47.000000,225.943751,0.000000,226.128134
3863,6782.489349,0.000000,47.000000,225.442358,0.000000,218.356546
3864,6782.489349,0.000000,47.000000,224.940965,0.000000,210.584958
3865,6782.489349,0.000000,47.000000,224.439572,0.000000,202.813370
3866,6782.489349,0.000000,47.000000,223.938180,0.000000,195.041783
3867,6782.489349,0.000000,47.000000,223.436787,0.000000,187.270195
3868,6782.489349,0.000000,47.000000,222.935394,0.000000,179.498607
3869,6782.489349,0.000000,47.000000,222.434001,0.000000,171.727019
3870,6782.489349,0.000000,47.000000,221.932609,0.000000,163.955432
3871,6782.489349,0.000000,47.000000,221.431216,0.000000,156.183844
3872,6782.489349,0.000000,47.000000,220.929823,0.000000,148.412256
3873,6782.489349,0.000000,47.000000,220.428430,0.000000,140.640669
3874,6782.489349,0.000000,47.000000,219.927037,0.000000,132.869081
3875,6782.489349,0.000000,47.000000,219.425645,0.000000,125.097493
3876,6782.489349,0.000000,47.000000,218.924252,0.000000,117.325905
3877,6782.489349,0.000000,47.000000,218.422859,0.000000,109.554318
3878,6782.489349,0.000000,47.000000,217.921466,0.000000,101.782730
3879,6782.489349,0.000000,47.000000,217.420074,0.000000,94.011142
3880,6782.489349,0.000000,47.000000,216.918681,0.000000,86.239554
3881,6782.489349,0.000000,47.000000,216.417288,0.000000,78.467967
3882,6782.489349,0.000000,47.000000,215.915895,0.000000,70.696379
3883,6782.489349,0.000000,47.000000,215.414503,0.000000,62.924791
3884,6782.489349,0.000000,47.000000,214.913110,0.000000,55.153203
3885,6782.489349,0.000000,47.000000,214.411717,0.000000,47.381616
3886,6782.489349,0.000000,47.000000,213.910324,0.000000,39.610028
3887,6782.489349,0.000000,47.000000,213.408932,0.000000,31.838440
3888,6782.489349,0.000000,47.000000,212.907539,0.000000,24.066852
3889,6782.489349,0.000000,47.000000,212.406146,0.000000,16.295265
3890,6782.489349,0.000000,47.000000,211.904753,0.000000,8.523677
3891,6782.489349,0.000000,47.000000,211.403361,0.000000,0.752089
3892,6782.489349,0.000000,47.000000,210.901968,0.000000,352.980501
3893,6782.489349,0.000000,47.000000,210.400575,0.000000,345.208914
3894,6782.489349,0.000000,47.000000,209.899182,0.000000,337.437326
3895,6782.489349,0.000000,47.000000,209.397790,0.000000,329.665738
3896,6782.489349,0.000000,47.000000,208.896397,0.000000,321.894150
3897,6782.489349,0.000000,47.000000,208.395004,0.000000,314.122563
3898,6782.489349,0.000000,47.000000,207.893611,0.000000,306.350975
3899,6782.489349,0.000000,47.000000,207.392219,0.000000,298.579387
3900,6782.489349,0.000000,47.000000,206.890826,0.000000,290.807799
3901,6782.489349,0.000000,47.000000,206.389433,0.000000,283.036212
3902,6782.489349,0.000000,47.000000,205.888040,0.000000,275.264624
3903,6782.489349,0.000000,47.000000,205.386647,0.000000,267.493036
3904,6782.489349,0.000000,47.000000,204.885255,0.000000,259.721448
3905,6782.489349,0.000000,47.000000,204.383862,0.000000,251.949861
3906,6782.489349,0.000000,47.000000,203.882469,0.000000,244.178273
3907,6782.489349,0.000000,47.000000,203.381076,0.000000,236.406685
3908,6782.489349,0.000000,47.000000,202.879684,0.000000,228.635097
3909,6782.489349,0.000000,47.000000,202.378291,0.000000,220.863510
3910,6782.489349,0.000000,47.000000,201.876898,0.000000,213.091922
3911,6782.489349,0.000000,47.000000,201.375505,0.000000,205.320334
3912,6782.489349,0.000000,47.000000,200.874113,0.000000,197.548747
3913,6782.489349,0.000000,47.000000,200.372720,0.000000,189.777159
3914,6782.489349,0.000000,47.000000,199.871327,0.000000,182.005571
3915,6782.489349,0.000000,47.000000,199.369934,0.000000,174.233983
3916,6782.489349,0.000000,47.000000,198.868542,0.000000,166.462396
3917,6782.489349,0.000000,47.000000,198.367149,0.000000,158.690808
3918,6782.489349,0.000000,47.000000,197.865756,0.000000,150.919220
3919,6782.489349,0.000000,47.000000,197.364363,0.000000,143.147632
3920,6782.489349,0.000000,47.000000,196.862971,0.000000,135.376045
3921,6782.489349,0.000000,47.000000,196.361578,0.000000,127.604457
3922,6782.489349,0.000000,47.000000,195.860185,0.000000,119.832869
3923,6782.489349,0.000000,47.000000,195.358792,0.000000,112.061281
3924,6782.489349,0.000000,47.000000,194.857400,0.000000,104.289694
3925,6782.489349,0.000000,47.000000,194.356007,0.000000,96.518106
3926,6782.489349,0.000000,47.000000,193.854614,0.000000,88.746518
3927,6782.489349,0.000000,47.000000,193.353221,0.000000,80.974930
3929,6782.489349,0.000000,47.000000,192.350436,0.000000,65.431755
3930,6782.489349,0.000000,47.000000,191.849043,0.000000,57.660167
3931,6782.489349,0.000000,47.000000,191.347650,0.000000,49.888579
3932,6782.489349,0.000000,47.000000,190.846258,0.000000,42.116992
3933,6782.489349,0.000000,47.000000,190.344865,0.000000,34.345404
3934,6782.489349,0.000000,47.000000,189.843472,0.000000,26.573816
3935,6782.489349,0.000000,47.000000,189.342079,0.000000,18.802228
3936,6782.489349,0.000000,47.000000,188.840686,0.000000,11.030641
3937,6782.489349,0.000000,47.000000,188.339294,0.000000,3.259053
3938,6782.489349,0.000000,47.000000,187.837901,0.000000,355.487465
3939,6782.489349,0.000000,47.000000,187.336508,0.000000,347.715877
3940,6782.489349,0.000000,47.000000,186.835115,0.000000,339.944290
3941,6782.489349,0.000000,47.000000,186.333723,0.000000,332.172702
3942,6782.489349,0.000000,47.000000,185.832330,0.000000,324.401114
3943,6782.489349,0.000000,47.000000,185.330937,0.000000,316.629526
3945,6782.489349,0.000000,47.000000,184.328152,0.000000,301.086351
3946,6782.489349,0.000000,47.000000,183.826759,0.000000,293.314763
3947,6782.489349,0.000000,47.000000,183.325366,0.000000,285.543175
3948,6782.489349,0.000000,47.000000,182.823973,0.000000,277.771588
3949,6782.489349,0.000000,47.000000,182.322581,0.000000,270.000000
3950,6782.489349,0.000000,47.000000,181.821188,0.000000,262.228412
3951,6782.489349,0.000000,47.000000,181.319795,0.000000,254.456825
3952,6782.489349,0.000000,47.000000,180.818402,0.000000,246.685237
3953,6782.489349,0.000000,47.000000,180.317010,0.000000,238.913649
3954,6782.489349,0.000000,47.000000,179.815617,0.000000,231.142061
3955,6782.489349,0.000000,47.000000,179.314224,0.000000,223.370474
3956,6782.489349,0.000000,47.000000,178.812831,0.000000,215.598886
3957,6782.489349,0.000000,47.000000,178.311439,0.000000,207.827298
3958,6782.489349,0.000000,47.000000,177.810046,0.000000,200.055710
3959,6782.489349,0.000000,47.000000,177.308653,0.000000,192.284123
3960,6782.489349,0.000000,47.000000,176.807260,0.000000,184.512535
3961,6782.489349,0.000000,47.000000,176.305868,0.000000,176.740947
3962,6782.489349,0.000000,47.000000,175.804475,0.000000,168.969359
3963,6782.489349,0.000000,47.000000,175.303082,0.000000,161.197772
3964,6782.489349,0.000000,47.000000,174.801689,0.000000,153.426184
3966,6782.489349,0.000000,47.000000,173.798904,0.000000,137.883008
3967,6782.489349,0.000000,47.000000,173.297511,0.000000,130.111421
3968,6782.489349,0.000000,47.000000,172.796118,0.000000,122.339833
3969,6782.489349,0.000000,47.000000,172.294725,0.000000,114.568245
3970,6782.489349,0.000000,47.000000,171.793333,0.000000,106.796657
3971,6782.489349,0.000000,47.000000,171.291940,0.000000,99.025070
3972,6782.489349,0.000000,47.000000,170.790547,0.000000,91.253482
3973,6782.489349,0.000000,47.000000,170.289154,0.000000,83.481894
3974,6782.489349,0.000000,47.000000,169.787762,0.000000,75.710306
3975,6782.489349,0.000000,47.000000,169.286369,0.000000,67.938719
3976,6782.489349,0.000000,47.000000,168.784976,0.000000,60.167131
3977,6782.489349,0.000000,47.000000,168.283583,0.000000,52.395543
3978,6782.489349,0.000000,47.000000,167.782191,0.000000,44.623955
3979,6782.489349,0.000000,47.000000,167.280798,0.000000,36.852368
3981,6782.489349,0.000000,47.000000,166.278012,0.000000,21.309192
3982,6782.489349,0.000000,47.000000,165.776620,0.000000,13.537604
3983,6782.489349,0.000000,47.000000,165.275227,0.000000,5.766017
3984,6782.489349,0.000000,47.000000,164.773834,0.000000,357.994429
3985,6782.489349,0.000000,47.000000,164.272441,0.000000,350.222841
3986,6782.489349,0.000000,47.000000,163.771049,0.000000,342.451253
3988,6782.489349,0.000000,47.000000,162.768263,0.000000,326.908078
3989,6782.489349,0.000000,47.000000,162.266870,0.000000,319.136490
3990,6782.489349,0.000000,47.000000,161.765478,0.000000,311.364903
3991,6782.489349,0.000000,47.000000,161.264085,0.000000,303.593315
3992,6782.489349,0.000000,47.000000,160.762692,0.000000,295.821727
3993,6782.489349,0.000000,47.000000,160.261299,0.000000,288.050139
3994,6782.489349,0.000000,47.000000,159.759907,0.000000,280.278552
3995,6782.489349,0.000000,47.000000,159.258514,0.000000,272.506964
3996,6782.489349,0.000000,47.000000,158.757121,0.000000,264.735376
3997,6782.489349,0.000000,47.000000,158.255728,0.000000,256.963788
3998,6782.489349,0.000000,47.000000,157.754336,0.000000,249.192201
3999,6782.489349,0.000000,47.000000,157.252943,0.000000,241.420613
4000,6782.489349,0.000000,47.000000,156.751550,0.000000,233.649025
4001,6782.489349,0.000000,47.000000,156.250157,0.000000,225.877437
4002,6782.489349,0.000000,47.000000,155.748764,0.000000,218.105850
4003,6782.489349,0.000000,47.000000,155.247372,0.000000,210.334262
4004,6782.489349,0.000000,47.000000,154.745979,0.000000,202.562674
4005,6782.489349,0.000000,47.000000,154.244586,0.000000,194.791086
4007,6782.489349,0.000000,47.000000,153.241801,0.000000,179.247911
4008,6782.489349,0.000000,47.000000,152.740408,0.000000,171.476323
4009,6782.489349,0.000000,47.000000,152.239015,0.000000,163.704735
4010,6782.489349,0.000000,47.000000,151.737622,0.000000,155.933148
4011,6782.489349,0.000000,47.000000,151.236230,0.000000,148.161560
4012,6782.489349,0.000000,47.000000,150.734837,0.000000,140.389972
4013,6782.489349,0.000000,47.000000,150.233444,0.000000,132.618384
4015,6782.489349,0.000000,47.000000,149.230659,0.000000,117.075209
4016,6782.489349,0.000000,47.000000,148.729266,0.000000,109.303621
4017,6782.489349,0.000000,47.000000,148.227873,0.000000,101.532033
4018,6782.489349,0.000000,47.000000,147.726480,0.000000,93.760446
4019,6782.489349,0.000000,47.000000,147.225088,0.000000,85.988858
4020,6782.489349,0.000000,47.000000,146.723695,0.000000,78.217270
4021,6782.489349,0.000000,47.000000,146.222302,0.000000,70.445682
4022,6782.489349,0.000000,47.000000,145.720909,0.000000,62.674095
4023,6782.489349,0.000000,47.000000,145.219517,0.000000,54.902507
4024,6782.489349,0.000000,47.000000,144.718124,0.000000,47.130919
4025,6782.489349,0.000000,47.000000,144.216731,0.000000,39.359331
4026,6782.489349,0.000000,47.000000,143.715338,0.000000,31.587744
4027,6782.489349,0.000000,47.000000,143.213946,0.000000,23.816156
4028,6782.489349,0.000000,47.000000,142.712553,0.000000,16.044568
4029,6782.489349,0.000000,47.000000,142.211160,0.000000,8.272981
4030,6782.489349,0.000000,47.000000,141.709767,0.000000,0.501393
4031,6782.489349,0.000000,47.000000,141.208375,0.000000,352.729805
4032,6782.489349,0.000000,47.000000,140.706982,0.000000,344.958217
4033,6782.489349,0.000000,47.000000,140.205589,0.000000,337.186630
4034,6782.489349,0.000000,47.000000,139.704196,0.000000,329.415042
4035,6782.489349,0.000000,47.000000,139.202803,0.000000,321.643454
4036,6782.489349,0.000000,47.000000,138.701411,0.000000,313.871866
4037,6782.489349,0.000000,47.000000,138.200018,0.000000,306.100279
4038,6782.489349,0.000000,47.000000,137.698625,0.000000,298.328691
4039,6782.489349,0.000000,47.000000,137.197232,0.000000,290.557103
4040,6782.489349,0.000000,47.000000,136.695840,0.000000,282.785515
4041,6782.489349,0.000000,47.000000,136.194447,0.000000,275.013928
4042,6782.489349,0.000000,47.000000,135.693054,0.000000,267.242340
4043,6782.489349,0.000000,47.000000,135.191661,0.000000,259.470752
4044,6782.489349,0.000000,47.000000,134.690269,0.000000,251.699164
4045,6782.489349,0.000000,47.000000,134.188876,0.000000,243.927577
4046,6782.489349,0.000000,47.000000,133.687483,0.000000,236.155989
4047,6782.489349,0.000000,47.000000,133.186090,0.000000,228.384401
4048,6782.489349,0.000000,47.000000,132.684698,0.000000,220.612813
4049,6782.489349,0.000000,47.000000,132.183305,0.000000,212.841226
4050,6782.489349,0.000000,47.000000,131.681912,0.000000,205.069638
4051,6782.489349,0.000000,47.000000,131.180519,0.000000,197.298050
4052,6782.489349,0.000000,47.000000,130.679127,0.000000,189.526462
4053,6782.489349,0.000000,47.000000,130.177734,0.000000,181.754875
4054,6782.489349,0.000000,47.000000,129.676341,0.000000,173.983287
4055,6782.489349,0.000000,47.000000,129.174948,0.000000,166.211699
4056,6782.489349,0.000000,47.000000,128.673556,0.000000,158.440111
4057,6782.489349,0.000000,47.000000,128.172163,0.000000,150.668524
4058,6782.489349,0.000000,47.000000,127.670770,0.000000,142.896936
4059,6782.489349,0.000000,47.000000,127.169377,0.000000,135.125348
4060,6782.489349,0.000000,47.000000,126.667985,0.000000,127.353760
4061,6782.489349,0.000000,47.000000,126.166592,0.000000,119.582173
4062,6782.489349,0.000000,47.000000,125.665199,0.000000,111.810585
4063,6782.489349,0.000000,47.000000,125.163806,0.000000,104.038997
4064,6782.489349,0.000000,47.000000,124.662414,0.000000,96.267409
4065,6782.489349,0.000000,47.000000,124.161021,0.000000,88.495822
4066,6782.489349,0.000000,47.000000,123.659628,0.000000,80.724234
4067,6782.489349,0.000000,47.000000,123.158235,0.000000,72.952646
4068,6782.489349,0.000000,47.000000,122.656842,0.000000,65.181058
4069,6782.489349,0.000000,47.000000,122.155450,0.000000,57.409471
4070,6782.489349,0.000000,47.000000,121.654057,0.000000,49.637883
4071,6782.489349,0.000000,47.000000,121.152664,0.000000,41.866295
4072,6782.489349,0.000000,47.000000,120.651271,0.000000,34.094708
4074,6782.489349,0.000000,47.000000,119.648486,0.000000,18.551532
4075,6782.489349,0.000000,47.000000,119.147093,0.000000,10.779944
4076,6782.489349,0.000000,47.000000,118.645700,0.000000,3.008357
4077,6782.489349,0.000000,47.000000,118.144308,0.000000,355.236769
4078,6782.489349,0.000000,47.000000,117.642915,0.000000,347.465181
4079,6782.489349,0.000000,47.000000,117.141522,0.000000,339.693593
4080,6782.489349,0.000000,47.000000,116.640129,0.000000,331.922006
4081,6782.489349,0.000000,47.000000,116.138737,0.000000,324.150418
4082,6782.489349,0.000000,47.000000,115.637344,0.000000,316.378830
4083,6782.489349,0.000000,47.000000,115.135951,0.000000,308.607242
4084,6782.489349,0.000000,47.000000,114.634558,0.000000,300.835655
4085,6782.489349,0.000000,47.000000,114.133166,0.000000,293.064067
4086,6782.489349,0.000000,47.000000,113.631773,0.000000,285.292479
4088,6782.489349,0.000000,47.000000,112.628987,0.000000,269.749304
4089,6782.489349,0.000000,47.000000,112.127595,0.000000,261.977716
4090,6782.489349,0.000000,47.000000,111.626202,0.000000,254.206128
4091,6782.489349,0.000000,47.000000,111.124809,0.000000,246.434540
4092,6782.489349,0.000000,47.000000,110.623416,0.000000,238.662953
4093,6782.489349,0.000000,47.000000,110.122024,0.000000,230.891365
4094,6782.489349,0.000000,47.000000,109.620631,0.000000,223.119777
4095,6782.489349,0.000000,47.000000,109.119238,0.000000,215.348189
4096,6782.489349,0.000000,47.000000,108.617845,0.000000,207.576602
4097,6782.489349,0.000000,47.000000,108.116453,0.000000,199.805014
4098,6782.489349,0.000000,47.000000,107.615060,0.000000,192.033426
4099,6782.489349,0.000000,47.000000,107.113667,0.000000,184.261838
4100,6782.489349,0.000000,47.000000,106.612274,0.000000,176.490251
4101,6782.489349,0.000000,47.000000,106.110881,0.000000,168.718663
4102,6782.489349,0.000000,47.000000,105.609489,0.000000,160.947075
4103,6782.489349,0.000000,47.000000,105.108096,0.000000,153.175487
4104,6782.489349,0.000000,47.000000,104.606703,0.000000,145.403900
4105,6782.489349,0.000000,47.000000,104.105310,0.000000,137.632312
4106,6782.489349,0.000000,47.000000,103.603918,0.000000,129.860724
4107,6782.489349,0.000000,47.000000,103.102525,0.000000,122.089136
4108,6782.489349,0.000000,47.000000,102.601132,0.000000,114.317549
4109,6782.489349,0.000000,47.000000,102.099739,0.000000,106.545961
4110,6782.489349,0.000000,47.000000,101.598347,0.000000,98.774373
4111,6782.489349,0.000000,47.000000,101.096954,0.000000,91.002786
4112,6782.489349,0.000000,47.000000,100.595561,0.000000,83.231198
4113,6782.489349,0.000000,47.000000,100.094168,0.000000,75.459610
4114,6782.489349,0.000000,47.000000,99.592776,0.000000,67.688022
4115,6782.489349,0.000000,47.000000,99.091383,0.000000,59.916435
4116,6782.489349,0.000000,47.000000,98.589990,0.000000,52.144847
4117,6782.489349,0.000000,47.000000,98.088597,0.000000,44.373259
4118,6782.489349,0.000000,47.000000,97.587205,0.000000,36.601671
4119,6782.489349,0.000000,47.000000,97.085812,0.000000,28.830084
4120,6782.489349,0.000000,47.000000,96.584419,0.000000,21.058496
4121,6782.489349,0.000000,47.000000,96.083026,0.000000,13.286908
4122,6782.489349,0.000000,47.000000,95.581634,0.000000,5.515320
4123,6782.489349,0.000000,47.000000,95.080241,0.000000,357.743733
4124,6782.489349,0.000000,47.000000,94.578848,0.000000,349.972145
4125,6782.489349,0.000000,47.000000,94.077455,0.000000,342.200557
4126,6782.489349,0.000000,47.000000,93.576063,0.000000,334.428969
4127,6782.489349,0.000000,47.000000,93.074670,0.000000,326.657382
4128,6782.489349,0.000000,47.000000,92.573277,0.000000,318.885794
4129,6782.489349,0.000000,47.000000,92.071884,0.000000,311.114206
4130,6782.489349,0.000000,47.000000,91.570492,0.000000,303.342618
4131,6782.489349,0.000000,47.000000,91.069099,0.000000,295.571031
4132,6782.489349,0.000000,47.000000,90.567706,0.000000,287.799443
4133,6782.489349,0.000000,47.000000,90.066313,0.000000,280.027855
4134,6782.489349,0.000000,47.000000,89.564920,0.000000,272.256267
4135,6782.489349,0.000000,47.000000,89.063528,0.000000,264.484680
4136,6782.489349,0.000000,47.000000,88.562135,0.000000,256.713092
4137,6782.489349,0.000000,47.000000,88.060742,0.000000,248.941504
4138,6782.489349,0.000000,47.000000,87.559349,0.000000,241.169916
4139,6782.489349,0.000000,47.000000,87.057957,0.000000,233.398329
4140,6782.489349,0.000000,47.000000,86.556564,0.000000,225.626741
4141,6782.489349,0.000000,47.000000,86.055171,0.000000,217.855153
4142,6782.489349,0.000000,47.000000,85.553778,0.000000,210.083565
4143,6782.489349,0.000000,47.000000,85.052386,0.000000,202.311978
4145,6782.489349,0.000000,47.000000,84.049600,0.000000,186.768802
4146,6782.489349,0.000000,47.000000,83.548207,0.000000,178.997214
4147,6782.489349,0.000000,47.000000,83.046815,0.000000,171.225627
4148,6782.489349,0.000000,47.000000,82.545422,0.000000,163.454039
4149,6782.489349,0.000000,47.000000,82.044029,0.000000,155.682451
4150,6782.489349,0.000000,47.000000,81.542636,0.000000,147.910864
4151,6782.489349,0.000000,47.000000,81.041244,0.000000,140.139276
4152,6782.489349,0.000000,47.000000,80.539851,0.000000,132.367688
4153,6782.489349,0.000000,47.000000,80.038458,0.000000,124.596100
4154,6782.489349,0.000000,47.000000,79.537065,0.000000,116.824513
4155,6782.489349,0.000000,47.000000,79.035673,0.000000,109.052925
4156,6782.489349,0.000000,47.000000,78.534280,0.000000,101.281337
4157,6782.489349,0.000000,47.000000,78.032887,0.000000,93.509749
4158,6782.489349,0.000000,47.000000,77.531494,0.000000,85.738162
4160,6782.489349,0.000000,47.000000,76.528709,0.000000,70.194986
4161,6782.489349,0.000000,47.000000,76.027316,0.000000,62.423398
4162,6782.489349,0.000000,47.000000,75.525923,0.000000,54.651811
4163,6782.489349,0.000000,47.000000,75.024531,0.000000,46.880223
4164,6782.489349,0.000000,47.000000,74.523138,0.000000,39.108635
4165,6782.489349,0.000000,47.000000,74.021745,0.000000,31.337047
4166,6782.489349,0.000000,47.000000,73.520352,0.000000,23.565460
4167,6782.489349,0.000000,47.000000,73.018959,0.000000,15.793872
4168,6782.489349,0.000000,47.000000,72.517567,0.000000,8.022284
4169,6782.489349,0.000000,47.000000,72.016174,0.000000,0.250696
4170,6782.489349,0.000000,47.000000,71.514781,0.000000,352.479109
4171,6782.489349,0.000000,47.000000,71.013388,0.000000,344.707521
4172,6782.489349,0.000000,47.000000,70.511996,0.000000,336.935933
4173,6782.489349,0.000000,47.000000,70.010603,0.000000,329.164345
4174,6782.489349,0.000000,47.000000,69.509210,0.000000,321.392758
4175,6782.489349,0.000000,47.000000,69.007817,0.000000,313.621170
4176,6782.489349,0.000000,47.000000,68.506425,0.000000,305.849582
4177,6782.489349,0.000000,47.000000,68.005032,0.000000,298.077994
4178,6782.489349,0.000000,47.000000,67.503639,0.000000,290.306407
4179,6782.489349,0.000000,47.000000,67.002246,0.000000,282.534819
4180,6782.489349,0.000000,47.000000,66.500854,0.000000,274.763231
4181,6782.489349,0.000000,47.000000,65.999461,0.000000,266.991643
4182,6782.489349,0.000000,47.000000,65.498068,0.000000,259.220056
4183,6782.489349,0.000000,47.000000,64.996675,0.000000,251.448468
4184,6782.489349,0.000000,47.000000,64.495283,0.000000,243.676880
4185,6782.489349,0.000000,47.000000,63.993890,0.000000,235.905292
4186,6782.489349,0.000000,47.000000,63.492497,0.000000,228.133705
4187,6782.489349,0.000000,47.000000,62.991104,0.000000,220.362117
4188,6782.489349,0.000000,47.000000,62.489712,0.000000,212.590529
4189,6782.489349,0.000000,47.000000,61.988319,0.000000,204.818942
4190,6782.489349,0.000000,47.000000,61.486926,0.000000,197.047354
4192,6782.489349,0.000000,47.000000,60.484141,0.000000,181.504178
4193,6782.489349,0.000000,47.000000,59.982748,0.000000,173.732591
4194,6782.489349,0.000000,47.000000,59.481355,0.000000,165.961003
4195,6782.489349,0.000000,47.000000,58.979962,0.000000,158.189415
4196,6782.489349,0.000000,47.000000,58.478570,0.000000,150.417827
4197,6782.489349,0.000000,47.000000,57.977177,0.000000,142.646240
4198,6782.489349,0.000000,47.000000,57.475784,0.000000,134.874652
4199,6782.489349,0.000000,47.000000,56.974391,0.000000,127.103064
4200,6782.489349,0.000000,47.000000,56.472998,0.000000,119.331476
4201,6782.489349,0.000000,47.000000,55.971606,0.000000,111.559889
4202,6782.489349,0.000000,47.000000,55.470213,0.000000,103.788301
4203,6782.489349,0.000000,47.000000,54.968820,0.000000,96.016713
4204,6782.489349,0.000000,47.000000,54.467427,0.000000,88.245125
4205,6782.489349,0.000000,47.000000,53.966035,0.000000,80.473538
4206,6782.489349,0.000000,47.000000,53.464642,0.000000,72.701950
4207,6782.489349,0.000000,47.000000,52.963249,0.000000,64.930362
4208,6782.489349,0.000000,47.000000,52.461856,0.000000,57.158774
4209,6782.489349,0.000000,47.000000,51.960464,0.000000,49.387187
4210,6782.489349,0.000000,47.000000,51.459071,0.000000,41.615599
4211,6782.489349,0.000000,47.000000,50.957678,0.000000,33.844011
4212,6782.489349,0.000000,47.000000,50.456285,0.000000,26.072423
4213,6782.489349,0.000000,47.000000,49.954893,0.000000,18.300836
4214,6782.489349,0.000000,47.000000,49.453500,0.000000,10.529248
4215,6782.489349,0.000000,47.000000,48.952107,0.000000,2.757660
4216,6782.489349,0.000000,47.000000,48.450714,0.000000,354.986072
4217,6782.489349,0.000000,47.000000,47.949322,0.000000,347.214485
4218,6782.489349,0.000000,47.000000,47.447929,0.000000,339.442897
4219,6782.489349,0.000000,47.000000,46.946536,0.000000,331.671309
4220,6782.489349,0.000000,47.000000,46.445143,0.000000,323.899721
4221,6782.489349,0.000000,47.000000,45.943751,0.000000,316.128134
4222,6782.489349,0.000000,47.000000,45.442358,0.000000,308.356546
4223,6782.489349,0.000000,47.000000,44.940965,0.000000,300.584958
4224,6782.489349,0.000000,47.000000,44.439572,0.000000,292.813370
4225,6782.489349,0.000000,47.000000,43.938180,0.000000,285.041783
4226,6782.489349,0.000000,47.000000,43.436787,0.000000,277.270195
4227,6782.489349,0.000000,47.000000,42.935394,0.000000,269.498607
4228,6782.489349,0.000000,47.000000,42.434001,0.000000,261.727019
4229,6782.489349,0.000000,47.000000,41.932609,0.000000,253.955432
4230,6782.489349,0.000000,47.000000,41.431216,0.000000,246.183844
4231,6782.489349,0.000000,47.000000,40.929823,0.000000,238.412256
4232,6782.489349,0.000000,47.000000,40.428430,0.000000,230.640669
4233,6782.489349,0.000000,47.000000,39.927037,0.000000,222.869081
4234,6782.489349,0.000000,47.000000,39.425645,0.000000,215.097493
4235,6782.489349,0.000000,47.000000,38.924252,0.000000,207.325905
4236,6782.489349,0.000000,47.000000,38.422859,0.000000,199.554318
4237,6782.489349,0.000000,47.000000,37.921466,0.000000,191.782730
4238,6782.489349,0.000000,47.000000,37.420074,0.000000,184.011142
4239,6782.489349,0.000000,47.000000,36.918681,0.000000,176.239554
4240,6782.489349,0.000000,47.000000,36.417288,0.000000,168.467967
4241,6782.489349,0.000000,47.000000,35.915895,0.000000,160.696379
4242,6782.489349,0.000000,47.000000,35.414503,0.000000,152.924791
4243,6782.489349,0.000000,47.000000,34.913110,0.000000,145.153203
4245,6782.489349,0.000000,47.000000,33.910324,0.000000,129.610028
4246,6782.489349,0.000000,47.000000,33.408932,0.000000,121.838440
4247,6782.489349,0.000000,47.000000,32.907539,0.000000,114.066852
4248,6782.489349,0.000000,47.000000,32.406146,0.000000,106.295265
4249,6782.489349,0.000000,47.000000,31.904753,0.000000,98.523677
4250,6782.489349,0.000000,47.000000,31.403361,0.000000,90.752089
4251,6782.489349,0.000000,47.000000,30.901968,0.000000,82.980501
4252,6782.489349,0.000000,47.000000,30.400575,0.000000,75.208914
4253,6782.489349,0.000000,47.000000,29.899182,0.000000,67.437326
4254,6782.489349,0.000000,47.000000,29.397790,0.000000,59.665738
4255,6782.489349,0.000000,47.000000,28.896397,0.000000,51.894150
4256,6782.489349,0.000000,47.000000,28.395004,0.000000,44.122563
4260,6782.489349,0.000000,47.000000,26.389433,0.000000,13.036212
4261,6782.489349,0.000000,47.000000,25.888040,0.000000,5.264624
4262,6782.489349,0.000000,47.000000,25.386647,0.000000,357.493036
4263,6782.489349,0.000000,47.000000,24.885255,0.000000,349.721448
4264,6782.489349,0.000000,47.000000,24.383862,0.000000,341.949861
4265,6782.489349,0.000000,47.000000,23.882469,0.000000,334.178273
4266,6782.489349,0.000000,47.000000,23.381076,0.000000,326.406685
4267,6782.489349,0.000000,47.000000,22.879684,0.000000,318.635097
4268,6782.489349,0.000000,47.000000,22.378291,0.000000,310.863510
4269,6782.489349,0.000000,47.000000,21.876898,0.000000,303.091922
4270,6782.489349,0.000000,47.000000,21.375505,0.000000,295.320334
4271,6782.489349,0.000000,47.000000,20.874113,0.000000,287.548747
4272,6782.489349,0.000000,47.000000,20.372720,0.000000,279.777159
4273,6782.489349,0.000000,47.000000,19.871327,0.000000,272.005571
4274,6782.489349,0.000000,47.000000,19.369934,0.000000,264.233983
4275,6782.489349,0.000000,47.000000,18.868542,0.000000,256.462396
4276,6782.489349,0.000000,47.000000,18.367149,0.000000,248.690808
4277,6782.489349,0.000000,47.000000,17.865756,0.000000,240.919220
4278,6782.489349,0.000000,47.000000,17.364363,0.000000,233.147632
4279,6782.489349,0.000000,47.000000,16.862971,0.000000,225.376045
4280,6782.489349,0.000000,47.000000,16.361578,0.000000,217.604457
4281,6782.489349,0.000000,47.000000,15.860185,0.000000,209.832869
4282,6782.489349,0.000000,47.000000,15.358792,0.000000,202.061281
4284,6782.489349,0.000000,47.000000,14.356007,0.000000,186.518106
4285,6782.489349,0.000000,47.000000,13.854614,0.000000,178.746518
4286,6782.489349,0.000000,47.000000,13.353221,0.000000,170.974930
4287,6782.489349,0.000000,47.000000,12.851829,0.000000,163.203343
4288,6782.489349,0.000000,47.000000,12.350436,0.000000,155.431755
4289,6782.489349,0.000000,47.000000,11.849043,0.000000,147.660167
4290,6782.489349,0.000000,47.000000,11.347650,0.000000,139.888579
4291,6782.489349,0.000000,47.000000,10.846258,0.000000,132.116992
4292,6782.489349,0.000000,47.000000,10.344865,0.000000,124.345404
4294,6782.489349,0.000000,47.000000,9.342079,0.000000,108.802228
4295,6782.489349,0.000000,47.000000,8.840686,0.000000,101.030641
4296,6782.489349,0.000000,47.000000,8.339294,0.000000,93.259053
4297,6782.489349,0.000000,47.000000,7.837901,0.000000,85.487465
4298,6782.489349,0.000000,47.000000,7.336508,0.000000,77.715877
4299,6782.489349,0.000000,47.000000,6.835115,0.000000,69.944290
4300,6782.489349,0.000000,47.000000,6.333723,0.000000,62.172702
4301,6782.489349,0.000000,47.000000,5.832330,0.000000,54.401114
4302,6782.489349,0.000000,47.000000,5.330937,0.000000,46.629526
4303,6782.489349,0.000000,47.000000,4.829544,0.000000,38.857939
4304,6782.489349,0.000000,47.000000,4.328152,0.000000,31.086351
4305,6782.489349,0.000000,47.000000,3.826759,0.000000,23.314763
4306,6782.489349,0.000000,47.000000,3.325366,0.000000,15.543175
4307,6782.489349,0.000000,47.000000,2.823973,0.000000,7.771588
4361,6782.489349,0.000000,32.000000,340.393926,0.000000,308.105850
4378,6782.489349,0.000000,32.000000,331.870249,0.000000,175.988858
4438,6782.489349,0.000000,32.000000,301.786683,0.000000,69.693593
4443,6782.489349,0.000000,32.000000,299.279720,0.000000,30.835655
4469,6782.489349,0.000000,32.000000,286.243508,0.000000,188.774373
4471,6782.489349,0.000000,32.000000,285.240722,0.000000,173.231198
4515,6782.489349,0.000000,32.000000,263.179441,0.000000,191.281337
4565,6782.489349,0.000000,32.000000,238.109803,0.000000,162.701950
4581,6782.489349,0.000000,32.000000,230.087519,0.000000,38.356546
4591,6782.489349,0.000000,32.000000,225.073592,0.000000,320.640669
4594,6782.489349,0.000000,32.000000,223.569413,0.000000,297.325905
4635,6782.489349,0.000000,32.000000,203.012310,0.000000,338.690808
4653,6782.489349,0.000000,32.000000,193.987241,0.000000,198.802228
4677,6782.489349,0.000000,32.000000,181.953814,0.000000,12.284123
4808,6782.489349,0.000000,32.000000,116.271363,0.000000,74.206128
4818,6782.489349,0.000000,32.000000,111.257436,0.000000,356.490251
4850,6782.489349,0.000000,32.000000,95.212867,0.000000,107.799443
4862,6782.489349,0.000000,32.000000,89.196154,0.000000,14.540390
4891,6782.489349,0.000000,32.000000,74.655764,0.000000,149.164345
5016,6782.489349,0.000000,32.000000,11.981670,0.000000,257.715877
5080,6782.489349,0.000000,32.000000,339.892533,0.000000,120.334262
5101,6782.489349,0.000000,32.000000,329.363285,0.000000,317.130919
5111,6782.489349,0.000000,32.000000,324.349358,0.000000,239.415042
5121,6782.489349,0.000000,32.000000,319.335430,0.000000,161.699164
5197,6782.489349,0.000000,32.000000,281.229580,0.000000,291.058496
5261,6782.489349,0.000000,32.000000,249.140444,0.000000,153.676880
5287,6782.489349,0.000000,32.000000,236.104232,0.000000,311.615599
5299,6782.489349,0.000000,32.000000,230.087519,0.000000,218.356546
5365,6782.489349,0.000000,32.000000,196.995597,0.000000,65.431755
5422,6782.489349,0.000000,32.000000,168.416210,0.000000,342.451253
5437,6782.489349,0.000000,32.000000,160.895319,0.000000,225.877437
5481,6782.489349,0.000000,32.000000,138.834037,0.000000,243.927577
5497,6782.489349,0.000000,32.000000,130.811753,0.000000,119.582173
5527,6782.489349,0.000000,32.000000,115.769970,0.000000,246.434540
5553,6782.489349,0.000000,32.000000,102.733759,0.000000,44.373259
5563,6782.489349,0.000000,32.000000,97.719831,0.000000,326.657382
11492,6782.489349,0.000000,44.000000,1.478300,0.000000,328.913649
11500,6782.489349,0.000000,44.000000,357.467158,0.000000,266.740947
11502,6782.489349,0.000000,44.000000,356.464372,0.000000,251.197772
11504,6782.489349,0.000000,44.000000,355.461587,0.000000,235.654596
11505,6782.489349,0.000000,44.000000,354.960194,0.000000,227.883008
11506,6782.489349,0.000000,44.000000,354.458801,0.000000,220.111421
11512,6782.489349,0.000000,44.000000,351.450445,0.000000,173.481894
11513,6782.489349,0.000000,44.000000,350.949052,0.000000,165.710306
11517,6782.489349,0.000000,44.000000,348.943481,0.000000,134.623955
11519,6782.489349,0.000000,44.000000,347.940695,0.000000,119.080780
11523,6782.489349,0.000000,44.000000,345.935124,0.000000,87.994429
11531,6782.489349,0.000000,44.000000,341.923982,0.000000,25.821727
11532,6782.489349,0.000000,44.000000,341.422590,0.000000,18.050139
11536,6782.489349,0.000000,44.000000,339.417019,0.000000,346.963788
11538,6782.489349,0.000000,44.000000,338.414233,0.000000,331.420613
11540,6782.489349,0.000000,44.000000,337.411448,0.000000,315.877437
11542,6782.489349,0.000000,44.000000,336.408662,0.000000,300.334262
11544,6782.489349,0.000000,44.000000,335.405877,0.000000,284.791086
11548,6782.489349,0.000000,44.000000,333.400306,0.000000,253.704735
11549,6782.489349,0.000000,44.000000,332.898913,0.000000,245.933148
11552,6782.489349,0.000000,44.000000,331.394734,0.000000,222.618384
11554,6782.489349,0.000000,44.000000,330.391949,0.000000,207.075209
11557,6782.489349,0.000000,44.000000,328.887771,0.000000,183.760446
11559,6782.489349,0.000000,44.000000,327.884985,0.000000,168.217270
11561,6782.489349,0.000000,44.000000,326.882200,0.000000,152.674095
11563,6782.489349,0.000000,44.000000,325.879414,0.000000,137.130919
11565,6782.489349,0.000000,44.000000,324.876629,0.000000,121.587744
11568,6782.489349,0.000000,44.000000,323.372450,0.000000,98.272981
11577,6782.489349,0.000000,44.000000,318.859916,0.000000,28.328691
11578,6782.489349,0.000000,44.000000,318.358523,0.000000,20.557103
11579,6782.489349,0.000000,44.000000,317.857130,0.000000,12.785515
11582,6782.489349,0.000000,44.000000,316.352952,0.000000,349.470752
11583,6782.489349,0.000000,44.000000,315.851559,0.000000,341.699164
11584,6782.489349,0.000000,44.000000,315.350166,0.000000,333.927577
11585,6782.489349,0.000000,44.000000,314.848773,0.000000,326.155989
11590,6782.489349,0.000000,44.000000,312.341810,0.000000,287.298050
11593,6782.489349,0.000000,44.000000,310.837631,0.000000,263.983287
11597,6782.489349,0.000000,44.000000,308.832060,0.000000,232.896936
11598,6782.489349,0.000000,44.000000,308.330668,0.000000,225.125348
11601,6782.489349,0.000000,44.000000,306.826489,0.000000,201.810585
11614,6782.489349,0.000000,44.000000,300.308384,0.000000,100.779944
11616,6782.489349,0.000000,44.000000,299.305598,0.000000,85.236769
11617,6782.489349,0.000000,44.000000,298.804205,0.000000,77.465181
11618,6782.489349,0.000000,44.000000,298.302812,0.000000,69.693593
11620,6782.489349,0.000000,44.000000,297.300027,0.000000,54.150418
11622,6782.489349,0.000000,44.000000,296.297241,0.000000,38.607242
11623,6782.489349,0.000000,44.000000,295.795849,0.000000,30.835655
11624,6782.489349,0.000000,44.000000,295.294456,0.000000,23.064067
11628,6782.489349,0.000000,44.000000,293.288885,0.000000,351.977716
11639,6782.489349,0.000000,44.000000,287.773565,0.000000,266.490251
11641,6782.489349,0.000000,44.000000,286.770779,0.000000,250.947075
11642,6782.489349,0.000000,44.000000,286.269386,0.000000,243.175487
11644,6782.489349,0.000000,44.000000,285.266601,0.000000,227.632312
11649,6782.489349,0.000000,44.000000,282.759637,0.000000,188.774373
11650,6782.489349,0.000000,44.000000,282.258244,0.000000,181.002786
11651,6782.489349,0.000000,44.000000,281.756851,0.000000,173.231198
11653,6782.489349,0.000000,44.000000,280.754066,0.000000,157.688022
11654,6782.489349,0.000000,44.000000,280.252673,0.000000,149.916435
11656,6782.489349,0.000000,44.000000,279.249888,0.000000,134.373259
11658,6782.489349,0.000000,44.000000,278.247102,0.000000,118.830084
11659,6782.489349,0.000000,44.000000,277.745709,0.000000,111.058496
11660,6782.489349,0.000000,44.000000,277.244317,0.000000,103.286908
11662,6782.489349,0.000000,44.000000,276.241531,0.000000,87.743733
11664,6782.489349,0.000000,44.000000,275.238746,0.000000,72.200557
11674,6782.489349,0.000000,44.000000,270.224818,0.000000,354.484680
11678,6782.489349,0.000000,44.000000,268.219247,0.000000,323.398329
11680,6782.489349,0.000000,44.000000,267.216461,0.000000,307.855153
11681,6782.489349,0.000000,44.000000,266.715069,0.000000,300.083565
11683,6782.489349,0.000000,44.000000,265.712283,0.000000,284.540390
11689,6782.489349,0.000000,44.000000,262.703927,0.000000,237.910864
11692,6782.489349,0.000000,44.000000,261.199748,0.000000,214.596100
11694,6782.489349,0.000000,44.000000,260.196963,0.000000,199.052925
11696,6782.489349,0.000000,44.000000,259.194177,0.000000,183.509749
11700,6782.489349,0.000000,44.000000,257.188606,0.000000,152.423398
11704,6782.489349,0.000000,44.000000,255.183035,0.000000,121.337047
11706,6782.489349,0.000000,44.000000,254.180250,0.000000,105.793872
11707,6782.489349,0.000000,44.000000,253.678857,0.000000,98.022284
11715,6782.489349,0.000000,44.000000,249.667715,0.000000,35.849582
11717,6782.489349,0.000000,44.000000,248.664929,0.000000,20.306407
11718,6782.489349,0.000000,44.000000,248.163537,0.000000,12.534819
11721,6782.489349,0.000000,44.000000,246.659358,0.000000,349.220056
11723,6782.489349,0.000000,44.000000,245.656573,0.000000,333.676880
11724,6782.489349,0.000000,44.000000,245.155180,0.000000,325.905292
11725,6782.489349,0.000000,44.000000,244.653787,0.000000,318.133705
11727,6782.489349,0.000000,44.000000,243.651002,0.000000,302.590529
11729,6782.489349,0.000000,44.000000,242.648216,0.000000,287.047354
11732,6782.489349,0.000000,44.000000,241.144038,0.000000,263.732591
11733,6782.489349,0.000000,44.000000,240.642645,0.000000,255.961003
11738,6782.489349,0.000000,44.000000,238.135682,0.000000,217.103064
11739,6782.489349,0.000000,44.000000,237.634289,0.000000,209.331476
11742,6782.489349,0.000000,44.000000,236.130111,0.000000,186.016713
11748,6782.489349,0.000000,44.000000,233.121754,0.000000,139.387187
11757,6782.489349,0.000000,44.000000,228.609219,0.000000,69.442897
11761,6782.489349,0.000000,44.000000,226.603648,0.000000,38.356546
11768,6782.489349,0.000000,44.000000,223.093899,0.000000,343.955432
11773,6782.489349,0.000000,44.000000,220.586935,0.000000,305.097493
11778,6782.489349,0.000000,44.000000,218.079971,0.000000,266.239554
11780,6782.489349,0.000000,44.000000,217.077186,0.000000,250.696379
11782,6782.489349,0.000000,44.000000,216.074400,0.000000,235.153203
11784,6782.489349,0.000000,44.000000,215.071615,0.000000,219.610028
11786,6782.489349,0.000000,44.000000,214.068829,0.000000,204.066852
11788,6782.489349,0.000000,44.000000,213.066044,0.000000,188.523677
11790,6782.489349,0.000000,44.000000,212.063258,0.000000,172.980501
11792,6782.489349,0.000000,44.000000,211.060473,0.000000,157.437326
11795,6782.489349,0.000000,44.000000,209.556294,0.000000,134.122563
11796,6782.489349,0.000000,44.000000,209.054902,0.000000,126.350975
11801,6782.489349,0.000000,44.000000,206.547938,0.000000,87.493036
11802,6782.489349,0.000000,44.000000,206.046545,0.000000,79.721448
11806,6782.489349,0.000000,44.000000,204.040974,0.000000,48.635097
11808,6782.489349,0.000000,44.000000,203.038189,0.000000,33.091922
11809,6782.489349,0.000000,44.000000,202.536796,0.000000,25.320334
11818,6782.489349,0.000000,44.000000,198.024261,0.000000,315.376045
11820,6782.489349,0.000000,44.000000,197.021475,0.000000,299.832869
11821,6782.489349,0.000000,44.000000,196.520083,0.000000,292.061281
11822,6782.489349,0.000000,44.000000,196.018690,0.000000,284.289694
11827,6782.489349,0.000000,44.000000,193.511726,0.000000,245.431755
11829,6782.489349,0.000000,44.000000,192.508941,0.000000,229.888579
11835,6782.489349,0.000000,44.000000,189.500584,0.000000,183.259053
11838,6782.489349,0.000000,44.000000,187.996406,0.000000,159.944290
11839,6782.489349,0.000000,44.000000,187.495013,0.000000,152.172702
11840,6782.489349,0.000000,44.000000,186.993620,0.000000,144.401114
11841,6782.489349,0.000000,44.000000,186.492228,0.000000,136.629526
11843,6782.489349,0.000000,44.000000,185.489442,0.000000,121.086351
11847,6782.489349,0.000000,44.000000,183.483871,0.000000,90.000000
11848,6782.489349,0.000000,44.000000,182.982478,0.000000,82.228412
11849,6782.489349,0.000000,44.000000,182.481085,0.000000,74.456825
11854,6782.489349,0.000000,44.000000,179.974122,0.000000,35.598886
11856,6782.489349,0.000000,44.000000,178.971336,0.000000,20.055710
11858,6782.489349,0.000000,44.000000,177.968551,0.000000,4.512535
11860,6782.489349,0.000000,44.000000,176.965765,0.000000,348.969359
11864,6782.489349,0.000000,44.000000,174.960194,0.000000,317.883008
11866,6782.489349,0.000000,44.000000,173.957409,0.000000,302.339833
11874,6782.489349,0.000000,44.000000,169.946267,0.000000,240.167131
11875,6782.489349,0.000000,44.000000,169.444874,0.000000,232.395543
11881,6782.489349,0.000000,44.000000,166.436517,0.000000,185.766017
11883,6782.489349,0.000000,44.000000,165.433732,0.000000,170.222841
11885,6782.489349,0.000000,44.000000,164.430946,0.000000,154.679666
11886,6782.489349,0.000000,44.000000,163.929553,0.000000,146.908078
11887,6782.489349,0.000000,44.000000,163.428161,0.000000,139.136490
11888,6782.489349,0.000000,44.000000,162.926768,0.000000,131.364903
11889,6782.489349,0.000000,44.000000,162.425375,0.000000,123.593315
11890,6782.489349,0.000000,44.000000,161.923982,0.000000,115.821727
11894,6782.489349,0.000000,44.000000,159.918411,0.000000,84.735376
11896,6782.489349,0.000000,44.000000,158.915626,0.000000,69.192201
11898,6782.489349,0.000000,44.000000,157.912840,0.000000,53.649025
11900,6782.489349,0.000000,44.000000,156.910055,0.000000,38.105850
11902,6782.489349,0.000000,44.000000,155.907269,0.000000,22.562674
11904,6782.489349,0.000000,44.000000,154.904484,0.000000,7.019499
11905,6782.489349,0.000000,44.000000,154.403091,0.000000,359.247911
11906,6782.489349,0.000000,44.000000,153.901698,0.000000,351.476323
11908,6782.489349,0.000000,44.000000,152.898913,0.000000,335.933148
11917,6782.489349,0.000000,44.000000,148.386378,0.000000,265.988858
11919,6782.489349,0.000000,44.000000,147.383592,0.000000,250.445682
11921,6782.489349,0.000000,44.000000,146.380807,0.000000,234.902507
11923,6782.489349,0.000000,44.000000,145.378021,0.000000,219.359331
11924,6782.489349,0.000000,44.000000,144.876629,0.000000,211.587744
11927,6782.489349,0.000000,44.000000,143.372450,0.000000,188.272981
11928,6782.489349,0.000000,44.000000,142.871058,0.000000,180.501393
11929,6782.489349,0.000000,44.000000,142.369665,0.000000,172.729805
11938,6782.489349,0.000000,44.000000,137.857130,0.000000,102.785515
11940,6782.489349,0.000000,44.000000,136.854345,0.000000,87.242340
11949,6782.489349,0.000000,44.000000,132.341810,0.000000,17.298050
11953,6782.489349,0.000000,44.000000,130.336239,0.000000,346.211699
11957,6782.489349,0.000000,44.000000,128.330668,0.000000,315.125348
11961,6782.489349,0.000000,44.000000,126.325097,0.000000,284.038997
11963,6782.489349,0.000000,44.000000,125.322311,0.000000,268.495822
11965,6782.489349,0.000000,44.000000,124.319526,0.000000,252.952646
11969,6782.489349,0.000000,44.000000,122.313955,0.000000,221.866295
11976,6782.489349,0.000000,44.000000,118.804205,0.000000,167.465181
11978,6782.489349,0.000000,44.000000,117.801420,0.000000,151.922006
11980,6782.489349,0.000000,44.000000,116.798634,0.000000,136.378830
11981,6782.489349,0.000000,44.000000,116.297241,0.000000,128.607242
11988,6782.489349,0.000000,44.000000,112.787492,0.000000,74.206128
11990,6782.489349,0.000000,44.000000,111.784707,0.000000,58.662953
11993,6782.489349,0.000000,44.000000,110.280528,0.000000,35.348189
11995,6782.489349,0.000000,44.000000,109.277743,0.000000,19.805014
11997,6782.489349,0.000000,44.000000,108.274957,0.000000,4.261838
11999,6782.489349,0.000000,44.000000,107.272172,0.000000,348.718663
12001,6782.489349,0.000000,44.000000,106.269386,0.000000,333.175487
12003,6782.489349,0.000000,44.000000,105.266601,0.000000,317.632312
12005,6782.489349,0.000000,44.000000,104.263815,0.000000,302.089136
12007,6782.489349,0.000000,44.000000,103.261030,0.000000,286.545961
12012,6782.489349,0.000000,44.000000,100.754066,0.000000,247.688022
12013,6782.489349,0.000000,44.000000,100.252673,0.000000,239.916435
12014,6782.489349,0.000000,44.000000,99.751280,0.000000,232.144847
12016,6782.489349,0.000000,44.000000,98.748495,0.000000,216.601671
12018,6782.489349,0.000000,44.000000,97.745709,0.000000,201.058496
12020,6782.489349,0.000000,44.000000,96.742924,0.000000,185.515320
12022,6782.489349,0.000000,44.000000,95.740138,0.000000,169.972145
12023,6782.489349,0.000000,44.000000,95.238746,0.000000,162.200557
12028,6782.489349,0.000000,44.000000,92.731782,0.000000,123.342618
12034,6782.489349,0.000000,44.000000,89.723425,0.000000,76.713092
12035,6782.489349,0.000000,44.000000,89.222033,0.000000,68.941504
12037,6782.489349,0.000000,44.000000,88.219247,0.000000,53.398329
12039,6782.489349,0.000000,44.000000,87.216461,0.000000,37.855153
12041,6782.489349,0.000000,44.000000,86.213676,0.000000,22.311978
12043,6782.489349,0.000000,44.000000,85.210890,0.000000,6.768802
12044,6782.489349,0.000000,44.000000,84.709498,0.000000,358.997214
12045,6782.489349,0.000000,44.000000,84.208105,0.000000,351.225627
12051,6782.489349,0.000000,44.000000,81.199748,0.000000,304.596100
12055,6782.489349,0.000000,44.000000,79.194177,0.000000,273.509749
12060,6782.489349,0.000000,44.000000,76.687214,0.000000,234.651811
12062,6782.489349,0.000000,44.000000,75.684428,0.000000,219.108635
12063,6782.489349,0.000000,44.000000,75.183035,0.000000,211.337047
12064,6782.489349,0.000000,44.000000,74.681643,0.000000,203.565460
12066,6782.489349,0.000000,44.000000,73.678857,0.000000,188.022284
12068,6782.489349,0.000000,44.000000,72.676072,0.000000,172.479109
12070,6782.489349,0.000000,44.000000,71.673286,0.000000,156.935933
12073,6782.489349,0.000000,44.000000,70.169108,0.000000,133.621170
12075,6782.489349,0.000000,44.000000,69.166322,0.000000,118.077994
12077,6782.489349,0.000000,44.000000,68.163537,0.000000,102.534819
12079,6782.489349,0.000000,44.000000,67.160751,0.000000,86.991643
12081,6782.489349,0.000000,44.000000,66.157966,0.000000,71.448468
12083,6782.489349,0.000000,44.000000,65.155180,0.000000,55.905292
12088,6782.489349,0.000000,44.000000,62.648216,0.000000,17.047354
12089,6782.489349,0.000000,44.000000,62.146824,0.000000,9.275766
12093,6782.489349,0.000000,44.000000,60.141253,0.000000,338.189415
12096,6782.489349,0.000000,44.000000,58.637074,0.000000,314.874652
12099,6782.489349,0.000000,44.000000,57.132896,0.000000,291.559889
12100,6782.489349,0.000000,44.000000,56.631503,0.000000,283.788301
12102,6782.489349,0.000000,44.000000,55.628718,0.000000,268.245125
12116,6782.489349,0.000000,44.000000,48.609219,0.000000,159.442897
12119,6782.489349,0.000000,44.000000,47.105041,0.000000,136.128134
12121,6782.489349,0.000000,44.000000,46.102255,0.000000,120.584958
12123,6782.489349,0.000000,44.000000,45.099470,0.000000,105.041783
12125,6782.489349,0.000000,44.000000,44.096684,0.000000,89.498607
12132,6782.489349,0.000000,44.000000,40.586935,0.000000,35.097493
12134,6782.489349,0.000000,44.000000,39.584150,0.000000,19.554318
12135,6782.489349,0.000000,44.000000,39.082757,0.000000,11.782730
12140,6782.489349,0.000000,44.000000,36.575793,0.000000,332.924791
12142,6782.489349,0.000000,44.000000,35.573007,0.000000,317.381616
12143,6782.489349,0.000000,44.000000,35.071615,0.000000,309.610028
12144,6782.489349,0.000000,44.000000,34.570222,0.000000,301.838440
12146,6782.489349,0.000000,44.000000,33.567436,0.000000,286.295265
12148,6782.489349,0.000000,44.000000,32.564651,0.000000,270.752089
12150,6782.489349,0.000000,44.000000,31.561865,0.000000,255.208914
12153,6782.489349,0.000000,44.000000,30.057687,0.000000,231.894150
12155,6782.489349,0.000000,44.000000,29.054902,0.000000,216.350975
12157,6782.489349,0.000000,44.000000,28.052116,0.000000,200.807799
12160,6782.489349,0.000000,44.000000,26.547938,0.000000,177.493036
12163,6782.489349,0.000000,44.000000,25.043760,0.000000,154.178273
12171,6782.489349,0.000000,44.000000,21.032617,0.000000,92.005571
12175,6782.489349,0.000000,44.000000,19.027046,0.000000,60.919220
12176,6782.489349,0.000000,44.000000,18.525654,0.000000,53.147632
12177,6782.489349,0.000000,44.000000,18.024261,0.000000,45.376045
12178,6782.489349,0.000000,44.000000,17.522868,0.000000,37.604457
12179,6782.489349,0.000000,44.000000,17.021475,0.000000,29.832869
12180,6782.489349,0.000000,44.000000,16.520083,0.000000,22.061281
12182,6782.489349,0.000000,44.000000,15.517297,0.000000,6.518106
12190,6782.489349,0.000000,44.000000,11.506155,0.000000,304.345404
12192,6782.489349,0.000000,44.000000,10.503370,0.000000,288.802228
12194,6782.489349,0.000000,44.000000,9.500584,0.000000,273.259053
12197,6782.489349,0.000000,44.000000,7.996406,0.000000,249.944290
12199,6782.489349,0.000000,44.000000,6.993620,0.000000,234.401114
12203,6782.489349,0.000000,44.000000,4.988049,0.000000,203.314763
12209,6782.489349,0.000000,44.000000,1.979693,0.000000,156.685237
12214,6782.489349,0.000000,44.000000,359.472729,0.000000,117.827298
12218,6782.489349,0.000000,44.000000,357.467158,0.000000,86.740947
12220,6782.489349,0.000000,44.000000,356.464372,0.000000,71.197772
12221,6782.489349,0.000000,44.000000,355.962980,0.000000,63.426184
12224,6782.489349,0.000000,44.000000,354.458801,0.000000,40.111421
12229,6782.489349,0.000000,44.000000,351.951838,0.000000,1.253482
12231,6782.489349,0.000000,44.000000,350.949052,0.000000,345.710306
12235,6782.489349,0.000000,44.000000,348.943481,0.000000,314.623955
12236,6782.489349,0.000000,44.000000,348.442088,0.000000,306.852368
12237,6782.489349,0.000000,44.000000,347.940695,0.000000,299.080780
12238,6782.489349,0.000000,44.000000,347.439303,0.000000,291.309192
12241,6782.489349,0.000000,44.000000,345.935124,0.000000,267.994429
12247,6782.489349,0.000000,44.000000,342.926768,0.000000,221.364903
12251,6782.489349,0.000000,44.000000,340.921197,0.000000,190.278552
12254,6782.489349,0.000000,44.000000,339.417019,0.000000,166.963788
12258,6782.489349,0.000000,44.000000,337.411448,0.000000,135.877437
12260,6782.489349,0.000000,44.000000,336.408662,0.000000,120.334262
12262,6782.489349,0.000000,44.000000,335.405877,0.000000,104.791086
12266,6782.489349,0.000000,44.000000,333.400306,0.000000,73.704735
12267,6782.489349,0.000000,44.000000,332.898913,0.000000,65.933148
12268,6782.489349,0.000000,44.000000,332.397520,0.000000,58.161560
12269,6782.489349,0.000000,44.000000,331.896127,0.000000,50.389972
12277,6782.489349,0.000000,44.000000,327.884985,0.000000,348.217270
12281,6782.489349,0.000000,44.000000,325.879414,0.000000,317.130919
12283,6782.489349,0.000000,44.000000,324.876629,0.000000,301.587744
12284,6782.489349,0.000000,44.000000,324.375236,0.000000,293.816156
12290,6782.489349,0.000000,44.000000,321.366879,0.000000,247.186630
12299,6782.489349,0.000000,44.000000,316.854345,0.000000,177.242340
12300,6782.489349,0.000000,44.000000,316.352952,0.000000,169.470752
12302,6782.489349,0.000000,44.000000,315.350166,0.000000,153.927577
12304,6782.489349,0.000000,44.000000,314.347381,0.000000,138.384401
12305,6782.489349,0.000000,44.000000,313.845988,0.000000,130.612813
12310,6782.489349,0.000000,44.000000,311.339024,0.000000,91.754875
12319,6782.489349,0.000000,44.000000,306.826489,0.000000,21.810585
12323,6782.489349,0.000000,44.000000,304.820918,0.000000,350.724234
12328,6782.489349,0.000000,44.000000,302.313955,0.000000,311.866295
12329,6782.489349,0.000000,44.000000,301.812562,0.000000,304.094708
12332,6782.489349,0.000000,44.000000,300.308384,0.000000,280.779944
12333,6782.489349,0.000000,44.000000,299.806991,0.000000,273.008357
12338,6782.489349,0.000000,44.000000,297.300027,0.000000,234.150418
12339,6782.489349,0.000000,44.000000,296.798634,0.000000,226.378830
12340,6782.489349,0.000000,44.000000,296.297241,0.000000,218.607242
12341,6782.489349,0.000000,44.000000,295.795849,0.000000,210.835655
12342,6782.489349,0.000000,44.000000,295.294456,0.000000,203.064067
12344,6782.489349,0.000000,44.000000,294.291670,0.000000,187.520891
12350,6782.489349,0.000000,44.000000,291.283314,0.000000,140.891365
12352,6782.489349,0.000000,44.000000,290.280528,0.000000,125.348189
12353,6782.489349,0.000000,44.000000,289.779136,0.000000,117.576602
12356,6782.489349,0.000000,44.000000,288.274957,0.000000,94.261838
12357,6782.489349,0.000000,44.000000,287.773565,0.000000,86.490251
12363,6782.489349,0.000000,44.000000,284.765208,0.000000,39.860724
12369,6782.489349,0.000000,44.000000,281.756851,0.000000,353.231198
12374,6782.489349,0.000000,44.000000,279.249888,0.000000,314.373259
12376,6782.489349,0.000000,44.000000,278.247102,0.000000,298.830084
12378,6782.489349,0.000000,44.000000,277.244317,0.000000,283.286908
12380,6782.489349,0.000000,44.000000,276.241531,0.000000,267.743733
12382,6782.489349,0.000000,44.000000,275.238746,0.000000,252.200557
12384,6782.489349,0.000000,44.000000,274.235960,0.000000,236.657382
12386,6782.489349,0.000000,44.000000,273.233175,0.000000,221.114206
12398,6782.489349,0.000000,44.000000,267.216461,0.000000,127.855153
12399,6782.489349,0.000000,44.000000,266.715069,0.000000,120.083565
12404,6782.489349,0.000000,44.000000,264.208105,0.000000,81.225627
12405,6782.489349,0.000000,44.000000,263.706712,0.000000,73.454039
12416,6782.489349,0.000000,44.000000,258.191392,0.000000,347.966574
12418,6782.489349,0.000000,44.000000,257.188606,0.000000,332.423398
12426,6782.489349,0.000000,44.000000,253.177464,0.000000,270.250696
12427,6782.489349,0.000000,44.000000,252.676072,0.000000,262.479109
12437,6782.489349,0.000000,44.000000,247.662144,0.000000,184.763231
12439,6782.489349,0.000000,44.000000,246.659358,0.000000,169.220056
12440,6782.489349,0.000000,44.000000,246.157966,0.000000,161.448468
12441,6782.489349,0.000000,44.000000,245.656573,0.000000,153.676880
12443,6782.489349,0.000000,44.000000,244.653787,0.000000,138.133705
12445,6782.489349,0.000000,44.000000,243.651002,0.000000,122.590529
12446,6782.489349,0.000000,44.000000,243.149609,0.000000,114.818942
12447,6782.489349,0.000000,44.000000,242.648216,0.000000,107.047354
12450,6782.489349,0.000000,44.000000,241.144038,0.000000,83.732591
12454,6782.489349,0.000000,44.000000,239.138467,0.000000,52.646240
12456,6782.489349,0.000000,44.000000,238.135682,0.000000,37.103064
12460,6782.489349,0.000000,44.000000,236.130111,0.000000,6.016713
12461,6782.489349,0.000000,44.000000,235.628718,0.000000,358.245125
12466,6782.489349,0.000000,44.000000,233.121754,0.000000,319.387187
12469,6782.489349,0.000000,44.000000,231.617576,0.000000,296.072423
12470,6782.489349,0.000000,44.000000,231.116183,0.000000,288.300836
12473,6782.489349,0.000000,44.000000,229.612005,0.000000,264.986072
12479,6782.489349,0.000000,44.000000,226.603648,0.000000,218.356546
12481,6782.489349,0.000000,44.000000,225.600863,0.000000,202.813370
12483,6782.489349,0.000000,44.000000,224.598077,0.000000,187.270195
12487,6782.489349,0.000000,44.000000,222.592506,0.000000,156.183844
12490,6782.489349,0.000000,44.000000,221.088328,0.000000,132.869081
12494,6782.489349,0.000000,44.000000,219.082757,0.000000,101.782730
12496,6782.489349,0.000000,44.000000,218.079971,0.000000,86.239554
12498,6782.489349,0.000000,44.000000,217.077186,0.000000,70.696379
12500,6782.489349,0.000000,44.000000,216.074400,0.000000,55.153203
12502,6782.489349,0.000000,44.000000,215.071615,0.000000,39.610028
12506,6782.489349,0.000000,44.000000,213.066044,0.000000,8.523677
12510,6782.489349,0.000000,44.000000,211.060473,0.000000,337.437326
12511,6782.489349,0.000000,44.000000,210.559080,0.000000,329.665738
12512,6782.489349,0.000000,44.000000,210.057687,0.000000,321.894150
12513,6782.489349,0.000000,44.000000,209.556294,0.000000,314.122563
12515,6782.489349,0.000000,44.000000,208.553509,0.000000,298.579387
12517,6782.489349,0.000000,44.000000,207.550723,0.000000,283.036212
12519,6782.489349,0.000000,44.000000,206.547938,0.000000,267.493036
12521,6782.489349,0.000000,44.000000,205.545152,0.000000,251.949861
12527,6782.489349,0.000000,44.000000,202.536796,0.000000,205.320334
12536,6782.489349,0.000000,44.000000,198.024261,0.000000,135.376045
12538,6782.489349,0.000000,44.000000,197.021475,0.000000,119.832869
12540,6782.489349,0.000000,44.000000,196.018690,0.000000,104.289694
12544,6782.489349,0.000000,44.000000,194.013119,0.000000,73.203343
12548,6782.489349,0.000000,44.000000,192.007548,0.000000,42.116992
12555,6782.489349,0.000000,44.000000,188.497799,0.000000,347.715877
12557,6782.489349,0.000000,44.000000,187.495013,0.000000,332.172702
12559,6782.489349,0.000000,44.000000,186.492228,0.000000,316.629526
12564,6782.489349,0.000000,44.000000,183.985264,0.000000,277.771588
12566,6782.489349,0.000000,44.000000,182.982478,0.000000,262.228412
12572,6782.489349,0.000000,44.000000,179.974122,0.000000,215.598886
12573,6782.489349,0.000000,44.000000,179.472729,0.000000,207.827298
12574,6782.489349,0.000000,44.000000,178.971336,0.000000,200.055710
12576,6782.489349,0.000000,44.000000,177.968551,0.000000,184.512535
12577,6782.489349,0.000000,44.000000,177.467158,0.000000,176.740947
12578,6782.489349,0.000000,44.000000,176.965765,0.000000,168.969359
12593,6782.489349,0.000000,44.000000,169.444874,0.000000,52.395543
12597,6782.489349,0.000000,44.000000,167.439303,0.000000,21.309192
12599,6782.489349,0.000000,44.000000,166.436517,0.000000,5.766017
12601,6782.489349,0.000000,44.000000,165.433732,0.000000,350.222841
12603,6782.489349,0.000000,44.000000,164.430946,0.000000,334.679666
12610,6782.489349,0.000000,44.000000,160.921197,0.000000,280.278552
12611,6782.489349,0.000000,44.000000,160.419804,0.000000,272.506964
12612,6782.489349,0.000000,44.000000,159.918411,0.000000,264.735376
12618,6782.489349,0.000000,44.000000,156.910055,0.000000,218.105850
12620,6782.489349,0.000000,44.000000,155.907269,0.000000,202.562674
12622,6782.489349,0.000000,44.000000,154.904484,0.000000,187.019499
12626,6782.489349,0.000000,44.000000,152.898913,0.000000,155.933148
12630,6782.489349,0.000000,44.000000,150.893342,0.000000,124.846797
12633,6782.489349,0.000000,44.000000,149.389163,0.000000,101.532033
12639,6782.489349,0.000000,44.000000,146.380807,0.000000,54.902507
12641,6782.489349,0.000000,44.000000,145.378021,0.000000,39.359331
12643,6782.489349,0.000000,44.000000,144.375236,0.000000,23.816156
12647,6782.489349,0.000000,44.000000,142.369665,0.000000,352.729805
12648,6782.489349,0.000000,44.000000,141.868272,0.000000,344.958217
12649,6782.489349,0.000000,44.000000,141.366879,0.000000,337.186630
12650,6782.489349,0.000000,44.000000,140.865487,0.000000,329.415042
12651,6782.489349,0.000000,44.000000,140.364094,0.000000,321.643454
12652,6782.489349,0.000000,44.000000,139.862701,0.000000,313.871866
12654,6782.489349,0.000000,44.000000,138.859916,0.000000,298.328691
12656,6782.489349,0.000000,44.000000,137.857130,0.000000,282.785515
12660,6782.489349,0.000000,44.000000,135.851559,0.000000,251.699164
12662,6782.489349,0.000000,44.000000,134.848773,0.000000,236.155989
12666,6782.489349,0.000000,44.000000,132.843202,0.000000,205.069638
12670,6782.489349,0.000000,44.000000,130.837631,0.000000,173.983287
12671,6782.489349,0.000000,44.000000,130.336239,0.000000,166.211699
12672,6782.489349,0.000000,44.000000,129.834846,0.000000,158.440111
12675,6782.489349,0.000000,44.000000,128.330668,0.000000,135.125348
12678,6782.489349,0.000000,44.000000,126.826489,0.000000,111.810585
12681,6782.489349,0.000000,44.000000,125.322311,0.000000,88.495822
12683,6782.489349,0.000000,44.000000,124.319526,0.000000,72.952646
12694,6782.489349,0.000000,44.000000,118.804205,0.000000,347.465181
12696,6782.489349,0.000000,44.000000,117.801420,0.000000,331.922006
12701,6782.489349,0.000000,44.000000,115.294456,0.000000,293.064067
12702,6782.489349,0.000000,44.000000,114.793063,0.000000,285.292479
12704,6782.489349,0.000000,44.000000,113.790278,0.000000,269.749304
12705,6782.489349,0.000000,44.000000,113.288885,0.000000,261.977716
12713,6782.489349,0.000000,44.000000,109.277743,0.000000,199.805014
12715,6782.489349,0.000000,44.000000,108.274957,0.000000,184.261838
12729,6782.489349,0.000000,44.000000,101.255459,0.000000,75.459610
12738,6782.489349,0.000000,44.000000,96.742924,0.000000,5.515320
12742,6782.489349,0.000000,44.000000,94.737353,0.000000,334.428969
12750,6782.489349,0.000000,44.000000,90.726211,0.000000,272.256267
12751,6782.489349,0.000000,44.000000,90.224818,0.000000,264.484680
12755,6782.489349,0.000000,44.000000,88.219247,0.000000,233.398329
12761,6782.489349,0.000000,44.000000,85.210890,0.000000,186.768802
12762,6782.489349,0.000000,44.000000,84.709498,0.000000,178.997214
12765,6782.489349,0.000000,44.000000,83.205319,0.000000,155.682451
12771,6782.489349,0.000000,44.000000,80.196963,0.000000,109.052925
12775,6782.489349,0.000000,44.000000,78.191392,0.000000,77.966574
12776,6782.489349,0.000000,44.000000,77.689999,0.000000,70.194986
12780,6782.489349,0.000000,44.000000,75.684428,0.000000,39.108635
12781,6782.489349,0.000000,44.000000,75.183035,0.000000,31.337047
12786,6782.489349,0.000000,44.000000,72.676072,0.000000,352.479109
12789,6782.489349,0.000000,44.000000,71.171893,0.000000,329.164345
12791,6782.489349,0.000000,44.000000,70.169108,0.000000,313.621170
12793,6782.489349,0.000000,44.000000,69.166322,0.000000,298.077994
12797,6782.489349,0.000000,44.000000,67.160751,0.000000,266.991643
12799,6782.489349,0.000000,44.000000,66.157966,0.000000,251.448468
12801,6782.489349,0.000000,44.000000,65.155180,0.000000,235.905292
12803,6782.489349,0.000000,44.000000,64.152395,0.000000,220.362117
12805,6782.489349,0.000000,44.000000,63.149609,0.000000,204.818942
12807,6782.489349,0.000000,44.000000,62.146824,0.000000,189.275766
12809,6782.489349,0.000000,44.000000,61.144038,0.000000,173.732591
12816,6782.489349,0.000000,44.000000,57.634289,0.000000,119.331476
12820,6782.489349,0.000000,44.000000,55.628718,0.000000,88.245125
12822,6782.489349,0.000000,44.000000,54.625932,0.000000,72.701950
12823,6782.489349,0.000000,44.000000,54.124539,0.000000,64.930362
12825,6782.489349,0.000000,44.000000,53.121754,0.000000,49.387187
12826,6782.489349,0.000000,44.000000,52.620361,0.000000,41.615599
12829,6782.489349,0.000000,44.000000,51.116183,0.000000,18.300836
12833,6782.489349,0.000000,44.000000,49.110612,0.000000,347.214485
12835,6782.489349,0.000000,44.000000,48.107826,0.000000,331.671309
12837,6782.489349,0.000000,44.000000,47.105041,0.000000,316.128134
12841,6782.489349,0.000000,44.000000,45.099470,0.000000,285.041783
12843,6782.489349,0.000000,44.000000,44.096684,0.000000,269.498607
12846,6782.489349,0.000000,44.000000,42.592506,0.000000,246.183844
12850,6782.489349,0.000000,44.000000,40.586935,0.000000,215.097493
12851,6782.489349,0.000000,44.000000,40.085542,0.000000,207.325905
12855,6782.489349,0.000000,44.000000,38.079971,0.000000,176.239554
12857,6782.489349,0.000000,44.000000,37.077186,0.000000,160.696379
12858,6782.489349,0.000000,44.000000,36.575793,0.000000,152.924791
12860,6782.489349,0.000000,44.000000,35.573007,0.000000,137.381616
12861,6782.489349,0.000000,44.000000,35.071615,0.000000,129.610028
12862,6782.489349,0.000000,44.000000,34.570222,0.000000,121.838440
12864,6782.489349,0.000000,44.000000,33.567436,0.000000,106.295265
12869,6782.489349,0.000000,44.000000,31.060473,0.000000,67.437326
12871,6782.489349,0.000000,44.000000,30.057687,0.000000,51.894150
12873,6782.489349,0.000000,44.000000,29.054902,0.000000,36.350975
12875,6782.489349,0.000000,44.000000,28.052116,0.000000,20.807799
12876,6782.489349,0.000000,44.000000,27.550723,0.000000,13.036212
12877,6782.489349,0.000000,44.000000,27.049331,0.000000,5.264624
12878,6782.489349,0.000000,44.000000,26.547938,0.000000,357.493036
12879,6782.489349,0.000000,44.000000,26.046545,0.000000,349.721448
12894,6782.489349,0.000000,44.000000,18.525654,0.000000,233.147632
12898,6782.489349,0.000000,44.000000,16.520083,0.000000,202.061281
12899,6782.489349,0.000000,44.000000,16.018690,0.000000,194.289694
12900,6782.489349,0.000000,44.000000,15.517297,0.000000,186.518106
12907,6782.489349,0.000000,44.000000,12.007548,0.000000,132.116992
12909,6782.489349,0.000000,44.000000,11.004762,0.000000,116.573816
12913,6782.489349,0.000000,44.000000,8.999191,0.000000,85.487465
12917,6782.489349,0.000000,44.000000,6.993620,0.000000,54.401114
15797,6782.489349,0.000000,39.000000,2.982478,0.000000,352.228412
15799,6782.489349,0.000000,39.000000,1.979693,0.000000,336.685237
15817,6782.489349,0.000000,39.000000,352.954623,0.000000,196.796657
15818,6782.489349,0.000000,39.000000,352.453230,0.000000,189.025070
15823,6782.489349,0.000000,39.000000,349.946267,0.000000,150.167131
15831,6782.489349,0.000000,39.000000,345.935124,0.000000,87.994429
15832,6782.489349,0.000000,39.000000,345.433732,0.000000,80.222841
15884,6782.489349,0.000000,39.000000,319.361308,0.000000,36.100279
15895,6782.489349,0.000000,39.000000,313.845988,0.000000,310.612813
15916,6782.489349,0.000000,39.000000,303.316740,0.000000,147.409471
15928,6782.489349,0.000000,39.000000,297.300027,0.000000,54.150418
15941,6782.489349,0.000000,39.000000,290.781921,0.000000,313.119777
15949,6782.489349,0.000000,39.000000,286.770779,0.000000,250.947075
15974,6782.489349,0.000000,39.000000,274.235960,0.000000,56.657382
15997,6782.489349,0.000000,39.000000,262.703927,0.000000,237.910864
16002,6782.489349,0.000000,39.000000,260.196963,0.000000,199.052925
16018,6782.489349,0.000000,39.000000,252.174679,0.000000,74.707521
16028,6782.489349,0.000000,39.000000,247.160751,0.000000,356.991643
16039,6782.489349,0.000000,39.000000,241.645431,0.000000,271.504178
16041,6782.489349,0.000000,39.000000,240.642645,0.000000,255.961003
16046,6782.489349,0.000000,39.000000,238.135682,0.000000,217.103064
16056,6782.489349,0.000000,39.000000,233.121754,0.000000,139.387187
16061,6782.489349,0.000000,39.000000,230.614790,0.000000,100.529248
16063,6782.489349,0.000000,39.000000,229.612005,0.000000,84.986072
16075,6782.489349,0.000000,39.000000,223.595292,0.000000,351.727019
16115,6782.489349,0.000000,39.000000,203.539581,0.000000,40.863510
16122,6782.489349,0.000000,39.000000,200.029832,0.000000,346.462396
16124,6782.489349,0.000000,39.000000,199.027046,0.000000,330.919220
16133,6782.489349,0.000000,39.000000,194.514512,0.000000,260.974930
16134,6782.489349,0.000000,39.000000,194.013119,0.000000,253.203343
16137,6782.489349,0.000000,39.000000,192.508941,0.000000,229.888579
16142,6782.489349,0.000000,39.000000,190.001977,0.000000,191.030641
16146,6782.489349,0.000000,39.000000,187.996406,0.000000,159.944290
16160,6782.489349,0.000000,39.000000,180.976907,0.000000,51.142061
16196,6782.489349,0.000000,39.000000,162.926768,0.000000,131.364903
16200,6782.489349,0.000000,39.000000,160.921197,0.000000,100.278552
16212,6782.489349,0.000000,39.000000,154.904484,0.000000,7.019499
16216,6782.489349,0.000000,39.000000,152.898913,0.000000,335.933148
16236,6782.489349,0.000000,39.000000,142.871058,0.000000,180.501393
16237,6782.489349,0.000000,39.000000,142.369665,0.000000,172.729805
16254,6782.489349,0.000000,39.000000,133.845988,0.000000,40.612813
16257,6782.489349,0.000000,39.000000,132.341810,0.000000,17.298050
16258,6782.489349,0.000000,39.000000,131.840417,0.000000,9.526462
16261,6782.489349,0.000000,39.000000,130.336239,0.000000,346.211699
16274,6782.489349,0.000000,39.000000,123.818133,0.000000,245.181058
16280,6782.489349,0.000000,39.000000,120.809776,0.000000,198.551532
16281,6782.489349,0.000000,39.000000,120.308384,0.000000,190.779944
16286,6782.489349,0.000000,39.000000,117.801420,0.000000,151.922006
16292,6782.489349,0.000000,39.000000,114.793063,0.000000,105.292479
16300,6782.489349,0.000000,39.000000,110.781921,0.000000,43.119777
16309,6782.489349,0.000000,39.000000,106.269386,0.000000,333.175487
16319,6782.489349,0.000000,39.000000,101.255459,0.000000,255.459610
16326,6782.489349,0.000000,39.000000,97.745709,0.000000,201.058496
16351,6782.489349,0.000000,39.000000,85.210890,0.000000,6.768802
16364,6782.489349,0.000000,39.000000,78.692785,0.000000,265.738162
16368,6782.489349,0.000000,39.000000,76.687214,0.000000,234.651811
16399,6782.489349,0.000000,39.000000,61.144038,0.000000,353.732591
16408,6782.489349,0.000000,39.000000,56.631503,0.000000,283.788301
16415,6782.489349,0.000000,39.000000,53.121754,0.000000,229.387187
16438,6782.489349,0.000000,39.000000,41.589721,0.000000,50.640669
16440,6782.489349,0.000000,39.000000,40.586935,0.000000,35.097493
16444,6782.489349,0.000000,39.000000,38.581364,0.000000,4.011142
16447,6782.489349,0.000000,39.000000,37.077186,0.000000,340.696379
16456,6782.489349,0.000000,39.000000,32.564651,0.000000,270.752089
16459,6782.489349,0.000000,39.000000,31.060473,0.000000,247.437326
16474,6782.489349,0.000000,39.000000,23.539581,0.000000,130.863510
16480,6782.489349,0.000000,39.000000,20.531225,0.000000,84.233983
16493,6782.489349,0.000000,39.000000,14.013119,0.000000,343.203343
16498,6782.489349,0.000000,39.000000,11.506155,0.000000,304.345404
16500,6782.489349,0.000000,39.000000,10.503370,0.000000,288.802228
16501,6782.489349,0.000000,39.000000,10.001977,0.000000,281.030641
16515,6782.489349,0.000000,39.000000,2.982478,0.000000,172.228412
16539,6782.489349,0.000000,39.000000,350.949052,0.000000,345.710306
16543,6782.489349,0.000000,39.000000,348.943481,0.000000,314.623955
16545,6782.489349,0.000000,39.000000,347.940695,0.000000,299.080780
16559,6782.489349,0.000000,39.000000,340.921197,0.000000,190.278552
16560,6782.489349,0.000000,39.000000,340.419804,0.000000,182.506964
16593,6782.489349,0.000000,39.000000,323.873843,0.000000,286.044568
16601,6782.489349,0.000000,39.000000,319.862701,0.000000,223.871866
16623,6782.489349,0.000000,39.000000,308.832060,0.000000,52.896936
16649,6782.489349,0.000000,39.000000,295.795849,0.000000,210.835655
16656,6782.489349,0.000000,39.000000,292.286099,0.000000,156.434540
16657,6782.489349,0.000000,39.000000,291.784707,0.000000,148.662953
16665,6782.489349,0.000000,39.000000,287.773565,0.000000,86.490251
16672,6782.489349,0.000000,39.000000,284.263815,0.000000,32.089136
16674,6782.489349,0.000000,39.000000,283.261030,0.000000,16.545961
16676,6782.489349,0.000000,39.000000,282.258244,0.000000,1.002786
16678,6782.489349,0.000000,39.000000,281.255459,0.000000,345.459610
16694,6782.489349,0.000000,39.000000,273.233175,0.000000,221.114206
16715,6782.489349,0.000000,39.000000,262.703927,0.000000,57.910864
16718,6782.489349,0.000000,39.000000,261.199748,0.000000,34.596100
16723,6782.489349,0.000000,39.000000,258.692785,0.000000,355.738162
16730,6782.489349,0.000000,39.000000,255.183035,0.000000,301.337047
16739,6782.489349,0.000000,39.000000,250.670500,0.000000,231.392758
16741,6782.489349,0.000000,39.000000,249.667715,0.000000,215.849582
16755,6782.489349,0.000000,39.000000,242.648216,0.000000,107.047354
16757,6782.489349,0.000000,39.000000,241.645431,0.000000,91.504178
16760,6782.489349,0.000000,39.000000,240.141253,0.000000,68.189415
16797,6782.489349,0.000000,39.000000,221.589721,0.000000,140.640669
16808,6782.489349,0.000000,39.000000,216.074400,0.000000,55.153203
16811,6782.489349,0.000000,39.000000,214.570222,0.000000,31.838440
16835,6782.489349,0.000000,39.000000,202.536796,0.000000,205.320334
16851,6782.489349,0.000000,39.000000,194.514512,0.000000,80.974930
16856,6782.489349,0.000000,39.000000,192.007548,0.000000,42.116992
16874,6782.489349,0.000000,39.000000,182.982478,0.000000,262.228412
16884,6782.489349,0.000000,39.000000,177.968551,0.000000,184.512535
16895,6782.489349,0.000000,39.000000,172.453230,0.000000,99.025070
16898,6782.489349,0.000000,39.000000,170.949052,0.000000,75.710306
16914,6782.489349,0.000000,39.000000,162.926768,0.000000,311.364903
16928,6782.489349,0.000000,39.000000,155.907269,0.000000,202.562674
16954,6782.489349,0.000000,39.000000,142.871058,0.000000,0.501393
16970,6782.489349,0.000000,39.000000,134.848773,0.000000,236.155989
16973,6782.489349,0.000000,39.000000,133.344595,0.000000,212.841226
16976,6782.489349,0.000000,39.000000,131.840417,0.000000,189.526462
16986,6782.489349,0.000000,39.000000,126.826489,0.000000,111.810585
16987,6782.489349,0.000000,39.000000,126.325097,0.000000,104.038997
16993,6782.489349,0.000000,39.000000,123.316740,0.000000,57.409471
16995,6782.489349,0.000000,39.000000,122.313955,0.000000,41.866295
16998,6782.489349,0.000000,39.000000,120.809776,0.000000,18.551532
17003,6782.489349,0.000000,39.000000,118.302812,0.000000,339.693593
17010,6782.489349,0.000000,39.000000,114.793063,0.000000,285.292479
17033,6782.489349,0.000000,39.000000,103.261030,0.000000,106.545961
17034,6782.489349,0.000000,39.000000,102.759637,0.000000,98.774373
17061,6782.489349,0.000000,39.000000,89.222033,0.000000,248.941504
17069,6782.489349,0.000000,39.000000,85.210890,0.000000,186.768802
17086,6782.489349,0.000000,39.000000,76.687214,0.000000,54.651811
17105,6782.489349,0.000000,39.000000,67.160751,0.000000,266.991643
17112,6782.489349,0.000000,39.000000,63.651002,0.000000,212.590529
17117,6782.489349,0.000000,39.000000,61.144038,0.000000,173.732591
17134,6782.489349,0.000000,39.000000,52.620361,0.000000,41.615599
17136,6782.489349,0.000000,39.000000,51.617576,0.000000,26.072423
17147,6782.489349,0.000000,39.000000,46.102255,0.000000,300.584958
17153,6782.489349,0.000000,39.000000,43.093899,0.000000,253.955432
17156,6782.489349,0.000000,39.000000,41.589721,0.000000,230.640669
17170,6782.489349,0.000000,39.000000,34.570222,0.000000,121.838440
17172,6782.489349,0.000000,39.000000,33.567436,0.000000,106.295265
17182,6782.489349,0.000000,39.000000,28.553509,0.000000,28.579387
17208,6782.489349,0.000000,39.000000,15.517297,0.000000,186.518106
17209,6782.489349,0.000000,39.000000,15.015904,0.000000,178.746518
17223,6782.489349,0.000000,39.000000,7.996406,0.000000,69.944290
18669,6782.489349,0.000000,38.000000,1.821188,0.000000,352.228412
18673,6782.489349,0.000000,38.000000,359.815617,0.000000,321.142061
18675,6782.489349,0.000000,38.000000,358.812831,0.000000,305.598886
18678,6782.489349,0.000000,38.000000,357.308653,0.000000,282.284123
18684,6782.489349,0.000000,38.000000,354.300297,0.000000,235.654596
18685,6782.489349,0.000000,38.000000,353.798904,0.000000,227.883008
18688,6782.489349,0.000000,38.000000,352.294725,0.000000,204.568245
18694,6782.489349,0.000000,38.000000,349.286369,0.000000,157.938719
18696,6782.489349,0.000000,38.000000,348.283583,0.000000,142.395543
18703,6782.489349,0.000000,38.000000,344.773834,0.000000,87.994429
18705,6782.489349,0.000000,38.000000,343.771049,0.000000,72.451253
18706,6782.489349,0.000000,38.000000,343.269656,0.000000,64.679666
18708,6782.489349,0.000000,38.000000,342.266870,0.000000,49.136490
18710,6782.489349,0.000000,38.000000,341.264085,0.000000,33.593315
18723,6782.489349,0.000000,38.000000,334.745979,0.000000,292.562674
18724,6782.489349,0.000000,38.000000,334.244586,0.000000,284.791086
18725,6782.489349,0.000000,38.000000,333.743193,0.000000,277.019499
18726,6782.489349,0.000000,38.000000,333.241801,0.000000,269.247911
18728,6782.489349,0.000000,38.000000,332.239015,0.000000,253.704735
18732,6782.489349,0.000000,38.000000,330.233444,0.000000,222.618384
18733,6782.489349,0.000000,38.000000,329.732051,0.000000,214.846797
18734,6782.489349,0.000000,38.000000,329.230659,0.000000,207.075209
18735,6782.489349,0.000000,38.000000,328.729266,0.000000,199.303621
18737,6782.489349,0.000000,38.000000,327.726480,0.000000,183.760446
18738,6782.489349,0.000000,38.000000,327.225088,0.000000,175.988858
18739,6782.489349,0.000000,38.000000,326.723695,0.000000,168.217270
18743,6782.489349,0.000000,38.000000,324.718124,0.000000,137.130919
18745,6782.489349,0.000000,38.000000,323.715338,0.000000,121.587744
18747,6782.489349,0.000000,38.000000,322.712553,0.000000,106.044568
18750,6782.489349,0.000000,38.000000,321.208375,0.000000,82.729805
18751,6782.489349,0.000000,38.000000,320.706982,0.000000,74.958217
18766,6782.489349,0.000000,38.000000,313.186090,0.000000,318.384401
18771,6782.489349,0.000000,38.000000,310.679127,0.000000,279.526462
18772,6782.489349,0.000000,38.000000,310.177734,0.000000,271.754875
18774,6782.489349,0.000000,38.000000,309.174948,0.000000,256.211699
18777,6782.489349,0.000000,38.000000,307.670770,0.000000,232.896936
18778,6782.489349,0.000000,38.000000,307.169377,0.000000,225.125348
18781,6782.489349,0.000000,38.000000,305.665199,0.000000,201.810585
18787,6782.489349,0.000000,38.000000,302.656842,0.000000,155.181058
18789,6782.489349,0.000000,38.000000,301.654057,0.000000,139.637883
18790,6782.489349,0.000000,38.000000,301.152664,0.000000,131.866295
18795,6782.489349,0.000000,38.000000,298.645700,0.000000,93.008357
18801,6782.489349,0.000000,38.000000,295.637344,0.000000,46.378830
18802,6782.489349,0.000000,38.000000,295.135951,0.000000,38.607242
18803,6782.489349,0.000000,38.000000,294.634558,0.000000,30.835655
18806,6782.489349,0.000000,38.000000,293.130380,0.000000,7.520891
18807,6782.489349,0.000000,38.000000,292.628987,0.000000,359.749304
18808,6782.489349,0.000000,38.000000,292.127595,0.000000,351.977716
18810,6782.489349,0.000000,38.000000,291.124809,0.000000,336.434540
18815,6782.489349,0.000000,38.000000,288.617845,0.000000,297.576602
18819,6782.489349,0.000000,38.000000,286.612274,0.000000,266.490251
18825,6782.489349,0.000000,38.000000,283.603918,0.000000,219.860724
18826,6782.489349,0.000000,38.000000,283.102525,0.000000,212.089136
18829,6782.489349,0.000000,38.000000,281.598347,0.000000,188.774373
18830,6782.489349,0.000000,38.000000,281.096954,0.000000,181.002786
18834,6782.489349,0.000000,38.000000,279.091383,0.000000,149.916435
18835,6782.489349,0.000000,38.000000,278.589990,0.000000,142.144847
18837,6782.489349,0.000000,38.000000,277.587205,0.000000,126.601671
18838,6782.489349,0.000000,38.000000,277.085812,0.000000,118.830084
18841,6782.489349,0.000000,38.000000,275.581634,0.000000,95.515320
18843,6782.489349,0.000000,38.000000,274.578848,0.000000,79.972145
18844,6782.489349,0.000000,38.000000,274.077455,0.000000,72.200557
18849,6782.489349,0.000000,38.000000,271.570492,0.000000,33.342618
18852,6782.489349,0.000000,38.000000,270.066313,0.000000,10.027855
18855,6782.489349,0.000000,38.000000,268.562135,0.000000,346.713092
18857,6782.489349,0.000000,38.000000,267.559349,0.000000,331.169916
18859,6782.489349,0.000000,38.000000,266.556564,0.000000,315.626741
18861,6782.489349,0.000000,38.000000,265.553778,0.000000,300.083565
18863,6782.489349,0.000000,38.000000,264.550993,0.000000,284.540390
18865,6782.489349,0.000000,38.000000,263.548207,0.000000,268.997214
18867,6782.489349,0.000000,38.000000,262.545422,0.000000,253.454039
18870,6782.489349,0.000000,38.000000,261.041244,0.000000,230.139276
18875,6782.489349,0.000000,38.000000,258.534280,0.000000,191.281337
18876,6782.489349,0.000000,38.000000,258.032887,0.000000,183.509749
18879,6782.489349,0.000000,38.000000,256.528709,0.000000,160.194986
18880,6782.489349,0.000000,38.000000,256.027316,0.000000,152.423398
18886,6782.489349,0.000000,38.000000,253.018959,0.000000,105.793872
18890,6782.489349,0.000000,38.000000,251.013388,0.000000,74.707521
18897,6782.489349,0.000000,38.000000,247.503639,0.000000,20.306407
18903,6782.489349,0.000000,38.000000,244.495283,0.000000,333.676880
18904,6782.489349,0.000000,38.000000,243.993890,0.000000,325.905292
18908,6782.489349,0.000000,38.000000,241.988319,0.000000,294.818942
18910,6782.489349,0.000000,38.000000,240.985533,0.000000,279.275766
18911,6782.489349,0.000000,38.000000,240.484141,0.000000,271.504178
18915,6782.489349,0.000000,38.000000,238.478570,0.000000,240.417827
18917,6782.489349,0.000000,38.000000,237.475784,0.000000,224.874652
18922,6782.489349,0.000000,38.000000,234.968820,0.000000,186.016713
18924,6782.489349,0.000000,38.000000,233.966035,0.000000,170.473538
18925,6782.489349,0.000000,38.000000,233.464642,0.000000,162.701950
18929,6782.489349,0.000000,38.000000,231.459071,0.000000,131.615599
18936,6782.489349,0.000000,38.000000,227.949322,0.000000,77.214485
18937,6782.489349,0.000000,38.000000,227.447929,0.000000,69.442897
18941,6782.489349,0.000000,38.000000,225.442358,0.000000,38.356546
18942,6782.489349,0.000000,38.000000,224.940965,0.000000,30.584958
18943,6782.489349,0.000000,38.000000,224.439572,0.000000,22.813370
18947,6782.489349,0.000000,38.000000,222.434001,0.000000,351.727019
18949,6782.489349,0.000000,38.000000,221.431216,0.000000,336.183844
18955,6782.489349,0.000000,38.000000,218.422859,0.000000,289.554318
18959,6782.489349,0.000000,38.000000,216.417288,0.000000,258.467967
18963,6782.489349,0.000000,38.000000,214.411717,0.000000,227.381616
18964,6782.489349,0.000000,38.000000,213.910324,0.000000,219.610028
18965,6782.489349,0.000000,38.000000,213.408932,0.000000,211.838440
18968,6782.489349,0.000000,38.000000,211.904753,0.000000,188.523677
18970,6782.489349,0.000000,38.000000,210.901968,0.000000,172.980501
18973,6782.489349,0.000000,38.000000,209.397790,0.000000,149.665738
18978,6782.489349,0.000000,38.000000,206.890826,0.000000,110.807799
18979,6782.489349,0.000000,38.000000,206.389433,0.000000,103.036212
18980,6782.489349,0.000000,38.000000,205.888040,0.000000,95.264624
18981,6782.489349,0.000000,38.000000,205.386647,0.000000,87.493036
18988,6782.489349,0.000000,38.000000,201.876898,0.000000,33.091922
18989,6782.489349,0.000000,38.000000,201.375505,0.000000,25.320334
18992,6782.489349,0.000000,38.000000,199.871327,0.000000,2.005571
18993,6782.489349,0.000000,38.000000,199.369934,0.000000,354.233983
19000,6782.489349,0.000000,38.000000,195.860185,0.000000,299.832869
19004,6782.489349,0.000000,38.000000,193.854614,0.000000,268.746518
19010,6782.489349,0.000000,38.000000,190.846258,0.000000,222.116992
19019,6782.489349,0.000000,38.000000,186.333723,0.000000,152.172702
19023,6782.489349,0.000000,38.000000,184.328152,0.000000,121.086351
19024,6782.489349,0.000000,38.000000,183.826759,0.000000,113.314763
19026,6782.489349,0.000000,38.000000,182.823973,0.000000,97.771588
19027,6782.489349,0.000000,38.000000,182.322581,0.000000,90.000000
19031,6782.489349,0.000000,38.000000,180.317010,0.000000,58.913649
19040,6782.489349,0.000000,38.000000,175.804475,0.000000,348.969359
19044,6782.489349,0.000000,38.000000,173.798904,0.000000,317.883008
19045,6782.489349,0.000000,38.000000,173.297511,0.000000,310.111421
19048,6782.489349,0.000000,38.000000,171.793333,0.000000,286.796657
19052,6782.489349,0.000000,38.000000,169.787762,0.000000,255.710306
19058,6782.489349,0.000000,38.000000,166.779405,0.000000,209.080780
19059,6782.489349,0.000000,38.000000,166.278012,0.000000,201.309192
19071,6782.489349,0.000000,38.000000,160.261299,0.000000,108.050139
19073,6782.489349,0.000000,38.000000,159.258514,0.000000,92.506964
19076,6782.489349,0.000000,38.000000,157.754336,0.000000,69.192201
19077,6782.489349,0.000000,38.000000,157.252943,0.000000,61.420613
19079,6782.489349,0.000000,38.000000,156.250157,0.000000,45.877437
19084,6782.489349,0.000000,38.000000,153.743193,0.000000,7.019499
19090,6782.489349,0.000000,38.000000,150.734837,0.000000,320.389972
19096,6782.489349,0.000000,38.000000,147.726480,0.000000,273.760446
19099,6782.489349,0.000000,38.000000,146.222302,0.000000,250.445682
19114,6782.489349,0.000000,38.000000,138.701411,0.000000,133.871866
19116,6782.489349,0.000000,38.000000,137.698625,0.000000,118.328691
19117,6782.489349,0.000000,38.000000,137.197232,0.000000,110.557103
19120,6782.489349,0.000000,38.000000,135.693054,0.000000,87.242340
19122,6782.489349,0.000000,38.000000,134.690269,0.000000,71.699164
19123,6782.489349,0.000000,38.000000,134.188876,0.000000,63.927577
19127,6782.489349,0.000000,38.000000,132.183305,0.000000,32.841226
19128,6782.489349,0.000000,38.000000,131.681912,0.000000,25.069638
19131,6782.489349,0.000000,38.000000,130.177734,0.000000,1.754875
19143,6782.489349,0.000000,38.000000,124.161021,0.000000,268.495822
19149,6782.489349,0.000000,38.000000,121.152664,0.000000,221.866295
19153,6782.489349,0.000000,38.000000,119.147093,0.000000,190.779944
19159,6782.489349,0.000000,38.000000,116.138737,0.000000,144.150418
19160,6782.489349,0.000000,38.000000,115.637344,0.000000,136.378830
19166,6782.489349,0.000000,38.000000,112.628987,0.000000,89.749304
19171,6782.489349,0.000000,38.000000,110.122024,0.000000,50.891365
19173,6782.489349,0.000000,38.000000,109.119238,0.000000,35.348189
19174,6782.489349,0.000000,38.000000,108.617845,0.000000,27.576602
19183,6782.489349,0.000000,38.000000,104.105310,0.000000,317.632312
19188,6782.489349,0.000000,38.000000,101.598347,0.000000,278.774373
19189,6782.489349,0.000000,38.000000,101.096954,0.000000,271.002786
19195,6782.489349,0.000000,38.000000,98.088597,0.000000,224.373259
19196,6782.489349,0.000000,38.000000,97.587205,0.000000,216.601671
19197,6782.489349,0.000000,38.000000,97.085812,0.000000,208.830084
19200,6782.489349,0.000000,38.000000,95.581634,0.000000,185.515320
19204,6782.489349,0.000000,38.000000,93.576063,0.000000,154.428969
19207,6782.489349,0.000000,38.000000,92.071884,0.000000,131.114206
19210,6782.489349,0.000000,38.000000,90.567706,0.000000,107.799443
19212,6782.489349,0.000000,38.000000,89.564920,0.000000,92.256267
19218,6782.489349,0.000000,38.000000,86.556564,0.000000,45.626741
19220,6782.489349,0.000000,38.000000,85.553778,0.000000,30.083565
19221,6782.489349,0.000000,38.000000,85.052386,0.000000,22.311978
19223,6782.489349,0.000000,38.000000,84.049600,0.000000,6.768802
19224,6782.489349,0.000000,38.000000,83.548207,0.000000,358.997214
19227,6782.489349,0.000000,38.000000,82.044029,0.000000,335.682451
19233,6782.489349,0.000000,38.000000,79.035673,0.000000,289.052925
19236,6782.489349,0.000000,38.000000,77.531494,0.000000,265.738162
19237,6782.489349,0.000000,38.000000,77.030102,0.000000,257.966574
19238,6782.489349,0.000000,38.000000,76.528709,0.000000,250.194986
19247,6782.489349,0.000000,38.000000,72.016174,0.000000,180.250696
19253,6782.489349,0.000000,38.000000,69.007817,0.000000,133.621170
19256,6782.489349,0.000000,38.000000,67.503639,0.000000,110.306407
19257,6782.489349,0.000000,38.000000,67.002246,0.000000,102.534819
19258,6782.489349,0.000000,38.000000,66.500854,0.000000,94.763231
19262,6782.489349,0.000000,38.000000,64.495283,0.000000,63.676880
19263,6782.489349,0.000000,38.000000,63.993890,0.000000,55.905292
19265,6782.489349,0.000000,38.000000,62.991104,0.000000,40.362117
19268,6782.489349,0.000000,38.000000,61.486926,0.000000,17.047354
19274,6782.489349,0.000000,38.000000,58.478570,0.000000,330.417827
19284,6782.489349,0.000000,38.000000,53.464642,0.000000,252.701950
19288,6782.489349,0.000000,38.000000,51.459071,0.000000,221.615599
19289,6782.489349,0.000000,38.000000,50.957678,0.000000,213.844011
19295,6782.489349,0.000000,38.000000,47.949322,0.000000,167.214485
19298,6782.489349,0.000000,38.000000,46.445143,0.000000,143.899721
19302,6782.489349,0.000000,38.000000,44.439572,0.000000,112.813370
19307,6782.489349,0.000000,38.000000,41.932609,0.000000,73.955432
19308,6782.489349,0.000000,38.000000,41.431216,0.000000,66.183844
19313,6782.489349,0.000000,38.000000,38.924252,0.000000,27.325905
19314,6782.489349,0.000000,38.000000,38.422859,0.000000,19.554318
19316,6782.489349,0.000000,38.000000,37.420074,0.000000,4.011142
19320,6782.489349,0.000000,38.000000,35.414503,0.000000,332.924791
19324,6782.489349,0.000000,38.000000,33.408932,0.000000,301.838440
19326,6782.489349,0.000000,38.000000,32.406146,0.000000,286.295265
19328,6782.489349,0.000000,38.000000,31.403361,0.000000,270.752089
19336,6782.489349,0.000000,38.000000,27.392219,0.000000,208.579387
19338,6782.489349,0.000000,38.000000,26.389433,0.000000,193.036212
19343,6782.489349,0.000000,38.000000,23.882469,0.000000,154.178273
19345,6782.489349,0.000000,38.000000,22.879684,0.000000,138.635097
19347,6782.489349,0.000000,38.000000,21.876898,0.000000,123.091922
19351,6782.489349,0.000000,38.000000,19.871327,0.000000,92.005571
19356,6782.489349,0.000000,38.000000,17.364363,0.000000,53.147632
19358,6782.489349,0.000000,38.000000,16.361578,0.000000,37.604457
19359,6782.489349,0.000000,38.000000,15.860185,0.000000,29.832869
19361,6782.489349,0.000000,38.000000,14.857400,0.000000,14.289694
19364,6782.489349,0.000000,38.000000,13.353221,0.000000,350.974930
19370,6782.489349,0.000000,38.000000,10.344865,0.000000,304.345404
19371,6782.489349,0.000000,38.000000,9.843472,0.000000,296.573816
19373,6782.489349,0.000000,38.000000,8.840686,0.000000,281.030641
19376,6782.489349,0.000000,38.000000,7.336508,0.000000,257.715877
19382,6782.489349,0.000000,38.000000,4.328152,0.000000,211.086351
19387,6782.489349,0.000000,38.000000,1.821188,0.000000,172.228412
19388,6782.489349,0.000000,38.000000,1.319795,0.000000,164.456825
19391,6782.489349,0.000000,38.000000,359.815617,0.000000,141.142061
19398,6782.489349,0.000000,38.000000,356.305868,0.000000,86.740947
19406,6782.489349,0.000000,38.000000,352.294725,0.000000,24.568245
19408,6782.489349,0.000000,38.000000,351.291940,0.000000,9.025070
19414,6782.489349,0.000000,38.000000,348.283583,0.000000,322.395543
19416,6782.489349,0.000000,38.000000,347.280798,0.000000,306.852368
19419,6782.489349,0.000000,38.000000,345.776620,0.000000,283.537604
19421,6782.489349,0.000000,38.000000,344.773834,0.000000,267.994429
19423,6782.489349,0.000000,38.000000,343.771049,0.000000,252.451253
19425,6782.489349,0.000000,38.000000,342.768263,0.000000,236.908078
19427,6782.489349,0.000000,38.000000,341.765478,0.000000,221.364903
19436,6782.489349,0.000000,38.000000,337.252943,0.000000,151.420613
19442,6782.489349,0.000000,38.000000,334.244586,0.000000,104.791086
19444,6782.489349,0.000000,38.000000,333.241801,0.000000,89.247911
19450,6782.489349,0.000000,38.000000,330.233444,0.000000,42.618384
19453,6782.489349,0.000000,38.000000,328.729266,0.000000,19.303621
19460,6782.489349,0.000000,38.000000,325.219517,0.000000,324.902507
19463,6782.489349,0.000000,38.000000,323.715338,0.000000,301.587744
19471,6782.489349,0.000000,38.000000,319.704196,0.000000,239.415042
19474,6782.489349,0.000000,38.000000,318.200018,0.000000,216.100279
19476,6782.489349,0.000000,38.000000,317.197232,0.000000,200.557103
19477,6782.489349,0.000000,38.000000,316.695840,0.000000,192.785515
19487,6782.489349,0.000000,38.000000,311.681912,0.000000,115.069638
19489,6782.489349,0.000000,38.000000,310.679127,0.000000,99.526462
19499,6782.489349,0.000000,38.000000,305.665199,0.000000,21.810585
19510,6782.489349,0.000000,38.000000,300.149879,0.000000,296.323120
19514,6782.489349,0.000000,38.000000,298.144308,0.000000,265.236769
19515,6782.489349,0.000000,38.000000,297.642915,0.000000,257.465181
19520,6782.489349,0.000000,38.000000,295.135951,0.000000,218.607242
19524,6782.489349,0.000000,38.000000,293.130380,0.000000,187.520891
19526,6782.489349,0.000000,38.000000,292.127595,0.000000,171.977716
19533,6782.489349,0.000000,38.000000,288.617845,0.000000,117.576602
19541,6782.489349,0.000000,38.000000,284.606703,0.000000,55.403900
19545,6782.489349,0.000000,38.000000,282.601132,0.000000,24.317549
19551,6782.489349,0.000000,38.000000,279.592776,0.000000,337.688022
19555,6782.489349,0.000000,38.000000,277.587205,0.000000,306.601671
19563,6782.489349,0.000000,38.000000,273.576063,0.000000,244.428969
19564,6782.489349,0.000000,38.000000,273.074670,0.000000,236.657382
19567,6782.489349,0.000000,38.000000,271.570492,0.000000,213.342618
19579,6782.489349,0.000000,38.000000,265.553778,0.000000,120.083565
19580,6782.489349,0.000000,38.000000,265.052386,0.000000,112.311978
19581,6782.489349,0.000000,38.000000,264.550993,0.000000,104.540390
19587,6782.489349,0.000000,38.000000,261.542636,0.000000,57.910864
19588,6782.489349,0.000000,38.000000,261.041244,0.000000,50.139276
19590,6782.489349,0.000000,38.000000,260.038458,0.000000,34.596100
19591,6782.489349,0.000000,38.000000,259.537065,0.000000,26.824513
19592,6782.489349,0.000000,38.000000,259.035673,0.000000,19.052925
19597,6782.489349,0.000000,38.000000,256.528709,0.000000,340.194986
19598,6782.489349,0.000000,38.000000,256.027316,0.000000,332.423398
19599,6782.489349,0.000000,38.000000,255.525923,0.000000,324.651811
19606,6782.489349,0.000000,38.000000,252.016174,0.000000,270.250696
19607,6782.489349,0.000000,38.000000,251.514781,0.000000,262.479109
19609,6782.489349,0.000000,38.000000,250.511996,0.000000,246.935933
19611,6782.489349,0.000000,38.000000,249.509210,0.000000,231.392758
19618,6782.489349,0.000000,38.000000,245.999461,0.000000,176.991643
19622,6782.489349,0.000000,38.000000,243.993890,0.000000,145.905292
19623,6782.489349,0.000000,38.000000,243.492497,0.000000,138.133705
19628,6782.489349,0.000000,38.000000,240.985533,0.000000,99.275766
19633,6782.489349,0.000000,38.000000,238.478570,0.000000,60.417827
19634,6782.489349,0.000000,38.000000,237.977177,0.000000,52.646240
19636,6782.489349,0.000000,38.000000,236.974391,0.000000,37.103064
19637,6782.489349,0.000000,38.000000,236.472998,0.000000,29.331476
19639,6782.489349,0.000000,38.000000,235.470213,0.000000,13.788301
19642,6782.489349,0.000000,38.000000,233.966035,0.000000,350.473538
19657,6782.489349,0.000000,38.000000,226.445143,0.000000,233.899721
19667,6782.489349,0.000000,38.000000,221.431216,0.000000,156.183844
19670,6782.489349,0.000000,38.000000,219.927037,0.000000,132.869081
19671,6782.489349,0.000000,38.000000,219.425645,0.000000,125.097493
19679,6782.489349,0.000000,38.000000,215.414503,0.000000,62.924791
19680,6782.489349,0.000000,38.000000,214.913110,0.000000,55.153203
19681,6782.489349,0.000000,38.000000,214.411717,0.000000,47.381616
19685,6782.489349,0.000000,38.000000,212.406146,0.000000,16.295265
19694,6782.489349,0.000000,38.000000,207.893611,0.000000,306.350975
19696,6782.489349,0.000000,38.000000,206.890826,0.000000,290.807799
19697,6782.489349,0.000000,38.000000,206.389433,0.000000,283.036212
19699,6782.489349,0.000000,38.000000,205.386647,0.000000,267.493036
19701,6782.489349,0.000000,38.000000,204.383862,0.000000,251.949861
19703,6782.489349,0.000000,38.000000,203.381076,0.000000,236.406685
19709,6782.489349,0.000000,38.000000,200.372720,0.000000,189.777159
19711,6782.489349,0.000000,38.000000,199.369934,0.000000,174.233983
19713,6782.489349,0.000000,38.000000,198.367149,0.000000,158.690808
19717,6782.489349,0.000000,38.000000,196.361578,0.000000,127.604457
19721,6782.489349,0.000000,38.000000,194.356007,0.000000,96.518106
19724,6782.489349,0.000000,38.000000,192.851829,0.000000,73.203343
19727,6782.489349,0.000000,38.000000,191.347650,0.000000,49.888579
19730,6782.489349,0.000000,38.000000,189.843472,0.000000,26.573816
19738,6782.489349,0.000000,38.000000,185.832330,0.000000,324.401114
19741,6782.489349,0.000000,38.000000,184.328152,0.000000,301.086351
19744,6782.489349,0.000000,38.000000,182.823973,0.000000,277.771588
19745,6782.489349,0.000000,38.000000,182.322581,0.000000,270.000000
19747,6782.489349,0.000000,38.000000,181.319795,0.000000,254.456825
19750,6782.489349,0.000000,38.000000,179.815617,0.000000,231.142061
19751,6782.489349,0.000000,38.000000,179.314224,0.000000,223.370474
19760,6782.489349,0.000000,38.000000,174.801689,0.000000,153.426184
19761,6782.489349,0.000000,38.000000,174.300297,0.000000,145.654596
19769,6782.489349,0.000000,38.000000,170.289154,0.000000,83.481894
19780,6782.489349,0.000000,38.000000,164.773834,0.000000,357.994429
19782,6782.489349,0.000000,38.000000,163.771049,0.000000,342.451253
19789,6782.489349,0.000000,38.000000,160.261299,0.000000,288.050139
19794,6782.489349,0.000000,38.000000,157.754336,0.000000,249.192201
19796,6782.489349,0.000000,38.000000,156.751550,0.000000,233.649025
19798,6782.489349,0.000000,38.000000,155.748764,0.000000,218.105850
19799,6782.489349,0.000000,38.000000,155.247372,0.000000,210.334262
19804,6782.489349,0.000000,38.000000,152.740408,0.000000,171.476323
19807,6782.489349,0.000000,38.000000,151.236230,0.000000,148.161560
19808,6782.489349,0.000000,38.000000,150.734837,0.000000,140.389972
19817,6782.489349,0.000000,38.000000,146.222302,0.000000,70.445682
19819,6782.489349,0.000000,38.000000,145.219517,0.000000,54.902507
19827,6782.489349,0.000000,38.000000,141.208375,0.000000,352.729805
19828,6782.489349,0.000000,38.000000,140.706982,0.000000,344.958217
19831,6782.489349,0.000000,38.000000,139.202803,0.000000,321.643454
19836,6782.489349,0.000000,38.000000,136.695840,0.000000,282.785515
19838,6782.489349,0.000000,38.000000,135.693054,0.000000,267.242340
19843,6782.489349,0.000000,38.000000,133.186090,0.000000,228.384401
19850,6782.489349,0.000000,38.000000,129.676341,0.000000,173.983287
19851,6782.489349,0.000000,38.000000,129.174948,0.000000,166.211699
19852,6782.489349,0.000000,38.000000,128.673556,0.000000,158.440111
19855,6782.489349,0.000000,38.000000,127.169377,0.000000,135.125348
19856,6782.489349,0.000000,38.000000,126.667985,0.000000,127.353760
19860,6782.489349,0.000000,38.000000,124.662414,0.000000,96.267409
19872,6782.489349,0.000000,38.000000,118.645700,0.000000,3.008357
19878,6782.489349,0.000000,38.000000,115.637344,0.000000,316.378830
19882,6782.489349,0.000000,38.000000,113.631773,0.000000,285.292479
19885,6782.489349,0.000000,38.000000,112.127595,0.000000,261.977716
19886,6782.489349,0.000000,38.000000,111.626202,0.000000,254.206128
19888,6782.489349,0.000000,38.000000,110.623416,0.000000,238.662953
19889,6782.489349,0.000000,38.000000,110.122024,0.000000,230.891365
19897,6782.489349,0.000000,38.000000,106.110881,0.000000,168.718663
19901,6782.489349,0.000000,38.000000,104.105310,0.000000,137.632312
19903,6782.489349,0.000000,38.000000,103.102525,0.000000,122.089136
19907,6782.489349,0.000000,38.000000,101.096954,0.000000,91.002786
19911,6782.489349,0.000000,38.000000,99.091383,0.000000,59.916435
19916,6782.489349,0.000000,38.000000,96.584419,0.000000,21.058496
19920,6782.489349,0.000000,38.000000,94.578848,0.000000,349.972145
19925,6782.489349,0.000000,38.000000,92.071884,0.000000,311.114206
19928,6782.489349,0.000000,38.000000,90.567706,0.000000,287.799443
19934,6782.489349,0.000000,38.000000,87.559349,0.000000,241.169916
19935,6782.489349,0.000000,38.000000,87.057957,0.000000,233.398329
19938,6782.489349,0.000000,38.000000,85.553778,0.000000,210.083565
19939,6782.489349,0.000000,38.000000,85.052386,0.000000,202.311978
19956,6782.489349,0.000000,38.000000,76.528709,0.000000,70.194986
19962,6782.489349,0.000000,38.000000,73.520352,0.000000,23.565460
19968,6782.489349,0.000000,38.000000,70.511996,0.000000,336.935933
19970,6782.489349,0.000000,38.000000,69.509210,0.000000,321.392758
19972,6782.489349,0.000000,38.000000,68.506425,0.000000,305.849582
19973,6782.489349,0.000000,38.000000,68.005032,0.000000,298.077994
19979,6782.489349,0.000000,38.000000,64.996675,0.000000,251.448468
19980,6782.489349,0.000000,38.000000,64.495283,0.000000,243.676880
19985,6782.489349,0.000000,38.000000,61.988319,0.000000,204.818942
19986,6782.489349,0.000000,38.000000,61.486926,0.000000,197.047354
19993,6782.489349,0.000000,38.000000,57.977177,0.000000,142.646240
19998,6782.489349,0.000000,38.000000,55.470213,0.000000,103.788301
20002,6782.489349,0.000000,38.000000,53.464642,0.000000,72.701950
20003,6782.489349,0.000000,38.000000,52.963249,0.000000,64.930362
20004,6782.489349,0.000000,38.000000,52.461856,0.000000,57.158774
20010,6782.489349,0.000000,38.000000,49.453500,0.000000,10.529248
20012,6782.489349,0.000000,38.000000,48.450714,0.000000,354.986072
20018,6782.489349,0.000000,38.000000,45.442358,0.000000,308.356546
20023,6782.489349,0.000000,38.000000,42.935394,0.000000,269.498607
20024,6782.489349,0.000000,38.000000,42.434001,0.000000,261.727019
20029,6782.489349,0.000000,38.000000,39.927037,0.000000,222.869081
20030,6782.489349,0.000000,38.000000,39.425645,0.000000,215.097493
20031,6782.489349,0.000000,38.000000,38.924252,0.000000,207.325905
20034,6782.489349,0.000000,38.000000,37.420074,0.000000,184.011142
20035,6782.489349,0.000000,38.000000,36.918681,0.000000,176.239554
20036,6782.489349,0.000000,38.000000,36.417288,0.000000,168.467967
20037,6782.489349,0.000000,38.000000,35.915895,0.000000,160.696379
20038,6782.489349,0.000000,38.000000,35.414503,0.000000,152.924791
20048,6782.489349,0.000000,38.000000,30.400575,0.000000,75.208914
20049,6782.489349,0.000000,38.000000,29.899182,0.000000,67.437326
20051,6782.489349,0.000000,38.000000,28.896397,0.000000,51.894150
20057,6782.489349,0.000000,38.000000,25.888040,0.000000,5.264624
20059,6782.489349,0.000000,38.000000,24.885255,0.000000,349.721448
20063,6782.489349,0.000000,38.000000,22.879684,0.000000,318.635097
20069,6782.489349,0.000000,38.000000,19.871327,0.000000,272.005571
20071,6782.489349,0.000000,38.000000,18.868542,0.000000,256.462396
20082,6782.489349,0.000000,38.000000,13.353221,0.000000,170.974930
20093,6782.489349,0.000000,38.000000,7.837901,0.000000,85.487465
20098,6782.489349,0.000000,38.000000,5.330937,0.000000,46.629526
20101,6782.489349,0.000000,38.000000,3.826759,0.000000,23.314763
20102,6782.489349,0.000000,38.000000,3.325366,0.000000,15.543175
20103,6782.489349,0.000000,38.000000,2.823973,0.000000,7.771588
20473,6782.489349,0.000000,48.000000,183.115105,0.000000,12.284123
20481,6782.489349,0.000000,48.000000,179.103963,0.000000,310.111421
20600,6782.489349,0.000000,48.000000,119.438224,0.000000,105.292479
20644,6782.489349,0.000000,48.000000,97.376943,0.000000,123.342618
20842,6782.489349,0.000000,48.000000,358.101177,0.000000,24.568245
20872,6782.489349,0.000000,48.000000,343.059394,0.000000,151.420613
21472,6782.489349,0.000000,48.000000,42.223740,0.000000,168.467967
21518,6782.489349,0.000000,48.000000,19.159673,0.000000,170.974930
21725,6782.489349,0.000000,37.000000,270.726211,0.000000,2.256267
21820,6782.489349,0.000000,37.000000,223.093899,0.000000,343.955432
21908,6782.489349,0.000000,37.000000,178.971336,0.000000,20.055710
22063,6782.489349,0.000000,37.000000,101.255459,0.000000,255.459610
22267,6782.489349,0.000000,37.000000,358.971336,0.000000,110.055710
24444,6782.489349,0.000000,36.000000,348.600593,0.000000,111.309192
24461,6782.489349,0.000000,36.000000,340.076916,0.000000,339.192201
24501,6782.489349,0.000000,36.000000,320.021206,0.000000,28.328691
24505,6782.489349,0.000000,36.000000,318.015635,0.000000,357.242340
24509,6782.489349,0.000000,36.000000,316.010064,0.000000,326.155989
24516,6782.489349,0.000000,36.000000,312.500314,0.000000,271.754875
24526,6782.489349,0.000000,36.000000,307.486387,0.000000,194.038997
24608,6782.489349,0.000000,36.000000,266.372181,0.000000,276.768802
24642,6782.489349,0.000000,36.000000,249.324827,0.000000,12.534819
24653,6782.489349,0.000000,36.000000,243.809507,0.000000,287.047354
24663,6782.489349,0.000000,36.000000,238.795579,0.000000,209.331476
24665,6782.489349,0.000000,36.000000,237.792794,0.000000,193.788301
24667,6782.489349,0.000000,36.000000,236.790008,0.000000,178.245125
24699,6782.489349,0.000000,36.000000,220.745440,0.000000,289.554318
24701,6782.489349,0.000000,36.000000,219.742654,0.000000,274.011142
24724,6782.489349,0.000000,36.000000,208.210621,0.000000,95.264624
24726,6782.489349,0.000000,36.000000,207.207835,0.000000,79.721448
24747,6782.489349,0.000000,36.000000,196.678587,0.000000,276.518106
24764,6782.489349,0.000000,36.000000,188.154911,0.000000,144.401114
24783,6782.489349,0.000000,36.000000,178.628448,0.000000,356.740947
24785,6782.489349,0.000000,36.000000,177.625663,0.000000,341.197772
24806,6782.489349,0.000000,36.000000,167.096415,0.000000,177.994429
24825,6782.489349,0.000000,36.000000,157.569952,0.000000,30.334262
24831,6782.489349,0.000000,36.000000,154.561596,0.000000,343.704735
24836,6782.489349,0.000000,36.000000,152.054632,0.000000,304.846797
24869,6782.489349,0.000000,36.000000,135.508671,0.000000,48.384401
24888,6782.489349,0.000000,36.000000,125.982209,0.000000,260.724234
24899,6782.489349,0.000000,36.000000,120.466888,0.000000,175.236769
24901,6782.489349,0.000000,36.000000,119.464103,0.000000,159.693593
24914,6782.489349,0.000000,36.000000,112.945997,0.000000,58.662953
24922,6782.489349,0.000000,36.000000,108.934855,0.000000,356.490251
24926,6782.489349,0.000000,36.000000,106.929284,0.000000,325.403900
24928,6782.489349,0.000000,36.000000,105.926498,0.000000,309.860724
24985,6782.489349,0.000000,36.000000,77.347111,0.000000,226.880223
24987,6782.489349,0.000000,36.000000,76.344326,0.000000,211.337047
25008,6782.489349,0.000000,36.000000,65.815078,0.000000,48.133705
25017,6782.489349,0.000000,36.000000,61.302543,0.000000,338.189415
25019,6782.489349,0.000000,36.000000,60.299757,0.000000,322.646240
25021,6782.489349,0.000000,36.000000,59.296972,0.000000,307.103064
25031,6782.489349,0.000000,36.000000,54.283044,0.000000,229.387187
25040,6782.489349,0.000000,36.000000,49.770509,0.000000,159.442897
25042,6782.489349,0.000000,36.000000,48.767724,0.000000,143.899721
25044,6782.489349,0.000000,36.000000,47.764938,0.000000,128.356546
25053,6782.489349,0.000000,36.000000,43.252404,0.000000,58.412256
25061,6782.489349,0.000000,36.000000,39.241262,0.000000,356.239554
25083,6782.489349,0.000000,36.000000,28.210621,0.000000,185.264624
25101,6782.489349,0.000000,36.000000,19.185551,0.000000,45.376045
25122,6782.489349,0.000000,36.000000,8.656303,0.000000,242.172702
25127,6782.489349,0.000000,36.000000,6.149340,0.000000,203.314763
25141,6782.489349,0.000000,36.000000,359.129841,0.000000,94.512535
25143,6782.489349,0.000000,36.000000,358.127055,0.000000,78.969359
25156,6782.489349,0.000000,36.000000,351.608950,0.000000,337.938719
25164,6782.489349,0.000000,36.000000,347.597808,0.000000,275.766017
25166,6782.489349,0.000000,36.000000,346.595022,0.000000,260.222841
25179,6782.489349,0.000000,36.000000,340.076916,0.000000,159.192201
25185,6782.489349,0.000000,36.000000,337.068560,0.000000,112.562674
25202,6782.489349,0.000000,36.000000,328.544883,0.000000,340.445682
25223,6782.489349,0.000000,36.000000,318.015635,0.000000,177.242340
25225,6782.489349,0.000000,36.000000,317.012849,0.000000,161.699164
25242,6782.489349,0.000000,36.000000,308.489172,0.000000,29.582173
25276,6782.489349,0.000000,36.000000,291.441819,0.000000,125.348189
25282,6782.489349,0.000000,36.000000,288.433462,0.000000,78.718663
25284,6782.489349,0.000000,36.000000,287.430677,0.000000,63.175487
25320,6782.489349,0.000000,36.000000,269.380537,0.000000,143.398329
25328,6782.489349,0.000000,36.000000,265.369395,0.000000,81.225627
25343,6782.489349,0.000000,36.000000,257.848504,0.000000,324.651811
25345,6782.489349,0.000000,36.000000,256.845718,0.000000,309.108635
25364,6782.489349,0.000000,36.000000,247.319256,0.000000,161.448468
25388,6782.489349,0.000000,36.000000,235.285830,0.000000,334.930362
25423,6782.489349,0.000000,36.000000,217.737083,0.000000,62.924791
25438,6782.489349,0.000000,36.000000,210.216192,0.000000,306.350975
25442,6782.489349,0.000000,36.000000,208.210621,0.000000,275.264624
25486,6782.489349,0.000000,36.000000,186.149340,0.000000,293.314763
25499,6782.489349,0.000000,36.000000,179.631234,0.000000,192.284123
25501,6782.489349,0.000000,36.000000,178.628448,0.000000,176.740947
25512,6782.489349,0.000000,36.000000,173.113128,0.000000,91.253482
25518,6782.489349,0.000000,36.000000,170.104771,0.000000,44.623955
25522,6782.489349,0.000000,36.000000,168.099200,0.000000,13.537604
25535,6782.489349,0.000000,36.000000,161.581094,0.000000,272.506964
25545,6782.489349,0.000000,36.000000,156.567167,0.000000,194.791086
25558,6782.489349,0.000000,36.000000,150.049061,0.000000,93.760446
25560,6782.489349,0.000000,36.000000,149.046275,0.000000,78.217270
25562,6782.489349,0.000000,36.000000,148.043490,0.000000,62.674095
25564,6782.489349,0.000000,36.000000,147.040704,0.000000,47.130919
25617,6782.489349,0.000000,36.000000,120.466888,0.000000,355.236769
25621,6782.489349,0.000000,36.000000,118.461317,0.000000,324.150418
25623,6782.489349,0.000000,36.000000,117.458532,0.000000,308.607242
25625,6782.489349,0.000000,36.000000,116.455746,0.000000,293.064067
25642,6782.489349,0.000000,36.000000,107.932069,0.000000,160.947075
25659,6782.489349,0.000000,36.000000,99.408392,0.000000,28.830084
25663,6782.489349,0.000000,36.000000,97.402821,0.000000,357.743733
25670,6782.489349,0.000000,36.000000,93.893072,0.000000,303.342618
25699,6782.489349,0.000000,36.000000,79.352682,0.000000,77.966574
25722,6782.489349,0.000000,36.000000,67.820649,0.000000,259.220056
25745,6782.489349,0.000000,36.000000,56.288615,0.000000,80.473538
25783,6782.489349,0.000000,36.000000,37.235691,0.000000,145.153203
25785,6782.489349,0.000000,36.000000,36.232905,0.000000,129.610028
25789,6782.489349,0.000000,36.000000,34.227334,0.000000,98.523677
25800,6782.489349,0.000000,36.000000,28.712014,0.000000,13.036212
25802,6782.489349,0.000000,36.000000,27.709228,0.000000,357.493036
25817,6782.489349,0.000000,36.000000,20.188337,0.000000,240.919220
25838,6782.489349,0.000000,36.000000,9.659089,0.000000,77.715877
27286,6782.489349,0.000000,35.000000,1.319795,0.000000,344.456825
27299,6782.489349,0.000000,35.000000,354.801689,0.000000,243.426184
27300,6782.489349,0.000000,35.000000,354.300297,0.000000,235.654596
27312,6782.489349,0.000000,35.000000,348.283583,0.000000,142.395543
27314,6782.489349,0.000000,35.000000,347.280798,0.000000,126.852368
27323,6782.489349,0.000000,35.000000,342.768263,0.000000,56.908078
27346,6782.489349,0.000000,35.000000,331.236230,0.000000,238.161560
27358,6782.489349,0.000000,35.000000,325.219517,0.000000,144.902507
27369,6782.489349,0.000000,35.000000,319.704196,0.000000,59.415042
27374,6782.489349,0.000000,35.000000,317.197232,0.000000,20.557103
27432,6782.489349,0.000000,35.000000,288.116453,0.000000,289.805014
27444,6782.489349,0.000000,35.000000,282.099739,0.000000,196.545961
27473,6782.489349,0.000000,35.000000,267.559349,0.000000,331.169916
27476,6782.489349,0.000000,35.000000,266.055171,0.000000,307.855153
27482,6782.489349,0.000000,35.000000,263.046815,0.000000,261.225627
27510,6782.489349,0.000000,35.000000,249.007817,0.000000,43.621170
27517,6782.489349,0.000000,35.000000,245.498068,0.000000,349.220056
27519,6782.489349,0.000000,35.000000,244.495283,0.000000,333.676880
27522,6782.489349,0.000000,35.000000,242.991104,0.000000,310.362117
27548,6782.489349,0.000000,35.000000,229.954893,0.000000,108.300836
27569,6782.489349,0.000000,35.000000,219.425645,0.000000,305.097493
27576,6782.489349,0.000000,35.000000,215.915895,0.000000,250.696379
27582,6782.489349,0.000000,35.000000,212.907539,0.000000,204.066852
27610,6782.489349,0.000000,35.000000,198.868542,0.000000,346.462396
27613,6782.489349,0.000000,35.000000,197.364363,0.000000,323.147632
27622,6782.489349,0.000000,35.000000,192.851829,0.000000,253.203343
27628,6782.489349,0.000000,35.000000,189.843472,0.000000,206.573816
27649,6782.489349,0.000000,35.000000,179.314224,0.000000,43.370474
27651,6782.489349,0.000000,35.000000,178.311439,0.000000,27.827298
27652,6782.489349,0.000000,35.000000,177.810046,0.000000,20.055710
27666,6782.489349,0.000000,35.000000,170.790547,0.000000,271.253482
27685,6782.489349,0.000000,35.000000,161.264085,0.000000,123.593315
27698,6782.489349,0.000000,35.000000,154.745979,0.000000,22.562674
27701,6782.489349,0.000000,35.000000,153.241801,0.000000,359.247911
27710,6782.489349,0.000000,35.000000,148.729266,0.000000,289.303621
27754,6782.489349,0.000000,35.000000,126.667985,0.000000,307.353760
27760,6782.489349,0.000000,35.000000,123.659628,0.000000,260.724234
27783,6782.489349,0.000000,35.000000,112.127595,0.000000,81.977716
27785,6782.489349,0.000000,35.000000,111.124809,0.000000,66.434540
27816,6782.489349,0.000000,35.000000,95.581634,0.000000,185.515320
27822,6782.489349,0.000000,35.000000,92.573277,0.000000,138.885794
27850,6782.489349,0.000000,35.000000,78.534280,0.000000,281.281337
27860,6782.489349,0.000000,35.000000,73.520352,0.000000,203.565460
27864,6782.489349,0.000000,35.000000,71.514781,0.000000,172.479109
27876,6782.489349,0.000000,35.000000,65.498068,0.000000,79.220056
27895,6782.489349,0.000000,35.000000,55.971606,0.000000,291.559889
27908,6782.489349,0.000000,35.000000,49.453500,0.000000,190.529248
27920,6782.489349,0.000000,35.000000,43.436787,0.000000,97.270195
27952,6782.489349,0.000000,35.000000,27.392219,0.000000,208.579387
27967,6782.489349,0.000000,35.000000,19.871327,0.000000,92.005571
27982,6782.489349,0.000000,35.000000,12.350436,0.000000,335.431755
28005,6782.489349,0.000000,35.000000,0.818402,0.000000,156.685237
28015,6782.489349,0.000000,35.000000,355.804475,0.000000,78.969359
28019,6782.489349,0.000000,35.000000,353.798904,0.000000,47.883008
28042,6782.489349,0.000000,35.000000,342.266870,0.000000,229.136490
28070,6782.489349,0.000000,35.000000,328.227873,0.000000,11.532033
28083,6782.489349,0.000000,35.000000,321.709767,0.000000,270.501393
28098,6782.489349,0.000000,35.000000,314.188876,0.000000,153.927577
28120,6782.489349,0.000000,35.000000,303.158235,0.000000,342.952646
28140,6782.489349,0.000000,35.000000,293.130380,0.000000,187.520891
28148,6782.489349,0.000000,35.000000,289.119238,0.000000,125.348189
28169,6782.489349,0.000000,35.000000,278.589990,0.000000,322.144847
28174,6782.489349,0.000000,35.000000,276.083026,0.000000,283.286908
28178,6782.489349,0.000000,35.000000,274.077455,0.000000,252.200557
28184,6782.489349,0.000000,35.000000,271.069099,0.000000,205.571031
28228,6782.489349,0.000000,35.000000,249.007817,0.000000,223.621170
28257,6782.489349,0.000000,35.000000,234.467427,0.000000,358.245125
28262,6782.489349,0.000000,35.000000,231.960464,0.000000,319.387187
28272,6782.489349,0.000000,35.000000,226.946536,0.000000,241.671309
28294,6782.489349,0.000000,35.000000,215.915895,0.000000,70.696379
28318,6782.489349,0.000000,35.000000,203.882469,0.000000,244.178273
28322,6782.489349,0.000000,35.000000,201.876898,0.000000,213.091922
28350,6782.489349,0.000000,35.000000,187.837901,0.000000,355.487465
28381,6782.489349,0.000000,35.000000,172.294725,0.000000,114.568245
28389,6782.489349,0.000000,35.000000,168.283583,0.000000,52.395543
28394,6782.489349,0.000000,35.000000,165.776620,0.000000,13.537604
28397,6782.489349,0.000000,35.000000,164.272441,0.000000,350.222841
28436,6782.489349,0.000000,35.000000,144.718124,0.000000,47.130919
28438,6782.489349,0.000000,35.000000,143.715338,0.000000,31.587744
28441,6782.489349,0.000000,35.000000,142.211160,0.000000,8.272981
28468,6782.489349,0.000000,35.000000,128.673556,0.000000,158.440111
28469,6782.489349,0.000000,35.000000,128.172163,0.000000,150.668524
28477,6782.489349,0.000000,35.000000,124.161021,0.000000,88.495822
28485,6782.489349,0.000000,35.000000,120.149879,0.000000,26.323120
28512,6782.489349,0.000000,35.000000,106.612274,0.000000,176.490251
28516,6782.489349,0.000000,35.000000,104.606703,0.000000,145.403900
28520,6782.489349,0.000000,35.000000,102.601132,0.000000,114.317549
28526,6782.489349,0.000000,35.000000,99.592776,0.000000,67.688022
28529,6782.489349,0.000000,35.000000,98.088597,0.000000,44.373259
28546,6782.489349,0.000000,35.000000,89.564920,0.000000,272.256267
28560,6782.489349,0.000000,35.000000,82.545422,0.000000,163.454039
28562,6782.489349,0.000000,35.000000,81.542636,0.000000,147.910864
28569,6782.489349,0.000000,35.000000,78.032887,0.000000,93.509749
28572,6782.489349,0.000000,35.000000,76.528709,0.000000,70.194986
28573,6782.489349,0.000000,35.000000,76.027316,0.000000,62.423398
28591,6782.489349,0.000000,35.000000,67.002246,0.000000,282.534819
28604,6782.489349,0.000000,35.000000,60.484141,0.000000,181.504178
28606,6782.489349,0.000000,35.000000,59.481355,0.000000,165.961003
28609,6782.489349,0.000000,35.000000,57.977177,0.000000,142.646240
28613,6782.489349,0.000000,35.000000,55.971606,0.000000,111.559889
28617,6782.489349,0.000000,35.000000,53.966035,0.000000,80.473538
28627,6782.489349,0.000000,35.000000,48.952107,0.000000,2.757660
28630,6782.489349,0.000000,35.000000,47.447929,0.000000,339.442897
28634,6782.489349,0.000000,35.000000,45.442358,0.000000,308.356546
28660,6782.489349,0.000000,35.000000,32.406146,0.000000,106.295265
28671,6782.489349,0.000000,35.000000,26.890826,0.000000,20.807799
28678,6782.489349,0.000000,35.000000,23.381076,0.000000,326.406685
28705,6782.489349,0.000000,35.000000,9.843472,0.000000,116.573816
28706,6782.489349,0.000000,35.000000,9.342079,0.000000,108.802228
30272,6782.489349,0.000000,34.000000,305.322311,0.000000,178.495822
30285,6782.489349,0.000000,34.000000,298.804205,0.000000,77.465181
30464,6782.489349,0.000000,34.000000,209.054902,0.000000,126.350975
30470,6782.489349,0.000000,34.000000,206.046545,0.000000,79.721448
30477,6782.489349,0.000000,34.000000,202.536796,0.000000,25.320334
30656,6782.489349,0.000000,34.000000,112.787492,0.000000,74.206128
30942,6782.489349,0.000000,34.000000,329.389163,0.000000,11.532033
31220,6782.489349,0.000000,34.000000,190.001977,0.000000,11.030641
31349,6782.489349,0.000000,34.000000,125.322311,0.000000,88.495822
31455,6782.489349,0.000000,34.000000,72.174679,0.000000,344.707521
31506,6782.489349,0.000000,34.000000,46.603648,0.000000,308.356546
31592,6782.489349,0.000000,54.000000,8.129032,0.000000,0.000000
31593,6782.489349,0.000000,54.000000,7.627640,0.000000,352.228412
31594,6782.489349,0.000000,54.000000,7.126247,0.000000,344.456825
31595,6782.489349,0.000000,54.000000,6.624854,0.000000,336.685237
31596,6782.489349,0.000000,54.000000,6.123461,0.000000,328.913649
31597,6782.489349,0.000000,54.000000,5.622068,0.000000,321.142061
31598,6782.489349,0.000000,54.000000,5.120676,0.000000,313.370474
31599,6782.489349,0.000000,54.000000,4.619283,0.000000,305.598886
31600,6782.489349,0.000000,54.000000,4.117890,0.000000,297.827298
31601,6782.489349,0.000000,54.000000,3.616497,0.000000,290.055710
31602,6782.489349,0.000000,54.000000,3.115105,0.000000,282.284123
31603,6782.489349,0.000000,54.000000,2.613712,0.000000,274.512535
31604,6782.489349,0.000000,54.000000,2.112319,0.000000,266.740947
31605,6782.489349,0.000000,54.000000,1.610926,0.000000,258.969359
31606,6782.489349,0.000000,54.000000,1.109534,0.000000,251.197772
31607,6782.489349,0.000000,54.000000,0.608141,0.000000,243.426184
31608,6782.489349,0.000000,54.000000,0.106748,0.000000,235.654596
31609,6782.489349,0.000000,54.000000,359.605355,0.000000,227.883008
31610,6782.489349,0.000000,54.000000,359.103963,0.000000,220.111421
31611,6782.489349,0.000000,54.000000,358.602570,0.000000,212.339833
31612,6782.489349,0.000000,54.000000,358.101177,0.000000,204.568245
31613,6782.489349,0.000000,54.000000,357.599784,0.000000,196.796657
31614,6782.489349,0.000000,54.000000,357.098392,0.000000,189.025070
31615,6782.489349,0.000000,54.000000,356.596999,0.000000,181.253482
31616,6782.489349,0.000000,54.000000,356.095606,0.000000,173.481894
31617,6782.489349,0.000000,54.000000,355.594213,0.000000,165.710306
31618,6782.489349,0.000000,54.000000,355.092821,0.000000,157.938719
31619,6782.489349,0.000000,54.000000,354.591428,0.000000,150.167131
31620,6782.489349,0.000000,54.000000,354.090035,0.000000,142.395543
31621,6782.489349,0.000000,54.000000,353.588642,0.000000,134.623955
31622,6782.489349,0.000000,54.000000,353.087250,0.000000,126.852368
31623,6782.489349,0.000000,54.000000,352.585857,0.000000,119.080780
31624,6782.489349,0.000000,54.000000,352.084464,0.000000,111.309192
31625,6782.489349,0.000000,54.000000,351.583071,0.000000,103.537604
31626,6782.489349,0.000000,54.000000,351.081678,0.000000,95.766017
31627,6782.489349,0.000000,54.000000,350.580286,0.000000,87.994429
31628,6782.489349,0.000000,54.000000,350.078893,0.000000,80.222841
31629,6782.489349,0.000000,54.000000,349.577500,0.000000,72.451253
31630,6782.489349,0.000000,54.000000,349.076107,0.000000,64.679666
31631,6782.489349,0.000000,54.000000,348.574715,0.000000,56.908078
31632,6782.489349,0.000000,54.000000,348.073322,0.000000,49.136490
31633,6782.489349,0.000000,54.000000,347.571929,0.000000,41.364903
31634,6782.489349,0.000000,54.000000,347.070536,0.000000,33.593315
31635,6782.489349,0.000000,54.000000,346.569144,0.000000,25.821727
31636,6782.489349,0.000000,54.000000,346.067751,0.000000,18.050139
31637,6782.489349,0.000000,54.000000,345.566358,0.000000,10.278552
31638,6782.489349,0.000000,54.000000,345.064965,0.000000,2.506964
31639,6782.489349,0.000000,54.000000,344.563573,0.000000,354.735376
31640,6782.489349,0.000000,54.000000,344.062180,0.000000,346.963788
31641,6782.489349,0.000000,54.000000,343.560787,0.000000,339.192201
31642,6782.489349,0.000000,54.000000,343.059394,0.000000,331.420613
31643,6782.489349,0.000000,54.000000,342.558002,0.000000,323.649025
31644,6782.489349,0.000000,54.000000,342.056609,0.000000,315.877437
31645,6782.489349,0.000000,54.000000,341.555216,0.000000,308.105850
31646,6782.489349,0.000000,54.000000,341.053823,0.000000,300.334262
31647,6782.489349,0.000000,54.000000,340.552431,0.000000,292.562674
31648,6782.489349,0.000000,54.000000,340.051038,0.000000,284.791086
31649,6782.489349,0.000000,54.000000,339.549645,0.000000,277.019499
31650,6782.489349,0.000000,54.000000,339.048252,0.000000,269.247911
31651,6782.489349,0.000000,54.000000,338.546860,0.000000,261.476323
31652,6782.489349,0.000000,54.000000,338.045467,0.000000,253.704735
31653,6782.489349,0.000000,54.000000,337.544074,0.000000,245.933148
31654,6782.489349,0.000000,54.000000,337.042681,0.000000,238.161560
31655,6782.489349,0.000000,54.000000,336.541289,0.000000,230.389972
31656,6782.489349,0.000000,54.000000,336.039896,0.000000,222.618384
31657,6782.489349,0.000000,54.000000,335.538503,0.000000,214.846797
31658,6782.489349,0.000000,54.000000,335.037110,0.000000,207.075209
31659,6782.489349,0.000000,54.000000,334.535717,0.000000,199.303621
31660,6782.489349,0.000000,54.000000,334.034325,0.000000,191.532033
31661,6782.489349,0.000000,54.000000,333.532932,0.000000,183.760446
31662,6782.489349,0.000000,54.000000,333.031539,0.000000,175.988858
31663,6782.489349,0.000000,54.000000,332.530146,0.000000,168.217270
31664,6782.489349,0.000000,54.000000,332.028754,0.000000,160.445682
31665,6782.489349,0.000000,54.000000,331.527361,0.000000,152.674095
31666,6782.489349,0.000000,54.000000,331.025968,0.000000,144.902507
31667,6782.489349,0.000000,54.000000,330.524575,0.000000,137.130919
31668,6782.489349,0.000000,54.000000,330.023183,0.000000,129.359331
31669,6782.489349,0.000000,54.000000,329.521790,0.000000,121.587744
31670,6782.489349,0.000000,54.000000,329.020397,0.000000,113.816156
31671,6782.489349,0.000000,54.000000,328.519004,0.000000,106.044568
31672,6782.489349,0.000000,54.000000,328.017612,0.000000,98.272981
31673,6782.489349,0.000000,54.000000,327.516219,0.000000,90.501393
31674,6782.489349,0.000000,54.000000,327.014826,0.000000,82.729805
31675,6782.489349,0.000000,54.000000,326.513433,0.000000,74.958217
31676,6782.489349,0.000000,54.000000,326.012041,0.000000,67.186630
31677,6782.489349,0.000000,54.000000,325.510648,0.000000,59.415042
31678,6782.489349,0.000000,54.000000,325.009255,0.000000,51.643454
31679,6782.489349,0.000000,54.000000,324.507862,0.000000,43.871866
31680,6782.489349,0.000000,54.000000,324.006470,0.000000,36.100279
31681,6782.489349,0.000000,54.000000,323.505077,0.000000,28.328691
31682,6782.489349,0.000000,54.000000,323.003684,0.000000,20.557103
31683,6782.489349,0.000000,54.000000,322.502291,0.000000,12.785515
31684,6782.489349,0.000000,54.000000,322.000899,0.000000,5.013928
31685,6782.489349,0.000000,54.000000,321.499506,0.000000,357.242340
31686,6782.489349,0.000000,54.000000,320.998113,0.000000,349.470752
31687,6782.489349,0.000000,54.000000,320.496720,0.000000,341.699164
31688,6782.489349,0.000000,54.000000,319.995328,0.000000,333.927577
31689,6782.489349,0.000000,54.000000,319.493935,0.000000,326.155989
31690,6782.489349,0.000000,54.000000,318.992542,0.000000,318.384401
31691,6782.489349,0.000000,54.000000,318.491149,0.000000,310.612813
31692,6782.489349,0.000000,54.000000,317.989756,0.000000,302.841226
31693,6782.489349,0.000000,54.000000,317.488364,0.000000,295.069638
31694,6782.489349,0.000000,54.000000,316.986971,0.000000,287.298050
31695,6782.489349,0.000000,54.000000,316.485578,0.000000,279.526462
31696,6782.489349,0.000000,54.000000,315.984185,0.000000,271.754875
31697,6782.489349,0.000000,54.000000,315.482793,0.000000,263.983287
31698,6782.489349,0.000000,54.000000,314.981400,0.000000,256.211699
31699,6782.489349,0.000000,54.000000,314.480007,0.000000,248.440111
31700,6782.489349,0.000000,54.000000,313.978614,0.000000,240.668524
31701,6782.489349,0.000000,54.000000,313.477222,0.000000,232.896936
31702,6782.489349,0.000000,54.000000,312.975829,0.000000,225.125348
31703,6782.489349,0.000000,54.000000,312.474436,0.000000,217.353760
31704,6782.489349,0.000000,54.000000,311.973043,0.000000,209.582173
31705,6782.489349,0.000000,54.000000,311.471651,0.000000,201.810585
31706,6782.489349,0.000000,54.000000,310.970258,0.000000,194.038997
31707,6782.489349,0.000000,54.000000,310.468865,0.000000,186.267409
31708,6782.489349,0.000000,54.000000,309.967472,0.000000,178.495822
31709,6782.489349,0.000000,54.000000,309.466080,0.000000,170.724234
31710,6782.489349,0.000000,54.000000,308.964687,0.000000,162.952646
31711,6782.489349,0.000000,54.000000,308.463294,0.000000,155.181058
31712,6782.489349,0.000000,54.000000,307.961901,0.000000,147.409471
31713,6782.489349,0.000000,54.000000,307.460509,0.000000,139.637883
31714,6782.489349,0.000000,54.000000,306.959116,0.000000,131.866295
31715,6782.489349,0.000000,54.000000,306.457723,0.000000,124.094708
31716,6782.489349,0.000000,54.000000,305.956330,0.000000,116.323120
31717,6782.489349,0.000000,54.000000,305.454938,0.000000,108.551532
31718,6782.489349,0.000000,54.000000,304.953545,0.000000,100.779944
31719,6782.489349,0.000000,54.000000,304.452152,0.000000,93.008357
31720,6782.489349,0.000000,54.000000,303.950759,0.000000,85.236769
31721,6782.489349,0.000000,54.000000,303.449367,0.000000,77.465181
31722,6782.489349,0.000000,54.000000,302.947974,0.000000,69.693593
31723,6782.489349,0.000000,54.000000,302.446581,0.000000,61.922006
31724,6782.489349,0.000000,54.000000,301.945188,0.000000,54.150418
31725,6782.489349,0.000000,54.000000,301.443795,0.000000,46.378830
31726,6782.489349,0.000000,54.000000,300.942403,0.000000,38.607242
31727,6782.489349,0.000000,54.000000,300.441010,0.000000,30.835655
31728,6782.489349,0.000000,54.000000,299.939617,0.000000,23.064067
31729,6782.489349,0.000000,54.000000,299.438224,0.000000,15.292479
31730,6782.489349,0.000000,54.000000,298.936832,0.000000,7.520891
31731,6782.489349,0.000000,54.000000,298.435439,0.000000,359.749304
31732,6782.489349,0.000000,54.000000,297.934046,0.000000,351.977716
31733,6782.489349,0.000000,54.000000,297.432653,0.000000,344.206128
31734,6782.489349,0.000000,54.000000,296.931261,0.000000,336.434540
31735,6782.489349,0.000000,54.000000,296.429868,0.000000,328.662953
31736,6782.489349,0.000000,54.000000,295.928475,0.000000,320.891365
31737,6782.489349,0.000000,54.000000,295.427082,0.000000,313.119777
31738,6782.489349,0.000000,54.000000,294.925690,0.000000,305.348189
31739,6782.489349,0.000000,54.000000,294.424297,0.000000,297.576602
31740,6782.489349,0.000000,54.000000,293.922904,0.000000,289.805014
31741,6782.489349,0.000000,54.000000,293.421511,0.000000,282.033426
31742,6782.489349,0.000000,54.000000,292.920119,0.000000,274.261838
31743,6782.489349,0.000000,54.000000,292.418726,0.000000,266.490251
31744,6782.489349,0.000000,54.000000,291.917333,0.000000,258.718663
31745,6782.489349,0.000000,54.000000,291.415940,0.000000,250.947075
31746,6782.489349,0.000000,54.000000,290.914548,0.000000,243.175487
31747,6782.489349,0.000000,54.000000,290.413155,0.000000,235.403900
31748,6782.489349,0.000000,54.000000,289.911762,0.000000,227.632312
31749,6782.489349,0.000000,54.000000,289.410369,0.000000,219.860724
31750,6782.489349,0.000000,54.000000,288.908977,0.000000,212.089136
31751,6782.489349,0.000000,54.000000,288.407584,0.000000,204.317549
31752,6782.489349,0.000000,54.000000,287.906191,0.000000,196.545961
31753,6782.489349,0.000000,54.000000,287.404798,0.000000,188.774373
31754,6782.489349,0.000000,54.000000,286.903406,0.000000,181.002786
31755,6782.489349,0.000000,54.000000,286.402013,0.000000,173.231198
31756,6782.489349,0.000000,54.000000,285.900620,0.000000,165.459610
31757,6782.489349,0.000000,54.000000,285.399227,0.000000,157.688022
31758,6782.489349,0.000000,54.000000,284.897834,0.000000,149.916435
31759,6782.489349,0.000000,54.000000,284.396442,0.000000,142.144847
31760,6782.489349,0.000000,54.000000,283.895049,0.000000,134.373259
31761,6782.489349,0.000000,54.000000,283.393656,0.000000,126.601671
31762,6782.489349,0.000000,54.000000,282.892263,0.000000,118.830084
31763,6782.489349,0.000000,54.000000,282.390871,0.000000,111.058496
31764,6782.489349,0.000000,54.000000,281.889478,0.000000,103.286908
31765,6782.489349,0.000000,54.000000,281.388085,0.000000,95.515320
31766,6782.489349,0.000000,54.000000,280.886692,0.000000,87.743733
31767,6782.489349,0.000000,54.000000,280.385300,0.000000,79.972145
31768,6782.489349,0.000000,54.000000,279.883907,0.000000,72.200557
31769,6782.489349,0.000000,54.000000,279.382514,0.000000,64.428969
31770,6782.489349,0.000000,54.000000,278.881121,0.000000,56.657382
31771,6782.489349,0.000000,54.000000,278.379729,0.000000,48.885794
31772,6782.489349,0.000000,54.000000,277.878336,0.000000,41.114206
31773,6782.489349,0.000000,54.000000,277.376943,0.000000,33.342618
31774,6782.489349,0.000000,54.000000,276.875550,0.000000,25.571031
31775,6782.489349,0.000000,54.000000,276.374158,0.000000,17.799443
31776,6782.489349,0.000000,54.000000,275.872765,0.000000,10.027855
31777,6782.489349,0.000000,54.000000,275.371372,0.000000,2.256267
31778,6782.489349,0.000000,54.000000,274.869979,0.000000,354.484680
31779,6782.489349,0.000000,54.000000,274.368587,0.000000,346.713092
31780,6782.489349,0.000000,54.000000,273.867194,0.000000,338.941504
31781,6782.489349,0.000000,54.000000,273.365801,0.000000,331.169916
31782,6782.489349,0.000000,54.000000,272.864408,0.000000,323.398329
31783,6782.489349,0.000000,54.000000,272.363016,0.000000,315.626741
31784,6782.489349,0.000000,54.000000,271.861623,0.000000,307.855153
31785,6782.489349,0.000000,54.000000,271.360230,0.000000,300.083565
31786,6782.489349,0.000000,54.000000,270.858837,0.000000,292.311978
31787,6782.489349,0.000000,54.000000,270.357445,0.000000,284.540390
31788,6782.489349,0.000000,54.000000,269.856052,0.000000,276.768802
31789,6782.489349,0.000000,54.000000,269.354659,0.000000,268.997214
31790,6782.489349,0.000000,54.000000,268.853266,0.000000,261.225627
31791,6782.489349,0.000000,54.000000,268.351873,0.000000,253.454039
31792,6782.489349,0.000000,54.000000,267.850481,0.000000,245.682451
31793,6782.489349,0.000000,54.000000,267.349088,0.000000,237.910864
31794,6782.489349,0.000000,54.000000,266.847695,0.000000,230.139276
31795,6782.489349,0.000000,54.000000,266.346302,0.000000,222.367688
31796,6782.489349,0.000000,54.000000,265.844910,0.000000,214.596100
31797,6782.489349,0.000000,54.000000,265.343517,0.000000,206.824513
31798,6782.489349,0.000000,54.000000,264.842124,0.000000,199.052925
31799,6782.489349,0.000000,54.000000,264.340731,0.000000,191.281337
31800,6782.489349,0.000000,54.000000,263.839339,0.000000,183.509749
31801,6782.489349,0.000000,54.000000,263.337946,0.000000,175.738162
31802,6782.489349,0.000000,54.000000,262.836553,0.000000,167.966574
31803,6782.489349,0.000000,54.000000,262.335160,0.000000,160.194986
31804,6782.489349,0.000000,54.000000,261.833768,0.000000,152.423398
31805,6782.489349,0.000000,54.000000,261.332375,0.000000,144.651811
31806,6782.489349,0.000000,54.000000,260.830982,0.000000,136.880223
31807,6782.489349,0.000000,54.000000,260.329589,0.000000,129.108635
31808,6782.489349,0.000000,54.000000,259.828197,0.000000,121.337047
31809,6782.489349,0.000000,54.000000,259.326804,0.000000,113.565460
31810,6782.489349,0.000000,54.000000,258.825411,0.000000,105.793872
31811,6782.489349,0.000000,54.000000,258.324018,0.000000,98.022284
31812,6782.489349,0.000000,54.000000,257.822626,0.000000,90.250696
31813,6782.489349,0.000000,54.000000,257.321233,0.000000,82.479109
31814,6782.489349,0.000000,54.000000,256.819840,0.000000,74.707521
31815,6782.489349,0.000000,54.000000,256.318447,0.000000,66.935933
31816,6782.489349,0.000000,54.000000,255.817055,0.000000,59.164345
31817,6782.489349,0.000000,54.000000,255.315662,0.000000,51.392758
31818,6782.489349,0.000000,54.000000,254.814269,0.000000,43.621170
31819,6782.489349,0.000000,54.000000,254.312876,0.000000,35.849582
31820,6782.489349,0.000000,54.000000,253.811484,0.000000,28.077994
31821,6782.489349,0.000000,54.000000,253.310091,0.000000,20.306407
31822,6782.489349,0.000000,54.000000,252.808698,0.000000,12.534819
31823,6782.489349,0.000000,54.000000,252.307305,0.000000,4.763231
31824,6782.489349,0.000000,54.000000,251.805912,0.000000,356.991643
31825,6782.489349,0.000000,54.000000,251.304520,0.000000,349.220056
31826,6782.489349,0.000000,54.000000,250.803127,0.000000,341.448468
31827,6782.489349,0.000000,54.000000,250.301734,0.000000,333.676880
31828,6782.489349,0.000000,54.000000,249.800341,0.000000,325.905292
31829,6782.489349,0.000000,54.000000,249.298949,0.000000,318.133705
31830,6782.489349,0.000000,54.000000,248.797556,0.000000,310.362117
31831,6782.489349,0.000000,54.000000,248.296163,0.000000,302.590529
31832,6782.489349,0.000000,54.000000,247.794770,0.000000,294.818942
31833,6782.489349,0.000000,54.000000,247.293378,0.000000,287.047354
31834,6782.489349,0.000000,54.000000,246.791985,0.000000,279.275766
31835,6782.489349,0.000000,54.000000,246.290592,0.000000,271.504178
31836,6782.489349,0.000000,54.000000,245.789199,0.000000,263.732591
31837,6782.489349,0.000000,54.000000,245.287807,0.000000,255.961003
31838,6782.489349,0.000000,54.000000,244.786414,0.000000,248.189415
31839,6782.489349,0.000000,54.000000,244.285021,0.000000,240.417827
31840,6782.489349,0.000000,54.000000,243.783628,0.000000,232.646240
31841,6782.489349,0.000000,54.000000,243.282236,0.000000,224.874652
31842,6782.489349,0.000000,54.000000,242.780843,0.000000,217.103064
31843,6782.489349,0.000000,54.000000,242.279450,0.000000,209.331476
31844,6782.489349,0.000000,54.000000,241.778057,0.000000,201.559889
31845,6782.489349,0.000000,54.000000,241.276665,0.000000,193.788301
31846,6782.489349,0.000000,54.000000,240.775272,0.000000,186.016713
31847,6782.489349,0.000000,54.000000,240.273879,0.000000,178.245125
31848,6782.489349,0.000000,54.000000,239.772486,0.000000,170.473538
31849,6782.489349,0.000000,54.000000,239.271094,0.000000,162.701950
31850,6782.489349,0.000000,54.000000,238.769701,0.000000,154.930362
31851,6782.489349,0.000000,54.000000,238.268308,0.000000,147.158774
31852,6782.489349,0.000000,54.000000,237.766915,0.000000,139.387187
31853,6782.489349,0.000000,54.000000,237.265523,0.000000,131.615599
31854,6782.489349,0.000000,54.000000,236.764130,0.000000,123.844011
31855,6782.489349,0.000000,54.000000,236.262737,0.000000,116.072423
31856,6782.489349,0.000000,54.000000,235.761344,0.000000,108.300836
31857,6782.489349,0.000000,54.000000,235.259951,0.000000,100.529248
31858,6782.489349,0.000000,54.000000,234.758559,0.000000,92.757660
31859,6782.489349,0.000000,54.000000,234.257166,0.000000,84.986072
31860,6782.489349,0.000000,54.000000,233.755773,0.000000,77.214485
31861,6782.489349,0.000000,54.000000,233.254380,0.000000,69.442897
31862,6782.489349,0.000000,54.000000,232.752988,0.000000,61.671309
31863,6782.489349,0.000000,54.000000,232.251595,0.000000,53.899721
31864,6782.489349,0.000000,54.000000,231.750202,0.000000,46.128134
31865,6782.489349,0.000000,54.000000,231.248809,0.000000,38.356546
31866,6782.489349,0.000000,54.000000,230.747417,0.000000,30.584958
31867,6782.489349,0.000000,54.000000,230.246024,0.000000,22.813370
31868,6782.489349,0.000000,54.000000,229.744631,0.000000,15.041783
31869,6782.489349,0.000000,54.000000,229.243238,0.000000,7.270195
31870,6782.489349,0.000000,54.000000,228.741846,0.000000,359.498607
31871,6782.489349,0.000000,54.000000,228.240453,0.000000,351.727019
31872,6782.489349,0.000000,54.000000,227.739060,0.000000,343.955432
31873,6782.489349,0.000000,54.000000,227.237667,0.000000,336.183844
31874,6782.489349,0.000000,54.000000,226.736275,0.000000,328.412256
31875,6782.489349,0.000000,54.000000,226.234882,0.000000,320.640669
31876,6782.489349,0.000000,54.000000,225.733489,0.000000,312.869081
31877,6782.489349,0.000000,54.000000,225.232096,0.000000,305.097493
31878,6782.489349,0.000000,54.000000,224.730704,0.000000,297.325905
31879,6782.489349,0.000000,54.000000,224.229311,0.000000,289.554318
31880,6782.489349,0.000000,54.000000,223.727918,0.000000,281.782730
31881,6782.489349,0.000000,54.000000,223.226525,0.000000,274.011142
31882,6782.489349,0.000000,54.000000,222.725133,0.000000,266.239554
31883,6782.489349,0.000000,54.000000,222.223740,0.000000,258.467967
31884,6782.489349,0.000000,54.000000,221.722347,0.000000,250.696379
31885,6782.489349,0.000000,54.000000,221.220954,0.000000,242.924791
31886,6782.489349,0.000000,54.000000,220.719562,0.000000,235.153203
31887,6782.489349,0.000000,54.000000,220.218169,0.000000,227.381616
31888,6782.489349,0.000000,54.000000,219.716776,0.000000,219.610028
31889,6782.489349,0.000000,54.000000,219.215383,0.000000,211.838440
31890,6782.489349,0.000000,54.000000,218.713990,0.000000,204.066852
31891,6782.489349,0.000000,54.000000,218.212598,0.000000,196.295265
31892,6782.489349,0.000000,54.000000,217.711205,0.000000,188.523677
31893,6782.489349,0.000000,54.000000,217.209812,0.000000,180.752089
31894,6782.489349,0.000000,54.000000,216.708419,0.000000,172.980501
31895,6782.489349,0.000000,54.000000,216.207027,0.000000,165.208914
31896,6782.489349,0.000000,54.000000,215.705634,0.000000,157.437326
31897,6782.489349,0.000000,54.000000,215.204241,0.000000,149.665738
31898,6782.489349,0.000000,54.000000,214.702848,0.000000,141.894150
31899,6782.489349,0.000000,54.000000,214.201456,0.000000,134.122563
31900,6782.489349,0.000000,54.000000,213.700063,0.000000,126.350975
31901,6782.489349,0.000000,54.000000,213.198670,0.000000,118.579387
31902,6782.489349,0.000000,54.000000,212.697277,0.000000,110.807799
31903,6782.489349,0.000000,54.000000,212.195885,0.000000,103.036212
31904,6782.489349,0.000000,54.000000,211.694492,0.000000,95.264624
31905,6782.489349,0.000000,54.000000,211.193099,0.000000,87.493036
31906,6782.489349,0.000000,54.000000,210.691706,0.000000,79.721448
31907,6782.489349,0.000000,54.000000,210.190314,0.000000,71.949861
31908,6782.489349,0.000000,54.000000,209.688921,0.000000,64.178273
31909,6782.489349,0.000000,54.000000,209.187528,0.000000,56.406685
31910,6782.489349,0.000000,54.000000,208.686135,0.000000,48.635097
31911,6782.489349,0.000000,54.000000,208.184743,0.000000,40.863510
31912,6782.489349,0.000000,54.000000,207.683350,0.000000,33.091922
31913,6782.489349,0.000000,54.000000,207.181957,0.000000,25.320334
31914,6782.489349,0.000000,54.000000,206.680564,0.000000,17.548747
31915,6782.489349,0.000000,54.000000,206.179172,0.000000,9.777159
31916,6782.489349,0.000000,54.000000,205.677779,0.000000,2.005571
31917,6782.489349,0.000000,54.000000,205.176386,0.000000,354.233983
31918,6782.489349,0.000000,54.000000,204.674993,0.000000,346.462396
31919,6782.489349,0.000000,54.000000,204.173601,0.000000,338.690808
31920,6782.489349,0.000000,54.000000,203.672208,0.000000,330.919220
31921,6782.489349,0.000000,54.000000,203.170815,0.000000,323.147632
31922,6782.489349,0.000000,54.000000,202.669422,0.000000,315.376045
31923,6782.489349,0.000000,54.000000,202.168029,0.000000,307.604457
31924,6782.489349,0.000000,54.000000,201.666637,0.000000,299.832869
31925,6782.489349,0.000000,54.000000,201.165244,0.000000,292.061281
31926,6782.489349,0.000000,54.000000,200.663851,0.000000,284.289694
31927,6782.489349,0.000000,54.000000,200.162458,0.000000,276.518106
31928,6782.489349,0.000000,54.000000,199.661066,0.000000,268.746518
31929,6782.489349,0.000000,54.000000,199.159673,0.000000,260.974930
31930,6782.489349,0.000000,54.000000,198.658280,0.000000,253.203343
31931,6782.489349,0.000000,54.000000,198.156887,0.000000,245.431755
31932,6782.489349,0.000000,54.000000,197.655495,0.000000,237.660167
31933,6782.489349,0.000000,54.000000,197.154102,0.000000,229.888579
31934,6782.489349,0.000000,54.000000,196.652709,0.000000,222.116992
31935,6782.489349,0.000000,54.000000,196.151316,0.000000,214.345404
31936,6782.489349,0.000000,54.000000,195.649924,0.000000,206.573816
31937,6782.489349,0.000000,54.000000,195.148531,0.000000,198.802228
31938,6782.489349,0.000000,54.000000,194.647138,0.000000,191.030641
31939,6782.489349,0.000000,54.000000,194.145745,0.000000,183.259053
31940,6782.489349,0.000000,54.000000,193.644353,0.000000,175.487465
31941,6782.489349,0.000000,54.000000,193.142960,0.000000,167.715877
31942,6782.489349,0.000000,54.000000,192.641567,0.000000,159.944290
31943,6782.489349,0.000000,54.000000,192.140174,0.000000,152.172702
31944,6782.489349,0.000000,54.000000,191.638782,0.000000,144.401114
31945,6782.489349,0.000000,54.000000,191.137389,0.000000,136.629526
31946,6782.489349,0.000000,54.000000,190.635996,0.000000,128.857939
31947,6782.489349,0.000000,54.000000,190.134603,0.000000,121.086351
31948,6782.489349,0.000000,54.000000,189.633211,0.000000,113.314763
31949,6782.489349,0.000000,54.000000,189.131818,0.000000,105.543175
31950,6782.489349,0.000000,54.000000,188.630425,0.000000,97.771588
31951,6782.489349,0.000000,54.000000,188.129032,0.000000,90.000000
31952,6782.489349,0.000000,54.000000,187.627640,0.000000,82.228412
31953,6782.489349,0.000000,54.000000,187.126247,0.000000,74.456825
31954,6782.489349,0.000000,54.000000,186.624854,0.000000,66.685237
31955,6782.489349,0.000000,54.000000,186.123461,0.000000,58.913649
31956,6782.489349,0.000000,54.000000,185.622068,0.000000,51.142061
31957,6782.489349,0.000000,54.000000,185.120676,0.000000,43.370474
31958,6782.489349,0.000000,54.000000,184.619283,0.000000,35.598886
31959,6782.489349,0.000000,54.000000,184.117890,0.000000,27.827298
31960,6782.489349,0.000000,54.000000,183.616497,0.000000,20.055710
31961,6782.489349,0.000000,54.000000,183.115105,0.000000,12.284123
31962,6782.489349,0.000000,54.000000,182.613712,0.000000,4.512535
31963,6782.489349,0.000000,54.000000,182.112319,0.000000,356.740947
31964,6782.489349,0.000000,54.000000,181.610926,0.000000,348.969359
31965,6782.489349,0.000000,54.000000,181.109534,0.000000,341.197772
31966,6782.489349,0.000000,54.000000,180.608141,0.000000,333.426184
31967,6782.489349,0.000000,54.000000,180.106748,0.000000,325.654596
31968,6782.489349,0.000000,54.000000,179.605355,0.000000,317.883008
31969,6782.489349,0.000000,54.000000,179.103963,0.000000,310.111421
31970,6782.489349,0.000000,54.000000,178.602570,0.000000,302.339833
31971,6782.489349,0.000000,54.000000,178.101177,0.000000,294.568245
31972,6782.489349,0.000000,54.000000,177.599784,0.000000,286.796657
31973,6782.489349,0.000000,54.000000,177.098392,0.000000,279.025070
31974,6782.489349,0.000000,54.000000,176.596999,0.000000,271.253482
31975,6782.489349,0.000000,54.000000,176.095606,0.000000,263.481894
31976,6782.489349,0.000000,54.000000,175.594213,0.000000,255.710306
31977,6782.489349,0.000000,54.000000,175.092821,0.000000,247.938719
31978,6782.489349,0.000000,54.000000,174.591428,0.000000,240.167131
31979,6782.489349,0.000000,54.000000,174.090035,0.000000,232.395543
31980,6782.489349,0.000000,54.000000,173.588642,0.000000,224.623955
31981,6782.489349,0.000000,54.000000,173.087250,0.000000,216.852368
31982,6782.489349,0.000000,54.000000,172.585857,0.000000,209.080780
31983,6782.489349,0.000000,54.000000,172.084464,0.000000,201.309192
31984,6782.489349,0.000000,54.000000,171.583071,0.000000,193.537604
31985,6782.489349,0.000000,54.000000,171.081678,0.000000,185.766017
31986,6782.489349,0.000000,54.000000,170.580286,0.000000,177.994429
31987,6782.489349,0.000000,54.000000,170.078893,0.000000,170.222841
31988,6782.489349,0.000000,54.000000,169.577500,0.000000,162.451253
31989,6782.489349,0.000000,54.000000,169.076107,0.000000,154.679666
31990,6782.489349,0.000000,54.000000,168.574715,0.000000,146.908078
31991,6782.489349,0.000000,54.000000,168.073322,0.000000,139.136490
31992,6782.489349,0.000000,54.000000,167.571929,0.000000,131.364903
31993,6782.489349,0.000000,54.000000,167.070536,0.000000,123.593315
31994,6782.489349,0.000000,54.000000,166.569144,0.000000,115.821727
31995,6782.489349,0.000000,54.000000,166.067751,0.000000,108.050139
31996,6782.489349,0.000000,54.000000,165.566358,0.000000,100.278552
31997,6782.489349,0.000000,54.000000,165.064965,0.000000,92.506964
31998,6782.489349,0.000000,54.000000,164.563573,0.000000,84.735376
31999,6782.489349,0.000000,54.000000,164.062180,0.000000,76.963788
32000,6782.489349,0.000000,54.000000,163.560787,0.000000,69.192201
32001,6782.489349,0.000000,54.000000,163.059394,0.000000,61.420613
32002,6782.489349,0.000000,54.000000,162.558002,0.000000,53.649025
32003,6782.489349,0.000000,54.000000,162.056609,0.000000,45.877437
32004,6782.489349,0.000000,54.000000,161.555216,0.000000,38.105850
32005,6782.489349,0.000000,54.000000,161.053823,0.000000,30.334262
32006,6782.489349,0.000000,54.000000,160.552431,0.000000,22.562674
32007,6782.489349,0.000000,54.000000,160.051038,0.000000,14.791086
32008,6782.489349,0.000000,54.000000,159.549645,0.000000,7.019499
32009,6782.489349,0.000000,54.000000,159.048252,0.000000,359.247911
32010,6782.489349,0.000000,54.000000,158.546860,0.000000,351.476323
32011,6782.489349,0.000000,54.000000,158.045467,0.000000,343.704735
32012,6782.489349,0.000000,54.000000,157.544074,0.000000,335.933148
32013,6782.489349,0.000000,54.000000,157.042681,0.000000,328.161560
32014,6782.489349,0.000000,54.000000,156.541289,0.000000,320.389972
32015,6782.489349,0.000000,54.000000,156.039896,0.000000,312.618384
32016,6782.489349,0.000000,54.000000,155.538503,0.000000,304.846797
32017,6782.489349,0.000000,54.000000,155.037110,0.000000,297.075209
32018,6782.489349,0.000000,54.000000,154.535717,0.000000,289.303621
32019,6782.489349,0.000000,54.000000,154.034325,0.000000,281.532033
32020,6782.489349,0.000000,54.000000,153.532932,0.000000,273.760446
32021,6782.489349,0.000000,54.000000,153.031539,0.000000,265.988858
32022,6782.489349,0.000000,54.000000,152.530146,0.000000,258.217270
32023,6782.489349,0.000000,54.000000,152.028754,0.000000,250.445682
32024,6782.489349,0.000000,54.000000,151.527361,0.000000,242.674095
32025,6782.489349,0.000000,54.000000,151.025968,0.000000,234.902507
32026,6782.489349,0.000000,54.000000,150.524575,0.000000,227.130919
32027,6782.489349,0.000000,54.000000,150.023183,0.000000,219.359331
32028,6782.489349,0.000000,54.000000,149.521790,0.000000,211.587744
32029,6782.489349,0.000000,54.000000,149.020397,0.000000,203.816156
32030,6782.489349,0.000000,54.000000,148.519004,0.000000,196.044568
32031,6782.489349,0.000000,54.000000,148.017612,0.000000,188.272981
32032,6782.489349,0.000000,54.000000,147.516219,0.000000,180.501393
32033,6782.489349,0.000000,54.000000,147.014826,0.000000,172.729805
32034,6782.489349,0.000000,54.000000,146.513433,0.000000,164.958217
32035,6782.489349,0.000000,54.000000,146.012041,0.000000,157.186630
32036,6782.489349,0.000000,54.000000,145.510648,0.000000,149.415042
32037,6782.489349,0.000000,54.000000,145.009255,0.000000,141.643454
32038,6782.489349,0.000000,54.000000,144.507862,0.000000,133.871866
32039,6782.489349,0.000000,54.000000,144.006470,0.000000,126.100279
32040,6782.489349,0.000000,54.000000,143.505077,0.000000,118.328691
32041,6782.489349,0.000000,54.000000,143.003684,0.000000,110.557103
32042,6782.489349,0.000000,54.000000,142.502291,0.000000,102.785515
32043,6782.489349,0.000000,54.000000,142.000899,0.000000,95.013928
32044,6782.489349,0.000000,54.000000,141.499506,0.000000,87.242340
32045,6782.489349,0.000000,54.000000,140.998113,0.000000,79.470752
32046,6782.489349,0.000000,54.000000,140.496720,0.000000,71.699164
32047,6782.489349,0.000000,54.000000,139.995328,0.000000,63.927577
32048,6782.489349,0.000000,54.000000,139.493935,0.000000,56.155989
32049,6782.489349,0.000000,54.000000,138.992542,0.000000,48.384401
32050,6782.489349,0.000000,54.000000,138.491149,0.000000,40.612813
32051,6782.489349,0.000000,54.000000,137.989756,0.000000,32.841226
32052,6782.489349,0.000000,54.000000,137.488364,0.000000,25.069638
32053,6782.489349,0.000000,54.000000,136.986971,0.000000,17.298050
32054,6782.489349,0.000000,54.000000,136.485578,0.000000,9.526462
32055,6782.489349,0.000000,54.000000,135.984185,0.000000,1.754875
32056,6782.489349,0.000000,54.000000,135.482793,0.000000,353.983287
32057,6782.489349,0.000000,54.000000,134.981400,0.000000,346.211699
32058,6782.489349,0.000000,54.000000,134.480007,0.000000,338.440111
32059,6782.489349,0.000000,54.000000,133.978614,0.000000,330.668524
32060,6782.489349,0.000000,54.000000,133.477222,0.000000,322.896936
32061,6782.489349,0.000000,54.000000,132.975829,0.000000,315.125348
32062,6782.489349,0.000000,54.000000,132.474436,0.000000,307.353760
32063,6782.489349,0.000000,54.000000,131.973043,0.000000,299.582173
32064,6782.489349,0.000000,54.000000,131.471651,0.000000,291.810585
32065,6782.489349,0.000000,54.000000,130.970258,0.000000,284.038997
32066,6782.489349,0.000000,54.000000,130.468865,0.000000,276.267409
32067,6782.489349,0.000000,54.000000,129.967472,0.000000,268.495822
32068,6782.489349,0.000000,54.000000,129.466080,0.000000,260.724234
32069,6782.489349,0.000000,54.000000,128.964687,0.000000,252.952646
32070,6782.489349,0.000000,54.000000,128.463294,0.000000,245.181058
32071,6782.489349,0.000000,54.000000,127.961901,0.000000,237.409471
32072,6782.489349,0.000000,54.000000,127.460509,0.000000,229.637883
32073,6782.489349,0.000000,54.000000,126.959116,0.000000,221.866295
32074,6782.489349,0.000000,54.000000,126.457723,0.000000,214.094708
32075,6782.489349,0.000000,54.000000,125.956330,0.000000,206.323120
32076,6782.489349,0.000000,54.000000,125.454938,0.000000,198.551532
32077,6782.489349,0.000000,54.000000,124.953545,0.000000,190.779944
32078,6782.489349,0.000000,54.000000,124.452152,0.000000,183.008357
32079,6782.489349,0.000000,54.000000,123.950759,0.000000,175.236769
32080,6782.489349,0.000000,54.000000,123.449367,0.000000,167.465181
32081,6782.489349,0.000000,54.000000,122.947974,0.000000,159.693593
32082,6782.489349,0.000000,54.000000,122.446581,0.000000,151.922006
32083,6782.489349,0.000000,54.000000,121.945188,0.000000,144.150418
32084,6782.489349,0.000000,54.000000,121.443795,0.000000,136.378830
32085,6782.489349,0.000000,54.000000,120.942403,0.000000,128.607242
32086,6782.489349,0.000000,54.000000,120.441010,0.000000,120.835655
32087,6782.489349,0.000000,54.000000,119.939617,0.000000,113.064067
32088,6782.489349,0.000000,54.000000,119.438224,0.000000,105.292479
32089,6782.489349,0.000000,54.000000,118.936832,0.000000,97.520891
32090,6782.489349,0.000000,54.000000,118.435439,0.000000,89.749304
32091,6782.489349,0.000000,54.000000,117.934046,0.000000,81.977716
32092,6782.489349,0.000000,54.000000,117.432653,0.000000,74.206128
32093,6782.489349,0.000000,54.000000,116.931261,0.000000,66.434540
32094,6782.489349,0.000000,54.000000,116.429868,0.000000,58.662953
32095,6782.489349,0.000000,54.000000,115.928475,0.000000,50.891365
32096,6782.489349,0.000000,54.000000,115.427082,0.000000,43.119777
32097,6782.489349,0.000000,54.000000,114.925690,0.000000,35.348189
32098,6782.489349,0.000000,54.000000,114.424297,0.000000,27.576602
32099,6782.489349,0.000000,54.000000,113.922904,0.000000,19.805014
32100,6782.489349,0.000000,54.000000,113.421511,0.000000,12.033426
32101,6782.489349,0.000000,54.000000,112.920119,0.000000,4.261838
32102,6782.489349,0.000000,54.000000,112.418726,0.000000,356.490251
32103,6782.489349,0.000000,54.000000,111.917333,0.000000,348.718663
32104,6782.489349,0.000000,54.000000,111.415940,0.000000,340.947075
32105,6782.489349,0.000000,54.000000,110.914548,0.000000,333.175487
32106,6782.489349,0.000000,54.000000,110.413155,0.000000,325.403900
32107,6782.489349,0.000000,54.000000,109.911762,0.000000,317.632312
32108,6782.489349,0.000000,54.000000,109.410369,0.000000,309.860724
32109,6782.489349,0.000000,54.000000,108.908977,0.000000,302.089136
32110,6782.489349,0.000000,54.000000,108.407584,0.000000,294.317549
32111,6782.489349,0.000000,54.000000,107.906191,0.000000,286.545961
32112,6782.489349,0.000000,54.000000,107.404798,0.000000,278.774373
32113,6782.489349,0.000000,54.000000,106.903406,0.000000,271.002786
32114,6782.489349,0.000000,54.000000,106.402013,0.000000,263.231198
32115,6782.489349,0.000000,54.000000,105.900620,0.000000,255.459610
32116,6782.489349,0.000000,54.000000,105.399227,0.000000,247.688022
32117,6782.489349,0.000000,54.000000,104.897834,0.000000,239.916435
32118,6782.489349,0.000000,54.000000,104.396442,0.000000,232.144847
32119,6782.489349,0.000000,54.000000,103.895049,0.000000,224.373259
32120,6782.489349,0.000000,54.000000,103.393656,0.000000,216.601671
32121,6782.489349,0.000000,54.000000,102.892263,0.000000,208.830084
32122,6782.489349,0.000000,54.000000,102.390871,0.000000,201.058496
32123,6782.489349,0.000000,54.000000,101.889478,0.000000,193.286908
32124,6782.489349,0.000000,54.000000,101.388085,0.000000,185.515320
32125,6782.489349,0.000000,54.000000,100.886692,0.000000,177.743733
32126,6782.489349,0.000000,54.000000,100.385300,0.000000,169.972145
32127,6782.489349,0.000000,54.000000,99.883907,0.000000,162.200557
32128,6782.489349,0.000000,54.000000,99.382514,0.000000,154.428969
32129,6782.489349,0.000000,54.000000,98.881121,0.000000,146.657382
32130,6782.489349,0.000000,54.000000,98.379729,0.000000,138.885794
32131,6782.489349,0.000000,54.000000,97.878336,0.000000,131.114206
32132,6782.489349,0.000000,54.000000,97.376943,0.000000,123.342618
32133,6782.489349,0.000000,54.000000,96.875550,0.000000,115.571031
32134,6782.489349,0.000000,54.000000,96.374158,0.000000,107.799443
32135,6782.489349,0.000000,54.000000,95.872765,0.000000,100.027855
32136,6782.489349,0.000000,54.000000,95.371372,0.000000,92.256267
32137,6782.489349,0.000000,54.000000,94.869979,0.000000,84.484680
32138,6782.489349,0.000000,54.000000,94.368587,0.000000,76.713092
32139,6782.489349,0.000000,54.000000,93.867194,0.000000,68.941504
32140,6782.489349,0.000000,54.000000,93.365801,0.000000,61.169916
32141,6782.489349,0.000000,54.000000,92.864408,0.000000,53.398329
32142,6782.489349,0.000000,54.000000,92.363016,0.000000,45.626741
32143,6782.489349,0.000000,54.000000,91.861623,0.000000,37.855153
32144,6782.489349,0.000000,54.000000,91.360230,0.000000,30.083565
32145,6782.489349,0.000000,54.000000,90.858837,0.000000,22.311978
32146,6782.489349,0.000000,54.000000,90.357445,0.000000,14.540390
32147,6782.489349,0.000000,54.000000,89.856052,0.000000,6.768802
32148,6782.489349,0.000000,54.000000,89.354659,0.000000,358.997214
32149,6782.489349,0.000000,54.000000,88.853266,0.000000,351.225627
32150,6782.489349,0.000000,54.000000,88.351873,0.000000,343.454039
32151,6782.489349,0.000000,54.000000,87.850481,0.000000,335.682451
32152,6782.489349,0.000000,54.000000,87.349088,0.000000,327.910864
32153,6782.489349,0.000000,54.000000,86.847695,0.000000,320.139276
32154,6782.489349,0.000000,54.000000,86.346302,0.000000,312.367688
32155,6782.489349,0.000000,54.000000,85.844910,0.000000,304.596100
32156,6782.489349,0.000000,54.000000,85.343517,0.000000,296.824513
32157,6782.489349,0.000000,54.000000,84.842124,0.000000,289.052925
32158,6782.489349,0.000000,54.000000,84.340731,0.000000,281.281337
32159,6782.489349,0.000000,54.000000,83.839339,0.000000,273.509749
32160,6782.489349,0.000000,54.000000,83.337946,0.000000,265.738162
32161,6782.489349,0.000000,54.000000,82.836553,0.000000,257.966574
32162,6782.489349,0.000000,54.000000,82.335160,0.000000,250.194986
32163,6782.489349,0.000000,54.000000,81.833768,0.000000,242.423398
32164,6782.489349,0.000000,54.000000,81.332375,0.000000,234.651811
32165,6782.489349,0.000000,54.000000,80.830982,0.000000,226.880223
32166,6782.489349,0.000000,54.000000,80.329589,0.000000,219.108635
32167,6782.489349,0.000000,54.000000,79.828197,0.000000,211.337047
32168,6782.489349,0.000000,54.000000,79.326804,0.000000,203.565460
32169,6782.489349,0.000000,54.000000,78.825411,0.000000,195.793872
32170,6782.489349,0.000000,54.000000,78.324018,0.000000,188.022284
32171,6782.489349,0.000000,54.000000,77.822626,0.000000,180.250696
32172,6782.489349,0.000000,54.000000,77.321233,0.000000,172.479109
32173,6782.489349,0.000000,54.000000,76.819840,0.000000,164.707521
32174,6782.489349,0.000000,54.000000,76.318447,0.000000,156.935933
32175,6782.489349,0.000000,54.000000,75.817055,0.000000,149.164345
32176,6782.489349,0.000000,54.000000,75.315662,0.000000,141.392758
32177,6782.489349,0.000000,54.000000,74.814269,0.000000,133.621170
32178,6782.489349,0.000000,54.000000,74.312876,0.000000,125.849582
32179,6782.489349,0.000000,54.000000,73.811484,0.000000,118.077994
32180,6782.489349,0.000000,54.000000,73.310091,0.000000,110.306407
32181,6782.489349,0.000000,54.000000,72.808698,0.000000,102.534819
32182,6782.489349,0.000000,54.000000,72.307305,0.000000,94.763231
32183,6782.489349,0.000000,54.000000,71.805912,0.000000,86.991643
32184,6782.489349,0.000000,54.000000,71.304520,0.000000,79.220056
32185,6782.489349,0.000000,54.000000,70.803127,0.000000,71.448468
32186,6782.489349,0.000000,54.000000,70.301734,0.000000,63.676880
32187,6782.489349,0.000000,54.000000,69.800341,0.000000,55.905292
32188,6782.489349,0.000000,54.000000,69.298949,0.000000,48.133705
32189,6782.489349,0.000000,54.000000,68.797556,0.000000,40.362117
32190,6782.489349,0.000000,54.000000,68.296163,0.000000,32.590529
32191,6782.489349,0.000000,54.000000,67.794770,0.000000,24.818942
32192,6782.489349,0.000000,54.000000,67.293378,0.000000,17.047354
32193,6782.489349,0.000000,54.000000,66.791985,0.000000,9.275766
32194,6782.489349,0.000000,54.000000,66.290592,0.000000,1.504178
32195,6782.489349,0.000000,54.000000,65.789199,0.000000,353.732591
32196,6782.489349,0.000000,54.000000,65.287807,0.000000,345.961003
32197,6782.489349,0.000000,54.000000,64.786414,0.000000,338.189415
32198,6782.489349,0.000000,54.000000,64.285021,0.000000,330.417827
32199,6782.489349,0.000000,54.000000,63.783628,0.000000,322.646240
32200,6782.489349,0.000000,54.000000,63.282236,0.000000,314.874652
32201,6782.489349,0.000000,54.000000,62.780843,0.000000,307.103064
32202,6782.489349,0.000000,54.000000,62.279450,0.000000,299.331476
32203,6782.489349,0.000000,54.000000,61.778057,0.000000,291.559889
32204,6782.489349,0.000000,54.000000,61.276665,0.000000,283.788301
32205,6782.489349,0.000000,54.000000,60.775272,0.000000,276.016713
32206,6782.489349,0.000000,54.000000,60.273879,0.000000,268.245125
32207,6782.489349,0.000000,54.000000,59.772486,0.000000,260.473538
32208,6782.489349,0.000000,54.000000,59.271094,0.000000,252.701950
32209,6782.489349,0.000000,54.000000,58.769701,0.000000,244.930362
32210,6782.489349,0.000000,54.000000,58.268308,0.000000,237.158774
32211,6782.489349,0.000000,54.000000,57.766915,0.000000,229.387187
32212,6782.489349,0.000000,54.000000,57.265523,0.000000,221.615599
32213,6782.489349,0.000000,54.000000,56.764130,0.000000,213.844011
32214,6782.489349,0.000000,54.000000,56.262737,0.000000,206.072423
32215,6782.489349,0.000000,54.000000,55.761344,0.000000,198.300836
32216,6782.489349,0.000000,54.000000,55.259951,0.000000,190.529248
32217,6782.489349,0.000000,54.000000,54.758559,0.000000,182.757660
32218,6782.489349,0.000000,54.000000,54.257166,0.000000,174.986072
32219,6782.489349,0.000000,54.000000,53.755773,0.000000,167.214485
32220,6782.489349,0.000000,54.000000,53.254380,0.000000,159.442897
32221,6782.489349,0.000000,54.000000,52.752988,0.000000,151.671309
32222,6782.489349,0.000000,54.000000,52.251595,0.000000,143.899721
32223,6782.489349,0.000000,54.000000,51.750202,0.000000,136.128134
32224,6782.489349,0.000000,54.000000,51.248809,0.000000,128.356546
32225,6782.489349,0.000000,54.000000,50.747417,0.000000,120.584958
32226,6782.489349,0.000000,54.000000,50.246024,0.000000,112.813370
32227,6782.489349,0.000000,54.000000,49.744631,0.000000,105.041783
32228,6782.489349,0.000000,54.000000,49.243238,0.000000,97.270195
32229,6782.489349,0.000000,54.000000,48.741846,0.000000,89.498607
32230,6782.489349,0.000000,54.000000,48.240453,0.000000,81.727019
32231,6782.489349,0.000000,54.000000,47.739060,0.000000,73.955432
32232,6782.489349,0.000000,54.000000,47.237667,0.000000,66.183844
32233,6782.489349,0.000000,54.000000,46.736275,0.000000,58.412256
32234,6782.489349,0.000000,54.000000,46.234882,0.000000,50.640669
32235,6782.489349,0.000000,54.000000,45.733489,0.000000,42.869081
32236,6782.489349,0.000000,54.000000,45.232096,0.000000,35.097493
32237,6782.489349,0.000000,54.000000,44.730704,0.000000,27.325905
32238,6782.489349,0.000000,54.000000,44.229311,0.000000,19.554318
32239,6782.489349,0.000000,54.000000,43.727918,0.000000,11.782730
32240,6782.489349,0.000000,54.000000,43.226525,0.000000,4.011142
32241,6782.489349,0.000000,54.000000,42.725133,0.000000,356.239554
32242,6782.489349,0.000000,54.000000,42.223740,0.000000,348.467967
32243,6782.489349,0.000000,54.000000,41.722347,0.000000,340.696379
32244,6782.489349,0.000000,54.000000,41.220954,0.000000,332.924791
32245,6782.489349,0.000000,54.000000,40.719562,0.000000,325.153203
32246,6782.489349,0.000000,54.000000,40.218169,0.000000,317.381616
32247,6782.489349,0.000000,54.000000,39.716776,0.000000,309.610028
32248,6782.489349,0.000000,54.000000,39.215383,0.000000,301.838440
32249,6782.489349,0.000000,54.000000,38.713990,0.000000,294.066852
32250,6782.489349,0.000000,54.000000,38.212598,0.000000,286.295265
32251,6782.489349,0.000000,54.000000,37.711205,0.000000,278.523677
32252,6782.489349,0.000000,54.000000,37.209812,0.000000,270.752089
32253,6782.489349,0.000000,54.000000,36.708419,0.000000,262.980501
32254,6782.489349,0.000000,54.000000,36.207027,0.000000,255.208914
32255,6782.489349,0.000000,54.000000,35.705634,0.000000,247.437326
32256,6782.489349,0.000000,54.000000,35.204241,0.000000,239.665738
32257,6782.489349,0.000000,54.000000,34.702848,0.000000,231.894150
32258,6782.489349,0.000000,54.000000,34.201456,0.000000,224.122563
32259,6782.489349,0.000000,54.000000,33.700063,0.000000,216.350975
32260,6782.489349,0.000000,54.000000,33.198670,0.000000,208.579387
32261,6782.489349,0.000000,54.000000,32.697277,0.000000,200.807799
32262,6782.489349,0.000000,54.000000,32.195885,0.000000,193.036212
32263,6782.489349,0.000000,54.000000,31.694492,0.000000,185.264624
32264,6782.489349,0.000000,54.000000,31.193099,0.000000,177.493036
32265,6782.489349,0.000000,54.000000,30.691706,0.000000,169.721448
32266,6782.489349,0.000000,54.000000,30.190314,0.000000,161.949861
32267,6782.489349,0.000000,54.000000,29.688921,0.000000,154.178273
32268,6782.489349,0.000000,54.000000,29.187528,0.000000,146.406685
32269,6782.489349,0.000000,54.000000,28.686135,0.000000,138.635097
32270,6782.489349,0.000000,54.000000,28.184743,0.000000,130.863510
32271,6782.489349,0.000000,54.000000,27.683350,0.000000,123.091922
32272,6782.489349,0.000000,54.000000,27.181957,0.000000,115.320334
32273,6782.489349,0.000000,54.000000,26.680564,0.000000,107.548747
32274,6782.489349,0.000000,54.000000,26.179172,0.000000,99.777159
32275,6782.489349,0.000000,54.000000,25.677779,0.000000,92.005571
32276,6782.489349,0.000000,54.000000,25.176386,0.000000,84.233983
32277,6782.489349,0.000000,54.000000,24.674993,0.000000,76.462396
32278,6782.489349,0.000000,54.000000,24.173601,0.000000,68.690808
32279,6782.489349,0.000000,54.000000,23.672208,0.000000,60.919220
32280,6782.489349,0.000000,54.000000,23.170815,0.000000,53.147632
32281,6782.489349,0.000000,54.000000,22.669422,0.000000,45.376045
32282,6782.489349,0.000000,54.000000,22.168029,0.000000,37.604457
32283,6782.489349,0.000000,54.000000,21.666637,0.000000,29.832869
32284,6782.489349,0.000000,54.000000,21.165244,0.000000,22.061281
32285,6782.489349,0.000000,54.000000,20.663851,0.000000,14.289694
32286,6782.489349,0.000000,54.000000,20.162458,0.000000,6.518106
32287,6782.489349,0.000000,54.000000,19.661066,0.000000,358.746518
32288,6782.489349,0.000000,54.000000,19.159673,0.000000,350.974930
32289,6782.489349,0.000000,54.000000,18.658280,0.000000,343.203343
32290,6782.489349,0.000000,54.000000,18.156887,0.000000,335.431755
32291,6782.489349,0.000000,54.000000,17.655495,0.000000,327.660167
32292,6782.489349,0.000000,54.000000,17.154102,0.000000,319.888579
32293,6782.489349,0.000000,54.000000,16.652709,0.000000,312.116992
32294,6782.489349,0.000000,54.000000,16.151316,0.000000,304.345404
32295,6782.489349,0.000000,54.000000,15.649924,0.000000,296.573816
32296,6782.489349,0.000000,54.000000,15.148531,0.000000,288.802228
32297,6782.489349,0.000000,54.000000,14.647138,0.000000,281.030641
32298,6782.489349,0.000000,54.000000,14.145745,0.000000,273.259053
32299,6782.489349,0.000000,54.000000,13.644353,0.000000,265.487465
32300,6782.489349,0.000000,54.000000,13.142960,0.000000,257.715877
32301,6782.489349,0.000000,54.000000,12.641567,0.000000,249.944290
32302,6782.489349,0.000000,54.000000,12.140174,0.000000,242.172702
32303,6782.489349,0.000000,54.000000,11.638782,0.000000,234.401114
32304,6782.489349,0.000000,54.000000,11.137389,0.000000,226.629526
32305,6782.489349,0.000000,54.000000,10.635996,0.000000,218.857939
32306,6782.489349,0.000000,54.000000,10.134603,0.000000,211.086351
32307,6782.489349,0.000000,54.000000,9.633211,0.000000,203.314763
32308,6782.489349,0.000000,54.000000,9.131818,0.000000,195.543175
32309,6782.489349,0.000000,54.000000,8.630425,0.000000,187.771588
32310,6782.489349,0.000000,54.000000,8.129032,0.000000,180.000000
32311,6782.489349,0.000000,54.000000,7.627640,0.000000,172.228412
32312,6782.489349,0.000000,54.000000,7.126247,0.000000,164.456825
32313,6782.489349,0.000000,54.000000,6.624854,0.000000,156.685237
32314,6782.489349,0.000000,54.000000,6.123461,0.000000,148.913649
32315,6782.489349,0.000000,54.000000,5.622068,0.000000,141.142061
32316,6782.489349,0.000000,54.000000,5.120676,0.000000,133.370474
32317,6782.489349,0.000000,54.000000,4.619283,0.000000,125.598886
32318,6782.489349,0.000000,54.000000,4.117890,0.000000,117.827298
32319,6782.489349,0.000000,54.000000,3.616497,0.000000,110.055710
32320,6782.489349,0.000000,54.000000,3.115105,0.000000,102.284123
32321,6782.489349,0.000000,54.000000,2.613712,0.000000,94.512535
32322,6782.489349,0.000000,54.000000,2.112319,0.000000,86.740947
32323,6782.489349,0.000000,54.000000,1.610926,0.000000,78.969359
32324,6782.489349,0.000000,54.000000,1.109534,0.000000,71.197772
32325,6782.489349,0.000000,54.000000,0.608141,0.000000,63.426184
32326,6782.489349,0.000000,54.000000,0.106748,0.000000,55.654596
32327,6782.489349,0.000000,54.000000,359.605355,0.000000,47.883008
32328,6782.489349,0.000000,54.000000,359.103963,0.000000,40.111421
32329,6782.489349,0.000000,54.000000,358.602570,0.000000,32.339833
32330,6782.489349,0.000000,54.000000,358.101177,0.000000,24.568245
32331,6782.489349,0.000000,54.000000,357.599784,0.000000,16.796657
32332,6782.489349,0.000000,54.000000,357.098392,0.000000,9.025070
32333,6782.489349,0.000000,54.000000,356.596999,0.000000,1.253482
32334,6782.489349,0.000000,54.000000,356.095606,0.000000,353.481894
32335,6782.489349,0.000000,54.000000,355.594213,0.000000,345.710306
32336,6782.489349,0.000000,54.000000,355.092821,0.000000,337.938719
32337,6782.489349,0.000000,54.000000,354.591428,0.000000,330.167131
32338,6782.489349,0.000000,54.000000,354.090035,0.000000,322.395543
32339,6782.489349,0.000000,54.000000,353.588642,0.000000,314.623955
32340,6782.489349,0.000000,54.000000,353.087250,0.000000,306.852368
32341,6782.489349,0.000000,54.000000,352.585857,0.000000,299.080780
32342,6782.489349,0.000000,54.000000,352.084464,0.000000,291.309192
32343,6782.489349,0.000000,54.000000,351.583071,0.000000,283.537604
32344,6782.489349,0.000000,54.000000,351.081678,0.000000,275.766017
32345,6782.489349,0.000000,54.000000,350.580286,0.000000,267.994429
32346,6782.489349,0.000000,54.000000,350.078893,0.000000,260.222841
32347,6782.489349,0.000000,54.000000,349.577500,0.000000,252.451253
32348,6782.489349,0.000000,54.000000,349.076107,0.000000,244.679666
32349,6782.489349,0.000000,54.000000,348.574715,0.000000,236.908078
32350,6782.489349,0.000000,54.000000,348.073322,0.000000,229.136490
32351,6782.489349,0.000000,54.000000,347.571929,0.000000,221.364903
32352,6782.489349,0.000000,54.000000,347.070536,0.000000,213.593315
32353,6782.489349,0.000000,54.000000,346.569144,0.000000,205.821727
32354,6782.489349,0.000000,54.000000,346.067751,0.000000,198.050139
32355,6782.489349,0.000000,54.000000,345.566358,0.000000,190.278552
32356,6782.489349,0.000000,54.000000,345.064965,0.000000,182.506964
32357,6782.489349,0.000000,54.000000,344.563573,0.000000,174.735376
32358,6782.489349,0.000000,54.000000,344.062180,0.000000,166.963788
32359,6782.489349,0.000000,54.000000,343.560787,0.000000,159.192201
32360,6782.489349,0.000000,54.000000,343.059394,0.000000,151.420613
32361,6782.489349,0.000000,54.000000,342.558002,0.000000,143.649025
32362,6782.489349,0.000000,54.000000,342.056609,0.000000,135.877437
32363,6782.489349,0.000000,54.000000,341.555216,0.000000,128.105850
32364,6782.489349,0.000000,54.000000,341.053823,0.000000,120.334262
32365,6782.489349,0.000000,54.000000,340.552431,0.000000,112.562674
32366,6782.489349,0.000000,54.000000,340.051038,0.000000,104.791086
32367,6782.489349,0.000000,54.000000,339.549645,0.000000,97.019499
32368,6782.489349,0.000000,54.000000,339.048252,0.000000,89.247911
32369,6782.489349,0.000000,54.000000,338.546860,0.000000,81.476323
32370,6782.489349,0.000000,54.000000,338.045467,0.000000,73.704735
32371,6782.489349,0.000000,54.000000,337.544074,0.000000,65.933148
32372,6782.489349,0.000000,54.000000,337.042681,0.000000,58.161560
32373,6782.489349,0.000000,54.000000,336.541289,0.000000,50.389972
32374,6782.489349,0.000000,54.000000,336.039896,0.000000,42.618384
32375,6782.489349,0.000000,54.000000,335.538503,0.000000,34.846797
32376,6782.489349,0.000000,54.000000,335.037110,0.000000,27.075209
32377,6782.489349,0.000000,54.000000,334.535717,0.000000,19.303621
32378,6782.489349,0.000000,54.000000,334.034325,0.000000,11.532033
32379,6782.489349,0.000000,54.000000,333.532932,0.000000,3.760446
32380,6782.489349,0.000000,54.000000,333.031539,0.000000,355.988858
32381,6782.489349,0.000000,54.000000,332.530146,0.000000,348.217270
32382,6782.489349,0.000000,54.000000,332.028754,0.000000,340.445682
32383,6782.489349,0.000000,54.000000,331.527361,0.000000,332.674095
32384,6782.489349,0.000000,54.000000,331.025968,0.000000,324.902507
32385,6782.489349,0.000000,54.000000,330.524575,0.000000,317.130919
32386,6782.489349,0.000000,54.000000,330.023183,0.000000,309.359331
32387,6782.489349,0.000000,54.000000,329.521790,0.000000,301.587744
32388,6782.489349,0.000000,54.000000,329.020397,0.000000,293.816156
32389,6782.489349,0.000000,54.000000,328.519004,0.000000,286.044568
32390,6782.489349,0.000000,54.000000,328.017612,0.000000,278.272981
32391,6782.489349,0.000000,54.000000,327.516219,0.000000,270.501393
32392,6782.489349,0.000000,54.000000,327.014826,0.000000,262.729805
32393,6782.489349,0.000000,54.000000,326.513433,0.000000,254.958217
32394,6782.489349,0.000000,54.000000,326.012041,0.000000,247.186630
32395,6782.489349,0.000000,54.000000,325.510648,0.000000,239.415042
32396,6782.489349,0.000000,54.000000,325.009255,0.000000,231.643454
32397,6782.489349,0.000000,54.000000,324.507862,0.000000,223.871866
32398,6782.489349,0.000000,54.000000,324.006470,0.000000,216.100279
32399,6782.489349,0.000000,54.000000,323.505077,0.000000,208.328691
32400,6782.489349,0.000000,54.000000,323.003684,0.000000,200.557103
32401,6782.489349,0.000000,54.000000,322.502291,0.000000,192.785515
32402,6782.489349,0.000000,54.000000,322.000899,0.000000,185.013928
32403,6782.489349,0.000000,54.000000,321.499506,0.000000,177.242340
32404,6782.489349,0.000000,54.000000,320.998113,0.000000,169.470752
32405,6782.489349,0.000000,54.000000,320.496720,0.000000,161.699164
32406,6782.489349,0.000000,54.000000,319.995328,0.000000,153.927577
32407,6782.489349,0.000000,54.000000,319.493935,0.000000,146.155989
32408,6782.489349,0.000000,54.000000,318.992542,0.000000,138.384401
32409,6782.489349,0.000000,54.000000,318.491149,0.000000,130.612813
32410,6782.489349,0.000000,54.000000,317.989756,0.000000,122.841226
32411,6782.489349,0.000000,54.000000,317.488364,0.000000,115.069638
32412,6782.489349,0.000000,54.000000,316.986971,0.000000,107.298050
32413,6782.489349,0.000000,54.000000,316.485578,0.000000,99.526462
32414,6782.489349,0.000000,54.000000,315.984185,0.000000,91.754875
32415,6782.489349,0.000000,54.000000,315.482793,0.000000,83.983287
32416,6782.489349,0.000000,54.000000,314.981400,0.000000,76.211699
32417,6782.489349,0.000000,54.000000,314.480007,0.000000,68.440111
32418,6782.489349,0.000000,54.000000,313.978614,0.000000,60.668524
32419,6782.489349,0.000000,54.000000,313.477222,0.000000,52.896936
32420,6782.489349,0.000000,54.000000,312.975829,0.000000,45.125348
32421,6782.489349,0.000000,54.000000,312.474436,0.000000,37.353760
32422,6782.489349,0.000000,54.000000,311.973043,0.000000,29.582173
32423,6782.489349,0.000000,54.000000,311.471651,0.000000,21.810585
32424,6782.489349,0.000000,54.000000,310.970258,0.000000,14.038997
32425,6782.489349,0.000000,54.000000,310.468865,0.000000,6.267409
32426,6782.489349,0.000000,54.000000,309.967472,0.000000,358.495822
32427,6782.489349,0.000000,54.000000,309.466080,0.000000,350.724234
32428,6782.489349,0.000000,54.000000,308.964687,0.000000,342.952646
32429,6782.489349,0.000000,54.000000,308.463294,0.000000,335.181058
32430,6782.489349,0.000000,54.000000,307.961901,0.000000,327.409471
32431,6782.489349,0.000000,54.000000,307.460509,0.000000,319.637883
32432,6782.489349,0.000000,54.000000,306.959116,0.000000,311.866295
32433,6782.489349,0.000000,54.000000,306.457723,0.000000,304.094708
32434,6782.489349,0.000000,54.000000,305.956330,0.000000,296.323120
32435,6782.489349,0.000000,54.000000,305.454938,0.000000,288.551532
32436,6782.489349,0.000000,54.000000,304.953545,0.000000,280.779944
32437,6782.489349,0.000000,54.000000,304.452152,0.000000,273.008357
32438,6782.489349,0.000000,54.000000,303.950759,0.000000,265.236769
32439,6782.489349,0.000000,54.000000,303.449367,0.000000,257.465181
32440,6782.489349,0.000000,54.000000,302.947974,0.000000,249.693593
32441,6782.489349,0.000000,54.000000,302.446581,0.000000,241.922006
32442,6782.489349,0.000000,54.000000,301.945188,0.000000,234.150418
32443,6782.489349,0.000000,54.000000,301.443795,0.000000,226.378830
32444,6782.489349,0.000000,54.000000,300.942403,0.000000,218.607242
32445,6782.489349,0.000000,54.000000,300.441010,0.000000,210.835655
32446,6782.489349,0.000000,54.000000,299.939617,0.000000,203.064067
32447,6782.489349,0.000000,54.000000,299.438224,0.000000,195.292479
32448,6782.489349,0.000000,54.000000,298.936832,0.000000,187.520891
32449,6782.489349,0.000000,54.000000,298.435439,0.000000,179.749304
32450,6782.489349,0.000000,54.000000,297.934046,0.000000,171.977716
32451,6782.489349,0.000000,54.000000,297.432653,0.000000,164.206128
32452,6782.489349,0.000000,54.000000,296.931261,0.000000,156.434540
32453,6782.489349,0.000000,54.000000,296.429868,0.000000,148.662953
32454,6782.489349,0.000000,54.000000,295.928475,0.000000,140.891365
32455,6782.489349,0.000000,54.000000,295.427082,0.000000,133.119777
32456,6782.489349,0.000000,54.000000,294.925690,0.000000,125.348189
32457,6782.489349,0.000000,54.000000,294.424297,0.000000,117.576602
32458,6782.489349,0.000000,54.000000,293.922904,0.000000,109.805014
32459,6782.489349,0.000000,54.000000,293.421511,0.000000,102.033426
32460,6782.489349,0.000000,54.000000,292.920119,0.000000,94.261838
32461,6782.489349,0.000000,54.000000,292.418726,0.000000,86.490251
32462,6782.489349,0.000000,54.000000,291.917333,0.000000,78.718663
32463,6782.489349,0.000000,54.000000,291.415940,0.000000,70.947075
32464,6782.489349,0.000000,54.000000,290.914548,0.000000,63.175487
32465,6782.489349,0.000000,54.000000,290.413155,0.000000,55.403900
32466,6782.489349,0.000000,54.000000,289.911762,0.000000,47.632312
32467,6782.489349,0.000000,54.000000,289.410369,0.000000,39.860724
32468,6782.489349,0.000000,54.000000,288.908977,0.000000,32.089136
32469,6782.489349,0.000000,54.000000,288.407584,0.000000,24.317549
32470,6782.489349,0.000000,54.000000,287.906191,0.000000,16.545961
32471,6782.489349,0.000000,54.000000,287.404798,0.000000,8.774373
32472,6782.489349,0.000000,54.000000,286.903406,0.000000,1.002786
32473,6782.489349,0.000000,54.000000,286.402013,0.000000,353.231198
32474,6782.489349,0.000000,54.000000,285.900620,0.000000,345.459610
32475,6782.489349,0.000000,54.000000,285.399227,0.000000,337.688022
32476,6782.489349,0.000000,54.000000,284.897834,0.000000,329.916435
32477,6782.489349,0.000000,54.000000,284.396442,0.000000,322.144847
32478,6782.489349,0.000000,54.000000,283.895049,0.000000,314.373259
32479,6782.489349,0.000000,54.000000,283.393656,0.000000,306.601671
32480,6782.489349,0.000000,54.000000,282.892263,0.000000,298.830084
32481,6782.489349,0.000000,54.000000,282.390871,0.000000,291.058496
32482,6782.489349,0.000000,54.000000,281.889478,0.000000,283.286908
32483,6782.489349,0.000000,54.000000,281.388085,0.000000,275.515320
32484,6782.489349,0.000000,54.000000,280.886692,0.000000,267.743733
32485,6782.489349,0.000000,54.000000,280.385300,0.000000,259.972145
32486,6782.489349,0.000000,54.000000,279.883907,0.000000,252.200557
32487,6782.489349,0.000000,54.000000,279.382514,0.000000,244.428969
32488,6782.489349,0.000000,54.000000,278.881121,0.000000,236.657382
32489,6782.489349,0.000000,54.000000,278.379729,0.000000,228.885794
32490,6782.489349,0.000000,54.000000,277.878336,0.000000,221.114206
32491,6782.489349,0.000000,54.000000,277.376943,0.000000,213.342618
32492,6782.489349,0.000000,54.000000,276.875550,0.000000,205.571031
32493,6782.489349,0.000000,54.000000,276.374158,0.000000,197.799443
32494,6782.489349,0.000000,54.000000,275.872765,0.000000,190.027855
32495,6782.489349,0.000000,54.000000,275.371372,0.000000,182.256267
32496,6782.489349,0.000000,54.000000,274.869979,0.000000,174.484680
32497,6782.489349,0.000000,54.000000,274.368587,0.000000,166.713092
32498,6782.489349,0.000000,54.000000,273.867194,0.000000,158.941504
32499,6782.489349,0.000000,54.000000,273.365801,0.000000,151.169916
32500,6782.489349,0.000000,54.000000,272.864408,0.000000,143.398329
32501,6782.489349,0.000000,54.000000,272.363016,0.000000,135.626741
32502,6782.489349,0.000000,54.000000,271.861623,0.000000,127.855153
32503,6782.489349,0.000000,54.000000,271.360230,0.000000,120.083565
32504,6782.489349,0.000000,54.000000,270.858837,0.000000,112.311978
32505,6782.489349,0.000000,54.000000,270.357445,0.000000,104.540390
32506,6782.489349,0.000000,54.000000,269.856052,0.000000,96.768802
32507,6782.489349,0.000000,54.000000,269.354659,0.000000,88.997214
32508,6782.489349,0.000000,54.000000,268.853266,0.000000,81.225627
32509,6782.489349,0.000000,54.000000,268.351873,0.000000,73.454039
32510,6782.489349,0.000000,54.000000,267.850481,0.000000,65.682451
32511,6782.489349,0.000000,54.000000,267.349088,0.000000,57.910864
32512,6782.489349,0.000000,54.000000,266.847695,0.000000,50.139276
32513,6782.489349,0.000000,54.000000,266.346302,0.000000,42.367688
32514,6782.489349,0.000000,54.000000,265.844910,0.000000,34.596100
32515,6782.489349,0.000000,54.000000,265.343517,0.000000,26.824513
32516,6782.489349,0.000000,54.000000,264.842124,0.000000,19.052925
32517,6782.489349,0.000000,54.000000,264.340731,0.000000,11.281337
32518,6782.489349,0.000000,54.000000,263.839339,0.000000,3.509749
32519,6782.489349,0.000000,54.000000,263.337946,0.000000,355.738162
32520,6782.489349,0.000000,54.000000,262.836553,0.000000,347.966574
32521,6782.489349,0.000000,54.000000,262.335160,0.000000,340.194986
32522,6782.489349,0.000000,54.000000,261.833768,0.000000,332.423398
32523,6782.489349,0.000000,54.000000,261.332375,0.000000,324.651811
32524,6782.489349,0.000000,54.000000,260.830982,0.000000,316.880223
32525,6782.489349,0.000000,54.000000,260.329589,0.000000,309.108635
32526,6782.489349,0.000000,54.000000,259.828197,0.000000,301.337047
32527,6782.489349,0.000000,54.000000,259.326804,0.000000,293.565460
32528,6782.489349,0.000000,54.000000,258.825411,0.000000,285.793872
32529,6782.489349,0.000000,54.000000,258.324018,0.000000,278.022284
32530,6782.489349,0.000000,54.000000,257.822626,0.000000,270.250696
32531,6782.489349,0.000000,54.000000,257.321233,0.000000,262.479109
32532,6782.489349,0.000000,54.000000,256.819840,0.000000,254.707521
32533,6782.489349,0.000000,54.000000,256.318447,0.000000,246.935933
32534,6782.489349,0.000000,54.000000,255.817055,0.000000,239.164345
32535,6782.489349,0.000000,54.000000,255.315662,0.000000,231.392758
32536,6782.489349,0.000000,54.000000,254.814269,0.000000,223.621170
32537,6782.489349,0.000000,54.000000,254.312876,0.000000,215.849582
32538,6782.489349,0.000000,54.000000,253.811484,0.000000,208.077994
32539,6782.489349,0.000000,54.000000,253.310091,0.000000,200.306407
32540,6782.489349,0.000000,54.000000,252.808698,0.000000,192.534819
32541,6782.489349,0.000000,54.000000,252.307305,0.000000,184.763231
32542,6782.489349,0.000000,54.000000,251.805912,0.000000,176.991643
32543,6782.489349,0.000000,54.000000,251.304520,0.000000,169.220056
32544,6782.489349,0.000000,54.000000,250.803127,0.000000,161.448468
32545,6782.489349,0.000000,54.000000,250.301734,0.000000,153.676880
32546,6782.489349,0.000000,54.000000,249.800341,0.000000,145.905292
32547,6782.489349,0.000000,54.000000,249.298949,0.000000,138.133705
32548,6782.489349,0.000000,54.000000,248.797556,0.000000,130.362117
32549,6782.489349,0.000000,54.000000,248.296163,0.000000,122.590529
32550,6782.489349,0.000000,54.000000,247.794770,0.000000,114.818942
32551,6782.489349,0.000000,54.000000,247.293378,0.000000,107.047354
32552,6782.489349,0.000000,54.000000,246.791985,0.000000,99.275766
32553,6782.489349,0.000000,54.000000,246.290592,0.000000,91.504178
32554,6782.489349,0.000000,54.000000,245.789199,0.000000,83.732591
32555,6782.489349,0.000000,54.000000,245.287807,0.000000,75.961003
32556,6782.489349,0.000000,54.000000,244.786414,0.000000,68.189415
32557,6782.489349,0.000000,54.000000,244.285021,0.000000,60.417827
32558,6782.489349,0.000000,54.000000,243.783628,0.000000,52.646240
32559,6782.489349,0.000000,54.000000,243.282236,0.000000,44.874652
32560,6782.489349,0.000000,54.000000,242.780843,0.000000,37.103064
32561,6782.489349,0.000000,54.000000,242.279450,0.000000,29.331476
32562,6782.489349,0.000000,54.000000,241.778057,0.000000,21.559889
32563,6782.489349,0.000000,54.000000,241.276665,0.000000,13.788301
32564,6782.489349,0.000000,54.000000,240.775272,0.000000,6.016713
32565,6782.489349,0.000000,54.000000,240.273879,0.000000,358.245125
32566,6782.489349,0.000000,54.000000,239.772486,0.000000,350.473538
32567,6782.489349,0.000000,54.000000,239.271094,0.000000,342.701950
32568,6782.489349,0.000000,54.000000,238.769701,0.000000,334.930362
32569,6782.489349,0.000000,54.000000,238.268308,0.000000,327.158774
32570,6782.489349,0.000000,54.000000,237.766915,0.000000,319.387187
32571,6782.489349,0.000000,54.000000,237.265523,0.000000,311.615599
32572,6782.489349,0.000000,54.000000,236.764130,0.000000,303.844011
32573,6782.489349,0.000000,54.000000,236.262737,0.000000,296.072423
32574,6782.489349,0.000000,54.000000,235.761344,0.000000,288.300836
32575,6782.489349,0.000000,54.000000,235.259951,0.000000,280.529248
32576,6782.489349,0.000000,54.000000,234.758559,0.000000,272.757660
32577,6782.489349,0.000000,54.000000,234.257166,0.000000,264.986072
32578,6782.489349,0.000000,54.000000,233.755773,0.000000,257.214485
32579,6782.489349,0.000000,54.000000,233.254380,0.000000,249.442897
32580,6782.489349,0.000000,54.000000,232.752988,0.000000,241.671309
32581,6782.489349,0.000000,54.000000,232.251595,0.000000,233.899721
32582,6782.489349,0.000000,54.000000,231.750202,0.000000,226.128134
32583,6782.489349,0.000000,54.000000,231.248809,0.000000,218.356546
32584,6782.489349,0.000000,54.000000,230.747417,0.000000,210.584958
32585,6782.489349,0.000000,54.000000,230.246024,0.000000,202.813370
32586,6782.489349,0.000000,54.000000,229.744631,0.000000,195.041783
32587,6782.489349,0.000000,54.000000,229.243238,0.000000,187.270195
32588,6782.489349,0.000000,54.000000,228.741846,0.000000,179.498607
32589,6782.489349,0.000000,54.000000,228.240453,0.000000,171.727019
32590,6782.489349,0.000000,54.000000,227.739060,0.000000,163.955432
32591,6782.489349,0.000000,54.000000,227.237667,0.000000,156.183844
32592,6782.489349,0.000000,54.000000,226.736275,0.000000,148.412256
32593,6782.489349,0.000000,54.000000,226.234882,0.000000,140.640669
32594,6782.489349,0.000000,54.000000,225.733489,0.000000,132.869081
32595,6782.489349,0.000000,54.000000,225.232096,0.000000,125.097493
32596,6782.489349,0.000000,54.000000,224.730704,0.000000,117.325905
32597,6782.489349,0.000000,54.000000,224.229311,0.000000,109.554318
32598,6782.489349,0.000000,54.000000,223.727918,0.000000,101.782730
32599,6782.489349,0.000000,54.000000,223.226525,0.000000,94.011142
32600,6782.489349,0.000000,54.000000,222.725133,0.000000,86.239554
32601,6782.489349,0.000000,54.000000,222.223740,0.000000,78.467967
32602,6782.489349,0.000000,54.000000,221.722347,0.000000,70.696379
32603,6782.489349,0.000000,54.000000,221.220954,0.000000,62.924791
32604,6782.489349,0.000000,54.000000,220.719562,0.000000,55.153203
32605,6782.489349,0.000000,54.000000,220.218169,0.000000,47.381616
32606,6782.489349,0.000000,54.000000,219.716776,0.000000,39.610028
32607,6782.489349,0.000000,54.000000,219.215383,0.000000,31.838440
32608,6782.489349,0.000000,54.000000,218.713990,0.000000,24.066852
32609,6782.489349,0.000000,54.000000,218.212598,0.000000,16.295265
32610,6782.489349,0.000000,54.000000,217.711205,0.000000,8.523677
32611,6782.489349,0.000000,54.000000,217.209812,0.000000,0.752089
32612,6782.489349,0.000000,54.000000,216.708419,0.000000,352.980501
32613,6782.489349,0.000000,54.000000,216.207027,0.000000,345.208914
32614,6782.489349,0.000000,54.000000,215.705634,0.000000,337.437326
32615,6782.489349,0.000000,54.000000,215.204241,0.000000,329.665738
32616,6782.489349,0.000000,54.000000,214.702848,0.000000,321.894150
32617,6782.489349,0.000000,54.000000,214.201456,0.000000,314.122563
32618,6782.489349,0.000000,54.000000,213.700063,0.000000,306.350975
32619,6782.489349,0.000000,54.000000,213.198670,0.000000,298.579387
32620,6782.489349,0.000000,54.000000,212.697277,0.000000,290.807799
32621,6782.489349,0.000000,54.000000,212.195885,0.000000,283.036212
32622,6782.489349,0.000000,54.000000,211.694492,0.000000,275.264624
32623,6782.489349,0.000000,54.000000,211.193099,0.000000,267.493036
32624,6782.489349,0.000000,54.000000,210.691706,0.000000,259.721448
32625,6782.489349,0.000000,54.000000,210.190314,0.000000,251.949861
32626,6782.489349,0.000000,54.000000,209.688921,0.000000,244.178273
32627,6782.489349,0.000000,54.000000,209.187528,0.000000,236.406685
32628,6782.489349,0.000000,54.000000,208.686135,0.000000,228.635097
32629,6782.489349,0.000000,54.000000,208.184743,0.000000,220.863510
32630,6782.489349,0.000000,54.000000,207.683350,0.000000,213.091922
32631,6782.489349,0.000000,54.000000,207.181957,0.000000,205.320334
32632,6782.489349,0.000000,54.000000,206.680564,0.000000,197.548747
32633,6782.489349,0.000000,54.000000,206.179172,0.000000,189.777159
32634,6782.489349,0.000000,54.000000,205.677779,0.000000,182.005571
32635,6782.489349,0.000000,54.000000,205.176386,0.000000,174.233983
32636,6782.489349,0.000000,54.000000,204.674993,0.000000,166.462396
32637,6782.489349,0.000000,54.000000,204.173601,0.000000,158.690808
32638,6782.489349,0.000000,54.000000,203.672208,0.000000,150.919220
32639,6782.489349,0.000000,54.000000,203.170815,0.000000,143.147632
32640,6782.489349,0.000000,54.000000,202.669422,0.000000,135.376045
32641,6782.489349,0.000000,54.000000,202.168029,0.000000,127.604457
32642,6782.489349,0.000000,54.000000,201.666637,0.000000,119.832869
32643,6782.489349,0.000000,54.000000,201.165244,0.000000,112.061281
32644,6782.489349,0.000000,54.000000,200.663851,0.000000,104.289694
32645,6782.489349,0.000000,54.000000,200.162458,0.000000,96.518106
32646,6782.489349,0.000000,54.000000,199.661066,0.000000,88.746518
32647,6782.489349,0.000000,54.000000,199.159673,0.000000,80.974930
32648,6782.489349,0.000000,54.000000,198.658280,0.000000,73.203343
32649,6782.489349,0.000000,54.000000,198.156887,0.000000,65.431755
32650,6782.489349,0.000000,54.000000,197.655495,0.000000,57.660167
32651,6782.489349,0.000000,54.000000,197.154102,0.000000,49.888579
32652,6782.489349,0.000000,54.000000,196.652709,0.000000,42.116992
32653,6782.489349,0.000000,54.000000,196.151316,0.000000,34.345404
32654,6782.489349,0.000000,54.000000,195.649924,0.000000,26.573816
32655,6782.489349,0.000000,54.000000,195.148531,0.000000,18.802228
32656,6782.489349,0.000000,54.000000,194.647138,0.000000,11.030641
32657,6782.489349,0.000000,54.000000,194.145745,0.000000,3.259053
32658,6782.489349,0.000000,54.000000,193.644353,0.000000,355.487465
32659,6782.489349,0.000000,54.000000,193.142960,0.000000,347.715877
32660,6782.489349,0.000000,54.000000,192.641567,0.000000,339.944290
32661,6782.489349,0.000000,54.000000,192.140174,0.000000,332.172702
32662,6782.489349,0.000000,54.000000,191.638782,0.000000,324.401114
32663,6782.489349,0.000000,54.000000,191.137389,0.000000,316.629526
32664,6782.489349,0.000000,54.000000,190.635996,0.000000,308.857939
32665,6782.489349,0.000000,54.000000,190.134603,0.000000,301.086351
32666,6782.489349,0.000000,54.000000,189.633211,0.000000,293.314763
32667,6782.489349,0.000000,54.000000,189.131818,0.000000,285.543175
32668,6782.489349,0.000000,54.000000,188.630425,0.000000,277.771588
32669,6782.489349,0.000000,54.000000,188.129032,0.000000,270.000000
32670,6782.489349,0.000000,54.000000,187.627640,0.000000,262.228412
32671,6782.489349,0.000000,54.000000,187.126247,0.000000,254.456825
32672,6782.489349,0.000000,54.000000,186.624854,0.000000,246.685237
32673,6782.489349,0.000000,54.000000,186.123461,0.000000,238.913649
32674,6782.489349,0.000000,54.000000,185.622068,0.000000,231.142061
32675,6782.489349,0.000000,54.000000,185.120676,0.000000,223.370474
32676,6782.489349,0.000000,54.000000,184.619283,0.000000,215.598886
32677,6782.489349,0.000000,54.000000,184.117890,0.000000,207.827298
32678,6782.489349,0.000000,54.000000,183.616497,0.000000,200.055710
32679,6782.489349,0.000000,54.000000,183.115105,0.000000,192.284123
32680,6782.489349,0.000000,54.000000,182.613712,0.000000,184.512535
32681,6782.489349,0.000000,54.000000,182.112319,0.000000,176.740947
32682,6782.489349,0.000000,54.000000,181.610926,0.000000,168.969359
32683,6782.489349,0.000000,54.000000,181.109534,0.000000,161.197772
32684,6782.489349,0.000000,54.000000,180.608141,0.000000,153.426184
32685,6782.489349,0.000000,54.000000,180.106748,0.000000,145.654596
32686,6782.489349,0.000000,54.000000,179.605355,0.000000,137.883008
32687,6782.489349,0.000000,54.000000,179.103963,0.000000,130.111421
32688,6782.489349,0.000000,54.000000,178.602570,0.000000,122.339833
32689,6782.489349,0.000000,54.000000,178.101177,0.000000,114.568245
32690,6782.489349,0.000000,54.000000,177.599784,0.000000,106.796657
32691,6782.489349,0.000000,54.000000,177.098392,0.000000,99.025070
32692,6782.489349,0.000000,54.000000,176.596999,0.000000,91.253482
32693,6782.489349,0.000000,54.000000,176.095606,0.000000,83.481894
32694,6782.489349,0.000000,54.000000,175.594213,0.000000,75.710306
32695,6782.489349,0.000000,54.000000,175.092821,0.000000,67.938719
32696,6782.489349,0.000000,54.000000,174.591428,0.000000,60.167131
32697,6782.489349,0.000000,54.000000,174.090035,0.000000,52.395543
32698,6782.489349,0.000000,54.000000,173.588642,0.000000,44.623955
32699,6782.489349,0.000000,54.000000,173.087250,0.000000,36.852368
32700,6782.489349,0.000000,54.000000,172.585857,0.000000,29.080780
32701,6782.489349,0.000000,54.000000,172.084464,0.000000,21.309192
32702,6782.489349,0.000000,54.000000,171.583071,0.000000,13.537604
32703,6782.489349,0.000000,54.000000,171.081678,0.000000,5.766017
32704,6782.489349,0.000000,54.000000,170.580286,0.000000,357.994429
32705,6782.489349,0.000000,54.000000,170.078893,0.000000,350.222841
32706,6782.489349,0.000000,54.000000,169.577500,0.000000,342.451253
32707,6782.489349,0.000000,54.000000,169.076107,0.000000,334.679666
32708,6782.489349,0.000000,54.000000,168.574715,0.000000,326.908078
32709,6782.489349,0.000000,54.000000,168.073322,0.000000,319.136490
32710,6782.489349,0.000000,54.000000,167.571929,0.000000,311.364903
32711,6782.489349,0.000000,54.000000,167.070536,0.000000,303.593315
32712,6782.489349,0.000000,54.000000,166.569144,0.000000,295.821727
32713,6782.489349,0.000000,54.000000,166.067751,0.000000,288.050139
32714,6782.489349,0.000000,54.000000,165.566358,0.000000,280.278552
32715,6782.489349,0.000000,54.000000,165.064965,0.000000,272.506964
32716,6782.489349,0.000000,54.000000,164.563573,0.000000,264.735376
32717,6782.489349,0.000000,54.000000,164.062180,0.000000,256.963788
32718,6782.489349,0.000000,54.000000,163.560787,0.000000,249.192201
32719,6782.489349,0.000000,54.000000,163.059394,0.000000,241.420613
32720,6782.489349,0.000000,54.000000,162.558002,0.000000,233.649025
32721,6782.489349,0.000000,54.000000,162.056609,0.000000,225.877437
32722,6782.489349,0.000000,54.000000,161.555216,0.000000,218.105850
32723,6782.489349,0.000000,54.000000,161.053823,0.000000,210.334262
32724,6782.489349,0.000000,54.000000,160.552431,0.000000,202.562674
32725,6782.489349,0.000000,54.000000,160.051038,0.000000,194.791086
32726,6782.489349,0.000000,54.000000,159.549645,0.000000,187.019499
32727,6782.489349,0.000000,54.000000,159.048252,0.000000,179.247911
32728,6782.489349,0.000000,54.000000,158.546860,0.000000,171.476323
32729,6782.489349,0.000000,54.000000,158.045467,0.000000,163.704735
32730,6782.489349,0.000000,54.000000,157.544074,0.000000,155.933148
32731,6782.489349,0.000000,54.000000,157.042681,0.000000,148.161560
32732,6782.489349,0.000000,54.000000,156.541289,0.000000,140.389972
32733,6782.489349,0.000000,54.000000,156.039896,0.000000,132.618384
32734,6782.489349,0.000000,54.000000,155.538503,0.000000,124.846797
32735,6782.489349,0.000000,54.000000,155.037110,0.000000,117.075209
32736,6782.489349,0.000000,54.000000,154.535717,0.000000,109.303621
32737,6782.489349,0.000000,54.000000,154.034325,0.000000,101.532033
32738,6782.489349,0.000000,54.000000,153.532932,0.000000,93.760446
32739,6782.489349,0.000000,54.000000,153.031539,0.000000,85.988858
32740,6782.489349,0.000000,54.000000,152.530146,0.000000,78.217270
32741,6782.489349,0.000000,54.000000,152.028754,0.000000,70.445682
32742,6782.489349,0.000000,54.000000,151.527361,0.000000,62.674095
32743,6782.489349,0.000000,54.000000,151.025968,0.000000,54.902507
32744,6782.489349,0.000000,54.000000,150.524575,0.000000,47.130919
32745,6782.489349,0.000000,54.000000,150.023183,0.000000,39.359331
32746,6782.489349,0.000000,54.000000,149.521790,0.000000,31.587744
32747,6782.489349,0.000000,54.000000,149.020397,0.000000,23.816156
32748,6782.489349,0.000000,54.000000,148.519004,0.000000,16.044568
32749,6782.489349,0.000000,54.000000,148.017612,0.000000,8.272981
32750,6782.489349,0.000000,54.000000,147.516219,0.000000,0.501393
32751,6782.489349,0.000000,54.000000,147.014826,0.000000,352.729805
32752,6782.489349,0.000000,54.000000,146.513433,0.000000,344.958217
32753,6782.489349,0.000000,54.000000,146.012041,0.000000,337.186630
32754,6782.489349,0.000000,54.000000,145.510648,0.000000,329.415042
32755,6782.489349,0.000000,54.000000,145.009255,0.000000,321.643454
32756,6782.489349,0.000000,54.000000,144.507862,0.000000,313.871866
32757,6782.489349,0.000000,54.000000,144.006470,0.000000,306.100279
32758,6782.489349,0.000000,54.000000,143.505077,0.000000,298.328691
32759,6782.489349,0.000000,54.000000,143.003684,0.000000,290.557103
32760,6782.489349,0.000000,54.000000,142.502291,0.000000,282.785515
32761,6782.489349,0.000000,54.000000,142.000899,0.000000,275.013928
32762,6782.489349,0.000000,54.000000,141.499506,0.000000,267.242340
32763,6782.489349,0.000000,54.000000,140.998113,0.000000,259.470752
32764,6782.489349,0.000000,54.000000,140.496720,0.000000,251.699164
32765,6782.489349,0.000000,54.000000,139.995328,0.000000,243.927577
32766,6782.489349,0.000000,54.000000,139.493935,0.000000,236.155989
32767,6782.489349,0.000000,54.000000,138.992542,0.000000,228.384401
32768,6782.489349,0.000000,54.000000,138.491149,0.000000,220.612813
32769,6782.489349,0.000000,54.000000,137.989756,0.000000,212.841226
32770,6782.489349,0.000000,54.000000,137.488364,0.000000,205.069638
32771,6782.489349,0.000000,54.000000,136.986971,0.000000,197.298050
32772,6782.489349,0.000000,54.000000,136.485578,0.000000,189.526462
32773,6782.489349,0.000000,54.000000,135.984185,0.000000,181.754875
32774,6782.489349,0.000000,54.000000,135.482793,0.000000,173.983287
32775,6782.489349,0.000000,54.000000,134.981400,0.000000,166.211699
32776,6782.489349,0.000000,54.000000,134.480007,0.000000,158.440111
32777,6782.489349,0.000000,54.000000,133.978614,0.000000,150.668524
32778,6782.489349,0.000000,54.000000,133.477222,0.000000,142.896936
32779,6782.489349,0.000000,54.000000,132.975829,0.000000,135.125348
32780,6782.489349,0.000000,54.000000,132.474436,0.000000,127.353760
32781,6782.489349,0.000000,54.000000,131.973043,0.000000,119.582173
32782,6782.489349,0.000000,54.000000,131.471651,0.000000,111.810585
32783,6782.489349,0.000000,54.000000,130.970258,0.000000,104.038997
32784,6782.489349,0.000000,54.000000,130.468865,0.000000,96.267409
32785,6782.489349,0.000000,54.000000,129.967472,0.000000,88.495822
32786,6782.489349,0.000000,54.000000,129.466080,0.000000,80.724234
32787,6782.489349,0.000000,54.000000,128.964687,0.000000,72.952646
32788,6782.489349,0.000000,54.000000,128.463294,0.000000,65.181058
32789,6782.489349,0.000000,54.000000,127.961901,0.000000,57.409471
32790,6782.489349,0.000000,54.000000,127.460509,0.000000,49.637883
32791,6782.489349,0.000000,54.000000,126.959116,0.000000,41.866295
32792,6782.489349,0.000000,54.000000,126.457723,0.000000,34.094708
32793,6782.489349,0.000000,54.000000,125.956330,0.000000,26.323120
32794,6782.489349,0.000000,54.000000,125.454938,0.000000,18.551532
32795,6782.489349,0.000000,54.000000,124.953545,0.000000,10.779944
32796,6782.489349,0.000000,54.000000,124.452152,0.000000,3.008357
32797,6782.489349,0.000000,54.000000,123.950759,0.000000,355.236769
32798,6782.489349,0.000000,54.000000,123.449367,0.000000,347.465181
32799,6782.489349,0.000000,54.000000,122.947974,0.000000,339.693593
32800,6782.489349,0.000000,54.000000,122.446581,0.000000,331.922006
32801,6782.489349,0.000000,54.000000,121.945188,0.000000,324.150418
32802,6782.489349,0.000000,54.000000,121.443795,0.000000,316.378830
32803,6782.489349,0.000000,54.000000,120.942403,0.000000,308.607242
32804,6782.489349,0.000000,54.000000,120.441010,0.000000,300.835655
32805,6782.489349,0.000000,54.000000,119.939617,0.000000,293.064067
32806,6782.489349,0.000000,54.000000,119.438224,0.000000,285.292479
32807,6782.489349,0.000000,54.000000,118.936832,0.000000,277.520891
32808,6782.489349,0.000000,54.000000,118.435439,0.000000,269.749304
32809,6782.489349,0.000000,54.000000,117.934046,0.000000,261.977716
32810,6782.489349,0.000000,54.000000,117.432653,0.000000,254.206128
32811,6782.489349,0.000000,54.000000,116.931261,0.000000,246.434540
32812,6782.489349,0.000000,54.000000,116.429868,0.000000,238.662953
32813,6782.489349,0.000000,54.000000,115.928475,0.000000,230.891365
32814,6782.489349,0.000000,54.000000,115.427082,0.000000,223.119777
32815,6782.489349,0.000000,54.000000,114.925690,0.000000,215.348189
32816,6782.489349,0.000000,54.000000,114.424297,0.000000,207.576602
32817,6782.489349,0.000000,54.000000,113.922904,0.000000,199.805014
32818,6782.489349,0.000000,54.000000,113.421511,0.000000,192.033426
32819,6782.489349,0.000000,54.000000,112.920119,0.000000,184.261838
32820,6782.489349,0.000000,54.000000,112.418726,0.000000,176.490251
32821,6782.489349,0.000000,54.000000,111.917333,0.000000,168.718663
32822,6782.489349,0.000000,54.000000,111.415940,0.000000,160.947075
32823,6782.489349,0.000000,54.000000,110.914548,0.000000,153.175487
32824,6782.489349,0.000000,54.000000,110.413155,0.000000,145.403900
32825,6782.489349,0.000000,54.000000,109.911762,0.000000,137.632312
32826,6782.489349,0.000000,54.000000,109.410369,0.000000,129.860724
32827,6782.489349,0.000000,54.000000,108.908977,0.000000,122.089136
32828,6782.489349,0.000000,54.000000,108.407584,0.000000,114.317549
32829,6782.489349,0.000000,54.000000,107.906191,0.000000,106.545961
32830,6782.489349,0.000000,54.000000,107.404798,0.000000,98.774373
32831,6782.489349,0.000000,54.000000,106.903406,0.000000,91.002786
32832,6782.489349,0.000000,54.000000,106.402013,0.000000,83.231198
32833,6782.489349,0.000000,54.000000,105.900620,0.000000,75.459610
32834,6782.489349,0.000000,54.000000,105.399227,0.000000,67.688022
32835,6782.489349,0.000000,54.000000,104.897834,0.000000,59.916435
32836,6782.489349,0.000000,54.000000,104.396442,0.000000,52.144847
32837,6782.489349,0.000000,54.000000,103.895049,0.000000,44.373259
32838,6782.489349,0.000000,54.000000,103.393656,0.000000,36.601671
32839,6782.489349,0.000000,54.000000,102.892263,0.000000,28.830084
32840,6782.489349,0.000000,54.000000,102.390871,0.000000,21.058496
32841,6782.489349,0.000000,54.000000,101.889478,0.000000,13.286908
32842,6782.489349,0.000000,54.000000,101.388085,0.000000,5.515320
32843,6782.489349,0.000000,54.000000,100.886692,0.000000,357.743733
32844,6782.489349,0.000000,54.000000,100.385300,0.000000,349.972145
32845,6782.489349,0.000000,54.000000,99.883907,0.000000,342.200557
32846,6782.489349,0.000000,54.000000,99.382514,0.000000,334.428969
32847,6782.489349,0.000000,54.000000,98.881121,0.000000,326.657382
32848,6782.489349,0.000000,54.000000,98.379729,0.000000,318.885794
32849,6782.489349,0.000000,54.000000,97.878336,0.000000,311.114206
32850,6782.489349,0.000000,54.000000,97.376943,0.000000,303.342618
32851,6782.489349,0.000000,54.000000,96.875550,0.000000,295.571031
32852,6782.489349,0.000000,54.000000,96.374158,0.000000,287.799443
32853,6782.489349,0.000000,54.000000,95.872765,0.000000,280.027855
32854,6782.489349,0.000000,54.000000,95.371372,0.000000,272.256267
32855,6782.489349,0.000000,54.000000,94.869979,0.000000,264.484680
32856,6782.489349,0.000000,54.000000,94.368587,0.000000,256.713092
32857,6782.489349,0.000000,54.000000,93.867194,0.000000,248.941504
32858,6782.489349,0.000000,54.000000,93.365801,0.000000,241.169916
32859,6782.489349,0.000000,54.000000,92.864408,0.000000,233.398329
32860,6782.489349,0.000000,54.000000,92.363016,0.000000,225.626741
32861,6782.489349,0.000000,54.000000,91.861623,0.000000,217.855153
32862,6782.489349,0.000000,54.000000,91.360230,0.000000,210.083565
32863,6782.489349,0.000000,54.000000,90.858837,0.000000,202.311978
32864,6782.489349,0.000000,54.000000,90.357445,0.000000,194.540390
32865,6782.489349,0.000000,54.000000,89.856052,0.000000,186.768802
32866,6782.489349,0.000000,54.000000,89.354659,0.000000,178.997214
32867,6782.489349,0.000000,54.000000,88.853266,0.000000,171.225627
32868,6782.489349,0.000000,54.000000,88.351873,0.000000,163.454039
32869,6782.489349,0.000000,54.000000,87.850481,0.000000,155.682451
32870,6782.489349,0.000000,54.000000,87.349088,0.000000,147.910864
32871,6782.489349,0.000000,54.000000,86.847695,0.000000,140.139276
32872,6782.489349,0.000000,54.000000,86.346302,0.000000,132.367688
32873,6782.489349,0.000000,54.000000,85.844910,0.000000,124.596100
32874,6782.489349,0.000000,54.000000,85.343517,0.000000,116.824513
32875,6782.489349,0.000000,54.000000,84.842124,0.000000,109.052925
32876,6782.489349,0.000000,54.000000,84.340731,0.000000,101.281337
32877,6782.489349,0.000000,54.000000,83.839339,0.000000,93.509749
32878,6782.489349,0.000000,54.000000,83.337946,0.000000,85.738162
32879,6782.489349,0.000000,54.000000,82.836553,0.000000,77.966574
32880,6782.489349,0.000000,54.000000,82.335160,0.000000,70.194986
32881,6782.489349,0.000000,54.000000,81.833768,0.000000,62.423398
32882,6782.489349,0.000000,54.000000,81.332375,0.000000,54.651811
32883,6782.489349,0.000000,54.000000,80.830982,0.000000,46.880223
32884,6782.489349,0.000000,54.000000,80.329589,0.000000,39.108635
32885,6782.489349,0.000000,54.000000,79.828197,0.000000,31.337047
32886,6782.489349,0.000000,54.000000,79.326804,0.000000,23.565460
32887,6782.489349,0.000000,54.000000,78.825411,0.000000,15.793872
32888,6782.489349,0.000000,54.000000,78.324018,0.000000,8.022284
32889,6782.489349,0.000000,54.000000,77.822626,0.000000,0.250696
32890,6782.489349,0.000000,54.000000,77.321233,0.000000,352.479109
32891,6782.489349,0.000000,54.000000,76.819840,0.000000,344.707521
32892,6782.489349,0.000000,54.000000,76.318447,0.000000,336.935933
32893,6782.489349,0.000000,54.000000,75.817055,0.000000,329.164345
32894,6782.489349,0.000000,54.000000,75.315662,0.000000,321.392758
32895,6782.489349,0.000000,54.000000,74.814269,0.000000,313.621170
32896,6782.489349,0.000000,54.000000,74.312876,0.000000,305.849582
32897,6782.489349,0.000000,54.000000,73.811484,0.000000,298.077994
32898,6782.489349,0.000000,54.000000,73.310091,0.000000,290.306407
32899,6782.489349,0.000000,54.000000,72.808698,0.000000,282.534819
32900,6782.489349,0.000000,54.000000,72.307305,0.000000,274.763231
32901,6782.489349,0.000000,54.000000,71.805912,0.000000,266.991643
32902,6782.489349,0.000000,54.000000,71.304520,0.000000,259.220056
32903,6782.489349,0.000000,54.000000,70.803127,0.000000,251.448468
32904,6782.489349,0.000000,54.000000,70.301734,0.000000,243.676880
32905,6782.489349,0.000000,54.000000,69.800341,0.000000,235.905292
32906,6782.489349,0.000000,54.000000,69.298949,0.000000,228.133705
32907,6782.489349,0.000000,54.000000,68.797556,0.000000,220.362117
32908,6782.489349,0.000000,54.000000,68.296163,0.000000,212.590529
32909,6782.489349,0.000000,54.000000,67.794770,0.000000,204.818942
32910,6782.489349,0.000000,54.000000,67.293378,0.000000,197.047354
32911,6782.489349,0.000000,54.000000,66.791985,0.000000,189.275766
32912,6782.489349,0.000000,54.000000,66.290592,0.000000,181.504178
32913,6782.489349,0.000000,54.000000,65.789199,0.000000,173.732591
32914,6782.489349,0.000000,54.000000,65.287807,0.000000,165.961003
32915,6782.489349,0.000000,54.000000,64.786414,0.000000,158.189415
32916,6782.489349,0.000000,54.000000,64.285021,0.000000,150.417827
32917,6782.489349,0.000000,54.000000,63.783628,0.000000,142.646240
32918,6782.489349,0.000000,54.000000,63.282236,0.000000,134.874652
32919,6782.489349,0.000000,54.000000,62.780843,0.000000,127.103064
32920,6782.489349,0.000000,54.000000,62.279450,0.000000,119.331476
32921,6782.489349,0.000000,54.000000,61.778057,0.000000,111.559889
32922,6782.489349,0.000000,54.000000,61.276665,0.000000,103.788301
32923,6782.489349,0.000000,54.000000,60.775272,0.000000,96.016713
32924,6782.489349,0.000000,54.000000,60.273879,0.000000,88.245125
32925,6782.489349,0.000000,54.000000,59.772486,0.000000,80.473538
32926,6782.489349,0.000000,54.000000,59.271094,0.000000,72.701950
32927,6782.489349,0.000000,54.000000,58.769701,0.000000,64.930362
32928,6782.489349,0.000000,54.000000,58.268308,0.000000,57.158774
32929,6782.489349,0.000000,54.000000,57.766915,0.000000,49.387187
32930,6782.489349,0.000000,54.000000,57.265523,0.000000,41.615599
32931,6782.489349,0.000000,54.000000,56.764130,0.000000,33.844011
32932,6782.489349,0.000000,54.000000,56.262737,0.000000,26.072423
32933,6782.489349,0.000000,54.000000,55.761344,0.000000,18.300836
32934,6782.489349,0.000000,54.000000,55.259951,0.000000,10.529248
32935,6782.489349,0.000000,54.000000,54.758559,0.000000,2.757660
32936,6782.489349,0.000000,54.000000,54.257166,0.000000,354.986072
32937,6782.489349,0.000000,54.000000,53.755773,0.000000,347.214485
32938,6782.489349,0.000000,54.000000,53.254380,0.000000,339.442897
32939,6782.489349,0.000000,54.000000,52.752988,0.000000,331.671309
32940,6782.489349,0.000000,54.000000,52.251595,0.000000,323.899721
32941,6782.489349,0.000000,54.000000,51.750202,0.000000,316.128134
32942,6782.489349,0.000000,54.000000,51.248809,0.000000,308.356546
32943,6782.489349,0.000000,54.000000,50.747417,0.000000,300.584958
32944,6782.489349,0.000000,54.000000,50.246024,0.000000,292.813370
32945,6782.489349,0.000000,54.000000,49.744631,0.000000,285.041783
32946,6782.489349,0.000000,54.000000,49.243238,0.000000,277.270195
32947,6782.489349,0.000000,54.000000,48.741846,0.000000,269.498607
32948,6782.489349,0.000000,54.000000,48.240453,0.000000,261.727019
32949,6782.489349,0.000000,54.000000,47.739060,0.000000,253.955432
32950,6782.489349,0.000000,54.000000,47.237667,0.000000,246.183844
32951,6782.489349,0.000000,54.000000,46.736275,0.000000,238.412256
32952,6782.489349,0.000000,54.000000,46.234882,0.000000,230.640669
32953,6782.489349,0.000000,54.000000,45.733489,0.000000,222.869081
32954,6782.489349,0.000000,54.000000,45.232096,0.000000,215.097493
32955,6782.489349,0.000000,54.000000,44.730704,0.000000,207.325905
32956,6782.489349,0.000000,54.000000,44.229311,0.000000,199.554318
32957,6782.489349,0.000000,54.000000,43.727918,0.000000,191.782730
32958,6782.489349,0.000000,54.000000,43.226525,0.000000,184.011142
32959,6782.489349,0.000000,54.000000,42.725133,0.000000,176.239554
32960,6782.489349,0.000000,54.000000,42.223740,0.000000,168.467967
32961,6782.489349,0.000000,54.000000,41.722347,0.000000,160.696379
32962,6782.489349,0.000000,54.000000,41.220954,0.000000,152.924791
32963,6782.489349,0.000000,54.000000,40.719562,0.000000,145.153203
32964,6782.489349,0.000000,54.000000,40.218169,0.000000,137.381616
32965,6782.489349,0.000000,54.000000,39.716776,0.000000,129.610028
32966,6782.489349,0.000000,54.000000,39.215383,0.000000,121.838440
32967,6782.489349,0.000000,54.000000,38.713990,0.000000,114.066852
32968,6782.489349,0.000000,54.000000,38.212598,0.000000,106.295265
32969,6782.489349,0.000000,54.000000,37.711205,0.000000,98.523677
32970,6782.489349,0.000000,54.000000,37.209812,0.000000,90.752089
32971,6782.489349,0.000000,54.000000,36.708419,0.000000,82.980501
32972,6782.489349,0.000000,54.000000,36.207027,0.000000,75.208914
32973,6782.489349,0.000000,54.000000,35.705634,0.000000,67.437326
32974,6782.489349,0.000000,54.000000,35.204241,0.000000,59.665738
32975,6782.489349,0.000000,54.000000,34.702848,0.000000,51.894150
32976,6782.489349,0.000000,54.000000,34.201456,0.000000,44.122563
32977,6782.489349,0.000000,54.000000,33.700063,0.000000,36.350975
32978,6782.489349,0.000000,54.000000,33.198670,0.000000,28.579387
32979,6782.489349,0.000000,54.000000,32.697277,0.000000,20.807799
32980,6782.489349,0.000000,54.000000,32.195885,0.000000,13.036212
32981,6782.489349,0.000000,54.000000,31.694492,0.000000,5.264624
32982,6782.489349,0.000000,54.000000,31.193099,0.000000,357.493036
32983,6782.489349,0.000000,54.000000,30.691706,0.000000,349.721448
32984,6782.489349,0.000000,54.000000,30.190314,0.000000,341.949861
32985,6782.489349,0.000000,54.000000,29.688921,0.000000,334.178273
32986,6782.489349,0.000000,54.000000,29.187528,0.000000,326.406685
32987,6782.489349,0.000000,54.000000,28.686135,0.000000,318.635097
32988,6782.489349,0.000000,54.000000,28.184743,0.000000,310.863510
32989,6782.489349,0.000000,54.000000,27.683350,0.000000,303.091922
32990,6782.489349,0.000000,54.000000,27.181957,0.000000,295.320334
32991,6782.489349,0.000000,54.000000,26.680564,0.000000,287.548747
32992,6782.489349,0.000000,54.000000,26.179172,0.000000,279.777159
32993,6782.489349,0.000000,54.000000,25.677779,0.000000,272.005571
32994,6782.489349,0.000000,54.000000,25.176386,0.000000,264.233983
32995,6782.489349,0.000000,54.000000,24.674993,0.000000,256.462396
32996,6782.489349,0.000000,54.000000,24.173601,0.000000,248.690808
32997,6782.489349,0.000000,54.000000,23.672208,0.000000,240.919220
32998,6782.489349,0.000000,54.000000,23.170815,0.000000,233.147632
32999,6782.489349,0.000000,54.000000,22.669422,0.000000,225.376045
33000,6782.489349,0.000000,54.000000,22.168029,0.000000,217.604457
33001,6782.489349,0.000000,54.000000,21.666637,0.000000,209.832869
33002,6782.489349,0.000000,54.000000,21.165244,0.000000,202.061281
33003,6782.489349,0.000000,54.000000,20.663851,0.000000,194.289694
33004,6782.489349,0.000000,54.000000,20.162458,0.000000,186.518106
33005,6782.489349,0.000000,54.000000,19.661066,0.000000,178.746518
33006,6782.489349,0.000000,54.000000,19.159673,0.000000,170.974930
33007,6782.489349,0.000000,54.000000,18.658280,0.000000,163.203343
33008,6782.489349,0.000000,54.000000,18.156887,0.000000,155.431755
33009,6782.489349,0.000000,54.000000,17.655495,0.000000,147.660167
33010,6782.489349,0.000000,54.000000,17.154102,0.000000,139.888579
33011,6782.489349,0.000000,54.000000,16.652709,0.000000,132.116992
33012,6782.489349,0.000000,54.000000,16.151316,0.000000,124.345404
33013,6782.489349,0.000000,54.000000,15.649924,0.000000,116.573816
33014,6782.489349,0.000000,54.000000,15.148531,0.000000,108.802228
33015,6782.489349,0.000000,54.000000,14.647138,0.000000,101.030641
33016,6782.489349,0.000000,54.000000,14.145745,0.000000,93.259053
33017,6782.489349,0.000000,54.000000,13.644353,0.000000,85.487465
33018,6782.489349,0.000000,54.000000,13.142960,0.000000,77.715877
33019,6782.489349,0.000000,54.000000,12.641567,0.000000,69.944290
33020,6782.489349,0.000000,54.000000,12.140174,0.000000,62.172702
33021,6782.489349,0.000000,54.000000,11.638782,0.000000,54.401114
33022,6782.489349,0.000000,54.000000,11.137389,0.000000,46.629526
33023,6782.489349,0.000000,54.000000,10.635996,0.000000,38.857939
33024,6782.489349,0.000000,54.000000,10.134603,0.000000,31.086351
33025,6782.489349,0.000000,54.000000,9.633211,0.000000,23.314763
33026,6782.489349,0.000000,54.000000,9.131818,0.000000,15.543175
33027,6782.489349,0.000000,54.000000,8.630425,0.000000,7.771588
33710,6782.489349,0.000000,33.000000,23.856591,0.000000,99.777159
33743,6782.489349,0.000000,33.000000,7.310630,0.000000,203.314763
34169,6782.489349,0.000000,33.000000,153.717315,0.000000,132.618384
34247,6782.489349,0.000000,33.000000,114.608680,0.000000,246.434540
34269,6782.489349,0.000000,33.000000,103.578039,0.000000,75.459610
34464,6782.489349,0.000000,56.000000,2.322581,0.000000,0.000000
34465,6782.489349,0.000000,56.000000,1.821188,0.000000,352.228412
34466,6782.489349,0.000000,56.000000,1.319795,0.000000,344.456825
34467,6782.489349,0.000000,56.000000,0.818402,0.000000,336.685237
34468,6782.489349,0.000000,56.000000,0.317010,0.000000,328.913649
34469,6782.489349,0.000000,56.000000,359.815617,0.000000,321.142061
34470,6782.489349,0.000000,56.000000,359.314224,0.000000,313.370474
34471,6782.489349,0.000000,56.000000,358.812831,0.000000,305.598886
34472,6782.489349,0.000000,56.000000,358.311439,0.000000,297.827298
34473,6782.489349,0.000000,56.000000,357.810046,0.000000,290.055710
34474,6782.489349,0.000000,56.000000,357.308653,0.000000,282.284123
34475,6782.489349,0.000000,56.000000,356.807260,0.000000,274.512535
34476,6782.489349,0.000000,56.000000,356.305868,0.000000,266.740947
34477,6782.489349,0.000000,56.000000,355.804475,0.000000,258.969359
34478,6782.489349,0.000000,56.000000,355.303082,0.000000,251.197772
34479,6782.489349,0.000000,56.000000,354.801689,0.000000,243.426184
34480,6782.489349,0.000000,56.000000,354.300297,0.000000,235.654596
34481,6782.489349,0.000000,56.000000,353.798904,0.000000,227.883008
34482,6782.489349,0.000000,56.000000,353.297511,0.000000,220.111421
34483,6782.489349,0.000000,56.000000,352.796118,0.000000,212.339833
34484,6782.489349,0.000000,56.000000,352.294725,0.000000,204.568245
34485,6782.489349,0.000000,56.000000,351.793333,0.000000,196.796657
34486,6782.489349,0.000000,56.000000,351.291940,0.000000,189.025070
34487,6782.489349,0.000000,56.000000,350.790547,0.000000,181.253482
34488,6782.489349,0.000000,56.000000,350.289154,0.000000,173.481894
34489,6782.489349,0.000000,56.000000,349.787762,0.000000,165.710306
34490,6782.489349,0.000000,56.000000,349.286369,0.000000,157.938719
34491,6782.489349,0.000000,56.000000,348.784976,0.000000,150.167131
34492,6782.489349,0.000000,56.000000,348.283583,0.000000,142.395543
34493,6782.489349,0.000000,56.000000,347.782191,0.000000,134.623955
34494,6782.489349,0.000000,56.000000,347.280798,0.000000,126.852368
34495,6782.489349,0.000000,56.000000,346.779405,0.000000,119.080780
34496,6782.489349,0.000000,56.000000,346.278012,0.000000,111.309192
34497,6782.489349,0.000000,56.000000,345.776620,0.000000,103.537604
34498,6782.489349,0.000000,56.000000,345.275227,0.000000,95.766017
34499,6782.489349,0.000000,56.000000,344.773834,0.000000,87.994429
34500,6782.489349,0.000000,56.000000,344.272441,0.000000,80.222841
34501,6782.489349,0.000000,56.000000,343.771049,0.000000,72.451253
34502,6782.489349,0.000000,56.000000,343.269656,0.000000,64.679666
34503,6782.489349,0.000000,56.000000,342.768263,0.000000,56.908078
34504,6782.489349,0.000000,56.000000,342.266870,0.000000,49.136490
34505,6782.489349,0.000000,56.000000,341.765478,0.000000,41.364903
34506,6782.489349,0.000000,56.000000,341.264085,0.000000,33.593315
34507,6782.489349,0.000000,56.000000,340.762692,0.000000,25.821727
34508,6782.489349,0.000000,56.000000,340.261299,0.000000,18.050139
34509,6782.489349,0.000000,56.000000,339.759907,0.000000,10.278552
34510,6782.489349,0.000000,56.000000,339.258514,0.000000,2.506964
34511,6782.489349,0.000000,56.000000,338.757121,0.000000,354.735376
34512,6782.489349,0.000000,56.000000,338.255728,0.000000,346.963788
34513,6782.489349,0.000000,56.000000,337.754336,0.000000,339.192201
34514,6782.489349,0.000000,56.000000,337.252943,0.000000,331.420613
34515,6782.489349,0.000000,56.000000,336.751550,0.000000,323.649025
34516,6782.489349,0.000000,56.000000,336.250157,0.000000,315.877437
34517,6782.489349,0.000000,56.000000,335.748764,0.000000,308.105850
34518,6782.489349,0.000000,56.000000,335.247372,0.000000,300.334262
34519,6782.489349,0.000000,56.000000,334.745979,0.000000,292.562674
34520,6782.489349,0.000000,56.000000,334.244586,0.000000,284.791086
34521,6782.489349,0.000000,56.000000,333.743193,0.000000,277.019499
34522,6782.489349,0.000000,56.000000,333.241801,0.000000,269.247911
34523,6782.489349,0.000000,56.000000,332.740408,0.000000,261.476323
34524,6782.489349,0.000000,56.000000,332.239015,0.000000,253.704735
34525,6782.489349,0.000000,56.000000,331.737622,0.000000,245.933148
34526,6782.489349,0.000000,56.000000,331.236230,0.000000,238.161560
34527,6782.489349,0.000000,56.000000,330.734837,0.000000,230.389972
34528,6782.489349,0.000000,56.000000,330.233444,0.000000,222.618384
34529,6782.489349,0.000000,56.000000,329.732051,0.000000,214.846797
34530,6782.489349,0.000000,56.000000,329.230659,0.000000,207.075209
34531,6782.489349,0.000000,56.000000,328.729266,0.000000,199.303621
34532,6782.489349,0.000000,56.000000,328.227873,0.000000,191.532033
34533,6782.489349,0.000000,56.000000,327.726480,0.000000,183.760446
34534,6782.489349,0.000000,56.000000,327.225088,0.000000,175.988858
34535,6782.489349,0.000000,56.000000,326.723695,0.000000,168.217270
34536,6782.489349,0.000000,56.000000,326.222302,0.000000,160.445682
34537,6782.489349,0.000000,56.000000,325.720909,0.000000,152.674095
34538,6782.489349,0.000000,56.000000,325.219517,0.000000,144.902507
34539,6782.489349,0.000000,56.000000,324.718124,0.000000,137.130919
34540,6782.489349,0.000000,56.000000,324.216731,0.000000,129.359331
34541,6782.489349,0.000000,56.000000,323.715338,0.000000,121.587744
34542,6782.489349,0.000000,56.000000,323.213946,0.000000,113.816156
34543,6782.489349,0.000000,56.000000,322.712553,0.000000,106.044568
34544,6782.489349,0.000000,56.000000,322.211160,0.000000,98.272981
34545,6782.489349,0.000000,56.000000,321.709767,0.000000,90.501393
34546,6782.489349,0.000000,56.000000,321.208375,0.000000,82.729805
34547,6782.489349,0.000000,56.000000,320.706982,0.000000,74.958217
34548,6782.489349,0.000000,56.000000,320.205589,0.000000,67.186630
34549,6782.489349,0.000000,56.000000,319.704196,0.000000,59.415042
34550,6782.489349,0.000000,56.000000,319.202803,0.000000,51.643454
34551,6782.489349,0.000000,56.000000,318.701411,0.000000,43.871866
34552,6782.489349,0.000000,56.000000,318.200018,0.000000,36.100279
34553,6782.489349,0.000000,56.000000,317.698625,0.000000,28.328691
34554,6782.489349,0.000000,56.000000,317.197232,0.000000,20.557103
34555,6782.489349,0.000000,56.000000,316.695840,0.000000,12.785515
34556,6782.489349,0.000000,56.000000,316.194447,0.000000,5.013928
34557,6782.489349,0.000000,56.000000,315.693054,0.000000,357.242340
34558,6782.489349,0.000000,56.000000,315.191661,0.000000,349.470752
34559,6782.489349,0.000000,56.000000,314.690269,0.000000,341.699164
34560,6782.489349,0.000000,56.000000,314.188876,0.000000,333.927577
34561,6782.489349,0.000000,56.000000,313.687483,0.000000,326.155989
34562,6782.489349,0.000000,56.000000,313.186090,0.000000,318.384401
34563,6782.489349,0.000000,56.000000,312.684698,0.000000,310.612813
34564,6782.489349,0.000000,56.000000,312.183305,0.000000,302.841226
34565,6782.489349,0.000000,56.000000,311.681912,0.000000,295.069638
34566,6782.489349,0.000000,56.000000,311.180519,0.000000,287.298050
34567,6782.489349,0.000000,56.000000,310.679127,0.000000,279.526462
34568,6782.489349,0.000000,56.000000,310.177734,0.000000,271.754875
34569,6782.489349,0.000000,56.000000,309.676341,0.000000,263.983287
34570,6782.489349,0.000000,56.000000,309.174948,0.000000,256.211699
34571,6782.489349,0.000000,56.000000,308.673556,0.000000,248.440111
34572,6782.489349,0.000000,56.000000,308.172163,0.000000,240.668524
34573,6782.489349,0.000000,56.000000,307.670770,0.000000,232.896936
34574,6782.489349,0.000000,56.000000,307.169377,0.000000,225.125348
34575,6782.489349,0.000000,56.000000,306.667985,0.000000,217.353760
34576,6782.489349,0.000000,56.000000,306.166592,0.000000,209.582173
34577,6782.489349,0.000000,56.000000,305.665199,0.000000,201.810585
34578,6782.489349,0.000000,56.000000,305.163806,0.000000,194.038997
34579,6782.489349,0.000000,56.000000,304.662414,0.000000,186.267409
34580,6782.489349,0.000000,56.000000,304.161021,0.000000,178.495822
34581,6782.489349,0.000000,56.000000,303.659628,0.000000,170.724234
34582,6782.489349,0.000000,56.000000,303.158235,0.000000,162.952646
34583,6782.489349,0.000000,56.000000,302.656842,0.000000,155.181058
34584,6782.489349,0.000000,56.000000,302.155450,0.000000,147.409471
34585,6782.489349,0.000000,56.000000,301.654057,0.000000,139.637883
34586,6782.489349,0.000000,56.000000,301.152664,0.000000,131.866295
34587,6782.489349,0.000000,56.000000,300.651271,0.000000,124.094708
34588,6782.489349,0.000000,56.000000,300.149879,0.000000,116.323120
34589,6782.489349,0.000000,56.000000,299.648486,0.000000,108.551532
34590,6782.489349,0.000000,56.000000,299.147093,0.000000,100.779944
34591,6782.489349,0.000000,56.000000,298.645700,0.000000,93.008357
34592,6782.489349,0.000000,56.000000,298.144308,0.000000,85.236769
34593,6782.489349,0.000000,56.000000,297.642915,0.000000,77.465181
34594,6782.489349,0.000000,56.000000,297.141522,0.000000,69.693593
34595,6782.489349,0.000000,56.000000,296.640129,0.000000,61.922006
34596,6782.489349,0.000000,56.000000,296.138737,0.000000,54.150418
34597,6782.489349,0.000000,56.000000,295.637344,0.000000,46.378830
34598,6782.489349,0.000000,56.000000,295.135951,0.000000,38.607242
34599,6782.489349,0.000000,56.000000,294.634558,0.000000,30.835655
34600,6782.489349,0.000000,56.000000,294.133166,0.000000,23.064067
34601,6782.489349,0.000000,56.000000,293.631773,0.000000,15.292479
34602,6782.489349,0.000000,56.000000,293.130380,0.000000,7.520891
34603,6782.489349,0.000000,56.000000,292.628987,0.000000,359.749304
34604,6782.489349,0.000000,56.000000,292.127595,0.000000,351.977716
34605,6782.489349,0.000000,56.000000,291.626202,0.000000,344.206128
34606,6782.489349,0.000000,56.000000,291.124809,0.000000,336.434540
34607,6782.489349,0.000000,56.000000,290.623416,0.000000,328.662953
34608,6782.489349,0.000000,56.000000,290.122024,0.000000,320.891365
34609,6782.489349,0.000000,56.000000,289.620631,0.000000,313.119777
34610,6782.489349,0.000000,56.000000,289.119238,0.000000,305.348189
34611,6782.489349,0.000000,56.000000,288.617845,0.000000,297.576602
34612,6782.489349,0.000000,56.000000,288.116453,0.000000,289.805014
34613,6782.489349,0.000000,56.000000,287.615060,0.000000,282.033426
34614,6782.489349,0.000000,56.000000,287.113667,0.000000,274.261838
34615,6782.489349,0.000000,56.000000,286.612274,0.000000,266.490251
34616,6782.489349,0.000000,56.000000,286.110881,0.000000,258.718663
34617,6782.489349,0.000000,56.000000,285.609489,0.000000,250.947075
34618,6782.489349,0.000000,56.000000,285.108096,0.000000,243.175487
34619,6782.489349,0.000000,56.000000,284.606703,0.000000,235.403900
34620,6782.489349,0.000000,56.000000,284.105310,0.000000,227.632312
34621,6782.489349,0.000000,56.000000,283.603918,0.000000,219.860724
34622,6782.489349,0.000000,56.000000,283.102525,0.000000,212.089136
34623,6782.489349,0.000000,56.000000,282.601132,0.000000,204.317549
34624,6782.489349,0.000000,56.000000,282.099739,0.000000,196.545961
34625,6782.489349,0.000000,56.000000,281.598347,0.000000,188.774373
34626,6782.489349,0.000000,56.000000,281.096954,0.000000,181.002786
34627,6782.489349,0.000000,56.000000,280.595561,0.000000,173.231198
34628,6782.489349,0.000000,56.000000,280.094168,0.000000,165.459610
34629,6782.489349,0.000000,56.000000,279.592776,0.000000,157.688022
34630,6782.489349,0.000000,56.000000,279.091383,0.000000,149.916435
34631,6782.489349,0.000000,56.000000,278.589990,0.000000,142.144847
34632,6782.489349,0.000000,56.000000,278.088597,0.000000,134.373259
34633,6782.489349,0.000000,56.000000,277.587205,0.000000,126.601671
34634,6782.489349,0.000000,56.000000,277.085812,0.000000,118.830084
34635,6782.489349,0.000000,56.000000,276.584419,0.000000,111.058496
34636,6782.489349,0.000000,56.000000,276.083026,0.000000,103.286908
34637,6782.489349,0.000000,56.000000,275.581634,0.000000,95.515320
34638,6782.489349,0.000000,56.000000,275.080241,0.000000,87.743733
34639,6782.489349,0.000000,56.000000,274.578848,0.000000,79.972145
34640,6782.489349,0.000000,56.000000,274.077455,0.000000,72.200557
34641,6782.489349,0.000000,56.000000,273.576063,0.000000,64.428969
34642,6782.489349,0.000000,56.000000,273.074670,0.000000,56.657382
34643,6782.489349,0.000000,56.000000,272.573277,0.000000,48.885794
34644,6782.489349,0.000000,56.000000,272.071884,0.000000,41.114206
34645,6782.489349,0.000000,56.000000,271.570492,0.000000,33.342618
34646,6782.489349,0.000000,56.000000,271.069099,0.000000,25.571031
34647,6782.489349,0.000000,56.000000,270.567706,0.000000,17.799443
34648,6782.489349,0.000000,56.000000,270.066313,0.000000,10.027855
34649,6782.489349,0.000000,56.000000,269.564920,0.000000,2.256267
34650,6782.489349,0.000000,56.000000,269.063528,0.000000,354.484680
34651,6782.489349,0.000000,56.000000,268.562135,0.000000,346.713092
34652,6782.489349,0.000000,56.000000,268.060742,0.000000,338.941504
34653,6782.489349,0.000000,56.000000,267.559349,0.000000,331.169916
34654,6782.489349,0.000000,56.000000,267.057957,0.000000,323.398329
34655,6782.489349,0.000000,56.000000,266.556564,0.000000,315.626741
34656,6782.489349,0.000000,56.000000,266.055171,0.000000,307.855153
34657,6782.489349,0.000000,56.000000,265.553778,0.000000,300.083565
34658,6782.489349,0.000000,56.000000,265.052386,0.000000,292.311978
34659,6782.489349,0.000000,56.000000,264.550993,0.000000,284.540390
34660,6782.489349,0.000000,56.000000,264.049600,0.000000,276.768802
34661,6782.489349,0.000000,56.000000,263.548207,0.000000,268.997214
34662,6782.489349,0.000000,56.000000,263.046815,0.000000,261.225627
34663,6782.489349,0.000000,56.000000,262.545422,0.000000,253.454039
34664,6782.489349,0.000000,56.000000,262.044029,0.000000,245.682451
34665,6782.489349,0.000000,56.000000,261.542636,0.000000,237.910864
34666,6782.489349,0.000000,56.000000,261.041244,0.000000,230.139276
34667,6782.489349,0.000000,56.000000,260.539851,0.000000,222.367688
34668,6782.489349,0.000000,56.000000,260.038458,0.000000,214.596100
34669,6782.489349,0.000000,56.000000,259.537065,0.000000,206.824513
34670,6782.489349,0.000000,56.000000,259.035673,0.000000,199.052925
34671,6782.489349,0.000000,56.000000,258.534280,0.000000,191.281337
34672,6782.489349,0.000000,56.000000,258.032887,0.000000,183.509749
34673,6782.489349,0.000000,56.000000,257.531494,0.000000,175.738162
34674,6782.489349,0.000000,56.000000,257.030102,0.000000,167.966574
34675,6782.489349,0.000000,56.000000,256.528709,0.000000,160.194986
34676,6782.489349,0.000000,56.000000,256.027316,0.000000,152.423398
34677,6782.489349,0.000000,56.000000,255.525923,0.000000,144.651811
34678,6782.489349,0.000000,56.000000,255.024531,0.000000,136.880223
34679,6782.489349,0.000000,56.000000,254.523138,0.000000,129.108635
34680,6782.489349,0.000000,56.000000,254.021745,0.000000,121.337047
34681,6782.489349,0.000000,56.000000,253.520352,0.000000,113.565460
34682,6782.489349,0.000000,56.000000,253.018959,0.000000,105.793872
34683,6782.489349,0.000000,56.000000,252.517567,0.000000,98.022284
34684,6782.489349,0.000000,56.000000,252.016174,0.000000,90.250696
34685,6782.489349,0.000000,56.000000,251.514781,0.000000,82.479109
34686,6782.489349,0.000000,56.000000,251.013388,0.000000,74.707521
34687,6782.489349,0.000000,56.000000,250.511996,0.000000,66.935933
34688,6782.489349,0.000000,56.000000,250.010603,0.000000,59.164345
34689,6782.489349,0.000000,56.000000,249.509210,0.000000,51.392758
34690,6782.489349,0.000000,56.000000,249.007817,0.000000,43.621170
34691,6782.489349,0.000000,56.000000,248.506425,0.000000,35.849582
34692,6782.489349,0.000000,56.000000,248.005032,0.000000,28.077994
34693,6782.489349,0.000000,56.000000,247.503639,0.000000,20.306407
34694,6782.489349,0.000000,56.000000,247.002246,0.000000,12.534819
34695,6782.489349,0.000000,56.000000,246.500854,0.000000,4.763231
34696,6782.489349,0.000000,56.000000,245.999461,0.000000,356.991643
34697,6782.489349,0.000000,56.000000,245.498068,0.000000,349.220056
34698,6782.489349,0.000000,56.000000,244.996675,0.000000,341.448468
34699,6782.489349,0.000000,56.000000,244.495283,0.000000,333.676880
34700,6782.489349,0.000000,56.000000,243.993890,0.000000,325.905292
34701,6782.489349,0.000000,56.000000,243.492497,0.000000,318.133705
34702,6782.489349,0.000000,56.000000,242.991104,0.000000,310.362117
34703,6782.489349,0.000000,56.000000,242.489712,0.000000,302.590529
34704,6782.489349,0.000000,56.000000,241.988319,0.000000,294.818942
34705,6782.489349,0.000000,56.000000,241.486926,0.000000,287.047354
34706,6782.489349,0.000000,56.000000,240.985533,0.000000,279.275766
34707,6782.489349,0.000000,56.000000,240.484141,0.000000,271.504178
34708,6782.489349,0.000000,56.000000,239.982748,0.000000,263.732591
34709,6782.489349,0.000000,56.000000,239.481355,0.000000,255.961003
34710,6782.489349,0.000000,56.000000,238.979962,0.000000,248.189415
34711,6782.489349,0.000000,56.000000,238.478570,0.000000,240.417827
34712,6782.489349,0.000000,56.000000,237.977177,0.000000,232.646240
34713,6782.489349,0.000000,56.000000,237.475784,0.000000,224.874652
34714,6782.489349,0.000000,56.000000,236.974391,0.000000,217.103064
34715,6782.489349,0.000000,56.000000,236.472998,0.000000,209.331476
34716,6782.489349,0.000000,56.000000,235.971606,0.000000,201.559889
34717,6782.489349,0.000000,56.000000,235.470213,0.000000,193.788301
34718,6782.489349,0.000000,56.000000,234.968820,0.000000,186.016713
34719,6782.489349,0.000000,56.000000,234.467427,0.000000,178.245125
34720,6782.489349,0.000000,56.000000,233.966035,0.000000,170.473538
34721,6782.489349,0.000000,56.000000,233.464642,0.000000,162.701950
34722,6782.489349,0.000000,56.000000,232.963249,0.000000,154.930362
34723,6782.489349,0.000000,56.000000,232.461856,0.000000,147.158774
34724,6782.489349,0.000000,56.000000,231.960464,0.000000,139.387187
34725,6782.489349,0.000000,56.000000,231.459071,0.000000,131.615599
34726,6782.489349,0.000000,56.000000,230.957678,0.000000,123.844011
34727,6782.489349,0.000000,56.000000,230.456285,0.000000,116.072423
34728,6782.489349,0.000000,56.000000,229.954893,0.000000,108.300836
34729,6782.489349,0.000000,56.000000,229.453500,0.000000,100.529248
34730,6782.489349,0.000000,56.000000,228.952107,0.000000,92.757660
34731,6782.489349,0.000000,56.000000,228.450714,0.000000,84.986072
34732,6782.489349,0.000000,56.000000,227.949322,0.000000,77.214485
34733,6782.489349,0.000000,56.000000,227.447929,0.000000,69.442897
34734,6782.489349,0.000000,56.000000,226.946536,0.000000,61.671309
34735,6782.489349,0.000000,56.000000,226.445143,0.000000,53.899721
34736,6782.489349,0.000000,56.000000,225.943751,0.000000,46.128134
34737,6782.489349,0.000000,56.000000,225.442358,0.000000,38.356546
34738,6782.489349,0.000000,56.000000,224.940965,0.000000,30.584958
34739,6782.489349,0.000000,56.000000,224.439572,0.000000,22.813370
34740,6782.489349,0.000000,56.000000,223.938180,0.000000,15.041783
34741,6782.489349,0.000000,56.000000,223.436787,0.000000,7.270195
34742,6782.489349,0.000000,56.000000,222.935394,0.000000,359.498607
34743,6782.489349,0.000000,56.000000,222.434001,0.000000,351.727019
34744,6782.489349,0.000000,56.000000,221.932609,0.000000,343.955432
34745,6782.489349,0.000000,56.000000,221.431216,0.000000,336.183844
34746,6782.489349,0.000000,56.000000,220.929823,0.000000,328.412256
34747,6782.489349,0.000000,56.000000,220.428430,0.000000,320.640669
34748,6782.489349,0.000000,56.000000,219.927037,0.000000,312.869081
34749,6782.489349,0.000000,56.000000,219.425645,0.000000,305.097493
34750,6782.489349,0.000000,56.000000,218.924252,0.000000,297.325905
34751,6782.489349,0.000000,56.000000,218.422859,0.000000,289.554318
34752,6782.489349,0.000000,56.000000,217.921466,0.000000,281.782730
34753,6782.489349,0.000000,56.000000,217.420074,0.000000,274.011142
34754,6782.489349,0.000000,56.000000,216.918681,0.000000,266.239554
34755,6782.489349,0.000000,56.000000,216.417288,0.000000,258.467967
34756,6782.489349,0.000000,56.000000,215.915895,0.000000,250.696379
34757,6782.489349,0.000000,56.000000,215.414503,0.000000,242.924791
34758,6782.489349,0.000000,56.000000,214.913110,0.000000,235.153203
34759,6782.489349,0.000000,56.000000,214.411717,0.000000,227.381616
34760,6782.489349,0.000000,56.000000,213.910324,0.000000,219.610028
34761,6782.489349,0.000000,56.000000,213.408932,0.000000,211.838440
34762,6782.489349,0.000000,56.000000,212.907539,0.000000,204.066852
34763,6782.489349,0.000000,56.000000,212.406146,0.000000,196.295265
34764,6782.489349,0.000000,56.000000,211.904753,0.000000,188.523677
34765,6782.489349,0.000000,56.000000,211.403361,0.000000,180.752089
34766,6782.489349,0.000000,56.000000,210.901968,0.000000,172.980501
34767,6782.489349,0.000000,56.000000,210.400575,0.000000,165.208914
34768,6782.489349,0.000000,56.000000,209.899182,0.000000,157.437326
34769,6782.489349,0.000000,56.000000,209.397790,0.000000,149.665738
34770,6782.489349,0.000000,56.000000,208.896397,0.000000,141.894150
34771,6782.489349,0.000000,56.000000,208.395004,0.000000,134.122563
34772,6782.489349,0.000000,56.000000,207.893611,0.000000,126.350975
34773,6782.489349,0.000000,56.000000,207.392219,0.000000,118.579387
34774,6782.489349,0.000000,56.000000,206.890826,0.000000,110.807799
34775,6782.489349,0.000000,56.000000,206.389433,0.000000,103.036212
34776,6782.489349,0.000000,56.000000,205.888040,0.000000,95.264624
34777,6782.489349,0.000000,56.000000,205.386647,0.000000,87.493036
34778,6782.489349,0.000000,56.000000,204.885255,0.000000,79.721448
34779,6782.489349,0.000000,56.000000,204.383862,0.000000,71.949861
34780,6782.489349,0.000000,56.000000,203.882469,0.000000,64.178273
34781,6782.489349,0.000000,56.000000,203.381076,0.000000,56.406685
34782,6782.489349,0.000000,56.000000,202.879684,0.000000,48.635097
34783,6782.489349,0.000000,56.000000,202.378291,0.000000,40.863510
34784,6782.489349,0.000000,56.000000,201.876898,0.000000,33.091922
34785,6782.489349,0.000000,56.000000,201.375505,0.000000,25.320334
34786,6782.489349,0.000000,56.000000,200.874113,0.000000,17.548747
34787,6782.489349,0.000000,56.000000,200.372720,0.000000,9.777159
34788,6782.489349,0.000000,56.000000,199.871327,0.000000,2.005571
34789,6782.489349,0.000000,56.000000,199.369934,0.000000,354.233983
34790,6782.489349,0.000000,56.000000,198.868542,0.000000,346.462396
34791,6782.489349,0.000000,56.000000,198.367149,0.000000,338.690808
34792,6782.489349,0.000000,56.000000,197.865756,0.000000,330.919220
34793,6782.489349,0.000000,56.000000,197.364363,0.000000,323.147632
34794,6782.489349,0.000000,56.000000,196.862971,0.000000,315.376045
34795,6782.489349,0.000000,56.000000,196.361578,0.000000,307.604457
34796,6782.489349,0.000000,56.000000,195.860185,0.000000,299.832869
34797,6782.489349,0.000000,56.000000,195.358792,0.000000,292.061281
34798,6782.489349,0.000000,56.000000,194.857400,0.000000,284.289694
34799,6782.489349,0.000000,56.000000,194.356007,0.000000,276.518106
34800,6782.489349,0.000000,56.000000,193.854614,0.000000,268.746518
34801,6782.489349,0.000000,56.000000,193.353221,0.000000,260.974930
34802,6782.489349,0.000000,56.000000,192.851829,0.000000,253.203343
34803,6782.489349,0.000000,56.000000,192.350436,0.000000,245.431755
34804,6782.489349,0.000000,56.000000,191.849043,0.000000,237.660167
34805,6782.489349,0.000000,56.000000,191.347650,0.000000,229.888579
34806,6782.489349,0.000000,56.000000,190.846258,0.000000,222.116992
34807,6782.489349,0.000000,56.000000,190.344865,0.000000,214.345404
34808,6782.489349,0.000000,56.000000,189.843472,0.000000,206.573816
34809,6782.489349,0.000000,56.000000,189.342079,0.000000,198.802228
34810,6782.489349,0.000000,56.000000,188.840686,0.000000,191.030641
34811,6782.489349,0.000000,56.000000,188.339294,0.000000,183.259053
34812,6782.489349,0.000000,56.000000,187.837901,0.000000,175.487465
34813,6782.489349,0.000000,56.000000,187.336508,0.000000,167.715877
34814,6782.489349,0.000000,56.000000,186.835115,0.000000,159.944290
34815,6782.489349,0.000000,56.000000,186.333723,0.000000,152.172702
34816,6782.489349,0.000000,56.000000,185.832330,0.000000,144.401114
34817,6782.489349,0.000000,56.000000,185.330937,0.000000,136.629526
34818,6782.489349,0.000000,56.000000,184.829544,0.000000,128.857939
34819,6782.489349,0.000000,56.000000,184.328152,0.000000,121.086351
34820,6782.489349,0.000000,56.000000,183.826759,0.000000,113.314763
34821,6782.489349,0.000000,56.000000,183.325366,0.000000,105.543175
34822,6782.489349,0.000000,56.000000,182.823973,0.000000,97.771588
34823,6782.489349,0.000000,56.000000,182.322581,0.000000,90.000000
34824,6782.489349,0.000000,56.000000,181.821188,0.000000,82.228412
34825,6782.489349,0.000000,56.000000,181.319795,0.000000,74.456825
34826,6782.489349,0.000000,56.000000,180.818402,0.000000,66.685237
34827,6782.489349,0.000000,56.000000,180.317010,0.000000,58.913649
34828,6782.489349,0.000000,56.000000,179.815617,0.000000,51.142061
34829,6782.489349,0.000000,56.000000,179.314224,0.000000,43.370474
34830,6782.489349,0.000000,56.000000,178.812831,0.000000,35.598886
34831,6782.489349,0.000000,56.000000,178.311439,0.000000,27.827298
34832,6782.489349,0.000000,56.000000,177.810046,0.000000,20.055710
34833,6782.489349,0.000000,56.000000,177.308653,0.000000,12.284123
34834,6782.489349,0.000000,56.000000,176.807260,0.000000,4.512535
34835,6782.489349,0.000000,56.000000,176.305868,0.000000,356.740947
34836,6782.489349,0.000000,56.000000,175.804475,0.000000,348.969359
34837,6782.489349,0.000000,56.000000,175.303082,0.000000,341.197772
34838,6782.489349,0.000000,56.000000,174.801689,0.000000,333.426184
34839,6782.489349,0.000000,56.000000,174.300297,0.000000,325.654596
34840,6782.489349,0.000000,56.000000,173.798904,0.000000,317.883008
34841,6782.489349,0.000000,56.000000,173.297511,0.000000,310.111421
34842,6782.489349,0.000000,56.000000,172.796118,0.000000,302.339833
34843,6782.489349,0.000000,56.000000,172.294725,0.000000,294.568245
34844,6782.489349,0.000000,56.000000,171.793333,0.000000,286.796657
34845,6782.489349,0.000000,56.000000,171.291940,0.000000,279.025070
34846,6782.489349,0.000000,56.000000,170.790547,0.000000,271.253482
34847,6782.489349,0.000000,56.000000,170.289154,0.000000,263.481894
34848,6782.489349,0.000000,56.000000,169.787762,0.000000,255.710306
34849,6782.489349,0.000000,56.000000,169.286369,0.000000,247.938719
34850,6782.489349,0.000000,56.000000,168.784976,0.000000,240.167131
34851,6782.489349,0.000000,56.000000,168.283583,0.000000,232.395543
34852,6782.489349,0.000000,56.000000,167.782191,0.000000,224.623955
34853,6782.489349,0.000000,56.000000,167.280798,0.000000,216.852368
34854,6782.489349,0.000000,56.000000,166.779405,0.000000,209.080780
34855,6782.489349,0.000000,56.000000,166.278012,0.000000,201.309192
34856,6782.489349,0.000000,56.000000,165.776620,0.000000,193.537604
34857,6782.489349,0.000000,56.000000,165.275227,0.000000,185.766017
34858,6782.489349,0.000000,56.000000,164.773834,0.000000,177.994429
34859,6782.489349,0.000000,56.000000,164.272441,0.000000,170.222841
34860,6782.489349,0.000000,56.000000,163.771049,0.000000,162.451253
34861,6782.489349,0.000000,56.000000,163.269656,0.000000,154.679666
34862,6782.489349,0.000000,56.000000,162.768263,0.000000,146.908078
34863,6782.489349,0.000000,56.000000,162.266870,0.000000,139.136490
34864,6782.489349,0.000000,56.000000,161.765478,0.000000,131.364903
34865,6782.489349,0.000000,56.000000,161.264085,0.000000,123.593315
34866,6782.489349,0.000000,56.000000,160.762692,0.000000,115.821727
34867,6782.489349,0.000000,56.000000,160.261299,0.000000,108.050139
34868,6782.489349,0.000000,56.000000,159.759907,0.000000,100.278552
34869,6782.489349,0.000000,56.000000,159.258514,0.000000,92.506964
34870,6782.489349,0.000000,56.000000,158.757121,0.000000,84.735376
34871,6782.489349,0.000000,56.000000,158.255728,0.000000,76.963788
34872,6782.489349,0.000000,56.000000,157.754336,0.000000,69.192201
34873,6782.489349,0.000000,56.000000,157.252943,0.000000,61.420613
34874,6782.489349,0.000000,56.000000,156.751550,0.000000,53.649025
34875,6782.489349,0.000000,56.000000,156.250157,0.000000,45.877437
34876,6782.489349,0.000000,56.000000,155.748764,0.000000,38.105850
34877,6782.489349,0.000000,56.000000,155.247372,0.000000,30.334262
34878,6782.489349,0.000000,56.000000,154.745979,0.000000,22.562674
34879,6782.489349,0.000000,56.000000,154.244586,0.000000,14.791086
34880,6782.489349,0.000000,56.000000,153.743193,0.000000,7.019499
34881,6782.489349,0.000000,56.000000,153.241801,0.000000,359.247911
34882,6782.489349,0.000000,56.000000,152.740408,0.000000,351.476323
34883,6782.489349,0.000000,56.000000,152.239015,0.000000,343.704735
34884,6782.489349,0.000000,56.000000,151.737622,0.000000,335.933148
34885,6782.489349,0.000000,56.000000,151.236230,0.000000,328.161560
34886,6782.489349,0.000000,56.000000,150.734837,0.000000,320.389972
34887,6782.489349,0.000000,56.000000,150.233444,0.000000,312.618384
34888,6782.489349,0.000000,56.000000,149.732051,0.000000,304.846797
34889,6782.489349,0.000000,56.000000,149.230659,0.000000,297.075209
34890,6782.489349,0.000000,56.000000,148.729266,0.000000,289.303621
34891,6782.489349,0.000000,56.000000,148.227873,0.000000,281.532033
34892,6782.489349,0.000000,56.000000,147.726480,0.000000,273.760446
34893,6782.489349,0.000000,56.000000,147.225088,0.000000,265.988858
34894,6782.489349,0.000000,56.000000,146.723695,0.000000,258.217270
34895,6782.489349,0.000000,56.000000,146.222302,0.000000,250.445682
34896,6782.489349,0.000000,56.000000,145.720909,0.000000,242.674095
34897,6782.489349,0.000000,56.000000,145.219517,0.000000,234.902507
34898,6782.489349,0.000000,56.000000,144.718124,0.000000,227.130919
34899,6782.489349,0.000000,56.000000,144.216731,0.000000,219.359331
34900,6782.489349,0.000000,56.000000,143.715338,0.000000,211.587744
34901,6782.489349,0.000000,56.000000,143.213946,0.000000,203.816156
34902,6782.489349,0.000000,56.000000,142.712553,0.000000,196.044568
34903,6782.489349,0.000000,56.000000,142.211160,0.000000,188.272981
34904,6782.489349,0.000000,56.000000,141.709767,0.000000,180.501393
34905,6782.489349,0.000000,56.000000,141.208375,0.000000,172.729805
34906,6782.489349,0.000000,56.000000,140.706982,0.000000,164.958217
34907,6782.489349,0.000000,56.000000,140.205589,0.000000,157.186630
34908,6782.489349,0.000000,56.000000,139.704196,0.000000,149.415042
34909,6782.489349,0.000000,56.000000,139.202803,0.000000,141.643454
34910,6782.489349,0.000000,56.000000,138.701411,0.000000,133.871866
34911,6782.489349,0.000000,56.000000,138.200018,0.000000,126.100279
34912,6782.489349,0.000000,56.000000,137.698625,0.000000,118.328691
34913,6782.489349,0.000000,56.000000,137.197232,0.000000,110.557103
34914,6782.489349,0.000000,56.000000,136.695840,0.000000,102.785515
34915,6782.489349,0.000000,56.000000,136.194447,0.000000,95.013928
34916,6782.489349,0.000000,56.000000,135.693054,0.000000,87.242340
34917,6782.489349,0.000000,56.000000,135.191661,0.000000,79.470752
34918,6782.489349,0.000000,56.000000,134.690269,0.000000,71.699164
34919,6782.489349,0.000000,56.000000,134.188876,0.000000,63.927577
34920,6782.489349,0.000000,56.000000,133.687483,0.000000,56.155989
34921,6782.489349,0.000000,56.000000,133.186090,0.000000,48.384401
34922,6782.489349,0.000000,56.000000,132.684698,0.000000,40.612813
34923,6782.489349,0.000000,56.000000,132.183305,0.000000,32.841226
34924,6782.489349,0.000000,56.000000,131.681912,0.000000,25.069638
34925,6782.489349,0.000000,56.000000,131.180519,0.000000,17.298050
34926,6782.489349,0.000000,56.000000,130.679127,0.000000,9.526462
34927,6782.489349,0.000000,56.000000,130.177734,0.000000,1.754875
34928,6782.489349,0.000000,56.000000,129.676341,0.000000,353.983287
34929,6782.489349,0.000000,56.000000,129.174948,0.000000,346.211699
34930,6782.489349,0.000000,56.000000,128.673556,0.000000,338.440111
34931,6782.489349,0.000000,56.000000,128.172163,0.000000,330.668524
34932,6782.489349,0.000000,56.000000,127.670770,0.000000,322.896936
34933,6782.489349,0.000000,56.000000,127.169377,0.000000,315.125348
34934,6782.489349,0.000000,56.000000,126.667985,0.000000,307.353760
34935,6782.489349,0.000000,56.000000,126.166592,0.000000,299.582173
34936,6782.489349,0.000000,56.000000,125.665199,0.000000,291.810585
34937,6782.489349,0.000000,56.000000,125.163806,0.000000,284.038997
34938,6782.489349,0.000000,56.000000,124.662414,0.000000,276.267409
34939,6782.489349,0.000000,56.000000,124.161021,0.000000,268.495822
34940,6782.489349,0.000000,56.000000,123.659628,0.000000,260.724234
34941,6782.489349,0.000000,56.000000,123.158235,0.000000,252.952646
34942,6782.489349,0.000000,56.000000,122.656842,0.000000,245.181058
34943,6782.489349,0.000000,56.000000,122.155450,0.000000,237.409471
34944,6782.489349,0.000000,56.000000,121.654057,0.000000,229.637883
34945,6782.489349,0.000000,56.000000,121.152664,0.000000,221.866295
34946,6782.489349,0.000000,56.000000,120.651271,0.000000,214.094708
34947,6782.489349,0.000000,56.000000,120.149879,0.000000,206.323120
34948,6782.489349,0.000000,56.000000,119.648486,0.000000,198.551532
34949,6782.489349,0.000000,56.000000,119.147093,0.000000,190.779944
34950,6782.489349,0.000000,56.000000,118.645700,0.000000,183.008357
34951,6782.489349,0.000000,56.000000,118.144308,0.000000,175.236769
34952,6782.489349,0.000000,56.000000,117.642915,0.000000,167.465181
34953,6782.489349,0.000000,56.000000,117.141522,0.000000,159.693593
34954,6782.489349,0.000000,56.000000,116.640129,0.000000,151.922006
34955,6782.489349,0.000000,56.000000,116.138737,0.000000,144.150418
34956,6782.489349,0.000000,56.000000,115.637344,0.000000,136.378830
34957,6782.489349,0.000000,56.000000,115.135951,0.000000,128.607242
34958,6782.489349,0.000000,56.000000,114.634558,0.000000,120.835655
34959,6782.489349,0.000000,56.000000,114.133166,0.000000,113.064067
34960,6782.489349,0.000000,56.000000,113.631773,0.000000,105.292479
34961,6782.489349,0.000000,56.000000,113.130380,0.000000,97.520891
34962,6782.489349,0.000000,56.000000,112.628987,0.000000,89.749304
34963,6782.489349,0.000000,56.000000,112.127595,0.000000,81.977716
34964,6782.489349,0.000000,56.000000,111.626202,0.000000,74.206128
34965,6782.489349,0.000000,56.000000,111.124809,0.000000,66.434540
34966,6782.489349,0.000000,56.000000,110.623416,0.000000,58.662953
34967,6782.489349,0.000000,56.000000,110.122024,0.000000,50.891365
34968,6782.489349,0.000000,56.000000,109.620631,0.000000,43.119777
34969,6782.489349,0.000000,56.000000,109.119238,0.000000,35.348189
34970,6782.489349,0.000000,56.000000,108.617845,0.000000,27.576602
34971,6782.489349,0.000000,56.000000,108.116453,0.000000,19.805014
34972,6782.489349,0.000000,56.000000,107.615060,0.000000,12.033426
34973,6782.489349,0.000000,56.000000,107.113667,0.000000,4.261838
34974,6782.489349,0.000000,56.000000,106.612274,0.000000,356.490251
34975,6782.489349,0.000000,56.000000,106.110881,0.000000,348.718663
34976,6782.489349,0.000000,56.000000,105.609489,0.000000,340.947075
34977,6782.489349,0.000000,56.000000,105.108096,0.000000,333.175487
34978,6782.489349,0.000000,56.000000,104.606703,0.000000,325.403900
34979,6782.489349,0.000000,56.000000,104.105310,0.000000,317.632312
34980,6782.489349,0.000000,56.000000,103.603918,0.000000,309.860724
34981,6782.489349,0.000000,56.000000,103.102525,0.000000,302.089136
34982,6782.489349,0.000000,56.000000,102.601132,0.000000,294.317549
34983,6782.489349,0.000000,56.000000,102.099739,0.000000,286.545961
34984,6782.489349,0.000000,56.000000,101.598347,0.000000,278.774373
34985,6782.489349,0.000000,56.000000,101.096954,0.000000,271.002786
34986,6782.489349,0.000000,56.000000,100.595561,0.000000,263.231198
34987,6782.489349,0.000000,56.000000,100.094168,0.000000,255.459610
34988,6782.489349,0.000000,56.000000,99.592776,0.000000,247.688022
34989,6782.489349,0.000000,56.000000,99.091383,0.000000,239.916435
34990,6782.489349,0.000000,56.000000,98.589990,0.000000,232.144847
34991,6782.489349,0.000000,56.000000,98.088597,0.000000,224.373259
34992,6782.489349,0.000000,56.000000,97.587205,0.000000,216.601671
34993,6782.489349,0.000000,56.000000,97.085812,0.000000,208.830084
34994,6782.489349,0.000000,56.000000,96.584419,0.000000,201.058496
34995,6782.489349,0.000000,56.000000,96.083026,0.000000,193.286908
34996,6782.489349,0.000000,56.000000,95.581634,0.000000,185.515320
34997,6782.489349,0.000000,56.000000,95.080241,0.000000,177.743733
34998,6782.489349,0.000000,56.000000,94.578848,0.000000,169.972145
34999,6782.489349,0.000000,56.000000,94.077455,0.000000,162.200557
35000,6782.489349,0.000000,56.000000,93.576063,0.000000,154.428969
35001,6782.489349,0.000000,56.000000,93.074670,0.000000,146.657382
35002,6782.489349,0.000000,56.000000,92.573277,0.000000,138.885794
35003,6782.489349,0.000000,56.000000,92.071884,0.000000,131.114206
35004,6782.489349,0.000000,56.000000,91.570492,0.000000,123.342618
35005,6782.489349,0.000000,56.000000,91.069099,0.000000,115.571031
35006,6782.489349,0.000000,56.000000,90.567706,0.000000,107.799443
35007,6782.489349,0.000000,56.000000,90.066313,0.000000,100.027855
35008,6782.489349,0.000000,56.000000,89.564920,0.000000,92.256267
35009,6782.489349,0.000000,56.000000,89.063528,0.000000,84.484680
35010,6782.489349,0.000000,56.000000,88.562135,0.000000,76.713092
35011,6782.489349,0.000000,56.000000,88.060742,0.000000,68.941504
35012,6782.489349,0.000000,56.000000,87.559349,0.000000,61.169916
35013,6782.489349,0.000000,56.000000,87.057957,0.000000,53.398329
35014,6782.489349,0.000000,56.000000,86.556564,0.000000,45.626741
35015,6782.489349,0.000000,56.000000,86.055171,0.000000,37.855153
35016,6782.489349,0.000000,56.000000,85.553778,0.000000,30.083565
35017,6782.489349,0.000000,56.000000,85.052386,0.000000,22.311978
35018,6782.489349,0.000000,56.000000,84.550993,0.000000,14.540390
35019,6782.489349,0.000000,56.000000,84.049600,0.000000,6.768802
35020,6782.489349,0.000000,56.000000,83.548207,0.000000,358.997214
35021,6782.489349,0.000000,56.000000,83.046815,0.000000,351.225627
35022,6782.489349,0.000000,56.000000,82.545422,0.000000,343.454039
35023,6782.489349,0.000000,56.000000,82.044029,0.000000,335.682451
35024,6782.489349,0.000000,56.000000,81.542636,0.000000,327.910864
35025,6782.489349,0.000000,56.000000,81.041244,0.000000,320.139276
35026,6782.489349,0.000000,56.000000,80.539851,0.000000,312.367688
35027,6782.489349,0.000000,56.000000,80.038458,0.000000,304.596100
35028,6782.489349,0.000000,56.000000,79.537065,0.000000,296.824513
35029,6782.489349,0.000000,56.000000,79.035673,0.000000,289.052925
35030,6782.489349,0.000000,56.000000,78.534280,0.000000,281.281337
35031,6782.489349,0.000000,56.000000,78.032887,0.000000,273.509749
35032,6782.489349,0.000000,56.000000,77.531494,0.000000,265.738162
35033,6782.489349,0.000000,56.000000,77.030102,0.000000,257.966574
35034,6782.489349,0.000000,56.000000,76.528709,0.000000,250.194986
35035,6782.489349,0.000000,56.000000,76.027316,0.000000,242.423398
35036,6782.489349,0.000000,56.000000,75.525923,0.000000,234.651811
35037,6782.489349,0.000000,56.000000,75.024531,0.000000,226.880223
35038,6782.489349,0.000000,56.000000,74.523138,0.000000,219.108635
35039,6782.489349,0.000000,56.000000,74.021745,0.000000,211.337047
35040,6782.489349,0.000000,56.000000,73.520352,0.000000,203.565460
35041,6782.489349,0.000000,56.000000,73.018959,0.000000,195.793872
35042,6782.489349,0.000000,56.000000,72.517567,0.000000,188.022284
35043,6782.489349,0.000000,56.000000,72.016174,0.000000,180.250696
35044,6782.489349,0.000000,56.000000,71.514781,0.000000,172.479109
35045,6782.489349,0.000000,56.000000,71.013388,0.000000,164.707521
35046,6782.489349,0.000000,56.000000,70.511996,0.000000,156.935933
35047,6782.489349,0.000000,56.000000,70.010603,0.000000,149.164345
35048,6782.489349,0.000000,56.000000,69.509210,0.000000,141.392758
35049,6782.489349,0.000000,56.000000,69.007817,0.000000,133.621170
35050,6782.489349,0.000000,56.000000,68.506425,0.000000,125.849582
35051,6782.489349,0.000000,56.000000,68.005032,0.000000,118.077994
35052,6782.489349,0.000000,56.000000,67.503639,0.000000,110.306407
35053,6782.489349,0.000000,56.000000,67.002246,0.000000,102.534819
35054,6782.489349,0.000000,56.000000,66.500854,0.000000,94.763231
35055,6782.489349,0.000000,56.000000,65.999461,0.000000,86.991643
35056,6782.489349,0.000000,56.000000,65.498068,0.000000,79.220056
35057,6782.489349,0.000000,56.000000,64.996675,0.000000,71.448468
35058,6782.489349,0.000000,56.000000,64.495283,0.000000,63.676880
35059,6782.489349,0.000000,56.000000,63.993890,0.000000,55.905292
35060,6782.489349,0.000000,56.000000,63.492497,0.000000,48.133705
35061,6782.489349,0.000000,56.000000,62.991104,0.000000,40.362117
35062,6782.489349,0.000000,56.000000,62.489712,0.000000,32.590529
35063,6782.489349,0.000000,56.000000,61.988319,0.000000,24.818942
35064,6782.489349,0.000000,56.000000,61.486926,0.000000,17.047354
35065,6782.489349,0.000000,56.000000,60.985533,0.000000,9.275766
35066,6782.489349,0.000000,56.000000,60.484141,0.000000,1.504178
35067,6782.489349,0.000000,56.000000,59.982748,0.000000,353.732591
35068,6782.489349,0.000000,56.000000,59.481355,0.000000,345.961003
35069,6782.489349,0.000000,56.000000,58.979962,0.000000,338.189415
35070,6782.489349,0.000000,56.000000,58.478570,0.000000,330.417827
35071,6782.489349,0.000000,56.000000,57.977177,0.000000,322.646240
35072,6782.489349,0.000000,56.000000,57.475784,0.000000,314.874652
35073,6782.489349,0.000000,56.000000,56.974391,0.000000,307.103064
35074,6782.489349,0.000000,56.000000,56.472998,0.000000,299.331476
35075,6782.489349,0.000000,56.000000,55.971606,0.000000,291.559889
35076,6782.489349,0.000000,56.000000,55.470213,0.000000,283.788301
35077,6782.489349,0.000000,56.000000,54.968820,0.000000,276.016713
35078,6782.489349,0.000000,56.000000,54.467427,0.000000,268.245125
35079,6782.489349,0.000000,56.000000,53.966035,0.000000,260.473538
35080,6782.489349,0.000000,56.000000,53.464642,0.000000,252.701950
35081,6782.489349,0.000000,56.000000,52.963249,0.000000,244.930362
35082,6782.489349,0.000000,56.000000,52.461856,0.000000,237.158774
35083,6782.489349,0.000000,56.000000,51.960464,0.000000,229.387187
35084,6782.489349,0.000000,56.000000,51.459071,0.000000,221.615599
35085,6782.489349,0.000000,56.000000,50.957678,0.000000,213.844011
35086,6782.489349,0.000000,56.000000,50.456285,0.000000,206.072423
35087,6782.489349,0.000000,56.000000,49.954893,0.000000,198.300836
35088,6782.489349,0.000000,56.000000,49.453500,0.000000,190.529248
35089,6782.489349,0.000000,56.000000,48.952107,0.000000,182.757660
35090,6782.489349,0.000000,56.000000,48.450714,0.000000,174.986072
35091,6782.489349,0.000000,56.000000,47.949322,0.000000,167.214485
35092,6782.489349,0.000000,56.000000,47.447929,0.000000,159.442897
35093,6782.489349,0.000000,56.000000,46.946536,0.000000,151.671309
35094,6782.489349,0.000000,56.000000,46.445143,0.000000,143.899721
35095,6782.489349,0.000000,56.000000,45.943751,0.000000,136.128134
35096,6782.489349,0.000000,56.000000,45.442358,0.000000,128.356546
35097,6782.489349,0.000000,56.000000,44.940965,0.000000,120.584958
35098,6782.489349,0.000000,56.000000,44.439572,0.000000,112.813370
35099,6782.489349,0.000000,56.000000,43.938180,0.000000,105.041783
35100,6782.489349,0.000000,56.000000,43.436787,0.000000,97.270195
35101,6782.489349,0.000000,56.000000,42.935394,0.000000,89.498607
35102,6782.489349,0.000000,56.000000,42.434001,0.000000,81.727019
35103,6782.489349,0.000000,56.000000,41.932609,0.000000,73.955432
35104,6782.489349,0.000000,56.000000,41.431216,0.000000,66.183844
35105,6782.489349,0.000000,56.000000,40.929823,0.000000,58.412256
35106,6782.489349,0.000000,56.000000,40.428430,0.000000,50.640669
35107,6782.489349,0.000000,56.000000,39.927037,0.000000,42.869081
35108,6782.489349,0.000000,56.000000,39.425645,0.000000,35.097493
35109,6782.489349,0.000000,56.000000,38.924252,0.000000,27.325905
35110,6782.489349,0.000000,56.000000,38.422859,0.000000,19.554318
35111,6782.489349,0.000000,56.000000,37.921466,0.000000,11.782730
35112,6782.489349,0.000000,56.000000,37.420074,0.000000,4.011142
35113,6782.489349,0.000000,56.000000,36.918681,0.000000,356.239554
35114,6782.489349,0.000000,56.000000,36.417288,0.000000,348.467967
35115,6782.489349,0.000000,56.000000,35.915895,0.000000,340.696379
35116,6782.489349,0.000000,56.000000,35.414503,0.000000,332.924791
35117,6782.489349,0.000000,56.000000,34.913110,0.000000,325.153203
35118,6782.489349,0.000000,56.000000,34.411717,0.000000,317.381616
35119,6782.489349,0.000000,56.000000,33.910324,0.000000,309.610028
35120,6782.489349,0.000000,56.000000,33.408932,0.000000,301.838440
35121,6782.489349,0.000000,56.000000,32.907539,0.000000,294.066852
35122,6782.489349,0.000000,56.000000,32.406146,0.000000,286.295265
35123,6782.489349,0.000000,56.000000,31.904753,0.000000,278.523677
35124,6782.489349,0.000000,56.000000,31.403361,0.000000,270.752089
35125,6782.489349,0.000000,56.000000,30.901968,0.000000,262.980501
35126,6782.489349,0.000000,56.000000,30.400575,0.000000,255.208914
35127,6782.489349,0.000000,56.000000,29.899182,0.000000,247.437326
35128,6782.489349,0.000000,56.000000,29.397790,0.000000,239.665738
35129,6782.489349,0.000000,56.000000,28.896397,0.000000,231.894150
35130,6782.489349,0.000000,56.000000,28.395004,0.000000,224.122563
35131,6782.489349,0.000000,56.000000,27.893611,0.000000,216.350975
35132,6782.489349,0.000000,56.000000,27.392219,0.000000,208.579387
35133,6782.489349,0.000000,56.000000,26.890826,0.000000,200.807799
35134,6782.489349,0.000000,56.000000,26.389433,0.000000,193.036212
35135,6782.489349,0.000000,56.000000,25.888040,0.000000,185.264624
35136,6782.489349,0.000000,56.000000,25.386647,0.000000,177.493036
35137,6782.489349,0.000000,56.000000,24.885255,0.000000,169.721448
35138,6782.489349,0.000000,56.000000,24.383862,0.000000,161.949861
35139,6782.489349,0.000000,56.000000,23.882469,0.000000,154.178273
35140,6782.489349,0.000000,56.000000,23.381076,0.000000,146.406685
35141,6782.489349,0.000000,56.000000,22.879684,0.000000,138.635097
35142,6782.489349,0.000000,56.000000,22.378291,0.000000,130.863510
35143,6782.489349,0.000000,56.000000,21.876898,0.000000,123.091922
35144,6782.489349,0.000000,56.000000,21.375505,0.000000,115.320334
35145,6782.489349,0.000000,56.000000,20.874113,0.000000,107.548747
35146,6782.489349,0.000000,56.000000,20.372720,0.000000,99.777159
35147,6782.489349,0.000000,56.000000,19.871327,0.000000,92.005571
35148,6782.489349,0.000000,56.000000,19.369934,0.000000,84.233983
35149,6782.489349,0.000000,56.000000,18.868542,0.000000,76.462396
35150,6782.489349,0.000000,56.000000,18.367149,0.000000,68.690808
35151,6782.489349,0.000000,56.000000,17.865756,0.000000,60.919220
35152,6782.489349,0.000000,56.000000,17.364363,0.000000,53.147632
35153,6782.489349,0.000000,56.000000,16.862971,0.000000,45.376045
35154,6782.489349,0.000000,56.000000,16.361578,0.000000,37.604457
35155,6782.489349,0.000000,56.000000,15.860185,0.000000,29.832869
35156,6782.489349,0.000000,56.000000,15.358792,0.000000,22.061281
35157,6782.489349,0.000000,56.000000,14.857400,0.000000,14.289694
35158,6782.489349,0.000000,56.000000,14.356007,0.000000,6.518106
35159,6782.489349,0.000000,56.000000,13.854614,0.000000,358.746518
35160,6782.489349,0.000000,56.000000,13.353221,0.000000,350.974930
35161,6782.489349,0.000000,56.000000,12.851829,0.000000,343.203343
35162,6782.489349,0.000000,56.000000,12.350436,0.000000,335.431755
35163,6782.489349,0.000000,56.000000,11.849043,0.000000,327.660167
35164,6782.489349,0.000000,56.000000,11.347650,0.000000,319.888579
35165,6782.489349,0.000000,56.000000,10.846258,0.000000,312.116992
35166,6782.489349,0.000000,56.000000,10.344865,0.000000,304.345404
35167,6782.489349,0.000000,56.000000,9.843472,0.000000,296.573816
35168,6782.489349,0.000000,56.000000,9.342079,0.000000,288.802228
35169,6782.489349,0.000000,56.000000,8.840686,0.000000,281.030641
35170,6782.489349,0.000000,56.000000,8.339294,0.000000,273.259053
35171,6782.489349,0.000000,56.000000,7.837901,0.000000,265.487465
35172,6782.489349,0.000000,56.000000,7.336508,0.000000,257.715877
35173,6782.489349,0.000000,56.000000,6.835115,0.000000,249.944290
35174,6782.489349,0.000000,56.000000,6.333723,0.000000,242.172702
35175,6782.489349,0.000000,56.000000,5.832330,0.000000,234.401114
35176,6782.489349,0.000000,56.000000,5.330937,0.000000,226.629526
35177,6782.489349,0.000000,56.000000,4.829544,0.000000,218.857939
35178,6782.489349,0.000000,56.000000,4.328152,0.000000,211.086351
35179,6782.489349,0.000000,56.000000,3.826759,0.000000,203.314763
35180,6782.489349,0.000000,56.000000,3.325366,0.000000,195.543175
35181,6782.489349,0.000000,56.000000,2.823973,0.000000,187.771588
35182,6782.489349,0.000000,56.000000,2.322581,0.000000,180.000000
35183,6782.489349,0.000000,56.000000,1.821188,0.000000,172.228412
35184,6782.489349,0.000000,56.000000,1.319795,0.000000,164.456825
35185,6782.489349,0.000000,56.000000,0.818402,0.000000,156.685237
35186,6782.489349,0.000000,56.000000,0.317010,0.000000,148.913649
35187,6782.489349,0.000000,56.000000,359.815617,0.000000,141.142061
35188,6782.489349,0.000000,56.000000,359.314224,0.000000,133.370474
35189,6782.489349,0.000000,56.000000,358.812831,0.000000,125.598886
35190,6782.489349,0.000000,56.000000,358.311439,0.000000,117.827298
35191,6782.489349,0.000000,56.000000,357.810046,0.000000,110.055710
35192,6782.489349,0.000000,56.000000,357.308653,0.000000,102.284123
35193,6782.489349,0.000000,56.000000,356.807260,0.000000,94.512535
35194,6782.489349,0.000000,56.000000,356.305868,0.000000,86.740947
35195,6782.489349,0.000000,56.000000,355.804475,0.000000,78.969359
35196,6782.489349,0.000000,56.000000,355.303082,0.000000,71.197772
35197,6782.489349,0.000000,56.000000,354.801689,0.000000,63.426184
35198,6782.489349,0.000000,56.000000,354.300297,0.000000,55.654596
35199,6782.489349,0.000000,56.000000,353.798904,0.000000,47.883008
35200,6782.489349,0.000000,56.000000,353.297511,0.000000,40.111421
35201,6782.489349,0.000000,56.000000,352.796118,0.000000,32.339833
35202,6782.489349,0.000000,56.000000,352.294725,0.000000,24.568245
35203,6782.489349,0.000000,56.000000,351.793333,0.000000,16.796657
35204,6782.489349,0.000000,56.000000,351.291940,0.000000,9.025070
35205,6782.489349,0.000000,56.000000,350.790547,0.000000,1.253482
35206,6782.489349,0.000000,56.000000,350.289154,0.000000,353.481894
35207,6782.489349,0.000000,56.000000,349.787762,0.000000,345.710306
35208,6782.489349,0.000000,56.000000,349.286369,0.000000,337.938719
35209,6782.489349,0.000000,56.000000,348.784976,0.000000,330.167131
35210,6782.489349,0.000000,56.000000,348.283583,0.000000,322.395543
35211,6782.489349,0.000000,56.000000,347.782191,0.000000,314.623955
35212,6782.489349,0.000000,56.000000,347.280798,0.000000,306.852368
35213,6782.489349,0.000000,56.000000,346.779405,0.000000,299.080780
35214,6782.489349,0.000000,56.000000,346.278012,0.000000,291.309192
35215,6782.489349,0.000000,56.000000,345.776620,0.000000,283.537604
35216,6782.489349,0.000000,56.000000,345.275227,0.000000,275.766017
35217,6782.489349,0.000000,56.000000,344.773834,0.000000,267.994429
35218,6782.489349,0.000000,56.000000,344.272441,0.000000,260.222841
35219,6782.489349,0.000000,56.000000,343.771049,0.000000,252.451253
35220,6782.489349,0.000000,56.000000,343.269656,0.000000,244.679666
35221,6782.489349,0.000000,56.000000,342.768263,0.000000,236.908078
35222,6782.489349,0.000000,56.000000,342.266870,0.000000,229.136490
35223,6782.489349,0.000000,56.000000,341.765478,0.000000,221.364903
35224,6782.489349,0.000000,56.000000,341.264085,0.000000,213.593315
35225,6782.489349,0.000000,56.000000,340.762692,0.000000,205.821727
35226,6782.489349,0.000000,56.000000,340.261299,0.000000,198.050139
35227,6782.489349,0.000000,56.000000,339.759907,0.000000,190.278552
35228,6782.489349,0.000000,56.000000,339.258514,0.000000,182.506964
35229,6782.489349,0.000000,56.000000,338.757121,0.000000,174.735376
35230,6782.489349,0.000000,56.000000,338.255728,0.000000,166.963788
35231,6782.489349,0.000000,56.000000,337.754336,0.000000,159.192201
35232,6782.489349,0.000000,56.000000,337.252943,0.000000,151.420613
35233,6782.489349,0.000000,56.000000,336.751550,0.000000,143.649025
35234,6782.489349,0.000000,56.000000,336.250157,0.000000,135.877437
35235,6782.489349,0.000000,56.000000,335.748764,0.000000,128.105850
35236,6782.489349,0.000000,56.000000,335.247372,0.000000,120.334262
35237,6782.489349,0.000000,56.000000,334.745979,0.000000,112.562674
35238,6782.489349,0.000000,56.000000,334.244586,0.000000,104.791086
35239,6782.489349,0.000000,56.000000,333.743193,0.000000,97.019499
35240,6782.489349,0.000000,56.000000,333.241801,0.000000,89.247911
35241,6782.489349,0.000000,56.000000,332.740408,0.000000,81.476323
35242,6782.489349,0.000000,56.000000,332.239015,0.000000,73.704735
35243,6782.489349,0.000000,56.000000,331.737622,0.000000,65.933148
35244,6782.489349,0.000000,56.000000,331.236230,0.000000,58.161560
35245,6782.489349,0.000000,56.000000,330.734837,0.000000,50.389972
35246,6782.489349,0.000000,56.000000,330.233444,0.000000,42.618384
35247,6782.489349,0.000000,56.000000,329.732051,0.000000,34.846797
35248,6782.489349,0.000000,56.000000,329.230659,0.000000,27.075209
35249,6782.489349,0.000000,56.000000,328.729266,0.000000,19.303621
35250,6782.489349,0.000000,56.000000,328.227873,0.000000,11.532033
35251,6782.489349,0.000000,56.000000,327.726480,0.000000,3.760446
35252,6782.489349,0.000000,56.000000,327.225088,0.000000,355.988858
35253,6782.489349,0.000000,56.000000,326.723695,0.000000,348.217270
35254,6782.489349,0.000000,56.000000,326.222302,0.000000,340.445682
35255,6782.489349,0.000000,56.000000,325.720909,0.000000,332.674095
35256,6782.489349,0.000000,56.000000,325.219517,0.000000,324.902507
35257,6782.489349,0.000000,56.000000,324.718124,0.000000,317.130919
35258,6782.489349,0.000000,56.000000,324.216731,0.000000,309.359331
35259,6782.489349,0.000000,56.000000,323.715338,0.000000,301.587744
35260,6782.489349,0.000000,56.000000,323.213946,0.000000,293.816156
35261,6782.489349,0.000000,56.000000,322.712553,0.000000,286.044568
35262,6782.489349,0.000000,56.000000,322.211160,0.000000,278.272981
35263,6782.489349,0.000000,56.000000,321.709767,0.000000,270.501393
35264,6782.489349,0.000000,56.000000,321.208375,0.000000,262.729805
35265,6782.489349,0.000000,56.000000,320.706982,0.000000,254.958217
35266,6782.489349,0.000000,56.000000,320.205589,0.000000,247.186630
35267,6782.489349,0.000000,56.000000,319.704196,0.000000,239.415042
35268,6782.489349,0.000000,56.000000,319.202803,0.000000,231.643454
35269,6782.489349,0.000000,56.000000,318.701411,0.000000,223.871866
35270,6782.489349,0.000000,56.000000,318.200018,0.000000,216.100279
35271,6782.489349,0.000000,56.000000,317.698625,0.000000,208.328691
35272,6782.489349,0.000000,56.000000,317.197232,0.000000,200.557103
35273,6782.489349,0.000000,56.000000,316.695840,0.000000,192.785515
35274,6782.489349,0.000000,56.000000,316.194447,0.000000,185.013928
35275,6782.489349,0.000000,56.000000,315.693054,0.000000,177.242340
35276,6782.489349,0.000000,56.000000,315.191661,0.000000,169.470752
35277,6782.489349,0.000000,56.000000,314.690269,0.000000,161.699164
35278,6782.489349,0.000000,56.000000,314.188876,0.000000,153.927577
35279,6782.489349,0.000000,56.000000,313.687483,0.000000,146.155989
35280,6782.489349,0.000000,56.000000,313.186090,0.000000,138.384401
35281,6782.489349,0.000000,56.000000,312.684698,0.000000,130.612813
35282,6782.489349,0.000000,56.000000,312.183305,0.000000,122.841226
35283,6782.489349,0.000000,56.000000,311.681912,0.000000,115.069638
35284,6782.489349,0.000000,56.000000,311.180519,0.000000,107.298050
35285,6782.489349,0.000000,56.000000,310.679127,0.000000,99.526462
35286,6782.489349,0.000000,56.000000,310.177734,0.000000,91.754875
35287,6782.489349,0.000000,56.000000,309.676341,0.000000,83.983287
35288,6782.489349,0.000000,56.000000,309.174948,0.000000,76.211699
35289,6782.489349,0.000000,56.000000,308.673556,0.000000,68.440111
35290,6782.489349,0.000000,56.000000,308.172163,0.000000,60.668524
35291,6782.489349,0.000000,56.000000,307.670770,0.000000,52.896936
35292,6782.489349,0.000000,56.000000,307.169377,0.000000,45.125348
35293,6782.489349,0.000000,56.000000,306.667985,0.000000,37.353760
35294,6782.489349,0.000000,56.000000,306.166592,0.000000,29.582173
35295,6782.489349,0.000000,56.000000,305.665199,0.000000,21.810585
35296,6782.489349,0.000000,56.000000,305.163806,0.000000,14.038997
35297,6782.489349,0.000000,56.000000,304.662414,0.000000,6.267409
35298,6782.489349,0.000000,56.000000,304.161021,0.000000,358.495822
35299,6782.489349,0.000000,56.000000,303.659628,0.000000,350.724234
35300,6782.489349,0.000000,56.000000,303.158235,0.000000,342.952646
35301,6782.489349,0.000000,56.000000,302.656842,0.000000,335.181058
35302,6782.489349,0.000000,56.000000,302.155450,0.000000,327.409471
35303,6782.489349,0.000000,56.000000,301.654057,0.000000,319.637883
35304,6782.489349,0.000000,56.000000,301.152664,0.000000,311.866295
35305,6782.489349,0.000000,56.000000,300.651271,0.000000,304.094708
35306,6782.489349,0.000000,56.000000,300.149879,0.000000,296.323120
35307,6782.489349,0.000000,56.000000,299.648486,0.000000,288.551532
35308,6782.489349,0.000000,56.000000,299.147093,0.000000,280.779944
35309,6782.489349,0.000000,56.000000,298.645700,0.000000,273.008357
35310,6782.489349,0.000000,56.000000,298.144308,0.000000,265.236769
35311,6782.489349,0.000000,56.000000,297.642915,0.000000,257.465181
35312,6782.489349,0.000000,56.000000,297.141522,0.000000,249.693593
35313,6782.489349,0.000000,56.000000,296.640129,0.000000,241.922006
35314,6782.489349,0.000000,56.000000,296.138737,0.000000,234.150418
35315,6782.489349,0.000000,56.000000,295.637344,0.000000,226.378830
35316,6782.489349,0.000000,56.000000,295.135951,0.000000,218.607242
35317,6782.489349,0.000000,56.000000,294.634558,0.000000,210.835655
35318,6782.489349,0.000000,56.000000,294.133166,0.000000,203.064067
35319,6782.489349,0.000000,56.000000,293.631773,0.000000,195.292479
35320,6782.489349,0.000000,56.000000,293.130380,0.000000,187.520891
35321,6782.489349,0.000000,56.000000,292.628987,0.000000,179.749304
35322,6782.489349,0.000000,56.000000,292.127595,0.000000,171.977716
35323,6782.489349,0.000000,56.000000,291.626202,0.000000,164.206128
35324,6782.489349,0.000000,56.000000,291.124809,0.000000,156.434540
35325,6782.489349,0.000000,56.000000,290.623416,0.000000,148.662953
35326,6782.489349,0.000000,56.000000,290.122024,0.000000,140.891365
35327,6782.489349,0.000000,56.000000,289.620631,0.000000,133.119777
35328,6782.489349,0.000000,56.000000,289.119238,0.000000,125.348189
35329,6782.489349,0.000000,56.000000,288.617845,0.000000,117.576602
35330,6782.489349,0.000000,56.000000,288.116453,0.000000,109.805014
35331,6782.489349,0.000000,56.000000,287.615060,0.000000,102.033426
35332,6782.489349,0.000000,56.000000,287.113667,0.000000,94.261838
35333,6782.489349,0.000000,56.000000,286.612274,0.000000,86.490251
35334,6782.489349,0.000000,56.000000,286.110881,0.000000,78.718663
35335,6782.489349,0.000000,56.000000,285.609489,0.000000,70.947075
35336,6782.489349,0.000000,56.000000,285.108096,0.000000,63.175487
35337,6782.489349,0.000000,56.000000,284.606703,0.000000,55.403900
35338,6782.489349,0.000000,56.000000,284.105310,0.000000,47.632312
35339,6782.489349,0.000000,56.000000,283.603918,0.000000,39.860724
35340,6782.489349,0.000000,56.000000,283.102525,0.000000,32.089136
35341,6782.489349,0.000000,56.000000,282.601132,0.000000,24.317549
35342,6782.489349,0.000000,56.000000,282.099739,0.000000,16.545961
35343,6782.489349,0.000000,56.000000,281.598347,0.000000,8.774373
35344,6782.489349,0.000000,56.000000,281.096954,0.000000,1.002786
35345,6782.489349,0.000000,56.000000,280.595561,0.000000,353.231198
35346,6782.489349,0.000000,56.000000,280.094168,0.000000,345.459610
35347,6782.489349,0.000000,56.000000,279.592776,0.000000,337.688022
35348,6782.489349,0.000000,56.000000,279.091383,0.000000,329.916435
35349,6782.489349,0.000000,56.000000,278.589990,0.000000,322.144847
35350,6782.489349,0.000000,56.000000,278.088597,0.000000,314.373259
35351,6782.489349,0.000000,56.000000,277.587205,0.000000,306.601671
35352,6782.489349,0.000000,56.000000,277.085812,0.000000,298.830084
35353,6782.489349,0.000000,56.000000,276.584419,0.000000,291.058496
35354,6782.489349,0.000000,56.000000,276.083026,0.000000,283.286908
35355,6782.489349,0.000000,56.000000,275.581634,0.000000,275.515320
35356,6782.489349,0.000000,56.000000,275.080241,0.000000,267.743733
35357,6782.489349,0.000000,56.000000,274.578848,0.000000,259.972145
35358,6782.489349,0.000000,56.000000,274.077455,0.000000,252.200557
35359,6782.489349,0.000000,56.000000,273.576063,0.000000,244.428969
35360,6782.489349,0.000000,56.000000,273.074670,0.000000,236.657382
35361,6782.489349,0.000000,56.000000,272.573277,0.000000,228.885794
35362,6782.489349,0.000000,56.000000,272.071884,0.000000,221.114206
35363,6782.489349,0.000000,56.000000,271.570492,0.000000,213.342618
35364,6782.489349,0.000000,56.000000,271.069099,0.000000,205.571031
35365,6782.489349,0.000000,56.000000,270.567706,0.000000,197.799443
35366,6782.489349,0.000000,56.000000,270.066313,0.000000,190.027855
35367,6782.489349,0.000000,56.000000,269.564920,0.000000,182.256267
35368,6782.489349,0.000000,56.000000,269.063528,0.000000,174.484680
35369,6782.489349,0.000000,56.000000,268.562135,0.000000,166.713092
35370,6782.489349,0.000000,56.000000,268.060742,0.000000,158.941504
35371,6782.489349,0.000000,56.000000,267.559349,0.000000,151.169916
35372,6782.489349,0.000000,56.000000,267.057957,0.000000,143.398329
35373,6782.489349,0.000000,56.000000,266.556564,0.000000,135.626741
35374,6782.489349,0.000000,56.000000,266.055171,0.000000,127.855153
35375,6782.489349,0.000000,56.000000,265.553778,0.000000,120.083565
35376,6782.489349,0.000000,56.000000,265.052386,0.000000,112.311978
35377,6782.489349,0.000000,56.000000,264.550993,0.000000,104.540390
35378,6782.489349,0.000000,56.000000,264.049600,0.000000,96.768802
35379,6782.489349,0.000000,56.000000,263.548207,0.000000,88.997214
35380,6782.489349,0.000000,56.000000,263.046815,0.000000,81.225627
35381,6782.489349,0.000000,56.000000,262.545422,0.000000,73.454039
35382,6782.489349,0.000000,56.000000,262.044029,0.000000,65.682451
35383,6782.489349,0.000000,56.000000,261.542636,0.000000,57.910864
35384,6782.489349,0.000000,56.000000,261.041244,0.000000,50.139276
35385,6782.489349,0.000000,56.000000,260.539851,0.000000,42.367688
35386,6782.489349,0.000000,56.000000,260.038458,0.000000,34.596100
35387,6782.489349,0.000000,56.000000,259.537065,0.000000,26.824513
35388,6782.489349,0.000000,56.000000,259.035673,0.000000,19.052925
35389,6782.489349,0.000000,56.000000,258.534280,0.000000,11.281337
35390,6782.489349,0.000000,56.000000,258.032887,0.000000,3.509749
35391,6782.489349,0.000000,56.000000,257.531494,0.000000,355.738162
35392,6782.489349,0.000000,56.000000,257.030102,0.000000,347.966574
35393,6782.489349,0.000000,56.000000,256.528709,0.000000,340.194986
35394,6782.489349,0.000000,56.000000,256.027316,0.000000,332.423398
35395,6782.489349,0.000000,56.000000,255.525923,0.000000,324.651811
35396,6782.489349,0.000000,56.000000,255.024531,0.000000,316.880223
35397,6782.489349,0.000000,56.000000,254.523138,0.000000,309.108635
35398,6782.489349,0.000000,56.000000,254.021745,0.000000,301.337047
35399,6782.489349,0.000000,56.000000,253.520352,0.000000,293.565460
35400,6782.489349,0.000000,56.000000,253.018959,0.000000,285.793872
35401,6782.489349,0.000000,56.000000,252.517567,0.000000,278.022284
35402,6782.489349,0.000000,56.000000,252.016174,0.000000,270.250696
35403,6782.489349,0.000000,56.000000,251.514781,0.000000,262.479109
35404,6782.489349,0.000000,56.000000,251.013388,0.000000,254.707521
35405,6782.489349,0.000000,56.000000,250.511996,0.000000,246.935933
35406,6782.489349,0.000000,56.000000,250.010603,0.000000,239.164345
35407,6782.489349,0.000000,56.000000,249.509210,0.000000,231.392758
35408,6782.489349,0.000000,56.000000,249.007817,0.000000,223.621170
35409,6782.489349,0.000000,56.000000,248.506425,0.000000,215.849582
35410,6782.489349,0.000000,56.000000,248.005032,0.000000,208.077994
35411,6782.489349,0.000000,56.000000,247.503639,0.000000,200.306407
35412,6782.489349,0.000000,56.000000,247.002246,0.000000,192.534819
35413,6782.489349,0.000000,56.000000,246.500854,0.000000,184.763231
35414,6782.489349,0.000000,56.000000,245.999461,0.000000,176.991643
35415,6782.489349,0.000000,56.000000,245.498068,0.000000,169.220056
35416,6782.489349,0.000000,56.000000,244.996675,0.000000,161.448468
35417,6782.489349,0.000000,56.000000,244.495283,0.000000,153.676880
35418,6782.489349,0.000000,56.000000,243.993890,0.000000,145.905292
35419,6782.489349,0.000000,56.000000,243.492497,0.000000,138.133705
35420,6782.489349,0.000000,56.000000,242.991104,0.000000,130.362117
35421,6782.489349,0.000000,56.000000,242.489712,0.000000,122.590529
35422,6782.489349,0.000000,56.000000,241.988319,0.000000,114.818942
35423,6782.489349,0.000000,56.000000,241.486926,0.000000,107.047354
35424,6782.489349,0.000000,56.000000,240.985533,0.000000,99.275766
35425,6782.489349,0.000000,56.000000,240.484141,0.000000,91.504178
35426,6782.489349,0.000000,56.000000,239.982748,0.000000,83.732591
35427,6782.489349,0.000000,56.000000,239.481355,0.000000,75.961003
35428,6782.489349,0.000000,56.000000,238.979962,0.000000,68.189415
35429,6782.489349,0.000000,56.000000,238.478570,0.000000,60.417827
35430,6782.489349,0.000000,56.000000,237.977177,0.000000,52.646240
35431,6782.489349,0.000000,56.000000,237.475784,0.000000,44.874652
35432,6782.489349,0.000000,56.000000,236.974391,0.000000,37.103064
35433,6782.489349,0.000000,56.000000,236.472998,0.000000,29.331476
35434,6782.489349,0.000000,56.000000,235.971606,0.000000,21.559889
35435,6782.489349,0.000000,56.000000,235.470213,0.000000,13.788301
35436,6782.489349,0.000000,56.000000,234.968820,0.000000,6.016713
35437,6782.489349,0.000000,56.000000,234.467427,0.000000,358.245125
35438,6782.489349,0.000000,56.000000,233.966035,0.000000,350.473538
35439,6782.489349,0.000000,56.000000,233.464642,0.000000,342.701950
35440,6782.489349,0.000000,56.000000,232.963249,0.000000,334.930362
35441,6782.489349,0.000000,56.000000,232.461856,0.000000,327.158774
35442,6782.489349,0.000000,56.000000,231.960464,0.000000,319.387187
35443,6782.489349,0.000000,56.000000,231.459071,0.000000,311.615599
35444,6782.489349,0.000000,56.000000,230.957678,0.000000,303.844011
35445,6782.489349,0.000000,56.000000,230.456285,0.000000,296.072423
35446,6782.489349,0.000000,56.000000,229.954893,0.000000,288.300836
35447,6782.489349,0.000000,56.000000,229.453500,0.000000,280.529248
35448,6782.489349,0.000000,56.000000,228.952107,0.000000,272.757660
35449,6782.489349,0.000000,56.000000,228.450714,0.000000,264.986072
35450,6782.489349,0.000000,56.000000,227.949322,0.000000,257.214485
35451,6782.489349,0.000000,56.000000,227.447929,0.000000,249.442897
35452,6782.489349,0.000000,56.000000,226.946536,0.000000,241.671309
35453,6782.489349,0.000000,56.000000,226.445143,0.000000,233.899721
35454,6782.489349,0.000000,56.000000,225.943751,0.000000,226.128134
35455,6782.489349,0.000000,56.000000,225.442358,0.000000,218.356546
35456,6782.489349,0.000000,56.000000,224.940965,0.000000,210.584958
35457,6782.489349,0.000000,56.000000,224.439572,0.000000,202.813370
35458,6782.489349,0.000000,56.000000,223.938180,0.000000,195.041783
35459,6782.489349,0.000000,56.000000,223.436787,0.000000,187.270195
35460,6782.489349,0.000000,56.000000,222.935394,0.000000,179.498607
35461,6782.489349,0.000000,56.000000,222.434001,0.000000,171.727019
35462,6782.489349,0.000000,56.000000,221.932609,0.000000,163.955432
35463,6782.489349,0.000000,56.000000,221.431216,0.000000,156.183844
35464,6782.489349,0.000000,56.000000,220.929823,0.000000,148.412256
35465,6782.489349,0.000000,56.000000,220.428430,0.000000,140.640669
35466,6782.489349,0.000000,56.000000,219.927037,0.000000,132.869081
35467,6782.489349,0.000000,56.000000,219.425645,0.000000,125.097493
35468,6782.489349,0.000000,56.000000,218.924252,0.000000,117.325905
35469,6782.489349,0.000000,56.000000,218.422859,0.000000,109.554318
35470,6782.489349,0.000000,56.000000,217.921466,0.000000,101.782730
35471,6782.489349,0.000000,56.000000,217.420074,0.000000,94.011142
35472,6782.489349,0.000000,56.000000,216.918681,0.000000,86.239554
35473,6782.489349,0.000000,56.000000,216.417288,0.000000,78.467967
35474,6782.489349,0.000000,56.000000,215.915895,0.000000,70.696379
35475,6782.489349,0.000000,56.000000,215.414503,0.000000,62.924791
35476,6782.489349,0.000000,56.000000,214.913110,0.000000,55.153203
35477,6782.489349,0.000000,56.000000,214.411717,0.000000,47.381616
35478,6782.489349,0.000000,56.000000,213.910324,0.000000,39.610028
35479,6782.489349,0.000000,56.000000,213.408932,0.000000,31.838440
35480,6782.489349,0.000000,56.000000,212.907539,0.000000,24.066852
35481,6782.489349,0.000000,56.000000,212.406146,0.000000,16.295265
35482,6782.489349,0.000000,56.000000,211.904753,0.000000,8.523677
35483,6782.489349,0.000000,56.000000,211.403361,0.000000,0.752089
35484,6782.489349,0.000000,56.000000,210.901968,0.000000,352.980501
35485,6782.489349,0.000000,56.000000,210.400575,0.000000,345.208914
35486,6782.489349,0.000000,56.000000,209.899182,0.000000,337.437326
35487,6782.489349,0.000000,56.000000,209.397790,0.000000,329.665738
35488,6782.489349,0.000000,56.000000,208.896397,0.000000,321.894150
35489,6782.489349,0.000000,56.000000,208.395004,0.000000,314.122563
35490,6782.489349,0.000000,56.000000,207.893611,0.000000,306.350975
35491,6782.489349,0.000000,56.000000,207.392219,0.000000,298.579387
35492,6782.489349,0.000000,56.000000,206.890826,0.000000,290.807799
35493,6782.489349,0.000000,56.000000,206.389433,0.000000,283.036212
35494,6782.489349,0.000000,56.000000,205.888040,0.000000,275.264624
35495,6782.489349,0.000000,56.000000,205.386647,0.000000,267.493036
35496,6782.489349,0.000000,56.000000,204.885255,0.000000,259.721448
35497,6782.489349,0.000000,56.000000,204.383862,0.000000,251.949861
35498,6782.489349,0.000000,56.000000,203.882469,0.000000,244.178273
35499,6782.489349,0.000000,56.000000,203.381076,0.000000,236.406685
35500,6782.489349,0.000000,56.000000,202.879684,0.000000,228.635097
35501,6782.489349,0.000000,56.000000,202.378291,0.000000,220.863510
35502,6782.489349,0.000000,56.000000,201.876898,0.000000,213.091922
35503,6782.489349,0.000000,56.000000,201.375505,0.000000,205.320334
35504,6782.489349,0.000000,56.000000,200.874113,0.000000,197.548747
35505,6782.489349,0.000000,56.000000,200.372720,0.000000,189.777159
35506,6782.489349,0.000000,56.000000,199.871327,0.000000,182.005571
35507,6782.489349,0.000000,56.000000,199.369934,0.000000,174.233983
35508,6782.489349,0.000000,56.000000,198.868542,0.000000,166.462396
35509,6782.489349,0.000000,56.000000,198.367149,0.000000,158.690808
35510,6782.489349,0.000000,56.000000,197.865756,0.000000,150.919220
35511,6782.489349,0.000000,56.000000,197.364363,0.000000,143.147632
35512,6782.489349,0.000000,56.000000,196.862971,0.000000,135.376045
35513,6782.489349,0.000000,56.000000,196.361578,0.000000,127.604457
35514,6782.489349,0.000000,56.000000,195.860185,0.000000,119.832869
35515,6782.489349,0.000000,56.000000,195.358792,0.000000,112.061281
35516,6782.489349,0.000000,56.000000,194.857400,0.000000,104.289694
35517,6782.489349,0.000000,56.000000,194.356007,0.000000,96.518106
35518,6782.489349,0.000000,56.000000,193.854614,0.000000,88.746518
35519,6782.489349,0.000000,56.000000,193.353221,0.000000,80.974930
35520,6782.489349,0.000000,56.000000,192.851829,0.000000,73.203343
35521,6782.489349,0.000000,56.000000,192.350436,0.000000,65.431755
35522,6782.489349,0.000000,56.000000,191.849043,0.000000,57.660167
35523,6782.489349,0.000000,56.000000,191.347650,0.000000,49.888579
35524,6782.489349,0.000000,56.000000,190.846258,0.000000,42.116992
35525,6782.489349,0.000000,56.000000,190.344865,0.000000,34.345404
35526,6782.489349,0.000000,56.000000,189.843472,0.000000,26.573816
35527,6782.489349,0.000000,56.000000,189.342079,0.000000,18.802228
35528,6782.489349,0.000000,56.000000,188.840686,0.000000,11.030641
35529,6782.489349,0.000000,56.000000,188.339294,0.000000,3.259053
35530,6782.489349,0.000000,56.000000,187.837901,0.000000,355.487465
35531,6782.489349,0.000000,56.000000,187.336508,0.000000,347.715877
35532,6782.489349,0.000000,56.000000,186.835115,0.000000,339.944290
35533,6782.489349,0.000000,56.000000,186.333723,0.000000,332.172702
35534,6782.489349,0.000000,56.000000,185.832330,0.000000,324.401114
35535,6782.489349,0.000000,56.000000,185.330937,0.000000,316.629526
35536,6782.489349,0.000000,56.000000,184.829544,0.000000,308.857939
35537,6782.489349,0.000000,56.000000,184.328152,0.000000,301.086351
35538,6782.489349,0.000000,56.000000,183.826759,0.000000,293.314763
35539,6782.489349,0.000000,56.000000,183.325366,0.000000,285.543175
35540,6782.489349,0.000000,56.000000,182.823973,0.000000,277.771588
35541,6782.489349,0.000000,56.000000,182.322581,0.000000,270.000000
35542,6782.489349,0.000000,56.000000,181.821188,0.000000,262.228412
35543,6782.489349,0.000000,56.000000,181.319795,0.000000,254.456825
35544,6782.489349,0.000000,56.000000,180.818402,0.000000,246.685237
35545,6782.489349,0.000000,56.000000,180.317010,0.000000,238.913649
35546,6782.489349,0.000000,56.000000,179.815617,0.000000,231.142061
35547,6782.489349,0.000000,56.000000,179.314224,0.000000,223.370474
35548,6782.489349,0.000000,56.000000,178.812831,0.000000,215.598886
35549,6782.489349,0.000000,56.000000,178.311439,0.000000,207.827298
35550,6782.489349,0.000000,56.000000,177.810046,0.000000,200.055710
35551,6782.489349,0.000000,56.000000,177.308653,0.000000,192.284123
35552,6782.489349,0.000000,56.000000,176.807260,0.000000,184.512535
35553,6782.489349,0.000000,56.000000,176.305868,0.000000,176.740947
35554,6782.489349,0.000000,56.000000,175.804475,0.000000,168.969359
35555,6782.489349,0.000000,56.000000,175.303082,0.000000,161.197772
35556,6782.489349,0.000000,56.000000,174.801689,0.000000,153.426184
35557,6782.489349,0.000000,56.000000,174.300297,0.000000,145.654596
35558,6782.489349,0.000000,56.000000,173.798904,0.000000,137.883008
35559,6782.489349,0.000000,56.000000,173.297511,0.000000,130.111421
35560,6782.489349,0.000000,56.000000,172.796118,0.000000,122.339833
35561,6782.489349,0.000000,56.000000,172.294725,0.000000,114.568245
35562,6782.489349,0.000000,56.000000,171.793333,0.000000,106.796657
35563,6782.489349,0.000000,56.000000,171.291940,0.000000,99.025070
35564,6782.489349,0.000000,56.000000,170.790547,0.000000,91.253482
35565,6782.489349,0.000000,56.000000,170.289154,0.000000,83.481894
35566,6782.489349,0.000000,56.000000,169.787762,0.000000,75.710306
35567,6782.489349,0.000000,56.000000,169.286369,0.000000,67.938719
35568,6782.489349,0.000000,56.000000,168.784976,0.000000,60.167131
35569,6782.489349,0.000000,56.000000,168.283583,0.000000,52.395543
35570,6782.489349,0.000000,56.000000,167.782191,0.000000,44.623955
35571,6782.489349,0.000000,56.000000,167.280798,0.000000,36.852368
35572,6782.489349,0.000000,56.000000,166.779405,0.000000,29.080780
35573,6782.489349,0.000000,56.000000,166.278012,0.000000,21.309192
35574,6782.489349,0.000000,56.000000,165.776620,0.000000,13.537604
35575,6782.489349,0.000000,56.000000,165.275227,0.000000,5.766017
35576,6782.489349,0.000000,56.000000,164.773834,0.000000,357.994429
35577,6782.489349,0.000000,56.000000,164.272441,0.000000,350.222841
35578,6782.489349,0.000000,56.000000,163.771049,0.000000,342.451253
35579,6782.489349,0.000000,56.000000,163.269656,0.000000,334.679666
35580,6782.489349,0.000000,56.000000,162.768263,0.000000,326.908078
35581,6782.489349,0.000000,56.000000,162.266870,0.000000,319.136490
35582,6782.489349,0.000000,56.000000,161.765478,0.000000,311.364903
35583,6782.489349,0.000000,56.000000,161.264085,0.000000,303.593315
35584,6782.489349,0.000000,56.000000,160.762692,0.000000,295.821727
35585,6782.489349,0.000000,56.000000,160.261299,0.000000,288.050139
35586,6782.489349,0.000000,56.000000,159.759907,0.000000,280.278552
35587,6782.489349,0.000000,56.000000,159.258514,0.000000,272.506964
35588,6782.489349,0.000000,56.000000,158.757121,0.000000,264.735376
35589,6782.489349,0.000000,56.000000,158.255728,0.000000,256.963788
35590,6782.489349,0.000000,56.000000,157.754336,0.000000,249.192201
35591,6782.489349,0.000000,56.000000,157.252943,0.000000,241.420613
35592,6782.489349,0.000000,56.000000,156.751550,0.000000,233.649025
35593,6782.489349,0.000000,56.000000,156.250157,0.000000,225.877437
35594,6782.489349,0.000000,56.000000,155.748764,0.000000,218.105850
35595,6782.489349,0.000000,56.000000,155.247372,0.000000,210.334262
35596,6782.489349,0.000000,56.000000,154.745979,0.000000,202.562674
35597,6782.489349,0.000000,56.000000,154.244586,0.000000,194.791086
35598,6782.489349,0.000000,56.000000,153.743193,0.000000,187.019499
35599,6782.489349,0.000000,56.000000,153.241801,0.000000,179.247911
35600,6782.489349,0.000000,56.000000,152.740408,0.000000,171.476323
35601,6782.489349,0.000000,56.000000,152.239015,0.000000,163.704735
35602,6782.489349,0.000000,56.000000,151.737622,0.000000,155.933148
35603,6782.489349,0.000000,56.000000,151.236230,0.000000,148.161560
35604,6782.489349,0.000000,56.000000,150.734837,0.000000,140.389972
35605,6782.489349,0.000000,56.000000,150.233444,0.000000,132.618384
35606,6782.489349,0.000000,56.000000,149.732051,0.000000,124.846797
35607,6782.489349,0.000000,56.000000,149.230659,0.000000,117.075209
35608,6782.489349,0.000000,56.000000,148.729266,0.000000,109.303621
35609,6782.489349,0.000000,56.000000,148.227873,0.000000,101.532033
35610,6782.489349,0.000000,56.000000,147.726480,0.000000,93.760446
35611,6782.489349,0.000000,56.000000,147.225088,0.000000,85.988858
35612,6782.489349,0.000000,56.000000,146.723695,0.000000,78.217270
35613,6782.489349,0.000000,56.000000,146.222302,0.000000,70.445682
35614,6782.489349,0.000000,56.000000,145.720909,0.000000,62.674095
35615,6782.489349,0.000000,56.000000,145.219517,0.000000,54.902507
35616,6782.489349,0.000000,56.000000,144.718124,0.000000,47.130919
35617,6782.489349,0.000000,56.000000,144.216731,0.000000,39.359331
35618,6782.489349,0.000000,56.000000,143.715338,0.000000,31.587744
35619,6782.489349,0.000000,56.000000,143.213946,0.000000,23.816156
35620,6782.489349,0.000000,56.000000,142.712553,0.000000,16.044568
35621,6782.489349,0.000000,56.000000,142.211160,0.000000,8.272981
35622,6782.489349,0.000000,56.000000,141.709767,0.000000,0.501393
35623,6782.489349,0.000000,56.000000,141.208375,0.000000,352.729805
35624,6782.489349,0.000000,56.000000,140.706982,0.000000,344.958217
35625,6782.489349,0.000000,56.000000,140.205589,0.000000,337.186630
35626,6782.489349,0.000000,56.000000,139.704196,0.000000,329.415042
35627,6782.489349,0.000000,56.000000,139.202803,0.000000,321.643454
35628,6782.489349,0.000000,56.000000,138.701411,0.000000,313.871866
35629,6782.489349,0.000000,56.000000,138.200018,0.000000,306.100279
35630,6782.489349,0.000000,56.000000,137.698625,0.000000,298.328691
35631,6782.489349,0.000000,56.000000,137.197232,0.000000,290.557103
35632,6782.489349,0.000000,56.000000,136.695840,0.000000,282.785515
35633,6782.489349,0.000000,56.000000,136.194447,0.000000,275.013928
35634,6782.489349,0.000000,56.000000,135.693054,0.000000,267.242340
35635,6782.489349,0.000000,56.000000,135.191661,0.000000,259.470752
35636,6782.489349,0.000000,56.000000,134.690269,0.000000,251.699164
35637,6782.489349,0.000000,56.000000,134.188876,0.000000,243.927577
35638,6782.489349,0.000000,56.000000,133.687483,0.000000,236.155989
35639,6782.489349,0.000000,56.000000,133.186090,0.000000,228.384401
35640,6782.489349,0.000000,56.000000,132.684698,0.000000,220.612813
35641,6782.489349,0.000000,56.000000,132.183305,0.000000,212.841226
35642,6782.489349,0.000000,56.000000,131.681912,0.000000,205.069638
35643,6782.489349,0.000000,56.000000,131.180519,0.000000,197.298050
35644,6782.489349,0.000000,56.000000,130.679127,0.000000,189.526462
35645,6782.489349,0.000000,56.000000,130.177734,0.000000,181.754875
35646,6782.489349,0.000000,56.000000,129.676341,0.000000,173.983287
35647,6782.489349,0.000000,56.000000,129.174948,0.000000,166.211699
35648,6782.489349,0.000000,56.000000,128.673556,0.000000,158.440111
35649,6782.489349,0.000000,56.000000,128.172163,0.000000,150.668524
35650,6782.489349,0.000000,56.000000,127.670770,0.000000,142.896936
35651,6782.489349,0.000000,56.000000,127.169377,0.000000,135.125348
35652,6782.489349,0.000000,56.000000,126.667985,0.000000,127.353760
35653,6782.489349,0.000000,56.000000,126.166592,0.000000,119.582173
35654,6782.489349,0.000000,56.000000,125.665199,0.000000,111.810585
35655,6782.489349,0.000000,56.000000,125.163806,0.000000,104.038997
35656,6782.489349,0.000000,56.000000,124.662414,0.000000,96.267409
35657,6782.489349,0.000000,56.000000,124.161021,0.000000,88.495822
35658,6782.489349,0.000000,56.000000,123.659628,0.000000,80.724234
35659,6782.489349,0.000000,56.000000,123.158235,0.000000,72.952646
35660,6782.489349,0.000000,56.000000,122.656842,0.000000,65.181058
35661,6782.489349,0.000000,56.000000,122.155450,0.000000,57.409471
35662,6782.489349,0.000000,56.000000,121.654057,0.000000,49.637883
35663,6782.489349,0.000000,56.000000,121.152664,0.000000,41.866295
35664,6782.489349,0.000000,56.000000,120.651271,0.000000,34.094708
35665,6782.489349,0.000000,56.000000,120.149879,0.000000,26.323120
35666,6782.489349,0.000000,56.000000,119.648486,0.000000,18.551532
35667,6782.489349,0.000000,56.000000,119.147093,0.000000,10.779944
35668,6782.489349,0.000000,56.000000,118.645700,0.000000,3.008357
35669,6782.489349,0.000000,56.000000,118.144308,0.000000,355.236769
35670,6782.489349,0.000000,56.000000,117.642915,0.000000,347.465181
35671,6782.489349,0.000000,56.000000,117.141522,0.000000,339.693593
35672,6782.489349,0.000000,56.000000,116.640129,0.000000,331.922006
35673,6782.489349,0.000000,56.000000,116.138737,0.000000,324.150418
35674,6782.489349,0.000000,56.000000,115.637344,0.000000,316.378830
35675,6782.489349,0.000000,56.000000,115.135951,0.000000,308.607242
35676,6782.489349,0.000000,56.000000,114.634558,0.000000,300.835655
35677,6782.489349,0.000000,56.000000,114.133166,0.000000,293.064067
35678,6782.489349,0.000000,56.000000,113.631773,0.000000,285.292479
35679,6782.489349,0.000000,56.000000,113.130380,0.000000,277.520891
35680,6782.489349,0.000000,56.000000,112.628987,0.000000,269.749304
35681,6782.489349,0.000000,56.000000,112.127595,0.000000,261.977716
35682,6782.489349,0.000000,56.000000,111.626202,0.000000,254.206128
35683,6782.489349,0.000000,56.000000,111.124809,0.000000,246.434540
35684,6782.489349,0.000000,56.000000,110.623416,0.000000,238.662953
35685,6782.489349,0.000000,56.000000,110.122024,0.000000,230.891365
35686,6782.489349,0.000000,56.000000,109.620631,0.000000,223.119777
35687,6782.489349,0.000000,56.000000,109.119238,0.000000,215.348189
35688,6782.489349,0.000000,56.000000,108.617845,0.000000,207.576602
35689,6782.489349,0.000000,56.000000,108.116453,0.000000,199.805014
35690,6782.489349,0.000000,56.000000,107.615060,0.000000,192.033426
35691,6782.489349,0.000000,56.000000,107.113667,0.000000,184.261838
35692,6782.489349,0.000000,56.000000,106.612274,0.000000,176.490251
35693,6782.489349,0.000000,56.000000,106.110881,0.000000,168.718663
35694,6782.489349,0.000000,56.000000,105.609489,0.000000,160.947075
35695,6782.489349,0.000000,56.000000,105.108096,0.000000,153.175487
35696,6782.489349,0.000000,56.000000,104.606703,0.000000,145.403900
35697,6782.489349,0.000000,56.000000,104.105310,0.000000,137.632312
35698,6782.489349,0.000000,56.000000,103.603918,0.000000,129.860724
35699,6782.489349,0.000000,56.000000,103.102525,0.000000,122.089136
35700,6782.489349,0.000000,56.000000,102.601132,0.000000,114.317549
35701,6782.489349,0.000000,56.000000,102.099739,0.000000,106.545961
35702,6782.489349,0.000000,56.000000,101.598347,0.000000,98.774373
35703,6782.489349,0.000000,56.000000,101.096954,0.000000,91.002786
35704,6782.489349,0.000000,56.000000,100.595561,0.000000,83.231198
35705,6782.489349,0.000000,56.000000,100.094168,0.000000,75.459610
35706,6782.489349,0.000000,56.000000,99.592776,0.000000,67.688022
35707,6782.489349,0.000000,56.000000,99.091383,0.000000,59.916435
35708,6782.489349,0.000000,56.000000,98.589990,0.000000,52.144847
35709,6782.489349,0.000000,56.000000,98.088597,0.000000,44.373259
35710,6782.489349,0.000000,56.000000,97.587205,0.000000,36.601671
35711,6782.489349,0.000000,56.000000,97.085812,0.000000,28.830084
35712,6782.489349,0.000000,56.000000,96.584419,0.000000,21.058496
35713,6782.489349,0.000000,56.000000,96.083026,0.000000,13.286908
35714,6782.489349,0.000000,56.000000,95.581634,0.000000,5.515320
35715,6782.489349,0.000000,56.000000,95.080241,0.000000,357.743733
35716,6782.489349,0.000000,56.000000,94.578848,0.000000,349.972145
35717,6782.489349,0.000000,56.000000,94.077455,0.000000,342.200557
35718,6782.489349,0.000000,56.000000,93.576063,0.000000,334.428969
35719,6782.489349,0.000000,56.000000,93.074670,0.000000,326.657382
35720,6782.489349,0.000000,56.000000,92.573277,0.000000,318.885794
35721,6782.489349,0.000000,56.000000,92.071884,0.000000,311.114206
35722,6782.489349,0.000000,56.000000,91.570492,0.000000,303.342618
35723,6782.489349,0.000000,56.000000,91.069099,0.000000,295.571031
35724,6782.489349,0.000000,56.000000,90.567706,0.000000,287.799443
35725,6782.489349,0.000000,56.000000,90.066313,0.000000,280.027855
35726,6782.489349,0.000000,56.000000,89.564920,0.000000,272.256267
35727,6782.489349,0.000000,56.000000,89.063528,0.000000,264.484680
35728,6782.489349,0.000000,56.000000,88.562135,0.000000,256.713092
35729,6782.489349,0.000000,56.000000,88.060742,0.000000,248.941504
35730,6782.489349,0.000000,56.000000,87.559349,0.000000,241.169916
35731,6782.489349,0.000000,56.000000,87.057957,0.000000,233.398329
35732,6782.489349,0.000000,56.000000,86.556564,0.000000,225.626741
35733,6782.489349,0.000000,56.000000,86.055171,0.000000,217.855153
35734,6782.489349,0.000000,56.000000,85.553778,0.000000,210.083565
35735,6782.489349,0.000000,56.000000,85.052386,0.000000,202.311978
35736,6782.489349,0.000000,56.000000,84.550993,0.000000,194.540390
35737,6782.489349,0.000000,56.000000,84.049600,0.000000,186.768802
35738,6782.489349,0.000000,56.000000,83.548207,0.000000,178.997214
35739,6782.489349,0.000000,56.000000,83.046815,0.000000,171.225627
35740,6782.489349,0.000000,56.000000,82.545422,0.000000,163.454039
35741,6782.489349,0.000000,56.000000,82.044029,0.000000,155.682451
35742,6782.489349,0.000000,56.000000,81.542636,0.000000,147.910864
35743,6782.489349,0.000000,56.000000,81.041244,0.000000,140.139276
35744,6782.489349,0.000000,56.000000,80.539851,0.000000,132.367688
35745,6782.489349,0.000000,56.000000,80.038458,0.000000,124.596100
35746,6782.489349,0.000000,56.000000,79.537065,0.000000,116.824513
35747,6782.489349,0.000000,56.000000,79.035673,0.000000,109.052925
35748,6782.489349,0.000000,56.000000,78.534280,0.000000,101.281337
35749,6782.489349,0.000000,56.000000,78.032887,0.000000,93.509749
35750,6782.489349,0.000000,56.000000,77.531494,0.000000,85.738162
35751,6782.489349,0.000000,56.000000,77.030102,0.000000,77.966574
35752,6782.489349,0.000000,56.000000,76.528709,0.000000,70.194986
35753,6782.489349,0.000000,56.000000,76.027316,0.000000,62.423398
35754,6782.489349,0.000000,56.000000,75.525923,0.000000,54.651811
35755,6782.489349,0.000000,56.000000,75.024531,0.000000,46.880223
35756,6782.489349,0.000000,56.000000,74.523138,0.000000,39.108635
35757,6782.489349,0.000000,56.000000,74.021745,0.000000,31.337047
35758,6782.489349,0.000000,56.000000,73.520352,0.000000,23.565460
35759,6782.489349,0.000000,56.000000,73.018959,0.000000,15.793872
35760,6782.489349,0.000000,56.000000,72.517567,0.000000,8.022284
35761,6782.489349,0.000000,56.000000,72.016174,0.000000,0.250696
35762,6782.489349,0.000000,56.000000,71.514781,0.000000,352.479109
35763,6782.489349,0.000000,56.000000,71.013388,0.000000,344.707521
35764,6782.489349,0.000000,56.000000,70.511996,0.000000,336.935933
35765,6782.489349,0.000000,56.000000,70.010603,0.000000,329.164345
35766,6782.489349,0.000000,56.000000,69.509210,0.000000,321.392758
35767,6782.489349,0.000000,56.000000,69.007817,0.000000,313.621170
35768,6782.489349,0.000000,56.000000,68.506425,0.000000,305.849582
35769,6782.489349,0.000000,56.000000,68.005032,0.000000,298.077994
35770,6782.489349,0.000000,56.000000,67.503639,0.000000,290.306407
35771,6782.489349,0.000000,56.000000,67.002246,0.000000,282.534819
35772,6782.489349,0.000000,56.000000,66.500854,0.000000,274.763231
35773,6782.489349,0.000000,56.000000,65.999461,0.000000,266.991643
35774,6782.489349,0.000000,56.000000,65.498068,0.000000,259.220056
35775,6782.489349,0.000000,56.000000,64.996675,0.000000,251.448468
35776,6782.489349,0.000000,56.000000,64.495283,0.000000,243.676880
35777,6782.489349,0.000000,56.000000,63.993890,0.000000,235.905292
35778,6782.489349,0.000000,56.000000,63.492497,0.000000,228.133705
35779,6782.489349,0.000000,56.000000,62.991104,0.000000,220.362117
35780,6782.489349,0.000000,56.000000,62.489712,0.000000,212.590529
35781,6782.489349,0.000000,56.000000,61.988319,0.000000,204.818942
35782,6782.489349,0.000000,56.000000,61.486926,0.000000,197.047354
35783,6782.489349,0.000000,56.000000,60.985533,0.000000,189.275766
35784,6782.489349,0.000000,56.000000,60.484141,0.000000,181.504178
35785,6782.489349,0.000000,56.000000,59.982748,0.000000,173.732591
35786,6782.489349,0.000000,56.000000,59.481355,0.000000,165.961003
35787,6782.489349,0.000000,56.000000,58.979962,0.000000,158.189415
35788,6782.489349,0.000000,56.000000,58.478570,0.000000,150.417827
35789,6782.489349,0.000000,56.000000,57.977177,0.000000,142.646240
35790,6782.489349,0.000000,56.000000,57.475784,0.000000,134.874652
35791,6782.489349,0.000000,56.000000,56.974391,0.000000,127.103064
35792,6782.489349,0.000000,56.000000,56.472998,0.000000,119.331476
35793,6782.489349,0.000000,56.000000,55.971606,0.000000,111.559889
35794,6782.489349,0.000000,56.000000,55.470213,0.000000,103.788301
35795,6782.489349,0.000000,56.000000,54.968820,0.000000,96.016713
35796,6782.489349,0.000000,56.000000,54.467427,0.000000,88.245125
35797,6782.489349,0.000000,56.000000,53.966035,0.000000,80.473538
35798,6782.489349,0.000000,56.000000,53.464642,0.000000,72.701950
35799,6782.489349,0.000000,56.000000,52.963249,0.000000,64.930362
35800,6782.489349,0.000000,56.000000,52.461856,0.000000,57.158774
35801,6782.489349,0.000000,56.000000,51.960464,0.000000,49.387187
35802,6782.489349,0.000000,56.000000,51.459071,0.000000,41.615599
35803,6782.489349,0.000000,56.000000,50.957678,0.000000,33.844011
35804,6782.489349,0.000000,56.000000,50.456285,0.000000,26.072423
35805,6782.489349,0.000000,56.000000,49.954893,0.000000,18.300836
35806,6782.489349,0.000000,56.000000,49.453500,0.000000,10.529248
35807,6782.489349,0.000000,56.000000,48.952107,0.000000,2.757660
35808,6782.489349,0.000000,56.000000,48.450714,0.000000,354.986072
35809,6782.489349,0.000000,56.000000,47.949322,0.000000,347.214485
35810,6782.489349,0.000000,56.000000,47.447929,0.000000,339.442897
35811,6782.489349,0.000000,56.000000,46.946536,0.000000,331.671309
35812,6782.489349,0.000000,56.000000,46.445143,0.000000,323.899721
35813,6782.489349,0.000000,56.000000,45.943751,0.000000,316.128134
35814,6782.489349,0.000000,56.000000,45.442358,0.000000,308.356546
35815,6782.489349,0.000000,56.000000,44.940965,0.000000,300.584958
35816,6782.489349,0.000000,56.000000,44.439572,0.000000,292.813370
35817,6782.489349,0.000000,56.000000,43.938180,0.000000,285.041783
35818,6782.489349,0.000000,56.000000,43.436787,0.000000,277.270195
35819,6782.489349,0.000000,56.000000,42.935394,0.000000,269.498607
35820,6782.489349,0.000000,56.000000,42.434001,0.000000,261.727019
35821,6782.489349,0.000000,56.000000,41.932609,0.000000,253.955432
35822,6782.489349,0.000000,56.000000,41.431216,0.000000,246.183844
35823,6782.489349,0.000000,56.000000,40.929823,0.000000,238.412256
35824,6782.489349,0.000000,56.000000,40.428430,0.000000,230.640669
35825,6782.489349,0.000000,56.000000,39.927037,0.000000,222.869081
35826,6782.489349,0.000000,56.000000,39.425645,0.000000,215.097493
35827,6782.489349,0.000000,56.000000,38.924252,0.000000,207.325905
35828,6782.489349,0.000000,56.000000,38.422859,0.000000,199.554318
35829,6782.489349,0.000000,56.000000,37.921466,0.000000,191.782730
35830,6782.489349,0.000000,56.000000,37.420074,0.000000,184.011142
35831,6782.489349,0.000000,56.000000,36.918681,0.000000,176.239554
35832,6782.489349,0.000000,56.000000,36.417288,0.000000,168.467967
35833,6782.489349,0.000000,56.000000,35.915895,0.000000,160.696379
35834,6782.489349,0.000000,56.000000,35.414503,0.000000,152.924791
35835,6782.489349,0.000000,56.000000,34.913110,0.000000,145.153203
35836,6782.489349,0.000000,56.000000,34.411717,0.000000,137.381616
35837,6782.489349,0.000000,56.000000,33.910324,0.000000,129.610028
35838,6782.489349,0.000000,56.000000,33.408932,0.000000,121.838440
35839,6782.489349,0.000000,56.000000,32.907539,0.000000,114.066852
35840,6782.489349,0.000000,56.000000,32.406146,0.000000,106.295265
35841,6782.489349,0.000000,56.000000,31.904753,0.000000,98.523677
35842,6782.489349,0.000000,56.000000,31.403361,0.000000,90.752089
35843,6782.489349,0.000000,56.000000,30.901968,0.000000,82.980501
35844,6782.489349,0.000000,56.000000,30.400575,0.000000,75.208914
35845,6782.489349,0.000000,56.000000,29.899182,0.000000,67.437326
35846,6782.489349,0.000000,56.000000,29.397790,0.000000,59.665738
35847,6782.489349,0.000000,56.000000,28.896397,0.000000,51.894150
35848,6782.489349,0.000000,56.000000,28.395004,0.000000,44.122563
35849,6782.489349,0.000000,56.000000,27.893611,0.000000,36.350975
35850,6782.489349,0.000000,56.000000,27.392219,0.000000,28.579387
35851,6782.489349,0.000000,56.000000,26.890826,0.000000,20.807799
35852,6782.489349,0.000000,56.000000,26.389433,0.000000,13.036212
35853,6782.489349,0.000000,56.000000,25.888040,0.000000,5.264624
35854,6782.489349,0.000000,56.000000,25.386647,0.000000,357.493036
35855,6782.489349,0.000000,56.000000,24.885255,0.000000,349.721448
35856,6782.489349,0.000000,56.000000,24.383862,0.000000,341.949861
35857,6782.489349,0.000000,56.000000,23.882469,0.000000,334.178273
35858,6782.489349,0.000000,56.000000,23.381076,0.000000,326.406685
35859,6782.489349,0.000000,56.000000,22.879684,0.000000,318.635097
35860,6782.489349,0.000000,56.000000,22.378291,0.000000,310.863510
35861,6782.489349,0.000000,56.000000,21.876898,0.000000,303.091922
35862,6782.489349,0.000000,56.000000,21.375505,0.000000,295.320334
35863,6782.489349,0.000000,56.000000,20.874113,0.000000,287.548747
35864,6782.489349,0.000000,56.000000,20.372720,0.000000,279.777159
35865,6782.489349,0.000000,56.000000,19.871327,0.000000,272.005571
35866,6782.489349,0.000000,56.000000,19.369934,0.000000,264.233983
35867,6782.489349,0.000000,56.000000,18.868542,0.000000,256.462396
35868,6782.489349,0.000000,56.000000,18.367149,0.000000,248.690808
35869,6782.489349,0.000000,56.000000,17.865756,0.000000,240.919220
35870,6782.489349,0.000000,56.000000,17.364363,0.000000,233.147632
35871,6782.489349,0.000000,56.000000,16.862971,0.000000,225.376045
35872,6782.489349,0.000000,56.000000,16.361578,0.000000,217.604457
35873,6782.489349,0.000000,56.000000,15.860185,0.000000,209.832869
35874,6782.489349,0.000000,56.000000,15.358792,0.000000,202.061281
35875,6782.489349,0.000000,56.000000,14.857400,0.000000,194.289694
35876,6782.489349,0.000000,56.000000,14.356007,0.000000,186.518106
35877,6782.489349,0.000000,56.000000,13.854614,0.000000,178.746518
35878,6782.489349,0.000000,56.000000,13.353221,0.000000,170.974930
35879,6782.489349,0.000000,56.000000,12.851829,0.000000,163.203343
35880,6782.489349,0.000000,56.000000,12.350436,0.000000,155.431755
35881,6782.489349,0.000000,56.000000,11.849043,0.000000,147.660167
35882,6782.489349,0.000000,56.000000,11.347650,0.000000,139.888579
35883,6782.489349,0.000000,56.000000,10.846258,0.000000,132.116992
35884,6782.489349,0.000000,56.000000,10.344865,0.000000,124.345404
35885,6782.489349,0.000000,56.000000,9.843472,0.000000,116.573816
35886,6782.489349,0.000000,56.000000,9.342079,0.000000,108.802228
35887,6782.489349,0.000000,56.000000,8.840686,0.000000,101.030641
35888,6782.489349,0.000000,56.000000,8.339294,0.000000,93.259053
35889,6782.489349,0.000000,56.000000,7.837901,0.000000,85.487465
35890,6782.489349,0.000000,56.000000,7.336508,0.000000,77.715877
35891,6782.489349,0.000000,56.000000,6.835115,0.000000,69.944290
35892,6782.489349,0.000000,56.000000,6.333723,0.000000,62.172702
35893,6782.489349,0.000000,56.000000,5.832330,0.000000,54.401114
35894,6782.489349,0.000000,56.000000,5.330937,0.000000,46.629526
35895,6782.489349,0.000000,56.000000,4.829544,0.000000,38.857939
35896,6782.489349,0.000000,56.000000,4.328152,0.000000,31.086351
35897,6782.489349,0.000000,56.000000,3.826759,0.000000,23.314763
35898,6782.489349,0.000000,56.000000,3.325366,0.000000,15.543175
35899,6782.489349,0.000000,56.000000,2.823973,0.000000,7.771588
38797,6782.489349,0.000000,31.000000,352.110342,0.000000,165.710306
38798,6782.489349,0.000000,31.000000,351.608950,0.000000,157.938719
38799,6782.489349,0.000000,31.000000,351.107557,0.000000,150.167131
38839,6782.489349,0.000000,31.000000,331.051847,0.000000,199.303621
38850,6782.489349,0.000000,31.000000,325.536526,0.000000,113.816156
38861,6782.489349,0.000000,31.000000,320.021206,0.000000,28.328691
38877,6782.489349,0.000000,31.000000,311.998922,0.000000,263.983287
38928,6782.489349,0.000000,31.000000,286.427891,0.000000,227.632312
38929,6782.489349,0.000000,31.000000,285.926498,0.000000,219.860724
38947,6782.489349,0.000000,31.000000,276.901429,0.000000,79.972145
38966,6782.489349,0.000000,31.000000,267.374966,0.000000,292.311978
38968,6782.489349,0.000000,31.000000,266.372181,0.000000,276.768802
38974,6782.489349,0.000000,31.000000,263.363824,0.000000,230.139276
38986,6782.489349,0.000000,31.000000,257.347111,0.000000,136.880223
38997,6782.489349,0.000000,31.000000,251.831791,0.000000,51.392758
39024,6782.489349,0.000000,31.000000,238.294186,0.000000,201.559889
39047,6782.489349,0.000000,31.000000,226.762153,0.000000,22.813370
39056,6782.489349,0.000000,31.000000,222.249618,0.000000,312.869081
39060,6782.489349,0.000000,31.000000,220.244047,0.000000,281.782730
39094,6782.489349,0.000000,31.000000,203.196693,0.000000,17.548747
39134,6782.489349,0.000000,31.000000,183.140983,0.000000,66.685237
39160,6782.489349,0.000000,31.000000,170.104771,0.000000,224.623955
39185,6782.489349,0.000000,31.000000,157.569952,0.000000,30.334262
39195,6782.489349,0.000000,31.000000,152.556025,0.000000,312.618384
39200,6782.489349,0.000000,31.000000,150.049061,0.000000,273.760446
39214,6782.489349,0.000000,31.000000,143.029562,0.000000,164.958217
39237,6782.489349,0.000000,31.000000,131.497529,0.000000,346.211699
39239,6782.489349,0.000000,31.000000,130.494743,0.000000,330.668524
39267,6782.489349,0.000000,31.000000,116.455746,0.000000,113.064067
39304,6782.489349,0.000000,31.000000,97.904214,0.000000,185.515320
39344,6782.489349,0.000000,31.000000,77.848504,0.000000,234.651811
39351,6782.489349,0.000000,31.000000,74.338755,0.000000,180.250696
39368,6782.489349,0.000000,31.000000,65.815078,0.000000,48.133705
39372,6782.489349,0.000000,31.000000,63.809507,0.000000,17.047354
39418,6782.489349,0.000000,31.000000,40.745440,0.000000,19.554318
39439,6782.489349,0.000000,31.000000,30.216192,0.000000,216.350975
39450,6782.489349,0.000000,31.000000,24.700872,0.000000,130.863510
39473,6782.489349,0.000000,31.000000,13.168838,0.000000,312.116992
39479,6782.489349,0.000000,31.000000,10.160482,0.000000,265.487465
39505,6782.489349,0.000000,31.000000,357.124270,0.000000,63.426184
39560,6782.489349,0.000000,31.000000,329.547668,0.000000,355.988858
39576,6782.489349,0.000000,31.000000,321.525384,0.000000,231.643454
39594,6782.489349,0.000000,31.000000,312.500314,0.000000,91.754875
39655,6782.489349,0.000000,31.000000,281.915356,0.000000,337.688022
39682,6782.489349,0.000000,31.000000,268.377752,0.000000,127.855153
39683,6782.489349,0.000000,31.000000,267.876359,0.000000,120.083565
39687,6782.489349,0.000000,31.000000,265.870788,0.000000,88.997214
39689,6782.489349,0.000000,31.000000,264.868003,0.000000,73.454039
39702,6782.489349,0.000000,31.000000,258.349897,0.000000,332.423398
39731,6782.489349,0.000000,31.000000,243.809507,0.000000,107.047354
39734,6782.489349,0.000000,31.000000,242.305328,0.000000,83.732591
39745,6782.489349,0.000000,31.000000,236.790008,0.000000,358.245125
39764,6782.489349,0.000000,31.000000,227.263546,0.000000,210.584958
39812,6782.489349,0.000000,31.000000,203.196693,0.000000,197.548747
39852,6782.489349,0.000000,31.000000,183.140983,0.000000,246.685237
39867,6782.489349,0.000000,31.000000,175.620092,0.000000,130.111421
39869,6782.489349,0.000000,31.000000,174.617306,0.000000,114.568245
39875,6782.489349,0.000000,31.000000,171.608950,0.000000,67.938719
40021,6782.489349,0.000000,31.000000,98.405607,0.000000,13.286908
40025,6782.489349,0.000000,31.000000,96.400036,0.000000,342.200557
40076,6782.489349,0.000000,31.000000,70.829005,0.000000,305.849582
40113,6782.489349,0.000000,31.000000,52.277473,0.000000,18.300836
40130,6782.489349,0.000000,31.000000,43.753796,0.000000,246.183844
40132,6782.489349,0.000000,31.000000,42.751011,0.000000,230.640669
40188,6782.489349,0.000000,31.000000,14.673016,0.000000,155.431755
40196,6782.489349,0.000000,31.000000,10.661874,0.000000,93.259053
41645,6782.489349,0.000000,60.000000,0.659898,0.000000,352.228412
41647,6782.489349,0.000000,60.000000,359.657112,0.000000,336.685237
41649,6782.489349,0.000000,60.000000,358.654327,0.000000,321.142061
41651,6782.489349,0.000000,60.000000,357.651541,0.000000,305.598886
41653,6782.489349,0.000000,60.000000,356.648756,0.000000,290.055710
41655,6782.489349,0.000000,60.000000,355.645970,0.000000,274.512535
41657,6782.489349,0.000000,60.000000,354.643184,0.000000,258.969359
41658,6782.489349,0.000000,60.000000,354.141792,0.000000,251.197772
41660,6782.489349,0.000000,60.000000,353.139006,0.000000,235.654596
41661,6782.489349,0.000000,60.000000,352.637613,0.000000,227.883008
41662,6782.489349,0.000000,60.000000,352.136221,0.000000,220.111421
41663,6782.489349,0.000000,60.000000,351.634828,0.000000,212.339833
41666,6782.489349,0.000000,60.000000,350.130650,0.000000,189.025070
41668,6782.489349,0.000000,60.000000,349.127864,0.000000,173.481894
41669,6782.489349,0.000000,60.000000,348.626471,0.000000,165.710306
41670,6782.489349,0.000000,60.000000,348.125079,0.000000,157.938719
41671,6782.489349,0.000000,60.000000,347.623686,0.000000,150.167131
41672,6782.489349,0.000000,60.000000,347.122293,0.000000,142.395543
41673,6782.489349,0.000000,60.000000,346.620900,0.000000,134.623955
41674,6782.489349,0.000000,60.000000,346.119508,0.000000,126.852368
41675,6782.489349,0.000000,60.000000,345.618115,0.000000,119.080780
41676,6782.489349,0.000000,60.000000,345.116722,0.000000,111.309192
41679,6782.489349,0.000000,60.000000,343.612544,0.000000,87.994429
41681,6782.489349,0.000000,60.000000,342.609758,0.000000,72.451253
41687,6782.489349,0.000000,60.000000,339.601402,0.000000,25.821727
41688,6782.489349,0.000000,60.000000,339.100009,0.000000,18.050139
41689,6782.489349,0.000000,60.000000,338.598616,0.000000,10.278552
41691,6782.489349,0.000000,60.000000,337.595831,0.000000,354.735376
41692,6782.489349,0.000000,60.000000,337.094438,0.000000,346.963788
41693,6782.489349,0.000000,60.000000,336.593045,0.000000,339.192201
41694,6782.489349,0.000000,60.000000,336.091652,0.000000,331.420613
41695,6782.489349,0.000000,60.000000,335.590260,0.000000,323.649025
41697,6782.489349,0.000000,60.000000,334.587474,0.000000,308.105850
41698,6782.489349,0.000000,60.000000,334.086081,0.000000,300.334262
41699,6782.489349,0.000000,60.000000,333.584689,0.000000,292.562674
41700,6782.489349,0.000000,60.000000,333.083296,0.000000,284.791086
41701,6782.489349,0.000000,60.000000,332.581903,0.000000,277.019499
41702,6782.489349,0.000000,60.000000,332.080510,0.000000,269.247911
41704,6782.489349,0.000000,60.000000,331.077725,0.000000,253.704735
41706,6782.489349,0.000000,60.000000,330.074939,0.000000,238.161560
41708,6782.489349,0.000000,60.000000,329.072154,0.000000,222.618384
41709,6782.489349,0.000000,60.000000,328.570761,0.000000,214.846797
41710,6782.489349,0.000000,60.000000,328.069368,0.000000,207.075209
41712,6782.489349,0.000000,60.000000,327.066583,0.000000,191.532033
41714,6782.489349,0.000000,60.000000,326.063797,0.000000,175.988858
41715,6782.489349,0.000000,60.000000,325.562405,0.000000,168.217270
41717,6782.489349,0.000000,60.000000,324.559619,0.000000,152.674095
41719,6782.489349,0.000000,60.000000,323.556833,0.000000,137.130919
41721,6782.489349,0.000000,60.000000,322.554048,0.000000,121.587744
41723,6782.489349,0.000000,60.000000,321.551262,0.000000,106.044568
41725,6782.489349,0.000000,60.000000,320.548477,0.000000,90.501393
41727,6782.489349,0.000000,60.000000,319.545691,0.000000,74.958217
41728,6782.489349,0.000000,60.000000,319.044299,0.000000,67.186630
41729,6782.489349,0.000000,60.000000,318.542906,0.000000,59.415042
41732,6782.489349,0.000000,60.000000,317.038728,0.000000,36.100279
41733,6782.489349,0.000000,60.000000,316.537335,0.000000,28.328691
41734,6782.489349,0.000000,60.000000,316.035942,0.000000,20.557103
41735,6782.489349,0.000000,60.000000,315.534549,0.000000,12.785515
41736,6782.489349,0.000000,60.000000,315.033157,0.000000,5.013928
41738,6782.489349,0.000000,60.000000,314.030371,0.000000,349.470752
41740,6782.489349,0.000000,60.000000,313.027586,0.000000,333.927577
41741,6782.489349,0.000000,60.000000,312.526193,0.000000,326.155989
41742,6782.489349,0.000000,60.000000,312.024800,0.000000,318.384401
41744,6782.489349,0.000000,60.000000,311.022015,0.000000,302.841226
41746,6782.489349,0.000000,60.000000,310.019229,0.000000,287.298050
41748,6782.489349,0.000000,60.000000,309.016444,0.000000,271.754875
41750,6782.489349,0.000000,60.000000,308.013658,0.000000,256.211699
41752,6782.489349,0.000000,60.000000,307.010872,0.000000,240.668524
41753,6782.489349,0.000000,60.000000,306.509480,0.000000,232.896936
41754,6782.489349,0.000000,60.000000,306.008087,0.000000,225.125348
41756,6782.489349,0.000000,60.000000,305.005301,0.000000,209.582173
41757,6782.489349,0.000000,60.000000,304.503909,0.000000,201.810585
41759,6782.489349,0.000000,60.000000,303.501123,0.000000,186.267409
41761,6782.489349,0.000000,60.000000,302.498338,0.000000,170.724234
41763,6782.489349,0.000000,60.000000,301.495552,0.000000,155.181058
41765,6782.489349,0.000000,60.000000,300.492767,0.000000,139.637883
41767,6782.489349,0.000000,60.000000,299.489981,0.000000,124.094708
41768,6782.489349,0.000000,60.000000,298.988588,0.000000,116.323120
41769,6782.489349,0.000000,60.000000,298.487196,0.000000,108.551532
41771,6782.489349,0.000000,60.000000,297.484410,0.000000,93.008357
41773,6782.489349,0.000000,60.000000,296.481625,0.000000,77.465181
41775,6782.489349,0.000000,60.000000,295.478839,0.000000,61.922006
41776,6782.489349,0.000000,60.000000,294.977446,0.000000,54.150418
41777,6782.489349,0.000000,60.000000,294.476054,0.000000,46.378830
41778,6782.489349,0.000000,60.000000,293.974661,0.000000,38.607242
41779,6782.489349,0.000000,60.000000,293.473268,0.000000,30.835655
41780,6782.489349,0.000000,60.000000,292.971875,0.000000,23.064067
41782,6782.489349,0.000000,60.000000,291.969090,0.000000,7.520891
41784,6782.489349,0.000000,60.000000,290.966304,0.000000,351.977716
41785,6782.489349,0.000000,60.000000,290.464911,0.000000,344.206128
41786,6782.489349,0.000000,60.000000,289.963519,0.000000,336.434540
41788,6782.489349,0.000000,60.000000,288.960733,0.000000,320.891365
41790,6782.489349,0.000000,60.000000,287.957948,0.000000,305.348189
41792,6782.489349,0.000000,60.000000,286.955162,0.000000,289.805014
41794,6782.489349,0.000000,60.000000,285.952377,0.000000,274.261838
41795,6782.489349,0.000000,60.000000,285.450984,0.000000,266.490251
41796,6782.489349,0.000000,60.000000,284.949591,0.000000,258.718663
41797,6782.489349,0.000000,60.000000,284.448198,0.000000,250.947075
41798,6782.489349,0.000000,60.000000,283.946806,0.000000,243.175487
41799,6782.489349,0.000000,60.000000,283.445413,0.000000,235.403900
41801,6782.489349,0.000000,60.000000,282.442627,0.000000,219.860724
41803,6782.489349,0.000000,60.000000,281.439842,0.000000,204.317549
41805,6782.489349,0.000000,60.000000,280.437056,0.000000,188.774373
41807,6782.489349,0.000000,60.000000,279.434271,0.000000,173.231198
41809,6782.489349,0.000000,60.000000,278.431485,0.000000,157.688022
41811,6782.489349,0.000000,60.000000,277.428700,0.000000,142.144847
41813,6782.489349,0.000000,60.000000,276.425914,0.000000,126.601671
41814,6782.489349,0.000000,60.000000,275.924522,0.000000,118.830084
41815,6782.489349,0.000000,60.000000,275.423129,0.000000,111.058496
41816,6782.489349,0.000000,60.000000,274.921736,0.000000,103.286908
41817,6782.489349,0.000000,60.000000,274.420343,0.000000,95.515320
41818,6782.489349,0.000000,60.000000,273.918950,0.000000,87.743733
41819,6782.489349,0.000000,60.000000,273.417558,0.000000,79.972145
41820,6782.489349,0.000000,60.000000,272.916165,0.000000,72.200557
41821,6782.489349,0.000000,60.000000,272.414772,0.000000,64.428969
41822,6782.489349,0.000000,60.000000,271.913379,0.000000,56.657382
41824,6782.489349,0.000000,60.000000,270.910594,0.000000,41.114206
41826,6782.489349,0.000000,60.000000,269.907808,0.000000,25.571031
41828,6782.489349,0.000000,60.000000,268.905023,0.000000,10.027855
41829,6782.489349,0.000000,60.000000,268.403630,0.000000,2.256267
41830,6782.489349,0.000000,60.000000,267.902237,0.000000,354.484680
41831,6782.489349,0.000000,60.000000,267.400845,0.000000,346.713092
41832,6782.489349,0.000000,60.000000,266.899452,0.000000,338.941504
41834,6782.489349,0.000000,60.000000,265.896666,0.000000,323.398329
41836,6782.489349,0.000000,60.000000,264.893881,0.000000,307.855153
41837,6782.489349,0.000000,60.000000,264.392488,0.000000,300.083565
41839,6782.489349,0.000000,60.000000,263.389703,0.000000,284.540390
41841,6782.489349,0.000000,60.000000,262.386917,0.000000,268.997214
41842,6782.489349,0.000000,60.000000,261.885524,0.000000,261.225627
41843,6782.489349,0.000000,60.000000,261.384132,0.000000,253.454039
41844,6782.489349,0.000000,60.000000,260.882739,0.000000,245.682451
41845,6782.489349,0.000000,60.000000,260.381346,0.000000,237.910864
41847,6782.489349,0.000000,60.000000,259.378561,0.000000,222.367688
41849,6782.489349,0.000000,60.000000,258.375775,0.000000,206.824513
41850,6782.489349,0.000000,60.000000,257.874382,0.000000,199.052925
41851,6782.489349,0.000000,60.000000,257.372989,0.000000,191.281337
41852,6782.489349,0.000000,60.000000,256.871597,0.000000,183.509749
41853,6782.489349,0.000000,60.000000,256.370204,0.000000,175.738162
41855,6782.489349,0.000000,60.000000,255.367418,0.000000,160.194986
41856,6782.489349,0.000000,60.000000,254.866026,0.000000,152.423398
41859,6782.489349,0.000000,60.000000,253.361847,0.000000,129.108635
41860,6782.489349,0.000000,60.000000,252.860455,0.000000,121.337047
41862,6782.489349,0.000000,60.000000,251.857669,0.000000,105.793872
41864,6782.489349,0.000000,60.000000,250.854884,0.000000,90.250696
41866,6782.489349,0.000000,60.000000,249.852098,0.000000,74.707521
41868,6782.489349,0.000000,60.000000,248.849313,0.000000,59.164345
41870,6782.489349,0.000000,60.000000,247.846527,0.000000,43.621170
41871,6782.489349,0.000000,60.000000,247.345134,0.000000,35.849582
41872,6782.489349,0.000000,60.000000,246.843742,0.000000,28.077994
41874,6782.489349,0.000000,60.000000,245.840956,0.000000,12.534819
41876,6782.489349,0.000000,60.000000,244.838171,0.000000,356.991643
41877,6782.489349,0.000000,60.000000,244.336778,0.000000,349.220056
41878,6782.489349,0.000000,60.000000,243.835385,0.000000,341.448468
41879,6782.489349,0.000000,60.000000,243.333992,0.000000,333.676880
41880,6782.489349,0.000000,60.000000,242.832600,0.000000,325.905292
41881,6782.489349,0.000000,60.000000,242.331207,0.000000,318.133705
41883,6782.489349,0.000000,60.000000,241.328421,0.000000,302.590529
41885,6782.489349,0.000000,60.000000,240.325636,0.000000,287.047354
41889,6782.489349,0.000000,60.000000,238.320065,0.000000,255.961003
41891,6782.489349,0.000000,60.000000,237.317279,0.000000,240.417827
41892,6782.489349,0.000000,60.000000,236.815886,0.000000,232.646240
41893,6782.489349,0.000000,60.000000,236.314494,0.000000,224.874652
41895,6782.489349,0.000000,60.000000,235.311708,0.000000,209.331476
41897,6782.489349,0.000000,60.000000,234.308923,0.000000,193.788301
41898,6782.489349,0.000000,60.000000,233.807530,0.000000,186.016713
41900,6782.489349,0.000000,60.000000,232.804744,0.000000,170.473538
41902,6782.489349,0.000000,60.000000,231.801959,0.000000,154.930362
41904,6782.489349,0.000000,60.000000,230.799173,0.000000,139.387187
41905,6782.489349,0.000000,60.000000,230.297781,0.000000,131.615599
41906,6782.489349,0.000000,60.000000,229.796388,0.000000,123.844011
41908,6782.489349,0.000000,60.000000,228.793602,0.000000,108.300836
41912,6782.489349,0.000000,60.000000,226.788031,0.000000,77.214485
41913,6782.489349,0.000000,60.000000,226.286639,0.000000,69.442897
41914,6782.489349,0.000000,60.000000,225.785246,0.000000,61.671309
41915,6782.489349,0.000000,60.000000,225.283853,0.000000,53.899721
41917,6782.489349,0.000000,60.000000,224.281067,0.000000,38.356546
41918,6782.489349,0.000000,60.000000,223.779675,0.000000,30.584958
41919,6782.489349,0.000000,60.000000,223.278282,0.000000,22.813370
41921,6782.489349,0.000000,60.000000,222.275496,0.000000,7.270195
41923,6782.489349,0.000000,60.000000,221.272711,0.000000,351.727019
41925,6782.489349,0.000000,60.000000,220.269925,0.000000,336.183844
41927,6782.489349,0.000000,60.000000,219.267140,0.000000,320.640669
41929,6782.489349,0.000000,60.000000,218.264354,0.000000,305.097493
41930,6782.489349,0.000000,60.000000,217.762962,0.000000,297.325905
41931,6782.489349,0.000000,60.000000,217.261569,0.000000,289.554318
41932,6782.489349,0.000000,60.000000,216.760176,0.000000,281.782730
41933,6782.489349,0.000000,60.000000,216.258783,0.000000,274.011142
41934,6782.489349,0.000000,60.000000,215.757391,0.000000,266.239554
41935,6782.489349,0.000000,60.000000,215.255998,0.000000,258.467967
41936,6782.489349,0.000000,60.000000,214.754605,0.000000,250.696379
41938,6782.489349,0.000000,60.000000,213.751820,0.000000,235.153203
41939,6782.489349,0.000000,60.000000,213.250427,0.000000,227.381616
41940,6782.489349,0.000000,60.000000,212.749034,0.000000,219.610028
41942,6782.489349,0.000000,60.000000,211.746249,0.000000,204.066852
41943,6782.489349,0.000000,60.000000,211.244856,0.000000,196.295265
41944,6782.489349,0.000000,60.000000,210.743463,0.000000,188.523677
41946,6782.489349,0.000000,60.000000,209.740678,0.000000,172.980501
41947,6782.489349,0.000000,60.000000,209.239285,0.000000,165.208914
41948,6782.489349,0.000000,60.000000,208.737892,0.000000,157.437326
41949,6782.489349,0.000000,60.000000,208.236499,0.000000,149.665738
41952,6782.489349,0.000000,60.000000,206.732321,0.000000,126.350975
41954,6782.489349,0.000000,60.000000,205.729535,0.000000,110.807799
41955,6782.489349,0.000000,60.000000,205.228143,0.000000,103.036212
41956,6782.489349,0.000000,60.000000,204.726750,0.000000,95.264624
41957,6782.489349,0.000000,60.000000,204.225357,0.000000,87.493036
41958,6782.489349,0.000000,60.000000,203.723964,0.000000,79.721448
41959,6782.489349,0.000000,60.000000,203.222572,0.000000,71.949861
41961,6782.489349,0.000000,60.000000,202.219786,0.000000,56.406685
41963,6782.489349,0.000000,60.000000,201.217001,0.000000,40.863510
41964,6782.489349,0.000000,60.000000,200.715608,0.000000,33.091922
41965,6782.489349,0.000000,60.000000,200.214215,0.000000,25.320334
41967,6782.489349,0.000000,60.000000,199.211430,0.000000,9.777159
41969,6782.489349,0.000000,60.000000,198.208644,0.000000,354.233983
41971,6782.489349,0.000000,60.000000,197.205859,0.000000,338.690808
41973,6782.489349,0.000000,60.000000,196.203073,0.000000,323.147632
41974,6782.489349,0.000000,60.000000,195.701680,0.000000,315.376045
41976,6782.489349,0.000000,60.000000,194.698895,0.000000,299.832869
41978,6782.489349,0.000000,60.000000,193.696109,0.000000,284.289694
41980,6782.489349,0.000000,60.000000,192.693324,0.000000,268.746518
41982,6782.489349,0.000000,60.000000,191.690538,0.000000,253.203343
41984,6782.489349,0.000000,60.000000,190.687753,0.000000,237.660167
41985,6782.489349,0.000000,60.000000,190.186360,0.000000,229.888579
41986,6782.489349,0.000000,60.000000,189.684967,0.000000,222.116992
41988,6782.489349,0.000000,60.000000,188.682182,0.000000,206.573816
41990,6782.489349,0.000000,60.000000,187.679396,0.000000,191.030641
41992,6782.489349,0.000000,60.000000,186.676611,0.000000,175.487465
41994,6782.489349,0.000000,60.000000,185.673825,0.000000,159.944290
41995,6782.489349,0.000000,60.000000,185.172432,0.000000,152.172702
41996,6782.489349,0.000000,60.000000,184.671040,0.000000,144.401114
41997,6782.489349,0.000000,60.000000,184.169647,0.000000,136.629526
41998,6782.489349,0.000000,60.000000,183.668254,0.000000,128.857939
42000,6782.489349,0.000000,60.000000,182.665469,0.000000,113.314763
42001,6782.489349,0.000000,60.000000,182.164076,0.000000,105.543175
42003,6782.489349,0.000000,60.000000,181.161290,0.000000,90.000000
42004,6782.489349,0.000000,60.000000,180.659898,0.000000,82.228412
42005,6782.489349,0.000000,60.000000,180.158505,0.000000,74.456825
42007,6782.489349,0.000000,60.000000,179.155719,0.000000,58.913649
42008,6782.489349,0.000000,60.000000,178.654327,0.000000,51.142061
42009,6782.489349,0.000000,60.000000,178.152934,0.000000,43.370474
42011,6782.489349,0.000000,60.000000,177.150148,0.000000,27.827298
42012,6782.489349,0.000000,60.000000,176.648756,0.000000,20.055710
42013,6782.489349,0.000000,60.000000,176.147363,0.000000,12.284123
42014,6782.489349,0.000000,60.000000,175.645970,0.000000,4.512535
42015,6782.489349,0.000000,60.000000,175.144577,0.000000,356.740947
42016,6782.489349,0.000000,60.000000,174.643184,0.000000,348.969359
42018,6782.489349,0.000000,60.000000,173.640399,0.000000,333.426184
42019,6782.489349,0.000000,60.000000,173.139006,0.000000,325.654596
42020,6782.489349,0.000000,60.000000,172.637613,0.000000,317.883008
42021,6782.489349,0.000000,60.000000,172.136221,0.000000,310.111421
42022,6782.489349,0.000000,60.000000,171.634828,0.000000,302.339833
42024,6782.489349,0.000000,60.000000,170.632042,0.000000,286.796657
42025,6782.489349,0.000000,60.000000,170.130650,0.000000,279.025070
42026,6782.489349,0.000000,60.000000,169.629257,0.000000,271.253482
42028,6782.489349,0.000000,60.000000,168.626471,0.000000,255.710306
42030,6782.489349,0.000000,60.000000,167.623686,0.000000,240.167131
42032,6782.489349,0.000000,60.000000,166.620900,0.000000,224.623955
42033,6782.489349,0.000000,60.000000,166.119508,0.000000,216.852368
42036,6782.489349,0.000000,60.000000,164.615329,0.000000,193.537604
42038,6782.489349,0.000000,60.000000,163.612544,0.000000,177.994429
42039,6782.489349,0.000000,60.000000,163.111151,0.000000,170.222841
42040,6782.489349,0.000000,60.000000,162.609758,0.000000,162.451253
42041,6782.489349,0.000000,60.000000,162.108366,0.000000,154.679666
42042,6782.489349,0.000000,60.000000,161.606973,0.000000,146.908078
42043,6782.489349,0.000000,60.000000,161.105580,0.000000,139.136490
42045,6782.489349,0.000000,60.000000,160.102795,0.000000,123.593315
42046,6782.489349,0.000000,60.000000,159.601402,0.000000,115.821727
42047,6782.489349,0.000000,60.000000,159.100009,0.000000,108.050139
42048,6782.489349,0.000000,60.000000,158.598616,0.000000,100.278552
42049,6782.489349,0.000000,60.000000,158.097223,0.000000,92.506964
42050,6782.489349,0.000000,60.000000,157.595831,0.000000,84.735376
42051,6782.489349,0.000000,60.000000,157.094438,0.000000,76.963788
42053,6782.489349,0.000000,60.000000,156.091652,0.000000,61.420613
42054,6782.489349,0.000000,60.000000,155.590260,0.000000,53.649025
42055,6782.489349,0.000000,60.000000,155.088867,0.000000,45.877437
42056,6782.489349,0.000000,60.000000,154.587474,0.000000,38.105850
42057,6782.489349,0.000000,60.000000,154.086081,0.000000,30.334262
42059,6782.489349,0.000000,60.000000,153.083296,0.000000,14.791086
42060,6782.489349,0.000000,60.000000,152.581903,0.000000,7.019499
42061,6782.489349,0.000000,60.000000,152.080510,0.000000,359.247911
42062,6782.489349,0.000000,60.000000,151.579118,0.000000,351.476323
42063,6782.489349,0.000000,60.000000,151.077725,0.000000,343.704735
42064,6782.489349,0.000000,60.000000,150.576332,0.000000,335.933148
42066,6782.489349,0.000000,60.000000,149.573547,0.000000,320.389972
42068,6782.489349,0.000000,60.000000,148.570761,0.000000,304.846797
42070,6782.489349,0.000000,60.000000,147.567976,0.000000,289.303621
42071,6782.489349,0.000000,60.000000,147.066583,0.000000,281.532033
42072,6782.489349,0.000000,60.000000,146.565190,0.000000,273.760446
42074,6782.489349,0.000000,60.000000,145.562405,0.000000,258.217270
42075,6782.489349,0.000000,60.000000,145.061012,0.000000,250.445682
42076,6782.489349,0.000000,60.000000,144.559619,0.000000,242.674095
42077,6782.489349,0.000000,60.000000,144.058226,0.000000,234.902507
42079,6782.489349,0.000000,60.000000,143.055441,0.000000,219.359331
42081,6782.489349,0.000000,60.000000,142.052655,0.000000,203.816156
42083,6782.489349,0.000000,60.000000,141.049870,0.000000,188.272981
42085,6782.489349,0.000000,60.000000,140.047084,0.000000,172.729805
42086,6782.489349,0.000000,60.000000,139.545691,0.000000,164.958217
42087,6782.489349,0.000000,60.000000,139.044299,0.000000,157.186630
42089,6782.489349,0.000000,60.000000,138.041513,0.000000,141.643454
42091,6782.489349,0.000000,60.000000,137.038728,0.000000,126.100279
42094,6782.489349,0.000000,60.000000,135.534549,0.000000,102.785515
42096,6782.489349,0.000000,60.000000,134.531764,0.000000,87.242340
42098,6782.489349,0.000000,60.000000,133.528978,0.000000,71.699164
42100,6782.489349,0.000000,60.000000,132.526193,0.000000,56.155989
42102,6782.489349,0.000000,60.000000,131.523407,0.000000,40.612813
42104,6782.489349,0.000000,60.000000,130.520622,0.000000,25.069638
42106,6782.489349,0.000000,60.000000,129.517836,0.000000,9.526462
42108,6782.489349,0.000000,60.000000,128.515051,0.000000,353.983287
42109,6782.489349,0.000000,60.000000,128.013658,0.000000,346.211699
42110,6782.489349,0.000000,60.000000,127.512265,0.000000,338.440111
42113,6782.489349,0.000000,60.000000,126.008087,0.000000,315.125348
42114,6782.489349,0.000000,60.000000,125.506694,0.000000,307.353760
42117,6782.489349,0.000000,60.000000,124.002516,0.000000,284.038997
42119,6782.489349,0.000000,60.000000,122.999730,0.000000,268.495822
42121,6782.489349,0.000000,60.000000,121.996945,0.000000,252.952646
42123,6782.489349,0.000000,60.000000,120.994159,0.000000,237.409471
42124,6782.489349,0.000000,60.000000,120.492767,0.000000,229.637883
42125,6782.489349,0.000000,60.000000,119.991374,0.000000,221.866295
42127,6782.489349,0.000000,60.000000,118.988588,0.000000,206.323120
42129,6782.489349,0.000000,60.000000,117.985803,0.000000,190.779944
42131,6782.489349,0.000000,60.000000,116.983017,0.000000,175.236769
42133,6782.489349,0.000000,60.000000,115.980232,0.000000,159.693593
42134,6782.489349,0.000000,60.000000,115.478839,0.000000,151.922006
42136,6782.489349,0.000000,60.000000,114.476054,0.000000,136.378830
42140,6782.489349,0.000000,60.000000,112.470483,0.000000,105.292479
42142,6782.489349,0.000000,60.000000,111.467697,0.000000,89.749304
42144,6782.489349,0.000000,60.000000,110.464911,0.000000,74.206128
42145,6782.489349,0.000000,60.000000,109.963519,0.000000,66.434540
42146,6782.489349,0.000000,60.000000,109.462126,0.000000,58.662953
42148,6782.489349,0.000000,60.000000,108.459340,0.000000,43.119777
42150,6782.489349,0.000000,60.000000,107.456555,0.000000,27.576602
42152,6782.489349,0.000000,60.000000,106.453769,0.000000,12.033426
42154,6782.489349,0.000000,60.000000,105.450984,0.000000,356.490251
42155,6782.489349,0.000000,60.000000,104.949591,0.000000,348.718663
42156,6782.489349,0.000000,60.000000,104.448198,0.000000,340.947075
42157,6782.489349,0.000000,60.000000,103.946806,0.000000,333.175487
42158,6782.489349,0.000000,60.000000,103.445413,0.000000,325.403900
42159,6782.489349,0.000000,60.000000,102.944020,0.000000,317.632312
42160,6782.489349,0.000000,60.000000,102.442627,0.000000,309.860724
42161,6782.489349,0.000000,60.000000,101.941235,0.000000,302.089136
42163,6782.489349,0.000000,60.000000,100.938449,0.000000,286.545961
42165,6782.489349,0.000000,60.000000,99.935664,0.000000,271.002786
42167,6782.489349,0.000000,60.000000,98.932878,0.000000,255.459610
42169,6782.489349,0.000000,60.000000,97.930093,0.000000,239.916435
42171,6782.489349,0.000000,60.000000,96.927307,0.000000,224.373259
42174,6782.489349,0.000000,60.000000,95.423129,0.000000,201.058496
42175,6782.489349,0.000000,60.000000,94.921736,0.000000,193.286908
42176,6782.489349,0.000000,60.000000,94.420343,0.000000,185.515320
42178,6782.489349,0.000000,60.000000,93.417558,0.000000,169.972145
42179,6782.489349,0.000000,60.000000,92.916165,0.000000,162.200557
42180,6782.489349,0.000000,60.000000,92.414772,0.000000,154.428969
42181,6782.489349,0.000000,60.000000,91.913379,0.000000,146.657382
42182,6782.489349,0.000000,60.000000,91.411987,0.000000,138.885794
42184,6782.489349,0.000000,60.000000,90.409201,0.000000,123.342618
42186,6782.489349,0.000000,60.000000,89.406416,0.000000,107.799443
42188,6782.489349,0.000000,60.000000,88.403630,0.000000,92.256267
42190,6782.489349,0.000000,60.000000,87.400845,0.000000,76.713092
42191,6782.489349,0.000000,60.000000,86.899452,0.000000,68.941504
42192,6782.489349,0.000000,60.000000,86.398059,0.000000,61.169916
42194,6782.489349,0.000000,60.000000,85.395274,0.000000,45.626741
42195,6782.489349,0.000000,60.000000,84.893881,0.000000,37.855153
42196,6782.489349,0.000000,60.000000,84.392488,0.000000,30.083565
42197,6782.489349,0.000000,60.000000,83.891095,0.000000,22.311978
42199,6782.489349,0.000000,60.000000,82.888310,0.000000,6.768802
42200,6782.489349,0.000000,60.000000,82.386917,0.000000,358.997214
42201,6782.489349,0.000000,60.000000,81.885524,0.000000,351.225627
42203,6782.489349,0.000000,60.000000,80.882739,0.000000,335.682451
42205,6782.489349,0.000000,60.000000,79.879953,0.000000,320.139276
42207,6782.489349,0.000000,60.000000,78.877168,0.000000,304.596100
42209,6782.489349,0.000000,60.000000,77.874382,0.000000,289.052925
42211,6782.489349,0.000000,60.000000,76.871597,0.000000,273.509749
42213,6782.489349,0.000000,60.000000,75.868811,0.000000,257.966574
42214,6782.489349,0.000000,60.000000,75.367418,0.000000,250.194986
42215,6782.489349,0.000000,60.000000,74.866026,0.000000,242.423398
42216,6782.489349,0.000000,60.000000,74.364633,0.000000,234.651811
42217,6782.489349,0.000000,60.000000,73.863240,0.000000,226.880223
42218,6782.489349,0.000000,60.000000,73.361847,0.000000,219.108635
42220,6782.489349,0.000000,60.000000,72.359062,0.000000,203.565460
42222,6782.489349,0.000000,60.000000,71.356276,0.000000,188.022284
42224,6782.489349,0.000000,60.000000,70.353491,0.000000,172.479109
42226,6782.489349,0.000000,60.000000,69.350705,0.000000,156.935933
42230,6782.489349,0.000000,60.000000,67.345134,0.000000,125.849582
42231,6782.489349,0.000000,60.000000,66.843742,0.000000,118.077994
42232,6782.489349,0.000000,60.000000,66.342349,0.000000,110.306407
42233,6782.489349,0.000000,60.000000,65.840956,0.000000,102.534819
42234,6782.489349,0.000000,60.000000,65.339563,0.000000,94.763231
42235,6782.489349,0.000000,60.000000,64.838171,0.000000,86.991643
42236,6782.489349,0.000000,60.000000,64.336778,0.000000,79.220056
42237,6782.489349,0.000000,60.000000,63.835385,0.000000,71.448468
42239,6782.489349,0.000000,60.000000,62.832600,0.000000,55.905292
42241,6782.489349,0.000000,60.000000,61.829814,0.000000,40.362117
42243,6782.489349,0.000000,60.000000,60.827028,0.000000,24.818942
42245,6782.489349,0.000000,60.000000,59.824243,0.000000,9.275766
42247,6782.489349,0.000000,60.000000,58.821457,0.000000,353.732591
42249,6782.489349,0.000000,60.000000,57.818672,0.000000,338.189415
42251,6782.489349,0.000000,60.000000,56.815886,0.000000,322.646240
42252,6782.489349,0.000000,60.000000,56.314494,0.000000,314.874652
42253,6782.489349,0.000000,60.000000,55.813101,0.000000,307.103064
42255,6782.489349,0.000000,60.000000,54.810315,0.000000,291.559889
42256,6782.489349,0.000000,60.000000,54.308923,0.000000,283.788301
42258,6782.489349,0.000000,60.000000,53.306137,0.000000,268.245125
42259,6782.489349,0.000000,60.000000,52.804744,0.000000,260.473538
42260,6782.489349,0.000000,60.000000,52.303352,0.000000,252.701950
42262,6782.489349,0.000000,60.000000,51.300566,0.000000,237.158774
42264,6782.489349,0.000000,60.000000,50.297781,0.000000,221.615599
42266,6782.489349,0.000000,60.000000,49.294995,0.000000,206.072423
42268,6782.489349,0.000000,60.000000,48.292210,0.000000,190.529248
42270,6782.489349,0.000000,60.000000,47.289424,0.000000,174.986072
42271,6782.489349,0.000000,60.000000,46.788031,0.000000,167.214485
42272,6782.489349,0.000000,60.000000,46.286639,0.000000,159.442897
42273,6782.489349,0.000000,60.000000,45.785246,0.000000,151.671309
42274,6782.489349,0.000000,60.000000,45.283853,0.000000,143.899721
42275,6782.489349,0.000000,60.000000,44.782460,0.000000,136.128134
42277,6782.489349,0.000000,60.000000,43.779675,0.000000,120.584958
42279,6782.489349,0.000000,60.000000,42.776889,0.000000,105.041783
42281,6782.489349,0.000000,60.000000,41.774104,0.000000,89.498607
42283,6782.489349,0.000000,60.000000,40.771318,0.000000,73.955432
42285,6782.489349,0.000000,60.000000,39.768533,0.000000,58.412256
42287,6782.489349,0.000000,60.000000,38.765747,0.000000,42.869081
42289,6782.489349,0.000000,60.000000,37.762962,0.000000,27.325905
42291,6782.489349,0.000000,60.000000,36.760176,0.000000,11.782730
42292,6782.489349,0.000000,60.000000,36.258783,0.000000,4.011142
42293,6782.489349,0.000000,60.000000,35.757391,0.000000,356.239554
42294,6782.489349,0.000000,60.000000,35.255998,0.000000,348.467967
42296,6782.489349,0.000000,60.000000,34.253212,0.000000,332.924791
42297,6782.489349,0.000000,60.000000,33.751820,0.000000,325.153203
42298,6782.489349,0.000000,60.000000,33.250427,0.000000,317.381616
42300,6782.489349,0.000000,60.000000,32.247641,0.000000,301.838440
42301,6782.489349,0.000000,60.000000,31.746249,0.000000,294.066852
42302,6782.489349,0.000000,60.000000,31.244856,0.000000,286.295265
42304,6782.489349,0.000000,60.000000,30.242070,0.000000,270.752089
42306,6782.489349,0.000000,60.000000,29.239285,0.000000,255.208914
42308,6782.489349,0.000000,60.000000,28.236499,0.000000,239.665738
42309,6782.489349,0.000000,60.000000,27.735106,0.000000,231.894150
42310,6782.489349,0.000000,60.000000,27.233714,0.000000,224.122563
42312,6782.489349,0.000000,60.000000,26.230928,0.000000,208.579387
42314,6782.489349,0.000000,60.000000,25.228143,0.000000,193.036212
42316,6782.489349,0.000000,60.000000,24.225357,0.000000,177.493036
42317,6782.489349,0.000000,60.000000,23.723964,0.000000,169.721448
42319,6782.489349,0.000000,60.000000,22.721179,0.000000,154.178273
42321,6782.489349,0.000000,60.000000,21.718393,0.000000,138.635097
42323,6782.489349,0.000000,60.000000,20.715608,0.000000,123.091922
42325,6782.489349,0.000000,60.000000,19.712822,0.000000,107.548747
42327,6782.489349,0.000000,60.000000,18.710037,0.000000,92.005571
42329,6782.489349,0.000000,60.000000,17.707251,0.000000,76.462396
42331,6782.489349,0.000000,60.000000,16.704466,0.000000,60.919220
42332,6782.489349,0.000000,60.000000,16.203073,0.000000,53.147632
42334,6782.489349,0.000000,60.000000,15.200288,0.000000,37.604457
42335,6782.489349,0.000000,60.000000,14.698895,0.000000,29.832869
42337,6782.489349,0.000000,60.000000,13.696109,0.000000,14.289694
42338,6782.489349,0.000000,60.000000,13.194717,0.000000,6.518106
42339,6782.489349,0.000000,60.000000,12.693324,0.000000,358.746518
42340,6782.489349,0.000000,60.000000,12.191931,0.000000,350.974930
42342,6782.489349,0.000000,60.000000,11.189145,0.000000,335.431755
42343,6782.489349,0.000000,60.000000,10.687753,0.000000,327.660167
42344,6782.489349,0.000000,60.000000,10.186360,0.000000,319.888579
42346,6782.489349,0.000000,60.000000,9.183574,0.000000,304.345404
42348,6782.489349,0.000000,60.000000,8.180789,0.000000,288.802228
42350,6782.489349,0.000000,60.000000,7.178003,0.000000,273.259053
42352,6782.489349,0.000000,60.000000,6.175218,0.000000,257.715877
42353,6782.489349,0.000000,60.000000,5.673825,0.000000,249.944290
42354,6782.489349,0.000000,60.000000,5.172432,0.000000,242.172702
42355,6782.489349,0.000000,60.000000,4.671040,0.000000,234.401114
42358,6782.489349,0.000000,60.000000,3.166861,0.000000,211.086351
42359,6782.489349,0.000000,60.000000,2.665469,0.000000,203.314763
42360,6782.489349,0.000000,60.000000,2.164076,0.000000,195.543175
42361,6782.489349,0.000000,60.000000,1.662683,0.000000,187.771588
42362,6782.489349,0.000000,60.000000,1.161290,0.000000,180.000000
42363,6782.489349,0.000000,60.000000,0.659898,0.000000,172.228412
42365,6782.489349,0.000000,60.000000,359.657112,0.000000,156.685237
42367,6782.489349,0.000000,60.000000,358.654327,0.000000,141.142061
42369,6782.489349,0.000000,60.000000,357.651541,0.000000,125.598886
42371,6782.489349,0.000000,60.000000,356.648756,0.000000,110.055710
42373,6782.489349,0.000000,60.000000,355.645970,0.000000,94.512535
42374,6782.489349,0.000000,60.000000,355.144577,0.000000,86.740947
42375,6782.489349,0.000000,60.000000,354.643184,0.000000,78.969359
42376,6782.489349,0.000000,60.000000,354.141792,0.000000,71.197772
42377,6782.489349,0.000000,60.000000,353.640399,0.000000,63.426184
42378,6782.489349,0.000000,60.000000,353.139006,0.000000,55.654596
42379,6782.489349,0.000000,60.000000,352.637613,0.000000,47.883008
42380,6782.489349,0.000000,60.000000,352.136221,0.000000,40.111421
42382,6782.489349,0.000000,60.000000,351.133435,0.000000,24.568245
42384,6782.489349,0.000000,60.000000,350.130650,0.000000,9.025070
42386,6782.489349,0.000000,60.000000,349.127864,0.000000,353.481894
42387,6782.489349,0.000000,60.000000,348.626471,0.000000,345.710306
42388,6782.489349,0.000000,60.000000,348.125079,0.000000,337.938719
42390,6782.489349,0.000000,60.000000,347.122293,0.000000,322.395543
42392,6782.489349,0.000000,60.000000,346.119508,0.000000,306.852368
42393,6782.489349,0.000000,60.000000,345.618115,0.000000,299.080780
42394,6782.489349,0.000000,60.000000,345.116722,0.000000,291.309192
42396,6782.489349,0.000000,60.000000,344.113937,0.000000,275.766017
42397,6782.489349,0.000000,60.000000,343.612544,0.000000,267.994429
42399,6782.489349,0.000000,60.000000,342.609758,0.000000,252.451253
42401,6782.489349,0.000000,60.000000,341.606973,0.000000,236.908078
42402,6782.489349,0.000000,60.000000,341.105580,0.000000,229.136490
42403,6782.489349,0.000000,60.000000,340.604187,0.000000,221.364903
42407,6782.489349,0.000000,60.000000,338.598616,0.000000,190.278552
42409,6782.489349,0.000000,60.000000,337.595831,0.000000,174.735376
42411,6782.489349,0.000000,60.000000,336.593045,0.000000,159.192201
42412,6782.489349,0.000000,60.000000,336.091652,0.000000,151.420613
42414,6782.489349,0.000000,60.000000,335.088867,0.000000,135.877437
42416,6782.489349,0.000000,60.000000,334.086081,0.000000,120.334262
42417,6782.489349,0.000000,60.000000,333.584689,0.000000,112.562674
42418,6782.489349,0.000000,60.000000,333.083296,0.000000,104.791086
42420,6782.489349,0.000000,60.000000,332.080510,0.000000,89.247911
42422,6782.489349,0.000000,60.000000,331.077725,0.000000,73.704735
42423,6782.489349,0.000000,60.000000,330.576332,0.000000,65.933148
42424,6782.489349,0.000000,60.000000,330.074939,0.000000,58.161560
42425,6782.489349,0.000000,60.000000,329.573547,0.000000,50.389972
42426,6782.489349,0.000000,60.000000,329.072154,0.000000,42.618384
42429,6782.489349,0.000000,60.000000,327.567976,0.000000,19.303621
42430,6782.489349,0.000000,60.000000,327.066583,0.000000,11.532033
42432,6782.489349,0.000000,60.000000,326.063797,0.000000,355.988858
42433,6782.489349,0.000000,60.000000,325.562405,0.000000,348.217270
42434,6782.489349,0.000000,60.000000,325.061012,0.000000,340.445682
42436,6782.489349,0.000000,60.000000,324.058226,0.000000,324.902507
42438,6782.489349,0.000000,60.000000,323.055441,0.000000,309.359331
42439,6782.489349,0.000000,60.000000,322.554048,0.000000,301.587744
42441,6782.489349,0.000000,60.000000,321.551262,0.000000,286.044568
42443,6782.489349,0.000000,60.000000,320.548477,0.000000,270.501393
42444,6782.489349,0.000000,60.000000,320.047084,0.000000,262.729805
42445,6782.489349,0.000000,60.000000,319.545691,0.000000,254.958217
42447,6782.489349,0.000000,60.000000,318.542906,0.000000,239.415042
42448,6782.489349,0.000000,60.000000,318.041513,0.000000,231.643454
42449,6782.489349,0.000000,60.000000,317.540120,0.000000,223.871866
42450,6782.489349,0.000000,60.000000,317.038728,0.000000,216.100279
42451,6782.489349,0.000000,60.000000,316.537335,0.000000,208.328691
42453,6782.489349,0.000000,60.000000,315.534549,0.000000,192.785515
42455,6782.489349,0.000000,60.000000,314.531764,0.000000,177.242340
42457,6782.489349,0.000000,60.000000,313.528978,0.000000,161.699164
42458,6782.489349,0.000000,60.000000,313.027586,0.000000,153.927577
42459,6782.489349,0.000000,60.000000,312.526193,0.000000,146.155989
42460,6782.489349,0.000000,60.000000,312.024800,0.000000,138.384401
42462,6782.489349,0.000000,60.000000,311.022015,0.000000,122.841226
42464,6782.489349,0.000000,60.000000,310.019229,0.000000,107.298050
42466,6782.489349,0.000000,60.000000,309.016444,0.000000,91.754875
42467,6782.489349,0.000000,60.000000,308.515051,0.000000,83.983287
42468,6782.489349,0.000000,60.000000,308.013658,0.000000,76.211699
42470,6782.489349,0.000000,60.000000,307.010872,0.000000,60.668524
42471,6782.489349,0.000000,60.000000,306.509480,0.000000,52.896936
42472,6782.489349,0.000000,60.000000,306.008087,0.000000,45.125348
42474,6782.489349,0.000000,60.000000,305.005301,0.000000,29.582173
42475,6782.489349,0.000000,60.000000,304.503909,0.000000,21.810585
42477,6782.489349,0.000000,60.000000,303.501123,0.000000,6.267409
42478,6782.489349,0.000000,60.000000,302.999730,0.000000,358.495822
42479,6782.489349,0.000000,60.000000,302.498338,0.000000,350.724234
42481,6782.489349,0.000000,60.000000,301.495552,0.000000,335.181058
42483,6782.489349,0.000000,60.000000,300.492767,0.000000,319.637883
42484,6782.489349,0.000000,60.000000,299.991374,0.000000,311.866295
42485,6782.489349,0.000000,60.000000,299.489981,0.000000,304.094708
42486,6782.489349,0.000000,60.000000,298.988588,0.000000,296.323120
42487,6782.489349,0.000000,60.000000,298.487196,0.000000,288.551532
42489,6782.489349,0.000000,60.000000,297.484410,0.000000,273.008357
42491,6782.489349,0.000000,60.000000,296.481625,0.000000,257.465181
42496,6782.489349,0.000000,60.000000,293.974661,0.000000,218.607242
42497,6782.489349,0.000000,60.000000,293.473268,0.000000,210.835655
42498,6782.489349,0.000000,60.000000,292.971875,0.000000,203.064067
42499,6782.489349,0.000000,60.000000,292.470483,0.000000,195.292479
42500,6782.489349,0.000000,60.000000,291.969090,0.000000,187.520891
42502,6782.489349,0.000000,60.000000,290.966304,0.000000,171.977716
42504,6782.489349,0.000000,60.000000,289.963519,0.000000,156.434540
42506,6782.489349,0.000000,60.000000,288.960733,0.000000,140.891365
42508,6782.489349,0.000000,60.000000,287.957948,0.000000,125.348189
42510,6782.489349,0.000000,60.000000,286.955162,0.000000,109.805014
42512,6782.489349,0.000000,60.000000,285.952377,0.000000,94.261838
42514,6782.489349,0.000000,60.000000,284.949591,0.000000,78.718663
42515,6782.489349,0.000000,60.000000,284.448198,0.000000,70.947075
42517,6782.489349,0.000000,60.000000,283.445413,0.000000,55.403900
42519,6782.489349,0.000000,60.000000,282.442627,0.000000,39.860724
42521,6782.489349,0.000000,60.000000,281.439842,0.000000,24.317549
42523,6782.489349,0.000000,60.000000,280.437056,0.000000,8.774373
42525,6782.489349,0.000000,60.000000,279.434271,0.000000,353.231198
42527,6782.489349,0.000000,60.000000,278.431485,0.000000,337.688022
42529,6782.489349,0.000000,60.000000,277.428700,0.000000,322.144847
42531,6782.489349,0.000000,60.000000,276.425914,0.000000,306.601671
42532,6782.489349,0.000000,60.000000,275.924522,0.000000,298.830084
42533,6782.489349,0.000000,60.000000,275.423129,0.000000,291.058496
42534,6782.489349,0.000000,60.000000,274.921736,0.000000,283.286908
42536,6782.489349,0.000000,60.000000,273.918950,0.000000,267.743733
42538,6782.489349,0.000000,60.000000,272.916165,0.000000,252.200557
42539,6782.489349,0.000000,60.000000,272.414772,0.000000,244.428969
42540,6782.489349,0.000000,60.000000,271.913379,0.000000,236.657382
42541,6782.489349,0.000000,60.000000,271.411987,0.000000,228.885794
42542,6782.489349,0.000000,60.000000,270.910594,0.000000,221.114206
42544,6782.489349,0.000000,60.000000,269.907808,0.000000,205.571031
42546,6782.489349,0.000000,60.000000,268.905023,0.000000,190.027855
42548,6782.489349,0.000000,60.000000,267.902237,0.000000,174.484680
42550,6782.489349,0.000000,60.000000,266.899452,0.000000,158.941504
42552,6782.489349,0.000000,60.000000,265.896666,0.000000,143.398329
42553,6782.489349,0.000000,60.000000,265.395274,0.000000,135.626741
42554,6782.489349,0.000000,60.000000,264.893881,0.000000,127.855153
42556,6782.489349,0.000000,60.000000,263.891095,0.000000,112.311978
42557,6782.489349,0.000000,60.000000,263.389703,0.000000,104.540390
42559,6782.489349,0.000000,60.000000,262.386917,0.000000,88.997214
42560,6782.489349,0.000000,60.000000,261.885524,0.000000,81.225627
42561,6782.489349,0.000000,60.000000,261.384132,0.000000,73.454039
42563,6782.489349,0.000000,60.000000,260.381346,0.000000,57.910864
42565,6782.489349,0.000000,60.000000,259.378561,0.000000,42.367688
42567,6782.489349,0.000000,60.000000,258.375775,0.000000,26.824513
42569,6782.489349,0.000000,60.000000,257.372989,0.000000,11.281337
42571,6782.489349,0.000000,60.000000,256.370204,0.000000,355.738162
42572,6782.489349,0.000000,60.000000,255.868811,0.000000,347.966574
42573,6782.489349,0.000000,60.000000,255.367418,0.000000,340.194986
42574,6782.489349,0.000000,60.000000,254.866026,0.000000,332.423398
42575,6782.489349,0.000000,60.000000,254.364633,0.000000,324.651811
42576,6782.489349,0.000000,60.000000,253.863240,0.000000,316.880223
42578,6782.489349,0.000000,60.000000,252.860455,0.000000,301.337047
42579,6782.489349,0.000000,60.000000,252.359062,0.000000,293.565460
42580,6782.489349,0.000000,60.000000,251.857669,0.000000,285.793872
42582,6782.489349,0.000000,60.000000,250.854884,0.000000,270.250696
42584,6782.489349,0.000000,60.000000,249.852098,0.000000,254.707521
42586,6782.489349,0.000000,60.000000,248.849313,0.000000,239.164345
42588,6782.489349,0.000000,60.000000,247.846527,0.000000,223.621170
42590,6782.489349,0.000000,60.000000,246.843742,0.000000,208.077994
42592,6782.489349,0.000000,60.000000,245.840956,0.000000,192.534819
42593,6782.489349,0.000000,60.000000,245.339563,0.000000,184.763231
42594,6782.489349,0.000000,60.000000,244.838171,0.000000,176.991643
42595,6782.489349,0.000000,60.000000,244.336778,0.000000,169.220056
42596,6782.489349,0.000000,60.000000,243.835385,0.000000,161.448468
42597,6782.489349,0.000000,60.000000,243.333992,0.000000,153.676880
42598,6782.489349,0.000000,60.000000,242.832600,0.000000,145.905292
42599,6782.489349,0.000000,60.000000,242.331207,0.000000,138.133705
42603,6782.489349,0.000000,60.000000,240.325636,0.000000,107.047354
42604,6782.489349,0.000000,60.000000,239.824243,0.000000,99.275766
42605,6782.489349,0.000000,60.000000,239.322850,0.000000,91.504178
42606,6782.489349,0.000000,60.000000,238.821457,0.000000,83.732591
42607,6782.489349,0.000000,60.000000,238.320065,0.000000,75.961003
42609,6782.489349,0.000000,60.000000,237.317279,0.000000,60.417827
42612,6782.489349,0.000000,60.000000,235.813101,0.000000,37.103064
42613,6782.489349,0.000000,60.000000,235.311708,0.000000,29.331476
42614,6782.489349,0.000000,60.000000,234.810315,0.000000,21.559889
42615,6782.489349,0.000000,60.000000,234.308923,0.000000,13.788301
42616,6782.489349,0.000000,60.000000,233.807530,0.000000,6.016713
42618,6782.489349,0.000000,60.000000,232.804744,0.000000,350.473538
42620,6782.489349,0.000000,60.000000,231.801959,0.000000,334.930362
42622,6782.489349,0.000000,60.000000,230.799173,0.000000,319.387187
42624,6782.489349,0.000000,60.000000,229.796388,0.000000,303.844011
42626,6782.489349,0.000000,60.000000,228.793602,0.000000,288.300836
42628,6782.489349,0.000000,60.000000,227.790817,0.000000,272.757660
42630,6782.489349,0.000000,60.000000,226.788031,0.000000,257.214485
42632,6782.489349,0.000000,60.000000,225.785246,0.000000,241.671309
42634,6782.489349,0.000000,60.000000,224.782460,0.000000,226.128134
42635,6782.489349,0.000000,60.000000,224.281067,0.000000,218.356546
42636,6782.489349,0.000000,60.000000,223.779675,0.000000,210.584958
42637,6782.489349,0.000000,60.000000,223.278282,0.000000,202.813370
42639,6782.489349,0.000000,60.000000,222.275496,0.000000,187.270195
42640,6782.489349,0.000000,60.000000,221.774104,0.000000,179.498607
42641,6782.489349,0.000000,60.000000,221.272711,0.000000,171.727019
42643,6782.489349,0.000000,60.000000,220.269925,0.000000,156.183844
42645,6782.489349,0.000000,60.000000,219.267140,0.000000,140.640669
42646,6782.489349,0.000000,60.000000,218.765747,0.000000,132.869081
42647,6782.489349,0.000000,60.000000,218.264354,0.000000,125.097493
42649,6782.489349,0.000000,60.000000,217.261569,0.000000,109.554318
42650,6782.489349,0.000000,60.000000,216.760176,0.000000,101.782730
42651,6782.489349,0.000000,60.000000,216.258783,0.000000,94.011142
42654,6782.489349,0.000000,60.000000,214.754605,0.000000,70.696379
42655,6782.489349,0.000000,60.000000,214.253212,0.000000,62.924791
42656,6782.489349,0.000000,60.000000,213.751820,0.000000,55.153203
42657,6782.489349,0.000000,60.000000,213.250427,0.000000,47.381616
42658,6782.489349,0.000000,60.000000,212.749034,0.000000,39.610028
42660,6782.489349,0.000000,60.000000,211.746249,0.000000,24.066852
42662,6782.489349,0.000000,60.000000,210.743463,0.000000,8.523677
42664,6782.489349,0.000000,60.000000,209.740678,0.000000,352.980501
42666,6782.489349,0.000000,60.000000,208.737892,0.000000,337.437326
42668,6782.489349,0.000000,60.000000,207.735106,0.000000,321.894150
42669,6782.489349,0.000000,60.000000,207.233714,0.000000,314.122563
42671,6782.489349,0.000000,60.000000,206.230928,0.000000,298.579387
42672,6782.489349,0.000000,60.000000,205.729535,0.000000,290.807799
42673,6782.489349,0.000000,60.000000,205.228143,0.000000,283.036212
42674,6782.489349,0.000000,60.000000,204.726750,0.000000,275.264624
42675,6782.489349,0.000000,60.000000,204.225357,0.000000,267.493036
42676,6782.489349,0.000000,60.000000,203.723964,0.000000,259.721448
42677,6782.489349,0.000000,60.000000,203.222572,0.000000,251.949861
42678,6782.489349,0.000000,60.000000,202.721179,0.000000,244.178273
42679,6782.489349,0.000000,60.000000,202.219786,0.000000,236.406685
42681,6782.489349,0.000000,60.000000,201.217001,0.000000,220.863510
42683,6782.489349,0.000000,60.000000,200.214215,0.000000,205.320334
42685,6782.489349,0.000000,60.000000,199.211430,0.000000,189.777159
42687,6782.489349,0.000000,60.000000,198.208644,0.000000,174.233983
42689,6782.489349,0.000000,60.000000,197.205859,0.000000,158.690808
42691,6782.489349,0.000000,60.000000,196.203073,0.000000,143.147632
42693,6782.489349,0.000000,60.000000,195.200288,0.000000,127.604457
42694,6782.489349,0.000000,60.000000,194.698895,0.000000,119.832869
42696,6782.489349,0.000000,60.000000,193.696109,0.000000,104.289694
42697,6782.489349,0.000000,60.000000,193.194717,0.000000,96.518106
42698,6782.489349,0.000000,60.000000,192.693324,0.000000,88.746518
42700,6782.489349,0.000000,60.000000,191.690538,0.000000,73.203343
42702,6782.489349,0.000000,60.000000,190.687753,0.000000,57.660167
42704,6782.489349,0.000000,60.000000,189.684967,0.000000,42.116992
42706,6782.489349,0.000000,60.000000,188.682182,0.000000,26.573816
42707,6782.489349,0.000000,60.000000,188.180789,0.000000,18.802228
42708,6782.489349,0.000000,60.000000,187.679396,0.000000,11.030641
42710,6782.489349,0.000000,60.000000,186.676611,0.000000,355.487465
42711,6782.489349,0.000000,60.000000,186.175218,0.000000,347.715877
42712,6782.489349,0.000000,60.000000,185.673825,0.000000,339.944290
42713,6782.489349,0.000000,60.000000,185.172432,0.000000,332.172702
42715,6782.489349,0.000000,60.000000,184.169647,0.000000,316.629526
42717,6782.489349,0.000000,60.000000,183.166861,0.000000,301.086351
42719,6782.489349,0.000000,60.000000,182.164076,0.000000,285.543175
42721,6782.489349,0.000000,60.000000,181.161290,0.000000,270.000000
42722,6782.489349,0.000000,60.000000,180.659898,0.000000,262.228412
42723,6782.489349,0.000000,60.000000,180.158505,0.000000,254.456825
42725,6782.489349,0.000000,60.000000,179.155719,0.000000,238.913649
42727,6782.489349,0.000000,60.000000,178.152934,0.000000,223.370474
42729,6782.489349,0.000000,60.000000,177.150148,0.000000,207.827298
42730,6782.489349,0.000000,60.000000,176.648756,0.000000,200.055710
42731,6782.489349,0.000000,60.000000,176.147363,0.000000,192.284123
42733,6782.489349,0.000000,60.000000,175.144577,0.000000,176.740947
42734,6782.489349,0.000000,60.000000,174.643184,0.000000,168.969359
42736,6782.489349,0.000000,60.000000,173.640399,0.000000,153.426184
42740,6782.489349,0.000000,60.000000,171.634828,0.000000,122.339833
42742,6782.489349,0.000000,60.000000,170.632042,0.000000,106.796657
42744,6782.489349,0.000000,60.000000,169.629257,0.000000,91.253482
42746,6782.489349,0.000000,60.000000,168.626471,0.000000,75.710306
42748,6782.489349,0.000000,60.000000,167.623686,0.000000,60.167131
42750,6782.489349,0.000000,60.000000,166.620900,0.000000,44.623955
42753,6782.489349,0.000000,60.000000,165.116722,0.000000,21.309192
42754,6782.489349,0.000000,60.000000,164.615329,0.000000,13.537604
42755,6782.489349,0.000000,60.000000,164.113937,0.000000,5.766017
42757,6782.489349,0.000000,60.000000,163.111151,0.000000,350.222841
42759,6782.489349,0.000000,60.000000,162.108366,0.000000,334.679666
42761,6782.489349,0.000000,60.000000,161.105580,0.000000,319.136490
42763,6782.489349,0.000000,60.000000,160.102795,0.000000,303.593315
42765,6782.489349,0.000000,60.000000,159.100009,0.000000,288.050139
42767,6782.489349,0.000000,60.000000,158.097223,0.000000,272.506964
42769,6782.489349,0.000000,60.000000,157.094438,0.000000,256.963788
42771,6782.489349,0.000000,60.000000,156.091652,0.000000,241.420613
42774,6782.489349,0.000000,60.000000,154.587474,0.000000,218.105850
42775,6782.489349,0.000000,60.000000,154.086081,0.000000,210.334262
42776,6782.489349,0.000000,60.000000,153.584689,0.000000,202.562674
42777,6782.489349,0.000000,60.000000,153.083296,0.000000,194.791086
42778,6782.489349,0.000000,60.000000,152.581903,0.000000,187.019499
42780,6782.489349,0.000000,60.000000,151.579118,0.000000,171.476323
42782,6782.489349,0.000000,60.000000,150.576332,0.000000,155.933148
42784,6782.489349,0.000000,60.000000,149.573547,0.000000,140.389972
42786,6782.489349,0.000000,60.000000,148.570761,0.000000,124.846797
42788,6782.489349,0.000000,60.000000,147.567976,0.000000,109.303621
42789,6782.489349,0.000000,60.000000,147.066583,0.000000,101.532033
42790,6782.489349,0.000000,60.000000,146.565190,0.000000,93.760446
42792,6782.489349,0.000000,60.000000,145.562405,0.000000,78.217270
42794,6782.489349,0.000000,60.000000,144.559619,0.000000,62.674095
42795,6782.489349,0.000000,60.000000,144.058226,0.000000,54.902507
42796,6782.489349,0.000000,60.000000,143.556833,0.000000,47.130919
42798,6782.489349,0.000000,60.000000,142.554048,0.000000,31.587744
42799,6782.489349,0.000000,60.000000,142.052655,0.000000,23.816156
42801,6782.489349,0.000000,60.000000,141.049870,0.000000,8.272981
42803,6782.489349,0.000000,60.000000,140.047084,0.000000,352.729805
42805,6782.489349,0.000000,60.000000,139.044299,0.000000,337.186630
42807,6782.489349,0.000000,60.000000,138.041513,0.000000,321.643454
42808,6782.489349,0.000000,60.000000,137.540120,0.000000,313.871866
42809,6782.489349,0.000000,60.000000,137.038728,0.000000,306.100279
42811,6782.489349,0.000000,60.000000,136.035942,0.000000,290.557103
42812,6782.489349,0.000000,60.000000,135.534549,0.000000,282.785515
42813,6782.489349,0.000000,60.000000,135.033157,0.000000,275.013928
42814,6782.489349,0.000000,60.000000,134.531764,0.000000,267.242340
42815,6782.489349,0.000000,60.000000,134.030371,0.000000,259.470752
42816,6782.489349,0.000000,60.000000,133.528978,0.000000,251.699164
42818,6782.489349,0.000000,60.000000,132.526193,0.000000,236.155989
42820,6782.489349,0.000000,60.000000,131.523407,0.000000,220.612813
42822,6782.489349,0.000000,60.000000,130.520622,0.000000,205.069638
42824,6782.489349,0.000000,60.000000,129.517836,0.000000,189.526462
42826,6782.489349,0.000000,60.000000,128.515051,0.000000,173.983287
42828,6782.489349,0.000000,60.000000,127.512265,0.000000,158.440111
42830,6782.489349,0.000000,60.000000,126.509480,0.000000,142.896936
42831,6782.489349,0.000000,60.000000,126.008087,0.000000,135.125348
42832,6782.489349,0.000000,60.000000,125.506694,0.000000,127.353760
42833,6782.489349,0.000000,60.000000,125.005301,0.000000,119.582173
42834,6782.489349,0.000000,60.000000,124.503909,0.000000,111.810585
42835,6782.489349,0.000000,60.000000,124.002516,0.000000,104.038997
42836,6782.489349,0.000000,60.000000,123.501123,0.000000,96.267409
42837,6782.489349,0.000000,60.000000,122.999730,0.000000,88.495822
42839,6782.489349,0.000000,60.000000,121.996945,0.000000,72.952646
42840,6782.489349,0.000000,60.000000,121.495552,0.000000,65.181058
42841,6782.489349,0.000000,60.000000,120.994159,0.000000,57.409471
42843,6782.489349,0.000000,60.000000,119.991374,0.000000,41.866295
42845,6782.489349,0.000000,60.000000,118.988588,0.000000,26.323120
42847,6782.489349,0.000000,60.000000,117.985803,0.000000,10.779944
42849,6782.489349,0.000000,60.000000,116.983017,0.000000,355.236769
42850,6782.489349,0.000000,60.000000,116.481625,0.000000,347.465181
42852,6782.489349,0.000000,60.000000,115.478839,0.000000,331.922006
42854,6782.489349,0.000000,60.000000,114.476054,0.000000,316.378830
42857,6782.489349,0.000000,60.000000,112.971875,0.000000,293.064067
42858,6782.489349,0.000000,60.000000,112.470483,0.000000,285.292479
42860,6782.489349,0.000000,60.000000,111.467697,0.000000,269.749304
42861,6782.489349,0.000000,60.000000,110.966304,0.000000,261.977716
42862,6782.489349,0.000000,60.000000,110.464911,0.000000,254.206128
42864,6782.489349,0.000000,60.000000,109.462126,0.000000,238.662953
42866,6782.489349,0.000000,60.000000,108.459340,0.000000,223.119777
42867,6782.489349,0.000000,60.000000,107.957948,0.000000,215.348189
42868,6782.489349,0.000000,60.000000,107.456555,0.000000,207.576602
42869,6782.489349,0.000000,60.000000,106.955162,0.000000,199.805014
42870,6782.489349,0.000000,60.000000,106.453769,0.000000,192.033426
42872,6782.489349,0.000000,60.000000,105.450984,0.000000,176.490251
42873,6782.489349,0.000000,60.000000,104.949591,0.000000,168.718663
42875,6782.489349,0.000000,60.000000,103.946806,0.000000,153.175487
42877,6782.489349,0.000000,60.000000,102.944020,0.000000,137.632312
42879,6782.489349,0.000000,60.000000,101.941235,0.000000,122.089136
42880,6782.489349,0.000000,60.000000,101.439842,0.000000,114.317549
42881,6782.489349,0.000000,60.000000,100.938449,0.000000,106.545961
42883,6782.489349,0.000000,60.000000,99.935664,0.000000,91.002786
42885,6782.489349,0.000000,60.000000,98.932878,0.000000,75.459610
42887,6782.489349,0.000000,60.000000,97.930093,0.000000,59.916435
42889,6782.489349,0.000000,60.000000,96.927307,0.000000,44.373259
42891,6782.489349,0.000000,60.000000,95.924522,0.000000,28.830084
42894,6782.489349,0.000000,60.000000,94.420343,0.000000,5.515320
42896,6782.489349,0.000000,60.000000,93.417558,0.000000,349.972145
42898,6782.489349,0.000000,60.000000,92.414772,0.000000,334.428969
42900,6782.489349,0.000000,60.000000,91.411987,0.000000,318.885794
42902,6782.489349,0.000000,60.000000,90.409201,0.000000,303.342618
42903,6782.489349,0.000000,60.000000,89.907808,0.000000,295.571031
42904,6782.489349,0.000000,60.000000,89.406416,0.000000,287.799443
42906,6782.489349,0.000000,60.000000,88.403630,0.000000,272.256267
42908,6782.489349,0.000000,60.000000,87.400845,0.000000,256.713092
42910,6782.489349,0.000000,60.000000,86.398059,0.000000,241.169916
42912,6782.489349,0.000000,60.000000,85.395274,0.000000,225.626741
42913,6782.489349,0.000000,60.000000,84.893881,0.000000,217.855153
42914,6782.489349,0.000000,60.000000,84.392488,0.000000,210.083565
42917,6782.489349,0.000000,60.000000,82.888310,0.000000,186.768802
42918,6782.489349,0.000000,60.000000,82.386917,0.000000,178.997214
42919,6782.489349,0.000000,60.000000,81.885524,0.000000,171.225627
42921,6782.489349,0.000000,60.000000,80.882739,0.000000,155.682451
42925,6782.489349,0.000000,60.000000,78.877168,0.000000,124.596100
42927,6782.489349,0.000000,60.000000,77.874382,0.000000,109.052925
42929,6782.489349,0.000000,60.000000,76.871597,0.000000,93.509749
42932,6782.489349,0.000000,60.000000,75.367418,0.000000,70.194986
42933,6782.489349,0.000000,60.000000,74.866026,0.000000,62.423398
42934,6782.489349,0.000000,60.000000,74.364633,0.000000,54.651811
42936,6782.489349,0.000000,60.000000,73.361847,0.000000,39.108635
42938,6782.489349,0.000000,60.000000,72.359062,0.000000,23.565460
42940,6782.489349,0.000000,60.000000,71.356276,0.000000,8.022284
42942,6782.489349,0.000000,60.000000,70.353491,0.000000,352.479109
42944,6782.489349,0.000000,60.000000,69.350705,0.000000,336.935933
42946,6782.489349,0.000000,60.000000,68.347920,0.000000,321.392758
42948,6782.489349,0.000000,60.000000,67.345134,0.000000,305.849582
42950,6782.489349,0.000000,60.000000,66.342349,0.000000,290.306407
42951,6782.489349,0.000000,60.000000,65.840956,0.000000,282.534819
42952,6782.489349,0.000000,60.000000,65.339563,0.000000,274.763231
42953,6782.489349,0.000000,60.000000,64.838171,0.000000,266.991643
42955,6782.489349,0.000000,60.000000,63.835385,0.000000,251.448468
42957,6782.489349,0.000000,60.000000,62.832600,0.000000,235.905292
42959,6782.489349,0.000000,60.000000,61.829814,0.000000,220.362117
42961,6782.489349,0.000000,60.000000,60.827028,0.000000,204.818942
42962,6782.489349,0.000000,60.000000,60.325636,0.000000,197.047354
42963,6782.489349,0.000000,60.000000,59.824243,0.000000,189.275766
42965,6782.489349,0.000000,60.000000,58.821457,0.000000,173.732591
42967,6782.489349,0.000000,60.000000,57.818672,0.000000,158.189415
42968,6782.489349,0.000000,60.000000,57.317279,0.000000,150.417827
42969,6782.489349,0.000000,60.000000,56.815886,0.000000,142.646240
42970,6782.489349,0.000000,60.000000,56.314494,0.000000,134.874652
42971,6782.489349,0.000000,60.000000,55.813101,0.000000,127.103064
42972,6782.489349,0.000000,60.000000,55.311708,0.000000,119.331476
42973,6782.489349,0.000000,60.000000,54.810315,0.000000,111.559889
42974,6782.489349,0.000000,60.000000,54.308923,0.000000,103.788301
42975,6782.489349,0.000000,60.000000,53.807530,0.000000,96.016713
42976,6782.489349,0.000000,60.000000,53.306137,0.000000,88.245125
42977,6782.489349,0.000000,60.000000,52.804744,0.000000,80.473538
42978,6782.489349,0.000000,60.000000,52.303352,0.000000,72.701950
42979,6782.489349,0.000000,60.000000,51.801959,0.000000,64.930362
42980,6782.489349,0.000000,60.000000,51.300566,0.000000,57.158774
42981,6782.489349,0.000000,60.000000,50.799173,0.000000,49.387187
42982,6782.489349,0.000000,60.000000,50.297781,0.000000,41.615599
42984,6782.489349,0.000000,60.000000,49.294995,0.000000,26.072423
42985,6782.489349,0.000000,60.000000,48.793602,0.000000,18.300836
42986,6782.489349,0.000000,60.000000,48.292210,0.000000,10.529248
42987,6782.489349,0.000000,60.000000,47.790817,0.000000,2.757660
42988,6782.489349,0.000000,60.000000,47.289424,0.000000,354.986072
42989,6782.489349,0.000000,60.000000,46.788031,0.000000,347.214485
42990,6782.489349,0.000000,60.000000,46.286639,0.000000,339.442897
42991,6782.489349,0.000000,60.000000,45.785246,0.000000,331.671309
42994,6782.489349,0.000000,60.000000,44.281067,0.000000,308.356546
42997,6782.489349,0.000000,60.000000,42.776889,0.000000,285.041783
42999,6782.489349,0.000000,60.000000,41.774104,0.000000,269.498607
43001,6782.489349,0.000000,60.000000,40.771318,0.000000,253.955432
43002,6782.489349,0.000000,60.000000,40.269925,0.000000,246.183844
43003,6782.489349,0.000000,60.000000,39.768533,0.000000,238.412256
43005,6782.489349,0.000000,60.000000,38.765747,0.000000,222.869081
43007,6782.489349,0.000000,60.000000,37.762962,0.000000,207.325905
43008,6782.489349,0.000000,60.000000,37.261569,0.000000,199.554318
43009,6782.489349,0.000000,60.000000,36.760176,0.000000,191.782730
43010,6782.489349,0.000000,60.000000,36.258783,0.000000,184.011142
43011,6782.489349,0.000000,60.000000,35.757391,0.000000,176.239554
43012,6782.489349,0.000000,60.000000,35.255998,0.000000,168.467967
43013,6782.489349,0.000000,60.000000,34.754605,0.000000,160.696379
43015,6782.489349,0.000000,60.000000,33.751820,0.000000,145.153203
43016,6782.489349,0.000000,60.000000,33.250427,0.000000,137.381616
43017,6782.489349,0.000000,60.000000,32.749034,0.000000,129.610028
43018,6782.489349,0.000000,60.000000,32.247641,0.000000,121.838440
43020,6782.489349,0.000000,60.000000,31.244856,0.000000,106.295265
43022,6782.489349,0.000000,60.000000,30.242070,0.000000,90.752089
43023,6782.489349,0.000000,60.000000,29.740678,0.000000,82.980501
43024,6782.489349,0.000000,60.000000,29.239285,0.000000,75.208914
43026,6782.489349,0.000000,60.000000,28.236499,0.000000,59.665738
43027,6782.489349,0.000000,60.000000,27.735106,0.000000,51.894150
43028,6782.489349,0.000000,60.000000,27.233714,0.000000,44.122563
43032,6782.489349,0.000000,60.000000,25.228143,0.000000,13.036212
43033,6782.489349,0.000000,60.000000,24.726750,0.000000,5.264624
43035,6782.489349,0.000000,60.000000,23.723964,0.000000,349.721448
43037,6782.489349,0.000000,60.000000,22.721179,0.000000,334.178273
43039,6782.489349,0.000000,60.000000,21.718393,0.000000,318.635097
43041,6782.489349,0.000000,60.000000,20.715608,0.000000,303.091922
43043,6782.489349,0.000000,60.000000,19.712822,0.000000,287.548747
43045,6782.489349,0.000000,60.000000,18.710037,0.000000,272.005571
43047,6782.489349,0.000000,60.000000,17.707251,0.000000,256.462396
43049,6782.489349,0.000000,60.000000,16.704466,0.000000,240.919220
43051,6782.489349,0.000000,60.000000,15.701680,0.000000,225.376045
43052,6782.489349,0.000000,60.000000,15.200288,0.000000,217.604457
43053,6782.489349,0.000000,60.000000,14.698895,0.000000,209.832869
43055,6782.489349,0.000000,60.000000,13.696109,0.000000,194.289694
43056,6782.489349,0.000000,60.000000,13.194717,0.000000,186.518106
43057,6782.489349,0.000000,60.000000,12.693324,0.000000,178.746518
43058,6782.489349,0.000000,60.000000,12.191931,0.000000,170.974930
43060,6782.489349,0.000000,60.000000,11.189145,0.000000,155.431755
43062,6782.489349,0.000000,60.000000,10.186360,0.000000,139.888579
43064,6782.489349,0.000000,60.000000,9.183574,0.000000,124.345404
43066,6782.489349,0.000000,60.000000,8.180789,0.000000,108.802228
43068,6782.489349,0.000000,60.000000,7.178003,0.000000,93.259053
43069,6782.489349,0.000000,60.000000,6.676611,0.000000,85.487465
43070,6782.489349,0.000000,60.000000,6.175218,0.000000,77.715877
43072,6782.489349,0.000000,60.000000,5.172432,0.000000,62.172702
43073,6782.489349,0.000000,60.000000,4.671040,0.000000,54.401114
43075,6782.489349,0.000000,60.000000,3.668254,0.000000,38.857939
43076,6782.489349,0.000000,60.000000,3.166861,0.000000,31.086351
43077,6782.489349,0.000000,60.000000,2.665469,0.000000,23.314763
43079,6782.489349,0.000000,60.000000,1.662683,0.000000,7.771588
47388,6782.489349,0.000000,30.000000,3.483871,0.000000,0.000000
47389,6782.489349,0.000000,30.000000,2.982478,0.000000,352.228412
47393,6782.489349,0.000000,30.000000,0.976907,0.000000,321.142061
47394,6782.489349,0.000000,30.000000,0.475514,0.000000,313.370474
47395,6782.489349,0.000000,30.000000,359.974122,0.000000,305.598886
47396,6782.489349,0.000000,30.000000,359.472729,0.000000,297.827298
47398,6782.489349,0.000000,30.000000,358.469943,0.000000,282.284123
47401,6782.489349,0.000000,30.000000,356.965765,0.000000,258.969359
47402,6782.489349,0.000000,30.000000,356.464372,0.000000,251.197772
47403,6782.489349,0.000000,30.000000,355.962980,0.000000,243.426184
47405,6782.489349,0.000000,30.000000,354.960194,0.000000,227.883008
47408,6782.489349,0.000000,30.000000,353.456016,0.000000,204.568245
47409,6782.489349,0.000000,30.000000,352.954623,0.000000,196.796657
47410,6782.489349,0.000000,30.000000,352.453230,0.000000,189.025070
47414,6782.489349,0.000000,30.000000,350.447659,0.000000,157.938719
47421,6782.489349,0.000000,30.000000,346.937910,0.000000,103.537604
47422,6782.489349,0.000000,30.000000,346.436517,0.000000,95.766017
47424,6782.489349,0.000000,30.000000,345.433732,0.000000,80.222841
47425,6782.489349,0.000000,30.000000,344.932339,0.000000,72.451253
47426,6782.489349,0.000000,30.000000,344.430946,0.000000,64.679666
47428,6782.489349,0.000000,30.000000,343.428161,0.000000,49.136490
47429,6782.489349,0.000000,30.000000,342.926768,0.000000,41.364903
47430,6782.489349,0.000000,30.000000,342.425375,0.000000,33.593315
47431,6782.489349,0.000000,30.000000,341.923982,0.000000,25.821727
47433,6782.489349,0.000000,30.000000,340.921197,0.000000,10.278552
47437,6782.489349,0.000000,30.000000,338.915626,0.000000,339.192201
47438,6782.489349,0.000000,30.000000,338.414233,0.000000,331.420613
47439,6782.489349,0.000000,30.000000,337.912840,0.000000,323.649025
47440,6782.489349,0.000000,30.000000,337.411448,0.000000,315.877437
47442,6782.489349,0.000000,30.000000,336.408662,0.000000,300.334262
47443,6782.489349,0.000000,30.000000,335.907269,0.000000,292.562674
47447,6782.489349,0.000000,30.000000,333.901698,0.000000,261.476323
47452,6782.489349,0.000000,30.000000,331.394734,0.000000,222.618384
47453,6782.489349,0.000000,30.000000,330.893342,0.000000,214.846797
47455,6782.489349,0.000000,30.000000,329.890556,0.000000,199.303621
47456,6782.489349,0.000000,30.000000,329.389163,0.000000,191.532033
47461,6782.489349,0.000000,30.000000,326.882200,0.000000,152.674095
47462,6782.489349,0.000000,30.000000,326.380807,0.000000,144.902507
47464,6782.489349,0.000000,30.000000,325.378021,0.000000,129.359331
47466,6782.489349,0.000000,30.000000,324.375236,0.000000,113.816156
47476,6782.489349,0.000000,30.000000,319.361308,0.000000,36.100279
47479,6782.489349,0.000000,30.000000,317.857130,0.000000,12.785515
47480,6782.489349,0.000000,30.000000,317.355737,0.000000,5.013928
47481,6782.489349,0.000000,30.000000,316.854345,0.000000,357.242340
47482,6782.489349,0.000000,30.000000,316.352952,0.000000,349.470752
47483,6782.489349,0.000000,30.000000,315.851559,0.000000,341.699164
47486,6782.489349,0.000000,30.000000,314.347381,0.000000,318.384401
47488,6782.489349,0.000000,30.000000,313.344595,0.000000,302.841226
47490,6782.489349,0.000000,30.000000,312.341810,0.000000,287.298050
47491,6782.489349,0.000000,30.000000,311.840417,0.000000,279.526462
47493,6782.489349,0.000000,30.000000,310.837631,0.000000,263.983287
47494,6782.489349,0.000000,30.000000,310.336239,0.000000,256.211699
47496,6782.489349,0.000000,30.000000,309.333453,0.000000,240.668524
47497,6782.489349,0.000000,30.000000,308.832060,0.000000,232.896936
47498,6782.489349,0.000000,30.000000,308.330668,0.000000,225.125348
47500,6782.489349,0.000000,30.000000,307.327882,0.000000,209.582173
47502,6782.489349,0.000000,30.000000,306.325097,0.000000,194.038997
47506,6782.489349,0.000000,30.000000,304.319526,0.000000,162.952646
47508,6782.489349,0.000000,30.000000,303.316740,0.000000,147.409471
47509,6782.489349,0.000000,30.000000,302.815347,0.000000,139.637883
47511,6782.489349,0.000000,30.000000,301.812562,0.000000,124.094708
47512,6782.489349,0.000000,30.000000,301.311169,0.000000,116.323120
47514,6782.489349,0.000000,30.000000,300.308384,0.000000,100.779944
47518,6782.489349,0.000000,30.000000,298.302812,0.000000,69.693593
47519,6782.489349,0.000000,30.000000,297.801420,0.000000,61.922006
47520,6782.489349,0.000000,30.000000,297.300027,0.000000,54.150418
47521,6782.489349,0.000000,30.000000,296.798634,0.000000,46.378830
47523,6782.489349,0.000000,30.000000,295.795849,0.000000,30.835655
47524,6782.489349,0.000000,30.000000,295.294456,0.000000,23.064067
47525,6782.489349,0.000000,30.000000,294.793063,0.000000,15.292479
47526,6782.489349,0.000000,30.000000,294.291670,0.000000,7.520891
47527,6782.489349,0.000000,30.000000,293.790278,0.000000,359.749304
47528,6782.489349,0.000000,30.000000,293.288885,0.000000,351.977716
47531,6782.489349,0.000000,30.000000,291.784707,0.000000,328.662953
47532,6782.489349,0.000000,30.000000,291.283314,0.000000,320.891365
47540,6782.489349,0.000000,30.000000,287.272172,0.000000,258.718663
47543,6782.489349,0.000000,30.000000,285.767994,0.000000,235.403900
47544,6782.489349,0.000000,30.000000,285.266601,0.000000,227.632312
47546,6782.489349,0.000000,30.000000,284.263815,0.000000,212.089136
47547,6782.489349,0.000000,30.000000,283.762422,0.000000,204.317549
47549,6782.489349,0.000000,30.000000,282.759637,0.000000,188.774373
47552,6782.489349,0.000000,30.000000,281.255459,0.000000,165.459610
47553,6782.489349,0.000000,30.000000,280.754066,0.000000,157.688022
47554,6782.489349,0.000000,30.000000,280.252673,0.000000,149.916435
47557,6782.489349,0.000000,30.000000,278.748495,0.000000,126.601671
47559,6782.489349,0.000000,30.000000,277.745709,0.000000,111.058496
47560,6782.489349,0.000000,30.000000,277.244317,0.000000,103.286908
47562,6782.489349,0.000000,30.000000,276.241531,0.000000,87.743733
47563,6782.489349,0.000000,30.000000,275.740138,0.000000,79.972145
47564,6782.489349,0.000000,30.000000,275.238746,0.000000,72.200557
47565,6782.489349,0.000000,30.000000,274.737353,0.000000,64.428969
47566,6782.489349,0.000000,30.000000,274.235960,0.000000,56.657382
47568,6782.489349,0.000000,30.000000,273.233175,0.000000,41.114206
47569,6782.489349,0.000000,30.000000,272.731782,0.000000,33.342618
47571,6782.489349,0.000000,30.000000,271.728996,0.000000,17.799443
47575,6782.489349,0.000000,30.000000,269.723425,0.000000,346.713092
47576,6782.489349,0.000000,30.000000,269.222033,0.000000,338.941504
47578,6782.489349,0.000000,30.000000,268.219247,0.000000,323.398329
47583,6782.489349,0.000000,30.000000,265.712283,0.000000,284.540390
47584,6782.489349,0.000000,30.000000,265.210890,0.000000,276.768802
47585,6782.489349,0.000000,30.000000,264.709498,0.000000,268.997214
47588,6782.489349,0.000000,30.000000,263.205319,0.000000,245.682451
47590,6782.489349,0.000000,30.000000,262.202534,0.000000,230.139276
47591,6782.489349,0.000000,30.000000,261.701141,0.000000,222.367688
47593,6782.489349,0.000000,30.000000,260.698356,0.000000,206.824513
47594,6782.489349,0.000000,30.000000,260.196963,0.000000,199.052925
47596,6782.489349,0.000000,30.000000,259.194177,0.000000,183.509749
47597,6782.489349,0.000000,30.000000,258.692785,0.000000,175.738162
47598,6782.489349,0.000000,30.000000,258.191392,0.000000,167.966574
47599,6782.489349,0.000000,30.000000,257.689999,0.000000,160.194986
47603,6782.489349,0.000000,30.000000,255.684428,0.000000,129.108635
47604,6782.489349,0.000000,30.000000,255.183035,0.000000,121.337047
47606,6782.489349,0.000000,30.000000,254.180250,0.000000,105.793872
47607,6782.489349,0.000000,30.000000,253.678857,0.000000,98.022284
47608,6782.489349,0.000000,30.000000,253.177464,0.000000,90.250696
47609,6782.489349,0.000000,30.000000,252.676072,0.000000,82.479109
47612,6782.489349,0.000000,30.000000,251.171893,0.000000,59.164345
47615,6782.489349,0.000000,30.000000,249.667715,0.000000,35.849582
47616,6782.489349,0.000000,30.000000,249.166322,0.000000,28.077994
47618,6782.489349,0.000000,30.000000,248.163537,0.000000,12.534819
47620,6782.489349,0.000000,30.000000,247.160751,0.000000,356.991643
47625,6782.489349,0.000000,30.000000,244.653787,0.000000,318.133705
47627,6782.489349,0.000000,30.000000,243.651002,0.000000,302.590529
47628,6782.489349,0.000000,30.000000,243.149609,0.000000,294.818942
47632,6782.489349,0.000000,30.000000,241.144038,0.000000,263.732591
47633,6782.489349,0.000000,30.000000,240.642645,0.000000,255.961003
47634,6782.489349,0.000000,30.000000,240.141253,0.000000,248.189415
47635,6782.489349,0.000000,30.000000,239.639860,0.000000,240.417827
47637,6782.489349,0.000000,30.000000,238.637074,0.000000,224.874652
47638,6782.489349,0.000000,30.000000,238.135682,0.000000,217.103064
47639,6782.489349,0.000000,30.000000,237.634289,0.000000,209.331476
47640,6782.489349,0.000000,30.000000,237.132896,0.000000,201.559889
47641,6782.489349,0.000000,30.000000,236.631503,0.000000,193.788301
47642,6782.489349,0.000000,30.000000,236.130111,0.000000,186.016713
47643,6782.489349,0.000000,30.000000,235.628718,0.000000,178.245125
47644,6782.489349,0.000000,30.000000,235.127325,0.000000,170.473538
47645,6782.489349,0.000000,30.000000,234.625932,0.000000,162.701950
47646,6782.489349,0.000000,30.000000,234.124539,0.000000,154.930362
47649,6782.489349,0.000000,30.000000,232.620361,0.000000,131.615599
47650,6782.489349,0.000000,30.000000,232.118968,0.000000,123.844011
47651,6782.489349,0.000000,30.000000,231.617576,0.000000,116.072423
47655,6782.489349,0.000000,30.000000,229.612005,0.000000,84.986072
47656,6782.489349,0.000000,30.000000,229.110612,0.000000,77.214485
47657,6782.489349,0.000000,30.000000,228.609219,0.000000,69.442897
47659,6782.489349,0.000000,30.000000,227.606434,0.000000,53.899721
47660,6782.489349,0.000000,30.000000,227.105041,0.000000,46.128134
47662,6782.489349,0.000000,30.000000,226.102255,0.000000,30.584958
47663,6782.489349,0.000000,30.000000,225.600863,0.000000,22.813370
47666,6782.489349,0.000000,30.000000,224.096684,0.000000,359.498607
47667,6782.489349,0.000000,30.000000,223.595292,0.000000,351.727019
47669,6782.489349,0.000000,30.000000,222.592506,0.000000,336.183844
47672,6782.489349,0.000000,30.000000,221.088328,0.000000,312.869081
47677,6782.489349,0.000000,30.000000,218.581364,0.000000,274.011142
47678,6782.489349,0.000000,30.000000,218.079971,0.000000,266.239554
47681,6782.489349,0.000000,30.000000,216.575793,0.000000,242.924791
47684,6782.489349,0.000000,30.000000,215.071615,0.000000,219.610028
47687,6782.489349,0.000000,30.000000,213.567436,0.000000,196.295265
47690,6782.489349,0.000000,30.000000,212.063258,0.000000,172.980501
47692,6782.489349,0.000000,30.000000,211.060473,0.000000,157.437326
47697,6782.489349,0.000000,30.000000,208.553509,0.000000,118.579387
47698,6782.489349,0.000000,30.000000,208.052116,0.000000,110.807799
47699,6782.489349,0.000000,30.000000,207.550723,0.000000,103.036212
47700,6782.489349,0.000000,30.000000,207.049331,0.000000,95.264624
47703,6782.489349,0.000000,30.000000,205.545152,0.000000,71.949861
47708,6782.489349,0.000000,30.000000,203.038189,0.000000,33.091922
47715,6782.489349,0.000000,30.000000,199.528439,0.000000,338.690808
47716,6782.489349,0.000000,30.000000,199.027046,0.000000,330.919220
47719,6782.489349,0.000000,30.000000,197.522868,0.000000,307.604457
47722,6782.489349,0.000000,30.000000,196.018690,0.000000,284.289694
47725,6782.489349,0.000000,30.000000,194.514512,0.000000,260.974930
47727,6782.489349,0.000000,30.000000,193.511726,0.000000,245.431755
47728,6782.489349,0.000000,30.000000,193.010333,0.000000,237.660167
47729,6782.489349,0.000000,30.000000,192.508941,0.000000,229.888579
47734,6782.489349,0.000000,30.000000,190.001977,0.000000,191.030641
47736,6782.489349,0.000000,30.000000,188.999191,0.000000,175.487465
47738,6782.489349,0.000000,30.000000,187.996406,0.000000,159.944290
47739,6782.489349,0.000000,30.000000,187.495013,0.000000,152.172702
47741,6782.489349,0.000000,30.000000,186.492228,0.000000,136.629526
47742,6782.489349,0.000000,30.000000,185.990835,0.000000,128.857939
47743,6782.489349,0.000000,30.000000,185.489442,0.000000,121.086351
47744,6782.489349,0.000000,30.000000,184.988049,0.000000,113.314763
47747,6782.489349,0.000000,30.000000,183.483871,0.000000,90.000000
47751,6782.489349,0.000000,30.000000,181.478300,0.000000,58.913649
47754,6782.489349,0.000000,30.000000,179.974122,0.000000,35.598886
47755,6782.489349,0.000000,30.000000,179.472729,0.000000,27.827298
47763,6782.489349,0.000000,30.000000,175.461587,0.000000,325.654596
47764,6782.489349,0.000000,30.000000,174.960194,0.000000,317.883008
47766,6782.489349,0.000000,30.000000,173.957409,0.000000,302.339833
47767,6782.489349,0.000000,30.000000,173.456016,0.000000,294.568245
47768,6782.489349,0.000000,30.000000,172.954623,0.000000,286.796657
47769,6782.489349,0.000000,30.000000,172.453230,0.000000,279.025070
47771,6782.489349,0.000000,30.000000,171.450445,0.000000,263.481894
47772,6782.489349,0.000000,30.000000,170.949052,0.000000,255.710306
47773,6782.489349,0.000000,30.000000,170.447659,0.000000,247.938719
47778,6782.489349,0.000000,30.000000,167.940695,0.000000,209.080780
47779,6782.489349,0.000000,30.000000,167.439303,0.000000,201.309192
47782,6782.489349,0.000000,30.000000,165.935124,0.000000,177.994429
47783,6782.489349,0.000000,30.000000,165.433732,0.000000,170.222841
47784,6782.489349,0.000000,30.000000,164.932339,0.000000,162.451253
47785,6782.489349,0.000000,30.000000,164.430946,0.000000,154.679666
47786,6782.489349,0.000000,30.000000,163.929553,0.000000,146.908078
47787,6782.489349,0.000000,30.000000,163.428161,0.000000,139.136490
47788,6782.489349,0.000000,30.000000,162.926768,0.000000,131.364903
47790,6782.489349,0.000000,30.000000,161.923982,0.000000,115.821727
47791,6782.489349,0.000000,30.000000,161.422590,0.000000,108.050139
47792,6782.489349,0.000000,30.000000,160.921197,0.000000,100.278552
47795,6782.489349,0.000000,30.000000,159.417019,0.000000,76.963788
47796,6782.489349,0.000000,30.000000,158.915626,0.000000,69.192201
47798,6782.489349,0.000000,30.000000,157.912840,0.000000,53.649025
47801,6782.489349,0.000000,30.000000,156.408662,0.000000,30.334262
47803,6782.489349,0.000000,30.000000,155.405877,0.000000,14.791086
47804,6782.489349,0.000000,30.000000,154.904484,0.000000,7.019499
47807,6782.489349,0.000000,30.000000,153.400306,0.000000,343.704735
47810,6782.489349,0.000000,30.000000,151.896127,0.000000,320.389972
47812,6782.489349,0.000000,30.000000,150.893342,0.000000,304.846797
47813,6782.489349,0.000000,30.000000,150.391949,0.000000,297.075209
47816,6782.489349,0.000000,30.000000,148.887771,0.000000,273.760446
47817,6782.489349,0.000000,30.000000,148.386378,0.000000,265.988858
47819,6782.489349,0.000000,30.000000,147.383592,0.000000,250.445682
47822,6782.489349,0.000000,30.000000,145.879414,0.000000,227.130919
47823,6782.489349,0.000000,30.000000,145.378021,0.000000,219.359331
47824,6782.489349,0.000000,30.000000,144.876629,0.000000,211.587744
47825,6782.489349,0.000000,30.000000,144.375236,0.000000,203.816156
47826,6782.489349,0.000000,30.000000,143.873843,0.000000,196.044568
47827,6782.489349,0.000000,30.000000,143.372450,0.000000,188.272981
47829,6782.489349,0.000000,30.000000,142.369665,0.000000,172.729805
47830,6782.489349,0.000000,30.000000,141.868272,0.000000,164.958217
47831,6782.489349,0.000000,30.000000,141.366879,0.000000,157.186630
47832,6782.489349,0.000000,30.000000,140.865487,0.000000,149.415042
47834,6782.489349,0.000000,30.000000,139.862701,0.000000,133.871866
47835,6782.489349,0.000000,30.000000,139.361308,0.000000,126.100279
47842,6782.489349,0.000000,30.000000,135.851559,0.000000,71.699164
47843,6782.489349,0.000000,30.000000,135.350166,0.000000,63.927577
47850,6782.489349,0.000000,30.000000,131.840417,0.000000,9.526462
47853,6782.489349,0.000000,30.000000,130.336239,0.000000,346.211699
47855,6782.489349,0.000000,30.000000,129.333453,0.000000,330.668524
47856,6782.489349,0.000000,30.000000,128.832060,0.000000,322.896936
47859,6782.489349,0.000000,30.000000,127.327882,0.000000,299.582173
47861,6782.489349,0.000000,30.000000,126.325097,0.000000,284.038997
47863,6782.489349,0.000000,30.000000,125.322311,0.000000,268.495822
47868,6782.489349,0.000000,30.000000,122.815347,0.000000,229.637883
47869,6782.489349,0.000000,30.000000,122.313955,0.000000,221.866295
47871,6782.489349,0.000000,30.000000,121.311169,0.000000,206.323120
47873,6782.489349,0.000000,30.000000,120.308384,0.000000,190.779944
47874,6782.489349,0.000000,30.000000,119.806991,0.000000,183.008357
47875,6782.489349,0.000000,30.000000,119.305598,0.000000,175.236769
47880,6782.489349,0.000000,30.000000,116.798634,0.000000,136.378830
47881,6782.489349,0.000000,30.000000,116.297241,0.000000,128.607242
47882,6782.489349,0.000000,30.000000,115.795849,0.000000,120.835655
47886,6782.489349,0.000000,30.000000,113.790278,0.000000,89.749304
47896,6782.489349,0.000000,30.000000,108.776350,0.000000,12.033426
47898,6782.489349,0.000000,30.000000,107.773565,0.000000,356.490251
47899,6782.489349,0.000000,30.000000,107.272172,0.000000,348.718663
47904,6782.489349,0.000000,30.000000,104.765208,0.000000,309.860724
47906,6782.489349,0.000000,30.000000,103.762422,0.000000,294.317549
47909,6782.489349,0.000000,30.000000,102.258244,0.000000,271.002786
47912,6782.489349,0.000000,30.000000,100.754066,0.000000,247.688022
47913,6782.489349,0.000000,30.000000,100.252673,0.000000,239.916435
47914,6782.489349,0.000000,30.000000,99.751280,0.000000,232.144847
47915,6782.489349,0.000000,30.000000,99.249888,0.000000,224.373259
47917,6782.489349,0.000000,30.000000,98.247102,0.000000,208.830084
47918,6782.489349,0.000000,30.000000,97.745709,0.000000,201.058496
47919,6782.489349,0.000000,30.000000,97.244317,0.000000,193.286908
47923,6782.489349,0.000000,30.000000,95.238746,0.000000,162.200557
47925,6782.489349,0.000000,30.000000,94.235960,0.000000,146.657382
47927,6782.489349,0.000000,30.000000,93.233175,0.000000,131.114206
47928,6782.489349,0.000000,30.000000,92.731782,0.000000,123.342618
47930,6782.489349,0.000000,30.000000,91.728996,0.000000,107.799443
47936,6782.489349,0.000000,30.000000,88.720640,0.000000,61.169916
47939,6782.489349,0.000000,30.000000,87.216461,0.000000,37.855153
47940,6782.489349,0.000000,30.000000,86.715069,0.000000,30.083565
47942,6782.489349,0.000000,30.000000,85.712283,0.000000,14.540390
47943,6782.489349,0.000000,30.000000,85.210890,0.000000,6.768802
47944,6782.489349,0.000000,30.000000,84.709498,0.000000,358.997214
47945,6782.489349,0.000000,30.000000,84.208105,0.000000,351.225627
47946,6782.489349,0.000000,30.000000,83.706712,0.000000,343.454039
47948,6782.489349,0.000000,30.000000,82.703927,0.000000,327.910864
47949,6782.489349,0.000000,30.000000,82.202534,0.000000,320.139276
47951,6782.489349,0.000000,30.000000,81.199748,0.000000,304.596100
47952,6782.489349,0.000000,30.000000,80.698356,0.000000,296.824513
47953,6782.489349,0.000000,30.000000,80.196963,0.000000,289.052925
47956,6782.489349,0.000000,30.000000,78.692785,0.000000,265.738162
47957,6782.489349,0.000000,30.000000,78.191392,0.000000,257.966574
47958,6782.489349,0.000000,30.000000,77.689999,0.000000,250.194986
47959,6782.489349,0.000000,30.000000,77.188606,0.000000,242.423398
47960,6782.489349,0.000000,30.000000,76.687214,0.000000,234.651811
47961,6782.489349,0.000000,30.000000,76.185821,0.000000,226.880223
47962,6782.489349,0.000000,30.000000,75.684428,0.000000,219.108635
47963,6782.489349,0.000000,30.000000,75.183035,0.000000,211.337047
47965,6782.489349,0.000000,30.000000,74.180250,0.000000,195.793872
47966,6782.489349,0.000000,30.000000,73.678857,0.000000,188.022284
47967,6782.489349,0.000000,30.000000,73.177464,0.000000,180.250696
47969,6782.489349,0.000000,30.000000,72.174679,0.000000,164.707521
47974,6782.489349,0.000000,30.000000,69.667715,0.000000,125.849582
47975,6782.489349,0.000000,30.000000,69.166322,0.000000,118.077994
47976,6782.489349,0.000000,30.000000,68.664929,0.000000,110.306407
47982,6782.489349,0.000000,30.000000,65.656573,0.000000,63.676880
47983,6782.489349,0.000000,30.000000,65.155180,0.000000,55.905292
47986,6782.489349,0.000000,30.000000,63.651002,0.000000,32.590529
47987,6782.489349,0.000000,30.000000,63.149609,0.000000,24.818942
47988,6782.489349,0.000000,30.000000,62.648216,0.000000,17.047354
47989,6782.489349,0.000000,30.000000,62.146824,0.000000,9.275766
47990,6782.489349,0.000000,30.000000,61.645431,0.000000,1.504178
47995,6782.489349,0.000000,30.000000,59.138467,0.000000,322.646240
48001,6782.489349,0.000000,30.000000,56.130111,0.000000,276.016713
48002,6782.489349,0.000000,30.000000,55.628718,0.000000,268.245125
48005,6782.489349,0.000000,30.000000,54.124539,0.000000,244.930362
48006,6782.489349,0.000000,30.000000,53.623147,0.000000,237.158774
48007,6782.489349,0.000000,30.000000,53.121754,0.000000,229.387187
48009,6782.489349,0.000000,30.000000,52.118968,0.000000,213.844011
48010,6782.489349,0.000000,30.000000,51.617576,0.000000,206.072423
48011,6782.489349,0.000000,30.000000,51.116183,0.000000,198.300836
48013,6782.489349,0.000000,30.000000,50.113397,0.000000,182.757660
48014,6782.489349,0.000000,30.000000,49.612005,0.000000,174.986072
48016,6782.489349,0.000000,30.000000,48.609219,0.000000,159.442897
48019,6782.489349,0.000000,30.000000,47.105041,0.000000,136.128134
48020,6782.489349,0.000000,30.000000,46.603648,0.000000,128.356546
48023,6782.489349,0.000000,30.000000,45.099470,0.000000,105.041783
48028,6782.489349,0.000000,30.000000,42.592506,0.000000,66.183844
48029,6782.489349,0.000000,30.000000,42.091113,0.000000,58.412256
48030,6782.489349,0.000000,30.000000,41.589721,0.000000,50.640669
48031,6782.489349,0.000000,30.000000,41.088328,0.000000,42.869081
48032,6782.489349,0.000000,30.000000,40.586935,0.000000,35.097493
48033,6782.489349,0.000000,30.000000,40.085542,0.000000,27.325905
48037,6782.489349,0.000000,30.000000,38.079971,0.000000,356.239554
48039,6782.489349,0.000000,30.000000,37.077186,0.000000,340.696379
48040,6782.489349,0.000000,30.000000,36.575793,0.000000,332.924791
48044,6782.489349,0.000000,30.000000,34.570222,0.000000,301.838440
48045,6782.489349,0.000000,30.000000,34.068829,0.000000,294.066852
48046,6782.489349,0.000000,30.000000,33.567436,0.000000,286.295265
48047,6782.489349,0.000000,30.000000,33.066044,0.000000,278.523677
48050,6782.489349,0.000000,30.000000,31.561865,0.000000,255.208914
48053,6782.489349,0.000000,30.000000,30.057687,0.000000,231.894150
48054,6782.489349,0.000000,30.000000,29.556294,0.000000,224.122563
48055,6782.489349,0.000000,30.000000,29.054902,0.000000,216.350975
48058,6782.489349,0.000000,30.000000,27.550723,0.000000,193.036212
48060,6782.489349,0.000000,30.000000,26.547938,0.000000,177.493036
48062,6782.489349,0.000000,30.000000,25.545152,0.000000,161.949861
48063,6782.489349,0.000000,30.000000,25.043760,0.000000,154.178273
48064,6782.489349,0.000000,30.000000,24.542367,0.000000,146.406685
48066,6782.489349,0.000000,30.000000,23.539581,0.000000,130.863510
48070,6782.489349,0.000000,30.000000,21.534010,0.000000,99.777159
48073,6782.489349,0.000000,30.000000,20.029832,0.000000,76.462396
48074,6782.489349,0.000000,30.000000,19.528439,0.000000,68.690808
48076,6782.489349,0.000000,30.000000,18.525654,0.000000,53.147632
48077,6782.489349,0.000000,30.000000,18.024261,0.000000,45.376045
48078,6782.489349,0.000000,30.000000,17.522868,0.000000,37.604457
48080,6782.489349,0.000000,30.000000,16.520083,0.000000,22.061281
48081,6782.489349,0.000000,30.000000,16.018690,0.000000,14.289694
48083,6782.489349,0.000000,30.000000,15.015904,0.000000,358.746518
48084,6782.489349,0.000000,30.000000,14.514512,0.000000,350.974930
48085,6782.489349,0.000000,30.000000,14.013119,0.000000,343.203343
48088,6782.489349,0.000000,30.000000,12.508941,0.000000,319.888579
48090,6782.489349,0.000000,30.000000,11.506155,0.000000,304.345404
48091,6782.489349,0.000000,30.000000,11.004762,0.000000,296.573816
48094,6782.489349,0.000000,30.000000,9.500584,0.000000,273.259053
48096,6782.489349,0.000000,30.000000,8.497799,0.000000,257.715877
48097,6782.489349,0.000000,30.000000,7.996406,0.000000,249.944290
48098,6782.489349,0.000000,30.000000,7.495013,0.000000,242.172702
48099,6782.489349,0.000000,30.000000,6.993620,0.000000,234.401114
48101,6782.489349,0.000000,30.000000,5.990835,0.000000,218.857939
48104,6782.489349,0.000000,30.000000,4.486656,0.000000,195.543175
48105,6782.489349,0.000000,30.000000,3.985264,0.000000,187.771588
48106,6782.489349,0.000000,30.000000,3.483871,0.000000,180.000000
48110,6782.489349,0.000000,30.000000,1.478300,0.000000,148.913649
48113,6782.489349,0.000000,30.000000,359.974122,0.000000,125.598886
48118,6782.489349,0.000000,30.000000,357.467158,0.000000,86.740947
48120,6782.489349,0.000000,30.000000,356.464372,0.000000,71.197772
48121,6782.489349,0.000000,30.000000,355.962980,0.000000,63.426184
48122,6782.489349,0.000000,30.000000,355.461587,0.000000,55.654596
48126,6782.489349,0.000000,30.000000,353.456016,0.000000,24.568245
48127,6782.489349,0.000000,30.000000,352.954623,0.000000,16.796657
48128,6782.489349,0.000000,30.000000,352.453230,0.000000,9.025070
48129,6782.489349,0.000000,30.000000,351.951838,0.000000,1.253482
48130,6782.489349,0.000000,30.000000,351.450445,0.000000,353.481894
48132,6782.489349,0.000000,30.000000,350.447659,0.000000,337.938719
48133,6782.489349,0.000000,30.000000,349.946267,0.000000,330.167131
48135,6782.489349,0.000000,30.000000,348.943481,0.000000,314.623955
48138,6782.489349,0.000000,30.000000,347.439303,0.000000,291.309192
48141,6782.489349,0.000000,30.000000,345.935124,0.000000,267.994429
48142,6782.489349,0.000000,30.000000,345.433732,0.000000,260.222841
48148,6782.489349,0.000000,30.000000,342.425375,0.000000,213.593315
48149,6782.489349,0.000000,30.000000,341.923982,0.000000,205.821727
48150,6782.489349,0.000000,30.000000,341.422590,0.000000,198.050139
48151,6782.489349,0.000000,30.000000,340.921197,0.000000,190.278552
48152,6782.489349,0.000000,30.000000,340.419804,0.000000,182.506964
48154,6782.489349,0.000000,30.000000,339.417019,0.000000,166.963788
48155,6782.489349,0.000000,30.000000,338.915626,0.000000,159.192201
48161,6782.489349,0.000000,30.000000,335.907269,0.000000,112.562674
48162,6782.489349,0.000000,30.000000,335.405877,0.000000,104.791086
48165,6782.489349,0.000000,30.000000,333.901698,0.000000,81.476323
48168,6782.489349,0.000000,30.000000,332.397520,0.000000,58.161560
48171,6782.489349,0.000000,30.000000,330.893342,0.000000,34.846797
48172,6782.489349,0.000000,30.000000,330.391949,0.000000,27.075209
48176,6782.489349,0.000000,30.000000,328.386378,0.000000,355.988858
48178,6782.489349,0.000000,30.000000,327.383592,0.000000,340.445682
48179,6782.489349,0.000000,30.000000,326.882200,0.000000,332.674095
48182,6782.489349,0.000000,30.000000,325.378021,0.000000,309.359331
48183,6782.489349,0.000000,30.000000,324.876629,0.000000,301.587744
48184,6782.489349,0.000000,30.000000,324.375236,0.000000,293.816156
48194,6782.489349,0.000000,30.000000,319.361308,0.000000,216.100279
48195,6782.489349,0.000000,30.000000,318.859916,0.000000,208.328691
48196,6782.489349,0.000000,30.000000,318.358523,0.000000,200.557103
48199,6782.489349,0.000000,30.000000,316.854345,0.000000,177.242340
48201,6782.489349,0.000000,30.000000,315.851559,0.000000,161.699164
48205,6782.489349,0.000000,30.000000,313.845988,0.000000,130.612813
48206,6782.489349,0.000000,30.000000,313.344595,0.000000,122.841226
48207,6782.489349,0.000000,30.000000,312.843202,0.000000,115.069638
48209,6782.489349,0.000000,30.000000,311.840417,0.000000,99.526462
48212,6782.489349,0.000000,30.000000,310.336239,0.000000,76.211699
48215,6782.489349,0.000000,30.000000,308.832060,0.000000,52.896936
48217,6782.489349,0.000000,30.000000,307.829275,0.000000,37.353760
48220,6782.489349,0.000000,30.000000,306.325097,0.000000,14.038997
48221,6782.489349,0.000000,30.000000,305.823704,0.000000,6.267409
48222,6782.489349,0.000000,30.000000,305.322311,0.000000,358.495822
48225,6782.489349,0.000000,30.000000,303.818133,0.000000,335.181058
48226,6782.489349,0.000000,30.000000,303.316740,0.000000,327.409471
48227,6782.489349,0.000000,30.000000,302.815347,0.000000,319.637883
48228,6782.489349,0.000000,30.000000,302.313955,0.000000,311.866295
48229,6782.489349,0.000000,30.000000,301.812562,0.000000,304.094708
48230,6782.489349,0.000000,30.000000,301.311169,0.000000,296.323120
48231,6782.489349,0.000000,30.000000,300.809776,0.000000,288.551532
48233,6782.489349,0.000000,30.000000,299.806991,0.000000,273.008357
48236,6782.489349,0.000000,30.000000,298.302812,0.000000,249.693593
48239,6782.489349,0.000000,30.000000,296.798634,0.000000,226.378830
48240,6782.489349,0.000000,30.000000,296.297241,0.000000,218.607242
48241,6782.489349,0.000000,30.000000,295.795849,0.000000,210.835655
48242,6782.489349,0.000000,30.000000,295.294456,0.000000,203.064067
48245,6782.489349,0.000000,30.000000,293.790278,0.000000,179.749304
48250,6782.489349,0.000000,30.000000,291.283314,0.000000,140.891365
48251,6782.489349,0.000000,30.000000,290.781921,0.000000,133.119777
48253,6782.489349,0.000000,30.000000,289.779136,0.000000,117.576602
48256,6782.489349,0.000000,30.000000,288.274957,0.000000,94.261838
48259,6782.489349,0.000000,30.000000,286.770779,0.000000,70.947075
48260,6782.489349,0.000000,30.000000,286.269386,0.000000,63.175487
48261,6782.489349,0.000000,30.000000,285.767994,0.000000,55.403900
48262,6782.489349,0.000000,30.000000,285.266601,0.000000,47.632312
48263,6782.489349,0.000000,30.000000,284.765208,0.000000,39.860724
48264,6782.489349,0.000000,30.000000,284.263815,0.000000,32.089136
48265,6782.489349,0.000000,30.000000,283.762422,0.000000,24.317549
48266,6782.489349,0.000000,30.000000,283.261030,0.000000,16.545961
48272,6782.489349,0.000000,30.000000,280.252673,0.000000,329.916435
48274,6782.489349,0.000000,30.000000,279.249888,0.000000,314.373259
48277,6782.489349,0.000000,30.000000,277.745709,0.000000,291.058496
48279,6782.489349,0.000000,30.000000,276.742924,0.000000,275.515320
48280,6782.489349,0.000000,30.000000,276.241531,0.000000,267.743733
48281,6782.489349,0.000000,30.000000,275.740138,0.000000,259.972145
48283,6782.489349,0.000000,30.000000,274.737353,0.000000,244.428969
48284,6782.489349,0.000000,30.000000,274.235960,0.000000,236.657382
48286,6782.489349,0.000000,30.000000,273.233175,0.000000,221.114206
48287,6782.489349,0.000000,30.000000,272.731782,0.000000,213.342618
48291,6782.489349,0.000000,30.000000,270.726211,0.000000,182.256267
48292,6782.489349,0.000000,30.000000,270.224818,0.000000,174.484680
48293,6782.489349,0.000000,30.000000,269.723425,0.000000,166.713092
48300,6782.489349,0.000000,30.000000,266.213676,0.000000,112.311978
48301,6782.489349,0.000000,30.000000,265.712283,0.000000,104.540390
48302,6782.489349,0.000000,30.000000,265.210890,0.000000,96.768802
48303,6782.489349,0.000000,30.000000,264.709498,0.000000,88.997214
48304,6782.489349,0.000000,30.000000,264.208105,0.000000,81.225627
48305,6782.489349,0.000000,30.000000,263.706712,0.000000,73.454039
48308,6782.489349,0.000000,30.000000,262.202534,0.000000,50.139276
48309,6782.489349,0.000000,30.000000,261.701141,0.000000,42.367688
48311,6782.489349,0.000000,30.000000,260.698356,0.000000,26.824513
48314,6782.489349,0.000000,30.000000,259.194177,0.000000,3.509749
48316,6782.489349,0.000000,30.000000,258.191392,0.000000,347.966574
48318,6782.489349,0.000000,30.000000,257.188606,0.000000,332.423398
48327,6782.489349,0.000000,30.000000,252.676072,0.000000,262.479109
48328,6782.489349,0.000000,30.000000,252.174679,0.000000,254.707521
48329,6782.489349,0.000000,30.000000,251.673286,0.000000,246.935933
48330,6782.489349,0.000000,30.000000,251.171893,0.000000,239.164345
48331,6782.489349,0.000000,30.000000,250.670500,0.000000,231.392758
48333,6782.489349,0.000000,30.000000,249.667715,0.000000,215.849582
48334,6782.489349,0.000000,30.000000,249.166322,0.000000,208.077994
48336,6782.489349,0.000000,30.000000,248.163537,0.000000,192.534819
48337,6782.489349,0.000000,30.000000,247.662144,0.000000,184.763231
48342,6782.489349,0.000000,30.000000,245.155180,0.000000,145.905292
48343,6782.489349,0.000000,30.000000,244.653787,0.000000,138.133705
48344,6782.489349,0.000000,30.000000,244.152395,0.000000,130.362117
48345,6782.489349,0.000000,30.000000,243.651002,0.000000,122.590529
48346,6782.489349,0.000000,30.000000,243.149609,0.000000,114.818942
48347,6782.489349,0.000000,30.000000,242.648216,0.000000,107.047354
48348,6782.489349,0.000000,30.000000,242.146824,0.000000,99.275766
48351,6782.489349,0.000000,30.000000,240.642645,0.000000,75.961003
48352,6782.489349,0.000000,30.000000,240.141253,0.000000,68.189415
48353,6782.489349,0.000000,30.000000,239.639860,0.000000,60.417827
48355,6782.489349,0.000000,30.000000,238.637074,0.000000,44.874652
48356,6782.489349,0.000000,30.000000,238.135682,0.000000,37.103064
48360,6782.489349,0.000000,30.000000,236.130111,0.000000,6.016713
48362,6782.489349,0.000000,30.000000,235.127325,0.000000,350.473538
48365,6782.489349,0.000000,30.000000,233.623147,0.000000,327.158774
48367,6782.489349,0.000000,30.000000,232.620361,0.000000,311.615599
48368,6782.489349,0.000000,30.000000,232.118968,0.000000,303.844011
48369,6782.489349,0.000000,30.000000,231.617576,0.000000,296.072423
48374,6782.489349,0.000000,30.000000,229.110612,0.000000,257.214485
48375,6782.489349,0.000000,30.000000,228.609219,0.000000,249.442897
48380,6782.489349,0.000000,30.000000,226.102255,0.000000,210.584958
48381,6782.489349,0.000000,30.000000,225.600863,0.000000,202.813370
48383,6782.489349,0.000000,30.000000,224.598077,0.000000,187.270195
48389,6782.489349,0.000000,30.000000,221.589721,0.000000,140.640669
48390,6782.489349,0.000000,30.000000,221.088328,0.000000,132.869081
48391,6782.489349,0.000000,30.000000,220.586935,0.000000,125.097493
48394,6782.489349,0.000000,30.000000,219.082757,0.000000,101.782730
48395,6782.489349,0.000000,30.000000,218.581364,0.000000,94.011142
48396,6782.489349,0.000000,30.000000,218.079971,0.000000,86.239554
48397,6782.489349,0.000000,30.000000,217.578578,0.000000,78.467967
48399,6782.489349,0.000000,30.000000,216.575793,0.000000,62.924791
48402,6782.489349,0.000000,30.000000,215.071615,0.000000,39.610028
48403,6782.489349,0.000000,30.000000,214.570222,0.000000,31.838440
48404,6782.489349,0.000000,30.000000,214.068829,0.000000,24.066852
48406,6782.489349,0.000000,30.000000,213.066044,0.000000,8.523677
48411,6782.489349,0.000000,30.000000,210.559080,0.000000,329.665738
48412,6782.489349,0.000000,30.000000,210.057687,0.000000,321.894150
48413,6782.489349,0.000000,30.000000,209.556294,0.000000,314.122563
48416,6782.489349,0.000000,30.000000,208.052116,0.000000,290.807799
48419,6782.489349,0.000000,30.000000,206.547938,0.000000,267.493036
48421,6782.489349,0.000000,30.000000,205.545152,0.000000,251.949861
48423,6782.489349,0.000000,30.000000,204.542367,0.000000,236.406685
48424,6782.489349,0.000000,30.000000,204.040974,0.000000,228.635097
48425,6782.489349,0.000000,30.000000,203.539581,0.000000,220.863510
48427,6782.489349,0.000000,30.000000,202.536796,0.000000,205.320334
48432,6782.489349,0.000000,30.000000,200.029832,0.000000,166.462396
48434,6782.489349,0.000000,30.000000,199.027046,0.000000,150.919220
48437,6782.489349,0.000000,30.000000,197.522868,0.000000,127.604457
48438,6782.489349,0.000000,30.000000,197.021475,0.000000,119.832869
48439,6782.489349,0.000000,30.000000,196.520083,0.000000,112.061281
48440,6782.489349,0.000000,30.000000,196.018690,0.000000,104.289694
48443,6782.489349,0.000000,30.000000,194.514512,0.000000,80.974930
48446,6782.489349,0.000000,30.000000,193.010333,0.000000,57.660167
48447,6782.489349,0.000000,30.000000,192.508941,0.000000,49.888579
48450,6782.489349,0.000000,30.000000,191.004762,0.000000,26.573816
48451,6782.489349,0.000000,30.000000,190.503370,0.000000,18.802228
48453,6782.489349,0.000000,30.000000,189.500584,0.000000,3.259053
48455,6782.489349,0.000000,30.000000,188.497799,0.000000,347.715877
48456,6782.489349,0.000000,30.000000,187.996406,0.000000,339.944290
48460,6782.489349,0.000000,30.000000,185.990835,0.000000,308.857939
48462,6782.489349,0.000000,30.000000,184.988049,0.000000,293.314763
48463,6782.489349,0.000000,30.000000,184.486656,0.000000,285.543175
48464,6782.489349,0.000000,30.000000,183.985264,0.000000,277.771588
48465,6782.489349,0.000000,30.000000,183.483871,0.000000,270.000000
48466,6782.489349,0.000000,30.000000,182.982478,0.000000,262.228412
48467,6782.489349,0.000000,30.000000,182.481085,0.000000,254.456825
48468,6782.489349,0.000000,30.000000,181.979693,0.000000,246.685237
48475,6782.489349,0.000000,30.000000,178.469943,0.000000,192.284123
48476,6782.489349,0.000000,30.000000,177.968551,0.000000,184.512535
48477,6782.489349,0.000000,30.000000,177.467158,0.000000,176.740947
48478,6782.489349,0.000000,30.000000,176.965765,0.000000,168.969359
48479,6782.489349,0.000000,30.000000,176.464372,0.000000,161.197772
48481,6782.489349,0.000000,30.000000,175.461587,0.000000,145.654596
48482,6782.489349,0.000000,30.000000,174.960194,0.000000,137.883008
48483,6782.489349,0.000000,30.000000,174.458801,0.000000,130.111421
48486,6782.489349,0.000000,30.000000,172.954623,0.000000,106.796657
48487,6782.489349,0.000000,30.000000,172.453230,0.000000,99.025070
48488,6782.489349,0.000000,30.000000,171.951838,0.000000,91.253482
48491,6782.489349,0.000000,30.000000,170.447659,0.000000,67.938719
48492,6782.489349,0.000000,30.000000,169.946267,0.000000,60.167131
48495,6782.489349,0.000000,30.000000,168.442088,0.000000,36.852368
48499,6782.489349,0.000000,30.000000,166.436517,0.000000,5.766017
48500,6782.489349,0.000000,30.000000,165.935124,0.000000,357.994429
48503,6782.489349,0.000000,30.000000,164.430946,0.000000,334.679666
48504,6782.489349,0.000000,30.000000,163.929553,0.000000,326.908078
48505,6782.489349,0.000000,30.000000,163.428161,0.000000,319.136490
48506,6782.489349,0.000000,30.000000,162.926768,0.000000,311.364903
48507,6782.489349,0.000000,30.000000,162.425375,0.000000,303.593315
48508,6782.489349,0.000000,30.000000,161.923982,0.000000,295.821727
48509,6782.489349,0.000000,30.000000,161.422590,0.000000,288.050139
48511,6782.489349,0.000000,30.000000,160.419804,0.000000,272.506964
48512,6782.489349,0.000000,30.000000,159.918411,0.000000,264.735376
48513,6782.489349,0.000000,30.000000,159.417019,0.000000,256.963788
48514,6782.489349,0.000000,30.000000,158.915626,0.000000,249.192201
48515,6782.489349,0.000000,30.000000,158.414233,0.000000,241.420613
48517,6782.489349,0.000000,30.000000,157.411448,0.000000,225.877437
48518,6782.489349,0.000000,30.000000,156.910055,0.000000,218.105850
48519,6782.489349,0.000000,30.000000,156.408662,0.000000,210.334262
48520,6782.489349,0.000000,30.000000,155.907269,0.000000,202.562674
48521,6782.489349,0.000000,30.000000,155.405877,0.000000,194.791086
48522,6782.489349,0.000000,30.000000,154.904484,0.000000,187.019499
48523,6782.489349,0.000000,30.000000,154.403091,0.000000,179.247911
48524,6782.489349,0.000000,30.000000,153.901698,0.000000,171.476323
48525,6782.489349,0.000000,30.000000,153.400306,0.000000,163.704735
48526,6782.489349,0.000000,30.000000,152.898913,0.000000,155.933148
48527,6782.489349,0.000000,30.000000,152.397520,0.000000,148.161560
48531,6782.489349,0.000000,30.000000,150.391949,0.000000,117.075209
48534,6782.489349,0.000000,30.000000,148.887771,0.000000,93.760446
48538,6782.489349,0.000000,30.000000,146.882200,0.000000,62.674095
48543,6782.489349,0.000000,30.000000,144.375236,0.000000,23.816156
48544,6782.489349,0.000000,30.000000,143.873843,0.000000,16.044568
48546,6782.489349,0.000000,30.000000,142.871058,0.000000,0.501393
48549,6782.489349,0.000000,30.000000,141.366879,0.000000,337.186630
48551,6782.489349,0.000000,30.000000,140.364094,0.000000,321.643454
48552,6782.489349,0.000000,30.000000,139.862701,0.000000,313.871866
48553,6782.489349,0.000000,30.000000,139.361308,0.000000,306.100279
48555,6782.489349,0.000000,30.000000,138.358523,0.000000,290.557103
48556,6782.489349,0.000000,30.000000,137.857130,0.000000,282.785515
48557,6782.489349,0.000000,30.000000,137.355737,0.000000,275.013928
48558,6782.489349,0.000000,30.000000,136.854345,0.000000,267.242340
48559,6782.489349,0.000000,30.000000,136.352952,0.000000,259.470752
48564,6782.489349,0.000000,30.000000,133.845988,0.000000,220.612813
48565,6782.489349,0.000000,30.000000,133.344595,0.000000,212.841226
48566,6782.489349,0.000000,30.000000,132.843202,0.000000,205.069638
48568,6782.489349,0.000000,30.000000,131.840417,0.000000,189.526462
48570,6782.489349,0.000000,30.000000,130.837631,0.000000,173.983287
48571,6782.489349,0.000000,30.000000,130.336239,0.000000,166.211699
48572,6782.489349,0.000000,30.000000,129.834846,0.000000,158.440111
48574,6782.489349,0.000000,30.000000,128.832060,0.000000,142.896936
48575,6782.489349,0.000000,30.000000,128.330668,0.000000,135.125348
48582,6782.489349,0.000000,30.000000,124.820918,0.000000,80.724234
48592,6782.489349,0.000000,30.000000,119.806991,0.000000,3.008357
48594,6782.489349,0.000000,30.000000,118.804205,0.000000,347.465181
48597,6782.489349,0.000000,30.000000,117.300027,0.000000,324.150418
48599,6782.489349,0.000000,30.000000,116.297241,0.000000,308.607242
48600,6782.489349,0.000000,30.000000,115.795849,0.000000,300.835655
48604,6782.489349,0.000000,30.000000,113.790278,0.000000,269.749304
48608,6782.489349,0.000000,30.000000,111.784707,0.000000,238.662953
48611,6782.489349,0.000000,30.000000,110.280528,0.000000,215.348189
48613,6782.489349,0.000000,30.000000,109.277743,0.000000,199.805014
48614,6782.489349,0.000000,30.000000,108.776350,0.000000,192.033426
48615,6782.489349,0.000000,30.000000,108.274957,0.000000,184.261838
48619,6782.489349,0.000000,30.000000,106.269386,0.000000,153.175487
48621,6782.489349,0.000000,30.000000,105.266601,0.000000,137.632312
48623,6782.489349,0.000000,30.000000,104.263815,0.000000,122.089136
48634,6782.489349,0.000000,30.000000,98.748495,0.000000,36.601671
48635,6782.489349,0.000000,30.000000,98.247102,0.000000,28.830084
48638,6782.489349,0.000000,30.000000,96.742924,0.000000,5.515320
48639,6782.489349,0.000000,30.000000,96.241531,0.000000,357.743733
48640,6782.489349,0.000000,30.000000,95.740138,0.000000,349.972145
48645,6782.489349,0.000000,30.000000,93.233175,0.000000,311.114206
48647,6782.489349,0.000000,30.000000,92.230389,0.000000,295.571031
48652,6782.489349,0.000000,30.000000,89.723425,0.000000,256.713092
48654,6782.489349,0.000000,30.000000,88.720640,0.000000,241.169916
48655,6782.489349,0.000000,30.000000,88.219247,0.000000,233.398329
48656,6782.489349,0.000000,30.000000,87.717854,0.000000,225.626741
48657,6782.489349,0.000000,30.000000,87.216461,0.000000,217.855153
48658,6782.489349,0.000000,30.000000,86.715069,0.000000,210.083565
48661,6782.489349,0.000000,30.000000,85.210890,0.000000,186.768802
48662,6782.489349,0.000000,30.000000,84.709498,0.000000,178.997214
48663,6782.489349,0.000000,30.000000,84.208105,0.000000,171.225627
48665,6782.489349,0.000000,30.000000,83.205319,0.000000,155.682451
48671,6782.489349,0.000000,30.000000,80.196963,0.000000,109.052925
48672,6782.489349,0.000000,30.000000,79.695570,0.000000,101.281337
48675,6782.489349,0.000000,30.000000,78.191392,0.000000,77.966574
48680,6782.489349,0.000000,30.000000,75.684428,0.000000,39.108635
48681,6782.489349,0.000000,30.000000,75.183035,0.000000,31.337047
48683,6782.489349,0.000000,30.000000,74.180250,0.000000,15.793872
48684,6782.489349,0.000000,30.000000,73.678857,0.000000,8.022284
48685,6782.489349,0.000000,30.000000,73.177464,0.000000,0.250696
48686,6782.489349,0.000000,30.000000,72.676072,0.000000,352.479109
48688,6782.489349,0.000000,30.000000,71.673286,0.000000,336.935933
48689,6782.489349,0.000000,30.000000,71.171893,0.000000,329.164345
48691,6782.489349,0.000000,30.000000,70.169108,0.000000,313.621170
48693,6782.489349,0.000000,30.000000,69.166322,0.000000,298.077994
48696,6782.489349,0.000000,30.000000,67.662144,0.000000,274.763231
48697,6782.489349,0.000000,30.000000,67.160751,0.000000,266.991643
48698,6782.489349,0.000000,30.000000,66.659358,0.000000,259.220056
48699,6782.489349,0.000000,30.000000,66.157966,0.000000,251.448468
48701,6782.489349,0.000000,30.000000,65.155180,0.000000,235.905292
48702,6782.489349,0.000000,30.000000,64.653787,0.000000,228.133705
48703,6782.489349,0.000000,30.000000,64.152395,0.000000,220.362117
48706,6782.489349,0.000000,30.000000,62.648216,0.000000,197.047354
48707,6782.489349,0.000000,30.000000,62.146824,0.000000,189.275766
48713,6782.489349,0.000000,30.000000,59.138467,0.000000,142.646240
48714,6782.489349,0.000000,30.000000,58.637074,0.000000,134.874652
48715,6782.489349,0.000000,30.000000,58.135682,0.000000,127.103064
48716,6782.489349,0.000000,30.000000,57.634289,0.000000,119.331476
48726,6782.489349,0.000000,30.000000,52.620361,0.000000,41.615599
48727,6782.489349,0.000000,30.000000,52.118968,0.000000,33.844011
48729,6782.489349,0.000000,30.000000,51.116183,0.000000,18.300836
48730,6782.489349,0.000000,30.000000,50.614790,0.000000,10.529248
48736,6782.489349,0.000000,30.000000,47.606434,0.000000,323.899721
48740,6782.489349,0.000000,30.000000,45.600863,0.000000,292.813370
48741,6782.489349,0.000000,30.000000,45.099470,0.000000,285.041783
48742,6782.489349,0.000000,30.000000,44.598077,0.000000,277.270195
48743,6782.489349,0.000000,30.000000,44.096684,0.000000,269.498607
48745,6782.489349,0.000000,30.000000,43.093899,0.000000,253.955432
48746,6782.489349,0.000000,30.000000,42.592506,0.000000,246.183844
48749,6782.489349,0.000000,30.000000,41.088328,0.000000,222.869081
48750,6782.489349,0.000000,30.000000,40.586935,0.000000,215.097493
48751,6782.489349,0.000000,30.000000,40.085542,0.000000,207.325905
48753,6782.489349,0.000000,30.000000,39.082757,0.000000,191.782730
48756,6782.489349,0.000000,30.000000,37.578578,0.000000,168.467967
48757,6782.489349,0.000000,30.000000,37.077186,0.000000,160.696379
48759,6782.489349,0.000000,30.000000,36.074400,0.000000,145.153203
48760,6782.489349,0.000000,30.000000,35.573007,0.000000,137.381616
48763,6782.489349,0.000000,30.000000,34.068829,0.000000,114.066852
48770,6782.489349,0.000000,30.000000,30.559080,0.000000,59.665738
48771,6782.489349,0.000000,30.000000,30.057687,0.000000,51.894150
48773,6782.489349,0.000000,30.000000,29.054902,0.000000,36.350975
48774,6782.489349,0.000000,30.000000,28.553509,0.000000,28.579387
48776,6782.489349,0.000000,30.000000,27.550723,0.000000,13.036212
48778,6782.489349,0.000000,30.000000,26.547938,0.000000,357.493036
48779,6782.489349,0.000000,30.000000,26.046545,0.000000,349.721448
48780,6782.489349,0.000000,30.000000,25.545152,0.000000,341.949861
48781,6782.489349,0.000000,30.000000,25.043760,0.000000,334.178273
48785,6782.489349,0.000000,30.000000,23.038189,0.000000,303.091922
48786,6782.489349,0.000000,30.000000,22.536796,0.000000,295.320334
48787,6782.489349,0.000000,30.000000,22.035403,0.000000,287.548747
48788,6782.489349,0.000000,30.000000,21.534010,0.000000,279.777159
48793,6782.489349,0.000000,30.000000,19.027046,0.000000,240.919220
48794,6782.489349,0.000000,30.000000,18.525654,0.000000,233.147632
48795,6782.489349,0.000000,30.000000,18.024261,0.000000,225.376045
48797,6782.489349,0.000000,30.000000,17.021475,0.000000,209.832869
48798,6782.489349,0.000000,30.000000,16.520083,0.000000,202.061281
48802,6782.489349,0.000000,30.000000,14.514512,0.000000,170.974930
48804,6782.489349,0.000000,30.000000,13.511726,0.000000,155.431755
48807,6782.489349,0.000000,30.000000,12.007548,0.000000,132.116992
48814,6782.489349,0.000000,30.000000,8.497799,0.000000,77.715877
48821,6782.489349,0.000000,30.000000,4.988049,0.000000,23.314763
48822,6782.489349,0.000000,30.000000,4.486656,0.000000,15.543175
48823,6782.489349,0.000000,30.000000,3.985264,0.000000,7.771588
60314,6782.489349,0.000000,29.000000,358.997214,0.000000,344.456825
60315,6782.489349,0.000000,29.000000,358.495822,0.000000,336.685237
60320,6782.489349,0.000000,29.000000,355.988858,0.000000,297.827298
60323,6782.489349,0.000000,29.000000,354.484680,0.000000,274.512535
60324,6782.489349,0.000000,29.000000,353.983287,0.000000,266.740947
60327,6782.489349,0.000000,29.000000,352.479109,0.000000,243.426184
60328,6782.489349,0.000000,29.000000,351.977716,0.000000,235.654596
60330,6782.489349,0.000000,29.000000,350.974930,0.000000,220.111421
60331,6782.489349,0.000000,29.000000,350.473538,0.000000,212.339833
60335,6782.489349,0.000000,29.000000,348.467967,0.000000,181.253482
60336,6782.489349,0.000000,29.000000,347.966574,0.000000,173.481894
60339,6782.489349,0.000000,29.000000,346.462396,0.000000,150.167131
60341,6782.489349,0.000000,29.000000,345.459610,0.000000,134.623955
60342,6782.489349,0.000000,29.000000,344.958217,0.000000,126.852368
60347,6782.489349,0.000000,29.000000,342.451253,0.000000,87.994429
60353,6782.489349,0.000000,29.000000,339.442897,0.000000,41.364903
60357,6782.489349,0.000000,29.000000,337.437326,0.000000,10.278552
60359,6782.489349,0.000000,29.000000,336.434540,0.000000,354.735376
60364,6782.489349,0.000000,29.000000,333.927577,0.000000,315.877437
60367,6782.489349,0.000000,29.000000,332.423398,0.000000,292.562674
60369,6782.489349,0.000000,29.000000,331.420613,0.000000,277.019499
60371,6782.489349,0.000000,29.000000,330.417827,0.000000,261.476323
60373,6782.489349,0.000000,29.000000,329.415042,0.000000,245.933148
60374,6782.489349,0.000000,29.000000,328.913649,0.000000,238.161560
60375,6782.489349,0.000000,29.000000,328.412256,0.000000,230.389972
60377,6782.489349,0.000000,29.000000,327.409471,0.000000,214.846797
60381,6782.489349,0.000000,29.000000,325.403900,0.000000,183.760446
60384,6782.489349,0.000000,29.000000,323.899721,0.000000,160.445682
60387,6782.489349,0.000000,29.000000,322.395543,0.000000,137.130919
60392,6782.489349,0.000000,29.000000,319.888579,0.000000,98.272981
60394,6782.489349,0.000000,29.000000,318.885794,0.000000,82.729805
60395,6782.489349,0.000000,29.000000,318.384401,0.000000,74.958217
60398,6782.489349,0.000000,29.000000,316.880223,0.000000,51.643454
60407,6782.489349,0.000000,29.000000,312.367688,0.000000,341.699164
60413,6782.489349,0.000000,29.000000,309.359331,0.000000,295.069638
60415,6782.489349,0.000000,29.000000,308.356546,0.000000,279.526462
60420,6782.489349,0.000000,29.000000,305.849582,0.000000,240.668524
60421,6782.489349,0.000000,29.000000,305.348189,0.000000,232.896936
60422,6782.489349,0.000000,29.000000,304.846797,0.000000,225.125348
60425,6782.489349,0.000000,29.000000,303.342618,0.000000,201.810585
60430,6782.489349,0.000000,29.000000,300.835655,0.000000,162.952646
60432,6782.489349,0.000000,29.000000,299.832869,0.000000,147.409471
60434,6782.489349,0.000000,29.000000,298.830084,0.000000,131.866295
60436,6782.489349,0.000000,29.000000,297.827298,0.000000,116.323120
60438,6782.489349,0.000000,29.000000,296.824513,0.000000,100.779944
60440,6782.489349,0.000000,29.000000,295.821727,0.000000,85.236769
60452,6782.489349,0.000000,29.000000,289.805014,0.000000,351.977716
60453,6782.489349,0.000000,29.000000,289.303621,0.000000,344.206128
60454,6782.489349,0.000000,29.000000,288.802228,0.000000,336.434540
60457,6782.489349,0.000000,29.000000,287.298050,0.000000,313.119777
60459,6782.489349,0.000000,29.000000,286.295265,0.000000,297.576602
60466,6782.489349,0.000000,29.000000,282.785515,0.000000,243.175487
60471,6782.489349,0.000000,29.000000,280.278552,0.000000,204.317549
60474,6782.489349,0.000000,29.000000,278.774373,0.000000,181.002786
60479,6782.489349,0.000000,29.000000,276.267409,0.000000,142.144847
60481,6782.489349,0.000000,29.000000,275.264624,0.000000,126.601671
60482,6782.489349,0.000000,29.000000,274.763231,0.000000,118.830084
60485,6782.489349,0.000000,29.000000,273.259053,0.000000,95.515320
60491,6782.489349,0.000000,29.000000,270.250696,0.000000,48.885794
60496,6782.489349,0.000000,29.000000,267.743733,0.000000,10.027855
60501,6782.489349,0.000000,29.000000,265.236769,0.000000,331.169916
60503,6782.489349,0.000000,29.000000,264.233983,0.000000,315.626741
60506,6782.489349,0.000000,29.000000,262.729805,0.000000,292.311978
60510,6782.489349,0.000000,29.000000,260.724234,0.000000,261.225627
60516,6782.489349,0.000000,29.000000,257.715877,0.000000,214.596100
60522,6782.489349,0.000000,29.000000,254.707521,0.000000,167.966574
60534,6782.489349,0.000000,29.000000,248.690808,0.000000,74.707521
60538,6782.489349,0.000000,29.000000,246.685237,0.000000,43.621170
60541,6782.489349,0.000000,29.000000,245.181058,0.000000,20.306407
60543,6782.489349,0.000000,29.000000,244.178273,0.000000,4.763231
60545,6782.489349,0.000000,29.000000,243.175487,0.000000,349.220056
60546,6782.489349,0.000000,29.000000,242.674095,0.000000,341.448468
60547,6782.489349,0.000000,29.000000,242.172702,0.000000,333.676880
60553,6782.489349,0.000000,29.000000,239.164345,0.000000,287.047354
60555,6782.489349,0.000000,29.000000,238.161560,0.000000,271.504178
60562,6782.489349,0.000000,29.000000,234.651811,0.000000,217.103064
60566,6782.489349,0.000000,29.000000,232.646240,0.000000,186.016713
60571,6782.489349,0.000000,29.000000,230.139276,0.000000,147.158774
60572,6782.489349,0.000000,29.000000,229.637883,0.000000,139.387187
60577,6782.489349,0.000000,29.000000,227.130919,0.000000,100.529248
60584,6782.489349,0.000000,29.000000,223.621170,0.000000,46.128134
60593,6782.489349,0.000000,29.000000,219.108635,0.000000,336.183844
60598,6782.489349,0.000000,29.000000,216.601671,0.000000,297.325905
60601,6782.489349,0.000000,29.000000,215.097493,0.000000,274.011142
60603,6782.489349,0.000000,29.000000,214.094708,0.000000,258.467967
60604,6782.489349,0.000000,29.000000,213.593315,0.000000,250.696379
60606,6782.489349,0.000000,29.000000,212.590529,0.000000,235.153203
60612,6782.489349,0.000000,29.000000,209.582173,0.000000,188.523677
60613,6782.489349,0.000000,29.000000,209.080780,0.000000,180.752089
60614,6782.489349,0.000000,29.000000,208.579387,0.000000,172.980501
60617,6782.489349,0.000000,29.000000,207.075209,0.000000,149.665738
60619,6782.489349,0.000000,29.000000,206.072423,0.000000,134.122563
60625,6782.489349,0.000000,29.000000,203.064067,0.000000,87.493036
60626,6782.489349,0.000000,29.000000,202.562674,0.000000,79.721448
60628,6782.489349,0.000000,29.000000,201.559889,0.000000,64.178273
60630,6782.489349,0.000000,29.000000,200.557103,0.000000,48.635097
60632,6782.489349,0.000000,29.000000,199.554318,0.000000,33.091922
60636,6782.489349,0.000000,29.000000,197.548747,0.000000,2.005571
60637,6782.489349,0.000000,29.000000,197.047354,0.000000,354.233983
60638,6782.489349,0.000000,29.000000,196.545961,0.000000,346.462396
60640,6782.489349,0.000000,29.000000,195.543175,0.000000,330.919220
60641,6782.489349,0.000000,29.000000,195.041783,0.000000,323.147632
60642,6782.489349,0.000000,29.000000,194.540390,0.000000,315.376045
60644,6782.489349,0.000000,29.000000,193.537604,0.000000,299.832869
60645,6782.489349,0.000000,29.000000,193.036212,0.000000,292.061281
60650,6782.489349,0.000000,29.000000,190.529248,0.000000,253.203343
60653,6782.489349,0.000000,29.000000,189.025070,0.000000,229.888579
60654,6782.489349,0.000000,29.000000,188.523677,0.000000,222.116992
60657,6782.489349,0.000000,29.000000,187.019499,0.000000,198.802228
60658,6782.489349,0.000000,29.000000,186.518106,0.000000,191.030641
60664,6782.489349,0.000000,29.000000,183.509749,0.000000,144.401114
60668,6782.489349,0.000000,29.000000,181.504178,0.000000,113.314763
60669,6782.489349,0.000000,29.000000,181.002786,0.000000,105.543175
60672,6782.489349,0.000000,29.000000,179.498607,0.000000,82.228412
60673,6782.489349,0.000000,29.000000,178.997214,0.000000,74.456825
60677,6782.489349,0.000000,29.000000,176.991643,0.000000,43.370474
60679,6782.489349,0.000000,29.000000,175.988858,0.000000,27.827298
60680,6782.489349,0.000000,29.000000,175.487465,0.000000,20.055710
60682,6782.489349,0.000000,29.000000,174.484680,0.000000,4.512535
60684,6782.489349,0.000000,29.000000,173.481894,0.000000,348.969359
60685,6782.489349,0.000000,29.000000,172.980501,0.000000,341.197772
60688,6782.489349,0.000000,29.000000,171.476323,0.000000,317.883008
60699,6782.489349,0.000000,29.000000,165.961003,0.000000,232.395543
60700,6782.489349,0.000000,29.000000,165.459610,0.000000,224.623955
60704,6782.489349,0.000000,29.000000,163.454039,0.000000,193.537604
60716,6782.489349,0.000000,29.000000,157.437326,0.000000,100.278552
60717,6782.489349,0.000000,29.000000,156.935933,0.000000,92.506964
60721,6782.489349,0.000000,29.000000,154.930362,0.000000,61.420613
60724,6782.489349,0.000000,29.000000,153.426184,0.000000,38.105850
60726,6782.489349,0.000000,29.000000,152.423398,0.000000,22.562674
60729,6782.489349,0.000000,29.000000,150.919220,0.000000,359.247911
60731,6782.489349,0.000000,29.000000,149.916435,0.000000,343.704735
60734,6782.489349,0.000000,29.000000,148.412256,0.000000,320.389972
60738,6782.489349,0.000000,29.000000,146.406685,0.000000,289.303621
60744,6782.489349,0.000000,29.000000,143.398329,0.000000,242.674095
60747,6782.489349,0.000000,29.000000,141.894150,0.000000,219.359331
60751,6782.489349,0.000000,29.000000,139.888579,0.000000,188.272981
60756,6782.489349,0.000000,29.000000,137.381616,0.000000,149.415042
60760,6782.489349,0.000000,29.000000,135.376045,0.000000,118.328691
60762,6782.489349,0.000000,29.000000,134.373259,0.000000,102.785515
60763,6782.489349,0.000000,29.000000,133.871866,0.000000,95.013928
60764,6782.489349,0.000000,29.000000,133.370474,0.000000,87.242340
60767,6782.489349,0.000000,29.000000,131.866295,0.000000,63.927577
60768,6782.489349,0.000000,29.000000,131.364903,0.000000,56.155989
60769,6782.489349,0.000000,29.000000,130.863510,0.000000,48.384401
60771,6782.489349,0.000000,29.000000,129.860724,0.000000,32.841226
60774,6782.489349,0.000000,29.000000,128.356546,0.000000,9.526462
60775,6782.489349,0.000000,29.000000,127.855153,0.000000,1.754875
60777,6782.489349,0.000000,29.000000,126.852368,0.000000,346.211699
60780,6782.489349,0.000000,29.000000,125.348189,0.000000,322.896936
60781,6782.489349,0.000000,29.000000,124.846797,0.000000,315.125348
60784,6782.489349,0.000000,29.000000,123.342618,0.000000,291.810585
60785,6782.489349,0.000000,29.000000,122.841226,0.000000,284.038997
60786,6782.489349,0.000000,29.000000,122.339833,0.000000,276.267409
60788,6782.489349,0.000000,29.000000,121.337047,0.000000,260.724234
60789,6782.489349,0.000000,29.000000,120.835655,0.000000,252.952646
60793,6782.489349,0.000000,29.000000,118.830084,0.000000,221.866295
60796,6782.489349,0.000000,29.000000,117.325905,0.000000,198.551532
60800,6782.489349,0.000000,29.000000,115.320334,0.000000,167.465181
60801,6782.489349,0.000000,29.000000,114.818942,0.000000,159.693593
60802,6782.489349,0.000000,29.000000,114.317549,0.000000,151.922006
60808,6782.489349,0.000000,29.000000,111.309192,0.000000,105.292479
60809,6782.489349,0.000000,29.000000,110.807799,0.000000,97.520891
60810,6782.489349,0.000000,29.000000,110.306407,0.000000,89.749304
60812,6782.489349,0.000000,29.000000,109.303621,0.000000,74.206128
60813,6782.489349,0.000000,29.000000,108.802228,0.000000,66.434540
60814,6782.489349,0.000000,29.000000,108.300836,0.000000,58.662953
60815,6782.489349,0.000000,29.000000,107.799443,0.000000,50.891365
60816,6782.489349,0.000000,29.000000,107.298050,0.000000,43.119777
60818,6782.489349,0.000000,29.000000,106.295265,0.000000,27.576602
60825,6782.489349,0.000000,29.000000,102.785515,0.000000,333.175487
60826,6782.489349,0.000000,29.000000,102.284123,0.000000,325.403900
60830,6782.489349,0.000000,29.000000,100.278552,0.000000,294.317549
60832,6782.489349,0.000000,29.000000,99.275766,0.000000,278.774373
60834,6782.489349,0.000000,29.000000,98.272981,0.000000,263.231198
60837,6782.489349,0.000000,29.000000,96.768802,0.000000,239.916435
60844,6782.489349,0.000000,29.000000,93.259053,0.000000,185.515320
60848,6782.489349,0.000000,29.000000,91.253482,0.000000,154.428969
60852,6782.489349,0.000000,29.000000,89.247911,0.000000,123.342618
60853,6782.489349,0.000000,29.000000,88.746518,0.000000,115.571031
60856,6782.489349,0.000000,29.000000,87.242340,0.000000,92.256267
60860,6782.489349,0.000000,29.000000,85.236769,0.000000,61.169916
60861,6782.489349,0.000000,29.000000,84.735376,0.000000,53.398329
60865,6782.489349,0.000000,29.000000,82.729805,0.000000,22.311978
60871,6782.489349,0.000000,29.000000,79.721448,0.000000,335.682451
60876,6782.489349,0.000000,29.000000,77.214485,0.000000,296.824513
60878,6782.489349,0.000000,29.000000,76.211699,0.000000,281.281337
60892,6782.489349,0.000000,29.000000,69.192201,0.000000,172.479109
60893,6782.489349,0.000000,29.000000,68.690808,0.000000,164.707521
60901,6782.489349,0.000000,29.000000,64.679666,0.000000,102.534819
60902,6782.489349,0.000000,29.000000,64.178273,0.000000,94.763231
60905,6782.489349,0.000000,29.000000,62.674095,0.000000,71.448468
60909,6782.489349,0.000000,29.000000,60.668524,0.000000,40.362117
60914,6782.489349,0.000000,29.000000,58.161560,0.000000,1.504178
60915,6782.489349,0.000000,29.000000,57.660167,0.000000,353.732591
60917,6782.489349,0.000000,29.000000,56.657382,0.000000,338.189415
60921,6782.489349,0.000000,29.000000,54.651811,0.000000,307.103064
60923,6782.489349,0.000000,29.000000,53.649025,0.000000,291.559889
60927,6782.489349,0.000000,29.000000,51.643454,0.000000,260.473538
60928,6782.489349,0.000000,29.000000,51.142061,0.000000,252.701950
60931,6782.489349,0.000000,29.000000,49.637883,0.000000,229.387187
60932,6782.489349,0.000000,29.000000,49.136490,0.000000,221.615599
60936,6782.489349,0.000000,29.000000,47.130919,0.000000,190.529248
60938,6782.489349,0.000000,29.000000,46.128134,0.000000,174.986072
60939,6782.489349,0.000000,29.000000,45.626741,0.000000,167.214485
60941,6782.489349,0.000000,29.000000,44.623955,0.000000,151.671309
60945,6782.489349,0.000000,29.000000,42.618384,0.000000,120.584958
60947,6782.489349,0.000000,29.000000,41.615599,0.000000,105.041783
60948,6782.489349,0.000000,29.000000,41.114206,0.000000,97.270195
60950,6782.489349,0.000000,29.000000,40.111421,0.000000,81.727019
60959,6782.489349,0.000000,29.000000,35.598886,0.000000,11.782730
60960,6782.489349,0.000000,29.000000,35.097493,0.000000,4.011142
60962,6782.489349,0.000000,29.000000,34.094708,0.000000,348.467967
60965,6782.489349,0.000000,29.000000,32.590529,0.000000,325.153203
60966,6782.489349,0.000000,29.000000,32.089136,0.000000,317.381616
60969,6782.489349,0.000000,29.000000,30.584958,0.000000,294.066852
60975,6782.489349,0.000000,29.000000,27.576602,0.000000,247.437326
60979,6782.489349,0.000000,29.000000,25.571031,0.000000,216.350975
60980,6782.489349,0.000000,29.000000,25.069638,0.000000,208.579387
60984,6782.489349,0.000000,29.000000,23.064067,0.000000,177.493036
60994,6782.489349,0.000000,29.000000,18.050139,0.000000,99.777159
60995,6782.489349,0.000000,29.000000,17.548747,0.000000,92.005571
60996,6782.489349,0.000000,29.000000,17.047354,0.000000,84.233983
60998,6782.489349,0.000000,29.000000,16.044568,0.000000,68.690808
60999,6782.489349,0.000000,29.000000,15.543175,0.000000,60.919220
61010,6782.489349,0.000000,29.000000,10.027855,0.000000,335.431755
61011,6782.489349,0.000000,29.000000,9.526462,0.000000,327.660167
61017,6782.489349,0.000000,29.000000,6.518106,0.000000,281.030641
61026,6782.489349,0.000000,29.000000,2.005571,0.000000,211.086351
61030,6782.489349,0.000000,29.000000,0.000000,0.000000,180.000000
61031,6782.489349,0.000000,29.000000,359.498607,0.000000,172.228412
61032,6782.489349,0.000000,29.000000,358.997214,0.000000,164.456825
61036,6782.489349,0.000000,29.000000,356.991643,0.000000,133.370474
61037,6782.489349,0.000000,29.000000,356.490251,0.000000,125.598886
61038,6782.489349,0.000000,29.000000,355.988858,0.000000,117.827298
61039,6782.489349,0.000000,29.000000,355.487465,0.000000,110.055710
61040,6782.489349,0.000000,29.000000,354.986072,0.000000,102.284123
61043,6782.489349,0.000000,29.000000,353.481894,0.000000,78.969359
61046,6782.489349,0.000000,29.000000,351.977716,0.000000,55.654596
61047,6782.489349,0.000000,29.000000,351.476323,0.000000,47.883008
61049,6782.489349,0.000000,29.000000,350.473538,0.000000,32.339833
61054,6782.489349,0.000000,29.000000,347.966574,0.000000,353.481894
61056,6782.489349,0.000000,29.000000,346.963788,0.000000,337.938719
61060,6782.489349,0.000000,29.000000,344.958217,0.000000,306.852368
61063,6782.489349,0.000000,29.000000,343.454039,0.000000,283.537604
61064,6782.489349,0.000000,29.000000,342.952646,0.000000,275.766017
61069,6782.489349,0.000000,29.000000,340.445682,0.000000,236.908078
61071,6782.489349,0.000000,29.000000,339.442897,0.000000,221.364903
61077,6782.489349,0.000000,29.000000,336.434540,0.000000,174.735376
61079,6782.489349,0.000000,29.000000,335.431755,0.000000,159.192201
61080,6782.489349,0.000000,29.000000,334.930362,0.000000,151.420613
61082,6782.489349,0.000000,29.000000,333.927577,0.000000,135.877437
61083,6782.489349,0.000000,29.000000,333.426184,0.000000,128.105850
61087,6782.489349,0.000000,29.000000,331.420613,0.000000,97.019499
61088,6782.489349,0.000000,29.000000,330.919220,0.000000,89.247911
61090,6782.489349,0.000000,29.000000,329.916435,0.000000,73.704735
61091,6782.489349,0.000000,29.000000,329.415042,0.000000,65.933148
61093,6782.489349,0.000000,29.000000,328.412256,0.000000,50.389972
61097,6782.489349,0.000000,29.000000,326.406685,0.000000,19.303621
61098,6782.489349,0.000000,29.000000,325.905292,0.000000,11.532033
61109,6782.489349,0.000000,29.000000,320.389972,0.000000,286.044568
61112,6782.489349,0.000000,29.000000,318.885794,0.000000,262.729805
61114,6782.489349,0.000000,29.000000,317.883008,0.000000,247.186630
61123,6782.489349,0.000000,29.000000,313.370474,0.000000,177.242340
61126,6782.489349,0.000000,29.000000,311.866295,0.000000,153.927577
61127,6782.489349,0.000000,29.000000,311.364903,0.000000,146.155989
61130,6782.489349,0.000000,29.000000,309.860724,0.000000,122.841226
61134,6782.489349,0.000000,29.000000,307.855153,0.000000,91.754875
61135,6782.489349,0.000000,29.000000,307.353760,0.000000,83.983287
61136,6782.489349,0.000000,29.000000,306.852368,0.000000,76.211699
61137,6782.489349,0.000000,29.000000,306.350975,0.000000,68.440111
61138,6782.489349,0.000000,29.000000,305.849582,0.000000,60.668524
61139,6782.489349,0.000000,29.000000,305.348189,0.000000,52.896936
61142,6782.489349,0.000000,29.000000,303.844011,0.000000,29.582173
61147,6782.489349,0.000000,29.000000,301.337047,0.000000,350.724234
61148,6782.489349,0.000000,29.000000,300.835655,0.000000,342.952646
61155,6782.489349,0.000000,29.000000,297.325905,0.000000,288.551532
61156,6782.489349,0.000000,29.000000,296.824513,0.000000,280.779944
61158,6782.489349,0.000000,29.000000,295.821727,0.000000,265.236769
61162,6782.489349,0.000000,29.000000,293.816156,0.000000,234.150418
61165,6782.489349,0.000000,29.000000,292.311978,0.000000,210.835655
61167,6782.489349,0.000000,29.000000,291.309192,0.000000,195.292479
61172,6782.489349,0.000000,29.000000,288.802228,0.000000,156.434540
61176,6782.489349,0.000000,29.000000,286.796657,0.000000,125.348189
61180,6782.489349,0.000000,29.000000,284.791086,0.000000,94.261838
61181,6782.489349,0.000000,29.000000,284.289694,0.000000,86.490251
61187,6782.489349,0.000000,29.000000,281.281337,0.000000,39.860724
61190,6782.489349,0.000000,29.000000,279.777159,0.000000,16.545961
61192,6782.489349,0.000000,29.000000,278.774373,0.000000,1.002786
61193,6782.489349,0.000000,29.000000,278.272981,0.000000,353.231198
61194,6782.489349,0.000000,29.000000,277.771588,0.000000,345.459610
61199,6782.489349,0.000000,29.000000,275.264624,0.000000,306.601671
61200,6782.489349,0.000000,29.000000,274.763231,0.000000,298.830084
61201,6782.489349,0.000000,29.000000,274.261838,0.000000,291.058496
61202,6782.489349,0.000000,29.000000,273.760446,0.000000,283.286908
61209,6782.489349,0.000000,29.000000,270.250696,0.000000,228.885794
61212,6782.489349,0.000000,29.000000,268.746518,0.000000,205.571031
61214,6782.489349,0.000000,29.000000,267.743733,0.000000,190.027855
61219,6782.489349,0.000000,29.000000,265.236769,0.000000,151.169916
61220,6782.489349,0.000000,29.000000,264.735376,0.000000,143.398329
61221,6782.489349,0.000000,29.000000,264.233983,0.000000,135.626741
61222,6782.489349,0.000000,29.000000,263.732591,0.000000,127.855153
61230,6782.489349,0.000000,29.000000,259.721448,0.000000,65.682451
61234,6782.489349,0.000000,29.000000,257.715877,0.000000,34.596100
61236,6782.489349,0.000000,29.000000,256.713092,0.000000,19.052925
61237,6782.489349,0.000000,29.000000,256.211699,0.000000,11.281337
61239,6782.489349,0.000000,29.000000,255.208914,0.000000,355.738162
61241,6782.489349,0.000000,29.000000,254.206128,0.000000,340.194986
61243,6782.489349,0.000000,29.000000,253.203343,0.000000,324.651811
61244,6782.489349,0.000000,29.000000,252.701950,0.000000,316.880223
61246,6782.489349,0.000000,29.000000,251.699164,0.000000,301.337047
61248,6782.489349,0.000000,29.000000,250.696379,0.000000,285.793872
61250,6782.489349,0.000000,29.000000,249.693593,0.000000,270.250696
61251,6782.489349,0.000000,29.000000,249.192201,0.000000,262.479109
61256,6782.489349,0.000000,29.000000,246.685237,0.000000,223.621170
61258,6782.489349,0.000000,29.000000,245.682451,0.000000,208.077994
61262,6782.489349,0.000000,29.000000,243.676880,0.000000,176.991643
61264,6782.489349,0.000000,29.000000,242.674095,0.000000,161.448468
61272,6782.489349,0.000000,29.000000,238.662953,0.000000,99.275766
61273,6782.489349,0.000000,29.000000,238.161560,0.000000,91.504178
61278,6782.489349,0.000000,29.000000,235.654596,0.000000,52.646240
61281,6782.489349,0.000000,29.000000,234.150418,0.000000,29.331476
61287,6782.489349,0.000000,29.000000,231.142061,0.000000,342.701950
61288,6782.489349,0.000000,29.000000,230.640669,0.000000,334.930362
61293,6782.489349,0.000000,29.000000,228.133705,0.000000,296.072423
61295,6782.489349,0.000000,29.000000,227.130919,0.000000,280.529248
61299,6782.489349,0.000000,29.000000,225.125348,0.000000,249.442897
61308,6782.489349,0.000000,29.000000,220.612813,0.000000,179.498607
61311,6782.489349,0.000000,29.000000,219.108635,0.000000,156.183844
61313,6782.489349,0.000000,29.000000,218.105850,0.000000,140.640669
61315,6782.489349,0.000000,29.000000,217.103064,0.000000,125.097493
61316,6782.489349,0.000000,29.000000,216.601671,0.000000,117.325905
61321,6782.489349,0.000000,29.000000,214.094708,0.000000,78.467967
61324,6782.489349,0.000000,29.000000,212.590529,0.000000,55.153203
61326,6782.489349,0.000000,29.000000,211.587744,0.000000,39.610028
61328,6782.489349,0.000000,29.000000,210.584958,0.000000,24.066852
61329,6782.489349,0.000000,29.000000,210.083565,0.000000,16.295265
61331,6782.489349,0.000000,29.000000,209.080780,0.000000,0.752089
61333,6782.489349,0.000000,29.000000,208.077994,0.000000,345.208914
61338,6782.489349,0.000000,29.000000,205.571031,0.000000,306.350975
61340,6782.489349,0.000000,29.000000,204.568245,0.000000,290.807799
61341,6782.489349,0.000000,29.000000,204.066852,0.000000,283.036212
61343,6782.489349,0.000000,29.000000,203.064067,0.000000,267.493036
61344,6782.489349,0.000000,29.000000,202.562674,0.000000,259.721448
61349,6782.489349,0.000000,29.000000,200.055710,0.000000,220.863510
61350,6782.489349,0.000000,29.000000,199.554318,0.000000,213.091922
61353,6782.489349,0.000000,29.000000,198.050139,0.000000,189.777159
61354,6782.489349,0.000000,29.000000,197.548747,0.000000,182.005571
61357,6782.489349,0.000000,29.000000,196.044568,0.000000,158.690808
61359,6782.489349,0.000000,29.000000,195.041783,0.000000,143.147632
61360,6782.489349,0.000000,29.000000,194.540390,0.000000,135.376045
61365,6782.489349,0.000000,29.000000,192.033426,0.000000,96.518106
61368,6782.489349,0.000000,29.000000,190.529248,0.000000,73.203343
61372,6782.489349,0.000000,29.000000,188.523677,0.000000,42.116992
61373,6782.489349,0.000000,29.000000,188.022284,0.000000,34.345404
61378,6782.489349,0.000000,29.000000,185.515320,0.000000,355.487465
61380,6782.489349,0.000000,29.000000,184.512535,0.000000,339.944290
61381,6782.489349,0.000000,29.000000,184.011142,0.000000,332.172702
61382,6782.489349,0.000000,29.000000,183.509749,0.000000,324.401114
61384,6782.489349,0.000000,29.000000,182.506964,0.000000,308.857939
61390,6782.489349,0.000000,29.000000,179.498607,0.000000,262.228412
61393,6782.489349,0.000000,29.000000,177.994429,0.000000,238.913649
61394,6782.489349,0.000000,29.000000,177.493036,0.000000,231.142061
61395,6782.489349,0.000000,29.000000,176.991643,0.000000,223.370474
61396,6782.489349,0.000000,29.000000,176.490251,0.000000,215.598886
61400,6782.489349,0.000000,29.000000,174.484680,0.000000,184.512535
61406,6782.489349,0.000000,29.000000,171.476323,0.000000,137.883008
61408,6782.489349,0.000000,29.000000,170.473538,0.000000,122.339833
61413,6782.489349,0.000000,29.000000,167.966574,0.000000,83.481894
61417,6782.489349,0.000000,29.000000,165.961003,0.000000,52.395543
61420,6782.489349,0.000000,29.000000,164.456825,0.000000,29.080780
61434,6782.489349,0.000000,29.000000,157.437326,0.000000,280.278552
61438,6782.489349,0.000000,29.000000,155.431755,0.000000,249.192201
61440,6782.489349,0.000000,29.000000,154.428969,0.000000,233.649025
61446,6782.489349,0.000000,29.000000,151.420613,0.000000,187.019499
61452,6782.489349,0.000000,29.000000,148.412256,0.000000,140.389972
61453,6782.489349,0.000000,29.000000,147.910864,0.000000,132.618384
61458,6782.489349,0.000000,29.000000,145.403900,0.000000,93.760446
61459,6782.489349,0.000000,29.000000,144.902507,0.000000,85.988858
61463,6782.489349,0.000000,29.000000,142.896936,0.000000,54.902507
61465,6782.489349,0.000000,29.000000,141.894150,0.000000,39.359331
61469,6782.489349,0.000000,29.000000,139.888579,0.000000,8.272981
61471,6782.489349,0.000000,29.000000,138.885794,0.000000,352.729805
61473,6782.489349,0.000000,29.000000,137.883008,0.000000,337.186630
61485,6782.489349,0.000000,29.000000,131.866295,0.000000,243.927577
61486,6782.489349,0.000000,29.000000,131.364903,0.000000,236.155989
61492,6782.489349,0.000000,29.000000,128.356546,0.000000,189.526462
61497,6782.489349,0.000000,29.000000,125.849582,0.000000,150.668524
61500,6782.489349,0.000000,29.000000,124.345404,0.000000,127.353760
61503,6782.489349,0.000000,29.000000,122.841226,0.000000,104.038997
61504,6782.489349,0.000000,29.000000,122.339833,0.000000,96.267409
61507,6782.489349,0.000000,29.000000,120.835655,0.000000,72.952646
61509,6782.489349,0.000000,29.000000,119.832869,0.000000,57.409471
61510,6782.489349,0.000000,29.000000,119.331476,0.000000,49.637883
61511,6782.489349,0.000000,29.000000,118.830084,0.000000,41.866295
61512,6782.489349,0.000000,29.000000,118.328691,0.000000,34.094708
61514,6782.489349,0.000000,29.000000,117.325905,0.000000,18.551532
61517,6782.489349,0.000000,29.000000,115.821727,0.000000,355.236769
61519,6782.489349,0.000000,29.000000,114.818942,0.000000,339.693593
61521,6782.489349,0.000000,29.000000,113.816156,0.000000,324.150418
61526,6782.489349,0.000000,29.000000,111.309192,0.000000,285.292479
61529,6782.489349,0.000000,29.000000,109.805014,0.000000,261.977716
61530,6782.489349,0.000000,29.000000,109.303621,0.000000,254.206128
61531,6782.489349,0.000000,29.000000,108.802228,0.000000,246.434540
61533,6782.489349,0.000000,29.000000,107.799443,0.000000,230.891365
61536,6782.489349,0.000000,29.000000,106.295265,0.000000,207.576602
61541,6782.489349,0.000000,29.000000,103.788301,0.000000,168.718663
61542,6782.489349,0.000000,29.000000,103.286908,0.000000,160.947075
61544,6782.489349,0.000000,29.000000,102.284123,0.000000,145.403900
61546,6782.489349,0.000000,29.000000,101.281337,0.000000,129.860724
61548,6782.489349,0.000000,29.000000,100.278552,0.000000,114.317549
61550,6782.489349,0.000000,29.000000,99.275766,0.000000,98.774373
61551,6782.489349,0.000000,29.000000,98.774373,0.000000,91.002786
61552,6782.489349,0.000000,29.000000,98.272981,0.000000,83.231198
61554,6782.489349,0.000000,29.000000,97.270195,0.000000,67.688022
61560,6782.489349,0.000000,29.000000,94.261838,0.000000,21.058496
61566,6782.489349,0.000000,29.000000,91.253482,0.000000,334.428969
61567,6782.489349,0.000000,29.000000,90.752089,0.000000,326.657382
61570,6782.489349,0.000000,29.000000,89.247911,0.000000,303.342618
61574,6782.489349,0.000000,29.000000,87.242340,0.000000,272.256267
61575,6782.489349,0.000000,29.000000,86.740947,0.000000,264.484680
61582,6782.489349,0.000000,29.000000,83.231198,0.000000,210.083565
61584,6782.489349,0.000000,29.000000,82.228412,0.000000,194.540390
61590,6782.489349,0.000000,29.000000,79.220056,0.000000,147.910864
61592,6782.489349,0.000000,29.000000,78.217270,0.000000,132.367688
61597,6782.489349,0.000000,29.000000,75.710306,0.000000,93.509749
61598,6782.489349,0.000000,29.000000,75.208914,0.000000,85.738162
61600,6782.489349,0.000000,29.000000,74.206128,0.000000,70.194986
61601,6782.489349,0.000000,29.000000,73.704735,0.000000,62.423398
61603,6782.489349,0.000000,29.000000,72.701950,0.000000,46.880223
61605,6782.489349,0.000000,29.000000,71.699164,0.000000,31.337047
61613,6782.489349,0.000000,29.000000,67.688022,0.000000,329.164345
61614,6782.489349,0.000000,29.000000,67.186630,0.000000,321.392758
61616,6782.489349,0.000000,29.000000,66.183844,0.000000,305.849582
61619,6782.489349,0.000000,29.000000,64.679666,0.000000,282.534819
61620,6782.489349,0.000000,29.000000,64.178273,0.000000,274.763231
61623,6782.489349,0.000000,29.000000,62.674095,0.000000,251.448468
61628,6782.489349,0.000000,29.000000,60.167131,0.000000,212.590529
61633,6782.489349,0.000000,29.000000,57.660167,0.000000,173.732591
61635,6782.489349,0.000000,29.000000,56.657382,0.000000,158.189415
61637,6782.489349,0.000000,29.000000,55.654596,0.000000,142.646240
61641,6782.489349,0.000000,29.000000,53.649025,0.000000,111.559889
61642,6782.489349,0.000000,29.000000,53.147632,0.000000,103.788301
61643,6782.489349,0.000000,29.000000,52.646240,0.000000,96.016713
61644,6782.489349,0.000000,29.000000,52.144847,0.000000,88.245125
61645,6782.489349,0.000000,29.000000,51.643454,0.000000,80.473538
61646,6782.489349,0.000000,29.000000,51.142061,0.000000,72.701950
61647,6782.489349,0.000000,29.000000,50.640669,0.000000,64.930362
61649,6782.489349,0.000000,29.000000,49.637883,0.000000,49.387187
61652,6782.489349,0.000000,29.000000,48.133705,0.000000,26.072423
61654,6782.489349,0.000000,29.000000,47.130919,0.000000,10.529248
61655,6782.489349,0.000000,29.000000,46.629526,0.000000,2.757660
61657,6782.489349,0.000000,29.000000,45.626741,0.000000,347.214485
61658,6782.489349,0.000000,29.000000,45.125348,0.000000,339.442897
61659,6782.489349,0.000000,29.000000,44.623955,0.000000,331.671309
61661,6782.489349,0.000000,29.000000,43.621170,0.000000,316.128134
61662,6782.489349,0.000000,29.000000,43.119777,0.000000,308.356546
61665,6782.489349,0.000000,29.000000,41.615599,0.000000,285.041783
61668,6782.489349,0.000000,29.000000,40.111421,0.000000,261.727019
61671,6782.489349,0.000000,29.000000,38.607242,0.000000,238.412256
61678,6782.489349,0.000000,29.000000,35.097493,0.000000,184.011142
61679,6782.489349,0.000000,29.000000,34.596100,0.000000,176.239554
61681,6782.489349,0.000000,29.000000,33.593315,0.000000,160.696379
61685,6782.489349,0.000000,29.000000,31.587744,0.000000,129.610028
61687,6782.489349,0.000000,29.000000,30.584958,0.000000,114.066852
61688,6782.489349,0.000000,29.000000,30.083565,0.000000,106.295265
61691,6782.489349,0.000000,29.000000,28.579387,0.000000,82.980501
61698,6782.489349,0.000000,29.000000,25.069638,0.000000,28.579387
61700,6782.489349,0.000000,29.000000,24.066852,0.000000,13.036212
61706,6782.489349,0.000000,29.000000,21.058496,0.000000,326.406685
61707,6782.489349,0.000000,29.000000,20.557103,0.000000,318.635097
61712,6782.489349,0.000000,29.000000,18.050139,0.000000,279.777159
61713,6782.489349,0.000000,29.000000,17.548747,0.000000,272.005571
61714,6782.489349,0.000000,29.000000,17.047354,0.000000,264.233983
61715,6782.489349,0.000000,29.000000,16.545961,0.000000,256.462396
61719,6782.489349,0.000000,29.000000,14.540390,0.000000,225.376045
61720,6782.489349,0.000000,29.000000,14.038997,0.000000,217.604457
61726,6782.489349,0.000000,29.000000,11.030641,0.000000,170.974930
61731,6782.489349,0.000000,29.000000,8.523677,0.000000,132.116992
61732,6782.489349,0.000000,29.000000,8.022284,0.000000,124.345404
61733,6782.489349,0.000000,29.000000,7.520891,0.000000,116.573816
61736,6782.489349,0.000000,29.000000,6.016713,0.000000,93.259053
61738,6782.489349,0.000000,29.000000,5.013928,0.000000,77.715877
61739,6782.489349,0.000000,29.000000,4.512535,0.000000,69.944290
61742,6782.489349,0.000000,29.000000,3.008357,0.000000,46.629526
61743,6782.489349,0.000000,29.000000,2.506964,0.000000,38.857939
