
Gurobi 13.0.2 (linux64) logging started Mon Jun 29 04:42:20 2026

Set parameter LogFile to value "/tmp/sweep_20260629_013743_china_alt260km_s100_i1_v4_gurobi.log"
Set parameter Method to value 1
Set parameter NodefileStart to value 4
Set parameter RINS to value 50
Gurobi Optimizer version 13.0.2 build v13.0.2rc1 (linux64 - "Debian GNU/Linux 13 (trixie)")

CPU model: Intel(R) Xeon(R) Platinum 8375C CPU @ 2.90GHz, instruction set [SSE2|AVX|AVX2|AVX512]
Thread count: 16 physical cores, 32 logical processors, using up to 32 threads

Non-default parameters:
TimeLimit  10800
MIPGap  0.01
Method  1
LPWarmStart  1
Heuristics  0.2
MIPFocus  1
NodefileStart  4
RINS  50
Symmetry  2
Cuts  2
CoverCuts  2
LogToConsole  0

Academic license 2812613 - for non-commercial use only - registered to no___@gatech.edu
Optimize a model with 196014 rows, 71800 columns and 36139812 nonzeros (Min)
Model fingerprint: 0x8529fd44
Model has 71800 linear objective coefficients
Variable types: 0 continuous, 71800 integer (71800 binary)
Coefficient statistics:
  Matrix range     [1e+00, 1e+00]
  Objective range  [1e+00, 1e+00]
  Bounds range     [1e+00, 1e+00]
  RHS range        [1e+02, 1e+02]

Found heuristic solution: objective 54060.000000
Presolve removed 0 rows and 0 columns (presolve time = 6s)...
Presolve removed 0 rows and 33028 columns (presolve time = 10s)...
Presolve removed 19386 rows and 33028 columns (presolve time = 16s)...
Presolve removed 19386 rows and 33028 columns (presolve time = 20s)...
Presolve removed 19386 rows and 33028 columns (presolve time = 27s)...
Presolve removed 19386 rows and 33028 columns (presolve time = 31s)...
Presolve removed 19386 rows and 33028 columns (presolve time = 35s)...
Presolve removed 19386 rows and 33028 columns (presolve time = 40s)...
Presolve removed 19386 rows and 33028 columns (presolve time = 45s)...
Presolve removed 22976 rows and 33028 columns (presolve time = 51s)...
Presolve removed 22976 rows and 33028 columns (presolve time = 55s)...
Presolve removed 22976 rows and 33028 columns (presolve time = 60s)...
Presolve removed 22976 rows and 33028 columns (presolve time = 66s)...
Presolve removed 22976 rows and 33028 columns (presolve time = 70s)...
Presolve removed 22976 rows and 33028 columns (presolve time = 75s)...
Presolve removed 22976 rows and 33028 columns (presolve time = 82s)...
Presolve removed 22976 rows and 33028 columns (presolve time = 85s)...
Presolve removed 22976 rows and 33028 columns (presolve time = 90s)...
Presolve removed 22976 rows and 33028 columns (presolve time = 95s)...
Presolve removed 22976 rows and 33028 columns (presolve time = 100s)...
Presolve removed 22976 rows and 33028 columns (presolve time = 105s)...
Presolve removed 22976 rows and 33028 columns (presolve time = 110s)...
Presolve removed 22976 rows and 33028 columns (presolve time = 115s)...
Presolve removed 22976 rows and 33028 columns (presolve time = 120s)...
Presolve removed 22976 rows and 33028 columns (presolve time = 125s)...
Presolve removed 22976 rows and 33028 columns (presolve time = 130s)...
Presolve removed 22976 rows and 33028 columns (presolve time = 135s)...
Presolve removed 22976 rows and 33028 columns (presolve time = 140s)...
Presolve removed 22976 rows and 33028 columns (presolve time = 145s)...
Presolve removed 22976 rows and 33028 columns (presolve time = 150s)...
Presolve removed 22976 rows and 33028 columns (presolve time = 155s)...
Presolve removed 22976 rows and 33028 columns (presolve time = 160s)...
Presolve removed 22976 rows and 33028 columns (presolve time = 165s)...
Presolve removed 22976 rows and 33028 columns (presolve time = 170s)...
Presolve removed 22976 rows and 33028 columns (presolve time = 175s)...
Presolve removed 22976 rows and 33028 columns (presolve time = 180s)...
Presolve removed 22976 rows and 33028 columns (presolve time = 185s)...
Presolve removed 22976 rows and 33028 columns (presolve time = 190s)...
Presolve removed 22976 rows and 33028 columns (presolve time = 195s)...
Presolve removed 22976 rows and 33028 columns (presolve time = 200s)...
Presolve removed 22976 rows and 33028 columns (presolve time = 205s)...
Presolve removed 22976 rows and 33028 columns (presolve time = 210s)...
Presolve removed 22976 rows and 33028 columns (presolve time = 215s)...
Presolve removed 22976 rows and 33028 columns (presolve time = 220s)...
Presolve removed 22976 rows and 33028 columns (presolve time = 225s)...
Presolve removed 22976 rows and 33028 columns (presolve time = 230s)...
Presolve removed 22976 rows and 33028 columns (presolve time = 235s)...
Presolve removed 22976 rows and 33028 columns (presolve time = 240s)...
Presolve removed 22976 rows and 33028 columns (presolve time = 245s)...
Presolve removed 22976 rows and 33028 columns (presolve time = 250s)...
Presolve removed 22976 rows and 33028 columns (presolve time = 255s)...
Presolve removed 22976 rows and 33028 columns (presolve time = 260s)...
Presolve removed 22976 rows and 33028 columns (presolve time = 265s)...
Presolve removed 22976 rows and 33028 columns (presolve time = 270s)...
Presolve removed 22976 rows and 33028 columns (presolve time = 275s)...
Presolve removed 22976 rows and 33028 columns (presolve time = 280s)...
Presolve removed 22976 rows and 33028 columns (presolve time = 285s)...
Presolve removed 22976 rows and 33028 columns (presolve time = 290s)...
Presolve removed 22976 rows and 33028 columns (presolve time = 295s)...
Presolve removed 22976 rows and 33028 columns (presolve time = 300s)...
Presolve removed 22976 rows and 33028 columns (presolve time = 305s)...
Presolve removed 22976 rows and 33028 columns (presolve time = 310s)...
Presolve removed 22976 rows and 33028 columns (presolve time = 315s)...
Presolve removed 22976 rows and 33028 columns (presolve time = 320s)...
Presolve removed 22976 rows and 33028 columns (presolve time = 325s)...
Presolve removed 22976 rows and 33028 columns (presolve time = 330s)...
Presolve removed 22976 rows and 33028 columns (presolve time = 335s)...
Presolve removed 22976 rows and 33028 columns (presolve time = 340s)...
Presolve removed 22976 rows and 33028 columns (presolve time = 345s)...
Presolve removed 22976 rows and 33028 columns (presolve time = 350s)...
Presolve removed 22976 rows and 33028 columns (presolve time = 355s)...
Presolve removed 22976 rows and 33028 columns (presolve time = 360s)...
Presolve removed 22976 rows and 33028 columns (presolve time = 365s)...
Presolve removed 22976 rows and 33028 columns (presolve time = 370s)...
Presolve removed 22976 rows and 33028 columns (presolve time = 375s)...
Presolve removed 22976 rows and 33028 columns (presolve time = 380s)...
Presolve removed 22976 rows and 33028 columns (presolve time = 385s)...
Presolve removed 22976 rows and 33028 columns (presolve time = 390s)...
Presolve removed 22976 rows and 33028 columns (presolve time = 395s)...
Presolve removed 22976 rows and 33028 columns (presolve time = 400s)...
Presolve removed 22976 rows and 33028 columns (presolve time = 405s)...
Presolve removed 22976 rows and 33028 columns (presolve time = 410s)...
Presolve removed 22976 rows and 33028 columns (presolve time = 415s)...
Presolve removed 22976 rows and 33028 columns (presolve time = 420s)...
Presolve removed 22976 rows and 33028 columns (presolve time = 425s)...
Presolve removed 22976 rows and 33028 columns (presolve time = 430s)...
Presolve removed 22976 rows and 33028 columns
Presolve time: 432.48s
Presolved: 173038 rows, 38772 columns, 20440742 nonzeros
Variable types: 0 continuous, 38772 integer (38772 binary)

Root simplex log...

Iteration    Objective       Primal Inf.    Dual Inf.      Time
       0    3.3028000e+04   5.037488e+06   0.000000e+00    436s
    1865    4.4595636e+04   2.288752e+06   0.000000e+00    440s
    2777    4.4940127e+04   6.948192e+06   0.000000e+00    446s
    3461    4.5024234e+04   2.920072e+06   0.000000e+00    451s
Warning: Markowitz tolerance tightened to 0.03125
    4145    4.5114682e+04   3.808339e+06   0.000000e+00    457s
    4601    4.5174759e+04   2.495955e+07   0.000000e+00    462s
    5057    4.5219742e+04   5.108210e+06   0.000000e+00    466s
    5513    4.5263205e+04   3.238823e+06   0.000000e+00    471s
    5961    4.5297180e+04   1.693673e+07   0.000000e+00    475s
    6417    4.5336954e+04   5.148555e+06   0.000000e+00    480s
    6873    4.5378734e+04   2.298108e+06   0.000000e+00    485s
    7329    4.5415165e+04   2.446199e+06   0.000000e+00    490s
    7785    4.5438459e+04   3.541931e+06   0.000000e+00    495s
    8241    4.5469244e+04   7.344420e+06   0.000000e+00    501s
Warning: Markowitz tolerance tightened to 0.125
    8697    4.5512210e+04   3.603212e+06   0.000000e+00    507s
    9153    4.5541988e+04   2.825512e+06   0.000000e+00    512s
    9609    4.5568258e+04   2.170986e+06   0.000000e+00    518s
    9837    4.5579643e+04   2.311270e+07   0.000000e+00    520s
   10293    4.5600201e+04   2.746571e+06   0.000000e+00    526s
   10749    4.5624312e+04   1.048156e+07   0.000000e+00    532s
   10977    4.5639960e+04   1.035345e+06   0.000000e+00    535s
   11433    4.5662273e+04   3.982997e+06   0.000000e+00    541s
   11889    4.5687776e+04   1.268526e+06   0.000000e+00    548s
   12117    4.5699307e+04   1.875240e+06   0.000000e+00    551s
   12573    4.5724316e+04   1.434549e+06   0.000000e+00    557s
   13029    4.5750167e+04   7.796386e+06   0.000000e+00    563s
   13257    4.5759143e+04   5.250268e+06   0.000000e+00    566s
   13713    4.5776620e+04   5.466579e+06   0.000000e+00    572s
   13941    4.5785935e+04   6.666674e+06   0.000000e+00    575s
   14397    4.5801122e+04   8.513515e+05   0.000000e+00    582s
   14853    4.5816350e+04   6.315173e+06   0.000000e+00    588s
   15081    4.5825786e+04   4.358031e+06   0.000000e+00    591s
   15537    4.5842064e+04   3.341904e+07   0.000000e+00    598s
   15765    4.5847569e+04   1.221648e+07   0.000000e+00    601s
   16221    4.5862063e+04   1.480693e+06   0.000000e+00    608s
   16449    4.5869699e+04   6.934635e+06   0.000000e+00    611s
   16905    4.5885878e+04   6.379708e+06   0.000000e+00    618s
   17133    4.5893457e+04   4.864062e+06   0.000000e+00    622s
   17343    4.5899218e+04   5.299771e+06   0.000000e+00    625s
   17673    4.5912857e+04   1.819794e+06   0.000000e+00    631s
   17983    4.5924686e+04   1.119208e+07   0.000000e+00    636s
   18273    4.5934529e+04   2.064595e+06   0.000000e+00    641s
   18553    4.5946269e+04   1.971863e+06   0.000000e+00    645s
   18843    4.5954654e+04   4.329958e+06   0.000000e+00    650s
   19273    4.5965645e+04   3.341621e+06   0.000000e+00    657s
   19553    4.5976812e+04   9.953320e+05   0.000000e+00    662s
   19843    4.5982856e+04   2.831527e+06   0.000000e+00    667s
   20123    4.5992329e+04   7.619160e+05   0.000000e+00    672s
   20403    4.6001218e+04   4.475105e+06   0.000000e+00    677s
   20683    4.6010530e+04   2.705469e+06   0.000000e+00    682s
   20963    4.6017139e+04   5.715535e+06   0.000000e+00    687s
   21243    4.6025768e+04   3.155479e+06   0.000000e+00    692s
   21523    4.6034182e+04   1.562820e+06   0.000000e+00    697s
   21803    4.6042338e+04   5.423271e+06   0.000000e+00    701s
   22083    4.6048194e+04   5.452945e+07   0.000000e+00    706s
   22373    4.6080229e+04   1.666421e+06   0.000000e+00    711s
   22653    4.6085292e+04   1.427171e+07   0.000000e+00    717s
   22923    4.6092567e+04   2.204813e+06   0.000000e+00    722s
   23183    4.6102129e+04   1.062231e+06   0.000000e+00    726s
   23453    4.6110479e+04   1.389263e+06   0.000000e+00    731s
   23733    4.6116710e+04   9.270364e+06   0.000000e+00    736s
   24003    4.6122607e+04   5.021632e+06   0.000000e+00    741s
   24263    4.6129117e+04   1.977526e+07   0.000000e+00    746s
   24533    4.6133886e+04   1.549293e+07   0.000000e+00    751s
   24803    4.6139931e+04   4.597424e+06   0.000000e+00    756s
   25073    4.6146768e+04   2.964804e+07   0.000000e+00    761s
   25343    4.6151645e+04   6.901014e+05   0.000000e+00    767s
   25603    4.6157532e+04   1.446933e+06   0.000000e+00    772s
   25863    4.6164192e+04   1.520778e+06   0.000000e+00    777s
   26133    4.6169534e+04   2.598894e+06   0.000000e+00    782s
   26393    4.6177641e+04   1.159773e+08   0.000000e+00    787s
   26663    4.6182715e+04   4.955783e+06   0.000000e+00    792s
   26923    4.6198420e+04   7.789728e+05   0.000000e+00    797s
   27183    4.6204484e+04   1.370876e+07   0.000000e+00    803s
   27313    4.6206889e+04   4.006912e+06   0.000000e+00    805s
   27573    4.6213243e+04   9.135798e+06   0.000000e+00    810s
   27833    4.6220956e+04   3.308248e+07   0.000000e+00    816s
   28093    4.6226664e+04   3.471234e+06   0.000000e+00    821s
   28353    4.6231788e+04   2.331383e+06   0.000000e+00    826s
   28613    4.6238400e+04   1.483610e+06   0.000000e+00    832s
   28863    4.6252203e+04   7.048424e+05   0.000000e+00    837s
   29123    4.6261075e+04   9.407427e+05   0.000000e+00    842s
   29373    4.6266914e+04   2.089905e+06   0.000000e+00    847s
   29633    4.6277080e+04   7.286590e+06   0.000000e+00    852s
   29883    4.6280685e+04   1.542246e+06   0.000000e+00    858s
   30003    4.6283330e+04   9.459414e+06   0.000000e+00    860s
   30253    4.6288102e+04   5.751789e+05   0.000000e+00    866s
   30513    4.6294768e+04   2.019147e+07   0.000000e+00    871s
   30773    4.6323401e+04   1.170078e+07   0.000000e+00    876s
   31033    4.6343603e+04   2.151264e+06   0.000000e+00    882s
   31293    4.6371324e+04   2.301092e+06   0.000000e+00    887s
   31543    4.6383324e+04   5.516292e+06   0.000000e+00    893s
   31663    4.6385569e+04   5.692036e+06   0.000000e+00    895s
   31913    4.6390519e+04   8.865626e+05   0.000000e+00    901s
   32163    4.6405945e+04   9.883021e+05   0.000000e+00    906s
   32413    4.6413120e+04   2.003100e+06   0.000000e+00    912s
   32653    4.6419854e+04   3.928783e+06   0.000000e+00    917s
   32903    4.6424175e+04   1.510147e+07   0.000000e+00    923s
   33023    4.6428917e+04   9.345154e+05   0.000000e+00    925s
   33263    4.6438749e+04   5.644321e+06   0.000000e+00    931s
   33503    4.6443649e+04   1.802325e+06   0.000000e+00    936s
   33743    4.6448368e+04   1.952057e+06   0.000000e+00    942s
   33983    4.6454874e+04   1.185328e+07   0.000000e+00    947s
   34113    4.6456903e+04   9.752638e+05   0.000000e+00    950s
   34353    4.6461276e+04   6.650080e+05   0.000000e+00    956s
   34603    4.6467014e+04   5.284706e+06   0.000000e+00    961s
   34843    4.6470504e+04   2.083086e+06   0.000000e+00    967s
   35083    4.6475863e+04   9.562322e+05   0.000000e+00    972s
   35203    4.6477994e+04   7.878664e+06   0.000000e+00    975s
   35443    4.6482844e+04   1.110053e+06   0.000000e+00    981s
   35683    4.6488213e+04   2.733319e+06   0.000000e+00    986s
   35923    4.6491722e+04   5.942497e+06   0.000000e+00    992s
   36153    4.6495876e+04   1.331542e+06   0.000000e+00    997s
   36273    4.6498070e+04   1.183384e+07   0.000000e+00   1000s
   36513    4.6501560e+04   6.799439e+06   0.000000e+00   1006s
   36753    4.6506881e+04   2.350873e+06   0.000000e+00   1011s
   36993    4.6511195e+04   3.021327e+06   0.000000e+00   1017s
   37233    4.6515809e+04   2.231356e+06   0.000000e+00   1023s
   37353    4.6518580e+04   1.205694e+06   0.000000e+00   1025s
   37593    4.6523010e+04   1.272582e+07   0.000000e+00   1031s
   37833    4.6527059e+04   1.684915e+06   0.000000e+00   1037s
   38073    4.6530155e+04   2.165818e+06   0.000000e+00   1043s
   38183    4.6532186e+04   2.673236e+06   0.000000e+00   1046s
   38423    4.6535648e+04   3.642677e+06   0.000000e+00   1051s
   38653    4.6539623e+04   8.675224e+05   0.000000e+00   1057s
   38883    4.6542560e+04   9.672151e+06   0.000000e+00   1063s
   39003    4.6544209e+04   4.263428e+06   0.000000e+00   1066s
   39243    4.6548095e+04   8.282802e+05   0.000000e+00   1071s
   39473    4.6552636e+04   5.943357e+05   0.000000e+00   1077s
   39583    4.6554705e+04   8.293704e+06   0.000000e+00   1080s
   39803    4.6558471e+04   4.313059e+06   0.000000e+00   1086s
   40033    4.6562769e+04   7.969145e+05   0.000000e+00   1091s
   40273    4.6567175e+04   9.534552e+05   0.000000e+00   1097s
   40393    4.6569574e+04   7.776622e+05   0.000000e+00   1100s
   40633    4.6573854e+04   1.273385e+06   0.000000e+00   1106s
   40863    4.6577521e+04   5.689156e+05   0.000000e+00   1112s
   41103    4.6580385e+04   1.823076e+07   0.000000e+00   1118s
   41223    4.6582515e+04   6.910859e+07   0.000000e+00   1121s
   41463    4.6585484e+04   1.154135e+07   0.000000e+00   1127s
   41693    4.6588823e+04   1.614347e+06   0.000000e+00   1132s
   41803    4.6590301e+04   1.618200e+07   0.000000e+00   1135s
   42033    4.6593241e+04   6.468602e+06   0.000000e+00   1141s
   42253    4.6596337e+04   7.057311e+06   0.000000e+00   1147s
   42483    4.6599343e+04   7.445891e+05   0.000000e+00   1152s
   42603    4.6600575e+04   6.585680e+06   0.000000e+00   1155s
   42833    4.6603616e+04   4.016135e+06   0.000000e+00   1161s
   43063    4.6606195e+04   1.214023e+06   0.000000e+00   1167s
   43293    4.6609340e+04   1.402981e+06   0.000000e+00   1173s
   43403    4.6610596e+04   8.151364e+05   0.000000e+00   1176s
   43633    4.6613120e+04   9.606897e+05   0.000000e+00   1182s
   43863    4.6615424e+04   2.152261e+06   0.000000e+00   1187s
   43973    4.6616872e+04   5.934943e+05   0.000000e+00   1190s
   44203    4.6619993e+04   1.216635e+06   0.000000e+00   1196s
   44433    4.6623650e+04   6.390532e+05   0.000000e+00   1202s
   44543    4.6625569e+04   3.473285e+06   0.000000e+00   1205s
   44763    4.6628098e+04   1.152085e+07   0.000000e+00   1211s
   44983    4.6631208e+04   5.059898e+06   0.000000e+00   1216s
   45213    4.6634158e+04   1.300322e+07   0.000000e+00   1222s
   45323    4.6634997e+04   1.765195e+06   0.000000e+00   1225s
   45553    4.6638129e+04   6.211218e+05   0.000000e+00   1231s
   45773    4.6640928e+04   2.338103e+07   0.000000e+00   1237s
   45993    4.6643968e+04   5.871417e+06   0.000000e+00   1243s
   46103    4.6645421e+04   1.049895e+06   0.000000e+00   1246s
   46333    4.6649180e+04   1.991863e+06   0.000000e+00   1252s
   46443    4.6650602e+04   5.630988e+06   0.000000e+00   1255s
   46663    4.6653002e+04   3.530571e+06   0.000000e+00   1261s
   46883    4.6656509e+04   7.695945e+06   0.000000e+00   1267s
   46993    4.6657300e+04   1.814488e+06   0.000000e+00   1270s
   47213    4.6659649e+04   4.023243e+06   0.000000e+00   1276s
   47433    4.6662252e+04   1.356587e+06   0.000000e+00   1282s
   47543    4.6663471e+04   5.260509e+06   0.000000e+00   1285s
   47763    4.6665980e+04   2.006359e+06   0.000000e+00   1291s
   47983    4.6668268e+04   7.806323e+05   0.000000e+00   1298s
   48093    4.6669616e+04   2.083137e+06   0.000000e+00   1301s
   48313    4.6671977e+04   1.836287e+06   0.000000e+00   1307s
   48533    4.6675225e+04   5.573132e+06   0.000000e+00   1313s
   48643    4.6676263e+04   1.668853e+06   0.000000e+00   1316s
   48863    4.6678895e+04   7.038166e+05   0.000000e+00   1322s
   49093    4.6680675e+04   2.482631e+06   0.000000e+00   1328s
   49203    4.6681505e+04   6.910537e+06   0.000000e+00   1331s
   49423    4.6683691e+04   4.773052e+06   0.000000e+00   1337s
   49533    4.6684772e+04   3.443609e+06   0.000000e+00   1340s
   49753    4.6686610e+04   3.357898e+06   0.000000e+00   1346s
   49893    4.6688128e+04   9.002084e+05   0.000000e+00   1350s
   50173    4.6692146e+04   1.102108e+07   0.000000e+00   1358s
   50313    4.6693641e+04   1.332879e+06   0.000000e+00   1362s
   50543    4.6696737e+04   1.237326e+06   0.000000e+00   1368s
   50653    4.6698386e+04   2.789309e+06   0.000000e+00   1371s
   50873    4.6701014e+04   1.238547e+06   0.000000e+00   1377s
   50983    4.6702477e+04   1.829442e+06   0.000000e+00   1380s
   51203    4.6704798e+04   1.873336e+06   0.000000e+00   1387s
   51333    4.6706592e+04   2.846276e+06   0.000000e+00   1390s
   51563    4.6709335e+04   5.683580e+06   0.000000e+00   1397s
   51693    4.6710726e+04   5.506704e+06   0.000000e+00   1400s
   51933    4.6713993e+04   4.882597e+05   0.000000e+00   1407s
   52063    4.6715423e+04   2.873708e+06   0.000000e+00   1411s
   52293    4.6718033e+04   1.167114e+06   0.000000e+00   1417s
   52403    4.6719142e+04   5.943257e+05   0.000000e+00   1420s
   52623    4.6722689e+04   8.227926e+05   0.000000e+00   1427s
   52863    4.6724863e+04   9.986139e+05   0.000000e+00   1433s
   52983    4.6725796e+04   5.473082e+06   0.000000e+00   1437s
   53213    4.6727984e+04   2.793835e+07   0.000000e+00   1443s
   53323    4.6728808e+04   6.104400e+05   0.000000e+00   1446s
   53573    4.6731048e+04   9.112665e+05   0.000000e+00   1453s
   53683    4.6732447e+04   4.331847e+06   0.000000e+00   1456s
   53903    4.6734376e+04   1.452329e+06   0.000000e+00   1463s
   54033    4.6735661e+04   1.696052e+06   0.000000e+00   1466s
   54273    4.6737957e+04   1.277062e+06   0.000000e+00   1473s
   54383    4.6738868e+04   3.159189e+06   0.000000e+00   1477s
   54623    4.6740447e+04   2.758361e+06   0.000000e+00   1483s
   54763    4.6741670e+04   3.513389e+05   0.000000e+00   1487s
   54903    4.6743029e+04   2.121418e+06   0.000000e+00   1491s
   55043    4.6744560e+04   1.694248e+06   0.000000e+00   1495s
   55313    4.6747526e+04   1.287202e+07   0.000000e+00   1503s
   55443    4.6748337e+04   5.513336e+06   0.000000e+00   1507s
   55553    4.6749429e+04   2.730072e+06   0.000000e+00   1510s
   55823    4.6751778e+04   1.677452e+06   0.000000e+00   1518s
   55963    4.6753241e+04   1.442766e+07   0.000000e+00   1522s
   56093    4.6754224e+04   1.292642e+06   0.000000e+00   1525s
   56383    4.6756750e+04   7.587301e+05   0.000000e+00   1533s
   56523    4.6757928e+04   7.797052e+05   0.000000e+00   1537s
   56673    4.6759028e+04   2.113540e+07   0.000000e+00   1542s
   56823    4.6760376e+04   6.731289e+05   0.000000e+00   1546s
   57103    4.6762877e+04   7.099999e+06   0.000000e+00   1554s
   57223    4.6764120e+04   1.258645e+06   0.000000e+00   1557s
   57353    4.6765341e+04   1.202362e+06   0.000000e+00   1561s
   57493    4.6766691e+04   3.088211e+06   0.000000e+00   1565s
   57783    4.6768928e+04   7.476857e+05   0.000000e+00   1574s
   57923    4.6770379e+04   1.306531e+06   0.000000e+00   1578s
   58073    4.6771486e+04   1.694650e+06   0.000000e+00   1582s
   58223    4.6772869e+04   5.523508e+05   0.000000e+00   1586s
   58363    4.6774215e+04   2.473179e+06   0.000000e+00   1590s
   58653    4.6777897e+04   7.026582e+05   0.000000e+00   1599s
   58793    4.6779663e+04   1.009431e+06   0.000000e+00   1603s
   58933    4.6781298e+04   4.842488e+05   0.000000e+00   1607s
   59073    4.6782298e+04   8.667644e+07   0.000000e+00   1612s
   59233    4.6782729e+04   4.115838e+06   0.000000e+00   1616s
   59373    4.6784138e+04   1.343705e+06   0.000000e+00   1620s
   59653    4.6786515e+04   1.513059e+06   0.000000e+00   1628s
   59793    4.6787467e+04   6.589369e+05   0.000000e+00   1633s
   59943    4.6788683e+04   9.246067e+05   0.000000e+00   1637s
   60083    4.6790242e+04   2.203285e+06   0.000000e+00   1641s
   60233    4.6791883e+04   1.679152e+07   0.000000e+00   1646s
   60523    4.6794303e+04   1.298809e+07   0.000000e+00   1654s
   60673    4.6795230e+04   4.436910e+07   0.000000e+00   1658s
   60823    4.6796213e+04   4.092726e+05   0.000000e+00   1663s
   60963    4.6797636e+04   1.652468e+06   0.000000e+00   1667s
   61103    4.6799207e+04   2.260172e+06   0.000000e+00   1671s
   61243    4.6800540e+04   2.159540e+06   0.000000e+00   1675s
   61523    4.6803539e+04   1.665987e+06   0.000000e+00   1684s
   61673    4.6804968e+04   1.588973e+06   0.000000e+00   1688s
   61813    4.6806476e+04   8.044821e+06   0.000000e+00   1692s
   61953    4.6807782e+04   1.693714e+06   0.000000e+00   1697s
   62093    4.6808960e+04   4.357597e+07   0.000000e+00   1701s
   62243    4.6809520e+04   5.616326e+06   0.000000e+00   1705s
   62523    4.6812384e+04   9.086716e+05   0.000000e+00   1713s
   62663    4.6814111e+04   9.101071e+05   0.000000e+00   1718s
   62803    4.6815603e+04   9.266447e+05   0.000000e+00   1722s
   62943    4.6817124e+04   5.420012e+05   0.000000e+00   1726s
   63083    4.6818647e+04   1.004600e+06   0.000000e+00   1730s
   63363    4.6821401e+04   2.017635e+06   0.000000e+00   1739s
   63503    4.6822923e+04   3.424165e+06   0.000000e+00   1743s
   63643    4.6824454e+04   3.462036e+05   0.000000e+00   1747s
   63783    4.6825499e+04   8.070532e+05   0.000000e+00   1751s
   63923    4.6826726e+04   7.090632e+06   0.000000e+00   1755s
   64203    4.6828856e+04   2.500988e+06   0.000000e+00   1764s
   64343    4.6830081e+04   1.056188e+06   0.000000e+00   1768s
   64483    4.6831519e+04   1.845588e+07   0.000000e+00   1773s
   64623    4.6832591e+04   1.882262e+06   0.000000e+00   1777s
   64763    4.6834099e+04   4.615000e+05   0.000000e+00   1781s
   64903    4.6835466e+04   3.312664e+06   0.000000e+00   1786s
   65043    4.6836479e+04   1.508478e+06   0.000000e+00   1790s
   65313    4.6838820e+04   3.502365e+05   0.000000e+00   1798s
   65453    4.6840132e+04   4.021968e+05   0.000000e+00   1803s
   65593    4.6841376e+04   1.928466e+06   0.000000e+00   1807s
   65733    4.6842617e+04   9.172468e+05   0.000000e+00   1811s
   65873    4.6843573e+04   6.761558e+06   0.000000e+00   1816s
   66013    4.6844553e+04   7.202962e+05   0.000000e+00   1820s
   66293    4.6847327e+04   9.841476e+05   0.000000e+00   1829s
   66433    4.6848337e+04   1.383199e+06   0.000000e+00   1833s
   66573    4.6849311e+04   8.040493e+06   0.000000e+00   1838s
   66713    4.6850046e+04   2.830676e+06   0.000000e+00   1842s
   66843    4.6851240e+04   1.743554e+06   0.000000e+00   1846s
   66983    4.6852438e+04   1.249341e+07   0.000000e+00   1851s
   67263    4.6854323e+04   2.897297e+06   0.000000e+00   1859s
   67403    4.6855262e+04   4.747709e+05   0.000000e+00   1864s
   67533    4.6856438e+04   6.713626e+05   0.000000e+00   1868s
   67673    4.6857425e+04   4.845019e+06   0.000000e+00   1872s
   67803    4.6858494e+04   6.670970e+05   0.000000e+00   1876s
   67943    4.6859683e+04   2.482470e+06   0.000000e+00   1881s
   68083    4.6860939e+04   7.656829e+05   0.000000e+00   1885s
   68363    4.6862776e+04   5.032708e+05   0.000000e+00   1894s
   68493    4.6863748e+04   4.923093e+05   0.000000e+00   1898s
   68633    4.6865173e+04   5.836743e+06   0.000000e+00   1902s
   68773    4.6866267e+04   4.395915e+05   0.000000e+00   1907s
   68903    4.6867344e+04   1.049881e+06   0.000000e+00   1911s
   69043    4.6868274e+04   1.257928e+06   0.000000e+00   1915s
   69323    4.6870483e+04   3.900393e+06   0.000000e+00   1924s
   69453    4.6871671e+04   1.050930e+06   0.000000e+00   1928s
   69593    4.6873258e+04   8.002019e+06   0.000000e+00   1933s
   69733    4.6874050e+04   3.103244e+06   0.000000e+00   1937s
   69863    4.6875027e+04   2.327461e+06   0.000000e+00   1941s
   70003    4.6876143e+04   7.319180e+06   0.000000e+00   1946s
   70143    4.6877132e+04   3.806647e+05   0.000000e+00   1950s
   70413    4.6879757e+04   1.030624e+06   0.000000e+00   1959s
   70553    4.6880961e+04   2.362373e+06   0.000000e+00   1963s
   70693    4.6882050e+04   5.156730e+06   0.000000e+00   1968s
   70823    4.6883442e+04   5.946340e+05   0.000000e+00   1972s
   70963    4.6884490e+04   1.903563e+06   0.000000e+00   1976s
   71093    4.6885624e+04   1.828216e+06   0.000000e+00   1981s
   71363    4.6887968e+04   3.184009e+05   0.000000e+00   1989s
   71503    4.6889140e+04   8.773538e+05   0.000000e+00   1994s
   71633    4.6890158e+04   4.936428e+05   0.000000e+00   1998s
   71763    4.6891168e+04   1.052735e+06   0.000000e+00   2002s
   71903    4.6892219e+04   8.677255e+05   0.000000e+00   2007s
   72043    4.6893026e+04   3.671422e+05   0.000000e+00   2011s
   72183    4.6893801e+04   2.021198e+06   0.000000e+00   2015s
   72453    4.6895470e+04   2.545230e+06   0.000000e+00   2024s
   72593    4.6896268e+04   4.372861e+05   0.000000e+00   2028s
   72723    4.6897174e+04   6.819527e+06   0.000000e+00   2033s
   72863    4.6898114e+04   1.457036e+06   0.000000e+00   2037s
   73003    4.6898970e+04   3.747998e+05   0.000000e+00   2042s
   73143    4.6899593e+04   4.989010e+06   0.000000e+00   2046s
   73283    4.6899924e+04   1.336599e+06   0.000000e+00   2050s
   73553    4.6902032e+04   4.429865e+06   0.000000e+00   2059s
   73683    4.6902836e+04   1.200323e+06   0.000000e+00   2063s
   73813    4.6903736e+04   1.185842e+06   0.000000e+00   2068s
   73953    4.6904540e+04   3.184182e+05   0.000000e+00   2072s
   74083    4.6905478e+04   1.069624e+06   0.000000e+00   2077s
   74223    4.6906527e+04   7.309346e+05   0.000000e+00   2081s
   74353    4.6907767e+04   7.052272e+05   0.000000e+00   2086s
   74493    4.6908524e+04   2.752646e+06   0.000000e+00   2090s
   74753    4.6910598e+04   2.208265e+06   0.000000e+00   2099s
   74883    4.6911766e+04   4.893871e+05   0.000000e+00   2103s
   75013    4.6912768e+04   2.706366e+06   0.000000e+00   2108s
   75153    4.6913430e+04   5.568016e+05   0.000000e+00   2112s
   75283    4.6914444e+04   1.068069e+06   0.000000e+00   2116s
   75413    4.6915121e+04   4.242353e+06   0.000000e+00   2121s
   75543    4.6916019e+04   4.103075e+05   0.000000e+00   2125s
   75803    4.6917652e+04   1.385521e+06   0.000000e+00   2134s
   75933    4.6919070e+04   1.016738e+06   0.000000e+00   2138s
   76063    4.6920077e+04   2.240379e+05   0.000000e+00   2142s
   76193    4.6921108e+04   3.790580e+06   0.000000e+00   2147s
   76333    4.6922044e+04   1.682580e+06   0.000000e+00   2151s
   76463    4.6923223e+04   1.318114e+06   0.000000e+00   2155s
   76743    4.6924988e+04   3.755725e+05   0.000000e+00   2164s
   76873    4.6925841e+04   8.846110e+06   0.000000e+00   2169s
   77013    4.6926462e+04   5.910322e+05   0.000000e+00   2173s
   77143    4.6927190e+04   4.182436e+05   0.000000e+00   2178s
   77283    4.6928067e+04   1.962412e+06   0.000000e+00   2182s
   77413    4.6928740e+04   1.525672e+06   0.000000e+00   2187s
   77543    4.6929531e+04   4.008011e+06   0.000000e+00   2191s
   77683    4.6930299e+04   1.214926e+06   0.000000e+00   2195s
   77953    4.6931453e+04   1.417892e+06   0.000000e+00   2204s
   78083    4.6932499e+04   8.645013e+05   0.000000e+00   2209s
   78223    4.6933333e+04   1.194050e+06   0.000000e+00   2213s
   78353    4.6934124e+04   3.271291e+06   0.000000e+00   2217s
   78493    4.6935201e+04   1.160538e+07   0.000000e+00   2222s
   78633    4.6935852e+04   6.365869e+05   0.000000e+00   2226s
   78763    4.6936524e+04   2.045537e+06   0.000000e+00   2231s
   78903    4.6937320e+04   8.691169e+05   0.000000e+00   2235s
   79163    4.6938512e+04   6.152088e+05   0.000000e+00   2244s
   79293    4.6939174e+04   1.461614e+06   0.000000e+00   2248s
   79433    4.6939742e+04   2.390237e+06   0.000000e+00   2253s
   79573    4.6940199e+04   6.290566e+05   0.000000e+00   2257s
   79703    4.6941038e+04   2.244486e+06   0.000000e+00   2261s
   79833    4.6941872e+04   6.329969e+05   0.000000e+00   2266s
   79963    4.6942812e+04   1.318854e+06   0.000000e+00   2270s
   80233    4.6944593e+04   9.490296e+05   0.000000e+00   2279s
   80363    4.6945413e+04   6.063351e+05   0.000000e+00   2283s
   80503    4.6946375e+04   6.721431e+05   0.000000e+00   2288s
   80633    4.6947226e+04   6.374990e+05   0.000000e+00   2292s
   80773    4.6947759e+04   7.804389e+05   0.000000e+00   2297s
   80903    4.6948491e+04   1.778992e+06   0.000000e+00   2301s
   81043    4.6949077e+04   5.125559e+05   0.000000e+00   2306s
   81303    4.6951244e+04   8.385380e+05   0.000000e+00   2314s
   81433    4.6952220e+04   9.313944e+05   0.000000e+00   2319s
   81563    4.6952921e+04   6.198012e+05   0.000000e+00   2323s
   81703    4.6953502e+04   7.598259e+05   0.000000e+00   2327s
   81833    4.6954314e+04   1.211137e+06   0.000000e+00   2332s
   81973    4.6955197e+04   2.386011e+06   0.000000e+00   2336s
   82113    4.6955870e+04   4.123036e+06   0.000000e+00   2341s
   82243    4.6956685e+04   8.098114e+05   0.000000e+00   2345s
   82503    4.6959042e+04   8.452560e+05   0.000000e+00   2354s
   82633    4.6959903e+04   5.129069e+05   0.000000e+00   2358s
   82763    4.6960596e+04   4.439776e+06   0.000000e+00   2363s
   82893    4.6961099e+04   4.005982e+05   0.000000e+00   2367s
   83023    4.6962157e+04   1.005349e+06   0.000000e+00   2372s
   83153    4.6962848e+04   1.691035e+06   0.000000e+00   2376s
   83283    4.6963736e+04   1.087615e+06   0.000000e+00   2380s
   83553    4.6965810e+04   1.202275e+06   0.000000e+00   2389s
   83683    4.6966715e+04   3.450865e+06   0.000000e+00   2394s
   83823    4.6967550e+04   3.032819e+07   0.000000e+00   2398s
   83953    4.6968483e+04   2.538461e+05   0.000000e+00   2402s
   84093    4.6969188e+04   2.458290e+06   0.000000e+00   2407s
   84233    4.6969885e+04   7.960923e+05   0.000000e+00   2411s
   84363    4.6970554e+04   7.474474e+05   0.000000e+00   2416s
   84633    4.6972401e+04   1.165283e+06   0.000000e+00   2424s
   84773    4.6972997e+04   6.890151e+05   0.000000e+00   2429s
   84903    4.6973716e+04   8.312785e+05   0.000000e+00   2433s
   85043    4.6974430e+04   3.529598e+06   0.000000e+00   2438s
   85173    4.6975259e+04   4.443799e+05   0.000000e+00   2442s
   85303    4.6975946e+04   2.261561e+07   0.000000e+00   2446s
   85443    4.6976225e+04   1.886922e+06   0.000000e+00   2451s
   85713    4.6977660e+04   9.081239e+05   0.000000e+00   2459s
   85843    4.6978391e+04   6.541873e+05   0.000000e+00   2464s
   85983    4.6978947e+04   5.137851e+06   0.000000e+00   2468s
   86123    4.6979515e+04   2.649500e+05   0.000000e+00   2473s
   86263    4.6979997e+04   3.678387e+07   0.000000e+00   2477s
   86403    4.6980457e+04   7.330978e+05   0.000000e+00   2482s
   86533    4.6981178e+04   1.629084e+06   0.000000e+00   2486s
   86663    4.6981790e+04   6.191330e+05   0.000000e+00   2490s
   86923    4.6983267e+04   1.256340e+06   0.000000e+00   2499s
   87053    4.6984187e+04   3.086808e+05   0.000000e+00   2503s
   87183    4.6985079e+04   3.829218e+05   0.000000e+00   2508s
   87313    4.6985921e+04   4.964122e+05   0.000000e+00   2512s
   87443    4.6986797e+04   9.001104e+05   0.000000e+00   2516s
   87583    4.6987736e+04   9.005532e+05   0.000000e+00   2521s
   87713    4.6988719e+04   8.526497e+05   0.000000e+00   2525s
   87983    4.6990565e+04   1.593255e+06   0.000000e+00   2534s
   88113    4.6991197e+04   1.094076e+06   0.000000e+00   2539s
   88243    4.6991861e+04   2.314937e+06   0.000000e+00   2543s
   88373    4.6992746e+04   6.268774e+05   0.000000e+00   2547s
   88503    4.6993522e+04   2.871527e+05   0.000000e+00   2552s
   88633    4.6994134e+04   2.839464e+05   0.000000e+00   2556s
   88773    4.6994743e+04   5.776047e+05   0.000000e+00   2561s
   88903    4.6995449e+04   2.580628e+05   0.000000e+00   2565s
   89163    4.6996980e+04   1.744167e+06   0.000000e+00   2574s
   89293    4.6997877e+04   1.018404e+06   0.000000e+00   2579s
   89433    4.6998547e+04   1.149992e+06   0.000000e+00   2583s
   89563    4.6999393e+04   1.263245e+06   0.000000e+00   2588s
   89693    4.7000218e+04   1.257861e+06   0.000000e+00   2592s
   89823    4.7000972e+04   2.359109e+05   0.000000e+00   2597s
   89953    4.7001664e+04   5.960658e+05   0.000000e+00   2601s
   90083    4.7002361e+04   2.449924e+06   0.000000e+00   2606s
   90343    4.7003698e+04   8.862260e+05   0.000000e+00   2614s
   90473    4.7004338e+04   3.634509e+06   0.000000e+00   2619s
   90613    4.7004763e+04   2.954536e+05   0.000000e+00   2624s
   90743    4.7005427e+04   2.801137e+06   0.000000e+00   2628s
   90873    4.7006003e+04   1.031053e+06   0.000000e+00   2633s
   91003    4.7006751e+04   2.677486e+06   0.000000e+00   2637s
   91133    4.7007279e+04   2.607428e+06   0.000000e+00   2642s
   91263    4.7007928e+04   4.786471e+06   0.000000e+00   2646s
   91393    4.7008451e+04   3.824702e+06   0.000000e+00   2651s
   91523    4.7008939e+04   2.291170e+06   0.000000e+00   2655s
   91793    4.7010012e+04   1.170298e+06   0.000000e+00   2664s
   91923    4.7010748e+04   5.207230e+05   0.000000e+00   2669s
   92063    4.7011269e+04   6.310639e+06   0.000000e+00   2674s
   92203    4.7011720e+04   2.811006e+05   0.000000e+00   2678s
   92333    4.7012366e+04   3.339834e+05   0.000000e+00   2683s
   92473    4.7012825e+04   1.176883e+06   0.000000e+00   2688s
   92603    4.7013400e+04   6.564955e+05   0.000000e+00   2692s
   92743    4.7014007e+04   1.492647e+06   0.000000e+00   2697s
   92873    4.7014729e+04   4.257146e+05   0.000000e+00   2701s
   93003    4.7015642e+04   1.133132e+07   0.000000e+00   2706s
   93143    4.7016034e+04   9.684247e+05   0.000000e+00   2710s
   93403    4.7017684e+04   4.054279e+05   0.000000e+00   2719s
   93533    4.7018417e+04   7.379924e+05   0.000000e+00   2724s
   93673    4.7018969e+04   3.393208e+05   0.000000e+00   2728s
   93803    4.7019706e+04   4.606459e+05   0.000000e+00   2733s
   93933    4.7020372e+04   2.820257e+06   0.000000e+00   2737s
   94063    4.7021103e+04   1.930494e+05   0.000000e+00   2742s
   94193    4.7021795e+04   3.539533e+06   0.000000e+00   2746s
   94323    4.7022461e+04   1.086240e+06   0.000000e+00   2751s
   94453    4.7023064e+04   8.206238e+05   0.000000e+00   2755s
   94593    4.7023609e+04   3.368360e+06   0.000000e+00   2760s
   94853    4.7024817e+04   2.651621e+06   0.000000e+00   2769s
   94983    4.7025274e+04   6.847040e+05   0.000000e+00   2773s
   95113    4.7025791e+04   3.259790e+06   0.000000e+00   2778s
   95243    4.7026434e+04   5.057246e+05   0.000000e+00   2782s
   95373    4.7027008e+04   2.382157e+05   0.000000e+00   2787s
   95513    4.7027625e+04   2.969548e+05   0.000000e+00   2792s
   95643    4.7028253e+04   3.000350e+06   0.000000e+00   2796s
   95773    4.7028816e+04   1.952733e+05   0.000000e+00   2800s
   96033    4.7030024e+04   6.497260e+05   0.000000e+00   2809s
   96163    4.7030863e+04   3.550398e+05   0.000000e+00   2814s
   96293    4.7031434e+04   6.695599e+06   0.000000e+00   2818s
   96433    4.7031939e+04   5.521663e+05   0.000000e+00   2823s
   96563    4.7032651e+04   7.061028e+05   0.000000e+00   2827s
   96693    4.7033245e+04   7.135917e+05   0.000000e+00   2832s
   96823    4.7033850e+04   3.354127e+06   0.000000e+00   2836s
   96963    4.7034357e+04   3.388605e+06   0.000000e+00   2841s
   97093    4.7034911e+04   5.321907e+05   0.000000e+00   2845s
   97353    4.7035963e+04   3.885115e+05   0.000000e+00   2854s
   97483    4.7036593e+04   4.119384e+06   0.000000e+00   2859s
   97623    4.7037038e+04   1.922698e+05   0.000000e+00   2863s
   97753    4.7037578e+04   1.048312e+06   0.000000e+00   2868s
   97893    4.7038278e+04   1.212135e+07   0.000000e+00   2872s
   98023    4.7038662e+04   2.093867e+06   0.000000e+00   2877s
   98153    4.7039085e+04   1.366912e+06   0.000000e+00   2881s
   98283    4.7039812e+04   2.665761e+05   0.000000e+00   2886s
   98413    4.7040361e+04   5.028537e+05   0.000000e+00   2890s
   98673    4.7041294e+04   5.375737e+06   0.000000e+00   2899s
   98813    4.7041671e+04   2.833464e+05   0.000000e+00   2904s
   98943    4.7042211e+04   1.458238e+06   0.000000e+00   2908s
   99073    4.7042755e+04   6.420317e+07   0.000000e+00   2913s
   99203    4.7042975e+04   4.307031e+06   0.000000e+00   2917s
   99333    4.7043579e+04   3.300200e+06   0.000000e+00   2922s
   99473    4.7043886e+04   4.247994e+05   0.000000e+00   2926s
   99603    4.7044345e+04   4.689730e+06   0.000000e+00   2931s
   99733    4.7044730e+04   1.887018e+05   0.000000e+00   2935s
   99863    4.7045364e+04   4.499161e+05   0.000000e+00   2940s
  100123    4.7046350e+04   2.221716e+06   0.000000e+00   2949s
  100253    4.7046895e+04   3.823557e+06   0.000000e+00   2954s
  100383    4.7047392e+04   3.541885e+06   0.000000e+00   2958s
  100513    4.7047870e+04   1.903763e+06   0.000000e+00   2963s
  100643    4.7048293e+04   4.256803e+05   0.000000e+00   2967s
  100763    4.7048885e+04   5.527045e+05   0.000000e+00   2972s
  100893    4.7049669e+04   1.311636e+06   0.000000e+00   2976s
  101023    4.7050405e+04   8.873588e+05   0.000000e+00   2981s
  101153    4.7050964e+04   9.242848e+05   0.000000e+00   2985s
  101283    4.7051470e+04   3.444265e+05   0.000000e+00   2990s
  101543    4.7052546e+04   4.074608e+06   0.000000e+00   2999s
  101673    4.7053078e+04   2.447386e+06   0.000000e+00   3003s
  101803    4.7053440e+04   3.341104e+05   0.000000e+00   3008s
  101933    4.7054086e+04   3.237562e+06   0.000000e+00   3013s
  102063    4.7054311e+04   4.722602e+06   0.000000e+00   3017s
  102193    4.7054819e+04   1.644918e+06   0.000000e+00   3022s
  102323    4.7055270e+04   5.197332e+05   0.000000e+00   3026s
  102453    4.7055721e+04   2.639637e+06   0.000000e+00   3031s
  102583    4.7056099e+04   3.117758e+07   0.000000e+00   3035s
  102723    4.7056460e+04   1.932275e+06   0.000000e+00   3040s
  102993    4.7057273e+04   2.284461e+06   0.000000e+00   3049s
  103123    4.7057701e+04   3.202415e+05   0.000000e+00   3054s
  103253    4.7057921e+04   8.676104e+05   0.000000e+00   3059s
  103383    4.7058456e+04   3.220354e+05   0.000000e+00   3063s
  103513    4.7058957e+04   1.455491e+06   0.000000e+00   3068s
  103633    4.7059586e+04   6.754249e+05   0.000000e+00   3072s
  103763    4.7060239e+04   3.212787e+05   0.000000e+00   3077s
  103893    4.7060802e+04   3.429373e+05   0.000000e+00   3082s
  104023    4.7061502e+04   1.099948e+06   0.000000e+00   3086s
  104153    4.7062009e+04   3.858114e+05   0.000000e+00   3091s
  104283    4.7062538e+04   8.930550e+06   0.000000e+00   3095s
  104543    4.7063430e+04   6.825290e+05   0.000000e+00   3104s
  104673    4.7063973e+04   1.019120e+06   0.000000e+00   3109s
  104803    4.7064677e+04   3.447730e+05   0.000000e+00   3114s
  104923    4.7065174e+04   4.036344e+06   0.000000e+00   3118s
  105053    4.7065735e+04   1.335400e+06   0.000000e+00   3123s
  105183    4.7066229e+04   2.970334e+07   0.000000e+00   3127s
  105323    4.7066862e+04   8.012411e+05   0.000000e+00   3132s
  105443    4.7067323e+04   4.800598e+05   0.000000e+00   3136s
  105573    4.7067900e+04   1.061083e+06   0.000000e+00   3141s
  105703    4.7068298e+04   2.614919e+06   0.000000e+00   3146s
  105833    4.7068854e+04   2.704605e+05   0.000000e+00   3150s
  106093    4.7070169e+04   1.198947e+06   0.000000e+00   3160s
  106223    4.7070636e+04   2.810506e+05   0.000000e+00   3164s
  106353    4.7071176e+04   4.824933e+05   0.000000e+00   3169s
  106483    4.7071699e+04   5.001365e+05   0.000000e+00   3173s
  106613    4.7072519e+04   4.280419e+06   0.000000e+00   3178s
  106743    4.7073000e+04   1.143535e+06   0.000000e+00   3183s
  106873    4.7073743e+04   5.060436e+05   0.000000e+00   3187s
  107003    4.7074231e+04   3.076756e+06   0.000000e+00   3192s
  107133    4.7074896e+04   5.426354e+05   0.000000e+00   3196s
  107263    4.7075579e+04   3.124275e+05   0.000000e+00   3201s
  107393    4.7076235e+04   2.913043e+05   0.000000e+00   3206s
  107513    4.7076893e+04   6.465833e+05   0.000000e+00   3210s
  107773    4.7077827e+04   7.551681e+05   0.000000e+00   3219s
  107903    4.7078074e+04   3.628322e+05   0.000000e+00   3224s
  108033    4.7078494e+04   4.477017e+05   0.000000e+00   3228s
  108163    4.7078950e+04   6.162325e+05   0.000000e+00   3233s
  108293    4.7079387e+04   3.588214e+06   0.000000e+00   3238s
  108423    4.7079818e+04   2.510929e+06   0.000000e+00   3242s
  108553    4.7080250e+04   6.948971e+05   0.000000e+00   3247s
  108683    4.7080635e+04   5.661649e+05   0.000000e+00   3251s
  108813    4.7081083e+04   8.867408e+05   0.000000e+00   3256s
  108943    4.7081542e+04   1.098398e+08   0.000000e+00   3260s
  109213    4.7082227e+04   4.435102e+05   0.000000e+00   3270s
  109343    4.7082677e+04   1.762163e+06   0.000000e+00   3274s
  109473    4.7083276e+04   1.408966e+05   0.000000e+00   3279s
  109603    4.7083825e+04   7.406802e+06   0.000000e+00   3284s
  109733    4.7084289e+04   1.543239e+06   0.000000e+00   3288s
  109863    4.7084904e+04   3.385875e+05   0.000000e+00   3293s
  109993    4.7085384e+04   4.350596e+05   0.000000e+00   3298s
  110123    4.7085775e+04   7.498877e+05   0.000000e+00   3302s
  110253    4.7086261e+04   2.215677e+05   0.000000e+00   3307s
  110383    4.7086705e+04   1.362309e+06   0.000000e+00   3311s
  110513    4.7087235e+04   2.948340e+06   0.000000e+00   3316s
  110643    4.7087739e+04   2.995913e+06   0.000000e+00   3321s
  110773    4.7088271e+04   3.623111e+05   0.000000e+00   3325s
  110903    4.7088860e+04   2.907754e+05   0.000000e+00   3330s
  111173    4.7089911e+04   2.156567e+05   0.000000e+00   3339s
  111303    4.7090460e+04   5.334208e+05   0.000000e+00   3344s
  111433    4.7090978e+04   1.393999e+06   0.000000e+00   3349s
  111563    4.7091548e+04   7.958168e+05   0.000000e+00   3353s
  111693    4.7092063e+04   2.211654e+07   0.000000e+00   3358s
  111823    4.7092283e+04   5.735509e+05   0.000000e+00   3362s
  111953    4.7092635e+04   1.827518e+07   0.000000e+00   3367s
  112083    4.7092949e+04   6.552285e+05   0.000000e+00   3372s
  112213    4.7093419e+04   3.695183e+05   0.000000e+00   3376s
  112343    4.7093883e+04   7.480682e+05   0.000000e+00   3381s
  112473    4.7094421e+04   8.801405e+05   0.000000e+00   3386s
  112603    4.7094857e+04   2.872430e+06   0.000000e+00   3390s
  112863    4.7095697e+04   1.050478e+06   0.000000e+00   3399s
  112993    4.7096164e+04   3.746419e+05   0.000000e+00   3404s
  113123    4.7096666e+04   2.060857e+06   0.000000e+00   3408s
  113253    4.7097124e+04   9.302877e+05   0.000000e+00   3413s
  113383    4.7097562e+04   1.207492e+06   0.000000e+00   3418s
  113513    4.7097895e+04   4.632137e+05   0.000000e+00   3422s
  113643    4.7098445e+04   4.453917e+06   0.000000e+00   3427s
  113773    4.7098975e+04   5.194639e+06   0.000000e+00   3432s
  113903    4.7099268e+04   1.700022e+05   0.000000e+00   3436s
  114033    4.7099583e+04   8.937920e+06   0.000000e+00   3441s
  114163    4.7099939e+04   6.079195e+05   0.000000e+00   3445s
  114423    4.7100867e+04   2.796003e+06   0.000000e+00   3454s
  114553    4.7101448e+04   2.528224e+05   0.000000e+00   3459s
  114683    4.7102007e+04   2.769976e+05   0.000000e+00   3464s
  114813    4.7102490e+04   8.768980e+05   0.000000e+00   3468s
  114943    4.7102834e+04   1.519422e+06   0.000000e+00   3473s
  115073    4.7103476e+04   4.024695e+05   0.000000e+00   3477s
  115203    4.7104056e+04   9.187939e+05   0.000000e+00   3482s
  115333    4.7104545e+04   4.142318e+05   0.000000e+00   3487s
  115463    4.7104905e+04   3.395197e+06   0.000000e+00   3491s
  115593    4.7105301e+04   4.020690e+05   0.000000e+00   3496s
  115713    4.7105784e+04   1.488196e+06   0.000000e+00   3500s
  115963    4.7106826e+04   8.052307e+05   0.000000e+00   3509s
  116093    4.7107472e+04   3.603141e+05   0.000000e+00   3514s
  116223    4.7107947e+04   1.579406e+06   0.000000e+00   3519s
  116353    4.7108488e+04   9.263286e+05   0.000000e+00   3523s
  116483    4.7108956e+04   3.152730e+05   0.000000e+00   3528s
  116613    4.7109391e+04   3.694122e+06   0.000000e+00   3533s
  116743    4.7109875e+04   1.187788e+06   0.000000e+00   3537s
  116873    4.7110416e+04   6.859328e+05   0.000000e+00   3542s
  117013    4.7110995e+04   3.946564e+05   0.000000e+00   3546s
  117143    4.7111460e+04   4.415540e+05   0.000000e+00   3551s
  117273    4.7111848e+04   6.945196e+05   0.000000e+00   3556s
  117403    4.7112363e+04   7.708766e+05   0.000000e+00   3560s
  117663    4.7113283e+04   8.721050e+05   0.000000e+00   3569s
  117793    4.7113810e+04   1.222543e+07   0.000000e+00   3574s
  117923    4.7114086e+04   4.745194e+06   0.000000e+00   3579s
  118053    4.7114357e+04   3.404191e+06   0.000000e+00   3583s
  118183    4.7114688e+04   6.671446e+05   0.000000e+00   3588s
  118313    4.7115203e+04   3.838464e+05   0.000000e+00   3592s
  118443    4.7115571e+04   4.876861e+05   0.000000e+00   3597s
  118573    4.7115960e+04   5.106238e+05   0.000000e+00   3602s
  118703    4.7116425e+04   3.432276e+05   0.000000e+00   3606s
  118833    4.7116830e+04   4.111734e+05   0.000000e+00   3611s
  118963    4.7117257e+04   5.248441e+06   0.000000e+00   3616s
  119093    4.7117639e+04   1.515861e+05   0.000000e+00   3620s
  119353    4.7118630e+04   1.042179e+06   0.000000e+00   3630s
  119483    4.7119145e+04   9.868289e+05   0.000000e+00   3634s
  119613    4.7119685e+04   2.170678e+05   0.000000e+00   3639s
  119743    4.7120316e+04   7.685975e+05   0.000000e+00   3644s
  119873    4.7120786e+04   6.767192e+05   0.000000e+00   3648s
  120003    4.7121243e+04   1.482348e+05   0.000000e+00   3653s
  120123    4.7121776e+04   1.510283e+06   0.000000e+00   3657s
  120253    4.7122108e+04   1.241569e+06   0.000000e+00   3662s
  120383    4.7122590e+04   3.142568e+05   0.000000e+00   3667s
  120513    4.7122990e+04   1.198046e+06   0.000000e+00   3671s
  120643    4.7123556e+04   2.538695e+05   0.000000e+00   3676s
  120773    4.7124095e+04   2.781455e+06   0.000000e+00   3681s
  120903    4.7124652e+04   2.705088e+05   0.000000e+00   3685s
  121163    4.7125707e+04   1.381179e+05   0.000000e+00   3694s
  121293    4.7126113e+04   1.670763e+06   0.000000e+00   3699s
  121423    4.7126534e+04   1.218557e+06   0.000000e+00   3704s
  121553    4.7126814e+04   2.957277e+05   0.000000e+00   3708s
  121683    4.7127120e+04   6.568400e+05   0.000000e+00   3713s
  121813    4.7127415e+04   1.201468e+06   0.000000e+00   3717s
  121943    4.7127758e+04   9.725821e+05   0.000000e+00   3722s
  122073    4.7128085e+04   2.286855e+06   0.000000e+00   3726s
  122203    4.7128633e+04   9.812177e+05   0.000000e+00   3731s
  122333    4.7129047e+04   1.586679e+05   0.000000e+00   3736s
  122453    4.7129563e+04   6.432682e+05   0.000000e+00   3740s
  122713    4.7130666e+04   1.951968e+06   0.000000e+00   3749s
  122843    4.7131310e+04   1.409961e+06   0.000000e+00   3754s
  122973    4.7131825e+04   2.189707e+06   0.000000e+00   3758s
  123103    4.7132247e+04   3.082455e+06   0.000000e+00   3763s
  123243    4.7132499e+04   3.060297e+05   0.000000e+00   3768s
  123373    4.7132936e+04   1.708033e+05   0.000000e+00   3772s
  123503    4.7133169e+04   7.341907e+06   0.000000e+00   3777s
  123633    4.7133658e+04   3.215540e+05   0.000000e+00   3781s
  123763    4.7134073e+04   3.579283e+05   0.000000e+00   3786s
  123893    4.7134572e+04   2.980813e+05   0.000000e+00   3791s
  124023    4.7134908e+04   8.436933e+05   0.000000e+00   3795s
  124283    4.7135627e+04   9.361204e+05   0.000000e+00   3805s
  124413    4.7135998e+04   4.959255e+05   0.000000e+00   3809s
  124543    4.7136514e+04   7.398666e+05   0.000000e+00   3814s
  124673    4.7136799e+04   1.765706e+05   0.000000e+00   3818s
  124793    4.7137363e+04   5.816547e+05   0.000000e+00   3823s
  124923    4.7137684e+04   8.465596e+05   0.000000e+00   3827s
  125053    4.7138038e+04   3.829600e+05   0.000000e+00   3832s
  125183    4.7138397e+04   6.296793e+05   0.000000e+00   3836s
  125313    4.7138685e+04   2.071390e+05   0.000000e+00   3841s
  125443    4.7139090e+04   3.490919e+06   0.000000e+00   3846s
  125563    4.7139506e+04   2.221866e+05   0.000000e+00   3850s
  125833    4.7139911e+04   1.385422e+06   0.000000e+00   3859s
  125963    4.7140390e+04   2.433081e+05   0.000000e+00   3864s
  126093    4.7140813e+04   1.279457e+06   0.000000e+00   3869s
  126223    4.7141143e+04   6.879875e+05   0.000000e+00   3873s
  126353    4.7141487e+04   3.693732e+06   0.000000e+00   3878s
  126483    4.7141821e+04   2.500515e+05   0.000000e+00   3883s
  126613    4.7142170e+04   2.313799e+06   0.000000e+00   3887s
  126743    4.7142581e+04   3.868748e+05   0.000000e+00   3892s
  126873    4.7142965e+04   7.494902e+05   0.000000e+00   3896s
  127003    4.7143281e+04   2.809251e+05   0.000000e+00   3901s
  127133    4.7143528e+04   1.516307e+06   0.000000e+00   3905s
  127263    4.7143825e+04   5.154280e+06   0.000000e+00   3910s
  127523    4.7144832e+04   5.026862e+05   0.000000e+00   3919s
  127653    4.7145128e+04   2.039059e+05   0.000000e+00   3924s
  127773    4.7145476e+04   2.247454e+05   0.000000e+00   3928s
  127893    4.7145838e+04   5.907377e+05   0.000000e+00   3933s
  128013    4.7146216e+04   5.465544e+06   0.000000e+00   3937s
  128143    4.7146411e+04   2.542093e+05   0.000000e+00   3942s
  128273    4.7146728e+04   2.620082e+05   0.000000e+00   3946s
  128403    4.7146904e+04   2.997786e+05   0.000000e+00   3951s
  128533    4.7147233e+04   2.548337e+05   0.000000e+00   3955s
  128663    4.7147467e+04   1.187401e+06   0.000000e+00   3960s
  128923    4.7148447e+04   1.983254e+06   0.000000e+00   3969s
  129053    4.7148905e+04   1.911626e+05   0.000000e+00   3974s
  129183    4.7149358e+04   4.261944e+05   0.000000e+00   3979s
  129313    4.7149607e+04   2.985408e+05   0.000000e+00   3983s
  129443    4.7149976e+04   5.328582e+06   0.000000e+00   3988s
  129573    4.7150263e+04   1.568345e+06   0.000000e+00   3993s
  129703    4.7150658e+04   4.577927e+05   0.000000e+00   3997s
  129833    4.7151074e+04   3.811695e+05   0.000000e+00   4002s
  129963    4.7151529e+04   7.876039e+05   0.000000e+00   4007s
  130093    4.7151909e+04   6.753064e+06   0.000000e+00   4011s
  130223    4.7152225e+04   1.435223e+06   0.000000e+00   4016s
  130353    4.7152663e+04   1.802267e+06   0.000000e+00   4020s
  130613    4.7153390e+04   5.986533e+06   0.000000e+00   4030s
  130743    4.7153652e+04   2.217768e+05   0.000000e+00   4034s
  130873    4.7153987e+04   6.211375e+05   0.000000e+00   4039s
  131003    4.7154178e+04   3.295714e+06   0.000000e+00   4043s
  131133    4.7154544e+04   2.046553e+05   0.000000e+00   4048s
  131263    4.7155020e+04   1.013234e+06   0.000000e+00   4053s
  131393    4.7155521e+04   3.027899e+05   0.000000e+00   4057s
  131523    4.7156009e+04   5.482996e+05   0.000000e+00   4062s
  131653    4.7156484e+04   3.116290e+05   0.000000e+00   4066s
  131773    4.7156856e+04   6.938448e+05   0.000000e+00   4071s
  131903    4.7157176e+04   4.704068e+05   0.000000e+00   4075s
  132163    4.7158086e+04   3.902986e+06   0.000000e+00   4084s
  132293    4.7158479e+04   1.322730e+06   0.000000e+00   4089s
  132423    4.7158824e+04   8.181265e+06   0.000000e+00   4093s
  132553    4.7159051e+04   1.330409e+06   0.000000e+00   4098s
  132683    4.7159528e+04   8.441128e+05   0.000000e+00   4102s
  132813    4.7159843e+04   7.326450e+05   0.000000e+00   4107s
  132933    4.7160256e+04   3.535537e+05   0.000000e+00   4111s
  133063    4.7160638e+04   2.091726e+06   0.000000e+00   4116s
  133193    4.7161067e+04   2.366881e+05   0.000000e+00   4120s
  133323    4.7161590e+04   3.372106e+05   0.000000e+00   4125s
  133573    4.7162600e+04   1.780024e+06   0.000000e+00   4134s
  133703    4.7162957e+04   5.884850e+05   0.000000e+00   4138s
  133823    4.7163311e+04   5.511489e+06   0.000000e+00   4143s
  133953    4.7163534e+04   6.941506e+05   0.000000e+00   4147s
  134083    4.7164021e+04   3.601987e+06   0.000000e+00   4152s
  134213    4.7164448e+04   2.196305e+05   0.000000e+00   4156s
  134333    4.7164761e+04   6.210346e+05   0.000000e+00   4161s
  134463    4.7165004e+04   1.073945e+07   0.000000e+00   4165s
  134723    4.7165375e+04   1.984965e+06   0.000000e+00   4174s
  134853    4.7165691e+04   1.596539e+05   0.000000e+00   4179s
  134983    4.7165990e+04   4.952691e+05   0.000000e+00   4183s
  135113    4.7166438e+04   1.611135e+06   0.000000e+00   4188s
  135243    4.7166822e+04   6.891043e+05   0.000000e+00   4192s
  135373    4.7167213e+04   2.623209e+05   0.000000e+00   4197s
  135503    4.7167615e+04   2.458087e+06   0.000000e+00   4202s
  135633    4.7167860e+04   3.941797e+05   0.000000e+00   4206s
  135763    4.7168152e+04   6.262291e+05   0.000000e+00   4211s
  135893    4.7168465e+04   4.206229e+05   0.000000e+00   4215s
  136153    4.7169095e+04   2.783551e+05   0.000000e+00   4224s
  136283    4.7169534e+04   4.876754e+05   0.000000e+00   4229s
  136413    4.7169999e+04   7.366725e+05   0.000000e+00   4234s
  136543    4.7170368e+04   6.327245e+05   0.000000e+00   4238s
  136673    4.7170691e+04   2.444062e+06   0.000000e+00   4243s
  136803    4.7170968e+04   1.715633e+05   0.000000e+00   4247s
  136923    4.7171315e+04   3.813873e+05   0.000000e+00   4252s
  137053    4.7171700e+04   1.813785e+05   0.000000e+00   4256s
  137183    4.7172090e+04   4.979791e+05   0.000000e+00   4261s
  137313    4.7172418e+04   4.039267e+06   0.000000e+00   4265s
  137443    4.7172804e+04   2.777041e+05   0.000000e+00   4270s
  137693    4.7173613e+04   2.187534e+05   0.000000e+00   4279s
  137823    4.7174029e+04   2.916028e+05   0.000000e+00   4284s
  137953    4.7174456e+04   1.463837e+05   0.000000e+00   4288s
  138073    4.7174772e+04   1.802318e+06   0.000000e+00   4293s
  138203    4.7174944e+04   2.549205e+05   0.000000e+00   4297s
  138323    4.7175275e+04   3.014663e+05   0.000000e+00   4301s
  138453    4.7175710e+04   2.670578e+05   0.000000e+00   4306s
  138583    4.7175985e+04   1.030926e+06   0.000000e+00   4311s
  138713    4.7176342e+04   7.793293e+05   0.000000e+00   4315s
  138963    4.7177078e+04   7.942141e+05   0.000000e+00   4324s
  139093    4.7177512e+04   3.994511e+05   0.000000e+00   4329s
  139223    4.7177842e+04   2.136750e+06   0.000000e+00   4333s
  139363    4.7178174e+04   1.275389e+05   0.000000e+00   4338s
  139483    4.7178567e+04   7.831566e+05   0.000000e+00   4342s
  139613    4.7178874e+04   3.255676e+06   0.000000e+00   4347s
  139743    4.7179202e+04   1.480374e+05   0.000000e+00   4351s
  139873    4.7179493e+04   2.009573e+06   0.000000e+00   4356s
  140003    4.7179826e+04   1.238428e+05   0.000000e+00   4360s
  140263    4.7180575e+04   1.005282e+06   0.000000e+00   4369s
  140393    4.7180895e+04   1.840127e+05   0.000000e+00   4374s
  140523    4.7181228e+04   6.066328e+05   0.000000e+00   4379s
  140653    4.7181702e+04   3.801027e+05   0.000000e+00   4383s
  140783    4.7181994e+04   7.614907e+05   0.000000e+00   4388s
  140913    4.7182416e+04   1.147958e+06   0.000000e+00   4392s
  141043    4.7182775e+04   4.450096e+05   0.000000e+00   4397s
  141173    4.7183211e+04   6.960566e+05   0.000000e+00   4401s
  141303    4.7183537e+04   1.286507e+06   0.000000e+00   4406s
  141433    4.7183740e+04   2.663992e+05   0.000000e+00   4410s
  141693    4.7184463e+04   1.800024e+05   0.000000e+00   4419s
  141823    4.7184852e+04   1.729261e+06   0.000000e+00   4424s
  141963    4.7185157e+04   7.653531e+05   0.000000e+00   4429s
  142093    4.7185606e+04   1.358758e+05   0.000000e+00   4433s
  142223    4.7185998e+04   1.525555e+05   0.000000e+00   4438s
  142353    4.7186382e+04   4.203144e+05   0.000000e+00   4442s
  142483    4.7186850e+04   1.212331e+06   0.000000e+00   4447s
  142613    4.7187187e+04   5.091886e+05   0.000000e+00   4451s
  142743    4.7187501e+04   7.039097e+04   0.000000e+00   4456s
  142883    4.7187747e+04   1.658784e+05   0.000000e+00   4460s
  143133    4.7188377e+04   1.747662e+07   0.000000e+00   4469s
  143263    4.7188656e+04   1.127199e+06   0.000000e+00   4474s
  143393    4.7189056e+04   2.927893e+06   0.000000e+00   4478s
  143523    4.7189495e+04   1.627218e+05   0.000000e+00   4483s
  143653    4.7189860e+04   1.427506e+05   0.000000e+00   4487s
  143783    4.7190196e+04   2.097477e+05   0.000000e+00   4492s
  143913    4.7190561e+04   1.079894e+05   0.000000e+00   4496s
  144043    4.7190841e+04   5.895505e+05   0.000000e+00   4501s
  144173    4.7191149e+04   2.993367e+05   0.000000e+00   4505s
  144433    4.7191720e+04   1.098929e+06   0.000000e+00   4514s
  144563    4.7191997e+04   1.007175e+07   0.000000e+00   4519s
  144703    4.7192104e+04   4.146880e+05   0.000000e+00   4523s
  144833    4.7192368e+04   1.454851e+05   0.000000e+00   4528s
  144963    4.7192708e+04   1.694176e+05   0.000000e+00   4532s
  145083    4.7193011e+04   8.877450e+05   0.000000e+00   4537s
  145213    4.7193288e+04   1.274940e+06   0.000000e+00   4541s
  145343    4.7193572e+04   2.595661e+05   0.000000e+00   4546s
  145463    4.7193873e+04   2.316995e+06   0.000000e+00   4550s
  145723    4.7194605e+04   3.448275e+05   0.000000e+00   4559s
  145853    4.7194858e+04   1.113723e+05   0.000000e+00   4564s
  145983    4.7195084e+04   1.068490e+06   0.000000e+00   4568s
  146113    4.7195246e+04   9.441791e+05   0.000000e+00   4573s
  146243    4.7195566e+04   1.211250e+05   0.000000e+00   4577s
  146373    4.7195850e+04   1.133363e+05   0.000000e+00   4582s
  146503    4.7196096e+04   3.631153e+05   0.000000e+00   4586s
  146633    4.7196221e+04   2.491875e+05   0.000000e+00   4590s
  146893    4.7196759e+04   8.539529e+05   0.000000e+00   4599s
  147023    4.7197029e+04   3.246338e+05   0.000000e+00   4604s
  147153    4.7197254e+04   5.422423e+05   0.000000e+00   4608s
  147283    4.7197470e+04   5.783920e+05   0.000000e+00   4613s
  147403    4.7197786e+04   1.631178e+05   0.000000e+00   4617s
  147533    4.7198062e+04   9.607879e+04   0.000000e+00   4621s
  147663    4.7198381e+04   7.409991e+05   0.000000e+00   4626s
  147793    4.7198640e+04   5.134183e+05   0.000000e+00   4630s
  148043    4.7199251e+04   1.377351e+06   0.000000e+00   4639s
  148173    4.7199616e+04   5.006038e+05   0.000000e+00   4644s
  148303    4.7199876e+04   2.336765e+06   0.000000e+00   4648s
  148433    4.7200189e+04   4.353883e+05   0.000000e+00   4653s
  148553    4.7200476e+04   2.164704e+06   0.000000e+00   4657s
  148683    4.7200650e+04   1.097105e+05   0.000000e+00   4661s
  148813    4.7200927e+04   1.611178e+06   0.000000e+00   4666s
  148953    4.7201134e+04   4.208814e+05   0.000000e+00   4671s
  149083    4.7201378e+04   4.562669e+05   0.000000e+00   4675s
  149353    4.7201752e+04   7.900210e+05   0.000000e+00   4684s
  149483    4.7202077e+04   1.252199e+06   0.000000e+00   4689s
  149613    4.7202341e+04   3.262033e+05   0.000000e+00   4693s
  149743    4.7202617e+04   5.293177e+05   0.000000e+00   4698s
  149873    4.7202902e+04   1.447349e+05   0.000000e+00   4702s
  150003    4.7203183e+04   3.290964e+05   0.000000e+00   4707s
  150133    4.7203434e+04   7.790448e+05   0.000000e+00   4711s
  150263    4.7203676e+04   2.152934e+05   0.000000e+00   4716s
  150523    4.7204220e+04   3.964198e+05   0.000000e+00   4724s
  150653    4.7204525e+04   4.323643e+05   0.000000e+00   4729s
  150783    4.7204797e+04   2.476705e+05   0.000000e+00   4733s
  150903    4.7205127e+04   6.840470e+05   0.000000e+00   4738s
  151033    4.7205338e+04   3.517392e+05   0.000000e+00   4742s
  151163    4.7205645e+04   7.682300e+05   0.000000e+00   4746s
  151293    4.7205938e+04   1.080909e+06   0.000000e+00   4751s
  151423    4.7206239e+04   7.142231e+05   0.000000e+00   4755s
  151683    4.7206836e+04   3.258994e+05   0.000000e+00   4764s
  151803    4.7207129e+04   4.475764e+05   0.000000e+00   4769s
  151933    4.7207469e+04   2.907796e+05   0.000000e+00   4773s
  152063    4.7207794e+04   6.060220e+05   0.000000e+00   4778s
  152193    4.7208063e+04   7.269091e+05   0.000000e+00   4782s
  152323    4.7208319e+04   2.213172e+05   0.000000e+00   4787s
  152463    4.7208539e+04   3.908502e+05   0.000000e+00   4791s
  152603    4.7208746e+04   1.223269e+06   0.000000e+00   4796s
  152733    4.7209004e+04   8.275710e+05   0.000000e+00   4800s
  152993    4.7209584e+04   4.510214e+05   0.000000e+00   4809s
  153123    4.7209969e+04   1.304799e+05   0.000000e+00   4814s
  153253    4.7210291e+04   1.150023e+06   0.000000e+00   4818s
  153383    4.7210533e+04   3.735829e+05   0.000000e+00   4823s
  153513    4.7210800e+04   2.503838e+05   0.000000e+00   4827s
  153643    4.7211181e+04   5.611386e+05   0.000000e+00   4832s
  153773    4.7211475e+04   4.155295e+06   0.000000e+00   4836s
  153903    4.7211738e+04   2.000083e+06   0.000000e+00   4841s
  154033    4.7211964e+04   2.727799e+05   0.000000e+00   4845s
  154293    4.7212469e+04   2.493387e+05   0.000000e+00   4854s
  154423    4.7212732e+04   5.495444e+05   0.000000e+00   4859s
  154553    4.7212921e+04   6.925875e+05   0.000000e+00   4863s
  154683    4.7213255e+04   8.924508e+04   0.000000e+00   4867s
  154813    4.7213518e+04   2.616421e+05   0.000000e+00   4872s
  154943    4.7213765e+04   3.045696e+05   0.000000e+00   4876s
  155073    4.7213954e+04   4.417906e+05   0.000000e+00   4881s
  155333    4.7214378e+04   1.717379e+05   0.000000e+00   4889s
  155463    4.7214573e+04   5.200682e+05   0.000000e+00   4894s
  155593    4.7214884e+04   3.172264e+05   0.000000e+00   4898s
  155723    4.7215118e+04   1.164722e+06   0.000000e+00   4903s
  155853    4.7215374e+04   1.290616e+05   0.000000e+00   4907s
  155983    4.7215625e+04   1.316280e+06   0.000000e+00   4912s
  156123    4.7215804e+04   1.654655e+06   0.000000e+00   4916s
  156253    4.7216008e+04   2.387141e+07   0.000000e+00   4921s
  156383    4.7216163e+04   2.145056e+05   0.000000e+00   4925s
  156633    4.7216589e+04   6.234628e+05   0.000000e+00   4934s
  156763    4.7216875e+04   2.405253e+05   0.000000e+00   4938s
  156893    4.7217139e+04   1.838174e+05   0.000000e+00   4943s
  157023    4.7217414e+04   2.277233e+05   0.000000e+00   4947s
  157153    4.7217709e+04   1.017429e+06   0.000000e+00   4952s
  157283    4.7217963e+04   2.002862e+05   0.000000e+00   4956s
  157413    4.7218205e+04   4.077683e+05   0.000000e+00   4961s
  157543    4.7218520e+04   9.390500e+05   0.000000e+00   4965s
  157813    4.7218985e+04   2.915444e+05   0.000000e+00   4974s
  157943    4.7219180e+04   1.327796e+05   0.000000e+00   4979s
  158073    4.7219345e+04   4.349296e+06   0.000000e+00   4983s
  158203    4.7219501e+04   1.249509e+05   0.000000e+00   4988s
  158333    4.7219676e+04   6.609112e+05   0.000000e+00   4992s
  158463    4.7219916e+04   2.302979e+05   0.000000e+00   4997s
  158593    4.7220194e+04   1.238967e+06   0.000000e+00   5001s
  158723    4.7220429e+04   1.803874e+05   0.000000e+00   5006s
  158853    4.7220657e+04   4.198532e+05   0.000000e+00   5010s
  159113    4.7221167e+04   1.099177e+05   0.000000e+00   5019s
  159243    4.7221353e+04   3.536199e+05   0.000000e+00   5023s
  159373    4.7221579e+04   1.091836e+05   0.000000e+00   5028s
  159503    4.7221837e+04   1.604713e+05   0.000000e+00   5032s
  159633    4.7222152e+04   3.202121e+05   0.000000e+00   5037s
  159763    4.7222404e+04   2.883301e+05   0.000000e+00   5041s
  159893    4.7222635e+04   8.303110e+05   0.000000e+00   5046s
  160023    4.7222914e+04   2.562353e+05   0.000000e+00   5050s
  160283    4.7223386e+04   9.853056e+04   0.000000e+00   5059s
  160413    4.7223682e+04   1.350357e+06   0.000000e+00   5064s
  160543    4.7223915e+04   2.488623e+05   0.000000e+00   5068s
  160673    4.7224222e+04   2.020437e+05   0.000000e+00   5073s
  160803    4.7224511e+04   7.752579e+04   0.000000e+00   5077s
  160933    4.7224773e+04   1.371107e+05   0.000000e+00   5081s
  161063    4.7224885e+04   1.262548e+07   0.000000e+00   5086s
  161193    4.7225090e+04   8.904889e+05   0.000000e+00   5090s
  161453    4.7225589e+04   2.682076e+05   0.000000e+00   5099s
  161583    4.7225854e+04   4.447036e+05   0.000000e+00   5104s
  161713    4.7226055e+04   4.948809e+05   0.000000e+00   5108s
  161833    4.7226296e+04   1.493490e+06   0.000000e+00   5112s
  161963    4.7226488e+04   2.492556e+05   0.000000e+00   5117s
  162093    4.7226671e+04   2.191449e+05   0.000000e+00   5121s
  162223    4.7226857e+04   2.433456e+06   0.000000e+00   5126s
  162353    4.7227069e+04   3.585318e+05   0.000000e+00   5130s
  162613    4.7227627e+04   3.568575e+05   0.000000e+00   5139s
  162743    4.7227868e+04   2.270719e+05   0.000000e+00   5144s
  162873    4.7228042e+04   1.720673e+06   0.000000e+00   5148s
  163003    4.7228224e+04   1.354248e+05   0.000000e+00   5152s
  163133    4.7228467e+04   1.079314e+05   0.000000e+00   5157s
  163263    4.7228677e+04   7.450048e+05   0.000000e+00   5161s
  163403    4.7228832e+04   2.346510e+05   0.000000e+00   5166s
  163533    4.7229072e+04   9.212798e+04   0.000000e+00   5170s
  163803    4.7229413e+04   5.931351e+05   0.000000e+00   5179s
  163933    4.7229581e+04   1.321194e+05   0.000000e+00   5184s
  164063    4.7229732e+04   9.055584e+05   0.000000e+00   5188s
  164193    4.7229985e+04   1.750751e+05   0.000000e+00   5193s
  164323    4.7230234e+04   3.642175e+05   0.000000e+00   5197s
  164453    4.7230491e+04   4.345047e+05   0.000000e+00   5202s
  164573    4.7230761e+04   1.691800e+05   0.000000e+00   5206s
  164703    4.7230958e+04   1.092407e+05   0.000000e+00   5211s
  164833    4.7231123e+04   3.736430e+06   0.000000e+00   5215s
  165093    4.7231564e+04   2.050015e+05   0.000000e+00   5224s
  165223    4.7231782e+04   2.281159e+05   0.000000e+00   5228s
  165353    4.7232066e+04   2.126969e+05   0.000000e+00   5233s
  165483    4.7232334e+04   2.020150e+05   0.000000e+00   5237s
  165613    4.7232589e+04   2.552049e+05   0.000000e+00   5242s
  165743    4.7232805e+04   6.649828e+05   0.000000e+00   5246s
  165873    4.7233050e+04   1.229120e+05   0.000000e+00   5251s
  166003    4.7233233e+04   1.160759e+05   0.000000e+00   5255s
  166263    4.7233622e+04   7.392284e+04   0.000000e+00   5264s
  166393    4.7233813e+04   8.680590e+04   0.000000e+00   5269s
  166523    4.7233950e+04   1.058335e+06   0.000000e+00   5273s
  166663    4.7234064e+04   5.278586e+05   0.000000e+00   5278s
  166793    4.7234240e+04   5.984739e+04   0.000000e+00   5282s
  166923    4.7234399e+04   7.878101e+05   0.000000e+00   5287s
  167053    4.7234569e+04   2.917074e+05   0.000000e+00   5291s
  167183    4.7234774e+04   2.457351e+06   0.000000e+00   5295s
  167443    4.7235167e+04   7.311303e+04   0.000000e+00   5304s
  167573    4.7235323e+04   1.612133e+05   0.000000e+00   5309s
  167703    4.7235542e+04   6.255236e+05   0.000000e+00   5313s
  167833    4.7235688e+04   2.548239e+06   0.000000e+00   5317s
  167963    4.7235861e+04   4.946259e+05   0.000000e+00   5322s
  168093    4.7236051e+04   2.870797e+05   0.000000e+00   5326s
  168223    4.7236325e+04   1.981153e+05   0.000000e+00   5331s
  168353    4.7236592e+04   1.320710e+05   0.000000e+00   5335s
  168603    4.7237017e+04   2.680155e+06   0.000000e+00   5344s
  168733    4.7237226e+04   1.005680e+05   0.000000e+00   5348s
  168853    4.7237449e+04   9.238153e+05   0.000000e+00   5352s
  168983    4.7237628e+04   1.994803e+05   0.000000e+00   5357s
  169113    4.7237808e+04   1.118401e+05   0.000000e+00   5361s
  169243    4.7237955e+04   3.239501e+06   0.000000e+00   5365s
  169503    4.7238204e+04   1.990488e+06   0.000000e+00   5374s
  169643    4.7238254e+04   9.905216e+05   0.000000e+00   5378s
  169773    4.7238382e+04   9.970807e+04   0.000000e+00   5383s
  169903    4.7238516e+04   3.359502e+05   0.000000e+00   5387s
  170033    4.7238743e+04   2.382745e+05   0.000000e+00   5392s
  170163    4.7238971e+04   7.681004e+05   0.000000e+00   5396s
  170293    4.7239185e+04   5.722218e+05   0.000000e+00   5401s
  170423    4.7239331e+04   6.523644e+05   0.000000e+00   5405s
  170683    4.7239722e+04   3.486498e+05   0.000000e+00   5414s
  170813    4.7239856e+04   1.101408e+05   0.000000e+00   5418s
  170933    4.7240019e+04   1.234006e+05   0.000000e+00   5423s
  171063    4.7240195e+04   1.655090e+05   0.000000e+00   5427s
  171193    4.7240388e+04   1.135183e+05   0.000000e+00   5432s
  171323    4.7240555e+04   1.486268e+05   0.000000e+00   5436s
  171443    4.7240719e+04   3.130320e+05   0.000000e+00   5440s
  171703    4.7241085e+04   1.187978e+06   0.000000e+00   5449s
  171833    4.7241233e+04   1.445467e+06   0.000000e+00   5454s
  171963    4.7241343e+04   1.048817e+05   0.000000e+00   5458s
  172093    4.7241460e+04   1.035544e+05   0.000000e+00   5462s
  172223    4.7241559e+04   2.105775e+05   0.000000e+00   5467s
  172343    4.7241694e+04   3.215376e+05   0.000000e+00   5471s
  172473    4.7241851e+04   8.076221e+04   0.000000e+00   5476s
  172733    4.7242129e+04   2.796101e+06   0.000000e+00   5484s
  172863    4.7242262e+04   1.139794e+05   0.000000e+00   5489s
  172993    4.7242426e+04   6.912025e+05   0.000000e+00   5493s
  173123    4.7242559e+04   3.828028e+05   0.000000e+00   5498s
  173253    4.7242709e+04   2.140134e+06   0.000000e+00   5502s
  173383    4.7242806e+04   2.347056e+05   0.000000e+00   5507s
  173513    4.7242966e+04   2.244603e+06   0.000000e+00   5511s
  173643    4.7243096e+04   1.823461e+05   0.000000e+00   5516s
  173773    4.7243272e+04   3.727917e+05   0.000000e+00   5520s
  174033    4.7243530e+04   1.111765e+05   0.000000e+00   5529s
  174163    4.7243648e+04   1.371122e+06   0.000000e+00   5534s
  174293    4.7243723e+04   5.697035e+04   0.000000e+00   5538s
  174423    4.7243842e+04   1.384576e+05   0.000000e+00   5542s
  174553    4.7244011e+04   5.397070e+05   0.000000e+00   5547s
  174683    4.7244156e+04   1.050089e+05   0.000000e+00   5551s
  174813    4.7244334e+04   1.870183e+05   0.000000e+00   5556s
  174933    4.7244511e+04   1.337364e+06   0.000000e+00   5560s
  175193    4.7244738e+04   1.217769e+05   0.000000e+00   5569s
  175313    4.7244862e+04   5.911880e+05   0.000000e+00   5573s
  175443    4.7244970e+04   1.814826e+05   0.000000e+00   5578s
  175573    4.7245090e+04   1.332559e+05   0.000000e+00   5582s
  175703    4.7245189e+04   4.736503e+05   0.000000e+00   5587s
  175833    4.7245302e+04   1.041984e+05   0.000000e+00   5591s
  175963    4.7245425e+04   1.075066e+05   0.000000e+00   5596s
  176093    4.7245551e+04   1.987287e+05   0.000000e+00   5600s
  176353    4.7245847e+04   1.606538e+05   0.000000e+00   5609s
  176483    4.7245991e+04   1.823142e+06   0.000000e+00   5614s
  176613    4.7246098e+04   5.415120e+04   0.000000e+00   5618s
  176733    4.7246225e+04   4.737533e+05   0.000000e+00   5622s
  176863    4.7246323e+04   1.020282e+05   0.000000e+00   5627s
  176993    4.7246443e+04   1.334062e+05   0.000000e+00   5631s
  177123    4.7246574e+04   9.501021e+04   0.000000e+00   5636s
  177253    4.7246716e+04   8.106034e+05   0.000000e+00   5640s
  177513    4.7246937e+04   9.262575e+04   0.000000e+00   5649s
  177643    4.7247079e+04   2.110712e+05   0.000000e+00   5654s
  177773    4.7247210e+04   5.222677e+04   0.000000e+00   5658s
  177903    4.7247315e+04   3.255747e+05   0.000000e+00   5663s
  178033    4.7247378e+04   1.906859e+05   0.000000e+00   5667s
  178163    4.7247460e+04   9.052231e+05   0.000000e+00   5672s
  178293    4.7247549e+04   1.587712e+05   0.000000e+00   5676s
  178423    4.7247650e+04   9.183250e+04   0.000000e+00   5681s
  178673    4.7247955e+04   2.346816e+05   0.000000e+00   5689s
  178803    4.7248123e+04   1.023765e+06   0.000000e+00   5694s
  178933    4.7248198e+04   8.161575e+05   0.000000e+00   5698s
  179063    4.7248281e+04   3.217614e+05   0.000000e+00   5703s
  179193    4.7248360e+04   1.228881e+05   0.000000e+00   5707s
  179323    4.7248490e+04   5.290050e+05   0.000000e+00   5712s
  179453    4.7248602e+04   4.519314e+04   0.000000e+00   5716s
  179583    4.7248725e+04   1.463382e+05   0.000000e+00   5721s
  179713    4.7248858e+04   8.598152e+04   0.000000e+00   5725s
  179963    4.7249082e+04   2.424627e+05   0.000000e+00   5734s
  180093    4.7249157e+04   7.177756e+04   0.000000e+00   5739s
  180223    4.7249241e+04   3.799280e+06   0.000000e+00   5743s
  180353    4.7249364e+04   4.374055e+05   0.000000e+00   5748s
  180483    4.7249487e+04   3.849789e+05   0.000000e+00   5752s
  180613    4.7249585e+04   1.653150e+05   0.000000e+00   5757s
  180733    4.7249705e+04   3.234725e+05   0.000000e+00   5761s
  180863    4.7249778e+04   3.499130e+05   0.000000e+00   5766s
  180993    4.7249903e+04   7.795941e+05   0.000000e+00   5770s
  181253    4.7250106e+04   3.391860e+05   0.000000e+00   5780s
  181383    4.7250221e+04   2.185085e+05   0.000000e+00   5784s
  181513    4.7250314e+04   8.445698e+04   0.000000e+00   5789s
  181633    4.7250442e+04   5.561498e+05   0.000000e+00   5793s
  181763    4.7250564e+04   9.601747e+04   0.000000e+00   5797s
  181883    4.7250678e+04   2.421752e+06   0.000000e+00   5802s
  182013    4.7250743e+04   1.716057e+05   0.000000e+00   5806s
  182133    4.7250835e+04   6.892128e+05   0.000000e+00   5810s
  182383    4.7250998e+04   7.149226e+04   0.000000e+00   5819s
  182513    4.7251087e+04   1.557535e+05   0.000000e+00   5824s
  182643    4.7251213e+04   1.997489e+05   0.000000e+00   5828s
  182773    4.7251338e+04   1.665830e+06   0.000000e+00   5833s
  182893    4.7251429e+04   7.334862e+04   0.000000e+00   5837s
  183013    4.7251512e+04   1.611480e+06   0.000000e+00   5841s
  183133    4.7251604e+04   1.264293e+05   0.000000e+00   5846s
  183263    4.7251703e+04   5.775173e+05   0.000000e+00   5850s
  183523    4.7251886e+04   2.730064e+05   0.000000e+00   5859s
  183653    4.7251966e+04   4.784354e+04   0.000000e+00   5864s
  183783    4.7252071e+04   2.532349e+05   0.000000e+00   5868s
  183913    4.7252191e+04   1.387866e+05   0.000000e+00   5873s
  184033    4.7252317e+04   8.717724e+04   0.000000e+00   5877s
  184163    4.7252419e+04   7.722235e+06   0.000000e+00   5882s
  184293    4.7252489e+04   6.790489e+04   0.000000e+00   5887s
  184423    4.7252587e+04   1.236839e+06   0.000000e+00   5891s
  184543    4.7252715e+04   1.429908e+05   0.000000e+00   5896s
  184783    4.7252895e+04   7.330395e+04   0.000000e+00   5904s
  184913    4.7253015e+04   3.434089e+05   0.000000e+00   5909s
  185033    4.7253116e+04   8.377708e+04   0.000000e+00   5913s
  185153    4.7253226e+04   4.301056e+05   0.000000e+00   5917s
  185283    4.7253328e+04   7.525012e+04   0.000000e+00   5922s
  185403    4.7253440e+04   8.299440e+04   0.000000e+00   5926s
  185533    4.7253547e+04   2.015294e+05   0.000000e+00   5931s
  185663    4.7253646e+04   8.114272e+05   0.000000e+00   5935s
  185923    4.7253790e+04   2.117185e+05   0.000000e+00   5944s
  186053    4.7253871e+04   1.053945e+05   0.000000e+00   5949s
  186183    4.7253957e+04   8.109500e+04   0.000000e+00   5954s
  186313    4.7254055e+04   1.122074e+05   0.000000e+00   5958s
  186443    4.7254152e+04   9.225198e+04   0.000000e+00   5963s
  186573    4.7254256e+04   1.645525e+05   0.000000e+00   5967s
  186703    4.7254358e+04   1.311890e+05   0.000000e+00   5972s
  186823    4.7254473e+04   1.960602e+05   0.000000e+00   5976s
  186953    4.7254559e+04   1.839887e+05   0.000000e+00   5981s
  187083    4.7254643e+04   2.160968e+05   0.000000e+00   5985s
  187213    4.7254718e+04   2.355185e+06   0.000000e+00   5990s
  187463    4.7254883e+04   2.466739e+05   0.000000e+00   5999s
  187583    4.7254971e+04   3.865629e+04   0.000000e+00   6003s
  187713    4.7255046e+04   1.298573e+05   0.000000e+00   6008s
  187833    4.7255142e+04   1.885865e+05   0.000000e+00   6012s
  187953    4.7255241e+04   8.928047e+05   0.000000e+00   6017s
  188083    4.7255324e+04   7.169271e+04   0.000000e+00   6021s
  188203    4.7255403e+04   2.811811e+05   0.000000e+00   6026s
  188333    4.7255460e+04   3.956147e+04   0.000000e+00   6030s
  188583    4.7255605e+04   6.273279e+04   0.000000e+00   6039s
  188713    4.7255683e+04   5.517833e+04   0.000000e+00   6044s
  188843    4.7255747e+04   8.546547e+05   0.000000e+00   6048s
  188973    4.7255854e+04   2.215934e+05   0.000000e+00   6053s
  189093    4.7255941e+04   7.151155e+05   0.000000e+00   6058s
  189213    4.7256030e+04   1.725159e+05   0.000000e+00   6062s
  189333    4.7256117e+04   2.799416e+05   0.000000e+00   6066s
  189463    4.7256188e+04   1.434254e+05   0.000000e+00   6071s
  189593    4.7256279e+04   4.908588e+05   0.000000e+00   6076s
  189723    4.7256347e+04   2.621510e+04   0.000000e+00   6080s
  189973    4.7256518e+04   5.550723e+04   0.000000e+00   6089s
  190093    4.7256609e+04   9.718702e+04   0.000000e+00   6094s
  190223    4.7256672e+04   4.509899e+04   0.000000e+00   6098s
  190343    4.7256764e+04   1.633810e+05   0.000000e+00   6103s
  190463    4.7256852e+04   1.217308e+05   0.000000e+00   6107s
  190583    4.7256949e+04   3.560360e+04   0.000000e+00   6111s
  190713    4.7257031e+04   2.838462e+05   0.000000e+00   6116s
  190833    4.7257112e+04   2.874013e+05   0.000000e+00   6121s
  190963    4.7257194e+04   2.916368e+05   0.000000e+00   6125s
  191223    4.7257321e+04   3.579403e+05   0.000000e+00   6135s
  191353    4.7257383e+04   2.050291e+05   0.000000e+00   6139s
  191473    4.7257493e+04   9.088995e+04   0.000000e+00   6144s
  191603    4.7257565e+04   1.045957e+05   0.000000e+00   6148s
  191733    4.7257647e+04   2.112107e+05   0.000000e+00   6153s
  191853    4.7257715e+04   1.157188e+05   0.000000e+00   6157s
  191973    4.7257762e+04   1.226685e+05   0.000000e+00   6162s
  192103    4.7257814e+04   5.989355e+04   0.000000e+00   6166s
  192223    4.7257893e+04   4.803983e+05   0.000000e+00   6171s
  192343    4.7257994e+04   3.554542e+04   0.000000e+00   6175s
  192593    4.7258149e+04   1.032334e+05   0.000000e+00   6184s
  192713    4.7258223e+04   1.301924e+05   0.000000e+00   6188s
  192843    4.7258276e+04   4.739242e+04   0.000000e+00   6193s
  192963    4.7258373e+04   6.183828e+04   0.000000e+00   6198s
  193083    4.7258464e+04   8.138592e+04   0.000000e+00   6202s
  193203    4.7258543e+04   5.300319e+04   0.000000e+00   6206s
  193323    4.7258612e+04   8.407250e+04   0.000000e+00   6211s
  193443    4.7258710e+04   2.978267e+05   0.000000e+00   6215s
  193683    4.7258842e+04   1.549694e+05   0.000000e+00   6224s
  193803    4.7258929e+04   4.185051e+04   0.000000e+00   6228s
  193923    4.7258984e+04   2.168135e+05   0.000000e+00   6233s
  194053    4.7259028e+04   1.027992e+05   0.000000e+00   6238s
  194183    4.7259086e+04   7.787362e+04   0.000000e+00   6242s
  194303    4.7259149e+04   2.247355e+05   0.000000e+00   6247s
  194433    4.7259207e+04   1.274711e+05   0.000000e+00   6251s
  194553    4.7259284e+04   3.956746e+05   0.000000e+00   6256s
  194683    4.7259367e+04   3.925987e+04   0.000000e+00   6260s
  194933    4.7259509e+04   5.329688e+04   0.000000e+00   6269s
  195053    4.7259571e+04   7.223382e+04   0.000000e+00   6274s
  195183    4.7259623e+04   1.280610e+05   0.000000e+00   6278s
  195303    4.7259694e+04   2.398240e+05   0.000000e+00   6283s
  195433    4.7259776e+04   2.494942e+05   0.000000e+00   6287s
  195553    4.7259836e+04   1.505688e+05   0.000000e+00   6292s
  195673    4.7259914e+04   7.337392e+04   0.000000e+00   6296s
  195793    4.7259987e+04   1.344994e+05   0.000000e+00   6301s
  195913    4.7260045e+04   6.638492e+05   0.000000e+00   6305s
  196153    4.7260190e+04   7.178666e+04   0.000000e+00   6314s
  196273    4.7260241e+04   1.613639e+06   0.000000e+00   6318s
  196403    4.7260287e+04   7.317176e+05   0.000000e+00   6323s
  196533    4.7260341e+04   3.468079e+05   0.000000e+00   6328s
  196653    4.7260401e+04   9.486154e+04   0.000000e+00   6332s
  196783    4.7260455e+04   3.322262e+04   0.000000e+00   6337s
  196903    4.7260521e+04   1.772280e+05   0.000000e+00   6341s
  197033    4.7260598e+04   9.901442e+04   0.000000e+00   6346s
  197153    4.7260676e+04   1.438882e+05   0.000000e+00   6350s
  197393    4.7260792e+04   1.211900e+05   0.000000e+00   6359s
  197513    4.7260839e+04   7.539988e+04   0.000000e+00   6364s
  197633    4.7260894e+04   2.350433e+05   0.000000e+00   6368s
  197763    4.7260954e+04   6.428319e+04   0.000000e+00   6372s
  197883    4.7261011e+04   4.972606e+04   0.000000e+00   6377s
  198013    4.7261088e+04   6.981937e+06   0.000000e+00   6382s
  198143    4.7261144e+04   4.403186e+04   0.000000e+00   6386s
  198273    4.7261197e+04   1.180226e+05   0.000000e+00   6391s
  198393    4.7261261e+04   1.348101e+05   0.000000e+00   6395s
  198523    4.7261316e+04   1.548373e+05   0.000000e+00   6400s
  198763    4.7261453e+04   1.573421e+05   0.000000e+00   6409s
  198893    4.7261517e+04   3.285363e+04   0.000000e+00   6414s
  199013    4.7261594e+04   1.077709e+05   0.000000e+00   6418s
  199143    4.7261660e+04   3.586873e+05   0.000000e+00   6423s
  199263    4.7261724e+04   3.317619e+04   0.000000e+00   6427s
  199393    4.7261764e+04   1.267852e+06   0.000000e+00   6432s
  199513    4.7261809e+04   2.445714e+05   0.000000e+00   6436s
  199643    4.7261865e+04   8.410602e+04   0.000000e+00   6441s
  199763    4.7261941e+04   4.132792e+04   0.000000e+00   6445s
  200003    4.7262074e+04   4.898623e+04   0.000000e+00   6454s
  200123    4.7262131e+04   7.825622e+05   0.000000e+00   6459s
  200253    4.7262178e+04   1.284272e+05   0.000000e+00   6463s
  200373    4.7262231e+04   2.057194e+05   0.000000e+00   6468s
  200503    4.7262253e+04   1.897536e+06   0.000000e+00   6473s
  200633    4.7262292e+04   1.786377e+05   0.000000e+00   6477s
  200763    4.7262339e+04   1.377846e+05   0.000000e+00   6482s
  200883    4.7262403e+04   1.256320e+05   0.000000e+00   6486s
  201003    4.7262465e+04   7.118291e+04   0.000000e+00   6491s
  201123    4.7262531e+04   1.031478e+05   0.000000e+00   6495s
  201253    4.7262573e+04   2.812679e+04   0.000000e+00   6500s
  201503    4.7262661e+04   2.451697e+04   0.000000e+00   6509s
  201623    4.7262725e+04   3.985395e+04   0.000000e+00   6514s
  201743    4.7262790e+04   3.240441e+05   0.000000e+00   6518s
  201863    4.7262864e+04   2.014708e+05   0.000000e+00   6523s
  201983    4.7262928e+04   1.001359e+05   0.000000e+00   6528s
  202103    4.7262987e+04   8.915702e+04   0.000000e+00   6532s
  202223    4.7263044e+04   9.503521e+04   0.000000e+00   6537s
  202353    4.7263090e+04   3.809171e+05   0.000000e+00   6541s
  202473    4.7263153e+04   1.204908e+05   0.000000e+00   6546s
  202593    4.7263214e+04   1.039445e+05   0.000000e+00   6550s
  202713    4.7263270e+04   4.844656e+04   0.000000e+00   6555s
  202953    4.7263381e+04   7.053657e+05   0.000000e+00   6564s
  203083    4.7263427e+04   8.495620e+04   0.000000e+00   6569s
  203203    4.7263471e+04   3.695280e+05   0.000000e+00   6573s
  203323    4.7263522e+04   8.180991e+04   0.000000e+00   6578s
  203443    4.7263578e+04   4.166906e+04   0.000000e+00   6582s
  203563    4.7263648e+04   2.214707e+05   0.000000e+00   6587s
  203683    4.7263704e+04   2.174048e+04   0.000000e+00   6591s
  203803    4.7263764e+04   6.680468e+04   0.000000e+00   6596s
  203923    4.7263820e+04   5.158437e+04   0.000000e+00   6601s
  204043    4.7263883e+04   4.496961e+04   0.000000e+00   6605s
  204293    4.7264020e+04   5.551102e+04   0.000000e+00   6615s
  204413    4.7264079e+04   9.587624e+04   0.000000e+00   6619s
  204533    4.7264118e+04   2.946333e+05   0.000000e+00   6624s
  204653    4.7264183e+04   5.825829e+04   0.000000e+00   6628s
  204773    4.7264229e+04   6.320337e+05   0.000000e+00   6633s
  204893    4.7264279e+04   9.584932e+04   0.000000e+00   6637s
  205013    4.7264336e+04   4.435399e+05   0.000000e+00   6642s
  205133    4.7264393e+04   1.612977e+05   0.000000e+00   6646s
  205253    4.7264447e+04   1.684885e+05   0.000000e+00   6651s
  205373    4.7264525e+04   5.541334e+04   0.000000e+00   6656s
  205493    4.7264598e+04   1.630313e+06   0.000000e+00   6660s
  205623    4.7264645e+04   4.141808e+05   0.000000e+00   6665s
  205873    4.7264733e+04   5.273386e+04   0.000000e+00   6675s
  205993    4.7264781e+04   6.012165e+05   0.000000e+00   6679s
  206113    4.7264816e+04   4.817241e+04   0.000000e+00   6684s
  206233    4.7264861e+04   2.703834e+05   0.000000e+00   6688s
  206363    4.7264910e+04   3.086434e+04   0.000000e+00   6693s
  206483    4.7264955e+04   9.953567e+04   0.000000e+00   6698s
  206603    4.7264998e+04   1.200549e+05   0.000000e+00   6702s
  206723    4.7265043e+04   4.390224e+05   0.000000e+00   6707s
  206843    4.7265087e+04   4.882736e+04   0.000000e+00   6712s
  206963    4.7265130e+04   1.664892e+05   0.000000e+00   6716s
  207083    4.7265175e+04   1.750030e+04   0.000000e+00   6721s
  207203    4.7265221e+04   3.396771e+04   0.000000e+00   6725s
  207333    4.7265263e+04   8.093824e+04   0.000000e+00   6730s
  207583    4.7265354e+04   1.310678e+06   0.000000e+00   6740s
  207703    4.7265396e+04   3.348381e+04   0.000000e+00   6744s
  207823    4.7265432e+04   6.195580e+04   0.000000e+00   6749s
  207953    4.7265466e+04   4.763858e+04   0.000000e+00   6754s
  208083    4.7265502e+04   4.354541e+05   0.000000e+00   6758s
  208203    4.7265538e+04   4.274430e+04   0.000000e+00   6763s
  208323    4.7265581e+04   1.200508e+05   0.000000e+00   6768s
  208443    4.7265618e+04   3.779433e+04   0.000000e+00   6772s
  208563    4.7265654e+04   7.976348e+04   0.000000e+00   6777s
  208693    4.7265692e+04   1.518789e+05   0.000000e+00   6782s
  208813    4.7265732e+04   9.425534e+04   0.000000e+00   6786s
  208933    4.7265771e+04   2.458746e+05   0.000000e+00   6791s
  209053    4.7265812e+04   1.159802e+05   0.000000e+00   6796s
  209183    4.7265844e+04   4.393807e+04   0.000000e+00   6800s
  209433    4.7265908e+04   7.063052e+04   0.000000e+00   6810s
  209553    4.7265930e+04   9.475100e+04   0.000000e+00   6814s
  209683    4.7265961e+04   1.201171e+06   0.000000e+00   6819s
  209803    4.7265987e+04   2.673605e+04   0.000000e+00   6824s
  209933    4.7266018e+04   3.891326e+05   0.000000e+00   6829s
  210063    4.7266055e+04   5.047193e+04   0.000000e+00   6834s
  210183    4.7266086e+04   8.464682e+05   0.000000e+00   6838s
  210313    4.7266113e+04   3.044781e+04   0.000000e+00   6843s
  210433    4.7266150e+04   1.569820e+05   0.000000e+00   6848s
  210553    4.7266181e+04   8.063408e+05   0.000000e+00   6852s
  210673    4.7266219e+04   8.267902e+04   0.000000e+00   6857s
  210793    4.7266258e+04   8.276770e+04   0.000000e+00   6862s
  210913    4.7266300e+04   1.832302e+05   0.000000e+00   6866s
  211043    4.7266322e+04   4.801910e+04   0.000000e+00   6871s
  211163    4.7266354e+04   7.728193e+04   0.000000e+00   6876s
  211283    4.7266395e+04   5.575836e+04   0.000000e+00   6880s
  211403    4.7266444e+04   2.395717e+05   0.000000e+00   6885s
  211533    4.7266485e+04   1.641674e+04   0.000000e+00   6890s
  211773    4.7266567e+04   8.423931e+04   0.000000e+00   6899s
  211893    4.7266595e+04   6.305399e+04   0.000000e+00   6904s
  212013    4.7266618e+04   1.441771e+05   0.000000e+00   6909s
  212133    4.7266660e+04   3.957920e+04   0.000000e+00   6913s
  212253    4.7266695e+04   4.919050e+05   0.000000e+00   6918s
  212373    4.7266721e+04   2.604990e+05   0.000000e+00   6923s
  212503    4.7266744e+04   5.125648e+04   0.000000e+00   6928s
  212623    4.7266788e+04   1.669174e+04   0.000000e+00   6932s
  212743    4.7266828e+04   1.642182e+05   0.000000e+00   6937s
  212863    4.7266878e+04   1.615023e+05   0.000000e+00   6942s
  212983    4.7266916e+04   1.419273e+06   0.000000e+00   6946s
  213103    4.7266942e+04   4.030558e+04   0.000000e+00   6951s
  213223    4.7266983e+04   7.411225e+04   0.000000e+00   6956s
  213343    4.7267009e+04   2.373265e+04   0.000000e+00   6960s
  213463    4.7267047e+04   3.345908e+04   0.000000e+00   6965s
  213703    4.7267117e+04   7.225070e+04   0.000000e+00   6975s
  213823    4.7267160e+04   4.028201e+04   0.000000e+00   6979s
  213943    4.7267187e+04   6.776902e+04   0.000000e+00   6984s
  214073    4.7267208e+04   2.268009e+04   0.000000e+00   6989s
  214193    4.7267237e+04   3.856005e+04   0.000000e+00   6994s
  214313    4.7267282e+04   4.912675e+04   0.000000e+00   6998s
  214433    4.7267315e+04   4.829429e+04   0.000000e+00   7003s
  214563    4.7267341e+04   7.721997e+04   0.000000e+00   7008s
  214683    4.7267379e+04   9.148622e+04   0.000000e+00   7013s
  214803    4.7267417e+04   2.972738e+05   0.000000e+00   7018s
  214923    4.7267461e+04   3.752988e+04   0.000000e+00   7022s
  215043    4.7267498e+04   6.546445e+04   0.000000e+00   7027s
  215163    4.7267536e+04   5.311726e+04   0.000000e+00   7032s
  215283    4.7267579e+04   6.738261e+04   0.000000e+00   7037s
  215403    4.7267612e+04   2.701076e+04   0.000000e+00   7041s
  215523    4.7267644e+04   4.586730e+05   0.000000e+00   7046s
  215643    4.7267678e+04   3.054453e+04   0.000000e+00   7051s
  215763    4.7267713e+04   2.537606e+06   0.000000e+00   7056s
  215883    4.7267741e+04   5.938048e+04   0.000000e+00   7060s
  216123    4.7267797e+04   6.148884e+04   0.000000e+00   7070s
  216243    4.7267824e+04   1.052845e+05   0.000000e+00   7074s
  216363    4.7267863e+04   5.283657e+04   0.000000e+00   7079s
  216483    4.7267899e+04   7.215271e+04   0.000000e+00   7084s
  216613    4.7267917e+04   7.317594e+04   0.000000e+00   7089s
  216733    4.7267940e+04   5.825018e+04   0.000000e+00   7093s
  216863    4.7267970e+04   6.315243e+04   0.000000e+00   7098s
  216983    4.7268000e+04   3.320533e+05   0.000000e+00   7103s
  217103    4.7268033e+04   1.482442e+04   0.000000e+00   7108s
  217223    4.7268065e+04   6.990366e+04   0.000000e+00   7113s
  217343    4.7268112e+04   5.592578e+04   0.000000e+00   7117s
  217463    4.7268149e+04   4.829628e+04   0.000000e+00   7122s
  217583    4.7268179e+04   3.318266e+05   0.000000e+00   7127s
  217703    4.7268215e+04   1.191092e+05   0.000000e+00   7132s
  217823    4.7268239e+04   2.389452e+05   0.000000e+00   7136s
  217943    4.7268266e+04   2.217899e+04   0.000000e+00   7141s
  218063    4.7268296e+04   4.709632e+04   0.000000e+00   7146s
  218183    4.7268326e+04   8.694117e+04   0.000000e+00   7151s
  218303    4.7268348e+04   6.660635e+04   0.000000e+00   7155s
  218423    4.7268370e+04   1.935353e+05   0.000000e+00   7160s
  218663    4.7268420e+04   4.553865e+04   0.000000e+00   7169s
  218783    4.7268445e+04   7.047708e+04   0.000000e+00   7174s
  218903    4.7268472e+04   2.194031e+04   0.000000e+00   7179s
  219023    4.7268495e+04   5.725396e+04   0.000000e+00   7184s
  219143    4.7268522e+04   3.452460e+04   0.000000e+00   7188s
  219263    4.7268552e+04   2.910067e+05   0.000000e+00   7193s
  219383    4.7268576e+04   8.051429e+03   0.000000e+00   7198s
  219503    4.7268605e+04   2.051758e+04   0.000000e+00   7203s
  219623    4.7268633e+04   2.249035e+04   0.000000e+00   7207s
  219743    4.7268664e+04   1.130297e+05   0.000000e+00   7212s
  219863    4.7268704e+04   2.014887e+04   0.000000e+00   7217s
  219983    4.7268742e+04   3.964324e+04   0.000000e+00   7222s
  220103    4.7268770e+04   2.304096e+04   0.000000e+00   7227s
  220223    4.7268795e+04   6.677274e+04   0.000000e+00   7232s
  220343    4.7268815e+04   1.366470e+04   0.000000e+00   7236s
  220463    4.7268839e+04   9.313117e+04   0.000000e+00   7241s
  220583    4.7268860e+04   3.149937e+04   0.000000e+00   7246s
  220703    4.7268879e+04   1.679430e+06   0.000000e+00   7250s
  220833    4.7268890e+04   5.500178e+04   0.000000e+00   7255s
  220953    4.7268920e+04   3.092069e+04   0.000000e+00   7260s
  221193    4.7268964e+04   3.608723e+04   0.000000e+00   7270s
  221323    4.7268983e+04   1.466331e+04   0.000000e+00   7275s
  221443    4.7269011e+04   1.895956e+04   0.000000e+00   7279s
  221563    4.7269036e+04   1.205922e+05   0.000000e+00   7284s
  221683    4.7269065e+04   8.981963e+04   0.000000e+00   7289s
  221803    4.7269086e+04   5.625604e+04   0.000000e+00   7294s
  221923    4.7269117e+04   2.840660e+05   0.000000e+00   7299s
  222043    4.7269139e+04   1.022771e+05   0.000000e+00   7304s
  222163    4.7269162e+04   1.149673e+04   0.000000e+00   7308s
  222283    4.7269190e+04   5.641645e+05   0.000000e+00   7313s
  222403    4.7269215e+04   4.631018e+04   0.000000e+00   7318s
  222523    4.7269244e+04   6.063122e+05   0.000000e+00   7323s
  222653    4.7269263e+04   7.422853e+04   0.000000e+00   7328s
  222773    4.7269281e+04   9.763149e+04   0.000000e+00   7332s
  222893    4.7269307e+04   3.570161e+04   0.000000e+00   7337s
  223013    4.7269329e+04   1.566425e+04   0.000000e+00   7342s
  223133    4.7269349e+04   1.538837e+04   0.000000e+00   7347s
  223243    4.7269373e+04   2.188730e+05   0.000000e+00   7351s
  223373    4.7269393e+04   2.479187e+04   0.000000e+00   7357s
  223503    4.7269414e+04   3.192385e+04   0.000000e+00   7362s
  223633    4.7269429e+04   4.463792e+04   0.000000e+00   7366s
  223753    4.7269444e+04   1.244148e+06   0.000000e+00   7371s
  223883    4.7269453e+04   7.230380e+04   0.000000e+00   7376s
  224003    4.7269469e+04   2.712625e+04   0.000000e+00   7381s
  224133    4.7269484e+04   1.062305e+05   0.000000e+00   7386s
  224253    4.7269511e+04   2.569478e+04   0.000000e+00   7391s
  224373    4.7269531e+04   1.020506e+05   0.000000e+00   7396s
  224493    4.7269556e+04   2.591584e+05   0.000000e+00   7400s
  224613    4.7269576e+04   3.167474e+04   0.000000e+00   7405s
  224733    4.7269597e+04   1.521584e+05   0.000000e+00   7410s
  224863    4.7269614e+04   1.542847e+04   0.000000e+00   7415s
  224983    4.7269636e+04   1.928870e+04   0.000000e+00   7420s
  225103    4.7269656e+04   5.957943e+05   0.000000e+00   7425s
  225343    4.7269692e+04   1.218373e+04   0.000000e+00   7435s
  225463    4.7269710e+04   2.560201e+04   0.000000e+00   7439s
  225583    4.7269728e+04   5.983088e+04   0.000000e+00   7444s
  225713    4.7269742e+04   9.358773e+04   0.000000e+00   7449s
  225833    4.7269757e+04   9.905634e+04   0.000000e+00   7454s
  225963    4.7269770e+04   5.799954e+03   0.000000e+00   7459s
  226083    4.7269788e+04   2.093962e+04   0.000000e+00   7464s
  226213    4.7269804e+04   4.405971e+04   0.000000e+00   7469s
  226333    4.7269821e+04   7.502495e+04   0.000000e+00   7474s
  226453    4.7269838e+04   1.293667e+04   0.000000e+00   7478s
  226573    4.7269855e+04   1.823706e+04   0.000000e+00   7483s
  226693    4.7269869e+04   9.490092e+03   0.000000e+00   7488s
  226823    4.7269886e+04   2.321154e+04   0.000000e+00   7493s
  226943    4.7269912e+04   6.611808e+04   0.000000e+00   7498s
  227063    4.7269931e+04   1.166256e+04   0.000000e+00   7503s
  227183    4.7269947e+04   3.054131e+05   0.000000e+00   7507s
  227303    4.7269968e+04   7.445586e+04   0.000000e+00   7512s
  227423    4.7269986e+04   1.319726e+05   0.000000e+00   7517s
  227543    4.7270005e+04   1.173379e+04   0.000000e+00   7522s
  227663    4.7270024e+04   3.449917e+04   0.000000e+00   7527s
  227783    4.7270043e+04   2.246829e+04   0.000000e+00   7531s
  227903    4.7270061e+04   5.901391e+04   0.000000e+00   7536s
  228023    4.7270083e+04   1.639025e+04   0.000000e+00   7541s
  228133    4.7270101e+04   1.859020e+04   0.000000e+00   7546s
  228253    4.7270119e+04   5.926992e+04   0.000000e+00   7550s
  228373    4.7270135e+04   2.519522e+04   0.000000e+00   7555s
  228493    4.7270145e+04   5.805990e+04   0.000000e+00   7560s
  228623    4.7270159e+04   1.945614e+05   0.000000e+00   7565s
  228753    4.7270171e+04   5.474019e+05   0.000000e+00   7570s
  228883    4.7270183e+04   7.797335e+03   0.000000e+00   7575s
  229003    4.7270197e+04   3.227949e+04   0.000000e+00   7580s
  229243    4.7270228e+04   8.975910e+05   0.000000e+00   7590s
  229373    4.7270238e+04   6.205502e+03   0.000000e+00   7595s
  229493    4.7270254e+04   9.861201e+03   0.000000e+00   7599s
  229623    4.7270265e+04   1.823316e+04   0.000000e+00   7604s
  229743    4.7270282e+04   5.561184e+04   0.000000e+00   7609s
  229873    4.7270296e+04   1.139132e+05   0.000000e+00   7614s
  229993    4.7270309e+04   3.669052e+04   0.000000e+00   7619s
  230113    4.7270320e+04   1.114512e+05   0.000000e+00   7624s
  230233    4.7270335e+04   8.542337e+03   0.000000e+00   7628s
  230353    4.7270349e+04   4.925069e+04   0.000000e+00   7633s
  230473    4.7270362e+04   2.124993e+04   0.000000e+00   7638s
  230593    4.7270378e+04   8.823314e+05   0.000000e+00   7643s
  230713    4.7270393e+04   9.761423e+04   0.000000e+00   7648s
  230843    4.7270404e+04   5.795243e+04   0.000000e+00   7653s
  230973    4.7270411e+04   7.730576e+03   0.000000e+00   7658s
  231093    4.7270422e+04   1.469151e+04   0.000000e+00   7663s
  231223    4.7270438e+04   3.104649e+04   0.000000e+00   7668s
  231343    4.7270452e+04   9.204249e+04   0.000000e+00   7672s
  231473    4.7270464e+04   6.633298e+03   0.000000e+00   7677s
  231593    4.7270484e+04   2.161123e+04   0.000000e+00   7682s
  231723    4.7270495e+04   1.951409e+04   0.000000e+00   7687s
  231843    4.7270514e+04   2.987400e+04   0.000000e+00   7692s
  231963    4.7270531e+04   2.356276e+04   0.000000e+00   7697s
  232083    4.7270547e+04   5.444196e+04   0.000000e+00   7702s
  232203    4.7270557e+04   1.141459e+04   0.000000e+00   7706s
  232333    4.7270570e+04   8.767015e+03   0.000000e+00   7711s
  232453    4.7270583e+04   1.060149e+05   0.000000e+00   7716s
  232583    4.7270596e+04   1.260274e+04   0.000000e+00   7721s
  232703    4.7270611e+04   5.447127e+04   0.000000e+00   7726s
  232823    4.7270627e+04   6.262580e+03   0.000000e+00   7731s
  232943    4.7270644e+04   1.464195e+05   0.000000e+00   7735s
  233073    4.7270660e+04   3.355569e+04   0.000000e+00   7740s
  233193    4.7270669e+04   6.425764e+03   0.000000e+00   7745s
  233323    4.7270677e+04   1.252395e+04   0.000000e+00   7750s
  233573    4.7270703e+04   1.418962e+04   0.000000e+00   7760s
  233693    4.7270720e+04   2.421458e+04   0.000000e+00   7765s
  233813    4.7270731e+04   9.149901e+03   0.000000e+00   7769s
  233933    4.7270748e+04   2.486212e+04   0.000000e+00   7774s
  234053    4.7270762e+04   1.110545e+04   0.000000e+00   7779s
  234173    4.7270774e+04   9.129574e+04   0.000000e+00   7783s
  234293    4.7270785e+04   1.068501e+05   0.000000e+00   7788s
  234423    4.7270800e+04   3.084130e+04   0.000000e+00   7793s
  234553    4.7270814e+04   3.037805e+04   0.000000e+00   7798s
  234673    4.7270827e+04   1.093619e+05   0.000000e+00   7803s
  234803    4.7270842e+04   4.005973e+04   0.000000e+00   7808s
  234923    4.7270858e+04   1.389431e+04   0.000000e+00   7813s
  235043    4.7270871e+04   3.996659e+04   0.000000e+00   7818s
  235173    4.7270881e+04   2.723710e+04   0.000000e+00   7823s
  235293    4.7270893e+04   1.762118e+04   0.000000e+00   7827s
  235423    4.7270904e+04   2.155108e+04   0.000000e+00   7832s
  235543    4.7270918e+04   7.829927e+03   0.000000e+00   7837s
  235673    4.7270933e+04   2.107080e+05   0.000000e+00   7842s
  235803    4.7270947e+04   2.040677e+04   0.000000e+00   7847s
  235933    4.7270957e+04   8.880876e+04   0.000000e+00   7852s
  236063    4.7270966e+04   1.148770e+04   0.000000e+00   7857s
  236193    4.7270978e+04   6.237650e+04   0.000000e+00   7862s
  236323    4.7270990e+04   1.435194e+04   0.000000e+00   7867s
  236443    4.7271007e+04   5.524095e+03   0.000000e+00   7872s
  236573    4.7271023e+04   8.530631e+03   0.000000e+00   7877s
  236693    4.7271038e+04   8.417056e+03   0.000000e+00   7882s
  236823    4.7271052e+04   3.554535e+04   0.000000e+00   7887s
  236953    4.7271068e+04   1.128070e+04   0.000000e+00   7891s
  237073    4.7271079e+04   1.510248e+04   0.000000e+00   7896s
  237193    4.7271092e+04   1.753480e+04   0.000000e+00   7901s
  237313    4.7271102e+04   6.861430e+03   0.000000e+00   7905s
  237443    4.7271113e+04   1.721591e+04   0.000000e+00   7910s
  237573    4.7271122e+04   2.379547e+04   0.000000e+00   7915s
  237703    4.7271137e+04   6.220544e+03   0.000000e+00   7920s
  237823    4.7271150e+04   1.238288e+05   0.000000e+00   7925s
  237953    4.7271164e+04   1.363448e+04   0.000000e+00   7930s
  238203    4.7271189e+04   4.233736e+04   0.000000e+00   7940s
  238323    4.7271201e+04   3.992169e+04   0.000000e+00   7944s
  238453    4.7271214e+04   3.152485e+04   0.000000e+00   7949s
  238583    4.7271227e+04   8.228072e+03   0.000000e+00   7954s
  238713    4.7271238e+04   1.370100e+04   0.000000e+00   7959s
  238843    4.7271249e+04   9.003313e+03   0.000000e+00   7964s
  238963    4.7271260e+04   1.322324e+04   0.000000e+00   7969s
  239083    4.7271271e+04   8.476341e+03   0.000000e+00   7974s
  239203    4.7271282e+04   6.985832e+04   0.000000e+00   7978s
  239333    4.7271294e+04   7.538846e+03   0.000000e+00   7983s
  239453    4.7271304e+04   2.961611e+04   0.000000e+00   7988s
  239583    4.7271315e+04   2.283894e+04   0.000000e+00   7993s
  239703    4.7271326e+04   6.331602e+03   0.000000e+00   7998s
  239833    4.7271337e+04   5.976585e+03   0.000000e+00   8003s
  239963    4.7271350e+04   1.663790e+04   0.000000e+00   8007s
  240083    4.7271357e+04   9.422875e+04   0.000000e+00   8012s
  240213    4.7271369e+04   3.182850e+04   0.000000e+00   8017s
  240333    4.7271381e+04   9.802488e+03   0.000000e+00   8022s
  240463    4.7271394e+04   3.802008e+04   0.000000e+00   8027s
  240593    4.7271409e+04   2.918174e+04   0.000000e+00   8032s
  240723    4.7271418e+04   3.560759e+03   0.000000e+00   8036s
  240843    4.7271426e+04   8.094597e+04   0.000000e+00   8041s
  240973    4.7271434e+04   1.549677e+04   0.000000e+00   8046s
  241113    4.7271439e+04   1.993414e+04   0.000000e+00   8051s
  241233    4.7271451e+04   7.713277e+04   0.000000e+00   8055s
  241353    4.7271463e+04   1.396777e+04   0.000000e+00   8060s
  241483    4.7271470e+04   3.809392e+05   0.000000e+00   8065s
  241613    4.7271480e+04   1.962472e+04   0.000000e+00   8070s
  241853    4.7271506e+04   7.166803e+04   0.000000e+00   8079s
  241983    4.7271513e+04   8.616828e+03   0.000000e+00   8084s
  242113    4.7271520e+04   2.198281e+04   0.000000e+00   8089s
  242243    4.7271527e+04   7.671910e+04   0.000000e+00   8094s
  242373    4.7271534e+04   5.431678e+03   0.000000e+00   8099s
  242503    4.7271542e+04   2.343394e+04   0.000000e+00   8104s
  242633    4.7271550e+04   1.877646e+04   0.000000e+00   8109s
  242763    4.7271556e+04   1.124766e+04   0.000000e+00   8114s
  242883    4.7271566e+04   7.377618e+03   0.000000e+00   8118s
  243013    4.7271578e+04   3.961124e+04   0.000000e+00   8123s
  243143    4.7271591e+04   1.717702e+04   0.000000e+00   8128s
  243273    4.7271604e+04   1.093856e+04   0.000000e+00   8133s
  243403    4.7271615e+04   5.478543e+03   0.000000e+00   8138s
  243523    4.7271627e+04   1.413904e+04   0.000000e+00   8143s
  243653    4.7271639e+04   6.682869e+03   0.000000e+00   8148s
  243783    4.7271651e+04   5.387672e+03   0.000000e+00   8152s
  243913    4.7271661e+04   5.550388e+03   0.000000e+00   8157s
  244033    4.7271670e+04   6.416363e+04   0.000000e+00   8162s
  244163    4.7271677e+04   9.081426e+03   0.000000e+00   8167s
  244283    4.7271685e+04   1.321983e+04   0.000000e+00   8171s
  244413    4.7271694e+04   4.322358e+04   0.000000e+00   8176s
  244533    4.7271705e+04   4.995656e+03   0.000000e+00   8181s
  244653    4.7271717e+04   1.670893e+05   0.000000e+00   8186s
  244783    4.7271729e+04   8.234081e+03   0.000000e+00   8190s
  244913    4.7271735e+04   1.320997e+05   0.000000e+00   8195s
  245043    4.7271742e+04   7.082649e+03   0.000000e+00   8200s
  245173    4.7271753e+04   1.099050e+05   0.000000e+00   8205s
  245433    4.7271772e+04   8.869260e+03   0.000000e+00   8215s
  245563    4.7271780e+04   8.023741e+04   0.000000e+00   8219s
  245683    4.7271792e+04   7.910571e+04   0.000000e+00   8224s
  245803    4.7271801e+04   9.177089e+04   0.000000e+00   8229s
  245923    4.7271811e+04   1.145920e+04   0.000000e+00   8233s
  246043    4.7271822e+04   3.790216e+06   0.000000e+00   8238s
  246173    4.7271827e+04   1.661223e+04   0.000000e+00   8243s
  246303    4.7271836e+04   4.717340e+04   0.000000e+00   8248s
  246433    4.7271844e+04   5.471432e+03   0.000000e+00   8253s
  246553    4.7271856e+04   1.441184e+04   0.000000e+00   8257s
  246673    4.7271870e+04   1.042050e+04   0.000000e+00   8262s
  246803    4.7271882e+04   9.075055e+04   0.000000e+00   8267s
  246933    4.7271895e+04   1.999662e+04   0.000000e+00   8272s
  247063    4.7271904e+04   2.644356e+04   0.000000e+00   8277s
  247183    4.7271915e+04   1.248777e+04   0.000000e+00   8281s
  247303    4.7271926e+04   9.597458e+03   0.000000e+00   8286s
  247433    4.7271937e+04   1.272362e+04   0.000000e+00   8291s
  247563    4.7271947e+04   1.005167e+04   0.000000e+00   8296s
  247693    4.7271955e+04   6.745831e+04   0.000000e+00   8301s
  247823    4.7271961e+04   8.854852e+03   0.000000e+00   8305s
  248073    4.7271976e+04   1.046787e+04   0.000000e+00   8315s
  248193    4.7271987e+04   2.961336e+04   0.000000e+00   8319s
  248323    4.7272003e+04   1.295318e+04   0.000000e+00   8324s
  248443    4.7272015e+04   2.218263e+04   0.000000e+00   8329s
  248573    4.7272026e+04   1.982515e+04   0.000000e+00   8334s
  248693    4.7272038e+04   6.506207e+03   0.000000e+00   8339s
  248823    4.7272046e+04   5.299504e+04   0.000000e+00   8343s
  248943    4.7272055e+04   2.252607e+04   0.000000e+00   8348s
  249063    4.7272066e+04   3.240621e+05   0.000000e+00   8353s
  249183    4.7272076e+04   7.365196e+03   0.000000e+00   8357s
  249303    4.7272087e+04   4.911841e+05   0.000000e+00   8362s
  249433    4.7272095e+04   6.879802e+03   0.000000e+00   8367s
  249553    4.7272103e+04   3.230806e+04   0.000000e+00   8371s
  249673    4.7272110e+04   9.167745e+03   0.000000e+00   8376s
  249793    4.7272118e+04   5.597002e+04   0.000000e+00   8381s
  249923    4.7272126e+04   5.042001e+03   0.000000e+00   8386s
  250043    4.7272134e+04   6.374208e+04   0.000000e+00   8390s
  250173    4.7272141e+04   1.190110e+04   0.000000e+00   8395s
  250423    4.7272160e+04   1.523594e+04   0.000000e+00   8404s
  250543    4.7272169e+04   1.894395e+04   0.000000e+00   8409s
  250673    4.7272176e+04   3.263776e+04   0.000000e+00   8414s
  250803    4.7272184e+04   7.771981e+03   0.000000e+00   8419s
  250933    4.7272188e+04   9.078893e+03   0.000000e+00   8424s
  251063    4.7272194e+04   5.081542e+04   0.000000e+00   8428s
  251193    4.7272201e+04   1.383491e+04   0.000000e+00   8433s
  251323    4.7272209e+04   3.642847e+04   0.000000e+00   8438s
  251453    4.7272214e+04   7.395392e+04   0.000000e+00   8443s
  251583    4.7272218e+04   3.012190e+03   0.000000e+00   8448s
  251713    4.7272223e+04   8.525242e+04   0.000000e+00   8453s
  251843    4.7272229e+04   6.121624e+03   0.000000e+00   8458s
  251973    4.7272234e+04   6.819965e+04   0.000000e+00   8463s
  252093    4.7272239e+04   4.928269e+03   0.000000e+00   8467s
  252223    4.7272245e+04   3.561136e+03   0.000000e+00   8472s
  252343    4.7272251e+04   4.693617e+03   0.000000e+00   8477s
  252473    4.7272257e+04   3.612777e+03   0.000000e+00   8481s
  252603    4.7272264e+04   1.314977e+04   0.000000e+00   8486s
  252723    4.7272269e+04   3.469805e+03   0.000000e+00   8491s
  252843    4.7272274e+04   2.808107e+04   0.000000e+00   8496s
  252973    4.7272280e+04   5.126436e+04   0.000000e+00   8501s
  253093    4.7272285e+04   9.265349e+03   0.000000e+00   8505s
  253213    4.7272290e+04   3.253488e+04   0.000000e+00   8510s
  253453    4.7272299e+04   7.862431e+04   0.000000e+00   8520s
  253583    4.7272305e+04   2.881971e+04   0.000000e+00   8524s
  253703    4.7272310e+04   3.820759e+04   0.000000e+00   8529s
  253833    4.7272314e+04   4.269302e+03   0.000000e+00   8534s
  253953    4.7272321e+04   1.547909e+04   0.000000e+00   8539s
  254083    4.7272325e+04   7.190817e+03   0.000000e+00   8544s
  254203    4.7272330e+04   2.120303e+04   0.000000e+00   8548s
  254333    4.7272334e+04   7.848743e+03   0.000000e+00   8553s
  254453    4.7272339e+04   3.586407e+04   0.000000e+00   8558s
  254583    4.7272342e+04   4.479703e+05   0.000000e+00   8563s
  254703    4.7272348e+04   4.525798e+03   0.000000e+00   8568s
  254823    4.7272354e+04   1.585611e+04   0.000000e+00   8573s
  254953    4.7272357e+04   1.139771e+04   0.000000e+00   8578s
  255073    4.7272361e+04   9.293482e+03   0.000000e+00   8582s
  255203    4.7272365e+04   3.993249e+04   0.000000e+00   8587s
  255333    4.7272368e+04   9.565114e+03   0.000000e+00   8592s
  255453    4.7272372e+04   4.361403e+03   0.000000e+00   8597s
  255583    4.7272376e+04   5.618391e+05   0.000000e+00   8602s
  255713    4.7272379e+04   4.450320e+03   0.000000e+00   8607s
  255833    4.7272383e+04   4.210687e+04   0.000000e+00   8612s
  255963    4.7272386e+04   8.253922e+03   0.000000e+00   8617s
  256083    4.7272391e+04   4.093404e+03   0.000000e+00   8622s
  256213    4.7272394e+04   8.425541e+03   0.000000e+00   8626s
  256343    4.7272398e+04   2.650830e+03   0.000000e+00   8631s
  256463    4.7272399e+04   2.548478e+04   0.000000e+00   8636s
  256593    4.7272401e+04   6.454531e+03   0.000000e+00   8641s
  256723    4.7272403e+04   1.197202e+04   0.000000e+00   8646s
  256853    4.7272406e+04   1.904542e+03   0.000000e+00   8651s
  256973    4.7272410e+04   4.173119e+04   0.000000e+00   8656s
  257093    4.7272413e+04   2.112673e+04   0.000000e+00   8661s
  257213    4.7272415e+04   2.215161e+04   0.000000e+00   8666s
  257333    4.7272417e+04   7.417319e+03   0.000000e+00   8671s
  257463    4.7272420e+04   1.686336e+04   0.000000e+00   8676s
  257593    4.7272423e+04   1.841656e+04   0.000000e+00   8681s
  257713    4.7272427e+04   1.324517e+05   0.000000e+00   8685s
  257843    4.7272429e+04   1.585847e+06   0.000000e+00   8690s
  257963    4.7272433e+04   9.406477e+03   0.000000e+00   8695s
  258083    4.7272436e+04   1.483517e+04   0.000000e+00   8700s
  258203    4.7272438e+04   9.355312e+03   0.000000e+00   8705s
  258453    4.7272444e+04   3.613283e+03   0.000000e+00   8715s
  258573    4.7272446e+04   2.642544e+05   0.000000e+00   8720s
  258703    4.7272447e+04   9.652459e+03   0.000000e+00   8725s
  258823    4.7272450e+04   5.603446e+04   0.000000e+00   8730s
  258943    4.7272452e+04   1.989481e+05   0.000000e+00   8735s
  259073    4.7272453e+04   2.121490e+04   0.000000e+00   8740s
  259193    4.7272455e+04   1.290882e+04   0.000000e+00   8745s
  259313    4.7272457e+04   2.643792e+04   0.000000e+00   8749s
  259433    4.7272459e+04   1.857447e+04   0.000000e+00   8754s
  259553    4.7272460e+04   7.881624e+03   0.000000e+00   8759s
  259673    4.7272462e+04   4.794417e+03   0.000000e+00   8764s
  259803    4.7272464e+04   2.149222e+04   0.000000e+00   8769s
  259933    4.7272466e+04   4.166111e+03   0.000000e+00   8774s
  260053    4.7272469e+04   1.455168e+05   0.000000e+00   8779s
  260183    4.7272471e+04   4.671938e+03   0.000000e+00   8784s
  260303    4.7272472e+04   3.240844e+04   0.000000e+00   8789s
  260423    4.7272474e+04   2.823915e+05   0.000000e+00   8794s
  260553    4.7272476e+04   5.276685e+03   0.000000e+00   8799s
  260683    4.7272478e+04   3.502620e+03   0.000000e+00   8804s
  260813    4.7272480e+04   9.505882e+04   0.000000e+00   8809s
  260943    4.7272482e+04   7.315845e+03   0.000000e+00   8814s
  261063    4.7272483e+04   2.064721e+03   0.000000e+00   8819s
  261193    4.7272484e+04   2.719856e+03   0.000000e+00   8824s
  261313    4.7272485e+04   4.658475e+03   0.000000e+00   8829s
  261443    4.7272486e+04   1.989990e+04   0.000000e+00   8834s
  261563    4.7272488e+04   4.024853e+03   0.000000e+00   8839s
  261693    4.7272489e+04   7.799779e+03   0.000000e+00   8844s
  261823    4.7272490e+04   2.855469e+03   0.000000e+00   8849s
  261943    4.7272492e+04   5.894912e+03   0.000000e+00   8854s
  262073    4.7272493e+04   7.405819e+03   0.000000e+00   8859s
  262203    4.7272494e+04   1.561118e+04   0.000000e+00   8864s
  262323    4.7272495e+04   4.832775e+04   0.000000e+00   8869s
  262453    4.7272496e+04   8.300702e+03   0.000000e+00   8874s
  262573    4.7272498e+04   3.045175e+05   0.000000e+00   8879s
  262693    4.7272499e+04   1.454465e+05   0.000000e+00   8884s
  262823    4.7272502e+04   9.914349e+03   0.000000e+00   8889s
  262943    4.7272503e+04   3.098070e+03   0.000000e+00   8894s
  263073    4.7272504e+04   1.044476e+04   0.000000e+00   8899s
  263193    4.7272505e+04   5.173707e+04   0.000000e+00   8904s
  263323    4.7272507e+04   1.481555e+05   0.000000e+00   8909s
  263453    4.7272507e+04   1.113171e+04   0.000000e+00   8915s
  263573    4.7272509e+04   6.581208e+03   0.000000e+00   8920s
  263703    4.7272510e+04   1.108814e+05   0.000000e+00   8925s
  263823    4.7272511e+04   2.104276e+03   0.000000e+00   8930s
  263953    4.7272512e+04   2.450519e+04   0.000000e+00   8935s
  264083    4.7272512e+04   1.039980e+04   0.000000e+00   8940s
  264213    4.7272513e+04   3.067776e+03   0.000000e+00   8945s
  264463    4.7272515e+04   1.994906e+04   0.000000e+00   8955s
  264593    4.7272516e+04   8.080011e+03   0.000000e+00   8960s
  264713    4.7272517e+04   1.348780e+04   0.000000e+00   8965s
  264963    4.7272518e+04   7.151376e+03   0.000000e+00   8975s
  265083    4.7272519e+04   3.323226e+04   0.000000e+00   8980s
  265203    4.7272521e+04   7.141512e+03   0.000000e+00   8985s
  265323    4.7272522e+04   3.931022e+04   0.000000e+00   8990s
  265453    4.7272524e+04   7.993775e+03   0.000000e+00   8995s
  265573    4.7272526e+04   2.439364e+04   0.000000e+00   9000s
  265693    4.7272528e+04   5.686310e+04   0.000000e+00   9005s
  265813    4.7272531e+04   9.106790e+03   0.000000e+00   9010s
  265933    4.7272563e+04   3.751949e+07   0.000000e+00   9015s
  266043    4.7272574e+04   2.750197e+05   0.000000e+00   9020s
  266153    4.7272574e+04   5.091227e+04   0.000000e+00   9025s
  266263    4.7272575e+04   5.140278e+05   0.000000e+00   9030s
  266373    4.7272575e+04   1.028703e+06   0.000000e+00   9035s
  266483    4.7272575e+04   6.286704e+04   0.000000e+00   9040s
  266603    4.7272575e+04   8.524887e+06   0.000000e+00   9045s
  266713    4.7272575e+04   4.068234e+04   0.000000e+00   9050s
  266833    4.7272575e+04   3.363661e+04   0.000000e+00   9056s
  266943    4.7272575e+04   9.266695e+04   0.000000e+00   9061s
  267063    4.7272575e+04   7.355690e+05   0.000000e+00   9066s
  267183    4.7272576e+04   2.703816e+04   0.000000e+00   9071s
  267293    4.7272576e+04   2.546681e+04   0.000000e+00   9076s
  267413    4.7272576e+04   3.814137e+04   0.000000e+00   9081s
  267533    4.7272576e+04   2.264358e+04   0.000000e+00   9087s
  267653    4.7272576e+04   1.163214e+04   0.000000e+00   9092s
  267773    4.7272576e+04   1.277816e+06   0.000000e+00   9097s
  267893    4.7272576e+04   5.847932e+03   0.000000e+00   9102s
  268013    4.7272576e+04   8.480827e+03   0.000000e+00   9107s
  268133    4.7272576e+04   7.381464e+03   0.000000e+00   9112s
  268243    4.7272576e+04   2.668971e+04   0.000000e+00   9117s
  268373    4.7272576e+04   5.394232e+03   0.000000e+00   9123s
  268493    4.7272576e+04   2.275937e+04   0.000000e+00   9128s
  268613    4.7272576e+04   4.472546e+05   0.000000e+00   9133s
  268733    4.7272576e+04   1.052589e+04   0.000000e+00   9138s
  268853    4.7272576e+04   1.129459e+04   0.000000e+00   9143s
  268973    4.7272576e+04   2.120937e+04   0.000000e+00   9148s
  269093    4.7272576e+04   4.753980e+03   0.000000e+00   9153s
  269213    4.7272576e+04   1.773050e+05   0.000000e+00   9158s
  269333    4.7272576e+04   3.082040e+03   0.000000e+00   9163s
  269453    4.7272576e+04   7.387346e+03   0.000000e+00   9168s
  269573    4.7272576e+04   1.324946e+04   0.000000e+00   9173s
  269693    4.7272576e+04   3.572236e+03   0.000000e+00   9177s
  269813    4.7272576e+04   1.144206e+04   0.000000e+00   9182s
  269933    4.7272576e+04   4.235168e+04   0.000000e+00   9187s
  270053    4.7272576e+04   2.812983e+04   0.000000e+00   9192s
  270183    4.7272576e+04   2.212206e+03   0.000000e+00   9197s
  270303    4.7272576e+04   1.500943e+04   0.000000e+00   9202s
  270433    4.7272576e+04   1.863570e+03   0.000000e+00   9207s
  270563    4.7272576e+04   2.405039e+03   0.000000e+00   9213s
  270703    4.7272576e+04   7.813440e+02   0.000000e+00   9218s
  270833    4.7272576e+04   3.004456e+03   0.000000e+00   9223s
  270963    4.7272576e+04   3.183731e+03   0.000000e+00   9228s
  271093    4.7272576e+04   2.700546e+03   0.000000e+00   9233s
  271223    4.7272576e+04   1.407397e+03   0.000000e+00   9238s
  271363    4.7272576e+04   2.680589e+02   0.000000e+00   9242s
  271493    4.7272576e+04   3.460291e+03   0.000000e+00   9247s
  271623    4.7272576e+04   4.451163e+03   0.000000e+00   9252s
  271763    4.7272576e+04   1.658508e+03   0.000000e+00   9257s
  271903    4.7272576e+04   8.934359e+03   0.000000e+00   9262s
  272043    4.7272576e+04   9.038305e+02   0.000000e+00   9267s
  272193    4.7272576e+04   2.547917e+03   0.000000e+00   9272s
  272343    4.7272576e+04   4.550600e+03   0.000000e+00   9277s
  272493    4.7272576e+04   1.290988e+02   0.000000e+00   9282s
  272643    4.7272576e+04   2.031575e+02   0.000000e+00   9287s
  272803    4.7272576e+04   6.284166e+01   0.000000e+00   9292s
  272963    4.7272576e+04   1.752343e+02   0.000000e+00   9297s
  273133    4.7272576e+04   1.927385e+01   0.000000e+00   9302s
  273313    4.7272576e+04   8.775686e+02   0.000000e+00   9307s
  273503    4.7272576e+04   1.038268e+01   0.000000e+00   9312s
  273562    4.7272539e+04   0.000000e+00   0.000000e+00   9315s

Root relaxation: objective 4.727254e+04, 273562 iterations, 8879.54 seconds (14871.15 work units)

    Nodes    |    Current Node    |     Objective Bounds      |     Work
 Expl Unexpl |  Obj  Depth IntInf | Incumbent    BestBd   Gap | It/Node Time

     0     0 47272.5389    0 5764 54060.0000 47272.5389  12.6%     - 9524s
H    0     0                    49196.000000 47272.5389  3.91%     - 9524s
H    0     0                    48195.000000 47272.5389  1.91%     - 9524s
H    0     0                    48194.000000 47272.5389  1.91%     - 9524s
H    0     0                    48180.000000 47272.5389  1.88%     - 9542s
H    0     0                    48156.000000 47272.5389  1.83%     - 9542s
H    0     0                    48088.000000 47272.5389  1.70%     - 9542s
H    0     0                    48068.000000 47272.5389  1.65%     - 9542s
H    0     0                    48063.000000 47272.5389  1.64%     - 9542s
H    0     0                    48062.000000 47272.5389  1.64%     - 9542s
H    0     0                    48055.000000 47272.5389  1.63%     - 9545s
H    0     0                    48053.000000 47272.5389  1.62%     - 9545s
H    0     0                    48050.000000 47272.5389  1.62%     - 9549s
H    0     0                    48048.000000 47272.5389  1.61%     - 9549s
H    0     0                    48034.000000 47272.5389  1.59%     - 9561s
H    0     0                    48033.000000 47272.5389  1.58%     - 9561s
H    0     0                    48032.000000 47272.5389  1.58%     - 9562s
H    0     0                    48031.000000 47272.5389  1.58%     - 9564s
H    0     0                    48030.000000 47272.5389  1.58%     - 9566s
H    0     0                    48027.000000 47272.5389  1.57%     - 9573s
H    0     0                    48024.000000 47272.5389  1.56%     - 9594s
H    0     0                    48023.000000 47272.5389  1.56%     - 9594s
H    0     0                    47733.000000 47272.5389  0.96%     - 9616s

Explored 1 nodes (277093 simplex iterations) in 9616.72 seconds (15597.81 work units)
Thread count was 32 (of 32 available processors)

Solution count 10: 47733 48023 48024 ... 48048

Optimal solution found (tolerance 1.00e-02)
Best objective 4.773300000000e+04, best bound 4.727300000000e+04, gap 0.9637%

User-callback calls 31086, time in user-callback 0.17 sec
