slot_index,a_km,e,i_deg,raan_deg,argp_deg,arg_lat_deg
0,6640.441128,0.000000,42.000000,6.750000,0.000000,0.000000
1,6640.441128,0.000000,42.000000,7.251393,0.000000,351.977716
2,6640.441128,0.000000,42.000000,7.752786,0.000000,343.955432
3,6640.441128,0.000000,42.000000,8.254178,0.000000,335.933148
4,6640.441128,0.000000,42.000000,8.755571,0.000000,327.910864
5,6640.441128,0.000000,42.000000,9.256964,0.000000,319.888579
6,6640.441128,0.000000,42.000000,9.758357,0.000000,311.866295
7,6640.441128,0.000000,42.000000,10.259749,0.000000,303.844011
8,6640.441128,0.000000,42.000000,10.761142,0.000000,295.821727
9,6640.441128,0.000000,42.000000,11.262535,0.000000,287.799443
10,6640.441128,0.000000,42.000000,11.763928,0.000000,279.777159
11,6640.441128,0.000000,42.000000,12.265320,0.000000,271.754875
12,6640.441128,0.000000,42.000000,12.766713,0.000000,263.732591
13,6640.441128,0.000000,42.000000,13.268106,0.000000,255.710306
14,6640.441128,0.000000,42.000000,13.769499,0.000000,247.688022
15,6640.441128,0.000000,42.000000,14.270891,0.000000,239.665738
16,6640.441128,0.000000,42.000000,14.772284,0.000000,231.643454
17,6640.441128,0.000000,42.000000,15.273677,0.000000,223.621170
18,6640.441128,0.000000,42.000000,15.775070,0.000000,215.598886
19,6640.441128,0.000000,42.000000,16.276462,0.000000,207.576602
20,6640.441128,0.000000,42.000000,16.777855,0.000000,199.554318
21,6640.441128,0.000000,42.000000,17.279248,0.000000,191.532033
22,6640.441128,0.000000,42.000000,17.780641,0.000000,183.509749
23,6640.441128,0.000000,42.000000,18.282033,0.000000,175.487465
25,6640.441128,0.000000,42.000000,19.284819,0.000000,159.442897
27,6640.441128,0.000000,42.000000,20.287604,0.000000,143.398329
28,6640.441128,0.000000,42.000000,20.788997,0.000000,135.376045
29,6640.441128,0.000000,42.000000,21.290390,0.000000,127.353760
30,6640.441128,0.000000,42.000000,21.791783,0.000000,119.331476
31,6640.441128,0.000000,42.000000,22.293175,0.000000,111.309192
32,6640.441128,0.000000,42.000000,22.794568,0.000000,103.286908
33,6640.441128,0.000000,42.000000,23.295961,0.000000,95.264624
34,6640.441128,0.000000,42.000000,23.797354,0.000000,87.242340
35,6640.441128,0.000000,42.000000,24.298747,0.000000,79.220056
36,6640.441128,0.000000,42.000000,24.800139,0.000000,71.197772
37,6640.441128,0.000000,42.000000,25.301532,0.000000,63.175487
38,6640.441128,0.000000,42.000000,25.802925,0.000000,55.153203
39,6640.441128,0.000000,42.000000,26.304318,0.000000,47.130919
40,6640.441128,0.000000,42.000000,26.805710,0.000000,39.108635
41,6640.441128,0.000000,42.000000,27.307103,0.000000,31.086351
42,6640.441128,0.000000,42.000000,27.808496,0.000000,23.064067
43,6640.441128,0.000000,42.000000,28.309889,0.000000,15.041783
44,6640.441128,0.000000,42.000000,28.811281,0.000000,7.019499
45,6640.441128,0.000000,42.000000,29.312674,0.000000,358.997214
46,6640.441128,0.000000,42.000000,29.814067,0.000000,350.974930
47,6640.441128,0.000000,42.000000,30.315460,0.000000,342.952646
48,6640.441128,0.000000,42.000000,30.816852,0.000000,334.930362
49,6640.441128,0.000000,42.000000,31.318245,0.000000,326.908078
50,6640.441128,0.000000,42.000000,31.819638,0.000000,318.885794
51,6640.441128,0.000000,42.000000,32.321031,0.000000,310.863510
52,6640.441128,0.000000,42.000000,32.822423,0.000000,302.841226
53,6640.441128,0.000000,42.000000,33.323816,0.000000,294.818942
54,6640.441128,0.000000,42.000000,33.825209,0.000000,286.796657
55,6640.441128,0.000000,42.000000,34.326602,0.000000,278.774373
57,6640.441128,0.000000,42.000000,35.329387,0.000000,262.729805
58,6640.441128,0.000000,42.000000,35.830780,0.000000,254.707521
59,6640.441128,0.000000,42.000000,36.332173,0.000000,246.685237
60,6640.441128,0.000000,42.000000,36.833565,0.000000,238.662953
61,6640.441128,0.000000,42.000000,37.334958,0.000000,230.640669
62,6640.441128,0.000000,42.000000,37.836351,0.000000,222.618384
63,6640.441128,0.000000,42.000000,38.337744,0.000000,214.596100
64,6640.441128,0.000000,42.000000,38.839136,0.000000,206.573816
65,6640.441128,0.000000,42.000000,39.340529,0.000000,198.551532
66,6640.441128,0.000000,42.000000,39.841922,0.000000,190.529248
67,6640.441128,0.000000,42.000000,40.343315,0.000000,182.506964
68,6640.441128,0.000000,42.000000,40.844708,0.000000,174.484680
69,6640.441128,0.000000,42.000000,41.346100,0.000000,166.462396
70,6640.441128,0.000000,42.000000,41.847493,0.000000,158.440111
71,6640.441128,0.000000,42.000000,42.348886,0.000000,150.417827
72,6640.441128,0.000000,42.000000,42.850279,0.000000,142.395543
73,6640.441128,0.000000,42.000000,43.351671,0.000000,134.373259
74,6640.441128,0.000000,42.000000,43.853064,0.000000,126.350975
75,6640.441128,0.000000,42.000000,44.354457,0.000000,118.328691
76,6640.441128,0.000000,42.000000,44.855850,0.000000,110.306407
77,6640.441128,0.000000,42.000000,45.357242,0.000000,102.284123
78,6640.441128,0.000000,42.000000,45.858635,0.000000,94.261838
79,6640.441128,0.000000,42.000000,46.360028,0.000000,86.239554
80,6640.441128,0.000000,42.000000,46.861421,0.000000,78.217270
81,6640.441128,0.000000,42.000000,47.362813,0.000000,70.194986
82,6640.441128,0.000000,42.000000,47.864206,0.000000,62.172702
83,6640.441128,0.000000,42.000000,48.365599,0.000000,54.150418
84,6640.441128,0.000000,42.000000,48.866992,0.000000,46.128134
85,6640.441128,0.000000,42.000000,49.368384,0.000000,38.105850
86,6640.441128,0.000000,42.000000,49.869777,0.000000,30.083565
87,6640.441128,0.000000,42.000000,50.371170,0.000000,22.061281
88,6640.441128,0.000000,42.000000,50.872563,0.000000,14.038997
89,6640.441128,0.000000,42.000000,51.373955,0.000000,6.016713
90,6640.441128,0.000000,42.000000,51.875348,0.000000,357.994429
91,6640.441128,0.000000,42.000000,52.376741,0.000000,349.972145
92,6640.441128,0.000000,42.000000,52.878134,0.000000,341.949861
93,6640.441128,0.000000,42.000000,53.379526,0.000000,333.927577
94,6640.441128,0.000000,42.000000,53.880919,0.000000,325.905292
95,6640.441128,0.000000,42.000000,54.382312,0.000000,317.883008
96,6640.441128,0.000000,42.000000,54.883705,0.000000,309.860724
97,6640.441128,0.000000,42.000000,55.385097,0.000000,301.838440
98,6640.441128,0.000000,42.000000,55.886490,0.000000,293.816156
99,6640.441128,0.000000,42.000000,56.387883,0.000000,285.793872
100,6640.441128,0.000000,42.000000,56.889276,0.000000,277.771588
101,6640.441128,0.000000,42.000000,57.390669,0.000000,269.749304
102,6640.441128,0.000000,42.000000,57.892061,0.000000,261.727019
103,6640.441128,0.000000,42.000000,58.393454,0.000000,253.704735
104,6640.441128,0.000000,42.000000,58.894847,0.000000,245.682451
105,6640.441128,0.000000,42.000000,59.396240,0.000000,237.660167
106,6640.441128,0.000000,42.000000,59.897632,0.000000,229.637883
107,6640.441128,0.000000,42.000000,60.399025,0.000000,221.615599
108,6640.441128,0.000000,42.000000,60.900418,0.000000,213.593315
109,6640.441128,0.000000,42.000000,61.401811,0.000000,205.571031
110,6640.441128,0.000000,42.000000,61.903203,0.000000,197.548747
111,6640.441128,0.000000,42.000000,62.404596,0.000000,189.526462
112,6640.441128,0.000000,42.000000,62.905989,0.000000,181.504178
113,6640.441128,0.000000,42.000000,63.407382,0.000000,173.481894
114,6640.441128,0.000000,42.000000,63.908774,0.000000,165.459610
115,6640.441128,0.000000,42.000000,64.410167,0.000000,157.437326
116,6640.441128,0.000000,42.000000,64.911560,0.000000,149.415042
117,6640.441128,0.000000,42.000000,65.412953,0.000000,141.392758
118,6640.441128,0.000000,42.000000,65.914345,0.000000,133.370474
119,6640.441128,0.000000,42.000000,66.415738,0.000000,125.348189
120,6640.441128,0.000000,42.000000,66.917131,0.000000,117.325905
121,6640.441128,0.000000,42.000000,67.418524,0.000000,109.303621
123,6640.441128,0.000000,42.000000,68.421309,0.000000,93.259053
124,6640.441128,0.000000,42.000000,68.922702,0.000000,85.236769
125,6640.441128,0.000000,42.000000,69.424095,0.000000,77.214485
126,6640.441128,0.000000,42.000000,69.925487,0.000000,69.192201
127,6640.441128,0.000000,42.000000,70.426880,0.000000,61.169916
128,6640.441128,0.000000,42.000000,70.928273,0.000000,53.147632
129,6640.441128,0.000000,42.000000,71.429666,0.000000,45.125348
130,6640.441128,0.000000,42.000000,71.931058,0.000000,37.103064
131,6640.441128,0.000000,42.000000,72.432451,0.000000,29.080780
132,6640.441128,0.000000,42.000000,72.933844,0.000000,21.058496
133,6640.441128,0.000000,42.000000,73.435237,0.000000,13.036212
134,6640.441128,0.000000,42.000000,73.936630,0.000000,5.013928
135,6640.441128,0.000000,42.000000,74.438022,0.000000,356.991643
136,6640.441128,0.000000,42.000000,74.939415,0.000000,348.969359
137,6640.441128,0.000000,42.000000,75.440808,0.000000,340.947075
138,6640.441128,0.000000,42.000000,75.942201,0.000000,332.924791
139,6640.441128,0.000000,42.000000,76.443593,0.000000,324.902507
140,6640.441128,0.000000,42.000000,76.944986,0.000000,316.880223
141,6640.441128,0.000000,42.000000,77.446379,0.000000,308.857939
142,6640.441128,0.000000,42.000000,77.947772,0.000000,300.835655
143,6640.441128,0.000000,42.000000,78.449164,0.000000,292.813370
145,6640.441128,0.000000,42.000000,79.451950,0.000000,276.768802
146,6640.441128,0.000000,42.000000,79.953343,0.000000,268.746518
148,6640.441128,0.000000,42.000000,80.956128,0.000000,252.701950
149,6640.441128,0.000000,42.000000,81.457521,0.000000,244.679666
150,6640.441128,0.000000,42.000000,81.958914,0.000000,236.657382
151,6640.441128,0.000000,42.000000,82.460306,0.000000,228.635097
152,6640.441128,0.000000,42.000000,82.961699,0.000000,220.612813
153,6640.441128,0.000000,42.000000,83.463092,0.000000,212.590529
154,6640.441128,0.000000,42.000000,83.964485,0.000000,204.568245
155,6640.441128,0.000000,42.000000,84.465877,0.000000,196.545961
156,6640.441128,0.000000,42.000000,84.967270,0.000000,188.523677
157,6640.441128,0.000000,42.000000,85.468663,0.000000,180.501393
158,6640.441128,0.000000,42.000000,85.970056,0.000000,172.479109
159,6640.441128,0.000000,42.000000,86.471448,0.000000,164.456825
160,6640.441128,0.000000,42.000000,86.972841,0.000000,156.434540
161,6640.441128,0.000000,42.000000,87.474234,0.000000,148.412256
162,6640.441128,0.000000,42.000000,87.975627,0.000000,140.389972
163,6640.441128,0.000000,42.000000,88.477019,0.000000,132.367688
164,6640.441128,0.000000,42.000000,88.978412,0.000000,124.345404
165,6640.441128,0.000000,42.000000,89.479805,0.000000,116.323120
167,6640.441128,0.000000,42.000000,90.482591,0.000000,100.278552
168,6640.441128,0.000000,42.000000,90.983983,0.000000,92.256267
169,6640.441128,0.000000,42.000000,91.485376,0.000000,84.233983
170,6640.441128,0.000000,42.000000,91.986769,0.000000,76.211699
171,6640.441128,0.000000,42.000000,92.488162,0.000000,68.189415
172,6640.441128,0.000000,42.000000,92.989554,0.000000,60.167131
173,6640.441128,0.000000,42.000000,93.490947,0.000000,52.144847
174,6640.441128,0.000000,42.000000,93.992340,0.000000,44.122563
175,6640.441128,0.000000,42.000000,94.493733,0.000000,36.100279
176,6640.441128,0.000000,42.000000,94.995125,0.000000,28.077994
177,6640.441128,0.000000,42.000000,95.496518,0.000000,20.055710
178,6640.441128,0.000000,42.000000,95.997911,0.000000,12.033426
179,6640.441128,0.000000,42.000000,96.499304,0.000000,4.011142
180,6640.441128,0.000000,42.000000,97.000696,0.000000,355.988858
181,6640.441128,0.000000,42.000000,97.502089,0.000000,347.966574
182,6640.441128,0.000000,42.000000,98.003482,0.000000,339.944290
183,6640.441128,0.000000,42.000000,98.504875,0.000000,331.922006
184,6640.441128,0.000000,42.000000,99.006267,0.000000,323.899721
185,6640.441128,0.000000,42.000000,99.507660,0.000000,315.877437
186,6640.441128,0.000000,42.000000,100.009053,0.000000,307.855153
187,6640.441128,0.000000,42.000000,100.510446,0.000000,299.832869
188,6640.441128,0.000000,42.000000,101.011838,0.000000,291.810585
189,6640.441128,0.000000,42.000000,101.513231,0.000000,283.788301
191,6640.441128,0.000000,42.000000,102.516017,0.000000,267.743733
192,6640.441128,0.000000,42.000000,103.017409,0.000000,259.721448
193,6640.441128,0.000000,42.000000,103.518802,0.000000,251.699164
194,6640.441128,0.000000,42.000000,104.020195,0.000000,243.676880
196,6640.441128,0.000000,42.000000,105.022981,0.000000,227.632312
197,6640.441128,0.000000,42.000000,105.524373,0.000000,219.610028
198,6640.441128,0.000000,42.000000,106.025766,0.000000,211.587744
199,6640.441128,0.000000,42.000000,106.527159,0.000000,203.565460
200,6640.441128,0.000000,42.000000,107.028552,0.000000,195.543175
201,6640.441128,0.000000,42.000000,107.529944,0.000000,187.520891
202,6640.441128,0.000000,42.000000,108.031337,0.000000,179.498607
203,6640.441128,0.000000,42.000000,108.532730,0.000000,171.476323
204,6640.441128,0.000000,42.000000,109.034123,0.000000,163.454039
205,6640.441128,0.000000,42.000000,109.535515,0.000000,155.431755
206,6640.441128,0.000000,42.000000,110.036908,0.000000,147.409471
207,6640.441128,0.000000,42.000000,110.538301,0.000000,139.387187
208,6640.441128,0.000000,42.000000,111.039694,0.000000,131.364903
209,6640.441128,0.000000,42.000000,111.541086,0.000000,123.342618
210,6640.441128,0.000000,42.000000,112.042479,0.000000,115.320334
211,6640.441128,0.000000,42.000000,112.543872,0.000000,107.298050
212,6640.441128,0.000000,42.000000,113.045265,0.000000,99.275766
213,6640.441128,0.000000,42.000000,113.546657,0.000000,91.253482
214,6640.441128,0.000000,42.000000,114.048050,0.000000,83.231198
215,6640.441128,0.000000,42.000000,114.549443,0.000000,75.208914
216,6640.441128,0.000000,42.000000,115.050836,0.000000,67.186630
217,6640.441128,0.000000,42.000000,115.552228,0.000000,59.164345
218,6640.441128,0.000000,42.000000,116.053621,0.000000,51.142061
219,6640.441128,0.000000,42.000000,116.555014,0.000000,43.119777
220,6640.441128,0.000000,42.000000,117.056407,0.000000,35.097493
221,6640.441128,0.000000,42.000000,117.557799,0.000000,27.075209
222,6640.441128,0.000000,42.000000,118.059192,0.000000,19.052925
223,6640.441128,0.000000,42.000000,118.560585,0.000000,11.030641
224,6640.441128,0.000000,42.000000,119.061978,0.000000,3.008357
225,6640.441128,0.000000,42.000000,119.563370,0.000000,354.986072
226,6640.441128,0.000000,42.000000,120.064763,0.000000,346.963788
227,6640.441128,0.000000,42.000000,120.566156,0.000000,338.941504
228,6640.441128,0.000000,42.000000,121.067549,0.000000,330.919220
229,6640.441128,0.000000,42.000000,121.568942,0.000000,322.896936
230,6640.441128,0.000000,42.000000,122.070334,0.000000,314.874652
231,6640.441128,0.000000,42.000000,122.571727,0.000000,306.852368
232,6640.441128,0.000000,42.000000,123.073120,0.000000,298.830084
233,6640.441128,0.000000,42.000000,123.574513,0.000000,290.807799
234,6640.441128,0.000000,42.000000,124.075905,0.000000,282.785515
235,6640.441128,0.000000,42.000000,124.577298,0.000000,274.763231
236,6640.441128,0.000000,42.000000,125.078691,0.000000,266.740947
237,6640.441128,0.000000,42.000000,125.580084,0.000000,258.718663
238,6640.441128,0.000000,42.000000,126.081476,0.000000,250.696379
239,6640.441128,0.000000,42.000000,126.582869,0.000000,242.674095
240,6640.441128,0.000000,42.000000,127.084262,0.000000,234.651811
241,6640.441128,0.000000,42.000000,127.585655,0.000000,226.629526
242,6640.441128,0.000000,42.000000,128.087047,0.000000,218.607242
243,6640.441128,0.000000,42.000000,128.588440,0.000000,210.584958
244,6640.441128,0.000000,42.000000,129.089833,0.000000,202.562674
245,6640.441128,0.000000,42.000000,129.591226,0.000000,194.540390
246,6640.441128,0.000000,42.000000,130.092618,0.000000,186.518106
247,6640.441128,0.000000,42.000000,130.594011,0.000000,178.495822
248,6640.441128,0.000000,42.000000,131.095404,0.000000,170.473538
249,6640.441128,0.000000,42.000000,131.596797,0.000000,162.451253
250,6640.441128,0.000000,42.000000,132.098189,0.000000,154.428969
251,6640.441128,0.000000,42.000000,132.599582,0.000000,146.406685
252,6640.441128,0.000000,42.000000,133.100975,0.000000,138.384401
253,6640.441128,0.000000,42.000000,133.602368,0.000000,130.362117
254,6640.441128,0.000000,42.000000,134.103760,0.000000,122.339833
255,6640.441128,0.000000,42.000000,134.605153,0.000000,114.317549
256,6640.441128,0.000000,42.000000,135.106546,0.000000,106.295265
257,6640.441128,0.000000,42.000000,135.607939,0.000000,98.272981
258,6640.441128,0.000000,42.000000,136.109331,0.000000,90.250696
259,6640.441128,0.000000,42.000000,136.610724,0.000000,82.228412
260,6640.441128,0.000000,42.000000,137.112117,0.000000,74.206128
261,6640.441128,0.000000,42.000000,137.613510,0.000000,66.183844
262,6640.441128,0.000000,42.000000,138.114903,0.000000,58.161560
263,6640.441128,0.000000,42.000000,138.616295,0.000000,50.139276
265,6640.441128,0.000000,42.000000,139.619081,0.000000,34.094708
266,6640.441128,0.000000,42.000000,140.120474,0.000000,26.072423
267,6640.441128,0.000000,42.000000,140.621866,0.000000,18.050139
268,6640.441128,0.000000,42.000000,141.123259,0.000000,10.027855
269,6640.441128,0.000000,42.000000,141.624652,0.000000,2.005571
270,6640.441128,0.000000,42.000000,142.126045,0.000000,353.983287
271,6640.441128,0.000000,42.000000,142.627437,0.000000,345.961003
272,6640.441128,0.000000,42.000000,143.128830,0.000000,337.938719
273,6640.441128,0.000000,42.000000,143.630223,0.000000,329.916435
274,6640.441128,0.000000,42.000000,144.131616,0.000000,321.894150
275,6640.441128,0.000000,42.000000,144.633008,0.000000,313.871866
276,6640.441128,0.000000,42.000000,145.134401,0.000000,305.849582
277,6640.441128,0.000000,42.000000,145.635794,0.000000,297.827298
278,6640.441128,0.000000,42.000000,146.137187,0.000000,289.805014
279,6640.441128,0.000000,42.000000,146.638579,0.000000,281.782730
280,6640.441128,0.000000,42.000000,147.139972,0.000000,273.760446
281,6640.441128,0.000000,42.000000,147.641365,0.000000,265.738162
282,6640.441128,0.000000,42.000000,148.142758,0.000000,257.715877
283,6640.441128,0.000000,42.000000,148.644150,0.000000,249.693593
285,6640.441128,0.000000,42.000000,149.646936,0.000000,233.649025
286,6640.441128,0.000000,42.000000,150.148329,0.000000,225.626741
287,6640.441128,0.000000,42.000000,150.649721,0.000000,217.604457
288,6640.441128,0.000000,42.000000,151.151114,0.000000,209.582173
289,6640.441128,0.000000,42.000000,151.652507,0.000000,201.559889
290,6640.441128,0.000000,42.000000,152.153900,0.000000,193.537604
291,6640.441128,0.000000,42.000000,152.655292,0.000000,185.515320
292,6640.441128,0.000000,42.000000,153.156685,0.000000,177.493036
293,6640.441128,0.000000,42.000000,153.658078,0.000000,169.470752
295,6640.441128,0.000000,42.000000,154.660864,0.000000,153.426184
296,6640.441128,0.000000,42.000000,155.162256,0.000000,145.403900
297,6640.441128,0.000000,42.000000,155.663649,0.000000,137.381616
298,6640.441128,0.000000,42.000000,156.165042,0.000000,129.359331
299,6640.441128,0.000000,42.000000,156.666435,0.000000,121.337047
300,6640.441128,0.000000,42.000000,157.167827,0.000000,113.314763
301,6640.441128,0.000000,42.000000,157.669220,0.000000,105.292479
302,6640.441128,0.000000,42.000000,158.170613,0.000000,97.270195
303,6640.441128,0.000000,42.000000,158.672006,0.000000,89.247911
304,6640.441128,0.000000,42.000000,159.173398,0.000000,81.225627
305,6640.441128,0.000000,42.000000,159.674791,0.000000,73.203343
306,6640.441128,0.000000,42.000000,160.176184,0.000000,65.181058
307,6640.441128,0.000000,42.000000,160.677577,0.000000,57.158774
308,6640.441128,0.000000,42.000000,161.178969,0.000000,49.136490
309,6640.441128,0.000000,42.000000,161.680362,0.000000,41.114206
310,6640.441128,0.000000,42.000000,162.181755,0.000000,33.091922
311,6640.441128,0.000000,42.000000,162.683148,0.000000,25.069638
312,6640.441128,0.000000,42.000000,163.184540,0.000000,17.047354
313,6640.441128,0.000000,42.000000,163.685933,0.000000,9.025070
314,6640.441128,0.000000,42.000000,164.187326,0.000000,1.002786
315,6640.441128,0.000000,42.000000,164.688719,0.000000,352.980501
316,6640.441128,0.000000,42.000000,165.190111,0.000000,344.958217
317,6640.441128,0.000000,42.000000,165.691504,0.000000,336.935933
318,6640.441128,0.000000,42.000000,166.192897,0.000000,328.913649
319,6640.441128,0.000000,42.000000,166.694290,0.000000,320.891365
320,6640.441128,0.000000,42.000000,167.195682,0.000000,312.869081
321,6640.441128,0.000000,42.000000,167.697075,0.000000,304.846797
322,6640.441128,0.000000,42.000000,168.198468,0.000000,296.824513
323,6640.441128,0.000000,42.000000,168.699861,0.000000,288.802228
325,6640.441128,0.000000,42.000000,169.702646,0.000000,272.757660
326,6640.441128,0.000000,42.000000,170.204039,0.000000,264.735376
327,6640.441128,0.000000,42.000000,170.705432,0.000000,256.713092
328,6640.441128,0.000000,42.000000,171.206825,0.000000,248.690808
329,6640.441128,0.000000,42.000000,171.708217,0.000000,240.668524
330,6640.441128,0.000000,42.000000,172.209610,0.000000,232.646240
331,6640.441128,0.000000,42.000000,172.711003,0.000000,224.623955
333,6640.441128,0.000000,42.000000,173.713788,0.000000,208.579387
334,6640.441128,0.000000,42.000000,174.215181,0.000000,200.557103
335,6640.441128,0.000000,42.000000,174.716574,0.000000,192.534819
336,6640.441128,0.000000,42.000000,175.217967,0.000000,184.512535
337,6640.441128,0.000000,42.000000,175.719359,0.000000,176.490251
338,6640.441128,0.000000,42.000000,176.220752,0.000000,168.467967
339,6640.441128,0.000000,42.000000,176.722145,0.000000,160.445682
340,6640.441128,0.000000,42.000000,177.223538,0.000000,152.423398
341,6640.441128,0.000000,42.000000,177.724930,0.000000,144.401114
342,6640.441128,0.000000,42.000000,178.226323,0.000000,136.378830
343,6640.441128,0.000000,42.000000,178.727716,0.000000,128.356546
345,6640.441128,0.000000,42.000000,179.730501,0.000000,112.311978
346,6640.441128,0.000000,42.000000,180.231894,0.000000,104.289694
347,6640.441128,0.000000,42.000000,180.733287,0.000000,96.267409
348,6640.441128,0.000000,42.000000,181.234680,0.000000,88.245125
349,6640.441128,0.000000,42.000000,181.736072,0.000000,80.222841
350,6640.441128,0.000000,42.000000,182.237465,0.000000,72.200557
351,6640.441128,0.000000,42.000000,182.738858,0.000000,64.178273
352,6640.441128,0.000000,42.000000,183.240251,0.000000,56.155989
353,6640.441128,0.000000,42.000000,183.741643,0.000000,48.133705
354,6640.441128,0.000000,42.000000,184.243036,0.000000,40.111421
355,6640.441128,0.000000,42.000000,184.744429,0.000000,32.089136
356,6640.441128,0.000000,42.000000,185.245822,0.000000,24.066852
357,6640.441128,0.000000,42.000000,185.747214,0.000000,16.044568
358,6640.441128,0.000000,42.000000,186.248607,0.000000,8.022284
359,6640.441128,0.000000,42.000000,186.750000,0.000000,360.000000
360,6640.441128,0.000000,42.000000,187.251393,0.000000,351.977716
361,6640.441128,0.000000,42.000000,187.752786,0.000000,343.955432
362,6640.441128,0.000000,42.000000,188.254178,0.000000,335.933148
363,6640.441128,0.000000,42.000000,188.755571,0.000000,327.910864
364,6640.441128,0.000000,42.000000,189.256964,0.000000,319.888579
365,6640.441128,0.000000,42.000000,189.758357,0.000000,311.866295
366,6640.441128,0.000000,42.000000,190.259749,0.000000,303.844011
367,6640.441128,0.000000,42.000000,190.761142,0.000000,295.821727
368,6640.441128,0.000000,42.000000,191.262535,0.000000,287.799443
369,6640.441128,0.000000,42.000000,191.763928,0.000000,279.777159
370,6640.441128,0.000000,42.000000,192.265320,0.000000,271.754875
371,6640.441128,0.000000,42.000000,192.766713,0.000000,263.732591
372,6640.441128,0.000000,42.000000,193.268106,0.000000,255.710306
373,6640.441128,0.000000,42.000000,193.769499,0.000000,247.688022
374,6640.441128,0.000000,42.000000,194.270891,0.000000,239.665738
375,6640.441128,0.000000,42.000000,194.772284,0.000000,231.643454
376,6640.441128,0.000000,42.000000,195.273677,0.000000,223.621170
377,6640.441128,0.000000,42.000000,195.775070,0.000000,215.598886
378,6640.441128,0.000000,42.000000,196.276462,0.000000,207.576602
379,6640.441128,0.000000,42.000000,196.777855,0.000000,199.554318
380,6640.441128,0.000000,42.000000,197.279248,0.000000,191.532033
381,6640.441128,0.000000,42.000000,197.780641,0.000000,183.509749
383,6640.441128,0.000000,42.000000,198.783426,0.000000,167.465181
384,6640.441128,0.000000,42.000000,199.284819,0.000000,159.442897
385,6640.441128,0.000000,42.000000,199.786212,0.000000,151.420613
386,6640.441128,0.000000,42.000000,200.287604,0.000000,143.398329
387,6640.441128,0.000000,42.000000,200.788997,0.000000,135.376045
388,6640.441128,0.000000,42.000000,201.290390,0.000000,127.353760
389,6640.441128,0.000000,42.000000,201.791783,0.000000,119.331476
390,6640.441128,0.000000,42.000000,202.293175,0.000000,111.309192
391,6640.441128,0.000000,42.000000,202.794568,0.000000,103.286908
392,6640.441128,0.000000,42.000000,203.295961,0.000000,95.264624
393,6640.441128,0.000000,42.000000,203.797354,0.000000,87.242340
394,6640.441128,0.000000,42.000000,204.298747,0.000000,79.220056
395,6640.441128,0.000000,42.000000,204.800139,0.000000,71.197772
396,6640.441128,0.000000,42.000000,205.301532,0.000000,63.175487
397,6640.441128,0.000000,42.000000,205.802925,0.000000,55.153203
398,6640.441128,0.000000,42.000000,206.304318,0.000000,47.130919
399,6640.441128,0.000000,42.000000,206.805710,0.000000,39.108635
400,6640.441128,0.000000,42.000000,207.307103,0.000000,31.086351
401,6640.441128,0.000000,42.000000,207.808496,0.000000,23.064067
402,6640.441128,0.000000,42.000000,208.309889,0.000000,15.041783
403,6640.441128,0.000000,42.000000,208.811281,0.000000,7.019499
405,6640.441128,0.000000,42.000000,209.814067,0.000000,350.974930
406,6640.441128,0.000000,42.000000,210.315460,0.000000,342.952646
407,6640.441128,0.000000,42.000000,210.816852,0.000000,334.930362
408,6640.441128,0.000000,42.000000,211.318245,0.000000,326.908078
409,6640.441128,0.000000,42.000000,211.819638,0.000000,318.885794
410,6640.441128,0.000000,42.000000,212.321031,0.000000,310.863510
411,6640.441128,0.000000,42.000000,212.822423,0.000000,302.841226
412,6640.441128,0.000000,42.000000,213.323816,0.000000,294.818942
413,6640.441128,0.000000,42.000000,213.825209,0.000000,286.796657
414,6640.441128,0.000000,42.000000,214.326602,0.000000,278.774373
415,6640.441128,0.000000,42.000000,214.827994,0.000000,270.752089
416,6640.441128,0.000000,42.000000,215.329387,0.000000,262.729805
417,6640.441128,0.000000,42.000000,215.830780,0.000000,254.707521
418,6640.441128,0.000000,42.000000,216.332173,0.000000,246.685237
419,6640.441128,0.000000,42.000000,216.833565,0.000000,238.662953
420,6640.441128,0.000000,42.000000,217.334958,0.000000,230.640669
421,6640.441128,0.000000,42.000000,217.836351,0.000000,222.618384
423,6640.441128,0.000000,42.000000,218.839136,0.000000,206.573816
424,6640.441128,0.000000,42.000000,219.340529,0.000000,198.551532
425,6640.441128,0.000000,42.000000,219.841922,0.000000,190.529248
426,6640.441128,0.000000,42.000000,220.343315,0.000000,182.506964
427,6640.441128,0.000000,42.000000,220.844708,0.000000,174.484680
428,6640.441128,0.000000,42.000000,221.346100,0.000000,166.462396
429,6640.441128,0.000000,42.000000,221.847493,0.000000,158.440111
432,6640.441128,0.000000,42.000000,223.351671,0.000000,134.373259
433,6640.441128,0.000000,42.000000,223.853064,0.000000,126.350975
434,6640.441128,0.000000,42.000000,224.354457,0.000000,118.328691
435,6640.441128,0.000000,42.000000,224.855850,0.000000,110.306407
436,6640.441128,0.000000,42.000000,225.357242,0.000000,102.284123
437,6640.441128,0.000000,42.000000,225.858635,0.000000,94.261838
438,6640.441128,0.000000,42.000000,226.360028,0.000000,86.239554
439,6640.441128,0.000000,42.000000,226.861421,0.000000,78.217270
440,6640.441128,0.000000,42.000000,227.362813,0.000000,70.194986
441,6640.441128,0.000000,42.000000,227.864206,0.000000,62.172702
442,6640.441128,0.000000,42.000000,228.365599,0.000000,54.150418
443,6640.441128,0.000000,42.000000,228.866992,0.000000,46.128134
444,6640.441128,0.000000,42.000000,229.368384,0.000000,38.105850
445,6640.441128,0.000000,42.000000,229.869777,0.000000,30.083565
446,6640.441128,0.000000,42.000000,230.371170,0.000000,22.061281
447,6640.441128,0.000000,42.000000,230.872563,0.000000,14.038997
448,6640.441128,0.000000,42.000000,231.373955,0.000000,6.016713
449,6640.441128,0.000000,42.000000,231.875348,0.000000,357.994429
450,6640.441128,0.000000,42.000000,232.376741,0.000000,349.972145
451,6640.441128,0.000000,42.000000,232.878134,0.000000,341.949861
452,6640.441128,0.000000,42.000000,233.379526,0.000000,333.927577
453,6640.441128,0.000000,42.000000,233.880919,0.000000,325.905292
454,6640.441128,0.000000,42.000000,234.382312,0.000000,317.883008
455,6640.441128,0.000000,42.000000,234.883705,0.000000,309.860724
456,6640.441128,0.000000,42.000000,235.385097,0.000000,301.838440
457,6640.441128,0.000000,42.000000,235.886490,0.000000,293.816156
458,6640.441128,0.000000,42.000000,236.387883,0.000000,285.793872
459,6640.441128,0.000000,42.000000,236.889276,0.000000,277.771588
460,6640.441128,0.000000,42.000000,237.390669,0.000000,269.749304
461,6640.441128,0.000000,42.000000,237.892061,0.000000,261.727019
462,6640.441128,0.000000,42.000000,238.393454,0.000000,253.704735
463,6640.441128,0.000000,42.000000,238.894847,0.000000,245.682451
464,6640.441128,0.000000,42.000000,239.396240,0.000000,237.660167
465,6640.441128,0.000000,42.000000,239.897632,0.000000,229.637883
466,6640.441128,0.000000,42.000000,240.399025,0.000000,221.615599
467,6640.441128,0.000000,42.000000,240.900418,0.000000,213.593315
468,6640.441128,0.000000,42.000000,241.401811,0.000000,205.571031
469,6640.441128,0.000000,42.000000,241.903203,0.000000,197.548747
470,6640.441128,0.000000,42.000000,242.404596,0.000000,189.526462
471,6640.441128,0.000000,42.000000,242.905989,0.000000,181.504178
472,6640.441128,0.000000,42.000000,243.407382,0.000000,173.481894
473,6640.441128,0.000000,42.000000,243.908774,0.000000,165.459610
474,6640.441128,0.000000,42.000000,244.410167,0.000000,157.437326
475,6640.441128,0.000000,42.000000,244.911560,0.000000,149.415042
476,6640.441128,0.000000,42.000000,245.412953,0.000000,141.392758
477,6640.441128,0.000000,42.000000,245.914345,0.000000,133.370474
478,6640.441128,0.000000,42.000000,246.415738,0.000000,125.348189
479,6640.441128,0.000000,42.000000,246.917131,0.000000,117.325905
480,6640.441128,0.000000,42.000000,247.418524,0.000000,109.303621
481,6640.441128,0.000000,42.000000,247.919916,0.000000,101.281337
482,6640.441128,0.000000,42.000000,248.421309,0.000000,93.259053
483,6640.441128,0.000000,42.000000,248.922702,0.000000,85.236769
484,6640.441128,0.000000,42.000000,249.424095,0.000000,77.214485
485,6640.441128,0.000000,42.000000,249.925487,0.000000,69.192201
486,6640.441128,0.000000,42.000000,250.426880,0.000000,61.169916
487,6640.441128,0.000000,42.000000,250.928273,0.000000,53.147632
488,6640.441128,0.000000,42.000000,251.429666,0.000000,45.125348
489,6640.441128,0.000000,42.000000,251.931058,0.000000,37.103064
490,6640.441128,0.000000,42.000000,252.432451,0.000000,29.080780
491,6640.441128,0.000000,42.000000,252.933844,0.000000,21.058496
492,6640.441128,0.000000,42.000000,253.435237,0.000000,13.036212
493,6640.441128,0.000000,42.000000,253.936630,0.000000,5.013928
494,6640.441128,0.000000,42.000000,254.438022,0.000000,356.991643
495,6640.441128,0.000000,42.000000,254.939415,0.000000,348.969359
496,6640.441128,0.000000,42.000000,255.440808,0.000000,340.947075
497,6640.441128,0.000000,42.000000,255.942201,0.000000,332.924791
498,6640.441128,0.000000,42.000000,256.443593,0.000000,324.902507
499,6640.441128,0.000000,42.000000,256.944986,0.000000,316.880223
500,6640.441128,0.000000,42.000000,257.446379,0.000000,308.857939
501,6640.441128,0.000000,42.000000,257.947772,0.000000,300.835655
502,6640.441128,0.000000,42.000000,258.449164,0.000000,292.813370
503,6640.441128,0.000000,42.000000,258.950557,0.000000,284.791086
504,6640.441128,0.000000,42.000000,259.451950,0.000000,276.768802
505,6640.441128,0.000000,42.000000,259.953343,0.000000,268.746518
506,6640.441128,0.000000,42.000000,260.454735,0.000000,260.724234
507,6640.441128,0.000000,42.000000,260.956128,0.000000,252.701950
508,6640.441128,0.000000,42.000000,261.457521,0.000000,244.679666
509,6640.441128,0.000000,42.000000,261.958914,0.000000,236.657382
510,6640.441128,0.000000,42.000000,262.460306,0.000000,228.635097
511,6640.441128,0.000000,42.000000,262.961699,0.000000,220.612813
512,6640.441128,0.000000,42.000000,263.463092,0.000000,212.590529
513,6640.441128,0.000000,42.000000,263.964485,0.000000,204.568245
514,6640.441128,0.000000,42.000000,264.465877,0.000000,196.545961
515,6640.441128,0.000000,42.000000,264.967270,0.000000,188.523677
516,6640.441128,0.000000,42.000000,265.468663,0.000000,180.501393
517,6640.441128,0.000000,42.000000,265.970056,0.000000,172.479109
518,6640.441128,0.000000,42.000000,266.471448,0.000000,164.456825
519,6640.441128,0.000000,42.000000,266.972841,0.000000,156.434540
520,6640.441128,0.000000,42.000000,267.474234,0.000000,148.412256
521,6640.441128,0.000000,42.000000,267.975627,0.000000,140.389972
522,6640.441128,0.000000,42.000000,268.477019,0.000000,132.367688
523,6640.441128,0.000000,42.000000,268.978412,0.000000,124.345404
524,6640.441128,0.000000,42.000000,269.479805,0.000000,116.323120
525,6640.441128,0.000000,42.000000,269.981198,0.000000,108.300836
526,6640.441128,0.000000,42.000000,270.482591,0.000000,100.278552
527,6640.441128,0.000000,42.000000,270.983983,0.000000,92.256267
528,6640.441128,0.000000,42.000000,271.485376,0.000000,84.233983
529,6640.441128,0.000000,42.000000,271.986769,0.000000,76.211699
531,6640.441128,0.000000,42.000000,272.989554,0.000000,60.167131
532,6640.441128,0.000000,42.000000,273.490947,0.000000,52.144847
533,6640.441128,0.000000,42.000000,273.992340,0.000000,44.122563
534,6640.441128,0.000000,42.000000,274.493733,0.000000,36.100279
535,6640.441128,0.000000,42.000000,274.995125,0.000000,28.077994
536,6640.441128,0.000000,42.000000,275.496518,0.000000,20.055710
537,6640.441128,0.000000,42.000000,275.997911,0.000000,12.033426
538,6640.441128,0.000000,42.000000,276.499304,0.000000,4.011142
539,6640.441128,0.000000,42.000000,277.000696,0.000000,355.988858
540,6640.441128,0.000000,42.000000,277.502089,0.000000,347.966574
541,6640.441128,0.000000,42.000000,278.003482,0.000000,339.944290
542,6640.441128,0.000000,42.000000,278.504875,0.000000,331.922006
543,6640.441128,0.000000,42.000000,279.006267,0.000000,323.899721
544,6640.441128,0.000000,42.000000,279.507660,0.000000,315.877437
545,6640.441128,0.000000,42.000000,280.009053,0.000000,307.855153
546,6640.441128,0.000000,42.000000,280.510446,0.000000,299.832869
547,6640.441128,0.000000,42.000000,281.011838,0.000000,291.810585
548,6640.441128,0.000000,42.000000,281.513231,0.000000,283.788301
549,6640.441128,0.000000,42.000000,282.014624,0.000000,275.766017
550,6640.441128,0.000000,42.000000,282.516017,0.000000,267.743733
551,6640.441128,0.000000,42.000000,283.017409,0.000000,259.721448
552,6640.441128,0.000000,42.000000,283.518802,0.000000,251.699164
553,6640.441128,0.000000,42.000000,284.020195,0.000000,243.676880
554,6640.441128,0.000000,42.000000,284.521588,0.000000,235.654596
555,6640.441128,0.000000,42.000000,285.022981,0.000000,227.632312
556,6640.441128,0.000000,42.000000,285.524373,0.000000,219.610028
557,6640.441128,0.000000,42.000000,286.025766,0.000000,211.587744
558,6640.441128,0.000000,42.000000,286.527159,0.000000,203.565460
559,6640.441128,0.000000,42.000000,287.028552,0.000000,195.543175
560,6640.441128,0.000000,42.000000,287.529944,0.000000,187.520891
561,6640.441128,0.000000,42.000000,288.031337,0.000000,179.498607
563,6640.441128,0.000000,42.000000,289.034123,0.000000,163.454039
564,6640.441128,0.000000,42.000000,289.535515,0.000000,155.431755
565,6640.441128,0.000000,42.000000,290.036908,0.000000,147.409471
566,6640.441128,0.000000,42.000000,290.538301,0.000000,139.387187
567,6640.441128,0.000000,42.000000,291.039694,0.000000,131.364903
568,6640.441128,0.000000,42.000000,291.541086,0.000000,123.342618
569,6640.441128,0.000000,42.000000,292.042479,0.000000,115.320334
570,6640.441128,0.000000,42.000000,292.543872,0.000000,107.298050
571,6640.441128,0.000000,42.000000,293.045265,0.000000,99.275766
572,6640.441128,0.000000,42.000000,293.546657,0.000000,91.253482
573,6640.441128,0.000000,42.000000,294.048050,0.000000,83.231198
574,6640.441128,0.000000,42.000000,294.549443,0.000000,75.208914
575,6640.441128,0.000000,42.000000,295.050836,0.000000,67.186630
576,6640.441128,0.000000,42.000000,295.552228,0.000000,59.164345
577,6640.441128,0.000000,42.000000,296.053621,0.000000,51.142061
578,6640.441128,0.000000,42.000000,296.555014,0.000000,43.119777
580,6640.441128,0.000000,42.000000,297.557799,0.000000,27.075209
581,6640.441128,0.000000,42.000000,298.059192,0.000000,19.052925
582,6640.441128,0.000000,42.000000,298.560585,0.000000,11.030641
583,6640.441128,0.000000,42.000000,299.061978,0.000000,3.008357
584,6640.441128,0.000000,42.000000,299.563370,0.000000,354.986072
585,6640.441128,0.000000,42.000000,300.064763,0.000000,346.963788
586,6640.441128,0.000000,42.000000,300.566156,0.000000,338.941504
587,6640.441128,0.000000,42.000000,301.067549,0.000000,330.919220
588,6640.441128,0.000000,42.000000,301.568942,0.000000,322.896936
589,6640.441128,0.000000,42.000000,302.070334,0.000000,314.874652
590,6640.441128,0.000000,42.000000,302.571727,0.000000,306.852368
591,6640.441128,0.000000,42.000000,303.073120,0.000000,298.830084
592,6640.441128,0.000000,42.000000,303.574513,0.000000,290.807799
593,6640.441128,0.000000,42.000000,304.075905,0.000000,282.785515
594,6640.441128,0.000000,42.000000,304.577298,0.000000,274.763231
595,6640.441128,0.000000,42.000000,305.078691,0.000000,266.740947
596,6640.441128,0.000000,42.000000,305.580084,0.000000,258.718663
597,6640.441128,0.000000,42.000000,306.081476,0.000000,250.696379
598,6640.441128,0.000000,42.000000,306.582869,0.000000,242.674095
599,6640.441128,0.000000,42.000000,307.084262,0.000000,234.651811
600,6640.441128,0.000000,42.000000,307.585655,0.000000,226.629526
601,6640.441128,0.000000,42.000000,308.087047,0.000000,218.607242
602,6640.441128,0.000000,42.000000,308.588440,0.000000,210.584958
603,6640.441128,0.000000,42.000000,309.089833,0.000000,202.562674
604,6640.441128,0.000000,42.000000,309.591226,0.000000,194.540390
605,6640.441128,0.000000,42.000000,310.092618,0.000000,186.518106
606,6640.441128,0.000000,42.000000,310.594011,0.000000,178.495822
607,6640.441128,0.000000,42.000000,311.095404,0.000000,170.473538
608,6640.441128,0.000000,42.000000,311.596797,0.000000,162.451253
609,6640.441128,0.000000,42.000000,312.098189,0.000000,154.428969
610,6640.441128,0.000000,42.000000,312.599582,0.000000,146.406685
611,6640.441128,0.000000,42.000000,313.100975,0.000000,138.384401
612,6640.441128,0.000000,42.000000,313.602368,0.000000,130.362117
613,6640.441128,0.000000,42.000000,314.103760,0.000000,122.339833
614,6640.441128,0.000000,42.000000,314.605153,0.000000,114.317549
615,6640.441128,0.000000,42.000000,315.106546,0.000000,106.295265
616,6640.441128,0.000000,42.000000,315.607939,0.000000,98.272981
617,6640.441128,0.000000,42.000000,316.109331,0.000000,90.250696
618,6640.441128,0.000000,42.000000,316.610724,0.000000,82.228412
619,6640.441128,0.000000,42.000000,317.112117,0.000000,74.206128
620,6640.441128,0.000000,42.000000,317.613510,0.000000,66.183844
621,6640.441128,0.000000,42.000000,318.114903,0.000000,58.161560
622,6640.441128,0.000000,42.000000,318.616295,0.000000,50.139276
623,6640.441128,0.000000,42.000000,319.117688,0.000000,42.116992
624,6640.441128,0.000000,42.000000,319.619081,0.000000,34.094708
625,6640.441128,0.000000,42.000000,320.120474,0.000000,26.072423
626,6640.441128,0.000000,42.000000,320.621866,0.000000,18.050139
627,6640.441128,0.000000,42.000000,321.123259,0.000000,10.027855
628,6640.441128,0.000000,42.000000,321.624652,0.000000,2.005571
629,6640.441128,0.000000,42.000000,322.126045,0.000000,353.983287
630,6640.441128,0.000000,42.000000,322.627437,0.000000,345.961003
631,6640.441128,0.000000,42.000000,323.128830,0.000000,337.938719
632,6640.441128,0.000000,42.000000,323.630223,0.000000,329.916435
633,6640.441128,0.000000,42.000000,324.131616,0.000000,321.894150
634,6640.441128,0.000000,42.000000,324.633008,0.000000,313.871866
635,6640.441128,0.000000,42.000000,325.134401,0.000000,305.849582
636,6640.441128,0.000000,42.000000,325.635794,0.000000,297.827298
637,6640.441128,0.000000,42.000000,326.137187,0.000000,289.805014
638,6640.441128,0.000000,42.000000,326.638579,0.000000,281.782730
639,6640.441128,0.000000,42.000000,327.139972,0.000000,273.760446
640,6640.441128,0.000000,42.000000,327.641365,0.000000,265.738162
641,6640.441128,0.000000,42.000000,328.142758,0.000000,257.715877
643,6640.441128,0.000000,42.000000,329.145543,0.000000,241.671309
644,6640.441128,0.000000,42.000000,329.646936,0.000000,233.649025
645,6640.441128,0.000000,42.000000,330.148329,0.000000,225.626741
646,6640.441128,0.000000,42.000000,330.649721,0.000000,217.604457
647,6640.441128,0.000000,42.000000,331.151114,0.000000,209.582173
648,6640.441128,0.000000,42.000000,331.652507,0.000000,201.559889
649,6640.441128,0.000000,42.000000,332.153900,0.000000,193.537604
650,6640.441128,0.000000,42.000000,332.655292,0.000000,185.515320
651,6640.441128,0.000000,42.000000,333.156685,0.000000,177.493036
652,6640.441128,0.000000,42.000000,333.658078,0.000000,169.470752
653,6640.441128,0.000000,42.000000,334.159471,0.000000,161.448468
654,6640.441128,0.000000,42.000000,334.660864,0.000000,153.426184
655,6640.441128,0.000000,42.000000,335.162256,0.000000,145.403900
656,6640.441128,0.000000,42.000000,335.663649,0.000000,137.381616
657,6640.441128,0.000000,42.000000,336.165042,0.000000,129.359331
658,6640.441128,0.000000,42.000000,336.666435,0.000000,121.337047
659,6640.441128,0.000000,42.000000,337.167827,0.000000,113.314763
660,6640.441128,0.000000,42.000000,337.669220,0.000000,105.292479
661,6640.441128,0.000000,42.000000,338.170613,0.000000,97.270195
662,6640.441128,0.000000,42.000000,338.672006,0.000000,89.247911
663,6640.441128,0.000000,42.000000,339.173398,0.000000,81.225627
664,6640.441128,0.000000,42.000000,339.674791,0.000000,73.203343
665,6640.441128,0.000000,42.000000,340.176184,0.000000,65.181058
666,6640.441128,0.000000,42.000000,340.677577,0.000000,57.158774
667,6640.441128,0.000000,42.000000,341.178969,0.000000,49.136490
668,6640.441128,0.000000,42.000000,341.680362,0.000000,41.114206
669,6640.441128,0.000000,42.000000,342.181755,0.000000,33.091922
670,6640.441128,0.000000,42.000000,342.683148,0.000000,25.069638
671,6640.441128,0.000000,42.000000,343.184540,0.000000,17.047354
672,6640.441128,0.000000,42.000000,343.685933,0.000000,9.025070
673,6640.441128,0.000000,42.000000,344.187326,0.000000,1.002786
674,6640.441128,0.000000,42.000000,344.688719,0.000000,352.980501
675,6640.441128,0.000000,42.000000,345.190111,0.000000,344.958217
676,6640.441128,0.000000,42.000000,345.691504,0.000000,336.935933
677,6640.441128,0.000000,42.000000,346.192897,0.000000,328.913649
678,6640.441128,0.000000,42.000000,346.694290,0.000000,320.891365
679,6640.441128,0.000000,42.000000,347.195682,0.000000,312.869081
680,6640.441128,0.000000,42.000000,347.697075,0.000000,304.846797
681,6640.441128,0.000000,42.000000,348.198468,0.000000,296.824513
682,6640.441128,0.000000,42.000000,348.699861,0.000000,288.802228
683,6640.441128,0.000000,42.000000,349.201253,0.000000,280.779944
684,6640.441128,0.000000,42.000000,349.702646,0.000000,272.757660
685,6640.441128,0.000000,42.000000,350.204039,0.000000,264.735376
686,6640.441128,0.000000,42.000000,350.705432,0.000000,256.713092
687,6640.441128,0.000000,42.000000,351.206825,0.000000,248.690808
688,6640.441128,0.000000,42.000000,351.708217,0.000000,240.668524
689,6640.441128,0.000000,42.000000,352.209610,0.000000,232.646240
690,6640.441128,0.000000,42.000000,352.711003,0.000000,224.623955
691,6640.441128,0.000000,42.000000,353.212396,0.000000,216.601671
692,6640.441128,0.000000,42.000000,353.713788,0.000000,208.579387
693,6640.441128,0.000000,42.000000,354.215181,0.000000,200.557103
694,6640.441128,0.000000,42.000000,354.716574,0.000000,192.534819
695,6640.441128,0.000000,42.000000,355.217967,0.000000,184.512535
696,6640.441128,0.000000,42.000000,355.719359,0.000000,176.490251
697,6640.441128,0.000000,42.000000,356.220752,0.000000,168.467967
698,6640.441128,0.000000,42.000000,356.722145,0.000000,160.445682
699,6640.441128,0.000000,42.000000,357.223538,0.000000,152.423398
700,6640.441128,0.000000,42.000000,357.724930,0.000000,144.401114
701,6640.441128,0.000000,42.000000,358.226323,0.000000,136.378830
702,6640.441128,0.000000,42.000000,358.727716,0.000000,128.356546
703,6640.441128,0.000000,42.000000,359.229109,0.000000,120.334262
704,6640.441128,0.000000,42.000000,359.730501,0.000000,112.311978
705,6640.441128,0.000000,42.000000,0.231894,0.000000,104.289694
706,6640.441128,0.000000,42.000000,0.733287,0.000000,96.267409
707,6640.441128,0.000000,42.000000,1.234680,0.000000,88.245125
708,6640.441128,0.000000,42.000000,1.736072,0.000000,80.222841
709,6640.441128,0.000000,42.000000,2.237465,0.000000,72.200557
710,6640.441128,0.000000,42.000000,2.738858,0.000000,64.178273
711,6640.441128,0.000000,42.000000,3.240251,0.000000,56.155989
712,6640.441128,0.000000,42.000000,3.741643,0.000000,48.133705
713,6640.441128,0.000000,42.000000,4.243036,0.000000,40.111421
714,6640.441128,0.000000,42.000000,4.744429,0.000000,32.089136
715,6640.441128,0.000000,42.000000,5.245822,0.000000,24.066852
716,6640.441128,0.000000,42.000000,5.747214,0.000000,16.044568
717,6640.441128,0.000000,42.000000,6.248607,0.000000,8.022284
718,6640.441128,0.000000,43.000000,9.000000,0.000000,0.000000
721,6640.441128,0.000000,43.000000,10.504178,0.000000,335.933148
722,6640.441128,0.000000,43.000000,11.005571,0.000000,327.910864
724,6640.441128,0.000000,43.000000,12.008357,0.000000,311.866295
726,6640.441128,0.000000,43.000000,13.011142,0.000000,295.821727
727,6640.441128,0.000000,43.000000,13.512535,0.000000,287.799443
728,6640.441128,0.000000,43.000000,14.013928,0.000000,279.777159
742,6640.441128,0.000000,43.000000,21.033426,0.000000,167.465181
744,6640.441128,0.000000,43.000000,22.036212,0.000000,151.420613
746,6640.441128,0.000000,43.000000,23.038997,0.000000,135.376045
748,6640.441128,0.000000,43.000000,24.041783,0.000000,119.331476
750,6640.441128,0.000000,43.000000,25.044568,0.000000,103.286908
752,6640.441128,0.000000,43.000000,26.047354,0.000000,87.242340
754,6640.441128,0.000000,43.000000,27.050139,0.000000,71.197772
756,6640.441128,0.000000,43.000000,28.052925,0.000000,55.153203
757,6640.441128,0.000000,43.000000,28.554318,0.000000,47.130919
760,6640.441128,0.000000,43.000000,30.058496,0.000000,23.064067
762,6640.441128,0.000000,43.000000,31.061281,0.000000,7.019499
764,6640.441128,0.000000,43.000000,32.064067,0.000000,350.974930
766,6640.441128,0.000000,43.000000,33.066852,0.000000,334.930362
767,6640.441128,0.000000,43.000000,33.568245,0.000000,326.908078
768,6640.441128,0.000000,43.000000,34.069638,0.000000,318.885794
770,6640.441128,0.000000,43.000000,35.072423,0.000000,302.841226
772,6640.441128,0.000000,43.000000,36.075209,0.000000,286.796657
774,6640.441128,0.000000,43.000000,37.077994,0.000000,270.752089
776,6640.441128,0.000000,43.000000,38.080780,0.000000,254.707521
778,6640.441128,0.000000,43.000000,39.083565,0.000000,238.662953
782,6640.441128,0.000000,43.000000,41.089136,0.000000,206.573816
784,6640.441128,0.000000,43.000000,42.091922,0.000000,190.529248
786,6640.441128,0.000000,43.000000,43.094708,0.000000,174.484680
788,6640.441128,0.000000,43.000000,44.097493,0.000000,158.440111
790,6640.441128,0.000000,43.000000,45.100279,0.000000,142.395543
794,6640.441128,0.000000,43.000000,47.105850,0.000000,110.306407
796,6640.441128,0.000000,43.000000,48.108635,0.000000,94.261838
798,6640.441128,0.000000,43.000000,49.111421,0.000000,78.217270
800,6640.441128,0.000000,43.000000,50.114206,0.000000,62.172702
802,6640.441128,0.000000,43.000000,51.116992,0.000000,46.128134
803,6640.441128,0.000000,43.000000,51.618384,0.000000,38.105850
804,6640.441128,0.000000,43.000000,52.119777,0.000000,30.083565
806,6640.441128,0.000000,43.000000,53.122563,0.000000,14.038997
808,6640.441128,0.000000,43.000000,54.125348,0.000000,357.994429
814,6640.441128,0.000000,43.000000,57.133705,0.000000,309.860724
815,6640.441128,0.000000,43.000000,57.635097,0.000000,301.838440
816,6640.441128,0.000000,43.000000,58.136490,0.000000,293.816156
818,6640.441128,0.000000,43.000000,59.139276,0.000000,277.771588
819,6640.441128,0.000000,43.000000,59.640669,0.000000,269.749304
824,6640.441128,0.000000,43.000000,62.147632,0.000000,229.637883
826,6640.441128,0.000000,43.000000,63.150418,0.000000,213.593315
828,6640.441128,0.000000,43.000000,64.153203,0.000000,197.548747
830,6640.441128,0.000000,43.000000,65.155989,0.000000,181.504178
832,6640.441128,0.000000,43.000000,66.158774,0.000000,165.459610
834,6640.441128,0.000000,43.000000,67.161560,0.000000,149.415042
836,6640.441128,0.000000,43.000000,68.164345,0.000000,133.370474
837,6640.441128,0.000000,43.000000,68.665738,0.000000,125.348189
838,6640.441128,0.000000,43.000000,69.167131,0.000000,117.325905
840,6640.441128,0.000000,43.000000,70.169916,0.000000,101.281337
852,6640.441128,0.000000,43.000000,76.186630,0.000000,5.013928
854,6640.441128,0.000000,43.000000,77.189415,0.000000,348.969359
856,6640.441128,0.000000,43.000000,78.192201,0.000000,332.924791
861,6640.441128,0.000000,43.000000,80.699164,0.000000,292.813370
862,6640.441128,0.000000,43.000000,81.200557,0.000000,284.791086
865,6640.441128,0.000000,43.000000,82.704735,0.000000,260.724234
866,6640.441128,0.000000,43.000000,83.206128,0.000000,252.701950
872,6640.441128,0.000000,43.000000,86.214485,0.000000,204.568245
874,6640.441128,0.000000,43.000000,87.217270,0.000000,188.523677
876,6640.441128,0.000000,43.000000,88.220056,0.000000,172.479109
878,6640.441128,0.000000,43.000000,89.222841,0.000000,156.434540
880,6640.441128,0.000000,43.000000,90.225627,0.000000,140.389972
882,6640.441128,0.000000,43.000000,91.228412,0.000000,124.345404
884,6640.441128,0.000000,43.000000,92.231198,0.000000,108.300836
886,6640.441128,0.000000,43.000000,93.233983,0.000000,92.256267
888,6640.441128,0.000000,43.000000,94.236769,0.000000,76.211699
900,6640.441128,0.000000,43.000000,100.253482,0.000000,339.944290
906,6640.441128,0.000000,43.000000,103.261838,0.000000,291.810585
909,6640.441128,0.000000,43.000000,104.766017,0.000000,267.743733
913,6640.441128,0.000000,43.000000,106.771588,0.000000,235.654596
914,6640.441128,0.000000,43.000000,107.272981,0.000000,227.632312
916,6640.441128,0.000000,43.000000,108.275766,0.000000,211.587744
925,6640.441128,0.000000,43.000000,112.788301,0.000000,139.387187
934,6640.441128,0.000000,43.000000,117.300836,0.000000,67.186630
936,6640.441128,0.000000,43.000000,118.303621,0.000000,51.142061
938,6640.441128,0.000000,43.000000,119.306407,0.000000,35.097493
940,6640.441128,0.000000,43.000000,120.309192,0.000000,19.052925
944,6640.441128,0.000000,43.000000,122.314763,0.000000,346.963788
946,6640.441128,0.000000,43.000000,123.317549,0.000000,330.919220
948,6640.441128,0.000000,43.000000,124.320334,0.000000,314.874652
952,6640.441128,0.000000,43.000000,126.325905,0.000000,282.785515
954,6640.441128,0.000000,43.000000,127.328691,0.000000,266.740947
955,6640.441128,0.000000,43.000000,127.830084,0.000000,258.718663
962,6640.441128,0.000000,43.000000,131.339833,0.000000,202.562674
964,6640.441128,0.000000,43.000000,132.342618,0.000000,186.518106
965,6640.441128,0.000000,43.000000,132.844011,0.000000,178.495822
968,6640.441128,0.000000,43.000000,134.348189,0.000000,154.428969
971,6640.441128,0.000000,43.000000,135.852368,0.000000,130.362117
973,6640.441128,0.000000,43.000000,136.855153,0.000000,114.317549
982,6640.441128,0.000000,43.000000,141.367688,0.000000,42.116992
984,6640.441128,0.000000,43.000000,142.370474,0.000000,26.072423
986,6640.441128,0.000000,43.000000,143.373259,0.000000,10.027855
988,6640.441128,0.000000,43.000000,144.376045,0.000000,353.983287
990,6640.441128,0.000000,43.000000,145.378830,0.000000,337.938719
992,6640.441128,0.000000,43.000000,146.381616,0.000000,321.894150
994,6640.441128,0.000000,43.000000,147.384401,0.000000,305.849582
995,6640.441128,0.000000,43.000000,147.885794,0.000000,297.827298
996,6640.441128,0.000000,43.000000,148.387187,0.000000,289.805014
998,6640.441128,0.000000,43.000000,149.389972,0.000000,273.760446
1000,6640.441128,0.000000,43.000000,150.392758,0.000000,257.715877
1002,6640.441128,0.000000,43.000000,151.395543,0.000000,241.671309
1003,6640.441128,0.000000,43.000000,151.896936,0.000000,233.649025
1004,6640.441128,0.000000,43.000000,152.398329,0.000000,225.626741
1006,6640.441128,0.000000,43.000000,153.401114,0.000000,209.582173
1007,6640.441128,0.000000,43.000000,153.902507,0.000000,201.559889
1008,6640.441128,0.000000,43.000000,154.403900,0.000000,193.537604
1010,6640.441128,0.000000,43.000000,155.406685,0.000000,177.493036
1012,6640.441128,0.000000,43.000000,156.409471,0.000000,161.448468
1013,6640.441128,0.000000,43.000000,156.910864,0.000000,153.426184
1016,6640.441128,0.000000,43.000000,158.415042,0.000000,129.359331
1019,6640.441128,0.000000,43.000000,159.919220,0.000000,105.292479
1022,6640.441128,0.000000,43.000000,161.423398,0.000000,81.225627
1024,6640.441128,0.000000,43.000000,162.426184,0.000000,65.181058
1026,6640.441128,0.000000,43.000000,163.428969,0.000000,49.136490
1028,6640.441128,0.000000,43.000000,164.431755,0.000000,33.091922
1032,6640.441128,0.000000,43.000000,166.437326,0.000000,1.002786
1034,6640.441128,0.000000,43.000000,167.440111,0.000000,344.958217
1036,6640.441128,0.000000,43.000000,168.442897,0.000000,328.913649
1038,6640.441128,0.000000,43.000000,169.445682,0.000000,312.869081
1040,6640.441128,0.000000,43.000000,170.448468,0.000000,296.824513
1042,6640.441128,0.000000,43.000000,171.451253,0.000000,280.779944
1046,6640.441128,0.000000,43.000000,173.456825,0.000000,248.690808
1050,6640.441128,0.000000,43.000000,175.462396,0.000000,216.601671
1052,6640.441128,0.000000,43.000000,176.465181,0.000000,200.557103
1053,6640.441128,0.000000,43.000000,176.966574,0.000000,192.534819
1054,6640.441128,0.000000,43.000000,177.467967,0.000000,184.512535
1062,6640.441128,0.000000,43.000000,181.479109,0.000000,120.334262
1063,6640.441128,0.000000,43.000000,181.980501,0.000000,112.311978
1065,6640.441128,0.000000,43.000000,182.983287,0.000000,96.267409
1068,6640.441128,0.000000,43.000000,184.487465,0.000000,72.200557
1070,6640.441128,0.000000,43.000000,185.490251,0.000000,56.155989
1072,6640.441128,0.000000,43.000000,186.493036,0.000000,40.111421
1074,6640.441128,0.000000,43.000000,187.495822,0.000000,24.066852
1075,6640.441128,0.000000,43.000000,187.997214,0.000000,16.044568
1076,6640.441128,0.000000,43.000000,188.498607,0.000000,8.022284
1078,6640.441128,0.000000,43.000000,189.501393,0.000000,351.977716
1092,6640.441128,0.000000,43.000000,196.520891,0.000000,239.665738
1094,6640.441128,0.000000,43.000000,197.523677,0.000000,223.621170
1098,6640.441128,0.000000,43.000000,199.529248,0.000000,191.532033
1100,6640.441128,0.000000,43.000000,200.532033,0.000000,175.487465
1101,6640.441128,0.000000,43.000000,201.033426,0.000000,167.465181
1102,6640.441128,0.000000,43.000000,201.534819,0.000000,159.442897
1108,6640.441128,0.000000,43.000000,204.543175,0.000000,111.309192
1114,6640.441128,0.000000,43.000000,207.551532,0.000000,63.175487
1116,6640.441128,0.000000,43.000000,208.554318,0.000000,47.130919
1118,6640.441128,0.000000,43.000000,209.557103,0.000000,31.086351
1120,6640.441128,0.000000,43.000000,210.559889,0.000000,15.041783
1122,6640.441128,0.000000,43.000000,211.562674,0.000000,358.997214
1124,6640.441128,0.000000,43.000000,212.565460,0.000000,342.952646
1127,6640.441128,0.000000,43.000000,214.069638,0.000000,318.885794
1140,6640.441128,0.000000,43.000000,220.587744,0.000000,214.596100
1144,6640.441128,0.000000,43.000000,222.593315,0.000000,182.506964
1149,6640.441128,0.000000,43.000000,225.100279,0.000000,142.395543
1150,6640.441128,0.000000,43.000000,225.601671,0.000000,134.373259
1152,6640.441128,0.000000,43.000000,226.604457,0.000000,118.328691
1154,6640.441128,0.000000,43.000000,227.607242,0.000000,102.284123
1156,6640.441128,0.000000,43.000000,228.610028,0.000000,86.239554
1160,6640.441128,0.000000,43.000000,230.615599,0.000000,54.150418
1162,6640.441128,0.000000,43.000000,231.618384,0.000000,38.105850
1172,6640.441128,0.000000,43.000000,236.632312,0.000000,317.883008
1175,6640.441128,0.000000,43.000000,238.136490,0.000000,293.816156
1178,6640.441128,0.000000,43.000000,239.640669,0.000000,269.749304
1180,6640.441128,0.000000,43.000000,240.643454,0.000000,253.704735
1182,6640.441128,0.000000,43.000000,241.646240,0.000000,237.660167
1184,6640.441128,0.000000,43.000000,242.649025,0.000000,221.615599
1186,6640.441128,0.000000,43.000000,243.651811,0.000000,205.571031
1190,6640.441128,0.000000,43.000000,245.657382,0.000000,173.481894
1192,6640.441128,0.000000,43.000000,246.660167,0.000000,157.437326
1198,6640.441128,0.000000,43.000000,249.668524,0.000000,109.303621
1200,6640.441128,0.000000,43.000000,250.671309,0.000000,93.259053
1201,6640.441128,0.000000,43.000000,251.172702,0.000000,85.236769
1202,6640.441128,0.000000,43.000000,251.674095,0.000000,77.214485
1204,6640.441128,0.000000,43.000000,252.676880,0.000000,61.169916
1206,6640.441128,0.000000,43.000000,253.679666,0.000000,45.125348
1208,6640.441128,0.000000,43.000000,254.682451,0.000000,29.080780
1219,6640.441128,0.000000,43.000000,260.197772,0.000000,300.835655
1221,6640.441128,0.000000,43.000000,261.200557,0.000000,284.791086
1223,6640.441128,0.000000,43.000000,262.203343,0.000000,268.746518
1224,6640.441128,0.000000,43.000000,262.704735,0.000000,260.724234
1226,6640.441128,0.000000,43.000000,263.707521,0.000000,244.679666
1228,6640.441128,0.000000,43.000000,264.710306,0.000000,228.635097
1230,6640.441128,0.000000,43.000000,265.713092,0.000000,212.590529
1232,6640.441128,0.000000,43.000000,266.715877,0.000000,196.545961
1233,6640.441128,0.000000,43.000000,267.217270,0.000000,188.523677
1234,6640.441128,0.000000,43.000000,267.718663,0.000000,180.501393
1236,6640.441128,0.000000,43.000000,268.721448,0.000000,164.456825
1238,6640.441128,0.000000,43.000000,269.724234,0.000000,148.412256
1240,6640.441128,0.000000,43.000000,270.727019,0.000000,132.367688
1242,6640.441128,0.000000,43.000000,271.729805,0.000000,116.323120
1244,6640.441128,0.000000,43.000000,272.732591,0.000000,100.278552
1246,6640.441128,0.000000,43.000000,273.735376,0.000000,84.233983
1248,6640.441128,0.000000,43.000000,274.738162,0.000000,68.189415
1250,6640.441128,0.000000,43.000000,275.740947,0.000000,52.144847
1251,6640.441128,0.000000,43.000000,276.242340,0.000000,44.122563
1252,6640.441128,0.000000,43.000000,276.743733,0.000000,36.100279
1254,6640.441128,0.000000,43.000000,277.746518,0.000000,20.055710
1258,6640.441128,0.000000,43.000000,279.752089,0.000000,347.966574
1260,6640.441128,0.000000,43.000000,280.754875,0.000000,331.922006
1264,6640.441128,0.000000,43.000000,282.760446,0.000000,299.832869
1266,6640.441128,0.000000,43.000000,283.763231,0.000000,283.788301
1267,6640.441128,0.000000,43.000000,284.264624,0.000000,275.766017
1269,6640.441128,0.000000,43.000000,285.267409,0.000000,259.721448
1272,6640.441128,0.000000,43.000000,286.771588,0.000000,235.654596
1274,6640.441128,0.000000,43.000000,287.774373,0.000000,219.610028
1276,6640.441128,0.000000,43.000000,288.777159,0.000000,203.565460
1278,6640.441128,0.000000,43.000000,289.779944,0.000000,187.520891
1280,6640.441128,0.000000,43.000000,290.782730,0.000000,171.476323
1282,6640.441128,0.000000,43.000000,291.785515,0.000000,155.431755
1284,6640.441128,0.000000,43.000000,292.788301,0.000000,139.387187
1288,6640.441128,0.000000,43.000000,294.793872,0.000000,107.298050
1290,6640.441128,0.000000,43.000000,295.796657,0.000000,91.253482
1297,6640.441128,0.000000,43.000000,299.306407,0.000000,35.097493
1304,6640.441128,0.000000,43.000000,302.816156,0.000000,338.941504
1306,6640.441128,0.000000,43.000000,303.818942,0.000000,322.896936
1308,6640.441128,0.000000,43.000000,304.821727,0.000000,306.852368
1310,6640.441128,0.000000,43.000000,305.824513,0.000000,290.807799
1312,6640.441128,0.000000,43.000000,306.827298,0.000000,274.763231
1313,6640.441128,0.000000,43.000000,307.328691,0.000000,266.740947
1314,6640.441128,0.000000,43.000000,307.830084,0.000000,258.718663
1315,6640.441128,0.000000,43.000000,308.331476,0.000000,250.696379
1318,6640.441128,0.000000,43.000000,309.835655,0.000000,226.629526
1320,6640.441128,0.000000,43.000000,310.838440,0.000000,210.584958
1330,6640.441128,0.000000,43.000000,315.852368,0.000000,130.362117
1334,6640.441128,0.000000,43.000000,317.857939,0.000000,98.272981
1336,6640.441128,0.000000,43.000000,318.860724,0.000000,82.228412
1338,6640.441128,0.000000,43.000000,319.863510,0.000000,66.183844
1352,6640.441128,0.000000,43.000000,326.883008,0.000000,313.871866
1354,6640.441128,0.000000,43.000000,327.885794,0.000000,297.827298
1356,6640.441128,0.000000,43.000000,328.888579,0.000000,281.782730
1358,6640.441128,0.000000,43.000000,329.891365,0.000000,265.738162
1360,6640.441128,0.000000,43.000000,330.894150,0.000000,249.693593
1362,6640.441128,0.000000,43.000000,331.896936,0.000000,233.649025
1363,6640.441128,0.000000,43.000000,332.398329,0.000000,225.626741
1366,6640.441128,0.000000,43.000000,333.902507,0.000000,201.559889
1368,6640.441128,0.000000,43.000000,334.905292,0.000000,185.515320
1388,6640.441128,0.000000,43.000000,344.933148,0.000000,25.069638
1390,6640.441128,0.000000,43.000000,345.935933,0.000000,9.025070
1396,6640.441128,0.000000,43.000000,348.944290,0.000000,320.891365
1398,6640.441128,0.000000,43.000000,349.947075,0.000000,304.846797
1412,6640.441128,0.000000,43.000000,356.966574,0.000000,192.534819
1414,6640.441128,0.000000,43.000000,357.969359,0.000000,176.490251
1416,6640.441128,0.000000,43.000000,358.972145,0.000000,160.445682
1418,6640.441128,0.000000,43.000000,359.974930,0.000000,144.401114
1420,6640.441128,0.000000,43.000000,0.977716,0.000000,128.356546
1422,6640.441128,0.000000,43.000000,1.980501,0.000000,112.311978
1424,6640.441128,0.000000,43.000000,2.983287,0.000000,96.267409
1427,6640.441128,0.000000,43.000000,4.487465,0.000000,72.200557
1428,6640.441128,0.000000,43.000000,4.988858,0.000000,64.178273
1434,6640.441128,0.000000,43.000000,7.997214,0.000000,16.044568
2155,6640.441128,0.000000,40.000000,7.251393,0.000000,351.977716
2158,6640.441128,0.000000,40.000000,8.755571,0.000000,327.910864
2160,6640.441128,0.000000,40.000000,9.758357,0.000000,311.866295
2163,6640.441128,0.000000,40.000000,11.262535,0.000000,287.799443
2164,6640.441128,0.000000,40.000000,11.763928,0.000000,279.777159
2165,6640.441128,0.000000,40.000000,12.265320,0.000000,271.754875
2166,6640.441128,0.000000,40.000000,12.766713,0.000000,263.732591
2167,6640.441128,0.000000,40.000000,13.268106,0.000000,255.710306
2168,6640.441128,0.000000,40.000000,13.769499,0.000000,247.688022
2169,6640.441128,0.000000,40.000000,14.270891,0.000000,239.665738
2171,6640.441128,0.000000,40.000000,15.273677,0.000000,223.621170
2172,6640.441128,0.000000,40.000000,15.775070,0.000000,215.598886
2173,6640.441128,0.000000,40.000000,16.276462,0.000000,207.576602
2174,6640.441128,0.000000,40.000000,16.777855,0.000000,199.554318
2175,6640.441128,0.000000,40.000000,17.279248,0.000000,191.532033
2177,6640.441128,0.000000,40.000000,18.282033,0.000000,175.487465
2180,6640.441128,0.000000,40.000000,19.786212,0.000000,151.420613
2181,6640.441128,0.000000,40.000000,20.287604,0.000000,143.398329
2183,6640.441128,0.000000,40.000000,21.290390,0.000000,127.353760
2184,6640.441128,0.000000,40.000000,21.791783,0.000000,119.331476
2185,6640.441128,0.000000,40.000000,22.293175,0.000000,111.309192
2190,6640.441128,0.000000,40.000000,24.800139,0.000000,71.197772
2192,6640.441128,0.000000,40.000000,25.802925,0.000000,55.153203
2193,6640.441128,0.000000,40.000000,26.304318,0.000000,47.130919
2194,6640.441128,0.000000,40.000000,26.805710,0.000000,39.108635
2196,6640.441128,0.000000,40.000000,27.808496,0.000000,23.064067
2197,6640.441128,0.000000,40.000000,28.309889,0.000000,15.041783
2200,6640.441128,0.000000,40.000000,29.814067,0.000000,350.974930
2201,6640.441128,0.000000,40.000000,30.315460,0.000000,342.952646
2205,6640.441128,0.000000,40.000000,32.321031,0.000000,310.863510
2208,6640.441128,0.000000,40.000000,33.825209,0.000000,286.796657
2211,6640.441128,0.000000,40.000000,35.329387,0.000000,262.729805
2213,6640.441128,0.000000,40.000000,36.332173,0.000000,246.685237
2214,6640.441128,0.000000,40.000000,36.833565,0.000000,238.662953
2215,6640.441128,0.000000,40.000000,37.334958,0.000000,230.640669
2216,6640.441128,0.000000,40.000000,37.836351,0.000000,222.618384
2217,6640.441128,0.000000,40.000000,38.337744,0.000000,214.596100
2218,6640.441128,0.000000,40.000000,38.839136,0.000000,206.573816
2220,6640.441128,0.000000,40.000000,39.841922,0.000000,190.529248
2221,6640.441128,0.000000,40.000000,40.343315,0.000000,182.506964
2222,6640.441128,0.000000,40.000000,40.844708,0.000000,174.484680
2225,6640.441128,0.000000,40.000000,42.348886,0.000000,150.417827
2226,6640.441128,0.000000,40.000000,42.850279,0.000000,142.395543
2227,6640.441128,0.000000,40.000000,43.351671,0.000000,134.373259
2228,6640.441128,0.000000,40.000000,43.853064,0.000000,126.350975
2229,6640.441128,0.000000,40.000000,44.354457,0.000000,118.328691
2233,6640.441128,0.000000,40.000000,46.360028,0.000000,86.239554
2235,6640.441128,0.000000,40.000000,47.362813,0.000000,70.194986
2236,6640.441128,0.000000,40.000000,47.864206,0.000000,62.172702
2241,6640.441128,0.000000,40.000000,50.371170,0.000000,22.061281
2243,6640.441128,0.000000,40.000000,51.373955,0.000000,6.016713
2244,6640.441128,0.000000,40.000000,51.875348,0.000000,357.994429
2251,6640.441128,0.000000,40.000000,55.385097,0.000000,301.838440
2252,6640.441128,0.000000,40.000000,55.886490,0.000000,293.816156
2253,6640.441128,0.000000,40.000000,56.387883,0.000000,285.793872
2254,6640.441128,0.000000,40.000000,56.889276,0.000000,277.771588
2265,6640.441128,0.000000,40.000000,62.404596,0.000000,189.526462
2267,6640.441128,0.000000,40.000000,63.407382,0.000000,173.481894
2268,6640.441128,0.000000,40.000000,63.908774,0.000000,165.459610
2269,6640.441128,0.000000,40.000000,64.410167,0.000000,157.437326
2272,6640.441128,0.000000,40.000000,65.914345,0.000000,133.370474
2276,6640.441128,0.000000,40.000000,67.919916,0.000000,101.281337
2278,6640.441128,0.000000,40.000000,68.922702,0.000000,85.236769
2279,6640.441128,0.000000,40.000000,69.424095,0.000000,77.214485
2281,6640.441128,0.000000,40.000000,70.426880,0.000000,61.169916
2282,6640.441128,0.000000,40.000000,70.928273,0.000000,53.147632
2285,6640.441128,0.000000,40.000000,72.432451,0.000000,29.080780
2286,6640.441128,0.000000,40.000000,72.933844,0.000000,21.058496
2290,6640.441128,0.000000,40.000000,74.939415,0.000000,348.969359
2293,6640.441128,0.000000,40.000000,76.443593,0.000000,324.902507
2295,6640.441128,0.000000,40.000000,77.446379,0.000000,308.857939
2296,6640.441128,0.000000,40.000000,77.947772,0.000000,300.835655
2298,6640.441128,0.000000,40.000000,78.950557,0.000000,284.791086
2299,6640.441128,0.000000,40.000000,79.451950,0.000000,276.768802
2301,6640.441128,0.000000,40.000000,80.454735,0.000000,260.724234
2303,6640.441128,0.000000,40.000000,81.457521,0.000000,244.679666
2305,6640.441128,0.000000,40.000000,82.460306,0.000000,228.635097
2306,6640.441128,0.000000,40.000000,82.961699,0.000000,220.612813
2307,6640.441128,0.000000,40.000000,83.463092,0.000000,212.590529
2308,6640.441128,0.000000,40.000000,83.964485,0.000000,204.568245
2312,6640.441128,0.000000,40.000000,85.970056,0.000000,172.479109
2314,6640.441128,0.000000,40.000000,86.972841,0.000000,156.434540
2315,6640.441128,0.000000,40.000000,87.474234,0.000000,148.412256
2318,6640.441128,0.000000,40.000000,88.978412,0.000000,124.345404
2322,6640.441128,0.000000,40.000000,90.983983,0.000000,92.256267
2323,6640.441128,0.000000,40.000000,91.485376,0.000000,84.233983
2325,6640.441128,0.000000,40.000000,92.488162,0.000000,68.189415
2326,6640.441128,0.000000,40.000000,92.989554,0.000000,60.167131
2327,6640.441128,0.000000,40.000000,93.490947,0.000000,52.144847
2328,6640.441128,0.000000,40.000000,93.992340,0.000000,44.122563
2329,6640.441128,0.000000,40.000000,94.493733,0.000000,36.100279
2331,6640.441128,0.000000,40.000000,95.496518,0.000000,20.055710
2333,6640.441128,0.000000,40.000000,96.499304,0.000000,4.011142
2338,6640.441128,0.000000,40.000000,99.006267,0.000000,323.899721
2341,6640.441128,0.000000,40.000000,100.510446,0.000000,299.832869
2342,6640.441128,0.000000,40.000000,101.011838,0.000000,291.810585
2346,6640.441128,0.000000,40.000000,103.017409,0.000000,259.721448
2347,6640.441128,0.000000,40.000000,103.518802,0.000000,251.699164
2349,6640.441128,0.000000,40.000000,104.521588,0.000000,235.654596
2351,6640.441128,0.000000,40.000000,105.524373,0.000000,219.610028
2352,6640.441128,0.000000,40.000000,106.025766,0.000000,211.587744
2353,6640.441128,0.000000,40.000000,106.527159,0.000000,203.565460
2354,6640.441128,0.000000,40.000000,107.028552,0.000000,195.543175
2357,6640.441128,0.000000,40.000000,108.532730,0.000000,171.476323
2360,6640.441128,0.000000,40.000000,110.036908,0.000000,147.409471
2364,6640.441128,0.000000,40.000000,112.042479,0.000000,115.320334
2365,6640.441128,0.000000,40.000000,112.543872,0.000000,107.298050
2366,6640.441128,0.000000,40.000000,113.045265,0.000000,99.275766
2369,6640.441128,0.000000,40.000000,114.549443,0.000000,75.208914
2370,6640.441128,0.000000,40.000000,115.050836,0.000000,67.186630
2371,6640.441128,0.000000,40.000000,115.552228,0.000000,59.164345
2373,6640.441128,0.000000,40.000000,116.555014,0.000000,43.119777
2374,6640.441128,0.000000,40.000000,117.056407,0.000000,35.097493
2376,6640.441128,0.000000,40.000000,118.059192,0.000000,19.052925
2378,6640.441128,0.000000,40.000000,119.061978,0.000000,3.008357
2379,6640.441128,0.000000,40.000000,119.563370,0.000000,354.986072
2380,6640.441128,0.000000,40.000000,120.064763,0.000000,346.963788
2381,6640.441128,0.000000,40.000000,120.566156,0.000000,338.941504
2382,6640.441128,0.000000,40.000000,121.067549,0.000000,330.919220
2383,6640.441128,0.000000,40.000000,121.568942,0.000000,322.896936
2385,6640.441128,0.000000,40.000000,122.571727,0.000000,306.852368
2387,6640.441128,0.000000,40.000000,123.574513,0.000000,290.807799
2389,6640.441128,0.000000,40.000000,124.577298,0.000000,274.763231
2391,6640.441128,0.000000,40.000000,125.580084,0.000000,258.718663
2392,6640.441128,0.000000,40.000000,126.081476,0.000000,250.696379
2393,6640.441128,0.000000,40.000000,126.582869,0.000000,242.674095
2395,6640.441128,0.000000,40.000000,127.585655,0.000000,226.629526
2396,6640.441128,0.000000,40.000000,128.087047,0.000000,218.607242
2397,6640.441128,0.000000,40.000000,128.588440,0.000000,210.584958
2398,6640.441128,0.000000,40.000000,129.089833,0.000000,202.562674
2399,6640.441128,0.000000,40.000000,129.591226,0.000000,194.540390
2401,6640.441128,0.000000,40.000000,130.594011,0.000000,178.495822
2403,6640.441128,0.000000,40.000000,131.596797,0.000000,162.451253
2405,6640.441128,0.000000,40.000000,132.599582,0.000000,146.406685
2407,6640.441128,0.000000,40.000000,133.602368,0.000000,130.362117
2409,6640.441128,0.000000,40.000000,134.605153,0.000000,114.317549
2410,6640.441128,0.000000,40.000000,135.106546,0.000000,106.295265
2411,6640.441128,0.000000,40.000000,135.607939,0.000000,98.272981
2412,6640.441128,0.000000,40.000000,136.109331,0.000000,90.250696
2413,6640.441128,0.000000,40.000000,136.610724,0.000000,82.228412
2414,6640.441128,0.000000,40.000000,137.112117,0.000000,74.206128
2415,6640.441128,0.000000,40.000000,137.613510,0.000000,66.183844
2421,6640.441128,0.000000,40.000000,140.621866,0.000000,18.050139
2422,6640.441128,0.000000,40.000000,141.123259,0.000000,10.027855
2424,6640.441128,0.000000,40.000000,142.126045,0.000000,353.983287
2426,6640.441128,0.000000,40.000000,143.128830,0.000000,337.938719
2427,6640.441128,0.000000,40.000000,143.630223,0.000000,329.916435
2430,6640.441128,0.000000,40.000000,145.134401,0.000000,305.849582
2431,6640.441128,0.000000,40.000000,145.635794,0.000000,297.827298
2432,6640.441128,0.000000,40.000000,146.137187,0.000000,289.805014
2434,6640.441128,0.000000,40.000000,147.139972,0.000000,273.760446
2435,6640.441128,0.000000,40.000000,147.641365,0.000000,265.738162
2436,6640.441128,0.000000,40.000000,148.142758,0.000000,257.715877
2440,6640.441128,0.000000,40.000000,150.148329,0.000000,225.626741
2441,6640.441128,0.000000,40.000000,150.649721,0.000000,217.604457
2446,6640.441128,0.000000,40.000000,153.156685,0.000000,177.493036
2447,6640.441128,0.000000,40.000000,153.658078,0.000000,169.470752
2448,6640.441128,0.000000,40.000000,154.159471,0.000000,161.448468
2449,6640.441128,0.000000,40.000000,154.660864,0.000000,153.426184
2450,6640.441128,0.000000,40.000000,155.162256,0.000000,145.403900
2452,6640.441128,0.000000,40.000000,156.165042,0.000000,129.359331
2453,6640.441128,0.000000,40.000000,156.666435,0.000000,121.337047
2455,6640.441128,0.000000,40.000000,157.669220,0.000000,105.292479
2456,6640.441128,0.000000,40.000000,158.170613,0.000000,97.270195
2457,6640.441128,0.000000,40.000000,158.672006,0.000000,89.247911
2458,6640.441128,0.000000,40.000000,159.173398,0.000000,81.225627
2459,6640.441128,0.000000,40.000000,159.674791,0.000000,73.203343
2460,6640.441128,0.000000,40.000000,160.176184,0.000000,65.181058
2462,6640.441128,0.000000,40.000000,161.178969,0.000000,49.136490
2465,6640.441128,0.000000,40.000000,162.683148,0.000000,25.069638
2466,6640.441128,0.000000,40.000000,163.184540,0.000000,17.047354
2470,6640.441128,0.000000,40.000000,165.190111,0.000000,344.958217
2471,6640.441128,0.000000,40.000000,165.691504,0.000000,336.935933
2474,6640.441128,0.000000,40.000000,167.195682,0.000000,312.869081
2477,6640.441128,0.000000,40.000000,168.699861,0.000000,288.802228
2478,6640.441128,0.000000,40.000000,169.201253,0.000000,280.779944
2480,6640.441128,0.000000,40.000000,170.204039,0.000000,264.735376
2485,6640.441128,0.000000,40.000000,172.711003,0.000000,224.623955
2486,6640.441128,0.000000,40.000000,173.212396,0.000000,216.601671
2492,6640.441128,0.000000,40.000000,176.220752,0.000000,168.467967
2495,6640.441128,0.000000,40.000000,177.724930,0.000000,144.401114
2497,6640.441128,0.000000,40.000000,178.727716,0.000000,128.356546
2499,6640.441128,0.000000,40.000000,179.730501,0.000000,112.311978
2502,6640.441128,0.000000,40.000000,181.234680,0.000000,88.245125
2503,6640.441128,0.000000,40.000000,181.736072,0.000000,80.222841
2506,6640.441128,0.000000,40.000000,183.240251,0.000000,56.155989
2508,6640.441128,0.000000,40.000000,184.243036,0.000000,40.111421
2510,6640.441128,0.000000,40.000000,185.245822,0.000000,24.066852
2513,6640.441128,0.000000,40.000000,186.750000,0.000000,360.000000
2514,6640.441128,0.000000,40.000000,187.251393,0.000000,351.977716
2515,6640.441128,0.000000,40.000000,187.752786,0.000000,343.955432
2519,6640.441128,0.000000,40.000000,189.758357,0.000000,311.866295
2524,6640.441128,0.000000,40.000000,192.265320,0.000000,271.754875
2525,6640.441128,0.000000,40.000000,192.766713,0.000000,263.732591
2527,6640.441128,0.000000,40.000000,193.769499,0.000000,247.688022
2528,6640.441128,0.000000,40.000000,194.270891,0.000000,239.665738
2529,6640.441128,0.000000,40.000000,194.772284,0.000000,231.643454
2531,6640.441128,0.000000,40.000000,195.775070,0.000000,215.598886
2532,6640.441128,0.000000,40.000000,196.276462,0.000000,207.576602
2533,6640.441128,0.000000,40.000000,196.777855,0.000000,199.554318
2538,6640.441128,0.000000,40.000000,199.284819,0.000000,159.442897
2539,6640.441128,0.000000,40.000000,199.786212,0.000000,151.420613
2540,6640.441128,0.000000,40.000000,200.287604,0.000000,143.398329
2541,6640.441128,0.000000,40.000000,200.788997,0.000000,135.376045
2543,6640.441128,0.000000,40.000000,201.791783,0.000000,119.331476
2544,6640.441128,0.000000,40.000000,202.293175,0.000000,111.309192
2545,6640.441128,0.000000,40.000000,202.794568,0.000000,103.286908
2546,6640.441128,0.000000,40.000000,203.295961,0.000000,95.264624
2547,6640.441128,0.000000,40.000000,203.797354,0.000000,87.242340
2549,6640.441128,0.000000,40.000000,204.800139,0.000000,71.197772
2556,6640.441128,0.000000,40.000000,208.309889,0.000000,15.041783
2557,6640.441128,0.000000,40.000000,208.811281,0.000000,7.019499
2558,6640.441128,0.000000,40.000000,209.312674,0.000000,358.997214
2559,6640.441128,0.000000,40.000000,209.814067,0.000000,350.974930
2561,6640.441128,0.000000,40.000000,210.816852,0.000000,334.930362
2563,6640.441128,0.000000,40.000000,211.819638,0.000000,318.885794
2564,6640.441128,0.000000,40.000000,212.321031,0.000000,310.863510
2565,6640.441128,0.000000,40.000000,212.822423,0.000000,302.841226
2566,6640.441128,0.000000,40.000000,213.323816,0.000000,294.818942
2567,6640.441128,0.000000,40.000000,213.825209,0.000000,286.796657
2568,6640.441128,0.000000,40.000000,214.326602,0.000000,278.774373
2569,6640.441128,0.000000,40.000000,214.827994,0.000000,270.752089
2570,6640.441128,0.000000,40.000000,215.329387,0.000000,262.729805
2571,6640.441128,0.000000,40.000000,215.830780,0.000000,254.707521
2573,6640.441128,0.000000,40.000000,216.833565,0.000000,238.662953
2576,6640.441128,0.000000,40.000000,218.337744,0.000000,214.596100
2579,6640.441128,0.000000,40.000000,219.841922,0.000000,190.529248
2581,6640.441128,0.000000,40.000000,220.844708,0.000000,174.484680
2582,6640.441128,0.000000,40.000000,221.346100,0.000000,166.462396
2583,6640.441128,0.000000,40.000000,221.847493,0.000000,158.440111
2588,6640.441128,0.000000,40.000000,224.354457,0.000000,118.328691
2591,6640.441128,0.000000,40.000000,225.858635,0.000000,94.261838
2593,6640.441128,0.000000,40.000000,226.861421,0.000000,78.217270
2598,6640.441128,0.000000,40.000000,229.368384,0.000000,38.105850
2599,6640.441128,0.000000,40.000000,229.869777,0.000000,30.083565
2600,6640.441128,0.000000,40.000000,230.371170,0.000000,22.061281
2607,6640.441128,0.000000,40.000000,233.880919,0.000000,325.905292
2609,6640.441128,0.000000,40.000000,234.883705,0.000000,309.860724
2610,6640.441128,0.000000,40.000000,235.385097,0.000000,301.838440
2611,6640.441128,0.000000,40.000000,235.886490,0.000000,293.816156
2612,6640.441128,0.000000,40.000000,236.387883,0.000000,285.793872
2615,6640.441128,0.000000,40.000000,237.892061,0.000000,261.727019
2619,6640.441128,0.000000,40.000000,239.897632,0.000000,229.637883
2621,6640.441128,0.000000,40.000000,240.900418,0.000000,213.593315
2622,6640.441128,0.000000,40.000000,241.401811,0.000000,205.571031
2623,6640.441128,0.000000,40.000000,241.903203,0.000000,197.548747
2625,6640.441128,0.000000,40.000000,242.905989,0.000000,181.504178
2628,6640.441128,0.000000,40.000000,244.410167,0.000000,157.437326
2629,6640.441128,0.000000,40.000000,244.911560,0.000000,149.415042
2631,6640.441128,0.000000,40.000000,245.914345,0.000000,133.370474
2633,6640.441128,0.000000,40.000000,246.917131,0.000000,117.325905
2634,6640.441128,0.000000,40.000000,247.418524,0.000000,109.303621
2636,6640.441128,0.000000,40.000000,248.421309,0.000000,93.259053
2637,6640.441128,0.000000,40.000000,248.922702,0.000000,85.236769
2641,6640.441128,0.000000,40.000000,250.928273,0.000000,53.147632
2643,6640.441128,0.000000,40.000000,251.931058,0.000000,37.103064
2644,6640.441128,0.000000,40.000000,252.432451,0.000000,29.080780
2647,6640.441128,0.000000,40.000000,253.936630,0.000000,5.013928
2648,6640.441128,0.000000,40.000000,254.438022,0.000000,356.991643
2649,6640.441128,0.000000,40.000000,254.939415,0.000000,348.969359
2651,6640.441128,0.000000,40.000000,255.942201,0.000000,332.924791
2653,6640.441128,0.000000,40.000000,256.944986,0.000000,316.880223
2654,6640.441128,0.000000,40.000000,257.446379,0.000000,308.857939
2658,6640.441128,0.000000,40.000000,259.451950,0.000000,276.768802
2660,6640.441128,0.000000,40.000000,260.454735,0.000000,260.724234
2665,6640.441128,0.000000,40.000000,262.961699,0.000000,220.612813
2666,6640.441128,0.000000,40.000000,263.463092,0.000000,212.590529
2668,6640.441128,0.000000,40.000000,264.465877,0.000000,196.545961
2669,6640.441128,0.000000,40.000000,264.967270,0.000000,188.523677
2670,6640.441128,0.000000,40.000000,265.468663,0.000000,180.501393
2672,6640.441128,0.000000,40.000000,266.471448,0.000000,164.456825
2675,6640.441128,0.000000,40.000000,267.975627,0.000000,140.389972
2676,6640.441128,0.000000,40.000000,268.477019,0.000000,132.367688
2678,6640.441128,0.000000,40.000000,269.479805,0.000000,116.323120
2680,6640.441128,0.000000,40.000000,270.482591,0.000000,100.278552
2681,6640.441128,0.000000,40.000000,270.983983,0.000000,92.256267
2684,6640.441128,0.000000,40.000000,272.488162,0.000000,68.189415
2686,6640.441128,0.000000,40.000000,273.490947,0.000000,52.144847
2688,6640.441128,0.000000,40.000000,274.493733,0.000000,36.100279
2693,6640.441128,0.000000,40.000000,277.000696,0.000000,355.988858
2694,6640.441128,0.000000,40.000000,277.502089,0.000000,347.966574
2695,6640.441128,0.000000,40.000000,278.003482,0.000000,339.944290
2700,6640.441128,0.000000,40.000000,280.510446,0.000000,299.832869
2703,6640.441128,0.000000,40.000000,282.014624,0.000000,275.766017
2711,6640.441128,0.000000,40.000000,286.025766,0.000000,211.587744
2714,6640.441128,0.000000,40.000000,287.529944,0.000000,187.520891
2716,6640.441128,0.000000,40.000000,288.532730,0.000000,171.476323
2719,6640.441128,0.000000,40.000000,290.036908,0.000000,147.409471
2720,6640.441128,0.000000,40.000000,290.538301,0.000000,139.387187
2721,6640.441128,0.000000,40.000000,291.039694,0.000000,131.364903
2722,6640.441128,0.000000,40.000000,291.541086,0.000000,123.342618
2723,6640.441128,0.000000,40.000000,292.042479,0.000000,115.320334
2725,6640.441128,0.000000,40.000000,293.045265,0.000000,99.275766
2728,6640.441128,0.000000,40.000000,294.549443,0.000000,75.208914
2729,6640.441128,0.000000,40.000000,295.050836,0.000000,67.186630
2732,6640.441128,0.000000,40.000000,296.555014,0.000000,43.119777
2733,6640.441128,0.000000,40.000000,297.056407,0.000000,35.097493
2734,6640.441128,0.000000,40.000000,297.557799,0.000000,27.075209
2738,6640.441128,0.000000,40.000000,299.563370,0.000000,354.986072
2739,6640.441128,0.000000,40.000000,300.064763,0.000000,346.963788
2743,6640.441128,0.000000,40.000000,302.070334,0.000000,314.874652
2747,6640.441128,0.000000,40.000000,304.075905,0.000000,282.785515
2749,6640.441128,0.000000,40.000000,305.078691,0.000000,266.740947
2750,6640.441128,0.000000,40.000000,305.580084,0.000000,258.718663
2752,6640.441128,0.000000,40.000000,306.582869,0.000000,242.674095
2754,6640.441128,0.000000,40.000000,307.585655,0.000000,226.629526
2755,6640.441128,0.000000,40.000000,308.087047,0.000000,218.607242
2756,6640.441128,0.000000,40.000000,308.588440,0.000000,210.584958
2757,6640.441128,0.000000,40.000000,309.089833,0.000000,202.562674
2758,6640.441128,0.000000,40.000000,309.591226,0.000000,194.540390
2760,6640.441128,0.000000,40.000000,310.594011,0.000000,178.495822
2761,6640.441128,0.000000,40.000000,311.095404,0.000000,170.473538
2763,6640.441128,0.000000,40.000000,312.098189,0.000000,154.428969
2767,6640.441128,0.000000,40.000000,314.103760,0.000000,122.339833
2768,6640.441128,0.000000,40.000000,314.605153,0.000000,114.317549
2769,6640.441128,0.000000,40.000000,315.106546,0.000000,106.295265
2770,6640.441128,0.000000,40.000000,315.607939,0.000000,98.272981
2773,6640.441128,0.000000,40.000000,317.112117,0.000000,74.206128
2774,6640.441128,0.000000,40.000000,317.613510,0.000000,66.183844
2775,6640.441128,0.000000,40.000000,318.114903,0.000000,58.161560
2776,6640.441128,0.000000,40.000000,318.616295,0.000000,50.139276
2777,6640.441128,0.000000,40.000000,319.117688,0.000000,42.116992
2778,6640.441128,0.000000,40.000000,319.619081,0.000000,34.094708
2779,6640.441128,0.000000,40.000000,320.120474,0.000000,26.072423
2780,6640.441128,0.000000,40.000000,320.621866,0.000000,18.050139
2783,6640.441128,0.000000,40.000000,322.126045,0.000000,353.983287
2784,6640.441128,0.000000,40.000000,322.627437,0.000000,345.961003
2785,6640.441128,0.000000,40.000000,323.128830,0.000000,337.938719
2787,6640.441128,0.000000,40.000000,324.131616,0.000000,321.894150
2788,6640.441128,0.000000,40.000000,324.633008,0.000000,313.871866
2789,6640.441128,0.000000,40.000000,325.134401,0.000000,305.849582
2790,6640.441128,0.000000,40.000000,325.635794,0.000000,297.827298
2791,6640.441128,0.000000,40.000000,326.137187,0.000000,289.805014
2792,6640.441128,0.000000,40.000000,326.638579,0.000000,281.782730
2793,6640.441128,0.000000,40.000000,327.139972,0.000000,273.760446
2795,6640.441128,0.000000,40.000000,328.142758,0.000000,257.715877
2796,6640.441128,0.000000,40.000000,328.644150,0.000000,249.693593
2799,6640.441128,0.000000,40.000000,330.148329,0.000000,225.626741
2800,6640.441128,0.000000,40.000000,330.649721,0.000000,217.604457
2803,6640.441128,0.000000,40.000000,332.153900,0.000000,193.537604
2805,6640.441128,0.000000,40.000000,333.156685,0.000000,177.493036
2806,6640.441128,0.000000,40.000000,333.658078,0.000000,169.470752
2807,6640.441128,0.000000,40.000000,334.159471,0.000000,161.448468
2809,6640.441128,0.000000,40.000000,335.162256,0.000000,145.403900
2810,6640.441128,0.000000,40.000000,335.663649,0.000000,137.381616
2811,6640.441128,0.000000,40.000000,336.165042,0.000000,129.359331
2812,6640.441128,0.000000,40.000000,336.666435,0.000000,121.337047
2813,6640.441128,0.000000,40.000000,337.167827,0.000000,113.314763
2815,6640.441128,0.000000,40.000000,338.170613,0.000000,97.270195
2816,6640.441128,0.000000,40.000000,338.672006,0.000000,89.247911
2819,6640.441128,0.000000,40.000000,340.176184,0.000000,65.181058
2820,6640.441128,0.000000,40.000000,340.677577,0.000000,57.158774
2822,6640.441128,0.000000,40.000000,341.680362,0.000000,41.114206
2823,6640.441128,0.000000,40.000000,342.181755,0.000000,33.091922
2824,6640.441128,0.000000,40.000000,342.683148,0.000000,25.069638
2825,6640.441128,0.000000,40.000000,343.184540,0.000000,17.047354
2827,6640.441128,0.000000,40.000000,344.187326,0.000000,1.002786
2828,6640.441128,0.000000,40.000000,344.688719,0.000000,352.980501
2830,6640.441128,0.000000,40.000000,345.691504,0.000000,336.935933
2832,6640.441128,0.000000,40.000000,346.694290,0.000000,320.891365
2836,6640.441128,0.000000,40.000000,348.699861,0.000000,288.802228
2842,6640.441128,0.000000,40.000000,351.708217,0.000000,240.668524
2844,6640.441128,0.000000,40.000000,352.711003,0.000000,224.623955
2847,6640.441128,0.000000,40.000000,354.215181,0.000000,200.557103
2848,6640.441128,0.000000,40.000000,354.716574,0.000000,192.534819
2849,6640.441128,0.000000,40.000000,355.217967,0.000000,184.512535
2850,6640.441128,0.000000,40.000000,355.719359,0.000000,176.490251
2851,6640.441128,0.000000,40.000000,356.220752,0.000000,168.467967
2852,6640.441128,0.000000,40.000000,356.722145,0.000000,160.445682
2854,6640.441128,0.000000,40.000000,357.724930,0.000000,144.401114
2856,6640.441128,0.000000,40.000000,358.727716,0.000000,128.356546
2857,6640.441128,0.000000,40.000000,359.229109,0.000000,120.334262
2859,6640.441128,0.000000,40.000000,0.231894,0.000000,104.289694
2861,6640.441128,0.000000,40.000000,1.234680,0.000000,88.245125
2864,6640.441128,0.000000,40.000000,2.738858,0.000000,64.178273
2865,6640.441128,0.000000,40.000000,3.240251,0.000000,56.155989
2867,6640.441128,0.000000,40.000000,4.243036,0.000000,40.111421
2869,6640.441128,0.000000,40.000000,5.245822,0.000000,24.066852
2871,6640.441128,0.000000,40.000000,6.248607,0.000000,8.022284
2872,6640.441128,0.000000,41.000000,6.750000,0.000000,0.000000
2874,6640.441128,0.000000,41.000000,7.752786,0.000000,343.955432
2875,6640.441128,0.000000,41.000000,8.254178,0.000000,335.933148
2877,6640.441128,0.000000,41.000000,9.256964,0.000000,319.888579
2879,6640.441128,0.000000,41.000000,10.259749,0.000000,303.844011
2880,6640.441128,0.000000,41.000000,10.761142,0.000000,295.821727
2883,6640.441128,0.000000,41.000000,12.265320,0.000000,271.754875
2885,6640.441128,0.000000,41.000000,13.268106,0.000000,255.710306
2887,6640.441128,0.000000,41.000000,14.270891,0.000000,239.665738
2888,6640.441128,0.000000,41.000000,14.772284,0.000000,231.643454
2889,6640.441128,0.000000,41.000000,15.273677,0.000000,223.621170
2891,6640.441128,0.000000,41.000000,16.276462,0.000000,207.576602
2893,6640.441128,0.000000,41.000000,17.279248,0.000000,191.532033
2894,6640.441128,0.000000,41.000000,17.780641,0.000000,183.509749
2896,6640.441128,0.000000,41.000000,18.783426,0.000000,167.465181
2900,6640.441128,0.000000,41.000000,20.788997,0.000000,135.376045
2904,6640.441128,0.000000,41.000000,22.794568,0.000000,103.286908
2905,6640.441128,0.000000,41.000000,23.295961,0.000000,95.264624
2906,6640.441128,0.000000,41.000000,23.797354,0.000000,87.242340
2907,6640.441128,0.000000,41.000000,24.298747,0.000000,79.220056
2909,6640.441128,0.000000,41.000000,25.301532,0.000000,63.175487
2913,6640.441128,0.000000,41.000000,27.307103,0.000000,31.086351
2916,6640.441128,0.000000,41.000000,28.811281,0.000000,7.019499
2917,6640.441128,0.000000,41.000000,29.312674,0.000000,358.997214
2920,6640.441128,0.000000,41.000000,30.816852,0.000000,334.930362
2921,6640.441128,0.000000,41.000000,31.318245,0.000000,326.908078
2924,6640.441128,0.000000,41.000000,32.822423,0.000000,302.841226
2927,6640.441128,0.000000,41.000000,34.326602,0.000000,278.774373
2928,6640.441128,0.000000,41.000000,34.827994,0.000000,270.752089
2930,6640.441128,0.000000,41.000000,35.830780,0.000000,254.707521
2937,6640.441128,0.000000,41.000000,39.340529,0.000000,198.551532
2941,6640.441128,0.000000,41.000000,41.346100,0.000000,166.462396
2942,6640.441128,0.000000,41.000000,41.847493,0.000000,158.440111
2945,6640.441128,0.000000,41.000000,43.351671,0.000000,134.373259
2948,6640.441128,0.000000,41.000000,44.855850,0.000000,110.306407
2949,6640.441128,0.000000,41.000000,45.357242,0.000000,102.284123
2950,6640.441128,0.000000,41.000000,45.858635,0.000000,94.261838
2952,6640.441128,0.000000,41.000000,46.861421,0.000000,78.217270
2955,6640.441128,0.000000,41.000000,48.365599,0.000000,54.150418
2956,6640.441128,0.000000,41.000000,48.866992,0.000000,46.128134
2958,6640.441128,0.000000,41.000000,49.869777,0.000000,30.083565
2959,6640.441128,0.000000,41.000000,50.371170,0.000000,22.061281
2960,6640.441128,0.000000,41.000000,50.872563,0.000000,14.038997
2963,6640.441128,0.000000,41.000000,52.376741,0.000000,349.972145
2964,6640.441128,0.000000,41.000000,52.878134,0.000000,341.949861
2965,6640.441128,0.000000,41.000000,53.379526,0.000000,333.927577
2966,6640.441128,0.000000,41.000000,53.880919,0.000000,325.905292
2967,6640.441128,0.000000,41.000000,54.382312,0.000000,317.883008
2973,6640.441128,0.000000,41.000000,57.390669,0.000000,269.749304
2974,6640.441128,0.000000,41.000000,57.892061,0.000000,261.727019
2975,6640.441128,0.000000,41.000000,58.393454,0.000000,253.704735
2976,6640.441128,0.000000,41.000000,58.894847,0.000000,245.682451
2977,6640.441128,0.000000,41.000000,59.396240,0.000000,237.660167
2978,6640.441128,0.000000,41.000000,59.897632,0.000000,229.637883
2979,6640.441128,0.000000,41.000000,60.399025,0.000000,221.615599
2980,6640.441128,0.000000,41.000000,60.900418,0.000000,213.593315
2981,6640.441128,0.000000,41.000000,61.401811,0.000000,205.571031
2982,6640.441128,0.000000,41.000000,61.903203,0.000000,197.548747
2984,6640.441128,0.000000,41.000000,62.905989,0.000000,181.504178
2988,6640.441128,0.000000,41.000000,64.911560,0.000000,149.415042
2989,6640.441128,0.000000,41.000000,65.412953,0.000000,141.392758
2991,6640.441128,0.000000,41.000000,66.415738,0.000000,125.348189
2992,6640.441128,0.000000,41.000000,66.917131,0.000000,117.325905
2993,6640.441128,0.000000,41.000000,67.418524,0.000000,109.303621
2995,6640.441128,0.000000,41.000000,68.421309,0.000000,93.259053
2998,6640.441128,0.000000,41.000000,69.925487,0.000000,69.192201
3001,6640.441128,0.000000,41.000000,71.429666,0.000000,45.125348
3002,6640.441128,0.000000,41.000000,71.931058,0.000000,37.103064
3005,6640.441128,0.000000,41.000000,73.435237,0.000000,13.036212
3007,6640.441128,0.000000,41.000000,74.438022,0.000000,356.991643
3009,6640.441128,0.000000,41.000000,75.440808,0.000000,340.947075
3010,6640.441128,0.000000,41.000000,75.942201,0.000000,332.924791
3011,6640.441128,0.000000,41.000000,76.443593,0.000000,324.902507
3012,6640.441128,0.000000,41.000000,76.944986,0.000000,316.880223
3013,6640.441128,0.000000,41.000000,77.446379,0.000000,308.857939
3015,6640.441128,0.000000,41.000000,78.449164,0.000000,292.813370
3016,6640.441128,0.000000,41.000000,78.950557,0.000000,284.791086
3018,6640.441128,0.000000,41.000000,79.953343,0.000000,268.746518
3019,6640.441128,0.000000,41.000000,80.454735,0.000000,260.724234
3021,6640.441128,0.000000,41.000000,81.457521,0.000000,244.679666
3022,6640.441128,0.000000,41.000000,81.958914,0.000000,236.657382
3023,6640.441128,0.000000,41.000000,82.460306,0.000000,228.635097
3027,6640.441128,0.000000,41.000000,84.465877,0.000000,196.545961
3028,6640.441128,0.000000,41.000000,84.967270,0.000000,188.523677
3029,6640.441128,0.000000,41.000000,85.468663,0.000000,180.501393
3031,6640.441128,0.000000,41.000000,86.471448,0.000000,164.456825
3034,6640.441128,0.000000,41.000000,87.975627,0.000000,140.389972
3035,6640.441128,0.000000,41.000000,88.477019,0.000000,132.367688
3037,6640.441128,0.000000,41.000000,89.479805,0.000000,116.323120
3038,6640.441128,0.000000,41.000000,89.981198,0.000000,108.300836
3039,6640.441128,0.000000,41.000000,90.482591,0.000000,100.278552
3043,6640.441128,0.000000,41.000000,92.488162,0.000000,68.189415
3045,6640.441128,0.000000,41.000000,93.490947,0.000000,52.144847
3047,6640.441128,0.000000,41.000000,94.493733,0.000000,36.100279
3048,6640.441128,0.000000,41.000000,94.995125,0.000000,28.077994
3049,6640.441128,0.000000,41.000000,95.496518,0.000000,20.055710
3050,6640.441128,0.000000,41.000000,95.997911,0.000000,12.033426
3051,6640.441128,0.000000,41.000000,96.499304,0.000000,4.011142
3052,6640.441128,0.000000,41.000000,97.000696,0.000000,355.988858
3053,6640.441128,0.000000,41.000000,97.502089,0.000000,347.966574
3054,6640.441128,0.000000,41.000000,98.003482,0.000000,339.944290
3055,6640.441128,0.000000,41.000000,98.504875,0.000000,331.922006
3057,6640.441128,0.000000,41.000000,99.507660,0.000000,315.877437
3058,6640.441128,0.000000,41.000000,100.009053,0.000000,307.855153
3061,6640.441128,0.000000,41.000000,101.513231,0.000000,283.788301
3062,6640.441128,0.000000,41.000000,102.014624,0.000000,275.766017
3065,6640.441128,0.000000,41.000000,103.518802,0.000000,251.699164
3068,6640.441128,0.000000,41.000000,105.022981,0.000000,227.632312
3073,6640.441128,0.000000,41.000000,107.529944,0.000000,187.520891
3074,6640.441128,0.000000,41.000000,108.031337,0.000000,179.498607
3076,6640.441128,0.000000,41.000000,109.034123,0.000000,163.454039
3077,6640.441128,0.000000,41.000000,109.535515,0.000000,155.431755
3080,6640.441128,0.000000,41.000000,111.039694,0.000000,131.364903
3081,6640.441128,0.000000,41.000000,111.541086,0.000000,123.342618
3085,6640.441128,0.000000,41.000000,113.546657,0.000000,91.253482
3086,6640.441128,0.000000,41.000000,114.048050,0.000000,83.231198
3089,6640.441128,0.000000,41.000000,115.552228,0.000000,59.164345
3090,6640.441128,0.000000,41.000000,116.053621,0.000000,51.142061
3093,6640.441128,0.000000,41.000000,117.557799,0.000000,27.075209
3095,6640.441128,0.000000,41.000000,118.560585,0.000000,11.030641
3103,6640.441128,0.000000,41.000000,122.571727,0.000000,306.852368
3104,6640.441128,0.000000,41.000000,123.073120,0.000000,298.830084
3105,6640.441128,0.000000,41.000000,123.574513,0.000000,290.807799
3106,6640.441128,0.000000,41.000000,124.075905,0.000000,282.785515
3108,6640.441128,0.000000,41.000000,125.078691,0.000000,266.740947
3109,6640.441128,0.000000,41.000000,125.580084,0.000000,258.718663
3111,6640.441128,0.000000,41.000000,126.582869,0.000000,242.674095
3112,6640.441128,0.000000,41.000000,127.084262,0.000000,234.651811
3114,6640.441128,0.000000,41.000000,128.087047,0.000000,218.607242
3118,6640.441128,0.000000,41.000000,130.092618,0.000000,186.518106
3119,6640.441128,0.000000,41.000000,130.594011,0.000000,178.495822
3120,6640.441128,0.000000,41.000000,131.095404,0.000000,170.473538
3121,6640.441128,0.000000,41.000000,131.596797,0.000000,162.451253
3123,6640.441128,0.000000,41.000000,132.599582,0.000000,146.406685
3124,6640.441128,0.000000,41.000000,133.100975,0.000000,138.384401
3126,6640.441128,0.000000,41.000000,134.103760,0.000000,122.339833
3127,6640.441128,0.000000,41.000000,134.605153,0.000000,114.317549
3129,6640.441128,0.000000,41.000000,135.607939,0.000000,98.272981
3131,6640.441128,0.000000,41.000000,136.610724,0.000000,82.228412
3133,6640.441128,0.000000,41.000000,137.613510,0.000000,66.183844
3134,6640.441128,0.000000,41.000000,138.114903,0.000000,58.161560
3136,6640.441128,0.000000,41.000000,139.117688,0.000000,42.116992
3137,6640.441128,0.000000,41.000000,139.619081,0.000000,34.094708
3138,6640.441128,0.000000,41.000000,140.120474,0.000000,26.072423
3141,6640.441128,0.000000,41.000000,141.624652,0.000000,2.005571
3143,6640.441128,0.000000,41.000000,142.627437,0.000000,345.961003
3146,6640.441128,0.000000,41.000000,144.131616,0.000000,321.894150
3147,6640.441128,0.000000,41.000000,144.633008,0.000000,313.871866
3150,6640.441128,0.000000,41.000000,146.137187,0.000000,289.805014
3151,6640.441128,0.000000,41.000000,146.638579,0.000000,281.782730
3155,6640.441128,0.000000,41.000000,148.644150,0.000000,249.693593
3156,6640.441128,0.000000,41.000000,149.145543,0.000000,241.671309
3157,6640.441128,0.000000,41.000000,149.646936,0.000000,233.649025
3160,6640.441128,0.000000,41.000000,151.151114,0.000000,209.582173
3162,6640.441128,0.000000,41.000000,152.153900,0.000000,193.537604
3163,6640.441128,0.000000,41.000000,152.655292,0.000000,185.515320
3168,6640.441128,0.000000,41.000000,155.162256,0.000000,145.403900
3169,6640.441128,0.000000,41.000000,155.663649,0.000000,137.381616
3172,6640.441128,0.000000,41.000000,157.167827,0.000000,113.314763
3179,6640.441128,0.000000,41.000000,160.677577,0.000000,57.158774
3181,6640.441128,0.000000,41.000000,161.680362,0.000000,41.114206
3182,6640.441128,0.000000,41.000000,162.181755,0.000000,33.091922
3183,6640.441128,0.000000,41.000000,162.683148,0.000000,25.069638
3185,6640.441128,0.000000,41.000000,163.685933,0.000000,9.025070
3186,6640.441128,0.000000,41.000000,164.187326,0.000000,1.002786
3187,6640.441128,0.000000,41.000000,164.688719,0.000000,352.980501
3190,6640.441128,0.000000,41.000000,166.192897,0.000000,328.913649
3191,6640.441128,0.000000,41.000000,166.694290,0.000000,320.891365
3193,6640.441128,0.000000,41.000000,167.697075,0.000000,304.846797
3194,6640.441128,0.000000,41.000000,168.198468,0.000000,296.824513
3197,6640.441128,0.000000,41.000000,169.702646,0.000000,272.757660
3199,6640.441128,0.000000,41.000000,170.705432,0.000000,256.713092
3201,6640.441128,0.000000,41.000000,171.708217,0.000000,240.668524
3202,6640.441128,0.000000,41.000000,172.209610,0.000000,232.646240
3205,6640.441128,0.000000,41.000000,173.713788,0.000000,208.579387
3206,6640.441128,0.000000,41.000000,174.215181,0.000000,200.557103
3207,6640.441128,0.000000,41.000000,174.716574,0.000000,192.534819
3208,6640.441128,0.000000,41.000000,175.217967,0.000000,184.512535
3209,6640.441128,0.000000,41.000000,175.719359,0.000000,176.490251
3211,6640.441128,0.000000,41.000000,176.722145,0.000000,160.445682
3212,6640.441128,0.000000,41.000000,177.223538,0.000000,152.423398
3214,6640.441128,0.000000,41.000000,178.226323,0.000000,136.378830
3216,6640.441128,0.000000,41.000000,179.229109,0.000000,120.334262
3218,6640.441128,0.000000,41.000000,180.231894,0.000000,104.289694
3219,6640.441128,0.000000,41.000000,180.733287,0.000000,96.267409
3222,6640.441128,0.000000,41.000000,182.237465,0.000000,72.200557
3223,6640.441128,0.000000,41.000000,182.738858,0.000000,64.178273
3225,6640.441128,0.000000,41.000000,183.741643,0.000000,48.133705
3227,6640.441128,0.000000,41.000000,184.744429,0.000000,32.089136
3229,6640.441128,0.000000,41.000000,185.747214,0.000000,16.044568
3230,6640.441128,0.000000,41.000000,186.248607,0.000000,8.022284
3234,6640.441128,0.000000,41.000000,188.254178,0.000000,335.933148
3235,6640.441128,0.000000,41.000000,188.755571,0.000000,327.910864
3236,6640.441128,0.000000,41.000000,189.256964,0.000000,319.888579
3238,6640.441128,0.000000,41.000000,190.259749,0.000000,303.844011
3239,6640.441128,0.000000,41.000000,190.761142,0.000000,295.821727
3240,6640.441128,0.000000,41.000000,191.262535,0.000000,287.799443
3241,6640.441128,0.000000,41.000000,191.763928,0.000000,279.777159
3244,6640.441128,0.000000,41.000000,193.268106,0.000000,255.710306
3245,6640.441128,0.000000,41.000000,193.769499,0.000000,247.688022
3247,6640.441128,0.000000,41.000000,194.772284,0.000000,231.643454
3248,6640.441128,0.000000,41.000000,195.273677,0.000000,223.621170
3249,6640.441128,0.000000,41.000000,195.775070,0.000000,215.598886
3252,6640.441128,0.000000,41.000000,197.279248,0.000000,191.532033
3253,6640.441128,0.000000,41.000000,197.780641,0.000000,183.509749
3254,6640.441128,0.000000,41.000000,198.282033,0.000000,175.487465
3255,6640.441128,0.000000,41.000000,198.783426,0.000000,167.465181
3257,6640.441128,0.000000,41.000000,199.786212,0.000000,151.420613
3259,6640.441128,0.000000,41.000000,200.788997,0.000000,135.376045
3260,6640.441128,0.000000,41.000000,201.290390,0.000000,127.353760
3263,6640.441128,0.000000,41.000000,202.794568,0.000000,103.286908
3266,6640.441128,0.000000,41.000000,204.298747,0.000000,79.220056
3268,6640.441128,0.000000,41.000000,205.301532,0.000000,63.175487
3269,6640.441128,0.000000,41.000000,205.802925,0.000000,55.153203
3270,6640.441128,0.000000,41.000000,206.304318,0.000000,47.130919
3271,6640.441128,0.000000,41.000000,206.805710,0.000000,39.108635
3272,6640.441128,0.000000,41.000000,207.307103,0.000000,31.086351
3273,6640.441128,0.000000,41.000000,207.808496,0.000000,23.064067
3278,6640.441128,0.000000,41.000000,210.315460,0.000000,342.952646
3280,6640.441128,0.000000,41.000000,211.318245,0.000000,326.908078
3283,6640.441128,0.000000,41.000000,212.822423,0.000000,302.841226
3285,6640.441128,0.000000,41.000000,213.825209,0.000000,286.796657
3287,6640.441128,0.000000,41.000000,214.827994,0.000000,270.752089
3289,6640.441128,0.000000,41.000000,215.830780,0.000000,254.707521
3290,6640.441128,0.000000,41.000000,216.332173,0.000000,246.685237
3291,6640.441128,0.000000,41.000000,216.833565,0.000000,238.662953
3292,6640.441128,0.000000,41.000000,217.334958,0.000000,230.640669
3295,6640.441128,0.000000,41.000000,218.839136,0.000000,206.573816
3296,6640.441128,0.000000,41.000000,219.340529,0.000000,198.551532
3298,6640.441128,0.000000,41.000000,220.343315,0.000000,182.506964
3302,6640.441128,0.000000,41.000000,222.348886,0.000000,150.417827
3303,6640.441128,0.000000,41.000000,222.850279,0.000000,142.395543
3304,6640.441128,0.000000,41.000000,223.351671,0.000000,134.373259
3305,6640.441128,0.000000,41.000000,223.853064,0.000000,126.350975
3307,6640.441128,0.000000,41.000000,224.855850,0.000000,110.306407
3308,6640.441128,0.000000,41.000000,225.357242,0.000000,102.284123
3312,6640.441128,0.000000,41.000000,227.362813,0.000000,70.194986
3313,6640.441128,0.000000,41.000000,227.864206,0.000000,62.172702
3314,6640.441128,0.000000,41.000000,228.365599,0.000000,54.150418
3315,6640.441128,0.000000,41.000000,228.866992,0.000000,46.128134
3319,6640.441128,0.000000,41.000000,230.872563,0.000000,14.038997
3320,6640.441128,0.000000,41.000000,231.373955,0.000000,6.016713
3321,6640.441128,0.000000,41.000000,231.875348,0.000000,357.994429
3322,6640.441128,0.000000,41.000000,232.376741,0.000000,349.972145
3323,6640.441128,0.000000,41.000000,232.878134,0.000000,341.949861
3324,6640.441128,0.000000,41.000000,233.379526,0.000000,333.927577
3326,6640.441128,0.000000,41.000000,234.382312,0.000000,317.883008
3327,6640.441128,0.000000,41.000000,234.883705,0.000000,309.860724
3331,6640.441128,0.000000,41.000000,236.889276,0.000000,277.771588
3332,6640.441128,0.000000,41.000000,237.390669,0.000000,269.749304
3334,6640.441128,0.000000,41.000000,238.393454,0.000000,253.704735
3335,6640.441128,0.000000,41.000000,238.894847,0.000000,245.682451
3336,6640.441128,0.000000,41.000000,239.396240,0.000000,237.660167
3338,6640.441128,0.000000,41.000000,240.399025,0.000000,221.615599
3341,6640.441128,0.000000,41.000000,241.903203,0.000000,197.548747
3342,6640.441128,0.000000,41.000000,242.404596,0.000000,189.526462
3343,6640.441128,0.000000,41.000000,242.905989,0.000000,181.504178
3344,6640.441128,0.000000,41.000000,243.407382,0.000000,173.481894
3345,6640.441128,0.000000,41.000000,243.908774,0.000000,165.459610
3347,6640.441128,0.000000,41.000000,244.911560,0.000000,149.415042
3348,6640.441128,0.000000,41.000000,245.412953,0.000000,141.392758
3349,6640.441128,0.000000,41.000000,245.914345,0.000000,133.370474
3350,6640.441128,0.000000,41.000000,246.415738,0.000000,125.348189
3353,6640.441128,0.000000,41.000000,247.919916,0.000000,101.281337
3356,6640.441128,0.000000,41.000000,249.424095,0.000000,77.214485
3357,6640.441128,0.000000,41.000000,249.925487,0.000000,69.192201
3358,6640.441128,0.000000,41.000000,250.426880,0.000000,61.169916
3360,6640.441128,0.000000,41.000000,251.429666,0.000000,45.125348
3363,6640.441128,0.000000,41.000000,252.933844,0.000000,21.058496
3364,6640.441128,0.000000,41.000000,253.435237,0.000000,13.036212
3365,6640.441128,0.000000,41.000000,253.936630,0.000000,5.013928
3367,6640.441128,0.000000,41.000000,254.939415,0.000000,348.969359
3368,6640.441128,0.000000,41.000000,255.440808,0.000000,340.947075
3369,6640.441128,0.000000,41.000000,255.942201,0.000000,332.924791
3370,6640.441128,0.000000,41.000000,256.443593,0.000000,324.902507
3371,6640.441128,0.000000,41.000000,256.944986,0.000000,316.880223
3374,6640.441128,0.000000,41.000000,258.449164,0.000000,292.813370
3376,6640.441128,0.000000,41.000000,259.451950,0.000000,276.768802
3377,6640.441128,0.000000,41.000000,259.953343,0.000000,268.746518
3378,6640.441128,0.000000,41.000000,260.454735,0.000000,260.724234
3379,6640.441128,0.000000,41.000000,260.956128,0.000000,252.701950
3380,6640.441128,0.000000,41.000000,261.457521,0.000000,244.679666
3381,6640.441128,0.000000,41.000000,261.958914,0.000000,236.657382
3382,6640.441128,0.000000,41.000000,262.460306,0.000000,228.635097
3385,6640.441128,0.000000,41.000000,263.964485,0.000000,204.568245
3389,6640.441128,0.000000,41.000000,265.970056,0.000000,172.479109
3392,6640.441128,0.000000,41.000000,267.474234,0.000000,148.412256
3395,6640.441128,0.000000,41.000000,268.978412,0.000000,124.345404
3397,6640.441128,0.000000,41.000000,269.981198,0.000000,108.300836
3400,6640.441128,0.000000,41.000000,271.485376,0.000000,84.233983
3401,6640.441128,0.000000,41.000000,271.986769,0.000000,76.211699
3403,6640.441128,0.000000,41.000000,272.989554,0.000000,60.167131
3405,6640.441128,0.000000,41.000000,273.992340,0.000000,44.122563
3407,6640.441128,0.000000,41.000000,274.995125,0.000000,28.077994
3408,6640.441128,0.000000,41.000000,275.496518,0.000000,20.055710
3409,6640.441128,0.000000,41.000000,275.997911,0.000000,12.033426
3410,6640.441128,0.000000,41.000000,276.499304,0.000000,4.011142
3411,6640.441128,0.000000,41.000000,277.000696,0.000000,355.988858
3414,6640.441128,0.000000,41.000000,278.504875,0.000000,331.922006
3415,6640.441128,0.000000,41.000000,279.006267,0.000000,323.899721
3416,6640.441128,0.000000,41.000000,279.507660,0.000000,315.877437
3417,6640.441128,0.000000,41.000000,280.009053,0.000000,307.855153
3419,6640.441128,0.000000,41.000000,281.011838,0.000000,291.810585
3421,6640.441128,0.000000,41.000000,282.014624,0.000000,275.766017
3422,6640.441128,0.000000,41.000000,282.516017,0.000000,267.743733
3424,6640.441128,0.000000,41.000000,283.518802,0.000000,251.699164
3427,6640.441128,0.000000,41.000000,285.022981,0.000000,227.632312
3428,6640.441128,0.000000,41.000000,285.524373,0.000000,219.610028
3430,6640.441128,0.000000,41.000000,286.527159,0.000000,203.565460
3431,6640.441128,0.000000,41.000000,287.028552,0.000000,195.543175
3433,6640.441128,0.000000,41.000000,288.031337,0.000000,179.498607
3435,6640.441128,0.000000,41.000000,289.034123,0.000000,163.454039
3436,6640.441128,0.000000,41.000000,289.535515,0.000000,155.431755
3439,6640.441128,0.000000,41.000000,291.039694,0.000000,131.364903
3442,6640.441128,0.000000,41.000000,292.543872,0.000000,107.298050
3444,6640.441128,0.000000,41.000000,293.546657,0.000000,91.253482
3445,6640.441128,0.000000,41.000000,294.048050,0.000000,83.231198
3448,6640.441128,0.000000,41.000000,295.552228,0.000000,59.164345
3449,6640.441128,0.000000,41.000000,296.053621,0.000000,51.142061
3453,6640.441128,0.000000,41.000000,298.059192,0.000000,19.052925
3454,6640.441128,0.000000,41.000000,298.560585,0.000000,11.030641
3455,6640.441128,0.000000,41.000000,299.061978,0.000000,3.008357
3457,6640.441128,0.000000,41.000000,300.064763,0.000000,346.963788
3459,6640.441128,0.000000,41.000000,301.067549,0.000000,330.919220
3460,6640.441128,0.000000,41.000000,301.568942,0.000000,322.896936
3462,6640.441128,0.000000,41.000000,302.571727,0.000000,306.852368
3463,6640.441128,0.000000,41.000000,303.073120,0.000000,298.830084
3464,6640.441128,0.000000,41.000000,303.574513,0.000000,290.807799
3466,6640.441128,0.000000,41.000000,304.577298,0.000000,274.763231
3470,6640.441128,0.000000,41.000000,306.582869,0.000000,242.674095
3471,6640.441128,0.000000,41.000000,307.084262,0.000000,234.651811
3473,6640.441128,0.000000,41.000000,308.087047,0.000000,218.607242
3477,6640.441128,0.000000,41.000000,310.092618,0.000000,186.518106
3480,6640.441128,0.000000,41.000000,311.596797,0.000000,162.451253
3482,6640.441128,0.000000,41.000000,312.599582,0.000000,146.406685
3483,6640.441128,0.000000,41.000000,313.100975,0.000000,138.384401
3484,6640.441128,0.000000,41.000000,313.602368,0.000000,130.362117
3489,6640.441128,0.000000,41.000000,316.109331,0.000000,90.250696
3490,6640.441128,0.000000,41.000000,316.610724,0.000000,82.228412
3493,6640.441128,0.000000,41.000000,318.114903,0.000000,58.161560
3495,6640.441128,0.000000,41.000000,319.117688,0.000000,42.116992
3497,6640.441128,0.000000,41.000000,320.120474,0.000000,26.072423
3499,6640.441128,0.000000,41.000000,321.123259,0.000000,10.027855
3500,6640.441128,0.000000,41.000000,321.624652,0.000000,2.005571
3501,6640.441128,0.000000,41.000000,322.126045,0.000000,353.983287
3503,6640.441128,0.000000,41.000000,323.128830,0.000000,337.938719
3504,6640.441128,0.000000,41.000000,323.630223,0.000000,329.916435
3512,6640.441128,0.000000,41.000000,327.641365,0.000000,265.738162
3515,6640.441128,0.000000,41.000000,329.145543,0.000000,241.671309
3517,6640.441128,0.000000,41.000000,330.148329,0.000000,225.626741
3519,6640.441128,0.000000,41.000000,331.151114,0.000000,209.582173
3523,6640.441128,0.000000,41.000000,333.156685,0.000000,177.493036
3525,6640.441128,0.000000,41.000000,334.159471,0.000000,161.448468
3526,6640.441128,0.000000,41.000000,334.660864,0.000000,153.426184
3527,6640.441128,0.000000,41.000000,335.162256,0.000000,145.403900
3529,6640.441128,0.000000,41.000000,336.165042,0.000000,129.359331
3532,6640.441128,0.000000,41.000000,337.669220,0.000000,105.292479
3533,6640.441128,0.000000,41.000000,338.170613,0.000000,97.270195
3535,6640.441128,0.000000,41.000000,339.173398,0.000000,81.225627
3536,6640.441128,0.000000,41.000000,339.674791,0.000000,73.203343
3539,6640.441128,0.000000,41.000000,341.178969,0.000000,49.136490
3544,6640.441128,0.000000,41.000000,343.685933,0.000000,9.025070
3546,6640.441128,0.000000,41.000000,344.688719,0.000000,352.980501
3547,6640.441128,0.000000,41.000000,345.190111,0.000000,344.958217
3549,6640.441128,0.000000,41.000000,346.192897,0.000000,328.913649
3551,6640.441128,0.000000,41.000000,347.195682,0.000000,312.869081
3552,6640.441128,0.000000,41.000000,347.697075,0.000000,304.846797
3553,6640.441128,0.000000,41.000000,348.198468,0.000000,296.824513
3555,6640.441128,0.000000,41.000000,349.201253,0.000000,280.779944
3556,6640.441128,0.000000,41.000000,349.702646,0.000000,272.757660
3557,6640.441128,0.000000,41.000000,350.204039,0.000000,264.735376
3558,6640.441128,0.000000,41.000000,350.705432,0.000000,256.713092
3559,6640.441128,0.000000,41.000000,351.206825,0.000000,248.690808
3561,6640.441128,0.000000,41.000000,352.209610,0.000000,232.646240
3563,6640.441128,0.000000,41.000000,353.212396,0.000000,216.601671
3564,6640.441128,0.000000,41.000000,353.713788,0.000000,208.579387
3567,6640.441128,0.000000,41.000000,355.217967,0.000000,184.512535
3569,6640.441128,0.000000,41.000000,356.220752,0.000000,168.467967
3571,6640.441128,0.000000,41.000000,357.223538,0.000000,152.423398
3573,6640.441128,0.000000,41.000000,358.226323,0.000000,136.378830
3576,6640.441128,0.000000,41.000000,359.730501,0.000000,112.311978
3579,6640.441128,0.000000,41.000000,1.234680,0.000000,88.245125
3580,6640.441128,0.000000,41.000000,1.736072,0.000000,80.222841
3583,6640.441128,0.000000,41.000000,3.240251,0.000000,56.155989
3584,6640.441128,0.000000,41.000000,3.741643,0.000000,48.133705
3585,6640.441128,0.000000,41.000000,4.243036,0.000000,40.111421
3586,6640.441128,0.000000,41.000000,4.744429,0.000000,32.089136
3587,6640.441128,0.000000,41.000000,5.245822,0.000000,24.066852
3588,6640.441128,0.000000,41.000000,5.747214,0.000000,16.044568
3653,6640.441128,0.000000,39.000000,49.587744,0.000000,214.596100
3713,6640.441128,0.000000,39.000000,79.671309,0.000000,93.259053
3815,6640.441128,0.000000,39.000000,130.813370,0.000000,354.986072
3890,6640.441128,0.000000,39.000000,168.417827,0.000000,113.314763
4031,6640.441128,0.000000,39.000000,239.114206,0.000000,62.172702
4135,6640.441128,0.000000,39.000000,291.259053,0.000000,307.855153
4267,6640.441128,0.000000,39.000000,357.442897,0.000000,328.913649
4297,6640.441128,0.000000,39.000000,12.484680,0.000000,88.245125
